/*---------------------------------------------------------------------------*\
  =========                 |
  \\      /  F ield         | OpenFOAM: The Open Source CFD Toolbox
   \\    /   O peration     | Website:  https://openfoam.org
    \\  /    A nd           | Version:  13
     \\/     M anipulation  |
\*---------------------------------------------------------------------------*/
Build  : 13-18870c24d21c
Exec   : foamRun -solver incompressibleFluid
Date   : Aug 08 2026
Time   : 22:11:48
Host   : "<compute-host>"
PID    : 340
I/O    : uncollated
Case   : <run-root>/design_A_low_blockage
nProcs : 1
sigFpe : Enabling floating point exception trapping (FOAM_SIGFPE).
fileModificationChecking : Monitoring run-time modified files using timeStampMaster (fileModificationSkew 10)
allowSystemOperations : Allowing user-supplied system call operations

// * * * * * * * * * * * * * * * * * * * * * * * * * * * * * * * * * * * * * //
Create time

Create mesh for time = 0

Selecting solver incompressibleFluid
Selecting viscosity model constant
Selecting turbulence model type RAS
    Selecting RAS turbulence model kOmegaSST
No MRF models present

Selecting patchDistMethod meshWave

SIMPLE: Convergence criteria found
        p: tolerance 0.0001
        U: tolerance 1e-05
        k: tolerance 1e-05
        omega: tolerance 1e-05


SIMPLE: Operating solver in steady-state mode with 1 outer corrector
SIMPLE: Operating solver in SIMPLE mode



Starting time loop

Time = 1s

smoothSolver:  Solving for Ux, Initial residual = 1, Final residual = 0.024701779, No Iterations 2
smoothSolver:  Solving for Uy, Initial residual = 1, Final residual = 0.034565884, No Iterations 3
smoothSolver:  Solving for Uz, Initial residual = 1, Final residual = 0.032675738, No Iterations 3
GAMG:  Solving for p, Initial residual = 1, Final residual = 0.0081606419, No Iterations 6
GAMG:  Solving for p, Initial residual = 0.051579582, Final residual = 0.00030802072, No Iterations 3
time step continuity errors : sum local = 0.0070626092, global = 0.00059175881, cumulative = 0.00059175881
smoothSolver:  Solving for omega, Initial residual = 0.017613057, Final residual = 7.9674806e-05, No Iterations 2
smoothSolver:  Solving for k, Initial residual = 1, Final residual = 0.011937295, No Iterations 2
ExecutionTime = 2.427805 s  ClockTime = 2 s

Time = 2s

smoothSolver:  Solving for Ux, Initial residual = 0.2598182, Final residual = 0.004708425, No Iterations 3
smoothSolver:  Solving for Uy, Initial residual = 0.33851565, Final residual = 0.0062958718, No Iterations 3
smoothSolver:  Solving for Uz, Initial residual = 0.3409154, Final residual = 0.0063218445, No Iterations 3
GAMG:  Solving for p, Initial residual = 0.16226594, Final residual = 0.0012047928, No Iterations 6
GAMG:  Solving for p, Initial residual = 0.064122145, Final residual = 0.00052504187, No Iterations 3
time step continuity errors : sum local = 0.010057947, global = -0.0040804977, cumulative = -0.0034887389
smoothSolver:  Solving for omega, Initial residual = 0.0065394467, Final residual = 3.9219101e-05, No Iterations 2
smoothSolver:  Solving for k, Initial residual = 0.18757472, Final residual = 0.0016774579, No Iterations 2
ExecutionTime = 3.787448 s  ClockTime = 4 s

Time = 3s

smoothSolver:  Solving for Ux, Initial residual = 0.064082506, Final residual = 0.0011332556, No Iterations 3
smoothSolver:  Solving for Uy, Initial residual = 0.16124481, Final residual = 0.0075728734, No Iterations 2
smoothSolver:  Solving for Uz, Initial residual = 0.16424739, Final residual = 0.0076492681, No Iterations 2
GAMG:  Solving for p, Initial residual = 0.17170794, Final residual = 0.001066875, No Iterations 4
GAMG:  Solving for p, Initial residual = 0.023187603, Final residual = 0.00019239054, No Iterations 3
time step continuity errors : sum local = 0.0027617815, global = -0.00019760053, cumulative = -0.0036863395
smoothSolver:  Solving for omega, Initial residual = 0.0057632713, Final residual = 3.9168431e-05, No Iterations 2
smoothSolver:  Solving for k, Initial residual = 0.18061832, Final residual = 0.0017082728, No Iterations 2
ExecutionTime = 5.076832 s  ClockTime = 5 s

Time = 4s

smoothSolver:  Solving for Ux, Initial residual = 0.041841375, Final residual = 0.00060807602, No Iterations 3
smoothSolver:  Solving for Uy, Initial residual = 0.12891755, Final residual = 0.0019986877, No Iterations 3
smoothSolver:  Solving for Uz, Initial residual = 0.13191373, Final residual = 0.002016034, No Iterations 3
GAMG:  Solving for p, Initial residual = 0.13769729, Final residual = 0.00069412286, No Iterations 4
GAMG:  Solving for p, Initial residual = 0.0150907, Final residual = 0.00011271224, No Iterations 3
time step continuity errors : sum local = 0.0012973505, global = -5.9067251e-05, cumulative = -0.0037454067
smoothSolver:  Solving for omega, Initial residual = 0.0050408422, Final residual = 3.6630265e-05, No Iterations 2
smoothSolver:  Solving for k, Initial residual = 0.14956754, Final residual = 0.0014007428, No Iterations 2
ExecutionTime = 6.340559 s  ClockTime = 6 s

Time = 5s

smoothSolver:  Solving for Ux, Initial residual = 0.036986752, Final residual = 0.00051393395, No Iterations 3
smoothSolver:  Solving for Uy, Initial residual = 0.11409868, Final residual = 0.0018584055, No Iterations 3
smoothSolver:  Solving for Uz, Initial residual = 0.1162206, Final residual = 0.0018709961, No Iterations 3
GAMG:  Solving for p, Initial residual = 0.10539897, Final residual = 0.00052336628, No Iterations 4
GAMG:  Solving for p, Initial residual = 0.010018433, Final residual = 6.3703513e-05, No Iterations 3
time step continuity errors : sum local = 0.00072745955, global = 0.00019882296, cumulative = -0.0035465837
smoothSolver:  Solving for omega, Initial residual = 0.0045292268, Final residual = 3.1512109e-05, No Iterations 2
smoothSolver:  Solving for k, Initial residual = 0.12313768, Final residual = 0.0010955547, No Iterations 2
ExecutionTime = 7.603002 s  ClockTime = 8 s

Time = 6s

smoothSolver:  Solving for Ux, Initial residual = 0.03436486, Final residual = 0.00045813692, No Iterations 3
smoothSolver:  Solving for Uy, Initial residual = 0.10226778, Final residual = 0.0016894723, No Iterations 3
smoothSolver:  Solving for Uz, Initial residual = 0.10343769, Final residual = 0.001698764, No Iterations 3
GAMG:  Solving for p, Initial residual = 0.091230113, Final residual = 0.00038245316, No Iterations 4
GAMG:  Solving for p, Initial residual = 0.0078337713, Final residual = 5.1200615e-05, No Iterations 3
time step continuity errors : sum local = 0.00060081718, global = 0.00023785383, cumulative = -0.0033087299
smoothSolver:  Solving for omega, Initial residual = 0.0041992631, Final residual = 2.9078359e-05, No Iterations 2
smoothSolver:  Solving for k, Initial residual = 0.1029974, Final residual = 0.00090015507, No Iterations 2
ExecutionTime = 8.818822 s  ClockTime = 9 s

Time = 7s

smoothSolver:  Solving for Ux, Initial residual = 0.032272635, Final residual = 0.00040688684, No Iterations 3
smoothSolver:  Solving for Uy, Initial residual = 0.094924281, Final residual = 0.0015168924, No Iterations 3
smoothSolver:  Solving for Uz, Initial residual = 0.095574257, Final residual = 0.0015226855, No Iterations 3
GAMG:  Solving for p, Initial residual = 0.094358813, Final residual = 0.00030668396, No Iterations 4
GAMG:  Solving for p, Initial residual = 0.0067213212, Final residual = 4.5527317e-05, No Iterations 3
time step continuity errors : sum local = 0.00057110219, global = 0.00021961756, cumulative = -0.0030891123
smoothSolver:  Solving for omega, Initial residual = 0.0039621744, Final residual = 2.6628176e-05, No Iterations 2
smoothSolver:  Solving for k, Initial residual = 0.088676291, Final residual = 0.00075235559, No Iterations 2
ExecutionTime = 10.00507 s  ClockTime = 10 s

Time = 8s

smoothSolver:  Solving for Ux, Initial residual = 0.030431735, Final residual = 0.0014817414, No Iterations 2
smoothSolver:  Solving for Uy, Initial residual = 0.089833557, Final residual = 0.0013794533, No Iterations 3
smoothSolver:  Solving for Uz, Initial residual = 0.089950863, Final residual = 0.0013817889, No Iterations 3
GAMG:  Solving for p, Initial residual = 0.090450719, Final residual = 0.00029687092, No Iterations 4
GAMG:  Solving for p, Initial residual = 0.0057678677, Final residual = 3.7407092e-05, No Iterations 3
time step continuity errors : sum local = 0.0004823071, global = 6.6035803e-05, cumulative = -0.0030230765
smoothSolver:  Solving for omega, Initial residual = 0.0037922367, Final residual = 2.6534057e-05, No Iterations 2
smoothSolver:  Solving for k, Initial residual = 0.078806191, Final residual = 0.0006356884, No Iterations 2
ExecutionTime = 11.258305 s  ClockTime = 11 s

Time = 9s

smoothSolver:  Solving for Ux, Initial residual = 0.029412413, Final residual = 0.0013788232, No Iterations 2
smoothSolver:  Solving for Uy, Initial residual = 0.085123806, Final residual = 0.0012268673, No Iterations 3
smoothSolver:  Solving for Uz, Initial residual = 0.085313228, Final residual = 0.0012338097, No Iterations 3
GAMG:  Solving for p, Initial residual = 0.08470672, Final residual = 0.00026904278, No Iterations 4
GAMG:  Solving for p, Initial residual = 0.0047711275, Final residual = 4.0060505e-05, No Iterations 3
time step continuity errors : sum local = 0.00053333662, global = -0.00012516245, cumulative = -0.003148239
smoothSolver:  Solving for omega, Initial residual = 0.0035945254, Final residual = 2.6055247e-05, No Iterations 2
smoothSolver:  Solving for k, Initial residual = 0.071843365, Final residual = 0.0005559539, No Iterations 2
ExecutionTime = 12.41536 s  ClockTime = 12 s

Time = 10s

smoothSolver:  Solving for Ux, Initial residual = 0.028818106, Final residual = 0.0012986153, No Iterations 2
smoothSolver:  Solving for Uy, Initial residual = 0.082023451, Final residual = 0.0011043238, No Iterations 3
smoothSolver:  Solving for Uz, Initial residual = 0.082044269, Final residual = 0.001110809, No Iterations 3
GAMG:  Solving for p, Initial residual = 0.077621892, Final residual = 0.00075446452, No Iterations 3
GAMG:  Solving for p, Initial residual = 0.0044701278, Final residual = 4.0420563e-05, No Iterations 3
time step continuity errors : sum local = 0.00054889064, global = 0.00012998898, cumulative = -0.00301825
smoothSolver:  Solving for omega, Initial residual = 0.0033929388, Final residual = 2.4672445e-05, No Iterations 2
smoothSolver:  Solving for k, Initial residual = 0.066994217, Final residual = 0.00048292567, No Iterations 2
ExecutionTime = 13.665417 s  ClockTime = 14 s

Time = 11s

smoothSolver:  Solving for Ux, Initial residual = 0.028334775, Final residual = 0.0012302048, No Iterations 2
smoothSolver:  Solving for Uy, Initial residual = 0.07901958, Final residual = 0.0009985671, No Iterations 3
smoothSolver:  Solving for Uz, Initial residual = 0.078888062, Final residual = 0.0010032045, No Iterations 3
GAMG:  Solving for p, Initial residual = 0.071984268, Final residual = 0.00063903193, No Iterations 3
GAMG:  Solving for p, Initial residual = 0.0038364453, Final residual = 3.6112304e-05, No Iterations 3
time step continuity errors : sum local = 0.00051469308, global = 0.00017935695, cumulative = -0.0028388931
smoothSolver:  Solving for omega, Initial residual = 0.0031584609, Final residual = 2.2318723e-05, No Iterations 2
smoothSolver:  Solving for k, Initial residual = 0.063447652, Final residual = 0.00042721123, No Iterations 2
ExecutionTime = 14.933803 s  ClockTime = 15 s

Time = 12s

smoothSolver:  Solving for Ux, Initial residual = 0.027765333, Final residual = 0.001163235, No Iterations 2
smoothSolver:  Solving for Uy, Initial residual = 0.075921967, Final residual = 0.0036578322, No Iterations 2
smoothSolver:  Solving for Uz, Initial residual = 0.075742511, Final residual = 0.0036591535, No Iterations 2
GAMG:  Solving for p, Initial residual = 0.067166893, Final residual = 0.00053924137, No Iterations 3
GAMG:  Solving for p, Initial residual = 0.0032237141, Final residual = 2.9213338e-05, No Iterations 3
time step continuity errors : sum local = 0.00043727518, global = 0.00013024975, cumulative = -0.0027086433
smoothSolver:  Solving for omega, Initial residual = 0.0029592948, Final residual = 2.0339329e-05, No Iterations 2
smoothSolver:  Solving for k, Initial residual = 0.060444058, Final residual = 0.00037554231, No Iterations 2
ExecutionTime = 16.18086 s  ClockTime = 16 s

Time = 13s

smoothSolver:  Solving for Ux, Initial residual = 0.027014601, Final residual = 0.0011030393, No Iterations 2
smoothSolver:  Solving for Uy, Initial residual = 0.073731579, Final residual = 0.0034568343, No Iterations 2
smoothSolver:  Solving for Uz, Initial residual = 0.073521332, Final residual = 0.0034569827, No Iterations 2
GAMG:  Solving for p, Initial residual = 0.062086265, Final residual = 0.00047625925, No Iterations 3
GAMG:  Solving for p, Initial residual = 0.0026752378, Final residual = 2.4033531e-05, No Iterations 3
time step continuity errors : sum local = 0.00037513977, global = 0.00010093972, cumulative = -0.0026077036
smoothSolver:  Solving for omega, Initial residual = 0.0027820572, Final residual = 1.822068e-05, No Iterations 2
smoothSolver:  Solving for k, Initial residual = 0.057498247, Final residual = 0.00033708586, No Iterations 2
ExecutionTime = 17.676096 s  ClockTime = 18 s

Time = 14s

smoothSolver:  Solving for Ux, Initial residual = 0.026259445, Final residual = 0.0010586448, No Iterations 2
smoothSolver:  Solving for Uy, Initial residual = 0.071338422, Final residual = 0.003262182, No Iterations 2
smoothSolver:  Solving for Uz, Initial residual = 0.071171929, Final residual = 0.0032640899, No Iterations 2
GAMG:  Solving for p, Initial residual = 0.057786538, Final residual = 0.00044122196, No Iterations 3
GAMG:  Solving for p, Initial residual = 0.0022564466, Final residual = 1.9912615e-05, No Iterations 3
time step continuity errors : sum local = 0.00032353644, global = 6.9192173e-05, cumulative = -0.0025385114
smoothSolver:  Solving for omega, Initial residual = 0.002621885, Final residual = 1.7117997e-05, No Iterations 2
smoothSolver:  Solving for k, Initial residual = 0.05451303, Final residual = 0.00030842867, No Iterations 2
ExecutionTime = 19.391565 s  ClockTime = 19 s

Time = 15s

smoothSolver:  Solving for Ux, Initial residual = 0.025334389, Final residual = 0.0010144648, No Iterations 2
smoothSolver:  Solving for Uy, Initial residual = 0.069082947, Final residual = 0.0031096517, No Iterations 2
smoothSolver:  Solving for Uz, Initial residual = 0.069076041, Final residual = 0.0031164077, No Iterations 2
GAMG:  Solving for p, Initial residual = 0.054119337, Final residual = 0.00042944086, No Iterations 3
GAMG:  Solving for p, Initial residual = 0.0019442156, Final residual = 1.6844274e-05, No Iterations 3
time step continuity errors : sum local = 0.0002843027, global = 4.8461082e-05, cumulative = -0.0024900503
smoothSolver:  Solving for omega, Initial residual = 0.002466744, Final residual = 1.5902924e-05, No Iterations 2
smoothSolver:  Solving for k, Initial residual = 0.05160462, Final residual = 0.00028767617, No Iterations 2
ExecutionTime = 20.852698 s  ClockTime = 21 s

Time = 16s

smoothSolver:  Solving for Ux, Initial residual = 0.024334958, Final residual = 0.00097086716, No Iterations 2
smoothSolver:  Solving for Uy, Initial residual = 0.066909837, Final residual = 0.0029868764, No Iterations 2
smoothSolver:  Solving for Uz, Initial residual = 0.066947638, Final residual = 0.0029924509, No Iterations 2
GAMG:  Solving for p, Initial residual = 0.050960588, Final residual = 0.00042769286, No Iterations 3
GAMG:  Solving for p, Initial residual = 0.0017600747, Final residual = 1.752354e-05, No Iterations 3
time step continuity errors : sum local = 0.00030569267, global = 3.9777415e-05, cumulative = -0.0024502729
smoothSolver:  Solving for omega, Initial residual = 0.0023510668, Final residual = 1.4262349e-05, No Iterations 2
smoothSolver:  Solving for k, Initial residual = 0.049030128, Final residual = 0.00026828673, No Iterations 2
ExecutionTime = 22.239976 s  ClockTime = 22 s

Time = 17s

smoothSolver:  Solving for Ux, Initial residual = 0.023297953, Final residual = 0.00092649643, No Iterations 2
smoothSolver:  Solving for Uy, Initial residual = 0.064789533, Final residual = 0.0028839142, No Iterations 2
smoothSolver:  Solving for Uz, Initial residual = 0.064891218, Final residual = 0.0028807379, No Iterations 2
GAMG:  Solving for p, Initial residual = 0.04808353, Final residual = 0.00041845104, No Iterations 3
GAMG:  Solving for p, Initial residual = 0.0016120878, Final residual = 8.1947718e-06, No Iterations 4
time step continuity errors : sum local = 0.00014707316, global = -1.3398202e-06, cumulative = -0.0024516127
smoothSolver:  Solving for omega, Initial residual = 0.0022242073, Final residual = 1.3056203e-05, No Iterations 2
smoothSolver:  Solving for k, Initial residual = 0.046803711, Final residual = 0.0002490469, No Iterations 2
ExecutionTime = 23.64474 s  ClockTime = 24 s

Time = 18s

smoothSolver:  Solving for Ux, Initial residual = 0.022297444, Final residual = 0.00088303009, No Iterations 2
smoothSolver:  Solving for Uy, Initial residual = 0.062824073, Final residual = 0.0027974596, No Iterations 2
smoothSolver:  Solving for Uz, Initial residual = 0.062952729, Final residual = 0.0027882173, No Iterations 2
GAMG:  Solving for p, Initial residual = 0.045375213, Final residual = 0.00039530028, No Iterations 3
GAMG:  Solving for p, Initial residual = 0.0014422552, Final residual = 6.9368812e-06, No Iterations 4
time step continuity errors : sum local = 0.00012774617, global = -4.3789983e-06, cumulative = -0.0024559917
smoothSolver:  Solving for omega, Initial residual = 0.002123535, Final residual = 1.2566776e-05, No Iterations 2
smoothSolver:  Solving for k, Initial residual = 0.044871847, Final residual = 0.00022816478, No Iterations 2
ExecutionTime = 25.342605 s  ClockTime = 25 s

Time = 19s

smoothSolver:  Solving for Ux, Initial residual = 0.02132758, Final residual = 0.00084424347, No Iterations 2
smoothSolver:  Solving for Uy, Initial residual = 0.061012323, Final residual = 0.0027207638, No Iterations 2
smoothSolver:  Solving for Uz, Initial residual = 0.061200875, Final residual = 0.0027053825, No Iterations 2
GAMG:  Solving for p, Initial residual = 0.043035431, Final residual = 0.00036820401, No Iterations 3
GAMG:  Solving for p, Initial residual = 0.0012399739, Final residual = 7.174043e-06, No Iterations 4
time step continuity errors : sum local = 0.00013522066, global = 2.9127026e-05, cumulative = -0.0024268647
smoothSolver:  Solving for omega, Initial residual = 0.0020238934, Final residual = 1.190898e-05, No Iterations 2
smoothSolver:  Solving for k, Initial residual = 0.043057611, Final residual = 0.00021013966, No Iterations 2
ExecutionTime = 26.847222 s  ClockTime = 27 s

Time = 20s

smoothSolver:  Solving for Ux, Initial residual = 0.020408931, Final residual = 0.00081139133, No Iterations 2
smoothSolver:  Solving for Uy, Initial residual = 0.059219744, Final residual = 0.0026448888, No Iterations 2
smoothSolver:  Solving for Uz, Initial residual = 0.059575832, Final residual = 0.0026247216, No Iterations 2
GAMG:  Solving for p, Initial residual = 0.040706221, Final residual = 0.0003439396, No Iterations 3
GAMG:  Solving for p, Initial residual = 0.0010764383, Final residual = 8.4455806e-06, No Iterations 4
time step continuity errors : sum local = 0.00016272986, global = 8.6278813e-05, cumulative = -0.0023405859
smoothSolver:  Solving for omega, Initial residual = 0.0019500506, Final residual = 1.1849628e-05, No Iterations 2
smoothSolver:  Solving for k, Initial residual = 0.04154245, Final residual = 0.00019488456, No Iterations 2
ExecutionTime = 28.157702 s  ClockTime = 28 s

Time = 21s

smoothSolver:  Solving for Ux, Initial residual = 0.019614238, Final residual = 0.00078376003, No Iterations 2
smoothSolver:  Solving for Uy, Initial residual = 0.057366822, Final residual = 0.0025665024, No Iterations 2
smoothSolver:  Solving for Uz, Initial residual = 0.057836593, Final residual = 0.0025420863, No Iterations 2
GAMG:  Solving for p, Initial residual = 0.038422711, Final residual = 0.00032616045, No Iterations 3
GAMG:  Solving for p, Initial residual = 0.00099123669, Final residual = 7.2384672e-06, No Iterations 4
time step continuity errors : sum local = 0.0001424761, global = 8.2834215e-05, cumulative = -0.0022577517
smoothSolver:  Solving for omega, Initial residual = 0.0018560503, Final residual = 1.1152664e-05, No Iterations 2
smoothSolver:  Solving for k, Initial residual = 0.040190594, Final residual = 0.00018262105, No Iterations 2
ExecutionTime = 29.402866 s  ClockTime = 29 s

Time = 22s

smoothSolver:  Solving for Ux, Initial residual = 0.018927147, Final residual = 0.00076084976, No Iterations 2
smoothSolver:  Solving for Uy, Initial residual = 0.055464856, Final residual = 0.0024877044, No Iterations 2
smoothSolver:  Solving for Uz, Initial residual = 0.055989883, Final residual = 0.0024611371, No Iterations 2
GAMG:  Solving for p, Initial residual = 0.036480882, Final residual = 0.00031429851, No Iterations 3
GAMG:  Solving for p, Initial residual = 0.00093340541, Final residual = 7.5922406e-06, No Iterations 4
time step continuity errors : sum local = 0.00015267149, global = 7.5747517e-05, cumulative = -0.0021820042
smoothSolver:  Solving for omega, Initial residual = 0.0017847172, Final residual = 1.0809673e-05, No Iterations 2
smoothSolver:  Solving for k, Initial residual = 0.038902071, Final residual = 0.00017109464, No Iterations 2
ExecutionTime = 31.015947 s  ClockTime = 31 s

Time = 23s

smoothSolver:  Solving for Ux, Initial residual = 0.018306402, Final residual = 0.00074143429, No Iterations 2
smoothSolver:  Solving for Uy, Initial residual = 0.053652937, Final residual = 0.0024133834, No Iterations 2
smoothSolver:  Solving for Uz, Initial residual = 0.054230254, Final residual = 0.0023837499, No Iterations 2
GAMG:  Solving for p, Initial residual = 0.034797588, Final residual = 0.00030626591, No Iterations 3
GAMG:  Solving for p, Initial residual = 0.00086992823, Final residual = 7.8403557e-06, No Iterations 4
time step continuity errors : sum local = 0.00016106415, global = 7.0773447e-05, cumulative = -0.0021112307
smoothSolver:  Solving for omega, Initial residual = 0.0017152991, Final residual = 1.0257343e-05, No Iterations 2
smoothSolver:  Solving for k, Initial residual = 0.037799666, Final residual = 0.00016249424, No Iterations 2
ExecutionTime = 32.942603 s  ClockTime = 33 s

Time = 24s

smoothSolver:  Solving for Ux, Initial residual = 0.017724508, Final residual = 0.00072425919, No Iterations 2
smoothSolver:  Solving for Uy, Initial residual = 0.051933796, Final residual = 0.0023421661, No Iterations 2
smoothSolver:  Solving for Uz, Initial residual = 0.052534185, Final residual = 0.0023103343, No Iterations 2
GAMG:  Solving for p, Initial residual = 0.033243102, Final residual = 0.00030009969, No Iterations 3
GAMG:  Solving for p, Initial residual = 0.00080177357, Final residual = 4.8732879e-06, No Iterations 5
time step continuity errors : sum local = 0.00010221424, global = -5.3947977e-05, cumulative = -0.0021651787
smoothSolver:  Solving for omega, Initial residual = 0.0016624029, Final residual = 9.8715091e-06, No Iterations 2
smoothSolver:  Solving for k, Initial residual = 0.036793733, Final residual = 0.00015489116, No Iterations 2
ExecutionTime = 34.409571 s  ClockTime = 34 s

Time = 25s

smoothSolver:  Solving for Ux, Initial residual = 0.017182422, Final residual = 0.0007081984, No Iterations 2
smoothSolver:  Solving for Uy, Initial residual = 0.050310244, Final residual = 0.002273906, No Iterations 2
smoothSolver:  Solving for Uz, Initial residual = 0.050905293, Final residual = 0.0022400634, No Iterations 2
GAMG:  Solving for p, Initial residual = 0.031728637, Final residual = 0.00029589506, No Iterations 3
GAMG:  Solving for p, Initial residual = 0.00074527615, Final residual = 4.6540211e-06, No Iterations 5
time step continuity errors : sum local = 9.9556247e-05, global = -5.2778107e-05, cumulative = -0.0022179568
smoothSolver:  Solving for omega, Initial residual = 0.0016047034, Final residual = 9.3862587e-06, No Iterations 2
smoothSolver:  Solving for k, Initial residual = 0.035836185, Final residual = 0.00014904577, No Iterations 2
ExecutionTime = 35.869535 s  ClockTime = 36 s

Time = 26s

smoothSolver:  Solving for Ux, Initial residual = 0.016698058, Final residual = 0.0006933359, No Iterations 2
smoothSolver:  Solving for Uy, Initial residual = 0.048740104, Final residual = 0.0022078184, No Iterations 2
smoothSolver:  Solving for Uz, Initial residual = 0.049312297, Final residual = 0.002172062, No Iterations 2
GAMG:  Solving for p, Initial residual = 0.030371554, Final residual = 0.00029680288, No Iterations 3
GAMG:  Solving for p, Initial residual = 0.00071712163, Final residual = 4.2447871e-06, No Iterations 5
time step continuity errors : sum local = 9.2533569e-05, global = -4.8591798e-05, cumulative = -0.0022665486
smoothSolver:  Solving for omega, Initial residual = 0.0015668213, Final residual = 9.3218234e-06, No Iterations 2
smoothSolver:  Solving for k, Initial residual = 0.03504308, Final residual = 0.00014314768, No Iterations 2
ExecutionTime = 37.34813 s  ClockTime = 37 s

Time = 27s

smoothSolver:  Solving for Ux, Initial residual = 0.016262013, Final residual = 0.00067944686, No Iterations 2
smoothSolver:  Solving for Uy, Initial residual = 0.047267185, Final residual = 0.0021465283, No Iterations 2
smoothSolver:  Solving for Uz, Initial residual = 0.047798904, Final residual = 0.0021104858, No Iterations 2
GAMG:  Solving for p, Initial residual = 0.029111587, Final residual = 0.00011267175, No Iterations 4
GAMG:  Solving for p, Initial residual = 0.00051580932, Final residual = 4.870287e-06, No Iterations 3
time step continuity errors : sum local = 0.0001088263, global = 2.1661654e-05, cumulative = -0.0022448869
smoothSolver:  Solving for omega, Initial residual = 0.0015244515, Final residual = 8.671928e-06, No Iterations 2
smoothSolver:  Solving for k, Initial residual = 0.034210808, Final residual = 0.00013851349, No Iterations 2
ExecutionTime = 38.761871 s  ClockTime = 39 s

Time = 28s

smoothSolver:  Solving for Ux, Initial residual = 0.015863247, Final residual = 0.00066641824, No Iterations 2
smoothSolver:  Solving for Uy, Initial residual = 0.045925789, Final residual = 0.0020914301, No Iterations 2
smoothSolver:  Solving for Uz, Initial residual = 0.046447203, Final residual = 0.0020570419, No Iterations 2
GAMG:  Solving for p, Initial residual = 0.027866981, Final residual = 0.0001095028, No Iterations 4
GAMG:  Solving for p, Initial residual = 0.0004627135, Final residual = 2.2732085e-06, No Iterations 4
time step continuity errors : sum local = 5.1757572e-05, global = -1.8786841e-05, cumulative = -0.0022636738
smoothSolver:  Solving for omega, Initial residual = 0.0014949407, Final residual = 8.7794067e-06, No Iterations 2
smoothSolver:  Solving for k, Initial residual = 0.033549784, Final residual = 0.00013371422, No Iterations 2
ExecutionTime = 40.03294 s  ClockTime = 40 s

Time = 29s

smoothSolver:  Solving for Ux, Initial residual = 0.015485251, Final residual = 0.00065401124, No Iterations 2
smoothSolver:  Solving for Uy, Initial residual = 0.044714486, Final residual = 0.0020412161, No Iterations 2
smoothSolver:  Solving for Uz, Initial residual = 0.045296746, Final residual = 0.0020104892, No Iterations 2
GAMG:  Solving for p, Initial residual = 0.026660519, Final residual = 0.00010355389, No Iterations 4
GAMG:  Solving for p, Initial residual = 0.00041509402, Final residual = 2.1019201e-06, No Iterations 4
time step continuity errors : sum local = 4.8759957e-05, global = -1.9050685e-05, cumulative = -0.0022827245
smoothSolver:  Solving for omega, Initial residual = 0.0014616006, Final residual = 8.3029447e-06, No Iterations 2
smoothSolver:  Solving for k, Initial residual = 0.032896694, Final residual = 0.00013017292, No Iterations 2
ExecutionTime = 41.340345 s  ClockTime = 41 s

Time = 30s

smoothSolver:  Solving for Ux, Initial residual = 0.015132984, Final residual = 0.00064222971, No Iterations 2
smoothSolver:  Solving for Uy, Initial residual = 0.043619619, Final residual = 0.0019938789, No Iterations 2
smoothSolver:  Solving for Uz, Initial residual = 0.044300934, Final residual = 0.0019691004, No Iterations 2
GAMG:  Solving for p, Initial residual = 0.025547251, Final residual = 0.0002522362, No Iterations 3
GAMG:  Solving for p, Initial residual = 0.00052757228, Final residual = 2.4757185e-06, No Iterations 5
time step continuity errors : sum local = 5.8167724e-05, global = -2.7220472e-05, cumulative = -0.0023099449
smoothSolver:  Solving for omega, Initial residual = 0.0014409584, Final residual = 8.3083363e-06, No Iterations 2
smoothSolver:  Solving for k, Initial residual = 0.032390397, Final residual = 0.000126483, No Iterations 2
ExecutionTime = 42.77676 s  ClockTime = 43 s

Time = 31s

smoothSolver:  Solving for Ux, Initial residual = 0.014807426, Final residual = 0.00063093601, No Iterations 2
smoothSolver:  Solving for Uy, Initial residual = 0.042621468, Final residual = 0.0019492468, No Iterations 2
smoothSolver:  Solving for Uz, Initial residual = 0.043441456, Final residual = 0.0019319331, No Iterations 2
GAMG:  Solving for p, Initial residual = 0.024560163, Final residual = 0.00023883588, No Iterations 3
GAMG:  Solving for p, Initial residual = 0.00049660932, Final residual = 2.1510753e-06, No Iterations 5
time step continuity errors : sum local = 5.1483401e-05, global = -2.2780358e-05, cumulative = -0.0023327253
smoothSolver:  Solving for omega, Initial residual = 0.0014168499, Final residual = 7.942722e-06, No Iterations 2
smoothSolver:  Solving for k, Initial residual = 0.031935162, Final residual = 0.00012393755, No Iterations 2
ExecutionTime = 44.151732 s  ClockTime = 44 s

Time = 32s

smoothSolver:  Solving for Ux, Initial residual = 0.014501942, Final residual = 0.00062027369, No Iterations 2
smoothSolver:  Solving for Uy, Initial residual = 0.041731548, Final residual = 0.0019082513, No Iterations 2
smoothSolver:  Solving for Uz, Initial residual = 0.042683541, Final residual = 0.0018981998, No Iterations 2
GAMG:  Solving for p, Initial residual = 0.023688514, Final residual = 0.00022787309, No Iterations 3
GAMG:  Solving for p, Initial residual = 0.00046521877, Final residual = 4.4693848e-06, No Iterations 4
time step continuity errors : sum local = 0.00010896188, global = 1.8291458e-05, cumulative = -0.0023144338
smoothSolver:  Solving for omega, Initial residual = 0.001406447, Final residual = 7.9974687e-06, No Iterations 2
smoothSolver:  Solving for k, Initial residual = 0.031565838, Final residual = 0.00012132026, No Iterations 2
ExecutionTime = 45.80173 s  ClockTime = 46 s

Time = 33s

smoothSolver:  Solving for Ux, Initial residual = 0.014209451, Final residual = 0.00060997524, No Iterations 2
smoothSolver:  Solving for Uy, Initial residual = 0.040953877, Final residual = 0.0018707807, No Iterations 2
smoothSolver:  Solving for Uz, Initial residual = 0.042018945, Final residual = 0.0018670035, No Iterations 2
GAMG:  Solving for p, Initial residual = 0.022848394, Final residual = 0.00021947897, No Iterations 3
GAMG:  Solving for p, Initial residual = 0.000433699, Final residual = 3.6503804e-06, No Iterations 4
time step continuity errors : sum local = 9.0652377e-05, global = 1.3716618e-05, cumulative = -0.0023007172
smoothSolver:  Solving for omega, Initial residual = 0.0013825508, Final residual = 7.5553382e-06, No Iterations 2
smoothSolver:  Solving for k, Initial residual = 0.031279681, Final residual = 0.00011919371, No Iterations 2
ExecutionTime = 47.211235 s  ClockTime = 47 s

Time = 34s

smoothSolver:  Solving for Ux, Initial residual = 0.013930322, Final residual = 0.00059996538, No Iterations 2
smoothSolver:  Solving for Uy, Initial residual = 0.040277871, Final residual = 0.0018362256, No Iterations 2
smoothSolver:  Solving for Uz, Initial residual = 0.041419754, Final residual = 0.0018382378, No Iterations 2
GAMG:  Solving for p, Initial residual = 0.022086856, Final residual = 0.00021015806, No Iterations 3
GAMG:  Solving for p, Initial residual = 0.00040786129, Final residual = 2.8987774e-06, No Iterations 4
time step continuity errors : sum local = 7.3316163e-05, global = 1.3568729e-05, cumulative = -0.0022871485
smoothSolver:  Solving for omega, Initial residual = 0.0013782666, Final residual = 7.8014767e-06, No Iterations 2
smoothSolver:  Solving for k, Initial residual = 0.031073856, Final residual = 0.00011787991, No Iterations 2
ExecutionTime = 48.633664 s  ClockTime = 49 s

Time = 35s

smoothSolver:  Solving for Ux, Initial residual = 0.013665588, Final residual = 0.00059034074, No Iterations 2
smoothSolver:  Solving for Uy, Initial residual = 0.039691488, Final residual = 0.0018042904, No Iterations 2
smoothSolver:  Solving for Uz, Initial residual = 0.04085295, Final residual = 0.0018116516, No Iterations 2
GAMG:  Solving for p, Initial residual = 0.021373824, Final residual = 0.00020188525, No Iterations 3
GAMG:  Solving for p, Initial residual = 0.00038938327, Final residual = 3.2072103e-06, No Iterations 4
time step continuity errors : sum local = 8.2604664e-05, global = 4.4169932e-06, cumulative = -0.0022827315
smoothSolver:  Solving for omega, Initial residual = 0.0013676904, Final residual = 7.4848608e-06, No Iterations 2
smoothSolver:  Solving for k, Initial residual = 0.030887661, Final residual = 0.00011628012, No Iterations 2
ExecutionTime = 49.995336 s  ClockTime = 50 s

Time = 36s

smoothSolver:  Solving for Ux, Initial residual = 0.013416897, Final residual = 0.00058110741, No Iterations 2
smoothSolver:  Solving for Uy, Initial residual = 0.039172018, Final residual = 0.0017756065, No Iterations 2
smoothSolver:  Solving for Uz, Initial residual = 0.040333025, Final residual = 0.0017876379, No Iterations 2
GAMG:  Solving for p, Initial residual = 0.020746134, Final residual = 0.0001932958, No Iterations 3
GAMG:  Solving for p, Initial residual = 0.00036999112, Final residual = 1.9226894e-06, No Iterations 5
time step continuity errors : sum local = 5.0409183e-05, global = 2.848122e-05, cumulative = -0.0022542503
smoothSolver:  Solving for omega, Initial residual = 0.0013653815, Final residual = 7.5860876e-06, No Iterations 2
smoothSolver:  Solving for k, Initial residual = 0.030779872, Final residual = 0.0001151322, No Iterations 2
ExecutionTime = 51.381415 s  ClockTime = 51 s

Time = 37s

smoothSolver:  Solving for Ux, Initial residual = 0.013182776, Final residual = 0.00057235197, No Iterations 2
smoothSolver:  Solving for Uy, Initial residual = 0.038719853, Final residual = 0.0017501944, No Iterations 2
smoothSolver:  Solving for Uz, Initial residual = 0.039858877, Final residual = 0.0017662315, No Iterations 2
GAMG:  Solving for p, Initial residual = 0.020251889, Final residual = 0.00018610648, No Iterations 3
GAMG:  Solving for p, Initial residual = 0.00035018842, Final residual = 2.1540998e-06, No Iterations 5
time step continuity errors : sum local = 5.7479285e-05, global = 1.6901389e-05, cumulative = -0.0022373489
smoothSolver:  Solving for omega, Initial residual = 0.0013572701, Final residual = 7.363517e-06, No Iterations 2
smoothSolver:  Solving for k, Initial residual = 0.030711659, Final residual = 0.00011462024, No Iterations 2
ExecutionTime = 53.20832 s  ClockTime = 53 s

Time = 38s

smoothSolver:  Solving for Ux, Initial residual = 0.012958105, Final residual = 0.00056404968, No Iterations 2
smoothSolver:  Solving for Uy, Initial residual = 0.038329801, Final residual = 0.0017278878, No Iterations 2
smoothSolver:  Solving for Uz, Initial residual = 0.039430759, Final residual = 0.001746571, No Iterations 2
GAMG:  Solving for p, Initial residual = 0.019793179, Final residual = 0.00017999644, No Iterations 3
GAMG:  Solving for p, Initial residual = 0.00033009387, Final residual = 1.7908752e-06, No Iterations 5
time step continuity errors : sum local = 4.8613206e-05, global = 1.048544e-05, cumulative = -0.0022268635
smoothSolver:  Solving for omega, Initial residual = 0.0013595637, Final residual = 7.4829069e-06, No Iterations 2
smoothSolver:  Solving for k, Initial residual = 0.030682151, Final residual = 0.00011393164, No Iterations 2
ExecutionTime = 54.878293 s  ClockTime = 55 s

Time = 39s

smoothSolver:  Solving for Ux, Initial residual = 0.012744373, Final residual = 0.0005561245, No Iterations 2
smoothSolver:  Solving for Uy, Initial residual = 0.03799555, Final residual = 0.0017082537, No Iterations 2
smoothSolver:  Solving for Uz, Initial residual = 0.039023732, Final residual = 0.0017277586, No Iterations 2
GAMG:  Solving for p, Initial residual = 0.019461243, Final residual = 0.00017574403, No Iterations 3
GAMG:  Solving for p, Initial residual = 0.00031604454, Final residual = 1.5357009e-06, No Iterations 5
time step continuity errors : sum local = 4.2402628e-05, global = 7.4587498e-06, cumulative = -0.0022194047
smoothSolver:  Solving for omega, Initial residual = 0.001356924, Final residual = 7.2093837e-06, No Iterations 2
smoothSolver:  Solving for k, Initial residual = 0.030709363, Final residual = 0.00011405276, No Iterations 2
ExecutionTime = 56.737845 s  ClockTime = 57 s

Time = 40s

smoothSolver:  Solving for Ux, Initial residual = 0.012539953, Final residual = 0.00054859246, No Iterations 2
smoothSolver:  Solving for Uy, Initial residual = 0.037719554, Final residual = 0.0016915275, No Iterations 2
smoothSolver:  Solving for Uz, Initial residual = 0.038636595, Final residual = 0.0017103512, No Iterations 2
GAMG:  Solving for p, Initial residual = 0.019114967, Final residual = 0.00017337319, No Iterations 3
GAMG:  Solving for p, Initial residual = 0.0003060534, Final residual = 1.4497697e-06, No Iterations 5
time step continuity errors : sum local = 4.0701018e-05, global = 6.649575e-06, cumulative = -0.0022127551
smoothSolver:  Solving for omega, Initial residual = 0.0013622824, Final residual = 7.3816786e-06, No Iterations 2
smoothSolver:  Solving for k, Initial residual = 0.030766682, Final residual = 0.00011395691, No Iterations 2
ExecutionTime = 58.326064 s  ClockTime = 58 s

Time = 41s

smoothSolver:  Solving for Ux, Initial residual = 0.012340538, Final residual = 0.00054134351, No Iterations 2
smoothSolver:  Solving for Uy, Initial residual = 0.037494581, Final residual = 0.0016773597, No Iterations 2
smoothSolver:  Solving for Uz, Initial residual = 0.038253821, Final residual = 0.0016939558, No Iterations 2
GAMG:  Solving for p, Initial residual = 0.018835186, Final residual = 0.00017272264, No Iterations 3
GAMG:  Solving for p, Initial residual = 0.00030032572, Final residual = 1.5148084e-06, No Iterations 5
time step continuity errors : sum local = 4.3240016e-05, global = 7.7945521e-06, cumulative = -0.0022049606
smoothSolver:  Solving for omega, Initial residual = 0.0013541188, Final residual = 7.1809228e-06, No Iterations 2
smoothSolver:  Solving for k, Initial residual = 0.030850484, Final residual = 0.00011433692, No Iterations 2
ExecutionTime = 59.630293 s  ClockTime = 60 s

Time = 42s

smoothSolver:  Solving for Ux, Initial residual = 0.012148281, Final residual = 0.0005344544, No Iterations 2
smoothSolver:  Solving for Uy, Initial residual = 0.037313435, Final residual = 0.0016662134, No Iterations 2
smoothSolver:  Solving for Uz, Initial residual = 0.037881518, Final residual = 0.0016788891, No Iterations 2
GAMG:  Solving for p, Initial residual = 0.018571838, Final residual = 0.00017257519, No Iterations 3
GAMG:  Solving for p, Initial residual = 0.00029623651, Final residual = 1.7147497e-06, No Iterations 5
time step continuity errors : sum local = 4.9742852e-05, global = 1.1291142e-05, cumulative = -0.0021936694
smoothSolver:  Solving for omega, Initial residual = 0.0013531842, Final residual = 7.2698102e-06, No Iterations 2
smoothSolver:  Solving for k, Initial residual = 0.030956893, Final residual = 0.00011496122, No Iterations 2
ExecutionTime = 61.040645 s  ClockTime = 61 s

Time = 43s

smoothSolver:  Solving for Ux, Initial residual = 0.011965958, Final residual = 0.00052796114, No Iterations 2
smoothSolver:  Solving for Uy, Initial residual = 0.037167898, Final residual = 0.0016578343, No Iterations 2
smoothSolver:  Solving for Uz, Initial residual = 0.037507202, Final residual = 0.0016645881, No Iterations 2
GAMG:  Solving for p, Initial residual = 0.018370415, Final residual = 0.00017175478, No Iterations 3
GAMG:  Solving for p, Initial residual = 0.00029285069, Final residual = 1.9102394e-06, No Iterations 5
time step continuity errors : sum local = 5.6294048e-05, global = 1.6953756e-05, cumulative = -0.0021767157
smoothSolver:  Solving for omega, Initial residual = 0.0013536854, Final residual = 7.1142435e-06, No Iterations 2
smoothSolver:  Solving for k, Initial residual = 0.031028542, Final residual = 0.00011574152, No Iterations 2
ExecutionTime = 62.475876 s  ClockTime = 62 s

Time = 44s

smoothSolver:  Solving for Ux, Initial residual = 0.011790868, Final residual = 0.00052189319, No Iterations 2
smoothSolver:  Solving for Uy, Initial residual = 0.037050504, Final residual = 0.0016512729, No Iterations 2
smoothSolver:  Solving for Uz, Initial residual = 0.037119399, Final residual = 0.0016509301, No Iterations 2
GAMG:  Solving for p, Initial residual = 0.018217443, Final residual = 0.00017038021, No Iterations 3
GAMG:  Solving for p, Initial residual = 0.00029001051, Final residual = 1.8613851e-06, No Iterations 5
time step continuity errors : sum local = 5.5711423e-05, global = 2.2809624e-05, cumulative = -0.0021539061
smoothSolver:  Solving for omega, Initial residual = 0.0013578059, Final residual = 7.2344391e-06, No Iterations 2
smoothSolver:  Solving for k, Initial residual = 0.031106237, Final residual = 0.00011641553, No Iterations 2
ExecutionTime = 63.84474 s  ClockTime = 64 s

Time = 45s

smoothSolver:  Solving for Ux, Initial residual = 0.011623379, Final residual = 0.00051625739, No Iterations 2
smoothSolver:  Solving for Uy, Initial residual = 0.036961527, Final residual = 0.0016467103, No Iterations 2
smoothSolver:  Solving for Uz, Initial residual = 0.036744809, Final residual = 0.0016380046, No Iterations 2
GAMG:  Solving for p, Initial residual = 0.018078404, Final residual = 0.00016796333, No Iterations 3
GAMG:  Solving for p, Initial residual = 0.00028753618, Final residual = 1.627905e-06, No Iterations 5
time step continuity errors : sum local = 4.9477511e-05, global = 2.5407096e-05, cumulative = -0.002128499
smoothSolver:  Solving for omega, Initial residual = 0.001350975, Final residual = 7.0255917e-06, No Iterations 2
smoothSolver:  Solving for k, Initial residual = 0.031212858, Final residual = 0.00011746049, No Iterations 2
ExecutionTime = 65.271987 s  ClockTime = 65 s

Time = 46s

smoothSolver:  Solving for Ux, Initial residual = 0.011462964, Final residual = 0.00051104013, No Iterations 2
smoothSolver:  Solving for Uy, Initial residual = 0.036894162, Final residual = 0.0016442943, No Iterations 2
smoothSolver:  Solving for Uz, Initial residual = 0.03634701, Final residual = 0.0016250217, No Iterations 2
GAMG:  Solving for p, Initial residual = 0.017971486, Final residual = 0.00016440653, No Iterations 3
GAMG:  Solving for p, Initial residual = 0.00028182795, Final residual = 1.4640843e-06, No Iterations 5
time step continuity errors : sum local = 4.5187816e-05, global = 2.5227949e-05, cumulative = -0.002103271
smoothSolver:  Solving for omega, Initial residual = 0.0013568321, Final residual = 7.2243926e-06, No Iterations 2
smoothSolver:  Solving for k, Initial residual = 0.031293316, Final residual = 0.00011832985, No Iterations 2
ExecutionTime = 67.012333 s  ClockTime = 67 s

Time = 47s

smoothSolver:  Solving for Ux, Initial residual = 0.011311599, Final residual = 0.00050628587, No Iterations 2
smoothSolver:  Solving for Uy, Initial residual = 0.036826597, Final residual = 0.0016426342, No Iterations 2
smoothSolver:  Solving for Uz, Initial residual = 0.035953841, Final residual = 0.001611971, No Iterations 2
GAMG:  Solving for p, Initial residual = 0.017856719, Final residual = 0.00015949951, No Iterations 3
GAMG:  Solving for p, Initial residual = 0.00027350497, Final residual = 1.4845692e-06, No Iterations 5
time step continuity errors : sum local = 4.6530136e-05, global = 2.2860048e-05, cumulative = -0.002080411
smoothSolver:  Solving for omega, Initial residual = 0.001355696, Final residual = 7.0147627e-06, No Iterations 2
smoothSolver:  Solving for k, Initial residual = 0.031365617, Final residual = 0.00011929511, No Iterations 2
ExecutionTime = 68.700445 s  ClockTime = 69 s

Time = 48s

smoothSolver:  Solving for Ux, Initial residual = 0.01116552, Final residual = 0.000501805, No Iterations 2
smoothSolver:  Solving for Uy, Initial residual = 0.036751239, Final residual = 0.0016420403, No Iterations 2
smoothSolver:  Solving for Uz, Initial residual = 0.035540256, Final residual = 0.0015987035, No Iterations 2
GAMG:  Solving for p, Initial residual = 0.017738229, Final residual = 0.00015413926, No Iterations 3
GAMG:  Solving for p, Initial residual = 0.00026312604, Final residual = 1.5345657e-06, No Iterations 5
time step continuity errors : sum local = 4.8836801e-05, global = 1.7290088e-05, cumulative = -0.0020631209
smoothSolver:  Solving for omega, Initial residual = 0.001361677, Final residual = 7.1110887e-06, No Iterations 2
smoothSolver:  Solving for k, Initial residual = 0.031447863, Final residual = 0.00012060139, No Iterations 2
ExecutionTime = 70.30356 s  ClockTime = 70 s

Time = 49s

smoothSolver:  Solving for Ux, Initial residual = 0.011026157, Final residual = 0.00049766899, No Iterations 2
smoothSolver:  Solving for Uy, Initial residual = 0.036664793, Final residual = 0.0016419998, No Iterations 2
smoothSolver:  Solving for Uz, Initial residual = 0.035095356, Final residual = 0.0015845146, No Iterations 2
GAMG:  Solving for p, Initial residual = 0.017626262, Final residual = 0.00014855586, No Iterations 3
GAMG:  Solving for p, Initial residual = 0.00025245855, Final residual = 1.3619406e-06, No Iterations 5
time step continuity errors : sum local = 4.4003063e-05, global = 1.098077e-05, cumulative = -0.0020521401
smoothSolver:  Solving for omega, Initial residual = 0.0013556587, Final residual = 6.9624295e-06, No Iterations 2
smoothSolver:  Solving for k, Initial residual = 0.031516466, Final residual = 0.00012210276, No Iterations 2
ExecutionTime = 71.597589 s  ClockTime = 72 s

Time = 50s

smoothSolver:  Solving for Ux, Initial residual = 0.010895474, Final residual = 0.00049382974, No Iterations 2
smoothSolver:  Solving for Uy, Initial residual = 0.036539856, Final residual = 0.0016409244, No Iterations 2
smoothSolver:  Solving for Uz, Initial residual = 0.034645975, Final residual = 0.0015699028, No Iterations 2
GAMG:  Solving for p, Initial residual = 0.017533755, Final residual = 0.00014228766, No Iterations 3
GAMG:  Solving for p, Initial residual = 0.00024219478, Final residual = 1.1729676e-06, No Iterations 5
time step continuity errors : sum local = 3.8466645e-05, global = 7.7712485e-06, cumulative = -0.0020443689
smoothSolver:  Solving for omega, Initial residual = 0.0013609573, Final residual = 7.1439822e-06, No Iterations 2
smoothSolver:  Solving for k, Initial residual = 0.031535634, Final residual = 0.00012334636, No Iterations 2
ExecutionTime = 72.893788 s  ClockTime = 73 s

Time = 51s

smoothSolver:  Solving for Ux, Initial residual = 0.010770637, Final residual = 0.00049017704, No Iterations 2
smoothSolver:  Solving for Uy, Initial residual = 0.036379821, Final residual = 0.0016393015, No Iterations 2
smoothSolver:  Solving for Uz, Initial residual = 0.034162481, Final residual = 0.001554112, No Iterations 2
GAMG:  Solving for p, Initial residual = 0.017468267, Final residual = 0.00013576135, No Iterations 3
GAMG:  Solving for p, Initial residual = 0.00023221358, Final residual = 1.0733158e-06, No Iterations 5
time step continuity errors : sum local = 3.5710872e-05, global = 6.3113331e-06, cumulative = -0.0020380575
smoothSolver:  Solving for omega, Initial residual = 0.0013556457, Final residual = 6.9079053e-06, No Iterations 2
smoothSolver:  Solving for k, Initial residual = 0.031514412, Final residual = 0.00012464722, No Iterations 2
ExecutionTime = 74.207643 s  ClockTime = 74 s

Time = 52s

smoothSolver:  Solving for Ux, Initial residual = 0.010650688, Final residual = 0.00048689939, No Iterations 2
smoothSolver:  Solving for Uy, Initial residual = 0.036195792, Final residual = 0.0016364609, No Iterations 2
smoothSolver:  Solving for Uz, Initial residual = 0.033668501, Final residual = 0.0015373696, No Iterations 2
GAMG:  Solving for p, Initial residual = 0.0174039, Final residual = 0.00013056039, No Iterations 3
GAMG:  Solving for p, Initial residual = 0.00022570973, Final residual = 1.0093615e-06, No Iterations 5
time step continuity errors : sum local = 3.4058627e-05, global = 5.6644819e-06, cumulative = -0.002032393
smoothSolver:  Solving for omega, Initial residual = 0.0013620543, Final residual = 7.065216e-06, No Iterations 2
smoothSolver:  Solving for k, Initial residual = 0.031481796, Final residual = 0.00012572296, No Iterations 2
ExecutionTime = 75.410988 s  ClockTime = 75 s

Time = 53s

smoothSolver:  Solving for Ux, Initial residual = 0.010538549, Final residual = 0.00048383537, No Iterations 2
smoothSolver:  Solving for Uy, Initial residual = 0.035955842, Final residual = 0.0016316455, No Iterations 2
smoothSolver:  Solving for Uz, Initial residual = 0.033139319, Final residual = 0.0015194878, No Iterations 2
GAMG:  Solving for p, Initial residual = 0.017368423, Final residual = 0.00012550324, No Iterations 3
GAMG:  Solving for p, Initial residual = 0.00021920779, Final residual = 9.3411889e-07, No Iterations 5
time step continuity errors : sum local = 3.1947905e-05, global = 5.1919986e-06, cumulative = -0.002027201
smoothSolver:  Solving for omega, Initial residual = 0.0013526061, Final residual = 6.8439039e-06, No Iterations 2
smoothSolver:  Solving for k, Initial residual = 0.031399319, Final residual = 0.0001270466, No Iterations 2
ExecutionTime = 76.711481 s  ClockTime = 77 s

Time = 54s

smoothSolver:  Solving for Ux, Initial residual = 0.010429613, Final residual = 0.00048111768, No Iterations 2
smoothSolver:  Solving for Uy, Initial residual = 0.035681569, Final residual = 0.0016255103, No Iterations 2
smoothSolver:  Solving for Uz, Initial residual = 0.032593584, Final residual = 0.0015002279, No Iterations 2
GAMG:  Solving for p, Initial residual = 0.017277369, Final residual = 0.0001204025, No Iterations 3
GAMG:  Solving for p, Initial residual = 0.0002114183, Final residual = 8.7467119e-07, No Iterations 5
time step continuity errors : sum local = 3.0302304e-05, global = 5.2020848e-06, cumulative = -0.002021999
smoothSolver:  Solving for omega, Initial residual = 0.001352188, Final residual = 7.0006855e-06, No Iterations 2
smoothSolver:  Solving for k, Initial residual = 0.031344242, Final residual = 0.00012801272, No Iterations 2
ExecutionTime = 78.15335 s  ClockTime = 78 s

Time = 55s

smoothSolver:  Solving for Ux, Initial residual = 0.010326156, Final residual = 0.00047858735, No Iterations 2
smoothSolver:  Solving for Uy, Initial residual = 0.035341828, Final residual = 0.0016171884, No Iterations 2
smoothSolver:  Solving for Uz, Initial residual = 0.032023059, Final residual = 0.0014798583, No Iterations 2
GAMG:  Solving for p, Initial residual = 0.017176488, Final residual = 0.00011486995, No Iterations 3
GAMG:  Solving for p, Initial residual = 0.00020249697, Final residual = 8.1928528e-07, No Iterations 5
time step continuity errors : sum local = 2.8733806e-05, global = 5.8519183e-06, cumulative = -0.002016147
smoothSolver:  Solving for omega, Initial residual = 0.0013522349, Final residual = 6.8667468e-06, No Iterations 2
smoothSolver:  Solving for k, Initial residual = 0.031242387, Final residual = 0.00012941401, No Iterations 2
ExecutionTime = 79.39536 s  ClockTime = 79 s

Time = 56s

smoothSolver:  Solving for Ux, Initial residual = 0.01022752, Final residual = 0.00047649371, No Iterations 2
smoothSolver:  Solving for Uy, Initial residual = 0.034967703, Final residual = 0.0016076074, No Iterations 2
smoothSolver:  Solving for Uz, Initial residual = 0.031440578, Final residual = 0.0014582079, No Iterations 2
GAMG:  Solving for p, Initial residual = 0.017057949, Final residual = 0.00011011519, No Iterations 3
GAMG:  Solving for p, Initial residual = 0.00019462976, Final residual = 7.418957e-07, No Iterations 5
time step continuity errors : sum local = 2.6324806e-05, global = 7.3613236e-06, cumulative = -0.0020087857
smoothSolver:  Solving for omega, Initial residual = 0.0013538025, Final residual = 7.032514e-06, No Iterations 2
smoothSolver:  Solving for k, Initial residual = 0.031133046, Final residual = 0.0001304535, No Iterations 2
ExecutionTime = 80.751363 s  ClockTime = 81 s

Time = 57s

smoothSolver:  Solving for Ux, Initial residual = 0.010133982, Final residual = 0.00047459137, No Iterations 2
smoothSolver:  Solving for Uy, Initial residual = 0.034542773, Final residual = 0.0015962632, No Iterations 2
smoothSolver:  Solving for Uz, Initial residual = 0.030827245, Final residual = 0.0014355305, No Iterations 2
GAMG:  Solving for p, Initial residual = 0.016913718, Final residual = 0.00010504377, No Iterations 3
GAMG:  Solving for p, Initial residual = 0.00018584153, Final residual = 1.3175573e-06, No Iterations 4
time step continuity errors : sum local = 4.727368e-05, global = 2.7001501e-05, cumulative = -0.0019817842
smoothSolver:  Solving for omega, Initial residual = 0.0013464683, Final residual = 6.7855713e-06, No Iterations 2
smoothSolver:  Solving for k, Initial residual = 0.031027485, Final residual = 0.00013144532, No Iterations 2
ExecutionTime = 82.022297 s  ClockTime = 82 s

Time = 58s

smoothSolver:  Solving for Ux, Initial residual = 0.010046394, Final residual = 0.00047307858, No Iterations 2
smoothSolver:  Solving for Uy, Initial residual = 0.034079446, Final residual = 0.0015838188, No Iterations 2
smoothSolver:  Solving for Uz, Initial residual = 0.030211972, Final residual = 0.001411806, No Iterations 2
GAMG:  Solving for p, Initial residual = 0.016805433, Final residual = 9.9615245e-05, No Iterations 3
GAMG:  Solving for p, Initial residual = 0.00017607454, Final residual = 1.6966925e-06, No Iterations 4
time step continuity errors : sum local = 6.1529107e-05, global = 2.9310053e-05, cumulative = -0.0019524742
smoothSolver:  Solving for omega, Initial residual = 0.0013489687, Final residual = 7.0240382e-06, No Iterations 2
smoothSolver:  Solving for k, Initial residual = 0.030851679, Final residual = 0.00013275197, No Iterations 2
ExecutionTime = 83.300215 s  ClockTime = 83 s

Time = 59s

smoothSolver:  Solving for Ux, Initial residual = 0.0099639635, Final residual = 0.00047185855, No Iterations 2
smoothSolver:  Solving for Uy, Initial residual = 0.03359006, Final residual = 0.0015699462, No Iterations 2
smoothSolver:  Solving for Uz, Initial residual = 0.029572327, Final residual = 0.0013872732, No Iterations 2
GAMG:  Solving for p, Initial residual = 0.016687647, Final residual = 9.4352828e-05, No Iterations 3
GAMG:  Solving for p, Initial residual = 0.00016675059, Final residual = 1.3839362e-06, No Iterations 5
time step continuity errors : sum local = 5.0697754e-05, global = -3.2762722e-05, cumulative = -0.0019852369
smoothSolver:  Solving for omega, Initial residual = 0.0013483759, Final residual = 6.8814803e-06, No Iterations 2
smoothSolver:  Solving for k, Initial residual = 0.030688847, Final residual = 0.00013409428, No Iterations 2
ExecutionTime = 84.685909 s  ClockTime = 85 s

Time = 60s

smoothSolver:  Solving for Ux, Initial residual = 0.0098900715, Final residual = 0.00047093926, No Iterations 2
smoothSolver:  Solving for Uy, Initial residual = 0.033069588, Final residual = 0.0015551232, No Iterations 2
smoothSolver:  Solving for Uz, Initial residual = 0.028931282, Final residual = 0.0013618822, No Iterations 2
GAMG:  Solving for p, Initial residual = 0.016643435, Final residual = 8.9984841e-05, No Iterations 3
GAMG:  Solving for p, Initial residual = 0.00015915611, Final residual = 1.4999535e-06, No Iterations 5
time step continuity errors : sum local = 5.5475697e-05, global = -3.5783259e-05, cumulative = -0.0020210201
smoothSolver:  Solving for omega, Initial residual = 0.0013496701, Final residual = 7.0255083e-06, No Iterations 2
smoothSolver:  Solving for k, Initial residual = 0.030513622, Final residual = 0.00013486752, No Iterations 2
ExecutionTime = 85.901389 s  ClockTime = 86 s

Time = 61s

smoothSolver:  Solving for Ux, Initial residual = 0.0098232745, Final residual = 0.00047036823, No Iterations 2
smoothSolver:  Solving for Uy, Initial residual = 0.032535541, Final residual = 0.0015393041, No Iterations 2
smoothSolver:  Solving for Uz, Initial residual = 0.028282967, Final residual = 0.0013361842, No Iterations 2
GAMG:  Solving for p, Initial residual = 0.016575221, Final residual = 8.6893534e-05, No Iterations 3
GAMG:  Solving for p, Initial residual = 0.00015332813, Final residual = 5.664142e-07, No Iterations 6
time step continuity errors : sum local = 2.1136743e-05, global = 2.6117577e-06, cumulative = -0.0020184084
smoothSolver:  Solving for omega, Initial residual = 0.00134217, Final residual = 6.8306055e-06, No Iterations 2
smoothSolver:  Solving for k, Initial residual = 0.030323389, Final residual = 0.00013584179, No Iterations 2
ExecutionTime = 87.529879 s  ClockTime = 88 s

Time = 62s

smoothSolver:  Solving for Ux, Initial residual = 0.0097661156, Final residual = 0.00047007859, No Iterations 2
smoothSolver:  Solving for Uy, Initial residual = 0.031993504, Final residual = 0.0015228662, No Iterations 2
smoothSolver:  Solving for Uz, Initial residual = 0.027636582, Final residual = 0.0013100241, No Iterations 2
GAMG:  Solving for p, Initial residual = 0.016534846, Final residual = 8.4262072e-05, No Iterations 3
GAMG:  Solving for p, Initial residual = 0.00014836393, Final residual = 5.8905652e-07, No Iterations 6
time step continuity errors : sum local = 2.2159466e-05, global = 2.7685478e-06, cumulative = -0.0020156398
smoothSolver:  Solving for omega, Initial residual = 0.0013422912, Final residual = 7.0457719e-06, No Iterations 2
smoothSolver:  Solving for k, Initial residual = 0.030142258, Final residual = 0.00013768301, No Iterations 2
ExecutionTime = 89.224377 s  ClockTime = 89 s

Time = 63s

smoothSolver:  Solving for Ux, Initial residual = 0.0097163573, Final residual = 0.00047018521, No Iterations 2
smoothSolver:  Solving for Uy, Initial residual = 0.03144044, Final residual = 0.0015057961, No Iterations 2
smoothSolver:  Solving for Uz, Initial residual = 0.027000008, Final residual = 0.0012840245, No Iterations 2
GAMG:  Solving for p, Initial residual = 0.016521126, Final residual = 8.2228539e-05, No Iterations 3
GAMG:  Solving for p, Initial residual = 0.00014434804, Final residual = 6.3068992e-07, No Iterations 6
time step continuity errors : sum local = 2.3900354e-05, global = 3.2738938e-06, cumulative = -0.0020123659
smoothSolver:  Solving for omega, Initial residual = 0.0013411266, Final residual = 6.7970369e-06, No Iterations 2
smoothSolver:  Solving for k, Initial residual = 0.029938194, Final residual = 0.00013850292, No Iterations 2
ExecutionTime = 90.81929 s  ClockTime = 91 s

Time = 64s

smoothSolver:  Solving for Ux, Initial residual = 0.0096783854, Final residual = 0.00047057089, No Iterations 2
smoothSolver:  Solving for Uy, Initial residual = 0.030896989, Final residual = 0.0014886895, No Iterations 2
smoothSolver:  Solving for Uz, Initial residual = 0.026383291, Final residual = 0.0012583212, No Iterations 2
GAMG:  Solving for p, Initial residual = 0.016470014, Final residual = 8.1542928e-05, No Iterations 3
GAMG:  Solving for p, Initial residual = 0.00014196143, Final residual = 6.8006766e-07, No Iterations 6
time step continuity errors : sum local = 2.593798e-05, global = 4.3006213e-06, cumulative = -0.0020080653
smoothSolver:  Solving for omega, Initial residual = 0.0013463314, Final residual = 7.0136174e-06, No Iterations 2
smoothSolver:  Solving for k, Initial residual = 0.029765028, Final residual = 0.00013973164, No Iterations 2
ExecutionTime = 92.720243 s  ClockTime = 93 s

Time = 65s

smoothSolver:  Solving for Ux, Initial residual = 0.0096528867, Final residual = 0.00047136021, No Iterations 2
smoothSolver:  Solving for Uy, Initial residual = 0.030361119, Final residual = 0.0014715489, No Iterations 2
smoothSolver:  Solving for Uz, Initial residual = 0.025789024, Final residual = 0.0012335908, No Iterations 2
GAMG:  Solving for p, Initial residual = 0.016467923, Final residual = 8.2147817e-05, No Iterations 3
GAMG:  Solving for p, Initial residual = 0.00014114553, Final residual = 7.0332187e-07, No Iterations 6
time step continuity errors : sum local = 2.6978496e-05, global = 5.64117e-06, cumulative = -0.0020024242
smoothSolver:  Solving for omega, Initial residual = 0.0013406562, Final residual = 6.8415765e-06, No Iterations 2
smoothSolver:  Solving for k, Initial residual = 0.029564199, Final residual = 0.00014022398, No Iterations 2
ExecutionTime = 94.554477 s  ClockTime = 95 s

Time = 66s

smoothSolver:  Solving for Ux, Initial residual = 0.0096381808, Final residual = 0.00047253816, No Iterations 2
smoothSolver:  Solving for Uy, Initial residual = 0.029850322, Final residual = 0.0014545066, No Iterations 2
smoothSolver:  Solving for Uz, Initial residual = 0.02522408, Final residual = 0.001209492, No Iterations 2
GAMG:  Solving for p, Initial residual = 0.016465906, Final residual = 8.3751982e-05, No Iterations 3
GAMG:  Solving for p, Initial residual = 0.00014147815, Final residual = 1.3946608e-06, No Iterations 5
time step continuity errors : sum local = 5.3759915e-05, global = -3.3497366e-05, cumulative = -0.0020359215
smoothSolver:  Solving for omega, Initial residual = 0.0013433276, Final residual = 7.0555861e-06, No Iterations 2
smoothSolver:  Solving for k, Initial residual = 0.029349987, Final residual = 0.0001410146, No Iterations 2
ExecutionTime = 96.090994 s  ClockTime = 96 s

Time = 67s

smoothSolver:  Solving for Ux, Initial residual = 0.0096387815, Final residual = 0.00047422971, No Iterations 2
smoothSolver:  Solving for Uy, Initial residual = 0.029356907, Final residual = 0.0014381637, No Iterations 2
smoothSolver:  Solving for Uz, Initial residual = 0.024687829, Final residual = 0.0011866449, No Iterations 2
GAMG:  Solving for p, Initial residual = 0.016474695, Final residual = 8.6522744e-05, No Iterations 3
GAMG:  Solving for p, Initial residual = 0.00014359798, Final residual = 1.1379704e-06, No Iterations 5
time step continuity errors : sum local = 4.4051989e-05, global = -2.6801972e-05, cumulative = -0.0020627235
smoothSolver:  Solving for omega, Initial residual = 0.0013477205, Final residual = 6.9264289e-06, No Iterations 2
smoothSolver:  Solving for k, Initial residual = 0.029153088, Final residual = 0.00014204207, No Iterations 2
ExecutionTime = 97.555856 s  ClockTime = 98 s

Time = 68s

smoothSolver:  Solving for Ux, Initial residual = 0.009651224, Final residual = 0.0004762678, No Iterations 2
smoothSolver:  Solving for Uy, Initial residual = 0.028887589, Final residual = 0.0014219548, No Iterations 2
smoothSolver:  Solving for Uz, Initial residual = 0.024202964, Final residual = 0.0011653647, No Iterations 2
GAMG:  Solving for p, Initial residual = 0.016482739, Final residual = 9.0180838e-05, No Iterations 3
GAMG:  Solving for p, Initial residual = 0.00014700793, Final residual = 1.3427417e-06, No Iterations 4
time step continuity errors : sum local = 5.2175743e-05, global = 2.2280683e-05, cumulative = -0.0020404428
smoothSolver:  Solving for omega, Initial residual = 0.0013556698, Final residual = 7.1663652e-06, No Iterations 2
smoothSolver:  Solving for k, Initial residual = 0.028963879, Final residual = 0.00014267873, No Iterations 2
ExecutionTime = 99.035204 s  ClockTime = 99 s

Time = 69s

smoothSolver:  Solving for Ux, Initial residual = 0.0096772718, Final residual = 0.00047870181, No Iterations 2
smoothSolver:  Solving for Uy, Initial residual = 0.028445017, Final residual = 0.0014062448, No Iterations 2
smoothSolver:  Solving for Uz, Initial residual = 0.023757312, Final residual = 0.0011459409, No Iterations 2
GAMG:  Solving for p, Initial residual = 0.016490518, Final residual = 9.3913224e-05, No Iterations 3
GAMG:  Solving for p, Initial residual = 0.00015106392, Final residual = 1.2967388e-06, No Iterations 4
time step continuity errors : sum local = 5.0551475e-05, global = 1.8283148e-05, cumulative = -0.0020221597
smoothSolver:  Solving for omega, Initial residual = 0.0013541579, Final residual = 6.9776096e-06, No Iterations 2
smoothSolver:  Solving for k, Initial residual = 0.028769822, Final residual = 0.00014356053, No Iterations 2
ExecutionTime = 100.49971 s  ClockTime = 101 s

Time = 70s

smoothSolver:  Solving for Ux, Initial residual = 0.0097110491, Final residual = 0.00048150081, No Iterations 2
smoothSolver:  Solving for Uy, Initial residual = 0.028029973, Final residual = 0.0013912097, No Iterations 2
smoothSolver:  Solving for Uz, Initial residual = 0.023360878, Final residual = 0.00112841, No Iterations 2
GAMG:  Solving for p, Initial residual = 0.016499768, Final residual = 9.7159806e-05, No Iterations 3
GAMG:  Solving for p, Initial residual = 0.00015487863, Final residual = 8.1582286e-07, No Iterations 5
time step continuity errors : sum local = 3.1895431e-05, global = -1.2606472e-05, cumulative = -0.0020347661
smoothSolver:  Solving for omega, Initial residual = 0.0013628359, Final residual = 7.2480076e-06, No Iterations 2
smoothSolver:  Solving for k, Initial residual = 0.028600712, Final residual = 0.00014411439, No Iterations 2
ExecutionTime = 102.31037 s  ClockTime = 102 s

Time = 71s

smoothSolver:  Solving for Ux, Initial residual = 0.0097530999, Final residual = 0.0004844924, No Iterations 2
smoothSolver:  Solving for Uy, Initial residual = 0.027650852, Final residual = 0.0013767891, No Iterations 2
smoothSolver:  Solving for Uz, Initial residual = 0.023001117, Final residual = 0.0011130583, No Iterations 2
GAMG:  Solving for p, Initial residual = 0.016506296, Final residual = 9.9795856e-05, No Iterations 3
GAMG:  Solving for p, Initial residual = 0.00015849258, Final residual = 1.2086274e-06, No Iterations 4
time step continuity errors : sum local = 4.7351522e-05, global = 1.3110772e-05, cumulative = -0.0020216554
smoothSolver:  Solving for omega, Initial residual = 0.001366612, Final residual = 7.0504084e-06, No Iterations 2
smoothSolver:  Solving for k, Initial residual = 0.028429182, Final residual = 0.00014484935, No Iterations 2
ExecutionTime = 103.97633 s  ClockTime = 104 s

Time = 72s

smoothSolver:  Solving for Ux, Initial residual = 0.0097996574, Final residual = 0.00048754524, No Iterations 2
smoothSolver:  Solving for Uy, Initial residual = 0.02729599, Final residual = 0.0013633644, No Iterations 2
smoothSolver:  Solving for Uz, Initial residual = 0.022693499, Final residual = 0.0011001988, No Iterations 2
GAMG:  Solving for p, Initial residual = 0.016552339, Final residual = 0.00010193518, No Iterations 3
GAMG:  Solving for p, Initial residual = 0.0001619524, Final residual = 9.3231983e-07, No Iterations 5
time step continuity errors : sum local = 3.6558335e-05, global = -1.2321838e-05, cumulative = -0.0020339772
smoothSolver:  Solving for omega, Initial residual = 0.0013754925, Final residual = 7.2237808e-06, No Iterations 2
smoothSolver:  Solving for k, Initial residual = 0.028274675, Final residual = 0.00014548195, No Iterations 2
ExecutionTime = 105.45506 s  ClockTime = 105 s

Time = 73s

smoothSolver:  Solving for Ux, Initial residual = 0.0098480445, Final residual = 0.00049068968, No Iterations 2
smoothSolver:  Solving for Uy, Initial residual = 0.026973288, Final residual = 0.00032521479, No Iterations 3
smoothSolver:  Solving for Uz, Initial residual = 0.02241927, Final residual = 0.0010895668, No Iterations 2
GAMG:  Solving for p, Initial residual = 0.016725538, Final residual = 0.00010383104, No Iterations 3
GAMG:  Solving for p, Initial residual = 0.00016603264, Final residual = 8.0170576e-07, No Iterations 5
time step continuity errors : sum local = 3.1422785e-05, global = -9.5221284e-06, cumulative = -0.0020434993
smoothSolver:  Solving for omega, Initial residual = 0.001382502, Final residual = 7.1562259e-06, No Iterations 2
smoothSolver:  Solving for k, Initial residual = 0.028171353, Final residual = 0.00014639276, No Iterations 2
ExecutionTime = 106.81333 s  ClockTime = 107 s

Time = 74s

smoothSolver:  Solving for Ux, Initial residual = 0.0099270808, Final residual = 0.0004954455, No Iterations 2
smoothSolver:  Solving for Uy, Initial residual = 0.026478543, Final residual = 0.00031952241, No Iterations 3
smoothSolver:  Solving for Uz, Initial residual = 0.022211983, Final residual = 0.0010814472, No Iterations 2
GAMG:  Solving for p, Initial residual = 0.016848029, Final residual = 0.0001042571, No Iterations 3
GAMG:  Solving for p, Initial residual = 0.00016837527, Final residual = 7.8383399e-07, No Iterations 5
time step continuity errors : sum local = 3.067129e-05, global = -9.1417304e-06, cumulative = -0.0020526411
smoothSolver:  Solving for omega, Initial residual = 0.0013932461, Final residual = 7.365177e-06, No Iterations 2
smoothSolver:  Solving for k, Initial residual = 0.02801306, Final residual = 0.00014736923, No Iterations 2
ExecutionTime = 108.07307 s  ClockTime = 108 s

Time = 75s

smoothSolver:  Solving for Ux, Initial residual = 0.0099875717, Final residual = 0.00049910467, No Iterations 2
smoothSolver:  Solving for Uy, Initial residual = 0.02615815, Final residual = 0.00031641043, No Iterations 3
smoothSolver:  Solving for Uz, Initial residual = 0.022029888, Final residual = 0.0010754851, No Iterations 2
GAMG:  Solving for p, Initial residual = 0.016961536, Final residual = 0.00010417671, No Iterations 3
GAMG:  Solving for p, Initial residual = 0.00017073171, Final residual = 8.0030884e-07, No Iterations 5
time step continuity errors : sum local = 3.1255627e-05, global = -8.399225e-06, cumulative = -0.0020610403
smoothSolver:  Solving for omega, Initial residual = 0.0013986091, Final residual = 7.1352551e-06, No Iterations 2
smoothSolver:  Solving for k, Initial residual = 0.027889954, Final residual = 0.0001482715, No Iterations 2
ExecutionTime = 109.36241 s  ClockTime = 109 s

Time = 76s

smoothSolver:  Solving for Ux, Initial residual = 0.010042638, Final residual = 0.00012201114, No Iterations 3
smoothSolver:  Solving for Uy, Initial residual = 0.025893781, Final residual = 0.00031391439, No Iterations 3
smoothSolver:  Solving for Uz, Initial residual = 0.02187861, Final residual = 0.0010711839, No Iterations 2
GAMG:  Solving for p, Initial residual = 0.017296411, Final residual = 0.00010937754, No Iterations 3
GAMG:  Solving for p, Initial residual = 0.0001799938, Final residual = 1.7931803e-06, No Iterations 4
time step continuity errors : sum local = 6.9879851e-05, global = 2.6373281e-05, cumulative = -0.002034667
smoothSolver:  Solving for omega, Initial residual = 0.0014147106, Final residual = 7.4159715e-06, No Iterations 2
smoothSolver:  Solving for k, Initial residual = 0.027803395, Final residual = 0.00014957254, No Iterations 2
ExecutionTime = 111.13385 s  ClockTime = 111 s

Time = 77s

smoothSolver:  Solving for Ux, Initial residual = 0.010030454, Final residual = 0.00012187876, No Iterations 3
smoothSolver:  Solving for Uy, Initial residual = 0.025851179, Final residual = 0.00031465641, No Iterations 3
smoothSolver:  Solving for Uz, Initial residual = 0.021916216, Final residual = 0.0010787308, No Iterations 2
GAMG:  Solving for p, Initial residual = 0.017238019, Final residual = 0.00010376122, No Iterations 3
GAMG:  Solving for p, Initial residual = 0.00017721219, Final residual = 9.1834376e-07, No Iterations 5
time step continuity errors : sum local = 3.575799e-05, global = -7.2367559e-06, cumulative = -0.0020419038
smoothSolver:  Solving for omega, Initial residual = 0.0014196048, Final residual = 7.2704985e-06, No Iterations 2
smoothSolver:  Solving for k, Initial residual = 0.027721789, Final residual = 0.00015110875, No Iterations 2
ExecutionTime = 112.79238 s  ClockTime = 113 s

Time = 78s

smoothSolver:  Solving for Ux, Initial residual = 0.010064529, Final residual = 0.00012260677, No Iterations 3
smoothSolver:  Solving for Uy, Initial residual = 0.025701245, Final residual = 0.00031353355, No Iterations 3
smoothSolver:  Solving for Uz, Initial residual = 0.021845341, Final residual = 0.0010791788, No Iterations 2
GAMG:  Solving for p, Initial residual = 0.017280659, Final residual = 0.00010183876, No Iterations 3
GAMG:  Solving for p, Initial residual = 0.00017851187, Final residual = 9.0920262e-07, No Iterations 5
time step continuity errors : sum local = 3.5371766e-05, global = -6.8296036e-06, cumulative = -0.0020487334
smoothSolver:  Solving for omega, Initial residual = 0.0014308308, Final residual = 7.5063368e-06, No Iterations 2
smoothSolver:  Solving for k, Initial residual = 0.027656207, Final residual = 0.00015311678, No Iterations 2
ExecutionTime = 114.28723 s  ClockTime = 114 s

Time = 79s

smoothSolver:  Solving for Ux, Initial residual = 0.010103255, Final residual = 0.00012344233, No Iterations 3
smoothSolver:  Solving for Uy, Initial residual = 0.025558381, Final residual = 0.00031244955, No Iterations 3
smoothSolver:  Solving for Uz, Initial residual = 0.021772795, Final residual = 0.00107933, No Iterations 2
GAMG:  Solving for p, Initial residual = 0.017497763, Final residual = 0.00010143598, No Iterations 3
GAMG:  Solving for p, Initial residual = 0.00018238167, Final residual = 7.9145103e-07, No Iterations 5
time step continuity errors : sum local = 3.0531642e-05, global = -6.6909877e-06, cumulative = -0.0020554244
smoothSolver:  Solving for omega, Initial residual = 0.0014396357, Final residual = 7.3465064e-06, No Iterations 2
smoothSolver:  Solving for k, Initial residual = 0.027580864, Final residual = 0.00015460565, No Iterations 2
ExecutionTime = 115.57988 s  ClockTime = 116 s

Time = 80s

smoothSolver:  Solving for Ux, Initial residual = 0.010140132, Final residual = 0.00012426818, No Iterations 3
smoothSolver:  Solving for Uy, Initial residual = 0.025446362, Final residual = 0.0003115507, No Iterations 3
smoothSolver:  Solving for Uz, Initial residual = 0.021713302, Final residual = 0.0010804281, No Iterations 2
GAMG:  Solving for p, Initial residual = 0.017650995, Final residual = 0.00010055977, No Iterations 3
GAMG:  Solving for p, Initial residual = 0.00018571377, Final residual = 1.219675e-06, No Iterations 4
time step continuity errors : sum local = 4.6825983e-05, global = 1.6920541e-05, cumulative = -0.0020385038
smoothSolver:  Solving for omega, Initial residual = 0.0014480961, Final residual = 7.5421031e-06, No Iterations 2
smoothSolver:  Solving for k, Initial residual = 0.027514803, Final residual = 0.00015716527, No Iterations 2
ExecutionTime = 117.06285 s  ClockTime = 117 s

Time = 81s

smoothSolver:  Solving for Ux, Initial residual = 0.010174942, Final residual = 0.00012511934, No Iterations 3
smoothSolver:  Solving for Uy, Initial residual = 0.025346567, Final residual = 0.00031088438, No Iterations 3
smoothSolver:  Solving for Uz, Initial residual = 0.02167077, Final residual = 0.0010823735, No Iterations 2
GAMG:  Solving for p, Initial residual = 0.017750576, Final residual = 9.9578378e-05, No Iterations 3
GAMG:  Solving for p, Initial residual = 0.00018898294, Final residual = 1.2680155e-06, No Iterations 4
time step continuity errors : sum local = 4.8567052e-05, global = -2.8864875e-05, cumulative = -0.0020673687
smoothSolver:  Solving for omega, Initial residual = 0.0014488689, Final residual = 7.3433955e-06, No Iterations 2
smoothSolver:  Solving for k, Initial residual = 0.027451474, Final residual = 0.00015896071, No Iterations 2
ExecutionTime = 118.79143 s  ClockTime = 119 s

Time = 82s

smoothSolver:  Solving for Ux, Initial residual = 0.010213612, Final residual = 0.00012598466, No Iterations 3
smoothSolver:  Solving for Uy, Initial residual = 0.025266082, Final residual = 0.00031038691, No Iterations 3
smoothSolver:  Solving for Uz, Initial residual = 0.021636183, Final residual = 0.00026320363, No Iterations 3
GAMG:  Solving for p, Initial residual = 0.018030623, Final residual = 9.8251742e-05, No Iterations 3
GAMG:  Solving for p, Initial residual = 0.00019274359, Final residual = 1.4867174e-06, No Iterations 5
time step continuity errors : sum local = 5.6452227e-05, global = 3.0924662e-05, cumulative = -0.002036444
smoothSolver:  Solving for omega, Initial residual = 0.0014608237, Final residual = 7.663951e-06, No Iterations 2
smoothSolver:  Solving for k, Initial residual = 0.027422098, Final residual = 0.00016147129, No Iterations 2
ExecutionTime = 120.5186 s  ClockTime = 121 s

Time = 83s

smoothSolver:  Solving for Ux, Initial residual = 0.010281866, Final residual = 0.00012726974, No Iterations 3
smoothSolver:  Solving for Uy, Initial residual = 0.025188546, Final residual = 0.00030991975, No Iterations 3
smoothSolver:  Solving for Uz, Initial residual = 0.021447325, Final residual = 0.00026198686, No Iterations 3
GAMG:  Solving for p, Initial residual = 0.018255817, Final residual = 9.9452475e-05, No Iterations 3
GAMG:  Solving for p, Initial residual = 0.00019892898, Final residual = 1.8747707e-06, No Iterations 5
time step continuity errors : sum local = 7.0711535e-05, global = 4.1759824e-05, cumulative = -0.0019946842
smoothSolver:  Solving for omega, Initial residual = 0.0014650786, Final residual = 7.4954672e-06, No Iterations 2
smoothSolver:  Solving for k, Initial residual = 0.027369216, Final residual = 0.00016449803, No Iterations 2
ExecutionTime = 122.06628 s  ClockTime = 122 s

Time = 84s

smoothSolver:  Solving for Ux, Initial residual = 0.010326447, Final residual = 0.00012823854, No Iterations 3
smoothSolver:  Solving for Uy, Initial residual = 0.025103496, Final residual = 0.0003096782, No Iterations 3
smoothSolver:  Solving for Uz, Initial residual = 0.021412793, Final residual = 0.0002633947, No Iterations 3
GAMG:  Solving for p, Initial residual = 0.018410409, Final residual = 9.8864806e-05, No Iterations 3
GAMG:  Solving for p, Initial residual = 0.00020265047, Final residual = 1.6321804e-06, No Iterations 5
time step continuity errors : sum local = 6.1391632e-05, global = 3.4028694e-05, cumulative = -0.0019606555
smoothSolver:  Solving for omega, Initial residual = 0.0014703761, Final residual = 7.6659259e-06, No Iterations 2
smoothSolver:  Solving for k, Initial residual = 0.027331107, Final residual = 0.00016830755, No Iterations 2
ExecutionTime = 123.41078 s  ClockTime = 123 s

Time = 85s

smoothSolver:  Solving for Ux, Initial residual = 0.010371055, Final residual = 0.00012918797, No Iterations 3
smoothSolver:  Solving for Uy, Initial residual = 0.025011531, Final residual = 0.00030959468, No Iterations 3
smoothSolver:  Solving for Uz, Initial residual = 0.021424068, Final residual = 0.00026554312, No Iterations 3
GAMG:  Solving for p, Initial residual = 0.018760599, Final residual = 0.00010030256, No Iterations 3
GAMG:  Solving for p, Initial residual = 0.00020992589, Final residual = 1.5436168e-06, No Iterations 5
time step continuity errors : sum local = 5.7320629e-05, global = 3.0358452e-05, cumulative = -0.0019302971
smoothSolver:  Solving for omega, Initial residual = 0.0014713537, Final residual = 7.6038996e-06, No Iterations 2
smoothSolver:  Solving for k, Initial residual = 0.027290084, Final residual = 0.00017211131, No Iterations 2
ExecutionTime = 124.77175 s  ClockTime = 125 s

Time = 86s

smoothSolver:  Solving for Ux, Initial residual = 0.010421203, Final residual = 0.00013017901, No Iterations 3
smoothSolver:  Solving for Uy, Initial residual = 0.024906626, Final residual = 0.00030954747, No Iterations 3
smoothSolver:  Solving for Uz, Initial residual = 0.02147439, Final residual = 0.00026832948, No Iterations 3
GAMG:  Solving for p, Initial residual = 0.018996235, Final residual = 0.00010185838, No Iterations 3
GAMG:  Solving for p, Initial residual = 0.00021705311, Final residual = 1.4498085e-06, No Iterations 5
time step continuity errors : sum local = 5.3462825e-05, global = 2.7224481e-05, cumulative = -0.0019030726
smoothSolver:  Solving for omega, Initial residual = 0.0014778178, Final residual = 7.8470141e-06, No Iterations 2
smoothSolver:  Solving for k, Initial residual = 0.027250821, Final residual = 0.00017563059, No Iterations 2
ExecutionTime = 126.2747 s  ClockTime = 126 s

Time = 87s

smoothSolver:  Solving for Ux, Initial residual = 0.010472946, Final residual = 0.00013123112, No Iterations 3
smoothSolver:  Solving for Uy, Initial residual = 0.02479255, Final residual = 0.00030955999, No Iterations 3
smoothSolver:  Solving for Uz, Initial residual = 0.021556014, Final residual = 0.0002715622, No Iterations 3
GAMG:  Solving for p, Initial residual = 0.019233959, Final residual = 0.00010424695, No Iterations 3
GAMG:  Solving for p, Initial residual = 0.00022532603, Final residual = 1.3923727e-06, No Iterations 5
time step continuity errors : sum local = 5.1065595e-05, global = 2.6205489e-05, cumulative = -0.0018768671
smoothSolver:  Solving for omega, Initial residual = 0.0014761238, Final residual = 7.6435506e-06, No Iterations 2
smoothSolver:  Solving for k, Initial residual = 0.027219042, Final residual = 0.00017998138, No Iterations 2
ExecutionTime = 127.73873 s  ClockTime = 128 s

Time = 88s

smoothSolver:  Solving for Ux, Initial residual = 0.010529924, Final residual = 0.0001323637, No Iterations 3
smoothSolver:  Solving for Uy, Initial residual = 0.024674807, Final residual = 0.0003095987, No Iterations 3
smoothSolver:  Solving for Uz, Initial residual = 0.021674293, Final residual = 0.00027498958, No Iterations 3
GAMG:  Solving for p, Initial residual = 0.019483122, Final residual = 0.000107267, No Iterations 3
GAMG:  Solving for p, Initial residual = 0.00023447848, Final residual = 2.073961e-06, No Iterations 4
time step continuity errors : sum local = 7.5552507e-05, global = -2.3147863e-05, cumulative = -0.0019000149
smoothSolver:  Solving for omega, Initial residual = 0.0014788739, Final residual = 7.8754438e-06, No Iterations 2
smoothSolver:  Solving for k, Initial residual = 0.027161678, Final residual = 0.0001843363, No Iterations 2
ExecutionTime = 129.09249 s  ClockTime = 129 s

Time = 89s

smoothSolver:  Solving for Ux, Initial residual = 0.010587311, Final residual = 0.00013355577, No Iterations 3
smoothSolver:  Solving for Uy, Initial residual = 0.024550619, Final residual = 0.00030956545, No Iterations 3
smoothSolver:  Solving for Uz, Initial residual = 0.021800443, Final residual = 0.00027840019, No Iterations 3
GAMG:  Solving for p, Initial residual = 0.01974967, Final residual = 0.00011093396, No Iterations 3
GAMG:  Solving for p, Initial residual = 0.00024511913, Final residual = 2.4055386e-06, No Iterations 4
time step continuity errors : sum local = 8.6984019e-05, global = 4.1227522e-05, cumulative = -0.0018587874
smoothSolver:  Solving for omega, Initial residual = 0.0014721067, Final residual = 7.7375202e-06, No Iterations 2
smoothSolver:  Solving for k, Initial residual = 0.027095877, Final residual = 0.00018909886, No Iterations 2
ExecutionTime = 130.39988 s  ClockTime = 130 s

Time = 90s

smoothSolver:  Solving for Ux, Initial residual = 0.010649203, Final residual = 0.00013480122, No Iterations 3
smoothSolver:  Solving for Uy, Initial residual = 0.024420853, Final residual = 0.0003092353, No Iterations 3
smoothSolver:  Solving for Uz, Initial residual = 0.021927527, Final residual = 0.00028161415, No Iterations 3
GAMG:  Solving for p, Initial residual = 0.020169715, Final residual = 0.00011593595, No Iterations 3
GAMG:  Solving for p, Initial residual = 0.00025845135, Final residual = 1.4054135e-06, No Iterations 5
time step continuity errors : sum local = 4.9995117e-05, global = -1.0099459e-05, cumulative = -0.0018688869
smoothSolver:  Solving for omega, Initial residual = 0.0014753317, Final residual = 7.9026562e-06, No Iterations 2
smoothSolver:  Solving for k, Initial residual = 0.027029857, Final residual = 0.00019465179, No Iterations 2
ExecutionTime = 131.66378 s  ClockTime = 132 s

Time = 91s

smoothSolver:  Solving for Ux, Initial residual = 0.010711175, Final residual = 0.00013607768, No Iterations 3
smoothSolver:  Solving for Uy, Initial residual = 0.024287449, Final residual = 0.00030850729, No Iterations 3
smoothSolver:  Solving for Uz, Initial residual = 0.022049763, Final residual = 0.00028455803, No Iterations 3
GAMG:  Solving for p, Initial residual = 0.020594054, Final residual = 0.00012036672, No Iterations 3
GAMG:  Solving for p, Initial residual = 0.00027217978, Final residual = 1.7900884e-06, No Iterations 5
time step continuity errors : sum local = 6.2816718e-05, global = -1.5299902e-05, cumulative = -0.0018841868
smoothSolver:  Solving for omega, Initial residual = 0.0014754213, Final residual = 7.8207859e-06, No Iterations 2
smoothSolver:  Solving for k, Initial residual = 0.026947687, Final residual = 0.00019930928, No Iterations 2
ExecutionTime = 132.89903 s  ClockTime = 133 s

Time = 92s

smoothSolver:  Solving for Ux, Initial residual = 0.010765536, Final residual = 0.00013734248, No Iterations 3
smoothSolver:  Solving for Uy, Initial residual = 0.024129153, Final residual = 0.00030718338, No Iterations 3
smoothSolver:  Solving for Uz, Initial residual = 0.022159679, Final residual = 0.00028709574, No Iterations 3
GAMG:  Solving for p, Initial residual = 0.020998922, Final residual = 0.00012356479, No Iterations 3
GAMG:  Solving for p, Initial residual = 0.00028530704, Final residual = 1.9073702e-06, No Iterations 5
time step continuity errors : sum local = 6.6121387e-05, global = -1.6453701e-05, cumulative = -0.0019006405
smoothSolver:  Solving for omega, Initial residual = 0.0014765564, Final residual = 7.971e-06, No Iterations 2
smoothSolver:  Solving for k, Initial residual = 0.02683326, Final residual = 0.00020504269, No Iterations 2
ExecutionTime = 134.19278 s  ClockTime = 134 s

Time = 93s

smoothSolver:  Solving for Ux, Initial residual = 0.010816818, Final residual = 0.0001385989, No Iterations 3
smoothSolver:  Solving for Uy, Initial residual = 0.023946355, Final residual = 0.00030533095, No Iterations 3
smoothSolver:  Solving for Uz, Initial residual = 0.022248958, Final residual = 0.00028914743, No Iterations 3
GAMG:  Solving for p, Initial residual = 0.021371686, Final residual = 0.00012523281, No Iterations 3
GAMG:  Solving for p, Initial residual = 0.0002981488, Final residual = 1.7830499e-06, No Iterations 5
time step continuity errors : sum local = 6.1183178e-05, global = -1.38112e-05, cumulative = -0.0019144517
smoothSolver:  Solving for omega, Initial residual = 0.0014678788, Final residual = 7.8132471e-06, No Iterations 2
smoothSolver:  Solving for k, Initial residual = 0.026694597, Final residual = 0.00020975324, No Iterations 2
ExecutionTime = 135.56588 s  ClockTime = 136 s

Time = 94s

smoothSolver:  Solving for Ux, Initial residual = 0.010861124, Final residual = 0.0001398348, No Iterations 3
smoothSolver:  Solving for Uy, Initial residual = 0.023742118, Final residual = 0.00030293107, No Iterations 3
smoothSolver:  Solving for Uz, Initial residual = 0.022320473, Final residual = 0.0002909127, No Iterations 3
GAMG:  Solving for p, Initial residual = 0.021721625, Final residual = 0.0001256519, No Iterations 3
GAMG:  Solving for p, Initial residual = 0.00031040833, Final residual = 1.40963e-06, No Iterations 5
time step continuity errors : sum local = 4.7956812e-05, global = -1.1392632e-05, cumulative = -0.0019258443
smoothSolver:  Solving for omega, Initial residual = 0.0014696083, Final residual = 8.0292763e-06, No Iterations 2
smoothSolver:  Solving for k, Initial residual = 0.026548679, Final residual = 0.00021491657, No Iterations 2
ExecutionTime = 137.14439 s  ClockTime = 137 s

Time = 95s

smoothSolver:  Solving for Ux, Initial residual = 0.010892722, Final residual = 0.00014107071, No Iterations 3
smoothSolver:  Solving for Uy, Initial residual = 0.023503865, Final residual = 0.00030009037, No Iterations 3
smoothSolver:  Solving for Uz, Initial residual = 0.022377192, Final residual = 0.00029235002, No Iterations 3
GAMG:  Solving for p, Initial residual = 0.022045887, Final residual = 0.00012586483, No Iterations 3
GAMG:  Solving for p, Initial residual = 0.00032207018, Final residual = 2.4104109e-06, No Iterations 4
time step continuity errors : sum local = 8.1547439e-05, global = -2.0691375e-05, cumulative = -0.0019465357
smoothSolver:  Solving for omega, Initial residual = 0.0014690261, Final residual = 7.9414374e-06, No Iterations 2
smoothSolver:  Solving for k, Initial residual = 0.026353545, Final residual = 0.00021945248, No Iterations 2
ExecutionTime = 138.60751 s  ClockTime = 139 s

Time = 96s

smoothSolver:  Solving for Ux, Initial residual = 0.010916661, Final residual = 0.00014233498, No Iterations 3
smoothSolver:  Solving for Uy, Initial residual = 0.023229957, Final residual = 0.00029706486, No Iterations 3
smoothSolver:  Solving for Uz, Initial residual = 0.022423772, Final residual = 0.00029365352, No Iterations 3
GAMG:  Solving for p, Initial residual = 0.02234814, Final residual = 0.00012762661, No Iterations 3
GAMG:  Solving for p, Initial residual = 0.00033517184, Final residual = 3.1349983e-06, No Iterations 4
time step continuity errors : sum local = 0.00010581433, global = -2.8712207e-05, cumulative = -0.0019752479
smoothSolver:  Solving for omega, Initial residual = 0.0014735952, Final residual = 8.1385013e-06, No Iterations 2
smoothSolver:  Solving for k, Initial residual = 0.026143631, Final residual = 0.00022309985, No Iterations 2
ExecutionTime = 140.41034 s  ClockTime = 140 s

Time = 97s

smoothSolver:  Solving for Ux, Initial residual = 0.010935199, Final residual = 0.00014363249, No Iterations 3
smoothSolver:  Solving for Uy, Initial residual = 0.022950348, Final residual = 0.00029395738, No Iterations 3
smoothSolver:  Solving for Uz, Initial residual = 0.022461633, Final residual = 0.00029488536, No Iterations 3
GAMG:  Solving for p, Initial residual = 0.022674148, Final residual = 0.00013061261, No Iterations 3
GAMG:  Solving for p, Initial residual = 0.00035117558, Final residual = 3.1108195e-06, No Iterations 4
time step continuity errors : sum local = 0.00010461369, global = -3.3802622e-05, cumulative = -0.0020090505
smoothSolver:  Solving for omega, Initial residual = 0.0014713175, Final residual = 8.0328425e-06, No Iterations 2
smoothSolver:  Solving for k, Initial residual = 0.025891758, Final residual = 0.00022664963, No Iterations 2
ExecutionTime = 142.19978 s  ClockTime = 142 s

Time = 98s

smoothSolver:  Solving for Ux, Initial residual = 0.010943788, Final residual = 0.00014495202, No Iterations 3
smoothSolver:  Solving for Uy, Initial residual = 0.022685636, Final residual = 0.00029110147, No Iterations 3
smoothSolver:  Solving for Uz, Initial residual = 0.022486281, Final residual = 0.00029606413, No Iterations 3
GAMG:  Solving for p, Initial residual = 0.02304624, Final residual = 0.00013362856, No Iterations 3
GAMG:  Solving for p, Initial residual = 0.00036773368, Final residual = 2.001703e-06, No Iterations 4
time step continuity errors : sum local = 6.7006524e-05, global = -2.4193623e-05, cumulative = -0.0020332441
smoothSolver:  Solving for omega, Initial residual = 0.0014742554, Final residual = 8.227006e-06, No Iterations 2
smoothSolver:  Solving for k, Initial residual = 0.025586181, Final residual = 0.00022874012, No Iterations 2
ExecutionTime = 143.91213 s  ClockTime = 144 s

Time = 99s

smoothSolver:  Solving for Ux, Initial residual = 0.010951446, Final residual = 0.00014633132, No Iterations 3
smoothSolver:  Solving for Uy, Initial residual = 0.022453482, Final residual = 0.00028903668, No Iterations 3
smoothSolver:  Solving for Uz, Initial residual = 0.022480465, Final residual = 0.00029712271, No Iterations 3
GAMG:  Solving for p, Initial residual = 0.023465701, Final residual = 0.00013664199, No Iterations 3
GAMG:  Solving for p, Initial residual = 0.00038372546, Final residual = 2.8553577e-06, No Iterations 4
time step continuity errors : sum local = 9.5072133e-05, global = 3.3432336e-05, cumulative = -0.0019998118
smoothSolver:  Solving for omega, Initial residual = 0.0014737458, Final residual = 8.1524223e-06, No Iterations 2
smoothSolver:  Solving for k, Initial residual = 0.025283898, Final residual = 0.00023060962, No Iterations 2
ExecutionTime = 145.27748 s  ClockTime = 145 s

Time = 100s

smoothSolver:  Solving for Ux, Initial residual = 0.010952105, Final residual = 0.00014770076, No Iterations 3
smoothSolver:  Solving for Uy, Initial residual = 0.022274909, Final residual = 0.00028794137, No Iterations 3
smoothSolver:  Solving for Uz, Initial residual = 0.022471345, Final residual = 0.00029804185, No Iterations 3
GAMG:  Solving for p, Initial residual = 0.023904668, Final residual = 0.00013949773, No Iterations 3
GAMG:  Solving for p, Initial residual = 0.00039824729, Final residual = 3.4912514e-06, No Iterations 4
time step continuity errors : sum local = 0.00011560861, global = 4.3277269e-05, cumulative = -0.0019565345
smoothSolver:  Solving for omega, Initial residual = 0.0014778377, Final residual = 8.3416582e-06, No Iterations 2
smoothSolver:  Solving for k, Initial residual = 0.024931142, Final residual = 0.00023188319, No Iterations 2
ExecutionTime = 146.60728 s  ClockTime = 147 s

Time = 101s

smoothSolver:  Solving for Ux, Initial residual = 0.010946443, Final residual = 0.00014896515, No Iterations 3
smoothSolver:  Solving for Uy, Initial residual = 0.022144154, Final residual = 0.00028774007, No Iterations 3
smoothSolver:  Solving for Uz, Initial residual = 0.022437486, Final residual = 0.0002986503, No Iterations 3
GAMG:  Solving for p, Initial residual = 0.024211284, Final residual = 0.00014270809, No Iterations 3
GAMG:  Solving for p, Initial residual = 0.0004114366, Final residual = 3.9712823e-06, No Iterations 4
time step continuity errors : sum local = 0.0001309865, global = 5.3212849e-05, cumulative = -0.0019033217
smoothSolver:  Solving for omega, Initial residual = 0.0014687987, Final residual = 8.1511356e-06, No Iterations 2
smoothSolver:  Solving for k, Initial residual = 0.024587779, Final residual = 0.00023216781, No Iterations 2
ExecutionTime = 147.79644 s  ClockTime = 148 s

Time = 102s

smoothSolver:  Solving for Ux, Initial residual = 0.010935629, Final residual = 0.00015006456, No Iterations 3
smoothSolver:  Solving for Uy, Initial residual = 0.022075739, Final residual = 0.00028846073, No Iterations 3
smoothSolver:  Solving for Uz, Initial residual = 0.02238807, Final residual = 0.00029919468, No Iterations 3
GAMG:  Solving for p, Initial residual = 0.024408886, Final residual = 0.00014637606, No Iterations 3
GAMG:  Solving for p, Initial residual = 0.00042343884, Final residual = 3.615819e-06, No Iterations 4
time step continuity errors : sum local = 0.00011885998, global = 4.3383126e-05, cumulative = -0.0018599386
smoothSolver:  Solving for omega, Initial residual = 0.0014667668, Final residual = 8.4139165e-06, No Iterations 2
smoothSolver:  Solving for k, Initial residual = 0.024234563, Final residual = 0.00023251268, No Iterations 2
ExecutionTime = 149.10293 s  ClockTime = 149 s

Time = 103s

smoothSolver:  Solving for Ux, Initial residual = 0.010917553, Final residual = 0.00015099222, No Iterations 3
smoothSolver:  Solving for Uy, Initial residual = 0.022046812, Final residual = 0.00028972141, No Iterations 3
smoothSolver:  Solving for Uz, Initial residual = 0.022332461, Final residual = 0.00029963744, No Iterations 3
GAMG:  Solving for p, Initial residual = 0.024653693, Final residual = 0.00015030046, No Iterations 3
GAMG:  Solving for p, Initial residual = 0.00043574052, Final residual = 2.1375547e-06, No Iterations 4
time step continuity errors : sum local = 6.9991721e-05, global = 7.2518642e-06, cumulative = -0.0018526867
smoothSolver:  Solving for omega, Initial residual = 0.0014603784, Final residual = 8.2223877e-06, No Iterations 2
smoothSolver:  Solving for k, Initial residual = 0.023886481, Final residual = 0.00023229484, No Iterations 2
ExecutionTime = 150.29653 s  ClockTime = 150 s

Time = 104s

smoothSolver:  Solving for Ux, Initial residual = 0.010888229, Final residual = 0.00015169131, No Iterations 3
smoothSolver:  Solving for Uy, Initial residual = 0.022058058, Final residual = 0.00029143897, No Iterations 3
smoothSolver:  Solving for Uz, Initial residual = 0.022291713, Final residual = 0.00030004686, No Iterations 3
GAMG:  Solving for p, Initial residual = 0.024807741, Final residual = 0.00015297609, No Iterations 3
GAMG:  Solving for p, Initial residual = 0.00044755679, Final residual = 2.8720677e-06, No Iterations 4
time step continuity errors : sum local = 9.3717147e-05, global = -2.0460788e-05, cumulative = -0.0018731475
smoothSolver:  Solving for omega, Initial residual = 0.0014537585, Final residual = 8.3811866e-06, No Iterations 2
smoothSolver:  Solving for k, Initial residual = 0.023558212, Final residual = 0.00023228296, No Iterations 2
ExecutionTime = 151.51956 s  ClockTime = 152 s

Time = 105s

smoothSolver:  Solving for Ux, Initial residual = 0.01085022, Final residual = 0.00015219967, No Iterations 3
smoothSolver:  Solving for Uy, Initial residual = 0.022090221, Final residual = 0.00029351788, No Iterations 3
smoothSolver:  Solving for Uz, Initial residual = 0.022263897, Final residual = 0.00030066176, No Iterations 3
GAMG:  Solving for p, Initial residual = 0.024906709, Final residual = 0.00015428574, No Iterations 3
GAMG:  Solving for p, Initial residual = 0.00045667664, Final residual = 3.1283239e-06, No Iterations 4
time step continuity errors : sum local = 0.00010169566, global = -1.9828873e-05, cumulative = -0.0018929764
smoothSolver:  Solving for omega, Initial residual = 0.0014379404, Final residual = 8.183227e-06, No Iterations 2
smoothSolver:  Solving for k, Initial residual = 0.023244986, Final residual = 0.0002320995, No Iterations 2
ExecutionTime = 152.69499 s  ClockTime = 153 s

Time = 106s

smoothSolver:  Solving for Ux, Initial residual = 0.010803188, Final residual = 0.0001524588, No Iterations 3
smoothSolver:  Solving for Uy, Initial residual = 0.02213578, Final residual = 0.00029568054, No Iterations 3
smoothSolver:  Solving for Uz, Initial residual = 0.022243333, Final residual = 0.00030128192, No Iterations 3
GAMG:  Solving for p, Initial residual = 0.025032377, Final residual = 0.00015491225, No Iterations 3
GAMG:  Solving for p, Initial residual = 0.00046516223, Final residual = 3.1433527e-06, No Iterations 4
time step continuity errors : sum local = 0.00010177287, global = -1.8376964e-05, cumulative = -0.0019113533
smoothSolver:  Solving for omega, Initial residual = 0.0014338491, Final residual = 8.4016881e-06, No Iterations 2
smoothSolver:  Solving for k, Initial residual = 0.022970531, Final residual = 0.00023190286, No Iterations 2
ExecutionTime = 153.98468 s  ClockTime = 154 s

Time = 107s

smoothSolver:  Solving for Ux, Initial residual = 0.010751434, Final residual = 0.00015255819, No Iterations 3
smoothSolver:  Solving for Uy, Initial residual = 0.022196693, Final residual = 0.000297981, No Iterations 3
smoothSolver:  Solving for Uz, Initial residual = 0.022233364, Final residual = 0.00030190059, No Iterations 3
GAMG:  Solving for p, Initial residual = 0.025177541, Final residual = 0.00015518623, No Iterations 3
GAMG:  Solving for p, Initial residual = 0.00047445213, Final residual = 3.0480407e-06, No Iterations 4
time step continuity errors : sum local = 9.8293484e-05, global = -1.7113602e-05, cumulative = -0.0019284669
smoothSolver:  Solving for omega, Initial residual = 0.0014240471, Final residual = 8.188917e-06, No Iterations 2
smoothSolver:  Solving for k, Initial residual = 0.022737836, Final residual = 0.00023256426, No Iterations 2
ExecutionTime = 155.39661 s  ClockTime = 155 s

Time = 108s

smoothSolver:  Solving for Ux, Initial residual = 0.010692615, Final residual = 0.00015246619, No Iterations 3
smoothSolver:  Solving for Uy, Initial residual = 0.022265953, Final residual = 0.00030044978, No Iterations 3
smoothSolver:  Solving for Uz, Initial residual = 0.022235998, Final residual = 0.00030265265, No Iterations 3
GAMG:  Solving for p, Initial residual = 0.025283371, Final residual = 0.00015563299, No Iterations 3
GAMG:  Solving for p, Initial residual = 0.00048226562, Final residual = 2.9743335e-06, No Iterations 4
time step continuity errors : sum local = 9.5489787e-05, global = -1.7785974e-05, cumulative = -0.0019462529
smoothSolver:  Solving for omega, Initial residual = 0.0014145244, Final residual = 8.327523e-06, No Iterations 2
smoothSolver:  Solving for k, Initial residual = 0.022510124, Final residual = 0.00023232484, No Iterations 2
ExecutionTime = 157.05602 s  ClockTime = 157 s

Time = 109s

smoothSolver:  Solving for Ux, Initial residual = 0.010632372, Final residual = 0.0001522322, No Iterations 3
smoothSolver:  Solving for Uy, Initial residual = 0.0223495, Final residual = 0.00030300767, No Iterations 3
smoothSolver:  Solving for Uz, Initial residual = 0.022255301, Final residual = 0.00030348974, No Iterations 3
GAMG:  Solving for p, Initial residual = 0.025324446, Final residual = 0.00015608575, No Iterations 3
GAMG:  Solving for p, Initial residual = 0.00048936348, Final residual = 2.9114623e-06, No Iterations 4
time step continuity errors : sum local = 9.3086801e-05, global = -2.141028e-05, cumulative = -0.0019676632
smoothSolver:  Solving for omega, Initial residual = 0.0013993346, Final residual = 8.1307347e-06, No Iterations 2
smoothSolver:  Solving for k, Initial residual = 0.022341674, Final residual = 0.00023311242, No Iterations 2
ExecutionTime = 158.74673 s  ClockTime = 159 s

Time = 110s

smoothSolver:  Solving for Ux, Initial residual = 0.010568646, Final residual = 0.00015188347, No Iterations 3
smoothSolver:  Solving for Uy, Initial residual = 0.022445639, Final residual = 0.0003057779, No Iterations 3
smoothSolver:  Solving for Uz, Initial residual = 0.022292362, Final residual = 0.00030457833, No Iterations 3
GAMG:  Solving for p, Initial residual = 0.025347248, Final residual = 0.00015749376, No Iterations 3
GAMG:  Solving for p, Initial residual = 0.00049404301, Final residual = 2.9664271e-06, No Iterations 4
time step continuity errors : sum local = 9.4391603e-05, global = -2.7796345e-05, cumulative = -0.0019954595
smoothSolver:  Solving for omega, Initial residual = 0.0013920763, Final residual = 8.2560093e-06, No Iterations 2
smoothSolver:  Solving for k, Initial residual = 0.022166318, Final residual = 0.00023293074, No Iterations 2
ExecutionTime = 160.75982 s  ClockTime = 161 s

Time = 111s

smoothSolver:  Solving for Ux, Initial residual = 0.010506316, Final residual = 0.00015142709, No Iterations 3
smoothSolver:  Solving for Uy, Initial residual = 0.022555014, Final residual = 0.00030862024, No Iterations 3
smoothSolver:  Solving for Uz, Initial residual = 0.022338646, Final residual = 0.00030596288, No Iterations 3
GAMG:  Solving for p, Initial residual = 0.025353357, Final residual = 0.00015919584, No Iterations 3
GAMG:  Solving for p, Initial residual = 0.00049540915, Final residual = 3.0555417e-06, No Iterations 4
time step continuity errors : sum local = 9.6804948e-05, global = -3.7002776e-05, cumulative = -0.0020324623
smoothSolver:  Solving for omega, Initial residual = 0.0013820893, Final residual = 8.103495e-06, No Iterations 2
smoothSolver:  Solving for k, Initial residual = 0.022006541, Final residual = 0.00023276385, No Iterations 2
ExecutionTime = 162.58873 s  ClockTime = 163 s

Time = 112s

smoothSolver:  Solving for Ux, Initial residual = 0.010443875, Final residual = 0.00015085866, No Iterations 3
smoothSolver:  Solving for Uy, Initial residual = 0.022660871, Final residual = 0.00031166975, No Iterations 3
smoothSolver:  Solving for Uz, Initial residual = 0.022413695, Final residual = 0.00030759545, No Iterations 3
GAMG:  Solving for p, Initial residual = 0.025345418, Final residual = 0.00016037933, No Iterations 3
GAMG:  Solving for p, Initial residual = 0.0004937859, Final residual = 3.1692809e-06, No Iterations 4
time step continuity errors : sum local = 0.00010004847, global = -4.4718782e-05, cumulative = -0.0020771811
smoothSolver:  Solving for omega, Initial residual = 0.0013782247, Final residual = 8.2307995e-06, No Iterations 2
smoothSolver:  Solving for k, Initial residual = 0.021857954, Final residual = 0.00023271119, No Iterations 2
ExecutionTime = 164.14331 s  ClockTime = 164 s

Time = 113s

smoothSolver:  Solving for Ux, Initial residual = 0.010385411, Final residual = 0.00015021809, No Iterations 3
smoothSolver:  Solving for Uy, Initial residual = 0.02279043, Final residual = 0.00031490545, No Iterations 3
smoothSolver:  Solving for Uz, Initial residual = 0.022498021, Final residual = 0.00030942759, No Iterations 3
GAMG:  Solving for p, Initial residual = 0.025278473, Final residual = 0.00016028996, No Iterations 3
GAMG:  Solving for p, Initial residual = 0.00049307003, Final residual = 3.1823973e-06, No Iterations 4
time step continuity errors : sum local = 0.00010016803, global = -3.8734706e-05, cumulative = -0.0021159158
smoothSolver:  Solving for omega, Initial residual = 0.0013602385, Final residual = 7.9962218e-06, No Iterations 2
smoothSolver:  Solving for k, Initial residual = 0.021716305, Final residual = 0.0002320491, No Iterations 2
ExecutionTime = 165.47977 s  ClockTime = 166 s

Time = 114s

smoothSolver:  Solving for Ux, Initial residual = 0.010327774, Final residual = 0.00014952334, No Iterations 3
smoothSolver:  Solving for Uy, Initial residual = 0.022946565, Final residual = 0.00031849223, No Iterations 3
smoothSolver:  Solving for Uz, Initial residual = 0.022596373, Final residual = 0.00031139831, No Iterations 3
GAMG:  Solving for p, Initial residual = 0.025251081, Final residual = 0.00015922975, No Iterations 3
GAMG:  Solving for p, Initial residual = 0.00049100842, Final residual = 3.2103203e-06, No Iterations 4
time step continuity errors : sum local = 0.00010077378, global = -2.3816774e-05, cumulative = -0.0021397326
smoothSolver:  Solving for omega, Initial residual = 0.0013555212, Final residual = 8.2086117e-06, No Iterations 2
smoothSolver:  Solving for k, Initial residual = 0.02158987, Final residual = 0.00023159444, No Iterations 2
ExecutionTime = 166.72761 s  ClockTime = 167 s

Time = 115s

smoothSolver:  Solving for Ux, Initial residual = 0.01027592, Final residual = 0.00014878527, No Iterations 3
smoothSolver:  Solving for Uy, Initial residual = 0.023132044, Final residual = 0.00032256912, No Iterations 3
smoothSolver:  Solving for Uz, Initial residual = 0.022712333, Final residual = 0.00031344146, No Iterations 3
GAMG:  Solving for p, Initial residual = 0.025207121, Final residual = 0.00015717857, No Iterations 3
GAMG:  Solving for p, Initial residual = 0.00048656084, Final residual = 3.0716229e-06, No Iterations 4
time step continuity errors : sum local = 9.614157e-05, global = -1.3639844e-05, cumulative = -0.0021533724
smoothSolver:  Solving for omega, Initial residual = 0.0013502807, Final residual = 8.0965398e-06, No Iterations 2
smoothSolver:  Solving for k, Initial residual = 0.02145901, Final residual = 0.00023079497, No Iterations 2
ExecutionTime = 167.9681 s  ClockTime = 168 s

Time = 116s

smoothSolver:  Solving for Ux, Initial residual = 0.010227222, Final residual = 0.00014800247, No Iterations 3
smoothSolver:  Solving for Uy, Initial residual = 0.023329536, Final residual = 0.00032701326, No Iterations 3
smoothSolver:  Solving for Uz, Initial residual = 0.022839511, Final residual = 0.00031558456, No Iterations 3
GAMG:  Solving for p, Initial residual = 0.025177739, Final residual = 0.00015514983, No Iterations 3
GAMG:  Solving for p, Initial residual = 0.00048134253, Final residual = 3.1415444e-06, No Iterations 4
time step continuity errors : sum local = 9.7975011e-05, global = -2.1935961e-05, cumulative = -0.0021753084
smoothSolver:  Solving for omega, Initial residual = 0.0013481339, Final residual = 8.2938785e-06, No Iterations 2
smoothSolver:  Solving for k, Initial residual = 0.021345605, Final residual = 0.00023005226, No Iterations 2
ExecutionTime = 169.2022 s  ClockTime = 169 s

Time = 117s

smoothSolver:  Solving for Ux, Initial residual = 0.010183119, Final residual = 0.00014716634, No Iterations 3
smoothSolver:  Solving for Uy, Initial residual = 0.023554724, Final residual = 0.00033191661, No Iterations 3
smoothSolver:  Solving for Uz, Initial residual = 0.022985773, Final residual = 0.00031782996, No Iterations 3
GAMG:  Solving for p, Initial residual = 0.025216774, Final residual = 0.00015278059, No Iterations 3
GAMG:  Solving for p, Initial residual = 0.00047770725, Final residual = 2.8476987e-06, No Iterations 4
time step continuity errors : sum local = 8.835795e-05, global = -1.9960658e-05, cumulative = -0.002195269
smoothSolver:  Solving for omega, Initial residual = 0.0013382209, Final residual = 8.1529665e-06, No Iterations 2
smoothSolver:  Solving for k, Initial residual = 0.021247791, Final residual = 0.00022903682, No Iterations 2
ExecutionTime = 170.40567 s  ClockTime = 170 s

Time = 118s

smoothSolver:  Solving for Ux, Initial residual = 0.010141939, Final residual = 0.00014629418, No Iterations 3
smoothSolver:  Solving for Uy, Initial residual = 0.023807983, Final residual = 0.00033712102, No Iterations 3
smoothSolver:  Solving for Uz, Initial residual = 0.023145774, Final residual = 0.0003202569, No Iterations 3
GAMG:  Solving for p, Initial residual = 0.025318012, Final residual = 0.0001504804, No Iterations 3
GAMG:  Solving for p, Initial residual = 0.00047363604, Final residual = 2.3340945e-06, No Iterations 4
time step continuity errors : sum local = 7.1888223e-05, global = -1.0316586e-05, cumulative = -0.0022055856
smoothSolver:  Solving for omega, Initial residual = 0.0013408683, Final residual = 8.3077779e-06, No Iterations 2
smoothSolver:  Solving for k, Initial residual = 0.021167702, Final residual = 0.00022864521, No Iterations 2
ExecutionTime = 172.02547 s  ClockTime = 172 s

Time = 119s

smoothSolver:  Solving for Ux, Initial residual = 0.010104699, Final residual = 0.00014540187, No Iterations 3
smoothSolver:  Solving for Uy, Initial residual = 0.024086714, Final residual = 0.00034273417, No Iterations 3
smoothSolver:  Solving for Uz, Initial residual = 0.023318368, Final residual = 0.00032262184, No Iterations 3
GAMG:  Solving for p, Initial residual = 0.02544877, Final residual = 0.00014841833, No Iterations 3
GAMG:  Solving for p, Initial residual = 0.00046810133, Final residual = 1.8725092e-06, No Iterations 4
time step continuity errors : sum local = 5.713814e-05, global = 1.1801512e-05, cumulative = -0.0021937841
smoothSolver:  Solving for omega, Initial residual = 0.0013396642, Final residual = 8.2117889e-06, No Iterations 2
smoothSolver:  Solving for k, Initial residual = 0.021110503, Final residual = 0.00022795774, No Iterations 2
ExecutionTime = 173.86927 s  ClockTime = 174 s

Time = 120s

smoothSolver:  Solving for Ux, Initial residual = 0.010067578, Final residual = 0.0001445494, No Iterations 3
smoothSolver:  Solving for Uy, Initial residual = 0.024397076, Final residual = 0.00034894153, No Iterations 3
smoothSolver:  Solving for Uz, Initial residual = 0.023493376, Final residual = 0.0003250362, No Iterations 3
GAMG:  Solving for p, Initial residual = 0.025479302, Final residual = 0.00014768246, No Iterations 3
GAMG:  Solving for p, Initial residual = 0.00046391734, Final residual = 2.0021525e-06, No Iterations 4
time step continuity errors : sum local = 6.0434142e-05, global = 2.1798196e-05, cumulative = -0.0021719859
smoothSolver:  Solving for omega, Initial residual = 0.0013466162, Final residual = 8.4230554e-06, No Iterations 2
smoothSolver:  Solving for k, Initial residual = 0.021047634, Final residual = 0.00022752552, No Iterations 2
ExecutionTime = 175.59284 s  ClockTime = 176 s

Time = 121s

smoothSolver:  Solving for Ux, Initial residual = 0.010028662, Final residual = 0.00014373156, No Iterations 3
smoothSolver:  Solving for Uy, Initial residual = 0.02472495, Final residual = 0.00035547662, No Iterations 3
smoothSolver:  Solving for Uz, Initial residual = 0.023665619, Final residual = 0.00032743835, No Iterations 3
GAMG:  Solving for p, Initial residual = 0.025543284, Final residual = 0.00014849571, No Iterations 3
GAMG:  Solving for p, Initial residual = 0.00046293069, Final residual = 2.019631e-06, No Iterations 4
time step continuity errors : sum local = 6.027049e-05, global = 1.7817175e-05, cumulative = -0.0021541687
smoothSolver:  Solving for omega, Initial residual = 0.0013422632, Final residual = 8.3090679e-06, No Iterations 2
smoothSolver:  Solving for k, Initial residual = 0.021007074, Final residual = 0.00022693264, No Iterations 2
ExecutionTime = 177.13093 s  ClockTime = 177 s

Time = 122s

smoothSolver:  Solving for Ux, Initial residual = 0.0099895527, Final residual = 0.00014298508, No Iterations 3
smoothSolver:  Solving for Uy, Initial residual = 0.025064894, Final residual = 0.00036207377, No Iterations 3
smoothSolver:  Solving for Uz, Initial residual = 0.02383961, Final residual = 0.00032965291, No Iterations 3
GAMG:  Solving for p, Initial residual = 0.025693338, Final residual = 0.00015022205, No Iterations 3
GAMG:  Solving for p, Initial residual = 0.00046392698, Final residual = 2.1122832e-06, No Iterations 4
time step continuity errors : sum local = 6.2301479e-05, global = 2.0145934e-05, cumulative = -0.0021340228
smoothSolver:  Solving for omega, Initial residual = 0.0013481662, Final residual = 8.4658841e-06, No Iterations 2
smoothSolver:  Solving for k, Initial residual = 0.020955997, Final residual = 0.00022634222, No Iterations 2
ExecutionTime = 178.5437 s  ClockTime = 179 s

Time = 123s

smoothSolver:  Solving for Ux, Initial residual = 0.0099495556, Final residual = 0.00014230069, No Iterations 3
smoothSolver:  Solving for Uy, Initial residual = 0.02539461, Final residual = 0.00036831432, No Iterations 3
smoothSolver:  Solving for Uz, Initial residual = 0.024014683, Final residual = 0.00033193251, No Iterations 3
GAMG:  Solving for p, Initial residual = 0.025876286, Final residual = 0.00015187843, No Iterations 3
GAMG:  Solving for p, Initial residual = 0.00046694247, Final residual = 2.2923292e-06, No Iterations 4
time step continuity errors : sum local = 6.6809846e-05, global = 2.3344717e-05, cumulative = -0.0021106781
smoothSolver:  Solving for omega, Initial residual = 0.0013474813, Final residual = 8.4126109e-06, No Iterations 2
smoothSolver:  Solving for k, Initial residual = 0.020930871, Final residual = 0.00022593496, No Iterations 2
ExecutionTime = 179.93287 s  ClockTime = 180 s

Time = 124s

smoothSolver:  Solving for Ux, Initial residual = 0.0099105239, Final residual = 0.00014167728, No Iterations 3
smoothSolver:  Solving for Uy, Initial residual = 0.02570887, Final residual = 0.00037393407, No Iterations 3
smoothSolver:  Solving for Uz, Initial residual = 0.024200463, Final residual = 0.00033419881, No Iterations 3
GAMG:  Solving for p, Initial residual = 0.026004946, Final residual = 0.00015217041, No Iterations 3
GAMG:  Solving for p, Initial residual = 0.00046903742, Final residual = 2.3477584e-06, No Iterations 4
time step continuity errors : sum local = 6.7587433e-05, global = 1.9177568e-05, cumulative = -0.0020915005
smoothSolver:  Solving for omega, Initial residual = 0.001354368, Final residual = 8.6257764e-06, No Iterations 2
smoothSolver:  Solving for k, Initial residual = 0.020880442, Final residual = 0.00022527948, No Iterations 2
ExecutionTime = 181.20556 s  ClockTime = 181 s

Time = 125s

smoothSolver:  Solving for Ux, Initial residual = 0.0098725197, Final residual = 0.00014105046, No Iterations 3
smoothSolver:  Solving for Uy, Initial residual = 0.025993981, Final residual = 0.00037880906, No Iterations 3
smoothSolver:  Solving for Uz, Initial residual = 0.024407251, Final residual = 0.00033720228, No Iterations 3
GAMG:  Solving for p, Initial residual = 0.026131673, Final residual = 0.00015132861, No Iterations 3
GAMG:  Solving for p, Initial residual = 0.00047118741, Final residual = 2.364487e-06, No Iterations 4
time step continuity errors : sum local = 6.720434e-05, global = 5.5044569e-06, cumulative = -0.0020859961
smoothSolver:  Solving for omega, Initial residual = 0.0013464521, Final residual = 8.4663696e-06, No Iterations 2
smoothSolver:  Solving for k, Initial residual = 0.020850658, Final residual = 0.00022488651, No Iterations 2
ExecutionTime = 182.91324 s  ClockTime = 183 s

Time = 126s

smoothSolver:  Solving for Ux, Initial residual = 0.0098319145, Final residual = 0.00014039387, No Iterations 3
smoothSolver:  Solving for Uy, Initial residual = 0.026253284, Final residual = 0.00038288663, No Iterations 3
smoothSolver:  Solving for Uz, Initial residual = 0.024632429, Final residual = 0.00034079606, No Iterations 3
GAMG:  Solving for p, Initial residual = 0.026313637, Final residual = 0.00015020551, No Iterations 3
GAMG:  Solving for p, Initial residual = 0.00047228904, Final residual = 2.5322796e-06, No Iterations 4
time step continuity errors : sum local = 7.1037928e-05, global = 1.3449815e-06, cumulative = -0.0020846511
smoothSolver:  Solving for omega, Initial residual = 0.0013508013, Final residual = 8.6700114e-06, No Iterations 2
smoothSolver:  Solving for k, Initial residual = 0.020816047, Final residual = 0.00022433503, No Iterations 2
ExecutionTime = 184.78188 s  ClockTime = 185 s

Time = 127s

smoothSolver:  Solving for Ux, Initial residual = 0.0097891306, Final residual = 0.00013972204, No Iterations 3
smoothSolver:  Solving for Uy, Initial residual = 0.026475603, Final residual = 0.000386565, No Iterations 3
smoothSolver:  Solving for Uz, Initial residual = 0.024872445, Final residual = 0.00034516704, No Iterations 3
GAMG:  Solving for p, Initial residual = 0.026556607, Final residual = 0.00014969067, No Iterations 3
GAMG:  Solving for p, Initial residual = 0.00047550361, Final residual = 2.6134003e-06, No Iterations 4
time step continuity errors : sum local = 7.2364076e-05, global = -6.9524518e-07, cumulative = -0.0020853463
smoothSolver:  Solving for omega, Initial residual = 0.0013467648, Final residual = 8.5950977e-06, No Iterations 2
smoothSolver:  Solving for k, Initial residual = 0.020792647, Final residual = 0.00022360491, No Iterations 2
ExecutionTime = 186.46518 s  ClockTime = 187 s

Time = 128s

smoothSolver:  Solving for Ux, Initial residual = 0.0097435014, Final residual = 0.00013909446, No Iterations 3
smoothSolver:  Solving for Uy, Initial residual = 0.026682731, Final residual = 0.00038975958, No Iterations 3
smoothSolver:  Solving for Uz, Initial residual = 0.025119495, Final residual = 0.00035023335, No Iterations 3
GAMG:  Solving for p, Initial residual = 0.026765236, Final residual = 0.00014910423, No Iterations 3
GAMG:  Solving for p, Initial residual = 0.00047967867, Final residual = 2.5560887e-06, No Iterations 4
time step continuity errors : sum local = 6.9894566e-05, global = -5.256255e-06, cumulative = -0.0020906026
smoothSolver:  Solving for omega, Initial residual = 0.0013488868, Final residual = 8.749212e-06, No Iterations 2
smoothSolver:  Solving for k, Initial residual = 0.020751659, Final residual = 0.0002230926, No Iterations 2
ExecutionTime = 188.09452 s  ClockTime = 188 s

Time = 129s

smoothSolver:  Solving for Ux, Initial residual = 0.0097016202, Final residual = 0.00013853678, No Iterations 3
smoothSolver:  Solving for Uy, Initial residual = 0.02687901, Final residual = 0.00039303999, No Iterations 3
smoothSolver:  Solving for Uz, Initial residual = 0.025378257, Final residual = 0.00035570363, No Iterations 3
GAMG:  Solving for p, Initial residual = 0.026965317, Final residual = 0.00014856917, No Iterations 3
GAMG:  Solving for p, Initial residual = 0.00048500885, Final residual = 2.6022972e-06, No Iterations 4
time step continuity errors : sum local = 7.0291786e-05, global = -1.0766505e-05, cumulative = -0.0021013691
smoothSolver:  Solving for omega, Initial residual = 0.0013371516, Final residual = 8.5806579e-06, No Iterations 2
smoothSolver:  Solving for k, Initial residual = 0.020727274, Final residual = 0.00022258495, No Iterations 2
ExecutionTime = 189.49354 s  ClockTime = 190 s

Time = 130s

smoothSolver:  Solving for Ux, Initial residual = 0.0096649352, Final residual = 0.00013803169, No Iterations 3
smoothSolver:  Solving for Uy, Initial residual = 0.027071997, Final residual = 0.00039645976, No Iterations 3
smoothSolver:  Solving for Uz, Initial residual = 0.025644257, Final residual = 0.00036145796, No Iterations 3
GAMG:  Solving for p, Initial residual = 0.027151612, Final residual = 0.00014884934, No Iterations 3
GAMG:  Solving for p, Initial residual = 0.00049325381, Final residual = 2.564545e-06, No Iterations 4
time step continuity errors : sum local = 6.8432576e-05, global = -1.7926947e-05, cumulative = -0.002119296
smoothSolver:  Solving for omega, Initial residual = 0.0013380129, Final residual = 8.7727048e-06, No Iterations 2
smoothSolver:  Solving for k, Initial residual = 0.020680313, Final residual = 0.00022200085, No Iterations 2
ExecutionTime = 190.89055 s  ClockTime = 191 s

Time = 131s

smoothSolver:  Solving for Ux, Initial residual = 0.0096334559, Final residual = 0.00013757859, No Iterations 3
smoothSolver:  Solving for Uy, Initial residual = 0.027285714, Final residual = 0.00040027283, No Iterations 3
smoothSolver:  Solving for Uz, Initial residual = 0.02591315, Final residual = 0.00036715459, No Iterations 3
GAMG:  Solving for p, Initial residual = 0.027342105, Final residual = 0.00015025357, No Iterations 3
GAMG:  Solving for p, Initial residual = 0.00050691654, Final residual = 2.7066162e-06, No Iterations 4
time step continuity errors : sum local = 7.1376655e-05, global = -2.6108309e-05, cumulative = -0.0021454043
smoothSolver:  Solving for omega, Initial residual = 0.0013338075, Final residual = 8.6402056e-06, No Iterations 2
smoothSolver:  Solving for k, Initial residual = 0.020641375, Final residual = 0.00022142516, No Iterations 2
ExecutionTime = 192.37983 s  ClockTime = 192 s

Time = 132s

smoothSolver:  Solving for Ux, Initial residual = 0.0096063767, Final residual = 0.00013716606, No Iterations 3
smoothSolver:  Solving for Uy, Initial residual = 0.027521464, Final residual = 0.00040473985, No Iterations 3
smoothSolver:  Solving for Uz, Initial residual = 0.026185928, Final residual = 0.0003730036, No Iterations 3
GAMG:  Solving for p, Initial residual = 0.027448185, Final residual = 0.00015136562, No Iterations 3
GAMG:  Solving for p, Initial residual = 0.00052284111, Final residual = 2.9772671e-06, No Iterations 4
time step continuity errors : sum local = 7.7608646e-05, global = -2.656108e-05, cumulative = -0.0021719654
smoothSolver:  Solving for omega, Initial residual = 0.0013332893, Final residual = 8.8913855e-06, No Iterations 2
smoothSolver:  Solving for k, Initial residual = 0.02058812, Final residual = 0.0002204829, No Iterations 2
ExecutionTime = 193.72813 s  ClockTime = 194 s

Time = 133s

smoothSolver:  Solving for Ux, Initial residual = 0.0095856625, Final residual = 0.0001367947, No Iterations 3
smoothSolver:  Solving for Uy, Initial residual = 0.027788666, Final residual = 0.00040976574, No Iterations 3
smoothSolver:  Solving for Uz, Initial residual = 0.026461413, Final residual = 0.00037866079, No Iterations 3
GAMG:  Solving for p, Initial residual = 0.0275048, Final residual = 0.00015207997, No Iterations 3
GAMG:  Solving for p, Initial residual = 0.00054322625, Final residual = 3.1880108e-06, No Iterations 4
time step continuity errors : sum local = 8.215065e-05, global = -2.466194e-05, cumulative = -0.0021966274
smoothSolver:  Solving for omega, Initial residual = 0.0013257727, Final residual = 8.6768309e-06, No Iterations 2
smoothSolver:  Solving for k, Initial residual = 0.020543711, Final residual = 0.00021960454, No Iterations 2
ExecutionTime = 195.19421 s  ClockTime = 195 s

Time = 134s

smoothSolver:  Solving for Ux, Initial residual = 0.009567918, Final residual = 0.00013644085, No Iterations 3
smoothSolver:  Solving for Uy, Initial residual = 0.028080443, Final residual = 0.00041546245, No Iterations 3
smoothSolver:  Solving for Uz, Initial residual = 0.026749687, Final residual = 0.00038434645, No Iterations 3
GAMG:  Solving for p, Initial residual = 0.027560242, Final residual = 0.00015179213, No Iterations 3
GAMG:  Solving for p, Initial residual = 0.00056091148, Final residual = 3.3875205e-06, No Iterations 4
time step continuity errors : sum local = 8.6276374e-05, global = -2.3220095e-05, cumulative = -0.0022198475
smoothSolver:  Solving for omega, Initial residual = 0.0013238166, Final residual = 8.9080778e-06, No Iterations 2
smoothSolver:  Solving for k, Initial residual = 0.020483687, Final residual = 0.00021872291, No Iterations 2
ExecutionTime = 196.66696 s  ClockTime = 197 s

Time = 135s

smoothSolver:  Solving for Ux, Initial residual = 0.0095516443, Final residual = 0.00013607163, No Iterations 3
smoothSolver:  Solving for Uy, Initial residual = 0.028384088, Final residual = 0.00042149011, No Iterations 3
smoothSolver:  Solving for Uz, Initial residual = 0.027039104, Final residual = 0.00038970895, No Iterations 3
GAMG:  Solving for p, Initial residual = 0.027599297, Final residual = 0.0001525488, No Iterations 3
GAMG:  Solving for p, Initial residual = 0.00057680076, Final residual = 3.5132352e-06, No Iterations 4
time step continuity errors : sum local = 8.8414228e-05, global = -2.1902368e-05, cumulative = -0.0022417498
smoothSolver:  Solving for omega, Initial residual = 0.0013220406, Final residual = 8.7710492e-06, No Iterations 2
smoothSolver:  Solving for k, Initial residual = 0.020427886, Final residual = 0.00021726067, No Iterations 2
ExecutionTime = 197.94758 s  ClockTime = 198 s

Time = 136s

smoothSolver:  Solving for Ux, Initial residual = 0.0095335402, Final residual = 0.00013564715, No Iterations 3
smoothSolver:  Solving for Uy, Initial residual = 0.028718416, Final residual = 0.00042822457, No Iterations 3
smoothSolver:  Solving for Uz, Initial residual = 0.027348738, Final residual = 0.0003952994, No Iterations 3
GAMG:  Solving for p, Initial residual = 0.027563351, Final residual = 0.00015231198, No Iterations 3
GAMG:  Solving for p, Initial residual = 0.00058573913, Final residual = 3.4421151e-06, No Iterations 4
time step continuity errors : sum local = 8.5585772e-05, global = -1.9429034e-05, cumulative = -0.0022611789
smoothSolver:  Solving for omega, Initial residual = 0.0013256617, Final residual = 8.9838185e-06, No Iterations 2
smoothSolver:  Solving for k, Initial residual = 0.020355039, Final residual = 0.00021584684, No Iterations 2
ExecutionTime = 199.2113 s  ClockTime = 199 s

Time = 137s

smoothSolver:  Solving for Ux, Initial residual = 0.0095117926, Final residual = 0.00013512333, No Iterations 3
smoothSolver:  Solving for Uy, Initial residual = 0.029066209, Final residual = 0.00043549879, No Iterations 3
smoothSolver:  Solving for Uz, Initial residual = 0.027662828, Final residual = 0.00040102474, No Iterations 3
GAMG:  Solving for p, Initial residual = 0.027489353, Final residual = 0.00015079249, No Iterations 3
GAMG:  Solving for p, Initial residual = 0.00058902959, Final residual = 3.2054232e-06, No Iterations 4
time step continuity errors : sum local = 7.8696544e-05, global = -1.6827812e-05, cumulative = -0.0022780067
smoothSolver:  Solving for omega, Initial residual = 0.0013173521, Final residual = 8.7765458e-06, No Iterations 2
smoothSolver:  Solving for k, Initial residual = 0.020275387, Final residual = 0.00021393603, No Iterations 2
ExecutionTime = 200.63705 s  ClockTime = 201 s

Time = 138s

smoothSolver:  Solving for Ux, Initial residual = 0.0094862163, Final residual = 0.00013452825, No Iterations 3
smoothSolver:  Solving for Uy, Initial residual = 0.029438348, Final residual = 0.00044334575, No Iterations 3
smoothSolver:  Solving for Uz, Initial residual = 0.027993724, Final residual = 0.0004072502, No Iterations 3
GAMG:  Solving for p, Initial residual = 0.027534603, Final residual = 0.00014864538, No Iterations 3
GAMG:  Solving for p, Initial residual = 0.00058875875, Final residual = 2.7807676e-06, No Iterations 4
time step continuity errors : sum local = 6.7378609e-05, global = -1.3320174e-05, cumulative = -0.0022913268
smoothSolver:  Solving for omega, Initial residual = 0.0013154996, Final residual = 8.888794e-06, No Iterations 2
smoothSolver:  Solving for k, Initial residual = 0.02018041, Final residual = 0.00021133103, No Iterations 2
ExecutionTime = 201.97701 s  ClockTime = 202 s

Time = 139s

smoothSolver:  Solving for Ux, Initial residual = 0.009456729, Final residual = 0.00013384755, No Iterations 3
smoothSolver:  Solving for Uy, Initial residual = 0.029824885, Final residual = 0.00045115602, No Iterations 3
smoothSolver:  Solving for Uz, Initial residual = 0.028324618, Final residual = 0.00041348518, No Iterations 3
GAMG:  Solving for p, Initial residual = 0.027719297, Final residual = 0.00014686276, No Iterations 3
GAMG:  Solving for p, Initial residual = 0.00059081382, Final residual = 2.38725e-06, No Iterations 4
time step continuity errors : sum local = 5.7074317e-05, global = -5.8137156e-06, cumulative = -0.0022971406
smoothSolver:  Solving for omega, Initial residual = 0.0013139031, Final residual = 8.7543946e-06, No Iterations 2
smoothSolver:  Solving for k, Initial residual = 0.020067301, Final residual = 0.00020842437, No Iterations 2
ExecutionTime = 203.25669 s  ClockTime = 203 s

Time = 140s

smoothSolver:  Solving for Ux, Initial residual = 0.0094262769, Final residual = 0.00013306911, No Iterations 3
smoothSolver:  Solving for Uy, Initial residual = 0.030238623, Final residual = 0.00045881914, No Iterations 3
smoothSolver:  Solving for Uz, Initial residual = 0.028658951, Final residual = 0.00041981417, No Iterations 3
GAMG:  Solving for p, Initial residual = 0.027892338, Final residual = 0.0001460528, No Iterations 3
GAMG:  Solving for p, Initial residual = 0.0005949015, Final residual = 2.4033501e-06, No Iterations 4
time step continuity errors : sum local = 5.6704737e-05, global = 5.4291428e-06, cumulative = -0.0022917114
smoothSolver:  Solving for omega, Initial residual = 0.0013170823, Final residual = 8.9501739e-06, No Iterations 2
smoothSolver:  Solving for k, Initial residual = 0.019939479, Final residual = 0.00020519061, No Iterations 2
ExecutionTime = 204.76138 s  ClockTime = 205 s

Time = 141s

smoothSolver:  Solving for Ux, Initial residual = 0.0093948573, Final residual = 0.00013223394, No Iterations 3
smoothSolver:  Solving for Uy, Initial residual = 0.030656717, Final residual = 0.00046578367, No Iterations 3
smoothSolver:  Solving for Uz, Initial residual = 0.02898392, Final residual = 0.00042556621, No Iterations 3
GAMG:  Solving for p, Initial residual = 0.028078119, Final residual = 0.00014505879, No Iterations 3
GAMG:  Solving for p, Initial residual = 0.00060113778, Final residual = 5.6393555e-06, No Iterations 3
time step continuity errors : sum local = 0.00013137636, global = -2.927243e-05, cumulative = -0.0023209838
smoothSolver:  Solving for omega, Initial residual = 0.0013103512, Final residual = 8.7019816e-06, No Iterations 2
smoothSolver:  Solving for k, Initial residual = 0.019794795, Final residual = 0.00020176773, No Iterations 2
ExecutionTime = 206.42289 s  ClockTime = 206 s

Time = 142s

smoothSolver:  Solving for Ux, Initial residual = 0.0093602509, Final residual = 0.0001313263, No Iterations 3
smoothSolver:  Solving for Uy, Initial residual = 0.031061972, Final residual = 0.00047212035, No Iterations 3
smoothSolver:  Solving for Uz, Initial residual = 0.029307724, Final residual = 0.00043068474, No Iterations 3
GAMG:  Solving for p, Initial residual = 0.028217637, Final residual = 0.00014374693, No Iterations 3
GAMG:  Solving for p, Initial residual = 0.00060577009, Final residual = 5.3893284e-06, No Iterations 3
time step continuity errors : sum local = 0.00012401796, global = -2.7380743e-05, cumulative = -0.0023483646
smoothSolver:  Solving for omega, Initial residual = 0.0013113291, Final residual = 8.8639872e-06, No Iterations 2
smoothSolver:  Solving for k, Initial residual = 0.01963888, Final residual = 0.00019806455, No Iterations 2
ExecutionTime = 208.18155 s  ClockTime = 208 s

Time = 143s

smoothSolver:  Solving for Ux, Initial residual = 0.0093214311, Final residual = 0.00013032843, No Iterations 3
smoothSolver:  Solving for Uy, Initial residual = 0.031441841, Final residual = 0.00047730021, No Iterations 3
smoothSolver:  Solving for Uz, Initial residual = 0.0296153, Final residual = 0.00043467848, No Iterations 3
GAMG:  Solving for p, Initial residual = 0.028364314, Final residual = 0.00014338882, No Iterations 3
GAMG:  Solving for p, Initial residual = 0.00060854526, Final residual = 2.9523819e-06, No Iterations 4
time step continuity errors : sum local = 6.712645e-05, global = 1.8478948e-05, cumulative = -0.0023298856
smoothSolver:  Solving for omega, Initial residual = 0.0013089046, Final residual = 8.7133849e-06, No Iterations 2
smoothSolver:  Solving for k, Initial residual = 0.019460521, Final residual = 0.00019414603, No Iterations 2
ExecutionTime = 210.0428 s  ClockTime = 210 s

Time = 144s

smoothSolver:  Solving for Ux, Initial residual = 0.0092763812, Final residual = 0.00012923918, No Iterations 3
smoothSolver:  Solving for Uy, Initial residual = 0.031780196, Final residual = 0.00048166496, No Iterations 3
smoothSolver:  Solving for Uz, Initial residual = 0.029901136, Final residual = 0.00043796311, No Iterations 3
GAMG:  Solving for p, Initial residual = 0.028492837, Final residual = 0.00014418619, No Iterations 3
GAMG:  Solving for p, Initial residual = 0.00061039056, Final residual = 3.4431589e-06, No Iterations 4
time step continuity errors : sum local = 7.7367253e-05, global = 2.3679004e-05, cumulative = -0.0023062066
smoothSolver:  Solving for omega, Initial residual = 0.001309436, Final residual = 8.7939982e-06, No Iterations 2
smoothSolver:  Solving for k, Initial residual = 0.01927422, Final residual = 0.00018977449, No Iterations 2
ExecutionTime = 211.57918 s  ClockTime = 212 s

Time = 145s

smoothSolver:  Solving for Ux, Initial residual = 0.009223268, Final residual = 0.00012805797, No Iterations 3
smoothSolver:  Solving for Uy, Initial residual = 0.032075231, Final residual = 0.00048500051, No Iterations 3
smoothSolver:  Solving for Uz, Initial residual = 0.030167624, Final residual = 0.00044038127, No Iterations 3
GAMG:  Solving for p, Initial residual = 0.028506841, Final residual = 0.00014697021, No Iterations 3
GAMG:  Solving for p, Initial residual = 0.00061116501, Final residual = 4.1796466e-06, No Iterations 4
time step continuity errors : sum local = 9.2859656e-05, global = 3.141638e-05, cumulative = -0.0022747903
smoothSolver:  Solving for omega, Initial residual = 0.0013014318, Final residual = 8.6247298e-06, No Iterations 2
smoothSolver:  Solving for k, Initial residual = 0.0190804, Final residual = 0.00018530671, No Iterations 2
ExecutionTime = 212.94051 s  ClockTime = 213 s

Time = 146s

smoothSolver:  Solving for Ux, Initial residual = 0.0091613003, Final residual = 0.00012677356, No Iterations 3
smoothSolver:  Solving for Uy, Initial residual = 0.03233645, Final residual = 0.00048772167, No Iterations 3
smoothSolver:  Solving for Uz, Initial residual = 0.030396346, Final residual = 0.00044271062, No Iterations 3
GAMG:  Solving for p, Initial residual = 0.028466172, Final residual = 0.00015196658, No Iterations 3
GAMG:  Solving for p, Initial residual = 0.00061437087, Final residual = 4.3580828e-06, No Iterations 4
time step continuity errors : sum local = 9.5756521e-05, global = 3.4498639e-05, cumulative = -0.0022402916
smoothSolver:  Solving for omega, Initial residual = 0.0012982349, Final residual = 8.70171e-06, No Iterations 2
smoothSolver:  Solving for k, Initial residual = 0.0188683, Final residual = 0.00018032889, No Iterations 2
ExecutionTime = 214.24695 s  ClockTime = 214 s

Time = 147s

smoothSolver:  Solving for Ux, Initial residual = 0.0090891133, Final residual = 0.000125335, No Iterations 3
smoothSolver:  Solving for Uy, Initial residual = 0.032572572, Final residual = 0.00048980426, No Iterations 3
smoothSolver:  Solving for Uz, Initial residual = 0.030626414, Final residual = 0.00044479324, No Iterations 3
GAMG:  Solving for p, Initial residual = 0.028342879, Final residual = 0.00015809184, No Iterations 3
GAMG:  Solving for p, Initial residual = 0.00061075587, Final residual = 4.1127003e-06, No Iterations 4
time step continuity errors : sum local = 8.9379881e-05, global = 3.1407472e-05, cumulative = -0.0022088841
smoothSolver:  Solving for omega, Initial residual = 0.0012900812, Final residual = 8.5807262e-06, No Iterations 2
smoothSolver:  Solving for k, Initial residual = 0.018636517, Final residual = 0.00017525292, No Iterations 2
ExecutionTime = 215.5 s  ClockTime = 216 s

Time = 148s

smoothSolver:  Solving for Ux, Initial residual = 0.0090061226, Final residual = 0.00012374166, No Iterations 3
smoothSolver:  Solving for Uy, Initial residual = 0.032805674, Final residual = 0.0004918698, No Iterations 3
smoothSolver:  Solving for Uz, Initial residual = 0.03084482, Final residual = 0.00044718384, No Iterations 3
GAMG:  Solving for p, Initial residual = 0.028227825, Final residual = 0.00016427164, No Iterations 3
GAMG:  Solving for p, Initial residual = 0.00060673095, Final residual = 4.0084004e-06, No Iterations 4
time step continuity errors : sum local = 8.6130611e-05, global = 2.9381602e-05, cumulative = -0.0021795025
smoothSolver:  Solving for omega, Initial residual = 0.0012843504, Final residual = 8.6472752e-06, No Iterations 2
smoothSolver:  Solving for k, Initial residual = 0.01838646, Final residual = 0.00016982357, No Iterations 2
ExecutionTime = 216.76602 s  ClockTime = 217 s

Time = 149s

smoothSolver:  Solving for Ux, Initial residual = 0.0089127798, Final residual = 0.00012197983, No Iterations 3
smoothSolver:  Solving for Uy, Initial residual = 0.033025969, Final residual = 0.00049377724, No Iterations 3
smoothSolver:  Solving for Uz, Initial residual = 0.03108379, Final residual = 0.00044943189, No Iterations 3
GAMG:  Solving for p, Initial residual = 0.028142, Final residual = 0.00016936531, No Iterations 3
GAMG:  Solving for p, Initial residual = 0.00060705272, Final residual = 4.0262646e-06, No Iterations 4
time step continuity errors : sum local = 8.5466657e-05, global = 2.8209416e-05, cumulative = -0.0021512931
smoothSolver:  Solving for omega, Initial residual = 0.0012632525, Final residual = 8.3657798e-06, No Iterations 2
smoothSolver:  Solving for k, Initial residual = 0.018127413, Final residual = 0.00016456313, No Iterations 2
ExecutionTime = 217.99817 s  ClockTime = 218 s

Time = 150s

smoothSolver:  Solving for Ux, Initial residual = 0.008808091, Final residual = 0.00012002496, No Iterations 3
smoothSolver:  Solving for Uy, Initial residual = 0.033248997, Final residual = 0.00049547664, No Iterations 3
smoothSolver:  Solving for Uz, Initial residual = 0.031311126, Final residual = 0.00045182008, No Iterations 3
GAMG:  Solving for p, Initial residual = 0.028103242, Final residual = 0.0001746911, No Iterations 3
GAMG:  Solving for p, Initial residual = 0.00061071932, Final residual = 4.0700183e-06, No Iterations 4
time step continuity errors : sum local = 8.521753e-05, global = 2.6876522e-05, cumulative = -0.0021244166
smoothSolver:  Solving for omega, Initial residual = 0.0012525367, Final residual = 8.4378616e-06, No Iterations 2
smoothSolver:  Solving for k, Initial residual = 0.017852527, Final residual = 0.00015911727, No Iterations 2
ExecutionTime = 219.29904 s  ClockTime = 219 s

Time = 151s

smoothSolver:  Solving for Ux, Initial residual = 0.0086946837, Final residual = 0.00011788176, No Iterations 3
smoothSolver:  Solving for Uy, Initial residual = 0.0334646, Final residual = 0.00049708425, No Iterations 3
smoothSolver:  Solving for Uz, Initial residual = 0.031537628, Final residual = 0.00045367088, No Iterations 3
GAMG:  Solving for p, Initial residual = 0.028190338, Final residual = 0.0001807808, No Iterations 3
GAMG:  Solving for p, Initial residual = 0.0006167121, Final residual = 4.1374235e-06, No Iterations 4
time step continuity errors : sum local = 8.5263984e-05, global = 2.5565926e-05, cumulative = -0.0020988507
smoothSolver:  Solving for omega, Initial residual = 0.0012391363, Final residual = 8.235691e-06, No Iterations 2
smoothSolver:  Solving for k, Initial residual = 0.017561808, Final residual = 0.00015385878, No Iterations 2
ExecutionTime = 220.65457 s  ClockTime = 221 s

Time = 152s

smoothSolver:  Solving for Ux, Initial residual = 0.0085713884, Final residual = 0.00011556323, No Iterations 3
smoothSolver:  Solving for Uy, Initial residual = 0.033680202, Final residual = 0.0004983216, No Iterations 3
smoothSolver:  Solving for Uz, Initial residual = 0.031727985, Final residual = 0.00045488981, No Iterations 3
GAMG:  Solving for p, Initial residual = 0.028267629, Final residual = 0.00018730839, No Iterations 3
GAMG:  Solving for p, Initial residual = 0.00062482089, Final residual = 4.1645851e-06, No Iterations 4
time step continuity errors : sum local = 8.432308e-05, global = 2.412806e-05, cumulative = -0.0020747226
smoothSolver:  Solving for omega, Initial residual = 0.0012286443, Final residual = 8.2438618e-06, No Iterations 2
smoothSolver:  Solving for k, Initial residual = 0.017259876, Final residual = 0.00014864593, No Iterations 2
ExecutionTime = 222.07593 s  ClockTime = 222 s

Time = 153s

smoothSolver:  Solving for Ux, Initial residual = 0.0084408608, Final residual = 0.00011305397, No Iterations 3
smoothSolver:  Solving for Uy, Initial residual = 0.033880432, Final residual = 0.00049983404, No Iterations 3
smoothSolver:  Solving for Uz, Initial residual = 0.031918288, Final residual = 0.00045555703, No Iterations 3
GAMG:  Solving for p, Initial residual = 0.028367843, Final residual = 0.00019376776, No Iterations 3
GAMG:  Solving for p, Initial residual = 0.00063402252, Final residual = 4.2518364e-06, No Iterations 4
time step continuity errors : sum local = 8.4422554e-05, global = 2.3088431e-05, cumulative = -0.0020516342
smoothSolver:  Solving for omega, Initial residual = 0.0012056946, Final residual = 8.0430143e-06, No Iterations 2
smoothSolver:  Solving for k, Initial residual = 0.01694529, Final residual = 0.00014408754, No Iterations 2
ExecutionTime = 223.24009 s  ClockTime = 223 s

Time = 154s

smoothSolver:  Solving for Ux, Initial residual = 0.0082987116, Final residual = 0.00011039491, No Iterations 3
smoothSolver:  Solving for Uy, Initial residual = 0.034065836, Final residual = 0.0005015152, No Iterations 3
smoothSolver:  Solving for Uz, Initial residual = 0.032078279, Final residual = 0.00045561417, No Iterations 3
GAMG:  Solving for p, Initial residual = 0.028509232, Final residual = 0.00020078882, No Iterations 3
GAMG:  Solving for p, Initial residual = 0.00064059503, Final residual = 4.3700074e-06, No Iterations 4
time step continuity errors : sum local = 8.4800995e-05, global = 2.1931963e-05, cumulative = -0.0020297022
smoothSolver:  Solving for omega, Initial residual = 0.0011929055, Final residual = 8.101491e-06, No Iterations 2
smoothSolver:  Solving for k, Initial residual = 0.016643799, Final residual = 0.00013968514, No Iterations 2
ExecutionTime = 224.56462 s  ClockTime = 225 s

Time = 155s

smoothSolver:  Solving for Ux, Initial residual = 0.0081466811, Final residual = 0.00010758885, No Iterations 3
smoothSolver:  Solving for Uy, Initial residual = 0.034250568, Final residual = 0.00050363632, No Iterations 3
smoothSolver:  Solving for Uz, Initial residual = 0.032236631, Final residual = 0.00045582376, No Iterations 3
GAMG:  Solving for p, Initial residual = 0.028622629, Final residual = 0.00020703916, No Iterations 3
GAMG:  Solving for p, Initial residual = 0.00064255206, Final residual = 4.5830392e-06, No Iterations 4
time step continuity errors : sum local = 8.688617e-05, global = 2.1116337e-05, cumulative = -0.0020085859
smoothSolver:  Solving for omega, Initial residual = 0.0011743607, Final residual = 7.8631589e-06, No Iterations 2
smoothSolver:  Solving for k, Initial residual = 0.016322517, Final residual = 0.00013588225, No Iterations 2
ExecutionTime = 226.4034 s  ClockTime = 226 s

Time = 156s

smoothSolver:  Solving for Ux, Initial residual = 0.0079847962, Final residual = 0.00010464056, No Iterations 3
smoothSolver:  Solving for Uy, Initial residual = 0.034432894, Final residual = 0.00050646141, No Iterations 3
smoothSolver:  Solving for Uz, Initial residual = 0.032377999, Final residual = 0.0004559809, No Iterations 3
GAMG:  Solving for p, Initial residual = 0.028740783, Final residual = 0.0002091723, No Iterations 3
GAMG:  Solving for p, Initial residual = 0.00064192608, Final residual = 4.6767997e-06, No Iterations 4
time step continuity errors : sum local = 8.6683855e-05, global = 1.9860409e-05, cumulative = -0.0019887255
smoothSolver:  Solving for omega, Initial residual = 0.0011620703, Final residual = 7.9677957e-06, No Iterations 2
smoothSolver:  Solving for k, Initial residual = 0.016034533, Final residual = 0.00013225714, No Iterations 2
ExecutionTime = 228.28458 s  ClockTime = 228 s

Time = 157s

smoothSolver:  Solving for Ux, Initial residual = 0.0078131008, Final residual = 0.00010160805, No Iterations 3
smoothSolver:  Solving for Uy, Initial residual = 0.034603919, Final residual = 0.00051024429, No Iterations 3
smoothSolver:  Solving for Uz, Initial residual = 0.032505059, Final residual = 0.00045694223, No Iterations 3
GAMG:  Solving for p, Initial residual = 0.028927599, Final residual = 0.00020587586, No Iterations 3
GAMG:  Solving for p, Initial residual = 0.00063879303, Final residual = 4.647805e-06, No Iterations 4
time step continuity errors : sum local = 8.3893499e-05, global = 1.8109403e-05, cumulative = -0.0019706161
smoothSolver:  Solving for omega, Initial residual = 0.0011381059, Final residual = 7.7114853e-06, No Iterations 2
smoothSolver:  Solving for k, Initial residual = 0.015750858, Final residual = 0.00012900414, No Iterations 2
ExecutionTime = 229.85987 s  ClockTime = 230 s

Time = 158s

smoothSolver:  Solving for Ux, Initial residual = 0.0076328911, Final residual = 9.8529042e-05, No Iterations 3
smoothSolver:  Solving for Uy, Initial residual = 0.034767799, Final residual = 0.00051535331, No Iterations 3
smoothSolver:  Solving for Uz, Initial residual = 0.032611098, Final residual = 0.00045850777, No Iterations 3
GAMG:  Solving for p, Initial residual = 0.029145456, Final residual = 0.0001955959, No Iterations 3
GAMG:  Solving for p, Initial residual = 0.00062924342, Final residual = 4.3255902e-06, No Iterations 4
time step continuity errors : sum local = 7.591491e-05, global = 1.450623e-05, cumulative = -0.0019561098
smoothSolver:  Solving for omega, Initial residual = 0.001121654, Final residual = 7.7946907e-06, No Iterations 2
smoothSolver:  Solving for k, Initial residual = 0.015496238, Final residual = 0.00012667066, No Iterations 2
ExecutionTime = 231.6782 s  ClockTime = 232 s

Time = 159s

smoothSolver:  Solving for Ux, Initial residual = 0.0074456807, Final residual = 9.540654e-05, No Iterations 3
smoothSolver:  Solving for Uy, Initial residual = 0.034949848, Final residual = 0.00052061259, No Iterations 3
smoothSolver:  Solving for Uz, Initial residual = 0.032708695, Final residual = 0.00046110094, No Iterations 3
GAMG:  Solving for p, Initial residual = 0.029193384, Final residual = 0.00018029405, No Iterations 3
GAMG:  Solving for p, Initial residual = 0.00060987791, Final residual = 3.699201e-06, No Iterations 4
time step continuity errors : sum local = 6.3338827e-05, global = 9.2895839e-06, cumulative = -0.0019468203
smoothSolver:  Solving for omega, Initial residual = 0.0011049175, Final residual = 7.6039371e-06, No Iterations 2
smoothSolver:  Solving for k, Initial residual = 0.015279258, Final residual = 0.00012472162, No Iterations 2
ExecutionTime = 233.36907 s  ClockTime = 233 s

Time = 160s

smoothSolver:  Solving for Ux, Initial residual = 0.007251093, Final residual = 9.2288856e-05, No Iterations 3
smoothSolver:  Solving for Uy, Initial residual = 0.035154579, Final residual = 0.00052498909, No Iterations 3
smoothSolver:  Solving for Uz, Initial residual = 0.032815181, Final residual = 0.00046545424, No Iterations 3
GAMG:  Solving for p, Initial residual = 0.029150282, Final residual = 0.00016802304, No Iterations 3
GAMG:  Solving for p, Initial residual = 0.0005945585, Final residual = 3.1409097e-06, No Iterations 4
time step continuity errors : sum local = 5.2477749e-05, global = 7.1963585e-06, cumulative = -0.0019396239
smoothSolver:  Solving for omega, Initial residual = 0.0010949379, Final residual = 7.7187303e-06, No Iterations 2
smoothSolver:  Solving for k, Initial residual = 0.015088134, Final residual = 0.00012306818, No Iterations 2
ExecutionTime = 234.9459 s  ClockTime = 235 s

Time = 161s

smoothSolver:  Solving for Ux, Initial residual = 0.0070514552, Final residual = 8.9235039e-05, No Iterations 3
smoothSolver:  Solving for Uy, Initial residual = 0.035353221, Final residual = 0.00052770555, No Iterations 3
smoothSolver:  Solving for Uz, Initial residual = 0.032924454, Final residual = 0.00047061004, No Iterations 3
GAMG:  Solving for p, Initial residual = 0.029129851, Final residual = 0.00017473739, No Iterations 3
GAMG:  Solving for p, Initial residual = 0.00059992196, Final residual = 4.3896214e-06, No Iterations 4
time step continuity errors : sum local = 7.1560553e-05, global = -1.6072373e-05, cumulative = -0.0019556963
smoothSolver:  Solving for omega, Initial residual = 0.0010754035, Final residual = 7.473919e-06, No Iterations 2
smoothSolver:  Solving for k, Initial residual = 0.014909663, Final residual = 0.00012107168, No Iterations 2
ExecutionTime = 236.39151 s  ClockTime = 236 s

Time = 162s

smoothSolver:  Solving for Ux, Initial residual = 0.0068489023, Final residual = 8.6279604e-05, No Iterations 3
smoothSolver:  Solving for Uy, Initial residual = 0.035523177, Final residual = 0.00052802558, No Iterations 3
smoothSolver:  Solving for Uz, Initial residual = 0.033041272, Final residual = 0.00047525735, No Iterations 3
GAMG:  Solving for p, Initial residual = 0.029252069, Final residual = 0.00020656822, No Iterations 3
GAMG:  Solving for p, Initial residual = 0.00063585876, Final residual = 2.4741668e-06, No Iterations 5
time step continuity errors : sum local = 3.9279408e-05, global = 8.0572398e-06, cumulative = -0.001947639
smoothSolver:  Solving for omega, Initial residual = 0.0010657004, Final residual = 7.5874664e-06, No Iterations 2
smoothSolver:  Solving for k, Initial residual = 0.014806283, Final residual = 0.00011922449, No Iterations 2
ExecutionTime = 237.65251 s  ClockTime = 238 s

Time = 163s

smoothSolver:  Solving for Ux, Initial residual = 0.0066459399, Final residual = 8.349254e-05, No Iterations 3
smoothSolver:  Solving for Uy, Initial residual = 0.035652785, Final residual = 0.00052471786, No Iterations 3
smoothSolver:  Solving for Uz, Initial residual = 0.033186127, Final residual = 0.00047851669, No Iterations 3
GAMG:  Solving for p, Initial residual = 0.029232643, Final residual = 0.0002077606, No Iterations 3
GAMG:  Solving for p, Initial residual = 0.00063283679, Final residual = 2.3845655e-06, No Iterations 5
time step continuity errors : sum local = 3.7069207e-05, global = 4.8468821e-06, cumulative = -0.0019427922
smoothSolver:  Solving for omega, Initial residual = 0.0010539487, Final residual = 7.4074872e-06, No Iterations 2
smoothSolver:  Solving for k, Initial residual = 0.014652985, Final residual = 0.00011757242, No Iterations 2
ExecutionTime = 239.0624 s  ClockTime = 239 s

Time = 164s

smoothSolver:  Solving for Ux, Initial residual = 0.006442987, Final residual = 8.0879524e-05, No Iterations 3
smoothSolver:  Solving for Uy, Initial residual = 0.035666205, Final residual = 0.00051828774, No Iterations 3
smoothSolver:  Solving for Uz, Initial residual = 0.033320244, Final residual = 0.0004793577, No Iterations 3
GAMG:  Solving for p, Initial residual = 0.0292338, Final residual = 0.00022740802, No Iterations 3
GAMG:  Solving for p, Initial residual = 0.00065395856, Final residual = 2.3686207e-06, No Iterations 5
time step continuity errors : sum local = 3.5876073e-05, global = 4.5431371e-06, cumulative = -0.001938249
smoothSolver:  Solving for omega, Initial residual = 0.0010464833, Final residual = 7.5012055e-06, No Iterations 2
smoothSolver:  Solving for k, Initial residual = 0.014457001, Final residual = 0.00011552615, No Iterations 2
ExecutionTime = 240.80753 s  ClockTime = 241 s

Time = 165s

smoothSolver:  Solving for Ux, Initial residual = 0.0062452366, Final residual = 7.8474074e-05, No Iterations 3
smoothSolver:  Solving for Uy, Initial residual = 0.035542995, Final residual = 0.00050916126, No Iterations 3
smoothSolver:  Solving for Uz, Initial residual = 0.033451769, Final residual = 0.00047786273, No Iterations 3
GAMG:  Solving for p, Initial residual = 0.029328476, Final residual = 0.00024182271, No Iterations 3
GAMG:  Solving for p, Initial residual = 0.00067168975, Final residual = 2.443509e-06, No Iterations 5
time step continuity errors : sum local = 3.5949411e-05, global = 5.4572248e-06, cumulative = -0.0019327918
smoothSolver:  Solving for omega, Initial residual = 0.00102832, Final residual = 7.2594925e-06, No Iterations 2
smoothSolver:  Solving for k, Initial residual = 0.014258587, Final residual = 0.00011421977, No Iterations 2
ExecutionTime = 242.48717 s  ClockTime = 243 s

Time = 166s

smoothSolver:  Solving for Ux, Initial residual = 0.006055805, Final residual = 7.6316914e-05, No Iterations 3
smoothSolver:  Solving for Uy, Initial residual = 0.035239334, Final residual = 0.0004976526, No Iterations 3
smoothSolver:  Solving for Uz, Initial residual = 0.033558028, Final residual = 0.00047421581, No Iterations 3
GAMG:  Solving for p, Initial residual = 0.02921591, Final residual = 0.00024984711, No Iterations 3
GAMG:  Solving for p, Initial residual = 0.00068454582, Final residual = 2.5174476e-06, No Iterations 5
time step continuity errors : sum local = 3.6201279e-05, global = 6.2994754e-06, cumulative = -0.0019264923
smoothSolver:  Solving for omega, Initial residual = 0.00101907, Final residual = 7.405882e-06, No Iterations 2
smoothSolver:  Solving for k, Initial residual = 0.013997979, Final residual = 0.000112576, No Iterations 2
ExecutionTime = 244.1582 s  ClockTime = 244 s

Time = 167s

smoothSolver:  Solving for Ux, Initial residual = 0.0058780538, Final residual = 7.438095e-05, No Iterations 3
smoothSolver:  Solving for Uy, Initial residual = 0.034755161, Final residual = 0.00048467572, No Iterations 3
smoothSolver:  Solving for Uz, Initial residual = 0.03355314, Final residual = 0.000467958, No Iterations 3
GAMG:  Solving for p, Initial residual = 0.029069889, Final residual = 0.00025118706, No Iterations 3
GAMG:  Solving for p, Initial residual = 0.00069119656, Final residual = 2.5983565e-06, No Iterations 5
time step continuity errors : sum local = 3.6607448e-05, global = 7.430537e-06, cumulative = -0.0019190618
smoothSolver:  Solving for omega, Initial residual = 0.0010054691, Final residual = 7.1298576e-06, No Iterations 2
smoothSolver:  Solving for k, Initial residual = 0.0136517, Final residual = 0.00011038453, No Iterations 2
ExecutionTime = 245.61659 s  ClockTime = 246 s

Time = 168s

smoothSolver:  Solving for Ux, Initial residual = 0.0057129101, Final residual = 7.2697413e-05, No Iterations 3
smoothSolver:  Solving for Uy, Initial residual = 0.034108046, Final residual = 0.00047171293, No Iterations 3
smoothSolver:  Solving for Uz, Initial residual = 0.033407186, Final residual = 0.00045992428, No Iterations 3
GAMG:  Solving for p, Initial residual = 0.02883305, Final residual = 0.00024749202, No Iterations 3
GAMG:  Solving for p, Initial residual = 0.00069327747, Final residual = 2.7105776e-06, No Iterations 5
time step continuity errors : sum local = 3.7509792e-05, global = 8.8613762e-06, cumulative = -0.0019102004
smoothSolver:  Solving for omega, Initial residual = 0.0009964448, Final residual = 7.2538412e-06, No Iterations 2
smoothSolver:  Solving for k, Initial residual = 0.013234402, Final residual = 0.00010809471, No Iterations 2
ExecutionTime = 247.27621 s  ClockTime = 247 s

Time = 169s

smoothSolver:  Solving for Ux, Initial residual = 0.0055649061, Final residual = 7.1269704e-05, No Iterations 3
smoothSolver:  Solving for Uy, Initial residual = 0.03334306, Final residual = 0.00045978031, No Iterations 3
smoothSolver:  Solving for Uz, Initial residual = 0.033108896, Final residual = 0.00045073496, No Iterations 3
GAMG:  Solving for p, Initial residual = 0.028517758, Final residual = 0.00023841962, No Iterations 3
GAMG:  Solving for p, Initial residual = 0.00069194038, Final residual = 2.8403582e-06, No Iterations 5
time step continuity errors : sum local = 3.8718287e-05, global = 1.0393925e-05, cumulative = -0.0018998065
smoothSolver:  Solving for omega, Initial residual = 0.00097630786, Final residual = 7.0317098e-06, No Iterations 2
smoothSolver:  Solving for k, Initial residual = 0.012849488, Final residual = 0.00010707317, No Iterations 2
ExecutionTime = 249.00553 s  ClockTime = 249 s

Time = 170s

smoothSolver:  Solving for Ux, Initial residual = 0.0054344356, Final residual = 7.0076945e-05, No Iterations 3
smoothSolver:  Solving for Uy, Initial residual = 0.032503677, Final residual = 0.00044936769, No Iterations 3
smoothSolver:  Solving for Uz, Initial residual = 0.032642983, Final residual = 0.00044085068, No Iterations 3
GAMG:  Solving for p, Initial residual = 0.028096267, Final residual = 0.00022576109, No Iterations 3
GAMG:  Solving for p, Initial residual = 0.00067728692, Final residual = 2.9825194e-06, No Iterations 5
time step continuity errors : sum local = 4.0167895e-05, global = 1.181202e-05, cumulative = -0.0018879945
smoothSolver:  Solving for omega, Initial residual = 0.00096753167, Final residual = 7.1306621e-06, No Iterations 2
smoothSolver:  Solving for k, Initial residual = 0.012467623, Final residual = 0.00010593077, No Iterations 2
ExecutionTime = 250.49721 s  ClockTime = 251 s

Time = 171s

smoothSolver:  Solving for Ux, Initial residual = 0.0053188727, Final residual = 6.9095921e-05, No Iterations 3
smoothSolver:  Solving for Uy, Initial residual = 0.031663956, Final residual = 0.00044107315, No Iterations 3
smoothSolver:  Solving for Uz, Initial residual = 0.032033971, Final residual = 0.00043077713, No Iterations 3
GAMG:  Solving for p, Initial residual = 0.027612548, Final residual = 0.00020992106, No Iterations 3
GAMG:  Solving for p, Initial residual = 0.00065401692, Final residual = 3.1262909e-06, No Iterations 5
time step continuity errors : sum local = 4.1727351e-05, global = 1.3056981e-05, cumulative = -0.0018749375
smoothSolver:  Solving for omega, Initial residual = 0.00095629941, Final residual = 7.0209037e-06, No Iterations 2
smoothSolver:  Solving for k, Initial residual = 0.012042024, Final residual = 0.00010404505, No Iterations 2
ExecutionTime = 251.93703 s  ClockTime = 252 s

Time = 172s

smoothSolver:  Solving for Ux, Initial residual = 0.0052161535, Final residual = 6.8304991e-05, No Iterations 3
smoothSolver:  Solving for Uy, Initial residual = 0.030895039, Final residual = 0.00043501457, No Iterations 3
smoothSolver:  Solving for Uz, Initial residual = 0.031345341, Final residual = 0.00042142579, No Iterations 3
GAMG:  Solving for p, Initial residual = 0.027113155, Final residual = 0.00019189085, No Iterations 3
GAMG:  Solving for p, Initial residual = 0.00062729742, Final residual = 3.2652019e-06, No Iterations 5
time step continuity errors : sum local = 4.3240837e-05, global = 1.3613129e-05, cumulative = -0.0018613243
smoothSolver:  Solving for omega, Initial residual = 0.00095225125, Final residual = 7.1857957e-06, No Iterations 2
smoothSolver:  Solving for k, Initial residual = 0.011636566, Final residual = 0.00010254821, No Iterations 2
ExecutionTime = 253.21842 s  ClockTime = 253 s

Time = 173s

smoothSolver:  Solving for Ux, Initial residual = 0.0051238672, Final residual = 6.7691361e-05, No Iterations 3
smoothSolver:  Solving for Uy, Initial residual = 0.030228598, Final residual = 0.00043080218, No Iterations 3
smoothSolver:  Solving for Uz, Initial residual = 0.030610704, Final residual = 0.0004127633, No Iterations 3
GAMG:  Solving for p, Initial residual = 0.026573376, Final residual = 0.00017385803, No Iterations 3
GAMG:  Solving for p, Initial residual = 0.00060084371, Final residual = 5.9332846e-06, No Iterations 4
time step continuity errors : sum local = 7.7888756e-05, global = -2.0027633e-05, cumulative = -0.001881352
smoothSolver:  Solving for omega, Initial residual = 0.00093295853, Final residual = 6.9069275e-06, No Iterations 2
smoothSolver:  Solving for k, Initial residual = 0.011272566, Final residual = 0.00010130232, No Iterations 2
ExecutionTime = 254.45534 s  ClockTime = 255 s

Time = 174s

smoothSolver:  Solving for Ux, Initial residual = 0.0050393068, Final residual = 6.7208851e-05, No Iterations 3
smoothSolver:  Solving for Uy, Initial residual = 0.029679365, Final residual = 0.00042788456, No Iterations 3
smoothSolver:  Solving for Uz, Initial residual = 0.029865581, Final residual = 0.00040486206, No Iterations 3
GAMG:  Solving for p, Initial residual = 0.025841138, Final residual = 0.00015799086, No Iterations 3
GAMG:  Solving for p, Initial residual = 0.00057265561, Final residual = 4.524401e-06, No Iterations 4
time step continuity errors : sum local = 5.917902e-05, global = -1.2000176e-05, cumulative = -0.0018933522
smoothSolver:  Solving for omega, Initial residual = 0.00092610226, Final residual = 7.0794852e-06, No Iterations 2
smoothSolver:  Solving for k, Initial residual = 0.010954199, Final residual = 0.00010008215, No Iterations 2
ExecutionTime = 255.68186 s  ClockTime = 256 s

Time = 175s

smoothSolver:  Solving for Ux, Initial residual = 0.004960195, Final residual = 6.6774794e-05, No Iterations 3
smoothSolver:  Solving for Uy, Initial residual = 0.0292376, Final residual = 0.00042537834, No Iterations 3
smoothSolver:  Solving for Uz, Initial residual = 0.029155738, Final residual = 0.00039797203, No Iterations 3
GAMG:  Solving for p, Initial residual = 0.025169742, Final residual = 0.00014583136, No Iterations 3
GAMG:  Solving for p, Initial residual = 0.00055027087, Final residual = 2.4985391e-06, No Iterations 4
time step continuity errors : sum local = 3.2568197e-05, global = 1.9095139e-06, cumulative = -0.0018914426
smoothSolver:  Solving for omega, Initial residual = 0.00091807638, Final residual = 6.9288659e-06, No Iterations 2
smoothSolver:  Solving for k, Initial residual = 0.010661512, Final residual = 9.8898607e-05, No Iterations 2
ExecutionTime = 256.83497 s  ClockTime = 257 s

Time = 176s

smoothSolver:  Solving for Ux, Initial residual = 0.0048850587, Final residual = 6.6322463e-05, No Iterations 3
smoothSolver:  Solving for Uy, Initial residual = 0.028881607, Final residual = 0.00042294868, No Iterations 3
smoothSolver:  Solving for Uz, Initial residual = 0.028500742, Final residual = 0.00039188322, No Iterations 3
GAMG:  Solving for p, Initial residual = 0.024592005, Final residual = 0.00013797093, No Iterations 3
GAMG:  Solving for p, Initial residual = 0.0005352504, Final residual = 4.1633478e-06, No Iterations 4
time step continuity errors : sum local = 5.4001692e-05, global = -1.5866857e-05, cumulative = -0.0019073095
smoothSolver:  Solving for omega, Initial residual = 0.00091423366, Final residual = 7.0599948e-06, No Iterations 2
smoothSolver:  Solving for k, Initial residual = 0.010400026, Final residual = 9.7857003e-05, No Iterations 2
ExecutionTime = 258.03461 s  ClockTime = 258 s

Time = 177s

smoothSolver:  Solving for Ux, Initial residual = 0.0048119182, Final residual = 6.5824647e-05, No Iterations 3
smoothSolver:  Solving for Uy, Initial residual = 0.028554979, Final residual = 0.00042037582, No Iterations 3
smoothSolver:  Solving for Uz, Initial residual = 0.0279076, Final residual = 0.00038636997, No Iterations 3
GAMG:  Solving for p, Initial residual = 0.02395244, Final residual = 0.00013214675, No Iterations 3
GAMG:  Solving for p, Initial residual = 0.00052334044, Final residual = 2.4636929e-06, No Iterations 4
time step continuity errors : sum local = 3.1944931e-05, global = -6.426036e-06, cumulative = -0.0019137355
smoothSolver:  Solving for omega, Initial residual = 0.00089886391, Final residual = 6.9046922e-06, No Iterations 2
smoothSolver:  Solving for k, Initial residual = 0.010164937, Final residual = 9.6632299e-05, No Iterations 2
ExecutionTime = 259.21536 s  ClockTime = 259 s

Time = 178s

smoothSolver:  Solving for Ux, Initial residual = 0.0047412058, Final residual = 6.5284007e-05, No Iterations 3
smoothSolver:  Solving for Uy, Initial residual = 0.02825859, Final residual = 0.00041766029, No Iterations 3
smoothSolver:  Solving for Uz, Initial residual = 0.027385396, Final residual = 0.00038153591, No Iterations 3
GAMG:  Solving for p, Initial residual = 0.023334468, Final residual = 0.00012782761, No Iterations 3
GAMG:  Solving for p, Initial residual = 0.00051471932, Final residual = 4.1551038e-06, No Iterations 4
time step continuity errors : sum local = 5.387869e-05, global = 1.230928e-05, cumulative = -0.0019014263
smoothSolver:  Solving for omega, Initial residual = 0.00089115827, Final residual = 6.9426926e-06, No Iterations 2
smoothSolver:  Solving for k, Initial residual = 0.0099610251, Final residual = 9.5520646e-05, No Iterations 2
ExecutionTime = 260.46634 s  ClockTime = 261 s

Time = 179s

smoothSolver:  Solving for Ux, Initial residual = 0.0046695276, Final residual = 6.4719762e-05, No Iterations 3
smoothSolver:  Solving for Uy, Initial residual = 0.027980803, Final residual = 0.00041470528, No Iterations 3
smoothSolver:  Solving for Uz, Initial residual = 0.026929264, Final residual = 0.0003771291, No Iterations 3
GAMG:  Solving for p, Initial residual = 0.022734687, Final residual = 0.00012505244, No Iterations 3
GAMG:  Solving for p, Initial residual = 0.00050570187, Final residual = 4.3121359e-06, No Iterations 4
time step continuity errors : sum local = 5.5951559e-05, global = 8.7454646e-06, cumulative = -0.0018926808
smoothSolver:  Solving for omega, Initial residual = 0.00088026064, Final residual = 6.700542e-06, No Iterations 2
smoothSolver:  Solving for k, Initial residual = 0.0097776584, Final residual = 9.4549701e-05, No Iterations 2
ExecutionTime = 261.68844 s  ClockTime = 262 s

Time = 180s

smoothSolver:  Solving for Ux, Initial residual = 0.0045963988, Final residual = 6.4131939e-05, No Iterations 3
smoothSolver:  Solving for Uy, Initial residual = 0.027698643, Final residual = 0.00041148404, No Iterations 3
smoothSolver:  Solving for Uz, Initial residual = 0.026520109, Final residual = 0.00037302142, No Iterations 3
GAMG:  Solving for p, Initial residual = 0.022191547, Final residual = 0.0001234978, No Iterations 3
GAMG:  Solving for p, Initial residual = 0.00049628801, Final residual = 4.3504188e-06, No Iterations 4
time step continuity errors : sum local = 5.6511513e-05, global = 8.2554458e-06, cumulative = -0.0018844253
smoothSolver:  Solving for omega, Initial residual = 0.00087694499, Final residual = 6.8575942e-06, No Iterations 2
smoothSolver:  Solving for k, Initial residual = 0.0096038162, Final residual = 9.3580399e-05, No Iterations 2
ExecutionTime = 262.85087 s  ClockTime = 263 s

Time = 181s

smoothSolver:  Solving for Ux, Initial residual = 0.0045235588, Final residual = 6.3516882e-05, No Iterations 3
smoothSolver:  Solving for Uy, Initial residual = 0.027409816, Final residual = 0.00040828624, No Iterations 3
smoothSolver:  Solving for Uz, Initial residual = 0.026140445, Final residual = 0.00036901077, No Iterations 3
GAMG:  Solving for p, Initial residual = 0.021698076, Final residual = 0.0001219042, No Iterations 3
GAMG:  Solving for p, Initial residual = 0.00048500762, Final residual = 4.3022555e-06, No Iterations 4
time step continuity errors : sum local = 5.5954659e-05, global = 7.9094299e-06, cumulative = -0.0018765159
smoothSolver:  Solving for omega, Initial residual = 0.00086239262, Final residual = 6.7120916e-06, No Iterations 2
smoothSolver:  Solving for k, Initial residual = 0.0094414194, Final residual = 9.2697847e-05, No Iterations 2
ExecutionTime = 264.16155 s  ClockTime = 264 s

Time = 182s

smoothSolver:  Solving for Ux, Initial residual = 0.0044511097, Final residual = 6.2882171e-05, No Iterations 3
smoothSolver:  Solving for Uy, Initial residual = 0.027111897, Final residual = 0.00040493742, No Iterations 3
smoothSolver:  Solving for Uz, Initial residual = 0.025790285, Final residual = 0.00036510736, No Iterations 3
GAMG:  Solving for p, Initial residual = 0.021195039, Final residual = 0.00012036974, No Iterations 3
GAMG:  Solving for p, Initial residual = 0.00047545205, Final residual = 4.198584e-06, No Iterations 4
time step continuity errors : sum local = 5.4687812e-05, global = 8.0261344e-06, cumulative = -0.0018684898
smoothSolver:  Solving for omega, Initial residual = 0.00085913603, Final residual = 6.8138235e-06, No Iterations 2
smoothSolver:  Solving for k, Initial residual = 0.0092880532, Final residual = 9.182541e-05, No Iterations 2
ExecutionTime = 265.40878 s  ClockTime = 265 s

Time = 183s

smoothSolver:  Solving for Ux, Initial residual = 0.0043800685, Final residual = 6.2226465e-05, No Iterations 3
smoothSolver:  Solving for Uy, Initial residual = 0.026801886, Final residual = 0.0004013504, No Iterations 3
smoothSolver:  Solving for Uz, Initial residual = 0.025451534, Final residual = 0.00036124637, No Iterations 3
GAMG:  Solving for p, Initial residual = 0.020699605, Final residual = 0.00011893081, No Iterations 3
GAMG:  Solving for p, Initial residual = 0.00046875947, Final residual = 4.0824166e-06, No Iterations 4
time step continuity errors : sum local = 5.3240945e-05, global = 8.4762684e-06, cumulative = -0.0018600135
smoothSolver:  Solving for omega, Initial residual = 0.00085084922, Final residual = 6.6548264e-06, No Iterations 2
smoothSolver:  Solving for k, Initial residual = 0.0091406422, Final residual = 9.0979858e-05, No Iterations 2
ExecutionTime = 266.72131 s  ClockTime = 267 s

Time = 184s

smoothSolver:  Solving for Ux, Initial residual = 0.0043101834, Final residual = 6.1551229e-05, No Iterations 3
smoothSolver:  Solving for Uy, Initial residual = 0.026481488, Final residual = 0.00039757008, No Iterations 3
smoothSolver:  Solving for Uz, Initial residual = 0.025124143, Final residual = 0.0003574991, No Iterations 3
GAMG:  Solving for p, Initial residual = 0.020221004, Final residual = 0.00011712309, No Iterations 3
GAMG:  Solving for p, Initial residual = 0.00046166037, Final residual = 3.9524525e-06, No Iterations 4
time step continuity errors : sum local = 5.160188e-05, global = 9.1840449e-06, cumulative = -0.0018508295
smoothSolver:  Solving for omega, Initial residual = 0.00084995038, Final residual = 6.7800778e-06, No Iterations 2
smoothSolver:  Solving for k, Initial residual = 0.0090019942, Final residual = 9.0250593e-05, No Iterations 2
ExecutionTime = 268.00818 s  ClockTime = 268 s

Time = 185s

smoothSolver:  Solving for Ux, Initial residual = 0.0042423726, Final residual = 6.0859377e-05, No Iterations 3
smoothSolver:  Solving for Uy, Initial residual = 0.026151659, Final residual = 0.00039358444, No Iterations 3
smoothSolver:  Solving for Uz, Initial residual = 0.024804819, Final residual = 0.00035384693, No Iterations 3
GAMG:  Solving for p, Initial residual = 0.019734175, Final residual = 0.00011530013, No Iterations 3
GAMG:  Solving for p, Initial residual = 0.00045479937, Final residual = 3.8503953e-06, No Iterations 4
time step continuity errors : sum local = 5.0309306e-05, global = 9.9399538e-06, cumulative = -0.0018408895
smoothSolver:  Solving for omega, Initial residual = 0.0008362277, Final residual = 6.6047273e-06, No Iterations 2
smoothSolver:  Solving for k, Initial residual = 0.0088740839, Final residual = 8.9627821e-05, No Iterations 2
ExecutionTime = 269.35598 s  ClockTime = 269 s

Time = 186s

smoothSolver:  Solving for Ux, Initial residual = 0.0041756375, Final residual = 6.0151733e-05, No Iterations 3
smoothSolver:  Solving for Uy, Initial residual = 0.025824352, Final residual = 0.00038944412, No Iterations 3
smoothSolver:  Solving for Uz, Initial residual = 0.024497381, Final residual = 0.00035038589, No Iterations 3
GAMG:  Solving for p, Initial residual = 0.019279938, Final residual = 0.00011373614, No Iterations 3
GAMG:  Solving for p, Initial residual = 0.0004482547, Final residual = 3.710361e-06, No Iterations 4
time step continuity errors : sum local = 4.8510166e-05, global = 1.1135547e-05, cumulative = -0.001829754
smoothSolver:  Solving for omega, Initial residual = 0.0008346172, Final residual = 6.745266e-06, No Iterations 2
smoothSolver:  Solving for k, Initial residual = 0.0087451101, Final residual = 8.8917218e-05, No Iterations 2
ExecutionTime = 270.75199 s  ClockTime = 271 s

Time = 187s

smoothSolver:  Solving for Ux, Initial residual = 0.0041102698, Final residual = 5.9439343e-05, No Iterations 3
smoothSolver:  Solving for Uy, Initial residual = 0.025496582, Final residual = 0.00038515491, No Iterations 3
smoothSolver:  Solving for Uz, Initial residual = 0.024194739, Final residual = 0.00034719042, No Iterations 3
GAMG:  Solving for p, Initial residual = 0.018821148, Final residual = 0.00011247401, No Iterations 3
GAMG:  Solving for p, Initial residual = 0.00044237329, Final residual = 3.4179991e-06, No Iterations 4
time step continuity errors : sum local = 4.4699755e-05, global = 1.2295809e-05, cumulative = -0.0018174582
smoothSolver:  Solving for omega, Initial residual = 0.00082964635, Final residual = 6.5831619e-06, No Iterations 2
smoothSolver:  Solving for k, Initial residual = 0.0086261162, Final residual = 8.8271444e-05, No Iterations 2
ExecutionTime = 272.20567 s  ClockTime = 272 s

Time = 188s

smoothSolver:  Solving for Ux, Initial residual = 0.0040467311, Final residual = 5.8727562e-05, No Iterations 3
smoothSolver:  Solving for Uy, Initial residual = 0.025182253, Final residual = 0.00038081687, No Iterations 3
smoothSolver:  Solving for Uz, Initial residual = 0.023902191, Final residual = 0.00034417835, No Iterations 3
GAMG:  Solving for p, Initial residual = 0.01835371, Final residual = 0.00011155161, No Iterations 3
GAMG:  Solving for p, Initial residual = 0.00043747448, Final residual = 2.7171807e-06, No Iterations 4
time step continuity errors : sum local = 3.5536971e-05, global = 1.1777757e-05, cumulative = -0.0018056804
smoothSolver:  Solving for omega, Initial residual = 0.00082943932, Final residual = 6.728292e-06, No Iterations 2
smoothSolver:  Solving for k, Initial residual = 0.0085126421, Final residual = 8.7704209e-05, No Iterations 2
ExecutionTime = 273.73055 s  ClockTime = 274 s

Time = 189s

smoothSolver:  Solving for Ux, Initial residual = 0.0039859434, Final residual = 5.8021491e-05, No Iterations 3
smoothSolver:  Solving for Uy, Initial residual = 0.024872665, Final residual = 0.00037637273, No Iterations 3
smoothSolver:  Solving for Uz, Initial residual = 0.023629424, Final residual = 0.0003413913, No Iterations 3
GAMG:  Solving for p, Initial residual = 0.017928975, Final residual = 0.0001102159, No Iterations 3
GAMG:  Solving for p, Initial residual = 0.00043333073, Final residual = 2.2080563e-06, No Iterations 4
time step continuity errors : sum local = 2.8875509e-05, global = 1.0037294e-05, cumulative = -0.0017956431
smoothSolver:  Solving for omega, Initial residual = 0.00081560469, Final residual = 6.5463373e-06, No Iterations 2
smoothSolver:  Solving for k, Initial residual = 0.0084019974, Final residual = 8.7095159e-05, No Iterations 2
ExecutionTime = 275.54009 s  ClockTime = 276 s

Time = 190s

smoothSolver:  Solving for Ux, Initial residual = 0.0039285645, Final residual = 5.7321408e-05, No Iterations 3
smoothSolver:  Solving for Uy, Initial residual = 0.024570344, Final residual = 0.00037179708, No Iterations 3
smoothSolver:  Solving for Uz, Initial residual = 0.023366894, Final residual = 0.00033865401, No Iterations 3
GAMG:  Solving for p, Initial residual = 0.017539877, Final residual = 0.0001086447, No Iterations 3
GAMG:  Solving for p, Initial residual = 0.00042824129, Final residual = 1.9681705e-06, No Iterations 4
time step continuity errors : sum local = 2.5728769e-05, global = 9.0009217e-06, cumulative = -0.0017866422
smoothSolver:  Solving for omega, Initial residual = 0.00081498454, Final residual = 6.6511419e-06, No Iterations 2
smoothSolver:  Solving for k, Initial residual = 0.0083035397, Final residual = 8.6537928e-05, No Iterations 2
ExecutionTime = 277.36476 s  ClockTime = 277 s

Time = 191s

smoothSolver:  Solving for Ux, Initial residual = 0.0038734547, Final residual = 5.6621985e-05, No Iterations 3
smoothSolver:  Solving for Uy, Initial residual = 0.024289527, Final residual = 0.00036733515, No Iterations 3
smoothSolver:  Solving for Uz, Initial residual = 0.023125274, Final residual = 0.00033584337, No Iterations 3
GAMG:  Solving for p, Initial residual = 0.017188965, Final residual = 0.00010694846, No Iterations 3
GAMG:  Solving for p, Initial residual = 0.00042234751, Final residual = 4.1319426e-06, No Iterations 3
time step continuity errors : sum local = 5.3986481e-05, global = -5.9095394e-06, cumulative = -0.0017925517
smoothSolver:  Solving for omega, Initial residual = 0.0008111087, Final residual = 6.5231848e-06, No Iterations 2
smoothSolver:  Solving for k, Initial residual = 0.0082060174, Final residual = 8.5997854e-05, No Iterations 2
ExecutionTime = 279.10094 s  ClockTime = 279 s

Time = 192s

smoothSolver:  Solving for Ux, Initial residual = 0.0038210842, Final residual = 5.5928014e-05, No Iterations 3
smoothSolver:  Solving for Uy, Initial residual = 0.02403113, Final residual = 0.00036313537, No Iterations 3
smoothSolver:  Solving for Uz, Initial residual = 0.022899216, Final residual = 0.00033296012, No Iterations 3
GAMG:  Solving for p, Initial residual = 0.016886584, Final residual = 0.00010523208, No Iterations 3
GAMG:  Solving for p, Initial residual = 0.00041672213, Final residual = 3.8242957e-06, No Iterations 3
time step continuity errors : sum local = 4.9941843e-05, global = -4.0800586e-06, cumulative = -0.0017966318
smoothSolver:  Solving for omega, Initial residual = 0.00081226493, Final residual = 6.6862255e-06, No Iterations 2
smoothSolver:  Solving for k, Initial residual = 0.0081161366, Final residual = 8.5466236e-05, No Iterations 2
ExecutionTime = 280.70908 s  ClockTime = 281 s

Time = 193s

smoothSolver:  Solving for Ux, Initial residual = 0.0037702549, Final residual = 5.5228537e-05, No Iterations 3
smoothSolver:  Solving for Uy, Initial residual = 0.023786307, Final residual = 0.00035902078, No Iterations 3
smoothSolver:  Solving for Uz, Initial residual = 0.022687253, Final residual = 0.00033001268, No Iterations 3
GAMG:  Solving for p, Initial residual = 0.016660894, Final residual = 0.00010323075, No Iterations 3
GAMG:  Solving for p, Initial residual = 0.00041017071, Final residual = 3.5086135e-06, No Iterations 3
time step continuity errors : sum local = 4.5791705e-05, global = -1.6556901e-06, cumulative = -0.0017982875
smoothSolver:  Solving for omega, Initial residual = 0.00079875789, Final residual = 6.4779439e-06, No Iterations 2
smoothSolver:  Solving for k, Initial residual = 0.008030795, Final residual = 8.4866502e-05, No Iterations 2
ExecutionTime = 282.32781 s  ClockTime = 282 s

Time = 194s

smoothSolver:  Solving for Ux, Initial residual = 0.003721176, Final residual = 5.4527454e-05, No Iterations 3
smoothSolver:  Solving for Uy, Initial residual = 0.023557545, Final residual = 0.00035512675, No Iterations 3
smoothSolver:  Solving for Uz, Initial residual = 0.022476664, Final residual = 0.0003269494, No Iterations 3
GAMG:  Solving for p, Initial residual = 0.01647409, Final residual = 0.00010132084, No Iterations 3
GAMG:  Solving for p, Initial residual = 0.00040226036, Final residual = 3.3875433e-06, No Iterations 3
time step continuity errors : sum local = 4.418482e-05, global = -2.9894199e-07, cumulative = -0.0017985864
smoothSolver:  Solving for omega, Initial residual = 0.00079918454, Final residual = 6.6132032e-06, No Iterations 2
smoothSolver:  Solving for k, Initial residual = 0.0079459009, Final residual = 8.4280007e-05, No Iterations 2
ExecutionTime = 283.55639 s  ClockTime = 284 s

Time = 195s

smoothSolver:  Solving for Ux, Initial residual = 0.0036732692, Final residual = 5.3825771e-05, No Iterations 3
smoothSolver:  Solving for Uy, Initial residual = 0.02333674, Final residual = 0.00035139837, No Iterations 3
smoothSolver:  Solving for Uz, Initial residual = 0.022267719, Final residual = 0.00032378163, No Iterations 3
GAMG:  Solving for p, Initial residual = 0.016325792, Final residual = 9.9694138e-05, No Iterations 3
GAMG:  Solving for p, Initial residual = 0.00039452903, Final residual = 3.350069e-06, No Iterations 3
time step continuity errors : sum local = 4.3668073e-05, global = 1.0952209e-06, cumulative = -0.0017974912
smoothSolver:  Solving for omega, Initial residual = 0.00079634236, Final residual = 6.4678457e-06, No Iterations 2
smoothSolver:  Solving for k, Initial residual = 0.0078686023, Final residual = 8.3744056e-05, No Iterations 2
ExecutionTime = 284.8245 s  ClockTime = 285 s

Time = 196s

smoothSolver:  Solving for Ux, Initial residual = 0.0036267109, Final residual = 5.3120185e-05, No Iterations 3
smoothSolver:  Solving for Uy, Initial residual = 0.023128626, Final residual = 0.00034789654, No Iterations 3
smoothSolver:  Solving for Uz, Initial residual = 0.022061406, Final residual = 0.0003207241, No Iterations 3
GAMG:  Solving for p, Initial residual = 0.01618073, Final residual = 9.8612762e-05, No Iterations 3
GAMG:  Solving for p, Initial residual = 0.00038718901, Final residual = 3.3966372e-06, No Iterations 3
time step continuity errors : sum local = 4.4247659e-05, global = 3.350766e-06, cumulative = -0.0017941404
smoothSolver:  Solving for omega, Initial residual = 0.00079942937, Final residual = 6.6336601e-06, No Iterations 2
smoothSolver:  Solving for k, Initial residual = 0.0077938005, Final residual = 8.3182212e-05, No Iterations 2
ExecutionTime = 286.01435 s  ClockTime = 286 s

Time = 197s

smoothSolver:  Solving for Ux, Initial residual = 0.0035809715, Final residual = 5.2417065e-05, No Iterations 3
smoothSolver:  Solving for Uy, Initial residual = 0.022929582, Final residual = 0.00034460491, No Iterations 3
smoothSolver:  Solving for Uz, Initial residual = 0.021856225, Final residual = 0.00031771481, No Iterations 3
GAMG:  Solving for p, Initial residual = 0.016034184, Final residual = 9.8232784e-05, No Iterations 3
GAMG:  Solving for p, Initial residual = 0.00038069763, Final residual = 3.5530735e-06, No Iterations 3
time step continuity errors : sum local = 4.6256619e-05, global = 6.2723563e-06, cumulative = -0.0017878681
smoothSolver:  Solving for omega, Initial residual = 0.00078692897, Final residual = 6.4162183e-06, No Iterations 2
smoothSolver:  Solving for k, Initial residual = 0.0077226005, Final residual = 8.2586856e-05, No Iterations 2
ExecutionTime = 287.22735 s  ClockTime = 287 s

Time = 198s

smoothSolver:  Solving for Ux, Initial residual = 0.0035362095, Final residual = 5.1717511e-05, No Iterations 3
smoothSolver:  Solving for Uy, Initial residual = 0.022744659, Final residual = 0.00034156316, No Iterations 3
smoothSolver:  Solving for Uz, Initial residual = 0.021654994, Final residual = 0.0003148113, No Iterations 3
GAMG:  Solving for p, Initial residual = 0.015907876, Final residual = 9.8784152e-05, No Iterations 3
GAMG:  Solving for p, Initial residual = 0.00037516325, Final residual = 3.7180915e-06, No Iterations 3
time step continuity errors : sum local = 4.8368079e-05, global = 8.2610078e-06, cumulative = -0.0017796071
smoothSolver:  Solving for omega, Initial residual = 0.00078617969, Final residual = 6.5088854e-06, No Iterations 2
smoothSolver:  Solving for k, Initial residual = 0.0076516063, Final residual = 8.2031372e-05, No Iterations 2
ExecutionTime = 288.3869 s  ClockTime = 288 s

Time = 199s

smoothSolver:  Solving for Ux, Initial residual = 0.0034920732, Final residual = 5.1027368e-05, No Iterations 3
smoothSolver:  Solving for Uy, Initial residual = 0.022559377, Final residual = 0.00033850514, No Iterations 3
smoothSolver:  Solving for Uz, Initial residual = 0.021460825, Final residual = 0.00031209262, No Iterations 3
GAMG:  Solving for p, Initial residual = 0.015801301, Final residual = 9.9667685e-05, No Iterations 3
GAMG:  Solving for p, Initial residual = 0.0003709894, Final residual = 2.0095639e-06, No Iterations 4
time step continuity errors : sum local = 2.6124061e-05, global = -6.1769548e-06, cumulative = -0.001785784
smoothSolver:  Solving for omega, Initial residual = 0.00078212496, Final residual = 6.3837425e-06, No Iterations 2
smoothSolver:  Solving for k, Initial residual = 0.0075793922, Final residual = 8.1533024e-05, No Iterations 2
ExecutionTime = 289.57137 s  ClockTime = 290 s

Time = 200s

smoothSolver:  Solving for Ux, Initial residual = 0.0034482392, Final residual = 5.0342303e-05, No Iterations 3
smoothSolver:  Solving for Uy, Initial residual = 0.02236619, Final residual = 0.0003354788, No Iterations 3
smoothSolver:  Solving for Uz, Initial residual = 0.021279215, Final residual = 0.00030960069, No Iterations 3
GAMG:  Solving for p, Initial residual = 0.015742651, Final residual = 0.00010047394, No Iterations 3
GAMG:  Solving for p, Initial residual = 0.00036798086, Final residual = 2.2021913e-06, No Iterations 4
time step continuity errors : sum local = 2.8611999e-05, global = -7.4151536e-06, cumulative = -0.0017931992
smoothSolver:  Solving for omega, Initial residual = 0.00078231694, Final residual = 6.5462355e-06, No Iterations 2
smoothSolver:  Solving for k, Initial residual = 0.0075054897, Final residual = 8.0910985e-05, No Iterations 2
ExecutionTime = 290.9853 s  ClockTime = 291 s

Time = 201s

smoothSolver:  Solving for Ux, Initial residual = 0.0034037896, Final residual = 4.9663408e-05, No Iterations 3
smoothSolver:  Solving for Uy, Initial residual = 0.022172266, Final residual = 0.00033258905, No Iterations 3
smoothSolver:  Solving for Uz, Initial residual = 0.021109558, Final residual = 0.00030740515, No Iterations 3
GAMG:  Solving for p, Initial residual = 0.015646389, Final residual = 0.0001013015, No Iterations 3
GAMG:  Solving for p, Initial residual = 0.00036639505, Final residual = 2.3091581e-06, No Iterations 4
time step continuity errors : sum local = 2.998803e-05, global = -7.8520076e-06, cumulative = -0.0018010512
smoothSolver:  Solving for omega, Initial residual = 0.00076922097, Final residual = 6.3105641e-06, No Iterations 2
smoothSolver:  Solving for k, Initial residual = 0.0074317811, Final residual = 8.0356565e-05, No Iterations 2
ExecutionTime = 292.39886 s  ClockTime = 292 s

Time = 202s

smoothSolver:  Solving for Ux, Initial residual = 0.0033602497, Final residual = 4.8997022e-05, No Iterations 3
smoothSolver:  Solving for Uy, Initial residual = 0.021965294, Final residual = 0.00032955914, No Iterations 3
smoothSolver:  Solving for Uz, Initial residual = 0.020962538, Final residual = 0.00030551935, No Iterations 3
GAMG:  Solving for p, Initial residual = 0.015515349, Final residual = 0.00010216787, No Iterations 3
GAMG:  Solving for p, Initial residual = 0.00036410843, Final residual = 2.3243755e-06, No Iterations 4
time step continuity errors : sum local = 3.0168974e-05, global = -7.8681052e-06, cumulative = -0.0018089193
smoothSolver:  Solving for omega, Initial residual = 0.0007694622, Final residual = 6.4766262e-06, No Iterations 2
smoothSolver:  Solving for k, Initial residual = 0.0073603716, Final residual = 7.9730214e-05, No Iterations 2
ExecutionTime = 293.77525 s  ClockTime = 294 s

Time = 203s

smoothSolver:  Solving for Ux, Initial residual = 0.003316509, Final residual = 4.8340018e-05, No Iterations 3
smoothSolver:  Solving for Uy, Initial residual = 0.021753974, Final residual = 0.00032651143, No Iterations 3
smoothSolver:  Solving for Uz, Initial residual = 0.020833407, Final residual = 0.00030391608, No Iterations 3
GAMG:  Solving for p, Initial residual = 0.015403597, Final residual = 0.00010300308, No Iterations 3
GAMG:  Solving for p, Initial residual = 0.00036134119, Final residual = 2.2500067e-06, No Iterations 4
time step continuity errors : sum local = 2.9186733e-05, global = -7.3663903e-06, cumulative = -0.0018162857
smoothSolver:  Solving for omega, Initial residual = 0.00076397186, Final residual = 6.2716474e-06, No Iterations 2
smoothSolver:  Solving for k, Initial residual = 0.0072857219, Final residual = 7.9161504e-05, No Iterations 2
ExecutionTime = 295.36164 s  ClockTime = 295 s

Time = 204s

smoothSolver:  Solving for Ux, Initial residual = 0.003272434, Final residual = 4.7693257e-05, No Iterations 3
smoothSolver:  Solving for Uy, Initial residual = 0.021532514, Final residual = 0.00032333437, No Iterations 3
smoothSolver:  Solving for Uz, Initial residual = 0.020725988, Final residual = 0.0003026203, No Iterations 3
GAMG:  Solving for p, Initial residual = 0.015346786, Final residual = 0.00010346087, No Iterations 3
GAMG:  Solving for p, Initial residual = 0.0003579553, Final residual = 2.0661013e-06, No Iterations 4
time step continuity errors : sum local = 2.6782588e-05, global = -6.1679523e-06, cumulative = -0.0018224536
smoothSolver:  Solving for omega, Initial residual = 0.00076182475, Final residual = 6.387693e-06, No Iterations 2
smoothSolver:  Solving for k, Initial residual = 0.0072111977, Final residual = 7.8553566e-05, No Iterations 2
ExecutionTime = 296.92242 s  ClockTime = 297 s

Time = 205s

smoothSolver:  Solving for Ux, Initial residual = 0.0032283476, Final residual = 4.7059017e-05, No Iterations 3
smoothSolver:  Solving for Uy, Initial residual = 0.021311838, Final residual = 0.00032024705, No Iterations 3
smoothSolver:  Solving for Uz, Initial residual = 0.020626921, Final residual = 0.00030152524, No Iterations 3
GAMG:  Solving for p, Initial residual = 0.015321195, Final residual = 0.00010341275, No Iterations 3
GAMG:  Solving for p, Initial residual = 0.00035569594, Final residual = 1.8477951e-06, No Iterations 4
time step continuity errors : sum local = 2.39389e-05, global = -4.725617e-06, cumulative = -0.0018271792
smoothSolver:  Solving for omega, Initial residual = 0.00074764792, Final residual = 6.1735165e-06, No Iterations 2
smoothSolver:  Solving for k, Initial residual = 0.0071306316, Final residual = 7.7864311e-05, No Iterations 2
ExecutionTime = 298.52634 s  ClockTime = 299 s

Time = 206s

smoothSolver:  Solving for Ux, Initial residual = 0.0031844936, Final residual = 4.6432807e-05, No Iterations 3
smoothSolver:  Solving for Uy, Initial residual = 0.02107805, Final residual = 0.0003169903, No Iterations 3
smoothSolver:  Solving for Uz, Initial residual = 0.020543956, Final residual = 0.00030066242, No Iterations 3
GAMG:  Solving for p, Initial residual = 0.0152663, Final residual = 0.000102813, No Iterations 3
GAMG:  Solving for p, Initial residual = 0.00035302177, Final residual = 1.5560397e-06, No Iterations 4
time step continuity errors : sum local = 2.0148919e-05, global = -2.9677446e-06, cumulative = -0.001830147
smoothSolver:  Solving for omega, Initial residual = 0.00074414664, Final residual = 6.2532485e-06, No Iterations 2
smoothSolver:  Solving for k, Initial residual = 0.0070528381, Final residual = 7.7218188e-05, No Iterations 2
ExecutionTime = 300.27686 s  ClockTime = 300 s

Time = 207s

smoothSolver:  Solving for Ux, Initial residual = 0.0031414774, Final residual = 4.5819219e-05, No Iterations 3
smoothSolver:  Solving for Uy, Initial residual = 0.020853697, Final residual = 0.00031373542, No Iterations 3
smoothSolver:  Solving for Uz, Initial residual = 0.020472637, Final residual = 0.00030002007, No Iterations 3
GAMG:  Solving for p, Initial residual = 0.015191984, Final residual = 0.00010186974, No Iterations 3
GAMG:  Solving for p, Initial residual = 0.00035137069, Final residual = 1.3671078e-06, No Iterations 4
time step continuity errors : sum local = 1.7696456e-05, global = -8.3555976e-07, cumulative = -0.0018309825
smoothSolver:  Solving for omega, Initial residual = 0.00073959238, Final residual = 6.093159e-06, No Iterations 2
smoothSolver:  Solving for k, Initial residual = 0.0069792899, Final residual = 7.6554998e-05, No Iterations 2
ExecutionTime = 302.16078 s  ClockTime = 302 s

Time = 208s

smoothSolver:  Solving for Ux, Initial residual = 0.0030997327, Final residual = 4.5223255e-05, No Iterations 3
smoothSolver:  Solving for Uy, Initial residual = 0.020628994, Final residual = 0.00031045859, No Iterations 3
smoothSolver:  Solving for Uz, Initial residual = 0.02040598, Final residual = 0.00029947628, No Iterations 3
GAMG:  Solving for p, Initial residual = 0.015107442, Final residual = 0.0001011983, No Iterations 3
GAMG:  Solving for p, Initial residual = 0.00034965631, Final residual = 3.4623964e-06, No Iterations 3
time step continuity errors : sum local = 4.479993e-05, global = -1.8743402e-07, cumulative = -0.00183117
smoothSolver:  Solving for omega, Initial residual = 0.0007391128, Final residual = 6.2749593e-06, No Iterations 2
smoothSolver:  Solving for k, Initial residual = 0.0069002043, Final residual = 7.5873086e-05, No Iterations 2
ExecutionTime = 303.79036 s  ClockTime = 304 s

Time = 209s

smoothSolver:  Solving for Ux, Initial residual = 0.0030595498, Final residual = 4.4640532e-05, No Iterations 3
smoothSolver:  Solving for Uy, Initial residual = 0.020419598, Final residual = 0.00030727133, No Iterations 3
smoothSolver:  Solving for Uz, Initial residual = 0.020347156, Final residual = 0.00029909385, No Iterations 3
GAMG:  Solving for p, Initial residual = 0.015054211, Final residual = 0.00010120671, No Iterations 3
GAMG:  Solving for p, Initial residual = 0.00034986374, Final residual = 1.5129451e-06, No Iterations 4
time step continuity errors : sum local = 1.956841e-05, global = 4.3117016e-06, cumulative = -0.0018268583
smoothSolver:  Solving for omega, Initial residual = 0.00072499163, Final residual = 6.0299451e-06, No Iterations 2
smoothSolver:  Solving for k, Initial residual = 0.0068232145, Final residual = 7.5238258e-05, No Iterations 2
ExecutionTime = 305.18176 s  ClockTime = 305 s

Time = 210s

smoothSolver:  Solving for Ux, Initial residual = 0.0030210522, Final residual = 4.4078576e-05, No Iterations 3
smoothSolver:  Solving for Uy, Initial residual = 0.020213308, Final residual = 0.00030427334, No Iterations 3
smoothSolver:  Solving for Uz, Initial residual = 0.02029112, Final residual = 0.0002987705, No Iterations 3
GAMG:  Solving for p, Initial residual = 0.015039389, Final residual = 0.00010171599, No Iterations 3
GAMG:  Solving for p, Initial residual = 0.00035017765, Final residual = 1.5846903e-06, No Iterations 4
time step continuity errors : sum local = 2.0489929e-05, global = 4.8504845e-06, cumulative = -0.0018220078
smoothSolver:  Solving for omega, Initial residual = 0.00072075923, Final residual = 6.1099592e-06, No Iterations 2
smoothSolver:  Solving for k, Initial residual = 0.0067493192, Final residual = 7.4636488e-05, No Iterations 2
ExecutionTime = 306.56043 s  ClockTime = 307 s

Time = 211s

smoothSolver:  Solving for Ux, Initial residual = 0.0029836644, Final residual = 4.3536048e-05, No Iterations 3
smoothSolver:  Solving for Uy, Initial residual = 0.020025636, Final residual = 0.00030150901, No Iterations 3
smoothSolver:  Solving for Uz, Initial residual = 0.02024068, Final residual = 0.00029848678, No Iterations 3
GAMG:  Solving for p, Initial residual = 0.015058793, Final residual = 0.0001031079, No Iterations 3
GAMG:  Solving for p, Initial residual = 0.00035360271, Final residual = 1.6343161e-06, No Iterations 4
time step continuity errors : sum local = 2.1130334e-05, global = 5.3405537e-06, cumulative = -0.0018166672
smoothSolver:  Solving for omega, Initial residual = 0.00071751399, Final residual = 5.9749629e-06, No Iterations 2
smoothSolver:  Solving for k, Initial residual = 0.0066702744, Final residual = 7.3951274e-05, No Iterations 2
ExecutionTime = 307.80363 s  ClockTime = 308 s

Time = 212s

smoothSolver:  Solving for Ux, Initial residual = 0.0029470994, Final residual = 4.3011593e-05, No Iterations 3
smoothSolver:  Solving for Uy, Initial residual = 0.019850516, Final residual = 0.00029897046, No Iterations 3
smoothSolver:  Solving for Uz, Initial residual = 0.020189951, Final residual = 0.00029826964, No Iterations 3
GAMG:  Solving for p, Initial residual = 0.015127763, Final residual = 0.00010475661, No Iterations 3
GAMG:  Solving for p, Initial residual = 0.0003580225, Final residual = 1.5981278e-06, No Iterations 4
time step continuity errors : sum local = 2.0656765e-05, global = 5.8438591e-06, cumulative = -0.0018108234
smoothSolver:  Solving for omega, Initial residual = 0.00071681177, Final residual = 6.1525871e-06, No Iterations 2
smoothSolver:  Solving for k, Initial residual = 0.0065967764, Final residual = 7.3288516e-05, No Iterations 2
ExecutionTime = 309.0533 s  ClockTime = 309 s

Time = 213s

smoothSolver:  Solving for Ux, Initial residual = 0.0029114089, Final residual = 4.2500951e-05, No Iterations 3
smoothSolver:  Solving for Uy, Initial residual = 0.019687375, Final residual = 0.00029675786, No Iterations 3
smoothSolver:  Solving for Uz, Initial residual = 0.020141157, Final residual = 0.00029808854, No Iterations 3
GAMG:  Solving for p, Initial residual = 0.015171417, Final residual = 0.00010658311, No Iterations 3
GAMG:  Solving for p, Initial residual = 0.00036455393, Final residual = 1.4555226e-06, No Iterations 4
time step continuity errors : sum local = 1.881238e-05, global = 3.907144e-06, cumulative = -0.0018069162
smoothSolver:  Solving for omega, Initial residual = 0.00070568176, Final residual = 5.8806891e-06, No Iterations 2
smoothSolver:  Solving for k, Initial residual = 0.006522227, Final residual = 7.2719472e-05, No Iterations 2
ExecutionTime = 310.89666 s  ClockTime = 311 s

Time = 214s

smoothSolver:  Solving for Ux, Initial residual = 0.0028766324, Final residual = 4.2007928e-05, No Iterations 3
smoothSolver:  Solving for Uy, Initial residual = 0.01953812, Final residual = 0.00029481765, No Iterations 3
smoothSolver:  Solving for Uz, Initial residual = 0.020093402, Final residual = 0.00029790636, No Iterations 3
GAMG:  Solving for p, Initial residual = 0.015190849, Final residual = 0.00010813377, No Iterations 3
GAMG:  Solving for p, Initial residual = 0.00037166567, Final residual = 1.5657436e-06, No Iterations 4
time step continuity errors : sum local = 2.0236285e-05, global = -2.1881513e-07, cumulative = -0.0018071351
smoothSolver:  Solving for omega, Initial residual = 0.00070454076, Final residual = 5.9633012e-06, No Iterations 2
smoothSolver:  Solving for k, Initial residual = 0.0064499958, Final residual = 7.2108182e-05, No Iterations 2
ExecutionTime = 312.46836 s  ClockTime = 313 s

Time = 215s

smoothSolver:  Solving for Ux, Initial residual = 0.0028428888, Final residual = 4.1531681e-05, No Iterations 3
smoothSolver:  Solving for Uy, Initial residual = 0.019403049, Final residual = 0.00029314827, No Iterations 3
smoothSolver:  Solving for Uz, Initial residual = 0.020044771, Final residual = 0.00029776549, No Iterations 3
GAMG:  Solving for p, Initial residual = 0.015275356, Final residual = 0.00010965077, No Iterations 3
GAMG:  Solving for p, Initial residual = 0.00037973227, Final residual = 1.8956707e-06, No Iterations 4
time step continuity errors : sum local = 2.450654e-05, global = -1.6049109e-06, cumulative = -0.00180874
smoothSolver:  Solving for omega, Initial residual = 0.0007017228, Final residual = 5.8407259e-06, No Iterations 2
smoothSolver:  Solving for k, Initial residual = 0.0063797257, Final residual = 7.1481614e-05, No Iterations 2
ExecutionTime = 314.35863 s  ClockTime = 314 s

Time = 216s

smoothSolver:  Solving for Ux, Initial residual = 0.0028102175, Final residual = 4.1077865e-05, No Iterations 3
smoothSolver:  Solving for Uy, Initial residual = 0.019279076, Final residual = 0.00029172326, No Iterations 3
smoothSolver:  Solving for Uz, Initial residual = 0.019998669, Final residual = 0.00029763241, No Iterations 3
GAMG:  Solving for p, Initial residual = 0.01533505, Final residual = 0.0001108282, No Iterations 3
GAMG:  Solving for p, Initial residual = 0.00038804121, Final residual = 2.1239985e-06, No Iterations 4
time step continuity errors : sum local = 2.7463843e-05, global = -2.1224521e-06, cumulative = -0.0018108624
smoothSolver:  Solving for omega, Initial residual = 0.00070285419, Final residual = 5.977928e-06, No Iterations 2
smoothSolver:  Solving for k, Initial residual = 0.0063131188, Final residual = 7.0999843e-05, No Iterations 2
ExecutionTime = 315.76958 s  ClockTime = 316 s

Time = 217s

smoothSolver:  Solving for Ux, Initial residual = 0.002778897, Final residual = 4.0643418e-05, No Iterations 3
smoothSolver:  Solving for Uy, Initial residual = 0.019169396, Final residual = 0.00029049825, No Iterations 3
smoothSolver:  Solving for Uz, Initial residual = 0.019950868, Final residual = 0.00029743576, No Iterations 3
GAMG:  Solving for p, Initial residual = 0.01538486, Final residual = 0.00011178453, No Iterations 3
GAMG:  Solving for p, Initial residual = 0.00039671149, Final residual = 2.3083032e-06, No Iterations 4
time step continuity errors : sum local = 2.9857631e-05, global = -2.2889186e-06, cumulative = -0.0018131513
smoothSolver:  Solving for omega, Initial residual = 0.00069113536, Final residual = 5.698169e-06, No Iterations 2
smoothSolver:  Solving for k, Initial residual = 0.0062519431, Final residual = 7.051916e-05, No Iterations 2
ExecutionTime = 317.48369 s  ClockTime = 318 s

Time = 218s

smoothSolver:  Solving for Ux, Initial residual = 0.0027491886, Final residual = 4.0230407e-05, No Iterations 3
smoothSolver:  Solving for Uy, Initial residual = 0.019080838, Final residual = 0.00028948823, No Iterations 3
smoothSolver:  Solving for Uz, Initial residual = 0.01990666, Final residual = 0.00029720441, No Iterations 3
GAMG:  Solving for p, Initial residual = 0.01547554, Final residual = 0.00011249179, No Iterations 3
GAMG:  Solving for p, Initial residual = 0.00040485588, Final residual = 2.4686383e-06, No Iterations 4
time step continuity errors : sum local = 3.1951001e-05, global = -2.5746277e-06, cumulative = -0.001815726
smoothSolver:  Solving for omega, Initial residual = 0.0006892279, Final residual = 5.8320259e-06, No Iterations 2
smoothSolver:  Solving for k, Initial residual = 0.0061838473, Final residual = 6.9877462e-05, No Iterations 2
ExecutionTime = 318.9589 s  ClockTime = 319 s

Time = 219s

smoothSolver:  Solving for Ux, Initial residual = 0.0027211003, Final residual = 3.9837529e-05, No Iterations 3
smoothSolver:  Solving for Uy, Initial residual = 0.019000467, Final residual = 0.00028858279, No Iterations 3
smoothSolver:  Solving for Uz, Initial residual = 0.01986051, Final residual = 0.0002969637, No Iterations 3
GAMG:  Solving for p, Initial residual = 0.015572667, Final residual = 0.0001136657, No Iterations 3
GAMG:  Solving for p, Initial residual = 0.00041324007, Final residual = 2.5768086e-06, No Iterations 4
time step continuity errors : sum local = 3.335341e-05, global = -2.6628584e-06, cumulative = -0.0018183888
smoothSolver:  Solving for omega, Initial residual = 0.00068638097, Final residual = 5.6527501e-06, No Iterations 2
smoothSolver:  Solving for k, Initial residual = 0.0061251061, Final residual = 6.9468269e-05, No Iterations 2
ExecutionTime = 320.34428 s  ClockTime = 320 s

Time = 220s

smoothSolver:  Solving for Ux, Initial residual = 0.002694935, Final residual = 3.9463855e-05, No Iterations 3
smoothSolver:  Solving for Uy, Initial residual = 0.018931275, Final residual = 0.00028771267, No Iterations 3
smoothSolver:  Solving for Uz, Initial residual = 0.019819661, Final residual = 0.00029670219, No Iterations 3
GAMG:  Solving for p, Initial residual = 0.015678249, Final residual = 0.00011456048, No Iterations 3
GAMG:  Solving for p, Initial residual = 0.0004199154, Final residual = 2.6699741e-06, No Iterations 4
time step continuity errors : sum local = 3.4559759e-05, global = -2.9980597e-06, cumulative = -0.0018213869
smoothSolver:  Solving for omega, Initial residual = 0.00068838269, Final residual = 5.8445945e-06, No Iterations 2
smoothSolver:  Solving for k, Initial residual = 0.0060672882, Final residual = 6.900773e-05, No Iterations 2
ExecutionTime = 321.67788 s  ClockTime = 322 s

Time = 221s

smoothSolver:  Solving for Ux, Initial residual = 0.002670487, Final residual = 3.9107082e-05, No Iterations 3
smoothSolver:  Solving for Uy, Initial residual = 0.018875112, Final residual = 0.00028697633, No Iterations 3
smoothSolver:  Solving for Uz, Initial residual = 0.019776502, Final residual = 0.00029634008, No Iterations 3
GAMG:  Solving for p, Initial residual = 0.015768349, Final residual = 0.00011576885, No Iterations 3
GAMG:  Solving for p, Initial residual = 0.00042708538, Final residual = 2.7243899e-06, No Iterations 4
time step continuity errors : sum local = 3.5252848e-05, global = -3.2826418e-06, cumulative = -0.0018246695
smoothSolver:  Solving for omega, Initial residual = 0.00067888778, Final residual = 5.6152346e-06, No Iterations 2
smoothSolver:  Solving for k, Initial residual = 0.0060056113, Final residual = 6.8530591e-05, No Iterations 2
ExecutionTime = 322.93651 s  ClockTime = 323 s

Time = 222s

smoothSolver:  Solving for Ux, Initial residual = 0.0026470246, Final residual = 3.8763965e-05, No Iterations 3
smoothSolver:  Solving for Uy, Initial residual = 0.018825531, Final residual = 0.00028619736, No Iterations 3
smoothSolver:  Solving for Uz, Initial residual = 0.01973702, Final residual = 0.00029594338, No Iterations 3
GAMG:  Solving for p, Initial residual = 0.015840184, Final residual = 0.00011738481, No Iterations 3
GAMG:  Solving for p, Initial residual = 0.00043426691, Final residual = 2.8001787e-06, No Iterations 4
time step continuity errors : sum local = 3.6223951e-05, global = -3.4434517e-06, cumulative = -0.001828113
smoothSolver:  Solving for omega, Initial residual = 0.00067959341, Final residual = 5.7686199e-06, No Iterations 2
smoothSolver:  Solving for k, Initial residual = 0.0059490877, Final residual = 6.8143823e-05, No Iterations 2
ExecutionTime = 324.19906 s  ClockTime = 324 s

Time = 223s

smoothSolver:  Solving for Ux, Initial residual = 0.002625225, Final residual = 3.8435819e-05, No Iterations 3
smoothSolver:  Solving for Uy, Initial residual = 0.018779268, Final residual = 0.00028540425, No Iterations 3
smoothSolver:  Solving for Uz, Initial residual = 0.019702116, Final residual = 0.00029557688, No Iterations 3
GAMG:  Solving for p, Initial residual = 0.015905422, Final residual = 0.00011899286, No Iterations 3
GAMG:  Solving for p, Initial residual = 0.00043900611, Final residual = 2.8508881e-06, No Iterations 4
time step continuity errors : sum local = 3.6894031e-05, global = -3.5678058e-06, cumulative = -0.0018316808
smoothSolver:  Solving for omega, Initial residual = 0.00067531133, Final residual = 5.5088485e-06, No Iterations 2
smoothSolver:  Solving for k, Initial residual = 0.0058905619, Final residual = 6.7669776e-05, No Iterations 2
ExecutionTime = 325.4696 s  ClockTime = 326 s

Time = 224s

smoothSolver:  Solving for Ux, Initial residual = 0.0026048467, Final residual = 3.8117202e-05, No Iterations 3
smoothSolver:  Solving for Uy, Initial residual = 0.018737832, Final residual = 0.00028459127, No Iterations 3
smoothSolver:  Solving for Uz, Initial residual = 0.019666348, Final residual = 0.00029519502, No Iterations 3
GAMG:  Solving for p, Initial residual = 0.016016492, Final residual = 0.00012068935, No Iterations 3
GAMG:  Solving for p, Initial residual = 0.00044408244, Final residual = 2.9158358e-06, No Iterations 4
time step continuity errors : sum local = 3.7711783e-05, global = -3.6985682e-06, cumulative = -0.0018353793
smoothSolver:  Solving for omega, Initial residual = 0.00067802318, Final residual = 5.7475434e-06, No Iterations 2
smoothSolver:  Solving for k, Initial residual = 0.0058345551, Final residual = 6.7253657e-05, No Iterations 2
ExecutionTime = 326.73319 s  ClockTime = 327 s

Time = 225s

smoothSolver:  Solving for Ux, Initial residual = 0.0025855387, Final residual = 3.7808416e-05, No Iterations 3
smoothSolver:  Solving for Uy, Initial residual = 0.018697099, Final residual = 0.00028370285, No Iterations 3
smoothSolver:  Solving for Uz, Initial residual = 0.019628724, Final residual = 0.00029479535, No Iterations 3
GAMG:  Solving for p, Initial residual = 0.016132498, Final residual = 0.00012237305, No Iterations 3
GAMG:  Solving for p, Initial residual = 0.00044954793, Final residual = 2.9376526e-06, No Iterations 4
time step continuity errors : sum local = 3.7972829e-05, global = -3.6139172e-06, cumulative = -0.0018389933
smoothSolver:  Solving for omega, Initial residual = 0.00067030988, Final residual = 5.4618423e-06, No Iterations 2
smoothSolver:  Solving for k, Initial residual = 0.005779516, Final residual = 6.6878387e-05, No Iterations 2
ExecutionTime = 328.03402 s  ClockTime = 328 s

Time = 226s

smoothSolver:  Solving for Ux, Initial residual = 0.0025669818, Final residual = 3.7505804e-05, No Iterations 3
smoothSolver:  Solving for Uy, Initial residual = 0.018651278, Final residual = 0.00028279815, No Iterations 3
smoothSolver:  Solving for Uz, Initial residual = 0.019590925, Final residual = 0.00029423578, No Iterations 3
GAMG:  Solving for p, Initial residual = 0.016280963, Final residual = 0.00012341396, No Iterations 3
GAMG:  Solving for p, Initial residual = 0.00045152032, Final residual = 2.9407029e-06, No Iterations 4
time step continuity errors : sum local = 3.7989541e-05, global = -3.6342058e-06, cumulative = -0.0018426275
smoothSolver:  Solving for omega, Initial residual = 0.00067252075, Final residual = 5.6506785e-06, No Iterations 2
smoothSolver:  Solving for k, Initial residual = 0.0057245416, Final residual = 6.6453677e-05, No Iterations 2
ExecutionTime = 329.30458 s  ClockTime = 329 s

Time = 227s

smoothSolver:  Solving for Ux, Initial residual = 0.0025491834, Final residual = 3.7208539e-05, No Iterations 3
smoothSolver:  Solving for Uy, Initial residual = 0.018601, Final residual = 0.00028192364, No Iterations 3
smoothSolver:  Solving for Uz, Initial residual = 0.019546178, Final residual = 0.00029364297, No Iterations 3
GAMG:  Solving for p, Initial residual = 0.016367082, Final residual = 0.00012383834, No Iterations 3
GAMG:  Solving for p, Initial residual = 0.00045037591, Final residual = 2.91003e-06, No Iterations 4
time step continuity errors : sum local = 3.7716779e-05, global = -3.7964503e-06, cumulative = -0.0018464239
smoothSolver:  Solving for omega, Initial residual = 0.00067031548, Final residual = 5.4773747e-06, No Iterations 2
smoothSolver:  Solving for k, Initial residual = 0.0056806687, Final residual = 6.6264876e-05, No Iterations 2
ExecutionTime = 330.86286 s  ClockTime = 331 s

Time = 228s

smoothSolver:  Solving for Ux, Initial residual = 0.0025321647, Final residual = 3.6919294e-05, No Iterations 3
smoothSolver:  Solving for Uy, Initial residual = 0.018554664, Final residual = 0.00028104102, No Iterations 3
smoothSolver:  Solving for Uz, Initial residual = 0.019500443, Final residual = 0.00029297572, No Iterations 3
GAMG:  Solving for p, Initial residual = 0.016396645, Final residual = 0.00012450915, No Iterations 3
GAMG:  Solving for p, Initial residual = 0.00045037177, Final residual = 2.8927351e-06, No Iterations 4
time step continuity errors : sum local = 3.7607338e-05, global = -4.0959176e-06, cumulative = -0.0018505198
smoothSolver:  Solving for omega, Initial residual = 0.00067364128, Final residual = 5.6493564e-06, No Iterations 2
smoothSolver:  Solving for k, Initial residual = 0.0056292483, Final residual = 6.5798571e-05, No Iterations 2
ExecutionTime = 332.27539 s  ClockTime = 332 s

Time = 229s

smoothSolver:  Solving for Ux, Initial residual = 0.0025156422, Final residual = 3.6631001e-05, No Iterations 3
smoothSolver:  Solving for Uy, Initial residual = 0.018488933, Final residual = 0.00028013645, No Iterations 3
smoothSolver:  Solving for Uz, Initial residual = 0.019444002, Final residual = 0.00029231369, No Iterations 3
GAMG:  Solving for p, Initial residual = 0.016487429, Final residual = 0.00012572886, No Iterations 3
GAMG:  Solving for p, Initial residual = 0.00045324538, Final residual = 2.8742816e-06, No Iterations 4
time step continuity errors : sum local = 3.7340777e-05, global = -4.3724181e-06, cumulative = -0.0018548923
smoothSolver:  Solving for omega, Initial residual = 0.00066407436, Final residual = 5.3911654e-06, No Iterations 2
smoothSolver:  Solving for k, Initial residual = 0.005575239, Final residual = 6.5392213e-05, No Iterations 2
ExecutionTime = 333.4409 s  ClockTime = 334 s

Time = 230s

smoothSolver:  Solving for Ux, Initial residual = 0.0024994125, Final residual = 3.634223e-05, No Iterations 3
smoothSolver:  Solving for Uy, Initial residual = 0.018417151, Final residual = 0.00027921585, No Iterations 3
smoothSolver:  Solving for Uz, Initial residual = 0.01938194, Final residual = 0.00029165764, No Iterations 3
GAMG:  Solving for p, Initial residual = 0.016542311, Final residual = 0.00012716258, No Iterations 3
GAMG:  Solving for p, Initial residual = 0.00045447171, Final residual = 2.8328801e-06, No Iterations 4
time step continuity errors : sum local = 3.6784267e-05, global = -4.3812388e-06, cumulative = -0.0018592735
smoothSolver:  Solving for omega, Initial residual = 0.00066480951, Final residual = 5.5672708e-06, No Iterations 2
smoothSolver:  Solving for k, Initial residual = 0.0055254933, Final residual = 6.5021831e-05, No Iterations 2
ExecutionTime = 334.78759 s  ClockTime = 335 s

Time = 231s

smoothSolver:  Solving for Ux, Initial residual = 0.0024837777, Final residual = 3.6051802e-05, No Iterations 3
smoothSolver:  Solving for Uy, Initial residual = 0.018338385, Final residual = 0.00027827612, No Iterations 3
smoothSolver:  Solving for Uz, Initial residual = 0.019319881, Final residual = 0.0002908556, No Iterations 3
GAMG:  Solving for p, Initial residual = 0.016511515, Final residual = 0.000127998, No Iterations 3
GAMG:  Solving for p, Initial residual = 0.00045168251, Final residual = 2.7809368e-06, No Iterations 4
time step continuity errors : sum local = 3.6149989e-05, global = -4.4175008e-06, cumulative = -0.001863691
smoothSolver:  Solving for omega, Initial residual = 0.00066162387, Final residual = 5.3618253e-06, No Iterations 2
smoothSolver:  Solving for k, Initial residual = 0.0054783051, Final residual = 6.4682623e-05, No Iterations 2
ExecutionTime = 336.17802 s  ClockTime = 336 s

Time = 232s

smoothSolver:  Solving for Ux, Initial residual = 0.0024675876, Final residual = 3.5751853e-05, No Iterations 3
smoothSolver:  Solving for Uy, Initial residual = 0.018256198, Final residual = 0.00027732471, No Iterations 3
smoothSolver:  Solving for Uz, Initial residual = 0.019246775, Final residual = 0.00028993867, No Iterations 3
GAMG:  Solving for p, Initial residual = 0.016475058, Final residual = 0.00012919668, No Iterations 3
GAMG:  Solving for p, Initial residual = 0.00045084411, Final residual = 2.7507262e-06, No Iterations 4
time step continuity errors : sum local = 3.5680711e-05, global = -4.5533306e-06, cumulative = -0.0018682443
smoothSolver:  Solving for omega, Initial residual = 0.00066468879, Final residual = 5.5748962e-06, No Iterations 2
smoothSolver:  Solving for k, Initial residual = 0.0054346615, Final residual = 6.4355985e-05, No Iterations 2
ExecutionTime = 337.48177 s  ClockTime = 338 s

Time = 233s

smoothSolver:  Solving for Ux, Initial residual = 0.0024509534, Final residual = 3.5449289e-05, No Iterations 3
smoothSolver:  Solving for Uy, Initial residual = 0.018174558, Final residual = 0.00027635656, No Iterations 3
smoothSolver:  Solving for Uz, Initial residual = 0.019166347, Final residual = 0.00028885659, No Iterations 3
GAMG:  Solving for p, Initial residual = 0.016378535, Final residual = 0.00012975017, No Iterations 3
GAMG:  Solving for p, Initial residual = 0.00045053453, Final residual = 2.7698086e-06, No Iterations 4
time step continuity errors : sum local = 3.594855e-05, global = -4.6272312e-06, cumulative = -0.0018728716
smoothSolver:  Solving for omega, Initial residual = 0.00065523823, Final residual = 5.3207331e-06, No Iterations 2
smoothSolver:  Solving for k, Initial residual = 0.0053916397, Final residual = 6.396338e-05, No Iterations 2
ExecutionTime = 339.0356 s  ClockTime = 339 s

Time = 234s

smoothSolver:  Solving for Ux, Initial residual = 0.0024335035, Final residual = 3.5139214e-05, No Iterations 3
smoothSolver:  Solving for Uy, Initial residual = 0.018087324, Final residual = 0.0002753175, No Iterations 3
smoothSolver:  Solving for Uz, Initial residual = 0.019083491, Final residual = 0.00028762979, No Iterations 3
GAMG:  Solving for p, Initial residual = 0.016333298, Final residual = 0.00013089906, No Iterations 3
GAMG:  Solving for p, Initial residual = 0.00045200887, Final residual = 2.7858379e-06, No Iterations 4
time step continuity errors : sum local = 3.6063204e-05, global = -4.6639055e-06, cumulative = -0.0018775355
smoothSolver:  Solving for omega, Initial residual = 0.00065691626, Final residual = 5.4412416e-06, No Iterations 2
smoothSolver:  Solving for k, Initial residual = 0.0053490843, Final residual = 6.3515766e-05, No Iterations 2
ExecutionTime = 340.42952 s  ClockTime = 340 s

Time = 235s

smoothSolver:  Solving for Ux, Initial residual = 0.0024148269, Final residual = 3.481867e-05, No Iterations 3
smoothSolver:  Solving for Uy, Initial residual = 0.017997938, Final residual = 0.00027424575, No Iterations 3
smoothSolver:  Solving for Uz, Initial residual = 0.018995201, Final residual = 0.00028632965, No Iterations 3
GAMG:  Solving for p, Initial residual = 0.016267426, Final residual = 0.00013240523, No Iterations 3
GAMG:  Solving for p, Initial residual = 0.0004535114, Final residual = 2.792986e-06, No Iterations 4
time step continuity errors : sum local = 3.6125133e-05, global = -4.4479602e-06, cumulative = -0.0018819834
smoothSolver:  Solving for omega, Initial residual = 0.00065540492, Final residual = 5.2515896e-06, No Iterations 2
smoothSolver:  Solving for k, Initial residual = 0.0053125782, Final residual = 6.3168528e-05, No Iterations 2
ExecutionTime = 341.9646 s  ClockTime = 342 s

Time = 236s

smoothSolver:  Solving for Ux, Initial residual = 0.002395552, Final residual = 3.4489737e-05, No Iterations 3
smoothSolver:  Solving for Uy, Initial residual = 0.01790785, Final residual = 0.0002730881, No Iterations 3
smoothSolver:  Solving for Uz, Initial residual = 0.018904477, Final residual = 0.0002849748, No Iterations 3
GAMG:  Solving for p, Initial residual = 0.016227183, Final residual = 0.00013439356, No Iterations 3
GAMG:  Solving for p, Initial residual = 0.0004551636, Final residual = 2.8483746e-06, No Iterations 4
time step continuity errors : sum local = 3.6755129e-05, global = -4.5648624e-06, cumulative = -0.0018865483
smoothSolver:  Solving for omega, Initial residual = 0.00065724724, Final residual = 5.4750433e-06, No Iterations 2
smoothSolver:  Solving for k, Initial residual = 0.0052802, Final residual = 6.2836444e-05, No Iterations 2
ExecutionTime = 343.51264 s  ClockTime = 344 s

Time = 237s

smoothSolver:  Solving for Ux, Initial residual = 0.0023757485, Final residual = 3.4143649e-05, No Iterations 3
smoothSolver:  Solving for Uy, Initial residual = 0.017820587, Final residual = 0.00027176502, No Iterations 3
smoothSolver:  Solving for Uz, Initial residual = 0.018807934, Final residual = 0.00028354157, No Iterations 3
GAMG:  Solving for p, Initial residual = 0.01613685, Final residual = 0.00013606845, No Iterations 3
GAMG:  Solving for p, Initial residual = 0.00045488085, Final residual = 2.76576e-06, No Iterations 4
time step continuity errors : sum local = 3.5642618e-05, global = -4.297457e-06, cumulative = -0.0018908457
smoothSolver:  Solving for omega, Initial residual = 0.00064970342, Final residual = 5.2613001e-06, No Iterations 2
smoothSolver:  Solving for k, Initial residual = 0.0052558426, Final residual = 6.2565438e-05, No Iterations 2
ExecutionTime = 344.98411 s  ClockTime = 345 s

Time = 238s

smoothSolver:  Solving for Ux, Initial residual = 0.0023546658, Final residual = 3.3781725e-05, No Iterations 3
smoothSolver:  Solving for Uy, Initial residual = 0.017726199, Final residual = 0.00027025057, No Iterations 3
smoothSolver:  Solving for Uz, Initial residual = 0.018708526, Final residual = 0.00028207985, No Iterations 3
GAMG:  Solving for p, Initial residual = 0.016033722, Final residual = 0.00013746744, No Iterations 3
GAMG:  Solving for p, Initial residual = 0.00045507422, Final residual = 2.7339977e-06, No Iterations 4
time step continuity errors : sum local = 3.5202636e-05, global = -4.0858632e-06, cumulative = -0.0018949316
smoothSolver:  Solving for omega, Initial residual = 0.00065307654, Final residual = 5.4417282e-06, No Iterations 2
smoothSolver:  Solving for k, Initial residual = 0.0052286739, Final residual = 6.2176028e-05, No Iterations 2
ExecutionTime = 346.19518 s  ClockTime = 346 s

Time = 239s

smoothSolver:  Solving for Ux, Initial residual = 0.0023328859, Final residual = 3.340803e-05, No Iterations 3
smoothSolver:  Solving for Uy, Initial residual = 0.017621697, Final residual = 0.00026849073, No Iterations 3
smoothSolver:  Solving for Uz, Initial residual = 0.018595283, Final residual = 0.00028043548, No Iterations 3
GAMG:  Solving for p, Initial residual = 0.015922692, Final residual = 0.00013807335, No Iterations 3
GAMG:  Solving for p, Initial residual = 0.00045536448, Final residual = 2.6366927e-06, No Iterations 4
time step continuity errors : sum local = 3.3861827e-05, global = -3.4531118e-06, cumulative = -0.0018983847
smoothSolver:  Solving for omega, Initial residual = 0.00064971912, Final residual = 5.2289194e-06, No Iterations 2
smoothSolver:  Solving for k, Initial residual = 0.005196925, Final residual = 6.1725146e-05, No Iterations 2
ExecutionTime = 347.50797 s  ClockTime = 348 s

Time = 240s

smoothSolver:  Solving for Ux, Initial residual = 0.002309788, Final residual = 3.301782e-05, No Iterations 3
smoothSolver:  Solving for Uy, Initial residual = 0.017511148, Final residual = 0.00026671518, No Iterations 3
smoothSolver:  Solving for Uz, Initial residual = 0.018475775, Final residual = 0.00027867233, No Iterations 3
GAMG:  Solving for p, Initial residual = 0.015793413, Final residual = 0.00013833862, No Iterations 3
GAMG:  Solving for p, Initial residual = 0.00045688082, Final residual = 2.5487286e-06, No Iterations 4
time step continuity errors : sum local = 3.2651729e-05, global = -2.9275974e-06, cumulative = -0.0019013123
smoothSolver:  Solving for omega, Initial residual = 0.00064825987, Final residual = 5.3557213e-06, No Iterations 2
smoothSolver:  Solving for k, Initial residual = 0.0051708815, Final residual = 6.1363751e-05, No Iterations 2
ExecutionTime = 349.23618 s  ClockTime = 349 s

Time = 241s

smoothSolver:  Solving for Ux, Initial residual = 0.0022863059, Final residual = 3.2613834e-05, No Iterations 3
smoothSolver:  Solving for Uy, Initial residual = 0.017398007, Final residual = 0.0002647366, No Iterations 3
smoothSolver:  Solving for Uz, Initial residual = 0.018352225, Final residual = 0.00027682161, No Iterations 3
GAMG:  Solving for p, Initial residual = 0.015663872, Final residual = 0.00013699798, No Iterations 3
GAMG:  Solving for p, Initial residual = 0.00045451313, Final residual = 2.4566052e-06, No Iterations 4
time step continuity errors : sum local = 3.1410297e-05, global = -2.6896312e-06, cumulative = -0.0019040019
smoothSolver:  Solving for omega, Initial residual = 0.00063917668, Final residual = 5.1423918e-06, No Iterations 2
smoothSolver:  Solving for k, Initial residual = 0.0051418669, Final residual = 6.0909621e-05, No Iterations 2
ExecutionTime = 350.95269 s  ClockTime = 351 s

Time = 242s

smoothSolver:  Solving for Ux, Initial residual = 0.0022625338, Final residual = 3.2200863e-05, No Iterations 3
smoothSolver:  Solving for Uy, Initial residual = 0.017275502, Final residual = 0.00026263569, No Iterations 3
smoothSolver:  Solving for Uz, Initial residual = 0.018213913, Final residual = 0.0002748885, No Iterations 3
GAMG:  Solving for p, Initial residual = 0.015528591, Final residual = 0.00013380715, No Iterations 3
GAMG:  Solving for p, Initial residual = 0.00044843501, Final residual = 2.3993303e-06, No Iterations 4
time step continuity errors : sum local = 3.0605026e-05, global = -4.6275884e-06, cumulative = -0.0019086295
smoothSolver:  Solving for omega, Initial residual = 0.00064156841, Final residual = 5.3694364e-06, No Iterations 2
smoothSolver:  Solving for k, Initial residual = 0.0051146058, Final residual = 6.0534584e-05, No Iterations 2
ExecutionTime = 352.75092 s  ClockTime = 353 s

Time = 243s

smoothSolver:  Solving for Ux, Initial residual = 0.0022380341, Final residual = 3.1788153e-05, No Iterations 3
smoothSolver:  Solving for Uy, Initial residual = 0.017149099, Final residual = 0.00026038071, No Iterations 3
smoothSolver:  Solving for Uz, Initial residual = 0.018074787, Final residual = 0.0002729301, No Iterations 3
GAMG:  Solving for p, Initial residual = 0.015377179, Final residual = 0.00012895839, No Iterations 3
GAMG:  Solving for p, Initial residual = 0.00043905821, Final residual = 2.4848504e-06, No Iterations 4
time step continuity errors : sum local = 3.1679991e-05, global = -9.0519334e-06, cumulative = -0.0019176815
smoothSolver:  Solving for omega, Initial residual = 0.00064024225, Final residual = 5.1632183e-06, No Iterations 2
smoothSolver:  Solving for k, Initial residual = 0.0050853292, Final residual = 6.0120027e-05, No Iterations 2
ExecutionTime = 354.20347 s  ClockTime = 354 s

Time = 244s

smoothSolver:  Solving for Ux, Initial residual = 0.0022132449, Final residual = 3.137586e-05, No Iterations 3
smoothSolver:  Solving for Uy, Initial residual = 0.017020339, Final residual = 0.00025802761, No Iterations 3
smoothSolver:  Solving for Uz, Initial residual = 0.017927743, Final residual = 0.00027088322, No Iterations 3
GAMG:  Solving for p, Initial residual = 0.015233468, Final residual = 0.00012421483, No Iterations 3
GAMG:  Solving for p, Initial residual = 0.00042853911, Final residual = 2.6259035e-06, No Iterations 4
time step continuity errors : sum local = 3.3399033e-05, global = -7.853761e-06, cumulative = -0.0019255352
smoothSolver:  Solving for omega, Initial residual = 0.00064130952, Final residual = 5.3707312e-06, No Iterations 2
smoothSolver:  Solving for k, Initial residual = 0.0050492075, Final residual = 5.9600385e-05, No Iterations 2
ExecutionTime = 355.59492 s  ClockTime = 356 s

Time = 245s

smoothSolver:  Solving for Ux, Initial residual = 0.0021888775, Final residual = 3.0971434e-05, No Iterations 3
smoothSolver:  Solving for Uy, Initial residual = 0.016886234, Final residual = 0.00025559257, No Iterations 3
smoothSolver:  Solving for Uz, Initial residual = 0.017773319, Final residual = 0.00026873223, No Iterations 3
GAMG:  Solving for p, Initial residual = 0.01510533, Final residual = 0.00011903466, No Iterations 3
GAMG:  Solving for p, Initial residual = 0.0004197234, Final residual = 2.6949505e-06, No Iterations 4
time step continuity errors : sum local = 3.4202426e-05, global = -6.1996314e-06, cumulative = -0.0019317349
smoothSolver:  Solving for omega, Initial residual = 0.00063127017, Final residual = 5.1027512e-06, No Iterations 2
smoothSolver:  Solving for k, Initial residual = 0.0050125765, Final residual = 5.9149803e-05, No Iterations 2
ExecutionTime = 357.21947 s  ClockTime = 357 s

Time = 246s

smoothSolver:  Solving for Ux, Initial residual = 0.0021639681, Final residual = 3.0569232e-05, No Iterations 3
smoothSolver:  Solving for Uy, Initial residual = 0.016753446, Final residual = 0.0002530767, No Iterations 3
smoothSolver:  Solving for Uz, Initial residual = 0.017613553, Final residual = 0.00026649607, No Iterations 3
GAMG:  Solving for p, Initial residual = 0.014999751, Final residual = 0.00011486273, No Iterations 3
GAMG:  Solving for p, Initial residual = 0.00041261748, Final residual = 2.6428749e-06, No Iterations 4
time step continuity errors : sum local = 3.346424e-05, global = -5.6817069e-06, cumulative = -0.0019374166
smoothSolver:  Solving for omega, Initial residual = 0.0006298494, Final residual = 5.240404e-06, No Iterations 2
smoothSolver:  Solving for k, Initial residual = 0.0049710536, Final residual = 5.8532009e-05, No Iterations 2
ExecutionTime = 358.63728 s  ClockTime = 359 s

Time = 247s

smoothSolver:  Solving for Ux, Initial residual = 0.002138875, Final residual = 3.0174588e-05, No Iterations 3
smoothSolver:  Solving for Uy, Initial residual = 0.016616722, Final residual = 0.00025052547, No Iterations 3
smoothSolver:  Solving for Uz, Initial residual = 0.017446047, Final residual = 0.00026410122, No Iterations 3
GAMG:  Solving for p, Initial residual = 0.014899058, Final residual = 0.00011092012, No Iterations 3
GAMG:  Solving for p, Initial residual = 0.00040428018, Final residual = 2.5770386e-06, No Iterations 4
time step continuity errors : sum local = 3.2555609e-05, global = -5.1698925e-06, cumulative = -0.0019425865
smoothSolver:  Solving for omega, Initial residual = 0.00062649136, Final residual = 5.0697229e-06, No Iterations 2
smoothSolver:  Solving for k, Initial residual = 0.0049311591, Final residual = 5.804535e-05, No Iterations 2
ExecutionTime = 360.37638 s  ClockTime = 360 s

Time = 248s

smoothSolver:  Solving for Ux, Initial residual = 0.0021136531, Final residual = 2.9786708e-05, No Iterations 3
smoothSolver:  Solving for Uy, Initial residual = 0.016481824, Final residual = 0.00024796331, No Iterations 3
smoothSolver:  Solving for Uz, Initial residual = 0.017270699, Final residual = 0.00026153274, No Iterations 3
GAMG:  Solving for p, Initial residual = 0.014778818, Final residual = 0.00010794195, No Iterations 3
GAMG:  Solving for p, Initial residual = 0.00039679139, Final residual = 2.4152447e-06, No Iterations 4
time step continuity errors : sum local = 3.0439314e-05, global = -4.9102532e-06, cumulative = -0.0019474967
smoothSolver:  Solving for omega, Initial residual = 0.00062731181, Final residual = 5.2483076e-06, No Iterations 2
smoothSolver:  Solving for k, Initial residual = 0.0048941986, Final residual = 5.758334e-05, No Iterations 2
ExecutionTime = 361.94566 s  ClockTime = 362 s

Time = 249s

smoothSolver:  Solving for Ux, Initial residual = 0.0020879924, Final residual = 2.9400882e-05, No Iterations 3
smoothSolver:  Solving for Uy, Initial residual = 0.016349953, Final residual = 0.00024540545, No Iterations 3
smoothSolver:  Solving for Uz, Initial residual = 0.017086588, Final residual = 0.00025884807, No Iterations 3
GAMG:  Solving for p, Initial residual = 0.014656169, Final residual = 0.00010495742, No Iterations 3
GAMG:  Solving for p, Initial residual = 0.00039140926, Final residual = 2.1156232e-06, No Iterations 4
time step continuity errors : sum local = 2.660112e-05, global = -4.3977495e-06, cumulative = -0.0019518945
smoothSolver:  Solving for omega, Initial residual = 0.00061754118, Final residual = 5.003761e-06, No Iterations 2
smoothSolver:  Solving for k, Initial residual = 0.004857217, Final residual = 5.7079592e-05, No Iterations 2
ExecutionTime = 363.56268 s  ClockTime = 364 s

Time = 250s

smoothSolver:  Solving for Ux, Initial residual = 0.0020623064, Final residual = 2.9019559e-05, No Iterations 3
smoothSolver:  Solving for Uy, Initial residual = 0.016216757, Final residual = 0.00024283182, No Iterations 3
smoothSolver:  Solving for Uz, Initial residual = 0.016900906, Final residual = 0.0002561558, No Iterations 3
GAMG:  Solving for p, Initial residual = 0.014512572, Final residual = 0.00010252796, No Iterations 3
GAMG:  Solving for p, Initial residual = 0.00038511924, Final residual = 1.7428848e-06, No Iterations 4
time step continuity errors : sum local = 2.1863654e-05, global = -3.5803723e-06, cumulative = -0.0019554748
smoothSolver:  Solving for omega, Initial residual = 0.0006181669, Final residual = 5.2114809e-06, No Iterations 2
smoothSolver:  Solving for k, Initial residual = 0.0048148637, Final residual = 5.6543908e-05, No Iterations 2
ExecutionTime = 365.45965 s  ClockTime = 366 s

Time = 251s

smoothSolver:  Solving for Ux, Initial residual = 0.0020367548, Final residual = 2.8651319e-05, No Iterations 3
smoothSolver:  Solving for Uy, Initial residual = 0.0160837, Final residual = 0.00024028197, No Iterations 3
smoothSolver:  Solving for Uz, Initial residual = 0.016704126, Final residual = 0.0002533649, No Iterations 3
GAMG:  Solving for p, Initial residual = 0.014346009, Final residual = 0.00010059604, No Iterations 3
GAMG:  Solving for p, Initial residual = 0.00037872124, Final residual = 1.335466e-06, No Iterations 4
time step continuity errors : sum local = 1.6715304e-05, global = -6.0209011e-07, cumulative = -0.0019560769
smoothSolver:  Solving for omega, Initial residual = 0.00061576564, Final residual = 4.9707579e-06, No Iterations 2
smoothSolver:  Solving for k, Initial residual = 0.0047676742, Final residual = 5.5926596e-05, No Iterations 2
ExecutionTime = 367.2026 s  ClockTime = 367 s

Time = 252s

smoothSolver:  Solving for Ux, Initial residual = 0.0020111494, Final residual = 2.828702e-05, No Iterations 3
smoothSolver:  Solving for Uy, Initial residual = 0.015951552, Final residual = 0.00023785469, No Iterations 3
smoothSolver:  Solving for Uz, Initial residual = 0.016505478, Final residual = 0.00025061582, No Iterations 3
GAMG:  Solving for p, Initial residual = 0.014177928, Final residual = 9.9055199e-05, No Iterations 3
GAMG:  Solving for p, Initial residual = 0.00037247865, Final residual = 1.5660796e-06, No Iterations 4
time step continuity errors : sum local = 1.9552179e-05, global = 2.8169199e-06, cumulative = -0.00195326
smoothSolver:  Solving for omega, Initial residual = 0.0006166423, Final residual = 5.155474e-06, No Iterations 2
smoothSolver:  Solving for k, Initial residual = 0.0047154514, Final residual = 5.5250272e-05, No Iterations 2
ExecutionTime = 369.02399 s  ClockTime = 369 s

Time = 253s

smoothSolver:  Solving for Ux, Initial residual = 0.001985713, Final residual = 2.7930158e-05, No Iterations 3
smoothSolver:  Solving for Uy, Initial residual = 0.015819431, Final residual = 0.00023541425, No Iterations 3
smoothSolver:  Solving for Uz, Initial residual = 0.016303287, Final residual = 0.00024790651, No Iterations 3
GAMG:  Solving for p, Initial residual = 0.014004599, Final residual = 9.721507e-05, No Iterations 3
GAMG:  Solving for p, Initial residual = 0.00036633342, Final residual = 3.503069e-06, No Iterations 3
time step continuity errors : sum local = 4.3626699e-05, global = -6.798001e-06, cumulative = -0.001960058
smoothSolver:  Solving for omega, Initial residual = 0.00060620047, Final residual = 4.9494614e-06, No Iterations 2
smoothSolver:  Solving for k, Initial residual = 0.0046640825, Final residual = 5.4659252e-05, No Iterations 2
ExecutionTime = 370.62857 s  ClockTime = 371 s

Time = 254s

smoothSolver:  Solving for Ux, Initial residual = 0.0019608313, Final residual = 2.7580594e-05, No Iterations 3
smoothSolver:  Solving for Uy, Initial residual = 0.015689442, Final residual = 0.00023300028, No Iterations 3
smoothSolver:  Solving for Uz, Initial residual = 0.016103118, Final residual = 0.00024519813, No Iterations 3
GAMG:  Solving for p, Initial residual = 0.013854796, Final residual = 9.5013489e-05, No Iterations 3
GAMG:  Solving for p, Initial residual = 0.00036043804, Final residual = 3.3369356e-06, No Iterations 3
time step continuity errors : sum local = 4.1443421e-05, global = 2.2428581e-06, cumulative = -0.0019578152
smoothSolver:  Solving for omega, Initial residual = 0.00060394993, Final residual = 5.0907616e-06, No Iterations 2
smoothSolver:  Solving for k, Initial residual = 0.0046138876, Final residual = 5.3985366e-05, No Iterations 2
ExecutionTime = 372.27029 s  ClockTime = 372 s

Time = 255s

smoothSolver:  Solving for Ux, Initial residual = 0.0019361406, Final residual = 2.7239173e-05, No Iterations 3
smoothSolver:  Solving for Uy, Initial residual = 0.015557458, Final residual = 0.0002306575, No Iterations 3
smoothSolver:  Solving for Uz, Initial residual = 0.015904705, Final residual = 0.00024249108, No Iterations 3
GAMG:  Solving for p, Initial residual = 0.013752835, Final residual = 9.285553e-05, No Iterations 3
GAMG:  Solving for p, Initial residual = 0.00035483033, Final residual = 1.5480263e-06, No Iterations 4
time step continuity errors : sum local = 1.9165998e-05, global = -3.7292276e-06, cumulative = -0.0019615444
smoothSolver:  Solving for omega, Initial residual = 0.00060081625, Final residual = 4.8519627e-06, No Iterations 2
smoothSolver:  Solving for k, Initial residual = 0.0045613126, Final residual = 5.3440483e-05, No Iterations 2
ExecutionTime = 373.65321 s  ClockTime = 374 s

Time = 256s

smoothSolver:  Solving for Ux, Initial residual = 0.0019121146, Final residual = 2.6911404e-05, No Iterations 3
smoothSolver:  Solving for Uy, Initial residual = 0.015421546, Final residual = 0.00022831759, No Iterations 3
smoothSolver:  Solving for Uz, Initial residual = 0.015704829, Final residual = 0.00023975458, No Iterations 3
GAMG:  Solving for p, Initial residual = 0.013618256, Final residual = 8.9978755e-05, No Iterations 3
GAMG:  Solving for p, Initial residual = 0.0003462045, Final residual = 1.8725876e-06, No Iterations 4
time step continuity errors : sum local = 2.3120281e-05, global = -5.2684871e-06, cumulative = -0.0019668129
smoothSolver:  Solving for omega, Initial residual = 0.00060324055, Final residual = 5.1065189e-06, No Iterations 2
smoothSolver:  Solving for k, Initial residual = 0.0045117258, Final residual = 5.2837372e-05, No Iterations 2
ExecutionTime = 374.93565 s  ClockTime = 375 s

Time = 257s

smoothSolver:  Solving for Ux, Initial residual = 0.0018885987, Final residual = 2.6597868e-05, No Iterations 3
smoothSolver:  Solving for Uy, Initial residual = 0.015283277, Final residual = 0.00022604329, No Iterations 3
smoothSolver:  Solving for Uz, Initial residual = 0.015503077, Final residual = 0.00023695515, No Iterations 3
GAMG:  Solving for p, Initial residual = 0.013501199, Final residual = 8.6725977e-05, No Iterations 3
GAMG:  Solving for p, Initial residual = 0.00033881003, Final residual = 2.0184561e-06, No Iterations 4
time step continuity errors : sum local = 2.4846232e-05, global = -7.3840424e-06, cumulative = -0.0019741969
smoothSolver:  Solving for omega, Initial residual = 0.00059291574, Final residual = 4.8302054e-06, No Iterations 2
smoothSolver:  Solving for k, Initial residual = 0.0044532634, Final residual = 5.2130638e-05, No Iterations 2
ExecutionTime = 376.22162 s  ClockTime = 376 s

Time = 258s

smoothSolver:  Solving for Ux, Initial residual = 0.0018658473, Final residual = 2.6297779e-05, No Iterations 3
smoothSolver:  Solving for Uy, Initial residual = 0.01514527, Final residual = 0.00022390309, No Iterations 3
smoothSolver:  Solving for Uz, Initial residual = 0.015297592, Final residual = 0.00023398282, No Iterations 3
GAMG:  Solving for p, Initial residual = 0.013375809, Final residual = 8.3060907e-05, No Iterations 3
GAMG:  Solving for p, Initial residual = 0.00033098228, Final residual = 2.3281966e-06, No Iterations 4
time step continuity errors : sum local = 2.8566384e-05, global = -8.8160711e-06, cumulative = -0.001983013
smoothSolver:  Solving for omega, Initial residual = 0.00059208341, Final residual = 4.9526979e-06, No Iterations 2
smoothSolver:  Solving for k, Initial residual = 0.004396914, Final residual = 5.1494129e-05, No Iterations 2
ExecutionTime = 377.60048 s  ClockTime = 378 s

Time = 259s

smoothSolver:  Solving for Ux, Initial residual = 0.0018437951, Final residual = 2.6014201e-05, No Iterations 3
smoothSolver:  Solving for Uy, Initial residual = 0.015011598, Final residual = 0.00022186588, No Iterations 3
smoothSolver:  Solving for Uz, Initial residual = 0.015083993, Final residual = 0.00023086575, No Iterations 3
GAMG:  Solving for p, Initial residual = 0.013187793, Final residual = 7.9333504e-05, No Iterations 3
GAMG:  Solving for p, Initial residual = 0.00032169478, Final residual = 2.5292342e-06, No Iterations 4
time step continuity errors : sum local = 3.0936328e-05, global = -8.7641162e-06, cumulative = -0.0019917771
smoothSolver:  Solving for omega, Initial residual = 0.00059039209, Final residual = 4.7769241e-06, No Iterations 2
smoothSolver:  Solving for k, Initial residual = 0.0043444478, Final residual = 5.0912295e-05, No Iterations 2
ExecutionTime = 379.07508 s  ClockTime = 379 s

Time = 260s

smoothSolver:  Solving for Ux, Initial residual = 0.0018227334, Final residual = 2.5742051e-05, No Iterations 3
smoothSolver:  Solving for Uy, Initial residual = 0.0148792, Final residual = 0.00021993164, No Iterations 3
smoothSolver:  Solving for Uz, Initial residual = 0.014865054, Final residual = 0.00022763046, No Iterations 3
GAMG:  Solving for p, Initial residual = 0.012959763, Final residual = 7.6148952e-05, No Iterations 3
GAMG:  Solving for p, Initial residual = 0.00031208928, Final residual = 2.4883265e-06, No Iterations 4
time step continuity errors : sum local = 3.0344653e-05, global = -8.1080243e-06, cumulative = -0.0019998851
smoothSolver:  Solving for omega, Initial residual = 0.00059281882, Final residual = 5.0091406e-06, No Iterations 2
smoothSolver:  Solving for k, Initial residual = 0.0042895732, Final residual = 5.0200049e-05, No Iterations 2
ExecutionTime = 380.5672 s  ClockTime = 381 s

Time = 261s

smoothSolver:  Solving for Ux, Initial residual = 0.0018024929, Final residual = 2.5488659e-05, No Iterations 3
smoothSolver:  Solving for Uy, Initial residual = 0.014747595, Final residual = 0.00021814318, No Iterations 3
smoothSolver:  Solving for Uz, Initial residual = 0.014639992, Final residual = 0.00022419946, No Iterations 3
GAMG:  Solving for p, Initial residual = 0.012690888, Final residual = 7.3598139e-05, No Iterations 3
GAMG:  Solving for p, Initial residual = 0.00030233212, Final residual = 2.3295708e-06, No Iterations 4
time step continuity errors : sum local = 2.8324778e-05, global = -7.4866796e-06, cumulative = -0.0020073718
smoothSolver:  Solving for omega, Initial residual = 0.00058301612, Final residual = 4.716109e-06, No Iterations 2
smoothSolver:  Solving for k, Initial residual = 0.004238128, Final residual = 4.956782e-05, No Iterations 2
ExecutionTime = 382.2074 s  ClockTime = 382 s

Time = 262s

smoothSolver:  Solving for Ux, Initial residual = 0.0017829639, Final residual = 2.5250478e-05, No Iterations 3
smoothSolver:  Solving for Uy, Initial residual = 0.014622704, Final residual = 0.0002164176, No Iterations 3
smoothSolver:  Solving for Uz, Initial residual = 0.014413947, Final residual = 0.00022063139, No Iterations 3
GAMG:  Solving for p, Initial residual = 0.012473533, Final residual = 7.1582855e-05, No Iterations 3
GAMG:  Solving for p, Initial residual = 0.00029378227, Final residual = 2.080284e-06, No Iterations 4
time step continuity errors : sum local = 2.522558e-05, global = -7.0269189e-06, cumulative = -0.0020143987
smoothSolver:  Solving for omega, Initial residual = 0.00058296665, Final residual = 4.9062251e-06, No Iterations 2
smoothSolver:  Solving for k, Initial residual = 0.0041830797, Final residual = 4.892689e-05, No Iterations 2
ExecutionTime = 383.5691 s  ClockTime = 384 s

Time = 263s

smoothSolver:  Solving for Ux, Initial residual = 0.0017643671, Final residual = 2.5034298e-05, No Iterations 3
smoothSolver:  Solving for Uy, Initial residual = 0.014499057, Final residual = 0.00021473656, No Iterations 3
smoothSolver:  Solving for Uz, Initial residual = 0.01418241, Final residual = 0.00021692293, No Iterations 3
GAMG:  Solving for p, Initial residual = 0.012221008, Final residual = 7.0020329e-05, No Iterations 3
GAMG:  Solving for p, Initial residual = 0.00028489284, Final residual = 1.7345672e-06, No Iterations 4
time step continuity errors : sum local = 2.0969911e-05, global = -6.1411504e-06, cumulative = -0.0020205399
smoothSolver:  Solving for omega, Initial residual = 0.00057971173, Final residual = 4.7017599e-06, No Iterations 2
smoothSolver:  Solving for k, Initial residual = 0.0041316468, Final residual = 4.8267465e-05, No Iterations 2
ExecutionTime = 385.08458 s  ClockTime = 385 s

Time = 264s

smoothSolver:  Solving for Ux, Initial residual = 0.0017468621, Final residual = 2.4834877e-05, No Iterations 3
smoothSolver:  Solving for Uy, Initial residual = 0.014385104, Final residual = 0.00021309368, No Iterations 3
smoothSolver:  Solving for Uz, Initial residual = 0.013946974, Final residual = 0.00021305236, No Iterations 3
GAMG:  Solving for p, Initial residual = 0.012010462, Final residual = 6.8862171e-05, No Iterations 3
GAMG:  Solving for p, Initial residual = 0.00027676445, Final residual = 1.4703414e-06, No Iterations 4
time step continuity errors : sum local = 1.7719446e-05, global = -5.0484985e-06, cumulative = -0.0020255884
smoothSolver:  Solving for omega, Initial residual = 0.00057944012, Final residual = 4.8538538e-06, No Iterations 2
smoothSolver:  Solving for k, Initial residual = 0.0040838325, Final residual = 4.7590854e-05, No Iterations 2
ExecutionTime = 387.01747 s  ClockTime = 387 s

Time = 265s

smoothSolver:  Solving for Ux, Initial residual = 0.0017302061, Final residual = 2.4651608e-05, No Iterations 3
smoothSolver:  Solving for Uy, Initial residual = 0.014278857, Final residual = 0.00021146397, No Iterations 3
smoothSolver:  Solving for Uz, Initial residual = 0.013708687, Final residual = 0.00020902741, No Iterations 3
GAMG:  Solving for p, Initial residual = 0.01183516, Final residual = 6.7566217e-05, No Iterations 3
GAMG:  Solving for p, Initial residual = 0.00026822438, Final residual = 1.3000685e-06, No Iterations 4
time step continuity errors : sum local = 1.5625429e-05, global = -4.1298351e-06, cumulative = -0.0020297182
smoothSolver:  Solving for omega, Initial residual = 0.00056950941, Final residual = 4.6612545e-06, No Iterations 2
smoothSolver:  Solving for k, Initial residual = 0.0040282722, Final residual = 4.6994022e-05, No Iterations 2
ExecutionTime = 388.55027 s  ClockTime = 389 s

Time = 266s

smoothSolver:  Solving for Ux, Initial residual = 0.0017142128, Final residual = 2.4474451e-05, No Iterations 3
smoothSolver:  Solving for Uy, Initial residual = 0.014179791, Final residual = 0.00020983502, No Iterations 3
smoothSolver:  Solving for Uz, Initial residual = 0.013460996, Final residual = 0.00020483049, No Iterations 3
GAMG:  Solving for p, Initial residual = 0.011681633, Final residual = 6.6132484e-05, No Iterations 3
GAMG:  Solving for p, Initial residual = 0.00025929618, Final residual = 2.5214852e-06, No Iterations 3
time step continuity errors : sum local = 3.0202127e-05, global = 2.448294e-06, cumulative = -0.0020272699
smoothSolver:  Solving for omega, Initial residual = 0.00056864155, Final residual = 4.8208206e-06, No Iterations 2
smoothSolver:  Solving for k, Initial residual = 0.0039755045, Final residual = 4.6320883e-05, No Iterations 2
ExecutionTime = 389.82663 s  ClockTime = 390 s

Time = 267s

smoothSolver:  Solving for Ux, Initial residual = 0.0016982451, Final residual = 2.430105e-05, No Iterations 3
smoothSolver:  Solving for Uy, Initial residual = 0.014086048, Final residual = 0.00020821471, No Iterations 3
smoothSolver:  Solving for Uz, Initial residual = 0.0132111, Final residual = 0.00020054827, No Iterations 3
GAMG:  Solving for p, Initial residual = 0.011525938, Final residual = 6.4876804e-05, No Iterations 3
GAMG:  Solving for p, Initial residual = 0.00025253274, Final residual = 2.4749169e-06, No Iterations 3
time step continuity errors : sum local = 2.955919e-05, global = -4.2150075e-06, cumulative = -0.0020314849
smoothSolver:  Solving for omega, Initial residual = 0.00056543682, Final residual = 4.5690754e-06, No Iterations 2
smoothSolver:  Solving for k, Initial residual = 0.0039284772, Final residual = 4.568595e-05, No Iterations 2
ExecutionTime = 391.07584 s  ClockTime = 391 s

Time = 268s

smoothSolver:  Solving for Ux, Initial residual = 0.0016823754, Final residual = 2.4125825e-05, No Iterations 3
smoothSolver:  Solving for Uy, Initial residual = 0.014006907, Final residual = 0.00020665138, No Iterations 3
smoothSolver:  Solving for Uz, Initial residual = 0.012956138, Final residual = 0.00019618961, No Iterations 3
GAMG:  Solving for p, Initial residual = 0.011413996, Final residual = 6.3751623e-05, No Iterations 3
GAMG:  Solving for p, Initial residual = 0.000245786, Final residual = 1.5724181e-06, No Iterations 4
time step continuity errors : sum local = 1.8730055e-05, global = 3.8466961e-06, cumulative = -0.0020276382
smoothSolver:  Solving for omega, Initial residual = 0.00056853805, Final residual = 4.8109472e-06, No Iterations 2
smoothSolver:  Solving for k, Initial residual = 0.0038766364, Final residual = 4.5032589e-05, No Iterations 2
ExecutionTime = 392.41245 s  ClockTime = 392 s

Time = 269s

smoothSolver:  Solving for Ux, Initial residual = 0.0016661122, Final residual = 2.395096e-05, No Iterations 3
smoothSolver:  Solving for Uy, Initial residual = 0.013936299, Final residual = 0.0002051417, No Iterations 3
smoothSolver:  Solving for Uz, Initial residual = 0.012693501, Final residual = 0.00019173739, No Iterations 3
GAMG:  Solving for p, Initial residual = 0.011275645, Final residual = 6.27499e-05, No Iterations 3
GAMG:  Solving for p, Initial residual = 0.00024023108, Final residual = 1.5178184e-06, No Iterations 4
time step continuity errors : sum local = 1.8033576e-05, global = 3.501992e-06, cumulative = -0.0020241362
smoothSolver:  Solving for omega, Initial residual = 0.00055891798, Final residual = 4.5694477e-06, No Iterations 2
smoothSolver:  Solving for k, Initial residual = 0.0038277912, Final residual = 4.4321438e-05, No Iterations 2
ExecutionTime = 393.78724 s  ClockTime = 394 s

Time = 270s

smoothSolver:  Solving for Ux, Initial residual = 0.001649965, Final residual = 2.3771016e-05, No Iterations 3
smoothSolver:  Solving for Uy, Initial residual = 0.013875494, Final residual = 0.0002037034, No Iterations 3
smoothSolver:  Solving for Uz, Initial residual = 0.012429833, Final residual = 0.00018723293, No Iterations 3
GAMG:  Solving for p, Initial residual = 0.011151085, Final residual = 6.1847997e-05, No Iterations 3
GAMG:  Solving for p, Initial residual = 0.00023495791, Final residual = 1.6017777e-06, No Iterations 4
time step continuity errors : sum local = 1.8977681e-05, global = 3.8703111e-06, cumulative = -0.0020202659
smoothSolver:  Solving for omega, Initial residual = 0.00055836307, Final residual = 4.7283856e-06, No Iterations 2
smoothSolver:  Solving for k, Initial residual = 0.0037837062, Final residual = 4.3710344e-05, No Iterations 2
ExecutionTime = 395.15426 s  ClockTime = 395 s

Time = 271s

smoothSolver:  Solving for Ux, Initial residual = 0.0016335608, Final residual = 2.358856e-05, No Iterations 3
smoothSolver:  Solving for Uy, Initial residual = 0.013815365, Final residual = 0.00020224723, No Iterations 3
smoothSolver:  Solving for Uz, Initial residual = 0.012166969, Final residual = 0.00018272123, No Iterations 3
GAMG:  Solving for p, Initial residual = 0.011026976, Final residual = 6.0982588e-05, No Iterations 3
GAMG:  Solving for p, Initial residual = 0.00023040372, Final residual = 1.5882702e-06, No Iterations 4
time step continuity errors : sum local = 1.8764764e-05, global = 3.7957187e-06, cumulative = -0.0020164702
smoothSolver:  Solving for omega, Initial residual = 0.00055764254, Final residual = 4.5459632e-06, No Iterations 2
smoothSolver:  Solving for k, Initial residual = 0.0037397585, Final residual = 4.2996589e-05, No Iterations 2
ExecutionTime = 396.49448 s  ClockTime = 397 s

Time = 272s

smoothSolver:  Solving for Ux, Initial residual = 0.0016175465, Final residual = 2.340271e-05, No Iterations 3
smoothSolver:  Solving for Uy, Initial residual = 0.013755401, Final residual = 0.00020082329, No Iterations 3
smoothSolver:  Solving for Uz, Initial residual = 0.011903101, Final residual = 0.00017825366, No Iterations 3
GAMG:  Solving for p, Initial residual = 0.010918549, Final residual = 6.0256473e-05, No Iterations 3
GAMG:  Solving for p, Initial residual = 0.00022527309, Final residual = 1.4692761e-06, No Iterations 4
time step continuity errors : sum local = 1.7318693e-05, global = 3.4133395e-06, cumulative = -0.0020130569
smoothSolver:  Solving for omega, Initial residual = 0.00055810346, Final residual = 4.7452676e-06, No Iterations 2
smoothSolver:  Solving for k, Initial residual = 0.003690697, Final residual = 4.2446229e-05, No Iterations 2
ExecutionTime = 398.0641 s  ClockTime = 398 s

Time = 273s

smoothSolver:  Solving for Ux, Initial residual = 0.0016014408, Final residual = 2.3217275e-05, No Iterations 3
smoothSolver:  Solving for Uy, Initial residual = 0.013686829, Final residual = 0.00019931292, No Iterations 3
smoothSolver:  Solving for Uz, Initial residual = 0.011638734, Final residual = 0.00017394899, No Iterations 3
GAMG:  Solving for p, Initial residual = 0.010842859, Final residual = 6.0160331e-05, No Iterations 3
GAMG:  Solving for p, Initial residual = 0.00022275351, Final residual = 1.3256048e-06, No Iterations 4
time step continuity errors : sum local = 1.5580065e-05, global = 2.8464926e-06, cumulative = -0.0020102104
smoothSolver:  Solving for omega, Initial residual = 0.0005489563, Final residual = 4.5247488e-06, No Iterations 2
smoothSolver:  Solving for k, Initial residual = 0.0036431906, Final residual = 4.1783814e-05, No Iterations 2
ExecutionTime = 399.43755 s  ClockTime = 400 s

Time = 274s

smoothSolver:  Solving for Ux, Initial residual = 0.0015857409, Final residual = 2.3028745e-05, No Iterations 3
smoothSolver:  Solving for Uy, Initial residual = 0.01361136, Final residual = 0.0001977085, No Iterations 3
smoothSolver:  Solving for Uz, Initial residual = 0.011383731, Final residual = 0.00016978835, No Iterations 3
GAMG:  Solving for p, Initial residual = 0.010760086, Final residual = 6.0040756e-05, No Iterations 3
GAMG:  Solving for p, Initial residual = 0.00021996159, Final residual = 1.1063822e-06, No Iterations 4
time step continuity errors : sum local = 1.2973878e-05, global = 1.5263032e-06, cumulative = -0.0020086841
smoothSolver:  Solving for omega, Initial residual = 0.0005485716, Final residual = 4.6744548e-06, No Iterations 2
smoothSolver:  Solving for k, Initial residual = 0.0035967464, Final residual = 4.1175214e-05, No Iterations 2
ExecutionTime = 400.99437 s  ClockTime = 401 s

Time = 275s

smoothSolver:  Solving for Ux, Initial residual = 0.0015701475, Final residual = 2.2842083e-05, No Iterations 3
smoothSolver:  Solving for Uy, Initial residual = 0.013529421, Final residual = 0.0001960028, No Iterations 3
smoothSolver:  Solving for Uz, Initial residual = 0.011138711, Final residual = 0.00016587461, No Iterations 3
GAMG:  Solving for p, Initial residual = 0.010710148, Final residual = 6.0195302e-05, No Iterations 3
GAMG:  Solving for p, Initial residual = 0.00021894946, Final residual = 9.6153389e-07, No Iterations 4
time step continuity errors : sum local = 1.123839e-05, global = -1.2955294e-06, cumulative = -0.0020099796
smoothSolver:  Solving for omega, Initial residual = 0.00054416179, Final residual = 4.4013416e-06, No Iterations 2
smoothSolver:  Solving for k, Initial residual = 0.0035559509, Final residual = 4.0596766e-05, No Iterations 2
ExecutionTime = 402.5147 s  ClockTime = 403 s

Time = 276s

smoothSolver:  Solving for Ux, Initial residual = 0.00155533, Final residual = 2.2655058e-05, No Iterations 3
smoothSolver:  Solving for Uy, Initial residual = 0.013443504, Final residual = 0.00019421172, No Iterations 3
smoothSolver:  Solving for Uz, Initial residual = 0.010913921, Final residual = 0.00016217432, No Iterations 3
GAMG:  Solving for p, Initial residual = 0.010657355, Final residual = 5.9665835e-05, No Iterations 3
GAMG:  Solving for p, Initial residual = 0.00021700121, Final residual = 2.1320066e-06, No Iterations 3
time step continuity errors : sum local = 2.4870074e-05, global = 4.4063636e-07, cumulative = -0.002009539
smoothSolver:  Solving for omega, Initial residual = 0.00054571657, Final residual = 4.6049192e-06, No Iterations 2
smoothSolver:  Solving for k, Initial residual = 0.0035225704, Final residual = 4.0096563e-05, No Iterations 2
ExecutionTime = 403.96284 s  ClockTime = 404 s

Time = 277s

smoothSolver:  Solving for Ux, Initial residual = 0.0015409235, Final residual = 2.2473576e-05, No Iterations 3
smoothSolver:  Solving for Uy, Initial residual = 0.013353149, Final residual = 0.00019224127, No Iterations 3
smoothSolver:  Solving for Uz, Initial residual = 0.010704464, Final residual = 0.00015872734, No Iterations 3
GAMG:  Solving for p, Initial residual = 0.010612787, Final residual = 5.8859023e-05, No Iterations 3
GAMG:  Solving for p, Initial residual = 0.00021563876, Final residual = 2.1535174e-06, No Iterations 3
time step continuity errors : sum local = 2.5062556e-05, global = 1.9204945e-06, cumulative = -0.0020076185
smoothSolver:  Solving for omega, Initial residual = 0.00053749734, Final residual = 4.4166114e-06, No Iterations 2
smoothSolver:  Solving for k, Initial residual = 0.0034827855, Final residual = 3.950081e-05, No Iterations 2
ExecutionTime = 405.31079 s  ClockTime = 405 s

Time = 278s

smoothSolver:  Solving for Ux, Initial residual = 0.0015274535, Final residual = 2.2294239e-05, No Iterations 3
smoothSolver:  Solving for Uy, Initial residual = 0.013252328, Final residual = 0.00019020039, No Iterations 3
smoothSolver:  Solving for Uz, Initial residual = 0.010506393, Final residual = 0.00015553077, No Iterations 3
GAMG:  Solving for p, Initial residual = 0.010548931, Final residual = 5.7775257e-05, No Iterations 3
GAMG:  Solving for p, Initial residual = 0.00021327191, Final residual = 2.094274e-06, No Iterations 3
time step continuity errors : sum local = 2.4302664e-05, global = 2.5460754e-06, cumulative = -0.0020050724
smoothSolver:  Solving for omega, Initial residual = 0.00053747669, Final residual = 4.5596646e-06, No Iterations 2
smoothSolver:  Solving for k, Initial residual = 0.0034419934, Final residual = 3.8992966e-05, No Iterations 2
ExecutionTime = 406.74397 s  ClockTime = 407 s

Time = 279s

smoothSolver:  Solving for Ux, Initial residual = 0.0015140189, Final residual = 2.2120202e-05, No Iterations 3
smoothSolver:  Solving for Uy, Initial residual = 0.013146528, Final residual = 0.00018816014, No Iterations 3
smoothSolver:  Solving for Uz, Initial residual = 0.010323535, Final residual = 0.00015249617, No Iterations 3
GAMG:  Solving for p, Initial residual = 0.010474344, Final residual = 5.6077376e-05, No Iterations 3
GAMG:  Solving for p, Initial residual = 0.00021064397, Final residual = 2.0430333e-06, No Iterations 3
time step continuity errors : sum local = 2.3658056e-05, global = 2.4555061e-06, cumulative = -0.0020026169
smoothSolver:  Solving for omega, Initial residual = 0.00053442031, Final residual = 4.3374408e-06, No Iterations 2
smoothSolver:  Solving for k, Initial residual = 0.0034035908, Final residual = 3.8454072e-05, No Iterations 2
ExecutionTime = 408.2337 s  ClockTime = 408 s

Time = 280s

smoothSolver:  Solving for Ux, Initial residual = 0.0015014741, Final residual = 2.1951331e-05, No Iterations 3
smoothSolver:  Solving for Uy, Initial residual = 0.013037672, Final residual = 0.00018619936, No Iterations 3
smoothSolver:  Solving for Uz, Initial residual = 0.010157553, Final residual = 0.00014972278, No Iterations 3
GAMG:  Solving for p, Initial residual = 0.010435882, Final residual = 5.3869866e-05, No Iterations 3
GAMG:  Solving for p, Initial residual = 0.00020760438, Final residual = 1.9562114e-06, No Iterations 3
time step continuity errors : sum local = 2.2560149e-05, global = 1.8624048e-06, cumulative = -0.0020007545
smoothSolver:  Solving for omega, Initial residual = 0.00053905777, Final residual = 4.6151102e-06, No Iterations 2
smoothSolver:  Solving for k, Initial residual = 0.0033610091, Final residual = 3.7928e-05, No Iterations 2
ExecutionTime = 409.85434 s  ClockTime = 410 s

Time = 281s

smoothSolver:  Solving for Ux, Initial residual = 0.0014890346, Final residual = 2.1788573e-05, No Iterations 3
smoothSolver:  Solving for Uy, Initial residual = 0.012920486, Final residual = 0.00018431041, No Iterations 3
smoothSolver:  Solving for Uz, Initial residual = 0.01000656, Final residual = 0.00014713767, No Iterations 3
GAMG:  Solving for p, Initial residual = 0.010398512, Final residual = 5.1642228e-05, No Iterations 3
GAMG:  Solving for p, Initial residual = 0.00020359678, Final residual = 1.8702595e-06, No Iterations 3
time step continuity errors : sum local = 2.1526343e-05, global = 3.9422177e-07, cumulative = -0.0020003603
smoothSolver:  Solving for omega, Initial residual = 0.00052954155, Final residual = 4.2976608e-06, No Iterations 2
smoothSolver:  Solving for k, Initial residual = 0.0033248769, Final residual = 3.7505364e-05, No Iterations 2
ExecutionTime = 411.10918 s  ClockTime = 411 s

Time = 282s

smoothSolver:  Solving for Ux, Initial residual = 0.0014776085, Final residual = 2.1628397e-05, No Iterations 3
smoothSolver:  Solving for Uy, Initial residual = 0.012809369, Final residual = 0.00018251464, No Iterations 3
smoothSolver:  Solving for Uz, Initial residual = 0.0098723021, Final residual = 0.00014481461, No Iterations 3
GAMG:  Solving for p, Initial residual = 0.01035801, Final residual = 4.989854e-05, No Iterations 3
GAMG:  Solving for p, Initial residual = 0.00019990427, Final residual = 1.9156803e-06, No Iterations 3
time step continuity errors : sum local = 2.2024684e-05, global = -3.4350629e-06, cumulative = -0.0020037953
smoothSolver:  Solving for omega, Initial residual = 0.00052826899, Final residual = 4.4754946e-06, No Iterations 2
smoothSolver:  Solving for k, Initial residual = 0.0032877182, Final residual = 3.7011794e-05, No Iterations 2
ExecutionTime = 412.40141 s  ClockTime = 412 s

Time = 283s

smoothSolver:  Solving for Ux, Initial residual = 0.0014663746, Final residual = 2.1472914e-05, No Iterations 3
smoothSolver:  Solving for Uy, Initial residual = 0.012701389, Final residual = 0.00018090106, No Iterations 3
smoothSolver:  Solving for Uz, Initial residual = 0.0097523309, Final residual = 0.0001426794, No Iterations 3
GAMG:  Solving for p, Initial residual = 0.010306913, Final residual = 4.8476784e-05, No Iterations 3
GAMG:  Solving for p, Initial residual = 0.00019664512, Final residual = 1.0592513e-06, No Iterations 4
time step continuity errors : sum local = 1.2168631e-05, global = 2.295283e-06, cumulative = -0.0020015
smoothSolver:  Solving for omega, Initial residual = 0.0005264972, Final residual = 4.3070348e-06, No Iterations 2
smoothSolver:  Solving for k, Initial residual = 0.0032528841, Final residual = 3.6597127e-05, No Iterations 2
bounding k, min: 1.9608764e-16 max: 0.33891267 average: 0.065288872
ExecutionTime = 413.77268 s  ClockTime = 414 s

Time = 284s

smoothSolver:  Solving for Ux, Initial residual = 0.0014560371, Final residual = 2.1321153e-05, No Iterations 3
smoothSolver:  Solving for Uy, Initial residual = 0.012599961, Final residual = 0.00017940264, No Iterations 3
smoothSolver:  Solving for Uz, Initial residual = 0.0096520522, Final residual = 0.00014072102, No Iterations 3
GAMG:  Solving for p, Initial residual = 0.010234671, Final residual = 4.7769868e-05, No Iterations 3
GAMG:  Solving for p, Initial residual = 0.00019348946, Final residual = 1.3964516e-06, No Iterations 4
time step continuity errors : sum local = 1.603259e-05, global = 3.7187366e-06, cumulative = -0.0019977813
smoothSolver:  Solving for omega, Initial residual = 0.00052908799, Final residual = 4.5149343e-06, No Iterations 2
smoothSolver:  Solving for k, Initial residual = 0.0032212545, Final residual = 3.6190771e-05, No Iterations 2
bounding k, min: 1.3580793e-16 max: 0.33878055 average: 0.065257187
ExecutionTime = 415.0885 s  ClockTime = 415 s

Time = 285s

smoothSolver:  Solving for Ux, Initial residual = 0.0014463511, Final residual = 2.1169184e-05, No Iterations 3
smoothSolver:  Solving for Uy, Initial residual = 0.012502904, Final residual = 0.00017804799, No Iterations 3
smoothSolver:  Solving for Uz, Initial residual = 0.009566425, Final residual = 0.00013901759, No Iterations 3
GAMG:  Solving for p, Initial residual = 0.010158143, Final residual = 4.7584376e-05, No Iterations 3
GAMG:  Solving for p, Initial residual = 0.00019085325, Final residual = 1.5077933e-06, No Iterations 4
time step continuity errors : sum local = 1.730336e-05, global = 4.0121284e-06, cumulative = -0.0019937692
smoothSolver:  Solving for omega, Initial residual = 0.00052008493, Final residual = 4.2670568e-06, No Iterations 2
smoothSolver:  Solving for k, Initial residual = 0.0031950965, Final residual = 3.5844996e-05, No Iterations 2
bounding k, min: 1.3355039e-16 max: 0.33832742 average: 0.065224847
ExecutionTime = 416.5414 s  ClockTime = 417 s

Time = 286s

smoothSolver:  Solving for Ux, Initial residual = 0.0014370525, Final residual = 2.1018356e-05, No Iterations 3
smoothSolver:  Solving for Uy, Initial residual = 0.012413743, Final residual = 0.00017683875, No Iterations 3
smoothSolver:  Solving for Uz, Initial residual = 0.0094964836, Final residual = 0.00013754812, No Iterations 3
GAMG:  Solving for p, Initial residual = 0.010131346, Final residual = 4.7726374e-05, No Iterations 3
GAMG:  Solving for p, Initial residual = 0.00018869813, Final residual = 1.6579403e-06, No Iterations 4
time step continuity errors : sum local = 1.9015866e-05, global = 4.4944126e-06, cumulative = -0.0019892748
smoothSolver:  Solving for omega, Initial residual = 0.00052189822, Final residual = 4.4715117e-06, No Iterations 2
smoothSolver:  Solving for k, Initial residual = 0.0031690295, Final residual = 3.5505404e-05, No Iterations 2
bounding k, min: 1.1577532e-16 max: 0.33759697 average: 0.065192302
ExecutionTime = 417.95802 s  ClockTime = 418 s

Time = 287s

smoothSolver:  Solving for Ux, Initial residual = 0.0014278488, Final residual = 2.0864281e-05, No Iterations 3
smoothSolver:  Solving for Uy, Initial residual = 0.012335794, Final residual = 0.00017581591, No Iterations 3
smoothSolver:  Solving for Uz, Initial residual = 0.0094420995, Final residual = 0.00013629333, No Iterations 3
GAMG:  Solving for p, Initial residual = 0.010130215, Final residual = 4.7939028e-05, No Iterations 3
GAMG:  Solving for p, Initial residual = 0.0001856647, Final residual = 1.759967e-06, No Iterations 4
time step continuity errors : sum local = 2.0182553e-05, global = 4.7574267e-06, cumulative = -0.0019845173
smoothSolver:  Solving for omega, Initial residual = 0.00052045695, Final residual = 4.2718546e-06, No Iterations 2
smoothSolver:  Solving for k, Initial residual = 0.0031430933, Final residual = 3.5188997e-05, No Iterations 2
bounding k, min: 1.1141275e-16 max: 0.33663284 average: 0.065159533
ExecutionTime = 419.51778 s  ClockTime = 420 s

Time = 288s

smoothSolver:  Solving for Ux, Initial residual = 0.0014192043, Final residual = 2.0713471e-05, No Iterations 3
smoothSolver:  Solving for Uy, Initial residual = 0.012264255, Final residual = 0.0001749265, No Iterations 3
smoothSolver:  Solving for Uz, Initial residual = 0.0093963653, Final residual = 0.00013526061, No Iterations 3
GAMG:  Solving for p, Initial residual = 0.010132792, Final residual = 4.8381174e-05, No Iterations 3
GAMG:  Solving for p, Initial residual = 0.00018271739, Final residual = 1.8125322e-06, No Iterations 4
time step continuity errors : sum local = 2.0776429e-05, global = 4.8544705e-06, cumulative = -0.0019796629
smoothSolver:  Solving for omega, Initial residual = 0.00052349941, Final residual = 4.4575861e-06, No Iterations 2
smoothSolver:  Solving for k, Initial residual = 0.0031170731, Final residual = 3.4815061e-05, No Iterations 2
bounding k, min: 1.1352189e-16 max: 0.33548734 average: 0.06512589
ExecutionTime = 421.36663 s  ClockTime = 421 s

Time = 289s

smoothSolver:  Solving for Ux, Initial residual = 0.0014108134, Final residual = 2.0562727e-05, No Iterations 3
smoothSolver:  Solving for Uy, Initial residual = 0.01220218, Final residual = 0.00017417898, No Iterations 3
smoothSolver:  Solving for Uz, Initial residual = 0.009360516, Final residual = 0.00013453049, No Iterations 3
GAMG:  Solving for p, Initial residual = 0.010150078, Final residual = 4.8471904e-05, No Iterations 3
GAMG:  Solving for p, Initial residual = 0.00017937753, Final residual = 1.036469e-06, No Iterations 5
time step continuity errors : sum local = 1.1876291e-05, global = -3.0102761e-06, cumulative = -0.0019826731
smoothSolver:  Solving for omega, Initial residual = 0.00051597143, Final residual = 4.2466453e-06, No Iterations 2
smoothSolver:  Solving for k, Initial residual = 0.0030948616, Final residual = 3.4565189e-05, No Iterations 2
bounding k, min: 1.0826975e-16 max: 0.33419796 average: 0.065092246
ExecutionTime = 423.16642 s  ClockTime = 423 s

Time = 290s

smoothSolver:  Solving for Ux, Initial residual = 0.0014027389, Final residual = 2.0415195e-05, No Iterations 3
smoothSolver:  Solving for Uy, Initial residual = 0.012153728, Final residual = 0.00017351515, No Iterations 3
smoothSolver:  Solving for Uz, Initial residual = 0.0093358973, Final residual = 0.00013395972, No Iterations 3
GAMG:  Solving for p, Initial residual = 0.010193872, Final residual = 4.9048649e-05, No Iterations 3
GAMG:  Solving for p, Initial residual = 0.00017769541, Final residual = 1.0686601e-06, No Iterations 5
time step continuity errors : sum local = 1.2242266e-05, global = -3.0930564e-06, cumulative = -0.0019857662
smoothSolver:  Solving for omega, Initial residual = 0.00051788147, Final residual = 4.4123547e-06, No Iterations 2
smoothSolver:  Solving for k, Initial residual = 0.0030733828, Final residual = 3.4226705e-05, No Iterations 2
bounding k, min: 1.0388508e-16 max: 0.33280241 average: 0.065057728
ExecutionTime = 424.67869 s  ClockTime = 425 s

Time = 291s

smoothSolver:  Solving for Ux, Initial residual = 0.0013950167, Final residual = 2.0266482e-05, No Iterations 3
smoothSolver:  Solving for Uy, Initial residual = 0.012106382, Final residual = 0.00017298552, No Iterations 3
smoothSolver:  Solving for Uz, Initial residual = 0.0093231697, Final residual = 0.00013360458, No Iterations 3
GAMG:  Solving for p, Initial residual = 0.010293041, Final residual = 4.9285453e-05, No Iterations 3
GAMG:  Solving for p, Initial residual = 0.00017640724, Final residual = 1.0771512e-06, No Iterations 5
time step continuity errors : sum local = 1.233759e-05, global = -3.1011691e-06, cumulative = -0.0019888674
smoothSolver:  Solving for omega, Initial residual = 0.00051780389, Final residual = 4.2407628e-06, No Iterations 2
smoothSolver:  Solving for k, Initial residual = 0.0030543349, Final residual = 3.399157e-05, No Iterations 2
bounding k, min: 9.7885008e-17 max: 0.3313361 average: 0.065022947
ExecutionTime = 426.2761 s  ClockTime = 426 s

Time = 292s

smoothSolver:  Solving for Ux, Initial residual = 0.001387942, Final residual = 2.0123497e-05, No Iterations 3
smoothSolver:  Solving for Uy, Initial residual = 0.012068276, Final residual = 0.0001725645, No Iterations 3
smoothSolver:  Solving for Uz, Initial residual = 0.0093158602, Final residual = 0.00013330555, No Iterations 3
GAMG:  Solving for p, Initial residual = 0.010375175, Final residual = 4.9881365e-05, No Iterations 3
GAMG:  Solving for p, Initial residual = 0.00017686894, Final residual = 1.0785367e-06, No Iterations 5
time step continuity errors : sum local = 1.2351512e-05, global = -3.078073e-06, cumulative = -0.0019919454
smoothSolver:  Solving for omega, Initial residual = 0.00052233679, Final residual = 4.4669378e-06, No Iterations 2
smoothSolver:  Solving for k, Initial residual = 0.003033575, Final residual = 3.3688144e-05, No Iterations 2
bounding k, min: 9.4509987e-17 max: 0.33114937 average: 0.064987823
ExecutionTime = 427.68215 s  ClockTime = 428 s

Time = 293s

smoothSolver:  Solving for Ux, Initial residual = 0.001381371, Final residual = 1.9984878e-05, No Iterations 3
smoothSolver:  Solving for Uy, Initial residual = 0.012028822, Final residual = 0.00017214951, No Iterations 3
smoothSolver:  Solving for Uz, Initial residual = 0.0093093697, Final residual = 0.00013304524, No Iterations 3
GAMG:  Solving for p, Initial residual = 0.010452307, Final residual = 5.0508609e-05, No Iterations 3
GAMG:  Solving for p, Initial residual = 0.00017759483, Final residual = 1.076997e-06, No Iterations 5
time step continuity errors : sum local = 1.2330895e-05, global = -3.0478259e-06, cumulative = -0.0019949933
smoothSolver:  Solving for omega, Initial residual = 0.00051602188, Final residual = 4.2608557e-06, No Iterations 2
smoothSolver:  Solving for k, Initial residual = 0.0030148546, Final residual = 3.3454873e-05, No Iterations 2
bounding k, min: 9.2799744e-17 max: 0.33117448 average: 0.06495205
ExecutionTime = 429.03845 s  ClockTime = 429 s

Time = 294s

smoothSolver:  Solving for Ux, Initial residual = 0.0013754372, Final residual = 1.9850997e-05, No Iterations 3
smoothSolver:  Solving for Uy, Initial residual = 0.01198911, Final residual = 0.00017172452, No Iterations 3
smoothSolver:  Solving for Uz, Initial residual = 0.0093088574, Final residual = 0.00013285678, No Iterations 3
GAMG:  Solving for p, Initial residual = 0.010581148, Final residual = 5.1343632e-05, No Iterations 3
GAMG:  Solving for p, Initial residual = 0.0001794672, Final residual = 1.055036e-06, No Iterations 5
time step continuity errors : sum local = 1.207661e-05, global = -2.9367183e-06, cumulative = -0.00199793
smoothSolver:  Solving for omega, Initial residual = 0.00051945904, Final residual = 4.4288274e-06, No Iterations 2
smoothSolver:  Solving for k, Initial residual = 0.0029954998, Final residual = 3.3199649e-05, No Iterations 2
bounding k, min: 9.1958394e-17 max: 0.33127605 average: 0.064915994
ExecutionTime = 430.31604 s  ClockTime = 430 s

Time = 295s

smoothSolver:  Solving for Ux, Initial residual = 0.0013698868, Final residual = 1.9720373e-05, No Iterations 3
smoothSolver:  Solving for Uy, Initial residual = 0.011946657, Final residual = 0.00017131185, No Iterations 3
smoothSolver:  Solving for Uz, Initial residual = 0.0093151456, Final residual = 0.00013272486, No Iterations 3
GAMG:  Solving for p, Initial residual = 0.010750795, Final residual = 5.2210812e-05, No Iterations 3
GAMG:  Solving for p, Initial residual = 0.00018066996, Final residual = 1.0393018e-06, No Iterations 5
time step continuity errors : sum local = 1.189698e-05, global = -2.8782694e-06, cumulative = -0.0020008082
smoothSolver:  Solving for omega, Initial residual = 0.00052002412, Final residual = 4.2683685e-06, No Iterations 2
smoothSolver:  Solving for k, Initial residual = 0.0029790535, Final residual = 3.300072e-05, No Iterations 2
bounding k, min: 9.1715723e-17 max: 0.33146888 average: 0.064879411
ExecutionTime = 431.57763 s  ClockTime = 432 s

Time = 296s

smoothSolver:  Solving for Ux, Initial residual = 0.0013649865, Final residual = 1.9598256e-05, No Iterations 3
smoothSolver:  Solving for Uy, Initial residual = 0.011904922, Final residual = 0.00017086039, No Iterations 3
smoothSolver:  Solving for Uz, Initial residual = 0.0093257534, Final residual = 0.00013260489, No Iterations 3
GAMG:  Solving for p, Initial residual = 0.010910632, Final residual = 5.3502668e-05, No Iterations 3
GAMG:  Solving for p, Initial residual = 0.00018245593, Final residual = 1.0119105e-06, No Iterations 5
time step continuity errors : sum local = 1.1584503e-05, global = -2.7664077e-06, cumulative = -0.0020035747
smoothSolver:  Solving for omega, Initial residual = 0.00052385105, Final residual = 4.4770352e-06, No Iterations 2
smoothSolver:  Solving for k, Initial residual = 0.0029662016, Final residual = 3.2812672e-05, No Iterations 2
bounding k, min: 9.1945871e-17 max: 0.33179431 average: 0.06484186
ExecutionTime = 432.79858 s  ClockTime = 433 s

Time = 297s

smoothSolver:  Solving for Ux, Initial residual = 0.001360333, Final residual = 1.9483293e-05, No Iterations 3
smoothSolver:  Solving for Uy, Initial residual = 0.011864797, Final residual = 0.00017037221, No Iterations 3
smoothSolver:  Solving for Uz, Initial residual = 0.0093397049, Final residual = 0.00013252949, No Iterations 3
GAMG:  Solving for p, Initial residual = 0.011058981, Final residual = 5.4969621e-05, No Iterations 3
GAMG:  Solving for p, Initial residual = 0.00018349317, Final residual = 9.9371966e-07, No Iterations 5
time step continuity errors : sum local = 1.1376934e-05, global = -2.7180125e-06, cumulative = -0.0020062927
smoothSolver:  Solving for omega, Initial residual = 0.00051769335, Final residual = 4.2820013e-06, No Iterations 2
smoothSolver:  Solving for k, Initial residual = 0.0029531591, Final residual = 3.2615238e-05, No Iterations 2
bounding k, min: 9.2578843e-17 max: 0.33225545 average: 0.06480361
ExecutionTime = 434.4146 s  ClockTime = 434 s

Time = 298s

smoothSolver:  Solving for Ux, Initial residual = 0.0013558084, Final residual = 1.937888e-05, No Iterations 3
smoothSolver:  Solving for Uy, Initial residual = 0.011816964, Final residual = 0.00016982069, No Iterations 3
smoothSolver:  Solving for Uz, Initial residual = 0.0093555361, Final residual = 0.00013248911, No Iterations 3
GAMG:  Solving for p, Initial residual = 0.011193877, Final residual = 5.6646563e-05, No Iterations 3
GAMG:  Solving for p, Initial residual = 0.00018505863, Final residual = 1.8299427e-06, No Iterations 4
time step continuity errors : sum local = 2.0959608e-05, global = 3.6358514e-06, cumulative = -0.0020026568
smoothSolver:  Solving for omega, Initial residual = 0.00052212952, Final residual = 4.4540478e-06, No Iterations 2
smoothSolver:  Solving for k, Initial residual = 0.0029364219, Final residual = 3.2423765e-05, No Iterations 2
bounding k, min: 9.2430815e-17 max: 0.33279597 average: 0.064765632
ExecutionTime = 436.20017 s  ClockTime = 436 s

Time = 299s

smoothSolver:  Solving for Ux, Initial residual = 0.0013519545, Final residual = 1.9282933e-05, No Iterations 3
smoothSolver:  Solving for Uy, Initial residual = 0.01177321, Final residual = 0.00016925328, No Iterations 3
smoothSolver:  Solving for Uz, Initial residual = 0.0093675787, Final residual = 0.00013242338, No Iterations 3
GAMG:  Solving for p, Initial residual = 0.011306359, Final residual = 5.8446207e-05, No Iterations 3
GAMG:  Solving for p, Initial residual = 0.00018680622, Final residual = 1.0068937e-06, No Iterations 5
time step continuity errors : sum local = 1.1535725e-05, global = -2.8621068e-06, cumulative = -0.0020055189
smoothSolver:  Solving for omega, Initial residual = 0.00052299183, Final residual = 4.2861079e-06, No Iterations 2
smoothSolver:  Solving for k, Initial residual = 0.0029242296, Final residual = 3.2214539e-05, No Iterations 2
bounding k, min: 9.2266667e-17 max: 0.3333812 average: 0.064726581
ExecutionTime = 438.15044 s  ClockTime = 438 s

Time = 300s

smoothSolver:  Solving for Ux, Initial residual = 0.0013482736, Final residual = 1.9193626e-05, No Iterations 3
smoothSolver:  Solving for Uy, Initial residual = 0.011736065, Final residual = 0.00016868697, No Iterations 3
smoothSolver:  Solving for Uz, Initial residual = 0.0093834211, Final residual = 0.00013239332, No Iterations 3
GAMG:  Solving for p, Initial residual = 0.011434358, Final residual = 6.0765021e-05, No Iterations 3
GAMG:  Solving for p, Initial residual = 0.00018998416, Final residual = 1.8663718e-06, No Iterations 4
time step continuity errors : sum local = 2.1387396e-05, global = 2.7531988e-06, cumulative = -0.0020027657
smoothSolver:  Solving for omega, Initial residual = 0.00052697736, Final residual = 4.4740544e-06, No Iterations 2
smoothSolver:  Solving for k, Initial residual = 0.0029129053, Final residual = 3.2069924e-05, No Iterations 2
bounding k, min: 9.26205e-17 max: 0.33398101 average: 0.064687103
ExecutionTime = 439.97401 s  ClockTime = 440 s

Time = 301s

smoothSolver:  Solving for Ux, Initial residual = 0.0013454639, Final residual = 1.9112931e-05, No Iterations 3
smoothSolver:  Solving for Uy, Initial residual = 0.011694028, Final residual = 0.00016803954, No Iterations 3
smoothSolver:  Solving for Uz, Initial residual = 0.0094000879, Final residual = 0.0001324296, No Iterations 3
GAMG:  Solving for p, Initial residual = 0.011596697, Final residual = 6.3062471e-05, No Iterations 3
GAMG:  Solving for p, Initial residual = 0.00019355008, Final residual = 1.9285222e-06, No Iterations 4
time step continuity errors : sum local = 2.2101114e-05, global = 1.9934587e-06, cumulative = -0.0020007723
smoothSolver:  Solving for omega, Initial residual = 0.00051949694, Final residual = 4.2476153e-06, No Iterations 2
smoothSolver:  Solving for k, Initial residual = 0.0029026807, Final residual = 3.1911721e-05, No Iterations 2
bounding k, min: 9.3703086e-17 max: 0.33456319 average: 0.064647468
ExecutionTime = 441.53515 s  ClockTime = 442 s

Time = 302s

smoothSolver:  Solving for Ux, Initial residual = 0.001342881, Final residual = 1.9043209e-05, No Iterations 3
smoothSolver:  Solving for Uy, Initial residual = 0.011649401, Final residual = 0.00016740144, No Iterations 3
smoothSolver:  Solving for Uz, Initial residual = 0.0094173464, Final residual = 0.00013247231, No Iterations 3
GAMG:  Solving for p, Initial residual = 0.011684194, Final residual = 6.4842145e-05, No Iterations 3
GAMG:  Solving for p, Initial residual = 0.00019747181, Final residual = 1.955952e-06, No Iterations 4
time step continuity errors : sum local = 2.2410605e-05, global = 1.8068174e-06, cumulative = -0.0019989654
smoothSolver:  Solving for omega, Initial residual = 0.00052195493, Final residual = 4.400227e-06, No Iterations 2
smoothSolver:  Solving for k, Initial residual = 0.0028895694, Final residual = 3.17338e-05, No Iterations 2
bounding k, min: 9.5833447e-17 max: 0.33507061 average: 0.06460744
ExecutionTime = 443.46782 s  ClockTime = 444 s

Time = 303s

smoothSolver:  Solving for Ux, Initial residual = 0.0013409877, Final residual = 1.8979916e-05, No Iterations 3
smoothSolver:  Solving for Uy, Initial residual = 0.01160425, Final residual = 0.00016676075, No Iterations 3
smoothSolver:  Solving for Uz, Initial residual = 0.0094337452, Final residual = 0.00013256566, No Iterations 3
GAMG:  Solving for p, Initial residual = 0.011764868, Final residual = 6.5959966e-05, No Iterations 3
GAMG:  Solving for p, Initial residual = 0.00020024215, Final residual = 1.9804438e-06, No Iterations 4
time step continuity errors : sum local = 2.2676967e-05, global = 1.626994e-06, cumulative = -0.0019973385
smoothSolver:  Solving for omega, Initial residual = 0.00052281807, Final residual = 4.2526916e-06, No Iterations 2
smoothSolver:  Solving for k, Initial residual = 0.0028819195, Final residual = 3.1618737e-05, No Iterations 2
bounding k, min: 9.7291466e-17 max: 0.33546401 average: 0.064566965
ExecutionTime = 445.06833 s  ClockTime = 445 s

Time = 304s

smoothSolver:  Solving for Ux, Initial residual = 0.0013390347, Final residual = 1.8922984e-05, No Iterations 3
smoothSolver:  Solving for Uy, Initial residual = 0.011560663, Final residual = 0.00016610582, No Iterations 3
smoothSolver:  Solving for Uz, Initial residual = 0.0094544827, Final residual = 0.00013265396, No Iterations 3
GAMG:  Solving for p, Initial residual = 0.011897364, Final residual = 6.7473575e-05, No Iterations 3
GAMG:  Solving for p, Initial residual = 0.00020360534, Final residual = 2.0134514e-06, No Iterations 4
time step continuity errors : sum local = 2.3039141e-05, global = 1.6461908e-06, cumulative = -0.0019956923
smoothSolver:  Solving for omega, Initial residual = 0.00052972084, Final residual = 4.5437029e-06, No Iterations 2
smoothSolver:  Solving for k, Initial residual = 0.0028690981, Final residual = 3.1431101e-05, No Iterations 2
bounding k, min: 9.7444865e-17 max: 0.33586202 average: 0.064526219
ExecutionTime = 446.85881 s  ClockTime = 447 s

Time = 305s

smoothSolver:  Solving for Ux, Initial residual = 0.0013376895, Final residual = 1.8874608e-05, No Iterations 3
smoothSolver:  Solving for Uy, Initial residual = 0.011515264, Final residual = 0.00016547189, No Iterations 3
smoothSolver:  Solving for Uz, Initial residual = 0.0094675327, Final residual = 0.00013277558, No Iterations 3
GAMG:  Solving for p, Initial residual = 0.012030312, Final residual = 6.9748734e-05, No Iterations 3
GAMG:  Solving for p, Initial residual = 0.0002080662, Final residual = 2.0446353e-06, No Iterations 4
time step continuity errors : sum local = 2.3371084e-05, global = 1.8992976e-06, cumulative = -0.001993793
smoothSolver:  Solving for omega, Initial residual = 0.00052311597, Final residual = 4.2751082e-06, No Iterations 2
smoothSolver:  Solving for k, Initial residual = 0.0028596997, Final residual = 3.1333367e-05, No Iterations 2
bounding k, min: 9.8506678e-17 max: 0.33610174 average: 0.064485354
ExecutionTime = 448.39531 s  ClockTime = 448 s

Time = 306s

smoothSolver:  Solving for Ux, Initial residual = 0.0013363289, Final residual = 1.8836851e-05, No Iterations 3
smoothSolver:  Solving for Uy, Initial residual = 0.011478654, Final residual = 0.00016487905, No Iterations 3
smoothSolver:  Solving for Uz, Initial residual = 0.0094809257, Final residual = 0.00013283755, No Iterations 3
GAMG:  Solving for p, Initial residual = 0.012147869, Final residual = 7.2793529e-05, No Iterations 3
GAMG:  Solving for p, Initial residual = 0.00021354794, Final residual = 2.0819021e-06, No Iterations 4
time step continuity errors : sum local = 2.3768017e-05, global = 1.9695701e-06, cumulative = -0.0019918234
smoothSolver:  Solving for omega, Initial residual = 0.0005256141, Final residual = 4.4447826e-06, No Iterations 2
smoothSolver:  Solving for k, Initial residual = 0.0028515463, Final residual = 3.1128065e-05, No Iterations 2
bounding k, min: 1.0059291e-16 max: 0.3361986 average: 0.064443578
ExecutionTime = 449.81422 s  ClockTime = 450 s

Time = 307s

smoothSolver:  Solving for Ux, Initial residual = 0.0013354042, Final residual = 1.8805605e-05, No Iterations 3
smoothSolver:  Solving for Uy, Initial residual = 0.011440009, Final residual = 0.00016432674, No Iterations 3
smoothSolver:  Solving for Uz, Initial residual = 0.0094890672, Final residual = 0.00013287197, No Iterations 3
GAMG:  Solving for p, Initial residual = 0.012216691, Final residual = 7.5489254e-05, No Iterations 3
GAMG:  Solving for p, Initial residual = 0.00021815646, Final residual = 2.1093289e-06, No Iterations 4
time step continuity errors : sum local = 2.4052562e-05, global = 2.0961227e-06, cumulative = -0.0019897273
smoothSolver:  Solving for omega, Initial residual = 0.00052907059, Final residual = 4.3164081e-06, No Iterations 2
smoothSolver:  Solving for k, Initial residual = 0.0028463164, Final residual = 3.1078733e-05, No Iterations 2
bounding k, min: 1.0399759e-16 max: 0.33624516 average: 0.064402028
ExecutionTime = 451.16788 s  ClockTime = 451 s

Time = 308s

smoothSolver:  Solving for Ux, Initial residual = 0.001334536, Final residual = 1.8786345e-05, No Iterations 3
smoothSolver:  Solving for Uy, Initial residual = 0.011401828, Final residual = 0.00016381576, No Iterations 3
smoothSolver:  Solving for Uz, Initial residual = 0.0094933044, Final residual = 0.00013275838, No Iterations 3
GAMG:  Solving for p, Initial residual = 0.012272381, Final residual = 7.8638244e-05, No Iterations 3
GAMG:  Solving for p, Initial residual = 0.00022335391, Final residual = 2.1835648e-06, No Iterations 4
time step continuity errors : sum local = 2.4864271e-05, global = 2.0742298e-06, cumulative = -0.001987653
smoothSolver:  Solving for omega, Initial residual = 0.0005314743, Final residual = 4.4970033e-06, No Iterations 2
smoothSolver:  Solving for k, Initial residual = 0.0028385777, Final residual = 3.089635e-05, No Iterations 2
bounding k, min: 1.0906574e-16 max: 0.33613673 average: 0.064359914
ExecutionTime = 452.42377 s  ClockTime = 453 s

Time = 309s

smoothSolver:  Solving for Ux, Initial residual = 0.0013341764, Final residual = 1.8772017e-05, No Iterations 3
smoothSolver:  Solving for Uy, Initial residual = 0.011360787, Final residual = 0.00016325888, No Iterations 3
smoothSolver:  Solving for Uz, Initial residual = 0.0094892757, Final residual = 0.00013259916, No Iterations 3
GAMG:  Solving for p, Initial residual = 0.012341054, Final residual = 8.1236852e-05, No Iterations 3
GAMG:  Solving for p, Initial residual = 0.00022757979, Final residual = 2.2502996e-06, No Iterations 4
time step continuity errors : sum local = 2.5579904e-05, global = 1.7999122e-06, cumulative = -0.0019858531
smoothSolver:  Solving for omega, Initial residual = 0.00052337222, Final residual = 4.2459351e-06, No Iterations 2
smoothSolver:  Solving for k, Initial residual = 0.00283255, Final residual = 3.083866e-05, No Iterations 2
bounding k, min: 1.1617823e-16 max: 0.3359011 average: 0.0643174
ExecutionTime = 453.75271 s  ClockTime = 454 s

Time = 310s

smoothSolver:  Solving for Ux, Initial residual = 0.0013342525, Final residual = 1.8763359e-05, No Iterations 3
smoothSolver:  Solving for Uy, Initial residual = 0.011316804, Final residual = 0.00016266898, No Iterations 3
smoothSolver:  Solving for Uz, Initial residual = 0.0094792302, Final residual = 0.0001323558, No Iterations 3
GAMG:  Solving for p, Initial residual = 0.012395102, Final residual = 8.40827e-05, No Iterations 3
GAMG:  Solving for p, Initial residual = 0.00023154578, Final residual = 2.2976748e-06, No Iterations 4
time step continuity errors : sum local = 2.6072136e-05, global = 1.4873195e-06, cumulative = -0.0019843658
smoothSolver:  Solving for omega, Initial residual = 0.00052758415, Final residual = 4.5348859e-06, No Iterations 2
smoothSolver:  Solving for k, Initial residual = 0.0028266436, Final residual = 3.0712372e-05, No Iterations 2
bounding k, min: 1.2339457e-16 max: 0.33558009 average: 0.064274621
ExecutionTime = 455.47471 s  ClockTime = 456 s

Time = 311s

smoothSolver:  Solving for Ux, Initial residual = 0.0013346595, Final residual = 1.8756085e-05, No Iterations 3
smoothSolver:  Solving for Uy, Initial residual = 0.011265816, Final residual = 0.00016206747, No Iterations 3
smoothSolver:  Solving for Uz, Initial residual = 0.0094648237, Final residual = 0.00013207008, No Iterations 3
GAMG:  Solving for p, Initial residual = 0.01244064, Final residual = 8.6732346e-05, No Iterations 3
GAMG:  Solving for p, Initial residual = 0.00023510572, Final residual = 2.3222364e-06, No Iterations 4
time step continuity errors : sum local = 2.6305667e-05, global = 1.5288492e-06, cumulative = -0.001982837
smoothSolver:  Solving for omega, Initial residual = 0.00052817603, Final residual = 4.2945916e-06, No Iterations 2
smoothSolver:  Solving for k, Initial residual = 0.0028224987, Final residual = 3.0624465e-05, No Iterations 2
bounding k, min: 1.2382897e-16 max: 0.33510872 average: 0.064231311
ExecutionTime = 457.14087 s  ClockTime = 457 s

Time = 312s

smoothSolver:  Solving for Ux, Initial residual = 0.0013351873, Final residual = 1.8750261e-05, No Iterations 3
smoothSolver:  Solving for Uy, Initial residual = 0.011213699, Final residual = 0.00016146114, No Iterations 3
smoothSolver:  Solving for Uz, Initial residual = 0.0094439686, Final residual = 0.0001317004, No Iterations 3
GAMG:  Solving for p, Initial residual = 0.012413884, Final residual = 8.9502417e-05, No Iterations 3
GAMG:  Solving for p, Initial residual = 0.00023835073, Final residual = 2.3330915e-06, No Iterations 4
time step continuity errors : sum local = 2.6384227e-05, global = 1.3226007e-06, cumulative = -0.0019815144
smoothSolver:  Solving for omega, Initial residual = 0.00053004769, Final residual = 4.4847643e-06, No Iterations 2
smoothSolver:  Solving for k, Initial residual = 0.0028208415, Final residual = 3.0524272e-05, No Iterations 2
bounding k, min: 1.2519395e-16 max: 0.3345873 average: 0.064187009
ExecutionTime = 458.74487 s  ClockTime = 459 s

Time = 313s

smoothSolver:  Solving for Ux, Initial residual = 0.0013357071, Final residual = 1.8741825e-05, No Iterations 3
smoothSolver:  Solving for Uy, Initial residual = 0.011156967, Final residual = 0.00016081127, No Iterations 3
smoothSolver:  Solving for Uz, Initial residual = 0.0094178625, Final residual = 0.00013126204, No Iterations 3
GAMG:  Solving for p, Initial residual = 0.012353644, Final residual = 9.0978493e-05, No Iterations 3
GAMG:  Solving for p, Initial residual = 0.00024059708, Final residual = 2.2953405e-06, No Iterations 4
time step continuity errors : sum local = 2.5921591e-05, global = 1.0524884e-06, cumulative = -0.0019804619
smoothSolver:  Solving for omega, Initial residual = 0.00052294488, Final residual = 4.3066147e-06, No Iterations 2
smoothSolver:  Solving for k, Initial residual = 0.00281702, Final residual = 3.0462378e-05, No Iterations 2
bounding k, min: 1.2766828e-16 max: 0.33392115 average: 0.064142342
ExecutionTime = 459.9892 s  ClockTime = 460 s

Time = 314s

smoothSolver:  Solving for Ux, Initial residual = 0.0013363897, Final residual = 1.8733285e-05, No Iterations 3
smoothSolver:  Solving for Uy, Initial residual = 0.01109646, Final residual = 0.00016012265, No Iterations 3
smoothSolver:  Solving for Uz, Initial residual = 0.0093821521, Final residual = 0.0001308005, No Iterations 3
GAMG:  Solving for p, Initial residual = 0.012297398, Final residual = 9.2100503e-05, No Iterations 3
GAMG:  Solving for p, Initial residual = 0.00024242308, Final residual = 2.224218e-06, No Iterations 4
time step continuity errors : sum local = 2.508321e-05, global = 6.2820933e-08, cumulative = -0.0019803991
smoothSolver:  Solving for omega, Initial residual = 0.00052460126, Final residual = 4.48502e-06, No Iterations 2
smoothSolver:  Solving for k, Initial residual = 0.0028126691, Final residual = 3.0334233e-05, No Iterations 2
bounding k, min: 1.3149361e-16 max: 0.33322502 average: 0.064097493
ExecutionTime = 461.24534 s  ClockTime = 461 s

Time = 315s

smoothSolver:  Solving for Ux, Initial residual = 0.0013369101, Final residual = 1.8720188e-05, No Iterations 3
smoothSolver:  Solving for Uy, Initial residual = 0.011033917, Final residual = 0.0001594162, No Iterations 3
smoothSolver:  Solving for Uz, Initial residual = 0.0093426486, Final residual = 0.00013031625, No Iterations 3
GAMG:  Solving for p, Initial residual = 0.012233547, Final residual = 9.2550967e-05, No Iterations 3
GAMG:  Solving for p, Initial residual = 0.00024413746, Final residual = 2.0911659e-06, No Iterations 4
time step continuity errors : sum local = 2.3552145e-05, global = -2.054257e-07, cumulative = -0.0019806045
smoothSolver:  Solving for omega, Initial residual = 0.00052464522, Final residual = 4.2902191e-06, No Iterations 2
smoothSolver:  Solving for k, Initial residual = 0.0028104423, Final residual = 3.0281886e-05, No Iterations 2
bounding k, min: 1.3519369e-16 max: 0.3324057 average: 0.064052083
ExecutionTime = 462.50889 s  ClockTime = 463 s

Time = 316s

smoothSolver:  Solving for Ux, Initial residual = 0.0013372658, Final residual = 1.8706948e-05, No Iterations 3
smoothSolver:  Solving for Uy, Initial residual = 0.010972512, Final residual = 0.0001587264, No Iterations 3
smoothSolver:  Solving for Uz, Initial residual = 0.0093037565, Final residual = 0.00012982781, No Iterations 3
GAMG:  Solving for p, Initial residual = 0.012175076, Final residual = 9.275178e-05, No Iterations 3
GAMG:  Solving for p, Initial residual = 0.00024544112, Final residual = 1.9325965e-06, No Iterations 4
time step continuity errors : sum local = 2.1739097e-05, global = -2.4534073e-07, cumulative = -0.0019808498
smoothSolver:  Solving for omega, Initial residual = 0.00052949571, Final residual = 4.4921108e-06, No Iterations 2
smoothSolver:  Solving for k, Initial residual = 0.0028087231, Final residual = 3.0167291e-05, No Iterations 2
bounding k, min: 1.3253974e-16 max: 0.33155149 average: 0.064006242
ExecutionTime = 463.82353 s  ClockTime = 464 s

Time = 317s

smoothSolver:  Solving for Ux, Initial residual = 0.0013376227, Final residual = 1.8689889e-05, No Iterations 3
smoothSolver:  Solving for Uy, Initial residual = 0.010911489, Final residual = 0.00015809779, No Iterations 3
smoothSolver:  Solving for Uz, Initial residual = 0.0092639572, Final residual = 0.00012934706, No Iterations 3
GAMG:  Solving for p, Initial residual = 0.012163162, Final residual = 9.2010305e-05, No Iterations 3
GAMG:  Solving for p, Initial residual = 0.00024505937, Final residual = 1.7101494e-06, No Iterations 4
time step continuity errors : sum local = 1.9213741e-05, global = 2.6932896e-07, cumulative = -0.0019805805
smoothSolver:  Solving for omega, Initial residual = 0.00052290808, Final residual = 4.3193165e-06, No Iterations 2
smoothSolver:  Solving for k, Initial residual = 0.0028089334, Final residual = 3.0127884e-05, No Iterations 2
bounding k, min: 1.3055615e-16 max: 0.33063057 average: 0.063959443
ExecutionTime = 465.00417 s  ClockTime = 465 s

Time = 318s

smoothSolver:  Solving for Ux, Initial residual = 0.0013376128, Final residual = 1.867373e-05, No Iterations 3
smoothSolver:  Solving for Uy, Initial residual = 0.010849978, Final residual = 0.00015753088, No Iterations 3
smoothSolver:  Solving for Uz, Initial residual = 0.0092242467, Final residual = 0.00012885953, No Iterations 3
GAMG:  Solving for p, Initial residual = 0.01216863, Final residual = 9.1341164e-05, No Iterations 3
GAMG:  Solving for p, Initial residual = 0.0002440456, Final residual = 1.5175991e-06, No Iterations 4
time step continuity errors : sum local = 1.7030283e-05, global = 2.7298681e-07, cumulative = -0.0019803075
smoothSolver:  Solving for omega, Initial residual = 0.00052347364, Final residual = 4.4707268e-06, No Iterations 2
smoothSolver:  Solving for k, Initial residual = 0.0028074728, Final residual = 3.0023653e-05, No Iterations 2
bounding k, min: 1.2918527e-16 max: 0.32965025 average: 0.063912035
ExecutionTime = 466.38934 s  ClockTime = 466 s

Time = 319s

smoothSolver:  Solving for Ux, Initial residual = 0.0013374833, Final residual = 1.8657098e-05, No Iterations 3
smoothSolver:  Solving for Uy, Initial residual = 0.010794258, Final residual = 0.00015704362, No Iterations 3
smoothSolver:  Solving for Uz, Initial residual = 0.0091896156, Final residual = 0.00012841272, No Iterations 3
GAMG:  Solving for p, Initial residual = 0.012184742, Final residual = 9.0228166e-05, No Iterations 3
GAMG:  Solving for p, Initial residual = 0.00024179441, Final residual = 1.3535989e-06, No Iterations 4
time step continuity errors : sum local = 1.5173543e-05, global = 4.7567559e-08, cumulative = -0.0019802599
smoothSolver:  Solving for omega, Initial residual = 0.00052259042, Final residual = 4.2762839e-06, No Iterations 2
smoothSolver:  Solving for k, Initial residual = 0.0028063211, Final residual = 2.995184e-05, No Iterations 2
bounding k, min: 1.2838264e-16 max: 0.32865997 average: 0.063864428
ExecutionTime = 467.78733 s  ClockTime = 468 s

Time = 320s

smoothSolver:  Solving for Ux, Initial residual = 0.0013368248, Final residual = 1.8640572e-05, No Iterations 3
smoothSolver:  Solving for Uy, Initial residual = 0.010740508, Final residual = 0.00015661405, No Iterations 3
smoothSolver:  Solving for Uz, Initial residual = 0.0091533291, Final residual = 0.00012801479, No Iterations 3
GAMG:  Solving for p, Initial residual = 0.012152149, Final residual = 8.9528784e-05, No Iterations 3
GAMG:  Solving for p, Initial residual = 0.0002403837, Final residual = 1.2035592e-06, No Iterations 4
time step continuity errors : sum local = 1.3474935e-05, global = 2.2827044e-07, cumulative = -0.0019800317
smoothSolver:  Solving for omega, Initial residual = 0.00052582558, Final residual = 4.5106183e-06, No Iterations 2
smoothSolver:  Solving for k, Initial residual = 0.0028045483, Final residual = 2.9840176e-05, No Iterations 2
bounding k, min: 1.2812917e-16 max: 0.32758675 average: 0.063816556
ExecutionTime = 469.08784 s  ClockTime = 469 s

Time = 321s

smoothSolver:  Solving for Ux, Initial residual = 0.00133578, Final residual = 1.8623872e-05, No Iterations 3
smoothSolver:  Solving for Uy, Initial residual = 0.010690886, Final residual = 0.00015626415, No Iterations 3
smoothSolver:  Solving for Uz, Initial residual = 0.0091192295, Final residual = 0.00012766419, No Iterations 3
GAMG:  Solving for p, Initial residual = 0.012086698, Final residual = 8.8018865e-05, No Iterations 3
GAMG:  Solving for p, Initial residual = 0.00023940104, Final residual = 1.1074894e-06, No Iterations 4
time step continuity errors : sum local = 1.2383181e-05, global = -9.9639727e-08, cumulative = -0.0019801313
smoothSolver:  Solving for omega, Initial residual = 0.00051774328, Final residual = 4.2522985e-06, No Iterations 2
smoothSolver:  Solving for k, Initial residual = 0.0028040893, Final residual = 2.9769203e-05, No Iterations 2
bounding k, min: 1.2844541e-16 max: 0.32657178 average: 0.06376752
ExecutionTime = 470.42448 s  ClockTime = 471 s

Time = 322s

smoothSolver:  Solving for Ux, Initial residual = 0.0013346172, Final residual = 1.8610046e-05, No Iterations 3
smoothSolver:  Solving for Uy, Initial residual = 0.010648033, Final residual = 0.00015598813, No Iterations 3
smoothSolver:  Solving for Uz, Initial residual = 0.0090878438, Final residual = 0.00012735272, No Iterations 3
GAMG:  Solving for p, Initial residual = 0.011995919, Final residual = 8.6324581e-05, No Iterations 3
GAMG:  Solving for p, Initial residual = 0.00023835234, Final residual = 1.0249261e-06, No Iterations 4
time step continuity errors : sum local = 1.1444137e-05, global = 1.0654113e-07, cumulative = -0.0019800248
smoothSolver:  Solving for omega, Initial residual = 0.00052149636, Final residual = 4.5126478e-06, No Iterations 2
smoothSolver:  Solving for k, Initial residual = 0.002802176, Final residual = 2.9710669e-05, No Iterations 2
bounding k, min: 1.294044e-16 max: 0.32543425 average: 0.063718525
ExecutionTime = 471.69691 s  ClockTime = 472 s

Time = 323s

smoothSolver:  Solving for Ux, Initial residual = 0.0013333238, Final residual = 1.8596381e-05, No Iterations 3
smoothSolver:  Solving for Uy, Initial residual = 0.010609481, Final residual = 0.00015572015, No Iterations 3
smoothSolver:  Solving for Uz, Initial residual = 0.009062862, Final residual = 0.00012706499, No Iterations 3
GAMG:  Solving for p, Initial residual = 0.011943901, Final residual = 8.4066462e-05, No Iterations 3
GAMG:  Solving for p, Initial residual = 0.00023716087, Final residual = 9.7045422e-07, No Iterations 4
time step continuity errors : sum local = 1.0822544e-05, global = 2.6961013e-08, cumulative = -0.0019799978
smoothSolver:  Solving for omega, Initial residual = 0.00052456394, Final residual = 4.3571326e-06, No Iterations 2
smoothSolver:  Solving for k, Initial residual = 0.0028006377, Final residual = 2.9612575e-05, No Iterations 2
bounding k, min: 1.3111712e-16 max: 0.32442008 average: 0.063669451
ExecutionTime = 472.96379 s  ClockTime = 473 s

Time = 324s

smoothSolver:  Solving for Ux, Initial residual = 0.0013322046, Final residual = 1.8584675e-05, No Iterations 3
smoothSolver:  Solving for Uy, Initial residual = 0.01057375, Final residual = 0.00015543116, No Iterations 3
smoothSolver:  Solving for Uz, Initial residual = 0.0090393337, Final residual = 0.00012680407, No Iterations 3
GAMG:  Solving for p, Initial residual = 0.011903053, Final residual = 8.40065e-05, No Iterations 3
GAMG:  Solving for p, Initial residual = 0.00023721283, Final residual = 9.6835099e-07, No Iterations 4
time step continuity errors : sum local = 1.0787287e-05, global = 1.1071881e-07, cumulative = -0.0019798871
smoothSolver:  Solving for omega, Initial residual = 0.00052667907, Final residual = 4.5243875e-06, No Iterations 2
smoothSolver:  Solving for k, Initial residual = 0.0027980967, Final residual = 2.9500636e-05, No Iterations 2
bounding k, min: 1.3379767e-16 max: 0.32328734 average: 0.063620312
ExecutionTime = 474.30782 s  ClockTime = 474 s

Time = 325s

smoothSolver:  Solving for Ux, Initial residual = 0.001330916, Final residual = 1.8574347e-05, No Iterations 3
smoothSolver:  Solving for Uy, Initial residual = 0.010538767, Final residual = 0.00015508215, No Iterations 3
smoothSolver:  Solving for Uz, Initial residual = 0.0090184577, Final residual = 0.00012655918, No Iterations 3
GAMG:  Solving for p, Initial residual = 0.011830338, Final residual = 8.4729024e-05, No Iterations 3
GAMG:  Solving for p, Initial residual = 0.00023726411, Final residual = 9.7321614e-07, No Iterations 4
time step continuity errors : sum local = 1.0829508e-05, global = 1.581098e-07, cumulative = -0.001979729
smoothSolver:  Solving for omega, Initial residual = 0.0005189486, Final residual = 4.2828392e-06, No Iterations 2
smoothSolver:  Solving for k, Initial residual = 0.0027971769, Final residual = 2.9445828e-05, No Iterations 2
bounding k, min: 1.3773214e-16 max: 0.32224454 average: 0.063571097
ExecutionTime = 475.73069 s  ClockTime = 476 s

Time = 326s

smoothSolver:  Solving for Ux, Initial residual = 0.0013298227, Final residual = 1.8564601e-05, No Iterations 3
smoothSolver:  Solving for Uy, Initial residual = 0.01050569, Final residual = 0.00015471736, No Iterations 3
smoothSolver:  Solving for Uz, Initial residual = 0.0089973526, Final residual = 0.00012635883, No Iterations 3
GAMG:  Solving for p, Initial residual = 0.011740989, Final residual = 8.5002587e-05, No Iterations 3
GAMG:  Solving for p, Initial residual = 0.00023651953, Final residual = 9.9028968e-07, No Iterations 4
time step continuity errors : sum local = 1.1007314e-05, global = 1.6394548e-07, cumulative = -0.001979565
smoothSolver:  Solving for omega, Initial residual = 0.00052095238, Final residual = 4.5213473e-06, No Iterations 2
smoothSolver:  Solving for k, Initial residual = 0.0027940171, Final residual = 2.934962e-05, No Iterations 2
bounding k, min: 1.4332007e-16 max: 0.32114241 average: 0.063521812
ExecutionTime = 477.02093 s  ClockTime = 477 s

Time = 327s

smoothSolver:  Solving for Ux, Initial residual = 0.0013283481, Final residual = 1.8554925e-05, No Iterations 3
smoothSolver:  Solving for Uy, Initial residual = 0.010471833, Final residual = 0.00015433082, No Iterations 3
smoothSolver:  Solving for Uz, Initial residual = 0.0089822021, Final residual = 0.00012618247, No Iterations 3
GAMG:  Solving for p, Initial residual = 0.011670605, Final residual = 8.4317104e-05, No Iterations 3
GAMG:  Solving for p, Initial residual = 0.00023531953, Final residual = 9.8866107e-07, No Iterations 4
time step continuity errors : sum local = 1.0980943e-05, global = 1.7047929e-07, cumulative = -0.0019793945
smoothSolver:  Solving for omega, Initial residual = 0.0005218211, Final residual = 4.333066e-06, No Iterations 2
smoothSolver:  Solving for k, Initial residual = 0.0027919517, Final residual = 2.9261204e-05, No Iterations 2
bounding k, min: 1.5122037e-16 max: 0.32011414 average: 0.063472037
ExecutionTime = 478.33195 s  ClockTime = 478 s

Time = 328s

smoothSolver:  Solving for Ux, Initial residual = 0.001326882, Final residual = 1.8544435e-05, No Iterations 3
smoothSolver:  Solving for Uy, Initial residual = 0.010440794, Final residual = 0.00015397144, No Iterations 3
smoothSolver:  Solving for Uz, Initial residual = 0.0089658213, Final residual = 0.00012600796, No Iterations 3
GAMG:  Solving for p, Initial residual = 0.01157791, Final residual = 8.2539793e-05, No Iterations 3
GAMG:  Solving for p, Initial residual = 0.00023259197, Final residual = 9.4230213e-07, No Iterations 4
time step continuity errors : sum local = 1.0460519e-05, global = 7.3642426e-09, cumulative = -0.0019793872
smoothSolver:  Solving for omega, Initial residual = 0.00052579924, Final residual = 4.5348958e-06, No Iterations 2
smoothSolver:  Solving for k, Initial residual = 0.0027870602, Final residual = 2.9168581e-05, No Iterations 2
bounding k, min: 1.6167437e-16 max: 0.31904098 average: 0.063423125
ExecutionTime = 479.73912 s  ClockTime = 480 s

Time = 329s

smoothSolver:  Solving for Ux, Initial residual = 0.0013248152, Final residual = 1.8536243e-05, No Iterations 3
smoothSolver:  Solving for Uy, Initial residual = 0.010413494, Final residual = 0.000153579, No Iterations 3
smoothSolver:  Solving for Uz, Initial residual = 0.0089481115, Final residual = 0.00012585531, No Iterations 3
GAMG:  Solving for p, Initial residual = 0.011483488, Final residual = 7.9765967e-05, No Iterations 3
GAMG:  Solving for p, Initial residual = 0.00022925424, Final residual = 8.9860856e-07, No Iterations 4
time step continuity errors : sum local = 9.974266e-06, global = -5.4198523e-07, cumulative = -0.0019799292
smoothSolver:  Solving for omega, Initial residual = 0.00051922763, Final residual = 4.3327253e-06, No Iterations 2
smoothSolver:  Solving for k, Initial residual = 0.0027846219, Final residual = 2.9064605e-05, No Iterations 2
bounding k, min: 1.7520788e-16 max: 0.31830133 average: 0.063374052
ExecutionTime = 481.13938 s  ClockTime = 481 s

Time = 330s

smoothSolver:  Solving for Ux, Initial residual = 0.0013226023, Final residual = 1.8525647e-05, No Iterations 3
smoothSolver:  Solving for Uy, Initial residual = 0.010389863, Final residual = 0.00015324106, No Iterations 3
smoothSolver:  Solving for Uz, Initial residual = 0.008934524, Final residual = 0.00012576939, No Iterations 3
GAMG:  Solving for p, Initial residual = 0.011387331, Final residual = 7.7355676e-05, No Iterations 3
GAMG:  Solving for p, Initial residual = 0.00022576121, Final residual = 9.0630505e-07, No Iterations 4
time step continuity errors : sum local = 1.0062618e-05, global = -5.7542323e-07, cumulative = -0.0019805046
smoothSolver:  Solving for omega, Initial residual = 0.00052075304, Final residual = 4.5320557e-06, No Iterations 2
smoothSolver:  Solving for k, Initial residual = 0.002780664, Final residual = 2.8973003e-05, No Iterations 2
bounding k, min: 1.9246224e-16 max: 0.31958408 average: 0.063324868
ExecutionTime = 482.56242 s  ClockTime = 483 s

Time = 331s

smoothSolver:  Solving for Ux, Initial residual = 0.0013198156, Final residual = 1.8515474e-05, No Iterations 3
smoothSolver:  Solving for Uy, Initial residual = 0.010367583, Final residual = 0.00015289598, No Iterations 3
smoothSolver:  Solving for Uz, Initial residual = 0.008917407, Final residual = 0.00012563752, No Iterations 3
GAMG:  Solving for p, Initial residual = 0.011261421, Final residual = 7.5153232e-05, No Iterations 3
GAMG:  Solving for p, Initial residual = 0.00022330626, Final residual = 9.2384204e-07, No Iterations 4
time step continuity errors : sum local = 1.0261879e-05, global = -1.6781586e-06, cumulative = -0.0019821828
smoothSolver:  Solving for omega, Initial residual = 0.00052105256, Final residual = 4.371963e-06, No Iterations 2
smoothSolver:  Solving for k, Initial residual = 0.002777287, Final residual = 2.8853625e-05, No Iterations 2
bounding k, min: 2.1317277e-16 max: 0.32076098 average: 0.06327605
ExecutionTime = 484.08214 s  ClockTime = 484 s

Time = 332s

smoothSolver:  Solving for Ux, Initial residual = 0.001316509, Final residual = 1.8502651e-05, No Iterations 3
smoothSolver:  Solving for Uy, Initial residual = 0.010350573, Final residual = 0.00015261432, No Iterations 3
smoothSolver:  Solving for Uz, Initial residual = 0.0089049715, Final residual = 0.00012556957, No Iterations 3
GAMG:  Solving for p, Initial residual = 0.01113088, Final residual = 7.2954452e-05, No Iterations 3
GAMG:  Solving for p, Initial residual = 0.00022065207, Final residual = 9.6551775e-07, No Iterations 4
time step continuity errors : sum local = 1.0728548e-05, global = -2.5661604e-06, cumulative = -0.0019847489
smoothSolver:  Solving for omega, Initial residual = 0.0005232551, Final residual = 4.5488112e-06, No Iterations 2
smoothSolver:  Solving for k, Initial residual = 0.0027719069, Final residual = 2.8778867e-05, No Iterations 2
ExecutionTime = 485.46296 s  ClockTime = 486 s

Time = 333s

smoothSolver:  Solving for Ux, Initial residual = 0.0013126872, Final residual = 1.8487808e-05, No Iterations 3
smoothSolver:  Solving for Uy, Initial residual = 0.010333987, Final residual = 0.00015232233, No Iterations 3
smoothSolver:  Solving for Uz, Initial residual = 0.008890045, Final residual = 0.00012547564, No Iterations 3
GAMG:  Solving for p, Initial residual = 0.011000686, Final residual = 7.078969e-05, No Iterations 3
GAMG:  Solving for p, Initial residual = 0.0002190573, Final residual = 1.0357299e-06, No Iterations 4
time step continuity errors : sum local = 1.1515449e-05, global = -3.6379272e-06, cumulative = -0.0019883868
smoothSolver:  Solving for omega, Initial residual = 0.00051573881, Final residual = 4.3337286e-06, No Iterations 2
smoothSolver:  Solving for k, Initial residual = 0.0027653614, Final residual = 2.8620696e-05, No Iterations 2
ExecutionTime = 486.68885 s  ClockTime = 487 s

Time = 334s

smoothSolver:  Solving for Ux, Initial residual = 0.0013089429, Final residual = 1.8467234e-05, No Iterations 3
smoothSolver:  Solving for Uy, Initial residual = 0.0103212, Final residual = 0.00015205851, No Iterations 3
smoothSolver:  Solving for Uz, Initial residual = 0.0088737347, Final residual = 0.00012540714, No Iterations 3
GAMG:  Solving for p, Initial residual = 0.01087973, Final residual = 6.8711831e-05, No Iterations 3
GAMG:  Solving for p, Initial residual = 0.00021737999, Final residual = 1.1417177e-06, No Iterations 4
time step continuity errors : sum local = 1.2699336e-05, global = -3.6441336e-06, cumulative = -0.001992031
smoothSolver:  Solving for omega, Initial residual = 0.00052028629, Final residual = 4.504785e-06, No Iterations 2
smoothSolver:  Solving for k, Initial residual = 0.0027591617, Final residual = 2.8518403e-05, No Iterations 2
ExecutionTime = 487.92872 s  ClockTime = 488 s

Time = 335s

smoothSolver:  Solving for Ux, Initial residual = 0.0013048146, Final residual = 1.8443771e-05, No Iterations 3
smoothSolver:  Solving for Uy, Initial residual = 0.010310442, Final residual = 0.00015173722, No Iterations 3
smoothSolver:  Solving for Uz, Initial residual = 0.0088588285, Final residual = 0.00012540852, No Iterations 3
GAMG:  Solving for p, Initial residual = 0.010762385, Final residual = 6.6913224e-05, No Iterations 3
GAMG:  Solving for p, Initial residual = 0.00021735668, Final residual = 1.2341559e-06, No Iterations 4
time step continuity errors : sum local = 1.3731745e-05, global = -3.0993742e-06, cumulative = -0.0019951303
smoothSolver:  Solving for omega, Initial residual = 0.00052128595, Final residual = 4.3808457e-06, No Iterations 2
smoothSolver:  Solving for k, Initial residual = 0.0027536809, Final residual = 2.8419556e-05, No Iterations 2
ExecutionTime = 489.50843 s  ClockTime = 490 s

Time = 336s

smoothSolver:  Solving for Ux, Initial residual = 0.0013003462, Final residual = 1.8417149e-05, No Iterations 3
smoothSolver:  Solving for Uy, Initial residual = 0.010300262, Final residual = 0.00015144768, No Iterations 3
smoothSolver:  Solving for Uz, Initial residual = 0.0088425251, Final residual = 0.00012541386, No Iterations 3
GAMG:  Solving for p, Initial residual = 0.010659257, Final residual = 6.5429124e-05, No Iterations 3
GAMG:  Solving for p, Initial residual = 0.00021719982, Final residual = 1.2319467e-06, No Iterations 4
time step continuity errors : sum local = 1.3708164e-05, global = -3.0981408e-06, cumulative = -0.0019982285
smoothSolver:  Solving for omega, Initial residual = 0.00052448202, Final residual = 4.6012697e-06, No Iterations 2
smoothSolver:  Solving for k, Initial residual = 0.0027483404, Final residual = 2.8329901e-05, No Iterations 2
ExecutionTime = 491.01149 s  ClockTime = 491 s

Time = 337s

smoothSolver:  Solving for Ux, Initial residual = 0.0012957761, Final residual = 1.8393649e-05, No Iterations 3
smoothSolver:  Solving for Uy, Initial residual = 0.010284523, Final residual = 0.00015107493, No Iterations 3
smoothSolver:  Solving for Uz, Initial residual = 0.0088260908, Final residual = 0.00012541878, No Iterations 3
GAMG:  Solving for p, Initial residual = 0.010571042, Final residual = 6.4239958e-05, No Iterations 3
GAMG:  Solving for p, Initial residual = 0.00021918054, Final residual = 1.283265e-06, No Iterations 4
time step continuity errors : sum local = 1.4280085e-05, global = -2.8333536e-06, cumulative = -0.0020010618
smoothSolver:  Solving for omega, Initial residual = 0.00051770813, Final residual = 4.3629748e-06, No Iterations 2
smoothSolver:  Solving for k, Initial residual = 0.0027448553, Final residual = 2.8280294e-05, No Iterations 2
ExecutionTime = 492.73282 s  ClockTime = 493 s

Time = 338s

smoothSolver:  Solving for Ux, Initial residual = 0.0012912107, Final residual = 1.8366895e-05, No Iterations 3
smoothSolver:  Solving for Uy, Initial residual = 0.010271873, Final residual = 0.00015058563, No Iterations 3
smoothSolver:  Solving for Uz, Initial residual = 0.0088150918, Final residual = 0.0001254861, No Iterations 3
GAMG:  Solving for p, Initial residual = 0.010493734, Final residual = 6.3488919e-05, No Iterations 3
GAMG:  Solving for p, Initial residual = 0.00022102663, Final residual = 1.2808405e-06, No Iterations 4
time step continuity errors : sum local = 1.425254e-05, global = -2.671844e-06, cumulative = -0.0020037337
smoothSolver:  Solving for omega, Initial residual = 0.0005194597, Final residual = 4.5682334e-06, No Iterations 2
smoothSolver:  Solving for k, Initial residual = 0.0027430387, Final residual = 2.8260755e-05, No Iterations 2
ExecutionTime = 494.25527 s  ClockTime = 494 s

Time = 339s

smoothSolver:  Solving for Ux, Initial residual = 0.0012861998, Final residual = 1.8341126e-05, No Iterations 3
smoothSolver:  Solving for Uy, Initial residual = 0.010245375, Final residual = 0.00015011756, No Iterations 3
smoothSolver:  Solving for Uz, Initial residual = 0.0088066025, Final residual = 0.00012546927, No Iterations 3
GAMG:  Solving for p, Initial residual = 0.010451147, Final residual = 6.3381451e-05, No Iterations 3
GAMG:  Solving for p, Initial residual = 0.00022422498, Final residual = 1.2758639e-06, No Iterations 4
time step continuity errors : sum local = 1.4196272e-05, global = -2.5670219e-06, cumulative = -0.0020063007
smoothSolver:  Solving for omega, Initial residual = 0.00052001228, Final residual = 4.3836387e-06, No Iterations 2
smoothSolver:  Solving for k, Initial residual = 0.0027355709, Final residual = 2.804765e-05, No Iterations 2
bounding k, min: 1.8523977e-16 max: 0.32979828 average: 0.062892219
ExecutionTime = 495.59084 s  ClockTime = 496 s

Time = 340s

smoothSolver:  Solving for Ux, Initial residual = 0.0012811941, Final residual = 1.8311941e-05, No Iterations 3
smoothSolver:  Solving for Uy, Initial residual = 0.010216928, Final residual = 0.00014952118, No Iterations 3
smoothSolver:  Solving for Uz, Initial residual = 0.0087969571, Final residual = 0.00012549659, No Iterations 3
GAMG:  Solving for p, Initial residual = 0.010465915, Final residual = 6.3958693e-05, No Iterations 3
GAMG:  Solving for p, Initial residual = 0.00022799102, Final residual = 1.237456e-06, No Iterations 4
time step continuity errors : sum local = 1.3766445e-05, global = -2.3464636e-06, cumulative = -0.0020086472
smoothSolver:  Solving for omega, Initial residual = 0.00052278135, Final residual = 4.5495454e-06, No Iterations 2
smoothSolver:  Solving for k, Initial residual = 0.0027257784, Final residual = 2.7900218e-05, No Iterations 2
bounding k, min: 1.6368456e-16 max: 0.33079625 average: 0.062845061
ExecutionTime = 496.88472 s  ClockTime = 497 s

Time = 341s

smoothSolver:  Solving for Ux, Initial residual = 0.0012761427, Final residual = 1.8281104e-05, No Iterations 3
smoothSolver:  Solving for Uy, Initial residual = 0.010178789, Final residual = 0.00014889588, No Iterations 3
smoothSolver:  Solving for Uz, Initial residual = 0.0087890936, Final residual = 0.00012550466, No Iterations 3
GAMG:  Solving for p, Initial residual = 0.010496391, Final residual = 6.5182031e-05, No Iterations 3
GAMG:  Solving for p, Initial residual = 0.0002336464, Final residual = 1.197615e-06, No Iterations 4
time step continuity errors : sum local = 1.3319044e-05, global = -2.1701085e-06, cumulative = -0.0020108173
smoothSolver:  Solving for omega, Initial residual = 0.00051582433, Final residual = 4.3462543e-06, No Iterations 2
smoothSolver:  Solving for k, Initial residual = 0.0027201877, Final residual = 2.7854524e-05, No Iterations 2
bounding k, min: 1.5126407e-16 max: 0.33171319 average: 0.062797994
ExecutionTime = 498.20414 s  ClockTime = 498 s

Time = 342s

smoothSolver:  Solving for Ux, Initial residual = 0.0012709946, Final residual = 1.8246688e-05, No Iterations 3
smoothSolver:  Solving for Uy, Initial residual = 0.010137858, Final residual = 0.00014824953, No Iterations 3
smoothSolver:  Solving for Uz, Initial residual = 0.0087842334, Final residual = 0.00012556746, No Iterations 3
GAMG:  Solving for p, Initial residual = 0.010554211, Final residual = 6.6441089e-05, No Iterations 3
GAMG:  Solving for p, Initial residual = 0.00023875618, Final residual = 1.1559113e-06, No Iterations 4
time step continuity errors : sum local = 1.2849198e-05, global = -2.068157e-06, cumulative = -0.0020128854
smoothSolver:  Solving for omega, Initial residual = 0.00051772507, Final residual = 4.5182746e-06, No Iterations 2
smoothSolver:  Solving for k, Initial residual = 0.0027120957, Final residual = 2.7730701e-05, No Iterations 2
bounding k, min: 1.4317451e-16 max: 0.33259568 average: 0.062751317
ExecutionTime = 499.5871 s  ClockTime = 500 s

Time = 343s

smoothSolver:  Solving for Ux, Initial residual = 0.0012657097, Final residual = 1.8210389e-05, No Iterations 3
smoothSolver:  Solving for Uy, Initial residual = 0.010087883, Final residual = 0.0001475317, No Iterations 3
smoothSolver:  Solving for Uz, Initial residual = 0.0087797814, Final residual = 0.00012561629, No Iterations 3
GAMG:  Solving for p, Initial residual = 0.010598411, Final residual = 6.7623569e-05, No Iterations 3
GAMG:  Solving for p, Initial residual = 0.00024466509, Final residual = 1.0950957e-06, No Iterations 4
time step continuity errors : sum local = 1.2168093e-05, global = -1.8972045e-06, cumulative = -0.0020147826
smoothSolver:  Solving for omega, Initial residual = 0.00051849976, Final residual = 4.3363157e-06, No Iterations 2
smoothSolver:  Solving for k, Initial residual = 0.0027051974, Final residual = 2.7616234e-05, No Iterations 2
bounding k, min: 1.3861851e-16 max: 0.33342475 average: 0.062705158
ExecutionTime = 500.91417 s  ClockTime = 501 s

Time = 344s

smoothSolver:  Solving for Ux, Initial residual = 0.0012600591, Final residual = 1.8170009e-05, No Iterations 3
smoothSolver:  Solving for Uy, Initial residual = 0.010033066, Final residual = 0.00014686836, No Iterations 3
smoothSolver:  Solving for Uz, Initial residual = 0.0087768482, Final residual = 0.00012572285, No Iterations 3
GAMG:  Solving for p, Initial residual = 0.010650205, Final residual = 6.8148528e-05, No Iterations 3
GAMG:  Solving for p, Initial residual = 0.00024827758, Final residual = 1.01482e-06, No Iterations 4
time step continuity errors : sum local = 1.1264807e-05, global = -1.6980215e-06, cumulative = -0.0020164807
smoothSolver:  Solving for omega, Initial residual = 0.00051965465, Final residual = 4.5244941e-06, No Iterations 2
smoothSolver:  Solving for k, Initial residual = 0.0026997772, Final residual = 2.7592416e-05, No Iterations 2
bounding k, min: 1.2468996e-16 max: 0.33448688 average: 0.062658632
ExecutionTime = 502.26225 s  ClockTime = 502 s

Time = 345s

smoothSolver:  Solving for Ux, Initial residual = 0.0012540429, Final residual = 1.8129559e-05, No Iterations 3
smoothSolver:  Solving for Uy, Initial residual = 0.0099766833, Final residual = 0.00014619503, No Iterations 3
smoothSolver:  Solving for Uz, Initial residual = 0.0087658032, Final residual = 0.00012577463, No Iterations 3
GAMG:  Solving for p, Initial residual = 0.010686881, Final residual = 6.7741319e-05, No Iterations 3
GAMG:  Solving for p, Initial residual = 0.00025221711, Final residual = 9.2604511e-07, No Iterations 4
time step continuity errors : sum local = 1.0272669e-05, global = -1.4789882e-06, cumulative = -0.0020179596
smoothSolver:  Solving for omega, Initial residual = 0.00051284213, Final residual = 4.3505414e-06, No Iterations 2
smoothSolver:  Solving for k, Initial residual = 0.0026940354, Final residual = 2.7484219e-05, No Iterations 2
bounding k, min: 1.1350315e-16 max: 0.3357503 average: 0.06261292
ExecutionTime = 503.42433 s  ClockTime = 504 s

Time = 346s

smoothSolver:  Solving for Ux, Initial residual = 0.0012476765, Final residual = 1.8084272e-05, No Iterations 3
smoothSolver:  Solving for Uy, Initial residual = 0.0099226081, Final residual = 0.00014557757, No Iterations 3
smoothSolver:  Solving for Uz, Initial residual = 0.0087517659, Final residual = 0.00012579332, No Iterations 3
GAMG:  Solving for p, Initial residual = 0.010718182, Final residual = 6.6617206e-05, No Iterations 3
GAMG:  Solving for p, Initial residual = 0.00025405289, Final residual = 2.4575211e-06, No Iterations 3
time step continuity errors : sum local = 2.7229948e-05, global = 2.1476979e-06, cumulative = -0.002015812
smoothSolver:  Solving for omega, Initial residual = 0.00051677493, Final residual = 4.547192e-06, No Iterations 2
smoothSolver:  Solving for k, Initial residual = 0.0026876487, Final residual = 2.7411494e-05, No Iterations 2
bounding k, min: 1.07591e-16 max: 0.33717324 average: 0.062567787
ExecutionTime = 504.91055 s  ClockTime = 505 s

Time = 347s

smoothSolver:  Solving for Ux, Initial residual = 0.001241079, Final residual = 1.803757e-05, No Iterations 3
smoothSolver:  Solving for Uy, Initial residual = 0.0098689664, Final residual = 0.00014492859, No Iterations 3
smoothSolver:  Solving for Uz, Initial residual = 0.008735018, Final residual = 0.00012572857, No Iterations 3
GAMG:  Solving for p, Initial residual = 0.010739443, Final residual = 6.5018605e-05, No Iterations 3
GAMG:  Solving for p, Initial residual = 0.00025581113, Final residual = 2.3102876e-06, No Iterations 3
time step continuity errors : sum local = 2.5566268e-05, global = 7.2993396e-07, cumulative = -0.002015082
smoothSolver:  Solving for omega, Initial residual = 0.00051719459, Final residual = 4.3798081e-06, No Iterations 2
smoothSolver:  Solving for k, Initial residual = 0.0026820662, Final residual = 2.7335101e-05, No Iterations 2
bounding k, min: 1.0513009e-16 max: 0.3384054 average: 0.062522761
ExecutionTime = 506.51185 s  ClockTime = 507 s

Time = 348s

smoothSolver:  Solving for Ux, Initial residual = 0.0012341811, Final residual = 1.7986605e-05, No Iterations 3
smoothSolver:  Solving for Uy, Initial residual = 0.0098159926, Final residual = 0.00014431577, No Iterations 3
smoothSolver:  Solving for Uz, Initial residual = 0.0087137821, Final residual = 0.0001255916, No Iterations 3
GAMG:  Solving for p, Initial residual = 0.010722065, Final residual = 6.3528423e-05, No Iterations 3
GAMG:  Solving for p, Initial residual = 0.00025744865, Final residual = 2.203687e-06, No Iterations 3
time step continuity errors : sum local = 2.4351922e-05, global = -4.6756208e-08, cumulative = -0.0020151288
smoothSolver:  Solving for omega, Initial residual = 0.00051778683, Final residual = 4.5121282e-06, No Iterations 2
smoothSolver:  Solving for k, Initial residual = 0.0026700362, Final residual = 2.7138404e-05, No Iterations 2
bounding k, min: 1.049356e-16 max: 0.33979602 average: 0.062478996
ExecutionTime = 508.05579 s  ClockTime = 508 s

Time = 349s

smoothSolver:  Solving for Ux, Initial residual = 0.0012269231, Final residual = 1.7933976e-05, No Iterations 3
smoothSolver:  Solving for Uy, Initial residual = 0.0097597338, Final residual = 0.00014376219, No Iterations 3
smoothSolver:  Solving for Uz, Initial residual = 0.0086831297, Final residual = 0.00012535668, No Iterations 3
GAMG:  Solving for p, Initial residual = 0.010689545, Final residual = 6.1989891e-05, No Iterations 3
GAMG:  Solving for p, Initial residual = 0.00026132033, Final residual = 2.1991592e-06, No Iterations 3
time step continuity errors : sum local = 2.4266998e-05, global = -8.4898124e-07, cumulative = -0.0020159778
smoothSolver:  Solving for omega, Initial residual = 0.00050756295, Final residual = 4.2880805e-06, No Iterations 2
smoothSolver:  Solving for k, Initial residual = 0.0026622132, Final residual = 2.7097054e-05, No Iterations 2
bounding k, min: 1.0385179e-16 max: 0.34095829 average: 0.062435756
ExecutionTime = 509.83898 s  ClockTime = 510 s

Time = 350s

smoothSolver:  Solving for Ux, Initial residual = 0.0012192708, Final residual = 1.7877965e-05, No Iterations 3
smoothSolver:  Solving for Uy, Initial residual = 0.0097102172, Final residual = 0.00014320524, No Iterations 3
smoothSolver:  Solving for Uz, Initial residual = 0.0086521686, Final residual = 0.00012511428, No Iterations 3
GAMG:  Solving for p, Initial residual = 0.010675109, Final residual = 6.0567835e-05, No Iterations 3
GAMG:  Solving for p, Initial residual = 0.0002637759, Final residual = 2.1958149e-06, No Iterations 3
time step continuity errors : sum local = 2.4193829e-05, global = -1.7065923e-06, cumulative = -0.0020176843
smoothSolver:  Solving for omega, Initial residual = 0.00050891773, Final residual = 4.4781973e-06, No Iterations 2
smoothSolver:  Solving for k, Initial residual = 0.0026523749, Final residual = 2.6972638e-05, No Iterations 2
bounding k, min: 9.9712697e-17 max: 0.34229499 average: 0.062393047
ExecutionTime = 511.94101 s  ClockTime = 512 s

Time = 351s

smoothSolver:  Solving for Ux, Initial residual = 0.0012112261, Final residual = 1.7819021e-05, No Iterations 3
smoothSolver:  Solving for Uy, Initial residual = 0.0096590531, Final residual = 0.00014265731, No Iterations 3
smoothSolver:  Solving for Uz, Initial residual = 0.0086114657, Final residual = 0.00012477837, No Iterations 3
GAMG:  Solving for p, Initial residual = 0.010654827, Final residual = 5.9576369e-05, No Iterations 3
GAMG:  Solving for p, Initial residual = 0.00026549576, Final residual = 2.2408149e-06, No Iterations 3
time step continuity errors : sum local = 2.4654302e-05, global = -2.5225435e-06, cumulative = -0.0020202069
smoothSolver:  Solving for omega, Initial residual = 0.0005099594, Final residual = 4.3173521e-06, No Iterations 2
smoothSolver:  Solving for k, Initial residual = 0.0026476153, Final residual = 2.6947465e-05, No Iterations 2
bounding k, min: 9.8225729e-17 max: 0.34409373 average: 0.062351096
ExecutionTime = 513.66701 s  ClockTime = 514 s

Time = 352s

smoothSolver:  Solving for Ux, Initial residual = 0.0012027389, Final residual = 1.7757415e-05, No Iterations 3
smoothSolver:  Solving for Uy, Initial residual = 0.0096160167, Final residual = 0.000142091, No Iterations 3
smoothSolver:  Solving for Uz, Initial residual = 0.0085728357, Final residual = 0.00012450196, No Iterations 3
GAMG:  Solving for p, Initial residual = 0.010608086, Final residual = 5.8628419e-05, No Iterations 3
GAMG:  Solving for p, Initial residual = 0.00026318747, Final residual = 2.2227306e-06, No Iterations 3
time step continuity errors : sum local = 2.4419682e-05, global = -2.9430711e-06, cumulative = -0.00202315
smoothSolver:  Solving for omega, Initial residual = 0.00051291839, Final residual = 4.4728541e-06, No Iterations 2
smoothSolver:  Solving for k, Initial residual = 0.002642078, Final residual = 2.6904433e-05, No Iterations 2
bounding k, min: 9.9021435e-17 max: 0.34609132 average: 0.06230965
ExecutionTime = 515.18869 s  ClockTime = 515 s

Time = 353s

smoothSolver:  Solving for Ux, Initial residual = 0.0011938919, Final residual = 1.7693757e-05, No Iterations 3
smoothSolver:  Solving for Uy, Initial residual = 0.0095668591, Final residual = 0.00014150684, No Iterations 3
smoothSolver:  Solving for Uz, Initial residual = 0.0085296228, Final residual = 0.00012418733, No Iterations 3
GAMG:  Solving for p, Initial residual = 0.010510179, Final residual = 5.7762138e-05, No Iterations 3
GAMG:  Solving for p, Initial residual = 0.00026097455, Final residual = 2.2898911e-06, No Iterations 3
time step continuity errors : sum local = 2.5125767e-05, global = -3.7837295e-06, cumulative = -0.0020269337
smoothSolver:  Solving for omega, Initial residual = 0.00050497533, Final residual = 4.3088215e-06, No Iterations 2
smoothSolver:  Solving for k, Initial residual = 0.0026327628, Final residual = 2.6754951e-05, No Iterations 2
bounding k, min: 9.9511825e-17 max: 0.34811333 average: 0.062268732
ExecutionTime = 516.92283 s  ClockTime = 517 s

Time = 354s

smoothSolver:  Solving for Ux, Initial residual = 0.0011847778, Final residual = 1.7630075e-05, No Iterations 3
smoothSolver:  Solving for Uy, Initial residual = 0.0095125578, Final residual = 0.00014101805, No Iterations 3
smoothSolver:  Solving for Uz, Initial residual = 0.0084859901, Final residual = 0.00012384754, No Iterations 3
GAMG:  Solving for p, Initial residual = 0.010359603, Final residual = 5.707215e-05, No Iterations 3
GAMG:  Solving for p, Initial residual = 0.00025737036, Final residual = 2.2691129e-06, No Iterations 3
time step continuity errors : sum local = 2.4867607e-05, global = -4.2233598e-06, cumulative = -0.0020311571
smoothSolver:  Solving for omega, Initial residual = 0.00050689532, Final residual = 4.4940268e-06, No Iterations 2
smoothSolver:  Solving for k, Initial residual = 0.0026218578, Final residual = 2.6693368e-05, No Iterations 2
bounding k, min: 9.7389411e-17 max: 0.3507189 average: 0.062228591
ExecutionTime = 518.35508 s  ClockTime = 518 s

Time = 355s

smoothSolver:  Solving for Ux, Initial residual = 0.0011756136, Final residual = 1.7564649e-05, No Iterations 3
smoothSolver:  Solving for Uy, Initial residual = 0.009458276, Final residual = 0.00014052199, No Iterations 3
smoothSolver:  Solving for Uz, Initial residual = 0.0084395752, Final residual = 0.00012346828, No Iterations 3
GAMG:  Solving for p, Initial residual = 0.010201966, Final residual = 5.6350232e-05, No Iterations 3
GAMG:  Solving for p, Initial residual = 0.00025356408, Final residual = 2.3465327e-06, No Iterations 3
time step continuity errors : sum local = 2.5690396e-05, global = -5.1344222e-06, cumulative = -0.0020362915
smoothSolver:  Solving for omega, Initial residual = 0.00050468846, Final residual = 4.2809528e-06, No Iterations 2
smoothSolver:  Solving for k, Initial residual = 0.0026128025, Final residual = 2.6590776e-05, No Iterations 2
bounding k, min: 9.7200346e-17 max: 0.35500271 average: 0.062189171
ExecutionTime = 519.63249 s  ClockTime = 520 s

Time = 356s

smoothSolver:  Solving for Ux, Initial residual = 0.0011661871, Final residual = 1.7498111e-05, No Iterations 3
smoothSolver:  Solving for Uy, Initial residual = 0.0094029911, Final residual = 0.00014005675, No Iterations 3
smoothSolver:  Solving for Uz, Initial residual = 0.0083916355, Final residual = 0.00012306122, No Iterations 3
GAMG:  Solving for p, Initial residual = 0.010001155, Final residual = 5.5688771e-05, No Iterations 3
GAMG:  Solving for p, Initial residual = 0.00024870817, Final residual = 2.3580826e-06, No Iterations 3
time step continuity errors : sum local = 2.5792325e-05, global = -5.7048661e-06, cumulative = -0.0020419963
smoothSolver:  Solving for omega, Initial residual = 0.00050574898, Final residual = 4.4397302e-06, No Iterations 2
smoothSolver:  Solving for k, Initial residual = 0.002602877, Final residual = 2.6541782e-05, No Iterations 2
bounding k, min: 9.8865947e-17 max: 0.35921531 average: 0.062149945
ExecutionTime = 520.90055 s  ClockTime = 521 s

Time = 357s

smoothSolver:  Solving for Ux, Initial residual = 0.0011568727, Final residual = 1.7431659e-05, No Iterations 3
smoothSolver:  Solving for Uy, Initial residual = 0.0093452438, Final residual = 0.00013955098, No Iterations 3
smoothSolver:  Solving for Uz, Initial residual = 0.0083448256, Final residual = 0.00012265732, No Iterations 3
GAMG:  Solving for p, Initial residual = 0.0097916235, Final residual = 5.5120909e-05, No Iterations 3
GAMG:  Solving for p, Initial residual = 0.00024466636, Final residual = 2.4231416e-06, No Iterations 3
time step continuity errors : sum local = 2.648146e-05, global = -6.3297871e-06, cumulative = -0.0020483261
smoothSolver:  Solving for omega, Initial residual = 0.00049735326, Final residual = 4.2438825e-06, No Iterations 2
smoothSolver:  Solving for k, Initial residual = 0.002592116, Final residual = 2.6381554e-05, No Iterations 2
bounding k, min: 1.0181803e-16 max: 0.36335289 average: 0.062111227
ExecutionTime = 522.12512 s  ClockTime = 522 s

Time = 358s

smoothSolver:  Solving for Ux, Initial residual = 0.0011475536, Final residual = 1.7363855e-05, No Iterations 3
smoothSolver:  Solving for Uy, Initial residual = 0.0092884381, Final residual = 0.00013907736, No Iterations 3
smoothSolver:  Solving for Uz, Initial residual = 0.0082965537, Final residual = 0.00012216592, No Iterations 3
GAMG:  Solving for p, Initial residual = 0.0095868475, Final residual = 5.4331664e-05, No Iterations 3
GAMG:  Solving for p, Initial residual = 0.00024147094, Final residual = 2.3775967e-06, No Iterations 3
time step continuity errors : sum local = 2.5958541e-05, global = -6.1661062e-06, cumulative = -0.0020544922
smoothSolver:  Solving for omega, Initial residual = 0.00050105641, Final residual = 4.4793517e-06, No Iterations 2
smoothSolver:  Solving for k, Initial residual = 0.0025859583, Final residual = 2.640985e-05, No Iterations 2
bounding k, min: 1.0041868e-16 max: 0.36738538 average: 0.062072656
ExecutionTime = 523.29257 s  ClockTime = 523 s

Time = 359s

smoothSolver:  Solving for Ux, Initial residual = 0.0011381703, Final residual = 1.7290751e-05, No Iterations 3
smoothSolver:  Solving for Uy, Initial residual = 0.0092393994, Final residual = 0.00013849486, No Iterations 3
smoothSolver:  Solving for Uz, Initial residual = 0.0082566008, Final residual = 0.00012171579, No Iterations 3
GAMG:  Solving for p, Initial residual = 0.0094250218, Final residual = 5.3979183e-05, No Iterations 3
GAMG:  Solving for p, Initial residual = 0.00023991224, Final residual = 2.3965817e-06, No Iterations 3
time step continuity errors : sum local = 2.6146313e-05, global = -6.6100292e-06, cumulative = -0.0020611023
smoothSolver:  Solving for omega, Initial residual = 0.00049978874, Final residual = 4.2683362e-06, No Iterations 2
smoothSolver:  Solving for k, Initial residual = 0.0025768092, Final residual = 2.6253376e-05, No Iterations 2
bounding k, min: 1.0086692e-16 max: 0.37132909 average: 0.062034594
ExecutionTime = 524.9663 s  ClockTime = 525 s

Time = 360s

smoothSolver:  Solving for Ux, Initial residual = 0.001129203, Final residual = 1.7214115e-05, No Iterations 3
smoothSolver:  Solving for Uy, Initial residual = 0.0091900996, Final residual = 0.00013806634, No Iterations 3
smoothSolver:  Solving for Uz, Initial residual = 0.0082131652, Final residual = 0.00012122815, No Iterations 3
GAMG:  Solving for p, Initial residual = 0.0092982468, Final residual = 5.3686679e-05, No Iterations 3
GAMG:  Solving for p, Initial residual = 0.00023780464, Final residual = 2.3222662e-06, No Iterations 3
time step continuity errors : sum local = 2.5310163e-05, global = -6.039581e-06, cumulative = -0.0020671418
smoothSolver:  Solving for omega, Initial residual = 0.00050029481, Final residual = 4.3996513e-06, No Iterations 2
smoothSolver:  Solving for k, Initial residual = 0.0025630242, Final residual = 2.6091848e-05, No Iterations 2
bounding k, min: 1.0367087e-16 max: 0.37517041 average: 0.061997399
ExecutionTime = 526.83536 s  ClockTime = 527 s

Time = 361s

smoothSolver:  Solving for Ux, Initial residual = 0.0011203247, Final residual = 1.7128427e-05, No Iterations 3
smoothSolver:  Solving for Uy, Initial residual = 0.0091429788, Final residual = 0.00013771477, No Iterations 3
smoothSolver:  Solving for Uz, Initial residual = 0.0081681603, Final residual = 0.0001206817, No Iterations 3
GAMG:  Solving for p, Initial residual = 0.0092039571, Final residual = 5.3564607e-05, No Iterations 3
GAMG:  Solving for p, Initial residual = 0.0002368934, Final residual = 2.3310688e-06, No Iterations 3
time step continuity errors : sum local = 2.537808e-05, global = -5.9997826e-06, cumulative = -0.0020731416
smoothSolver:  Solving for omega, Initial residual = 0.0004910227, Final residual = 4.2162112e-06, No Iterations 2
smoothSolver:  Solving for k, Initial residual = 0.0025531448, Final residual = 2.6035903e-05, No Iterations 2
bounding k, min: 1.0986366e-16 max: 0.37892829 average: 0.06196022
ExecutionTime = 528.49359 s  ClockTime = 529 s

Time = 362s

smoothSolver:  Solving for Ux, Initial residual = 0.0011117311, Final residual = 1.7035323e-05, No Iterations 3
smoothSolver:  Solving for Uy, Initial residual = 0.0091054455, Final residual = 0.00013745465, No Iterations 3
smoothSolver:  Solving for Uz, Initial residual = 0.0081271259, Final residual = 0.00012012779, No Iterations 3
GAMG:  Solving for p, Initial residual = 0.0091367221, Final residual = 5.302895e-05, No Iterations 3
GAMG:  Solving for p, Initial residual = 0.00023578793, Final residual = 2.2215705e-06, No Iterations 3
time step continuity errors : sum local = 2.4159192e-05, global = -5.0863137e-06, cumulative = -0.0020782279
smoothSolver:  Solving for omega, Initial residual = 0.00049483417, Final residual = 4.4378173e-06, No Iterations 2
smoothSolver:  Solving for k, Initial residual = 0.0025437144, Final residual = 2.5974174e-05, No Iterations 2
bounding k, min: 1.1367241e-16 max: 0.38252745 average: 0.061923773
ExecutionTime = 529.82312 s  ClockTime = 530 s

Time = 363s

smoothSolver:  Solving for Ux, Initial residual = 0.0011032179, Final residual = 1.6935528e-05, No Iterations 3
smoothSolver:  Solving for Uy, Initial residual = 0.0090759266, Final residual = 0.00013718545, No Iterations 3
smoothSolver:  Solving for Uz, Initial residual = 0.0080897705, Final residual = 0.00011958916, No Iterations 3
GAMG:  Solving for p, Initial residual = 0.0090916667, Final residual = 5.2946654e-05, No Iterations 3
GAMG:  Solving for p, Initial residual = 0.00023575099, Final residual = 2.2758353e-06, No Iterations 3
time step continuity errors : sum local = 2.4720004e-05, global = -5.5148278e-06, cumulative = -0.0020837428
smoothSolver:  Solving for omega, Initial residual = 0.00049298215, Final residual = 4.2372107e-06, No Iterations 2
smoothSolver:  Solving for k, Initial residual = 0.0025362207, Final residual = 2.592131e-05, No Iterations 2
bounding k, min: 1.139075e-16 max: 0.38544596 average: 0.061887698
ExecutionTime = 531.07269 s  ClockTime = 531 s

Time = 364s

smoothSolver:  Solving for Ux, Initial residual = 0.001094781, Final residual = 1.6829698e-05, No Iterations 3
smoothSolver:  Solving for Uy, Initial residual = 0.0090506288, Final residual = 0.00013696403, No Iterations 3
smoothSolver:  Solving for Uz, Initial residual = 0.0080520573, Final residual = 0.00011900775, No Iterations 3
GAMG:  Solving for p, Initial residual = 0.0090695069, Final residual = 5.2650736e-05, No Iterations 3
GAMG:  Solving for p, Initial residual = 0.00023537113, Final residual = 2.2326673e-06, No Iterations 3
time step continuity errors : sum local = 2.4221643e-05, global = -5.1799725e-06, cumulative = -0.0020889227
smoothSolver:  Solving for omega, Initial residual = 0.00049534769, Final residual = 4.3796238e-06, No Iterations 2
smoothSolver:  Solving for k, Initial residual = 0.0025275735, Final residual = 2.5854111e-05, No Iterations 2
bounding k, min: 1.1805673e-16 max: 0.38789399 average: 0.061852187
ExecutionTime = 532.29438 s  ClockTime = 532 s

Time = 365s

smoothSolver:  Solving for Ux, Initial residual = 0.001086322, Final residual = 1.6717939e-05, No Iterations 3
smoothSolver:  Solving for Uy, Initial residual = 0.0090278826, Final residual = 0.0001367083, No Iterations 3
smoothSolver:  Solving for Uz, Initial residual = 0.0080128992, Final residual = 0.00011845149, No Iterations 3
GAMG:  Solving for p, Initial residual = 0.0090498085, Final residual = 5.2965595e-05, No Iterations 3
GAMG:  Solving for p, Initial residual = 0.0002355467, Final residual = 2.2920228e-06, No Iterations 3
time step continuity errors : sum local = 2.4836343e-05, global = -5.6587759e-06, cumulative = -0.0020945815
smoothSolver:  Solving for omega, Initial residual = 0.00048603583, Final residual = 4.1658364e-06, No Iterations 2
smoothSolver:  Solving for k, Initial residual = 0.0025216789, Final residual = 2.5809551e-05, No Iterations 2
bounding k, min: 1.1378748e-16 max: 0.38995513 average: 0.061817136
ExecutionTime = 533.46766 s  ClockTime = 534 s

Time = 366s

smoothSolver:  Solving for Ux, Initial residual = 0.0010780707, Final residual = 1.660046e-05, No Iterations 3
smoothSolver:  Solving for Uy, Initial residual = 0.0090108755, Final residual = 0.00013647039, No Iterations 3
smoothSolver:  Solving for Uz, Initial residual = 0.0079764217, Final residual = 0.00011792115, No Iterations 3
GAMG:  Solving for p, Initial residual = 0.0090493243, Final residual = 5.3321681e-05, No Iterations 3
GAMG:  Solving for p, Initial residual = 0.00023505213, Final residual = 2.2832975e-06, No Iterations 3
time step continuity errors : sum local = 2.4712319e-05, global = -5.3058636e-06, cumulative = -0.0020998874
smoothSolver:  Solving for omega, Initial residual = 0.00049025701, Final residual = 4.4001959e-06, No Iterations 2
smoothSolver:  Solving for k, Initial residual = 0.0025087357, Final residual = 2.5663345e-05, No Iterations 2
bounding k, min: 1.1107067e-16 max: 0.3917806 average: 0.061783172
ExecutionTime = 534.60814 s  ClockTime = 535 s

Time = 367s

smoothSolver:  Solving for Ux, Initial residual = 0.0010698967, Final residual = 1.6477274e-05, No Iterations 3
smoothSolver:  Solving for Uy, Initial residual = 0.0089896908, Final residual = 0.0001362713, No Iterations 3
smoothSolver:  Solving for Uz, Initial residual = 0.0079409015, Final residual = 0.00011732954, No Iterations 3
GAMG:  Solving for p, Initial residual = 0.0090508568, Final residual = 5.4046357e-05, No Iterations 3
GAMG:  Solving for p, Initial residual = 0.00023459788, Final residual = 1.0208596e-06, No Iterations 4
time step continuity errors : sum local = 1.1037666e-05, global = 1.935546e-06, cumulative = -0.0020979518
smoothSolver:  Solving for omega, Initial residual = 0.00049127183, Final residual = 4.2468698e-06, No Iterations 2
smoothSolver:  Solving for k, Initial residual = 0.0024978285, Final residual = 2.5585731e-05, No Iterations 2
bounding k, min: 1.0801734e-16 max: 0.3934329 average: 0.061749708
ExecutionTime = 535.80327 s  ClockTime = 536 s

Time = 368s

smoothSolver:  Solving for Ux, Initial residual = 0.0010617408, Final residual = 1.6352173e-05, No Iterations 3
smoothSolver:  Solving for Uy, Initial residual = 0.008971587, Final residual = 0.0001360754, No Iterations 3
smoothSolver:  Solving for Uz, Initial residual = 0.0079021049, Final residual = 0.0001167199, No Iterations 3
GAMG:  Solving for p, Initial residual = 0.009089306, Final residual = 5.5002093e-05, No Iterations 3
GAMG:  Solving for p, Initial residual = 0.000233219, Final residual = 2.3275086e-06, No Iterations 3
time step continuity errors : sum local = 2.5138712e-05, global = -4.534566e-06, cumulative = -0.0021024864
smoothSolver:  Solving for omega, Initial residual = 0.00049264184, Final residual = 4.3795625e-06, No Iterations 2
smoothSolver:  Solving for k, Initial residual = 0.0024917329, Final residual = 2.5619987e-05, No Iterations 2
bounding k, min: 1.0426856e-16 max: 0.39502937 average: 0.061716727
ExecutionTime = 536.93817 s  ClockTime = 537 s

Time = 369s

smoothSolver:  Solving for Ux, Initial residual = 0.0010536304, Final residual = 1.6224564e-05, No Iterations 3
smoothSolver:  Solving for Uy, Initial residual = 0.00896083, Final residual = 0.00013594757, No Iterations 3
smoothSolver:  Solving for Uz, Initial residual = 0.0078666101, Final residual = 0.00011609855, No Iterations 3
GAMG:  Solving for p, Initial residual = 0.0091554869, Final residual = 5.6091113e-05, No Iterations 3
GAMG:  Solving for p, Initial residual = 0.00023199655, Final residual = 1.0720776e-06, No Iterations 4
time step continuity errors : sum local = 1.1570894e-05, global = 1.963993e-06, cumulative = -0.0021005224
smoothSolver:  Solving for omega, Initial residual = 0.00048304778, Final residual = 4.1840769e-06, No Iterations 2
smoothSolver:  Solving for k, Initial residual = 0.0024812913, Final residual = 2.5437838e-05, No Iterations 2
bounding k, min: 1.0303271e-16 max: 0.39640154 average: 0.061684308
ExecutionTime = 538.22853 s  ClockTime = 538 s

Time = 370s

smoothSolver:  Solving for Ux, Initial residual = 0.0010456441, Final residual = 1.6097393e-05, No Iterations 3
smoothSolver:  Solving for Uy, Initial residual = 0.0089480763, Final residual = 0.00013592087, No Iterations 3
smoothSolver:  Solving for Uz, Initial residual = 0.0078268382, Final residual = 0.00011544053, No Iterations 3
GAMG:  Solving for p, Initial residual = 0.0092253693, Final residual = 5.7238926e-05, No Iterations 3
GAMG:  Solving for p, Initial residual = 0.00022949815, Final residual = 1.0703194e-06, No Iterations 4
time step continuity errors : sum local = 1.1543731e-05, global = 1.8929657e-06, cumulative = -0.0020986294
smoothSolver:  Solving for omega, Initial residual = 0.00048810914, Final residual = 4.3851613e-06, No Iterations 2
smoothSolver:  Solving for k, Initial residual = 0.0024679742, Final residual = 2.5364392e-05, No Iterations 2
bounding k, min: 1.0103647e-16 max: 0.39761101 average: 0.061652896
ExecutionTime = 539.55869 s  ClockTime = 540 s

Time = 371s

smoothSolver:  Solving for Ux, Initial residual = 0.0010374378, Final residual = 1.5970817e-05, No Iterations 3
smoothSolver:  Solving for Uy, Initial residual = 0.00894375, Final residual = 0.00013593449, No Iterations 3
smoothSolver:  Solving for Uz, Initial residual = 0.0077855823, Final residual = 0.00011472725, No Iterations 3
GAMG:  Solving for p, Initial residual = 0.0092841082, Final residual = 5.8015783e-05, No Iterations 3
GAMG:  Solving for p, Initial residual = 0.000227141, Final residual = 1.129249e-06, No Iterations 4
time step continuity errors : sum local = 1.2172488e-05, global = 2.0533991e-06, cumulative = -0.002096576
smoothSolver:  Solving for omega, Initial residual = 0.0004867484, Final residual = 4.2015355e-06, No Iterations 2
smoothSolver:  Solving for k, Initial residual = 0.0024593138, Final residual = 2.5316578e-05, No Iterations 2
bounding k, min: 1.0242091e-16 max: 0.39864991 average: 0.061621763
ExecutionTime = 540.8259 s  ClockTime = 541 s

Time = 372s

smoothSolver:  Solving for Ux, Initial residual = 0.0010294586, Final residual = 1.5846551e-05, No Iterations 3
smoothSolver:  Solving for Uy, Initial residual = 0.0089488871, Final residual = 0.00013614344, No Iterations 3
smoothSolver:  Solving for Uz, Initial residual = 0.007742326, Final residual = 0.00011403051, No Iterations 3
GAMG:  Solving for p, Initial residual = 0.0093833767, Final residual = 5.8764685e-05, No Iterations 3
GAMG:  Solving for p, Initial residual = 0.00022457709, Final residual = 1.1949976e-06, No Iterations 4
time step continuity errors : sum local = 1.2875839e-05, global = 2.2376368e-06, cumulative = -0.0020943384
smoothSolver:  Solving for omega, Initial residual = 0.00048809451, Final residual = 4.3311875e-06, No Iterations 2
smoothSolver:  Solving for k, Initial residual = 0.0024519114, Final residual = 2.530473e-05, No Iterations 2
bounding k, min: 1.1463353e-16 max: 0.39956715 average: 0.061590846
ExecutionTime = 541.96237 s  ClockTime = 542 s

Time = 373s

smoothSolver:  Solving for Ux, Initial residual = 0.0010214473, Final residual = 1.5722924e-05, No Iterations 3
smoothSolver:  Solving for Uy, Initial residual = 0.0089629794, Final residual = 0.00013651385, No Iterations 3
smoothSolver:  Solving for Uz, Initial residual = 0.0077035774, Final residual = 0.00011341035, No Iterations 3
GAMG:  Solving for p, Initial residual = 0.0095077982, Final residual = 5.9289279e-05, No Iterations 3
GAMG:  Solving for p, Initial residual = 0.00022100693, Final residual = 1.2112376e-06, No Iterations 4
time step continuity errors : sum local = 1.3048383e-05, global = 2.3041684e-06, cumulative = -0.0020920342
smoothSolver:  Solving for omega, Initial residual = 0.00048053495, Final residual = 4.2154107e-06, No Iterations 2
smoothSolver:  Solving for k, Initial residual = 0.0024477719, Final residual = 2.5283932e-05, No Iterations 2
bounding k, min: 1.1885117e-16 max: 0.40035486 average: 0.061560039
ExecutionTime = 543.14782 s  ClockTime = 543 s

Time = 374s

smoothSolver:  Solving for Ux, Initial residual = 0.0010135958, Final residual = 1.5605028e-05, No Iterations 3
smoothSolver:  Solving for Uy, Initial residual = 0.0089896631, Final residual = 0.00013711132, No Iterations 3
smoothSolver:  Solving for Uz, Initial residual = 0.0076646534, Final residual = 0.00011283446, No Iterations 3
GAMG:  Solving for p, Initial residual = 0.0096267295, Final residual = 5.9697166e-05, No Iterations 3
GAMG:  Solving for p, Initial residual = 0.00021803716, Final residual = 1.2290627e-06, No Iterations 4
time step continuity errors : sum local = 1.3239013e-05, global = 2.3647457e-06, cumulative = -0.0020896695
smoothSolver:  Solving for omega, Initial residual = 0.00048440885, Final residual = 4.3551126e-06, No Iterations 2
smoothSolver:  Solving for k, Initial residual = 0.0024380228, Final residual = 2.5162724e-05, No Iterations 2
bounding k, min: 1.3492821e-16 max: 0.40109517 average: 0.061529983
ExecutionTime = 544.55982 s  ClockTime = 545 s

Time = 375s

smoothSolver:  Solving for Ux, Initial residual = 0.0010058416, Final residual = 1.5491582e-05, No Iterations 3
smoothSolver:  Solving for Uy, Initial residual = 0.0090252702, Final residual = 0.00013778672, No Iterations 3
smoothSolver:  Solving for Uz, Initial residual = 0.0076231866, Final residual = 0.00011225635, No Iterations 3
GAMG:  Solving for p, Initial residual = 0.0097383292, Final residual = 6.0136021e-05, No Iterations 3
GAMG:  Solving for p, Initial residual = 0.00021478267, Final residual = 1.1897158e-06, No Iterations 4
time step continuity errors : sum local = 1.2813817e-05, global = 2.2423389e-06, cumulative = -0.0020874272
smoothSolver:  Solving for omega, Initial residual = 0.00048361562, Final residual = 4.1528226e-06, No Iterations 2
smoothSolver:  Solving for k, Initial residual = 0.0024309407, Final residual = 2.5130028e-05, No Iterations 2
bounding k, min: 1.6950483e-16 max: 0.40157556 average: 0.061499935
ExecutionTime = 545.86131 s  ClockTime = 546 s

Time = 376s

smoothSolver:  Solving for Ux, Initial residual = 0.0009982766, Final residual = 1.5386136e-05, No Iterations 3
smoothSolver:  Solving for Uy, Initial residual = 0.0090685818, Final residual = 0.00013874796, No Iterations 3
smoothSolver:  Solving for Uz, Initial residual = 0.0075806131, Final residual = 0.0001117033, No Iterations 3
GAMG:  Solving for p, Initial residual = 0.0098319715, Final residual = 6.0812258e-05, No Iterations 3
GAMG:  Solving for p, Initial residual = 0.00021269813, Final residual = 1.2120732e-06, No Iterations 4
time step continuity errors : sum local = 1.3054345e-05, global = 2.2916886e-06, cumulative = -0.0020851355
smoothSolver:  Solving for omega, Initial residual = 0.00048761224, Final residual = 4.3256777e-06, No Iterations 2
smoothSolver:  Solving for k, Initial residual = 0.0024195185, Final residual = 2.5078058e-05, No Iterations 2
bounding k, min: 1.9562441e-16 max: 0.40184442 average: 0.061470688
ExecutionTime = 547.06625 s  ClockTime = 547 s

Time = 377s

smoothSolver:  Solving for Ux, Initial residual = 0.00099092875, Final residual = 1.5287421e-05, No Iterations 3
smoothSolver:  Solving for Uy, Initial residual = 0.0091138954, Final residual = 0.00013969329, No Iterations 3
smoothSolver:  Solving for Uz, Initial residual = 0.0075372535, Final residual = 0.00011128157, No Iterations 3
GAMG:  Solving for p, Initial residual = 0.0098941479, Final residual = 6.1393614e-05, No Iterations 3
GAMG:  Solving for p, Initial residual = 0.0002097664, Final residual = 1.1309902e-06, No Iterations 4
time step continuity errors : sum local = 1.2177926e-05, global = 2.0457824e-06, cumulative = -0.0020830897
smoothSolver:  Solving for omega, Initial residual = 0.0004786164, Final residual = 4.1352302e-06, No Iterations 2
smoothSolver:  Solving for k, Initial residual = 0.00241038, Final residual = 2.5014727e-05, No Iterations 2
ExecutionTime = 548.39318 s  ClockTime = 549 s

Time = 378s

smoothSolver:  Solving for Ux, Initial residual = 0.00098403908, Final residual = 1.5198266e-05, No Iterations 3
smoothSolver:  Solving for Uy, Initial residual = 0.0091565282, Final residual = 0.00014055876, No Iterations 3
smoothSolver:  Solving for Uz, Initial residual = 0.0074975018, Final residual = 0.00011093046, No Iterations 3
GAMG:  Solving for p, Initial residual = 0.0099175538, Final residual = 6.2336033e-05, No Iterations 3
GAMG:  Solving for p, Initial residual = 0.00020820766, Final residual = 1.085473e-06, No Iterations 4
time step continuity errors : sum local = 1.1687532e-05, global = 1.8026481e-06, cumulative = -0.002081287
smoothSolver:  Solving for omega, Initial residual = 0.00048109775, Final residual = 4.3308861e-06, No Iterations 2
smoothSolver:  Solving for k, Initial residual = 0.0023946925, Final residual = 2.4865415e-05, No Iterations 2
ExecutionTime = 549.5319 s  ClockTime = 550 s

Time = 379s

smoothSolver:  Solving for Ux, Initial residual = 0.00097754902, Final residual = 1.5117238e-05, No Iterations 3
smoothSolver:  Solving for Uy, Initial residual = 0.0091959903, Final residual = 0.00014143836, No Iterations 3
smoothSolver:  Solving for Uz, Initial residual = 0.0074619988, Final residual = 0.00011061512, No Iterations 3
GAMG:  Solving for p, Initial residual = 0.0099259492, Final residual = 6.2879362e-05, No Iterations 3
GAMG:  Solving for p, Initial residual = 0.00020608416, Final residual = 1.093611e-06, No Iterations 4
time step continuity errors : sum local = 1.1772789e-05, global = 1.8250296e-06, cumulative = -0.002079462
smoothSolver:  Solving for omega, Initial residual = 0.00048166539, Final residual = 4.1609987e-06, No Iterations 2
smoothSolver:  Solving for k, Initial residual = 0.0023842513, Final residual = 2.4859719e-05, No Iterations 2
bounding k, min: 1.5147192e-16 max: 0.40177054 average: 0.061385082
ExecutionTime = 550.85146 s  ClockTime = 551 s

Time = 380s

smoothSolver:  Solving for Ux, Initial residual = 0.00097158621, Final residual = 1.5044556e-05, No Iterations 3
smoothSolver:  Solving for Uy, Initial residual = 0.0092292926, Final residual = 0.00014219188, No Iterations 3
smoothSolver:  Solving for Uz, Initial residual = 0.0074295595, Final residual = 0.0001104067, No Iterations 3
GAMG:  Solving for p, Initial residual = 0.0099182607, Final residual = 6.3324153e-05, No Iterations 3
GAMG:  Solving for p, Initial residual = 0.00020423433, Final residual = 9.95944e-07, No Iterations 4
time step continuity errors : sum local = 1.0717028e-05, global = 5.3084835e-07, cumulative = -0.0020789312
smoothSolver:  Solving for omega, Initial residual = 0.00048539204, Final residual = 4.3532351e-06, No Iterations 2
smoothSolver:  Solving for k, Initial residual = 0.0023759335, Final residual = 2.4825285e-05, No Iterations 2
bounding k, min: 1.3736188e-16 max: 0.40140715 average: 0.06135708
ExecutionTime = 552.11396 s  ClockTime = 552 s

Time = 381s

smoothSolver:  Solving for Ux, Initial residual = 0.00096587641, Final residual = 1.4977211e-05, No Iterations 3
smoothSolver:  Solving for Uy, Initial residual = 0.0092562439, Final residual = 0.00014282908, No Iterations 3
smoothSolver:  Solving for Uz, Initial residual = 0.0073998788, Final residual = 0.00011027628, No Iterations 3
GAMG:  Solving for p, Initial residual = 0.0099118098, Final residual = 6.2897427e-05, No Iterations 3
GAMG:  Solving for p, Initial residual = 0.00020231499, Final residual = 9.3381948e-07, No Iterations 4
time step continuity errors : sum local = 1.0045322e-05, global = -4.6077347e-08, cumulative = -0.0020789772
smoothSolver:  Solving for omega, Initial residual = 0.00047717638, Final residual = 4.1137623e-06, No Iterations 2
smoothSolver:  Solving for k, Initial residual = 0.0023626846, Final residual = 2.4715483e-05, No Iterations 2
bounding k, min: 1.2691593e-16 max: 0.40086688 average: 0.061329321
ExecutionTime = 553.41365 s  ClockTime = 554 s

Time = 382s

smoothSolver:  Solving for Ux, Initial residual = 0.00096093186, Final residual = 1.4916917e-05, No Iterations 3
smoothSolver:  Solving for Uy, Initial residual = 0.0092725984, Final residual = 0.00014338062, No Iterations 3
smoothSolver:  Solving for Uz, Initial residual = 0.0073685528, Final residual = 0.00011010451, No Iterations 3
GAMG:  Solving for p, Initial residual = 0.0098748349, Final residual = 6.2570827e-05, No Iterations 3
GAMG:  Solving for p, Initial residual = 0.00020075883, Final residual = 9.0806344e-07, No Iterations 4
time step continuity errors : sum local = 9.7652105e-06, global = -4.4497561e-07, cumulative = -0.0020794222
smoothSolver:  Solving for omega, Initial residual = 0.00048240838, Final residual = 4.3272102e-06, No Iterations 2
smoothSolver:  Solving for k, Initial residual = 0.0023482921, Final residual = 2.4623613e-05, No Iterations 2
bounding k, min: 1.1498488e-16 max: 0.40022793 average: 0.061301951
ExecutionTime = 554.70949 s  ClockTime = 555 s

Time = 383s

smoothSolver:  Solving for Ux, Initial residual = 0.00095630884, Final residual = 1.4859215e-05, No Iterations 3
smoothSolver:  Solving for Uy, Initial residual = 0.0092851191, Final residual = 0.00014380013, No Iterations 3
smoothSolver:  Solving for Uz, Initial residual = 0.0073408534, Final residual = 0.00010996012, No Iterations 3
GAMG:  Solving for p, Initial residual = 0.0098423994, Final residual = 6.2313465e-05, No Iterations 3
GAMG:  Solving for p, Initial residual = 0.00020019152, Final residual = 9.5765032e-07, No Iterations 4
time step continuity errors : sum local = 1.0293439e-05, global = -1.3616381e-06, cumulative = -0.0020807838
smoothSolver:  Solving for omega, Initial residual = 0.00048112891, Final residual = 4.1110725e-06, No Iterations 2
smoothSolver:  Solving for k, Initial residual = 0.0023369327, Final residual = 2.4584848e-05, No Iterations 2
bounding k, min: 1.1664457e-16 max: 0.39942235 average: 0.061274718
ExecutionTime = 556.05418 s  ClockTime = 556 s

Time = 384s

smoothSolver:  Solving for Ux, Initial residual = 0.00095203516, Final residual = 1.4804403e-05, No Iterations 3
smoothSolver:  Solving for Uy, Initial residual = 0.009295996, Final residual = 0.00014418221, No Iterations 3
smoothSolver:  Solving for Uz, Initial residual = 0.007317799, Final residual = 0.00010983723, No Iterations 3
GAMG:  Solving for p, Initial residual = 0.009803267, Final residual = 6.2315069e-05, No Iterations 3
GAMG:  Solving for p, Initial residual = 0.0002003199, Final residual = 1.0316892e-06, No Iterations 4
time step continuity errors : sum local = 1.108509e-05, global = -1.6539427e-06, cumulative = -0.0020824378
smoothSolver:  Solving for omega, Initial residual = 0.00048422676, Final residual = 4.2936969e-06, No Iterations 2
smoothSolver:  Solving for k, Initial residual = 0.0023249787, Final residual = 2.4530521e-05, No Iterations 2
bounding k, min: 1.091164e-16 max: 0.39854369 average: 0.061247785
ExecutionTime = 557.33055 s  ClockTime = 557 s

Time = 385s

smoothSolver:  Solving for Ux, Initial residual = 0.00094814963, Final residual = 1.4750395e-05, No Iterations 3
smoothSolver:  Solving for Uy, Initial residual = 0.009304832, Final residual = 0.00014444237, No Iterations 3
smoothSolver:  Solving for Uz, Initial residual = 0.0072962166, Final residual = 0.00010968817, No Iterations 3
GAMG:  Solving for p, Initial residual = 0.0097913515, Final residual = 6.2343184e-05, No Iterations 3
GAMG:  Solving for p, Initial residual = 0.00020038869, Final residual = 1.119579e-06, No Iterations 4
time step continuity errors : sum local = 1.2025236e-05, global = -1.9277505e-06, cumulative = -0.0020843655
smoothSolver:  Solving for omega, Initial residual = 0.00047727792, Final residual = 4.1841072e-06, No Iterations 2
smoothSolver:  Solving for k, Initial residual = 0.002322309, Final residual = 2.4651587e-05, No Iterations 2
bounding k, min: 1.1104669e-16 max: 0.39747057 average: 0.061220546
ExecutionTime = 558.91532 s  ClockTime = 559 s

Time = 386s

smoothSolver:  Solving for Ux, Initial residual = 0.00094461671, Final residual = 1.4698261e-05, No Iterations 3
smoothSolver:  Solving for Uy, Initial residual = 0.0093137022, Final residual = 0.0001445826, No Iterations 3
smoothSolver:  Solving for Uz, Initial residual = 0.007278466, Final residual = 0.00010951943, No Iterations 3
GAMG:  Solving for p, Initial residual = 0.0098108158, Final residual = 6.2666331e-05, No Iterations 3
GAMG:  Solving for p, Initial residual = 0.00020093748, Final residual = 1.2097467e-06, No Iterations 4
time step continuity errors : sum local = 1.298928e-05, global = -1.7787939e-06, cumulative = -0.0020861443
smoothSolver:  Solving for omega, Initial residual = 0.00048098518, Final residual = 4.3167928e-06, No Iterations 2
smoothSolver:  Solving for k, Initial residual = 0.0023103136, Final residual = 2.4508736e-05, No Iterations 2
bounding k, min: 1.0688497e-16 max: 0.39630657 average: 0.061193854
ExecutionTime = 560.93501 s  ClockTime = 561 s

Time = 387s

smoothSolver:  Solving for Ux, Initial residual = 0.00094140008, Final residual = 1.4645975e-05, No Iterations 3
smoothSolver:  Solving for Uy, Initial residual = 0.0093188694, Final residual = 0.00014474792, No Iterations 3
smoothSolver:  Solving for Uz, Initial residual = 0.0072561144, Final residual = 0.00010937133, No Iterations 3
GAMG:  Solving for p, Initial residual = 0.0098391981, Final residual = 6.2841387e-05, No Iterations 3
GAMG:  Solving for p, Initial residual = 0.00020109564, Final residual = 1.2646211e-06, No Iterations 4
time step continuity errors : sum local = 1.3578269e-05, global = -1.592323e-06, cumulative = -0.0020877367
smoothSolver:  Solving for omega, Initial residual = 0.00047963544, Final residual = 4.1074194e-06, No Iterations 2
smoothSolver:  Solving for k, Initial residual = 0.0022965803, Final residual = 2.4456212e-05, No Iterations 2
bounding k, min: 1.0754299e-16 max: 0.39501009 average: 0.061167188
ExecutionTime = 562.45338 s  ClockTime = 563 s

Time = 388s

smoothSolver:  Solving for Ux, Initial residual = 0.00093835433, Final residual = 1.4593758e-05, No Iterations 3
smoothSolver:  Solving for Uy, Initial residual = 0.0093299003, Final residual = 0.00014493524, No Iterations 3
smoothSolver:  Solving for Uz, Initial residual = 0.0072372401, Final residual = 0.00010913359, No Iterations 3
GAMG:  Solving for p, Initial residual = 0.0098416404, Final residual = 6.2970343e-05, No Iterations 3
GAMG:  Solving for p, Initial residual = 0.00020152542, Final residual = 1.3651846e-06, No Iterations 4
time step continuity errors : sum local = 1.4655878e-05, global = -1.6921563e-06, cumulative = -0.0020894288
smoothSolver:  Solving for omega, Initial residual = 0.00048331441, Final residual = 4.259855e-06, No Iterations 2
smoothSolver:  Solving for k, Initial residual = 0.0022915971, Final residual = 2.4523586e-05, No Iterations 2
bounding k, min: 1.0430487e-16 max: 0.39369044 average: 0.06114036
ExecutionTime = 563.93463 s  ClockTime = 564 s

Time = 389s

smoothSolver:  Solving for Ux, Initial residual = 0.0009357778, Final residual = 1.4541572e-05, No Iterations 3
smoothSolver:  Solving for Uy, Initial residual = 0.0093398337, Final residual = 0.00014503149, No Iterations 3
smoothSolver:  Solving for Uz, Initial residual = 0.0072271529, Final residual = 0.00010894541, No Iterations 3
GAMG:  Solving for p, Initial residual = 0.0098258935, Final residual = 6.2500509e-05, No Iterations 3
GAMG:  Solving for p, Initial residual = 0.00020121302, Final residual = 1.4553962e-06, No Iterations 4
time step continuity errors : sum local = 1.562496e-05, global = -1.4101771e-06, cumulative = -0.002090839
smoothSolver:  Solving for omega, Initial residual = 0.0004737803, Final residual = 4.0447726e-06, No Iterations 2
smoothSolver:  Solving for k, Initial residual = 0.0022803441, Final residual = 2.4438523e-05, No Iterations 2
bounding k, min: 1.0686227e-16 max: 0.39224951 average: 0.061113892
ExecutionTime = 565.27947 s  ClockTime = 565 s

Time = 390s

smoothSolver:  Solving for Ux, Initial residual = 0.00093342588, Final residual = 1.448991e-05, No Iterations 3
smoothSolver:  Solving for Uy, Initial residual = 0.0093482476, Final residual = 0.00014507195, No Iterations 3
smoothSolver:  Solving for Uz, Initial residual = 0.0072120867, Final residual = 0.00010880014, No Iterations 3
GAMG:  Solving for p, Initial residual = 0.0097800113, Final residual = 6.1581498e-05, No Iterations 3
GAMG:  Solving for p, Initial residual = 0.00020082192, Final residual = 1.5368128e-06, No Iterations 4
time step continuity errors : sum local = 1.65001e-05, global = -1.4428571e-06, cumulative = -0.0020922818
smoothSolver:  Solving for omega, Initial residual = 0.0004776093, Final residual = 4.2535205e-06, No Iterations 2
smoothSolver:  Solving for k, Initial residual = 0.0022672837, Final residual = 2.4359406e-05, No Iterations 2
bounding k, min: 1.0612349e-16 max: 0.39079595 average: 0.061087837
ExecutionTime = 566.51595 s  ClockTime = 567 s

Time = 391s

smoothSolver:  Solving for Ux, Initial residual = 0.0009314352, Final residual = 1.443742e-05, No Iterations 3
smoothSolver:  Solving for Uy, Initial residual = 0.0093561363, Final residual = 0.00014510081, No Iterations 3
smoothSolver:  Solving for Uz, Initial residual = 0.0071966436, Final residual = 0.00010865057, No Iterations 3
GAMG:  Solving for p, Initial residual = 0.0097501275, Final residual = 6.0412309e-05, No Iterations 3
GAMG:  Solving for p, Initial residual = 0.00019989126, Final residual = 1.627498e-06, No Iterations 4
time step continuity errors : sum local = 1.7480289e-05, global = -1.2341885e-06, cumulative = -0.002093516
smoothSolver:  Solving for omega, Initial residual = 0.00047881239, Final residual = 4.0851481e-06, No Iterations 2
smoothSolver:  Solving for k, Initial residual = 0.0022536121, Final residual = 2.4261116e-05, No Iterations 2
bounding k, min: 1.0678925e-16 max: 0.38921139 average: 0.061061977
ExecutionTime = 567.77871 s  ClockTime = 568 s

Time = 392s

smoothSolver:  Solving for Ux, Initial residual = 0.00092979862, Final residual = 1.4386499e-05, No Iterations 3
smoothSolver:  Solving for Uy, Initial residual = 0.0093683214, Final residual = 0.00014515349, No Iterations 3
smoothSolver:  Solving for Uz, Initial residual = 0.0071830958, Final residual = 0.00010860357, No Iterations 3
GAMG:  Solving for p, Initial residual = 0.0097104107, Final residual = 5.9135038e-05, No Iterations 3
GAMG:  Solving for p, Initial residual = 0.00019807473, Final residual = 1.6917546e-06, No Iterations 4
time step continuity errors : sum local = 1.8176013e-05, global = -1.1477317e-06, cumulative = -0.0020946638
smoothSolver:  Solving for omega, Initial residual = 0.00048206315, Final residual = 4.2486755e-06, No Iterations 2
smoothSolver:  Solving for k, Initial residual = 0.0022389229, Final residual = 2.4244852e-05, No Iterations 2
bounding k, min: 1.143361e-16 max: 0.38749704 average: 0.061036751
ExecutionTime = 569.00349 s  ClockTime = 569 s

Time = 393s

smoothSolver:  Solving for Ux, Initial residual = 0.00092847161, Final residual = 1.4336248e-05, No Iterations 3
smoothSolver:  Solving for Uy, Initial residual = 0.009376823, Final residual = 0.0001451767, No Iterations 3
smoothSolver:  Solving for Uz, Initial residual = 0.0071728614, Final residual = 0.00010863652, No Iterations 3
GAMG:  Solving for p, Initial residual = 0.0096553951, Final residual = 5.7860077e-05, No Iterations 3
GAMG:  Solving for p, Initial residual = 0.00019568523, Final residual = 1.7375113e-06, No Iterations 4
time step continuity errors : sum local = 1.8673874e-05, global = -1.1009497e-06, cumulative = -0.0020957647
smoothSolver:  Solving for omega, Initial residual = 0.00047413693, Final residual = 4.1026549e-06, No Iterations 2
smoothSolver:  Solving for k, Initial residual = 0.0022290188, Final residual = 2.4208097e-05, No Iterations 2
bounding k, min: 1.2132912e-16 max: 0.3855948 average: 0.061011578
ExecutionTime = 570.30878 s  ClockTime = 570 s

Time = 394s

smoothSolver:  Solving for Ux, Initial residual = 0.00092730577, Final residual = 1.42873e-05, No Iterations 3
smoothSolver:  Solving for Uy, Initial residual = 0.0093849531, Final residual = 0.00014520714, No Iterations 3
smoothSolver:  Solving for Uz, Initial residual = 0.0071668313, Final residual = 0.00010863848, No Iterations 3
GAMG:  Solving for p, Initial residual = 0.0095915688, Final residual = 5.6507533e-05, No Iterations 3
GAMG:  Solving for p, Initial residual = 0.00019338271, Final residual = 1.7837604e-06, No Iterations 4
time step continuity errors : sum local = 1.9179402e-05, global = -1.0288546e-06, cumulative = -0.0020967936
smoothSolver:  Solving for omega, Initial residual = 0.00047864149, Final residual = 4.2972285e-06, No Iterations 2
smoothSolver:  Solving for k, Initial residual = 0.0022164723, Final residual = 2.4139346e-05, No Iterations 2
bounding k, min: 1.2320309e-16 max: 0.38367528 average: 0.060987034
ExecutionTime = 571.53992 s  ClockTime = 572 s

Time = 395s

smoothSolver:  Solving for Ux, Initial residual = 0.00092614155, Final residual = 1.4236604e-05, No Iterations 3
smoothSolver:  Solving for Uy, Initial residual = 0.0093896826, Final residual = 0.00014513562, No Iterations 3
smoothSolver:  Solving for Uz, Initial residual = 0.0071617543, Final residual = 0.00010873888, No Iterations 3
GAMG:  Solving for p, Initial residual = 0.0095385519, Final residual = 5.5550065e-05, No Iterations 3
GAMG:  Solving for p, Initial residual = 0.00019255355, Final residual = 1.7602942e-06, No Iterations 4
time step continuity errors : sum local = 1.8939623e-05, global = -1.1254445e-06, cumulative = -0.002097919
smoothSolver:  Solving for omega, Initial residual = 0.00047884565, Final residual = 4.0964576e-06, No Iterations 2
smoothSolver:  Solving for k, Initial residual = 0.0022060381, Final residual = 2.4105554e-05, No Iterations 2
bounding k, min: 1.2950229e-16 max: 0.38273433 average: 0.060962375
ExecutionTime = 572.793 s  ClockTime = 573 s

Time = 396s

smoothSolver:  Solving for Ux, Initial residual = 0.0009248905, Final residual = 1.4186672e-05, No Iterations 3
smoothSolver:  Solving for Uy, Initial residual = 0.0093879327, Final residual = 0.00014490418, No Iterations 3
smoothSolver:  Solving for Uz, Initial residual = 0.0071613548, Final residual = 0.00010885476, No Iterations 3
GAMG:  Solving for p, Initial residual = 0.0094902423, Final residual = 5.4756726e-05, No Iterations 3
GAMG:  Solving for p, Initial residual = 0.00019233595, Final residual = 1.7742518e-06, No Iterations 4
time step continuity errors : sum local = 1.9098309e-05, global = -1.0777915e-06, cumulative = -0.0020989968
smoothSolver:  Solving for omega, Initial residual = 0.00048342419, Final residual = 4.2848497e-06, No Iterations 2
smoothSolver:  Solving for k, Initial residual = 0.0021967837, Final residual = 2.4062085e-05, No Iterations 2
bounding k, min: 1.4108979e-16 max: 0.3817176 average: 0.060938193
ExecutionTime = 574.14749 s  ClockTime = 574 s

Time = 397s

smoothSolver:  Solving for Ux, Initial residual = 0.00092361098, Final residual = 1.4133282e-05, No Iterations 3
smoothSolver:  Solving for Uy, Initial residual = 0.0093782786, Final residual = 0.00014456184, No Iterations 3
smoothSolver:  Solving for Uz, Initial residual = 0.0071613762, Final residual = 0.00010895735, No Iterations 3
GAMG:  Solving for p, Initial residual = 0.0094540328, Final residual = 5.4433818e-05, No Iterations 3
GAMG:  Solving for p, Initial residual = 0.00019371831, Final residual = 1.8078783e-06, No Iterations 4
time step continuity errors : sum local = 1.9470823e-05, global = -1.0027779e-06, cumulative = -0.0020999996
smoothSolver:  Solving for omega, Initial residual = 0.00047534114, Final residual = 4.0729787e-06, No Iterations 2
smoothSolver:  Solving for k, Initial residual = 0.0021849504, Final residual = 2.3981867e-05, No Iterations 2
bounding k, min: 1.5816122e-16 max: 0.38063379 average: 0.060914392
ExecutionTime = 575.60907 s  ClockTime = 576 s

Time = 398s

smoothSolver:  Solving for Ux, Initial residual = 0.00092237979, Final residual = 1.4077528e-05, No Iterations 3
smoothSolver:  Solving for Uy, Initial residual = 0.0093631296, Final residual = 0.00014411886, No Iterations 3
smoothSolver:  Solving for Uz, Initial residual = 0.0071624521, Final residual = 0.00010900073, No Iterations 3
GAMG:  Solving for p, Initial residual = 0.0094171924, Final residual = 5.4110167e-05, No Iterations 3
GAMG:  Solving for p, Initial residual = 0.00019509681, Final residual = 1.8171277e-06, No Iterations 4
time step continuity errors : sum local = 1.9580605e-05, global = -1.0099504e-06, cumulative = -0.0021010095
smoothSolver:  Solving for omega, Initial residual = 0.00047815556, Final residual = 4.257147e-06, No Iterations 2
smoothSolver:  Solving for k, Initial residual = 0.0021775699, Final residual = 2.3977399e-05, No Iterations 2
bounding k, min: 1.8031338e-16 max: 0.37947748 average: 0.060890812
ExecutionTime = 577.17448 s  ClockTime = 577 s

Time = 399s

smoothSolver:  Solving for Ux, Initial residual = 0.00092111541, Final residual = 1.401815e-05, No Iterations 3
smoothSolver:  Solving for Uy, Initial residual = 0.0093393377, Final residual = 0.00014347735, No Iterations 3
smoothSolver:  Solving for Uz, Initial residual = 0.0071657323, Final residual = 0.00010902557, No Iterations 3
GAMG:  Solving for p, Initial residual = 0.0093751891, Final residual = 5.4144599e-05, No Iterations 3
GAMG:  Solving for p, Initial residual = 0.00019679067, Final residual = 1.8385464e-06, No Iterations 4
time step continuity errors : sum local = 1.9826447e-05, global = -9.7051952e-07, cumulative = -0.0021019801
smoothSolver:  Solving for omega, Initial residual = 0.00047789687, Final residual = 4.0969211e-06, No Iterations 2
smoothSolver:  Solving for k, Initial residual = 0.0021658279, Final residual = 2.3869201e-05, No Iterations 2
bounding k, min: 2.0783662e-16 max: 0.37825166 average: 0.060867856
ExecutionTime = 578.73728 s  ClockTime = 579 s

Time = 400s

smoothSolver:  Solving for Ux, Initial residual = 0.00091985206, Final residual = 1.3956885e-05, No Iterations 3
smoothSolver:  Solving for Uy, Initial residual = 0.0093037861, Final residual = 0.00014274642, No Iterations 3
smoothSolver:  Solving for Uz, Initial residual = 0.0071647088, Final residual = 0.00010895958, No Iterations 3
GAMG:  Solving for p, Initial residual = 0.0093453887, Final residual = 5.4116103e-05, No Iterations 3
GAMG:  Solving for p, Initial residual = 0.00019761719, Final residual = 1.8561741e-06, No Iterations 4
time step continuity errors : sum local = 2.0029521e-05, global = -8.6384649e-07, cumulative = -0.0021028439
smoothSolver:  Solving for omega, Initial residual = 0.000483785, Final residual = 4.2712165e-06, No Iterations 2
smoothSolver:  Solving for k, Initial residual = 0.0021574825, Final residual = 2.384405e-05, No Iterations 2
ExecutionTime = 580.44093 s  ClockTime = 581 s

Time = 401s

smoothSolver:  Solving for Ux, Initial residual = 0.0009186555, Final residual = 1.3891512e-05, No Iterations 3
smoothSolver:  Solving for Uy, Initial residual = 0.0092651122, Final residual = 0.00014191556, No Iterations 3
smoothSolver:  Solving for Uz, Initial residual = 0.0071680739, Final residual = 0.00010885742, No Iterations 3
GAMG:  Solving for p, Initial residual = 0.0093345477, Final residual = 5.4382927e-05, No Iterations 3
GAMG:  Solving for p, Initial residual = 0.00019927062, Final residual = 1.8477316e-06, No Iterations 4
time step continuity errors : sum local = 1.995306e-05, global = -9.9882833e-07, cumulative = -0.0021038427
smoothSolver:  Solving for omega, Initial residual = 0.00047517063, Final residual = 4.0694785e-06, No Iterations 2
smoothSolver:  Solving for k, Initial residual = 0.0021516964, Final residual = 2.3842454e-05, No Iterations 2
ExecutionTime = 582.28467 s  ClockTime = 582 s

Time = 402s

smoothSolver:  Solving for Ux, Initial residual = 0.0009173502, Final residual = 1.3823672e-05, No Iterations 3
smoothSolver:  Solving for Uy, Initial residual = 0.009216879, Final residual = 0.00014086548, No Iterations 3
smoothSolver:  Solving for Uz, Initial residual = 0.0071717786, Final residual = 0.00010863581, No Iterations 3
GAMG:  Solving for p, Initial residual = 0.0093364784, Final residual = 5.4522835e-05, No Iterations 3
GAMG:  Solving for p, Initial residual = 0.00020122421, Final residual = 1.871277e-06, No Iterations 4
time step continuity errors : sum local = 2.0220433e-05, global = -8.2320665e-07, cumulative = -0.0021046659
smoothSolver:  Solving for omega, Initial residual = 0.00047953526, Final residual = 4.2347028e-06, No Iterations 2
smoothSolver:  Solving for k, Initial residual = 0.0021467398, Final residual = 2.3777066e-05, No Iterations 2
ExecutionTime = 583.9902 s  ClockTime = 584 s

Time = 403s

smoothSolver:  Solving for Ux, Initial residual = 0.00091618396, Final residual = 1.3751866e-05, No Iterations 3
smoothSolver:  Solving for Uy, Initial residual = 0.0091675998, Final residual = 0.00013973191, No Iterations 3
smoothSolver:  Solving for Uz, Initial residual = 0.0071752677, Final residual = 0.00010836806, No Iterations 3
GAMG:  Solving for p, Initial residual = 0.0093551125, Final residual = 5.5020338e-05, No Iterations 3
GAMG:  Solving for p, Initial residual = 0.00020386346, Final residual = 1.893626e-06, No Iterations 4
time step continuity errors : sum local = 2.0477184e-05, global = -7.4251617e-07, cumulative = -0.0021054085
smoothSolver:  Solving for omega, Initial residual = 0.000480882, Final residual = 4.1426028e-06, No Iterations 2
smoothSolver:  Solving for k, Initial residual = 0.0021370232, Final residual = 2.3663522e-05, No Iterations 2
ExecutionTime = 585.59605 s  ClockTime = 586 s

Time = 404s

smoothSolver:  Solving for Ux, Initial residual = 0.00091492278, Final residual = 1.367975e-05, No Iterations 3
smoothSolver:  Solving for Uy, Initial residual = 0.0091115006, Final residual = 0.00013852511, No Iterations 3
smoothSolver:  Solving for Uz, Initial residual = 0.0071731498, Final residual = 0.00010793434, No Iterations 3
GAMG:  Solving for p, Initial residual = 0.0093807417, Final residual = 5.5035092e-05, No Iterations 3
GAMG:  Solving for p, Initial residual = 0.00020509503, Final residual = 1.8656792e-06, No Iterations 4
time step continuity errors : sum local = 2.0186976e-05, global = -7.5244645e-07, cumulative = -0.0021061609
smoothSolver:  Solving for omega, Initial residual = 0.00048548382, Final residual = 4.2658804e-06, No Iterations 2
smoothSolver:  Solving for k, Initial residual = 0.0021292384, Final residual = 2.3571259e-05, No Iterations 2
ExecutionTime = 587.1406 s  ClockTime = 587 s

Time = 405s

smoothSolver:  Solving for Ux, Initial residual = 0.00091389086, Final residual = 1.3605484e-05, No Iterations 3
smoothSolver:  Solving for Uy, Initial residual = 0.009053999, Final residual = 0.00013730098, No Iterations 3
smoothSolver:  Solving for Uz, Initial residual = 0.0071712835, Final residual = 0.00010740425, No Iterations 3
GAMG:  Solving for p, Initial residual = 0.0094214973, Final residual = 5.49652e-05, No Iterations 3
GAMG:  Solving for p, Initial residual = 0.00020627186, Final residual = 1.8580012e-06, No Iterations 4
time step continuity errors : sum local = 2.0113994e-05, global = -7.2119681e-07, cumulative = -0.0021068821
smoothSolver:  Solving for omega, Initial residual = 0.00047533798, Final residual = 4.0671316e-06, No Iterations 2
smoothSolver:  Solving for k, Initial residual = 0.0021218424, Final residual = 2.3498052e-05, No Iterations 2
ExecutionTime = 588.7872 s  ClockTime = 589 s

Time = 406s

smoothSolver:  Solving for Ux, Initial residual = 0.00091277331, Final residual = 1.3531482e-05, No Iterations 3
smoothSolver:  Solving for Uy, Initial residual = 0.0089942483, Final residual = 0.0001360697, No Iterations 3
smoothSolver:  Solving for Uz, Initial residual = 0.0071629535, Final residual = 0.00010681434, No Iterations 3
GAMG:  Solving for p, Initial residual = 0.0094486082, Final residual = 5.4299825e-05, No Iterations 3
GAMG:  Solving for p, Initial residual = 0.00020512488, Final residual = 1.823224e-06, No Iterations 4
time step continuity errors : sum local = 1.9745388e-05, global = -4.1898511e-07, cumulative = -0.0021073011
smoothSolver:  Solving for omega, Initial residual = 0.00047951656, Final residual = 4.2323897e-06, No Iterations 2
smoothSolver:  Solving for k, Initial residual = 0.0021170573, Final residual = 2.3446454e-05, No Iterations 2
ExecutionTime = 590.12999 s  ClockTime = 590 s

Time = 407s

smoothSolver:  Solving for Ux, Initial residual = 0.00091173506, Final residual = 1.3456167e-05, No Iterations 3
smoothSolver:  Solving for Uy, Initial residual = 0.008936961, Final residual = 0.00013488068, No Iterations 3
smoothSolver:  Solving for Uz, Initial residual = 0.0071596186, Final residual = 0.00010617788, No Iterations 3
GAMG:  Solving for p, Initial residual = 0.0094770775, Final residual = 5.3736922e-05, No Iterations 3
GAMG:  Solving for p, Initial residual = 0.00020464123, Final residual = 1.7890737e-06, No Iterations 4
time step continuity errors : sum local = 1.9381828e-05, global = -5.8641868e-07, cumulative = -0.0021078875
smoothSolver:  Solving for omega, Initial residual = 0.00047995236, Final residual = 4.0691227e-06, No Iterations 2
smoothSolver:  Solving for k, Initial residual = 0.0021166462, Final residual = 2.3435685e-05, No Iterations 2
ExecutionTime = 591.49763 s  ClockTime = 592 s

Time = 408s

smoothSolver:  Solving for Ux, Initial residual = 0.0009106026, Final residual = 1.3380284e-05, No Iterations 3
smoothSolver:  Solving for Uy, Initial residual = 0.0088822321, Final residual = 0.0001336695, No Iterations 3
smoothSolver:  Solving for Uz, Initial residual = 0.0071549188, Final residual = 0.00010555335, No Iterations 3
GAMG:  Solving for p, Initial residual = 0.009480378, Final residual = 5.265222e-05, No Iterations 3
GAMG:  Solving for p, Initial residual = 0.00020209614, Final residual = 1.7195684e-06, No Iterations 4
time step continuity errors : sum local = 1.8630219e-05, global = -3.8480764e-07, cumulative = -0.0021082723
smoothSolver:  Solving for omega, Initial residual = 0.00048696359, Final residual = 4.3087468e-06, No Iterations 2
smoothSolver:  Solving for k, Initial residual = 0.0021178684, Final residual = 2.3408347e-05, No Iterations 2
ExecutionTime = 592.82302 s  ClockTime = 593 s

Time = 409s

smoothSolver:  Solving for Ux, Initial residual = 0.00090933189, Final residual = 1.3303313e-05, No Iterations 3
smoothSolver:  Solving for Uy, Initial residual = 0.0088251368, Final residual = 0.0001325044, No Iterations 3
smoothSolver:  Solving for Uz, Initial residual = 0.0071520922, Final residual = 0.00010495094, No Iterations 3
GAMG:  Solving for p, Initial residual = 0.0094878368, Final residual = 5.1954164e-05, No Iterations 3
GAMG:  Solving for p, Initial residual = 0.00020074625, Final residual = 1.6816981e-06, No Iterations 4
time step continuity errors : sum local = 1.8224207e-05, global = -3.9168894e-07, cumulative = -0.002108664
smoothSolver:  Solving for omega, Initial residual = 0.00047908086, Final residual = 4.1295175e-06, No Iterations 2
smoothSolver:  Solving for k, Initial residual = 0.0021179496, Final residual = 2.3366754e-05, No Iterations 2
ExecutionTime = 594.60594 s  ClockTime = 595 s

Time = 410s

smoothSolver:  Solving for Ux, Initial residual = 0.00090803251, Final residual = 1.3225894e-05, No Iterations 3
smoothSolver:  Solving for Uy, Initial residual = 0.0087695404, Final residual = 0.00013136449, No Iterations 3
smoothSolver:  Solving for Uz, Initial residual = 0.0071438912, Final residual = 0.00010437021, No Iterations 3
GAMG:  Solving for p, Initial residual = 0.0094715853, Final residual = 5.0932448e-05, No Iterations 3
GAMG:  Solving for p, Initial residual = 0.00019821853, Final residual = 1.5703729e-06, No Iterations 4
time step continuity errors : sum local = 1.7015448e-05, global = -4.3054482e-07, cumulative = -0.0021090945
smoothSolver:  Solving for omega, Initial residual = 0.00048038167, Final residual = 4.2111398e-06, No Iterations 2
smoothSolver:  Solving for k, Initial residual = 0.0021199902, Final residual = 2.3380244e-05, No Iterations 2
ExecutionTime = 596.26038 s  ClockTime = 596 s

Time = 411s

smoothSolver:  Solving for Ux, Initial residual = 0.00090653414, Final residual = 1.3147857e-05, No Iterations 3
smoothSolver:  Solving for Uy, Initial residual = 0.0087158946, Final residual = 0.00013033327, No Iterations 3
smoothSolver:  Solving for Uz, Initial residual = 0.0071394069, Final residual = 0.00010379231, No Iterations 3
GAMG:  Solving for p, Initial residual = 0.0094652422, Final residual = 5.048269e-05, No Iterations 3
GAMG:  Solving for p, Initial residual = 0.00019792997, Final residual = 1.5240235e-06, No Iterations 4
time step continuity errors : sum local = 1.6513341e-05, global = -4.3692889e-07, cumulative = -0.0021095315
smoothSolver:  Solving for omega, Initial residual = 0.00048012391, Final residual = 4.0572242e-06, No Iterations 2
smoothSolver:  Solving for k, Initial residual = 0.0021160477, Final residual = 2.3291779e-05, No Iterations 2
ExecutionTime = 597.7876 s  ClockTime = 598 s

Time = 412s

smoothSolver:  Solving for Ux, Initial residual = 0.00090445975, Final residual = 1.3069234e-05, No Iterations 3
smoothSolver:  Solving for Uy, Initial residual = 0.0086657792, Final residual = 0.00012956707, No Iterations 3
smoothSolver:  Solving for Uz, Initial residual = 0.0071318683, Final residual = 0.00010314885, No Iterations 3
GAMG:  Solving for p, Initial residual = 0.0094590726, Final residual = 5.0063836e-05, No Iterations 3
GAMG:  Solving for p, Initial residual = 0.00019572039, Final residual = 1.4787564e-06, No Iterations 4
time step continuity errors : sum local = 1.6015339e-05, global = -4.3210999e-07, cumulative = -0.0021099636
smoothSolver:  Solving for omega, Initial residual = 0.00048604179, Final residual = 4.2894638e-06, No Iterations 2
smoothSolver:  Solving for k, Initial residual = 0.0021142891, Final residual = 2.3270347e-05, No Iterations 2
bounding k, min: 2.0000835e-16 max: 0.35555394 average: 0.060595972
ExecutionTime = 599.23532 s  ClockTime = 599 s

Time = 413s

smoothSolver:  Solving for Ux, Initial residual = 0.00090219158, Final residual = 1.2989537e-05, No Iterations 3
smoothSolver:  Solving for Uy, Initial residual = 0.008619189, Final residual = 0.00012892594, No Iterations 3
smoothSolver:  Solving for Uz, Initial residual = 0.0071198017, Final residual = 0.00010266803, No Iterations 3
GAMG:  Solving for p, Initial residual = 0.0094638759, Final residual = 5.0041109e-05, No Iterations 3
GAMG:  Solving for p, Initial residual = 0.00019457855, Final residual = 1.4651247e-06, No Iterations 4
time step continuity errors : sum local = 1.5861604e-05, global = -4.9819458e-07, cumulative = -0.0021104618
smoothSolver:  Solving for omega, Initial residual = 0.00047628289, Final residual = 4.0378901e-06, No Iterations 2
smoothSolver:  Solving for k, Initial residual = 0.0021120857, Final residual = 2.3255859e-05, No Iterations 2
bounding k, min: 1.6631663e-16 max: 0.35341312 average: 0.060578415
ExecutionTime = 600.59572 s  ClockTime = 601 s

Time = 414s

smoothSolver:  Solving for Ux, Initial residual = 0.00089936226, Final residual = 1.2909459e-05, No Iterations 3
smoothSolver:  Solving for Uy, Initial residual = 0.0085850368, Final residual = 0.0001284846, No Iterations 3
smoothSolver:  Solving for Uz, Initial residual = 0.007110726, Final residual = 0.00010222934, No Iterations 3
GAMG:  Solving for p, Initial residual = 0.0094732175, Final residual = 5.0088204e-05, No Iterations 3
GAMG:  Solving for p, Initial residual = 0.00019207669, Final residual = 1.4502473e-06, No Iterations 4
time step continuity errors : sum local = 1.5693913e-05, global = -4.3402703e-07, cumulative = -0.0021108958
smoothSolver:  Solving for omega, Initial residual = 0.00047926752, Final residual = 4.2168173e-06, No Iterations 2
smoothSolver:  Solving for k, Initial residual = 0.0021101557, Final residual = 2.3204244e-05, No Iterations 2
bounding k, min: 1.5029766e-16 max: 0.35122312 average: 0.060561473
ExecutionTime = 601.95745 s  ClockTime = 602 s

Time = 415s

smoothSolver:  Solving for Ux, Initial residual = 0.00089634905, Final residual = 1.2830094e-05, No Iterations 3
smoothSolver:  Solving for Uy, Initial residual = 0.0085594066, Final residual = 0.00012819908, No Iterations 3
smoothSolver:  Solving for Uz, Initial residual = 0.0070991611, Final residual = 0.0001018122, No Iterations 3
GAMG:  Solving for p, Initial residual = 0.0094916841, Final residual = 5.0706097e-05, No Iterations 3
GAMG:  Solving for p, Initial residual = 0.0001912441, Final residual = 1.4837682e-06, No Iterations 4
time step continuity errors : sum local = 1.6051046e-05, global = -3.215163e-07, cumulative = -0.0021112173
smoothSolver:  Solving for omega, Initial residual = 0.00048194157, Final residual = 4.0972079e-06, No Iterations 2
smoothSolver:  Solving for k, Initial residual = 0.0021066513, Final residual = 2.3160166e-05, No Iterations 2
bounding k, min: 1.3847011e-16 max: 0.34902158 average: 0.060545173
ExecutionTime = 603.30991 s  ClockTime = 603 s

Time = 416s

smoothSolver:  Solving for Ux, Initial residual = 0.00089323279, Final residual = 1.2752744e-05, No Iterations 3
smoothSolver:  Solving for Uy, Initial residual = 0.0085409227, Final residual = 0.00012798138, No Iterations 3
smoothSolver:  Solving for Uz, Initial residual = 0.0070861385, Final residual = 0.00010145532, No Iterations 3
GAMG:  Solving for p, Initial residual = 0.0094726825, Final residual = 5.1494796e-05, No Iterations 3
GAMG:  Solving for p, Initial residual = 0.00018994024, Final residual = 1.4943685e-06, No Iterations 4
time step continuity errors : sum local = 1.6161859e-05, global = 2.1085029e-08, cumulative = -0.0021111962
smoothSolver:  Solving for omega, Initial residual = 0.00048442607, Final residual = 4.2367633e-06, No Iterations 2
smoothSolver:  Solving for k, Initial residual = 0.0021027033, Final residual = 2.3143433e-05, No Iterations 2
bounding k, min: 1.3008136e-16 max: 0.34678279 average: 0.060529575
ExecutionTime = 604.51465 s  ClockTime = 605 s

Time = 417s

smoothSolver:  Solving for Ux, Initial residual = 0.00089028455, Final residual = 1.2679687e-05, No Iterations 3
smoothSolver:  Solving for Uy, Initial residual = 0.0085266249, Final residual = 0.00012783423, No Iterations 3
smoothSolver:  Solving for Uz, Initial residual = 0.0070740236, Final residual = 0.00010121639, No Iterations 3
GAMG:  Solving for p, Initial residual = 0.0094576579, Final residual = 5.2530792e-05, No Iterations 3
GAMG:  Solving for p, Initial residual = 0.00018975299, Final residual = 1.5459408e-06, No Iterations 4
time step continuity errors : sum local = 1.6720603e-05, global = 3.7142416e-07, cumulative = -0.0021108248
smoothSolver:  Solving for omega, Initial residual = 0.00047448734, Final residual = 4.0184268e-06, No Iterations 2
smoothSolver:  Solving for k, Initial residual = 0.0021004437, Final residual = 2.3104882e-05, No Iterations 2
bounding k, min: 1.2465614e-16 max: 0.34453447 average: 0.060514421
ExecutionTime = 605.95928 s  ClockTime = 606 s

Time = 418s

smoothSolver:  Solving for Ux, Initial residual = 0.00088741532, Final residual = 1.2609406e-05, No Iterations 3
smoothSolver:  Solving for Uy, Initial residual = 0.0085156339, Final residual = 0.00012767171, No Iterations 3
smoothSolver:  Solving for Uz, Initial residual = 0.0070672221, Final residual = 0.00010097997, No Iterations 3
GAMG:  Solving for p, Initial residual = 0.0094370808, Final residual = 5.3394621e-05, No Iterations 3
GAMG:  Solving for p, Initial residual = 0.00018858139, Final residual = 1.5458616e-06, No Iterations 4
time step continuity errors : sum local = 1.6721787e-05, global = 8.647406e-07, cumulative = -0.0021099601
smoothSolver:  Solving for omega, Initial residual = 0.00047933596, Final residual = 4.2172353e-06, No Iterations 2
smoothSolver:  Solving for k, Initial residual = 0.0020940956, Final residual = 2.3011006e-05, No Iterations 2
bounding k, min: 1.2157011e-16 max: 0.34225433 average: 0.060500249
ExecutionTime = 607.34902 s  ClockTime = 607 s

Time = 419s

smoothSolver:  Solving for Ux, Initial residual = 0.00088480276, Final residual = 1.2543834e-05, No Iterations 3
smoothSolver:  Solving for Uy, Initial residual = 0.0084994917, Final residual = 0.00012746346, No Iterations 3
smoothSolver:  Solving for Uz, Initial residual = 0.0070572433, Final residual = 0.00010076038, No Iterations 3
GAMG:  Solving for p, Initial residual = 0.0093810146, Final residual = 5.4245176e-05, No Iterations 3
GAMG:  Solving for p, Initial residual = 0.00018813512, Final residual = 1.6014119e-06, No Iterations 4
time step continuity errors : sum local = 1.732584e-05, global = 9.4275677e-07, cumulative = -0.0021090173
smoothSolver:  Solving for omega, Initial residual = 0.00047749048, Final residual = 3.9973067e-06, No Iterations 2
smoothSolver:  Solving for k, Initial residual = 0.002084679, Final residual = 2.2888762e-05, No Iterations 2
bounding k, min: 1.1854494e-16 max: 0.34097586 average: 0.060486732
ExecutionTime = 608.65628 s  ClockTime = 609 s

Time = 420s

smoothSolver:  Solving for Ux, Initial residual = 0.00088234912, Final residual = 1.2481586e-05, No Iterations 3
smoothSolver:  Solving for Uy, Initial residual = 0.0084749386, Final residual = 0.00012715698, No Iterations 3
smoothSolver:  Solving for Uz, Initial residual = 0.0070488896, Final residual = 0.00010056227, No Iterations 3
GAMG:  Solving for p, Initial residual = 0.009294004, Final residual = 5.4645635e-05, No Iterations 3
GAMG:  Solving for p, Initial residual = 0.00018777522, Final residual = 1.6380374e-06, No Iterations 4
time step continuity errors : sum local = 1.7723439e-05, global = 1.1346412e-06, cumulative = -0.0021078827
smoothSolver:  Solving for omega, Initial residual = 0.00048098252, Final residual = 4.2545905e-06, No Iterations 2
smoothSolver:  Solving for k, Initial residual = 0.0020774419, Final residual = 2.2853448e-05, No Iterations 2
bounding k, min: 1.1118881e-16 max: 0.33989308 average: 0.060473826
ExecutionTime = 609.90509 s  ClockTime = 610 s

Time = 421s

smoothSolver:  Solving for Ux, Initial residual = 0.00088021311, Final residual = 1.2422286e-05, No Iterations 3
smoothSolver:  Solving for Uy, Initial residual = 0.0084459761, Final residual = 0.0001268021, No Iterations 3
smoothSolver:  Solving for Uz, Initial residual = 0.0070465691, Final residual = 0.00010038942, No Iterations 3
GAMG:  Solving for p, Initial residual = 0.0092063498, Final residual = 5.4608099e-05, No Iterations 3
GAMG:  Solving for p, Initial residual = 0.0001879141, Final residual = 1.6644087e-06, No Iterations 4
time step continuity errors : sum local = 1.8014061e-05, global = 1.153948e-06, cumulative = -0.0021067287
smoothSolver:  Solving for omega, Initial residual = 0.00047318056, Final residual = 4.0741814e-06, No Iterations 2
smoothSolver:  Solving for k, Initial residual = 0.0020714994, Final residual = 2.2786621e-05, No Iterations 2
bounding k, min: 1.0755007e-16 max: 0.33883591 average: 0.060461591
ExecutionTime = 611.27539 s  ClockTime = 611 s

Time = 422s

smoothSolver:  Solving for Ux, Initial residual = 0.00087804515, Final residual = 1.2363692e-05, No Iterations 3
smoothSolver:  Solving for Uy, Initial residual = 0.008413249, Final residual = 0.00012644899, No Iterations 3
smoothSolver:  Solving for Uz, Initial residual = 0.0070465986, Final residual = 0.00010013957, No Iterations 3
GAMG:  Solving for p, Initial residual = 0.0091232225, Final residual = 5.4091483e-05, No Iterations 3
GAMG:  Solving for p, Initial residual = 0.00018709784, Final residual = 1.6573249e-06, No Iterations 4
time step continuity errors : sum local = 1.7940891e-05, global = 1.1558796e-06, cumulative = -0.0021055728
smoothSolver:  Solving for omega, Initial residual = 0.00047463232, Final residual = 4.177348e-06, No Iterations 2
smoothSolver:  Solving for k, Initial residual = 0.0020667536, Final residual = 2.2740496e-05, No Iterations 2
bounding k, min: 1.0344093e-16 max: 0.33778142 average: 0.060449826
ExecutionTime = 612.51385 s  ClockTime = 613 s

Time = 423s

smoothSolver:  Solving for Ux, Initial residual = 0.00087568567, Final residual = 1.2307532e-05, No Iterations 3
smoothSolver:  Solving for Uy, Initial residual = 0.0083758082, Final residual = 0.00012600833, No Iterations 3
smoothSolver:  Solving for Uz, Initial residual = 0.0070401019, Final residual = 9.9794493e-05, No Iterations 3
GAMG:  Solving for p, Initial residual = 0.0090595743, Final residual = 5.3387318e-05, No Iterations 3
GAMG:  Solving for p, Initial residual = 0.00018605352, Final residual = 1.6254539e-06, No Iterations 4
time step continuity errors : sum local = 1.760052e-05, global = 1.2784026e-06, cumulative = -0.0021042944
smoothSolver:  Solving for omega, Initial residual = 0.00047304318, Final residual = 3.9910998e-06, No Iterations 2
smoothSolver:  Solving for k, Initial residual = 0.0020565149, Final residual = 2.2591019e-05, No Iterations 2
bounding k, min: 1.0057941e-16 max: 0.33674603 average: 0.060438696
ExecutionTime = 613.79233 s  ClockTime = 614 s

Time = 424s

smoothSolver:  Solving for Ux, Initial residual = 0.00087333738, Final residual = 1.22536e-05, No Iterations 3
smoothSolver:  Solving for Uy, Initial residual = 0.0083374422, Final residual = 0.00012550496, No Iterations 3
smoothSolver:  Solving for Uz, Initial residual = 0.0070247734, Final residual = 9.9445616e-05, No Iterations 3
GAMG:  Solving for p, Initial residual = 0.0090286726, Final residual = 5.264407e-05, No Iterations 3
GAMG:  Solving for p, Initial residual = 0.00018421477, Final residual = 1.5641895e-06, No Iterations 4
time step continuity errors : sum local = 1.6936565e-05, global = 1.2363676e-06, cumulative = -0.0021030581
smoothSolver:  Solving for omega, Initial residual = 0.00047879702, Final residual = 4.2419302e-06, No Iterations 2
smoothSolver:  Solving for k, Initial residual = 0.0020492267, Final residual = 2.2543349e-05, No Iterations 2
bounding k, min: 9.8605174e-17 max: 0.33570671 average: 0.060428114
ExecutionTime = 615.0241 s  ClockTime = 615 s

Time = 425s

smoothSolver:  Solving for Ux, Initial residual = 0.00087086751, Final residual = 1.2201064e-05, No Iterations 3
smoothSolver:  Solving for Uy, Initial residual = 0.0082983437, Final residual = 0.00012487402, No Iterations 3
smoothSolver:  Solving for Uz, Initial residual = 0.007006043, Final residual = 9.9086857e-05, No Iterations 3
GAMG:  Solving for p, Initial residual = 0.0089812166, Final residual = 5.1878837e-05, No Iterations 3
GAMG:  Solving for p, Initial residual = 0.00018259603, Final residual = 1.5460327e-06, No Iterations 4
time step continuity errors : sum local = 1.6741059e-05, global = 1.0415234e-06, cumulative = -0.0021020165
smoothSolver:  Solving for omega, Initial residual = 0.00046998147, Final residual = 4.0593638e-06, No Iterations 2
smoothSolver:  Solving for k, Initial residual = 0.0020431154, Final residual = 2.2442693e-05, No Iterations 2
bounding k, min: 9.7305951e-17 max: 0.33467053 average: 0.060418221
ExecutionTime = 616.29648 s  ClockTime = 616 s

Time = 426s

smoothSolver:  Solving for Ux, Initial residual = 0.00086844608, Final residual = 1.2150533e-05, No Iterations 3
smoothSolver:  Solving for Uy, Initial residual = 0.008256048, Final residual = 0.00012415255, No Iterations 3
smoothSolver:  Solving for Uz, Initial residual = 0.0069856736, Final residual = 9.8647433e-05, No Iterations 3
GAMG:  Solving for p, Initial residual = 0.0089565694, Final residual = 5.1359148e-05, No Iterations 3
GAMG:  Solving for p, Initial residual = 0.00018043113, Final residual = 1.4755608e-06, No Iterations 4
time step continuity errors : sum local = 1.5976402e-05, global = 9.5888364e-07, cumulative = -0.0021010577
smoothSolver:  Solving for omega, Initial residual = 0.00047306746, Final residual = 4.2175542e-06, No Iterations 2
smoothSolver:  Solving for k, Initial residual = 0.0020335411, Final residual = 2.2320597e-05, No Iterations 2
bounding k, min: 9.6429867e-17 max: 0.33361182 average: 0.060409149
ExecutionTime = 617.53802 s  ClockTime = 618 s

Time = 427s

smoothSolver:  Solving for Ux, Initial residual = 0.0008661505, Final residual = 1.2102383e-05, No Iterations 3
smoothSolver:  Solving for Uy, Initial residual = 0.0082135324, Final residual = 0.00012334603, No Iterations 3
smoothSolver:  Solving for Uz, Initial residual = 0.0069629701, Final residual = 9.8284898e-05, No Iterations 3
GAMG:  Solving for p, Initial residual = 0.0089203, Final residual = 5.0734202e-05, No Iterations 3
GAMG:  Solving for p, Initial residual = 0.00017776734, Final residual = 1.4835831e-06, No Iterations 4
time step continuity errors : sum local = 1.6060229e-05, global = 7.7169285e-07, cumulative = -0.002100286
smoothSolver:  Solving for omega, Initial residual = 0.00047365454, Final residual = 4.0808769e-06, No Iterations 2
smoothSolver:  Solving for k, Initial residual = 0.0020241146, Final residual = 2.2212961e-05, No Iterations 2
bounding k, min: 9.5902099e-17 max: 0.33254252 average: 0.060400537
ExecutionTime = 618.82778 s  ClockTime = 619 s

Time = 428s

smoothSolver:  Solving for Ux, Initial residual = 0.00086389192, Final residual = 1.2055133e-05, No Iterations 3
smoothSolver:  Solving for Uy, Initial residual = 0.0081686826, Final residual = 0.00012247397, No Iterations 3
smoothSolver:  Solving for Uz, Initial residual = 0.0069435654, Final residual = 9.7945621e-05, No Iterations 3
GAMG:  Solving for p, Initial residual = 0.0088852448, Final residual = 5.0368895e-05, No Iterations 3
GAMG:  Solving for p, Initial residual = 0.00017521529, Final residual = 1.4648224e-06, No Iterations 4
time step continuity errors : sum local = 1.5852644e-05, global = 5.2295951e-07, cumulative = -0.002099763
smoothSolver:  Solving for omega, Initial residual = 0.00047621859, Final residual = 4.2012941e-06, No Iterations 2
smoothSolver:  Solving for k, Initial residual = 0.0020180552, Final residual = 2.2153144e-05, No Iterations 2
bounding k, min: 9.5640701e-17 max: 0.33145189 average: 0.060392423
ExecutionTime = 620.10923 s  ClockTime = 620 s

Time = 429s

smoothSolver:  Solving for Ux, Initial residual = 0.00086174136, Final residual = 1.2009883e-05, No Iterations 3
smoothSolver:  Solving for Uy, Initial residual = 0.0081250905, Final residual = 0.00012154146, No Iterations 3
smoothSolver:  Solving for Uz, Initial residual = 0.0069254882, Final residual = 9.7621137e-05, No Iterations 3
GAMG:  Solving for p, Initial residual = 0.0088556636, Final residual = 5.0089066e-05, No Iterations 3
GAMG:  Solving for p, Initial residual = 0.00017322366, Final residual = 1.4557668e-06, No Iterations 4
time step continuity errors : sum local = 1.5748959e-05, global = 3.9135112e-07, cumulative = -0.0020993717
smoothSolver:  Solving for omega, Initial residual = 0.00046588722, Final residual = 3.9851535e-06, No Iterations 2
smoothSolver:  Solving for k, Initial residual = 0.0020155094, Final residual = 2.2119188e-05, No Iterations 2
bounding k, min: 9.5610394e-17 max: 0.33034861 average: 0.060384271
ExecutionTime = 621.37078 s  ClockTime = 622 s

Time = 430s

smoothSolver:  Solving for Ux, Initial residual = 0.00085981059, Final residual = 1.1966182e-05, No Iterations 3
smoothSolver:  Solving for Uy, Initial residual = 0.0080808073, Final residual = 0.0001204881, No Iterations 3
smoothSolver:  Solving for Uz, Initial residual = 0.0069112583, Final residual = 9.7337162e-05, No Iterations 3
GAMG:  Solving for p, Initial residual = 0.0087967055, Final residual = 5.0112491e-05, No Iterations 3
GAMG:  Solving for p, Initial residual = 0.00017189629, Final residual = 1.478129e-06, No Iterations 4
time step continuity errors : sum local = 1.5984023e-05, global = 1.4656063e-07, cumulative = -0.0020992251
smoothSolver:  Solving for omega, Initial residual = 0.00047070464, Final residual = 4.1948878e-06, No Iterations 2
smoothSolver:  Solving for k, Initial residual = 0.0020055213, Final residual = 2.1910279e-05, No Iterations 2
bounding k, min: 9.4535932e-17 max: 0.3292019 average: 0.060377121
ExecutionTime = 622.85306 s  ClockTime = 623 s

Time = 431s

smoothSolver:  Solving for Ux, Initial residual = 0.00085792619, Final residual = 1.1924598e-05, No Iterations 3
smoothSolver:  Solving for Uy, Initial residual = 0.0080340284, Final residual = 0.00011948015, No Iterations 3
smoothSolver:  Solving for Uz, Initial residual = 0.0068983972, Final residual = 9.713984e-05, No Iterations 3
GAMG:  Solving for p, Initial residual = 0.0087212836, Final residual = 4.9791363e-05, No Iterations 3
GAMG:  Solving for p, Initial residual = 0.00016993309, Final residual = 1.4963183e-06, No Iterations 4
time step continuity errors : sum local = 1.6176497e-05, global = -6.077899e-08, cumulative = -0.0020992859
smoothSolver:  Solving for omega, Initial residual = 0.00047108093, Final residual = 4.0405987e-06, No Iterations 2
smoothSolver:  Solving for k, Initial residual = 0.001997659, Final residual = 2.1847258e-05, No Iterations 2
bounding k, min: 9.3626785e-17 max: 0.32803538 average: 0.060369914
ExecutionTime = 624.24629 s  ClockTime = 624 s

Time = 432s

smoothSolver:  Solving for Ux, Initial residual = 0.000856259, Final residual = 1.1885464e-05, No Iterations 3
smoothSolver:  Solving for Uy, Initial residual = 0.0079891436, Final residual = 0.00011849757, No Iterations 3
smoothSolver:  Solving for Uz, Initial residual = 0.0068925461, Final residual = 9.6958492e-05, No Iterations 3
GAMG:  Solving for p, Initial residual = 0.0086451828, Final residual = 4.9612068e-05, No Iterations 3
GAMG:  Solving for p, Initial residual = 0.00016883406, Final residual = 1.5062922e-06, No Iterations 4
time step continuity errors : sum local = 1.6278817e-05, global = -2.6703229e-07, cumulative = -0.0020995529
smoothSolver:  Solving for omega, Initial residual = 0.00047430533, Final residual = 4.1750893e-06, No Iterations 2
smoothSolver:  Solving for k, Initial residual = 0.0019954514, Final residual = 2.1799774e-05, No Iterations 2
bounding k, min: 9.291833e-17 max: 0.32683206 average: 0.060362753
ExecutionTime = 625.5205 s  ClockTime = 626 s

Time = 433s

smoothSolver:  Solving for Ux, Initial residual = 0.00085460265, Final residual = 1.1849504e-05, No Iterations 3
smoothSolver:  Solving for Uy, Initial residual = 0.0079511588, Final residual = 0.00011759581, No Iterations 3
smoothSolver:  Solving for Uz, Initial residual = 0.0068974437, Final residual = 9.686586e-05, No Iterations 3
GAMG:  Solving for p, Initial residual = 0.0085704974, Final residual = 4.9233405e-05, No Iterations 3
GAMG:  Solving for p, Initial residual = 0.0001674852, Final residual = 1.5393679e-06, No Iterations 4
time step continuity errors : sum local = 1.6631978e-05, global = -6.215646e-07, cumulative = -0.0021001745
smoothSolver:  Solving for omega, Initial residual = 0.0004675352, Final residual = 4.0512677e-06, No Iterations 2
smoothSolver:  Solving for k, Initial residual = 0.0019866098, Final residual = 2.1616871e-05, No Iterations 2
bounding k, min: 9.2361097e-17 max: 0.32559857 average: 0.060355885
ExecutionTime = 626.81849 s  ClockTime = 627 s

Time = 434s

smoothSolver:  Solving for Ux, Initial residual = 0.00085294021, Final residual = 1.1816656e-05, No Iterations 3
smoothSolver:  Solving for Uy, Initial residual = 0.007912474, Final residual = 0.00011678117, No Iterations 3
smoothSolver:  Solving for Uz, Initial residual = 0.0068965966, Final residual = 9.682234e-05, No Iterations 3
GAMG:  Solving for p, Initial residual = 0.0085004402, Final residual = 4.8958557e-05, No Iterations 3
GAMG:  Solving for p, Initial residual = 0.00016681272, Final residual = 1.5526955e-06, No Iterations 4
time step continuity errors : sum local = 1.6767859e-05, global = -9.7047246e-07, cumulative = -0.0021011449
smoothSolver:  Solving for omega, Initial residual = 0.00046967399, Final residual = 4.1812727e-06, No Iterations 2
smoothSolver:  Solving for k, Initial residual = 0.0019749542, Final residual = 2.1434932e-05, No Iterations 2
bounding k, min: 9.1941654e-17 max: 0.32436112 average: 0.060349319
ExecutionTime = 628.51866 s  ClockTime = 629 s

Time = 435s

smoothSolver:  Solving for Ux, Initial residual = 0.00085117521, Final residual = 1.1785292e-05, No Iterations 3
smoothSolver:  Solving for Uy, Initial residual = 0.0078785033, Final residual = 0.00011606966, No Iterations 3
smoothSolver:  Solving for Uz, Initial residual = 0.0069032902, Final residual = 9.6862492e-05, No Iterations 3
GAMG:  Solving for p, Initial residual = 0.0084536545, Final residual = 4.8423335e-05, No Iterations 3
GAMG:  Solving for p, Initial residual = 0.00016580793, Final residual = 1.5710903e-06, No Iterations 4
time step continuity errors : sum local = 1.6962454e-05, global = -1.2547615e-06, cumulative = -0.0021023997
smoothSolver:  Solving for omega, Initial residual = 0.00046757432, Final residual = 3.9989119e-06, No Iterations 2
smoothSolver:  Solving for k, Initial residual = 0.0019653915, Final residual = 2.1310893e-05, No Iterations 2
bounding k, min: 9.176944e-17 max: 0.32307732 average: 0.060342253
ExecutionTime = 630.30057 s  ClockTime = 630 s

Time = 436s

smoothSolver:  Solving for Ux, Initial residual = 0.00084912203, Final residual = 1.1753626e-05, No Iterations 3
smoothSolver:  Solving for Uy, Initial residual = 0.0078475531, Final residual = 0.0001154709, No Iterations 3
smoothSolver:  Solving for Uz, Initial residual = 0.0069129948, Final residual = 9.6959285e-05, No Iterations 3
GAMG:  Solving for p, Initial residual = 0.0083983053, Final residual = 4.8241549e-05, No Iterations 3
GAMG:  Solving for p, Initial residual = 0.0001655197, Final residual = 1.5618177e-06, No Iterations 4
time step continuity errors : sum local = 1.6858777e-05, global = -1.6275583e-06, cumulative = -0.0021040273
smoothSolver:  Solving for omega, Initial residual = 0.0004731354, Final residual = 4.2308644e-06, No Iterations 2
smoothSolver:  Solving for k, Initial residual = 0.0019577143, Final residual = 2.1168843e-05, No Iterations 2
bounding k, min: 9.1725748e-17 max: 0.32177638 average: 0.060335258
ExecutionTime = 631.841 s  ClockTime = 632 s

Time = 437s

smoothSolver:  Solving for Ux, Initial residual = 0.00084700811, Final residual = 1.1723915e-05, No Iterations 3
smoothSolver:  Solving for Uy, Initial residual = 0.0078202447, Final residual = 0.0001149756, No Iterations 3
smoothSolver:  Solving for Uz, Initial residual = 0.0069258415, Final residual = 9.7111269e-05, No Iterations 3
GAMG:  Solving for p, Initial residual = 0.0083489509, Final residual = 4.7895014e-05, No Iterations 3
GAMG:  Solving for p, Initial residual = 0.00016469491, Final residual = 1.522691e-06, No Iterations 4
time step continuity errors : sum local = 1.6432619e-05, global = -2.1893101e-06, cumulative = -0.0021062166
smoothSolver:  Solving for omega, Initial residual = 0.00046625099, Final residual = 4.0563915e-06, No Iterations 2
smoothSolver:  Solving for k, Initial residual = 0.0019526131, Final residual = 2.1094218e-05, No Iterations 2
bounding k, min: 9.1755654e-17 max: 0.32046026 average: 0.060328076
ExecutionTime = 633.10976 s  ClockTime = 633 s

Time = 438s

smoothSolver:  Solving for Ux, Initial residual = 0.00084469892, Final residual = 1.1695119e-05, No Iterations 3
smoothSolver:  Solving for Uy, Initial residual = 0.0077962678, Final residual = 0.00011457532, No Iterations 3
smoothSolver:  Solving for Uz, Initial residual = 0.0069394518, Final residual = 9.7305605e-05, No Iterations 3
GAMG:  Solving for p, Initial residual = 0.0083021445, Final residual = 4.7753081e-05, No Iterations 3
GAMG:  Solving for p, Initial residual = 0.00016449943, Final residual = 1.4938842e-06, No Iterations 4
time step continuity errors : sum local = 1.6120482e-05, global = -2.3056183e-06, cumulative = -0.0021085222
smoothSolver:  Solving for omega, Initial residual = 0.00046964143, Final residual = 4.1986996e-06, No Iterations 2
smoothSolver:  Solving for k, Initial residual = 0.0019467447, Final residual = 2.0966072e-05, No Iterations 2
bounding k, min: 9.1730067e-17 max: 0.31914676 average: 0.060320524
ExecutionTime = 634.27403 s  ClockTime = 634 s

Time = 439s

smoothSolver:  Solving for Ux, Initial residual = 0.00084256539, Final residual = 1.1669883e-05, No Iterations 3
smoothSolver:  Solving for Uy, Initial residual = 0.0077763818, Final residual = 0.00011425158, No Iterations 3
smoothSolver:  Solving for Uz, Initial residual = 0.0069530121, Final residual = 9.7514323e-05, No Iterations 3
GAMG:  Solving for p, Initial residual = 0.0082745473, Final residual = 4.7381648e-05, No Iterations 3
GAMG:  Solving for p, Initial residual = 0.00016336495, Final residual = 1.4464788e-06, No Iterations 4
time step continuity errors : sum local = 1.5607702e-05, global = -2.6809483e-06, cumulative = -0.0021112031
smoothSolver:  Solving for omega, Initial residual = 0.00046885137, Final residual = 3.9993945e-06, No Iterations 2
smoothSolver:  Solving for k, Initial residual = 0.0019391274, Final residual = 2.0808239e-05, No Iterations 2
bounding k, min: 9.1395617e-17 max: 0.31783572 average: 0.060312915
ExecutionTime = 635.51012 s  ClockTime = 636 s

Time = 440s

smoothSolver:  Solving for Ux, Initial residual = 0.00084028679, Final residual = 1.1646545e-05, No Iterations 3
smoothSolver:  Solving for Uy, Initial residual = 0.0077595014, Final residual = 0.00011398047, No Iterations 3
smoothSolver:  Solving for Uz, Initial residual = 0.0069615794, Final residual = 9.7686991e-05, No Iterations 3
GAMG:  Solving for p, Initial residual = 0.00824782, Final residual = 4.7190475e-05, No Iterations 3
GAMG:  Solving for p, Initial residual = 0.00016272568, Final residual = 1.4252698e-06, No Iterations 4
time step continuity errors : sum local = 1.5375853e-05, global = -3.6244091e-06, cumulative = -0.0021148276
smoothSolver:  Solving for omega, Initial residual = 0.00047210782, Final residual = 4.2175007e-06, No Iterations 2
smoothSolver:  Solving for k, Initial residual = 0.0019340508, Final residual = 2.071648e-05, No Iterations 2
bounding k, min: 9.1237796e-17 max: 0.31653752 average: 0.06030511
ExecutionTime = 636.67799 s  ClockTime = 637 s

Time = 441s

smoothSolver:  Solving for Ux, Initial residual = 0.00083812352, Final residual = 1.1626326e-05, No Iterations 3
smoothSolver:  Solving for Uy, Initial residual = 0.007746977, Final residual = 0.00011380588, No Iterations 3
smoothSolver:  Solving for Uz, Initial residual = 0.0069696031, Final residual = 9.7851538e-05, No Iterations 3
GAMG:  Solving for p, Initial residual = 0.008229313, Final residual = 4.6482017e-05, No Iterations 3
GAMG:  Solving for p, Initial residual = 0.00016088577, Final residual = 1.3640271e-06, No Iterations 4
time step continuity errors : sum local = 1.4712956e-05, global = -3.6361168e-06, cumulative = -0.0021184637
smoothSolver:  Solving for omega, Initial residual = 0.00046425857, Final residual = 4.0466419e-06, No Iterations 2
smoothSolver:  Solving for k, Initial residual = 0.0019282842, Final residual = 2.0559519e-05, No Iterations 2
bounding k, min: 9.1496579e-17 max: 0.31525444 average: 0.060296802
ExecutionTime = 637.85049 s  ClockTime = 638 s

Time = 442s

smoothSolver:  Solving for Ux, Initial residual = 0.00083617678, Final residual = 1.1610778e-05, No Iterations 3
smoothSolver:  Solving for Uy, Initial residual = 0.0077383716, Final residual = 0.00011366565, No Iterations 3
smoothSolver:  Solving for Uz, Initial residual = 0.0069705038, Final residual = 9.7941338e-05, No Iterations 3
GAMG:  Solving for p, Initial residual = 0.008220217, Final residual = 4.5969418e-05, No Iterations 3
GAMG:  Solving for p, Initial residual = 0.00016048674, Final residual = 1.3386639e-06, No Iterations 4
time step continuity errors : sum local = 1.4434563e-05, global = -3.4613837e-06, cumulative = -0.0021219251
smoothSolver:  Solving for omega, Initial residual = 0.00046979921, Final residual = 4.2464548e-06, No Iterations 2
smoothSolver:  Solving for k, Initial residual = 0.0019221112, Final residual = 2.0421809e-05, No Iterations 2
bounding k, min: 9.1589585e-17 max: 0.31399449 average: 0.060288704
ExecutionTime = 639.05627 s  ClockTime = 639 s

Time = 443s

smoothSolver:  Solving for Ux, Initial residual = 0.00083405114, Final residual = 1.1600917e-05, No Iterations 3
smoothSolver:  Solving for Uy, Initial residual = 0.0077341742, Final residual = 0.0001135554, No Iterations 3
smoothSolver:  Solving for Uz, Initial residual = 0.0069697364, Final residual = 9.7996888e-05, No Iterations 3
GAMG:  Solving for p, Initial residual = 0.0082113758, Final residual = 4.5327918e-05, No Iterations 3
GAMG:  Solving for p, Initial residual = 0.00015941327, Final residual = 1.2974715e-06, No Iterations 4
time step continuity errors : sum local = 1.3985487e-05, global = -3.1903809e-06, cumulative = -0.0021251154
smoothSolver:  Solving for omega, Initial residual = 0.00047020359, Final residual = 4.0674237e-06, No Iterations 2
smoothSolver:  Solving for k, Initial residual = 0.0019165303, Final residual = 2.0291868e-05, No Iterations 2
bounding k, min: 9.1481383e-17 max: 0.31275967 average: 0.060280005
ExecutionTime = 640.48311 s  ClockTime = 641 s

Time = 444s

smoothSolver:  Solving for Ux, Initial residual = 0.00083207275, Final residual = 1.1596834e-05, No Iterations 3
smoothSolver:  Solving for Uy, Initial residual = 0.0077308354, Final residual = 0.00011347601, No Iterations 3
smoothSolver:  Solving for Uz, Initial residual = 0.0069676458, Final residual = 9.799138e-05, No Iterations 3
GAMG:  Solving for p, Initial residual = 0.0082188902, Final residual = 4.4782184e-05, No Iterations 3
GAMG:  Solving for p, Initial residual = 0.000158996, Final residual = 1.2313464e-06, No Iterations 4
time step continuity errors : sum local = 1.3267681e-05, global = -2.8194287e-06, cumulative = -0.0021279349
smoothSolver:  Solving for omega, Initial residual = 0.00047305396, Final residual = 4.2175615e-06, No Iterations 2
smoothSolver:  Solving for k, Initial residual = 0.0019139251, Final residual = 2.0204521e-05, No Iterations 2
bounding k, min: 9.128323e-17 max: 0.31156423 average: 0.060271074
ExecutionTime = 641.80607 s  ClockTime = 642 s

Time = 445s

smoothSolver:  Solving for Ux, Initial residual = 0.00083034469, Final residual = 1.1595465e-05, No Iterations 3
smoothSolver:  Solving for Uy, Initial residual = 0.0077292239, Final residual = 0.00011338933, No Iterations 3
smoothSolver:  Solving for Uz, Initial residual = 0.00696656, Final residual = 9.8025797e-05, No Iterations 3
GAMG:  Solving for p, Initial residual = 0.0082278565, Final residual = 4.4281128e-05, No Iterations 3
GAMG:  Solving for p, Initial residual = 0.00015813699, Final residual = 1.1698505e-06, No Iterations 4
time step continuity errors : sum local = 1.2599415e-05, global = -2.4734262e-06, cumulative = -0.0021304083
smoothSolver:  Solving for omega, Initial residual = 0.00046420145, Final residual = 4.0120951e-06, No Iterations 2
smoothSolver:  Solving for k, Initial residual = 0.0019080266, Final residual = 2.0038149e-05, No Iterations 2
bounding k, min: 9.1182808e-17 max: 0.31040567 average: 0.060262014
ExecutionTime = 643.27275 s  ClockTime = 643 s

Time = 446s

smoothSolver:  Solving for Ux, Initial residual = 0.00082846948, Final residual = 1.1594751e-05, No Iterations 3
smoothSolver:  Solving for Uy, Initial residual = 0.0077237622, Final residual = 0.00011321104, No Iterations 3
smoothSolver:  Solving for Uz, Initial residual = 0.0069619749, Final residual = 9.7979199e-05, No Iterations 3
GAMG:  Solving for p, Initial residual = 0.0082606989, Final residual = 4.4142752e-05, No Iterations 3
GAMG:  Solving for p, Initial residual = 0.00015786875, Final residual = 1.1277293e-06, No Iterations 4
time step continuity errors : sum local = 1.2139243e-05, global = -2.4213764e-06, cumulative = -0.0021328297
smoothSolver:  Solving for omega, Initial residual = 0.00046752651, Final residual = 4.2418664e-06, No Iterations 2
smoothSolver:  Solving for k, Initial residual = 0.0019035336, Final residual = 1.9913584e-05, No Iterations 2
bounding k, min: 9.1482936e-17 max: 0.30929189 average: 0.060252932
ExecutionTime = 645.04906 s  ClockTime = 645 s

Time = 447s

smoothSolver:  Solving for Ux, Initial residual = 0.00082669323, Final residual = 1.1594507e-05, No Iterations 3
smoothSolver:  Solving for Uy, Initial residual = 0.0077163692, Final residual = 0.00011299407, No Iterations 3
smoothSolver:  Solving for Uz, Initial residual = 0.0069545844, Final residual = 9.7914049e-05, No Iterations 3
GAMG:  Solving for p, Initial residual = 0.0082945319, Final residual = 4.3881922e-05, No Iterations 3
GAMG:  Solving for p, Initial residual = 0.00015667167, Final residual = 1.0825627e-06, No Iterations 4
time step continuity errors : sum local = 1.1647656e-05, global = -2.358337e-06, cumulative = -0.002135188
smoothSolver:  Solving for omega, Initial residual = 0.00046729152, Final residual = 3.9819433e-06, No Iterations 2
smoothSolver:  Solving for k, Initial residual = 0.0018976574, Final residual = 1.9782196e-05, No Iterations 2
bounding k, min: 9.1376907e-17 max: 0.30822124 average: 0.060243435
ExecutionTime = 646.9655 s  ClockTime = 647 s

Time = 448s

smoothSolver:  Solving for Ux, Initial residual = 0.00082476495, Final residual = 1.1594022e-05, No Iterations 3
smoothSolver:  Solving for Uy, Initial residual = 0.0077026337, Final residual = 0.00011275489, No Iterations 3
smoothSolver:  Solving for Uz, Initial residual = 0.0069442988, Final residual = 9.7799612e-05, No Iterations 3
GAMG:  Solving for p, Initial residual = 0.00832768, Final residual = 4.3641396e-05, No Iterations 3
GAMG:  Solving for p, Initial residual = 0.00015576261, Final residual = 9.8153132e-07, No Iterations 4
time step continuity errors : sum local = 1.0553524e-05, global = -1.9790915e-06, cumulative = -0.0021371671
smoothSolver:  Solving for omega, Initial residual = 0.00047188545, Final residual = 4.2291824e-06, No Iterations 2
smoothSolver:  Solving for k, Initial residual = 0.0018932114, Final residual = 1.9657455e-05, No Iterations 2
bounding k, min: 9.1297965e-17 max: 0.30719518 average: 0.060234423
ExecutionTime = 648.77236 s  ClockTime = 649 s

Time = 449s

smoothSolver:  Solving for Ux, Initial residual = 0.00082281461, Final residual = 1.159308e-05, No Iterations 3
smoothSolver:  Solving for Uy, Initial residual = 0.0076856768, Final residual = 0.00011247552, No Iterations 3
smoothSolver:  Solving for Uz, Initial residual = 0.0069339051, Final residual = 9.7672563e-05, No Iterations 3
GAMG:  Solving for p, Initial residual = 0.0083337158, Final residual = 4.3285726e-05, No Iterations 3
GAMG:  Solving for p, Initial residual = 0.00015406765, Final residual = 9.2503354e-07, No Iterations 4
time step continuity errors : sum local = 9.9394059e-06, global = -1.9347853e-06, cumulative = -0.0021391019
smoothSolver:  Solving for omega, Initial residual = 0.00046380042, Final residual = 4.0680788e-06, No Iterations 2
smoothSolver:  Solving for k, Initial residual = 0.0018919783, Final residual = 1.9576933e-05, No Iterations 2
bounding k, min: 9.1274038e-17 max: 0.3062126 average: 0.060224257
ExecutionTime = 650.64017 s  ClockTime = 651 s

Time = 450s

smoothSolver:  Solving for Ux, Initial residual = 0.0008205903, Final residual = 1.1589397e-05, No Iterations 3
smoothSolver:  Solving for Uy, Initial residual = 0.0076655943, Final residual = 0.00011216703, No Iterations 3
smoothSolver:  Solving for Uz, Initial residual = 0.0069225898, Final residual = 9.750825e-05, No Iterations 3
GAMG:  Solving for p, Initial residual = 0.0083333763, Final residual = 4.3088515e-05, No Iterations 3
GAMG:  Solving for p, Initial residual = 0.00015247415, Final residual = 8.8793459e-07, No Iterations 4
time step continuity errors : sum local = 9.5343889e-06, global = -1.9672222e-06, cumulative = -0.0021410691
smoothSolver:  Solving for omega, Initial residual = 0.00046602045, Final residual = 4.2062684e-06, No Iterations 2
smoothSolver:  Solving for k, Initial residual = 0.0018878632, Final residual = 1.9450408e-05, No Iterations 2
bounding k, min: 9.1298775e-17 max: 0.30527299 average: 0.060214128
ExecutionTime = 652.36785 s  ClockTime = 653 s

Time = 451s

smoothSolver:  Solving for Ux, Initial residual = 0.00081829295, Final residual = 1.1581703e-05, No Iterations 3
smoothSolver:  Solving for Uy, Initial residual = 0.0076389188, Final residual = 0.00011174557, No Iterations 3
smoothSolver:  Solving for Uz, Initial residual = 0.0069098181, Final residual = 9.7382156e-05, No Iterations 3
GAMG:  Solving for p, Initial residual = 0.0083108684, Final residual = 4.2694208e-05, No Iterations 3
GAMG:  Solving for p, Initial residual = 0.00015094205, Final residual = 7.6489137e-07, No Iterations 4
time step continuity errors : sum local = 8.2075293e-06, global = -1.6759114e-06, cumulative = -0.002142745
smoothSolver:  Solving for omega, Initial residual = 0.00046565751, Final residual = 4.0019266e-06, No Iterations 2
smoothSolver:  Solving for k, Initial residual = 0.0018843538, Final residual = 1.9345527e-05, No Iterations 2
bounding k, min: 9.1373292e-17 max: 0.30437052 average: 0.060203929
ExecutionTime = 654.00677 s  ClockTime = 654 s

Time = 452s

smoothSolver:  Solving for Ux, Initial residual = 0.00081566402, Final residual = 1.1571755e-05, No Iterations 3
smoothSolver:  Solving for Uy, Initial residual = 0.0076076036, Final residual = 0.00011130473, No Iterations 3
smoothSolver:  Solving for Uz, Initial residual = 0.006891998, Final residual = 9.7217045e-05, No Iterations 3
GAMG:  Solving for p, Initial residual = 0.0082872351, Final residual = 4.2524149e-05, No Iterations 3
GAMG:  Solving for p, Initial residual = 0.0001497106, Final residual = 7.0202872e-07, No Iterations 4
time step continuity errors : sum local = 7.5275532e-06, global = -1.6051679e-06, cumulative = -0.0021443502
smoothSolver:  Solving for omega, Initial residual = 0.00046744397, Final residual = 4.1710625e-06, No Iterations 2
smoothSolver:  Solving for k, Initial residual = 0.0018789106, Final residual = 1.9210528e-05, No Iterations 2
bounding k, min: 9.1494551e-17 max: 0.30349862 average: 0.060192909
ExecutionTime = 655.75541 s  ClockTime = 656 s

Time = 453s

smoothSolver:  Solving for Ux, Initial residual = 0.00081312567, Final residual = 1.1560512e-05, No Iterations 3
smoothSolver:  Solving for Uy, Initial residual = 0.0075733175, Final residual = 0.00011073855, No Iterations 3
smoothSolver:  Solving for Uz, Initial residual = 0.0068734087, Final residual = 9.7058768e-05, No Iterations 3
GAMG:  Solving for p, Initial residual = 0.0082398462, Final residual = 4.2137599e-05, No Iterations 3
GAMG:  Solving for p, Initial residual = 0.00014843574, Final residual = 6.4515281e-07, No Iterations 4
time step continuity errors : sum local = 6.9127718e-06, global = -1.4883926e-06, cumulative = -0.0021458386
smoothSolver:  Solving for omega, Initial residual = 0.0004576106, Final residual = 3.9616326e-06, No Iterations 2
smoothSolver:  Solving for k, Initial residual = 0.0018728725, Final residual = 1.9085105e-05, No Iterations 2
bounding k, min: 9.1663096e-17 max: 0.30265324 average: 0.060181625
ExecutionTime = 657.37575 s  ClockTime = 658 s

Time = 454s

smoothSolver:  Solving for Ux, Initial residual = 0.00081015029, Final residual = 1.1545638e-05, No Iterations 3
smoothSolver:  Solving for Uy, Initial residual = 0.0075278186, Final residual = 0.00011014921, No Iterations 3
smoothSolver:  Solving for Uz, Initial residual = 0.0068470049, Final residual = 9.6828478e-05, No Iterations 3
GAMG:  Solving for p, Initial residual = 0.0081660202, Final residual = 4.1389593e-05, No Iterations 3
GAMG:  Solving for p, Initial residual = 0.00014705659, Final residual = 5.7184723e-07, No Iterations 4
time step continuity errors : sum local = 6.1233521e-06, global = -5.6841951e-07, cumulative = -0.002146407
smoothSolver:  Solving for omega, Initial residual = 0.00046229871, Final residual = 4.1753975e-06, No Iterations 2
smoothSolver:  Solving for k, Initial residual = 0.0018661511, Final residual = 1.8978152e-05, No Iterations 2
bounding k, min: 9.1662691e-17 max: 0.30203149 average: 0.06017043
ExecutionTime = 658.92309 s  ClockTime = 659 s

Time = 455s

smoothSolver:  Solving for Ux, Initial residual = 0.00080711025, Final residual = 1.1529592e-05, No Iterations 3
smoothSolver:  Solving for Uy, Initial residual = 0.0074835444, Final residual = 0.00010958067, No Iterations 3
smoothSolver:  Solving for Uz, Initial residual = 0.006820303, Final residual = 9.6575142e-05, No Iterations 3
GAMG:  Solving for p, Initial residual = 0.0080632138, Final residual = 4.0319193e-05, No Iterations 3
GAMG:  Solving for p, Initial residual = 0.00014556397, Final residual = 5.4920691e-07, No Iterations 4
time step continuity errors : sum local = 5.8771051e-06, global = 3.6231967e-08, cumulative = -0.0021463708
smoothSolver:  Solving for omega, Initial residual = 0.00046219851, Final residual = 3.9861881e-06, No Iterations 2
smoothSolver:  Solving for k, Initial residual = 0.0018626607, Final residual = 1.8899797e-05, No Iterations 2
bounding k, min: 9.1455461e-17 max: 0.30210579 average: 0.060158371
ExecutionTime = 660.09864 s  ClockTime = 660 s

Time = 456s

smoothSolver:  Solving for Ux, Initial residual = 0.00080381655, Final residual = 1.1512083e-05, No Iterations 3
smoothSolver:  Solving for Uy, Initial residual = 0.0074379752, Final residual = 0.00010900624, No Iterations 3
smoothSolver:  Solving for Uz, Initial residual = 0.0067892052, Final residual = 9.6297394e-05, No Iterations 3
GAMG:  Solving for p, Initial residual = 0.0079791905, Final residual = 3.930308e-05, No Iterations 3
GAMG:  Solving for p, Initial residual = 0.00014450417, Final residual = 5.8216521e-07, No Iterations 4
time step continuity errors : sum local = 6.2269431e-06, global = 6.3802238e-07, cumulative = -0.0021457327
smoothSolver:  Solving for omega, Initial residual = 0.00046471212, Final residual = 4.1432938e-06, No Iterations 2
smoothSolver:  Solving for k, Initial residual = 0.0018637132, Final residual = 1.889788e-05, No Iterations 2
bounding k, min: 9.1591399e-17 max: 0.30256738 average: 0.060145305
ExecutionTime = 661.2795 s  ClockTime = 661 s

Time = 457s

smoothSolver:  Solving for Ux, Initial residual = 0.00080043108, Final residual = 1.1495903e-05, No Iterations 3
smoothSolver:  Solving for Uy, Initial residual = 0.0073964848, Final residual = 0.0001084673, No Iterations 3
smoothSolver:  Solving for Uz, Initial residual = 0.0067619644, Final residual = 9.6019449e-05, No Iterations 3
GAMG:  Solving for p, Initial residual = 0.0079137287, Final residual = 3.8412465e-05, No Iterations 3
GAMG:  Solving for p, Initial residual = 0.00014313797, Final residual = 6.3627954e-07, No Iterations 4
time step continuity errors : sum local = 6.8015881e-06, global = 9.9010649e-07, cumulative = -0.0021447426
smoothSolver:  Solving for omega, Initial residual = 0.00045637296, Final residual = 4.005762e-06, No Iterations 2
smoothSolver:  Solving for k, Initial residual = 0.0018618504, Final residual = 1.8819321e-05, No Iterations 2
bounding k, min: 9.1639941e-17 max: 0.30302018 average: 0.060131899
ExecutionTime = 663.11177 s  ClockTime = 663 s

Time = 458s

smoothSolver:  Solving for Ux, Initial residual = 0.00079693161, Final residual = 1.1479063e-05, No Iterations 3
smoothSolver:  Solving for Uy, Initial residual = 0.0073525831, Final residual = 0.00010781045, No Iterations 3
smoothSolver:  Solving for Uz, Initial residual = 0.0067278256, Final residual = 9.5748861e-05, No Iterations 3
GAMG:  Solving for p, Initial residual = 0.0078394154, Final residual = 3.7934878e-05, No Iterations 3
GAMG:  Solving for p, Initial residual = 0.00014252889, Final residual = 6.7814304e-07, No Iterations 4
time step continuity errors : sum local = 7.2445912e-06, global = 1.1579762e-06, cumulative = -0.0021435847
smoothSolver:  Solving for omega, Initial residual = 0.00045868308, Final residual = 4.1659226e-06, No Iterations 2
smoothSolver:  Solving for k, Initial residual = 0.0018564988, Final residual = 1.8697187e-05, No Iterations 2
bounding k, min: 9.1658615e-17 max: 0.30348053 average: 0.06011821
ExecutionTime = 664.80899 s  ClockTime = 665 s

Time = 459s

smoothSolver:  Solving for Ux, Initial residual = 0.00079334078, Final residual = 1.1464246e-05, No Iterations 3
smoothSolver:  Solving for Uy, Initial residual = 0.0073105274, Final residual = 0.00010723195, No Iterations 3
smoothSolver:  Solving for Uz, Initial residual = 0.0066920577, Final residual = 9.5470074e-05, No Iterations 3
GAMG:  Solving for p, Initial residual = 0.0077571352, Final residual = 3.8016342e-05, No Iterations 3
GAMG:  Solving for p, Initial residual = 0.00014214814, Final residual = 6.9636434e-07, No Iterations 4
time step continuity errors : sum local = 7.434178e-06, global = 1.2360037e-06, cumulative = -0.0021423487
smoothSolver:  Solving for omega, Initial residual = 0.00045738797, Final residual = 3.9596082e-06, No Iterations 2
smoothSolver:  Solving for k, Initial residual = 0.0018517245, Final residual = 1.8594945e-05, No Iterations 2
bounding k, min: 9.1692117e-17 max: 0.30394936 average: 0.0601036
ExecutionTime = 666.48315 s  ClockTime = 667 s

Time = 460s

smoothSolver:  Solving for Ux, Initial residual = 0.00078965051, Final residual = 1.144759e-05, No Iterations 3
smoothSolver:  Solving for Uy, Initial residual = 0.0072666873, Final residual = 0.00010658484, No Iterations 3
smoothSolver:  Solving for Uz, Initial residual = 0.0066545657, Final residual = 9.523996e-05, No Iterations 3
GAMG:  Solving for p, Initial residual = 0.0076932952, Final residual = 3.8526937e-05, No Iterations 3
GAMG:  Solving for p, Initial residual = 0.00014265463, Final residual = 7.4344266e-07, No Iterations 4
time step continuity errors : sum local = 7.9310465e-06, global = 1.5221224e-06, cumulative = -0.0021408265
smoothSolver:  Solving for omega, Initial residual = 0.00046055115, Final residual = 4.1194224e-06, No Iterations 2
smoothSolver:  Solving for k, Initial residual = 0.0018467479, Final residual = 1.8523197e-05, No Iterations 2
bounding k, min: 9.1739916e-17 max: 0.3044297 average: 0.060088767
ExecutionTime = 667.77391 s  ClockTime = 668 s

Time = 461s

smoothSolver:  Solving for Ux, Initial residual = 0.00078603365, Final residual = 1.1428962e-05, No Iterations 3
smoothSolver:  Solving for Uy, Initial residual = 0.0072243013, Final residual = 0.00010598657, No Iterations 3
smoothSolver:  Solving for Uz, Initial residual = 0.0066226134, Final residual = 9.4973164e-05, No Iterations 3
GAMG:  Solving for p, Initial residual = 0.007661291, Final residual = 3.9364148e-05, No Iterations 3
GAMG:  Solving for p, Initial residual = 0.00014444601, Final residual = 7.7029342e-07, No Iterations 4
time step continuity errors : sum local = 8.2099799e-06, global = 1.7152091e-06, cumulative = -0.0021391113
smoothSolver:  Solving for omega, Initial residual = 0.00045124914, Final residual = 3.9363658e-06, No Iterations 2
smoothSolver:  Solving for k, Initial residual = 0.0018425581, Final residual = 1.8454042e-05, No Iterations 2
bounding k, min: 9.1804862e-17 max: 0.30491164 average: 0.060072984
ExecutionTime = 669.02574 s  ClockTime = 669 s

Time = 462s

smoothSolver:  Solving for Ux, Initial residual = 0.00078210309, Final residual = 1.1405643e-05, No Iterations 3
smoothSolver:  Solving for Uy, Initial residual = 0.0071799387, Final residual = 0.00010532182, No Iterations 3
smoothSolver:  Solving for Uz, Initial residual = 0.006593054, Final residual = 9.4767614e-05, No Iterations 3
GAMG:  Solving for p, Initial residual = 0.0076566232, Final residual = 4.0629215e-05, No Iterations 3
GAMG:  Solving for p, Initial residual = 0.00014719983, Final residual = 7.9369372e-07, No Iterations 4
time step continuity errors : sum local = 8.4524549e-06, global = 1.8553596e-06, cumulative = -0.002137256
smoothSolver:  Solving for omega, Initial residual = 0.00045491417, Final residual = 4.0952666e-06, No Iterations 2
smoothSolver:  Solving for k, Initial residual = 0.0018438768, Final residual = 1.851112e-05, No Iterations 2
bounding k, min: 9.1888456e-17 max: 0.30546946 average: 0.060056869
ExecutionTime = 670.34023 s  ClockTime = 670 s

Time = 463s

smoothSolver:  Solving for Ux, Initial residual = 0.0007782345, Final residual = 1.1376134e-05, No Iterations 3
smoothSolver:  Solving for Uy, Initial residual = 0.0071376587, Final residual = 0.00010471867, No Iterations 3
smoothSolver:  Solving for Uz, Initial residual = 0.0065744101, Final residual = 9.4516804e-05, No Iterations 3
GAMG:  Solving for p, Initial residual = 0.007680303, Final residual = 4.1856358e-05, No Iterations 3
GAMG:  Solving for p, Initial residual = 0.00015050145, Final residual = 7.8007541e-07, No Iterations 4
time step continuity errors : sum local = 8.3017602e-06, global = 1.8012929e-06, cumulative = -0.0021354547
smoothSolver:  Solving for omega, Initial residual = 0.00045477804, Final residual = 3.9504618e-06, No Iterations 2
smoothSolver:  Solving for k, Initial residual = 0.0018364906, Final residual = 1.8342346e-05, No Iterations 2
bounding k, min: 9.1992222e-17 max: 0.30610607 average: 0.060040323
ExecutionTime = 671.53889 s  ClockTime = 672 s

Time = 464s

smoothSolver:  Solving for Ux, Initial residual = 0.00077430436, Final residual = 1.1341775e-05, No Iterations 3
smoothSolver:  Solving for Uy, Initial residual = 0.0070955133, Final residual = 0.00010408103, No Iterations 3
smoothSolver:  Solving for Uz, Initial residual = 0.0065496592, Final residual = 9.4253324e-05, No Iterations 3
GAMG:  Solving for p, Initial residual = 0.0077261998, Final residual = 4.308446e-05, No Iterations 3
GAMG:  Solving for p, Initial residual = 0.00015387058, Final residual = 8.086828e-07, No Iterations 4
time step continuity errors : sum local = 8.6009155e-06, global = 1.9132804e-06, cumulative = -0.0021335414
smoothSolver:  Solving for omega, Initial residual = 0.00045746267, Final residual = 4.1171253e-06, No Iterations 2
smoothSolver:  Solving for k, Initial residual = 0.0018338621, Final residual = 1.8339375e-05, No Iterations 2
bounding k, min: 9.212105e-17 max: 0.30674506 average: 0.06002344
ExecutionTime = 672.78136 s  ClockTime = 673 s

Time = 465s

smoothSolver:  Solving for Ux, Initial residual = 0.00077059184, Final residual = 1.1302906e-05, No Iterations 3
smoothSolver:  Solving for Uy, Initial residual = 0.0070555848, Final residual = 0.0001034307, No Iterations 3
smoothSolver:  Solving for Uz, Initial residual = 0.0065327907, Final residual = 9.4016604e-05, No Iterations 3
GAMG:  Solving for p, Initial residual = 0.0077938923, Final residual = 4.4178714e-05, No Iterations 3
GAMG:  Solving for p, Initial residual = 0.00015682966, Final residual = 8.4057033e-07, No Iterations 4
time step continuity errors : sum local = 8.9365495e-06, global = 1.9867006e-06, cumulative = -0.0021315547
smoothSolver:  Solving for omega, Initial residual = 0.00044988195, Final residual = 3.9252877e-06, No Iterations 2
smoothSolver:  Solving for k, Initial residual = 0.0018285784, Final residual = 1.8235518e-05, No Iterations 2
bounding k, min: 9.2281517e-17 max: 0.30738074 average: 0.060006155
ExecutionTime = 674.09624 s  ClockTime = 674 s

Time = 466s

smoothSolver:  Solving for Ux, Initial residual = 0.00076684047, Final residual = 1.1260613e-05, No Iterations 3
smoothSolver:  Solving for Uy, Initial residual = 0.007017821, Final residual = 0.00010281456, No Iterations 3
smoothSolver:  Solving for Uz, Initial residual = 0.0065136986, Final residual = 9.3776296e-05, No Iterations 3
GAMG:  Solving for p, Initial residual = 0.0078803358, Final residual = 4.5019921e-05, No Iterations 3
GAMG:  Solving for p, Initial residual = 0.00015990763, Final residual = 8.7373879e-07, No Iterations 4
time step continuity errors : sum local = 9.2842551e-06, global = 2.1481442e-06, cumulative = -0.0021294065
smoothSolver:  Solving for omega, Initial residual = 0.00045399722, Final residual = 4.0713629e-06, No Iterations 2
smoothSolver:  Solving for k, Initial residual = 0.0018220724, Final residual = 1.8187872e-05, No Iterations 2
bounding k, min: 9.2517428e-17 max: 0.30800813 average: 0.059989318
ExecutionTime = 675.52586 s  ClockTime = 676 s

Time = 467s

smoothSolver:  Solving for Ux, Initial residual = 0.00076332019, Final residual = 1.1215493e-05, No Iterations 3
smoothSolver:  Solving for Uy, Initial residual = 0.0069863783, Final residual = 0.00010220396, No Iterations 3
smoothSolver:  Solving for Uz, Initial residual = 0.0064995914, Final residual = 9.3610612e-05, No Iterations 3
GAMG:  Solving for p, Initial residual = 0.0079661989, Final residual = 4.593985e-05, No Iterations 3
GAMG:  Solving for p, Initial residual = 0.00016309987, Final residual = 9.7341873e-07, No Iterations 4
time step continuity errors : sum local = 1.033917e-05, global = 2.4513928e-06, cumulative = -0.0021269552
smoothSolver:  Solving for omega, Initial residual = 0.00045213872, Final residual = 3.8857494e-06, No Iterations 2
smoothSolver:  Solving for k, Initial residual = 0.001816747, Final residual = 1.8112642e-05, No Iterations 2
bounding k, min: 9.2879096e-17 max: 0.30862493 average: 0.059971675
ExecutionTime = 677.02902 s  ClockTime = 677 s

Time = 468s

smoothSolver:  Solving for Ux, Initial residual = 0.00076000705, Final residual = 1.1168291e-05, No Iterations 3
smoothSolver:  Solving for Uy, Initial residual = 0.0069627974, Final residual = 0.00010167475, No Iterations 3
smoothSolver:  Solving for Uz, Initial residual = 0.0064870166, Final residual = 9.3392333e-05, No Iterations 3
GAMG:  Solving for p, Initial residual = 0.0080589308, Final residual = 4.638886e-05, No Iterations 3
GAMG:  Solving for p, Initial residual = 0.00016620785, Final residual = 1.0319628e-06, No Iterations 4
time step continuity errors : sum local = 1.0955188e-05, global = 2.8087559e-06, cumulative = -0.0021241464
smoothSolver:  Solving for omega, Initial residual = 0.00045535055, Final residual = 4.0674941e-06, No Iterations 2
smoothSolver:  Solving for k, Initial residual = 0.001814088, Final residual = 1.8119664e-05, No Iterations 2
bounding k, min: 9.3031493e-17 max: 0.30923784 average: 0.059954476
ExecutionTime = 678.53569 s  ClockTime = 679 s

Time = 469s

smoothSolver:  Solving for Ux, Initial residual = 0.00075677094, Final residual = 1.1117189e-05, No Iterations 3
smoothSolver:  Solving for Uy, Initial residual = 0.0069436685, Final residual = 0.0001012168, No Iterations 3
smoothSolver:  Solving for Uz, Initial residual = 0.0064813379, Final residual = 9.3220312e-05, No Iterations 3
GAMG:  Solving for p, Initial residual = 0.0081691781, Final residual = 4.6833948e-05, No Iterations 3
GAMG:  Solving for p, Initial residual = 0.00016942302, Final residual = 1.1443961e-06, No Iterations 4
time step continuity errors : sum local = 1.2140565e-05, global = 3.1952866e-06, cumulative = -0.0021209511
smoothSolver:  Solving for omega, Initial residual = 0.00044742565, Final residual = 3.8877604e-06, No Iterations 2
smoothSolver:  Solving for k, Initial residual = 0.0018096709, Final residual = 1.8055764e-05, No Iterations 2
bounding k, min: 9.3068171e-17 max: 0.30984896 average: 0.059937652
ExecutionTime = 679.79992 s  ClockTime = 680 s

Time = 470s

smoothSolver:  Solving for Ux, Initial residual = 0.00075313115, Final residual = 1.1063787e-05, No Iterations 3
smoothSolver:  Solving for Uy, Initial residual = 0.0069306152, Final residual = 0.0001008352, No Iterations 3
smoothSolver:  Solving for Uz, Initial residual = 0.0064799512, Final residual = 9.3080658e-05, No Iterations 3
GAMG:  Solving for p, Initial residual = 0.0082907511, Final residual = 4.721862e-05, No Iterations 3
GAMG:  Solving for p, Initial residual = 0.00017123247, Final residual = 1.2165623e-06, No Iterations 4
time step continuity errors : sum local = 1.2898557e-05, global = 3.4870052e-06, cumulative = -0.0021174641
smoothSolver:  Solving for omega, Initial residual = 0.00045102907, Final residual = 4.0769989e-06, No Iterations 2
smoothSolver:  Solving for k, Initial residual = 0.001803581, Final residual = 1.798248e-05, No Iterations 2
bounding k, min: 9.3106457e-17 max: 0.3104586 average: 0.059921602
ExecutionTime = 681.066 s  ClockTime = 681 s

Time = 471s

smoothSolver:  Solving for Ux, Initial residual = 0.00074961014, Final residual = 1.1006826e-05, No Iterations 3
smoothSolver:  Solving for Uy, Initial residual = 0.0069211247, Final residual = 0.00010056713, No Iterations 3
smoothSolver:  Solving for Uz, Initial residual = 0.0064732954, Final residual = 9.2939736e-05, No Iterations 3
GAMG:  Solving for p, Initial residual = 0.0083903804, Final residual = 4.7997425e-05, No Iterations 3
GAMG:  Solving for p, Initial residual = 0.00017309681, Final residual = 1.111708e-06, No Iterations 4
time step continuity errors : sum local = 1.1777934e-05, global = 2.7015744e-06, cumulative = -0.0021147625
smoothSolver:  Solving for omega, Initial residual = 0.00045115531, Final residual = 3.8419083e-06, No Iterations 2
smoothSolver:  Solving for k, Initial residual = 0.0018050424, Final residual = 1.8071187e-05, No Iterations 2
bounding k, min: 9.3165691e-17 max: 0.3110653 average: 0.059905014
ExecutionTime = 682.34126 s  ClockTime = 682 s

Time = 472s

smoothSolver:  Solving for Ux, Initial residual = 0.00074573816, Final residual = 1.0945372e-05, No Iterations 3
smoothSolver:  Solving for Uy, Initial residual = 0.0069215146, Final residual = 0.00010044567, No Iterations 3
smoothSolver:  Solving for Uz, Initial residual = 0.0064762334, Final residual = 9.2928554e-05, No Iterations 3
GAMG:  Solving for p, Initial residual = 0.0084972137, Final residual = 4.8640449e-05, No Iterations 3
GAMG:  Solving for p, Initial residual = 0.00017467685, Final residual = 1.1150436e-06, No Iterations 4
time step continuity errors : sum local = 1.1803806e-05, global = 2.6882648e-06, cumulative = -0.0021120743
smoothSolver:  Solving for omega, Initial residual = 0.00045380131, Final residual = 4.0841895e-06, No Iterations 2
smoothSolver:  Solving for k, Initial residual = 0.0017978231, Final residual = 1.793979e-05, No Iterations 2
bounding k, min: 9.3270668e-17 max: 0.31166184 average: 0.059890376
ExecutionTime = 683.60234 s  ClockTime = 684 s

Time = 473s

smoothSolver:  Solving for Ux, Initial residual = 0.00074170309, Final residual = 1.0880155e-05, No Iterations 3
smoothSolver:  Solving for Uy, Initial residual = 0.0069201508, Final residual = 0.00010044306, No Iterations 3
smoothSolver:  Solving for Uz, Initial residual = 0.0064677367, Final residual = 9.2710185e-05, No Iterations 3
GAMG:  Solving for p, Initial residual = 0.0085593198, Final residual = 4.96122e-05, No Iterations 3
GAMG:  Solving for p, Initial residual = 0.00017741422, Final residual = 8.003439e-07, No Iterations 4
time step continuity errors : sum local = 8.4657404e-06, global = 1.3052296e-06, cumulative = -0.002110769
smoothSolver:  Solving for omega, Initial residual = 0.0004455188, Final residual = 3.863859e-06, No Iterations 2
smoothSolver:  Solving for k, Initial residual = 0.0017955833, Final residual = 1.7935408e-05, No Iterations 2
bounding k, min: 9.3453905e-17 max: 0.31223938 average: 0.059875608
ExecutionTime = 684.85826 s  ClockTime = 685 s

Time = 474s

smoothSolver:  Solving for Ux, Initial residual = 0.00073728435, Final residual = 1.0808676e-05, No Iterations 3
smoothSolver:  Solving for Uy, Initial residual = 0.0069274753, Final residual = 0.00010057176, No Iterations 3
smoothSolver:  Solving for Uz, Initial residual = 0.0064640542, Final residual = 9.251532e-05, No Iterations 3
GAMG:  Solving for p, Initial residual = 0.0086155204, Final residual = 5.0304308e-05, No Iterations 3
GAMG:  Solving for p, Initial residual = 0.00017960871, Final residual = 7.1883882e-07, No Iterations 4
time step continuity errors : sum local = 7.5988883e-06, global = 7.7363595e-07, cumulative = -0.0021099954
smoothSolver:  Solving for omega, Initial residual = 0.00045029453, Final residual = 4.0606222e-06, No Iterations 2
smoothSolver:  Solving for k, Initial residual = 0.0017926097, Final residual = 1.7912404e-05, No Iterations 2
bounding k, min: 9.3758257e-17 max: 0.31278886 average: 0.059861909
ExecutionTime = 686.24563 s  ClockTime = 686 s

Time = 475s

smoothSolver:  Solving for Ux, Initial residual = 0.00073265888, Final residual = 1.0731515e-05, No Iterations 3
smoothSolver:  Solving for Uy, Initial residual = 0.006934929, Final residual = 0.00010074622, No Iterations 3
smoothSolver:  Solving for Uz, Initial residual = 0.0064556478, Final residual = 9.2273688e-05, No Iterations 3
GAMG:  Solving for p, Initial residual = 0.0086330824, Final residual = 5.1151834e-05, No Iterations 3
GAMG:  Solving for p, Initial residual = 0.00018107947, Final residual = 7.2714985e-07, No Iterations 4
time step continuity errors : sum local = 7.6841037e-06, global = 7.9380377e-08, cumulative = -0.002109916
smoothSolver:  Solving for omega, Initial residual = 0.00045077628, Final residual = 3.8831481e-06, No Iterations 2
smoothSolver:  Solving for k, Initial residual = 0.0017923251, Final residual = 1.7926994e-05, No Iterations 2
bounding k, min: 9.4221181e-17 max: 0.31335462 average: 0.059849108
ExecutionTime = 687.95001 s  ClockTime = 688 s

Time = 476s

smoothSolver:  Solving for Ux, Initial residual = 0.00072793101, Final residual = 1.0649783e-05, No Iterations 3
smoothSolver:  Solving for Uy, Initial residual = 0.0069430019, Final residual = 0.0001009133, No Iterations 3
smoothSolver:  Solving for Uz, Initial residual = 0.0064426447, Final residual = 9.1970932e-05, No Iterations 3
GAMG:  Solving for p, Initial residual = 0.0086025537, Final residual = 5.1682876e-05, No Iterations 3
GAMG:  Solving for p, Initial residual = 0.00018157223, Final residual = 8.4746547e-07, No Iterations 4
time step continuity errors : sum local = 8.9523168e-06, global = 6.3406327e-07, cumulative = -0.002109282
smoothSolver:  Solving for omega, Initial residual = 0.00045234136, Final residual = 4.0664809e-06, No Iterations 2
smoothSolver:  Solving for k, Initial residual = 0.0017863881, Final residual = 1.784884e-05, No Iterations 2
bounding k, min: 9.4910309e-17 max: 0.31390517 average: 0.059837528
ExecutionTime = 689.1898 s  ClockTime = 689 s

Time = 477s

smoothSolver:  Solving for Ux, Initial residual = 0.00072312593, Final residual = 1.0563787e-05, No Iterations 3
smoothSolver:  Solving for Uy, Initial residual = 0.0069513193, Final residual = 0.00010103785, No Iterations 3
smoothSolver:  Solving for Uz, Initial residual = 0.0064203553, Final residual = 9.1493601e-05, No Iterations 3
GAMG:  Solving for p, Initial residual = 0.0085404137, Final residual = 5.2259395e-05, No Iterations 3
GAMG:  Solving for p, Initial residual = 0.00018120404, Final residual = 9.8938456e-07, No Iterations 4
time step continuity errors : sum local = 1.0448808e-05, global = 6.4898366e-07, cumulative = -0.002108633
smoothSolver:  Solving for omega, Initial residual = 0.00044348502, Final residual = 3.8447529e-06, No Iterations 2
smoothSolver:  Solving for k, Initial residual = 0.0017856993, Final residual = 1.7852199e-05, No Iterations 2
bounding k, min: 9.5810698e-17 max: 0.31441901 average: 0.059826252
ExecutionTime = 690.4906 s  ClockTime = 691 s

Time = 478s

smoothSolver:  Solving for Ux, Initial residual = 0.00071839506, Final residual = 1.0474534e-05, No Iterations 3
smoothSolver:  Solving for Uy, Initial residual = 0.0069588764, Final residual = 0.00010109831, No Iterations 3
smoothSolver:  Solving for Uz, Initial residual = 0.0063936842, Final residual = 9.0933301e-05, No Iterations 3
GAMG:  Solving for p, Initial residual = 0.008486106, Final residual = 5.3221784e-05, No Iterations 3
GAMG:  Solving for p, Initial residual = 0.00018117848, Final residual = 9.8761398e-07, No Iterations 4
time step continuity errors : sum local = 1.0428765e-05, global = 5.2039683e-07, cumulative = -0.0021081126
smoothSolver:  Solving for omega, Initial residual = 0.00044846391, Final residual = 4.0521077e-06, No Iterations 2
smoothSolver:  Solving for k, Initial residual = 0.0017878455, Final residual = 1.7881823e-05, No Iterations 2
bounding k, min: 9.7145896e-17 max: 0.31488263 average: 0.059815815
ExecutionTime = 691.83618 s  ClockTime = 692 s

Time = 479s

smoothSolver:  Solving for Ux, Initial residual = 0.00071381817, Final residual = 1.038342e-05, No Iterations 3
smoothSolver:  Solving for Uy, Initial residual = 0.0069625922, Final residual = 0.00010102707, No Iterations 3
smoothSolver:  Solving for Uz, Initial residual = 0.0063663635, Final residual = 9.0291073e-05, No Iterations 3
GAMG:  Solving for p, Initial residual = 0.0084197745, Final residual = 5.4465229e-05, No Iterations 3
GAMG:  Solving for p, Initial residual = 0.00018111255, Final residual = 1.0107879e-06, No Iterations 4
time step continuity errors : sum local = 1.0673571e-05, global = 4.8048467e-08, cumulative = -0.0021080645
smoothSolver:  Solving for omega, Initial residual = 0.00044694716, Final residual = 3.8227487e-06, No Iterations 2
smoothSolver:  Solving for k, Initial residual = 0.0017834692, Final residual = 1.7776534e-05, No Iterations 2
bounding k, min: 9.8903719e-17 max: 0.31529221 average: 0.05980637
ExecutionTime = 693.23858 s  ClockTime = 693 s

Time = 480s

smoothSolver:  Solving for Ux, Initial residual = 0.00070915086, Final residual = 1.0291139e-05, No Iterations 3
smoothSolver:  Solving for Uy, Initial residual = 0.0069561388, Final residual = 0.00010083593, No Iterations 3
smoothSolver:  Solving for Uz, Initial residual = 0.0063252596, Final residual = 8.9629283e-05, No Iterations 3
GAMG:  Solving for p, Initial residual = 0.0083633222, Final residual = 5.5283379e-05, No Iterations 3
GAMG:  Solving for p, Initial residual = 0.00018048303, Final residual = 9.9225614e-07, No Iterations 4
time step continuity errors : sum local = 1.0477061e-05, global = 5.0257988e-07, cumulative = -0.0021075619
smoothSolver:  Solving for omega, Initial residual = 0.0004495647, Final residual = 4.0404841e-06, No Iterations 2
smoothSolver:  Solving for k, Initial residual = 0.0017819055, Final residual = 1.7793814e-05, No Iterations 2
bounding k, min: 1.0112526e-16 max: 0.31563452 average: 0.059797463
ExecutionTime = 694.63202 s  ClockTime = 695 s

Time = 481s

smoothSolver:  Solving for Ux, Initial residual = 0.00070447649, Final residual = 1.0197627e-05, No Iterations 3
smoothSolver:  Solving for Uy, Initial residual = 0.0069484446, Final residual = 0.00010057076, No Iterations 3
smoothSolver:  Solving for Uz, Initial residual = 0.0062908106, Final residual = 8.8945964e-05, No Iterations 3
GAMG:  Solving for p, Initial residual = 0.0083173956, Final residual = 5.5930373e-05, No Iterations 3
GAMG:  Solving for p, Initial residual = 0.00017895283, Final residual = 9.6321026e-07, No Iterations 4
time step continuity errors : sum local = 1.0171172e-05, global = 9.6700441e-07, cumulative = -0.0021065949
smoothSolver:  Solving for omega, Initial residual = 0.00044298218, Final residual = 3.8264809e-06, No Iterations 2
smoothSolver:  Solving for k, Initial residual = 0.0017786068, Final residual = 1.7722119e-05, No Iterations 2
bounding k, min: 1.0367756e-16 max: 0.31590766 average: 0.059789213
ExecutionTime = 695.89011 s  ClockTime = 696 s

Time = 482s

smoothSolver:  Solving for Ux, Initial residual = 0.00069964009, Final residual = 1.010384e-05, No Iterations 3
smoothSolver:  Solving for Uy, Initial residual = 0.0069354338, Final residual = 0.00010024969, No Iterations 3
smoothSolver:  Solving for Uz, Initial residual = 0.0062473539, Final residual = 8.8237219e-05, No Iterations 3
GAMG:  Solving for p, Initial residual = 0.0082933254, Final residual = 5.5646966e-05, No Iterations 3
GAMG:  Solving for p, Initial residual = 0.00017637307, Final residual = 9.4915249e-07, No Iterations 4
time step continuity errors : sum local = 1.0024475e-05, global = 7.8581003e-07, cumulative = -0.0021058091
smoothSolver:  Solving for omega, Initial residual = 0.00044559733, Final residual = 4.0325308e-06, No Iterations 2
smoothSolver:  Solving for k, Initial residual = 0.0017769069, Final residual = 1.7728011e-05, No Iterations 2
bounding k, min: 1.0312854e-16 max: 0.31640311 average: 0.059781177
ExecutionTime = 697.70041 s  ClockTime = 698 s

Time = 483s

smoothSolver:  Solving for Ux, Initial residual = 0.00069478539, Final residual = 1.0009093e-05, No Iterations 3
smoothSolver:  Solving for Uy, Initial residual = 0.0069236708, Final residual = 9.9906454e-05, No Iterations 3
smoothSolver:  Solving for Uz, Initial residual = 0.0062054541, Final residual = 8.750506e-05, No Iterations 3
GAMG:  Solving for p, Initial residual = 0.0082500125, Final residual = 5.4757544e-05, No Iterations 3
GAMG:  Solving for p, Initial residual = 0.00017394846, Final residual = 9.5302669e-07, No Iterations 4
time step continuity errors : sum local = 1.0069557e-05, global = 7.2268947e-07, cumulative = -0.0021050864
smoothSolver:  Solving for omega, Initial residual = 0.00044605523, Final residual = 3.8407149e-06, No Iterations 2
smoothSolver:  Solving for k, Initial residual = 0.0017756834, Final residual = 1.7695556e-05, No Iterations 2
bounding k, min: 1.028266e-16 max: 0.31721397 average: 0.059773159
ExecutionTime = 699.60428 s  ClockTime = 700 s

Time = 484s

smoothSolver:  Solving for Ux, Initial residual = 0.00068981212, Final residual = 9.9156427e-06, No Iterations 3
smoothSolver:  Solving for Uy, Initial residual = 0.0069064735, Final residual = 9.9458763e-05, No Iterations 3
smoothSolver:  Solving for Uz, Initial residual = 0.0061602867, Final residual = 8.6720728e-05, No Iterations 3
GAMG:  Solving for p, Initial residual = 0.0082063735, Final residual = 5.3193334e-05, No Iterations 3
GAMG:  Solving for p, Initial residual = 0.00017165686, Final residual = 9.3659483e-07, No Iterations 4
time step continuity errors : sum local = 9.8987116e-06, global = 6.6979326e-07, cumulative = -0.0021044167
smoothSolver:  Solving for omega, Initial residual = 0.00044923616, Final residual = 4.0008967e-06, No Iterations 2
smoothSolver:  Solving for k, Initial residual = 0.0017725716, Final residual = 1.7686183e-05, No Iterations 2
bounding k, min: 1.0286086e-16 max: 0.31801703 average: 0.059765673
ExecutionTime = 701.20216 s  ClockTime = 701 s

Time = 485s

smoothSolver:  Solving for Ux, Initial residual = 0.00068505925, Final residual = 9.8222559e-06, No Iterations 3
smoothSolver:  Solving for Uy, Initial residual = 0.006883821, Final residual = 9.8989792e-05, No Iterations 3
smoothSolver:  Solving for Uz, Initial residual = 0.0061056388, Final residual = 8.5982442e-05, No Iterations 3
GAMG:  Solving for p, Initial residual = 0.008150486, Final residual = 5.0971007e-05, No Iterations 3
GAMG:  Solving for p, Initial residual = 0.00016923994, Final residual = 8.8363538e-07, No Iterations 4
time step continuity errors : sum local = 9.340446e-06, global = 7.1416301e-07, cumulative = -0.0021037025
smoothSolver:  Solving for omega, Initial residual = 0.00044035523, Final residual = 3.7762537e-06, No Iterations 2
smoothSolver:  Solving for k, Initial residual = 0.0017673041, Final residual = 1.7588786e-05, No Iterations 2
bounding k, min: 1.0336341e-16 max: 0.31881501 average: 0.059757768
ExecutionTime = 702.62057 s  ClockTime = 703 s

Time = 486s

smoothSolver:  Solving for Ux, Initial residual = 0.00068022968, Final residual = 9.7303813e-06, No Iterations 3
smoothSolver:  Solving for Uy, Initial residual = 0.0068588628, Final residual = 9.8571137e-05, No Iterations 3
smoothSolver:  Solving for Uz, Initial residual = 0.0060475104, Final residual = 8.5185464e-05, No Iterations 3
GAMG:  Solving for p, Initial residual = 0.008093975, Final residual = 4.900279e-05, No Iterations 3
GAMG:  Solving for p, Initial residual = 0.00016633197, Final residual = 8.6338317e-07, No Iterations 4
time step continuity errors : sum local = 9.1281447e-06, global = 4.6014013e-07, cumulative = -0.0021032423
smoothSolver:  Solving for omega, Initial residual = 0.00044427639, Final residual = 3.9694276e-06, No Iterations 2
smoothSolver:  Solving for k, Initial residual = 0.0017642331, Final residual = 1.7598015e-05, No Iterations 2
bounding k, min: 1.0457457e-16 max: 0.31961069 average: 0.059749889
ExecutionTime = 703.9839 s  ClockTime = 704 s

Time = 487s

smoothSolver:  Solving for Ux, Initial residual = 0.00067544042, Final residual = 9.6409688e-06, No Iterations 3
smoothSolver:  Solving for Uy, Initial residual = 0.0068351665, Final residual = 9.8232745e-05, No Iterations 3
smoothSolver:  Solving for Uz, Initial residual = 0.005991658, Final residual = 8.4446314e-05, No Iterations 3
GAMG:  Solving for p, Initial residual = 0.0080453354, Final residual = 4.7279602e-05, No Iterations 3
GAMG:  Solving for p, Initial residual = 0.00016389541, Final residual = 8.2312259e-07, No Iterations 4
time step continuity errors : sum local = 8.7035672e-06, global = 4.4088013e-07, cumulative = -0.0021028015
smoothSolver:  Solving for omega, Initial residual = 0.00044617934, Final residual = 3.8120912e-06, No Iterations 2
smoothSolver:  Solving for k, Initial residual = 0.0017611828, Final residual = 1.7585646e-05, No Iterations 2
bounding k, min: 1.0675359e-16 max: 0.32040485 average: 0.059741886
ExecutionTime = 705.25779 s  ClockTime = 705 s

Time = 488s

smoothSolver:  Solving for Ux, Initial residual = 0.00067035771, Final residual = 9.5547047e-06, No Iterations 3
smoothSolver:  Solving for Uy, Initial residual = 0.0068081032, Final residual = 9.7956112e-05, No Iterations 3
smoothSolver:  Solving for Uz, Initial residual = 0.0059314262, Final residual = 8.3636443e-05, No Iterations 3
GAMG:  Solving for p, Initial residual = 0.0080134336, Final residual = 4.6382375e-05, No Iterations 3
GAMG:  Solving for p, Initial residual = 0.00016236873, Final residual = 8.2589066e-07, No Iterations 4
time step continuity errors : sum local = 8.7343932e-06, global = 2.775001e-07, cumulative = -0.002102524
smoothSolver:  Solving for omega, Initial residual = 0.00044889669, Final residual = 4.0502983e-06, No Iterations 2
smoothSolver:  Solving for k, Initial residual = 0.0017563836, Final residual = 1.7537621e-05, No Iterations 2
bounding k, min: 1.1058661e-16 max: 0.32119674 average: 0.059733884
ExecutionTime = 706.63407 s  ClockTime = 707 s

Time = 489s

smoothSolver:  Solving for Ux, Initial residual = 0.00066546722, Final residual = 9.4714215e-06, No Iterations 3
smoothSolver:  Solving for Uy, Initial residual = 0.0067797062, Final residual = 9.7735593e-05, No Iterations 3
smoothSolver:  Solving for Uz, Initial residual = 0.005868981, Final residual = 8.2904945e-05, No Iterations 3
GAMG:  Solving for p, Initial residual = 0.0079596758, Final residual = 4.6168088e-05, No Iterations 3
GAMG:  Solving for p, Initial residual = 0.00016147431, Final residual = 8.1137899e-07, No Iterations 4
time step continuity errors : sum local = 8.5818031e-06, global = 2.6950286e-07, cumulative = -0.0021022545
smoothSolver:  Solving for omega, Initial residual = 0.00043989549, Final residual = 3.799211e-06, No Iterations 2
smoothSolver:  Solving for k, Initial residual = 0.0017525224, Final residual = 1.7513804e-05, No Iterations 2
bounding k, min: 1.1709385e-16 max: 0.32198192 average: 0.059725443
ExecutionTime = 707.93908 s  ClockTime = 708 s

Time = 490s

smoothSolver:  Solving for Ux, Initial residual = 0.00066070618, Final residual = 9.3918655e-06, No Iterations 3
smoothSolver:  Solving for Uy, Initial residual = 0.0067562227, Final residual = 9.7574048e-05, No Iterations 3
smoothSolver:  Solving for Uz, Initial residual = 0.0058086447, Final residual = 8.2179908e-05, No Iterations 3
GAMG:  Solving for p, Initial residual = 0.0079214133, Final residual = 4.6366604e-05, No Iterations 3
GAMG:  Solving for p, Initial residual = 0.00016048998, Final residual = 8.2984348e-07, No Iterations 4
time step continuity errors : sum local = 8.7782746e-06, global = 1.9161327e-07, cumulative = -0.0021020629
smoothSolver:  Solving for omega, Initial residual = 0.00044363724, Final residual = 3.9846044e-06, No Iterations 2
smoothSolver:  Solving for k, Initial residual = 0.001748101, Final residual = 1.7492304e-05, No Iterations 2
bounding k, min: 1.2562063e-16 max: 0.32275579 average: 0.059717226
ExecutionTime = 709.52724 s  ClockTime = 710 s

Time = 491s

smoothSolver:  Solving for Ux, Initial residual = 0.00065621678, Final residual = 9.3170544e-06, No Iterations 3
smoothSolver:  Solving for Uy, Initial residual = 0.0067336647, Final residual = 9.7475467e-05, No Iterations 3
smoothSolver:  Solving for Uz, Initial residual = 0.005753392, Final residual = 8.1495796e-05, No Iterations 3
GAMG:  Solving for p, Initial residual = 0.0078699892, Final residual = 4.6370136e-05, No Iterations 3
GAMG:  Solving for p, Initial residual = 0.00015932154, Final residual = 8.6233357e-07, No Iterations 4
time step continuity errors : sum local = 9.1223577e-06, global = 1.3218394e-07, cumulative = -0.0021019307
smoothSolver:  Solving for omega, Initial residual = 0.00044353502, Final residual = 3.8079928e-06, No Iterations 2
smoothSolver:  Solving for k, Initial residual = 0.0017458598, Final residual = 1.7494523e-05, No Iterations 2
bounding k, min: 1.2904721e-16 max: 0.32350824 average: 0.059708605
ExecutionTime = 711.31887 s  ClockTime = 711 s

Time = 492s

smoothSolver:  Solving for Ux, Initial residual = 0.00065206533, Final residual = 9.2494755e-06, No Iterations 3
smoothSolver:  Solving for Uy, Initial residual = 0.0067154578, Final residual = 9.7422722e-05, No Iterations 3
smoothSolver:  Solving for Uz, Initial residual = 0.0057018634, Final residual = 8.080571e-05, No Iterations 3
GAMG:  Solving for p, Initial residual = 0.0078334447, Final residual = 4.6383775e-05, No Iterations 3
GAMG:  Solving for p, Initial residual = 0.00015818297, Final residual = 8.8701741e-07, No Iterations 4
time step continuity errors : sum local = 9.3838209e-06, global = 1.0299809e-07, cumulative = -0.0021018277
smoothSolver:  Solving for omega, Initial residual = 0.00044596658, Final residual = 4.0051577e-06, No Iterations 2
smoothSolver:  Solving for k, Initial residual = 0.0017412295, Final residual = 1.7450001e-05, No Iterations 2
bounding k, min: 1.2959976e-16 max: 0.3242308 average: 0.05970026
ExecutionTime = 712.8544 s  ClockTime = 713 s

Time = 493s

smoothSolver:  Solving for Ux, Initial residual = 0.00064852209, Final residual = 9.1901474e-06, No Iterations 3
smoothSolver:  Solving for Uy, Initial residual = 0.0067030153, Final residual = 9.7433156e-05, No Iterations 3
smoothSolver:  Solving for Uz, Initial residual = 0.0056568003, Final residual = 8.0159492e-05, No Iterations 3
GAMG:  Solving for p, Initial residual = 0.0077971216, Final residual = 4.5997969e-05, No Iterations 3
GAMG:  Solving for p, Initial residual = 0.00015684931, Final residual = 8.6992205e-07, No Iterations 4
time step continuity errors : sum local = 9.2007e-06, global = 1.7749312e-07, cumulative = -0.0021016502
smoothSolver:  Solving for omega, Initial residual = 0.00043878931, Final residual = 3.791581e-06, No Iterations 2
smoothSolver:  Solving for k, Initial residual = 0.0017366454, Final residual = 1.7408888e-05, No Iterations 2
bounding k, min: 1.3352067e-16 max: 0.32490795 average: 0.059691896
ExecutionTime = 714.67344 s  ClockTime = 715 s

Time = 494s

smoothSolver:  Solving for Ux, Initial residual = 0.00064555887, Final residual = 9.1398046e-06, No Iterations 3
smoothSolver:  Solving for Uy, Initial residual = 0.0066991292, Final residual = 9.7469587e-05, No Iterations 3
smoothSolver:  Solving for Uz, Initial residual = 0.005617584, Final residual = 7.948964e-05, No Iterations 3
GAMG:  Solving for p, Initial residual = 0.0077811528, Final residual = 4.5599236e-05, No Iterations 3
GAMG:  Solving for p, Initial residual = 0.00015569155, Final residual = 9.5090044e-07, No Iterations 4
time step continuity errors : sum local = 1.0054825e-05, global = 5.9833903e-08, cumulative = -0.0021015903
smoothSolver:  Solving for omega, Initial residual = 0.00044133978, Final residual = 4.0039372e-06, No Iterations 2
smoothSolver:  Solving for k, Initial residual = 0.0017327925, Final residual = 1.7444809e-05, No Iterations 2
bounding k, min: 1.4229059e-16 max: 0.32552872 average: 0.059684409
ExecutionTime = 716.39409 s  ClockTime = 717 s

Time = 495s

smoothSolver:  Solving for Ux, Initial residual = 0.00064326579, Final residual = 9.0968268e-06, No Iterations 3
smoothSolver:  Solving for Uy, Initial residual = 0.0067087193, Final residual = 9.7611005e-05, No Iterations 3
smoothSolver:  Solving for Uz, Initial residual = 0.0055847881, Final residual = 7.8767219e-05, No Iterations 3
GAMG:  Solving for p, Initial residual = 0.0077724499, Final residual = 4.5041286e-05, No Iterations 3
GAMG:  Solving for p, Initial residual = 0.00015429874, Final residual = 9.0193427e-07, No Iterations 4
time step continuity errors : sum local = 9.5351848e-06, global = 1.1778647e-07, cumulative = -0.0021014726
smoothSolver:  Solving for omega, Initial residual = 0.00044033669, Final residual = 3.7565432e-06, No Iterations 2
smoothSolver:  Solving for k, Initial residual = 0.0017282187, Final residual = 1.7386632e-05, No Iterations 2
bounding k, min: 1.5663893e-16 max: 0.32607507 average: 0.059676811
ExecutionTime = 717.88096 s  ClockTime = 718 s

Time = 496s

smoothSolver:  Solving for Ux, Initial residual = 0.00064177563, Final residual = 9.0620127e-06, No Iterations 3
smoothSolver:  Solving for Uy, Initial residual = 0.0067197435, Final residual = 9.7769032e-05, No Iterations 3
smoothSolver:  Solving for Uz, Initial residual = 0.0055485557, Final residual = 7.8100181e-05, No Iterations 3
GAMG:  Solving for p, Initial residual = 0.0077678511, Final residual = 4.480807e-05, No Iterations 3
GAMG:  Solving for p, Initial residual = 0.00015372227, Final residual = 9.5247392e-07, No Iterations 4
time step continuity errors : sum local = 1.0066034e-05, global = 4.40825e-08, cumulative = -0.0021014285
smoothSolver:  Solving for omega, Initial residual = 0.00044374799, Final residual = 3.9452606e-06, No Iterations 2
smoothSolver:  Solving for k, Initial residual = 0.0017244604, Final residual = 1.740415e-05, No Iterations 2
bounding k, min: 1.774982e-16 max: 0.3265381 average: 0.059669751
ExecutionTime = 719.4413 s  ClockTime = 720 s

Time = 497s

smoothSolver:  Solving for Ux, Initial residual = 0.00064043634, Final residual = 9.0314151e-06, No Iterations 3
smoothSolver:  Solving for Uy, Initial residual = 0.0067388728, Final residual = 9.8129851e-05, No Iterations 3
smoothSolver:  Solving for Uz, Initial residual = 0.0055188766, Final residual = 7.7508502e-05, No Iterations 3
GAMG:  Solving for p, Initial residual = 0.0077825424, Final residual = 4.4875303e-05, No Iterations 3
GAMG:  Solving for p, Initial residual = 0.00015347733, Final residual = 9.5908728e-07, No Iterations 4
time step continuity errors : sum local = 1.0133373e-05, global = 1.0397404e-07, cumulative = -0.0021013245
smoothSolver:  Solving for omega, Initial residual = 0.00043643985, Final residual = 3.7461668e-06, No Iterations 2
smoothSolver:  Solving for k, Initial residual = 0.0017199641, Final residual = 1.7350756e-05, No Iterations 2
bounding k, min: 1.8799639e-16 max: 0.32690284 average: 0.059663458
ExecutionTime = 721.39795 s  ClockTime = 722 s

Time = 498s

smoothSolver:  Solving for Ux, Initial residual = 0.00063924569, Final residual = 9.0030006e-06, No Iterations 3
smoothSolver:  Solving for Uy, Initial residual = 0.0067625484, Final residual = 9.8525186e-05, No Iterations 3
smoothSolver:  Solving for Uz, Initial residual = 0.0054898432, Final residual = 7.7022922e-05, No Iterations 3
GAMG:  Solving for p, Initial residual = 0.0077688063, Final residual = 4.5661399e-05, No Iterations 3
GAMG:  Solving for p, Initial residual = 0.00015469637, Final residual = 9.4458126e-07, No Iterations 4
time step continuity errors : sum local = 9.9782488e-06, global = 2.1580944e-07, cumulative = -0.0021011087
smoothSolver:  Solving for omega, Initial residual = 0.0004389029, Final residual = 3.9149764e-06, No Iterations 2
smoothSolver:  Solving for k, Initial residual = 0.0017104548, Final residual = 1.7289705e-05, No Iterations 2
bounding k, min: 1.8197079e-16 max: 0.32716416 average: 0.059658331
ExecutionTime = 723.21689 s  ClockTime = 723 s

Time = 499s

smoothSolver:  Solving for Ux, Initial residual = 0.00063812344, Final residual = 8.9725598e-06, No Iterations 3
smoothSolver:  Solving for Uy, Initial residual = 0.0067906679, Final residual = 9.8956404e-05, No Iterations 3
smoothSolver:  Solving for Uz, Initial residual = 0.0054583024, Final residual = 7.6593211e-05, No Iterations 3
GAMG:  Solving for p, Initial residual = 0.0077499959, Final residual = 4.6610829e-05, No Iterations 3
GAMG:  Solving for p, Initial residual = 0.00015604824, Final residual = 9.5792687e-07, No Iterations 4
time step continuity errors : sum local = 1.0116662e-05, global = 3.0967923e-07, cumulative = -0.002100799
smoothSolver:  Solving for omega, Initial residual = 0.00043954811, Final residual = 3.8246949e-06, No Iterations 2
smoothSolver:  Solving for k, Initial residual = 0.0017026265, Final residual = 1.7244196e-05, No Iterations 2
bounding k, min: 1.8138045e-16 max: 0.32731891 average: 0.059653798
ExecutionTime = 725.0512 s  ClockTime = 725 s

Time = 500s

smoothSolver:  Solving for Ux, Initial residual = 0.0006369911, Final residual = 8.939092e-06, No Iterations 3
smoothSolver:  Solving for Uy, Initial residual = 0.0068265024, Final residual = 9.9373753e-05, No Iterations 3
smoothSolver:  Solving for Uz, Initial residual = 0.0054364164, Final residual = 7.6247857e-05, No Iterations 3
GAMG:  Solving for p, Initial residual = 0.0077393644, Final residual = 4.7608443e-05, No Iterations 3
GAMG:  Solving for p, Initial residual = 0.00015702802, Final residual = 9.9680883e-07, No Iterations 4
time step continuity errors : sum local = 1.0526784e-05, global = 2.4184504e-07, cumulative = -0.0021005572
smoothSolver:  Solving for omega, Initial residual = 0.00044124615, Final residual = 3.9858842e-06, No Iterations 2
smoothSolver:  Solving for k, Initial residual = 0.0016943443, Final residual = 1.722333e-05, No Iterations 2
bounding k, min: 1.8711345e-16 max: 0.3273835 average: 0.059649717
ExecutionTime = 726.80212 s  ClockTime = 727 s

Time = 501s

smoothSolver:  Solving for Ux, Initial residual = 0.000635789, Final residual = 8.8999732e-06, No Iterations 3
smoothSolver:  Solving for Uy, Initial residual = 0.0068666685, Final residual = 9.9808337e-05, No Iterations 3
smoothSolver:  Solving for Uz, Initial residual = 0.0054189592, Final residual = 7.6020719e-05, No Iterations 3
GAMG:  Solving for p, Initial residual = 0.0077412419, Final residual = 4.8269705e-05, No Iterations 3
GAMG:  Solving for p, Initial residual = 0.00015688388, Final residual = 9.5431904e-07, No Iterations 4
time step continuity errors : sum local = 1.0080484e-05, global = 5.4979885e-07, cumulative = -0.0021000074
smoothSolver:  Solving for omega, Initial residual = 0.00043285855, Final residual = 3.7355071e-06, No Iterations 2
smoothSolver:  Solving for k, Initial residual = 0.0016880102, Final residual = 1.7158406e-05, No Iterations 2
bounding k, min: 1.973965e-16 max: 0.32752057 average: 0.059646214
ExecutionTime = 728.49749 s  ClockTime = 729 s

Time = 502s

smoothSolver:  Solving for Ux, Initial residual = 0.00063450695, Final residual = 8.8584251e-06, No Iterations 3
smoothSolver:  Solving for Uy, Initial residual = 0.0069071569, Final residual = 0.00010017551, No Iterations 3
smoothSolver:  Solving for Uz, Initial residual = 0.005414584, Final residual = 7.5862965e-05, No Iterations 3
GAMG:  Solving for p, Initial residual = 0.0077699197, Final residual = 4.8750353e-05, No Iterations 3
GAMG:  Solving for p, Initial residual = 0.00015674205, Final residual = 1.0151449e-06, No Iterations 4
time step continuity errors : sum local = 1.0724104e-05, global = 1.6562444e-07, cumulative = -0.0020998417
smoothSolver:  Solving for omega, Initial residual = 0.00043640958, Final residual = 3.9355819e-06, No Iterations 2
smoothSolver:  Solving for k, Initial residual = 0.0016809498, Final residual = 1.7148296e-05, No Iterations 2
bounding k, min: 2.1184875e-16 max: 0.32756723 average: 0.059643291
ExecutionTime = 730.22926 s  ClockTime = 730 s

Time = 503s

smoothSolver:  Solving for Ux, Initial residual = 0.00063316208, Final residual = 8.8145138e-06, No Iterations 3
smoothSolver:  Solving for Uy, Initial residual = 0.006951285, Final residual = 0.00010053071, No Iterations 3
smoothSolver:  Solving for Uz, Initial residual = 0.0054207035, Final residual = 7.5763558e-05, No Iterations 3
GAMG:  Solving for p, Initial residual = 0.0078214142, Final residual = 4.8747741e-05, No Iterations 3
GAMG:  Solving for p, Initial residual = 0.00015572574, Final residual = 1.0904072e-06, No Iterations 4
time step continuity errors : sum local = 1.1519471e-05, global = -4.2004691e-08, cumulative = -0.0020998837
smoothSolver:  Solving for omega, Initial residual = 0.0004361331, Final residual = 3.7062276e-06, No Iterations 2
smoothSolver:  Solving for k, Initial residual = 0.0016764351, Final residual = 1.711897e-05, No Iterations 2
ExecutionTime = 731.9474 s  ClockTime = 732 s

Time = 504s

smoothSolver:  Solving for Ux, Initial residual = 0.0006320003, Final residual = 8.7695907e-06, No Iterations 3
smoothSolver:  Solving for Uy, Initial residual = 0.0069967132, Final residual = 0.00010075357, No Iterations 3
smoothSolver:  Solving for Uz, Initial residual = 0.0054389969, Final residual = 7.5719289e-05, No Iterations 3
GAMG:  Solving for p, Initial residual = 0.0078781165, Final residual = 4.8548874e-05, No Iterations 3
GAMG:  Solving for p, Initial residual = 0.00015440847, Final residual = 1.0259263e-06, No Iterations 4
time step continuity errors : sum local = 1.083765e-05, global = -4.877003e-08, cumulative = -0.0020999325
smoothSolver:  Solving for omega, Initial residual = 0.00043909464, Final residual = 3.9066358e-06, No Iterations 2
smoothSolver:  Solving for k, Initial residual = 0.00166847, Final residual = 1.7036022e-05, No Iterations 2
ExecutionTime = 733.57847 s  ClockTime = 734 s

Time = 505s

smoothSolver:  Solving for Ux, Initial residual = 0.0006307408, Final residual = 8.7240251e-06, No Iterations 3
smoothSolver:  Solving for Uy, Initial residual = 0.0070416804, Final residual = 0.00010085744, No Iterations 3
smoothSolver:  Solving for Uz, Initial residual = 0.0054587449, Final residual = 7.5607184e-05, No Iterations 3
GAMG:  Solving for p, Initial residual = 0.0079523023, Final residual = 4.8055613e-05, No Iterations 3
GAMG:  Solving for p, Initial residual = 0.00015304885, Final residual = 1.0520977e-06, No Iterations 4
time step continuity errors : sum local = 1.1112909e-05, global = -1.8463205e-07, cumulative = -0.0021001171
smoothSolver:  Solving for omega, Initial residual = 0.00043387786, Final residual = 3.744084e-06, No Iterations 2
smoothSolver:  Solving for k, Initial residual = 0.0016628576, Final residual = 1.6979665e-05, No Iterations 2
bounding k, min: 2.1876298e-16 max: 0.32722426 average: 0.059635648
ExecutionTime = 735.23911 s  ClockTime = 735 s

Time = 506s

smoothSolver:  Solving for Ux, Initial residual = 0.00062936777, Final residual = 8.6813163e-06, No Iterations 3
smoothSolver:  Solving for Uy, Initial residual = 0.0070821355, Final residual = 0.0001008856, No Iterations 3
smoothSolver:  Solving for Uz, Initial residual = 0.0054826398, Final residual = 7.5453266e-05, No Iterations 3
GAMG:  Solving for p, Initial residual = 0.008049351, Final residual = 4.7994195e-05, No Iterations 3
GAMG:  Solving for p, Initial residual = 0.00015272262, Final residual = 1.0234427e-06, No Iterations 4
time step continuity errors : sum local = 1.0808286e-05, global = -2.3988542e-07, cumulative = -0.002100357
smoothSolver:  Solving for omega, Initial residual = 0.000436137, Final residual = 3.896692e-06, No Iterations 2
smoothSolver:  Solving for k, Initial residual = 0.0016560836, Final residual = 1.6932627e-05, No Iterations 2
bounding k, min: 1.9672528e-16 max: 0.32697819 average: 0.059633455
ExecutionTime = 736.97665 s  ClockTime = 737 s

Time = 507s

smoothSolver:  Solving for Ux, Initial residual = 0.00062781672, Final residual = 8.6415284e-06, No Iterations 3
smoothSolver:  Solving for Uy, Initial residual = 0.0071187064, Final residual = 0.00010091555, No Iterations 3
smoothSolver:  Solving for Uz, Initial residual = 0.0055045148, Final residual = 7.5306888e-05, No Iterations 3
GAMG:  Solving for p, Initial residual = 0.0081538931, Final residual = 4.836221e-05, No Iterations 3
GAMG:  Solving for p, Initial residual = 0.00015262933, Final residual = 1.0404882e-06, No Iterations 4
time step continuity errors : sum local = 1.0988076e-05, global = 1.538356e-07, cumulative = -0.0021002032
smoothSolver:  Solving for omega, Initial residual = 0.00043628299, Final residual = 3.7088551e-06, No Iterations 2
smoothSolver:  Solving for k, Initial residual = 0.0016512812, Final residual = 1.6902667e-05, No Iterations 2
bounding k, min: 1.955599e-16 max: 0.3267014 average: 0.059630526
ExecutionTime = 738.85552 s  ClockTime = 739 s

Time = 508s

smoothSolver:  Solving for Ux, Initial residual = 0.00062621137, Final residual = 8.604548e-06, No Iterations 3
smoothSolver:  Solving for Uy, Initial residual = 0.0071502464, Final residual = 0.00010098303, No Iterations 3
smoothSolver:  Solving for Uz, Initial residual = 0.0055271229, Final residual = 7.5205729e-05, No Iterations 3
GAMG:  Solving for p, Initial residual = 0.008218535, Final residual = 4.885778e-05, No Iterations 3
GAMG:  Solving for p, Initial residual = 0.0001528728, Final residual = 1.0801184e-06, No Iterations 4
time step continuity errors : sum local = 1.1405313e-05, global = 4.5769013e-07, cumulative = -0.0020997455
smoothSolver:  Solving for omega, Initial residual = 0.00043958815, Final residual = 3.9454502e-06, No Iterations 2
smoothSolver:  Solving for k, Initial residual = 0.0016455493, Final residual = 1.6863125e-05, No Iterations 2
bounding k, min: 1.9902493e-16 max: 0.32650425 average: 0.059627753
ExecutionTime = 740.46483 s  ClockTime = 741 s

Time = 509s

smoothSolver:  Solving for Ux, Initial residual = 0.00062449713, Final residual = 8.5697731e-06, No Iterations 3
smoothSolver:  Solving for Uy, Initial residual = 0.0071735668, Final residual = 0.00010116581, No Iterations 3
smoothSolver:  Solving for Uz, Initial residual = 0.0055386889, Final residual = 7.5194505e-05, No Iterations 3
GAMG:  Solving for p, Initial residual = 0.0082690778, Final residual = 4.9286606e-05, No Iterations 3
GAMG:  Solving for p, Initial residual = 0.00015357531, Final residual = 1.1328674e-06, No Iterations 4
time step continuity errors : sum local = 1.1960134e-05, global = 2.1857315e-07, cumulative = -0.0020995269
smoothSolver:  Solving for omega, Initial residual = 0.00043301769, Final residual = 3.7366086e-06, No Iterations 2
smoothSolver:  Solving for k, Initial residual = 0.0016398653, Final residual = 1.679152e-05, No Iterations 2
bounding k, min: 2.0666928e-16 max: 0.3262622 average: 0.059623867
ExecutionTime = 741.95497 s  ClockTime = 742 s

Time = 510s

smoothSolver:  Solving for Ux, Initial residual = 0.00062271048, Final residual = 8.5355722e-06, No Iterations 3
smoothSolver:  Solving for Uy, Initial residual = 0.0071868811, Final residual = 0.00010136445, No Iterations 3
smoothSolver:  Solving for Uz, Initial residual = 0.0055474644, Final residual = 7.531525e-05, No Iterations 3
GAMG:  Solving for p, Initial residual = 0.0083003886, Final residual = 4.9739669e-05, No Iterations 3
GAMG:  Solving for p, Initial residual = 0.00015416118, Final residual = 1.2210362e-06, No Iterations 4
time step continuity errors : sum local = 1.2891102e-05, global = 8.2039451e-07, cumulative = -0.0020987065
smoothSolver:  Solving for omega, Initial residual = 0.00043593503, Final residual = 3.9213468e-06, No Iterations 2
smoothSolver:  Solving for k, Initial residual = 0.0016322155, Final residual = 1.6728242e-05, No Iterations 2
bounding k, min: 2.1895168e-16 max: 0.32597702 average: 0.059619742
ExecutionTime = 743.37211 s  ClockTime = 744 s

Time = 511s

smoothSolver:  Solving for Ux, Initial residual = 0.0006207416, Final residual = 8.4958591e-06, No Iterations 3
smoothSolver:  Solving for Uy, Initial residual = 0.0071978502, Final residual = 0.00010156938, No Iterations 3
smoothSolver:  Solving for Uz, Initial residual = 0.0055542664, Final residual = 7.5590403e-05, No Iterations 3
GAMG:  Solving for p, Initial residual = 0.0083253728, Final residual = 5.0460322e-05, No Iterations 3
GAMG:  Solving for p, Initial residual = 0.00015451242, Final residual = 1.2913812e-06, No Iterations 4
time step continuity errors : sum local = 1.3634314e-05, global = 6.3817814e-07, cumulative = -0.0020980684
smoothSolver:  Solving for omega, Initial residual = 0.0004350876, Final residual = 3.6954124e-06, No Iterations 2
smoothSolver:  Solving for k, Initial residual = 0.0016260677, Final residual = 1.6684422e-05, No Iterations 2
bounding k, min: 2.0592072e-16 max: 0.32564823 average: 0.059614647
ExecutionTime = 744.66331 s  ClockTime = 745 s

Time = 512s

smoothSolver:  Solving for Ux, Initial residual = 0.00061859244, Final residual = 8.4527748e-06, No Iterations 3
smoothSolver:  Solving for Uy, Initial residual = 0.0072044016, Final residual = 0.00010168641, No Iterations 3
smoothSolver:  Solving for Uz, Initial residual = 0.0055680099, Final residual = 7.5994975e-05, No Iterations 3
GAMG:  Solving for p, Initial residual = 0.0083223563, Final residual = 5.1029984e-05, No Iterations 3
GAMG:  Solving for p, Initial residual = 0.00015504428, Final residual = 1.3744804e-06, No Iterations 4
time step continuity errors : sum local = 1.4509373e-05, global = 8.722452e-07, cumulative = -0.0020971961
smoothSolver:  Solving for omega, Initial residual = 0.00043704479, Final residual = 3.8929154e-06, No Iterations 2
smoothSolver:  Solving for k, Initial residual = 0.0016192639, Final residual = 1.6627308e-05, No Iterations 2
bounding k, min: 1.7701108e-16 max: 0.32527291 average: 0.059608867
ExecutionTime = 745.85322 s  ClockTime = 746 s

Time = 513s

smoothSolver:  Solving for Ux, Initial residual = 0.00061634079, Final residual = 8.4060179e-06, No Iterations 3
smoothSolver:  Solving for Uy, Initial residual = 0.0072084029, Final residual = 0.00010177098, No Iterations 3
smoothSolver:  Solving for Uz, Initial residual = 0.0055852344, Final residual = 7.6422336e-05, No Iterations 3
GAMG:  Solving for p, Initial residual = 0.0083122677, Final residual = 5.0921924e-05, No Iterations 3
GAMG:  Solving for p, Initial residual = 0.00015569722, Final residual = 1.4235451e-06, No Iterations 4
time step continuity errors : sum local = 1.5024413e-05, global = 7.6968495e-07, cumulative = -0.0020964264
smoothSolver:  Solving for omega, Initial residual = 0.00043174741, Final residual = 3.7130416e-06, No Iterations 2
smoothSolver:  Solving for k, Initial residual = 0.0016130116, Final residual = 1.6559579e-05, No Iterations 2
bounding k, min: 1.7229506e-16 max: 0.32516369 average: 0.059602354
ExecutionTime = 747.06098 s  ClockTime = 747 s

Time = 514s

smoothSolver:  Solving for Ux, Initial residual = 0.00061407507, Final residual = 8.3592763e-06, No Iterations 3
smoothSolver:  Solving for Uy, Initial residual = 0.0072125138, Final residual = 0.00010177162, No Iterations 3
smoothSolver:  Solving for Uz, Initial residual = 0.0056066796, Final residual = 7.6758537e-05, No Iterations 3
GAMG:  Solving for p, Initial residual = 0.0083100871, Final residual = 5.0753093e-05, No Iterations 3
GAMG:  Solving for p, Initial residual = 0.00015723291, Final residual = 1.491489e-06, No Iterations 4
time step continuity errors : sum local = 1.5735359e-05, global = 9.1598021e-07, cumulative = -0.0020955105
smoothSolver:  Solving for omega, Initial residual = 0.00043647204, Final residual = 3.9303883e-06, No Iterations 2
smoothSolver:  Solving for k, Initial residual = 0.0016057681, Final residual = 1.6498831e-05, No Iterations 2
bounding k, min: 1.7242836e-16 max: 0.325212 average: 0.059595283
ExecutionTime = 748.25215 s  ClockTime = 748 s

Time = 515s

smoothSolver:  Solving for Ux, Initial residual = 0.00061188938, Final residual = 8.3143192e-06, No Iterations 3
smoothSolver:  Solving for Uy, Initial residual = 0.0072217151, Final residual = 0.0001017644, No Iterations 3
smoothSolver:  Solving for Uz, Initial residual = 0.0056323407, Final residual = 7.7049627e-05, No Iterations 3
GAMG:  Solving for p, Initial residual = 0.0082903193, Final residual = 5.1071959e-05, No Iterations 3
GAMG:  Solving for p, Initial residual = 0.00015978071, Final residual = 1.532276e-06, No Iterations 4
time step continuity errors : sum local = 1.6155668e-05, global = 9.404696e-07, cumulative = -0.00209457
smoothSolver:  Solving for omega, Initial residual = 0.000434954, Final residual = 3.7182358e-06, No Iterations 2
smoothSolver:  Solving for k, Initial residual = 0.0016004253, Final residual = 1.6477923e-05, No Iterations 2
bounding k, min: 1.7565126e-16 max: 0.32621924 average: 0.059586982
ExecutionTime = 749.47902 s  ClockTime = 750 s

Time = 516s

smoothSolver:  Solving for Ux, Initial residual = 0.00061005092, Final residual = 8.2782324e-06, No Iterations 3
smoothSolver:  Solving for Uy, Initial residual = 0.0072320135, Final residual = 0.00010170828, No Iterations 3
smoothSolver:  Solving for Uz, Initial residual = 0.005662804, Final residual = 7.7254046e-05, No Iterations 3
GAMG:  Solving for p, Initial residual = 0.0082914986, Final residual = 5.2115674e-05, No Iterations 3
GAMG:  Solving for p, Initial residual = 0.00016318044, Final residual = 1.550595e-06, No Iterations 4
time step continuity errors : sum local = 1.6334732e-05, global = 9.8957883e-07, cumulative = -0.0020935804
smoothSolver:  Solving for omega, Initial residual = 0.00043633636, Final residual = 3.8637839e-06, No Iterations 2
smoothSolver:  Solving for k, Initial residual = 0.0015943951, Final residual = 1.6429351e-05, No Iterations 2
bounding k, min: 1.8205434e-16 max: 0.32785289 average: 0.059578798
ExecutionTime = 750.81873 s  ClockTime = 751 s

Time = 517s

smoothSolver:  Solving for Ux, Initial residual = 0.00060850038, Final residual = 8.252971e-06, No Iterations 3
smoothSolver:  Solving for Uy, Initial residual = 0.0072533901, Final residual = 0.00010173919, No Iterations 3
smoothSolver:  Solving for Uz, Initial residual = 0.0056913176, Final residual = 7.7397641e-05, No Iterations 3
GAMG:  Solving for p, Initial residual = 0.008310664, Final residual = 5.3804326e-05, No Iterations 3
GAMG:  Solving for p, Initial residual = 0.00016693903, Final residual = 1.4847148e-06, No Iterations 4
time step continuity errors : sum local = 1.5619229e-05, global = 7.5452648e-07, cumulative = -0.0020928259
smoothSolver:  Solving for omega, Initial residual = 0.00043049531, Final residual = 3.6977165e-06, No Iterations 2
smoothSolver:  Solving for k, Initial residual = 0.0015891868, Final residual = 1.641282e-05, No Iterations 2
bounding k, min: 1.6766924e-16 max: 0.32937541 average: 0.059570003
ExecutionTime = 752.18042 s  ClockTime = 752 s

Time = 518s

smoothSolver:  Solving for Ux, Initial residual = 0.00060741006, Final residual = 8.2342204e-06, No Iterations 3
smoothSolver:  Solving for Uy, Initial residual = 0.0072903221, Final residual = 0.00010186326, No Iterations 3
smoothSolver:  Solving for Uz, Initial residual = 0.0057200875, Final residual = 7.7388285e-05, No Iterations 3
GAMG:  Solving for p, Initial residual = 0.0083583923, Final residual = 5.5005998e-05, No Iterations 3
GAMG:  Solving for p, Initial residual = 0.00017045564, Final residual = 1.3868883e-06, No Iterations 4
time step continuity errors : sum local = 1.4567773e-05, global = 7.0354908e-07, cumulative = -0.0020921223
smoothSolver:  Solving for omega, Initial residual = 0.00043345197, Final residual = 3.8591582e-06, No Iterations 2
smoothSolver:  Solving for k, Initial residual = 0.0015818061, Final residual = 1.629165e-05, No Iterations 2
bounding k, min: 1.5914282e-16 max: 0.33081289 average: 0.059561074
ExecutionTime = 753.56708 s  ClockTime = 754 s

Time = 519s

smoothSolver:  Solving for Ux, Initial residual = 0.00060658575, Final residual = 8.217149e-06, No Iterations 3
smoothSolver:  Solving for Uy, Initial residual = 0.0073372389, Final residual = 0.00010231836, No Iterations 3
smoothSolver:  Solving for Uz, Initial residual = 0.0057429915, Final residual = 7.7291779e-05, No Iterations 3
GAMG:  Solving for p, Initial residual = 0.0084294135, Final residual = 5.5480592e-05, No Iterations 3
GAMG:  Solving for p, Initial residual = 0.00017350341, Final residual = 1.2525026e-06, No Iterations 4
time step continuity errors : sum local = 1.3133849e-05, global = 4.3201953e-07, cumulative = -0.0020916903
smoothSolver:  Solving for omega, Initial residual = 0.00043315285, Final residual = 3.6600356e-06, No Iterations 2
smoothSolver:  Solving for k, Initial residual = 0.0015772, Final residual = 1.6270414e-05, No Iterations 2
bounding k, min: 1.5601175e-16 max: 0.33201818 average: 0.059551352
ExecutionTime = 754.84754 s  ClockTime = 755 s

Time = 520s

smoothSolver:  Solving for Ux, Initial residual = 0.00060588482, Final residual = 8.2005896e-06, No Iterations 3
smoothSolver:  Solving for Uy, Initial residual = 0.0074034664, Final residual = 0.00010308636, No Iterations 3
smoothSolver:  Solving for Uz, Initial residual = 0.0057622182, Final residual = 7.7066686e-05, No Iterations 3
GAMG:  Solving for p, Initial residual = 0.0085003781, Final residual = 5.5712379e-05, No Iterations 3
GAMG:  Solving for p, Initial residual = 0.00017405876, Final residual = 1.1308172e-06, No Iterations 4
time step continuity errors : sum local = 1.1838749e-05, global = 5.3786923e-07, cumulative = -0.0020911524
smoothSolver:  Solving for omega, Initial residual = 0.0004386576, Final residual = 3.8895626e-06, No Iterations 2
smoothSolver:  Solving for k, Initial residual = 0.0015671169, Final residual = 1.6157567e-05, No Iterations 2
bounding k, min: 1.5641257e-16 max: 0.33319854 average: 0.059542427
ExecutionTime = 756.13248 s  ClockTime = 756 s

Time = 521s

smoothSolver:  Solving for Ux, Initial residual = 0.00060543267, Final residual = 8.1824666e-06, No Iterations 3
smoothSolver:  Solving for Uy, Initial residual = 0.0074757791, Final residual = 0.00010396851, No Iterations 3
smoothSolver:  Solving for Uz, Initial residual = 0.005778603, Final residual = 7.6802527e-05, No Iterations 3
GAMG:  Solving for p, Initial residual = 0.0085934111, Final residual = 5.542665e-05, No Iterations 3
GAMG:  Solving for p, Initial residual = 0.00017476725, Final residual = 1.0131349e-06, No Iterations 4
time step continuity errors : sum local = 1.0591996e-05, global = 4.2652451e-07, cumulative = -0.0020907259
smoothSolver:  Solving for omega, Initial residual = 0.00043115047, Final residual = 3.6542975e-06, No Iterations 2
smoothSolver:  Solving for k, Initial residual = 0.0015575903, Final residual = 1.6081265e-05, No Iterations 2
bounding k, min: 1.585887e-16 max: 0.33423969 average: 0.059533157
ExecutionTime = 757.57418 s  ClockTime = 758 s

Time = 522s

smoothSolver:  Solving for Ux, Initial residual = 0.00060518611, Final residual = 8.1635697e-06, No Iterations 3
smoothSolver:  Solving for Uy, Initial residual = 0.0075478299, Final residual = 0.00010482022, No Iterations 3
smoothSolver:  Solving for Uz, Initial residual = 0.0057879386, Final residual = 7.642844e-05, No Iterations 3
GAMG:  Solving for p, Initial residual = 0.0086742252, Final residual = 5.5117621e-05, No Iterations 3
GAMG:  Solving for p, Initial residual = 0.0001751426, Final residual = 9.2997844e-07, No Iterations 4
time step continuity errors : sum local = 9.7132787e-06, global = 7.884789e-07, cumulative = -0.0020899374
smoothSolver:  Solving for omega, Initial residual = 0.00043560752, Final residual = 3.8249196e-06, No Iterations 2
smoothSolver:  Solving for k, Initial residual = 0.0015468788, Final residual = 1.5968446e-05, No Iterations 2
bounding k, min: 1.6176647e-16 max: 0.33525915 average: 0.059524129
ExecutionTime = 758.84383 s  ClockTime = 759 s

Time = 523s

smoothSolver:  Solving for Ux, Initial residual = 0.00060513684, Final residual = 8.1426047e-06, No Iterations 3
smoothSolver:  Solving for Uy, Initial residual = 0.0076144553, Final residual = 0.00010562128, No Iterations 3
smoothSolver:  Solving for Uz, Initial residual = 0.0057973085, Final residual = 7.6047526e-05, No Iterations 3
GAMG:  Solving for p, Initial residual = 0.008744211, Final residual = 5.474636e-05, No Iterations 3
GAMG:  Solving for p, Initial residual = 0.00017572449, Final residual = 8.8939784e-07, No Iterations 4
time step continuity errors : sum local = 9.2810043e-06, global = 6.6836699e-07, cumulative = -0.0020892691
smoothSolver:  Solving for omega, Initial residual = 0.00043752564, Final residual = 3.6888814e-06, No Iterations 2
smoothSolver:  Solving for k, Initial residual = 0.0015374125, Final residual = 1.5882517e-05, No Iterations 2
bounding k, min: 1.6598624e-16 max: 0.33617764 average: 0.059514995
ExecutionTime = 760.03093 s  ClockTime = 760 s

Time = 524s

smoothSolver:  Solving for Ux, Initial residual = 0.00060522117, Final residual = 8.121259e-06, No Iterations 3
smoothSolver:  Solving for Uy, Initial residual = 0.007674745, Final residual = 0.00010629185, No Iterations 3
smoothSolver:  Solving for Uz, Initial residual = 0.0058061963, Final residual = 7.5685599e-05, No Iterations 3
GAMG:  Solving for p, Initial residual = 0.0088093109, Final residual = 5.4616964e-05, No Iterations 3
GAMG:  Solving for p, Initial residual = 0.00017653715, Final residual = 8.7576628e-07, No Iterations 4
time step continuity errors : sum local = 9.1350865e-06, global = 4.7037985e-07, cumulative = -0.0020887987
smoothSolver:  Solving for omega, Initial residual = 0.00044006837, Final residual = 3.8630975e-06, No Iterations 2
smoothSolver:  Solving for k, Initial residual = 0.0015274167, Final residual = 1.5791916e-05, No Iterations 2
bounding k, min: 1.7095438e-16 max: 0.33707273 average: 0.059505843
ExecutionTime = 761.17415 s  ClockTime = 761 s

Time = 525s

smoothSolver:  Solving for Ux, Initial residual = 0.0006054425, Final residual = 8.1003419e-06, No Iterations 3
smoothSolver:  Solving for Uy, Initial residual = 0.0077209475, Final residual = 0.00010677266, No Iterations 3
smoothSolver:  Solving for Uz, Initial residual = 0.0058159698, Final residual = 7.5369473e-05, No Iterations 3
GAMG:  Solving for p, Initial residual = 0.0088634421, Final residual = 5.5087597e-05, No Iterations 3
GAMG:  Solving for p, Initial residual = 0.0001772289, Final residual = 8.7369147e-07, No Iterations 4
time step continuity errors : sum local = 9.1123816e-06, global = -1.2891754e-07, cumulative = -0.0020889276
smoothSolver:  Solving for omega, Initial residual = 0.000432865, Final residual = 3.6934243e-06, No Iterations 2
smoothSolver:  Solving for k, Initial residual = 0.0015154093, Final residual = 1.5693527e-05, No Iterations 2
bounding k, min: 1.7652343e-16 max: 0.337885 average: 0.059497091
ExecutionTime = 762.38366 s  ClockTime = 763 s

Time = 526s

smoothSolver:  Solving for Ux, Initial residual = 0.00060539057, Final residual = 8.0802105e-06, No Iterations 3
smoothSolver:  Solving for Uy, Initial residual = 0.0077526315, Final residual = 0.0001069986, No Iterations 3
smoothSolver:  Solving for Uz, Initial residual = 0.0058235074, Final residual = 7.5126527e-05, No Iterations 3
GAMG:  Solving for p, Initial residual = 0.0089204219, Final residual = 5.6310588e-05, No Iterations 3
GAMG:  Solving for p, Initial residual = 0.00017893199, Final residual = 8.532505e-07, No Iterations 4
time step continuity errors : sum local = 8.9002783e-06, global = -1.1984961e-07, cumulative = -0.0020890475
smoothSolver:  Solving for omega, Initial residual = 0.00043742574, Final residual = 3.8915729e-06, No Iterations 2
smoothSolver:  Solving for k, Initial residual = 0.0015007411, Final residual = 1.553842e-05, No Iterations 2
bounding k, min: 1.8263975e-16 max: 0.33867142 average: 0.059489006
ExecutionTime = 763.55631 s  ClockTime = 764 s

Time = 527s

smoothSolver:  Solving for Ux, Initial residual = 0.00060502064, Final residual = 8.0599543e-06, No Iterations 3
smoothSolver:  Solving for Uy, Initial residual = 0.0077677184, Final residual = 0.0001071207, No Iterations 3
smoothSolver:  Solving for Uz, Initial residual = 0.0058262499, Final residual = 7.4953147e-05, No Iterations 3
GAMG:  Solving for p, Initial residual = 0.0089660246, Final residual = 5.7916448e-05, No Iterations 3
GAMG:  Solving for p, Initial residual = 0.0001808671, Final residual = 8.4747067e-07, No Iterations 4
time step continuity errors : sum local = 8.8435845e-06, global = 1.0419036e-07, cumulative = -0.0020889433
smoothSolver:  Solving for omega, Initial residual = 0.00043721457, Final residual = 3.6826108e-06, No Iterations 2
smoothSolver:  Solving for k, Initial residual = 0.0014880428, Final residual = 1.5458917e-05, No Iterations 2
bounding k, min: 1.8930181e-16 max: 0.33938222 average: 0.059480254
ExecutionTime = 764.88755 s  ClockTime = 765 s

Time = 528s

smoothSolver:  Solving for Ux, Initial residual = 0.00060448382, Final residual = 8.0405033e-06, No Iterations 3
smoothSolver:  Solving for Uy, Initial residual = 0.007774447, Final residual = 0.00010716421, No Iterations 3
smoothSolver:  Solving for Uz, Initial residual = 0.0058317189, Final residual = 7.4832321e-05, No Iterations 3
GAMG:  Solving for p, Initial residual = 0.008968728, Final residual = 5.899527e-05, No Iterations 3
GAMG:  Solving for p, Initial residual = 0.00018189786, Final residual = 9.1428225e-07, No Iterations 4
time step continuity errors : sum local = 9.5484748e-06, global = 4.8685188e-08, cumulative = -0.0020888946
smoothSolver:  Solving for omega, Initial residual = 0.00043997319, Final residual = 3.8557913e-06, No Iterations 2
smoothSolver:  Solving for k, Initial residual = 0.0014751183, Final residual = 1.5327901e-05, No Iterations 2
bounding k, min: 1.9652869e-16 max: 0.34008302 average: 0.059472661
ExecutionTime = 766.49257 s  ClockTime = 767 s

Time = 529s

smoothSolver:  Solving for Ux, Initial residual = 0.00060400519, Final residual = 8.0202862e-06, No Iterations 3
smoothSolver:  Solving for Uy, Initial residual = 0.0077745097, Final residual = 0.00010720128, No Iterations 3
smoothSolver:  Solving for Uz, Initial residual = 0.0058336978, Final residual = 7.4753253e-05, No Iterations 3
GAMG:  Solving for p, Initial residual = 0.0089524622, Final residual = 5.9491877e-05, No Iterations 3
GAMG:  Solving for p, Initial residual = 0.00018108402, Final residual = 1.0172547e-06, No Iterations 4
time step continuity errors : sum local = 1.0629807e-05, global = -2.9580431e-07, cumulative = -0.0020891904
smoothSolver:  Solving for omega, Initial residual = 0.00043376299, Final residual = 3.6950587e-06, No Iterations 2
smoothSolver:  Solving for k, Initial residual = 0.0014626844, Final residual = 1.5206791e-05, No Iterations 2
bounding k, min: 2.0407681e-16 max: 0.34071319 average: 0.059465232
ExecutionTime = 768.22944 s  ClockTime = 768 s

Time = 530s

smoothSolver:  Solving for Ux, Initial residual = 0.00060331225, Final residual = 8.0050087e-06, No Iterations 3
smoothSolver:  Solving for Uy, Initial residual = 0.0077727228, Final residual = 0.00010722009, No Iterations 3
smoothSolver:  Solving for Uz, Initial residual = 0.0058382023, Final residual = 7.472927e-05, No Iterations 3
GAMG:  Solving for p, Initial residual = 0.0089246722, Final residual = 5.9472358e-05, No Iterations 3
GAMG:  Solving for p, Initial residual = 0.00018017599, Final residual = 1.1156149e-06, No Iterations 4
time step continuity errors : sum local = 1.1669484e-05, global = 3.7399087e-08, cumulative = -0.002089153
smoothSolver:  Solving for omega, Initial residual = 0.00043710213, Final residual = 3.8603722e-06, No Iterations 2
smoothSolver:  Solving for k, Initial residual = 0.0014535615, Final residual = 1.5142965e-05, No Iterations 2
bounding k, min: 1.9357408e-16 max: 0.34134014 average: 0.059457642
ExecutionTime = 770.01356 s  ClockTime = 770 s

Time = 531s

smoothSolver:  Solving for Ux, Initial residual = 0.00060283296, Final residual = 7.9908746e-06, No Iterations 3
smoothSolver:  Solving for Uy, Initial residual = 0.0077700754, Final residual = 0.00010723195, No Iterations 3
smoothSolver:  Solving for Uz, Initial residual = 0.0058422627, Final residual = 7.4693481e-05, No Iterations 3
GAMG:  Solving for p, Initial residual = 0.0088951123, Final residual = 5.9135181e-05, No Iterations 3
GAMG:  Solving for p, Initial residual = 0.00017897417, Final residual = 1.1499178e-06, No Iterations 4
time step continuity errors : sum local = 1.203904e-05, global = 1.2906384e-07, cumulative = -0.0020890239
smoothSolver:  Solving for omega, Initial residual = 0.00043666053, Final residual = 3.6581426e-06, No Iterations 2
smoothSolver:  Solving for k, Initial residual = 0.0014413749, Final residual = 1.5012583e-05, No Iterations 2
bounding k, min: 1.8451443e-16 max: 0.34190821 average: 0.059450906
ExecutionTime = 771.64715 s  ClockTime = 772 s

Time = 532s

smoothSolver:  Solving for Ux, Initial residual = 0.00060252249, Final residual = 7.9809426e-06, No Iterations 3
smoothSolver:  Solving for Uy, Initial residual = 0.0077654228, Final residual = 0.00010715319, No Iterations 3
smoothSolver:  Solving for Uz, Initial residual = 0.0058423094, Final residual = 7.468418e-05, No Iterations 3
GAMG:  Solving for p, Initial residual = 0.0088482426, Final residual = 5.8323098e-05, No Iterations 3
GAMG:  Solving for p, Initial residual = 0.00017634779, Final residual = 1.1976258e-06, No Iterations 4
time step continuity errors : sum local = 1.2550761e-05, global = 4.7136316e-07, cumulative = -0.0020885526
smoothSolver:  Solving for omega, Initial residual = 0.0004399868, Final residual = 3.8418604e-06, No Iterations 2
smoothSolver:  Solving for k, Initial residual = 0.0014345446, Final residual = 1.4967879e-05, No Iterations 2
bounding k, min: 1.7616157e-16 max: 0.342487 average: 0.059444715
ExecutionTime = 772.84601 s  ClockTime = 773 s

Time = 533s

smoothSolver:  Solving for Ux, Initial residual = 0.00060229645, Final residual = 7.9766627e-06, No Iterations 3
smoothSolver:  Solving for Uy, Initial residual = 0.0077612496, Final residual = 0.00010705811, No Iterations 3
smoothSolver:  Solving for Uz, Initial residual = 0.0058408974, Final residual = 7.4667222e-05, No Iterations 3
GAMG:  Solving for p, Initial residual = 0.0088070188, Final residual = 5.7205615e-05, No Iterations 3
GAMG:  Solving for p, Initial residual = 0.00017342866, Final residual = 1.1723238e-06, No Iterations 4
time step continuity errors : sum local = 1.229723e-05, global = 1.1969285e-06, cumulative = -0.0020873556
smoothSolver:  Solving for omega, Initial residual = 0.00043249919, Final residual = 3.656577e-06, No Iterations 2
smoothSolver:  Solving for k, Initial residual = 0.0014265678, Final residual = 1.4862774e-05, No Iterations 2
bounding k, min: 1.684814e-16 max: 0.34300925 average: 0.059437972
ExecutionTime = 774.04185 s  ClockTime = 774 s

Time = 534s

smoothSolver:  Solving for Ux, Initial residual = 0.00060216658, Final residual = 7.9775407e-06, No Iterations 3
smoothSolver:  Solving for Uy, Initial residual = 0.0077483337, Final residual = 0.00010684137, No Iterations 3
smoothSolver:  Solving for Uz, Initial residual = 0.0058304463, Final residual = 7.4591711e-05, No Iterations 3
GAMG:  Solving for p, Initial residual = 0.0087602791, Final residual = 5.5924051e-05, No Iterations 3
GAMG:  Solving for p, Initial residual = 0.00016993868, Final residual = 1.1556292e-06, No Iterations 4
time step continuity errors : sum local = 1.2134076e-05, global = 1.8113892e-06, cumulative = -0.0020855442
smoothSolver:  Solving for omega, Initial residual = 0.00043743402, Final residual = 3.8445413e-06, No Iterations 2
smoothSolver:  Solving for k, Initial residual = 0.0014172595, Final residual = 1.4777474e-05, No Iterations 2
bounding k, min: 1.6146186e-16 max: 0.34355255 average: 0.059432771
ExecutionTime = 775.50465 s  ClockTime = 776 s

Time = 535s

smoothSolver:  Solving for Ux, Initial residual = 0.00060227822, Final residual = 7.983026e-06, No Iterations 3
smoothSolver:  Solving for Uy, Initial residual = 0.0077325695, Final residual = 0.00010657629, No Iterations 3
smoothSolver:  Solving for Uz, Initial residual = 0.0058165915, Final residual = 7.4473958e-05, No Iterations 3
GAMG:  Solving for p, Initial residual = 0.0086998124, Final residual = 5.4879472e-05, No Iterations 3
GAMG:  Solving for p, Initial residual = 0.00016678148, Final residual = 1.1442874e-06, No Iterations 4
time step continuity errors : sum local = 1.2025049e-05, global = 2.4964892e-06, cumulative = -0.0020830478
smoothSolver:  Solving for omega, Initial residual = 0.00043824926, Final residual = 3.6820246e-06, No Iterations 2
smoothSolver:  Solving for k, Initial residual = 0.0014117532, Final residual = 1.4697094e-05, No Iterations 2
bounding k, min: 1.5511684e-16 max: 0.34404041 average: 0.0594275
ExecutionTime = 777.07731 s  ClockTime = 777 s

Time = 536s

smoothSolver:  Solving for Ux, Initial residual = 0.00060253442, Final residual = 7.993849e-06, No Iterations 3
smoothSolver:  Solving for Uy, Initial residual = 0.0077142423, Final residual = 0.00010627851, No Iterations 3
smoothSolver:  Solving for Uz, Initial residual = 0.0057954317, Final residual = 7.4295654e-05, No Iterations 3
GAMG:  Solving for p, Initial residual = 0.0086241241, Final residual = 5.3678285e-05, No Iterations 3
GAMG:  Solving for p, Initial residual = 0.00016382204, Final residual = 1.1684227e-06, No Iterations 4
time step continuity errors : sum local = 1.2291865e-05, global = 2.9794466e-06, cumulative = -0.0020800683
smoothSolver:  Solving for omega, Initial residual = 0.0004411663, Final residual = 3.8657223e-06, No Iterations 2
smoothSolver:  Solving for k, Initial residual = 0.0014062846, Final residual = 1.4625657e-05, No Iterations 2
bounding k, min: 1.4946009e-16 max: 0.34454513 average: 0.05942231
ExecutionTime = 778.77999 s  ClockTime = 779 s

Time = 537s

smoothSolver:  Solving for Ux, Initial residual = 0.00060323629, Final residual = 8.0086237e-06, No Iterations 3
smoothSolver:  Solving for Uy, Initial residual = 0.0076975645, Final residual = 0.00010599623, No Iterations 3
smoothSolver:  Solving for Uz, Initial residual = 0.0057756698, Final residual = 7.4140679e-05, No Iterations 3
GAMG:  Solving for p, Initial residual = 0.0085460604, Final residual = 5.2942568e-05, No Iterations 3
GAMG:  Solving for p, Initial residual = 0.00016156716, Final residual = 1.196221e-06, No Iterations 4
time step continuity errors : sum local = 1.2596962e-05, global = 2.9662614e-06, cumulative = -0.002077102
smoothSolver:  Solving for omega, Initial residual = 0.00043381858, Final residual = 3.6922531e-06, No Iterations 2
smoothSolver:  Solving for k, Initial residual = 0.0014013343, Final residual = 1.4552054e-05, No Iterations 2
bounding k, min: 1.4452017e-16 max: 0.34499073 average: 0.059417415
ExecutionTime = 780.2785 s  ClockTime = 780 s

Time = 538s

smoothSolver:  Solving for Ux, Initial residual = 0.00060407229, Final residual = 8.0232082e-06, No Iterations 3
smoothSolver:  Solving for Uy, Initial residual = 0.0076835142, Final residual = 0.0001057325, No Iterations 3
smoothSolver:  Solving for Uz, Initial residual = 0.0057525363, Final residual = 7.3953825e-05, No Iterations 3
GAMG:  Solving for p, Initial residual = 0.0084845746, Final residual = 5.2364899e-05, No Iterations 3
GAMG:  Solving for p, Initial residual = 0.00015899766, Final residual = 1.2460539e-06, No Iterations 4
time step continuity errors : sum local = 1.3134334e-05, global = 3.0694859e-06, cumulative = -0.0020740326
smoothSolver:  Solving for omega, Initial residual = 0.00043959772, Final residual = 3.8833495e-06, No Iterations 2
smoothSolver:  Solving for k, Initial residual = 0.0013987587, Final residual = 1.4530714e-05, No Iterations 2
bounding k, min: 1.4033818e-16 max: 0.34545258 average: 0.059412734
ExecutionTime = 781.62568 s  ClockTime = 782 s

Time = 539s

smoothSolver:  Solving for Ux, Initial residual = 0.00060520339, Final residual = 8.0399131e-06, No Iterations 3
smoothSolver:  Solving for Uy, Initial residual = 0.0076738575, Final residual = 0.00010557763, No Iterations 3
smoothSolver:  Solving for Uz, Initial residual = 0.0057287157, Final residual = 7.3690375e-05, No Iterations 3
GAMG:  Solving for p, Initial residual = 0.0084419695, Final residual = 5.2177906e-05, No Iterations 3
GAMG:  Solving for p, Initial residual = 0.00015754997, Final residual = 1.2783369e-06, No Iterations 4
time step continuity errors : sum local = 1.3484983e-05, global = 2.9752885e-06, cumulative = -0.0020710573
smoothSolver:  Solving for omega, Initial residual = 0.00043846523, Final residual = 3.6580854e-06, No Iterations 2
smoothSolver:  Solving for k, Initial residual = 0.0013956736, Final residual = 1.4498375e-05, No Iterations 2
bounding k, min: 1.3685496e-16 max: 0.34585611 average: 0.059407726
ExecutionTime = 783.12221 s  ClockTime = 783 s

Time = 540s

smoothSolver:  Solving for Ux, Initial residual = 0.00060631291, Final residual = 8.0573894e-06, No Iterations 3
smoothSolver:  Solving for Uy, Initial residual = 0.0076704221, Final residual = 0.00010550756, No Iterations 3
smoothSolver:  Solving for Uz, Initial residual = 0.0057048046, Final residual = 7.3359225e-05, No Iterations 3
GAMG:  Solving for p, Initial residual = 0.0084361286, Final residual = 5.2027968e-05, No Iterations 3
GAMG:  Solving for p, Initial residual = 0.00015566832, Final residual = 1.3196703e-06, No Iterations 4
time step continuity errors : sum local = 1.3929329e-05, global = 3.0551614e-06, cumulative = -0.0020680021
smoothSolver:  Solving for omega, Initial residual = 0.0004416728, Final residual = 3.8801344e-06, No Iterations 2
smoothSolver:  Solving for k, Initial residual = 0.0013915948, Final residual = 1.4430467e-05, No Iterations 2
bounding k, min: 1.3401147e-16 max: 0.34627886 average: 0.059403539
ExecutionTime = 784.51799 s  ClockTime = 785 s

Time = 541s

smoothSolver:  Solving for Ux, Initial residual = 0.00060732487, Final residual = 8.0735057e-06, No Iterations 3
smoothSolver:  Solving for Uy, Initial residual = 0.0076742578, Final residual = 0.00010555441, No Iterations 3
smoothSolver:  Solving for Uz, Initial residual = 0.0056756176, Final residual = 7.3008412e-05, No Iterations 3
GAMG:  Solving for p, Initial residual = 0.0084666223, Final residual = 5.2392128e-05, No Iterations 3
GAMG:  Solving for p, Initial residual = 0.00015439836, Final residual = 1.3083439e-06, No Iterations 4
time step continuity errors : sum local = 1.3817732e-05, global = 2.9729365e-06, cumulative = -0.0020650292
smoothSolver:  Solving for omega, Initial residual = 0.00043673781, Final residual = 3.7331948e-06, No Iterations 2
smoothSolver:  Solving for k, Initial residual = 0.0013852124, Final residual = 1.4360974e-05, No Iterations 2
bounding k, min: 1.3179277e-16 max: 0.34663456 average: 0.05939928
ExecutionTime = 785.69963 s  ClockTime = 786 s

Time = 542s

smoothSolver:  Solving for Ux, Initial residual = 0.00060821993, Final residual = 8.0893405e-06, No Iterations 3
smoothSolver:  Solving for Uy, Initial residual = 0.0076810102, Final residual = 0.00010561989, No Iterations 3
smoothSolver:  Solving for Uz, Initial residual = 0.0056504607, Final residual = 7.2680548e-05, No Iterations 3
GAMG:  Solving for p, Initial residual = 0.008487076, Final residual = 5.3066776e-05, No Iterations 3
GAMG:  Solving for p, Initial residual = 0.00015339317, Final residual = 1.3591496e-06, No Iterations 4
time step continuity errors : sum local = 1.436168e-05, global = 3.225244e-06, cumulative = -0.0020618039
smoothSolver:  Solving for omega, Initial residual = 0.00043855885, Final residual = 3.8717409e-06, No Iterations 2
smoothSolver:  Solving for k, Initial residual = 0.0013787881, Final residual = 1.4308737e-05, No Iterations 2
bounding k, min: 1.3009054e-16 max: 0.3470028 average: 0.059394648
ExecutionTime = 787.01278 s  ClockTime = 787 s

Time = 543s

smoothSolver:  Solving for Ux, Initial residual = 0.00060905868, Final residual = 8.1047501e-06, No Iterations 3
smoothSolver:  Solving for Uy, Initial residual = 0.0076849963, Final residual = 0.00010569435, No Iterations 3
smoothSolver:  Solving for Uz, Initial residual = 0.0056191231, Final residual = 7.2307766e-05, No Iterations 3
GAMG:  Solving for p, Initial residual = 0.0084922757, Final residual = 5.3919378e-05, No Iterations 3
GAMG:  Solving for p, Initial residual = 0.0001534598, Final residual = 1.3225717e-06, No Iterations 4
time step continuity errors : sum local = 1.3983017e-05, global = 3.1106374e-06, cumulative = -0.0020586933
smoothSolver:  Solving for omega, Initial residual = 0.0004372222, Final residual = 3.6830548e-06, No Iterations 2
smoothSolver:  Solving for k, Initial residual = 0.0013766376, Final residual = 1.4320667e-05, No Iterations 2
bounding k, min: 1.2884396e-16 max: 0.34729928 average: 0.059390296
ExecutionTime = 788.3712 s  ClockTime = 789 s

Time = 544s

smoothSolver:  Solving for Ux, Initial residual = 0.00060975271, Final residual = 8.1192504e-06, No Iterations 3
smoothSolver:  Solving for Uy, Initial residual = 0.0076933187, Final residual = 0.00010580213, No Iterations 3
smoothSolver:  Solving for Uz, Initial residual = 0.0055951421, Final residual = 7.1936241e-05, No Iterations 3
GAMG:  Solving for p, Initial residual = 0.0084723558, Final residual = 5.4481481e-05, No Iterations 3
GAMG:  Solving for p, Initial residual = 0.00015303163, Final residual = 1.3309183e-06, No Iterations 4
time step continuity errors : sum local = 1.4080968e-05, global = 3.1811865e-06, cumulative = -0.0020555121
smoothSolver:  Solving for omega, Initial residual = 0.00044214443, Final residual = 3.8819536e-06, No Iterations 2
smoothSolver:  Solving for k, Initial residual = 0.0013700334, Final residual = 1.4220455e-05, No Iterations 2
bounding k, min: 1.2799364e-16 max: 0.34759539 average: 0.059386723
ExecutionTime = 790.17381 s  ClockTime = 790 s

Time = 545s

smoothSolver:  Solving for Ux, Initial residual = 0.00061055063, Final residual = 8.135347e-06, No Iterations 3
smoothSolver:  Solving for Uy, Initial residual = 0.007693244, Final residual = 0.00010579541, No Iterations 3
smoothSolver:  Solving for Uz, Initial residual = 0.0055680418, Final residual = 7.1583951e-05, No Iterations 3
GAMG:  Solving for p, Initial residual = 0.0084329759, Final residual = 5.4773246e-05, No Iterations 3
GAMG:  Solving for p, Initial residual = 0.00015261879, Final residual = 1.2904443e-06, No Iterations 4
time step continuity errors : sum local = 1.3658388e-05, global = 2.9282685e-06, cumulative = -0.0020525838
smoothSolver:  Solving for omega, Initial residual = 0.00043456407, Final residual = 3.6944289e-06, No Iterations 2
smoothSolver:  Solving for k, Initial residual = 0.0013638512, Final residual = 1.4181026e-05, No Iterations 2
bounding k, min: 1.2748493e-16 max: 0.3478038 average: 0.059382357
ExecutionTime = 792.13333 s  ClockTime = 792 s

Time = 546s

smoothSolver:  Solving for Ux, Initial residual = 0.00061129547, Final residual = 8.1531532e-06, No Iterations 3
smoothSolver:  Solving for Uy, Initial residual = 0.0076908448, Final residual = 0.00010574211, No Iterations 3
smoothSolver:  Solving for Uz, Initial residual = 0.0055427479, Final residual = 7.1279414e-05, No Iterations 3
GAMG:  Solving for p, Initial residual = 0.0083603137, Final residual = 5.5049696e-05, No Iterations 3
GAMG:  Solving for p, Initial residual = 0.00015256083, Final residual = 1.2852079e-06, No Iterations 4
time step continuity errors : sum local = 1.3613216e-05, global = 2.4253904e-06, cumulative = -0.0020501584
smoothSolver:  Solving for omega, Initial residual = 0.0004375611, Final residual = 3.8333718e-06, No Iterations 2
smoothSolver:  Solving for k, Initial residual = 0.0013604073, Final residual = 1.4114683e-05, No Iterations 2
bounding k, min: 1.2307872e-16 max: 0.34800321 average: 0.059378894
ExecutionTime = 793.90008 s  ClockTime = 794 s

Time = 547s

smoothSolver:  Solving for Ux, Initial residual = 0.00061203459, Final residual = 8.1729119e-06, No Iterations 3
smoothSolver:  Solving for Uy, Initial residual = 0.0076828127, Final residual = 0.00010572255, No Iterations 3
smoothSolver:  Solving for Uz, Initial residual = 0.0055213047, Final residual = 7.1031284e-05, No Iterations 3
GAMG:  Solving for p, Initial residual = 0.0082866316, Final residual = 5.5764879e-05, No Iterations 3
GAMG:  Solving for p, Initial residual = 0.00015357487, Final residual = 1.1971741e-06, No Iterations 4
time step continuity errors : sum local = 1.2686696e-05, global = 1.8279954e-06, cumulative = -0.0020483304
smoothSolver:  Solving for omega, Initial residual = 0.00043804947, Final residual = 3.6984371e-06, No Iterations 2
smoothSolver:  Solving for k, Initial residual = 0.0013577138, Final residual = 1.4112188e-05, No Iterations 2
bounding k, min: 1.1831537e-16 max: 0.34810747 average: 0.059375388
ExecutionTime = 795.69537 s  ClockTime = 796 s

Time = 548s

smoothSolver:  Solving for Ux, Initial residual = 0.00061298723, Final residual = 8.1951228e-06, No Iterations 3
smoothSolver:  Solving for Uy, Initial residual = 0.007674048, Final residual = 0.00010565208, No Iterations 3
smoothSolver:  Solving for Uz, Initial residual = 0.0055007753, Final residual = 7.0816231e-05, No Iterations 3
GAMG:  Solving for p, Initial residual = 0.0082286465, Final residual = 5.6632702e-05, No Iterations 3
GAMG:  Solving for p, Initial residual = 0.00015506729, Final residual = 1.2093106e-06, No Iterations 4
time step continuity errors : sum local = 1.2822752e-05, global = 1.1108354e-06, cumulative = -0.0020472196
smoothSolver:  Solving for omega, Initial residual = 0.0004404947, Final residual = 3.8507997e-06, No Iterations 2
smoothSolver:  Solving for k, Initial residual = 0.0013561603, Final residual = 1.4064876e-05, No Iterations 2
bounding k, min: 1.1435989e-16 max: 0.34819247 average: 0.059371221
ExecutionTime = 797.58726 s  ClockTime = 798 s

Time = 549s

smoothSolver:  Solving for Ux, Initial residual = 0.00061427778, Final residual = 8.2202087e-06, No Iterations 3
smoothSolver:  Solving for Uy, Initial residual = 0.007663672, Final residual = 0.00010561026, No Iterations 3
smoothSolver:  Solving for Uz, Initial residual = 0.0054833591, Final residual = 7.0651655e-05, No Iterations 3
GAMG:  Solving for p, Initial residual = 0.008178291, Final residual = 5.7519205e-05, No Iterations 3
GAMG:  Solving for p, Initial residual = 0.00015644199, Final residual = 1.2163733e-06, No Iterations 4
time step continuity errors : sum local = 1.2905751e-05, global = 7.776547e-07, cumulative = -0.002046442
smoothSolver:  Solving for omega, Initial residual = 0.0004330762, Final residual = 3.6838139e-06, No Iterations 2
smoothSolver:  Solving for k, Initial residual = 0.0013522099, Final residual = 1.4008963e-05, No Iterations 2
bounding k, min: 1.1112666e-16 max: 0.3481762 average: 0.059367924
ExecutionTime = 799.15895 s  ClockTime = 799 s

Time = 550s

smoothSolver:  Solving for Ux, Initial residual = 0.00061558164, Final residual = 8.2461287e-06, No Iterations 3
smoothSolver:  Solving for Uy, Initial residual = 0.0076512108, Final residual = 0.00010553428, No Iterations 3
smoothSolver:  Solving for Uz, Initial residual = 0.0054639046, Final residual = 7.0480384e-05, No Iterations 3
GAMG:  Solving for p, Initial residual = 0.0080965859, Final residual = 5.7883105e-05, No Iterations 3
GAMG:  Solving for p, Initial residual = 0.00015663575, Final residual = 1.2158872e-06, No Iterations 4
time step continuity errors : sum local = 1.2906773e-05, global = 5.4126624e-07, cumulative = -0.0020459007
smoothSolver:  Solving for omega, Initial residual = 0.00043939947, Final residual = 3.8647879e-06, No Iterations 2
smoothSolver:  Solving for k, Initial residual = 0.0013486047, Final residual = 1.3954199e-05, No Iterations 2
bounding k, min: 1.0998786e-16 max: 0.34813343 average: 0.059365231
ExecutionTime = 800.6377 s  ClockTime = 801 s

Time = 551s

smoothSolver:  Solving for Ux, Initial residual = 0.00061717463, Final residual = 8.2745459e-06, No Iterations 3
smoothSolver:  Solving for Uy, Initial residual = 0.0076389574, Final residual = 0.00010546221, No Iterations 3
smoothSolver:  Solving for Uz, Initial residual = 0.0054485268, Final residual = 7.0351649e-05, No Iterations 3
GAMG:  Solving for p, Initial residual = 0.0080124427, Final residual = 5.7535236e-05, No Iterations 3
GAMG:  Solving for p, Initial residual = 0.00015643609, Final residual = 1.2009375e-06, No Iterations 4
time step continuity errors : sum local = 1.2755548e-05, global = 3.7836877e-07, cumulative = -0.0020455223
smoothSolver:  Solving for omega, Initial residual = 0.00044001152, Final residual = 3.7249061e-06, No Iterations 2
smoothSolver:  Solving for k, Initial residual = 0.0013473052, Final residual = 1.3958353e-05, No Iterations 2
bounding k, min: 1.0751867e-16 max: 0.34798651 average: 0.059361811
ExecutionTime = 802.52949 s  ClockTime = 803 s

Time = 552s

smoothSolver:  Solving for Ux, Initial residual = 0.00061860605, Final residual = 8.3015024e-06, No Iterations 3
smoothSolver:  Solving for Uy, Initial residual = 0.0076243246, Final residual = 0.0001053442, No Iterations 3
smoothSolver:  Solving for Uz, Initial residual = 0.005437353, Final residual = 7.0214186e-05, No Iterations 3
GAMG:  Solving for p, Initial residual = 0.0079328978, Final residual = 5.6794417e-05, No Iterations 3
GAMG:  Solving for p, Initial residual = 0.00015616749, Final residual = 1.2021403e-06, No Iterations 4
time step continuity errors : sum local = 1.2774685e-05, global = 1.7211007e-07, cumulative = -0.0020453502
smoothSolver:  Solving for omega, Initial residual = 0.00044278398, Final residual = 3.8668619e-06, No Iterations 2
smoothSolver:  Solving for k, Initial residual = 0.001344727, Final residual = 1.3931419e-05, No Iterations 2
bounding k, min: 1.0555352e-16 max: 0.34781297 average: 0.059359449
ExecutionTime = 804.38797 s  ClockTime = 805 s

Time = 553s

smoothSolver:  Solving for Ux, Initial residual = 0.00062004567, Final residual = 8.3265223e-06, No Iterations 3
smoothSolver:  Solving for Uy, Initial residual = 0.0076046559, Final residual = 0.0001051831, No Iterations 3
smoothSolver:  Solving for Uz, Initial residual = 0.0054210892, Final residual = 7.0120737e-05, No Iterations 3
GAMG:  Solving for p, Initial residual = 0.0078691984, Final residual = 5.5988486e-05, No Iterations 3
GAMG:  Solving for p, Initial residual = 0.00015645673, Final residual = 1.1836188e-06, No Iterations 4
time step continuity errors : sum local = 1.258157e-05, global = 1.5537937e-07, cumulative = -0.0020451948
smoothSolver:  Solving for omega, Initial residual = 0.00043548508, Final residual = 3.7226285e-06, No Iterations 2
smoothSolver:  Solving for k, Initial residual = 0.001343092, Final residual = 1.3914167e-05, No Iterations 2
bounding k, min: 1.0403789e-16 max: 0.34753072 average: 0.059357077
ExecutionTime = 805.89079 s  ClockTime = 806 s

Time = 554s

smoothSolver:  Solving for Ux, Initial residual = 0.00062119128, Final residual = 8.3488761e-06, No Iterations 3
smoothSolver:  Solving for Uy, Initial residual = 0.0075852107, Final residual = 0.00010495834, No Iterations 3
smoothSolver:  Solving for Uz, Initial residual = 0.005412666, Final residual = 7.0112529e-05, No Iterations 3
GAMG:  Solving for p, Initial residual = 0.0078250837, Final residual = 5.5212655e-05, No Iterations 3
GAMG:  Solving for p, Initial residual = 0.00015682058, Final residual = 1.1741685e-06, No Iterations 4
time step continuity errors : sum local = 1.2484146e-05, global = 5.9006927e-08, cumulative = -0.0020451358
smoothSolver:  Solving for omega, Initial residual = 0.00043830919, Final residual = 3.8856871e-06, No Iterations 2
smoothSolver:  Solving for k, Initial residual = 0.0013407128, Final residual = 1.3882318e-05, No Iterations 2
bounding k, min: 1.0295936e-16 max: 0.34722432 average: 0.059355195
ExecutionTime = 807.20536 s  ClockTime = 807 s

Time = 555s

smoothSolver:  Solving for Ux, Initial residual = 0.00062252413, Final residual = 8.3681933e-06, No Iterations 3
smoothSolver:  Solving for Uy, Initial residual = 0.007562686, Final residual = 0.00010472016, No Iterations 3
smoothSolver:  Solving for Uz, Initial residual = 0.0054086881, Final residual = 7.0152077e-05, No Iterations 3
GAMG:  Solving for p, Initial residual = 0.0077909462, Final residual = 5.4954276e-05, No Iterations 3
GAMG:  Solving for p, Initial residual = 0.0001575394, Final residual = 1.1483544e-06, No Iterations 4
time step continuity errors : sum local = 1.2211427e-05, global = 1.2968421e-07, cumulative = -0.0020450061
smoothSolver:  Solving for omega, Initial residual = 0.0004376584, Final residual = 3.7320096e-06, No Iterations 2
smoothSolver:  Solving for k, Initial residual = 0.0013424086, Final residual = 1.3916492e-05, No Iterations 2
bounding k, min: 1.0236462e-16 max: 0.34681958 average: 0.059353263
ExecutionTime = 808.63839 s  ClockTime = 809 s

Time = 556s

smoothSolver:  Solving for Ux, Initial residual = 0.00062368452, Final residual = 8.3824916e-06, No Iterations 3
smoothSolver:  Solving for Uy, Initial residual = 0.0075398615, Final residual = 0.00010444404, No Iterations 3
smoothSolver:  Solving for Uz, Initial residual = 0.0054070469, Final residual = 7.0240356e-05, No Iterations 3
GAMG:  Solving for p, Initial residual = 0.0077778835, Final residual = 5.4814981e-05, No Iterations 3
GAMG:  Solving for p, Initial residual = 0.00015822918, Final residual = 1.1227776e-06, No Iterations 4
time step continuity errors : sum local = 1.1939498e-05, global = 2.3950003e-07, cumulative = -0.0020447666
smoothSolver:  Solving for omega, Initial residual = 0.00044228449, Final residual = 3.9208602e-06, No Iterations 2
smoothSolver:  Solving for k, Initial residual = 0.0013398924, Final residual = 1.3869588e-05, No Iterations 2
bounding k, min: 1.0240923e-16 max: 0.34642389 average: 0.059352286
ExecutionTime = 809.98042 s  ClockTime = 810 s

Time = 557s

smoothSolver:  Solving for Ux, Initial residual = 0.00062486654, Final residual = 8.394268e-06, No Iterations 3
smoothSolver:  Solving for Uy, Initial residual = 0.0075110281, Final residual = 0.00010417054, No Iterations 3
smoothSolver:  Solving for Uz, Initial residual = 0.0054081314, Final residual = 7.028311e-05, No Iterations 3
GAMG:  Solving for p, Initial residual = 0.0077743421, Final residual = 5.4780285e-05, No Iterations 3
GAMG:  Solving for p, Initial residual = 0.00015866475, Final residual = 1.0902834e-06, No Iterations 4
time step continuity errors : sum local = 1.1591963e-05, global = 3.3193612e-07, cumulative = -0.0020444347
smoothSolver:  Solving for omega, Initial residual = 0.00043441832, Final residual = 3.7032781e-06, No Iterations 2
smoothSolver:  Solving for k, Initial residual = 0.0013402301, Final residual = 1.3855746e-05, No Iterations 2
bounding k, min: 1.0202272e-16 max: 0.34604512 average: 0.059350639
ExecutionTime = 811.24453 s  ClockTime = 811 s

Time = 558s

smoothSolver:  Solving for Ux, Initial residual = 0.0006257976, Final residual = 8.4042264e-06, No Iterations 3
smoothSolver:  Solving for Uy, Initial residual = 0.0074875298, Final residual = 0.00010389822, No Iterations 3
smoothSolver:  Solving for Uz, Initial residual = 0.005410468, Final residual = 7.0265677e-05, No Iterations 3
GAMG:  Solving for p, Initial residual = 0.0077671067, Final residual = 5.4471327e-05, No Iterations 3
GAMG:  Solving for p, Initial residual = 0.00015901495, Final residual = 1.0559408e-06, No Iterations 4
time step continuity errors : sum local = 1.1223767e-05, global = 4.368694e-07, cumulative = -0.0020439978
smoothSolver:  Solving for omega, Initial residual = 0.00043877489, Final residual = 3.8701037e-06, No Iterations 2
smoothSolver:  Solving for k, Initial residual = 0.0013392489, Final residual = 1.38502e-05, No Iterations 2
bounding k, min: 1.0081376e-16 max: 0.34566119 average: 0.059350055
ExecutionTime = 812.56758 s  ClockTime = 813 s

Time = 559s

smoothSolver:  Solving for Ux, Initial residual = 0.00062663234, Final residual = 8.4140375e-06, No Iterations 3
smoothSolver:  Solving for Uy, Initial residual = 0.0074661775, Final residual = 0.00010372767, No Iterations 3
smoothSolver:  Solving for Uz, Initial residual = 0.0054070752, Final residual = 7.0136286e-05, No Iterations 3
GAMG:  Solving for p, Initial residual = 0.0077683332, Final residual = 5.4191567e-05, No Iterations 3
GAMG:  Solving for p, Initial residual = 0.00015912072, Final residual = 9.9786649e-07, No Iterations 4
time step continuity errors : sum local = 1.0602516e-05, global = 4.5671973e-07, cumulative = -0.0020435411
smoothSolver:  Solving for omega, Initial residual = 0.0004410077, Final residual = 3.7911022e-06, No Iterations 2
smoothSolver:  Solving for k, Initial residual = 0.0013389321, Final residual = 1.3827846e-05, No Iterations 2
bounding k, min: 9.974553e-17 max: 0.34520997 average: 0.059349202
ExecutionTime = 813.8531 s  ClockTime = 814 s

Time = 560s

smoothSolver:  Solving for Ux, Initial residual = 0.00062725683, Final residual = 8.4235991e-06, No Iterations 3
smoothSolver:  Solving for Uy, Initial residual = 0.0074498164, Final residual = 0.0001035466, No Iterations 3
smoothSolver:  Solving for Uz, Initial residual = 0.0054007616, Final residual = 6.9948811e-05, No Iterations 3
GAMG:  Solving for p, Initial residual = 0.007763135, Final residual = 5.4058769e-05, No Iterations 3
GAMG:  Solving for p, Initial residual = 0.00015938412, Final residual = 9.8836995e-07, No Iterations 4
time step continuity errors : sum local = 1.0498218e-05, global = 4.5652064e-07, cumulative = -0.0020430846
smoothSolver:  Solving for omega, Initial residual = 0.00044221601, Final residual = 3.9034597e-06, No Iterations 2
smoothSolver:  Solving for k, Initial residual = 0.0013421789, Final residual = 1.3881222e-05, No Iterations 2
bounding k, min: 9.8813298e-17 max: 0.34475591 average: 0.059347806
ExecutionTime = 815.11078 s  ClockTime = 815 s

Time = 561s

smoothSolver:  Solving for Ux, Initial residual = 0.00062807249, Final residual = 8.434648e-06, No Iterations 3
smoothSolver:  Solving for Uy, Initial residual = 0.0074440676, Final residual = 0.0001033913, No Iterations 3
smoothSolver:  Solving for Uz, Initial residual = 0.0053924844, Final residual = 6.9684472e-05, No Iterations 3
GAMG:  Solving for p, Initial residual = 0.0077861952, Final residual = 5.3870673e-05, No Iterations 3
GAMG:  Solving for p, Initial residual = 0.00015987278, Final residual = 9.2557225e-07, No Iterations 4
time step continuity errors : sum local = 9.828406e-06, global = 3.3774641e-07, cumulative = -0.0020427469
smoothSolver:  Solving for omega, Initial residual = 0.00043447619, Final residual = 3.7253228e-06, No Iterations 2
smoothSolver:  Solving for k, Initial residual = 0.0013418674, Final residual = 1.3825341e-05, No Iterations 2
bounding k, min: 9.8073243e-17 max: 0.34422855 average: 0.059346401
ExecutionTime = 816.37974 s  ClockTime = 817 s

Time = 562s

smoothSolver:  Solving for Ux, Initial residual = 0.00062875725, Final residual = 8.4466312e-06, No Iterations 3
smoothSolver:  Solving for Uy, Initial residual = 0.0074322259, Final residual = 0.00010325661, No Iterations 3
smoothSolver:  Solving for Uz, Initial residual = 0.0053823247, Final residual = 6.9430666e-05, No Iterations 3
GAMG:  Solving for p, Initial residual = 0.0078020811, Final residual = 5.3854271e-05, No Iterations 3
GAMG:  Solving for p, Initial residual = 0.00016032575, Final residual = 9.2296084e-07, No Iterations 4
time step continuity errors : sum local = 9.7977342e-06, global = 4.6847972e-07, cumulative = -0.0020422784
smoothSolver:  Solving for omega, Initial residual = 0.00043890833, Final residual = 3.9145164e-06, No Iterations 2
smoothSolver:  Solving for k, Initial residual = 0.0013394564, Final residual = 1.3824381e-05, No Iterations 2
bounding k, min: 9.7388557e-17 max: 0.3437226 average: 0.05934582
ExecutionTime = 817.62798 s  ClockTime = 818 s

Time = 563s

smoothSolver:  Solving for Ux, Initial residual = 0.00062990327, Final residual = 8.4609873e-06, No Iterations 3
smoothSolver:  Solving for Uy, Initial residual = 0.0074271475, Final residual = 0.0001031766, No Iterations 3
smoothSolver:  Solving for Uz, Initial residual = 0.005375493, Final residual = 6.9195093e-05, No Iterations 3
GAMG:  Solving for p, Initial residual = 0.0078178701, Final residual = 5.3892961e-05, No Iterations 3
GAMG:  Solving for p, Initial residual = 0.00016057314, Final residual = 8.7446347e-07, No Iterations 4
time step continuity errors : sum local = 9.2815771e-06, global = 4.5439783e-07, cumulative = -0.002041824
smoothSolver:  Solving for omega, Initial residual = 0.00043824307, Final residual = 3.6970827e-06, No Iterations 2
smoothSolver:  Solving for k, Initial residual = 0.0013449565, Final residual = 1.3886261e-05, No Iterations 2
bounding k, min: 9.6818748e-17 max: 0.34315614 average: 0.059343826
ExecutionTime = 818.83892 s  ClockTime = 819 s

Time = 564s

smoothSolver:  Solving for Ux, Initial residual = 0.00063118867, Final residual = 8.4774263e-06, No Iterations 3
smoothSolver:  Solving for Uy, Initial residual = 0.007430364, Final residual = 0.00010314902, No Iterations 3
smoothSolver:  Solving for Uz, Initial residual = 0.0053666137, Final residual = 6.9031615e-05, No Iterations 3
GAMG:  Solving for p, Initial residual = 0.0078603602, Final residual = 5.4432334e-05, No Iterations 3
GAMG:  Solving for p, Initial residual = 0.00016130833, Final residual = 8.9612711e-07, No Iterations 4
time step continuity errors : sum local = 9.5127673e-06, global = 4.6128446e-07, cumulative = -0.0020413627
smoothSolver:  Solving for omega, Initial residual = 0.0004419457, Final residual = 3.9346618e-06, No Iterations 2
smoothSolver:  Solving for k, Initial residual = 0.0013448467, Final residual = 1.3869576e-05, No Iterations 2
bounding k, min: 9.6356792e-17 max: 0.3425992 average: 0.059342141
ExecutionTime = 820.00953 s  ClockTime = 820 s

Time = 565s

smoothSolver:  Solving for Ux, Initial residual = 0.00063268748, Final residual = 8.494862e-06, No Iterations 3
smoothSolver:  Solving for Uy, Initial residual = 0.00743155, Final residual = 0.0001031124, No Iterations 3
smoothSolver:  Solving for Uz, Initial residual = 0.0053643552, Final residual = 6.8989311e-05, No Iterations 3
GAMG:  Solving for p, Initial residual = 0.0078952277, Final residual = 5.4908461e-05, No Iterations 3
GAMG:  Solving for p, Initial residual = 0.00016195085, Final residual = 8.9244666e-07, No Iterations 4
time step continuity errors : sum local = 9.4736291e-06, global = 2.2196474e-07, cumulative = -0.0020411407
smoothSolver:  Solving for omega, Initial residual = 0.00043637536, Final residual = 3.7727403e-06, No Iterations 2
smoothSolver:  Solving for k, Initial residual = 0.0013454837, Final residual = 1.3860284e-05, No Iterations 2
bounding k, min: 9.5997408e-17 max: 0.34198463 average: 0.059339608
ExecutionTime = 821.43571 s  ClockTime = 822 s

Time = 566s

smoothSolver:  Solving for Ux, Initial residual = 0.00063426776, Final residual = 8.508969e-06, No Iterations 3
smoothSolver:  Solving for Uy, Initial residual = 0.0074319891, Final residual = 0.00010307305, No Iterations 3
smoothSolver:  Solving for Uz, Initial residual = 0.0053704348, Final residual = 6.9070093e-05, No Iterations 3
GAMG:  Solving for p, Initial residual = 0.0079627038, Final residual = 5.5408984e-05, No Iterations 3
GAMG:  Solving for p, Initial residual = 0.00016220021, Final residual = 8.9726656e-07, No Iterations 4
time step continuity errors : sum local = 9.5269682e-06, global = -3.4768917e-07, cumulative = -0.0020414884
smoothSolver:  Solving for omega, Initial residual = 0.00043831598, Final residual = 3.9242985e-06, No Iterations 2
smoothSolver:  Solving for k, Initial residual = 0.0013465927, Final residual = 1.3878442e-05, No Iterations 2
bounding k, min: 9.573826e-17 max: 0.34136977 average: 0.059336994
ExecutionTime = 822.64416 s  ClockTime = 823 s

Time = 567s

smoothSolver:  Solving for Ux, Initial residual = 0.00063578307, Final residual = 8.5197163e-06, No Iterations 3
smoothSolver:  Solving for Uy, Initial residual = 0.0074382824, Final residual = 0.0001030994, No Iterations 3
smoothSolver:  Solving for Uz, Initial residual = 0.0053808262, Final residual = 6.9291645e-05, No Iterations 3
GAMG:  Solving for p, Initial residual = 0.0080317649, Final residual = 5.5955781e-05, No Iterations 3
GAMG:  Solving for p, Initial residual = 0.00016244886, Final residual = 8.2871918e-07, No Iterations 4
time step continuity errors : sum local = 8.8028619e-06, global = -6.8819056e-07, cumulative = -0.0020421766
smoothSolver:  Solving for omega, Initial residual = 0.00043833282, Final residual = 3.7451356e-06, No Iterations 2
smoothSolver:  Solving for k, Initial residual = 0.0013496478, Final residual = 1.3910855e-05, No Iterations 2
bounding k, min: 9.5595614e-17 max: 0.34072657 average: 0.059333854
ExecutionTime = 824.00978 s  ClockTime = 824 s

Time = 568s

smoothSolver:  Solving for Ux, Initial residual = 0.00063732274, Final residual = 8.5254346e-06, No Iterations 3
smoothSolver:  Solving for Uy, Initial residual = 0.0074462933, Final residual = 0.00010312584, No Iterations 3
smoothSolver:  Solving for Uz, Initial residual = 0.0054016485, Final residual = 6.9663586e-05, No Iterations 3
GAMG:  Solving for p, Initial residual = 0.008125777, Final residual = 5.6733485e-05, No Iterations 3
GAMG:  Solving for p, Initial residual = 0.00016330342, Final residual = 8.4466546e-07, No Iterations 4
time step continuity errors : sum local = 8.9766051e-06, global = -4.4945307e-07, cumulative = -0.0020426261
smoothSolver:  Solving for omega, Initial residual = 0.00044380128, Final residual = 3.9407119e-06, No Iterations 2
smoothSolver:  Solving for k, Initial residual = 0.0013536402, Final residual = 1.3931022e-05, No Iterations 2
bounding k, min: 9.5561674e-17 max: 0.34007985 average: 0.059329571
ExecutionTime = 825.27961 s  ClockTime = 825 s

Time = 569s

smoothSolver:  Solving for Ux, Initial residual = 0.00063873841, Final residual = 8.5252227e-06, No Iterations 3
smoothSolver:  Solving for Uy, Initial residual = 0.0074572115, Final residual = 0.00010316293, No Iterations 3
smoothSolver:  Solving for Uz, Initial residual = 0.0054234778, Final residual = 7.0123696e-05, No Iterations 3
GAMG:  Solving for p, Initial residual = 0.0081973787, Final residual = 5.7194902e-05, No Iterations 3
GAMG:  Solving for p, Initial residual = 0.00016344228, Final residual = 8.5009149e-07, No Iterations 4
time step continuity errors : sum local = 9.0392809e-06, global = 1.259414e-08, cumulative = -0.0020426135
smoothSolver:  Solving for omega, Initial residual = 0.00043553456, Final residual = 3.7238482e-06, No Iterations 2
smoothSolver:  Solving for k, Initial residual = 0.0013593484, Final residual = 1.3981758e-05, No Iterations 2
bounding k, min: 9.5618659e-17 max: 0.33938326 average: 0.059324809
ExecutionTime = 826.46988 s  ClockTime = 827 s

Time = 570s

smoothSolver:  Solving for Ux, Initial residual = 0.00064008986, Final residual = 8.5172009e-06, No Iterations 3
smoothSolver:  Solving for Uy, Initial residual = 0.0074720901, Final residual = 0.0001031819, No Iterations 3
smoothSolver:  Solving for Uz, Initial residual = 0.0054555032, Final residual = 7.0600808e-05, No Iterations 3
GAMG:  Solving for p, Initial residual = 0.0082845942, Final residual = 5.789552e-05, No Iterations 3
GAMG:  Solving for p, Initial residual = 0.00016264137, Final residual = 8.6653376e-07, No Iterations 4
time step continuity errors : sum local = 9.221057e-06, global = 4.7182447e-07, cumulative = -0.0020421416
smoothSolver:  Solving for omega, Initial residual = 0.00044087387, Final residual = 3.8874454e-06, No Iterations 2
smoothSolver:  Solving for k, Initial residual = 0.0013639624, Final residual = 1.4006552e-05, No Iterations 2
bounding k, min: 9.5768878e-17 max: 0.33867597 average: 0.059320224
ExecutionTime = 827.64507 s  ClockTime = 828 s

Time = 571s

smoothSolver:  Solving for Ux, Initial residual = 0.00064171529, Final residual = 8.5043945e-06, No Iterations 3
smoothSolver:  Solving for Uy, Initial residual = 0.0074867244, Final residual = 0.0001032994, No Iterations 3
smoothSolver:  Solving for Uz, Initial residual = 0.0054880441, Final residual = 7.1081782e-05, No Iterations 3
GAMG:  Solving for p, Initial residual = 0.0083708554, Final residual = 5.884231e-05, No Iterations 3
GAMG:  Solving for p, Initial residual = 0.00016263958, Final residual = 8.5029988e-07, No Iterations 4
time step continuity errors : sum local = 9.0524084e-06, global = 6.4374578e-07, cumulative = -0.0020414979
smoothSolver:  Solving for omega, Initial residual = 0.00044264493, Final residual = 3.7850138e-06, No Iterations 2
smoothSolver:  Solving for k, Initial residual = 0.0013703117, Final residual = 1.4049129e-05, No Iterations 2
bounding k, min: 9.6016138e-17 max: 0.33791182 average: 0.05931409
ExecutionTime = 828.84105 s  ClockTime = 829 s

Time = 572s

smoothSolver:  Solving for Ux, Initial residual = 0.00064318707, Final residual = 8.4882376e-06, No Iterations 3
smoothSolver:  Solving for Uy, Initial residual = 0.0075049445, Final residual = 0.00010347411, No Iterations 3
smoothSolver:  Solving for Uz, Initial residual = 0.0055240481, Final residual = 7.1516514e-05, No Iterations 3
GAMG:  Solving for p, Initial residual = 0.008436595, Final residual = 6.006726e-05, No Iterations 3
GAMG:  Solving for p, Initial residual = 0.00016274462, Final residual = 8.5733115e-07, No Iterations 4
time step continuity errors : sum local = 9.1320588e-06, global = 5.5704753e-07, cumulative = -0.0020409408
smoothSolver:  Solving for omega, Initial residual = 0.0004449268, Final residual = 3.9587064e-06, No Iterations 2
smoothSolver:  Solving for k, Initial residual = 0.0013806398, Final residual = 1.4148117e-05, No Iterations 2
bounding k, min: 9.6378299e-17 max: 0.33713562 average: 0.059307683
ExecutionTime = 830.01403 s  ClockTime = 830 s

Time = 573s

smoothSolver:  Solving for Ux, Initial residual = 0.00064465708, Final residual = 8.4691908e-06, No Iterations 3
smoothSolver:  Solving for Uy, Initial residual = 0.0075212464, Final residual = 0.00010374935, No Iterations 3
smoothSolver:  Solving for Uz, Initial residual = 0.0055607255, Final residual = 7.1903284e-05, No Iterations 3
GAMG:  Solving for p, Initial residual = 0.00848021, Final residual = 6.1236792e-05, No Iterations 3
GAMG:  Solving for p, Initial residual = 0.00016255171, Final residual = 8.6434082e-07, No Iterations 4
time step continuity errors : sum local = 9.2103731e-06, global = 4.7157168e-07, cumulative = -0.0020404693
smoothSolver:  Solving for omega, Initial residual = 0.00043783556, Final residual = 3.783099e-06, No Iterations 2
smoothSolver:  Solving for k, Initial residual = 0.0013872575, Final residual = 1.421222e-05, No Iterations 2
bounding k, min: 9.6832782e-17 max: 0.3362877 average: 0.059301563
ExecutionTime = 831.23551 s  ClockTime = 831 s

Time = 574s

smoothSolver:  Solving for Ux, Initial residual = 0.00064560981, Final residual = 8.4508652e-06, No Iterations 3
smoothSolver:  Solving for Uy, Initial residual = 0.0075363112, Final residual = 0.0001040381, No Iterations 3
smoothSolver:  Solving for Uz, Initial residual = 0.0055933926, Final residual = 7.2198087e-05, No Iterations 3
GAMG:  Solving for p, Initial residual = 0.0085013639, Final residual = 6.2658363e-05, No Iterations 3
GAMG:  Solving for p, Initial residual = 0.00016266735, Final residual = 8.8021008e-07, No Iterations 4
time step continuity errors : sum local = 9.381491e-06, global = 3.2069535e-07, cumulative = -0.0020401486
smoothSolver:  Solving for omega, Initial residual = 0.00044394502, Final residual = 3.9867207e-06, No Iterations 2
smoothSolver:  Solving for k, Initial residual = 0.001396329, Final residual = 1.4298884e-05, No Iterations 2
bounding k, min: 9.7351324e-17 max: 0.33541427 average: 0.059294844
ExecutionTime = 832.42878 s  ClockTime = 833 s

Time = 575s

smoothSolver:  Solving for Ux, Initial residual = 0.00064631056, Final residual = 8.4346154e-06, No Iterations 3
smoothSolver:  Solving for Uy, Initial residual = 0.0075487228, Final residual = 0.00010436241, No Iterations 3
smoothSolver:  Solving for Uz, Initial residual = 0.0056233025, Final residual = 7.2483985e-05, No Iterations 3
GAMG:  Solving for p, Initial residual = 0.0085125896, Final residual = 6.3696192e-05, No Iterations 3
GAMG:  Solving for p, Initial residual = 0.00016281805, Final residual = 9.7078971e-07, No Iterations 4
time step continuity errors : sum local = 1.034719e-05, global = 4.0780216e-07, cumulative = -0.0020397408
smoothSolver:  Solving for omega, Initial residual = 0.00044204564, Final residual = 3.7483893e-06, No Iterations 2
smoothSolver:  Solving for k, Initial residual = 0.0014043835, Final residual = 1.4358597e-05, No Iterations 2
bounding k, min: 9.7895865e-17 max: 0.33448904 average: 0.059288033
ExecutionTime = 833.65595 s  ClockTime = 834 s

Time = 576s

smoothSolver:  Solving for Ux, Initial residual = 0.00064668942, Final residual = 8.4284e-06, No Iterations 3
smoothSolver:  Solving for Uy, Initial residual = 0.0075616046, Final residual = 0.00010469797, No Iterations 3
smoothSolver:  Solving for Uz, Initial residual = 0.0056521344, Final residual = 7.2764893e-05, No Iterations 3
GAMG:  Solving for p, Initial residual = 0.0085522148, Final residual = 6.4726382e-05, No Iterations 3
GAMG:  Solving for p, Initial residual = 0.00016315811, Final residual = 1.0403393e-06, No Iterations 4
time step continuity errors : sum local = 1.1086054e-05, global = 3.0431355e-07, cumulative = -0.0020394365
smoothSolver:  Solving for omega, Initial residual = 0.00044587006, Final residual = 3.9297596e-06, No Iterations 2
smoothSolver:  Solving for k, Initial residual = 0.0014121926, Final residual = 1.442675e-05, No Iterations 2
bounding k, min: 9.8342794e-17 max: 0.33354408 average: 0.059281802
ExecutionTime = 834.84869 s  ClockTime = 835 s

Time = 577s

smoothSolver:  Solving for Ux, Initial residual = 0.00064727068, Final residual = 8.4311978e-06, No Iterations 3
smoothSolver:  Solving for Uy, Initial residual = 0.0075745587, Final residual = 0.00010517294, No Iterations 3
smoothSolver:  Solving for Uz, Initial residual = 0.0056811394, Final residual = 7.3065544e-05, No Iterations 3
GAMG:  Solving for p, Initial residual = 0.0085804965, Final residual = 6.5699267e-05, No Iterations 3
GAMG:  Solving for p, Initial residual = 0.00016367598, Final residual = 1.1301555e-06, No Iterations 4
time step continuity errors : sum local = 1.2040991e-05, global = -2.4263814e-08, cumulative = -0.0020394607
smoothSolver:  Solving for omega, Initial residual = 0.00043989257, Final residual = 3.7796951e-06, No Iterations 2
smoothSolver:  Solving for k, Initial residual = 0.0014184933, Final residual = 1.4478292e-05, No Iterations 2
bounding k, min: 9.8801904e-17 max: 0.33253641 average: 0.059275181
ExecutionTime = 836.54817 s  ClockTime = 837 s

Time = 578s

smoothSolver:  Solving for Ux, Initial residual = 0.0006477133, Final residual = 8.4403116e-06, No Iterations 3
smoothSolver:  Solving for Uy, Initial residual = 0.0075882668, Final residual = 0.00010567998, No Iterations 3
smoothSolver:  Solving for Uz, Initial residual = 0.0057112442, Final residual = 7.3425635e-05, No Iterations 3
GAMG:  Solving for p, Initial residual = 0.0085684128, Final residual = 6.7052085e-05, No Iterations 3
GAMG:  Solving for p, Initial residual = 0.00016465217, Final residual = 1.1830795e-06, No Iterations 4
time step continuity errors : sum local = 1.2602244e-05, global = 1.4351995e-07, cumulative = -0.0020393172
smoothSolver:  Solving for omega, Initial residual = 0.00044319951, Final residual = 3.916863e-06, No Iterations 2
smoothSolver:  Solving for k, Initial residual = 0.0014260299, Final residual = 1.4580199e-05, No Iterations 2
bounding k, min: 9.9149043e-17 max: 0.33150677 average: 0.059269108
ExecutionTime = 837.94492 s  ClockTime = 838 s

Time = 579s

smoothSolver:  Solving for Ux, Initial residual = 0.00064807189, Final residual = 8.4508464e-06, No Iterations 3
smoothSolver:  Solving for Uy, Initial residual = 0.0076023739, Final residual = 0.00010616431, No Iterations 3
smoothSolver:  Solving for Uz, Initial residual = 0.0057405814, Final residual = 7.3883198e-05, No Iterations 3
GAMG:  Solving for p, Initial residual = 0.0085456353, Final residual = 6.7555378e-05, No Iterations 3
GAMG:  Solving for p, Initial residual = 0.00016495043, Final residual = 1.2281363e-06, No Iterations 4
time step continuity errors : sum local = 1.3078167e-05, global = -1.1355547e-07, cumulative = -0.0020394308
smoothSolver:  Solving for omega, Initial residual = 0.0004409251, Final residual = 3.740582e-06, No Iterations 2
smoothSolver:  Solving for k, Initial residual = 0.0014295604, Final residual = 1.4588193e-05, No Iterations 2
bounding k, min: 9.9352205e-17 max: 0.33044075 average: 0.059263522
ExecutionTime = 839.50252 s  ClockTime = 840 s

Time = 580s

smoothSolver:  Solving for Ux, Initial residual = 0.00064812149, Final residual = 8.4593043e-06, No Iterations 3
smoothSolver:  Solving for Uy, Initial residual = 0.007608126, Final residual = 0.00010664229, No Iterations 3
smoothSolver:  Solving for Uz, Initial residual = 0.0057651581, Final residual = 7.43358e-05, No Iterations 3
GAMG:  Solving for p, Initial residual = 0.0085262031, Final residual = 6.733064e-05, No Iterations 3
GAMG:  Solving for p, Initial residual = 0.00016493137, Final residual = 1.2181703e-06, No Iterations 4
time step continuity errors : sum local = 1.2967705e-05, global = 1.1127574e-07, cumulative = -0.0020393195
smoothSolver:  Solving for omega, Initial residual = 0.00044596264, Final residual = 3.9760401e-06, No Iterations 2
smoothSolver:  Solving for k, Initial residual = 0.0014304681, Final residual = 1.459058e-05, No Iterations 2
bounding k, min: 9.940004e-17 max: 0.32935797 average: 0.059258224
ExecutionTime = 841.23321 s  ClockTime = 841 s

Time = 581s

smoothSolver:  Solving for Ux, Initial residual = 0.00064799066, Final residual = 8.4638811e-06, No Iterations 3
smoothSolver:  Solving for Uy, Initial residual = 0.007605982, Final residual = 0.00010708551, No Iterations 3
smoothSolver:  Solving for Uz, Initial residual = 0.0057863216, Final residual = 7.4725207e-05, No Iterations 3
GAMG:  Solving for p, Initial residual = 0.0085148988, Final residual = 6.5850687e-05, No Iterations 3
GAMG:  Solving for p, Initial residual = 0.00016427229, Final residual = 1.1883154e-06, No Iterations 4
time step continuity errors : sum local = 1.2642773e-05, global = -5.4026918e-07, cumulative = -0.0020398598
smoothSolver:  Solving for omega, Initial residual = 0.0004378235, Final residual = 3.7511043e-06, No Iterations 2
smoothSolver:  Solving for k, Initial residual = 0.0014293525, Final residual = 1.4561635e-05, No Iterations 2
bounding k, min: 9.9302551e-17 max: 0.32822824 average: 0.059253028
ExecutionTime = 842.94498 s  ClockTime = 843 s

Time = 582s

smoothSolver:  Solving for Ux, Initial residual = 0.00064758525, Final residual = 8.4623089e-06, No Iterations 3
smoothSolver:  Solving for Uy, Initial residual = 0.0076006972, Final residual = 0.00010752325, No Iterations 3
smoothSolver:  Solving for Uz, Initial residual = 0.0058026686, Final residual = 7.5023347e-05, No Iterations 3
GAMG:  Solving for p, Initial residual = 0.0085093572, Final residual = 6.4011515e-05, No Iterations 3
GAMG:  Solving for p, Initial residual = 0.00016324937, Final residual = 1.1578638e-06, No Iterations 4
time step continuity errors : sum local = 1.2311629e-05, global = -3.1137079e-07, cumulative = -0.0020401711
smoothSolver:  Solving for omega, Initial residual = 0.00044169034, Final residual = 3.9196877e-06, No Iterations 2
smoothSolver:  Solving for k, Initial residual = 0.001427245, Final residual = 1.4560416e-05, No Iterations 2
bounding k, min: 9.9090694e-17 max: 0.32707204 average: 0.059248492
ExecutionTime = 844.51517 s  ClockTime = 845 s

Time = 583s

smoothSolver:  Solving for Ux, Initial residual = 0.00064701704, Final residual = 8.458947e-06, No Iterations 3
smoothSolver:  Solving for Uy, Initial residual = 0.0075970165, Final residual = 0.00010796498, No Iterations 3
smoothSolver:  Solving for Uz, Initial residual = 0.0058117306, Final residual = 7.5214527e-05, No Iterations 3
GAMG:  Solving for p, Initial residual = 0.0084621476, Final residual = 6.196195e-05, No Iterations 3
GAMG:  Solving for p, Initial residual = 0.00016171327, Final residual = 1.1294874e-06, No Iterations 4
time step continuity errors : sum local = 1.2005272e-05, global = -5.5626157e-07, cumulative = -0.0020407274
smoothSolver:  Solving for omega, Initial residual = 0.00044170049, Final residual = 3.7693975e-06, No Iterations 2
smoothSolver:  Solving for k, Initial residual = 0.0014254475, Final residual = 1.4549094e-05, No Iterations 2
bounding k, min: 9.8810665e-17 max: 0.32588633 average: 0.059243912
ExecutionTime = 846.06416 s  ClockTime = 846 s

Time = 584s

smoothSolver:  Solving for Ux, Initial residual = 0.00064586115, Final residual = 8.4488766e-06, No Iterations 3
smoothSolver:  Solving for Uy, Initial residual = 0.007593773, Final residual = 0.00010841237, No Iterations 3
smoothSolver:  Solving for Uz, Initial residual = 0.0058158731, Final residual = 7.5305755e-05, No Iterations 3
GAMG:  Solving for p, Initial residual = 0.0084061604, Final residual = 6.0422357e-05, No Iterations 3
GAMG:  Solving for p, Initial residual = 0.00016037026, Final residual = 1.0980772e-06, No Iterations 4
time step continuity errors : sum local = 1.1666351e-05, global = -6.2253454e-07, cumulative = -0.0020413499
smoothSolver:  Solving for omega, Initial residual = 0.00044521842, Final residual = 3.9360213e-06, No Iterations 2
smoothSolver:  Solving for k, Initial residual = 0.0014234507, Final residual = 1.4572312e-05, No Iterations 2
bounding k, min: 9.8576619e-17 max: 0.32461376 average: 0.059239549
ExecutionTime = 847.34199 s  ClockTime = 848 s

Time = 585s

smoothSolver:  Solving for Ux, Initial residual = 0.00064456153, Final residual = 8.4353013e-06, No Iterations 3
smoothSolver:  Solving for Uy, Initial residual = 0.0075928328, Final residual = 0.00010884233, No Iterations 3
smoothSolver:  Solving for Uz, Initial residual = 0.0058133355, Final residual = 7.5325753e-05, No Iterations 3
GAMG:  Solving for p, Initial residual = 0.0083374301, Final residual = 5.8881458e-05, No Iterations 3
GAMG:  Solving for p, Initial residual = 0.00015855349, Final residual = 1.1402797e-06, No Iterations 4
time step continuity errors : sum local = 1.2109029e-05, global = -5.8792062e-07, cumulative = -0.0020419378
smoothSolver:  Solving for omega, Initial residual = 0.00043695467, Final residual = 3.7669716e-06, No Iterations 2
smoothSolver:  Solving for k, Initial residual = 0.0014264611, Final residual = 1.4649332e-05, No Iterations 2
bounding k, min: 9.8322642e-17 max: 0.32318543 average: 0.059235424
ExecutionTime = 848.61222 s  ClockTime = 849 s

Time = 586s

smoothSolver:  Solving for Ux, Initial residual = 0.0006430278, Final residual = 8.4151172e-06, No Iterations 3
smoothSolver:  Solving for Uy, Initial residual = 0.0075983073, Final residual = 0.00010929564, No Iterations 3
smoothSolver:  Solving for Uz, Initial residual = 0.0058109555, Final residual = 7.5308474e-05, No Iterations 3
GAMG:  Solving for p, Initial residual = 0.0082631413, Final residual = 5.7709024e-05, No Iterations 3
GAMG:  Solving for p, Initial residual = 0.00015704679, Final residual = 1.1369382e-06, No Iterations 4
time step continuity errors : sum local = 1.2069563e-05, global = -3.7912132e-07, cumulative = -0.002042317
smoothSolver:  Solving for omega, Initial residual = 0.00044179234, Final residual = 3.9299798e-06, No Iterations 2
smoothSolver:  Solving for k, Initial residual = 0.0014296077, Final residual = 1.4689709e-05, No Iterations 2
bounding k, min: 9.8163378e-17 max: 0.32165983 average: 0.059231247
ExecutionTime = 849.80265 s  ClockTime = 850 s

Time = 587s

smoothSolver:  Solving for Ux, Initial residual = 0.00064135214, Final residual = 8.3928693e-06, No Iterations 3
smoothSolver:  Solving for Uy, Initial residual = 0.0076047169, Final residual = 0.00010971205, No Iterations 3
smoothSolver:  Solving for Uz, Initial residual = 0.0058069868, Final residual = 7.5265934e-05, No Iterations 3
GAMG:  Solving for p, Initial residual = 0.0082043779, Final residual = 5.6202814e-05, No Iterations 3
GAMG:  Solving for p, Initial residual = 0.00015496248, Final residual = 1.1447156e-06, No Iterations 4
time step continuity errors : sum local = 1.2147582e-05, global = -2.4398585e-08, cumulative = -0.0020423414
smoothSolver:  Solving for omega, Initial residual = 0.00044141409, Final residual = 3.7270878e-06, No Iterations 2
smoothSolver:  Solving for k, Initial residual = 0.0014332322, Final residual = 1.477502e-05, No Iterations 2
bounding k, min: 9.8075177e-17 max: 0.32007224 average: 0.059226623
ExecutionTime = 850.99791 s  ClockTime = 851 s

Time = 588s

smoothSolver:  Solving for Ux, Initial residual = 0.00063939361, Final residual = 8.364024e-06, No Iterations 3
smoothSolver:  Solving for Uy, Initial residual = 0.0076149918, Final residual = 0.00011012872, No Iterations 3
smoothSolver:  Solving for Uz, Initial residual = 0.0058032441, Final residual = 7.5216468e-05, No Iterations 3
GAMG:  Solving for p, Initial residual = 0.0081479226, Final residual = 5.4847882e-05, No Iterations 3
GAMG:  Solving for p, Initial residual = 0.0001531621, Final residual = 1.0834145e-06, No Iterations 4
time step continuity errors : sum local = 1.1492455e-05, global = 1.5047479e-07, cumulative = -0.0020421909
smoothSolver:  Solving for omega, Initial residual = 0.00044617476, Final residual = 3.9331877e-06, No Iterations 2
smoothSolver:  Solving for k, Initial residual = 0.0014362102, Final residual = 1.4833463e-05, No Iterations 2
bounding k, min: 9.8215375e-17 max: 0.31845519 average: 0.059222475
ExecutionTime = 852.26055 s  ClockTime = 852 s

Time = 589s

smoothSolver:  Solving for Ux, Initial residual = 0.00063723903, Final residual = 8.3374486e-06, No Iterations 3
smoothSolver:  Solving for Uy, Initial residual = 0.0076225446, Final residual = 0.0001104856, No Iterations 3
smoothSolver:  Solving for Uz, Initial residual = 0.0058008346, Final residual = 7.5202535e-05, No Iterations 3
GAMG:  Solving for p, Initial residual = 0.0080839614, Final residual = 5.3715968e-05, No Iterations 3
GAMG:  Solving for p, Initial residual = 0.00015118318, Final residual = 1.0496826e-06, No Iterations 4
time step continuity errors : sum local = 1.1130122e-05, global = 2.6507888e-07, cumulative = -0.0020419258
smoothSolver:  Solving for omega, Initial residual = 0.00044036695, Final residual = 3.8267693e-06, No Iterations 2
smoothSolver:  Solving for k, Initial residual = 0.0014391967, Final residual = 1.4892559e-05, No Iterations 2
bounding k, min: 9.8537506e-17 max: 0.31825567 average: 0.059217735
ExecutionTime = 853.48929 s  ClockTime = 854 s

Time = 590s

smoothSolver:  Solving for Ux, Initial residual = 0.00063509569, Final residual = 8.3116264e-06, No Iterations 3
smoothSolver:  Solving for Uy, Initial residual = 0.0076306752, Final residual = 0.00011088197, No Iterations 3
smoothSolver:  Solving for Uz, Initial residual = 0.005805329, Final residual = 7.5195062e-05, No Iterations 3
GAMG:  Solving for p, Initial residual = 0.0080351111, Final residual = 5.3000698e-05, No Iterations 3
GAMG:  Solving for p, Initial residual = 0.00014927438, Final residual = 9.6994096e-07, No Iterations 4
time step continuity errors : sum local = 1.028158e-05, global = 2.1214184e-07, cumulative = -0.0020417137
smoothSolver:  Solving for omega, Initial residual = 0.00044177028, Final residual = 3.914525e-06, No Iterations 2
smoothSolver:  Solving for k, Initial residual = 0.0014413807, Final residual = 1.4944543e-05, No Iterations 2
bounding k, min: 9.771757e-17 max: 0.31847693 average: 0.059213012
ExecutionTime = 854.7693 s  ClockTime = 855 s

Time = 591s

smoothSolver:  Solving for Ux, Initial residual = 0.00063280582, Final residual = 8.2917596e-06, No Iterations 3
smoothSolver:  Solving for Uy, Initial residual = 0.0076409431, Final residual = 0.00011128189, No Iterations 3
smoothSolver:  Solving for Uz, Initial residual = 0.0058129685, Final residual = 7.5296059e-05, No Iterations 3
GAMG:  Solving for p, Initial residual = 0.0079888628, Final residual = 5.231486e-05, No Iterations 3
GAMG:  Solving for p, Initial residual = 0.00014735445, Final residual = 9.4021425e-07, No Iterations 4
time step continuity errors : sum local = 9.9623081e-06, global = 2.5988321e-07, cumulative = -0.0020414538
smoothSolver:  Solving for omega, Initial residual = 0.00043926215, Final residual = 3.7311498e-06, No Iterations 2
smoothSolver:  Solving for k, Initial residual = 0.0014431673, Final residual = 1.4992218e-05, No Iterations 2
bounding k, min: 9.6461429e-17 max: 0.31862689 average: 0.05920826
ExecutionTime = 856.11607 s  ClockTime = 856 s

Time = 592s

smoothSolver:  Solving for Ux, Initial residual = 0.00063068376, Final residual = 8.2805607e-06, No Iterations 3
smoothSolver:  Solving for Uy, Initial residual = 0.0076514594, Final residual = 0.00011170397, No Iterations 3
smoothSolver:  Solving for Uz, Initial residual = 0.0058220741, Final residual = 7.544948e-05, No Iterations 3
GAMG:  Solving for p, Initial residual = 0.0079560061, Final residual = 5.1656474e-05, No Iterations 3
GAMG:  Solving for p, Initial residual = 0.00014575667, Final residual = 8.6265294e-07, No Iterations 4
time step continuity errors : sum local = 9.1402099e-06, global = 8.8167772e-08, cumulative = -0.0020413656
smoothSolver:  Solving for omega, Initial residual = 0.00044344802, Final residual = 3.9376043e-06, No Iterations 2
smoothSolver:  Solving for k, Initial residual = 0.0014456522, Final residual = 1.501868e-05, No Iterations 2
bounding k, min: 9.5458784e-17 max: 0.31884125 average: 0.059203112
ExecutionTime = 857.42892 s  ClockTime = 858 s

Time = 593s

smoothSolver:  Solving for Ux, Initial residual = 0.00062874754, Final residual = 8.2813991e-06, No Iterations 3
smoothSolver:  Solving for Uy, Initial residual = 0.0076594856, Final residual = 0.00011206437, No Iterations 3
smoothSolver:  Solving for Uz, Initial residual = 0.0058359364, Final residual = 7.5826827e-05, No Iterations 3
GAMG:  Solving for p, Initial residual = 0.0079296665, Final residual = 5.1073632e-05, No Iterations 3
GAMG:  Solving for p, Initial residual = 0.00014461647, Final residual = 8.4689879e-07, No Iterations 4
time step continuity errors : sum local = 8.9715119e-06, global = -4.0790342e-09, cumulative = -0.0020413697
smoothSolver:  Solving for omega, Initial residual = 0.00043374198, Final residual = 3.678108e-06, No Iterations 2
smoothSolver:  Solving for k, Initial residual = 0.0014470192, Final residual = 1.5034184e-05, No Iterations 2
bounding k, min: 9.4686626e-17 max: 0.31902725 average: 0.059197986
ExecutionTime = 858.86137 s  ClockTime = 859 s

Time = 594s

smoothSolver:  Solving for Ux, Initial residual = 0.00062705489, Final residual = 8.2880818e-06, No Iterations 3
smoothSolver:  Solving for Uy, Initial residual = 0.0076633109, Final residual = 0.00011241866, No Iterations 3
smoothSolver:  Solving for Uz, Initial residual = 0.0058534144, Final residual = 7.6389045e-05, No Iterations 3
GAMG:  Solving for p, Initial residual = 0.0079162014, Final residual = 5.0645271e-05, No Iterations 3
GAMG:  Solving for p, Initial residual = 0.00014418239, Final residual = 7.8466644e-07, No Iterations 4
time step continuity errors : sum local = 8.310821e-06, global = -2.9573872e-07, cumulative = -0.0020416654
smoothSolver:  Solving for omega, Initial residual = 0.0004369802, Final residual = 3.8573048e-06, No Iterations 2
smoothSolver:  Solving for k, Initial residual = 0.0014473588, Final residual = 1.5029852e-05, No Iterations 2
bounding k, min: 9.4138971e-17 max: 0.31922487 average: 0.059192905
ExecutionTime = 860.46523 s  ClockTime = 861 s

Time = 595s

smoothSolver:  Solving for Ux, Initial residual = 0.00062571116, Final residual = 8.3005729e-06, No Iterations 3
smoothSolver:  Solving for Uy, Initial residual = 0.0076624556, Final residual = 0.00011267146, No Iterations 3
smoothSolver:  Solving for Uz, Initial residual = 0.0058782088, Final residual = 7.7116426e-05, No Iterations 3
GAMG:  Solving for p, Initial residual = 0.0078880611, Final residual = 5.0165665e-05, No Iterations 3
GAMG:  Solving for p, Initial residual = 0.0001439215, Final residual = 7.8534925e-07, No Iterations 4
time step continuity errors : sum local = 8.3168776e-06, global = -5.0834614e-07, cumulative = -0.0020421738
smoothSolver:  Solving for omega, Initial residual = 0.00043834554, Final residual = 3.7580991e-06, No Iterations 2
smoothSolver:  Solving for k, Initial residual = 0.0014469004, Final residual = 1.5016758e-05, No Iterations 2
bounding k, min: 9.3685138e-17 max: 0.31951737 average: 0.059186883
ExecutionTime = 862.15098 s  ClockTime = 862 s

Time = 596s

smoothSolver:  Solving for Ux, Initial residual = 0.00062453191, Final residual = 8.3116653e-06, No Iterations 3
smoothSolver:  Solving for Uy, Initial residual = 0.0076611214, Final residual = 0.0001129085, No Iterations 3
smoothSolver:  Solving for Uz, Initial residual = 0.0059103668, Final residual = 7.7913878e-05, No Iterations 3
GAMG:  Solving for p, Initial residual = 0.0078638819, Final residual = 4.9721802e-05, No Iterations 3
GAMG:  Solving for p, Initial residual = 0.00014437203, Final residual = 7.2365117e-07, No Iterations 4
time step continuity errors : sum local = 7.6625861e-06, global = -6.2283299e-07, cumulative = -0.0020427966
smoothSolver:  Solving for omega, Initial residual = 0.00043936039, Final residual = 3.8713659e-06, No Iterations 2
smoothSolver:  Solving for k, Initial residual = 0.0014469505, Final residual = 1.5014372e-05, No Iterations 2
bounding k, min: 9.3303944e-17 max: 0.3198388 average: 0.059181497
ExecutionTime = 863.75036 s  ClockTime = 864 s

Time = 597s

smoothSolver:  Solving for Ux, Initial residual = 0.00062338112, Final residual = 8.3205065e-06, No Iterations 3
smoothSolver:  Solving for Uy, Initial residual = 0.0076619796, Final residual = 0.00011305659, No Iterations 3
smoothSolver:  Solving for Uz, Initial residual = 0.0059542269, Final residual = 7.8812555e-05, No Iterations 3
GAMG:  Solving for p, Initial residual = 0.0078371054, Final residual = 4.926686e-05, No Iterations 3
GAMG:  Solving for p, Initial residual = 0.00014495442, Final residual = 7.7373513e-07, No Iterations 4
time step continuity errors : sum local = 8.1906518e-06, global = -6.3149673e-07, cumulative = -0.0020434281
smoothSolver:  Solving for omega, Initial residual = 0.00043098362, Final residual = 3.6816302e-06, No Iterations 2
smoothSolver:  Solving for k, Initial residual = 0.001445137, Final residual = 1.4972108e-05, No Iterations 2
bounding k, min: 9.3000547e-17 max: 0.32007321 average: 0.059176011
ExecutionTime = 865.30514 s  ClockTime = 865 s

Time = 598s

smoothSolver:  Solving for Ux, Initial residual = 0.00062251964, Final residual = 8.3251814e-06, No Iterations 3
smoothSolver:  Solving for Uy, Initial residual = 0.0076713875, Final residual = 0.00011321998, No Iterations 3
smoothSolver:  Solving for Uz, Initial residual = 0.0060007955, Final residual = 7.9681579e-05, No Iterations 3
GAMG:  Solving for p, Initial residual = 0.0078347991, Final residual = 4.8939555e-05, No Iterations 3
GAMG:  Solving for p, Initial residual = 0.0001454793, Final residual = 7.4634406e-07, No Iterations 4
time step continuity errors : sum local = 7.8995629e-06, global = -6.9818854e-07, cumulative = -0.0020441263
smoothSolver:  Solving for omega, Initial residual = 0.00043688662, Final residual = 3.9197465e-06, No Iterations 2
smoothSolver:  Solving for k, Initial residual = 0.0014433588, Final residual = 1.492475e-05, No Iterations 2
bounding k, min: 9.2721368e-17 max: 0.32030853 average: 0.059169872
ExecutionTime = 867.07462 s  ClockTime = 867 s

Time = 599s

smoothSolver:  Solving for Ux, Initial residual = 0.00062190796, Final residual = 8.3259532e-06, No Iterations 3
smoothSolver:  Solving for Uy, Initial residual = 0.0076899326, Final residual = 0.000113319, No Iterations 3
smoothSolver:  Solving for Uz, Initial residual = 0.0060527607, Final residual = 8.0530569e-05, No Iterations 3
GAMG:  Solving for p, Initial residual = 0.0078419125, Final residual = 4.8879849e-05, No Iterations 3
GAMG:  Solving for p, Initial residual = 0.00014576671, Final residual = 7.8531154e-07, No Iterations 4
time step continuity errors : sum local = 8.3095229e-06, global = -7.6112457e-07, cumulative = -0.0020448874
smoothSolver:  Solving for omega, Initial residual = 0.00043608175, Final residual = 3.7106897e-06, No Iterations 2
smoothSolver:  Solving for k, Initial residual = 0.0014408421, Final residual = 1.4905098e-05, No Iterations 2
bounding k, min: 9.2503745e-17 max: 0.32039747 average: 0.059164255
ExecutionTime = 868.38105 s  ClockTime = 869 s

Time = 600s

smoothSolver:  Solving for Ux, Initial residual = 0.00062131992, Final residual = 8.3235566e-06, No Iterations 3
smoothSolver:  Solving for Uy, Initial residual = 0.0077072114, Final residual = 0.00011333871, No Iterations 3
smoothSolver:  Solving for Uz, Initial residual = 0.0061065537, Final residual = 8.1338011e-05, No Iterations 3
GAMG:  Solving for p, Initial residual = 0.0078535728, Final residual = 4.9093517e-05, No Iterations 3
GAMG:  Solving for p, Initial residual = 0.00014596001, Final residual = 8.0250279e-07, No Iterations 4
time step continuity errors : sum local = 8.488828e-06, global = -8.6511931e-07, cumulative = -0.0020457525
smoothSolver:  Solving for omega, Initial residual = 0.00043930098, Final residual = 3.905841e-06, No Iterations 2
smoothSolver:  Solving for k, Initial residual = 0.0014398017, Final residual = 1.4897272e-05, No Iterations 2
bounding k, min: 9.2355012e-17 max: 0.32047105 average: 0.059158856
ExecutionTime = 869.68389 s  ClockTime = 870 s

Time = 601s

smoothSolver:  Solving for Ux, Initial residual = 0.00062074237, Final residual = 8.3202549e-06, No Iterations 3
smoothSolver:  Solving for Uy, Initial residual = 0.0077232727, Final residual = 0.00011326047, No Iterations 3
smoothSolver:  Solving for Uz, Initial residual = 0.0061613807, Final residual = 8.2116371e-05, No Iterations 3
GAMG:  Solving for p, Initial residual = 0.0078424567, Final residual = 4.9451146e-05, No Iterations 3
GAMG:  Solving for p, Initial residual = 0.00014622541, Final residual = 8.5689385e-07, No Iterations 4
time step continuity errors : sum local = 9.0621394e-06, global = -9.9368259e-07, cumulative = -0.0020467462
smoothSolver:  Solving for omega, Initial residual = 0.00043217065, Final residual = 3.7267908e-06, No Iterations 2
smoothSolver:  Solving for k, Initial residual = 0.001438825, Final residual = 1.4885379e-05, No Iterations 2
bounding k, min: 9.2356693e-17 max: 0.32042616 average: 0.059153071
ExecutionTime = 870.85993 s  ClockTime = 871 s

Time = 602s

smoothSolver:  Solving for Ux, Initial residual = 0.0006200077, Final residual = 8.3162533e-06, No Iterations 3
smoothSolver:  Solving for Uy, Initial residual = 0.0077348661, Final residual = 0.00011314458, No Iterations 3
smoothSolver:  Solving for Uz, Initial residual = 0.0062149793, Final residual = 8.2858931e-05, No Iterations 3
GAMG:  Solving for p, Initial residual = 0.0078094878, Final residual = 4.9763707e-05, No Iterations 3
GAMG:  Solving for p, Initial residual = 0.00014621194, Final residual = 8.6670149e-07, No Iterations 4
time step continuity errors : sum local = 9.1660005e-06, global = -1.432153e-06, cumulative = -0.0020481784
smoothSolver:  Solving for omega, Initial residual = 0.00043561014, Final residual = 3.8838518e-06, No Iterations 2
smoothSolver:  Solving for k, Initial residual = 0.0014383938, Final residual = 1.4903805e-05, No Iterations 2
bounding k, min: 9.2644492e-17 max: 0.32030514 average: 0.05914779
ExecutionTime = 872.06901 s  ClockTime = 872 s

Time = 603s

smoothSolver:  Solving for Ux, Initial residual = 0.00061916924, Final residual = 8.3126165e-06, No Iterations 3
smoothSolver:  Solving for Uy, Initial residual = 0.0077417266, Final residual = 0.00011299658, No Iterations 3
smoothSolver:  Solving for Uz, Initial residual = 0.0062638595, Final residual = 8.3592446e-05, No Iterations 3
GAMG:  Solving for p, Initial residual = 0.007760305, Final residual = 5.038192e-05, No Iterations 3
GAMG:  Solving for p, Initial residual = 0.00014705185, Final residual = 8.9534065e-07, No Iterations 4
time step continuity errors : sum local = 9.4698091e-06, global = -1.2102316e-06, cumulative = -0.0020493886
smoothSolver:  Solving for omega, Initial residual = 0.00043425412, Final residual = 3.6756884e-06, No Iterations 2
smoothSolver:  Solving for k, Initial residual = 0.0014365679, Final residual = 1.4858812e-05, No Iterations 2
bounding k, min: 9.2649421e-17 max: 0.32011141 average: 0.059142714
ExecutionTime = 873.53136 s  ClockTime = 874 s

Time = 604s

smoothSolver:  Solving for Ux, Initial residual = 0.00061816779, Final residual = 8.3112733e-06, No Iterations 3
smoothSolver:  Solving for Uy, Initial residual = 0.0077462357, Final residual = 0.00011291782, No Iterations 3
smoothSolver:  Solving for Uz, Initial residual = 0.006305683, Final residual = 8.4219818e-05, No Iterations 3
GAMG:  Solving for p, Initial residual = 0.0077227314, Final residual = 5.129469e-05, No Iterations 3
GAMG:  Solving for p, Initial residual = 0.00014810758, Final residual = 9.1055008e-07, No Iterations 4
time step continuity errors : sum local = 9.633215e-06, global = -1.6403774e-06, cumulative = -0.002051029
smoothSolver:  Solving for omega, Initial residual = 0.00043814219, Final residual = 3.8689807e-06, No Iterations 2
smoothSolver:  Solving for k, Initial residual = 0.0014357213, Final residual = 1.4867336e-05, No Iterations 2
bounding k, min: 9.2175352e-17 max: 0.31980871 average: 0.05913777
ExecutionTime = 875.14272 s  ClockTime = 875 s

Time = 605s

smoothSolver:  Solving for Ux, Initial residual = 0.00061679991, Final residual = 8.3141773e-06, No Iterations 3
smoothSolver:  Solving for Uy, Initial residual = 0.0077474693, Final residual = 0.00011282052, No Iterations 3
smoothSolver:  Solving for Uz, Initial residual = 0.0063462266, Final residual = 8.4849543e-05, No Iterations 3
GAMG:  Solving for p, Initial residual = 0.00767762, Final residual = 5.2470877e-05, No Iterations 3
GAMG:  Solving for p, Initial residual = 0.00015007626, Final residual = 9.3115242e-07, No Iterations 4
time step continuity errors : sum local = 9.8537845e-06, global = -1.2507679e-06, cumulative = -0.0020522798
smoothSolver:  Solving for omega, Initial residual = 0.00043061654, Final residual = 3.6849985e-06, No Iterations 2
smoothSolver:  Solving for k, Initial residual = 0.0014312432, Final residual = 1.4771909e-05, No Iterations 2
bounding k, min: 9.1878666e-17 max: 0.31946058 average: 0.059133609
ExecutionTime = 876.94338 s  ClockTime = 877 s

Time = 606s

smoothSolver:  Solving for Ux, Initial residual = 0.00061537386, Final residual = 8.3181335e-06, No Iterations 3
smoothSolver:  Solving for Uy, Initial residual = 0.0077348023, Final residual = 0.00011273736, No Iterations 3
smoothSolver:  Solving for Uz, Initial residual = 0.0063771772, Final residual = 8.5320137e-05, No Iterations 3
GAMG:  Solving for p, Initial residual = 0.0076370029, Final residual = 5.340996e-05, No Iterations 3
GAMG:  Solving for p, Initial residual = 0.00015147428, Final residual = 9.3169395e-07, No Iterations 4
time step continuity errors : sum local = 9.8637754e-06, global = -1.2444578e-06, cumulative = -0.0020535242
smoothSolver:  Solving for omega, Initial residual = 0.00043439578, Final residual = 3.8514797e-06, No Iterations 2
smoothSolver:  Solving for k, Initial residual = 0.0014293606, Final residual = 1.4773215e-05, No Iterations 2
bounding k, min: 9.1833575e-17 max: 0.31899604 average: 0.059130041
ExecutionTime = 878.55159 s  ClockTime = 879 s

Time = 607s

smoothSolver:  Solving for Ux, Initial residual = 0.00061358765, Final residual = 8.3204712e-06, No Iterations 3
smoothSolver:  Solving for Uy, Initial residual = 0.0077184075, Final residual = 0.00011257404, No Iterations 3
smoothSolver:  Solving for Uz, Initial residual = 0.0064057779, Final residual = 8.5757577e-05, No Iterations 3
GAMG:  Solving for p, Initial residual = 0.0075799679, Final residual = 5.4003767e-05, No Iterations 3
GAMG:  Solving for p, Initial residual = 0.00015320406, Final residual = 9.6910342e-07, No Iterations 4
time step continuity errors : sum local = 1.0265037e-05, global = -1.2089553e-06, cumulative = -0.0020547332
smoothSolver:  Solving for omega, Initial residual = 0.00043625128, Final residual = 3.7194282e-06, No Iterations 2
smoothSolver:  Solving for k, Initial residual = 0.0014265319, Final residual = 1.4711144e-05, No Iterations 2
bounding k, min: 9.1858889e-17 max: 0.31849796 average: 0.059126552
ExecutionTime = 879.79909 s  ClockTime = 880 s

Time = 608s

smoothSolver:  Solving for Ux, Initial residual = 0.00061166523, Final residual = 8.3156423e-06, No Iterations 3
smoothSolver:  Solving for Uy, Initial residual = 0.0076985588, Final residual = 0.00011239614, No Iterations 3
smoothSolver:  Solving for Uz, Initial residual = 0.0064299161, Final residual = 8.6001868e-05, No Iterations 3
GAMG:  Solving for p, Initial residual = 0.0075291286, Final residual = 5.3829751e-05, No Iterations 3
GAMG:  Solving for p, Initial residual = 0.00015348551, Final residual = 9.7234246e-07, No Iterations 4
time step continuity errors : sum local = 1.0304939e-05, global = -1.06087e-06, cumulative = -0.002055794
smoothSolver:  Solving for omega, Initial residual = 0.00043851604, Final residual = 3.8369264e-06, No Iterations 2
smoothSolver:  Solving for k, Initial residual = 0.0014232462, Final residual = 1.4660816e-05, No Iterations 2
bounding k, min: 9.1943803e-17 max: 0.31790038 average: 0.059124004
ExecutionTime = 880.99995 s  ClockTime = 881 s

Time = 609s

smoothSolver:  Solving for Ux, Initial residual = 0.00060938536, Final residual = 8.3037148e-06, No Iterations 3
smoothSolver:  Solving for Uy, Initial residual = 0.0076764575, Final residual = 0.00011215293, No Iterations 3
smoothSolver:  Solving for Uz, Initial residual = 0.0064495565, Final residual = 8.614374e-05, No Iterations 3
GAMG:  Solving for p, Initial residual = 0.0074738362, Final residual = 5.3059988e-05, No Iterations 3
GAMG:  Solving for p, Initial residual = 0.00015381628, Final residual = 1.0133842e-06, No Iterations 4
time step continuity errors : sum local = 1.0745374e-05, global = -8.0180295e-07, cumulative = -0.0020565958
smoothSolver:  Solving for omega, Initial residual = 0.00043011429, Final residual = 3.6470213e-06, No Iterations 2
smoothSolver:  Solving for k, Initial residual = 0.0014183796, Final residual = 1.4587352e-05, No Iterations 2
bounding k, min: 9.2047328e-17 max: 0.31726567 average: 0.059122021
ExecutionTime = 882.30836 s  ClockTime = 882 s

Time = 610s

smoothSolver:  Solving for Ux, Initial residual = 0.00060687015, Final residual = 8.2830869e-06, No Iterations 3
smoothSolver:  Solving for Uy, Initial residual = 0.00765285, Final residual = 0.0001118642, No Iterations 3
smoothSolver:  Solving for Uz, Initial residual = 0.0064624834, Final residual = 8.6154501e-05, No Iterations 3
GAMG:  Solving for p, Initial residual = 0.0074247917, Final residual = 5.2102295e-05, No Iterations 3
GAMG:  Solving for p, Initial residual = 0.00015365572, Final residual = 1.0042261e-06, No Iterations 4
time step continuity errors : sum local = 1.0652928e-05, global = -5.4700578e-07, cumulative = -0.0020571428
smoothSolver:  Solving for omega, Initial residual = 0.0004356036, Final residual = 3.8982745e-06, No Iterations 2
smoothSolver:  Solving for k, Initial residual = 0.0014173881, Final residual = 1.4589774e-05, No Iterations 2
bounding k, min: 9.1535874e-17 max: 0.31656479 average: 0.059120065
ExecutionTime = 883.47903 s  ClockTime = 884 s

Time = 611s

smoothSolver:  Solving for Ux, Initial residual = 0.00060377196, Final residual = 8.2572053e-06, No Iterations 3
smoothSolver:  Solving for Uy, Initial residual = 0.0076271234, Final residual = 0.000111453, No Iterations 3
smoothSolver:  Solving for Uz, Initial residual = 0.0064714197, Final residual = 8.6124381e-05, No Iterations 3
GAMG:  Solving for p, Initial residual = 0.0074000773, Final residual = 5.1216708e-05, No Iterations 3
GAMG:  Solving for p, Initial residual = 0.0001541936, Final residual = 1.0202631e-06, No Iterations 4
time step continuity errors : sum local = 1.0828555e-05, global = -2.3485558e-07, cumulative = -0.0020573777
smoothSolver:  Solving for omega, Initial residual = 0.0004346313, Final residual = 3.7060635e-06, No Iterations 2
smoothSolver:  Solving for k, Initial residual = 0.001414027, Final residual = 1.4492761e-05, No Iterations 2
bounding k, min: 9.1325325e-17 max: 0.31581203 average: 0.05911903
ExecutionTime = 884.72474 s  ClockTime = 885 s

Time = 612s

smoothSolver:  Solving for Ux, Initial residual = 0.00060075736, Final residual = 8.2206791e-06, No Iterations 3
smoothSolver:  Solving for Uy, Initial residual = 0.0075960563, Final residual = 0.00011100695, No Iterations 3
smoothSolver:  Solving for Uz, Initial residual = 0.0064741245, Final residual = 8.6011601e-05, No Iterations 3
GAMG:  Solving for p, Initial residual = 0.0073786172, Final residual = 5.0262072e-05, No Iterations 3
GAMG:  Solving for p, Initial residual = 0.00015439797, Final residual = 1.0162471e-06, No Iterations 4
time step continuity errors : sum local = 1.0791244e-05, global = -2.3396982e-08, cumulative = -0.0020574011
smoothSolver:  Solving for omega, Initial residual = 0.0004365943, Final residual = 3.8391356e-06, No Iterations 2
smoothSolver:  Solving for k, Initial residual = 0.0014116507, Final residual = 1.445956e-05, No Iterations 2
bounding k, min: 9.1180074e-17 max: 0.31503764 average: 0.059118439
ExecutionTime = 885.99839 s  ClockTime = 886 s

Time = 613s

smoothSolver:  Solving for Ux, Initial residual = 0.00059746679, Final residual = 8.1752481e-06, No Iterations 3
smoothSolver:  Solving for Uy, Initial residual = 0.0075657003, Final residual = 0.00011051831, No Iterations 3
smoothSolver:  Solving for Uz, Initial residual = 0.0064755122, Final residual = 8.5929334e-05, No Iterations 3
GAMG:  Solving for p, Initial residual = 0.007367221, Final residual = 4.938336e-05, No Iterations 3
GAMG:  Solving for p, Initial residual = 0.00015489183, Final residual = 1.0421652e-06, No Iterations 4
time step continuity errors : sum local = 1.1069477e-05, global = -4.6788316e-08, cumulative = -0.0020574479
smoothSolver:  Solving for omega, Initial residual = 0.00042856518, Final residual = 3.6658546e-06, No Iterations 2
smoothSolver:  Solving for k, Initial residual = 0.0014102677, Final residual = 1.43919e-05, No Iterations 2
bounding k, min: 9.1606219e-17 max: 0.31419056 average: 0.059118082
ExecutionTime = 887.27303 s  ClockTime = 887 s

Time = 614s

smoothSolver:  Solving for Ux, Initial residual = 0.000594191, Final residual = 8.1200491e-06, No Iterations 3
smoothSolver:  Solving for Uy, Initial residual = 0.0075354165, Final residual = 0.00010999273, No Iterations 3
smoothSolver:  Solving for Uz, Initial residual = 0.0064763639, Final residual = 8.5840324e-05, No Iterations 3
GAMG:  Solving for p, Initial residual = 0.0073667767, Final residual = 4.8446997e-05, No Iterations 3
GAMG:  Solving for p, Initial residual = 0.00015518881, Final residual = 1.0361429e-06, No Iterations 4
time step continuity errors : sum local = 1.1010211e-05, global = -1.1940472e-07, cumulative = -0.0020575673
smoothSolver:  Solving for omega, Initial residual = 0.00043127436, Final residual = 3.8119564e-06, No Iterations 2
smoothSolver:  Solving for k, Initial residual = 0.001409219, Final residual = 1.4349556e-05, No Iterations 2
bounding k, min: 9.1416321e-17 max: 0.3133757 average: 0.059118045
ExecutionTime = 888.45454 s  ClockTime = 889 s

Time = 615s

smoothSolver:  Solving for Ux, Initial residual = 0.00059054592, Final residual = 8.0574697e-06, No Iterations 3
smoothSolver:  Solving for Uy, Initial residual = 0.0075069639, Final residual = 0.0001093824, No Iterations 3
smoothSolver:  Solving for Uz, Initial residual = 0.0064763151, Final residual = 8.5776282e-05, No Iterations 3
GAMG:  Solving for p, Initial residual = 0.0073787711, Final residual = 4.771143e-05, No Iterations 3
GAMG:  Solving for p, Initial residual = 0.00015550048, Final residual = 1.0595196e-06, No Iterations 4
time step continuity errors : sum local = 1.1261416e-05, global = -3.6831694e-07, cumulative = -0.0020579356
smoothSolver:  Solving for omega, Initial residual = 0.00043151624, Final residual = 3.6512174e-06, No Iterations 2
smoothSolver:  Solving for k, Initial residual = 0.0014106648, Final residual = 1.4341111e-05, No Iterations 2
bounding k, min: 9.1232026e-17 max: 0.31252998 average: 0.059117984
ExecutionTime = 889.6028 s  ClockTime = 890 s

Time = 616s

smoothSolver:  Solving for Ux, Initial residual = 0.00058678335, Final residual = 7.9872988e-06, No Iterations 3
smoothSolver:  Solving for Uy, Initial residual = 0.0074822576, Final residual = 0.00010866967, No Iterations 3
smoothSolver:  Solving for Uz, Initial residual = 0.0064755481, Final residual = 8.5698723e-05, No Iterations 3
GAMG:  Solving for p, Initial residual = 0.0073860676, Final residual = 4.7005518e-05, No Iterations 3
GAMG:  Solving for p, Initial residual = 0.00015538619, Final residual = 1.0437336e-06, No Iterations 4
time step continuity errors : sum local = 1.1097408e-05, global = -1.8836591e-07, cumulative = -0.002058124
smoothSolver:  Solving for omega, Initial residual = 0.00043521592, Final residual = 3.843414e-06, No Iterations 2
smoothSolver:  Solving for k, Initial residual = 0.0014090904, Final residual = 1.4252531e-05, No Iterations 2
bounding k, min: 9.1257831e-17 max: 0.31168219 average: 0.059117954
ExecutionTime = 890.77353 s  ClockTime = 891 s

Time = 617s

smoothSolver:  Solving for Ux, Initial residual = 0.00058251482, Final residual = 7.9130882e-06, No Iterations 3
smoothSolver:  Solving for Uy, Initial residual = 0.007446084, Final residual = 0.00010787244, No Iterations 3
smoothSolver:  Solving for Uz, Initial residual = 0.0064728313, Final residual = 8.5567093e-05, No Iterations 3
GAMG:  Solving for p, Initial residual = 0.0073766342, Final residual = 4.6223098e-05, No Iterations 3
GAMG:  Solving for p, Initial residual = 0.00015409528, Final residual = 1.0567383e-06, No Iterations 4
time step continuity errors : sum local = 1.1235975e-05, global = -1.7964444e-07, cumulative = -0.0020583036
smoothSolver:  Solving for omega, Initial residual = 0.00042695328, Final residual = 3.6360292e-06, No Iterations 2
smoothSolver:  Solving for k, Initial residual = 0.0014094925, Final residual = 1.4241025e-05, No Iterations 2
bounding k, min: 9.125953e-17 max: 0.31188835 average: 0.059118051
ExecutionTime = 891.98676 s  ClockTime = 892 s

Time = 618s

smoothSolver:  Solving for Ux, Initial residual = 0.00057815446, Final residual = 7.8383792e-06, No Iterations 3
smoothSolver:  Solving for Uy, Initial residual = 0.0074045974, Final residual = 0.00010696162, No Iterations 3
smoothSolver:  Solving for Uz, Initial residual = 0.0064665274, Final residual = 8.5396504e-05, No Iterations 3
GAMG:  Solving for p, Initial residual = 0.0073633379, Final residual = 4.5505632e-05, No Iterations 3
GAMG:  Solving for p, Initial residual = 0.0001523487, Final residual = 1.0341914e-06, No Iterations 4
time step continuity errors : sum local = 1.0996237e-05, global = -2.7921146e-07, cumulative = -0.0020585828
smoothSolver:  Solving for omega, Initial residual = 0.00043002446, Final residual = 3.8136612e-06, No Iterations 2
smoothSolver:  Solving for k, Initial residual = 0.0014111487, Final residual = 1.4212056e-05, No Iterations 2
bounding k, min: 9.1141886e-17 max: 0.31252338 average: 0.059117503
ExecutionTime = 893.27434 s  ClockTime = 893 s

Time = 619s

smoothSolver:  Solving for Ux, Initial residual = 0.00057351401, Final residual = 7.7681463e-06, No Iterations 3
smoothSolver:  Solving for Uy, Initial residual = 0.0073586792, Final residual = 0.00010594963, No Iterations 3
smoothSolver:  Solving for Uz, Initial residual = 0.0064579027, Final residual = 8.5197267e-05, No Iterations 3
GAMG:  Solving for p, Initial residual = 0.0073639864, Final residual = 4.499184e-05, No Iterations 3
GAMG:  Solving for p, Initial residual = 0.00015085558, Final residual = 1.0274564e-06, No Iterations 4
time step continuity errors : sum local = 1.092221e-05, global = -1.8963798e-07, cumulative = -0.0020587725
smoothSolver:  Solving for omega, Initial residual = 0.00043029034, Final residual = 3.6949512e-06, No Iterations 2
smoothSolver:  Solving for k, Initial residual = 0.0014127182, Final residual = 1.4230491e-05, No Iterations 2
bounding k, min: 9.1027473e-17 max: 0.31306532 average: 0.059116745
ExecutionTime = 894.74576 s  ClockTime = 895 s

Time = 620s

smoothSolver:  Solving for Ux, Initial residual = 0.00056904324, Final residual = 7.6997481e-06, No Iterations 3
smoothSolver:  Solving for Uy, Initial residual = 0.0073066607, Final residual = 0.00010486154, No Iterations 3
smoothSolver:  Solving for Uz, Initial residual = 0.006443974, Final residual = 8.4912224e-05, No Iterations 3
GAMG:  Solving for p, Initial residual = 0.0073508775, Final residual = 4.473568e-05, No Iterations 3
GAMG:  Solving for p, Initial residual = 0.00014928903, Final residual = 9.7868624e-07, No Iterations 4
time step continuity errors : sum local = 1.0403388e-05, global = 1.1752431e-07, cumulative = -0.0020586549
smoothSolver:  Solving for omega, Initial residual = 0.00043225885, Final residual = 3.8220867e-06, No Iterations 2
smoothSolver:  Solving for k, Initial residual = 0.0014084165, Final residual = 1.4108129e-05, No Iterations 2
bounding k, min: 9.0975622e-17 max: 0.31360249 average: 0.059115612
ExecutionTime = 896.18242 s  ClockTime = 896 s

Time = 621s

smoothSolver:  Solving for Ux, Initial residual = 0.00056433767, Final residual = 7.6345184e-06, No Iterations 3
smoothSolver:  Solving for Uy, Initial residual = 0.0072460702, Final residual = 0.00010377266, No Iterations 3
smoothSolver:  Solving for Uz, Initial residual = 0.0064223904, Final residual = 8.453061e-05, No Iterations 3
GAMG:  Solving for p, Initial residual = 0.0073317922, Final residual = 4.4876271e-05, No Iterations 3
GAMG:  Solving for p, Initial residual = 0.00014781662, Final residual = 9.6245443e-07, No Iterations 4
time step continuity errors : sum local = 1.0229177e-05, global = 1.9017059e-07, cumulative = -0.0020584648
smoothSolver:  Solving for omega, Initial residual = 0.00042491141, Final residual = 3.6090375e-06, No Iterations 2
smoothSolver:  Solving for k, Initial residual = 0.0014033116, Final residual = 1.4045566e-05, No Iterations 2
bounding k, min: 9.0968628e-17 max: 0.31402221 average: 0.059113237
ExecutionTime = 897.48619 s  ClockTime = 898 s

Time = 622s

smoothSolver:  Solving for Ux, Initial residual = 0.00055976636, Final residual = 7.5715935e-06, No Iterations 3
smoothSolver:  Solving for Uy, Initial residual = 0.0071771497, Final residual = 0.00010262817, No Iterations 3
smoothSolver:  Solving for Uz, Initial residual = 0.006393346, Final residual = 8.4189013e-05, No Iterations 3
GAMG:  Solving for p, Initial residual = 0.0073029496, Final residual = 4.5281022e-05, No Iterations 3
GAMG:  Solving for p, Initial residual = 0.00014679041, Final residual = 9.1476102e-07, No Iterations 4
time step continuity errors : sum local = 9.7198471e-06, global = 2.2658861e-07, cumulative = -0.0020582382
smoothSolver:  Solving for omega, Initial residual = 0.00042912117, Final residual = 3.8040183e-06, No Iterations 2
smoothSolver:  Solving for k, Initial residual = 0.0014003257, Final residual = 1.399728e-05, No Iterations 2
bounding k, min: 9.1000245e-17 max: 0.31442082 average: 0.059110096
ExecutionTime = 898.77669 s  ClockTime = 899 s

Time = 623s

smoothSolver:  Solving for Ux, Initial residual = 0.00055483241, Final residual = 7.5088938e-06, No Iterations 3
smoothSolver:  Solving for Uy, Initial residual = 0.0071081025, Final residual = 0.00010147309, No Iterations 3
smoothSolver:  Solving for Uz, Initial residual = 0.0063619361, Final residual = 8.3864145e-05, No Iterations 3
GAMG:  Solving for p, Initial residual = 0.007300032, Final residual = 4.5647834e-05, No Iterations 3
GAMG:  Solving for p, Initial residual = 0.0001467938, Final residual = 8.9252887e-07, No Iterations 4
time step continuity errors : sum local = 9.4818068e-06, global = 3.1506296e-09, cumulative = -0.002058235
smoothSolver:  Solving for omega, Initial residual = 0.00042854876, Final residual = 3.6261214e-06, No Iterations 2
smoothSolver:  Solving for k, Initial residual = 0.0013946279, Final residual = 1.3885942e-05, No Iterations 2
bounding k, min: 9.1073615e-17 max: 0.31469658 average: 0.059106307
ExecutionTime = 900.06265 s  ClockTime = 900 s

Time = 624s

smoothSolver:  Solving for Ux, Initial residual = 0.00054989137, Final residual = 7.4430525e-06, No Iterations 3
smoothSolver:  Solving for Uy, Initial residual = 0.007036751, Final residual = 0.00010022771, No Iterations 3
smoothSolver:  Solving for Uz, Initial residual = 0.0063299095, Final residual = 8.3655804e-05, No Iterations 3
GAMG:  Solving for p, Initial residual = 0.0073002615, Final residual = 4.557175e-05, No Iterations 3
GAMG:  Solving for p, Initial residual = 0.00014729118, Final residual = 8.3538935e-07, No Iterations 4
time step continuity errors : sum local = 8.8752027e-06, global = -5.8385587e-07, cumulative = -0.0020588189
smoothSolver:  Solving for omega, Initial residual = 0.00043130909, Final residual = 3.7969432e-06, No Iterations 2
smoothSolver:  Solving for k, Initial residual = 0.001385958, Final residual = 1.3730394e-05, No Iterations 2
bounding k, min: 9.1193504e-17 max: 0.31491206 average: 0.059101974
ExecutionTime = 901.36115 s  ClockTime = 902 s

Time = 625s

smoothSolver:  Solving for Ux, Initial residual = 0.00054449058, Final residual = 7.374813e-06, No Iterations 3
smoothSolver:  Solving for Uy, Initial residual = 0.0069586267, Final residual = 9.908096e-05, No Iterations 3
smoothSolver:  Solving for Uz, Initial residual = 0.0062909712, Final residual = 8.3421547e-05, No Iterations 3
GAMG:  Solving for p, Initial residual = 0.0072878012, Final residual = 4.520077e-05, No Iterations 3
GAMG:  Solving for p, Initial residual = 0.00014761029, Final residual = 7.8293381e-07, No Iterations 4
time step continuity errors : sum local = 8.3181081e-06, global = -8.775616e-07, cumulative = -0.0020596965
smoothSolver:  Solving for omega, Initial residual = 0.00042416471, Final residual = 3.642784e-06, No Iterations 2
smoothSolver:  Solving for k, Initial residual = 0.0013771599, Final residual = 1.3619067e-05, No Iterations 2
bounding k, min: 9.1372057e-17 max: 0.31503444 average: 0.059096692
ExecutionTime = 902.77705 s  ClockTime = 903 s

Time = 626s

smoothSolver:  Solving for Ux, Initial residual = 0.0005391815, Final residual = 7.3004458e-06, No Iterations 3
smoothSolver:  Solving for Uy, Initial residual = 0.0068810105, Final residual = 9.7962139e-05, No Iterations 3
smoothSolver:  Solving for Uz, Initial residual = 0.0062551988, Final residual = 8.3179282e-05, No Iterations 3
GAMG:  Solving for p, Initial residual = 0.007264445, Final residual = 4.4425078e-05, No Iterations 3
GAMG:  Solving for p, Initial residual = 0.0001469079, Final residual = 7.4163188e-07, No Iterations 4
time step continuity errors : sum local = 7.8820076e-06, global = -9.6620314e-07, cumulative = -0.0020606627
smoothSolver:  Solving for omega, Initial residual = 0.00042713843, Final residual = 3.7951114e-06, No Iterations 2
smoothSolver:  Solving for k, Initial residual = 0.0013702071, Final residual = 1.348793e-05, No Iterations 2
bounding k, min: 9.1630128e-17 max: 0.31505871 average: 0.059090462
ExecutionTime = 904.25111 s  ClockTime = 904 s

Time = 627s

smoothSolver:  Solving for Ux, Initial residual = 0.00053364845, Final residual = 7.2198603e-06, No Iterations 3
smoothSolver:  Solving for Uy, Initial residual = 0.0068093768, Final residual = 9.6936146e-05, No Iterations 3
smoothSolver:  Solving for Uz, Initial residual = 0.0062169609, Final residual = 8.2908854e-05, No Iterations 3
GAMG:  Solving for p, Initial residual = 0.0072505534, Final residual = 4.3641296e-05, No Iterations 3
GAMG:  Solving for p, Initial residual = 0.00014604636, Final residual = 7.2933615e-07, No Iterations 4
time step continuity errors : sum local = 7.7542274e-06, global = -9.8250258e-07, cumulative = -0.0020616452
smoothSolver:  Solving for omega, Initial residual = 0.00042493345, Final residual = 3.5852261e-06, No Iterations 2
smoothSolver:  Solving for k, Initial residual = 0.0013647555, Final residual = 1.3395779e-05, No Iterations 2
bounding k, min: 9.1760812e-17 max: 0.31502364 average: 0.059083369
ExecutionTime = 905.70251 s  ClockTime = 906 s

Time = 628s

smoothSolver:  Solving for Ux, Initial residual = 0.00052809276, Final residual = 7.1303886e-06, No Iterations 3
smoothSolver:  Solving for Uy, Initial residual = 0.0067372206, Final residual = 9.6001178e-05, No Iterations 3
smoothSolver:  Solving for Uz, Initial residual = 0.0061781386, Final residual = 8.2552356e-05, No Iterations 3
GAMG:  Solving for p, Initial residual = 0.0072338922, Final residual = 4.2529729e-05, No Iterations 3
GAMG:  Solving for p, Initial residual = 0.00014399022, Final residual = 7.1882634e-07, No Iterations 4
time step continuity errors : sum local = 7.6465444e-06, global = -1.5931075e-06, cumulative = -0.0020632383
smoothSolver:  Solving for omega, Initial residual = 0.00042903879, Final residual = 3.8237121e-06, No Iterations 2
smoothSolver:  Solving for k, Initial residual = 0.0013572022, Final residual = 1.3256083e-05, No Iterations 2
bounding k, min: 9.1696709e-17 max: 0.3148537 average: 0.059075725
ExecutionTime = 907.36244 s  ClockTime = 908 s

Time = 629s

smoothSolver:  Solving for Ux, Initial residual = 0.00052198011, Final residual = 7.0335385e-06, No Iterations 3
smoothSolver:  Solving for Uy, Initial residual = 0.006672626, Final residual = 9.5138387e-05, No Iterations 3
smoothSolver:  Solving for Uz, Initial residual = 0.0061362437, Final residual = 8.2114486e-05, No Iterations 3
GAMG:  Solving for p, Initial residual = 0.0072117918, Final residual = 4.1749245e-05, No Iterations 3
GAMG:  Solving for p, Initial residual = 0.00014245601, Final residual = 6.9993241e-07, No Iterations 4
time step continuity errors : sum local = 7.4493376e-06, global = -1.4206342e-06, cumulative = -0.0020646589
smoothSolver:  Solving for omega, Initial residual = 0.00042235127, Final residual = 3.6109049e-06, No Iterations 2
smoothSolver:  Solving for k, Initial residual = 0.0013515024, Final residual = 1.3161943e-05, No Iterations 2
bounding k, min: 9.2067367e-17 max: 0.31466189 average: 0.059067525
ExecutionTime = 908.93382 s  ClockTime = 909 s

Time = 630s

smoothSolver:  Solving for Ux, Initial residual = 0.00051572017, Final residual = 6.9287e-06, No Iterations 3
smoothSolver:  Solving for Uy, Initial residual = 0.0066134684, Final residual = 9.4303829e-05, No Iterations 3
smoothSolver:  Solving for Uz, Initial residual = 0.0060894963, Final residual = 8.1563602e-05, No Iterations 3
GAMG:  Solving for p, Initial residual = 0.0071899372, Final residual = 4.110566e-05, No Iterations 3
GAMG:  Solving for p, Initial residual = 0.00014066997, Final residual = 7.3923314e-07, No Iterations 4
time step continuity errors : sum local = 7.8729888e-06, global = -1.9410461e-06, cumulative = -0.0020665999
smoothSolver:  Solving for omega, Initial residual = 0.00042562174, Final residual = 3.7782368e-06, No Iterations 2
smoothSolver:  Solving for k, Initial residual = 0.0013431514, Final residual = 1.3059339e-05, No Iterations 2
bounding k, min: 9.2569113e-17 max: 0.31430105 average: 0.059059169
ExecutionTime = 910.66561 s  ClockTime = 911 s

Time = 631s

smoothSolver:  Solving for Ux, Initial residual = 0.00050898605, Final residual = 6.8159167e-06, No Iterations 3
smoothSolver:  Solving for Uy, Initial residual = 0.0065587932, Final residual = 9.3537128e-05, No Iterations 3
smoothSolver:  Solving for Uz, Initial residual = 0.0060389609, Final residual = 8.092618e-05, No Iterations 3
GAMG:  Solving for p, Initial residual = 0.0071977467, Final residual = 4.0914766e-05, No Iterations 3
GAMG:  Solving for p, Initial residual = 0.00013911734, Final residual = 7.6325922e-07, No Iterations 4
time step continuity errors : sum local = 8.1338963e-06, global = -1.7970226e-06, cumulative = -0.002068397
smoothSolver:  Solving for omega, Initial residual = 0.0004262205, Final residual = 3.6452156e-06, No Iterations 2
smoothSolver:  Solving for k, Initial residual = 0.0013341104, Final residual = 1.2945805e-05, No Iterations 2
bounding k, min: 9.3451209e-17 max: 0.31395816 average: 0.059050691
ExecutionTime = 912.47432 s  ClockTime = 913 s

Time = 632s

smoothSolver:  Solving for Ux, Initial residual = 0.00050210867, Final residual = 6.6987232e-06, No Iterations 3
smoothSolver:  Solving for Uy, Initial residual = 0.0065069907, Final residual = 9.2843719e-05, No Iterations 3
smoothSolver:  Solving for Uz, Initial residual = 0.005984567, Final residual = 8.0203366e-05, No Iterations 3
GAMG:  Solving for p, Initial residual = 0.0072059581, Final residual = 4.0814105e-05, No Iterations 3
GAMG:  Solving for p, Initial residual = 0.00013751705, Final residual = 8.2097078e-07, No Iterations 4
time step continuity errors : sum local = 8.7562896e-06, global = -1.5424409e-06, cumulative = -0.0020699394
smoothSolver:  Solving for omega, Initial residual = 0.00042597225, Final residual = 3.7904518e-06, No Iterations 2
smoothSolver:  Solving for k, Initial residual = 0.001326954, Final residual = 1.2855331e-05, No Iterations 2
bounding k, min: 9.4641258e-17 max: 0.31345883 average: 0.059042079
ExecutionTime = 914.38285 s  ClockTime = 915 s

Time = 633s

smoothSolver:  Solving for Ux, Initial residual = 0.0004950433, Final residual = 6.5829492e-06, No Iterations 3
smoothSolver:  Solving for Uy, Initial residual = 0.0064658416, Final residual = 9.2263506e-05, No Iterations 3
smoothSolver:  Solving for Uz, Initial residual = 0.0059300206, Final residual = 7.9406454e-05, No Iterations 3
GAMG:  Solving for p, Initial residual = 0.0072208424, Final residual = 4.1076364e-05, No Iterations 3
GAMG:  Solving for p, Initial residual = 0.00013586086, Final residual = 8.7145031e-07, No Iterations 4
time step continuity errors : sum local = 9.3016162e-06, global = -1.1522904e-06, cumulative = -0.0020710917
smoothSolver:  Solving for omega, Initial residual = 0.0004159278, Final residual = 3.5619898e-06, No Iterations 2
smoothSolver:  Solving for k, Initial residual = 0.0013171896, Final residual = 1.270259e-05, No Iterations 2
bounding k, min: 9.6156603e-17 max: 0.31293794 average: 0.059033529
ExecutionTime = 916.06135 s  ClockTime = 916 s

Time = 634s

smoothSolver:  Solving for Ux, Initial residual = 0.00048819509, Final residual = 6.4779674e-06, No Iterations 3
smoothSolver:  Solving for Uy, Initial residual = 0.00642336, Final residual = 9.1705937e-05, No Iterations 3
smoothSolver:  Solving for Uz, Initial residual = 0.0058684794, Final residual = 7.8632673e-05, No Iterations 3
GAMG:  Solving for p, Initial residual = 0.0072163767, Final residual = 4.1327435e-05, No Iterations 3
GAMG:  Solving for p, Initial residual = 0.00013398171, Final residual = 9.6631425e-07, No Iterations 4
time step continuity errors : sum local = 1.0321072e-05, global = -1.6853589e-06, cumulative = -0.0020727771
smoothSolver:  Solving for omega, Initial residual = 0.00042182147, Final residual = 3.7809102e-06, No Iterations 2
smoothSolver:  Solving for k, Initial residual = 0.001307318, Final residual = 1.2608857e-05, No Iterations 2
bounding k, min: 9.8060796e-17 max: 0.31231705 average: 0.059025194
ExecutionTime = 917.22911 s  ClockTime = 917 s

Time = 635s

smoothSolver:  Solving for Ux, Initial residual = 0.00048158996, Final residual = 6.3901668e-06, No Iterations 3
smoothSolver:  Solving for Uy, Initial residual = 0.0063842724, Final residual = 9.1242095e-05, No Iterations 3
smoothSolver:  Solving for Uz, Initial residual = 0.0058078866, Final residual = 7.7879965e-05, No Iterations 3
GAMG:  Solving for p, Initial residual = 0.0071963227, Final residual = 4.1827552e-05, No Iterations 3
GAMG:  Solving for p, Initial residual = 0.00013256906, Final residual = 1.0435632e-06, No Iterations 4
time step continuity errors : sum local = 1.1152036e-05, global = -1.095774e-06, cumulative = -0.0020738728
smoothSolver:  Solving for omega, Initial residual = 0.00042283281, Final residual = 3.6377044e-06, No Iterations 2
smoothSolver:  Solving for k, Initial residual = 0.0012955821, Final residual = 1.2454169e-05, No Iterations 2
bounding k, min: 1.0010796e-16 max: 0.31165589 average: 0.059017377
ExecutionTime = 918.41332 s  ClockTime = 919 s

Time = 636s

smoothSolver:  Solving for Ux, Initial residual = 0.00047579897, Final residual = 6.3147468e-06, No Iterations 3
smoothSolver:  Solving for Uy, Initial residual = 0.0063461024, Final residual = 9.0856002e-05, No Iterations 3
smoothSolver:  Solving for Uz, Initial residual = 0.0057445877, Final residual = 7.7151317e-05, No Iterations 3
GAMG:  Solving for p, Initial residual = 0.007148536, Final residual = 4.2050668e-05, No Iterations 3
GAMG:  Solving for p, Initial residual = 0.0001310816, Final residual = 1.1012476e-06, No Iterations 4
time step continuity errors : sum local = 1.1772737e-05, global = -1.2177662e-06, cumulative = -0.0020750906
smoothSolver:  Solving for omega, Initial residual = 0.00042267717, Final residual = 3.7439128e-06, No Iterations 2
smoothSolver:  Solving for k, Initial residual = 0.0012817247, Final residual = 1.2338837e-05, No Iterations 2
bounding k, min: 1.0204058e-16 max: 0.31092687 average: 0.05901048
ExecutionTime = 919.57502 s  ClockTime = 920 s

Time = 637s

smoothSolver:  Solving for Ux, Initial residual = 0.00047024159, Final residual = 6.2493469e-06, No Iterations 3
smoothSolver:  Solving for Uy, Initial residual = 0.0063081854, Final residual = 9.0564954e-05, No Iterations 3
smoothSolver:  Solving for Uz, Initial residual = 0.0056804573, Final residual = 7.6453199e-05, No Iterations 3
GAMG:  Solving for p, Initial residual = 0.0071019021, Final residual = 4.228498e-05, No Iterations 3
GAMG:  Solving for p, Initial residual = 0.00012967592, Final residual = 1.1174374e-06, No Iterations 4
time step continuity errors : sum local = 1.194891e-05, global = -1.1616007e-06, cumulative = -0.0020762522
smoothSolver:  Solving for omega, Initial residual = 0.00041513118, Final residual = 3.5971558e-06, No Iterations 2
smoothSolver:  Solving for k, Initial residual = 0.0012724508, Final residual = 1.2260581e-05, No Iterations 2
bounding k, min: 1.0352947e-16 max: 0.31015079 average: 0.05900326
ExecutionTime = 920.79935 s  ClockTime = 921 s

Time = 638s

smoothSolver:  Solving for Ux, Initial residual = 0.00046522118, Final residual = 6.1885381e-06, No Iterations 3
smoothSolver:  Solving for Uy, Initial residual = 0.0062732492, Final residual = 9.0315065e-05, No Iterations 3
smoothSolver:  Solving for Uz, Initial residual = 0.0056175557, Final residual = 7.5772702e-05, No Iterations 3
GAMG:  Solving for p, Initial residual = 0.0070423516, Final residual = 4.221215e-05, No Iterations 3
GAMG:  Solving for p, Initial residual = 0.00012844447, Final residual = 1.1243567e-06, No Iterations 4
time step continuity errors : sum local = 1.2024927e-05, global = -1.0549756e-06, cumulative = -0.0020773072
smoothSolver:  Solving for omega, Initial residual = 0.0004176589, Final residual = 3.7294704e-06, No Iterations 2
smoothSolver:  Solving for k, Initial residual = 0.0012582195, Final residual = 1.2096163e-05, No Iterations 2
bounding k, min: 1.0429265e-16 max: 0.309337 average: 0.058997271
ExecutionTime = 921.95158 s  ClockTime = 922 s

Time = 639s

smoothSolver:  Solving for Ux, Initial residual = 0.00046024259, Final residual = 6.1330436e-06, No Iterations 3
smoothSolver:  Solving for Uy, Initial residual = 0.0062378622, Final residual = 9.0113538e-05, No Iterations 3
smoothSolver:  Solving for Uz, Initial residual = 0.0055490871, Final residual = 7.5060844e-05, No Iterations 3
GAMG:  Solving for p, Initial residual = 0.006976437, Final residual = 4.2098308e-05, No Iterations 3
GAMG:  Solving for p, Initial residual = 0.00012739508, Final residual = 1.0720604e-06, No Iterations 4
time step continuity errors : sum local = 1.1464628e-05, global = -9.0553061e-07, cumulative = -0.0020782127
smoothSolver:  Solving for omega, Initial residual = 0.00041561239, Final residual = 3.5183972e-06, No Iterations 2
smoothSolver:  Solving for k, Initial residual = 0.0012485061, Final residual = 1.2063993e-05, No Iterations 2
bounding k, min: 1.0418056e-16 max: 0.3084912 average: 0.058991555
ExecutionTime = 923.13124 s  ClockTime = 923 s

Time = 640s

smoothSolver:  Solving for Ux, Initial residual = 0.000455727, Final residual = 6.0787564e-06, No Iterations 3
smoothSolver:  Solving for Uy, Initial residual = 0.0062039327, Final residual = 8.9915925e-05, No Iterations 3
smoothSolver:  Solving for Uz, Initial residual = 0.005483855, Final residual = 7.4355198e-05, No Iterations 3
GAMG:  Solving for p, Initial residual = 0.0069083519, Final residual = 4.1671568e-05, No Iterations 3
GAMG:  Solving for p, Initial residual = 0.00012638692, Final residual = 1.0033501e-06, No Iterations 4
time step continuity errors : sum local = 1.0726523e-05, global = -8.4537558e-07, cumulative = -0.0020790581
smoothSolver:  Solving for omega, Initial residual = 0.00042027512, Final residual = 3.7188767e-06, No Iterations 2
smoothSolver:  Solving for k, Initial residual = 0.0012376188, Final residual = 1.1945415e-05, No Iterations 2
bounding k, min: 1.0325376e-16 max: 0.30761317 average: 0.058986906
ExecutionTime = 924.61966 s  ClockTime = 925 s

Time = 641s

smoothSolver:  Solving for Ux, Initial residual = 0.00045153118, Final residual = 6.027616e-06, No Iterations 3
smoothSolver:  Solving for Uy, Initial residual = 0.0061731156, Final residual = 8.9669835e-05, No Iterations 3
smoothSolver:  Solving for Uz, Initial residual = 0.0054174587, Final residual = 7.3618975e-05, No Iterations 3
GAMG:  Solving for p, Initial residual = 0.0068587733, Final residual = 4.1193711e-05, No Iterations 3
GAMG:  Solving for p, Initial residual = 0.00012540988, Final residual = 8.9513623e-07, No Iterations 4
time step continuity errors : sum local = 9.5637285e-06, global = -7.3790611e-07, cumulative = -0.002079796
smoothSolver:  Solving for omega, Initial residual = 0.00041339695, Final residual = 3.5388488e-06, No Iterations 2
smoothSolver:  Solving for k, Initial residual = 0.0012242345, Final residual = 1.180815e-05, No Iterations 2
bounding k, min: 1.017203e-16 max: 0.30675615 average: 0.058983022
ExecutionTime = 925.90677 s  ClockTime = 926 s

Time = 642s

smoothSolver:  Solving for Ux, Initial residual = 0.00044774713, Final residual = 5.977145e-06, No Iterations 3
smoothSolver:  Solving for Uy, Initial residual = 0.0061451225, Final residual = 8.9308545e-05, No Iterations 3
smoothSolver:  Solving for Uz, Initial residual = 0.0053525709, Final residual = 7.2814673e-05, No Iterations 3
GAMG:  Solving for p, Initial residual = 0.0068247412, Final residual = 4.068168e-05, No Iterations 3
GAMG:  Solving for p, Initial residual = 0.0001254609, Final residual = 8.026844e-07, No Iterations 4
time step continuity errors : sum local = 8.5698875e-06, global = -5.5140188e-07, cumulative = -0.0020803474
smoothSolver:  Solving for omega, Initial residual = 0.00041558345, Final residual = 3.6956823e-06, No Iterations 2
smoothSolver:  Solving for k, Initial residual = 0.0012103657, Final residual = 1.1672228e-05, No Iterations 2
bounding k, min: 9.987644e-17 max: 0.30585905 average: 0.058980373
ExecutionTime = 927.26997 s  ClockTime = 927 s

Time = 643s

smoothSolver:  Solving for Ux, Initial residual = 0.00044424008, Final residual = 5.9297042e-06, No Iterations 3
smoothSolver:  Solving for Uy, Initial residual = 0.0061157198, Final residual = 8.8807443e-05, No Iterations 3
smoothSolver:  Solving for Uz, Initial residual = 0.0052892935, Final residual = 7.2062459e-05, No Iterations 3
GAMG:  Solving for p, Initial residual = 0.0068183385, Final residual = 4.0438433e-05, No Iterations 3
GAMG:  Solving for p, Initial residual = 0.00012606151, Final residual = 6.764519e-07, No Iterations 4
time step continuity errors : sum local = 7.2151269e-06, global = -5.4672813e-07, cumulative = -0.0020808941
smoothSolver:  Solving for omega, Initial residual = 0.0004167086, Final residual = 3.5509502e-06, No Iterations 2
smoothSolver:  Solving for k, Initial residual = 0.0012020172, Final residual = 1.1643521e-05, No Iterations 2
bounding k, min: 9.8039556e-17 max: 0.30497902 average: 0.05897832
ExecutionTime = 928.92699 s  ClockTime = 929 s

Time = 644s

smoothSolver:  Solving for Ux, Initial residual = 0.00044116811, Final residual = 5.8814114e-06, No Iterations 3
smoothSolver:  Solving for Uy, Initial residual = 0.0060842166, Final residual = 8.8146101e-05, No Iterations 3
smoothSolver:  Solving for Uz, Initial residual = 0.0052374155, Final residual = 7.1394652e-05, No Iterations 3
GAMG:  Solving for p, Initial residual = 0.0068253273, Final residual = 4.0426569e-05, No Iterations 3
GAMG:  Solving for p, Initial residual = 0.00012658364, Final residual = 5.7906606e-07, No Iterations 4
time step continuity errors : sum local = 6.1708619e-06, global = -3.8346885e-07, cumulative = -0.0020812776
smoothSolver:  Solving for omega, Initial residual = 0.00041892458, Final residual = 3.7434819e-06, No Iterations 2
smoothSolver:  Solving for k, Initial residual = 0.0011881541, Final residual = 1.1475592e-05, No Iterations 2
bounding k, min: 9.6547898e-17 max: 0.30410928 average: 0.058978063
ExecutionTime = 930.84758 s  ClockTime = 931 s

Time = 645s

smoothSolver:  Solving for Ux, Initial residual = 0.00043832704, Final residual = 5.8357723e-06, No Iterations 3
smoothSolver:  Solving for Uy, Initial residual = 0.0060499627, Final residual = 8.7347313e-05, No Iterations 3
smoothSolver:  Solving for Uz, Initial residual = 0.0051872063, Final residual = 7.0701266e-05, No Iterations 3
GAMG:  Solving for p, Initial residual = 0.0068479263, Final residual = 4.0544114e-05, No Iterations 3
GAMG:  Solving for p, Initial residual = 0.00012707755, Final residual = 5.1387699e-07, No Iterations 4
time step continuity errors : sum local = 5.4707179e-06, global = -2.0496663e-07, cumulative = -0.0020814826
smoothSolver:  Solving for omega, Initial residual = 0.00041208192, Final residual = 3.5595029e-06, No Iterations 2
smoothSolver:  Solving for k, Initial residual = 0.0011805323, Final residual = 1.1449562e-05, No Iterations 2
bounding k, min: 9.581162e-17 max: 0.30347378 average: 0.058978329
ExecutionTime = 932.48391 s  ClockTime = 933 s

Time = 646s

smoothSolver:  Solving for Ux, Initial residual = 0.00043593047, Final residual = 5.7894397e-06, No Iterations 3
smoothSolver:  Solving for Uy, Initial residual = 0.0060142813, Final residual = 8.6440082e-05, No Iterations 3
smoothSolver:  Solving for Uz, Initial residual = 0.0051454189, Final residual = 7.0100516e-05, No Iterations 3
GAMG:  Solving for p, Initial residual = 0.0068742177, Final residual = 4.0838528e-05, No Iterations 3
GAMG:  Solving for p, Initial residual = 0.00012795433, Final residual = 5.0827017e-07, No Iterations 4
time step continuity errors : sum local = 5.4062737e-06, global = -1.7744164e-07, cumulative = -0.00208166
smoothSolver:  Solving for omega, Initial residual = 0.00041542342, Final residual = 3.6821117e-06, No Iterations 2
smoothSolver:  Solving for k, Initial residual = 0.0011710508, Final residual = 1.1349782e-05, No Iterations 2
bounding k, min: 9.6522838e-17 max: 0.30348905 average: 0.058979046
ExecutionTime = 934.204 s  ClockTime = 934 s

Time = 647s

smoothSolver:  Solving for Ux, Initial residual = 0.00043391886, Final residual = 5.746359e-06, No Iterations 3
smoothSolver:  Solving for Uy, Initial residual = 0.005971843, Final residual = 8.5441038e-05, No Iterations 3
smoothSolver:  Solving for Uz, Initial residual = 0.0051055412, Final residual = 6.9525819e-05, No Iterations 3
GAMG:  Solving for p, Initial residual = 0.0068781265, Final residual = 4.119366e-05, No Iterations 3
GAMG:  Solving for p, Initial residual = 0.00012863285, Final residual = 5.4006618e-07, No Iterations 4
time step continuity errors : sum local = 5.739645e-06, global = -3.2590376e-07, cumulative = -0.0020819859
smoothSolver:  Solving for omega, Initial residual = 0.00041512513, Final residual = 3.5155002e-06, No Iterations 2
smoothSolver:  Solving for k, Initial residual = 0.0011631385, Final residual = 1.1282077e-05, No Iterations 2
bounding k, min: 9.8614822e-17 max: 0.30362679 average: 0.058980772
ExecutionTime = 936.13637 s  ClockTime = 936 s

Time = 648s

smoothSolver:  Solving for Ux, Initial residual = 0.00043189058, Final residual = 5.704131e-06, No Iterations 3
smoothSolver:  Solving for Uy, Initial residual = 0.0059211376, Final residual = 8.4408451e-05, No Iterations 3
smoothSolver:  Solving for Uz, Initial residual = 0.0050713037, Final residual = 6.9018831e-05, No Iterations 3
GAMG:  Solving for p, Initial residual = 0.0068434799, Final residual = 4.1173099e-05, No Iterations 3
GAMG:  Solving for p, Initial residual = 0.00012893548, Final residual = 5.8375583e-07, No Iterations 4
time step continuity errors : sum local = 6.1999376e-06, global = -5.0675582e-07, cumulative = -0.0020824927
smoothSolver:  Solving for omega, Initial residual = 0.00041813803, Final residual = 3.6885115e-06, No Iterations 2
smoothSolver:  Solving for k, Initial residual = 0.0011553984, Final residual = 1.1195308e-05, No Iterations 2
bounding k, min: 9.7042933e-17 max: 0.30381943 average: 0.058982752
ExecutionTime = 937.72026 s  ClockTime = 938 s

Time = 649s

smoothSolver:  Solving for Ux, Initial residual = 0.00043036411, Final residual = 5.6673901e-06, No Iterations 3
smoothSolver:  Solving for Uy, Initial residual = 0.0058657949, Final residual = 8.339092e-05, No Iterations 3
smoothSolver:  Solving for Uz, Initial residual = 0.0050445038, Final residual = 6.8565772e-05, No Iterations 3
GAMG:  Solving for p, Initial residual = 0.0067812355, Final residual = 4.0910466e-05, No Iterations 3
GAMG:  Solving for p, Initial residual = 0.00012833567, Final residual = 6.7009164e-07, No Iterations 4
time step continuity errors : sum local = 7.1130909e-06, global = -1.4361805e-06, cumulative = -0.0020839288
smoothSolver:  Solving for omega, Initial residual = 0.00041410977, Final residual = 3.5730973e-06, No Iterations 2
smoothSolver:  Solving for k, Initial residual = 0.001150721, Final residual = 1.1171804e-05, No Iterations 2
bounding k, min: 9.8498267e-17 max: 0.30403226 average: 0.058984957
ExecutionTime = 939.18678 s  ClockTime = 939 s

Time = 650s

smoothSolver:  Solving for Ux, Initial residual = 0.00042895388, Final residual = 5.6335287e-06, No Iterations 3
smoothSolver:  Solving for Uy, Initial residual = 0.0058067975, Final residual = 8.2400735e-05, No Iterations 3
smoothSolver:  Solving for Uz, Initial residual = 0.0050211205, Final residual = 6.8183725e-05, No Iterations 3
GAMG:  Solving for p, Initial residual = 0.0066937795, Final residual = 4.0383702e-05, No Iterations 3
GAMG:  Solving for p, Initial residual = 0.00012715316, Final residual = 7.1854069e-07, No Iterations 4
time step continuity errors : sum local = 7.6262183e-06, global = -1.81655e-06, cumulative = -0.0020857454
smoothSolver:  Solving for omega, Initial residual = 0.00041719462, Final residual = 3.7191105e-06, No Iterations 2
smoothSolver:  Solving for k, Initial residual = 0.0011429337, Final residual = 1.1055374e-05, No Iterations 2
bounding k, min: 1.0546315e-16 max: 0.30424586 average: 0.058987856
ExecutionTime = 940.62317 s  ClockTime = 941 s

Time = 651s

smoothSolver:  Solving for Ux, Initial residual = 0.00042799436, Final residual = 5.6072485e-06, No Iterations 3
smoothSolver:  Solving for Uy, Initial residual = 0.0057473803, Final residual = 8.1472946e-05, No Iterations 3
smoothSolver:  Solving for Uz, Initial residual = 0.0049956255, Final residual = 6.7798631e-05, No Iterations 3
GAMG:  Solving for p, Initial residual = 0.0065858074, Final residual = 3.9784231e-05, No Iterations 3
GAMG:  Solving for p, Initial residual = 0.00012548003, Final residual = 7.6236505e-07, No Iterations 4
time step continuity errors : sum local = 8.0929676e-06, global = -2.1079781e-06, cumulative = -0.0020878534
smoothSolver:  Solving for omega, Initial residual = 0.00041638888, Final residual = 3.5295985e-06, No Iterations 2
smoothSolver:  Solving for k, Initial residual = 0.0011357558, Final residual = 1.0992317e-05, No Iterations 2
bounding k, min: 1.0343273e-16 max: 0.30498536 average: 0.058990966
ExecutionTime = 941.84919 s  ClockTime = 942 s

Time = 652s

smoothSolver:  Solving for Ux, Initial residual = 0.00042721881, Final residual = 5.5839325e-06, No Iterations 3
smoothSolver:  Solving for Uy, Initial residual = 0.0056902149, Final residual = 8.0604064e-05, No Iterations 3
smoothSolver:  Solving for Uz, Initial residual = 0.0049712935, Final residual = 6.7414047e-05, No Iterations 3
GAMG:  Solving for p, Initial residual = 0.0064626896, Final residual = 3.9055268e-05, No Iterations 3
GAMG:  Solving for p, Initial residual = 0.00012425327, Final residual = 7.70853e-07, No Iterations 4
time step continuity errors : sum local = 8.1847475e-06, global = -2.0986994e-06, cumulative = -0.0020899521
smoothSolver:  Solving for omega, Initial residual = 0.00041833916, Final residual = 3.6564612e-06, No Iterations 2
smoothSolver:  Solving for k, Initial residual = 0.0011293306, Final residual = 1.0889014e-05, No Iterations 2
bounding k, min: 1.0594196e-16 max: 0.30711949 average: 0.058993821
ExecutionTime = 943.13123 s  ClockTime = 943 s

Time = 653s

smoothSolver:  Solving for Ux, Initial residual = 0.0004269949, Final residual = 5.5646687e-06, No Iterations 3
smoothSolver:  Solving for Uy, Initial residual = 0.0056378849, Final residual = 7.9860043e-05, No Iterations 3
smoothSolver:  Solving for Uz, Initial residual = 0.004948973, Final residual = 6.7032068e-05, No Iterations 3
GAMG:  Solving for p, Initial residual = 0.0063434786, Final residual = 3.8172127e-05, No Iterations 3
GAMG:  Solving for p, Initial residual = 0.00012290601, Final residual = 7.7182401e-07, No Iterations 4
time step continuity errors : sum local = 8.1986481e-06, global = -2.0692268e-06, cumulative = -0.0020920213
smoothSolver:  Solving for omega, Initial residual = 0.00041175786, Final residual = 3.5590293e-06, No Iterations 2
smoothSolver:  Solving for k, Initial residual = 0.0011230616, Final residual = 1.0829384e-05, No Iterations 2
bounding k, min: 1.1543558e-16 max: 0.30879844 average: 0.058996825
ExecutionTime = 944.2902 s  ClockTime = 945 s

Time = 654s

smoothSolver:  Solving for Ux, Initial residual = 0.00042679785, Final residual = 5.5473844e-06, No Iterations 3
smoothSolver:  Solving for Uy, Initial residual = 0.0055877889, Final residual = 7.9166467e-05, No Iterations 3
smoothSolver:  Solving for Uz, Initial residual = 0.0049258515, Final residual = 6.6645805e-05, No Iterations 3
GAMG:  Solving for p, Initial residual = 0.0062326486, Final residual = 3.7202051e-05, No Iterations 3
GAMG:  Solving for p, Initial residual = 0.00012207741, Final residual = 7.6257528e-07, No Iterations 4
time step continuity errors : sum local = 8.1042525e-06, global = -2.1249216e-06, cumulative = -0.0020941462
smoothSolver:  Solving for omega, Initial residual = 0.00041439485, Final residual = 3.6425728e-06, No Iterations 2
smoothSolver:  Solving for k, Initial residual = 0.001117839, Final residual = 1.077725e-05, No Iterations 2
bounding k, min: 1.2649912e-16 max: 0.30978948 average: 0.05900005
ExecutionTime = 945.59277 s  ClockTime = 946 s

Time = 655s

smoothSolver:  Solving for Ux, Initial residual = 0.00042723107, Final residual = 5.5334597e-06, No Iterations 3
smoothSolver:  Solving for Uy, Initial residual = 0.0055469202, Final residual = 7.8581417e-05, No Iterations 3
smoothSolver:  Solving for Uz, Initial residual = 0.004904036, Final residual = 6.6241759e-05, No Iterations 3
GAMG:  Solving for p, Initial residual = 0.0061318404, Final residual = 3.6274598e-05, No Iterations 3
GAMG:  Solving for p, Initial residual = 0.00012104189, Final residual = 7.3469316e-07, No Iterations 4
time step continuity errors : sum local = 7.8113783e-06, global = -2.0136473e-06, cumulative = -0.0020961599
smoothSolver:  Solving for omega, Initial residual = 0.00041573752, Final residual = 3.5195321e-06, No Iterations 2
smoothSolver:  Solving for k, Initial residual = 0.0011162432, Final residual = 1.0769168e-05, No Iterations 2
bounding k, min: 1.2833704e-16 max: 0.31160026 average: 0.059002556
ExecutionTime = 947.35312 s  ClockTime = 948 s

Time = 656s

smoothSolver:  Solving for Ux, Initial residual = 0.0004277676, Final residual = 5.5219617e-06, No Iterations 3
smoothSolver:  Solving for Uy, Initial residual = 0.0055114171, Final residual = 7.8010564e-05, No Iterations 3
smoothSolver:  Solving for Uz, Initial residual = 0.0048805413, Final residual = 6.579133e-05, No Iterations 3
GAMG:  Solving for p, Initial residual = 0.0060304899, Final residual = 3.5216476e-05, No Iterations 3
GAMG:  Solving for p, Initial residual = 0.00012018089, Final residual = 6.8567726e-07, No Iterations 4
time step continuity errors : sum local = 7.293571e-06, global = -1.7900749e-06, cumulative = -0.0020979499
smoothSolver:  Solving for omega, Initial residual = 0.0004178371, Final residual = 3.6858614e-06, No Iterations 2
smoothSolver:  Solving for k, Initial residual = 0.0011149822, Final residual = 1.0720216e-05, No Iterations 2
bounding k, min: 1.3569913e-16 max: 0.31261428 average: 0.059004621
ExecutionTime = 949.04546 s  ClockTime = 949 s

Time = 657s

smoothSolver:  Solving for Ux, Initial residual = 0.0004287078, Final residual = 5.5151817e-06, No Iterations 3
smoothSolver:  Solving for Uy, Initial residual = 0.0054791309, Final residual = 7.7428618e-05, No Iterations 3
smoothSolver:  Solving for Uz, Initial residual = 0.0048605948, Final residual = 6.535583e-05, No Iterations 3
GAMG:  Solving for p, Initial residual = 0.0059354167, Final residual = 3.4299913e-05, No Iterations 3
GAMG:  Solving for p, Initial residual = 0.00011874026, Final residual = 6.1527194e-07, No Iterations 4
time step continuity errors : sum local = 6.5482656e-06, global = -8.9068485e-07, cumulative = -0.0020988406
smoothSolver:  Solving for omega, Initial residual = 0.00041046576, Final residual = 3.503802e-06, No Iterations 2
smoothSolver:  Solving for k, Initial residual = 0.0011143465, Final residual = 1.0723914e-05, No Iterations 2
bounding k, min: 1.4948811e-16 max: 0.31273095 average: 0.059006157
ExecutionTime = 950.59517 s  ClockTime = 951 s

Time = 658s

smoothSolver:  Solving for Ux, Initial residual = 0.00042966335, Final residual = 5.5114098e-06, No Iterations 3
smoothSolver:  Solving for Uy, Initial residual = 0.0054485391, Final residual = 7.6841414e-05, No Iterations 3
smoothSolver:  Solving for Uz, Initial residual = 0.0048395586, Final residual = 6.4881873e-05, No Iterations 3
GAMG:  Solving for p, Initial residual = 0.0058516283, Final residual = 3.3452673e-05, No Iterations 3
GAMG:  Solving for p, Initial residual = 0.00011775393, Final residual = 5.8943018e-07, No Iterations 4
time step continuity errors : sum local = 6.2747444e-06, global = -2.0854505e-07, cumulative = -0.0020990492
smoothSolver:  Solving for omega, Initial residual = 0.00041651581, Final residual = 3.6906352e-06, No Iterations 2
smoothSolver:  Solving for k, Initial residual = 0.0011111043, Final residual = 1.0642713e-05, No Iterations 2
bounding k, min: 1.7051957e-16 max: 0.31235057 average: 0.059007936
ExecutionTime = 951.82221 s  ClockTime = 952 s

Time = 659s

smoothSolver:  Solving for Ux, Initial residual = 0.00043089633, Final residual = 5.51357e-06, No Iterations 3
smoothSolver:  Solving for Uy, Initial residual = 0.0054208218, Final residual = 7.6311137e-05, No Iterations 3
smoothSolver:  Solving for Uz, Initial residual = 0.0048239971, Final residual = 6.4415469e-05, No Iterations 3
GAMG:  Solving for p, Initial residual = 0.0057828241, Final residual = 3.2851343e-05, No Iterations 3
GAMG:  Solving for p, Initial residual = 0.00011669053, Final residual = 5.940216e-07, No Iterations 4
time step continuity errors : sum local = 6.3235891e-06, global = -4.9895145e-08, cumulative = -0.0020990991
smoothSolver:  Solving for omega, Initial residual = 0.00041654561, Final residual = 3.5466259e-06, No Iterations 2
smoothSolver:  Solving for k, Initial residual = 0.0011093108, Final residual = 1.0619216e-05, No Iterations 2
bounding k, min: 1.9903605e-16 max: 0.31151148 average: 0.059009166
ExecutionTime = 953.028 s  ClockTime = 953 s

Time = 660s

smoothSolver:  Solving for Ux, Initial residual = 0.00043210071, Final residual = 5.5194242e-06, No Iterations 3
smoothSolver:  Solving for Uy, Initial residual = 0.0053936531, Final residual = 7.5745244e-05, No Iterations 3
smoothSolver:  Solving for Uz, Initial residual = 0.0048074679, Final residual = 6.3914943e-05, No Iterations 3
GAMG:  Solving for p, Initial residual = 0.0057311125, Final residual = 3.2308713e-05, No Iterations 3
GAMG:  Solving for p, Initial residual = 0.00011639213, Final residual = 6.7114124e-07, No Iterations 4
time step continuity errors : sum local = 7.1444036e-06, global = 2.3347732e-07, cumulative = -0.0020988656
smoothSolver:  Solving for omega, Initial residual = 0.0004172244, Final residual = 3.6325629e-06, No Iterations 2
smoothSolver:  Solving for k, Initial residual = 0.0011103571, Final residual = 1.0618013e-05, No Iterations 2
ExecutionTime = 954.57003 s  ClockTime = 955 s

Time = 661s

smoothSolver:  Solving for Ux, Initial residual = 0.00043348224, Final residual = 5.5300638e-06, No Iterations 3
smoothSolver:  Solving for Uy, Initial residual = 0.005373792, Final residual = 7.5282281e-05, No Iterations 3
smoothSolver:  Solving for Uz, Initial residual = 0.0047958906, Final residual = 6.3448952e-05, No Iterations 3
GAMG:  Solving for p, Initial residual = 0.0056974251, Final residual = 3.2090253e-05, No Iterations 3
GAMG:  Solving for p, Initial residual = 0.00011610071, Final residual = 6.8220271e-07, No Iterations 4
time step continuity errors : sum local = 7.2599408e-06, global = 2.1284154e-07, cumulative = -0.0020986527
smoothSolver:  Solving for omega, Initial residual = 0.00041164581, Final residual = 3.5423023e-06, No Iterations 2
smoothSolver:  Solving for k, Initial residual = 0.0011091936, Final residual = 1.0572003e-05, No Iterations 2
ExecutionTime = 956.04607 s  ClockTime = 956 s

Time = 662s

smoothSolver:  Solving for Ux, Initial residual = 0.00043475681, Final residual = 5.5428304e-06, No Iterations 3
smoothSolver:  Solving for Uy, Initial residual = 0.0053565034, Final residual = 7.4820513e-05, No Iterations 3
smoothSolver:  Solving for Uz, Initial residual = 0.0047808201, Final residual = 6.2963866e-05, No Iterations 3
GAMG:  Solving for p, Initial residual = 0.0056712898, Final residual = 3.2033685e-05, No Iterations 3
GAMG:  Solving for p, Initial residual = 0.0001164745, Final residual = 7.6465398e-07, No Iterations 4
time step continuity errors : sum local = 8.1339045e-06, global = 1.4935032e-07, cumulative = -0.0020985034
smoothSolver:  Solving for omega, Initial residual = 0.00041715771, Final residual = 3.727407e-06, No Iterations 2
smoothSolver:  Solving for k, Initial residual = 0.0011103144, Final residual = 1.0552521e-05, No Iterations 2
ExecutionTime = 957.649 s  ClockTime = 958 s

Time = 663s

smoothSolver:  Solving for Ux, Initial residual = 0.00043622367, Final residual = 5.5571835e-06, No Iterations 3
smoothSolver:  Solving for Uy, Initial residual = 0.0053483792, Final residual = 7.4443534e-05, No Iterations 3
smoothSolver:  Solving for Uz, Initial residual = 0.0047680769, Final residual = 6.2524969e-05, No Iterations 3
GAMG:  Solving for p, Initial residual = 0.0056697053, Final residual = 3.226874e-05, No Iterations 3
GAMG:  Solving for p, Initial residual = 0.00011618208, Final residual = 8.0065184e-07, No Iterations 4
time step continuity errors : sum local = 8.5117777e-06, global = 7.9971648e-08, cumulative = -0.0020984234
smoothSolver:  Solving for omega, Initial residual = 0.00041498422, Final residual = 3.4870421e-06, No Iterations 2
smoothSolver:  Solving for k, Initial residual = 0.0011128413, Final residual = 1.0573054e-05, No Iterations 2
ExecutionTime = 959.12185 s  ClockTime = 959 s

Time = 664s

smoothSolver:  Solving for Ux, Initial residual = 0.00043761861, Final residual = 5.5710001e-06, No Iterations 3
smoothSolver:  Solving for Uy, Initial residual = 0.0053431087, Final residual = 7.4050336e-05, No Iterations 3
smoothSolver:  Solving for Uz, Initial residual = 0.0047576394, Final residual = 6.2142955e-05, No Iterations 3
GAMG:  Solving for p, Initial residual = 0.0056779064, Final residual = 3.2618184e-05, No Iterations 3
GAMG:  Solving for p, Initial residual = 0.00011628667, Final residual = 8.4186764e-07, No Iterations 4
time step continuity errors : sum local = 8.9450979e-06, global = 4.7345719e-08, cumulative = -0.0020983761
smoothSolver:  Solving for omega, Initial residual = 0.00041846366, Final residual = 3.6747795e-06, No Iterations 2
smoothSolver:  Solving for k, Initial residual = 0.0011149257, Final residual = 1.0522526e-05, No Iterations 2
ExecutionTime = 960.82611 s  ClockTime = 961 s

Time = 665s

smoothSolver:  Solving for Ux, Initial residual = 0.00043903447, Final residual = 5.5847427e-06, No Iterations 3
smoothSolver:  Solving for Uy, Initial residual = 0.0053375634, Final residual = 7.3702471e-05, No Iterations 3
smoothSolver:  Solving for Uz, Initial residual = 0.0047457593, Final residual = 6.1851115e-05, No Iterations 3
GAMG:  Solving for p, Initial residual = 0.0056802376, Final residual = 3.3311835e-05, No Iterations 3
GAMG:  Solving for p, Initial residual = 0.00011545412, Final residual = 8.7274825e-07, No Iterations 4
time step continuity errors : sum local = 9.2669277e-06, global = -4.5919156e-08, cumulative = -0.002098422
smoothSolver:  Solving for omega, Initial residual = 0.00041311863, Final residual = 3.5161446e-06, No Iterations 2
smoothSolver:  Solving for k, Initial residual = 0.0011170215, Final residual = 1.05744e-05, No Iterations 2
ExecutionTime = 962.20352 s  ClockTime = 962 s

Time = 666s

smoothSolver:  Solving for Ux, Initial residual = 0.00044020821, Final residual = 5.5946967e-06, No Iterations 3
smoothSolver:  Solving for Uy, Initial residual = 0.0053296485, Final residual = 7.3257711e-05, No Iterations 3
smoothSolver:  Solving for Uz, Initial residual = 0.0047383022, Final residual = 6.1644982e-05, No Iterations 3
GAMG:  Solving for p, Initial residual = 0.005694918, Final residual = 3.4029693e-05, No Iterations 3
GAMG:  Solving for p, Initial residual = 0.00011521976, Final residual = 9.1422587e-07, No Iterations 4
time step continuity errors : sum local = 9.7042771e-06, global = -1.7936671e-07, cumulative = -0.0020986014
smoothSolver:  Solving for omega, Initial residual = 0.00041709928, Final residual = 3.6430996e-06, No Iterations 2
smoothSolver:  Solving for k, Initial residual = 0.0011179673, Final residual = 1.0523017e-05, No Iterations 2
ExecutionTime = 963.58121 s  ClockTime = 964 s

Time = 667s

smoothSolver:  Solving for Ux, Initial residual = 0.00044120057, Final residual = 5.6019733e-06, No Iterations 3
smoothSolver:  Solving for Uy, Initial residual = 0.0053181995, Final residual = 7.2873152e-05, No Iterations 3
smoothSolver:  Solving for Uz, Initial residual = 0.0047320097, Final residual = 6.1521026e-05, No Iterations 3
GAMG:  Solving for p, Initial residual = 0.0056989076, Final residual = 3.4983247e-05, No Iterations 3
GAMG:  Solving for p, Initial residual = 0.00011464193, Final residual = 9.1351238e-07, No Iterations 4
time step continuity errors : sum local = 9.6930565e-06, global = -9.9722934e-08, cumulative = -0.0020987011
smoothSolver:  Solving for omega, Initial residual = 0.00041826465, Final residual = 3.5703569e-06, No Iterations 2
smoothSolver:  Solving for k, Initial residual = 0.0011175999, Final residual = 1.052545e-05, No Iterations 2
ExecutionTime = 965.16882 s  ClockTime = 965 s

Time = 668s

smoothSolver:  Solving for Ux, Initial residual = 0.00044196898, Final residual = 5.6054045e-06, No Iterations 3
smoothSolver:  Solving for Uy, Initial residual = 0.0053016357, Final residual = 7.2429233e-05, No Iterations 3
smoothSolver:  Solving for Uz, Initial residual = 0.0047297157, Final residual = 6.1480858e-05, No Iterations 3
GAMG:  Solving for p, Initial residual = 0.0057144425, Final residual = 3.5797276e-05, No Iterations 3
GAMG:  Solving for p, Initial residual = 0.00011488277, Final residual = 9.4522691e-07, No Iterations 4
time step continuity errors : sum local = 1.0028757e-05, global = -2.2734899e-07, cumulative = -0.0020989284
smoothSolver:  Solving for omega, Initial residual = 0.00041904807, Final residual = 3.7036494e-06, No Iterations 2
smoothSolver:  Solving for k, Initial residual = 0.0011190779, Final residual = 1.0514912e-05, No Iterations 2
ExecutionTime = 966.56612 s  ClockTime = 967 s

Time = 669s

smoothSolver:  Solving for Ux, Initial residual = 0.00044251846, Final residual = 5.6067401e-06, No Iterations 3
smoothSolver:  Solving for Uy, Initial residual = 0.0052847851, Final residual = 7.2036264e-05, No Iterations 3
smoothSolver:  Solving for Uz, Initial residual = 0.0047344698, Final residual = 6.150454e-05, No Iterations 3
GAMG:  Solving for p, Initial residual = 0.0057311844, Final residual = 3.6832383e-05, No Iterations 3
GAMG:  Solving for p, Initial residual = 0.00011500427, Final residual = 9.5007045e-07, No Iterations 4
time step continuity errors : sum local = 1.0080844e-05, global = -2.2888981e-07, cumulative = -0.0020991573
smoothSolver:  Solving for omega, Initial residual = 0.00041027561, Final residual = 3.4967341e-06, No Iterations 2
smoothSolver:  Solving for k, Initial residual = 0.001118218, Final residual = 1.0507055e-05, No Iterations 2
ExecutionTime = 967.90311 s  ClockTime = 968 s

Time = 670s

smoothSolver:  Solving for Ux, Initial residual = 0.00044283524, Final residual = 5.6039322e-06, No Iterations 3
smoothSolver:  Solving for Uy, Initial residual = 0.0052619203, Final residual = 7.1620446e-05, No Iterations 3
smoothSolver:  Solving for Uz, Initial residual = 0.004739508, Final residual = 6.1580253e-05, No Iterations 3
GAMG:  Solving for p, Initial residual = 0.0057423396, Final residual = 3.7638231e-05, No Iterations 3
GAMG:  Solving for p, Initial residual = 0.00011588208, Final residual = 9.5097595e-07, No Iterations 4
time step continuity errors : sum local = 1.0093123e-05, global = -2.2106377e-07, cumulative = -0.0020993784
smoothSolver:  Solving for omega, Initial residual = 0.00041715468, Final residual = 3.703093e-06, No Iterations 2
smoothSolver:  Solving for k, Initial residual = 0.0011199549, Final residual = 1.0502822e-05, No Iterations 2
ExecutionTime = 969.27976 s  ClockTime = 970 s

Time = 671s

smoothSolver:  Solving for Ux, Initial residual = 0.00044319357, Final residual = 5.5993607e-06, No Iterations 3
smoothSolver:  Solving for Uy, Initial residual = 0.0052404983, Final residual = 7.1245868e-05, No Iterations 3
smoothSolver:  Solving for Uz, Initial residual = 0.0047468475, Final residual = 6.1689437e-05, No Iterations 3
GAMG:  Solving for p, Initial residual = 0.0057543177, Final residual = 3.8602933e-05, No Iterations 3
GAMG:  Solving for p, Initial residual = 0.00011665104, Final residual = 9.6145372e-07, No Iterations 4
time step continuity errors : sum local = 1.0206529e-05, global = -2.5903649e-07, cumulative = -0.0020996374
smoothSolver:  Solving for omega, Initial residual = 0.00041787169, Final residual = 3.5101199e-06, No Iterations 2
smoothSolver:  Solving for k, Initial residual = 0.0011206013, Final residual = 1.0530287e-05, No Iterations 2
ExecutionTime = 970.7074 s  ClockTime = 971 s

Time = 672s

smoothSolver:  Solving for Ux, Initial residual = 0.00044325967, Final residual = 5.5908266e-06, No Iterations 3
smoothSolver:  Solving for Uy, Initial residual = 0.0052177646, Final residual = 7.0882658e-05, No Iterations 3
smoothSolver:  Solving for Uz, Initial residual = 0.0047529885, Final residual = 6.1763253e-05, No Iterations 3
GAMG:  Solving for p, Initial residual = 0.0057660948, Final residual = 3.9173711e-05, No Iterations 3
GAMG:  Solving for p, Initial residual = 0.00011759666, Final residual = 9.5245126e-07, No Iterations 4
time step continuity errors : sum local = 1.0118042e-05, global = -2.7681128e-07, cumulative = -0.0020999142
smoothSolver:  Solving for omega, Initial residual = 0.00041721664, Final residual = 3.6011504e-06, No Iterations 2
smoothSolver:  Solving for k, Initial residual = 0.0011212754, Final residual = 1.0509606e-05, No Iterations 2
ExecutionTime = 972.04475 s  ClockTime = 972 s

Time = 673s

smoothSolver:  Solving for Ux, Initial residual = 0.00044309158, Final residual = 5.5813543e-06, No Iterations 3
smoothSolver:  Solving for Uy, Initial residual = 0.0051956521, Final residual = 7.056413e-05, No Iterations 3
smoothSolver:  Solving for Uz, Initial residual = 0.0047579278, Final residual = 6.1838454e-05, No Iterations 3
GAMG:  Solving for p, Initial residual = 0.0057797119, Final residual = 3.9924224e-05, No Iterations 3
GAMG:  Solving for p, Initial residual = 0.00011843276, Final residual = 9.1595718e-07, No Iterations 4
time step continuity errors : sum local = 9.7355913e-06, global = -2.831384e-07, cumulative = -0.0021001974
smoothSolver:  Solving for omega, Initial residual = 0.00041172069, Final residual = 3.5520089e-06, No Iterations 2
smoothSolver:  Solving for k, Initial residual = 0.0011222091, Final residual = 1.0516262e-05, No Iterations 2
ExecutionTime = 973.3559 s  ClockTime = 974 s

Time = 674s

smoothSolver:  Solving for Ux, Initial residual = 0.00044285191, Final residual = 5.568718e-06, No Iterations 3
smoothSolver:  Solving for Uy, Initial residual = 0.005172213, Final residual = 7.0223845e-05, No Iterations 3
smoothSolver:  Solving for Uz, Initial residual = 0.0047612014, Final residual = 6.1881734e-05, No Iterations 3
GAMG:  Solving for p, Initial residual = 0.0057954681, Final residual = 4.0159909e-05, No Iterations 3
GAMG:  Solving for p, Initial residual = 0.00011942054, Final residual = 9.0719652e-07, No Iterations 4
time step continuity errors : sum local = 9.650113e-06, global = -2.9520679e-07, cumulative = -0.0021004926
smoothSolver:  Solving for omega, Initial residual = 0.00041755263, Final residual = 3.7394073e-06, No Iterations 2
smoothSolver:  Solving for k, Initial residual = 0.0011218642, Final residual = 1.0480752e-05, No Iterations 2
ExecutionTime = 974.72997 s  ClockTime = 975 s

Time = 675s

smoothSolver:  Solving for Ux, Initial residual = 0.00044265364, Final residual = 5.5564743e-06, No Iterations 3
smoothSolver:  Solving for Uy, Initial residual = 0.0051543861, Final residual = 6.9985158e-05, No Iterations 3
smoothSolver:  Solving for Uz, Initial residual = 0.0047641024, Final residual = 6.1829659e-05, No Iterations 3
GAMG:  Solving for p, Initial residual = 0.0058178592, Final residual = 4.0583427e-05, No Iterations 3
GAMG:  Solving for p, Initial residual = 0.00012013694, Final residual = 8.9042916e-07, No Iterations 4
time step continuity errors : sum local = 9.4788327e-06, global = -3.0524281e-07, cumulative = -0.0021007978
smoothSolver:  Solving for omega, Initial residual = 0.00041772358, Final residual = 3.5370404e-06, No Iterations 2
smoothSolver:  Solving for k, Initial residual = 0.0011264046, Final residual = 1.0571887e-05, No Iterations 2
ExecutionTime = 976.63744 s  ClockTime = 977 s

Time = 676s

smoothSolver:  Solving for Ux, Initial residual = 0.00044243192, Final residual = 5.5425043e-06, No Iterations 3
smoothSolver:  Solving for Uy, Initial residual = 0.0051433125, Final residual = 6.9671127e-05, No Iterations 3
smoothSolver:  Solving for Uz, Initial residual = 0.0047687728, Final residual = 6.1761561e-05, No Iterations 3
GAMG:  Solving for p, Initial residual = 0.0058433529, Final residual = 4.0558235e-05, No Iterations 3
GAMG:  Solving for p, Initial residual = 0.00012048332, Final residual = 8.4481862e-07, No Iterations 4
time step continuity errors : sum local = 9.0023201e-06, global = -3.3465083e-07, cumulative = -0.0021011325
smoothSolver:  Solving for omega, Initial residual = 0.00041877452, Final residual = 3.6663856e-06, No Iterations 2
smoothSolver:  Solving for k, Initial residual = 0.0011257951, Final residual = 1.0508534e-05, No Iterations 2
ExecutionTime = 978.29724 s  ClockTime = 979 s

Time = 677s

smoothSolver:  Solving for Ux, Initial residual = 0.00044225444, Final residual = 5.5315068e-06, No Iterations 3
smoothSolver:  Solving for Uy, Initial residual = 0.0051297154, Final residual = 6.9409399e-05, No Iterations 3
smoothSolver:  Solving for Uz, Initial residual = 0.0047674633, Final residual = 6.1545253e-05, No Iterations 3
GAMG:  Solving for p, Initial residual = 0.0058485808, Final residual = 4.061764e-05, No Iterations 3
GAMG:  Solving for p, Initial residual = 0.00012067592, Final residual = 8.1413677e-07, No Iterations 4
time step continuity errors : sum local = 8.6815512e-06, global = -3.2836248e-07, cumulative = -0.0021014608
smoothSolver:  Solving for omega, Initial residual = 0.00041139984, Final residual = 3.5415509e-06, No Iterations 2
smoothSolver:  Solving for k, Initial residual = 0.0011257166, Final residual = 1.0542334e-05, No Iterations 2
ExecutionTime = 979.71371 s  ClockTime = 980 s

Time = 678s

smoothSolver:  Solving for Ux, Initial residual = 0.00044212569, Final residual = 5.5196694e-06, No Iterations 3
smoothSolver:  Solving for Uy, Initial residual = 0.0051142767, Final residual = 6.9063305e-05, No Iterations 3
smoothSolver:  Solving for Uz, Initial residual = 0.0047678499, Final residual = 6.1355912e-05, No Iterations 3
GAMG:  Solving for p, Initial residual = 0.0058440387, Final residual = 4.0316235e-05, No Iterations 3
GAMG:  Solving for p, Initial residual = 0.00012067143, Final residual = 8.1106526e-07, No Iterations 4
time step continuity errors : sum local = 8.6562786e-06, global = -4.5826088e-07, cumulative = -0.0021019191
smoothSolver:  Solving for omega, Initial residual = 0.00041673173, Final residual = 3.6904867e-06, No Iterations 2
smoothSolver:  Solving for k, Initial residual = 0.0011235715, Final residual = 1.049243e-05, No Iterations 2
ExecutionTime = 981.4395 s  ClockTime = 982 s

Time = 679s

smoothSolver:  Solving for Ux, Initial residual = 0.00044205832, Final residual = 5.5091464e-06, No Iterations 3
smoothSolver:  Solving for Uy, Initial residual = 0.0050993808, Final residual = 6.8721298e-05, No Iterations 3
smoothSolver:  Solving for Uz, Initial residual = 0.0047658184, Final residual = 6.1166531e-05, No Iterations 3
GAMG:  Solving for p, Initial residual = 0.0058349959, Final residual = 4.014246e-05, No Iterations 3
GAMG:  Solving for p, Initial residual = 0.00012048854, Final residual = 7.744367e-07, No Iterations 4
time step continuity errors : sum local = 8.270154e-06, global = -4.4362667e-07, cumulative = -0.0021023627
smoothSolver:  Solving for omega, Initial residual = 0.00042125215, Final residual = 3.6233483e-06, No Iterations 2
smoothSolver:  Solving for k, Initial residual = 0.0011210688, Final residual = 1.0516371e-05, No Iterations 2
ExecutionTime = 983.30918 s  ClockTime = 984 s

Time = 680s

smoothSolver:  Solving for Ux, Initial residual = 0.00044199707, Final residual = 5.4986487e-06, No Iterations 3
smoothSolver:  Solving for Uy, Initial residual = 0.0050750121, Final residual = 6.833427e-05, No Iterations 3
smoothSolver:  Solving for Uz, Initial residual = 0.0047598391, Final residual = 6.094876e-05, No Iterations 3
GAMG:  Solving for p, Initial residual = 0.0058267704, Final residual = 3.9556861e-05, No Iterations 3
GAMG:  Solving for p, Initial residual = 0.00012005628, Final residual = 7.5439832e-07, No Iterations 4
time step continuity errors : sum local = 8.061295e-06, global = -5.1240191e-07, cumulative = -0.0021028751
smoothSolver:  Solving for omega, Initial residual = 0.0004218492, Final residual = 3.7389546e-06, No Iterations 2
smoothSolver:  Solving for k, Initial residual = 0.0011206332, Final residual = 1.0484346e-05, No Iterations 2
ExecutionTime = 984.85284 s  ClockTime = 985 s

Time = 681s

smoothSolver:  Solving for Ux, Initial residual = 0.00044198348, Final residual = 5.4899889e-06, No Iterations 3
smoothSolver:  Solving for Uy, Initial residual = 0.0050535883, Final residual = 6.8011352e-05, No Iterations 3
smoothSolver:  Solving for Uz, Initial residual = 0.0047560056, Final residual = 6.074673e-05, No Iterations 3
GAMG:  Solving for p, Initial residual = 0.0058279527, Final residual = 3.9205454e-05, No Iterations 3
GAMG:  Solving for p, Initial residual = 0.0001196705, Final residual = 7.4026672e-07, No Iterations 4
time step continuity errors : sum local = 7.911806e-06, global = -5.2251995e-07, cumulative = -0.0021033976
smoothSolver:  Solving for omega, Initial residual = 0.00041171534, Final residual = 3.5050793e-06, No Iterations 2
smoothSolver:  Solving for k, Initial residual = 0.0011194283, Final residual = 1.0469647e-05, No Iterations 2
ExecutionTime = 986.11292 s  ClockTime = 986 s

Time = 682s

smoothSolver:  Solving for Ux, Initial residual = 0.00044184692, Final residual = 5.4808681e-06, No Iterations 3
smoothSolver:  Solving for Uy, Initial residual = 0.0050272768, Final residual = 6.7600883e-05, No Iterations 3
smoothSolver:  Solving for Uz, Initial residual = 0.0047466016, Final residual = 6.048287e-05, No Iterations 3
GAMG:  Solving for p, Initial residual = 0.0058239698, Final residual = 3.8493237e-05, No Iterations 3
GAMG:  Solving for p, Initial residual = 0.00011904938, Final residual = 7.224986e-07, No Iterations 4
time step continuity errors : sum local = 7.7250043e-06, global = -5.5496839e-07, cumulative = -0.0021039526
smoothSolver:  Solving for omega, Initial residual = 0.00041698351, Final residual = 3.703112e-06, No Iterations 2
smoothSolver:  Solving for k, Initial residual = 0.0011201277, Final residual = 1.0484185e-05, No Iterations 2
ExecutionTime = 987.36474 s  ClockTime = 988 s

Time = 683s

smoothSolver:  Solving for Ux, Initial residual = 0.00044175151, Final residual = 5.4724078e-06, No Iterations 3
smoothSolver:  Solving for Uy, Initial residual = 0.0050031443, Final residual = 6.72687e-05, No Iterations 3
smoothSolver:  Solving for Uz, Initial residual = 0.0047350279, Final residual = 6.0187226e-05, No Iterations 3
GAMG:  Solving for p, Initial residual = 0.005807636, Final residual = 3.7873422e-05, No Iterations 3
GAMG:  Solving for p, Initial residual = 0.00011861324, Final residual = 7.0028746e-07, No Iterations 4
time step continuity errors : sum local = 7.4882952e-06, global = -5.1776555e-07, cumulative = -0.0021044704
smoothSolver:  Solving for omega, Initial residual = 0.00041810765, Final residual = 3.5745456e-06, No Iterations 2
smoothSolver:  Solving for k, Initial residual = 0.0011200623, Final residual = 1.0477727e-05, No Iterations 2
ExecutionTime = 988.6826 s  ClockTime = 989 s

Time = 684s

smoothSolver:  Solving for Ux, Initial residual = 0.00044152611, Final residual = 5.4632031e-06, No Iterations 3
smoothSolver:  Solving for Uy, Initial residual = 0.0049725018, Final residual = 6.6880348e-05, No Iterations 3
smoothSolver:  Solving for Uz, Initial residual = 0.0047186321, Final residual = 5.9877607e-05, No Iterations 3
GAMG:  Solving for p, Initial residual = 0.0057769565, Final residual = 3.6861224e-05, No Iterations 3
GAMG:  Solving for p, Initial residual = 0.00011804398, Final residual = 6.9769284e-07, No Iterations 4
time step continuity errors : sum local = 7.4610122e-06, global = -4.2111877e-07, cumulative = -0.0021048915
smoothSolver:  Solving for omega, Initial residual = 0.00041853684, Final residual = 3.6536351e-06, No Iterations 2
smoothSolver:  Solving for k, Initial residual = 0.0011216536, Final residual = 1.0503407e-05, No Iterations 2
ExecutionTime = 990.00237 s  ClockTime = 990 s

Time = 685s

smoothSolver:  Solving for Ux, Initial residual = 0.00044137199, Final residual = 5.4548566e-06, No Iterations 3
smoothSolver:  Solving for Uy, Initial residual = 0.0049451692, Final residual = 6.6558698e-05, No Iterations 3
smoothSolver:  Solving for Uz, Initial residual = 0.0047035923, Final residual = 5.9563474e-05, No Iterations 3
GAMG:  Solving for p, Initial residual = 0.00574503, Final residual = 3.6076434e-05, No Iterations 3
GAMG:  Solving for p, Initial residual = 0.00011735544, Final residual = 6.4340592e-07, No Iterations 4
time step continuity errors : sum local = 6.8796859e-06, global = -4.9515026e-07, cumulative = -0.0021053866
smoothSolver:  Solving for omega, Initial residual = 0.000414392, Final residual = 3.5807439e-06, No Iterations 2
smoothSolver:  Solving for k, Initial residual = 0.001119302, Final residual = 1.046609e-05, No Iterations 2
ExecutionTime = 991.27507 s  ClockTime = 992 s

Time = 686s

smoothSolver:  Solving for Ux, Initial residual = 0.00044098407, Final residual = 2.2043077e-05, No Iterations 2
smoothSolver:  Solving for Uy, Initial residual = 0.0049128651, Final residual = 6.6238136e-05, No Iterations 3
smoothSolver:  Solving for Uz, Initial residual = 0.0046812262, Final residual = 5.9286256e-05, No Iterations 3
GAMG:  Solving for p, Initial residual = 0.0056564938, Final residual = 3.4682787e-05, No Iterations 3
GAMG:  Solving for p, Initial residual = 0.00011502954, Final residual = 5.9204204e-07, No Iterations 4
time step continuity errors : sum local = 6.3300172e-06, global = -5.1053319e-07, cumulative = -0.0021058972
smoothSolver:  Solving for omega, Initial residual = 0.00041750265, Final residual = 3.7168093e-06, No Iterations 2
smoothSolver:  Solving for k, Initial residual = 0.0011173673, Final residual = 1.0451841e-05, No Iterations 2
ExecutionTime = 992.53751 s  ClockTime = 993 s

Time = 687s

smoothSolver:  Solving for Ux, Initial residual = 0.00044187418, Final residual = 5.4631416e-06, No Iterations 3
smoothSolver:  Solving for Uy, Initial residual = 0.004857228, Final residual = 6.5602848e-05, No Iterations 3
smoothSolver:  Solving for Uz, Initial residual = 0.0046352075, Final residual = 5.8760474e-05, No Iterations 3
GAMG:  Solving for p, Initial residual = 0.0056349536, Final residual = 3.4544e-05, No Iterations 3
GAMG:  Solving for p, Initial residual = 0.0001164236, Final residual = 5.8145617e-07, No Iterations 4
time step continuity errors : sum local = 6.21466e-06, global = -5.1715986e-07, cumulative = -0.0021064143
smoothSolver:  Solving for omega, Initial residual = 0.00041437578, Final residual = 3.4877047e-06, No Iterations 2
smoothSolver:  Solving for k, Initial residual = 0.0011152014, Final residual = 1.0435925e-05, No Iterations 2
ExecutionTime = 993.73054 s  ClockTime = 994 s

Time = 688s

smoothSolver:  Solving for Ux, Initial residual = 0.00044054917, Final residual = 2.200921e-05, No Iterations 2
smoothSolver:  Solving for Uy, Initial residual = 0.0048526728, Final residual = 6.5704157e-05, No Iterations 3
smoothSolver:  Solving for Uz, Initial residual = 0.0046329766, Final residual = 5.8777818e-05, No Iterations 3
GAMG:  Solving for p, Initial residual = 0.0055167963, Final residual = 3.3226863e-05, No Iterations 3
GAMG:  Solving for p, Initial residual = 0.00011414805, Final residual = 5.7310908e-07, No Iterations 4
time step continuity errors : sum local = 6.1240166e-06, global = -5.5417044e-07, cumulative = -0.0021069685
smoothSolver:  Solving for omega, Initial residual = 0.00041855727, Final residual = 3.6748181e-06, No Iterations 2
smoothSolver:  Solving for k, Initial residual = 0.0011124989, Final residual = 1.0411456e-05, No Iterations 2
ExecutionTime = 995.10351 s  ClockTime = 995 s

Time = 689s

smoothSolver:  Solving for Ux, Initial residual = 0.00044110268, Final residual = 2.2052392e-05, No Iterations 2
smoothSolver:  Solving for Uy, Initial residual = 0.0048039273, Final residual = 6.5184446e-05, No Iterations 3
smoothSolver:  Solving for Uz, Initial residual = 0.0045899876, Final residual = 5.8340274e-05, No Iterations 3
GAMG:  Solving for p, Initial residual = 0.0054724134, Final residual = 3.2977523e-05, No Iterations 3
GAMG:  Solving for p, Initial residual = 0.00011436038, Final residual = 5.0678998e-07, No Iterations 4
time step continuity errors : sum local = 5.4132506e-06, global = -1.6587626e-07, cumulative = -0.0021071344
smoothSolver:  Solving for omega, Initial residual = 0.00041238193, Final residual = 3.5567673e-06, No Iterations 2
smoothSolver:  Solving for k, Initial residual = 0.0011093145, Final residual = 1.0396328e-05, No Iterations 2
ExecutionTime = 996.28698 s  ClockTime = 997 s

Time = 690s

smoothSolver:  Solving for Ux, Initial residual = 0.00044064284, Final residual = 2.2031994e-05, No Iterations 2
smoothSolver:  Solving for Uy, Initial residual = 0.0047757153, Final residual = 6.498935e-05, No Iterations 3
smoothSolver:  Solving for Uz, Initial residual = 0.0045642054, Final residual = 5.8083556e-05, No Iterations 3
GAMG:  Solving for p, Initial residual = 0.0054299807, Final residual = 3.2695562e-05, No Iterations 3
GAMG:  Solving for p, Initial residual = 0.00011411664, Final residual = 5.2009016e-07, No Iterations 4
time step continuity errors : sum local = 5.5531962e-06, global = -3.6769815e-07, cumulative = -0.0021075021
smoothSolver:  Solving for omega, Initial residual = 0.00041486189, Final residual = 3.6894264e-06, No Iterations 2
smoothSolver:  Solving for k, Initial residual = 0.0011072204, Final residual = 1.0368934e-05, No Iterations 2
ExecutionTime = 997.56413 s  ClockTime = 998 s

Time = 691s

smoothSolver:  Solving for Ux, Initial residual = 0.00043997965, Final residual = 2.199559e-05, No Iterations 2
smoothSolver:  Solving for Uy, Initial residual = 0.0047582812, Final residual = 6.4963294e-05, No Iterations 3
smoothSolver:  Solving for Uz, Initial residual = 0.0045420593, Final residual = 5.7862965e-05, No Iterations 3
GAMG:  Solving for p, Initial residual = 0.0053954483, Final residual = 3.2714987e-05, No Iterations 3
GAMG:  Solving for p, Initial residual = 0.00011397768, Final residual = 4.815208e-07, No Iterations 4
time step continuity errors : sum local = 5.1390729e-06, global = -5.7276788e-07, cumulative = -0.0021080748
smoothSolver:  Solving for omega, Initial residual = 0.00041615779, Final residual = 3.6035622e-06, No Iterations 2
smoothSolver:  Solving for k, Initial residual = 0.0011050884, Final residual = 1.0357573e-05, No Iterations 2
ExecutionTime = 999.21147 s  ClockTime = 999 s

Time = 692s

smoothSolver:  Solving for Ux, Initial residual = 0.00043900108, Final residual = 5.4253541e-06, No Iterations 3
smoothSolver:  Solving for Uy, Initial residual = 0.0047410056, Final residual = 6.4964049e-05, No Iterations 3
smoothSolver:  Solving for Uz, Initial residual = 0.0045171304, Final residual = 5.7641435e-05, No Iterations 3
GAMG:  Solving for p, Initial residual = 0.005394279, Final residual = 3.2935468e-05, No Iterations 3
GAMG:  Solving for p, Initial residual = 0.00011483177, Final residual = 4.6761158e-07, No Iterations 4
time step continuity errors : sum local = 4.9888886e-06, global = -5.749105e-07, cumulative = -0.0021086498
smoothSolver:  Solving for omega, Initial residual = 0.00041898833, Final residual = 3.7266199e-06, No Iterations 2
smoothSolver:  Solving for k, Initial residual = 0.0011031622, Final residual = 1.031691e-05, No Iterations 2
ExecutionTime = 1001.2248 s  ClockTime = 1001 s

Time = 693s

smoothSolver:  Solving for Ux, Initial residual = 0.00043651168, Final residual = 2.1809578e-05, No Iterations 2
smoothSolver:  Solving for Uy, Initial residual = 0.0047595163, Final residual = 6.5542468e-05, No Iterations 3
smoothSolver:  Solving for Uz, Initial residual = 0.0045155431, Final residual = 5.7672005e-05, No Iterations 3
GAMG:  Solving for p, Initial residual = 0.0053133355, Final residual = 3.2918531e-05, No Iterations 3
GAMG:  Solving for p, Initial residual = 0.00011283851, Final residual = 5.4616754e-07, No Iterations 4
time step continuity errors : sum local = 5.8248776e-06, global = -1.2493394e-06, cumulative = -0.0021098991
smoothSolver:  Solving for omega, Initial residual = 0.00040925125, Final residual = 3.5134413e-06, No Iterations 2
smoothSolver:  Solving for k, Initial residual = 0.0010994761, Final residual = 1.0299534e-05, No Iterations 2
ExecutionTime = 1002.9541 s  ClockTime = 1003 s

Time = 694s

smoothSolver:  Solving for Ux, Initial residual = 0.00043595522, Final residual = 5.4010712e-06, No Iterations 3
smoothSolver:  Solving for Uy, Initial residual = 0.0047217855, Final residual = 6.5321418e-05, No Iterations 3
smoothSolver:  Solving for Uz, Initial residual = 0.0044661121, Final residual = 5.7224377e-05, No Iterations 3
GAMG:  Solving for p, Initial residual = 0.0053191346, Final residual = 3.2978337e-05, No Iterations 3
GAMG:  Solving for p, Initial residual = 0.00011295375, Final residual = 5.4748783e-07, No Iterations 4
time step continuity errors : sum local = 5.8368284e-06, global = -1.6882824e-06, cumulative = -0.0021115874
smoothSolver:  Solving for omega, Initial residual = 0.00041485749, Final residual = 3.7117347e-06, No Iterations 2
smoothSolver:  Solving for k, Initial residual = 0.0010973599, Final residual = 1.0301896e-05, No Iterations 2
ExecutionTime = 1004.4842 s  ClockTime = 1005 s

Time = 695s

smoothSolver:  Solving for Ux, Initial residual = 0.00043334453, Final residual = 5.3751626e-06, No Iterations 3
smoothSolver:  Solving for Uy, Initial residual = 0.0047424766, Final residual = 6.6048907e-05, No Iterations 3
smoothSolver:  Solving for Uz, Initial residual = 0.0044536609, Final residual = 5.7171232e-05, No Iterations 3
GAMG:  Solving for p, Initial residual = 0.0052631586, Final residual = 3.3161152e-05, No Iterations 3
GAMG:  Solving for p, Initial residual = 0.00011153846, Final residual = 5.6189723e-07, No Iterations 4
time step continuity errors : sum local = 5.9875435e-06, global = -1.3329574e-06, cumulative = -0.0021129203
smoothSolver:  Solving for omega, Initial residual = 0.00041410561, Final residual = 3.5869183e-06, No Iterations 2
smoothSolver:  Solving for k, Initial residual = 0.0010945718, Final residual = 1.0303365e-05, No Iterations 2
ExecutionTime = 1006.1711 s  ClockTime = 1006 s

Time = 696s

smoothSolver:  Solving for Ux, Initial residual = 0.00043147664, Final residual = 5.369259e-06, No Iterations 3
smoothSolver:  Solving for Uy, Initial residual = 0.0047432061, Final residual = 6.6450583e-05, No Iterations 3
smoothSolver:  Solving for Uz, Initial residual = 0.0044249678, Final residual = 5.6993986e-05, No Iterations 3
GAMG:  Solving for p, Initial residual = 0.0052252967, Final residual = 3.32346e-05, No Iterations 3
GAMG:  Solving for p, Initial residual = 0.00011060558, Final residual = 5.4935145e-07, No Iterations 4
time step continuity errors : sum local = 5.8529597e-06, global = -1.4216783e-06, cumulative = -0.002114342
smoothSolver:  Solving for omega, Initial residual = 0.00041553001, Final residual = 3.7029511e-06, No Iterations 2
smoothSolver:  Solving for k, Initial residual = 0.0010932655, Final residual = 1.0276381e-05, No Iterations 2
ExecutionTime = 1007.7605 s  ClockTime = 1008 s

Time = 697s

smoothSolver:  Solving for Ux, Initial residual = 0.00043000283, Final residual = 5.3695184e-06, No Iterations 3
smoothSolver:  Solving for Uy, Initial residual = 0.0047440189, Final residual = 6.6915571e-05, No Iterations 3
smoothSolver:  Solving for Uz, Initial residual = 0.0043924944, Final residual = 5.6732601e-05, No Iterations 3
GAMG:  Solving for p, Initial residual = 0.0051917693, Final residual = 3.3113036e-05, No Iterations 3
GAMG:  Solving for p, Initial residual = 0.00010987517, Final residual = 5.1075578e-07, No Iterations 4
time step continuity errors : sum local = 5.4406614e-06, global = -1.1441794e-06, cumulative = -0.0021154862
smoothSolver:  Solving for omega, Initial residual = 0.00040944264, Final residual = 3.5980882e-06, No Iterations 2
smoothSolver:  Solving for k, Initial residual = 0.0010901985, Final residual = 1.0243804e-05, No Iterations 2
ExecutionTime = 1009.3741 s  ClockTime = 1010 s

Time = 698s

smoothSolver:  Solving for Ux, Initial residual = 0.00042855721, Final residual = 5.3754949e-06, No Iterations 3
smoothSolver:  Solving for Uy, Initial residual = 0.0047455439, Final residual = 6.7352999e-05, No Iterations 3
smoothSolver:  Solving for Uz, Initial residual = 0.004358877, Final residual = 5.6487398e-05, No Iterations 3
GAMG:  Solving for p, Initial residual = 0.0051719285, Final residual = 3.2826692e-05, No Iterations 3
GAMG:  Solving for p, Initial residual = 0.00010928445, Final residual = 4.971086e-07, No Iterations 4
time step continuity errors : sum local = 5.2952613e-06, global = -1.1737173e-06, cumulative = -0.0021166599
smoothSolver:  Solving for omega, Initial residual = 0.00041119343, Final residual = 3.7367096e-06, No Iterations 2
smoothSolver:  Solving for k, Initial residual = 0.0010861664, Final residual = 1.0201699e-05, No Iterations 2
ExecutionTime = 1011.0486 s  ClockTime = 1011 s

Time = 699s

smoothSolver:  Solving for Ux, Initial residual = 0.00042738684, Final residual = 5.3856376e-06, No Iterations 3
smoothSolver:  Solving for Uy, Initial residual = 0.0047497956, Final residual = 6.7806453e-05, No Iterations 3
smoothSolver:  Solving for Uz, Initial residual = 0.0043275226, Final residual = 5.6244311e-05, No Iterations 3
GAMG:  Solving for p, Initial residual = 0.0051514589, Final residual = 3.2210131e-05, No Iterations 3
GAMG:  Solving for p, Initial residual = 0.00010865629, Final residual = 4.3540744e-07, No Iterations 4
time step continuity errors : sum local = 4.6374317e-06, global = -9.3798848e-07, cumulative = -0.0021175979
smoothSolver:  Solving for omega, Initial residual = 0.00040920797, Final residual = 3.5959467e-06, No Iterations 2
smoothSolver:  Solving for k, Initial residual = 0.0010826686, Final residual = 1.0209111e-05, No Iterations 2
ExecutionTime = 1012.3961 s  ClockTime = 1013 s

Time = 700s

smoothSolver:  Solving for Ux, Initial residual = 0.00042641679, Final residual = 5.4007206e-06, No Iterations 3
smoothSolver:  Solving for Uy, Initial residual = 0.0047544961, Final residual = 6.8215213e-05, No Iterations 3
smoothSolver:  Solving for Uz, Initial residual = 0.0042968744, Final residual = 5.6031506e-05, No Iterations 3
GAMG:  Solving for p, Initial residual = 0.0051272662, Final residual = 3.166608e-05, No Iterations 3
GAMG:  Solving for p, Initial residual = 0.00010753797, Final residual = 4.3989372e-07, No Iterations 4
time step continuity errors : sum local = 4.685558e-06, global = -1.0449577e-06, cumulative = -0.0021186429
smoothSolver:  Solving for omega, Initial residual = 0.00041384947, Final residual = 3.7181739e-06, No Iterations 2
smoothSolver:  Solving for k, Initial residual = 0.0010801882, Final residual = 1.0174921e-05, No Iterations 2
ExecutionTime = 1013.7271 s  ClockTime = 1014 s

Time = 701s

smoothSolver:  Solving for Ux, Initial residual = 0.00042580196, Final residual = 5.4210503e-06, No Iterations 3
smoothSolver:  Solving for Uy, Initial residual = 0.0047570296, Final residual = 6.858967e-05, No Iterations 3
smoothSolver:  Solving for Uz, Initial residual = 0.0042664559, Final residual = 5.580902e-05, No Iterations 3
GAMG:  Solving for p, Initial residual = 0.0051061609, Final residual = 3.0961393e-05, No Iterations 3
GAMG:  Solving for p, Initial residual = 0.0001059929, Final residual = 3.5484381e-07, No Iterations 4
time step continuity errors : sum local = 3.7789992e-06, global = -7.3408825e-07, cumulative = -0.0021193769
smoothSolver:  Solving for omega, Initial residual = 0.00040494049, Final residual = 3.5179695e-06, No Iterations 2
smoothSolver:  Solving for k, Initial residual = 0.0010773578, Final residual = 1.0156675e-05, No Iterations 2
ExecutionTime = 1015.0201 s  ClockTime = 1015 s

Time = 702s

smoothSolver:  Solving for Ux, Initial residual = 0.00042524809, Final residual = 5.4458897e-06, No Iterations 3
smoothSolver:  Solving for Uy, Initial residual = 0.0047566473, Final residual = 6.8922754e-05, No Iterations 3
smoothSolver:  Solving for Uz, Initial residual = 0.0042367702, Final residual = 5.5633349e-05, No Iterations 3
GAMG:  Solving for p, Initial residual = 0.0050783049, Final residual = 3.0538902e-05, No Iterations 3
GAMG:  Solving for p, Initial residual = 0.00010464673, Final residual = 3.8045373e-07, No Iterations 4
time step continuity errors : sum local = 4.0521817e-06, global = -9.9178072e-07, cumulative = -0.0021203687
smoothSolver:  Solving for omega, Initial residual = 0.0004088645, Final residual = 3.6911271e-06, No Iterations 2
smoothSolver:  Solving for k, Initial residual = 0.0010747122, Final residual = 1.0137692e-05, No Iterations 2
ExecutionTime = 1016.6993 s  ClockTime = 1017 s

Time = 703s

smoothSolver:  Solving for Ux, Initial residual = 0.00042497714, Final residual = 5.4750991e-06, No Iterations 3
smoothSolver:  Solving for Uy, Initial residual = 0.0047581024, Final residual = 6.9211322e-05, No Iterations 3
smoothSolver:  Solving for Uz, Initial residual = 0.0042077653, Final residual = 5.5474067e-05, No Iterations 3
GAMG:  Solving for p, Initial residual = 0.0050607895, Final residual = 3.0353441e-05, No Iterations 3
GAMG:  Solving for p, Initial residual = 0.00010358721, Final residual = 3.5657998e-07, No Iterations 4
time step continuity errors : sum local = 3.7975571e-06, global = -7.5985916e-07, cumulative = -0.0021211286
smoothSolver:  Solving for omega, Initial residual = 0.00041214973, Final residual = 3.6182085e-06, No Iterations 2
smoothSolver:  Solving for k, Initial residual = 0.0010706541, Final residual = 1.0109373e-05, No Iterations 2
ExecutionTime = 1018.655 s  ClockTime = 1019 s

Time = 704s

smoothSolver:  Solving for Ux, Initial residual = 0.00042477328, Final residual = 5.50747e-06, No Iterations 3
smoothSolver:  Solving for Uy, Initial residual = 0.004757249, Final residual = 6.9450948e-05, No Iterations 3
smoothSolver:  Solving for Uz, Initial residual = 0.0041808741, Final residual = 5.5345776e-05, No Iterations 3
GAMG:  Solving for p, Initial residual = 0.0050462369, Final residual = 3.0393323e-05, No Iterations 3
GAMG:  Solving for p, Initial residual = 0.00010296314, Final residual = 3.6961565e-07, No Iterations 4
time step continuity errors : sum local = 3.936343e-06, global = -7.5755565e-07, cumulative = -0.0021218861
smoothSolver:  Solving for omega, Initial residual = 0.00041495344, Final residual = 3.7281574e-06, No Iterations 2
smoothSolver:  Solving for k, Initial residual = 0.0010688897, Final residual = 1.0099246e-05, No Iterations 2
ExecutionTime = 1020.0702 s  ClockTime = 1020 s

Time = 705s

smoothSolver:  Solving for Ux, Initial residual = 0.00042480269, Final residual = 5.5429598e-06, No Iterations 3
smoothSolver:  Solving for Uy, Initial residual = 0.0047569273, Final residual = 6.9624376e-05, No Iterations 3
smoothSolver:  Solving for Uz, Initial residual = 0.0041568824, Final residual = 5.5257991e-05, No Iterations 3
GAMG:  Solving for p, Initial residual = 0.0050521476, Final residual = 3.0465814e-05, No Iterations 3
GAMG:  Solving for p, Initial residual = 0.00010301713, Final residual = 3.7030755e-07, No Iterations 4
time step continuity errors : sum local = 3.9440239e-06, global = -3.2050903e-07, cumulative = -0.0021222067
smoothSolver:  Solving for omega, Initial residual = 0.00040435149, Final residual = 3.4970749e-06, No Iterations 2
smoothSolver:  Solving for k, Initial residual = 0.0010644482, Final residual = 1.0073138e-05, No Iterations 2
ExecutionTime = 1021.4174 s  ClockTime = 1022 s

Time = 706s

smoothSolver:  Solving for Ux, Initial residual = 0.00042489704, Final residual = 5.5800238e-06, No Iterations 3
smoothSolver:  Solving for Uy, Initial residual = 0.0047500893, Final residual = 6.9745075e-05, No Iterations 3
smoothSolver:  Solving for Uz, Initial residual = 0.0041333236, Final residual = 5.5152686e-05, No Iterations 3
GAMG:  Solving for p, Initial residual = 0.0050529681, Final residual = 3.0506255e-05, No Iterations 3
GAMG:  Solving for p, Initial residual = 0.00010307756, Final residual = 4.2519503e-07, No Iterations 4
time step continuity errors : sum local = 4.528345e-06, global = 1.8988005e-07, cumulative = -0.0021220168
smoothSolver:  Solving for omega, Initial residual = 0.00040927583, Final residual = 3.6614884e-06, No Iterations 2
smoothSolver:  Solving for k, Initial residual = 0.0010599796, Final residual = 1.0044249e-05, No Iterations 2
ExecutionTime = 1022.8219 s  ClockTime = 1023 s

Time = 707s

smoothSolver:  Solving for Ux, Initial residual = 0.0004252941, Final residual = 5.6198047e-06, No Iterations 3
smoothSolver:  Solving for Uy, Initial residual = 0.0047405869, Final residual = 6.9802144e-05, No Iterations 3
smoothSolver:  Solving for Uz, Initial residual = 0.0041098553, Final residual = 5.5052067e-05, No Iterations 3
GAMG:  Solving for p, Initial residual = 0.0050446764, Final residual = 3.040296e-05, No Iterations 3
GAMG:  Solving for p, Initial residual = 0.00010347641, Final residual = 4.7538368e-07, No Iterations 4
time step continuity errors : sum local = 5.0622104e-06, global = 3.8218296e-07, cumulative = -0.0021216346
smoothSolver:  Solving for omega, Initial residual = 0.00040859963, Final residual = 3.6049741e-06, No Iterations 2
smoothSolver:  Solving for k, Initial residual = 0.0010560836, Final residual = 1.003346e-05, No Iterations 2
ExecutionTime = 1024.2166 s  ClockTime = 1024 s

Time = 708s

smoothSolver:  Solving for Ux, Initial residual = 0.00042587565, Final residual = 5.6609292e-06, No Iterations 3
smoothSolver:  Solving for Uy, Initial residual = 0.004729405, Final residual = 6.9825147e-05, No Iterations 3
smoothSolver:  Solving for Uz, Initial residual = 0.0040881353, Final residual = 5.4962521e-05, No Iterations 3
GAMG:  Solving for p, Initial residual = 0.0050178934, Final residual = 3.0017684e-05, No Iterations 3
GAMG:  Solving for p, Initial residual = 0.00010284373, Final residual = 5.159741e-07, No Iterations 4
time step continuity errors : sum local = 5.4938387e-06, global = 2.0799146e-07, cumulative = -0.0021214266
smoothSolver:  Solving for omega, Initial residual = 0.00041211218, Final residual = 3.7378578e-06, No Iterations 2
smoothSolver:  Solving for k, Initial residual = 0.0010544715, Final residual = 1.0007404e-05, No Iterations 2
ExecutionTime = 1025.734 s  ClockTime = 1026 s

Time = 709s

smoothSolver:  Solving for Ux, Initial residual = 0.00042684497, Final residual = 5.7033428e-06, No Iterations 3
smoothSolver:  Solving for Uy, Initial residual = 0.004716745, Final residual = 6.977846e-05, No Iterations 3
smoothSolver:  Solving for Uz, Initial residual = 0.0040664843, Final residual = 5.488104e-05, No Iterations 3
GAMG:  Solving for p, Initial residual = 0.0049956508, Final residual = 2.9467741e-05, No Iterations 3
GAMG:  Solving for p, Initial residual = 0.00010222351, Final residual = 5.3444226e-07, No Iterations 4
time step continuity errors : sum local = 5.6896939e-06, global = 1.1499979e-07, cumulative = -0.0021213116
smoothSolver:  Solving for omega, Initial residual = 0.00040561919, Final residual = 3.5578799e-06, No Iterations 2
smoothSolver:  Solving for k, Initial residual = 0.0010525121, Final residual = 1.0017016e-05, No Iterations 2
ExecutionTime = 1027.1382 s  ClockTime = 1027 s

Time = 710s

smoothSolver:  Solving for Ux, Initial residual = 0.00042784513, Final residual = 5.746948e-06, No Iterations 3
smoothSolver:  Solving for Uy, Initial residual = 0.0047034939, Final residual = 6.9725709e-05, No Iterations 3
smoothSolver:  Solving for Uz, Initial residual = 0.0040447378, Final residual = 5.4750925e-05, No Iterations 3
GAMG:  Solving for p, Initial residual = 0.0049800673, Final residual = 2.8778188e-05, No Iterations 3
GAMG:  Solving for p, Initial residual = 0.00010087759, Final residual = 5.6124713e-07, No Iterations 4
time step continuity errors : sum local = 5.9735534e-06, global = 2.1389917e-07, cumulative = -0.0021210977
smoothSolver:  Solving for omega, Initial residual = 0.00040856238, Final residual = 3.6752922e-06, No Iterations 2
smoothSolver:  Solving for k, Initial residual = 0.0010477947, Final residual = 9.9491187e-06, No Iterations 2
ExecutionTime = 1028.5238 s  ClockTime = 1029 s

Time = 711s

smoothSolver:  Solving for Ux, Initial residual = 0.00042915987, Final residual = 5.7924497e-06, No Iterations 3
smoothSolver:  Solving for Uy, Initial residual = 0.0046871349, Final residual = 6.9548901e-05, No Iterations 3
smoothSolver:  Solving for Uz, Initial residual = 0.0040218489, Final residual = 5.4555105e-05, No Iterations 3
GAMG:  Solving for p, Initial residual = 0.0049610512, Final residual = 2.7998734e-05, No Iterations 3
GAMG:  Solving for p, Initial residual = 0.0001001427, Final residual = 5.4817969e-07, No Iterations 4
time step continuity errors : sum local = 5.8334808e-06, global = 5.8902983e-07, cumulative = -0.0021205087
smoothSolver:  Solving for omega, Initial residual = 0.00040628803, Final residual = 3.5421423e-06, No Iterations 2
smoothSolver:  Solving for k, Initial residual = 0.0010443743, Final residual = 9.9568657e-06, No Iterations 2
ExecutionTime = 1029.801 s  ClockTime = 1030 s

Time = 712s

smoothSolver:  Solving for Ux, Initial residual = 0.00043056173, Final residual = 5.8377038e-06, No Iterations 3
smoothSolver:  Solving for Uy, Initial residual = 0.0046669814, Final residual = 6.9338606e-05, No Iterations 3
smoothSolver:  Solving for Uz, Initial residual = 0.0039978001, Final residual = 5.4344672e-05, No Iterations 3
GAMG:  Solving for p, Initial residual = 0.0049384332, Final residual = 2.7428793e-05, No Iterations 3
GAMG:  Solving for p, Initial residual = 9.9275985e-05, Final residual = 5.0319367e-07, No Iterations 4
time step continuity errors : sum local = 5.3533421e-06, global = 6.8638025e-07, cumulative = -0.0021198223
smoothSolver:  Solving for omega, Initial residual = 0.00041062684, Final residual = 3.6864364e-06, No Iterations 2
smoothSolver:  Solving for k, Initial residual = 0.0010418948, Final residual = 9.9223748e-06, No Iterations 2
ExecutionTime = 1031.0977 s  ClockTime = 1031 s

Time = 713s

smoothSolver:  Solving for Ux, Initial residual = 0.00043216788, Final residual = 5.8832678e-06, No Iterations 3
smoothSolver:  Solving for Uy, Initial residual = 0.0046446962, Final residual = 6.9024446e-05, No Iterations 3
smoothSolver:  Solving for Uz, Initial residual = 0.0039732254, Final residual = 5.4087187e-05, No Iterations 3
GAMG:  Solving for p, Initial residual = 0.0049052958, Final residual = 2.6908314e-05, No Iterations 3
GAMG:  Solving for p, Initial residual = 9.8701194e-05, Final residual = 5.2649557e-07, No Iterations 4
time step continuity errors : sum local = 5.6005352e-06, global = 8.3962295e-07, cumulative = -0.0021189827
smoothSolver:  Solving for omega, Initial residual = 0.00040278922, Final residual = 3.5321141e-06, No Iterations 2
smoothSolver:  Solving for k, Initial residual = 0.0010383194, Final residual = 9.8980064e-06, No Iterations 2
ExecutionTime = 1032.3624 s  ClockTime = 1033 s

Time = 714s

smoothSolver:  Solving for Ux, Initial residual = 0.00043374998, Final residual = 5.9281547e-06, No Iterations 3
smoothSolver:  Solving for Uy, Initial residual = 0.0046202423, Final residual = 6.8658798e-05, No Iterations 3
smoothSolver:  Solving for Uz, Initial residual = 0.0039506122, Final residual = 5.3814556e-05, No Iterations 3
GAMG:  Solving for p, Initial residual = 0.0048605758, Final residual = 2.6586281e-05, No Iterations 3
GAMG:  Solving for p, Initial residual = 9.7867457e-05, Final residual = 4.9087511e-07, No Iterations 4
time step continuity errors : sum local = 5.2209828e-06, global = 9.0041054e-07, cumulative = -0.0021180823
smoothSolver:  Solving for omega, Initial residual = 0.0004067861, Final residual = 3.6674841e-06, No Iterations 2
smoothSolver:  Solving for k, Initial residual = 0.0010356332, Final residual = 9.8739833e-06, No Iterations 2
ExecutionTime = 1033.6206 s  ClockTime = 1034 s

Time = 715s

smoothSolver:  Solving for Ux, Initial residual = 0.00043541247, Final residual = 5.9719148e-06, No Iterations 3
smoothSolver:  Solving for Uy, Initial residual = 0.0045930239, Final residual = 6.8214304e-05, No Iterations 3
smoothSolver:  Solving for Uz, Initial residual = 0.0039265482, Final residual = 5.3521592e-05, No Iterations 3
GAMG:  Solving for p, Initial residual = 0.0048063566, Final residual = 2.6233759e-05, No Iterations 3
GAMG:  Solving for p, Initial residual = 9.720818e-05, Final residual = 4.8491258e-07, No Iterations 4
time step continuity errors : sum local = 5.1569624e-06, global = 6.3771127e-07, cumulative = -0.0021174445
smoothSolver:  Solving for omega, Initial residual = 0.00040856477, Final residual = 3.5488538e-06, No Iterations 2
smoothSolver:  Solving for k, Initial residual = 0.0010325429, Final residual = 9.8681612e-06, No Iterations 2
ExecutionTime = 1034.9223 s  ClockTime = 1035 s

Time = 716s

smoothSolver:  Solving for Ux, Initial residual = 0.00043701087, Final residual = 6.0141219e-06, No Iterations 3
smoothSolver:  Solving for Uy, Initial residual = 0.0045639898, Final residual = 6.7737543e-05, No Iterations 3
smoothSolver:  Solving for Uz, Initial residual = 0.0039028039, Final residual = 5.3241601e-05, No Iterations 3
GAMG:  Solving for p, Initial residual = 0.00475017, Final residual = 2.5970183e-05, No Iterations 3
GAMG:  Solving for p, Initial residual = 9.6274508e-05, Final residual = 4.9511445e-07, No Iterations 4
time step continuity errors : sum local = 5.2657252e-06, global = 7.4008645e-07, cumulative = -0.0021167045
smoothSolver:  Solving for omega, Initial residual = 0.00041098283, Final residual = 3.707844e-06, No Iterations 2
smoothSolver:  Solving for k, Initial residual = 0.0010300938, Final residual = 9.8341915e-06, No Iterations 2
ExecutionTime = 1036.1311 s  ClockTime = 1036 s

Time = 717s

smoothSolver:  Solving for Ux, Initial residual = 0.00043844867, Final residual = 6.0538636e-06, No Iterations 3
smoothSolver:  Solving for Uy, Initial residual = 0.0045324068, Final residual = 6.7210727e-05, No Iterations 3
smoothSolver:  Solving for Uz, Initial residual = 0.0038791201, Final residual = 5.2958273e-05, No Iterations 3
GAMG:  Solving for p, Initial residual = 0.0046947919, Final residual = 2.5708881e-05, No Iterations 3
GAMG:  Solving for p, Initial residual = 9.5898684e-05, Final residual = 4.8797901e-07, No Iterations 4
time step continuity errors : sum local = 5.191071e-06, global = 7.838398e-07, cumulative = -0.0021159206
smoothSolver:  Solving for omega, Initial residual = 0.00040231775, Final residual = 3.545125e-06, No Iterations 2
smoothSolver:  Solving for k, Initial residual = 0.0010310872, Final residual = 9.8915608e-06, No Iterations 2
ExecutionTime = 1037.4602 s  ClockTime = 1038 s

Time = 718s

smoothSolver:  Solving for Ux, Initial residual = 0.00043964029, Final residual = 6.0889313e-06, No Iterations 3
smoothSolver:  Solving for Uy, Initial residual = 0.004503177, Final residual = 6.6690209e-05, No Iterations 3
smoothSolver:  Solving for Uz, Initial residual = 0.0038608101, Final residual = 5.2747578e-05, No Iterations 3
GAMG:  Solving for p, Initial residual = 0.0046419113, Final residual = 2.5448014e-05, No Iterations 3
GAMG:  Solving for p, Initial residual = 9.5074958e-05, Final residual = 5.5131524e-07, No Iterations 4
time step continuity errors : sum local = 5.8657407e-06, global = 1.6779764e-06, cumulative = -0.0021142426
smoothSolver:  Solving for omega, Initial residual = 0.00040546919, Final residual = 3.6261655e-06, No Iterations 2
smoothSolver:  Solving for k, Initial residual = 0.0010290129, Final residual = 9.8430721e-06, No Iterations 2
ExecutionTime = 1039.1595 s  ClockTime = 1039 s

Time = 719s

smoothSolver:  Solving for Ux, Initial residual = 0.00044059878, Final residual = 6.1206982e-06, No Iterations 3
smoothSolver:  Solving for Uy, Initial residual = 0.0044701343, Final residual = 6.6149874e-05, No Iterations 3
smoothSolver:  Solving for Uz, Initial residual = 0.0038406126, Final residual = 5.2459516e-05, No Iterations 3
GAMG:  Solving for p, Initial residual = 0.0045884019, Final residual = 2.5174483e-05, No Iterations 3
GAMG:  Solving for p, Initial residual = 9.4994842e-05, Final residual = 5.4710106e-07, No Iterations 4
time step continuity errors : sum local = 5.8220229e-06, global = 1.6689183e-06, cumulative = -0.0021125737
smoothSolver:  Solving for omega, Initial residual = 0.00040509596, Final residual = 3.5501548e-06, No Iterations 2
smoothSolver:  Solving for k, Initial residual = 0.0010299777, Final residual = 9.8778068e-06, No Iterations 2
ExecutionTime = 1041.0217 s  ClockTime = 1041 s

Time = 720s

smoothSolver:  Solving for Ux, Initial residual = 0.00044128672, Final residual = 6.1468993e-06, No Iterations 3
smoothSolver:  Solving for Uy, Initial residual = 0.0044394862, Final residual = 6.5617762e-05, No Iterations 3
smoothSolver:  Solving for Uz, Initial residual = 0.0038244297, Final residual = 5.222782e-05, No Iterations 3
GAMG:  Solving for p, Initial residual = 0.0045406593, Final residual = 2.5012431e-05, No Iterations 3
GAMG:  Solving for p, Initial residual = 9.4537296e-05, Final residual = 6.0698708e-07, No Iterations 4
time step continuity errors : sum local = 6.4614943e-06, global = 1.505698e-06, cumulative = -0.002111068
smoothSolver:  Solving for omega, Initial residual = 0.00040916378, Final residual = 3.6512749e-06, No Iterations 2
smoothSolver:  Solving for k, Initial residual = 0.0010281601, Final residual = 9.8493743e-06, No Iterations 2
ExecutionTime = 1042.7257 s  ClockTime = 1043 s

Time = 721s

smoothSolver:  Solving for Ux, Initial residual = 0.00044172218, Final residual = 6.1688115e-06, No Iterations 3
smoothSolver:  Solving for Uy, Initial residual = 0.004406267, Final residual = 6.5112199e-05, No Iterations 3
smoothSolver:  Solving for Uz, Initial residual = 0.003804763, Final residual = 5.1893878e-05, No Iterations 3
GAMG:  Solving for p, Initial residual = 0.0044977673, Final residual = 2.4878567e-05, No Iterations 3
GAMG:  Solving for p, Initial residual = 9.4667851e-05, Final residual = 5.8897974e-07, No Iterations 4
time step continuity errors : sum local = 6.2713292e-06, global = 1.7439273e-06, cumulative = -0.0021093241
smoothSolver:  Solving for omega, Initial residual = 0.00040151275, Final residual = 3.461749e-06, No Iterations 2
smoothSolver:  Solving for k, Initial residual = 0.0010271789, Final residual = 9.8421106e-06, No Iterations 2
ExecutionTime = 1044.3191 s  ClockTime = 1045 s

Time = 722s

smoothSolver:  Solving for Ux, Initial residual = 0.00044179705, Final residual = 6.1850699e-06, No Iterations 3
smoothSolver:  Solving for Uy, Initial residual = 0.0043728405, Final residual = 6.4636037e-05, No Iterations 3
smoothSolver:  Solving for Uz, Initial residual = 0.0037844017, Final residual = 5.1544368e-05, No Iterations 3
GAMG:  Solving for p, Initial residual = 0.0044536723, Final residual = 2.4723878e-05, No Iterations 3
GAMG:  Solving for p, Initial residual = 9.4184643e-05, Final residual = 6.1551429e-07, No Iterations 4
time step continuity errors : sum local = 6.5549249e-06, global = 1.3412451e-06, cumulative = -0.0021079829
smoothSolver:  Solving for omega, Initial residual = 0.0004043852, Final residual = 3.6439514e-06, No Iterations 2
smoothSolver:  Solving for k, Initial residual = 0.0010291007, Final residual = 9.8914508e-06, No Iterations 2
ExecutionTime = 1045.5311 s  ClockTime = 1046 s

Time = 723s

smoothSolver:  Solving for Ux, Initial residual = 0.00044168052, Final residual = 6.1974041e-06, No Iterations 3
smoothSolver:  Solving for Uy, Initial residual = 0.0043410201, Final residual = 6.4124641e-05, No Iterations 3
smoothSolver:  Solving for Uz, Initial residual = 0.0037647884, Final residual = 5.119267e-05, No Iterations 3
GAMG:  Solving for p, Initial residual = 0.0044205843, Final residual = 2.4644942e-05, No Iterations 3
GAMG:  Solving for p, Initial residual = 9.4111996e-05, Final residual = 6.0566922e-07, No Iterations 4
time step continuity errors : sum local = 6.4520196e-06, global = 1.4016737e-06, cumulative = -0.0021065812
smoothSolver:  Solving for omega, Initial residual = 0.00040467023, Final residual = 3.5151772e-06, No Iterations 2
smoothSolver:  Solving for k, Initial residual = 0.0010282448, Final residual = 9.8499023e-06, No Iterations 2
ExecutionTime = 1046.725 s  ClockTime = 1047 s

Time = 724s

smoothSolver:  Solving for Ux, Initial residual = 0.0004413962, Final residual = 6.2049357e-06, No Iterations 3
smoothSolver:  Solving for Uy, Initial residual = 0.0043090935, Final residual = 6.3638578e-05, No Iterations 3
smoothSolver:  Solving for Uz, Initial residual = 0.0037427493, Final residual = 5.0806091e-05, No Iterations 3
GAMG:  Solving for p, Initial residual = 0.0043752545, Final residual = 2.4575974e-05, No Iterations 3
GAMG:  Solving for p, Initial residual = 9.3442563e-05, Final residual = 5.870043e-07, No Iterations 4
time step continuity errors : sum local = 6.253958e-06, global = 1.138269e-06, cumulative = -0.0021054429
smoothSolver:  Solving for omega, Initial residual = 0.00040904067, Final residual = 3.6545461e-06, No Iterations 2
smoothSolver:  Solving for k, Initial residual = 0.0010270285, Final residual = 9.8454655e-06, No Iterations 2
ExecutionTime = 1047.9821 s  ClockTime = 1048 s

Time = 725s

smoothSolver:  Solving for Ux, Initial residual = 0.00044098752, Final residual = 6.2092103e-06, No Iterations 3
smoothSolver:  Solving for Uy, Initial residual = 0.0042772114, Final residual = 6.314609e-05, No Iterations 3
smoothSolver:  Solving for Uz, Initial residual = 0.0037208132, Final residual = 5.0411976e-05, No Iterations 3
GAMG:  Solving for p, Initial residual = 0.0043265804, Final residual = 2.4488744e-05, No Iterations 3
GAMG:  Solving for p, Initial residual = 9.2913326e-05, Final residual = 5.7530086e-07, No Iterations 4
time step continuity errors : sum local = 6.1300667e-06, global = 1.2164931e-06, cumulative = -0.0021042264
smoothSolver:  Solving for omega, Initial residual = 0.00040131195, Final residual = 3.5042308e-06, No Iterations 2
smoothSolver:  Solving for k, Initial residual = 0.0010276777, Final residual = 9.8505951e-06, No Iterations 2
ExecutionTime = 1049.3007 s  ClockTime = 1050 s

Time = 726s

smoothSolver:  Solving for Ux, Initial residual = 0.0004404244, Final residual = 6.2096788e-06, No Iterations 3
smoothSolver:  Solving for Uy, Initial residual = 0.0042481601, Final residual = 6.266807e-05, No Iterations 3
smoothSolver:  Solving for Uz, Initial residual = 0.0036981775, Final residual = 5.0005753e-05, No Iterations 3
GAMG:  Solving for p, Initial residual = 0.004272769, Final residual = 2.4423638e-05, No Iterations 3
GAMG:  Solving for p, Initial residual = 9.1911882e-05, Final residual = 4.7201945e-07, No Iterations 4
time step continuity errors : sum local = 5.0296592e-06, global = 7.3447171e-07, cumulative = -0.0021034919
smoothSolver:  Solving for omega, Initial residual = 0.00040387505, Final residual = 3.6838205e-06, No Iterations 2
smoothSolver:  Solving for k, Initial residual = 0.0010281339, Final residual = 9.8777931e-06, No Iterations 2
ExecutionTime = 1051.1073 s  ClockTime = 1051 s

Time = 727s

smoothSolver:  Solving for Ux, Initial residual = 0.00043978842, Final residual = 6.2084588e-06, No Iterations 3
smoothSolver:  Solving for Uy, Initial residual = 0.0042206284, Final residual = 6.2185875e-05, No Iterations 3
smoothSolver:  Solving for Uz, Initial residual = 0.0036753005, Final residual = 4.9608224e-05, No Iterations 3
GAMG:  Solving for p, Initial residual = 0.0042254551, Final residual = 2.4427103e-05, No Iterations 3
GAMG:  Solving for p, Initial residual = 9.0760928e-05, Final residual = 4.996737e-07, No Iterations 4
time step continuity errors : sum local = 5.3248998e-06, global = 8.5400054e-07, cumulative = -0.0021026379
smoothSolver:  Solving for omega, Initial residual = 0.00040546806, Final residual = 3.5378878e-06, No Iterations 2
smoothSolver:  Solving for k, Initial residual = 0.0010292296, Final residual = 9.8748585e-06, No Iterations 2
ExecutionTime = 1052.8376 s  ClockTime = 1053 s

Time = 728s

smoothSolver:  Solving for Ux, Initial residual = 0.00043909059, Final residual = 6.2063689e-06, No Iterations 3
smoothSolver:  Solving for Uy, Initial residual = 0.0041946674, Final residual = 6.1740599e-05, No Iterations 3
smoothSolver:  Solving for Uz, Initial residual = 0.0036517665, Final residual = 4.9225213e-05, No Iterations 3
GAMG:  Solving for p, Initial residual = 0.0041845896, Final residual = 2.4432529e-05, No Iterations 3
GAMG:  Solving for p, Initial residual = 8.95403e-05, Final residual = 3.9118476e-07, No Iterations 4
time step continuity errors : sum local = 4.1685024e-06, global = 4.2549203e-07, cumulative = -0.0021022125
smoothSolver:  Solving for omega, Initial residual = 0.00040799813, Final residual = 3.6472194e-06, No Iterations 2
smoothSolver:  Solving for k, Initial residual = 0.0010291701, Final residual = 9.8675123e-06, No Iterations 2
ExecutionTime = 1054.311 s  ClockTime = 1055 s

Time = 729s

smoothSolver:  Solving for Ux, Initial residual = 0.00043840164, Final residual = 6.204706e-06, No Iterations 3
smoothSolver:  Solving for Uy, Initial residual = 0.004170725, Final residual = 6.1311238e-05, No Iterations 3
smoothSolver:  Solving for Uz, Initial residual = 0.0036310737, Final residual = 4.8898756e-05, No Iterations 3
GAMG:  Solving for p, Initial residual = 0.004159105, Final residual = 2.4334697e-05, No Iterations 3
GAMG:  Solving for p, Initial residual = 8.8145428e-05, Final residual = 3.9510555e-07, No Iterations 4
time step continuity errors : sum local = 4.210764e-06, global = 5.1761661e-07, cumulative = -0.0021016948
smoothSolver:  Solving for omega, Initial residual = 0.00039985865, Final residual = 3.4633237e-06, No Iterations 2
smoothSolver:  Solving for k, Initial residual = 0.001030453, Final residual = 9.8816054e-06, No Iterations 2
ExecutionTime = 1055.748 s  ClockTime = 1056 s

Time = 730s

smoothSolver:  Solving for Ux, Initial residual = 0.00043759821, Final residual = 6.2022865e-06, No Iterations 3
smoothSolver:  Solving for Uy, Initial residual = 0.0041490476, Final residual = 6.095857e-05, No Iterations 3
smoothSolver:  Solving for Uz, Initial residual = 0.0036096065, Final residual = 4.8564396e-05, No Iterations 3
GAMG:  Solving for p, Initial residual = 0.0041349046, Final residual = 2.4285606e-05, No Iterations 3
GAMG:  Solving for p, Initial residual = 8.6756041e-05, Final residual = 4.1800785e-07, No Iterations 4
time step continuity errors : sum local = 4.4545276e-06, global = -4.2477012e-07, cumulative = -0.0021021196
smoothSolver:  Solving for omega, Initial residual = 0.00040462329, Final residual = 3.6579359e-06, No Iterations 2
smoothSolver:  Solving for k, Initial residual = 0.0010334764, Final residual = 9.9315378e-06, No Iterations 2
ExecutionTime = 1057.1018 s  ClockTime = 1057 s

Time = 731s

smoothSolver:  Solving for Ux, Initial residual = 0.00043678512, Final residual = 6.1970709e-06, No Iterations 3
smoothSolver:  Solving for Uy, Initial residual = 0.0041279443, Final residual = 6.0570042e-05, No Iterations 3
smoothSolver:  Solving for Uz, Initial residual = 0.0035914084, Final residual = 4.8330996e-05, No Iterations 3
GAMG:  Solving for p, Initial residual = 0.004122941, Final residual = 2.4227577e-05, No Iterations 3
GAMG:  Solving for p, Initial residual = 8.5462921e-05, Final residual = 3.9817195e-07, No Iterations 4
time step continuity errors : sum local = 4.2431039e-06, global = -3.7298744e-07, cumulative = -0.0021024926
smoothSolver:  Solving for omega, Initial residual = 0.00040324867, Final residual = 3.525825e-06, No Iterations 2
smoothSolver:  Solving for k, Initial residual = 0.0010322965, Final residual = 9.8710554e-06, No Iterations 2
ExecutionTime = 1058.3567 s  ClockTime = 1059 s

Time = 732s

smoothSolver:  Solving for Ux, Initial residual = 0.00043594567, Final residual = 6.18991e-06, No Iterations 3
smoothSolver:  Solving for Uy, Initial residual = 0.0041066398, Final residual = 6.0264721e-05, No Iterations 3
smoothSolver:  Solving for Uz, Initial residual = 0.003571266, Final residual = 4.8074884e-05, No Iterations 3
GAMG:  Solving for p, Initial residual = 0.0041120411, Final residual = 2.4216448e-05, No Iterations 3
GAMG:  Solving for p, Initial residual = 8.4563817e-05, Final residual = 4.8178151e-07, No Iterations 4
time step continuity errors : sum local = 5.1343783e-06, global = -8.4118929e-07, cumulative = -0.0021033338
smoothSolver:  Solving for omega, Initial residual = 0.0004052344, Final residual = 3.6507207e-06, No Iterations 2
smoothSolver:  Solving for k, Initial residual = 0.0010303826, Final residual = 9.8659247e-06, No Iterations 2
ExecutionTime = 1059.6297 s  ClockTime = 1060 s

Time = 733s

smoothSolver:  Solving for Ux, Initial residual = 0.00043507305, Final residual = 6.178846e-06, No Iterations 3
smoothSolver:  Solving for Uy, Initial residual = 0.0040906156, Final residual = 5.9990829e-05, No Iterations 3
smoothSolver:  Solving for Uz, Initial residual = 0.003554098, Final residual = 4.7861931e-05, No Iterations 3
GAMG:  Solving for p, Initial residual = 0.0041006853, Final residual = 2.4277272e-05, No Iterations 3
GAMG:  Solving for p, Initial residual = 8.3733417e-05, Final residual = 4.5600982e-07, No Iterations 4
time step continuity errors : sum local = 4.8601798e-06, global = -7.4360664e-07, cumulative = -0.0021040774
smoothSolver:  Solving for omega, Initial residual = 0.00039778506, Final residual = 3.4572304e-06, No Iterations 2
smoothSolver:  Solving for k, Initial residual = 0.0010300004, Final residual = 9.8526604e-06, No Iterations 2
ExecutionTime = 1060.7979 s  ClockTime = 1061 s

Time = 734s

smoothSolver:  Solving for Ux, Initial residual = 0.00043403832, Final residual = 6.1646469e-06, No Iterations 3
smoothSolver:  Solving for Uy, Initial residual = 0.004074038, Final residual = 5.9736826e-05, No Iterations 3
smoothSolver:  Solving for Uz, Initial residual = 0.0035358777, Final residual = 4.7598741e-05, No Iterations 3
GAMG:  Solving for p, Initial residual = 0.0040854787, Final residual = 2.4487986e-05, No Iterations 3
GAMG:  Solving for p, Initial residual = 8.3231598e-05, Final residual = 5.1857778e-07, No Iterations 4
time step continuity errors : sum local = 5.5271412e-06, global = -1.0728969e-06, cumulative = -0.0021051503
smoothSolver:  Solving for omega, Initial residual = 0.0004007106, Final residual = 3.6168174e-06, No Iterations 2
smoothSolver:  Solving for k, Initial residual = 0.0010284241, Final residual = 9.8368928e-06, No Iterations 2
ExecutionTime = 1062.0683 s  ClockTime = 1062 s

Time = 735s

smoothSolver:  Solving for Ux, Initial residual = 0.00043284728, Final residual = 6.1453006e-06, No Iterations 3
smoothSolver:  Solving for Uy, Initial residual = 0.0040622943, Final residual = 5.950005e-05, No Iterations 3
smoothSolver:  Solving for Uz, Initial residual = 0.0035195736, Final residual = 4.7354421e-05, No Iterations 3
GAMG:  Solving for p, Initial residual = 0.0040748541, Final residual = 2.4620989e-05, No Iterations 3
GAMG:  Solving for p, Initial residual = 8.2601413e-05, Final residual = 5.2309695e-07, No Iterations 4
time step continuity errors : sum local = 5.57627e-06, global = -1.1548446e-06, cumulative = -0.0021063051
smoothSolver:  Solving for omega, Initial residual = 0.00040072499, Final residual = 3.53573e-06, No Iterations 2
smoothSolver:  Solving for k, Initial residual = 0.001030087, Final residual = 9.8800117e-06, No Iterations 2
ExecutionTime = 1063.3065 s  ClockTime = 1064 s

Time = 736s

smoothSolver:  Solving for Ux, Initial residual = 0.00043146423, Final residual = 6.1234046e-06, No Iterations 3
smoothSolver:  Solving for Uy, Initial residual = 0.0040513154, Final residual = 5.9300623e-05, No Iterations 3
smoothSolver:  Solving for Uz, Initial residual = 0.0035028352, Final residual = 4.7030999e-05, No Iterations 3
GAMG:  Solving for p, Initial residual = 0.0040648896, Final residual = 2.4829187e-05, No Iterations 3
GAMG:  Solving for p, Initial residual = 8.1948442e-05, Final residual = 5.3855564e-07, No Iterations 4
time step continuity errors : sum local = 5.7425263e-06, global = -1.1679741e-06, cumulative = -0.0021074731
smoothSolver:  Solving for omega, Initial residual = 0.00040542724, Final residual = 3.6234197e-06, No Iterations 2
smoothSolver:  Solving for k, Initial residual = 0.0010299476, Final residual = 9.8332925e-06, No Iterations 2
ExecutionTime = 1064.6656 s  ClockTime = 1065 s

Time = 737s

smoothSolver:  Solving for Ux, Initial residual = 0.00042990208, Final residual = 6.0974191e-06, No Iterations 3
smoothSolver:  Solving for Uy, Initial residual = 0.0040437931, Final residual = 5.9106967e-05, No Iterations 3
smoothSolver:  Solving for Uz, Initial residual = 0.0034837256, Final residual = 4.6716131e-05, No Iterations 3
GAMG:  Solving for p, Initial residual = 0.0040495917, Final residual = 2.4698946e-05, No Iterations 3
GAMG:  Solving for p, Initial residual = 8.0960538e-05, Final residual = 5.3208994e-07, No Iterations 4
time step continuity errors : sum local = 5.6743586e-06, global = -1.1873583e-06, cumulative = -0.0021086605
smoothSolver:  Solving for omega, Initial residual = 0.00039657159, Final residual = 3.4589589e-06, No Iterations 2
smoothSolver:  Solving for k, Initial residual = 0.0010277019, Final residual = 9.8014713e-06, No Iterations 2
ExecutionTime = 1065.9069 s  ClockTime = 1066 s

Time = 738s

smoothSolver:  Solving for Ux, Initial residual = 0.00042805412, Final residual = 6.0699998e-06, No Iterations 3
smoothSolver:  Solving for Uy, Initial residual = 0.0040371882, Final residual = 5.8964263e-05, No Iterations 3
smoothSolver:  Solving for Uz, Initial residual = 0.0034627152, Final residual = 4.636849e-05, No Iterations 3
GAMG:  Solving for p, Initial residual = 0.0040343257, Final residual = 2.4629246e-05, No Iterations 3
GAMG:  Solving for p, Initial residual = 7.9844056e-05, Final residual = 5.3830761e-07, No Iterations 4
time step continuity errors : sum local = 5.7429331e-06, global = -1.1425931e-06, cumulative = -0.0021098031
smoothSolver:  Solving for omega, Initial residual = 0.0003998133, Final residual = 3.6065183e-06, No Iterations 2
smoothSolver:  Solving for k, Initial residual = 0.0010269764, Final residual = 9.8219875e-06, No Iterations 2
ExecutionTime = 1067.3188 s  ClockTime = 1068 s

Time = 739s

smoothSolver:  Solving for Ux, Initial residual = 0.00042600096, Final residual = 6.0384044e-06, No Iterations 3
smoothSolver:  Solving for Uy, Initial residual = 0.0040325682, Final residual = 5.8842626e-05, No Iterations 3
smoothSolver:  Solving for Uz, Initial residual = 0.0034472072, Final residual = 4.6060303e-05, No Iterations 3
GAMG:  Solving for p, Initial residual = 0.0040227289, Final residual = 2.4361671e-05, No Iterations 3
GAMG:  Solving for p, Initial residual = 7.8627086e-05, Final residual = 4.9881676e-07, No Iterations 4
time step continuity errors : sum local = 5.3236699e-06, global = -1.0229187e-06, cumulative = -0.002110826
smoothSolver:  Solving for omega, Initial residual = 0.00040054717, Final residual = 3.4889756e-06, No Iterations 2
smoothSolver:  Solving for k, Initial residual = 0.0010282462, Final residual = 9.8283334e-06, No Iterations 2
ExecutionTime = 1068.7836 s  ClockTime = 1069 s

Time = 740s

smoothSolver:  Solving for Ux, Initial residual = 0.00042383963, Final residual = 6.0082239e-06, No Iterations 3
smoothSolver:  Solving for Uy, Initial residual = 0.0040300458, Final residual = 5.877019e-05, No Iterations 3
smoothSolver:  Solving for Uz, Initial residual = 0.0034218588, Final residual = 4.5676644e-05, No Iterations 3
GAMG:  Solving for p, Initial residual = 0.0040087064, Final residual = 2.41956e-05, No Iterations 3
GAMG:  Solving for p, Initial residual = 7.7597033e-05, Final residual = 5.0081297e-07, No Iterations 4
time step continuity errors : sum local = 5.34702e-06, global = -9.6075376e-07, cumulative = -0.0021117867
smoothSolver:  Solving for omega, Initial residual = 0.00040326731, Final residual = 3.6328871e-06, No Iterations 2
smoothSolver:  Solving for k, Initial residual = 0.0010245931, Final residual = 9.7514188e-06, No Iterations 2
ExecutionTime = 1070.2058 s  ClockTime = 1070 s

Time = 741s

smoothSolver:  Solving for Ux, Initial residual = 0.000421575, Final residual = 5.9757751e-06, No Iterations 3
smoothSolver:  Solving for Uy, Initial residual = 0.0040260408, Final residual = 5.8704303e-05, No Iterations 3
smoothSolver:  Solving for Uz, Initial residual = 0.0033982794, Final residual = 4.5399115e-05, No Iterations 3
GAMG:  Solving for p, Initial residual = 0.0039899628, Final residual = 2.3827778e-05, No Iterations 3
GAMG:  Solving for p, Initial residual = 7.6677635e-05, Final residual = 4.7172799e-07, No Iterations 4
time step continuity errors : sum local = 5.0388207e-06, global = -8.7025975e-07, cumulative = -0.002112657
smoothSolver:  Solving for omega, Initial residual = 0.00039436822, Final residual = 3.4394487e-06, No Iterations 2
smoothSolver:  Solving for k, Initial residual = 0.0010220218, Final residual = 9.7430665e-06, No Iterations 2
ExecutionTime = 1071.6896 s  ClockTime = 1072 s

Time = 742s

smoothSolver:  Solving for Ux, Initial residual = 0.00041928845, Final residual = 5.9452264e-06, No Iterations 3
smoothSolver:  Solving for Uy, Initial residual = 0.0040207488, Final residual = 5.8640539e-05, No Iterations 3
smoothSolver:  Solving for Uz, Initial residual = 0.0033752074, Final residual = 4.5138611e-05, No Iterations 3
GAMG:  Solving for p, Initial residual = 0.0039691259, Final residual = 2.3662854e-05, No Iterations 3
GAMG:  Solving for p, Initial residual = 7.6208904e-05, Final residual = 4.5702532e-07, No Iterations 4
time step continuity errors : sum local = 4.8845004e-06, global = -7.3639662e-07, cumulative = -0.0021133934
smoothSolver:  Solving for omega, Initial residual = 0.00039744319, Final residual = 3.5622258e-06, No Iterations 2
smoothSolver:  Solving for k, Initial residual = 0.0010191457, Final residual = 9.7132039e-06, No Iterations 2
ExecutionTime = 1073.2664 s  ClockTime = 1074 s

Time = 743s

smoothSolver:  Solving for Ux, Initial residual = 0.00041706994, Final residual = 5.9133979e-06, No Iterations 3
smoothSolver:  Solving for Uy, Initial residual = 0.0040154711, Final residual = 5.8598637e-05, No Iterations 3
smoothSolver:  Solving for Uz, Initial residual = 0.0033552687, Final residual = 4.4946897e-05, No Iterations 3
GAMG:  Solving for p, Initial residual = 0.0039459312, Final residual = 2.3426386e-05, No Iterations 3
GAMG:  Solving for p, Initial residual = 7.6016917e-05, Final residual = 4.3402232e-07, No Iterations 4
time step continuity errors : sum local = 4.6403188e-06, global = -6.4285279e-07, cumulative = -0.0021140362
smoothSolver:  Solving for omega, Initial residual = 0.00039628176, Final residual = 3.4334492e-06, No Iterations 2
smoothSolver:  Solving for k, Initial residual = 0.0010166947, Final residual = 9.6820604e-06, No Iterations 2
ExecutionTime = 1074.7762 s  ClockTime = 1075 s

Time = 744s

smoothSolver:  Solving for Ux, Initial residual = 0.00041497264, Final residual = 5.8836023e-06, No Iterations 3
smoothSolver:  Solving for Uy, Initial residual = 0.0040094171, Final residual = 5.8563416e-05, No Iterations 3
smoothSolver:  Solving for Uz, Initial residual = 0.0033369515, Final residual = 4.4795302e-05, No Iterations 3
GAMG:  Solving for p, Initial residual = 0.0039260227, Final residual = 2.338494e-05, No Iterations 3
GAMG:  Solving for p, Initial residual = 7.6340115e-05, Final residual = 3.9464297e-07, No Iterations 4
time step continuity errors : sum local = 4.2221364e-06, global = -3.1607899e-07, cumulative = -0.0021143523
smoothSolver:  Solving for omega, Initial residual = 0.00040027304, Final residual = 3.5926123e-06, No Iterations 2
smoothSolver:  Solving for k, Initial residual = 0.0010131172, Final residual = 9.6513099e-06, No Iterations 2
ExecutionTime = 1076.4152 s  ClockTime = 1077 s

Time = 745s

smoothSolver:  Solving for Ux, Initial residual = 0.00041298399, Final residual = 5.8521719e-06, No Iterations 3
smoothSolver:  Solving for Uy, Initial residual = 0.0040028718, Final residual = 5.8517192e-05, No Iterations 3
smoothSolver:  Solving for Uz, Initial residual = 0.003324023, Final residual = 4.4703718e-05, No Iterations 3
GAMG:  Solving for p, Initial residual = 0.0039178541, Final residual = 2.3426704e-05, No Iterations 3
GAMG:  Solving for p, Initial residual = 7.6983553e-05, Final residual = 4.2934505e-07, No Iterations 4
time step continuity errors : sum local = 4.5952223e-06, global = -5.7679987e-07, cumulative = -0.0021149291
smoothSolver:  Solving for omega, Initial residual = 0.00039454157, Final residual = 3.4507728e-06, No Iterations 2
smoothSolver:  Solving for k, Initial residual = 0.0010117409, Final residual = 9.6406471e-06, No Iterations 2
ExecutionTime = 1077.814 s  ClockTime = 1078 s

Time = 746s

smoothSolver:  Solving for Ux, Initial residual = 0.0004110943, Final residual = 5.8221881e-06, No Iterations 3
smoothSolver:  Solving for Uy, Initial residual = 0.0039960287, Final residual = 5.8447405e-05, No Iterations 3
smoothSolver:  Solving for Uz, Initial residual = 0.0033136429, Final residual = 4.4648998e-05, No Iterations 3
GAMG:  Solving for p, Initial residual = 0.0039287837, Final residual = 2.3604535e-05, No Iterations 3
GAMG:  Solving for p, Initial residual = 7.814985e-05, Final residual = 4.1722112e-07, No Iterations 4
time step continuity errors : sum local = 4.4671022e-06, global = -4.3549055e-07, cumulative = -0.0021153646
smoothSolver:  Solving for omega, Initial residual = 0.00039735545, Final residual = 3.6267162e-06, No Iterations 2
smoothSolver:  Solving for k, Initial residual = 0.0010071851, Final residual = 9.6067521e-06, No Iterations 2
ExecutionTime = 1079.14 s  ClockTime = 1079 s

Time = 747s

smoothSolver:  Solving for Ux, Initial residual = 0.00040927015, Final residual = 5.7904298e-06, No Iterations 3
smoothSolver:  Solving for Uy, Initial residual = 0.0039895776, Final residual = 5.8370269e-05, No Iterations 3
smoothSolver:  Solving for Uz, Initial residual = 0.0033081432, Final residual = 4.4642616e-05, No Iterations 3
GAMG:  Solving for p, Initial residual = 0.0039529323, Final residual = 2.3822709e-05, No Iterations 3
GAMG:  Solving for p, Initial residual = 7.9536068e-05, Final residual = 4.4752308e-07, No Iterations 4
time step continuity errors : sum local = 4.7930232e-06, global = -6.6252066e-07, cumulative = -0.0021160271
smoothSolver:  Solving for omega, Initial residual = 0.00039652788, Final residual = 3.4243586e-06, No Iterations 2
smoothSolver:  Solving for k, Initial residual = 0.0010037816, Final residual = 9.5947019e-06, No Iterations 2
ExecutionTime = 1080.4123 s  ClockTime = 1081 s

Time = 748s

smoothSolver:  Solving for Ux, Initial residual = 0.00040744599, Final residual = 5.7591659e-06, No Iterations 3
smoothSolver:  Solving for Uy, Initial residual = 0.0039810485, Final residual = 5.8312753e-05, No Iterations 3
smoothSolver:  Solving for Uz, Initial residual = 0.0033018095, Final residual = 4.4617572e-05, No Iterations 3
GAMG:  Solving for p, Initial residual = 0.0039797033, Final residual = 2.4103881e-05, No Iterations 3
GAMG:  Solving for p, Initial residual = 8.1145475e-05, Final residual = 4.4106915e-07, No Iterations 4
time step continuity errors : sum local = 4.7262316e-06, global = -5.9709888e-07, cumulative = -0.0021166242
smoothSolver:  Solving for omega, Initial residual = 0.00040066798, Final residual = 3.5561583e-06, No Iterations 2
smoothSolver:  Solving for k, Initial residual = 0.00099955207, Final residual = 9.571948e-06, No Iterations 2
ExecutionTime = 1081.6889 s  ClockTime = 1082 s

Time = 749s

smoothSolver:  Solving for Ux, Initial residual = 0.00040566825, Final residual = 5.7265128e-06, No Iterations 3
smoothSolver:  Solving for Uy, Initial residual = 0.0039752572, Final residual = 5.8278136e-05, No Iterations 3
smoothSolver:  Solving for Uz, Initial residual = 0.0032991099, Final residual = 4.4622504e-05, No Iterations 3
GAMG:  Solving for p, Initial residual = 0.0040136138, Final residual = 2.4374075e-05, No Iterations 3
GAMG:  Solving for p, Initial residual = 8.2855329e-05, Final residual = 4.8689249e-07, No Iterations 4
time step continuity errors : sum local = 5.2181696e-06, global = -8.5145357e-07, cumulative = -0.0021174757
smoothSolver:  Solving for omega, Initial residual = 0.00039416525, Final residual = 3.4449283e-06, No Iterations 2
smoothSolver:  Solving for k, Initial residual = 0.00099940685, Final residual = 9.6235668e-06, No Iterations 2
ExecutionTime = 1082.9517 s  ClockTime = 1083 s

Time = 750s

smoothSolver:  Solving for Ux, Initial residual = 0.00040389849, Final residual = 5.6938232e-06, No Iterations 3
smoothSolver:  Solving for Uy, Initial residual = 0.0039735431, Final residual = 5.8243771e-05, No Iterations 3
smoothSolver:  Solving for Uz, Initial residual = 0.0032995188, Final residual = 4.4681963e-05, No Iterations 3
GAMG:  Solving for p, Initial residual = 0.0040599183, Final residual = 2.4651258e-05, No Iterations 3
GAMG:  Solving for p, Initial residual = 8.4598248e-05, Final residual = 4.978477e-07, No Iterations 4
time step continuity errors : sum local = 5.3384361e-06, global = -8.9016832e-07, cumulative = -0.0021183659
smoothSolver:  Solving for omega, Initial residual = 0.00039662851, Final residual = 3.5994847e-06, No Iterations 2
smoothSolver:  Solving for k, Initial residual = 0.00099404347, Final residual = 9.5482583e-06, No Iterations 2
ExecutionTime = 1084.238 s  ClockTime = 1085 s

Time = 751s

smoothSolver:  Solving for Ux, Initial residual = 0.00040217101, Final residual = 5.6591733e-06, No Iterations 3
smoothSolver:  Solving for Uy, Initial residual = 0.0039716059, Final residual = 5.8273889e-05, No Iterations 3
smoothSolver:  Solving for Uz, Initial residual = 0.0032976909, Final residual = 4.471866e-05, No Iterations 3
GAMG:  Solving for p, Initial residual = 0.0041019188, Final residual = 2.4842864e-05, No Iterations 3
GAMG:  Solving for p, Initial residual = 8.6139361e-05, Final residual = 5.1311148e-07, No Iterations 4
time step continuity errors : sum local = 5.5031639e-06, global = -1.0006935e-06, cumulative = -0.0021193665
smoothSolver:  Solving for omega, Initial residual = 0.00039638014, Final residual = 3.4194404e-06, No Iterations 2
smoothSolver:  Solving for k, Initial residual = 0.00098882346, Final residual = 9.5194011e-06, No Iterations 2
ExecutionTime = 1085.6774 s  ClockTime = 1086 s

Time = 752s

smoothSolver:  Solving for Ux, Initial residual = 0.00040043604, Final residual = 5.6248742e-06, No Iterations 3
smoothSolver:  Solving for Uy, Initial residual = 0.0039721028, Final residual = 5.8336557e-05, No Iterations 3
smoothSolver:  Solving for Uz, Initial residual = 0.0032966432, Final residual = 4.4791722e-05, No Iterations 3
GAMG:  Solving for p, Initial residual = 0.0041447118, Final residual = 2.5022444e-05, No Iterations 3
GAMG:  Solving for p, Initial residual = 8.761284e-05, Final residual = 5.1960185e-07, No Iterations 4
time step continuity errors : sum local = 5.5744099e-06, global = -1.0263301e-06, cumulative = -0.0021203929
smoothSolver:  Solving for omega, Initial residual = 0.00039938062, Final residual = 3.5669171e-06, No Iterations 2
smoothSolver:  Solving for k, Initial residual = 0.00098414783, Final residual = 9.4906604e-06, No Iterations 2
ExecutionTime = 1087.2193 s  ClockTime = 1088 s

Time = 753s

smoothSolver:  Solving for Ux, Initial residual = 0.00039876886, Final residual = 5.5890111e-06, No Iterations 3
smoothSolver:  Solving for Uy, Initial residual = 0.0039750497, Final residual = 5.8417704e-05, No Iterations 3
smoothSolver:  Solving for Uz, Initial residual = 0.0032971416, Final residual = 4.4895742e-05, No Iterations 3
GAMG:  Solving for p, Initial residual = 0.0041913658, Final residual = 2.5226616e-05, No Iterations 3
GAMG:  Solving for p, Initial residual = 8.8980812e-05, Final residual = 5.30116e-07, No Iterations 4
time step continuity errors : sum local = 5.6890868e-06, global = -1.0591272e-06, cumulative = -0.002121452
smoothSolver:  Solving for omega, Initial residual = 0.00039160964, Final residual = 3.4154378e-06, No Iterations 2
smoothSolver:  Solving for k, Initial residual = 0.00097961189, Final residual = 9.4719261e-06, No Iterations 2
ExecutionTime = 1088.7585 s  ClockTime = 1089 s

Time = 754s

smoothSolver:  Solving for Ux, Initial residual = 0.00039704938, Final residual = 5.552974e-06, No Iterations 3
smoothSolver:  Solving for Uy, Initial residual = 0.0039796565, Final residual = 5.8505967e-05, No Iterations 3
smoothSolver:  Solving for Uz, Initial residual = 0.0032993936, Final residual = 4.5030499e-05, No Iterations 3
GAMG:  Solving for p, Initial residual = 0.0042359052, Final residual = 2.5362728e-05, No Iterations 3
GAMG:  Solving for p, Initial residual = 9.0080278e-05, Final residual = 5.3949886e-07, No Iterations 4
time step continuity errors : sum local = 5.792272e-06, global = -1.13382e-06, cumulative = -0.0021225858
smoothSolver:  Solving for omega, Initial residual = 0.00039611397, Final residual = 3.5724014e-06, No Iterations 2
smoothSolver:  Solving for k, Initial residual = 0.00097559685, Final residual = 9.466844e-06, No Iterations 2
ExecutionTime = 1090.3813 s  ClockTime = 1091 s

Time = 755s

smoothSolver:  Solving for Ux, Initial residual = 0.00039547506, Final residual = 5.5168317e-06, No Iterations 3
smoothSolver:  Solving for Uy, Initial residual = 0.003987104, Final residual = 5.8575986e-05, No Iterations 3
smoothSolver:  Solving for Uz, Initial residual = 0.0033044108, Final residual = 4.5205343e-05, No Iterations 3
GAMG:  Solving for p, Initial residual = 0.0042745626, Final residual = 2.5443426e-05, No Iterations 3
GAMG:  Solving for p, Initial residual = 9.1140637e-05, Final residual = 5.511833e-07, No Iterations 4
time step continuity errors : sum local = 5.9197492e-06, global = -1.2370995e-06, cumulative = -0.0021238229
smoothSolver:  Solving for omega, Initial residual = 0.00039718494, Final residual = 3.447876e-06, No Iterations 2
smoothSolver:  Solving for k, Initial residual = 0.00097168611, Final residual = 9.4382916e-06, No Iterations 2
ExecutionTime = 1091.6856 s  ClockTime = 1092 s

Time = 756s

smoothSolver:  Solving for Ux, Initial residual = 0.00039383582, Final residual = 5.4815081e-06, No Iterations 3
smoothSolver:  Solving for Uy, Initial residual = 0.0039927347, Final residual = 5.8633916e-05, No Iterations 3
smoothSolver:  Solving for Uz, Initial residual = 0.003307883, Final residual = 4.536999e-05, No Iterations 3
GAMG:  Solving for p, Initial residual = 0.0043079203, Final residual = 2.5517771e-05, No Iterations 3
GAMG:  Solving for p, Initial residual = 9.1922593e-05, Final residual = 5.4840319e-07, No Iterations 4
time step continuity errors : sum local = 5.8932599e-06, global = -1.2375132e-06, cumulative = -0.0021250604
smoothSolver:  Solving for omega, Initial residual = 0.00040002896, Final residual = 3.5993385e-06, No Iterations 2
smoothSolver:  Solving for k, Initial residual = 0.00096890707, Final residual = 9.4522213e-06, No Iterations 2
ExecutionTime = 1093.1802 s  ClockTime = 1093 s

Time = 757s

smoothSolver:  Solving for Ux, Initial residual = 0.0003923202, Final residual = 5.4459293e-06, No Iterations 3
smoothSolver:  Solving for Uy, Initial residual = 0.0039987363, Final residual = 5.8681105e-05, No Iterations 3
smoothSolver:  Solving for Uz, Initial residual = 0.0033162822, Final residual = 4.5549804e-05, No Iterations 3
GAMG:  Solving for p, Initial residual = 0.0043363084, Final residual = 2.5571202e-05, No Iterations 3
GAMG:  Solving for p, Initial residual = 9.2466861e-05, Final residual = 5.3076113e-07, No Iterations 4
time step continuity errors : sum local = 5.7065651e-06, global = -1.1473954e-06, cumulative = -0.0021262078
smoothSolver:  Solving for omega, Initial residual = 0.00039287367, Final residual = 3.4056867e-06, No Iterations 2
smoothSolver:  Solving for k, Initial residual = 0.00096309241, Final residual = 9.3796178e-06, No Iterations 2
ExecutionTime = 1094.5701 s  ClockTime = 1095 s

Time = 758s

smoothSolver:  Solving for Ux, Initial residual = 0.00039069703, Final residual = 5.4117612e-06, No Iterations 3
smoothSolver:  Solving for Uy, Initial residual = 0.0040044668, Final residual = 5.8715298e-05, No Iterations 3
smoothSolver:  Solving for Uz, Initial residual = 0.0033228832, Final residual = 4.5711476e-05, No Iterations 3
GAMG:  Solving for p, Initial residual = 0.0043611988, Final residual = 2.5472414e-05, No Iterations 3
GAMG:  Solving for p, Initial residual = 9.252521e-05, Final residual = 5.3804408e-07, No Iterations 4
time step continuity errors : sum local = 5.7883602e-06, global = -1.2594206e-06, cumulative = -0.0021274672
smoothSolver:  Solving for omega, Initial residual = 0.00039546288, Final residual = 3.5988903e-06, No Iterations 2
smoothSolver:  Solving for k, Initial residual = 0.00095726732, Final residual = 9.3517554e-06, No Iterations 2
ExecutionTime = 1095.7994 s  ClockTime = 1096 s

Time = 759s

smoothSolver:  Solving for Ux, Initial residual = 0.00038926152, Final residual = 5.3790699e-06, No Iterations 3
smoothSolver:  Solving for Uy, Initial residual = 0.00400848, Final residual = 5.8727971e-05, No Iterations 3
smoothSolver:  Solving for Uz, Initial residual = 0.0033328898, Final residual = 4.5901503e-05, No Iterations 3
GAMG:  Solving for p, Initial residual = 0.0043804037, Final residual = 2.5464094e-05, No Iterations 3
GAMG:  Solving for p, Initial residual = 9.2231113e-05, Final residual = 5.457573e-07, No Iterations 4
time step continuity errors : sum local = 5.8744837e-06, global = -1.3812433e-06, cumulative = -0.0021288485
smoothSolver:  Solving for omega, Initial residual = 0.00039516571, Final residual = 3.4357661e-06, No Iterations 2
smoothSolver:  Solving for k, Initial residual = 0.00095317118, Final residual = 9.3246118e-06, No Iterations 2
ExecutionTime = 1097.0523 s  ClockTime = 1097 s

Time = 760s

smoothSolver:  Solving for Ux, Initial residual = 0.00038784438, Final residual = 5.3483877e-06, No Iterations 3
smoothSolver:  Solving for Uy, Initial residual = 0.0040131669, Final residual = 5.8705306e-05, No Iterations 3
smoothSolver:  Solving for Uz, Initial residual = 0.0033450961, Final residual = 4.6145689e-05, No Iterations 3
GAMG:  Solving for p, Initial residual = 0.0044073885, Final residual = 2.5419311e-05, No Iterations 3
GAMG:  Solving for p, Initial residual = 9.1640795e-05, Final residual = 5.0590637e-07, No Iterations 4
time step continuity errors : sum local = 5.4493467e-06, global = -1.1315381e-06, cumulative = -0.00212998
smoothSolver:  Solving for omega, Initial residual = 0.00039790225, Final residual = 3.5528078e-06, No Iterations 2
smoothSolver:  Solving for k, Initial residual = 0.00094818873, Final residual = 9.3094869e-06, No Iterations 2
ExecutionTime = 1098.3859 s  ClockTime = 1099 s

Time = 761s

smoothSolver:  Solving for Ux, Initial residual = 0.00038662868, Final residual = 5.3199416e-06, No Iterations 3
smoothSolver:  Solving for Uy, Initial residual = 0.0040131581, Final residual = 5.8680989e-05, No Iterations 3
smoothSolver:  Solving for Uz, Initial residual = 0.003356781, Final residual = 4.636561e-05, No Iterations 3
GAMG:  Solving for p, Initial residual = 0.0044323525, Final residual = 2.5422385e-05, No Iterations 3
GAMG:  Solving for p, Initial residual = 9.1113997e-05, Final residual = 4.9388341e-07, No Iterations 4
time step continuity errors : sum local = 5.3224819e-06, global = -1.0880319e-06, cumulative = -0.0021310681
smoothSolver:  Solving for omega, Initial residual = 0.00039132418, Final residual = 3.4288325e-06, No Iterations 2
smoothSolver:  Solving for k, Initial residual = 0.0009429702, Final residual = 9.2828752e-06, No Iterations 2
ExecutionTime = 1099.6752 s  ClockTime = 1100 s

Time = 762s

smoothSolver:  Solving for Ux, Initial residual = 0.00038528162, Final residual = 5.2947838e-06, No Iterations 3
smoothSolver:  Solving for Uy, Initial residual = 0.004009898, Final residual = 5.8639796e-05, No Iterations 3
smoothSolver:  Solving for Uz, Initial residual = 0.0033649613, Final residual = 4.6594616e-05, No Iterations 3
GAMG:  Solving for p, Initial residual = 0.0044574201, Final residual = 2.5267968e-05, No Iterations 3
GAMG:  Solving for p, Initial residual = 9.0397765e-05, Final residual = 4.6417622e-07, No Iterations 4
time step continuity errors : sum local = 5.0054059e-06, global = -9.3101147e-07, cumulative = -0.0021319991
smoothSolver:  Solving for omega, Initial residual = 0.00039364891, Final residual = 3.5588434e-06, No Iterations 2
smoothSolver:  Solving for k, Initial residual = 0.00093754043, Final residual = 9.2466705e-06, No Iterations 2
ExecutionTime = 1100.9086 s  ClockTime = 1101 s

Time = 763s

smoothSolver:  Solving for Ux, Initial residual = 0.00038408609, Final residual = 5.2722556e-06, No Iterations 3
smoothSolver:  Solving for Uy, Initial residual = 0.0040040841, Final residual = 5.8594057e-05, No Iterations 3
smoothSolver:  Solving for Uz, Initial residual = 0.0033717831, Final residual = 4.68014e-05, No Iterations 3
GAMG:  Solving for p, Initial residual = 0.0044828502, Final residual = 2.5311966e-05, No Iterations 3
GAMG:  Solving for p, Initial residual = 8.9875245e-05, Final residual = 4.0485862e-07, No Iterations 4
time step continuity errors : sum local = 4.3672338e-06, global = -5.846523e-07, cumulative = -0.0021325837
smoothSolver:  Solving for omega, Initial residual = 0.00039430642, Final residual = 3.4058124e-06, No Iterations 2
smoothSolver:  Solving for k, Initial residual = 0.00093225751, Final residual = 9.2223111e-06, No Iterations 2
ExecutionTime = 1102.1447 s  ClockTime = 1102 s

Time = 764s

smoothSolver:  Solving for Ux, Initial residual = 0.00038281369, Final residual = 5.2519245e-06, No Iterations 3
smoothSolver:  Solving for Uy, Initial residual = 0.0039968498, Final residual = 5.8553126e-05, No Iterations 3
smoothSolver:  Solving for Uz, Initial residual = 0.0033766696, Final residual = 4.6987744e-05, No Iterations 3
GAMG:  Solving for p, Initial residual = 0.0045181958, Final residual = 2.5284143e-05, No Iterations 3
GAMG:  Solving for p, Initial residual = 8.9285181e-05, Final residual = 3.6587945e-07, No Iterations 4
time step continuity errors : sum local = 3.9485081e-06, global = -4.2334497e-07, cumulative = -0.0021330071
smoothSolver:  Solving for omega, Initial residual = 0.00039912851, Final residual = 3.57209e-06, No Iterations 2
smoothSolver:  Solving for k, Initial residual = 0.00092961868, Final residual = 9.2441903e-06, No Iterations 2
ExecutionTime = 1103.6745 s  ClockTime = 1104 s

Time = 765s

smoothSolver:  Solving for Ux, Initial residual = 0.00038169572, Final residual = 5.2335458e-06, No Iterations 3
smoothSolver:  Solving for Uy, Initial residual = 0.0039901965, Final residual = 5.8501141e-05, No Iterations 3
smoothSolver:  Solving for Uz, Initial residual = 0.0033833156, Final residual = 4.7166253e-05, No Iterations 3
GAMG:  Solving for p, Initial residual = 0.0045606791, Final residual = 2.546138e-05, No Iterations 3
GAMG:  Solving for p, Initial residual = 8.913215e-05, Final residual = 3.6444352e-07, No Iterations 4
time step continuity errors : sum local = 3.9339819e-06, global = -4.3568745e-07, cumulative = -0.0021334428
smoothSolver:  Solving for omega, Initial residual = 0.00039163504, Final residual = 3.3880739e-06, No Iterations 2
smoothSolver:  Solving for k, Initial residual = 0.00092410729, Final residual = 9.1590732e-06, No Iterations 2
ExecutionTime = 1105.1176 s  ClockTime = 1105 s

Time = 766s

smoothSolver:  Solving for Ux, Initial residual = 0.0003805836, Final residual = 5.218482e-06, No Iterations 3
smoothSolver:  Solving for Uy, Initial residual = 0.0039799135, Final residual = 5.8433632e-05, No Iterations 3
smoothSolver:  Solving for Uz, Initial residual = 0.0033840731, Final residual = 4.7270933e-05, No Iterations 3
GAMG:  Solving for p, Initial residual = 0.0046021065, Final residual = 2.5656085e-05, No Iterations 3
GAMG:  Solving for p, Initial residual = 8.9229374e-05, Final residual = 3.1524251e-07, No Iterations 4
time step continuity errors : sum local = 3.4031541e-06, global = 9.9353884e-08, cumulative = -0.0021333434
smoothSolver:  Solving for omega, Initial residual = 0.00039527708, Final residual = 3.5640118e-06, No Iterations 2
smoothSolver:  Solving for k, Initial residual = 0.00091774667, Final residual = 9.1471335e-06, No Iterations 2
ExecutionTime = 1106.6236 s  ClockTime = 1107 s

Time = 767s

smoothSolver:  Solving for Ux, Initial residual = 0.00037954936, Final residual = 5.2042671e-06, No Iterations 3
smoothSolver:  Solving for Uy, Initial residual = 0.0039700814, Final residual = 5.8343759e-05, No Iterations 3
smoothSolver:  Solving for Uz, Initial residual = 0.0033865751, Final residual = 4.7332252e-05, No Iterations 3
GAMG:  Solving for p, Initial residual = 0.0046296721, Final residual = 2.5888981e-05, No Iterations 3
GAMG:  Solving for p, Initial residual = 8.9351513e-05, Final residual = 3.7135137e-07, No Iterations 4
time step continuity errors : sum local = 4.0092437e-06, global = -3.017698e-07, cumulative = -0.0021336452
smoothSolver:  Solving for omega, Initial residual = 0.00039502419, Final residual = 3.3889697e-06, No Iterations 2
smoothSolver:  Solving for k, Initial residual = 0.00091520896, Final residual = 9.1670264e-06, No Iterations 2
ExecutionTime = 1108.1268 s  ClockTime = 1108 s

Time = 768s

smoothSolver:  Solving for Ux, Initial residual = 0.00037849831, Final residual = 5.1913913e-06, No Iterations 3
smoothSolver:  Solving for Uy, Initial residual = 0.0039618571, Final residual = 5.8274155e-05, No Iterations 3
smoothSolver:  Solving for Uz, Initial residual = 0.0033868788, Final residual = 4.7387087e-05, No Iterations 3
GAMG:  Solving for p, Initial residual = 0.0046557058, Final residual = 2.6062942e-05, No Iterations 3
GAMG:  Solving for p, Initial residual = 8.9792301e-05, Final residual = 3.8057442e-07, No Iterations 4
time step continuity errors : sum local = 4.1093624e-06, global = 6.1629954e-07, cumulative = -0.0021330289
smoothSolver:  Solving for omega, Initial residual = 0.00039683087, Final residual = 3.5035876e-06, No Iterations 2
smoothSolver:  Solving for k, Initial residual = 0.0009091032, Final residual = 9.1004475e-06, No Iterations 2
ExecutionTime = 1109.5217 s  ClockTime = 1110 s

Time = 769s

smoothSolver:  Solving for Ux, Initial residual = 0.00037739795, Final residual = 5.1794572e-06, No Iterations 3
smoothSolver:  Solving for Uy, Initial residual = 0.0039513527, Final residual = 5.8143539e-05, No Iterations 3
smoothSolver:  Solving for Uz, Initial residual = 0.003382369, Final residual = 4.7379952e-05, No Iterations 3
GAMG:  Solving for p, Initial residual = 0.0046704517, Final residual = 2.6327637e-05, No Iterations 3
GAMG:  Solving for p, Initial residual = 9.0856008e-05, Final residual = 4.7503526e-07, No Iterations 4
time step continuity errors : sum local = 5.1290885e-06, global = 9.9846967e-07, cumulative = -0.0021320304
smoothSolver:  Solving for omega, Initial residual = 0.00039092189, Final residual = 3.3844137e-06, No Iterations 2
smoothSolver:  Solving for k, Initial residual = 0.00090590371, Final residual = 9.1034455e-06, No Iterations 2
bounding k, min: 2.1725894e-16 max: 0.3395591 average: 0.059332266
ExecutionTime = 1110.8967 s  ClockTime = 1111 s

Time = 770s

smoothSolver:  Solving for Ux, Initial residual = 0.0003762747, Final residual = 5.1680944e-06, No Iterations 3
smoothSolver:  Solving for Uy, Initial residual = 0.0039445242, Final residual = 5.803986e-05, No Iterations 3
smoothSolver:  Solving for Uz, Initial residual = 0.0033756969, Final residual = 4.7323553e-05, No Iterations 3
GAMG:  Solving for p, Initial residual = 0.004692854, Final residual = 2.6472355e-05, No Iterations 3
GAMG:  Solving for p, Initial residual = 9.2117797e-05, Final residual = 5.2528613e-07, No Iterations 4
time step continuity errors : sum local = 5.6717656e-06, global = 1.1351128e-06, cumulative = -0.0021308953
smoothSolver:  Solving for omega, Initial residual = 0.00039303073, Final residual = 3.5321849e-06, No Iterations 2
smoothSolver:  Solving for k, Initial residual = 0.00089901518, Final residual = 9.0302353e-06, No Iterations 2
bounding k, min: 2.0344485e-16 max: 0.3377968 average: 0.059335575
ExecutionTime = 1112.2578 s  ClockTime = 1113 s

Time = 771s

smoothSolver:  Solving for Ux, Initial residual = 0.00037506132, Final residual = 5.1561176e-06, No Iterations 3
smoothSolver:  Solving for Uy, Initial residual = 0.0039335166, Final residual = 5.7894534e-05, No Iterations 3
smoothSolver:  Solving for Uz, Initial residual = 0.00336678, Final residual = 4.7228721e-05, No Iterations 3
GAMG:  Solving for p, Initial residual = 0.004701138, Final residual = 2.6661188e-05, No Iterations 3
GAMG:  Solving for p, Initial residual = 9.4079239e-05, Final residual = 5.9618392e-07, No Iterations 4
time step continuity errors : sum local = 6.4383026e-06, global = 1.0390249e-06, cumulative = -0.0021298563
smoothSolver:  Solving for omega, Initial residual = 0.0003920081, Final residual = 3.3611255e-06, No Iterations 2
smoothSolver:  Solving for k, Initial residual = 0.00089353384, Final residual = 9.0031603e-06, No Iterations 2
bounding k, min: 1.9739507e-16 max: 0.33603161 average: 0.059339267
ExecutionTime = 1113.6249 s  ClockTime = 1114 s

Time = 772s

smoothSolver:  Solving for Ux, Initial residual = 0.00037377678, Final residual = 5.1428781e-06, No Iterations 3
smoothSolver:  Solving for Uy, Initial residual = 0.0039238867, Final residual = 5.7749393e-05, No Iterations 3
smoothSolver:  Solving for Uz, Initial residual = 0.0033573824, Final residual = 4.7122108e-05, No Iterations 3
GAMG:  Solving for p, Initial residual = 0.004709909, Final residual = 2.6624443e-05, No Iterations 3
GAMG:  Solving for p, Initial residual = 9.5921472e-05, Final residual = 6.33236e-07, No Iterations 4
time step continuity errors : sum local = 6.8404073e-06, global = 7.5708773e-07, cumulative = -0.0021290992
smoothSolver:  Solving for omega, Initial residual = 0.00039625607, Final residual = 3.525839e-06, No Iterations 2
smoothSolver:  Solving for k, Initial residual = 0.00088869359, Final residual = 8.9710087e-06, No Iterations 2
bounding k, min: 1.9279982e-16 max: 0.33425499 average: 0.059342916
ExecutionTime = 1115.0521 s  ClockTime = 1115 s

Time = 773s

smoothSolver:  Solving for Ux, Initial residual = 0.00037254212, Final residual = 5.1287692e-06, No Iterations 3
smoothSolver:  Solving for Uy, Initial residual = 0.003915149, Final residual = 5.757599e-05, No Iterations 3
smoothSolver:  Solving for Uz, Initial residual = 0.003350993, Final residual = 4.7054711e-05, No Iterations 3
GAMG:  Solving for p, Initial residual = 0.0047189279, Final residual = 2.6628958e-05, No Iterations 3
GAMG:  Solving for p, Initial residual = 9.7808625e-05, Final residual = 7.2898535e-07, No Iterations 4
time step continuity errors : sum local = 7.8774105e-06, global = 3.3094858e-07, cumulative = -0.0021287682
smoothSolver:  Solving for omega, Initial residual = 0.00038930179, Final residual = 3.3583593e-06, No Iterations 2
smoothSolver:  Solving for k, Initial residual = 0.00088406642, Final residual = 8.9454739e-06, No Iterations 2
bounding k, min: 1.8941882e-16 max: 0.33247593 average: 0.059346902
ExecutionTime = 1116.3198 s  ClockTime = 1117 s

Time = 774s

smoothSolver:  Solving for Ux, Initial residual = 0.00037126278, Final residual = 5.1134527e-06, No Iterations 3
smoothSolver:  Solving for Uy, Initial residual = 0.0039041601, Final residual = 5.7393456e-05, No Iterations 3
smoothSolver:  Solving for Uz, Initial residual = 0.0033457609, Final residual = 4.6971918e-05, No Iterations 3
GAMG:  Solving for p, Initial residual = 0.0047345764, Final residual = 2.6628693e-05, No Iterations 3
GAMG:  Solving for p, Initial residual = 9.8797047e-05, Final residual = 8.113158e-07, No Iterations 4
time step continuity errors : sum local = 8.7719771e-06, global = 2.5168539e-07, cumulative = -0.0021285165
smoothSolver:  Solving for omega, Initial residual = 0.00039269337, Final residual = 3.5132534e-06, No Iterations 2
smoothSolver:  Solving for k, Initial residual = 0.00088116496, Final residual = 8.934022e-06, No Iterations 2
bounding k, min: 1.8705347e-16 max: 0.3306913 average: 0.059350921
ExecutionTime = 1117.6286 s  ClockTime = 1118 s

Time = 775s

smoothSolver:  Solving for Ux, Initial residual = 0.00036994677, Final residual = 5.0962522e-06, No Iterations 3
smoothSolver:  Solving for Uy, Initial residual = 0.0038922313, Final residual = 5.7219677e-05, No Iterations 3
smoothSolver:  Solving for Uz, Initial residual = 0.0033379174, Final residual = 4.6804316e-05, No Iterations 3
GAMG:  Solving for p, Initial residual = 0.0047459859, Final residual = 2.6571338e-05, No Iterations 3
GAMG:  Solving for p, Initial residual = 9.951502e-05, Final residual = 8.5914113e-07, No Iterations 4
time step continuity errors : sum local = 9.2938778e-06, global = 1.4371033e-07, cumulative = -0.0021283728
smoothSolver:  Solving for omega, Initial residual = 0.00039474095, Final residual = 3.4003512e-06, No Iterations 2
smoothSolver:  Solving for k, Initial residual = 0.00087974117, Final residual = 8.962281e-06, No Iterations 2
bounding k, min: 1.8553292e-16 max: 0.32973268 average: 0.059355343
ExecutionTime = 1118.9084 s  ClockTime = 1119 s

Time = 776s

smoothSolver:  Solving for Ux, Initial residual = 0.0003686678, Final residual = 5.0779869e-06, No Iterations 3
smoothSolver:  Solving for Uy, Initial residual = 0.0038804225, Final residual = 5.7044403e-05, No Iterations 3
smoothSolver:  Solving for Uz, Initial residual = 0.0033315321, Final residual = 4.6630276e-05, No Iterations 3
GAMG:  Solving for p, Initial residual = 0.0047604778, Final residual = 2.6519069e-05, No Iterations 3
GAMG:  Solving for p, Initial residual = 9.9205233e-05, Final residual = 8.9213997e-07, No Iterations 4
time step continuity errors : sum local = 9.6594198e-06, global = 1.8097666e-07, cumulative = -0.0021281919
smoothSolver:  Solving for omega, Initial residual = 0.00039728283, Final residual = 3.5400453e-06, No Iterations 2
smoothSolver:  Solving for k, Initial residual = 0.00087501112, Final residual = 8.8621317e-06, No Iterations 2
bounding k, min: 1.8470584e-16 max: 0.32887663 average: 0.059359723
ExecutionTime = 1120.1398 s  ClockTime = 1120 s

Time = 777s

smoothSolver:  Solving for Ux, Initial residual = 0.00036753636, Final residual = 5.060145e-06, No Iterations 3
smoothSolver:  Solving for Uy, Initial residual = 0.0038666692, Final residual = 5.6764138e-05, No Iterations 3
smoothSolver:  Solving for Uz, Initial residual = 0.0033227551, Final residual = 4.6407172e-05, No Iterations 3
GAMG:  Solving for p, Initial residual = 0.004778525, Final residual = 2.6362972e-05, No Iterations 3
GAMG:  Solving for p, Initial residual = 9.8599999e-05, Final residual = 9.1522514e-07, No Iterations 4
time step continuity errors : sum local = 9.9167265e-06, global = -7.4100546e-09, cumulative = -0.0021281993
smoothSolver:  Solving for omega, Initial residual = 0.00038876463, Final residual = 3.3537141e-06, No Iterations 2
smoothSolver:  Solving for k, Initial residual = 0.00087077785, Final residual = 8.8945963e-06, No Iterations 2
bounding k, min: 1.844326e-16 max: 0.32804746 average: 0.059364529
ExecutionTime = 1121.5979 s  ClockTime = 1122 s

Time = 778s

smoothSolver:  Solving for Ux, Initial residual = 0.00036625688, Final residual = 5.0405972e-06, No Iterations 3
smoothSolver:  Solving for Uy, Initial residual = 0.0038575088, Final residual = 5.6600273e-05, No Iterations 3
smoothSolver:  Solving for Uz, Initial residual = 0.0033159298, Final residual = 4.6237794e-05, No Iterations 3
GAMG:  Solving for p, Initial residual = 0.0048064056, Final residual = 2.6376785e-05, No Iterations 3
GAMG:  Solving for p, Initial residual = 9.7639693e-05, Final residual = 8.957889e-07, No Iterations 4
time step continuity errors : sum local = 9.714467e-06, global = -5.5482722e-08, cumulative = -0.0021282548
smoothSolver:  Solving for omega, Initial residual = 0.00039237101, Final residual = 3.5239676e-06, No Iterations 2
smoothSolver:  Solving for k, Initial residual = 0.00086717183, Final residual = 8.8159616e-06, No Iterations 2
bounding k, min: 1.8458464e-16 max: 0.32720662 average: 0.05936936
ExecutionTime = 1123.1812 s  ClockTime = 1123 s

Time = 779s

smoothSolver:  Solving for Ux, Initial residual = 0.00036523444, Final residual = 5.0214495e-06, No Iterations 3
smoothSolver:  Solving for Uy, Initial residual = 0.0038437296, Final residual = 5.6400884e-05, No Iterations 3
smoothSolver:  Solving for Uz, Initial residual = 0.0033046674, Final residual = 4.5996967e-05, No Iterations 3
GAMG:  Solving for p, Initial residual = 0.0048340106, Final residual = 2.6542303e-05, No Iterations 3
GAMG:  Solving for p, Initial residual = 9.6940731e-05, Final residual = 8.8630698e-07, No Iterations 4
time step continuity errors : sum local = 9.6185138e-06, global = -2.464312e-07, cumulative = -0.0021285012
smoothSolver:  Solving for omega, Initial residual = 0.00039328842, Final residual = 3.3838325e-06, No Iterations 2
smoothSolver:  Solving for k, Initial residual = 0.00086233644, Final residual = 8.7905073e-06, No Iterations 2
bounding k, min: 1.8504334e-16 max: 0.32640898 average: 0.059374088
ExecutionTime = 1124.5677 s  ClockTime = 1125 s

Time = 780s

smoothSolver:  Solving for Ux, Initial residual = 0.00036421725, Final residual = 5.0046158e-06, No Iterations 3
smoothSolver:  Solving for Uy, Initial residual = 0.0038353246, Final residual = 5.6267113e-05, No Iterations 3
smoothSolver:  Solving for Uz, Initial residual = 0.0032950241, Final residual = 4.5759998e-05, No Iterations 3
GAMG:  Solving for p, Initial residual = 0.0048632836, Final residual = 2.6906373e-05, No Iterations 3
GAMG:  Solving for p, Initial residual = 9.5655287e-05, Final residual = 8.3413402e-07, No Iterations 4
time step continuity errors : sum local = 9.0599883e-06, global = -6.3567764e-07, cumulative = -0.0021291369
smoothSolver:  Solving for omega, Initial residual = 0.00039683409, Final residual = 3.5426898e-06, No Iterations 2
smoothSolver:  Solving for k, Initial residual = 0.00086139247, Final residual = 8.803918e-06, No Iterations 2
bounding k, min: 1.857034e-16 max: 0.32558513 average: 0.059378709
ExecutionTime = 1126.0874 s  ClockTime = 1126 s

Time = 781s

smoothSolver:  Solving for Ux, Initial residual = 0.00036317734, Final residual = 4.9880862e-06, No Iterations 3
smoothSolver:  Solving for Uy, Initial residual = 0.0038292097, Final residual = 5.6172593e-05, No Iterations 3
smoothSolver:  Solving for Uz, Initial residual = 0.0032897851, Final residual = 4.5523273e-05, No Iterations 3
GAMG:  Solving for p, Initial residual = 0.0048853396, Final residual = 2.7423856e-05, No Iterations 3
GAMG:  Solving for p, Initial residual = 9.4543102e-05, Final residual = 8.3153561e-07, No Iterations 4
time step continuity errors : sum local = 9.0375336e-06, global = -6.1805529e-07, cumulative = -0.0021297549
smoothSolver:  Solving for omega, Initial residual = 0.00038885103, Final residual = 3.3261463e-06, No Iterations 2
smoothSolver:  Solving for k, Initial residual = 0.00085740536, Final residual = 8.7484853e-06, No Iterations 2
bounding k, min: 1.864714e-16 max: 0.32480477 average: 0.059383755
ExecutionTime = 1127.255 s  ClockTime = 1128 s

Time = 782s

smoothSolver:  Solving for Ux, Initial residual = 0.00036221078, Final residual = 4.9731536e-06, No Iterations 3
smoothSolver:  Solving for Uy, Initial residual = 0.0038250553, Final residual = 5.6066658e-05, No Iterations 3
smoothSolver:  Solving for Uz, Initial residual = 0.0032776073, Final residual = 4.5282871e-05, No Iterations 3
GAMG:  Solving for p, Initial residual = 0.004907038, Final residual = 2.8302748e-05, No Iterations 3
GAMG:  Solving for p, Initial residual = 9.4237783e-05, Final residual = 8.1713618e-07, No Iterations 4
time step continuity errors : sum local = 8.8874437e-06, global = -6.6605656e-07, cumulative = -0.002130421
smoothSolver:  Solving for omega, Initial residual = 0.00039211538, Final residual = 3.5075417e-06, No Iterations 2
smoothSolver:  Solving for k, Initial residual = 0.00085242216, Final residual = 8.6808008e-06, No Iterations 2
bounding k, min: 1.8727034e-16 max: 0.32399362 average: 0.059388454
ExecutionTime = 1128.4347 s  ClockTime = 1129 s

Time = 783s

smoothSolver:  Solving for Ux, Initial residual = 0.00036134602, Final residual = 4.957566e-06, No Iterations 3
smoothSolver:  Solving for Uy, Initial residual = 0.0038239873, Final residual = 5.5953331e-05, No Iterations 3
smoothSolver:  Solving for Uz, Initial residual = 0.0032699121, Final residual = 4.5093471e-05, No Iterations 3
GAMG:  Solving for p, Initial residual = 0.0049279205, Final residual = 2.9167364e-05, No Iterations 3
GAMG:  Solving for p, Initial residual = 9.4448217e-05, Final residual = 7.611633e-07, No Iterations 4
time step continuity errors : sum local = 8.2827087e-06, global = -6.9545125e-07, cumulative = -0.0021311164
smoothSolver:  Solving for omega, Initial residual = 0.00039420366, Final residual = 3.3974432e-06, No Iterations 2
smoothSolver:  Solving for k, Initial residual = 0.0008479156, Final residual = 8.6546792e-06, No Iterations 2
bounding k, min: 1.880419e-16 max: 0.32321788 average: 0.059392903
ExecutionTime = 1129.6828 s  ClockTime = 1130 s

Time = 784s

smoothSolver:  Solving for Ux, Initial residual = 0.00036042232, Final residual = 4.9403295e-06, No Iterations 3
smoothSolver:  Solving for Uy, Initial residual = 0.0038218795, Final residual = 5.5811859e-05, No Iterations 3
smoothSolver:  Solving for Uz, Initial residual = 0.0032649748, Final residual = 4.4959571e-05, No Iterations 3
GAMG:  Solving for p, Initial residual = 0.0049701089, Final residual = 3.0101764e-05, No Iterations 3
GAMG:  Solving for p, Initial residual = 9.4994105e-05, Final residual = 8.0333211e-07, No Iterations 4
time step continuity errors : sum local = 8.7450741e-06, global = -6.3478284e-07, cumulative = -0.0021317512
smoothSolver:  Solving for omega, Initial residual = 0.00039756626, Final residual = 3.519234e-06, No Iterations 2
smoothSolver:  Solving for k, Initial residual = 0.00084656726, Final residual = 8.6583582e-06, No Iterations 2
bounding k, min: 1.887489e-16 max: 0.32242552 average: 0.059397153
ExecutionTime = 1131.1854 s  ClockTime = 1131 s

Time = 785s

smoothSolver:  Solving for Ux, Initial residual = 0.00035944574, Final residual = 4.9213613e-06, No Iterations 3
smoothSolver:  Solving for Uy, Initial residual = 0.0038196743, Final residual = 5.5578467e-05, No Iterations 3
smoothSolver:  Solving for Uz, Initial residual = 0.0032632041, Final residual = 4.4849564e-05, No Iterations 3
GAMG:  Solving for p, Initial residual = 0.0050063344, Final residual = 3.1140401e-05, No Iterations 3
GAMG:  Solving for p, Initial residual = 9.5998653e-05, Final residual = 7.8670542e-07, No Iterations 4
time step continuity errors : sum local = 8.566911e-06, global = -6.0436026e-07, cumulative = -0.0021323556
smoothSolver:  Solving for omega, Initial residual = 0.00039065458, Final residual = 3.3561553e-06, No Iterations 2
smoothSolver:  Solving for k, Initial residual = 0.00084165197, Final residual = 8.5788097e-06, No Iterations 2
bounding k, min: 1.893734e-16 max: 0.32166304 average: 0.059401734
ExecutionTime = 1132.7132 s  ClockTime = 1133 s

Time = 786s

smoothSolver:  Solving for Ux, Initial residual = 0.00035840716, Final residual = 4.9005964e-06, No Iterations 3
smoothSolver:  Solving for Uy, Initial residual = 0.003810061, Final residual = 5.5322321e-05, No Iterations 3
smoothSolver:  Solving for Uz, Initial residual = 0.0032607009, Final residual = 4.4737192e-05, No Iterations 3
GAMG:  Solving for p, Initial residual = 0.005037014, Final residual = 3.2336383e-05, No Iterations 3
GAMG:  Solving for p, Initial residual = 9.7182073e-05, Final residual = 7.8927571e-07, No Iterations 4
time step continuity errors : sum local = 8.5960418e-06, global = -5.6790776e-07, cumulative = -0.0021329235
smoothSolver:  Solving for omega, Initial residual = 0.00039314088, Final residual = 3.5020852e-06, No Iterations 2
smoothSolver:  Solving for k, Initial residual = 0.00083762961, Final residual = 8.5479619e-06, No Iterations 2
bounding k, min: 1.8991855e-16 max: 0.32089522 average: 0.05940582
ExecutionTime = 1134.1511 s  ClockTime = 1134 s

Time = 787s

smoothSolver:  Solving for Ux, Initial residual = 0.00035753711, Final residual = 4.880398e-06, No Iterations 3
smoothSolver:  Solving for Uy, Initial residual = 0.0037993074, Final residual = 5.49914e-05, No Iterations 3
smoothSolver:  Solving for Uz, Initial residual = 0.0032629586, Final residual = 4.4646319e-05, No Iterations 3
GAMG:  Solving for p, Initial residual = 0.0050716247, Final residual = 3.3709659e-05, No Iterations 3
GAMG:  Solving for p, Initial residual = 9.8842925e-05, Final residual = 8.104541e-07, No Iterations 4
time step continuity errors : sum local = 8.8273336e-06, global = -5.3876507e-07, cumulative = -0.0021334622
smoothSolver:  Solving for omega, Initial residual = 0.00039349016, Final residual = 3.3237275e-06, No Iterations 2
smoothSolver:  Solving for k, Initial residual = 0.00083592769, Final residual = 8.543717e-06, No Iterations 2
bounding k, min: 1.9040706e-16 max: 0.32015015 average: 0.059409166
ExecutionTime = 1135.668 s  ClockTime = 1136 s

Time = 788s

smoothSolver:  Solving for Ux, Initial residual = 0.00035661244, Final residual = 4.8602852e-06, No Iterations 3
smoothSolver:  Solving for Uy, Initial residual = 0.0037884951, Final residual = 5.4636085e-05, No Iterations 3
smoothSolver:  Solving for Uz, Initial residual = 0.0032662592, Final residual = 4.4571435e-05, No Iterations 3
GAMG:  Solving for p, Initial residual = 0.0051214977, Final residual = 3.516553e-05, No Iterations 3
GAMG:  Solving for p, Initial residual = 0.00010093935, Final residual = 8.0162406e-07, No Iterations 4
time step continuity errors : sum local = 8.7318575e-06, global = -4.5463396e-07, cumulative = -0.0021339169
smoothSolver:  Solving for omega, Initial residual = 0.00039783346, Final residual = 3.5253687e-06, No Iterations 2
smoothSolver:  Solving for k, Initial residual = 0.00083155396, Final residual = 8.4694889e-06, No Iterations 2
bounding k, min: 1.9088e-16 max: 0.31940715 average: 0.059412886
ExecutionTime = 1137.0955 s  ClockTime = 1137 s

Time = 789s

smoothSolver:  Solving for Ux, Initial residual = 0.00035567909, Final residual = 4.8421978e-06, No Iterations 3
smoothSolver:  Solving for Uy, Initial residual = 0.0037698485, Final residual = 5.4186654e-05, No Iterations 3
smoothSolver:  Solving for Uz, Initial residual = 0.0032728615, Final residual = 4.4523546e-05, No Iterations 3
GAMG:  Solving for p, Initial residual = 0.0051220643, Final residual = 3.6450801e-05, No Iterations 3
GAMG:  Solving for p, Initial residual = 0.00010282561, Final residual = 7.9407319e-07, No Iterations 4
time step continuity errors : sum local = 8.6470957e-06, global = -4.6406384e-07, cumulative = -0.0021343809
smoothSolver:  Solving for omega, Initial residual = 0.0003896421, Final residual = 3.3663668e-06, No Iterations 2
smoothSolver:  Solving for k, Initial residual = 0.00082772049, Final residual = 8.4460063e-06, No Iterations 2
bounding k, min: 1.9138988e-16 max: 0.31868315 average: 0.05941653
ExecutionTime = 1138.5832 s  ClockTime = 1139 s

Time = 790s

smoothSolver:  Solving for Ux, Initial residual = 0.00035451999, Final residual = 4.8237578e-06, No Iterations 3
smoothSolver:  Solving for Uy, Initial residual = 0.0037505573, Final residual = 5.3716803e-05, No Iterations 3
smoothSolver:  Solving for Uz, Initial residual = 0.0032775078, Final residual = 4.4472263e-05, No Iterations 3
GAMG:  Solving for p, Initial residual = 0.0050979835, Final residual = 3.6904389e-05, No Iterations 3
GAMG:  Solving for p, Initial residual = 0.00010361463, Final residual = 7.9057506e-07, No Iterations 4
time step continuity errors : sum local = 8.607143e-06, global = -3.898967e-07, cumulative = -0.0021347708
smoothSolver:  Solving for omega, Initial residual = 0.00039231459, Final residual = 3.5564672e-06, No Iterations 2
smoothSolver:  Solving for k, Initial residual = 0.0008254817, Final residual = 8.4176316e-06, No Iterations 2
bounding k, min: 1.9199839e-16 max: 0.31796719 average: 0.059419457
ExecutionTime = 1140.0545 s  ClockTime = 1140 s

Time = 791s

smoothSolver:  Solving for Ux, Initial residual = 0.00035344795, Final residual = 4.8060056e-06, No Iterations 3
smoothSolver:  Solving for Uy, Initial residual = 0.0037305167, Final residual = 5.321848e-05, No Iterations 3
smoothSolver:  Solving for Uz, Initial residual = 0.0032809595, Final residual = 4.4424972e-05, No Iterations 3
GAMG:  Solving for p, Initial residual = 0.0050763479, Final residual = 3.7457827e-05, No Iterations 3
GAMG:  Solving for p, Initial residual = 0.00010440005, Final residual = 7.2501345e-07, No Iterations 4
time step continuity errors : sum local = 7.8907979e-06, global = -1.1535407e-06, cumulative = -0.0021359244
smoothSolver:  Solving for omega, Initial residual = 0.00039273187, Final residual = 3.3573276e-06, No Iterations 2
smoothSolver:  Solving for k, Initial residual = 0.00082174645, Final residual = 8.3750584e-06, No Iterations 2
bounding k, min: 1.9277164e-16 max: 0.31726797 average: 0.059422752
ExecutionTime = 1141.4403 s  ClockTime = 1142 s

Time = 792s

smoothSolver:  Solving for Ux, Initial residual = 0.00035221916, Final residual = 4.7886085e-06, No Iterations 3
smoothSolver:  Solving for Uy, Initial residual = 0.0037066588, Final residual = 5.2756316e-05, No Iterations 3
smoothSolver:  Solving for Uz, Initial residual = 0.0032821059, Final residual = 4.4385582e-05, No Iterations 3
GAMG:  Solving for p, Initial residual = 0.0050618294, Final residual = 3.7489584e-05, No Iterations 3
GAMG:  Solving for p, Initial residual = 0.0001048116, Final residual = 6.6986645e-07, No Iterations 4
time step continuity errors : sum local = 7.2874089e-06, global = -1.6894638e-07, cumulative = -0.0021360933
smoothSolver:  Solving for omega, Initial residual = 0.0003962878, Final residual = 3.4804526e-06, No Iterations 2
smoothSolver:  Solving for k, Initial residual = 0.00081954843, Final residual = 8.3316926e-06, No Iterations 2
bounding k, min: 1.9377737e-16 max: 0.31658207 average: 0.059425362
ExecutionTime = 1142.866 s  ClockTime = 1143 s

Time = 793s

smoothSolver:  Solving for Ux, Initial residual = 0.00035101766, Final residual = 4.7700058e-06, No Iterations 3
smoothSolver:  Solving for Uy, Initial residual = 0.0036852263, Final residual = 5.2355824e-05, No Iterations 3
smoothSolver:  Solving for Uz, Initial residual = 0.0032843077, Final residual = 4.4362609e-05, No Iterations 3
GAMG:  Solving for p, Initial residual = 0.005054607, Final residual = 3.7334905e-05, No Iterations 3
GAMG:  Solving for p, Initial residual = 0.00010506681, Final residual = 6.0632375e-07, No Iterations 4
time step continuity errors : sum local = 6.5929084e-06, global = -3.0979888e-07, cumulative = -0.0021364031
smoothSolver:  Solving for omega, Initial residual = 0.00039099139, Final residual = 3.3514462e-06, No Iterations 2
smoothSolver:  Solving for k, Initial residual = 0.00081863203, Final residual = 8.3295845e-06, No Iterations 2
bounding k, min: 1.9507897e-16 max: 0.31591404 average: 0.059427864
ExecutionTime = 1144.4366 s  ClockTime = 1145 s

Time = 794s

smoothSolver:  Solving for Ux, Initial residual = 0.00034955232, Final residual = 4.7474064e-06, No Iterations 3
smoothSolver:  Solving for Uy, Initial residual = 0.0036635699, Final residual = 5.1927995e-05, No Iterations 3
smoothSolver:  Solving for Uz, Initial residual = 0.0032815952, Final residual = 4.4273124e-05, No Iterations 3
GAMG:  Solving for p, Initial residual = 0.0050492848, Final residual = 3.7040803e-05, No Iterations 3
GAMG:  Solving for p, Initial residual = 0.00010535442, Final residual = 5.4374799e-07, No Iterations 4
time step continuity errors : sum local = 5.9107842e-06, global = -4.9493852e-07, cumulative = -0.0021368981
smoothSolver:  Solving for omega, Initial residual = 0.00039453685, Final residual = 3.5622409e-06, No Iterations 2
smoothSolver:  Solving for k, Initial residual = 0.00081483256, Final residual = 8.2503691e-06, No Iterations 2
bounding k, min: 1.9673491e-16 max: 0.31526362 average: 0.059430048
ExecutionTime = 1145.923 s  ClockTime = 1146 s

Time = 795s

smoothSolver:  Solving for Ux, Initial residual = 0.0003480941, Final residual = 4.7222812e-06, No Iterations 3
smoothSolver:  Solving for Uy, Initial residual = 0.0036431532, Final residual = 5.1554442e-05, No Iterations 3
smoothSolver:  Solving for Uz, Initial residual = 0.0032752281, Final residual = 4.4160245e-05, No Iterations 3
GAMG:  Solving for p, Initial residual = 0.0050504523, Final residual = 3.682974e-05, No Iterations 3
GAMG:  Solving for p, Initial residual = 0.00010564188, Final residual = 5.7498952e-07, No Iterations 4
time step continuity errors : sum local = 6.2476154e-06, global = -1.845545e-06, cumulative = -0.0021387436
smoothSolver:  Solving for omega, Initial residual = 0.0003934578, Final residual = 3.3663322e-06, No Iterations 2
smoothSolver:  Solving for k, Initial residual = 0.00080946109, Final residual = 8.210709e-06, No Iterations 2
bounding k, min: 1.9879552e-16 max: 0.31463529 average: 0.059432153
ExecutionTime = 1147.4606 s  ClockTime = 1148 s

Time = 796s

smoothSolver:  Solving for Ux, Initial residual = 0.00034637263, Final residual = 4.6961839e-06, No Iterations 3
smoothSolver:  Solving for Uy, Initial residual = 0.0036237591, Final residual = 5.1225351e-05, No Iterations 3
smoothSolver:  Solving for Uz, Initial residual = 0.0032670179, Final residual = 4.3988722e-05, No Iterations 3
GAMG:  Solving for p, Initial residual = 0.0050339436, Final residual = 3.66331e-05, No Iterations 3
GAMG:  Solving for p, Initial residual = 0.00010561054, Final residual = 5.4697755e-07, No Iterations 4
time step continuity errors : sum local = 5.9411144e-06, global = -2.0997989e-06, cumulative = -0.0021408434
smoothSolver:  Solving for omega, Initial residual = 0.00039754629, Final residual = 3.5022291e-06, No Iterations 2
smoothSolver:  Solving for k, Initial residual = 0.00080681062, Final residual = 8.1592004e-06, No Iterations 2
bounding k, min: 2.0129935e-16 max: 0.31402446 average: 0.059434004
ExecutionTime = 1148.831 s  ClockTime = 1149 s

Time = 797s

smoothSolver:  Solving for Ux, Initial residual = 0.00034487846, Final residual = 4.6679986e-06, No Iterations 3
smoothSolver:  Solving for Uy, Initial residual = 0.0036080018, Final residual = 5.0925838e-05, No Iterations 3
smoothSolver:  Solving for Uz, Initial residual = 0.0032606049, Final residual = 4.380202e-05, No Iterations 3
GAMG:  Solving for p, Initial residual = 0.0050172131, Final residual = 3.6228698e-05, No Iterations 3
GAMG:  Solving for p, Initial residual = 0.00010548023, Final residual = 5.2440116e-07, No Iterations 4
time step continuity errors : sum local = 5.6934714e-06, global = -2.0980969e-06, cumulative = -0.0021429415
smoothSolver:  Solving for omega, Initial residual = 0.00039005714, Final residual = 3.3511092e-06, No Iterations 2
smoothSolver:  Solving for k, Initial residual = 0.00080519962, Final residual = 8.1282597e-06, No Iterations 2
bounding k, min: 2.042688e-16 max: 0.31343723 average: 0.059435577
ExecutionTime = 1150.4939 s  ClockTime = 1151 s

Time = 798s

smoothSolver:  Solving for Ux, Initial residual = 0.00034314237, Final residual = 4.6376968e-06, No Iterations 3
smoothSolver:  Solving for Uy, Initial residual = 0.003591539, Final residual = 5.0675154e-05, No Iterations 3
smoothSolver:  Solving for Uz, Initial residual = 0.0032509962, Final residual = 4.3571509e-05, No Iterations 3
GAMG:  Solving for p, Initial residual = 0.0050176812, Final residual = 3.512263e-05, No Iterations 3
GAMG:  Solving for p, Initial residual = 0.00010504642, Final residual = 5.2786114e-07, No Iterations 4
time step continuity errors : sum local = 5.7288248e-06, global = -2.0524789e-06, cumulative = -0.002144994
smoothSolver:  Solving for omega, Initial residual = 0.00039297917, Final residual = 3.5267849e-06, No Iterations 2
smoothSolver:  Solving for k, Initial residual = 0.00080171214, Final residual = 8.0877267e-06, No Iterations 2
bounding k, min: 2.0770637e-16 max: 0.31286716 average: 0.05943676
ExecutionTime = 1151.971 s  ClockTime = 1152 s

Time = 799s

smoothSolver:  Solving for Ux, Initial residual = 0.00034150473, Final residual = 4.6061821e-06, No Iterations 3
smoothSolver:  Solving for Uy, Initial residual = 0.0035807566, Final residual = 5.0464528e-05, No Iterations 3
smoothSolver:  Solving for Uz, Initial residual = 0.003241996, Final residual = 4.3309451e-05, No Iterations 3
GAMG:  Solving for p, Initial residual = 0.0050273955, Final residual = 3.4145997e-05, No Iterations 3
GAMG:  Solving for p, Initial residual = 0.00010463123, Final residual = 5.28913e-07, No Iterations 4
time step continuity errors : sum local = 5.7376043e-06, global = -1.7178772e-06, cumulative = -0.0021467119
smoothSolver:  Solving for omega, Initial residual = 0.00039315504, Final residual = 3.3315835e-06, No Iterations 2
smoothSolver:  Solving for k, Initial residual = 0.00079806815, Final residual = 8.0505214e-06, No Iterations 2
bounding k, min: 2.1159233e-16 max: 0.31232272 average: 0.059437707
ExecutionTime = 1153.3886 s  ClockTime = 1154 s

Time = 800s

smoothSolver:  Solving for Ux, Initial residual = 0.00033967786, Final residual = 4.575687e-06, No Iterations 3
smoothSolver:  Solving for Uy, Initial residual = 0.0035759514, Final residual = 5.0336544e-05, No Iterations 3
smoothSolver:  Solving for Uz, Initial residual = 0.0032296429, Final residual = 4.3054344e-05, No Iterations 3
GAMG:  Solving for p, Initial residual = 0.0050453051, Final residual = 3.3567194e-05, No Iterations 3
GAMG:  Solving for p, Initial residual = 0.00010447697, Final residual = 5.3271999e-07, No Iterations 4
time step continuity errors : sum local = 5.7759768e-06, global = -1.8438271e-06, cumulative = -0.0021485557
smoothSolver:  Solving for omega, Initial residual = 0.00039685762, Final residual = 3.4726123e-06, No Iterations 2
smoothSolver:  Solving for k, Initial residual = 0.00079596478, Final residual = 8.0169257e-06, No Iterations 2
bounding k, min: 2.1587571e-16 max: 0.31179288 average: 0.059438599
ExecutionTime = 1154.6222 s  ClockTime = 1155 s

End
