#       point_x         point_y         point_z             U_x             U_y             U_z               p
            0.1          -0.096          -0.096     -0.86687239     0.049159593    -0.035399696     -0.56624585
            0.1            -0.1          -0.096               0               0               0     -0.56672999
            0.1            -0.1            -0.1               0               0               0     -0.56482384
            0.1          -0.096            -0.1               0               0               0     -0.56448827
            0.1          -0.092          -0.096     -0.93757226     0.085688879    -0.025220764     -0.56752547
            0.1          -0.092            -0.1               0               0               0     -0.56620519
            0.1          -0.088          -0.096     -0.97203819      0.11408337     -0.01400569     -0.57095123
            0.1          -0.088            -0.1               0               0               0     -0.57019853
            0.1          -0.084          -0.096     -0.98093776      0.13053953     -0.00315505     -0.57467436
            0.1          -0.084            -0.1               0               0               0     -0.57444556
            0.1           -0.08          -0.096     -0.95903351      0.13678566    0.0050335534     -0.57903839
            0.1           -0.08            -0.1               0               0               0     -0.57922537
            0.1          -0.076          -0.096     -0.89989667      0.13304855    0.0090991666      -0.5839085
            0.1          -0.076            -0.1               0               0               0     -0.58435486
            0.1          -0.072          -0.096     -0.80616339      0.12086599    0.0094189593     -0.58911207
            0.1          -0.072            -0.1               0               0               0     -0.58962106
            0.1          -0.068          -0.096     -0.69486112      0.10297648    0.0075469885     -0.59415085
            0.1          -0.068            -0.1               0               0               0     -0.59445453
            0.1          -0.064          -0.096     -0.59390717      0.08455992    0.0029255155     -0.59846359
            0.1          -0.064            -0.1               0               0               0     -0.59834262
            0.1           -0.06          -0.096     -0.52376933     0.072489293   -0.0050736013     -0.60173613
            0.1           -0.06            -0.1               0               0               0     -0.60104375
            0.1          -0.056          -0.096     -0.48006262     0.069827168    -0.013907167     -0.60401064
            0.1          -0.056            -0.1               0               0               0     -0.60269795
            0.1          -0.052          -0.096     -0.44730353     0.074003955    -0.020291939     -0.60557442
            0.1          -0.052            -0.1               0               0               0     -0.60377446
            0.1          -0.048          -0.096     -0.41821636     0.081359096     -0.02241984     -0.60690129
            0.1          -0.048            -0.1               0               0               0     -0.60488542
            0.1          -0.044          -0.096      -0.3920802     0.089061435    -0.020246665     -0.60850898
            0.1          -0.044            -0.1               0               0               0     -0.60660131
            0.1           -0.04          -0.096     -0.36953884     0.095132312    -0.014715328     -0.61072396
            0.1           -0.04            -0.1               0               0               0     -0.60919921
            0.1          -0.036          -0.096     -0.35069798      0.09844572   -0.0068378504     -0.61367918
            0.1          -0.036            -0.1               0               0               0     -0.61269594
            0.1          -0.032          -0.096     -0.33367139     0.098531136    0.0014151966     -0.61748556
            0.1          -0.032            -0.1               0               0               0     -0.61705867
            0.1          -0.028          -0.096     -0.31206575     0.095766372    0.0067590783     -0.62233156
            0.1          -0.028            -0.1               0               0               0     -0.62237402
            0.1          -0.024          -0.096     -0.27589147      0.09090452    0.0073370174     -0.62819856
            0.1          -0.024            -0.1               0               0               0     -0.62853075
            0.1           -0.02          -0.096     -0.21931987     0.083023002    0.0051566802     -0.63440275
            0.1           -0.02            -0.1               0               0               0     -0.63479346
            0.1          -0.016          -0.096     -0.14518183     0.071638529    0.0037984765     -0.63947884
            0.1          -0.016            -0.1               0               0               0     -0.63976298
            0.1          -0.012          -0.096    -0.055721789     0.058768791    0.0054428518     -0.64206494
            0.1          -0.012            -0.1               0               0               0     -0.64217964
            0.1          -0.008          -0.096     0.063447674     0.040762435     0.009436557     -0.64164554
            0.1          -0.008            -0.1               0               0               0      -0.6417586
            0.1          -0.004          -0.096      0.21892701     0.022822963     0.011974188     -0.63697626
            0.1          -0.004            -0.1               0               0               0      -0.6372993
            0.1  -1.9825424e-18          -0.096      0.36765659     0.015452951     0.010762243     -0.62765685
            0.1  -1.9825424e-18            -0.1               0               0               0     -0.62815109
            0.1           0.004          -0.096      0.46651458     0.016115114    0.0088000346     -0.61600467
            0.1           0.004            -0.1               0               0               0      -0.6165841
            0.1           0.008          -0.096      0.51411837     0.019952397     0.010388698     -0.60457111
            0.1           0.008            -0.1               0               0               0     -0.60518023
            0.1           0.012          -0.096      0.51981796     0.024204371     0.015234965     -0.59481344
            0.1           0.012            -0.1               0               0               0     -0.59538424
            0.1           0.016          -0.096      0.48870581     0.028445878     0.019617296     -0.58742963
            0.1           0.016            -0.1               0               0               0     -0.58789425
            0.1            0.02          -0.096       0.4263041     0.034275115     0.020139434     -0.58266338
            0.1            0.02            -0.1               0               0               0     -0.58289608
            0.1           0.024          -0.096       0.3432442     0.043228538     0.016514624     -0.58024584
            0.1           0.024            -0.1               0               0               0     -0.58021027
            0.1           0.028          -0.096      0.24813844     0.055070715     0.012418908     -0.57963033
            0.1           0.028            -0.1               0               0               0     -0.57947273
            0.1           0.032          -0.096      0.14553765     0.069359252     0.010086072     -0.58023007
            0.1           0.032            -0.1               0               0               0      -0.5800919
            0.1           0.036          -0.096     0.033525627      0.08850062    0.0086328167     -0.58161456
            0.1           0.036            -0.1               0               0               0     -0.58159156
            0.1            0.04          -0.096    -0.082867987      0.11220268    0.0074419092     -0.58345582
            0.1            0.04            -0.1               0               0               0     -0.58357718
            0.1           0.044          -0.096     -0.18662641      0.13372642     0.006447485     -0.58526287
            0.1           0.044            -0.1               0               0               0      -0.5854689
            0.1           0.048          -0.096     -0.26825126       0.1479187    0.0054199724     -0.58661458
            0.1           0.048            -0.1               0               0               0     -0.58683585
            0.1           0.052          -0.096     -0.32815845      0.15464799    0.0043808852     -0.58740291
            0.1           0.052            -0.1               0               0               0     -0.58759445
            0.1           0.056          -0.096     -0.37181393      0.15594641    0.0036574207     -0.58772047
            0.1           0.056            -0.1               0               0               0      -0.5878598
            0.1            0.06          -0.096     -0.40621029      0.15398671     0.003642165     -0.58767506
            0.1            0.06            -0.1               0               0               0     -0.58775818
            0.1           0.064          -0.096     -0.43785156      0.15015063    0.0047640364     -0.58728958
            0.1           0.064            -0.1               0               0               0     -0.58734823
            0.1           0.068          -0.096      -0.4720118      0.14488016    0.0074021944     -0.58650238
            0.1           0.068            -0.1               0               0               0     -0.58658981
            0.1           0.072          -0.096     -0.51272134      0.13805992     0.011328965     -0.58523687
            0.1           0.072            -0.1               0               0               0     -0.58540652
            0.1           0.076          -0.096     -0.56294279       0.1294073      0.01594061     -0.58346192
            0.1           0.076            -0.1               0               0               0     -0.58376144
            0.1            0.08          -0.096     -0.62427844      0.11852876      0.02118928     -0.58122305
            0.1            0.08            -0.1               0               0               0     -0.58165357
            0.1           0.084          -0.096     -0.69655542      0.10454716     0.027319752     -0.57863852
            0.1           0.084            -0.1               0               0               0     -0.57918295
            0.1           0.088          -0.096     -0.77724153     0.086588203     0.034405859     -0.57574003
            0.1           0.088            -0.1               0               0               0     -0.57632946
            0.1           0.092          -0.096     -0.85664543     0.062469694      0.04174409     -0.57289282
            0.1           0.092            -0.1               0               0               0     -0.57346356
            0.1           0.096          -0.096     -0.88164013     0.033871114     0.046924809     -0.57000737
            0.1           0.096            -0.1               0               0               0     -0.57040722
            0.1             0.1            -0.1               0               0               0      -0.5686661
            0.1             0.1          -0.096               0               0               0     -0.56843109
            0.1          -0.096          -0.092     -0.83976834     0.042973562    -0.064852805     -0.56941843
            0.1            -0.1          -0.092               0               0               0      -0.5700479
            0.1          -0.092          -0.092     -0.92280153     0.076635874    -0.046793402     -0.57001945
            0.1          -0.088          -0.092     -0.96885094      0.10418977    -0.028463858     -0.57243461
            0.1          -0.084          -0.092     -0.98890978      0.12339795    -0.011866144     -0.57522513
            0.1           -0.08          -0.092     -0.98000967      0.13582838   0.00044949329     -0.57878813
            0.1          -0.076          -0.092      -0.9387083      0.14123818    0.0068728706     -0.58311242
            0.1          -0.072          -0.092     -0.86764261      0.14026853    0.0072896393     -0.58810307
            0.1          -0.068          -0.092     -0.77854661      0.13504688    0.0026712425     -0.59332516
            0.1          -0.064          -0.092      -0.6894081       0.1293323   -0.0060939811     -0.59820819
            0.1           -0.06          -0.092     -0.61278976      0.12580433    -0.017368625     -0.60236479
            0.1          -0.056          -0.092     -0.54993175      0.12439706    -0.027912522     -0.60563893
            0.1          -0.052          -0.092     -0.49739182      0.12400192    -0.034570525     -0.60805476
            0.1          -0.048          -0.092     -0.45249347      0.12356425    -0.035773395     -0.60988088
            0.1          -0.044          -0.092      -0.4143458      0.12234215    -0.031571764     -0.61152883
            0.1           -0.04          -0.092     -0.38276975      0.11995229    -0.023019218     -0.61336636
            0.1          -0.036          -0.092     -0.35717546      0.11644641    -0.011738735     -0.61566862
            0.1          -0.032          -0.092     -0.33538069      0.11230716  -1.4666227e-05     -0.61871238
            0.1          -0.028          -0.092        -0.31203      0.10782949     0.009069713     -0.62279249
            0.1          -0.024          -0.092     -0.27823052      0.10245339     0.012865911     -0.62801632
            0.1           -0.02          -0.092     -0.22557246     0.094170298     0.011890208     -0.63388788
            0.1          -0.016          -0.092     -0.15153421     0.081586184     0.010188833     -0.63897409
            0.1          -0.012          -0.092     -0.05507424     0.065197686     0.012145334     -0.64178709
            0.1          -0.008          -0.092     0.076980756     0.043866087     0.017959591     -0.64128457
            0.1          -0.004          -0.092      0.24898596     0.024405773     0.021624297      -0.6361153
            0.1  -1.9825424e-18          -0.092      0.41276848      0.01481596      0.02014037     -0.62643961
            0.1           0.004          -0.092      0.51803264     0.012192832     0.019015912     -0.61472414
            0.1           0.008          -0.092      0.56235926     0.013065453     0.022646941     -0.60345653
            0.1           0.012          -0.092      0.55940522     0.016395965      0.02874941     -0.59402705
            0.1           0.016          -0.092      0.51999447     0.022462907     0.032216883     -0.58698785
            0.1            0.02          -0.092      0.45326732     0.031635037     0.030710497     -0.58252577
            0.1           0.024          -0.092      0.36936232     0.043408205     0.025997944     -0.58034722
            0.1           0.028          -0.092      0.27551599     0.056937752     0.020984619     -0.57981985
            0.1           0.032          -0.092      0.17529761     0.071997447     0.017331246     -0.58035125
            0.1           0.036          -0.092     0.066984773     0.090166547     0.015315147     -0.58152977
            0.1            0.04          -0.092    -0.050089722       0.1120006     0.014587161     -0.58313796
            0.1           0.044          -0.092     -0.16210652      0.13205532     0.014174035     -0.58481577
            0.1           0.048          -0.092     -0.25381572      0.14424257     0.013114391     -0.58615437
            0.1           0.052          -0.092      -0.3229397      0.14778514     0.011470626     -0.58702495
            0.1           0.056          -0.092     -0.37517379      0.14510368     0.010056141      -0.5874745
            0.1            0.06          -0.092     -0.41897361      0.13915137    0.0099917987     -0.58754901
            0.1           0.064          -0.092     -0.46197585      0.13184759       0.0122511     -0.58721153
            0.1           0.068          -0.092     -0.50966536      0.12381003     0.017209537     -0.58638484
            0.1           0.072          -0.092     -0.56547631      0.11485318     0.024490235     -0.58502286
            0.1           0.076          -0.092     -0.63104565      0.10457699     0.033301842     -0.58314986
            0.1            0.08          -0.092     -0.70592339      0.09261799     0.042978148     -0.58089889
            0.1           0.084          -0.092     -0.78730813     0.078514869     0.053117717     -0.57843854
            0.1           0.088          -0.092     -0.86973807     0.062120832     0.063553342     -0.57587945
            0.1           0.092          -0.092     -0.94122174     0.043094971     0.073358943     -0.57351321
            0.1           0.096          -0.092     -0.95320064     0.022950809     0.080816831     -0.57130324
            0.1             0.1          -0.092               0               0               0     -0.57016518
            0.1          -0.096          -0.088     -0.76126181      0.03513651    -0.088827426     -0.57248877
            0.1            -0.1          -0.088               0               0               0       -0.573108
            0.1          -0.092          -0.088     -0.85113078     0.065602299    -0.066174619      -0.5726183
            0.1          -0.088          -0.088     -0.90513645      0.09254873    -0.043031654     -0.57412894
            0.1          -0.084          -0.088     -0.93467546      0.11396365    -0.022815889     -0.57605876
            0.1           -0.08          -0.088     -0.93869051      0.13114919   -0.0081372918      -0.5788079
            0.1          -0.076          -0.088     -0.91493224      0.14384216  -0.00057025144      -0.5824953
            0.1          -0.072          -0.088     -0.86469267      0.15211654  -0.00063624671      -0.5871323
            0.1          -0.068          -0.088     -0.79542277      0.15692608   -0.0075165706     -0.59235139
            0.1          -0.064          -0.088     -0.71816852      0.15961645    -0.018957439     -0.59760103
            0.1           -0.06          -0.088     -0.64231729      0.16073565    -0.031537671     -0.60237884
            0.1          -0.056          -0.088      -0.5728004      0.16001137    -0.041715691     -0.60633794
            0.1          -0.052          -0.088     -0.51116805      0.15708737    -0.046896034     -0.60938612
            0.1          -0.048          -0.088     -0.45775325      0.15191245    -0.045924615     -0.61171016
            0.1          -0.044          -0.088     -0.41262809      0.14474213    -0.039004523     -0.61364863
            0.1           -0.04          -0.088     -0.37554217      0.13613496    -0.027336626      -0.6155444
            0.1          -0.036          -0.088     -0.34545238      0.12694501    -0.012789065     -0.61769554
            0.1          -0.032          -0.088     -0.31978495      0.11811364    0.0021519553      -0.6203977
            0.1          -0.028          -0.088     -0.29366765      0.11021232     0.014288642     -0.62393438
            0.1          -0.024          -0.088     -0.25927165      0.10279957     0.020655135     -0.62848308
            0.1           -0.02          -0.088     -0.20782829     0.093746724     0.021046715     -0.63378579
            0.1          -0.016          -0.088     -0.13411966     0.080889455     0.019465437     -0.63856119
            0.1          -0.012          -0.088    -0.033641381     0.062823487      0.02141129     -0.64127684
            0.1          -0.008          -0.088      0.10880098     0.038847741     0.028382669     -0.64033336
            0.1          -0.004          -0.088       0.2895032     0.017351411     0.033442447      -0.6343651
            0.1  -3.5444043e-41          -0.088      0.45128706    0.0057986842     0.032213475     -0.62428868
            0.1           0.004          -0.088      0.54688747    0.0018479408     0.030905331     -0.61274542
            0.1           0.008          -0.088      0.58006891    0.0031050293     0.034327526     -0.60201912
            0.1           0.012          -0.088      0.56798334    0.0083755492       0.0398493     -0.59328028
            0.1           0.016          -0.088      0.52323619     0.017183251     0.042212084     -0.58682155
            0.1            0.02          -0.088      0.45549125     0.029024655      0.03926949     -0.58264111
            0.1           0.024          -0.088       0.3729173     0.042944933     0.033045235     -0.58052042
            0.1           0.028          -0.088      0.28091985     0.057882796     0.026771089     -0.57996772
            0.1           0.032          -0.088      0.18259351     0.073335119     0.022695392      -0.5804026
            0.1           0.036          -0.088     0.076354935     0.090496033     0.021666361     -0.58140136
            0.1            0.04          -0.088    -0.039078298      0.10973211     0.023000217     -0.58284658
            0.1           0.044          -0.088     -0.15009964      0.12599402     0.024382728     -0.58446523
            0.1           0.048          -0.088     -0.24121093      0.13386884     0.023965136     -0.58583279
            0.1           0.052          -0.088     -0.31155402      0.13316161      0.02197537     -0.58680028
            0.1           0.056          -0.088     -0.36805975      0.12673163     0.019893526     -0.58736496
            0.1            0.06          -0.088      -0.4194589      0.11772606     0.019590344     -0.58749702
            0.1           0.064          -0.088      -0.4728428      0.10804399     0.022620712     -0.58713711
            0.1           0.068          -0.088      -0.5326468     0.098199005     0.029613876     -0.58624745
            0.1           0.072          -0.088     -0.60096805     0.087892509     0.039972084     -0.58485387
            0.1           0.076          -0.088     -0.67775893     0.076731292     0.052254292     -0.58306508
            0.1            0.08          -0.088     -0.76059386     0.064565361     0.065032125     -0.58108564
            0.1           0.084          -0.088     -0.84481192      0.05141087     0.077312244      -0.5791272
            0.1           0.088          -0.088     -0.92379928      0.03760244     0.088592375     -0.57732422
            0.1           0.092          -0.088     -0.98575835     0.023695969     0.098161076      -0.5758201
            0.1           0.096          -0.088      -0.9851851     0.011073458      0.10556096     -0.57456448
            0.1             0.1          -0.088               0               0               0     -0.57396309
            0.1          -0.096          -0.084       -0.682085     0.027782786     -0.10624194     -0.57555588
            0.1            -0.1          -0.084               0               0               0     -0.57610738
            0.1          -0.092          -0.084     -0.76959575     0.054438129    -0.082264783     -0.57536384
            0.1          -0.088          -0.084     -0.82582479     0.079889372    -0.056726261     -0.57609709
            0.1          -0.084          -0.084      -0.8603092      0.10239704     -0.03483435     -0.57723381
            0.1           -0.08          -0.084     -0.87205284      0.12278947    -0.019311684     -0.57923253
            0.1          -0.076          -0.084     -0.85946762      0.14065378    -0.011606767     -0.58231991
            0.1          -0.072          -0.084     -0.82318786      0.15556292    -0.012190913     -0.58659703
            0.1          -0.068          -0.084     -0.76780415      0.16726921    -0.019898569      -0.5917934
            0.1          -0.064          -0.084      -0.7007754      0.17563205     -0.03172385     -0.59734095
            0.1           -0.06          -0.084     -0.62969111      0.18026219    -0.043653794     -0.60260364
            0.1          -0.056          -0.084     -0.56038275      0.18063273    -0.052105533     -0.60709591
            0.1          -0.052          -0.084     -0.49657524      0.17654247    -0.054835802     -0.61063934
            0.1          -0.048          -0.084     -0.44039096      0.16833188    -0.051041499     -0.61337537
            0.1          -0.044          -0.084     -0.39278163      0.15683031     -0.04118404     -0.61559402
            0.1           -0.04          -0.084     -0.35364495      0.14328488    -0.026672639     -0.61760002
            0.1          -0.036          -0.084     -0.32163428      0.12917702   -0.0095483485     -0.61969842
            0.1          -0.032          -0.084     -0.29396603      0.11592607    0.0075325938     -0.62217696
            0.1          -0.028          -0.084     -0.26595279      0.10456313       0.0213596     -0.62527951
            0.1          -0.024          -0.084     -0.23025445     0.094970751     0.029131737     -0.62923948
            0.1           -0.02          -0.084     -0.17844298     0.085058914     0.030613022     -0.63393363
            0.1          -0.016          -0.084     -0.10413072     0.072047513     0.029736876     -0.63820166
            0.1          -0.012          -0.084    0.0012592891     0.052472328     0.032473385     -0.64039093
            0.1          -0.008          -0.084      0.15388868      0.02653533     0.040574409     -0.63850111
            0.1          -0.004          -0.084      0.33588313    0.0049946694     0.046012546     -0.63154474
            0.1  -1.9825424e-18          -0.084      0.48388583   -0.0056456015     0.044103456     -0.62121882
            0.1           0.004          -0.084      0.56278405   -0.0083040798     0.041548691     -0.61012922
            0.1           0.008          -0.084      0.58315332   -0.0049220398     0.043155712     -0.60018687
            0.1           0.012          -0.084      0.56281892    0.0030933041     0.046755154     -0.59229106
            0.1           0.016          -0.084      0.51452555     0.014628428     0.047729486     -0.58651148
            0.1            0.02          -0.084      0.44702652     0.028645146     0.044224081     -0.58273962
            0.1           0.024          -0.084      0.36614595      0.04404553     0.038038506     -0.58080922
            0.1           0.028          -0.084      0.27589033     0.059775512      0.03223167     -0.58030101
            0.1           0.032          -0.084      0.17931964     0.075301149     0.029342497     -0.58067166
            0.1           0.036          -0.084     0.075670037      0.09162479     0.030412158     -0.58152918
            0.1            0.04          -0.084    -0.035099888      0.10867447     0.034012081     -0.58284954
            0.1           0.044          -0.084     -0.14007742      0.12166821     0.036887744      -0.5844599
            0.1           0.048          -0.084     -0.22629663      0.12615848     0.037106479     -0.58590889
            0.1           0.052          -0.084     -0.29519057      0.12242371     0.035198938     -0.58696137
            0.1           0.056          -0.084     -0.35464193      0.11327493     0.032975525     -0.58755761
            0.1            0.06          -0.084     -0.41281505      0.10178498      0.03274123     -0.58764093
            0.1           0.064          -0.084        -0.47559     0.089875675     0.036505359     -0.58718353
            0.1           0.068          -0.084      -0.5459102     0.078133921     0.045149582     -0.58622688
            0.1           0.072          -0.084     -0.62418132      0.06627367     0.057814177     -0.58486207
            0.1           0.076          -0.084     -0.70863326     0.053958705     0.072251542     -0.58323564
            0.1            0.08          -0.084     -0.79526072     0.041279745     0.086216938     -0.58160566
            0.1           0.084          -0.084     -0.87823594     0.028657589     0.098264922     -0.58020777
            0.1           0.088          -0.084      -0.9505373     0.016708929      0.10775128     -0.57916356
            0.1           0.092          -0.084      -1.0007441    0.0066665693      0.11422936     -0.57847195
            0.1           0.096          -0.084      -0.9877742  -4.1924924e-06      0.11793655     -0.57808262
            0.1             0.1          -0.084               0               0               0     -0.57796422
            0.1          -0.096           -0.08     -0.61108318     0.021578261     -0.11951405     -0.57823493
            0.1            -0.1           -0.08               0               0               0     -0.57866134
            0.1          -0.092           -0.08     -0.68943597     0.043886727    -0.095729009     -0.57793039
            0.1          -0.088           -0.08     -0.74217714     0.066751097    -0.069325647     -0.57815206
            0.1          -0.084           -0.08     -0.77674771     0.088985894    -0.047031844     -0.57870905
            0.1           -0.08           -0.08      -0.7915294      0.11096121    -0.031536795     -0.58016598
            0.1          -0.076           -0.08     -0.78491348      0.13186385     -0.02408419      -0.5828444
            0.1          -0.072           -0.08     -0.75699758       0.1508092    -0.024972242     -0.58683005
            0.1          -0.068           -0.08     -0.71054526      0.16697171    -0.032772559     -0.59186838
            0.1          -0.064           -0.08     -0.65088552      0.17944671    -0.044046207     -0.59746443
            0.1           -0.06           -0.08       -0.584723       0.1870615    -0.054384234     -0.60303337
            0.1          -0.056           -0.08     -0.51835735      0.18873761    -0.060213851      -0.6079849
            0.1          -0.052           -0.08      -0.4563995       0.1841199    -0.059672196     -0.61199061
            0.1          -0.048           -0.08     -0.40165055      0.17375011    -0.052389901     -0.61511973
            0.1          -0.044           -0.08     -0.35533141      0.15889454    -0.039199808      -0.6175922
            0.1           -0.04           -0.08     -0.31721365      0.14136843    -0.021787862     -0.61968806
            0.1          -0.036           -0.08     -0.28559259      0.12316714   -0.0024227852     -0.62174869
            0.1          -0.032           -0.08     -0.25761469      0.10622733     0.016008439      -0.6240362
            0.1          -0.028           -0.08     -0.22863822     0.092039587     0.030376472      -0.6267485
            0.1          -0.024           -0.08     -0.19147587     0.080652397     0.038355825     -0.63013806
            0.1           -0.02           -0.08      -0.1382839       0.0699884     0.040219221     -0.63411462
            0.1          -0.016           -0.08    -0.061923786     0.056528111     0.040102227      -0.6376625
            0.1          -0.012           -0.08     0.049520874      0.03559928     0.044082099     -0.63890094
            0.1          -0.008           -0.08      0.20684736     0.010224893      0.05306534     -0.63573364
            0.1          -0.004           -0.08      0.37859576   -0.0080503835     0.058156653     -0.62798622
            0.1    6.353675e-38           -0.08      0.50610183    -0.015593376     0.055247204     -0.61780303
            0.1           0.004           -0.08      0.56826611     -0.01571099     0.050938148     -0.60743344
            0.1           0.008           -0.08      0.57772627    -0.010044678     0.049940625     -0.59841443
            0.1           0.012           -0.08      0.55071767   0.00014726622     0.051206478     -0.59141027
            0.1           0.016           -0.08      0.49937469     0.013449009     0.051013828     -0.58630515
            0.1            0.02           -0.08      0.43104874     0.028746976     0.047510286     -0.58296342
            0.1           0.024           -0.08      0.35032859     0.045061517     0.041981519      -0.5812851
            0.1           0.028           -0.08      0.26163446     0.061427212     0.037259798     -0.58088565
            0.1           0.032           -0.08      0.16886262     0.077378713     0.036056458      -0.5812668
            0.1           0.036           -0.08     0.072232691     0.093561137     0.039383877     -0.58208282
            0.1            0.04           -0.08    -0.027893661      0.10938158     0.045178961     -0.58335366
            0.1           0.044           -0.08     -0.12209103      0.12055087     0.049715296     -0.58498937
            0.1           0.048           -0.08     -0.20164498      0.12335018     0.051220459     -0.58655488
            0.1           0.052           -0.08     -0.26898085      0.11801131     0.050376518     -0.58770933
            0.1           0.056           -0.08     -0.33144242      0.10704301     0.048964715     -0.58832011
            0.1            0.06           -0.08     -0.39609936     0.093434291     0.049388226     -0.58835175
            0.1           0.064           -0.08     -0.46749637      0.07934466     0.053969982     -0.58784264
            0.1           0.068           -0.08     -0.54685991     0.065671409     0.063848539     -0.58691961
            0.1           0.072           -0.08     -0.63255073     0.052302528      0.07798843     -0.58570487
            0.1           0.076           -0.08     -0.72122476     0.038901035     0.093357139     -0.58430856
            0.1            0.08           -0.08     -0.80801363     0.025627005      0.10689133     -0.58302619
            0.1           0.084           -0.08     -0.88648175     0.013121474      0.11682104     -0.58216151
            0.1           0.088           -0.08     -0.94888258    0.0021655071      0.12240356     -0.58184125
            0.1           0.092           -0.08     -0.98353603   -0.0053379289      0.12336852     -0.58190126
            0.1           0.096           -0.08     -0.95592316   -0.0078259181      0.12017002     -0.58223259
            0.1             0.1           -0.08               0               0               0     -0.58249243
            0.1          -0.096          -0.076     -0.55066774     0.016248038      -0.1294628     -0.58053247
            0.1            -0.1          -0.076               0               0               0     -0.58081814
            0.1          -0.092          -0.076     -0.61573914      0.03393157     -0.10674813     -0.58024805
            0.1          -0.088          -0.076     -0.66028628     0.053361111    -0.080567304     -0.58018603
            0.1          -0.084          -0.076     -0.69040376      0.07402385    -0.058863919     -0.58037457
            0.1           -0.08          -0.076      -0.7040687     0.095979117    -0.044096745     -0.58147236
            0.1          -0.076          -0.076     -0.69942005       0.1181326     -0.03717752     -0.58384644
            0.1          -0.072          -0.076     -0.67554292      0.13944749    -0.038273766     -0.58751402
            0.1          -0.068          -0.076     -0.63353505      0.15877552    -0.045810637     -0.59225528
            0.1          -0.064          -0.076     -0.57774558       0.1744035    -0.055960519     -0.59775572
            0.1           -0.06          -0.076     -0.51506274      0.18423113     -0.06400404     -0.60358467
            0.1          -0.056          -0.076     -0.45239875      0.18667121    -0.066484546     -0.60902972
            0.1          -0.052          -0.076     -0.39452368      0.18131726    -0.061994105      -0.6135434
            0.1          -0.048          -0.076     -0.34396046      0.16894967    -0.050674066      -0.6170815
            0.1          -0.044          -0.076     -0.30153615      0.15126453    -0.033814235     -0.61978734
            0.1           -0.04          -0.076     -0.26644458      0.13052532    -0.013469107     -0.62196823
            0.1          -0.036          -0.076     -0.23669848      0.10918074    0.0076853195     -0.62398668
            0.1          -0.032          -0.076     -0.20941324      0.08964474     0.026557183     -0.62603327
            0.1          -0.028          -0.076     -0.17980095     0.073659907     0.040354909      -0.6282838
            0.1          -0.024          -0.076     -0.14091703     0.061215917     0.047476528      -0.6309827
            0.1           -0.02          -0.076    -0.085614351     0.050054221     0.049031752     -0.63402375
            0.1          -0.016          -0.076   -0.0063762091     0.035941749     0.049554005      -0.6364954
            0.1          -0.012          -0.076      0.10813717     0.015401454     0.054603876     -0.63640089
            0.1          -0.008          -0.076      0.25892912   -0.0056035474     0.063725742     -0.63199383
            0.1          -0.004          -0.076      0.41037698    -0.018019634     0.068209106      -0.6239199
            0.1  -1.9825424e-18          -0.076      0.51716463    -0.021612262     0.064671489     -0.61427861
            0.1           0.004          -0.076      0.56640872    -0.019247936       0.0587982     -0.60481812
            0.1           0.008          -0.076      0.56796582    -0.012053565     0.055215441     -0.59677918
            0.1           0.012          -0.076      0.53561463  -0.00083843916     0.054232578     -0.59064929
            0.1           0.016          -0.076      0.48059156     0.013092037     0.053123904     -0.58621944
            0.1            0.02          -0.076      0.40999078     0.028785917      0.04975499     -0.58336899
            0.1           0.024          -0.076       0.3293613     0.045475444      0.04466084     -0.58200962
            0.1           0.028          -0.076      0.24453872     0.062394286     0.040468884     -0.58176673
            0.1           0.032          -0.076      0.15973085     0.079229461     0.040163355     -0.58223783
            0.1           0.036          -0.076     0.075053773     0.096061367       0.0448967     -0.58316625
            0.1            0.04          -0.076    -0.010285755      0.11176775     0.052649893      -0.5845459
            0.1           0.044          -0.076    -0.091694421      0.12262615     0.059725638     -0.58629355
            0.1           0.048          -0.076     -0.16445449      0.12531561     0.064093378     -0.58803078
            0.1           0.052          -0.076     -0.23064774      0.11967004     0.066009722     -0.58935818
            0.1           0.056          -0.076      -0.2961413      0.10779344      0.06686717     -0.59004689
            0.1            0.06          -0.076     -0.36681413     0.092571815     0.068857851     -0.59008055
            0.1           0.064          -0.076     -0.44601266     0.076518753     0.074421966      -0.5895932
            0.1           0.068          -0.076     -0.53314795     0.061056712     0.084948254     -0.58878908
            0.1           0.072          -0.076     -0.62407896      0.04645951     0.099436108     -0.58781786
            0.1           0.076          -0.076     -0.71385118     0.032388901      0.11444187     -0.58670375
            0.1            0.08          -0.076     -0.79752495     0.018772347      0.12626465     -0.58570503
            0.1           0.084          -0.076     -0.86847941    0.0061569068      0.13264016     -0.58523876
            0.1           0.088          -0.076     -0.91761588   -0.0045654302      0.13247915     -0.58548105
            0.1           0.092          -0.076     -0.93264545     -0.01092291      0.12574206     -0.58610272
            0.1           0.096          -0.076     -0.88524806    -0.011244427      0.11312248     -0.58688925
            0.1             0.1          -0.076               0               0               0     -0.58736011
            0.1          -0.096          -0.072     -0.50097378     0.011620661     -0.13700503     -0.58233252
            0.1            -0.1          -0.072               0               0               0     -0.58249018
            0.1          -0.092          -0.072     -0.55109295     0.024843106     -0.11577605     -0.58214101
            0.1          -0.088          -0.072     -0.58433492     0.040480129    -0.090428097     -0.58197932
            0.1          -0.084          -0.072     -0.60639999     0.058631947    -0.069892083     -0.58198062
            0.1           -0.08          -0.072     -0.61518744      0.07925594    -0.056272953     -0.58281937
            0.1          -0.076          -0.072     -0.60840057      0.10138931    -0.050220944     -0.58486954
            0.1          -0.072          -0.072     -0.58393547      0.12411433     -0.05179257     -0.58816155
            0.1          -0.068          -0.072     -0.54197667      0.14578428    -0.059078699      -0.5926177
            0.1          -0.064          -0.072     -0.48713092      0.16356396    -0.067773004     -0.59810091
            0.1           -0.06          -0.072     -0.42699749       0.1743804    -0.072958745     -0.60422352
            0.1          -0.056          -0.072     -0.36864875      0.17645293    -0.071494199     -0.61014599
            0.1          -0.052          -0.072     -0.31616136      0.16964594    -0.062553117     -0.61517491
            0.1          -0.048          -0.072     -0.27109762      0.15507797    -0.046845366      -0.6191322
            0.1          -0.044          -0.072     -0.23347313      0.13487483    -0.026194734     -0.62210064
            0.1           -0.04          -0.072     -0.20167137      0.11164841   -0.0031820414      -0.6244232
            0.1          -0.036          -0.072     -0.17356826     0.088271222     0.019033325     -0.62638203
            0.1          -0.032          -0.072     -0.14629769     0.067499429     0.037361741     -0.62809713
            0.1          -0.028          -0.072     -0.11510894     0.051014369     0.049628468     -0.62977386
            0.1          -0.024          -0.072    -0.074007356      0.03855384     0.055168471     -0.63158993
            0.1           -0.02          -0.072    -0.016986367     0.027414048     0.056007987     -0.63342659
            0.1          -0.016          -0.072     0.062454856     0.013669947     0.056968753       -0.634432
            0.1          -0.012          -0.072      0.17084775   -0.0032601988     0.062492351     -0.63280582
            0.1          -0.008          -0.072      0.30300905     -0.01705698     0.071086949     -0.62753187
            0.1          -0.004          -0.072      0.43011955    -0.022788398     0.075339853      -0.6196768
            0.1  -1.9825424e-18          -0.072      0.51970792    -0.022318277     0.072142094     -0.61088461
            0.1           0.004          -0.072      0.56048738    -0.018000537     0.065586205     -0.60245389
            0.1           0.008          -0.072      0.55739652    -0.010283866     0.060014767     -0.59540672
            0.1           0.012          -0.072      0.52099826   0.00071723841     0.056970947     -0.59010298
            0.1           0.016          -0.072      0.46233797     0.014213127      0.05480714     -0.58634385
            0.1            0.02          -0.072      0.39048904     0.029386108     0.050964323     -0.58401207
            0.1           0.024          -0.072      0.31350035     0.045659933     0.045207113     -0.58295477
            0.1           0.028          -0.072      0.23762103     0.062666235     0.040087677     -0.58282865
            0.1           0.032          -0.072      0.16502854     0.080335772     0.039076631     -0.58341867
            0.1           0.036          -0.072      0.09425363     0.098163168     0.043913969     -0.58461801
            0.1            0.04          -0.072     0.023216403      0.11445987     0.053245248     -0.58635381
            0.1           0.044          -0.072    -0.047095498      0.12594788     0.063746766     -0.58844901
            0.1           0.048          -0.072     -0.11458382      0.12958366     0.072716742     -0.59052369
            0.1           0.052          -0.072      -0.1803582      0.12477509     0.079349319     -0.59217007
            0.1           0.056          -0.072      -0.2486037      0.11315049     0.084362297     -0.59308557
            0.1            0.06          -0.072     -0.32418948     0.097376474     0.089420297     -0.59318746
            0.1           0.064          -0.072     -0.40965965     0.080220267     0.096606396     -0.59270501
            0.1           0.068          -0.072     -0.50293696     0.063649843      0.10737614     -0.59198727
            0.1           0.072          -0.072     -0.59745184     0.048391082      0.12100664     -0.59125404
            0.1           0.076          -0.072     -0.68642456     0.034199161      0.13430157       -0.590465
            0.1            0.08          -0.072     -0.76485061     0.020659805      0.14343391     -0.58974151
            0.1           0.084          -0.072     -0.82616061    0.0079337344      0.14546709     -0.58952364
            0.1           0.088          -0.072     -0.86015209   -0.0032615319       0.1384832     -0.59004633
            0.1           0.092          -0.072     -0.85372428    -0.010352498      0.12258966      -0.5909298
            0.1           0.096          -0.072     -0.78299455    -0.011058354     0.099060223     -0.59183097
            0.1             0.1          -0.072               0               0               0     -0.59229912
            0.1          -0.096          -0.068     -0.46051447    0.0077780422     -0.14245684     -0.58360187
            0.1            -0.1          -0.068               0               0               0      -0.5836745
            0.1          -0.092          -0.068     -0.49586673     0.017172387     -0.12303078     -0.58350444
            0.1          -0.088          -0.068     -0.51643447     0.029376699    -0.098914323     -0.58335711
            0.1          -0.084          -0.068      -0.5281569     0.044875041    -0.079899028     -0.58330392
            0.1           -0.08          -0.068     -0.52885737     0.063694503    -0.067807472     -0.58395589
            0.1          -0.076          -0.068     -0.51571801     0.085234033    -0.063151808     -0.58570987
            0.1          -0.072          -0.068     -0.48613043      0.10860437    -0.065702961     -0.58870256
            0.1          -0.068          -0.068     -0.44076385       0.1313619    -0.072884322     -0.59303683
            0.1          -0.064          -0.068     -0.38532354      0.14949833    -0.079879687     -0.59868118
            0.1           -0.06          -0.068      -0.3278413      0.15944235    -0.081741713     -0.60507839
            0.1          -0.056          -0.068     -0.27427539      0.15969653    -0.075868803     -0.61129956
            0.1          -0.052          -0.068     -0.22710479      0.15053534    -0.062172249     -0.61673121
            0.1          -0.048          -0.068     -0.18681532       0.1334345    -0.041994788     -0.62108332
            0.1          -0.044          -0.068     -0.15235228      0.11087915    -0.017805958     -0.62434671
            0.1           -0.04          -0.068     -0.12142637     0.085876691    0.0071234237     -0.62679522
            0.1          -0.036          -0.068    -0.091818527     0.061704484     0.029294289     -0.62860957
            0.1          -0.032          -0.068    -0.060876874     0.041222789     0.045941573     -0.62991347
            0.1          -0.028          -0.068    -0.025054932     0.025820769     0.055784473     -0.63092389
            0.1          -0.024          -0.068     0.019096454     0.014870794      0.05937231     -0.63175366
            0.1           -0.02          -0.068     0.074816651    0.0055029867     0.059492944     -0.63222953
            0.1          -0.016          -0.068       0.1461478   -0.0051765838     0.060614348     -0.63157952
            0.1          -0.012          -0.068      0.23655245    -0.015943142     0.066044136     -0.62855023
            0.1          -0.008          -0.068      0.34200851    -0.021944389     0.074078443      -0.6228241
            0.1          -0.004          -0.068      0.44380991    -0.021332113     0.078803128     -0.61546668
            0.1  -1.9825424e-18          -0.068       0.5184915    -0.016913959     0.077195698     -0.60764981
            0.1           0.004          -0.068      0.55403323    -0.010963327     0.071551029     -0.60031951
            0.1           0.008          -0.068      0.54977716    -0.003480834     0.065197039     -0.59425136
            0.1           0.012          -0.068      0.51221223    0.0062477206     0.060374929     -0.58972721
            0.1           0.016          -0.068      0.45311196     0.018192748     0.056573135     -0.58663234
            0.1            0.02          -0.068      0.38507791     0.031753021     0.051076842     -0.58478554
            0.1           0.024          -0.068      0.31820421     0.046618397      0.04304054     -0.58392106
            0.1           0.028          -0.068      0.25728526     0.062910952     0.035060995     -0.58379683
            0.1           0.032          -0.068      0.20004397     0.080576536     0.031515935     -0.58448482
            0.1           0.036          -0.068      0.14159645     0.098560317     0.035195402     -0.58608154
            0.1            0.04          -0.068     0.079416112      0.11495489     0.045588131     -0.58845423
            0.1           0.044          -0.068     0.014125419       0.1269446     0.059854901     -0.59125027
            0.1           0.048          -0.068    -0.052534489       0.1317285     0.074530466     -0.59393794
            0.1           0.052          -0.068       -0.120445      0.12839471     0.087306918     -0.59606752
            0.1           0.056          -0.068     -0.19207994      0.11819886      0.09790089     -0.59738526
            0.1            0.06          -0.068     -0.27132366      0.10350718       0.1074113      -0.5977363
            0.1           0.064          -0.068     -0.36054895      0.08694934       0.1173126     -0.59727221
            0.1           0.068          -0.068     -0.45727604     0.070728249      0.12865168     -0.59650028
            0.1           0.072          -0.068     -0.55359437      0.05589754      0.14092764     -0.59584474
            0.1           0.076          -0.068     -0.64109706     0.042327377      0.15168725     -0.59529918
            0.1            0.08          -0.068     -0.71401189      0.02940699      0.15755422     -0.59481354
            0.1           0.084          -0.068     -0.76574936     0.016876645      0.15518028     -0.59468356
            0.1           0.088          -0.068     -0.78612008    0.0049967391      0.14173834     -0.59513443
            0.1           0.092          -0.068     -0.76155862   -0.0045981688      0.11663662     -0.59592713
            0.1           0.096          -0.068     -0.67144415   -0.0086190964     0.081363924     -0.59655214
            0.1             0.1          -0.068               0               0               0     -0.59675595
            0.1          -0.096          -0.064     -0.42650945    0.0050040705      -0.1460297     -0.58435156
            0.1            -0.1          -0.064               0               0               0     -0.58437521
            0.1          -0.092          -0.064     -0.44854094      0.01165412     -0.12881993     -0.58431167
            0.1          -0.088          -0.064     -0.45656533     0.021451529      -0.1063242     -0.58421807
            0.1          -0.084          -0.064     -0.45713995     0.034993229    -0.089156624     -0.58421309
            0.1           -0.08          -0.064     -0.44789656     0.052344446    -0.079014076     -0.58479087
            0.1          -0.076          -0.064     -0.42572059     0.073143706    -0.076254511      -0.5863655
            0.1          -0.072          -0.064     -0.38847494     0.096187285    -0.080121497     -0.58921314
            0.1          -0.068          -0.064       -0.338273      0.11805431    -0.087214802     -0.59357816
            0.1          -0.064          -0.064     -0.28188039      0.13402105    -0.092234568     -0.59936189
            0.1           -0.06          -0.064      -0.2266281      0.14090132    -0.090430412     -0.60580535
            0.1          -0.056          -0.064     -0.17636516      0.13779134    -0.079967297     -0.61212056
            0.1          -0.052          -0.064     -0.13194278      0.12522572    -0.061544139     -0.61785745
            0.1          -0.048          -0.064     -0.09280202      0.10503332    -0.037204709     -0.62254332
            0.1          -0.044          -0.064    -0.056460829     0.080019303    -0.010241877     -0.62602673
            0.1           -0.04          -0.064     -0.02010316     0.053723239     0.015334998     -0.62845411
            0.1          -0.036          -0.064      0.01834668       0.0299393     0.035871501     -0.62998185
            0.1          -0.032          -0.064     0.060509915     0.011606251     0.049165372     -0.63083654
            0.1          -0.028          -0.064          0.1069  -0.00020640297     0.055164794     -0.63122032
            0.1          -0.024          -0.064       0.1565557   -0.0066082147     0.055986169     -0.63117219
            0.1           -0.02          -0.064      0.20765139    -0.010547095     0.055339098     -0.63043946
            0.1          -0.016          -0.064      0.26113057    -0.014776708      0.05698381      -0.6283423
            0.1          -0.012          -0.064      0.32198503    -0.018347051     0.062849801     -0.62419188
            0.1          -0.008          -0.064      0.39262929    -0.017583618     0.071169092     -0.61817492
            0.1          -0.004          -0.064      0.46453474    -0.011801398      0.07738791      -0.6113163
            0.1  -1.9825429e-18          -0.064      0.52177236     -0.00402622      0.07873154     -0.60451098
            0.1           0.004          -0.064      0.55210327    0.0033163196     0.075895386     -0.59836999
            0.1           0.008          -0.064      0.55022599     0.010187939     0.070369913     -0.59334016
            0.1           0.012          -0.064      0.51799614      0.01806056     0.064028714     -0.58961421
            0.1           0.016          -0.064      0.46688285     0.027773698     0.057423597     -0.58714856
            0.1            0.02          -0.064      0.41295178     0.039041901     0.048380011     -0.58567477
            0.1           0.024          -0.064      0.36694858     0.051709657     0.036054417     -0.58485291
            0.1           0.028          -0.064      0.32842051     0.065955204     0.023591346     -0.58463007
            0.1           0.032          -0.064      0.28656008     0.081085882     0.016440985     -0.58545405
            0.1           0.036          -0.064      0.23223679     0.095927615     0.018142725     -0.58759784
            0.1            0.04          -0.064      0.16642988      0.10989068     0.028935084     -0.59082054
            0.1           0.044          -0.064     0.094775988      0.12120552     0.046711145     -0.59461119
            0.1           0.048          -0.064     0.021061129      0.12689071     0.067514583     -0.59819451
            0.1           0.052          -0.064    -0.053872501      0.12536922     0.087322763     -0.60091631
            0.1           0.056          -0.064     -0.13137123      0.11746937      0.10431523     -0.60261922
            0.1            0.06          -0.064     -0.21433541      0.10534373      0.11892626     -0.60330675
            0.1           0.064          -0.064      -0.3051481     0.091318715      0.13229087     -0.60302531
            0.1           0.068          -0.064      -0.4020829     0.077343465      0.14500998      -0.6021751
            0.1           0.072          -0.064      -0.4977351     0.064459277      0.15651455     -0.60137238
            0.1           0.076          -0.064     -0.58309434     0.052631563      0.16498339     -0.60081868
            0.1            0.08          -0.064     -0.65131106     0.041189905      0.16773307     -0.60036294
            0.1           0.084          -0.064     -0.69568787     0.029576255      0.16157283     -0.60011671
            0.1           0.088          -0.064     -0.70734269     0.017647393      0.14339551     -0.60021368
            0.1           0.092          -0.064     -0.67473246    0.0055460171      0.11152097     -0.60059247
            0.1           0.096          -0.064     -0.57936712   -0.0028929641     0.065438469     -0.60056066
            0.1             0.1          -0.064               0               0               0     -0.60027195
            0.1          -0.096           -0.06     -0.39513807    0.0034066445     -0.14782564     -0.58463777
            0.1            -0.1           -0.06               0               0               0     -0.58465534
            0.1          -0.092           -0.06     -0.40598041    0.0086987365      -0.1333739     -0.58458787
            0.1          -0.088           -0.06     -0.40287724     0.017406306      -0.1129768     -0.58452931
            0.1          -0.084           -0.06     -0.39302313     0.030008151    -0.097986345     -0.58462017
            0.1           -0.08           -0.06     -0.37389275     0.046459815    -0.090068125     -0.58520649
            0.1          -0.076           -0.06     -0.34244925     0.066332539    -0.089378235     -0.58669397
            0.1          -0.072           -0.06     -0.29761863     0.087681019    -0.094484082     -0.58950575
            0.1          -0.068           -0.06       -0.243001      0.10626716     -0.10114997     -0.59388893
            0.1          -0.064           -0.06     -0.18532043      0.11766972      -0.1037922     -0.59952512
            0.1           -0.06           -0.06     -0.12991809       0.1195901    -0.098258071     -0.60575106
            0.1          -0.056           -0.06    -0.078815576      0.11149767    -0.083472887     -0.61208647
            0.1          -0.052           -0.06    -0.031829652      0.09418811    -0.060754251     -0.61799178
            0.1          -0.048           -0.06     0.013018301     0.069989594    -0.032983888     -0.62281336
            0.1          -0.044           -0.06     0.059868734     0.042281994   -0.0044740424     -0.62631335
            0.1           -0.04           -0.06       0.1121453     0.015422891     0.019782291     -0.62854694
            0.1          -0.036           -0.06      0.17112414   -0.0061939234     0.036062445     -0.62968874
            0.1          -0.032           -0.06      0.23647647    -0.019780773      0.04328001     -0.63003491
            0.1          -0.028           -0.06      0.30479044    -0.024587559      0.04301947     -0.62976411
            0.1          -0.024           -0.06      0.36880314    -0.021946954     0.039106558     -0.62886785
            0.1           -0.02           -0.06      0.41807141    -0.015588911     0.036929652     -0.62726125
            0.1          -0.016           -0.06      0.44836229   -0.0099407175     0.040131848     -0.62437361
            0.1          -0.012           -0.06      0.46868869   -0.0056433608     0.048647075     -0.61968339
            0.1          -0.008           -0.06      0.49171382   0.00028486044     0.059654312     -0.61358342
            0.1          -0.004           -0.06      0.52107633    0.0090150917     0.069517163     -0.60713752
            0.1  -1.9825473e-18           -0.06       0.5500953     0.018498088     0.075855491      -0.6012159
            0.1           0.004           -0.06      0.56914684     0.026359593     0.078093594     -0.59623342
            0.1           0.008           -0.06      0.57182671     0.032549253     0.075349965     -0.59225809
            0.1           0.012           -0.06      0.55718308     0.039538539      0.06789795     -0.58923642
            0.1           0.016           -0.06      0.53307455     0.048573321     0.057106161     -0.58715479
            0.1            0.02           -0.06      0.51230241     0.058773852      0.04240239     -0.58577185
            0.1           0.024           -0.06      0.50006935      0.06945912     0.024407704     -0.58486085
            0.1           0.028           -0.06      0.48419561     0.079587765    0.0074415838     -0.58473435
            0.1           0.032           -0.06      0.44320785     0.086967818     -0.00305155     -0.58615658
            0.1           0.036           -0.06      0.37222414     0.091702152   -0.0044056821     -0.58926633
            0.1            0.04           -0.06      0.28474915     0.097401491    0.0044041233     -0.59353946
            0.1           0.044           -0.06      0.19321634      0.10532261     0.023867702      -0.5984758
            0.1           0.048           -0.06      0.10330173      0.11155254     0.050404084      -0.6031733
            0.1           0.052           -0.06     0.015982392      0.11233011     0.077667224     -0.60660885
            0.1           0.056           -0.06    -0.070444977      0.10752532      0.10169572     -0.60859276
            0.1            0.06           -0.06     -0.15840639       0.0989855       0.1217712     -0.60938445
            0.1           0.064           -0.06     -0.25015042      0.08885081       0.1388376     -0.60921253
            0.1           0.068           -0.06     -0.34503256     0.078686521      0.15350735      -0.6083597
            0.1           0.072           -0.06     -0.43756074     0.069251578      0.16518436     -0.60734516
            0.1           0.076           -0.06     -0.51959007     0.060422559      0.17234827     -0.60650247
            0.1            0.08           -0.06     -0.58378189     0.051504906      0.17288764     -0.60576134
            0.1           0.084           -0.06     -0.62362137     0.041791384      0.16416388     -0.60519017
            0.1           0.088           -0.06     -0.63235644     0.030854329      0.14348185     -0.60480858
            0.1           0.092           -0.06      -0.6027016     0.017854799      0.10876069     -0.60457625
            0.1           0.096           -0.06      -0.5200093     0.006213102      0.05699995     -0.60362673
            0.1             0.1           -0.06               0               0               0     -0.60273441
            0.1          -0.096          -0.056     -0.36157778    0.0028787397     -0.14751174     -0.58450583
            0.1            -0.1          -0.056               0               0               0     -0.58455732
            0.1          -0.092          -0.056     -0.36330261    0.0080251173     -0.13630754     -0.58437705
            0.1          -0.088          -0.056     -0.35158634     0.016816247     -0.11858681     -0.58430103
            0.1          -0.084          -0.056     -0.33341758     0.029335942     -0.10600985     -0.58445938
            0.1           -0.08          -0.056     -0.30613312     0.045255972      -0.1002638       -0.585062
            0.1          -0.076          -0.056     -0.26713781     0.063681537     -0.10125983     -0.58650813
            0.1          -0.072          -0.056     -0.21655845     0.081679566     -0.10694429     -0.58927335
            0.1          -0.068          -0.056     -0.15858875     0.094924799     -0.11252764     -0.59343349
            0.1          -0.064          -0.056    -0.098305313      0.10004474     -0.11262984      -0.5986137
            0.1           -0.06          -0.056    -0.038768701      0.09540061     -0.10375567     -0.60448776
            0.1          -0.056          -0.056     0.018759077      0.08070584    -0.085186947     -0.61070565
            0.1          -0.052          -0.056     0.075282289     0.057394969    -0.058883721     -0.61647181
            0.1          -0.048          -0.056      0.13530896     0.028538967    -0.028848803     -0.62107404
            0.1          -0.044          -0.056      0.20427614   -0.0012923525  -0.00099318835     -0.62428858
            0.1           -0.04          -0.056      0.28602571    -0.026997008     0.018806942     -0.62612276
            0.1          -0.036          -0.056      0.38183837    -0.044411969     0.027432827     -0.62679419
            0.1          -0.032          -0.056      0.48968178    -0.050945415     0.024722831     -0.62664302
            0.1          -0.028          -0.056      0.60238864    -0.045634453       0.0135821     -0.62581307
            0.1          -0.024          -0.056      0.70257229    -0.029170222   0.00053664474     -0.62406734
            0.1           -0.02          -0.056      0.76258433   -0.0068953391   -0.0054318601     -0.62184481
            0.1          -0.016          -0.056      0.76942068     0.012390021   4.9991813e-05     -0.61904345
            0.1          -0.012          -0.056       0.7391579       0.0252411     0.014693842     -0.61480397
            0.1          -0.008          -0.056      0.69872467     0.034864033     0.033341611     -0.60912354
            0.1          -0.004          -0.056      0.66777492     0.044224633      0.05102346     -0.60314284
            0.1  -1.9825712e-18          -0.056       0.6508419     0.053025897     0.065097912     -0.59802816
            0.1           0.004          -0.056      0.64511996     0.059356805     0.074254699     -0.59415248
            0.1           0.008          -0.056      0.65316801     0.064323365     0.074531276     -0.59120224
            0.1           0.012          -0.056      0.67545914      0.07277071     0.064767479     -0.58871546
            0.1           0.016          -0.056      0.70493976     0.085387297     0.048687737     -0.58673849
            0.1            0.02          -0.056      0.73526186     0.098302334      0.02828517      -0.5851536
            0.1           0.024          -0.056      0.75738312      0.10843491    0.0067868753     -0.58406569
            0.1           0.028          -0.056      0.74332973      0.11150535    -0.010273738     -0.58428036
            0.1           0.032          -0.056        0.668673      0.10398836    -0.020457985     -0.58658853
            0.1           0.036          -0.056      0.54942917     0.089881957    -0.025168001     -0.59080323
            0.1            0.04          -0.056      0.42122548      0.07983023    -0.022452205     -0.59611403
            0.1           0.044          -0.056      0.30214809     0.080033466   -0.0060235002      -0.6022269
            0.1           0.048          -0.056      0.19123373      0.08561372     0.023853012     -0.60824781
            0.1           0.052          -0.056     0.086870064     0.088998525     0.058169789     -0.61260582
            0.1           0.056          -0.056    -0.011458566     0.087829011     0.089434102     -0.61493272
            0.1            0.06          -0.056     -0.10611804     0.083484779      0.11527882     -0.61564179
            0.1           0.064          -0.056     -0.19934024     0.077908023      0.13620177     -0.61526333
            0.1           0.068          -0.056     -0.29162374     0.072392561      0.15307786     -0.61422895
            0.1           0.072          -0.056     -0.37965222     0.067368846      0.16561386     -0.61292911
            0.1           0.076          -0.056     -0.45717397     0.062458744      0.17256408     -0.61164971
            0.1            0.08          -0.056     -0.51753215     0.056905709      0.17221332      -0.6104607
            0.1           0.084          -0.056     -0.55497553     0.049910707      0.16253101      -0.6094713
            0.1           0.088          -0.056     -0.56491525     0.040843706      0.14155788     -0.60860285
            0.1           0.092          -0.056      -0.5437219     0.028419085      0.10747797     -0.60773748
            0.1           0.096          -0.056     -0.48173395      0.01521051     0.056894622     -0.60581785
            0.1             0.1          -0.056               0               0               0     -0.60431279
            0.1          -0.096          -0.052     -0.31975059    0.0030814681     -0.14393354     -0.58393946
            0.1            -0.1          -0.052               0               0               0     -0.58404028
            0.1          -0.092          -0.052      -0.3136079    0.0087959477     -0.13610282     -0.58369802
            0.1          -0.088          -0.052     -0.29652878     0.018369519     -0.12168806     -0.58354756
            0.1          -0.084          -0.052     -0.27337422     0.031300861     -0.11163352     -0.58368772
            0.1           -0.08          -0.052     -0.24098368     0.046751514     -0.10764142     -0.58425516
            0.1          -0.076          -0.052     -0.19745967     0.062964195     -0.10947453     -0.58564303
            0.1          -0.072          -0.052     -0.14391001     0.076225088     -0.11474627     -0.58822882
            0.1          -0.068          -0.052    -0.083645108     0.082880656     -0.11872142     -0.59192293
            0.1          -0.064          -0.052    -0.018890859     0.080606165     -0.11654691     -0.59649551
            0.1           -0.06          -0.052     0.048946781     0.068182617     -0.10494889     -0.60184079
            0.1          -0.056          -0.052      0.11868695     0.045921669    -0.083354437     -0.60754477
            0.1          -0.052          -0.052      0.19237331     0.016420014     -0.05480139     -0.61270344
            0.1          -0.048          -0.052      0.27654558    -0.015963675     -0.02492797     -0.61668047
            0.1          -0.044          -0.052      0.37924498    -0.046331178  -0.00070746112     -0.61927269
            0.1           -0.04          -0.052       0.5071035    -0.070279226     0.012099316     -0.62044046
            0.1          -0.036          -0.052      0.66222019     -0.08413126     0.010731505     -0.62035651
            0.1          -0.032          -0.052      0.83965975    -0.084363553   -0.0047361244     -0.61888791
            0.1          -0.028          -0.052       1.0228196    -0.067394657    -0.029388372     -0.61548199
            0.1          -0.024          -0.052       1.1811021    -0.031856212    -0.053814462     -0.61083718
            0.1           -0.02          -0.052       1.2661546     0.012309558    -0.065294287     -0.60754098
            0.1          -0.016          -0.052       1.2574696     0.049340892    -0.058027001     -0.60561156
            0.1          -0.012          -0.052       1.1829777     0.073635643    -0.036586405     -0.60353421
            0.1          -0.008          -0.052       1.0780199     0.087792186   -0.0077087898     -0.60080548
            0.1          -0.004          -0.052      0.97465487     0.095810399     0.021951357     -0.59707642
            0.1  -1.9826462e-18          -0.052      0.89469232      0.10067821     0.047653491     -0.59330664
            0.1           0.004          -0.052      0.85136288      0.10178515      0.06650937     -0.59058142
            0.1           0.008          -0.052      0.87744243      0.10344922     0.071671253     -0.58799032
            0.1           0.012          -0.052      0.97847162      0.11704924     0.060375585     -0.58501883
            0.1           0.016          -0.052       1.0987225      0.14081438     0.040034006     -0.58235922
            0.1            0.02          -0.052       1.1887246      0.16291576     0.017561456     -0.58001643
            0.1           0.024          -0.052       1.2148135      0.17420831   -0.0008072919     -0.57883312
            0.1           0.028          -0.052       1.1406991      0.16554914    -0.011175719     -0.58030168
            0.1           0.032          -0.052      0.96663355      0.13455843    -0.019022417     -0.58454358
            0.1           0.036          -0.052      0.75219553     0.092814962    -0.031290859     -0.59048944
            0.1            0.04          -0.052      0.56436028     0.060973456     -0.04250251     -0.59705014
            0.1           0.044          -0.052      0.41739032     0.050528056    -0.036704177     -0.60457984
            0.1           0.048          -0.052      0.28675884     0.053736835   -0.0083687091     -0.61233694
            0.1           0.052          -0.052      0.16158137     0.058614598     0.030828812     -0.61792701
            0.1           0.056          -0.052     0.046643334     0.060695781     0.068695709      -0.6208053
            0.1            0.06          -0.052    -0.057649923     0.060307072      0.10015928     -0.62152736
            0.1           0.064          -0.052     -0.15404759     0.059167719      0.12492811     -0.62084171
            0.1           0.068          -0.052     -0.24444104     0.058383103      0.14411392     -0.61939985
            0.1           0.072          -0.052     -0.32785375      0.05799747      0.15797262     -0.61766345
            0.1           0.076          -0.052     -0.40037063     0.057364714      0.16564238     -0.61591278
            0.1            0.08          -0.052     -0.45694124     0.055587661      0.16572319     -0.61428097
            0.1           0.084          -0.052     -0.49309525      0.05173541      0.15670717     -0.61287867
            0.1           0.088          -0.052     -0.50597227     0.045051408      0.13738325     -0.61156148
            0.1           0.092          -0.052     -0.49407525     0.034098179      0.10658172     -0.61013128
            0.1           0.096          -0.052     -0.45031665     0.020758858      0.06194772     -0.60745144
            0.1             0.1          -0.052               0               0               0     -0.60551038
            0.1          -0.096          -0.048     -0.26251431    0.0036195726     -0.13505186     -0.58287735
            0.1            -0.1          -0.048               0               0               0      -0.5830229
            0.1          -0.092          -0.048     -0.24835172     0.010112195     -0.13012067     -0.58253033
            0.1          -0.088          -0.048     -0.22928885     0.020539994     -0.11949023     -0.58226608
            0.1          -0.084          -0.048     -0.20526203     0.033993272     -0.11201811     -0.58229953
            0.1           -0.08          -0.048     -0.17197303     0.048829944     -0.10929033     -0.58278988
            0.1          -0.076          -0.048     -0.12826554     0.062142372     -0.11110056      -0.5840943
            0.1          -0.072          -0.048    -0.075499529     0.069951721     -0.11519229     -0.58640391
            0.1          -0.068          -0.048    -0.014614551     0.069618347     -0.11747815     -0.58952535
            0.1          -0.064          -0.048     0.055608846       0.0597521     -0.11360196     -0.59333243
            0.1           -0.06          -0.048       0.1353265      0.03964192     -0.10023157     -0.59781039
            0.1          -0.056          -0.048       0.2224089     0.010758672    -0.077264684     -0.60249504
            0.1          -0.052          -0.048      0.31760927    -0.022403626    -0.049087654      -0.6063993
            0.1          -0.048          -0.048      0.42904331    -0.055165221    -0.021505854     -0.60900737
            0.1          -0.044          -0.048      0.57138627    -0.084831431  -0.00055531367     -0.61006734
            0.1           -0.04          -0.048      0.75917968     -0.10859633    0.0079445293     -0.60931385
            0.1          -0.036          -0.048      0.99667927     -0.12203274  -7.0814021e-05     -0.60663682
            0.1          -0.032          -0.048       1.2655457     -0.11667686    -0.025777641     -0.60109912
            0.1          -0.028          -0.048       1.5114043    -0.084440513    -0.064067364     -0.59353972
            0.1          -0.024          -0.048       1.7058277    -0.028044089     -0.10135065     -0.58600835
            0.1           -0.02          -0.048        1.817437     0.035433952     -0.11775037     -0.58094444
            0.1          -0.016          -0.048       1.8193416     0.089384513     -0.10767071      -0.5790659
            0.1          -0.012          -0.048       1.7395729      0.12864149    -0.080532271     -0.57931035
            0.1          -0.008          -0.048       1.6054768      0.15272393    -0.043125763     -0.58097864
            0.1          -0.004          -0.048       1.4469531      0.16329513   -0.0013053512     -0.58231754
            0.1  -1.9827597e-18          -0.048       1.3007589        0.165375     0.037938933     -0.58258213
            0.1           0.004          -0.048       1.2041664      0.16127659     0.068732578     -0.58251476
            0.1           0.008          -0.048       1.2287836      0.15894364     0.083235129      -0.5810795
            0.1           0.012          -0.048        1.400789      0.17565288     0.075690497     -0.57796306
            0.1           0.016          -0.048       1.6162289      0.20713245     0.054050362     -0.57483595
            0.1            0.02          -0.048       1.7591676      0.23304453     0.032519368     -0.57225845
            0.1           0.024          -0.048       1.7546481      0.23847878     0.021776212     -0.57196143
            0.1           0.028          -0.048       1.5718512      0.21309586     0.020780603     -0.57571865
            0.1           0.032          -0.048       1.2647595      0.15777913     0.012132719     -0.58222543
            0.1           0.036          -0.048      0.94479218     0.089802124    -0.016512401     -0.58952845
            0.1            0.04          -0.048      0.70629209     0.038628538    -0.052070703     -0.59654971
            0.1           0.044          -0.048      0.54603869     0.020816351    -0.064211491     -0.60509901
            0.1           0.048          -0.048      0.39932345     0.022762346    -0.041430473     -0.61486832
            0.1           0.052          -0.048      0.24764037     0.027196406  -0.00021301435     -0.62189806
            0.1           0.056          -0.048      0.10866291     0.030455356     0.042442196     -0.62548802
            0.1            0.06          -0.048    -0.010824326     0.032662367      0.07870033     -0.62641362
            0.1           0.064          -0.048     -0.11373478     0.034902109      0.10691074     -0.62553047
            0.1           0.068          -0.048     -0.20408823     0.038095777      0.12824695     -0.62370111
            0.1           0.072          -0.048     -0.28379757     0.041908371      0.14362792     -0.62154624
            0.1           0.076          -0.048     -0.35162704     0.045339922      0.15265871       -0.619399
            0.1            0.08          -0.048     -0.40462061     0.047253414      0.15423564     -0.61739662
            0.1           0.084          -0.048     -0.43987672     0.046578002       0.1472406     -0.61562888
            0.1           0.088          -0.048     -0.45582644     0.042508209      0.13104648     -0.61392903
            0.1           0.092          -0.048     -0.45193904     0.033697321      0.10516967     -0.61207066
            0.1           0.096          -0.048     -0.42205337     0.021549123     0.068884747     -0.60906816
            0.1             0.1          -0.048               0               0               0     -0.60703675
            0.1          -0.096          -0.044     -0.18267764    0.0044661185     -0.11845261     -0.58129337
            0.1            -0.1          -0.044               0               0               0     -0.58146402
            0.1          -0.092          -0.044     -0.15922268     0.011633022     -0.11536078     -0.58087215
            0.1          -0.088          -0.044     -0.14062853     0.022399881     -0.10858286     -0.58049155
            0.1          -0.084          -0.044     -0.11975806      0.03601107     -0.10385459     -0.58042897
            0.1           -0.08          -0.044    -0.091182445     0.049795408     -0.10229394     -0.58090687
            0.1          -0.076          -0.044    -0.053612462     0.059789434     -0.10384524     -0.58217504
            0.1          -0.072          -0.044   -0.0070422653     0.062340386      -0.1067643     -0.58422072
            0.1          -0.068          -0.044     0.051058031     0.055982015     -0.10785879     -0.58673347
            0.1          -0.064          -0.044      0.12616001     0.040121714     -0.10335933      -0.5896167
            0.1           -0.06          -0.044      0.22064503     0.014804499    -0.090347468      -0.5929627
            0.1          -0.056          -0.044      0.32834027    -0.016360155    -0.069728256     -0.59631453
            0.1          -0.052          -0.044      0.44443199     -0.04661552    -0.045913709     -0.59841604
            0.1          -0.048          -0.044      0.57414821    -0.072483172    -0.021186161     -0.59892341
            0.1          -0.044          -0.044      0.73353286    -0.094701645   0.00072243354     -0.59770227
            0.1           -0.04          -0.044       0.9442154     -0.11135922     0.012284112     -0.59450988
            0.1          -0.036          -0.044       1.2099337     -0.11544832    0.0053062496     -0.58964815
            0.1          -0.032          -0.044       1.4876217     -0.09409363    -0.027691253     -0.58282464
            0.1          -0.028          -0.044       1.7056296    -0.046998469    -0.082743281      -0.5753146
            0.1          -0.024          -0.044       1.8913915     0.011185795     -0.13334518     -0.56601861
            0.1           -0.02          -0.044       2.0538615     0.072385962     -0.15328587     -0.55712176
            0.1          -0.016          -0.044       2.1361527      0.13192303     -0.14281508     -0.55297198
            0.1          -0.012          -0.044       2.1336124      0.18257009     -0.11283477     -0.55289085
            0.1          -0.008          -0.044       2.0517406      0.21895299    -0.069854978     -0.55596885
            0.1          -0.004          -0.044       1.9090619      0.23869557    -0.019045069     -0.56120355
            0.1  -1.9828067e-18          -0.044       1.7418614       0.2449017     0.031999069     -0.56624116
            0.1           0.004          -0.044       1.6010495      0.24180466     0.074409009     -0.56975224
            0.1           0.008          -0.044       1.5750784      0.23772538     0.099309219      -0.5709193
            0.1           0.012          -0.044       1.7199903      0.24884211     0.099435453     -0.56944629
            0.1           0.016          -0.044       1.9480556      0.27173831     0.081591801     -0.56716402
            0.1            0.02          -0.044       2.1099268      0.28558004     0.064310421     -0.56544799
            0.1           0.024          -0.044       2.0862311      0.27515714     0.061093475     -0.56689066
            0.1           0.028          -0.044       1.8397069      0.23384086     0.066856885     -0.57303936
            0.1           0.032          -0.044       1.4600004       0.1636136     0.055241647     -0.58092877
            0.1           0.036          -0.044       1.0920537     0.079014246     0.008262219     -0.58847635
            0.1            0.04          -0.044      0.85099864     0.015148004    -0.055244364     -0.59471227
            0.1           0.044          -0.044      0.70746242   -0.0042699481    -0.088515732     -0.60352976
            0.1           0.048          -0.044      0.54496334  -0.00051610437    -0.072094792     -0.61561554
            0.1           0.052          -0.044      0.35441534    0.0018726148    -0.030135809     -0.62434476
            0.1           0.056          -0.044       0.1811507    0.0027997088     0.014883441     -0.62877251
            0.1            0.06          -0.044     0.038677665    0.0049562105     0.054276767     -0.63012309
            0.1           0.064          -0.044    -0.075714858    0.0086445162     0.085027077     -0.62925275
            0.1           0.068          -0.044     -0.16927203      0.01428967      0.10805088     -0.62717978
            0.1           0.072          -0.044     -0.24724523     0.021192674      0.12483455     -0.62471454
            0.1           0.076          -0.044     -0.31148915     0.027901959      0.13549327     -0.62229992
            0.1            0.08          -0.044     -0.36148954      0.03295204       0.1392189      -0.6200691
            0.1           0.084          -0.044     -0.39604098     0.035128809       0.1351298     -0.61805072
            0.1           0.088          -0.044     -0.41459709     0.033664154      0.12291232     -0.61608125
            0.1           0.092          -0.044     -0.41703168     0.027535115      0.10256178     -0.61399367
            0.1           0.096          -0.044     -0.39742256     0.017766289     0.074929922     -0.61116641
            0.1             0.1          -0.044               0               0               0     -0.60940774
            0.1          -0.096           -0.04     -0.07498894    0.0061687907    -0.092663828     -0.57934541
            0.1            -0.1           -0.04               0               0               0     -0.57949532
            0.1          -0.092           -0.04    -0.041956791     0.013962133    -0.090478972      -0.5789374
            0.1          -0.088           -0.04     -0.02508448     0.024023305    -0.087201316     -0.57855127
            0.1          -0.084           -0.04    -0.011112675      0.03659122    -0.085527734     -0.57855331
            0.1           -0.08           -0.04    0.0057797824     0.048419259    -0.085887509     -0.57916758
            0.1          -0.076           -0.04     0.029165244     0.055279881    -0.088034205     -0.58048279
            0.1          -0.072           -0.04     0.062945707     0.054216346    -0.090597025     -0.58231204
            0.1          -0.068           -0.04      0.11369583     0.044558998    -0.091430573     -0.58425824
            0.1          -0.064           -0.04      0.19182617     0.026084829    -0.088041869     -0.58629117
            0.1           -0.06           -0.04      0.30271993   0.00026526132    -0.079458584     -0.58861051
            0.1          -0.056           -0.04      0.43686831    -0.026844136    -0.067938181      -0.5908436
            0.1          -0.052           -0.04      0.58347493    -0.045643671    -0.056462845     -0.59144438
            0.1          -0.048           -0.04      0.73079298     -0.05236226    -0.040978339      -0.5907564
            0.1          -0.044           -0.04      0.87679708    -0.052205659    -0.021842376     -0.58924726
            0.1           -0.04           -0.04        1.045442    -0.044624826    -0.010847389     -0.58647522
            0.1          -0.036           -0.04       1.2424096    -0.020999034    -0.021899158     -0.58252808
            0.1          -0.032           -0.04       1.4270583     0.022051445    -0.061689586     -0.57755957
            0.1          -0.028           -0.04       1.5680687     0.069579992     -0.11801198     -0.57177665
            0.1          -0.024           -0.04       1.7157972      0.10812213     -0.16171602     -0.56133127
            0.1           -0.02           -0.04       1.8938202      0.14712478      -0.1759912     -0.54792241
            0.1          -0.016           -0.04       2.0591026      0.19515761     -0.16587194     -0.53816497
            0.1          -0.012           -0.04       2.1765127      0.24577512      -0.1373011     -0.53407512
            0.1          -0.008           -0.04       2.2157317      0.28902933     -0.09380476     -0.53548618
            0.1          -0.004           -0.04       2.1683211      0.31769252    -0.039449679     -0.54130003
            0.1  -1.9828136e-18           -0.04       2.0536933      0.33093389     0.018789758     -0.54873623
            0.1           0.004           -0.04       1.9176168      0.33194423     0.070665569     -0.55502682
            0.1           0.008           -0.04       1.8422247      0.32630751      0.10578869      -0.5586071
            0.1           0.012           -0.04       1.9021344      0.32572529       0.1174579     -0.55906976
            0.1           0.016           -0.04       2.0677142       0.3308892      0.11152862     -0.55786305
            0.1            0.02           -0.04       2.2150195      0.32734722      0.10474831     -0.55712963
            0.1           0.024           -0.04       2.2007885      0.30203602      0.10846772     -0.56034302
            0.1           0.028           -0.04        1.960221      0.25059367      0.11632486     -0.56896071
            0.1           0.032           -0.04       1.5796267      0.17375302      0.10125882     -0.57818106
            0.1           0.036           -0.04        1.220853     0.077953213     0.040306712      -0.5861619
            0.1            0.04           -0.04        1.024423     0.002134414    -0.050228138     -0.59138019
            0.1           0.044           -0.04      0.92430275    -0.017462708     -0.10713996     -0.59976561
            0.1           0.048           -0.04       0.7386115    -0.010314643    -0.097213107     -0.61447499
            0.1           0.052           -0.04      0.48882989    -0.011615077    -0.054429421     -0.62537726
            0.1           0.056           -0.04      0.26876936    -0.016709004   -0.0092599074     -0.63078033
            0.1            0.06           -0.04     0.095257382    -0.018120945     0.030727399      -0.6327589
            0.1           0.064           -0.04    -0.036549389    -0.015551224     0.062580889     -0.63217658
            0.1           0.068           -0.04     -0.13728613   -0.0095253957     0.086526386     -0.63012579
            0.1           0.072           -0.04     -0.21613132   -0.0012232117       0.1042925     -0.62752613
            0.1           0.076           -0.04     -0.27859732    0.0074733318      0.11652839     -0.62496013
            0.1            0.08           -0.04     -0.32675712     0.014737597      0.12263164      -0.6226217
            0.1           0.084           -0.04     -0.36102659      0.01916418      0.12176603     -0.62049323
            0.1           0.088           -0.04      -0.3817978      0.02006099      0.11365378     -0.61841038
            0.1           0.092           -0.04     -0.38920387     0.016923838     0.098402924     -0.61630891
            0.1           0.096           -0.04      -0.3771447     0.010590877     0.078102259     -0.61404321
            0.1             0.1           -0.04               0               0               0      -0.6128123
            0.1          -0.096          -0.036     0.055728632    0.0092466126    -0.061736231       -0.577575
            0.1            -0.1          -0.036               0               0               0     -0.57760671
            0.1          -0.092          -0.036     0.089726675     0.017660351    -0.061309012     -0.57739259
            0.1          -0.088          -0.036      0.10227976     0.026005735    -0.060924232     -0.57722653
            0.1          -0.084          -0.036      0.10736663      0.03610055    -0.062072378     -0.57743816
            0.1           -0.08          -0.036      0.10978295     0.045355657    -0.064585933     -0.57819779
            0.1          -0.076          -0.036      0.11566263     0.050151116    -0.067793182     -0.57951442
            0.1          -0.072          -0.036      0.13334319     0.048005669    -0.070509558     -0.58113675
            0.1          -0.068          -0.036      0.17299333      0.03834427    -0.071733842     -0.58266587
            0.1          -0.064          -0.036      0.24988863     0.020881209    -0.071148142     -0.58411117
            0.1           -0.06          -0.036      0.37662524   -0.0016978263    -0.071211243     -0.58557007
            0.1          -0.056          -0.036      0.54867354    -0.022385203    -0.075894665     -0.58685047
            0.1          -0.052          -0.036      0.75781947    -0.027568512     -0.08738234     -0.58607286
            0.1          -0.048          -0.036      0.96257016    -0.010273963    -0.092941388     -0.58460148
            0.1          -0.044          -0.036        1.117639     0.017463832    -0.087384069     -0.58364315
            0.1           -0.04          -0.036        1.246561     0.051170763    -0.087964009       -0.581722
            0.1          -0.036          -0.036       1.3756372     0.096516949     -0.10878555     -0.57868895
            0.1          -0.032          -0.036       1.4939262      0.14708799     -0.14795178      -0.5742627
            0.1          -0.028          -0.036       1.5964241      0.18930778     -0.18846514     -0.56847045
            0.1          -0.024          -0.036       1.6945325      0.21993945      -0.2122864     -0.55903376
            0.1           -0.02          -0.036       1.8002558      0.24809705     -0.21191594     -0.54608715
            0.1          -0.016          -0.036       1.9201509       0.2823594     -0.19098652     -0.53397087
            0.1          -0.012          -0.036       2.0477972      0.32358676     -0.15513101     -0.52617023
            0.1          -0.008          -0.036         2.15698      0.36598699     -0.10841085     -0.52425431
            0.1          -0.004          -0.036       2.2111012       0.3997887    -0.053488043     -0.52819292
            0.1  -1.9828134e-18          -0.036       2.1882748      0.41826773    0.0063479984     -0.53577952
            0.1           0.004          -0.036       2.1035372      0.42087472     0.063607322     -0.54333119
            0.1           0.008          -0.036       2.0196518      0.41042786      0.10852444     -0.54808176
            0.1           0.012          -0.036       2.0182195      0.39577486      0.13492595     -0.54937776
            0.1           0.016          -0.036       2.1191922      0.38299461      0.14609948      -0.5484511
            0.1            0.02          -0.036       2.2409754      0.36547067      0.15332038     -0.54827847
            0.1           0.024          -0.036        2.242363      0.33177633      0.16356207     -0.55290303
            0.1           0.028          -0.036       2.0344438      0.27654978      0.17081058     -0.56370522
            0.1           0.032          -0.036       1.6830509      0.19931025      0.15332368     -0.57451203
            0.1           0.036          -0.036        1.356463     0.099966838      0.08674261     -0.58292786
            0.1            0.04          -0.036       1.2318823     0.013039026    -0.027544914     -0.58701272
            0.1           0.044          -0.036       1.2005016    -0.011102271     -0.11332261     -0.59441367
            0.1           0.048          -0.036      0.98440449   -0.0026888267     -0.11242184      -0.6115858
            0.1           0.052          -0.036      0.65192273    -0.010329624    -0.069196496     -0.62535541
            0.1           0.056          -0.036      0.37237405    -0.024852285    -0.025934801     -0.63186275
            0.1            0.06          -0.036      0.16076031    -0.033077744     0.011833605     -0.63458374
            0.1           0.064          -0.036    0.0064580983    -0.034151649     0.042839668     -0.63451911
            0.1           0.068          -0.036      -0.1051855    -0.029734935     0.066624641     -0.63275962
            0.1           0.072          -0.036     -0.18762826    -0.021824292     0.084737059     -0.63027549
            0.1           0.076          -0.036     -0.25024708    -0.012721936     0.098209463     -0.62774883
            0.1            0.08          -0.036     -0.29788457   -0.0045026701      0.10651678     -0.62543509
            0.1           0.084          -0.036     -0.33260281    0.0013224023      0.10869727     -0.62333087
            0.1           0.088          -0.036     -0.35561084    0.0041039926      0.10423392     -0.62130223
            0.1           0.092          -0.036     -0.36724656    0.0039403119     0.092881708     -0.61936644
            0.1           0.096          -0.036     -0.36086345    0.0011183066     0.077218283     -0.61787969
            0.1             0.1          -0.036               0               0               0      -0.6173078
            0.1          -0.096          -0.032      0.18445511     0.012407356    -0.035505842     -0.57676038
            0.1            -0.1          -0.032               0               0               0     -0.57666167
            0.1          -0.092          -0.032      0.21282019      0.02192532    -0.036741348     -0.57684953
            0.1          -0.088          -0.032      0.22012065     0.029218108    -0.037870201     -0.57693941
            0.1          -0.084          -0.032      0.21836795     0.036919575    -0.040507251     -0.57731399
            0.1           -0.08          -0.032      0.21018266     0.043905177    -0.043956852     -0.57809767
            0.1          -0.076          -0.032      0.20199583     0.047707333     -0.04742759     -0.57931401
            0.1          -0.072          -0.032      0.20460904     0.046251041     -0.05011342       -0.580761
            0.1          -0.068          -0.032      0.23054742     0.038889002    -0.051933347     -0.58209051
            0.1          -0.064          -0.032      0.29874202     0.024855499     -0.05466971     -0.58326471
            0.1           -0.06          -0.032      0.43370293    0.0065537147    -0.064265837     -0.58399394
            0.1          -0.056          -0.032      0.64667153    -0.010824809    -0.087059205     -0.58432237
            0.1          -0.052          -0.032      0.95050712    -0.009930566     -0.12619673     -0.58173098
            0.1          -0.048          -0.032       1.2661201     0.021232628     -0.15852805     -0.57848608
            0.1          -0.044          -0.032       1.4765975     0.064790119     -0.16956355     -0.57687139
            0.1           -0.04          -0.032       1.6027612      0.11041992     -0.18049975     -0.57431506
            0.1          -0.036          -0.032       1.7039616      0.16043341     -0.20436904     -0.57073396
            0.1          -0.032          -0.032       1.7933138      0.20995219      -0.2368756     -0.56594871
            0.1          -0.028          -0.032        1.868033      0.25439633     -0.26571157     -0.55998081
            0.1          -0.024          -0.032       1.9238527      0.29347977     -0.27914746     -0.55206584
            0.1           -0.02          -0.032       1.9580907      0.33000805     -0.27017204      -0.5427246
            0.1          -0.016          -0.032       1.9803363      0.36657026     -0.23854466     -0.53390197
            0.1          -0.012          -0.032       2.0142519      0.40521615     -0.18836951     -0.52738856
            0.1          -0.008          -0.032       2.0754055        0.445433      -0.1263955      -0.5248362
            0.1          -0.004          -0.032       2.1474713      0.48058158    -0.060083768      -0.5271544
            0.1   -1.982808e-18          -0.032       2.1884431      0.50167752    0.0055488551     -0.53319719
            0.1           0.004          -0.032       2.1690327      0.50349079     0.066871467     -0.53960599
            0.1           0.008          -0.032       2.1131402      0.48586094      0.11905618     -0.54335796
            0.1           0.012          -0.032       2.0914864       0.4569352      0.15822516     -0.54363132
            0.1           0.016          -0.032       2.1510733      0.42787404      0.18516838     -0.54169554
            0.1            0.02          -0.032       2.2483275      0.39905084      0.20501213      -0.5411229
            0.1           0.024          -0.032         2.26119      0.36095809      0.22016975     -0.54609142
            0.1           0.028          -0.032       2.0908404      0.30669123      0.22514938     -0.55774045
            0.1           0.032          -0.032       1.7778404      0.23458184      0.20529982     -0.56979749
            0.1           0.036          -0.032       1.4820907      0.14261022        0.140361     -0.57854173
            0.1            0.04          -0.032       1.4275761     0.055122504     0.016558052     -0.58194588
            0.1           0.044          -0.032       1.4912136      0.02277443    -0.093851253     -0.58754813
            0.1           0.048          -0.032       1.2635899     0.023622187     -0.10950851     -0.60625587
            0.1           0.052          -0.032      0.83824992    0.0056116633    -0.071197439     -0.62433704
            0.1           0.056          -0.032      0.48927256    -0.021412097    -0.032849489     -0.63247392
            0.1            0.06          -0.032       0.2343896    -0.038843886  -0.00014860008     -0.63592968
            0.1           0.064          -0.032      0.05530777    -0.045084868     0.027897233     -0.63652006
            0.1           0.068          -0.032    -0.069499738     -0.04345164     0.050460352      -0.6352409
            0.1           0.072          -0.032     -0.15778269    -0.037133157     0.068390973     -0.63313427
            0.1           0.076          -0.032     -0.22234192    -0.028940466      0.08264473     -0.63090187
            0.1            0.08          -0.032     -0.27074341    -0.021010699     0.092660866     -0.62883205
            0.1           0.084          -0.032     -0.30669336    -0.014730394     0.097283662     -0.62695068
            0.1           0.088          -0.032     -0.33206332    -0.010658532     0.095571032      -0.6252109
            0.1           0.092          -0.032     -0.34728987   -0.0081289457      0.08651889     -0.62367507
            0.1           0.096          -0.032     -0.34486452   -0.0074084708     0.071904033     -0.62302407
            0.1             0.1          -0.032               0               0               0     -0.62306546
            0.1          -0.096          -0.028      0.29579605     0.015843224    -0.017714121     -0.57744303
            0.1            -0.1          -0.028               0               0               0     -0.57736997
            0.1          -0.092          -0.028      0.32114335     0.026549203     -0.01840805     -0.57756911
            0.1          -0.088          -0.028      0.32534445     0.034405213    -0.019105921     -0.57774797
            0.1          -0.084          -0.028      0.31993973     0.040856573    -0.021679673     -0.57812773
            0.1           -0.08          -0.028      0.30623562     0.046223053    -0.024906031     -0.57881198
            0.1          -0.076          -0.028      0.28913929     0.049476298    -0.028057613     -0.57984908
            0.1          -0.072          -0.028      0.27926116     0.049283778    -0.030802999     -0.58113355
            0.1          -0.068          -0.028      0.29037141     0.045127752    -0.033568576     -0.58239266
            0.1          -0.064          -0.028      0.34260638      0.03562545     -0.03923159     -0.58355178
            0.1           -0.06          -0.028      0.46991332     0.021826095    -0.055752451      -0.5839034
            0.1          -0.056          -0.028      0.70500738    0.0047934079    -0.091839573     -0.58358362
            0.1          -0.052          -0.028        1.099086    0.0021602069     -0.15295379     -0.57929874
            0.1          -0.048          -0.028       1.5465324     0.031210658     -0.20895741     -0.57368866
            0.1          -0.044          -0.028        1.837017     0.075085132     -0.23510942     -0.57035686
            0.1           -0.04          -0.028       1.9719038      0.12263783      -0.2530352     -0.56620923
            0.1          -0.036          -0.028       2.0480835      0.17475296     -0.27801862     -0.56080666
            0.1          -0.032          -0.028       2.1016993      0.22726351     -0.30655405     -0.55469858
            0.1          -0.028          -0.028       2.1388244      0.27822842     -0.32953921     -0.54890609
            0.1          -0.024          -0.028       2.1570092      0.32755763     -0.33898021      -0.5433127
            0.1           -0.02          -0.028       2.1512015      0.37654445     -0.32924492     -0.53817071
            0.1          -0.016          -0.028       2.1215717       0.4256252     -0.29719775     -0.53438165
            0.1          -0.012          -0.028       2.0829605      0.47367563     -0.24103149      -0.5331556
            0.1          -0.008          -0.028       2.0632365      0.51801888     -0.16347776     -0.53497261
            0.1          -0.004          -0.028       2.0814019      0.55391768    -0.075343982       -0.539179
            0.1  -1.9827796e-18          -0.028       2.1216723      0.57488213    0.0097326573     -0.54425691
            0.1           0.004          -0.028       2.1425203      0.57467133     0.083988002     -0.54788634
            0.1           0.008          -0.028       2.1281488      0.55038384      0.14554019     -0.54816097
            0.1           0.012          -0.028       2.1187222      0.50904121      0.19471057     -0.54496584
            0.1           0.016          -0.028        2.163947      0.46545217        0.232678     -0.54015163
            0.1            0.02          -0.028        2.245891      0.42595887      0.26064672     -0.53767452
            0.1           0.024          -0.028       2.2670973      0.38364669      0.27727268     -0.54142573
            0.1           0.028          -0.028       2.1316139      0.33105951      0.27720638      -0.5520637
            0.1           0.032          -0.028       1.8581064      0.26594501      0.25152696     -0.56393867
            0.1           0.036          -0.028       1.5898199      0.18699654      0.18510061     -0.57296561
            0.1            0.04          -0.028       1.5723621      0.11555607     0.066060888     -0.57656236
            0.1           0.044          -0.028       1.7156078      0.08067869    -0.047245132     -0.58053164
            0.1           0.048          -0.028        1.518575     0.063585849    -0.079654735     -0.59926078
            0.1           0.052          -0.028       1.0302863     0.031352511    -0.056799035     -0.62171416
            0.1           0.056          -0.028      0.61124806   -0.0092721143    -0.029338729     -0.63267126
            0.1            0.06          -0.028      0.31204945    -0.037042437    -0.005175313      -0.6368887
            0.1           0.064          -0.028      0.11016917    -0.048367713     0.017747264     -0.63826578
            0.1           0.068          -0.028    -0.026579447    -0.049313477     0.038303037     -0.63770016
            0.1           0.072          -0.028     -0.12098857    -0.044638296      0.05597629     -0.63630576
            0.1           0.076          -0.028     -0.18863908    -0.037796679     0.070824125     -0.63467881
            0.1            0.08          -0.028     -0.23894982    -0.030762381     0.082021359     -0.63312778
            0.1           0.084          -0.028     -0.27666513    -0.024580896      0.08817408     -0.63175197
            0.1           0.088          -0.028      -0.3039846    -0.019609759     0.087886626     -0.63063344
            0.1           0.092          -0.028     -0.32096878    -0.014945479     0.079329852     -0.62984785
            0.1           0.096          -0.028     -0.31915845    -0.010731816     0.063371662     -0.62996368
            0.1             0.1          -0.028               0               0               0     -0.63038037
            0.1          -0.096          -0.024      0.39267828      0.01998198   -0.0059238614     -0.57975697
            0.1            -0.1          -0.024               0               0               0     -0.57988996
            0.1          -0.092          -0.024      0.41760859     0.031518783   -0.0042900336     -0.57972686
            0.1          -0.088          -0.024      0.41985016     0.040599951   -0.0032268013     -0.57991736
            0.1          -0.084          -0.024      0.41217221     0.046500603   -0.0046400775     -0.58017955
            0.1           -0.08          -0.024      0.39656184     0.050746381   -0.0070098966      -0.5806428
            0.1          -0.076          -0.024      0.37587757     0.053534493    -0.009711423     -0.58136218
            0.1          -0.072          -0.024      0.35803628     0.054446457    -0.012843418     -0.58233787
            0.1          -0.068          -0.024      0.35633172     0.053257874    -0.017047168     -0.58340314
            0.1          -0.064          -0.024      0.38985524      0.04840551    -0.025293344     -0.58451449
            0.1           -0.06          -0.024      0.49552449     0.039638394    -0.045680478     -0.58478024
            0.1          -0.056          -0.024      0.72289081     0.023808734    -0.087569745       -0.584242
            0.1          -0.052          -0.024       1.1605665     0.014678137     -0.15786493     -0.57915655
            0.1          -0.048          -0.024       1.7061353     0.033139775     -0.22872714     -0.57160568
            0.1          -0.044          -0.024       2.0655149     0.068905944     -0.27118247     -0.56577092
            0.1           -0.04          -0.024       2.2001748      0.11335598     -0.30038289     -0.55899185
            0.1          -0.036          -0.024        2.246638      0.16586521      -0.3303869     -0.55124788
            0.1          -0.032          -0.024       2.2650996       0.2209386     -0.35919407     -0.54417553
            0.1          -0.028          -0.024       2.2696597      0.27728896     -0.38145729     -0.53927942
            0.1          -0.024          -0.024       2.2596001      0.33510512     -0.39132232     -0.53682411
            0.1           -0.02          -0.024        2.228279      0.39511295     -0.38342467     -0.53715821
            0.1          -0.016          -0.024       2.1720647      0.45688361     -0.35364386     -0.54062453
            0.1          -0.012          -0.024       2.1007803      0.51793227     -0.29688451     -0.54767789
            0.1          -0.008          -0.024       2.0395295      0.57240377     -0.21047482     -0.55736008
            0.1          -0.004          -0.024       2.0152066      0.61273191     -0.10250372     -0.56672635
            0.1  -1.9826978e-18          -0.024       2.0307722      0.63262784    0.0087384303     -0.57244355
            0.1           0.004          -0.024       2.0589648       0.6280535      0.10695415     -0.57238197
            0.1           0.008          -0.024       2.0746114      0.59693964      0.18557235     -0.56640716
            0.1           0.012          -0.024       2.0913569      0.54539721      0.24581046     -0.55643058
            0.1           0.016          -0.024       2.1452957      0.48979476      0.29088107     -0.54573678
            0.1            0.02          -0.024       2.2270859      0.44077293      0.32164005     -0.53881189
            0.1           0.024          -0.024       2.2581272      0.39379424      0.33533471     -0.53907025
            0.1           0.028          -0.024         2.15292      0.34135583      0.32704812     -0.54644803
            0.1           0.032          -0.024       1.9187434        0.281048      0.29165017     -0.55595683
            0.1           0.036          -0.024       1.6926041      0.21351872      0.21720481     -0.56354323
            0.1            0.04          -0.024       1.7198358      0.16273728      0.10601473     -0.56638404
            0.1           0.044          -0.024       1.9001383      0.13445089     0.011025431     -0.57174614
            0.1           0.048          -0.024        1.717289      0.10303761    -0.024999152     -0.59241864
            0.1           0.052          -0.024       1.1952634     0.057127611    -0.024073921     -0.61785512
            0.1           0.056          -0.024      0.71915292    0.0048368726    -0.015960372     -0.63191207
            0.1            0.06          -0.024      0.38463149    -0.031635114   -0.0049370148     -0.63721168
            0.1           0.064          -0.024      0.16815987    -0.046397688     0.010455646     -0.63951334
            0.1           0.068          -0.024      0.02569822    -0.048302544     0.028288129     -0.63999502
            0.1           0.072          -0.024    -0.071887369    -0.044070533     0.045935555     -0.63979477
            0.1           0.076          -0.024     -0.14205714    -0.037946549     0.061555616      -0.6392632
            0.1            0.08          -0.024     -0.19448724     -0.03153997     0.073645039     -0.63858247
            0.1           0.084          -0.024     -0.23382056    -0.025412072     0.080493692     -0.63796508
            0.1           0.088          -0.024     -0.26191048    -0.019772406     0.080332226     -0.63766106
            0.1           0.092          -0.024     -0.27787068    -0.014301196     0.070989536     -0.63776415
            0.1           0.096          -0.024     -0.27329001    -0.009204658     0.053757165     -0.63842594
            0.1             0.1          -0.024               0               0               0     -0.63893983
            0.1          -0.096           -0.02      0.46996195     0.021068505    0.0014404983     -0.58386086
            0.1            -0.1           -0.02               0               0               0     -0.58422996
            0.1          -0.092           -0.02      0.49730371     0.033799999    0.0064537013     -0.58358737
            0.1          -0.088           -0.02      0.49880835     0.044002477    0.0098273271     -0.58363024
            0.1          -0.084           -0.02      0.48982362     0.049938239     0.010232977     -0.58360337
            0.1           -0.08           -0.02      0.47450122     0.053740447    0.0090761644     -0.58372173
            0.1          -0.076           -0.02      0.45498537     0.056290491    0.0069361378     -0.58400931
            0.1          -0.072           -0.02      0.43593706     0.058015235    0.0034639255     -0.58452117
            0.1          -0.068           -0.02      0.42722136     0.059108471   -0.0022658887     -0.58516923
            0.1          -0.064           -0.02      0.44500783     0.058328183    -0.012835042     -0.58597235
            0.1           -0.06           -0.02      0.52343126     0.055037014    -0.035105944     -0.58613362
            0.1          -0.056           -0.02      0.71894226     0.043097084    -0.076911428     -0.58567337
            0.1          -0.052           -0.02       1.1438874     0.031555747     -0.14443391     -0.58087824
            0.1          -0.048           -0.02       1.7106563     0.042897368     -0.21935006     -0.57281133
            0.1          -0.044           -0.02       2.0872176     0.071250588     -0.27722411     -0.56531789
            0.1           -0.04           -0.02         2.21095      0.10876932     -0.32226056     -0.55668101
            0.1          -0.036           -0.02       2.2413098      0.15504175     -0.36196791      -0.5474536
            0.1          -0.032           -0.02       2.2489266      0.20548936     -0.39627701     -0.53998725
            0.1          -0.028           -0.02       2.2462515      0.26053915     -0.42345816     -0.53628489
            0.1          -0.024           -0.02       2.2274032      0.32132654     -0.43834269     -0.53728097
            0.1           -0.02           -0.02       2.1809057      0.38821091     -0.43522752      -0.5437537
            0.1          -0.016           -0.02       2.1022269      0.46021799     -0.40922822     -0.55631278
            0.1          -0.012           -0.02         2.00491      0.53399623     -0.35195499     -0.57519083
            0.1          -0.008           -0.02       1.9191355      0.60083912     -0.25604383     -0.59715342
            0.1          -0.004           -0.02        1.876562      0.64983255     -0.12793209     -0.61504839
            0.1  -1.9825875e-18           -0.02       1.8825856      0.67157472     0.010088121     -0.62225033
            0.1           0.004           -0.02       1.9154431      0.66212543      0.13520774     -0.61680301
            0.1           0.008           -0.02       1.9543061      0.62287576      0.23530188     -0.60124175
            0.1           0.012           -0.02       2.0022512      0.56137611      0.30874712     -0.58047488
            0.1           0.016           -0.02       2.0816655      0.49509226      0.35913092     -0.56001247
            0.1            0.02           -0.02       2.1803003      0.43769218      0.38857577     -0.54531193
            0.1           0.024           -0.02       2.2273402      0.38605257      0.39535901     -0.53935521
            0.1           0.028           -0.02       2.1492939      0.33204054       0.3762419     -0.54112479
            0.1           0.032           -0.02        1.956602      0.27294273      0.32882623     -0.54634886
            0.1           0.036           -0.02       1.8018004      0.21452415      0.24640308     -0.55031599
            0.1            0.04           -0.02       1.8983205      0.17860088      0.14571643     -0.55278905
            0.1           0.044           -0.02       2.0608463      0.15600418     0.071844417     -0.56297037
            0.1           0.048           -0.02        1.828887      0.12079925     0.036760689     -0.58780897
            0.1           0.052           -0.02       1.2823589     0.069394013     0.016980718     -0.61507088
            0.1           0.056           -0.02       0.7826617     0.011363677    0.0021031959     -0.63031163
            0.1            0.06           -0.02       0.4386089    -0.028487229   -0.0030504926     -0.63636935
            0.1           0.064           -0.02      0.22451427    -0.043542769    0.0029475989     -0.63960667
            0.1           0.068           -0.02     0.087605934    -0.044378219     0.017013907     -0.64154629
            0.1           0.072           -0.02   -0.0073113679     -0.03914697     0.034653414     -0.64307708
            0.1           0.076           -0.02    -0.077931244    -0.032542735     0.051511247      -0.6441349
            0.1            0.08           -0.02     -0.13171746     -0.02588188     0.064510568     -0.64468825
            0.1           0.084           -0.02     -0.17193871    -0.019488221     0.071647653     -0.64499386
            0.1           0.088           -0.02     -0.19979392    -0.013619352     0.071040841     -0.64541204
            0.1           0.092           -0.02     -0.21390273   -0.0089639133     0.060750211      -0.6461154
            0.1           0.096           -0.02     -0.20714796   -0.0060087412     0.043068112     -0.64696086
            0.1             0.1           -0.02               0               0               0     -0.64738515
            0.1          -0.096          -0.016      0.51837038     0.016961148    0.0071315646     -0.59037177
            0.1            -0.1          -0.016               0               0               0     -0.59086779
            0.1          -0.092          -0.016      0.55172697     0.030212094     0.014769643     -0.58981041
            0.1          -0.088          -0.016      0.55546277     0.041040301     0.020646505     -0.58940974
            0.1          -0.084          -0.016      0.54741242     0.047727698     0.023227718     -0.58881229
            0.1           -0.08          -0.016      0.53376422     0.052164507     0.023389157     -0.58833411
            0.1          -0.076          -0.016      0.51758043     0.055338782     0.021700293     -0.58799684
            0.1          -0.072          -0.016      0.50203406     0.058159252     0.017832754     -0.58788193
            0.1          -0.068          -0.016      0.49312946     0.061241254     0.010692932     -0.58792967
            0.1          -0.064          -0.016      0.50211387     0.063818472   -0.0019248446     -0.58819357
            0.1           -0.06          -0.016      0.55481133     0.065519113    -0.024954189     -0.58805625
            0.1          -0.056          -0.016      0.70557931     0.058739566    -0.063502363     -0.58761419
            0.1          -0.052          -0.016       1.0756257     0.049520524      -0.1214725     -0.58346147
            0.1          -0.048          -0.016       1.5890255     0.060672553     -0.19180105     -0.57570399
            0.1          -0.044          -0.016       1.9376976     0.085649723     -0.26092497     -0.56737137
            0.1           -0.04          -0.016       2.0675889      0.11382561     -0.32373569     -0.55766304
            0.1          -0.036          -0.016       2.1202695       0.1471196     -0.37824832     -0.54789258
            0.1          -0.032          -0.016       2.1516725      0.18549936     -0.42451846     -0.54089184
            0.1          -0.028          -0.016        2.164365      0.23264981     -0.46277492     -0.53917995
            0.1          -0.024          -0.016       2.1458368      0.29067053     -0.48738635     -0.54467156
            0.1           -0.02          -0.016       2.0825674      0.35879294     -0.49271137     -0.55891303
            0.1          -0.016          -0.016        1.972807      0.43536075     -0.47363814     -0.58339079
            0.1          -0.012          -0.016       1.8375814      0.51649373     -0.41731882     -0.61848767
            0.1          -0.008          -0.016       1.7150475      0.59162476     -0.31064396     -0.65828286
            0.1          -0.004          -0.016       1.6446468      0.64895848     -0.15822767     -0.68955613
            0.1  -1.9825481e-18          -0.016       1.6426806      0.67625718     0.012038118     -0.69973207
            0.1           0.004          -0.016       1.6911729       0.6659482       0.1685447     -0.68663853
            0.1           0.008          -0.016       1.7635607      0.62100847      0.29325299     -0.65696519
            0.1           0.012          -0.016       1.8528906       0.5513778      0.38131704     -0.61995442
            0.1           0.016          -0.016       1.9713546      0.47605636      0.43576134     -0.58450653
            0.1            0.02          -0.016        2.101074      0.41173319      0.46055936     -0.55782545
            0.1           0.024          -0.016       2.1712119       0.3563189      0.45707256     -0.54266576
            0.1           0.028          -0.016       2.1209719      0.30012577      0.42541004     -0.53703904
            0.1           0.032          -0.016       1.9810965      0.24163091      0.36584228       -0.537122
            0.1           0.036          -0.016       1.9232693      0.19405561      0.28137077     -0.53776498
            0.1            0.04          -0.016       2.0633629      0.16892947      0.19414554     -0.54265868
            0.1           0.044          -0.016         2.14185      0.14595758      0.13095218      -0.5586117
            0.1           0.048          -0.016       1.8291402      0.11102336     0.089024726      -0.5859167
            0.1           0.052          -0.016        1.272228     0.062125535     0.050791528     -0.61320538
            0.1           0.056          -0.016      0.78837039    0.0057212991     0.016604475     -0.62749125
            0.1            0.06          -0.016      0.46808535    -0.031508849   -0.0030606229     -0.63344158
            0.1           0.064          -0.016      0.27792328    -0.044162511   -0.0064991357     -0.63762634
            0.1           0.068          -0.016      0.15977543    -0.043316654    0.0025167437     -0.64127521
            0.1           0.072          -0.016     0.074798634    -0.036715441     0.018849155     -0.64482736
            0.1           0.076          -0.016    0.0063798202    -0.028661781     0.036744827      -0.6477534
            0.1            0.08          -0.016    -0.048350847    -0.020837112     0.051247243     -0.64973992
            0.1           0.084          -0.016    -0.089390296    -0.013935399      0.05924155     -0.65096921
            0.1           0.088          -0.016     -0.11739171   -0.0082404941     0.058896331     -0.65185181
            0.1           0.092          -0.016     -0.13178663   -0.0048838937     0.049168013     -0.65268394
            0.1           0.096          -0.016       -0.126175   -0.0042294203     0.033193295     -0.65334731
            0.1             0.1          -0.016               0               0               0     -0.65359184
            0.1          -0.096          -0.012      0.53462883     0.010424631     0.013512848     -0.59963802
            0.1            -0.1          -0.012               0               0               0     -0.60014129
            0.1          -0.092          -0.012      0.57596316     0.022364041     0.021246858     -0.59882744
            0.1          -0.088          -0.012      0.58516559     0.033125982     0.029256292     -0.59783064
            0.1          -0.084          -0.012      0.58149841     0.040997914     0.034193267     -0.59646498
            0.1           -0.08          -0.012      0.57166011     0.047051752      0.03589221     -0.59512435
            0.1          -0.076          -0.012      0.55938718     0.051930979     0.034659225     -0.59388967
            0.1          -0.072          -0.012      0.54785536     0.056555153     0.030242688     -0.59289337
            0.1          -0.068          -0.012      0.54117254     0.061655883     0.021715375     -0.59210816
            0.1          -0.064          -0.012      0.54581459      0.06665757    0.0072766588     -0.59160664
            0.1           -0.06          -0.012      0.57820882     0.071335275    -0.016060926     -0.59088268
            0.1          -0.056          -0.012      0.68469185     0.068682635    -0.050719376      -0.5900935
            0.1          -0.052          -0.012      0.97517408     0.063749895    -0.097379056     -0.58635196
            0.1          -0.048          -0.012       1.3959748     0.077310753     -0.15968482     -0.57894248
            0.1          -0.044          -0.012       1.7215718     0.099915866      -0.2370814     -0.56975831
            0.1           -0.04          -0.012       1.9051289      0.11761459     -0.31779855      -0.5589463
            0.1          -0.036          -0.012       2.0199077      0.13491309      -0.3905669     -0.54895206
            0.1          -0.032          -0.012       2.0923694      0.15813813     -0.45336556     -0.54304199
            0.1          -0.028          -0.012        2.119526      0.19454943     -0.50630224     -0.54429309
            0.1          -0.024          -0.012       2.0923558      0.24556584     -0.54300635     -0.55571522
            0.1           -0.02          -0.012       2.0035746      0.30837388     -0.55905907     -0.57973112
            0.1          -0.016          -0.012       1.8546254      0.38083995     -0.54907333     -0.61915052
            0.1          -0.012          -0.012       1.6732539      0.45861733     -0.49482744     -0.67469523
            0.1          -0.008          -0.012       1.5038844      0.53089943     -0.37810542     -0.73742501
            0.1          -0.004          -0.012       1.3906529       0.5884106     -0.20149104     -0.78722255
            0.1  -1.9825426e-18          -0.012       1.3672404      0.61962146    0.0047768794     -0.80357098
            0.1           0.004          -0.012       1.4271573      0.61228105      0.19946847     -0.78228215
            0.1           0.008          -0.012       1.5355025      0.56760616      0.35412317     -0.73450334
            0.1           0.012          -0.012       1.6713265      0.49692519      0.45909904     -0.67559775
            0.1           0.016          -0.012        1.835729      0.41962456      0.51688448     -0.61962788
            0.1            0.02          -0.012       2.0033259      0.35437731      0.53429965     -0.57663253
            0.1           0.024          -0.012       2.0999387      0.29947559      0.51809073     -0.54951775
            0.1           0.028          -0.012        2.083086      0.24388772      0.47354781     -0.53546602
            0.1           0.032          -0.012        2.015983       0.1913782       0.4048397     -0.53015155
            0.1           0.036          -0.012       2.0510142      0.15808867      0.32301944       -0.529459
            0.1            0.04          -0.012       2.1800793       0.1402494      0.24489175      -0.5380805
            0.1           0.044          -0.012       2.1382681      0.11589001      0.18117173      -0.5580591
            0.1           0.048          -0.012       1.7474281     0.083710759      0.12687224     -0.58566029
            0.1           0.052          -0.012        1.195205     0.040319873     0.072288687     -0.61065339
            0.1           0.056          -0.012      0.75437577   -0.0094257236     0.025042082     -0.62262048
            0.1            0.06          -0.012      0.48353039    -0.040428682   -0.0042206023     -0.62806237
            0.1           0.064          -0.012      0.33368888    -0.050374538    -0.015361392     -0.63306343
            0.1           0.068          -0.012        0.244467     -0.04909526    -0.012367827     -0.63808855
            0.1           0.072          -0.012      0.17701514    -0.042188322  -0.00031178824     -0.64325153
            0.1           0.076          -0.012      0.11587166    -0.032883191     0.015786321     -0.64790627
            0.1            0.08          -0.012     0.061067359    -0.023359271     0.031009524     -0.65142525
            0.1           0.084          -0.012     0.017077587    -0.015166365     0.040967369      -0.6537129
            0.1           0.088          -0.012    -0.013713773   -0.0091289517     0.042985958     -0.65509386
            0.1           0.092          -0.012    -0.030635259   -0.0062238185     0.036886263     -0.65588112
            0.1           0.096          -0.012    -0.028213963   -0.0054353997     0.026530701     -0.65617538
            0.1             0.1          -0.012               0               0               0     -0.65620238
            0.1          -0.096          -0.008      0.51774756    0.0064699879     0.020369532     -0.61132591
            0.1            -0.1          -0.008               0               0               0     -0.61175075
            0.1          -0.092          -0.008      0.56411889     0.015902388     0.025600907      -0.6103801
            0.1          -0.088          -0.008      0.58091508     0.026049881     0.034507779     -0.60881745
            0.1          -0.084          -0.008      0.58501928     0.035036018     0.041450307     -0.60664323
            0.1           -0.08          -0.008      0.58179086     0.043033103      0.04492864     -0.60433049
            0.1          -0.076          -0.008      0.57454962     0.050056345     0.044597669      -0.6020454
            0.1          -0.072          -0.008      0.56629845     0.056612593     0.040074102     -0.59997965
            0.1          -0.068          -0.008      0.56027119     0.063081556     0.030608028     -0.59813652
            0.1          -0.064          -0.008      0.56093973     0.068727155      0.01483304     -0.59657714
            0.1           -0.06          -0.008       0.5808986     0.073278993   -0.0089958643     -0.59488413
            0.1          -0.056          -0.008       0.6596794     0.071906024    -0.042113316     -0.59326099
            0.1          -0.052          -0.008      0.88258913     0.068781589    -0.083630324     -0.58965232
            0.1          -0.048          -0.008       1.2351608     0.080267435     -0.14294971     -0.58220886
            0.1          -0.044          -0.008       1.5818305     0.096841407      -0.2262253     -0.57138708
            0.1           -0.04          -0.008       1.8465359      0.10408315     -0.31877652     -0.55865291
            0.1          -0.036          -0.008         2.02179      0.10742221     -0.40553842      -0.5478885
            0.1          -0.032          -0.008       2.1144116      0.11835752     -0.48249269     -0.54306438
            0.1          -0.028          -0.008       2.1293677      0.14502739     -0.54776057     -0.54783039
            0.1          -0.024          -0.008       2.0760455       0.1851231     -0.59462714      -0.5660501
            0.1           -0.02          -0.008       1.9561087      0.23481212     -0.62065425     -0.60083865
            0.1          -0.016          -0.008       1.7657179      0.29272067     -0.61886501     -0.65644574
            0.1          -0.012          -0.008       1.5376686      0.35365131     -0.56577985     -0.73380844
            0.1          -0.008          -0.008       1.3210701      0.40871118      -0.4404578     -0.82094356
            0.1          -0.004          -0.008       1.1587533      0.45437872      -0.2447693     -0.89139076
            0.1  -1.9825424e-18          -0.008       1.1055584      0.48364333   -0.0077163869     -0.91665172
            0.1           0.004          -0.008       1.1741514      0.48032772      0.22371385     -0.88871437
            0.1           0.008          -0.008       1.3191724      0.44171945      0.40897265     -0.82177117
            0.1           0.012          -0.008       1.5020864      0.37978244      0.53123825      -0.7383935
            0.1           0.016          -0.008       1.7131356      0.31266171      0.59191016     -0.65942488
            0.1            0.02          -0.008       1.9174899       0.2582506      0.60109912     -0.59851222
            0.1           0.024          -0.008        2.038891      0.21287146        0.572587     -0.55899811
            0.1           0.028          -0.008        2.063758      0.16610091      0.51802183     -0.53695246
            0.1           0.032          -0.008       2.0772452      0.12905879      0.44533488     -0.52717047
            0.1           0.036          -0.008       2.1597347      0.11096946      0.36566953     -0.52704628
            0.1            0.04          -0.008       2.2186426     0.096367869      0.28815983     -0.53895016
            0.1           0.044          -0.008       2.0554064     0.072518528      0.21715334     -0.56042853
            0.1           0.048          -0.008       1.6114712     0.045905466      0.14979104     -0.58641446
            0.1           0.052          -0.008       1.0872349      0.01100294     0.084112034     -0.60697814
            0.1           0.056          -0.008       0.7093422    -0.028582487     0.031165299     -0.61592214
            0.1            0.06          -0.008      0.50064581    -0.052226561   -0.0025030713     -0.62097896
            0.1           0.064          -0.008      0.39727695    -0.060297249     -0.01887783     -0.62631079
            0.1           0.068          -0.008      0.34076641    -0.059783582    -0.021895409       -0.631849
            0.1           0.072          -0.008      0.29656851    -0.053951502    -0.016161444     -0.63757526
            0.1           0.076          -0.008       0.2506361    -0.044859277     -0.00524555      -0.6431177
            0.1            0.08          -0.008       0.2014315    -0.034290698    0.0076526028     -0.64785871
            0.1           0.084          -0.008      0.15529404    -0.024249464     0.018633393     -0.65136039
            0.1           0.088          -0.008      0.11915765    -0.016583433     0.024054006     -0.65361269
            0.1           0.092          -0.008     0.097074268    -0.012261324     0.022744737     -0.65470894
            0.1           0.096          -0.008     0.092417861    -0.008905581      0.01712239      -0.6548799
            0.1             0.1          -0.008               0               0               0     -0.65479245
            0.1          -0.096          -0.004      0.46129887    0.0078169573     0.024985901      -0.6246935
            0.1            -0.1          -0.004               0               0               0     -0.62501337
            0.1          -0.092          -0.004      0.50559313     0.015117851     0.026805634     -0.62372953
            0.1          -0.088          -0.004      0.53050958       0.0244347     0.035242715     -0.62173791
            0.1          -0.084          -0.004      0.54562284     0.033921771     0.043513627     -0.61881713
            0.1           -0.08          -0.004      0.55213052     0.043266329     0.048777558     -0.61553826
            0.1          -0.076          -0.004      0.55197194     0.051741459     0.049891093     -0.61215586
            0.1          -0.072          -0.004      0.54778277     0.059178104     0.046221707     -0.60891965
            0.1          -0.068          -0.004      0.54296985     0.065323904     0.037113709     -0.60585829
            0.1          -0.064          -0.004      0.54304765     0.069228601     0.021298433     -0.60298228
            0.1           -0.06          -0.004      0.56340645     0.070537595   -0.0029876333     -0.59999097
            0.1          -0.056          -0.004      0.64482779      0.06609529    -0.037552074     -0.59715518
            0.1          -0.052          -0.004      0.85759068     0.058742612    -0.082701894     -0.59295541
            0.1          -0.048          -0.004       1.2145939     0.062329139     -0.14646643     -0.58417206
            0.1          -0.044          -0.004       1.6108585     0.069730976     -0.23180823     -0.57066224
            0.1           -0.04          -0.004       1.9237331     0.067445482     -0.32568915     -0.55547973
            0.1          -0.036          -0.004       2.1065661     0.061496968     -0.41683947     -0.54358168
            0.1          -0.032          -0.004       2.1707785      0.06551381     -0.50062581      -0.5397887
            0.1          -0.028          -0.004       2.1440352     0.083034755     -0.57232392     -0.54803087
            0.1          -0.024          -0.004       2.0606614       0.1062314     -0.62590989     -0.57247086
            0.1           -0.02          -0.004       1.9176028      0.13459101     -0.66005123      -0.6167934
            0.1          -0.016          -0.004        1.693645      0.16804174     -0.66397592     -0.68643207
            0.1          -0.012          -0.004       1.4294561      0.19917836     -0.61068682     -0.78181221
            0.1          -0.008          -0.004       1.1761547      0.22374844     -0.47939077     -0.88804791
            0.1          -0.004          -0.004      0.96215508       0.2462849     -0.27155232     -0.97427935
            0.1  -1.9825424e-18          -0.004      0.87205497      0.26874746     -0.01315174      -1.0071237
            0.1           0.004          -0.004      0.96065571      0.27187313      0.24591876     -0.97486922
            0.1           0.008          -0.004       1.1574287      0.24555114        0.454359     -0.89215734
            0.1           0.012          -0.004        1.389256      0.20282095      0.58849475     -0.78814684
            0.1           0.016          -0.004       1.6429701      0.15998008      0.64907556     -0.69065818
            0.1            0.02          -0.004       1.8752425      0.12990934      0.65008548     -0.61632395
            0.1           0.024          -0.004        2.014985      0.10466109      0.61302169     -0.56819464
            0.1           0.028          -0.004       2.0821511     0.077616077      0.55411343     -0.54088763
            0.1           0.032          -0.004       2.1491458     0.062271087      0.48072964     -0.52912472
            0.1           0.036          -0.004       2.2134414     0.055560305       0.3996454     -0.53052304
            0.1            0.04          -0.004       2.1707728     0.041540802      0.31681387     -0.54417399
            0.1           0.044          -0.004       1.9119237     0.021212072      0.23657451     -0.56486192
            0.1           0.048          -0.004       1.4512573    0.0035918002      0.15947703     -0.58673756
            0.1           0.052          -0.004       0.9808888     -0.01909552     0.090468401      -0.6020656
            0.1           0.056          -0.004       0.6745776    -0.046748212     0.038298337     -0.60870442
            0.1            0.06          -0.004      0.52577068    -0.063198699    0.0036879043     -0.61337158
            0.1           0.064          -0.004      0.46435903    -0.068916416    -0.015734543     -0.61837561
            0.1           0.068          -0.004      0.43677404    -0.068399265    -0.023572437     -0.62350286
            0.1           0.072          -0.004       0.4155331    -0.063335351    -0.023486994     -0.62879363
            0.1           0.076          -0.004      0.38940798    -0.055081792     -0.01794497     -0.63413205
            0.1            0.08          -0.004      0.35464288    -0.044782251   -0.0087633592      -0.6391676
            0.1           0.084          -0.004      0.31448226    -0.033898042    0.0013830209     -0.64338083
            0.1           0.088          -0.004      0.27622929    -0.024425422    0.0090368038     -0.64645555
            0.1           0.092          -0.004      0.24750612    -0.017372368     0.011437697     -0.64809686
            0.1           0.096          -0.004      0.22938372    -0.011364633    0.0073494265     -0.64848647
            0.1             0.1          -0.004               0               0               0     -0.64847098
            0.1          -0.096  -1.9825424e-18      0.35779399     0.012096273      0.02254203     -0.63808534
            0.1            -0.1  -1.9825424e-18               0               0               0     -0.63829189
            0.1          -0.092  -1.9825424e-18      0.39145659     0.018828114     0.021950299      -0.6372583
            0.1          -0.088    4.384798e-39      0.42195575     0.026990392     0.029105371     -0.63516212
            0.1          -0.084   2.3129646e-18      0.44995896     0.035968573     0.038346396     -0.63178767
            0.1           -0.08    3.304222e-19      0.47047314     0.045380417      0.04585102     -0.62770479
            0.1          -0.076  -1.9825424e-18      0.48212983     0.053968563     0.049487625      -0.6232709
            0.1          -0.072  -1.9825424e-18      0.48676053     0.060954142     0.048216663     -0.61886231
            0.1          -0.068  -1.9825424e-18      0.48904911     0.065519662     0.041374288     -0.61457548
            0.1          -0.064  -1.9825419e-18      0.49776876     0.066578039     0.027413423     -0.61038943
            0.1           -0.06  -1.9825376e-18      0.53508649       0.0634366     0.003625491     -0.60617151
            0.1          -0.056  -1.9825137e-18      0.64846035     0.052965157     -0.03295815     -0.60222579
            0.1          -0.052  -1.9824387e-18       0.9040767     0.036737744    -0.083887004     -0.59678827
            0.1          -0.048  -2.3127475e-18       1.3158154     0.029197026     -0.15315112      -0.5851659
            0.1          -0.044   -2.312701e-18       1.7549844     0.025623824     -0.23720203     -0.56788757
            0.1           -0.04  -1.9822713e-18        2.060984     0.014333643     -0.32627147     -0.54982946
            0.1          -0.036  -1.9822715e-18       2.1913214    0.0034064411     -0.41524738      -0.5366998
            0.1          -0.032  -1.9822772e-18        2.190079    0.0036195393     -0.49943659      -0.5340554
            0.1          -0.028  -1.9823067e-18       2.1231489    0.0083768976     -0.57291816     -0.54502737
            0.1          -0.024  -1.9823911e-18        2.032501    0.0077832223     -0.63076095     -0.57308987
            0.1           -0.02  -1.9825024e-18       1.8848592    0.0094133273     -0.66973586     -0.62271675
            0.1          -0.016  -1.9825389e-18       1.6451534     0.011682991     -0.67450228     -0.69991343
            0.1          -0.012  -1.6521206e-18       1.3693554    0.0048119355     -0.61825026     -0.80341301
            0.1          -0.008   2.3129646e-18       1.1073525   -0.0072904151     -0.48294794     -0.91625726
            0.1          -0.004  -1.9825424e-18       0.8733642    -0.012392884     -0.26873195      -1.0067945
            0.1  -1.9825424e-18  -1.9825424e-18       0.7658707   0.00036757936  -0.00056674575      -1.0417516
            0.1           0.004  -1.9825424e-18      0.87158308      0.01328442      0.26812214      -1.0073988
            0.1           0.008  -1.9825424e-18       1.1049565    0.0084301364      0.48336646     -0.91719217
            0.1           0.012  -1.9825426e-18       1.3663093   -0.0035002417       0.6194835     -0.80436937
            0.1           0.016  -1.9825481e-18       1.6414894    -0.010396336      0.67630217     -0.70077361
            0.1            0.02  -1.9825874e-18       1.8819401   -0.0082687617      0.67194618       -0.623461
            0.1           0.024  -1.9826972e-18       2.0310869   -0.0068167189      0.63312835     -0.57379814
            0.1           0.028  -1.9827784e-18       2.1226308   -0.0078448216      0.57534064     -0.54578168
            0.1           0.032  -1.9828082e-18       2.1900462    -0.003821049      0.50207254     -0.53490979
            0.1           0.036  -1.9828134e-18       2.1903124   -0.0047388072      0.41827248     -0.53775229
            0.1            0.04  -2.3132357e-18        2.055597    -0.017202356       0.3300627     -0.55109214
            0.1           0.044   -1.982806e-18       1.7437332     -0.03038673      0.24257228     -0.56914661
            0.1           0.048  -1.9827594e-18       1.3033639     -0.03620737      0.16103161     -0.58602417
            0.1           0.052   2.3128609e-18      0.89870279    -0.045294829       0.0945015     -0.59714467
            0.1           0.056   1.9825136e-18       0.6555806    -0.061469888     0.046105336     -0.60235535
            0.1            0.06   1.9825376e-18      0.55331971    -0.070891038     0.012140175     -0.60618719
            0.1           0.064  -1.9825429e-18      0.52116192    -0.072732025   -0.0088940145     -0.61024244
            0.1           0.068  -1.9825424e-18      0.51261853    -0.070444506    -0.019843906     -0.61429407
            0.1           0.072  -1.9825424e-18      0.50758602    -0.064854331    -0.023343348     -0.61856468
            0.1           0.076  -1.9825424e-18      0.49826941    -0.057022403    -0.021255967     -0.62301771
            0.1            0.08  -1.9825424e-18      0.48086107    -0.047544782    -0.014885561     -0.62748588
            0.1           0.084  -1.9825424e-18      0.45470638    -0.037032355   -0.0060527374      -0.6315536
            0.1           0.088  -1.9825424e-18      0.42301847    -0.026884714    0.0027097974     -0.63484178
            0.1           0.092  -1.9825424e-18      0.39151525    -0.017754116    0.0082350271      -0.6367716
            0.1           0.096  -1.9825424e-18      0.35727609    -0.010589304     0.005903503     -0.63743942
            0.1             0.1  -1.9825424e-18               0               0               0     -0.63759312
            0.1          -0.096           0.004      0.21634727     0.013650975    0.0072322562     -0.64878921
            0.1            -0.1           0.004               0               0               0     -0.64883633
            0.1          -0.092           0.004      0.23709274     0.019660101    0.0060070521      -0.6483285
            0.1          -0.088           0.004      0.26737811      0.02553822     0.012103203     -0.64666373
            0.1          -0.084           0.004      0.30401453     0.032982499     0.022532859     -0.64351418
            0.1           -0.08           0.004      0.33929559     0.041619821     0.033374156     -0.63917648
            0.1          -0.076           0.004      0.36749008      0.04989416     0.041315251     -0.63403199
            0.1          -0.072           0.004      0.38809113     0.056486303     0.044634577     -0.62865634
            0.1          -0.068           0.004      0.40664887     0.060189238       0.0422509     -0.62337055
            0.1          -0.064           0.004      0.43616292     0.059631851     0.031847055     -0.61824257
            0.1           -0.06           0.004      0.50676124     0.053115425    0.0095697418     -0.61329069
            0.1          -0.056           0.004      0.67150752     0.036116716    -0.028211369     -0.60870779
            0.1          -0.052           0.004      0.99213412    0.0089069197    -0.083290994     -0.60174029
            0.1          -0.048           0.004       1.4667966    -0.011677024     -0.15461518     -0.58576761
            0.1          -0.044           0.004       1.9226251    -0.026616711     -0.23337044     -0.56371788
            0.1           -0.04           0.004       2.1741127    -0.044746183     -0.31455589     -0.54330051
            0.1          -0.036           0.004       2.2127076    -0.056998728     -0.39781671     -0.52999346
            0.1          -0.032           0.004       2.1484761    -0.062423084     -0.47905642     -0.52881608
            0.1          -0.028           0.004       2.0826785    -0.076974154     -0.55245056     -0.54064683
            0.1          -0.024           0.004       2.0168507     -0.10356954     -0.61126538     -0.56797686
            0.1           -0.02           0.004       1.8787097     -0.12854634     -0.64833009     -0.61603093
            0.1          -0.016           0.004       1.6467891     -0.15833736     -0.64748116     -0.69018807
            0.1          -0.012           0.004       1.3922752     -0.20110592     -0.58723574     -0.78747854
            0.1          -0.008           0.004       1.1599555     -0.24404092     -0.45375606     -0.89139348
            0.1          -0.004           0.004      0.96281325     -0.27062338     -0.24620013     -0.97429522
            0.1  -1.9825424e-18           0.004      0.87288202     -0.26779917     0.012374071      -1.0070657
            0.1           0.004           0.004      0.96123437     -0.24539065      0.27115121     -0.97488158
            0.1           0.008           0.004       1.1741834     -0.22270469      0.47991841     -0.88909604
            0.1           0.012           0.004        1.426754       -0.198049      0.61210023      -0.7830165
            0.1           0.016           0.004       1.6907251     -0.16691199      0.66612298     -0.68766218
            0.1            0.02           0.004       1.9156139     -0.13349021      0.66274721     -0.61799408
            0.1           0.024           0.004       2.0597894     -0.10524332      0.62884499     -0.57369032
            0.1           0.028           0.004       2.1437122    -0.082423668      0.57544234     -0.54931862
            0.1           0.032           0.004       2.1706037    -0.065504719      0.50414138     -0.54117335
            0.1           0.036           0.004       2.1051401    -0.062402523      0.42104297     -0.54508323
            0.1            0.04           0.004       1.9186027    -0.069581466      0.33115327     -0.55702904
            0.1           0.044           0.004       1.6014595    -0.073388818      0.23946314     -0.57207326
            0.1           0.048           0.004       1.2050437    -0.067699261      0.15681864     -0.58516368
            0.1           0.052           0.004      0.85387748    -0.065006594     0.095365244     -0.59349159
            0.1           0.056           0.004      0.64905515     -0.07175039     0.052146445     -0.59741157
            0.1            0.06           0.004      0.57295619    -0.074768901     0.019853658     -0.59999179
            0.1           0.064           0.004      0.55431683    -0.072198168    -0.001440745     -0.60272503
            0.1           0.068           0.004      0.55387806    -0.067672543    -0.013570653     -0.60541933
            0.1           0.072           0.004      0.55712247    -0.061533052    -0.018576645     -0.60843337
            0.1           0.076           0.004       0.5585379    -0.054488905    -0.018214598     -0.61172635
            0.1            0.08           0.004       0.5547624    -0.046386589    -0.013709916     -0.61520183
            0.1           0.084           0.004      0.54355523    -0.037080867   -0.0062162786     -0.61854131
            0.1           0.088           0.004      0.52399956    -0.027236753    0.0028234886      -0.6214423
            0.1           0.092           0.004      0.49605216    -0.017031087     0.010751442     -0.62330176
            0.1           0.096           0.004      0.45046723   -0.0084990629     0.011263395     -0.62416584
            0.1             0.1           0.004               0               0               0     -0.62448476
            0.1          -0.096           0.008     0.072168048    0.0089958086    -0.018430371     -0.65434263
            0.1            -0.1           0.008               0               0               0     -0.65424644
            0.1          -0.092           0.008     0.084805586     0.012027753    -0.019495721     -0.65429172
            0.1          -0.088           0.008      0.11063843     0.015177047     -0.01467924     -0.65336411
            0.1          -0.084           0.008      0.14644409     0.020751152   -0.0044032446     -0.65111036
            0.1           -0.08           0.008       0.1886808      0.02849774    0.0092661554     -0.64743442
            0.1          -0.076           0.008      0.23145783     0.036996368     0.022667631     -0.64249132
            0.1          -0.072           0.008      0.27141502     0.044458956     0.032695816     -0.63686377
            0.1          -0.068           0.008      0.31293351     0.049196744     0.036732603      -0.6311879
            0.1          -0.064           0.008      0.37293914      0.04906663     0.031263725     -0.62582091
            0.1           -0.06           0.008       0.4884572     0.040444684     0.011778577     -0.62075904
            0.1          -0.056           0.008      0.71564255     0.016296839    -0.025472887     -0.61575923
            0.1          -0.052           0.008       1.1054091    -0.022280215    -0.080873256      -0.6062873
            0.1          -0.048           0.008       1.6276286    -0.054398194     -0.14755839     -0.58518896
            0.1          -0.044           0.008       2.0627557    -0.078092412      -0.2157167     -0.55944416
            0.1           -0.04           0.008       2.2180602    -0.099536721     -0.28736178     -0.53851812
            0.1          -0.036           0.008       2.1565888     -0.11220491     -0.36517742     -0.52700604
            0.1          -0.032           0.008       2.0758162     -0.12892111     -0.44475663     -0.52730184
            0.1          -0.028           0.008       2.0642731     -0.16517514     -0.51716292     -0.53709831
            0.1          -0.024           0.008       2.0409473     -0.21150374     -0.57143652      -0.5591633
            0.1           -0.02           0.008       1.9209124      -0.2565218     -0.59974027     -0.59861305
            0.1          -0.016           0.008       1.7166038     -0.31052797     -0.59043645     -0.65935914
            0.1          -0.012           0.008       1.5047873     -0.37748262     -0.52983051     -0.73811874
            0.1          -0.008           0.008        1.321459     -0.43957329     -0.40794468     -0.82136192
            0.1          -0.004           0.008       1.1761222      -0.4784592     -0.22325163       -0.888394
            0.1  -1.9825425e-18           0.008       1.1067426     -0.48214207    0.0077974542     -0.91674084
            0.1           0.004           0.008       1.1586494     -0.45312471      0.24501335     -0.89210002
            0.1           0.008           0.008        1.319818     -0.40752318      0.44141821     -0.82214493
            0.1           0.012           0.008       1.5357885     -0.35249318      0.56760253     -0.73527413
            0.1           0.016           0.008       1.7639188     -0.29157485       0.6214696     -0.65803063
            0.1            0.02           0.008       1.9551114     -0.23364145      0.62382108     -0.60246432
            0.1           0.024           0.008       2.0757534     -0.18400478      0.59807118     -0.56772996
            0.1           0.028           0.008       2.1294393     -0.14417057       0.5515039     -0.54957621
            0.1           0.032           0.008       2.1144832     -0.11791304      0.48681289     -0.54486723
            0.1           0.036           0.008       2.0205811     -0.10761819      0.41086343     -0.54971514
            0.1            0.04           0.008       1.8421457     -0.10513626       0.3257754     -0.56039941
            0.1           0.044           0.008       1.5741159    -0.098898658      0.23563743     -0.57290369
            0.1           0.048           0.008       1.2281594    -0.083108535      0.15466614     -0.58326054
            0.1           0.052           0.008      0.87857653    -0.071483819      0.09701337     -0.59026645
            0.1           0.056           0.008      0.65641704    -0.073709963     0.057046492     -0.59360531
            0.1            0.06           0.008      0.57679272    -0.074057619     0.026233735     -0.59494361
            0.1           0.064           0.008        0.556506    -0.069047014    0.0059436589     -0.59642519
            0.1           0.068           0.008      0.55675764    -0.063890623   -0.0054493101     -0.59787868
            0.1           0.072           0.008      0.56380208    -0.058534792    -0.010290871     -0.59970343
            0.1           0.076           0.008      0.57207347    -0.053299539    -0.010517725     -0.60181953
            0.1            0.08           0.008      0.57790935    -0.047392388   -0.0073453779     -0.60417938
            0.1           0.084           0.008      0.57837698    -0.040012097   -0.0014510669      -0.6065468
            0.1           0.088           0.008      0.57054439    -0.031044295     0.006667954     -0.60873003
            0.1           0.092           0.008      0.55016222    -0.020080504     0.015484894     -0.61022242
            0.1           0.096           0.008      0.50242216    -0.009119856     0.019351698     -0.61113244
            0.1             0.1           0.008               0               0               0     -0.61158298
            0.1          -0.096           0.012    -0.043250547    0.0016726685    -0.039065365     -0.65496295
            0.1            -0.1           0.012               0               0               0     -0.65489664
            0.1          -0.092           0.012    -0.037033315    0.0014037049    -0.043321152     -0.65493013
            0.1          -0.088           0.012    -0.016660503    0.0034669622    -0.041598153      -0.6543647
            0.1          -0.084           0.012     0.013567853     0.008120645      -0.0337797     -0.65296363
            0.1           -0.08           0.012     0.054679775     0.015003158    -0.020037438     -0.65046274
            0.1          -0.076           0.012      0.10462705     0.023416514   -0.0031219731     -0.64668971
            0.1          -0.072           0.012      0.16026719     0.031854413     0.012883921     -0.64194276
            0.1          -0.068           0.012      0.22518797     0.038218306     0.023490899     -0.63693199
            0.1          -0.064           0.012      0.31879916     0.039009085     0.023902766     -0.63224307
            0.1           -0.06           0.012      0.48206185     0.027973371    0.0094577341     -0.62764912
            0.1          -0.056           0.012      0.77008609   -0.0038257236    -0.023200262     -0.62195163
            0.1          -0.052           0.012       1.2168662     -0.05186516    -0.071907283     -0.60933685
            0.1          -0.048           0.012       1.7611218    -0.092070828     -0.12647974     -0.58427752
            0.1          -0.044           0.012       2.1405808     -0.12137341     -0.18131378      -0.5572616
            0.1           -0.04           0.012        2.174712     -0.14309402     -0.24572417     -0.53799226
            0.1          -0.036           0.012       2.0455212     -0.15883202     -0.32409973     -0.52974252
            0.1          -0.032           0.012        2.014105     -0.19076011      -0.4054539     -0.53050698
            0.1          -0.028           0.012       2.0835366     -0.24254865     -0.47345445     -0.53579268
            0.1          -0.024           0.012       2.1017514     -0.29776727     -0.51747623     -0.54989194
            0.1           -0.02           0.012       2.0061331     -0.35231458     -0.53331064     -0.57700828
            0.1          -0.016           0.012       1.8384565     -0.41710506     -0.51559559     -0.61991878
            0.1          -0.012           0.012       1.6733714     -0.49411699     -0.45764652     -0.67575958
            0.1          -0.008           0.012       1.5371315     -0.56480321     -0.35274158     -0.73457738
            0.1          -0.004           0.012       1.4284918     -0.60966792     -0.19830393     -0.78241459
            0.1  -1.9825428e-18           0.012       1.3681305     -0.61736665   -0.0037815902     -0.80401134
            0.1           0.004           0.012       1.3907911     -0.58656171      0.20260038      -0.7881737
            0.1           0.008           0.012        1.503204       -0.529348      0.37976616     -0.73885071
            0.1           0.012           0.012       1.6721664     -0.45724839      0.49724814     -0.67644531
            0.1           0.016           0.012       1.8537284     -0.37955791      0.55219294     -0.62107929
            0.1            0.02           0.012       2.0032418     -0.30708187      0.56264354     -0.58174675
            0.1           0.024           0.012       2.0923951     -0.24427014      0.54684447     -0.55779176
            0.1           0.028           0.012       2.1196682      -0.1933643      0.51048593     -0.54640078
            0.1           0.032           0.012       2.0921462     -0.15712097      0.45821466     -0.54513553
            0.1           0.036           0.012        2.018157     -0.13415425       0.3965906     -0.55096455
            0.1            0.04           0.012       1.9009115     -0.11714273      0.32564249     -0.56075179
            0.1           0.044           0.012       1.7175159    -0.099659679      0.24723299     -0.57122008
            0.1           0.048           0.012       1.3977015    -0.076567751      0.17176248     -0.57980487
            0.1           0.052           0.012      0.97666288     -0.06167558      0.11077385     -0.58679189
            0.1           0.056           0.012      0.67662739    -0.065927248     0.065646427     -0.59040879
            0.1            0.06           0.012       0.5624283    -0.068938004     0.033717184     -0.59099823
            0.1           0.064           0.012      0.52787856    -0.065164196     0.014568335     -0.59159342
            0.1           0.068           0.012      0.52566191      -0.0614978    0.0049430536     -0.59208834
            0.1           0.072           0.012      0.53571413    -0.057900345    0.0011294316     -0.59295674
            0.1           0.076           0.012      0.54928335    -0.054722676   0.00089109893     -0.59406732
            0.1            0.08           0.012      0.56181605    -0.050998954    0.0029772242      -0.5953991
            0.1           0.084           0.012      0.57034747    -0.045623418    0.0069895681     -0.59678484
            0.1           0.088           0.012      0.57150172    -0.037878511     0.013147986     -0.59814129
            0.1           0.092           0.012      0.55932475    -0.026539775     0.021188166     -0.59906363
            0.1           0.096           0.012       0.5167765    -0.013563223     0.027201869     -0.59983293
            0.1             0.1           0.012               0               0               0     -0.60035164
            0.1          -0.096           0.016     -0.12975247   -0.0028443463    -0.050502767     -0.65197503
            0.1            -0.1           0.016               0               0               0     -0.65207951
            0.1          -0.092           0.016     -0.13133587   -0.0041280384    -0.059835493     -0.65164967
            0.1          -0.088           0.016     -0.11546339   -0.0014379189    -0.061397858     -0.65104857
            0.1          -0.084           0.016    -0.088476357    0.0036129091    -0.055981911     -0.65010232
            0.1           -0.08           0.016     -0.04957376     0.010288158    -0.044047251     -0.64860725
            0.1          -0.076           0.016    0.0018428801     0.018162077    -0.027367487     -0.64630418
            0.1          -0.072           0.016      0.06640158     0.026405577    -0.009123397     -0.64325213
            0.1          -0.068           0.016      0.15008703     0.033089117     0.005937752     -0.63990586
            0.1          -0.064           0.016      0.27311185     0.033401708     0.012414425     -0.63664103
            0.1           -0.06           0.016      0.47636603     0.018955306    0.0057327253     -0.63284598
            0.1          -0.056           0.016      0.81003694    -0.019269327    -0.016746351     -0.62635372
            0.1          -0.052           0.016       1.2942243     -0.07354727    -0.051824889     -0.61133044
            0.1          -0.048           0.016       1.8389965     -0.11924757    -0.090007627     -0.58435025
            0.1          -0.044           0.016       2.1379214       -0.151197     -0.13279137      -0.5579054
            0.1           -0.04           0.016       2.0531372     -0.17116285     -0.19706486     -0.54274293
            0.1          -0.036           0.016       1.9161546     -0.19409676     -0.28431625     -0.53810433
            0.1          -0.032           0.016       1.9791965      -0.2404067     -0.36763403     -0.53740278
            0.1          -0.028           0.016       2.1213555     -0.29828947     -0.42593154     -0.53729768
            0.1          -0.024           0.016       2.1724539     -0.35428342     -0.45683259      -0.5430478
            0.1           -0.02           0.016       2.1028693     -0.40949834     -0.45987115     -0.55831648
            0.1          -0.016           0.016       1.9730823     -0.47346538     -0.43473085     -0.58502566
            0.1          -0.012           0.016       1.8541394     -0.54846537     -0.38001998     -0.62045145
            0.1          -0.008           0.016       1.7644421      -0.6179535     -0.29180978     -0.65745518
            0.1          -0.004           0.016       1.6916677     -0.66290972     -0.16701886     -0.68722067
            0.1  -1.9825389e-18           0.016       1.6427031     -0.67343697    -0.010393926     -0.70058708
            0.1           0.004           0.016       1.6442051     -0.64654796      0.16011805     -0.69083684
            0.1           0.008           0.016       1.7141929      -0.5896433      0.31301705     -0.66000186
            0.1           0.012           0.016       1.8365721      -0.5148339      0.42031303     -0.62055986
            0.1           0.016           0.016       1.9720513      -0.4338978      0.47717479     -0.58568326
            0.1            0.02           0.016       2.0822501     -0.35739148      0.49657002     -0.56131904
            0.1           0.024           0.016       2.1457018     -0.28924252      0.49142339     -0.54711783
            0.1           0.028           0.016       2.1640454     -0.23117768      0.46710389     -0.54159051
            0.1           0.032           0.016       2.1506582      -0.1838869      0.42944886     -0.54318669
            0.1           0.036           0.016       2.1179656     -0.14523363      0.38430135     -0.54999107
            0.1            0.04           0.016       2.0652761     -0.11139533      0.33153293     -0.55942699
            0.1           0.044           0.016       1.9432368    -0.082450584      0.27097955     -0.56865964
            0.1           0.048           0.016        1.608106    -0.056013201      0.20399804     -0.57622639
            0.1           0.052           0.016       1.0906611    -0.042905743      0.13516483     -0.58357345
            0.1           0.056           0.016      0.70104963    -0.051959208     0.079030012     -0.58777423
            0.1            0.06           0.016      0.53597537    -0.060584842     0.043858871     -0.58812898
            0.1           0.064           0.016      0.47796682    -0.060915913     0.025451859     -0.58819541
            0.1           0.068           0.016      0.47059073    -0.059792518     0.017682865     -0.58793245
            0.1           0.072           0.016      0.48274918    -0.057707148     0.015008385     -0.58801511
            0.1           0.076           0.016      0.50052707    -0.055663728     0.014951315     -0.58833641
            0.1            0.08           0.016      0.51715106    -0.053096839     0.016233307     -0.58887623
            0.1           0.084           0.016      0.52968245    -0.049059761     0.018465145     -0.58948923
            0.1           0.088           0.016       0.5357258    -0.042565596     0.022239531     -0.59012694
            0.1           0.092           0.016      0.52977298    -0.031684509     0.028366561     -0.59048896
            0.1           0.096           0.016      0.49515214    -0.018327235     0.034059736     -0.59100737
            0.1             0.1           0.016               0               0               0     -0.59149411
            0.1          -0.096            0.02     -0.20080072   -0.0032229067    -0.059622528     -0.64611704
            0.1            -0.1            0.02               0               0               0     -0.64636148
            0.1          -0.092            0.02     -0.20747454   -0.0034959347    -0.071914692     -0.64567212
            0.1          -0.088            0.02     -0.19318429   0.00015013293    -0.075184146     -0.64521529
            0.1          -0.084            0.02     -0.16681514    0.0057475526    -0.070988153     -0.64469669
            0.1           -0.08            0.02     -0.12877455     0.012676974     -0.06054924     -0.64405012
            0.1          -0.076            0.02    -0.077515338     0.020336376    -0.045405777     -0.64311494
            0.1          -0.072            0.02   -0.0090307062     0.028012663    -0.027723156     -0.64186209
            0.1          -0.068            0.02     0.086087635     0.033870352     -0.01074905     -0.64042481
            0.1          -0.064            0.02       0.2278739     0.032675361    0.0013266892     -0.63871837
            0.1           -0.06            0.02      0.45346956     0.015742524    0.0046028535     -0.63570843
            0.1          -0.056            0.02      0.80776543     -0.02510325   -0.0028193408     -0.62894383
            0.1          -0.052            0.02       1.3045268    -0.081053583    -0.018723355     -0.61292795
            0.1          -0.048            0.02       1.8352414     -0.12940902    -0.039186581     -0.58616648
            0.1          -0.044            0.02       2.0506519     -0.16110775    -0.075835899     -0.56226687
            0.1           -0.04            0.02       1.8843471     -0.18013581     -0.15124647     -0.55272811
            0.1          -0.036            0.02       1.7944931     -0.21390824     -0.25143645     -0.55033005
            0.1          -0.032            0.02       1.9553015     -0.27113148     -0.33168005     -0.54624284
            0.1          -0.028            0.02       2.1499834     -0.32969117     -0.37716387     -0.54109537
            0.1          -0.024            0.02       2.2281298     -0.38368659     -0.39526509     -0.53959127
            0.1           -0.02            0.02       2.1811281     -0.43532766     -0.38803929      -0.5457849
            0.1          -0.016            0.02       2.0824708     -0.49254391     -0.35832087     -0.56060759
            0.1          -0.012            0.02       2.0028573      -0.5585818      -0.3076687     -0.58112603
            0.1          -0.008            0.02       1.9547521     -0.61991509     -0.23395005     -0.60195533
            0.1          -0.004            0.02       1.9155326     -0.65909383     -0.13356249     -0.61766802
            0.1  -1.9825024e-18            0.02       1.8820458     -0.66861498   -0.0080984961     -0.62341831
            0.1           0.004            0.02       1.8754862     -0.64714099      0.13033297     -0.61664076
            0.1           0.008            0.02       1.9177926     -0.59853857      0.25894102     -0.59919809
            0.1           0.012            0.02        2.003572     -0.53207238      0.35537178      -0.5776354
            0.1           0.016            0.02        2.101198     -0.45857954      0.41305437     -0.55903624
            0.1            0.02            0.02       2.1802798     -0.38672574      0.43926181     -0.54662267
            0.1           0.024            0.02         2.22689     -0.31983561      0.44246077     -0.54016332
            0.1           0.028            0.02       2.2454524     -0.25887122      0.42772761     -0.53904939
            0.1           0.032            0.02       2.2475718     -0.20334211      0.40093923     -0.54252074
            0.1           0.036            0.02       2.2398016     -0.15203655      0.36748959     -0.54968873
            0.1            0.04            0.02       2.2128879       -0.104397      0.32924548     -0.55849473
            0.1           0.044            0.02       2.1039297     -0.06543602      0.28648344     -0.56658332
            0.1           0.048            0.02       1.7455946    -0.035466056      0.23148667     -0.57317272
            0.1           0.052            0.02       1.1720216    -0.022306522      0.15873245     -0.58075091
            0.1           0.056            0.02      0.72252314    -0.034136308     0.093649002     -0.58566816
            0.1            0.06            0.02       0.5082503    -0.048564735     0.055963581     -0.58615614
            0.1           0.064            0.02      0.42062463    -0.054124419     0.038436609     -0.58604231
            0.1           0.068            0.02      0.40219247    -0.055945145     0.032409199     -0.58527287
            0.1           0.072            0.02      0.41259538    -0.054973572     0.030819997     -0.58474681
            0.1           0.076            0.02      0.43246535    -0.053103548     0.030963541     -0.58447119
            0.1            0.08            0.02      0.45107407     -0.05048502     0.031644413     -0.58446877
            0.1           0.084            0.02      0.46426846    -0.046799065     0.032456674      -0.5846074
            0.1           0.088            0.02      0.47080062    -0.041222468     0.034116408     -0.58480007
            0.1           0.092            0.02       0.4672923     -0.03173452     0.038015321     -0.58484769
            0.1           0.096            0.02      0.43862342    -0.020027487     0.041330442     -0.58510534
            0.1             0.1            0.02               0               0               0     -0.58542116
            0.1          -0.096           0.024     -0.26005155   -0.0012563499    -0.066760419     -0.63884069
            0.1            -0.1           0.024               0               0               0      -0.6391379
            0.1          -0.092           0.024     -0.26686142  -0.00067929386    -0.081029193     -0.63858424
            0.1          -0.088           0.024      -0.2519015    0.0030557414    -0.085433885     -0.63864618
            0.1          -0.084           0.024     -0.22554597    0.0083485466     -0.08225477     -0.63875016
            0.1           -0.08           0.024     -0.18802992     0.015217751    -0.072993731     -0.63893475
            0.1          -0.076           0.024     -0.13723544      0.02302206    -0.059136452     -0.63914369
            0.1          -0.072           0.024    -0.067920933     0.030694517    -0.042509501     -0.63934101
            0.1          -0.068           0.024     0.030797628     0.036024314    -0.024798636     -0.63941096
            0.1          -0.064           0.024      0.17766736     0.034269419    -0.007941152     -0.63891868
            0.1           -0.06           0.024      0.40337713      0.01820116    0.0057257062     -0.63664031
            0.1          -0.056           0.024      0.74660686    -0.019150579     0.015216146     -0.63056502
            0.1          -0.052           0.024        1.219631    -0.069746556     0.021961092     -0.61570035
            0.1          -0.048           0.024       1.7231727     -0.11295276     0.020764302     -0.59074856
            0.1          -0.044           0.024       1.8874243     -0.14057851    -0.018289674     -0.57083644
            0.1           -0.04           0.024       1.7055056      -0.1646358      -0.1150426      -0.5658387
            0.1          -0.036           0.024       1.6868727     -0.21295678     -0.22455759     -0.56296186
            0.1          -0.032           0.024        1.919224     -0.27908865     -0.29555033     -0.55527457
            0.1          -0.028           0.024       2.1548465     -0.33870457      -0.3282414     -0.54603307
            0.1          -0.024           0.024       2.2590919     -0.39112774      -0.3352421     -0.53914053
            0.1           -0.02           0.024       2.2274588     -0.43815655     -0.32117156     -0.53926316
            0.1          -0.016           0.024       2.1455884     -0.48703452     -0.29025146      -0.5463717
            0.1          -0.012           0.024       2.0915868     -0.54241226     -0.24492284     -0.55715705
            0.1          -0.008           0.024       2.0749466     -0.59381829     -0.18430157     -0.56723397
            0.1          -0.004           0.024       2.0592493      -0.6248923     -0.10521779     -0.57340768
            0.1  -1.9823913e-18           0.024       2.0305481     -0.62951065   -0.0064815723     -0.57382635
            0.1           0.004           0.024       2.0143705     -0.60978799      0.10531689     -0.56859453
            0.1           0.008           0.024       2.0383464     -0.56977763      0.21384459     -0.55976178
            0.1           0.012           0.024       2.0995369     -0.51568927      0.30073986     -0.55058114
            0.1           0.016           0.024       2.1709608     -0.45498864      0.35782235     -0.54391051
            0.1            0.02           0.024       2.2272855     -0.39345084      0.38770223     -0.54065766
            0.1           0.024           0.024       2.2583944     -0.33345713      0.39551654     -0.54034488
            0.1           0.028           0.024       2.2679068     -0.27532215      0.38551286     -0.54263817
            0.1           0.032           0.024       2.2628676     -0.21816174      0.36322199     -0.54724114
            0.1           0.036           0.024       2.2451696     -0.16179613      0.33477785     -0.55399151
            0.1            0.04           0.024        2.204082     -0.10762465      0.30583843     -0.56132058
            0.1           0.044           0.024        2.085629    -0.061939172      0.27892832     -0.56754954
            0.1           0.048           0.024        1.743457    -0.025206316      0.24016405     -0.57239252
            0.1           0.052           0.024       1.1929369   -0.0056605588      0.17282841     -0.57918862
            0.1           0.056           0.024      0.73256583    -0.015516386      0.10603864     -0.58424278
            0.1            0.06           0.024      0.48352013    -0.033634427     0.068698654     -0.58492427
            0.1           0.064           0.024      0.36544236    -0.044025946     0.052835201     -0.58488865
            0.1           0.068           0.024      0.32918188    -0.049062833      0.04846973     -0.58395883
            0.1           0.072           0.024       0.3319793    -0.049299296     0.047784347     -0.58310291
            0.1           0.076           0.024      0.35011497    -0.047213003     0.048020004     -0.58244676
            0.1            0.08           0.024        0.368668    -0.043779048     0.048231979     -0.58211543
            0.1           0.084           0.024      0.38082934     -0.03966152     0.048082499     -0.58202359
            0.1           0.088           0.024      0.38528443    -0.034597422     0.048253519     -0.58204662
            0.1           0.092           0.024      0.38116899    -0.027131825     0.050203847     -0.58205358
            0.1           0.096           0.024      0.35505996    -0.017295357     0.050896749     -0.58209145
            0.1             0.1           0.024               0               0               0     -0.58214766
            0.1          -0.096           0.028     -0.30453374    0.0004943512    -0.071413569     -0.63154323
            0.1            -0.1           0.028               0               0               0     -0.63173668
            0.1          -0.092           0.028      -0.3090352  -0.00054573648     -0.08717897     -0.63176992
            0.1          -0.088           0.028     -0.29340026    0.0016712743    -0.093381819     -0.63258719
            0.1          -0.084           0.028     -0.26739528    0.0057649966    -0.092099954     -0.63340528
            0.1           -0.08           0.028     -0.23063519     0.012234903    -0.084710828     -0.63430147
            0.1          -0.076           0.028     -0.18077648     0.020335807    -0.072403028     -0.63533514
            0.1          -0.072           0.028     -0.11274615     0.028586406    -0.056641658     -0.63651956
            0.1          -0.068           0.028     -0.01648245     0.034486808    -0.038354881     -0.63760987
            0.1          -0.064           0.028      0.12415855     0.034145879    -0.017727146     -0.63797089
            0.1           -0.06           0.028      0.33284294     0.022345629    0.0046252112     -0.63641697
            0.1          -0.056           0.028      0.64005431    -0.006146166     0.028250008     -0.63151822
            0.1          -0.052           0.028        1.058515    -0.045662905     0.054492178     -0.61960515
            0.1          -0.048           0.028       1.5300256    -0.075457619     0.073921462     -0.59714095
            0.1          -0.044           0.028       1.7041077    -0.089140873     0.036009467     -0.57913092
            0.1           -0.04           0.028       1.5572685     -0.11996866    -0.079546636     -0.57544436
            0.1          -0.036           0.028        1.586893     -0.18824671     -0.19514947      -0.5716504
            0.1          -0.032           0.028       1.8621505     -0.26491139     -0.25671905     -0.56263567
            0.1          -0.028           0.028       2.1360874     -0.32874476     -0.27876079     -0.55128581
            0.1          -0.024           0.028       2.2689999     -0.38092283     -0.27722869     -0.54142837
            0.1           -0.02           0.028       2.2463455      -0.4230265     -0.26030281     -0.53821165
            0.1          -0.016           0.028       2.1641149     -0.46218384     -0.23225937     -0.54090088
            0.1          -0.012           0.028       2.1186557     -0.50542194     -0.19400612     -0.54581265
            0.1          -0.008           0.028       2.1283158     -0.54661311     -0.14432885     -0.54913124
            0.1          -0.004           0.028       2.1431797     -0.57093536     -0.08212786     -0.54909797
            0.1  -1.9823075e-18           0.028       2.1223388     -0.57125573   -0.0071595106     -0.54587643
            0.1           0.004           0.028       2.0815881      -0.5504616     0.078638735     -0.54135525
            0.1           0.008           0.028       2.0629275     -0.51484479       0.1674345     -0.53779472
            0.1           0.012           0.028       2.0823091     -0.47088482      0.24548773     -0.53661901
            0.1           0.016           0.028        2.120574     -0.42323127      0.30189013     -0.53836791
            0.1            0.02           0.028       2.1495917     -0.37443534      0.33384189     -0.54247397
            0.1           0.024           0.028       2.1543638     -0.32545085      0.34314678     -0.54768609
            0.1           0.028           0.028       2.1348743      -0.2756617       0.3330389       -0.553116
            0.1           0.032           0.028       2.0967696     -0.22364451      0.30940719      -0.5585891
            0.1           0.036           0.028       2.0438053     -0.16968735      0.28076329     -0.56438331
            0.1            0.04           0.028       1.9726211     -0.11627409      0.25675557     -0.56946008
            0.1           0.044           0.028       1.8506669    -0.068503153      0.24140007     -0.57316704
            0.1           0.048           0.028       1.5729199    -0.025089071      0.21969847     -0.57558604
            0.1           0.052           0.028       1.1237377    0.0034493656      0.16872553     -0.58018413
            0.1           0.056           0.028      0.71238307  -0.00058824244      0.11225644     -0.58409477
            0.1            0.06           0.028      0.45574414    -0.019230272     0.080775939     -0.58455334
            0.1           0.064           0.028      0.31451755    -0.033391388     0.068153613     -0.58454163
            0.1           0.068           0.028      0.25790794    -0.041679756     0.065268009     -0.58367307
            0.1           0.072           0.028      0.24786032    -0.043384583     0.064907991     -0.58272044
            0.1           0.076           0.028      0.25921056    -0.040912319     0.064921322     -0.58189757
            0.1            0.08           0.028      0.27491854    -0.036116164     0.064747311     -0.58143112
            0.1           0.084           0.028      0.28505541    -0.030901113     0.064125687     -0.58129453
            0.1           0.088           0.028      0.28695106     -0.02599132     0.063553738     -0.58134215
            0.1           0.092           0.028      0.28102283    -0.020718064     0.064142193     -0.58144068
            0.1           0.096           0.028      0.25488072    -0.012641756     0.063078716     -0.58138998
            0.1             0.1           0.028               0               0               0       -0.581289
            0.1          -0.096           0.032     -0.33421582  -0.00071858523    -0.073908824     -0.62509057
            0.1            -0.1           0.032               0               0               0     -0.62491291
            0.1          -0.092           0.032      -0.3377489   -0.0054743651    -0.091029386     -0.62606057
            0.1          -0.088           0.032     -0.32326007   -0.0060022019     -0.10032942     -0.62758904
            0.1          -0.084           0.032     -0.29850255   -0.0036446419     -0.10227091     -0.62900354
            0.1           -0.08           0.032     -0.26262214    0.0020155362    -0.097738913       -0.630409
            0.1          -0.076           0.032      -0.2135339     0.010146682    -0.087532702     -0.63197131
            0.1          -0.072           0.032     -0.14741553     0.019038394    -0.072820888     -0.63373273
            0.1          -0.068           0.032    -0.056496038     0.026171927    -0.054219769     -0.63543726
            0.1          -0.064           0.032     0.072108783     0.028426718    -0.030975564     -0.63636629
            0.1           -0.06           0.032      0.25633213     0.022287077   -0.0025640532     -0.63542161
            0.1          -0.056           0.032      0.51782051    0.0044408267     0.030374859     -0.63139349
            0.1          -0.052           0.032       0.8685279    -0.022081158     0.068099809     -0.62223362
            0.1          -0.048           0.032       1.2825581     -0.03794506      0.10300479     -0.60332134
            0.1          -0.044           0.032       1.4843303    -0.034224471      0.07968276     -0.58504788
            0.1           -0.04           0.032       1.4128535    -0.064135832    -0.034816671     -0.57987357
            0.1          -0.036           0.032        1.483297     -0.14829911     -0.15415554     -0.57636033
            0.1          -0.032           0.032       1.7875532     -0.23627151     -0.21246195      -0.5679217
            0.1          -0.028           0.032       2.0991258     -0.30587455     -0.22752825     -0.55668679
            0.1          -0.024           0.032       2.2644761     -0.35868764     -0.22058981      -0.5461675
            0.1           -0.02           0.032       2.2491225     -0.39580692     -0.20514386      -0.5418866
            0.1          -0.016           0.032       2.1515038     -0.42380968     -0.18516178     -0.54266633
            0.1          -0.012           0.032       2.0912909     -0.45225318     -0.15777662     -0.54468331
            0.1          -0.008           0.032       2.1129172      -0.4809818     -0.11794173     -0.54455467
            0.1          -0.004           0.032       2.1697253     -0.49876706      -0.0649383     -0.54110141
            0.1  -1.9822768e-18           0.032       2.1898163     -0.49722683   -0.0027282292     -0.53516652
            0.1           0.004           0.032       2.1487424     -0.47642189     0.063784555     -0.52975867
            0.1           0.008           0.032       2.0761992     -0.44159267      0.13088897     -0.52818786
            0.1           0.012           0.032       2.0144626     -0.40175113      0.19343083      -0.5314992
            0.1           0.016           0.032       1.9797097     -0.36352657      0.24377516     -0.53866152
            0.1            0.02           0.032       1.9560637     -0.32732039      0.27503317     -0.54789591
            0.1           0.024           0.032       1.9198147     -0.29087744      0.28307062     -0.55733128
            0.1           0.028           0.032       1.8617381     -0.25138062      0.26827288      -0.5650121
            0.1           0.032           0.032       1.7852051     -0.20588291      0.23811384     -0.57053461
            0.1           0.036           0.032       1.6955618     -0.15514778      0.20525513     -0.57499659
            0.1            0.04           0.032       1.5976571     -0.10480261      0.18282851     -0.57841667
            0.1           0.044           0.032       1.4801141    -0.060447134      0.17532838     -0.58074146
            0.1           0.048           0.032       1.2785625    -0.019187913      0.16972438     -0.58167532
            0.1           0.052           0.032      0.96152353    0.0096053343      0.14338248     -0.58391949
            0.1           0.056           0.032      0.64328753    0.0083501682      0.10936599     -0.58589497
            0.1            0.06           0.032      0.41112308   -0.0099869493     0.090860894     -0.58556403
            0.1           0.064           0.032      0.26268262    -0.027098145     0.084069533      -0.5851496
            0.1           0.068           0.032      0.18978098    -0.038072913      0.08259523     -0.58423473
            0.1           0.072           0.032      0.16455861    -0.041121267     0.081798566     -0.58318501
            0.1           0.076           0.032      0.16460701    -0.037991163     0.081032069     -0.58226844
            0.1            0.08           0.032      0.17414277    -0.031183868     0.080359318     -0.58178557
            0.1           0.084           0.032      0.18148341    -0.023995499     0.079703182     -0.58173319
            0.1           0.088           0.032      0.18158948    -0.018516262     0.079204673     -0.58193007
            0.1           0.092           0.032      0.17383564    -0.014864374     0.079317413      -0.5821789
            0.1           0.096           0.032      0.14614304   -0.0091257453     0.077355108     -0.58219296
            0.1             0.1           0.032               0               0               0      -0.5820896
            0.1          -0.096           0.036     -0.35421245   -0.0064319829    -0.073735639     -0.61995027
            0.1            -0.1           0.036               0               0               0     -0.61916442
            0.1          -0.092           0.036     -0.36025777    -0.014659071    -0.093571905     -0.62176988
            0.1          -0.088           0.036     -0.34890933    -0.018239846     -0.10726536     -0.62374421
            0.1          -0.084           0.036     -0.32613765    -0.017844545     -0.11351071     -0.62550034
            0.1           -0.08           0.036     -0.29104641    -0.013526081     -0.11264464     -0.62716889
            0.1          -0.076           0.036     -0.24218217   -0.0061153439      -0.1051322       -0.628977
            0.1          -0.072           0.036     -0.17729809    0.0027189923    -0.091897214      -0.6309958
            0.1          -0.068           0.036    -0.091493242     0.010676284    -0.073470692      -0.6329938
            0.1          -0.064           0.036     0.024299114     0.015237515    -0.048932663     -0.63426825
            0.1           -0.06           0.036       0.1830816     0.014215358    -0.017127133     -0.63380791
            0.1          -0.056           0.036      0.39956337    0.0058260687     0.021246239     -0.63041625
            0.1          -0.052           0.036      0.68113857   -0.0084607547     0.064364711     -0.62288001
            0.1          -0.048           0.036       1.0064631     -0.01436341      0.10492896     -0.60780558
            0.1          -0.044           0.036        1.201384   -0.0036681179     0.097804662     -0.59051544
            0.1           -0.04           0.036       1.2264148    -0.027705055    0.0052426949     -0.58370559
            0.1          -0.036           0.036       1.3667582     -0.11221548     -0.10552979     -0.57999357
            0.1          -0.032           0.036       1.7004478     -0.20575064      -0.1635645     -0.57221658
            0.1          -0.028           0.036       2.0466608     -0.27858243     -0.17500439     -0.56249041
            0.1          -0.024           0.036       2.2461411     -0.33050203     -0.16542289     -0.55312542
            0.1           -0.02           0.036       2.2414708     -0.36171508      -0.1547347     -0.54934767
            0.1          -0.016           0.036       2.1202272     -0.37755826     -0.14691749     -0.54973969
            0.1          -0.012           0.036       2.0186631      -0.3893544     -0.13477023     -0.55074181
            0.1          -0.008           0.036       2.0194794      -0.4038179     -0.10734945     -0.54961633
            0.1          -0.004           0.036       2.1043125     -0.41468654    -0.061411956      -0.5452364
            0.1  -1.9822715e-18           0.036       2.1901559     -0.41269729   -0.0031434872     -0.53824937
            0.1           0.004           0.036       2.2130921     -0.39481968     0.057622518     -0.53141941
            0.1           0.008           0.036        2.158473     -0.36156252      0.11335656     -0.52833701
            0.1           0.012           0.036       2.0485382     -0.31967331      0.16067415     -0.53107814
            0.1           0.016           0.036       1.9198933     -0.27898337      0.19669635     -0.53959381
            0.1            0.02           0.036        1.798437     -0.24526023      0.21708926     -0.55217823
            0.1           0.024           0.036       1.6903627      -0.2175093      0.21605862     -0.56522392
            0.1           0.028           0.036       1.5895655     -0.18699013      0.19012727     -0.57429685
            0.1           0.032           0.036       1.4846443     -0.14435083      0.14772575     -0.57940371
            0.1           0.036           0.036       1.3645211     -0.09358231       0.1085359     -0.58337452
            0.1            0.04           0.036       1.2363595    -0.049548448     0.090290462     -0.58633105
            0.1           0.044           0.036       1.1123967    -0.018697124     0.094330985      -0.5882359
            0.1           0.048           0.036      0.96269356    0.0054620651      0.10610853     -0.58880998
            0.1           0.052           0.036      0.75535493     0.019419617      0.10691645     -0.58950321
            0.1           0.056           0.036      0.53249256     0.011810511      0.10045799     -0.58962343
            0.1            0.06           0.036      0.34259743   -0.0091081982     0.099092054     -0.58819267
            0.1           0.064           0.036      0.20346014    -0.028806364      0.10001212     -0.58692893
            0.1           0.068           0.036      0.12184949    -0.041284674     0.099997639     -0.58558483
            0.1           0.072           0.036     0.081884556    -0.044897633     0.098398129     -0.58420686
            0.1           0.076           0.036     0.067418264    -0.040802036     0.096630821     -0.58312886
            0.1            0.08           0.036     0.067050826    -0.031688809     0.095605844     -0.58266508
            0.1           0.084           0.036     0.070516823    -0.021849489     0.095444998     -0.58275092
            0.1           0.088           0.036     0.070331203    -0.014656021     0.095932997     -0.58314691
            0.1           0.092           0.036     0.061824094     -0.01102749     0.096927352     -0.58359572
            0.1           0.096           0.036     0.031461986   -0.0068305901     0.095698266     -0.58381271
            0.1             0.1           0.036               0               0               0     -0.58381979
            0.1          -0.096            0.04     -0.37149889    -0.014152587     -0.07008331     -0.61612087
            0.1            -0.1            0.04               0               0               0     -0.61468088
            0.1          -0.092            0.04     -0.38336074    -0.025165835      -0.0954103     -0.61870376
            0.1          -0.088            0.04     -0.37665609    -0.031620513      -0.1144969     -0.62084275
            0.1          -0.084            0.04     -0.35638612    -0.033351339     -0.12560187     -0.62267522
            0.1           -0.08            0.04     -0.32179679     -0.03094511     -0.12874014     -0.62439043
            0.1          -0.076            0.04     -0.27226793    -0.025226183     -0.12420682     -0.62622061
            0.1          -0.072            0.04     -0.20723249     -0.01767048      -0.1128309     -0.62821507
            0.1          -0.068            0.04     -0.12468004     -0.01020556    -0.095231923     -0.63020243
            0.1          -0.064            0.04    -0.019476974   -0.0048230053    -0.070825162     -0.63159546
            0.1           -0.06            0.04      0.11679901   -0.0027360451    -0.038229872     -0.63145347
            0.1          -0.056            0.04      0.29430619   -0.0044245903    0.0024119443     -0.62859564
            0.1          -0.052            0.04      0.51586293   -0.0093022989     0.047551112     -0.62205556
            0.1          -0.048            0.04      0.76062155   -0.0091452472     0.088070344     -0.60983155
            0.1          -0.044            0.04      0.93309272  -0.00041686844     0.090822637     -0.59483702
            0.1           -0.04            0.04       1.0337928    -0.021386342     0.025956567     -0.58725334
            0.1          -0.036            0.04        1.243773    -0.096051138    -0.062887025     -0.58274155
            0.1          -0.032            0.04       1.6031344     -0.18539803      -0.1150794     -0.57554803
            0.1          -0.028            0.04        1.971784     -0.25579526     -0.12369438     -0.56770475
            0.1          -0.024            0.04       2.1990724     -0.30156291     -0.11350345     -0.56076414
            0.1           -0.02            0.04       2.2103092     -0.32230428     -0.10895641     -0.55855404
            0.1          -0.016            0.04       2.0674752      -0.3230329     -0.11395385     -0.55957797
            0.1          -0.012            0.04       1.9039875     -0.31649782       -0.117676     -0.56089225
            0.1          -0.008            0.04       1.8435816     -0.31693714     -0.10421403     -0.56063101
            0.1          -0.004            0.04       1.9198868     -0.32340742       -0.067687     -0.55750765
            0.1  -1.9822713e-18            0.04       2.0576278     -0.32360891    -0.014622256     -0.55190541
            0.1           0.004            0.04       2.1723435      -0.3115194     0.044537416     -0.54540272
            0.1           0.008            0.04       2.2187261        -0.28386     0.099581586      -0.5405949
            0.1           0.012            0.04       2.1781364     -0.24152492      0.14360883     -0.54003873
            0.1           0.016            0.04       2.0590779     -0.19180761      0.17236051     -0.54481706
            0.1            0.02            0.04        1.891933     -0.14470652      0.18198429     -0.55499613
            0.1           0.024            0.04       1.7124038     -0.10685146      0.16624469     -0.56845703
            0.1           0.028            0.04       1.5648487    -0.069513301      0.12016983      -0.5783231
            0.1           0.032            0.04       1.4221355    -0.023175351     0.062044245     -0.58312341
            0.1           0.036            0.04       1.2321088     0.017995683      0.02301067     -0.58752112
            0.1            0.04            0.04        1.031663     0.038607119     0.015361937     -0.59144156
            0.1           0.044            0.04      0.86358026     0.042365339     0.031471723     -0.59434576
            0.1           0.048            0.04      0.71897033     0.038579366     0.056958884     -0.59570205
            0.1           0.052            0.04      0.56771571      0.02853011     0.078700144     -0.59584801
            0.1           0.056            0.04      0.40796998    0.0077438535     0.094793445     -0.59462292
            0.1            0.06            0.04       0.2576357    -0.018133524      0.10795677      -0.5921046
            0.1           0.064            0.04      0.13549059    -0.039128027      0.11506803     -0.58977494
            0.1           0.068            0.04     0.051428947    -0.051149794      0.11596046     -0.58762803
            0.1           0.072            0.04   -0.0010640369    -0.053717912      0.11342285     -0.58572106
            0.1           0.076            0.04     -0.03079686    -0.048076419      0.11075487     -0.58443725
            0.1            0.08            0.04    -0.043772785    -0.037082594      0.10986083     -0.58397353
            0.1           0.084            0.04    -0.046482701    -0.025024597      0.11109694     -0.58414394
            0.1           0.088            0.04      -0.0468772    -0.015515509      0.11389703     -0.58467192
            0.1           0.092            0.04    -0.054550808   -0.0099859869      0.11743895     -0.58529516
            0.1           0.096            0.04    -0.084068836   -0.0056020456      0.11804039     -0.58576198
            0.1             0.1            0.04               0               0               0     -0.58592144
            0.1          -0.096           0.044      -0.3906064     -0.02028318     -0.06320975     -0.61341517
            0.1            -0.1           0.044               0               0               0     -0.61147793
            0.1          -0.092           0.044     -0.41101973    -0.033676977    -0.096474022     -0.61648268
            0.1          -0.088           0.044     -0.41046312    -0.042737188     -0.12157606     -0.61853763
            0.1          -0.084           0.044     -0.39339627    -0.046783592     -0.13758014     -0.62021038
            0.1           -0.08           0.044     -0.35916138    -0.046807467     -0.14456649     -0.62177059
            0.1          -0.076           0.044      -0.3080135    -0.043642164     -0.14289929     -0.62344805
            0.1          -0.072           0.044      -0.2411766    -0.038581187     -0.13351498     -0.62521968
            0.1          -0.068           0.044     -0.15940011    -0.033155365     -0.11727342     -0.62694645
            0.1          -0.064           0.044    -0.061203797    -0.028849759    -0.094130514     -0.62818409
            0.1           -0.06           0.044      0.05783694    -0.026281428    -0.062912734     -0.62811912
            0.1          -0.056           0.044      0.20380665    -0.024901867    -0.023196063     -0.62569238
            0.1          -0.052           0.044      0.37832642    -0.024000629     0.021539826     -0.62005217
            0.1          -0.048           0.044      0.56602819    -0.020482779     0.061375242     -0.61014345
            0.1          -0.044           0.044      0.72285846     -0.01587772     0.071716266      -0.5978123
            0.1           -0.04           0.044      0.87112969    -0.036811713     0.031576947     -0.58986809
            0.1          -0.036           0.044       1.1199727    -0.099810404    -0.031277739     -0.58447402
            0.1          -0.032           0.044       1.4785867     -0.17789861    -0.071392646     -0.57784339
            0.1          -0.028           0.044       1.8346809     -0.23975752    -0.077770877     -0.57159834
            0.1          -0.024           0.044       2.0601771     -0.27294099    -0.070433681     -0.56730969
            0.1           -0.02           0.044       2.0831157     -0.27714323    -0.072423855      -0.5670454
            0.1          -0.016           0.044       1.9361761     -0.25994983    -0.086288083      -0.5692811
            0.1          -0.012           0.044       1.7205043     -0.23560153      -0.1001483     -0.57183262
            0.1          -0.008           0.044        1.578928     -0.22428732    -0.096991268     -0.57359646
            0.1          -0.004           0.044       1.6061216     -0.22945185    -0.070009489     -0.57304114
            0.1  -1.9822788e-18           0.044       1.7496526     -0.23447286    -0.026119014     -0.57049082
            0.1           0.004           0.044       1.9178285     -0.23029949     0.025915074     -0.56656029
            0.1           0.008           0.044       2.0597804     -0.21233438     0.077310737     -0.56245295
            0.1           0.012           0.044       2.1404793     -0.17754989      0.12068641     -0.56037488
            0.1           0.016           0.044       2.1412644     -0.12843901       0.1508285      -0.5611134
            0.1            0.02           0.044       2.0568844    -0.070486842      0.16099452     -0.56554991
            0.1           0.024           0.044       1.8939269    -0.011458013      0.13994721     -0.57428064
            0.1           0.028           0.044       1.7110732     0.044164006     0.087628361     -0.58275562
            0.1           0.032           0.044       1.4920171     0.088347844     0.031664692     -0.58903919
            0.1           0.036           0.044        1.206046      0.10606359  -0.00016053469     -0.59510444
            0.1            0.04           0.044      0.93202867     0.097872456   -0.0038845336      -0.5998583
            0.1           0.044           0.044      0.71598941     0.076819123     0.012527411     -0.60312814
            0.1           0.048           0.044      0.55297469     0.050437454     0.040379871     -0.60426597
            0.1           0.052           0.044      0.41680607     0.021503828     0.070754344     -0.60335227
            0.1           0.056           0.044      0.28828126   -0.0094221368     0.097824109     -0.60065042
            0.1            0.06           0.044      0.16687358    -0.037216194      0.11763594     -0.59687846
            0.1           0.064           0.044     0.061705479    -0.056061191      0.12690604     -0.59329384
            0.1           0.068           0.044     -0.02070795    -0.064675595      0.12734625     -0.59014859
            0.1           0.072           0.044    -0.081010563     -0.06387168      0.12335279     -0.58766094
            0.1           0.076           0.044     -0.12210165    -0.055605073      0.11956092      -0.5861501
            0.1            0.08           0.044     -0.14609334    -0.043074003      0.11892116     -0.58558783
            0.1           0.084           0.044     -0.15620713    -0.029786976      0.12225111     -0.58568278
            0.1           0.088           0.044     -0.15880258    -0.018455211       0.1286749     -0.58619177
            0.1           0.092           0.044     -0.16526219    -0.010485297      0.13620999     -0.58688931
            0.1           0.096           0.044     -0.18723042   -0.0050193055      0.13852315     -0.58751304
            0.1             0.1           0.044               0               0               0     -0.58776884
            0.1          -0.096           0.048     -0.41274671    -0.022979577    -0.054495262     -0.61159066
            0.1            -0.1           0.048               0               0               0     -0.60944781
            0.1          -0.092           0.048     -0.44471669    -0.037694997    -0.096745825     -0.61470477
            0.1          -0.088           0.048     -0.45217249    -0.048967596     -0.12782524     -0.61642966
            0.1          -0.084           0.048     -0.43922878    -0.055412688     -0.14816537     -0.61775366
            0.1           -0.08           0.048     -0.40549181      -0.0582461     -0.15829815     -0.61897083
            0.1          -0.076           0.048     -0.35223517    -0.058264223     -0.15897482     -0.62030398
            0.1          -0.072           0.048     -0.28234529    -0.056580904     -0.15141595     -0.62168617
            0.1          -0.068           0.048     -0.19898761    -0.054404888     -0.13676451     -0.62298187
            0.1          -0.064           0.048      -0.1039763    -0.052803483     -0.11553428      -0.6238508
            0.1           -0.06           0.048    0.0036244023     -0.05203358    -0.087134326     -0.62364555
            0.1          -0.056           0.048      0.12655475    -0.051007807    -0.050951541     -0.62152402
            0.1          -0.052           0.048      0.26693899    -0.048259762   -0.0091034673     -0.61674089
            0.1          -0.048           0.048       0.4178321    -0.043211935     0.029960041     -0.60874523
            0.1          -0.044           0.048      0.56326979    -0.040582987      0.04808874     -0.59885951
            0.1           -0.04           0.048      0.72616664    -0.058710364     0.030955339     -0.59116167
            0.1          -0.036           0.048      0.96381686     -0.10757574    -0.005072229     -0.58524283
            0.1          -0.032           0.048       1.2641417     -0.16819605    -0.030414305     -0.57931763
            0.1          -0.028           0.048        1.536272     -0.21363304    -0.036526582     -0.57480313
            0.1          -0.024           0.048       1.6930686     -0.22977789    -0.036595554     -0.57298174
            0.1           -0.02           0.048       1.7018872     -0.21857497    -0.045089652     -0.57440232
            0.1          -0.016           0.048       1.5853023     -0.19034259    -0.061752773     -0.57760013
            0.1          -0.012           0.048       1.3946759     -0.15801014    -0.077689737     -0.58113392
            0.1          -0.008           0.048       1.2331117     -0.14102716    -0.080384869     -0.58461772
            0.1          -0.004           0.048       1.2105802     -0.14418764    -0.062519128     -0.58682673
            0.1  -1.9823254e-18           0.048       1.3103404      -0.1504632    -0.029708006     -0.58816712
            0.1           0.004           0.048        1.460432     -0.15147934     0.010708542     -0.58918631
            0.1           0.008           0.048       1.6215451     -0.14407262     0.053060648     -0.58900885
            0.1           0.012           0.048       1.7567345     -0.12279563     0.090560658     -0.58843472
            0.1           0.016           0.048       1.8371794    -0.086243951      0.11773053     -0.58879249
            0.1            0.02           0.048       1.8354129    -0.035138358      0.12776037     -0.59075436
            0.1           0.024           0.048       1.7240311     0.024994788      0.11085609     -0.59533968
            0.1           0.028           0.048       1.5300659     0.077770208     0.072931408     -0.60182841
            0.1           0.032           0.048       1.2808633      0.10612371     0.034926312     -0.60831787
            0.1           0.036           0.048       1.0028746      0.10706729     0.010899326     -0.61317785
            0.1            0.04           0.048      0.75420895     0.088932522    0.0060181972     -0.61548162
            0.1           0.044           0.048      0.55587443     0.060507301     0.018898236      -0.6159806
            0.1           0.048           0.048      0.40403623     0.026860045     0.044773227     -0.61461251
            0.1           0.052           0.048      0.28271973   -0.0077389666      0.07600088     -0.61146921
            0.1           0.056           0.048        0.175818    -0.039169661      0.10449546     -0.60687764
            0.1            0.06           0.048     0.076220656    -0.062783929      0.12411433     -0.60165455
            0.1           0.064           0.048    -0.014555866    -0.075703351      0.13225561     -0.59681657
            0.1           0.068           0.048    -0.092338444     -0.07826573      0.13097236     -0.59274189
            0.1           0.072           0.048     -0.15469548     -0.07227395      0.12503953     -0.58970947
            0.1           0.076           0.048     -0.20075033    -0.060490055      0.11997279     -0.58790381
            0.1            0.08           0.048     -0.23061525    -0.046268624      0.11954027     -0.58710932
            0.1           0.084           0.048     -0.24613041    -0.032204065      0.12495881      -0.5869971
            0.1           0.088           0.048     -0.25194515     -0.01993355      0.13531427     -0.58737271
            0.1           0.092           0.048     -0.25758351    -0.010531189      0.14758196     -0.58803008
            0.1           0.096           0.048     -0.26935235   -0.0043775742      0.15210023     -0.58867832
            0.1             0.1           0.048               0               0               0     -0.58895691
            0.1          -0.096           0.052     -0.43715629    -0.020925908    -0.046137425     -0.61023199
            0.1            -0.1           0.052               0               0               0     -0.60825775
            0.1          -0.092           0.052     -0.48462458    -0.035783959    -0.096622434     -0.61288424
            0.1          -0.088           0.052     -0.50229149    -0.048728691     -0.13274216     -0.61407326
            0.1          -0.084           0.052     -0.49430154     -0.05746725     -0.15622597     -0.61492395
            0.1           -0.08           0.052     -0.46120487    -0.063224406       -0.168275     -0.61568353
            0.1          -0.076           0.052     -0.40570969    -0.066699869      -0.1703155     -0.61653048
            0.1          -0.072           0.052     -0.33222447     -0.06882395     -0.16404069     -0.61737905
            0.1          -0.068           0.052     -0.24584255    -0.070570934     -0.15090093     -0.61814642
            0.1          -0.064           0.052     -0.15110336    -0.072695649     -0.13187558     -0.61855973
            0.1           -0.06           0.052     -0.05013742    -0.075127239     -0.10706026     -0.61811545
            0.1          -0.056           0.052     0.057731784    -0.076555115    -0.075896871     -0.61619927
            0.1          -0.052           0.052      0.17425236     -0.07503479       -0.039266     -0.61222188
            0.1          -0.048           0.052       0.2989017    -0.069831568     -0.00255325     -0.60590496
            0.1          -0.044           0.052      0.42783473     -0.06533538     0.022004304     -0.59825261
            0.1           -0.04           0.052       0.5709997    -0.073628495     0.023931488     -0.59174983
            0.1          -0.036           0.052      0.74676215     -0.10066108     0.010705306     -0.58671265
            0.1          -0.032           0.052      0.93473375     -0.13428555   -0.0021899414     -0.58265537
            0.1          -0.028           0.052       1.0787986     -0.15629686     -0.01062636      -0.5804503
            0.1          -0.024           0.052       1.1437116     -0.15808886    -0.020088683     -0.58045547
            0.1           -0.02           0.052       1.1348434     -0.14315798    -0.034408364     -0.58238199
            0.1          -0.016           0.052       1.0725257     -0.11969073    -0.050770759     -0.58532005
            0.1          -0.012           0.052      0.97478454     -0.09558322    -0.064170487     -0.58857954
            0.1          -0.008           0.052       0.8820828    -0.081825417    -0.068812435     -0.59218399
            0.1          -0.004           0.052      0.85559731    -0.080708633    -0.058751658     -0.59580333
            0.1  -1.9824387e-18           0.052      0.90046009    -0.081530283    -0.037117901     -0.60002918
            0.1           0.004           0.052       0.9867623    -0.080414503   -0.0099778003     -0.60544653
            0.1           0.008           0.052        1.098647    -0.077526409     0.020465784     -0.61050948
            0.1           0.012           0.052        1.210063    -0.068449913     0.049550714     -0.61404332
            0.1           0.016           0.052       1.2886728    -0.048719305      0.07103379     -0.61641109
            0.1            0.02           0.052       1.3001374     -0.01625049     0.078460519     -0.61822713
            0.1           0.024           0.052        1.215693     0.023345221     0.067078561     -0.62102295
            0.1           0.028           0.052       1.0543424     0.054474833     0.042885961     -0.62486651
            0.1           0.032           0.052      0.86360122     0.066851141     0.019200673      -0.6275336
            0.1           0.036           0.052      0.67493019     0.061943382     0.005800711     -0.62835914
            0.1            0.04           0.052      0.50713606      0.04377527    0.0075891905     -0.62773829
            0.1           0.044           0.052      0.36607602      0.01617032     0.024184582      -0.6258733
            0.1           0.048           0.052      0.25114959    -0.016096756     0.051281548     -0.62253404
            0.1           0.052           0.052      0.15567475    -0.047385193     0.081484587     -0.61766785
            0.1           0.056           0.052     0.069659392    -0.072787183        0.107412     -0.61166625
            0.1            0.06           0.052    -0.012924341    -0.088796278      0.12400112     -0.60539876
            0.1           0.064           0.052    -0.091892033    -0.094135244      0.12953617     -0.59970673
            0.1           0.068           0.052     -0.16368376    -0.089825321      0.12595677     -0.59495585
            0.1           0.072           0.052     -0.22414629     -0.07827626      0.11822758     -0.59144934
            0.1           0.076           0.052     -0.27008475    -0.062856927      0.11237795     -0.58931068
            0.1            0.08           0.052     -0.30074621    -0.046839976      0.11244624     -0.58825453
            0.1           0.084           0.052      -0.3177783     -0.03209031      0.11972953     -0.58795216
            0.1           0.088           0.052     -0.32478615      -0.0195433      0.13351034     -0.58816993
            0.1           0.092           0.052     -0.32849442   -0.0098457081      0.15042842     -0.58868122
            0.1           0.096           0.052     -0.33028962   -0.0036183325      0.15832219     -0.58923454
            0.1             0.1           0.052               0               0               0     -0.58948456
            0.1          -0.096           0.056     -0.46315692    -0.013961395    -0.041087035     -0.60874125
            0.1            -0.1           0.056               0               0               0     -0.60724287
            0.1          -0.092           0.056      -0.5311634    -0.027748405    -0.096855406      -0.6105366
            0.1          -0.088           0.056     -0.56087238    -0.041753818     -0.13610919     -0.61105155
            0.1          -0.084           0.056     -0.55780434    -0.052460965     -0.16099346     -0.61135355
            0.1           -0.08           0.056     -0.52497617     -0.06092119     -0.17334294     -0.61160914
            0.1          -0.076           0.056      -0.4672509    -0.067689272     -0.17541548     -0.61191538
            0.1          -0.072           0.056     -0.39028637    -0.073533278     -0.16952677     -0.61219421
            0.1          -0.068           0.056     -0.30038581    -0.079296942     -0.15749083     -0.61250138
            0.1          -0.064           0.056     -0.20425405     -0.08546506      -0.1406589     -0.61259165
            0.1           -0.06           0.056     -0.10670099    -0.091625495     -0.11968049     -0.61197153
            0.1          -0.056           0.056   -0.0087391256    -0.096367014    -0.094242842     -0.61019042
            0.1          -0.052           0.056     0.090941803    -0.097489307    -0.064422901     -0.60689422
            0.1          -0.048           0.056      0.19386498    -0.093351808    -0.032956085     -0.60197505
            0.1          -0.044           0.056      0.29992118    -0.085867727   -0.0071480227     -0.59616969
            0.1           -0.04           0.056      0.40915106    -0.081944224    0.0050017871     -0.59115276
            0.1          -0.036           0.056      0.51923829     -0.08591479    0.0041506506     -0.58755688
            0.1          -0.032           0.056      0.61517716     -0.09267083   -0.0035289588     -0.58536007
            0.1          -0.028           0.056      0.67894113    -0.094295288    -0.015204548     -0.58477249
            0.1          -0.024           0.056      0.70810733    -0.088000056    -0.030115225     -0.58549351
            0.1           -0.02           0.056      0.71370282     -0.07596002    -0.046113205     -0.58712991
            0.1          -0.016           0.056      0.70571369    -0.061986694    -0.059910532     -0.58944031
            0.1          -0.012           0.056      0.68628773    -0.049199351    -0.068972788     -0.59234788
            0.1          -0.008           0.056      0.66067678    -0.040746568    -0.071740147     -0.59593599
            0.1          -0.004           0.056      0.64476296    -0.036236975    -0.065828786     -0.60024813
            0.1  -1.9825136e-18           0.056      0.64735934    -0.031507567     -0.05305401       -0.605748
            0.1           0.004           0.056      0.66916359     -0.02646277    -0.036982532     -0.61265681
            0.1           0.008           0.056      0.71182353    -0.023428073    -0.018142314     -0.62013862
            0.1           0.012           0.056      0.76538831    -0.021247056    0.0011918387     -0.62673375
            0.1           0.016           0.056      0.80563348    -0.015574353     0.016307119     -0.63145894
            0.1            0.02           0.056      0.80418067   -0.0030698095     0.022197051     -0.63424874
            0.1           0.024           0.056      0.74361096     0.013136055     0.016497892     -0.63590398
            0.1           0.028           0.056      0.63702452      0.02439819    0.0038235983     -0.63679897
            0.1           0.032           0.056      0.51387114     0.025166602   -0.0063402556     -0.63664864
            0.1           0.036           0.056      0.39365523     0.014968435   -0.0070305508     -0.63574205
            0.1            0.04           0.056      0.28552236   -0.0048153128    0.0043436757     -0.63401986
            0.1           0.044           0.056      0.19157011    -0.031292024     0.026475172      -0.6311455
            0.1           0.048           0.056      0.11087339     -0.05970388     0.054660626      -0.6268577
            0.1           0.052           0.056     0.038835001    -0.084882345     0.082538443     -0.62115577
            0.1           0.056           0.056    -0.030996336     -0.10290861      0.10467156      -0.6145352
            0.1            0.06           0.056     -0.10143494     -0.11134444      0.11746836     -0.60784414
            0.1           0.064           0.056     -0.17164301     -0.10973386      0.11984041     -0.60169668
            0.1           0.068           0.056     -0.23789309    -0.099339951      0.11391777     -0.59645875
            0.1           0.072           0.056     -0.29458295     -0.08297392      0.10502014     -0.59257206
            0.1           0.076           0.056      -0.3372305     -0.06449803     0.099253584     -0.59015238
            0.1            0.08           0.056     -0.36487129    -0.046909651      0.10038248     -0.58891146
            0.1           0.084           0.056      -0.3793038    -0.031532118      0.10953083      -0.5885197
            0.1           0.088           0.056     -0.38372771    -0.018949176      0.12612547     -0.58862937
            0.1           0.092           0.056     -0.38298272    -0.009389505      0.14698025     -0.58896072
            0.1           0.096           0.056     -0.37528981   -0.0031930778      0.15905176      -0.5893524
            0.1             0.1           0.056               0               0               0     -0.58954493
            0.1          -0.096            0.06     -0.49571842   -0.0037638502    -0.042660245     -0.60656641
            0.1            -0.1            0.06               0               0               0     -0.60568984
            0.1          -0.092            0.06     -0.58725946    -0.015282185    -0.098610042     -0.60733784
            0.1          -0.088            0.06     -0.62820148    -0.029394233      -0.1380228     -0.60711932
            0.1          -0.084            0.06     -0.62788937    -0.041429736     -0.16212866     -0.60683836
            0.1           -0.08            0.06     -0.59378418    -0.051998335     -0.17299803     -0.60661799
            0.1          -0.076            0.06     -0.53365351    -0.061446748     -0.17364026      -0.6064614
            0.1          -0.072            0.06     -0.45401775    -0.070426569     -0.16701511     -0.60628584
            0.1          -0.068            0.06     -0.36119587    -0.079697726     -0.15541618     -0.60627777
            0.1          -0.064            0.06     -0.26315487    -0.089569933     -0.14052537     -0.60628703
            0.1           -0.06            0.06     -0.16708233    -0.099355876     -0.12327258     -0.60574889
            0.1          -0.056            0.06    -0.075761255     -0.10735093      -0.1035725     -0.60420063
            0.1          -0.052            0.06     0.011919796     -0.11120798    -0.081059097     -0.60148197
            0.1          -0.048            0.06     0.097810551     -0.10883489    -0.056751422     -0.59764015
            0.1          -0.044            0.06      0.18252646      -0.1001445    -0.034570831     -0.59319231
            0.1           -0.04            0.06      0.26447059    -0.088543099     -0.02012093     -0.58928355
            0.1          -0.036            0.06      0.33910763    -0.077946561    -0.015999469     -0.58662003
            0.1          -0.032            0.06      0.40070422    -0.068484293    -0.020894122     -0.58530255
            0.1          -0.028            0.06      0.44823327    -0.058337519    -0.032005136     -0.58525766
            0.1          -0.024            0.06      0.48712248    -0.046932774    -0.045592059     -0.58612032
            0.1           -0.02            0.06      0.52400747    -0.035107168    -0.057843577     -0.58765272
            0.1          -0.016            0.06      0.55894408    -0.024364241    -0.066582949     -0.58995995
            0.1          -0.012            0.06      0.58182887    -0.015474083    -0.071586296     -0.59327767
            0.1          -0.008            0.06      0.58271935   -0.0086698525    -0.073080296     -0.59779707
            0.1          -0.004            0.06      0.56391065   -0.0029238882    -0.070180795     -0.60341144
            0.1  -1.9825376e-18            0.06      0.53503208    0.0035138556    -0.063324766     -0.61006335
            0.1           0.004            0.06      0.50667929    0.0093232553    -0.053596199      -0.6175798
            0.1           0.008            0.06      0.48857079     0.011341652    -0.041684294     -0.62534817
            0.1           0.012            0.06      0.48246781    0.0085588338    -0.029831462     -0.63247906
            0.1           0.016            0.06      0.47731162    0.0037630439    -0.021012513     -0.63790976
            0.1            0.02            0.06      0.45494373   0.00088338146    -0.017602089     -0.64094528
            0.1           0.024            0.06      0.40474185   2.5262207e-05    -0.019674394     -0.64189703
            0.1           0.028            0.06      0.33317868   -0.0026665371    -0.023388406     -0.64158466
            0.1           0.032            0.06      0.25465837     -0.01076532     -0.02288272     -0.64049425
            0.1           0.036            0.06      0.17854026     -0.02571326    -0.014219466     -0.63882374
            0.1            0.04            0.06      0.10909504    -0.046857093    0.0035612063     -0.63642622
            0.1           0.044            0.06     0.046878555    -0.071394387     0.028232884     -0.63300421
            0.1           0.048            0.06    -0.010792884    -0.095422581     0.055412061     -0.62834054
            0.1           0.052            0.06    -0.068027626     -0.11501181     0.080082696      -0.6224713
            0.1           0.056            0.06      -0.1279921     -0.12701875     0.098009513     -0.61585597
            0.1            0.06            0.06     -0.19139411     -0.12971091      0.10670075     -0.60913647
            0.1           0.064            0.06     -0.25651506      -0.1229593      0.10570415     -0.60271882
            0.1           0.068            0.06     -0.31860399     -0.10811328     0.097700451     -0.59715348
            0.1           0.072            0.06     -0.37082984     -0.08840293     0.088404151     -0.59303265
            0.1           0.076            0.06     -0.40827439    -0.067902906     0.083551069     -0.59040084
            0.1            0.08            0.06     -0.43030231    -0.049144659      0.08627962     -0.58903307
            0.1           0.084            0.06     -0.43897673    -0.033078627     0.097365107     -0.58861991
            0.1           0.088            0.06     -0.43733957    -0.020173853      0.11627592     -0.58870544
            0.1           0.092            0.06     -0.42923613    -0.010370546      0.14015631     -0.58891921
            0.1           0.096            0.06     -0.41140951   -0.0036939032      0.15639533     -0.58916469
            0.1             0.1            0.06               0               0               0     -0.58929966
            0.1          -0.096           0.064     -0.55384391    0.0050899153    -0.054816765     -0.60343161
            0.1            -0.1           0.064               0               0               0     -0.60317095
            0.1          -0.092           0.064     -0.65950707   -0.0023192591     -0.10362062     -0.60324717
            0.1          -0.088           0.064     -0.70422489    -0.014711764     -0.13890959     -0.60233942
            0.1          -0.084           0.064     -0.70134929     -0.02705167     -0.15973951     -0.60150763
            0.1           -0.08           0.064     -0.66293113    -0.038814256     -0.16750869      -0.6009706
            0.1          -0.076           0.064     -0.59950175    -0.050028256      -0.1654809     -0.60064353
            0.1          -0.072           0.064     -0.51811805    -0.061136376     -0.15695042     -0.60032601
            0.1          -0.068           0.064     -0.42414298    -0.072812899      -0.1447959     -0.60014411
            0.1          -0.064           0.064     -0.32539551    -0.085339815     -0.13130158     -0.60011328
            0.1           -0.06           0.064     -0.23038967    -0.097974654     -0.11753557     -0.59981194
            0.1          -0.056           0.064     -0.14328631     -0.10875775      -0.1032379     -0.59871562
            0.1          -0.052           0.064    -0.063383507      -0.1150893     -0.08770283     -0.59662231
            0.1          -0.048           0.064     0.012015659     -0.11453629    -0.070789151     -0.59369174
            0.1          -0.044           0.064      0.08452739     -0.10608713    -0.054130585     -0.59038785
            0.1           -0.04           0.064      0.15349002    -0.091536536    -0.041213935     -0.58749991
            0.1          -0.036           0.064      0.21727771    -0.074539355    -0.035020688      -0.5856248
            0.1          -0.032           0.064      0.27584438    -0.057726751    -0.036425653     -0.58486997
            0.1          -0.028           0.064      0.33223963    -0.041890177    -0.043852725     -0.58506104
            0.1          -0.024           0.064      0.39072634    -0.027154287    -0.053321851     -0.58597362
            0.1           -0.02           0.064      0.45224317    -0.013825111     -0.06073155     -0.58763298
            0.1          -0.016           0.064      0.51033795   -0.0025541274    -0.064791442     -0.59026738
            0.1          -0.012           0.064      0.55157653     0.006499926     -0.06696832      -0.5942119
            0.1          -0.008           0.064      0.56332424      0.01363054    -0.068657124     -0.59976831
            0.1          -0.004           0.064      0.54278565     0.019606815    -0.068980197     -0.60674163
            0.1  -1.9825419e-18           0.064      0.49626146     0.025257921    -0.066421212     -0.61464552
            0.1           0.004           0.064      0.43513593     0.029170942    -0.059749037     -0.62287435
            0.1           0.008           0.064       0.3738576     0.027980123    -0.049509925       -0.630667
            0.1           0.012           0.064      0.32213783     0.019930864    -0.039630378     -0.63720628
            0.1           0.016           0.064      0.27835892    0.0074312692    -0.033891236     -0.64174297
            0.1            0.02           0.064      0.23382286   -0.0051500403    -0.032859263      -0.6439426
            0.1           0.024           0.064      0.18277012    -0.015944278    -0.034211602     -0.64411706
            0.1           0.028           0.064      0.12709901    -0.026632107    -0.033988723     -0.64299018
            0.1           0.032           0.064     0.072149162    -0.039909054    -0.028232703     -0.64115299
            0.1           0.036           0.064     0.021193031    -0.057255328    -0.014885216     -0.63885082
            0.1            0.04           0.064    -0.025689208    -0.078273319    0.0056012846     -0.63601377
            0.1           0.044           0.064    -0.070462339     -0.10073174     0.030380825      -0.6324476
            0.1           0.048           0.064     -0.11636074     -0.12145511     0.055341806     -0.62791875
            0.1           0.052           0.064     -0.16663909     -0.13721365      0.07626554     -0.62237313
            0.1           0.056           0.064     -0.22275374     -0.14541039     0.089753712     -0.61611281
            0.1            0.06           0.064     -0.28401122     -0.14463818     0.094171079     -0.60950593
            0.1           0.064           0.064     -0.34737565     -0.13486023      0.08989082     -0.60296561
            0.1           0.068           0.064     -0.40670736     -0.11768483     0.080245668     -0.59728755
            0.1           0.072           0.064     -0.45445492    -0.096560177     0.071075877     -0.59302442
            0.1           0.076           0.064      -0.4859788     -0.07517368     0.067527124     -0.59017196
            0.1            0.08           0.064     -0.50128526    -0.055533219     0.072005836     -0.58865013
            0.1           0.084           0.064     -0.50257572    -0.038471253     0.084937704     -0.58820191
            0.1           0.088           0.064       -0.492632     -0.02454478      0.10578857     -0.58831143
            0.1           0.092           0.064     -0.47479965    -0.013574793      0.13190972     -0.58849974
            0.1           0.096           0.064     -0.44526898    -0.005367559      0.15173584     -0.58868069
            0.1             0.1           0.064               0               0               0      -0.5887924
            0.1          -0.096           0.068     -0.65326567    0.0097124637    -0.076313105     -0.59924313
            0.1            -0.1           0.068               0               0               0     -0.59951673
            0.1          -0.092           0.068     -0.75164099    0.0072137173     -0.11252279     -0.59834642
            0.1          -0.088           0.068     -0.78572833   -0.0017727122     -0.13916899     -0.59700214
            0.1          -0.084           0.068     -0.77272881    -0.013330211     -0.15413578     -0.59581616
            0.1           -0.08           0.068     -0.72624727    -0.025390936     -0.15765095     -0.59521306
            0.1          -0.076           0.068     -0.65788704    -0.037488605     -0.15232007     -0.59506154
            0.1          -0.072           0.068     -0.57490739     -0.04965371     -0.14116603     -0.59497813
            0.1          -0.068           0.068     -0.48176601    -0.062401169     -0.12752521     -0.59488799
            0.1          -0.064           0.068     -0.38497604    -0.076080732     -0.11451118     -0.59487159
            0.1           -0.06           0.068      -0.2925246    -0.090122693     -0.10354299     -0.59472394
            0.1          -0.056           0.068     -0.20878701     -0.10272745    -0.094076667     -0.59404147
            0.1          -0.052           0.068     -0.13327028     -0.11114254    -0.084851147     -0.59254049
            0.1          -0.048           0.068    -0.062362666      -0.1126153        -0.07489     -0.59031839
            0.1          -0.044           0.068    0.0077289204     -0.10553077    -0.064148235     -0.58781248
            0.1           -0.04           0.068     0.078239477    -0.090896636    -0.054160255     -0.58564473
            0.1          -0.036           0.068      0.14810339    -0.072386859    -0.047588322     -0.58426067
            0.1          -0.032           0.068      0.21764398    -0.053504457    -0.046572071     -0.58372222
            0.1          -0.028           0.068      0.28952089    -0.035610854    -0.050757834     -0.58395916
            0.1          -0.024           0.068      0.36479787    -0.018963492    -0.056847647     -0.58501965
            0.1           -0.02           0.068      0.43941699   -0.0039979393    -0.061030104     -0.58706839
            0.1          -0.016           0.068      0.50416495    0.0088206604    -0.062059637     -0.59027079
            0.1          -0.012           0.068       0.5486119     0.019410533    -0.061888373     -0.59500764
            0.1          -0.008           0.068      0.56303664     0.027576046    -0.063020795     -0.60166929
            0.1          -0.004           0.068      0.54119726      0.03327689    -0.065146406     -0.60998772
            0.1  -1.9825424e-18           0.068      0.48426165     0.036813568    -0.065313154       -0.619186
            0.1           0.004           0.068      0.40183134     0.036962373    -0.059922266     -0.62828113
            0.1           0.008           0.068       0.3112612     0.030777497    -0.048854551      -0.6361792
            0.1           0.012           0.068      0.22794319     0.017180168    -0.037716286     -0.64190291
            0.1           0.016           0.068      0.15640235  -0.00066001855    -0.032223456     -0.64494681
            0.1            0.02           0.068     0.093819316    -0.017999492    -0.032663637     -0.64554962
            0.1           0.024           0.068     0.037543606    -0.032732211    -0.034845409     -0.64443654
            0.1           0.028           0.068    -0.012372938    -0.046285719    -0.033724812     -0.64235885
            0.1           0.032           0.068    -0.055580881    -0.061267419    -0.025915921     -0.63984578
            0.1           0.036           0.068    -0.093563369    -0.079112841    -0.010686914     -0.63710044
            0.1            0.04           0.068     -0.12932542    -0.099415218     0.010334854     -0.63407843
            0.1           0.044           0.068     -0.16642228     -0.12027709     0.033810322     -0.63064376
            0.1           0.048           0.068     -0.20840069     -0.13894953     0.055788105     -0.62651666
            0.1           0.052           0.068     -0.25764206     -0.15253606     0.072590499     -0.62152781
            0.1           0.056           0.068     -0.31437749     -0.15878962      0.08155704     -0.61576523
            0.1            0.06           0.068     -0.37679224     -0.15652587     0.081824448     -0.60937852
            0.1           0.064           0.068     -0.44051185     -0.14588542     0.074568015     -0.60292371
            0.1           0.068           0.068     -0.49830624     -0.12868274     0.063606501     -0.59726403
            0.1           0.072           0.068     -0.54261274     -0.10802827     0.054632283     -0.59281225
            0.1           0.076           0.068     -0.56939091    -0.086740271     0.052208388     -0.58965125
            0.1            0.08           0.068     -0.57887681    -0.066387517      0.05817877     -0.58787695
            0.1           0.084           0.068     -0.57290688    -0.047964331     0.072724669     -0.58730844
            0.1           0.088           0.068     -0.55393189    -0.032261153     0.095209573     -0.58741448
            0.1           0.092           0.068     -0.52504886    -0.019082155       0.1229862     -0.58762342
            0.1           0.096           0.068     -0.48214138   -0.0083332041       0.1456525     -0.58782977
            0.1             0.1           0.068               0               0               0     -0.58797048
            0.1          -0.096           0.072     -0.77681783     0.011709791    -0.098976565     -0.59414182
            0.1            -0.1           0.072               0               0               0     -0.59471831
            0.1          -0.092           0.072     -0.85134835     0.012077007     -0.12197708      -0.5929316
            0.1          -0.088           0.072     -0.86302608     0.005926063     -0.13795636     -0.59155298
            0.1          -0.084           0.072     -0.83399991   -0.0044593545     -0.14541439     -0.59039899
            0.1           -0.08           0.072     -0.77692343    -0.016288703     -0.14415704     -0.58997084
            0.1          -0.076           0.072      -0.7023717    -0.028657354     -0.13564017     -0.59016668
            0.1          -0.072           0.072     -0.61739162    -0.041133172     -0.12210116     -0.59053464
            0.1          -0.068           0.072     -0.52625282    -0.053897783     -0.10690226      -0.5908113
            0.1          -0.064           0.072     -0.43397797    -0.067350004    -0.093698751      -0.5910184
            0.1           -0.06           0.072     -0.34659903    -0.081226465    -0.084371311     -0.59103211
            0.1          -0.056           0.072     -0.26734443    -0.094191167    -0.078460615     -0.59060044
            0.1          -0.052           0.072     -0.19514616     -0.10377843    -0.074247483     -0.58950029
            0.1          -0.048           0.072     -0.12543674      -0.1071046    -0.070015863     -0.58773554
            0.1          -0.044           0.072    -0.052329504     -0.10191899    -0.064618112     -0.58564848
            0.1           -0.04           0.072     0.027732199    -0.088304714    -0.057916444     -0.58382409
            0.1          -0.036           0.072      0.11227464    -0.069828585    -0.051855306     -0.58272786
            0.1          -0.032           0.072      0.19777281    -0.050704033    -0.049605547     -0.58239946
            0.1          -0.028           0.072      0.28439911    -0.032381419    -0.052086331     -0.58280361
            0.1          -0.024           0.072      0.37080208    -0.014972673    -0.056638574     -0.58418047
            0.1           -0.02           0.072       0.4503986   0.00082362657    -0.059444727     -0.58671857
            0.1          -0.016           0.072      0.51422165     0.014593998    -0.058752864     -0.59055249
            0.1          -0.012           0.072       0.5559915     0.026242749    -0.056520297     -0.59615756
            0.1          -0.008           0.072      0.56873053     0.034959271    -0.056340757      -0.6039018
            0.1          -0.004           0.072      0.54374313     0.039941881    -0.058921906     -0.61343176
            0.1  -1.9825424e-18           0.072       0.4775999     0.040983197    -0.060617005     -0.62379477
            0.1           0.004           0.072      0.37798091       0.0366544    -0.055790962     -0.63374784
            0.1           0.008           0.072      0.26560029     0.024502345    -0.043436269     -0.64185884
            0.1           0.012           0.072      0.16125907    0.0055055724    -0.030557535     -0.64679292
            0.1           0.016           0.072     0.072727382    -0.015384049    -0.024585667      -0.6481339
            0.1            0.02           0.072  -0.00084147817    -0.033586992    -0.025840521     -0.64680095
            0.1           0.024           0.072    -0.060953061    -0.048198878    -0.028919658     -0.64411339
            0.1           0.028           0.072     -0.10859227    -0.061499709    -0.027821466     -0.64094062
            0.1           0.032           0.072     -0.14622004    -0.076118769    -0.019305619     -0.63774882
            0.1           0.036           0.072     -0.17841288    -0.093324939    -0.003566463     -0.63466058
            0.1            0.04           0.072     -0.21000634     -0.11256691     0.016819357     -0.63161927
            0.1           0.044           0.072     -0.24531699     -0.13202962      0.03815998     -0.62843867
            0.1           0.048           0.072     -0.28784389     -0.14920691     0.056726876     -0.62477661
            0.1           0.052           0.072     -0.33915367     -0.16152005     0.069348106     -0.62040119
            0.1           0.056           0.072     -0.39862898     -0.16705747     0.074017314      -0.6152145
            0.1            0.06           0.072     -0.46349543      -0.1648527     0.070514808     -0.60922483
            0.1           0.064           0.072     -0.52851414     -0.15522364     0.060640933     -0.60298699
            0.1           0.068           0.072     -0.58631044     -0.13985964     0.048495005     -0.59727634
            0.1           0.072           0.072     -0.62985288     -0.12104923     0.039454036     -0.59250037
            0.1           0.076           0.072     -0.65520177     -0.10065165     0.037628653     -0.58894302
            0.1            0.08           0.072     -0.66165474    -0.079984006     0.044663382     -0.58684836
            0.1           0.084           0.072     -0.65018844    -0.060279247     0.060570704     -0.58606579
            0.1           0.088           0.072     -0.62304775     -0.04248912     0.084421639     -0.58607469
            0.1           0.092           0.072     -0.58312626    -0.026394355      0.11341178     -0.58626518
            0.1           0.096           0.072     -0.52577797    -0.012283528      0.13826122     -0.58654481
            0.1             0.1           0.072               0               0               0     -0.58676472
            0.1          -0.096           0.076     -0.88786056     0.011701965     -0.11587234     -0.58865101
            0.1            -0.1           0.076               0               0               0     -0.58921763
            0.1          -0.092           0.076      -0.9354669     0.011959697     -0.12709942     -0.58759158
            0.1          -0.088           0.076     -0.92243539    0.0064039846     -0.13321319     -0.58657731
            0.1          -0.084           0.076      -0.8764189   -0.0033706082     -0.13338133     -0.58586108
            0.1           -0.08           0.076     -0.80898111    -0.014859355     -0.12760681     -0.58581571
            0.1          -0.076           0.076      -0.7286633    -0.027103609     -0.11654285     -0.58638078
            0.1          -0.072           0.076     -0.64195499    -0.039441574     -0.10164914     -0.58720204
            0.1          -0.068           0.076     -0.55351597    -0.051662483    -0.085857559     -0.58793334
            0.1          -0.064           0.076     -0.46733638    -0.064044433    -0.072747271     -0.58848518
            0.1           -0.06           0.076     -0.38701859      -0.0766692    -0.064341672     -0.58874497
            0.1          -0.056           0.076     -0.31385721    -0.088748305     -0.06039335     -0.58852406
            0.1          -0.052           0.076     -0.24560724    -0.098322008    -0.059143826     -0.58767068
            0.1          -0.048           0.076     -0.17654158      -0.1026181    -0.058493768     -0.58616351
            0.1          -0.044           0.076    -0.098788391    -0.098864822    -0.056737239     -0.58423756
            0.1           -0.04           0.076   -0.0063584539    -0.086011459    -0.052880858     -0.58244181
            0.1          -0.036           0.076     0.095906718    -0.067408181    -0.048276572     -0.58139086
            0.1          -0.032           0.076      0.19816375    -0.048233796    -0.046623588     -0.58119288
            0.1          -0.028           0.076      0.29691829    -0.030058657    -0.049541468     -0.58179763
            0.1          -0.024           0.076       0.3895038    -0.012726139    -0.054461548     -0.58354009
            0.1           -0.02           0.076      0.46922568    0.0029953361    -0.057251018     -0.58657155
            0.1          -0.016           0.076      0.52957408     0.016874139    -0.055578886      -0.5910587
            0.1          -0.012           0.076      0.56711286     0.028716536     -0.05140308     -0.59757066
            0.1          -0.008           0.076      0.57553425     0.037172938    -0.049326515     -0.60637776
            0.1          -0.004           0.076        0.544706     0.041029428    -0.051220681     -0.61702928
            0.1  -1.9825424e-18           0.076      0.46795754     0.039581157    -0.053404491     -0.62844659
            0.1           0.004           0.076      0.35210895     0.030921827    -0.048795905     -0.63916757
            0.1           0.008           0.076      0.22237311     0.013108719    -0.035613965     -0.64733941
            0.1           0.012           0.076      0.10498545    -0.010087107    -0.021963749     -0.65131027
            0.1           0.016           0.076    0.0086318203     -0.03166623    -0.016058965     -0.65096336
            0.1            0.02           0.076    -0.069199424    -0.048394951    -0.017811007     -0.64783376
            0.1           0.024           0.076     -0.13057666    -0.061245948    -0.021265479     -0.64364712
            0.1           0.028           0.076       -0.176909    -0.073085252    -0.020114499     -0.63942727
            0.1           0.032           0.076     -0.21206857    -0.086295623    -0.011346533     -0.63562199
            0.1           0.036           0.076     -0.24211099      -0.1018876    0.0041937572     -0.63225806
            0.1            0.04           0.076     -0.27278156     -0.11930035     0.023318961     -0.62922949
            0.1           0.044           0.076      -0.3087521     -0.13690169     0.042195519     -0.62627654
            0.1           0.048           0.076     -0.35324242     -0.15246886     0.057335354     -0.62303468
            0.1           0.052           0.076     -0.40723733     -0.16380785     0.066008424     -0.61923546
            0.1           0.056           0.076     -0.46959375     -0.16934025     0.066785472      -0.6146491
            0.1            0.06           0.076     -0.53706755     -0.16828887     0.059979099     -0.60916405
            0.1           0.064           0.076     -0.60436073     -0.16091792      0.04783011     -0.60315022
            0.1           0.068           0.076     -0.66468898     -0.14844143     0.034538878     -0.59727126
            0.1           0.072           0.076     -0.71135381      -0.1322764     0.025170249      -0.5921065
            0.1           0.076           0.076     -0.73938568     -0.11359123     0.023587366     -0.58817226
            0.1            0.08           0.076     -0.74633025    -0.093569888     0.031384502     -0.58576065
            0.1           0.084           0.076      -0.7322995    -0.073419253      0.04835411     -0.58467202
            0.1           0.088           0.076     -0.69939684    -0.053962932     0.073184078     -0.58443747
            0.1           0.092           0.076     -0.65012932    -0.034851246      0.10289015     -0.58447795
            0.1           0.096           0.076     -0.57863001    -0.016774064      0.12938107     -0.58481394
            0.1             0.1           0.076               0               0               0     -0.58515074
            0.1          -0.096            0.08     -0.96140804    0.0081203294     -0.12374762     -0.58341933
            0.1            -0.1            0.08               0               0               0     -0.58374982
            0.1          -0.092            0.08     -0.98792483    0.0057528116     -0.12528276     -0.58288236
            0.1          -0.088            0.08     -0.95413502   -0.0010957969     -0.12356953     -0.58254083
            0.1          -0.084            0.08     -0.89421846    -0.011095348     -0.11803367     -0.58253152
            0.1           -0.08            0.08     -0.81893702    -0.022401913      -0.1087525     -0.58303412
            0.1          -0.076            0.08     -0.73510693    -0.034239321    -0.096047864     -0.58399569
            0.1          -0.072            0.08     -0.64861491    -0.046006458    -0.081012398     -0.58518091
            0.1          -0.068            0.08     -0.56420568    -0.057341972    -0.065944754       -0.586282
            0.1          -0.064            0.08     -0.48504419    -0.068369102     -0.05377049     -0.58712455
            0.1           -0.06            0.08      -0.4126762    -0.079349236    -0.046275905     -0.58757796
            0.1          -0.056            0.08     -0.34641524    -0.089892324      -0.0433268     -0.58750662
            0.1          -0.052            0.08     -0.28258313    -0.098486993    -0.043301606     -0.58682125
            0.1          -0.048            0.08     -0.21422383       -0.102489    -0.044036028      -0.5854995
            0.1          -0.044            0.08      -0.1317575    -0.098793551    -0.043705265     -0.58366495
            0.1           -0.04            0.08     -0.02746073    -0.085476714    -0.041397727      -0.5817882
            0.1          -0.036            0.08      0.09091858    -0.065877463    -0.038744602     -0.58063528
            0.1          -0.032            0.08      0.20674614    -0.046264267    -0.039404644     -0.58044437
            0.1          -0.028            0.08      0.31342871    -0.028296756    -0.044448367     -0.58118166
            0.1          -0.024            0.08        0.408914    -0.011474365     -0.05089901     -0.58321985
            0.1           -0.02            0.08      0.48773075    0.0035598378    -0.054279151     -0.58668128
            0.1          -0.016            0.08      0.54507461     0.016742725    -0.051858047     -0.59181376
            0.1          -0.012            0.08      0.57805953     0.027754766    -0.045814418     -0.59922875
            0.1          -0.008            0.08      0.58016932     0.035071961    -0.041691496     -0.60904909
            0.1          -0.004            0.08      0.54077289      0.03745639     -0.04240614     -0.62070535
            0.1  -1.9825424e-18            0.08      0.45141254     0.033719584    -0.044605299     -0.63299985
            0.1           0.004            0.08      0.32028687     0.021486561    -0.040295936     -0.64418773
            0.1           0.008            0.08      0.17895576  -0.00013035058    -0.027175882     -0.65197509
            0.1           0.012            0.08     0.056264111     -0.02502273    -0.013938032     -0.65476334
            0.1           0.016            0.08    -0.041923115    -0.045360685     -0.00853306     -0.65302378
            0.1            0.02            0.08     -0.12039814    -0.059939608    -0.010482564     -0.64855879
            0.1           0.024            0.08     -0.18163177    -0.071026926    -0.014038843     -0.64319456
            0.1           0.028            0.08     -0.22689694    -0.081084887    -0.012932054     -0.63810254
            0.1           0.032            0.08     -0.26068964     -0.09217445   -0.0043269198     -0.63373728
            0.1           0.036            0.08     -0.28962926     -0.10519956     0.010518663     -0.63011558
            0.1            0.04            0.08     -0.31995274     -0.11982099     0.028095189     -0.62706954
            0.1           0.044            0.08     -0.35649014      -0.1347535     0.044547843     -0.62429024
            0.1           0.048            0.08     -0.40209913     -0.14818787      0.05655738     -0.62142255
            0.1           0.052            0.08     -0.45750399      -0.1583913     0.061748818     -0.61813197
            0.1           0.056            0.08     -0.52154589     -0.16411439     0.059157916     -0.61408962
            0.1            0.06            0.08     -0.59133599     -0.16470972      0.04954393     -0.60909626
            0.1           0.064            0.08     -0.66232354     -0.16022689     0.035483373     -0.60333901
            0.1           0.068            0.08      -0.7283748     -0.15127949     0.021220605     -0.59738537
            0.1           0.072            0.08     -0.78224271     -0.13860884     0.011600703     -0.59195807
            0.1           0.076            0.08     -0.81691152     -0.12291217     0.010268657     -0.58770822
            0.1            0.08            0.08     -0.82800694     -0.10503107     0.018630162     -0.58491783
            0.1           0.084            0.08     -0.81507459    -0.085778461     0.036195724     -0.58336828
            0.1           0.088            0.08     -0.78009542    -0.065644893     0.061345874     -0.58269175
            0.1           0.092            0.08     -0.72490331    -0.043980845     0.091021879     -0.58238241
            0.1           0.096            0.08     -0.64163053    -0.021898508      0.11849277     -0.58267756
            0.1             0.1            0.08               0               0               0     -0.58312788
            0.1          -0.096           0.084     -0.99233633  -9.3200017e-05      -0.1210192     -0.57877295
            0.1            -0.1           0.084               0               0               0     -0.57869888
            0.1          -0.092           0.084      -1.0048336   -0.0067421099     -0.11587665      -0.5790189
            0.1          -0.088           0.084      -0.9560938     -0.01611783     -0.10891441     -0.57951168
            0.1          -0.084           0.084     -0.88649702    -0.027100104    -0.099727445     -0.58032604
            0.1           -0.08           0.084     -0.80644307    -0.038555521    -0.088446315     -0.58147986
            0.1          -0.076           0.084     -0.72206946    -0.049906837    -0.075303941     -0.58290608
            0.1          -0.072           0.084     -0.63875757     -0.06078587    -0.061230455     -0.58441065
            0.1          -0.068           0.084     -0.56059861    -0.070976668    -0.047898841     -0.58574849
            0.1          -0.064           0.084     -0.48963093    -0.080594051     -0.03738263     -0.58673045
            0.1           -0.06           0.084     -0.42574913    -0.089890859    -0.031017198      -0.5872319
            0.1          -0.056           0.084     -0.36654363    -0.098621155    -0.028689064     -0.58718504
            0.1          -0.052           0.084     -0.30681998     -0.10547452    -0.028973773     -0.58657976
            0.1          -0.048           0.084     -0.23845178     -0.10784642    -0.029807999     -0.58542264
            0.1          -0.044           0.084     -0.15124851     -0.10242006    -0.029482236     -0.58373517
            0.1           -0.04           0.084    -0.037765897    -0.087042083    -0.027756545     -0.58183982
            0.1          -0.036           0.084     0.091143489    -0.065552747    -0.027242505     -0.58053578
            0.1          -0.032           0.084      0.21481907    -0.045017767    -0.030957833     -0.58021892
            0.1          -0.028           0.084      0.32595198    -0.027085417    -0.038436018     -0.58096086
            0.1          -0.024           0.084      0.42346696    -0.010997074    -0.046293838     -0.58316079
            0.1           -0.02           0.084       0.5025085     0.002776031    -0.049979779     -0.58695838
            0.1          -0.016           0.084      0.55789113     0.014394579    -0.046668646      -0.5926972
            0.1          -0.012           0.084      0.58578617     0.023647027    -0.038955363     -0.60095315
            0.1          -0.008           0.084      0.57991509      0.02926558    -0.033146594     -0.61167259
            0.1          -0.004           0.084      0.52992151     0.030219819    -0.032870255     -0.62415918
            0.1  -1.9825424e-18           0.084      0.42736685     0.024901993    -0.035176211      -0.6370361
            0.1           0.004           0.084      0.28475528      0.01062094    -0.031762697     -0.64822959
            0.1           0.008           0.084      0.13912525    -0.012009675    -0.019815399     -0.65524609
            0.1           0.012           0.084     0.017137128    -0.035692167   -0.0075953713     -0.65693632
            0.1           0.016           0.084    -0.080212334    -0.053780836   -0.0025048704     -0.65429856
            0.1            0.02           0.084     -0.15845914     -0.06655379   -0.0043580906     -0.64901959
            0.1           0.024           0.084     -0.21927783     -0.07627838   -0.0080749724     -0.64281033
            0.1           0.028           0.084     -0.26361993    -0.084608896   -0.0074837109     -0.63696786
            0.1           0.032           0.084     -0.29609233    -0.093174567   0.00030064755     -0.63205345
            0.1           0.036           0.084     -0.32359009     -0.10289896     0.013939348     -0.62815643
            0.1            0.04           0.084     -0.35263863     -0.11382985     0.029805095     -0.62507932
            0.1           0.044           0.084      -0.3880319     -0.12515694     0.044011858     -0.62248466
            0.1           0.048           0.084     -0.43236591     -0.13561088     0.053334413     -0.61998903
            0.1           0.052           0.084     -0.48638514      -0.1439922      0.05566194     -0.61717751
            0.1           0.056           0.084     -0.54948345     -0.14944479     0.050363811     -0.61364855
            0.1            0.06           0.084     -0.62005423     -0.15150776     0.038548759     -0.60914723
            0.1           0.064           0.084     -0.69524012     -0.15013225     0.023138523     -0.60376464
            0.1           0.068           0.084     -0.76977974      -0.1455531    0.0084721817     -0.59797012
            0.1           0.072           0.084     -0.83509909     -0.13797466  -0.00087009319     -0.59244926
            0.1           0.076           0.084     -0.88110426     -0.12726179   -0.0017199554     -0.58785046
            0.1            0.08           0.084     -0.90083085     -0.11333314    0.0069492618     -0.58451413
            0.1           0.084           0.084     -0.89323345    -0.096457241     0.024405623     -0.58231796
            0.1           0.088           0.084     -0.86060091    -0.076886772     0.048826442     -0.58100151
            0.1           0.092           0.084     -0.80420362    -0.053525293     0.077249147     -0.58011812
            0.1           0.096           0.084      -0.7138314    -0.027771459      0.10452082      -0.5802327
            0.1             0.1           0.084               0               0               0     -0.58077456
            0.1          -0.096           0.088      -0.9884837    -0.011347503     -0.10759099     -0.57488522
            0.1            -0.1           0.088               0               0               0     -0.57430839
            0.1          -0.092           0.088      -0.9902351    -0.023853185    -0.099316961     -0.57603629
            0.1          -0.088           0.088     -0.93098337    -0.037002214    -0.089645088     -0.57738853
            0.1          -0.084           0.088     -0.85500825    -0.049855925      -0.0788529     -0.57902457
            0.1           -0.08           0.088     -0.77310383    -0.061973489    -0.067334493     -0.58081949
            0.1          -0.076           0.088     -0.69131517    -0.073054638    -0.055272509     -0.58268587
            0.1          -0.072           0.088     -0.61429742    -0.083101291    -0.043307017     -0.58443716
            0.1          -0.068           0.088     -0.54491193    -0.092145766    -0.032483152     -0.58587875
            0.1          -0.064           0.088      -0.4837175     -0.10036925    -0.024084087     -0.58686561
            0.1           -0.06           0.088     -0.42903298     -0.10794621    -0.018961247     -0.58733103
            0.1          -0.056           0.088     -0.37688088     -0.11455742     -0.01700515     -0.58727423
            0.1          -0.052           0.088     -0.32062933     -0.11880321    -0.017109517     -0.58673223
            0.1          -0.048           0.088     -0.25126854     -0.11801819    -0.017596255     -0.58572082
            0.1          -0.044           0.088     -0.15943461     -0.10894711    -0.017105167     -0.58420827
            0.1           -0.04           0.088    -0.040451521     -0.09006743    -0.016038067     -0.58237264
            0.1          -0.036           0.088     0.092258626    -0.066221078    -0.017595192     -0.58091509
            0.1          -0.032           0.088      0.21842239    -0.044699048    -0.023600855     -0.58037726
            0.1          -0.028           0.088      0.33191513    -0.026874665    -0.032191098      -0.5810132
            0.1          -0.024           0.088      0.43160709    -0.011873723    -0.040255441     -0.58326518
            0.1           -0.02           0.088      0.51167063   2.2350351e-05    -0.043500851     -0.58734942
            0.1          -0.016           0.088      0.56488932    0.0093246933    -0.039222221     -0.59365425
            0.1          -0.012           0.088      0.58679864     0.016350522    -0.030504881      -0.6026166
            0.1          -0.008           0.088      0.57223242     0.020514274    -0.024003732      -0.6140252
            0.1          -0.004           0.088      0.51186061     0.020939579    -0.023550648     -0.62708561
            0.1  -1.9825424e-18           0.088      0.39892014     0.015619151    -0.026473856     -0.64019366
            0.1           0.004           0.088      0.25158939    0.0016022053    -0.024666493     -0.65100387
            0.1           0.008           0.088      0.10763496    -0.019573677    -0.014583607     -0.65715543
            0.1           0.012           0.088    -0.011468333    -0.040287925   -0.0032810922     -0.65811219
            0.1           0.016           0.088     -0.10705665    -0.055692261    0.0018809164     -0.65507241
            0.1            0.02           0.088     -0.18489294      -0.0669577   0.00029583246     -0.64937711
            0.1           0.024           0.088     -0.24569437    -0.075677767    -0.003690996     -0.64256009
            0.1           0.028           0.088     -0.28959685    -0.082594387   -0.0041912177     -0.63598565
            0.1           0.032           0.088     -0.32064391    -0.088639834    0.0019728812     -0.63043098
            0.1           0.036           0.088     -0.34582846    -0.094704176     0.013811939     -0.62616902
            0.1            0.04           0.088     -0.37197053     -0.10127697     0.027746552     -0.62302667
            0.1           0.044           0.088     -0.40377136     -0.10806904     0.039822583     -0.62061678
            0.1           0.048           0.088     -0.44359772     -0.11438951     0.046890663       -0.618488
            0.1           0.052           0.088     -0.49221136     -0.11966543     0.047033501     -0.61615898
            0.1           0.056           0.088     -0.54976319     -0.12362865     0.039824084     -0.61317742
            0.1            0.06           0.088     -0.61673382     -0.12628466     0.026635885     -0.60925504
            0.1           0.064           0.088     -0.69364081     -0.12795131     0.010814205     -0.60444713
            0.1           0.068           0.088      -0.7781188     -0.12918245   -0.0030653008     -0.59906636
            0.1           0.072           0.088     -0.86007116      -0.1292985    -0.011110841     -0.59358256
            0.1           0.076           0.088     -0.92390089     -0.12612941    -0.011266034      -0.5885983
            0.1            0.08           0.088     -0.95827076     -0.11818812   -0.0028191736     -0.58458177
            0.1           0.084           0.088     -0.96090139     -0.10524632     0.013562926      -0.5815763
            0.1           0.088           0.088     -0.93510861    -0.087524655     0.035900337     -0.57944264
            0.1           0.092           0.088     -0.88284745    -0.063503351     0.061368267     -0.57775102
            0.1           0.096           0.088     -0.79218782    -0.034650387       0.0865744     -0.57747504
            0.1             0.1           0.088               0               0               0     -0.57803529
            0.1          -0.096           0.092     -0.95705194    -0.022907287    -0.081821504     -0.57137889
            0.1            -0.1           0.092               0               0               0     -0.57025768
            0.1          -0.092           0.092     -0.94797865    -0.042830414    -0.074067655     -0.57350317
            0.1          -0.088           0.092     -0.88014165     -0.06106765     -0.06442039     -0.57574419
            0.1          -0.084           0.092     -0.80051444    -0.076600202    -0.054455956     -0.57817689
            0.1           -0.08           0.092     -0.72028343     -0.08985037    -0.044875546      -0.5805304
            0.1          -0.076           0.092     -0.64485737      -0.1009802    -0.035677814     -0.58272889
            0.1          -0.072           0.092      -0.5775825     -0.11045131       -0.027098     -0.58462213
            0.1          -0.068           0.092     -0.51961384     -0.11853215    -0.019582815     -0.58608282
            0.1          -0.064           0.092     -0.46984824     -0.12542508     -0.01376973     -0.58704781
            0.1           -0.06           0.092     -0.42516398     -0.13113025    -0.010122062     -0.58752298
            0.1          -0.056           0.092     -0.38028751     -0.13509729   -0.0085607826     -0.58754384
            0.1          -0.052           0.092     -0.32766622      -0.1357262   -0.0083871424     -0.58713674
            0.1          -0.048           0.092     -0.25818442     -0.13039469   -0.0085765168     -0.58626557
            0.1          -0.044           0.092     -0.16390259     -0.11643621   -0.0084221058     -0.58487071
            0.1           -0.04           0.092     -0.04317798    -0.093470766   -0.0086108371      -0.5830792
            0.1          -0.036           0.092     0.089444938    -0.067455574    -0.011613003     -0.58147978
            0.1          -0.032           0.092      0.21587041    -0.045572362    -0.017750089     -0.58070131
            0.1          -0.028           0.092      0.33052184    -0.028587224    -0.024888493     -0.58116688
            0.1          -0.024           0.092      0.43115937    -0.015346965    -0.031044711      -0.5833399
            0.1           -0.02           0.092      0.51047453   -0.0057073047     -0.03284591     -0.58758415
            0.1          -0.016           0.092      0.55962344    0.0012838738    -0.028080478     -0.59433353
            0.1          -0.012           0.092      0.57500614    0.0067393861    -0.019903796     -0.60379751
            0.1          -0.008           0.092      0.55333941     0.010894998    -0.014391921     -0.61560912
            0.1          -0.004           0.092      0.48719636      0.01271789    -0.014805519     -0.62890977
            0.1  -1.9825424e-18           0.092      0.37222813    0.0094627166    -0.018835679     -0.64198156
            0.1           0.004           0.092      0.22755324    -0.002711768    -0.019264504      -0.6523831
            0.1           0.008           0.092     0.086973718    -0.021882108     -0.01164173     -0.65795883
            0.1           0.012           0.092    -0.029754877    -0.039075317   -0.0013958001     -0.65865706
            0.1           0.016           0.092     -0.12264087    -0.050866908     0.003863454     -0.65561549
            0.1            0.02           0.092     -0.19916679    -0.060029559    0.0028518997     -0.64973966
            0.1           0.024           0.092     -0.26059232    -0.067607884  -0.00080566078     -0.64244006
            0.1           0.028           0.092     -0.30533536    -0.073453023   -0.0022923078     -0.63512222
            0.1           0.032           0.092     -0.33546402    -0.077492302    0.0014984342     -0.62881281
            0.1           0.036           0.092     -0.35752258    -0.080203347     0.010434183     -0.62407513
            0.1            0.04           0.092     -0.37895847     -0.08223836     0.021550663     -0.62077774
            0.1           0.044           0.092     -0.40468486    -0.083658408     0.031089704     -0.61845883
            0.1           0.048           0.092     -0.43671281    -0.084362708     0.036039078     -0.61664144
            0.1           0.052           0.092     -0.47534472    -0.084670572     0.034625099      -0.6148268
            0.1           0.056           0.092     -0.52085403    -0.085389062     0.026503722     -0.61250131
            0.1            0.06           0.092     -0.57594151    -0.087592479     0.013310882     -0.60928091
            0.1           0.064           0.092     -0.64785307    -0.092998451  -0.00071214578     -0.60515235
            0.1           0.068           0.092     -0.74199856     -0.10256199    -0.011027057     -0.60024304
            0.1           0.072           0.092     -0.84621792     -0.11315656    -0.016107332     -0.59484424
            0.1           0.076           0.092     -0.93500595     -0.11974876    -0.015716781     -0.58954623
            0.1            0.08           0.092     -0.99027419     -0.11961401   -0.0087648972     -0.58491328
            0.1           0.084           0.092      -1.0080228     -0.11202357    0.0047821467     -0.58111393
            0.1           0.088           0.092     -0.99308257    -0.097144234     0.022945973     -0.57812991
            0.1           0.092           0.092     -0.94989966     -0.07318098     0.042895654     -0.57554696
            0.1           0.096           0.092     -0.86748248    -0.041852299      0.06249034     -0.57475575
            0.1             0.1           0.092               0               0               0     -0.57527524
            0.1          -0.096           0.096     -0.88749288    -0.033458468    -0.047111176     -0.56998432
            0.1            -0.1           0.096               0               0               0     -0.56842916
            0.1          -0.092           0.096     -0.86679214    -0.061591689    -0.041986388     -0.57278725
            0.1          -0.088           0.096     -0.79125499    -0.085007497    -0.034852392      -0.5755303
            0.1          -0.084           0.096      -0.7123345      -0.1023006    -0.028072458     -0.57833465
            0.1           -0.08           0.096     -0.63959401     -0.11558488    -0.022222848     -0.58084663
            0.1          -0.076           0.096     -0.57620783     -0.12575085    -0.017175915     -0.58306857
            0.1          -0.072           0.096     -0.52313211     -0.13376003    -0.012704194     -0.58489264
            0.1          -0.068           0.096     -0.47942999     -0.13998728   -0.0088430458     -0.58627058
            0.1          -0.064           0.096     -0.44255927     -0.14456058   -0.0060105514     -0.58719578
            0.1           -0.06           0.096      -0.4085755     -0.14733851   -0.0042323531     -0.58770484
            0.1          -0.056           0.096      -0.3721051     -0.14776295    -0.003392797     -0.58783516
            0.1          -0.052           0.096      -0.3263254     -0.14453903   -0.0032699805     -0.58756547
            0.1          -0.048           0.096     -0.26344471     -0.13563631   -0.0033992137     -0.58680002
            0.1          -0.044           0.096     -0.17652738     -0.11897679   -0.0034650569     -0.58544948
            0.1           -0.04           0.096    -0.063293925    -0.094294321   -0.0039455107     -0.58362454
            0.1          -0.036           0.096     0.066387687    -0.067231962   -0.0062777599     -0.58185358
            0.1          -0.032           0.096      0.19386699    -0.045299158    -0.010297583     -0.58086196
            0.1          -0.028           0.096      0.30884521    -0.029585097    -0.015239697     -0.58128014
            0.1          -0.024           0.096      0.40789304    -0.018904344    -0.019563163     -0.58358253
            0.1           -0.02           0.096       0.4823748    -0.012403514    -0.019666996       -0.588043
            0.1          -0.016           0.096      0.52365123   -0.0070980445    -0.014995895     -0.59501914
            0.1          -0.012           0.096      0.53169041  -0.00060374312   -0.0090261468     -0.60462243
            0.1          -0.008           0.096      0.50772432    0.0068392763   -0.0060222375     -0.61642846
            0.1          -0.004           0.096      0.44724026     0.012323679   -0.0079599173     -0.62961609
            0.1  -1.9825424e-18           0.096      0.34566809     0.011402514    -0.012077158     -0.64250144
            0.1           0.004           0.096      0.21471635  -0.00011114609    -0.013245896     -0.65264994
            0.1           0.008           0.096     0.081349587    -0.019225742   -0.0087460765     -0.65801693
            0.1           0.012           0.096    -0.032312409    -0.033100086   -0.0019265168     -0.65878833
            0.1           0.016           0.096     -0.12112812    -0.039866892    0.0018654251     -0.65596431
            0.1            0.02           0.096     -0.19380196    -0.046047214    0.0016764927     -0.65013692
            0.1           0.024           0.096     -0.25485829    -0.051601449  -0.00046860862     -0.64269469
            0.1           0.028           0.096     -0.30167722    -0.056285253   -0.0024960159     -0.63499192
            0.1           0.032           0.096      -0.3328621     -0.05989169   -0.0021015055     -0.62802269
            0.1           0.036           0.096      -0.3525414    -0.061364429    0.0029060847     -0.62246185
            0.1            0.04           0.096     -0.36856908     -0.05944828     0.011126164     -0.61836246
            0.1           0.044           0.096     -0.38637565    -0.053872073     0.018587493     -0.61547422
            0.1           0.048           0.096     -0.40769983    -0.045904837      0.02196441     -0.61352319
            0.1           0.052           0.096     -0.43197215    -0.037910963     0.020028851     -0.61210008
            0.1           0.056           0.096     -0.45811291    -0.033046053     0.013171939     -0.61058862
            0.1            0.06           0.096     -0.49006347    -0.034525219    0.0027995657     -0.60837033
            0.1           0.064           0.096     -0.54644724    -0.046230733   -0.0066399621     -0.60520174
            0.1           0.068           0.096     -0.64569974    -0.067561309    -0.011958049     -0.60104737
            0.1           0.072           0.096     -0.77274233    -0.090929776    -0.014145621     -0.59599905
            0.1           0.076           0.096     -0.88821327     -0.10909258    -0.013888697     -0.59056694
            0.1            0.08           0.096     -0.96404895     -0.11846005   -0.0096530458     -0.58542557
            0.1           0.084           0.096     -0.99508822     -0.11734593  -0.00068974027      -0.5808595
            0.1           0.088           0.096     -0.99057873     -0.10540257     0.011104624       -0.576977
            0.1           0.092           0.096     -0.95847173    -0.080827213     0.023164266     -0.57342743
            0.1           0.096           0.096     -0.88796016    -0.046906172     0.033879327     -0.57196044
            0.1             0.1           0.096               0               0               0     -0.57230821
            0.1          -0.096             0.1               0               0               0     -0.57038106
            0.1            -0.1             0.1               0               0               0     -0.56866905
            0.1          -0.092             0.1               0               0               0     -0.57334993
            0.1          -0.088             0.1               0               0               0     -0.57612312
            0.1          -0.084             0.1               0               0               0     -0.57889914
            0.1           -0.08             0.1               0               0               0     -0.58130852
            0.1          -0.076             0.1               0               0               0     -0.58341228
            0.1          -0.072             0.1               0               0               0     -0.58511321
            0.1          -0.068             0.1               0               0               0     -0.58640308
            0.1          -0.064             0.1               0               0               0       -0.587286
            0.1           -0.06             0.1               0               0               0     -0.58779661
            0.1          -0.056             0.1               0               0               0     -0.58796771
            0.1          -0.052             0.1               0               0               0     -0.58774831
            0.1          -0.048             0.1               0               0               0     -0.58701946
            0.1          -0.044             0.1               0               0               0     -0.58567526
            0.1           -0.04             0.1               0               0               0     -0.58381103
            0.1          -0.036             0.1               0               0               0     -0.58193625
            0.1          -0.032             0.1               0               0               0     -0.58084687
            0.1          -0.028             0.1               0               0               0     -0.58131429
            0.1          -0.024             0.1               0               0               0     -0.58383188
            0.1           -0.02             0.1               0               0               0     -0.58849064
            0.1          -0.016             0.1               0               0               0     -0.59552478
            0.1          -0.012             0.1               0               0               0     -0.60507672
            0.1          -0.008             0.1               0               0               0     -0.61675394
            0.1          -0.004             0.1               0               0               0     -0.62979972
            0.1  -1.9825424e-18             0.1               0               0               0     -0.64256201
            0.1           0.004             0.1               0               0               0     -0.65260004
            0.1           0.008             0.1               0               0               0     -0.65791689
            0.1           0.012             0.1               0               0               0     -0.65876746
            0.1           0.016             0.1               0               0               0     -0.65607982
            0.1            0.02             0.1               0               0               0     -0.65035218
            0.1           0.024             0.1               0               0               0     -0.64298787
            0.1           0.028             0.1               0               0               0     -0.63526805
            0.1           0.032             0.1               0               0               0     -0.62803278
            0.1           0.036             0.1               0               0               0     -0.62190403
            0.1            0.04             0.1               0               0               0     -0.61710491
            0.1           0.044             0.1               0               0               0     -0.61363783
            0.1           0.048             0.1               0               0               0     -0.61141755
            0.1           0.052             0.1               0               0               0     -0.61011344
            0.1           0.056             0.1               0               0               0      -0.6090467
            0.1            0.06             0.1               0               0               0      -0.6074499
            0.1           0.064             0.1               0               0               0     -0.60491347
            0.1           0.068             0.1               0               0               0     -0.60132118
            0.1           0.072             0.1               0               0               0     -0.59659303
            0.1           0.076             0.1               0               0               0     -0.59115331
            0.1            0.08             0.1               0               0               0     -0.58576068
            0.1           0.084             0.1               0               0               0     -0.58077794
            0.1           0.088             0.1               0               0               0     -0.57639266
            0.1           0.092             0.1               0               0               0     -0.57230291
            0.1           0.096             0.1               0               0               0     -0.57040928
            0.1             0.1             0.1               0               0               0     -0.57060039
