#       point_x         point_y         point_z             U_x             U_y             U_z               p
           0.35          -0.096          -0.096      0.73736919    -0.011222504    0.0046059224               0
           0.35            -0.1          -0.096      0.34956866   -0.0032491857    0.0023505027    0.0037670985
           0.35            -0.1            -0.1      0.21961612   -0.0021366675   0.00098879651    0.0049564216
           0.35          -0.096            -0.1      0.35126582   -0.0061273087     0.001750454    0.0037128765
           0.35          -0.092          -0.096      0.79206082    -0.021872237    0.0043103669               0
           0.35          -0.092            -0.1      0.38162276    -0.012885312    0.0020518658    0.0037401713
           0.35          -0.088          -0.096      0.82011721    -0.032631872    0.0032318148               0
           0.35          -0.088            -0.1      0.39661169    -0.019838226    0.0016834894    0.0037055439
           0.35          -0.084          -0.096      0.84519438    -0.041578502    0.0012909708               0
           0.35          -0.084            -0.1      0.40966315    -0.025527716   0.00085856751    0.0035518698
           0.35           -0.08          -0.096       0.8703719    -0.048491073   -0.0013366438               0
           0.35           -0.08            -0.1      0.42258422    -0.029749218  -0.00032821412    0.0033411131
           0.35          -0.076          -0.096      0.89535963    -0.052725068   -0.0042040623               0
           0.35          -0.076            -0.1      0.43519445    -0.032138469   -0.0015976272    0.0030804048
           0.35          -0.072          -0.096      0.91931683    -0.054063395   -0.0066780859               0
           0.35          -0.072            -0.1      0.44704643     -0.03273355   -0.0025062153    0.0027834133
           0.35          -0.068          -0.096      0.94164942    -0.052408538   -0.0088406718               0
           0.35          -0.068            -0.1      0.45803435    -0.031632534   -0.0032338807    0.0024525885
           0.35          -0.064          -0.096      0.96161332    -0.047875758    -0.010648977               0
           0.35          -0.064            -0.1      0.46789945    -0.028980328   -0.0038107971    0.0020936306
           0.35           -0.06          -0.096      0.97857523    -0.040681553    -0.012080769               0
           0.35           -0.06            -0.1      0.47641651    -0.024943711   -0.0042495639    0.0017109572
           0.35          -0.056          -0.096      0.99205813    -0.031100405    -0.013149505               0
           0.35          -0.056            -0.1      0.48341791    -0.019696592   -0.0045665471    0.0013101706
           0.35          -0.052          -0.096       1.0017343    -0.019436253    -0.013898032               0
           0.35          -0.052            -0.1      0.48878625    -0.013407555   -0.0047842582   0.00089400768
           0.35          -0.048          -0.096       1.0074071      -0.0059955     -0.01438682               0
           0.35          -0.048            -0.1       0.4924435   -0.0062618138   -0.0049442327   0.00046485461
           0.35          -0.044          -0.096        1.009006    0.0089751109     -0.01456765               0
           0.35          -0.044            -0.1      0.49433566    0.0017138953   -0.0050405024   4.8236828e-05
           0.35           -0.04          -0.096       1.0065887     0.024952947    -0.014293116               0
           0.35           -0.04            -0.1      0.49436734     0.010274896   -0.0049923297  -0.00033455664
           0.35          -0.036          -0.096       1.0004862      0.04135223    -0.013537795               0
           0.35          -0.036            -0.1      0.49256828     0.019039784   -0.0047712841  -0.00069831185
           0.35          -0.032          -0.096      0.99127938     0.057776587    -0.012366518               0
           0.35          -0.032            -0.1      0.48916033     0.027815657   -0.0044046066   -0.0010499646
           0.35          -0.028          -0.096      0.97960457      0.07378615    -0.010831462               0
           0.35          -0.028            -0.1      0.48439718     0.036354582    -0.003910995   -0.0013811151
           0.35          -0.024          -0.096      0.96610722     0.089006817   -0.0089967664               0
           0.35          -0.024            -0.1       0.4785527     0.044444138   -0.0033128044   -0.0016885216
           0.35           -0.02          -0.096       0.9514071      0.10313966   -0.0069386006               0
           0.35           -0.02            -0.1      0.47190837     0.051914671   -0.0026382457   -0.0019702455
           0.35          -0.016          -0.096      0.93607034       0.1159611    -0.004738156               0
           0.35          -0.016            -0.1      0.46474061     0.058640655   -0.0019199552   -0.0022244497
           0.35          -0.012          -0.096      0.92057329      0.12732463   -0.0024675617               0
           0.35          -0.012            -0.1      0.45730391     0.064544326   -0.0011894685    -0.002449285
           0.35          -0.008          -0.096      0.90523686      0.13713596  -0.00017057876               0
           0.35          -0.008            -0.1      0.44981801     0.069582592  -0.00046504735   -0.0026431227
           0.35          -0.004          -0.096      0.89035812      0.14532946    0.0021255308               0
           0.35          -0.004            -0.1      0.44246487     0.073729325   0.00024719723   -0.0028037947
           0.35               0          -0.096      0.87627163      0.15185953    0.0043907573               0
           0.35               0            -0.1      0.43538848     0.076971519   0.00094046854   -0.0029280104
           0.35           0.004          -0.096      0.86323612      0.15668835    0.0065982058               0
           0.35           0.004            -0.1      0.42870454     0.079304178    0.0016067883   -0.0030122788
           0.35           0.008          -0.096      0.85144513      0.15978062    0.0087263511               0
           0.35           0.008            -0.1      0.42251026     0.080723673    0.0022401791   -0.0030533316
           0.35           0.012          -0.096      0.84104465      0.16110265     0.010753617               0
           0.35           0.012            -0.1      0.41688577     0.081227358    0.0028346313   -0.0030489584
           0.35           0.016          -0.096      0.83214618      0.16062809     0.012654316               0
           0.35           0.016            -0.1      0.41189681     0.080813649    0.0033836504   -0.0029987895
           0.35            0.02          -0.096      0.82482705      0.15834353      0.01443488               0
           0.35            0.02            -0.1        0.407591     0.079482259    0.0039157567   -0.0029011226
           0.35           0.024          -0.096      0.81908661       0.1542491     0.016193217               0
           0.35           0.024            -0.1      0.40395617      0.07722991    0.0045542013   -0.0027550982
           0.35           0.028          -0.096      0.81496053      0.14839949     0.017738594               0
           0.35           0.028            -0.1      0.40102723     0.074087085    0.0051425834   -0.0025598973
           0.35           0.032          -0.096      0.81254464      0.14090685        0.018837               0
           0.35           0.032            -0.1      0.39890484     0.070124335    0.0054865198   -0.0023162604
           0.35           0.036          -0.096      0.81184303      0.13191283      0.01951075               0
           0.35           0.036            -0.1      0.39761549     0.065413461    0.0056512777   -0.0020288988
           0.35            0.04          -0.096      0.81275847      0.12160943     0.019824139               0
           0.35            0.04            -0.1      0.39711312     0.060041778    0.0057408362   -0.0016999527
           0.35           0.044          -0.096      0.81509554      0.11025395     0.019704848               0
           0.35           0.044            -0.1      0.39729879     0.054140348    0.0057240464   -0.0013316781
           0.35           0.048          -0.096      0.81864186     0.098169978     0.019007045               0
           0.35           0.048            -0.1      0.39810104     0.047885526    0.0054917711   -0.0009308307
           0.35           0.052          -0.096      0.82301306     0.085707641     0.017728044               0
           0.35           0.052            -0.1      0.39936221     0.041464445    0.0050569502  -0.00050362001
           0.35           0.056          -0.096      0.82754095      0.07323533     0.015989934               0
           0.35           0.056            -0.1      0.40074063     0.035071347    0.0045203345  -5.4530262e-05
           0.35            0.06          -0.096      0.83163644     0.061107081      0.01384192               0
           0.35            0.06            -0.1      0.40202037     0.028911045    0.0038601403   0.00041628745
           0.35           0.064          -0.096      0.83467913     0.049536596      0.01141937               0
           0.35           0.064            -0.1      0.40299087     0.023124726    0.0030936898   0.00090775368
           0.35           0.068          -0.096      0.83567324     0.038569623    0.0090081212               0
           0.35           0.068            -0.1      0.40310637     0.017736822    0.0023696747    0.0014094171
           0.35           0.072          -0.096      0.83384747      0.02818258    0.0066771035               0
           0.35           0.072            -0.1      0.40193028     0.012709314    0.0016562528    0.0019115704
           0.35           0.076          -0.096      0.82899455     0.018290381     0.004506202               0
           0.35           0.076            -0.1      0.39931952    0.0079228475    0.0010353793    0.0024028196
           0.35            0.08          -0.096      0.82115743    0.0089828029    0.0025156239               0
           0.35            0.08            -0.1      0.39513982    0.0033282977   0.00069968869    0.0028681388
           0.35           0.084          -0.096      0.81090293   0.00062356552  -0.00017118415               0
           0.35           0.084            -0.1      0.38963594   -0.0009460538   0.00016744285    0.0032741869
           0.35           0.088          -0.096      0.79870043   -0.0056594544   -0.0046036494               0
           0.35           0.088            -0.1      0.38320087   -0.0041500151   -0.0012674903    0.0035926467
           0.35           0.092          -0.096      0.78074508   -0.0087732578    -0.010018857               0
           0.35           0.092            -0.1      0.37350158   -0.0054197445   -0.0031129508    0.0037837373
           0.35           0.096          -0.096      0.73503178   -0.0071193835    -0.014451205               0
           0.35           0.096            -0.1      0.34802426    -0.003886821   -0.0042904772    0.0037887622
           0.35             0.1            -0.1      0.21931531    -0.001501336   -0.0030707359    0.0049885469
           0.35             0.1          -0.096      0.35084301   -0.0023748298   -0.0081015875    0.0036951311
           0.35          -0.096          -0.092      0.78502838   -0.0078592113    0.0040625678               0
           0.35            -0.1          -0.092      0.37636245   -0.0025131868     0.002558392    0.0037877265
           0.35          -0.092          -0.092      0.83177421    -0.013910068    0.0024459497               0
           0.35          -0.088          -0.092      0.85627652    -0.019768028   0.00096511298               0
           0.35          -0.084          -0.092      0.87878333     -0.02479886   -0.0011991946               0
           0.35           -0.08          -0.092      0.90190263    -0.028988714   -0.0040451845               0
           0.35          -0.076          -0.092      0.92544573    -0.031823974   -0.0073391088               0
           0.35          -0.072          -0.092      0.94852608    -0.032822283    -0.010720821               0
           0.35          -0.068          -0.092      0.97001986     -0.03159147    -0.013936417               0
           0.35          -0.064          -0.092      0.98881931    -0.028001222    -0.016777436               0
           0.35           -0.06          -0.092       1.0039885    -0.022081011     -0.01911765               0
           0.35          -0.056          -0.092       1.0148337    -0.013973769    -0.020907399               0
           0.35          -0.052          -0.092       1.0209144   -0.0039126616     -0.02214693               0
           0.35          -0.048          -0.092       1.0220696    0.0078068282    -0.022833508               0
           0.35          -0.044          -0.092       1.0184607     0.020754801    -0.022891327               0
           0.35           -0.04          -0.092       1.0105877     0.034460508    -0.022231666               0
           0.35          -0.036          -0.092      0.99919025     0.048542277    -0.020869517               0
           0.35          -0.032          -0.092      0.98509821     0.062632275    -0.018878029               0
           0.35          -0.028          -0.092      0.96915011     0.076392789    -0.016337317               0
           0.35          -0.024          -0.092      0.95212651     0.089541358     -0.01334483               0
           0.35           -0.02          -0.092      0.93470885      0.10185247    -0.010007664               0
           0.35          -0.016          -0.092      0.91744958      0.11315441   -0.0064286299               0
           0.35          -0.012          -0.092      0.90072972       0.1233216   -0.0026894031               0
           0.35          -0.008          -0.092      0.88476225      0.13225482    0.0011546967               0
           0.35          -0.004          -0.092      0.86982417      0.13986986     0.005049213               0
           0.35               0          -0.092      0.85626328      0.14609067    0.0089373572               0
           0.35           0.004          -0.092      0.84432082      0.15084132     0.012775667               0
           0.35           0.008          -0.092      0.83416121      0.15404687     0.016527295               0
           0.35           0.012          -0.092      0.82589557      0.15563397     0.020153474               0
           0.35           0.016          -0.092      0.81959784      0.15554065     0.023605296               0
           0.35            0.02          -0.092      0.81531103      0.15372796     0.026821078               0
           0.35           0.024          -0.092      0.81304513      0.15019049     0.029724505               0
           0.35           0.028          -0.092      0.81278102      0.14496468     0.032217278               0
           0.35           0.032          -0.092      0.81447346      0.13812881     0.034191529               0
           0.35           0.036          -0.092      0.81804238      0.12982063     0.035531901               0
           0.35            0.04          -0.092      0.82335256      0.12024629     0.036122498               0
           0.35           0.044          -0.092      0.83017543      0.10966113     0.035854143               0
           0.35           0.048          -0.092       0.8381737     0.098360511     0.034647618               0
           0.35           0.052          -0.092      0.84684019     0.086662486     0.032484216               0
           0.35           0.056          -0.092      0.85547336     0.074889363     0.029437471               0
           0.35            0.06          -0.092      0.86325028     0.063310103     0.025687707               0
           0.35           0.064          -0.092        0.869283       0.0520717     0.021512346               0
           0.35           0.068          -0.092      0.87268546     0.041240811     0.017218664               0
           0.35           0.072          -0.092      0.87284301     0.030878103     0.013005654               0
           0.35           0.076          -0.092      0.86967369     0.021091326    0.0088282879               0
           0.35            0.08          -0.092      0.86360794     0.012155682    0.0042875287               0
           0.35           0.084          -0.092      0.85534539    0.0044587774   -0.0013712375               0
           0.35           0.088          -0.092      0.84507098   -0.0014545699   -0.0088042944               0
           0.35           0.092          -0.092       0.8300393   -0.0052922798    -0.017709738               0
           0.35           0.096          -0.092      0.79132207   -0.0058028585    -0.026997238               0
           0.35             0.1          -0.092      0.38152258   -0.0024519065    -0.015817048    0.0036686749
           0.35          -0.096          -0.088      0.80380438   -0.0033421107  -0.00063323243               0
           0.35            -0.1          -0.088      0.38645171  -0.00099525558   0.00042478133    0.0036309171
           0.35          -0.092          -0.088      0.84768578   -0.0062171826   -0.0027211501               0
           0.35          -0.088          -0.088      0.86911036   -0.0089279122   -0.0040561397               0
           0.35          -0.084          -0.088      0.88842522    -0.011206847   -0.0058213183               0
           0.35           -0.08          -0.088      0.90839349    -0.013062494   -0.0082877435               0
           0.35          -0.076          -0.088      0.92887355    -0.014099439    -0.011411014               0
           0.35          -0.072          -0.088      0.94883853    -0.013921599    -0.014906511               0
           0.35          -0.068          -0.088      0.96694053    -0.012166269    -0.018448153               0
           0.35          -0.064          -0.088       0.9818429   -0.0086206796    -0.021723318               0
           0.35           -0.06          -0.088      0.99241804   -0.0032221463    -0.024496197               0
           0.35          -0.056          -0.088      0.99790056    0.0039542357    -0.026624527               0
           0.35          -0.052          -0.088      0.99794477     0.012715658    -0.028033292               0
           0.35          -0.048          -0.088      0.99264782     0.022746199    -0.028668912               0
           0.35          -0.044          -0.088      0.98254343     0.033674522    -0.028477703               0
           0.35           -0.04          -0.088      0.96847662     0.045154894    -0.027431988               0
           0.35          -0.036          -0.088      0.95144109     0.056874749    -0.025561441               0
           0.35          -0.032          -0.088      0.93244825      0.06855205    -0.022937952               0
           0.35          -0.028          -0.088      0.91243564       0.0799416    -0.019656165               0
           0.35          -0.024          -0.088        0.892216     0.090840685    -0.015828286               0
           0.35           -0.02          -0.088      0.87244638        0.101088     -0.01157064               0
           0.35          -0.016          -0.088      0.85360096      0.11055871   -0.0069857064               0
           0.35          -0.012          -0.088      0.83593872       0.1191489   -0.0021523878               0
           0.35          -0.008          -0.088      0.81971074      0.12676359    0.0028623976               0
           0.35          -0.004          -0.088      0.80525203      0.13330986    0.0079882995               0
           0.35               0          -0.088      0.79281355      0.13869353     0.013160074               0
           0.35           0.004          -0.088      0.78255837      0.14282082     0.018325957               0
           0.35           0.008          -0.088      0.77459659      0.14559741     0.023438411               0
           0.35           0.012          -0.088      0.76900041      0.14693051      0.02844147               0
           0.35           0.016          -0.088       0.7658156      0.14673814     0.033260203               0
           0.35            0.02          -0.088      0.76506144      0.14496216     0.037795762               0
           0.35           0.024          -0.088      0.76672651      0.14157894     0.041924083               0
           0.35           0.028          -0.088      0.77076285      0.13660778     0.045494393               0
           0.35           0.032          -0.088      0.77708109      0.13011982      0.04834141               0
           0.35           0.036          -0.088      0.78555054      0.12224991     0.050290095               0
           0.35            0.04          -0.088      0.79598092      0.11320015     0.051163171               0
           0.35           0.044          -0.088      0.80808377      0.10322862     0.050806473               0
           0.35           0.048          -0.088      0.82143482     0.092630782     0.049125555               0
           0.35           0.052          -0.088      0.83543291     0.081712485     0.046118289               0
           0.35           0.056          -0.088      0.84927857     0.070759459     0.041906447               0
           0.35            0.06          -0.088      0.86200884     0.060000625     0.036737773               0
           0.35           0.064          -0.088      0.87259862     0.049586064     0.030956731               0
           0.35           0.068          -0.088      0.88012562     0.039615765      0.02491176               0
           0.35           0.072          -0.088      0.88400504     0.030190056     0.018793665               0
           0.35           0.076          -0.088      0.88419725     0.021451462     0.012500428               0
           0.35            0.08          -0.088      0.88122746     0.013629823     0.005583734               0
           0.35           0.084          -0.088      0.87588452    0.0069494656   -0.0026228395               0
           0.35           0.088          -0.088      0.86845442    0.0016589909    -0.012696858               0
           0.35           0.092          -0.088      0.85646564   -0.0022218724    -0.024729526               0
           0.35           0.096          -0.088       0.8208245   -0.0036758553    -0.038766701               0
           0.35             0.1          -0.088      0.39702338   -0.0017549736    -0.023198324    0.0036141463
           0.35          -0.096          -0.084      0.81660661   0.00011505244    -0.007951746               0
           0.35            -0.1          -0.084      0.39313289  -3.6839941e-05   -0.0031887551    0.0033298375
           0.35          -0.092          -0.084      0.85874304   0.00019169237   -0.0099237022               0
           0.35          -0.088          -0.084      0.87741464   0.00014709037    -0.010670658               0
           0.35          -0.084          -0.084      0.89339406   0.00031412077    -0.011651979               0
           0.35           -0.08          -0.084      0.90959445     0.000705495    -0.013300517               0
           0.35          -0.076          -0.084      0.92590136    0.0016041615    -0.015709372               0
           0.35          -0.072          -0.084      0.94122299    0.0032933381    -0.018694646               0
           0.35          -0.068          -0.084      0.95409591    0.0060542637    -0.021929937               0
           0.35          -0.064          -0.084      0.96307569     0.010078012    -0.025049531               0
           0.35           -0.06          -0.084      0.96701309     0.015434735    -0.027740712               0
           0.35          -0.056          -0.084      0.96526193     0.022061607     -0.02978637               0
           0.35          -0.052          -0.084      0.95775804     0.029784152    -0.031056628               0
           0.35          -0.048          -0.084      0.94497087     0.038350392    -0.031479288               0
           0.35          -0.044          -0.084      0.92778095       0.0474806    -0.031016507               0
           0.35           -0.04          -0.084       0.9073061     0.056913912    -0.029662121               0
           0.35          -0.036          -0.084      0.88472732     0.066425129    -0.027449762               0
           0.35          -0.032          -0.084      0.86114226     0.075826046    -0.024443204               0
           0.35          -0.028          -0.084      0.83748841     0.084960358    -0.020728598               0
           0.35          -0.024          -0.084      0.81453969     0.093697339    -0.016411667               0
           0.35           -0.02          -0.084      0.79288035      0.10193492     -0.01159717               0
           0.35          -0.016          -0.084      0.77287932      0.10959038    -0.006371153               0
           0.35          -0.012          -0.084      0.75471663       0.1165773  -0.00080680293               0
           0.35          -0.008          -0.084      0.73866845       0.1228004      0.00502126               0
           0.35          -0.004          -0.084      0.72505014      0.12815867     0.011041378               0
           0.35               0          -0.084       0.7140152      0.13254744       0.0171909               0
           0.35           0.004          -0.084       0.7056667      0.13586199     0.023414726               0
           0.35           0.008          -0.084      0.70006243      0.13799493     0.029656165               0
           0.35           0.012          -0.084      0.69723864      0.13883874     0.035838768               0
           0.35           0.016          -0.084      0.69722302        0.138299     0.041855536               0
           0.35            0.02          -0.084      0.70002357      0.13630813     0.047569052               0
           0.35           0.024          -0.084      0.70561548      0.13283337     0.052812668               0
           0.35           0.028          -0.084      0.71394129      0.12788614     0.057387556               0
           0.35           0.032          -0.084      0.72490476      0.12153422     0.061070765               0
           0.35           0.036          -0.084      0.73836111      0.11391155     0.063627459               0
           0.35            0.04          -0.084      0.75409801      0.10522043     0.064828667               0
           0.35           0.044          -0.084      0.77180072      0.09572145     0.064481843               0
           0.35           0.048          -0.084      0.79100638     0.085712457     0.062472303               0
           0.35           0.052          -0.084      0.81105577     0.075497667     0.058803203               0
           0.35           0.056          -0.084      0.83106438     0.065353354     0.053624986               0
           0.35            0.06          -0.084      0.84994647     0.055499201     0.047230754               0
           0.35           0.064          -0.084      0.86652358      0.04608901     0.040004793               0
           0.35           0.068          -0.084      0.87972391     0.037230862      0.03231092               0
           0.35           0.072          -0.084       0.8888434     0.029020263      0.02433818               0
           0.35           0.076          -0.084      0.89376699     0.021562748     0.015979891               0
           0.35            0.08          -0.084      0.89500025     0.014987556    0.0068260762               0
           0.35           0.084          -0.084       0.8933601    0.0093676532   -0.0036812604               0
           0.35           0.088          -0.084      0.88924116    0.0048123596    -0.016037234               0
           0.35           0.092          -0.084      0.88031703    0.0011413701    -0.030547551               0
           0.35           0.096          -0.084      0.84699646   -0.0008276579    -0.047986322               0
           0.35             0.1          -0.084      0.41054617  -0.00055580607    -0.028844935    0.0034559366
           0.35          -0.096           -0.08      0.82709479    0.0025616453    -0.016991637               0
           0.35            -0.1           -0.08       0.3986281   0.00049899975   -0.0076208004    0.0029377391
           0.35          -0.092           -0.08      0.86760724    0.0053108512    -0.018816837               0
           0.35          -0.088           -0.08      0.88352384    0.0077569385    -0.018764469               0
           0.35          -0.084           -0.08      0.89584686     0.010268341    -0.018763307               0
           0.35           -0.08           -0.08      0.90757237     0.012881181    -0.019356498               0
           0.35          -0.076           -0.08      0.91860508     0.015801213    -0.020728429               0
           0.35          -0.072           -0.08      0.92783946     0.019207641    -0.022783648               0
           0.35          -0.068           -0.08      0.93380925     0.023275204    -0.025239877               0
           0.35          -0.064           -0.08      0.93513852     0.028116274    -0.027734839               0
           0.35           -0.06           -0.08      0.93087318     0.033757619    -0.029931694               0
           0.35          -0.056           -0.08      0.92067495      0.04013192    -0.031578091               0
           0.35          -0.052           -0.08      0.90485016     0.047094554    -0.032513854               0
           0.35          -0.048           -0.08      0.88423696     0.054456916    -0.032650802               0
           0.35          -0.044           -0.08      0.86001208     0.062024736    -0.031947832               0
           0.35           -0.04           -0.08      0.83347647     0.069629061    -0.030395521               0
           0.35          -0.036           -0.08      0.80589984     0.077136254    -0.028011853               0
           0.35          -0.032           -0.08       0.7783431     0.084456168    -0.024834054               0
           0.35          -0.028           -0.08      0.75162276     0.091521356    -0.020925545               0
           0.35          -0.024           -0.08      0.72641189     0.098260809     -0.01638925               0
           0.35           -0.02           -0.08      0.70321497      0.10461958    -0.011307211               0
           0.35          -0.016           -0.08      0.68234943      0.11054619   -0.0057209019               0
           0.35          -0.012           -0.08      0.66401956      0.11596694   0.00031792707               0
           0.35          -0.008           -0.08      0.64848782       0.1207902    0.0067397656               0
           0.35          -0.004           -0.08       0.6359707      0.12491423     0.013470687               0
           0.35               0           -0.08      0.62653251      0.12823243     0.020427483               0
           0.35           0.004           -0.08      0.62021107      0.13063256     0.027546668               0
           0.35           0.008           -0.08      0.61703909      0.13199466     0.034774689               0
           0.35           0.012           -0.08      0.61702479        0.132201     0.042020578               0
           0.35           0.016           -0.08      0.62017389      0.13115374     0.049149239               0
           0.35            0.02           -0.08      0.62648243      0.12878361     0.055986217               0
           0.35           0.024           -0.08      0.63591013      0.12505285     0.062323709               0
           0.35           0.028           -0.08      0.64840118      0.11996713     0.067912909               0
           0.35           0.032           -0.08      0.66386871      0.11359143     0.072475431               0
           0.35           0.036           -0.08      0.68218155      0.10605883     0.075717777               0
           0.35            0.04           -0.08      0.70314496     0.097573722     0.077356094               0
           0.35           0.044           -0.08      0.72646241     0.088402563     0.077155724               0
           0.35           0.048           -0.08      0.75168366     0.078851901     0.074977275               0
           0.35           0.052           -0.08      0.77814415     0.069235841     0.070820146               0
           0.35           0.056           -0.08      0.80491822     0.059839761     0.064848393               0
           0.35            0.06           -0.08      0.83082264     0.050891409     0.057378072               0
           0.35           0.064           -0.08      0.85451287     0.042549322     0.048814616               0
           0.35           0.068           -0.08      0.87469406      0.03491146     0.039536746               0
           0.35           0.072           -0.08      0.89041775     0.028033859     0.029753231               0
           0.35           0.076           -0.08      0.90135006     0.021941487     0.019400023               0
           0.35            0.08           -0.08      0.90784336     0.016639776    0.0081513207               0
           0.35           0.084           -0.08      0.91063927     0.012057372   -0.0044309648               0
           0.35           0.088           -0.08      0.91016462    0.0081954138    -0.018761861               0
           0.35           0.092           -0.08      0.90416222    0.0046715432     -0.03520625               0
           0.35           0.096           -0.08      0.87256917    0.0021502354    -0.054716775               0
           0.35             0.1           -0.08      0.42357256   0.00071110916    -0.032764066    0.0032554839
           0.35          -0.096          -0.076      0.83487073      0.00489411    -0.026907859               0
           0.35            -0.1          -0.076      0.40263917    0.0011942433     -0.01235075    0.0024879774
           0.35          -0.092          -0.076       0.8740148    0.0097406438    -0.028888983               0
           0.35          -0.088          -0.076      0.88703143     0.014458305    -0.028027917               0
           0.35          -0.084          -0.076      0.89524943     0.019187644    -0.026956904               0
           0.35           -0.08          -0.076      0.90174389     0.023951266    -0.026356188               0
           0.35          -0.076          -0.076       0.9064568     0.028885588      -0.0264905               0
           0.35          -0.072          -0.076      0.90835244     0.034073392     -0.02734782               0
           0.35          -0.068          -0.076      0.90611768     0.039578245    -0.028715675               0
           0.35          -0.064          -0.076       0.8986387      0.04541716    -0.030277264               0
           0.35           -0.06          -0.076      0.88532619     0.051554872    -0.031713272               0
           0.35          -0.056          -0.076      0.86625778     0.057906145    -0.032767425               0
           0.35          -0.052          -0.076      0.84213398       0.0643519    -0.033265562               0
           0.35          -0.048          -0.076      0.81410495     0.070763193    -0.033102189               0
           0.35          -0.044          -0.076      0.78354184     0.077026606    -0.032214667               0
           0.35           -0.04          -0.076      0.75176525      0.08306817     -0.03057469               0
           0.35          -0.036          -0.076      0.71987058     0.088855916    -0.028184194               0
           0.35          -0.032          -0.076      0.68872742     0.094397703    -0.025026497               0
           0.35          -0.028          -0.076      0.65909071     0.099694026    -0.021115766               0
           0.35          -0.024          -0.076       0.6316303      0.10471098    -0.016539005               0
           0.35           -0.02          -0.076      0.60686642      0.10941367    -0.011355732               0
           0.35          -0.016          -0.076      0.58517413      0.11375461   -0.0055867325               0
           0.35          -0.012          -0.076      0.56683432      0.11766776    0.0007327593               0
           0.35          -0.008          -0.076      0.55204743      0.12107907    0.0075454414               0
           0.35          -0.004          -0.076      0.54089013      0.12390627     0.014784644               0
           0.35               0          -0.076      0.53332684      0.12605655     0.022380664               0
           0.35           0.004          -0.076      0.52929337      0.12742298     0.030308099               0
           0.35           0.008          -0.076      0.52874812      0.12788773     0.038486186               0
           0.35           0.012          -0.076       0.5316475      0.12733389     0.046763496               0
           0.35           0.016          -0.076      0.53797986      0.12566008     0.054962547               0
           0.35            0.02          -0.076      0.54772074       0.1227889     0.062878455               0
           0.35           0.024          -0.076      0.56082111      0.11867514     0.070291112               0
           0.35           0.028          -0.076      0.57725034      0.11332228     0.076908921               0
           0.35           0.032          -0.076      0.59694516       0.1067935     0.082401756               0
           0.35           0.036          -0.076      0.61980902     0.099219675      0.08641871               0
           0.35            0.04          -0.076      0.64569639     0.090807673     0.088619262               0
           0.35           0.044          -0.076      0.67436719     0.081831984     0.088722897               0
           0.35           0.048          -0.076      0.70543256     0.072612988     0.086557772               0
           0.35           0.052          -0.076      0.73828146     0.063484421     0.082107106               0
           0.35           0.056          -0.076      0.77200916      0.05475376       0.0755332               0
           0.35            0.06          -0.076      0.80538907     0.046667497     0.067158954               0
           0.35           0.064          -0.076      0.83693689      0.03938977      0.05740102               0
           0.35           0.068          -0.076      0.86510724     0.032996528     0.046657609               0
           0.35           0.072          -0.076      0.88861148     0.027481428     0.035178721               0
           0.35           0.076          -0.076      0.90674607     0.022762448     0.022976957               0
           0.35            0.08          -0.076      0.91954191     0.018704289    0.0098412652               0
           0.35           0.084          -0.076      0.92752078     0.015082095   -0.0045319243               0
           0.35           0.088          -0.076      0.93104939     0.011779152    -0.020454004               0
           0.35           0.092          -0.076      0.92783961    0.0082139984    -0.038248594               0
           0.35           0.096          -0.076      0.89724065    0.0049937777    -0.058526188               0
           0.35             0.1          -0.076      0.43588264    0.0018902908    -0.034748497    0.0030069418
           0.35          -0.096          -0.072      0.83950782    0.0072493438    -0.037481789               0
           0.35            -0.1          -0.072      0.40505077    0.0019239878    -0.017343726    0.0020087018
           0.35          -0.092          -0.072      0.87728001     0.014032177    -0.039812937               0
           0.35          -0.088          -0.072      0.88714019     0.020805068    -0.038226041               0
           0.35          -0.084          -0.072      0.89074539     0.027565897    -0.036104415               0
           0.35           -0.08          -0.072      0.89129656     0.034327193    -0.034288317               0
           0.35          -0.076          -0.072      0.88883867     0.041159201    -0.033123877               0
           0.35          -0.072          -0.072      0.88252308     0.048055586    -0.032680307               0
           0.35          -0.068          -0.072       0.8713494     0.054975141    -0.032826837               0
           0.35          -0.064          -0.072      0.85462484     0.061842389    -0.033315602               0
           0.35           -0.06          -0.072      0.83222819     0.068561654    -0.033871842               0
           0.35          -0.056          -0.072      0.80467138     0.075029867    -0.034256757               0
           0.35          -0.052          -0.072      0.77299163      0.08115093    -0.034290864               0
           0.35          -0.048          -0.072      0.73854547     0.086849207    -0.033848663               0
           0.35          -0.044          -0.072      0.70262901     0.092102225    -0.032848846               0
           0.35           -0.04          -0.072      0.66624208     0.096958092    -0.031210451               0
           0.35          -0.036          -0.072      0.63017315      0.10147939    -0.028881814               0
           0.35          -0.032          -0.072      0.59524589      0.10570536    -0.025825746               0
           0.35          -0.028          -0.072      0.56238679      0.10964531    -0.022020718               0
           0.35          -0.024          -0.072      0.53241114      0.11328402    -0.017497881               0
           0.35           -0.02          -0.072      0.50594309      0.11659413    -0.012285643               0
           0.35          -0.016          -0.072      0.48344207      0.11952811   -0.0064063002               0
           0.35          -0.012          -0.072       0.4652102       0.1220279   0.00011105587               0
           0.35          -0.008          -0.072      0.45131042      0.12403926    0.0072199552               0
           0.35          -0.004          -0.072      0.44168133      0.12550616     0.014863598               0
           0.35               0          -0.072      0.43623879      0.12636029     0.022993595               0
           0.35           0.004          -0.072      0.43481888       0.1265256     0.031590982               0
           0.35           0.008          -0.072       0.4372297      0.12592113     0.040567334               0
           0.35           0.012          -0.072      0.44331272      0.12445165     0.049797505               0
           0.35           0.016          -0.072      0.45296927       0.1220173     0.059059472               0
           0.35            0.02          -0.072      0.46613128       0.1185258     0.068077163               0
           0.35           0.024          -0.072      0.48277641      0.11391856     0.076590574               0
           0.35           0.028          -0.072      0.50289424      0.10819496     0.084258777               0
           0.35           0.032          -0.072      0.52645519      0.10140732     0.090726647               0
           0.35           0.036          -0.072      0.55343376     0.093681175     0.095601349               0
           0.35            0.04          -0.072      0.58376525     0.085227844     0.098485137               0
           0.35           0.044          -0.072      0.61729475     0.076330057      0.09904773               0
           0.35           0.048          -0.072      0.65373463     0.067323909     0.097076775               0
           0.35           0.052          -0.072      0.69258223     0.058568271     0.092527517               0
           0.35           0.056          -0.072       0.7330204     0.050399637     0.085548978               0
           0.35            0.06          -0.072      0.77385364      0.04308884     0.076461869               0
           0.35           0.064          -0.072      0.81352527     0.036806737     0.065691574               0
           0.35           0.068          -0.072      0.85027022     0.031602121     0.053662919               0
           0.35           0.072          -0.072      0.88242044     0.027395379     0.040683443               0
           0.35           0.076          -0.072      0.90878001     0.023983728     0.026863868               0
           0.35            0.08          -0.072      0.92887962     0.021078277     0.012127061               0
           0.35           0.084          -0.072      0.94284378     0.018287344   -0.0036826686               0
           0.35           0.088          -0.072      0.95086134      0.01535887    -0.020743808               0
           0.35           0.092          -0.072      0.95057742     0.011545428    -0.039274535               0
           0.35           0.096          -0.072      0.92062093    0.0073283719     -0.05941671               0
           0.35             0.1          -0.072      0.44738069    0.0027146984    -0.034998539    0.0027164844
           0.35          -0.096          -0.068      0.84109201    0.0096442606    -0.048684013               0
           0.35            -0.1          -0.068      0.40604662    0.0026016064    -0.022676408    0.0015133649
           0.35          -0.092          -0.068      0.87710026     0.018445224    -0.051361161               0
           0.35          -0.088          -0.068       0.8834021     0.027107252    -0.049139142               0
           0.35          -0.084          -0.068      0.88187212     0.035688559    -0.046049201               0
           0.35           -0.08          -0.068      0.87589199     0.044233525    -0.043086927               0
           0.35          -0.076          -0.068      0.86570658     0.052754006    -0.040677503               0
           0.35          -0.072          -0.068      0.85078314     0.061168189     -0.03896741               0
           0.35          -0.068          -0.068      0.83056231     0.069348199    -0.037909201               0
           0.35          -0.064          -0.068      0.80485496      0.07714514    -0.037331805               0
           0.35           -0.06          -0.068      0.77401675     0.084418526    -0.037016036               0
           0.35          -0.056          -0.068      0.73893513     0.091056621    -0.036749604               0
           0.35          -0.052          -0.068      0.70087922     0.096988091     -0.03635201               0
           0.35          -0.048          -0.068      0.66108902      0.10221079    -0.035689987               0
           0.35          -0.044          -0.068      0.62038867      0.10682987    -0.034628348               0
           0.35           -0.04          -0.068      0.57945508      0.11097394      -0.0330224               0
           0.35          -0.036          -0.068      0.53916327        0.114708    -0.030784211               0
           0.35          -0.032          -0.068      0.50056525      0.11805435    -0.027856783               0
           0.35          -0.028          -0.068      0.46472434      0.12101661    -0.024190084               0
           0.35          -0.024          -0.068      0.43252355      0.12359103    -0.019757451               0
           0.35           -0.02          -0.068      0.40463023      0.12576133     -0.01455077               0
           0.35          -0.016          -0.068      0.38151696      0.12749639   -0.0085729231               0
           0.35          -0.012          -0.068      0.36346012       0.1287496   -0.0018390612               0
           0.35          -0.008          -0.068      0.35037711      0.12947893    0.0056097316               0
           0.35          -0.004          -0.068      0.34207915      0.12964718     0.013710958               0
           0.35               0          -0.068      0.33848198      0.12920717     0.022397668               0
           0.35           0.004          -0.068      0.33941161      0.12811331     0.031600005               0
           0.35           0.008          -0.068      0.34462684      0.12632161     0.041239524               0
           0.35           0.012          -0.068      0.35387212      0.12377707     0.051240726               0
           0.35           0.016          -0.068      0.36688001      0.12041112     0.061427308               0
           0.35            0.02          -0.068      0.38347106      0.11614572     0.071506325               0
           0.35           0.024          -0.068      0.40358783        0.110923     0.081115472               0
           0.35           0.028          -0.068      0.42719774      0.10472171     0.089865388               0
           0.35           0.032          -0.068      0.45430801      0.09757132     0.097371653               0
           0.35           0.036          -0.068      0.48496457     0.089594296      0.10318233               0
           0.35            0.04          -0.068      0.51919282     0.081001769       0.1068451               0
           0.35           0.044          -0.068      0.55694763     0.072076134      0.10799352               0
           0.35           0.048          -0.068      0.59807952     0.063168446       0.1063757               0
           0.35           0.052          -0.068      0.64224314     0.054665707      0.10190914               0
           0.35           0.056          -0.068      0.68877128     0.046934176     0.094721289               0
           0.35            0.06          -0.068      0.73657904     0.040269531     0.085127655               0
           0.35           0.064          -0.068      0.78413008     0.034850183     0.073565641               0
           0.35           0.068          -0.068       0.8295227      0.03069857     0.060495433               0
           0.35           0.072          -0.068      0.87074347     0.027662953     0.046292885               0
           0.35           0.076          -0.068      0.90605018     0.025420466     0.031176169               0
           0.35            0.08          -0.068      0.93432797     0.023527011     0.015208196               0
           0.35           0.084          -0.068       0.9551195     0.021420298   -0.0016176701               0
           0.35           0.088          -0.068      0.96826865     0.018709152    -0.019331777               0
           0.35           0.092          -0.068      0.97128447      0.01452058    -0.038010594               0
           0.35           0.096          -0.068      0.94208748    0.0092846525    -0.057390407               0
           0.35             0.1          -0.068      0.45791844    0.0033613502    -0.033636641     0.002384779
           0.35          -0.096          -0.064      0.84004428      0.01227209    -0.060622544               0
           0.35            -0.1          -0.064      0.40589496    0.0034566974     -0.02847565    0.0010178072
           0.35          -0.092          -0.064      0.87370121     0.022918157     -0.06344763               0
           0.35          -0.088          -0.064      0.87595465     0.033325187     -0.06062591               0
           0.35          -0.084          -0.064      0.86882149     0.043519456    -0.056661443               0
           0.35           -0.08          -0.064       0.8559217     0.053602124    -0.052674161               0
           0.35          -0.076          -0.064       0.8377998     0.063541638    -0.049153962               0
           0.35          -0.072          -0.064      0.81434077     0.073202527    -0.046312982               0
           0.35          -0.068          -0.064      0.78548955     0.082398112    -0.044177652               0
           0.35          -0.064          -0.064      0.75155958     0.090934129    -0.042648181               0
           0.35           -0.06          -0.064      0.71332245     0.098647544    -0.041560512               0
           0.35          -0.056          -0.064      0.67194244      0.10543198    -0.040731445               0
           0.35          -0.052          -0.064        0.628624      0.11126343    -0.039996651               0
           0.35          -0.048          -0.064       0.5840842      0.11626681    -0.039176188               0
           0.35          -0.044          -0.064      0.53881017      0.12061789    -0.038069939               0
           0.35           -0.04          -0.064      0.49366125      0.12440079     -0.03652973               0
           0.35          -0.036          -0.064      0.44979873      0.12765379    -0.034432851               0
           0.35          -0.032          -0.064      0.40838792      0.13040563    -0.031654325               0
           0.35          -0.028          -0.064      0.37044151      0.13267241    -0.028095297               0
           0.35          -0.024          -0.064      0.33677355      0.13445857      -0.0236924               0
           0.35           -0.02          -0.064      0.30799147      0.13575755    -0.018414389               0
           0.35          -0.016          -0.064      0.28450756      0.13655316    -0.012255177               0
           0.35          -0.012          -0.064      0.26654722      0.13681294   -0.0052269526               0
           0.35          -0.008          -0.064      0.25402038      0.13649636    0.0026288266               0
           0.35          -0.004          -0.064      0.24664124      0.13557307     0.011238639               0
           0.35               0          -0.064      0.24425323        0.134016      0.02052018               0
           0.35           0.004          -0.064      0.24675653      0.13179592     0.030386966               0
           0.35           0.008          -0.064      0.25397379      0.12888575     0.040740272               0
           0.35           0.012          -0.064      0.26565957      0.12526191     0.051464805               0
           0.35           0.016          -0.064      0.28149732      0.12089672     0.062422035               0
           0.35            0.02          -0.064       0.3011962       0.1157532     0.073375437               0
           0.35           0.024          -0.064      0.32454338      0.10979337     0.083965208               0
           0.35           0.028          -0.064      0.35142589      0.10299347     0.093769374               0
           0.35           0.032          -0.064      0.38183848     0.095380737       0.1023179               0
           0.35           0.036          -0.064      0.41583216     0.087064638       0.1090971               0
           0.35            0.04          -0.064      0.45349458     0.078233809      0.11361527               0
           0.35           0.044          -0.064      0.49488612      0.06916406      0.11546468               0
           0.35           0.048          -0.064       0.5399881     0.060228859      0.11433862               0
           0.35           0.052          -0.064      0.58863479     0.051845353      0.11010931               0
           0.35           0.056          -0.064        0.640375     0.044402134      0.10288928               0
           0.35            0.06          -0.064      0.69432038     0.038215159     0.092997708               0
           0.35           0.064          -0.064      0.74905776     0.033470923      0.08088992               0
           0.35           0.068          -0.064      0.80266312     0.030169596     0.067069505               0
           0.35           0.072          -0.064      0.85287333     0.028097808     0.051987203               0
           0.35           0.076          -0.064      0.89743356     0.026827581     0.035967693               0
           0.35            0.08          -0.064       0.9345175     0.025773142     0.019204866               0
           0.35           0.084          -0.064      0.96293918     0.024211038    0.0018230292               0
           0.35           0.088          -0.064      0.98199428     0.021613562    -0.016068607               0
           0.35           0.092          -0.064      0.98891836     0.017013596    -0.034404906               0
           0.35           0.096          -0.064      0.96094603      0.01085246    -0.052619106               0
           0.35             0.1          -0.064       0.4672542    0.0038569241    -0.030822662    0.0020188322
           0.35          -0.096           -0.06      0.83709314     0.014743716    -0.073274979               0
           0.35            -0.1           -0.06      0.40498883    0.0042477616    -0.034742786   0.00052862337
           0.35          -0.092           -0.06      0.86772812     0.027150092    -0.075996384               0
           0.35          -0.088           -0.06      0.86544759     0.039153375    -0.072569058               0
           0.35          -0.084           -0.06      0.85236476     0.050748047    -0.067814141               0
           0.35           -0.08           -0.06      0.83239159     0.062104612     -0.06294194               0
           0.35          -0.076           -0.06      0.80644791     0.073162818    -0.058486567               0
           0.35          -0.072           -0.06      0.77488526     0.083758219    -0.054707576               0
           0.35          -0.068           -0.06      0.73814691     0.093675788    -0.051687733               0
           0.35          -0.064           -0.06      0.69698912      0.10270526    -0.049384825               0
           0.35           -0.06           -0.06      0.65250479      0.11068516    -0.047685063               0
           0.35          -0.056           -0.06      0.60592063       0.1175252    -0.046453403               0
           0.35          -0.052           -0.06       0.5579969      0.12332881    -0.045488549               0
           0.35          -0.048           -0.06      0.50905354      0.12830729    -0.044550951               0
           0.35          -0.044           -0.06      0.45979593       0.1325579    -0.043457323               0
           0.35           -0.04           -0.06      0.41139301      0.13612826    -0.042022713               0
           0.35          -0.036           -0.06      0.36505037      0.13907492    -0.040040886               0
           0.35          -0.032           -0.06      0.32184311      0.14143929    -0.037333914               0
           0.35          -0.028           -0.06      0.28266057      0.14324762    -0.033768451               0
           0.35          -0.024           -0.06      0.24819083      0.14451235    -0.029257696               0
           0.35           -0.02           -0.06      0.21893133      0.14523248    -0.023759624               0
           0.35          -0.016           -0.06      0.19520997      0.14539624    -0.017270374               0
           0.35          -0.012           -0.06      0.17720132      0.14497957   -0.0098137392               0
           0.35          -0.008           -0.06      0.16491307      0.14393413   -0.0014401681               0
           0.35          -0.004           -0.06      0.15803666      0.14222131    0.0077604846               0
           0.35               0           -0.06      0.15629653      0.13982472     0.017682138               0
           0.35           0.004           -0.06      0.15964571      0.13672765     0.028224095               0
           0.35           0.008           -0.06      0.16797836      0.13291863     0.039280445               0
           0.35           0.012           -0.06       0.1811223      0.12838985     0.050730653               0
           0.35           0.016           -0.06      0.19883484      0.12313697     0.062418742               0
           0.35            0.02           -0.06      0.22081859      0.11715602     0.074124441               0
           0.35           0.024           -0.06      0.24676706       0.1104401     0.085541562               0
           0.35           0.028           -0.06      0.27646119      0.10299378     0.096246596               0
           0.35           0.032           -0.06       0.3097978     0.094856689      0.10572703               0
           0.35           0.036           -0.06      0.34677307     0.086121109      0.11343931               0
           0.35            0.04           -0.06      0.38749597      0.07695754      0.11883893               0
           0.35           0.044           -0.06      0.43210524     0.067640186      0.12144293               0
           0.35           0.048           -0.06      0.48066438     0.058549785      0.12089274               0
           0.35           0.052           -0.06      0.53311213     0.050121278      0.11703086               0
           0.35           0.056           -0.06      0.58917885     0.042778409      0.10994464               0
           0.35            0.06           -0.06      0.64824059     0.036864129     0.099953992               0
           0.35           0.064           -0.06      0.70915366     0.032567461     0.087550939               0
           0.35           0.068           -0.06      0.77012201     0.029870064     0.073294625               0
           0.35           0.072           -0.06      0.82876316     0.028510544     0.057712633               0
           0.35           0.076           -0.06       0.8824144     0.027980439     0.041227815               0
           0.35            0.08           -0.06      0.92856938     0.027579682     0.024144759               0
           0.35           0.084           -0.06      0.96524468     0.026448085    0.0066908326               0
           0.35           0.088           -0.06      0.99100439     0.023924421    -0.010927439               0
           0.35           0.092           -0.06       1.0026185     0.018958973    -0.028527892               0
           0.35           0.096           -0.06      0.97661973     0.012037265    -0.045336091               0
           0.35             0.1           -0.06      0.47518506    0.0042184388    -0.026722262    0.0016250287
           0.35          -0.096          -0.056      0.83306988     0.016627006    -0.086467493               0
           0.35            -0.1          -0.056      0.40372777     0.004696952    -0.041379936   5.0703733e-05
           0.35          -0.092          -0.056       0.8600634     0.030797354    -0.088856534               0
           0.35          -0.088          -0.056      0.85283688     0.044192313    -0.084815724               0
           0.35          -0.084          -0.056      0.83360901     0.056940819    -0.079350072               0
           0.35           -0.08          -0.056      0.80662375     0.069286847    -0.073735268               0
           0.35          -0.076          -0.056      0.77321054     0.081148834    -0.068531396               0
           0.35          -0.072          -0.056      0.73418109      0.09235317     -0.06402602               0
           0.35          -0.068          -0.056      0.69042179        0.102682    -0.060338241               0
           0.35          -0.064          -0.056      0.64304224      0.11193557    -0.057467766               0
           0.35           -0.06          -0.056      0.59332159      0.11996951    -0.055348288               0
           0.35          -0.056          -0.056      0.54224044      0.12676592    -0.053870799               0
           0.35          -0.052          -0.056      0.49010855      0.13255491     -0.05277571               0
           0.35          -0.048          -0.056      0.43736028      0.13751175     -0.05181035               0
           0.35          -0.044          -0.056      0.38506189      0.14165668    -0.050784385               0
           0.35           -0.04          -0.056      0.33441927      0.14506842    -0.049427261               0
           0.35          -0.036          -0.056      0.28651963      0.14781911    -0.047478822               0
           0.35          -0.032          -0.056      0.24228485      0.14996219    -0.044724634               0
           0.35          -0.028          -0.056      0.20244784      0.15153406    -0.041005874               0
           0.35          -0.024          -0.056      0.16755633      0.15255069    -0.036222471               0
           0.35           -0.02          -0.056      0.13799956      0.15300595    -0.030332294               0
           0.35          -0.016          -0.056      0.11403874      0.15287724     -0.02334222               0
           0.35          -0.012          -0.056     0.095831819      0.15213165    -0.015296711               0
           0.35          -0.008          -0.056     0.083441911      0.15071453   -0.0062696565               0
           0.35          -0.004          -0.056     0.076674622      0.14856852    0.0036304736               0
           0.35               0          -0.056     0.075205455      0.14566589     0.014269891               0
           0.35           0.004          -0.056     0.078907576      0.14200068     0.025521625               0
           0.35           0.008          -0.056     0.087745632      0.13757491     0.037270826               0
           0.35           0.012          -0.056      0.10162454      0.13239358     0.049399282               0
           0.35           0.016          -0.056      0.12037505      0.12646517     0.061764061               0
           0.35            0.02          -0.056      0.14375118      0.11980408     0.074160266               0
           0.35           0.024          -0.056      0.17146161      0.11243217     0.086292017               0
           0.35           0.028          -0.056      0.20323019       0.1043803     0.097761525               0
           0.35           0.032          -0.056      0.23885845     0.095701802      0.10807164               0
           0.35           0.036          -0.056      0.27827771     0.086495706      0.11664961               0
           0.35            0.04          -0.056      0.32157886     0.076938048      0.12288774               0
           0.35           0.044          -0.056      0.36895193     0.067304527      0.12622546               0
           0.35           0.048          -0.056       0.4205575     0.057970703      0.12624871               0
           0.35           0.052          -0.056      0.47641303     0.049380614      0.12276981               0
           0.35           0.056          -0.056      0.53629648     0.041985702      0.11587365               0
           0.35            0.06          -0.056      0.59968636     0.036123934      0.10593534               0
           0.35           0.064          -0.056      0.66570801     0.032015169     0.093478845               0
           0.35           0.068          -0.056      0.73292162     0.029661424     0.079093701               0
           0.35           0.072          -0.056      0.79906243     0.028749432     0.063393894               0
           0.35           0.076          -0.056      0.86120465     0.028717787     0.046886959               0
           0.35            0.08          -0.056      0.91626871     0.028788178     0.029961459               0
           0.35           0.084          -0.056      0.96148865     0.027998869     0.012916631               0
           0.35           0.088          -0.056      0.99461666     0.025565753   -0.0040063738               0
           0.35           0.092          -0.056       1.0117668     0.020346126    -0.020549585               0
           0.35           0.096          -0.056      0.98868442     0.012867365    -0.035817668               0
           0.35             0.1          -0.056      0.48156282    0.0044651119    -0.021504044     0.001211538
           0.35          -0.096          -0.052      0.82877037     0.018168879     -0.09990896               0
           0.35            -0.1          -0.052      0.40245926    0.0051353888    -0.048216414  -0.00040802187
           0.35          -0.092          -0.052      0.85163875     0.033612493     -0.10179785               0
           0.35          -0.088          -0.052      0.83915101      0.04808525     -0.09715002               0
           0.35          -0.084          -0.052      0.81372663     0.061694376    -0.091055572               0
           0.35           -0.08          -0.052       0.7799499     0.074721245    -0.084836196               0
           0.35          -0.076          -0.052      0.73955065     0.087065018    -0.079063319               0
           0.35          -0.072          -0.052      0.69375463     0.098554649    -0.074036013               0
           0.35          -0.068          -0.052      0.64381293      0.10898711    -0.069891967               0
           0.35          -0.064          -0.052      0.59108955      0.11819323     -0.06665815               0
           0.35           -0.06          -0.052      0.53685065      0.12604966    -0.064322623               0
           0.35          -0.056          -0.052      0.48168682      0.13268552    -0.062737149               0
           0.35          -0.052          -0.052      0.42581237      0.13836907     -0.06161794               0
           0.35          -0.048          -0.052      0.37001927      0.14317801    -0.060717444               0
           0.35          -0.044          -0.052      0.31549858      0.14716446     -0.05976307               0
           0.35           -0.04          -0.052      0.26333288      0.15043595    -0.058430028               0
           0.35          -0.036          -0.052      0.21444322      0.15307886    -0.056421093               0
           0.35          -0.032          -0.052      0.16957931      0.15515931    -0.053493795               0
           0.35          -0.028          -0.052      0.12931846       0.1567189    -0.049473008               0
           0.35          -0.024          -0.052     0.094088716      0.15776757    -0.044254876               0
           0.35           -0.02          -0.052      0.06420741      0.15827831    -0.037805772               0
           0.35          -0.016          -0.052       0.0399003      0.15819919    -0.030145215               0
           0.35          -0.012          -0.052     0.021336886      0.15747399    -0.021334598               0
           0.35          -0.008          -0.052    0.0086122867      0.15603461     -0.01148877               0
           0.35          -0.004          -0.052    0.0016820947      0.15380133  -0.00075480123               0
           0.35               0          -0.052   0.00022827925      0.15072901     0.010699375               0
           0.35           0.004          -0.052    0.0039986815      0.14681521     0.022710062               0
           0.35           0.008          -0.052     0.012995927      0.14206949     0.035147936               0
           0.35           0.012          -0.052     0.027193325      0.13650543     0.047900335               0
           0.35           0.016          -0.052     0.046491335      0.13014026      0.06085734               0
           0.35            0.02          -0.052     0.070692199      0.12300131       0.0738465               0
           0.35           0.024          -0.052     0.099532193      0.11512784     0.086591366               0
           0.35           0.028          -0.052      0.13271698      0.10656985     0.098720195               0
           0.35           0.032          -0.052      0.16999196     0.097401518      0.10974804               0
           0.35           0.036          -0.052      0.21123279     0.087742059      0.11908345               0
           0.35            0.04          -0.052      0.25649423     0.077778967      0.12607897               0
           0.35           0.044          -0.052      0.30599657     0.067791501       0.1301148               0
           0.35           0.048          -0.052      0.36002823     0.058157013      0.13070557               0
           0.35           0.052          -0.052      0.41877711     0.049325376      0.12761048               0
           0.35           0.056          -0.052      0.48212922     0.041756865      0.12091513               0
           0.35            0.06          -0.052      0.54953588     0.035803903      0.11105678               0
           0.35           0.064          -0.052      0.62006158     0.031685543     0.098666973               0
           0.35           0.068          -0.052       0.6924862     0.029420572     0.084414109               0
           0.35           0.072          -0.052      0.76497165     0.028706152     0.068949451               0
           0.35           0.076          -0.052      0.83466534     0.028945122     0.052834196               0
           0.35            0.08          -0.052      0.89806755     0.029317378     0.036512131               0
           0.35           0.084          -0.052      0.95171519     0.028799711     0.020320631               0
           0.35           0.088          -0.052      0.99257233      0.02651223     0.004501761               0
           0.35           0.092          -0.052       1.0160014      0.02120039    -0.010697783               0
           0.35           0.096          -0.052      0.99686278     0.013385771    -0.024352606               0
           0.35             0.1          -0.052      0.48628791    0.0046160525     -0.01532207   0.00078546087
           0.35          -0.096          -0.048      0.82479188     0.019209712     -0.11322287               0
           0.35            -0.1          -0.048      0.40143209    0.0054615848    -0.055030568  -0.00084165337
           0.35          -0.092          -0.048      0.84323065     0.035435817     -0.11452204               0
           0.35          -0.088          -0.048      0.82531087      0.05060507     -0.10929132               0
           0.35          -0.084          -0.048      0.79376276     0.064741384     -0.10265518               0
           0.35           -0.08          -0.048      0.75351122     0.078119468    -0.095963261               0
           0.35          -0.076          -0.048      0.70664955     0.090621237     -0.08978625               0
           0.35          -0.072          -0.048       0.6547531      0.10208344    -0.084422274               0
           0.35          -0.068          -0.048      0.59935422      0.11232865    -0.080015116               0
           0.35          -0.064          -0.048      0.54195436      0.12122121    -0.076613811               0
           0.35           -0.06          -0.048      0.48363381      0.12868869    -0.074240988               0
           0.35          -0.056          -0.048      0.42472137      0.13500005    -0.072690244               0
           0.35          -0.052          -0.048      0.36562986      0.14041577    -0.071645799               0
           0.35          -0.048          -0.048       0.3074091      0.14495214    -0.070852758               0
           0.35          -0.044          -0.048      0.25117828      0.14872847    -0.069961629               0
           0.35           -0.04          -0.048      0.19785572      0.15187811    -0.068604301               0
           0.35          -0.036          -0.048      0.14818358      0.15450559    -0.066452491               0
           0.35          -0.032          -0.048      0.10274465      0.15668711    -0.063244403               0
           0.35          -0.028          -0.048     0.061994786      0.15845882    -0.058796921               0
           0.35          -0.024          -0.048     0.026289371      0.15981637    -0.052997071               0
           0.35           -0.02          -0.048    -0.004068642        0.160695        -0.04582               0
           0.35          -0.016          -0.048    -0.028845421       0.1609837    -0.037320682               0
           0.35          -0.012          -0.048    -0.047871069      0.16058318    -0.027595451               0
           0.35          -0.008          -0.048    -0.061028355      0.15940688     -0.01679736               0
           0.35          -0.004          -0.048    -0.068284906      0.15736991   -0.0051137165               0
           0.35               0          -0.048    -0.069894556      0.15441709    0.0072519931               0
           0.35           0.004          -0.048    -0.066162139      0.15053601     0.020100114               0
           0.35           0.008          -0.048    -0.057133325      0.14573715     0.033277115               0
           0.35           0.012          -0.048    -0.042801367      0.14003949     0.046666026               0
           0.35           0.016          -0.048    -0.023203487      0.13346917     0.060166218               0
           0.35            0.02          -0.048    0.0015325215      0.12606492     0.073627096               0
           0.35           0.024          -0.048      0.03119237      0.11787558     0.086818916               0
           0.35           0.028          -0.048     0.065454489      0.10896164     0.099433239               0
           0.35           0.032          -0.048      0.10398942     0.099419483      0.11100915               0
           0.35           0.036          -0.048      0.14660336     0.089391897      0.12094286               0
           0.35            0.04          -0.048      0.19330193     0.079078075      0.12856508               0
           0.35           0.044          -0.048      0.24432625     0.068760819      0.13321443               0
           0.35           0.048          -0.048        0.300079     0.058812692      0.13435292               0
           0.35           0.052          -0.048      0.36096019     0.049677286      0.13168855               0
           0.35           0.056          -0.048      0.42711745     0.041823329      0.12527143               0
           0.35            0.06          -0.048      0.49815852      0.03565798      0.11553705               0
           0.35           0.064          -0.048      0.57301114     0.031403474      0.10324526               0
           0.35           0.068          -0.048       0.6501778     0.029040185     0.089258941               0
           0.35           0.072          -0.048      0.72800064     0.028301408     0.074305829               0
           0.35           0.076          -0.048      0.80410152     0.028612334     0.058941043               0
           0.35            0.08          -0.048      0.87494826     0.029136665     0.043608725               0
           0.35           0.084          -0.048       0.9365192     0.028829493     0.028653579               0
           0.35           0.088          -0.048      0.98505836     0.026753469     0.014309601               0
           0.35           0.092          -0.048       1.0152195     0.021550459   0.00074618642               0
           0.35           0.096          -0.048       1.0009976     0.013657394    -0.011261319               0
           0.35             0.1          -0.048      0.48929582     0.004706205   -0.0083633585   0.00034722088
           0.35          -0.096          -0.044      0.82144741     0.019704507     -0.12594108               0
           0.35            -0.1          -0.044      0.40070939    0.0056459669    -0.061552163    -0.001247543
           0.35          -0.092          -0.044      0.83542966     0.036223784     -0.12665779               0
           0.35          -0.088          -0.044      0.81205465     0.051681179     -0.12090388               0
           0.35          -0.084          -0.044      0.77454907     0.065988204     -0.11382505               0
           0.35           -0.08          -0.044      0.72818323     0.079379619     -0.10678946               0
           0.35          -0.076          -0.044       0.6753633     0.091724146      -0.1003592               0
           0.35          -0.072          -0.044      0.61794592      0.10286826     -0.09482302               0
           0.35          -0.068          -0.044      0.55766248      0.11266797    -0.090322012               0
           0.35          -0.064          -0.044      0.49603179      0.12101217    -0.086926583               0
           0.35           -0.06          -0.044      0.43390739      0.12791393    -0.084654928               0
           0.35          -0.056          -0.044      0.37156521      0.13373196    -0.083257601               0
           0.35          -0.052          -0.044      0.30968184      0.13870955     -0.08238758               0
           0.35          -0.048          -0.044       0.2493969      0.14288065    -0.081740914               0
           0.35          -0.044          -0.044      0.19168638      0.14641872    -0.080911762               0
           0.35           -0.04          -0.044      0.13728616       0.1494826    -0.079497822               0
           0.35          -0.036          -0.044      0.08676138      0.15219659    -0.077147501               0
           0.35          -0.032          -0.044     0.040559763      0.15464353    -0.073582887               0
           0.35          -0.028          -0.044   -0.0009111725      0.15684639    -0.068607271               0
           0.35          -0.024          -0.044    -0.037299437      0.15874272    -0.062118091               0
           0.35           -0.02          -0.044    -0.068319263      0.16019972    -0.054117103               0
           0.35          -0.016          -0.044    -0.093740538      0.16106461    -0.044689553               0
           0.35          -0.012          -0.044     -0.11338816       0.1612009    -0.033972819               0
           0.35          -0.008          -0.044     -0.12711603      0.16050174    -0.022150527               0
           0.35          -0.004          -0.044     -0.13483689      0.15888208   -0.0094400742               0
           0.35               0          -0.044     -0.13666594      0.15627687    0.0039236226               0
           0.35           0.004          -0.044     -0.13291303      0.15265526      0.01770731               0
           0.35           0.008          -0.044     -0.12375568      0.14802366     0.031723735               0
           0.35           0.012          -0.044     -0.10920727      0.14240693     0.045835329               0
           0.35           0.016          -0.044     -0.08929082      0.13584085     0.059918915               0
           0.35            0.02          -0.044    -0.064079942      0.12837137     0.073828212               0
           0.35           0.024          -0.044    -0.033731761      0.12005173     0.087375265               0
           0.35           0.028          -0.044    0.0014605373      0.11095301      0.10029906               0
           0.35           0.032          -0.044      0.04112482       0.1011866      0.11220475               0
           0.35           0.036          -0.044     0.084939929     0.090915762      0.12253187               0
           0.35            0.04          -0.044      0.13280267     0.080358031      0.13059937               0
           0.35           0.044          -0.044      0.18494825     0.069796258      0.13571913               0
           0.35           0.048          -0.044      0.24187866     0.059590044      0.13731839               0
           0.35           0.052          -0.044      0.30420209     0.050169311      0.13506432               0
           0.35           0.056          -0.044      0.37236502     0.041998109      0.12897579               0
           0.35            0.06          -0.044      0.44629803     0.035504015      0.11948249               0
           0.35           0.064          -0.044      0.52507517     0.030969262      0.10739049               0
           0.35           0.068          -0.044      0.60686078     0.028392351     0.093729843               0
           0.35           0.072          -0.044      0.68953975     0.027475127     0.079433797               0
           0.35           0.076          -0.044       0.7710129     0.027687234     0.065087008               0
           0.35            0.08          -0.044      0.84821147     0.028238083     0.051054144               0
           0.35           0.084          -0.044      0.91689374     0.028081411      0.03763911               0
           0.35           0.088          -0.044      0.97268977     0.026261756     0.025052456               0
           0.35           0.092          -0.044       1.0096318     0.021354519     0.013415904               0
           0.35           0.096          -0.044       1.0010457     0.013672666    0.0032596116               0
           0.35             0.1          -0.044      0.49053941    0.0047458737  -0.00066469536   -8.199123e-05
           0.35          -0.096           -0.04      0.81933078     0.019608024     -0.13770184               0
           0.35            -0.1           -0.04      0.40064904    0.0056108562    -0.067601009   -0.0016198413
           0.35          -0.092           -0.04      0.82872556     0.036043392     -0.13784665               0
           0.35          -0.088           -0.04      0.79993216     0.051378155     -0.13164202               0
           0.35          -0.084           -0.04      0.75669931     0.065497625     -0.12422896               0
           0.35           -0.08           -0.04      0.70459103     0.078576717     -0.11697742               0
           0.35          -0.076           -0.04      0.64626958      0.09047299     -0.11043497               0
           0.35          -0.072           -0.04       0.5838094      0.10104323     -0.10487552               0
           0.35          -0.068           -0.04      0.51906381      0.11018083     -0.10042795               0
           0.35          -0.064           -0.04      0.45348405      0.11779472     -0.09717738               0
           0.35           -0.06           -0.04      0.38774713      0.12398292    -0.095129925               0
           0.35          -0.056           -0.04      0.32221759       0.1291672    -0.094000194               0
           0.35          -0.052           -0.04      0.25780279      0.13359276    -0.093394309               0
           0.35          -0.048           -0.04       0.1956229      0.13735066    -0.092937084               0
           0.35          -0.044           -0.04      0.13647264      0.14065533    -0.092177924               0
           0.35           -0.04           -0.04     0.080895139      0.14369007    -0.090691985               0
           0.35          -0.036           -0.04     0.029303724      0.14660139    -0.088110393               0
           0.35          -0.032           -0.04    -0.017904825       0.1494576    -0.084142277               0
           0.35          -0.028           -0.04    -0.060332583      0.15221235    -0.078596268               0
           0.35          -0.024           -0.04    -0.097662592      0.15472578    -0.071397043               0
           0.35           -0.02           -0.04     -0.12964995      0.15682524    -0.062569335               0
           0.35          -0.016           -0.04     -0.15605927      0.15834771     -0.05220952               0
           0.35          -0.012           -0.04     -0.17664948      0.15913996    -0.040478883               0
           0.35          -0.008           -0.04     -0.19119277      0.15907056    -0.027591348               0
           0.35          -0.004           -0.04     -0.19952323       0.1580365    -0.013797586               0
           0.35               0           -0.04     -0.20160323      0.15595605   0.00063520745               0
           0.35           0.004           -0.04     -0.19771953      0.15277555     0.015438365               0
           0.35           0.008           -0.04     -0.18818366      0.14849015     0.030385385               0
           0.35           0.012           -0.04     -0.17308598      0.14312921     0.045307981               0
           0.35           0.016           -0.04      -0.1525138      0.13673714     0.060062364               0
           0.35            0.02           -0.04      -0.1265731       0.1293692     0.074498809               0
           0.35           0.024           -0.04    -0.095418955        0.121089      0.08843131               0
           0.35           0.028           -0.04    -0.059291303      0.11197857      0.10160267               0
           0.35           0.032           -0.04    -0.018528236      0.10215555      0.11366864               0
           0.35           0.036           -0.04     0.026481659     0.091795808      0.12415227               0
           0.35            0.04           -0.04     0.075476163      0.08112984      0.13243654               0
           0.35           0.044           -0.04      0.12858395     0.070441758      0.13784431               0
           0.35           0.048           -0.04      0.18637085     0.060078726      0.13977654               0
           0.35           0.052           -0.04      0.24964183     0.050447187      0.13787279               0
           0.35           0.056           -0.04      0.31915054     0.041994463      0.13212374               0
           0.35            0.06           -0.04      0.39519977     0.035150782      0.12294844               0
           0.35           0.064           -0.04      0.47718129     0.030236078        0.111183               0
           0.35           0.068           -0.04      0.56324221     0.027331508      0.09794693               0
           0.35           0.072           -0.04      0.65061112     0.026152553     0.084371648               0
           0.35           0.076           -0.04      0.73678735     0.026156889     0.071188051               0
           0.35            0.08           -0.04      0.81924968     0.026624759     0.058675555               0
           0.35           0.084           -0.04      0.89404767     0.026562242     0.047018003               0
           0.35           0.088           -0.04      0.95639795     0.025014437     0.036382702               0
           0.35           0.092           -0.04      0.99980622     0.020523544     0.026860308               0
           0.35           0.096           -0.04      0.99712739      0.01330028     0.018786536               0
           0.35             0.1           -0.04      0.48995946    0.0046698148     0.007604679  -0.00047185258
           0.35          -0.096          -0.036      0.81872743     0.018993112     -0.14822614               0
           0.35            -0.1          -0.036      0.40140367    0.0053868931    -0.073043471   -0.0019534911
           0.35          -0.092          -0.036      0.82342765     0.035001706     -0.14778807               0
           0.35          -0.088          -0.036      0.78933307     0.049838816     -0.14119653               0
           0.35          -0.084          -0.036      0.74065094     0.063442134     -0.13355915               0
           0.35           -0.08          -0.036      0.68316723     0.075918544     -0.12621826               0
           0.35          -0.076          -0.036      0.61974807       0.0871154     -0.11969912               0
           0.35          -0.072          -0.036      0.55263288     0.096899797     -0.11425727               0
           0.35          -0.068          -0.036      0.48372027      0.10518641     -0.11000836               0
           0.35          -0.064          -0.036      0.41433798      0.11192845     -0.10703508               0
           0.35           -0.06          -0.036      0.34508706      0.11731858     -0.10532607               0
           0.35          -0.056          -0.036       0.2765341      0.12180014     -0.10456606               0
           0.35          -0.052          -0.036      0.20975276      0.12563118     -0.10429831               0
           0.35          -0.048          -0.036      0.14575297      0.12897461     -0.10406977               0
           0.35          -0.044          -0.036     0.085119513      0.13207915     -0.10339418               0
           0.35           -0.04          -0.036      0.02821512      0.13515966     -0.10182859               0
           0.35          -0.036          -0.036    -0.024620946      0.13835266     -0.09899758               0
           0.35          -0.032          -0.036    -0.073020867      0.14164349    -0.094621214               0
           0.35          -0.028          -0.036     -0.11668055      0.14490324     -0.08852864               0
           0.35          -0.024          -0.036     -0.15536235      0.14797274    -0.080653287               0
           0.35           -0.02          -0.036     -0.18880374      0.15068369    -0.071024763               0
           0.35          -0.016          -0.036     -0.21668304       0.1528643     -0.05975414               0
           0.35          -0.012          -0.036     -0.23864219      0.15434834    -0.047021777               0
           0.35          -0.008          -0.036     -0.25433081      0.15498293    -0.033065188               0
           0.35          -0.004          -0.036     -0.26346082      0.15463776     -0.01816275               0
           0.35               0          -0.036     -0.26586311      0.15320668   -0.0026147057               0
           0.35           0.004          -0.036     -0.26177617      0.15060697      0.01327332               0
           0.35           0.008          -0.036     -0.25158818       0.1468105     0.029232584               0
           0.35           0.012          -0.036     -0.23550988      0.14184305     0.045052815               0
           0.35           0.016          -0.036     -0.21376014       0.1357561     0.060559646               0
           0.35            0.02          -0.036     -0.18655993      0.12862053     0.075588109               0
           0.35           0.024          -0.036     -0.15414434      0.12051856     0.089947832               0
           0.35           0.028          -0.036     -0.11678694      0.11154661       0.1033862               0
           0.35           0.032          -0.036    -0.074810711      0.10183092      0.11556231               0
           0.35           0.036          -0.036    -0.028569532      0.09154983      0.12604045               0
           0.35            0.04          -0.036     0.021624314     0.080935339       0.1343061               0
           0.35           0.044          -0.036     0.075740486     0.070268314       0.1397764               0
           0.35           0.048          -0.036      0.13428933     0.059883294      0.14187683               0
           0.35           0.052          -0.036      0.19823229     0.050159712      0.14022837               0
           0.35           0.056          -0.036      0.26862019     0.041513637      0.13480099               0
           0.35            0.06          -0.036      0.34614181      0.03436778       0.1259951               0
           0.35           0.064          -0.036      0.43057331     0.029066595      0.11465676               0
           0.35           0.068          -0.036      0.52025554     0.025759121      0.10196548               0
           0.35           0.072          -0.036      0.61201251     0.024257395     0.089178159               0
           0.35           0.076          -0.036       0.7025429     0.023999523     0.077210971               0
           0.35            0.08          -0.036       0.7893898     0.024309839     0.066335963               0
           0.35           0.084          -0.036      0.86922491     0.024305431     0.056568767               0
           0.35           0.088          -0.036      0.93724367     0.023039927     0.048000416               0
           0.35           0.092          -0.036      0.98654533      0.01905622     0.040673911               0
           0.35           0.096          -0.036      0.98963037     0.012486528     0.034721836               0
           0.35             0.1          -0.036      0.48761381    0.0044357614     0.016083815  -0.00083239107
           0.35          -0.096          -0.032      0.81956672     0.017962524     -0.15721818               0
           0.35            -0.1          -0.032      0.40284836    0.0050351312    -0.077723578   -0.0022459408
           0.35          -0.092          -0.032      0.81971616     0.033216083     -0.15621344               0
           0.35          -0.088          -0.032      0.78053815      0.04724285     -0.14931278               0
           0.35          -0.084          -0.032      0.72671754     0.060056492     -0.14156437               0
           0.35           -0.08          -0.032      0.66421327     0.071692808     -0.13426119               0
           0.35          -0.076          -0.032      0.59604951     0.081992709     -0.12789842               0
           0.35          -0.072          -0.032       0.5245799     0.090834843     -0.12270906               0
           0.35          -0.068          -0.032      0.45167826     0.098128843     -0.11880327               0
           0.35          -0.064          -0.032      0.37853934      0.10389653     -0.11625327               0
           0.35           -0.06          -0.032      0.30582535      0.10846015     -0.11500297               0
           0.35          -0.056          -0.032      0.23439233      0.11223945     -0.11470156               0
           0.35          -0.052          -0.032      0.16539343      0.11548966     -0.11482909               0
           0.35          -0.048          -0.032     0.099640147      0.11845218     -0.11485633               0
           0.35          -0.044          -0.032     0.037496552      0.12141045     -0.11427176               0
           0.35           -0.04          -0.032    -0.020794691      0.12459044     -0.11262154               0
           0.35          -0.036          -0.032    -0.074957589      0.12804065     -0.10954225               0
           0.35          -0.032          -0.032     -0.12476942      0.13164855     -0.10477975               0
           0.35          -0.028          -0.032     -0.17006591      0.13527578    -0.098176119               0
           0.35          -0.024          -0.032      -0.2106157      0.13877587     -0.08966972               0
           0.35           -0.02          -0.032      -0.2460623      0.14198758    -0.079291337               0
           0.35          -0.016          -0.032      -0.2759447      0.14474197    -0.067155088               0
           0.35          -0.012          -0.032     -0.29974908      0.14686683    -0.053452438               0
           0.35          -0.008          -0.032     -0.31696984      0.14819294    -0.038441975               0
           0.35          -0.004          -0.032      -0.3271716      0.14856377    -0.022428956               0
           0.35               0          -0.032     -0.33005251      0.14784573   -0.0057452048               0
           0.35           0.004          -0.032     -0.32575973      0.14591979     0.011267378               0
           0.35           0.008          -0.032     -0.31470092      0.14272285     0.028293593               0
           0.35           0.012          -0.032     -0.29721916      0.13826488     0.045072886               0
           0.35           0.016          -0.032     -0.27371616      0.13259645     0.061392307               0
           0.35            0.02          -0.032     -0.24460537      0.12580308     0.077062176               0
           0.35           0.024          -0.032     -0.21028484      0.11799036     0.091878788               0
           0.35           0.028          -0.032     -0.17114257      0.10928034      0.10558537               0
           0.35           0.032          -0.032     -0.12756595     0.099815021      0.11784982               0
           0.35           0.036          -0.032    -0.079913268     0.089769817      0.12826112               0
           0.35            0.04          -0.032    -0.028442943     0.079374758      0.13635585               0
           0.35           0.044          -0.032     0.026790565     0.068904103       0.1416685               0
           0.35           0.048          -0.032     0.086182286     0.058663306      0.14374139               0
           0.35           0.052          -0.032      0.15072866     0.048997061      0.14222409               0
           0.35           0.056          -0.032      0.22173344     0.040287364      0.13707093               0
           0.35            0.06          -0.032      0.30025704     0.032937778      0.12866113               0
           0.35           0.064          -0.032      0.38648069     0.027308525      0.11783199               0
           0.35           0.068          -0.032      0.47902733     0.023602179      0.10579413               0
           0.35           0.072          -0.032      0.57461637      0.02173632     0.093880166               0
           0.35           0.076          -0.032       0.6691477     0.021183056     0.083155861               0
           0.35            0.08          -0.032      0.75969701     0.021323283      0.07393872               0
           0.35           0.084          -0.032      0.84355439     0.021371013     0.066104874               0
           0.35           0.088          -0.032      0.91628081     0.020412082     0.059638206               0
           0.35           0.092          -0.032      0.97072323     0.017029569     0.054525517               0
           0.35           0.096          -0.032      0.97915554     0.011292011     0.050670805               0
           0.35             0.1          -0.032      0.48372289    0.0040652664     0.024555589   -0.0011758639
           0.35          -0.096          -0.028      0.82190663     0.016521213      -0.1644594               0
           0.35            -0.1          -0.028       0.4049908    0.0045129612    -0.081529757   -0.0024909147
           0.35          -0.092          -0.028      0.81773409     0.030813377     -0.16292105               0
           0.35          -0.088          -0.028      0.77375358     0.043782569     -0.15580593               0
           0.35          -0.084          -0.028      0.71512809     0.055598058     -0.14806569               0
           0.35           -0.08          -0.028      0.64794686     0.066218429     -0.14092961               0
           0.35          -0.076          -0.028      0.57535051     0.075483991     -0.13485724               0
           0.35          -0.072          -0.028      0.49974546     0.083281579     -0.13005219               0
           0.35          -0.068          -0.028      0.42293852     0.089509514     -0.12662381               0
           0.35          -0.064          -0.028      0.34604964     0.094265277     -0.12464921               0
           0.35           -0.06          -0.028      0.26994505      0.09800361     -0.12399842               0
           0.35          -0.056          -0.028      0.19580948      0.10110924     -0.12424247               0
           0.35          -0.052          -0.028      0.12477397       0.1038221     -0.12480296               0
           0.35          -0.048          -0.028     0.057384537      0.10644857     -0.12509774               0
           0.35          -0.044          -0.028   -0.0061947337      0.10930895     -0.12459721               0
           0.35           -0.04          -0.028     -0.06583181      0.11255818     -0.12285744               0
           0.35          -0.036          -0.028     -0.12142843      0.11612174      -0.1195417               0
           0.35          -0.032          -0.028     -0.17297088      0.11987648     -0.11441266               0
           0.35          -0.028          -0.028     -0.22035693      0.12369844     -0.10733124               0
           0.35          -0.024          -0.028      -0.2632886      0.12745246    -0.098240675               0
           0.35           -0.02          -0.028     -0.30126637      0.13099609    -0.087160983               0
           0.35          -0.016          -0.028     -0.33364726      0.13417132    -0.074200662               0
           0.35          -0.012          -0.028     -0.35972896      0.13680531    -0.059559669               0
           0.35          -0.008          -0.028     -0.37883508       0.1387215    -0.043519294               0
           0.35          -0.004          -0.028     -0.39038979      0.13974943    -0.026413649               0
           0.35               0          -0.028     -0.39397526       0.1397334   -0.0086025686               0
           0.35           0.004          -0.028     -0.38958072      0.13851872    0.0095407049               0
           0.35           0.008          -0.028     -0.37755717      0.13599939     0.027651783               0
           0.35           0.012          -0.028     -0.35836929      0.13215271     0.045413676               0
           0.35           0.016          -0.028      -0.3326122      0.12701399     0.062568449               0
           0.35            0.02          -0.028     -0.30095299      0.12067457     0.078893388               0
           0.35           0.024          -0.028     -0.26403973      0.11326206      0.09416594               0
           0.35           0.028          -0.028      -0.2224597      0.10492516      0.10812423               0
           0.35           0.032          -0.028     -0.17673164     0.095829371      0.12044347               0
           0.35           0.036          -0.028     -0.12727808     0.086163632      0.13073553               0
           0.35            0.04          -0.028    -0.074344729     0.076152916      0.13857956               0
           0.35           0.044          -0.028    -0.017898784     0.066061025      0.14358581               0
           0.35           0.048          -0.028     0.042463718     0.056151251      0.14544717               0
           0.35           0.052          -0.028      0.10769529     0.046713421      0.14392447               0
           0.35           0.056          -0.028      0.17923813     0.038096479      0.13897709               0
           0.35            0.06          -0.028      0.25847346     0.030679138      0.13096663               0
           0.35           0.064          -0.028      0.34597044     0.024827245      0.12071035               0
           0.35           0.068          -0.028      0.44068604     0.020786862      0.10941958               0
           0.35           0.072          -0.028      0.53939564     0.018569094     0.098465766               0
           0.35           0.076          -0.028      0.63735606     0.017741884     0.089000469               0
           0.35            0.08          -0.028      0.73098618     0.017736135     0.081402735               0
           0.35           0.084          -0.028      0.81799515     0.017841292     0.075468914               0
           0.35           0.088          -0.028      0.89447201     0.017224171     0.071061534               0
           0.35           0.092          -0.028      0.95320649     0.014527703     0.068098865               0
           0.35           0.096          -0.028       0.9663634    0.0097770707     0.066241747               0
           0.35             0.1          -0.028      0.47855032    0.0035813212     0.032806956   -0.0014953351
           0.35          -0.096          -0.024      0.82576973     0.014916189     -0.16981784               0
           0.35            -0.1          -0.024      0.40781835    0.0040161242    -0.084387437   -0.0026831341
           0.35          -0.092          -0.024      0.81758373     0.027926577     -0.16779847               0
           0.35          -0.088          -0.024      0.76913007     0.039651081     -0.16056872               0
           0.35          -0.084          -0.024      0.70605181     0.050320981     -0.15295967               0
           0.35           -0.08          -0.024      0.63453165     0.059809177     -0.14612207               0
           0.35          -0.076          -0.024      0.55779085     0.067958468     -0.14047498               0
           0.35          -0.072          -0.024      0.47821828      0.07463144     -0.13619532               0
           0.35          -0.068          -0.024      0.39751324     0.079754158     -0.13339597               0
           0.35          -0.064          -0.024      0.31686121     0.083560508     -0.13214636               0
           0.35           -0.06          -0.024      0.23752361      0.08652594     -0.13222426               0
           0.35          -0.056          -0.024      0.16095781     0.088979064     -0.13308891               0
           0.35          -0.052          -0.024      0.08812525      0.09119561     -0.13409932               0
           0.35          -0.048          -0.024     0.019285252      0.09353344        -0.13465               0
           0.35          -0.044          -0.024    -0.045571529     0.096278891     -0.13421764               0
           0.35           -0.04          -0.024     -0.10651978     0.099459319     -0.13238329               0
           0.35          -0.036          -0.024     -0.16373531      0.10295311     -0.12883631               0
           0.35          -0.032          -0.024     -0.21734965      0.10666533     -0.12335892               0
           0.35          -0.028          -0.024     -0.26724168       0.1104854     -0.11582214               0
           0.35          -0.024          -0.024     -0.31298778      0.11429482     -0.10616789               0
           0.35           -0.02          -0.024     -0.35389844      0.11796735    -0.094409873               0
           0.35          -0.016          -0.024      -0.3891069      0.12135938    -0.080648638               0
           0.35          -0.012          -0.024     -0.41770783      0.12430503    -0.065091446               0
           0.35          -0.008          -0.024     -0.43888046       0.1266329    -0.048049179               0
           0.35          -0.004          -0.024     -0.45194868      0.12817846    -0.029888621               0
           0.35               0          -0.024     -0.45641633      0.12877753      -0.0109943               0
           0.35           0.004          -0.024     -0.45208741      0.12825029    0.0082372269               0
           0.35           0.008          -0.024      -0.4391924      0.12645028     0.027399837               0
           0.35           0.012          -0.024     -0.41825712      0.12330744     0.046122561               0
           0.35           0.016          -0.024     -0.39000138      0.11881904     0.064096514               0
           0.35            0.02          -0.024     -0.35534285      0.11306128     0.081053477               0
           0.35           0.024          -0.024     -0.31525728      0.10617331     0.096747141               0
           0.35           0.028          -0.024     -0.27062908     0.098326857      0.11091306               0
           0.35           0.032          -0.024     -0.22218367     0.089718037      0.12323352               0
           0.35           0.036          -0.024     -0.17046163     0.080565881      0.13334059               0
           0.35            0.04          -0.024     -0.11574518     0.071097974      0.14086348               0
           0.35           0.044          -0.024    -0.057934156     0.061552391      0.14548516               0
           0.35           0.048          -0.024    0.0035075371     0.052159959      0.14701133               0
           0.35           0.052          -0.024     0.069555478     0.043139545      0.14535232               0
           0.35           0.056          -0.024      0.14168461     0.034782812       0.1405377               0
           0.35            0.06          -0.024      0.22149955     0.027455156      0.13291509               0
           0.35           0.064          -0.024      0.30989223     0.021519532      0.12327882               0
           0.35           0.068          -0.024      0.40614534     0.017256636      0.11281762               0
           0.35           0.072          -0.024      0.50718234     0.014762534      0.10289935               0
           0.35           0.076          -0.024      0.60784827     0.013740416     0.094696973               0
           0.35            0.08          -0.024      0.70393916     0.013632419     0.088655162               0
           0.35           0.084          -0.024       0.7933303     0.013808944     0.084535611               0
           0.35           0.088          -0.024      0.87264088     0.013579968     0.082078603               0
           0.35           0.092          -0.024       0.9347908     0.011642754         0.08113               0
           0.35           0.096          -0.024      0.95191549    0.0080023789     0.081085498               0
           0.35             0.1          -0.024      0.47237751    0.0030047928     0.040639181   -0.0017877052
           0.35          -0.096           -0.02      0.83119347     0.013144604     -0.17323293               0
           0.35            -0.1           -0.02      0.41134606    0.0035027998    -0.086265985   -0.0028238394
           0.35          -0.092           -0.02      0.81933371     0.024672454      -0.1707926               0
           0.35          -0.088           -0.02      0.76677341     0.035030483     -0.16355866               0
           0.35          -0.084           -0.02      0.69961084     0.044461514     -0.15620924               0
           0.35           -0.08           -0.02      0.62408783     0.052756523     -0.14980435               0
           0.35          -0.076           -0.02      0.54346248     0.059757868     -0.14471528               0
           0.35          -0.072           -0.02      0.46004481     0.065270154     -0.14110686               0
           0.35          -0.068           -0.02      0.37542746     0.069303018      -0.1391127               0
           0.35          -0.064           -0.02      0.29107023     0.072251384     -0.13874631               0
           0.35           -0.06           -0.02       0.2087842     0.074494927     -0.13965237               0
           0.35          -0.056           -0.02      0.13014085     0.076311447     -0.14117925               0
           0.35          -0.052           -0.02     0.055795834     0.078047271     -0.14263874               0
           0.35          -0.048           -0.02    -0.014259395     0.080093253     -0.14342183               0
           0.35          -0.044           -0.02    -0.080247863     0.082625389     -0.14303405               0
           0.35           -0.04           -0.02     -0.14254419      0.08555771     -0.14109079               0
           0.35          -0.036           -0.02      -0.2015831     0.088799841     -0.13730534               0
           0.35          -0.032           -0.02     -0.25756023     0.092270573     -0.13148229               0
           0.35          -0.028           -0.02     -0.31027598     0.095882161     -0.12349082               0
           0.35          -0.024           -0.02     -0.35911511     0.099537766      -0.1132647               0
           0.35           -0.02           -0.02     -0.40312871      0.10312127     -0.10081572               0
           0.35          -0.016           -0.02     -0.44120841      0.10650028    -0.086246379               0
           0.35          -0.012           -0.02     -0.47230935      0.10952934    -0.069787692               0
           0.35          -0.008           -0.02     -0.49554379      0.11205426     -0.05180111               0
           0.35          -0.004           -0.02     -0.51014125      0.11392846    -0.032673037               0
           0.35               0           -0.02     -0.51549714      0.11499622    -0.012782797               0
           0.35           0.004           -0.02     -0.51129521      0.11506903    0.0074620146               0
           0.35           0.008           -0.02     -0.49770085      0.11398118     0.027604922               0
           0.35           0.012           -0.02      -0.4752472      0.11161538     0.047219227               0
           0.35           0.016           -0.02     -0.44464144      0.10790266     0.065954009               0
           0.35            0.02           -0.02     -0.40691233      0.10287097      0.08348957               0
           0.35           0.024           -0.02     -0.36335391     0.096647171     0.099546975               0
           0.35           0.028           -0.02     -0.31523666     0.089424167      0.11384997               0
           0.35           0.032           -0.02     -0.26360734     0.081436763      0.12608871               0
           0.35           0.036           -0.02     -0.20920016     0.072935628      0.13592851               0
           0.35            0.04           -0.02     -0.15236716     0.064157488      0.14305671               0
           0.35           0.044           -0.02    -0.092974413     0.055312357      0.14723993               0
           0.35           0.048           -0.02     -0.03034225      0.04660164      0.14836778               0
           0.35           0.052           -0.02     0.036637807     0.038177083      0.14648681               0
           0.35           0.056           -0.02       0.1094684     0.030253419      0.14174297               0
           0.35            0.06           -0.02      0.18984301     0.023178128      0.13449421               0
           0.35           0.064           -0.02      0.27887599     0.017313208      0.12551251               0
           0.35           0.068           -0.02      0.37610811     0.012966246      0.11594711               0
           0.35           0.072           -0.02      0.47863682      0.01030907      0.10712707               0
           0.35           0.076           -0.02      0.58115786    0.0091872951      0.10019991               0
           0.35            0.08           -0.02      0.67904114    0.0090456111      0.09564709               0
           0.35           0.084           -0.02      0.77011776    0.0093513942     0.093211415               0
           0.35           0.088           -0.02      0.85143276    0.0095775149     0.092539558               0
           0.35           0.092           -0.02      0.91615733    0.0084717727     0.093410783               0
           0.35           0.096           -0.02      0.93643515    0.0060395626      0.09492679               0
           0.35             0.1           -0.02      0.46548753    0.0023625983     0.047895896   -0.0020523037
           0.35          -0.096          -0.016      0.83816907     0.011220793     -0.17468651               0
           0.35            -0.1          -0.016      0.41556105    0.0029523709    -0.087158683   -0.0029146397
           0.35          -0.092          -0.016      0.82301591     0.021150509     -0.17189406               0
           0.35          -0.088          -0.016      0.76675001      0.03007537     -0.16478486               0
           0.35          -0.084          -0.016      0.69588796     0.038223755     -0.15783045               0
           0.35           -0.08          -0.016      0.61670994       0.0453124     -0.15199542               0
           0.35          -0.076          -0.016      0.53244982     0.051154758     -0.14760069               0
           0.35          -0.072          -0.016      0.44525399     0.055520229     -0.14481917               0
           0.35          -0.068          -0.016      0.35673707      0.05857781     -0.14380783               0
           0.35          -0.064          -0.016      0.26890938     0.060744151     -0.14446893               0
           0.35           -0.06          -0.016      0.18408225     0.062263356     -0.14627214               0
           0.35          -0.056          -0.016      0.10372718     0.063453049     -0.14847055               0
           0.35          -0.052          -0.016     0.028157687     0.064703348     -0.15036065               0
           0.35          -0.048          -0.016     -0.04288669     0.066374091      -0.1513518               0
           0.35          -0.044          -0.016     -0.10991813     0.068531398     -0.15097949               0
           0.35           -0.04          -0.016     -0.17364048     0.071043932     -0.14889593               0
           0.35          -0.036          -0.016     -0.23466294     0.073848718      -0.1448479               0
           0.35          -0.032          -0.016     -0.29318722      0.07688036     -0.13865515               0
           0.35          -0.028          -0.016     -0.34887835     0.080076858     -0.13018291               0
           0.35          -0.024          -0.016     -0.40085861      0.08336452     -0.11935471               0
           0.35           -0.02          -0.016     -0.44787197     0.086641004     -0.10618123               0
           0.35          -0.016          -0.016     -0.48866667      0.08977977    -0.090804637               0
           0.35          -0.012          -0.016      -0.5222596     0.092677856    -0.073502113               0
           0.35          -0.008          -0.016     -0.54770246     0.095222529     -0.05465496               0
           0.35          -0.004          -0.016     -0.56394756     0.097268505     -0.03465706               0
           0.35               0          -0.016     -0.57013993     0.098661567    -0.013887148               0
           0.35           0.004          -0.016     -0.56587191     0.099215956    0.0072366511               0
           0.35           0.008          -0.016     -0.55137958      0.09876038     0.028233382               0
           0.35           0.012          -0.016     -0.52739899     0.097153893     0.048644474               0
           0.35           0.016          -0.016     -0.49473403      0.09428771     0.068063131               0
           0.35            0.02          -0.016     -0.45426358     0.090117187     0.086108037               0
           0.35           0.024          -0.016      -0.4073138     0.084708687      0.10245601               0
           0.35           0.028          -0.016     -0.35554993     0.078261084      0.11680473               0
           0.35           0.032          -0.016     -0.30046643     0.071044281      0.12885893               0
           0.35           0.036          -0.016     -0.24309466     0.063337495      0.13833521               0
           0.35            0.04          -0.016     -0.18389896     0.055387102      0.14499349               0
           0.35           0.044          -0.016     -0.12272489     0.047383281      0.14868694               0
           0.35           0.048          -0.016    -0.058776086     0.039485596      0.14939598               0
           0.35           0.052          -0.016    0.0092373325     0.031806037      0.14726717               0
           0.35           0.056          -0.016     0.082879904      0.02448141       0.1425582               0
           0.35            0.06          -0.016      0.16384197     0.017809914      0.13567934               0
           0.35           0.064          -0.016      0.25334324      0.01216593      0.12737932               0
           0.35           0.068          -0.016      0.35107638    0.0078794128      0.11875576               0
           0.35           0.072          -0.016      0.45428711    0.0051915261      0.11107632               0
           0.35           0.076          -0.016      0.55771651    0.0040601133      0.10544194               0
           0.35            0.08          -0.016      0.65659032    0.0039793579      0.10231482               0
           0.35           0.084          -0.016      0.74867985    0.0045280008      0.10140852               0
           0.35           0.088          -0.016      0.83129506    0.0052969932      0.10232501               0
           0.35           0.092          -0.016      0.89784379    0.0051032569      0.10478406               0
           0.35           0.096          -0.016      0.92048205    0.0039633256       0.1075639               0
           0.35             0.1          -0.016      0.45815484    0.0016858379     0.054464173   -0.0022889204
           0.35          -0.096          -0.012      0.84664876    0.0091694305     -0.17419336               0
           0.35            -0.1          -0.012      0.42042649    0.0023575661    -0.087068058   -0.0029551166
           0.35          -0.092          -0.012      0.82862902     0.017444509     -0.17113911               0
           0.35          -0.088          -0.012      0.76908767     0.024912835     -0.16429969               0
           0.35          -0.084          -0.012      0.69492426     0.031779654     -0.15788088               0
           0.35           -0.08          -0.012      0.61245097     0.037690596     -0.15275108               0
           0.35          -0.076          -0.012      0.52480576     0.042386595      -0.1491955               0
           0.35          -0.072          -0.012      0.43390956     0.045697795      -0.1474116               0
           0.35          -0.068          -0.012      0.34162466     0.047913636     -0.14754806               0
           0.35          -0.064          -0.012      0.25071277     0.049316161     -0.14933798               0
           0.35           -0.06          -0.012        0.163795     0.050099205     -0.15207004               0
           0.35          -0.056          -0.012     0.082072405     0.050645909     -0.15493195               0
           0.35          -0.052          -0.012    0.0055409152     0.051367358     -0.15722216               0
           0.35          -0.048          -0.012    -0.066327259     0.052540934     -0.15838494               0
           0.35          -0.044          -0.012     -0.13436564     0.054142454      -0.1579891               0
           0.35           -0.04          -0.012     -0.19956017     0.056059717     -0.15572152               0
           0.35          -0.036          -0.012     -0.26262563     0.058241359     -0.15136563               0
           0.35          -0.032          -0.012     -0.32371979     0.060641932     -0.14475469               0
           0.35          -0.028          -0.012     -0.38231296     0.063225923     -0.13575268               0
           0.35          -0.024          -0.012     -0.43721574     0.065945018     -0.12427894               0
           0.35           -0.02          -0.012     -0.48694717     0.068704638     -0.11036893               0
           0.35          -0.016          -0.012     -0.53039573     0.071420285    -0.094225542               0
           0.35          -0.012          -0.012     -0.56673396     0.074038238    -0.076177042               0
           0.35          -0.008          -0.012     -0.59471329     0.076469087    -0.056588092               0
           0.35          -0.004          -0.012     -0.61282136     0.078579858    -0.035832046               0
           0.35               0          -0.012     -0.61987696     0.080202823    -0.014307819               0
           0.35           0.004          -0.012     -0.61532177     0.081140541    0.0075480046               0
           0.35           0.008          -0.012     -0.59948152     0.081205264       0.0292529               0
           0.35           0.012          -0.012     -0.57348056     0.080260214     0.050326068               0
           0.35           0.016          -0.012     -0.53861449     0.078208117     0.070312628               0
           0.35            0.02          -0.012     -0.49573645     0.074966368     0.088773251               0
           0.35           0.024          -0.012     -0.44580264     0.070512436      0.10531978               0
           0.35           0.028          -0.012     -0.39057423     0.064993421      0.11961417               0
           0.35           0.032          -0.012     -0.33203071     0.058696533      0.13137526               0
           0.35           0.036          -0.012     -0.27161125     0.051924412      0.14038859               0
           0.35            0.04          -0.012     -0.20995228     0.044928308      0.14650508               0
           0.35           0.044          -0.012     -0.14688743     0.037882732      0.14967261               0
           0.35           0.048          -0.012    -0.081515784     0.030908227      0.14996388               0
           0.35           0.052          -0.012    -0.012391114     0.024094727      0.14759854               0
           0.35           0.056          -0.012     0.062125244     0.017498179      0.14292978               0
           0.35            0.06          -0.012      0.14368747     0.011354047      0.13643274               0
           0.35           0.064          -0.012      0.23351455     0.006061587      0.12883198               0
           0.35           0.068          -0.012      0.33132394    0.0019773731      0.12117608               0
           0.35           0.072          -0.012      0.43446621  -0.00059467225      0.11466477               0
           0.35           0.076          -0.012      0.53786694   -0.0016345502      0.11033048               0
           0.35            0.08          -0.012      0.63684436   -0.0015345602      0.10856069               0
           0.35           0.084          -0.012      0.72921755  -0.00060329635      0.10902689               0
           0.35           0.088          -0.012       0.8124714   0.00080026609      0.11132842               0
           0.35           0.092          -0.012      0.88019659    0.0016030936      0.11513212               0
           0.35           0.096          -0.012      0.90451068    0.0018364473      0.11886721               0
           0.35             0.1          -0.012      0.45062894    0.0010034013     0.060276465   -0.0024973591
           0.35          -0.096          -0.008      0.85655372    0.0070271644     -0.17179425               0
           0.35            -0.1          -0.008      0.42588979    0.0017282583    -0.086004064   -0.0029463869
           0.35          -0.092          -0.008      0.83613898     0.013623035     -0.16859849               0
           0.35          -0.088          -0.008      0.77378006     0.019645089     -0.16218755               0
           0.35          -0.084          -0.008      0.69672824     0.025269258     -0.15645163               0
           0.35           -0.08          -0.008      0.61133649     0.030062937     -0.15215901               0
           0.35          -0.076          -0.008       0.5205549     0.033666143      -0.1495903               0
           0.35          -0.072          -0.008      0.42610884     0.036060173     -0.14897822               0
           0.35          -0.068          -0.008      0.33038266     0.037524437     -0.15039608               0
           0.35          -0.064          -0.008      0.23686512     0.038142003      -0.1533708               0
           0.35           -0.06          -0.008      0.14826356     0.038188067     -0.15703691               0
           0.35          -0.056          -0.008     0.065467901     0.038052178     -0.16054087               0
           0.35          -0.052          -0.008    -0.011814204     0.038151826     -0.16319332               0
           0.35          -0.048          -0.008    -0.084392309     0.038688562     -0.16447742               0
           0.35          -0.044          -0.008     -0.15340279     0.039573611     -0.16400009               0
           0.35           -0.04          -0.008     -0.22003473     0.040726277     -0.16148804               0
           0.35          -0.036          -0.008     -0.28505749     0.042107628     -0.15675952               0
           0.35          -0.032          -0.008     -0.34854117     0.043696782     -0.14966571               0
           0.35          -0.028          -0.008     -0.40971749     0.045488869     -0.14007763               0
           0.35          -0.024          -0.008     -0.46710277     0.047466436     -0.12792203               0
           0.35           -0.02          -0.008     -0.51924846     0.049547287     -0.11329716               0
           0.35          -0.016          -0.008     -0.56538622     0.051705405    -0.096475269               0
           0.35          -0.012          -0.008     -0.60460535     0.053928348    -0.077794337               0
           0.35          -0.008          -0.008     -0.63517565      0.05613344    -0.057590851               0
           0.35          -0.004          -0.008     -0.65518483      0.05821208    -0.036214462               0
           0.35               0          -0.008     -0.66313178     0.059986757    -0.014072886               0
           0.35           0.004          -0.008     -0.65825308     0.061238505    0.0083808341               0
           0.35           0.008          -0.008     -0.64091707     0.061761648     0.030644259               0
           0.35           0.012          -0.008     -0.61256913     0.061412008     0.052206213               0
           0.35           0.016          -0.008     -0.57510759     0.060111727     0.072584516               0
           0.35            0.02          -0.008     -0.52984316     0.057781788     0.091319799               0
           0.35           0.024          -0.008     -0.47740206     0.054348128      0.10795885               0
           0.35           0.028          -0.008     -0.41917321     0.049882596      0.12209283               0
           0.35           0.032          -0.008     -0.35744382     0.044637075      0.13345431               0
           0.35           0.036          -0.008     -0.29412157      0.03892303      0.14191407               0
           0.35            0.04          -0.008     -0.23007716      0.03298807      0.14743122               0
           0.35           0.044          -0.008     -0.16514698      0.02699259      0.15005555               0
           0.35           0.048          -0.008    -0.098333494     0.021027711      0.14994554               0
           0.35           0.052          -0.008    -0.028076673      0.01515932      0.14738184               0
           0.35           0.056          -0.008     0.047321695    0.0093674319      0.14278673               0
           0.35            0.06          -0.008      0.12943634    0.0038418761      0.13668688               0
           0.35           0.064          -0.008      0.21934206  -0.00098333012      0.12980173               0
           0.35           0.068          -0.008      0.31675859   -0.0047244627      0.12313865               0
           0.35           0.072          -0.008      0.41919085   -0.0070273386      0.11781616               0
           0.35           0.076          -0.008      0.52178846    -0.007850307       0.1147672               0
           0.35            0.08          -0.008      0.62009394   -0.0074352778      0.11427125               0
           0.35           0.084          -0.008      0.71205056   -0.0059848139      0.11595943               0
           0.35           0.088          -0.008      0.79525953   -0.0038580645      0.11945026               0
           0.35           0.092          -0.008      0.86345738   -0.0019832472      0.12436036               0
           0.35           0.096          -0.008        0.888833  -0.00030716635      0.12875388               0
           0.35             0.1          -0.008      0.44311919   0.00032903816     0.065296418   -0.0026772603
           0.35          -0.096          -0.004      0.86777486    0.0048227599     -0.16754427               0
           0.35            -0.1          -0.004      0.43188664    0.0010723825    -0.083982736   -0.0028913741
           0.35          -0.092          -0.004      0.84547492     0.009738563     -0.16435894               0
           0.35          -0.088          -0.004      0.78079018     0.014347581     -0.15854928               0
           0.35          -0.084          -0.004      0.70129328      0.01879384     -0.15365312               0
           0.35           -0.08          -0.004      0.61337013     0.022543618     -0.15033525               0
           0.35          -0.076          -0.004      0.51973476     0.025187288     -0.14889508               0
           0.35          -0.072          -0.004      0.42202571     0.026776066     -0.14960792               0
           0.35          -0.068          -0.004      0.32332268     0.027508927     -0.15239988               0
           0.35          -0.064          -0.004      0.22769419     0.027359163     -0.15657978               0
           0.35           -0.06          -0.004       0.1377619     0.026664589      -0.1611692               0
           0.35          -0.056          -0.004     0.054130335     0.025795267     -0.16527896               0
           0.35          -0.052          -0.004     -0.02374929     0.025164654     -0.16824194               0
           0.35          -0.048          -0.004    -0.096944081     0.024922459     -0.16958328               0
           0.35          -0.044          -0.004     -0.16683893     0.024943678      -0.1689506               0
           0.35           -0.04          -0.004     -0.23475888     0.025176156     -0.16611673               0
           0.35          -0.036          -0.004     -0.30148371     0.025597558     -0.16093733               0
           0.35          -0.032          -0.004      -0.3669663     0.026215084     -0.15329172               0
           0.35          -0.028          -0.004     -0.43020163     0.027061985     -0.14307445               0
           0.35          -0.024          -0.004     -0.48951295     0.028148651      -0.1302411               0
           0.35           -0.02          -0.004     -0.54370336     0.029440818     -0.11495893               0
           0.35          -0.016          -0.004     -0.59227927     0.030945877    -0.097563401               0
           0.35          -0.012          -0.004     -0.63404384     0.032668771    -0.078363698               0
           0.35          -0.008          -0.004     -0.66688623     0.034560018    -0.057656211               0
           0.35          -0.004          -0.004     -0.68860438     0.036518885    -0.035792578               0
           0.35               0          -0.004     -0.69737639     0.038366131    -0.013185428               0
           0.35           0.004          -0.004     -0.69220966     0.039872865    0.0096977899               0
           0.35           0.008          -0.004      -0.6735134     0.040823667     0.032332327               0
           0.35           0.012          -0.004     -0.64301264     0.041049703     0.054189058               0
           0.35           0.016          -0.004     -0.60301633     0.040468112     0.074767521               0
           0.35            0.02          -0.004     -0.55540879     0.039007592      0.09360342               0
           0.35           0.024          -0.004     -0.50085923     0.036603002      0.11019143               0
           0.35           0.028          -0.004     -0.44023803     0.033269609      0.12404393               0
           0.35           0.032          -0.004     -0.37582587      0.02917503       0.1349062               0
           0.35           0.036          -0.004        -0.30997     0.024613889      0.14274237               0
           0.35            0.04          -0.004     -0.24381159     0.019818586      0.14762969               0
           0.35           0.044          -0.004     -0.17720252     0.014933584      0.14971861               0
           0.35           0.048          -0.004     -0.10904348     0.010023589      0.14923941               0
           0.35           0.052          -0.004    -0.037712837    0.0051267905        0.146522               0
           0.35           0.056          -0.004     0.038442973   0.00017667385      0.14204109               0
           0.35            0.06          -0.004      0.12087269   -0.0046563221      0.13636749               0
           0.35           0.064          -0.004      0.21053601   -0.0089121916      0.13022855               0
           0.35           0.068          -0.004      0.30717401    -0.012181676      0.12458461               0
           0.35           0.072          -0.004       0.4083772     -0.01406918      0.12045802               0
           0.35           0.076          -0.004      0.50952307    -0.014539599      0.11865474               0
           0.35            0.08          -0.004      0.60652083    -0.013672137      0.11933072               0
           0.35           0.084          -0.004      0.69747867     -0.01157091      0.12209477               0
           0.35           0.088          -0.004      0.78001379   -0.0086265126       0.1265924               0
           0.35           0.092          -0.004      0.84794783   -0.0056120913      0.13238429               0
           0.35           0.096          -0.004      0.87375818   -0.0024460121      0.13716413               0
           0.35             0.1          -0.004      0.43579453  -0.00033285452     0.069502795   -0.0028272887
           0.35          -0.096               0      0.88016368    0.0025792378     -0.16150301               0
           0.35            -0.1               0      0.43833913   0.00039565491    -0.081022246    -0.002794256
           0.35          -0.092               0      0.85651708    0.0058335335     -0.15851206               0
           0.35          -0.088               0      0.79003947    0.0090775765     -0.15348989               0
           0.35          -0.084   2.3129646e-18      0.70858202     0.012423998     -0.14959712               0
           0.35           -0.08   2.3129646e-18      0.61852324     0.015200835     -0.14740261               0
           0.35          -0.076               0      0.52238738     0.017044281     -0.14722849               0
           0.35          -0.072               0      0.42188201     0.017947717     -0.14937436               0
           0.35          -0.068               0      0.32074589     0.017959064     -0.15359234               0
           0.35          -0.064               0      0.22345693     0.017075508     -0.15898181               0
           0.35           -0.06               0      0.13249411     0.015635004     -0.16446914               0
           0.35          -0.056               0     0.048217741     0.013981934     -0.16913304               0
           0.35          -0.052               0    -0.030137176     0.012518238     -0.17233819               0
           0.35          -0.048  -2.3129646e-18     -0.10384428     0.011366662     -0.17365791               0
           0.35          -0.044  -2.3129646e-18     -0.17446486     0.010394565      -0.1727844               0
           0.35           -0.04               0     -0.24340066     0.009575071     -0.16954195               0
           0.35          -0.036               0     -0.31140844    0.0089057772     -0.16383121               0
           0.35          -0.032               0     -0.37832437    0.0084244113     -0.15557451               0
           0.35          -0.028               0     -0.44295841    0.0082092052     -0.14471071               0
           0.35          -0.024               0     -0.50355978    0.0082953614     -0.13124883               0
           0.35           -0.02               0     -0.55919199    0.0087170027      -0.1154063               0
           0.35          -0.016               0     -0.60949973    0.0095057573    -0.097536087               0
           0.35          -0.012               0     -0.65306243     0.010655299    -0.077923033               0
           0.35          -0.008               0     -0.68754682     0.012154596    -0.056842363               0
           0.35          -0.004               0     -0.71052774     0.013912718    -0.034643605               0
           0.35               0               0     -0.71992313     0.015754092    -0.011738047               0
           0.35           0.004               0     -0.71453458     0.017458309      0.01139163               0
           0.35           0.008               0     -0.69481001     0.018802229     0.034199725               0
           0.35           0.012               0     -0.66272272     0.019588006      0.05614512               0
           0.35           0.016               0     -0.62083605     0.019710519     0.076728571               0
           0.35            0.02               0     -0.57138592     0.019101852     0.095472683               0
           0.35           0.024               0     -0.51521221     0.017724014      0.11183101               0
           0.35           0.028               0     -0.45283371     0.015549016      0.12527243               0
           0.35           0.032               0     -0.38639699     0.012662127       0.1355511               0
           0.35           0.036               0     -0.31857248    0.0093105693      0.14272282               0
           0.35            0.04               0     -0.25075178    0.0056957766      0.14697875               0
           0.35           0.044               0     -0.18282568    0.0019410753      0.14855976               0
           0.35           0.048               0     -0.11360632   -0.0019114594      0.14775539               0
           0.35           0.052               0    -0.041450938   -0.0058453028      0.14493869               0
           0.35           0.056               0     0.035213521   -0.0099458848      0.14062682               0
           0.35            0.06               0      0.11770667    -0.014041999       0.1354268               0
           0.35           0.064               0      0.20690986    -0.017654084      0.13006662               0
           0.35           0.068               0      0.30249078    -0.020342281      0.12545107               0
           0.35           0.072               0      0.40197519    -0.021683742      0.12250864               0
           0.35           0.076               0      0.50105724    -0.021671084      0.12189116               0
           0.35            0.08               0      0.59618368    -0.020211989      0.12362005               0
           0.35           0.084               0      0.68563287    -0.017328605      0.12731413               0
           0.35           0.088               0      0.76695175    -0.013465792      0.13265009               0
           0.35           0.092               0      0.83399695   -0.0092451268         0.13912               0
           0.35           0.096               0       0.8596161   -0.0045567055      0.14405076               0
           0.35             0.1               0      0.42879218  -0.00097583506     0.072883979   -0.0029447241
           0.35          -0.096           0.004      0.89351895   0.00031848171     -0.15373077               0
           0.35            -0.1           0.004      0.44515396  -0.00029645989    -0.077141142   -0.0026597395
           0.35          -0.092           0.004      0.86907956    0.0019478612     -0.15115029               0
           0.35          -0.088           0.004        0.801396    0.0038877485     -0.14711568               0
           0.35          -0.084           0.004      0.71850625    0.0062210843     -0.14439409               0
           0.35           -0.08           0.004       0.6267661    0.0081125875      -0.1434752               0
           0.35          -0.076           0.004      0.52859598    0.0092677134     -0.14470089               0
           0.35          -0.072           0.004      0.42588152    0.0095925334     -0.14835265               0
           0.35          -0.068           0.004      0.32288107    0.0089505413     -0.15401184               0
           0.35          -0.064           0.004      0.22433752    0.0073791252     -0.16059732               0
           0.35           -0.06           0.004       0.1326004    0.0051922587     -0.16694162               0
           0.35          -0.056           0.004     0.047839788    0.0027137047       -0.172094               0
           0.35          -0.052           0.004    -0.030869392     0.000330478     -0.17545774               0
           0.35          -0.048           0.004      -0.1049461   -0.0018375462     -0.17666512               0
           0.35          -0.044           0.004      -0.1760577   -0.0039037641      -0.1754601               0
           0.35           -0.04           0.004     -0.24562915   -0.0058715795     -0.17172224               0
           0.35          -0.036           0.004     -0.31437072    -0.007720029     -0.16540863               0
           0.35          -0.032           0.004     -0.38202506   -0.0093796372     -0.15650394               0
           0.35          -0.028           0.004     -0.44731097    -0.010726682     -0.14500979               0
           0.35          -0.024           0.004     -0.50848118    -0.011687004     -0.13099749               0
           0.35           -0.02           0.004     -0.56472494    -0.012178807     -0.11471136               0
           0.35          -0.016           0.004     -0.61573418    -0.012160104    -0.096485167               0
           0.35          -0.012           0.004     -0.66001564    -0.011639604    -0.076588435               0
           0.35          -0.008           0.004     -0.69517368    -0.010600511    -0.055289835               0
           0.35          -0.004           0.004     -0.71869651   -0.0091184467    -0.032928773               0
           0.35               0           0.004     -0.72837351   -0.0073586935   -0.0099149035               0
           0.35           0.004           0.004       -0.722906   -0.0055209217     0.013256982               0
           0.35           0.008           0.004     -0.70275052   -0.0038325033     0.036033832               0
           0.35           0.012           0.004      -0.6699683   -0.0025193677     0.057872626               0
           0.35           0.016           0.004      -0.6272289   -0.0017051223     0.078270765               0
           0.35            0.02           0.004      -0.5768739   -0.0014668543     0.096733946               0
           0.35           0.024           0.004     -0.51975493   -0.0018368654      0.11269062               0
           0.35           0.028           0.004     -0.45627751   -0.0028670308      0.12559376               0
           0.35           0.032           0.004     -0.38862687    -0.004535649      0.13522301               0
           0.35           0.036           0.004     -0.31967268   -0.0066644382      0.14172047               0
           0.35            0.04           0.004     -0.25089261   -0.0090994417       0.1453746               0
           0.35           0.044           0.004     -0.18215002    -0.011746621      0.14649956               0
           0.35           0.048           0.004     -0.11223053     -0.01457932       0.1454328               0
           0.35           0.052           0.004    -0.039524015    -0.017590606      0.14258841               0
           0.35           0.056           0.004     0.037451769    -0.020869886      0.13851162               0
           0.35            0.06           0.004       0.1198639    -0.024223424      0.13382935               0
           0.35           0.064           0.004      0.20841229    -0.027140241      0.12926579               0
           0.35           0.068           0.004      0.30258699    -0.029153058      0.12567021               0
           0.35           0.072           0.004       0.3998408    -0.029861144      0.12387722               0
           0.35           0.076           0.004       0.4963153    -0.029218549      0.12436076               0
           0.35            0.08           0.004      0.58912177    -0.026998782      0.12701144               0
           0.35           0.084           0.004      0.67663047    -0.023223534      0.13149346               0
           0.35           0.088           0.004      0.75623835    -0.018344151      0.13751323               0
           0.35           0.092           0.004      0.82183168    -0.012856109      0.14447876               0
           0.35           0.096           0.004      0.84664939     -0.00662266       0.1493662               0
           0.35             0.1           0.004      0.42222431   -0.0015950038     0.075430766   -0.0030261994
           0.35          -0.096           0.008      0.90756318   -0.0019379163     -0.14428735               0
           0.35            -0.1           0.008      0.45221905  -0.00099946474    -0.072359146   -0.0024925041
           0.35          -0.092           0.008      0.88288008   -0.0018753492     -0.14236463               0
           0.35          -0.088           0.008      0.81466916   -0.0011672323     -0.13953396               0
           0.35          -0.084           0.008      0.73094771    0.0002441508     -0.13815764               0
           0.35           -0.08           0.008      0.63806374    0.0013657143     -0.13866164               0
           0.35          -0.076           0.008      0.53842709    0.0019391183     -0.14140387               0
           0.35          -0.072           0.008       0.4341549    0.0017720663     -0.14660785               0
           0.35          -0.068           0.008       0.3298599   0.00055817442     -0.15369669               0
           0.35          -0.064           0.008      0.23044282   -0.0016499489     -0.16144547               0
           0.35           -0.06           0.008      0.13820538   -0.0045734558     -0.16859351               0
           0.35          -0.056           0.008     0.053194605   -0.0079019839     -0.17416173               0
           0.35          -0.052           0.008    -0.025677649    -0.011266169     -0.17759488               0
           0.35          -0.048           0.008    -0.099935578    -0.014526893     -0.17859757               0
           0.35          -0.044           0.008     -0.17125538    -0.017752563     -0.17697625               0
           0.35           -0.04           0.008     -0.24102775    -0.020922965     -0.17266947               0
           0.35          -0.036           0.008     -0.30990656    -0.023990635     -0.16570443               0
           0.35          -0.032           0.008      -0.3775909    -0.026857111     -0.15614654               0
           0.35          -0.028           0.008     -0.44281543    -0.029361615      -0.1440744               0
           0.35          -0.024           0.008     -0.50384777    -0.031369118     -0.12961504               0
           0.35           -0.02           0.008     -0.55980689    -0.032787467     -0.11300948               0
           0.35          -0.016           0.008     -0.61038435    -0.033575058    -0.094559548               0
           0.35          -0.012           0.008     -0.65419239    -0.033715642    -0.074529536               0
           0.35          -0.008           0.008     -0.68892356     -0.03318689    -0.053182692               0
           0.35          -0.004           0.008     -0.71213803    -0.032043307    -0.030846149               0
           0.35               0           0.008     -0.72167257    -0.030431537   -0.0079283365               0
           0.35           0.004           0.008     -0.71628447    -0.028533001      0.01507231               0
           0.35           0.008           0.008     -0.69640698    -0.026573133     0.037610447               0
           0.35           0.012           0.008      -0.6639824    -0.024788512     0.059148934               0
           0.35           0.016           0.008     -0.62159698    -0.023320333     0.079182623               0
           0.35            0.02           0.008     -0.57144753    -0.022262065     0.097197716               0
           0.35           0.024           0.008     -0.51419196    -0.021658096      0.11259475               0
           0.35           0.028           0.008     -0.45038089    -0.021581191      0.12484268               0
           0.35           0.032           0.008     -0.38247752    -0.022065048      0.13378537               0
           0.35           0.036           0.008     -0.31337275    -0.023010108      0.13964029               0
           0.35            0.04           0.008      -0.2444136    -0.024317322      0.14276092               0
           0.35           0.044           0.008     -0.17536058    -0.025924068      0.14350864               0
           0.35           0.048           0.008     -0.10503492    -0.027813998      0.14225598               0
           0.35           0.052           0.008    -0.031945566    -0.029983356      0.13945466               0
           0.35           0.056           0.008     0.045184224     -0.03249654      0.13567076               0
           0.35            0.06           0.008       0.1273085    -0.035112567      0.13153853               0
           0.35           0.064           0.008      0.21491323    -0.037290372      0.12777347               0
           0.35           0.068           0.008      0.30724652    -0.038548353      0.12517524               0
           0.35           0.072           0.008       0.4017678    -0.038559385       0.1244652               0
           0.35           0.076           0.008      0.49522936    -0.037129053      0.12593177               0
           0.35            0.08           0.008      0.58538588    -0.033971675      0.12937258               0
           0.35           0.084           0.008      0.67056717    -0.029213546      0.13451039               0
           0.35           0.088           0.008      0.74799879    -0.023228323      0.14106988               0
           0.35           0.092           0.008      0.81161326    -0.016421166      0.14836805               0
           0.35           0.096           0.008       0.8350401    -0.008630112      0.15305876               0
           0.35             0.1           0.008      0.41618249   -0.0021865724     0.077131814   -0.0030685992
           0.35          -0.096           0.012      0.92206252   -0.0041765256      -0.1332372               0
           0.35            -0.1           0.012      0.45939907   -0.0017132536    -0.066698447   -0.0022964185
           0.35          -0.092           0.012      0.89767443   -0.0055978215     -0.13224686               0
           0.35          -0.088           0.012      0.82955942   -0.0060334534     -0.13084967               0
           0.35          -0.084           0.012      0.74562669    -0.005448625     -0.13100419               0
           0.35           -0.08           0.012      0.65225254   -0.0049585536     -0.13307413               0
           0.35          -0.076           0.012      0.55187882   -0.0048573322     -0.13741901               0
           0.35          -0.072           0.012       0.4468074   -0.0054460709     -0.14419002               0
           0.35          -0.068           0.012      0.34185608   -0.0071457903     -0.15267598               0
           0.35          -0.064           0.012      0.24201343   -0.0099317638     -0.16154011               0
           0.35           -0.06           0.012      0.14959374    -0.013566493     -0.16943728               0
           0.35          -0.056           0.012      0.06457567    -0.017749305     -0.17535947               0
           0.35          -0.052           0.012    -0.014272736    -0.022127456     -0.17878043               0
           0.35          -0.048           0.012    -0.088526331    -0.026518658     -0.17948939               0
           0.35          -0.044           0.012     -0.15977642    -0.030925898       -0.177377               0
           0.35           -0.04           0.012     -0.22932519    -0.035307319     -0.17244717               0
           0.35          -0.036           0.012      -0.2977716    -0.039586839     -0.16481057               0
           0.35          -0.032           0.012     -0.36483307    -0.043644052     -0.15462443               0
           0.35          -0.028           0.012     -0.42935363    -0.047295053     -0.14205181               0
           0.35          -0.024           0.012     -0.48964078    -0.050344135     -0.12726366               0
           0.35           -0.02           0.012     -0.54455677    -0.052691922     -0.11046958               0
           0.35          -0.016           0.012     -0.59370649    -0.054289233    -0.091946589               0
           0.35          -0.012           0.012     -0.63599218      -0.0550983    -0.071953939               0
           0.35          -0.008           0.012      -0.6693434    -0.055109672    -0.050736986               0
           0.35          -0.004           0.012     -0.69151502    -0.054351348    -0.028618524               0
           0.35               0           0.012     -0.70055187     -0.05294645    -0.006001242               0
           0.35           0.004           0.012     -0.69537988      -0.0510608     0.016623721               0
           0.35           0.008           0.012     -0.67638662    -0.048913134     0.038726751               0
           0.35           0.012           0.012     -0.64525735     -0.04673581     0.059781758               0
           0.35           0.016           0.012     -0.60431689    -0.044680779     0.079290553               0
           0.35            0.02           0.012      -0.5553263    -0.042862366      0.09671089               0
           0.35           0.024           0.012     -0.49866789    -0.041346773      0.11140758               0
           0.35           0.028           0.012     -0.43535534    -0.040235742       0.1229136               0
           0.35           0.032           0.012     -0.36819565    -0.039621653      0.13117409               0
           0.35           0.036           0.012     -0.29982695    -0.039480206       0.1364556               0
           0.35            0.04           0.012     -0.23133286    -0.039763131      0.13913439               0
           0.35           0.044           0.012      -0.1623986    -0.040434952      0.13959257               0
           0.35           0.048           0.012    -0.091940942    -0.041485969      0.13823016               0
           0.35           0.052           0.012    -0.018685325    -0.042916563      0.13553206               0
           0.35           0.056           0.012     0.058366026    -0.044727681      0.13208213               0
           0.35            0.06           0.012      0.13992318    -0.046608846      0.12851595               0
           0.35           0.064           0.012      0.22621649     -0.04800778      0.12553651               0
           0.35           0.068           0.012      0.31622386    -0.048468593      0.12389245               0
           0.35           0.072           0.012      0.40757642    -0.047687711      0.12416259               0
           0.35           0.076           0.012      0.49776402    -0.045302519      0.12646695               0
           0.35            0.08           0.012      0.58500544    -0.041077934      0.13057006               0
           0.35           0.084           0.012      0.66749041    -0.035244562      0.13624404               0
           0.35           0.088           0.012      0.74231426     -0.02807849      0.14320976               0
           0.35           0.092           0.012      0.80345163    -0.019912971      0.15069485               0
           0.35           0.096           0.012      0.82492455    -0.010563655      0.15507319               0
           0.35             0.1           0.012      0.41074081   -0.0027462183     0.077973071    -0.003069607
           0.35          -0.096           0.016      0.93680147   -0.0063750806     -0.12065459               0
           0.35            -0.1           0.016      0.46652814   -0.0024303511    -0.060186816   -0.0020744023
           0.35          -0.092           0.016      0.91332598   -0.0091845392     -0.12089361               0
           0.35          -0.088           0.016      0.84586344    -0.010663764     -0.12116707               0
           0.35          -0.084           0.016      0.76228833    -0.010802448     -0.12304615               0
           0.35           -0.08           0.016      0.66910578     -0.01080927     -0.12681984               0
           0.35          -0.076           0.016      0.56885944    -0.011071464     -0.13282265               0
           0.35          -0.072           0.016      0.46388189    -0.012004729     -0.14114589               0
           0.35          -0.068           0.016      0.35900736    -0.014098601     -0.15098305               0
           0.35          -0.064           0.016      0.25924998    -0.017393854     -0.16090861               0
           0.35           -0.06           0.016      0.16695557    -0.021696242     -0.16950414               0
           0.35          -0.056           0.016     0.082101414    -0.026712326     -0.17572923               0
           0.35          -0.052           0.016    0.0034117995    -0.032100353     -0.17906663               0
           0.35          -0.048           0.016    -0.070674294      -0.0376137     -0.17940275               0
           0.35          -0.044           0.016     -0.14161404    -0.043179035     -0.17673994               0
           0.35           -0.04           0.016     -0.21056958    -0.048735594     -0.17115584               0
           0.35          -0.036           0.016     -0.27807858    -0.054174922     -0.16285393               0
           0.35          -0.032           0.016     -0.34390994    -0.059362251     -0.15208487               0
           0.35          -0.028           0.016     -0.40709362    -0.064107674     -0.13909425               0
           0.35          -0.024           0.016     -0.46610747    -0.068191256     -0.12409078               0
           0.35           -0.02           0.016     -0.51951974     -0.07146932     -0.10725669               0
           0.35          -0.016           0.016     -0.56661122    -0.073858178    -0.088832731               0
           0.35          -0.012           0.016     -0.60661471    -0.075333994    -0.069057021               0
           0.35          -0.008           0.016      -0.6379173    -0.075904631    -0.048161215               0
           0.35          -0.004           0.016       -0.658573    -0.075573502    -0.026461247               0
           0.35               0           0.016      -0.6669248    -0.074435033    -0.004344853               0
           0.35           0.004           0.016     -0.66210266    -0.072640819     0.017716213               0
           0.35           0.008           0.016     -0.64442387    -0.070400123     0.039213285               0
           0.35           0.012           0.016     -0.61528117    -0.067929908     0.059636595               0
           0.35           0.016           0.016     -0.57647988    -0.065386835     0.078479076               0
           0.35            0.02           0.016     -0.52907381    -0.062894502     0.095154118               0
           0.35           0.024           0.016     -0.47353404     -0.06056014      0.10903562               0
           0.35           0.028           0.016     -0.41159268     -0.05853933      0.11976978               0
           0.35           0.032           0.016      -0.3460977    -0.056969437      0.12739472               0
           0.35           0.036           0.016      -0.2792107    -0.055885899      0.13218788               0
           0.35            0.04           0.016     -0.21170621    -0.055281414      0.13451607               0
           0.35           0.044           0.016     -0.14324647    -0.055145335      0.13476588               0
           0.35           0.048           0.016    -0.072923163    -0.055471887      0.13336085               0
           0.35           0.052           0.016     0.000223174    -0.056268134      0.13081406               0
           0.35           0.056           0.016     0.076879334    -0.057436602      0.12772394               0
           0.35            0.06           0.016      0.15750933    -0.058577288      0.12472517               0
           0.35           0.064           0.016      0.24204857    -0.059158057      0.12250394               0
           0.35           0.068           0.016      0.32927103    -0.058787845      0.12173794               0
           0.35           0.072           0.016      0.41715819    -0.057085289      0.12284955               0
           0.35           0.076           0.016      0.50390222    -0.053591199      0.12583564               0
           0.35            0.08           0.016      0.58798117    -0.048221533       0.1304763               0
           0.35           0.084           0.016       0.6674205    -0.041234482      0.13657548               0
           0.35           0.088           0.016       0.7392289    -0.032837767      0.14382653               0
           0.35           0.092           0.016      0.79741531    -0.023294873      0.15137005               0
           0.35           0.096           0.016      0.81640168    -0.012420951       0.1553534               0
           0.35             0.1           0.016      0.40595718   -0.0032858461     0.077937826   -0.0030277053
           0.35          -0.096            0.02      0.95142505   -0.0084819647     -0.10664515               0
           0.35            -0.1            0.02      0.47340003   -0.0031278436    -0.052872744   -0.0018289048
           0.35          -0.092            0.02      0.92960466    -0.012578993      -0.1084176               0
           0.35          -0.088            0.02      0.86345436    -0.015002305     -0.11059455               0
           0.35          -0.084            0.02      0.78083143    -0.015762166     -0.11438746               0
           0.35           -0.08            0.02      0.68848658    -0.016158338     -0.11999498               0
           0.35          -0.076            0.02       0.5892127    -0.016681872     -0.12769461               0
           0.35          -0.072            0.02      0.48524687    -0.017862062     -0.13753503               0
           0.35          -0.068            0.02      0.38120791    -0.020253702      -0.1486607               0
           0.35          -0.064            0.02      0.28204535    -0.023977404     -0.15958494               0
           0.35           -0.06            0.02      0.19017364    -0.028880756     -0.16882855               0
           0.35          -0.056            0.02      0.10566736    -0.034675182     -0.17531517               0
           0.35          -0.052            0.02      0.02730344    -0.041022125     -0.17852191               0
           0.35          -0.048            0.02    -0.046443357     -0.04760485     -0.17843231               0
           0.35          -0.044            0.02     -0.11687497    -0.054268971     -0.17518317               0
           0.35           -0.04            0.02      -0.1849517    -0.060927663     -0.16894236               0
           0.35          -0.036            0.02     -0.25112758    -0.067436212      -0.1600079               0
           0.35          -0.032            0.02      -0.3152218    -0.073649383     -0.14871629               0
           0.35          -0.028            0.02     -0.37647268    -0.079387022     -0.13538527               0
           0.35          -0.024            0.02     -0.43365027    -0.084442013     -0.12026579               0
           0.35           -0.02            0.02     -0.48531055    -0.088631598     -0.10354059               0
           0.35          -0.016            0.02     -0.53029311    -0.091826319    -0.085387537               0
           0.35          -0.012            0.02     -0.56779214    -0.093999871    -0.065989895               0
           0.35          -0.008            0.02     -0.59672918    -0.095155656    -0.045589622               0
           0.35          -0.004            0.02     -0.61565301    -0.095292171    -0.024495608               0
           0.35               0            0.02     -0.62326632    -0.094486184   -0.0030624681               0
           0.35           0.004            0.02     -0.61889216    -0.092869375     0.018268081               0
           0.35           0.008            0.02     -0.60275302    -0.090634844     0.039011817               0
           0.35           0.012            0.02     -0.57582518    -0.087986164     0.058656939               0
           0.35           0.016            0.02     -0.53913388    -0.085067852     0.076669925               0
           0.35            0.02            0.02     -0.49330922    -0.082016628     0.092448087               0
           0.35           0.024            0.02     -0.43945247    -0.079012917       0.1054473               0
           0.35           0.028            0.02     -0.37976768    -0.076260411      0.11543873               0
           0.35           0.032            0.02     -0.31668284    -0.073919911      0.12249985               0
           0.35           0.036            0.02     -0.25180524    -0.072069296      0.12688628               0
           0.35            0.04            0.02     -0.18565595    -0.070734702      0.12893921               0
           0.35           0.044            0.02     -0.11795165    -0.069928554      0.12904317               0
           0.35           0.048            0.02    -0.048038306    -0.069645117      0.12764772               0
           0.35           0.052            0.02     0.024653841    -0.069891192      0.12529121               0
           0.35           0.056            0.02      0.10051577    -0.070449961      0.12257582               0
           0.35            0.06            0.02      0.17979165    -0.070828104      0.12013045               0
           0.35           0.064            0.02      0.26209441    -0.070569056      0.11861095               0
           0.35           0.068            0.02       0.3461505    -0.069280351      0.11861145               0
           0.35           0.072            0.02      0.43043659    -0.066483792      0.12041085               0
           0.35           0.076            0.02      0.51364352    -0.061794417      0.12392855               0
           0.35            0.08            0.02       0.5943171     -0.05524729      0.12898642               0
           0.35           0.084            0.02      0.67036491    -0.047061005      0.13540192               0
           0.35           0.088            0.02      0.73875895    -0.037420341      0.14282866               0
           0.35           0.092            0.02      0.79353657    -0.026514326      0.15032275               0
           0.35           0.096            0.02      0.80949147    -0.014298037      0.15384288               0
           0.35             0.1            0.02      0.40183071   -0.0039201298     0.076998202   -0.0029412438
           0.35          -0.096           0.024      0.96546635    -0.010426843    -0.091375102               0
           0.35            -0.1           0.024      0.47977069   -0.0037762203    -0.044842221   -0.0015618181
           0.35          -0.092           0.024      0.94610973    -0.015696992    -0.094965962               0
           0.35          -0.088           0.024      0.88203078    -0.018966839    -0.099254185               0
           0.35          -0.084           0.024      0.80105177    -0.020254126     -0.10513081               0
           0.35           -0.08           0.024      0.71021278    -0.020940846     -0.11269215               0
           0.35          -0.076           0.024      0.61269532    -0.021637396     -0.12211658               0
           0.35          -0.072           0.024       0.5106074    -0.022981327     -0.13341956               0
           0.35          -0.068           0.024       0.4081579    -0.025576647     -0.14574906               0
           0.35          -0.064           0.024      0.31012084    -0.029635054     -0.15759304               0
           0.35           -0.06           0.024      0.21899441    -0.035047903     -0.16743486               0
           0.35          -0.056           0.024      0.13503889    -0.041532685     -0.17416517               0
           0.35          -0.052           0.024     0.057183781    -0.048737264     -0.17724837               0
           0.35          -0.048           0.024    -0.016028616    -0.056301356     -0.17671752               0
           0.35          -0.044           0.024    -0.085768493    -0.063984567     -0.17286171               0
           0.35           -0.04           0.024     -0.15277061    -0.071641133     -0.16598837               0
           0.35          -0.036           0.024     -0.21735998    -0.079100719     -0.15647548               0
           0.35          -0.032           0.024     -0.27937669    -0.086205342     -0.14473502               0
           0.35          -0.028           0.024     -0.33822835    -0.092793466     -0.13114171               0
           0.35          -0.024           0.024     -0.39298994    -0.098690106     -0.11598443               0
           0.35           -0.02           0.024     -0.44249077     -0.10372352    -0.099456847               0
           0.35          -0.016           0.024     -0.48545676     -0.10774174    -0.081698438               0
           0.35          -0.012           0.024      -0.5207984     -0.11066023    -0.062847708               0
           0.35          -0.008           0.024     -0.54760516     -0.11244583    -0.043123877               0
           0.35          -0.004           0.024     -0.56492017     -0.11311017     -0.02280692               0
           0.35               0           0.024     -0.57185452     -0.11272186   -0.0022204442               0
           0.35           0.004           0.024     -0.56789862     -0.11138537     0.018226463               0
           0.35           0.008           0.024      -0.5531136      -0.1092616     0.038069895               0
           0.35           0.012           0.024     -0.52794099     -0.10653662     0.056781461               0
           0.35           0.016           0.024     -0.49291956     -0.10336603     0.073804547               0
           0.35            0.02           0.024     -0.44890682    -0.099930682     0.088588785               0
           0.35           0.024           0.024      -0.3975006    -0.096466808      0.10071025               0
           0.35           0.028           0.024     -0.34077375    -0.093198881      0.11001522               0
           0.35           0.032           0.024     -0.28055127    -0.090298347      0.11657606               0
           0.35           0.036           0.024     -0.21796106    -0.087869589      0.12061331               0
           0.35            0.04           0.024     -0.15338083    -0.085971273      0.12244008               0
           0.35           0.044           0.024    -0.086664009    -0.084636399      0.12244007               0
           0.35           0.048           0.024    -0.017489998    -0.083868422      0.12109001               0
           0.35           0.052           0.024     0.054332378    -0.083611577      0.11895184               0
           0.35           0.056           0.024      0.12896784     -0.08352662      0.11661677               0
           0.35            0.06           0.024      0.20644192    -0.083091491      0.11469415               0
           0.35           0.064           0.024      0.28608229    -0.081943708      0.11379093               0
           0.35           0.068           0.024      0.36672698    -0.079631502        0.114414               0
           0.35           0.072           0.024      0.44735701    -0.075615417      0.11674452               0
           0.35           0.076           0.024      0.52694593    -0.069692381      0.12066383               0
           0.35            0.08           0.024      0.60398225    -0.061955769      0.12602708               0
           0.35           0.084           0.024      0.67629769    -0.052564797      0.13265136               0
           0.35           0.088           0.024      0.74088243    -0.041708484      0.14015315               0
           0.35           0.092           0.024      0.79181603     -0.02949709       0.1475141               0
           0.35           0.096           0.024      0.80426821    -0.016053623      0.15052679               0
           0.35             0.1           0.024      0.39842584   -0.0045333765     0.075149888   -0.0028063513
           0.35          -0.096           0.028      0.97838469    -0.012132296    -0.075081528               0
           0.35            -0.1           0.028      0.48537391   -0.0043442925    -0.036225539   -0.0012746726
           0.35          -0.092           0.028      0.96231717    -0.018439415    -0.080729235               0
           0.35          -0.088           0.028      0.90114339     -0.02245658    -0.087291319               0
           0.35          -0.084           0.028      0.82260835    -0.024188369    -0.095381377               0
           0.35           -0.08           0.028      0.73396414    -0.025071796     -0.10499524               0
           0.35          -0.076           0.028      0.63888961    -0.025875388     -0.11616039               0
           0.35          -0.072           0.028      0.53948577    -0.027331743     -0.12885229               0
           0.35          -0.068           0.028       0.4393898    -0.030045662     -0.14228269               0
           0.35          -0.064           0.028      0.34304244    -0.034340558     -0.15495515               0
           0.35           -0.06           0.028      0.25302808    -0.040156916     -0.16534579               0
           0.35          -0.056           0.028      0.16985846    -0.047221463     -0.17232183               0
           0.35          -0.052           0.028     0.092704186    -0.055158416      -0.1753298               0
           0.35          -0.048           0.028     0.020248877    -0.063586417      -0.1743956               0
           0.35          -0.044           0.028    -0.048599686    -0.072176058     -0.16995413               0
           0.35           -0.04           0.028     -0.11440171    -0.080700643     -0.16249553               0
           0.35          -0.036           0.028      -0.1772985    -0.088977196     -0.15247305               0
           0.35          -0.032           0.028     -0.23710326    -0.096829543     -0.14036593               0
           0.35          -0.028           0.028      -0.2933313     -0.10411604     -0.12658951               0
           0.35          -0.024           0.028     -0.34528536     -0.11070126     -0.11145535               0
           0.35           -0.02           0.028     -0.39208701     -0.11644479    -0.095170935               0
           0.35          -0.016           0.028     -0.43270144     -0.12120319    -0.077876217               0
           0.35          -0.012           0.028     -0.46604416     -0.12485143     -0.05969297               0
           0.35          -0.008           0.028     -0.49115313     -0.12731508    -0.040786456               0
           0.35          -0.004           0.028     -0.50723575     -0.12858806    -0.021386324               0
           0.35               0           0.028       -0.513633     -0.12871042   -0.0017939405               0
           0.35           0.004           0.028     -0.50990981     -0.12776066     0.017606447               0
           0.35           0.008           0.028     -0.49599329       -0.125871     0.036367388               0
           0.35           0.012           0.028     -0.47211225     -0.12321162     0.053976484               0
           0.35           0.016           0.028     -0.43884209     -0.11997643     0.069901314               0
           0.35            0.02           0.028     -0.39729018     -0.11638954     0.083673734               0
           0.35           0.024           0.028      -0.3489949     -0.11269992     0.094962176               0
           0.35           0.028           0.028     -0.29557372     -0.10914154      0.10362918               0
           0.35           0.032           0.028     -0.23833587     -0.10589234      0.10972384               0
           0.35           0.036           0.028     -0.17809244     -0.10307484       0.1134354               0
           0.35            0.04           0.028     -0.11518771       -0.100776      0.11505615               0
           0.35           0.044           0.028    -0.049681684    -0.099041415      0.11498059               0
           0.35           0.048           0.028     0.018362711    -0.097886978      0.11370577               0
           0.35           0.052           0.028     0.088872458     -0.09712765      0.11179781               0
           0.35           0.056           0.028      0.16187669    -0.096319751      0.10982843               0
           0.35            0.06           0.028      0.23713398    -0.095008685      0.10837196               0
           0.35           0.064           0.028      0.31380045    -0.092865448      0.10798496               0
           0.35           0.068           0.028       0.3909407    -0.089417818      0.10908594               0
           0.35           0.072           0.028      0.46789522    -0.084163129      0.11179366               0
           0.35           0.076           0.028      0.54374642    -0.077017993      0.11599593               0
           0.35            0.08           0.028      0.61690035    -0.068102811      0.12156078               0
           0.35           0.084           0.028       0.6851478    -0.057549756      0.12829171               0
           0.35           0.088           0.028      0.74553496     -0.04555384      0.13577441               0
           0.35           0.092           0.028      0.79222141    -0.032147358      0.14292824               0
           0.35           0.096           0.028      0.80082325    -0.017449531      0.14541655               0
           0.35             0.1           0.028      0.39583663   -0.0049205522     0.072409283   -0.0026197399
           0.35          -0.096           0.032      0.98959075    -0.013521313    -0.058074369               0
           0.35            -0.1           0.032       0.4899366   -0.0048018609    -0.027196907  -0.00096864713
           0.35          -0.092           0.032      0.97759548    -0.020703611    -0.065945973               0
           0.35          -0.088           0.032      0.92019699    -0.025365419    -0.074878833               0
           0.35          -0.084           0.032      0.84500214    -0.027476068    -0.085247253               0
           0.35           -0.08           0.032      0.75927983    -0.028515764    -0.096959302               0
           0.35          -0.076           0.032      0.66723829    -0.029386253     -0.10986955               0
           0.35          -0.072           0.032       0.5712402    -0.030897314     -0.12387838               0
           0.35          -0.068           0.032       0.4742629    -0.033659153     -0.13829216               0
           0.35          -0.064           0.032      0.38021378    -0.038099012     -0.15168961               0
           0.35           -0.06           0.032      0.29174447    -0.044211685     -0.16257566               0
           0.35          -0.056           0.032      0.20965224    -0.051735897     -0.16980967               0
           0.35          -0.052           0.032      0.13341565    -0.060276026     -0.17281586               0
           0.35          -0.048           0.032     0.061938969    -0.069415222     -0.17160058               0
           0.35          -0.044           0.032   -0.0057966118     -0.07876412     -0.16665982               0
           0.35           -0.04           0.032    -0.070277277    -0.088021141      -0.1586683               0
           0.35          -0.036           0.032     -0.13148229    -0.096971696     -0.14821463               0
           0.35          -0.032           0.032     -0.18913455     -0.10543506     -0.13582133               0
           0.35          -0.028           0.032     -0.24278488     -0.11327876     -0.12193581               0
           0.35          -0.024           0.032     -0.29186367     -0.12039773     -0.10688722               0
           0.35           -0.02           0.032     -0.33570933     -0.12668338    -0.090898953               0
           0.35          -0.016           0.032     -0.37356428     -0.13201983    -0.074116267               0
           0.35          -0.012           0.032     -0.40458822     -0.13629167     -0.05664986               0
           0.35          -0.008           0.032     -0.42794099     -0.13940502    -0.038633238               0
           0.35          -0.004           0.032     -0.44287526     -0.14131082     -0.02025692               0
           0.35               0           0.032     -0.44878696      -0.1420066   -0.0017892227               0
           0.35           0.004           0.032     -0.44524214     -0.14154474     0.016416783               0
           0.35           0.008           0.032      -0.4321331     -0.14004133     0.033945259               0
           0.35           0.012           0.032     -0.40975611     -0.13766037     0.050333689               0
           0.35           0.016           0.032     -0.37877137     -0.13460687     0.065118108               0
           0.35            0.02           0.032     -0.34019347     -0.13111772     0.077895767               0
           0.35           0.024           0.032     -0.29523595     -0.12743989     0.088375585               0
           0.35           0.028           0.032     -0.24507896     -0.12380489     0.096419333               0
           0.35           0.032           0.032     -0.19067968     -0.12040288      0.10204831               0
           0.35           0.036           0.032      -0.1326926     -0.11737791      0.10542579               0
           0.35            0.04           0.032     -0.07152312     -0.11483209       0.1068404               0
           0.35           0.044           0.032   -0.0074967594     -0.11282339      0.10670545               0
           0.35           0.048           0.032      0.05903243     -0.11130345      0.10552757               0
           0.35           0.052           0.032      0.12787288     -0.10996269      0.10384813               0
           0.35           0.056           0.032       0.1989138     -0.10834692      0.10220839               0
           0.35            0.06           0.032      0.27163622     -0.10609409      0.10113826               0
           0.35           0.064           0.032      0.34513426     -0.10287061      0.10115112               0
           0.35           0.068           0.032      0.41874182    -0.098207031      0.10260498               0
           0.35           0.072           0.032      0.49200315    -0.091733525      0.10556548               0
           0.35           0.076           0.032      0.56396608    -0.083426402      0.10993931               0
           0.35            0.08           0.032      0.63296185    -0.073396792      0.11560423               0
           0.35           0.084           0.032      0.69680031    -0.061783318      0.12234475               0
           0.35           0.088           0.032      0.75261712    -0.048780215      0.12971938               0
           0.35           0.092           0.032       0.7946736    -0.034351345      0.13659334               0
           0.35           0.096           0.032      0.79898826    -0.018696993      0.13852174               0
           0.35             0.1           0.032      0.39393106    -0.005332429      0.06877269    -0.002383802
           0.35          -0.096           0.036      0.99847105       -0.014526     -0.04074653               0
           0.35            -0.1           0.036      0.49319138   -0.0051227602     -0.01798122  -0.00064685901
           0.35          -0.092           0.036      0.99122452    -0.022394832    -0.050909735               0
           0.35          -0.088           0.036      0.93845253    -0.027590043    -0.062226397               0
           0.35          -0.084           0.036      0.86753386    -0.030028929    -0.074857545               0
           0.35           -0.08           0.036      0.78553598    -0.031231255    -0.088641862               0
           0.35          -0.076           0.036      0.69710341    -0.032151398     -0.10327752               0
           0.35          -0.072           0.036      0.60511481    -0.033668436      -0.1185334               0
           0.35          -0.068           0.036      0.51196683    -0.036440812     -0.13380205               0
           0.35          -0.064           0.036      0.42086853    -0.040954833     -0.14780927               0
           0.35           -0.06           0.036      0.33446235    -0.047267881     -0.15912724               0
           0.35          -0.056           0.036      0.25382214    -0.055133189     -0.16663127               0
           0.35          -0.052           0.036      0.17876894    -0.064140587     -0.16972835               0
           0.35          -0.048           0.036      0.10848737    -0.073830865     -0.16840331               0
           0.35          -0.044           0.036     0.042097342    -0.083777023      -0.1631345               0
           0.35           -0.04           0.036    -0.020892685    -0.093621316     -0.15470713               0
           0.35          -0.036           0.036    -0.080423255      -0.1031043     -0.14389386               0
           0.35          -0.032           0.036      -0.1360989     -0.11204799     -0.13128885               0
           0.35          -0.028           0.036     -0.18742567     -0.12032108     -0.11736097               0
           0.35          -0.024           0.036     -0.23388457      -0.1278322     -0.10245922               0
           0.35           -0.02           0.036     -0.27494626     -0.13450498    -0.086815347               0
           0.35          -0.016           0.036     -0.31005722     -0.14025772    -0.070579299               0
           0.35          -0.012           0.036     -0.33862208          -0.145     -0.05386116               0
           0.35          -0.008           0.036     -0.36001992     -0.14864299    -0.036778212               0
           0.35          -0.004           0.036     -0.37366106     -0.15111845    -0.019491469               0
           0.35               0           0.036     -0.37905619     -0.15239468   -0.0022306222               0
           0.35           0.004           0.036     -0.37580526     -0.15249749     0.014698909               0
           0.35           0.008           0.036     -0.36377402      -0.1515207     0.030933106               0
           0.35           0.012           0.036     -0.34323781     -0.14960966     0.046069642               0
           0.35           0.016           0.036     -0.31477156     -0.14695389     0.059704891               0
           0.35            0.02           0.036     -0.27916805     -0.14377724     0.071483072               0
           0.35           0.024           0.036     -0.23731937     -0.14031483     0.081138763               0
           0.35           0.028           0.036     -0.19008922     -0.13679364     0.088532285               0
           0.35           0.032           0.036     -0.13822389     -0.13341575      0.09366489               0
           0.35           0.036           0.036    -0.082334226     -0.13034377     0.096685874               0
           0.35            0.04           0.036    -0.022968396     -0.12769005     0.097893607               0
           0.35           0.044           0.036     0.039308868     -0.12548106     0.097709493               0
           0.35           0.048           0.036      0.10404882      -0.1235374     0.096625908               0
           0.35           0.052           0.036      0.17100313     -0.12150237     0.095150675               0
           0.35           0.056           0.036      0.23984481     -0.11899382     0.093794085               0
           0.35            0.06           0.036       0.3098234      -0.1157339     0.093030098               0
           0.35           0.064           0.036      0.38004321      -0.1114052     0.093327216               0
           0.35           0.068           0.036      0.45008607      -0.1055428     0.095018299               0
           0.35           0.072           0.036      0.51958666    -0.097907632     0.098132274               0
           0.35           0.076           0.036      0.58746851    -0.088531444      0.10258008               0
           0.35            0.08           0.036       0.6520044     -0.07751482      0.10824649               0
           0.35           0.084           0.036      0.71108351     -0.06500919      0.11490126               0
           0.35           0.088           0.036      0.76197167    -0.051198779      0.12208088               0
           0.35           0.092           0.036       0.7990679    -0.035989285      0.12861431               0
           0.35           0.096           0.036      0.79877961    -0.019712831      0.12996962               0
           0.35             0.1           0.036       0.3927589   -0.0057279267     0.064309802   -0.0021009982
           0.35          -0.096            0.04       1.0044258    -0.015079417    -0.023540284               0
           0.35            -0.1            0.04      0.49489302   -0.0052777408    -0.008825803  -0.00031630036
           0.35          -0.092            0.04       1.0024346    -0.023430692    -0.035963591               0
           0.35          -0.088            0.04       0.9550599    -0.029041413     -0.04958397               0
           0.35          -0.084            0.04      0.88934764    -0.031766521    -0.064375247               0
           0.35           -0.08            0.04      0.81198678    -0.033135492    -0.080129507               0
           0.35          -0.076            0.04      0.72777956    -0.034107937    -0.096424065               0
           0.35          -0.072            0.04      0.64023522    -0.035647149      -0.1128436               0
           0.35          -0.068            0.04      0.55152084    -0.038448787     -0.12883124               0
           0.35          -0.064            0.04      0.46407486    -0.043000263     -0.14332078               0
           0.35           -0.06            0.04      0.38034493    -0.049439058     -0.15499279               0
           0.35          -0.056            0.04      0.30163658    -0.057540965     -0.16276623               0
           0.35          -0.052            0.04      0.22811746    -0.066886199     -0.16604265               0
           0.35          -0.048            0.04      0.15928483    -0.076983652     -0.16477883               0
           0.35          -0.044            0.04     0.094457477    -0.087364336     -0.15942243               0
           0.35           -0.04            0.04     0.033162383    -0.097637341     -0.15075909               0
           0.35          -0.036            0.04    -0.024618345     -0.10751331     -0.13967951               0
           0.35          -0.032            0.04      -0.0784685     -0.11680113     -0.12692675               0
           0.35          -0.028            0.04     -0.12780748     -0.12537555     -0.11301855               0
           0.35          -0.024            0.04     -0.17209309     -0.13315382    -0.098310661               0
           0.35           -0.02            0.04     -0.21085023     -0.14008197    -0.083042483               0
           0.35          -0.016            0.04     -0.24364691     -0.14610909      -0.0673696               0
           0.35          -0.012            0.04     -0.27006686     -0.15117304    -0.051403937               0
           0.35          -0.008            0.04      -0.2896961     -0.15520373    -0.035255128               0
           0.35          -0.004            0.04     -0.30214216     -0.15813674    -0.019062218               0
           0.35               0            0.04     -0.30707751     -0.15993131   -0.0030174028               0
           0.35           0.004            0.04     -0.30417535     -0.16059435     0.012624015               0
           0.35           0.008            0.04      -0.2932612     -0.16019424     0.027554499               0
           0.35           0.012            0.04     -0.27450347     -0.15884596     0.041430589               0
           0.35           0.016            0.04     -0.24831771     -0.15670713     0.053901705               0
           0.35            0.02            0.04     -0.21527746     -0.15397556     0.064652605               0
           0.35           0.024            0.04      -0.1760318     -0.15086935       0.0734407               0
           0.35           0.028            0.04     -0.13124171     -0.14760962     0.080130952               0
           0.35           0.032            0.04    -0.081551429     -0.14440026     0.084724642               0
           0.35           0.036            0.04    -0.027614475     -0.14140966     0.087375564               0
           0.35            0.04            0.04     0.029870053     -0.13872968     0.088380726               0
           0.35           0.044            0.04     0.090267611     -0.13628106     0.088146481               0
           0.35           0.048            0.04      0.15313526     -0.13380943     0.087133233               0
           0.35           0.052            0.04       0.2180896     -0.13100431     0.085821318               0
           0.35           0.056            0.04      0.28456441     -0.12755123     0.084698059               0
           0.35            0.06            0.04      0.35163971     -0.12326125     0.084172942               0
           0.35           0.064            0.04      0.41850147     -0.11785522     0.084664406               0
           0.35           0.068            0.04       0.4849334     -0.11088862     0.086489091               0
           0.35           0.072            0.04      0.55053301     -0.10221872     0.089659897               0
           0.35           0.076            0.04      0.61406645    -0.091926796     0.094088969               0
           0.35            0.08            0.04      0.67380134    -0.080122231     0.099659918               0
           0.35           0.084            0.04      0.72775738    -0.066964249      0.10613118               0
           0.35           0.088            0.04      0.77337575    -0.052619825      0.11302331               0
           0.35           0.092            0.04      0.80526363    -0.036937898      0.11915022               0
           0.35           0.096            0.04      0.80031418    -0.020183366      0.11995322               0
           0.35             0.1            0.04        0.392475   -0.0058402028     0.059135263   -0.0017736072
           0.35          -0.096           0.044       1.0069279    -0.015117586    -0.006887114               0
           0.35            -0.1           0.044      0.49484722   -0.0052397398   3.9521781e-05   3.8969985e-05
           0.35          -0.092           0.044       1.0104635    -0.023745933    -0.021471929               0
           0.35          -0.088           0.044      0.96910674    -0.029664327    -0.037232394               0
           0.35          -0.084           0.044         0.90948    -0.032643882    -0.053991805               0
           0.35           -0.08           0.044      0.83777128    -0.034195935    -0.071514869               0
           0.35          -0.076           0.044       0.7585174    -0.035272252    -0.089316006               0
           0.35          -0.072           0.044      0.67571044    -0.036890991      -0.1068065               0
           0.35          -0.068           0.044      0.59185455    -0.039770825     -0.12339161               0
           0.35          -0.064           0.044      0.50876842    -0.044375983     -0.13822137               0
           0.35           -0.06           0.044      0.42841326    -0.050897214     -0.15015548               0
           0.35          -0.056           0.044      0.35223047    -0.059154665     -0.15817922               0
           0.35          -0.052           0.044      0.28070974    -0.068726085     -0.16170514               0
           0.35          -0.048           0.044      0.21366476    -0.079096861     -0.16066372               0
           0.35          -0.044           0.044      0.15063796     -0.08976582     -0.15546087               0
           0.35           -0.04           0.044     0.091242659     -0.10031552     -0.14683809               0
           0.35          -0.036           0.044     0.035389403     -0.11043765     -0.13569206               0
           0.35          -0.032           0.044    -0.016618827     -0.11992937     -0.12287119               0
           0.35          -0.028           0.044    -0.064201037     -0.12866733     -0.10902346               0
           0.35          -0.024           0.044     -0.10674857      -0.1365841    -0.094544542               0
           0.35           -0.02           0.044     -0.14375974     -0.14364388    -0.079666563               0
           0.35          -0.016           0.044     -0.17484268     -0.14981468    -0.064553832               0
           0.35          -0.012           0.044     -0.19968103     -0.15505913     -0.04932316               0
           0.35          -0.008           0.044     -0.21800215     -0.15932955    -0.034079988               0
           0.35          -0.004           0.044     -0.22956936     -0.16257648    -0.018945066               0
           0.35               0           0.044      -0.2341938     -0.16476364   -0.0040782566               0
           0.35           0.004           0.044     -0.23163601     -0.16588869     0.010309586               0
           0.35           0.008           0.044     -0.22168445     -0.16600054     0.023962739               0
           0.35           0.012           0.044     -0.20438217     -0.16518629     0.036590418               0
           0.35           0.016           0.044     -0.18000373     -0.16356957     0.047889171               0
           0.35            0.02           0.044     -0.14895895     -0.16131825     0.057583961               0
           0.35           0.024           0.044     -0.11173956      -0.1586297      0.06546287               0
           0.35           0.028           0.044    -0.068901898     -0.15571016     0.071412691               0
           0.35           0.032           0.044    -0.021081977     -0.15275877     0.075446585               0
           0.35           0.036           0.044     0.031002141     -0.14990934     0.077722463               0
           0.35            0.04           0.044     0.086635763     -0.14715972     0.078525853               0
           0.35           0.044           0.044      0.14522852     -0.14435845     0.078228745               0
           0.35           0.048           0.044      0.20626431      -0.1412758     0.077258753               0
           0.35           0.052           0.044      0.26914885     -0.13766954     0.076076778               0
           0.35           0.056           0.044      0.33310001      -0.1332863     0.075141371               0
           0.35            0.06           0.044      0.39710597     -0.12801998     0.074799214               0
           0.35           0.064           0.044       0.4605132     -0.12162608     0.075419045               0
           0.35           0.068           0.044      0.52322374     -0.11371176     0.077289404               0
           0.35           0.072           0.044      0.58467402     -0.10421041     0.080418129               0
           0.35           0.076           0.044       0.6435005    -0.093230587     0.084730703               0
           0.35            0.08           0.044      0.69804017    -0.080908455      0.09010421               0
           0.35           0.084           0.044      0.74649614    -0.067404746     0.096287024               0
           0.35           0.088           0.044       0.7865371    -0.052862675      0.10278912               0
           0.35           0.092           0.044      0.81304521    -0.037074981      0.10842246               0
           0.35           0.096           0.044      0.80343553    -0.020160581       0.1086604               0
           0.35             0.1           0.044      0.39300703    -0.005768586     0.053333924   -0.0014089976
           0.35          -0.096           0.048       1.0056879    -0.014721889    0.0085986649               0
           0.35            -0.1           0.048      0.49304815   -0.0050690951    0.0082093639   0.00043444322
           0.35          -0.092           0.048       1.0146204    -0.023367678   -0.0078204873               0
           0.35          -0.088           0.048      0.97968318    -0.029464431    -0.025484212               0
           0.35          -0.084           0.048      0.92688111    -0.032662569    -0.043934263               0
           0.35           -0.08           0.048      0.86182581    -0.034427964    -0.062926202               0
           0.35          -0.076           0.048      0.78848756    -0.035697508    -0.081960563               0
           0.35          -0.072           0.048      0.71085778     -0.03747742     -0.10037386               0
           0.35          -0.068           0.048      0.63202087     -0.04051239     -0.11746712               0
           0.35          -0.064           0.048      0.55380104    -0.045252487     -0.13250178               0
           0.35           -0.06           0.048      0.47757566    -0.051865791     -0.14458527               0
           0.35          -0.056           0.048      0.40462243    -0.060229452      -0.1528218               0
           0.35          -0.052           0.048       0.3356883    -0.069940769     -0.15664271               0
           0.35          -0.048           0.048        0.270891    -0.080470565     -0.15595569               0
           0.35          -0.044           0.048      0.21000112    -0.091297765      -0.1511163               0
           0.35           -0.04           0.048      0.15274839     -0.10198332     -0.14281122               0
           0.35          -0.036           0.048     0.099037329     -0.11220407     -0.13189074               0
           0.35          -0.032           0.048     0.049051849     -0.12175317     -0.11920511               0
           0.35          -0.028           0.048    0.0032552274     -0.13051232     -0.10548416               0
           0.35          -0.024           0.048    -0.037757248     -0.13842573    -0.091233428               0
           0.35           -0.02           0.048    -0.073423962     -0.14547249    -0.076742163               0
           0.35          -0.016           0.048     -0.10330839     -0.15164041    -0.062176155               0
           0.35          -0.012           0.048      -0.1271079     -0.15691148     -0.04765115               0
           0.35          -0.008           0.048     -0.14460813     -0.16125592    -0.033270009               0
           0.35          -0.004           0.048     -0.15565705     -0.16464164    -0.019136978               0
           0.35               0           0.048     -0.16014438     -0.16704394   -0.0053866169               0
           0.35           0.004           0.048     -0.15792379     -0.16845896    0.0078071308               0
           0.35           0.008           0.048     -0.14875553     -0.16892378     0.020232962               0
           0.35           0.012           0.048     -0.13255917     -0.16851019     0.031647139               0
           0.35           0.016           0.048     -0.10952184       -0.167318     0.041791978               0
           0.35            0.02           0.048    -0.079957372     -0.16548432     0.050436989               0
           0.35           0.024           0.048    -0.044284481     -0.16318161     0.057410126               0
           0.35           0.028           0.048   -0.0030483132     -0.16060042      0.06261981               0
           0.35           0.032           0.048     0.043107773     -0.15788647     0.066099706               0
           0.35           0.036           0.048     0.093505019     -0.15508086     0.068013523               0
           0.35            0.04           0.048      0.14749029     -0.15211648     0.068620999               0
           0.35           0.044           0.048      0.20443775     -0.14885534     0.068258934               0
           0.35           0.048           0.048      0.26365975     -0.14513039     0.067325415               0
           0.35           0.052           0.048      0.32435555     -0.14075641     0.066256017               0
           0.35           0.056           0.048      0.38556288     -0.13554291     0.065470883               0
           0.35            0.06           0.048      0.44626783      -0.1294522     0.065254251               0
           0.35           0.064           0.048      0.50604571     -0.12224566     0.065936539               0
           0.35           0.068           0.048      0.56480318     -0.11359656     0.067773261               0
           0.35           0.072           0.048      0.62172605     -0.10352266     0.070761407               0
           0.35           0.076           0.048       0.6753906    -0.092147885     0.074849787               0
           0.35            0.08           0.048      0.72428346    -0.079635836      0.07991216               0
           0.35           0.084           0.048      0.76685326    -0.066141839     0.085690538               0
           0.35           0.088           0.048      0.80105162     -0.05177717     0.091692095               0
           0.35           0.092           0.048      0.82205629    -0.036294007     0.096741365               0
           0.35           0.096           0.048       0.8076599    -0.019805235     0.096365034               0
           0.35             0.1           0.048      0.39404196   -0.0057138327     0.047024936   -0.0010131829
           0.35          -0.096           0.052       1.0006488    -0.014074142     0.022429676               0
           0.35            -0.1           0.052      0.48958787   -0.0048584595      0.01548439    0.0008405523
           0.35          -0.092           0.052       1.0144272     -0.02242594    0.0045073707               0
           0.35          -0.088           0.052      0.98599769    -0.028506564    -0.014690444               0
           0.35          -0.084           0.052      0.94052355    -0.031865175    -0.034471004               0
           0.35           -0.08           0.052      0.88296628      -0.0338774    -0.054545302               0
           0.35          -0.076           0.052      0.81661622    -0.035433733    -0.074432688               0
           0.35          -0.072           0.052      0.74501096    -0.037499726    -0.093487252               0
           0.35          -0.068           0.052      0.67143054    -0.040801751     -0.11097239               0
           0.35          -0.064           0.052      0.59821703    -0.045788229     -0.12613493               0
           0.35           -0.06           0.052      0.52668763    -0.052582839      -0.1382515               0
           0.35          -0.056           0.052      0.45773373    -0.061060679     -0.14662958               0
           0.35          -0.052           0.052      0.39209103    -0.070861046      -0.1507617               0
           0.35          -0.048           0.052      0.33013149     -0.08146208     -0.15052747               0
           0.35          -0.044           0.052      0.27185078    -0.092334765     -0.14622296               0
           0.35           -0.04           0.052      0.21710605     -0.10302783     -0.13846689               0
           0.35          -0.036           0.052      0.16582711     -0.11320932      -0.1280503               0
           0.35          -0.032           0.052      0.11813389     -0.12267065     -0.11578773               0
           0.35          -0.028           0.052      0.07436579     -0.13130348     -0.10239939               0
           0.35          -0.024           0.052     0.035021629     -0.13906102    -0.088455781               0
           0.35           -0.02           0.052     0.000657867     -0.14593272    -0.074339219               0
           0.35          -0.016           0.052    -0.028238577     -0.15192342    -0.060268205               0
           0.35          -0.012           0.052    -0.051306771     -0.15703162     -0.04639942               0
           0.35          -0.008           0.052    -0.068304432     -0.16124825    -0.032831433               0
           0.35          -0.004           0.052    -0.079090454     -0.16456076    -0.019637062               0
           0.35               0           0.052    -0.083575835     -0.16695735   -0.0069297082               0
           0.35           0.004           0.052    -0.081682113     -0.16843703    0.0051470956               0
           0.35           0.008           0.052    -0.073151321     -0.16903027     0.016419636               0
           0.35           0.012           0.052    -0.057806857     -0.16880498     0.026688926               0
           0.35           0.016           0.052    -0.035789861     -0.16785606     0.035738318               0
           0.35            0.02           0.052   -0.0073844502      -0.1662968     0.043376426               0
           0.35           0.024           0.052      0.02700531     -0.16425234     0.049483596               0
           0.35           0.028           0.052      0.06685657     -0.16185602     0.054005733               0
           0.35           0.032           0.052      0.11157358     -0.15917763     0.056989949               0
           0.35           0.036           0.052      0.16053674     -0.15620368     0.058590551               0
           0.35            0.04           0.052      0.21306838     -0.15287678     0.059038086               0
           0.35           0.044           0.052      0.26840751     -0.14910044     0.058641717               0
           0.35           0.048           0.052      0.32568368     -0.14476089      0.05776872               0
           0.35           0.052           0.052      0.38391462     -0.13972499     0.056814372               0
           0.35           0.056           0.052      0.44200082     -0.13387551     0.056141542               0
           0.35            0.06           0.052       0.4990715     -0.12718349     0.055993901               0
           0.35           0.064           0.052      0.55495392     -0.11939885     0.056664704               0
           0.35           0.068           0.052       0.6093741     -0.11029142     0.058366217               0
           0.35           0.072           0.052      0.66124087    -0.099952685     0.061101223               0
           0.35           0.076           0.052      0.70918283    -0.088527185     0.064839392               0
           0.35            0.08           0.052      0.75192205    -0.076191854     0.069458191               0
           0.35           0.084           0.052      0.78822071    -0.063089328      0.07470098               0
           0.35           0.088           0.052      0.81636425    -0.049295228     0.080084003               0
           0.35           0.092           0.052      0.83184289      -0.0345382      0.08447204               0
           0.35           0.096           0.052      0.81270643    -0.018920883      0.08347351               0
           0.35             0.1           0.052      0.39549428   -0.0055059965     0.040425165  -0.00058927993
           0.35          -0.096           0.056      0.99187812    -0.013211216     0.034382539               0
           0.35            -0.1           0.056      0.48452192   -0.0046010041     0.021852171    0.0012363951
           0.35          -0.092           0.056       1.0097141     -0.02100866     0.015090346               0
           0.35          -0.088           0.056      0.98752306    -0.026867998   -0.0052256625               0
           0.35          -0.084           0.056      0.94956733    -0.030316233    -0.025890427               0
           0.35           -0.08           0.056      0.90009553    -0.032613996    -0.046582064               0
           0.35          -0.076           0.056       0.8416612    -0.034567316    -0.066865232               0
           0.35          -0.072           0.056      0.77715939      -0.0370753    -0.086158136               0
           0.35          -0.068           0.056      0.70959189    -0.040797176     -0.10378488               0
           0.35          -0.064           0.056      0.64157576    -0.046148478     -0.11900702               0
           0.35           -0.06           0.056      0.57489025     -0.05323196     -0.13113013               0
           0.35          -0.056           0.056      0.51046297    -0.061913939      -0.1395718               0
           0.35          -0.052           0.056       0.4488381    -0.071825858     -0.14396716               0
           0.35          -0.048           0.056      0.39041408    -0.082448494     -0.14423211               0
           0.35          -0.044           0.056      0.33534799    -0.093283338     -0.14058524               0
           0.35           -0.04           0.056      0.28362633     -0.10387933     -0.13355985               0
           0.35          -0.036           0.056      0.23522822     -0.11390135     -0.12387002               0
           0.35          -0.032           0.056      0.19023476     -0.12314107     -0.11228116               0
           0.35          -0.028           0.056       0.1488875     -0.13149786    -0.099492373               0
           0.35          -0.024           0.056      0.11158994     -0.13893903    -0.086073428               0
           0.35           -0.02           0.056     0.078840637     -0.14546507    -0.072448272               0
           0.35          -0.016           0.056     0.051129037     -0.15108791    -0.058910942               0
           0.35          -0.012           0.056     0.028871261     -0.15582181    -0.045669131               0
           0.35          -0.008           0.056     0.012372734      -0.1596817    -0.032838996               0
           0.35          -0.004           0.056    0.0018239903     -0.16267678    -0.020494278               0
           0.35               0           0.056    -0.002662611     -0.16481131   -0.0087355493               0
           0.35           0.004           0.056   -0.0010269182     -0.16609275     0.002319762               0
           0.35           0.008           0.056    0.0069879863     -0.16654935     0.012532153               0
           0.35           0.012           0.056     0.021609999     -0.16624766     0.021748076               0
           0.35           0.016           0.056     0.042742706     -0.16527476     0.029803292               0
           0.35            0.02           0.056     0.070126781     -0.16371503     0.036551131               0
           0.35           0.024           0.056      0.10337934     -0.16164361     0.041912028               0
           0.35           0.028           0.056      0.14202686     -0.15912537     0.045868908               0
           0.35           0.032           0.056      0.18550382      -0.1561973     0.048471411               0
           0.35           0.036           0.056      0.23315032     -0.15285488     0.049852928               0
           0.35            0.04           0.056      0.28418425     -0.14906319     0.050225169               0
           0.35           0.044           0.056      0.33768805     -0.14476799     0.049866459               0
           0.35           0.048           0.056       0.3926232     -0.13990061     0.049103495               0
           0.35           0.052           0.056      0.44785626     -0.13437227      0.04828015               0
           0.35           0.056           0.056       0.5022665     -0.12814025     0.047672063               0
           0.35            0.06           0.056      0.55531688     -0.12109349     0.047523578               0
           0.35           0.064           0.056      0.60692781     -0.11298882     0.048092619               0
           0.35           0.068           0.056      0.65641794      -0.1037513     0.049525564               0
           0.35           0.072           0.056      0.70253254    -0.093502013     0.051864929               0
           0.35           0.076           0.056      0.74408965    -0.082403879     0.055099074               0
           0.35            0.08           0.056      0.78013318    -0.070630314     0.059117617               0
           0.35           0.084           0.056       0.8098029    -0.058303348      0.06367665               0
           0.35           0.088           0.056      0.83175788     -0.04546154     0.068314665               0
           0.35           0.092           0.056      0.84183485    -0.031823283      0.07196389               0
           0.35           0.096           0.056      0.81835457    -0.017312605     0.070370257               0
           0.35             0.1           0.056      0.39738026   -0.0049521912      0.03374375  -0.00014038342
           0.35          -0.096            0.06      0.97956819    -0.012077818     0.044179762               0
           0.35            -0.1            0.06      0.47793553   -0.0042585391     0.027137163    0.0016242573
           0.35          -0.092            0.06       1.0006029    -0.019125938     0.023654499               0
           0.35          -0.088            0.06      0.98411221    -0.024613488    0.0025946981               0
           0.35          -0.084            0.06      0.95351256    -0.028099164    -0.018453008               0
           0.35           -0.08            0.06      0.91237904    -0.030737005    -0.039243202               0
           0.35          -0.076            0.06      0.86251422    -0.033216754    -0.059412506               0
           0.35          -0.072            0.06      0.80608443    -0.036333093    -0.078482643               0
           0.35          -0.068            0.06      0.74559472    -0.040659411    -0.095880489               0
           0.35          -0.064            0.06      0.68352412    -0.046534656     -0.11095739               0
           0.35           -0.06            0.06      0.62193441    -0.054029199     -0.12305078               0
           0.35          -0.056            0.06      0.56218246    -0.062994609     -0.13159257               0
           0.35          -0.052            0.06      0.50496021    -0.073056543     -0.13627156               0
           0.35          -0.048            0.06      0.45063587    -0.083719866     -0.13703763               0
           0.35          -0.044            0.06      0.39940514    -0.094503011     -0.13408355               0
           0.35           -0.04            0.06      0.35132052     -0.10496489     -0.12787095               0
           0.35          -0.036            0.06      0.30640748     -0.11476038     -0.11904521               0
           0.35          -0.032            0.06      0.26472617     -0.12367064     -0.10831996               0
           0.35          -0.028            0.06      0.22640933     -0.13161246    -0.096345117               0
           0.35          -0.024            0.06      0.19175203     -0.13857567    -0.083672529               0
           0.35           -0.02            0.06      0.16118742     -0.14457292    -0.070748964               0
           0.35          -0.016            0.06      0.13518314      -0.1496289    -0.057899023               0
           0.35          -0.012            0.06      0.11417818     -0.15377254    -0.045348633               0
           0.35          -0.008            0.06     0.098529396     -0.15703565    -0.033246921               0
           0.35          -0.004            0.06     0.088494509     -0.15944726    -0.021699801               0
           0.35               0            0.06     0.084237354      -0.1610323    -0.010803965               0
           0.35           0.004            0.06     0.085834095     -0.16181281  -0.00065730655               0
           0.35           0.008            0.06      0.09350889     -0.16181755    0.0086297625               0
           0.35           0.012            0.06      0.10752188     -0.16110539     0.016940709               0
           0.35           0.016            0.06      0.12786015     -0.15974883     0.024165633               0
           0.35            0.02            0.06       0.1543124     -0.15780718     0.030209207               0
           0.35           0.024            0.06      0.18652512     -0.15533236     0.035013922               0
           0.35           0.028            0.06       0.2240231     -0.15236992     0.038574327               0
           0.35           0.032            0.06      0.26620264      -0.1489512     0.040945305               0
           0.35           0.036            0.06      0.31231273     -0.14508846     0.042248316               0
           0.35            0.04            0.06      0.36144057     -0.14077839     0.042667434               0
           0.35           0.044            0.06      0.41252391      -0.1360046     0.042440964               0
           0.35           0.048            0.06      0.46438872     -0.13073077     0.041846897               0
           0.35           0.052            0.06      0.51582355     -0.12491312     0.041154654               0
           0.35           0.056            0.06      0.56596592     -0.11850997     0.040565206               0
           0.35            0.06            0.06      0.61460588       -0.111327     0.040322097               0
           0.35           0.064            0.06      0.66134317     -0.10319589     0.040650838               0
           0.35           0.068            0.06      0.70506939    -0.094172469     0.041663138               0
           0.35           0.072            0.06      0.74459778    -0.084387796     0.043437252               0
           0.35           0.076            0.06      0.77905047     -0.07400502     0.045986185               0
           0.35            0.08            0.06      0.80787177    -0.063175242     0.049225057               0
           0.35           0.084            0.06      0.83062754    -0.051988089      0.05293815               0
           0.35           0.088            0.06      0.84636505    -0.040439738     0.056701008               0
           0.35           0.092            0.06      0.85124988    -0.028263272     0.059531105               0
           0.35           0.096            0.06       0.8237611    -0.015300998     0.057375136               0
           0.35             0.1            0.06      0.39923299   -0.0043282082     0.027145425   0.00033074761
           0.35          -0.096           0.064      0.96401922    -0.010640626     0.051560691               0
           0.35            -0.1           0.064      0.46994242   -0.0038148968     0.031199769    0.0019992031
           0.35          -0.092           0.064      0.98746672    -0.016779198     0.029987485               0
           0.35          -0.088           0.064      0.97600998    -0.021811998    0.0085820528               0
           0.35          -0.084           0.064      0.95231121    -0.025332833    -0.012344094               0
           0.35           -0.08           0.064      0.91941704    -0.028393299    -0.032695254               0
           0.35          -0.076           0.064      0.87841796    -0.031544108    -0.052224003               0
           0.35          -0.072           0.064      0.83072966    -0.035444704    -0.070591903               0
           0.35          -0.068           0.064      0.77826152    -0.040554408    -0.087356518               0
           0.35          -0.064           0.064      0.72317084    -0.047129383      -0.1019722               0
           0.35           -0.06           0.064      0.66747958    -0.055187946     -0.11384962               0
           0.35          -0.056           0.064      0.61279441    -0.064534373     -0.12246366               0
           0.35          -0.052           0.064      0.56016642      -0.0748141     -0.12746958               0
           0.35          -0.048           0.064      0.51017339    -0.085570008     -0.12878495               0
           0.35          -0.044           0.064      0.46311184    -0.096321601     -0.12658956               0
           0.35           -0.04           0.064      0.41909951     -0.10664918     -0.12127643               0
           0.35          -0.036           0.064      0.37819189     -0.11620327     -0.11342485               0
           0.35          -0.032           0.064      0.34044802     -0.12474683      -0.1036829               0
           0.35          -0.028           0.064      0.30591979     -0.13220245    -0.092628079               0
           0.35          -0.024           0.064      0.27476049     -0.13856263    -0.080824635               0
           0.35           -0.02           0.064      0.24724529      -0.1438561    -0.068753907               0
           0.35          -0.016           0.064      0.22375885      -0.1481432    -0.056731885               0
           0.35          -0.012           0.064      0.20475109     -0.15147258    -0.044987722               0
           0.35          -0.008           0.064      0.19061368     -0.15388986    -0.033684397               0
           0.35          -0.004           0.064      0.18166143     -0.15543995    -0.022941054               0
           0.35               0           0.064      0.17811984     -0.15616722    -0.012853007               0
           0.35           0.004           0.064      0.18011943      -0.1561117   -0.0035080404               0
           0.35           0.008           0.064      0.18780343     -0.15531065    0.0050048252               0
           0.35           0.012           0.064      0.20143752     -0.15381319     0.012594816               0
           0.35           0.016           0.064      0.22113366      -0.1516872     0.019184842               0
           0.35            0.02           0.064       0.2467035     -0.14899592     0.024716985               0
           0.35           0.024           0.064      0.27779608     -0.14578924     0.029157017               0
           0.35           0.028           0.064      0.31390471     -0.14211497     0.032509341               0
           0.35           0.032           0.064      0.35435752     -0.13801576     0.034824848               0
           0.35           0.036           0.064      0.39830343     -0.13352691     0.036203674               0
           0.35            0.04           0.064      0.44471666     -0.12867434     0.036793351               0
           0.35           0.044           0.064      0.49243145     -0.12346776     0.036784555               0
           0.35           0.048           0.064      0.54021187     -0.11789781     0.036387537               0
           0.35           0.052           0.064      0.58704122     -0.11193543     0.035780625               0
           0.35           0.056           0.064       0.6324763       -0.105458     0.035150212               0
           0.35            0.06           0.064      0.67615325    -0.098296352     0.034716559               0
           0.35           0.064           0.064      0.71709118    -0.090425278     0.034651687               0
           0.35           0.068           0.064      0.75405031    -0.081946047     0.035080977               0
           0.35           0.072           0.064      0.78610187    -0.072990554     0.036106621               0
           0.35           0.076           0.064       0.8127622    -0.063697122     0.037775988               0
           0.35            0.08           0.064      0.83393296    -0.054173178     0.040045449               0
           0.35           0.084           0.064      0.84962079    -0.044459963     0.042744304               0
           0.35           0.088           0.064      0.85923764    -0.034502344     0.045502011               0
           0.35           0.092           0.064      0.85923379    -0.024067261      0.04744327               0
           0.35           0.096           0.064      0.82816289    -0.012985763     0.044821776               0
           0.35             0.1           0.064      0.40069742    -0.003648067     0.020825018   0.00082062725
           0.35          -0.096           0.068      0.94565402   -0.0088813848     0.056289672               0
           0.35            -0.1           0.068       0.4606949   -0.0032545583      0.03389084    0.0023544643
           0.35          -0.092           0.068      0.97089879    -0.013999659      0.03396584               0
           0.35          -0.088           0.068      0.96382918    -0.018573567     0.012661183               0
           0.35          -0.084           0.068      0.94641935    -0.022192876   -0.0076428657               0
           0.35           -0.08           0.068      0.92135548      -0.0257915    -0.027030541               0
           0.35          -0.076           0.068      0.88912717    -0.029765794    -0.045415512               0
           0.35          -0.072           0.068      0.85045609    -0.034618082    -0.062623052               0
           0.35          -0.068           0.068      0.80662047    -0.040674305    -0.078358841               0
           0.35          -0.064           0.068      0.75935773    -0.048095082    -0.092189523               0
           0.35           -0.06           0.068      0.71051764    -0.056843965     -0.10359595               0
           0.35          -0.056           0.068      0.66173882    -0.066703768     -0.11208411               0
           0.35          -0.052           0.068      0.61426651    -0.077316779     -0.11730737               0
           0.35          -0.048           0.068      0.56893082    -0.088241027     -0.11915036               0
           0.35          -0.044           0.068      0.52623823    -0.099020477     -0.11773943               0
           0.35           -0.04           0.068      0.48646923     -0.10924926     -0.11340482               0
           0.35          -0.036           0.068      0.44977094     -0.11858585      -0.1066496               0
           0.35          -0.032           0.068       0.4162524      -0.1267905    -0.098033267               0
           0.35          -0.028           0.068      0.38599153     -0.13376538    -0.088054513               0
           0.35          -0.024           0.068      0.35905389     -0.13947938    -0.077254612               0
           0.35           -0.02           0.068      0.33552795     -0.14397217     -0.06610013               0
           0.35          -0.016           0.068      0.31562074     -0.14733274    -0.054962096               0
           0.35          -0.012           0.068      0.29965075     -0.14964467    -0.044111563               0
           0.35          -0.008           0.068      0.28796769     -0.15098814    -0.033671154               0
           0.35          -0.004           0.068      0.28092683     -0.15142277    -0.023750481               0
           0.35               0           0.068      0.27880742     -0.15101068    -0.014435733               0
           0.35           0.004           0.068      0.28179982     -0.14981169   -0.0058107685               0
           0.35           0.008           0.068      0.29000344     -0.14787845    0.0020480926               0
           0.35           0.012           0.068       0.3036352     -0.14526334    0.0090721693               0
           0.35           0.016           0.068      0.32284652     -0.14204009     0.015206702               0
           0.35            0.02           0.068      0.34746005     -0.13829097      0.02041571               0
           0.35           0.024           0.068      0.37711827      -0.1340846       0.0246788               0
           0.35           0.028           0.068      0.41128502     -0.12948435     0.027999758               0
           0.35           0.032           0.068      0.44923109     -0.12455009     0.030414892               0
           0.35           0.036           0.068      0.49004478      -0.1193369     0.031995189               0
           0.35            0.04           0.068      0.53265782     -0.11388835      0.03284141               0
           0.35           0.044           0.068      0.57588646     -0.10823457     0.033077306               0
           0.35           0.048           0.068        0.618699     -0.10236796     0.032835138               0
           0.35           0.052           0.068      0.66048629    -0.096209037     0.032260163               0
           0.35           0.056           0.068      0.70075178    -0.089635705     0.031528048               0
           0.35            0.06           0.068      0.73853174    -0.082613761     0.030801694               0
           0.35           0.064           0.068      0.77253372    -0.075221054     0.030217887               0
           0.35           0.068           0.068      0.80170184    -0.067564844     0.029915845               0
           0.35           0.072           0.068      0.82547226    -0.059755754     0.030025282               0
           0.35           0.076           0.068       0.8438178    -0.051883064     0.030638177               0
           0.35            0.08           0.068      0.85711223    -0.043989057     0.031765315               0
           0.35           0.084           0.068       0.8657676    -0.036050064     0.033293182               0
           0.35           0.088           0.068      0.86949614    -0.027948745     0.034916864               0
           0.35           0.092           0.068      0.86498132     -0.01948118        0.035889               0
           0.35           0.096           0.068      0.83091002     -0.01036681     0.032917559               0
           0.35             0.1           0.068      0.40151387   -0.0028074515     0.014899729    0.0013228474
           0.35          -0.096           0.072      0.92502279   -0.0068023916     0.058181277               0
           0.35            -0.1           0.072      0.45038938   -0.0025617906     0.035067116    0.0026843353
           0.35          -0.092           0.072      0.95170244    -0.010870062     0.035564903               0
           0.35          -0.088           0.072      0.94851326    -0.015073458     0.014881889               0
           0.35          -0.084           0.072      0.93675211    -0.018920906   -0.0043013191               0
           0.35           -0.08           0.072      0.91888341    -0.023196125    -0.022247261               0
           0.35          -0.076           0.072      0.89496682    -0.028137231    -0.039048067               0
           0.35          -0.072           0.072      0.86515099    -0.034079499    -0.054697118               0
           0.35          -0.068           0.072      0.83012724    -0.041209105    -0.069052113               0
           0.35          -0.064           0.072      0.79117371    -0.049586149    -0.081792605               0
           0.35           -0.06           0.072      0.74987863    -0.059118743    -0.092467344               0
           0.35          -0.056           0.072      0.70780732    -0.069573006     -0.10060976               0
           0.35          -0.052           0.072       0.6662699    -0.080599419     -0.10586595               0
           0.35          -0.048           0.072      0.62623796    -0.091776837     -0.10808563               0
           0.35          -0.044           0.072      0.58837859     -0.10266823     -0.10734918               0
           0.35           -0.04           0.072       0.5531351     -0.11287172     -0.10393794               0
           0.35          -0.036           0.072      0.52079404     -0.12205534    -0.098280279               0
           0.35          -0.032           0.072      0.49156322     -0.12998721    -0.090860536               0
           0.35          -0.028           0.072      0.46560989     -0.13654288     -0.08213588               0
           0.35          -0.024           0.072      0.44302791     -0.14167129    -0.072563722               0
           0.35           -0.02           0.072      0.42388631     -0.14540448    -0.062513805               0
           0.35          -0.016           0.072       0.4082629     -0.14782827    -0.052351182               0
           0.35          -0.012           0.072      0.39625311     -0.14905066    -0.042374408               0
           0.35          -0.008           0.072      0.38804033     -0.14918461    -0.032780068               0
           0.35          -0.004           0.072       0.3838841       -0.148329    -0.023694912               0
           0.35               0           0.072      0.38402251     -0.14658387     -0.01514195               0
           0.35           0.004           0.072      0.38865364     -0.14402959   -0.0071916728               0
           0.35           0.008           0.072      0.39791053     -0.14073166   9.2218825e-05               0
           0.35           0.012           0.072      0.41192381     -0.13675975    0.0066638543               0
           0.35           0.016           0.072      0.43074503      -0.1322051     0.012482343               0
           0.35            0.02           0.072       0.4542035     -0.12717243     0.017516602               0
           0.35           0.024           0.072      0.48196154     -0.12175694     0.021745375               0
           0.35           0.028           0.072      0.51348914     -0.11604091     0.025158512               0
           0.35           0.032           0.072      0.54803301     -0.11010136     0.027765124               0
           0.35           0.036           0.072      0.58470571     -0.10400494      0.02959815               0
           0.35            0.04           0.072      0.62256655     -0.09780293     0.030695162               0
           0.35           0.044           0.072      0.66065549    -0.091516114     0.031126373               0
           0.35           0.048           0.072      0.69825022    -0.085106013     0.030997255               0
           0.35           0.052           0.072      0.73469354    -0.078517621     0.030425942               0
           0.35           0.056           0.072      0.76893202    -0.071765395     0.029532093               0
           0.35            0.06           0.072      0.79963543    -0.064939444     0.028427022               0
           0.35           0.064           0.072      0.82561933    -0.058153159     0.027236217               0
           0.35           0.068           0.072      0.84615955    -0.051508656     0.026103602               0
           0.35           0.072           0.072      0.86112411    -0.045075932     0.025187554               0
           0.35           0.076           0.072      0.87095362    -0.038876861     0.024629312               0
           0.35            0.08           0.072      0.87644619    -0.032872859     0.024499443               0
           0.35           0.084           0.072      0.87833129    -0.026965594     0.024744546               0
           0.35           0.088           0.072      0.87652722    -0.020971015     0.025124934               0
           0.35           0.092           0.072      0.86787717    -0.014697707     0.025029416               0
           0.35           0.096           0.072       0.8311857    -0.007758238     0.021749132               0
           0.35             0.1           0.072      0.40119029   -0.0020241737    0.0093856115    0.0018297727
           0.35          -0.096           0.076      0.90277842    -0.004428205     0.057122568               0
           0.35            -0.1           0.076      0.43925887   -0.0017190452      0.03459773    0.0029820357
           0.35          -0.092           0.076      0.93083109   -0.0075262522     0.034889898               0
           0.35          -0.088           0.076      0.93120208    -0.011536172     0.015430696               0
           0.35          -0.084           0.076      0.92450966    -0.015789383   -0.0021526392               0
           0.35           -0.08           0.076      0.91308568    -0.020880975    -0.018253305               0
           0.35          -0.076           0.076      0.89673665    -0.026901268    -0.033119721               0
           0.35          -0.072           0.076      0.87520003    -0.034024244    -0.046899991               0
           0.35          -0.068           0.076       0.8486973    -0.042302541     -0.05959261               0
           0.35          -0.064           0.076      0.81807947    -0.051700333    -0.070981712               0
           0.35           -0.06           0.076      0.78463214    -0.062074511    -0.080678338               0
           0.35          -0.056           0.076       0.7497684    -0.073178123    -0.088242841               0
           0.35          -0.052           0.076      0.71477356    -0.084672553    -0.093321199               0
           0.35          -0.048           0.076      0.68067739    -0.096157022    -0.095740281               0
           0.35          -0.044           0.076      0.64824154     -0.10721264     -0.09553848               0
           0.35           -0.04           0.076      0.61800976     -0.11744944    -0.092939348               0
           0.35          -0.036           0.076      0.59036966     -0.12654521    -0.088297881               0
           0.35          -0.032           0.076      0.56561305     -0.13427075    -0.082032051               0
           0.35          -0.028           0.076      0.54397129     -0.14048904    -0.074563035               0
           0.35          -0.024           0.076      0.52560461     -0.14514309    -0.066288973               0
           0.35           -0.02           0.076      0.51065025     -0.14824961    -0.057529992               0
           0.35          -0.016           0.076       0.4991865       -0.149876    -0.048565592               0
           0.35          -0.012           0.076      0.49124635     -0.15012229    -0.039638897               0
           0.35          -0.008           0.076      0.48686661      -0.1491136    -0.030963057               0
           0.35          -0.004           0.076      0.48610155      -0.1469904    -0.022665001               0
           0.35               0           0.076      0.48905318     -0.14388304     -0.01478406               0
           0.35           0.004           0.076      0.49584122     -0.13989769   -0.0074375566               0
           0.35           0.008           0.076      0.50654629     -0.13513112  -0.00068734437               0
           0.35           0.012           0.076      0.52116369     -0.12968291    0.0054811062               0
           0.35           0.016           0.076      0.53960568     -0.12366451     0.011042497               0
           0.35            0.02           0.076      0.56170814     -0.11719656     0.015962386               0
           0.35           0.024           0.076      0.58720155     -0.11039217     0.020205962               0
           0.35           0.028           0.076      0.61562431     -0.10335186     0.023731779               0
           0.35           0.032           0.076      0.64631895    -0.096167679     0.026497549               0
           0.35           0.036           0.076      0.67854882    -0.088891136     0.028530881               0
           0.35            0.04           0.076      0.71156721    -0.081565315     0.029844307               0
           0.35           0.044           0.076      0.74462708    -0.074221252     0.030439966               0
           0.35           0.048           0.076      0.77689528    -0.066874611     0.030394553               0
           0.35           0.052           0.076      0.80724651    -0.059607767     0.029780785               0
           0.35           0.056           0.076      0.83433877    -0.052561235     0.028672826               0
           0.35            0.06           0.076      0.85692925    -0.045888242      0.02715766               0
           0.35           0.064           0.076      0.87414161    -0.039723523       0.0253421               0
           0.35           0.068           0.076      0.88565185    -0.034154585     0.023371287               0
           0.35           0.072           0.076      0.89176522    -0.029201636     0.021426598               0
           0.35           0.076           0.076      0.89332629    -0.024810932     0.019692824               0
           0.35            0.08           0.076      0.89144476    -0.020857778      0.01829523               0
           0.35           0.084           0.076      0.88704616     -0.01716934        0.017235               0
           0.35           0.088           0.076      0.88015946    -0.013498906     0.016325197               0
           0.35           0.092           0.076      0.86772672   -0.0096620354     0.015070998               0
           0.35           0.096           0.076      0.82867606   -0.0051139983     0.011385702               0
           0.35             0.1           0.076      0.39952954   -0.0012686943    0.0042560301     0.002329778
           0.35          -0.096            0.08      0.87955201   -0.0017108617     0.053183643               0
           0.35            -0.1            0.08      0.42750603  -0.00061963716     0.032401041    0.0032436495
           0.35          -0.092            0.08       0.9092577   -0.0041262914     0.032262573               0
           0.35          -0.088            0.08       0.9130473   -0.0081764671     0.014629095               0
           0.35          -0.084            0.08      0.91092711    -0.013022426   -0.0009378266               0
           0.35           -0.08            0.08      0.90516184    -0.019043065    -0.014882653               0
           0.35          -0.076            0.08      0.89544824    -0.026207689    -0.027564479               0
           0.35          -0.072            0.08      0.88128489    -0.034546594    -0.039263162               0
           0.35          -0.068            0.08      0.86258045    -0.043993118    -0.050095383               0
           0.35          -0.064            0.08      0.83985335    -0.054428305    -0.059932031               0
           0.35           -0.06            0.08      0.81410485    -0.065667133    -0.068437636               0
           0.35          -0.056            0.08      0.78655603    -0.077453769    -0.075201575               0
           0.35          -0.052            0.08      0.75839888    -0.089459966    -0.079880801               0
           0.35          -0.048            0.08      0.73064704      -0.1013022    -0.082295252               0
           0.35          -0.044            0.08      0.70409107     -0.11257731    -0.082455557               0
           0.35           -0.04            0.08       0.6793219     -0.12290654    -0.080537111               0
           0.35          -0.036            0.08      0.65677913     -0.13197434    -0.076827986               0
           0.35          -0.032            0.08       0.6367973     -0.13955239    -0.071672228               0
           0.35          -0.028            0.08       0.6196369     -0.14550296    -0.065422621               0
           0.35          -0.024            0.08      0.60549606     -0.14977074     -0.05841458               0
           0.35           -0.02            0.08      0.59453085     -0.15236608    -0.050942388               0
           0.35          -0.016            0.08      0.58683695      -0.1533448    -0.043257415               0
           0.35          -0.012            0.08      0.58247163     -0.15280179    -0.035558928               0
           0.35          -0.008            0.08      0.58145659     -0.15086398    -0.027970389               0
           0.35          -0.004            0.08      0.58376323      -0.1476678    -0.020586893               0
           0.35               0            0.08       0.5893821     -0.14334154    -0.013499269               0
           0.35           0.004            0.08      0.59829573      -0.1380173   -0.0068256007               0
           0.35           0.008            0.08      0.61043119     -0.13183233  -0.00061821755               0
           0.35           0.012            0.08       0.6256208     -0.12491488    0.0051454046               0
           0.35           0.016            0.08      0.64367958     -0.11738672     0.010440793               0
           0.35            0.02            0.08      0.66447966     -0.10937016     0.015226338               0
           0.35           0.024            0.08      0.68781813     -0.10098295     0.019451984               0
           0.35           0.028            0.08      0.71332668    -0.092337329     0.023049894               0
           0.35           0.032            0.08      0.74051689    -0.083535192     0.025941591               0
           0.35           0.036            0.08       0.7687765    -0.074640086     0.028120678               0
           0.35            0.04            0.08       0.7973276    -0.065727174     0.029578628               0
           0.35           0.044            0.08      0.82528185    -0.056904766     0.030277065               0
           0.35           0.048            0.08      0.85153564    -0.048315314     0.030245265               0
           0.35           0.052            0.08      0.87480403    -0.040156242     0.029538238               0
           0.35           0.056            0.08      0.89387748    -0.032644275     0.028211566               0
           0.35            0.06            0.08      0.90780595    -0.025984112     0.026326432               0
           0.35           0.064            0.08      0.91609156    -0.020329844      0.02397165               0
           0.35           0.068            0.08      0.91881336    -0.015753605      0.02128413               0
           0.35           0.072            0.08      0.91663568     -0.01222918     0.018451205               0
           0.35           0.076            0.08      0.91066761   -0.0096336408     0.015682336               0
           0.35            0.08            0.08      0.90217648   -0.0077620521     0.013142598               0
           0.35           0.084            0.08      0.89216164   -0.0063736759        0.010881               0
           0.35           0.088            0.08      0.88069366   -0.0051714957    0.0087525653               0
           0.35           0.092            0.08      0.86477823    -0.003999804    0.0063379298               0
           0.35           0.096            0.08      0.82340827   -0.0023863318    0.0020499341               0
           0.35             0.1            0.08      0.39645965  -0.00067380822  -0.00044447679    0.0028037708
           0.35          -0.096           0.084      0.85568728    0.0011108822     0.046424221               0
           0.35            -0.1           0.084      0.41521142    0.0006084967     0.028314671     0.003456092
           0.35          -0.092           0.084      0.88764654    -0.000882535     0.028115389               0
           0.35          -0.088           0.084       0.8948983   -0.0051588122     0.012848501               0
           0.35          -0.084           0.084      0.89691615    -0.010714493  -0.00037910717               0
           0.35           -0.08           0.084      0.89601252    -0.017717246    -0.011941787               0
           0.35          -0.076           0.084      0.89189826    -0.026037626    -0.022270785               0
           0.35          -0.072           0.084      0.88398546    -0.035575074     -0.03175745               0
           0.35          -0.068           0.084      0.87202696    -0.046157826     -0.04060701               0
           0.35          -0.064           0.084      0.85633647    -0.057602802    -0.048750376               0
           0.35           -0.06           0.084      0.83770028    -0.069697567    -0.055893201               0
           0.35          -0.056           0.084       0.8171552    -0.082182805    -0.061657903               0
           0.35          -0.052           0.084      0.79576288    -0.094737968    -0.065728047               0
           0.35          -0.048           0.084      0.77446171     -0.10699077     -0.06793658               0
           0.35          -0.044           0.084      0.75400784     -0.11854865    -0.068282177               0
           0.35           -0.04           0.084      0.73498161     -0.12904105    -0.066902659               0
           0.35          -0.036           0.084       0.7178251     -0.13815754    -0.064024543               0
           0.35          -0.032           0.084       0.7028782     -0.14567183    -0.059918924               0
           0.35          -0.028           0.084      0.69040456     -0.15144623    -0.054868268               0
           0.35          -0.024           0.084       0.6806068     -0.15542288    -0.049141272               0
           0.35           -0.02           0.084      0.67363352     -0.15760868    -0.042976104               0
           0.35          -0.016           0.084      0.66957711     -0.15806075    -0.036575318               0
           0.35          -0.012           0.084      0.66848652     -0.15687678    -0.030103008               0
           0.35          -0.008           0.084      0.67038607     -0.15417564    -0.023676496               0
           0.35          -0.004           0.084       0.6752455     -0.15007981    -0.017381648               0
           0.35               0           0.084      0.68299527     -0.14471726    -0.011285953               0
           0.35           0.004           0.084      0.69353177     -0.13822824    -0.005443158               0
           0.35           0.008           0.084      0.70670375     -0.13075611   0.00011331588               0
           0.35           0.012           0.084      0.72224253     -0.12243187    0.0053611776               0
           0.35           0.016           0.084      0.73993296     -0.11337564     0.010265848               0
           0.35            0.02           0.084      0.75967723     -0.10370625     0.014780914               0
           0.35           0.024           0.084      0.78125778    -0.093544741      0.01884389               0
           0.35           0.028           0.084      0.80430861    -0.083017932     0.022372455               0
           0.35           0.032           0.084      0.82834518    -0.072255781     0.025277128               0
           0.35           0.036           0.084      0.85270367    -0.061393414     0.027485294               0
           0.35            0.04           0.084      0.87648902    -0.050591824      0.02893838               0
           0.35           0.044           0.084      0.89866436    -0.040046624     0.029603583               0
           0.35           0.048           0.084      0.91810601    -0.029997045     0.029500813               0
           0.35           0.052           0.084      0.93369544     -0.02072829     0.028678523               0
           0.35           0.056           0.084      0.94449897    -0.012529937     0.027183073               0
           0.35            0.06           0.084      0.94992837   -0.0056590185     0.025061524               0
           0.35           0.064           0.084       0.9498775   -0.0002914882     0.022382009               0
           0.35           0.068           0.084      0.94475993    0.0035165795      0.01925312               0
           0.35           0.072           0.084      0.93544344    0.0058223934     0.015836948               0
           0.35           0.076           0.084      0.92311397    0.0067911257     0.012334849               0
           0.35            0.08           0.084      0.90903601    0.0066896499    0.0089255941               0
           0.35           0.084           0.084      0.89417895    0.0058244021    0.0057023393               0
           0.35           0.088           0.084      0.87861286    0.0045454024    0.0025738331               0
           0.35           0.092           0.084      0.85942687    0.0029296363  -0.00078961637               0
           0.35           0.096           0.084      0.81572553    0.0011810321     -0.00572804               0
           0.35             0.1           0.084      0.39215217   0.00017809713   -0.0044421184    0.0032260141
           0.35          -0.096           0.088       0.8311746    0.0037537561      0.03734738               0
           0.35            -0.1           0.088      0.40235527     0.001781934     0.022582517    0.0036231293
           0.35          -0.092           0.088      0.86601657    0.0020817465     0.022935982               0
           0.35          -0.088           0.088      0.87676848   -0.0024515262     0.010483592               0
           0.35          -0.084           0.088      0.88247156   -0.0087192066   -0.0001758249               0
           0.35           -0.08           0.088      0.88559687    -0.016696451    -0.009185839               0
           0.35          -0.076           0.088      0.88598175     -0.02613639    -0.017047365               0
           0.35          -0.072           0.088      0.88306796    -0.036802136    -0.024254726               0
           0.35          -0.068           0.088      0.87658264    -0.048430838    -0.031062991               0
           0.35          -0.064           0.088      0.86676658    -0.060805629    -0.037428588               0
           0.35           -0.06           0.088      0.85429011    -0.073709058    -0.043085485               0
           0.35          -0.056           0.088       0.8400524    -0.086884083    -0.047694401               0
           0.35          -0.052           0.088      0.82498517     -0.10001276    -0.050981044               0
           0.35          -0.048           0.088      0.80991711     -0.11272646    -0.052813105               0
           0.35          -0.044           0.088      0.79551866     -0.12463698      -0.0531897               0
           0.35           -0.04           0.088      0.78230384     -0.13537868    -0.052223813               0
           0.35          -0.036           0.088      0.77066499      -0.1446439    -0.050084623               0
           0.35          -0.032           0.088      0.76090614     -0.15220839    -0.046966991               0
           0.35          -0.028           0.088       0.7532607     -0.15793524    -0.043084359               0
           0.35          -0.024           0.088      0.74791118     -0.16176271    -0.038641219               0
           0.35           -0.02           0.088      0.74498869     -0.16369063    -0.033821126               0
           0.35          -0.016           0.088      0.74457327     -0.16377033    -0.028774956               0
           0.35          -0.012           0.088      0.74670145     -0.16209274    -0.023622396               0
           0.35          -0.008           0.088      0.75137044     -0.15876999    -0.018450216               0
           0.35          -0.004           0.088      0.75852628      -0.1539224    -0.013324186               0
           0.35               0           0.088      0.76806734     -0.14767664    -0.008297298               0
           0.35           0.004           0.088      0.77985621     -0.14016238   -0.0034098597               0
           0.35           0.008           0.088      0.79370122     -0.13150541    0.0013061774               0
           0.35           0.012           0.088      0.80931351     -0.12182282    0.0058224803               0
           0.35           0.016           0.088       0.8265009     -0.11122728     0.010108782               0
           0.35            0.02           0.088      0.84513399    -0.099836406     0.014118588               0
           0.35           0.024           0.088      0.86491034    -0.087782633     0.017777521               0
           0.35           0.028           0.088      0.88537905    -0.075221943     0.020988495               0
           0.35           0.032           0.088      0.90594744    -0.062337004     0.023647044               0
           0.35           0.036           0.088      0.92586813    -0.049342976      0.02565709               0
           0.35            0.04           0.088       0.9442497    -0.036486313      0.02693394               0
           0.35           0.044           0.088      0.96011203    -0.024040902     0.027433128               0
           0.35           0.048           0.088      0.97246575    -0.012326064     0.027189953               0
           0.35           0.052           0.088      0.98043942   -0.0017359859     0.026282463               0
           0.35           0.056           0.088      0.98346327    0.0073658637     0.024764451               0
           0.35            0.06           0.088       0.9813502     0.014717656     0.022661803               0
           0.35           0.064           0.088      0.97429769     0.020137592      0.02000329               0
           0.35           0.068           0.088      0.96287876     0.023553384     0.016845021               0
           0.35           0.072           0.088      0.94797616     0.025005503      0.01329174               0
           0.35           0.076           0.088      0.93068638     0.024648573     0.009495783               0
           0.35            0.08           0.088      0.91214934     0.022776727    0.0056066442               0
           0.35           0.084           0.088      0.89322004     0.019761677    0.0017650449               0
           0.35           0.088           0.088       0.8739664     0.016006495   -0.0020037292               0
           0.35           0.092           0.088      0.85165884     0.011493179   -0.0058167433               0
           0.35           0.096           0.088      0.80597657    0.0064115896    -0.010814898               0
           0.35             0.1           0.088      0.38697314    0.0019205286   -0.0069495255    0.0035747873
           0.35          -0.096           0.092      0.80330518    0.0055587579      0.02591992               0
           0.35            -0.1           0.092      0.38750871    0.0023609861     0.015255044    0.0036807076
           0.35          -0.092           0.092      0.84171492    0.0047150528     0.016612651               0
           0.35          -0.088           0.092      0.85581302    0.0002228711    0.0075237925               0
           0.35          -0.084           0.092      0.86459644   -0.0065810581  -0.00025993502               0
           0.35           -0.08           0.092       0.8708231     -0.01544415   -0.0065017133               0
           0.35          -0.076           0.092      0.87451277    -0.025866886    -0.011771554               0
           0.35          -0.072           0.092      0.87522177    -0.037460186    -0.016637186               0
           0.35          -0.068           0.092      0.87275784    -0.049902473    -0.021333091               0
           0.35          -0.064           0.092      0.86741861    -0.063004788    -0.025801103               0
           0.35           -0.06           0.092      0.85986088    -0.076578128    -0.029815719               0
           0.35          -0.056           0.092      0.85090109    -0.090362548    -0.033095252               0
           0.35          -0.052           0.092      0.84137863      -0.1040315    -0.035434227               0
           0.35          -0.048           0.092      0.83200627     -0.11721946    -0.036749426               0
           0.35          -0.044           0.092      0.82332599     -0.12953918    -0.037047507               0
           0.35           -0.04           0.092      0.81576179     -0.14062924    -0.036420763               0
           0.35          -0.036           0.092      0.80959821     -0.15017686    -0.034980744               0
           0.35          -0.032           0.092      0.80505604     -0.15795373    -0.032855131               0
           0.35          -0.028           0.092      0.80230846     -0.16382857    -0.030185134               0
           0.35          -0.024           0.092      0.80147886     -0.16773315    -0.027105077               0
           0.35           -0.02           0.092      0.80265974     -0.16964825    -0.023735459               0
           0.35          -0.016           0.092      0.80590073     -0.16960741     -0.02017259               0
           0.35          -0.012           0.092      0.81121105     -0.16768737    -0.016495563               0
           0.35          -0.008           0.092      0.81856082     -0.16398916    -0.012764342               0
           0.35          -0.004           0.092      0.82787422     -0.15862377   -0.0090244502               0
           0.35               0           0.092      0.83902504     -0.15170497   -0.0053112109               0
           0.35           0.004           0.092      0.85182853      -0.1433441   -0.0016520715               0
           0.35           0.008           0.092      0.86600771     -0.13364567    0.0019259135               0
           0.35           0.012           0.092      0.88132813     -0.12270953     0.005401263               0
           0.35           0.016           0.092      0.89765612     -0.11063614    0.0087514036               0
           0.35            0.02           0.092      0.91475855    -0.097541268     0.011927335               0
           0.35           0.024           0.092      0.93223604    -0.083574857     0.014850013               0
           0.35           0.028           0.092      0.94956281    -0.068929381     0.017421546               0
           0.35           0.032           0.092      0.96609794    -0.053845512     0.019538627               0
           0.35           0.036           0.092      0.98109708    -0.038620635     0.021105914               0
           0.35            0.04           0.092      0.99375099    -0.023584291     0.022021573               0
           0.35           0.044           0.092       1.0032331   -0.0090738804     0.022239283               0
           0.35           0.048           0.092         1.00878    0.0044342099     0.021861857               0
           0.35           0.052           0.092       1.0098825     0.016462946     0.021016939               0
           0.35           0.056           0.092       1.0063774     0.026698799     0.019735491               0
           0.35            0.06           0.092      0.99836343     0.034886182     0.018001805               0
           0.35           0.064           0.092      0.98615938     0.040820891     0.015798466               0
           0.35           0.068           0.092      0.97030869     0.044363413     0.013125101               0
           0.35           0.072           0.092      0.95156235     0.045465692     0.010014049               0
           0.35           0.076           0.092      0.93082164     0.044181175    0.0065357902               0
           0.35            0.08           0.092      0.90900397     0.040768795    0.0027700491               0
           0.35           0.084           0.092      0.88674462      0.03559014   -0.0011130607               0
           0.35           0.088           0.092      0.86410039     0.029084959   -0.0049481128               0
           0.35           0.092           0.092      0.83849494     0.021138621   -0.0084959731               0
           0.35           0.096           0.092      0.78975783     0.012140968    -0.012303721               0
           0.35             0.1           0.092      0.37812911    0.0037938515   -0.0072411571     0.003791519
           0.35          -0.096           0.096      0.74812587    0.0067335258     0.013780186               0
           0.35            -0.1           0.096      0.35709484    0.0023036467    0.0076621982    0.0036910283
           0.35          -0.092           0.096      0.79424121    0.0078736649    0.0095771744               0
           0.35          -0.088           0.096      0.81143446    0.0042290192    0.0042026014               0
           0.35          -0.084           0.096      0.82231974   -0.0027317843  -0.00031598247               0
           0.35           -0.08           0.096       0.8306586    -0.012067076   -0.0034192485               0
           0.35          -0.076           0.096      0.83629052    -0.022708314   -0.0059911927               0
           0.35          -0.072           0.096       0.8390321    -0.034331797   -0.0086833534               0
           0.35          -0.068           0.096      0.83898884     -0.04674856    -0.011339054               0
           0.35          -0.064           0.096      0.83668137    -0.059917582    -0.013672177               0
           0.35           -0.06           0.096      0.83271828    -0.073696179    -0.015871812               0
           0.35          -0.056           0.096      0.82779778    -0.087799475    -0.017800621               0
           0.35          -0.052           0.096       0.8227283     -0.10185515    -0.019206747               0
           0.35          -0.048           0.096      0.81813501     -0.11546535    -0.019963334               0
           0.35          -0.044           0.096      0.81439701     -0.12821565    -0.020073467               0
           0.35           -0.04           0.096      0.81189344     -0.13975304    -0.019700168               0
           0.35          -0.036           0.096      0.81070991     -0.14976164     -0.01887613               0
           0.35          -0.032           0.096      0.81096798     -0.15800202    -0.017672911               0
           0.35          -0.028           0.096      0.81280199     -0.16433654    -0.016093979               0
           0.35          -0.024           0.096      0.81618203     -0.16867149    -0.014342376               0
           0.35           -0.02           0.096      0.82114942     -0.17098072    -0.012523288               0
           0.35          -0.016           0.096       0.8277251     -0.17129126    -0.010588952               0
           0.35          -0.012           0.096      0.83586905     -0.16965735   -0.0085639785               0
           0.35          -0.008           0.096      0.84550989     -0.16615305    -0.006482601               0
           0.35          -0.004           0.096      0.85654284     -0.16086059   -0.0043692711               0
           0.35               0           0.096      0.86882296     -0.15386243   -0.0022416216               0
           0.35           0.004           0.096      0.88215393     -0.14523604  -0.00011382329               0
           0.35           0.008           0.096      0.89626784     -0.13505136    0.0020020816               0
           0.35           0.012           0.096      0.91094944     -0.12337435    0.0041019316               0
           0.35           0.016           0.096      0.92599475     -0.11027585    0.0061702179               0
           0.35            0.02           0.096      0.94104905    -0.095857643     0.008159842               0
           0.35           0.024           0.096       0.9556438    -0.080281147     0.010002568               0
           0.35           0.028           0.096      0.96923116    -0.063778095     0.011619683               0
           0.35           0.032           0.096      0.98120524    -0.046656517      0.01293128               0
           0.35           0.036           0.096      0.99092489      -0.0293235     0.013864081               0
           0.35            0.04           0.096      0.99775653    -0.012139769      0.01431369               0
           0.35           0.044           0.096       1.0011646    0.0043065604       0.0142678               0
           0.35           0.048           0.096       1.0008209     0.019402615     0.013910068               0
           0.35           0.052           0.096       0.9966499     0.032886542      0.01335568               0
           0.35           0.056           0.096      0.98873252     0.044502538     0.012572617               0
           0.35            0.06           0.096      0.97722912     0.053976104     0.011524536               0
           0.35           0.064           0.096      0.96240734     0.061056712     0.010179413               0
           0.35           0.068           0.096      0.94465459     0.065509022    0.0085057565               0
           0.35           0.072           0.096      0.92447897     0.067132824    0.0064790056               0
           0.35           0.076           0.096      0.90247785     0.065765617    0.0040739491               0
           0.35            0.08           0.096       0.8791855     0.061383192     0.001108372               0
           0.35           0.084           0.096      0.85492102     0.053909269   -0.0021447045               0
           0.35           0.088           0.096      0.82974745     0.043747288    -0.005260794               0
           0.35           0.092           0.096      0.80078275     0.030650873   -0.0076771575               0
           0.35           0.096           0.096      0.74438596      0.01636643   -0.0090230001               0
           0.35             0.1           0.096      0.35257138     0.004785931   -0.0047469189    0.0037915496
           0.35          -0.096             0.1      0.35469925    0.0036980313    0.0040499202    0.0037738182
           0.35            -0.1             0.1      0.22340962    0.0015011917    0.0028123459    0.0049627646
           0.35          -0.092             0.1       0.3806489    0.0049142135    0.0030494167    0.0037811221
           0.35          -0.088             0.1      0.39000009     0.003436064    0.0012857377    0.0035992124
           0.35          -0.084             0.1      0.39582123  -3.1522378e-05  -0.00011613345    0.0032822745
           0.35           -0.08             0.1      0.40040179   -0.0047389729  -0.00082690753    0.0028800661
           0.35          -0.076             0.1      0.40352443   -0.0099577702   -0.0014321923      0.00242153
           0.35          -0.072             0.1      0.40518959    -0.015598689    -0.002289077    0.0019364035
           0.35          -0.068             0.1      0.40556646    -0.021642134    -0.003140446      0.00143976
           0.35          -0.064             0.1      0.40499664    -0.028124081   -0.0037378457    0.0009438209
           0.35           -0.06             0.1      0.40375198    -0.034984242   -0.0043688707   0.00045404399
           0.35          -0.056             0.1      0.40213762    -0.042070198   -0.0050185034   -2.477329e-05
           0.35          -0.052             0.1      0.40055892    -0.049176732   -0.0055152062  -0.00048534414
           0.35          -0.048             0.1      0.39931312    -0.056086821   -0.0057604449  -0.00092198071
           0.35          -0.044             0.1      0.39854599    -0.062579174   -0.0057514259   -0.0013293362
           0.35           -0.04             0.1      0.39844692    -0.068479965   -0.0056111161   -0.0017042178
           0.35          -0.036             0.1      0.39899401    -0.073632383    -0.005331385   -0.0020403888
           0.35          -0.032             0.1      0.40022573    -0.077913365   -0.0049337066   -0.0023278428
           0.35          -0.028             0.1      0.40220759    -0.081248248   -0.0043702254   -0.0025617355
           0.35          -0.024             0.1      0.40486902    -0.083579297    -0.003796656   -0.0027417507
           0.35           -0.02             0.1      0.40821811    -0.084896941   -0.0032762585   -0.0028698186
           0.35          -0.016             0.1      0.41226153    -0.085218106   -0.0027269941     -0.00294751
           0.35          -0.012             0.1      0.41696418     -0.08456365   -0.0021432333   -0.0029763558
           0.35          -0.008             0.1      0.42227743    -0.082960845   -0.0015352408   -0.0029582933
           0.35          -0.004             0.1      0.42814069    -0.080439795  -0.00090948694   -0.0028972663
           0.35               0             0.1      0.43447965    -0.077030421  -0.00026982565   -0.0027983484
           0.35           0.004             0.1      0.44120422    -0.072759779   0.00038058874   -0.0026665992
           0.35           0.008             0.1      0.44820698    -0.067651745    0.0010404813    -0.002506724
           0.35           0.012             0.1      0.45536561    -0.061727374    0.0017125369   -0.0023221107
           0.35           0.016             0.1       0.4625259     -0.05501081    0.0023909304   -0.0021149367
           0.35            0.02             0.1      0.46948352    -0.047546733    0.0030540421   -0.0018867319
           0.35           0.024             0.1      0.47599252    -0.039416828    0.0036725528   -0.0016382605
           0.35           0.028             0.1       0.4817817    -0.030747054    0.0042140238   -0.0013696845
           0.35           0.032             0.1      0.48656865    -0.021710229    0.0046464337   -0.0010813224
           0.35           0.036             0.1      0.49007245    -0.012543678    0.0049397841   -0.0007803681
           0.35            0.04             0.1      0.49203217   -0.0034232814     0.005044772  -0.00045882176
           0.35           0.044             0.1      0.49227592    0.0052438557     0.004972129  -9.2154666e-05
           0.35           0.048             0.1      0.49079193     0.013142322    0.0048284856   0.00030591124
           0.35           0.052             0.1      0.48764778     0.020258175    0.0046527932   0.00070528567
           0.35           0.056             0.1      0.48290364      0.02644805    0.0044124637    0.0011017901
           0.35            0.06             0.1      0.47663281     0.031572863    0.0040917018    0.0014938217
           0.35           0.064             0.1      0.46893917     0.035498239     0.003676266     0.001873318
           0.35           0.068             0.1      0.45996215     0.038079336    0.0031471446    0.0022318992
           0.35           0.072             0.1      0.44988061     0.039170464    0.0024822582    0.0025627227
           0.35           0.076             0.1      0.43890057     0.038621822    0.0016445239    0.0028599356
           0.35            0.08             0.1      0.42716693     0.036298463   0.00043252347    0.0031205634
           0.35           0.084             0.1      0.41475311     0.031963751  -0.00096713367     0.003334292
           0.35           0.088             0.1      0.40170255     0.025793566   -0.0022408737    0.0035170781
           0.35           0.092             0.1      0.38640327     0.017626861   -0.0030480243    0.0036010583
           0.35           0.096             0.1      0.35542193      0.00894436   -0.0029673595    0.0036619359
           0.35             0.1             0.1      0.22214481    0.0033174293   -0.0017990457    0.0049746073
