#       point_x         point_y         point_z             U_x             U_y             U_z               p
           0.13          -0.096          -0.096     -0.93686451     0.052297193    -0.037352825     -0.54052017
           0.13            -0.1          -0.096               0               0               0     -0.54067294
           0.13            -0.1            -0.1               0               0               0     -0.53891292
           0.13          -0.096            -0.1               0               0               0     -0.53901674
           0.13          -0.092          -0.096     -0.99540144     0.085344322    -0.020757657      -0.5427387
           0.13          -0.092            -0.1               0               0               0     -0.54187504
           0.13          -0.088          -0.096      -1.0158654      0.10437907   -0.0033438077     -0.54721805
           0.13          -0.088            -0.1               0               0               0     -0.54707493
           0.13          -0.084          -0.096      -1.0046802       0.1062903     0.012746568     -0.55178908
           0.13          -0.084            -0.1               0               0               0     -0.55231693
           0.13           -0.08          -0.096     -0.94980708       0.0940202     0.023016743     -0.55712493
           0.13           -0.08            -0.1               0               0               0     -0.55818258
           0.13          -0.076          -0.096      -0.8448458      0.07004594     0.025747028     -0.56328556
           0.13          -0.076            -0.1               0               0               0     -0.56458255
           0.13          -0.072          -0.096     -0.70619932     0.040415398     0.023865577     -0.56964854
           0.13          -0.072            -0.1               0               0               0      -0.5708596
           0.13          -0.068          -0.096     -0.56981967      0.01289838     0.019855344     -0.57503661
           0.13          -0.068            -0.1               0               0               0       -0.575725
           0.13          -0.064          -0.096     -0.46563111    -0.008199756     0.012013537     -0.57909111
           0.13          -0.064            -0.1               0               0               0     -0.57895944
           0.13           -0.06          -0.096     -0.39828579    -0.020996931   -0.0020818621     -0.58134549
           0.13           -0.06            -0.1               0               0               0     -0.58033121
           0.13          -0.056          -0.096     -0.35335144    -0.024336312     -0.01878425      -0.5808826
           0.13          -0.056            -0.1               0               0               0     -0.57890511
           0.13          -0.052          -0.096     -0.31671362    -0.020099889    -0.031713603     -0.57810291
           0.13          -0.052            -0.1               0               0               0     -0.57521372
           0.13          -0.048          -0.096     -0.28428264    -0.012411159    -0.037533312     -0.57436986
           0.13          -0.048            -0.1               0               0               0     -0.57098595
           0.13          -0.044          -0.096     -0.25683328   -0.0067763248    -0.034673903      -0.5707718
           0.13          -0.044            -0.1               0               0               0      -0.5675744
           0.13           -0.04          -0.096     -0.23543181   -0.0089933316    -0.023217031     -0.56775866
           0.13           -0.04            -0.1               0               0               0     -0.56538132
           0.13          -0.036          -0.096     -0.21930207    -0.025582296   -0.0063104267     -0.56547794
           0.13          -0.036            -0.1               0               0               0     -0.56426883
           0.13          -0.032          -0.096     -0.20380023    -0.059385429    0.0078070377      -0.5645984
           0.13          -0.032            -0.1               0               0               0     -0.56444018
           0.13          -0.028          -0.096     -0.17942737     -0.10198872     0.014104714      -0.5661115
           0.13          -0.028            -0.1               0               0               0     -0.56642893
           0.13          -0.024          -0.096      -0.1386561     -0.14067008     0.015601424     -0.56966158
           0.13          -0.024            -0.1               0               0               0     -0.56986132
           0.13           -0.02          -0.096    -0.082828453     -0.17030342     0.014979415     -0.57322259
           0.13           -0.02            -0.1               0               0               0     -0.57308328
           0.13          -0.016          -0.096    -0.017934811     -0.19021307     0.013093832     -0.57484266
           0.13          -0.016            -0.1               0               0               0     -0.57441647
           0.13          -0.012          -0.096      0.05146196     -0.19941099     0.011275741     -0.57350354
           0.13          -0.012            -0.1               0               0               0     -0.57291544
           0.13          -0.008          -0.096      0.12217473     -0.19771426     0.010484283     -0.56882078
           0.13          -0.008            -0.1               0               0               0     -0.56816657
           0.13          -0.004          -0.096      0.18902074     -0.18514453     0.010946675     -0.56143052
           0.13          -0.004            -0.1               0               0               0     -0.56075303
           0.13               0          -0.096      0.24364731     -0.16292536     0.012576009      -0.5528802
           0.13               0            -0.1               0               0               0     -0.55223254
           0.13           0.004          -0.096      0.27792434     -0.13426921      0.01533293     -0.54477804
           0.13           0.004            -0.1               0               0               0     -0.54418167
           0.13           0.008          -0.096      0.28742585     -0.10263215     0.018447697      -0.5383709
           0.13           0.008            -0.1               0               0               0     -0.53778418
           0.13           0.012          -0.096      0.27080661    -0.070618589     0.021157743     -0.53415835
           0.13           0.012            -0.1               0               0               0      -0.5335431
           0.13           0.016          -0.096      0.22413622    -0.035491012     0.022925082     -0.53211265
           0.13           0.016            -0.1               0               0               0     -0.53155181
           0.13            0.02          -0.096      0.12937606     0.014817206     0.023449914     -0.53220619
           0.13            0.02            -0.1               0               0               0      -0.5319703
           0.13           0.024          -0.096  -0.00037938383     0.077157329     0.023558703     -0.53394059
           0.13           0.024            -0.1               0               0               0     -0.53413742
           0.13           0.028          -0.096     -0.11525792      0.12714795     0.023683882     -0.53620254
           0.13           0.028            -0.1               0               0               0     -0.53659659
           0.13           0.032          -0.096     -0.19699258      0.15489071     0.022663575     -0.53827865
           0.13           0.032            -0.1               0               0               0     -0.53869489
           0.13           0.036          -0.096     -0.25426875       0.1671665      0.01979165     -0.54011324
           0.13           0.036            -0.1               0               0               0     -0.54054741
           0.13            0.04          -0.096     -0.29451136      0.17043971     0.015802361     -0.54179311
           0.13            0.04            -0.1               0               0               0     -0.54224278
           0.13           0.044          -0.096     -0.32318149      0.16927228     0.011620556     -0.54339909
           0.13           0.044            -0.1               0               0               0     -0.54384581
           0.13           0.048          -0.096     -0.34553692      0.16680795    0.0079858443     -0.54499664
           0.13           0.048            -0.1               0               0               0     -0.54540616
           0.13           0.052          -0.096     -0.36671093      0.16483709    0.0057213021     -0.54660819
           0.13           0.052            -0.1               0               0               0     -0.54695668
           0.13           0.056          -0.096     -0.39109244      0.16380941    0.0052478987     -0.54817433
           0.13           0.056            -0.1               0               0               0     -0.54847006
           0.13            0.06          -0.096     -0.42174185      0.16313684    0.0065466963     -0.54954285
           0.13            0.06            -0.1               0               0               0     -0.54982684
           0.13           0.064          -0.096     -0.46038019      0.16177012    0.0094216024     -0.55052722
           0.13           0.064            -0.1               0               0               0     -0.55085847
           0.13           0.068          -0.096     -0.50790416      0.15867571      0.01341681     -0.55098377
           0.13           0.068            -0.1               0               0               0     -0.55141672
           0.13           0.072          -0.096     -0.56447345      0.15301439     0.017934883      -0.5508606
           0.13           0.072            -0.1               0               0               0     -0.55141833
           0.13           0.076          -0.096     -0.62933503      0.14417734      0.02261643       -0.550212
           0.13           0.076            -0.1               0               0               0     -0.55088227
           0.13            0.08          -0.096     -0.70092414      0.13167933     0.027568944     -0.54911981
           0.13            0.08            -0.1               0               0               0     -0.54986452
           0.13           0.084          -0.096     -0.77682728      0.11483981     0.032932004      -0.5476813
           0.13           0.084            -0.1               0               0               0     -0.54842655
           0.13           0.088          -0.096     -0.85368349     0.093438153     0.038986774     -0.54591346
           0.13           0.088            -0.1               0               0               0     -0.54653983
           0.13           0.092          -0.096     -0.92383151     0.066212018     0.045081879     -0.54410029
           0.13           0.092            -0.1               0               0               0     -0.54455509
           0.13           0.096          -0.096     -0.94248189      0.03553016     0.049702957     -0.54195366
           0.13           0.096            -0.1               0               0               0     -0.54209491
           0.13             0.1            -0.1               0               0               0     -0.54054446
           0.13             0.1          -0.096               0               0               0     -0.54064116
           0.13          -0.096          -0.092     -0.91849699     0.046705469    -0.068882543     -0.54292629
           0.13            -0.1          -0.092               0               0               0     -0.54339902
           0.13          -0.092          -0.092     -0.98610972     0.077414466    -0.039675671       -0.544158
           0.13          -0.088          -0.092      -1.0148342     0.097443616    -0.011513575     -0.54739898
           0.13          -0.084          -0.092      -1.0131688      0.10571028     0.012938155     -0.55089759
           0.13           -0.08          -0.092     -0.97518171      0.10455234     0.029567953     -0.55534765
           0.13          -0.076          -0.092     -0.89718375     0.094343408      0.03623735     -0.56090772
           0.13          -0.072          -0.092     -0.78672054     0.077683638     0.034354047     -0.56713705
           0.13          -0.068          -0.092     -0.66457262     0.059809489     0.025890404     -0.57310774
           0.13          -0.064          -0.092     -0.55562785     0.046067835     0.010013143     -0.57818576
           0.13           -0.06          -0.092     -0.47142181      0.03875008    -0.013003109     -0.58166732
           0.13          -0.056          -0.092     -0.40568719     0.035962687    -0.036841392        -0.58279
           0.13          -0.052          -0.092      -0.3501316     0.034669666    -0.053890037     -0.58161788
           0.13          -0.048          -0.092     -0.30276886     0.032414738     -0.06035022     -0.57889409
           0.13          -0.044          -0.092     -0.26449445     0.026400927    -0.055306127     -0.57536549
           0.13           -0.04          -0.092     -0.23607085     0.014150184    -0.039647702     -0.57156657
           0.13          -0.036          -0.092     -0.21591513   -0.0070322515    -0.016081484     -0.56797586
           0.13          -0.032          -0.092     -0.19759589    -0.040058416    0.0082798051     -0.56568534
           0.13          -0.028          -0.092     -0.16872171     -0.08280656     0.023352126     -0.56624178
           0.13          -0.024          -0.092     -0.11930156     -0.12422103     0.025886277     -0.56962847
           0.13           -0.02          -0.092    -0.051858902     -0.15577806     0.021599347     -0.57355446
           0.13          -0.016          -0.092     0.024492624     -0.17684958     0.016704879     -0.57558838
           0.13          -0.012          -0.092      0.10419839     -0.18774787     0.013895481     -0.57446341
           0.13          -0.008          -0.092      0.18433315     -0.18818436     0.014008086     -0.56987355
           0.13          -0.004          -0.092      0.25888481     -0.17757106     0.016770674     -0.56262332
           0.13   3.6346636e-19          -0.092      0.31753218     -0.15707701     0.021216946     -0.55425648
           0.13           0.004          -0.092      0.35088433     -0.13000552     0.026696339     -0.54633457
           0.13           0.008          -0.092      0.35531978    -0.099764454     0.032438073     -0.54007005
           0.13           0.012          -0.092       0.3322055    -0.068978986     0.037311105     -0.53594258
           0.13           0.016          -0.092      0.28319736    -0.037898874     0.040292897     -0.53380602
           0.13            0.02          -0.092      0.19756248    0.0010721768       0.0411451     -0.53337139
           0.13           0.024          -0.092     0.077186584     0.052786176     0.041332977     -0.53428391
           0.13           0.028          -0.092    -0.046064758      0.10396118     0.041905192     -0.53599787
           0.13           0.032          -0.092     -0.14365543      0.13802724      0.04059024     -0.53782089
           0.13           0.036          -0.092     -0.21108047      0.15330505     0.035736807     -0.53943165
           0.13            0.04          -0.092     -0.25703745      0.15615079     0.028572425     -0.54095568
           0.13           0.044          -0.092     -0.28914889      0.15187909     0.020728954     -0.54252182
           0.13           0.048          -0.092     -0.31529974      0.14492863      0.01384496     -0.54419993
           0.13           0.052          -0.092      -0.3426991      0.13829415    0.0094157857     -0.54594854
           0.13           0.056          -0.092     -0.37657572      0.13313094    0.0084990983     -0.54761555
           0.13            0.06          -0.092      -0.4198068      0.12906414     0.011371677     -0.54899095
           0.13           0.064          -0.092     -0.47340412      0.12490315     0.017435031     -0.54988903
           0.13           0.068          -0.092     -0.53717923      0.11936185        0.025512     -0.55021442
           0.13           0.072          -0.092     -0.60987916      0.11155496     0.034375575     -0.54999234
           0.13           0.076          -0.092     -0.68911994      0.10106005     0.043202266     -0.54935222
           0.13            0.08          -0.092      -0.7715445     0.087855188     0.051628292     -0.54843972
           0.13           0.084          -0.092     -0.85314501      0.07220276     0.059492604     -0.54738809
           0.13           0.088          -0.092      -0.9293579     0.054864378     0.066994009     -0.54626378
           0.13           0.092          -0.092      -0.9918531     0.036455275     0.073776479     -0.54518134
           0.13           0.096          -0.092      -1.0007401     0.018825616      0.08006576     -0.54395521
           0.13             0.1          -0.092               0               0               0     -0.54323041
           0.13          -0.096          -0.088     -0.84937307     0.039953719    -0.096216317     -0.54491268
           0.13            -0.1          -0.088               0               0               0     -0.54553786
           0.13          -0.092          -0.088     -0.92386296     0.069585626    -0.058607062     -0.54538684
           0.13          -0.088          -0.088     -0.96119073     0.091549849    -0.022986136     -0.54750935
           0.13          -0.084          -0.088     -0.97132726      0.10494819    0.0071619635     -0.55003676
           0.13           -0.08          -0.088     -0.95051465      0.11158558     0.028251882     -0.55356617
           0.13          -0.076          -0.088     -0.89577439      0.11149224       0.0378899     -0.55825048
           0.13          -0.072          -0.088     -0.81086636      0.10593411     0.035830782     -0.56391495
           0.13          -0.068          -0.088     -0.70859307      0.09801412     0.022861384     -0.56988351
           0.13          -0.064          -0.088     -0.60618411     0.091482076  -7.9200327e-05      -0.5753776
           0.13           -0.06          -0.088     -0.51420656     0.087135917    -0.028794142      -0.5795767
           0.13          -0.056          -0.088     -0.43394299      0.08300992    -0.055450033     -0.58176455
           0.13          -0.052          -0.088     -0.36425646     0.077208259    -0.073253879      -0.5817796
           0.13          -0.048          -0.088     -0.30538578     0.068111698    -0.078670352     -0.58006418
           0.13          -0.044          -0.088     -0.25877085      0.05440868     -0.07090421     -0.57726279
           0.13           -0.04          -0.088      -0.2251187     0.035361727    -0.051239213     -0.57394036
           0.13          -0.036          -0.088     -0.20242226     0.010481409    -0.022734196     -0.57056991
           0.13          -0.032          -0.088     -0.18394721    -0.021127462    0.0077769856     -0.56802392
           0.13          -0.028          -0.088     -0.15679454    -0.059385876     0.028465082     -0.56779708
           0.13          -0.024          -0.088     -0.10736455    -0.099183211     0.031642233     -0.57043444
           0.13           -0.02          -0.088    -0.034672251     -0.13318642     0.023206388     -0.57410996
           0.13          -0.016          -0.088     0.050073571     -0.15758489     0.014332232     -0.57616617
           0.13          -0.012          -0.088      0.13813022      -0.1717062     0.010478453     -0.57503061
           0.13          -0.008          -0.088      0.22504268     -0.17516914     0.012329842     -0.57049655
           0.13          -0.004          -0.088      0.30309521     -0.16725762     0.018386064     -0.56354253
           0.13   3.6346636e-19          -0.088      0.36090955     -0.14936753     0.026351379     -0.55567023
           0.13           0.004          -0.088      0.38986236      -0.1247785     0.034719722     -0.54827022
           0.13           0.008          -0.088      0.38864567    -0.096636222     0.042446012      -0.5423685
           0.13           0.012          -0.088      0.36075378    -0.067485149     0.048482514     -0.53840411
           0.13           0.016          -0.088      0.30934025    -0.038614548     0.052115581       -0.536242
           0.13            0.02          -0.088      0.22719106   -0.0053119623     0.053736105     -0.53547729
           0.13           0.024          -0.088      0.11687151     0.036956399     0.054999372     -0.53570422
           0.13           0.028          -0.088  -0.00088286599     0.081988356     0.056468419      -0.5367074
           0.13           0.032          -0.088     -0.10074041      0.11530273     0.055175844     -0.53799966
           0.13           0.036          -0.088     -0.17084914      0.13027181     0.049128805     -0.53919558
           0.13            0.04          -0.088     -0.21870227      0.13146024     0.039745864     -0.54047973
           0.13           0.044          -0.088     -0.25328099      0.12436141     0.029061888      -0.5419928
           0.13           0.048          -0.088     -0.28421926      0.11423764     0.019422063     -0.54371904
           0.13           0.052          -0.088     -0.31943426      0.10470002     0.013152785     -0.54549073
           0.13           0.056          -0.088      -0.3636783     0.097086375     0.011977348     -0.54707921
           0.13            0.06          -0.088      -0.4188698     0.090962608     0.016441701     -0.54829147
           0.13           0.064          -0.088     -0.48502261     0.085006044     0.025681659     -0.54901727
           0.13           0.068          -0.088     -0.56084125     0.077852757     0.037781963     -0.54925333
           0.13           0.072          -0.088     -0.64381242     0.068716951     0.050596893     -0.54910839
           0.13           0.076          -0.088     -0.73026197     0.057534157     0.062533699     -0.54877457
           0.13            0.08          -0.088     -0.81577618     0.044795197     0.072743206     -0.54843865
           0.13           0.084          -0.088     -0.89586931     0.031432961      0.08080584     -0.54818463
           0.13           0.088          -0.088     -0.96607711     0.018669914     0.086925458     -0.54806866
           0.13           0.092          -0.088      -1.0186743    0.0080524832     0.091281707     -0.54801709
           0.13           0.096          -0.088      -1.0185146    0.0013268002     0.095979811     -0.54792386
           0.13             0.1          -0.088               0               0               0     -0.54787082
           0.13          -0.096          -0.084     -0.77364725      0.03379291     -0.11742316     -0.54684224
           0.13            -0.1          -0.084               0               0               0     -0.54757898
           0.13          -0.092          -0.084     -0.84828611     0.061561297    -0.076034826     -0.54664973
           0.13          -0.088          -0.084     -0.89064855     0.084512628    -0.036117672     -0.54770355
           0.13          -0.084          -0.084     -0.90951639      0.10139659   -0.0027884227     -0.54914343
           0.13           -0.08          -0.084     -0.90154101      0.11351261     0.020571789     -0.55155013
           0.13          -0.076          -0.084     -0.86388611      0.12080608     0.031625721     -0.55516966
           0.13          -0.072          -0.084     -0.79865135      0.12390088      0.02923494     -0.56001743
           0.13          -0.068          -0.084     -0.71356526      0.12426181     0.013617377     -0.56568359
           0.13          -0.064          -0.084     -0.61972707      0.12346251      -0.0127488     -0.57142026
           0.13           -0.06          -0.084     -0.52618618       0.1214538    -0.043614896     -0.57622925
           0.13          -0.056          -0.084     -0.43809871      0.11690308     -0.07070357     -0.57927251
           0.13          -0.052          -0.084     -0.35886394      0.10832707    -0.087483617     -0.58032061
           0.13          -0.048          -0.084     -0.29166824     0.094465377    -0.090692055     -0.57967772
           0.13          -0.044          -0.084     -0.23919948     0.074846756    -0.079941913     -0.57790356
           0.13           -0.04          -0.084     -0.20232566      0.04989312    -0.057019413     -0.57552884
           0.13          -0.036          -0.084     -0.17861891     0.020536261    -0.025519301     -0.57293387
           0.13          -0.032          -0.084     -0.16085566    -0.012353959    0.0076767884     -0.57070912
           0.13          -0.028          -0.084     -0.13642723      -0.0477236     0.030750549     -0.57004011
           0.13          -0.024          -0.084    -0.090720928    -0.083433284     0.034663005      -0.5717583
           0.13           -0.02          -0.084    -0.018575154     -0.11610609     0.024357147      -0.5747051
           0.13          -0.016          -0.084      0.07016941     -0.14178976     0.013038355     -0.57636296
           0.13          -0.012          -0.084      0.16363007      -0.1580634    0.0087043838     -0.57501086
           0.13          -0.008          -0.084       0.2539381     -0.16362684     0.012120156     -0.57054595
           0.13          -0.004          -0.084      0.33135326      -0.1576791     0.020453527     -0.56402404
           0.13   3.6346636e-19          -0.084      0.38482279     -0.14183048     0.030356341     -0.55679658
           0.13           0.004          -0.084      0.40779224     -0.11924719     0.039996775     -0.55003388
           0.13           0.008          -0.084      0.40119347    -0.092880637     0.048515532     -0.54457996
           0.13           0.012          -0.084      0.36977068    -0.065353813     0.055167527      -0.5408431
           0.13           0.016          -0.084      0.31673301    -0.038373235     0.059489702     -0.53872436
           0.13            0.02          -0.084      0.23589896   -0.0086328429     0.062110207     -0.53774255
           0.13           0.024          -0.084      0.13172188      0.02717954       0.0643505      -0.5374641
           0.13           0.028          -0.084     0.022422908     0.065257753     0.066223345     -0.53783867
           0.13           0.032          -0.084    -0.071752201     0.094560312     0.064935566     -0.53861277
           0.13           0.036          -0.084     -0.13923265      0.10779706     0.058543804     -0.53950191
           0.13            0.04          -0.084     -0.18609715      0.10761059     0.048149634     -0.54066106
           0.13           0.044          -0.084     -0.22212393     0.099178732     0.035888968     -0.54213327
           0.13           0.048          -0.084     -0.25749616     0.087678156      0.02463522     -0.54375241
           0.13           0.052          -0.084     -0.29984332     0.076615968     0.017358495     -0.54526175
           0.13           0.056          -0.084     -0.35316499     0.067371822     0.016339512     -0.54647017
           0.13            0.06          -0.084     -0.41840406     0.059649547     0.022443952     -0.54731123
           0.13           0.064          -0.084     -0.49438665     0.052191217     0.034643948      -0.5477927
           0.13           0.068          -0.084     -0.57853801     0.043645706     0.050252946     -0.54798558
           0.13           0.072          -0.084     -0.66719963     0.033363784     0.066052615     -0.54804309
           0.13           0.076          -0.084     -0.75580981     0.021639597     0.079621906     -0.54818425
           0.13            0.08          -0.084     -0.83931847    0.0093664463     0.089694864      -0.5486086
           0.13           0.084          -0.084      -0.9131814   -0.0021354187     0.095761664     -0.54928944
           0.13           0.088          -0.084     -0.97350705    -0.011436569     0.098061294     -0.55016456
           0.13           0.092          -0.084      -1.0130917    -0.016108473     0.097040466     -0.55096354
           0.13           0.096          -0.084      -1.0026227    -0.014382053     0.095116379     -0.55183854
           0.13             0.1          -0.084               0               0               0     -0.55241094
           0.13          -0.096           -0.08     -0.69859702     0.028402568     -0.13398422     -0.54841869
           0.13            -0.1           -0.08               0               0               0     -0.54915455
           0.13          -0.092           -0.08     -0.76743623     0.053478287    -0.091609991     -0.54782268
           0.13          -0.088           -0.08      -0.8108035     0.075999703    -0.049568477     -0.54803188
           0.13          -0.084           -0.08      -0.8349611     0.094575252    -0.014581935     -0.54849071
           0.13           -0.08           -0.08     -0.83600518      0.11011794    0.0098198762     -0.54978661
           0.13          -0.076           -0.08     -0.81054192       0.1223505     0.021304415     -0.55230316
           0.13          -0.072           -0.08     -0.75932432      0.13133672     0.018478915     -0.55625479
           0.13          -0.068           -0.08     -0.68705671      0.13744229    0.0015601899     -0.56142628
           0.13          -0.064           -0.08     -0.60088074      0.14096762    -0.026055179     -0.56704173
           0.13           -0.06           -0.08     -0.50812458      0.14147623    -0.057191465     -0.57210781
           0.13          -0.056           -0.08     -0.41570737      0.13762653    -0.083246885     -0.57593767
           0.13          -0.052           -0.08     -0.33045709      0.12762706    -0.097703795      -0.5781808
           0.13          -0.048           -0.08     -0.25823176      0.11029979     -0.09774047     -0.57880622
           0.13          -0.044           -0.08     -0.20286143     0.085851612     -0.08363456      -0.5781855
           0.13           -0.04           -0.08     -0.16523212     0.055700392    -0.057823457     -0.57679241
           0.13          -0.036           -0.08     -0.14231029     0.021890898    -0.024515361     -0.57494987
           0.13          -0.032           -0.08     -0.12615566    -0.013119096    0.0089786255     -0.57309967
           0.13          -0.028           -0.08     -0.10437967    -0.046836813     0.031574938     -0.57217619
           0.13          -0.024           -0.08    -0.062973616     -0.07829251       0.0354373     -0.57301674
           0.13           -0.02           -0.08    0.0048802817     -0.10713147     0.025162983      -0.5749522
           0.13          -0.016           -0.08     0.091853029      -0.1310966     0.013569755     -0.57588511
           0.13          -0.012           -0.08      0.18539504     -0.14725058    0.0095489139     -0.57417466
           0.13          -0.008           -0.08      0.27468354     -0.15318342     0.014079486     -0.56980267
           0.13          -0.004           -0.08      0.34837136     -0.14794026     0.023561181     -0.56381185
           0.13   3.6346636e-19           -0.08      0.39615159     -0.13330685     0.034139864     -0.55733026
           0.13           0.004           -0.08      0.41323541      -0.1122996     0.043966893     -0.55127942
           0.13           0.008           -0.08       0.4019694    -0.087655862     0.052497455      -0.5463356
           0.13           0.012           -0.08      0.36757651    -0.061960697     0.059334246     -0.54289612
           0.13           0.016           -0.08      0.31276115     -0.03681302     0.064214762     -0.54088652
           0.13            0.02           -0.08      0.23246902   -0.0095615588     0.067686856     -0.53975912
           0.13           0.024           -0.08      0.13431022     0.021743163     0.070413441     -0.53912487
           0.13           0.028           -0.08     0.036657181     0.053808451     0.071917407     -0.53905731
           0.13           0.032           -0.08    -0.046452139     0.078920717     0.070222144     -0.53951949
           0.13           0.036           -0.08     -0.10728748     0.090973958     0.063961853     -0.54032904
           0.13            0.04           -0.08     -0.15101459      0.09096057     0.053787806     -0.54147633
           0.13           0.044           -0.08     -0.18737388     0.082919602     0.041578953     -0.54284075
           0.13           0.048           -0.08     -0.22614589     0.071193154     0.030282821     -0.54414626
           0.13           0.052           -0.08     -0.27440624      0.05906771     0.023126023     -0.54515341
           0.13           0.056           -0.08      -0.3355744     0.048256884     0.022757741     -0.54581831
           0.13            0.06           -0.08     -0.40954213     0.038930625     0.030416437     -0.54626985
           0.13           0.064           -0.08     -0.49349192      0.03009886     0.045117338     -0.54664057
           0.13           0.068           -0.08     -0.58316828     0.020445101     0.063555936     -0.54699439
           0.13           0.072           -0.08     -0.67387406    0.0093115061     0.081347669     -0.54743759
           0.13           0.076           -0.08     -0.76052379   -0.0028302868     0.095116797     -0.54823435
           0.13            0.08           -0.08     -0.83795041    -0.014825845      0.10336492     -0.54958427
           0.13           0.084           -0.08     -0.90193912    -0.025110057      0.10575566     -0.55129849
           0.13           0.088           -0.08     -0.94867937    -0.031940898      0.10247348     -0.55317551
           0.13           0.092           -0.08     -0.97054475     -0.03206505     0.093758606     -0.55477497
           0.13           0.096           -0.08     -0.94218283    -0.024156657      0.08089331     -0.55643464
           0.13             0.1           -0.08               0               0               0     -0.55747646
           0.13          -0.096          -0.076     -0.62769302     0.023399054     -0.14617614     -0.54968824
           0.13            -0.1          -0.076               0               0               0     -0.55035259
           0.13          -0.092          -0.076     -0.68581676     0.045004196     -0.10463829     -0.54890225
           0.13          -0.088          -0.076     -0.72593767      0.06562866    -0.062173554       -0.548509
           0.13          -0.084          -0.076     -0.75156074     0.084103056    -0.026822092     -0.54817856
           0.13           -0.08          -0.076     -0.75789251      0.10116055    -0.002293852      -0.5484926
           0.13          -0.076          -0.076     -0.74080264      0.11622135    0.0091103521     -0.55003345
           0.13          -0.072          -0.076     -0.69950204      0.12866438    0.0060291637     -0.55318505
           0.13          -0.068          -0.076     -0.63636975      0.13830673    -0.011143249     -0.55764057
           0.13          -0.064          -0.076     -0.55533243      0.14510103    -0.038690278     -0.56264453
           0.13           -0.06          -0.076     -0.46230366      0.14815007    -0.069065606     -0.56761846
           0.13          -0.056          -0.076      -0.3662725      0.14542196    -0.093173303     -0.57220823
           0.13          -0.052          -0.076     -0.27729391      0.13458758     -0.10444798     -0.57583688
           0.13          -0.048          -0.076     -0.20303104      0.11453198     -0.10068754     -0.57794533
           0.13          -0.044          -0.076     -0.14757768     0.086138157     -0.08301153     -0.57857162
           0.13           -0.04          -0.076     -0.11130596      0.05174984    -0.054634634     -0.57812529
           0.13          -0.036          -0.076    -0.090357408     0.014390693     -0.02048902     -0.57690394
           0.13          -0.032          -0.076    -0.076161256    -0.021892746     0.011456626     -0.57529444
           0.13          -0.028          -0.076    -0.056611821    -0.053699162     0.031496465     -0.57410302
           0.13          -0.024          -0.076    -0.019201837    -0.080965283     0.034525778     -0.57407209
           0.13           -0.02          -0.076     0.041746396      -0.1048379     0.025347838     -0.57482838
           0.13          -0.016          -0.076      0.12077332     -0.12478174     0.015163627     -0.57480751
           0.13          -0.012          -0.076       0.2073453     -0.13846686     0.012169089      -0.5726513
           0.13          -0.008          -0.076      0.29037747     -0.14297322     0.017384524     -0.56838676
           0.13          -0.004          -0.076      0.35807825     -0.13725398     0.027189106     -0.56293994
           0.13               0          -0.076      0.40026443     -0.12308778     0.037725047     -0.55721343
           0.13           0.004          -0.076      0.41262618     -0.10325014     0.047243292     -0.55190895
           0.13           0.008          -0.076      0.39778993    -0.080251367     0.055446669     -0.54756057
           0.13           0.012          -0.076      0.36084083    -0.056432202      0.06218471     -0.54452769
           0.13           0.016          -0.076      0.30438508    -0.032958634     0.067273473     -0.54269626
           0.13            0.02          -0.076      0.22659197    -0.007697465     0.070977934     -0.54148699
           0.13           0.024          -0.076      0.13872645     0.020111641      0.07330547     -0.54061025
           0.13           0.028          -0.076     0.057120851     0.047637969     0.073644824     -0.54025003
           0.13           0.032          -0.076    -0.011506098     0.070024706     0.071162747     -0.54054677
           0.13           0.036          -0.076    -0.063712444     0.082543102     0.065333698     -0.54138631
           0.13            0.04          -0.076     -0.10372012     0.084587641     0.056533852     -0.54255801
           0.13           0.044          -0.076     -0.14016157     0.078429105     0.046136611     -0.54378259
           0.13           0.048          -0.076     -0.18174331     0.067336959     0.036606403     -0.54474242
           0.13           0.052          -0.076     -0.23492558     0.054452657     0.030906793      -0.5452642
           0.13           0.056          -0.076     -0.30290367     0.041979741     0.031742474     -0.54546352
           0.13            0.06          -0.076     -0.38489938     0.030810906     0.040691061     -0.54566642
           0.13           0.064          -0.076     -0.47608249     0.020565802     0.057005855     -0.54615152
           0.13           0.068          -0.076     -0.56951369     0.010144791     0.077069002      -0.5469736
           0.13           0.072          -0.076     -0.65916215   -0.0013118345     0.095631703     -0.54803521
           0.13           0.076          -0.076     -0.74039962    -0.013603627      0.10842075     -0.54952717
           0.13            0.08          -0.076     -0.80883988    -0.025532741      0.11364909     -0.55174507
           0.13           0.084          -0.076     -0.86033401    -0.035284187      0.11107881     -0.55443677
           0.13           0.088          -0.076     -0.89006115    -0.040667927      0.10063737     -0.55726294
           0.13           0.092          -0.076     -0.88923699     -0.03795977      0.08233509      -0.5596618
           0.13           0.096          -0.076      -0.8342371    -0.026493877     0.056483528      -0.5618896
           0.13             0.1          -0.076               0               0               0      -0.5631549
           0.13          -0.096          -0.072     -0.56335534     0.018715343     -0.15482952     -0.55055846
           0.13            -0.1          -0.072               0               0               0     -0.55111116
           0.13          -0.092          -0.072      -0.6073818     0.036225055     -0.11500132     -0.54976013
           0.13          -0.088          -0.072     -0.64035845     0.053658523    -0.073145234      -0.5490431
           0.13          -0.084          -0.072     -0.66367191     0.070314032    -0.038308462     -0.54819681
           0.13           -0.08          -0.072     -0.67143954     0.086872221     -0.01426456       -0.547807
           0.13          -0.076          -0.072       -0.659074      0.10255596   -0.0031315303     -0.54858825
           0.13          -0.072          -0.072     -0.62424443      0.11643105   -0.0061315912      -0.5508642
           0.13          -0.068          -0.072     -0.56621172      0.12831924    -0.022985778     -0.55422909
           0.13          -0.064          -0.072     -0.48605035      0.13793147    -0.049988047     -0.55836388
           0.13           -0.06          -0.072     -0.39006362      0.14333945    -0.079157461     -0.56324684
           0.13          -0.056          -0.072     -0.29046903      0.14132694     -0.10087305     -0.56861131
           0.13          -0.052          -0.072     -0.19975719      0.12940908     -0.10853614     -0.57361369
           0.13          -0.048          -0.072     -0.12589409      0.10699966     -0.10074907     -0.57726306
           0.13          -0.044          -0.072    -0.072046995     0.075562162    -0.079720583     -0.57919049
           0.13           -0.04          -0.072    -0.037487185     0.038228731    -0.049429513     -0.57966043
           0.13          -0.036          -0.072    -0.017607413  -0.00079997391    -0.015717994     -0.57893646
           0.13          -0.032          -0.072   -0.0037364049    -0.036149074     0.013001182      -0.5774373
           0.13          -0.028          -0.072     0.015337923     -0.06449154     0.029230245     -0.57593322
           0.13          -0.024          -0.072     0.049512423    -0.086625514     0.031016504     -0.57504779
           0.13           -0.02          -0.072      0.10172136     -0.10461976     0.023397269     -0.57459753
           0.13          -0.016          -0.072      0.16721981     -0.11937331      0.01553991       -0.573476
           0.13          -0.012          -0.072      0.23874372     -0.12927047      0.01414404     -0.57074006
           0.13          -0.008          -0.072      0.30846541     -0.13136273     0.020090813     -0.56650893
           0.13          -0.004          -0.072      0.36653664     -0.12452186     0.030138757     -0.56154875
           0.13               0          -0.072      0.40276927     -0.11034578     0.040657683     -0.55655922
           0.13           0.004          -0.072      0.41175648    -0.091390931     0.049931798      -0.5520439
           0.13           0.008          -0.072      0.39489432    -0.069925733     0.057734261     -0.54838821
           0.13           0.012          -0.072      0.35673379    -0.047892093     0.064015825     -0.54584356
           0.13           0.016          -0.072       0.3010193    -0.025991913     0.068555302     -0.54422325
           0.13            0.02          -0.072      0.23130969     -0.00261983     0.071298353     -0.54299394
           0.13           0.024          -0.072      0.16022877     0.022357268     0.072084158     -0.54198713
           0.13           0.028          -0.072     0.098384703     0.046947598     0.070743946     -0.54143288
           0.13           0.032          -0.072     0.046127284     0.068299607     0.067520858     -0.54153169
           0.13           0.036          -0.072    0.0031144604     0.082744234     0.062638927     -0.54226004
           0.13            0.04          -0.072    -0.034001037     0.088402876     0.056297815     -0.54336709
           0.13           0.044          -0.072    -0.071553411      0.08564215      0.04924959     -0.54450656
           0.13           0.048          -0.072     -0.11647903     0.076455943     0.043164628     -0.54535123
           0.13           0.052          -0.072     -0.17448278     0.063588972     0.040362891     -0.54573168
           0.13           0.056          -0.072     -0.24866953      0.04969588     0.043222291     -0.54579739
           0.13            0.06          -0.072     -0.33805484     0.036626895     0.053323914      -0.5459784
           0.13           0.064          -0.072     -0.43624442     0.024929108     0.070128506     -0.54671248
           0.13           0.068          -0.072     -0.53332631     0.013901407     0.090149604     -0.54818388
           0.13           0.072          -0.072     -0.62103068    0.0025625787       0.1080257     -0.55013087
           0.13           0.076          -0.072     -0.69545692   -0.0094962881      0.11905638     -0.55240063
           0.13            0.08          -0.072     -0.75375759     -0.02151476       0.1208262     -0.55530815
           0.13           0.084          -0.072     -0.79142497    -0.031631485      0.11265558     -0.55876802
           0.13           0.088          -0.072     -0.80249387    -0.037449557     0.094223588     -0.56228562
           0.13           0.092          -0.072     -0.77833952    -0.035288091     0.065920698     -0.56516991
           0.13           0.096          -0.072     -0.69891675    -0.024261783     0.028725613      -0.5674589
           0.13             0.1          -0.072               0               0               0     -0.56858475
           0.13          -0.096          -0.068      -0.5072729     0.014284662      -0.1604567     -0.55096447
           0.13            -0.1          -0.068               0               0               0     -0.55139104
           0.13          -0.092          -0.068     -0.53551647     0.027406928     -0.12272848      -0.5502645
           0.13          -0.088          -0.068     -0.55836567     0.040754304     -0.08200754     -0.54945362
           0.13          -0.084          -0.068      -0.5760042     0.054197602    -0.048162736     -0.54835729
           0.13           -0.08          -0.068     -0.58151888     0.068435026    -0.024908048     -0.54752156
           0.13          -0.076          -0.068     -0.56980879     0.082855226    -0.014084173      -0.5476246
           0.13          -0.072          -0.068     -0.53660329     0.096830772    -0.016970973     -0.54889084
           0.13          -0.068          -0.068     -0.47789404      0.11028661    -0.033647746     -0.55116331
           0.13          -0.064          -0.068     -0.39380465      0.12227926    -0.060196215     -0.55469283
           0.13           -0.06          -0.068     -0.29316511      0.12940583    -0.087924352     -0.55971792
           0.13          -0.056          -0.068     -0.19114129      0.12719534     -0.10694525     -0.56582346
           0.13          -0.052          -0.068     -0.10069606      0.11341531     -0.11102405     -0.57191783
           0.13          -0.048          -0.068    -0.028293562     0.088652434    -0.099587673     -0.57678064
           0.13          -0.044          -0.068     0.024562069      0.05515751     -0.07591855     -0.57979385
           0.13           -0.04          -0.068     0.059948831       0.0167313    -0.044925148     -0.58104928
           0.13          -0.036          -0.068     0.082987267    -0.020974014    -0.013580954     -0.58079321
           0.13          -0.032          -0.068      0.10154435    -0.052268806     0.010263752     -0.57939393
           0.13          -0.028          -0.068      0.12505052    -0.074890373      0.02196924     -0.57756737
           0.13          -0.024          -0.068      0.15977534    -0.090137597     0.022094643     -0.57593801
           0.13           -0.02          -0.068       0.2045896     -0.10090513        0.015946      -0.5744369
           0.13          -0.016          -0.068      0.25325569     -0.10938936     0.010801651     -0.57225944
           0.13          -0.012          -0.068      0.30109961     -0.11489947     0.011715699     -0.56882411
           0.13          -0.008          -0.068      0.34663196     -0.11472225     0.019257077     -0.56442937
           0.13          -0.004          -0.068      0.38639441     -0.10722875     0.030463404     -0.55979959
           0.13   3.6346636e-19          -0.068      0.41260694    -0.093381831     0.041815727     -0.55548448
           0.13           0.004          -0.068      0.41799623    -0.075521359     0.051439159     -0.55178507
           0.13           0.008          -0.068      0.40092475    -0.055800944     0.059002074     -0.54889791
           0.13           0.012          -0.068      0.36480918     -0.03570912     0.064420765     -0.54688963
           0.13           0.016          -0.068      0.31531023    -0.015356776     0.067372411     -0.54549817
           0.13            0.02          -0.068      0.26136181    0.0063436245     0.067667272     -0.54430558
           0.13           0.024          -0.068      0.21357331     0.029473731     0.065539424     -0.54324871
           0.13           0.028          -0.068      0.17470225     0.052821007     0.061787285     -0.54258612
           0.13           0.032          -0.068      0.14046085     0.074242202     0.057633496       -0.542523
           0.13           0.036          -0.068      0.10697079     0.090879769     0.053981995     -0.54307347
           0.13            0.04          -0.068      0.07096584       0.1004489     0.050998882     -0.54405665
           0.13           0.044          -0.068     0.029079576      0.10195434      0.04876259     -0.54520308
           0.13           0.048          -0.068    -0.022508109     0.095963384      0.04795202     -0.54622412
           0.13           0.052          -0.068    -0.087594518     0.084443554     0.049830918     -0.54687128
           0.13           0.056          -0.068     -0.16865929     0.070186464     0.055951103     -0.54716879
           0.13            0.06          -0.068      -0.2648293     0.055852882     0.067463474     -0.54752735
           0.13           0.064          -0.068     -0.36952523     0.042961642     0.083956597     -0.54851029
           0.13           0.068          -0.068     -0.47131195     0.031387778      0.10251647      -0.5504906
           0.13           0.072          -0.068     -0.55928456      0.02026165      0.11832904     -0.55331077
           0.13           0.076          -0.068     -0.62866501    0.0086943047      0.12688237     -0.55652231
           0.13            0.08          -0.068     -0.67807995   -0.0033548726      0.12525164     -0.56005704
           0.13           0.084          -0.068     -0.70366374    -0.014579511      0.11190499     -0.56392032
           0.13           0.088          -0.068     -0.69933227    -0.022969867     0.086259982     -0.56765612
           0.13           0.092          -0.068     -0.65860775    -0.025521505     0.049477705     -0.57053335
           0.13           0.096          -0.068     -0.57033385     -0.01947111    0.0045356255     -0.57222289
           0.13             0.1          -0.068               0               0               0     -0.57278445
           0.13          -0.096          -0.064     -0.46025622     0.010323402     -0.16362476     -0.55085419
           0.13            -0.1          -0.064               0               0               0     -0.55117436
           0.13          -0.092          -0.064     -0.47264848     0.019230232     -0.12816469      -0.5502873
           0.13          -0.088          -0.064     -0.48358454     0.028284371      -0.0887238     -0.54954741
           0.13          -0.084          -0.064     -0.49293211     0.037853863    -0.055967037     -0.54844532
           0.13           -0.08          -0.064     -0.49282774     0.048805776    -0.033588169     -0.54738074
           0.13          -0.076          -0.064     -0.47714799     0.061021151    -0.023293559     -0.54693033
           0.13          -0.072          -0.064     -0.43979196     0.074393146    -0.026546665     -0.54738805
           0.13          -0.068          -0.064     -0.37512936     0.088771335    -0.043591984     -0.54893681
           0.13          -0.064          -0.064     -0.28424679      0.10213289       -0.069982     -0.55213835
           0.13           -0.06          -0.064     -0.17880693      0.10948522    -0.096175339     -0.55732485
           0.13          -0.056          -0.064    -0.075252709      0.10568655     -0.11225221     -0.56395634
           0.13          -0.052          -0.064     0.014654964     0.089163821     -0.11296433     -0.57068981
           0.13          -0.048          -0.064     0.086937189     0.061894139    -0.098655233     -0.57615811
           0.13          -0.044          -0.064        0.142587     0.027294051    -0.073591464     -0.57979752
           0.13           -0.04          -0.064      0.18508811   -0.0096158676    -0.044285997     -0.58168166
           0.13          -0.036          -0.064      0.21993737    -0.042453513    -0.018254737     -0.58202238
           0.13          -0.032          -0.064      0.25372117     -0.06677097   -0.0013319485      -0.5810177
           0.13          -0.028          -0.064      0.29260345    -0.081450567    0.0045675319     -0.57914008
           0.13          -0.024          -0.064      0.33764768     -0.08789852    0.0017618811     -0.57696776
           0.13           -0.02          -0.064      0.38174856    -0.089433475   -0.0039119149     -0.57452716
           0.13          -0.016          -0.064      0.41511774    -0.089468668   -0.0063417704     -0.57134619
           0.13          -0.012          -0.064       0.4335472    -0.089122475   -0.0019025504      -0.5671973
           0.13          -0.008          -0.064      0.44128794    -0.086856116    0.0094232203     -0.56251559
           0.13          -0.004          -0.064      0.44607718     -0.08021747      0.02424549     -0.55803492
           0.13  -3.6346636e-19          -0.064      0.44933199    -0.068409454     0.038565695     -0.55423796
           0.13           0.004          -0.064      0.44482825    -0.052916506     0.050099274      -0.5512685
           0.13           0.008          -0.064      0.42732521    -0.035758708     0.058146455     -0.54913343
           0.13           0.012          -0.064      0.39783087    -0.017919748     0.062388755     -0.54766368
           0.13           0.016          -0.064      0.36393735    0.0009082652     0.062478615     -0.54648012
           0.13            0.02          -0.064      0.33586982     0.021385088     0.058661336     -0.54526619
           0.13           0.024          -0.064       0.3175075       0.0436769     0.052326496     -0.54408115
           0.13           0.028          -0.064      0.30312682     0.066672765     0.045745267     -0.54331329
           0.13           0.032          -0.064      0.28453283      0.08798266     0.040815582     -0.54328549
           0.13           0.036          -0.064      0.25639288      0.10515197     0.038315433     -0.54397764
           0.13            0.04          -0.064      0.21657367      0.11652078     0.038385651     -0.54515596
           0.13           0.044          -0.064      0.16484107      0.12109313     0.041101447     -0.54662523
           0.13           0.048          -0.064      0.10105635       0.1184791     0.046500837     -0.54814156
           0.13           0.052          -0.064     0.024448303       0.1095479     0.054577026     -0.54934217
           0.13           0.056          -0.064    -0.065826681     0.096619351     0.065518392      -0.5501004
           0.13            0.06          -0.064     -0.16876339     0.082560207     0.079524802     -0.55076078
           0.13           0.064          -0.064     -0.27882231     0.069511442     0.096056292     -0.55192106
           0.13           0.068          -0.064      -0.3852893      0.05800821      0.11285315     -0.55406251
           0.13           0.072          -0.064      -0.4760902     0.047393221      0.12598998     -0.55726494
           0.13           0.076          -0.064     -0.54453672     0.036552804      0.13166112     -0.56114388
           0.13            0.08          -0.064     -0.58933527     0.024853584      0.12699548     -0.56518531
           0.13           0.084          -0.064     -0.60823683     0.012735046      0.10995908     -0.56913727
           0.13           0.088          -0.064     -0.59707537    0.0012977862      0.07972572     -0.57263726
           0.13           0.092          -0.064     -0.55257259   -0.0079964754     0.037257826     -0.57514852
           0.13           0.096          -0.064     -0.47177439    -0.010404275    -0.013570313     -0.57590678
           0.13             0.1          -0.064               0               0               0     -0.57570582
           0.13          -0.096           -0.06     -0.42211952    0.0072315569     -0.16502158     -0.55026553
           0.13            -0.1           -0.06               0               0               0     -0.55052704
           0.13          -0.092           -0.06     -0.42001053     0.012762033     -0.13200901     -0.54979411
           0.13          -0.088           -0.06     -0.41847863     0.018173059    -0.093859804     -0.54920777
           0.13          -0.084           -0.06     -0.41793181     0.024230357    -0.062131646      -0.5482984
           0.13           -0.08           -0.06     -0.40963493     0.032087784    -0.040709278      -0.5472647
           0.13          -0.076           -0.06     -0.38625919     0.042101428    -0.031369476     -0.54658417
           0.13          -0.072           -0.06      -0.3408354     0.054494353    -0.035604995     -0.54662879
           0.13          -0.068           -0.06     -0.26772003      0.06884588    -0.053499836     -0.54777979
           0.13          -0.064           -0.06     -0.16918437      0.08179754    -0.079900443     -0.55072757
           0.13           -0.06           -0.06    -0.058537722     0.087063316     -0.10440456     -0.55584863
           0.13          -0.056           -0.06      0.04785158     0.079824999     -0.11736646     -0.56253361
           0.13          -0.052           -0.06      0.13998563      0.05984097     -0.11486632     -0.56923007
           0.13          -0.048           -0.06        0.216835      0.03023683    -0.098595294     -0.57466814
           0.13          -0.044           -0.06      0.28205078     -0.00412902    -0.074448294     -0.57853541
           0.13           -0.04           -0.06      0.34064619     -0.03697344     -0.05025911     -0.58086597
           0.13          -0.036           -0.06      0.39870545    -0.062677913    -0.032547244     -0.58177767
           0.13          -0.032           -0.06      0.46101109    -0.078356938    -0.024716632     -0.58135867
           0.13          -0.028           -0.06      0.52831509    -0.083413192    -0.026498409     -0.57970565
           0.13          -0.024           -0.06      0.59462954    -0.079157021    -0.034067778     -0.57706985
           0.13           -0.02           -0.06      0.64696595    -0.069052687    -0.040995648     -0.57368123
           0.13          -0.016           -0.06      0.67240382    -0.057761503     -0.04162468     -0.56963304
           0.13          -0.012           -0.06      0.66632547    -0.048678446    -0.033319669     -0.56514617
           0.13          -0.008           -0.06      0.63469282     -0.04241832    -0.016635483     -0.56060446
           0.13          -0.004           -0.06      0.59130006    -0.037107418     0.004715064     -0.55640728
           0.13  -2.5378004e-47           -0.06      0.55099296    -0.029707338     0.025672485     -0.55294984
           0.13           0.004           -0.06      0.51989591    -0.018894139     0.042306524     -0.55048868
           0.13           0.008           -0.06      0.49538534   -0.0058021915     0.052795185     -0.54894483
           0.13           0.012           -0.06      0.47711177    0.0091235034     0.056335944     -0.54786185
           0.13           0.016           -0.06       0.4707453     0.026471843      0.05301653     -0.54670042
           0.13            0.02           -0.06       0.4788139     0.046321263     0.044552907     -0.54525799
           0.13           0.024           -0.06      0.49316432     0.068074049     0.034260869     -0.54379692
           0.13           0.028           -0.06      0.49931921     0.089774073     0.025760922     -0.54295894
           0.13           0.032           -0.06      0.48592866      0.10845315     0.020792967     -0.54323068
           0.13           0.036           -0.06       0.4498311      0.12208454     0.019180449     -0.54450893
           0.13            0.04           -0.06      0.39405606      0.13062375     0.020743755     -0.54639724
           0.13           0.044           -0.06      0.32319504      0.13463506     0.026218644     -0.54867271
           0.13           0.048           -0.06      0.24073408      0.13381323     0.036066988      -0.5511471
           0.13           0.052           -0.06      0.14847149      0.12779391     0.049673588     -0.55332677
           0.13           0.056           -0.06     0.046852419      0.11766997     0.065934945     -0.55483954
           0.13            0.06           -0.06    -0.062969865      0.10581235     0.083636463     -0.55588741
           0.13           0.064           -0.06     -0.17665441     0.094440075       0.1015045     -0.55708034
           0.13           0.068           -0.06      -0.2856832       0.0844407      0.11756946      -0.5589951
           0.13           0.072           -0.06     -0.37934146     0.075284283       0.1288141     -0.56192688
           0.13           0.076           -0.06     -0.44998852     0.065837403      0.13220958     -0.56570812
           0.13            0.08           -0.06     -0.49517304     0.055256409      0.12529189     -0.56970256
           0.13           0.084           -0.06     -0.51390488      0.04328402      0.10632349     -0.57338334
           0.13           0.088           -0.06     -0.50508865     0.030116364     0.074677411     -0.57634259
           0.13           0.092           -0.06     -0.46890026      0.01561043     0.030546215     -0.57816187
           0.13           0.096           -0.06     -0.40442531    0.0042923501    -0.024136652     -0.57769904
           0.13             0.1           -0.06               0               0               0     -0.57664456
           0.13          -0.096          -0.056     -0.39184981    0.0056305082     -0.16550436     -0.54932282
           0.13            -0.1          -0.056               0               0               0     -0.54958275
           0.13          -0.092          -0.056     -0.37765205    0.0091104674      -0.1353029     -0.54885987
           0.13          -0.088          -0.056      -0.3642498     0.012258247     -0.09852415     -0.54842524
           0.13          -0.084          -0.056     -0.35340729     0.015974184    -0.067766401     -0.54783768
           0.13           -0.08          -0.056     -0.33580871     0.021640025    -0.047406492      -0.5471045
           0.13          -0.076          -0.056     -0.30337426      0.02991019    -0.039372911     -0.54654814
           0.13          -0.072          -0.056     -0.24895595     0.040981882    -0.044976722      -0.5464937
           0.13          -0.068          -0.056     -0.16709871     0.053889996    -0.063754268     -0.54741862
           0.13          -0.064          -0.056    -0.060320391     0.064051356    -0.089744872      -0.5500611
           0.13           -0.06          -0.056     0.057565601     0.064739822     -0.11205651     -0.55477513
           0.13          -0.056          -0.056      0.17035926     0.052696334     -0.12163925     -0.56079932
           0.13          -0.052          -0.056      0.27019897     0.029185315     -0.11622866     -0.56668162
           0.13          -0.048          -0.056      0.35853529   -0.0018176725    -0.099635621     -0.57162823
           0.13          -0.044          -0.056      0.44087959    -0.034280071    -0.079251932     -0.57543292
           0.13           -0.04          -0.056      0.52430962    -0.062005937    -0.062638393     -0.57789448
           0.13          -0.036          -0.056      0.61488847    -0.080564102    -0.054636389     -0.57889804
           0.13          -0.032          -0.056      0.71433373    -0.087551135     -0.05684532     -0.57837275
           0.13          -0.028          -0.056      0.81801242    -0.082258734    -0.067443724     -0.57624886
           0.13          -0.024          -0.056      0.91445893    -0.065688837    -0.081387573     -0.57265974
           0.13           -0.02          -0.056      0.98504718    -0.041651476    -0.091294888     -0.56830773
           0.13          -0.016          -0.056       1.0120859    -0.016770763    -0.091275977     -0.56387687
           0.13          -0.012          -0.056      0.99147627     0.003217679    -0.079631299     -0.55970172
           0.13          -0.008          -0.056      0.93174044     0.016281227    -0.057977704      -0.5560302
           0.13          -0.004          -0.056      0.84712774      0.02305254    -0.030052047     -0.55296754
           0.13  -2.8156254e-46          -0.056      0.75716083      0.02637967  -0.00098211312     -0.55060206
           0.13           0.004          -0.056      0.68290914      0.03020804     0.023578351     -0.54890623
           0.13           0.008          -0.056      0.63848982     0.036869475      0.03930764      -0.5478268
           0.13           0.012          -0.056      0.63089194     0.047839274     0.044013963     -0.54694562
           0.13           0.016          -0.056      0.65899377     0.064047688     0.038624376     -0.54568403
           0.13            0.02          -0.056      0.70800889     0.084224374     0.027206043     -0.54404106
           0.13           0.024          -0.056      0.75320203      0.10550895     0.015347458     -0.54251589
           0.13           0.028          -0.056      0.76948035      0.12384187    0.0073458806     -0.54198874
           0.13           0.032          -0.056      0.74318134      0.13533984    0.0035236134     -0.54293965
           0.13           0.036          -0.056      0.67859456      0.13934209    0.0019883061     -0.54507131
           0.13            0.04          -0.056      0.58978134       0.1389175    0.0021964407     -0.54782322
           0.13           0.044          -0.056      0.48850855      0.13761042    0.0065090958     -0.55100024
           0.13           0.048          -0.056      0.38054674      0.13578415     0.017413313     -0.55457517
           0.13           0.052          -0.056      0.26882092      0.13163909     0.034270769     -0.55798513
           0.13           0.056          -0.056      0.15438614      0.12468915     0.054538235     -0.56057081
           0.13            0.06          -0.056     0.037657243      0.11620393     0.075756399      -0.5621804
           0.13           0.064          -0.056    -0.078445462      0.10790113     0.095850278     -0.56331489
           0.13           0.068          -0.056     -0.18761607       0.1007418        0.112675      -0.5647143
           0.13           0.072          -0.056     -0.28191248     0.094276835      0.12370548     -0.56688063
           0.13           0.076          -0.056     -0.35474876     0.087424462      0.12632378     -0.56979338
           0.13            0.08          -0.056     -0.40289819     0.079132693      0.11856264     -0.57294201
           0.13           0.084          -0.056     -0.42578891      0.06859675     0.099465038     -0.57585489
           0.13           0.088          -0.056     -0.42445969     0.055364912      0.06901211     -0.57806466
           0.13           0.092          -0.056     -0.40151736     0.038422217      0.02731643     -0.57890035
           0.13           0.096          -0.056     -0.35599351     0.020613434    -0.025970878     -0.57686817
           0.13             0.1          -0.056               0               0               0     -0.57485207
           0.13          -0.096          -0.052     -0.36753909    0.0057298228     -0.16591675     -0.54820925
           0.13            -0.1          -0.052               0               0               0     -0.54850657
           0.13          -0.092          -0.052      -0.3443664    0.0089527038     -0.13905036     -0.54766187
           0.13          -0.088          -0.052     -0.32079216     0.011546647      -0.1038832     -0.54730198
           0.13          -0.084          -0.052     -0.30048927     0.014360195    -0.074042312     -0.54706352
           0.13           -0.08          -0.052     -0.27410459     0.018831377    -0.054711121     -0.54680406
           0.13          -0.076          -0.052     -0.23341704     0.025694801    -0.047943084     -0.54661454
           0.13          -0.072          -0.052       -0.171134     0.034926757    -0.054594293     -0.54664288
           0.13          -0.068          -0.052    -0.081075529     0.044831861    -0.073428349     -0.54737689
           0.13          -0.064          -0.052     0.035155745     0.050010291    -0.097925012     -0.54957441
           0.13           -0.06          -0.052      0.16357145      0.04462105     -0.11736029     -0.55346552
           0.13          -0.056          -0.052      0.28811922     0.027677869     -0.12376269     -0.55821043
           0.13          -0.052          -0.052      0.40221871     0.001729823     -0.11675057     -0.56287606
           0.13          -0.048          -0.052      0.50797699    -0.028729316     -0.10195014     -0.56713095
           0.13          -0.044          -0.052      0.61283621    -0.057961423    -0.086945593     -0.57059335
           0.13           -0.04          -0.052      0.72614759    -0.080857672    -0.078253689      -0.5727832
           0.13          -0.036          -0.052      0.85337837    -0.093416966    -0.079507407      -0.5733101
           0.13          -0.032          -0.052      0.99296922    -0.092755172    -0.091234477     -0.57181468
           0.13          -0.028          -0.052       1.1359412    -0.077393665     -0.11080409     -0.56812696
           0.13          -0.024          -0.052        1.268846    -0.047798419     -0.13217541     -0.56267303
           0.13           -0.02          -0.052       1.3665955    -0.008684283     -0.14600458     -0.55699459
           0.13          -0.016          -0.052       1.4036833     0.030022439     -0.14555434     -0.55218512
           0.13          -0.012          -0.052       1.3784817     0.060894227     -0.13078857     -0.54853734
           0.13          -0.008          -0.052       1.3039532     0.082007824     -0.10500867     -0.54625324
           0.13          -0.004          -0.052       1.1948075      0.09312432    -0.072286509     -0.54509452
           0.13   9.9536241e-47          -0.052       1.0691635     0.095573466    -0.037047391     -0.54476794
           0.13           0.004          -0.052      0.95334865     0.093046478   -0.0047637369      -0.5447752
           0.13           0.008          -0.052      0.88187228     0.091442266     0.018391587     -0.54459602
           0.13           0.012          -0.052      0.88218681      0.09712945     0.027791576     -0.54381673
           0.13           0.016          -0.052      0.94982276      0.11291458     0.024084413     -0.54235292
           0.13            0.02          -0.052       1.0445811      0.13528422     0.013398333     -0.54057042
           0.13           0.024          -0.052        1.113736      0.15688994    0.0035857884     -0.53939968
           0.13           0.028          -0.052       1.1176523      0.16967691   -0.0010532925       -0.539988
           0.13           0.032          -0.052       1.0476632      0.16890369   -0.0029818083      -0.5424037
           0.13           0.036          -0.052       0.9265783      0.15691915   -0.0066900068     -0.54584399
           0.13            0.04          -0.052      0.78703929      0.14186885    -0.012499118     -0.54956967
           0.13           0.044          -0.052       0.6480751      0.13132451    -0.014649838     -0.55359552
           0.13           0.048          -0.052      0.51261626      0.12581091   -0.0069685989     -0.55814086
           0.13           0.052          -0.052      0.37965959      0.12145569     0.010213332     -0.56252991
           0.13           0.056          -0.052      0.25000698      0.11632936     0.032554278     -0.56598579
           0.13            0.06          -0.052      0.12486329      0.11065471     0.056164422     -0.56815172
           0.13           0.064          -0.052    0.0060654391      0.10541391     0.078294113     -0.56925514
           0.13           0.068          -0.052     -0.10242237      0.10148182     0.096584221     -0.57004491
           0.13           0.072          -0.052     -0.19546991     0.098545139      0.10853259     -0.57115114
           0.13           0.076          -0.052     -0.26868199     0.095341561      0.11181875     -0.57273112
           0.13            0.08          -0.052     -0.31943077      0.09040021      0.10502888     -0.57456392
           0.13           0.084          -0.052      -0.3474521     0.082486276     0.087844556     -0.57638989
           0.13           0.088          -0.052      -0.3545903     0.070659961     0.060854122     -0.57771668
           0.13           0.092          -0.052      -0.3440629     0.053455429     0.024669634     -0.57754945
           0.13           0.096          -0.052     -0.31532397     0.032548338    -0.021327275     -0.57409177
           0.13             0.1          -0.052               0               0               0     -0.57124608
           0.13          -0.096          -0.048     -0.34602013    0.0075304134      -0.1667737     -0.54709516
           0.13            -0.1          -0.048               0               0               0     -0.54744131
           0.13          -0.092          -0.048     -0.31715992     0.012234519     -0.14363477     -0.54641491
           0.13          -0.088          -0.048     -0.28618077     0.015810339     -0.11043566      -0.5460247
           0.13          -0.084          -0.048     -0.25842321     0.018930556    -0.081419617     -0.54604249
           0.13           -0.08          -0.048     -0.22505247     0.022922685    -0.062758515     -0.54625857
           0.13          -0.076          -0.048     -0.17799215     0.028437007     -0.05660514     -0.54651096
           0.13          -0.072          -0.048     -0.10958225     0.035286676    -0.063171692     -0.54668911
           0.13          -0.068          -0.048    -0.011982156     0.041060547    -0.080519254     -0.54722972
           0.13          -0.064          -0.048      0.11480289     0.040160571     -0.10218966     -0.54889273
           0.13           -0.06          -0.048      0.25704955     0.028942857     -0.11851331     -0.55169461
           0.13          -0.056          -0.048      0.39913404    0.0086071613     -0.12314998     -0.55497177
           0.13          -0.052          -0.048      0.53333918    -0.017257702      -0.1170004     -0.55835958
           0.13          -0.048          -0.048      0.66018851    -0.044248818     -0.10560161     -0.56162255
           0.13          -0.044          -0.048       0.7879484    -0.068484199     -0.09551094     -0.56411727
           0.13           -0.04          -0.048      0.92764803    -0.086154589    -0.092545788     -0.56510938
           0.13          -0.036          -0.048       1.0856285    -0.092972482     -0.10010193     -0.56403117
           0.13          -0.032          -0.048        1.257714    -0.084633877     -0.11881437     -0.56033983
           0.13          -0.028          -0.048       1.4285655    -0.059071588     -0.14636519       -0.554026
           0.13          -0.024          -0.048       1.5879907     -0.01780146     -0.17528939     -0.54604783
           0.13           -0.02          -0.048       1.7111216     0.032219401     -0.19252869     -0.53838624
           0.13          -0.016          -0.048       1.7694921     0.080617885     -0.19114679      -0.5326227
           0.13          -0.012          -0.048       1.7634109      0.12116531     -0.17402303     -0.52947765
           0.13          -0.008          -0.048       1.7005943      0.15098704     -0.14532373     -0.52890517
           0.13          -0.004          -0.048       1.5909891      0.16820047     -0.10898187     -0.53009185
           0.13   1.3257731e-47          -0.048       1.4514579      0.17304325    -0.069205736     -0.53235217
           0.13           0.004          -0.048       1.3101358      0.16788589    -0.030794543      -0.5348818
           0.13           0.008          -0.048       1.2140732      0.15919324   0.00050085908     -0.53648839
           0.13           0.012          -0.048       1.2162902      0.15823539     0.018678935     -0.53630689
           0.13           0.016          -0.048       1.3229345      0.17232443     0.022032585      -0.5348207
           0.13            0.02          -0.048       1.4671798      0.19638184     0.016510558     -0.53322788
           0.13           0.024          -0.048       1.5506809      0.21685247     0.011667542     -0.53323477
           0.13           0.028          -0.048       1.5133374      0.22078941      0.01117221     -0.53613486
           0.13           0.032          -0.048         1.36752      0.20391306    0.0089685665     -0.54101166
           0.13           0.036          -0.048       1.1684031      0.17281695   -0.0016884249      -0.5462972
           0.13            0.04          -0.048      0.97028775       0.1410806      -0.0195619     -0.55117156
           0.13           0.044          -0.048      0.79585006      0.12042841    -0.033680353      -0.5560359
           0.13           0.048          -0.048      0.63683343      0.11037634    -0.033124664     -0.56155403
           0.13           0.052          -0.048      0.48346238      0.10366719    -0.018507121       -0.566706
           0.13           0.056          -0.048      0.33611685     0.097374856    0.0035587774      -0.5705556
           0.13            0.06          -0.048      0.19871895     0.092005946     0.027866122     -0.57289897
           0.13           0.064          -0.048       0.0742968     0.088402052     0.050879867      -0.5738047
           0.13           0.068          -0.048    -0.034934015       0.0870246     0.070069853     -0.57392159
           0.13           0.072          -0.048     -0.12655692     0.087393264     0.083101558     -0.57388515
           0.13           0.076          -0.048     -0.19857206     0.087931438     0.088022618     -0.57407873
           0.13            0.08          -0.048     -0.25023104     0.086702273     0.083777339     -0.57460617
           0.13           0.084          -0.048     -0.28204086     0.082098038     0.070260364     -0.57532314
           0.13           0.088          -0.048      -0.2960262     0.072881841     0.048462448     -0.57574789
           0.13           0.092          -0.048     -0.29516712     0.057399733     0.019839513     -0.57482477
           0.13           0.096          -0.048     -0.27941502     0.036873203    -0.014606667     -0.57070699
           0.13             0.1          -0.048               0               0               0     -0.56755676
           0.13          -0.096          -0.044     -0.32276491     0.010834713     -0.16772181     -0.54606613
           0.13            -0.1          -0.044               0               0               0     -0.54644529
           0.13          -0.092          -0.044     -0.29068832     0.018151368     -0.14809537     -0.54528842
           0.13          -0.088          -0.044     -0.25570928     0.023672792     -0.11719374     -0.54481838
           0.13          -0.084          -0.044     -0.22356761     0.027805111    -0.088983684     -0.54493621
           0.13           -0.08          -0.044     -0.18590264     0.031696977    -0.070396756     -0.54547048
           0.13          -0.076          -0.044     -0.13475198     0.035895351    -0.063775379      -0.5460752
           0.13          -0.072          -0.044    -0.062085472     0.040149933    -0.068711384     -0.54642098
           0.13          -0.068          -0.044     0.041724458     0.041511063     -0.08291167     -0.54687022
           0.13          -0.064          -0.044      0.17841916     0.034950721     -0.10092256     -0.54806964
           0.13           -0.06          -0.044       0.3363159     0.019613087     -0.11518403     -0.54983901
           0.13          -0.056          -0.044      0.50095722   -0.0012623579     -0.12103416     -0.55183924
           0.13          -0.052          -0.044      0.66165785    -0.023106992     -0.11936187     -0.55405417
           0.13          -0.048          -0.044      0.81355422     -0.04183526     -0.11367203     -0.55617576
           0.13          -0.044          -0.044      0.95948556    -0.055925279     -0.10833184     -0.55747847
           0.13           -0.04          -0.044        1.109131    -0.063158951     -0.10900224     -0.55699714
           0.13          -0.036          -0.044       1.2706403    -0.059011687     -0.12029388      -0.5541089
           0.13          -0.032          -0.044       1.4392892    -0.038606967     -0.14411508     -0.54844715
           0.13          -0.028          -0.044       1.5959268   -0.0033428057     -0.17758071     -0.53996827
           0.13          -0.024          -0.044       1.7382583     0.040236985     -0.20898869     -0.52944784
           0.13           -0.02          -0.044       1.8617202     0.087705135     -0.22445281     -0.51898548
           0.13          -0.016          -0.044       1.9498252      0.13604627     -0.22057252     -0.51080005
           0.13          -0.012          -0.044       1.9965898      0.18167207     -0.20157802     -0.50634993
           0.13          -0.008          -0.044       1.9925937      0.21962667     -0.17114999     -0.50595584
           0.13          -0.004          -0.044       1.9324577      0.24525549     -0.13241214     -0.50868834
           0.13               0          -0.044        1.822711      0.25642142    -0.089153842      -0.5133237
           0.13           0.004          -0.044       1.6875049      0.25383204     -0.04587947     -0.51847927
           0.13           0.008          -0.044       1.5764294      0.24268447   -0.0075820561     -0.52260685
           0.13           0.012          -0.044       1.5568936      0.23519044     0.020000266     -0.52434463
           0.13           0.016          -0.044       1.6570477      0.24212972     0.032996775      -0.5241044
           0.13            0.02          -0.044       1.8121329      0.25981073     0.035266888     -0.52387365
           0.13           0.024          -0.044       1.8949927      0.27230597     0.036385489     -0.52602193
           0.13           0.028          -0.044       1.8224677      0.26457072     0.039095301     -0.53171711
           0.13           0.032          -0.044       1.6193573      0.23296638     0.034503843      -0.5391057
           0.13           0.036          -0.044        1.365668      0.18569728     0.014049341     -0.54613997
           0.13            0.04          -0.044       1.1309904      0.13952004    -0.019578542     -0.55197008
           0.13           0.044          -0.044      0.93793131       0.1106986    -0.049000935     -0.55748789
           0.13           0.048          -0.044      0.76294188     0.097208881    -0.057204921     -0.56409834
           0.13           0.052          -0.044      0.58834488     0.086770699    -0.046320352     -0.57011623
           0.13           0.056          -0.044      0.41904469     0.075953664    -0.026701354     -0.57416816
           0.13            0.06          -0.044      0.26376143     0.066983275   -0.0044717218     -0.57635641
           0.13           0.064          -0.044      0.12829127     0.061858419     0.017005594     -0.57678799
           0.13           0.068          -0.044     0.014666673     0.061030459     0.035641536      -0.5761276
           0.13           0.072          -0.044    -0.076905742     0.063294451     0.049344864     -0.57502985
           0.13           0.076          -0.044     -0.14722851     0.066592548     0.056235784     -0.57405556
           0.13            0.08          -0.044     -0.19813979     0.068575158     0.055271887     -0.57347917
           0.13           0.084          -0.044     -0.23156403     0.067313608     0.046284854     -0.57316209
           0.13           0.088          -0.044     -0.24976445     0.061521043     0.030355115     -0.57270134
           0.13           0.092          -0.044     -0.25530481     0.049621078    0.0097142035     -0.57133498
           0.13           0.096          -0.044     -0.24866364     0.032586584    -0.011574353     -0.56758945
           0.13             0.1          -0.044               0               0               0     -0.56486984
           0.13          -0.096           -0.04     -0.29221285     0.015015962     -0.16708751     -0.54510097
           0.13            -0.1           -0.04               0               0               0     -0.54547592
           0.13          -0.092           -0.04     -0.25735952     0.025348752      -0.1496939     -0.54434652
           0.13          -0.088           -0.04     -0.22127342     0.033014303     -0.12112423     -0.54386956
           0.13          -0.084           -0.04     -0.18847281     0.038281637    -0.094011343     -0.54398041
           0.13           -0.08           -0.04     -0.15005701     0.042228561    -0.075149937     -0.54461189
           0.13          -0.076           -0.04     -0.09773621     0.045403889    -0.067086148     -0.54537452
           0.13          -0.072           -0.04    -0.023287433     0.047437691    -0.069133742      -0.5458811
           0.13          -0.068           -0.04     0.083709106      0.04506487    -0.079246967      -0.5464203
           0.13          -0.064           -0.04      0.22677331     0.034433575     -0.09391484     -0.54735714
           0.13           -0.06           -0.04       0.3992128     0.017114461     -0.10839019     -0.54832899
           0.13          -0.056           -0.04      0.59079504    -0.001914163     -0.11962214     -0.54935322
           0.13          -0.052           -0.04      0.78858989    -0.016685056     -0.12785891      -0.5505728
           0.13          -0.048           -0.04      0.97781692    -0.022657156     -0.13337515      -0.5516743
           0.13          -0.044           -0.04       1.1456116    -0.020622044     -0.13728846     -0.55217143
           0.13           -0.04           -0.04       1.2942261    -0.011063198     -0.14540853     -0.55084566
           0.13          -0.036           -0.04       1.4351749    0.0092757179      -0.1637183     -0.54682031
           0.13          -0.032           -0.04       1.5680605     0.042381731     -0.19299547     -0.54016376
           0.13          -0.028           -0.04       1.6813779     0.082442381     -0.22700046     -0.53105154
           0.13          -0.024           -0.04       1.7769971      0.12158368     -0.25251195     -0.51964541
           0.13           -0.02           -0.04       1.8641491      0.16036779     -0.26006985     -0.50755103
           0.13          -0.016           -0.04       1.9442115      0.20174369      -0.2494779     -0.49688002
           0.13          -0.012           -0.04       2.0161098      0.24496627     -0.22417326     -0.48935054
           0.13          -0.008           -0.04       2.0698993      0.28618154     -0.18828233     -0.48632164
           0.13          -0.004           -0.04       2.0877283      0.31932389      -0.1453466     -0.48785403
           0.13               0           -0.04       2.0544785      0.33920652      -0.0986384     -0.49288073
           0.13           0.004           -0.04       1.9728971      0.34358768    -0.051709023     -0.49956588
           0.13           0.008           -0.04       1.8768258       0.3348902   -0.0086452394     -0.50587083
           0.13           0.012           -0.04       1.8282244      0.32250888     0.025858781     -0.50989385
           0.13           0.016           -0.04       1.8741995      0.31751658     0.047880328     -0.51158083
           0.13            0.02           -0.04       1.9867509      0.32065601     0.059259874     -0.51310084
           0.13           0.024           -0.04       2.0551623      0.31998263     0.067059162     -0.51729997
           0.13           0.028           -0.04       1.9808308      0.30140368      0.07250661     -0.52547826
           0.13           0.032           -0.04        1.772451      0.26008961     0.065914383      -0.5352167
           0.13           0.036           -0.04        1.511603      0.20190534      0.03715848     -0.54398785
           0.13            0.04           -0.04       1.2761647      0.14400091    -0.011948794     -0.55077548
           0.13           0.044           -0.04       1.0874243      0.10843318    -0.057838004     -0.55703658
           0.13           0.048           -0.04      0.90457362     0.092561371    -0.075332488      -0.5650989
           0.13           0.052           -0.04      0.70508844     0.077701817     -0.06831623     -0.57231739
           0.13           0.056           -0.04      0.50663991     0.060017026     -0.05231475     -0.57664627
           0.13            0.06           -0.04      0.32598922     0.043915907    -0.034620983     -0.57862649
           0.13           0.064           -0.04        0.172669     0.033197531    -0.017803412     -0.57843373
           0.13           0.068           -0.04     0.049864073     0.029376787   -0.0024044333     -0.57698474
           0.13           0.072           -0.04     -0.04403382     0.030866206     0.010428689      -0.5750592
           0.13           0.076           -0.04     -0.11313817     0.034909811     0.018686965     -0.57316635
           0.13            0.08           -0.04     -0.16224414     0.038705707     0.020775189     -0.57162254
           0.13           0.084           -0.04     -0.19528687      0.04009845     0.016031774     -0.57032508
           0.13           0.088           -0.04     -0.21507356      0.03799967    0.0051903641     -0.56900155
           0.13           0.092           -0.04     -0.22410636     0.031424436    -0.008917654     -0.56745848
           0.13           0.096           -0.04     -0.22331028     0.021149109    -0.018133014     -0.56497347
           0.13             0.1           -0.04               0               0               0      -0.5633254
           0.13          -0.096          -0.036     -0.24811163     0.019162735     -0.16160953       -0.544083
           0.13            -0.1          -0.036               0               0               0     -0.54441051
           0.13          -0.092          -0.036     -0.20825675     0.032107191     -0.14408262     -0.54350974
           0.13          -0.088          -0.036     -0.17223353     0.041426889     -0.11743776     -0.54321048
           0.13          -0.084          -0.036     -0.14218081     0.047517016    -0.092121859     -0.54333853
           0.13           -0.08          -0.036     -0.10732177     0.051681759    -0.073484628      -0.5439006
           0.13          -0.076          -0.036    -0.057907772     0.054557451    -0.063826937     -0.54462789
           0.13          -0.072          -0.036     0.014303719     0.055334693    -0.062737105     -0.54527325
           0.13          -0.068          -0.036      0.11882723       0.0506041    -0.069179065     -0.54602672
           0.13          -0.064          -0.036      0.26173781     0.037859702    -0.081838664     -0.54685409
           0.13           -0.06          -0.036      0.44447851      0.01988805     -0.09864432     -0.54719799
           0.13          -0.056          -0.036      0.66487884    0.0026237044     -0.11850073     -0.54734834
           0.13          -0.052          -0.036       0.9128828   -0.0061480295     -0.14156461     -0.54745934
           0.13          -0.048          -0.036       1.1626935  -0.00025216738     -0.16435609     -0.54720215
           0.13          -0.044          -0.036       1.3710186     0.017139199     -0.18311802     -0.54653328
           0.13           -0.04          -0.036       1.5248207     0.041399977     -0.20282326     -0.54408711
           0.13          -0.036          -0.036       1.6464158     0.073405751      -0.2297616     -0.53877043
           0.13          -0.032          -0.036       1.7469184      0.11234126     -0.26220642     -0.53104529
           0.13          -0.028          -0.036       1.8265815      0.15326645     -0.29260721     -0.52154364
           0.13          -0.024          -0.036        1.886638       0.1926504     -0.31127311     -0.51052309
           0.13           -0.02          -0.036       1.9302041      0.23158343     -0.31201393     -0.49895394
           0.13          -0.016          -0.036       1.9630497       0.2717502     -0.29373921     -0.48830801
           0.13          -0.012          -0.036       1.9955543      0.31311442     -0.25837467     -0.47989265
           0.13          -0.008          -0.036       2.0359097      0.35374001     -0.21066292     -0.47501513
           0.13          -0.004          -0.036       2.0795411      0.38952332     -0.15674184     -0.47437476
           0.13  -3.6346636e-19          -0.036        2.106567      0.41524696     -0.10209162     -0.47776018
           0.13           0.004          -0.036       2.0954347      0.42643123    -0.050208297     -0.48389213
           0.13           0.008          -0.036       2.0475301      0.42186113   -0.0032738164     -0.49062054
           0.13           0.012          -0.036       2.0004738      0.40649498     0.036411707     -0.49559258
           0.13           0.016          -0.036       2.0047971      0.38998856     0.066463794     -0.49835523
           0.13            0.02          -0.036       2.0690364      0.37789806     0.087402563      -0.5009006
           0.13           0.024          -0.036       2.1202128      0.36474912       0.1024949      -0.5063604
           0.13           0.028          -0.036       2.0600622      0.33842783      0.11071463      -0.5164438
           0.13           0.032          -0.036       1.8736187      0.29191864      0.10317489     -0.52841054
           0.13           0.036          -0.036       1.6319192      0.22773298     0.069359746     -0.53892867
           0.13            0.04          -0.036       1.4192928      0.16069141    0.0074727156     -0.54691111
           0.13           0.044          -0.036       1.2538356      0.11832391    -0.055188523     -0.55423758
           0.13           0.048          -0.036       1.0690236     0.099791279     -0.08317522     -0.56411949
           0.13           0.052          -0.036      0.83981256     0.079940105    -0.080787381     -0.57301263
           0.13           0.056          -0.036      0.60541254     0.054323059    -0.069432555     -0.57790813
           0.13            0.06          -0.036       0.3920281     0.029489492    -0.057694441      -0.5798563
           0.13           0.064          -0.036      0.21375358     0.010676071    -0.047622216     -0.57901016
           0.13           0.068          -0.036     0.076923273   0.00085150405    -0.038053259     -0.57681189
           0.13           0.072          -0.036    -0.021736112   -0.0014972465    -0.028516605     -0.57429426
           0.13           0.076          -0.036    -0.090559086   0.00030799494    -0.020872234     -0.57176805
           0.13            0.08          -0.036      -0.1375728    0.0034204108    -0.017438439     -0.56947502
           0.13           0.084          -0.036     -0.16906523    0.0059114951    -0.019756689     -0.56733725
           0.13           0.088          -0.036     -0.18873745    0.0072918888    -0.028023422     -0.56528966
           0.13           0.092          -0.036     -0.19947762    0.0074189986    -0.039444487     -0.56381244
           0.13           0.096          -0.036     -0.20311719       0.0072736     -0.03929099     -0.56294699
           0.13             0.1          -0.036               0               0               0     -0.56256832
           0.13          -0.096          -0.032     -0.18304222     0.022065621     -0.14605707     -0.54278926
           0.13            -0.1          -0.032               0               0               0     -0.54303354
           0.13          -0.092          -0.032     -0.13360247     0.036495161      -0.1255782     -0.54252267
           0.13          -0.088          -0.032    -0.097184762     0.046659902     -0.10045595     -0.54259661
           0.13          -0.084          -0.032    -0.072164739     0.053349316    -0.078042494     -0.54288154
           0.13           -0.08          -0.032    -0.045232154     0.058283394    -0.061218978     -0.54337527
           0.13          -0.076          -0.032   -0.0042449882     0.061881963    -0.051401603     -0.54404103
           0.13          -0.072          -0.032     0.059039303     0.062540842    -0.048720945       -0.544852
           0.13          -0.068          -0.032      0.15253116     0.057113339    -0.053322423     -0.54582523
           0.13          -0.064          -0.032      0.28642272     0.043918717    -0.065468237     -0.54658035
           0.13           -0.06          -0.032      0.47192997      0.02574911    -0.085299557     -0.54644782
           0.13          -0.056          -0.032      0.71565141    0.0086132234     -0.11395988     -0.54580174
           0.13          -0.052          -0.032       1.0177834    0.0015529324     -0.15235804     -0.54455672
           0.13          -0.048          -0.032       1.3460147     0.013227457     -0.19391846     -0.54232742
           0.13          -0.044          -0.032       1.6126567     0.038998991      -0.2286259     -0.53973094
           0.13           -0.04          -0.032        1.778924     0.070354471     -0.25893801     -0.53538073
           0.13          -0.036          -0.032        1.884602      0.10667975     -0.29163876     -0.52822455
           0.13          -0.032          -0.032        1.959341      0.14735289     -0.32490551     -0.51928187
           0.13          -0.028          -0.032       2.0123872      0.19020499     -0.35279756     -0.50932718
           0.13          -0.024          -0.032       2.0454564      0.23424861     -0.36829506     -0.49894761
           0.13           -0.02          -0.032        2.058244      0.27997199     -0.36622211     -0.48899387
           0.13          -0.016          -0.032       2.0529686      0.32720965     -0.34432304     -0.48044119
           0.13          -0.012          -0.032       2.0388589      0.37418992     -0.30232702     -0.47409373
           0.13          -0.008          -0.032       2.0314219      0.41803638      -0.2433518     -0.47049396
           0.13          -0.004          -0.032       2.0434871      0.45559205     -0.17458031     -0.46976009
           0.13               0          -0.032       2.0723788      0.48352745     -0.10521105     -0.47174893
           0.13           0.004          -0.032       2.0966349      0.49805364    -0.042225369     -0.47598817
           0.13           0.008          -0.032       2.0952368      0.49599202     0.011806701      -0.4809909
           0.13           0.012          -0.032       2.0754669      0.47858374     0.056974411     -0.48483104
           0.13           0.016          -0.032       2.0729701      0.45341893      0.09353711     -0.48722793
           0.13            0.02          -0.032       2.1115411      0.42888315      0.12211557      -0.4898302
           0.13           0.024          -0.032       2.1511855       0.4053739      0.14312867     -0.49560954
           0.13           0.028          -0.032       2.1070648      0.37379502      0.15335097     -0.50650175
           0.13           0.032          -0.032       1.9489805      0.32570894      0.14515465     -0.51979391
           0.13           0.036          -0.032       1.7349469      0.26097876      0.10953779     -0.53151236
           0.13            0.04          -0.032       1.5577373      0.19050301     0.040951419     -0.54054422
           0.13           0.044          -0.032       1.4310949      0.14250252    -0.035747167     -0.54881775
           0.13           0.048          -0.032       1.2512439      0.11946348     -0.07635029     -0.56066852
           0.13           0.052          -0.032      0.99022174     0.093703385    -0.081072366     -0.57184101
           0.13           0.056          -0.032        0.716375     0.059946611    -0.076185454     -0.57777946
           0.13            0.06          -0.032      0.46648653     0.026512334    -0.071763652     -0.57999001
           0.13           0.064          -0.032      0.25881269  -0.00036510642    -0.069403499     -0.57868452
           0.13           0.068          -0.032      0.10450999    -0.016578945    -0.066812457     -0.57602157
           0.13           0.072          -0.032  -0.00077235648    -0.023938493    -0.062362918     -0.57326228
           0.13           0.076          -0.032    -0.070380402    -0.026279044    -0.057655998     -0.57048705
           0.13            0.08          -0.032     -0.11561173    -0.025975533    -0.055684174     -0.56782482
           0.13           0.084          -0.032      -0.1451705    -0.024171473    -0.059063948     -0.56523552
           0.13           0.088          -0.032     -0.16402868    -0.020371089    -0.069180014     -0.56291116
           0.13           0.092          -0.032     -0.17646457     -0.01416781    -0.083101321     -0.56177516
           0.13           0.096          -0.032     -0.18722408   -0.0037953528     -0.07542929      -0.5621163
           0.13             0.1          -0.032               0               0               0     -0.56255353
           0.13          -0.096          -0.028    -0.085515515     0.022471609     -0.11146847     -0.54086225
           0.13            -0.1          -0.028               0               0               0      -0.5410304
           0.13          -0.092          -0.028    -0.019725235     0.036897194    -0.085214461     -0.54091274
           0.13          -0.088          -0.028     0.017443471     0.047468358    -0.062696291     -0.54148547
           0.13          -0.084          -0.028     0.034973613      0.05530327    -0.046005445     -0.54218781
           0.13           -0.08          -0.028     0.048633237     0.061874832    -0.034602212     -0.54291165
           0.13          -0.076          -0.028     0.072843812     0.066876792    -0.028460857     -0.54374669
           0.13          -0.072          -0.028      0.11749761     0.068187522    -0.027723543       -0.544772
           0.13          -0.068          -0.028      0.19049608     0.063450953    -0.033089247     -0.54588062
           0.13          -0.064          -0.028      0.30589278     0.051198954     -0.04583616     -0.54661076
           0.13           -0.06          -0.028      0.48279758     0.033570679    -0.068161108     -0.54625807
           0.13          -0.056          -0.028      0.73490646     0.015683724     -0.10311545     -0.54503886
           0.13          -0.052          -0.028       1.0754114     0.006380186     -0.15232857     -0.54245888
           0.13          -0.048          -0.028       1.4760265     0.016852168     -0.20867755     -0.53784885
           0.13          -0.044          -0.028       1.8028955     0.043350442     -0.25762489     -0.53264831
           0.13           -0.04          -0.028       1.9798729     0.075713598     -0.29770236     -0.52579555
           0.13          -0.036          -0.028       2.0660161       0.1127192     -0.33586338     -0.51633175
           0.13          -0.032          -0.028       2.1136108      0.15432888     -0.37127253     -0.50604907
           0.13          -0.028          -0.028       2.1395918      0.19985081     -0.39945921     -0.49604762
           0.13          -0.024          -0.028       2.1465862      0.24919727     -0.41474829     -0.48714128
           0.13           -0.02          -0.028       2.1332864      0.30241699     -0.41240702     -0.47995463
           0.13          -0.016          -0.028       2.1009977      0.35856788     -0.38939323     -0.47504895
           0.13          -0.012          -0.028       2.0585501      0.41477308     -0.34383032     -0.47274194
           0.13          -0.008          -0.028       2.0213646      0.46647544     -0.27716581     -0.47268686
           0.13          -0.004          -0.028       2.0049522      0.50921406     -0.19589579     -0.47406178
           0.13               0          -0.028       2.0157566      0.53975705     -0.11064363     -0.47602206
           0.13           0.004          -0.028        2.042869       0.5555451    -0.031767145      -0.4781879
           0.13           0.008          -0.028       2.0652267      0.55380654     0.035022871     -0.47984116
           0.13           0.012          -0.028       2.0743499      0.53451359     0.089035874     -0.48040467
           0.13           0.016          -0.028       2.0864303      0.50347845      0.13195382     -0.48050028
           0.13            0.02          -0.028       2.1225294       0.4697997      0.16558074     -0.48160502
           0.13           0.024          -0.028       2.1614286       0.4379738      0.18954893     -0.48638995
           0.13           0.028          -0.028       2.1342759       0.4023871      0.19951806     -0.49675209
           0.13           0.032          -0.028       2.0043304      0.35473457      0.18905689     -0.51011688
           0.13           0.036          -0.028       1.8179833      0.29326545      0.15177881     -0.52234744
           0.13            0.04          -0.028       1.6758349      0.22684726     0.082050246      -0.5318351
           0.13           0.044          -0.028       1.5953419      0.17820467  -0.00076206968     -0.54071664
           0.13           0.048          -0.028       1.4327369      0.14922064    -0.052470484     -0.55466745
           0.13           0.052          -0.028       1.1453026      0.11602132    -0.067628103     -0.56848472
           0.13           0.056          -0.028      0.83287515     0.074376202    -0.072059003     -0.57603411
           0.13            0.06          -0.028      0.54802724     0.033727033    -0.076736516     -0.57896279
           0.13           0.064          -0.028      0.31216655   0.00072932791    -0.082933702     -0.57772999
           0.13           0.068          -0.028      0.14027379    -0.020085662    -0.087940529     -0.57514488
           0.13           0.072          -0.028     0.028491095    -0.030954613    -0.089608096      -0.5726689
           0.13           0.076          -0.028    -0.041686502    -0.036481832     -0.08942751     -0.57019172
           0.13            0.08          -0.028    -0.085120225    -0.038911698    -0.091287139     -0.56775701
           0.13           0.084          -0.028     -0.11260617    -0.038788567    -0.098988674     -0.56537238
           0.13           0.088          -0.028      -0.1309986    -0.035098667     -0.11424366     -0.56336384
           0.13           0.092          -0.028     -0.14771346     -0.02740186     -0.13179591     -0.56261376
           0.13           0.096          -0.028     -0.17077366    -0.012669438     -0.11871847     -0.56316745
           0.13             0.1          -0.028               0               0               0     -0.56363146
           0.13          -0.096          -0.024     0.053267847     0.021524455    -0.049758315     -0.53825254
           0.13            -0.1          -0.024               0               0               0     -0.53819731
           0.13          -0.092          -0.024      0.12455283      0.03625552    -0.025634204     -0.53885483
           0.13          -0.088          -0.024      0.15660467     0.047240046    -0.010872103     -0.54008851
           0.13          -0.084          -0.024      0.16651857     0.055909322   -0.0021729436     -0.54139017
           0.13           -0.08          -0.024      0.16745554     0.063393003    0.0020127893     -0.54256942
           0.13          -0.076          -0.024      0.17209232     0.069170943    0.0020784104     -0.54372303
           0.13          -0.072          -0.024      0.19205078     0.071337102   -0.0018647706     -0.54494094
           0.13          -0.068          -0.024      0.23804213     0.068183521    -0.010149397     -0.54613041
           0.13          -0.064          -0.024      0.32689877     0.058259746    -0.024454224      -0.5469238
           0.13           -0.06          -0.024      0.48205798     0.042686784    -0.048525367      -0.5466081
           0.13          -0.056          -0.024      0.72250412     0.024836867     -0.08643743     -0.54513145
           0.13          -0.052          -0.024       1.0700091     0.012221162     -0.13974111     -0.54169194
           0.13          -0.048          -0.024       1.5065239     0.017636777     -0.20327478     -0.53503674
           0.13          -0.044          -0.024       1.8691749     0.039886434     -0.26319803     -0.52707776
           0.13           -0.04          -0.024       2.0497647     0.069041389     -0.31422096      -0.5176886
           0.13          -0.036          -0.024       2.1220048      0.10336201     -0.36059283     -0.50630606
           0.13          -0.032          -0.024        2.154001       0.1433256     -0.40186187     -0.49523679
           0.13          -0.028          -0.024       2.1639225      0.18942305     -0.43461537     -0.48579866
           0.13          -0.024          -0.024       2.1524607      0.24207581     -0.45339854     -0.47904234
           0.13           -0.02          -0.024       2.1166811      0.30097293     -0.45314988     -0.47558897
           0.13          -0.016          -0.024       2.0581648       0.3645671     -0.42986004     -0.47583455
           0.13          -0.012          -0.024        1.989458      0.42898872     -0.38036052     -0.47953724
           0.13          -0.008          -0.024        1.930943      0.48851045     -0.30558458     -0.48500171
           0.13          -0.004          -0.024       1.9016608      0.53789051     -0.21252906     -0.48987529
           0.13    4.302348e-48          -0.024       1.9094354       0.5732965     -0.11281795     -0.49230374
           0.13           0.004          -0.024       1.9423829      0.59136277     -0.01801862       -0.491974
           0.13           0.008          -0.024       1.9810044      0.58962552     0.064127727     -0.48907427
           0.13           0.012          -0.024       2.0154517      0.56884504      0.13026081     -0.48453649
           0.13           0.016          -0.024       2.0509756      0.53415447      0.18083158     -0.48015657
           0.13            0.02          -0.024       2.1007356      0.49455051       0.2181286     -0.47770497
           0.13           0.024          -0.024       2.1502728       0.4567957      0.24225445     -0.47974598
           0.13           0.028          -0.024       2.1426169      0.41813423      0.24910008     -0.48797625
           0.13           0.032          -0.024       2.0398474      0.37134678      0.23361936     -0.49989251
           0.13           0.036          -0.024       1.8811571      0.31386732      0.19184228     -0.51154825
           0.13            0.04          -0.024       1.7741472      0.25508592      0.12168088     -0.52076014
           0.13           0.044          -0.024        1.741693      0.21259377     0.042391015     -0.53050737
           0.13           0.048          -0.024       1.6003857      0.18096203    -0.012903816     -0.54683886
           0.13           0.052          -0.024       1.2891317      0.14024637    -0.040476442     -0.56311844
           0.13           0.056          -0.024      0.94064318     0.091705735    -0.057854786      -0.5725795
           0.13            0.06          -0.024      0.62631057     0.045919485    -0.074088203     -0.57669665
           0.13           0.064          -0.024      0.36974507    0.0096926225    -0.089952071     -0.57625334
           0.13           0.068          -0.024      0.18563503    -0.012792858     -0.10294715     -0.57436129
           0.13           0.072          -0.024     0.070888801    -0.024282466     -0.11112959     -0.57268148
           0.13           0.076          -0.024    0.0030962603    -0.030448433     -0.11613487     -0.57110532
           0.13            0.08          -0.024    -0.037313054    -0.034175571     -0.12249045     -0.56952646
           0.13           0.084          -0.024     -0.06309833    -0.036238353     -0.13460011     -0.56785055
           0.13           0.088          -0.024    -0.083170593    -0.036012964     -0.15352281     -0.56636569
           0.13           0.092          -0.024      -0.1077568      -0.0326371     -0.17204209     -0.56566762
           0.13           0.096          -0.024     -0.14543973    -0.020652812     -0.15982132     -0.56561184
           0.13             0.1          -0.024               0               0               0     -0.56561884
           0.13          -0.096           -0.02      0.18276795     0.021091146     0.015612765     -0.53633258
           0.13            -0.1           -0.02               0               0               0     -0.53594709
           0.13          -0.092           -0.02      0.24230095     0.036854348     0.027028852     -0.53758211
           0.13          -0.088           -0.02      0.26690485      0.04808552     0.032799306     -0.53938922
           0.13          -0.084           -0.02      0.27327301     0.056363327     0.035469502      -0.5411432
           0.13           -0.08           -0.02       0.2698076     0.063147083      0.03512058     -0.54264785
           0.13          -0.076           -0.02      0.26484418     0.068494245     0.031314733     -0.54399868
           0.13          -0.072           -0.02      0.26849992     0.071190819      0.02390823     -0.54529216
           0.13          -0.068           -0.02      0.29284793     0.069925364     0.013056318     -0.54648015
           0.13          -0.064           -0.02      0.35459777     0.063293278   -0.0029678439      -0.5473256
           0.13           -0.06           -0.02      0.47886237     0.051253136    -0.028302447     -0.54718242
           0.13          -0.056           -0.02      0.68998425     0.035106482    -0.066732521     -0.54573247
           0.13          -0.052           -0.02       1.0127779      0.02067932     -0.11908933     -0.54206751
           0.13          -0.048           -0.02       1.4332084     0.021192999      -0.1827372     -0.53442698
           0.13          -0.044           -0.02       1.7930835     0.037559594     -0.24978632     -0.52448253
           0.13           -0.04           -0.02       1.9829047     0.060310966     -0.31379766     -0.51316427
           0.13          -0.036           -0.02       2.0696984     0.087767788     -0.37299046     -0.50062277
           0.13          -0.032           -0.02       2.1127558      0.12216479      -0.4250335     -0.48934807
           0.13          -0.028           -0.02         2.12384      0.16549215     -0.46641607     -0.48100063
           0.13          -0.024           -0.02       2.1023051      0.21803156     -0.49132962     -0.47704606
           0.13           -0.02           -0.02       2.0450757      0.27887155     -0.49448408     -0.47829095
           0.13          -0.016           -0.02       1.9550609      0.34588751     -0.47095617      -0.4851205
           0.13          -0.012           -0.02       1.8509058      0.41429635     -0.41629989     -0.49662716
           0.13          -0.008           -0.02       1.7611059      0.47784425     -0.33141246     -0.50940739
           0.13          -0.004           -0.02       1.7127387      0.53176203     -0.22447382     -0.51904347
           0.13  -3.3895196e-46           -0.02       1.7193214      0.57273179     -0.10860552     -0.52216423
           0.13           0.004           -0.02        1.766145      0.59540001    0.0030908475     -0.51842868
           0.13           0.008           -0.02        1.829464      0.59600328      0.10123142     -0.50965114
           0.13           0.012           -0.02       1.8967312      0.57593264      0.18030539      -0.4983432
           0.13           0.016           -0.02       1.9658684      0.54009399      0.23890588     -0.48723842
           0.13            0.02           -0.02       2.0430481      0.49764491      0.27892551      -0.4789601
           0.13           0.024           -0.02       2.1145069      0.45660293      0.30107191     -0.47631355
           0.13           0.028           -0.02       2.1302715      0.41610504      0.30229714      -0.4807904
           0.13           0.032           -0.02       2.0546558       0.3700299      0.27945418      -0.4899273
           0.13           0.036           -0.02       1.9273465      0.31594476      0.23090246     -0.49996833
           0.13            0.04           -0.02       1.8631931      0.26449955      0.16018535     -0.50868203
           0.13           0.044           -0.02       1.8667673      0.23010441     0.088716822       -0.520038
           0.13           0.048           -0.02       1.7274792      0.20012268     0.034956965     -0.53907414
           0.13           0.052           -0.02       1.3931346       0.1558335    -0.004321525       -0.557272
           0.13           0.056           -0.02       1.0177779      0.10351641    -0.037072591     -0.56802584
           0.13            0.06           -0.02      0.68444381     0.055403828    -0.066955964     -0.57315474
           0.13           0.064           -0.02      0.41930376     0.018901316    -0.093512434     -0.57385387
           0.13           0.068           -0.02      0.23412939   -0.0024040712     -0.11443479     -0.57310454
           0.13           0.072           -0.02      0.12384392    -0.012233488     -0.12835122     -0.57257029
           0.13           0.076           -0.02     0.062997389    -0.017287396     -0.13765154     -0.57218644
           0.13            0.08           -0.02     0.027175275    -0.021363302     -0.14738318     -0.57165299
           0.13           0.084           -0.02    0.0019807963    -0.025803671     -0.16162033     -0.57073942
           0.13           0.088           -0.02    -0.022361095    -0.030276872     -0.18088043     -0.56960489
           0.13           0.092           -0.02    -0.056054451    -0.032666134     -0.19921934     -0.56863677
           0.13           0.096           -0.02     -0.10670789    -0.024981399     -0.19362675     -0.56781013
           0.13             0.1           -0.02               0               0               0     -0.56736842
           0.13          -0.096          -0.016       0.2553171     0.020612965     0.059500696     -0.53614947
           0.13            -0.1          -0.016               0               0               0     -0.53559516
           0.13          -0.092          -0.016      0.31005974     0.036355977     0.062987276     -0.53770672
           0.13          -0.088          -0.016      0.33372589      0.04738846     0.064735392     -0.53976487
           0.13          -0.084          -0.016      0.34017051     0.054850752     0.064503636     -0.54172187
           0.13           -0.08          -0.016      0.33728418     0.060515552     0.061926554     -0.54335075
           0.13          -0.076          -0.016      0.33166243     0.064962135     0.056326177     -0.54471027
           0.13          -0.072          -0.016      0.33090456     0.067708387     0.047279729     -0.54590868
           0.13          -0.068          -0.016      0.34500633     0.067898393     0.034891345     -0.54692703
           0.13          -0.064          -0.016      0.38757062     0.064384498     0.017521501     -0.54765633
           0.13           -0.06          -0.016      0.48161255     0.056239351    -0.008827487     -0.54761314
           0.13          -0.056          -0.016       0.6556218       0.0427038    -0.047172971     -0.54629807
           0.13          -0.052          -0.016      0.93622166     0.027735824    -0.097324094     -0.54273669
           0.13          -0.048          -0.016       1.3086255     0.023949996     -0.15901156     -0.53493374
           0.13          -0.044          -0.016       1.6510814     0.033546061     -0.23190849     -0.52383056
           0.13           -0.04          -0.016       1.8744806     0.048001003     -0.31029683      -0.5110207
           0.13          -0.036          -0.016       2.0060029     0.066495648      -0.3848866     -0.49766407
           0.13          -0.032          -0.016       2.0740734     0.093575774     -0.44954763     -0.48651005
           0.13          -0.028          -0.016       2.0877293      0.13198207     -0.50018763     -0.47979419
           0.13          -0.024          -0.016       2.0527185      0.18087138     -0.53110688     -0.47947856
           0.13           -0.02          -0.016       1.9682145      0.23896651     -0.53717867     -0.48658338
           0.13          -0.016          -0.016       1.8381433      0.30374407     -0.51238435     -0.50148373
           0.13          -0.012          -0.016       1.6878759      0.36963138     -0.45119821     -0.52237638
           0.13          -0.008          -0.016       1.5533281      0.43065399     -0.35534532     -0.54384155
           0.13          -0.004          -0.016       1.4697797      0.48374582     -0.23480808     -0.55920191
           0.13   -2.515587e-45          -0.016       1.4608177      0.52784605     -0.10296975     -0.56357852
           0.13           0.004          -0.016       1.5164799       0.5562727     0.026998536     -0.55651247
           0.13           0.008          -0.016       1.6101025      0.56281658      0.14308815     -0.54140807
           0.13           0.012          -0.016       1.7205319      0.54781805      0.23643962     -0.52206166
           0.13           0.016          -0.016       1.8351935      0.51511013      0.30361182     -0.50212807
           0.13            0.02          -0.016       1.9524665      0.47400504      0.34585494     -0.48576428
           0.13           0.024          -0.016       2.0557448      0.43327002      0.36452588     -0.47649399
           0.13           0.028          -0.016       2.0984923      0.39317907       0.3583036     -0.47575514
           0.13           0.032          -0.016       2.0508016      0.34846284      0.32659491     -0.48118443
           0.13           0.036          -0.016       1.9620494      0.29829566      0.27093729     -0.48908134
           0.13            0.04          -0.016       1.9445675      0.25473702      0.20103234     -0.49770392
           0.13           0.044          -0.016       1.9554484      0.22696234      0.13570272     -0.51154231
           0.13           0.048          -0.016       1.7861964      0.19909478     0.080909466     -0.53302415
           0.13           0.052          -0.016       1.4305016      0.15539522      0.03090926     -0.55212481
           0.13           0.056          -0.016       1.0446999      0.10344685    -0.016165013     -0.56320088
           0.13            0.06          -0.016      0.70833325     0.056225305    -0.059427284     -0.56864578
           0.13           0.064          -0.016      0.44918932     0.021889802    -0.096297874     -0.57021409
           0.13           0.068          -0.016      0.27737081    0.0034919683     -0.12387031     -0.57059705
           0.13           0.072          -0.016      0.18187221   -0.0038903864     -0.14166464     -0.57120705
           0.13           0.076          -0.016      0.13205461   -0.0074907634     -0.15349627     -0.57187237
           0.13            0.08          -0.016      0.10114384    -0.011433888     -0.16482003     -0.57215695
           0.13           0.084          -0.016     0.075188343    -0.017261737     -0.17908493     -0.57180187
           0.13           0.088          -0.016     0.045758646    -0.024478356     -0.19687025     -0.57083917
           0.13           0.092          -0.016    0.0045084014    -0.030026489     -0.21474218     -0.56957338
           0.13           0.096          -0.016    -0.056070355    -0.024915557     -0.21618767      -0.5682069
           0.13             0.1          -0.016               0               0               0     -0.56749288
           0.13          -0.096          -0.012      0.29005826     0.019042909     0.092447207      -0.5377425
           0.13            -0.1          -0.012               0               0               0     -0.53717836
           0.13          -0.092          -0.012      0.34995084     0.033575368     0.094418973     -0.53934832
           0.13          -0.088          -0.012      0.37637276     0.043885047     0.094540363     -0.54145996
           0.13          -0.084          -0.012      0.38447873     0.050435892     0.092602845     -0.54344068
           0.13           -0.08          -0.012      0.38301487     0.055129286     0.088199874     -0.54502097
           0.13          -0.076          -0.012      0.37848528     0.058766413     0.080838313     -0.54619402
           0.13          -0.072          -0.012       0.3771604     0.061314157     0.070159572     -0.54708629
           0.13          -0.068          -0.012       0.3868432     0.062244159     0.055992588     -0.54771107
           0.13          -0.064          -0.012      0.41858795     0.060669972     0.036815654     -0.54805263
           0.13           -0.06          -0.012       0.4919418     0.055162688    0.0088710368     -0.54785147
           0.13          -0.056          -0.012      0.63722727     0.043269558     -0.03072546     -0.54658755
           0.13          -0.052          -0.012      0.88278593     0.026910026    -0.081444955     -0.54320083
           0.13          -0.048          -0.012       1.2167117     0.017326913     -0.14488265     -0.53544551
           0.13          -0.044          -0.012       1.5596128     0.018662512     -0.22499109     -0.52327597
           0.13           -0.04          -0.012       1.8310564     0.024989156     -0.31545759      -0.5087817
           0.13          -0.036          -0.012       2.0021735     0.035983498     -0.40161911     -0.49456048
           0.13          -0.032          -0.012       2.0767644     0.056819979     -0.47490778     -0.48393336
           0.13          -0.028          -0.012       2.0758592     0.089003493     -0.53138731     -0.47963174
           0.13          -0.024          -0.012       2.0174478      0.13031084     -0.56597356     -0.48385861
           0.13           -0.02          -0.012       1.8993784      0.18042793      -0.5732535     -0.49771708
           0.13          -0.016          -0.012       1.7237246      0.23670175     -0.54542036     -0.52144026
           0.13          -0.012          -0.012       1.5222525      0.29314091     -0.47627354     -0.55209649
           0.13          -0.008          -0.012       1.3351843      0.34507451     -0.36943024     -0.58222235
           0.13          -0.004          -0.012       1.2050086      0.39174432     -0.23815979     -0.60310535
           0.13   3.6346636e-19          -0.012       1.1709502      0.43501316    -0.095194192     -0.60915774
           0.13           0.004          -0.012       1.2331081      0.46865273      0.05017979     -0.60028358
           0.13           0.008          -0.012       1.3602669      0.48394038      0.18414401     -0.58013913
           0.13           0.012          -0.012       1.5187501      0.47823688      0.29265929     -0.55272718
           0.13           0.016          -0.012       1.6844979       0.4535872       0.3693521     -0.52300784
           0.13            0.02          -0.012       1.8478245      0.41908721      0.41412847     -0.49721119
           0.13           0.024          -0.012       1.9867369      0.38355379      0.42878571     -0.48006103
           0.13           0.028          -0.012       2.0562945      0.34745518      0.41433964     -0.47321665
           0.13           0.032          -0.012       2.0375896      0.30640168      0.37342906     -0.47451226
           0.13           0.036          -0.012       1.9955965      0.26293245      0.31208973     -0.48026024
           0.13            0.04          -0.012       2.0172691       0.2294098      0.24370808     -0.48967645
           0.13           0.044          -0.012       2.0025244      0.20773056      0.18008755     -0.50656448
           0.13           0.048          -0.012       1.7786939      0.18124823      0.11917107     -0.52938557
           0.13           0.052          -0.012        1.401575      0.13944156     0.058299993     -0.54797886
           0.13           0.056          -0.012       1.0185864     0.090360204  -0.00038753357     -0.55855626
           0.13            0.06          -0.012      0.69492499     0.046408105    -0.054336075     -0.56369593
           0.13           0.064          -0.012      0.45736778     0.015958153    -0.098853707       -0.565577
           0.13           0.068          -0.012      0.31354241    0.0012535364     -0.13013569     -0.56676701
           0.13           0.072          -0.012      0.24163369   -0.0037371226     -0.14949021     -0.56819117
           0.13           0.076          -0.012      0.20492527   -0.0059803181      -0.1624486     -0.56945141
           0.13            0.08          -0.012       0.1786274   -0.0091015155     -0.17416107     -0.57011228
           0.13           0.084          -0.012      0.15157125    -0.014525409     -0.18738279     -0.56997641
           0.13           0.088          -0.012      0.11780127    -0.021667544     -0.20291778     -0.56903324
           0.13           0.092          -0.012     0.070918509    -0.027352362     -0.21918075     -0.56758174
           0.13           0.096          -0.012    0.0029505672    -0.022798992     -0.22507335     -0.56592095
           0.13             0.1          -0.012               0               0               0     -0.56505054
           0.13          -0.096          -0.008      0.30205538      0.01641298      0.12434978     -0.54138289
           0.13            -0.1          -0.008               0               0               0     -0.54088186
           0.13          -0.092          -0.008      0.36708081     0.028901772      0.12519375     -0.54287152
           0.13          -0.088          -0.008      0.39710409     0.037850515      0.12370572     -0.54483198
           0.13          -0.084          -0.008       0.4079744     0.043373898      0.12018143     -0.54661705
           0.13           -0.08          -0.008      0.40883766      0.04731169      0.11406767     -0.54794701
           0.13          -0.076          -0.008      0.40608532     0.050372714       0.1049992     -0.54874196
           0.13          -0.072          -0.008      0.40529575     0.052653335     0.092699524     -0.54911681
           0.13          -0.068          -0.008      0.41314138     0.053716434     0.076653761     -0.54912391
           0.13          -0.064          -0.008         0.44021     0.052568572     0.054996832     -0.54883707
           0.13           -0.06          -0.008      0.50737321     0.046987753     0.023972465     -0.54820519
           0.13          -0.056          -0.008       0.6485241     0.033578907    -0.019829258     -0.54676639
           0.13          -0.052          -0.008       0.8907567     0.013100599    -0.076308505     -0.54329647
           0.13          -0.048          -0.008       1.2223334   -0.0039175383     -0.14656303     -0.53498974
           0.13          -0.044          -0.008       1.5831097    -0.010681113     -0.23324881     -0.52104277
           0.13           -0.04          -0.008       1.8810087    -0.010498537     -0.32857896     -0.50443964
           0.13          -0.036          -0.008        2.049648   -0.0042683963     -0.41754137     -0.48942468
           0.13          -0.032          -0.008       2.0967433     0.011305897     -0.49267498     -0.48004025
           0.13          -0.028          -0.008        2.066854     0.034791317     -0.55092316     -0.47909168
           0.13          -0.024          -0.008       1.9830946     0.064093711     -0.58697972     -0.48846385
           0.13           -0.02          -0.008       1.8322075      0.10138062     -0.59360159     -0.50910504
           0.13          -0.016          -0.008       1.6132674      0.14350521     -0.56078112     -0.54086011
           0.13          -0.012          -0.008       1.3636134      0.18487964     -0.48243288     -0.57958369
           0.13          -0.008          -0.008       1.1210798       0.2236759     -0.36456915     -0.61628509
           0.13          -0.004          -0.008      0.93228355      0.26172295     -0.22555586     -0.64094164
           0.13   3.6346636e-19          -0.008      0.86426908      0.30142106    -0.078305196     -0.64833652
           0.13           0.004          -0.008      0.94146971      0.33950314     0.075330859      -0.6396012
           0.13           0.008          -0.008       1.1175255      0.36549324      0.22263302      -0.6168151
           0.13           0.012          -0.008       1.3315087      0.37089026      0.34434567     -0.58283628
           0.13           0.016          -0.008       1.5497274      0.35730301      0.43018444     -0.54443406
           0.13            0.02          -0.008       1.7577439      0.33381403      0.47751578     -0.50989669
           0.13           0.024          -0.008        1.928075      0.30840586      0.48815771     -0.48534469
           0.13           0.028          -0.008       2.0193376      0.28042118      0.46591118      -0.4728764
           0.13           0.032          -0.008       2.0307133      0.24703398      0.41717788     -0.47052505
           0.13           0.036          -0.008       2.0364268      0.21473753      0.35254357     -0.47489689
           0.13            0.04          -0.008       2.0715016      0.19287119      0.28445284     -0.48606514
           0.13           0.044          -0.008       1.9982689      0.17637789      0.21692949     -0.50552674
           0.13           0.048          -0.008       1.7129469      0.15122443      0.14686732     -0.52819201
           0.13           0.052          -0.008       1.3210776      0.11199202     0.076231883     -0.54511805
           0.13           0.056          -0.008      0.95075894     0.066792097    0.0088480801     -0.55441992
           0.13            0.06          -0.008       0.6528882     0.027517782    -0.051858666     -0.55880537
           0.13           0.064          -0.008      0.45235184     0.002286658    -0.099360611     -0.56061124
           0.13           0.068          -0.008       0.3468504   -0.0083226937     -0.13054258     -0.56221303
           0.13           0.072          -0.008      0.30043096    -0.011244204     -0.14965124     -0.56391773
           0.13           0.076          -0.008      0.27604349    -0.012273642     -0.16300814     -0.56520965
           0.13            0.08          -0.008      0.25451902    -0.014100672     -0.17467003     -0.56575585
           0.13           0.084          -0.008        0.227753    -0.017840361     -0.18661351     -0.56543389
           0.13           0.088          -0.008      0.19140234    -0.022930902     -0.19969799     -0.56426131
           0.13           0.092          -0.008      0.14035161    -0.026532101     -0.21349906     -0.56257397
           0.13           0.096          -0.008     0.066632198    -0.020809696     -0.22082158     -0.56072202
           0.13             0.1          -0.008               0               0               0     -0.55977353
           0.13          -0.096          -0.004      0.29103662     0.013607133      0.15419614     -0.54691799
           0.13            -0.1          -0.004               0               0               0     -0.54645411
           0.13          -0.092          -0.004      0.35922021     0.023559743      0.15394765     -0.54821073
           0.13          -0.088          -0.004      0.39297846     0.030335311      0.15058002     -0.54980572
           0.13          -0.084          -0.004      0.40757872     0.034545158      0.14542519     -0.55115706
           0.13           -0.08          -0.004      0.41175376     0.037763884      0.13776116     -0.55200556
           0.13          -0.076          -0.004      0.41140785      0.04037445      0.12727294     -0.55224736
           0.13          -0.072          -0.004      0.41177929     0.042306611       0.1136297      -0.5519723
           0.13          -0.068          -0.004      0.41988468     0.042931562     0.095909911     -0.55125795
           0.13          -0.064          -0.004      0.44947379     0.040668751     0.071501969     -0.55027629
           0.13           -0.06          -0.004      0.52905409     0.032021315     0.035817536     -0.54914412
           0.13          -0.056          -0.004      0.69711644     0.013239332    -0.015278981     -0.54733665
           0.13          -0.052          -0.004      0.96930317    -0.013749516    -0.080260176     -0.54301825
           0.13          -0.048          -0.004       1.3235706    -0.037575964     -0.15722578      -0.5330243
           0.13          -0.044          -0.004       1.6966116    -0.050399059     -0.24595672     -0.51671345
           0.13           -0.04          -0.004       1.9776494    -0.054454324     -0.33835454     -0.49807243
           0.13          -0.036          -0.004       2.0974714    -0.051807501     -0.42279667     -0.48273699
           0.13          -0.032          -0.004       2.0979921    -0.043147709      -0.4951652     -0.47514063
           0.13          -0.028          -0.004       2.0443413    -0.032259247     -0.55297247     -0.47757716
           0.13          -0.024          -0.004       1.9443457    -0.018168204     -0.58901858     -0.49151666
           0.13           -0.02          -0.004       1.7687315    0.0032719941     -0.59334976     -0.51803033
           0.13          -0.016          -0.004       1.5193191     0.027583795     -0.55465878     -0.55610748
           0.13          -0.012          -0.004        1.235978     0.051143827     -0.46762412     -0.59988176
           0.13          -0.008          -0.004      0.94449814     0.076626646     -0.33906534     -0.63922001
           0.13          -0.004          -0.004      0.68442998      0.10971559     -0.19207051     -0.66419089
           0.13  -5.2218392e-45          -0.004      0.57069774      0.14935508    -0.044362472     -0.67177131
           0.13           0.004          -0.004      0.68113417      0.19210192      0.10823967      -0.6644885
           0.13           0.008          -0.004      0.92867592      0.22609784      0.26047105     -0.64140319
           0.13           0.012          -0.004       1.2013848      0.23924088      0.39081899     -0.60366039
           0.13           0.016          -0.004       1.4661938      0.23638386      0.48310746     -0.55972246
           0.13            0.02          -0.004        1.709368       0.2264704      0.53130278     -0.51941592
           0.13           0.024          -0.004       1.8989336      0.21490618      0.53744913     -0.49002681
           0.13           0.028          -0.004        2.003289      0.19865166      0.50860767      -0.4739685
           0.13           0.032          -0.004       2.0431874      0.17764553      0.45473516     -0.46941824
           0.13           0.036          -0.004       2.0802985      0.16003426      0.38825677     -0.47379406
           0.13            0.04          -0.004        2.089495      0.14895095      0.31723416     -0.48705979
           0.13           0.044          -0.004       1.9371335       0.1363732      0.24159873     -0.50767291
           0.13           0.048          -0.004        1.599403      0.11334398      0.16222899     -0.52879056
           0.13           0.052          -0.004       1.2051736     0.077580134     0.084665749     -0.54340968
           0.13           0.056          -0.004      0.85761421     0.036992394      0.01244706     -0.55100521
           0.13            0.06          -0.004      0.59878813    0.0038102975    -0.049792659     -0.55439776
           0.13           0.064          -0.004      0.44641224     -0.01509214    -0.094917299     -0.55597343
           0.13           0.068          -0.004       0.3787732    -0.021771698     -0.12331785      -0.5575642
           0.13           0.072          -0.004      0.35232003    -0.023076393     -0.14143917      -0.5590132
           0.13           0.076          -0.004      0.33761305    -0.023129216     -0.15470915     -0.55987167
           0.13            0.08          -0.004      0.32137539    -0.023687874     -0.16589585     -0.55991382
           0.13           0.084          -0.004      0.29731004    -0.025403683     -0.17638938     -0.55905152
           0.13           0.088          -0.004      0.26120249    -0.027654721     -0.18705841     -0.55736027
           0.13           0.092          -0.004      0.20792468    -0.027937197     -0.19827441      -0.5552374
           0.13           0.096          -0.004      0.12944409    -0.019951057     -0.20513885     -0.55314469
           0.13             0.1          -0.004               0               0               0     -0.55214678
           0.13          -0.096               0      0.25778217     0.011330013       0.1797458     -0.55370772
           0.13            -0.1               0               0               0               0      -0.5532066
           0.13          -0.092   3.6346636e-19       0.3257769     0.018549389      0.17839399     -0.55480979
           0.13          -0.088   3.6346636e-19      0.36217146     0.022335786      0.17297992     -0.55591748
           0.13          -0.084   3.6346636e-19      0.38064283     0.024745851      0.16618915     -0.55670111
           0.13           -0.08   1.9494982e-18       0.3886657     0.026982056      0.15721147     -0.55691491
           0.13          -0.076               0      0.39141189     0.029037756      0.14573868     -0.55649027
           0.13          -0.072               0      0.39438645     0.030433719      0.13126541     -0.55551333
           0.13          -0.068   3.6346636e-19      0.40707317     0.030055001       0.1122104     -0.55409631
           0.13          -0.064  -3.6346636e-19      0.45078483     0.025310817     0.084697634     -0.55254258
           0.13           -0.06   7.9564081e-46      0.56421069     0.011218951     0.042927495     -0.55108598
           0.13          -0.056  -1.4546016e-46      0.77948104     -0.01498133    -0.015646429     -0.54858292
           0.13          -0.052  -1.4441145e-47       1.0915361    -0.048446069    -0.086085992      -0.5426646
           0.13          -0.048  -2.3129646e-18       1.4684326    -0.077453607     -0.16491473     -0.53036153
           0.13          -0.044  -2.3129646e-18       1.8327443    -0.094702359      -0.2504194     -0.51158669
           0.13           -0.04               0       2.0584139     -0.10215033     -0.33518601     -0.49154238
           0.13          -0.036  -3.6346636e-19       2.1076692     -0.10427422      -0.4124007      -0.4768342
           0.13          -0.032               0       2.0731791     -0.10655009     -0.48118203     -0.47115373
           0.13          -0.028               0       2.0168682     -0.11137959      -0.5376184     -0.47565677
           0.13          -0.024  -3.4029281e-47       1.9110951     -0.11304946     -0.57136767      -0.4920724
           0.13           -0.02  -5.3296367e-46       1.7214743     -0.10835236     -0.57110924     -0.52197148
           0.13          -0.016  -3.0263778e-45       1.4630298     -0.10222156     -0.52667758     -0.56337168
           0.13          -0.012   3.6346636e-19       1.1730449    -0.094068585     -0.43441945     -0.60895021
           0.13          -0.008   3.6346636e-19      0.86624164    -0.076916306     -0.30134097     -0.64814648
           0.13          -0.004   2.7521631e-45      0.57229066     -0.04285795      -0.1496445     -0.67167052
           0.13   1.0759285e-45   2.8669715e-46      0.43402051    0.0005927202   -0.0009843137     -0.67864419
           0.13           0.004  -1.4822744e-45      0.56800027     0.044311789      0.14785732     -0.67196568
           0.13           0.008  -3.9370195e-42       0.8610628     0.078758052       0.3001046     -0.64871646
           0.13           0.012   1.0758818e-44       1.1676782     0.096112243        0.434016     -0.60963704
           0.13           0.016   1.3214974e-45       1.4575084      0.10429355      0.52713877     -0.56401351
           0.13            0.02   1.4387896e-46       1.7162776      0.11025658        0.572249     -0.52242176
           0.13           0.024   1.6014881e-47       1.9071955      0.11476015      0.57288792     -0.49228894
           0.13           0.028               0       2.0146288      0.11284766      0.53923707     -0.47569783
           0.13           0.032               0       2.0724582       0.1075533      0.48279297     -0.47111084
           0.13           0.036               0       2.1074893      0.10448918       0.4140204     -0.47682184
           0.13            0.04               0       2.0560412      0.10114377      0.33686631     -0.49167535
           0.13           0.044               0       1.8256247     0.091760485      0.25197527      -0.5118438
           0.13           0.048  -1.3458906e-48       1.4554574     0.072067171       0.1655831     -0.53055571
           0.13           0.052   1.3093498e-47       1.0729199     0.040751659     0.085016909     -0.54269137
           0.13           0.056  -5.6290188e-46      0.75975064    0.0060463828     0.013251177       -0.548433
           0.13            0.06  -5.4498034e-47      0.55052681    -0.019511289    -0.044594402     -0.55079525
           0.13           0.064  -8.3519331e-48      0.44421881    -0.032008289    -0.084058964     -0.55207444
           0.13           0.068               0      0.40290207    -0.035632312      -0.1091534     -0.55324104
           0.13           0.072               0      0.38850194    -0.035819292      -0.1260349     -0.55406365
           0.13           0.076               0      0.38089433    -0.035248321     -0.13861518     -0.55421954
           0.13            0.08               0      0.37049073    -0.034931373     -0.14875344     -0.55353899
           0.13           0.084   3.6346636e-19      0.35145616    -0.034957192     -0.15749866     -0.55193767
           0.13           0.088               0       0.3186763    -0.034442758     -0.16571466      -0.5495523
           0.13           0.092               0      0.26587279    -0.031021818     -0.17427097     -0.54684354
           0.13           0.096               0      0.18416657     -0.02033526     -0.17993256      -0.5444469
           0.13             0.1               0               0               0               0     -0.54340766
           0.13          -0.096           0.004      0.20676936    0.0096596404       0.1985328     -0.56075558
           0.13            -0.1           0.004               0               0               0     -0.56021656
           0.13          -0.092           0.004      0.27106927      0.01409323      0.19592223     -0.56166681
           0.13          -0.088           0.004      0.30768912      0.01443951      0.18840779      -0.5623042
           0.13          -0.084           0.004      0.32878894     0.014625508      0.18004255     -0.56254115
           0.13           -0.08           0.004      0.34034353     0.015529035      0.17012313     -0.56213263
           0.13          -0.076           0.004      0.34697509     0.016827924      0.15828116     -0.56108071
           0.13          -0.072           0.004      0.35554129     0.017503302      0.14361293     -0.55948875
           0.13          -0.068           0.004      0.38067474     0.015687589      0.12343828     -0.55755558
           0.13          -0.064           0.004      0.45398052    0.0073386196     0.092334555     -0.55573609
           0.13           -0.06           0.004      0.61532957    -0.013249278      0.04513175     -0.55405697
           0.13          -0.056           0.004      0.87759914    -0.046319274    -0.016772014     -0.55052727
           0.13          -0.052           0.004        1.221624     -0.08493347    -0.087043137     -0.54277554
           0.13          -0.048           0.004        1.609666     -0.11810344     -0.16284793     -0.52808202
           0.13          -0.044           0.004       1.9413569     -0.13867439     -0.24125099      -0.5071183
           0.13           -0.04           0.004       2.0894448     -0.14943832     -0.31665878     -0.48683199
           0.13          -0.036           0.004       2.0791968     -0.15937783     -0.38764445     -0.47381722
           0.13          -0.032           0.004       2.0436243     -0.17622229     -0.45396967     -0.46950953
           0.13          -0.028           0.004       2.0056527     -0.19677372     -0.50766541     -0.47399827
           0.13          -0.024           0.004       1.9028997     -0.21276365     -0.53648707     -0.48990318
           0.13           -0.02           0.004       1.7142286     -0.22411165     -0.53059842     -0.51908158
           0.13          -0.016           0.004       1.4710839     -0.23391837     -0.48295217     -0.55921605
           0.13          -0.012           0.004       1.2059705      -0.2369179     -0.39141309     -0.60311513
           0.13          -0.008           0.004      0.93269146      -0.2241187      -0.2617812     -0.64098775
           0.13          -0.004           0.004      0.68355517     -0.19048947     -0.10999006      -0.6643073
           0.13   5.7191143e-45           0.004      0.56943128     -0.14788296     0.042592941     -0.67186591
           0.13           0.004           0.004      0.67988337     -0.10805798      0.19060293     -0.66461971
           0.13           0.008           0.004      0.93906089    -0.074795537      0.33821019     -0.63992109
           0.13           0.012           0.004       1.2303719    -0.049296143      0.46767971     -0.60069294
           0.13           0.016           0.004        1.513699    -0.025830644      0.55562678     -0.55686836
           0.13            0.02           0.004       1.7637922   -0.0017088277       0.5950468     -0.51859564
           0.13           0.024           0.004       1.9409242     0.019579669       0.5911347      -0.4918452
           0.13           0.028           0.004       2.0423898     0.033434581      0.55524081     -0.47771201
           0.13           0.032           0.004       2.0970835     0.043861576      0.49754559      -0.4751568
           0.13           0.036           0.004       2.0963674     0.051756164      0.42533007     -0.48272252
           0.13            0.04           0.004       1.9737452     0.053171317      0.34110671     -0.49808469
           0.13           0.044           0.004       1.6880501     0.047208074      0.24881777     -0.51666963
           0.13           0.048           0.004       1.3097392      0.03220401      0.15937111      -0.5327377
           0.13           0.052           0.004      0.95134199    0.0067737954     0.081046877     -0.54246333
           0.13           0.056           0.004      0.67982115    -0.020585141     0.015607384     -0.54660318
           0.13            0.06           0.004      0.51588858    -0.038580028     -0.03446433     -0.54822198
           0.13           0.064           0.004      0.43921299    -0.046243982    -0.068230399      -0.5490281
           0.13           0.068           0.004      0.41059112    -0.048008687    -0.090322185     -0.54950078
           0.13           0.072           0.004      0.40224727    -0.047604482     -0.10557177     -0.54955384
           0.13           0.076           0.004      0.39988834    -0.046775042     -0.11679148     -0.54895776
           0.13            0.08           0.004       0.3953128     -0.04602846     -0.12532058     -0.54754827
           0.13           0.084           0.004      0.38241078    -0.044939543     -0.13203317     -0.54522369
           0.13           0.088           0.004      0.35506071      -0.0422198     -0.13779295     -0.54215454
           0.13           0.092           0.004      0.30561634    -0.035389425     -0.14365513     -0.53884919
           0.13           0.096           0.004      0.22379902    -0.021942256     -0.14780209     -0.53616451
           0.13             0.1           0.004               0               0               0     -0.53511047
           0.13          -0.096           0.008      0.14513902    0.0083898426      0.20879854     -0.56687784
           0.13            -0.1           0.008               0               0               0     -0.56636357
           0.13          -0.092           0.008      0.20336404     0.010305307      0.20471873     -0.56759991
           0.13          -0.088           0.008      0.23744141    0.0074920105      0.19500708     -0.56790395
           0.13          -0.084           0.008      0.25882468    0.0055122943      0.18506841     -0.56775466
           0.13           -0.08           0.008      0.27276355    0.0050383986      0.17455457     -0.56691159
           0.13          -0.076           0.008      0.28422576    0.0055444769      0.16297651     -0.56544938
           0.13          -0.072           0.008      0.30281389    0.0054579386      0.14869688     -0.56352241
           0.13          -0.068           0.008      0.35012612    0.0019085956      0.12763551       -0.561463
           0.13          -0.064           0.008      0.46308373    -0.010524302     0.094041767     -0.55973325
           0.13           -0.06           0.008      0.67019659    -0.036978656     0.045544996     -0.55780763
           0.13          -0.056           0.008      0.96811249    -0.075445074    -0.014037913      -0.5532409
           0.13          -0.052           0.008        1.333734     -0.11835617    -0.079513912     -0.54378618
           0.13          -0.048           0.008       1.7191274     -0.15492751     -0.14851755     -0.52692095
           0.13          -0.044           0.008       1.9985968     -0.17775197     -0.21770001      -0.5046727
           0.13           -0.04           0.008       2.0686406      -0.1926324     -0.28505323     -0.48572782
           0.13          -0.036           0.008       2.0341436     -0.21348244     -0.35303902     -0.47487199
           0.13          -0.032           0.008       2.0309263     -0.24506981     -0.41729758     -0.47058339
           0.13          -0.028           0.008       2.0216216     -0.27802328     -0.46563075     -0.47289745
           0.13          -0.024           0.008       1.9316922     -0.30573831      -0.4876874     -0.48525074
           0.13           -0.02           0.008       1.7618677     -0.33093476     -0.47712894     -0.50964015
           0.13          -0.016           0.008       1.5536639     -0.35435355     -0.43015097     -0.54404519
           0.13          -0.012           0.008       1.3349446     -0.36811404     -0.34485273     -0.58242549
           0.13          -0.008           0.008       1.1200628      -0.3630697     -0.22367242     -0.61653144
           0.13          -0.004           0.008      0.94229041     -0.33740615    -0.076654472     -0.63953123
           0.13   6.2329602e-45           0.008       0.8627294      -0.2995307     0.077071948     -0.64853739
           0.13           0.004           0.008      0.92851087      -0.2598976      0.22467199     -0.64147514
           0.13           0.008           0.008        1.116037     -0.22189153      0.36431995     -0.61708407
           0.13           0.012           0.008       1.3582559     -0.18321478      0.48309834     -0.58048558
           0.13           0.016           0.008       1.6081081     -0.14200758      0.56235805     -0.54169244
           0.13            0.02           0.008       1.8280134     -0.10004594      0.59589291     -0.50974036
           0.13           0.024           0.008       1.9803699    -0.062877282      0.58967207     -0.48887017
           0.13           0.028           0.008       2.0653236    -0.033808608      0.55380193     -0.47929291
           0.13           0.032           0.008        2.095902    -0.010747966      0.49576213     -0.48007563
           0.13           0.036           0.008       2.0481599    0.0041266504       0.4209311     -0.48934083
           0.13            0.04           0.008       1.8765706    0.0092283812        0.332398     -0.50424547
           0.13           0.044           0.008       1.5747658    0.0077888062      0.23743379     -0.52062553
           0.13           0.048           0.008       1.2105434   -0.0005173311      0.15027278     -0.53418145
           0.13           0.052           0.008      0.87649109    -0.018199863      0.07907671     -0.54215189
           0.13           0.056           0.008      0.63287332    -0.038613991     0.022363103      -0.5454336
           0.13            0.06           0.008      0.49078523    -0.051748142    -0.020667014     -0.54661148
           0.13           0.064           0.008      0.42349131    -0.057146138    -0.049913339     -0.54680266
           0.13           0.068           0.008      0.39780229    -0.058383008    -0.069061735     -0.54651582
           0.13           0.072           0.008      0.39206947     -0.05793332    -0.082208697     -0.54583032
           0.13           0.076           0.008      0.39370157    -0.057094817    -0.091530796     -0.54458485
           0.13            0.08           0.008      0.39419052    -0.056155349    -0.098058779     -0.54261483
           0.13           0.084           0.008      0.38693407    -0.054386009     -0.10261919     -0.53978439
           0.13           0.088           0.008      0.36529576    -0.050113896     -0.10604627     -0.53623503
           0.13           0.092           0.008      0.32097181    -0.040640512     -0.10927887     -0.53248493
           0.13           0.096           0.008      0.24263075    -0.024585852     -0.11162258     -0.52956685
           0.13             0.1           0.008               0               0               0      -0.5284883
           0.13          -0.096           0.012      0.07997361     0.007604571      0.21034855     -0.57104827
           0.13            -0.1           0.012               0               0               0     -0.57059246
           0.13          -0.092           0.012      0.13089126    0.0078014296      0.20457311      -0.5716251
           0.13          -0.088           0.012      0.16016284    0.0029721561      0.19236462     -0.57176254
           0.13          -0.084           0.012      0.17940802  -0.00029797987      0.18063787     -0.57145462
           0.13           -0.08           0.012      0.19454216   -0.0015899244      0.16967595     -0.57048124
           0.13          -0.076           0.012      0.21204457   -0.0016212923      0.15885575     -0.56895302
           0.13          -0.072           0.012      0.24498257   -0.0024223776      0.14557824     -0.56712064
           0.13          -0.068           0.012      0.31981586   -0.0078446933      0.12483808      -0.5654191
           0.13          -0.064           0.012      0.46984881    -0.024035997     0.092224293     -0.56407359
           0.13           -0.06           0.012       0.7104929    -0.055107747     0.047720839     -0.56200068
           0.13          -0.056           0.012       1.0321149    -0.097862438   -0.0049823225     -0.55662646
           0.13          -0.052           0.012       1.4095957      -0.1445207    -0.062075432      -0.5458984
           0.13          -0.048           0.012       1.7800731      -0.1836995     -0.12162657     -0.52755663
           0.13          -0.044           0.012       1.9985533     -0.20804089     -0.18196584      -0.5054121
           0.13           -0.04           0.012       2.0118213     -0.22832455     -0.24560951     -0.48916814
           0.13          -0.036           0.012       1.9925257     -0.26097361     -0.31376389     -0.48006866
           0.13          -0.032           0.012        2.037613      -0.3038029     -0.37441372      -0.4744067
           0.13          -0.028           0.012       2.0582792     -0.34447088     -0.41466373     -0.47310614
           0.13          -0.024           0.012       1.9896978      -0.3803465     -0.42873414     -0.47989102
           0.13           -0.02           0.012       1.8510022     -0.41570481      -0.4139867     -0.49694531
           0.13          -0.016           0.012       1.6873931     -0.45014393     -0.36935556     -0.52266301
           0.13          -0.012           0.012       1.5210963     -0.47493428     -0.29295661     -0.55238121
           0.13          -0.008           0.012       1.3617359     -0.48094506     -0.18473002      -0.5799085
           0.13          -0.004           0.012       1.2333008     -0.46606153    -0.050861528     -0.60028355
           0.13   5.7436496e-45           0.012        1.169536     -0.43279054     0.094660274     -0.60944012
           0.13           0.004           0.012       1.2018862     -0.38975305      0.23800914      -0.6036908
           0.13           0.008           0.012       1.3308889     -0.34329292       0.3699539     -0.58305652
           0.13           0.012           0.012       1.5176192     -0.29159805      0.47766851     -0.55302045
           0.13           0.016           0.012        1.719442      -0.2353741      0.54766208     -0.52228683
           0.13            0.02           0.012       1.8961149     -0.17924758      0.57613093     -0.49837035
           0.13           0.024           0.012       2.0154172     -0.12924076      0.56919844     -0.48428301
           0.13           0.028           0.012       2.0747417    -0.088143325      0.53481857     -0.47982887
           0.13           0.032           0.012       2.0760226    -0.056302945      0.47861924     -0.48390337
           0.13           0.036           0.012       2.0005118    -0.036036438      0.40577015     -0.49429863
           0.13            0.04           0.012        1.826942    -0.025916046      0.32021394     -0.50824137
           0.13           0.044           0.012       1.5538893     -0.02067387      0.23022205     -0.52233227
           0.13           0.048           0.012       1.2111925    -0.019968948      0.14978638     -0.53398216
           0.13           0.052           0.012      0.87527756    -0.029370653     0.085511897     -0.54135409
           0.13           0.056           0.012      0.62382917     -0.04562723     0.034441473     -0.54451582
           0.13            0.06           0.012      0.47203762    -0.058008211   -0.0044864978     -0.54548155
           0.13           0.064           0.012      0.39566432    -0.064197162     -0.03059344      -0.5452531
           0.13           0.068           0.012      0.36568435    -0.066435678    -0.047051063     -0.54438706
           0.13           0.072           0.012      0.36014229    -0.066542726    -0.057931305     -0.54315944
           0.13           0.076           0.012      0.36471751    -0.065856279    -0.065117527     -0.54145948
           0.13            0.08           0.012      0.36908626    -0.064724872    -0.069427073     -0.53914251
           0.13           0.084           0.012      0.36590586    -0.062402254    -0.071775993     -0.53606852
           0.13           0.088           0.012      0.34870103    -0.057013642    -0.072987732     -0.53232106
           0.13           0.092           0.012      0.30962534    -0.045731534    -0.073685527      -0.5283988
           0.13           0.096           0.012      0.23687932    -0.027473978    -0.073369015     -0.52541097
           0.13             0.1           0.012               0               0               0     -0.52433612
           0.13          -0.096           0.016     0.015917403    0.0073952884      0.20386902     -0.57276426
           0.13            -0.1           0.016               0               0               0     -0.57242152
           0.13          -0.092           0.016     0.058799197    0.0071795003      0.19637882      -0.5731661
           0.13          -0.088           0.016     0.081765813    0.0023011706      0.18116417     -0.57323033
           0.13          -0.084           0.016     0.097402617   -0.0006155246      0.16728173     -0.57296882
           0.13           -0.08           0.016      0.11353297   -0.0016710862      0.15602525      -0.5721802
           0.13          -0.076           0.016      0.13836496   -0.0018348781      0.14654073      -0.5709833
           0.13          -0.072           0.016      0.18708477   -0.0033861814      0.13529676     -0.56972382
           0.13          -0.068           0.016      0.28637074    -0.010694541      0.11723289     -0.56878919
           0.13          -0.064           0.016      0.46233581    -0.029951488     0.089537353     -0.56811446
           0.13           -0.06           0.016      0.72195118    -0.064274341     0.053256593     -0.56624005
           0.13          -0.056           0.016       1.0549423     -0.10998437     0.011033299      -0.5605244
           0.13          -0.052           0.016       1.4344926      -0.1593981    -0.034926025     -0.54932824
           0.13          -0.048           0.016       1.7830316     -0.20044631    -0.084098657     -0.53066181
           0.13          -0.044           0.016       1.9475134     -0.22627161     -0.13882359      -0.5100726
           0.13           -0.04           0.016       1.9372228     -0.25281547     -0.20439334     -0.49692853
           0.13          -0.036           0.016        1.958653     -0.29561536     -0.27380434     -0.48858848
           0.13          -0.032           0.016       2.0507037     -0.34519131     -0.32836901     -0.48078408
           0.13          -0.028           0.016       2.1001122     -0.38959478      -0.3591266      -0.4753919
           0.13          -0.024           0.016        2.057944     -0.42956628     -0.36479455      -0.4761379
           0.13           -0.02           0.016        1.954645     -0.47021249     -0.34590061     -0.48538386
           0.13          -0.016           0.016       1.8370749     -0.51128202     -0.30362872     -0.50172214
           0.13          -0.012           0.016       1.7219355     -0.54409264     -0.23651261     -0.52167884
           0.13          -0.008           0.016       1.6107726     -0.55934068     -0.14319681     -0.54113669
           0.13          -0.004           0.016       1.5161812     -0.55318313    -0.027017275     -0.55645631
           0.13   5.7942887e-45           0.016       1.4593479     -0.52519386      0.10321157     -0.56380409
           0.13           0.004           0.016       1.4670692     -0.48148787      0.23551322     -0.55973002
           0.13           0.008           0.016       1.5497591     -0.42877422       0.3567427     -0.54461819
           0.13           0.012           0.016       1.6841045      -0.3681081      0.45340715     -0.52326122
           0.13           0.016           0.016       1.8348004     -0.30250554      0.51532768     -0.50231451
           0.13            0.02           0.016       1.9657572     -0.23791191      0.54062052     -0.48723291
           0.13           0.024           0.016       2.0511543     -0.17994951      0.53479074     -0.47987891
           0.13           0.028           0.016       2.0867176     -0.13123343      0.50402974      -0.4799103
           0.13           0.032           0.016       2.0730606    -0.093050622      0.45366208     -0.48630515
           0.13           0.036           0.016       2.0041016    -0.066324201      0.38949852     -0.49708657
           0.13            0.04           0.016       1.8720024    -0.048316458      0.31561071     -0.50997193
           0.13           0.044           0.016       1.6522691    -0.034304599      0.23779316     -0.52215124
           0.13           0.048           0.016       1.3146487     -0.02445547      0.16473404     -0.53256707
           0.13           0.052           0.016      0.93905583    -0.027443311      0.10233604     -0.53993231
           0.13           0.056           0.016      0.64780676    -0.042473902     0.051889846     -0.54324799
           0.13            0.06           0.016      0.46186932    -0.057197058      0.01428004     -0.54430307
           0.13           0.064           0.016      0.36028236    -0.066800324    -0.010260533     -0.54404726
           0.13           0.068           0.016      0.31778952    -0.071653583    -0.024993611     -0.54297013
           0.13           0.072           0.016      0.30856573    -0.073091009    -0.033937256     -0.54152123
           0.13           0.076           0.016       0.3142387    -0.072757914    -0.039092509     -0.53963074
           0.13            0.08           0.016      0.32114839    -0.071312233    -0.041200649     -0.53718185
           0.13           0.084           0.016      0.32022206    -0.068306147    -0.041132794     -0.53406846
           0.13           0.088           0.016      0.30508089    -0.061935077    -0.039569322     -0.53036528
           0.13           0.092           0.016      0.26864437    -0.049413174    -0.036411941     -0.52659013
           0.13           0.096           0.016      0.19783682    -0.029526315    -0.029840989     -0.52389109
           0.13             0.1           0.016               0               0               0      -0.5229952
           0.13          -0.096            0.02    -0.045044523    0.0074609112      0.18969077     -0.57215309
           0.13            -0.1            0.02               0               0               0     -0.57201992
           0.13          -0.092            0.02    -0.011364648    0.0083774601      0.18011318       -0.572247
           0.13          -0.088            0.02    0.0046055287    0.0058271357      0.16132554      -0.5722573
           0.13          -0.084            0.02     0.017256955    0.0049924508      0.14549211     -0.57221989
           0.13           -0.08            0.02     0.035950263    0.0049881362      0.13481112     -0.57189963
           0.13          -0.076            0.02     0.069132059    0.0048046504      0.12778136     -0.57139564
           0.13          -0.072            0.02      0.13123601    0.0022900369      0.12009272      -0.5710558
           0.13          -0.068            0.02       0.2460789   -0.0067820255        0.107094     -0.57108638
           0.13          -0.064            0.02      0.43416205    -0.028094774     0.087054899      -0.5713119
           0.13           -0.06            0.02      0.69797499    -0.063783304     0.061427529     -0.57010877
           0.13          -0.056            0.02       1.0271671     -0.10996297     0.032258899     -0.56467371
           0.13          -0.052            0.02       1.3957403     -0.15958581  -6.2295209e-05     -0.55388254
           0.13          -0.048            0.02       1.7218645      -0.2010831    -0.039273446     -0.53626595
           0.13          -0.044            0.02       1.8562885     -0.22888218    -0.093501921     -0.51825191
           0.13           -0.04            0.02       1.8549483     -0.26202204     -0.16519099     -0.50756322
           0.13          -0.036            0.02       1.9241302     -0.31270142     -0.23494202     -0.49907521
           0.13          -0.032            0.02       2.0547458     -0.36614574     -0.28193108     -0.48914462
           0.13          -0.028            0.02       2.1317712     -0.41193578     -0.30347866     -0.48009914
           0.13          -0.024            0.02       2.1161312     -0.45242214     -0.30151896     -0.47570024
           0.13           -0.02            0.02       2.0443865     -0.49349329     -0.27907181     -0.47838102
           0.13          -0.016            0.02       1.9668972     -0.53597146     -0.23891731     -0.48666836
           0.13          -0.012            0.02       1.8973878     -0.57191453     -0.18019171     -0.49781222
           0.13          -0.008            0.02       1.8295218     -0.59219362     -0.10093327     -0.50924145
           0.13          -0.004            0.02       1.7653599     -0.59190635   -0.0024951068     -0.51822894
           0.13   1.5855326e-45            0.02       1.7175843     -0.56965659      0.10963126     -0.52223846
           0.13           0.004            0.02       1.7101339      -0.5291753      0.22607516     -0.51942935
           0.13           0.008            0.02       1.7579797     -0.47577055      0.33372562     -0.51006885
           0.13           0.012            0.02       1.8477537     -0.41270534      0.41934731     -0.49744333
           0.13           0.016            0.02       1.9523427      -0.3446936      0.47459048     -0.48592491
           0.13            0.02            0.02       2.0430195     -0.27796011      0.49843919     -0.47892588
           0.13           0.024            0.02       2.1007724     -0.21731337      0.49536802     -0.47739353
           0.13           0.028            0.02       2.1224837     -0.16491615       0.4704782      -0.4809773
           0.13           0.032            0.02       2.1111873     -0.12165764      0.42925385      -0.4888727
           0.13           0.036            0.02        2.067974    -0.087306515       0.3776661     -0.49960335
           0.13            0.04            0.02       1.9840147    -0.059878411       0.3192763     -0.51147374
           0.13           0.044            0.02       1.8046605    -0.037040379       0.2562201     -0.52190046
           0.13           0.048            0.02       1.4529539    -0.019937271      0.18956641     -0.53095354
           0.13           0.052            0.02       1.0261248    -0.018484261      0.12554104     -0.53812167
           0.13           0.056            0.02      0.68842479    -0.033310072      0.07313681     -0.54156932
           0.13            0.06            0.02       0.4612528    -0.051209663     0.035547655     -0.54283973
           0.13           0.064            0.02       0.3247123    -0.065385874      0.01182553     -0.54283365
           0.13           0.068            0.02      0.25886016    -0.074165085   -0.0015577805     -0.54182484
           0.13           0.072            0.02      0.23705589    -0.077912939   -0.0085349009     -0.54039978
           0.13           0.076            0.02      0.23764758    -0.078387886    -0.011343879     -0.53858043
           0.13            0.08            0.02      0.24345273    -0.076583423    -0.010698839     -0.53626514
           0.13           0.084            0.02      0.24185031    -0.072602501   -0.0070807962     -0.53337513
           0.13           0.088            0.02      0.22482461    -0.064939062  -0.00053892784     -0.53002208
           0.13           0.092            0.02      0.18433698    -0.051069409     0.010272514     -0.52680913
           0.13           0.096            0.02      0.10382101    -0.030157434     0.029759088     -0.52493361
           0.13             0.1            0.02               0               0               0     -0.52451068
           0.13          -0.096           0.024     -0.10126934    0.0073184236      0.16845296     -0.56976337
           0.13            -0.1           0.024               0               0               0     -0.56991571
           0.13          -0.092           0.024    -0.077760083     0.010750767      0.15563955     -0.56951313
           0.13          -0.088           0.024    -0.067340853     0.011898658      0.13309738     -0.56962009
           0.13          -0.084           0.024    -0.054511019      0.01330734      0.11658445     -0.57004156
           0.13           -0.08           0.024    -0.031091738     0.013977047      0.10779587     -0.57043531
           0.13          -0.076           0.024     0.010046854     0.013425731       0.1042513     -0.57085009
           0.13          -0.072           0.024     0.081091011    0.0099591415      0.10135878       -0.571518
           0.13          -0.068           0.024      0.20135069  -7.1780121e-05     0.094896646     -0.57246172
           0.13          -0.064           0.024      0.38827114    -0.021605876     0.083525412     -0.57355575
           0.13           -0.06           0.024      0.64252229    -0.056039694     0.068894349     -0.57320536
           0.13          -0.056           0.024      0.95219237    -0.099255873     0.053170572     -0.56868591
           0.13          -0.052           0.024       1.2937149     -0.14485654      0.03551983     -0.55928093
           0.13          -0.048           0.024       1.5958844      -0.1827522    0.0069164175     -0.54369416
           0.13          -0.044           0.024       1.7314232     -0.21197377     -0.04939323     -0.52837295
           0.13           -0.04           0.024       1.7662812     -0.25279807      -0.1284982     -0.51920175
           0.13          -0.036           0.024       1.8787463     -0.31050989     -0.19708593       -0.510206
           0.13          -0.032           0.024       2.0407213      -0.3670891     -0.23678237     -0.49870782
           0.13          -0.028           0.024       2.1445207     -0.41344262     -0.25053988     -0.48696456
           0.13          -0.024           0.024       2.1517489     -0.45208873     -0.24274209     -0.47888968
           0.13           -0.02           0.024       2.1015707     -0.48993429     -0.21826403     -0.47691913
           0.13          -0.016           0.024       2.0514443     -0.52962293     -0.18077511     -0.47938131
           0.13          -0.012           0.024       2.0157021      -0.5644622      -0.1299495     -0.48379043
           0.13          -0.008           0.024       1.9808679     -0.58546941    -0.063466596     -0.48843482
           0.13          -0.004           0.024       1.9414907      -0.5874875      0.01915427     -0.49153177
           0.13   1.2659459e-46           0.024       1.9076327     -0.56980464      0.11456637     -0.49214301
           0.13           0.004           0.024       1.8991335     -0.53492163      0.21499751     -0.49006134
           0.13           0.008           0.024       1.9280618     -0.48614983      0.30881063     -0.48552259
           0.13           0.012           0.024       1.9866169     -0.42724168      0.38425559     -0.48028626
           0.13           0.016           0.024       2.0556456     -0.36336672      0.43419274     -0.47663304
           0.13            0.02           0.024       2.1145165     -0.30019969      0.45760678     -0.47623595
           0.13           0.024           0.024       2.1504191     -0.24157972      0.45772125     -0.47935708
           0.13           0.028           0.024       2.1617282     -0.18902748      0.43872472     -0.48564401
           0.13           0.032           0.024       2.1516677     -0.14280244      0.40590203     -0.49449291
           0.13           0.036           0.024       2.1207316     -0.10254853      0.36496182     -0.50485995
           0.13            0.04           0.024       2.0543879    -0.067929806      0.31952443     -0.51542081
           0.13           0.044           0.024       1.8878589    -0.038577573      0.27006434     -0.52373688
           0.13           0.048           0.024       1.5334668    -0.015852808      0.21145924     -0.53065021
           0.13           0.052           0.024       1.0878128    -0.010036969       0.1483004     -0.53674522
           0.13           0.056           0.024      0.72289986    -0.023489651     0.095463685     -0.53996797
           0.13            0.06           0.024      0.46420963     -0.04343995     0.058469635     -0.54136301
           0.13           0.064           0.024      0.29483388    -0.061675241     0.035532126     -0.54162548
           0.13           0.068           0.024      0.20044231    -0.074528361     0.023451028     -0.54075575
           0.13           0.072           0.024      0.15751659    -0.081160166     0.018779095     -0.53944539
           0.13           0.076           0.024      0.14434851    -0.083136243     0.019201914     -0.53784256
           0.13            0.08           0.024      0.14280482    -0.081405937     0.023856106     -0.53585896
           0.13           0.084           0.024      0.13682295    -0.076390496     0.032709963     -0.53345205
           0.13           0.088           0.024      0.11429754    -0.067097184     0.046500386     -0.53080875
           0.13           0.092           0.024     0.065021321     -0.05149543     0.066831163     -0.52856687
           0.13           0.096           0.024    -0.021429009    -0.029790957      0.09486177     -0.52775584
           0.13             0.1           0.024               0               0               0     -0.52784934
           0.13          -0.096           0.028     -0.14955244    0.0066446118      0.14090654      -0.5665558
           0.13            -0.1           0.028               0               0               0     -0.56694317
           0.13          -0.092           0.028     -0.13504298     0.011598012      0.12356163     -0.56625147
           0.13          -0.088           0.028     -0.12577019     0.014328013     0.098911809      -0.5668922
           0.13          -0.084           0.028     -0.10919216     0.015754088     0.083664789      -0.5680465
           0.13           -0.08           0.028    -0.080325788     0.016042492      0.07739639     -0.56921527
           0.13          -0.076           0.028    -0.033465789     0.015269202     0.077103584     -0.57045307
           0.13          -0.072           0.028     0.041714668     0.011926218     0.078850642     -0.57191008
           0.13          -0.068           0.028      0.15988628    0.0028061034     0.078952289     -0.57350092
           0.13          -0.064           0.028      0.33524552    -0.016352925     0.075926875     -0.57507643
           0.13           -0.06           0.028      0.56873584    -0.046672358     0.071291245     -0.57523886
           0.13          -0.056           0.028      0.84857457    -0.084015289     0.067153713      -0.5717764
           0.13          -0.052           0.028       1.1541435     -0.12236783      0.06201578     -0.56428941
           0.13          -0.048           0.028       1.4321604     -0.15269104      0.04477002     -0.55113987
           0.13          -0.044           0.028       1.5877185     -0.17945143   -0.0089368122     -0.53818224
           0.13           -0.04           0.028       1.6695215     -0.22614545    -0.091310472     -0.52991406
           0.13          -0.036           0.028       1.8170766     -0.29071595     -0.15859445     -0.52066733
           0.13          -0.032           0.028       2.0066731     -0.35063712     -0.19310838     -0.50862304
           0.13          -0.028           0.028       2.1371404     -0.39738241     -0.20127853     -0.49552186
           0.13          -0.024           0.028       2.1631838     -0.43270898      -0.1900512     -0.48539463
           0.13           -0.02           0.028       2.1231641     -0.46452857     -0.16566279     -0.48068893
           0.13          -0.016           0.028       2.0865209      -0.4982515      -0.1318006      -0.4795589
           0.13          -0.012           0.028       2.0744084     -0.52946271    -0.088503537     -0.47945539
           0.13          -0.008           0.028        2.065381     -0.54904599     -0.03396368     -0.47895021
           0.13          -0.004           0.028       2.0426423     -0.55110461     0.033488321     -0.47745772
           0.13               0           0.028       2.0146887     -0.53571743       0.1131565     -0.47558575
           0.13           0.004           0.028       2.0030813      -0.5057318      0.19927255     -0.47402628
           0.13           0.008           0.028        2.019041      -0.4636915      0.28136286     -0.47307223
           0.13           0.012           0.028       2.0561005     -0.41274974      0.34865111     -0.47345368
           0.13           0.016           0.028       2.0985418     -0.35727312      0.39450109     -0.47589181
           0.13            0.02           0.028       2.1306892     -0.30172408      0.41739511     -0.48067988
           0.13           0.024           0.028       2.1435654     -0.24887822      0.41927049     -0.48749837
           0.13           0.028           0.028       2.1360162     -0.19958986       0.4033781     -0.49584404
           0.13           0.032           0.028       2.1099441     -0.15376775      0.37477247     -0.50513963
           0.13           0.036           0.028       2.0641897     -0.11166924      0.33955096     -0.51460779
           0.13            0.04           0.028       1.9847502       -0.074398      0.30256641     -0.52318367
           0.13           0.044           0.028       1.8203987     -0.04229429      0.26475937     -0.52894295
           0.13           0.048           0.028       1.4995313    -0.016295086      0.21823144     -0.53305244
           0.13           0.052           0.028       1.0889972   -0.0065315421      0.16343892     -0.53698323
           0.13           0.056           0.028      0.73031959    -0.017207415      0.11542386     -0.53930532
           0.13            0.06           0.028      0.45943113    -0.037267288     0.081338995     -0.54050279
           0.13           0.064           0.028      0.26906162    -0.057714042     0.059448215     -0.54082722
           0.13           0.068           0.028      0.15074296    -0.073347129     0.047982536      -0.5400547
           0.13           0.072           0.028     0.085957008    -0.082336941     0.045055023     -0.53888478
           0.13           0.076           0.028     0.055011939    -0.085939106     0.048682382     -0.53751054
           0.13            0.08           0.028     0.040843954    -0.084764351     0.057888207     -0.53590002
           0.13           0.084           0.028     0.027003824    -0.078977773     0.072469811     -0.53410347
           0.13           0.088           0.028  -0.00081119454    -0.068110385     0.092384216     -0.53234018
           0.13           0.092           0.028    -0.052150806    -0.050893142      0.11687885     -0.53108955
           0.13           0.096           0.028     -0.12556504    -0.028583417      0.14037783       -0.531005
           0.13             0.1           0.028               0               0               0     -0.53133832
           0.13          -0.096           0.032     -0.18570763    0.0045648254      0.10866279       -0.563957
           0.13            -0.1           0.032               0               0               0      -0.5642303
           0.13          -0.092           0.032      -0.1769713    0.0055131911     0.087438739     -0.56424092
           0.13          -0.088           0.032     -0.16537719    0.0051031976     0.063796787     -0.56575869
           0.13          -0.084           0.032     -0.14455814    0.0040986729     0.050290644     -0.56757465
           0.13           -0.08           0.032     -0.11147926    0.0035760023     0.045363436     -0.56920207
           0.13          -0.076           0.032    -0.061295962    0.0034668488     0.046698262     -0.57083085
           0.13          -0.072           0.032     0.014542264    0.0019160788     0.051596138     -0.57262588
           0.13          -0.068           0.032      0.12670602   -0.0042114252     0.057119915     -0.57445456
           0.13          -0.064           0.032      0.28491792    -0.018587007     0.061529316     -0.57599431
           0.13           -0.06           0.032      0.49094953    -0.042343855      0.06562483      -0.5761135
           0.13          -0.056           0.032      0.73629059    -0.071998165     0.070697173     -0.57332337
           0.13          -0.052           0.032       1.0037367     -0.10209875     0.074676249      -0.5674048
           0.13          -0.048           0.032       1.2555415     -0.12473889     0.067248997      -0.5568005
           0.13          -0.044           0.032        1.427574     -0.14595708     0.023503079     -0.54602479
           0.13           -0.04           0.032       1.5543345     -0.19231951    -0.053202465     -0.53846227
           0.13          -0.036           0.032       1.7363673     -0.26020667     -0.11860643     -0.52962263
           0.13          -0.032           0.032        1.953167      -0.3223989     -0.15056738     -0.51812955
           0.13          -0.028           0.032       2.1109905      -0.3687676     -0.15574958     -0.50520701
           0.13          -0.024           0.032       2.1533013      -0.3995268     -0.14384764     -0.49464046
           0.13           -0.02           0.032       2.1121373      -0.4227171     -0.12226919     -0.48891821
           0.13          -0.016           0.032       2.0726892     -0.44711854    -0.093381506     -0.48620403
           0.13          -0.012           0.032       2.0750515     -0.47242107    -0.056306001     -0.48372224
           0.13          -0.008           0.032       2.0954228     -0.49022026    -0.010399486     -0.47988619
           0.13          -0.004           0.032       2.0972321      -0.4927474     0.044546753      -0.4750187
           0.13               0           0.032       2.0726605     -0.47874552      0.10856166     -0.47108013
           0.13           0.004           0.032       2.0430557     -0.45146517      0.17897652     -0.46953698
           0.13           0.008           0.032       2.0303636     -0.41472702      0.24866591     -0.47077752
           0.13           0.012           0.032       2.0373545     -0.37182507      0.30824736     -0.47480872
           0.13           0.016           0.032       2.0509569     -0.32581838      0.35037004     -0.48137773
           0.13            0.02           0.032       2.0554091     -0.27944061      0.37183857     -0.48985298
           0.13           0.024           0.032       2.0414607     -0.23428421      0.37298473     -0.49939704
           0.13           0.028           0.032       2.0072254     -0.19037751       0.3563485     -0.50911967
           0.13           0.032           0.032       1.9537285     -0.14724247      0.32762647     -0.51826369
           0.13           0.036           0.032       1.8805823     -0.10621485      0.29451672     -0.52631962
           0.13            0.04           0.032       1.7804172    -0.070123737      0.26350156     -0.53260092
           0.13           0.044           0.032       1.6230413     -0.03995286      0.23637978     -0.53597472
           0.13           0.048           0.032       1.3598954    -0.015976708      0.20531666     -0.53755086
           0.13           0.052           0.032       1.0211341   -0.0062003199      0.16645585     -0.53907158
           0.13           0.056           0.032      0.69995924    -0.015119363      0.12967969     -0.54007703
           0.13            0.06           0.032       0.4381817    -0.034241671       0.1014482     -0.54071361
           0.13           0.064           0.032       0.2412379    -0.054811117     0.081120815     -0.54077861
           0.13           0.068           0.032      0.10769582     -0.07109718       0.0692475     -0.54001747
           0.13           0.072           0.032     0.026358626    -0.080679866     0.066055262     -0.53901103
           0.13           0.076           0.032    -0.019514727    -0.084506872     0.070610275     -0.53777698
           0.13            0.08           0.032    -0.045933628    -0.083158734     0.082388924     -0.53637411
           0.13           0.084           0.032    -0.067444307    -0.076565463      0.10063227     -0.53506712
           0.13           0.088           0.032    -0.097228915    -0.064708656       0.1233245     -0.53407512
           0.13           0.092           0.032     -0.14308352    -0.047193145      0.14686321     -0.53361745
           0.13           0.096           0.032     -0.19922238    -0.025836054      0.16301146     -0.53395691
           0.13             0.1           0.032               0               0               0     -0.53436018
           0.13          -0.096           0.036     -0.20928381   -0.0020366004     0.077524879     -0.56319608
           0.13            -0.1           0.036               0               0               0     -0.56275493
           0.13          -0.092           0.036     -0.20405684    -0.010308396     0.055062802     -0.56468936
           0.13          -0.088           0.036      -0.1912047    -0.016650499     0.032833968     -0.56683537
           0.13          -0.084           0.036     -0.16866244    -0.020957715     0.018654665     -0.56874523
           0.13           -0.08           0.036     -0.13348257    -0.022448023     0.012256975     -0.57026635
           0.13          -0.076           0.036    -0.081508248     -0.02168382     0.012836094      -0.5717746
           0.13          -0.072           0.036   -0.0064793172    -0.020841323      0.01894896     -0.57345454
           0.13          -0.068           0.036     0.098532606    -0.023005658     0.028393063     -0.57507065
           0.13          -0.064           0.036      0.23924663    -0.031366327      0.03915233     -0.57618104
           0.13           -0.06           0.036      0.41736759    -0.047260316     0.050752065     -0.57595074
           0.13          -0.056           0.036      0.62765316    -0.068332712     0.063080422     -0.57342818
           0.13          -0.052           0.036      0.85655495    -0.090127359     0.073441017     -0.56846684
           0.13          -0.048           0.036       1.0776751     -0.10673287     0.072933735     -0.56005194
           0.13          -0.044           0.036       1.2553444     -0.12361672     0.041254824     -0.55121849
           0.13           -0.04           0.036       1.4202459     -0.16476067    -0.022125334     -0.54458438
           0.13          -0.036           0.036       1.6359993     -0.22899974    -0.080844052     -0.53682167
           0.13          -0.032           0.036       1.8785302     -0.28972653     -0.11036368     -0.52666964
           0.13          -0.028           0.036       2.0632172     -0.33348559     -0.11424049     -0.51522056
           0.13          -0.024           0.036       2.1211393     -0.35808987     -0.10386487     -0.50557465
           0.13           -0.02           0.036       2.0690814     -0.37036116    -0.087874553     -0.50013058
           0.13          -0.016           0.036       2.0043014     -0.38200491     -0.06637199     -0.49732973
           0.13          -0.012           0.036       1.9994737     -0.39852214    -0.035590055     -0.49436067
           0.13          -0.008           0.036       2.0470974     -0.41439611    0.0050650703     -0.48935232
           0.13          -0.004           0.036       2.0960492     -0.41971829     0.053162607     -0.48277457
           0.13               0           0.036       2.1076254     -0.40937699      0.10632546     -0.47696498
           0.13           0.004           0.036       2.0802756     -0.38458811       0.1622389     -0.47406007
           0.13           0.008           0.036       2.0360228     -0.34987283      0.21723118     -0.47527632
           0.13           0.012           0.036       1.9950337     -0.31047935      0.26561193     -0.48067888
           0.13           0.016           0.036       1.9616909     -0.27045472       0.3010111     -0.48940027
           0.13            0.02           0.036       1.9274853     -0.23157956      0.31855075     -0.50001838
           0.13           0.024           0.036       1.8820779     -0.19366652      0.31633909     -0.51114452
           0.13           0.028           0.036       1.8201547     -0.15484868      0.29590277     -0.52140265
           0.13           0.032           0.036       1.7391225     -0.11410494      0.26431985     -0.52998309
           0.13           0.036           0.036       1.6388632    -0.075513346      0.23227203     -0.53673938
           0.13            0.04           0.036        1.520796    -0.044784205      0.20786866     -0.54121818
           0.13           0.044           0.036       1.3727431    -0.022912639      0.19248297     -0.54287898
           0.13           0.048           0.036       1.1652933   -0.0083840185      0.17848045     -0.54269128
           0.13           0.052           0.036      0.90325568   -0.0050265093      0.15907169      -0.5423111
           0.13           0.056           0.036      0.63524929    -0.015627741      0.13731213     -0.54205757
           0.13            0.06           0.036      0.39826292    -0.034098944      0.11668181     -0.54192399
           0.13           0.064           0.036      0.20707503    -0.053268279      0.09785569     -0.54146488
           0.13           0.068           0.036     0.068165641    -0.067854342     0.083930855     -0.54066279
           0.13           0.072           0.036    -0.021577828    -0.075493706     0.077665694     -0.53983525
           0.13           0.076           0.036    -0.076051077    -0.077501673      0.07996743     -0.53863783
           0.13            0.08           0.036     -0.11011311    -0.074787764     0.091255654     -0.53723313
           0.13           0.084           0.036     -0.13601863     -0.06742904       0.1106082     -0.53614695
           0.13           0.088           0.036     -0.16548547     -0.05574607      0.13462592     -0.53566831
           0.13           0.092           0.036     -0.20625224     -0.03987828      0.15793504     -0.53583824
           0.13           0.096           0.036     -0.25131926    -0.021544821      0.17107697     -0.53653153
           0.13             0.1           0.036               0               0               0     -0.53698572
           0.13          -0.096            0.04      -0.2269242    -0.014510216     0.055973083     -0.56451418
           0.13            -0.1            0.04               0               0               0     -0.56292455
           0.13          -0.092            0.04     -0.22593109    -0.031239258     0.031552002     -0.56741309
           0.13          -0.088            0.04     -0.21526871    -0.043102548    0.0075075463     -0.56961131
           0.13          -0.084            0.04     -0.19391409     -0.05042273    -0.010273643     -0.57101128
           0.13           -0.08            0.04     -0.15858348     -0.05330358    -0.020470445     -0.57193389
           0.13          -0.076            0.04     -0.10592217    -0.052706943     -0.02268634       -0.572854
           0.13          -0.072            0.04    -0.031994215    -0.050733551    -0.017410865     -0.57397505
           0.13          -0.068            0.04     0.066997473    -0.050073969   -0.0060573813     -0.57503573
           0.13          -0.064            0.04       0.1936881    -0.053297367    0.0093767959     -0.57554558
           0.13           -0.06            0.04      0.34854843    -0.061866725     0.027025118     -0.57485112
           0.13          -0.056            0.04       0.5279184    -0.074694824     0.045023656     -0.57228489
           0.13          -0.052            0.04      0.72232629    -0.088755418     0.059977467      -0.5677913
           0.13          -0.048            0.04       0.9155496     -0.10046814     0.064268349     -0.56095616
           0.13          -0.044            0.04       1.0927853     -0.11468061     0.043304008     -0.55379442
           0.13           -0.04            0.04       1.2802888     -0.14912566   -0.0036511277     -0.54821976
           0.13          -0.036            0.04       1.5153007     -0.20425729    -0.050204684     -0.54180449
           0.13          -0.032            0.04       1.7723587     -0.25835458    -0.074858645     -0.53354833
           0.13          -0.028            0.04        1.975467     -0.29580704    -0.077732037     -0.52447955
           0.13          -0.024            0.04       2.0471925      -0.3115975    -0.069891658     -0.51685957
           0.13           -0.02            0.04       1.9815511     -0.31077274    -0.060652953     -0.51264934
           0.13          -0.016            0.04       1.8725802      -0.3068691    -0.048035332     -0.51068525
           0.13          -0.012            0.04       1.8274118     -0.31161181    -0.024748569     -0.50861527
           0.13          -0.008            0.04       1.8764746     -0.32453985     0.011124706     -0.50448956
           0.13          -0.004            0.04       1.9738773     -0.33439528     0.055642346     -0.49835209
           0.13               0            0.04       2.0564573     -0.33141867      0.10406934      -0.4920338
           0.13           0.004            0.04       2.0896596     -0.31306112      0.15223318      -0.4875215
           0.13           0.008            0.04       2.0709437     -0.28151966      0.19639702      -0.4866136
           0.13           0.012            0.04       2.0158866     -0.24202806      0.23307474     -0.49024778
           0.13           0.016            0.04       1.9425977     -0.20071154      0.25841842     -0.49817463
           0.13            0.02            0.04       1.8610214     -0.16140134      0.26809093     -0.50890075
           0.13           0.024            0.04       1.7722992     -0.12460985      0.25865067      -0.5205078
           0.13           0.028            0.04       1.6753204    -0.087099221      0.23089847     -0.53098528
           0.13           0.032            0.04       1.5595921    -0.048369238      0.19559337     -0.53909344
           0.13           0.036            0.04        1.424103    -0.016985151      0.16721442     -0.54475692
           0.13            0.04            0.04       1.2836548   0.00068574842      0.15228125     -0.54796069
           0.13           0.044            0.04       1.1376978    0.0068999324      0.14922062     -0.54864725
           0.13           0.048            0.04      0.96821655    0.0057434816       0.1505722     -0.54749342
           0.13           0.052            0.04       0.7657525   -0.0024653361        0.148486     -0.54591252
           0.13           0.056            0.04       0.5483145    -0.018024203      0.14043248     -0.54467933
           0.13            0.06            0.04      0.34206358    -0.036543506      0.12635593     -0.54373512
           0.13           0.064            0.04      0.16430461    -0.053082803      0.10776664     -0.54267535
           0.13           0.068            0.04     0.028424742    -0.063650085     0.090076237     -0.54179813
           0.13           0.072            0.04    -0.062455995    -0.067212055        0.078957     -0.54110176
           0.13           0.076            0.04     -0.12009342    -0.066154548     0.077521111     -0.53994924
           0.13            0.08            0.04     -0.15759174    -0.061695101     0.086996681     -0.53856665
           0.13           0.084            0.04     -0.18521581    -0.054142341       0.1064984     -0.53758224
           0.13           0.088            0.04     -0.21338778     -0.04380206      0.13211656     -0.53735803
           0.13           0.092            0.04     -0.25020848    -0.030830263      0.15726524     -0.53790394
           0.13           0.096            0.04     -0.28867513     -0.01661805      0.17135452     -0.53883695
           0.13             0.1            0.04               0               0               0     -0.53932875
           0.13          -0.096           0.044     -0.24646725    -0.027349975     0.047519407     -0.56739903
           0.13            -0.1           0.044               0               0               0     -0.56476516
           0.13          -0.092           0.044     -0.25240066    -0.048662944     0.016557374     -0.57137474
           0.13          -0.088           0.044     -0.24715248    -0.064342275    -0.012588487     -0.57321944
           0.13          -0.084           0.044     -0.22965493    -0.074087478    -0.035501937     -0.57377518
           0.13           -0.08           0.044     -0.19630543     -0.07886892    -0.050362296     -0.57378986
           0.13          -0.076           0.044     -0.14422801    -0.079803022    -0.056193172     -0.57377167
           0.13          -0.072           0.044    -0.071253745    -0.078660773    -0.053027282     -0.57393284
           0.13          -0.068           0.044     0.023972997    -0.077616795    -0.041762807     -0.57413308
           0.13          -0.064           0.044      0.14132949    -0.078545703    -0.024236041     -0.57393642
           0.13           -0.06           0.044      0.27943316    -0.082458267   -0.0030148691     -0.57277293
           0.13          -0.056           0.044      0.43507798    -0.089019729     0.018888104     -0.57005144
           0.13          -0.052           0.044      0.60201495    -0.096778533     0.037373624     -0.56579683
           0.13          -0.048           0.044      0.77203639     -0.10432804     0.045970626     -0.56010604
           0.13          -0.044           0.044       0.9421146     -0.11593879     0.035066128     -0.55428835
           0.13           -0.04           0.044       1.1316319     -0.14322762    0.0047021894     -0.54950822
           0.13          -0.036           0.044       1.3599464     -0.18637291    -0.027195991      -0.5442011
           0.13          -0.032           0.044       1.6018703     -0.22893462    -0.044590272     -0.53779549
           0.13          -0.028           0.044       1.7924334     -0.25562764    -0.046324417     -0.53122227
           0.13          -0.024           0.044       1.8607084     -0.25983023    -0.041574616     -0.52617873
           0.13           -0.02           0.044       1.7883503     -0.24583066    -0.038511921     -0.52395714
           0.13          -0.016           0.044       1.6484179     -0.22752796    -0.033927663     -0.52350893
           0.13          -0.012           0.044       1.5556756     -0.22000866    -0.018632706      -0.5231348
           0.13          -0.008           0.044       1.5772508     -0.22783662     0.011117953     -0.52116787
           0.13          -0.004           0.044       1.6906198     -0.24055912     0.051383304     -0.51718131
           0.13               0           0.044       1.8282527      -0.2453421     0.096404341     -0.51243091
           0.13           0.004           0.044       1.9392366      -0.2366399      0.14126896     -0.50833514
           0.13           0.008           0.044       1.9992585     -0.21357135      0.18136769     -0.50623574
           0.13           0.012           0.044       2.0020255      -0.1782438      0.21272055     -0.50725659
           0.13           0.016           0.044       1.9534198     -0.13539684      0.23189962     -0.51208618
           0.13            0.02           0.044       1.8636804    -0.090201822      0.23501931     -0.52029293
           0.13           0.024           0.044       1.7389878    -0.046196964      0.21777718      -0.5302845
           0.13           0.028           0.044       1.5949051   -0.0058322755      0.18413694      -0.5398008
           0.13           0.032           0.044       1.4335343     0.026473316       0.1495004      -0.5471898
           0.13           0.036           0.044       1.2585946     0.043559707      0.12682093     -0.55190601
           0.13            0.04           0.044       1.0936008     0.044012015      0.11892156     -0.55404204
           0.13           0.044           0.044      0.94275926     0.033244672      0.12301624      -0.5539871
           0.13           0.048           0.044      0.79291629     0.016514232      0.13314826     -0.55222059
           0.13           0.052           0.044       0.6279385   -0.0032425775      0.14144804     -0.54983902
           0.13           0.056           0.044      0.44967863    -0.023803268      0.14153761      -0.5477376
           0.13            0.06           0.044       0.2727323    -0.041806942      0.13040836     -0.54589322
           0.13           0.064           0.044       0.1116142      -0.0542614      0.10994628     -0.54417966
           0.13           0.068           0.044    -0.016120216    -0.059052889     0.087664391     -0.54310704
           0.13           0.072           0.044     -0.10400688    -0.057609011     0.071906413     -0.54241704
           0.13           0.076           0.044     -0.16137695    -0.053211782     0.067360836     -0.54139855
           0.13            0.08           0.044     -0.19887704    -0.047200729     0.075388184     -0.54023933
           0.13           0.084           0.044     -0.22537718    -0.040004505     0.094914459      -0.5394363
           0.13           0.088           0.044     -0.25040566    -0.031658612      0.12223556     -0.53932273
           0.13           0.092           0.044     -0.28281851    -0.021996637       0.1505855       -0.539977
           0.13           0.096           0.044     -0.31660476    -0.011975883      0.16837958     -0.54098291
           0.13             0.1           0.044               0               0               0     -0.54148334
           0.13          -0.096           0.048     -0.27125111    -0.033470086     0.048663116     -0.57129253
           0.13            -0.1           0.048               0               0               0     -0.56818864
           0.13          -0.092           0.048     -0.28765678     -0.05620124    0.0077817381     -0.57556395
           0.13          -0.088           0.048     -0.29092178    -0.073886164    -0.027991018     -0.57678931
           0.13          -0.084           0.048     -0.28014949    -0.085581065    -0.056306779     -0.57637036
           0.13           -0.08           0.048     -0.25128381    -0.092641087    -0.075575915     -0.57529149
           0.13          -0.076           0.048     -0.20148727    -0.096037435    -0.084705445     -0.57407138
           0.13          -0.072           0.048     -0.12966603    -0.097129038    -0.083649774      -0.5729263
           0.13          -0.068           0.048    -0.036448132    -0.097657123    -0.073349915     -0.57196459
           0.13          -0.064           0.048     0.075774763    -0.099066476    -0.055917918     -0.57101233
           0.13           -0.06           0.048      0.20340858     -0.10184355    -0.034065943     -0.56953748
           0.13          -0.056           0.048      0.34225088     -0.10555911    -0.010845803     -0.56685959
           0.13          -0.052           0.048      0.48822353     -0.10954191    0.0098055597     -0.56290291
           0.13          -0.048           0.048      0.63768955     -0.11372373     0.022545098     -0.55806619
           0.13          -0.044           0.048      0.79080418     -0.12146178     0.021177136     -0.55329794
           0.13           -0.04           0.048      0.95761545     -0.13961077     0.006296975     -0.54925178
           0.13          -0.036           0.048       1.1442256     -0.16755735    -0.010859413     -0.54506346
           0.13          -0.032           0.048       1.3266697     -0.19350357    -0.020227185     -0.54052305
           0.13          -0.028           0.048       1.4565021     -0.20534311    -0.021316139      -0.5365065
           0.13          -0.024           0.048       1.4907716     -0.19836275    -0.020626893     -0.53416306
           0.13           -0.02           0.048       1.4242091     -0.17727375    -0.023056645     -0.53389524
           0.13          -0.016           0.048       1.3045036     -0.15316392    -0.024846634     -0.53461053
           0.13          -0.012           0.048       1.2126413     -0.13829988    -0.017541897     -0.53529767
           0.13          -0.008           0.048       1.2160239     -0.13927445    0.0042096061     -0.53510943
           0.13          -0.004           0.048        1.316454     -0.14978338     0.038392665     -0.53354425
           0.13   2.0940342e-49           0.048       1.4625539     -0.15784309      0.07890411     -0.53138665
           0.13           0.004           0.048       1.6062865     -0.15652164      0.12036494     -0.52965704
           0.13           0.008           0.048       1.7189998     -0.14318656      0.15818797     -0.52903217
           0.13           0.012           0.048        1.783489     -0.11740494      0.18806041     -0.53012089
           0.13           0.016           0.048       1.7896774    -0.080991194      0.20582864     -0.53350237
           0.13            0.02           0.048        1.730447    -0.037140094      0.20705599     -0.53915043
           0.13           0.024           0.048       1.6044669    0.0080991124      0.18852011     -0.54637861
           0.13           0.028           0.048       1.4392736      0.04488937      0.15773153     -0.55346273
           0.13           0.032           0.048       1.2599432     0.066185264      0.12921952     -0.55866945
           0.13           0.036           0.048       1.0784301     0.070440523       0.1112979     -0.56142426
           0.13            0.04           0.048      0.91315059     0.059968137      0.10618241     -0.56182456
           0.13           0.044           0.048      0.76812309     0.039466691      0.11261945     -0.56039912
           0.13           0.048           0.048      0.63322755     0.013806318       0.1259731     -0.55763521
           0.13           0.052           0.048      0.49345759    -0.012354819      0.13805536     -0.55435196
           0.13           0.056           0.048      0.34464943    -0.034636816      0.14039854      -0.5512041
           0.13            0.06           0.048      0.19203951    -0.050149448      0.12847051     -0.54820217
           0.13           0.064           0.048     0.047414361    -0.057128248      0.10469156     -0.54568974
           0.13           0.068           0.048    -0.070368394    -0.055600811     0.078439009     -0.54425065
           0.13           0.072           0.048     -0.15365018    -0.049425868     0.059705526     -0.54343044
           0.13           0.076           0.048     -0.20858553    -0.042163914     0.053752032     -0.54262825
           0.13            0.08           0.048     -0.24345591    -0.035008674     0.061529156     -0.54191405
           0.13           0.084           0.048     -0.26626651    -0.028334576     0.081551826     -0.54148739
           0.13           0.088           0.048     -0.28588018    -0.021872028      0.11050607     -0.54151941
           0.13           0.092           0.048     -0.31189528    -0.015072542      0.14231637     -0.54213131
           0.13           0.096           0.048     -0.34027994   -0.0084227207      0.16502257     -0.54305588
           0.13             0.1           0.048               0               0               0     -0.54352394
           0.13          -0.096           0.052      -0.3010868    -0.030188766     0.053092039     -0.57552959
           0.13            -0.1           0.052               0               0               0      -0.5726772
           0.13          -0.092           0.052     -0.33171949    -0.051305477    0.0026800093     -0.57912275
           0.13          -0.088           0.052     -0.34677032    -0.069248595    -0.039465194      -0.5794635
           0.13          -0.084           0.052     -0.34552819    -0.082247288    -0.072360113     -0.57804058
           0.13           -0.08           0.052     -0.32347641    -0.091512437    -0.094839481     -0.57577178
           0.13          -0.076           0.052       -0.277921    -0.097666506     -0.10611708     -0.57315454
           0.13          -0.072           0.052     -0.20834931     -0.10167193     -0.10642814     -0.57051099
           0.13          -0.068           0.052     -0.11658688     -0.10470775    -0.097222511     -0.56830067
           0.13          -0.064           0.052   -0.0068386017     -0.10789249    -0.080991555     -0.56662006
           0.13           -0.06           0.052      0.11486936     -0.11185638    -0.060369177     -0.56500711
           0.13          -0.056           0.052      0.24211137     -0.11603268    -0.038095495     -0.56275919
           0.13          -0.052           0.052      0.37071537     -0.11931809    -0.017440989     -0.55952233
           0.13          -0.048           0.052      0.49893055     -0.12147948   -0.0022623452     -0.55562083
           0.13          -0.044           0.052      0.62611784     -0.12442054    0.0035595646     -0.55186084
           0.13           -0.04           0.052      0.75347173     -0.13161514    0.0002465664     -0.54874594
           0.13          -0.036           0.052      0.87913974      -0.1424096   -0.0061021086     -0.54588227
           0.13          -0.032           0.052      0.98601414     -0.14990159    -0.010316118     -0.54323658
           0.13          -0.028           0.052       1.0477039     -0.14734778    -0.012675953     -0.54143569
           0.13          -0.024           0.052       1.0500466     -0.13340482    -0.016621105     -0.54095309
           0.13           -0.02           0.052       1.0018176      -0.1121381    -0.023386391     -0.54156566
           0.13          -0.016           0.052      0.93132488    -0.089844344    -0.029029944     -0.54242635
           0.13          -0.012           0.052      0.87883751    -0.073102577    -0.027181613     -0.54307115
           0.13          -0.008           0.052      0.88461778    -0.067035409    -0.012687821     -0.54342932
           0.13          -0.004           0.052      0.96183252     -0.07062166     0.014688922     -0.54354019
           0.13   8.7870486e-48           0.052        1.085028     -0.07678292     0.049906653     -0.54369917
           0.13           0.004           0.052       1.2177596    -0.078680906     0.087031574     -0.54442281
           0.13           0.008           0.052        1.333687    -0.072637548      0.12132438     -0.54607833
           0.13           0.012           0.052       1.4138987    -0.057082115      0.14855743     -0.54876575
           0.13           0.016           0.052       1.4427266    -0.032043439      0.16451464     -0.55259324
           0.13            0.02           0.052       1.4061503   0.00067330237      0.16543714     -0.55728478
           0.13           0.024           0.052       1.3036478     0.034151688      0.15080097     -0.56253756
           0.13           0.028           0.052       1.1614094     0.058613119      0.12793047     -0.56718492
           0.13           0.032           0.052       1.0071519     0.069403802      0.10734091     -0.56980183
           0.13           0.036           0.052      0.85584664     0.066501183     0.095584436      -0.5703074
           0.13            0.04           0.052      0.71818207     0.051494874     0.095316939     -0.56906452
           0.13           0.044           0.052      0.59555379     0.027370451      0.10558027     -0.56646956
           0.13           0.048           0.052      0.48013839   -0.0014271525      0.12150912     -0.56289427
           0.13           0.052           0.052       0.3618885    -0.028880423      0.13437333     -0.55882719
           0.13           0.056           0.052      0.23523207    -0.049701471      0.13547762     -0.55454582
           0.13            0.06           0.052      0.10070707    -0.061209899      0.12071192     -0.55029857
           0.13           0.064           0.052    -0.029764978    -0.062327442     0.093674486      -0.5469761
           0.13           0.068           0.052     -0.13809455    -0.055351173     0.065071456     -0.54507714
           0.13           0.072           0.052       -0.216117    -0.045588727     0.045482262     -0.54404669
           0.13           0.076           0.052     -0.26691484     -0.03628428      0.03984978     -0.54347877
           0.13            0.08           0.052      -0.2972074    -0.028285954     0.048452434     -0.54331135
           0.13           0.084           0.052     -0.31433798    -0.021808858     0.069540624     -0.54340894
           0.13           0.088           0.052     -0.32663199    -0.016413575      0.10012534     -0.54371442
           0.13           0.092           0.052     -0.34392275    -0.011283576      0.13504235     -0.54429552
           0.13           0.096           0.052     -0.36450616   -0.0065216926      0.16263884     -0.54507848
           0.13             0.1           0.052               0               0               0     -0.54549053
           0.13          -0.096           0.056      -0.3350705    -0.018295998     0.054494109     -0.57890689
           0.13            -0.1           0.056               0               0               0       -0.576813
           0.13          -0.092           0.056     -0.38341254    -0.034566339   -0.0015816807     -0.58112626
           0.13          -0.088           0.056     -0.41329252    -0.051007158    -0.048185728     -0.58040356
           0.13          -0.084           0.056     -0.42329494    -0.064342003    -0.083954302      -0.5780324
           0.13           -0.08           0.056      -0.4090727    -0.075200366     -0.10781255     -0.57467276
           0.13          -0.076           0.056     -0.36907125    -0.083695443     -0.11953127      -0.5708083
           0.13          -0.072           0.056     -0.30344932    -0.090325251     -0.12006209     -0.56690687
           0.13          -0.068           0.056     -0.21409332    -0.095815293     -0.11141883     -0.56365095
           0.13          -0.064           0.056     -0.10652607      -0.1011561    -0.096326032     -0.56129792
           0.13           -0.06           0.056     0.010829194     -0.10719676    -0.077564477     -0.55955876
           0.13          -0.056           0.056      0.12961132     -0.11353403    -0.057656572      -0.5579061
           0.13          -0.052           0.056      0.24388127     -0.11852659    -0.039151507     -0.55580523
           0.13          -0.048           0.056      0.35116593      -0.1207513    -0.024574472     -0.55319362
           0.13          -0.044           0.056       0.4502354     -0.12035341    -0.016258724      -0.5505904
           0.13           -0.04           0.056      0.53938425     -0.11882021    -0.014368478      -0.5484458
           0.13          -0.036           0.056      0.61594432      -0.1161502    -0.016084232     -0.54662934
           0.13          -0.032           0.056       0.6728668     -0.10967463    -0.019131666     -0.54517207
           0.13          -0.028           0.056      0.70153754    -0.097247369    -0.023542225     -0.54446303
           0.13          -0.024           0.056      0.70053922    -0.079432353    -0.030215104     -0.54463379
           0.13           -0.02           0.056      0.67869621    -0.058851466    -0.038273277     -0.54535823
           0.13          -0.016           0.056      0.65119948    -0.038488985    -0.044120604      -0.5460817
           0.13          -0.012           0.056      0.63467184    -0.021033923    -0.043308496     -0.54656245
           0.13          -0.008           0.056      0.64435529   -0.0091424936    -0.032646553     -0.54700023
           0.13          -0.004           0.056      0.69113599   -0.0040675074    -0.011709015     -0.54792152
           0.13  -2.4710881e-46           0.056      0.77362855    -0.004553009     0.016977881     -0.54962976
           0.13           0.004           0.056      0.87379499   -0.0065949415      0.04880132     -0.55213566
           0.13           0.008           0.056      0.96803835   -0.0056356668     0.078644983     -0.55545631
           0.13           0.012           0.056       1.0368902   0.00087175912      0.10208929     -0.55940721
           0.13           0.016           0.056       1.0642545     0.013860809      0.11534503     -0.56373282
           0.13            0.02           0.056       1.0389715     0.031923548       0.1161472     -0.56809984
           0.13           0.024           0.056      0.96348715     0.049821175      0.10565099     -0.57207141
           0.13           0.028           0.056      0.85691178     0.061141202     0.090110197      -0.5748599
           0.13           0.032           0.056      0.74042109     0.062580322     0.077705088     -0.57591808
           0.13           0.036           0.056      0.62740857     0.053506928     0.074048191     -0.57544458
           0.13            0.04           0.056      0.52396296     0.034510895     0.081214403     -0.57368901
           0.13           0.044           0.056      0.42831248    0.0077601918     0.097289528     -0.57084038
           0.13           0.048           0.056      0.33384682    -0.021987959      0.11606609      -0.5670491
           0.13           0.052           0.056      0.23350414    -0.048398227      0.12847988     -0.56247413
           0.13           0.056           0.056      0.12171723    -0.066624419      0.12691292     -0.55723055
           0.13            0.06           0.056  -0.00035957102    -0.074001983      0.10895697     -0.55204117
           0.13           0.064           0.056     -0.11995199    -0.070472854     0.079686037     -0.54812231
           0.13           0.068           0.056     -0.22038266    -0.060121738     0.050404677     -0.54577685
           0.13           0.072           0.056     -0.29264541    -0.048347011     0.031549476     -0.54451109
           0.13           0.076           0.056     -0.33796922    -0.037760684     0.027265692     -0.54408858
           0.13            0.08           0.056      -0.3623438     -0.02891141      0.03721185     -0.54437469
           0.13           0.084           0.056     -0.37249286    -0.021881373     0.059642702     -0.54498234
           0.13           0.088           0.056     -0.37624615    -0.016269052     0.091863816     -0.54564298
           0.13           0.092           0.056     -0.38306054    -0.011168257      0.12941451     -0.54629091
           0.13           0.096           0.056     -0.39301523   -0.0062957564      0.16128281     -0.54697718
           0.13             0.1           0.056               0               0               0     -0.54734337
           0.13          -0.096            0.06     -0.37602732   -0.0016680469     0.048593587     -0.57994423
           0.13            -0.1            0.06               0               0               0     -0.57874989
           0.13          -0.092            0.06     -0.44409854      -0.0100312   -0.0074288812     -0.58070183
           0.13          -0.088            0.06     -0.49039654    -0.022958973    -0.055586986     -0.57901411
           0.13          -0.084            0.06     -0.51058535    -0.035457311    -0.092077248     -0.57586603
           0.13           -0.08            0.06     -0.50227753    -0.046978255     -0.11538364     -0.57179863
           0.13          -0.076            0.06     -0.46676282    -0.057011668      -0.1258608     -0.56730405
           0.13          -0.072            0.06     -0.40578849    -0.065410233     -0.12519665     -0.56281531
           0.13          -0.068            0.06      -0.3206633    -0.072715527     -0.11573429     -0.55898678
           0.13          -0.064            0.06     -0.21677848    -0.079931606     -0.10055708     -0.55620725
           0.13           -0.06            0.06     -0.10435062    -0.087850323    -0.083224814     -0.55439382
           0.13          -0.056            0.06    0.0064825718    -0.096322966    -0.066451363     -0.55319049
           0.13          -0.052            0.06      0.10880918     -0.10378434    -0.051900148     -0.55208263
           0.13          -0.048            0.06      0.19916582     -0.10800288    -0.040807709     -0.55075223
           0.13          -0.044            0.06      0.27627239     -0.10758695      -0.0342614     -0.54934275
           0.13           -0.04            0.06      0.33975225     -0.10265373    -0.032243639     -0.54811464
           0.13          -0.036            0.06      0.38962814    -0.093536113    -0.033577697     -0.54708085
           0.13          -0.032            0.06      0.42567592    -0.079965305    -0.037120053     -0.54631193
           0.13          -0.028            0.06      0.44828755    -0.062161902      -0.0422022     -0.54605857
           0.13          -0.024            0.06      0.46079007     -0.04156321    -0.048453289     -0.54637495
           0.13           -0.02            0.06      0.46932532    -0.020173827    -0.054528078     -0.54698225
           0.13          -0.016            0.06      0.47912516     0.000319847    -0.057581591     -0.54752144
           0.13          -0.012            0.06      0.49149608     0.018998813     -0.05494314     -0.54795408
           0.13          -0.008            0.06      0.50597969     0.035057282    -0.045558754     -0.54858272
           0.13          -0.004            0.06      0.52588551     0.047577123    -0.029745898     -0.54987378
           0.13  -1.1933611e-46            0.06      0.56039645      0.05490288   -0.0083065221     -0.55225575
           0.13           0.004            0.06      0.61282267     0.056457985     0.016727785      -0.5557356
           0.13           0.008            0.06      0.67095592     0.055190045     0.041179824     -0.56002234
           0.13           0.012            0.06      0.71609741      0.05464905      0.06035078     -0.56473042
           0.13           0.016            0.06      0.73254294     0.056728578     0.070677372     -0.56941524
           0.13            0.02            0.06      0.71161668     0.061162623     0.070926525     -0.57358891
           0.13           0.024            0.06      0.65609477     0.065066186     0.063200284     -0.57671568
           0.13           0.028            0.06      0.57940423     0.064542906     0.053198252       -0.578415
           0.13           0.032            0.06      0.49707321     0.056971486     0.047965499     -0.57870632
           0.13           0.036            0.06      0.41876466     0.041248133     0.052321225     -0.57788061
           0.13            0.04            0.06       0.3460506     0.017427727     0.067227016     -0.57612811
           0.13           0.044            0.06       0.2743411     -0.01220099     0.088952425     -0.57347355
           0.13           0.048            0.06      0.19729536    -0.042291956      0.10975079     -0.56980125
           0.13           0.052            0.06      0.10898551    -0.067248713       0.1209352     -0.56502124
           0.13           0.056            0.06    0.0058487899     -0.08311478      0.11655196     -0.55933443
           0.13            0.06            0.06     -0.10821934    -0.087543633     0.095979276     -0.55378059
           0.13           0.064            0.06      -0.2202034    -0.081753844     0.065520927     -0.54952881
           0.13           0.068            0.06     -0.31415676    -0.070498915     0.036590499     -0.54679699
           0.13           0.072            0.06      -0.3805633    -0.058297771     0.018963095     -0.54525217
           0.13           0.076            0.06     -0.41999708    -0.046990507     0.016111499     -0.54476245
           0.13            0.08            0.06     -0.43810004    -0.036974599     0.027395819     -0.54521895
           0.13           0.084            0.06     -0.44103008    -0.028427473     0.051164021     -0.54615309
           0.13           0.088            0.06     -0.43586372    -0.021211084      0.08497407     -0.54713236
           0.13           0.092            0.06     -0.43128347    -0.014481099      0.12476244     -0.54791997
           0.13           0.096            0.06     -0.42818071   -0.0078020022      0.16021634     -0.54860488
           0.13             0.1            0.06               0               0               0      -0.5489668
           0.13          -0.096           0.064     -0.43707095     0.013340484     0.033885107     -0.57817247
           0.13            -0.1           0.064               0               0               0     -0.57783528
           0.13          -0.092           0.064     -0.52314816     0.014367729    -0.017576745     -0.57772888
           0.13          -0.088           0.064     -0.58089778    0.0074226845    -0.063403812     -0.57537001
           0.13          -0.084           0.064     -0.60501219   -0.0027321014    -0.097838208      -0.5716834
           0.13           -0.08           0.064     -0.59691065    -0.013931896     -0.11883358     -0.56736623
           0.13          -0.076           0.064     -0.56136807    -0.024806599     -0.12692494     -0.56299863
           0.13          -0.072           0.064     -0.50263313    -0.034405099     -0.12391663     -0.55878665
           0.13          -0.068           0.064     -0.42203633    -0.042911702     -0.11233974     -0.55504496
           0.13          -0.064           0.064     -0.32350596    -0.051194476    -0.095790212     -0.55227101
           0.13           -0.06           0.064     -0.21713977    -0.060019846     -0.07866783     -0.55062069
           0.13          -0.056           0.064     -0.11428786    -0.069639854    -0.064320115     -0.54978587
           0.13          -0.052           0.064    -0.022718527    -0.079001261    -0.054169814     -0.54928486
           0.13          -0.048           0.064     0.054444585    -0.085933446    -0.048275013     -0.54873715
           0.13          -0.044           0.064      0.11723226    -0.088248454    -0.046186363     -0.54807147
           0.13           -0.04           0.064      0.16745471    -0.084718191    -0.047139877     -0.54741795
           0.13          -0.036           0.064      0.20806434    -0.075103659    -0.050191909     -0.54689419
           0.13          -0.032           0.064      0.24244162    -0.059920145    -0.054503043     -0.54658233
           0.13          -0.028           0.064      0.27478386    -0.040329338     -0.05922253     -0.54656454
           0.13          -0.024           0.064       0.3101775    -0.018004148    -0.063492953     -0.54682893
           0.13           -0.02           0.064      0.34947287    0.0047876435    -0.066133339     -0.54722182
           0.13          -0.016           0.064      0.38805729     0.026371771    -0.065403409     -0.54763998
           0.13          -0.012           0.064      0.42010004     0.046697057    -0.060251291     -0.54825052
           0.13          -0.008           0.064      0.44053603     0.065847375    -0.050919839     -0.54935867
           0.13          -0.004           0.064      0.44803316     0.083091422    -0.037923621     -0.55119515
           0.13  -1.3267585e-47           0.064      0.44829976     0.096664124    -0.021612293     -0.55390533
           0.13           0.004           0.064      0.45239249      0.10397025   -0.0027750687     -0.55756656
           0.13           0.008           0.064      0.46462987       0.1044373     0.015993633     -0.56203834
           0.13           0.012           0.064      0.47625842      0.10040919     0.030588724     -0.56685026
           0.13           0.016           0.064      0.47413181      0.09461636     0.037604021     -0.57135998
           0.13            0.02           0.064      0.44989485     0.088500195     0.036302942     -0.57491933
           0.13           0.024           0.064      0.40472374     0.081437043     0.029427427       -0.577186
           0.13           0.028           0.064      0.34863632     0.071154242     0.022827002     -0.57826699
           0.13           0.032           0.064      0.29303585     0.055365733     0.023264202     -0.57844171
           0.13           0.036           0.064      0.24231463      0.03288239     0.034687071     -0.57783112
           0.13            0.04           0.064       0.1932023     0.003865461     0.056355004     -0.57652152
           0.13           0.044           0.064      0.13911651     -0.02861114     0.082282698     -0.57444464
           0.13           0.048           0.064     0.073391382    -0.059072202      0.10374529     -0.57129592
           0.13           0.052           0.064    -0.008552652    -0.082946319      0.11328318     -0.56685865
           0.13           0.056           0.064     -0.10714548    -0.097255296      0.10645982     -0.56142375
           0.13            0.06           0.064     -0.21645636     -0.10066477     0.083869262     -0.55603293
           0.13           0.064           0.064     -0.32310418    -0.095111737     0.052729171     -0.55166166
           0.13           0.068           0.064     -0.41153369    -0.084973125     0.024291189     -0.54858005
           0.13           0.072           0.064     -0.47298184    -0.073566964    0.0075214279     -0.54661448
           0.13           0.076           0.064     -0.50808174    -0.061973787    0.0055563214     -0.54572233
           0.13            0.08           0.064     -0.52157054    -0.050511899     0.017834383     -0.54597254
           0.13           0.084           0.064     -0.51848501    -0.039720406     0.042826315     -0.54697028
           0.13           0.088           0.064     -0.50503988    -0.029911315     0.078171307     -0.54812867
           0.13           0.092           0.064     -0.48902725    -0.020328192      0.11993045     -0.54904493
           0.13           0.096           0.064     -0.47123215    -0.010805718      0.15841149     -0.54981064
           0.13             0.1           0.064               0               0               0     -0.55022607
           0.13          -0.096           0.068      -0.5352349     0.022690752     0.012194717     -0.57453222
           0.13            -0.1           0.068               0               0               0     -0.57497812
           0.13          -0.092           0.068     -0.63178351     0.031583367    -0.033578859     -0.57306185
           0.13          -0.088           0.068     -0.68640901     0.031543539    -0.073303544     -0.57025634
           0.13          -0.084           0.068     -0.70276104     0.024865994      -0.1023594     -0.56635669
           0.13           -0.08           0.068     -0.68666849     0.014808149     -0.11911571     -0.56215385
           0.13          -0.076           0.068      -0.6449177    0.0036062892     -0.12407678     -0.55831614
           0.13          -0.072           0.068     -0.58331779   -0.0070279472     -0.11851002     -0.55497821
           0.13          -0.068           0.068     -0.50446034    -0.016510963     -0.10466566     -0.55198881
           0.13          -0.064           0.068     -0.41114286    -0.025295503    -0.086389866     -0.54969338
           0.13           -0.06           0.068      -0.3113925    -0.034198367    -0.068629662     -0.54840727
           0.13          -0.056           0.068     -0.21590353    -0.043921906    -0.055383982     -0.54793145
           0.13          -0.052           0.068      -0.1327253    -0.054138557    -0.048328032     -0.54783508
           0.13          -0.048           0.068    -0.064973102    -0.063247502    -0.047036321     -0.54768827
           0.13          -0.044           0.068    -0.011431579    -0.069032214    -0.049965735      -0.5472981
           0.13           -0.04           0.068     0.032130796    -0.069378453    -0.055191012     -0.54673864
           0.13          -0.036           0.068      0.07188149    -0.062806479    -0.060921955     -0.54621432
           0.13          -0.032           0.068      0.11428545    -0.048988367     -0.06607667     -0.54591069
           0.13          -0.028           0.068      0.16495242     -0.02894939    -0.070080329     -0.54591606
           0.13          -0.024           0.068      0.22756002   -0.0046201052    -0.072231038     -0.54612502
           0.13           -0.02           0.068       0.2931435     0.020102507    -0.071846717     -0.54643663
           0.13          -0.016           0.068      0.34884623     0.043053461    -0.068346031     -0.54695742
           0.13          -0.012           0.068      0.39043448     0.065342835    -0.061525827     -0.54797635
           0.13          -0.008           0.068       0.4146035     0.086989418     -0.05190486       -0.549747
           0.13          -0.004           0.068      0.41869397      0.10695465     -0.04001396     -0.55231138
           0.13               0           0.068      0.40391826      0.12366206    -0.026018926     -0.55561374
           0.13           0.004           0.068      0.37749263      0.13483719    -0.010550328     -0.55951386
           0.13           0.008           0.068      0.34965114      0.13838835     0.004323911     -0.56380962
           0.13           0.012           0.068      0.32432677      0.13430848     0.015218109     -0.56813659
           0.13           0.016           0.068      0.29668981      0.12468701     0.019103939     -0.57189368
           0.13            0.02           0.068      0.26095093      0.11189557     0.015587307     -0.57446923
           0.13           0.024           0.068      0.21718064     0.097019244    0.0080068382     -0.57576135
           0.13           0.028           0.068      0.17268424     0.079116837    0.0028943626     -0.57627536
           0.13           0.032           0.068       0.1346812      0.05646016    0.0071148355     -0.57645194
           0.13           0.036           0.068      0.10234209     0.028143252     0.023731483     -0.57626191
           0.13            0.04           0.068     0.068472244   -0.0051470926      0.05010419     -0.57560663
           0.13           0.044           0.068     0.024954535    -0.039671869     0.078244979     -0.57438571
           0.13           0.048           0.068    -0.034672389    -0.070390747     0.099141643      -0.5722019
           0.13           0.052           0.068     -0.11346388    -0.093633638      0.10665212      -0.5686623
           0.13           0.056           0.068      -0.2096633     -0.10734118     0.097529932     -0.56399616
           0.13            0.06           0.068      -0.3157013     -0.11135115     0.073195928     -0.55909904
           0.13           0.064           0.068     -0.41787829     -0.10773437      0.04137017     -0.55477344
           0.13           0.068           0.068     -0.50209548    -0.099894663      0.01298141     -0.55127666
           0.13           0.072           0.068     -0.56147804    -0.090005476   -0.0036536239     -0.54859308
           0.13           0.076           0.068     -0.59631428    -0.078577076   -0.0054257501     -0.54696491
           0.13            0.08           0.068     -0.60879916    -0.065954263    0.0074747229     -0.54673867
           0.13           0.084           0.068      -0.6021678     -0.05303394     0.033573508     -0.54754609
           0.13           0.088           0.068     -0.58212417    -0.040475198     0.070351134     -0.54868188
           0.13           0.092           0.068      -0.5555998    -0.027562162      0.11384499     -0.54962634
           0.13           0.096           0.068     -0.52247778    -0.014489541      0.15490766     -0.55049688
           0.13             0.1           0.068               0               0               0     -0.55101144
           0.13          -0.096           0.072     -0.67242192      0.02701703    -0.015237471     -0.56978243
           0.13            -0.1           0.072               0               0               0     -0.57086901
           0.13          -0.092           0.072     -0.76178338     0.040501151    -0.053737197     -0.56754589
           0.13          -0.088           0.072      -0.7968497     0.044937726    -0.084510413     -0.56462286
           0.13          -0.084           0.072      -0.7946033     0.040827448     -0.10560299     -0.56096614
           0.13           -0.08           0.072     -0.76397992     0.031877885     -0.11652707     -0.55726791
           0.13          -0.076           0.072     -0.71168083     0.020680338     -0.11782233     -0.55405809
           0.13          -0.072           0.072     -0.64304659    0.0092460946     -0.11007376     -0.55162578
           0.13          -0.068           0.072     -0.56190773   -0.0011697819    -0.094791587      -0.5496859
           0.13          -0.064           0.072     -0.47153196    -0.010383957    -0.075596465     -0.54818424
           0.13           -0.06           0.072     -0.37786466    -0.019139432    -0.057574962     -0.54735361
           0.13          -0.056           0.072     -0.28939531     -0.02836628    -0.045017125     -0.54713486
           0.13          -0.052           0.072     -0.21293528    -0.038423627    -0.039816297     -0.54721492
           0.13          -0.048           0.072     -0.15116898    -0.048559337    -0.041453894     -0.54721335
           0.13          -0.044           0.072     -0.10272847    -0.056957753    -0.047917379     -0.54688042
           0.13           -0.04           0.072    -0.062394835     -0.06111094    -0.056532893     -0.54625116
           0.13          -0.036           0.072    -0.021643518    -0.058381276    -0.064685234     -0.54557185
           0.13          -0.032           0.072     0.029510379    -0.046713215    -0.070659626     -0.54509727
           0.13          -0.028           0.072     0.099387097    -0.025711229    -0.073924243     -0.54495507
           0.13          -0.024           0.072      0.18846378    0.0020729217    -0.074387754     -0.54503483
           0.13           -0.02           0.072      0.27417566      0.02969603    -0.072275393     -0.54530121
           0.13          -0.016           0.072      0.33823201     0.054357403    -0.067659751     -0.54595733
           0.13          -0.012           0.072      0.38281483     0.078530421    -0.060360158     -0.54736001
           0.13          -0.008           0.072      0.40751755      0.10212863    -0.050787791     -0.54975241
           0.13          -0.004           0.072      0.40987693      0.12383288    -0.039455332     -0.55305582
           0.13               0           0.072      0.38901064      0.14196298    -0.026505915     -0.55709046
           0.13           0.004           0.072       0.3487583      0.15450831    -0.012461494     -0.56152399
           0.13           0.008           0.072      0.29771193      0.15955507    0.0006949106     -0.56590389
           0.13           0.012           0.072      0.24443661      0.15626436    0.0097141039     -0.56976629
           0.13           0.016           0.072      0.19238252      0.14551572     0.011737633     -0.57262279
           0.13            0.02           0.072      0.14126695      0.12931729    0.0064806891     -0.57409565
           0.13           0.024           0.072     0.092532667      0.10929557   -0.0023128651     -0.57434767
           0.13           0.028           0.072     0.051228139     0.085700737   -0.0072529508     -0.57413235
           0.13           0.032           0.072     0.020874976     0.058020832   -0.0010093866     -0.57406482
           0.13           0.036           0.072   -0.0025050236     0.025958121     0.018778247     -0.57415397
           0.13            0.04           0.072    -0.028697986   -0.0094454439     0.047749829     -0.57414266
           0.13           0.044           0.072    -0.067093929    -0.044408254     0.076452535     -0.57388933
           0.13           0.048           0.072     -0.12373405    -0.074731197     0.095912702     -0.57297987
           0.13           0.052           0.072     -0.20052179    -0.097588055      0.10092483       -0.570778
           0.13           0.056           0.072     -0.29434498     -0.11145589     0.089343032     -0.56724753
           0.13            0.06           0.072     -0.39670933      -0.1168756     0.063396894     -0.56300135
           0.13           0.064           0.072      -0.4950786     -0.11590201     0.030758329     -0.55866366
           0.13           0.068           0.072     -0.57823186     -0.11083627      0.00180986     -0.55451076
           0.13           0.072           0.072     -0.64048462      -0.1028839    -0.015361448     -0.55088536
           0.13           0.076           0.072     -0.67986938    -0.092348111    -0.017282655     -0.54848407
           0.13            0.08           0.072     -0.69538004    -0.079702584   -0.0039019823     -0.54768343
           0.13           0.084           0.072     -0.68847369    -0.065773841     0.023089177     -0.54804963
           0.13           0.088           0.072     -0.66440302    -0.051177819     0.060970689     -0.54892746
           0.13           0.092           0.072       -0.629372    -0.035221706      0.10577966     -0.54973235
           0.13           0.096           0.072     -0.58155419    -0.018416399      0.14899975     -0.55065236
           0.13             0.1           0.072               0               0               0     -0.55127044
           0.13          -0.096           0.076     -0.82291795     0.028731553    -0.046631696     -0.56403792
           0.13            -0.1           0.076               0               0               0     -0.56536488
           0.13          -0.092           0.076     -0.88469344     0.042391357     -0.07356414     -0.56172013
           0.13          -0.088           0.076     -0.89171306     0.046939448    -0.093553822     -0.55924041
           0.13          -0.084           0.076     -0.86726638     0.042907862     -0.10593321      -0.5563061
           0.13           -0.08           0.076     -0.82062761     0.034135709     -0.11077367     -0.55348239
           0.13          -0.076           0.076     -0.75702361     0.022949631      -0.1083335     -0.55105182
           0.13          -0.072           0.076     -0.68051659     0.011196022    -0.098804123      -0.5493531
           0.13          -0.068           0.076     -0.59535283   0.00021489128    -0.083156198     -0.54827893
           0.13          -0.064           0.076     -0.50604605   -0.0093447659    -0.064423848     -0.54756751
           0.13           -0.06           0.076     -0.41769163    -0.017908214     -0.04726701     -0.54717097
           0.13          -0.056           0.076      -0.3361967    -0.026470436    -0.035796067     -0.54704113
           0.13          -0.052           0.076     -0.26632711    -0.035873022    -0.031965235     -0.54697432
           0.13          -0.048           0.076     -0.20975689    -0.046092693    -0.035415855     -0.54672288
           0.13          -0.044           0.076     -0.16470143    -0.055814317    -0.044083821     -0.54615786
           0.13           -0.04           0.076     -0.12544108    -0.062432661     -0.05490615     -0.54539423
           0.13          -0.036           0.076    -0.082206124    -0.062450116    -0.064634799     -0.54470917
           0.13          -0.032           0.076     -0.02263674     -0.05208728    -0.070890035     -0.54426564
           0.13          -0.028           0.076     0.064967396    -0.028757678    -0.072998094     -0.54399482
           0.13          -0.024           0.076      0.17642132    0.0039525605    -0.072070663     -0.54383214
           0.13           -0.02           0.076      0.27532095     0.035155665    -0.069472246     -0.54396636
           0.13          -0.016           0.076      0.34181978     0.061726725    -0.065005284     -0.54467313
           0.13          -0.012           0.076       0.3855995      0.08774969    -0.058000472     -0.54635274
           0.13          -0.008           0.076      0.40839125      0.11313577    -0.048765206     -0.54925909
           0.13          -0.004           0.076      0.40797635      0.13632738    -0.037906761      -0.5532379
           0.13               0           0.076      0.38282014      0.15544595     -0.02568977     -0.55801569
           0.13           0.004           0.076      0.33559222      0.16843025    -0.012610295     -0.56309825
           0.13           0.008           0.076      0.27356977      0.17363931  -0.00046525468     -0.56780773
           0.13           0.012           0.076      0.20548962      0.17040479    0.0076928211     -0.57150839
           0.13           0.016           0.076      0.13778056      0.15918936     0.009054286     -0.57368928
           0.13            0.02           0.076     0.074020948      0.14125371    0.0031556942     -0.57414922
           0.13           0.024           0.076      0.01779066       0.1179617   -0.0063660472     -0.57331554
           0.13           0.028           0.076    -0.026083517     0.090590109       -0.011539     -0.57224003
           0.13           0.032           0.076    -0.055748842     0.060015692    -0.004302189     -0.57179934
           0.13           0.036           0.076    -0.076863865       0.0265826      0.01723971     -0.57205109
           0.13            0.04           0.076     -0.10059945   -0.0085815267     0.047308856     -0.57266909
           0.13           0.044           0.076     -0.13702682    -0.042221207      0.07548481     -0.57342439
           0.13           0.048           0.076     -0.19185704    -0.071089857     0.092928556     -0.57383114
           0.13           0.052           0.076      -0.2662104    -0.093206783     0.095195168     -0.57312355
           0.13           0.056           0.076     -0.35634407     -0.10749263     0.081101997     -0.57091024
           0.13            0.06           0.076     -0.45450046     -0.11465857     0.053555084     -0.56735241
           0.13           0.064           0.076     -0.55103731     -0.11647044     0.019979587     -0.56284588
           0.13           0.068           0.076      -0.6374498     -0.11437166   -0.0097451216     -0.55792915
           0.13           0.072           0.076     -0.70717957     -0.10898356    -0.027438832     -0.55351116
           0.13           0.076           0.076      -0.7547802      -0.1005876    -0.029371944     -0.55047602
           0.13            0.08           0.076     -0.77676086    -0.089582291    -0.015632127     -0.54899261
           0.13           0.084           0.076     -0.77313696    -0.076267349     0.011786651     -0.54866933
           0.13           0.088           0.076     -0.74835705    -0.060911821     0.050078277     -0.54903289
           0.13           0.092           0.076     -0.70783356    -0.042748372     0.095414578     -0.54948555
           0.13           0.096           0.076     -0.64738116    -0.022630795       0.1401279     -0.55034022
           0.13             0.1           0.076               0               0               0     -0.55103894
           0.13          -0.096            0.08     -0.94389494     0.026331325     -0.07455994     -0.55825008
           0.13            -0.1            0.08               0               0               0     -0.55936461
           0.13          -0.092            0.08     -0.97409049     0.035817844    -0.087486401     -0.55647581
           0.13          -0.088            0.08     -0.95493234     0.037014545    -0.097135454     -0.55479035
           0.13          -0.084            0.08     -0.91135122     0.031178593     -0.10189628     -0.55282231
           0.13           -0.08            0.08     -0.85113688     0.021703968     -0.10157959     -0.55100601
           0.13          -0.076            0.08     -0.77787807     0.010359433    -0.095947309     -0.54951233
           0.13          -0.072            0.08     -0.69510903   -0.0013333485     -0.08514093     -0.54857062
           0.13          -0.068            0.08     -0.60743964    -0.012256532    -0.070073268     -0.54811473
           0.13          -0.064            0.08     -0.51982539    -0.021732792    -0.053121237     -0.54790051
           0.13           -0.06            0.08     -0.43685271     -0.02995808    -0.037986863     -0.54772286
           0.13          -0.056            0.08     -0.36248866    -0.037915545    -0.028179297     -0.54745313
           0.13          -0.052            0.08     -0.29952695    -0.046684368    -0.025589431     -0.54697207
           0.13          -0.048            0.08     -0.24851129    -0.056642328    -0.030117387     -0.54620436
           0.13          -0.044            0.08     -0.20683436    -0.066844045    -0.039937141      -0.5452226
           0.13           -0.04            0.08     -0.16783522    -0.074627503    -0.052004068     -0.54428132
           0.13          -0.036            0.08     -0.12055335    -0.075630058    -0.062725169     -0.54366884
           0.13          -0.032            0.08    -0.051585628    -0.064561443    -0.068972941     -0.54338011
           0.13          -0.028            0.08     0.051887866    -0.036907169    -0.069540428     -0.54299712
           0.13          -0.024            0.08      0.17893626    0.0018677964    -0.067389372     -0.54247471
           0.13           -0.02            0.08      0.28363816     0.036857785     -0.06515313     -0.54235095
           0.13          -0.016            0.08      0.34911245     0.065450894    -0.061481222      -0.5430049
           0.13          -0.012            0.08      0.39054996     0.093445533    -0.055126714     -0.54484815
           0.13          -0.008            0.08      0.41015382      0.12071127    -0.046400961     -0.54815085
           0.13          -0.004            0.08      0.40573678       0.1454882    -0.036113489     -0.55273469
           0.13               0            0.08      0.37596207      0.16577423    -0.024760579     -0.55823736
           0.13           0.004            0.08      0.32373079      0.17938603     -0.01287971     -0.56398678
           0.13           0.008            0.08      0.25630787      0.18479393   -0.0019917967     -0.56911687
           0.13           0.012            0.08      0.18213062      0.18160063    0.0053099825     -0.57286224
           0.13           0.016            0.08      0.10769683      0.17029535     0.006533389     -0.57466304
           0.13            0.02            0.08     0.037055515      0.15150457     0.001024529     -0.57438723
           0.13           0.024            0.08    -0.025329914      0.12623413   -0.0082576934     -0.57260902
           0.13           0.028            0.08    -0.073462861     0.096518353     -0.01343272     -0.57066802
           0.13           0.032            0.08     -0.10538897     0.064395231   -0.0057975384     -0.56981118
           0.13           0.036            0.08      -0.1274114     0.031138875     0.016383308     -0.57021513
           0.13            0.04            0.08     -0.15110224   -0.0020955132     0.046408238     -0.57147458
           0.13           0.044            0.08     -0.18652775     -0.03295823     0.073359794     -0.57319453
           0.13           0.048            0.08     -0.23894097    -0.059183084     0.088591149     -0.57476571
           0.13           0.052            0.08     -0.30915566    -0.079635705     0.088281228     -0.57538922
           0.13           0.056            0.08     -0.39396098    -0.093862795     0.071993525     -0.57441217
           0.13            0.06            0.08     -0.48781163     -0.10261908     0.043053537     -0.57155093
           0.13           0.064            0.08     -0.58452011     -0.10714894    0.0087906933     -0.56701395
           0.13           0.068            0.08     -0.67745916     -0.10848687    -0.021093878     -0.56165599
           0.13           0.072            0.08     -0.75821931     -0.10701512    -0.038613067     -0.55669894
           0.13           0.076            0.08     -0.81740025     -0.10252734    -0.040363398     -0.55298068
           0.13            0.08            0.08     -0.84893636    -0.094852714    -0.026614302     -0.55067045
           0.13           0.084            0.08     -0.85196994     -0.08376682   0.00052117385     -0.54949143
           0.13           0.088            0.08     -0.83015408    -0.069171905     0.038183415     -0.54911313
           0.13           0.092            0.08       -0.787828    -0.049974989     0.082777244     -0.54898312
           0.13           0.096            0.08     -0.71825159    -0.027165631      0.12785492     -0.54961118
           0.13             0.1            0.08               0               0               0     -0.55034901
           0.13          -0.096           0.084      -1.0092853     0.016132601    -0.090995084     -0.55338384
           0.13            -0.1           0.084               0               0               0     -0.55399643
           0.13          -0.092           0.084      -1.0200163     0.019004286    -0.092301756      -0.5524107
           0.13          -0.088           0.084     -0.98226428      0.01542344    -0.093859905      -0.5515027
           0.13          -0.084           0.084     -0.92475841    0.0070284632    -0.092870058     -0.55049589
           0.13           -0.08           0.084     -0.85435316    -0.003736901     -0.08877439     -0.54966542
           0.13          -0.076           0.084     -0.77434345    -0.015484791    -0.081080585     -0.54910609
           0.13          -0.072           0.084     -0.68848806    -0.026998226    -0.070024523     -0.54888943
           0.13          -0.068           0.084     -0.60146642    -0.037416532    -0.056474218     -0.54888338
           0.13          -0.064           0.084     -0.51785065    -0.046318991    -0.042210518     -0.54886455
           0.13           -0.06           0.084      -0.4414511    -0.053982468    -0.029883002     -0.54863096
           0.13          -0.056           0.084     -0.37494751    -0.061374448    -0.022166556     -0.54805218
           0.13          -0.052           0.084     -0.31961099     -0.06962962    -0.020706985     -0.54709317
           0.13          -0.048           0.084     -0.27473151    -0.079297593    -0.025606087     -0.54584123
           0.13          -0.044           0.084       -0.236643    -0.089538065    -0.035450823     -0.54453092
           0.13           -0.04           0.084     -0.19758689    -0.097329887    -0.047600598     -0.54348048
           0.13          -0.036           0.084     -0.14586064    -0.097392914     -0.05861069     -0.54288895
           0.13          -0.032           0.084    -0.068308022    -0.083411902    -0.064942171     -0.54256177
           0.13          -0.028           0.084     0.046887598    -0.049670805    -0.064547236     -0.54184552
           0.13          -0.024           0.084      0.18249018   -0.0040182302    -0.061725225     -0.54078104
           0.13           -0.02           0.084      0.28863422     0.035238733    -0.060098489     -0.54026671
           0.13          -0.016           0.084       0.3524286      0.06626507    -0.057208136     -0.54077344
           0.13          -0.012           0.084       0.3912064     0.096245332    -0.051520164     -0.54267647
           0.13          -0.008           0.084      0.40699929      0.12537837    -0.043461897       -0.546288
           0.13          -0.004           0.084      0.39778158      0.15189898    -0.034088552     -0.55143713
           0.13   3.6346636e-19           0.084      0.36300602      0.17372486    -0.024135342     -0.55765287
           0.13           0.004           0.084      0.30664462      0.18857298     -0.01411582     -0.56407433
           0.13           0.008           0.084      0.23666896      0.19498293   -0.0051323788     -0.56966487
           0.13           0.012           0.084      0.16132343      0.19277082   0.00090295808     -0.57356045
           0.13           0.016           0.084     0.086272688      0.18251477    0.0021106021     -0.57518186
           0.13            0.02           0.084     0.014300042      0.16427121   -0.0021349945     -0.57443973
           0.13           0.024           0.084    -0.050729028      0.13850284   -0.0099090581     -0.57197583
           0.13           0.028           0.084     -0.10230385      0.10723299    -0.014494468     -0.56927458
           0.13           0.032           0.084     -0.13732845     0.073580881   -0.0071300578     -0.56794874
           0.13           0.036           0.084      -0.1610296     0.040690588      0.01434112     -0.56847934
           0.13            0.04           0.084     -0.18465754      0.01013343     0.043106939     -0.57038005
           0.13           0.044           0.084      -0.2181833    -0.016910761     0.068299076     -0.57300616
           0.13           0.048           0.084     -0.26646886    -0.039345068     0.081466307     -0.57560893
           0.13           0.052           0.084     -0.33023003    -0.056918615       0.0791041     -0.57733375
           0.13           0.056           0.084     -0.40746239    -0.069953839     0.061352799     -0.57738076
           0.13            0.06           0.084     -0.49548506    -0.079414246     0.031878988      -0.5752193
           0.13           0.064           0.084     -0.59203257    -0.086427985   -0.0019149264     -0.57096848
           0.13           0.068           0.084     -0.69324045    -0.092125251    -0.030533269     -0.56555762
           0.13           0.072           0.084     -0.78892167    -0.096511073    -0.046881235     -0.56018223
           0.13           0.076           0.084     -0.86417976    -0.098078475    -0.048423091     -0.55568917
           0.13            0.08           0.084     -0.90892059    -0.095498951    -0.035353099     -0.55248217
           0.13           0.084           0.084     -0.92171325    -0.088160798   -0.0095112891     -0.55041826
           0.13           0.088           0.084     -0.90615928    -0.075849113     0.026127823      -0.5492093
           0.13           0.092           0.084     -0.86591299    -0.056920153     0.068077626     -0.54831389
           0.13           0.096           0.084     -0.79196312    -0.032096928      0.11149511     -0.54853184
           0.13             0.1           0.084               0               0               0     -0.54924261
           0.13          -0.096           0.088      -1.0258257  -0.00020971903    -0.092984985     -0.54932523
           0.13            -0.1           0.088               0               0               0     -0.54930403
           0.13          -0.092           0.088      -1.0273005   -0.0058192353    -0.087684721     -0.54930463
           0.13          -0.088           0.088       -0.977295    -0.015257352    -0.083777165     -0.54919894
           0.13          -0.084           0.088      -0.9103432    -0.027035748    -0.078845901     -0.54912104
           0.13           -0.08           0.088     -0.83347895    -0.039715618    -0.072471846     -0.54917634
           0.13          -0.076           0.088     -0.75055593    -0.052126493    -0.064177548     -0.54938338
           0.13          -0.072           0.088     -0.66558012    -0.063420697    -0.054173287     -0.54968153
           0.13          -0.068           0.088     -0.58282738    -0.073090687    -0.043054808     -0.54992505
           0.13          -0.064           0.088     -0.50616717    -0.081083867    -0.032008446      -0.5499138
           0.13           -0.06           0.088     -0.43845177    -0.087898358    -0.022786241     -0.54948988
           0.13          -0.056           0.088     -0.38123092    -0.094546302    -0.017236396     -0.54859455
           0.13          -0.052           0.088     -0.33460208     -0.10212552    -0.016637165      -0.5472966
           0.13          -0.048           0.088     -0.29671065     -0.11111481     -0.02122007     -0.54579817
           0.13          -0.044           0.088     -0.26276534     -0.12046001    -0.030033345     -0.54438708
           0.13           -0.04           0.088     -0.22424779     -0.12675879    -0.041054353     -0.54330457
           0.13          -0.036           0.088     -0.16979559     -0.12443663    -0.051408568     -0.54256827
           0.13          -0.032           0.088    -0.087483362      -0.1069011    -0.057715278     -0.54184881
           0.13          -0.028           0.088     0.033881142    -0.067115949    -0.057263943     -0.54048029
           0.13          -0.024           0.088      0.17449897    -0.013923079    -0.054454373     -0.53866772
           0.13           -0.02           0.088      0.28233775      0.03099124    -0.053275061     -0.53764017
           0.13          -0.016           0.088      0.34512874     0.065054756    -0.050919782     -0.53795495
           0.13          -0.012           0.088      0.38096278     0.096893377    -0.045929789     -0.53989318
           0.13          -0.008           0.088      0.39256279      0.12781236    -0.038940603     -0.54379553
           0.13          -0.004           0.088      0.37842571       0.1562263    -0.031190639      -0.5494817
           0.13               0           0.088       0.3391705      0.17998668    -0.023483955     -0.55635899
           0.13           0.004           0.088      0.28009046      0.19674465    -0.016138162     -0.56339838
           0.13           0.008           0.088      0.20981691      0.20509474   -0.0097281594     -0.56943023
           0.13           0.012           0.088      0.13633405       0.2050162   -0.0054497883      -0.5735313
           0.13           0.016           0.088     0.064432801       0.1971681   -0.0044407495     -0.57514285
           0.13            0.02           0.088   -0.0043647537      0.18128002   -0.0069328002     -0.57421475
           0.13           0.024           0.088    -0.067703503      0.15715135    -0.011835826     -0.57136926
           0.13           0.028           0.088     -0.12018854      0.12562189    -0.014684906     -0.56803311
           0.13           0.032           0.088     -0.15755338     0.090014147   -0.0081075515      -0.5660829
           0.13           0.036           0.088     -0.18253799     0.056215011      0.01089577     -0.56652262
           0.13            0.04           0.088       -0.205144     0.027698293      0.03669456     -0.56894998
           0.13           0.044           0.088      -0.2351705    0.0048465788     0.059230125     -0.57239316
           0.13           0.048           0.088     -0.27737729    -0.012764745      0.07042134     -0.57588068
           0.13           0.052           0.088     -0.33234414    -0.026001657     0.066807902     -0.57849409
           0.13           0.056           0.088     -0.39892115    -0.036207784     0.048837116     -0.57938759
           0.13            0.06           0.088     -0.47712636     -0.04493258     0.020391307     -0.57794942
           0.13           0.064           0.088     -0.56996021    -0.053990291    -0.010853322     -0.57423714
           0.13           0.068           0.088     -0.67906575    -0.064954179    -0.035898995     -0.56908571
           0.13           0.072           0.088     -0.79334745    -0.077075412    -0.049737883      -0.5635423
           0.13           0.076           0.088     -0.89045438    -0.087089372     -0.05133677      -0.5584054
           0.13            0.08           0.088     -0.95350286    -0.091828023    -0.040175145     -0.55431743
           0.13           0.084           0.088     -0.97929367    -0.089994177    -0.016990788     -0.55139759
           0.13           0.088           0.088     -0.97270443    -0.081454059     0.015022077     -0.54933033
           0.13           0.092           0.088     -0.93821413    -0.063958986     0.052013298     -0.54748486
           0.13           0.096           0.088     -0.86543402    -0.037744501     0.090772494     -0.54706978
           0.13             0.1           0.088               0               0               0     -0.54765187
           0.13          -0.096           0.092      -1.0089649    -0.017743303    -0.077895032     -0.54529304
           0.13            -0.1           0.092               0               0               0     -0.54462229
           0.13          -0.092           0.092      -1.0030707    -0.034214443    -0.071353875     -0.54636755
           0.13          -0.088           0.092      -0.9441089    -0.051316396    -0.065014561     -0.54725372
           0.13          -0.084           0.092     -0.87135211    -0.067675084    -0.058433172     -0.54814626
           0.13           -0.08           0.092     -0.79243113    -0.082782241    -0.051738698     -0.54898374
           0.13          -0.076           0.092      -0.7114203    -0.095887581    -0.044565038     -0.54977963
           0.13          -0.072           0.092     -0.63216952     -0.10677666    -0.036959878     -0.55041388
           0.13          -0.068           0.092     -0.55826184     -0.11541045    -0.029149552     -0.55076718
           0.13          -0.064           0.092     -0.49247562     -0.12210918    -0.021744563     -0.55069572
           0.13           -0.06           0.092     -0.43644462     -0.12755189    -0.015739479      -0.5501234
           0.13          -0.056           0.092     -0.39059298     -0.13272762    -0.012254304     -0.54908389
           0.13          -0.052           0.092     -0.35396062     -0.13856672    -0.012162072     -0.54772159
           0.13          -0.048           0.092     -0.32362504       -0.145373    -0.015737422     -0.54625935
           0.13          -0.044           0.092     -0.29407926      -0.1520871    -0.022472992      -0.5449073
           0.13           -0.04           0.092     -0.25720892     -0.15569825    -0.031078184     -0.54374867
           0.13          -0.036           0.092     -0.20332238     -0.15127661    -0.039522798     -0.54266137
           0.13          -0.032           0.092     -0.12209135     -0.13226849    -0.045156612     -0.54130936
           0.13          -0.028           0.092    -0.001244218    -0.089526816    -0.045334571     -0.53915883
           0.13          -0.024           0.092      0.14379331    -0.028793669    -0.043192684      -0.5364885
           0.13           -0.02           0.092      0.25689128     0.024335105    -0.042129501     -0.53481616
           0.13          -0.016           0.092      0.31904408     0.062421717    -0.040046525     -0.53490688
           0.13          -0.012           0.092      0.35088091     0.096189855    -0.035906291     -0.53689922
           0.13          -0.008           0.092       0.3578894       0.1290374    -0.030616836     -0.54108489
           0.13          -0.004           0.092      0.33955887      0.15964312     -0.02549321      -0.5472548
           0.13               0           0.092      0.29782651      0.18572619      -0.0211219     -0.55472159
           0.13           0.004           0.092      0.23875369      0.20483174    -0.017361984     -0.56231468
           0.13           0.008           0.092      0.17071693      0.21557936    -0.014178882     -0.56875512
           0.13           0.012           0.092       0.1010592      0.21807312    -0.012166244     -0.57307557
           0.13           0.016           0.092     0.033946726      0.21294509     -0.01181648     -0.57479118
           0.13            0.02           0.092    -0.029161325      0.20001499    -0.012909989     -0.57396236
           0.13           0.024           0.092    -0.086553277      0.17911801     -0.01450675     -0.57113845
           0.13           0.028           0.092     -0.13489551       0.1499982    -0.014278082      -0.5674953
           0.13           0.032           0.092     -0.17089282        0.113766   -0.0081619472     -0.56487768
           0.13           0.036           0.092     -0.19543194     0.077365565    0.0066543045      -0.5647493
           0.13            0.04           0.092       -0.215966     0.048866301     0.027091776     -0.56707788
           0.13           0.044           0.092     -0.24123407     0.030071776      0.04523819     -0.57076174
           0.13           0.048           0.092     -0.27576751     0.018676699     0.053946914     -0.57469273
           0.13           0.052           0.092     -0.31993865     0.011779419     0.049879719     -0.57800699
           0.13           0.056           0.092     -0.37273424     0.006203803     0.033500437     -0.57982932
           0.13            0.06           0.092     -0.43560114  -0.00075931962     0.008865333     -0.57930735
           0.13           0.064           0.092     -0.51753424    -0.011826784    -0.016110163     -0.57629773
           0.13           0.068           0.092     -0.62960209    -0.028462775    -0.034194861     -0.57162557
           0.13           0.072           0.092     -0.76303177    -0.049134673    -0.043705551     -0.56620501
           0.13           0.076           0.092     -0.88747901    -0.069499668    -0.045450642     -0.56063749
           0.13            0.08           0.092     -0.97533734    -0.084073227    -0.037870997     -0.55580613
           0.13           0.084           0.092      -1.0181242    -0.089826175    -0.019667737     -0.55220264
           0.13           0.088           0.092      -1.0229199    -0.086365342    0.0061198058      -0.5493985
           0.13           0.092           0.092     -0.99725548    -0.070946803      0.03497091     -0.54658477
           0.13           0.096           0.092     -0.93169039    -0.043797739     0.064438528     -0.54547602
           0.13             0.1           0.092               0               0               0     -0.54590155
           0.13          -0.096           0.096     -0.95202205    -0.033868671    -0.048365422     -0.54326928
           0.13            -0.1           0.096               0               0               0     -0.54202816
           0.13          -0.092           0.096     -0.93834162    -0.063409352    -0.043705578     -0.54523707
           0.13          -0.088           0.096     -0.87217129    -0.089393302    -0.037959304     -0.54683804
           0.13          -0.084           0.096     -0.79833165     -0.11000835    -0.032530764     -0.54837639
           0.13           -0.08           0.096      -0.7239992     -0.12653575     -0.02782379     -0.54962515
           0.13          -0.076           0.096     -0.65237307     -0.13911674    -0.023392342     -0.55063339
           0.13          -0.072           0.096     -0.58608994     -0.14841939    -0.019225217     -0.55130837
           0.13          -0.068           0.096     -0.52720751      -0.1548904    -0.015232751     -0.55158692
           0.13          -0.064           0.096     -0.47691491      -0.1591224    -0.011557336     -0.55139308
           0.13           -0.06           0.096      -0.4353992     -0.16182118   -0.0086539699     -0.55072695
           0.13          -0.056           0.096      -0.4019309     -0.16378149    -0.007061273     -0.54967851
           0.13          -0.052           0.096     -0.37478969     -0.16583247   -0.0072587095     -0.54840604
           0.13          -0.048           0.096     -0.35079669     -0.16847091   -0.0093830195     -0.54708028
           0.13          -0.044           0.096     -0.32515267     -0.17129387     -0.01321167      -0.5458036
           0.13           -0.04           0.096     -0.29173394     -0.17247717    -0.018185505     -0.54455269
           0.13          -0.036           0.096     -0.24351504       -0.168292    -0.023324514     -0.54316184
           0.13          -0.032           0.096      -0.1723321     -0.15254972     -0.02710259     -0.54132367
           0.13          -0.028           0.096    -0.066087164     -0.11483392     -0.02771272     -0.53861593
           0.13          -0.024           0.096     0.076009651     -0.05063054    -0.026123488     -0.53518299
           0.13           -0.02           0.096      0.19796261     0.014112488    -0.024853428     -0.53276366
           0.13          -0.016           0.096      0.26053184      0.05884771    -0.023453078     -0.53256521
           0.13          -0.012           0.096      0.28616883     0.094511049    -0.020974872     -0.53462921
           0.13          -0.008           0.096      0.28804235       0.1287442    -0.018026409     -0.53903344
           0.13          -0.004           0.096      0.26743095      0.16066389     -0.01544006     -0.54544259
           0.13               0           0.096      0.22698564      0.18808562     -0.01365568     -0.55316464
           0.13           0.004           0.096      0.17202657      0.20860222    -0.012533686     -0.56104485
           0.13           0.008           0.096      0.10950024      0.22075129    -0.011766482       -0.567762
           0.13           0.012           0.096     0.045728511      0.22444245    -0.011570207     -0.57226731
           0.13           0.016           0.096    -0.015273873      0.21971746    -0.012088025     -0.57415305
           0.13            0.02           0.096    -0.071287277      0.20624285    -0.012852812     -0.57361236
           0.13           0.024           0.096     -0.12012076      0.18435807    -0.012627096     -0.57117625
           0.13           0.028           0.096     -0.15904021      0.15520591    -0.010031591     -0.56782637
           0.13           0.032           0.096      -0.1862632      0.12090421   -0.0049697386     -0.56501769
           0.13           0.036           0.096     -0.20393676      0.08726516    0.0029672203     -0.56396706
           0.13            0.04           0.096     -0.21887308     0.063057951     0.014627895     -0.56488846
           0.13           0.044           0.096     -0.23753874     0.052226674     0.026881351      -0.5672764
           0.13           0.048           0.096     -0.26254321       0.0516397     0.033044266     -0.57064267
           0.13           0.052           0.096     -0.29357412     0.055082161     0.029730857     -0.57443094
           0.13           0.056           0.096     -0.32973364       0.0560499     0.017924481     -0.57752416
           0.13            0.06           0.096     -0.37400484     0.049906396    0.0012984928     -0.57845334
           0.13           0.064           0.096      -0.4387563      0.03507463    -0.013874233     -0.57667889
           0.13           0.068           0.096      -0.5403313     0.013484605    -0.023655803     -0.57302035
           0.13           0.072           0.096     -0.68052068    -0.013872763     -0.02867706     -0.56835249
           0.13           0.076           0.096     -0.83219465    -0.045582995    -0.030669175     -0.56283509
           0.13            0.08           0.096     -0.94989744    -0.073839393    -0.027453054     -0.55742362
           0.13           0.084           0.096      -1.0096043    -0.090352025     -0.01600922     -0.55304723
           0.13           0.088           0.096      -1.0225679    -0.092609936   0.00089332892     -0.54930961
           0.13           0.092           0.096      -1.0043266    -0.077835254     0.018350279     -0.54543134
           0.13           0.096           0.096     -0.94712035    -0.048396112      0.03451552     -0.54346997
           0.13             0.1           0.096               0               0               0     -0.54360785
           0.13          -0.096             0.1               0               0               0     -0.54340604
           0.13            -0.1             0.1               0               0               0     -0.54193045
           0.13          -0.092             0.1               0               0               0     -0.54567754
           0.13          -0.088             0.1               0               0               0     -0.54744555
           0.13          -0.084             0.1               0               0               0     -0.54911827
           0.13           -0.08             0.1               0               0               0     -0.55039365
           0.13          -0.076             0.1               0               0               0     -0.55134971
           0.13          -0.072             0.1               0               0               0     -0.55193021
           0.13          -0.068             0.1               0               0               0     -0.55209707
           0.13          -0.064             0.1               0               0               0     -0.55180396
           0.13           -0.06             0.1               0               0               0     -0.55108056
           0.13          -0.056             0.1               0               0               0     -0.55002745
           0.13          -0.052             0.1               0               0               0     -0.54879495
           0.13          -0.048             0.1               0               0               0      -0.5475235
           0.13          -0.044             0.1               0               0               0     -0.54627553
           0.13           -0.04             0.1               0               0               0     -0.54499977
           0.13          -0.036             0.1               0               0               0     -0.54352503
           0.13          -0.032             0.1               0               0               0     -0.54154337
           0.13          -0.028             0.1               0               0               0     -0.53865955
           0.13          -0.024             0.1               0               0               0     -0.53489859
           0.13           -0.02             0.1               0               0               0     -0.53209216
           0.13          -0.016             0.1               0               0               0     -0.53173184
           0.13          -0.012             0.1               0               0               0     -0.53384101
           0.13          -0.008             0.1               0               0               0     -0.53833255
           0.13          -0.004             0.1               0               0               0      -0.5447578
           0.13               0             0.1               0               0               0     -0.55245437
           0.13           0.004             0.1               0               0               0     -0.56035131
           0.13           0.008             0.1               0               0               0     -0.56714205
           0.13           0.012             0.1               0               0               0     -0.57172197
           0.13           0.016             0.1               0               0               0     -0.57370796
           0.13            0.02             0.1               0               0               0      -0.5733382
           0.13           0.024             0.1               0               0               0       -0.571163
           0.13           0.028             0.1               0               0               0     -0.56813395
           0.13           0.032             0.1               0               0               0     -0.56543793
           0.13           0.036             0.1               0               0               0     -0.56389837
           0.13            0.04             0.1               0               0               0     -0.56371521
           0.13           0.044             0.1               0               0               0     -0.56493282
           0.13           0.048             0.1               0               0               0     -0.56768171
           0.13           0.052             0.1               0               0               0      -0.5716331
           0.13           0.056             0.1               0               0               0      -0.5754584
           0.13            0.06             0.1               0               0               0      -0.5772939
           0.13           0.064             0.1               0               0               0     -0.57637709
           0.13           0.068             0.1               0               0               0     -0.57347428
           0.13           0.072             0.1               0               0               0     -0.56945537
           0.13           0.076             0.1               0               0               0     -0.56416401
           0.13            0.08             0.1               0               0               0     -0.55848964
           0.13           0.084             0.1               0               0               0      -0.5535998
           0.13           0.088             0.1               0               0               0     -0.54921992
           0.13           0.092             0.1               0               0               0     -0.54471252
           0.13           0.096             0.1               0               0               0     -0.54220808
           0.13             0.1             0.1               0               0               0     -0.54211716
