#             x               y               z             U_x             U_y             U_z               p
           0.13          -0.098          -0.098    -0.012414097   -0.0015583174   7.2847373e-05     -0.32573154
           0.13          -0.098          -0.094     0.014860904   -0.0046643037    0.0081126469     -0.32570903
           0.13          -0.098           -0.09     0.040107488   -0.0091464194     0.018831488     -0.32557459
           0.13          -0.098          -0.086     0.050698808    -0.012297281      0.03160968     -0.32535204
           0.13          -0.098          -0.082     0.054644325    -0.012935093     0.047889938     -0.32544503
           0.13          -0.098          -0.078     0.051763672     -0.01134037     0.065526402     -0.32604551
           0.13          -0.098          -0.074       0.0452776    -0.010825584     0.082619684        -0.32725
           0.13          -0.098           -0.07     0.039604567    -0.012483154     0.099857968     -0.32910271
           0.13          -0.098          -0.066     0.034964772    -0.015681951      0.11910866     -0.33170176
           0.13          -0.098          -0.062     0.029354301    -0.019270936       0.1390317     -0.33506445
           0.13          -0.098          -0.058     0.026789517    -0.023235062      0.15816287     -0.33911508
           0.13          -0.098          -0.054      0.02757053    -0.025360745      0.17613751     -0.34377975
           0.13          -0.098           -0.05     0.032086546    -0.024992744      0.19286162     -0.34897954
           0.13          -0.098          -0.046     0.040611131    -0.023224933      0.20793049     -0.35454166
           0.13          -0.098          -0.042     0.051890261    -0.020128706      0.22018271     -0.36018323
           0.13          -0.098          -0.038     0.068906273    -0.016533359      0.22812387     -0.36553509
           0.13          -0.098          -0.034     0.088755798    -0.012027295      0.23086777      -0.3702164
           0.13          -0.098           -0.03      0.11118406   -0.0071830141      0.22727409     -0.37400288
           0.13          -0.098          -0.026      0.13292688   -0.0029937967      0.21822837      -0.3766088
           0.13          -0.098          -0.022      0.15230439   -0.0011727007      0.20383627     -0.37815644
           0.13          -0.098          -0.018      0.16797886   -0.0017507429      0.18419162     -0.37803836
           0.13          -0.098          -0.014      0.17444741   -0.0014038075       0.1595747     -0.37670348
           0.13          -0.098           -0.01      0.16979603    0.0013628394      0.13018439     -0.37459491
           0.13          -0.098          -0.006      0.15103607    0.0052172946     0.092842892     -0.37239547
           0.13          -0.098          -0.002      0.11512277    0.0066863703     0.043555877     -0.37125927
           0.13          -0.098           0.002     0.084397778    0.0098313784    0.0091000316     -0.37091481
           0.13          -0.098           0.006     0.091638993     0.015070696   -0.0081462909     -0.37081856
           0.13          -0.098            0.01      0.11182202     0.018311823    -0.028328848     -0.37064758
           0.13          -0.098           0.014      0.12246203     0.017691776    -0.046554077     -0.37028121
           0.13          -0.098           0.018      0.11796788      0.01592641    -0.057803066     -0.36949169
           0.13          -0.098           0.022      0.10105404     0.012323161    -0.063708555     -0.36828126
           0.13          -0.098           0.026     0.084111936    0.0033563271    -0.070736595     -0.36697803
           0.13          -0.098            0.03     0.075136181   -0.0087090813    -0.075675902      -0.3652905
           0.13          -0.098           0.034     0.066692493    -0.015901228    -0.071790764      -0.3631843
           0.13          -0.098           0.038     0.056880348    -0.019250168    -0.061400292      -0.3611442
           0.13          -0.098           0.042     0.044364865    -0.019435488    -0.046127088     -0.35945891
           0.13          -0.098           0.046      0.02431025    -0.015971644    -0.029366627      -0.3583855
           0.13          -0.098            0.05     0.001344844   -0.0094214179    -0.016196916     -0.35792588
           0.13          -0.098           0.054     -0.02675052   -0.0032878266   -0.0087180028     -0.35778172
           0.13          -0.098           0.058    -0.065092242    0.0020004133   -0.0027882093     -0.35773757
           0.13          -0.098           0.062     -0.11672245    0.0073461054    0.0029350859     -0.35771699
           0.13          -0.098           0.066     -0.17875791     0.011955257    0.0074466118     -0.35765323
           0.13          -0.098            0.07     -0.24336986     0.014000091    0.0077860299     -0.35764927
           0.13          -0.098           0.074     -0.30529667     0.014032944    0.0046409674     -0.35771007
           0.13          -0.098           0.078     -0.36105914     0.013521221  -0.00026653707     -0.35763384
           0.13          -0.098           0.082      -0.4010461     0.013185369    -0.006678027     -0.35741983
           0.13          -0.098           0.086     -0.41903202     0.013293413    -0.011387604     -0.35693606
           0.13          -0.098            0.09     -0.40426491     0.012441514    -0.014845264     -0.35657983
           0.13          -0.098           0.094     -0.31575486    0.0097591521   -0.0073151595     -0.35655163
           0.13          -0.098           0.098     -0.19573323    0.0033590222   -0.0030563953      -0.3562667
           0.13          -0.094          -0.098      0.02078953   -0.0073062267    0.0003174405      -0.3257655
           0.13          -0.094          -0.094      0.10939798   -0.0098931891     0.017547767     -0.32548584
           0.13          -0.094           -0.09      0.14021379    -0.014683482     0.031700865     -0.32479238
           0.13          -0.094          -0.086      0.13193034    -0.017092841     0.043014629     -0.32427818
           0.13          -0.094          -0.082      0.10792396     -0.01623506     0.058135911     -0.32460871
           0.13          -0.094          -0.078     0.077183567    -0.013910824     0.074710548     -0.32537838
           0.13          -0.094          -0.074     0.045064212    -0.011774135     0.089694575     -0.32612778
           0.13          -0.094           -0.07    0.0080498613   -0.0067604969      0.10617915     -0.32730655
           0.13          -0.094          -0.066     -0.03590143    0.0049934905      0.13161021     -0.32927019
           0.13          -0.094          -0.062    -0.083393479     0.020753698      0.16549196     -0.33215364
           0.13          -0.094          -0.058     -0.12342761     0.038267649      0.19710368     -0.33620617
           0.13          -0.094          -0.054     -0.14714913     0.052064681      0.22387834     -0.34135623
           0.13          -0.094           -0.05     -0.15359827     0.060775349       0.2431371     -0.34738744
           0.13          -0.094          -0.046     -0.14401842     0.064953297      0.25698982     -0.35399887
           0.13          -0.094          -0.042     -0.12197698      0.06603147       0.2677253     -0.36069622
           0.13          -0.094          -0.038    -0.087526884     0.065016644      0.27807535     -0.36693521
           0.13          -0.094          -0.034    -0.041672651     0.062384123      0.28524462     -0.37248135
           0.13          -0.094           -0.03     0.014327854     0.055946646      0.29775257     -0.37660531
           0.13          -0.094          -0.026     0.075390027     0.045290605       0.2970661     -0.37910138
           0.13          -0.094          -0.022      0.13482128      0.03162734      0.28337141     -0.38016683
           0.13          -0.094          -0.018      0.18183656     0.018216886      0.25044719     -0.37905913
           0.13          -0.094          -0.014      0.20500665     0.010653365      0.20066489     -0.37712324
           0.13          -0.094           -0.01      0.20431604     0.012668455      0.14894194     -0.37492068
           0.13          -0.094          -0.006      0.18906741     0.024082476      0.10277485     -0.37260388
           0.13          -0.094          -0.002       0.1762336     0.035002681     0.059133821     -0.37112001
           0.13          -0.094           0.002      0.17215024     0.042112145     0.024762849     -0.37081834
           0.13          -0.094           0.006      0.17979541      0.04585237   0.00084314772     -0.37108209
           0.13          -0.094            0.01      0.18668076     0.042869222    -0.020940686     -0.37147488
           0.13          -0.094           0.014      0.18436686     0.035594116    -0.035477509     -0.37140585
           0.13          -0.094           0.018      0.17852233     0.028307732    -0.043682638     -0.37055111
           0.13          -0.094           0.022      0.16799262     0.021335484    -0.046755673     -0.36912063
           0.13          -0.094           0.026       0.1502513     0.012317536    -0.045579529     -0.36742498
           0.13          -0.094            0.03      0.12762629    0.0003786106     -0.04357348     -0.36549457
           0.13          -0.094           0.034      0.10300427    -0.012394028    -0.044227192     -0.36335049
           0.13          -0.094           0.038     0.077562741    -0.022107217    -0.043173033     -0.36140464
           0.13          -0.094           0.042     0.048156653    -0.025187863    -0.038085876     -0.35977476
           0.13          -0.094           0.046     0.011411216    -0.020677469    -0.029313946     -0.35849735
           0.13          -0.094            0.05    -0.034994635   -0.0099698742    -0.018735203      -0.3576723
           0.13          -0.094           0.054    -0.092630278    0.0026678226   -0.0085485987     -0.35723229
           0.13          -0.094           0.058     -0.15998298     0.012844873  -0.00071017522     -0.35712854
           0.13          -0.094           0.062     -0.23038082     0.020305235    0.0044621899     -0.35727429
           0.13          -0.094           0.066     -0.29848442     0.025324339    0.0062689011     -0.35753166
           0.13          -0.094            0.07     -0.36261322     0.028043214    0.0055733192     -0.35785004
           0.13          -0.094           0.074     -0.42443537     0.028945105    0.0031357675     -0.35810254
           0.13          -0.094           0.078     -0.48293602     0.029067304  -0.00078016011     -0.35817003
           0.13          -0.094           0.082     -0.53545735     0.028610585   -0.0057426554     -0.35808635
           0.13          -0.094           0.086       -0.579551     0.027172933    -0.010145516     -0.35773472
           0.13          -0.094            0.09     -0.61132935     0.023626067    -0.015018871     -0.35735423
           0.13          -0.094           0.094     -0.58563263     0.018582157    -0.013885827     -0.35605957
           0.13          -0.094           0.098     -0.33567819    0.0087842388   -0.0098388944     -0.35660679
           0.13           -0.09          -0.098     0.073067026   -0.0065306719    0.0031080388     -0.32537321
           0.13           -0.09          -0.094      0.14533806    -0.009552016    0.0096784896     -0.32462795
           0.13           -0.09           -0.09       0.1218019    -0.012450338     0.011237469     -0.32327033
           0.13           -0.09          -0.086     0.051929894   -0.0096641696      0.02604682     -0.32300176
           0.13           -0.09          -0.082    -0.039231113     0.007436343     0.054837451     -0.32330041
           0.13           -0.09          -0.078     -0.12819423     0.039312524     0.090292618     -0.32386333
           0.13           -0.09          -0.074     -0.20298193      0.07066086      0.12448516      -0.3250615
           0.13           -0.09           -0.07     -0.26139073     0.095901465      0.15470085     -0.32724193
           0.13           -0.09          -0.066     -0.30215617      0.11487482      0.18120995     -0.33044917
           0.13           -0.09          -0.062     -0.32736972      0.12952886      0.20399707     -0.33462258
           0.13           -0.09          -0.058     -0.33865186      0.13813557      0.22166288      -0.3394036
           0.13           -0.09          -0.054     -0.33603969      0.14164603      0.23354868      -0.3449658
           0.13           -0.09           -0.05     -0.32260893      0.14166476      0.24227541      -0.3508259
           0.13           -0.09          -0.046     -0.29961168      0.13804952      0.24571507     -0.35697508
           0.13           -0.09          -0.042     -0.26794217      0.13248007      0.24900692      -0.3635851
           0.13           -0.09          -0.038     -0.22784752      0.12671366      0.25297731      -0.3700675
           0.13           -0.09          -0.034     -0.17936685      0.12202582      0.25859077     -0.37586134
           0.13           -0.09           -0.03     -0.12162114      0.11861805      0.26764876     -0.38055783
           0.13           -0.09          -0.026    -0.052946403      0.11484794      0.27944966      -0.3838264
           0.13           -0.09          -0.022     0.027336392      0.10503649      0.28720278     -0.38514668
           0.13           -0.09          -0.018      0.11281505     0.084267518      0.27868809     -0.38374404
           0.13           -0.09          -0.014      0.18053121     0.056870039      0.24144495     -0.38003914
           0.13           -0.09           -0.01      0.20870488     0.040557817      0.17659088     -0.37654857
           0.13           -0.09          -0.006      0.20402421     0.046071856      0.11409339     -0.37353969
           0.13           -0.09          -0.002      0.19122059     0.061025849     0.071602944     -0.37218226
           0.13           -0.09           0.002       0.1864329     0.069083246     0.043418391     -0.37192898
           0.13           -0.09           0.006      0.18724955     0.068215084     0.022439439     -0.37220123
           0.13           -0.09            0.01      0.18664529     0.059264849     0.005714929     -0.37246842
           0.13           -0.09           0.014      0.18198431     0.046510588   -0.0064209209     -0.37219266
           0.13           -0.09           0.018      0.17434351     0.034851708    -0.015233662     -0.37117735
           0.13           -0.09           0.022      0.16416603     0.024689114    -0.020653369      -0.3694883
           0.13           -0.09           0.026      0.15012001     0.014359327    -0.023058221     -0.36735691
           0.13           -0.09            0.03       0.1316447    0.0028841688    -0.024472224     -0.36506904
           0.13           -0.09           0.034      0.10998832   -0.0087151554    -0.026605497     -0.36284481
           0.13           -0.09           0.038     0.084022919    -0.018303019    -0.028864118     -0.36086363
           0.13           -0.09           0.042     0.051342046    -0.022422359    -0.028656091     -0.35916078
           0.13           -0.09           0.046    0.0090308723    -0.018454675    -0.024344876     -0.35776281
           0.13           -0.09            0.05    -0.044411515   -0.0066675419    -0.016596502     -0.35677589
           0.13           -0.09           0.054     -0.10831697    0.0087297443    -0.007565626     -0.35619256
           0.13           -0.09           0.058     -0.17928384     0.021982486  -0.00020385459     -0.35611594
           0.13           -0.09           0.062     -0.25027139     0.030343992    0.0035531682     -0.35656316
           0.13           -0.09           0.066     -0.31666395     0.034802514    0.0040378789     -0.35725875
           0.13           -0.09            0.07      -0.3784534     0.036887445      0.00284522     -0.35794455
           0.13           -0.09           0.074     -0.43673873     0.037597536   0.00085793702     -0.35849054
           0.13           -0.09           0.078      -0.4914671     0.037550847   -0.0015034922     -0.35880801
           0.13           -0.09           0.082     -0.54151904     0.036830157    -0.004043946     -0.35893156
           0.13           -0.09           0.086     -0.58395644     0.035408649   -0.0060770466     -0.35876897
           0.13           -0.09            0.09      -0.6117688     0.032493124   -0.0082973347     -0.35863639
           0.13           -0.09           0.094     -0.61605837     0.028930219   -0.0087942376     -0.35808514
           0.13           -0.09           0.098     -0.46928491     0.019249458   -0.0072244659     -0.35756733
           0.13          -0.086          -0.098      0.10063133    0.0023312553     0.001830209     -0.32479978
           0.13          -0.086          -0.094      0.13160958    0.0043269084   -0.0037992169      -0.3240023
           0.13          -0.086           -0.09     0.047835561    0.0059699144    0.0030034422     -0.32278375
           0.13          -0.086          -0.086     -0.10138386      0.03486414     0.046664668     -0.32279611
           0.13          -0.086          -0.082     -0.25885628     0.080441456     0.097982648      -0.3236291
           0.13          -0.086          -0.078     -0.37505535      0.12306633      0.14112334     -0.32542719
           0.13          -0.086          -0.074     -0.43676927      0.15250901      0.16977092     -0.32894913
           0.13          -0.086           -0.07     -0.45757602      0.16895415      0.18783714     -0.33285034
           0.13          -0.086          -0.066     -0.45870465      0.17668708      0.20014006     -0.33706207
           0.13          -0.086          -0.062     -0.44848241       0.1804753      0.20895769     -0.34128589
           0.13          -0.086          -0.058     -0.43203904      0.18066879      0.21493812      -0.3459378
           0.13          -0.086          -0.054     -0.41169135      0.17787643      0.21744605     -0.35093974
           0.13          -0.086           -0.05     -0.38545473      0.17204333      0.21860618      -0.3563083
           0.13          -0.086          -0.046     -0.35551013      0.16407632      0.21747899     -0.36188431
           0.13          -0.086          -0.042     -0.32181345      0.15562939      0.21588959     -0.36776148
           0.13          -0.086          -0.038     -0.28330156       0.1474494      0.21458014      -0.3734923
           0.13          -0.086          -0.034     -0.23986785      0.14060126      0.21517973     -0.37875048
           0.13          -0.086           -0.03     -0.19135225      0.13661423      0.21988587     -0.38322178
           0.13          -0.086          -0.026     -0.13546309      0.13686342      0.23100229     -0.38669486
           0.13          -0.086          -0.022    -0.067757603      0.14109334      0.24942735     -0.38820961
           0.13          -0.086          -0.018      0.01512663      0.13836463      0.26378716     -0.38727191
           0.13          -0.086          -0.014      0.10537644       0.1225329      0.25686726     -0.38444694
           0.13          -0.086           -0.01      0.17450129     0.094237315      0.21940647     -0.38025844
           0.13          -0.086          -0.006      0.20150301     0.076570642      0.15552668     -0.37600109
           0.13          -0.086          -0.002      0.19628778     0.078137916      0.10110109     -0.37360413
           0.13          -0.086           0.002      0.18589117     0.084759128     0.069714606     -0.37298324
           0.13          -0.086           0.006      0.18102693       0.0822617     0.051225594     -0.37313936
           0.13          -0.086            0.01      0.17644648     0.070080982     0.036941159     -0.37327068
           0.13          -0.086           0.014      0.16854082     0.054457423     0.024500962     -0.37280656
           0.13          -0.086           0.018      0.15909944     0.040116757     0.014088865     -0.37163216
           0.13          -0.086           0.022       0.1492776     0.028077938    0.0061659131     -0.36983917
           0.13          -0.086           0.026      0.13855301     0.017413933   0.00036285651     -0.36757966
           0.13          -0.086            0.03      0.12567984    0.0069390945   -0.0045333029     -0.36505921
           0.13          -0.086           0.034       0.1092748   -0.0034401875     -0.00970827     -0.36248413
           0.13          -0.086           0.038      0.08701225    -0.012085702    -0.015192167     -0.36009252
           0.13          -0.086           0.042     0.055959383    -0.016014325    -0.018551927     -0.35801173
           0.13          -0.086           0.046     0.012607891     -0.01231958    -0.017805574      -0.3564469
           0.13          -0.086            0.05    -0.044242583  -0.00014716366    -0.012702549     -0.35564209
           0.13          -0.086           0.054     -0.11052835     0.016187986   -0.0058738051      -0.3554702
           0.13          -0.086           0.058     -0.17952883      0.03030862  -0.00023925523     -0.35577405
           0.13          -0.086           0.062      -0.2466178      0.03907774    0.0023830138     -0.35641349
           0.13          -0.086           0.066     -0.30973967     0.042974597    0.0023700293     -0.35725501
           0.13          -0.086            0.07      -0.3684922     0.044132403    0.0011070692     -0.35812667
           0.13          -0.086           0.074     -0.42324015     0.044010576   -0.0005855547     -0.35885732
           0.13          -0.086           0.078     -0.47398947     0.043245953    -0.002233963     -0.35935109
           0.13          -0.086           0.082     -0.52010137     0.041973755   -0.0036441578     -0.35962845
           0.13          -0.086           0.086     -0.55995663     0.040184011   -0.0045425516     -0.35964162
           0.13          -0.086            0.09     -0.59031471     0.037362647   -0.0052866321     -0.35958172
           0.13          -0.086           0.094     -0.60100385     0.033584987   -0.0051087038     -0.35916837
           0.13          -0.086           0.098      -0.5040585      0.02452018   -0.0039053273     -0.35881587
           0.13          -0.082          -0.098       0.1043302     0.018344625  -0.00034962299     -0.32472274
           0.13          -0.082          -0.094      0.10811275     0.025221204    -0.009172205     -0.32410009
           0.13          -0.082           -0.09     -0.03549526     0.035368758     0.015320306     -0.32265172
           0.13          -0.082          -0.086     -0.25502925     0.087087703     0.086037061     -0.32297946
           0.13          -0.082          -0.082     -0.42001959      0.13820601      0.14413945     -0.32542231
           0.13          -0.082          -0.078     -0.50166907      0.16860338      0.17617841     -0.32988672
           0.13          -0.082          -0.074     -0.52083499      0.18201443      0.18935651      -0.3348872
           0.13          -0.082           -0.07     -0.51141692      0.18408928      0.19489635     -0.33904717
           0.13          -0.082          -0.066     -0.49299774      0.18517356      0.19798433     -0.34318785
           0.13          -0.082          -0.062     -0.47018902        0.185402      0.19926919     -0.34725924
           0.13          -0.082          -0.058     -0.44514978      0.18322588      0.19973057     -0.35146239
           0.13          -0.082          -0.054     -0.41971653      0.17925334      0.19908414      -0.3560444
           0.13          -0.082           -0.05     -0.39100851      0.17399105      0.19766631     -0.36091871
           0.13          -0.082          -0.046     -0.35979767      0.16711414      0.19561096     -0.36593545
           0.13          -0.082          -0.042     -0.32634051      0.15877964      0.19304523     -0.37111356
           0.13          -0.082          -0.038      -0.2898596       0.1498875      0.19025488     -0.37610925
           0.13          -0.082          -0.034     -0.25005593       0.1415338      0.18827833     -0.38072486
           0.13          -0.082           -0.03     -0.20704788      0.13541846      0.18834702     -0.38470924
           0.13          -0.082          -0.026     -0.16046353      0.13355304      0.19210984     -0.38783007
           0.13          -0.082          -0.022     -0.10844715      0.13575359      0.20194576     -0.38941052
           0.13          -0.082          -0.018    -0.047121606      0.14156609       0.2183253     -0.38914952
           0.13          -0.082          -0.014     0.027578966      0.14778336      0.23520189      -0.3869845
           0.13          -0.082           -0.01      0.10618008      0.14023517      0.23080019     -0.38349993
           0.13          -0.082          -0.006      0.16358039      0.12108757      0.20011508     -0.37931481
           0.13          -0.082          -0.002      0.18490683      0.10326458      0.15082986     -0.37575236
           0.13          -0.082           0.002      0.18049303     0.094945736       0.1107809     -0.37405224
           0.13          -0.082           0.006      0.16995622     0.088020506      0.08712685     -0.37366446
           0.13          -0.082            0.01      0.16057662     0.075412536     0.072139688     -0.37357141
           0.13          -0.082           0.014      0.15132054      0.05924329     0.059671278     -0.37302797
           0.13          -0.082           0.018      0.14221085     0.043687201     0.048793012     -0.37183821
           0.13          -0.082           0.022      0.13409754     0.030465637     0.039590538     -0.37002471
           0.13          -0.082           0.026      0.12676606     0.019421258      0.03148016     -0.36767348
           0.13          -0.082            0.03      0.11874392    0.0099312842     0.023351093     -0.36494309
           0.13          -0.082           0.034      0.10769913    0.0017896591     0.014164944     -0.36205878
           0.13          -0.082           0.038     0.090362952    -0.004292938     0.004031226     -0.35931896
           0.13          -0.082           0.042     0.062961673   -0.0067511449   -0.0042533838     -0.35692805
           0.13          -0.082           0.046      0.02070436   -0.0028340413    -0.007959287     -0.35523016
           0.13          -0.082            0.05    -0.038012366    0.0090053491   -0.0062685166     -0.35456098
           0.13          -0.082           0.054     -0.10601507     0.024674759   -0.0021362774     -0.35480159
           0.13          -0.082           0.058     -0.17448931     0.038276092    0.0010022948     -0.35564352
           0.13          -0.082           0.062     -0.23858849     0.046798181    0.0020565798     -0.35671475
           0.13          -0.082           0.066     -0.29805075     0.050336534    0.0013396855     -0.35770007
           0.13          -0.082            0.07     -0.35356272     0.050735143  -0.00016561113     -0.35861712
           0.13          -0.082           0.074     -0.40513407     0.049768215   -0.0017519031     -0.35944818
           0.13          -0.082           0.078     -0.45262665     0.048232818   -0.0031098292     -0.36005977
           0.13          -0.082           0.082     -0.49561899     0.046384577   -0.0040383647     -0.36044836
           0.13          -0.082           0.086     -0.53317164     0.044247858   -0.0044343553     -0.36060639
           0.13          -0.082            0.09     -0.56331277     0.041484276   -0.0044545518     -0.36062754
           0.13          -0.082           0.094     -0.57756347     0.037953787   -0.0040714871      -0.3604487
           0.13          -0.082           0.098     -0.50309226     0.030157069   -0.0024952154     -0.36016793
           0.13          -0.078          -0.098      0.10267564     0.036934277    -0.002209424     -0.32531236
           0.13          -0.078          -0.094     0.088499009     0.047846164    -0.010497362     -0.32488415
           0.13          -0.078           -0.09     -0.10798441     0.070163242     0.039137593     -0.32306096
           0.13          -0.078          -0.086     -0.35993281      0.12930042      0.12498458     -0.32444512
           0.13          -0.078          -0.082     -0.49725019      0.16897143      0.17441679      -0.3294191
           0.13          -0.078          -0.078     -0.53335923      0.18424491      0.19022208     -0.33471159
           0.13          -0.078          -0.074     -0.52769884      0.18502444       0.1932092     -0.33965801
           0.13          -0.078           -0.07     -0.50920744      0.18521753      0.19246588     -0.34455832
           0.13          -0.078          -0.066     -0.48618812      0.18440962      0.19103585     -0.34887216
           0.13          -0.078          -0.062     -0.46095549      0.18288718      0.18953042     -0.35302565
           0.13          -0.078          -0.058     -0.43457136      0.18011231      0.18797759     -0.35698853
           0.13          -0.078          -0.054     -0.40732617      0.17596148       0.1862777     -0.36097298
           0.13          -0.078           -0.05     -0.37859146      0.17059816      0.18439108     -0.36499593
           0.13          -0.078          -0.046     -0.34804375      0.16395169      0.18251621     -0.36912677
           0.13          -0.078          -0.042     -0.31547275      0.15589248       0.1806051     -0.37340559
           0.13          -0.078          -0.038     -0.28029031      0.14679329      0.17861915     -0.37762858
           0.13          -0.078          -0.034     -0.24203382      0.13734237      0.17683509     -0.38158906
           0.13          -0.078           -0.03     -0.20045321       0.1286037      0.17546058     -0.38504982
           0.13          -0.078          -0.026     -0.15579919      0.12187533      0.17483448     -0.38775725
           0.13          -0.078          -0.022     -0.10930835      0.11854675      0.17567856     -0.38933544
           0.13          -0.078          -0.018    -0.062164836      0.12117155      0.18026563     -0.38931721
           0.13          -0.078          -0.014    -0.011581919      0.13113489       0.1926615     -0.38750963
           0.13          -0.078           -0.01     0.046430681      0.13916372      0.20709267     -0.38451062
           0.13          -0.078          -0.006      0.10320904      0.13756026      0.20889455     -0.38073798
           0.13          -0.078          -0.002      0.14287685      0.12624088      0.18999382     -0.37709097
           0.13          -0.078           0.002      0.15759939      0.10940934      0.16110885     -0.37459171
           0.13          -0.078           0.006      0.15447421     0.092998063      0.13585553     -0.37341135
           0.13          -0.078            0.01      0.14493138     0.076386772      0.11816722     -0.37295164
           0.13          -0.078           0.014      0.13535049     0.059464719      0.10540291     -0.37239825
           0.13          -0.078           0.018        0.127945     0.043694603      0.09520744     -0.37132541
           0.13          -0.078           0.022      0.12313427      0.03035827     0.086016992     -0.36962252
           0.13          -0.078           0.026      0.11991143     0.020028083     0.076300264     -0.36729165
           0.13          -0.078            0.03      0.11626648     0.012681201       0.0644763      -0.3644607
           0.13          -0.078           0.034      0.10963109    0.0079184398       0.0496387     -0.36138359
           0.13          -0.078           0.038     0.096731816    0.0054189002     0.032491586     -0.35844716
           0.13          -0.078           0.042     0.072920026    0.0053394119     0.016628896     -0.35593554
           0.13          -0.078           0.046     0.032173791       0.0100944     0.006074465     -0.35419855
           0.13          -0.078            0.05    -0.027512276     0.021227186    0.0027511291     -0.35366603
           0.13          -0.078           0.054     -0.09722539     0.035331927    0.0033676798     -0.35430014
           0.13          -0.078           0.058     -0.16607148     0.047258007    0.0037320708     -0.35563946
           0.13          -0.078           0.062     -0.22877562     0.054511694     0.002618017     -0.35719159
           0.13          -0.078           0.066     -0.28537291     0.057212514   0.00078923684     -0.35842192
           0.13          -0.078            0.07     -0.33772544     0.056810502   -0.0013130446     -0.35935197
           0.13          -0.078           0.074     -0.38639159     0.055002283   -0.0030458362     -0.36020522
           0.13          -0.078           0.078      -0.4311325      0.05270411   -0.0043511803     -0.36086222
           0.13          -0.078           0.082     -0.47164112     0.050267619   -0.0051018998     -0.36130059
           0.13          -0.078           0.086     -0.50730835     0.047773492   -0.0052577215     -0.36152927
           0.13          -0.078            0.09     -0.53665031     0.045009506   -0.0049211845     -0.36160217
           0.13          -0.078           0.094       -0.552209     0.041575943   -0.0042303731     -0.36153425
           0.13          -0.078           0.098     -0.49164731     0.034523835   -0.0023831438     -0.36133774
           0.13          -0.074          -0.098      0.10084519     0.058410829   -0.0030734956     -0.32651098
           0.13          -0.074          -0.094     0.073902731     0.068644408   -0.0095415444     -0.32600123
           0.13          -0.074           -0.09     -0.16018387      0.10154626       0.0635667     -0.32421026
           0.13          -0.074          -0.086     -0.40966537      0.15599347      0.15421821     -0.32736399
           0.13          -0.074          -0.082      -0.5114359      0.18166062      0.18925108     -0.33398037
           0.13          -0.074          -0.078     -0.52506557      0.18588733      0.19480682     -0.33922645
           0.13          -0.074          -0.074     -0.51232016       0.1846164      0.19283826     -0.34472977
           0.13          -0.074           -0.07     -0.49115758      0.18265331      0.18902041     -0.34948401
           0.13          -0.074          -0.066     -0.46733607      0.18071369      0.18552112     -0.35355395
           0.13          -0.074          -0.062     -0.44220226       0.1783497      0.18261615      -0.3572858
           0.13          -0.074          -0.058     -0.41604563      0.17523203      0.18013044     -0.36075834
           0.13          -0.074          -0.054     -0.38887098      0.17105762      0.17797837     -0.36414285
           0.13          -0.074           -0.05     -0.36046916      0.16573727      0.17614615     -0.36751798
           0.13          -0.074          -0.046     -0.33046313      0.15912776      0.17475327     -0.37095259
           0.13          -0.074          -0.042     -0.29842679      0.15104248      0.17382912     -0.37449063
           0.13          -0.074          -0.038     -0.26376058      0.14156885      0.17332282     -0.37805601
           0.13          -0.074          -0.034      -0.2258175      0.13106673      0.17313821     -0.38150134
           0.13          -0.074           -0.03     -0.18406944      0.12011748      0.17295109     -0.38459337
           0.13          -0.074          -0.026     -0.13885371      0.10954308      0.17212627     -0.38701863
           0.13          -0.074          -0.022    -0.092354867      0.10080902      0.17001011     -0.38833556
           0.13          -0.074          -0.018    -0.048089887     0.096467599      0.16724244     -0.38814188
           0.13          -0.074          -0.014   -0.0082186693     0.099368906      0.16732714     -0.38637758
           0.13          -0.074           -0.01     0.028855833       0.1092374      0.17422175     -0.38341087
           0.13          -0.074          -0.006     0.065978546      0.11733894      0.18443047     -0.37972104
           0.13          -0.074          -0.002      0.09884868      0.11703686      0.18936571     -0.37615157
           0.13          -0.074           0.002      0.12041193      0.10769249      0.18511207      -0.3734935
           0.13          -0.074           0.006      0.12914309     0.091702154      0.17551816     -0.37193482
           0.13          -0.074            0.01      0.12965303     0.072999303      0.16590392     -0.37120029
           0.13          -0.074           0.014      0.12793415     0.054371712      0.15823003     -0.37073248
           0.13          -0.074           0.018      0.12778596     0.038305005      0.15162824     -0.36995833
           0.13          -0.074           0.022        0.129283     0.026370192      0.14394774     -0.36858056
           0.13          -0.074           0.026      0.13043468     0.019141754      0.13288462     -0.36647465
           0.13          -0.074            0.03       0.1289708     0.016585131      0.11686985     -0.36370596
           0.13          -0.074           0.034      0.12279281     0.017294966     0.095324205     -0.36056709
           0.13          -0.074           0.038      0.11022342     0.019502992     0.069522348     -0.35758542
           0.13          -0.074           0.042     0.087331524     0.022547732     0.043913751     -0.35512036
           0.13          -0.074           0.046     0.046792842     0.027938453     0.023784882     -0.35344403
           0.13          -0.074            0.05    -0.014362473      0.03740099     0.013471064     -0.35310553
           0.13          -0.074           0.054    -0.086172866     0.048828191    0.0096712351     -0.35413475
           0.13          -0.074           0.058     -0.15593038     0.058023097    0.0068969961     -0.35591896
           0.13          -0.074           0.062     -0.21784651     0.063013117    0.0035058872     -0.35786537
           0.13          -0.074           0.066      -0.2722695     0.064091738    0.0002340576      -0.3593276
           0.13          -0.074            0.07     -0.32187425     0.062568921   -0.0026066332     -0.36028223
           0.13          -0.074           0.074     -0.36790966     0.059842682   -0.0046724883     -0.36109536
           0.13          -0.074           0.078     -0.41023574     0.056782989    -0.006054648     -0.36173987
           0.13          -0.074           0.082     -0.44865156      0.05377545    -0.006750632     -0.36217986
           0.13          -0.074           0.086     -0.48275614     0.050930977   -0.0067656016     -0.36243312
           0.13          -0.074            0.09     -0.51135514     0.048108605   -0.0061581178     -0.36254504
           0.13          -0.074           0.094      -0.5277585     0.044833179   -0.0050637834     -0.36257063
           0.13          -0.074           0.098     -0.47618828      0.03833052   -0.0027673584      -0.3624772
           0.13           -0.07          -0.098     0.099655886     0.078610804   -0.0034863961     -0.32820904
           0.13           -0.07          -0.094     0.064022786      0.08772115   -0.0079832829     -0.32741233
           0.13           -0.07           -0.09     -0.18991484      0.12806277     0.083206826     -0.32609234
           0.13           -0.07          -0.086     -0.42105541      0.17211469      0.17193325     -0.33068979
           0.13           -0.07          -0.082     -0.50033716      0.18755824      0.19734847     -0.33777878
           0.13           -0.07          -0.078     -0.50483349      0.18719068      0.19714878     -0.34350347
           0.13           -0.07          -0.074     -0.48973362      0.18338876      0.19221512     -0.34908324
           0.13           -0.07           -0.07     -0.46827626      0.18009928      0.18654545     -0.35356091
           0.13           -0.07          -0.066      -0.4447242      0.17733778      0.18167568     -0.35728052
           0.13           -0.07          -0.062     -0.41998638      0.17440158      0.17769912     -0.36052949
           0.13           -0.07          -0.058     -0.39416201       0.1708613      0.17447924      -0.3634554
           0.13           -0.07          -0.054     -0.36718562      0.16636324      0.17197662     -0.36621887
           0.13           -0.07           -0.05     -0.33887555      0.16067144      0.17023586     -0.36893841
           0.13           -0.07          -0.046     -0.30889466      0.15357759      0.16938482     -0.37170668
           0.13           -0.07          -0.042     -0.27674071      0.14484344      0.16949207     -0.37458077
           0.13           -0.07          -0.038     -0.24172111      0.13439508      0.17053486     -0.37754466
           0.13           -0.07          -0.034     -0.20304462      0.12243441      0.17233055     -0.38051253
           0.13           -0.07           -0.03      -0.1600985      0.10943338      0.17429691     -0.38328459
           0.13           -0.07          -0.026     -0.11310383      0.09631372      0.17541947     -0.38555533
           0.13           -0.07          -0.022    -0.064030408     0.084579704      0.17448038     -0.38687818
           0.13           -0.07          -0.018    -0.016329069     0.076161536      0.17119229     -0.38684395
           0.13           -0.07          -0.014     0.026283015     0.072728493      0.16710295     -0.38524737
           0.13           -0.07           -0.01     0.061135965     0.074714182      0.16564222     -0.38217608
           0.13           -0.07          -0.006     0.088530003     0.079377561       0.1695252     -0.37836041
           0.13           -0.07          -0.002      0.11060168     0.081713073      0.17736775     -0.37471617
           0.13           -0.07           0.002      0.12827152     0.077403589      0.18526031     -0.37189451
           0.13           -0.07           0.006      0.14215466     0.066407567      0.19072775       -0.370205
           0.13           -0.07            0.01      0.15408217     0.051331502      0.19402578     -0.36925546
           0.13           -0.07           0.014      0.16357855     0.035706323      0.19555086     -0.36902306
           0.13           -0.07           0.018      0.17285679     0.023005911      0.19435718     -0.36875146
           0.13           -0.07           0.022      0.17901792     0.016113796      0.18854106     -0.36789977
           0.13           -0.07           0.026      0.17898614     0.015647074      0.17683227     -0.36625716
           0.13           -0.07            0.03      0.17153315     0.020931532      0.15855684     -0.36380901
           0.13           -0.07           0.034      0.15679543     0.029633157      0.13361217     -0.36075952
           0.13           -0.07           0.038      0.13576391     0.038451166      0.10260381     -0.35769722
           0.13           -0.07           0.042      0.10731098     0.045574253     0.069828594       -0.355214
           0.13           -0.07           0.046     0.064050751     0.051709262     0.041562553     -0.35353744
           0.13           -0.07            0.05  -5.4835177e-06     0.058317661     0.023674934     -0.35321476
           0.13           -0.07           0.054    -0.074615819     0.065497407     0.015140693     -0.35451292
           0.13           -0.07           0.058      -0.1454222     0.070641584    0.0092533072     -0.35662902
           0.13           -0.07           0.062     -0.20655281      0.07238643    0.0037509753     -0.35885108
           0.13           -0.07           0.066     -0.25907519     0.071130459  -0.00081396965     -0.36042942
           0.13           -0.07            0.07     -0.30631869       0.0680997    -0.004390181     -0.36134872
           0.13           -0.07           0.074     -0.34998956     0.064317193   -0.0068082513     -0.36208973
           0.13           -0.07           0.078     -0.39014431     0.060461465   -0.0082992176     -0.36267553
           0.13           -0.07           0.082      -0.4267194     0.056878648   -0.0089592373      -0.3630765
           0.13           -0.07           0.086     -0.45947414     0.053666122   -0.0088290515     -0.36332072
           0.13           -0.07            0.09     -0.48742955     0.050693949   -0.0079376594     -0.36345341
           0.13           -0.07           0.094      -0.5043465     0.047434848   -0.0063877328     -0.36354962
           0.13           -0.07           0.098     -0.45876045     0.040995331   -0.0034210432     -0.36354302
           0.13          -0.066          -0.098     0.099487247     0.098858602   -0.0043735614       -0.330558
           0.13          -0.066          -0.094     0.058339321      0.10732002   -0.0056963169     -0.32921139
           0.13          -0.066           -0.09     -0.20045912      0.15196526     0.097142933     -0.32863629
           0.13          -0.066          -0.086      -0.4124675       0.1859261      0.18233558     -0.33421295
           0.13          -0.066          -0.082     -0.48045816      0.19299302      0.20054648     -0.34147734
           0.13          -0.066          -0.078     -0.48177727      0.18854154      0.19891835     -0.34764165
           0.13          -0.066          -0.074     -0.46480116      0.18287053      0.19179868     -0.35288109
           0.13          -0.066           -0.07     -0.44326085      0.17852913      0.18461274     -0.35700789
           0.13          -0.066          -0.066     -0.42002203      0.17496008      0.17855645     -0.36030722
           0.13          -0.066          -0.062     -0.39552775      0.17133709      0.17361683      -0.3630272
           0.13          -0.066          -0.058     -0.36977629      0.16712625      0.16970728      -0.3653526
           0.13          -0.066          -0.054     -0.34267703      0.16191605      0.16685287     -0.36745323
           0.13          -0.066           -0.05     -0.31404518      0.15537496      0.16515112     -0.36948224
           0.13          -0.066          -0.046     -0.28347595      0.14721296      0.16474524     -0.37156556
           0.13          -0.066          -0.042     -0.25026161      0.13713665       0.1657724     -0.37375708
           0.13          -0.066          -0.038     -0.21341051        0.124945      0.16822519      -0.3760855
           0.13          -0.066          -0.034     -0.17174859      0.11080354      0.17194985     -0.37852584
           0.13          -0.066           -0.03     -0.12425885      0.09524565      0.17629294     -0.38096981
           0.13          -0.066          -0.026    -0.070788401     0.079361459      0.18009275      -0.3831782
           0.13          -0.066          -0.022    -0.012954539     0.064814032      0.18204537     -0.38473719
           0.13          -0.066          -0.018     0.045715387      0.05329277      0.18156463     -0.38520688
           0.13          -0.066          -0.014      0.10052876     0.045889558      0.17931471     -0.38425758
           0.13          -0.066           -0.01      0.14690851     0.042416984      0.17749379     -0.38179689
           0.13          -0.066          -0.006      0.18201151     0.041478992      0.17854542     -0.37835067
           0.13          -0.066          -0.002      0.20658683     0.040476378      0.18319068     -0.37473545
           0.13          -0.066           0.002      0.22442706     0.036788725      0.19014304     -0.37174869
           0.13          -0.066           0.006      0.24034391     0.029414248      0.19676412     -0.36984416
           0.13          -0.066            0.01      0.25705955     0.018492008        0.201601     -0.36869024
           0.13          -0.066           0.014        0.273156    0.0083234128      0.20390369     -0.36851447
           0.13          -0.066           0.018      0.28291178    0.0020969865      0.20212713     -0.36863002
           0.13          -0.066           0.022      0.28194422    0.0021588545      0.19508497     -0.36845297
           0.13          -0.066           0.026      0.26905236    0.0090425189      0.18297978     -0.36757771
           0.13          -0.066            0.03      0.24495033     0.022557299      0.16613117     -0.36583049
           0.13          -0.066           0.034      0.21195778     0.040431779      0.14378372     -0.36314269
           0.13          -0.066           0.038      0.17362361     0.057712735      0.11502221     -0.35987607
           0.13          -0.066           0.042      0.13191481     0.070567176     0.081867741     -0.35708927
           0.13          -0.066           0.046     0.081342175     0.078845944     0.051479162     -0.35515107
           0.13          -0.066            0.05     0.013338992     0.082778101     0.029668855     -0.35453257
           0.13          -0.066           0.054    -0.064165985     0.084570011     0.017629368     -0.35572575
           0.13          -0.066           0.058       -0.135608     0.084468436    0.0094520369     -0.35793313
           0.13          -0.066           0.062     -0.19554196      0.08214818     0.002469161     -0.36024133
           0.13          -0.066           0.066     -0.24615534       0.0780929   -0.0029141322     -0.36175645
           0.13          -0.066            0.07     -0.29126995      0.07329874   -0.0070107397     -0.36252995
           0.13          -0.066           0.074     -0.33277233     0.068332196   -0.0096384777       -0.363167
           0.13          -0.066           0.078     -0.37092546     0.063641413    -0.011167585     -0.36365565
           0.13          -0.066           0.082     -0.40581911     0.059470768    -0.011731862     -0.36398679
           0.13          -0.066           0.086     -0.43734577      0.05586157    -0.011388389     -0.36419762
           0.13          -0.066            0.09     -0.46468551     0.052651117    -0.010142544     -0.36433895
           0.13          -0.066           0.094      -0.4818058      0.04922485   -0.0080421664     -0.36449171
           0.13          -0.066           0.098     -0.44014456     0.042451567   -0.0041989571     -0.36455594
           0.13          -0.062          -0.098      0.10121636      0.11947045   -0.0056208386     -0.33367628
           0.13          -0.062          -0.094     0.057282559      0.12915685   -0.0033907395     -0.33179919
           0.13          -0.062           -0.09     -0.19703411       0.1748755      0.10550941     -0.33182069
           0.13          -0.062          -0.086     -0.39300166      0.19919145      0.18824572      -0.3378751
           0.13          -0.062          -0.082     -0.45419796      0.19868197      0.20335333     -0.34516826
           0.13          -0.062          -0.078     -0.45470136      0.19053712        0.199926     -0.35146754
           0.13          -0.062          -0.074     -0.43777594      0.18326542      0.19106273     -0.35632155
           0.13          -0.062           -0.07     -0.41648056      0.17790789      0.18255014     -0.36000019
           0.13          -0.062          -0.066     -0.39342293      0.17345656      0.17540258     -0.36278955
           0.13          -0.062          -0.062     -0.36891316      0.16897397      0.16955312     -0.36490921
           0.13          -0.062          -0.058     -0.34291359      0.16383028      0.16495573     -0.36656841
           0.13          -0.062          -0.054     -0.31530876      0.15754531      0.16168619     -0.36795486
           0.13          -0.062           -0.05     -0.28579578      0.14970494      0.15988182     -0.36923677
           0.13          -0.062          -0.046     -0.25359243      0.13986519      0.15968231     -0.37054475
           0.13          -0.062          -0.042     -0.21736339       0.1275882      0.16130227     -0.37193699
           0.13          -0.062          -0.038      -0.1752411      0.11260892      0.16488728      -0.3735117
           0.13          -0.062          -0.034     -0.12492017     0.095054794      0.17028745     -0.37534786
           0.13          -0.062           -0.03    -0.064426548     0.075683837      0.17675795     -0.37749572
           0.13          -0.062          -0.026    0.0063320904     0.056091715      0.18288961     -0.37972526
           0.13          -0.062          -0.022     0.084316598     0.038336831      0.18724574     -0.38158299
           0.13          -0.062          -0.018      0.16395459     0.024064477      0.18919918      -0.3825258
           0.13          -0.062          -0.014      0.23848878     0.014009188      0.18923966      -0.3822331
           0.13          -0.062           -0.01      0.30109136    0.0076228698      0.18895646     -0.38052776
           0.13          -0.062          -0.006      0.34611938    0.0044589793      0.18931774     -0.37793804
           0.13          -0.062          -0.002      0.37291544     0.002907843      0.18994464     -0.37491367
           0.13          -0.062           0.002      0.39001358   0.00096412962      0.19028888     -0.37216219
           0.13          -0.062           0.006      0.40688343   -0.0023557417       0.1885605     -0.37030741
           0.13          -0.062            0.01      0.42718822   -0.0091275182      0.18463256     -0.36874927
           0.13          -0.062           0.014      0.44292866    -0.014925823      0.17943772      -0.3684334
           0.13          -0.062           0.018      0.44365494    -0.016765943      0.17172092     -0.36865614
           0.13          -0.062           0.022       0.4249345    -0.012501898      0.16114663       -0.369054
           0.13          -0.062           0.026      0.38972475   -0.0016719248      0.14903565      -0.3690781
           0.13          -0.062            0.03      0.34123014     0.017378868      0.13693099     -0.36856536
           0.13          -0.062           0.034      0.28245674     0.043817229      0.12247709     -0.36690409
           0.13          -0.062           0.038      0.21951881     0.071053327      0.10216485     -0.36382009
           0.13          -0.062           0.042      0.15793588     0.091841929     0.075270002     -0.36067445
           0.13          -0.062           0.046     0.095539779      0.10382411      0.04858884     -0.35825353
           0.13          -0.062            0.05     0.022964058      0.10698336     0.028260877     -0.35718442
           0.13          -0.062           0.054    -0.056232865      0.10375349     0.015470193     -0.35793224
           0.13          -0.062           0.058     -0.12713921     0.098052522    0.0065032504     -0.35991196
           0.13          -0.062           0.062     -0.18521853     0.091387501  -0.00093822253     -0.36201959
           0.13          -0.062           0.066      -0.2338029     0.084458149   -0.0065279666     -0.36328646
           0.13          -0.062            0.07     -0.27689066     0.077852624    -0.010720917     -0.36382957
           0.13          -0.062           0.074     -0.31633311     0.071672703    -0.013318136     -0.36430808
           0.13          -0.062           0.078     -0.35258205     0.066148258     -0.01473288     -0.36466415
           0.13          -0.062           0.082     -0.38587789     0.061390856    -0.015086465     -0.36490235
           0.13          -0.062           0.086     -0.41623101     0.057355701    -0.014423497     -0.36506426
           0.13          -0.062            0.09     -0.44292147      0.05381398    -0.012721959     -0.36520471
           0.13          -0.062           0.094     -0.45990245     0.050016687   -0.0099596088      -0.3654006
           0.13          -0.062           0.098     -0.42059822     0.042545151   -0.0050575297     -0.36551476
           0.13          -0.058          -0.098      0.10545084      0.13982516   -0.0065484282     -0.33754756
           0.13          -0.058          -0.094     0.061979318      0.15282776   -0.0019976378     -0.33540152
           0.13          -0.058           -0.09      -0.1812409      0.19717259      0.10841623     -0.33581651
           0.13          -0.058          -0.086     -0.36523399        0.212364      0.19032418     -0.34171779
           0.13          -0.058          -0.082     -0.42529928      0.20478608      0.20482624     -0.34884648
           0.13          -0.058          -0.078      -0.4254085      0.19321525      0.20000649     -0.35516225
           0.13          -0.058          -0.074     -0.40887485      0.18437962      0.18958402     -0.35953539
           0.13          -0.058           -0.07     -0.38786655       0.1780105      0.17987442     -0.36265603
           0.13          -0.058          -0.066      -0.3648128      0.17262643      0.17170215     -0.36484129
           0.13          -0.058          -0.062     -0.34001897      0.16714597      0.16494533     -0.36628533
           0.13          -0.058          -0.058     -0.31343453       0.1608501      0.15959278     -0.36721011
           0.13          -0.058          -0.054     -0.28482042      0.15317919      0.15574427     -0.36779952
           0.13          -0.058           -0.05     -0.25329517       0.1435353      0.15348865     -0.36823376
           0.13          -0.058          -0.046     -0.21707758      0.13125434      0.15303526     -0.36859554
           0.13          -0.058          -0.042     -0.17335401      0.11568257      0.15471126     -0.36896241
           0.13          -0.058          -0.038     -0.11817031     0.096467739      0.15881684     -0.36960789
           0.13          -0.058          -0.034    -0.047384936     0.074012611      0.16509412     -0.37081422
           0.13          -0.058           -0.03     0.040299799     0.050050146      0.17241405     -0.37267415
           0.13          -0.058          -0.026      0.14141686     0.027183655      0.17906435     -0.37491171
           0.13          -0.058          -0.022      0.24917459    0.0076056332      0.18375382     -0.37700984
           0.13          -0.058          -0.018      0.35593786   -0.0076833958      0.18609295     -0.37841437
           0.13          -0.058          -0.014      0.45354327    -0.018419674       0.1862931     -0.37879472
           0.13          -0.058           -0.01       0.5321184    -0.025446607       0.1856025     -0.37768441
           0.13          -0.058          -0.006      0.57918237    -0.027846702       0.1832451       -0.375904
           0.13          -0.058          -0.002      0.59609808     -0.02722018      0.17696151     -0.37338843
           0.13          -0.058           0.002      0.60756656    -0.025638757      0.16701942     -0.37089284
           0.13          -0.058           0.006      0.62964722    -0.023990676      0.15290886     -0.36944664
           0.13          -0.058            0.01      0.66119814    -0.028312727      0.13781758     -0.36697789
           0.13          -0.058           0.014      0.67528965    -0.032012929      0.12523143     -0.36652388
           0.13          -0.058           0.018      0.65648111    -0.032665608      0.11188552     -0.36670404
           0.13          -0.058           0.022       0.6080109    -0.028684042     0.098161667      -0.3677392
           0.13          -0.058           0.026      0.54233152    -0.019594809     0.087230697     -0.36881263
           0.13          -0.058            0.03       0.4623792    0.0006278731     0.082613886      -0.3700254
           0.13          -0.058           0.034      0.36858513     0.034631074     0.079475283     -0.37017593
           0.13          -0.058           0.038       0.2713842     0.073566744     0.070874088     -0.36800577
           0.13          -0.058           0.042      0.18300797      0.10522811     0.054179276     -0.36495611
           0.13          -0.058           0.046      0.10506681       0.1225598     0.034071334     -0.36234258
           0.13          -0.058            0.05     0.027234294      0.12644543     0.018959321      -0.3608551
           0.13          -0.058           0.054    -0.051403123       0.1198468    0.0083654225     -0.36101269
           0.13          -0.058           0.058      -0.1201238      0.10946986   0.00026390274     -0.36250832
           0.13          -0.058           0.062     -0.17571505     0.099001581   -0.0065129939     -0.36408793
           0.13          -0.058           0.066     -0.22216602     0.089585524    -0.011729077     -0.36490392
           0.13          -0.058            0.07     -0.26326509     0.081348919    -0.015582685     -0.36519662
           0.13          -0.058           0.074     -0.30068321     0.074056482     -0.01789973     -0.36548051
           0.13          -0.058           0.078     -0.33507065     0.067758141    -0.019019607     -0.36568318
           0.13          -0.058           0.082      -0.3668023     0.062437518    -0.019019052     -0.36581475
           0.13          -0.058           0.086     -0.39597966     0.057958351    -0.017914009     -0.36591777
           0.13          -0.058            0.09      -0.4219332     0.054002305    -0.015646203     -0.36605112
           0.13          -0.058           0.094     -0.43841248     0.049636942    -0.012107359     -0.36627608
           0.13          -0.058           0.098     -0.40007383     0.041140183   -0.0059909606     -0.36641785
           0.13          -0.054          -0.098      0.11215325      0.15910605   -0.0066630898      -0.3420985
           0.13          -0.054          -0.094     0.073295931      0.17638072   -0.0012619105     -0.34001838
           0.13          -0.054           -0.09     -0.15346436      0.21822893      0.10650668     -0.34053264
           0.13          -0.054          -0.086     -0.33006103      0.22560013      0.18892114      -0.3460539
           0.13          -0.054          -0.082     -0.39242737      0.21143712       0.2046391     -0.35275323
           0.13          -0.054          -0.078     -0.39390801      0.19637545      0.19893985     -0.35875971
           0.13          -0.054          -0.074      -0.3781058       0.1859741       0.1871939     -0.36254633
           0.13          -0.054           -0.07     -0.35732385      0.17862282      0.17634354     -0.36503237
           0.13          -0.054          -0.066      -0.3340783      0.17228877      0.16712907     -0.36654197
           0.13          -0.054          -0.062      -0.3087265      0.16572078      0.15938605     -0.36724605
           0.13          -0.054          -0.058     -0.28110795      0.15811307      0.15310319     -0.36735314
           0.13          -0.054          -0.054     -0.25034617      0.14872601      0.14828104     -0.36705488
           0.13          -0.054           -0.05     -0.21423905      0.13670246      0.14497221     -0.36645214
           0.13          -0.054          -0.046     -0.16892968      0.12108689      0.14349836     -0.36557198
           0.13          -0.054          -0.042     -0.10837027      0.10093963      0.14428752     -0.36473855
           0.13          -0.054          -0.038    -0.025696647     0.076268844      0.14763386     -0.36444588
           0.13          -0.054          -0.034     0.081569402     0.048914476      0.15308721     -0.36508324
           0.13          -0.054           -0.03      0.20858234     0.022111429      0.15930647     -0.36670038
           0.13          -0.054          -0.026      0.34675108    -0.001471878      0.16457689     -0.36891689
           0.13          -0.054          -0.022       0.4878163    -0.020482367      0.16779567     -0.37108876
           0.13          -0.054          -0.018       0.6250745     -0.03453432      0.16860292      -0.3724855
           0.13          -0.054          -0.014      0.75102306    -0.043552681      0.16689706     -0.37286078
           0.13          -0.054           -0.01      0.84941049     -0.04918861      0.16383591     -0.37143739
           0.13          -0.054          -0.006      0.88780787    -0.049042699      0.15670358     -0.37015412
           0.13          -0.054          -0.002      0.87627743    -0.045391648      0.14005815     -0.36831836
           0.13          -0.054           0.002      0.88864137    -0.039436072       0.1183611      -0.3663472
           0.13          -0.054           0.006      0.93682934    -0.032249552     0.094302187     -0.36634577
           0.13          -0.054            0.01      0.99441188    -0.037185998     0.073524636      -0.3627521
           0.13          -0.054           0.014      0.99451551    -0.042014409     0.060404646     -0.36247928
           0.13          -0.054           0.018      0.93559744    -0.046283419     0.045623517     -0.36320555
           0.13          -0.054           0.022      0.84559653    -0.048212155     0.031246525     -0.36503486
           0.13          -0.054           0.026      0.74606165    -0.047150148     0.022758892     -0.36674952
           0.13          -0.054            0.03      0.62670961    -0.029965021     0.025557995      -0.3695685
           0.13          -0.054           0.034      0.48225813     0.011186784     0.032116682     -0.37177196
           0.13          -0.054           0.038      0.33520082     0.063026119     0.033540774      -0.3710109
           0.13          -0.054           0.042       0.2093742       0.1084891     0.027229507     -0.36887032
           0.13          -0.054           0.046       0.1109791      0.13333943     0.014838488     -0.36657484
           0.13          -0.054            0.05     0.027360044       0.1382966     0.005176797     -0.36486881
           0.13          -0.054           0.054    -0.048881278      0.13035052   -0.0021024364     -0.36451564
           0.13          -0.054           0.058     -0.11414123      0.11713842   -0.0083793521     -0.36542556
           0.13          -0.054           0.062     -0.16700828      0.10412964    -0.013768167     -0.36623939
           0.13          -0.054           0.066     -0.21130828     0.092961288    -0.018305773     -0.36648138
           0.13          -0.054            0.07     -0.25037692     0.083427585    -0.021492284     -0.36656482
           0.13          -0.054           0.074     -0.28577086     0.075210395    -0.023331262     -0.36664752
           0.13          -0.054           0.078     -0.31830321     0.068244046     -0.02399051     -0.36669088
           0.13          -0.054           0.082      -0.3484637     0.062408335    -0.023496901     -0.36671253
           0.13          -0.054           0.086     -0.37642418     0.057478335    -0.021826269     -0.36675411
           0.13          -0.054            0.09     -0.40151906     0.053031291    -0.018883865     -0.36687838
           0.13          -0.054           0.094      -0.4170848       0.0479077    -0.014449475     -0.36711835
           0.13          -0.054           0.098     -0.37834687     0.038105739   -0.0069892126     -0.36726884
           0.13           -0.05          -0.098      0.12111931      0.17582302    -0.005936642     -0.34722259
           0.13           -0.05          -0.094     0.090999217      0.19756319   -0.0010687284     -0.34554801
           0.13           -0.05           -0.09      -0.1140167       0.2375393      0.10012955     -0.34575758
           0.13           -0.05          -0.086     -0.28736453      0.23893569      0.18421398     -0.35078096
           0.13           -0.05          -0.082     -0.35475794       0.2187003       0.2026249     -0.35681544
           0.13           -0.05          -0.078      -0.3598123      0.19994626      0.19667847      -0.3621801
           0.13           -0.05          -0.074     -0.34533226      0.18792837      0.18388155     -0.36533943
           0.13           -0.05           -0.07     -0.32476281      0.17961645      0.17187432       -0.367153
           0.13           -0.05          -0.066     -0.30113523      0.17232874      0.16150833       -0.367937
           0.13           -0.05          -0.062     -0.27484926      0.16461629      0.15258551     -0.36785081
           0.13           -0.05          -0.058     -0.24523476      0.15553292      0.14497135     -0.36707014
           0.13           -0.05          -0.054     -0.20994734       0.1441177      0.13851305     -0.36571746
           0.13           -0.05           -0.05     -0.16424893      0.12916173       0.1332393     -0.36378599
           0.13           -0.05          -0.046    -0.099929029      0.10929636      0.12948798     -0.36155542
           0.13           -0.05          -0.042   -0.0067556281     0.083922266      0.12781314     -0.35961961
           0.13           -0.05          -0.038      0.11987592     0.054690672      0.12869038     -0.35857684
           0.13           -0.05          -0.034      0.27383127     0.025045159      0.13192995     -0.35879313
           0.13           -0.05           -0.03      0.44380489   -0.0017431059      0.13616616     -0.36011957
           0.13           -0.05          -0.026      0.62033206    -0.023822133       0.1394974     -0.36190203
           0.13           -0.05          -0.022      0.79815434    -0.040516339      0.14073924     -0.36350761
           0.13           -0.05          -0.018       0.9745227    -0.052011549      0.13921599     -0.36437285
           0.13           -0.05          -0.014       1.1435596    -0.058509292      0.13427905     -0.36537899
           0.13           -0.05           -0.01       1.2787652    -0.063324849      0.12857959     -0.36464514
           0.13           -0.05          -0.006       1.2949277    -0.059388814      0.11669815     -0.36318323
           0.13           -0.05          -0.002       1.2204209    -0.054166594     0.087156653     -0.36182604
           0.13           -0.05           0.002        1.281868    -0.047614126     0.058324013     -0.36201488
           0.13           -0.05           0.006       1.3941692    -0.035769396     0.038340928     -0.36496562
           0.13           -0.05            0.01       1.4828914    -0.043737393     0.023912523      -0.3604593
           0.13           -0.05           0.014       1.4256014    -0.052403108     0.015928055     -0.36084115
           0.13           -0.05           0.018       1.3026176    -0.059687293     0.001503752     -0.36032991
           0.13           -0.05           0.022       1.1653294     -0.06990736    -0.011383081     -0.36225674
           0.13           -0.05           0.026        1.026868    -0.079782659    -0.019495311     -0.36399239
           0.13           -0.05            0.03       0.8535694    -0.066644626    -0.014443774        -0.36772
           0.13           -0.05           0.034      0.63640599    -0.019641519   -0.0036684897     -0.37199306
           0.13           -0.05           0.038      0.42198743     0.042167946    0.0014382819      -0.3724547
           0.13           -0.05           0.042      0.24590675      0.10069094    0.0018707006       -0.371667
           0.13           -0.05           0.046      0.11937444      0.13449701   -0.0032074342     -0.37034242
           0.13           -0.05            0.05     0.027297249      0.14234382   -0.0088151639     -0.36882306
           0.13           -0.05           0.054    -0.047245181      0.13463021    -0.013575423      -0.3680489
           0.13           -0.05           0.058     -0.10872034      0.12068548    -0.018024419     -0.36812194
           0.13           -0.05           0.062     -0.15897091      0.10657451    -0.022276982     -0.36817282
           0.13           -0.05           0.066     -0.20116928     0.094326157    -0.025881762     -0.36803152
           0.13           -0.05            0.07     -0.23812267     0.083863017    -0.028281533     -0.36790283
           0.13           -0.05           0.074     -0.27147815     0.074930716    -0.029498588     -0.36778482
           0.13           -0.05           0.078     -0.30215383     0.067409991    -0.029558795     -0.36767308
           0.13           -0.05           0.082     -0.33071588     0.061108167    -0.028446804     -0.36758892
           0.13           -0.05           0.086     -0.35738273     0.055719088    -0.026090496     -0.36757261
           0.13           -0.05            0.09     -0.38143676     0.050706609    -0.022365314     -0.36769017
           0.13           -0.05           0.094      -0.3955854     0.044660464    -0.016905575     -0.36793447
           0.13           -0.05           0.098     -0.35506074      0.03335871    -0.008008855     -0.36808138
           0.13          -0.046          -0.098      0.13161243      0.18963105   -0.0045230525     -0.35256455
           0.13          -0.046          -0.094      0.11312115      0.21393415   -0.0011045447     -0.35158337
           0.13          -0.046           -0.09    -0.063909916      0.25361524     0.089351446     -0.35132076
           0.13          -0.046          -0.086     -0.23648167      0.25232361      0.17602978     -0.35570431
           0.13          -0.046          -0.082     -0.31231998      0.22694335      0.19913715     -0.36087052
           0.13          -0.046          -0.078      -0.3230381      0.20414805      0.19343092     -0.36535626
           0.13          -0.046          -0.074     -0.31053458      0.19026313      0.17976176     -0.36790949
           0.13          -0.046           -0.07     -0.29019036      0.18090558      0.16645209     -0.36902127
           0.13          -0.046          -0.066     -0.26591405      0.17262886       0.1547103     -0.36904906
           0.13          -0.046          -0.062     -0.23799737      0.16375553       0.1442691     -0.36811483
           0.13          -0.046          -0.058     -0.20451791      0.15313555      0.13471531     -0.36633956
           0.13          -0.046          -0.054     -0.16036797      0.13953781      0.12573581     -0.36370925
           0.13          -0.046           -0.05    -0.095825315       0.1212216      0.11709946     -0.36045985
           0.13          -0.046          -0.046    0.0030675618     0.097009406      0.10933751     -0.35711395
           0.13          -0.046          -0.042      0.14466909     0.067933805      0.10370563     -0.35437878
           0.13          -0.046          -0.038      0.32361249     0.037087929      0.10137446     -0.35283877
           0.13          -0.046          -0.034      0.52633989    0.0076108115      0.10254225     -0.35239134
           0.13          -0.046           -0.03      0.74003678    -0.017397088      0.10549476     -0.35263983
           0.13          -0.046          -0.026      0.95834403     -0.03597228      0.10747297     -0.35290306
           0.13          -0.046          -0.022       1.1808308    -0.047188471      0.10664605     -0.35281908
           0.13          -0.046          -0.018       1.4093601    -0.052388671      0.10146011     -0.35239657
           0.13          -0.046          -0.014       1.6472246    -0.048165244      0.09004693     -0.35120956
           0.13          -0.046           -0.01       1.8863162    -0.039007515     0.087632385     -0.34436643
           0.13          -0.046          -0.006        1.865603    -0.040103595     0.084488741      -0.3483747
           0.13          -0.046          -0.002       1.6435799    -0.047590401     0.039934034     -0.35028182
           0.13          -0.046           0.002       1.9012217    -0.033405283     0.010453141     -0.34665327
           0.13          -0.046           0.006       2.1155849    -0.014343529     0.021309216      -0.3496087
           0.13          -0.046            0.01       2.1750821    -0.017732379     0.013977831     -0.34507388
           0.13          -0.046           0.014       1.9753154    -0.040357787     0.012023536     -0.35319921
           0.13          -0.046           0.018       1.7699126    -0.061968608   -0.0049639788     -0.35549178
           0.13          -0.046           0.022       1.5809295    -0.083275373    -0.021449677     -0.35856494
           0.13          -0.046           0.026        1.394367     -0.10187586    -0.035406522     -0.35960086
           0.13          -0.046            0.03       1.1450998    -0.095241727    -0.032868818     -0.36403919
           0.13          -0.046           0.034      0.82823845    -0.046032169    -0.022675213     -0.37134735
           0.13          -0.046           0.038      0.53518366     0.018581165    -0.020176632     -0.37284903
           0.13          -0.046           0.042      0.30211622      0.08361652    -0.017878074     -0.37326682
           0.13          -0.046           0.046      0.13912769      0.12662765    -0.018441547     -0.37310354
           0.13          -0.046            0.05     0.032547811      0.13957196    -0.021547581     -0.37220151
           0.13          -0.046           0.054    -0.043924382      0.13381394    -0.024712559     -0.37125729
           0.13          -0.046           0.058     -0.10346633      0.12056118    -0.028147125     -0.37054575
           0.13          -0.046           0.062     -0.15145083      0.10637266    -0.031514336     -0.37000572
           0.13          -0.046           0.066     -0.19148068     0.093605124    -0.034158855     -0.36956416
           0.13          -0.046            0.07     -0.22632083     0.082531735    -0.035751059     -0.36920065
           0.13          -0.046           0.074     -0.25765794     0.073067352    -0.036242673     -0.36888657
           0.13          -0.046           0.078     -0.28646977     0.065088616    -0.035593431     -0.36862917
           0.13          -0.046           0.082     -0.31337656     0.058355047    -0.033747271     -0.36844944
           0.13          -0.046           0.086      -0.3386228     0.052485796    -0.030586393     -0.36838316
           0.13          -0.046            0.09     -0.36137493     0.046823576    -0.025955514     -0.36850078
           0.13          -0.046           0.094     -0.37347757     0.039731411    -0.019287162     -0.36874436
           0.13          -0.046           0.098     -0.32970715     0.026936723    -0.008824058      -0.3688842
           0.13          -0.042          -0.098      0.14274967      0.20005979   -0.0030729505     -0.35769649
           0.13          -0.042          -0.094      0.13651474       0.2240624   -0.0017755316     -0.35744616
           0.13          -0.042           -0.09   -0.0041310685      0.26714681     0.073777021     -0.35664093
           0.13          -0.042          -0.086     -0.17553273      0.26519009      0.16436645     -0.36064415
           0.13          -0.042          -0.082      -0.2643904      0.23651327      0.19498032     -0.36480254
           0.13          -0.042          -0.078     -0.28353677      0.20946986      0.18952434     -0.36823404
           0.13          -0.042          -0.074     -0.27385293      0.19311511      0.17501431     -0.37025406
           0.13          -0.042           -0.07     -0.25373316      0.18244011      0.16015356     -0.37063325
           0.13          -0.042          -0.066     -0.22838474      0.17312656      0.14671178     -0.36986149
           0.13          -0.042          -0.062     -0.19760869      0.16311215      0.13423539     -0.36802311
           0.13          -0.042          -0.058     -0.15701156      0.15106578      0.12198268     -0.36514501
           0.13          -0.042          -0.054    -0.096473998      0.13527291       0.1091152     -0.36135617
           0.13          -0.042           -0.05   0.00079625694      0.11401843     0.095454431      -0.3571456
           0.13          -0.042          -0.046      0.14852785     0.087274742     0.082514544      -0.3530807
           0.13          -0.042          -0.042      0.34501548     0.057499389      0.07280774     -0.34989724
           0.13          -0.042          -0.038      0.57789231     0.027098443     0.068012159     -0.34752038
           0.13          -0.042          -0.034      0.83170675   -0.0011200539     0.068872426      -0.3453161
           0.13          -0.042           -0.03        1.092795     -0.02213812      0.07302504      -0.3431127
           0.13          -0.042          -0.026       1.3576126    -0.033665213     0.074877325     -0.34144738
           0.13          -0.042          -0.022       1.6295797    -0.035081668     0.072226315     -0.34059466
           0.13          -0.042          -0.018       1.9195479    -0.021538364     0.072154204     -0.33461849
           0.13          -0.042          -0.014       2.1962787    -0.001747085     0.072043752     -0.33090852
           0.13          -0.042           -0.01       2.3812304    0.0071520986     0.067551089     -0.33349171
           0.13          -0.042          -0.006       2.3989225  -0.00068972771     0.058682516     -0.33744518
           0.13          -0.042          -0.002       2.1090344    -0.033277402     0.041739322       -0.341612
           0.13          -0.042           0.002       2.3745851    -0.011244346     0.013489467     -0.34047424
           0.13          -0.042           0.006       2.4748118    0.0024495608     0.026856989     -0.34600306
           0.13          -0.042            0.01       2.4526099    0.0018523358     0.016412943     -0.34271672
           0.13          -0.042           0.014       2.3718298    -0.012666636     0.014903258     -0.34644188
           0.13          -0.042           0.018       2.2576275    -0.034495278  -0.00042854296     -0.34597229
           0.13          -0.042           0.022       2.0646873    -0.068133362    -0.011654432     -0.35040726
           0.13          -0.042           0.026       1.8277005     -0.10278045    -0.034106634      -0.3523162
           0.13          -0.042            0.03       1.4796032     -0.10532633    -0.037483615     -0.35776462
           0.13          -0.042           0.034       1.0385851    -0.059819614    -0.029322028     -0.36973884
           0.13          -0.042           0.038      0.66536083  -0.00096534291    -0.031964422     -0.37250698
           0.13          -0.042           0.042      0.37846958     0.062399244    -0.031560608     -0.37396968
           0.13          -0.042           0.046      0.17615718      0.11101721     -0.03097517     -0.37475749
           0.13          -0.042            0.05     0.047813865      0.13056342    -0.032660954     -0.37463711
           0.13          -0.042           0.054    -0.035971105      0.12866856     -0.03525259      -0.3738939
           0.13          -0.042           0.058    -0.096537284      0.11734073    -0.038244881     -0.37286158
           0.13          -0.042           0.062     -0.14347256      0.10374051     -0.04095849     -0.37187383
           0.13          -0.042           0.066      -0.1817873     0.090822966    -0.042831383     -0.37107846
           0.13          -0.042            0.07      -0.2147079     0.079379134    -0.043634963     -0.37046419
           0.13          -0.042           0.074     -0.24411135     0.069516957    -0.043338389     -0.36996482
           0.13          -0.042           0.078     -0.27106106     0.061139597    -0.041890691     -0.36957456
           0.13          -0.042           0.082     -0.29622838     0.053977764    -0.039202498     -0.36931176
           0.13          -0.042           0.086     -0.31986526     0.047574192    -0.035113148      -0.3692059
           0.13          -0.042            0.09     -0.34093366     0.041131774     -0.02941765     -0.36933259
           0.13          -0.042           0.094     -0.35018976     0.032871352    -0.021244558     -0.36958024
           0.13          -0.042           0.098     -0.30179093     0.019172335   -0.0089625803     -0.36974007
           0.13          -0.038          -0.098      0.15406368      0.20724605    -0.002262848     -0.36236258
           0.13          -0.038          -0.094      0.15998944      0.22898093   -0.0028874545     -0.36255128
           0.13          -0.038           -0.09     0.059296429      0.26836578     0.053746232     -0.36164435
           0.13          -0.038          -0.086     -0.10467162        0.276954        0.148419     -0.36514505
           0.13          -0.038          -0.082     -0.20931029      0.24847826      0.18829057     -0.36844515
           0.13          -0.038          -0.078     -0.24089865      0.21683412      0.18549491      -0.3709918
           0.13          -0.038          -0.074     -0.23549492      0.19683003      0.17006122     -0.37226933
           0.13          -0.038           -0.07     -0.21569312      0.18422825      0.15325199     -0.37188811
           0.13          -0.038          -0.066     -0.18864513      0.17375149      0.13768452     -0.37032397
           0.13          -0.038          -0.062     -0.15296501      0.16275328      0.12256241     -0.36759307
           0.13          -0.038          -0.058    -0.099891862      0.14962731        0.106544     -0.36377676
           0.13          -0.038          -0.054    -0.011799616      0.13231411     0.088241949     -0.35925859
           0.13          -0.038           -0.05      0.13046369       0.1097655     0.068510889     -0.35456173
           0.13          -0.038          -0.046      0.33131177     0.083185643     0.050802293     -0.35023124
           0.13          -0.038          -0.042       0.5824563     0.054506273     0.038195874     -0.34635544
           0.13          -0.038          -0.038      0.87260514     0.025329153     0.032903205     -0.34222282
           0.13          -0.038          -0.034       1.1851194  -0.00023105129     0.037075213     -0.33672605
           0.13          -0.038           -0.03       1.4975201     -0.01514902     0.044742045     -0.33242369
           0.13          -0.038          -0.026       1.8067641    -0.012055034     0.050900626      -0.3281074
           0.13          -0.038          -0.022       2.1148429    0.0037469287     0.060038745     -0.32191246
           0.13          -0.038          -0.018       2.3294691     0.018545599     0.062097515     -0.32302067
           0.13          -0.038          -0.014       2.4273552     0.020296324      0.05579381     -0.32597302
           0.13          -0.038           -0.01       2.4784083     0.013632474     0.053373346     -0.32731693
           0.13          -0.038          -0.006       2.4947995     0.005365968     0.048796203     -0.32913221
           0.13          -0.038          -0.002       2.3207027    -0.023355968     0.041484255     -0.33288051
           0.13          -0.038           0.002       2.4731207    -0.003046446    0.0083923203     -0.33075329
           0.13          -0.038           0.006       2.5092514    0.0013405233     0.018665111      -0.3361505
           0.13          -0.038            0.01       2.4856295    0.0028932996    0.0086573406     -0.33462755
           0.13          -0.038           0.014       2.4567525   -0.0050679969    0.0093226195     -0.33954796
           0.13          -0.038           0.018       2.4278616    -0.015660225   -0.0014715792     -0.34069424
           0.13          -0.038           0.022       2.3776572    -0.035453099    -0.013644327     -0.34360354
           0.13          -0.038           0.026        2.226569    -0.069469146    -0.035676316     -0.34431684
           0.13          -0.038            0.03       1.8001607    -0.085681343    -0.039515042     -0.35000744
           0.13          -0.038           0.034       1.2353169    -0.057879071    -0.029418379     -0.36772057
           0.13          -0.038           0.038       0.7972152    -0.013333821    -0.037347545     -0.37124408
           0.13          -0.038           0.042       0.4696986     0.041506196    -0.039870116     -0.37388795
           0.13          -0.038           0.046      0.23303052     0.090541063    -0.040088152     -0.37553918
           0.13          -0.038            0.05     0.078035884      0.11634578    -0.041504818     -0.37615477
           0.13          -0.038           0.054    -0.019698543      0.11983453    -0.044244049     -0.37587966
           0.13          -0.038           0.058    -0.085550855      0.11141901     -0.04746697     -0.37492165
           0.13          -0.038           0.062     -0.13375901     0.098913507    -0.050021403     -0.37370524
           0.13          -0.038           0.066      -0.1714608     0.086112757    -0.051441788     -0.37258375
           0.13          -0.038            0.07     -0.20292889     0.074428646    -0.051571332     -0.37171728
           0.13          -0.038           0.074     -0.23058821      0.06422032    -0.050465311     -0.37104745
           0.13          -0.038           0.078     -0.25569867     0.055445659     -0.04814292     -0.37054051
           0.13          -0.038           0.082       -0.279008     0.047810778    -0.044505943      -0.3702091
           0.13          -0.038           0.086     -0.30075834     0.040762373    -0.039353225     -0.37007712
           0.13          -0.038            0.09     -0.31958653      0.03331217     -0.03239802     -0.37021862
           0.13          -0.038           0.094     -0.32494249     0.023686943    -0.022483129     -0.37048279
           0.13          -0.038           0.098     -0.27048667     0.011144091    -0.008465817     -0.37068815
           0.13          -0.034          -0.098       0.1641007      0.21159768   -0.0022946858     -0.36636502
           0.13          -0.034          -0.094       0.1850813      0.23167982   -0.0036705715     -0.36675469
           0.13          -0.034           -0.09      0.11889535      0.26186903     0.033402806      -0.3664228
           0.13          -0.034          -0.086    -0.025992993      0.28393999      0.12594439     -0.36884508
           0.13          -0.034          -0.082     -0.14439511      0.26214506      0.17880448     -0.37147548
           0.13          -0.034          -0.078     -0.19372109      0.22679451      0.18149035     -0.37339285
           0.13          -0.034          -0.074     -0.19566989      0.20187863      0.16553763     -0.37389068
           0.13          -0.034           -0.07     -0.17669958      0.18642072      0.14628945     -0.37271779
           0.13          -0.034          -0.066     -0.14696934      0.17451293      0.12800531     -0.37040932
           0.13          -0.034          -0.062     -0.10307858      0.16282546       0.1094326     -0.36694198
           0.13          -0.034          -0.058     -0.02957359      0.14929252     0.088211576     -0.36265402
           0.13          -0.034          -0.054     0.096569582      0.13190465     0.063439197     -0.35792931
           0.13          -0.034           -0.05      0.28672797      0.11032577      0.03822959     -0.35322649
           0.13          -0.034          -0.046      0.53708974     0.085295998     0.017317841     -0.34842844
           0.13          -0.034          -0.042      0.84195578     0.058548913    0.0038626181     -0.34302084
           0.13          -0.034          -0.038       1.1968535     0.032395942    0.0017043541     -0.33581362
           0.13          -0.034          -0.034       1.5809094     0.010792018     0.014077787     -0.32709566
           0.13          -0.034           -0.03       1.9463467    0.0083923737     0.034205344      -0.3181213
           0.13          -0.034          -0.026       2.2398269     0.021594996      0.05088953     -0.31462428
           0.13          -0.034          -0.022       2.3916742     0.029274726     0.055066356     -0.31791984
           0.13          -0.034          -0.018       2.4384182     0.027559505     0.053348819     -0.31885178
           0.13          -0.034          -0.014       2.4605857     0.023934598     0.050382796     -0.32027851
           0.13          -0.034           -0.01       2.4815679     0.017952102     0.047983698     -0.32164617
           0.13          -0.034          -0.006        2.495571     0.012503087      0.04266866     -0.32215847
           0.13          -0.034          -0.002       2.3938832   -0.0068045128     0.034559214     -0.32512642
           0.13          -0.034           0.002       2.4695825    0.0083400434     0.001839997     -0.32375521
           0.13          -0.034           0.006       2.5033244    0.0036005195     0.010612031     -0.32965748
           0.13          -0.034            0.01       2.4818591    0.0056868089   0.00036394822     -0.32866353
           0.13          -0.034           0.014       2.4639485   0.00018402563   -0.0012881004     -0.33313691
           0.13          -0.034           0.018       2.4556698   -0.0066239277    -0.011582101     -0.33478238
           0.13          -0.034           0.022       2.4506542    -0.018771859    -0.021687996     -0.33845916
           0.13          -0.034           0.026       2.3886183    -0.036379766    -0.038658907     -0.34246897
           0.13          -0.034            0.03       2.0235267    -0.051057997    -0.042821245     -0.34506691
           0.13          -0.034           0.034       1.4004397    -0.047262926    -0.028747623     -0.36486289
           0.13          -0.034           0.038      0.92768733    -0.021285513    -0.039042973     -0.36906012
           0.13          -0.034           0.042      0.57769921     0.021586822    -0.043676496     -0.37298291
           0.13          -0.034           0.046      0.31499022      0.06761198    -0.044946147     -0.37556025
           0.13          -0.034            0.05      0.13068819     0.098119748    -0.047019416     -0.37680438
           0.13          -0.034           0.054     0.010481764      0.10793274    -0.050562308     -0.37719134
           0.13          -0.034           0.058    -0.067274806      0.10333504    -0.054824188     -0.37662163
           0.13          -0.034           0.062     -0.12054173     0.092320417    -0.058024696     -0.37543212
           0.13          -0.034           0.066     -0.15962842     0.079727392     -0.05944019     -0.37410617
           0.13          -0.034            0.07     -0.19053342     0.067761952    -0.059101502     -0.37300484
           0.13          -0.034           0.074     -0.21678065     0.057147237     -0.05719123     -0.37217802
           0.13          -0.034           0.078     -0.24010379     0.047905091     -0.05390623     -0.37157427
           0.13          -0.034           0.082      -0.2613927     0.039701176    -0.049201694     -0.37118908
           0.13          -0.034           0.086     -0.28086907     0.031860117    -0.042853446     -0.37104111
           0.13          -0.034            0.09     -0.29669945     0.023232326    -0.034488372     -0.37119014
           0.13          -0.034           0.094     -0.29645416     0.012522639    -0.022851132     -0.37146528
           0.13          -0.034           0.098     -0.23146833    0.0032903331   -0.0078531037     -0.37172416
           0.13           -0.03          -0.098      0.17268241      0.21321206   -0.0023609467     -0.36967637
           0.13           -0.03          -0.094      0.20970449      0.23426582   -0.0034000943     -0.37011874
           0.13           -0.03           -0.09       0.1709463      0.25095846      0.01855125       -0.370415
           0.13           -0.03          -0.086     0.056769462      0.27950252     0.094996984      -0.3719247
           0.13           -0.03          -0.082    -0.068090594       0.2733492      0.16302887     -0.37398723
           0.13           -0.03          -0.078     -0.13936469      0.24110935      0.17676121     -0.37516676
           0.13           -0.03          -0.074     -0.15412381      0.20962603      0.16206267     -0.37498233
           0.13           -0.03           -0.07     -0.13744573      0.18943261      0.13986572     -0.37303937
           0.13           -0.03          -0.066     -0.10368999      0.17555333      0.11814664     -0.37010895
           0.13           -0.03          -0.062    -0.046713614      0.16361078     0.094978874     -0.36633478
           0.13           -0.03          -0.058     0.056137736        0.150885     0.067324106      -0.3621171
           0.13           -0.03          -0.054      0.22416465      0.13498034     0.036379007     -0.35761403
           0.13           -0.03           -0.05      0.45690182      0.11503674    0.0076085684     -0.35299056
           0.13           -0.03          -0.046      0.74955344     0.091222014    -0.014000445     -0.34705591
           0.13           -0.03          -0.042        1.103865     0.066802312     -0.02478771     -0.33933345
           0.13           -0.03          -0.038       1.5252775     0.043321569    -0.019434618     -0.32995832
           0.13           -0.03          -0.034       1.9889194     0.032659444     0.011877888     -0.31476966
           0.13           -0.03           -0.03       2.3238014      0.03402694     0.041098634     -0.31014709
           0.13           -0.03          -0.026       2.4375363     0.034249066     0.049307253     -0.31347409
           0.13           -0.03          -0.022       2.4531235     0.030884519     0.048932903     -0.31417912
           0.13           -0.03          -0.018       2.4545671     0.027268899      0.04794544     -0.31450602
           0.13           -0.03          -0.014       2.4596879     0.023322295     0.045729293     -0.31480221
           0.13           -0.03           -0.01       2.4738178     0.019105547     0.043695821     -0.31541327
           0.13           -0.03          -0.006       2.4909469     0.016641822      0.03906127     -0.31529467
           0.13           -0.03          -0.002       2.4442539     0.008746824     0.031939802     -0.31746976
           0.13           -0.03           0.002       2.4226252     0.015674717    0.0027642172     -0.31639344
           0.13           -0.03           0.006       2.4905119    0.0054324004    0.0074092251     -0.32178453
           0.13           -0.03            0.01       2.4743838    0.0094744262   -0.0036435011     -0.32221819
           0.13           -0.03           0.014       2.4617381    0.0058277154   -0.0079471949     -0.32688162
           0.13           -0.03           0.018       2.4613466    0.0022544756    -0.018082475     -0.32948869
           0.13           -0.03           0.022       2.4707303   -0.0047962129    -0.027654549     -0.33372381
           0.13           -0.03           0.026       2.4463231    -0.013403059    -0.040461244     -0.33879289
           0.13           -0.03            0.03       2.1694733    -0.021643982    -0.042369332     -0.34184976
           0.13           -0.03           0.034       1.5532107    -0.035666562    -0.025413686     -0.36027995
           0.13           -0.03           0.038       1.0762029    -0.028451479    -0.035709845      -0.3654323
           0.13           -0.03           0.042      0.72216486    0.0021812863    -0.042569185     -0.37060989
           0.13           -0.03           0.046      0.43819704     0.043979166    -0.044360669     -0.37459497
           0.13           -0.03            0.05      0.21943191     0.077486046    -0.047446868      -0.3765578
           0.13           -0.03           0.054     0.064755913     0.093744723    -0.052526935     -0.37778155
           0.13           -0.03           0.058    -0.036192713     0.093825794    -0.058963698     -0.37789643
           0.13           -0.03           0.062     -0.10116168     0.084543687    -0.064026854      -0.3770166
           0.13           -0.03           0.066     -0.14498103     0.072013581     -0.06619156     -0.37565445
           0.13           -0.03            0.07     -0.17684956     0.059498134      -0.0656773     -0.37438011
           0.13           -0.03           0.074     -0.20225818     0.048245341    -0.062968381     -0.37341596
           0.13           -0.03           0.078     -0.22391049     0.038394841    -0.058559355     -0.37274008
           0.13           -0.03           0.082     -0.24297778     0.029512309    -0.052604404      -0.3723152
           0.13           -0.03           0.086     -0.25964126     0.020786977    -0.044926593     -0.37214891
           0.13           -0.03            0.09     -0.27155367      0.01107835    -0.035144675     -0.37227304
           0.13           -0.03           0.094     -0.26493242   0.00028589205    -0.022314006      -0.3725095
           0.13           -0.03           0.098     -0.19183953     -0.00325186   -0.0073521298     -0.37270502
           0.13          -0.026          -0.098      0.17922703      0.21138926   -0.0019341821     -0.37226889
           0.13          -0.026          -0.094      0.23269611      0.23563814   -0.0015389928     -0.37266894
           0.13          -0.026           -0.09      0.21359935      0.23969828     0.012114876     -0.37335825
           0.13          -0.026          -0.086      0.13509026      0.26709349     0.063702817     -0.37440027
           0.13          -0.026          -0.082     0.017330017      0.27534211       0.1366566      -0.3761672
           0.13          -0.026          -0.078    -0.074126247      0.25545882      0.16799863     -0.37642863
           0.13          -0.026          -0.074     -0.10870523      0.22071009      0.15901939     -0.37547363
           0.13          -0.026           -0.07    -0.098212168      0.19414997      0.13439119     -0.37281009
           0.13          -0.026          -0.066    -0.059081381      0.17740381       0.1082964     -0.36946317
           0.13          -0.026          -0.062     0.017592958       0.1658365     0.079053573     -0.36589093
           0.13          -0.026          -0.058      0.15620602      0.15515257     0.044469295      -0.3621426
           0.13          -0.026          -0.054      0.36341218      0.14102591    0.0092228108     -0.35805689
           0.13          -0.026           -0.05      0.63121798      0.12126862    -0.020411738     -0.35307132
           0.13          -0.026          -0.046      0.95664829      0.09669318    -0.039138417     -0.34528119
           0.13          -0.026          -0.042       1.3437021     0.071402343    -0.043464536     -0.33590943
           0.13          -0.026          -0.038       1.8125744     0.052139203    -0.022540497     -0.32454483
           0.13          -0.026          -0.034       2.3097284     0.046241179     0.024779677     -0.30962859
           0.13          -0.026           -0.03       2.4792974     0.036308462     0.038519443     -0.31166272
           0.13          -0.026          -0.026       2.4866575     0.032262104     0.041254972     -0.31147226
           0.13          -0.026          -0.022        2.472274     0.028842865     0.042046303     -0.31089704
           0.13          -0.026          -0.018       2.4625752     0.025557099      0.04259031     -0.31042795
           0.13          -0.026          -0.014       2.4613529     0.022052205     0.040969522     -0.30999396
           0.13          -0.026           -0.01       2.4715158     0.019904657     0.039727856     -0.30983332
           0.13          -0.026          -0.006       2.4914224     0.019745093     0.034565474     -0.30952114
           0.13          -0.026          -0.002       2.4959465     0.024203621     0.030134789     -0.31053999
           0.13          -0.026           0.002       2.3802288      0.02202326     0.007290076     -0.31025322
           0.13          -0.026           0.006       2.4828156     0.010526236    0.0061869964      -0.3145006
           0.13          -0.026            0.01       2.4706988     0.014752362   -0.0049672812     -0.31629312
           0.13          -0.026           0.014       2.4613241     0.011384711     -0.01154524     -0.32092074
           0.13          -0.026           0.018       2.4667141    0.0089112923    -0.021097563     -0.32441494
           0.13          -0.026           0.022       2.4827858    0.0032597693    -0.029418177     -0.32912836
           0.13          -0.026           0.026       2.4844656   -0.0012776317    -0.038168157     -0.33494373
           0.13          -0.026            0.03       2.3061496   -0.0026735865    -0.038355743     -0.33784551
           0.13          -0.026           0.034       1.7330841    -0.024934085    -0.020122946     -0.35390219
           0.13          -0.026           0.038       1.2881709    -0.034132601     -0.03007034     -0.35965001
           0.13          -0.026           0.042      0.94339016    -0.013257925    -0.038020424     -0.36582231
           0.13          -0.026           0.046      0.62961732     0.023244308    -0.037737687     -0.37228552
           0.13          -0.026            0.05       0.3627713     0.057763469    -0.041291931     -0.37540362
           0.13          -0.026           0.054      0.15766328     0.079115489    -0.048146004      -0.3776228
           0.13          -0.026           0.058     0.017052032     0.084135864    -0.057956138     -0.37870904
           0.13          -0.026           0.062    -0.071097382     0.076521436    -0.066576707     -0.37843207
           0.13          -0.026           0.066     -0.12545967      0.06340959    -0.070893852     -0.37724215
           0.13          -0.026            0.07     -0.16083339     0.049722376    -0.070742556     -0.37587938
           0.13          -0.026           0.074     -0.18633881     0.037366869    -0.067219618     -0.37480382
           0.13          -0.026           0.078     -0.20658639     0.026674414    -0.061352883     -0.37409223
           0.13          -0.026           0.082     -0.22333376     0.017035557    -0.053738286     -0.37366481
           0.13          -0.026           0.086     -0.23669902    0.0075006776    -0.044476153     -0.37348746
           0.13          -0.026            0.09     -0.24405259   -0.0026997783    -0.033413768     -0.37354091
           0.13          -0.026           0.094     -0.23245221    -0.011652242    -0.020204208     -0.37363931
           0.13          -0.026           0.098     -0.15980185    -0.008325564   -0.0065488515      -0.3736792
           0.13          -0.022          -0.098      0.18345726       0.2050448  -0.00061841861     -0.37403819
           0.13          -0.022          -0.094      0.25158094      0.23245688      0.00254676     -0.37440907
           0.13          -0.022           -0.09      0.24347852      0.22799569      0.01150894     -0.37513538
           0.13          -0.022          -0.086      0.19581434      0.24571458      0.04220593     -0.37602688
           0.13          -0.022          -0.082      0.10117342      0.26734766      0.10250732     -0.37753935
           0.13          -0.022          -0.078    0.0010395536      0.26269166       0.1476082     -0.37737028
           0.13          -0.022          -0.074     -0.05603725      0.23438661      0.15141832     -0.37545281
           0.13          -0.022           -0.07    -0.058008075      0.20192673      0.12829269     -0.37206802
           0.13          -0.022          -0.066    -0.012436716      0.18133192     0.097541965     -0.36862062
           0.13          -0.022          -0.062     0.091206518      0.17079958     0.061071348     -0.36563734
           0.13          -0.022          -0.058      0.26781155      0.16228987     0.020661222     -0.36264704
           0.13          -0.022          -0.054      0.51065217      0.14792066     -0.01587248     -0.35895882
           0.13          -0.022           -0.05      0.81123241      0.12491986    -0.042898439     -0.35335954
           0.13          -0.022          -0.046       1.1650801       0.0945004    -0.054504446     -0.34415413
           0.13          -0.022          -0.042        1.559593     0.061160317    -0.047543765     -0.33402161
           0.13          -0.022          -0.038       1.9884687     0.047494376    -0.017575558     -0.32118227
           0.13          -0.022          -0.034       2.3676225     0.045082212     0.018629357     -0.31418022
           0.13          -0.022           -0.03       2.5086038     0.035936579     0.033619221     -0.31215196
           0.13          -0.022          -0.026       2.5039731     0.027380004     0.040639509     -0.31051317
           0.13          -0.022          -0.022       2.4890556     0.023273491     0.039975038     -0.30889601
           0.13          -0.022          -0.018       2.4768883     0.021651796     0.038366585     -0.30712965
           0.13          -0.022          -0.014       2.4716701     0.019423097     0.036446045     -0.30546943
           0.13          -0.022           -0.01        2.477058     0.019845037     0.036175107     -0.30438161
           0.13          -0.022          -0.006        2.495635     0.021456911     0.031333811     -0.30363105
           0.13          -0.022          -0.002       2.5138437     0.034334984     0.026637708     -0.30379181
           0.13          -0.022           0.002        2.354394     0.025888031     0.011875508     -0.30406874
           0.13          -0.022           0.006       2.4822256     0.017864191     0.004218449     -0.30720514
           0.13          -0.022            0.01       2.4718225     0.021280606   -0.0058380387     -0.31036301
           0.13          -0.022           0.014         2.46655     0.017437154    -0.014766027     -0.31496852
           0.13          -0.022           0.018       2.4757798     0.015390605    -0.024718293     -0.31937705
           0.13          -0.022           0.022       2.4918449    0.0099909034    -0.034478013      -0.3245951
           0.13          -0.022           0.026       2.4928283    0.0052437836    -0.043250486     -0.33083763
           0.13          -0.022            0.03       2.3611236    0.0032888699    -0.044980302     -0.33726357
           0.13          -0.022           0.034       2.0113368    -0.015562052    -0.024241967     -0.34662785
           0.13          -0.022           0.038       1.6516096    -0.037877867    -0.029820924     -0.35394722
           0.13          -0.022           0.042       1.2946694     -0.02497259     -0.03253057     -0.36201116
           0.13          -0.022           0.046      0.91162859    0.0081733111    -0.026710265     -0.36952246
           0.13          -0.022            0.05      0.57003254     0.042527555    -0.028794199     -0.37404168
           0.13          -0.022           0.054       0.2976776     0.066781528    -0.036961802     -0.37708625
           0.13          -0.022           0.058       0.1017591     0.076017926    -0.050091639     -0.37920518
           0.13          -0.022           0.062    -0.023869768     0.069687597    -0.063883611     -0.37969711
           0.13          -0.022           0.066    -0.097833615     0.054880822    -0.072335104     -0.37886665
           0.13          -0.022            0.07     -0.14071264      0.03856583    -0.073892754     -0.37748502
           0.13          -0.022           0.074     -0.16777365     0.024074741    -0.069798442     -0.37632865
           0.13          -0.022           0.078     -0.18717555     0.012071326    -0.062107447     -0.37561187
           0.13          -0.022           0.082     -0.20211762    0.0016720021    -0.052080012     -0.37523779
           0.13          -0.022           0.086     -0.21279859   -0.0081430791    -0.040528454     -0.37505399
           0.13          -0.022            0.09      -0.2169486    -0.017418998     -0.02822216     -0.37497396
           0.13          -0.022           0.094     -0.20529254    -0.022895424    -0.015845314     -0.37485905
           0.13          -0.022           0.098     -0.14390476    -0.013751164   -0.0050464453     -0.37474634
           0.13          -0.018          -0.098      0.18623146       0.1941596     0.002062751     -0.37480275
           0.13          -0.018          -0.094      0.26139456      0.22293717    0.0063765973     -0.37525475
           0.13          -0.018           -0.09      0.25866711      0.21214858     0.012898925     -0.37583811
           0.13          -0.018          -0.086      0.22968242      0.21903764     0.031471252     -0.37671063
           0.13          -0.018          -0.082      0.16502964      0.24418895      0.07224964      -0.3778056
           0.13          -0.018          -0.078     0.074081062      0.25739781       0.1174984      -0.3777249
           0.13          -0.018          -0.074     0.002076451       0.2426184      0.13393246      -0.3750926
           0.13          -0.018           -0.07      -0.0146474      0.21131968      0.11710812     -0.37110476
           0.13          -0.018          -0.066      0.03895389       0.1888364     0.083076052     -0.36775283
           0.13          -0.018          -0.062      0.17487914      0.17999687     0.040010587     -0.36553038
           0.13          -0.018          -0.058      0.38825554      0.17213785   -0.0031858011     -0.36333091
           0.13          -0.018          -0.054      0.66718891      0.15478582    -0.037939465      -0.3593498
           0.13          -0.018           -0.05       1.0110369      0.12623594    -0.059750438      -0.3523732
           0.13          -0.018          -0.046       1.4197462     0.087100575    -0.061309719     -0.34134961
           0.13          -0.018          -0.042       1.8775901     0.045389556    -0.033933745     -0.32836488
           0.13          -0.018          -0.038       2.3050048     0.020799547     0.007633117     -0.31625601
           0.13          -0.018          -0.034       2.4151532     0.013416647     0.027505402     -0.31526539
           0.13          -0.018           -0.03       2.3715555     0.016784964     0.032180284     -0.31152195
           0.13          -0.018          -0.026       2.3769425     0.024677497     0.035020492     -0.30857193
           0.13          -0.018          -0.022       2.4393032     0.027772157     0.038714608      -0.3059526
           0.13          -0.018          -0.018       2.4831664     0.023534079     0.040982897      -0.3037698
           0.13          -0.018          -0.014       2.4869583     0.017299012      0.03941748     -0.30172446
           0.13          -0.018           -0.01       2.4821113     0.018578697     0.039222355     -0.30001564
           0.13          -0.018          -0.006       2.4820352     0.024249497     0.033612383     -0.29853857
           0.13          -0.018          -0.002       2.4971556     0.041631881     0.026375675     -0.29754725
           0.13          -0.018           0.002       2.3269677     0.028814327     0.018339336      -0.2982136
           0.13          -0.018           0.006       2.4753384     0.027351062  -0.00038161904     -0.30051321
           0.13          -0.018            0.01       2.4736224     0.027893195   -0.0073138223     -0.30478467
           0.13          -0.018           0.014       2.4768014     0.024884089    -0.018440092     -0.30920468
           0.13          -0.018           0.018       2.4840903     0.024163827    -0.028669879      -0.3144008
           0.13          -0.018           0.022       2.4774504     0.020194667    -0.039863089      -0.3198059
           0.13          -0.018           0.026       2.4328372     0.012247599    -0.044034533     -0.32542346
           0.13          -0.018            0.03       2.4078857    -0.004751181     -0.04395186     -0.33151582
           0.13          -0.018           0.034       2.4313616    -0.010746533    -0.042898441     -0.33716575
           0.13          -0.018           0.038       2.2614364    -0.011845547    -0.042842893     -0.33742335
           0.13          -0.018           0.042       1.8045684    -0.007471846    -0.025711503     -0.34877551
           0.13          -0.018           0.046       1.2733678    0.0076207875   -0.0064521973     -0.36352174
           0.13          -0.018            0.05      0.82266903     0.038165054   -0.0090085463     -0.37143451
           0.13          -0.018           0.054      0.47201533     0.060790754     -0.01982044     -0.37604305
           0.13          -0.018           0.058      0.21526698     0.071839859    -0.035579762     -0.37947473
           0.13          -0.018           0.062     0.044344371     0.065962396    -0.054391199     -0.38080509
           0.13          -0.018           0.066    -0.057696735     0.048018825    -0.068924976     -0.38048322
           0.13          -0.018            0.07     -0.11328015     0.026755669    -0.074792409     -0.37916904
           0.13          -0.018           0.074     -0.14354985    0.0084190832    -0.072266823     -0.37779989
           0.13          -0.018           0.078     -0.16255449   -0.0055539982     -0.06424219     -0.37696648
           0.13          -0.018           0.082     -0.17768759     -0.01632118    -0.052779882     -0.37658331
           0.13          -0.018           0.086     -0.19016804    -0.025245623    -0.039151831     -0.37638801
           0.13          -0.018            0.09     -0.19694081     -0.03206255    -0.024882189     -0.37627263
           0.13          -0.018           0.094     -0.18981276    -0.033952152    -0.012351321     -0.37609166
           0.13          -0.018           0.098     -0.14156889    -0.020063124   -0.0037205585     -0.37590806
           0.13          -0.014          -0.098      0.18771993      0.18071067    0.0045140524     -0.37456592
           0.13          -0.014          -0.094      0.26544023      0.21076481      0.00741605      -0.3749538
           0.13          -0.014           -0.09      0.26183419      0.19212001     0.011431802     -0.37542293
           0.13          -0.014          -0.086      0.24115719      0.18916949     0.024814716     -0.37626262
           0.13          -0.014          -0.082      0.19937654      0.21181854     0.050773411     -0.37736016
           0.13          -0.014          -0.078       0.1289342      0.23840895     0.086042738     -0.37728802
           0.13          -0.014          -0.074     0.055904665      0.23995366      0.10716318      -0.3746201
           0.13          -0.014           -0.07     0.031380595      0.21863487     0.097277988     -0.37034204
           0.13          -0.014          -0.066     0.098421811      0.19969346     0.062317818     -0.36736072
           0.13          -0.014          -0.062      0.26583432      0.19274432     0.017077328     -0.36602068
           0.13          -0.014          -0.058      0.51015551      0.18272588    -0.024212016     -0.36456562
           0.13          -0.014          -0.054      0.82486457      0.16021584    -0.053519657     -0.36007796
           0.13          -0.014           -0.05       1.2190415      0.12607257    -0.066824776     -0.35321257
           0.13          -0.014          -0.046       1.6950875     0.078562063    -0.054124453     -0.34250137
           0.13          -0.014          -0.042       2.2091975     0.051218606   -0.0041255724     -0.32468519
           0.13          -0.014          -0.038       2.4762388     0.030459807     0.019202731     -0.32221172
           0.13          -0.014          -0.034       2.5062097     0.019558146     0.017516732     -0.31744437
           0.13          -0.014           -0.03       2.4843029     0.012445876     0.017017646     -0.31264269
           0.13          -0.014          -0.026       2.4499038    0.0073402138     0.023432102     -0.30864335
           0.13          -0.014          -0.022       2.4163247      0.01050065     0.035691329     -0.30475024
           0.13          -0.014          -0.018       2.4239142      0.01807975     0.045968919     -0.30080293
           0.13          -0.014          -0.014       2.4341012     0.017858464     0.052559574     -0.29749875
           0.13          -0.014           -0.01       2.4179148      0.02124087     0.057580284     -0.29537159
           0.13          -0.014          -0.006       2.3853469     0.029048171     0.050437723     -0.29393337
           0.13          -0.014          -0.002         2.37517     0.045934442     0.034522241     -0.29161153
           0.13          -0.014           0.002       2.2285444     0.036547304     0.018633034     -0.29244207
           0.13          -0.014           0.006       2.4258691     0.041843676    -0.004626966     -0.29376319
           0.13          -0.014            0.01       2.4564827     0.033882422   -0.0077144056     -0.29928962
           0.13          -0.014           0.014       2.4812282     0.033375128    -0.022710721     -0.30419446
           0.13          -0.014           0.018       2.4719132     0.033342365    -0.031915255     -0.31022101
           0.13          -0.014           0.022       2.4306204     0.022999478    -0.035895176     -0.31595634
           0.13          -0.014           0.026       2.4275542     0.004598649    -0.031088801     -0.32240138
           0.13          -0.014            0.03        2.509902   -0.0052466582    -0.031676119     -0.32861052
           0.13          -0.014           0.034       2.5265459   -0.0023107849     -0.03649431      -0.3346122
           0.13          -0.014           0.038       2.4886303    0.0065688603    -0.041430228     -0.33868151
           0.13          -0.014           0.042       2.2407022      0.02170273    -0.032155622     -0.34041332
           0.13          -0.014           0.046         1.63712     0.018833392    0.0047818569      -0.3562455
           0.13          -0.014            0.05       1.0657335     0.044066355     0.011560478     -0.37016058
           0.13          -0.014           0.054      0.64487709     0.061324273   -0.0025463469     -0.37526135
           0.13          -0.014           0.058       0.3374507     0.071471133     -0.01864209     -0.37996386
           0.13          -0.014           0.062      0.12713454     0.065484595    -0.039468608     -0.38197935
           0.13          -0.014           0.066   -0.0032494224     0.044327477    -0.058588906     -0.38220068
           0.13          -0.014            0.07    -0.074471535     0.016427306      -0.0705969     -0.38111909
           0.13          -0.014           0.074     -0.10807701   -0.0090439797    -0.074395924     -0.37969078
           0.13          -0.014           0.078     -0.12442482    -0.027713655    -0.073672649     -0.37897276
           0.13          -0.014           0.082     -0.14194351    -0.040536294    -0.070546168     -0.37884722
           0.13          -0.014           0.086     -0.16437976    -0.051118965    -0.060660893     -0.37882179
           0.13          -0.014            0.09     -0.18304839    -0.057528257    -0.041764805     -0.37870511
           0.13          -0.014           0.094     -0.18292274    -0.055592554    -0.021304417     -0.37814689
           0.13          -0.014           0.098     -0.14188464    -0.031197041   -0.0058579336     -0.37752442
           0.13           -0.01          -0.098      0.18661364      0.16672797    0.0062560205     -0.37364671
           0.13           -0.01          -0.094      0.26504947      0.20051864    0.0069675269     -0.37409429
           0.13           -0.01           -0.09      0.25743783      0.17171052    0.0065391288     -0.37464268
           0.13           -0.01          -0.086      0.24181655      0.15935354     0.016998318     -0.37515468
           0.13           -0.01          -0.082      0.21192934      0.17835958     0.035377413     -0.37633405
           0.13           -0.01          -0.078      0.15961839      0.21079055     0.058935157     -0.37635288
           0.13           -0.01          -0.074      0.09640229      0.22902895     0.077130601     -0.37399142
           0.13           -0.01           -0.07     0.077748536      0.22167079     0.070497127     -0.37012032
           0.13           -0.01          -0.066      0.16508412      0.21169694     0.036939549     -0.36783514
           0.13           -0.01          -0.062      0.35610833      0.20581673   -0.0050765906     -0.36713237
           0.13           -0.01          -0.058      0.62107333      0.19123458    -0.041367578     -0.36547197
           0.13           -0.01          -0.054      0.96394246      0.16223833    -0.064306502     -0.35940619
           0.13           -0.01           -0.05       1.4008355      0.12211736    -0.071920513     -0.35278323
           0.13           -0.01          -0.046       1.9491156     0.073226148    -0.039149181     -0.33513327
           0.13           -0.01          -0.042       2.3830962     0.045955245     0.011627026     -0.32586529
           0.13           -0.01          -0.038       2.4872724     0.024405597     0.019667513     -0.32173582
           0.13           -0.01          -0.034       2.5001295     0.015745976     0.021334906     -0.31773167
           0.13           -0.01           -0.03       2.5003372    0.0083031792     0.021950566      -0.3128543
           0.13           -0.01          -0.026       2.4998329   0.00074073949     0.024413814     -0.30831525
           0.13           -0.01          -0.022       2.4933702   -0.0032379026     0.029241887     -0.30372336
           0.13           -0.01          -0.018       2.4685347   -0.0029750431     0.042471932      -0.2990745
           0.13           -0.01          -0.014        2.392396    -0.003609154     0.066942383     -0.29592583
           0.13           -0.01           -0.01       2.2707042     0.010946331     0.092836428     -0.29344499
           0.13           -0.01          -0.006       2.1669338      0.03699201     0.088778531     -0.29069186
           0.13           -0.01          -0.002       2.1154181     0.060273235     0.064080349      -0.2865256
           0.13           -0.01           0.002       2.0378286      0.04898972     0.025605851     -0.28684759
           0.13           -0.01           0.006       2.2467219     0.047566465   -0.0067661298      -0.2879143
           0.13           -0.01            0.01       2.3685642     0.040269238     -0.01759997     -0.29385487
           0.13           -0.01           0.014       2.4510393     0.045047117    -0.035173312     -0.29900392
           0.13           -0.01           0.018       2.4429821     0.034017974    -0.033769268     -0.30593678
           0.13           -0.01           0.022       2.4394777     0.013169347    -0.027775138     -0.31219359
           0.13           -0.01           0.026       2.4948608     0.001441847    -0.024965026     -0.31908339
           0.13           -0.01            0.03       2.5129078  -0.00042611686    -0.028926622     -0.32560451
           0.13           -0.01           0.034       2.5113127     0.002946054    -0.034364577     -0.33174537
           0.13           -0.01           0.038       2.4956032    0.0098713784    -0.037418197     -0.33627314
           0.13           -0.01           0.042        2.407964     0.026381234    -0.036109574     -0.34203872
           0.13           -0.01           0.046       1.9468954     0.036130903    0.0055029415     -0.34643896
           0.13           -0.01            0.05       1.2435371     0.051541274     0.027945029     -0.36878354
           0.13           -0.01           0.054      0.77904475     0.064306182     0.011631048       -0.373969
           0.13           -0.01           0.058      0.44360008     0.071759492   -0.0031287615      -0.3800146
           0.13           -0.01           0.062      0.20995696     0.065321398    -0.022399031     -0.38285319
           0.13           -0.01           0.066      0.06027351     0.042575879    -0.040763295      -0.3838557
           0.13           -0.01            0.07    -0.024218026    0.0097709853    -0.054179297     -0.38337297
           0.13           -0.01           0.074    -0.062171128    -0.021294576    -0.060622372     -0.38211905
           0.13           -0.01           0.078     -0.07278872    -0.040011377    -0.068422051     -0.38138227
           0.13           -0.01           0.082    -0.081783895    -0.054345179    -0.085150043      -0.3819182
           0.13           -0.01           0.086     -0.10540158    -0.074506988    -0.092351019     -0.38255896
           0.13           -0.01            0.09     -0.13850594    -0.089205049    -0.079181608     -0.38242621
           0.13           -0.01           0.094     -0.15897684    -0.094054965    -0.044978785     -0.38115939
           0.13           -0.01           0.098     -0.13651944    -0.062125265    -0.013260001     -0.37994707
           0.13          -0.006          -0.098      0.18139711      0.15249189    0.0076180881     -0.37232792
           0.13          -0.006          -0.094      0.26089226       0.1933636    0.0078236162      -0.3728527
           0.13          -0.006           -0.09      0.25245986      0.15720542    0.0031193931     -0.37363268
           0.13          -0.006          -0.086      0.24200045      0.13565985    0.0097938515     -0.37395011
           0.13          -0.006          -0.082      0.21503692      0.14998584      0.02360775     -0.37499285
           0.13          -0.006          -0.078      0.17263775      0.18379678     0.037714277     -0.37517313
           0.13          -0.006          -0.074       0.1237111      0.21334753     0.049703996     -0.37332174
           0.13          -0.006           -0.07      0.12359658      0.22201291     0.042635334      -0.3705442
           0.13          -0.006          -0.066      0.23225971      0.22167117     0.012866956     -0.36915366
           0.13          -0.006          -0.062      0.43341186       0.2149958    -0.021922901     -0.36869254
           0.13          -0.006          -0.058      0.70291749      0.19416091    -0.051228205     -0.36657989
           0.13          -0.006          -0.054        1.047928      0.15758147    -0.067672488     -0.35973363
           0.13          -0.006           -0.05       1.4866981      0.11037122    -0.071231204     -0.35194704
           0.13          -0.006          -0.046       2.0484481     0.064460499     -0.03843082     -0.33463836
           0.13          -0.006          -0.042        2.399797     0.033736181     0.003517026      -0.3305121
           0.13          -0.006          -0.038       2.4691694     0.020892016     0.010525241     -0.32492993
           0.13          -0.006          -0.034       2.4810561     0.012699285      0.01537592     -0.32028473
           0.13          -0.006           -0.03       2.4843245    0.0044828379     0.016539493     -0.31449891
           0.13          -0.006          -0.026       2.4884466   -0.0040792108     0.018223125     -0.30906685
           0.13          -0.006          -0.022       2.4858359    -0.011915249     0.019360965     -0.30394368
           0.13          -0.006          -0.018       2.4331711    -0.026158092     0.029175255     -0.29820414
           0.13          -0.006          -0.014       2.2447521    -0.040977692     0.060804445       -0.296052
           0.13          -0.006           -0.01       2.0296145    -0.015373724     0.090317871     -0.29552615
           0.13          -0.006          -0.006       1.8965674      0.03575348     0.084779798     -0.29321557
           0.13          -0.006          -0.002       1.8494835     0.079694641     0.055614135     -0.28660635
           0.13          -0.006           0.002       1.8511574     0.080344347   -0.0018933284     -0.28313395
           0.13          -0.006           0.006       2.0696135     0.067543546    -0.043915013     -0.28303808
           0.13          -0.006            0.01        2.279011     0.050635196     -0.05374157     -0.28935684
           0.13          -0.006           0.014       2.4262659     0.041313445    -0.050141847     -0.29569192
           0.13          -0.006           0.018       2.4719928     0.019257784    -0.032556449     -0.30322935
           0.13          -0.006           0.022       2.4862978    0.0063013412    -0.025618459     -0.31024634
           0.13          -0.006           0.026       2.4948368    0.0026230539    -0.026223373     -0.31748688
           0.13          -0.006            0.03       2.4924506     0.002508898    -0.028903307     -0.32436417
           0.13          -0.006           0.034       2.4878709    0.0053659554    -0.031978087      -0.3312287
           0.13          -0.006           0.038       2.4731003    0.0098636602     -0.03128946     -0.33687605
           0.13          -0.006           0.042         2.39211      0.01827764    -0.027526303     -0.34472542
           0.13          -0.006           0.046       1.9661697     0.039620737     0.010456543     -0.34958411
           0.13          -0.006            0.05       1.2981919     0.051789525     0.030862859      -0.3682592
           0.13          -0.006           0.054      0.84554889     0.062283145     0.017274181      -0.3735554
           0.13          -0.006           0.058      0.51457653     0.067959053     0.005751395     -0.37971094
           0.13          -0.006           0.062      0.27833227     0.060871386   -0.0089725802     -0.38283941
           0.13          -0.006           0.066      0.12234228     0.036999754    -0.021941812     -0.38446067
           0.13          -0.006            0.07     0.031095831    0.0016772741    -0.029828693     -0.38475788
           0.13          -0.006           0.074    -0.014784905    -0.030026588    -0.029499074     -0.38404378
           0.13          -0.006           0.078    -0.030586007    -0.041238256    -0.027406583     -0.38309308
           0.13          -0.006           0.082    -0.019858334    -0.039619541    -0.052305519      -0.3836718
           0.13          -0.006           0.086    -0.011304949    -0.059345946    -0.093037345     -0.38500749
           0.13          -0.006            0.09    -0.037153962    -0.092472271     -0.10491426     -0.38521382
           0.13          -0.006           0.094    -0.085205969      -0.1130835    -0.071843753     -0.38271858
           0.13          -0.006           0.098    -0.097451696    -0.096158857    -0.022385628     -0.37981593
           0.13          -0.002          -0.098      0.17153169       0.1372164    0.0087949439     -0.37077767
           0.13          -0.002          -0.094      0.25473054      0.18840585     0.010978663     -0.37134433
           0.13          -0.002           -0.09      0.25286314      0.15263072    0.0047902827     -0.37237985
           0.13          -0.002          -0.086       0.2436975      0.12195995     0.007447327      -0.3727134
           0.13          -0.002          -0.082      0.21456501      0.13018506     0.015482807     -0.37349148
           0.13          -0.002          -0.078      0.17741556      0.16299759      0.02260742     -0.37378374
           0.13          -0.002          -0.074      0.14452158      0.19948926     0.028250559     -0.37266007
           0.13          -0.002           -0.07      0.16832598      0.22052202     0.019709686     -0.37118237
           0.13          -0.002          -0.066      0.29012154      0.22619243   -0.0041238527     -0.37063654
           0.13          -0.002          -0.062      0.48833069       0.2160103    -0.030502748     -0.37016448
           0.13          -0.002          -0.058      0.74596326      0.18709533    -0.051610224      -0.3677728
           0.13          -0.002          -0.054       1.0687888      0.14053032    -0.061552977     -0.36117842
           0.13          -0.002           -0.05       1.4731235     0.083244649    -0.062807971     -0.35469337
           0.13          -0.002          -0.046       1.9904597     0.034213721    -0.039664542     -0.34153813
           0.13          -0.002          -0.042       2.3748849     0.013921227   -0.0048475813     -0.33552233
           0.13          -0.002          -0.038       2.4568424     0.010601974    0.0037206812     -0.32777206
           0.13          -0.002          -0.034       2.4716499    0.0059277796    0.0097145958     -0.32244897
           0.13          -0.002           -0.03       2.4766703   -7.257038e-05     0.010585047     -0.31615355
           0.13          -0.002          -0.026       2.4801409   -0.0075566715     0.011108656     -0.31027427
           0.13          -0.002          -0.022       2.4605972    -0.017485625     0.010214066     -0.30501223
           0.13          -0.002          -0.018       2.3351462    -0.047123499     0.015623797      -0.2991804
           0.13          -0.002          -0.014       2.0445701    -0.070908676     0.032539879     -0.29919085
           0.13          -0.002           -0.01       1.7926051    -0.033830625      0.03446716     -0.30089875
           0.13          -0.002          -0.006       1.6617639     0.040611063     0.015566959       -0.297259
           0.13          -0.002          -0.002       1.6434802      0.10918447    -0.018721582     -0.28640159
           0.13          -0.002           0.002       1.7143374      0.11322463    -0.064634049     -0.28162935
           0.13          -0.002           0.006       1.9064754     0.070272331     -0.08012506      -0.2830357
           0.13          -0.002            0.01       2.1189243     0.029965341    -0.060110543     -0.28804922
           0.13          -0.002           0.014       2.3292643     0.015055092     -0.03599498      -0.2940487
           0.13          -0.002           0.018       2.4520876     0.004824337    -0.024660657     -0.30200274
           0.13          -0.002           0.022       2.4817848    0.0029796666    -0.025230343     -0.30914769
           0.13          -0.002           0.026       2.4815495     0.002000038     -0.02712792     -0.31668547
           0.13          -0.002            0.03       2.4768804    0.0022617074    -0.028985351     -0.32384277
           0.13          -0.002           0.034       2.4726971    0.0039593239    -0.030206873     -0.33117481
           0.13          -0.002           0.038       2.4536393    0.0060934635    -0.027602065     -0.33787303
           0.13          -0.002           0.042       2.3324212    0.0081216681    -0.021009477     -0.34657274
           0.13          -0.002           0.046       1.8448126     0.023966497     0.011372451      -0.3544519
           0.13          -0.002            0.05       1.2742933       0.0385706     0.026305961     -0.36858056
           0.13          -0.002           0.054      0.86243485     0.050331694     0.015113647      -0.3730205
           0.13          -0.002           0.058      0.55272396     0.056311436    0.0071888762      -0.3785988
           0.13          -0.002           0.062      0.32630333     0.049521866   -0.0029791832     -0.38150659
           0.13          -0.002           0.066      0.17333349     0.025264798     -0.01034961     -0.38309782
           0.13          -0.002            0.07     0.081688057    -0.010819618    -0.013016037     -0.38361862
           0.13          -0.002           0.074     0.033900114    -0.041817524    -0.010050357     -0.38355983
           0.13          -0.002           0.078     0.012029624    -0.050627874   -0.0044300168     -0.38344313
           0.13          -0.002           0.082     0.014547183    -0.034962693   -0.0084446953     -0.38427707
           0.13          -0.002           0.086     0.060435665    -0.026673791    -0.062967364     -0.38587635
           0.13          -0.002            0.09     0.081498198    -0.055214603     -0.10810676     -0.38569523
           0.13          -0.002           0.094      0.03081961    -0.097596378    -0.086020664     -0.38127628
           0.13          -0.002           0.098    -0.045128679     -0.10783453    -0.022961673     -0.37765351
           0.13           0.002          -0.098      0.15772244      0.12086302    0.0095289266     -0.36918404
           0.13           0.002          -0.094      0.24764187      0.18271242      0.01452446     -0.36985174
           0.13           0.002           -0.09      0.25519262      0.15405757    0.0098547943     -0.37081641
           0.13           0.002          -0.086      0.24033903      0.11478265     0.008578931     -0.37123196
           0.13           0.002          -0.082      0.20991647      0.11798237     0.011254503     -0.37185948
           0.13           0.002          -0.078      0.17941562      0.14927911     0.013570386     -0.37222533
           0.13           0.002          -0.074      0.16382941      0.18911889     0.014521629     -0.37183159
           0.13           0.002           -0.07      0.20756682      0.21633837    0.0059584086     -0.37144813
           0.13           0.002          -0.066      0.33302183      0.22308696     -0.01187326       -0.371497
           0.13           0.002          -0.062      0.52151954      0.20705074    -0.030597635      -0.3710273
           0.13           0.002          -0.058      0.76345769      0.16821038    -0.044509806      -0.3686448
           0.13           0.002          -0.054       1.0694483      0.11087158    -0.049331194     -0.36295078
           0.13           0.002           -0.05       1.4660924     0.048506036    -0.049775602     -0.35816872
           0.13           0.002          -0.046       1.9949006    0.0061892544    -0.031486253     -0.34618789
           0.13           0.002          -0.042       2.3803287    0.0019483378   -0.0062521119     -0.33955093
           0.13           0.002          -0.038       2.4619886    0.0034517733   0.00020922161     -0.33140416
           0.13           0.002          -0.034       2.4772716    0.0015078877    0.0043342534       -0.325385
           0.13           0.002           -0.03         2.48411    -0.002992802    0.0037973808     -0.31857448
           0.13           0.002          -0.026       2.4899352   -0.0093860319     0.003366881     -0.31184499
           0.13           0.002          -0.022        2.470627    -0.019921658   0.00069772434     -0.30607741
           0.13           0.002          -0.018       2.3435535    -0.054796454     0.005101629     -0.29900333
           0.13           0.002          -0.014       2.0050688    -0.076000985   0.00068337791     -0.29840562
           0.13           0.002           -0.01       1.7042824    -0.028537615    -0.021031584     -0.29911116
           0.13           0.002          -0.006       1.5446754     0.051828468    -0.052625981      -0.2934676
           0.13           0.002          -0.002        1.526313      0.11409634    -0.079164484     -0.28518792
           0.13           0.002           0.002       1.6254087      0.09930011    -0.095755639     -0.28353921
           0.13           0.002           0.006        1.807396     0.027406152    -0.081744879     -0.28636114
           0.13           0.002            0.01       2.0398185     -0.01874605    -0.056614598       -0.289609
           0.13           0.002           0.014       2.2915926   -0.0092578402    -0.034022362     -0.29530972
           0.13           0.002           0.018       2.4455447    0.0027349869    -0.026648932     -0.30255384
           0.13           0.002           0.022       2.4831222    0.0039747346     -0.02685535     -0.30939272
           0.13           0.002           0.026        2.479849    0.0020359469    -0.027758083     -0.31681317
           0.13           0.002            0.03       2.4755785    0.0016537304    -0.028769678     -0.32394898
           0.13           0.002           0.034       2.4722866    0.0022256062    -0.028831142     -0.33138959
           0.13           0.002           0.038       2.4531568    0.0026304846    -0.025765651     -0.33844528
           0.13           0.002           0.042       2.3261528    0.0021571063    -0.018964067     -0.34709126
           0.13           0.002           0.046       1.8359177    0.0053320539    0.0087976039     -0.35562672
           0.13           0.002            0.05        1.284177     0.018456579     0.022113715     -0.36801189
           0.13           0.002           0.054      0.88462068     0.031284374     0.012311636     -0.37165689
           0.13           0.002           0.058      0.58305851     0.038494496    0.0056196483     -0.37662584
           0.13           0.002           0.062      0.36132673     0.033208189   -0.0030437586     -0.37921407
           0.13           0.002           0.066      0.21078045     0.010511648    -0.007878164     -0.38048476
           0.13           0.002            0.07      0.12088545     -0.02276648   -0.0080571646     -0.38092053
           0.13           0.002           0.074     0.077278876    -0.048086628   -0.0062164518     -0.38139784
           0.13           0.002           0.078     0.062244595    -0.049592319   -0.0080733186     -0.38209581
           0.13           0.002           0.082     0.071871116    -0.025894397    -0.023180968     -0.38308627
           0.13           0.002           0.086      0.12662852   -0.0059310516     -0.07076794     -0.38427781
           0.13           0.002            0.09      0.16819536    -0.026991921     -0.10693628     -0.38384087
           0.13           0.002           0.094        0.120358     -0.07519625      -0.0861822     -0.37902902
           0.13           0.002           0.098    -0.004473787    -0.095987473    -0.022714668     -0.37548131
           0.13           0.006          -0.098      0.14232725      0.10596298     0.009312841     -0.36769058
           0.13           0.006          -0.094      0.23857439      0.17649384     0.015593026     -0.36844738
           0.13           0.006           -0.09      0.25058487      0.15429747      0.01307688     -0.36924513
           0.13           0.006          -0.086      0.22644372      0.10894507    0.0094982604     -0.36969205
           0.13           0.006          -0.082       0.1998126      0.10953156    0.0094384086     -0.37020072
           0.13           0.006          -0.078      0.17975105      0.14013842    0.0096822034     -0.37059083
           0.13           0.006          -0.074      0.18094608      0.18031648    0.0086069669     -0.37074144
           0.13           0.006           -0.07      0.23725606      0.20850675    0.0016381482     -0.37111013
           0.13           0.006          -0.066      0.36071733      0.21289796    -0.011356189     -0.37155678
           0.13           0.006          -0.062      0.54053839      0.19056924    -0.025033019     -0.37119145
           0.13           0.006          -0.058      0.77840092      0.14347268    -0.035923004     -0.36884164
           0.13           0.006          -0.054       1.0976456     0.080650683    -0.041370954     -0.36387942
           0.13           0.006           -0.05       1.5395839     0.020795922    -0.044696951     -0.35975865
           0.13           0.006          -0.046       2.1342978   -0.0038762137     -0.02361611     -0.34594633
           0.13           0.006          -0.042       2.4313314   -0.0049943264   -0.0028052871     -0.34249377
           0.13           0.006          -0.038       2.4839948   -0.0015071631  -0.00068424227     -0.33433508
           0.13           0.006          -0.034       2.4963577    -0.001320227   5.6505028e-05     -0.32839259
           0.13           0.006           -0.03       2.5043078   -0.0042633586   -0.0022789824     -0.32126649
           0.13           0.006          -0.026       2.5077149   -0.0096320248   -0.0041717259     -0.31416481
           0.13           0.006          -0.022        2.486229    -0.021096269   -0.0054741054     -0.30756109
           0.13           0.006          -0.018       2.3838756    -0.048215955   -0.0018245839     -0.30055906
           0.13           0.006          -0.014       2.0661541    -0.056333391    -0.020810517     -0.29804284
           0.13           0.006           -0.01       1.7469172    -0.012420215    -0.046155652     -0.29774793
           0.13           0.006          -0.006       1.5569252     0.053454116    -0.068653341     -0.29236463
           0.13           0.006          -0.002       1.5114899      0.10185231    -0.077775951     -0.28877664
           0.13           0.006           0.002       1.6197451     0.069418006    -0.074663158     -0.28948389
           0.13           0.006           0.006       1.8338158   -0.0076366472    -0.058287499     -0.29219131
           0.13           0.006            0.01       2.1108999    -0.046252711    -0.054397692     -0.29269052
           0.13           0.006           0.014       2.3677974     -0.02974508    -0.048151264     -0.29743965
           0.13           0.006           0.018       2.4813087   -0.0083399499     -0.03661541     -0.30427182
           0.13           0.006           0.022       2.5002717  -0.00093756864    -0.030290796      -0.3111639
           0.13           0.006           0.026       2.4923145   -0.0010470197    -0.028438654     -0.31817144
           0.13           0.006            0.03       2.4883783   -0.0012540729    -0.027708033     -0.32525881
           0.13           0.006           0.034       2.4866314   -0.0012167097    -0.027448303     -0.33253502
           0.13           0.006           0.038        2.474689   -0.0016569116    -0.025524899      -0.3392008
           0.13           0.006           0.042       2.3953854   -0.0041136698    -0.021656574     -0.34732997
           0.13           0.006           0.046       1.9933758   -0.0067016136     0.006823673     -0.35280659
           0.13           0.006            0.05       1.3805895  -0.00067761416     0.027397232     -0.36655555
           0.13           0.006           0.054      0.94762209     0.013010614       0.0168935       -0.369589
           0.13           0.006           0.058      0.62720318     0.021387433    0.0069624144      -0.3740763
           0.13           0.006           0.062       0.3940179     0.017371301   -0.0052022516     -0.37640994
           0.13           0.006           0.066      0.23785779   -0.0032015543     -0.01243827     -0.37730139
           0.13           0.006            0.07      0.15001188     -0.03064664    -0.014677505     -0.37758477
           0.13           0.006           0.074      0.11768182    -0.044864881    -0.018517991     -0.37831809
           0.13           0.006           0.078      0.11880064    -0.033589765    -0.031445677     -0.37931965
           0.13           0.006           0.082      0.14728529   -0.0037051692    -0.055452027     -0.38020357
           0.13           0.006           0.086      0.20234762     0.013860435    -0.085588081      -0.3808918
           0.13           0.006            0.09      0.23463839   -0.0045033436    -0.099213754     -0.37989096
           0.13           0.006           0.094      0.17786135    -0.055418512    -0.071436008     -0.37527798
           0.13           0.006           0.098      0.02208007    -0.091237459    -0.019613108     -0.37296756
           0.13            0.01          -0.098      0.12695598     0.095147958     0.007935955     -0.36646267
           0.13            0.01          -0.094      0.22757246       0.1703732     0.014484125     -0.36714535
           0.13            0.01           -0.09      0.23464142       0.1496751     0.012697194      -0.3679134
           0.13            0.01          -0.086      0.20423817      0.10097727    0.0089491874      -0.3683606
           0.13            0.01          -0.082      0.18510982      0.10168024    0.0087528055     -0.36867926
           0.13            0.01          -0.078      0.17723862      0.13188699    0.0095818299     -0.36898827
           0.13            0.01          -0.074      0.19250771      0.17054151    0.0094387756     -0.36929489
           0.13            0.01           -0.07      0.25515562      0.19709693    0.0045096947     -0.37010324
           0.13            0.01          -0.066      0.37500167      0.19897306   -0.0050559207     -0.37103187
           0.13            0.01          -0.062      0.55072256      0.17338663     -0.01744537     -0.37089397
           0.13            0.01          -0.058       0.7943093      0.12475732    -0.030884306     -0.36860402
           0.13            0.01          -0.054       1.1392369     0.065286139     -0.04346104     -0.36389588
           0.13            0.01           -0.05       1.6334923     0.013672329    -0.050175015     -0.35787228
           0.13            0.01          -0.046        2.238685   -0.0055705674    -0.025681001     -0.34566744
           0.13            0.01          -0.042        2.461927    -0.007327697    -0.004823091     -0.34495927
           0.13            0.01          -0.038       2.5081967   -0.0016622751   -0.0019880461     -0.33772094
           0.13            0.01          -0.034       2.5218098   0.00045286224   -0.0037601133     -0.33152975
           0.13            0.01           -0.03       2.5232796   -0.0024226888    -0.006460188     -0.32427048
           0.13            0.01          -0.026       2.4927885    -0.009491834   -0.0087453305     -0.31723351
           0.13            0.01          -0.022       2.4476276    -0.024043842   -0.0053563116     -0.31052825
           0.13            0.01          -0.018       2.4319945    -0.035933619   -0.0093007671     -0.30385662
           0.13            0.01          -0.014        2.212731    -0.033444657    -0.027591941     -0.29885177
           0.13            0.01           -0.01       1.9105906   -0.0043103125    -0.043005317     -0.29834519
           0.13            0.01          -0.006       1.6989183     0.042321424    -0.047331104     -0.29442991
           0.13            0.01          -0.002       1.6155809     0.072241532    -0.040715026     -0.29469331
           0.13            0.01           0.002       1.7139383     0.035113104    -0.022350703     -0.29675859
           0.13            0.01           0.006       1.9390442    -0.025878277   -0.0099615111     -0.29869335
           0.13            0.01            0.01       2.2042644    -0.050719063    -0.021305037     -0.29749433
           0.13            0.01           0.014       2.3822906    -0.035779494    -0.034929452     -0.30103004
           0.13            0.01           0.018       2.4605117    -0.018281902    -0.033933807     -0.30630004
           0.13            0.01           0.022       2.4915658   -0.0071273989    -0.026922765     -0.31275672
           0.13            0.01           0.026        2.502275   -0.0041573463    -0.024198738     -0.31936746
           0.13            0.01            0.03       2.5068606   -0.0024808674    -0.023253138     -0.32623772
           0.13            0.01           0.034       2.5080438   -0.0012556268    -0.023156421     -0.33327718
           0.13            0.01           0.038       2.4988673   -0.0016151726    -0.022482601     -0.33967975
           0.13            0.01           0.042       2.4350191   -0.0093060705    -0.018591253     -0.34703212
           0.13            0.01           0.046       2.1035719   -0.0087607529     0.012477258     -0.34887004
           0.13            0.01            0.05       1.4773136   -0.0061184406     0.037573075     -0.36168689
           0.13            0.01           0.054       1.0110345     0.008289894     0.027750707     -0.36621968
           0.13            0.01           0.058      0.66917814     0.015955688     0.011548806     -0.37071954
           0.13            0.01           0.062      0.42036176       0.0106954   -0.0073234138     -0.37306845
           0.13            0.01           0.066      0.25608953    -0.008748105    -0.020757528     -0.37375422
           0.13            0.01            0.07      0.17571293    -0.028181229    -0.028494712     -0.37399286
           0.13            0.01           0.074      0.16166683    -0.030019319    -0.038630851     -0.37465719
           0.13            0.01           0.078      0.17885795    -0.013047278    -0.054578619      -0.3753007
           0.13            0.01           0.082      0.21327285      0.01123881    -0.071761277      -0.3755754
           0.13            0.01           0.086      0.25250776     0.023159332    -0.083734566     -0.37553008
           0.13            0.01            0.09      0.26258415    0.0045240731    -0.081563554     -0.37432056
           0.13            0.01           0.094      0.19641416    -0.045503957    -0.055896208     -0.37083771
           0.13            0.01           0.098     0.048227842     -0.08795316    -0.017980112     -0.36945691
           0.13           0.014          -0.098      0.10963245     0.088007102    0.0072956693     -0.36553217
           0.13           0.014          -0.094      0.21382003      0.16455241     0.012828274     -0.36615447
           0.13           0.014           -0.09       0.2107593       0.1407157      0.01106113     -0.36692787
           0.13           0.014          -0.086      0.17933867     0.092186891    0.0086530796     -0.36730611
           0.13           0.014          -0.082      0.16695983     0.093105211    0.0092470691      -0.3673706
           0.13           0.014          -0.078       0.1697184      0.12203492     0.011907747     -0.36746615
           0.13           0.014          -0.074      0.19500299      0.15824132     0.014087616     -0.36784188
           0.13           0.014           -0.07      0.26044967      0.18319109     0.012526785     -0.36889292
           0.13           0.014          -0.066      0.37533516      0.18500163    0.0055674405     -0.37028304
           0.13           0.014          -0.062      0.54498035      0.16154016   -0.0070239898      -0.3707994
           0.13           0.014          -0.058      0.78229213      0.11833059    -0.024515297     -0.36926147
           0.13           0.014          -0.054       1.1084541     0.066447914    -0.043615497     -0.36504727
           0.13           0.014           -0.05       1.5309709     0.020095582    -0.058226478     -0.36029168
           0.13           0.014          -0.046        1.988204   -0.0053106949    -0.049758643     -0.35394611
           0.13           0.014          -0.042        2.318219    -0.012392595    -0.022922017     -0.34954778
           0.13           0.014          -0.038       2.4901985   -0.0035066918   -0.0075561599     -0.34326678
           0.13           0.014          -0.034       2.5309992    0.0013521578   -0.0068614285     -0.33650715
           0.13           0.014           -0.03       2.4991285   -0.0015637664   -0.0075172155     -0.32906628
           0.13           0.014          -0.026       2.4261984     -0.01451167   -0.0039499367     -0.32163224
           0.13           0.014          -0.022       2.4714203    -0.027365819   -0.0037385622     -0.31500538
           0.13           0.014          -0.018       2.4994781    -0.025226853     -0.01355305     -0.30811399
           0.13           0.014          -0.014       2.4020948    -0.016101664    -0.023354031     -0.30159352
           0.13           0.014           -0.01       2.1757128   -0.0014004194    -0.030117515     -0.29916812
           0.13           0.014          -0.006       1.9689989      0.02341372    -0.018110114     -0.29750304
           0.13           0.014          -0.002        1.838744     0.039160237   -0.0018316996     -0.30034173
           0.13           0.014           0.002       1.9346979    0.0047206751     0.019853235      -0.2997654
           0.13           0.014           0.006        2.155093    -0.028433045     0.024674842     -0.30100387
           0.13           0.014            0.01       2.3725284    -0.034176374    0.0061873388     -0.30142747
           0.13           0.014           0.014       2.4597138    -0.025946621    -0.011927832     -0.30513817
           0.13           0.014           0.018         2.44557    -0.023155206    -0.021298533     -0.31014752
           0.13           0.014           0.022         2.42529    -0.014763168    -0.018974361     -0.31614765
           0.13           0.014           0.026       2.4482273   -0.0076352337    -0.013046685     -0.32235087
           0.13           0.014            0.03       2.4871279    -0.004894105   -0.0099427813     -0.32919129
           0.13           0.014           0.034       2.5120997   -0.0033486141    -0.010508046     -0.33637621
           0.13           0.014           0.038        2.487113   -0.0059016587    -0.010873294     -0.34327383
           0.13           0.014           0.042       2.2619244    -0.014412495    0.0050321027     -0.34917488
           0.13           0.014           0.046       1.8089317   -0.0077551525     0.032889929     -0.35670858
           0.13           0.014            0.05       1.3559039    -0.001649967     0.037256803     -0.36179502
           0.13           0.014           0.054       0.9684175     0.012869733     0.024901995     -0.36522388
           0.13           0.014           0.058      0.65650765      0.02118978    0.0060929776     -0.36851184
           0.13           0.014           0.062      0.41652004     0.014579532    -0.015963641     -0.37006184
           0.13           0.014           0.066      0.26052297   -0.0037823221    -0.033005679      -0.3703533
           0.13           0.014            0.07       0.1994993    -0.016244947    -0.042203138     -0.37056113
           0.13           0.014           0.074      0.20045623    -0.012357318    -0.049166113     -0.37089942
           0.13           0.014           0.078       0.2195823    0.0033340453    -0.056168499     -0.37091259
           0.13           0.014           0.082      0.24395897     0.021490471    -0.061878927     -0.37058938
           0.13           0.014           0.086      0.26398935     0.028447135    -0.063720251     -0.37027334
           0.13           0.014            0.09      0.25807464    0.0092774289    -0.059087855     -0.36945731
           0.13           0.014           0.094      0.19550067    -0.036559418    -0.044216833     -0.36696506
           0.13           0.014           0.098     0.062849206    -0.072292141    -0.020079055     -0.36538274
           0.13           0.018          -0.098     0.087673037     0.080979711     0.008209973     -0.36483936
           0.13           0.018          -0.094      0.19239606      0.15642899     0.012686151     -0.36548805
           0.13           0.018           -0.09      0.18455638      0.12961162     0.011690418     -0.36615129
           0.13           0.018          -0.086      0.15446954     0.084335378     0.010630043     -0.36640943
           0.13           0.018          -0.082      0.14501851     0.084223332     0.011189249     -0.36627228
           0.13           0.018          -0.078      0.15534726      0.10982131     0.015533935     -0.36609926
           0.13           0.018          -0.074      0.18745711      0.14296959     0.021007416     -0.36634847
           0.13           0.018           -0.07      0.25216567      0.16708932     0.023790386      -0.3675388
           0.13           0.018          -0.066       0.3580952      0.17142787     0.020726711     -0.36949386
           0.13           0.018          -0.062      0.51074839      0.15364626     0.010457058     -0.37120182
           0.13           0.018          -0.058      0.71375042      0.11744433   -0.0063787932     -0.37158213
           0.13           0.018          -0.054      0.96107244     0.070317765    -0.026029738     -0.37024384
           0.13           0.018           -0.05       1.2318234     0.023453264    -0.044520185     -0.36895715
           0.13           0.018          -0.046        1.521897   -0.0050486981    -0.053569984     -0.36608824
           0.13           0.018          -0.042       1.8449604    -0.012622886    -0.047497337     -0.36016665
           0.13           0.018          -0.038       2.2036706   -0.0026438778    -0.021885776     -0.34835234
           0.13           0.018          -0.034       2.4157128    0.0031393174  -0.00034603576     -0.34035578
           0.13           0.018           -0.03       2.4184872   -0.0065209202     0.003119902     -0.33263927
           0.13           0.018          -0.026       2.4808396    -0.020378401    0.0047635213     -0.32557504
           0.13           0.018          -0.022       2.5176871    -0.021386228   0.00043880235     -0.31929364
           0.13           0.018          -0.018       2.5147753    -0.016872269   -0.0070939603      -0.3129898
           0.13           0.018          -0.014        2.486952   -0.0073561987    -0.012290763     -0.30707429
           0.13           0.018           -0.01        2.419842  -0.00035418623    -0.016348349     -0.30281626
           0.13           0.018          -0.006       2.3162722      0.01065116   -0.0031020172     -0.29980689
           0.13           0.018          -0.002       2.1425488       0.0175643     0.011363189     -0.30239119
           0.13           0.018           0.002       2.2769641   -0.0061914706     0.028392677     -0.29955822
           0.13           0.018           0.006        2.415065    -0.014332295     0.028604994     -0.30248705
           0.13           0.018            0.01       2.4869828    -0.015094391    0.0094568922     -0.30520992
           0.13           0.018           0.014        2.511877    -0.013672957   5.6651522e-05     -0.30960602
           0.13           0.018           0.018       2.5125041    -0.019511545   -0.0084869288     -0.31419299
           0.13           0.018           0.022       2.4785767    -0.022508854    -0.012019066     -0.31944637
           0.13           0.018           0.026       2.4124146    -0.017356263    -0.014205132     -0.32484839
           0.13           0.018            0.03       2.4025081   -0.0063253767    -0.013785588     -0.33091083
           0.13           0.018           0.034       2.4263495    0.0011803549   -0.0084651662     -0.33841346
           0.13           0.018           0.038       2.2879722   -0.0030781741    0.0098383192     -0.34458825
           0.13           0.018           0.042        1.861792    -0.011074558     0.034948344     -0.35491063
           0.13           0.018           0.046       1.4638509    -0.012766367     0.037584307     -0.35909129
           0.13           0.018            0.05       1.1236791   -0.0011783953     0.027840189     -0.36320801
           0.13           0.018           0.054      0.83250466     0.017315758      0.01008914     -0.36545341
           0.13           0.018           0.058      0.58212359     0.028136636     -0.01015286     -0.36698342
           0.13           0.018           0.062      0.37693883     0.022163916    -0.030566088     -0.36764355
           0.13           0.018           0.066      0.24930356    0.0055783628    -0.044774281     -0.36752242
           0.13           0.018            0.07      0.20884515   -0.0040929359    -0.047446472      -0.3675901
           0.13           0.018           0.074      0.21320943   -5.106876e-05    -0.045868409     -0.36758877
           0.13           0.018           0.078      0.22583516     0.013473328    -0.042749461     -0.36728313
           0.13           0.018           0.082      0.23907091     0.028728979    -0.039148269     -0.36667615
           0.13           0.018           0.086      0.24775825      0.03459485    -0.035894124     -0.36596126
           0.13           0.018            0.09      0.23650741     0.020080308    -0.034339561     -0.36515493
           0.13           0.018           0.094      0.18399847        -0.01626    -0.033164149     -0.36332763
           0.13           0.018           0.098     0.055350373    -0.045713464    -0.021520529     -0.36148373
           0.13           0.022          -0.098     0.061163823     0.071817558    0.0093636209     -0.36437928
           0.13           0.022          -0.094      0.15966756      0.14308737     0.014385675     -0.36494959
           0.13           0.022           -0.09      0.15683777      0.11776198     0.015573971     -0.36541794
           0.13           0.022          -0.086      0.12728243     0.077872944     0.013385754     -0.36559123
           0.13           0.022          -0.082      0.11776829     0.075589088     0.013201622      -0.3653772
           0.13           0.022          -0.078      0.13250101     0.095543639     0.018861597     -0.36494644
           0.13           0.022          -0.074      0.16834243       0.1244045     0.027920594     -0.36491845
           0.13           0.022           -0.07      0.22975035      0.14802492     0.035977387     -0.36599735
           0.13           0.022          -0.066       0.3222728      0.15575536     0.038738356     -0.36826469
           0.13           0.022          -0.062      0.44788578      0.14381066     0.033962939     -0.37095371
           0.13           0.022          -0.058      0.60064335      0.11258122     0.021601821      -0.3730008
           0.13           0.022          -0.054      0.76455016     0.065509787    0.0030093172     -0.37380393
           0.13           0.022           -0.05      0.93827357     0.014194321    -0.020721444     -0.37363397
           0.13           0.022          -0.046        1.157103    -0.019727666    -0.042221366     -0.37078686
           0.13           0.022          -0.042       1.4346118    -0.029256901     -0.05227532      -0.3651668
           0.13           0.022          -0.038       1.7693513     -0.02003197     -0.05080145     -0.35891273
           0.13           0.022          -0.034        2.188971    -0.017237006    -0.024003746     -0.34595462
           0.13           0.022           -0.03       2.4748885    -0.013435632   -0.0011336214     -0.33915106
           0.13           0.022          -0.026       2.5284759    -0.017842549    0.0010922522     -0.33097754
           0.13           0.022          -0.022       2.5195907    -0.018290873    0.0009536269     -0.32493334
           0.13           0.022          -0.018       2.5048796    -0.015251458   -0.0016805812     -0.31880661
           0.13           0.022          -0.014       2.4968008   -0.0076816396   -0.0036532471     -0.31390294
           0.13           0.022           -0.01         2.49584   -0.0032231876   -0.0035408182     -0.30980997
           0.13           0.022          -0.006        2.488999    0.0098934919   0.00072678192     -0.30742461
           0.13           0.022          -0.002       2.3228487    0.0078834784    0.0058826488     -0.30688926
           0.13           0.022           0.002       2.5053337   -0.0076192229     0.010484464     -0.30680526
           0.13           0.022           0.006       2.5142886    -0.004936047     0.012772352      -0.3094088
           0.13           0.022            0.01       2.5058696   -0.0082653056    0.0028299998     -0.31149373
           0.13           0.022           0.014       2.5015128    -0.010441514   0.00031936684     -0.31520034
           0.13           0.022           0.018        2.505547    -0.013576175   -0.0051183645     -0.31931724
           0.13           0.022           0.022       2.5166325    -0.014449297   -0.0089043739     -0.32433845
           0.13           0.022           0.026       2.5320021     -0.01572105    -0.012154252     -0.32934008
           0.13           0.022            0.03        2.537905    -0.020205447   -0.0071129445     -0.33460782
           0.13           0.022           0.034        2.411022    -0.026590579     0.004120654     -0.34087373
           0.13           0.022           0.038       2.0111563    -0.027515982     0.031081175     -0.34887484
           0.13           0.022           0.042       1.5522076    -0.024784198     0.043165154     -0.35833956
           0.13           0.022           0.046       1.1933769    -0.019633897     0.031629032     -0.36201659
           0.13           0.022            0.05      0.90399579   -0.0035290723     0.013067322     -0.36527444
           0.13           0.022           0.054      0.67153531     0.018854422    -0.010101539     -0.36610749
           0.13           0.022           0.058      0.47645698     0.032998079    -0.030558637      -0.3662396
           0.13           0.022           0.062      0.31525871     0.028653258    -0.045508156     -0.36604852
           0.13           0.022           0.066      0.21791422     0.012975894     -0.05165574     -0.36560861
           0.13           0.022            0.07       0.1880364    0.0022853968    -0.048730769     -0.36551574
           0.13           0.022           0.074       0.1891595    0.0038602268    -0.043437409     -0.36542409
           0.13           0.022           0.078      0.19800921      0.01555841    -0.036736931     -0.36499921
           0.13           0.022           0.082      0.20716986     0.030659448    -0.029044144       -0.364098
           0.13           0.022           0.086      0.21052765     0.039273449    -0.023479537     -0.36294116
           0.13           0.022            0.09      0.20074027     0.032118148    -0.024903571     -0.36196783
           0.13           0.022           0.094      0.15396635    0.0077030895    -0.031561294     -0.36083872
           0.13           0.022           0.098     0.020814794    -0.021006915    -0.016040056     -0.35929988
           0.13           0.026          -0.098     0.031346927     0.060418514    0.0092333648      -0.3641427
           0.13           0.026          -0.094      0.12099922      0.12647171     0.016665188     -0.36453948
           0.13           0.026           -0.09      0.12472442      0.10584992     0.019333387     -0.36474554
           0.13           0.026          -0.086     0.093925171     0.072190957     0.014484657     -0.36492022
           0.13           0.026          -0.082     0.083244704     0.066755794     0.014962049     -0.36469844
           0.13           0.026          -0.078     0.099537718     0.080006993     0.021915734      -0.3640487
           0.13           0.026          -0.074      0.13627678      0.10321689         0.03391     -0.36380999
           0.13           0.026           -0.07       0.1923881      0.12521067     0.047043174     -0.36471865
           0.13           0.026          -0.066      0.26952294      0.13595417     0.056449214     -0.36691754
           0.13           0.026          -0.062      0.36580266      0.12930838     0.059057204     -0.37004442
           0.13           0.026          -0.058      0.47273388      0.10299089     0.052875536     -0.37319626
           0.13           0.026          -0.054      0.58227188     0.058701717     0.035524756     -0.37541474
           0.13           0.026           -0.05      0.71666037    0.0084120009    0.0062210927     -0.37587235
           0.13           0.026          -0.046      0.92087602    -0.028017604    -0.026438651     -0.37342058
           0.13           0.026          -0.042       1.2159059    -0.044466781    -0.049053554     -0.36738995
           0.13           0.026          -0.038       1.6157546    -0.046361555    -0.058768682     -0.36046612
           0.13           0.026          -0.034       2.1571397    -0.041533525    -0.035666279     -0.34523409
           0.13           0.026           -0.03       2.4827522    -0.025576203   -0.0045682732     -0.34057463
           0.13           0.026          -0.026       2.5187188    -0.022206393    0.0014006957     -0.33435968
           0.13           0.026          -0.022       2.5061104    -0.020194532    0.0037459711     -0.32967962
           0.13           0.026          -0.018       2.4940568    -0.016729838    0.0033056529     -0.32420261
           0.13           0.026          -0.014       2.4928678   -0.0099600987    0.0017466181      -0.3204829
           0.13           0.026           -0.01       2.5037028   -0.0061987916    0.0034368487     -0.31617715
           0.13           0.026          -0.006       2.5149711    0.0061525241    0.0017326804     -0.31509205
           0.13           0.026          -0.002       2.3810542  -7.0294899e-06     0.011432754     -0.31276739
           0.13           0.026           0.002       2.5301928   -0.0091025965    0.0014258489     -0.31412822
           0.13           0.026           0.006       2.5262658   -0.0070711382    0.0030163492     -0.31497273
           0.13           0.026            0.01        2.504693   -0.0074335249   -0.0026649176     -0.31713752
           0.13           0.026           0.014        2.492533    -0.010645584   -0.0046629338     -0.32028684
           0.13           0.026           0.018       2.4924236    -0.014359915   -0.0085139751      -0.3237469
           0.13           0.026           0.022       2.5012946    -0.016783575   -0.0094150046     -0.32807576
           0.13           0.026           0.026       2.5152093    -0.017921814   -0.0096788473     -0.33262326
           0.13           0.026            0.03       2.5101595    -0.018811003   -0.0073532013     -0.33733096
           0.13           0.026           0.034       2.3537411    -0.027067175    0.0012939113     -0.34208191
           0.13           0.026           0.038       1.8451724    -0.027012986     0.033784675     -0.35441596
           0.13           0.026           0.042       1.3612397    -0.029922518     0.038165221      -0.3616035
           0.13           0.026           0.046      0.99858066    -0.022097396     0.020976208     -0.36489777
           0.13           0.026            0.05      0.72567241   -0.0034069559    -0.003665527     -0.36714277
           0.13           0.026           0.054      0.52171933     0.020697829    -0.030381569     -0.36701453
           0.13           0.026           0.058      0.36316006     0.035759364    -0.049586769     -0.36606751
           0.13           0.026           0.062      0.23831987     0.033112867    -0.057021384     -0.36506099
           0.13           0.026           0.066      0.16074633     0.019786866    -0.054757129     -0.36439456
           0.13           0.026            0.07      0.13179944    0.0098405886    -0.051478984     -0.36426583
           0.13           0.026           0.074      0.13517621    0.0096044239    -0.053851505     -0.36412328
           0.13           0.026           0.078      0.15093497      0.01834219    -0.053783023     -0.36359618
           0.13           0.026           0.082      0.16299875     0.032490256    -0.045937698     -0.36248512
           0.13           0.026           0.086      0.16796168     0.044390979    -0.037046777     -0.36104567
           0.13           0.026            0.09      0.16205016     0.046834618     -0.03513864     -0.36007874
           0.13           0.026           0.094      0.11048419     0.032604154    -0.036131211     -0.35990613
           0.13           0.026           0.098     -0.02454236   -0.0055959671    0.0062371726     -0.35892574
           0.13            0.03          -0.098    0.0036958932     0.047408102    0.0079620224     -0.36412677
           0.13            0.03          -0.094      0.08145811      0.11014048      0.01782519     -0.36430286
           0.13            0.03           -0.09     0.086131464     0.093942021     0.019412501     -0.36420947
           0.13            0.03          -0.086     0.052441673     0.066242008     0.016760681     -0.36438771
           0.13            0.03          -0.082     0.039290398     0.057923897      0.01994639     -0.36412048
           0.13            0.03          -0.078     0.052950059      0.06506382     0.027727941     -0.36334803
           0.13            0.03          -0.074     0.088123991     0.082226665     0.041179339     -0.36301008
           0.13            0.03           -0.07      0.13897358      0.10093639     0.057425602     -0.36388431
           0.13            0.03          -0.066      0.20171549      0.11217881     0.072154568     -0.36612831
           0.13            0.03          -0.062      0.27268654      0.10972457     0.081516986     -0.36934809
           0.13            0.03          -0.058      0.34685175     0.090179297      0.08168153     -0.37299519
           0.13            0.03          -0.054      0.42652964     0.054125733     0.067644288     -0.37607172
           0.13            0.03           -0.05      0.54238869     0.011185515     0.037543652     -0.37728177
           0.13            0.03          -0.046      0.73728756    -0.022937041   0.00032579202     -0.37587539
           0.13            0.03          -0.042       1.0324659    -0.040712859    -0.029147656     -0.37141153
           0.13            0.03          -0.038       1.4364797    -0.044803878    -0.047322413     -0.36642469
           0.13            0.03          -0.034       1.9566791    -0.036190938    -0.031653335     -0.35092361
           0.13            0.03           -0.03       2.3422784    -0.030017305   0.00048571617     -0.34288821
           0.13            0.03          -0.026       2.4643073    -0.025361912    0.0082803025     -0.33927257
           0.13            0.03          -0.022       2.4855532     -0.02240451    0.0094420086     -0.33510519
           0.13            0.03          -0.018       2.4863018    -0.018668705    0.0091428235     -0.33003221
           0.13            0.03          -0.014       2.4909245    -0.012435098    0.0068511988     -0.32717953
           0.13            0.03           -0.01       2.5050161    -0.008714053       0.0101296     -0.32259123
           0.13            0.03          -0.006       2.5210678    0.0021303795    0.0059331636      -0.3229972
           0.13            0.03          -0.002       2.4395667   -0.0039258909     0.020102842     -0.31899441
           0.13            0.03           0.002        2.469759   6.3647604e-05  -0.00049620357     -0.32188413
           0.13            0.03           0.006       2.5215274   -0.0052485711   -0.0040198187      -0.3212818
           0.13            0.03            0.01       2.5050796   -0.0062478226   -0.0075379487      -0.3236504
           0.13            0.03           0.014       2.4898095    -0.010342306   -0.0093788484     -0.32605267
           0.13            0.03           0.018       2.4840519    -0.014214538    -0.012372139     -0.32916936
           0.13            0.03           0.022       2.4813058    -0.017078198    -0.013253584     -0.33319356
           0.13            0.03           0.026       2.4646304    -0.018378747    -0.013296103      -0.3371073
           0.13            0.03            0.03       2.3655143    -0.018125247    -0.007280348     -0.33949101
           0.13            0.03           0.034       2.0373532    -0.018635831     0.015691627     -0.34657651
           0.13            0.03           0.038       1.5615772    -0.023031585     0.033622156     -0.35870671
           0.13            0.03           0.042       1.1421454     -0.02720728     0.026268962     -0.36453098
           0.13            0.03           0.046      0.81111569    -0.017953228    0.0040485152     -0.36778203
           0.13            0.03            0.05      0.56148217       0.0016069     -0.02517436     -0.36910535
           0.13            0.03           0.054      0.37924604     0.024688844    -0.053365808     -0.36827786
           0.13            0.03           0.058      0.24403546     0.037806563    -0.069972336     -0.36642875
           0.13            0.03           0.062      0.14268337     0.036100144    -0.071717206      -0.3645885
           0.13            0.03           0.066      0.07754792     0.027101512    -0.065065607     -0.36379936
           0.13            0.03            0.07     0.051558932     0.020879726    -0.062230474     -0.36397581
           0.13            0.03           0.074     0.061198708     0.019418768    -0.067850626     -0.36387314
           0.13            0.03           0.078     0.086095965     0.024410671     -0.07486163     -0.36286329
           0.13            0.03           0.082      0.10903137     0.036603463    -0.073744463     -0.36099562
           0.13            0.03           0.086      0.12200821     0.052458326    -0.064537966     -0.35901173
           0.13            0.03            0.09      0.11186181     0.061925748    -0.053528639     -0.35849943
           0.13            0.03           0.094     0.047583441     0.047811257    -0.031998998     -0.35953167
           0.13            0.03           0.098    -0.059433825      0.00615242     0.026857334     -0.35960062
           0.13           0.034          -0.098    -0.023418065     0.034018865    0.0028656033     -0.36418858
           0.13           0.034          -0.094     0.042812094      0.09398727     0.015772455      -0.3641287
           0.13           0.034           -0.09     0.038640238     0.080592392     0.018677418     -0.36371523
           0.13           0.034          -0.086  -0.00085008037     0.058383192     0.025199985     -0.36384429
           0.13           0.034          -0.082    -0.017206592     0.049684616     0.032207613     -0.36363237
           0.13           0.034          -0.078   -0.0086260902     0.052624728     0.040750583     -0.36305884
           0.13           0.034          -0.074     0.020605573     0.063526517     0.053364095     -0.36277813
           0.13           0.034           -0.07     0.065947695     0.077741467     0.069819034     -0.36353905
           0.13           0.034          -0.066      0.11950971     0.087901263     0.086924682     -0.36576383
           0.13           0.034          -0.062      0.17434706      0.08775117     0.099982895     -0.36909481
           0.13           0.034          -0.058      0.22807251      0.07479981      0.10455012     -0.37288077
           0.13           0.034          -0.054      0.29041325     0.049500345     0.095463658     -0.37616036
           0.13           0.034           -0.05       0.3890158     0.016948786     0.069719688     -0.37777957
           0.13           0.034          -0.046      0.56030833    -0.012114545     0.033632049     -0.37711889
           0.13           0.034          -0.042      0.82116476    -0.028795338    0.0011431313     -0.37422581
           0.13           0.034          -0.038       1.1673588    -0.031518639    -0.021338734     -0.37052634
           0.13           0.034          -0.034       1.5762522    -0.018054595    -0.021270008     -0.36107875
           0.13           0.034           -0.03       1.9521653    -0.011195092   -0.0038607808     -0.35176806
           0.13           0.034          -0.026       2.2407456    -0.012869731    0.0098503987     -0.34444805
           0.13           0.034          -0.022       2.4115084    -0.018705199     0.014746474     -0.34091965
           0.13           0.034          -0.018       2.4676989    -0.017688163     0.014238708     -0.33558978
           0.13           0.034          -0.014       2.4887361    -0.013881318     0.010345195     -0.33375985
           0.13           0.034           -0.01       2.5082843     -0.01141911     0.014321569     -0.32902504
           0.13           0.034          -0.006       2.5308237   -0.0028658773    0.0093204925     -0.33045843
           0.13           0.034          -0.002       2.5048501   -0.0048340078     0.024029711     -0.32560027
           0.13           0.034           0.002       2.4115404     0.012291654   -0.0018582682     -0.32876365
           0.13           0.034           0.006        2.521975   -0.0034726781   -0.0069476309     -0.32726259
           0.13           0.034            0.01       2.5100485   -0.0057734059    -0.010327775     -0.32964633
           0.13           0.034           0.014       2.4898405    -0.010378724    -0.012769238     -0.33139367
           0.13           0.034           0.018       2.4688631    -0.013704124    -0.016537553     -0.33389081
           0.13           0.034           0.022       2.4172578    -0.014886152    -0.018298602      -0.3378127
           0.13           0.034           0.026       2.2652126   -0.0078488044    -0.015307208     -0.34028327
           0.13           0.034            0.03       1.9937228   -0.0015530778   -0.0018804375     -0.34577229
           0.13           0.034           0.034       1.6311349   -0.0048240323     0.014865453     -0.35547347
           0.13           0.034           0.038       1.2437517    -0.016058803     0.018519717     -0.36335725
           0.13           0.034           0.042       0.8958432    -0.018961569    0.0038145512     -0.36822022
           0.13           0.034           0.046      0.61241152    -0.008939352    -0.023376689     -0.37056739
           0.13           0.034            0.05      0.39514231     0.010950005    -0.055978563     -0.37099093
           0.13           0.034           0.054      0.23541143     0.031949564    -0.084654708     -0.36942925
           0.13           0.034           0.058      0.11802978     0.043614623     -0.10050716      -0.3667917
           0.13           0.034           0.062     0.033787885     0.044409004     -0.10413789     -0.36428078
           0.13           0.034           0.066    -0.019985968     0.039318618     -0.10571555     -0.36340353
           0.13           0.034            0.07    -0.038995598     0.034830748     -0.10911941     -0.36360741
           0.13           0.034           0.074    -0.030020809     0.033631127     -0.11058572     -0.36333032
           0.13           0.034           0.078   -0.0043618454     0.037390962     -0.10458101     -0.36175826
           0.13           0.034           0.082     0.022952344     0.045934436    -0.090403788      -0.3592758
           0.13           0.034           0.086     0.035636521     0.056207955    -0.066450384     -0.35730298
           0.13           0.034            0.09     0.017417751     0.059107125      -0.0327564     -0.35769096
           0.13           0.034           0.094    -0.046210852     0.045642298     0.014032761       -0.359281
           0.13           0.034           0.098    -0.088423234     0.030677983     0.030892964     -0.35997964
           0.13           0.038          -0.098    -0.046729789     0.026958348   -0.0081369664     -0.36416932
           0.13           0.038          -0.094    0.0019652504     0.074293058     0.008931395     -0.36385203
           0.13           0.038           -0.09    -0.032182055     0.062888985     0.022649555     -0.36324213
           0.13           0.038          -0.086    -0.072226762     0.047599373     0.038902254     -0.36332238
           0.13           0.038          -0.082    -0.084692703     0.041191432     0.049467425     -0.36341037
           0.13           0.038          -0.078    -0.077197767     0.042232078     0.058734726     -0.36349923
           0.13           0.038          -0.074    -0.054678705     0.048342685     0.069673738     -0.36363986
           0.13           0.038           -0.07    -0.019015981     0.057128334      0.08358152     -0.36438324
           0.13           0.038          -0.066       0.0258463     0.064656231     0.099441285     -0.36626619
           0.13           0.038          -0.062     0.073416211     0.066228308      0.11329221     -0.36932189
           0.13           0.038          -0.058      0.11897635     0.058821317      0.12024175     -0.37300026
           0.13           0.038          -0.054      0.17065021     0.042737995      0.11607038     -0.37636202
           0.13           0.038           -0.05      0.25073872     0.020865799     0.097693845     -0.37828849
           0.13           0.038          -0.046      0.38872179   -0.0014715843     0.067232227       -0.378206
           0.13           0.038          -0.042      0.60009789    -0.016524381     0.034967202     -0.37638837
           0.13           0.038          -0.038      0.87629115    -0.019912216     0.009025846     -0.37380745
           0.13           0.038          -0.034        1.192373   -0.0094900594   -0.0016466546     -0.36771761
           0.13           0.038           -0.03       1.5032619    0.0014179176  -0.00039165218      -0.3621712
           0.13           0.038          -0.026       1.8092819     0.005542273    0.0027062295     -0.35560189
           0.13           0.038          -0.022       2.1343015   -0.0012041316     0.012563633     -0.34720397
           0.13           0.038          -0.018        2.369644    -0.011187262     0.019985604     -0.34154747
           0.13           0.038          -0.014        2.460487    -0.012273786     0.012805598     -0.33997228
           0.13           0.038           -0.01       2.5037041    -0.012997102     0.016081969     -0.33486596
           0.13           0.038          -0.006       2.5338201   -0.0054567316    0.0082085918       -0.336703
           0.13           0.038          -0.002       2.5251236   0.00030458715     0.022931765     -0.33202566
           0.13           0.038           0.002       2.3217116     0.024851698   -0.0060023694     -0.33581665
           0.13           0.038           0.006       2.5228282    0.0011817283    -0.010445147     -0.33263417
           0.13           0.038            0.01       2.5117547   -0.0021836896    -0.012568972     -0.33491243
           0.13           0.038           0.014       2.4710766   -0.0065259473    -0.016612707     -0.33667692
           0.13           0.038           0.018       2.3860241   -0.0061244958    -0.023286382      -0.3393849
           0.13           0.038           0.022       2.1618975    0.0040858684    -0.019737981     -0.34347497
           0.13           0.038           0.026       1.8442775     0.013661063    -0.010733453     -0.35180308
           0.13           0.038            0.03        1.541916     0.012669996   -0.0060303587     -0.35752644
           0.13           0.038           0.034       1.2341535    0.0017021791   -0.0022239781     -0.36339109
           0.13           0.038           0.038      0.92527296   -0.0091019642   -0.0080387074     -0.36889767
           0.13           0.038           0.042      0.64562514   -0.0098099604    -0.029045788     -0.37188792
           0.13           0.038           0.046        0.413653    0.0023811566    -0.059961054     -0.37318284
           0.13           0.038            0.05      0.23392625     0.022192181    -0.093248545     -0.37279222
           0.13           0.038           0.054      0.10155041     0.040196297     -0.11915696     -0.37081869
           0.13           0.038           0.058    0.0074594473     0.049171458     -0.13207598     -0.36812078
           0.13           0.038           0.062     -0.05791783     0.049426059       -0.135906     -0.36599994
           0.13           0.038           0.066    -0.099439166     0.044682651     -0.13669451     -0.36531291
           0.13           0.038            0.07     -0.12281433     0.041280419     -0.13602519     -0.36495916
           0.13           0.038           0.074     -0.13545429     0.042149588     -0.13179318     -0.36425303
           0.13           0.038           0.078     -0.13942576     0.048145792     -0.11963676     -0.36269405
           0.13           0.038           0.082     -0.13591138     0.056871417    -0.095244083     -0.36023947
           0.13           0.038           0.086     -0.13167209     0.063616381    -0.058117044     -0.35813933
           0.13           0.038            0.09     -0.13606015     0.063873593    -0.015284654     -0.35823807
           0.13           0.038           0.094     -0.14650866     0.057099241     0.018769316     -0.36013502
           0.13           0.038           0.098      -0.1049823     0.043955494     0.025544377     -0.36074303
           0.13           0.042          -0.098    -0.078997185     0.030089869    -0.013515615      -0.3640117
           0.13           0.042          -0.094    -0.083616808     0.054852601    0.0089253663     -0.36354255
           0.13           0.042           -0.09     -0.12907856     0.047251721     0.033322758     -0.36307112
           0.13           0.042          -0.086      -0.1519036     0.037001159     0.051499595     -0.36310315
           0.13           0.042          -0.082     -0.15269218     0.032183294     0.063523386     -0.36348447
           0.13           0.042          -0.078     -0.14080882     0.032149705     0.073224254     -0.36422057
           0.13           0.042          -0.074     -0.12050967     0.035147303     0.082968906     -0.36513347
           0.13           0.042           -0.07    -0.092916628      0.03983593     0.094124477     -0.36625826
           0.13           0.042          -0.066    -0.058501044     0.044081332      0.10689392     -0.36795134
           0.13           0.042          -0.062    -0.018930146     0.045385753      0.11899977     -0.37052417
           0.13           0.042          -0.058     0.022886858     0.042061404      0.12725791     -0.37362625
           0.13           0.042          -0.054      0.06899836     0.033432133      0.12683684     -0.37680083
           0.13           0.042           -0.05      0.13296272     0.020095288      0.11641612     -0.37889983
           0.13           0.042          -0.046      0.23721721    0.0046230877     0.094532382     -0.37933221
           0.13           0.042          -0.042      0.39846428   -0.0078818568     0.066266675     -0.37819886
           0.13           0.042          -0.038      0.61299549    -0.012892552     0.039304587     -0.37618039
           0.13           0.042          -0.034      0.86252535   -0.0073932174     0.021509457     -0.37221985
           0.13           0.042           -0.03        1.123384    0.0015398888     0.013629554     -0.36798423
           0.13           0.042          -0.026       1.3967379     0.010640608     0.011026479     -0.36291822
           0.13           0.042          -0.022       1.6970403     0.018077055     0.011286214     -0.35833641
           0.13           0.042          -0.018       2.0228491     0.015349553     0.020201213     -0.34885059
           0.13           0.042          -0.014        2.285554     0.003231257      0.02149274     -0.34463785
           0.13           0.042           -0.01       2.4369147   -0.0088538118     0.020194794     -0.34138561
           0.13           0.042          -0.006        2.497569   -0.0070821148     0.004610849     -0.34425752
           0.13           0.042          -0.002       2.4718512    0.0038651801       0.0146378     -0.34033841
           0.13           0.042           0.002       2.1263921     0.035928502     -0.01175529     -0.34277189
           0.13           0.042           0.006       2.4883565   0.00093718107     -0.01990735     -0.34070412
           0.13           0.042            0.01       2.4651698    0.0015674789    -0.021192522     -0.34104607
           0.13           0.042           0.014       2.3279446    0.0084446398    -0.029375869     -0.34151781
           0.13           0.042           0.018       2.0717312     0.021339492    -0.028685466     -0.34561212
           0.13           0.042           0.022       1.7375015     0.026892346    -0.020850158     -0.35458413
           0.13           0.042           0.026       1.4320298      0.02083224    -0.019846879     -0.35920447
           0.13           0.042            0.03       1.1553582     0.011819198    -0.020032238     -0.36391669
           0.13           0.042           0.034      0.89242321   0.00089698224    -0.024091097     -0.36863218
           0.13           0.042           0.038      0.64232106   -0.0057860772    -0.038719353     -0.37238052
           0.13           0.042           0.042      0.41998528   -0.0017037639    -0.064844934     -0.37456212
           0.13           0.042           0.046      0.23722564     0.012303533    -0.096603877     -0.37526109
           0.13           0.042            0.05     0.097900115     0.029374751     -0.12513206     -0.37449711
           0.13           0.042           0.054   -0.0015109367     0.041440013     -0.14262844     -0.37253012
           0.13           0.042           0.058    -0.069888517     0.045032865     -0.14839667     -0.37019464
           0.13           0.042           0.062     -0.11799862     0.042482967     -0.14784524     -0.36851358
           0.13           0.042           0.066     -0.15256407     0.038017457     -0.14474006     -0.36756071
           0.13           0.042            0.07     -0.17945837     0.034400912     -0.14051746     -0.36655399
           0.13           0.042           0.074     -0.20223231     0.033758788     -0.13352571     -0.36543139
           0.13           0.042           0.078     -0.22166369     0.037048396     -0.12182984     -0.36397548
           0.13           0.042           0.082     -0.23694279     0.043560478     -0.10320662     -0.36220839
           0.13           0.042           0.086     -0.24666976     0.050775855     -0.07622757     -0.36063103
           0.13           0.042            0.09     -0.24629998     0.054117334    -0.043613163     -0.36016516
           0.13           0.042           0.094     -0.21779137     0.049532507    -0.015267613     -0.36122299
           0.13           0.042           0.098     -0.11546207     0.038117649    0.0053179182     -0.36155856
           0.13           0.046          -0.098     -0.12490833     0.035507812   -0.0031778732     -0.36381506
           0.13           0.046          -0.094     -0.19158107     0.043712214     0.020726235     -0.36349341
           0.13           0.046           -0.09     -0.21981947     0.034644429     0.043303504     -0.36313269
           0.13           0.046          -0.086     -0.22267347     0.025787243     0.059186373     -0.36316549
           0.13           0.046          -0.082     -0.21276098     0.021482236     0.070881958     -0.36374924
           0.13           0.046          -0.078     -0.19601102       0.0207622     0.080587479     -0.36480416
           0.13           0.046          -0.074     -0.17480407     0.022284723     0.089719009     -0.36624724
           0.13           0.046           -0.07     -0.14989867     0.024797117     0.099173247     -0.36789347
           0.13           0.046          -0.066     -0.12129261     0.027040704      0.10916435     -0.36978806
           0.13           0.046          -0.062    -0.088897015     0.027829483      0.11883507     -0.37209649
           0.13           0.046          -0.058    -0.052806087     0.026062259      0.12632136     -0.37475947
           0.13           0.046          -0.054    -0.012314313     0.021581198      0.12899791     -0.37747481
           0.13           0.046           -0.05     0.039094254     0.013845073      0.12468321     -0.37958401
           0.13           0.046          -0.046      0.11542152    0.0044776207      0.11173459     -0.38056306
           0.13           0.046          -0.042      0.23188557   -0.0043709013     0.090933599     -0.38019876
           0.13           0.046          -0.038      0.39206421   -0.0096138498     0.066778174     -0.37883783
           0.13           0.046          -0.034      0.58599233   -0.0081543149     0.046006392     -0.37625728
           0.13           0.046           -0.03      0.79947266   -0.0020492095     0.031891175     -0.37328936
           0.13           0.046          -0.026       1.0296573    0.0075651497     0.023565242     -0.36970738
           0.13           0.046          -0.022       1.2819775     0.019593267     0.020930712     -0.36568586
           0.13           0.046          -0.018       1.5516406     0.031981149     0.024102901     -0.36032996
           0.13           0.046          -0.014       1.8234869      0.03407507     0.022809837     -0.35600544
           0.13           0.046           -0.01       2.0911188     0.025934875     0.027933921     -0.34630687
           0.13           0.046          -0.006       2.1825699     0.018247157     0.018443406     -0.34745231
           0.13           0.046          -0.002       2.0361689     0.027142585     0.018632993     -0.34654835
           0.13           0.046           0.002       1.7409805     0.041871266   -0.0097056073     -0.34954635
           0.13           0.046           0.006       2.1384596      0.02550871    -0.037647297     -0.34456748
           0.13           0.046            0.01       2.1537858     0.029002314    -0.034996149     -0.34456805
           0.13           0.046           0.014       1.8909412     0.041888191    -0.035566316     -0.35150439
           0.13           0.046           0.018       1.6068078     0.042786907    -0.035218299     -0.35718136
           0.13           0.046           0.022        1.323495     0.030965495    -0.032412397     -0.36207756
           0.13           0.046           0.026       1.0613042     0.018180694    -0.032787103     -0.36639233
           0.13           0.046            0.03      0.82416107    0.0068511611    -0.038040589      -0.3698859
           0.13           0.046           0.034      0.60519812   -0.0013596857    -0.049602575      -0.3731402
           0.13           0.046           0.038      0.40585526   -0.0028540342    -0.070206188     -0.37567782
           0.13           0.046           0.042       0.2348639    0.0043257011    -0.097451557       -0.377064
           0.13           0.046           0.046     0.099240224     0.016626775     -0.12404709     -0.37716654
           0.13           0.046            0.05  -0.00033683419      0.02767731     -0.14262945     -0.37609244
           0.13           0.046           0.054    -0.070093406     0.033088656     -0.15019141     -0.37415648
           0.13           0.046           0.058     -0.11974128     0.033220693     -0.15059835     -0.37198649
           0.13           0.046           0.062     -0.15785679     0.029850844      -0.1468938     -0.37040583
           0.13           0.046           0.066     -0.18930563      0.02496137      -0.1419254     -0.36902414
           0.13           0.046            0.07     -0.21684387     0.020878981     -0.13587398     -0.36770381
           0.13           0.046           0.074     -0.24188319     0.018583816      -0.1282493     -0.36630326
           0.13           0.046           0.078     -0.26475867     0.018651569     -0.11807909     -0.36470308
           0.13           0.046           0.082     -0.28508525      0.02093327     -0.10425491     -0.36299736
           0.13           0.046           0.086     -0.30126513     0.024769919    -0.085877595     -0.36151521
           0.13           0.046            0.09     -0.30706918     0.029150228    -0.063045327     -0.36081756
           0.13           0.046           0.094     -0.28007938     0.032538111    -0.038214043     -0.36113606
           0.13           0.046           0.098     -0.16289856     0.029257066    -0.011800792     -0.36128861
           0.13            0.05          -0.098     -0.18720751     0.031500496    0.0093686793      -0.3635444
           0.13            0.05          -0.094     -0.27045348     0.030879428     0.030443326     -0.36323264
           0.13            0.05           -0.09     -0.28527107     0.020607639     0.048459445     -0.36307602
           0.13            0.05          -0.086      -0.2778585     0.013226888     0.061952829     -0.36333987
           0.13            0.05          -0.082     -0.26261065    0.0097153261     0.072695058     -0.36416574
           0.13            0.05          -0.078     -0.24334968    0.0088236174      0.08192357     -0.36541642
           0.13            0.05          -0.074     -0.22132335    0.0094946992        0.090491     -0.36700226
           0.13            0.05           -0.07     -0.19694693     0.010928319      0.09890002     -0.36884579
           0.13            0.05          -0.066     -0.17037239      0.01226595      0.10725354     -0.37088829
           0.13            0.05          -0.062     -0.14160386     0.012687822      0.11516619     -0.37310883
           0.13            0.05          -0.058     -0.11013956     0.011741618      0.12169129     -0.37551146
           0.13            0.05          -0.054    -0.075020453    0.0091052077      0.12547798     -0.37787901
           0.13            0.05           -0.05    -0.032708061    0.0046439225      0.12485227      -0.3799978
           0.13            0.05          -0.046     0.024030911   -0.0009902639      0.11844244     -0.38137481
           0.13            0.05          -0.042      0.10596295   -0.0066230419      0.10543525     -0.38172707
           0.13            0.05          -0.038      0.22008039    -0.010971188     0.087047619     -0.38108915
           0.13            0.05          -0.034      0.36455489    -0.011981636     0.067217803      -0.3794141
           0.13            0.05           -0.03      0.53160836   -0.0093506922     0.049897843     -0.37717898
           0.13            0.05          -0.026      0.71690526   -0.0024457855     0.037091039     -0.37439734
           0.13            0.05          -0.022      0.91964103    0.0092479839     0.030230589     -0.37138898
           0.13            0.05          -0.018       1.1331849     0.024492684     0.031124398     -0.36751066
           0.13            0.05          -0.014       1.3410732     0.037443718     0.033592507     -0.36520212
           0.13            0.05           -0.01       1.5117678     0.047591485     0.037831756     -0.36188997
           0.13            0.05          -0.006       1.5567882     0.044578989     0.032110196     -0.36133515
           0.13            0.05          -0.002       1.4662821     0.044003362     0.015659811     -0.35915919
           0.13            0.05           0.002       1.3755827     0.044359964    -0.013504811     -0.35798655
           0.13            0.05           0.006       1.5399172     0.052473629    -0.040433283     -0.35844531
           0.13            0.05            0.01       1.5578386     0.055953285    -0.048288106     -0.35931625
           0.13            0.05           0.014       1.3968963     0.051124839    -0.048140611     -0.36217792
           0.13            0.05           0.018       1.1805111     0.038408399    -0.044896493     -0.36496451
           0.13            0.05           0.022      0.95484691     0.021985977    -0.042882978     -0.36869573
           0.13            0.05           0.026      0.74172736    0.0079592244    -0.047158688     -0.37171062
           0.13            0.05            0.03      0.54792131    -0.001147702    -0.057587496     -0.37438903
           0.13            0.05           0.034      0.37371243   -0.0048275746    -0.074430844     -0.37673134
           0.13            0.05           0.038      0.22214706   -0.0023578416    -0.096642292     -0.37842259
           0.13            0.05           0.042     0.098268334    0.0049587002     -0.11945499     -0.37907196
           0.13            0.05           0.046    0.0038448679     0.013197384     -0.13686103     -0.37861062
           0.13            0.05            0.05    -0.064919457     0.018856999     -0.14572251     -0.37723669
           0.13            0.05           0.054     -0.11552695     0.020768629     -0.14755222     -0.37530521
           0.13            0.05           0.058     -0.15501296      0.01901272     -0.14477201     -0.37338392
           0.13            0.05           0.062     -0.18823432      0.01529427     -0.13978075     -0.37174074
           0.13            0.05           0.066      -0.2179618      0.01074278      -0.1338837     -0.37027683
           0.13            0.05            0.07     -0.24536682    0.0065228546     -0.12726522     -0.36880478
           0.13            0.05           0.074     -0.27096606    0.0033339611     -0.11961932     -0.36725327
           0.13            0.05           0.078     -0.29482954    0.0015835857     -0.11037531     -0.36556661
           0.13            0.05           0.082     -0.31669264    0.0013237954    -0.098817119     -0.36383338
           0.13            0.05           0.086     -0.33560384    0.0026267101    -0.084268082     -0.36232955
           0.13            0.05            0.09     -0.34721388    0.0063814132    -0.066244964     -0.36143995
           0.13            0.05           0.094     -0.33290619     0.014399334    -0.043812149     -0.36114702
           0.13            0.05           0.098     -0.23812876     0.019686396    -0.016617409     -0.36115138
           0.13           0.054          -0.098     -0.25087263     0.020595329     0.012979082     -0.36297685
           0.13           0.054          -0.094     -0.32483817     0.016009221     0.033224144     -0.36275593
           0.13           0.054           -0.09     -0.33295692    0.0063950999     0.049343277     -0.36294799
           0.13           0.054          -0.086     -0.32191394   0.00058102459      0.06130634     -0.36349637
           0.13           0.054          -0.082     -0.30474462   -0.0021014171     0.071148598     -0.36455667
           0.13           0.054          -0.078     -0.28449146   -0.0028562876     0.079722285     -0.36597353
           0.13           0.054          -0.074     -0.26209317   -0.0025080911     0.087596444      -0.3676459
           0.13           0.054           -0.07     -0.23792245   -0.0016595432     0.095093461     -0.36950605
           0.13           0.054          -0.066     -0.21214513  -0.00084835879      0.10228926     -0.37149854
           0.13           0.054          -0.062      -0.1848455  -0.00057014143      0.10896244     -0.37359205
           0.13           0.054          -0.058     -0.15579076   -0.0011743248      0.11461929     -0.37575643
           0.13           0.054          -0.054     -0.12415726   -0.0028041017      0.11853873     -0.37793342
           0.13           0.054           -0.05    -0.087789892   -0.0054479762      0.11974451     -0.37998344
           0.13           0.054          -0.046    -0.042778869   -0.0088680312      0.11712191     -0.38158385
           0.13           0.054          -0.042     0.016661255    -0.012452147      0.10980468     -0.38245689
           0.13           0.054          -0.038     0.096540784      -0.0156633     0.097514246     -0.38252311
           0.13           0.054          -0.034      0.19938534    -0.017628494     0.081406776     -0.38166373
           0.13           0.054           -0.03      0.32307476    -0.017720519      0.06397935     -0.38004974
           0.13           0.054          -0.026      0.46456568    -0.014612545     0.048069499     -0.37775952
           0.13           0.054          -0.022       0.6212198   -0.0067369474     0.036587397     -0.37507019
           0.13           0.054          -0.018      0.78606589    0.0062890863     0.032338718     -0.37192137
           0.13           0.054          -0.014      0.94332976     0.020497263     0.032816677     -0.36939721
           0.13           0.054           -0.01       1.0680649     0.034091582     0.035697279     -0.36596005
           0.13           0.054          -0.006       1.1141556     0.038422927     0.031292086     -0.36428659
           0.13           0.054          -0.002       1.0830721     0.039356612     0.013331009     -0.36203227
           0.13           0.054           0.002       1.0590717     0.042657949    -0.016447011     -0.36199695
           0.13           0.054           0.006       1.1183194     0.048290816    -0.041340818      -0.3618595
           0.13           0.054            0.01       1.1055051     0.047851133     -0.04884716     -0.36363322
           0.13           0.054           0.014      0.98841026     0.037028875    -0.048770601     -0.36679687
           0.13           0.054           0.018      0.82395166     0.021577556    -0.047776003     -0.36977885
           0.13           0.054           0.022      0.64828122    0.0059541913    -0.050551311     -0.37286489
           0.13           0.054           0.026      0.48111553   -0.0047904117    -0.059922429     -0.37551266
           0.13           0.054            0.03      0.33101972   -0.0095512857    -0.074874247     -0.37777026
           0.13           0.054           0.034      0.20090964   -0.0092180067    -0.093504805     -0.37948058
           0.13           0.054           0.038     0.092881177   -0.0052052072     -0.11255077     -0.38039194
           0.13           0.054           0.042    0.0075473749   0.00031109903     -0.12792975      -0.3803196
           0.13           0.054           0.046    -0.057731265    0.0049681663     -0.13717157     -0.37940637
           0.13           0.054            0.05     -0.10803001    0.0074755536     -0.14036687     -0.37789163
           0.13           0.054           0.054     -0.14839216    0.0073595877     -0.13908625     -0.37605886
           0.13           0.054           0.058     -0.18270988    0.0051405349      -0.1351686     -0.37434412
           0.13           0.054           0.062     -0.21370575    0.0014489973     -0.12989346     -0.37276318
           0.13           0.054           0.066     -0.24271801   -0.0029043674     -0.12386503     -0.37123887
           0.13           0.054            0.07     -0.27020269   -0.0071433563     -0.11722991     -0.36966909
           0.13           0.054           0.074     -0.29631589    -0.010766249     -0.10979761     -0.36803382
           0.13           0.054           0.078     -0.32100067    -0.013455172      -0.1012142     -0.36631523
           0.13           0.054           0.082     -0.34402782    -0.015070975    -0.091005631      -0.3645823
           0.13           0.054           0.086     -0.36470392     -0.01539206    -0.078688233     -0.36303171
           0.13           0.054            0.09     -0.37978425     -0.01347791    -0.063665473     -0.36191392
           0.13           0.054           0.094     -0.37431096   -0.0070023034    -0.043400554     -0.36108315
           0.13           0.054           0.098     -0.30027159    0.0033076097    -0.016511821     -0.36089014
           0.13           0.058          -0.098     -0.30428247    0.0067517623     0.012974246     -0.36209483
           0.13           0.058          -0.094      -0.3694414   0.00037237573      0.03328359     -0.36211004
           0.13           0.058           -0.09     -0.37331118   -0.0070879675     0.048313351     -0.36265621
           0.13           0.058          -0.086     -0.36041738    -0.011305389     0.059166712     -0.36347771
           0.13           0.058          -0.082     -0.34228702    -0.013200302     0.068150462     -0.36475458
           0.13           0.058          -0.078     -0.32144747    -0.013703054     0.075949888     -0.36632086
           0.13           0.058          -0.074     -0.29869402    -0.013418969      0.08301263     -0.36807312
           0.13           0.058           -0.07     -0.27439684    -0.012789871     0.089583581     -0.36994807
           0.13           0.058          -0.066     -0.24874867    -0.012182196     0.095736489     -0.37188933
           0.13           0.058          -0.062     -0.22186001    -0.011916224      0.10136318     -0.37385267
           0.13           0.058          -0.058     -0.19366158    -0.012225388      0.10618348     -0.37582021
           0.13           0.058          -0.054     -0.16367726    -0.013227383      0.10976563     -0.37777549
           0.13           0.058           -0.05     -0.13064003    -0.014887633      0.11153043     -0.37965553
           0.13           0.058          -0.046     -0.09223513    -0.016978852      0.11076366     -0.38128241
           0.13           0.058          -0.042    -0.045396593    -0.019230074      0.10670343     -0.38241673
           0.13           0.058          -0.038     0.013215785    -0.021494513     0.098769022     -0.38293945
           0.13           0.058          -0.034     0.086259344    -0.023587942     0.086867409     -0.38273665
           0.13           0.058           -0.03      0.17425411    -0.025334038     0.071750132      -0.3817772
           0.13           0.058          -0.026      0.27631167    -0.025749045     0.055286358     -0.38005823
           0.13           0.058          -0.022      0.39092384    -0.022829165     0.040555513     -0.37775294
           0.13           0.058          -0.018      0.51381677     -0.01442903     0.031419797     -0.37505479
           0.13           0.058          -0.014      0.63429925   -0.0011484551     0.028112635     -0.37275796
           0.13           0.058           -0.01      0.73606494     0.016102296     0.027929912     -0.37037879
           0.13           0.058          -0.006      0.79366612     0.029477289     0.023045551     -0.36859903
           0.13           0.058          -0.002      0.80371607     0.037629631    0.0063082759     -0.36668922
           0.13           0.058           0.002       0.8022564     0.041448995     -0.01898425     -0.36617073
           0.13           0.058           0.006      0.80925676     0.041484547    -0.038744233     -0.36672606
           0.13           0.058            0.01      0.76984341     0.033006452    -0.045505886      -0.3684368
           0.13           0.058           0.014      0.67140536     0.017392603    -0.046799984     -0.37087898
           0.13           0.058           0.018       0.5433779    0.0014861681    -0.049288923     -0.37332896
           0.13           0.058           0.022      0.40935697    -0.010627249    -0.056843731     -0.37598569
           0.13           0.058           0.026       0.2848085    -0.016472481    -0.070221637     -0.37831892
           0.13           0.058            0.03      0.17623793    -0.016978082    -0.086691651     -0.38009259
           0.13           0.058           0.034     0.085056754    -0.014343133     -0.10311997     -0.38113459
           0.13           0.058           0.038     0.010533236    -0.010485733     -0.11675011     -0.38136427
           0.13           0.058           0.042    -0.049497057   -0.0068819462     -0.12590448     -0.38084329
           0.13           0.058           0.046    -0.098258031   -0.0044927645      -0.1303354     -0.37973971
           0.13           0.058            0.05      -0.1389295   -0.0037549691     -0.13078141     -0.37823748
           0.13           0.058           0.054     -0.17418723   -0.0047491433     -0.12844637      -0.3765967
           0.13           0.058           0.058      -0.2062407   -0.0073142148     -0.12436697     -0.37500226
           0.13           0.058           0.062      -0.2364915    -0.011005855     -0.11924337     -0.37345581
           0.13           0.058           0.066     -0.26550882    -0.015229344     -0.11346032     -0.37187979
           0.13           0.058            0.07     -0.29342543    -0.019438402     -0.10712003      -0.3702373
           0.13           0.058           0.074     -0.32022782     -0.02326961     -0.10010473     -0.36853139
           0.13           0.058           0.078     -0.34577932    -0.026477143    -0.092183961     -0.36676473
           0.13           0.058           0.082     -0.36983455    -0.028914696    -0.083023488     -0.36499499
           0.13           0.058           0.086     -0.39180081    -0.030382395    -0.072246509     -0.36336591
           0.13           0.058            0.09      -0.4090432    -0.030239439    -0.059339048     -0.36206742
           0.13           0.058           0.094     -0.40850369    -0.026614011    -0.041669854     -0.36087617
           0.13           0.058           0.098     -0.34495597    -0.015392485    -0.016826397     -0.36028221
           0.13           0.062          -0.098     -0.34966831   -0.0076646054     0.013458145     -0.36065813
           0.13           0.062          -0.094     -0.40914225    -0.014415066     0.033327657     -0.36109012
           0.13           0.062           -0.09     -0.41023427    -0.019321467     0.047138988     -0.36202101
           0.13           0.062          -0.086     -0.39600425    -0.021987865      0.05691664     -0.36313731
           0.13           0.062          -0.082     -0.37705634    -0.023121365     0.064970314     -0.36464021
           0.13           0.062          -0.078     -0.35558968    -0.023309294     0.071869275     -0.36636192
           0.13           0.062          -0.074     -0.33230261    -0.022960605      0.07800398      -0.3682026
           0.13           0.062           -0.07     -0.30755552    -0.022384943     0.083591146     -0.37010219
           0.13           0.062          -0.066     -0.28155927    -0.021826262     0.088712844     -0.37201286
           0.13           0.062          -0.062     -0.25442655    -0.021480321      0.09333346     -0.37389165
           0.13           0.062          -0.058     -0.22615197    -0.021490949     0.097288531     -0.37571903
           0.13           0.062          -0.054      -0.1964692    -0.021936002      0.10030096     -0.37748605
           0.13           0.062           -0.05       -0.164712     -0.02277746       0.1019663     -0.37916882
           0.13           0.062          -0.046     -0.12957502    -0.023856216      0.10180053     -0.38068852
           0.13           0.062          -0.042    -0.089181579    -0.025026098     0.099250417     -0.38188354
           0.13           0.062          -0.038    -0.041749898    -0.026336575     0.093703455     -0.38260772
           0.13           0.062          -0.034     0.013962132    -0.028019961     0.084736894     -0.38274791
           0.13           0.062           -0.03     0.078341916    -0.030407445     0.072343405     -0.38224897
           0.13           0.062          -0.026      0.15089503    -0.033343195     0.057287867     -0.38104482
           0.13           0.062          -0.022      0.23103019    -0.035457641     0.041616174     -0.37917672
           0.13           0.062          -0.018      0.31804738    -0.033631391     0.028957909     -0.37676808
           0.13           0.062          -0.014      0.40912934    -0.024463566     0.021805047     -0.37436613
           0.13           0.062           -0.01       0.4969472   -0.0055986941     0.018498173     -0.37229508
           0.13           0.062          -0.006       0.5638341     0.015859391     0.012160855     -0.37073052
           0.13           0.062          -0.002      0.59708567     0.031566294   -0.0029403654     -0.36917382
           0.13           0.062           0.002      0.60193489     0.035951896    -0.022254746     -0.36865258
           0.13           0.062           0.006      0.58203067     0.029019787     -0.03649004     -0.36924839
           0.13           0.062            0.01      0.52583714     0.013318368    -0.041920272     -0.37080344
           0.13           0.062           0.014      0.43808452   -0.0046739143    -0.044700311     -0.37299356
           0.13           0.062           0.018      0.33821786    -0.017946628    -0.050550162     -0.37545375
           0.13           0.062           0.022      0.24075936     -0.02449863     -0.06149643     -0.37793467
           0.13           0.062           0.026      0.15374006    -0.025134661    -0.075988566     -0.37989392
           0.13           0.062            0.03     0.078860052    -0.022555173    -0.090724274     -0.38115899
           0.13           0.062           0.034      0.01506797    -0.019061494     -0.10334707     -0.38169904
           0.13           0.062           0.038    -0.039265243    -0.015941671     -0.11262572     -0.38158556
           0.13           0.062           0.042      -0.0858642    -0.013778864     -0.11821971     -0.38091692
           0.13           0.062           0.046     -0.12639323    -0.012862658     -0.12041935     -0.37981994
           0.13           0.062            0.05     -0.16247317    -0.013282624     -0.11991104     -0.37844001
           0.13           0.062           0.054     -0.19567397    -0.015034385     -0.11741833     -0.37694907
           0.13           0.062           0.058     -0.22717039    -0.017982366     -0.11356001     -0.37542747
           0.13           0.062           0.062     -0.25758706      -0.0217742     -0.10882629     -0.37386017
           0.13           0.062           0.066     -0.28713616    -0.025954489     -0.10349702     -0.37221467
           0.13           0.062            0.07     -0.31581308    -0.030143363    -0.097649728     -0.37049155
           0.13           0.062           0.074     -0.34351082    -0.034085147    -0.091212393     -0.36870173
           0.13           0.062           0.078     -0.37003285    -0.037604548    -0.084019985     -0.36685905
           0.13           0.062           0.082     -0.39509412    -0.040583659    -0.075817566     -0.36501284
           0.13           0.062           0.086     -0.41812301      -0.0428832    -0.066289542     -0.36327038
           0.13           0.062            0.09     -0.43678563    -0.044142326    -0.055023983     -0.36178811
           0.13           0.062           0.094     -0.43861662     -0.04313064    -0.039834279     -0.36034311
           0.13           0.062           0.098     -0.37628168    -0.033713454    -0.017269747     -0.35929911
           0.13           0.066          -0.098     -0.38256753    -0.021825832     0.015008049     -0.35860939
           0.13           0.066          -0.094     -0.44480954    -0.027713716      0.03431848     -0.35956089
           0.13           0.066           -0.09     -0.44500919    -0.029994994     0.046700345     -0.36092827
           0.13           0.066          -0.086     -0.42975037    -0.031213113     0.055326355     -0.36238919
           0.13           0.066          -0.082     -0.40995492    -0.031611931     0.062350845     -0.36414624
           0.13           0.066          -0.078     -0.38772374    -0.031446599     0.068246718     -0.36604527
           0.13           0.066          -0.074     -0.36370131    -0.030958339     0.073361856     -0.36799797
           0.13           0.066           -0.07     -0.33823499    -0.030345641     0.077899103     -0.36995018
           0.13           0.066          -0.066     -0.31154201    -0.029756902     0.081954864     -0.37186415
           0.13           0.066          -0.062     -0.28373598    -0.029292187     0.085541627     -0.37370765
           0.13           0.066          -0.058      -0.2548225    -0.029005573     0.088573706     -0.37546224
           0.13           0.066          -0.054      -0.2246229    -0.028907745     0.090866738     -0.37712158
           0.13           0.066           -0.05     -0.19271886     -0.02893816     0.092121431     -0.37866187
           0.13           0.066          -0.046      -0.1584104    -0.028981736     0.091941668     -0.38003967
           0.13           0.066          -0.042     -0.12064451    -0.028956525     0.089875237     -0.38117054
           0.13           0.066          -0.038    -0.078305141    -0.029045005     0.085396863     -0.38193662
           0.13           0.066          -0.034    -0.030822175    -0.029785335     0.078022287     -0.38220499
           0.13           0.066           -0.03     0.021497047      -0.0319156     0.067553931      -0.3818935
           0.13           0.066          -0.026     0.077611591    -0.035969805     0.054388171     -0.38095919
           0.13           0.066          -0.022         0.13641    -0.041595307     0.039831587     -0.37940351
           0.13           0.066          -0.018      0.19800893    -0.046173027     0.026634205     -0.37729487
           0.13           0.066          -0.014      0.26459891    -0.043245115     0.017850886     -0.37498267
           0.13           0.066           -0.01       0.3379935    -0.024364119     0.012106139     -0.37319271
           0.13           0.066          -0.006      0.40645589     0.004252836     0.003044699      -0.3720256
           0.13           0.066          -0.002       0.4482372     0.025675623    -0.011830224     -0.37081147
           0.13           0.066           0.002      0.45148574     0.029188829    -0.026856492     -0.37033968
           0.13           0.066           0.006      0.41769745     0.015846608    -0.037240577     -0.37076852
           0.13           0.066            0.01      0.35564009   -0.0056460623    -0.041605158     -0.37205158
           0.13           0.066           0.014      0.28041934    -0.023865708    -0.045345995     -0.37414556
           0.13           0.066           0.018      0.20641316    -0.032533994    -0.052686256     -0.37653896
           0.13           0.066           0.022      0.13905072    -0.033208347    -0.063759911        -0.37873
           0.13           0.066           0.026     0.078782849    -0.029861465    -0.076365917     -0.38033476
           0.13           0.066            0.03     0.024490292    -0.025626418    -0.088121207     -0.38129569
           0.13           0.066           0.034     -0.02468357    -0.022112946     -0.09767808     -0.38164819
           0.13           0.066           0.038     -0.06922919    -0.019867447     -0.10444824     -0.38146464
           0.13           0.066           0.042      -0.1096457    -0.018978897     -0.10837899     -0.38082616
           0.13           0.066           0.046     -0.14668336    -0.019347562     -0.10976989     -0.37983281
           0.13           0.066            0.05     -0.18128668    -0.020853583      -0.1090711     -0.37858547
           0.13           0.066           0.054     -0.21428434    -0.023407571     -0.10676104      -0.3771701
           0.13           0.066           0.058     -0.24622944     -0.02682389     -0.10331704     -0.37563511
           0.13           0.066           0.062     -0.27741156    -0.030800163     -0.09911907     -0.37399272
           0.13           0.066           0.066     -0.30790051    -0.035014478    -0.094390548     -0.37224789
           0.13           0.066            0.07     -0.33763293    -0.039219425    -0.089189433     -0.37041794
           0.13           0.066           0.074      -0.3664427    -0.043248343    -0.083464362     -0.36851593
           0.13           0.066           0.078      -0.3940769     -0.04699044    -0.077084517     -0.36656062
           0.13           0.066           0.082     -0.42019474    -0.050375249    -0.069848057     -0.36459395
           0.13           0.066           0.086     -0.44419973    -0.053336087     -0.06148264     -0.36269778
           0.13           0.066            0.09     -0.46383448    -0.055701168    -0.051624386     -0.36100301
           0.13           0.066           0.094     -0.46651673    -0.056671878    -0.038388314     -0.35932516
           0.13           0.066           0.098       -0.401157    -0.050394957    -0.017371795     -0.35789668
           0.13            0.07          -0.098     -0.40692547    -0.036420053     0.016869879     -0.35600398
           0.13            0.07          -0.094     -0.47747066    -0.039215856     0.036179717     -0.35750789
           0.13            0.07           -0.09     -0.47821313    -0.039019365     0.047281413     -0.35933609
           0.13            0.07          -0.086     -0.46214356    -0.038905069     0.054770494     -0.36118877
           0.13            0.07          -0.082     -0.44145009    -0.038579367     0.060709365      -0.3632357
           0.13            0.07          -0.078     -0.41832127    -0.038019504     0.065535877     -0.36534401
           0.13            0.07          -0.074     -0.39338679    -0.037328463     0.069565388     -0.36744279
           0.13            0.07           -0.07     -0.36698905    -0.036612896     0.072989664      -0.3694867
           0.13            0.07          -0.066     -0.33934866     -0.03594402     0.075920597     -0.37144797
           0.13            0.07          -0.062     -0.31058008    -0.035343876     0.078409021     -0.37330764
           0.13            0.07          -0.058     -0.28068226     -0.03478201     0.080434333     -0.37505501
           0.13            0.07          -0.054      -0.2494935    -0.034181817     0.081889812     -0.37668999
           0.13            0.07           -0.05      -0.2166621    -0.033415625     0.082559368     -0.37819275
           0.13            0.07          -0.046     -0.18167357    -0.032351869      0.08210642     -0.37952234
           0.13            0.07          -0.042     -0.14391327    -0.030968648     0.080100538     -0.38060662
           0.13            0.07          -0.038     -0.10280736    -0.029554962     0.076052072       -0.381353
           0.13            0.07          -0.034    -0.058154334    -0.028891244     0.069527924     -0.38164895
           0.13            0.07           -0.03    -0.010400291     -0.03016112     0.060387227     -0.38139195
           0.13            0.07          -0.026     0.039460055    -0.034457591     0.049010904     -0.38054708
           0.13            0.07          -0.022      0.09019876     -0.04218119     0.036572706     -0.37911527
           0.13            0.07          -0.018      0.14141036    -0.051525601     0.025339593     -0.37711707
           0.13            0.07          -0.014      0.19413191    -0.054495857     0.018013719     -0.37481152
           0.13            0.07           -0.01      0.25101564    -0.036213163     0.011357269      -0.3732754
           0.13            0.07          -0.006      0.30968576   -0.0018817285   -0.0016335759     -0.37251918
           0.13            0.07          -0.002      0.34743935     0.022662534    -0.017917215      -0.3715982
           0.13            0.07           0.002      0.34563362     0.024136246    -0.032515896     -0.37115886
           0.13            0.07           0.006      0.30716431      0.00475737    -0.041778149     -0.37144147
           0.13            0.07            0.01      0.25006644    -0.021081028    -0.046223376     -0.37252078
           0.13            0.07           0.014      0.19206225    -0.037635611    -0.049541731     -0.37449465
           0.13            0.07           0.018      0.13899553     -0.04118805    -0.055396454     -0.37675473
           0.13            0.07           0.022     0.089484716     -0.03730975    -0.063784786     -0.37877003
           0.13            0.07           0.026     0.042284838    -0.031423985    -0.073279582     -0.38023262
           0.13            0.07            0.03    -0.002975899    -0.026350261       -0.082268     -0.38113476
           0.13            0.07           0.034    -0.046083526    -0.023153558    -0.089713394      -0.3815049
           0.13            0.07           0.038    -0.086833877    -0.021884745    -0.095096904     -0.38139476
           0.13            0.07           0.042     -0.12530637    -0.022250832    -0.098282555     -0.38085776
           0.13            0.07           0.046     -0.16181876    -0.023899904    -0.099404309     -0.37994446
           0.13            0.07            0.05     -0.19679692    -0.026539271    -0.098773732      -0.3787196
           0.13            0.07           0.054     -0.23064071    -0.029935003    -0.096799275     -0.37726066
           0.13            0.07           0.058     -0.26366598    -0.033859379    -0.093886573     -0.37562885
           0.13            0.07           0.062     -0.29605002    -0.038081743    -0.090349023     -0.37386005
           0.13            0.07           0.066     -0.32782526    -0.042401404    -0.086355336     -0.37197764
           0.13            0.07            0.07     -0.35889718    -0.046677837    -0.081942388     -0.37000237
           0.13            0.07           0.074     -0.38905601    -0.050819759     -0.07705814     -0.36794993
           0.13            0.07           0.078     -0.41799576    -0.054770513     -0.07158748     -0.36584067
           0.13            0.07           0.082     -0.44531334    -0.058505307    -0.065364143      -0.3637078
           0.13            0.07           0.086     -0.47033984    -0.062041281    -0.058162437     -0.36160759
           0.13            0.07            0.09     -0.49073546    -0.065429956    -0.049642457     -0.35964126
           0.13            0.07           0.094      -0.4930091    -0.068389092    -0.038000417     -0.35766395
           0.13            0.07           0.098     -0.42001989     -0.06519833    -0.017817744     -0.35584724
           0.13           0.074          -0.098      -0.4233468      -0.0503639     0.019117907     -0.35279135
           0.13           0.074          -0.094     -0.50789285    -0.049581185     0.038989118     -0.35490967
           0.13           0.074           -0.09     -0.51027015    -0.046671013     0.049063974     -0.35722921
           0.13           0.074          -0.086      -0.4934655    -0.045126453     0.055460647     -0.35952053
           0.13           0.074          -0.082     -0.47179205     -0.04401751     0.060281741     -0.36189614
           0.13           0.074          -0.078     -0.44764707    -0.042998372     0.063995771     -0.36425241
           0.13           0.074          -0.074     -0.42165844    -0.042030494     0.066892037     -0.36653904
           0.13           0.074           -0.07     -0.39416385    -0.041142791     0.069148058     -0.36872098
           0.13           0.074          -0.066     -0.36538835    -0.040344755     0.070886467     -0.37078038
           0.13           0.074          -0.062     -0.33544701    -0.039595326     0.072191031     -0.37271075
           0.13           0.074          -0.058      -0.3043333    -0.038789198     0.073100091     -0.37451321
           0.13           0.074          -0.054     -0.27186501    -0.037758016     0.073589838     -0.37619566
           0.13           0.074           -0.05     -0.23766969    -0.036279596     0.073537933     -0.37775207
           0.13           0.074          -0.046     -0.20122219    -0.034151188     0.072686466      -0.3791536
           0.13           0.074          -0.042     -0.16198457    -0.031362321     0.070633706     -0.38033025
           0.13           0.074          -0.038     -0.11965064    -0.028349548     0.066871318     -0.38117041
           0.13           0.074          -0.034    -0.074401741    -0.026220843     0.061005633      -0.3815289
           0.13           0.074           -0.03    -0.026873114    -0.026560995      0.05304165     -0.38130071
           0.13           0.074          -0.026     0.022266719    -0.030892173     0.043551589     -0.38045697
           0.13           0.074          -0.022     0.072699759    -0.040082396     0.033668709      -0.3789844
           0.13           0.074          -0.018      0.12461119    -0.052779033     0.025532394     -0.37686297
           0.13           0.074          -0.014      0.17597069    -0.059288766     0.021241836     -0.37443846
           0.13           0.074           -0.01      0.21883473    -0.039148623     0.014145986     -0.37311055
           0.13           0.074          -0.006      0.25850479  -6.6975465e-06   -0.0030089558     -0.37263998
           0.13           0.074          -0.002      0.28462092     0.025586716    -0.022154563     -0.37199169
           0.13           0.074           0.002      0.27805954     0.023503092    -0.038431294     -0.37169139
           0.13           0.074           0.006      0.24380993   -0.0015318105     -0.04927502     -0.37188326
           0.13           0.074            0.01       0.2013203    -0.031043474    -0.055007871     -0.37272993
           0.13           0.074           0.014       0.1595548    -0.046179758    -0.056760547     -0.37452969
           0.13           0.074           0.018      0.11629297    -0.046103545     -0.05911514     -0.37669164
           0.13           0.074           0.022     0.072346119     -0.03920399    -0.063585838     -0.37868273
           0.13           0.074           0.026     0.028776079    -0.031543442    -0.069616742     -0.38019439
           0.13           0.074            0.03    -0.014052665    -0.025819923    -0.075965988     -0.38119047
           0.13           0.074           0.034     -0.05582192    -0.022842497    -0.081658784     -0.38166149
           0.13           0.074           0.038    -0.096291745    -0.022375806    -0.085998669     -0.38162801
           0.13           0.074           0.042      -0.1353599     -0.02388524    -0.088669149     -0.38110268
           0.13           0.074           0.046     -0.17303996    -0.026758662    -0.089642359     -0.38013575
           0.13           0.074            0.05     -0.20945264    -0.030469114    -0.089165085     -0.37881083
           0.13           0.074           0.054     -0.24482199    -0.034657543    -0.087615367     -0.37721655
           0.13           0.074           0.058     -0.27940394    -0.039088449    -0.085345848     -0.37542232
           0.13           0.074           0.062     -0.31337374    -0.043600669    -0.082600539     -0.37347493
           0.13           0.074           0.066     -0.34677091    -0.048097396    -0.079492269     -0.37140453
           0.13           0.074            0.07     -0.37948836    -0.052523086    -0.076021049     -0.36923482
           0.13           0.074           0.074     -0.41128589    -0.056846014    -0.072115226     -0.36698462
           0.13           0.074           0.078      -0.4417978    -0.061047894    -0.067664218     -0.36467383
           0.13           0.074           0.082     -0.47053232    -0.065136101    -0.062540199     -0.36232833
           0.13           0.074           0.086     -0.49672282    -0.069228874    -0.056561402     -0.35997445
           0.13           0.074            0.09     -0.51787034    -0.073692228    -0.049350343     -0.35767032
           0.13           0.074           0.094     -0.51907683    -0.078916749    -0.038994029     -0.35532499
           0.13           0.074           0.098     -0.43172198    -0.078818131    -0.019553115     -0.35306575
           0.13           0.078          -0.098     -0.42893858    -0.064500111     0.022820028     -0.34901205
           0.13           0.078          -0.094     -0.53641095    -0.059315063     0.042615606     -0.35173515
           0.13           0.078           -0.09     -0.54101957     -0.05310992      0.05215371       -0.354583
           0.13           0.078          -0.086     -0.52371578    -0.049931435      0.05753836     -0.35738217
           0.13           0.078          -0.082     -0.50104986    -0.047946562     0.061207873     -0.36012721
           0.13           0.078          -0.078     -0.47581047    -0.046381684     0.063775133     -0.36277465
           0.13           0.078          -0.074     -0.44866318    -0.045042267     0.065496727     -0.36529925
           0.13           0.078           -0.07     -0.41994754    -0.043892947     0.066526281     -0.36767398
           0.13           0.078          -0.066     -0.38989305    -0.042896832     0.066991964     -0.36989017
           0.13           0.078          -0.062     -0.35861821    -0.041965787     0.067004096     -0.37195125
           0.13           0.078          -0.058     -0.32611145    -0.040936348     0.066658697     -0.37387118
           0.13           0.078          -0.054     -0.29215845    -0.039559242     0.066019753     -0.37566663
           0.13           0.078           -0.05     -0.25630128    -0.037513971     0.065086063     -0.37734857
           0.13           0.078          -0.046     -0.21789206    -0.034492535     0.063720904     -0.37890501
           0.13           0.078          -0.042     -0.17628392    -0.030455918     0.061595794     -0.38027638
           0.13           0.078          -0.038     -0.13124785    -0.025982225     0.058165535      -0.3813362
           0.13           0.078          -0.034    -0.083360102     -0.02260323     0.052998993     -0.38186511
           0.13           0.078           -0.03     -0.03357982    -0.022359484     0.046261934     -0.38169601
           0.13           0.078          -0.026     0.017896759    -0.027004275     0.038731887     -0.38079566
           0.13           0.078          -0.022     0.072365483     -0.03766353     0.031602121     -0.37912813
           0.13           0.078          -0.018      0.13193042    -0.052962538     0.027377302     -0.37663555
           0.13           0.078          -0.014      0.18875879     -0.06043368      0.02557774     -0.37407418
           0.13           0.078           -0.01       0.2160137    -0.034920832     0.016099601      -0.3730224
           0.13           0.078          -0.006         0.23429    0.0088955646   -0.0037196768     -0.37278708
           0.13           0.078          -0.002      0.24791189     0.033524692    -0.024518023     -0.37239936
           0.13           0.078           0.002       0.2404099     0.028148613    -0.041509195     -0.37234733
           0.13           0.078           0.006      0.21783368   -0.0016601216    -0.055998205     -0.37249344
           0.13           0.078            0.01      0.19460462    -0.035456221    -0.064650059      -0.3729976
           0.13           0.078           0.014      0.16497662    -0.051456271    -0.066085484      -0.3744609
           0.13           0.078           0.018      0.12215745    -0.050041564     -0.06482589     -0.37653332
           0.13           0.078           0.022     0.075612489    -0.041144968    -0.064837918     -0.37860244
           0.13           0.078           0.026       0.0300815    -0.031832352    -0.066930313     -0.38030645
           0.13           0.078            0.03    -0.014063905    -0.025146638    -0.070409849     -0.38148853
           0.13           0.078           0.034    -0.057142146    -0.021983479     -0.07426188     -0.38205939
           0.13           0.078           0.038    -0.099307808    -0.021933968    -0.077538042     -0.38204064
           0.13           0.078           0.042     -0.14047704    -0.024263972    -0.079674211     -0.38144462
           0.13           0.078           0.046     -0.18043682    -0.028106134    -0.080485808     -0.38034157
           0.13           0.078            0.05      -0.2190831    -0.032695678    -0.080179985     -0.37884354
           0.13           0.078           0.054     -0.25655622    -0.037555228    -0.079129922     -0.37705013
           0.13           0.078           0.058     -0.29313621    -0.042452496    -0.077638471     -0.37503449
           0.13           0.078           0.062     -0.32907106    -0.047286652    -0.075863875     -0.37284938
           0.13           0.078           0.066     -0.36445034    -0.052038588    -0.073840129     -0.37053072
           0.13           0.078            0.07     -0.39917564    -0.056721412    -0.071509476     -0.36810529
           0.13           0.078           0.074     -0.43297864    -0.061342676    -0.068761346     -0.36559723
           0.13           0.078           0.078     -0.46541904    -0.065888409    -0.065476177     -0.36303142
           0.13           0.078           0.082     -0.49586389    -0.070356554    -0.061578963     -0.36043354
           0.13           0.078           0.086     -0.52329234    -0.074979338    -0.056975475     -0.35778167
           0.13           0.078            0.09     -0.54444339    -0.080470185    -0.051227137      -0.3550476
           0.13           0.078           0.094     -0.54316423    -0.087959875    -0.041916537     -0.35218419
           0.13           0.078           0.098     -0.43119866    -0.090903602    -0.024395128     -0.34943767
           0.13           0.082          -0.098     -0.41173581    -0.074242691     0.029526284     -0.34450838
           0.13           0.082          -0.094     -0.56075634    -0.067309988     0.048266183     -0.34813623
           0.13           0.082           -0.09      -0.5686648    -0.057984045       0.0568099     -0.35147362
           0.13           0.082          -0.086     -0.55240792    -0.053284144     0.061129632     -0.35479919
           0.13           0.082          -0.082     -0.52905844    -0.050386988     0.063623182     -0.35794642
           0.13           0.082          -0.078     -0.50276145    -0.048169418     0.064997513     -0.36092766
           0.13           0.082          -0.074     -0.47440678    -0.046329084     0.065477836     -0.36374935
           0.13           0.082           -0.07     -0.44437356    -0.044795436     0.065195067     -0.36638233
           0.13           0.082          -0.066     -0.41291285    -0.043497879     0.064279143     -0.36882241
           0.13           0.082          -0.062     -0.38015469    -0.042322254     0.062861221     -0.37108049
           0.13           0.082          -0.058     -0.34608621    -0.041065269     0.061082535     -0.37317913
           0.13           0.082          -0.054     -0.31045836    -0.039424862     0.059094225     -0.37514633
           0.13           0.082           -0.05     -0.27271717    -0.036989734     0.057038088     -0.37700508
           0.13           0.082          -0.046     -0.23196305    -0.033349642     0.054982742     -0.37876674
           0.13           0.082          -0.042     -0.18722721    -0.028410894     0.052766663     -0.38038077
           0.13           0.082          -0.038      -0.1382067    -0.022865009     0.049797623     -0.38171382
           0.13           0.082          -0.034    -0.086124687    -0.018750379     0.045509528     -0.38244172
           0.13           0.082           -0.03    -0.032473617    -0.018545133     0.040213587     -0.38231268
           0.13           0.082          -0.026      0.02347289    -0.023979638     0.035006581     -0.38131541
           0.13           0.082          -0.022     0.085847902    -0.036196495     0.031507751     -0.37937072
           0.13           0.082          -0.018      0.16015176    -0.052523895     0.032284343     -0.37649144
           0.13           0.082          -0.014      0.21941893    -0.057891197     0.027943507     -0.37398456
           0.13           0.082           -0.01      0.22136185    -0.026361272     0.012719504     -0.37311727
           0.13           0.082          -0.006      0.22149781     0.019726508   -0.0052685023     -0.37312793
           0.13           0.082          -0.002      0.22644926     0.042413783    -0.023020345     -0.37292244
           0.13           0.082           0.002      0.22114731     0.036086732     -0.03814465     -0.37307958
           0.13           0.082           0.006      0.21230472    0.0039475274     -0.05470767     -0.37337658
           0.13           0.082            0.01      0.20986493    -0.035008447    -0.067800649     -0.37351944
           0.13           0.082           0.014      0.19682046    -0.053658089    -0.074129939      -0.3743424
           0.13           0.082           0.018      0.15254834    -0.053427602    -0.073429625     -0.37625247
           0.13           0.082           0.022     0.097177092    -0.044317727    -0.069817348     -0.37837789
           0.13           0.082           0.026     0.044731249     -0.03347868    -0.066979352     -0.38027496
           0.13           0.082            0.03   -0.0039019576    -0.025306179    -0.066539267     -0.38171446
           0.13           0.082           0.034     -0.05030662    -0.021334173    -0.067977227     -0.38243176
           0.13           0.082           0.038    -0.095639896    -0.021067923    -0.069902488     -0.38244338
           0.13           0.082           0.042     -0.14013425    -0.023695499    -0.071310545     -0.38177133
           0.13           0.082           0.046     -0.18339778    -0.028084527    -0.071792207     -0.38050856
           0.13           0.082            0.05     -0.22503543    -0.033222064    -0.071590378      -0.3788041
           0.13           0.082           0.054     -0.26516273    -0.038528047    -0.071126982     -0.37677246
           0.13           0.082           0.058     -0.30419811    -0.043789636    -0.070619296     -0.37448621
           0.13           0.082           0.062     -0.34252748    -0.048956816    -0.070084731     -0.37200329
           0.13           0.082           0.066     -0.38033364    -0.054060571    -0.069438097     -0.36936538
           0.13           0.082            0.07      -0.4175483    -0.059155233      -0.0685457     -0.36660679
           0.13           0.082           0.074     -0.45385423    -0.064264363    -0.067234919       -0.363761
           0.13           0.082           0.078     -0.48868055    -0.069316869    -0.065352549     -0.36087321
           0.13           0.082           0.082     -0.52114765    -0.074174442    -0.062891077     -0.35799403
           0.13           0.082           0.086     -0.54965879    -0.079073336    -0.059885764     -0.35501648
           0.13           0.082            0.09      -0.5688223    -0.084795974    -0.056136896     -0.35185264
           0.13           0.082           0.094     -0.56139827    -0.092748979    -0.049597067     -0.34843179
           0.13           0.082           0.098     -0.39403496    -0.094816793    -0.032644327      -0.3446064
           0.13           0.086          -0.098      -0.3264668    -0.069776145     0.032373721       -0.340727
           0.13           0.086          -0.094     -0.57425201    -0.069906477     0.056898174     -0.34422934
           0.13           0.086           -0.09     -0.59201319    -0.060421097     0.063722267     -0.34821677
           0.13           0.086          -0.086     -0.57830119    -0.055019783     0.066490964     -0.35178825
           0.13           0.086          -0.082     -0.55500925    -0.051278695     0.067879523     -0.35534395
           0.13           0.086          -0.078     -0.52807061    -0.048278317     0.067960455      -0.3587237
           0.13           0.086          -0.074     -0.49860292    -0.045776815     0.067015485      -0.3619236
           0.13           0.086           -0.07     -0.46718177    -0.043706532     0.065231356     -0.36489688
           0.13           0.086          -0.066     -0.43418003    -0.041969405     0.062755511     -0.36764083
           0.13           0.086          -0.062     -0.39975088    -0.040438223     0.059708888      -0.3701691
           0.13           0.086          -0.058     -0.36387979      -0.0389007     0.056250132     -0.37250868
           0.13           0.086          -0.054     -0.32631046    -0.037042889     0.052611995     -0.37469254
           0.13           0.086           -0.05     -0.28639301    -0.034414197     0.049081707     -0.37676192
           0.13           0.086          -0.046     -0.24298739    -0.030568633     0.046019189     -0.37873283
           0.13           0.086          -0.042     -0.19445669    -0.025342428      0.04365863     -0.38056664
           0.13           0.086          -0.038     -0.13996079    -0.019423686     0.041463317     -0.38214013
           0.13           0.086          -0.034     -0.08194175    -0.015381126     0.038536714     -0.38300018
           0.13           0.086           -0.03     -0.02281251    -0.016033653     0.035285869     -0.38281131
           0.13           0.086          -0.026     0.040428429    -0.022738571     0.033702582     -0.38166234
           0.13           0.086          -0.022       0.1177382    -0.036200224      0.03619965     -0.37946796
           0.13           0.086          -0.018      0.20933941    -0.047767981     0.039861104     -0.37642609
           0.13           0.086          -0.014      0.24729989    -0.048857616     0.022082111     -0.37400711
           0.13           0.086           -0.01      0.22092998    -0.017885268    0.0033653647     -0.37320775
           0.13           0.086          -0.006      0.21285221     0.025919928    -0.007044015      -0.3734521
           0.13           0.086          -0.002      0.21348903     0.047040776    -0.017724927     -0.37337206
           0.13           0.086           0.002      0.21024966     0.041511614    -0.026919354     -0.37382429
           0.13           0.086           0.006      0.20840324     0.010982269    -0.038932556     -0.37439073
           0.13           0.086            0.01      0.21929384    -0.029656826    -0.052589574     -0.37422637
           0.13           0.086           0.014      0.23237102    -0.050207016    -0.067877854      -0.3741601
           0.13           0.086           0.018      0.20654002    -0.051657106    -0.080570283     -0.37579286
           0.13           0.086           0.022      0.14288883      -0.0471707    -0.081387462     -0.37799329
           0.13           0.086           0.026     0.078069096     -0.03719081    -0.074113673     -0.37992918
           0.13           0.086            0.03     0.019820824    -0.026996811    -0.067101706     -0.38157091
           0.13           0.086           0.034    -0.032953369    -0.021477882    -0.064070809     -0.38248032
           0.13           0.086           0.038    -0.083392388    -0.020265954    -0.063686368      -0.3826228
           0.13           0.086           0.042      -0.1326454    -0.022562408     -0.06380204     -0.38193052
           0.13           0.086           0.046     -0.18037002    -0.026883275    -0.063439923     -0.38055086
           0.13           0.086            0.05      -0.2257409    -0.031998665    -0.063115114     -0.37867002
           0.13           0.086           0.054     -0.26905986    -0.037337594    -0.063370424     -0.37640532
           0.13           0.086           0.058     -0.31110001    -0.042768736    -0.064201305     -0.37381684
           0.13           0.086           0.062     -0.35240868    -0.048258936    -0.065337187     -0.37096905
           0.13           0.086           0.066      -0.3932641    -0.053830622    -0.066536458     -0.36791768
           0.13           0.086            0.07     -0.43363707    -0.059535951    -0.067601316     -0.36471647
           0.13           0.086           0.074     -0.47309215    -0.065415363    -0.068270715     -0.36141859
           0.13           0.086           0.078     -0.51060118    -0.071258488     -0.06823726     -0.35813517
           0.13           0.086           0.082     -0.54500056    -0.076482098    -0.067496265     -0.35499019
           0.13           0.086           0.086     -0.57356124    -0.080809867    -0.066241915     -0.35171231
           0.13           0.086            0.09     -0.58778622    -0.084930395    -0.064909368     -0.34841477
           0.13           0.086           0.094     -0.55746362    -0.091911314     -0.05930598     -0.34495813
           0.13           0.086           0.098     -0.25486873    -0.073412115    -0.029248957     -0.34206486
           0.13            0.09          -0.098     -0.16218771    -0.036778526      0.01692392     -0.34041804
           0.13            0.09          -0.094     -0.52783316    -0.064843729     0.057589458     -0.34131245
           0.13            0.09           -0.09     -0.60017401    -0.060926842     0.071895511     -0.34601191
           0.13            0.09          -0.086     -0.59478538    -0.055186652     0.074569435     -0.34852548
           0.13            0.09          -0.082     -0.57450438    -0.050117776     0.075272596     -0.35228024
           0.13            0.09          -0.078     -0.54895501    -0.046240825      0.07376464     -0.35617069
           0.13            0.09          -0.074     -0.51914663    -0.043073962      0.07079994     -0.35988952
           0.13            0.09           -0.07     -0.48646548    -0.040392647     0.067015025     -0.36331667
           0.13            0.09          -0.066     -0.45189876    -0.038079691     0.062606469     -0.36646008
           0.13            0.09          -0.062     -0.41556183    -0.036046967      0.05760506     -0.36933957
           0.13            0.09          -0.058     -0.37740671    -0.034112652     0.052130121     -0.37198259
           0.13            0.09          -0.054     -0.33720643    -0.032013001     0.046443626     -0.37441742
           0.13            0.09           -0.05     -0.29442035     -0.02935856     0.040962854     -0.37668567
           0.13            0.09          -0.046     -0.24810542    -0.025840537      0.03645026     -0.37878849
           0.13            0.09          -0.042     -0.19572817    -0.021352084     0.033902599     -0.38070071
           0.13            0.09          -0.038     -0.13424651    -0.016341114     0.033353771     -0.38236552
           0.13            0.09          -0.034    -0.068048468    -0.013652441     0.033315534      -0.3832462
           0.13            0.09           -0.03  -0.00069427062    -0.016210414     0.033714857     -0.38297158
           0.13            0.09          -0.026     0.077830544    -0.024919643     0.039070567     -0.38178651
           0.13            0.09          -0.022      0.17646392    -0.035061731     0.049026467     -0.37948672
           0.13            0.09          -0.018      0.25585187    -0.032177215     0.043282093     -0.37629549
           0.13            0.09          -0.014      0.25491388    -0.034826853     0.012807105     -0.37376871
           0.13            0.09           -0.01      0.21735477    -0.015475818   -0.0069358176     -0.37299912
           0.13            0.09          -0.006      0.20740963     0.023828693   -0.0086615433     -0.37337741
           0.13            0.09          -0.002      0.20617654     0.043427032    -0.010644829     -0.37346993
           0.13            0.09           0.002      0.20438839     0.039284685    -0.011997328     -0.37414203
           0.13            0.09           0.006      0.20396932     0.012663037    -0.015779687     -0.37483521
           0.13            0.09            0.01      0.21243954    -0.024836976    -0.024271083      -0.3744557
           0.13            0.09           0.014      0.23754327    -0.039447115    -0.043427426     -0.37384249
           0.13            0.09           0.018      0.25264405    -0.034690882    -0.072230816     -0.37496406
           0.13            0.09           0.022       0.2118133    -0.040456999    -0.091979759     -0.37748758
           0.13            0.09           0.026      0.14171322    -0.041935555    -0.092672994     -0.37960793
           0.13            0.09            0.03      0.06934494    -0.031772615    -0.079575936     -0.38125744
           0.13            0.09           0.034    0.0032212174    -0.023555259     -0.06701674     -0.38223394
           0.13            0.09           0.038    -0.057015214    -0.020201491    -0.061709031     -0.38253906
           0.13            0.09           0.042     -0.11318668      -0.0212586    -0.059121812     -0.38183787
           0.13            0.09           0.046     -0.16681063    -0.024577585    -0.056555805     -0.38040581
           0.13            0.09            0.05     -0.21645037    -0.028707783    -0.055477778     -0.37842211
           0.13            0.09           0.054     -0.26350311    -0.033411494     -0.05658311     -0.37596465
           0.13            0.09           0.058     -0.30938681     -0.03872253    -0.059290965     -0.37305975
           0.13            0.09           0.062     -0.35451584    -0.044508524    -0.062753533     -0.36977507
           0.13            0.09           0.066     -0.39911653    -0.050629267    -0.066560735     -0.36618857
           0.13            0.09            0.07      -0.4432298    -0.056984268     -0.07056866     -0.36236696
           0.13            0.09           0.074     -0.48611471    -0.063556628    -0.074360989     -0.35834571
           0.13            0.09           0.078     -0.52462792    -0.070378911    -0.076922159     -0.35448317
           0.13            0.09           0.082     -0.55835838    -0.076444573    -0.077661728     -0.35130543
           0.13            0.09           0.086      -0.5812164    -0.079745486    -0.076915587     -0.34874194
           0.13            0.09            0.09     -0.57988909    -0.081982122    -0.075274088      -0.3464836
           0.13            0.09           0.094     -0.45008328    -0.069643298    -0.054830251     -0.34253908
           0.13            0.09           0.098    -0.063225645    -0.017076791   -0.0049691832     -0.34243935
           0.13           0.094          -0.098     -0.02323625   -0.0080355781    0.0018016803     -0.34022469
           0.13           0.094          -0.094     -0.32453784    -0.034566072     0.040295346     -0.33977098
           0.13           0.094           -0.09     -0.52996942    -0.051606722     0.075606095     -0.34178278
           0.13           0.094          -0.086     -0.57848189    -0.051440923     0.086749011     -0.34488466
           0.13           0.094          -0.082     -0.56925672    -0.044673548     0.088401376     -0.34891693
           0.13           0.094          -0.078     -0.54767594    -0.039660239     0.084875684     -0.35333324
           0.13           0.094          -0.074     -0.51997976    -0.036410695     0.078572076     -0.35763097
           0.13           0.094           -0.07     -0.48828423    -0.033298595     0.071707595     -0.36156668
           0.13           0.094          -0.066     -0.45378123    -0.030430049      0.06464421     -0.36518045
           0.13           0.094          -0.062     -0.41603964    -0.027879916      0.05719723     -0.36849015
           0.13           0.094          -0.058     -0.37493273    -0.025490481       0.0494279     -0.37150237
           0.13           0.094          -0.054     -0.33043808    -0.023128871     0.041639725     -0.37421266
           0.13           0.094           -0.05     -0.28266161    -0.020700104     0.034314671      -0.3766527
           0.13           0.094          -0.046     -0.23296869    -0.018547798     0.028845514     -0.37879961
           0.13           0.094          -0.042     -0.17990428    -0.017247504      0.02728831     -0.38066364
           0.13           0.094          -0.038     -0.11419812    -0.016090171     0.030112177     -0.38227722
           0.13           0.094          -0.034    -0.038972044    -0.016572609     0.035212078     -0.38312794
           0.13           0.094           -0.03     0.041011306    -0.021834933     0.039936091     -0.38300086
           0.13           0.094          -0.026      0.14359615    -0.031457631     0.050968299     -0.38206763
           0.13           0.094          -0.022      0.23431628    -0.025405739     0.053293252     -0.37957176
           0.13           0.094          -0.018      0.27255438    -0.012249276     0.035709504     -0.37602311
           0.13           0.094          -0.014      0.24354696     -0.01884543    0.0084702624      -0.3734204
           0.13           0.094           -0.01      0.21251958    -0.014676999     -0.01477677     -0.37274776
           0.13           0.094          -0.006      0.20434374     0.015040367    -0.012539936     -0.37278908
           0.13           0.094          -0.002      0.20265349      0.03293986   -0.0050288971     -0.37283477
           0.13           0.094           0.002      0.20185949     0.030472982    0.0032556085     -0.37346638
           0.13           0.094           0.006      0.20195319    0.0092489853    0.0076921915     -0.37427411
           0.13           0.094            0.01      0.20391402    -0.019963761    0.0036744197      -0.3739724
           0.13           0.094           0.014       0.2196906    -0.026433481    -0.020211605      -0.3733952
           0.13           0.094           0.018      0.25377418    -0.012704862    -0.049598231     -0.37426771
           0.13           0.094           0.022      0.25823686    -0.014980036    -0.076955459     -0.37685381
           0.13           0.094           0.026      0.21413291     -0.03249628    -0.097576584      -0.3793831
           0.13           0.094            0.03       0.1504468    -0.038872092      -0.1000587     -0.38133535
           0.13           0.094           0.034     0.074171408    -0.029771371     -0.08396863     -0.38213024
           0.13           0.094           0.038   -0.0018614581    -0.021451196    -0.071781743     -0.38239405
           0.13           0.094           0.042     -0.06619722    -0.020980864    -0.064848684      -0.3817843
           0.13           0.094           0.046     -0.12591176    -0.021273753    -0.058423339     -0.38028823
           0.13           0.094            0.05     -0.17930916    -0.022247502    -0.055322042     -0.37815549
           0.13           0.094           0.054     -0.23087564    -0.024883251    -0.056699614     -0.37543562
           0.13           0.094           0.058     -0.28210113    -0.029449383    -0.061251983     -0.37213915
           0.13           0.094           0.062     -0.33143284    -0.035228806    -0.067227459       -0.368311
           0.13           0.094           0.066     -0.37899197    -0.041719506    -0.074027295      -0.3640728
           0.13           0.094            0.07     -0.42474558    -0.048584741    -0.081733692     -0.35958254
           0.13           0.094           0.074     -0.46862441     -0.05538826    -0.089595909      -0.3548374
           0.13           0.094           0.078     -0.50559436    -0.062690718    -0.094442655     -0.35015397
           0.13           0.094           0.082     -0.52563051    -0.069087397    -0.094236257     -0.34656891
           0.13           0.094           0.086     -0.51013897    -0.066980613    -0.087122378     -0.34453392
           0.13           0.094            0.09      -0.4127141     -0.05442186    -0.065098099     -0.34239818
           0.13           0.094           0.094     -0.18368608    -0.026024435    -0.027186821     -0.34200629
           0.13           0.094           0.098     0.039805813   -0.0056158943    0.0059007448     -0.34263899
           0.13           0.098          -0.098     0.043661625  -0.00048877723    0.0012639892     -0.34027493
           0.13           0.098          -0.094    -0.023104336  -0.00055185729     0.011200001     -0.34021988
           0.13           0.098           -0.09     -0.15830868    -0.014767981     0.042012649     -0.34067585
           0.13           0.098          -0.086     -0.31743688     -0.03084024     0.084183094     -0.34123476
           0.13           0.098          -0.082      -0.4061975    -0.030364095     0.097563226     -0.34506971
           0.13           0.098          -0.078     -0.42707134    -0.023238021     0.093910565     -0.35044677
           0.13           0.098          -0.074      -0.4234051    -0.019052778     0.084986029     -0.35530454
           0.13           0.098           -0.07     -0.40778445    -0.016642063     0.075388855      -0.3598039
           0.13           0.098          -0.066     -0.38249389     -0.01466419     0.065806037     -0.36394728
           0.13           0.098          -0.062     -0.34827385    -0.012819458     0.056471321     -0.36770913
           0.13           0.098          -0.058     -0.30524407    -0.011004013     0.047729485     -0.37109316
           0.13           0.098          -0.054      -0.2543766    -0.009242404     0.040052271     -0.37403745
           0.13           0.098           -0.05     -0.19847238     -0.00765092     0.033635918     -0.37652947
           0.13           0.098          -0.046     -0.14748033   -0.0071181466     0.030298432     -0.37850492
           0.13           0.098          -0.042     -0.10796393   -0.0084163227     0.032585924     -0.38008482
           0.13           0.098          -0.038    -0.057568397    -0.009850472     0.037963084     -0.38161514
           0.13           0.098          -0.034     0.004262313    -0.012096448     0.040488064     -0.38257669
           0.13           0.098           -0.03     0.070322997    -0.013515809     0.037462601     -0.38255131
           0.13           0.098          -0.026      0.16340033    -0.014491498     0.031289064     -0.38126546
           0.13           0.098          -0.022      0.21614155   -0.0027735919     0.016475257     -0.37898726
           0.13           0.098          -0.018      0.21711349    0.0018424666    0.0096842765     -0.37558013
           0.13           0.098          -0.014      0.18981543   -0.0035153525    0.0025444443     -0.37338055
           0.13           0.098           -0.01      0.17810391   -0.0080748309    -0.015236038     -0.37263472
           0.13           0.098          -0.006      0.18123585    0.0024243089    -0.020256182      -0.3720587
           0.13           0.098          -0.002      0.18238063     0.014051598   -0.0038629492     -0.37165922
           0.13           0.098           0.002      0.18213216     0.013700765     0.015213789     -0.37211342
           0.13           0.098           0.006      0.17956072    0.0027947324     0.028858931     -0.37306408
           0.13           0.098            0.01      0.17267382   -0.0092293772     0.020194585      -0.3733618
           0.13           0.098           0.014      0.16936866   -0.0088974065   -0.0034925554     -0.37326649
           0.13           0.098           0.018      0.19364751   -0.0012242411    -0.021111597     -0.37419318
           0.13           0.098           0.022      0.21317504    0.0022362391    -0.029798577     -0.37636226
           0.13           0.098           0.026      0.20841734   -0.0023866797    -0.041880629     -0.37875734
           0.13           0.098            0.03      0.17491161    -0.015606601    -0.064103894     -0.38026364
           0.13           0.098           0.034       0.1169844    -0.016726231    -0.079478155     -0.38123522
           0.13           0.098           0.038     0.067736363   -0.0091680969    -0.080512728     -0.38186609
           0.13           0.098           0.042     0.018110407   -0.0082598651    -0.073313479     -0.38142109
           0.13           0.098           0.046    -0.027839747   -0.0087724093    -0.067604348     -0.38004141
           0.13           0.098            0.05    -0.071784701   -0.0088153938     -0.06552717     -0.37798789
           0.13           0.098           0.054     -0.11976322    -0.010289168     -0.06706918     -0.37520706
           0.13           0.098           0.058     -0.17170762    -0.013388151    -0.071285629     -0.37156559
           0.13           0.098           0.062     -0.22113635    -0.016965051    -0.077213994     -0.36710232
           0.13           0.098           0.066     -0.26407974    -0.020947959    -0.084665299     -0.36201627
           0.13           0.098            0.07     -0.29744673    -0.025844344    -0.093831551     -0.35656802
           0.13           0.098           0.074     -0.31637702    -0.032005551     -0.10234144     -0.35096477
           0.13           0.098           0.078     -0.30658931    -0.037436441     -0.10344977      -0.3457234
           0.13           0.098           0.082     -0.24271628    -0.034268632    -0.088427099     -0.34310317
           0.13           0.098           0.086     -0.12964853    -0.017749996    -0.049895878     -0.34317367
           0.13           0.098            0.09    -0.019683376   -0.0011591324    -0.014742562     -0.34280327
           0.13           0.098           0.094      0.04695363    0.0043048026   -0.0037333998     -0.34267415
           0.13           0.098           0.098     0.061551373   0.00057088986    0.0023384919     -0.34272298
