#       point_x         point_y         point_z             U_x             U_y             U_z               p
            0.1          -0.096          -0.096      -0.8635344    0.0012043897    0.0012530244     -0.54727855
            0.1            -0.1          -0.096               0               0               0     -0.54705778
            0.1            -0.1            -0.1               0               0               0      -0.5468387
            0.1          -0.096            -0.1               0               0               0      -0.5470545
            0.1          -0.092          -0.096      -0.9311395    0.0012025342    0.0010925603     -0.54796254
            0.1          -0.092            -0.1               0               0               0     -0.54771884
            0.1          -0.088          -0.096     -0.92293184   9.9568882e-05    0.0012151706     -0.54898233
            0.1          -0.088            -0.1               0               0               0     -0.54873089
            0.1          -0.084          -0.096     -0.89317721   -0.0015590325    0.0015763743      -0.5501475
            0.1          -0.084            -0.1               0               0               0     -0.54991069
            0.1           -0.08          -0.096      -0.8555241   -0.0037219325     0.001771694     -0.55136329
            0.1           -0.08            -0.1               0               0               0     -0.55113979
            0.1          -0.076          -0.096     -0.81363893   -0.0065719816    0.0021828268     -0.55250525
            0.1          -0.076            -0.1               0               0               0     -0.55230359
            0.1          -0.072          -0.096     -0.76908378    -0.010396838    0.0030155904     -0.55345246
            0.1          -0.072            -0.1               0               0               0     -0.55328385
            0.1          -0.068          -0.096     -0.72257718    -0.015551377    0.0043168802     -0.55408001
            0.1          -0.068            -0.1               0               0               0     -0.55395988
            0.1          -0.064          -0.096     -0.67420042    -0.022443548    0.0061283815      -0.5542629
            0.1          -0.064            -0.1               0               0               0     -0.55421357
            0.1           -0.06          -0.096     -0.62421359    -0.031425414    0.0084642001     -0.55390738
            0.1           -0.06            -0.1               0               0               0     -0.55394661
            0.1          -0.056          -0.096     -0.57324397    -0.042844855     0.011132938     -0.55295857
            0.1          -0.056            -0.1               0               0               0     -0.55309762
            0.1          -0.052          -0.096     -0.52145787    -0.057018362     0.013962383     -0.55143381
            0.1          -0.052            -0.1               0               0               0     -0.55166745
            0.1          -0.048          -0.096     -0.46942067    -0.074067316     0.016919314      -0.5494405
            0.1          -0.048            -0.1               0               0               0     -0.54977459
            0.1          -0.044          -0.096     -0.41779936    -0.093771776     0.019677075     -0.54713637
            0.1          -0.044            -0.1               0               0               0     -0.54758516
            0.1           -0.04          -0.096     -0.36617011     -0.11504615     0.021971045     -0.54459179
            0.1           -0.04            -0.1               0               0               0     -0.54512027
            0.1          -0.036          -0.096     -0.31174797     -0.13543167     0.024231123     -0.54181729
            0.1          -0.036            -0.1               0               0               0     -0.54234093
            0.1          -0.032          -0.096     -0.24930096     -0.15072886     0.026523692     -0.53884748
            0.1          -0.032            -0.1               0               0               0     -0.53925418
            0.1          -0.028          -0.096     -0.17370231     -0.15562031     0.028053064     -0.53559473
            0.1          -0.028            -0.1               0               0               0     -0.53576459
            0.1          -0.024          -0.096    -0.083119253     -0.14671359     0.027707588     -0.53200189
            0.1          -0.024            -0.1               0               0               0     -0.53183318
            0.1           -0.02          -0.096     0.017799429     -0.12649874     0.024603306     -0.52849491
            0.1           -0.02            -0.1               0               0               0     -0.52798523
            0.1          -0.016          -0.096      0.11527413       -0.102303     0.020216791      -0.5254854
            0.1          -0.016            -0.1               0               0               0     -0.52478284
            0.1          -0.012          -0.096      0.20051276    -0.077462625     0.016884294     -0.52308958
            0.1          -0.012            -0.1               0               0               0     -0.52235982
            0.1          -0.008          -0.096      0.27270788    -0.050580709     0.015103575     -0.52161102
            0.1          -0.008            -0.1               0               0               0     -0.52100392
            0.1          -0.004          -0.096      0.32486322    -0.021983645     0.013922007     -0.52151345
            0.1          -0.004            -0.1               0               0               0     -0.52106426
            0.1  -1.9825411e-18          -0.096      0.33698626    0.0084871623     0.013105489     -0.52261964
            0.1  -1.9825411e-18            -0.1               0               0               0     -0.52220861
            0.1           0.004          -0.096      0.30002292     0.039128311     0.013228956     -0.52466491
            0.1           0.004            -0.1               0               0               0     -0.52415879
            0.1           0.008          -0.096      0.23241989     0.067580984     0.014225181     -0.52771583
            0.1           0.008            -0.1               0               0               0     -0.52707336
            0.1           0.012          -0.096      0.15110102     0.093869535     0.016297161     -0.53137709
            0.1           0.012            -0.1               0               0               0     -0.53071773
            0.1           0.016          -0.096     0.058732901      0.11895077     0.019929888     -0.53513104
            0.1           0.016            -0.1               0               0               0     -0.53457372
            0.1            0.02          -0.096    -0.040842288      0.14228917     0.023972828     -0.53881922
            0.1            0.02            -0.1               0               0               0     -0.53849295
            0.1           0.024          -0.096     -0.13542164      0.15758851     0.026304037     -0.54224504
            0.1           0.024            -0.1               0               0               0     -0.54222544
            0.1           0.028          -0.096     -0.21585934      0.15959999     0.026369594     -0.54508023
            0.1           0.028            -0.1               0               0               0     -0.54530066
            0.1           0.032          -0.096     -0.28098938      0.14904999     0.024835252     -0.54740192
            0.1           0.032            -0.1               0               0               0      -0.5477954
            0.1           0.036          -0.096     -0.33421442      0.13022916     0.022459312     -0.54947936
            0.1           0.036            -0.1               0               0               0     -0.54995684
            0.1            0.04          -0.096     -0.38123455      0.10825755     0.019956377     -0.55140438
            0.1            0.04            -0.1               0               0               0     -0.55186947
            0.1           0.044          -0.096     -0.42710926     0.086817001     0.017495595     -0.55314173
            0.1           0.044            -0.1               0               0               0      -0.5535237
            0.1           0.048          -0.096      -0.4743139     0.067782323      0.01477345     -0.55467604
            0.1           0.048            -0.1               0               0               0     -0.55494261
            0.1           0.052          -0.096     -0.52299339     0.051850296     0.011828447     -0.55592387
            0.1           0.052            -0.1               0               0               0     -0.55608679
            0.1           0.056          -0.096     -0.57238124     0.039018545    0.0090700967     -0.55673918
            0.1           0.056            -0.1               0               0               0     -0.55680634
            0.1            0.06          -0.096     -0.62196295      0.02896206    0.0068262905     -0.55703404
            0.1            0.06            -0.1               0               0               0     -0.55701562
            0.1           0.064          -0.096     -0.67117256     0.021237601    0.0051737804     -0.55680855
            0.1           0.064            -0.1               0               0               0     -0.55672394
            0.1           0.068          -0.096     -0.71948691     0.015353625    0.0037505391     -0.55612919
            0.1           0.068            -0.1               0               0               0     -0.55599459
            0.1           0.072          -0.096     -0.76677562     0.010882582     0.002879632     -0.55508952
            0.1           0.072            -0.1               0               0               0     -0.55492782
            0.1           0.076          -0.096     -0.81247679      0.00742009    0.0026829136     -0.55380107
            0.1           0.076            -0.1               0               0               0     -0.55362689
            0.1            0.08          -0.096     -0.85577952    0.0045889726    0.0025080423     -0.55238437
            0.1            0.08            -0.1               0               0               0      -0.5521964
            0.1           0.084          -0.096     -0.89499418    0.0021343506    0.0023411388       -0.550954
            0.1           0.084            -0.1               0               0               0     -0.55075151
            0.1           0.088          -0.096      -0.9258213   2.7228245e-05    0.0022518551      -0.5496135
            0.1           0.088            -0.1               0               0               0     -0.54939228
            0.1           0.092          -0.096     -0.93418254   -0.0015385598    0.0018945547     -0.54847962
            0.1           0.092            -0.1               0               0               0     -0.54823456
            0.1           0.096          -0.096     -0.86696321   -0.0018658923    0.0011426924     -0.54772182
            0.1           0.096            -0.1               0               0               0     -0.54749107
            0.1             0.1            -0.1               0               0               0     -0.54725731
            0.1             0.1          -0.096               0               0               0     -0.54746195
            0.1          -0.096          -0.092     -0.93146526    0.0012157698    0.0012001118     -0.54795807
            0.1            -0.1          -0.092               0               0               0     -0.54772535
            0.1          -0.092          -0.092     -0.96023513    0.0010864646    0.0010558303     -0.54866001
            0.1          -0.088          -0.092     -0.93543279   0.00015894538    0.0012708527     -0.54967897
            0.1          -0.084          -0.092     -0.89721882   -0.0013436978    0.0017302484     -0.55082296
            0.1           -0.08          -0.092     -0.85366185   -0.0035408475    0.0024617853     -0.55200324
            0.1          -0.076          -0.092     -0.80711426   -0.0067064314    0.0036465081     -0.55309102
            0.1          -0.072          -0.092     -0.75849812    -0.011175342    0.0054689382      -0.5539588
            0.1          -0.068          -0.092     -0.70822868    -0.017331693    0.0080971306     -0.55447379
            0.1          -0.064          -0.092      -0.6565195    -0.025549528     0.011641221     -0.55450793
            0.1           -0.06          -0.092     -0.60359803    -0.036141094     0.016112061     -0.55397237
            0.1          -0.056          -0.092     -0.54969071    -0.049350961     0.021374772     -0.55282619
            0.1          -0.052          -0.092     -0.49500012    -0.065325336     0.027096525     -0.55111219
            0.1          -0.048          -0.092     -0.43977784    -0.083959009     0.032790665       -0.548947
            0.1          -0.044          -0.092     -0.38390703     -0.10464488     0.037944103     -0.54649581
            0.1           -0.04          -0.092     -0.32616067     -0.12585492     0.042242429     -0.54389244
            0.1          -0.036          -0.092     -0.26380367     -0.14460056     0.045465885     -0.54122523
            0.1          -0.032          -0.092     -0.19339127     -0.15650987     0.047084501     -0.53855738
            0.1          -0.028          -0.092     -0.11285452      -0.1575707     0.046459986       -0.535797
            0.1          -0.024          -0.092    -0.023451336       -0.146873     0.043208449     -0.53284207
            0.1           -0.02          -0.092     0.068700791     -0.12811819     0.037785654     -0.52989124
            0.1          -0.016          -0.092      0.15669513     -0.10594322     0.032035417     -0.52716286
            0.1          -0.012          -0.092      0.23804991    -0.081397519     0.027658304     -0.52485258
            0.1          -0.008          -0.092      0.30997313    -0.053750051     0.024891125     -0.52332611
            0.1          -0.004          -0.092      0.36243513    -0.023986241     0.023069631     -0.52312577
            0.1  -1.9825411e-18          -0.092      0.37380506    0.0073212178     0.022052893     -0.52418075
            0.1           0.004          -0.092      0.33548593     0.038760243     0.022152637     -0.52621983
            0.1           0.008          -0.092      0.26687967     0.068029789     0.023347239     -0.52926066
            0.1           0.012          -0.092      0.18676578     0.094343136      0.02589664     -0.53282741
            0.1           0.016          -0.092      0.10124691      0.11776141     0.030130548      -0.5364119
            0.1            0.02          -0.092     0.011658662      0.13874464      0.03543599      -0.5397612
            0.1           0.024          -0.092    -0.077087043      0.15422675     0.040155396     -0.54270324
            0.1           0.028          -0.092      -0.1581856      0.15958571     0.042947413      -0.5451092
            0.1           0.032          -0.092     -0.22887708       0.1534568     0.043393487     -0.54708447
            0.1           0.036          -0.092     -0.28983065      0.13803074       0.0416393     -0.54893371
            0.1            0.04          -0.092     -0.34421698      0.11755192     0.038269773     -0.55078535
            0.1           0.044          -0.092     -0.39571204     0.096026604     0.033848766     -0.55259119
            0.1           0.048          -0.092     -0.44686298     0.075910453      0.02869697     -0.55427478
            0.1           0.052          -0.092     -0.49858888     0.058331779     0.023197205     -0.55569819
            0.1           0.056          -0.092      -0.5508038     0.043649275     0.017881933      -0.5567026
            0.1            0.06          -0.092     -0.60317882     0.031801742     0.013214899     -0.55718074
            0.1           0.064          -0.092     -0.65536804     0.022546248    0.0094662406     -0.55711155
            0.1           0.068          -0.092     -0.70704828     0.015524819    0.0067058591     -0.55655292
            0.1           0.072          -0.092      -0.7579203     0.010358559    0.0048832276     -0.55559458
            0.1           0.076          -0.092     -0.80755907    0.0066634087    0.0038289916     -0.55435886
            0.1            0.08          -0.092     -0.85534305    0.0040309053    0.0032817542     -0.55298221
            0.1           0.084          -0.092     -0.90017113    0.0021015981     0.002988275     -0.55158703
            0.1           0.088          -0.092     -0.93941879   0.00064864321    0.0026939904     -0.55028465
            0.1           0.092          -0.092     -0.96480679  -0.00045370036    0.0021576828     -0.54918605
            0.1           0.096          -0.092     -0.93617288  -0.00086319002    0.0012695023     -0.54841059
            0.1             0.1          -0.092               0               0               0     -0.54811884
            0.1          -0.096          -0.088       -0.923132    0.0013693822   9.8874861e-05     -0.54897764
            0.1            -0.1          -0.088               0               0               0     -0.54873816
            0.1          -0.092          -0.088     -0.93545304    0.0013076525   0.00013685961     -0.54967093
            0.1          -0.088          -0.088     -0.90532078   0.00058630749   0.00054433367     -0.55067613
            0.1          -0.084          -0.088     -0.86563703  -0.00079608988    0.0012793735     -0.55181458
            0.1           -0.08          -0.088     -0.82167727   -0.0030360685    0.0024916782     -0.55296574
            0.1          -0.076          -0.088     -0.77498811   -0.0064331314    0.0044182329     -0.55400556
            0.1          -0.072          -0.088     -0.72623672    -0.011337158    0.0072860203     -0.55480552
            0.1          -0.068          -0.088     -0.67575604    -0.018104453     0.011284608     -0.55523177
            0.1          -0.064          -0.088     -0.62373415    -0.027051686     0.016512305     -0.55516254
            0.1           -0.06          -0.088     -0.57030217    -0.038412672     0.022929551     -0.55451169
            0.1          -0.056          -0.088     -0.51555068    -0.052292705     0.030324977     -0.55324807
            0.1          -0.052          -0.088     -0.45954431     -0.06861404      0.03825681     -0.55142366
            0.1          -0.048          -0.088     -0.40223093    -0.086998128     0.046078177     -0.54917761
            0.1          -0.044          -0.088     -0.34316695     -0.10653641     0.053014123       -0.546702
            0.1           -0.04          -0.088     -0.28121273     -0.12544782     0.058256743      -0.5441734
            0.1          -0.036          -0.088      -0.2146068     -0.14089868     0.060987746     -0.54173096
            0.1          -0.032          -0.088     -0.14182392     -0.14957883     0.060475256     -0.53942653
            0.1          -0.028          -0.088    -0.062952306     -0.14918721     0.056547674     -0.53712272
            0.1          -0.024          -0.088     0.019634727     -0.13986483     0.049903668     -0.53464704
            0.1           -0.02          -0.088      0.10178839     -0.12416083     0.042173579     -0.53200785
            0.1          -0.016          -0.088      0.18046882     -0.10441783     0.035395927     -0.52938686
            0.1          -0.012          -0.088      0.25444512    -0.081138488     0.030870141     -0.52713612
            0.1          -0.008          -0.088      0.32033619    -0.054241989     0.028656894     -0.52568889
            0.1          -0.004          -0.088      0.36813604    -0.024708803     0.027653239     -0.52552724
            0.1               0          -0.088      0.37800383    0.0066715975     0.026825439     -0.52652807
            0.1           0.004          -0.088      0.34276141     0.037745789     0.026096679     -0.52839912
            0.1           0.008          -0.088      0.28009889     0.065966353     0.026179635     -0.53121499
            0.1           0.012          -0.088      0.20716497     0.090707305     0.028191815     -0.53462879
            0.1           0.016          -0.088      0.13014074      0.11176286     0.032655167     -0.53813728
            0.1            0.02          -0.088     0.050618549       0.1292628     0.039083592     -0.54136775
            0.1           0.024          -0.088    -0.029368901      0.14184277     0.046076993     -0.54407079
            0.1           0.028          -0.088     -0.10634296       0.1469685     0.051888649      -0.5461747
            0.1           0.032          -0.088     -0.17758234      0.14328294     0.055140612     -0.54784948
            0.1           0.036          -0.088     -0.24225591      0.13166676      0.05515263     -0.54943224
            0.1            0.04          -0.088     -0.30146314       0.1147487     0.052115713      -0.5511067
            0.1           0.044          -0.088     -0.35726735     0.095636195     0.046770344     -0.55285306
            0.1           0.048          -0.088     -0.41150219     0.076743536     0.039948757     -0.55455727
            0.1           0.052          -0.088     -0.46517975     0.059486692     0.032475221      -0.5560524
            0.1           0.056          -0.088     -0.51859049     0.044535255     0.025127816     -0.55715763
            0.1            0.06          -0.088     -0.57167815     0.032116102     0.018522702     -0.55774874
            0.1           0.064          -0.088     -0.62427515      0.02220435     0.013041191     -0.55779074
            0.1           0.068          -0.088     -0.67616915     0.014615889    0.0088377685     -0.55732538
            0.1           0.072          -0.088     -0.72710254    0.0090700575    0.0058885328     -0.55644311
            0.1           0.076          -0.088     -0.77672648    0.0052211744    0.0040226546     -0.55526545
            0.1            0.08          -0.088     -0.82451882     0.002689421    0.0029745072     -0.55392557
            0.1           0.084          -0.088     -0.86962887    0.0011011606    0.0024412603     -0.55255668
            0.1           0.088          -0.088     -0.91032721   0.00013345452    0.0020981295     -0.55127833
            0.1           0.092          -0.088     -0.94117545  -0.00047830145    0.0016134493      -0.5501968
            0.1           0.096          -0.088       -0.929121  -0.00061540934   0.00075702926     -0.54942466
            0.1             0.1          -0.088               0               0               0     -0.54913066
            0.1          -0.096          -0.084     -0.89319064    0.0015814909    -0.001559434     -0.55015265
            0.1            -0.1          -0.084               0               0               0     -0.54991933
            0.1          -0.092          -0.084     -0.89721095     0.001757408   -0.0013624167      -0.5508253
            0.1          -0.088          -0.084     -0.86562756    0.0013206866   -0.0008389068     -0.55181668
            0.1          -0.084          -0.084     -0.82627073   0.00016020418    0.0001094431     -0.55296132
            0.1           -0.08          -0.084     -0.78314004   -0.0019757636    0.0017575104      -0.5541184
            0.1          -0.076          -0.084     -0.73736099   -0.0054058564    0.0043895681     -0.55515521
            0.1          -0.072          -0.084     -0.68943527    -0.010471074    0.0082511965     -0.55594815
            0.1          -0.068          -0.084      -0.6396157    -0.017492072     0.013519717     -0.55637315
            0.1          -0.064          -0.084     -0.58801976    -0.026721577     0.020250662     -0.55631515
            0.1           -0.06          -0.084     -0.53468267    -0.038296262     0.028327555     -0.55569267
            0.1          -0.056          -0.084     -0.47958091     -0.05218275     0.037420032     -0.55447815
            0.1          -0.052          -0.084     -0.42262458    -0.068108977     0.046936679     -0.55272234
            0.1          -0.048          -0.084     -0.36358636    -0.085458438     0.056018448     -0.55056345
            0.1          -0.044          -0.084     -0.30197464      -0.1031107     0.063589119     -0.54820399
            0.1           -0.04          -0.084     -0.23698343     -0.11929229     0.068475935     -0.54585239
            0.1          -0.036          -0.084     -0.16775841     -0.13168947     0.069616608     -0.54366167
            0.1          -0.032          -0.084    -0.094067234     -0.13809219     0.066460088     -0.54164245
            0.1          -0.028          -0.084     -0.01696888     -0.13730056     0.059464583     -0.53959428
            0.1          -0.024          -0.084     0.061187801      -0.1296539     0.050197418     -0.53728208
            0.1           -0.02          -0.084      0.13762605     -0.11655317     0.040876576     -0.53466815
            0.1          -0.016          -0.084      0.21029521     -0.09912709     0.033498955     -0.53199684
            0.1          -0.012          -0.084      0.27753028    -0.077765793      0.02910489     -0.52972193
            0.1          -0.008          -0.084      0.33587058    -0.052650439     0.027525963     -0.52829121
            0.1          -0.004          -0.084      0.37692722    -0.024551856     0.027325584      -0.5281048
            0.1  -1.9825411e-18          -0.084      0.38525083    0.0056248714     0.026833024     -0.52902339
            0.1           0.004          -0.084      0.35548779     0.035109962     0.025639144     -0.53076045
            0.1           0.008          -0.084      0.30130965     0.061254052     0.024925384     -0.53341134
            0.1           0.012          -0.084      0.23627559     0.083700225     0.026361738     -0.53674009
            0.1           0.016          -0.084      0.16592459      0.10225881     0.030759869     -0.54027116
            0.1            0.02          -0.084      0.09234993      0.11686021     0.037835085     -0.54357781
            0.1           0.024          -0.084     0.017189042       0.1268571     0.046368978     -0.54630697
            0.1           0.028          -0.084     -0.05726368      0.13103239     0.054486099     -0.54834671
            0.1           0.032          -0.084     -0.12872795      0.12855188     0.060270635     -0.54988971
            0.1           0.036          -0.084     -0.19586917      0.11975824     0.062414304     -0.55128757
            0.1            0.04          -0.084     -0.25861642      0.10614417     0.060612408     -0.55277244
            0.1           0.044          -0.084     -0.31786308     0.089849399     0.055457024     -0.55436584
            0.1           0.048          -0.084     -0.37474574     0.072893238     0.047983314     -0.55595011
            0.1           0.052          -0.084     -0.43011193     0.056736982     0.039323936     -0.55734398
            0.1           0.056          -0.084     -0.48439445      0.04226923     0.030511664     -0.55836795
            0.1            0.06          -0.084     -0.53773679     0.029953114       0.0223527     -0.55890354
            0.1           0.064          -0.084     -0.59013323     0.019957952     0.015376175     -0.55891498
            0.1           0.068          -0.084     -0.64149335     0.012247314    0.0098476902     -0.55843739
            0.1           0.072          -0.084     -0.69164781    0.0066397804    0.0058114505       -0.557555
            0.1           0.076          -0.084     -0.74032686    0.0028530821    0.0031393753     -0.55637932
            0.1            0.08          -0.084     -0.78711226   0.00054550355    0.0015876527     -0.55503571
            0.1           0.084          -0.084     -0.83134216   -0.0006573338   0.00083691371     -0.55366253
            0.1           0.088          -0.084     -0.87173673   -0.0011221833   0.00051896051     -0.55238889
            0.1           0.092          -0.084     -0.90417292   -0.0011764098   0.00023938517     -0.55132565
            0.1           0.096          -0.084     -0.90060195  -0.00084947455  -0.00032237297     -0.55057563
            0.1             0.1          -0.084               0               0               0      -0.5502911
            0.1          -0.096           -0.08      -0.8555244    0.0017846008   -0.0037374202     -0.55137421
            0.1            -0.1           -0.08               0               0               0     -0.55115119
            0.1          -0.092           -0.08     -0.85363671     0.002490786   -0.0035734857     -0.55201224
            0.1          -0.088           -0.08      -0.8216514    0.0025336802   -0.0030883027     -0.55297165
            0.1          -0.084           -0.08     -0.78312485    0.0018099319   -0.0020346869     -0.55412118
            0.1           -0.08           -0.08     -0.74120163   1.6429089e-05  -4.1837469e-05     -0.55531812
            0.1          -0.076           -0.08     -0.69671533   -0.0031874964    0.0032173968     -0.55641288
            0.1          -0.072           -0.08     -0.65000765   -0.0081246077    0.0079808688     -0.55727489
            0.1          -0.068           -0.08      -0.6012179    -0.015067428     0.014378907     -0.55779425
            0.1          -0.064           -0.08     -0.55036575    -0.024201331      0.02239404     -0.55786767
            0.1           -0.06           -0.08     -0.49737534    -0.035568645     0.031803883     -0.55741802
            0.1          -0.056           -0.08      -0.4420969    -0.049011491     0.042133911     -0.55641917
            0.1          -0.052           -0.08     -0.38430413     -0.06410678     0.052613636     -0.55491621
            0.1          -0.048           -0.08     -0.32366487    -0.080087617     0.062167301     -0.55303461
            0.1          -0.044           -0.08     -0.25971445    -0.095769745     0.069481233     -0.55096141
            0.1           -0.04           -0.08     -0.19193117     -0.10955964      0.07320038     -0.54888708
            0.1          -0.036           -0.08     -0.12002673     -0.11968906     0.072293565     -0.54692297
            0.1          -0.032           -0.08    -0.044400239      -0.1247065     0.066555467     -0.54501038
            0.1          -0.028           -0.08     0.033563343      -0.1239269      0.05698315      -0.5429074
            0.1          -0.024           -0.08      0.11167151     -0.11756587     0.045654065     -0.54038564
            0.1           -0.02           -0.08      0.18745627     -0.10631408     0.035042615     -0.53748899
            0.1          -0.016           -0.08      0.25853668    -0.090778512     0.027142382     -0.53459826
            0.1          -0.012           -0.08      0.32231951    -0.071428133     0.022894054     -0.53224235
            0.1          -0.008           -0.08      0.37506695    -0.048687313     0.021934342     -0.53083146
            0.1          -0.004           -0.08      0.41021709    -0.023266386     0.022503301     -0.53063471
            0.1               0           -0.08      0.41727305    0.0039422529     0.022423768     -0.53147871
            0.1           0.004           -0.08       0.3927012     0.030367458     0.021007628     -0.53309226
            0.1           0.008           -0.08      0.34571165     0.053724904     0.019707905     -0.53557917
            0.1           0.012           -0.08      0.28606239     0.073746606     0.020642108     -0.53882367
            0.1           0.016           -0.08      0.21866834      0.09017907     0.024968831     -0.54244683
            0.1            0.02           -0.08      0.14632879      0.10275127     0.032583054     -0.54600727
            0.1           0.024           -0.08     0.071294899       0.1110079     0.042327859     -0.54904497
            0.1           0.028           -0.08   -0.0041217292      0.11436262     0.052251688     -0.55133366
            0.1           0.032           -0.08    -0.077733981      0.11242618     0.060164472     -0.55299278
            0.1           0.036           -0.08     -0.14798744      0.10541491     0.064367727     -0.55434581
            0.1            0.04           -0.08     -0.21426746     0.094244974     0.064151668     -0.55565838
            0.1           0.044           -0.08     -0.27680367     0.080366922     0.059842636      -0.5570083
            0.1           0.048           -0.08     -0.33625615       0.0653627     0.052458896     -0.55831936
            0.1           0.052           -0.08     -0.39329786     0.050577769     0.043281748     -0.55943772
            0.1           0.056           -0.08     -0.44841362     0.036981672     0.033538241     -0.56020868
            0.1            0.06           -0.08     -0.50189169     0.025184996     0.024220786     -0.56053102
            0.1           0.064           -0.08     -0.55387965     0.015503074     0.016021539     -0.56037506
            0.1           0.068           -0.08     -0.60442224    0.0080209815    0.0093384598     -0.55977276
            0.1           0.072           -0.08     -0.65346337    0.0026515737    0.0043184924     -0.55879661
            0.1           0.076           -0.08     -0.70084212  -0.00081491879   0.00091344379     -0.55754355
            0.1            0.08           -0.08     -0.74628494   -0.0026791891   -0.0010754863     -0.55613986
            0.1           0.084           -0.08     -0.78931491   -0.0033145376   -0.0019665814     -0.55473513
            0.1           0.088           -0.08      -0.8289558   -0.0031140686   -0.0021571669     -0.55346489
            0.1           0.092           -0.08     -0.86193373   -0.0024377564   -0.0020920236     -0.55243914
            0.1           0.096           -0.08     -0.86433992   -0.0013393949   -0.0021547169     -0.55173858
            0.1             0.1           -0.08               0               0               0     -0.55147701
            0.1          -0.096          -0.076      -0.8137678    0.0021333738   -0.0066095164      -0.5525236
            0.1            -0.1          -0.076               0               0               0     -0.55231636
            0.1          -0.092          -0.076     -0.80708347    0.0036709596   -0.0067642736     -0.55311018
            0.1          -0.088          -0.076     -0.77494283    0.0044566155   -0.0064997887     -0.55401696
            0.1          -0.084          -0.076     -0.73732643    0.0044391764   -0.0054724795     -0.55516158
            0.1           -0.08          -0.076     -0.69669672    0.0032702006   -0.0032480219     -0.55641569
            0.1          -0.076          -0.076     -0.65364373   0.00058068258    0.0005303087      -0.5576278
            0.1          -0.072          -0.076      -0.6083278   -0.0039452292    0.0060834169     -0.55864576
            0.1          -0.068          -0.076     -0.56072877    -0.010524658      0.01346522     -0.55935496
            0.1          -0.064          -0.076     -0.51073739     -0.01926607     0.022549172     -0.55966915
            0.1           -0.06          -0.076     -0.45814364    -0.030126484     0.032983644     -0.55951826
            0.1          -0.056          -0.076     -0.40265241    -0.042849438     0.044134386     -0.55887376
            0.1          -0.052          -0.076     -0.34389384    -0.056911919     0.055047363     -0.55776732
            0.1          -0.048          -0.076     -0.28142937    -0.071480926     0.064460862     -0.55629604
            0.1          -0.044          -0.076     -0.21477907    -0.085410958     0.070920441     -0.55460221
            0.1           -0.04          -0.076      -0.1435385    -0.097337023     0.073052931     -0.55281494
            0.1          -0.036          -0.076    -0.067633064     -0.10591171     0.070002922      -0.5509684
            0.1          -0.032          -0.076     0.012333009     -0.11009958     0.061911127     -0.54892833
            0.1          -0.028          -0.076      0.09491166     -0.10940396     0.050158962     -0.54644777
            0.1          -0.024          -0.076      0.17791588     -0.10385614     0.037110382     -0.54338076
            0.1           -0.02          -0.076      0.25860507    -0.093781272     0.025350287     -0.53996023
            0.1          -0.016          -0.076      0.33356228    -0.079720528     0.016879867      -0.5367442
            0.1          -0.012          -0.076      0.39862293    -0.062417698     0.012593123     -0.53427153
            0.1          -0.008          -0.076      0.44932384    -0.042580893     0.011967861     -0.53285782
            0.1          -0.004          -0.076      0.48080013      -0.0209113     0.013020407     -0.53264231
            0.1  -1.9825411e-18          -0.076      0.48703648    0.0018818149     0.013310345     -0.53342083
            0.1           0.004          -0.076      0.46617039     0.024004624     0.011959291     -0.53494257
            0.1           0.008          -0.076      0.42358409     0.043896326     0.010458295     -0.53730347
            0.1           0.012          -0.076      0.36543509     0.061352334     0.011183242     -0.54047515
            0.1           0.016          -0.076      0.29607991     0.075993834     0.015615638     -0.54421215
            0.1            0.02          -0.076      0.21954757      0.08724138     0.023805689      -0.5481297
            0.1           0.024          -0.076      0.13948237     0.094500646     0.034610574     -0.55171466
            0.1           0.028          -0.076     0.058864452     0.097368435     0.046055238     -0.55455248
            0.1           0.032          -0.076    -0.019945074     0.095721788     0.055805333     -0.55658354
            0.1           0.036          -0.076    -0.095221204      0.08980759     0.061908124     -0.55807499
            0.1            0.04          -0.076     -0.16610207     0.080303698      0.06336483     -0.55930205
            0.1           0.044          -0.076     -0.23253625      0.06826291     0.060239926     -0.56039867
            0.1           0.048          -0.076     -0.29496169     0.054928455     0.053421542     -0.56135779
            0.1           0.052          -0.076     -0.35397491     0.041483506     0.044213328      -0.5620867
            0.1           0.056          -0.076     -0.41012151     0.028887927     0.033961555     -0.56247837
            0.1            0.06          -0.076     -0.46382857     0.017822745     0.023817753      -0.5624622
            0.1           0.064          -0.076     -0.51540574    0.0086983477     0.014635913     -0.56202295
            0.1           0.068          -0.076     -0.56504261    0.0016969062    0.0069647947     -0.56118456
            0.1           0.072          -0.076     -0.61282156   -0.0031751744    0.0010856175     -0.56000693
            0.1           0.076          -0.076     -0.65877322   -0.0060572278   -0.0029478426      -0.5585941
            0.1            0.08          -0.076     -0.70281494   -0.0072235623   -0.0052815117     -0.55708562
            0.1           0.084          -0.076     -0.74462494   -0.0070507244   -0.0062217005      -0.5556343
            0.1           0.088          -0.076     -0.78347111   -0.0059484934   -0.0061767974     -0.55437474
            0.1           0.092          -0.076     -0.81675567   -0.0042972389   -0.0056196258      -0.5534077
            0.1           0.096          -0.076     -0.82414836   -0.0022312524   -0.0049680032     -0.55278941
            0.1             0.1          -0.076               0               0               0     -0.55257132
            0.1          -0.096          -0.072     -0.76926763    0.0029553559    -0.010472139     -0.55346958
            0.1            -0.1          -0.072               0               0               0     -0.55329668
            0.1          -0.092          -0.072      -0.7584372    0.0054999742    -0.011263546      -0.5539773
            0.1          -0.088          -0.072     -0.72616293    0.0073279712    -0.011417171     -0.55481833
            0.1          -0.084          -0.072     -0.68937671    0.0082986142    -0.010542338     -0.55595646
            0.1           -0.08          -0.072     -0.64996695    0.0080263701   -0.0081831718     -0.55727998
            0.1          -0.076          -0.072     -0.60830679    0.0061211433   -0.0039879547     -0.55864814
            0.1          -0.072          -0.072     -0.56440429     0.002260734    0.0022360117     -0.55990275
            0.1          -0.068          -0.072     -0.51802698   -0.0037359902      0.01046333     -0.56090466
            0.1          -0.064          -0.072     -0.46884927    -0.011895207     0.020433457     -0.56155971
            0.1           -0.06          -0.072     -0.41650708    -0.022087142     0.031638781     -0.56180816
            0.1          -0.056          -0.072     -0.36053281    -0.033981469     0.043279635     -0.56162011
            0.1          -0.052          -0.072     -0.30037425    -0.046998518     0.054234766     -0.56100121
            0.1          -0.048          -0.072     -0.23543537     -0.06029235     0.063103004     -0.55999936
            0.1          -0.044          -0.072     -0.16512421    -0.072792711      0.06837617     -0.55868346
            0.1           -0.04          -0.072    -0.088970737    -0.083326342     0.068764877     -0.55709401
            0.1          -0.036          -0.072   -0.0068616005    -0.090804139     0.063634306     -0.55518032
            0.1          -0.032          -0.072     0.080604425    -0.094391297      0.05343184     -0.55276738
            0.1          -0.028          -0.072      0.17198205    -0.093637388     0.039815548     -0.54965322
            0.1          -0.024          -0.072      0.26514665    -0.088459139      0.02523306     -0.54589324
            0.1           -0.02          -0.072      0.35675181    -0.079088413     0.012324694     -0.54199106
            0.1          -0.016          -0.072      0.44117232    -0.066338409    0.0032378165     -0.53855817
            0.1          -0.012          -0.072      0.51195303    -0.051356268    -0.001151908     -0.53596489
            0.1          -0.008          -0.072      0.56424462    -0.034971361   -0.0016043382     -0.53440538
            0.1          -0.004          -0.072      0.59482701      -0.0177522  -0.00029715845     -0.53401184
            0.1  -1.9825411e-18          -0.072       0.6009771  -0.00013715733    0.0002689321     -0.53467144
            0.1           0.004          -0.072      0.58209115     0.016988819  -0.00087422999     -0.53619905
            0.1           0.008          -0.072      0.54088685     0.032870043    -0.002348814     -0.53860681
            0.1           0.012          -0.072      0.48068709      0.04739701   -0.0016748838      -0.5418084
            0.1           0.016          -0.072      0.40485938     0.060200946    0.0029629039     -0.54561358
            0.1            0.02          -0.072      0.31837511     0.070502102     0.011829015     -0.54976917
            0.1           0.024          -0.072      0.22737054     0.077316357     0.023743258     -0.55387421
            0.1           0.028          -0.072      0.13671715     0.080061296     0.036585913     -0.55741866
            0.1           0.032          -0.072     0.049049488     0.078712551     0.047959461     -0.56006428
            0.1           0.036          -0.072    -0.034002687     0.073547127     0.055818907     -0.56190125
            0.1            0.04          -0.072      -0.1114397     0.065161936     0.058929636     -0.56319602
            0.1           0.044          -0.072     -0.18310945     0.054427463     0.057123367     -0.56411955
            0.1           0.048          -0.072     -0.24944654     0.042377265     0.051125661     -0.56473233
            0.1           0.052          -0.072     -0.31110658     0.030061249     0.042188318     -0.56502555
            0.1           0.056          -0.072     -0.36875969     0.018397844     0.031714683     -0.56496313
            0.1            0.06          -0.072     -0.42300726    0.0080923241     0.020982089     -0.56451939
            0.1           0.064          -0.072     -0.47431965  -0.00037799441     0.011006011     -0.56369091
            0.1           0.068          -0.072      -0.5230652   -0.0067458402     0.002497596      -0.5625058
            0.1           0.072          -0.072     -0.56960752    -0.010924214   -0.0041212549     -0.56103738
            0.1           0.076          -0.072     -0.61422732    -0.013004481   -0.0086950171     -0.55940755
            0.1            0.08          -0.072     -0.65698067    -0.013248308    -0.011308758     -0.55776299
            0.1           0.084          -0.072     -0.69768521    -0.012026809    -0.012231694     -0.55624983
            0.1           0.088          -0.072     -0.73583408   -0.0097570877    -0.011859498     -0.55500496
            0.1           0.092          -0.072     -0.76938421   -0.0068410359    -0.010666167     -0.55412288
            0.1           0.096          -0.072     -0.78090132   -0.0034461328   -0.0090815163     -0.55361382
            0.1             0.1          -0.072               0               0               0      -0.5534475
            0.1          -0.096          -0.068     -0.72247145    0.0043446566    -0.015656584      -0.5540963
            0.1            -0.1          -0.068               0               0               0     -0.55397576
            0.1          -0.092          -0.068     -0.70810218    0.0081348171    -0.017428245     -0.55448973
            0.1          -0.088          -0.068     -0.67565121     0.011326892    -0.018189218      -0.5552448
            0.1          -0.084          -0.068     -0.63952981      0.01356243    -0.017562144     -0.55638273
            0.1           -0.08          -0.068     -0.60115208     0.014414966     -0.01511906     -0.55780128
            0.1          -0.076          -0.068     -0.56068487     0.013488425    -0.010554866     -0.55935966
            0.1          -0.072          -0.068     -0.51800562     0.010468659   -0.0037431405     -0.56090714
            0.1          -0.068          -0.068     -0.47272259    0.0051924275    0.0052088565     -0.56228672
            0.1          -0.064          -0.068     -0.42419527   -0.0023058945      0.01591488     -0.56337812
            0.1           -0.06          -0.068     -0.37176124    -0.011811943     0.027703935     -0.56410857
            0.1          -0.056          -0.068     -0.31475335    -0.022927143     0.039606167     -0.56443473
            0.1          -0.052          -0.068     -0.25238857    -0.035032111     0.050348536     -0.56433145
            0.1          -0.048          -0.068     -0.18383716    -0.047283452     0.058438506     -0.56377246
            0.1          -0.044          -0.068     -0.10829643     -0.05867227      0.06238044     -0.56273543
            0.1           -0.04          -0.068    -0.025110353     -0.06815001     0.061015655     -0.56118722
            0.1          -0.036          -0.068     0.065901757    -0.074755837      0.05394861     -0.55902975
            0.1          -0.032          -0.068      0.16421454    -0.077767553     0.041888448     -0.55610919
            0.1          -0.028          -0.068       0.2688936      -0.0767401     0.026618755     -0.55235114
            0.1          -0.024          -0.068      0.37788352    -0.071573005     0.010622679     -0.54808027
            0.1           -0.02          -0.068      0.48509702    -0.062864052   -0.0032534333     -0.54392627
            0.1          -0.016          -0.068      0.58149903    -0.051841761     -0.01268114     -0.54033514
            0.1          -0.012          -0.068      0.65976021    -0.039645369    -0.016910239     -0.53748381
            0.1          -0.008          -0.068      0.71575473    -0.026959055    -0.017010371     -0.53555667
            0.1          -0.004          -0.068      0.74758319    -0.014233645    -0.015378412     -0.53481881
            0.1  -1.9825411e-18          -0.068      0.75436551   -0.0016942259    -0.014552712     -0.53530187
            0.1           0.004          -0.068      0.73623575     0.010511466    -0.015557996     -0.53689663
            0.1           0.008          -0.068       0.6944943     0.022268542    -0.017110295     -0.53951925
            0.1           0.012          -0.068      0.63070686     0.033535249    -0.016642307      -0.5429126
            0.1           0.016          -0.068      0.54695985      0.04404914    -0.012034683     -0.54682573
            0.1            0.02          -0.068      0.44773371     0.053141213   -0.0027187726     -0.55112202
            0.1           0.024          -0.068      0.34061485      0.05968968     0.010213177     -0.55554182
            0.1           0.028          -0.068      0.23412648     0.062655183     0.024429159     -0.55965695
            0.1           0.032          -0.068      0.13330171     0.061726699     0.037315205     -0.56297256
            0.1           0.036          -0.068     0.039364635     0.057186897     0.046781719      -0.5653096
            0.1            0.04          -0.068     -0.04718436     0.049590339     0.051479103     -0.56683979
            0.1           0.044          -0.068     -0.12612397     0.039738591     0.051013322     -0.56773758
            0.1           0.048          -0.068     -0.19790542     0.028580035     0.045937758     -0.56810321
            0.1           0.052          -0.068     -0.26334956     0.017081162     0.037424567     -0.56799465
            0.1           0.056          -0.068      -0.3233196     0.006133132     0.026895405     -0.56745369
            0.1            0.06          -0.068     -0.37859811   -0.0035295988     0.015738766     -0.56651492
            0.1           0.064          -0.068     -0.42990149    -0.011378512    0.0051123527     -0.56521522
            0.1           0.068          -0.068     -0.47799469    -0.017078786    -0.004127815      -0.5636054
            0.1           0.072          -0.068     -0.52359869    -0.020481224    -0.011425797      -0.5617844
            0.1           0.076          -0.068      -0.5671587    -0.021648271    -0.016521166     -0.55988851
            0.1            0.08          -0.068     -0.60884831    -0.020817379    -0.019410258     -0.55806372
            0.1           0.084          -0.068     -0.64864879    -0.018342606    -0.020296656      -0.5564605
            0.1           0.088          -0.068     -0.68626668    -0.014646574    -0.019542759     -0.55522484
            0.1           0.092          -0.068     -0.72012963    -0.010158571    -0.017600569     -0.55444899
            0.1           0.096          -0.068     -0.73527416   -0.0050231946    -0.014827068     -0.55407833
            0.1             0.1          -0.068               0               0               0     -0.55397491
            0.1          -0.096          -0.064      -0.6739882    0.0059728317    -0.022518832      -0.5542849
            0.1            -0.1          -0.064               0               0               0     -0.55423156
            0.1          -0.092          -0.064      -0.6563669     0.011672799    -0.025631255     -0.55453035
            0.1          -0.088          -0.064     -0.62359946     0.016546924    -0.027135434     -0.55517859
            0.1          -0.084          -0.064     -0.58790324     0.020284507    -0.026787037     -0.55632693
            0.1           -0.08          -0.064     -0.55027255     0.022418088    -0.024242307     -0.55787682
            0.1          -0.076          -0.064     -0.51066971     0.022556308    -0.019279982     -0.55967625
            0.1          -0.072          -0.064     -0.46880702     0.020418724    -0.011881403     -0.56156488
            0.1          -0.068          -0.064     -0.42417638     0.015875196    -0.002265134       -0.563381
            0.1          -0.064          -0.064     -0.37591423    0.0089991633    0.0090650318     -0.56497274
            0.1           -0.06          -0.064     -0.32289734   7.4713007e-05      0.02129504     -0.56623579
            0.1          -0.056          -0.064     -0.26400693    -0.010436985     0.033310086     -0.56709177
            0.1          -0.052          -0.064     -0.19816317    -0.021868196     0.043706927     -0.56745075
            0.1          -0.048          -0.064     -0.12429268    -0.033351642     0.050925725     -0.56721533
            0.1          -0.044          -0.064      -0.0413752    -0.043914892     0.053513572     -0.56631458
            0.1           -0.04          -0.064     0.051300527    -0.052563116     0.050480989     -0.56468423
            0.1          -0.036          -0.064      0.15402188    -0.058425348     0.041670119     -0.56220921
            0.1          -0.032          -0.064      0.26719388    -0.060840011      0.02795044     -0.55876823
            0.1          -0.028          -0.064      0.39072402    -0.059382602     0.011171567     -0.55444421
            0.1          -0.024          -0.064      0.51955077    -0.054278733   -0.0058388306     -0.54978043
            0.1           -0.02          -0.064      0.64288641    -0.046681439    -0.019928016     -0.54538861
            0.1          -0.016          -0.064      0.75052393     -0.03786432     -0.02893145     -0.54152021
            0.1          -0.012          -0.064      0.83623316    -0.028575811    -0.032398761     -0.53823503
            0.1          -0.008          -0.064      0.89671069    -0.019358948    -0.031703043      -0.5358623
            0.1          -0.004          -0.064      0.93066773    -0.010702185    -0.029456525     -0.53482359
            0.1  -1.9825411e-18          -0.064      0.93838658   -0.0026689435    -0.028304409     -0.53514593
            0.1           0.004          -0.064      0.92058645    0.0051550484     -0.02933537     -0.53673789
            0.1           0.008          -0.064      0.87769731     0.013137102    -0.031263973     -0.53952859
            0.1           0.012          -0.064       0.8101729     0.021274647    -0.031439873     -0.54319686
            0.1           0.016          -0.064      0.71926067     0.029287742    -0.027464265     -0.54730784
            0.1            0.02          -0.064      0.60832885     0.036717403    -0.018427023     -0.55175853
            0.1           0.024          -0.064       0.4841375     0.042685083   -0.0051471309     -0.55646842
            0.1           0.028          -0.064       0.3570977     0.045897989     0.010161291     -0.56108314
            0.1           0.032          -0.064      0.23724693     0.045491196     0.024521788     -0.56505013
            0.1           0.036          -0.064      0.12844055     0.041501311     0.035498747     -0.56795796
            0.1            0.04          -0.064     0.030033545      0.03447445      0.04166835     -0.56983443
            0.1           0.044          -0.064    -0.058630448     0.025177114     0.042483977     -0.57084387
            0.1           0.048          -0.064     -0.13800625     0.014530713     0.038326829     -0.57110543
            0.1           0.052          -0.064     -0.20890874    0.0034968238     0.030284235     -0.57069825
            0.1           0.056          -0.064     -0.27232837   -0.0070267545     0.019799317      -0.5697206
            0.1            0.06          -0.064     -0.32935017    -0.016279436    0.0083254084     -0.56828888
            0.1           0.064          -0.064     -0.38125258    -0.023683866   -0.0028802288     -0.56648372
            0.1           0.068          -0.064     -0.42932017    -0.028832956    -0.012827832     -0.56439787
            0.1           0.072          -0.064     -0.47450803    -0.031532292    -0.020833522     -0.56216685
            0.1           0.076          -0.064      -0.5174051    -0.031805659    -0.026513819     -0.55994295
            0.1            0.08          -0.064     -0.55836738    -0.029846224    -0.029745656     -0.55788438
            0.1           0.084          -0.064     -0.59755273    -0.025985839    -0.030642636     -0.55615634
            0.1           0.088          -0.064     -0.63487105    -0.020655039    -0.029510736     -0.55491609
            0.1           0.092          -0.064     -0.66916775    -0.014313606    -0.026752548     -0.55425116
            0.1           0.096          -0.064     -0.68773072   -0.0072375678    -0.022564518     -0.55405134
            0.1             0.1          -0.064               0               0               0     -0.55403684
            0.1          -0.096           -0.06     -0.62415363    0.0081352354    -0.031497789     -0.55392804
            0.1            -0.1           -0.06               0               0               0     -0.55396013
            0.1          -0.092           -0.06     -0.60341837     0.016141698    -0.036228423     -0.55399662
            0.1          -0.088           -0.06     -0.57012484      0.02296142    -0.038496095     -0.55452948
            0.1          -0.084           -0.06     -0.53453184     0.028352586    -0.038354912     -0.55570617
            0.1           -0.08           -0.06     -0.49725426     0.031814759     -0.03559595     -0.55742927
            0.1          -0.076           -0.06      -0.4580528       0.0329737    -0.030121054     -0.55952797
            0.1          -0.072           -0.06     -0.41644528     0.031603831    -0.022050021     -0.56181631
            0.1          -0.068           -0.06     -0.37172579     0.027642099    -0.011745703     -0.56411474
            0.1          -0.064           -0.06     -0.32288339     0.021206666   0.00016636391      -0.5662392
            0.1           -0.06           -0.06     -0.26840906     0.012640139     0.012752638     -0.56802084
            0.1          -0.056           -0.06     -0.20647077    0.0024794622     0.024783865     -0.56932995
            0.1          -0.052           -0.06     -0.13540978   -0.0085649614     0.034781565     -0.57003665
            0.1          -0.048           -0.06    -0.053981741    -0.019594232     0.041134136     -0.57000572
            0.1          -0.044           -0.06     0.038701274     -0.02960309     0.042451927     -0.56913985
            0.1           -0.04           -0.06      0.14345614    -0.037629809     0.037941641     -0.56733207
            0.1          -0.036           -0.06      0.26179227    -0.042882416     0.027609392     -0.56442082
            0.1          -0.032           -0.06      0.39551666    -0.044724972     0.012440964     -0.56033886
            0.1          -0.028           -0.06      0.54166562    -0.042983357   -0.0053026789     -0.55545422
            0.1          -0.024           -0.06      0.68942342    -0.038434582    -0.022335643     -0.55045075
            0.1           -0.02           -0.06      0.82645254    -0.032377941     -0.03562477     -0.54580033
            0.1          -0.016           -0.06      0.94438895    -0.025705043    -0.043343883     -0.54151441
            0.1          -0.012           -0.06        1.037976    -0.018923811    -0.045386802     -0.53771208
            0.1          -0.008           -0.06       1.1036338    -0.012655637    -0.043413164     -0.53503537
            0.1          -0.004           -0.06       1.1401378    -0.007450656    -0.040228059     -0.53385895
            0.1  -1.9825411e-18           -0.06       1.1488762   -0.0031776984    -0.038681547     -0.53406786
            0.1           0.004           -0.06       1.1311995   0.00099634313    -0.039914303     -0.53555277
            0.1           0.008           -0.06       1.0867338    0.0058318334    -0.042562031     -0.53830704
            0.1           0.012           -0.06       1.0150026     0.011400892    -0.043841611     -0.54218636
            0.1           0.016           -0.06      0.91720506     0.017278149    -0.041148444     -0.54664645
            0.1            0.02           -0.06      0.79638487     0.023015281    -0.033212167     -0.55129121
            0.1           0.024           -0.06      0.65794706     0.027993322    -0.020527009     -0.55618722
            0.1           0.028           -0.06      0.51086181     0.031093532   -0.0050081787      -0.5612384
            0.1           0.032           -0.06      0.36750867     0.031110682     0.010416545     -0.56591124
            0.1           0.036           -0.06      0.23777221     0.027585191     0.022795387     -0.56956205
            0.1            0.04           -0.06      0.12352976     0.020929691     0.030278353     -0.57194177
            0.1           0.044           -0.06     0.022510569     0.011909656     0.032219294     -0.57316595
            0.1           0.048           -0.06    -0.066835862    0.0014375025     0.028907402     -0.57340271
            0.1           0.052           -0.06     -0.14525456   -0.0094802202     0.021342918     -0.57281854
            0.1           0.056           -0.06     -0.21371697    -0.019928291     0.010927896     -0.57156103
            0.1            0.06           -0.06     -0.27381626    -0.029126107  -0.00085402347     -0.56972536
            0.1           0.064           -0.06      -0.3275012    -0.036403674    -0.012648464      -0.5674182
            0.1           0.068           -0.06     -0.37647518     -0.04128043    -0.023356095     -0.56482019
            0.1           0.072           -0.06     -0.42193247    -0.043516366     -0.03217941     -0.56212218
            0.1           0.076           -0.06     -0.46471736    -0.043065314     -0.03859071     -0.55950471
            0.1            0.08           -0.06     -0.50541428    -0.040055809    -0.042324753     -0.55715654
            0.1           0.084           -0.06     -0.54437669    -0.034783547    -0.043375638     -0.55526555
            0.1           0.088           -0.06     -0.58170735    -0.027681352     -0.04195938     -0.55400438
            0.1           0.092           -0.06     -0.61659922    -0.019244412    -0.038389483     -0.55345527
            0.1           0.096           -0.06     -0.63826259   -0.0098533732    -0.032602783     -0.55344643
            0.1             0.1           -0.06               0               0               0     -0.55353364
            0.1          -0.096          -0.056     -0.57306303     0.010911289     -0.04297485     -0.55297487
            0.1            -0.1          -0.056               0               0               0     -0.55310772
            0.1          -0.092          -0.056     -0.54943476     0.021397608    -0.049467451     -0.55284789
            0.1          -0.088          -0.056     -0.51532864       0.0303492    -0.052377928     -0.55326679
            0.1          -0.084          -0.056     -0.47939693     0.037433954     -0.05223208     -0.55449369
            0.1           -0.08          -0.056     -0.44194955     0.042129734    -0.049022037     -0.55643316
            0.1          -0.076          -0.056     -0.40254038      0.04410605    -0.042822034     -0.55888677
            0.1          -0.072          -0.056     -0.36045366      0.04322423    -0.033919534     -0.56163189
            0.1          -0.068          -0.056     -0.31470343     0.039523599     -0.02283562     -0.56444463
            0.1          -0.064          -0.056     -0.26398143     0.033202455    -0.010321548     -0.56709894
            0.1           -0.06          -0.056     -0.20646235     0.024655472    0.0026124036     -0.56933339
            0.1          -0.056          -0.056     -0.13972055     0.014506236     0.014649766     -0.57094576
            0.1          -0.052          -0.056    -0.061411882    0.0035272154     0.024240573     -0.57186789
            0.1          -0.048          -0.056     0.029859333   -0.0073543913      0.02980673     -0.57196311
            0.1          -0.044          -0.056      0.13494334    -0.017081682       0.0300725     -0.57100058
            0.1           -0.04          -0.056       0.2558236    -0.024717078     0.024370553     -0.56878766
            0.1          -0.036          -0.056      0.39557883    -0.029494681     0.012840389     -0.56521146
            0.1          -0.032          -0.056      0.55342269    -0.030923329    -0.003106757     -0.56049878
            0.1          -0.028          -0.056       0.7201143    -0.029287672    -0.020676014     -0.55529842
            0.1          -0.024          -0.056      0.88271103    -0.025644725    -0.036608908     -0.55014714
            0.1           -0.02          -0.056       1.0315079    -0.021018475    -0.048197227     -0.54508912
            0.1          -0.016          -0.056       1.1600446    -0.016000382    -0.053927226     -0.54010903
            0.1          -0.012          -0.056       1.2624757    -0.011147672    -0.053988986     -0.53588609
            0.1          -0.008          -0.056       1.3338307   -0.0072396128    -0.050278947     -0.53317852
            0.1          -0.004          -0.056       1.3730362   -0.0047724753    -0.045907223      -0.5320177
            0.1  -1.9825411e-18          -0.056       1.3827872   -0.0033739809    -0.043929388     -0.53216282
            0.1           0.004          -0.056       1.3651236   -0.0019832933    -0.045509003     -0.53347853
            0.1           0.008          -0.056       1.3188447   0.00040792656    -0.049201338     -0.53599947
            0.1           0.012          -0.056       1.2421712    0.0040549026    -0.052020012     -0.53981532
            0.1           0.016          -0.056        1.136557    0.0084385208    -0.051124944     -0.54467265
            0.1            0.02          -0.056        1.006281     0.012911806    -0.044973771     -0.54986971
            0.1           0.024          -0.056      0.85651623     0.016918305    -0.033719151     -0.55497021
            0.1           0.028          -0.056      0.69400718     0.019625648    -0.019013243     -0.56011429
            0.1           0.032          -0.056      0.52899562     0.019856102   -0.0035254193     -0.56523612
            0.1           0.036          -0.056      0.37421433     0.016727901    0.0097087005     -0.56969491
            0.1            0.04          -0.056      0.23797293     0.010296935     0.018267444     -0.57284122
            0.1           0.044          -0.056      0.12045681    0.0013263274     0.021121005     -0.57447493
            0.1           0.048          -0.056     0.018650341   -0.0092191856     0.018507407     -0.57482628
            0.1           0.052          -0.056    -0.069463312    -0.020370328     0.011347134     -0.57422224
            0.1           0.056          -0.056     -0.14523723    -0.031185186   0.00093009265     -0.57282752
            0.1            0.06          -0.056     -0.21054296    -0.040765716    -0.011223841     -0.57069295
            0.1           0.064          -0.056     -0.26768689    -0.048347912    -0.023672652     -0.56794652
            0.1           0.068          -0.056     -0.31875979    -0.053393319    -0.035256348     -0.56483672
            0.1           0.072          -0.056     -0.36538721    -0.055574134    -0.045071814     -0.56162583
            0.1           0.076          -0.056     -0.40877922    -0.054740879    -0.052445397     -0.55855747
            0.1            0.08          -0.056     -0.44981108    -0.050927321    -0.056953092     -0.55586581
            0.1           0.084          -0.056     -0.48906931     -0.04436069    -0.058433045     -0.55377309
            0.1           0.088          -0.056     -0.52684978    -0.035457966    -0.056961948     -0.55247298
            0.1           0.092          -0.056     -0.56260635     -0.02476095    -0.052705156     -0.55203619
            0.1           0.096          -0.056     -0.58706656    -0.012769174    -0.045201837     -0.55222284
            0.1             0.1          -0.056               0               0               0      -0.5524161
            0.1          -0.096          -0.052     -0.52110111     0.013844196    -0.057171222     -0.55145082
            0.1            -0.1          -0.052               0               0               0     -0.55168059
            0.1          -0.092          -0.052     -0.49468921     0.027109009    -0.065451027     -0.55113348
            0.1          -0.088          -0.052     -0.45928647     0.038269044    -0.068697034     -0.55144405
            0.1          -0.084          -0.052     -0.42241108     0.046936851    -0.068145892     -0.55274093
            0.1           -0.08          -0.052     -0.38413324     0.052592057    -0.064097523     -0.55493406
            0.1          -0.076          -0.052     -0.34376335       0.0549989    -0.056860431     -0.55778467
            0.1          -0.072          -0.052     -0.30028046     0.054158486    -0.046911279     -0.56101745
            0.1          -0.068          -0.052     -0.25232662     0.050246673    -0.034916744      -0.5643456
            0.1          -0.064          -0.052      -0.1981276     0.043583754    -0.021732503     -0.56746196
            0.1           -0.06          -0.052     -0.13539473      0.03464275   -0.0084166394     -0.57004402
            0.1          -0.056          -0.052    -0.061408789     0.024093247    0.0036797984     -0.57187101
            0.1          -0.052          -0.052     0.026374381     0.012819185     0.012967712     -0.57286838
            0.1          -0.048          -0.052      0.12998657     0.001826227      0.01793646     -0.57288458
            0.1          -0.044          -0.052       0.2517073   -0.0078519298      0.01744177     -0.57157398
            0.1           -0.04          -0.052      0.39452089      -0.0152694      0.01094902     -0.56874205
            0.1          -0.036          -0.052      0.55883005     -0.01967741   -0.0010596014     -0.56456749
            0.1          -0.032          -0.052      0.73768857    -0.020874235    -0.016657294     -0.55965067
            0.1          -0.028          -0.052      0.91934871    -0.019499892    -0.032955922     -0.55441074
            0.1          -0.024          -0.052       1.0939205    -0.016526283    -0.046941749     -0.54880926
            0.1           -0.02          -0.052       1.2546957    -0.012724891    -0.056117096     -0.54285955
            0.1          -0.016          -0.052       1.3949919   -0.0087561425     -0.05921983     -0.53724274
            0.1          -0.012          -0.052       1.5067672   -0.0053921243    -0.056735183     -0.53300656
            0.1          -0.008          -0.052         1.58381   -0.0033592654    -0.050970913     -0.53049042
            0.1          -0.004          -0.052       1.6256193   -0.0028687587     -0.04534909     -0.52945353
            0.1  -1.9825411e-18          -0.052       1.6363085   -0.0033832992    -0.042966118     -0.52957467
            0.1           0.004          -0.052       1.6186639   -0.0038359262    -0.044944072     -0.53069115
            0.1           0.008          -0.052       1.5706448   -0.0031940488    -0.049838587      -0.5328779
            0.1           0.012          -0.052       1.4889219   -0.0010241559    -0.054588168     -0.53635008
            0.1           0.016          -0.052       1.3745491    0.0023564708    -0.056063432     -0.54120427
            0.1            0.02          -0.052       1.2334967    0.0062055985    -0.052309946     -0.54705803
            0.1           0.024          -0.052       1.0728304    0.0097827324    -0.043161874     -0.55295034
            0.1           0.028          -0.052      0.89871942     0.012289694    -0.030027092     -0.55836901
            0.1           0.032          -0.052      0.71818054      0.01272301    -0.015421996     -0.56349015
            0.1           0.036          -0.052      0.54141483      0.01006672     -0.00228379     -0.56829392
            0.1            0.04          -0.052      0.37978085    0.0039180284    0.0067806377     -0.57217875
            0.1           0.044          -0.052      0.23984937   -0.0050895551     0.010254414     -0.57447901
            0.1           0.048          -0.052      0.12130865    -0.015903828    0.0081091745     -0.57526747
            0.1           0.052          -0.052     0.020685107    -0.027604153    0.0011571177     -0.57485247
            0.1           0.056          -0.052     -0.06505506    -0.039208102   -0.0093769108     -0.57338953
            0.1            0.06          -0.052     -0.13810028    -0.049647735    -0.021986356     -0.57105409
            0.1           0.064          -0.052     -0.20071677    -0.058063361    -0.035211673     -0.56799226
            0.1           0.068          -0.052     -0.25539204    -0.063838997    -0.047828914     -0.56442742
            0.1           0.072          -0.052     -0.30432687    -0.066522912    -0.058850697     -0.56070147
            0.1           0.076          -0.052     -0.34921537    -0.065831627     -0.06748764     -0.55714917
            0.1            0.08          -0.052     -0.39131871    -0.061658517    -0.073157306     -0.55407135
            0.1           0.084          -0.052     -0.43153012     -0.05410463    -0.075505413      -0.5517421
            0.1           0.088          -0.052     -0.47037257    -0.043530849    -0.074394754     -0.55038535
            0.1           0.092          -0.052      -0.5075055    -0.030531746    -0.069729453     -0.55005116
            0.1           0.096          -0.052     -0.53472135     -0.01586164     -0.06047092     -0.55041637
            0.1             0.1          -0.052               0               0               0     -0.55070421
            0.1          -0.096          -0.048      -0.4689862     0.016848696    -0.074252974      -0.5494641
            0.1            -0.1          -0.048               0               0               0      -0.5497938
            0.1          -0.092          -0.048     -0.43942673     0.032788552    -0.084095189      -0.5489737
            0.1          -0.088          -0.048     -0.40193915     0.046076057    -0.087076271     -0.54920189
            0.1          -0.084          -0.048     -0.36334563     0.056001713    -0.085479007     -0.55058653
            0.1           -0.08          -0.048     -0.32347313     0.062125217    -0.080055253     -0.55305768
            0.1          -0.076          -0.048     -0.28128329     0.064390145      -0.0714039     -0.55631888
            0.1          -0.072          -0.048     -0.23532957     0.063005496    -0.060180672     -0.56002092
            0.1          -0.068          -0.048     -0.18376527     0.058319102    -0.047147377     -0.56379141
            0.1          -0.064          -0.048     -0.12424823     0.050790932     -0.03320091      -0.5672307
            0.1           -0.06          -0.048    -0.053958994     0.040991087    -0.019437751     -0.57001714
            0.1          -0.056          -0.048     0.029866637     0.029663008   -0.0072006832     -0.57197021
            0.1          -0.052          -0.048       0.1299868     0.017799407     0.001968643     -0.57288781
            0.1          -0.048          -0.048      0.25021018     0.006473891    0.0065977016     -0.57254824
            0.1          -0.044          -0.048      0.39415676   -0.0032716545    0.0056995471     -0.57069937
            0.1           -0.04          -0.048      0.56139997    -0.010441357  -0.00093307006     -0.56740476
            0.1          -0.036          -0.048      0.74620436    -0.014419967    -0.012420781     -0.56313464
            0.1          -0.032          -0.048      0.93972191    -0.015239474    -0.026641042     -0.55816375
            0.1          -0.028          -0.048       1.1333203    -0.013655468    -0.040870275       -0.552319
            0.1          -0.024          -0.048       1.3203313    -0.010588225    -0.052218658      -0.5456496
            0.1           -0.02          -0.048       1.4939535   -0.0069328407    -0.058270031     -0.53892407
            0.1          -0.016          -0.048       1.6453926   -0.0037164998    -0.058049436     -0.53327101
            0.1          -0.012          -0.048       1.7652856   -0.0017054099    -0.052561557     -0.52935639
            0.1          -0.008          -0.048        1.847105   -0.0011598306    -0.044634207     -0.52711267
            0.1          -0.004          -0.048       1.8908795   -0.0018611761    -0.037838205     -0.52620993
            0.1  -1.9825411e-18          -0.048       1.9022412   -0.0032699268    -0.035122358     -0.52629806
            0.1           0.004          -0.048       1.8848911   -0.0045772627    -0.037477933     -0.52722575
            0.1           0.008          -0.048       1.8357708    -0.004987576    -0.043571935     -0.52908308
            0.1           0.012          -0.048       1.7499694   -0.0040266178    -0.050459948     -0.53213053
            0.1           0.016          -0.048       1.6279115   -0.0015931422    -0.054834252     -0.53659152
            0.1            0.02          -0.048       1.4760823    0.0019443707    -0.054206084      -0.5425015
            0.1           0.024          -0.048       1.3032625    0.0057696328    -0.047871451     -0.54923959
            0.1           0.028          -0.048       1.1174908    0.0087735681    -0.036961526     -0.55569903
            0.1           0.032          -0.048       0.9252367    0.0098916319    -0.023948786     -0.56129484
            0.1           0.036          -0.048      0.73334625    0.0080609198    -0.011734873     -0.56611514
            0.1            0.04          -0.048      0.55051676    0.0025732643   -0.0029107211     -0.57015358
            0.1           0.044          -0.048      0.38564474   -0.0062280869   0.00072088969     -0.57297493
            0.1           0.048          -0.048      0.24444324    -0.017361508   -0.0012397727     -0.57439298
            0.1           0.052          -0.048      0.12660805    -0.029791197   -0.0081913865     -0.57442163
            0.1           0.056          -0.048     0.027956551    -0.042454728    -0.018994453     -0.57309793
            0.1            0.06          -0.048     -0.05522084    -0.054190009    -0.032193244     -0.57070272
            0.1           0.064          -0.048     -0.12550241    -0.063980226    -0.046334248     -0.56746711
            0.1           0.068          -0.048     -0.18557206    -0.071075243     -0.06014106     -0.56358568
            0.1           0.072          -0.048     -0.23817659    -0.074905322    -0.072574171     -0.55941782
            0.1           0.076          -0.048     -0.28559643    -0.075029618    -0.082790405     -0.55539626
            0.1            0.08          -0.048     -0.32960377    -0.071149762    -0.090090148     -0.55191446
            0.1           0.084          -0.048     -0.37152791    -0.063156255    -0.093914923     -0.54932224
            0.1           0.088          -0.048     -0.41222086    -0.051267223    -0.093828397     -0.54789071
            0.1           0.092          -0.048     -0.45154484    -0.036074566    -0.089311522     -0.54763475
            0.1           0.096          -0.048     -0.48195786     -0.01868453    -0.078426157     -0.54814682
            0.1             0.1          -0.048               0               0               0     -0.54851626
            0.1          -0.096          -0.044     -0.41735416     0.019534244    -0.093938492     -0.54716553
            0.1            -0.1          -0.044               0               0               0     -0.54760995
            0.1          -0.092          -0.044     -0.38354304     0.037924226     -0.10476603     -0.54652702
            0.1          -0.088          -0.044     -0.34285095     0.052993835     -0.10659705     -0.54673051
            0.1          -0.084          -0.044     -0.30170983     0.063551153     -0.10310728     -0.54823267
            0.1           -0.08          -0.044     -0.25950427     0.069414762    -0.095710338     -0.55099089
            0.1          -0.076          -0.044     -0.21461983     0.070825438    -0.085308037     -0.55463144
            0.1          -0.072          -0.044     -0.16500841     0.068257826    -0.072659306     -0.55871078
            0.1          -0.068          -0.044     -0.10821574     0.062246167    -0.058520569     -0.56275922
            0.1          -0.064          -0.044    -0.041321877     0.053371623    -0.043755932     -0.56633378
            0.1           -0.06          -0.044     0.038733765     0.042310563    -0.029446602     -0.56915433
            0.1          -0.056          -0.044      0.13496062     0.029939122    -0.016935911     -0.57101103
            0.1          -0.052          -0.044      0.25171664     0.017322248   -0.0077241704     -0.57158115
            0.1          -0.048          -0.044      0.39416427    0.0055988359   -0.0031677977     -0.57070287
            0.1          -0.044          -0.044      0.56231627    -0.004061925   -0.0039838705     -0.56852055
            0.1           -0.04          -0.044      0.74930572    -0.010623167    -0.009951375     -0.56523707
            0.1          -0.036          -0.044      0.94835314    -0.013716006    -0.020035019     -0.56083637
            0.1          -0.032          -0.044       1.1543692    -0.013549734     -0.03218762     -0.55507219
            0.1          -0.028          -0.044        1.361097    -0.010851048    -0.043641804     -0.54806765
            0.1          -0.024          -0.044       1.5609145   -0.0068740549    -0.051561021     -0.54062566
            0.1           -0.02          -0.044       1.7446055   -0.0030616532     -0.05374117     -0.53382352
            0.1          -0.016          -0.044       1.9024472  -0.00066549234    -0.049613684     -0.52846723
            0.1          -0.012          -0.044       2.0255007   1.5940347e-05    -0.040813297     -0.52474564
            0.1          -0.008          -0.044       2.1074539    -0.000491621     -0.03077231     -0.52249411
            0.1          -0.004          -0.044       2.1494809   -0.0016214789    -0.023146882     -0.52147119
            0.1  -1.9825411e-18          -0.044       2.1601157   -0.0030240223    -0.020299692     -0.52142853
            0.1           0.004          -0.044       2.1446744   -0.0043321329    -0.022831725     -0.52226442
            0.1           0.008          -0.044       2.0982515   -0.0051495877    -0.029828868     -0.52404425
            0.1           0.012          -0.044       2.0129968   -0.0051196046     -0.03888721     -0.52695625
            0.1           0.016          -0.044       1.8881928   -0.0037698413    -0.046552039     -0.53115191
            0.1            0.02          -0.044       1.7300707  -0.00071622661    -0.049712728     -0.53674006
            0.1           0.024          -0.044       1.5472271    0.0036242381    -0.047003973     -0.54359549
            0.1           0.028          -0.044        1.348924     0.007913466    -0.039153435     -0.55093886
            0.1           0.032          -0.044       1.1439321     0.010578302    -0.028449877     -0.55772704
            0.1           0.036          -0.044      0.93964645     0.010236128    -0.017781951     -0.56328129
            0.1            0.04          -0.044       0.7423243    0.0060949701   -0.0098506885     -0.56744009
            0.1           0.044          -0.044      0.55717681   -0.0018780261   -0.0065398373     -0.57028291
            0.1           0.048          -0.044      0.39109434    -0.012994974    -0.008573937     -0.57203003
            0.1           0.052          -0.044      0.25045623    -0.026082935     -0.01570228     -0.57264155
            0.1           0.056          -0.044      0.13478415     -0.03988557    -0.026928628     -0.57178559
            0.1            0.06          -0.044      0.03904723    -0.053140605    -0.040864687     -0.56955927
            0.1           0.064          -0.044    -0.041064561    -0.064686781    -0.056032901     -0.56631153
            0.1           0.068          -0.044     -0.10854418    -0.073596296    -0.071114683     -0.56230431
            0.1           0.072          -0.044     -0.16638985    -0.079174901    -0.085072166      -0.5578609
            0.1           0.076          -0.044     -0.21747638     -0.08083845    -0.097086648     -0.55345896
            0.1            0.08          -0.044     -0.26421771    -0.078067818     -0.10644245      -0.5495969
            0.1           0.084          -0.044     -0.30857643    -0.070457334     -0.11243425     -0.54672433
            0.1           0.088          -0.044     -0.35197054    -0.057938386     -0.11427567     -0.54518269
            0.1           0.092          -0.044      -0.3946263    -0.040924113     -0.11079893     -0.54494552
            0.1           0.096          -0.044     -0.42932825    -0.021158568    -0.098818589     -0.54557612
            0.1             0.1          -0.044               0               0               0     -0.54603855
            0.1          -0.096           -0.04     -0.36581606     0.021923326     -0.11513912     -0.54462306
            0.1            -0.1           -0.04               0               0               0     -0.54515133
            0.1          -0.092           -0.04     -0.32579525      0.04223045     -0.12593397     -0.54392367
            0.1          -0.088           -0.04     -0.28086821     0.058224017     -0.12547338     -0.54420588
            0.1          -0.084           -0.04     -0.23669307     0.068413503     -0.11925531      -0.5458877
            0.1           -0.08           -0.04     -0.19170386     0.073106338     -0.10947039     -0.54892394
            0.1          -0.076           -0.04     -0.14336791     0.072933213    -0.097210351     -0.55285097
            0.1          -0.072           -0.04    -0.088846049     0.068628107    -0.083176459     -0.55712694
            0.1          -0.068           -0.04    -0.025021038     0.060870947    -0.067989646     -0.56121531
            0.1          -0.064           -0.04     0.051363342     0.050337291    -0.052403597      -0.5647065
            0.1           -0.06           -0.04      0.14349991     0.037807082    -0.037480798     -0.56734859
            0.1          -0.056           -0.04      0.25585605     0.024251536    -0.024586405     -0.56879959
            0.1          -0.052           -0.04      0.39454859     0.010849792    -0.015162848     -0.56875054
            0.1          -0.048           -0.04      0.56142116   -0.0010100163    -0.010361355     -0.56740937
            0.1          -0.044           -0.04      0.74931531    -0.010006241    -0.010567505     -0.56523821
            0.1           -0.04           -0.04      0.95033743    -0.015331173    -0.015294605     -0.56182575
            0.1          -0.036           -0.04        1.162491     -0.01677934    -0.023368363     -0.55657027
            0.1          -0.032           -0.04       1.3824775    -0.014653094    -0.032744043     -0.54975164
            0.1          -0.028           -0.04       1.6019297   -0.0099720584    -0.040681486      -0.5420952
            0.1          -0.024           -0.04       1.8098895   -0.0046009856    -0.044477657     -0.53454373
            0.1           -0.02           -0.04       1.9947802  -0.00056672602    -0.042343598      -0.5279411
            0.1          -0.016           -0.04         2.14633    0.0010269169    -0.034359906     -0.52277432
            0.1          -0.012           -0.04       2.2563506    0.0006351953    -0.023178613     -0.51908621
            0.1          -0.008           -0.04       2.3221765  -0.00051609359    -0.012785624     -0.51673321
            0.1          -0.004           -0.04       2.3514993   -0.0016413913   -0.0059766112     -0.51556256
            0.1  -1.9825411e-18           -0.04       2.3580127    -0.002616995   -0.0036069184     -0.51539222
            0.1           0.004           -0.04       2.3484469   -0.0035471182   -0.0056135388     -0.51614895
            0.1           0.008           -0.04       2.3159905   -0.0044651159    -0.011859235     -0.51787743
            0.1           0.012           -0.04        2.247431   -0.0051424096      -0.0214108     -0.52073361
            0.1           0.016           -0.04       2.1357392   -0.0048090057    -0.031547765     -0.52482526
            0.1            0.02           -0.04       1.9838029   -0.0023852184    -0.038534817     -0.53021749
            0.1           0.024           -0.04       1.7995366    0.0024382129    -0.039998813     -0.53687279
            0.1           0.028           -0.04       1.5928618    0.0084440355    -0.036007481      -0.5443906
            0.1           0.032           -0.04       1.3751094     0.013470281    -0.028440564     -0.55193526
            0.1           0.036           -0.04       1.1569804     0.015543378    -0.020074607     -0.55859255
            0.1            0.04           -0.04      0.94663935     0.013549602    -0.013593509     -0.56366867
            0.1           0.044           -0.04      0.74728479    0.0072245224    -0.010963328     -0.56675484
            0.1           0.048           -0.04      0.56096543   -0.0030598686    -0.013272999     -0.56848665
            0.1           0.052           -0.04      0.39549309    -0.016343492    -0.020688888     -0.56948872
            0.1           0.056           -0.04      0.25763978    -0.031146286    -0.032423139     -0.56927263
            0.1            0.06           -0.04      0.14552817    -0.045913322     -0.04713254     -0.56749527
            0.1           0.064           -0.04     0.053232511    -0.059319058    -0.063341049     -0.56445509
            0.1           0.068           -0.04    -0.023738795    -0.070307006     -0.07967758     -0.56054747
            0.1           0.072           -0.04     -0.08858794    -0.078058204    -0.095096124      -0.5560726
            0.1           0.076           -0.04     -0.14453431    -0.081873328     -0.10888463     -0.55147236
            0.1            0.08           -0.04     -0.19469422    -0.081050519     -0.12045614      -0.5473152
            0.1           0.084           -0.04      -0.2418873    -0.074867019     -0.12912056     -0.54415759
            0.1           0.088           -0.04     -0.28848822    -0.062818894     -0.13381581     -0.54243272
            0.1           0.092           -0.04     -0.33558922    -0.044867687      -0.1325388     -0.54211131
            0.1           0.096           -0.04     -0.37649343    -0.023127535     -0.12044681     -0.54277869
            0.1             0.1           -0.04               0               0               0     -0.54330476
            0.1          -0.096          -0.036     -0.31136372     0.024289789     -0.13550576     -0.54185342
            0.1            -0.1          -0.036               0               0               0     -0.54237965
            0.1          -0.092          -0.036     -0.26336739     0.045450145     -0.14464094     -0.54126063
            0.1          -0.088          -0.036     -0.21421087     0.060933891     -0.14087887     -0.54177068
            0.1          -0.084          -0.036      -0.1674397     0.069523916     -0.13161429      -0.5437053
            0.1           -0.08          -0.036     -0.11978452     0.072170926     -0.11957232     -0.54696761
            0.1          -0.076          -0.036    -0.067452964     0.069861553     -0.10576779     -0.55101073
            0.1          -0.072          -0.036   -0.0067283758     0.063484719    -0.090645948     -0.55521788
            0.1          -0.068          -0.036     0.066000505      0.05380012    -0.074595219     -0.55906101
            0.1          -0.064          -0.036      0.15409578     0.041530989    -0.058272975     -0.56223351
            0.1           -0.06          -0.036       0.2618499     0.027486389    -0.042747201     -0.56443856
            0.1          -0.056          -0.036      0.39562825     0.012738279    -0.029383501     -0.56522371
            0.1          -0.052          -0.036      0.55887088   -0.0011382891    -0.019593704     -0.56457503
            0.1          -0.048          -0.036      0.74623093    -0.012476688    -0.014361936     -0.56313803
            0.1          -0.044          -0.036      0.94836736     -0.02007203    -0.013678094     -0.56083714
            0.1           -0.04          -0.036       1.1624975    -0.023391703    -0.016755683     -0.55657025
            0.1          -0.036          -0.036       1.3889502    -0.022284764    -0.022270243     -0.55034574
            0.1          -0.032          -0.036        1.621426    -0.017239281    -0.028206552     -0.54303686
            0.1          -0.028          -0.036       1.8477161   -0.0099384276    -0.032099833     -0.53519383
            0.1          -0.024          -0.036       2.0523508   -0.0029805039    -0.031634034     -0.52769175
            0.1           -0.02          -0.036       2.2193539    0.0011785297    -0.025921676     -0.52137211
            0.1          -0.016          -0.036       2.3378768    0.0018851596    -0.016420773     -0.51649085
            0.1          -0.012          -0.036       2.4074335   0.00066728716   -0.0064318486     -0.51287566
            0.1          -0.008          -0.036       2.4384484  -0.00068425818    0.0012318718     -0.51037129
            0.1          -0.004          -0.036       2.4471813   -0.0015683521    0.0057132041     -0.50897882
            0.1  -1.9825411e-18          -0.036       2.4479138   -0.0021379906    0.0072697415     -0.50866589
            0.1           0.004          -0.036       2.4460825   -0.0027027988     0.006201098     -0.50940896
            0.1           0.008          -0.036       2.4358126   -0.0035083685     0.002278901     -0.51120414
            0.1           0.012          -0.036       2.4028578    -0.004574711   -0.0047029298     -0.51406258
            0.1           0.016          -0.036       2.3315119   -0.0052047366    -0.013855788     -0.51797263
            0.1            0.02          -0.036       2.2120704   -0.0036660734    -0.022460928     -0.52305053
            0.1           0.024          -0.036       2.0452033    0.0014136298    -0.027447218     -0.52943632
            0.1           0.028          -0.036        1.841477    0.0092360417    -0.027555055     -0.53692907
            0.1           0.032          -0.036       1.6166141     0.017186106    -0.023770728     -0.54470365
            0.1           0.036          -0.036       1.3858544      0.02254326    -0.018452274     -0.55189974
            0.1            0.04          -0.036       1.1611817     0.023554908    -0.014051571     -0.55801575
            0.1           0.044          -0.036       0.9487813     0.019708606    -0.012529483     -0.56211626
            0.1           0.048          -0.036      0.74820822      0.01118186    -0.015192335     -0.56409479
            0.1           0.052          -0.036      0.56210545   -0.0013961882    -0.022749374     -0.56512387
            0.1           0.056          -0.036      0.39957108    -0.016660589    -0.034908207     -0.56542301
            0.1            0.06          -0.036      0.26579911     -0.03276391     -0.05034097      -0.5643174
            0.1           0.064          -0.036      0.15763366    -0.047939485    -0.067476959     -0.56174456
            0.1           0.068          -0.036      0.06888854    -0.060983693    -0.084904513     -0.55818201
            0.1           0.072          -0.036   -0.0048116911    -0.071036851     -0.10154015     -0.55397581
            0.1           0.076          -0.036    -0.066856109    -0.077344004     -0.11675573     -0.54945343
            0.1            0.08          -0.036     -0.12088122    -0.079098662     -0.13020815     -0.54516873
            0.1           0.084          -0.036     -0.17067901    -0.075363038     -0.14145196     -0.54176146
            0.1           0.088          -0.036     -0.22001172    -0.065182146     -0.14942101     -0.53976073
            0.1           0.092          -0.036     -0.27169108    -0.047818026     -0.15145149     -0.53919568
            0.1           0.096          -0.036     -0.32079866    -0.025105601     -0.14086018     -0.53974159
            0.1             0.1          -0.036               0               0               0     -0.54025615
            0.1          -0.096          -0.032     -0.24878745     0.026503431     -0.15076268     -0.53889253
            0.1            -0.1          -0.032               0               0               0     -0.53930002
            0.1          -0.092          -0.032     -0.19286028     0.047031718     -0.15648859     -0.53860343
            0.1          -0.088          -0.032     -0.14138087     0.060383332     -0.14950855     -0.53947641
            0.1          -0.084          -0.032    -0.093729339     0.066333903     -0.13798441     -0.54169489
            0.1           -0.08          -0.032    -0.044149617     0.066408551     -0.12457244      -0.5450618
            0.1          -0.076          -0.032     0.012519794     0.061755934     -0.10994936     -0.54897539
            0.1          -0.072          -0.032       0.0807462     0.053278138    -0.094234893     -0.55280805
            0.1          -0.068          -0.032      0.16432444     0.041744206    -0.077615248      -0.5561423
            0.1          -0.064          -0.032      0.26728081     0.027822278    -0.060701498     -0.55879373
            0.1           -0.06          -0.032      0.39558868     0.012333713    -0.044608337     -0.56035751
            0.1          -0.056          -0.032       0.5534819   -0.0031901195    -0.030833683     -0.56051109
            0.1          -0.052          -0.032      0.73773089    -0.016716877    -0.020811351     -0.55965743
            0.1          -0.048          -0.032      0.93974991     -0.02668074    -0.015198267      -0.5581666
            0.1          -0.044          -0.032       1.1543888    -0.032212773    -0.013523957     -0.55507297
            0.1           -0.04          -0.032       1.3824905    -0.032759464    -0.014637622     -0.54975164
            0.1          -0.036          -0.032       1.6214324    -0.028216057     -0.01723004     -0.54303672
            0.1          -0.032          -0.032       1.8602037    -0.019595041    -0.019589229     -0.53549178
            0.1          -0.028          -0.032       2.0807658   -0.0093976192    -0.019653113     -0.52760014
            0.1          -0.024          -0.032       2.2594443   -0.0012836738     -0.01619318      -0.5204701
            0.1           -0.02          -0.032       2.3781033    0.0022899428   -0.0098594338     -0.51465795
            0.1          -0.016          -0.032       2.4377012    0.0021620247   -0.0025304085     -0.50989268
            0.1          -0.012          -0.032       2.4553759   0.00086986244    0.0039355014     -0.50601327
            0.1          -0.008          -0.032       2.4513816  -0.00016813088    0.0087432821     -0.50311822
            0.1          -0.004          -0.032       2.4418723  -0.00096272238     0.011793585     -0.50139795
            0.1  -1.9825411e-18          -0.032       2.4375335   -0.0017290173     0.012984389     -0.50092924
            0.1           0.004          -0.032        2.442129   -0.0024972872     0.012351495     -0.50171206
            0.1           0.008          -0.032       2.4514131   -0.0032675103    0.0098742361     -0.50373124
            0.1           0.012          -0.032       2.4545117   -0.0041719313    0.0056504135     -0.50688114
            0.1           0.016          -0.032       2.4353872    -0.005097191   -0.0001939896     -0.51096057
            0.1            0.02          -0.032       2.3743965   -0.0045611434   -0.0068425275     -0.51586516
            0.1           0.024          -0.032       2.2551366  -0.00010015553    -0.012519708     -0.52172145
            0.1           0.028          -0.032       2.0768301     0.008972047    -0.015533026     -0.52883495
            0.1           0.032          -0.032       1.8573762     0.020009242     -0.01538491     -0.53666689
            0.1           0.036          -0.032       1.6201379      0.02921179    -0.013352355     -0.54410246
            0.1            0.04          -0.032       1.3828382     0.034020275    -0.011494614     -0.55071554
            0.1           0.044          -0.032        1.156329      0.03336844     -0.01148647      -0.5559602
            0.1           0.048          -0.032      0.94329324     0.027333411    -0.014613467     -0.55890808
            0.1           0.052          -0.032      0.74272982     0.016497379    -0.022037113     -0.56006448
            0.1           0.056          -0.032      0.55935655    0.0018230266    -0.034146218     -0.56049299
            0.1            0.06          -0.032      0.40148504    -0.014985419    -0.050014874     -0.55997164
            0.1           0.064          -0.032      0.27252789    -0.031700529    -0.067917635     -0.55805184
            0.1           0.068          -0.032      0.16870291    -0.046607928    -0.086180662     -0.55502172
            0.1           0.072          -0.032     0.084144144    -0.058796284     -0.10363218     -0.55134949
            0.1           0.076          -0.032     0.014725242    -0.067564172     -0.11968159     -0.54722945
            0.1            0.08          -0.032    -0.043414978    -0.072107053     -0.13419238     -0.54306975
            0.1           0.084          -0.032     -0.09490891    -0.071436752     -0.14707039     -0.53952471
            0.1           0.088          -0.032     -0.14510312    -0.064336183     -0.15757933     -0.53719632
            0.1           0.092          -0.032      -0.1994998    -0.049336693      -0.1630548     -0.53623535
            0.1           0.096          -0.032     -0.25714793    -0.027308149     -0.15592975     -0.53647666
            0.1             0.1          -0.032               0               0               0     -0.53688283
            0.1          -0.096          -0.028     -0.17309277     0.027999592     -0.15556238     -0.53564917
            0.1            -0.1          -0.028               0               0               0     -0.53581852
            0.1          -0.092          -0.028     -0.11226589       0.0463678     -0.15748227     -0.53585336
            0.1          -0.088          -0.028    -0.062493034      0.05641844     -0.14908096      -0.5371816
            0.1          -0.084          -0.028    -0.016630553     0.059312453      -0.1371788     -0.53965356
            0.1           -0.08          -0.028      0.03381331     0.056823077     -0.12379219     -0.54296329
            0.1          -0.076          -0.028     0.095102245     0.050001234     -0.10926069     -0.54649751
            0.1          -0.072          -0.028      0.17213309      0.03966743    -0.093492681     -0.54969547
            0.1          -0.068          -0.028      0.26901635     0.026486138    -0.076603343     -0.55238518
            0.1          -0.064          -0.028      0.39082325     0.011059408    -0.059263339       -0.554471
            0.1           -0.06          -0.028      0.54174329   -0.0053914634    -0.042888484       -0.555474
            0.1          -0.056          -0.028      0.72017078    -0.020741072    -0.029218911     -0.55531083
            0.1          -0.052          -0.028      0.91938892    -0.033000282    -0.019453607     -0.55441754
            0.1          -0.048          -0.028        1.133352    -0.040899176    -0.013625905     -0.55232238
            0.1          -0.044          -0.028       1.3611226    -0.043660029     -0.01083309     -0.54806903
            0.1           -0.04          -0.028       1.6019487    -0.040692756   -0.0099617241     -0.54209547
            0.1          -0.036          -0.028       1.8477282    -0.032106688   -0.0099327873     -0.53519375
            0.1          -0.032          -0.028       2.0807713    -0.019656558   -0.0093950635     -0.52760009
            0.1          -0.028          -0.028       2.2724443   -0.0073018962   -0.0073020906     -0.52014808
            0.1          -0.024          -0.028       2.3950695   0.00052290271   -0.0037724872     -0.51366344
            0.1           -0.02          -0.028       2.4459523    0.0031231648   0.00052534829     -0.50796205
            0.1          -0.016          -0.028       2.4467315    0.0031009183    0.0051919818     -0.50280206
            0.1          -0.012          -0.028       2.4215092     0.002519656    0.0098597024     -0.49849956
            0.1          -0.008          -0.028       2.3882602    0.0017071683     0.014057737     -0.49535701
            0.1          -0.004          -0.028       2.3613478    0.0003667469     0.017085791     -0.49350926
            0.1  -1.9825411e-18          -0.028       2.3514441   -0.0014146252     0.018313483     -0.49297439
            0.1           0.004          -0.028       2.3624085   -0.0031977111     0.017633199     -0.49372559
            0.1           0.008          -0.028       2.3898476   -0.0045284046     0.015151037     -0.49578318
            0.1           0.012          -0.028       2.4229178   -0.0052751871     0.011477956     -0.49911535
            0.1           0.016          -0.028       2.4472744   -0.0056564967    0.0072987853     -0.50357237
            0.1            0.02          -0.028       2.4451864   -0.0052493045    0.0030935303      -0.5088374
            0.1           0.024          -0.028       2.3931573   -0.0019521729  -0.00074466825     -0.51457245
            0.1           0.028          -0.028       2.2701964    0.0067559109   -0.0038751359      -0.5210289
            0.1           0.032          -0.028        2.079191     0.019992528   -0.0057709266     -0.52839771
            0.1           0.036          -0.028       1.8474973      0.03316117   -0.0064050974     -0.53585724
            0.1            0.04          -0.028       1.6032755     0.042243112   -0.0068509387     -0.54262219
            0.1           0.044          -0.028       1.3639134     0.045436963   -0.0084539262     -0.54848882
            0.1           0.048          -0.028       1.1375456     0.042564636    -0.012267117     -0.55266576
            0.1           0.052          -0.028      0.92506946     0.034207704    -0.019400264     -0.55459251
            0.1           0.056          -0.028      0.72705776     0.021174826    -0.030764966      -0.5551238
            0.1            0.06          -0.028       0.5490091    0.0047963397    -0.046243719     -0.55486448
            0.1           0.064          -0.028      0.39753756    -0.012795578    -0.064402581     -0.55348221
            0.1           0.068          -0.028      0.27467225    -0.029281203    -0.083210421     -0.55101661
            0.1           0.072          -0.028      0.17667976    -0.043290524     -0.10107706     -0.54798361
            0.1           0.076          -0.028     0.098544738     -0.05417279     -0.11730862     -0.54451817
            0.1            0.08          -0.028     0.036047738    -0.061239535     -0.13184163     -0.54074911
            0.1           0.084          -0.028    -0.015927122    -0.063595004     -0.14482227     -0.53723395
            0.1           0.088          -0.028    -0.064062776    -0.060059566     -0.15593076     -0.53460262
            0.1           0.092          -0.028     -0.11700522    -0.048739568     -0.16323625     -0.53315029
            0.1           0.096          -0.028     -0.18044677    -0.028936384     -0.16036238     -0.53290051
            0.1             0.1          -0.028               0               0               0     -0.53308057
            0.1          -0.096          -0.024    -0.082442902     0.027614528     -0.14657867     -0.53206709
            0.1            -0.1          -0.024               0               0               0     -0.53189736
            0.1          -0.092          -0.024    -0.022852713     0.043078461     -0.14675562     -0.53290835
            0.1          -0.088          -0.024     0.020073052     0.049748657     -0.13975815     -0.53471275
            0.1          -0.084          -0.024     0.061507952     0.050034257     -0.12954372     -0.53734521
            0.1           -0.08          -0.024      0.11191369     0.045494534     -0.11744774     -0.54044342
            0.1          -0.076          -0.024      0.17810876     0.036961037     -0.10373151     -0.54343155
            0.1          -0.072          -0.024      0.26530735      0.02509844    -0.088333939     -0.54593644
            0.1          -0.068          -0.024      0.37801666     0.010506762    -0.071457301     -0.54811589
            0.1          -0.064          -0.024      0.51965262   -0.0059325948    -0.054182528     -0.54980887
            0.1           -0.06          -0.024      0.68949483    -0.022406441    -0.038361802     -0.55047109
            0.1          -0.056          -0.024      0.88276219    -0.036659194    -0.025593333     -0.55015984
            0.1          -0.052          -0.024        1.093962    -0.046975841    -0.016491948     -0.54881693
            0.1          -0.048          -0.024       1.3203672     -0.05224116    -0.010566612     -0.54565401
            0.1          -0.044          -0.024       1.5609446    -0.051575484   -0.0068614899     -0.54062778
            0.1           -0.04          -0.024       1.8099129    -0.044486552   -0.0045946195     -0.53454449
            0.1          -0.036          -0.024       2.0523669    -0.031638708   -0.0029784553     -0.52769196
            0.1          -0.032          -0.024       2.2594531    -0.016193922   -0.0012849753     -0.52047016
            0.1          -0.028          -0.024       2.3950724   -0.0037694103   0.00051880854     -0.51366347
            0.1          -0.024          -0.024       2.4473649    0.0025942409    0.0025880303     -0.50727738
            0.1           -0.02          -0.024         2.43722    0.0049459984    0.0056243249     -0.50112252
            0.1          -0.016          -0.024       2.3905724    0.0058142912    0.0099286636     -0.49561524
            0.1          -0.012          -0.024       2.3274328    0.0057515313     0.014837938     -0.49118488
            0.1          -0.008          -0.024       2.2664477    0.0045206821     0.019300263     -0.48798416
            0.1          -0.004          -0.024       2.2233388    0.0020614972     0.022419826     -0.48607689
            0.1  -1.9825411e-18          -0.024        2.208359   -0.0011999879     0.023653921     -0.48549885
            0.1           0.004          -0.024       2.2249014   -0.0044620206     0.022936018     -0.48622136
            0.1           0.008          -0.024       2.2690362   -0.0069153168     0.020309597     -0.48826796
            0.1           0.012          -0.024       2.3302961   -0.0081071709     0.016301746     -0.49159992
            0.1           0.016          -0.024       2.3929214   -0.0080545268     0.011795203     -0.49614517
            0.1            0.02          -0.024       2.4384906   -0.0069323371    0.0078205776     -0.50173778
            0.1           0.024          -0.024       2.4473851   -0.0041194477    0.0050464712     -0.50793575
            0.1           0.028          -0.024        2.394183    0.0029267144    0.0032039292     -0.51430864
            0.1           0.032          -0.024       2.2585848     0.016135967     0.001566184      -0.5210375
            0.1           0.036          -0.024       2.0525193     0.032300813  -9.6633516e-05     -0.52810994
            0.1            0.04          -0.024       1.8115378     0.045733824   -0.0018808267     -0.53477744
            0.1           0.044          -0.024       1.5639993     0.053245475   -0.0045537478      -0.5406761
            0.1           0.048          -0.024       1.3246467     0.054097355   -0.0089186072     -0.54555285
            0.1           0.052          -0.024       1.0994518     0.048729057     -0.01575616     -0.54859933
            0.1           0.056          -0.024      0.88949485     0.038003932    -0.025995313     -0.54972209
            0.1            0.06          -0.024      0.69701975     0.023053058    -0.040110932     -0.54965791
            0.1           0.064          -0.024      0.52706161    0.0056678834    -0.057414655     -0.54858385
            0.1           0.068          -0.024       0.3844869    -0.011746729    -0.076080976     -0.54650102
            0.1           0.072          -0.024       0.2705671    -0.027214863    -0.093977472     -0.54396693
            0.1           0.076          -0.024      0.18228302     -0.03976424     -0.10988722     -0.54118843
            0.1            0.08          -0.024      0.11511016    -0.048759804      -0.1236313     -0.53797898
            0.1           0.084          -0.024     0.063599951    -0.053487572     -0.13533388     -0.53466779
            0.1           0.088          -0.024     0.020403933    -0.052984305     -0.14483232     -0.53184139
            0.1           0.092          -0.024    -0.025588717    -0.045491268     -0.15107516     -0.52987622
            0.1           0.096          -0.024    -0.088708254    -0.028812322     -0.15057686     -0.52897378
            0.1             0.1          -0.024               0               0               0     -0.52881351
            0.1          -0.096           -0.02     0.018476811     0.024476568     -0.12636086     -0.52857241
            0.1            -0.1           -0.02               0               0               0     -0.52806437
            0.1          -0.092           -0.02     0.069255562     0.037633823     -0.12803024     -0.52996519
            0.1          -0.088           -0.02      0.10218547     0.042012046     -0.12408691     -0.53207747
            0.1          -0.084           -0.02      0.13792101     0.040718054     -0.11647344      -0.5347326
            0.1           -0.08           -0.02      0.18768845     0.034894847     -0.10622408     -0.53754726
            0.1          -0.076           -0.02      0.25879907     0.025217045    -0.093682921     -0.54001175
            0.1          -0.072           -0.02      0.35691913     0.012208127    -0.078988181     -0.54203601
            0.1          -0.068           -0.02      0.48523042   -0.0033508296    -0.062773438     -0.54396404
            0.1          -0.064           -0.02      0.64297904     -0.02000423    -0.046609097     -0.54541776
            0.1           -0.06           -0.02      0.82651614     -0.03568112    -0.032324025     -0.54582066
            0.1          -0.056           -0.02       1.0315576    -0.048237297    -0.020980069     -0.54510266
            0.1          -0.052           -0.02       1.2547389     -0.05614485    -0.012699237     -0.54286849
            0.1          -0.048           -0.02       1.4939915    -0.058288801   -0.0069173003      -0.5389296
            0.1          -0.044           -0.02       1.7446374     -0.05375318   -0.0030538146     -0.53382655
            0.1           -0.04           -0.02       1.9948052    -0.042350163  -0.00056468376     -0.52794259
            0.1          -0.036           -0.02       2.2193712    -0.025923409    0.0011761339      -0.5213728
            0.1          -0.032           -0.02       2.3781121   -0.0098568935    0.0022842857     -0.51465825
            0.1          -0.028           -0.02       2.4459547   0.00053108033    0.0031156072     -0.50796216
            0.1          -0.024           -0.02         2.43722    0.0056320748    0.0049376276     -0.50112252
            0.1           -0.02           -0.02       2.3779985    0.0085652935    0.0085563794     -0.49465525
            0.1          -0.016           -0.02       2.2891975      0.01018539     0.013568514     -0.48906093
            0.1          -0.012           -0.02       2.1940814    0.0099850474     0.018722277     -0.48458587
            0.1          -0.008           -0.02       2.1133345    0.0077643087     0.022955797     -0.48134831
            0.1          -0.004           -0.02        2.060244    0.0038313038     0.025735694      -0.4794035
            0.1  -1.9825411e-18           -0.02       2.0423191   -0.0011159769     0.026825479     -0.47879467
            0.1           0.004           -0.02       2.0620257   -0.0060556353     0.026219303     -0.47949869
            0.1           0.008           -0.02       2.1164403   -0.0099653665      0.02388046     -0.48153377
            0.1           0.012           -0.02       2.1978431    -0.012136722     0.020025257     -0.48485762
            0.1           0.016           -0.02       2.2927813     -0.01224229      0.01518957      -0.4894119
            0.1            0.02           -0.02       2.3806562    -0.010453495     0.010430081     -0.49506631
            0.1           0.024           -0.02       2.4386435    -0.007230953    0.0069733866     -0.50156285
            0.1           0.028           -0.02       2.4462688   -0.0016708143    0.0052362824      -0.5083913
            0.1           0.032           -0.02       2.3778737    0.0093209308       0.0044533     -0.51502626
            0.1           0.036           -0.02       2.2195709     0.026009524    0.0033660506     -0.52160615
            0.1            0.04           -0.02       1.9961975     0.042992505    0.0015817874     -0.52797207
            0.1           0.044           -0.02        1.747373     0.054868064    -0.001075842     -0.53362533
            0.1           0.048           -0.02       1.4978897     0.059746336   -0.0052978189     -0.53850183
            0.1           0.052           -0.02       1.2596133     0.057739222    -0.011666139     -0.54224799
            0.1           0.056           -0.02       1.0374198     0.049703476    -0.020724393      -0.5443007
            0.1            0.06           -0.02      0.83326377     0.036759027    -0.033000603     -0.54475327
            0.1           0.064           -0.02        0.650043     0.020464644    -0.048354227     -0.54397186
            0.1           0.068           -0.02      0.49175266    0.0030358115    -0.065625689     -0.54211035
            0.1           0.072           -0.02      0.36236226    -0.013310075    -0.082757573     -0.53982232
            0.1           0.076           -0.02      0.26319714    -0.027021615    -0.097945798     -0.53751784
            0.1            0.08           -0.02      0.19126972    -0.037259037     -0.11050733      -0.5348356
            0.1           0.084           -0.02      0.14073032    -0.043427342     -0.12036422     -0.53181738
            0.1           0.088           -0.02      0.10374413    -0.044751856     -0.12727338     -0.52896071
            0.1           0.092           -0.02     0.068248142    -0.039907022     -0.13055434     -0.52666527
            0.1           0.096           -0.02     0.013635103    -0.025903427     -0.12885122     -0.52517521
            0.1             0.1           -0.02               0               0               0     -0.52465393
            0.1          -0.096          -0.016      0.11588847       0.0200821     -0.10222024     -0.52557065
            0.1            -0.1          -0.016               0               0               0     -0.52487262
            0.1          -0.092          -0.016      0.15719753     0.031885401     -0.10590745     -0.52724032
            0.1          -0.088          -0.016      0.18083161     0.035245219     -0.10438721     -0.52945754
            0.1          -0.084          -0.016      0.21056942     0.033355995    -0.099084429     -0.53206107
            0.1           -0.08          -0.016      0.25875928     0.027013055    -0.090721797     -0.53465641
            0.1          -0.076          -0.016      0.33375475     0.016766245    -0.079652694     -0.53679636
            0.1          -0.072          -0.016      0.44133727    0.0031407473    -0.066266794     -0.53860478
            0.1          -0.068          -0.016      0.58162187    -0.012760578    -0.051777282     -0.54037378
            0.1          -0.064          -0.016      0.75060555    -0.028992898    -0.037812695     -0.54154875
            0.1           -0.06          -0.016       0.9444477    -0.043389539     -0.02566558     -0.54153463
            0.1          -0.056          -0.016       1.1600926    -0.053960323    -0.015971892      -0.5401235
            0.1          -0.052          -0.016       1.3950338    -0.059243285   -0.0087376786       -0.537253
            0.1          -0.048          -0.016       1.6454286    -0.058065319   -0.0037068044     -0.53327782
            0.1          -0.044          -0.016       1.9024771    -0.049623027   -0.0006631148     -0.52847138
            0.1           -0.04          -0.016       2.1463533    -0.034363161    0.0010234607     -0.52277667
            0.1          -0.036          -0.016       2.3378916    -0.016418682    0.0018775314     -0.51649214
            0.1          -0.032          -0.016       2.4377069   -0.0025245388    0.0021522119      -0.5098933
            0.1          -0.028          -0.016       2.4467321    0.0052000314    0.0030907443     -0.50280222
            0.1          -0.024          -0.016       2.3905721    0.0099378825    0.0058045167     -0.49561517
            0.1           -0.02          -0.016       2.2891977     0.013578198     0.010175866      -0.4890608
            0.1          -0.016          -0.016       2.1677608     0.015310786     0.015301127     -0.48341511
            0.1          -0.012          -0.016       2.0530424     0.014386561     0.019971267     -0.47888876
            0.1          -0.008          -0.016       1.9617997     0.010914412     0.023518139     -0.47562947
            0.1          -0.004          -0.016       1.9035392    0.0054538837       0.0257556     -0.47367484
            0.1  -1.9825411e-18          -0.016       1.8840521   -0.0011405793     0.026639957     -0.47304852
            0.1           0.004          -0.016       1.9053661   -0.0077155291     0.026193992      -0.4737353
            0.1           0.008          -0.016       1.9650459     -0.01312379     0.024345235     -0.47574615
            0.1           0.012          -0.016       2.0571435    -0.016513729     0.021112809     -0.47906068
            0.1           0.016          -0.016       2.1720061     -0.01732277     0.016685259     -0.48363899
            0.1            0.02          -0.016       2.2927806    -0.015437544     0.011744947      -0.4893233
            0.1           0.024          -0.016       2.3929463     -0.01158903    0.0074920414     -0.49588965
            0.1           0.028          -0.016       2.4479253   -0.0065504853    0.0048137095     -0.50305009
            0.1           0.032          -0.016       2.4380821    0.0015884451    0.0038516566      -0.5100675
            0.1           0.036          -0.016       2.3381145     0.015951008    0.0035385535      -0.5165371
            0.1            0.04          -0.016       2.1472413     0.034341507    0.0026508156     -0.52262616
            0.1           0.044          -0.016       1.9044406     0.050011241   0.00090393018     -0.52807806
            0.1           0.048          -0.016        1.648456     0.058809451   -0.0022946295      -0.5326271
            0.1           0.052          -0.016       1.3989684     0.060235149   -0.0076412385     -0.53634606
            0.1           0.056          -0.016       1.1648305     0.055021821    -0.015363061     -0.53898123
            0.1            0.06          -0.016      0.94993611     0.044306598    -0.025672533     -0.54015812
            0.1           0.064          -0.016      0.75657254     0.029556368      -0.0385206     -0.53986748
            0.1           0.068          -0.016      0.58743476     0.012800545    -0.053234713     -0.53830867
            0.1           0.072          -0.016      0.44640354   -0.0037006456    -0.068401098     -0.53617834
            0.1           0.076          -0.016       0.3379531    -0.017944148    -0.082168823     -0.53409385
            0.1            0.08          -0.016      0.26228408    -0.028741052    -0.093234455     -0.53173905
            0.1           0.084          -0.016       0.2135285    -0.035462847     -0.10124638     -0.52895094
            0.1           0.088          -0.016      0.18284427    -0.037476605     -0.10592054     -0.52615628
            0.1           0.092          -0.016      0.15715566    -0.033819524     -0.10681899     -0.52375895
            0.1           0.096          -0.016      0.11265524     -0.02144145     -0.10298675      -0.5219795
            0.1             0.1          -0.016               0               0               0     -0.52125669
            0.1          -0.096          -0.012      0.20107619     0.016766314    -0.077420693     -0.52317507
            0.1            -0.1          -0.012               0               0               0     -0.52245039
            0.1          -0.092          -0.012       0.2385118     0.027527848    -0.081404552     -0.52492942
            0.1          -0.088          -0.012      0.25478088     0.030743312    -0.081149793     -0.52720551
            0.1          -0.084          -0.012      0.27778632     0.028985374    -0.077760994     -0.52978471
            0.1           -0.08          -0.012      0.32253045     0.022787073    -0.071406218     -0.53229966
            0.1          -0.076          -0.012      0.39880741     0.012500036    -0.062382209     -0.53432374
            0.1          -0.072          -0.012      0.51210561   -0.0012303203    -0.051314301     -0.53601189
            0.1          -0.068          -0.012      0.65986793    -0.016973814    -0.039605033     -0.53752217
            0.1          -0.064          -0.012        0.836305     -0.03244829     -0.02854104     -0.53826304
            0.1           -0.06          -0.012       1.0380282    -0.045423923     -0.01889594     -0.53773278
            0.1          -0.056          -0.012       1.2625176    -0.054016142    -0.011127717     -0.53590194
            0.1          -0.052          -0.012       1.5068018    -0.056754353   -0.0053806529     -0.53301832
            0.1          -0.048          -0.012       1.7653143    -0.052573832   -0.0017022185     -0.52936455
            0.1          -0.044          -0.012       2.0255243    -0.040818801   1.1728948e-05     -0.52475086
            0.1           -0.04          -0.012       2.2563686    -0.023177492   0.00062538773     -0.51908935
            0.1          -0.036          -0.012       2.4074432    -0.006425666   0.00065451177     -0.51287749
            0.1          -0.032          -0.012       2.4553782    0.0039444784   0.00085671978     -0.50601412
            0.1          -0.028          -0.012       2.4215091    0.0098700532    0.0025076483     -0.49849969
            0.1          -0.024          -0.012       2.3274337     0.014848831    0.0057408444     -0.49118463
            0.1           -0.02          -0.012       2.1940833     0.018733031    0.0099753037     -0.48458547
            0.1          -0.016          -0.012        2.053044     0.019981431     0.014377295     -0.47888845
            0.1          -0.012          -0.012       1.9278311     0.018151642     0.018142449     -0.47435174
            0.1          -0.008          -0.012       1.8307987      0.01352143     0.020872261     -0.47110215
            0.1          -0.004          -0.012        1.769533    0.0067496587     0.022541143     -0.46914984
            0.1  -1.9825411e-18          -0.012       1.7490959   -0.0012200881     0.023208879     -0.46851219
            0.1           0.004          -0.012       1.7713248   -0.0091582509     0.022916558      -0.4691872
            0.1           0.008          -0.012        1.833998    -0.015846808     0.021575148     -0.47117198
            0.1           0.012          -0.012       1.9319321    -0.020355677     0.019101285     -0.47445478
            0.1           0.016          -0.012       2.0574517    -0.022035197     0.015521835     -0.47902474
            0.1            0.02          -0.012       2.1981053    -0.020616452     0.011253032      -0.4847444
            0.1           0.024          -0.012       2.3304034    -0.016543617    0.0071110577     -0.49134208
            0.1           0.028          -0.012       2.4232381     -0.01133975    0.0039130804     -0.49861615
            0.1           0.032          -0.012       2.4561542   -0.0051283656    0.0022388796     -0.50604463
            0.1           0.036          -0.012       2.4076919    0.0055640533    0.0019847821     -0.51277214
            0.1            0.04          -0.012       2.2567273     0.022618561    0.0019036377     -0.51879138
            0.1           0.044          -0.012       2.0265563     0.040543363    0.0012408113     -0.52421194
            0.1           0.048          -0.012        1.767202     0.052584719  -0.00055319739      -0.5285552
            0.1           0.052          -0.012        1.509534      0.05702564    -0.004387879     -0.53192828
            0.1           0.056          -0.012       1.2660249     0.054466289    -0.010398317     -0.53453402
            0.1            0.06          -0.012       1.0422184     0.045904211     -0.01852145     -0.53610077
            0.1           0.064          -0.012       0.8409908      0.03278254    -0.028569739     -0.53635185
            0.1           0.068          -0.012      0.66462594     0.017014769    -0.040052415     -0.53526702
            0.1           0.072          -0.012      0.51643979   0.00086944161    -0.052134013     -0.53341262
            0.1           0.076          -0.012      0.40252673    -0.013336426    -0.063397067     -0.53146069
            0.1            0.08          -0.012      0.32574092    -0.024087443    -0.072367984     -0.52923124
            0.1           0.084          -0.012      0.28056496    -0.030632907    -0.078427631     -0.52653191
            0.1           0.088          -0.012       0.2567759    -0.032529949    -0.081322041     -0.52377433
            0.1           0.092          -0.012      0.23876803    -0.029076372    -0.081105947     -0.52132956
            0.1           0.096          -0.012      0.19885196    -0.017925155     -0.07696658      -0.5194813
            0.1             0.1          -0.012               0               0               0     -0.51874332
            0.1          -0.096          -0.008      0.27315534     0.015042862     -0.05057792     -0.52169223
            0.1            -0.1          -0.008               0               0               0     -0.52109008
            0.1          -0.092          -0.008      0.31031391     0.024796834    -0.053807435     -0.52339859
            0.1          -0.088          -0.008      0.32061856     0.028566413    -0.054295544     -0.52575433
            0.1          -0.084          -0.008      0.33609935     0.027436651    -0.052681674     -0.52835118
            0.1           -0.08          -0.008      0.37525913     0.021852216    -0.048698755     -0.53088707
            0.1          -0.076          -0.008      0.44948995     0.011895567    -0.042577016     -0.53290927
            0.1          -0.072          -0.008      0.56437738   -0.0016656657    -0.034957483     -0.53445207
            0.1          -0.068          -0.008      0.71584494    -0.017060247    -0.026940391     -0.53559504
            0.1          -0.064          -0.008      0.89676847    -0.031741641    -0.019339365     -0.53589114
            0.1           -0.06          -0.008       1.1036727    -0.043441256    -0.012638607     -0.53505785
            0.1          -0.056          -0.008       1.3338581    -0.050298558   -0.0072280165     -0.53319629
            0.1          -0.052          -0.008       1.5838297    -0.050983723   -0.0033549353     -0.53050383
            0.1          -0.048          -0.008       1.8471196    -0.044640796   -0.0011635023     -0.52712222
            0.1          -0.044          -0.008       2.1074658     -0.03077235  -0.00050268214     -0.52250033
            0.1           -0.04          -0.008        2.322185    -0.012779429   -0.0005319503     -0.51673707
            0.1          -0.036          -0.008       2.4384518    0.0012421403  -0.00070125344     -0.51037357
            0.1          -0.032          -0.008        2.451382    0.0087554404   -0.0001836828     -0.50311917
            0.1          -0.028          -0.008       2.3882617     0.014070637     0.001693873     -0.49535702
            0.1          -0.024          -0.008       2.2664514     0.019313074    0.0045094657     -0.48798359
            0.1           -0.02          -0.008       2.1133394     0.022967899    0.0077546907     -0.48134748
            0.1          -0.016          -0.008       1.9618038     0.023529122     0.010905891     -0.47562869
            0.1          -0.012          -0.008       1.8308009     0.020881718     0.013513593     -0.47110168
            0.1          -0.008          -0.008       1.7304039     0.015350383     0.015342869     -0.46784803
            0.1          -0.004          -0.008        1.667328    0.0076317739     0.016436347     -0.46588532
            0.1  -1.9825411e-18          -0.008       1.6462938   -0.0013037929      0.01688483     -0.46523546
            0.1           0.004          -0.008       1.6690438     -0.01019732     0.016730496     -0.46590923
            0.1           0.008          -0.008       1.7334645    -0.017805415     0.015892153     -0.46788981
            0.1           0.012          -0.008       1.8347367    -0.023179299     0.014259871     -0.47116228
            0.1           0.016          -0.008       1.9660919    -0.025640532     0.011792246     -0.47570985
            0.1            0.02          -0.008       2.1174027     -0.02488206    0.0087409202     -0.48144051
            0.1           0.024          -0.008       2.2696648    -0.021029458    0.0055755864     -0.48806572
            0.1           0.028          -0.008       2.3902772    -0.015583663    0.0028161154     -0.49538703
            0.1           0.032          -0.008       2.4523604     -0.01003854   0.00095793343      -0.5030499
            0.1           0.036          -0.008       2.4387211   -0.0022867232     0.000432318     -0.51016312
            0.1            0.04          -0.008       2.3221988     0.011926777   0.00056438321     -0.51633282
            0.1           0.044          -0.008       2.1077961     0.030085311   0.00052153645     -0.52185208
            0.1           0.048          -0.008       1.8481003     0.044153687  -0.00023623178     -0.52619731
            0.1           0.052          -0.008       1.5855571     0.050727079   -0.0025444702     -0.52928339
            0.1           0.056          -0.008       1.3363397     0.050257634   -0.0065537945     -0.53168129
            0.1            0.06          -0.008       1.1068478     0.043536718    -0.012115726     -0.53325929
            0.1           0.064          -0.008      0.90047213     0.031839404    -0.018963188     -0.53380513
            0.1           0.068          -0.008      0.71974489     0.017027648    -0.026682348     -0.53318066
            0.1           0.072          -0.008      0.56806686    0.0013907813    -0.034770426     -0.53171441
            0.1           0.076          -0.008      0.45273744    -0.012507556    -0.042375482     -0.52992671
            0.1            0.08          -0.008      0.37809007    -0.022836414    -0.048370517     -0.52771354
            0.1           0.084          -0.008      0.33857819    -0.028729259    -0.052103282     -0.52500201
            0.1           0.088          -0.008      0.32245633    -0.029995053    -0.053355829      -0.5222357
            0.1           0.092          -0.008      0.31081465    -0.026021479    -0.052536835     -0.51971916
            0.1           0.096          -0.008      0.27161488     -0.01608983     -0.04926426      -0.5179317
            0.1             0.1          -0.008               0               0               0     -0.51732578
            0.1          -0.096          -0.004      0.32495018     0.014070379    -0.022097815     -0.52158992
            0.1            -0.1          -0.004               0               0               0     -0.52115014
            0.1          -0.092          -0.004      0.36252187     0.023032483    -0.024112597     -0.52319005
            0.1          -0.088          -0.004      0.36831477     0.027609866    -0.024801057     -0.52558734
            0.1          -0.084          -0.004       0.3771098     0.027269062    -0.024613729     -0.52816192
            0.1           -0.08          -0.004      0.41038063     0.022445492    -0.023307221     -0.53068861
            0.1          -0.076          -0.004        0.480939     0.012968416     -0.02093577     -0.53269284
            0.1          -0.072          -0.004      0.59493245  -0.00034103613    -0.017763489     -0.53405824
            0.1          -0.068          -0.004      0.74764903    -0.015413341    -0.014234877     -0.53485785
            0.1          -0.064          -0.004       0.9307024    -0.029481686    -0.010697399      -0.5348541
            0.1           -0.06          -0.004       1.1401534    -0.040243672   -0.0074444724     -0.53388338
            0.1          -0.056          -0.004       1.3730399    -0.045915545   -0.0047689978     -0.53203719
            0.1          -0.052          -0.004       1.6256157    -0.045351892    -0.002870982     -0.52946846
            0.1          -0.048          -0.004       1.8908725     -0.03783613     -0.00187082     -0.52622079
            0.1          -0.044          -0.004       2.1494744    -0.023139649   -0.0016381563     -0.52147833
            0.1           -0.04          -0.004       2.3514944   -0.0059647023    -0.001661839     -0.51556708
            0.1          -0.036          -0.004       2.4471781    0.0057278719    -0.001588295     -0.50898145
            0.1          -0.032          -0.004       2.4418724      0.01180934  -0.00097988349     -0.50139884
            0.1          -0.028          -0.004       2.3613521     0.017101542   0.00035265664     -0.49350899
            0.1          -0.024          -0.004       2.2233465     0.022434767    0.0020501419     -0.48607586
            0.1           -0.02          -0.004       2.0602524      0.02574935    0.0038221541     -0.47940213
            0.1          -0.016          -0.004       1.9035459     0.025767623    0.0054464438     -0.47367351
            0.1          -0.012          -0.004       1.7695369     0.022551129    0.0067435338      -0.4691488
            0.1          -0.008          -0.004       1.6673293     0.016443877    0.0076265771     -0.46588475
            0.1          -0.004          -0.004       1.6032557    0.0081524247    0.0081477226      -0.4639092
            0.1  -1.9825411e-18          -0.004       1.5818735   -0.0013526273    0.0083777132     -0.46324969
            0.1           0.004          -0.004       1.6048782    -0.010808288    0.0083452405     -0.46392614
            0.1           0.008          -0.004       1.6702149    -0.018969707    0.0079967308     -0.46591189
            0.1           0.012          -0.004       1.7732411    -0.024892955     0.007249441     -0.46918706
            0.1           0.016          -0.004       1.9075902    -0.027895267    0.0060528893     -0.47372531
            0.1            0.02          -0.004       2.0641323    -0.027655651    0.0045078545     -0.47945972
            0.1           0.024          -0.004       2.2265141    -0.024126573    0.0028143231       -0.486117
            0.1           0.028          -0.004       2.3634217    -0.018583757    0.0012011358     -0.49349013
            0.1           0.032          -0.004       2.4429283    -0.013067681  -5.3847236e-05     -0.50126723
            0.1           0.036          -0.004       2.4475434   -0.0067665357  -0.00060026583     -0.50870238
            0.1            0.04          -0.004       2.3515598    0.0050864529  -0.00066657709     -0.51508451
            0.1           0.044          -0.004       2.1497348     0.022391705  -0.00073269588     -0.52073767
            0.1           0.048          -0.004       1.8916719     0.037262282   -0.0011163791      -0.5251973
            0.1           0.052          -0.004       1.6270905     0.045001331   -0.0022568927     -0.52814189
            0.1           0.056          -0.004       1.3752322     0.045798964    -0.004238863     -0.53040741
            0.1            0.06          -0.004       1.1430347      0.04031353   -0.0069227591     -0.53195977
            0.1           0.064          -0.004      0.93413849     0.029629455    -0.010099374     -0.53263768
            0.1           0.068          -0.004      0.75134775     0.015518695    -0.013479154     -0.53231973
            0.1           0.072          -0.004      0.59849558    0.0002907693     -0.01679787     -0.53120577
            0.1           0.076          -0.004      0.48402123    -0.013291428    -0.019740164      -0.5296037
            0.1            0.08          -0.004      0.41293346    -0.023117739     -0.02187777     -0.52741757
            0.1           0.084          -0.004      0.37927627    -0.028259789    -0.022949092     -0.52472054
            0.1           0.088          -0.004      0.36998966    -0.028754288    -0.022877388     -0.52198168
            0.1           0.092          -0.004      0.36342107    -0.024006677    -0.021895543      -0.5194303
            0.1           0.096          -0.004      0.32448873    -0.014869484    -0.019765298     -0.51775034
            0.1             0.1          -0.004               0               0               0     -0.51730432
            0.1          -0.096  -1.9825411e-18      0.33683744     0.013459989    0.0082543435      -0.5226957
            0.1            -0.1  -1.9825411e-18               0               0               0     -0.52230021
            0.1          -0.092  -1.9825411e-18      0.37375039     0.022058715    0.0071760041     -0.52423997
            0.1          -0.088               0      0.37809393     0.026814613    0.0065697403     -0.52658597
            0.1          -0.084   2.3129646e-18      0.38538495     0.026798724    0.0055454703     -0.52907986
            0.1           -0.08    3.304235e-19      0.41740363     0.022384212    0.0038781674     -0.53153235
            0.1          -0.076  -1.9825411e-18       0.4871431     0.013276311    0.0018327006      -0.5334715
            0.1          -0.072  -1.9825411e-18      0.60104811   0.00024320774  -0.00017131054     -0.53471813
            0.1          -0.068  -1.9825411e-18      0.75439776     -0.01456963    -0.001714558     -0.53534148
            0.1          -0.064  -1.9825411e-18      0.93838889    -0.028312029   -0.0026787594     -0.53517752
            0.1           -0.06  -1.9825411e-18         1.14886    -0.038680494   -0.0031819565     -0.53409351
            0.1          -0.056  -1.9825411e-18         1.38276    -0.043922242   -0.0033776434     -0.53218353
            0.1          -0.052  -1.9825411e-18       1.6362753    -0.042955048   -0.0033905035     -0.52959082
            0.1          -0.048  -2.3129646e-18        1.902207    -0.035108516   -0.0032833565     -0.52631004
            0.1          -0.044  -2.3129646e-18        2.160086    -0.020283229   -0.0030438133     -0.52143645
            0.1           -0.04  -1.9825411e-18       2.3579916   -0.0035882813   -0.0026398279     -0.51539717
            0.1          -0.036  -1.9825411e-18       2.4479036    0.0072894942    -0.002159389      -0.5086686
            0.1          -0.032  -1.9825411e-18       2.4375337     0.013004251   -0.0017468418     -0.50092987
            0.1          -0.028  -1.9825411e-18       2.3514517     0.018332371   -0.0014288029     -0.49297366
            0.1          -0.024  -1.9825411e-18       2.2083706     0.023671145   -0.0012109468     -0.48549725
            0.1           -0.02  -1.9825411e-18       2.0423306      0.02684079    -0.001124238     -0.47879269
            0.1          -0.016  -1.9825411e-18       1.8840604     0.026653128   -0.0011465806     -0.47304657
            0.1          -0.012  -1.6521176e-18       1.7491003     0.023219577   -0.0012241826     -0.46851053
            0.1          -0.008   2.3129646e-18       1.6462946     0.016892685   -0.0013063857     -0.46523428
            0.1          -0.004  -1.9825411e-18       1.5818725    0.0083823921   -0.0013542472     -0.46324907
            0.1  -1.9825411e-18  -1.9825411e-18       1.5603482   -0.0013408943   -0.0013421803     -0.46258457
            0.1           0.004  -1.9825411e-18       1.5834081    -0.011011999   -0.0012632248     -0.46326422
            0.1           0.008  -1.9825411e-18       1.6490177     -0.01938456   -0.0011321812     -0.46525777
            0.1           0.012  -1.9825411e-18       1.7525839    -0.025516375  -0.00097808956     -0.46854335
            0.1           0.016  -1.9825411e-18       1.8878499    -0.028722893  -0.00083757948     -0.47309121
            0.1            0.02  -1.9825411e-18       2.0459553    -0.028675741  -0.00075145824     -0.47884148
            0.1           0.024  -1.9825411e-18       2.2113321    -0.025277136  -0.00075715511     -0.48552792
            0.1           0.028  -1.9825411e-18       2.3534048    -0.019709623  -0.00086537258     -0.49294051
            0.1           0.032  -1.9825411e-18       2.4386007    -0.014133859   -0.0010532665      -0.5007764
            0.1           0.036  -1.9825411e-18        2.448499   -0.0081692707   -0.0013404709      -0.5083568
            0.1            0.04  -2.3129646e-18       2.3585444    0.0029260697    -0.001772507     -0.51486442
            0.1           0.044  -1.9825411e-18       2.1609759     0.019833867   -0.0022775083     -0.52062722
            0.1           0.048  -1.9825411e-18       1.9036679     0.034907721   -0.0027133165      -0.5252084
            0.1           0.052   2.3129646e-18       1.6384145     0.043029259   -0.0029831639     -0.52818457
            0.1           0.056   1.9825411e-18       1.3856124     0.044262849   -0.0030140301     -0.53047354
            0.1            0.06   1.9825411e-18       1.1524022     0.039229721   -0.0027062019     -0.53208458
            0.1           0.064  -1.9825411e-18      0.94249925     0.028957066   -0.0019281605     -0.53287093
            0.1           0.068  -1.9825411e-18      0.75879724     0.015180049  -0.00055556298     -0.53271434
            0.1           0.072  -1.9825411e-18      0.60526719    0.0002037597    0.0014423633     -0.53176568
            0.1           0.076  -1.9825411e-18      0.49061269    -0.013145952    0.0038648162     -0.53027194
            0.1            0.08  -1.9825411e-18      0.41996373    -0.022692999    0.0062468803     -0.52815455
            0.1           0.084  -1.9825411e-18      0.38729034    -0.027537848    0.0081292824     -0.52553075
            0.1           0.088  -1.9825411e-18      0.37940608    -0.027810169    0.0092943703     -0.52287099
            0.1           0.092  -1.9825411e-18      0.37428699    -0.022976682     0.010132371     -0.52037624
            0.1           0.096  -1.9825411e-18      0.33626943    -0.013986617     0.011434608      -0.5187406
            0.1             0.1  -1.9825411e-18               0               0               0     -0.51832218
            0.1          -0.096           0.004      0.29994177     0.013633343      0.03888867       -0.524747
            0.1            -0.1           0.004               0               0               0     -0.52425543
            0.1          -0.092           0.004      0.33549852     0.022156791     0.038641445     -0.52628502
            0.1          -0.088           0.004      0.34283664     0.026077157     0.037647085     -0.52846106
            0.1          -0.084           0.004      0.35559142     0.025606161     0.035016455     -0.53081938
            0.1           -0.08           0.004      0.39279832     0.020976611     0.030281777     -0.53314752
            0.1          -0.076           0.004      0.46623914      0.01193878     0.023931958     -0.53499474
            0.1          -0.072           0.004      0.58212086  -0.00088333003     0.016932482     -0.53624672
            0.1          -0.068           0.004      0.73622756    -0.015556386       0.0104725     -0.53693662
            0.1          -0.064           0.004      0.92055098    -0.029323684    0.0051311528     -0.53676974
            0.1           -0.06           0.004       1.1311478    -0.039894212   0.00098246105      -0.5355787
            0.1          -0.056           0.004        1.365063    -0.045483669   -0.0019927083     -0.53349969
            0.1          -0.052           0.004       1.6185999    -0.044916415   -0.0038459554      -0.5307079
            0.1          -0.048           0.004       1.8848292    -0.037449888   -0.0045915271     -0.52723834
            0.1          -0.044           0.004       2.1446215    -0.022804081   -0.0043517173     -0.52227271
            0.1           -0.04           0.004       2.3484098   -0.0055867459   -0.0035695395     -0.51615382
            0.1          -0.036           0.004       2.4460649    0.0062268098   -0.0027237931     -0.50941125
            0.1          -0.032           0.004       2.4421278     0.012375949   -0.0025145033     -0.50171212
            0.1          -0.028           0.004       2.3624175      0.01765554   -0.0032110154     -0.49372419
            0.1          -0.024           0.004       2.2249149     0.022955687    -0.004471892     -0.48621902
            0.1           -0.02           0.004       2.0620382     0.026236321    -0.006062526     -0.47949596
            0.1          -0.016           0.004       1.9053742     0.026208354   -0.0077197604      -0.4737326
            0.1          -0.012           0.004       1.7713275     0.022928089   -0.0091601032     -0.46918481
            0.1          -0.008           0.004       1.6690417     0.016738945    -0.010197193      -0.4659073
            0.1          -0.004           0.004       1.6048733    0.0083503618     -0.01080678     -0.46392479
            0.1  -1.9825411e-18           0.004       1.5834038   -0.0012616041    -0.011009884     -0.46326349
            0.1           0.004           0.004       1.6063499    -0.010823875    -0.010821992     -0.46394419
            0.1           0.008           0.004       1.6716579    -0.019080846    -0.010218552     -0.46593979
            0.1           0.012           0.004       1.7746661    -0.025082223   -0.0091736983     -0.46923119
            0.1           0.016           0.004        1.908986    -0.028141094   -0.0077091427     -0.47379464
            0.1            0.02           0.004       2.0654535    -0.027934714    -0.006006547     -0.47956518
            0.1           0.024           0.004       2.2276487    -0.024415476   -0.0043397415     -0.48627188
            0.1           0.028           0.004       2.3641977    -0.018860082   -0.0029585464     -0.49371278
            0.1           0.032           0.004       2.4431928    -0.013287906   -0.0021019274     -0.50157801
            0.1           0.036           0.004       2.4469654   -0.0068144356   -0.0021577831     -0.50910842
            0.1            0.04           0.004       2.3496279    0.0053531021   -0.0029506338     -0.51561631
            0.1           0.044           0.004       2.1464538     0.022955682   -0.0038483159     -0.52144276
            0.1           0.048           0.004       1.8874125     0.037992414    -0.004291445     -0.52610385
            0.1           0.052           0.004       1.6219765     0.045823299   -0.0036805317     -0.52927044
            0.1           0.056           0.004       1.3692307     0.046692837   -0.0017905706      -0.5317607
            0.1            0.06           0.004        1.136065     0.041301547    0.0014435144     -0.53353618
            0.1           0.064           0.004      0.92609208     0.030779385    0.0060738319     -0.53442037
            0.1           0.068           0.004      0.74211116     0.016892312      0.01205832      -0.5342594
            0.1           0.072           0.004      0.58781664    0.0019538211     0.019189467     -0.53322374
            0.1           0.076           0.004      0.47093752    -0.011313931     0.026766915     -0.53170801
            0.1            0.08           0.004       0.3962067    -0.020953782     0.033527845     -0.52968568
            0.1           0.084           0.004      0.35809836     -0.02617799     0.038438001     -0.52718405
            0.1           0.088           0.004      0.34460907    -0.027058268     0.041050839     -0.52465149
            0.1           0.092           0.004      0.33617089    -0.023177181     0.042051021     -0.52232167
            0.1           0.096           0.004      0.29934436    -0.014130603     0.042355058     -0.52067382
            0.1             0.1           0.004               0               0               0     -0.52014126
            0.1          -0.096           0.008      0.23246573     0.014488656     0.067367487     -0.52780586
            0.1            -0.1           0.008               0               0               0     -0.52717355
            0.1          -0.092           0.008      0.26697888     0.023316579     0.067898841     -0.52933642
            0.1          -0.088           0.008      0.28018916     0.026132835     0.065844422     -0.53128364
            0.1          -0.084           0.008       0.3013918     0.024884052     0.061133108     -0.53347381
            0.1           -0.08           0.008      0.34577304     0.019680018     0.053611309     -0.53563642
            0.1          -0.076           0.008      0.42360989     0.010447426     0.043797031     -0.53735692
            0.1          -0.072           0.008       0.5408713   -0.0023442921     0.032790181     -0.53865483
            0.1          -0.068           0.008      0.69444368    -0.017092451     0.022210553     -0.53955888
            0.1          -0.064           0.008      0.87762401    -0.031234305     0.013099206     -0.53955986
            0.1           -0.06           0.008       1.0866487     -0.04252324    0.0058089652     -0.53833221
            0.1          -0.056           0.008       1.3187547    -0.049157498   0.00039413669     -0.53602001
            0.1          -0.052           0.008       1.5705551    -0.049793492   -0.0032046242     -0.53289424
            0.1          -0.048           0.008       1.8356871    -0.043528418   -0.0049995183     -0.52909538
            0.1          -0.044           0.008       2.0981811    -0.029788472   -0.0051652016     -0.52405231
            0.1           -0.04           0.008       2.3159412     -0.01182267   -0.0044836418     -0.51788162
            0.1          -0.036           0.008       2.4357875    0.0023116352   -0.0035264717     -0.51120549
            0.1          -0.032           0.008       2.4514079    0.0099037132   -0.0032824682     -0.50373049
            0.1          -0.028           0.008       2.3898546     0.015177115    -0.004539671      -0.4957809
            0.1          -0.024           0.008       2.2690483     0.020331901   -0.0069232534     -0.48826473
            0.1           -0.02           0.008       2.1164512     0.023899238   -0.0099703261     -0.48153015
            0.1          -0.016           0.008       1.9650514     0.024360804    -0.013125932     -0.47574257
            0.1          -0.012           0.008       1.8339966     0.021587593    -0.015846294     -0.47116872
            0.1          -0.008           0.008       1.7334572     0.015901417    -0.017802592     -0.46788704
            0.1          -0.004           0.008       1.6702039    0.0080026982     -0.01896519     -0.46590969
            0.1  -1.9825411e-18           0.008       1.6490063   -0.0011296293    -0.019379198     -0.46525619
            0.1           0.004           0.008       1.6716504    -0.010219449    -0.019075576     -0.46593894
            0.1           0.008           0.008       1.7360238    -0.018004971    -0.018000642     -0.46794031
            0.1           0.012           0.008       1.8372693    -0.023526992    -0.016098133     -0.47124668
            0.1           0.016           0.008       1.9685693    -0.026100639    -0.013396025      -0.4758457
            0.1            0.02           0.008       2.1197161    -0.025416813      -0.0102244     -0.48164841
            0.1           0.024           0.008       2.2715649    -0.021603953    -0.007123645     -0.48837202
            0.1           0.028           0.008       2.3914476    -0.016159707   -0.0046328344     -0.49582791
            0.1           0.032           0.008       2.4524398    -0.010525391   -0.0032249316     -0.50366074
            0.1           0.036           0.008       2.4368503   -0.0024781436     -0.00334812     -0.51096345
            0.1            0.04           0.008       2.3175541     0.012202853   -0.0043008385     -0.51739673
            0.1           0.044           0.008        2.100704     0.030739569   -0.0051089896     -0.52326804
            0.1           0.048           0.008       1.8392518     0.045003552   -0.0050933792     -0.52800415
            0.1           0.052           0.008        1.575137     0.051702727   -0.0033261365     -0.53150563
            0.1           0.056           0.008       1.3242957     0.051367062   0.00047072366     -0.53432905
            0.1            0.06           0.008       1.0930722     0.044856187    0.0063618986     -0.53633355
            0.1           0.064           0.008      0.88482069     0.033486915     0.014379102     -0.53725036
            0.1           0.068           0.008      0.70213007      0.01906453     0.024373697     -0.53691544
            0.1           0.072           0.008       0.5484248    0.0038780914     0.035848988     -0.53564767
            0.1           0.076           0.008      0.43006225   -0.0095311777     0.047612125     -0.53406247
            0.1            0.08           0.008      0.35079055    -0.019516909     0.057913935       -0.532157
            0.1           0.084           0.008       0.3054935    -0.025431183     0.065564582     -0.52981375
            0.1           0.088           0.008      0.28364325    -0.027179018     0.070079797      -0.5274337
            0.1           0.092           0.008      0.26933251    -0.024438459     0.071825355     -0.52531427
            0.1           0.096           0.008      0.23339081    -0.015087162      0.07101469     -0.52366094
            0.1             0.1           0.008               0               0               0     -0.52298392
            0.1          -0.096           0.012      0.15124895      0.01634665     0.093642989     -0.53146957
            0.1            -0.1           0.012               0               0               0     -0.53081673
            0.1          -0.092           0.012      0.18689644     0.025832697     0.094169714     -0.53290901
            0.1          -0.088           0.012       0.2072504     0.028129084     0.090545395     -0.53470152
            0.1          -0.084           0.012      0.23633051     0.026315626     0.083542735     -0.53680431
            0.1           -0.08           0.012      0.28608672     0.020616591     0.073599184     -0.53888134
            0.1          -0.076           0.012      0.36541924     0.011178966     0.061222222     -0.54052799
            0.1          -0.072           0.012      0.48062875   -0.0016607719     0.047291136     -0.54185488
            0.1          -0.068           0.012      0.63061706    -0.016612389     0.033456944     -0.54295029
            0.1          -0.064           0.012      0.81006687    -0.031395968     0.021222062     -0.54322611
            0.1           -0.06           0.012       1.0148915    -0.043787296     0.011369067     -0.54220932
            0.1          -0.056           0.012       1.2420608    -0.051959913    0.0040375578     -0.53983379
            0.1          -0.052           0.012       1.4888165    -0.054526834   -0.0010335413     -0.53636465
            0.1          -0.048           0.012        1.749874    -0.050401176   -0.0040336237     -0.53214129
            0.1          -0.044           0.012       2.0129181    -0.038833356   -0.0051279003     -0.52696311
            0.1           -0.04           0.012       2.2473757    -0.021363063   -0.0051533372     -0.52073652
            0.1          -0.036           0.012       2.4028271   -0.0046618258   -0.0045867896     -0.51406257
            0.1          -0.032           0.012       2.4545008    0.0056854678    -0.004182537     -0.50687921
            0.1          -0.028           0.012       2.4229198     0.011507918   -0.0052829943     -0.49911193
            0.1          -0.024           0.012       2.3303037     0.016326879   -0.0081121134     -0.49159562
            0.1           -0.02           0.012       2.1978497     0.020045918    -0.012139026     -0.48485296
            0.1          -0.016           0.012       2.0571443     0.021129642    -0.016513385     -0.47905607
            0.1          -0.012           0.012       1.9319253     0.019114728    -0.020352669      -0.4744505
            0.1          -0.008           0.012       1.8347228     0.014270125    -0.023173853      -0.4711585
            0.1          -0.004           0.012       1.7732226    0.0072565629     -0.02488562     -0.46918386
            0.1  -1.9825411e-18           0.012       1.7525641  -0.00097415676    -0.025507983     -0.46854077
            0.1           0.004           0.012       1.7746493   -0.0091730453    -0.025073712     -0.46922934
            0.1           0.008           0.012       1.8372595    -0.016100909    -0.023519201     -0.47124567
            0.1           0.012           0.012       1.9351538    -0.020816812    -0.020810301     -0.47457987
            0.1           0.016           0.012       2.0605732    -0.022665133    -0.017039166     -0.47922631
            0.1            0.02           0.012       2.2009224     -0.02137758    -0.012696161     -0.48505156
            0.1           0.024           0.012       2.3325305    -0.017403917   -0.0086614931     -0.49179367
            0.1           0.028           0.012       2.4242539    -0.012246028   -0.0057689328     -0.49926125
            0.1           0.032           0.012       2.4553245   -0.0059477565   -0.0045835323     -0.50692407
            0.1           0.036           0.012       2.4036302    0.0050463341   -0.0049639961     -0.51394419
            0.1            0.04           0.012       2.2487996     0.022481839   -0.0056023213     -0.52038147
            0.1           0.044           0.012       2.0155332     0.040641705   -0.0056845125     -0.52631852
            0.1           0.048           0.012        1.753849     0.052794392   -0.0046167448     -0.53120445
            0.1           0.052           0.012       1.4940748      0.05735278   -0.0014469198     -0.53513594
            0.1           0.056           0.012        1.248481     0.055003786    0.0040809669     -0.53831114
            0.1            0.06           0.012       1.0224154     0.046809418     0.012182612     -0.54039719
            0.1           0.064           0.012      0.81864964     0.034158688     0.023047729     -0.54109959
            0.1           0.068           0.012        0.639894     0.018889429     0.036422237     -0.54046481
            0.1           0.072           0.012      0.48974526    0.0032927792     0.051399811     -0.53897912
            0.1           0.076           0.012      0.37335752    -0.010331847     0.066277808     -0.53733587
            0.1            0.08           0.012      0.29264068    -0.020618975     0.079195394     -0.53548213
            0.1           0.084           0.012      0.24208627    -0.027068306      0.08918671     -0.53320699
            0.1           0.088           0.012      0.21250806    -0.029382868     0.095789547     -0.53089029
            0.1           0.092           0.012      0.19115768    -0.027115224     0.098779648     -0.52890011
            0.1           0.096           0.012      0.15381881    -0.017067443     0.097629796     -0.52732595
            0.1             0.1           0.012               0               0               0     -0.52662908
            0.1          -0.096           0.016     0.058904084     0.019887134      0.11870898     -0.53521936
            0.1            -0.1           0.016               0               0               0     -0.53466576
            0.1          -0.092           0.016      0.10135654     0.030055727      0.11754994     -0.53649272
            0.1          -0.088           0.016      0.13019743     0.032587422      0.11156155     -0.53820941
            0.1          -0.084           0.016      0.16594561     0.030711583      0.10206395     -0.54033407
            0.1           -0.08           0.016       0.2186572     0.024943313      0.08999634     -0.54250241
            0.1          -0.076           0.016      0.29603001     0.015612798       0.0758311     -0.54426213
            0.1          -0.072           0.016       0.4047677    0.0029804198      0.06006712     -0.54565681
            0.1          -0.068           0.016      0.54683824    -0.011998904     0.043948835     -0.54686005
            0.1          -0.064           0.016      0.71912892     -0.02741216     0.029219287     -0.54733343
            0.1           -0.06           0.016      0.91707663    -0.041083877     0.017236727     -0.54666536
            0.1          -0.056           0.016       1.1364369    -0.051052881    0.0084175856     -0.54468711
            0.1          -0.052           0.016        1.374439    -0.055989034    0.0023489816     -0.54121534
            0.1          -0.048           0.016       1.6278149    -0.054762133   -0.0015937705     -0.53659928
            0.1          -0.044           0.016        1.888115    -0.046485426   -0.0037687316     -0.53115632
            0.1           -0.04           0.016       2.1356847    -0.031488477   -0.0048094241     -0.52482625
            0.1          -0.036           0.016       2.3314799    -0.013805155   -0.0052075656     -0.51797081
            0.1          -0.032           0.016        2.435372  -0.00015241693   -0.0051008865     -0.51095702
            0.1          -0.028           0.016       2.4472703    0.0073327966   -0.0056591256     -0.50356759
            0.1          -0.024           0.016       2.3929228     0.011823197    -0.008055279      -0.4961396
            0.1           -0.02           0.016       2.2927821     0.015212266    -0.012241072       -0.489406
            0.1          -0.016           0.016       2.1720013     0.016703491    -0.017319434     -0.48363313
            0.1          -0.012           0.016        2.057439     0.015536395    -0.022029517      -0.4790192
            0.1          -0.008           0.016       1.9660716     0.011803641    -0.025632521      -0.4757048
            0.1          -0.004           0.016       1.9075643    0.0060613825    -0.027885307     -0.47372084
            0.1  -1.9825411e-18           0.016       1.8878217  -0.00083197584    -0.028711683     -0.47308735
            0.1           0.004           0.016       1.9089596   -0.0077065993    -0.028129446     -0.47379151
            0.1           0.008           0.016       1.9685491    -0.013396916    -0.026089244      -0.4758434
            0.1           0.012           0.016       2.0605624    -0.017044169    -0.022654369     -0.47922502
            0.1           0.016           0.016       2.1752187    -0.018083658    -0.018073523     -0.48390172
            0.1            0.02           0.016       2.2954731    -0.016406913    -0.013096239     -0.48972165
            0.1           0.024           0.016       2.3946819    -0.012741558   -0.0089736394     -0.49647179
            0.1           0.028           0.016       2.4481178   -0.0078234774   -0.0066000097     -0.50386908
            0.1           0.032           0.016       2.4355091   0.00032136894   -0.0060800879     -0.51117367
            0.1           0.036           0.016       2.3314165     0.014820445    -0.006290973      -0.5180496
            0.1            0.04           0.016       2.1363648      0.03333854   -0.0060192191     -0.52469608
            0.1           0.044           0.016       1.8902437     0.049042872   -0.0050130934     -0.53076745
            0.1           0.048           0.016       1.6315483     0.057873046   -0.0026747734      -0.5359417
            0.1           0.052           0.016       1.3796612     0.059437559    0.0017165871     -0.54028507
            0.1           0.056           0.016       1.1430571     0.054560413    0.0085748551     -0.54349767
            0.1            0.06           0.016      0.92516481     0.044368225     0.018500786     -0.54519423
            0.1           0.064           0.016      0.72860051     0.030210847     0.031814405     -0.54550311
            0.1           0.068           0.016      0.55707332     0.014079743     0.047975387     -0.54461684
            0.1           0.072           0.016       0.4146557   -0.0017463719     0.065496439     -0.54299653
            0.1           0.076           0.016      0.30471718    -0.015281686       0.0823586     -0.54127314
            0.1            0.08           0.016      0.22622053    -0.025483007     0.097059876     -0.53928657
            0.1           0.084           0.016      0.17295424    -0.031964171      0.10906325     -0.53689377
            0.1           0.088           0.016      0.13691462     -0.03426455      0.11793798     -0.53452656
            0.1           0.092           0.016      0.10726974    -0.031648547      0.12294119     -0.53258435
            0.1           0.096           0.016     0.063073946    -0.020771426      0.12309054     -0.53115463
            0.1             0.1           0.016               0               0               0     -0.53054876
            0.1          -0.096            0.02    -0.040707899     0.023896383      0.14206107     -0.53890088
            0.1            -0.1            0.02               0               0               0     -0.53857645
            0.1          -0.092            0.02      0.01172681     0.035356365      0.13851131     -0.53983758
            0.1          -0.088            0.02     0.050638847     0.039011248      0.12902857     -0.54143589
            0.1          -0.084            0.02     0.092337794       0.0377814      0.11663107     -0.54363676
            0.1           -0.08            0.02      0.14628825     0.032551344      0.10253498      -0.5460584
            0.1          -0.076            0.02      0.21947439      0.02379615     0.087046669     -0.54817462
            0.1          -0.072            0.02      0.31826552     0.011840826     0.070338837     -0.54980763
            0.1          -0.068            0.02      0.44759436   -0.0026861845     0.053016192     -0.55115204
            0.1          -0.064            0.02      0.60817978    -0.018375193     0.036630982     -0.55177961
            0.1           -0.06            0.02      0.79624526    -0.033144808     0.022962888     -0.55130504
            0.1          -0.056            0.02       1.0061583    -0.044896054     0.012886439     -0.54987874
            0.1          -0.052            0.02       1.2333907    -0.052227514    0.0061995471     -0.54706415
            0.1          -0.048            0.02       1.4759927     -0.05412427      0.00195019     -0.54250511
            0.1          -0.044            0.02       1.7300004    -0.049635696   -0.0007050142     -0.53674109
            0.1           -0.04            0.02       1.9837547    -0.038465188   -0.0023735365     -0.53021593
            0.1          -0.036            0.02       2.2120429    -0.022400686   -0.0036570119      -0.5230465
            0.1          -0.032            0.02       2.3743826   -0.0067933643   -0.0045551165     -0.51585955
            0.1          -0.028            0.02       2.4451795     0.003132168   -0.0052446894     -0.50883098
            0.1          -0.024            0.02       2.4384871    0.0078512778   -0.0069275827     -0.50173076
            0.1           -0.02            0.02       2.3806521     0.010454754    -0.010447829     -0.49505894
            0.1          -0.016            0.02       2.2927714     0.011764705     -0.01543057     -0.48931592
            0.1          -0.012            0.02       2.1980883      0.01126888    -0.020607783     -0.48473729
            0.1          -0.008            0.02       2.1173778    0.0087536329    -0.024871441     -0.48143384
            0.1          -0.004            0.02       2.0641011    0.0045179022    -0.027643176     -0.47945361
            0.1  -1.9825411e-18            0.02       2.0459207  -0.00074399499    -0.028661834     -0.47883596
            0.1           0.004            0.02       2.0654196   -0.0060019401      -0.0279199     -0.47956036
            0.1           0.008            0.02       2.1196876    -0.010223299    -0.025401467     -0.48164442
            0.1           0.012            0.02       2.2009029    -0.012699681    -0.021361723     -0.48504857
            0.1           0.016            0.02       2.2954645    -0.013105918    -0.016390252     -0.48971995
            0.1            0.02            0.02        2.382631    -0.011615517    -0.011597869     -0.49553562
            0.1           0.024            0.02       2.4394258   -0.0086765222   -0.0082381031     -0.50224591
            0.1           0.028            0.02       2.4449289   -0.0033672526   -0.0067132054     -0.50933572
            0.1           0.032            0.02       2.3730889    0.0074321835   -0.0062255355     -0.51631733
            0.1           0.036            0.02        2.210615      0.02399486   -0.0055471042     -0.52340303
            0.1            0.04            0.02       1.9833555     0.040875711    -0.004382288     -0.53039219
            0.1           0.044            0.02       1.7312284     0.052679543   -0.0026027249     -0.53669787
            0.1           0.048            0.02       1.4789282     0.057593633   0.00047307198     -0.54222889
            0.1           0.052            0.02       1.2379758     0.055841489    0.0055061133     -0.54655777
            0.1           0.056            0.02       1.0124882     0.048331321     0.013347331     -0.54912715
            0.1            0.06            0.02      0.80440441     0.036087906     0.024904057     -0.55021913
            0.1           0.064            0.02      0.61779827     0.020556211     0.040280572     -0.55026756
            0.1           0.068            0.02       0.4577226    0.0039180075     0.058429207     -0.54918993
            0.1           0.072            0.02      0.32784482    -0.011605178     0.077344468      -0.5474325
            0.1           0.076            0.02      0.22806719    -0.024484949     0.095185309     -0.54548182
            0.1            0.08            0.02      0.15414634     -0.03403139       0.1111588     -0.54311492
            0.1           0.084            0.02     0.099907976    -0.039849365      0.12508591     -0.54043417
            0.1           0.088            0.02     0.058088657    -0.041338165      0.13666732     -0.53796327
            0.1           0.092            0.02     0.018451649    -0.037397306      0.14484264     -0.53611634
            0.1           0.096            0.02     -0.03581723     -0.02501029      0.14704249     -0.53501606
            0.1             0.1            0.02               0               0               0      -0.5346424
            0.1          -0.096           0.024     -0.13535723     0.026226584       0.1573846     -0.54231873
            0.1            -0.1           0.024               0               0               0     -0.54229968
            0.1          -0.092           0.024    -0.077061741     0.040072846      0.15398245      -0.5427732
            0.1          -0.088           0.024     -0.02938019     0.045996445      0.14158187     -0.54413322
            0.1          -0.084           0.024     0.017151615     0.046303153      0.12659806     -0.54636082
            0.1           -0.08           0.024      0.07123507     0.042281031       0.1107616     -0.54909082
            0.1          -0.076           0.024      0.13939778     0.034584303     0.094276388     -0.55175361
            0.1          -0.072           0.024      0.22725877     0.023738338     0.077123873     -0.55390672
            0.1          -0.068           0.024       0.3404778     0.010230593     0.059537384     -0.55556683
            0.1          -0.064           0.024      0.48398682   -0.0051072051     0.042576751     -0.55648518
            0.1           -0.06           0.024      0.65780356    -0.020467273     0.027926449     -0.55619654
            0.1          -0.056           0.024      0.85639489     -0.03364469     0.016885873     -0.55497396
            0.1          -0.052           0.024       1.0727329    -0.043078623     0.009776108     -0.55295097
            0.1          -0.048           0.024       1.3031855    -0.047785447    0.0057803439     -0.54923857
            0.1          -0.044           0.024       1.5471695    -0.046920399    0.0036446302     -0.54359297
            0.1           -0.04           0.024       1.7994992    -0.039921467     0.002461997     -0.53686869
            0.1          -0.036           0.024       2.0451844    -0.027378858    0.0014360183     -0.52943038
            0.1          -0.032           0.024       2.2551299    -0.012462907   -8.182644e-05     -0.52171384
            0.1          -0.028           0.024       2.3931539  -0.00070061269   -0.0019378405     -0.51456422
            0.1          -0.024           0.024       2.4473811     0.005079946     -0.00410765     -0.50792718
            0.1           -0.02           0.024       2.4386379    0.0069996256   -0.0072200905     -0.50155379
            0.1          -0.016           0.024       2.3929361    0.0075131172    -0.011577907     -0.49588046
            0.1          -0.012           0.024       2.3303862    0.0071282253    -0.016531578     -0.49133301
            0.1          -0.008           0.024       2.2696398    0.0055897747    -0.021016029     -0.48805697
            0.1          -0.004           0.024       2.2264826    0.0028261298    -0.024111504     -0.48610871
            0.1  -1.9825411e-18           0.024       2.2112966  -0.00074762994    -0.025260437     -0.48552016
            0.1           0.004           0.024       2.2276132   -0.0043328994    -0.024397203     -0.48626478
            0.1           0.008           0.024       2.2715345   -0.0071204177    -0.021583982     -0.48836573
            0.1           0.012           0.024       2.3325092   -0.0086633899    -0.017381869     -0.49178838
            0.1           0.016           0.024       2.3946716   -0.0089826207    -0.012716999     -0.49646784
            0.1            0.02           0.024       2.4394241   -0.0082565627   -0.0086490988     -0.50224368
            0.1           0.024           0.024       2.4467595   -0.0058709622   -0.0058397991     -0.50867617
            0.1           0.028           0.024       2.3909437   0.00070929084   -0.0040271348     -0.51532274
            0.1           0.032           0.024       2.2519316     0.013483504    -0.002549989     -0.52244495
            0.1           0.036           0.024       2.0422432     0.029336213   -0.0012986429     -0.53007413
            0.1            0.04           0.024       1.7978099     0.042589146  -0.00027598795     -0.53736914
            0.1           0.044           0.024        1.547149     0.050056009    0.0012552806     -0.54393209
            0.1           0.048           0.024       1.3049286     0.051105411    0.0041308485     -0.54939898
            0.1           0.052           0.024       1.0763406     0.046245431    0.0092825687     -0.55290766
            0.1           0.056           0.024      0.86202689     0.036302986      0.01795572     -0.55463573
            0.1            0.06           0.024       0.6652934     0.022302073     0.030914718     -0.55544429
            0.1           0.064           0.024      0.49260581    0.0058937306     0.047668716     -0.55528257
            0.1           0.068           0.024      0.34925826    -0.010566973     0.066626426     -0.55392676
            0.1           0.072           0.024      0.23557504    -0.025099601     0.085830038     -0.55187359
            0.1           0.076           0.024      0.14712484     -0.03677754      0.10404177     -0.54940272
            0.1            0.08           0.024     0.078553891    -0.045086815      0.12095209     -0.54645363
            0.1           0.084           0.024     0.024304192     -0.04945854      0.13657683     -0.54343595
            0.1           0.088           0.024     -0.02242512    -0.049121037      0.15066955     -0.54093611
            0.1           0.092           0.024    -0.071005272    -0.042577897      0.16153559     -0.53933556
            0.1           0.096           0.024     -0.13126844    -0.027539612      0.16327893     -0.53873555
            0.1             0.1           0.024               0               0               0     -0.53868169
            0.1          -0.096           0.028     -0.21584595     0.026307686      0.15941398     -0.54514411
            0.1            -0.1           0.028               0               0               0     -0.54536431
            0.1          -0.092           0.028     -0.15818842     0.042866919      0.15933598     -0.54517079
            0.1          -0.088           0.028     -0.10637195     0.051799477      0.14668869     -0.54623046
            0.1          -0.084           0.028    -0.057313127       0.0544031      0.13075001     -0.54839547
            0.1           -0.08           0.028   -0.0041880833     0.052181763      0.11409159     -0.55137482
            0.1          -0.076           0.028     0.058780692     0.046002525     0.097118631     -0.55458617
            0.1          -0.072           0.028      0.13661511     0.036553335     0.079842178     -0.55744541
            0.1          -0.068           0.028      0.23400787     0.024419233      0.06247534     -0.55967662
            0.1          -0.064           0.028      0.35696683     0.010176109     0.045763555     -0.56109552
            0.1           -0.06           0.028      0.51073074   -0.0049689086     0.031005921     -0.56124414
            0.1          -0.056           0.028      0.69389396    -0.018953356     0.019580275     -0.56011423
            0.1          -0.052           0.028      0.89863309    -0.029952523     0.012277835     -0.55836488
            0.1          -0.048           0.028        1.117429    -0.036878862    0.0087854318     -0.55569323
            0.1          -0.044           0.028       1.3488829    -0.039069008    0.0079400479     -0.55093236
            0.1           -0.04           0.028       1.5928397    -0.035926457     0.008477803     -0.54438338
            0.1          -0.036           0.028       1.8414713    -0.027481362    0.0092709336     -0.53692075
            0.1          -0.032           0.028       2.0768348    -0.015470039    0.0090035272     -0.52882522
            0.1          -0.028           0.028        2.270203    -0.003825549    0.0067818042      -0.5210187
            0.1          -0.024           0.028       2.3941856    0.0032406104    0.0029472229     -0.51429834
            0.1           -0.02           0.028       2.4462667    0.0052638144   -0.0016539454      -0.5083804
            0.1          -0.016           0.028       2.4479185    0.0048355559   -0.0065351361     -0.50303878
            0.1          -0.012           0.028       2.4232251     0.003931195    -0.011324422     -0.49860471
            0.1          -0.008           0.028       2.3902577    0.0028316856    -0.015567445     -0.49537567
            0.1          -0.004           0.028       2.3633966    0.0012148196     -0.01856606     -0.49347905
            0.1  -1.9825411e-18           0.028       2.3533762  -0.00085351743     -0.01968999     -0.49292982
            0.1           0.004           0.028       2.3641694   -0.0029490657    -0.018838033     -0.49370266
            0.1           0.008           0.028       2.3914246    -0.004626901    -0.016134639     -0.49581855
            0.1           0.012           0.028       2.4242405   -0.0057684247    -0.012217284     -0.49925297
            0.1           0.016           0.028       2.4481161   -0.0066076377   -0.0077901334     -0.50386226
            0.1            0.02           0.028       2.4449361   -0.0067326563    -0.003327637     -0.50933087
            0.1           0.024           0.028       2.3909525    -0.004063193   0.00075719683     -0.51532047
            0.1           0.028           0.028       2.2654311    0.0039532337    0.0040095326     -0.52207566
            0.1           0.032           0.028       2.0715647     0.016614197    0.0057510665     -0.52987422
            0.1           0.036           0.028       1.8368364      0.02944826    0.0058316126     -0.53789768
            0.1            0.04           0.028       1.5895593     0.038416702    0.0052588811     -0.54526289
            0.1           0.044           0.028       1.3472984     0.041754924     0.005381285     -0.55170073
            0.1           0.048           0.028       1.1176975     0.039397655    0.0073386299     -0.55630212
            0.1           0.052           0.028      0.90088061     0.031920583     0.012417834     -0.55872064
            0.1           0.056           0.028      0.69808617     0.020017665     0.021766821     -0.56008205
            0.1            0.06           0.028      0.51643319    0.0048703931     0.035542319     -0.56077245
            0.1           0.064           0.028      0.36341697    -0.011530816     0.052636734     -0.56020714
            0.1           0.068           0.028      0.24058815    -0.026935447      0.07134319     -0.55836981
            0.1           0.072           0.028      0.14303801    -0.039997073     0.090198745     -0.55574852
            0.1           0.076           0.028     0.064923769    -0.050087306      0.10840917     -0.55254742
            0.1            0.08           0.028    0.0016961577    -0.056601458      0.12573624     -0.54901447
            0.1           0.084           0.028    -0.051682398    -0.058799524      0.14216404     -0.54574188
            0.1           0.088           0.028     -0.10124829    -0.055720093      0.15719344     -0.54333688
            0.1           0.092           0.028     -0.15423155    -0.045708374      0.16813171     -0.54208173
            0.1           0.096           0.028     -0.21376553    -0.027701618      0.16621809     -0.54194421
            0.1             0.1           0.028               0               0               0     -0.54214419
            0.1          -0.096           0.032     -0.28099128     0.024793875      0.14888156      -0.5474558
            0.1            -0.1           0.032               0               0               0     -0.54784937
            0.1          -0.092           0.032     -0.22888667     0.043318191      0.15321022     -0.54713677
            0.1          -0.088           0.032     -0.17761216     0.055045081      0.14299715     -0.54789847
            0.1          -0.084           0.032     -0.12877461     0.060169567      0.12825712       -0.549934
            0.1           -0.08           0.032    -0.077793861     0.060067724      0.11213868     -0.55303045
            0.1          -0.076           0.032    -0.020016901       0.0557202     0.095452542     -0.55661363
            0.1          -0.072           0.032      0.04896619     0.047891435     0.078471129     -0.56008684
            0.1          -0.068           0.032      0.13320928     0.037268725     0.061521773     -0.56298775
            0.1          -0.064           0.032       0.2371491     0.024500496      0.04532975     -0.56505828
            0.1           -0.06           0.032      0.36740978      0.01042264     0.030996891     -0.56591359
            0.1          -0.056           0.032      0.52890573   -0.0034928705     0.019789712      -0.5652336
            0.1          -0.052           0.032      0.71811186    -0.015367496     0.012698034     -0.56348327
            0.1          -0.048           0.032      0.92519268    -0.023879112       0.0098982     -0.56128539
            0.1          -0.044           0.032       1.1439096    -0.028372406     0.010605962     -0.55771655
            0.1           -0.04           0.032       1.3751057    -0.028361801       0.0135099     -0.55192418
            0.1          -0.036           0.032       1.6166258    -0.023696013     0.017230276     -0.54469196
            0.1          -0.032           0.032       1.8573972     -0.01531869     0.020051895     -0.53665422
            0.1          -0.028           0.032       2.0792139   -0.0057169655     0.020029474     -0.52838467
            0.1          -0.024           0.032       2.2586018    0.0016065319     0.016165786     -0.52102479
            0.1           -0.02           0.032       2.3778826    0.0044826254    0.0093444953      -0.5150133
            0.1          -0.016           0.032       2.4380843    0.0038740521     0.001607933     -0.51005381
            0.1          -0.012           0.032       2.4561498    0.0022574234   -0.0051104996     -0.50603045
            0.1          -0.008           0.032       2.4523503   0.00097450422    -0.010020485     -0.50303549
            0.1          -0.004           0.032       2.4429144  -3.8348556e-05    -0.013048233     -0.50125283
            0.1  -1.9825411e-18           0.032       2.4385855    -0.001038749    -0.014112093     -0.50076216
            0.1           0.004           0.032         2.44318   -0.0020890724    -0.013262897     -0.50156422
            0.1           0.008           0.032       2.4524346   -0.0032153195    -0.010496074     -0.50364767
            0.1           0.012           0.032       2.4553316   -0.0045798919   -0.0059126287     -0.50691218
            0.1           0.016           0.032       2.4355304   -0.0060865425   0.00036466172     -0.51116357
            0.1            0.02           0.032       2.3731198   -0.0062470298    0.0074863758     -0.51630962
            0.1           0.024           0.032       2.2519635    -0.002590977     0.013549366     -0.52243968
            0.1           0.028           0.032        2.071587    0.0056895899     0.016688881     -0.52987095
            0.1           0.032           0.032       1.8497857     0.016183309     0.016260721     -0.53816452
            0.1           0.036           0.032       1.6099119     0.025172863     0.013435377     -0.54615047
            0.1            0.04           0.032       1.3698794     0.030070357     0.010220845     -0.55329596
            0.1           0.044           0.032       1.1404443     0.029901745    0.0083386722     -0.55894606
            0.1           0.048           0.032      0.92353649      0.02481088    0.0091887831     -0.56227224
            0.1           0.052           0.032      0.71822516     0.015304536     0.014087419     -0.56410463
            0.1           0.056           0.032      0.53067037    0.0021483265     0.023683923      -0.5654214
            0.1            0.06           0.032      0.37041751    -0.013161361     0.037455397     -0.56571216
            0.1           0.064           0.032      0.24085194    -0.028543118     0.054064301     -0.56447114
            0.1           0.068           0.032      0.13725199    -0.042366007     0.072058069     -0.56197402
            0.1           0.072           0.032     0.053073279     -0.05371416     0.090279998     -0.55866449
            0.1           0.076           0.032    -0.016064461     -0.06189745      0.10800654     -0.55481427
            0.1            0.08           0.032    -0.074128994    -0.066197759       0.1249138     -0.55088866
            0.1           0.084           0.032     -0.12558392    -0.065793227       0.1407082     -0.54751786
            0.1           0.088           0.032     -0.17526453    -0.059644898       0.1544511     -0.54529512
            0.1           0.092           0.032     -0.22790973    -0.046354991       0.1628212     -0.54440098
            0.1           0.096           0.032     -0.28167607    -0.026158499      0.15630604     -0.54465016
            0.1             0.1           0.032               0               0               0     -0.54503449
            0.1          -0.096           0.036     -0.33421434     0.022456414      0.13007113     -0.54952521
            0.1            -0.1           0.036               0               0               0     -0.55000515
            0.1          -0.092           0.036     -0.28983474     0.041568643      0.13779481     -0.54897704
            0.1          -0.088           0.036     -0.24227466     0.055053413      0.13138998     -0.54947508
            0.1          -0.084           0.036     -0.19590155     0.062298062      0.11946491     -0.55132794
            0.1           -0.08           0.036     -0.14803068     0.064246086      0.10512186     -0.55438077
            0.1          -0.076           0.036    -0.095272983     0.061790801     0.089527145     -0.55810268
            0.1          -0.072           0.036    -0.034061293     0.055713601     0.073289466      -0.5619211
            0.1          -0.068           0.036      0.03930179     0.046694791     0.056961045     -0.56532174
            0.1          -0.064           0.036      0.12837762     0.035435542     0.041314911     -0.56796295
            0.1           -0.06           0.036      0.23771302     0.022759853     0.027443653      -0.5695613
            0.1          -0.056           0.036      0.37416238    0.0097026993      0.01663409     -0.56969014
            0.1          -0.052           0.036      0.54137612   -0.0022614206     0.010019393     -0.56828561
            0.1          -0.048           0.036      0.73332617    -0.011689181    0.0080531176     -0.56610408
            0.1          -0.044           0.036      0.93964549    -0.017720637     0.010257258     -0.56326862
            0.1           -0.04           0.036       1.1569966    -0.020005628     0.015582975     -0.55857848
            0.1          -0.036           0.036       1.3858853    -0.018382415     0.022592162     -0.55188479
            0.1          -0.032           0.036       1.6201781     -0.01328721     0.029262063      -0.5440867
            0.1          -0.028           0.036         1.84754   -0.0063493993     0.033206828     -0.53584084
            0.1          -0.024           0.036       2.0525564   -5.316002e-05     0.032338773     -0.52809393
            0.1           -0.02           0.036       2.2195983    0.0033979916     0.026039443     -0.52159028
            0.1          -0.016           0.036       2.3381325    0.0035622696     0.015974374     -0.51652051
            0.1          -0.012           0.036       2.4077014    0.0020039424    0.0055835273     -0.51275486
            0.1          -0.008           0.036       2.4387245   0.00044979505   -0.0022684183     -0.51014528
            0.1          -0.004           0.036       2.4475449  -0.00058288637   -0.0067472919     -0.50868411
            0.1  -1.9825411e-18           0.036       2.4485032   -0.0013229283    -0.008147501     -0.50833837
            0.1           0.004           0.036       2.4469777   -0.0021410523   -0.0067885392     -0.50909027
            0.1           0.008           0.036       2.4368766   -0.0033347295   -0.0024459987     -0.51094608
            0.1           0.012           0.036       2.4036747   -0.0049582291    0.0050877611       -0.513928
            0.1           0.016           0.036       2.3314778   -0.0062980171     0.014874472     -0.51803514
            0.1            0.02           0.036       2.2106849   -0.0055713136     0.024063053     -0.52339098
            0.1           0.024           0.036       2.0423121   -0.0013420543     0.029416564     -0.53006408
            0.1           0.028           0.036        1.836893    0.0057709345     0.029535595     -0.53788959
            0.1           0.032           0.036       1.6099444     0.013363297     0.025259532     -0.54614612
            0.1           0.036           0.036         1.37679     0.018756945     0.018833547     -0.55388776
            0.1            0.04           0.036       1.1494826     0.020232354     0.012703062     -0.56043567
            0.1           0.044           0.036      0.93378471     0.017323029    0.0088617031     -0.56485375
            0.1           0.048           0.036      0.72898975     0.010219653    0.0087394801     -0.56731921
            0.1           0.052           0.036        0.538621  -0.00059117745     0.013292063     -0.56906431
            0.1           0.056           0.036      0.37303024    -0.014052115     0.022635767      -0.5700866
            0.1            0.06           0.036      0.23784568    -0.028529442     0.035904426     -0.56962999
            0.1           0.064           0.036      0.12934095    -0.042392863     0.051775614     -0.56763651
            0.1           0.068           0.036     0.040740472    -0.054485853     0.068914345      -0.5645477
            0.1           0.072           0.036    -0.032508398     -0.06392602     0.086212297     -0.56070875
            0.1           0.076           0.036     -0.09389931    -0.069984666      0.10291675     -0.55648309
            0.1            0.08           0.036     -0.14708587    -0.071943983      0.11849372     -0.55241717
            0.1           0.084           0.036     -0.19568123    -0.068979723       0.1323038     -0.54912257
            0.1           0.088           0.036     -0.24315565    -0.060197662      0.14306883     -0.54713817
            0.1           0.092           0.036      -0.2921594    -0.044767194       0.1475875     -0.54656973
            0.1           0.096           0.036     -0.33794602    -0.023743107      0.13774264     -0.54708632
            0.1             0.1           0.036               0               0               0     -0.54756467
            0.1          -0.096            0.04     -0.38117807     0.019959595      0.10812581     -0.55144382
            0.1            -0.1            0.04               0               0               0      -0.5519145
            0.1          -0.092            0.04     -0.34420172     0.038196539      0.11733994     -0.55082105
            0.1          -0.088            0.04     -0.30146348     0.052014552      0.11449462     -0.55114445
            0.1          -0.084            0.04     -0.25862808     0.060486492      0.10586536     -0.55280885
            0.1           -0.08            0.04     -0.21428833     0.064012041     0.093957869     -0.55569028
            0.1          -0.076            0.04      -0.1661295     0.063221685     0.080021605     -0.55932729
            0.1          -0.072            0.04     -0.11147117     0.058791796     0.064895706     -0.56321362
            0.1          -0.068            0.04    -0.047217121     0.051354257     0.049349323     -0.56684965
            0.1          -0.064            0.04     0.030003338     0.041563214     0.034266807     -0.56983718
            0.1           -0.06            0.04      0.12350647     0.030198407     0.020761861     -0.57193863
            0.1          -0.056            0.04      0.23796022     0.018216607     0.010173647     -0.57283372
            0.1          -0.052            0.04      0.37978066    0.0067611403    0.0038419042     -0.57216803
            0.1          -0.048            0.04      0.55052985   -0.0029000147    0.0025419669     -0.57014069
            0.1          -0.044            0.04      0.74235122   -0.0098157012     0.006100593     -0.56742628
            0.1           -0.04            0.04      0.94667901    -0.013542774     0.013581505     -0.56365381
            0.1          -0.036            0.04       1.1612324     -0.01399349     0.023602542     -0.55799908
            0.1          -0.032            0.04       1.3828969    -0.011436156     0.034073894     -0.55069732
            0.1          -0.028            0.04       1.6033373   -0.0067976323       0.0422944     -0.54260281
            0.1          -0.024            0.04       1.8115958    -0.001836518     0.045777861     -0.53475774
            0.1           -0.02            0.04       1.9962459    0.0016160825     0.043027607     -0.52795235
            0.1          -0.016            0.04       2.1472783    0.0026767663       0.0343681     -0.52260582
            0.1          -0.012            0.04       2.2567533    0.0019243991     0.022638811     -0.51877036
            0.1          -0.008            0.04       2.3222175    0.0005832777     0.011943869     -0.51631117
            0.1          -0.004            0.04       2.3515783  -0.00064731487    0.0051034759     -0.51506229
            0.1  -1.9825411e-18            0.04       2.3585712   -0.0017524335     0.002945748     -0.51484175
            0.1           0.004            0.04       2.3496717   -0.0029312693    0.0053783832     -0.51559351
            0.1           0.008            0.04       2.3176209   -0.0042858625     0.012237411     -0.51737423
            0.1           0.012            0.04       2.2488904   -0.0055968953     0.022529739      -0.5203597
            0.1           0.016            0.04       2.1364735   -0.0060278798      0.03340248     -0.52467574
            0.1            0.02            0.04       1.9834712    -0.004407193     0.040954995     -0.53037439
            0.1           0.024            0.04       1.7979217  -0.00031655906     0.042679533     -0.53735402
            0.1           0.028            0.04       1.5896553    0.0052063254     0.038511506     -0.54525056
            0.1           0.032            0.04       1.3699491      0.01016252     0.030160482     -0.55328815
            0.1           0.036            0.04       1.1495201     0.012645982     0.020306767      -0.5604326
            0.1            0.04            0.04      0.93634841     0.011603885     0.011651908     -0.56582413
            0.1           0.044            0.04      0.73338564    0.0067550866    0.0062039567     -0.56924644
            0.1           0.048            0.04       0.5430632    -0.001642863    0.0052501953     -0.57153175
            0.1           0.052            0.04      0.37417122    -0.012890424    0.0094034316     -0.57313922
            0.1           0.056            0.04      0.23417406    -0.025823453     0.018364484     -0.57348983
            0.1            0.06            0.04      0.12106672    -0.039055089      0.03108463     -0.57225875
            0.1           0.064            0.04     0.028459783    -0.051337015     0.046196397     -0.56973319
            0.1           0.068            0.04     -0.04830279    -0.061625212     0.062363115     -0.56627546
            0.1           0.072            0.04     -0.11250594    -0.069100894     0.078486785     -0.56217849
            0.1           0.076            0.04     -0.16745147    -0.073090978     0.093720135     -0.55787586
            0.1            0.08            0.04     -0.21621241    -0.072939043         0.10731     -0.55390841
            0.1           0.084            0.04     -0.26148293    -0.067960761      0.11839695     -0.55081702
            0.1           0.088            0.04     -0.30557121    -0.057592449      0.12568844      -0.5490614
            0.1           0.092            0.04     -0.34975316    -0.041622335      0.12670652     -0.54870826
            0.1           0.096            0.04     -0.38799717     -0.02143719      0.11560926     -0.54933701
            0.1             0.1            0.04               0               0               0     -0.54982404
            0.1          -0.096           0.044     -0.42699889     0.017459222     0.086708819     -0.55317369
            0.1            -0.1           0.044               0               0               0     -0.55356078
            0.1          -0.092           0.044     -0.39566604     0.033780319     0.095844739     -0.55262097
            0.1          -0.088           0.044      -0.3572424     0.046673099     0.095411027     -0.55288581
            0.1          -0.084           0.044     -0.31785096     0.055329896     0.089593689     -0.55439731
            0.1           -0.08           0.044     -0.27680036     0.059695191     0.080095488     -0.55703593
            0.1          -0.076           0.044     -0.23253845     0.060081351     0.067988622     -0.56042043
            0.1          -0.072           0.044     -0.18311414     0.056962429     0.054161167     -0.56413425
            0.1          -0.068           0.044     -0.12612821      0.05085819     0.039489679     -0.56774495
            0.1          -0.064           0.044    -0.058631042      0.04234204     0.024953862     -0.57084445
            0.1           -0.06           0.044     0.022517411     0.032097253     0.011719355     -0.57316025
            0.1          -0.056           0.044       0.1204776     0.021024913    0.0011757379       -0.574464
            0.1          -0.052           0.044      0.23988887     0.010188865   -0.0051953267     -0.57446492
            0.1          -0.048           0.044      0.38569854    0.0006881998   -0.0062879512      -0.5729588
            0.1          -0.044           0.044      0.55723964   -0.0065414633   -0.0018957608     -0.57026629
            0.1           -0.04           0.044      0.74735515    -0.010940499    0.0072404234     -0.56673896
            0.1          -0.036           0.044       0.9488565    -0.012491352     0.019747568     -0.56209941
            0.1          -0.032           0.044       1.1564064    -0.011441479     0.033419362       -0.555941
            0.1          -0.028           0.044       1.3639916    -0.008408566     0.045489663     -0.54846681
            0.1          -0.024           0.044       1.5640747   -0.0045126331     0.053292961     -0.54065238
            0.1           -0.02           0.044         1.74744   -0.0010414006     0.054906659     -0.53360113
            0.1          -0.016           0.044       1.9044947   0.00093151928     0.050040084     -0.52805309
            0.1          -0.012           0.044       2.0265967    0.0012634632     0.040563733     -0.52418618
            0.1          -0.008           0.044       2.1078274    0.0005420227     0.030100354     -0.52182565
            0.1          -0.004           0.044       2.1497665  -0.00071224948     0.022405463     -0.52071058
            0.1  -1.9825411e-18           0.044       2.1610208   -0.0022567462     0.019850656     -0.52059938
            0.1           0.004           0.044       2.1465239   -0.0038290838     0.022980221     -0.52141425
            0.1           0.008           0.044       2.1008058   -0.0050951023     0.030776816     -0.52323915
            0.1           0.012           0.044       2.0156646   -0.0056802891     0.040695725        -0.52629
            0.1           0.016           0.044       1.8903951   -0.0050212424     0.049114914     -0.53074066
            0.1            0.02           0.044       1.7313871   -0.0026233869     0.052766909     -0.53667431
            0.1           0.024           0.044       1.5473009    0.0012243908     0.050152651     -0.54391229
            0.1           0.028           0.044       1.3474328    0.0053443983     0.041852144     -0.55168538
            0.1           0.032           0.044       1.1405544    0.0083021658     0.029988968     -0.55893652
            0.1           0.036           0.044        0.933866    0.0088333599     0.017388189     -0.56484869
            0.1            0.04           0.044      0.73343076    0.0061924847    0.0067861659     -0.56924366
            0.1           0.044           0.044      0.54468571    0.0002184468   0.00020523368     -0.57244284
            0.1           0.048           0.044      0.37506651   -0.0087026428   -0.0012675061     -0.57468134
            0.1           0.052           0.044      0.23168111    -0.019732587    0.0026450391     -0.57580427
            0.1           0.056           0.044      0.11439669    -0.031831006     0.011352351     -0.57546887
            0.1            0.06           0.044     0.017875141    -0.043825164      0.02360898     -0.57373387
            0.1           0.064           0.044    -0.062417592    -0.054573189     0.037975258     -0.57095206
            0.1           0.068           0.044     -0.12954395    -0.063150824     0.053123476     -0.56737131
            0.1           0.072           0.044     -0.18657973    -0.068862077     0.067934253     -0.56329389
            0.1           0.076           0.044     -0.23642155    -0.071123187     0.081467497     -0.55917026
            0.1            0.08           0.044     -0.28144144    -0.069413532      0.09286883     -0.55547359
            0.1           0.084           0.044     -0.32356833    -0.063292573      0.10126353     -0.55264715
            0.1           0.088           0.044     -0.36429737    -0.052560301      0.10561664     -0.55106562
            0.1           0.092           0.044     -0.40416204    -0.037461722      0.10434789     -0.55079318
            0.1           0.096           0.044     -0.43669714    -0.019334176     0.093591225     -0.55138509
            0.1             0.1           0.044               0               0               0     -0.55180989
            0.1          -0.096           0.048      -0.4741937     0.014839912      0.06769938     -0.55469786
            0.1            -0.1           0.048               0               0               0     -0.55497039
            0.1          -0.092           0.048     -0.44679547     0.028636424     0.075756321      -0.5542954
            0.1          -0.088           0.048     -0.41145532     0.039859259     0.076548179     -0.55458283
            0.1          -0.084           0.048     -0.37471099     0.047863356      0.07266519     -0.55597486
            0.1           -0.08           0.048     -0.33622981     0.052314084     0.065114016     -0.55834102
            0.1          -0.076           0.048     -0.29494023     0.053258939     0.054670207     -0.56137452
            0.1          -0.072           0.048     -0.24942669     0.050953032      0.04211935     -0.56474292
            0.1          -0.068           0.048      -0.1978841     0.045762892     0.028331349     -0.56810719
            0.1          -0.064           0.048     -0.13798028     0.038157247      0.01429931     -0.57110293
            0.1           -0.06           0.048    -0.066799769     0.028750812    0.0012315695     -0.57339396
            0.1          -0.056           0.048     0.018704865     0.018371283   -0.0093914765     -0.57481273
            0.1          -0.052           0.048      0.12138644    0.0079994066    -0.016036289     -0.57525108
            0.1          -0.048           0.048      0.24453733   -0.0013184358    -0.017450742     -0.57437397
            0.1          -0.044           0.048      0.39119556    -0.008619254    -0.013041293      -0.5720098
            0.1           -0.04           0.048      0.56107198    -0.013287635    -0.003067978     -0.56846716
            0.1          -0.036           0.048      0.74831642    -0.015183141     0.011203563      -0.5640758
            0.1          -0.032           0.048      0.94339654    -0.014589377     0.027373856     -0.55888818
            0.1          -0.028           0.048       1.1376418    -0.012236131     0.042612607     -0.55264238
            0.1          -0.024           0.048       1.3247361   -0.0088862871     0.054144025     -0.54552557
            0.1           -0.02           0.048       1.4979701    -0.005267478     0.059785834     -0.53847251
            0.1          -0.016           0.048       1.6485228    -0.002267844     0.058839025     -0.53259671
            0.1          -0.012           0.048       1.7672527  -0.00052992174       0.0526046     -0.52852388
            0.1          -0.008           0.048       1.8481398  -0.00021498416     0.044166668     -0.52616505
            0.1          -0.004           0.048       1.8917118   -0.0010957699      0.03727309     -0.52516402
            0.1  -1.9825411e-18           0.048       1.9037241   -0.0026932602     0.034922164     -0.52517398
            0.1           0.004           0.048       1.8874996   -0.0042735371     0.038016748     -0.52606842
            0.1           0.008           0.048       1.8393778   -0.0050804265     0.045043442     -0.52796819
            0.1           0.012           0.048       1.7540108   -0.0046113213     0.052853274     -0.53116902
            0.1           0.016           0.048       1.6317345   -0.0026776227     0.057950667     -0.53590851
            0.1            0.02           0.048       1.4791224   0.00046340498     0.057685612     -0.54219987
            0.1           0.024           0.048       1.3051167    0.0041172961     0.051203685     -0.54937544
            0.1           0.028           0.048       1.1178731    0.0073253611     0.039491528     -0.55628525
            0.1           0.032           0.048       0.9236957    0.0091825279     0.024888335     -0.56226126
            0.1           0.036           0.048      0.72912389    0.0087492205     0.010267945     -0.56731098
            0.1            0.04           0.048      0.54315961    0.0052846761   -0.0016358045     -0.57152521
            0.1           0.044           0.048      0.37511666   -0.0012032641   -0.0087450366     -0.57467815
            0.1           0.048           0.048      0.23084587    -0.010144406    -0.010238508     -0.57650718
            0.1           0.052           0.048      0.11054264    -0.020715717   -0.0062726334     -0.57697345
            0.1           0.056           0.048     0.010409087    -0.031984348    0.0023337716     -0.57616934
            0.1            0.06           0.048    -0.073399796    -0.042857852     0.014244412     -0.57425727
            0.1           0.064           0.048     -0.14371966     -0.05228453     0.027956797     -0.57144975
            0.1           0.068           0.048     -0.20333507    -0.059476551     0.042119744     -0.56796599
            0.1           0.072           0.048     -0.25502607    -0.063846056     0.055610401     -0.56414058
            0.1           0.076           0.048      -0.3010733    -0.064927719     0.067479789     -0.56037579
            0.1            0.08           0.048     -0.34324009    -0.062379146      0.07689604     -0.55704579
            0.1           0.084           0.048     -0.38289263    -0.056007992     0.083124546     -0.55450246
            0.1           0.088           0.048     -0.42102084    -0.045888928     0.085481979     -0.55304768
            0.1           0.092           0.048      -0.4577988     -0.03249899     0.083117131     -0.55276811
            0.1           0.096           0.048     -0.48632697    -0.016734689     0.073633998     -0.55323442
            0.1             0.1           0.048               0               0               0     -0.55355771
            0.1          -0.096           0.052     -0.52284354     0.012011021     0.051821866     -0.55593204
            0.1            -0.1           0.052               0               0               0     -0.55610424
            0.1          -0.092           0.052     -0.49849219     0.023146475      0.05821829     -0.55570507
            0.1          -0.088           0.052     -0.46511219     0.032400895     0.059323797     -0.55606814
            0.1          -0.084           0.052     -0.43005703     0.039218505     0.056539648     -0.55736012
            0.1           -0.08           0.052     -0.39325142     0.043148293      0.05035683     -0.55945188
            0.1          -0.076           0.052     -0.35393302     0.044056805     0.041247862     -0.56209713
            0.1          -0.072           0.052      -0.3110658     0.042015026     0.029819205     -0.56503103
            0.1          -0.068           0.052     -0.26330689     0.037241206      0.01684055     -0.56799462
            0.1          -0.064           0.052     -0.20885929     0.030098241    0.0032655222     -0.57069212
            0.1           -0.06           0.052     -0.14518951     0.021162532   -0.0096936719     -0.57280688
            0.1          -0.056           0.052    -0.069376033     0.011179674    -0.020558038     -0.57420681
            0.1          -0.052           0.052     0.020793229    0.0010094283    -0.027759276     -0.57483365
            0.1          -0.048           0.052      0.12673072   -0.0083124111    -0.029908242     -0.57439958
            0.1          -0.044           0.052      0.25058808    -0.015792274    -0.026159805       -0.572618
            0.1           -0.04           0.052      0.39563158     -0.02074694    -0.016381504     -0.56946485
            0.1          -0.036           0.052      0.56224688    -0.022777767   -0.0014000191     -0.56509995
            0.1          -0.032           0.052      0.74286554    -0.022042179     0.016518946     -0.56004071
            0.1          -0.028           0.052      0.92519094    -0.019390589     0.034243491     -0.55456721
            0.1          -0.024           0.052       1.0995571    -0.015738858     0.048768778     -0.54856973
            0.1           -0.02           0.052       1.2597041    -0.011645337      0.05777526     -0.54221401
            0.1          -0.016           0.052       1.3990434   -0.0076192855     0.060262872     -0.53630985
            0.1          -0.012           0.052        1.509591   -0.0043663766     0.057043773     -0.53189084
            0.1          -0.008           0.052        1.585601   -0.0025237493      0.05073783     -0.52924473
            0.1          -0.004           0.052       1.6271346   -0.0022365806     0.045009689     -0.52810192
            0.1  -1.9825411e-18           0.052       1.6384771   -0.0029633954     0.043041933     -0.52814322
            0.1           0.004           0.052       1.6220745   -0.0036623383     0.045847419     -0.52922796
            0.1           0.008           0.052       1.5752796   -0.0033109883      0.05174413     -0.53146263
            0.1           0.012           0.052        1.494259   -0.0014354097     0.057414083     -0.53509367
            0.1           0.016           0.052       1.3798734    0.0017255372     0.059516957      -0.5402459
            0.1            0.02           0.052          1.2382     0.005514799     0.055933052     -0.54652436
            0.1           0.024           0.052       1.0765684    0.0092936713     0.046339449     -0.55288136
            0.1           0.028           0.052      0.90110822     0.012435787     0.032004762     -0.55870107
            0.1           0.032           0.052      0.71844239      0.01411999     0.015365548      -0.5640891
            0.1           0.036           0.052      0.53880892     0.013348134  -0.00056651082     -0.56905101
            0.1            0.04           0.052      0.37431527    0.0094889541    -0.012912155     -0.57312859
            0.1           0.044           0.052      0.23177868    0.0027609896    -0.019805145      -0.5757976
            0.1           0.048           0.052      0.11059239   -0.0061294521    -0.020837555     -0.57697089
            0.1           0.052           0.052    0.0075471838    -0.016338856      -0.0165046      -0.5768841
            0.1           0.056           0.052    -0.079868461    -0.026930523   -0.0077960467     -0.57584606
            0.1            0.06           0.052     -0.15364734    -0.036934046    0.0039107288     -0.57397156
            0.1           0.064           0.052     -0.21626414    -0.045440697     0.017077138      -0.5713198
            0.1           0.068           0.052     -0.27043745    -0.051732255     0.030345607     -0.56811842
            0.1           0.072           0.052     -0.31841689    -0.055308577     0.042635355      -0.5647064
            0.1           0.076           0.052     -0.36190125    -0.055841944     0.053055624     -0.56139105
            0.1            0.08           0.052     -0.40217592    -0.053154659     0.060891224     -0.55845988
            0.1           0.084           0.052     -0.44020979    -0.047248706     0.065611997     -0.55619306
            0.1           0.088           0.052      -0.4766749    -0.038363884      0.06685632     -0.55483726
            0.1           0.092           0.052     -0.51150401     -0.02704211     0.064270012     -0.55449348
            0.1           0.096           0.052      -0.5369762    -0.013842848     0.056551862     -0.55480115
            0.1             0.1           0.052               0               0               0     -0.55502975
            0.1          -0.096           0.056     -0.57232192    0.0091884244     0.038997974     -0.55673604
            0.1            -0.1           0.056               0               0               0     -0.55680876
            0.1          -0.092           0.056     -0.55070221     0.017852253      0.04356904     -0.55670109
            0.1          -0.088           0.056     -0.51850743     0.025074718     0.044402885     -0.55716412
            0.1          -0.084           0.056     -0.48432434     0.030425248     0.042103834     -0.55837518
            0.1           -0.08           0.056      -0.4483518      0.03342186     0.036791607      -0.5602149
            0.1          -0.076           0.056     -0.41006373     0.033818638     0.028679597     -0.56248199
            0.1          -0.072           0.056     -0.36870232     0.031549888     0.018177684     -0.56496294
            0.1          -0.068           0.056     -0.32325886     0.026714308    0.0059078219     -0.56744871
            0.1          -0.064           0.056     -0.27225727     0.019608848   -0.0072496994     -0.56971036
            0.1           -0.06           0.056     -0.21362719     0.010735198    -0.020141421     -0.57154623
            0.1          -0.056           0.056     -0.14512726   0.00074195398    -0.031381289     -0.57280875
            0.1          -0.052           0.056    -0.064929678   -0.0095528412    -0.039379578     -0.57336669
            0.1          -0.048           0.056     0.028094249    -0.019150616     -0.04259535     -0.57307186
            0.1          -0.044           0.056      0.13493308    -0.027059363    -0.039991521     -0.57175787
            0.1           -0.04           0.056      0.25779752    -0.032525007    -0.031216025     -0.56924409
            0.1          -0.036           0.056      0.39973394    -0.034979619    -0.016695287     -0.56539353
            0.1          -0.032           0.056      0.55951708    -0.034188614    0.0018181154     -0.56046271
            0.1          -0.028           0.056      0.72720464    -0.030784259     0.021190486     -0.55509286
            0.1          -0.024           0.056      0.88961951    -0.025999206      0.03802955     -0.54968875
            0.1           -0.02           0.056       1.0375211    -0.020718431     0.049730016     -0.54426281
            0.1          -0.016           0.056       1.1649101      -0.0153505      0.05504332     -0.53893955
            0.1          -0.012           0.056        1.266084    -0.010381718     0.054480058     -0.53449028
            0.1          -0.008           0.056        1.336384   -0.0065350084     0.050264752     -0.53163592
            0.1          -0.004           0.056       1.3752764   -0.0042186778     0.045804128     -0.53036041
            0.1  -1.9825411e-18           0.056        1.385677   -0.0029928424     0.044273018     -0.53042499
            0.1           0.004           0.056       1.3693346   -0.0017688504     0.046715368     -0.53171098
            0.1           0.008           0.056       1.3244492   0.00049286374     0.051407494     -0.53427896
            0.1           0.012           0.056        1.248681    0.0041047954     0.055063645     -0.53826228
            0.1           0.016           0.056       1.1432907    0.0086025926     0.054636602     -0.54345334
            0.1            0.02           0.056       1.0127454     0.013380912     0.048416683     -0.54908972
            0.1           0.024           0.056       0.8623025     0.017997786     0.036386586     -0.55460498
            0.1           0.028           0.056      0.69836938     0.021823041     0.020085976     -0.56005637
            0.1           0.032           0.056      0.53093821     0.023762419    0.0021870433     -0.56539931
            0.1           0.036           0.056      0.37325842     0.022742322     -0.01405514     -0.57006827
            0.1            0.04           0.056      0.23435426     0.018500169    -0.025874734     -0.57347498
            0.1           0.044           0.056      0.11453153     0.011515407     -0.03193136     -0.57545729
            0.1           0.048           0.056     0.010500096    0.0025198091     -0.03213004     -0.57616196
            0.1           0.052           0.056    -0.079822693   -0.0075936126    -0.027114041     -0.57584271
            0.1           0.056           0.056     -0.15744275    -0.017852559    -0.018064934     -0.57474786
            0.1            0.06           0.056     -0.22379965    -0.027391243   -0.0064511451      -0.5729955
            0.1           0.064           0.056     -0.28109826    -0.035444177      0.00625629     -0.57063895
            0.1           0.068           0.056     -0.33168905    -0.041359869      0.01875756     -0.56786433
            0.1           0.072           0.056     -0.37737477    -0.044707138     0.030020375     -0.56493693
            0.1           0.076           0.056       -0.419397    -0.045273309     0.039267533     -0.56208801
            0.1            0.08           0.056     -0.45868069    -0.043012684     0.045944594     -0.55954118
            0.1           0.084           0.056     -0.49590497    -0.038058752     0.049726164     -0.55752387
            0.1           0.088           0.056     -0.53150527    -0.030737204     0.050502113      -0.5562427
            0.1           0.092           0.056     -0.56514537    -0.021579958     0.048250274     -0.55580006
            0.1           0.096           0.056      -0.5878366    -0.011012548     0.042410513     -0.55592545
            0.1             0.1           0.056               0               0               0     -0.55606033
            0.1          -0.096            0.06     -0.62190495    0.0067800409     0.028908317     -0.55703007
            0.1            -0.1            0.06               0               0               0      -0.5570082
            0.1          -0.092            0.06     -0.60310337     0.013197877      0.03172711     -0.55718106
            0.1          -0.088            0.06     -0.57159857     0.018483149     0.032009088     -0.55774966
            0.1          -0.084            0.06     -0.53766153      0.02228456     0.029818992     -0.55890391
            0.1           -0.08            0.06     -0.50182145     0.024123972     0.025026856     -0.56053035
            0.1          -0.076            0.06     -0.46376082     0.023693402     0.017644322     -0.56245957
            0.1          -0.072            0.06     -0.42293871      0.02083291     0.007898262      -0.5645136
            0.1          -0.068            0.06     -0.37852264     0.015569275    -0.003733546     -0.56650481
            0.1          -0.064            0.06     -0.32926137    0.0081412128    -0.016486777     -0.56827428
            0.1           -0.06            0.06     -0.27371124   -0.0010474917    -0.029330699     -0.56970644
            0.1          -0.056            0.06     -0.21042339    -0.011420463    -0.040960987     -0.57066968
            0.1          -0.052            0.06      -0.1379688    -0.022179246    -0.049826896     -0.57102685
            0.1          -0.048            0.06    -0.055077934    -0.032375448    -0.054347248     -0.57067221
            0.1          -0.044            0.06     0.039200769    -0.041029448    -0.053270884     -0.56952644
            0.1           -0.04            0.06      0.14569055    -0.047274182    -0.046012814     -0.56746092
            0.1          -0.036            0.06      0.26596695    -0.050455217    -0.032830964     -0.56428167
            0.1          -0.032            0.06      0.40165244    -0.050099239     -0.01502181     -0.55993425
            0.1          -0.028            0.06       0.5491664    -0.046299101     0.004784615     -0.55482536
            0.1          -0.024            0.06      0.69715613    -0.040142401     0.023056979     -0.54961709
            0.1           -0.02            0.06      0.83337264    -0.033014349     0.036769228     -0.54470955
            0.1          -0.016            0.06      0.95001688     -0.02567323     0.044316037      -0.5401108
            0.1          -0.012            0.06       1.0422742    -0.018512638     0.045909083     -0.53605079
            0.1          -0.008            0.06       1.1068867    -0.012100188     0.043536869     -0.53320727
            0.1          -0.004            0.06       1.1430732    -0.006902201     0.040312892      -0.5319057
            0.1  -1.9825411e-18            0.06       1.1524629   -0.0026812603     0.039234913     -0.53202876
            0.1           0.004            0.06       1.1361688    0.0014727391     0.041319528     -0.53347924
            0.1           0.008            0.06       1.0932308    0.0063963769     0.044891716     -0.53627647
            0.1           0.012            0.06       1.0226266     0.012224716     0.046862943     -0.54034217
            0.1           0.016            0.06      0.92542041     0.018552927     0.044435799      -0.5451445
            0.1            0.02            0.06      0.80469723      0.02496798     0.036161373     -0.55017589
            0.1           0.024            0.06      0.66561228     0.030993848     0.022369425     -0.55540666
            0.1           0.028            0.06      0.51675484       0.0356431    0.0049173044     -0.56073953
            0.1           0.032            0.06      0.37071239     0.037583355    -0.013149007     -0.56568393
            0.1           0.036            0.06      0.23809658     0.036060417    -0.028561145     -0.56960641
            0.1            0.04            0.06      0.12127182     0.031266264    -0.039133803     -0.57223863
            0.1           0.044            0.06     0.018036885     0.023812629    -0.043948918     -0.57371659
            0.1           0.048            0.06    -0.073279105     0.014464678    -0.043021163     -0.57424367
            0.1           0.052            0.06     -0.15356627    0.0041407576    -0.037128668     -0.57396242
            0.1           0.056            0.06     -0.22375932   -0.0062186425    -0.027607316       -0.572991
            0.1            0.06            0.06     -0.28512757    -0.015758958    -0.015987408     -0.57146644
            0.1           0.064            0.06     -0.33927204    -0.023794499   -0.0036714066     -0.56950783
            0.1           0.068            0.06     -0.38790606     -0.02979387    0.0081575995     -0.56722918
            0.1           0.072            0.06     -0.43247628    -0.033389541     0.018560905     -0.56478919
            0.1           0.076            0.06     -0.47396312    -0.034436685     0.026886745     -0.56237508
            0.1            0.08            0.06      -0.5130208    -0.032988173     0.032748106     -0.56016946
            0.1           0.084            0.06     -0.55010089    -0.029260919     0.035996838     -0.55836138
            0.1           0.088            0.06     -0.58542952    -0.023620005     0.036704941     -0.55712848
            0.1           0.092            0.06     -0.61833773    -0.016563971     0.035067178     -0.55657091
            0.1           0.096            0.06     -0.63812416   -0.0084530561      0.03100609     -0.55650641
            0.1             0.1            0.06               0               0               0      -0.5565473
            0.1          -0.096           0.064     -0.67101616    0.0050635373     0.021190335     -0.55680539
            0.1            -0.1           0.064               0               0               0      -0.5567156
            0.1          -0.092           0.064     -0.65530049    0.0094583358     0.022482218     -0.55711114
            0.1          -0.088           0.064     -0.62420504     0.013014432     0.022122618     -0.55778698
            0.1          -0.084           0.064      -0.5900608     0.015326613     0.019853642     -0.55890974
            0.1           -0.08           0.064     -0.55380803     0.015946111     0.015376131     -0.56036857
            0.1          -0.076           0.064     -0.51533417     0.014533838    0.0085505791     -0.56201469
            0.1          -0.072           0.064     -0.47424468      0.01087848  -0.00054324437     -0.56367977
            0.1          -0.068           0.064     -0.42981726    0.0049624086    -0.011556538     -0.56520027
            0.1          -0.064           0.064     -0.38115657   -0.0030487779    -0.023869427     -0.56646471
            0.1           -0.06           0.064     -0.32739409    -0.012831653    -0.036591634     -0.56739489
            0.1          -0.056           0.064     -0.26756893    -0.023865963     -0.04853323     -0.56791894
            0.1          -0.052           0.064     -0.20058841    -0.035409965    -0.058241001     -0.56796066
            0.1          -0.048           0.064     -0.12536403    -0.046531516    -0.064145123     -0.56743175
            0.1          -0.044           0.064     -0.04091724    -0.056222258    -0.064833707     -0.56627305
            0.1           -0.04           0.064     0.053386666    -0.063515266    -0.059442924     -0.56441414
            0.1          -0.036           0.064      0.15779101    -0.067629289    -0.048036482     -0.56170155
            0.1          -0.032           0.064        0.272683    -0.068042743    -0.031769582     -0.55800669
            0.1          -0.028           0.064      0.39768276    -0.064497299    -0.012839309     -0.55343458
            0.1          -0.024           0.064      0.52718788    -0.057479347    0.0056433267      -0.5485336
            0.1           -0.02           0.064      0.65014307    -0.048392723     0.020451374     -0.54391902
            0.1          -0.016           0.064      0.75664282    -0.038538066     0.029547242     -0.53981207
            0.1          -0.012           0.064      0.84103288    -0.028570889     0.032772863      -0.5362942
            0.1          -0.008           0.064      0.90049519    -0.018951613     0.031827792     -0.53374544
            0.1          -0.004           0.064      0.93416108    -0.010077441     0.029618606     -0.53257581
            0.1  -1.9825411e-18           0.064      0.94254617   -0.0018968318     0.028953091     -0.53280728
            0.1           0.004           0.064      0.92618672    0.0061145377     0.030788469     -0.53435568
            0.1           0.008           0.064      0.88497627     0.014430592     0.033512602     -0.53718585
            0.1           0.012           0.064      0.81886652     0.023112548     0.034200711     -0.54103773
            0.1           0.016           0.064      0.72887265     0.031894884      0.03026452     -0.54544617
            0.1            0.02           0.064      0.61811446     0.040379253     0.020612495     -0.55021622
            0.1           0.024           0.064      0.49294445     0.047789959    0.0059398171      -0.5552366
            0.1           0.028           0.064      0.36374808     0.052785159    -0.011509273     -0.56016673
            0.1           0.032           0.064      0.24115266     0.054240606    -0.028558226     -0.56443638
            0.1           0.036           0.064      0.12960265     0.051976988     -0.04245119     -0.56760631
            0.1            0.04           0.064     0.028680733     0.046418538     -0.05143899     -0.56970641
            0.1           0.044           0.064    -0.062237001      0.03821257    -0.054714581     -0.57092846
            0.1           0.048           0.064     -0.14357796     0.028202766     -0.05245819     -0.57142984
            0.1           0.052           0.064     -0.21615899     0.017325152    -0.045638121     -0.57130417
            0.1           0.056           0.064     -0.28102901    0.0064998167    -0.035656401     -0.57062838
            0.1            0.06           0.064     -0.33923821   -0.0034383695    -0.024013094      -0.5695026
            0.1           0.064           0.064      -0.3918176    -0.011840404    -0.012058022     -0.56801424
            0.1           0.068           0.064     -0.43979911    -0.018265445  -0.00085635645     -0.56623335
            0.1           0.072           0.064     -0.48422046    -0.022433668    0.0088007144     -0.56425362
            0.1           0.076           0.064     -0.52590852    -0.024247276     0.016390812     -0.56221987
            0.1            0.08           0.064     -0.56534618    -0.023817659     0.021670532     -0.56029953
            0.1           0.084           0.064     -0.60279256    -0.021414788     0.024635568     -0.55865595
            0.1           0.088           0.064     -0.63826798    -0.017417389     0.025484579     -0.55744633
            0.1           0.092           0.064     -0.67071066      -0.0122821     0.024552265     -0.55677137
            0.1           0.096           0.064     -0.68741654   -0.0063311573     0.022047687      -0.5565308
            0.1             0.1           0.064               0               0               0     -0.55648732
            0.1          -0.096           0.068     -0.71947918     0.003920868     0.015352637     -0.55612227
            0.1            -0.1           0.068               0               0               0     -0.55598741
            0.1          -0.092           0.068     -0.70699469    0.0067160696     0.015497132     -0.55654565
            0.1          -0.088           0.068      -0.6761079    0.0088273413     0.014560961     -0.55731681
            0.1          -0.084           0.068     -0.64142765    0.0098174929     0.012170325     -0.55842745
            0.1           -0.08           0.068     -0.60435474    0.0092857292    0.0079230771     -0.55976142
            0.1          -0.076           0.068     -0.56497253    0.0068878541    0.0015792187     -0.56117121
            0.1          -0.072           0.068     -0.52298944    0.0023966376   -0.0068807487     -0.56248958
            0.1          -0.068           0.068     -0.47791095   -0.0042514034    -0.017227396     -0.56358587
            0.1          -0.064           0.068     -0.42922864     -0.01297218    -0.028991512     -0.56437479
            0.1           -0.06           0.068     -0.37637595    -0.023518975    -0.041445163     -0.56479326
            0.1          -0.056           0.068     -0.31865229    -0.035435163    -0.053560708     -0.56480555
            0.1          -0.052           0.068     -0.25527626    -0.048020348    -0.064005552     -0.56439186
            0.1          -0.048           0.068     -0.18544855    -0.060340674    -0.071237318     -0.56354574
            0.1          -0.044           0.068     -0.10841433    -0.071316474    -0.073749724     -0.56226035
            0.1           -0.04           0.068    -0.023605186    -0.079873906    -0.070446836     -0.56049998
            0.1          -0.036           0.068     0.069021657    -0.085086673    -0.061104885     -0.55813144
            0.1          -0.032           0.068      0.16882952     -0.08634044    -0.046707017      -0.5549682
            0.1          -0.028           0.068      0.27478506    -0.083341616    -0.029357727      -0.5509601
            0.1          -0.024           0.068      0.38457816    -0.076180091    -0.011803662     -0.54644131
            0.1           -0.02           0.068      0.49181649    -0.065692618    0.0029932024     -0.54204712
            0.1          -0.016           0.068      0.58746907    -0.053272419     0.012766842     -0.53824231
            0.1          -0.012           0.068      0.66463239    -0.040065251     0.016985396     -0.53519832
            0.1          -0.008           0.068      0.71973236    -0.026674588     0.016999934     -0.53311006
            0.1          -0.004           0.068      0.75133629    -0.013454258     0.015494123     -0.53224735
            0.1  -1.9825411e-18           0.068      0.75881369  -0.00051521387     0.015163516      -0.5326405
            0.1           0.004           0.068       0.7421812     0.012113952       0.0168888     -0.53418483
            0.1           0.008           0.068      0.70226811     0.024445871     0.019076559     -0.53684171
            0.1           0.012           0.068       0.6401011     0.036513125     0.018915831     -0.54039418
            0.1           0.016           0.068      0.55734138     0.048087435      0.01411531      -0.5445509
            0.1            0.02           0.068      0.45803328     0.058565934    0.0039531554     -0.54912943
            0.1           0.024           0.068      0.34958486     0.066791373    -0.010545103     -0.55387226
            0.1           0.028           0.068      0.24090607     0.071537077    -0.026939808     -0.55832184
            0.1           0.032           0.068      0.13754651     0.072277839    -0.042406344     -0.56193205
            0.1           0.036           0.068     0.041004106     0.069155099    -0.054566425     -0.56451017
            0.1            0.04           0.068    -0.048073881     0.062618624    -0.061744353     -0.56624147
            0.1           0.044           0.068     -0.12935129     0.053386509    -0.063302584     -0.56734082
            0.1           0.048           0.068     -0.20317847     0.042383163    -0.059652863     -0.56793956
            0.1           0.052           0.068     -0.27031583     0.030602943     -0.05192466     -0.56809667
            0.1           0.056           0.068     -0.33160096       0.0190033    -0.041560559     -0.56784774
            0.1            0.06           0.068     -0.38784899    0.0083873118    -0.029996045     -0.56721806
            0.1           0.064           0.068     -0.43977138  -0.00064648317    -0.018462747     -0.56622784
            0.1           0.068           0.068      -0.4879624   -0.0077125328   -0.0078990679     -0.56491569
            0.1           0.072           0.068     -0.53299999    -0.012613149    0.0010517715     -0.56335163
            0.1           0.076           0.068     -0.57545987    -0.015312577    0.0080059973     -0.56164657
            0.1            0.08           0.068     -0.61573088    -0.015953335     0.012833866     -0.55995401
            0.1           0.084           0.068     -0.65392047    -0.014832836     0.015636002     -0.55843245
            0.1           0.088           0.068     -0.68983822    -0.012331891     0.016693513     -0.55722645
            0.1           0.092           0.068     -0.72195971   -0.0088597162     0.016412911     -0.55644374
            0.1           0.096           0.068     -0.73516896   -0.0046177606     0.015145473     -0.55605424
            0.1             0.1           0.068               0               0               0     -0.55594048
            0.1          -0.096           0.072     -0.76685677    0.0030728569     0.010885384     -0.55508084
            0.1            -0.1           0.072               0               0               0     -0.55491739
            0.1          -0.092           0.072     -0.75788634    0.0049001655     0.010351342      -0.5555861
            0.1          -0.088           0.072     -0.72705054    0.0058900148    0.0090337251     -0.55643168
            0.1          -0.084           0.072     -0.69159093     0.005799989    0.0065846322      -0.5575412
            0.1           -0.08           0.072     -0.65340349    0.0042895232    0.0025790864     -0.55878096
            0.1          -0.076           0.072     -0.61275774    0.0010363064   -0.0032644651     -0.55998916
            0.1          -0.072           0.072     -0.56953865    -0.004191909      -0.0110288     -0.56101708
            0.1          -0.068           0.072     -0.52352487    -0.011517886    -0.020598981     -0.56176147
            0.1          -0.064           0.072     -0.47442959    -0.020946729    -0.031660877     -0.56214088
            0.1           -0.06           0.072     -0.42184931    -0.032312996    -0.043653171      -0.5620926
            0.1          -0.056           0.072     -0.36529897    -0.045224915    -0.055716624     -0.56159213
            0.1          -0.052           0.072     -0.30423355    -0.059022159     -0.06666905      -0.5606632
            0.1          -0.048           0.072     -0.23807894    -0.072761806    -0.075053444     -0.55937461
            0.1          -0.044           0.072     -0.16628968    -0.085271812    -0.079323042     -0.55781263
            0.1           -0.04           0.072    -0.088488278    -0.095300884    -0.078203096     -0.55601946
            0.1          -0.036           0.072   -0.0047169826     -0.10174036    -0.071173658     -0.55391825
            0.1          -0.032           0.072     0.084227854     -0.10381686    -0.058919802     -0.55128792
            0.1          -0.028           0.072      0.17674518      -0.1012364    -0.043397287      -0.5479182
            0.1          -0.024           0.072      0.27060672    -0.094104728    -0.027304503     -0.54389786
            0.1           -0.02           0.072      0.36237042    -0.082849606    -0.013384416     -0.53974942
            0.1          -0.016           0.072       0.4463794    -0.068457695   -0.0037627431     -0.53610174
            0.1          -0.012           0.072      0.51638773    -0.052157187   0.00081562373     -0.53333319
            0.1          -0.008           0.072      0.56799838    -0.034764544    0.0013426782     -0.53163329
            0.1          -0.004           0.072      0.59843205    -0.016767917   0.00024924936     -0.53112351
            0.1  -1.9825411e-18           0.072      0.60523642    0.0014934379   0.00017173388     -0.53168209
            0.1           0.004           0.072      0.58784493     0.019261394     0.001934964     -0.53313938
            0.1           0.008           0.072       0.5485264     0.035943285    0.0038742657     -0.53556446
            0.1           0.012           0.072      0.48991946     0.051518466    0.0033016894     -0.53889937
            0.1           0.016           0.072      0.41489035     0.065641844    -0.001730844     -0.54292185
            0.1            0.02           0.072       0.3281193       0.0775192    -0.011592922     -0.54736399
            0.1           0.024           0.072      0.23586743     0.086034855    -0.025102203     -0.55181213
            0.1           0.028           0.072      0.14333072     0.090431405    -0.040025368     -0.55569404
            0.1           0.032           0.072     0.053353283      0.09053569    -0.053775768     -0.55861572
            0.1           0.036           0.072    -0.032250354     0.086484255    -0.064022903     -0.56066416
            0.1            0.04           0.072     -0.11227596     0.078766754    -0.069229541     -0.56213743
            0.1           0.044           0.072     -0.18638129     0.068213787    -0.069015635     -0.56325657
            0.1           0.048           0.072     -0.25486067     0.055882111    -0.064016579     -0.56410777
            0.1           0.052           0.072     -0.31828458     0.042893412    -0.055488484     -0.56467883
            0.1           0.056           0.072     -0.37727443     0.030260445    -0.044889787     -0.56491509
            0.1            0.06           0.072     -0.43240555     0.018779913    -0.033569384     -0.56477307
            0.1           0.064           0.072     -0.48417616    0.0089964943    -0.022605971     -0.56424308
            0.1           0.068           0.072     -0.53297959    0.0012224433    -0.012773375     -0.56334651
            0.1           0.072           0.072     -0.57908762   -0.0044227513   -0.0045669035      -0.5621399
            0.1           0.076           0.072     -0.62274976   -0.0079740573     0.001761082     -0.56071479
            0.1            0.08           0.072     -0.66418217   -0.0096056222     0.006175241     -0.55920466
            0.1           0.084           0.072     -0.70338133   -0.0096215768    0.0088398523      -0.5577689
            0.1           0.088           0.072     -0.73994907   -0.0083945311     0.010079096     -0.55655265
            0.1           0.092           0.072     -0.77182882   -0.0062870404     0.010318683     -0.55567319
            0.1           0.096           0.072     -0.78111824   -0.0034055337    0.0099373514     -0.55516815
            0.1             0.1           0.072               0               0               0     -0.55500599
            0.1          -0.096           0.076     -0.81252044    0.0026047172    0.0073877865     -0.55379258
            0.1            -0.1           0.076               0               0               0     -0.55361415
            0.1          -0.092           0.076     -0.80753632    0.0038408984    0.0066424424      -0.5543512
            0.1          -0.088           0.076     -0.77668544    0.0040336527    0.0051909392     -0.55525193
            0.1          -0.084           0.076     -0.74028118    0.0031467655    0.0028129893     -0.55636204
            0.1           -0.08           0.076     -0.70079309   0.00090928922  -0.00086624112     -0.55752407
            0.1          -0.076           0.076     -0.65872059   -0.0029678632   -0.0061208303     -0.55857282
            0.1          -0.072           0.076     -0.61417173   -0.0087330458    -0.013080504      -0.5593844
            0.1          -0.068           0.076     -0.56710104     -0.01657829    -0.021735997     -0.55986327
            0.1          -0.064           0.076     -0.51734623    -0.026590503    -0.031903632     -0.55991509
            0.1           -0.06           0.076      -0.4646577    -0.038687117      -0.0431715      -0.5594737
            0.1          -0.056           0.076     -0.40871873    -0.052562148    -0.054853313     -0.55852279
            0.1          -0.052           0.076     -0.34915432    -0.067625769    -0.065949423     -0.55711009
            0.1          -0.048           0.076     -0.28553604    -0.082950413    -0.075153253     -0.55535192
            0.1          -0.044           0.076     -0.21741908    -0.097267243    -0.080968972     -0.55340858
            0.1           -0.04           0.076     -0.14448374     -0.10908119    -0.082010618     -0.55141552
            0.1          -0.036           0.076    -0.066816511      -0.1169591    -0.077485387     -0.54939039
            0.1          -0.032           0.076     0.014749272     -0.11987862    -0.067704164       -0.547161
            0.1          -0.028           0.076     0.098547914     -0.11748507    -0.054305203     -0.54444498
            0.1          -0.024           0.076      0.18225944     -0.11003177    -0.039884896       -0.541111
            0.1           -0.02           0.076      0.26314193    -0.098052061    -0.027128867     -0.53743652
            0.1          -0.016           0.076      0.33786523    -0.082234573    -0.018038523     -0.53400918
            0.1          -0.012           0.076      0.40241226    -0.063423275    -0.013419475     -0.53137348
            0.1          -0.008           0.076      0.45261094    -0.042366803    -0.012580059     -0.52983829
            0.1          -0.004           0.076      0.48390518    -0.019702451    -0.013353297     -0.52951462
            0.1  -1.9825411e-18           0.076      0.49053431    0.0039277228    -0.013196564     -0.53018148
            0.1           0.004           0.076      0.47092096     0.026854779    -0.011350661     -0.53161682
            0.1           0.008           0.076      0.43011907        0.047727   -0.0095526462     -0.53397281
            0.1           0.012           0.076      0.37348435     0.066421515    -0.010341707     -0.53724996
            0.1           0.016           0.076      0.30490137     0.082532944    -0.015287212     -0.54119263
            0.1            0.02           0.076      0.22829307     0.095390919    -0.024495547     -0.54540802
            0.1           0.024           0.076      0.14737683      0.10427721    -0.036803063     -0.54933616
            0.1           0.028           0.076     0.065186701      0.10867095    -0.050136373     -0.55248735
            0.1           0.032           0.076    -0.015804256      0.10828841    -0.061975083     -0.55475921
            0.1           0.036           0.076    -0.093652867      0.10320971    -0.070090425     -0.55643186
            0.1            0.04           0.076     -0.16722683      0.09401395    -0.073220034     -0.55782835
            0.1           0.044           0.076     -0.23622401     0.081752722     -0.07126888     -0.55912697
            0.1           0.048           0.076     -0.30090588     0.067749313     -0.06508343      -0.5603376
            0.1           0.052           0.076       -0.361765     0.053304905    -0.056001822     -0.56135864
            0.1           0.056           0.076     -0.41929125     0.039493876    -0.045432192     -0.56206181
            0.1            0.06           0.076      -0.4738857     0.027088549    -0.034590211       -0.562355
            0.1           0.064           0.076     -0.52585624     0.016567218    -0.024391709     -0.56220547
            0.1           0.068           0.076     -0.57542887    0.0081565876    -0.015444568     -0.56163736
            0.1           0.072           0.076     -0.62273622    0.0018858121   -0.0080908148     -0.56071033
            0.1           0.076           0.076     -0.66780978    -0.002358425   -0.0024574365     -0.55950818
            0.1            0.08           0.076     -0.71061918   -0.0047938666    0.0015016118      -0.5581469
            0.1           0.084           0.076     -0.75100209   -0.0057264586    0.0039846553     -0.55677462
            0.1           0.088           0.076     -0.78835885   -0.0055079175     0.005319074     -0.55554301
            0.1           0.092           0.076     -0.82006313   -0.0044528205    0.0059079405      -0.5545828
            0.1           0.096           0.076     -0.82522623   -0.0026387623    0.0060589113     -0.55399121
            0.1             0.1           0.076               0               0               0     -0.55379675
            0.1          -0.096            0.08     -0.85580042    0.0024358098    0.0045336557     -0.55237227
            0.1            -0.1            0.08               0               0               0     -0.55218291
            0.1          -0.092            0.08     -0.85532832    0.0033020763    0.0039878945     -0.55296935
            0.1          -0.088            0.08     -0.82449233    0.0030017939    0.0026572376     -0.55390836
            0.1          -0.084            0.08     -0.78708084     0.001616033    0.0005141902      -0.5550151
            0.1           -0.08            0.08     -0.74625031   -0.0010539216   -0.0027139335     -0.55611741
            0.1          -0.076            0.08     -0.70277793   -0.0052718588   -0.0072651469     -0.55706194
            0.1          -0.072            0.08     -0.65694298    -0.011313517    -0.013298876     -0.55773789
            0.1          -0.068            0.08     -0.60881137    -0.019430727    -0.020877519       -0.558037
            0.1          -0.064            0.08     -0.55833309    -0.029782448    -0.029914987     -0.55785561
            0.1           -0.06            0.08     -0.50538413    -0.042378225    -0.040131222     -0.55712531
            0.1          -0.056            0.08     -0.44978553    -0.057024706    -0.051007394     -0.55583173
            0.1          -0.052            0.08      -0.3912986      -0.0732498    -0.061742898     -0.55403351
            0.1          -0.048            0.08     -0.32959134    -0.090206539    -0.071240765     -0.55187148
            0.1          -0.044            0.08     -0.26421659     -0.10658506    -0.078169511     -0.54954721
            0.1           -0.04            0.08     -0.19470961     -0.12062477    -0.081166726     -0.54725756
            0.1          -0.036            0.08     -0.12091747     -0.13039699    -0.079231224     -0.54510275
            0.1          -0.032            0.08    -0.043473527     -0.13438799    -0.072252744     -0.54299618
            0.1          -0.028            0.08     0.035966865     -0.13202485    -0.061390557     -0.54066932
            0.1          -0.024            0.08      0.11500637     -0.12378372    -0.048908018     -0.53789419
            0.1           -0.02            0.08      0.19114101     -0.11061755      -0.0373986      -0.5347466
            0.1          -0.016            0.08      0.26213013    -0.093298951    -0.028868728     -0.53164667
            0.1          -0.012            0.08      0.32556814    -0.072388463     -0.02420112     -0.52913659
            0.1          -0.008            0.08      0.37791367    -0.048352852    -0.022934531     -0.52761812
            0.1          -0.004            0.08      0.41277692    -0.021828651    -0.023200827     -0.52732179
            0.1  -1.9825411e-18            0.08      0.41985186    0.0063232397    -0.022763336     -0.52805746
            0.1           0.004            0.08      0.39615888     0.033631555    -0.021009256      -0.5295887
            0.1           0.008            0.08      0.35081327     0.058046635    -0.019555961     -0.53206301
            0.1           0.012            0.08      0.29272737     0.079357654    -0.020647455     -0.53539269
            0.1           0.016            0.08      0.22636125     0.097253008    -0.025509193     -0.53920267
            0.1            0.02            0.08      0.15433058      0.11138319    -0.034063501     -0.54303742
            0.1           0.024            0.08     0.078769423      0.12120601    -0.045132549      -0.5463826
            0.1           0.028            0.08    0.0019288307      0.12601535    -0.056666737     -0.54894909
            0.1           0.032            0.08    -0.073893037      0.12520982    -0.066284471     -0.55082785
            0.1           0.036            0.08     -0.14685799      0.11879506    -0.072049321     -0.55236039
            0.1            0.04            0.08     -0.21600101      0.10760455    -0.073057949     -0.55385601
            0.1           0.044            0.08     -0.28125276     0.093146671    -0.069541057     -0.55542614
            0.1           0.048            0.08     -0.34307853     0.077151255    -0.062511208     -0.55700397
            0.1           0.052            0.08     -0.40204352     0.061121399    -0.053287881     -0.55842418
            0.1           0.056            0.08     -0.45857705     0.046149038     -0.04314342     -0.55951192
            0.1            0.06            0.08     -0.51294367     0.032926668     -0.03311303     -0.56014643
            0.1           0.064            0.08     -0.56529225     0.021823508    -0.023933461     -0.56028225
            0.1           0.068            0.08     -0.61569629     0.012961575    -0.016057035      -0.5599419
            0.1           0.072            0.08     -0.66416276     0.006278345   -0.0096952452     -0.55919689
            0.1           0.076            0.08     -0.71061136    0.0015812581   -0.0048678994      -0.5581432
            0.1            0.08            0.08     -0.75484182    -0.001400751     -0.00145834     -0.55688916
            0.1           0.084            0.08     -0.79648453   -0.0029837339   0.00075113017     -0.55556718
            0.1           0.088            0.08     -0.83469453   -0.0034957495    0.0020599247      -0.5543257
            0.1           0.092            0.08     -0.86618845   -0.0032037785    0.0028066059     -0.55330601
            0.1           0.096            0.08     -0.86660072   -0.0021577027    0.0031672854     -0.55264869
            0.1             0.1            0.08               0               0               0     -0.55242885
            0.1          -0.096           0.084     -0.89500189    0.0023479269    0.0020643455     -0.55093563
            0.1            -0.1           0.084               0               0               0     -0.55073455
            0.1          -0.092           0.084     -0.90016545    0.0030244682    0.0020451267     -0.55156728
            0.1          -0.088           0.084     -0.86961666    0.0024890926    0.0010642574     -0.55253523
            0.1          -0.084           0.084     -0.83132497   0.00088827685  -0.00068468736     -0.55363864
            0.1           -0.08           0.084     -0.78929596   -0.0019185392   -0.0033370433     -0.55471036
            0.1          -0.076           0.084      -0.7446061   -0.0061827017   -0.0070739284     -0.55560902
            0.1          -0.072           0.084     -0.69766853    -0.012203935    -0.012055313     -0.55622344
            0.1          -0.068           0.084     -0.64863561    -0.020280882    -0.018378996     -0.55643284
            0.1          -0.064           0.084     -0.59754631    -0.030638973    -0.026028914     -0.55612742
            0.1           -0.06           0.084     -0.54438052    -0.043383795    -0.034830808     -0.55523519
            0.1          -0.056           0.084     -0.48908387    -0.058454258    -0.044409916     -0.55374108
            0.1          -0.052           0.084     -0.43155695    -0.075543065    -0.054155086     -0.55170742
            0.1          -0.048           0.084     -0.37157133    -0.093973394    -0.063211407     -0.54928282
            0.1          -0.044           0.084     -0.30864189      -0.1125192    -0.070522807      -0.5466779
            0.1           -0.04           0.084     -0.24198434     -0.12923827    -0.074949506     -0.54410223
            0.1          -0.036           0.084     -0.17081527     -0.14160449    -0.075471226     -0.54169568
            0.1          -0.032           0.084    -0.095081986     -0.14724874     -0.07157292     -0.53944883
            0.1          -0.028           0.084    -0.016127851      -0.1450038    -0.063752723     -0.53714957
            0.1          -0.024           0.084      0.06338356      -0.1354892    -0.053655983     -0.53457654
            0.1           -0.02           0.084      0.14050502     -0.12047254    -0.043594456     -0.53172088
            0.1          -0.016           0.084      0.21329482     -0.10130237     -0.03561999     -0.52885061
            0.1          -0.012           0.084      0.28032853    -0.078434398    -0.030774292     -0.52642917
            0.1          -0.008           0.084      0.33835515    -0.052068943    -0.028850326     -0.52489879
            0.1          -0.004           0.084      0.37908989    -0.022884221    -0.028360732     -0.52461714
            0.1  -1.9825411e-18           0.084      0.38716052    0.0082194065    -0.027626037     -0.52542581
            0.1           0.004           0.084      0.35803907      0.03855668    -0.026250132     -0.52708021
            0.1           0.008           0.084      0.30550456     0.065712089    -0.025483539     -0.52971514
            0.1           0.012           0.084      0.24215465     0.089360136    -0.027111474     -0.53311414
            0.1           0.016           0.084      0.17306974       0.1092645    -0.032007847     -0.53680642
            0.1            0.02           0.084      0.10006259       0.1253169     -0.03989987     -0.54035257
            0.1           0.024           0.084     0.024487401      0.13683668    -0.049520149     -0.54336016
            0.1           0.028           0.084    -0.051483488      0.14244706    -0.058874197     -0.54567151
            0.1           0.032           0.084     -0.12538098      0.14100314    -0.065879376     -0.54745249
            0.1           0.036           0.084     -0.19548266      0.13259695    -0.069073109     -0.54906226
            0.1            0.04           0.084     -0.26129453      0.11867565    -0.068058417     -0.55076217
            0.1           0.044           0.084     -0.32339694      0.10151833    -0.063392801     -0.55259793
            0.1           0.048           0.084     -0.38274536     0.083351596     -0.05610936     -0.55445908
            0.1           0.052           0.084     -0.44009005     0.065812224    -0.047350664     -0.55615548
            0.1           0.056           0.084     -0.49581171      0.04990112     -0.03815911     -0.55749251
            0.1            0.06           0.084     -0.55003098     0.036147026    -0.029356843     -0.55833608
            0.1           0.064           0.084     -0.60274275     0.024762071     -0.02150283     -0.55863626
            0.1           0.068           0.084     -0.65388725     0.015739522    -0.014909427     -0.55841791
            0.1           0.072           0.084     -0.70336141    0.0089208335   -0.0096854427     -0.55775846
            0.1           0.076           0.084     -0.75099226    0.0040447764   -0.0057770826     -0.55676796
            0.1            0.08           0.084     -0.79648136   0.00079243198   -0.0030211826     -0.55556402
            0.1           0.084           0.084     -0.83928761   -0.0011687734   -0.0011936459     -0.55427053
            0.1           0.088           0.084     -0.87825163   -0.0021472122  -4.0976922e-05     -0.55302486
            0.1           0.092           0.084     -0.90922562   -0.0023687975    0.0006831764     -0.55196614
            0.1           0.096           0.084     -0.90355054   -0.0018670689   0.00098947589     -0.55125975
            0.1             0.1           0.084               0               0               0      -0.5510187
            0.1          -0.096           0.088     -0.92590431     0.002114432  -7.1971783e-05      -0.5495915
            0.1            -0.1           0.088               0               0               0     -0.54937327
            0.1          -0.092           0.088     -0.93942889     0.002733301   0.00057620666     -0.55026127
            0.1          -0.088           0.088     -0.91032185    0.0021616358   8.6803415e-05     -0.55125442
            0.1          -0.084           0.088     -0.87172757   0.00059320173   -0.0011512621     -0.55236258
            0.1           -0.08           0.088     -0.82894978   -0.0020821414   -0.0031291937     -0.55343874
            0.1          -0.076           0.088     -0.78347085   -0.0061095336    -0.005956549     -0.55434951
            0.1          -0.072           0.088      -0.7358412    -0.011802143   -0.0097657801     -0.55497865
            0.1          -0.068           0.088      -0.6862801    -0.019494315    -0.014663463     -0.55519637
            0.1          -0.064           0.088     -0.63489511    -0.029470107     -0.02067712     -0.55488706
            0.1           -0.06           0.088      -0.5817505    -0.041924633    -0.027705182     -0.55397507
            0.1          -0.056           0.088     -0.52690972    -0.056932125    -0.035482775     -0.55244347
            0.1          -0.052           0.088     -0.47044903    -0.074373042    -0.043553282     -0.55035482
            0.1          -0.048           0.088     -0.41232324    -0.093818857    -0.051291114     -0.54785572
            0.1          -0.044           0.088     -0.35210539     -0.11428505    -0.057967596     -0.54514089
            0.1           -0.04           0.088      -0.2886736     -0.13385781    -0.062859026      -0.5423819
            0.1          -0.036           0.088      -0.2202678     -0.14950962     -0.06525146     -0.53969772
            0.1          -0.032           0.088     -0.14542649     -0.15771818    -0.064443789     -0.53712129
            0.1          -0.028           0.088    -0.064434624     -0.15610096    -0.060203339     -0.53451717
            0.1          -0.024           0.088     0.020016889      -0.1449903    -0.053156929     -0.53174609
            0.1           -0.02           0.088       0.1033731     -0.12737867    -0.044935829     -0.52885735
            0.1          -0.016           0.088      0.18249718     -0.10596188    -0.037654588     -0.52604745
            0.1          -0.012           0.088      0.25645745    -0.081304956    -0.032690222     -0.52366225
            0.1          -0.008           0.088      0.32218226     -0.05329228    -0.030126962     -0.52212307
            0.1          -0.004           0.088      0.36976865    -0.022793093    -0.028856106     -0.52186878
            0.1  -1.9825411e-18           0.088      0.37925776    0.0093903024    -0.027906536     -0.52275569
            0.1           0.004           0.088      0.34455284      0.04117998    -0.027141088     -0.52453859
            0.1           0.008           0.088       0.2836617     0.070240694    -0.027233958     -0.52732922
            0.1           0.012           0.088      0.21257392     0.095967923     -0.02943265     -0.53079291
            0.1           0.016           0.088      0.13701331      0.11813812    -0.034320057     -0.53443442
            0.1            0.02           0.088     0.058213656      0.13689395     -0.04140124     -0.53787657
            0.1           0.024           0.088    -0.022282944      0.15092189    -0.049190248     -0.54085552
            0.1           0.028           0.088     -0.10109815      0.15746231    -0.055792548     -0.54326254
            0.1           0.032           0.088     -0.17511161      0.15472227     -0.05971651     -0.54522697
            0.1           0.036           0.088     -0.24300079      0.14333087    -0.060265228     -0.54707664
            0.1            0.04           0.088     -0.30541379      0.12593321    -0.057659939     -0.54900666
            0.1           0.044           0.088     -0.36414876      0.10583217    -0.052629379      -0.5510172
            0.1           0.048           0.088     -0.42089689     0.085664431    -0.045956898     -0.55300461
            0.1           0.052           0.088     -0.47657943     0.067014627    -0.038432937     -0.55479824
            0.1           0.056           0.088      -0.5314317     0.050642029    -0.030807525     -0.55620909
            0.1            0.06           0.088     -0.58537139     0.036823974    -0.023689942     -0.55710089
            0.1           0.064           0.088     -0.63822494     0.025582884    -0.017481387     -0.55742453
            0.1           0.068           0.088     -0.68980838     0.016773227    -0.012383733     -0.55721053
            0.1           0.072           0.088     -0.73993076     0.010138808   -0.0084352187     -0.55654125
            0.1           0.076           0.088     -0.78835055    0.0053604324   -0.0055387358     -0.55553523
            0.1            0.08           0.088     -0.83469216    0.0020859194   -0.0035166818     -0.55432078
            0.1           0.084           0.088     -0.87825201  -2.7273098e-05   -0.0021589115      -0.5530228
            0.1           0.088           0.088     -0.91744377   -0.0012651832   -0.0012696495     -0.55176666
            0.1           0.092           0.088     -0.94681871   -0.0018086683  -0.00071411009     -0.55068087
            0.1           0.096           0.088     -0.93273357   -0.0015622145  -0.00061376235     -0.54993807
            0.1             0.1           0.088               0               0               0     -0.54967877
            0.1          -0.096           0.092     -0.93411722     0.001733515   -0.0016311892     -0.54845214
            0.1            -0.1           0.092               0               0               0     -0.54821215
            0.1          -0.092           0.092     -0.96480704    0.0022029951  -0.00051870346      -0.5491559
            0.1          -0.088           0.092     -0.94119574     0.001695094  -0.00051450472     -0.55016738
            0.1          -0.084           0.092     -0.90417843   0.00034126263   -0.0011983618     -0.55129567
            0.1           -0.08           0.092     -0.86193126    -0.001987184   -0.0024463378     -0.55241198
            0.1          -0.076           0.092     -0.81677166   -0.0055256891   -0.0042971589     -0.55338563
            0.1          -0.072           0.092     -0.76942026    -0.010584808   -0.0068412129     -0.55410093
            0.1          -0.068           0.092     -0.72017771     -0.01752715    -0.010168294     -0.55442265
            0.1          -0.064           0.092     -0.66922114    -0.026684888     -0.01432474     -0.55422403
            0.1           -0.06           0.092     -0.61668015    -0.038321482    -0.019255033      -0.5534258
            0.1          -0.056           0.092     -0.56271927    -0.052627377    -0.024772102     -0.55200556
            0.1          -0.052           0.092     -0.50763475    -0.069647961    -0.030533749     -0.55002195
            0.1          -0.048           0.092     -0.45170423    -0.089231253    -0.036075226     -0.54760153
            0.1          -0.044           0.092     -0.39482123      -0.1107198    -0.040926058     -0.54490714
            0.1           -0.04           0.092     -0.33584749     -0.13248269      -0.0448716     -0.54206553
            0.1          -0.036           0.092     -0.27206243     -0.15144571    -0.047846967     -0.53913567
            0.1          -0.032           0.092     -0.19998405     -0.16312163    -0.049399828     -0.53616227
            0.1          -0.028           0.092     -0.11758926      -0.1633778    -0.048841452     -0.53306641
            0.1          -0.024           0.092    -0.026233222     -0.15124059    -0.045639949     -0.52977954
            0.1           -0.02           0.092     0.067637387     -0.13066595    -0.040086821     -0.52655631
            0.1          -0.016           0.092       0.1566321     -0.10684287    -0.034002883     -0.52364173
            0.1          -0.012           0.092      0.23833618    -0.081048502     -0.02924437     -0.52120835
            0.1          -0.008           0.092      0.31048006    -0.052416291     -0.02615238     -0.51959838
            0.1          -0.004           0.092      0.36310808    -0.021795269    -0.024093185     -0.51931103
            0.1  -1.9825411e-18           0.092      0.37407009     0.010188641    -0.023062511     -0.52025198
            0.1           0.004           0.092      0.33612042     0.042170684    -0.023237339     -0.52219848
            0.1           0.008           0.092      0.26934922     0.072005431     -0.02445686     -0.52520303
            0.1           0.012           0.092      0.19120024     0.098960024    -0.027144893     -0.52879697
            0.1           0.016           0.092      0.10731638      0.12313486    -0.031696423     -0.53248592
            0.1            0.02           0.092     0.018500901      0.14505698    -0.037455012     -0.53602379
            0.1           0.024           0.092    -0.070949964      0.16176392    -0.042635066     -0.53925052
            0.1           0.028           0.092      -0.1541651      0.16835819    -0.045758165     -0.54200464
            0.1           0.032           0.092     -0.22783048      0.16303423    -0.046394468     -0.54433183
            0.1           0.036           0.092     -0.29205847       0.1477916    -0.044796086     -0.54650936
            0.1            0.04           0.092     -0.34962845      0.12691145    -0.041658962     -0.54865683
            0.1           0.044           0.092     -0.40404743      0.10451437    -0.037509065     -0.55074952
            0.1           0.048           0.092     -0.45772079     0.083227896    -0.032540816     -0.55272784
            0.1           0.052           0.092     -0.51144911     0.064366376     -0.02707994      -0.5544514
            0.1           0.056           0.092     -0.56509097     0.048354419     -0.02162046     -0.55576183
            0.1            0.06           0.092     -0.61828906     0.035159421    -0.016603989     -0.55653878
            0.1           0.064           0.092     -0.67067786     0.024621252    -0.012316355     -0.55674507
            0.1           0.068           0.092     -0.72193794     0.016470553   -0.0088879862     -0.55642623
            0.1           0.072           0.092     -0.77182195     0.010359537   -0.0063088387     -0.55566172
            0.1           0.076           0.092     -0.82006666    0.0059329197   -0.0044698265     -0.55457485
            0.1            0.08           0.092     -0.86619283    0.0028211303   -0.0032141878     -0.55329997
            0.1           0.084           0.092     -0.90923044   0.00069001083   -0.0023721531     -0.55196286
            0.1           0.088           0.092     -0.94682267  -0.00071235777   -0.0018085911     -0.55068001
            0.1           0.092           0.092     -0.97064381   -0.0015003571    -0.001500388     -0.54955707
            0.1           0.096           0.092      -0.9398385   -0.0014281606   -0.0016153517     -0.54879224
            0.1             0.1           0.092               0               0               0     -0.54853449
            0.1          -0.096           0.096     -0.86625813    0.0012242259   -0.0019681175     -0.54769403
            0.1            -0.1           0.096               0               0               0     -0.54746363
            0.1          -0.092           0.096     -0.93609758    0.0013340849  -0.00089432047     -0.54838271
            0.1          -0.088           0.096     -0.92925595   0.00085094224   -0.0006543038     -0.54939549
            0.1          -0.084           0.096     -0.90067194  -0.00022242462  -0.00087531532     -0.55054586
            0.1           -0.08           0.096      -0.8643163    -0.002050858   -0.0013644217     -0.55171143
            0.1          -0.076           0.096     -0.82416754   -0.0048710421   -0.0022538455     -0.55276494
            0.1          -0.072           0.096     -0.78099142   -0.0089866364   -0.0034925909     -0.55358794
            0.1          -0.068           0.096     -0.73542561     -0.01473522   -0.0050893601     -0.55405014
            0.1          -0.064           0.096     -0.68784193    -0.022476318   -0.0072080656     -0.55402266
            0.1           -0.06           0.096      -0.6383401    -0.032508903   -0.0098804058     -0.55341547
            0.1          -0.056           0.096     -0.58720562    -0.045091231    -0.012882439     -0.55219201
            0.1          -0.052           0.096     -0.53489477    -0.060346915    -0.015863069     -0.55038666
            0.1          -0.048           0.096     -0.48216364    -0.078299445    -0.018692349     -0.54811255
            0.1          -0.044           0.096     -0.42956796    -0.098675173    -0.021041846     -0.54553392
            0.1           -0.04           0.096     -0.37677128     -0.12029684    -0.022919224     -0.54272661
            0.1          -0.036           0.096     -0.32121097     -0.14073963    -0.025075366     -0.53967892
            0.1          -0.032           0.096     -0.25770818      -0.1558915    -0.027346198     -0.53640509
            0.1          -0.028           0.096     -0.18116804     -0.16044297    -0.028977786     -0.53281965
            0.1          -0.024           0.096    -0.089595479     -0.15073951    -0.028916892     -0.52887981
            0.1           -0.02           0.096     0.012712457     -0.12899042    -0.026079677     -0.52506458
            0.1          -0.016           0.096       0.1118779     -0.10301151     -0.02166092      -0.5218572
            0.1          -0.012           0.096      0.19828429     -0.07687175    -0.018151242     -0.51935437
            0.1          -0.008           0.096      0.27126959    -0.049071994    -0.016218509     -0.51780386
            0.1          -0.004           0.096      0.32422829    -0.019642948    -0.014874728      -0.5176233
            0.1  -1.9825411e-18           0.096      0.33598876     0.011406668    -0.014160349     -0.51861391
            0.1           0.004           0.096      0.29914447      0.04242935    -0.014268032       -0.520556
            0.1           0.008           0.096      0.23326072     0.071208018    -0.015016189     -0.52355646
            0.1           0.012           0.096      0.15368387     0.097801648     -0.01705303     -0.52722572
            0.1           0.016           0.096     0.062897851      0.12327108     -0.02080505     -0.53105537
            0.1            0.02           0.096    -0.036004631      0.14723132    -0.025056245     -0.53492191
            0.1           0.024           0.096     -0.13140519      0.16345154    -0.027570201     -0.53864927
            0.1           0.028           0.096     -0.21383302       0.1663616    -0.027715244      -0.5418665
            0.1           0.032           0.096     -0.28168554      0.15642363    -0.026165512     -0.54458138
            0.1           0.036           0.096     -0.33788799      0.13786578    -0.023727153     -0.54702616
            0.1            0.04           0.096     -0.38790544      0.11574582    -0.021479246      -0.5492835
            0.1           0.044           0.096     -0.43664918     0.093660559    -0.019286369     -0.55133789
            0.1           0.048           0.096     -0.48633972      0.07365216    -0.016635688     -0.55319476
            0.1           0.052           0.096     -0.53695738     0.056598925    -0.013902052     -0.55476573
            0.1           0.056           0.096     -0.58777564     0.042490803    -0.011170851     -0.55589312
            0.1            0.06           0.096     -0.63813354     0.031073803   -0.0085063331     -0.55647836
            0.1           0.064           0.096     -0.68746888     0.022081128    -0.006271562     -0.55650815
            0.1           0.068           0.096     -0.73519999     0.015175804   -0.0046337956     -0.55603801
            0.1           0.072           0.096     -0.78116051    0.0099615749   -0.0034305952     -0.55515637
            0.1           0.076           0.096     -0.82526932    0.0060734086   -0.0026719569     -0.55398266
            0.1            0.08           0.096     -0.86661528    0.0031757451   -0.0021861341     -0.55264227
            0.1           0.084           0.096     -0.90356419   0.00099501499   -0.0018622493     -0.55125572
            0.1           0.088           0.096     -0.93274944  -0.00060883536   -0.0015573452     -0.54993635
            0.1           0.092           0.096     -0.93984515   -0.0016109123   -0.0014295673     -0.54879162
            0.1           0.096           0.096      -0.8700582   -0.0016304593   -0.0016342208     -0.54804748
            0.1             0.1           0.096               0               0               0     -0.54781693
            0.1          -0.096             0.1               0               0               0     -0.54743831
            0.1            -0.1             0.1               0               0               0     -0.54722775
            0.1          -0.092             0.1               0               0               0     -0.54809902
            0.1          -0.088             0.1               0               0               0     -0.54910641
            0.1          -0.084             0.1               0               0               0     -0.55026413
            0.1           -0.08             0.1               0               0               0     -0.55145042
            0.1          -0.076             0.1               0               0               0      -0.5525419
            0.1          -0.072             0.1               0               0               0     -0.55341389
            0.1          -0.068             0.1               0               0               0     -0.55394225
            0.1          -0.064             0.1               0               0               0     -0.55400447
            0.1           -0.06             0.1               0               0               0     -0.55350167
            0.1          -0.056             0.1               0               0               0     -0.55238724
            0.1          -0.052             0.1               0               0               0     -0.55067477
            0.1          -0.048             0.1               0               0               0     -0.54848134
            0.1          -0.044             0.1               0               0               0     -0.54599152
            0.1           -0.04             0.1               0               0               0     -0.54324398
            0.1          -0.036             0.1               0               0               0     -0.54018965
            0.1          -0.032             0.1               0               0               0     -0.53681194
            0.1          -0.028             0.1               0               0               0     -0.53300162
            0.1          -0.024             0.1               0               0               0     -0.52872239
            0.1           -0.02             0.1               0               0               0     -0.52454408
            0.1          -0.016             0.1               0               0               0     -0.52113328
            0.1          -0.012             0.1               0               0               0     -0.51861464
            0.1          -0.008             0.1               0               0               0     -0.51719369
            0.1          -0.004             0.1               0               0               0     -0.51717041
            0.1  -1.9825411e-18             0.1               0               0               0     -0.51819603
            0.1           0.004             0.1               0               0               0     -0.52003384
            0.1           0.008             0.1               0               0               0      -0.5228896
            0.1           0.012             0.1               0               0               0     -0.52653487
            0.1           0.016             0.1               0               0               0     -0.53045215
            0.1            0.02             0.1               0               0               0     -0.53454969
            0.1           0.024             0.1               0               0               0     -0.53859627
            0.1           0.028             0.1               0               0               0     -0.54206697
            0.1           0.032             0.1               0               0               0     -0.54496617
            0.1           0.036             0.1               0               0               0     -0.54750352
            0.1            0.04             0.1               0               0               0     -0.54976582
            0.1           0.044             0.1               0               0               0     -0.55175542
            0.1           0.048             0.1               0               0               0     -0.55351645
            0.1           0.052             0.1               0               0               0     -0.55500326
            0.1           0.056             0.1               0               0               0     -0.55603718
            0.1            0.06             0.1               0               0               0     -0.55652667
            0.1           0.064             0.1               0               0               0     -0.55647188
            0.1           0.068             0.1               0               0               0     -0.55592693
            0.1           0.072             0.1               0               0               0     -0.55499432
            0.1           0.076             0.1               0               0               0     -0.55378804
            0.1            0.08             0.1               0               0               0     -0.55242292
            0.1           0.084             0.1               0               0               0     -0.55101465
            0.1           0.088             0.1               0               0               0     -0.54967659
            0.1           0.092             0.1               0               0               0     -0.54853359
            0.1           0.096             0.1               0               0               0     -0.54781669
            0.1             0.1             0.1               0               0               0     -0.54760483
