#             x               y               z             U_x             U_y             U_z               p
           0.35          -0.098          -0.098     -0.35677904   -0.0041189947   -0.0032661988     -0.14050616
           0.35          -0.098          -0.094     -0.40314404   -0.0036422573     -0.01034013     -0.14082743
           0.35          -0.098           -0.09     -0.41241461   -0.0024398534    -0.022265177     -0.14136603
           0.35          -0.098          -0.086     -0.41997013   -0.0028335964    -0.033193451     -0.14227053
           0.35          -0.098          -0.082     -0.42843527   -0.0037585255    -0.044733906      -0.1432685
           0.35          -0.098          -0.078     -0.43608397    -0.005159205    -0.054639371     -0.14442733
           0.35          -0.098          -0.074     -0.44110725   -0.0062374138    -0.062864874     -0.14562542
           0.35          -0.098           -0.07     -0.44262026   -0.0068077419    -0.069267211     -0.14682033
           0.35          -0.098          -0.066     -0.44040721   -0.0068060142    -0.074214016     -0.14792265
           0.35          -0.098          -0.062     -0.43466295      -0.0062979    -0.078125522     -0.14885998
           0.35          -0.098          -0.058     -0.42576071   -0.0052512984     -0.08144189     -0.14956972
           0.35          -0.098          -0.054     -0.41407527   -0.0039930375    -0.084528075     -0.14997683
           0.35          -0.098           -0.05     -0.40012369   -0.0028797821      -0.0875884     -0.15002144
           0.35          -0.098          -0.046     -0.38429254   -0.0017394992    -0.090643202     -0.14970534
           0.35          -0.098          -0.042     -0.36686805   -0.0007454578    -0.093478567      -0.1490178
           0.35          -0.098          -0.038     -0.34803145   7.3834543e-05    -0.095746118     -0.14798727
           0.35          -0.098          -0.034     -0.32797912   0.00059935218    -0.097140839     -0.14666627
           0.35          -0.098           -0.03     -0.30703804   0.00075906928    -0.097345403     -0.14508757
           0.35          -0.098          -0.026     -0.28568918   0.00054961671    -0.095940925      -0.1432998
           0.35          -0.098          -0.022     -0.26455554  -0.00023821132    -0.092567651     -0.14137368
           0.35          -0.098          -0.018     -0.24438969   -0.0014314213    -0.086925429     -0.13940872
           0.35          -0.098          -0.014     -0.22591028   -0.0026731146    -0.079039373     -0.13752756
           0.35          -0.098           -0.01     -0.20956708   -0.0040407482     -0.06897605     -0.13580038
           0.35          -0.098          -0.006     -0.19573282   -0.0054529143    -0.056857441     -0.13431292
           0.35          -0.098          -0.002     -0.18531217   -0.0067762817    -0.043075001     -0.13317214
           0.35          -0.098           0.002     -0.17880711   -0.0071137992    -0.027874116     -0.13234368
           0.35          -0.098           0.006     -0.17641574   -0.0066126228    -0.012807425     -0.13187955
           0.35          -0.098            0.01     -0.17828461   -0.0067156545    0.0024650349     -0.13180157
           0.35          -0.098           0.014       -0.184593   -0.0066598301     0.017296025     -0.13209903
           0.35          -0.098           0.018     -0.19452371   -0.0066348729      0.03140342      -0.1327346
           0.35          -0.098           0.022     -0.20794745   -0.0059496172     0.044572589     -0.13364421
           0.35          -0.098           0.026     -0.22399623   -0.0047876585     0.055767563     -0.13477949
           0.35          -0.098            0.03       -0.242897    -0.003529612     0.065073913     -0.13611195
           0.35          -0.098           0.034     -0.26305313   -0.0025762705     0.072318065     -0.13754297
           0.35          -0.098           0.038     -0.28422413   -0.0016771123     0.077464208     -0.13898146
           0.35          -0.098           0.042     -0.30593652   -0.0012418917     0.080618259       -0.140331
           0.35          -0.098           0.046     -0.32750512   -0.0013353509     0.082052049     -0.14147535
           0.35          -0.098            0.05     -0.34842864   -0.0017390755     0.081966717     -0.14235569
           0.35          -0.098           0.054     -0.36829744   -0.0023365531     0.080564999     -0.14292374
           0.35          -0.098           0.058     -0.38658883   -0.0030732705     0.078157444     -0.14310921
           0.35          -0.098           0.062     -0.40276919   -0.0039899882     0.075036996     -0.14290358
           0.35          -0.098           0.066     -0.41626071   -0.0049898698     0.071275051     -0.14233852
           0.35          -0.098            0.07     -0.42638133   -0.0056386853     0.066684231     -0.14147254
           0.35          -0.098           0.074      -0.4326357   -0.0057493743      0.06091549     -0.14036311
           0.35          -0.098           0.078     -0.43459108    -0.005398968      0.05359223     -0.13908616
           0.35          -0.098           0.082     -0.43223403   -0.0046084283     0.044614252     -0.13771998
           0.35          -0.098           0.086     -0.42613827   -0.0036601304     0.033587364     -0.13646488
           0.35          -0.098            0.09     -0.41807006   -0.0030880988     0.022337941      -0.1353041
           0.35          -0.098           0.094     -0.40730122   -0.0044428845     0.010177026     -0.13453437
           0.35          -0.098           0.098     -0.36214808   -0.0047740469     0.003138647     -0.13410754
           0.35          -0.094          -0.098     -0.40267705    -0.010935756    -0.004032378     -0.14057772
           0.35          -0.094          -0.094     -0.43894085    -0.012588554    -0.015083858     -0.14127336
           0.35          -0.094           -0.09     -0.44856886    -0.012140149    -0.027686909     -0.14210395
           0.35          -0.094          -0.086     -0.45581893    -0.012979961    -0.040419023     -0.14320885
           0.35          -0.094          -0.082     -0.46024383    -0.013981561    -0.052124934     -0.14455469
           0.35          -0.094          -0.078     -0.45994315     -0.01466136     -0.06178573     -0.14612597
           0.35          -0.094          -0.074     -0.45456627     -0.01457103     -0.06959426     -0.14769574
           0.35          -0.094           -0.07     -0.44474849    -0.013732827    -0.075857003      -0.1491393
           0.35          -0.094          -0.066     -0.43133447    -0.012262057    -0.081023033      -0.1503303
           0.35          -0.094          -0.062     -0.41505842     -0.01033647    -0.085450467     -0.15118961
           0.35          -0.094          -0.058     -0.39650659   -0.0081326318    -0.089386381     -0.15165317
           0.35          -0.094          -0.054     -0.37610913   -0.0058132627    -0.092966516     -0.15172937
           0.35          -0.094           -0.05     -0.35412314   -0.0035759735    -0.096262043     -0.15144888
           0.35          -0.094          -0.046     -0.33071003   -0.0016210621    -0.099232416     -0.15080764
           0.35          -0.094          -0.042     -0.30591195  -0.00022970948     -0.10167656     -0.14984427
           0.35          -0.094          -0.038     -0.27985053   0.00059996434     -0.10336221     -0.14859817
           0.35          -0.094          -0.034     -0.25284874    0.0010285833     -0.10393965     -0.14714322
           0.35          -0.094           -0.03      -0.2251907   0.00079997845     -0.10311126     -0.14552619
           0.35          -0.094          -0.026     -0.19728029   -0.0001883603     -0.10051595     -0.14381306
           0.35          -0.094          -0.022     -0.16978531   -0.0017991905    -0.095948214     -0.14210721
           0.35          -0.094          -0.018        -0.14342   -0.0038503854     -0.08934868     -0.14047097
           0.35          -0.094          -0.014      -0.1189883   -0.0061752503    -0.080712339     -0.13891041
           0.35          -0.094           -0.01     -0.09736067   -0.0085718719    -0.070076486     -0.13748007
           0.35          -0.094          -0.006    -0.079543199    -0.010849749    -0.057699367     -0.13625165
           0.35          -0.094          -0.002    -0.066245912    -0.012617686    -0.043940946      -0.1352578
           0.35          -0.094           0.002    -0.058021764     -0.01373199    -0.029102453     -0.13444372
           0.35          -0.094           0.006    -0.055162345    -0.014385369    -0.013510357     -0.13389664
           0.35          -0.094            0.01     -0.05773311    -0.014528574    0.0023244442     -0.13383814
           0.35          -0.094           0.014    -0.065689021    -0.014111538      0.01768086     -0.13417167
           0.35          -0.094           0.018     -0.07865241     -0.01327374     0.032055869     -0.13486685
           0.35          -0.094           0.022    -0.096200737    -0.012019452     0.045116642     -0.13575004
           0.35          -0.094           0.026      -0.1178049    -0.010348514     0.056618044     -0.13675025
           0.35          -0.094            0.03     -0.14246847   -0.0085678265     0.066431365     -0.13788285
           0.35          -0.094           0.034     -0.16965326   -0.0068087093     0.074347498     -0.13908653
           0.35          -0.094           0.038     -0.19824939   -0.0053750071     0.080350614     -0.14029801
           0.35          -0.094           0.042     -0.22747018      -0.0044418     0.084448385     -0.14150572
           0.35          -0.094           0.046     -0.25672979   -0.0040738649     0.086789173     -0.14263398
           0.35          -0.094            0.05     -0.28557244   -0.0039846772     0.087428588     -0.14358069
           0.35          -0.094           0.054     -0.31351999   -0.0042855804     0.086580069     -0.14429951
           0.35          -0.094           0.058     -0.34013794    -0.005290661     0.084566183     -0.14468089
           0.35          -0.094           0.062     -0.36515266    -0.006763094     0.081467995     -0.14470533
           0.35          -0.094           0.066     -0.38822748   -0.0083654472      0.07742663     -0.14436677
           0.35          -0.094            0.07     -0.40888086   -0.0099067067     0.072439575     -0.14361294
           0.35          -0.094           0.074     -0.42648491     -0.01123239     0.066446439     -0.14246187
           0.35          -0.094           0.078     -0.44028606    -0.012226757     0.059261122     -0.14101387
           0.35          -0.094           0.082     -0.44939922    -0.012790833     0.050656037     -0.13938545
           0.35          -0.094           0.086      -0.4529828    -0.013153553     0.040300726     -0.13778567
           0.35          -0.094            0.09     -0.45094672    -0.013503844     0.028365445     -0.13636349
           0.35          -0.094           0.094     -0.44270128    -0.014848929     0.015724008     -0.13519433
           0.35          -0.094           0.098     -0.40672388    -0.013320677    0.0038663789     -0.13428194
           0.35           -0.09          -0.098     -0.41074131    -0.020452632   -0.0038549032      -0.1406809
           0.35           -0.09          -0.094     -0.44758336    -0.021523729    -0.017158097     -0.14172964
           0.35           -0.09           -0.09     -0.45814219    -0.020546199     -0.03064771     -0.14326487
           0.35           -0.09          -0.086     -0.46209008    -0.020601139    -0.043490418     -0.14487782
           0.35           -0.09          -0.082     -0.46015229    -0.020835257    -0.054483762     -0.14663799
           0.35           -0.09          -0.078     -0.45243567    -0.020722454    -0.063540307     -0.14846919
           0.35           -0.09          -0.074     -0.43979964    -0.019917348    -0.071003788     -0.15015346
           0.35           -0.09           -0.07     -0.42323861    -0.018400438    -0.077198385     -0.15155901
           0.35           -0.09          -0.066     -0.40360831    -0.016255164    -0.082441681     -0.15259239
           0.35           -0.09          -0.062     -0.38155593    -0.013632379     -0.08698117     -0.15321179
           0.35           -0.09          -0.058     -0.35754729    -0.010712692    -0.090989116     -0.15340473
           0.35           -0.09          -0.054     -0.33190189   -0.0077140718    -0.094552269      -0.1531884
           0.35           -0.09           -0.05     -0.30481119   -0.0048758756    -0.097675447     -0.15260297
           0.35           -0.09          -0.046     -0.27637847   -0.0024349383     -0.10028513     -0.15170357
           0.35           -0.09          -0.042     -0.24667859  -0.00061060159     -0.10224985     -0.15058452
           0.35           -0.09          -0.038     -0.21581614   0.00047049579     -0.10339789     -0.14928092
           0.35           -0.09          -0.034     -0.18404123   0.00076530393     -0.10344124     -0.14779846
           0.35           -0.09           -0.03     -0.15173711   9.3930923e-05     -0.10204816     -0.14624269
           0.35           -0.09          -0.026     -0.11935349   -0.0015477491    -0.099055005     -0.14467217
           0.35           -0.09          -0.022     -0.08746871   -0.0040162089    -0.094278603     -0.14313441
           0.35           -0.09          -0.018     -0.05685152   -0.0071356888    -0.087628133     -0.14165174
           0.35           -0.09          -0.014    -0.028429404    -0.010636978    -0.079067032     -0.14023744
           0.35           -0.09           -0.01   -0.0032436643    -0.014223354    -0.068637002     -0.13893456
           0.35           -0.09          -0.006     0.017653874    -0.017576774     -0.05653622      -0.1377958
           0.35           -0.09          -0.002     0.033398703     -0.02037829    -0.043032802     -0.13684292
           0.35           -0.09           0.002     0.043266822    -0.022360378     -0.02840279     -0.13611235
           0.35           -0.09           0.006     0.046791207    -0.023448137    -0.013052735      -0.1357171
           0.35           -0.09            0.01     0.043777447    -0.023693466     0.002452141     -0.13570819
           0.35           -0.09           0.014     0.034329463     -0.02309164     0.017529547     -0.13603715
           0.35           -0.09           0.018      0.01887356    -0.021752383     0.031681995      -0.1366889
           0.35           -0.09           0.022   -0.0019699344    -0.019768943     0.044517368     -0.13756402
           0.35           -0.09           0.026    -0.027454024    -0.017321695     0.055814939     -0.13856724
           0.35           -0.09            0.03    -0.056601029    -0.014688626     0.065432104     -0.13967008
           0.35           -0.09           0.034    -0.088524861    -0.012126731     0.073261318     -0.14081295
           0.35           -0.09           0.038     -0.12219333   -0.0099065141      0.07929894     -0.14195791
           0.35           -0.09           0.042     -0.15671432   -0.0082571764     0.083564206     -0.14309546
           0.35           -0.09           0.046     -0.19139179   -0.0073140173     0.086115145     -0.14417156
           0.35           -0.09            0.05     -0.22565873   -0.0070080867     0.087083553     -0.14506092
           0.35           -0.09           0.054     -0.25903888   -0.0073932944     0.086673791     -0.14574372
           0.35           -0.09           0.058      -0.2911748    -0.008475817     0.085032343     -0.14622668
           0.35           -0.09           0.062     -0.32176699    -0.010049053     0.082242138      -0.1464244
           0.35           -0.09           0.066     -0.35051231    -0.011898901      0.07839827     -0.14625385
           0.35           -0.09            0.07     -0.37703699    -0.013790602     0.073560464     -0.14567224
           0.35           -0.09           0.074     -0.40084989    -0.015527006     0.067716801     -0.14467708
           0.35           -0.09           0.078     -0.42131591    -0.016994747     0.060759395     -0.14331483
           0.35           -0.09           0.082     -0.43762806     -0.01818004     0.052514948     -0.14165785
           0.35           -0.09           0.086     -0.44881782    -0.019324126     0.042720786     -0.13985326
           0.35           -0.09            0.09     -0.45387023    -0.020886971     0.031124659     -0.13799047
           0.35           -0.09           0.094     -0.45022006    -0.023694367     0.018367691     -0.13598307
           0.35           -0.09           0.098     -0.41641684    -0.023960906    0.0040269263     -0.13457928
           0.35          -0.086          -0.098     -0.41635802    -0.027664145   -0.0047275941     -0.14101832
           0.35          -0.086          -0.094     -0.45377481    -0.029183571    -0.019953886     -0.14236559
           0.35          -0.086           -0.09     -0.46177704    -0.027600856    -0.033690029     -0.14449827
           0.35          -0.086          -0.086     -0.46033219    -0.026775738    -0.045940344     -0.14652675
           0.35          -0.086          -0.082     -0.45207559    -0.026184152    -0.056049257     -0.14855702
           0.35          -0.086          -0.078     -0.43822059    -0.025326812     -0.06438458     -0.15051272
           0.35          -0.086          -0.074     -0.41994643    -0.023880463    -0.071335275     -0.15223193
           0.35          -0.086           -0.07     -0.39823183    -0.021781318    -0.077213956     -0.15359712
           0.35          -0.086          -0.066     -0.37381354    -0.019084532    -0.082260384     -0.15453565
           0.35          -0.086          -0.062     -0.34721989    -0.015929502    -0.086652118     -0.15502105
           0.35          -0.086          -0.058     -0.31881613     -0.01250635    -0.090506477     -0.15505941
           0.35          -0.086          -0.054     -0.28884247   -0.0090454241    -0.093875189     -0.15468442
           0.35          -0.086           -0.05     -0.25744445   -0.0058043328    -0.096744534     -0.15394784
           0.35          -0.086          -0.046     -0.22470361   -0.0030514979    -0.099043282     -0.15291686
           0.35          -0.086          -0.042       -0.190688   -0.0010378561     -0.10065872     -0.15167752
           0.35          -0.086          -0.038     -0.15551747   5.8173019e-05     -0.10143663     -0.15028893
           0.35          -0.086          -0.034     -0.11941673   9.1344749e-05     -0.10115058      -0.1487754
           0.35          -0.086           -0.03    -0.082708931   -0.0010071666    -0.099564915      -0.1472252
           0.35          -0.086          -0.026    -0.045847674   -0.0032530833     -0.09649928     -0.14567391
           0.35          -0.086          -0.022   -0.0094523553   -0.0065150456    -0.091788565     -0.14414034
           0.35          -0.086          -0.018     0.025654291    -0.010559885    -0.085309338     -0.14264665
           0.35          -0.086          -0.014     0.058452906    -0.015078889     -0.07700008      -0.1412153
           0.35          -0.086           -0.01     0.087773688    -0.019707671     -0.06686696     -0.13989042
           0.35          -0.086          -0.006      0.11236398     -0.02404232    -0.055048589     -0.13874191
           0.35          -0.086          -0.002      0.13112369    -0.027732601    -0.041782246     -0.13779831
           0.35          -0.086           0.002      0.14310158    -0.030456502    -0.027372638     -0.13712235
           0.35          -0.086           0.006      0.14757441     -0.03204281    -0.012266479     -0.13678581
           0.35          -0.086            0.01      0.14418353    -0.032433928    0.0029768056     -0.13681777
           0.35          -0.086           0.014      0.13305125    -0.031659429     0.017788198     -0.13719311
           0.35          -0.086           0.018       0.1147652     -0.02988105     0.031660562     -0.13788057
           0.35          -0.086           0.022      0.09020134    -0.027309677     0.044193226     -0.13879841
           0.35          -0.086           0.026     0.060353583    -0.024214038     0.055165787      -0.1398593
           0.35          -0.086            0.03     0.026370029    -0.020881381       0.0644499     -0.14103339
           0.35          -0.086           0.034    -0.010575649    -0.017635983     0.071982875     -0.14224254
           0.35          -0.086           0.038    -0.049380787    -0.014771816     0.077796877     -0.14344251
           0.35          -0.086           0.042    -0.089081497    -0.012529121     0.081954149     -0.14460626
           0.35          -0.086           0.046     -0.12890728     -0.01105835     0.084527178     -0.14569518
           0.35          -0.086            0.05     -0.16824687    -0.010394593     0.085638265     -0.14663303
           0.35          -0.086           0.054      -0.2066241    -0.010554021     0.085437944     -0.14739328
           0.35          -0.086           0.058     -0.24367748     -0.01148873     0.084029937     -0.14794645
           0.35          -0.086           0.062     -0.27911925    -0.013026121     0.081496141     -0.14820533
           0.35          -0.086           0.066     -0.31268089     -0.01493975     0.077923733     -0.14810399
           0.35          -0.086            0.07     -0.34404956    -0.016996855     0.073370369      -0.1475985
           0.35          -0.086           0.074     -0.37282978    -0.019001965     0.067845174      -0.1466703
           0.35          -0.086           0.078     -0.39850839    -0.020840826     0.061287384     -0.14534165
           0.35          -0.086           0.082     -0.42043062    -0.022525209     0.053566552     -0.14366485
           0.35          -0.086           0.086     -0.43775016    -0.024298565      0.04444876     -0.14172711
           0.35          -0.086            0.09     -0.44934934     -0.02664286     0.033519653     -0.13956992
           0.35          -0.086           0.094     -0.45224492    -0.030288557     0.021167666     -0.13695651
           0.35          -0.086           0.098     -0.42329332    -0.031638563    0.0057700078     -0.13510672
           0.35          -0.082          -0.098     -0.42293541    -0.034589526   -0.0059537535     -0.14140667
           0.35          -0.082          -0.094     -0.45831209    -0.035157805    -0.022602047     -0.14318511
           0.35          -0.082           -0.09     -0.46115351    -0.032691875    -0.036095708     -0.14590306
           0.35          -0.082          -0.086     -0.45369636     -0.03115534    -0.047556881     -0.14828486
           0.35          -0.082          -0.082      -0.4396189    -0.029960243    -0.056796523     -0.15050086
           0.35          -0.082          -0.078     -0.42046288    -0.028581963    -0.064403484     -0.15252082
           0.35          -0.082          -0.074     -0.39738008    -0.026702231    -0.070788634     -0.15423967
           0.35          -0.082           -0.07     -0.37122749    -0.024224983    -0.076243779     -0.15555806
           0.35          -0.082          -0.066     -0.34261614    -0.021186251      -0.0809687      -0.1564201
           0.35          -0.082          -0.062     -0.31196574    -0.017710992    -0.085095913     -0.15681224
           0.35          -0.082          -0.058     -0.27956002    -0.013990266    -0.088707265     -0.15675082
           0.35          -0.082          -0.054     -0.24557945    -0.010263454    -0.091833749     -0.15627731
           0.35          -0.082           -0.05     -0.21012873   -0.0068022048    -0.094455227     -0.15544925
           0.35          -0.082          -0.046     -0.17326467   -0.0038933356    -0.096507588     -0.15433639
           0.35          -0.082          -0.042     -0.13503797   -0.0018097944    -0.097890792     -0.15301646
           0.35          -0.082          -0.038    -0.095541724  -0.00077324758    -0.098465004     -0.15154987
           0.35          -0.082          -0.034    -0.054943321  -0.00094384417    -0.098049608     -0.14998663
           0.35          -0.082           -0.03    -0.013517788   -0.0024190261    -0.096451153     -0.14837045
           0.35          -0.082          -0.026     0.028301998   -0.0051892089    -0.093483951     -0.14673064
           0.35          -0.082          -0.022     0.069880688   -0.0091194698    -0.088976571     -0.14508144
           0.35          -0.082          -0.018      0.11034016    -0.013962201    -0.082782921     -0.14344687
           0.35          -0.082          -0.014      0.14855292    -0.019387707    -0.074804529      -0.1418637
           0.35          -0.082           -0.01      0.18317481    -0.024992829    -0.065006867     -0.14037953
           0.35          -0.082          -0.006      0.21255305    -0.030273546    -0.053474044     -0.13909991
           0.35          -0.082          -0.002      0.23534713    -0.034803126    -0.040411017     -0.13800917
           0.35          -0.082           0.002      0.25025592    -0.038201676    -0.026136853     -0.13723145
           0.35          -0.082           0.006      0.25613547      -0.0402204    -0.011151094     -0.13685521
           0.35          -0.082            0.01        0.252394    -0.040759677     0.003962631     -0.13692438
           0.35          -0.082           0.014      0.23916567    -0.039862226      0.01860907     -0.13741948
           0.35          -0.082           0.018      0.21729568    -0.037720825     0.032247921     -0.13827629
           0.35          -0.082           0.022      0.18808926    -0.034620009     0.044442094     -0.13938851
           0.35          -0.082           0.026      0.15282058    -0.030900328     0.054988359     -0.14060965
           0.35          -0.082            0.03       0.1129752    -0.026927717     0.063804173     -0.14196572
           0.35          -0.082           0.034     0.070063562    -0.023095113     0.070884361     -0.14334898
           0.35          -0.082           0.038     0.025360025    -0.019698673     0.076312866     -0.14470759
           0.35          -0.082           0.042    -0.020087753    -0.016969797      0.08018376     -0.14600122
           0.35          -0.082           0.046    -0.065455535    -0.015069577     0.082595285     -0.14718935
           0.35          -0.082            0.05     -0.11011464    -0.014062252     0.083665797     -0.14822322
           0.35          -0.082           0.054     -0.15359825     -0.01395237     0.083514424     -0.14906755
           0.35          -0.082           0.058     -0.19556356    -0.014665185     0.082232848     -0.14967704
           0.35          -0.082           0.062     -0.23574662     -0.01603137     0.079897127      -0.1499866
           0.35          -0.082           0.066     -0.27391295    -0.017835446      0.07657893     -0.14993854
           0.35          -0.082            0.07     -0.30980651    -0.019854324     0.072329474      -0.1494864
           0.35          -0.082           0.074     -0.34311166     -0.02189819      0.06716385     -0.14860707
           0.35          -0.082           0.078     -0.37342278    -0.023858008     0.061043974     -0.14730832
           0.35          -0.082           0.082     -0.40023194    -0.025754915     0.053854092     -0.14562499
           0.35          -0.082           0.086     -0.42287274    -0.027815256     0.045360339     -0.14359555
           0.35          -0.082            0.09     -0.44041558    -0.030504124     0.035069544     -0.14120614
           0.35          -0.082           0.094     -0.45024563    -0.034558355     0.023131091     -0.13811596
           0.35          -0.082           0.098     -0.42911513    -0.037596836    0.0077413492     -0.13569206
           0.35          -0.078          -0.098      -0.4298638    -0.039361507   -0.0077508331      -0.1419574
           0.35          -0.078          -0.094     -0.46015544    -0.038975695    -0.024782847     -0.14426474
           0.35          -0.078           -0.09      -0.4566343    -0.036089061    -0.037577599     -0.14747939
           0.35          -0.078          -0.086     -0.44334093    -0.034233886    -0.048157062     -0.15010084
           0.35          -0.078          -0.082     -0.42403516    -0.032729085    -0.056551056     -0.15242566
           0.35          -0.078          -0.078     -0.40018781    -0.031063168      -0.0634474     -0.15446677
           0.35          -0.078          -0.074     -0.37281002    -0.028936559    -0.069255755     -0.15616177
           0.35          -0.078           -0.07     -0.34261704    -0.026243567    -0.074250682     -0.15743119
           0.35          -0.078          -0.066     -0.31010377    -0.023009588    -0.078603307     -0.15823535
           0.35          -0.078          -0.062     -0.27560537    -0.019355135    -0.082423003     -0.15856751
           0.35          -0.078          -0.058     -0.23933925    -0.015471218    -0.085769922     -0.15844869
           0.35          -0.078          -0.054       -0.201435    -0.011603189    -0.088662744     -0.15792099
           0.35          -0.078           -0.05       -0.161955    -0.008032371    -0.091078992     -0.15704116
           0.35          -0.078          -0.046     -0.12091979   -0.0050576675    -0.092959689     -0.15587618
           0.35          -0.078          -0.042    -0.078339307   -0.0029670149    -0.094213068     -0.15449582
           0.35          -0.078          -0.038    -0.034249814   -0.0020062578    -0.094713583     -0.15295669
           0.35          -0.078          -0.034      0.01124907   -0.0023603908    -0.094303094     -0.15130394
           0.35          -0.078           -0.03     0.057946567   -0.0041325856    -0.092805608     -0.14956959
           0.35          -0.078          -0.026       0.1054547   -0.0073186948    -0.090038829      -0.1477703
           0.35          -0.078          -0.022      0.15315105     -0.01179223    -0.085811564     -0.14592216
           0.35          -0.078          -0.018      0.20010028    -0.017302069    -0.079957949     -0.14406804
           0.35          -0.078          -0.014      0.24502755    -0.023497648    -0.072349598     -0.14222997
           0.35          -0.078           -0.01      0.28653996     -0.02990531    -0.062930551     -0.14039316
           0.35          -0.078          -0.006      0.32314402    -0.035969621    -0.051675961     -0.13869787
           0.35          -0.078          -0.002      0.35275839    -0.041283204    -0.038752146     -0.13729143
           0.35          -0.078           0.002      0.37285749    -0.045321354    -0.024540681     -0.13630715
           0.35          -0.078           0.006      0.38137027    -0.047741787   -0.0095995442     -0.13582288
           0.35          -0.078            0.01      0.37723412    -0.048403647    0.0054557339      -0.1358991
           0.35          -0.078           0.014      0.36059727    -0.047361898     0.019986702     -0.13652394
           0.35          -0.078           0.018      0.33282085    -0.044857573     0.033419935     -0.13761907
           0.35          -0.078           0.022      0.29624051    -0.041285289     0.045258416     -0.13909794
           0.35          -0.078           0.026      0.25337956    -0.037135695     0.055293151     -0.14078221
           0.35          -0.078            0.03      0.20619968    -0.032695995     0.063481404     -0.14250342
           0.35          -0.078           0.034      0.15603987    -0.028402398     0.069950651     -0.14414159
           0.35          -0.078           0.038      0.10434169    -0.024606629     0.074839578     -0.14571982
           0.35          -0.078           0.042     0.052261027    -0.021521247     0.078277196     -0.14721321
           0.35          -0.078           0.046   0.00066347041    -0.019292225     0.080378555     -0.14856323
           0.35          -0.078            0.05    -0.049834065    -0.017991325     0.081260004     -0.14972711
           0.35          -0.078           0.054    -0.098796148    -0.017609985     0.081030294     -0.15066872
           0.35          -0.078           0.058     -0.14592048     -0.01806153     0.079773052     -0.15134491
           0.35          -0.078           0.062     -0.19098513    -0.019184895     0.077556223     -0.15170288
           0.35          -0.078           0.066     -0.23380067    -0.020776221     0.074438278     -0.15169378
           0.35          -0.078            0.07     -0.27416693    -0.022623742     0.070461524     -0.15127667
           0.35          -0.078           0.074     -0.31183941    -0.024545551     0.065638788     -0.15042991
           0.35          -0.078           0.078     -0.34650896    -0.026435352     0.059938959     -0.14915482
           0.35          -0.078           0.082     -0.37780075    -0.028307167     0.053248747     -0.14747133
           0.35          -0.078           0.086     -0.40523659    -0.030349833     0.045332917     -0.14538682
           0.35          -0.078            0.09     -0.42816215    -0.032966762      0.03566988      -0.1428525
           0.35          -0.078           0.094     -0.44460785    -0.036832592      0.02426755     -0.13944516
           0.35          -0.078           0.098     -0.43297231     -0.04067739    0.0096005915     -0.13646925
           0.35          -0.074          -0.098     -0.43622093    -0.042353889   -0.0095697301     -0.14264352
           0.35          -0.074          -0.094      -0.4589864    -0.041090398    -0.025986665     -0.14551602
           0.35          -0.074           -0.09     -0.44889502    -0.038251334    -0.037927726     -0.14910779
           0.35          -0.074          -0.086     -0.43018798    -0.036403526    -0.047630344     -0.15188279
           0.35          -0.074          -0.082     -0.40616495    -0.034839271    -0.055230888     -0.15426537
           0.35          -0.074          -0.078     -0.37806067    -0.033085485    -0.061457668     -0.15630035
           0.35          -0.074          -0.074     -0.34671004    -0.030871567      -0.0667085     -0.15795861
           0.35          -0.074           -0.07     -0.31269304    -0.028096392    -0.071242863     -0.15918156
           0.35          -0.074          -0.066     -0.27640829     -0.02478541    -0.075216338      -0.1599413
           0.35          -0.074          -0.062      -0.2381211    -0.021058846    -0.078724391     -0.16023594
           0.35          -0.074          -0.058     -0.19799417    -0.017109539    -0.081816995     -0.16008677
           0.35          -0.074          -0.054     -0.15610809    -0.013186607    -0.084505736     -0.15953375
           0.35          -0.074           -0.05     -0.11247934   -0.0095775357    -0.086766274     -0.15862866
           0.35          -0.074          -0.046    -0.067078822   -0.0065892905    -0.088541729     -0.15743156
           0.35          -0.074          -0.042    -0.019855797   -0.0045206025    -0.089743745     -0.15600217
           0.35          -0.074          -0.038     0.029230025   -0.0036331742    -0.090253107     -0.15438988
           0.35          -0.074          -0.034     0.080160743   -0.0041247871    -0.089924831     -0.15262978
           0.35          -0.074           -0.03      0.13281102   -0.0061112305    -0.088590773     -0.15074618
           0.35          -0.074          -0.026      0.18687407   -0.0096072596    -0.086059557     -0.14874933
           0.35          -0.074          -0.022      0.24176213    -0.014505894    -0.082125736     -0.14665654
           0.35          -0.074          -0.018      0.29648147    -0.020530173    -0.076607175     -0.14450227
           0.35          -0.074          -0.014      0.35049354    -0.027270203    -0.069272684     -0.14218348
           0.35          -0.074           -0.01      0.40255335    -0.034349512    -0.059996169      -0.1398858
           0.35          -0.074          -0.006      0.45025698    -0.041174078    -0.048786882     -0.13776962
           0.35          -0.074          -0.002      0.48977538    -0.047138856    -0.035951956     -0.13607134
           0.35          -0.074           0.002      0.51716437    -0.051674051    -0.021962041       -0.134876
           0.35          -0.074           0.006      0.52941385    -0.054390567   -0.0073395476      -0.1342667
           0.35          -0.074            0.01      0.52491003    -0.055127538    0.0073371443     -0.13430504
           0.35          -0.074           0.014      0.50377547    -0.053959388     0.021467017     -0.13499291
           0.35          -0.074           0.018      0.46789872    -0.051171399     0.034505562     -0.13626966
           0.35          -0.074           0.022        0.420614     -0.04721948     0.045997485     -0.13804375
           0.35          -0.074           0.026      0.36613281    -0.042637204     0.055615205     -0.14019455
           0.35          -0.074            0.03      0.30809012    -0.037893351     0.063232536     -0.14244274
           0.35          -0.074           0.034       0.2486138      -0.0334125     0.069045483     -0.14460242
           0.35          -0.074           0.038      0.18864651    -0.029389691     0.073269946     -0.14647308
           0.35          -0.074           0.042      0.12888006    -0.026094337     0.076155698     -0.14819572
           0.35          -0.074           0.046     0.070201667    -0.023658131      0.07783537     -0.14974468
           0.35          -0.074            0.05     0.013198394     -0.02213612     0.078424717     -0.15106242
           0.35          -0.074           0.054    -0.041757754    -0.021513058     0.078022427      -0.1521151
           0.35          -0.074           0.058    -0.094427264    -0.021698094     0.076705376     -0.15286583
           0.35          -0.074           0.062     -0.14464833    -0.022538575      0.07453384     -0.15327234
           0.35          -0.074           0.066     -0.19228992    -0.023844171     0.071555146     -0.15329567
           0.35          -0.074            0.07     -0.23721229    -0.025417493     0.067801791     -0.15290446
           0.35          -0.074           0.074     -0.27924098    -0.027087501     0.063281133     -0.15208139
           0.35          -0.074           0.078     -0.31815511    -0.028748459     0.057958973     -0.15082598
           0.35          -0.074           0.082     -0.35370624    -0.030400612     0.051720236     -0.14914868
           0.35          -0.074           0.086     -0.38560064    -0.032190615     0.044331985     -0.14703554
           0.35          -0.074            0.09     -0.41347359    -0.034444088     0.035275758     -0.14441855
           0.35          -0.074           0.094     -0.43609758    -0.037732339      0.02446049     -0.14082856
           0.35          -0.074           0.098     -0.43458922     -0.04155552     0.010824412     -0.13741336
           0.35           -0.07          -0.098     -0.44116675    -0.043362844    -0.010913466     -0.14354812
           0.35           -0.07          -0.094     -0.45504345    -0.041897026    -0.026185459     -0.14688942
           0.35           -0.07           -0.09     -0.43864835    -0.039536791    -0.037196665     -0.15071317
           0.35           -0.07          -0.086     -0.41496559    -0.037961477    -0.046039107     -0.15355846
           0.35           -0.07          -0.082     -0.38661641    -0.036539697    -0.052893373     -0.15595523
           0.35           -0.07          -0.078     -0.35454686     -0.03485804    -0.058489713     -0.15796441
           0.35           -0.07          -0.074     -0.31941294    -0.032685214    -0.063211078     -0.15957988
           0.35           -0.07           -0.07     -0.28167216    -0.029934855    -0.067303427      -0.1607617
           0.35           -0.07          -0.066     -0.24164177    -0.026639006    -0.070913592     -0.16148947
           0.35           -0.07          -0.062     -0.19952817    -0.022921041    -0.074129278     -0.16176334
           0.35           -0.07          -0.058     -0.15544435    -0.018976274    -0.076994238     -0.16160294
           0.35           -0.07          -0.054     -0.10942333    -0.015056708    -0.079515316     -0.16104325
           0.35           -0.07           -0.05    -0.061429454    -0.011454626    -0.081665506     -0.16012965
           0.35           -0.07          -0.046    -0.011371977   -0.0084821885    -0.083385221     -0.15891335
           0.35           -0.07          -0.042     0.040875539    -0.006445998    -0.084584048     -0.15744382
           0.35           -0.07          -0.038     0.095434599   -0.0056133171    -0.085147197      -0.1557588
           0.35           -0.07          -0.034      0.15239194   -0.0061944674    -0.084928303     -0.15388938
           0.35           -0.07           -0.03      0.21173701   -0.0083259587    -0.083753259     -0.15185682
           0.35           -0.07          -0.026      0.27326918    -0.012056932     -0.08142248     -0.14966313
           0.35           -0.07          -0.022      0.33650668    -0.017246973    -0.077702923     -0.14727378
           0.35           -0.07          -0.018      0.40184388    -0.023610638    -0.072255104     -0.14462233
           0.35           -0.07          -0.014      0.46894014    -0.030871779    -0.064829742     -0.14183826
           0.35           -0.07           -0.01      0.53501719    -0.038482111    -0.055411235     -0.13928605
           0.35           -0.07          -0.006      0.59553695    -0.045780271    -0.044259482     -0.13703345
           0.35           -0.07          -0.002      0.64550952     -0.05212308    -0.031735626     -0.13519662
           0.35           -0.07           0.002      0.68030777    -0.056921013    -0.018269574     -0.13386572
           0.35           -0.07           0.006      0.69631927    -0.059762942   -0.0043230175     -0.13314976
           0.35           -0.07            0.01      0.69150049    -0.060483657    0.0095897609     -0.13312344
           0.35           -0.07           0.014      0.66590714    -0.059196627     0.022938539     -0.13380161
           0.35           -0.07           0.018      0.62177598    -0.056250409     0.035237241     -0.13512882
           0.35           -0.07           0.022      0.56306644    -0.052144364     0.046091303     -0.13699361
           0.35           -0.07           0.026      0.49478151    -0.047414768     0.055208296     -0.13928044
           0.35           -0.07            0.03      0.42205979     -0.04253797     0.062447608     -0.14183073
           0.35           -0.07           0.034      0.34933509    -0.037949104     0.067785598     -0.14453796
           0.35           -0.07           0.038      0.27864544    -0.033945377     0.071446358      -0.1469632
           0.35           -0.07           0.042      0.21008863    -0.030600484       0.0737278     -0.14894937
           0.35           -0.07           0.046      0.14343317    -0.028082226     0.074928834     -0.15069336
           0.35           -0.07            0.05     0.079192412    -0.026430851     0.075167391     -0.15217369
           0.35           -0.07           0.054     0.017656011    -0.025613839     0.074535603     -0.15334465
           0.35           -0.07           0.058    -0.041020805    -0.025544606     0.073101258     -0.15417479
           0.35           -0.07           0.062    -0.096750733    -0.026081784     0.070916972     -0.15463183
           0.35           -0.07           0.066     -0.14947192     -0.02705143     0.068022253      -0.1546861
           0.35           -0.07            0.07     -0.19911267    -0.028273606     0.064441338     -0.15431616
           0.35           -0.07           0.074      -0.2455706    -0.029590756     0.060175162     -0.15351186
           0.35           -0.07           0.078      -0.2887124    -0.030899362     0.055185019      -0.1522745
           0.35           -0.07           0.082     -0.32841017    -0.032184727     0.049355058     -0.15061142
           0.35           -0.07           0.086     -0.36454811     -0.03354883     0.042460347     -0.14849684
           0.35           -0.07            0.09      -0.3970526    -0.035233076      0.03400292     -0.14585512
           0.35           -0.07           0.094     -0.42544014    -0.037662137     0.023823415     -0.14220836
           0.35           -0.07           0.098      -0.4339034    -0.040651063     0.011351437     -0.13850714
           0.35          -0.066          -0.098      -0.4443612    -0.042885403    -0.011628916     -0.14465166
           0.35          -0.066          -0.094      -0.4488362    -0.041853934    -0.025450977     -0.14832438
           0.35          -0.066           -0.09       -0.426518    -0.040257264    -0.035525213     -0.15222416
           0.35          -0.066          -0.086     -0.39822046    -0.039133986    -0.043521284     -0.15507225
           0.35          -0.066          -0.082      -0.3658182     -0.03799843    -0.049669196     -0.15744721
           0.35          -0.066          -0.078     -0.32996308    -0.036508898    -0.054673719     -0.15941579
           0.35          -0.066          -0.074     -0.29113811    -0.034476247    -0.058899271     -0.16098702
           0.35          -0.066           -0.07     -0.24968971     -0.03183406    -0.062580156     -0.16213381
           0.35          -0.066          -0.066     -0.20586381    -0.028624002    -0.065857213     -0.16283966
           0.35          -0.066          -0.062      -0.1598144    -0.024974178    -0.068812872      -0.1631045
           0.35          -0.066          -0.058     -0.11160782    -0.021083033    -0.071485867     -0.16294463
           0.35          -0.066          -0.054    -0.061227757    -0.017205535    -0.073877724     -0.16238936
           0.35          -0.066           -0.05   -0.0085807198    -0.013637765    -0.075955333     -0.16147698
           0.35          -0.066          -0.046     0.046494096    -0.010696945     -0.07765225     -0.16024988
           0.35          -0.066          -0.042      0.10419439   -0.0086887941    -0.078877066     -0.15874409
           0.35          -0.066          -0.038      0.16474335   -0.0078895126    -0.079504057     -0.15699393
           0.35          -0.066          -0.034      0.22834874    -0.008528217    -0.079376002      -0.1550319
           0.35          -0.066           -0.03       0.2951328    -0.010777173     -0.07831569     -0.15287427
           0.35          -0.066          -0.026      0.36513943    -0.014618924    -0.076038706     -0.15039008
           0.35          -0.066          -0.022      0.43955228    -0.019992928    -0.072202953     -0.14752688
           0.35          -0.066          -0.018      0.51904189    -0.026682807    -0.066451988     -0.14449555
           0.35          -0.066          -0.014      0.60102663    -0.034266986     -0.05873264      -0.1416329
           0.35          -0.066           -0.01      0.68102462    -0.042200614    -0.049270056     -0.13901359
           0.35          -0.066          -0.006      0.75366011    -0.049797335    -0.038386183     -0.13666512
           0.35          -0.066          -0.002      0.81345059    -0.056372312    -0.026417308     -0.13469192
           0.35          -0.066           0.002      0.85524274    -0.061304926    -0.013730877     -0.13322164
           0.35          -0.066           0.006      0.87477896    -0.064151444  -0.00072867647     -0.13238793
           0.35          -0.066            0.01      0.86953915    -0.064749598     0.012138187     -0.13228801
           0.35          -0.066           0.014      0.83951205    -0.063269883     0.024411435     -0.13294494
           0.35          -0.066           0.018      0.78734087    -0.060146355     0.035677883     -0.13430004
           0.35          -0.066           0.022      0.71768615    -0.055948296     0.045613817     -0.13622464
           0.35          -0.066           0.026      0.63620395    -0.051237231     0.053997846     -0.13857273
           0.35          -0.066            0.03      0.54867947    -0.046477621     0.060720868     -0.14119774
           0.35          -0.066           0.034      0.46044192    -0.042043925     0.065736251     -0.14402937
           0.35          -0.066           0.038      0.37558246    -0.038147212     0.069052288     -0.14694555
           0.35          -0.066           0.042      0.29584519    -0.034972794     0.070938867     -0.14946314
           0.35          -0.066           0.046      0.22033325    -0.032492579     0.071672303     -0.15141155
           0.35          -0.066            0.05      0.14813417     -0.03079508     0.071548401     -0.15302884
           0.35          -0.066           0.054     0.079412754    -0.029840892     0.070664747     -0.15431546
           0.35          -0.066           0.058     0.014232025    -0.029538833     0.069082551     -0.15522638
           0.35          -0.066           0.062    -0.047402479    -0.029765345     0.066847089     -0.15573598
           0.35          -0.066           0.066     -0.10550315    -0.030365799     0.063992439     -0.15582295
           0.35          -0.066            0.07     -0.16007204    -0.031180799      0.06053777     -0.15547441
           0.35          -0.066           0.074     -0.21108382    -0.032069818      0.05647969     -0.15468838
           0.35          -0.066           0.078     -0.25849533    -0.032935541     0.051777219     -0.15347101
           0.35          -0.066           0.082      -0.3022974    -0.033751246     0.046317266     -0.15183075
           0.35          -0.066           0.086     -0.34254763    -0.034577643      0.03988611     -0.14973945
           0.35          -0.066            0.09     -0.37945994    -0.035575753     0.032022846      -0.1471217
           0.35          -0.066           0.094     -0.41325206    -0.037000402     0.022514699     -0.14352597
           0.35          -0.066           0.098      -0.4311183    -0.038676879      0.01126306     -0.13969621
           0.35          -0.062          -0.098     -0.44572624    -0.041461167    -0.011750674     -0.14590617
           0.35          -0.062          -0.094     -0.44083658    -0.041323162    -0.023940483     -0.14976697
           0.35          -0.062           -0.09     -0.41297677    -0.040640284    -0.033103625     -0.15359494
           0.35          -0.062          -0.086     -0.38033989    -0.040081728    -0.040266607     -0.15639049
           0.35          -0.062          -0.082     -0.34406368    -0.039326577    -0.045742399     -0.15871254
           0.35          -0.062          -0.078     -0.30451655    -0.038111381    -0.050192577     -0.16062889
           0.35          -0.062          -0.074     -0.26201829    -0.036289781    -0.053961181     -0.16215546
           0.35          -0.062           -0.07     -0.21681248    -0.033816336    -0.057270564     -0.16327216
           0.35          -0.062          -0.066     -0.16907987    -0.030742884    -0.060255487       -0.163963
           0.35          -0.062          -0.062     -0.11892564    -0.027202594    -0.062992836     -0.16422578
           0.35          -0.062          -0.058    -0.066370459    -0.023397291    -0.065515096      -0.1640725
           0.35          -0.062          -0.054    -0.011346993    -0.019585528    -0.067816033     -0.16352661
           0.35          -0.062           -0.05      0.04629952    -0.016067748    -0.069852959     -0.16262014
           0.35          -0.062          -0.046      0.10678924    -0.013158342    -0.071555445     -0.16138283
           0.35          -0.062          -0.042      0.17040618     -0.01116885    -0.072816296     -0.15984614
           0.35          -0.062          -0.038      0.23748027    -0.010390984    -0.073493653     -0.15804652
           0.35          -0.062          -0.034      0.30834895    -0.011087869    -0.073427875     -0.15601498
           0.35          -0.062           -0.03        0.383415    -0.013359748    -0.072329926     -0.15358472
           0.35          -0.062          -0.026      0.46444827    -0.017273547    -0.069828693     -0.15062753
           0.35          -0.062          -0.022      0.55293628    -0.022763995     -0.06552801     -0.14748521
           0.35          -0.062          -0.018      0.64707757    -0.029590612     -0.05934406     -0.14447268
           0.35          -0.062          -0.014      0.74295797    -0.037348821    -0.051451184     -0.14162521
           0.35          -0.062           -0.01      0.83556049    -0.045452856    -0.042140905     -0.13893815
           0.35          -0.062          -0.006      0.91934745     -0.05319701    -0.031717195     -0.13647278
           0.35          -0.062          -0.002      0.98841435    -0.059864087    -0.020478471     -0.13435009
           0.35          -0.062           0.002       1.0368374    -0.064799108   -0.0087403209     -0.13272312
           0.35          -0.062           0.006       1.0595624    -0.067535234    0.0031458472     -0.13175885
           0.35          -0.062            0.01       1.0535858    -0.067920582     0.014787145     -0.13158485
           0.35          -0.062           0.014       1.0188888    -0.066199347       0.0257947     -0.13222634
           0.35          -0.062           0.018      0.95862196    -0.062903263     0.035845383     -0.13361205
           0.35          -0.062           0.022      0.87831698    -0.058677388     0.044699381     -0.13559346
           0.35          -0.062           0.026      0.78452492    -0.054096648     0.052193902     -0.13800695
           0.35          -0.062            0.03      0.68352029    -0.049606724     0.058249055     -0.14068703
           0.35          -0.062           0.034      0.58076494    -0.045517055     0.062842013     -0.14351633
           0.35          -0.062           0.038      0.48086796    -0.041993845     0.065970737     -0.14645124
           0.35          -0.062           0.042      0.38718163    -0.039070436     0.067657206     -0.14941005
           0.35          -0.062           0.046      0.30073741    -0.036819369     0.068158154     -0.15186599
           0.35          -0.062            0.05      0.21989982    -0.035145426     0.067702227     -0.15362801
           0.35          -0.062           0.054      0.14340891    -0.034099903     0.066568287     -0.15500278
           0.35          -0.062           0.058      0.07121913    -0.033593299     0.064827001     -0.15599367
           0.35          -0.062           0.062    0.0032605515    -0.033509805     0.062518163     -0.15655804
           0.35          -0.062           0.066      -0.0605504    -0.033721172     0.059670856     -0.15668276
           0.35          -0.062            0.07     -0.12028999    -0.034091269     0.056302183     -0.15636033
           0.35          -0.062           0.074     -0.17601424    -0.034500818     0.052408202     -0.15559649
           0.35          -0.062           0.078     -0.22777466     -0.03486402     0.047949861     -0.15440438
           0.35          -0.062           0.082     -0.27568343    -0.035147608     0.042820857     -0.15279746
           0.35          -0.062           0.086      -0.3199706    -0.035379233     0.036824573     -0.15075239
           0.35          -0.062            0.09     -0.36112649    -0.035643466     0.029547001     -0.14820164
           0.35          -0.062           0.094     -0.40000802    -0.036019999     0.020741694     -0.14474572
           0.35          -0.062           0.098     -0.42653713    -0.036152073     0.010725112     -0.14093117
           0.35          -0.058          -0.098     -0.44527852    -0.039552927    -0.011359916     -0.14725198
           0.35          -0.058          -0.094     -0.43145397    -0.040624421    -0.021946517     -0.15114439
           0.35          -0.058           -0.09     -0.39837359    -0.040870273    -0.030139565     -0.15481324
           0.35          -0.058          -0.086      -0.3615893    -0.040917958    -0.036487729     -0.15749707
           0.35          -0.058          -0.082     -0.32154445    -0.040590947     -0.04132493     -0.15973772
           0.35          -0.058          -0.078     -0.27833216     -0.03969696    -0.045261544     -0.16159157
           0.35          -0.058          -0.074     -0.23211772    -0.038129817    -0.048618977     -0.16307242
           0.35          -0.058           -0.07     -0.18304804     -0.03586349    -0.051605813     -0.16416173
           0.35          -0.058          -0.066     -0.13124235    -0.032958711    -0.054348707     -0.16484101
           0.35          -0.058          -0.062    -0.076758829    -0.029553156    -0.056916952      -0.1651043
           0.35          -0.058          -0.058    -0.019573108     -0.02585227    -0.059334199     -0.16495851
           0.35          -0.058          -0.054     0.040433314    -0.022118701    -0.061583361     -0.16442237
           0.35          -0.058           -0.05      0.10346347    -0.018650173    -0.063615723     -0.16351781
           0.35          -0.058          -0.046      0.16980582    -0.015764767    -0.065343924     -0.16226922
           0.35          -0.058          -0.042      0.23982855    -0.013787257    -0.066640829     -0.16070976
           0.35          -0.058          -0.038      0.31396776    -0.013039038    -0.067358454      -0.1588782
           0.35          -0.058          -0.034      0.39278539    -0.013717792    -0.067225185     -0.15661741
           0.35          -0.058           -0.03      0.47838089    -0.015961464     -0.06585438     -0.15371085
           0.35          -0.058          -0.026       0.5728682    -0.019836905    -0.062828294     -0.15053103
           0.35          -0.058          -0.022      0.67532527    -0.025302997    -0.058005537     -0.14746558
           0.35          -0.058          -0.018      0.78275262    -0.032141254    -0.051525285     -0.14451642
           0.35          -0.058          -0.014      0.89096437    -0.039906613    -0.043636864     -0.14164578
           0.35          -0.058           -0.01      0.99505875    -0.047988972    -0.034632502     -0.13887868
           0.35          -0.058          -0.006       1.0893061    -0.055687596    -0.024804539      -0.1362948
           0.35          -0.058          -0.002       1.1671503    -0.062281355    -0.014422812       -0.134026
           0.35          -0.058           0.002       1.2217565    -0.067093591   -0.0037469818     -0.13225135
           0.35          -0.058           0.006       1.2472239    -0.069626557    0.0069340489     -0.13117147
           0.35          -0.058            0.01        1.240052    -0.069743598     0.017270918     -0.13093336
           0.35          -0.058           0.014       1.2002902    -0.067783743     0.026931324     -0.13155866
           0.35          -0.058           0.018        1.131762    -0.064380445      0.03568641     -0.13296666
           0.35          -0.058           0.022       1.0409932    -0.060247246     0.043396728      -0.1349889
           0.35          -0.058           0.026      0.93551214    -0.055949361     0.049966692      -0.1374489
           0.35          -0.058            0.03      0.82222918    -0.051881142     0.055322526     -0.14017592
           0.35          -0.058           0.034      0.70666562    -0.048281991      0.05943868      -0.1430283
           0.35          -0.058           0.038      0.59314582    -0.045262845     0.062319588     -0.14591115
           0.35          -0.058           0.042      0.48525295    -0.042825639     0.063969226     -0.14881964
           0.35          -0.058           0.046      0.38555391    -0.040873428     0.064387788     -0.15169877
           0.35          -0.058            0.05      0.29433811    -0.039397281     0.063823113      -0.1539535
           0.35          -0.058           0.054      0.20952427      -0.0382855     0.062458253     -0.15541846
           0.35          -0.058           0.058      0.12982624    -0.037594344     0.060556613     -0.15646511
           0.35          -0.058           0.062     0.055110676    -0.037211953     0.058161877     -0.15708803
           0.35          -0.058           0.066    -0.014765803    -0.037024505     0.055297975     -0.15725677
           0.35          -0.058            0.07    -0.079945021    -0.036927996     0.051980001        -0.15697
           0.35          -0.058           0.074     -0.14056581    -0.036828627     0.048207541     -0.15623717
           0.35          -0.058           0.078     -0.19677998    -0.036657759      0.04394785     -0.15507961
           0.35          -0.058           0.082     -0.24882653    -0.036383619     0.039107441      -0.1535179
           0.35          -0.058           0.086     -0.29711002    -0.036008965     0.033509921      -0.1515383
           0.35          -0.058            0.09     -0.34238616     -0.03555194     0.026795564     -0.14908752
           0.35          -0.058           0.094     -0.38608066    -0.034925557     0.018701138     -0.14583626
           0.35          -0.058           0.098     -0.42048284     -0.03350013    0.0099012527     -0.14215008
           0.35          -0.054          -0.098     -0.44314124     -0.03754015    -0.010595705     -0.14863158
           0.35          -0.054          -0.094     -0.42095196    -0.039894907    -0.019584595     -0.15244059
           0.35          -0.054           -0.09      -0.3829405    -0.041065958    -0.026846547     -0.15584775
           0.35          -0.054          -0.086      -0.3421453    -0.041710349    -0.032402332     -0.15838373
           0.35          -0.054          -0.082     -0.29837896    -0.041817306    -0.036642264      -0.1605204
           0.35          -0.054          -0.078      -0.2514753     -0.04125974    -0.040114287     -0.16230205
           0.35          -0.054          -0.074     -0.20144981    -0.039964871    -0.043115235     -0.16373496
           0.35          -0.054           -0.07     -0.14835835    -0.037923326    -0.045837473     -0.16479657
           0.35          -0.054          -0.066     -0.09226044    -0.035202394    -0.048396545     -0.16546395
           0.35          -0.054          -0.062    -0.033168609    -0.031942956    -0.050851035     -0.16572596
           0.35          -0.054          -0.058     0.028984954     -0.02835369    -0.053212647     -0.16558426
           0.35          -0.054          -0.054     0.094357473    -0.024695183    -0.055456187     -0.16505052
           0.35          -0.054           -0.05      0.16320179    -0.021265732    -0.057518317     -0.16413991
           0.35          -0.054          -0.046      0.23587122     -0.01839527    -0.059289435     -0.16287841
           0.35          -0.054          -0.042      0.31280853    -0.016434358    -0.060632037     -0.16130628
           0.35          -0.054          -0.038      0.39458763    -0.015654819    -0.061296935     -0.15929523
           0.35          -0.054          -0.034      0.48338743    -0.016230622    -0.060892077     -0.15655088
           0.35          -0.054           -0.03      0.58172602    -0.018327896    -0.059000933     -0.15341347
           0.35          -0.054          -0.026      0.68939368    -0.022050535    -0.055410111     -0.15036095
           0.35          -0.054          -0.022      0.80430865    -0.027381462    -0.050205839     -0.14739945
           0.35          -0.054          -0.018      0.92328384     -0.03405632    -0.043594685     -0.14446933
           0.35          -0.054          -0.014       1.0424229    -0.041603699    -0.035845955     -0.14156983
           0.35          -0.054           -0.01       1.1568751    -0.049424908     -0.02726593     -0.13874513
           0.35          -0.054          -0.006       1.2605785    -0.056856423    -0.018149688     -0.13608013
           0.35          -0.054          -0.002       1.3463931    -0.063199503   -0.0087238683     -0.13370939
           0.35          -0.054           0.002       1.4067003    -0.067779903   0.00082871235        -0.13182
           0.35          -0.054           0.006       1.4345405    -0.070057472     0.010282183     -0.13065462
           0.35          -0.054            0.01       1.4257009    -0.069901404     0.019311193     -0.13037119
           0.35          -0.054           0.014       1.3803899    -0.067770445     0.027633745     -0.13097691
           0.35          -0.054           0.018        1.303437    -0.064393122     0.035115574      -0.1323909
           0.35          -0.054           0.022       1.2026446    -0.060539448     0.041719058     -0.13440479
           0.35          -0.054           0.026       1.0863928    -0.056713917     0.047418855     -0.13686034
           0.35          -0.054            0.03      0.96205914    -0.053242107     0.052142539     -0.13958616
           0.35          -0.054           0.034      0.83524617     -0.05028188     0.055833281     -0.14244468
           0.35          -0.054           0.038      0.70992879    -0.047877192     0.058468273     -0.14531666
           0.35          -0.054           0.042       0.5892308    -0.045995868     0.060047697     -0.14813373
           0.35          -0.054           0.046      0.47597188    -0.044535684      0.06055433     -0.15092254
           0.35          -0.054            0.05      0.37223083    -0.043315177     0.059980033     -0.15361881
           0.35          -0.054           0.054      0.27765335    -0.042299474     0.058582761     -0.15556922
           0.35          -0.054           0.058      0.18995319    -0.041419624     0.056519203     -0.15666911
           0.35          -0.054           0.062      0.10803465    -0.040744521      0.05402863     -0.15732862
           0.35          -0.054           0.066      0.03171759    -0.040160359     0.051129474      -0.1575496
           0.35          -0.054            0.07    -0.039195433    -0.039588758     0.047830307     -0.15731087
           0.35          -0.054           0.074      -0.1049179    -0.038970081      0.04413654     -0.15662331
           0.35          -0.054           0.078     -0.16570745    -0.038258945     0.040027461     -0.15551378
           0.35          -0.054           0.082      -0.2219385    -0.037431345     0.035425797     -0.15401097
           0.35          -0.054           0.086       -0.274197     -0.03647551     0.030179292     -0.15211354
           0.35          -0.054            0.09     -0.32350099    -0.035358411     0.023986856     -0.14978454
           0.35          -0.054           0.094     -0.37178447    -0.033849538     0.016576403     -0.14677859
           0.35          -0.054           0.098     -0.41331104    -0.030977146    0.0089797534     -0.14329019
           0.35           -0.05          -0.098     -0.43947794    -0.035705471   -0.0096912487     -0.14997468
           0.35           -0.05          -0.094     -0.40953695    -0.039301845    -0.017069021     -0.15361354
           0.35           -0.05           -0.09     -0.36683922     -0.04129651    -0.023427129     -0.15669282
           0.35           -0.05          -0.086     -0.32212271    -0.042483535    -0.028230127     -0.15905242
           0.35           -0.05          -0.082      -0.2746363    -0.042993548     -0.03192493     -0.16106738
           0.35           -0.05          -0.078     -0.22397063    -0.042758703    -0.034992476     -0.16276789
           0.35           -0.05          -0.074     -0.16999566    -0.041731382    -0.037701127     -0.16414836
           0.35           -0.05           -0.07     -0.11267725    -0.039914101    -0.040225141     -0.16517871
           0.35           -0.05          -0.066    -0.052017031     -0.03737774    -0.042665029      -0.1658296
           0.35           -0.05          -0.062     0.012016276    -0.034264296    -0.045065312     -0.16608335
           0.35           -0.05          -0.058     0.079524981    -0.030781062    -0.047426024     -0.16593721
           0.35           -0.05          -0.054      0.15069621     -0.02718351    -0.049711566     -0.16539352
           0.35           -0.05           -0.05      0.22583051     -0.02377917    -0.051835986     -0.16446818
           0.35           -0.05          -0.046       0.3053332    -0.020921031    -0.053675969     -0.16319738
           0.35           -0.05          -0.042      0.38971598    -0.018930048    -0.055008399     -0.16149047
           0.35           -0.05          -0.038      0.48105575    -0.017997385     -0.05543759     -0.15898728
           0.35           -0.05          -0.034      0.58202913    -0.018357068    -0.054563703     -0.15596793
           0.35           -0.05           -0.03      0.69289112    -0.020205959    -0.052100976      -0.1529875
           0.35           -0.05          -0.026      0.81221489    -0.023691261     -0.04807447     -0.15007523
           0.35           -0.05          -0.022      0.93767975    -0.028732298    -0.042637104     -0.14716971
           0.35           -0.05          -0.018       1.0663979    -0.035026559    -0.036016661     -0.14425881
           0.35           -0.05          -0.014       1.1946756      -0.0421038    -0.028509715     -0.14137205
           0.35           -0.05           -0.01       1.3176119    -0.049410223    -0.020452362      -0.1385544
           0.35           -0.05          -0.006        1.429068    -0.056354786    -0.012130129     -0.13587239
           0.35           -0.05          -0.002       1.5217496    -0.062296526   -0.0037252956     -0.13345531
           0.35           -0.05           0.002       1.5876333    -0.066603153    0.0046866091     -0.13147625
           0.35           -0.05           0.006       1.6180652    -0.068660072     0.012943534     -0.13029423
           0.35           -0.05            0.01       1.6071132    -0.068274137     0.020704626     -0.12999045
           0.35           -0.05           0.014       1.5553975    -0.066056567      0.02777374     -0.13053833
           0.35           -0.05           0.018       1.4698227      -0.0628875     0.034085373     -0.13195169
           0.35           -0.05           0.022       1.3598434    -0.059534778     0.039696239     -0.13390086
           0.35           -0.05           0.026       1.2344064     -0.05638355     0.044651584     -0.13627799
           0.35           -0.05            0.03       1.1009009    -0.053663959     0.048861127     -0.13892987
           0.35           -0.05           0.034      0.96466681    -0.051469008     0.052237622     -0.14173138
           0.35           -0.05           0.038      0.82933207    -0.049774901     0.054711702     -0.14457288
           0.35           -0.05           0.042      0.69754477    -0.048500657     0.056246668     -0.14735554
           0.35           -0.05           0.046      0.57182572    -0.047543752     0.056822861     -0.15002858
           0.35           -0.05            0.05      0.45479442    -0.046741513     0.056412842     -0.15263252
           0.35           -0.05           0.054      0.34835463    -0.045879363     0.055038215     -0.15505582
           0.35           -0.05           0.058      0.25151666    -0.044953732     0.052979777     -0.15662348
           0.35           -0.05           0.062      0.16192674    -0.043973165     0.050372979     -0.15731183
           0.35           -0.05           0.066     0.078769577    -0.042993379     0.047415968     -0.15757489
           0.35           -0.05            0.07    0.0018076219    -0.041948621     0.044104697     -0.15739906
           0.35           -0.05           0.074    -0.069239614     -0.04081703     0.040445453     -0.15677535
           0.35           -0.05           0.078     -0.13473586    -0.039580341     0.036433756     -0.15573174
           0.35           -0.05           0.082     -0.19520028    -0.038228549     0.032013276      -0.1543042
           0.35           -0.05           0.086     -0.25141342      -0.0367446     0.027056825     -0.15250343
           0.35           -0.05            0.09     -0.30466941     -0.03506265     0.021320659     -0.15030532
           0.35           -0.05           0.094     -0.35738607    -0.032853512     0.014535646     -0.14754951
           0.35           -0.05           0.098     -0.40543026    -0.028742028    0.0080135777     -0.14431469
           0.35          -0.046          -0.098     -0.43446864    -0.034158432   -0.0087169223     -0.15123569
           0.35          -0.046          -0.094     -0.39736638    -0.038924067    -0.014567123     -0.15462362
           0.35          -0.046           -0.09     -0.35018146    -0.041581333     -0.02006335     -0.15734593
           0.35          -0.046          -0.086     -0.30159359    -0.043217162    -0.024178855     -0.15951071
           0.35          -0.046          -0.082     -0.25035582    -0.044070072    -0.027397529     -0.16139203
           0.35          -0.046          -0.078     -0.19582479     -0.04411969    -0.030132722     -0.16300318
           0.35          -0.046          -0.074      -0.1377251    -0.043336633    -0.032623853     -0.16432484
           0.35          -0.046           -0.07    -0.075932845    -0.041728421     -0.03502256     -0.16531688
           0.35          -0.046          -0.066      -0.0103922    -0.039366236    -0.037411835     -0.16594111
           0.35          -0.046          -0.062     0.058967633    -0.036389981     -0.03981936      -0.1661764
           0.35          -0.046          -0.058      0.13226555    -0.032995144    -0.042237138     -0.16601043
           0.35          -0.046          -0.054      0.20971636    -0.029440855    -0.044608338     -0.16544504
           0.35          -0.046           -0.05      0.29165375    -0.026053278    -0.046831641     -0.16450728
           0.35          -0.046          -0.046      0.37851708    -0.023174969     -0.04871666     -0.16313754
           0.35          -0.046          -0.042      0.47221712    -0.021000514    -0.049867398     -0.16093179
           0.35          -0.046          -0.038      0.57538404    -0.019811573    -0.049912371      -0.1580956
           0.35          -0.046          -0.034      0.68850035    -0.019864383    -0.048493906     -0.15524234
           0.35          -0.046           -0.03      0.81043831    -0.021424998    -0.045565435     -0.15242248
           0.35          -0.046          -0.026      0.93939409    -0.024558525    -0.041225852     -0.14959192
           0.35          -0.046          -0.022         1.07323    -0.029130767    -0.035660432     -0.14674669
           0.35          -0.046          -0.018       1.2093073    -0.034833695    -0.029119387     -0.14390012
           0.35          -0.046          -0.014       1.3440113    -0.041214611    -0.021927814     -0.14109429
           0.35          -0.046           -0.01       1.4726359     -0.04779257    -0.014442245     -0.13835204
           0.35          -0.046          -0.006       1.5895559    -0.054059575   -0.0069298862     -0.13569095
           0.35          -0.046          -0.002       1.6882519    -0.059454408   0.00043806276     -0.13329283
           0.35          -0.046           0.002       1.7611155    -0.063290565    0.0076571427      -0.1311214
           0.35          -0.046           0.006       1.7963678    -0.064854976     0.014801288     -0.12963477
           0.35          -0.046            0.01       1.7826926    -0.064375324     0.021469373     -0.12938453
           0.35          -0.046           0.014       1.7220285    -0.062574692      0.02743439     -0.13020451
           0.35          -0.046           0.018       1.6268333     -0.05997391     0.032645282     -0.13169007
           0.35          -0.046           0.022       1.5086652    -0.057365368     0.037426734      -0.1335197
           0.35          -0.046           0.026       1.3763047    -0.055076133     0.041797783     -0.13574732
           0.35          -0.046            0.03       1.2363152    -0.053219314     0.045636437     -0.13825638
           0.35          -0.046           0.034       1.0932402    -0.051852395      0.04881446     -0.14092306
           0.35          -0.046           0.038      0.94999722    -0.050914725     0.051240085     -0.14366952
           0.35          -0.046           0.042      0.80883034    -0.050278086     0.052823365     -0.14641133
           0.35          -0.046           0.046       0.6720408    -0.049817129     0.053499227     -0.14904373
           0.35          -0.046            0.05      0.54241106    -0.049403716     0.053249203     -0.15152743
           0.35          -0.046           0.054      0.42275434    -0.048841688     0.052070441     -0.15390976
           0.35          -0.046           0.058      0.31475221    -0.047925137     0.050032126      -0.1559781
           0.35          -0.046           0.062      0.21667879    -0.046748677     0.047449676     -0.15704108
           0.35          -0.046           0.066      0.12624251    -0.045369774     0.044390369     -0.15735468
           0.35          -0.046            0.07     0.042896122    -0.043862657     0.041026223     -0.15725722
           0.35          -0.046           0.074    -0.033712178    -0.042238675      0.03735338     -0.15671919
           0.35          -0.046           0.078     -0.10404984    -0.040510264     0.033381113     -0.15576313
           0.35          -0.046           0.082     -0.16878855     -0.03868504     0.029076323     -0.15443021
           0.35          -0.046           0.086     -0.22891567    -0.036747565     0.024337538     -0.15274194
           0.35          -0.046            0.09     -0.28602766    -0.034611434     0.018967831     -0.15067817
           0.35          -0.046           0.094     -0.34308517    -0.031883672     0.012733228     -0.14812859
           0.35          -0.046           0.098     -0.39733349    -0.026789283    0.0069326081     -0.14519709
           0.35          -0.042          -0.098     -0.42832646    -0.032919101   -0.0075377051     -0.15236551
           0.35          -0.042          -0.094     -0.38460501    -0.038736052     -0.01220949     -0.15541138
           0.35          -0.042           -0.09     -0.33304663    -0.041875712    -0.016908869     -0.15780191
           0.35          -0.042          -0.086     -0.28060609    -0.043842568    -0.020437293     -0.15977003
           0.35          -0.042          -0.082     -0.22556897    -0.044959109    -0.023268389     -0.16151311
           0.35          -0.042          -0.078     -0.16704994     -0.04523907    -0.025756696     -0.16302889
           0.35          -0.042          -0.074     -0.10462349    -0.044663098    -0.028111923      -0.1642836
           0.35          -0.042           -0.07    -0.038074569    -0.043239416    -0.030462554     -0.16522629
           0.35          -0.042          -0.066     0.032709049     -0.04103478    -0.032869743     -0.16581062
           0.35          -0.042          -0.062       0.1078209    -0.038175549    -0.035348865      -0.1660097
           0.35          -0.042          -0.058      0.18739043    -0.034850077    -0.037874722     -0.16580835
           0.35          -0.042          -0.054      0.27164189     -0.03132899    -0.040374139     -0.16522381
           0.35          -0.042           -0.05      0.36092124    -0.027939985     -0.04269399     -0.16421284
           0.35          -0.042          -0.046       0.4569735    -0.024867419    -0.044457679     -0.16234302
           0.35          -0.042          -0.042      0.56232777    -0.022415586    -0.045328966     -0.15975639
           0.35          -0.042          -0.038      0.67755967    -0.020889648    -0.044887102     -0.15707946
           0.35          -0.042          -0.034      0.80152705    -0.020653766    -0.043001766     -0.15438814
           0.35          -0.042           -0.03      0.93251915    -0.021876307    -0.039697351     -0.15166174
           0.35          -0.042          -0.026       1.0686963    -0.024533646    -0.035120014     -0.14892005
           0.35          -0.042          -0.022       1.2081166    -0.028490556    -0.029502714     -0.14618402
           0.35          -0.042          -0.018        1.348329    -0.033460697     -0.02309242     -0.14346088
           0.35          -0.042          -0.014       1.4859535    -0.039008921      -0.0162249     -0.14081785
           0.35          -0.042           -0.01       1.6170575    -0.044745744   -0.0092460841      -0.1382095
           0.35          -0.042          -0.006          1.7376    -0.050118624   -0.0024636883     -0.13556459
           0.35          -0.042          -0.002       1.8446969    -0.054405975    0.0041330698     -0.13292539
           0.35          -0.042           0.002       1.9302481    -0.057214287     0.010325846     -0.13049983
           0.35          -0.042           0.006       1.9751105    -0.058126731     0.016129923     -0.12882213
           0.35          -0.042            0.01       1.9574179    -0.057668612     0.021418376     -0.12853191
           0.35          -0.042           0.014       1.8822151     -0.05674637     0.026284855     -0.12950924
           0.35          -0.042           0.018       1.7728103    -0.055532983     0.030763278     -0.13122898
           0.35          -0.042           0.022       1.6458992    -0.054292838     0.035064526     -0.13326144
           0.35          -0.042           0.026       1.5088924    -0.053038371     0.039007914     -0.13529092
           0.35          -0.042            0.03       1.3655589    -0.052089207     0.042629274     -0.13762284
           0.35          -0.042           0.034       1.2189184    -0.051534418     0.045713249     -0.14009002
           0.35          -0.042           0.038       1.0704856    -0.051320051     0.048183009     -0.14266367
           0.35          -0.042           0.042       0.9218577    -0.051286393     0.049914735     -0.14530722
           0.35          -0.042           0.046      0.77544257    -0.051291759     0.050770761      -0.1479001
           0.35          -0.042            0.05      0.63423299    -0.051229722     0.050716157     -0.15034196
           0.35          -0.042           0.054      0.50162136    -0.050931582     0.049763137     -0.15263665
           0.35          -0.042           0.058      0.38058797    -0.050177903     0.047905918      -0.1548303
           0.35          -0.042           0.062      0.27217936    -0.048874154     0.045374149     -0.15637207
           0.35          -0.042           0.066      0.17394253     -0.04710711      0.04223645     -0.15690609
           0.35          -0.042            0.07     0.083850852    -0.045159814     0.038766163      -0.1569122
           0.35          -0.042           0.074    0.0014400453    -0.043083339     0.035025661     -0.15648312
           0.35          -0.042           0.078    -0.073871439    -0.040916228     0.031029852     -0.15563834
           0.35          -0.042           0.082     -0.14291441    -0.038687937     0.026766099      -0.1544195
           0.35          -0.042           0.086     -0.20688894    -0.036391327     0.022160242     -0.15285955
           0.35          -0.042            0.09     -0.26770085    -0.033923017     0.017055343     -0.15093881
           0.35          -0.042           0.094     -0.32894121    -0.030815126     0.011275802     -0.14855266
           0.35          -0.042           0.098     -0.38941766    -0.025060144    0.0058530108     -0.14590964
           0.35          -0.038          -0.098     -0.42144386    -0.032077237   -0.0063189959     -0.15331399
           0.35          -0.038          -0.094      -0.3714034     -0.03864166    -0.010100753     -0.15597304
           0.35          -0.038           -0.09      -0.3154806    -0.042076789    -0.014114931     -0.15807247
           0.35          -0.038          -0.086     -0.25920618    -0.044249728     -0.01717555     -0.15985366
           0.35          -0.038          -0.082     -0.20032917    -0.045541742    -0.019721168     -0.16145792
           0.35          -0.038          -0.078     -0.13769551    -0.045988706     -0.02205652      -0.1628717
           0.35          -0.038          -0.074    -0.070723582    -0.045575322    -0.024362472     -0.16404806
           0.35          -0.038           -0.07   0.00089293145    -0.044305659      -0.0267417     -0.16492544
           0.35          -0.038          -0.066     0.077316316    -0.042236319    -0.029233863     -0.16545358
           0.35          -0.038          -0.062      0.15864974    -0.039473534    -0.031841594     -0.16559771
           0.35          -0.038          -0.058      0.24501805    -0.036209133    -0.034521189     -0.16536231
           0.35          -0.038          -0.054      0.33663628    -0.032724149    -0.037166362     -0.16472056
           0.35          -0.038           -0.05       0.4350411    -0.029155788    -0.039420113     -0.16321429
           0.35          -0.038          -0.046      0.54264855    -0.025798872    -0.041005164     -0.16092639
           0.35          -0.038          -0.042      0.66010373    -0.022994052     -0.04146538     -0.15849011
           0.35          -0.038          -0.038      0.78625465    -0.021207418    -0.040587581     -0.15597493
           0.35          -0.038          -0.034      0.91922339    -0.020697555    -0.038282347     -0.15336057
           0.35          -0.038           -0.03       1.0568589    -0.021522557    -0.034639989     -0.15072133
           0.35          -0.038          -0.026       1.1972824    -0.023626902    -0.029887635     -0.14812174
           0.35          -0.038          -0.022       1.3388409    -0.026906293    -0.024274183      -0.1455564
           0.35          -0.038          -0.018       1.4795618    -0.031111444    -0.018004822     -0.14299919
           0.35          -0.038          -0.014       1.6168557    -0.035818998    -0.011405187     -0.14058316
           0.35          -0.038           -0.01       1.7489821    -0.040441098   -0.0046532846     -0.13784431
           0.35          -0.038          -0.006       1.8754307     -0.04444725    0.0018846069     -0.13506628
           0.35          -0.038          -0.002       1.9942557    -0.047079726     0.007999791     -0.13230838
           0.35          -0.038           0.002       2.0956115    -0.047773451     0.013111036     -0.12994678
           0.35          -0.038           0.006       2.1529798    -0.046912616     0.016979839     -0.12818404
           0.35          -0.038            0.01       2.1290371    -0.047008694     0.020321738     -0.12793122
           0.35          -0.038           0.014       2.0368165    -0.048386458     0.024053073     -0.12882305
           0.35          -0.038           0.018       1.9113904    -0.049623285      0.02827224     -0.13045344
           0.35          -0.038           0.022       1.7733073    -0.050261864     0.032470437     -0.13264527
           0.35          -0.038           0.026       1.6309413    -0.050498568     0.036448499     -0.13484337
           0.35          -0.038            0.03       1.4864484     -0.05055272       0.0400005     -0.13708476
           0.35          -0.038           0.034       1.3396182    -0.050693768     0.043068386     -0.13931706
           0.35          -0.038           0.038       1.1891116    -0.051075447      0.04562783     -0.14163567
           0.35          -0.038           0.042       1.0354018    -0.051523349     0.047569838     -0.14410079
           0.35          -0.038           0.046      0.88082106    -0.051919131     0.048710194     -0.14661968
           0.35          -0.038            0.05      0.72914475    -0.052142528     0.048918658     -0.14903133
           0.35          -0.038           0.054      0.58425177    -0.052041622     0.048202997     -0.15125739
           0.35          -0.038           0.058       0.4498635    -0.051421399     0.046584838     -0.15336114
           0.35          -0.038           0.062      0.32901735    -0.050063101     0.044097701     -0.15527176
           0.35          -0.038           0.066      0.22153271    -0.048044112      0.04100598     -0.15630235
           0.35          -0.038            0.07      0.12435731    -0.045674008     0.037412615     -0.15642991
           0.35          -0.038           0.074     0.035916068    -0.043191039     0.033552457     -0.15610517
           0.35          -0.038           0.078    -0.044490254    -0.040647104     0.029468098     -0.15538437
           0.35          -0.038           0.082     -0.11785865    -0.038092515     0.025159124     -0.15428702
           0.35          -0.038           0.086     -0.18561041    -0.035530274     0.020577742     -0.15284698
           0.35          -0.038            0.09     -0.24993833    -0.032842804       0.0156119     -0.15105399
           0.35          -0.038           0.094     -0.31495215     -0.02950556     0.010099297     -0.14886853
           0.35          -0.038           0.098     -0.38103127    -0.023492467    0.0052217583     -0.14648749
           0.35          -0.034          -0.098      -0.4143842    -0.031508232    -0.005200234     -0.15404085
           0.35          -0.034          -0.094     -0.35772162    -0.038516735   -0.0083699296     -0.15634154
           0.35          -0.034           -0.09     -0.29750985    -0.042065677    -0.011815235      -0.1582004
           0.35          -0.034          -0.086     -0.23749333    -0.044311658    -0.014530161     -0.15979932
           0.35          -0.034          -0.082     -0.17476035    -0.045682652    -0.016898776      -0.1612602
           0.35          -0.034          -0.078     -0.10788782    -0.046227559    -0.019179387     -0.16256307
           0.35          -0.034          -0.074    -0.036141699     -0.04592913    -0.021522554     -0.16364747
           0.35          -0.034           -0.07     0.040874194    -0.044782904    -0.024002084     -0.16444133
           0.35          -0.034          -0.066      0.12336175    -0.042822391    -0.026641319     -0.16489394
           0.35          -0.034          -0.062      0.21142658    -0.040148471    -0.029426303     -0.16498605
           0.35          -0.034          -0.058      0.30517362    -0.036964674    -0.032290753     -0.16469532
           0.35          -0.034          -0.054      0.40588441    -0.033346978    -0.034926732      -0.1635608
           0.35          -0.034           -0.05      0.51583146    -0.029518315    -0.037103285     -0.16160682
           0.35          -0.034          -0.046      0.63564367    -0.025816725    -0.038358644     -0.15945727
           0.35          -0.034          -0.042      0.76421212    -0.022782132     -0.03841983     -0.15717142
           0.35          -0.034          -0.038      0.89961698     -0.02080253    -0.037103436      -0.1547178
           0.35          -0.034          -0.034       1.0393015    -0.020034865    -0.034386996     -0.15217561
           0.35          -0.034           -0.03       1.1807388    -0.020446603    -0.030439365      -0.1496722
           0.35          -0.034          -0.026       1.3218832    -0.022000944    -0.025568931     -0.14730629
           0.35          -0.034          -0.022       1.4621324    -0.024657475    -0.019977931     -0.14496554
           0.35          -0.034          -0.018       1.6008338     -0.02812301    -0.013845654     -0.14253709
           0.35          -0.034          -0.014       1.7381525    -0.031788692   -0.0071999658     -0.13997176
           0.35          -0.034           -0.01       1.8741061    -0.035112384  -0.00034677486     -0.13711762
           0.35          -0.034          -0.006       2.0070695    -0.037235525    0.0063471467     -0.13455556
           0.35          -0.034          -0.002       2.1323699     -0.03758366     0.012073573     -0.13207714
           0.35          -0.034           0.002        2.239854    -0.035422279     0.015834572     -0.12979306
           0.35          -0.034           0.006       2.2973252    -0.033105629      0.01696411     -0.12828219
           0.35          -0.034            0.01       2.2702412    -0.034397152     0.018070782     -0.12799079
           0.35          -0.034           0.014       2.1739105    -0.038535506     0.020934027     -0.12865702
           0.35          -0.034           0.018       2.0422175    -0.042412654     0.025127632     -0.13002318
           0.35          -0.034           0.022       1.8970382    -0.045313885     0.029590632     -0.13181533
           0.35          -0.034           0.026       1.7482339     -0.04729741     0.033920521     -0.13394532
           0.35          -0.034            0.03       1.6004418    -0.048587901     0.037766497     -0.13632117
           0.35          -0.034           0.034       1.4543252    -0.049500996     0.041031775     -0.13864967
           0.35          -0.034           0.038       1.3046848    -0.050262065      0.04365709     -0.14064553
           0.35          -0.034           0.042       1.1480449      -0.0510357     0.045852281     -0.14286638
           0.35          -0.034           0.046       0.9870439     -0.05166875      0.04734087     -0.14525052
           0.35          -0.034            0.05      0.82598544    -0.052051103      0.04789005     -0.14761247
           0.35          -0.034           0.054      0.66945688    -0.052045882     0.047458928     -0.14981471
           0.35          -0.034           0.058      0.52192355     -0.05147447     0.046081273     -0.15184104
           0.35          -0.034           0.062       0.3875663    -0.050139018     0.043771474     -0.15375489
           0.35          -0.034           0.066      0.26898945    -0.047945597     0.040649469     -0.15529501
           0.35          -0.034            0.07      0.16398818    -0.045251235     0.037021876     -0.15583497
           0.35          -0.034           0.074     0.069308232    -0.042401484     0.032969739     -0.15562313
           0.35          -0.034           0.078    -0.016273885    -0.039546226     0.028725749     -0.15503498
           0.35          -0.034           0.082    -0.093955572    -0.036743015     0.024288881     -0.15406974
           0.35          -0.034           0.086     -0.16539519    -0.034002652     0.019632406      -0.1527465
           0.35          -0.034            0.09     -0.23307825    -0.031207428     0.014687259     -0.15106491
           0.35          -0.034           0.094     -0.30157184    -0.027843193    0.0093308419      -0.1490462
           0.35          -0.034           0.098     -0.37236179    -0.021914532    0.0047606122     -0.14687455
           0.35           -0.03          -0.098     -0.40601318    -0.031115693   -0.0044106633     -0.15455071
           0.35           -0.03          -0.094     -0.34367232    -0.038143818   -0.0069733784     -0.15654406
           0.35           -0.03           -0.09     -0.27944285     -0.04166162    -0.010040097     -0.15816549
           0.35           -0.03          -0.086     -0.21573449    -0.043868184    -0.012559709     -0.15960931
           0.35           -0.03          -0.082     -0.14910452    -0.045229881    -0.014877885     -0.16094182
           0.35           -0.03          -0.078    -0.077863748    -0.045807015    -0.017209367      -0.1621315
           0.35           -0.03          -0.074   -0.0011142018     -0.04557766    -0.019674644     -0.16310948
           0.35           -0.03           -0.07     0.081637494    -0.044524528    -0.022321774     -0.16380717
           0.35           -0.03          -0.066       0.1706333    -0.042662027     -0.02516323     -0.16418764
           0.35           -0.03          -0.062       0.2659722    -0.040103386    -0.028170185     -0.16421541
           0.35           -0.03          -0.058       0.3686528    -0.036860478    -0.031090015     -0.16343644
           0.35           -0.03          -0.054      0.48091487    -0.033024106     -0.03374188     -0.16182213
           0.35           -0.03           -0.05      0.60341824    -0.028876059    -0.035682159     -0.15997211
           0.35           -0.03          -0.046      0.73478175    -0.024996605    -0.036599773     -0.15795811
           0.35           -0.03          -0.042      0.87301929     -0.02186324    -0.036229037     -0.15572475
           0.35           -0.03          -0.038       1.0156639    -0.019753797    -0.034428695     -0.15332338
           0.35           -0.03          -0.034        1.159583    -0.018747921    -0.031271904     -0.15089492
           0.35           -0.03           -0.03        1.301425    -0.018817953       -0.027088     -0.14863179
           0.35           -0.03          -0.026        1.439979    -0.019944561    -0.022174918     -0.14657985
           0.35           -0.03          -0.022       1.5776385    -0.021881309    -0.016490912       -0.144182
           0.35           -0.03          -0.018       1.7165482    -0.024408476    -0.010181939     -0.14161102
           0.35           -0.03          -0.014       1.8570177    -0.026876405   -0.0032777745     -0.13899684
           0.35           -0.03           -0.01       1.9964479    -0.028569395    0.0038701538     -0.13644256
           0.35           -0.03          -0.006       2.1302018    -0.028819909     0.010503035     -0.13417468
           0.35           -0.03          -0.002       2.2493081    -0.026948991     0.015750244     -0.13190327
           0.35           -0.03           0.002       2.3301013    -0.023983803     0.017036813     -0.13041225
           0.35           -0.03           0.006       2.3594216    -0.023616236     0.015635033     -0.12939011
           0.35           -0.03            0.01       2.3461536    -0.025302579     0.015937351      -0.1289475
           0.35           -0.03           0.014       2.2795622    -0.029429402     0.017927242     -0.12887416
           0.35           -0.03           0.018       2.1613052    -0.034811237     0.022033392     -0.12976967
           0.35           -0.03           0.022       2.0177573    -0.039508617     0.026707773     -0.13115635
           0.35           -0.03           0.026       1.8665502    -0.043256366     0.031400169     -0.13292934
           0.35           -0.03            0.03       1.7150326    -0.045987651     0.035839169     -0.13502262
           0.35           -0.03           0.034       1.5662766      -0.0476831     0.039468806     -0.13753642
           0.35           -0.03           0.038       1.4169084    -0.048849946     0.042432649     -0.13965033
           0.35           -0.03           0.042       1.2589724     -0.04977439     0.044818819     -0.14160744
           0.35           -0.03           0.046       1.0928298    -0.050470936     0.046661084     -0.14383166
           0.35           -0.03            0.05      0.92324897     -0.05086084     0.047599769     -0.14612292
           0.35           -0.03           0.054      0.75562855     -0.05083443     0.047505332     -0.14831333
           0.35           -0.03           0.058      0.59531487    -0.050223971      0.04639364     -0.15033133
           0.35           -0.03           0.062      0.44740582    -0.048860728     0.044291176     -0.15223454
           0.35           -0.03           0.066      0.31619605    -0.046633953     0.041222107     -0.15401231
           0.35           -0.03            0.07      0.20211452     -0.04370593     0.037506961     -0.15502235
           0.35           -0.03           0.074      0.10108102    -0.040545746     0.033244609     -0.15505699
           0.35           -0.03           0.078     0.010320964    -0.037464538     0.028761573     -0.15461997
           0.35           -0.03           0.082    -0.071594834    -0.034502934     0.024122734     -0.15380161
           0.35           -0.03           0.086     -0.14657419    -0.031676614      0.01930552     -0.15260082
           0.35           -0.03            0.09     -0.21739249    -0.028879886     0.014274864     -0.15101929
           0.35           -0.03           0.094     -0.28903297    -0.025634212    0.0089399838     -0.14911328
           0.35           -0.03           0.098     -0.36398992    -0.020032543     0.004437795     -0.14708866
           0.35          -0.026          -0.098     -0.39714522    -0.030565371   -0.0037680554     -0.15483072
           0.35          -0.026          -0.094       -0.329554    -0.037359537    -0.005989608     -0.15657699
           0.35          -0.026           -0.09     -0.26154798    -0.040684129   -0.0088344521     -0.15801591
           0.35          -0.026          -0.086     -0.19423369    -0.042751958    -0.011298792     -0.15932971
           0.35          -0.026          -0.082     -0.12369488     -0.04403097     -0.01368527     -0.16054118
           0.35          -0.026          -0.078    -0.047983076    -0.044584376    -0.016165795      -0.1616122
           0.35          -0.026          -0.074     0.033975531    -0.044386799    -0.018830744     -0.16247061
           0.35          -0.026           -0.07      0.12278461    -0.043404853    -0.021714148     -0.16306895
           0.35          -0.026          -0.066      0.21873805    -0.041652657    -0.024818076     -0.16336421
           0.35          -0.026          -0.062      0.32252762    -0.039106186    -0.027939784      -0.1629446
           0.35          -0.026          -0.058      0.43651768    -0.035708912    -0.030965988     -0.16166009
           0.35          -0.026          -0.054       0.5617885    -0.031583316    -0.033485682     -0.16008443
           0.35          -0.026           -0.05      0.69659916    -0.027298438    -0.035169654     -0.15833575
           0.35          -0.026          -0.046      0.83854291    -0.023412913     -0.03570866     -0.15635169
           0.35          -0.026          -0.042      0.98504505    -0.020300305    -0.034848042     -0.15414606
           0.35          -0.026          -0.038       1.1329315    -0.018147261    -0.032529076     -0.15183913
           0.35          -0.026          -0.034       1.2783639    -0.016979234    -0.028968403      -0.1496201
           0.35          -0.026           -0.03        1.418053    -0.016794332    -0.024615834     -0.14766033
           0.35          -0.026          -0.026       1.5540355    -0.017421148    -0.019503496     -0.14545043
           0.35          -0.026          -0.022       1.6920176    -0.018568877    -0.013564678     -0.14290993
           0.35          -0.026          -0.018       1.8333974    -0.019859151   -0.0068003125     -0.14045958
           0.35          -0.026          -0.014       1.9757528    -0.020862262    0.0004026276     -0.13801999
           0.35          -0.026           -0.01       2.1145195    -0.020977803    0.0076446658     -0.13565542
           0.35          -0.026          -0.006       2.2403006    -0.019418058      0.01390164     -0.13353303
           0.35          -0.026          -0.002       2.3304357    -0.016492357     0.017297732     -0.13179183
           0.35          -0.026           0.002        2.361875    -0.016037215     0.015827728     -0.13064894
           0.35          -0.026           0.006       2.3734856    -0.017911793     0.014427335     -0.12962764
           0.35          -0.026            0.01       2.3723319    -0.019999072     0.015116096     -0.12934068
           0.35          -0.026           0.014        2.345132    -0.022400426     0.016328182     -0.12921314
           0.35          -0.026           0.018       2.2644546     -0.02699484     0.019369319     -0.12951772
           0.35          -0.026           0.022       2.1345746     -0.03296757     0.023890259     -0.13057424
           0.35          -0.026           0.026       1.9857535    -0.038389495     0.028864777     -0.13197095
           0.35          -0.026            0.03       1.8326056    -0.042522446       0.0339432     -0.13381336
           0.35          -0.026           0.034       1.6797968    -0.045161578     0.038363761     -0.13618072
           0.35          -0.026           0.038       1.5275798    -0.046642219     0.041799835     -0.13847247
           0.35          -0.026           0.042       1.3675599    -0.047537805     0.044423822     -0.14031095
           0.35          -0.026           0.046       1.1964695    -0.048174798     0.046597367     -0.14238898
           0.35          -0.026            0.05        1.018756    -0.048441903     0.047935762     -0.14461401
           0.35          -0.026           0.054       0.8405024    -0.048285733     0.048208827     -0.14679409
           0.35          -0.026           0.058      0.66784355    -0.047561162     0.047379461     -0.14883024
           0.35          -0.026           0.062      0.50672729    -0.046120169     0.045476447     -0.15073449
           0.35          -0.026           0.066      0.36254373    -0.043863069     0.042495116     -0.15257578
           0.35          -0.026            0.07      0.23828501    -0.040830454     0.038620989     -0.15404229
           0.35          -0.026           0.074      0.13053784    -0.037507532     0.034214973     -0.15449692
           0.35          -0.026           0.078     0.034728073    -0.034297504     0.029439713     -0.15419118
           0.35          -0.026           0.082    -0.051233501    -0.031274986     0.024548013     -0.15351644
           0.35          -0.026           0.086     -0.12952533    -0.028458011     0.019506188     -0.15243848
           0.35          -0.026            0.09      -0.2032036    -0.025755103     0.014302042     -0.15094396
           0.35          -0.026           0.094     -0.27762151    -0.022732872     0.008867699     -0.14910801
           0.35          -0.026           0.098     -0.35616383     -0.01766862    0.0042803099     -0.14717249
           0.35          -0.022          -0.098     -0.38805636    -0.029626271   -0.0033393107     -0.15490879
           0.35          -0.022          -0.094     -0.31566229    -0.035968634   -0.0053886846     -0.15648021
           0.35          -0.022           -0.09      -0.2441533    -0.038981888    -0.008177519     -0.15778737
           0.35          -0.022          -0.086     -0.17337217    -0.040826941    -0.010717208     -0.15899413
           0.35          -0.022          -0.082    -0.098970159    -0.041957803    -0.013279208     -0.16009011
           0.35          -0.022          -0.078    -0.018742274    -0.042435067    -0.015995495     -0.16103528
           0.35          -0.022          -0.074     0.068575438     -0.04223026    -0.018936393     -0.16176591
           0.35          -0.022           -0.07      0.16373303    -0.041306126    -0.022133813     -0.16224635
           0.35          -0.022          -0.066       0.2672597    -0.039630102    -0.025456033     -0.16220428
           0.35          -0.022          -0.062      0.38152304    -0.036997511    -0.028741352     -0.16129496
           0.35          -0.022          -0.058      0.50870933    -0.033337374    -0.031747425     -0.15991633
           0.35          -0.022          -0.054        0.647109    -0.029085516    -0.034094125     -0.15838281
           0.35          -0.022           -0.05      0.79368695    -0.024837957     -0.03547134      -0.1566353
           0.35          -0.022          -0.046      0.94542622    -0.021075447    -0.035564371     -0.15464144
           0.35          -0.022          -0.042       1.0990544    -0.018091462    -0.034180265     -0.15247892
           0.35          -0.022          -0.038       1.2506069    -0.015994822     -0.03137064     -0.15030454
           0.35          -0.022          -0.034       1.3959096    -0.014751851    -0.027496253     -0.14832041
           0.35          -0.022           -0.03       1.5333239    -0.014275873     -0.02281828     -0.14631728
           0.35          -0.022          -0.026       1.6694143    -0.014322283    -0.017327634     -0.14396682
           0.35          -0.022          -0.022       1.8093063    -0.014416401    -0.010791983      -0.1416508
           0.35          -0.022          -0.018       1.9516508     -0.01438849   -0.0035563704     -0.13931351
           0.35          -0.022          -0.014       2.0929396    -0.013900721    0.0039529822     -0.13702455
           0.35          -0.022           -0.01       2.2245341    -0.012443907     0.011099206     -0.13476629
           0.35          -0.022          -0.006       2.3242025   -0.0098569088     0.015808474     -0.13297971
           0.35          -0.022          -0.002       2.3636134    -0.008458495     0.016270089     -0.13187991
           0.35          -0.022           0.002       2.3657102   -0.0099263955     0.014023881     -0.13070651
           0.35          -0.022           0.006       2.3724914    -0.013316213     0.013205659     -0.12978694
           0.35          -0.022            0.01       2.3783985    -0.015811318     0.013870356     -0.12953313
           0.35          -0.022           0.014       2.3733077     -0.01742926     0.015077656     -0.12950591
           0.35          -0.022           0.018       2.3396919    -0.019897866     0.016952381     -0.12956722
           0.35          -0.022           0.022       2.2443564    -0.025676006     0.020653264     -0.13010524
           0.35          -0.022           0.026       2.1054001    -0.032799292     0.025863233     -0.13115052
           0.35          -0.022            0.03       1.9526498     -0.03829634     0.031733566     -0.13260911
           0.35          -0.022           0.034       1.7947655    -0.041651165     0.037281725     -0.13478512
           0.35          -0.022           0.038        1.636226    -0.043312194     0.041390335     -0.13725307
           0.35          -0.022           0.042       1.4718953    -0.044169157     0.044502483     -0.13914501
           0.35          -0.022           0.046       1.2951827     -0.04464485     0.046995692      -0.1410161
           0.35          -0.022            0.05       1.1093819    -0.044676821     0.048735297     -0.14315628
           0.35          -0.022           0.054      0.92092712    -0.044293398     0.049373189     -0.14532013
           0.35          -0.022           0.058      0.73659416    -0.043389961     0.048835292     -0.14739154
           0.35          -0.022           0.062      0.56306519    -0.041833017      0.04713207     -0.14933586
           0.35          -0.022           0.066      0.40657688    -0.039546583     0.044256243     -0.15123021
           0.35          -0.022            0.07      0.27164814    -0.036554983     0.040284418     -0.15298391
           0.35          -0.022           0.074      0.15678736    -0.033202119     0.035670895     -0.15384071
           0.35          -0.022           0.078     0.056300139    -0.029977284     0.030597596     -0.15375071
           0.35          -0.022           0.082    -0.033377885    -0.027003309     0.025405365     -0.15323276
           0.35          -0.022           0.086     -0.11465992    -0.024295356     0.020091171     -0.15227871
           0.35          -0.022            0.09     -0.19085896    -0.021774175     0.014652546     -0.15085927
           0.35          -0.022           0.094     -0.26765552    -0.019052174    0.0090266463     -0.14906674
           0.35          -0.022           0.098     -0.34920623    -0.014693441     0.004272895     -0.14717163
           0.35          -0.018          -0.098     -0.37908652    -0.028113182   -0.0030740455     -0.15482928
           0.35          -0.018          -0.094     -0.30236611    -0.033826877   -0.0051156359     -0.15628429
           0.35          -0.018           -0.09      -0.2276637    -0.036438391   -0.0079961219     -0.15750515
           0.35          -0.018          -0.086      -0.1536189    -0.037993647    -0.010724146      -0.1586297
           0.35          -0.018          -0.082    -0.075478776    -0.038917794    -0.013547226     -0.15961889
           0.35          -0.018          -0.078    0.0092191653    -0.039266563    -0.016566732     -0.16043423
           0.35          -0.018          -0.074      0.10194101    -0.039009387    -0.019848586     -0.16103698
           0.35          -0.018           -0.07      0.20357654    -0.038128156    -0.023377298     -0.16131638
           0.35          -0.018          -0.066      0.31606364    -0.036431545    -0.026910059     -0.16082373
           0.35          -0.018          -0.062      0.44278979    -0.033600922    -0.030335382     -0.15961646
           0.35          -0.018          -0.058      0.58353031      -0.0297952    -0.033262804     -0.15821776
           0.35          -0.018          -0.054      0.73479448    -0.025570498    -0.035390688     -0.15666303
           0.35          -0.018           -0.05      0.89279401    -0.021479715    -0.036398521     -0.15487069
           0.35          -0.018          -0.046       1.0538641    -0.017935133    -0.036004904     -0.15286469
           0.35          -0.018          -0.042       1.2138977    -0.015162315    -0.034108624     -0.15076729
           0.35          -0.018          -0.038       1.3681809    -0.013205965    -0.030880597     -0.14873743
           0.35          -0.018          -0.034       1.5128572    -0.012015646    -0.026729711     -0.14691561
           0.35          -0.018           -0.03       1.6501202    -0.011275623     -0.02159142     -0.14480245
           0.35          -0.018          -0.026       1.7884219    -0.010592254    -0.015364247       -0.142541
           0.35          -0.018          -0.022       1.9292119   -0.0096687824   -0.0080440661     -0.14035874
           0.35          -0.018          -0.018       2.0702665   -0.0082721424  -7.0813454e-05     -0.13820469
           0.35          -0.018          -0.014       2.2055818   -0.0062113754    0.0079104983     -0.13606391
           0.35          -0.018           -0.01       2.3137852   -0.0033023873     0.014305753     -0.13396507
           0.35          -0.018          -0.006       2.3594338   -0.0018489073     0.015747143     -0.13287717
           0.35          -0.018          -0.002       2.3567746   -0.0011608763     0.014468575     -0.13160407
           0.35          -0.018           0.002       2.3440676   -0.0037388978     0.011828482     -0.13046375
           0.35          -0.018           0.006       2.3514803   -0.0084044775     0.010790389     -0.12980769
           0.35          -0.018            0.01       2.3670875     -0.01172757     0.010950687     -0.12955183
           0.35          -0.018           0.014       2.3780245    -0.013434413     0.011779245     -0.12960016
           0.35          -0.018           0.018       2.3729139    -0.014990812     0.013684227     -0.12981918
           0.35          -0.018           0.022       2.3316628    -0.018408266     0.016374493     -0.12983743
           0.35          -0.018           0.026       2.2227677    -0.026342432     0.021748502     -0.13029258
           0.35          -0.018            0.03       2.0733382    -0.033268051     0.028947378     -0.13147442
           0.35          -0.018           0.034       1.9085117    -0.037004382     0.035974402     -0.13340272
           0.35          -0.018           0.038        1.739738    -0.038757838     0.041153716     -0.13594291
           0.35          -0.018           0.042       1.5676566    -0.039539285     0.044952154     -0.13802783
           0.35          -0.018           0.046       1.3844954     -0.03974687     0.047747075     -0.13974368
           0.35          -0.018            0.05        1.190761    -0.039469429     0.049824699      -0.1418234
           0.35          -0.018           0.054      0.99283607    -0.038799814     0.050772233     -0.14397101
           0.35          -0.018           0.058      0.79796761    -0.037681505     0.050494349     -0.14607576
           0.35          -0.018           0.062      0.61334174    -0.036002977      0.04897266     -0.14808109
           0.35          -0.018           0.066      0.44579967    -0.033708345     0.046189214     -0.15004239
           0.35          -0.018            0.07      0.30088057    -0.030824824       0.0421447      -0.1519951
           0.35          -0.018           0.074      0.17912859    -0.027582196     0.037321655     -0.15318175
           0.35          -0.018           0.078     0.074377095     -0.02448063     0.031973838     -0.15334646
           0.35          -0.018           0.082    -0.018565154     -0.02168506     0.026468174     -0.15298024
           0.35          -0.018           0.086     -0.10240884    -0.019193967     0.020869304      -0.1521427
           0.35          -0.018            0.09     -0.18071638    -0.016941645     0.015177333     -0.15078578
           0.35          -0.018           0.094     -0.25945095    -0.014593537    0.0093084053     -0.14902947
           0.35          -0.018           0.098     -0.34339527    -0.011018453    0.0044493644      -0.1471336
           0.35          -0.014          -0.098     -0.37058458    -0.025912294   -0.0029099556     -0.15464081
           0.35          -0.014          -0.094      -0.2900931    -0.030838705   -0.0051041751     -0.15602385
           0.35          -0.014           -0.09     -0.21255167    -0.032988479   -0.0081814926     -0.15719992
           0.35          -0.014          -0.086     -0.13551951     -0.03420478    -0.011177315      -0.1582657
           0.35          -0.014          -0.082    -0.053865481     -0.03487268    -0.014317777     -0.15915997
           0.35          -0.014          -0.078     0.035129555    -0.035044313    -0.017683945     -0.15985736
           0.35          -0.014          -0.074      0.13316252    -0.034690454    -0.021353042     -0.16035027
           0.35          -0.014           -0.07      0.24169403    -0.033762974    -0.025147799      -0.1602526
           0.35          -0.014          -0.066      0.36447647    -0.031937231    -0.028959282     -0.15931808
           0.35          -0.014          -0.062      0.50432462     -0.02893064     -0.03244538     -0.15800753
           0.35          -0.014          -0.058      0.65846091    -0.025105193    -0.035261651     -0.15656909
           0.35          -0.014          -0.054      0.82235913    -0.021016067    -0.037120817     -0.15494549
           0.35          -0.014           -0.05      0.99163474    -0.017161427    -0.037715127     -0.15309752
           0.35          -0.014          -0.046       1.1618311    -0.013902189     -0.03683015     -0.15110648
           0.35          -0.014          -0.042       1.3279209    -0.011414678    -0.034468044     -0.14911453
           0.35          -0.014          -0.038       1.4847226   -0.0096891588    -0.030906628     -0.14728048
           0.35          -0.014          -0.034       1.6297708   -0.0085911241    -0.026340127     -0.14542906
           0.35          -0.014           -0.03        1.769797   -0.0076745442    -0.020607224     -0.14321236
           0.35          -0.014          -0.026       1.9108779    -0.006455062    -0.013384882     -0.14109856
           0.35          -0.014          -0.022       2.0514245   -0.0046840859   -0.0049683316     -0.13911725
           0.35          -0.014          -0.018       2.1875051    -0.002069283     0.004372955     -0.13717746
           0.35          -0.014          -0.014       2.3028608     0.001916853     0.013717623     -0.13506811
           0.35          -0.014           -0.01       2.3531392    0.0042772746     0.018463727     -0.13389278
           0.35          -0.014          -0.006       2.3425423    0.0052507803     0.017702836     -0.13255247
           0.35          -0.014          -0.002       2.3044258       0.0053621     0.013874174     -0.13120197
           0.35          -0.014           0.002        2.274052    0.0024456356    0.0088287709     -0.13034003
           0.35          -0.014           0.006       2.2910746   -0.0029350912    0.0049838495     -0.12986252
           0.35          -0.014            0.01       2.3292005   -0.0069877714    0.0030410433      -0.1296604
           0.35          -0.014           0.014       2.3618063   -0.0098354808    0.0039730378     -0.12960361
           0.35          -0.014           0.018       2.3766532    -0.011920255    0.0073967492     -0.12973553
           0.35          -0.014           0.022       2.3713335    -0.014672251     0.011319608     -0.12991563
           0.35          -0.014           0.026       2.3194791    -0.020342679     0.016541374     -0.12975419
           0.35          -0.014            0.03       2.1857033    -0.027371063      0.02519355     -0.13033229
           0.35          -0.014           0.034       2.0117532    -0.031194597     0.034434173     -0.13226974
           0.35          -0.014           0.038       1.8304415    -0.032844024     0.040982767       -0.134785
           0.35          -0.014           0.042       1.6485142    -0.033479779      0.04551702     -0.13700254
           0.35          -0.014           0.046       1.4584165    -0.033405487     0.048624083     -0.13865735
           0.35          -0.014            0.05       1.2574924    -0.032814429     0.050964513      -0.1407106
           0.35          -0.014           0.054       1.0515228    -0.031842926     0.052135346     -0.14285257
           0.35          -0.014           0.058      0.84794301    -0.030498191     0.052058064     -0.14497655
           0.35          -0.014           0.062      0.65422551    -0.028702902     0.050674053     -0.14703504
           0.35          -0.014           0.066      0.47760403    -0.026435157     0.047953199     -0.14905155
           0.35          -0.014            0.07      0.32428688    -0.023738899     0.043858824     -0.15111682
           0.35          -0.014           0.074      0.19655952    -0.020749747     0.038836909     -0.15260995
           0.35          -0.014           0.078      0.08821157    -0.017900974     0.033271112      -0.1530467
           0.35          -0.014           0.082   -0.0073465845    -0.015407612     0.027479185     -0.15279368
           0.35          -0.014           0.086    -0.093193117    -0.013231802     0.021626722     -0.15204766
           0.35          -0.014            0.09     -0.17311661    -0.011318175     0.015699728     -0.15072859
           0.35          -0.014           0.094     -0.25330646   -0.0094168369    0.0095547907     -0.14899626
           0.35          -0.014           0.098     -0.33902464    -0.006623647    0.0045659469     -0.14710395
           0.35           -0.01          -0.098     -0.36294523    -0.022988209   -0.0028590372     -0.15438977
           0.35           -0.01          -0.094     -0.27929863    -0.026980413   -0.0052683274     -0.15574482
           0.35           -0.01           -0.09     -0.19932337    -0.028637595   -0.0086035169     -0.15690116
           0.35           -0.01          -0.086     -0.11966012    -0.029476482    -0.011904095     -0.15792543
           0.35           -0.01          -0.082    -0.034828983    -0.029838743    -0.015390289     -0.15873348
           0.35           -0.01          -0.078     0.058134697    -0.029775315    -0.019133986     -0.15931314
           0.35           -0.01          -0.074      0.16112725    -0.029267855    -0.023181552     -0.15962159
           0.35           -0.01           -0.07      0.27706539    -0.028204114    -0.027287394     -0.15917206
           0.35           -0.01          -0.066      0.41085267    -0.026150646    -0.031307517     -0.15795776
           0.35           -0.01          -0.062      0.56342142    -0.023040627    -0.034797997     -0.15653971
           0.35           -0.01          -0.058      0.73045327    -0.019282949     -0.03745973     -0.15500849
           0.35           -0.01          -0.054      0.90669496    -0.015385804    -0.039008521     -0.15328973
           0.35           -0.01           -0.05       1.0870856    -0.011804672    -0.039181299     -0.15139639
           0.35           -0.01          -0.046       1.2662855   -0.0088714304    -0.037850392     -0.14944344
           0.35           -0.01          -0.042       1.4383343   -0.0067367264     -0.03512011     -0.14756512
           0.35           -0.01          -0.038        1.598055   -0.0053988917    -0.031300501     -0.14586877
           0.35           -0.01          -0.034       1.7465322   -0.0045086042    -0.026176045     -0.14389029
           0.35           -0.01           -0.03       1.8922414   -0.0035041543    -0.019547101     -0.14167687
           0.35           -0.01          -0.026       2.0362025   -0.0020905327    -0.011175573     -0.13971065
           0.35           -0.01          -0.022       2.1745805  -0.00011628639   -0.0013303754     -0.13791795
           0.35           -0.01          -0.018       2.2942909    0.0030334074     0.010660858     -0.13581317
           0.35           -0.01          -0.014        2.347539     0.005962346     0.020985783     -0.13481012
           0.35           -0.01           -0.01       2.3294493    0.0092307464     0.025824908      -0.1335547
           0.35           -0.01          -0.006       2.2773352     0.012788147     0.024233938     -0.13210641
           0.35           -0.01          -0.002       2.2122885     0.015216381     0.017366072     -0.13082275
           0.35           -0.01           0.002       2.1684931     0.012668466     0.006360323     -0.13005332
           0.35           -0.01           0.006       2.1948504     0.006219413   -0.0031752029     -0.12973963
           0.35           -0.01            0.01       2.2572076  -0.00093203569    -0.007420138     -0.12969816
           0.35           -0.01           0.014       2.3222135   -0.0078796032     -0.00543516     -0.12974531
           0.35           -0.01           0.018       2.3681224    -0.012531843   0.00082908301     -0.12978571
           0.35           -0.01           0.022       2.3859789    -0.014861686    0.0070024089     -0.12978296
           0.35           -0.01           0.026        2.365224     -0.01743769     0.012409708     -0.12995027
           0.35           -0.01            0.03       2.2627104      -0.0214884     0.021519386     -0.12962177
           0.35           -0.01           0.034       2.0865068    -0.024586603     0.032871102     -0.13143816
           0.35           -0.01           0.038       1.8957073    -0.025845854     0.040864043     -0.13399041
           0.35           -0.01           0.042       1.7059065     -0.02618654     0.046056601     -0.13625833
           0.35           -0.01           0.046       1.5103378    -0.025798025     0.049426518     -0.13788505
           0.35           -0.01            0.05       1.3041452    -0.024878636     0.051918587     -0.13992079
           0.35           -0.01           0.054       1.0924509    -0.023583294     0.053210655     -0.14204363
           0.35           -0.01           0.058      0.88270814    -0.022015825      0.05324541     -0.14417996
           0.35           -0.01           0.062      0.68257837    -0.020111445     0.051940145     -0.14627913
           0.35           -0.01           0.066      0.49956025    -0.017899573      0.04925153     -0.14833149
           0.35           -0.01            0.07       0.3403331      -0.0154514     0.045139411     -0.15042459
           0.35           -0.01           0.074      0.20809666    -0.012867853     0.039930329     -0.15219237
           0.35           -0.01           0.078     0.097046949    -0.010437309     0.034220294     -0.15289596
           0.35           -0.01           0.082  -0.00021366359   -0.0083551305     0.028221625      -0.1527052
           0.35           -0.01           0.086    -0.087372071   -0.0065709378     0.022193642     -0.15202018
           0.35           -0.01            0.09     -0.16834386   -0.0050406518     0.016096621     -0.15072927
           0.35           -0.01           0.094     -0.24946169   -0.0036199681    0.0097819708     -0.14899019
           0.35           -0.01           0.098     -0.33631124   -0.0018437129    0.0044952664     -0.14712065
           0.35          -0.006          -0.098     -0.35652011    -0.019341052   -0.0030113851      -0.1541233
           0.35          -0.006          -0.094     -0.27041354    -0.022338119   -0.0055144074     -0.15550115
           0.35          -0.006           -0.09     -0.18847576    -0.023476649   -0.0091199081     -0.15663707
           0.35          -0.006          -0.086     -0.10662562    -0.023897147    -0.012710897      -0.1576329
           0.35          -0.006          -0.082    -0.019076371      -0.0238962    -0.016528779     -0.15836971
           0.35          -0.006          -0.078     0.077387488    -0.023522947    -0.020640212     -0.15885268
           0.35          -0.006          -0.074       0.1849471    -0.022781415    -0.025025287     -0.15895721
           0.35          -0.006           -0.07      0.30817775    -0.021486814    -0.029421502     -0.15821602
           0.35          -0.006          -0.066      0.45247964    -0.019205278    -0.033605371      -0.1567894
           0.35          -0.006          -0.062      0.61681024    -0.016029218    -0.037067341     -0.15525091
           0.35          -0.006          -0.058      0.79587834    -0.012366849    -0.039545138     -0.15360255
           0.35          -0.006          -0.054      0.98382948   -0.0086745143    -0.040771989      -0.1517904
           0.35          -0.006           -0.05       1.1748623   -0.0053789471    -0.040552809     -0.14988436
           0.35          -0.006          -0.046       1.3627335   -0.0028061021    -0.038846085     -0.14800392
           0.35          -0.006          -0.042       1.5409255   -0.0010862621    -0.035846244     -0.14628986
           0.35          -0.006          -0.038       1.7053491  -0.00025786749    -0.031710627     -0.14464342
           0.35          -0.006          -0.034       1.8613716   0.00029503938    -0.025915297     -0.14251366
           0.35          -0.006           -0.03       2.0145526    0.0011193366    -0.018088242      -0.1403889
           0.35          -0.006          -0.026       2.1602458    0.0022578117   -0.0083870143     -0.13853708
           0.35          -0.006          -0.022       2.2850752    0.0033022701    0.0032286568     -0.13672751
           0.35          -0.006          -0.018       2.3436965    0.0027698504      0.01531167     -0.13552417
           0.35          -0.006          -0.014       2.3161968    0.0039541864     0.024234732     -0.13461403
           0.35          -0.006           -0.01       2.2508403     0.011025993     0.028993399     -0.13314943
           0.35          -0.006          -0.006       2.1792526     0.020830697     0.027429173     -0.13179327
           0.35          -0.006          -0.002       2.1084109     0.028734143       0.0197936     -0.13053889
           0.35          -0.006           0.002       2.0638117     0.027946142    0.0066123072     -0.12987576
           0.35          -0.006           0.006       2.0903438     0.017559724   -0.0051536471     -0.12978873
           0.35          -0.006            0.01       2.1622126    0.0038571592   -0.0098260235     -0.12997572
           0.35          -0.006           0.014       2.2538416   -0.0082841707   -0.0078605364     -0.13014994
           0.35          -0.006           0.018       2.3362927    -0.014149269   -0.0012682288     -0.13012197
           0.35          -0.006           0.022       2.3781208    -0.015245925     0.005034819     -0.13004265
           0.35          -0.006           0.026       2.3690855    -0.016140045     0.010814722      -0.1302108
           0.35          -0.006            0.03       2.2846841    -0.017136389     0.020151703     -0.12954036
           0.35          -0.006           0.034       2.1156184    -0.018106223     0.032423325     -0.13113662
           0.35          -0.006           0.038       1.9243835    -0.018375575     0.041138022     -0.13366209
           0.35          -0.006           0.042        1.732655    -0.018093587     0.046596994     -0.13591743
           0.35          -0.006           0.046       1.5350724      -0.0172652      0.05002857     -0.13752968
           0.35          -0.006            0.05       1.3265679    -0.015969304     0.052481785     -0.13955257
           0.35          -0.006           0.054       1.1121813    -0.014327191     0.053766233     -0.14162968
           0.35          -0.006           0.058      0.89940825    -0.012513173      0.05380689     -0.14376489
           0.35          -0.006           0.062      0.69603894    -0.010517005     0.052520913       -0.145881
           0.35          -0.006           0.066      0.50975846   -0.0084033565     0.049849945     -0.14796446
           0.35          -0.006            0.07      0.34752171   -0.0062570924     0.045737401     -0.15009385
           0.35          -0.006           0.074      0.21294567   -0.0041934599     0.040453118     -0.15200259
           0.35          -0.006           0.078      0.10052838   -0.0023429497     0.034646218     -0.15284552
           0.35          -0.006           0.082    0.0025222152   -0.0007700499     0.028552912     -0.15271304
           0.35          -0.006           0.086    -0.085192107   0.00055727756     0.022452415     -0.15207284
           0.35          -0.006            0.09     -0.16659517    0.0016653008     0.016294881     -0.15080941
           0.35          -0.006           0.094     -0.24808202    0.0026006196    0.0099073796     -0.14908699
           0.35          -0.006           0.098     -0.33535644    0.0033032473    0.0046256396     -0.14719748
           0.35          -0.002          -0.098     -0.35168298    -0.015025492   -0.0032354043     -0.15389087
           0.35          -0.002          -0.094     -0.26382391    -0.017096517   -0.0057185257     -0.15530543
           0.35          -0.002           -0.09     -0.18045332    -0.017672811   -0.0095770511     -0.15641806
           0.35          -0.002          -0.086    -0.096950567    -0.017633862    -0.013408678     -0.15740828
           0.35          -0.002          -0.082   -0.0072873283     -0.01721731    -0.017504347     -0.15810727
           0.35          -0.002          -0.078     0.091984676    -0.016467423    -0.021935346     -0.15854913
           0.35          -0.002          -0.074      0.20346322    -0.015407351    -0.026577753     -0.15842826
           0.35          -0.002           -0.07      0.33315138    -0.013786809    -0.031239258     -0.15740155
           0.35          -0.002          -0.066      0.48652316    -0.011262744     -0.03552971      -0.1558516
           0.35          -0.002          -0.062      0.66098073   -0.0080255614    -0.038946887     -0.15420492
           0.35          -0.002          -0.058      0.85059689   -0.0044494492    -0.041237417     -0.15243798
           0.35          -0.002          -0.054       1.0489299   -0.0009490168    -0.042174858     -0.15055079
           0.35          -0.002           -0.05        1.249459    0.0020573404    -0.041643097     -0.14865695
           0.35          -0.002          -0.046       1.4451631    0.0042228385    -0.039678058     -0.14686818
           0.35          -0.002          -0.042       1.6295717    0.0054181979    -0.036539197     -0.14536828
           0.35          -0.002          -0.038       1.8019956    0.0057281713    -0.031882801     -0.14357589
           0.35          -0.002          -0.034       1.9695656    0.0057098988    -0.025254028     -0.14131025
           0.35          -0.002           -0.03       2.1305563    0.0058497416    -0.015974084     -0.13933448
           0.35          -0.002          -0.026       2.2687502    0.0059472297   -0.0048931821     -0.13758912
           0.35          -0.002          -0.022       2.3442667     0.003661686    0.0060613942     -0.13670894
           0.35          -0.002          -0.018       2.3277507   0.00011097612     0.015756516     -0.13512512
           0.35          -0.002          -0.014       2.2531316    0.0023609262     0.021963257     -0.13418044
           0.35          -0.002           -0.01       2.1655889     0.012769796     0.024414238     -0.13295654
           0.35          -0.002          -0.006       2.0838581     0.027358773     0.023034451     -0.13164592
           0.35          -0.002          -0.002        2.013131     0.039701256      0.01676248     -0.13051709
           0.35          -0.002           0.002       1.9742649     0.040494731    0.0075607195     -0.12990987
           0.35          -0.002           0.006       2.0029157     0.026964472   -0.0018289371     -0.12997645
           0.35          -0.002            0.01       2.0835605    0.0079963311   -0.0057514941     -0.13030982
           0.35          -0.002           0.014       2.1935716     -0.00808825   -0.0056488402     -0.13056863
           0.35          -0.002           0.018       2.3033106    -0.015394091  -0.00092544711     -0.13048529
           0.35          -0.002           0.022       2.3648399     -0.01589021    0.0049721212     -0.13025664
           0.35          -0.002           0.026       2.3559851    -0.015136134     0.011728033     -0.13024429
           0.35          -0.002            0.03       2.2633951    -0.013484998      0.02206736     -0.12976873
           0.35          -0.002           0.034       2.0989776    -0.011928968     0.033830914     -0.13133967
           0.35          -0.002           0.038       1.9144526    -0.010748062     0.041979207     -0.13380986
           0.35          -0.002           0.042       1.7267103   -0.0095750258     0.047101683     -0.13606184
           0.35          -0.002           0.046       1.5307754   -0.0081452429     0.050275134     -0.13766265
           0.35          -0.002            0.05       1.3231083   -0.0063684457     0.052499634     -0.13964157
           0.35          -0.002           0.054       1.1091995   -0.0043952575     0.053627932     -0.14168811
           0.35          -0.002           0.058      0.89667982   -0.0023595907      0.05356398      -0.1438109
           0.35          -0.002           0.062      0.69341989  -0.00031724059     0.052224452     -0.14590896
           0.35          -0.002           0.066      0.50719943    0.0016547682     0.049556073     -0.14798531
           0.35          -0.002            0.07      0.34504753    0.0034299809     0.045461362     -0.15013525
           0.35          -0.002           0.074      0.21064251    0.0048950383     0.040191178      -0.1520861
           0.35          -0.002           0.078     0.098472502    0.0060724615     0.034409437     -0.15295707
           0.35          -0.002           0.082   0.00072367742     0.007059776     0.028356372     -0.15284005
           0.35          -0.002           0.086    -0.086761437    0.0078756888     0.022312834     -0.15221667
           0.35          -0.002            0.09     -0.16795837    0.0085224192     0.016221764     -0.15097557
           0.35          -0.002           0.094     -0.24924487    0.0089283086    0.0098863311     -0.14928223
           0.35          -0.002           0.098     -0.33625109    0.0085912487    0.0047460568     -0.14736565
           0.35           0.002          -0.098      -0.3487441    -0.010305453   -0.0032327331     -0.15372792
           0.35           0.002          -0.094     -0.25983881    -0.011456356   -0.0057936375     -0.15513809
           0.35           0.002           -0.09     -0.17559955    -0.011427722   -0.0098548053     -0.15624972
           0.35           0.002          -0.086    -0.091053919    -0.010907349    -0.013864008     -0.15726182
           0.35           0.002          -0.082   -1.709784e-05    -0.010041228    -0.018161107     -0.15795594
           0.35           0.002          -0.078      0.10110015    -0.008859929    -0.022821589     -0.15837785
           0.35           0.002          -0.074      0.21558748   -0.0073735835    -0.027663708     -0.15809892
           0.35           0.002           -0.07      0.35026798   -0.0053379134    -0.032518259     -0.15687201
           0.35           0.002          -0.066      0.51031211   -0.0025623446    -0.036847381     -0.15523142
           0.35           0.002          -0.062      0.69246141   0.00075157818    -0.040198767     -0.15348662
           0.35           0.002          -0.058      0.89026829    0.0042670534    -0.042315496     -0.15161751
           0.35           0.002          -0.054       1.0966815     0.007599003    -0.043030556     -0.14967649
           0.35           0.002           -0.05       1.3046003     0.010328263    -0.042306252     -0.14779905
           0.35           0.002          -0.046       1.5066578     0.012084463    -0.040249369     -0.14606437
           0.35           0.002          -0.042       1.6972952     0.012693442    -0.037102261      -0.1446568
           0.35           0.002          -0.038       1.8801283     0.012343427    -0.032109701     -0.14279379
           0.35           0.002          -0.034       2.0615227     0.011395023    -0.024515712     -0.14050605
           0.35           0.002           -0.03       2.2286946      0.01011723    -0.013773339     -0.13845054
           0.35           0.002          -0.026       2.3394637    0.0077007953   -0.0030439834     -0.13715202
           0.35           0.002          -0.022       2.3584116    0.0019792939    0.0051597145     -0.13619013
           0.35           0.002          -0.018        2.299053   -0.0014656873     0.011860433     -0.13489966
           0.35           0.002          -0.014        2.202072     0.003164624     0.015587426     -0.13399038
           0.35           0.002           -0.01       2.1018899      0.01566998     0.015925802     -0.13290283
           0.35           0.002          -0.006       2.0111754      0.03237593     0.014658669      -0.1316715
           0.35           0.002          -0.002       1.9396015     0.046503766     0.010856939      -0.1307284
           0.35           0.002           0.002       1.9091013     0.047857281     0.007340921     -0.13017472
           0.35           0.002           0.006       1.9457852     0.033356371    0.0024579428     -0.13027853
           0.35           0.002            0.01       2.0360064     0.012184121    0.0001185058     -0.13073064
           0.35           0.002           0.014        2.157448   -0.0059967022   -0.0007719663       -0.131029
           0.35           0.002           0.018       2.2825826    -0.015169511    0.0017512863     -0.13103151
           0.35           0.002           0.022       2.3538143    -0.016217263    0.0071287392     -0.13065855
           0.35           0.002           0.026       2.3265342    -0.013724686     0.015123445     -0.13042148
           0.35           0.002            0.03       2.2096468   -0.0091232487     0.026236077     -0.13062756
           0.35           0.002           0.034       2.0473213   -0.0054953637     0.036263117     -0.13211793
           0.35           0.002           0.038       1.8719452   -0.0029129867     0.043000113      -0.1345389
           0.35           0.002           0.042       1.6912476  -0.00085549009     0.047291293      -0.1367279
           0.35           0.002           0.046       1.4992054    0.0012463328      0.04995514     -0.13830553
           0.35           0.002            0.05       1.2947896    0.0035058196     0.051800082     -0.14021405
           0.35           0.002           0.054       1.0841116    0.0058430969     0.052636107     -0.14223714
           0.35           0.002           0.058      0.87485997    0.0081214026     0.052395534     -0.14431141
           0.35           0.002           0.062      0.67491808     0.010142647     0.050977776     -0.14635879
           0.35           0.002           0.066      0.49199586     0.011864107     0.048307487     -0.14839987
           0.35           0.002            0.07      0.33299221     0.013183612     0.044252874     -0.15056562
           0.35           0.002           0.074      0.20126897     0.013972646     0.039093063     -0.15245817
           0.35           0.002           0.078     0.090957324     0.014430801     0.033469078     -0.15323847
           0.35           0.002           0.082   -0.0055467678     0.014802618     0.027598896     -0.15309093
           0.35           0.002           0.086    -0.092032115     0.015077237     0.021746997     -0.15245534
           0.35           0.002            0.09     -0.17240156     0.015232862     0.015846628     -0.15123486
           0.35           0.002           0.094     -0.25293735     0.015090908    0.0097386691     -0.14955684
           0.35           0.002           0.098     -0.33897774     0.013886627    0.0047808866     -0.14762839
           0.35           0.006          -0.098     -0.34784171   -0.0055408005   -0.0030614097     -0.15364495
           0.35           0.006          -0.094     -0.25862829   -0.0056241705    -0.005772797     -0.15502032
           0.35           0.006           -0.09     -0.17411633   -0.0049769796   -0.0099220457      -0.1561586
           0.35           0.006          -0.086    -0.089186672   -0.0039741089    -0.014023624     -0.15720635
           0.35           0.006          -0.082    0.0024182296   -0.0026415309    -0.018421762     -0.15792305
           0.35           0.006          -0.078      0.10438042  -0.00098440916    -0.023196392     -0.15835666
           0.35           0.006          -0.074      0.22045162     0.001014687    -0.028151015     -0.15802436
           0.35           0.006           -0.07      0.35786135    0.0034961772    -0.033085627     -0.15669491
           0.35           0.006          -0.066      0.52165691    0.0065365967    -0.037402672     -0.15498501
           0.35           0.006          -0.062      0.70832781    0.0099564834    -0.040671582      -0.1531655
           0.35           0.006          -0.058      0.91105793     0.013449525    -0.042642029     -0.15122057
           0.35           0.006          -0.054        1.122279     0.016630093    -0.043225529     -0.14923963
           0.35           0.006           -0.05       1.3344643      0.01909482    -0.042443412     -0.14737332
           0.35           0.006          -0.046       1.5402617     0.020488152    -0.040484871     -0.14566904
           0.35           0.006          -0.042       1.7353258     0.020601604    -0.037545656     -0.14429796
           0.35           0.006          -0.038       1.9268434     0.019530413    -0.032651944     -0.14242224
           0.35           0.006          -0.034        2.120734     0.017321231    -0.024596712     -0.13997342
           0.35           0.006           -0.03        2.290712     0.013802684    -0.013509181     -0.13797636
           0.35           0.006          -0.026       2.3702756    0.0083575727    -0.005014804      -0.1372571
           0.35           0.006          -0.022       2.3556561     0.002105438   0.00097310373     -0.13585091
           0.35           0.006          -0.018       2.2753286   0.00016299894    0.0045463824     -0.13473195
           0.35           0.006          -0.014       2.1701749    0.0065182477    0.0059003656     -0.13390801
           0.35           0.006           -0.01       2.0645154     0.019546954    0.0055619781     -0.13292083
           0.35           0.006          -0.006       1.9695806     0.036023238    0.0049527572     -0.13182012
           0.35           0.006          -0.002       1.8996369     0.048933953    0.0045975677     -0.13090924
           0.35           0.006           0.002       1.8791361     0.049852871    0.0057640099     -0.13042953
           0.35           0.006           0.006       1.9254567     0.036369457    0.0063270761     -0.13062718
           0.35           0.006            0.01       2.0211303     0.015905892    0.0063184633     -0.13110505
           0.35           0.006           0.014       2.1444327    -0.002340498    0.0062766489     -0.13149615
           0.35           0.006           0.018       2.2706224     -0.01293426    0.0071040214     -0.13176934
           0.35           0.006           0.022       2.3303516    -0.014727455     0.012150034     -0.13106987
           0.35           0.006           0.026       2.2654937   -0.0096691683     0.021357203     -0.13085521
           0.35           0.006            0.03       2.1302902   -0.0032789138     0.031062283      -0.1317344
           0.35           0.006           0.034        1.971572    0.0016977681     0.038666642     -0.13338462
           0.35           0.006           0.038       1.8054218    0.0051628777     0.043631109     -0.13586591
           0.35           0.006           0.042        1.631925    0.0079075409     0.046838101     -0.13785819
           0.35           0.006           0.046       1.4443885     0.010677798     0.048886743     -0.13940964
           0.35           0.006            0.05       1.2446579     0.013436527     0.050251967     -0.14126549
           0.35           0.006           0.054       1.0393018     0.016088193     0.050741101     -0.14323372
           0.35           0.006           0.058      0.83586254      0.01845462     0.050293433     -0.14522094
           0.35           0.006           0.062      0.64204352     0.020374867     0.048812048     -0.14719267
           0.35           0.006           0.066      0.46534177     0.021770213     0.046166804     -0.14920959
           0.35           0.006            0.07      0.31231341     0.022536899     0.042192281     -0.15141347
           0.35           0.006           0.074      0.18546285     0.022602769     0.037275326     -0.15310161
           0.35           0.006           0.078     0.078332255     0.022378391     0.031894509     -0.15364143
           0.35           0.006           0.082    -0.016023034     0.022144006      0.02633986     -0.15344617
           0.35           0.006           0.086      -0.1007952     0.021872657      0.02078953     -0.15277165
           0.35           0.006            0.09     -0.17976428     0.021524359     0.015177633     -0.15155317
           0.35           0.006           0.094     -0.25904334     0.020842073    0.0093921847     -0.14987906
           0.35           0.006           0.098     -0.34348902     0.018842178    0.0046035005     -0.14798112
           0.35            0.01          -0.098     -0.34895344  -0.00095383436   -0.0028705767     -0.15363836
           0.35            0.01          -0.094     -0.26022645   0.00015859723    -0.005692154     -0.15498053
           0.35            0.01           -0.09     -0.17605017    0.0014025156   -0.0098060601     -0.15616033
           0.35            0.01          -0.086    -0.091420091     0.002877047    -0.013895731     -0.15724776
           0.35            0.01          -0.082   -8.466306e-05    0.0046741847    -0.018275563     -0.15801242
           0.35            0.01          -0.078      0.10166079    0.0068186196    -0.023034568     -0.15850296
           0.35            0.01          -0.074      0.21759944     0.009349911    -0.027970689      -0.1582122
           0.35            0.01           -0.07      0.35508298      0.01228775     -0.03288147     -0.15687959
           0.35            0.01          -0.066      0.51932157      0.01560616    -0.037144887      -0.1551379
           0.35            0.01          -0.062      0.70682222     0.019148485    -0.040328675     -0.15327796
           0.35            0.01          -0.058       0.9105821      0.02263325    -0.042212861     -0.15129677
           0.35            0.01          -0.054       1.1227023     0.025677178     -0.04273957     -0.14928906
           0.35            0.01           -0.05       1.3353035      0.02789869    -0.042039974      -0.1474135
           0.35            0.01          -0.046       1.5410282     0.028993224    -0.040376229     -0.14572044
           0.35            0.01          -0.042       1.7360567     0.028812391    -0.037962368     -0.14433987
           0.35            0.01          -0.038       1.9287728     0.027226669    -0.033843728     -0.14238698
           0.35            0.01          -0.034       2.1253949     0.023955654    -0.026816382     -0.13984869
           0.35            0.01           -0.03        2.298993     0.018018364    -0.017243351     -0.13786536
           0.35            0.01          -0.026       2.3745447     0.010904596    -0.010758456     -0.13714974
           0.35            0.01          -0.022       2.3486275     0.005190552   -0.0074167534     -0.13602125
           0.35            0.01          -0.018       2.2638284    0.0047665156   -0.0059020545     -0.13498629
           0.35            0.01          -0.014       2.1608708     0.011337683   -0.0053279785     -0.13407487
           0.35            0.01           -0.01       2.0574813     0.023491742   -0.0048762735     -0.13304825
           0.35            0.01          -0.006       1.9660666     0.037925431   -0.0037787852     -0.13209621
           0.35            0.01          -0.002       1.9045778     0.048497711  -0.00031286848     -0.13116831
           0.35            0.01           0.002       1.8948011     0.048243968    0.0038604607     -0.13079013
           0.35            0.01           0.006       1.9455434      0.03625295    0.0088798922     -0.13106836
           0.35            0.01            0.01       2.0398288     0.018153965     0.011750474     -0.13147219
           0.35            0.01           0.014        2.155496     0.001620475     0.013572729     -0.13200286
           0.35            0.01           0.018        2.259675    -0.008486276     0.014433829     -0.13263529
           0.35            0.01           0.022        2.272112   -0.0087786909     0.020202675     -0.13164402
           0.35            0.01           0.026        2.173598   -0.0023057986      0.02790939     -0.13200487
           0.35            0.01            0.03       2.0335544      0.00421468     0.034912853     -0.13325799
           0.35            0.01           0.034       1.8804599    0.0095679162     0.040122158     -0.13529269
           0.35            0.01           0.038       1.7224015     0.013489083     0.043547696     -0.13754779
           0.35            0.01           0.042       1.5542259      0.01671616     0.045592851     -0.13917577
           0.35            0.01           0.046       1.3710088     0.019995611     0.047032807     -0.14084465
           0.35            0.01            0.05       1.1767886     0.023132826     0.047888659     -0.14268793
           0.35            0.01           0.054       0.9782629     0.025967383     0.048037278     -0.14459892
           0.35            0.01           0.058      0.78263755     0.028307583     0.047399072     -0.14651083
           0.35            0.01           0.062      0.59725348     0.029996253     0.045877116      -0.1483981
           0.35            0.01           0.066      0.42927318     0.030946287     0.043286078     -0.15038942
           0.35            0.01            0.07      0.28468484     0.031061019     0.039466079     -0.15256386
           0.35            0.01           0.074      0.16418904      0.03043811     0.034888393     -0.15395025
           0.35            0.01           0.078     0.061091794     0.029611185     0.029831778     -0.15419447
           0.35            0.01           0.082    -0.030271913     0.028804229     0.024704829     -0.15390602
           0.35            0.01           0.086     -0.11270152     0.028011213      0.01954654     -0.15315751
           0.35            0.01            0.09     -0.18976104      0.02717719     0.014301436     -0.15191708
           0.35            0.01           0.094     -0.26731828     0.025984135    0.0088973364     -0.15023925
           0.35            0.01           0.098     -0.34958346     0.023157854    0.0042546851     -0.14840782
           0.35           0.014          -0.098     -0.35204917    0.0032843532   -0.0028704603     -0.15368528
           0.35           0.014          -0.094     -0.26452987    0.0056063657   -0.0055797673     -0.15504161
           0.35           0.014           -0.09     -0.18129765    0.0074252045   -0.0095729342     -0.15624876
           0.35           0.014          -0.086    -0.097642517    0.0093532576    -0.013546689     -0.15737936
           0.35           0.014          -0.082   -0.0074016152     0.011590842    -0.017795494     -0.15821402
           0.35           0.014          -0.078     0.093082129     0.014190012    -0.022410246     -0.15879855
           0.35           0.014          -0.074       0.2071892     0.017223767    -0.027201722     -0.15865197
           0.35           0.014           -0.07      0.34206494     0.020605718    -0.031981651     -0.15742518
           0.35           0.014          -0.066      0.50334203     0.024187294     -0.03614806     -0.15569411
           0.35           0.014          -0.062      0.68785039     0.027842236    -0.039235569     -0.15383178
           0.35           0.014          -0.058      0.88863021     0.031306405    -0.041076495      -0.1518482
           0.35           0.014          -0.054        1.097629     0.034222659    -0.041643781     -0.14982849
           0.35           0.014           -0.05       1.3067812     0.036232207    -0.041138909     -0.14792718
           0.35           0.014          -0.046       1.5085093     0.037092755    -0.039889843     -0.14622201
           0.35           0.014          -0.042       1.6983606     0.036752934    -0.038239134     -0.14484946
           0.35           0.014          -0.038       1.8829502     0.034989901    -0.035377811     -0.14285666
           0.35           0.014          -0.034       2.0686187     0.031345388    -0.030659903     -0.14039455
           0.35           0.014           -0.03       2.2403034     0.024536884    -0.024113124     -0.13837302
           0.35           0.014          -0.026       2.3439712     0.015340117    -0.019462643     -0.13754784
           0.35           0.014          -0.022       2.3401961     0.010274461    -0.018133577     -0.13682422
           0.35           0.014          -0.018       2.2700505     0.010298531       -0.017189     -0.13556005
           0.35           0.014          -0.014       2.1773608     0.016121963    -0.016040645     -0.13446185
           0.35           0.014           -0.01       2.0827614     0.026524044    -0.013986427     -0.13340002
           0.35           0.014          -0.006       2.0011193     0.038134533    -0.010456992     -0.13247768
           0.35           0.014          -0.002       1.9501565     0.046227309   -0.0043018827     -0.13159616
           0.35           0.014           0.002       1.9494763     0.045076859    0.0026732089     -0.13123579
           0.35           0.014           0.006       2.0009039     0.034243051     0.010093076      -0.1314764
           0.35           0.014            0.01       2.0877992     0.018954048     0.015420475     -0.13175543
           0.35           0.014           0.014       2.1843395    0.0051013111     0.018770105     -0.13222855
           0.35           0.014           0.018        2.237305   -0.0015715947     0.021923457     -0.13201809
           0.35           0.014           0.022       2.1850661    0.0010942077     0.026957196     -0.13229453
           0.35           0.014           0.026        2.067499    0.0069568955     0.032402818     -0.13337197
           0.35           0.014            0.03       1.9274212     0.012808317     0.036979026     -0.13502685
           0.35           0.014           0.034       1.7801094      0.01781507     0.040168925     -0.13729856
           0.35           0.014           0.038       1.6277175     0.021816611     0.042274092     -0.13934616
           0.35           0.014           0.042       1.4626632      0.02546585     0.043515504     -0.14090105
           0.35           0.014           0.046       1.2835667      0.02904117     0.044402364     -0.14260303
           0.35           0.014            0.05       1.0954818     0.032351417     0.044829077     -0.14442606
           0.35           0.014           0.054      0.90493043     0.035179679     0.044704011     -0.14627706
           0.35           0.014           0.058      0.71868318     0.037322327     0.043945288     -0.14809574
           0.35           0.014           0.062      0.54357516      0.03863813     0.042426363      -0.1499122
           0.35           0.014           0.066      0.38630643     0.039031208     0.039925016     -0.15188595
           0.35           0.014            0.07      0.25183144     0.038439856     0.036334807     -0.15391067
           0.35           0.014           0.074      0.13856996     0.037190998     0.032140339     -0.15494484
           0.35           0.014           0.078     0.040089971     0.035843055     0.027534262     -0.15490364
           0.35           0.014           0.082    -0.047694019     0.034533834     0.022902567     -0.15445993
           0.35           0.014           0.086     -0.12728657     0.033278311     0.018202598     -0.15360421
           0.35           0.014            0.09     -0.20200646     0.032003687     0.013379312     -0.15232129
           0.35           0.014           0.094     -0.27741395     0.030336603    0.0083736208     -0.15064448
           0.35           0.014           0.098     -0.35693946     0.026615655    0.0039747924     -0.14886536
           0.35           0.018          -0.098      -0.3568907    0.0071011368    -0.002943992     -0.15376237
           0.35           0.018          -0.094     -0.27131928     0.010468864   -0.0054975546     -0.15516335
           0.35           0.018           -0.09     -0.18962223     0.012842584   -0.0093004586     -0.15640307
           0.35           0.018          -0.086     -0.10757509     0.015201274     -0.01308801     -0.15758277
           0.35           0.018          -0.082    -0.019198157       0.0178399    -0.017125728     -0.15850157
           0.35           0.018          -0.078     0.079057093     0.020832236      -0.0214888     -0.15918199
           0.35           0.018          -0.074       0.1899551     0.024260492    -0.026076172     -0.15930042
           0.35           0.018           -0.07      0.31991034      0.02802094    -0.030593764     -0.15831436
           0.35           0.018          -0.066      0.47508677     0.031835354    -0.034619405     -0.15661537
           0.35           0.018          -0.062      0.65306401     0.035571563    -0.037596424     -0.15478587
           0.35           0.018          -0.058      0.84720962      0.03899409      -0.0394207     -0.15283859
           0.35           0.018          -0.054       1.0495974     0.041775675    -0.040093709     -0.15082751
           0.35           0.018           -0.05       1.2521822       0.0435936    -0.039835017      -0.1488959
           0.35           0.018          -0.046         1.44728      0.04425363    -0.039007572     -0.14716422
           0.35           0.018          -0.042       1.6294892     0.043742415    -0.038054866     -0.14578284
           0.35           0.018          -0.038       1.8019673     0.041963187    -0.036456808     -0.14387003
           0.35           0.018          -0.034       1.9719538      0.03844568    -0.033900513     -0.14149203
           0.35           0.018           -0.03       2.1343252     0.032399535    -0.030335312     -0.13957055
           0.35           0.018          -0.026       2.2688379     0.023788006    -0.027537232     -0.13824515
           0.35           0.018          -0.022       2.3252423     0.017344097    -0.026394919     -0.13753304
           0.35           0.018          -0.018       2.2911989     0.016351463    -0.025662413     -0.13618877
           0.35           0.018          -0.014       2.2172744     0.020635692    -0.023929641     -0.13494535
           0.35           0.018           -0.01       2.1366797     0.028740652    -0.020493253     -0.13385528
           0.35           0.018          -0.006       2.0678979     0.037543544    -0.015100074     -0.13295818
           0.35           0.018          -0.002       2.0285695     0.043225479    -0.007524438     -0.13223922
           0.35           0.018           0.002       2.0330917     0.041381663    0.0013158198     -0.13187806
           0.35           0.018           0.006       2.0804242      0.03208011    0.0098647844     -0.13187923
           0.35           0.018            0.01        2.150272     0.019813378     0.016393865     -0.13204375
           0.35           0.018           0.014       2.2013759     0.010698192     0.021279029     -0.13195513
           0.35           0.018           0.018       2.1773742    0.0089965153     0.025749277      -0.1324837
           0.35           0.018           0.022       2.0824519     0.012165488     0.030315299     -0.13354453
           0.35           0.018           0.026       1.9551519     0.016881752     0.034187577     -0.13509422
           0.35           0.018            0.03       1.8163113      0.02179965     0.037122323     -0.13714769
           0.35           0.018           0.034       1.6739554     0.026134663     0.038892577     -0.13949706
           0.35           0.018           0.038       1.5244479     0.030030882     0.040018446     -0.14129587
           0.35           0.018           0.042       1.3611532     0.033868418     0.040711999     -0.14284959
           0.35           0.018           0.046       1.1861483     0.037539323     0.041189999     -0.14458038
           0.35           0.018            0.05       1.0048107     0.040799786     0.041322729     -0.14638588
           0.35           0.018           0.054      0.82320992     0.043409011      0.04104498     -0.14817431
           0.35           0.018           0.058      0.64758486     0.045174264     0.040271831     -0.14991866
           0.35           0.018           0.062      0.48422799     0.045975477     0.038834103     -0.15170907
           0.35           0.018           0.066      0.33914417     0.045715705     0.036467953     -0.15368971
           0.35           0.018            0.07      0.21558597     0.044404737     0.033187052     -0.15542904
           0.35           0.018           0.074      0.10975854     0.042629855     0.029419353     -0.15598487
           0.35           0.018           0.078     0.016212537      0.04086708     0.025338918     -0.15568945
           0.35           0.018           0.082    -0.067622726     0.039161849     0.021223029     -0.15507119
           0.35           0.018           0.086     -0.14402464     0.037527157     0.016996676     -0.15409388
           0.35           0.018            0.09     -0.21606209     0.035870828     0.012603473     -0.15275603
           0.35           0.018           0.094     -0.28894519     0.033764589    0.0079685698     -0.15108021
           0.35           0.018           0.098     -0.36519462     0.029209649    0.0039223065     -0.14929605
           0.35           0.022          -0.098     -0.36322897     0.010361274   -0.0030302006     -0.15383682
           0.35           0.022          -0.094     -0.28031399     0.014599899   -0.0054628649     -0.15529725
           0.35           0.022           -0.09     -0.20068475     0.017481006    -0.009078956     -0.15658822
           0.35           0.022          -0.086     -0.12081121     0.020230163    -0.012650835     -0.15783383
           0.35           0.022          -0.082     -0.03498249     0.023213042    -0.016428251     -0.15885838
           0.35           0.022          -0.078     0.060130937     0.026519519    -0.020468215     -0.15964449
           0.35           0.022          -0.074      0.16694406     0.030208048    -0.024782971     -0.16006295
           0.35           0.022           -0.07      0.29047399     0.034216053    -0.028993974     -0.15941214
           0.35           0.022          -0.066      0.43689539     0.038205713    -0.032827717     -0.15781028
           0.35           0.022          -0.062      0.60543184     0.041974924    -0.035696111     -0.15604786
           0.35           0.022          -0.058      0.79004641     0.045319908    -0.037521903     -0.15417689
           0.35           0.022          -0.054      0.98319186     0.047950181    -0.038332479     -0.15220563
           0.35           0.022           -0.05       1.1771484     0.049580433    -0.038329936     -0.15025666
           0.35           0.022          -0.046       1.3645292     0.050040493     -0.03786196     -0.14848495
           0.35           0.022          -0.042       1.5394138     0.049327484    -0.037394594     -0.14707559
           0.35           0.022          -0.038       1.7014436     0.047577273    -0.036745517     -0.14538555
           0.35           0.022          -0.034       1.8584446     0.044496517    -0.035655543     -0.14305505
           0.35           0.022           -0.03       2.0123774     0.039595298    -0.033820431     -0.14108547
           0.35           0.022          -0.026       2.1563905     0.033207096    -0.032203369     -0.13951661
           0.35           0.022          -0.022       2.2664895     0.026996438    -0.030964672     -0.13808766
           0.35           0.022          -0.018       2.2996078     0.023965015    -0.029828983     -0.13684232
           0.35           0.022          -0.014       2.2654444     0.025711399    -0.028074415     -0.13557491
           0.35           0.022           -0.01       2.2073226     0.031041426    -0.024158451     -0.13444488
           0.35           0.022          -0.006       2.1537644     0.037114125    -0.017902042     -0.13359102
           0.35           0.022          -0.002       2.1240837     0.040652836   -0.0097641458     -0.13299572
           0.35           0.022           0.002       2.1304803     0.038365765  -0.00044884122     -0.13253102
           0.35           0.022           0.006        2.165727     0.030898806    0.0083769151     -0.13240362
           0.35           0.022            0.01       2.1952812     0.023145545     0.015845124     -0.13210522
           0.35           0.022           0.014       2.1717043     0.019166907     0.021686101     -0.13248025
           0.35           0.022           0.018       2.0879139     0.019981763     0.026910079     -0.13373781
           0.35           0.022           0.022       1.9706457     0.022737168     0.030864223     -0.13521003
           0.35           0.022           0.026       1.8390777     0.026433284     0.033801857     -0.13710432
           0.35           0.022            0.03       1.7025835     0.030429372     0.035650287     -0.13941464
           0.35           0.022           0.034       1.5633816     0.034190076      0.03667424     -0.14161481
           0.35           0.022           0.038       1.4142855     0.037904348     0.037157123     -0.14321869
           0.35           0.022           0.042       1.2526363     0.041693588     0.037524519     -0.14489223
           0.35           0.022           0.046       1.0822448     0.045218918     0.037739649     -0.14668028
           0.35           0.022            0.05      0.90841907     0.048185973      0.03773446     -0.14847572
           0.35           0.022           0.054      0.73670829     0.050355337     0.037453341     -0.15021722
           0.35           0.022           0.058      0.57277868     0.051565127     0.036789402     -0.15192618
           0.35           0.022           0.062      0.42237355     0.051709965     0.035503177     -0.15375704
           0.35           0.022           0.066      0.29041052     0.050729032     0.033323659     -0.15574121
           0.35           0.022            0.07      0.17746235      0.04885751      0.03049922     -0.15691802
           0.35           0.022           0.074     0.078624548      0.04670464     0.027114713     -0.15692775
           0.35           0.022           0.078   -0.0097626559     0.044630867     0.023584447     -0.15648205
           0.35           0.022           0.082    -0.089419405      0.04263108     0.019948895     -0.15570426
           0.35           0.022           0.086     -0.16239053     0.040704191     0.016158281     -0.15460264
           0.35           0.022            0.09     -0.23148075     0.038733005     0.012142897     -0.15319493
           0.35           0.022           0.094     -0.30152052     0.036236655    0.0077941597     -0.15149406
           0.35           0.022           0.098     -0.37400112       0.0310196    0.0040338698     -0.14964883
           0.35           0.026          -0.098     -0.37078333     0.012971263   -0.0031650319     -0.15386767
           0.35           0.026          -0.094     -0.29116215     0.017934363   -0.0055586918     -0.15540929
           0.35           0.026           -0.09     -0.21406984      0.02124562   -0.0090354497     -0.15677703
           0.35           0.026          -0.086     -0.13684659      0.02431599    -0.012403419     -0.15810793
           0.35           0.026          -0.082    -0.054104668     0.027559711     -0.01590916     -0.15926008
           0.35           0.026          -0.078     0.037242839     0.031079974    -0.019607627      -0.1601942
           0.35           0.026          -0.074      0.13933619     0.034911552    -0.023576788     -0.16086326
           0.35           0.026           -0.07      0.25555521     0.039035429    -0.027472495     -0.16056439
           0.35           0.026          -0.066      0.39156955     0.043122707    -0.031082965     -0.15917474
           0.35           0.026          -0.062      0.54859864     0.046864679     -0.03385789     -0.15750822
           0.35           0.026          -0.058      0.72162628     0.050087522     -0.03569559     -0.15573374
           0.35           0.026          -0.054      0.90376682     0.052548062    -0.036652343     -0.15383133
           0.35           0.026           -0.05       1.0878991     0.054003126    -0.036909098     -0.15187851
           0.35           0.026          -0.046       1.2672771     0.054300755    -0.036764986     -0.15002817
           0.35           0.026          -0.042       1.4360763     0.053467283    -0.036609761     -0.14843487
           0.35           0.026          -0.038       1.5913912     0.051812745    -0.036621629     -0.14699499
           0.35           0.026          -0.034       1.7389472     0.049171057    -0.036302755     -0.14495137
           0.35           0.026           -0.03       1.8856599     0.045407295    -0.035467234      -0.1428358
           0.35           0.026          -0.026       2.0294822     0.040905873    -0.034356331     -0.14106074
           0.35           0.026          -0.022       2.1619342     0.036417441    -0.033010016     -0.13937351
           0.35           0.026          -0.018       2.2582498     0.032866949    -0.031349614     -0.13778745
           0.35           0.026          -0.014        2.291674     0.032068157    -0.029317511     -0.13644604
           0.35           0.026           -0.01       2.2748508     0.034281621    -0.025554873     -0.13527939
           0.35           0.026          -0.006       2.2424698     0.037632515    -0.019398342     -0.13438264
           0.35           0.026          -0.002       2.2208488     0.039402762      -0.0114529      -0.1337395
           0.35           0.026           0.002       2.2217434     0.037064618   -0.0024588701     -0.13322199
           0.35           0.026           0.006       2.2223355     0.032743311    0.0066589124     -0.13278015
           0.35           0.026            0.01       2.1802401     0.029547511     0.014921574     -0.13300663
           0.35           0.026           0.014       2.0930596     0.028892368     0.021446171     -0.13407574
           0.35           0.026           0.018       1.9794037     0.029962946     0.026207988     -0.13541424
           0.35           0.026           0.022       1.8528741     0.032163263     0.029657196     -0.13719162
           0.35           0.026           0.026       1.7207321     0.035040309     0.031939721     -0.13924518
           0.35           0.026            0.03       1.5869723     0.038185124     0.033139504     -0.14167443
           0.35           0.026           0.034       1.4485184     0.041543527     0.033760744     -0.14364124
           0.35           0.026           0.038       1.2989425     0.045128167     0.034029933     -0.14524973
           0.35           0.026           0.042       1.1395722     0.048663841     0.034263461      -0.1470215
           0.35           0.026           0.046      0.97479178     0.051791364     0.034414743     -0.14884708
           0.35           0.026            0.05       0.8094749     0.054221931     0.034459785     -0.15062907
           0.35           0.026           0.054      0.64863349     0.055753005     0.034338311     -0.15234006
           0.35           0.026           0.058      0.49738332     0.056263763     0.033873944     -0.15406854
           0.35           0.026           0.062      0.36076972      0.05566553     0.032758232      -0.1559726
           0.35           0.026           0.066      0.24190331     0.053971109     0.030830578     -0.15770342
           0.35           0.026            0.07      0.13840395     0.051727628     0.028388698      -0.1582507
           0.35           0.026           0.074     0.046017961      0.04940612     0.025514177     -0.15793217
           0.35           0.026           0.078    -0.037136351     0.047140827     0.022493103     -0.15729561
           0.35           0.026           0.082     -0.11250762     0.044955966      0.01929262     -0.15634476
           0.35           0.026           0.086     -0.18190069     0.042834852      0.01587124     -0.15511003
           0.35           0.026            0.09     -0.24784385     0.040636151     0.012135621     -0.15361087
           0.35           0.026           0.094     -0.31476296     0.037837146    0.0079376494     -0.15183943
           0.35           0.026           0.098     -0.38303719     0.032154581    0.0042907231     -0.14987401
           0.35            0.03          -0.098     -0.37919839     0.014967102   -0.0034433176     -0.15380824
           0.35            0.03          -0.094     -0.30345334     0.020475511   -0.0058913256     -0.15547312
           0.35            0.03           -0.09     -0.22931342     0.024113386   -0.0093196262     -0.15694541
           0.35            0.03          -0.086     -0.15512833     0.027413257    -0.012540467     -0.15837669
           0.35            0.03          -0.082    -0.075871622     0.030815645    -0.015808963     -0.15966107
           0.35            0.03          -0.078     0.011298044     0.034432008    -0.019191037     -0.16074681
           0.35            0.03          -0.074      0.10830053     0.038284946    -0.022786721     -0.16161841
           0.35            0.03           -0.07      0.21703212     0.042402128    -0.026366525     -0.16174654
           0.35            0.03          -0.066      0.34195703     0.046517819    -0.029723637     -0.16066724
           0.35            0.03          -0.062      0.48621034     0.050187315    -0.032409524     -0.15908651
           0.35            0.03          -0.058      0.64632738     0.053260089    -0.034244133     -0.15739361
           0.35            0.03          -0.054      0.81633485     0.055559484    -0.035327636     -0.15556858
           0.35            0.03           -0.05      0.98989194     0.056881983     -0.03581609     -0.15363771
           0.35            0.03          -0.046       1.1610001     0.057098934    -0.035945925      -0.1517304
           0.35            0.03          -0.042       1.3243199     0.056253521    -0.036020404     -0.14999615
           0.35            0.03          -0.038       1.4760133     0.054618209    -0.036283743     -0.14850005
           0.35            0.03          -0.034       1.6177037     0.052388204    -0.036407037     -0.14672616
           0.35            0.03           -0.03       1.7576723     0.049648944    -0.036175979     -0.14459512
           0.35            0.03          -0.026       1.8975177     0.046562419     -0.03537336     -0.14268828
           0.35            0.03          -0.022       2.0340182     0.043662999    -0.034028645     -0.14089388
           0.35            0.03          -0.018       2.1590878     0.041141136    -0.032020566     -0.13916238
           0.35            0.03          -0.014       2.2552729     0.039324983    -0.029374064     -0.13759767
           0.35            0.03           -0.01       2.3027661     0.038857721    -0.025579446     -0.13640524
           0.35            0.03          -0.006       2.3090286     0.039634802    -0.019923407     -0.13539466
           0.35            0.03          -0.002       2.2935175     0.039849683    -0.012611586     -0.13456497
           0.35            0.03           0.002       2.2642228     0.038620644   -0.0036686405     -0.13399969
           0.35            0.03           0.006        2.197501     0.037669301    0.0060128061     -0.13405458
           0.35            0.03            0.01       2.0989206     0.037242506      0.01398944     -0.13472354
           0.35            0.03           0.014       1.9835938     0.037367118     0.020082419     -0.13589922
           0.35            0.03           0.018       1.8598969     0.038385139     0.024486753     -0.13745642
           0.35            0.03           0.022        1.731828     0.040046233     0.027521271     -0.13940569
           0.35            0.03           0.026       1.6017914     0.042247177     0.029340719     -0.14159412
           0.35            0.03            0.03       1.4691516     0.044970214     0.030351892     -0.14375257
           0.35            0.03           0.034       1.3289972     0.048083868      0.03078087     -0.14547901
           0.35            0.03           0.038       1.1796603     0.051393303     0.031071803     -0.14727151
           0.35            0.03           0.042       1.0240923     0.054463308     0.031346501     -0.14915121
           0.35            0.03           0.046      0.86634034     0.056959101     0.031631797     -0.15100585
           0.35            0.03            0.05      0.71073699     0.058647153     0.031914236     -0.15278023
           0.35            0.03           0.054      0.56177753     0.059391453     0.032083998      -0.1545083
           0.35            0.03           0.058      0.42408288     0.059109197     0.031866739     -0.15636214
           0.35            0.03           0.062      0.30152964     0.057761376     0.030935096     -0.15832136
           0.35            0.03           0.066      0.19438796     0.055620776     0.029398129      -0.1593917
           0.35            0.03            0.07     0.098933566     0.053183204     0.027272827     -0.15934582
           0.35            0.03           0.074     0.012729598     0.050791205     0.024895417     -0.15887467
           0.35            0.03           0.078    -0.065291397     0.048461357     0.022289107     -0.15806857
           0.35            0.03           0.082     -0.13638674     0.046212619     0.019435162     -0.15695751
           0.35            0.03           0.086     -0.20213447     0.044009129     0.016278848     -0.15558963
           0.35            0.03            0.09       -0.264787     0.041693875     0.012691544     -0.15397991
           0.35            0.03           0.094     -0.32833834     0.038718478    0.0084796206     -0.15208349
           0.35            0.03           0.098     -0.39199058     0.032795993    0.0047582727     -0.14992573
           0.35           0.034          -0.098     -0.38809396     0.016463378    -0.003894581     -0.15361132
           0.35           0.034          -0.094     -0.31677431     0.022292578   -0.0065447829     -0.15545169
           0.35           0.034           -0.09     -0.24595559     0.026133213    -0.010056698     -0.15706452
           0.35           0.034          -0.086     -0.17511657     0.029557673    -0.013226859     -0.15861154
           0.35           0.034          -0.082    -0.099630235      0.03301497    -0.016332285     -0.16002355
           0.35           0.034          -0.078    -0.016923626     0.036621613    -0.019464424     -0.16123962
           0.35           0.034          -0.074     0.074670209     0.040394771    -0.022698372     -0.16220411
           0.35           0.034           -0.07       0.1763487     0.044384199    -0.026021197     -0.16277332
           0.35           0.034          -0.066      0.29069571     0.048372699    -0.029044318     -0.16221827
           0.35           0.034          -0.062      0.42152725     0.051963486    -0.031627982     -0.16071637
           0.35           0.034          -0.058      0.56790305     0.054905492    -0.033443917     -0.15906333
           0.35           0.034          -0.054      0.72500539     0.057077731    -0.034599457     -0.15730883
           0.35           0.034           -0.05       0.8873294     0.058329415    -0.035258654     -0.15541318
           0.35           0.034          -0.046       1.0496169     0.058552331    -0.035602728     -0.15346213
           0.35           0.034          -0.042       1.2072636     0.057786488    -0.035850464     -0.15159686
           0.35           0.034          -0.038       1.3565425      0.05626249    -0.036213603     -0.14994322
           0.35           0.034          -0.034       1.4960029     0.054366382    -0.036580398     -0.14830445
           0.35           0.034           -0.03       1.6303427     0.052341594     -0.03664349     -0.14631514
           0.35           0.034          -0.026        1.764276     0.050336839    -0.036113048     -0.14424695
           0.35           0.034          -0.022        1.897172      0.04859723    -0.034818794     -0.14234595
           0.35           0.034          -0.018        2.025944     0.047189879    -0.032697549     -0.14060518
           0.35           0.034          -0.014       2.1447905     0.045898523    -0.029636362     -0.13896576
           0.35           0.034           -0.01       2.2397239     0.044495708    -0.025532953     -0.13757597
           0.35           0.034          -0.006       2.2839418     0.043231947     -0.01974478     -0.13667335
           0.35           0.034          -0.002       2.2688947     0.042868411    -0.012199595     -0.13598894
           0.35           0.034           0.002       2.1969813     0.043481396   -0.0030231192     -0.13556964
           0.35           0.034           0.006        2.093221     0.043801166     0.005622869     -0.13591171
           0.35           0.034            0.01       1.9783523     0.043913214     0.012741059     -0.13668007
           0.35           0.034           0.014       1.8580285     0.044161411     0.018291808     -0.13794927
           0.35           0.034           0.018       1.7348867     0.044918584     0.022306254     -0.13967493
           0.35           0.034           0.022       1.6091593     0.046308799     0.025075666     -0.14154086
           0.35           0.034           0.026       1.4799483     0.048212736     0.026729631     -0.14353007
           0.35           0.034            0.03       1.3454423     0.050690395     0.027648823     -0.14546571
           0.35           0.034           0.034       1.2044002     0.053605408     0.028181259     -0.14735765
           0.35           0.034           0.038       1.0578564      0.05643612     0.028630178     -0.14930556
           0.35           0.034           0.042      0.90827858     0.058802704      0.02914427     -0.15124685
           0.35           0.034           0.046      0.75923166      0.06046304     0.029767226     -0.15311037
           0.35           0.034            0.05      0.61460259     0.061271482     0.030442931     -0.15489344
           0.35           0.034           0.054      0.47851487      0.06115174     0.030955137     -0.15672138
           0.35           0.034           0.058      0.35486783     0.060062974     0.030944555     -0.15872112
           0.35           0.034           0.062      0.24553195     0.058123921     0.030277024     -0.16027214
           0.35           0.034           0.066      0.14802749     0.055762368     0.029027035     -0.16064567
           0.35           0.034            0.07     0.059583417     0.053353866     0.027346114     -0.16037587
           0.35           0.034           0.074    -0.020709181     0.051003127     0.025372457     -0.15974606
           0.35           0.034           0.078    -0.093764605     0.048731128     0.023088175     -0.15877468
           0.35           0.034           0.082     -0.16066222     0.046538116     0.020474167     -0.15751455
           0.35           0.034           0.086     -0.22275794      0.04436861     0.017456231     -0.15601365
           0.35           0.034            0.09     -0.28202844     0.042061254     0.013869053      -0.1542736
           0.35           0.034           0.094     -0.34200766     0.039074468    0.0094808183     -0.15218872
           0.35           0.034           0.098     -0.40065909     0.033195432    0.0053693333     -0.14976788
           0.35           0.038          -0.098     -0.39714053     0.017627492   -0.0045267786     -0.15323339
           0.35           0.038          -0.094     -0.33075267     0.023523639   -0.0075687101     -0.15530855
           0.35           0.038           -0.09     -0.26358202     0.027415179    -0.011326751     -0.15710511
           0.35           0.038          -0.086     -0.19632621     0.030841477    -0.014567137     -0.15878766
           0.35           0.038          -0.082     -0.12479634     0.034242953    -0.017598657     -0.16032811
           0.35           0.038          -0.078    -0.046703864      0.03773485    -0.020547403     -0.16167774
           0.35           0.038          -0.074     0.039379439     0.041330653     -0.02348455     -0.16275917
           0.35           0.038           -0.07      0.13441264     0.045033921    -0.026458563     -0.16354281
           0.35           0.038          -0.066      0.23937649     0.048780662    -0.029228047     -0.16352568
           0.35           0.038          -0.062      0.35715291     0.052293366    -0.031673138     -0.16230954
           0.35           0.038          -0.058      0.48940251     0.055144233    -0.033475582     -0.16067236
           0.35           0.038          -0.054      0.63301376     0.057232775    -0.034650139     -0.15895515
           0.35           0.038           -0.05      0.78337024     0.058484151    -0.035393238     -0.15710394
           0.35           0.038          -0.046      0.93590417      0.05881561    -0.035876372     -0.15512881
           0.35           0.038          -0.042       1.0865741     0.058246444     -0.03625731     -0.15314906
           0.35           0.038          -0.038        1.232053     0.056956999    -0.036668822      -0.1512779
           0.35           0.038          -0.034       1.3707546     0.055329623    -0.037069339     -0.14947475
           0.35           0.038           -0.03       1.5031447     0.053788817    -0.037256665     -0.14763344
           0.35           0.038          -0.026        1.631786     0.052474511    -0.036828999     -0.14566827
           0.35           0.038          -0.022       1.7575343      0.05164306    -0.035652882     -0.14371293
           0.35           0.038          -0.018       1.8793609     0.051223565    -0.033464738      -0.1418847
           0.35           0.038          -0.014       1.9933834     0.050939944    -0.030125742     -0.14030669
           0.35           0.038           -0.01       2.0892071     0.050386633    -0.025519704     -0.13904465
           0.35           0.038          -0.006       2.1429742     0.049671364     -0.01908267     -0.13801857
           0.35           0.038          -0.002       2.1254112     0.049330801    -0.011022415     -0.13756902
           0.35           0.038           0.002       2.0498269     0.049238294   -0.0026885008     -0.13747139
           0.35           0.038           0.006       1.9500288     0.049123826    0.0049656619     -0.13782733
           0.35           0.038            0.01       1.8402526     0.049016262     0.011388798     -0.13871578
           0.35           0.038           0.014       1.7249647     0.049174055     0.016408981     -0.13997676
           0.35           0.038           0.018       1.6049044      0.04989358     0.020180602     -0.14157282
           0.35           0.038           0.022        1.479713      0.05119953     0.022790561     -0.14328399
           0.35           0.038           0.026       1.3495917     0.053089529     0.024463142      -0.1452814
           0.35           0.038            0.03       1.2150703     0.055399286     0.025472716     -0.14731414
           0.35           0.038           0.034        1.076668      0.05781617     0.026234736      -0.1493202
           0.35           0.038           0.038      0.93566837     0.059923767     0.027040191     -0.15131764
           0.35           0.038           0.042      0.79433592     0.061404534     0.028004518     -0.15325578
           0.35           0.038           0.046      0.65560239      0.06211808     0.029136975     -0.15511261
           0.35           0.038            0.05      0.52314671     0.062006237     0.030276211      -0.1569646
           0.35           0.038           0.054       0.4007247     0.061037178     0.031088984     -0.15895943
           0.35           0.038           0.058      0.29082612     0.059246828      0.03125983     -0.16086702
           0.35           0.038           0.062      0.19234291      0.05702228     0.030891286     -0.16171886
           0.35           0.038           0.066      0.10266863     0.054668724     0.029965185     -0.16167922
           0.35           0.038            0.07     0.020797478     0.052391206     0.028676692     -0.16127214
           0.35           0.038           0.074    -0.053912908     0.050205322     0.026999466     -0.16049368
           0.35           0.038           0.078     -0.12222191     0.048117303     0.024928306     -0.15937751
           0.35           0.038           0.082     -0.18504282     0.046101967     0.022428677     -0.15798067
           0.35           0.038           0.086     -0.24352171     0.044088247     0.019404318     -0.15634162
           0.35           0.038            0.09     -0.29936091     0.041923977     0.015650512     -0.15444726
           0.35           0.038           0.094     -0.35556845     0.039125334     0.010900818     -0.15212656
           0.35           0.038           0.098     -0.40855148     0.033665872    0.0062448587     -0.14938161
           0.35           0.042          -0.098     -0.40600042      0.01865324   -0.0053787014     -0.15264043
           0.35           0.042          -0.094     -0.34506323     0.024335171    -0.008990257     -0.15501984
           0.35           0.042           -0.09     -0.28184239     0.028104024    -0.013167588     -0.15704414
           0.35           0.042          -0.086     -0.21834184     0.031392059    -0.016612469     -0.15887602
           0.35           0.042          -0.082     -0.15086656     0.034618548    -0.019677375     -0.16053807
           0.35           0.042          -0.078    -0.077425102       0.0378866    -0.022531778     -0.16200216
           0.35           0.042          -0.074    0.0031836731     0.041209553    -0.025265901     -0.16318014
           0.35           0.042           -0.07     0.091708773     0.044575191    -0.027919832     -0.16401904
           0.35           0.042          -0.066      0.18861132      0.04799842    -0.030483506     -0.16443957
           0.35           0.042          -0.062      0.29500671     0.051277739    -0.032688779     -0.16384139
           0.35           0.042          -0.058      0.41321444     0.054090093     -0.03445339     -0.16223515
           0.35           0.042          -0.054      0.54286572     0.056163354    -0.035609548     -0.16045607
           0.35           0.042           -0.05      0.68049588     0.057477608    -0.036336258     -0.15862741
           0.35           0.042          -0.046      0.82211881     0.058001355    -0.036839162     -0.15666986
           0.35           0.042          -0.042      0.96406471     0.057739972    -0.037258757     -0.15462891
           0.35           0.042          -0.038        1.103593      0.05680426    -0.037657071     -0.15258507
           0.35           0.042          -0.034       1.2388888     0.055526575    -0.038018301     -0.15056748
           0.35           0.042           -0.03       1.3694567     0.054320253    -0.038123533     -0.14856489
           0.35           0.042          -0.026       1.4953976     0.053493082    -0.037662619     -0.14664571
           0.35           0.042          -0.022       1.6156902     0.053243638    -0.036397181     -0.14482382
           0.35           0.042          -0.018       1.7283076     0.053441208    -0.033997196       -0.143135
           0.35           0.042          -0.014       1.8289865     0.053922367    -0.030331437     -0.14163845
           0.35           0.042           -0.01       1.9082531     0.054262804    -0.025189384     -0.14054258
           0.35           0.042          -0.006       1.9491109     0.054228102    -0.018453692     -0.13972037
           0.35           0.042          -0.002        1.936572     0.053815162    -0.010656502     -0.13930178
           0.35           0.042           0.002       1.8783992     0.053247528   -0.0028844989      -0.1392182
           0.35           0.042           0.006       1.7934073     0.052791899    0.0041337971     -0.13963191
           0.35           0.042            0.01       1.6932133      0.05267651     0.010162568     -0.14044761
           0.35           0.042           0.014       1.5826794     0.052864391     0.014947505      -0.1415915
           0.35           0.042           0.018       1.4641268     0.053662629      0.01858161     -0.14313246
           0.35           0.042           0.022       1.3400535     0.055047298     0.021145202     -0.14499286
           0.35           0.042           0.026       1.2120546     0.056795735     0.022883225     -0.14704824
           0.35           0.042            0.03       1.0813038     0.058676365     0.024145212     -0.14913959
           0.35           0.042           0.034      0.94879659     0.060377414     0.025317742      -0.1511974
           0.35           0.042           0.038      0.81586089     0.061583524     0.026654096     -0.15318979
           0.35           0.042           0.042      0.68444682     0.062100557     0.028227555     -0.15510539
           0.35           0.042           0.046      0.55740467     0.061863384     0.029934709     -0.15700246
           0.35           0.042            0.05      0.43813124      0.06087245     0.031480703      -0.1590406
           0.35           0.042           0.054      0.32941267      0.05915727     0.032493832     -0.16112759
           0.35           0.042           0.058      0.23115294     0.057012749     0.032955671     -0.16235896
           0.35           0.042           0.062      0.14124491     0.054716065     0.032817523     -0.16262594
           0.35           0.042           0.066     0.058607306     0.052539276      0.03225401     -0.16249823
           0.35           0.042            0.07    -0.017175872     0.050498429     0.031231605     -0.16197974
           0.35           0.042           0.074    -0.086649097     0.048595244     0.029739233     -0.16107874
           0.35           0.042           0.078     -0.15044509     0.046810376     0.027761449     -0.15984105
           0.35           0.042           0.082     -0.20932037     0.045095499     0.025242329     -0.15831643
           0.35           0.042           0.086     -0.26421849     0.043370371     0.022061081     -0.15652733
           0.35           0.042            0.09     -0.31654772     0.041497877     0.017970593     -0.15445518
           0.35           0.042           0.094       -0.368704      0.03905761     0.012652424     -0.15191171
           0.35           0.042           0.098     -0.41560003     0.034420631    0.0074418306     -0.14882019
           0.35           0.046          -0.098     -0.41433476     0.019810306    -0.006372865     -0.15180021
           0.35           0.046          -0.094     -0.35942831      0.02492434    -0.010815729     -0.15454876
           0.35           0.046           -0.09     -0.30045053     0.028354865     -0.01555412     -0.15685533
           0.35           0.046          -0.086     -0.24082252     0.031357745    -0.019341098     -0.15884512
           0.35           0.046          -0.082     -0.17743526     0.034291554    -0.022553269     -0.16062256
           0.35           0.046          -0.078     -0.10861011     0.037235053    -0.025408949     -0.16218236
           0.35           0.046          -0.074    -0.033364944     0.040203773    -0.028027175     -0.16344706
           0.35           0.046           -0.07     0.048885704     0.043187435    -0.030457729     -0.16433514
           0.35           0.046          -0.066      0.13846611     0.046180671    -0.032713779     -0.16481172
           0.35           0.046          -0.062      0.23548293     0.049158696     -0.03475914     -0.16477759
           0.35           0.046          -0.058      0.34105158     0.051824612    -0.036345556     -0.16370715
           0.35           0.046          -0.054      0.45662107     0.053967663    -0.037488867     -0.16184923
           0.35           0.046           -0.05      0.58081185     0.055413519    -0.038145306     -0.15993358
           0.35           0.046          -0.046      0.71039496     0.056176611     -0.03854849     -0.15798313
           0.35           0.046          -0.042      0.84214741     0.056272053    -0.038862315     -0.15593097
           0.35           0.046          -0.038      0.97342803     0.055787788    -0.039154452     -0.15380984
           0.35           0.046          -0.034       1.1024954     0.054974184     -0.03938617     -0.15166159
           0.35           0.046           -0.03       1.2282937     0.054174899    -0.039348941     -0.14951442
           0.35           0.046          -0.026       1.3498368     0.053694526    -0.038734732     -0.14744278
           0.35           0.046          -0.022       1.4652235     0.053756157    -0.037211393     -0.14552042
           0.35           0.046          -0.018       1.5708554     0.054360897    -0.034521394     -0.14390591
           0.35           0.046          -0.014       1.6606464      0.05529149    -0.030485146     -0.14251693
           0.35           0.046           -0.01       1.7266397     0.056062007    -0.024967994     -0.14146647
           0.35           0.046          -0.006       1.7585131     0.056397735    -0.018124086     -0.14074773
           0.35           0.046          -0.002       1.7490752     0.056209269    -0.010530434     -0.14040925
           0.35           0.046           0.002       1.7020922     0.055686885   -0.0030573715     -0.14043015
           0.35           0.046           0.006       1.6276672     0.055207204     0.003692377     -0.14086038
           0.35           0.046            0.01       1.5340667     0.055103459    0.0095045061     -0.14163155
           0.35           0.046           0.014       1.4278216     0.055488344     0.014195673       -0.142951
           0.35           0.046           0.018       1.3134326     0.056377271     0.017733518     -0.14465227
           0.35           0.046           0.022       1.1941167     0.057627354     0.020324729     -0.14661584
           0.35           0.046           0.026       1.0719192     0.058997745     0.022282608     -0.14870954
           0.35           0.046            0.03      0.94819304     0.060233633     0.023974533     -0.15081526
           0.35           0.046           0.034      0.82406339     0.061074849     0.025728486     -0.15286323
           0.35           0.046           0.038       0.7008943     0.061323569     0.027726495     -0.15483053
           0.35           0.046           0.042      0.58072748     0.060891436     0.029947587     -0.15676901
           0.35           0.046           0.046      0.46637482     0.059774065      0.03214204     -0.15883736
           0.35           0.046            0.05      0.36054524     0.058020809     0.033927862     -0.16102189
           0.35           0.046           0.054      0.26380661      0.05589759     0.035207388      -0.1625079
           0.35           0.046           0.058       0.1746406     0.053622644     0.035876711     -0.16310038
           0.35           0.046           0.062     0.092082382     0.051503571     0.036074235     -0.16329373
           0.35           0.046           0.066     0.015913909     0.049590302     0.035751516     -0.16308739
           0.35           0.046            0.07      -0.0542308     0.047887388     0.034887222     -0.16247028
           0.35           0.046           0.074     -0.11880051      0.04637261      0.03346913      -0.1614727
           0.35           0.046           0.078     -0.17830855     0.044998138      0.03146741     -0.16013729
           0.35           0.046           0.082     -0.23335944     0.043699318     0.028806943     -0.15850278
           0.35           0.046           0.086     -0.28469873     0.042396532      0.02534303     -0.15657608
           0.35           0.046            0.09     -0.33345457     0.040978165     0.020775907     -0.15432644
           0.35           0.046           0.094     -0.38152332     0.039093252     0.014783022     -0.15148545
           0.35           0.046           0.098     -0.42240086     0.035567394    0.0085158219     -0.14806553
           0.35            0.05          -0.098      -0.4214046      0.02136227   -0.0076107879     -0.15075822
           0.35            0.05          -0.094     -0.37356048      0.02544612    -0.012914923     -0.15389218
           0.35            0.05           -0.09     -0.31914288     0.028342749    -0.018379196     -0.15647674
           0.35            0.05          -0.086     -0.26347564     0.030909682    -0.022653652     -0.15864058
           0.35            0.05          -0.082     -0.20417801     0.033426585    -0.026134042     -0.16054034
           0.35            0.05          -0.078     -0.13989581     0.035944674    -0.029092549     -0.16218435
           0.35            0.05          -0.074    -0.069852332     0.038478134    -0.031678191     -0.16351883
           0.35            0.05           -0.07      0.00639111     0.041026641     -0.03396266     -0.16446581
           0.35            0.05          -0.066     0.089030161     0.043584979     -0.03597265     -0.16497788
           0.35            0.05          -0.062      0.17809413     0.046136443    -0.037721297     -0.16505776
           0.35            0.05          -0.058      0.27343137     0.048598834    -0.039165152     -0.16456014
           0.35            0.05          -0.054      0.37589525     0.050726755    -0.040171149     -0.16311193
           0.35            0.05           -0.05      0.48626627     0.052372627    -0.040771187     -0.16109237
           0.35            0.05          -0.046      0.60292739     0.053409901    -0.041010568     -0.15904366
           0.35            0.05          -0.042      0.72316684     0.053882453    -0.041097703        -0.15698
           0.35            0.05          -0.038      0.84447808     0.053879027    -0.041142972     -0.15484598
           0.35            0.05          -0.034      0.96495424     0.053578797    -0.041112855     -0.15264718
           0.35            0.05           -0.03       1.0831483     0.053248962    -0.040812424     -0.15042895
           0.35            0.05          -0.026       1.1975113      0.05316086    -0.039937152     -0.14826822
           0.35            0.05          -0.022       1.3056258     0.053515335    -0.038130074      -0.1462474
           0.35            0.05          -0.018       1.4034084     0.054325555    -0.035098024     -0.14449713
           0.35            0.05          -0.014       1.4847773        0.055433    -0.030651702     -0.14305302
           0.35            0.05           -0.01       1.5422894     0.056428004    -0.024788545      -0.1419865
           0.35            0.05          -0.006       1.5686919     0.057017265    -0.017804622     -0.14129953
           0.35            0.05          -0.002       1.5601113      0.05706621    -0.010243918     -0.14102566
           0.35            0.05           0.002       1.5187413     0.056783336   -0.0028343143     -0.14117901
           0.35            0.05           0.006       1.4510885     0.056526938    0.0038572892     -0.14178221
           0.35            0.05            0.01       1.3644775     0.056597532    0.0095533167     -0.14281537
           0.35            0.05           0.014       1.2653222     0.057033544     0.014145997     -0.14429926
           0.35            0.05           0.018       1.1584744     0.057794205     0.017701939     -0.14610024
           0.35            0.05           0.022       1.0472205      0.05869502     0.020494982     -0.14810055
           0.35            0.05           0.026      0.93366121      0.05949231     0.022866664     -0.15018276
           0.35            0.05            0.03      0.81918496      0.05995342     0.025154367     -0.15225172
           0.35            0.05           0.034      0.70503101     0.059895646     0.027608535     -0.15425534
           0.35            0.05           0.038        0.592836     0.059227259     0.030300571     -0.15622664
           0.35            0.05           0.042      0.48488118     0.057936331     0.033059199      -0.1583066
           0.35            0.05           0.046      0.38353465     0.056074461     0.035533811     -0.16052375
           0.35            0.05            0.05      0.28964766     0.053891243     0.037577239     -0.16218476
           0.35            0.05           0.054      0.20223708     0.051580569     0.039052386      -0.1630647
           0.35            0.05           0.058      0.12061922     0.049447813     0.040036861     -0.16357505
           0.35            0.05           0.062     0.044792698     0.047589009     0.040454304     -0.16370082
           0.35            0.05           0.066    -0.025431833     0.046033896     0.040265518     -0.16340978
           0.35            0.05            0.07    -0.090353716     0.044763137     0.039453259     -0.16271625
           0.35            0.05           0.074     -0.15033112     0.043725929     0.037997435     -0.16164587
           0.35            0.05           0.078     -0.20576125      0.04285071     0.035857537     -0.16023288
           0.35            0.05           0.082     -0.25710407     0.042064084     0.032942423      -0.1585043
           0.35            0.05           0.086     -0.30491813     0.041296471     0.029082899     -0.15645092
           0.35            0.05            0.09     -0.35007561     0.040479014     0.023919456     -0.15402288
           0.35            0.05           0.094      -0.3940015     0.039380535     0.017153515     -0.15084831
           0.35            0.05           0.098     -0.42854085     0.037163504    0.0095204426     -0.14715424
           0.35           0.054          -0.098     -0.42840119     0.023284835   -0.0087652762     -0.14957697
           0.35           0.054          -0.094     -0.38737856     0.026088987    -0.015322718     -0.15304166
           0.35           0.054           -0.09     -0.33761885     0.028232117    -0.021579928     -0.15594213
           0.35           0.054          -0.086     -0.28603646     0.030201868    -0.026443675     -0.15826955
           0.35           0.054          -0.082     -0.23084751     0.032178175    -0.030287623     -0.16027507
           0.35           0.054          -0.078     -0.17102595     0.034176191     -0.03344032     -0.16198381
           0.35           0.054          -0.074     -0.10599977     0.036200833    -0.036076698     -0.16336426
           0.35           0.054           -0.07    -0.035474356     0.038259163    -0.038291112     -0.16435475
           0.35           0.054          -0.066     0.040639914     0.040357247    -0.040127548     -0.16490417
           0.35           0.054          -0.062      0.12228932     0.042489149     -0.04161073     -0.16500269
           0.35           0.054          -0.058      0.20926959     0.044629165    -0.042771804     -0.16467739
           0.35           0.054          -0.054      0.30118761     0.046673547    -0.043605129     -0.16378493
           0.35           0.054           -0.05      0.39853622     0.048417447    -0.044039273     -0.16211409
           0.35           0.054          -0.046      0.50172612     0.049767335    -0.044130909     -0.15995238
           0.35           0.054          -0.042      0.60938236     0.050630602    -0.043930759     -0.15778929
           0.35           0.054          -0.038      0.71933661     0.051098944    -0.043594933      -0.1556455
           0.35           0.054          -0.034      0.82946022     0.051312871    -0.043146808      -0.1534544
           0.35           0.054           -0.03      0.93793039     0.051466973    -0.042423803     -0.15123654
           0.35           0.054          -0.026       1.0428337     0.051782239    -0.041137616     -0.14906641
           0.35           0.054          -0.022       1.1415003     0.052433645    -0.038938009      -0.1470266
           0.35           0.054          -0.018       1.2298705     0.053448212    -0.035510182     -0.14523347
           0.35           0.054          -0.014       1.3023483     0.054686976    -0.030670332     -0.14376856
           0.35           0.054           -0.01       1.3524564     0.055829601    -0.024483152     -0.14271083
           0.35           0.054          -0.006       1.3746811     0.056601514    -0.017293435     -0.14206674
           0.35           0.054          -0.002       1.3665708     0.056894064    -0.009656681       -0.141871
           0.35           0.054           0.002       1.3297942     0.056856038   -0.0022325595     -0.14213108
           0.35           0.054           0.006       1.2692951     0.056774494    0.0044541223     -0.14286289
           0.35           0.054            0.01        1.191367     0.056890328     0.010136909     -0.14403226
           0.35           0.054           0.014       1.1017511     0.057227554     0.014783331     -0.14558514
           0.35           0.054           0.018        1.004902     0.057699455     0.018555746     -0.14740167
           0.35           0.054           0.022      0.90385904     0.058108114     0.021758431     -0.14937137
           0.35           0.054           0.026      0.80061176     0.058235072      0.02472151     -0.15139202
           0.35           0.054            0.03      0.69664843     0.057900346     0.027718352     -0.15339394
           0.35           0.054           0.034      0.59354187     0.056998682     0.030891698     -0.15537024
           0.35           0.054           0.038      0.49325901     0.055526266     0.034162142     -0.15743631
           0.35           0.054           0.042      0.39782037     0.053536443     0.037243928     -0.15963438
           0.35           0.054           0.046      0.30805876     0.051245314     0.039987123     -0.16139755
           0.35           0.054            0.05      0.22345066     0.048831647     0.042235113     -0.16251156
           0.35           0.054           0.054       0.1436604     0.046604529      0.04400774     -0.16330566
           0.35           0.054           0.058     0.068923573     0.044702925     0.045191001     -0.16374964
           0.35           0.054           0.062   -0.0007522011     0.043195172     0.045718441     -0.16379698
           0.35           0.054           0.066     -0.06551336     0.042082353      0.04555814     -0.16344315
           0.35           0.054            0.07     -0.12559027     0.041319336     0.044687635     -0.16269504
           0.35           0.054           0.074     -0.18125449     0.040827562     0.043083194     -0.16157152
           0.35           0.054           0.078     -0.23279428     0.040517733     0.040696773     -0.16009827
           0.35           0.054           0.082     -0.28053381     0.040315939     0.037424386     -0.15829126
           0.35           0.054           0.086     -0.32485458     0.040172834     0.033073233     -0.15612596
           0.35           0.054            0.09     -0.36637939     0.040078439     0.027224449      -0.1535324
           0.35           0.054           0.094     -0.40602362     0.039959266      0.01960739     -0.15004641
           0.35           0.054           0.098     -0.43368192     0.039235876     0.010565591     -0.14612054
           0.35           0.058          -0.098      -0.4346891     0.025724594   -0.0098887559     -0.14828526
           0.35           0.058          -0.094     -0.40088803     0.026928833     -0.01786012     -0.15201354
           0.35           0.058           -0.09     -0.35584413     0.028097405    -0.024987324     -0.15522419
           0.35           0.058          -0.086     -0.30839472     0.029333698    -0.030525442     -0.15770353
           0.35           0.058          -0.082     -0.25730105     0.030670925    -0.034818066      -0.1597993
           0.35           0.058          -0.078     -0.20184054     0.032074285    -0.038250616     -0.16155643
           0.35           0.058          -0.074     -0.14163511     0.033532538    -0.041021081     -0.16296362
           0.35           0.058           -0.07    -0.076525967     0.035056686    -0.043242671     -0.16397646
           0.35           0.058          -0.066   -0.0065202113     0.036667295    -0.044975636     -0.16455326
           0.35           0.058          -0.062     0.068252856     0.038376013    -0.046259308      -0.1646778
           0.35           0.058          -0.058      0.14755191     0.040169945    -0.047132623     -0.16436491
           0.35           0.058          -0.054       0.2309743     0.042011899    -0.047643353     -0.16364863
           0.35           0.058           -0.05      0.31791576     0.043794152    -0.047844856     -0.16249205
           0.35           0.058          -0.046      0.40851964     0.045317129    -0.047671054     -0.16070315
           0.35           0.058          -0.042        0.502966     0.046560253    -0.047203023     -0.15845691
           0.35           0.058          -0.038      0.60033423     0.047481663    -0.046435536       -0.156248
           0.35           0.058          -0.034      0.69873935     0.048179189    -0.045447855     -0.15407194
           0.35           0.058           -0.03      0.79604544     0.048791519    -0.044149131     -0.15189469
           0.35           0.058          -0.026      0.89001825     0.049490791    -0.042295962     -0.14977343
           0.35           0.058          -0.022      0.97788424     0.050411418     -0.03957029     -0.14778274
           0.35           0.058          -0.018       1.0558664      0.05158561     -0.03567248     -0.14602308
           0.35           0.058          -0.014       1.1190854     0.052905199    -0.030436009     -0.14458085
           0.35           0.058           -0.01       1.1622172     0.054123539    -0.023939513     -0.14354159
           0.35           0.058          -0.006       1.1809918     0.055015118    -0.016540835     -0.14294405
           0.35           0.058          -0.002       1.1737038     0.055485126   -0.0087977968     -0.14281797
           0.35           0.058           0.002       1.1417947     0.055638291   -0.0013203019     -0.14316525
           0.35           0.058           0.006       1.0892591     0.055681749    0.0054243902     -0.14397221
           0.35           0.058            0.01       1.0212388     0.055778221     0.011226905     -0.14518125
           0.35           0.058           0.014      0.94253477     0.055928302     0.016121151     -0.14672301
           0.35           0.058           0.018      0.85691566     0.056025064     0.020315293     -0.14848967
           0.35           0.058           0.022      0.76706754     0.055891126     0.024108496     -0.15037806
           0.35           0.058           0.026      0.67496626     0.055353369     0.027777206      -0.1523086
           0.35           0.058            0.03      0.58236788     0.054294204     0.031493495      -0.1542582
           0.35           0.058           0.034      0.49109052     0.052679946     0.035268419     -0.15625658
           0.35           0.058           0.038      0.40292268     0.050589012     0.038913492     -0.15837261
           0.35           0.058           0.042      0.31848979     0.048186903     0.042304029     -0.16017831
           0.35           0.058           0.046      0.23771131      0.04563896     0.045288469     -0.16146578
           0.35           0.058            0.05      0.16066686     0.043251167     0.047831938     -0.16249294
           0.35           0.058           0.054     0.087797369     0.041206743      0.04978848     -0.16321801
           0.35           0.058           0.058      0.01932226     0.039623075     0.051060731       -0.163585
           0.35           0.058           0.062    -0.044729114     0.038540745     0.051592962     -0.16357339
           0.35           0.058           0.066     -0.10445243     0.037934144     0.051350786     -0.16317555
           0.35           0.058            0.07     -0.16001436     0.037729579     0.050311852     -0.16239079
           0.35           0.058           0.074      -0.2116044     0.037825087      0.04845226     -0.16123041
           0.35           0.058           0.078     -0.25940987     0.038119917      0.04572028     -0.15971138
           0.35           0.058           0.082     -0.30362661     0.038546404     0.042000838     -0.15784134
           0.35           0.058           0.086     -0.34446513     0.039085006      0.03708014     -0.15558374
           0.35           0.058            0.09     -0.38229194     0.039795886     0.030482843     -0.15284983
           0.35           0.058           0.094     -0.41745193     0.040778829     0.021969745     -0.14910124
           0.35           0.058           0.098     -0.43757757     0.041670947     0.011482786     -0.14501882
           0.35           0.062          -0.098     -0.43981539     0.028460971     -0.01088943     -0.14691228
           0.35           0.062          -0.094     -0.41390022     0.027936474     -0.02034424      -0.1508319
           0.35           0.062           -0.09     -0.37372963      0.02797652    -0.028395418     -0.15431482
           0.35           0.062          -0.086     -0.33046428     0.028377461    -0.034673931     -0.15692462
           0.35           0.062          -0.082     -0.28344507     0.029005809    -0.039489184      -0.1590931
           0.35           0.062          -0.078     -0.23224051     0.029764046    -0.043281432     -0.16088394
           0.35           0.062          -0.074     -0.17665972     0.030618049    -0.046267851      -0.1623034
           0.35           0.062           -0.07     -0.11667191     0.031579562    -0.048576261     -0.16332182
           0.35           0.062          -0.066    -0.052374316     0.032681904     -0.05027801     -0.16391277
           0.35           0.062          -0.062     0.016041976     0.033953611    -0.051423196     -0.16406333
           0.35           0.062          -0.058     0.088291205     0.035401206    -0.052059386     -0.16378578
           0.35           0.062          -0.054      0.16396772     0.036994703    -0.052240334     -0.16310861
           0.35           0.062           -0.05      0.24250534     0.038667632    -0.052029819     -0.16208565
           0.35           0.062          -0.046      0.32316944     0.040315009    -0.051513238     -0.16076203
           0.35           0.062          -0.042      0.40569765      0.04177693    -0.050647949     -0.15891939
           0.35           0.062          -0.038      0.49000429     0.043071214     -0.04947841     -0.15673784
           0.35           0.062          -0.034      0.57560484     0.044197652    -0.047931159     -0.15456581
           0.35           0.062           -0.03      0.66062133     0.045215841    -0.045973408      -0.1524312
           0.35           0.062          -0.026      0.74276402      0.04625167    -0.043437041     -0.15038583
           0.35           0.062          -0.022      0.81921384     0.047400619     -0.04007279     -0.14847922
           0.35           0.062          -0.018      0.88652713     0.048695865    -0.035628187     -0.14680195
           0.35           0.062          -0.014      0.94062121     0.050052827    -0.029966618     -0.14543306
           0.35           0.062           -0.01      0.97728651     0.051290799    -0.023173807     -0.14445105
           0.35           0.062          -0.006      0.99325528     0.052239567    -0.015593176     -0.14390572
           0.35           0.062          -0.002      0.98731411     0.052822062   -0.0077456101      -0.1438256
           0.35           0.062           0.002      0.96068492     0.053101233  -0.00017580647     -0.14420475
           0.35           0.062           0.006       0.9165189     0.053206303    0.0067205098     -0.14501529
           0.35           0.062            0.01      0.85881452      0.05323028     0.012793559     -0.14619623
           0.35           0.062           0.014       0.7913708     0.053152963     0.018116353     -0.14767086
           0.35           0.062           0.018      0.71730524     0.052866096     0.022895835     -0.14933779
           0.35           0.062           0.022      0.63906732      0.05222594     0.027383545     -0.15111095
           0.35           0.062           0.026      0.55866667      0.05111883     0.031764759     -0.15295695
           0.35           0.062            0.03      0.47791122     0.049491081     0.036099154     -0.15486833
           0.35           0.062           0.034      0.39828253     0.047365673     0.040306114     -0.15680583
           0.35           0.062           0.038      0.32037182     0.044897838     0.044331445     -0.15858817
           0.35           0.062           0.042      0.24444684     0.042231085     0.048032144     -0.15999479
           0.35           0.062           0.046      0.17109099     0.039660667     0.051325375     -0.16118872
           0.35           0.062            0.05      0.10090981     0.037401496     0.054053111     -0.16213785
           0.35           0.062           0.054     0.034323797     0.035626001     0.056088492      -0.1627808
           0.35           0.062           0.058    -0.028443533     0.034429897     0.057348001     -0.16308557
           0.35           0.062           0.062    -0.087329119     0.033826736      0.05777743     -0.16303253
           0.35           0.062           0.066     -0.14238082     0.033764443     0.057343925     -0.16260519
           0.35           0.062            0.07     -0.19370353     0.034141796     0.056030218     -0.16179695
           0.35           0.062           0.074     -0.24141087     0.034837167     0.053815492     -0.16061119
           0.35           0.062           0.078     -0.28559683     0.035743583     0.050647784     -0.15905771
           0.35           0.062           0.082     -0.32633575     0.036806826     0.046404454     -0.15713978
           0.35           0.062           0.086     -0.36366777     0.038045015     0.040852969     -0.15481345
           0.35           0.062            0.09     -0.39769045      0.03959534     0.033466547     -0.15197597
           0.35           0.062           0.094     -0.42811455     0.041737565     0.024049236     -0.14803703
           0.35           0.062           0.098     -0.44005073     0.044216798     0.012073773     -0.14391979
           0.35           0.066          -0.098     -0.44348198     0.031301158    -0.011603518     -0.14553581
           0.35           0.066          -0.094     -0.42618379     0.029030104    -0.022594325     -0.14953043
           0.35           0.066           -0.09     -0.39112837     0.027854132    -0.031580623     -0.15322081
           0.35           0.066          -0.086     -0.35213377      0.02736445    -0.038644303      -0.1559261
           0.35           0.066          -0.082     -0.30918692     0.027251275    -0.044043784     -0.15814607
           0.35           0.066          -0.078     -0.26215063     0.027345312    -0.048268773     -0.15995672
           0.35           0.066          -0.074     -0.21101679     0.027583352    -0.051552635     -0.16137746
           0.35           0.066           -0.07      -0.1558761     0.027972409     -0.05403068     -0.16239101
           0.35           0.066          -0.066    -0.096909853     0.028555926    -0.055779536     -0.16298423
           0.35           0.066          -0.062    -0.034367392     0.029378695    -0.056854769     -0.16315471
           0.35           0.066          -0.058     0.031425797      0.03046364    -0.057309912     -0.16291744
           0.35           0.066          -0.054      0.10004763     0.031796323    -0.057204188     -0.16230284
           0.35           0.066           -0.05       0.1709491     0.033315035     -0.05660332     -0.16135257
           0.35           0.066          -0.046      0.24344046      0.03492679    -0.055586027     -0.16013787
           0.35           0.066          -0.042      0.31672346     0.036550018    -0.054227789     -0.15869879
           0.35           0.066          -0.038      0.39003184     0.038069946    -0.052521284     -0.15691662
           0.35           0.066          -0.034      0.46305727       0.0394622    -0.050416135     -0.15493849
           0.35           0.066           -0.03      0.53520371     0.040774706    -0.047812946     -0.15289489
           0.35           0.066          -0.026      0.60489685      0.04207021    -0.044575934     -0.15094923
           0.35           0.066          -0.022      0.66962988     0.043392285     -0.04053171     -0.14914521
           0.35           0.066          -0.018      0.72640671     0.044763984    -0.035498623     -0.14756989
           0.35           0.066          -0.014      0.77182588     0.046124361    -0.029394671      -0.1462915
           0.35           0.066           -0.01      0.80262557     0.047347872    -0.022314028     -0.14537999
           0.35           0.066          -0.006       0.8163591     0.048308461    -0.014563847     -0.14488335
           0.35           0.066          -0.002      0.81214955     0.048946663   -0.0066006421     -0.14482448
           0.35           0.066           0.002      0.79092346     0.049293048    0.0011147703     -0.14519454
           0.35           0.066           0.006      0.75501501     0.049417324    0.0082631879      -0.1459609
           0.35           0.066            0.01      0.70740626     0.049354427     0.014736802     -0.14705968
           0.35           0.066           0.014      0.65107293     0.049066602     0.020609214     -0.14841108
           0.35           0.066           0.018      0.58856532     0.048464409     0.026048888     -0.14993242
           0.35           0.066           0.022      0.52203676     0.047447836     0.031231794     -0.15156122
           0.35           0.066           0.026       0.4532307     0.045946583     0.036247044     -0.15329449
           0.35           0.066            0.03      0.38327932     0.043954705     0.041132705     -0.15503786
           0.35           0.066           0.034       0.3130101      0.04149954      0.04581488     -0.15670582
           0.35           0.066           0.038       0.2430531     0.038774817     0.050239232     -0.15818621
           0.35           0.066           0.042       0.1743737     0.036051835     0.054273252     -0.15948406
           0.35           0.066           0.046      0.10774936     0.033561246     0.057770074      -0.1605863
           0.35           0.066            0.05     0.043789275     0.031517802     0.060583429     -0.16144118
           0.35           0.066           0.054    -0.017083841     0.030079647     0.062601937     -0.16201094
           0.35           0.066           0.058    -0.074625133     0.029318569     0.063746868     -0.16226814
           0.35           0.066           0.062     -0.12873618     0.029225516     0.063965984     -0.16218473
           0.35           0.066           0.066     -0.17941807     0.029719547     0.063235279     -0.16173869
           0.35           0.066            0.07     -0.22671837     0.030673917     0.061545929     -0.16091561
           0.35           0.066           0.074      -0.2706816     0.031950801      0.05888334     -0.15971159
           0.35           0.066           0.078     -0.31131458     0.033441019      0.05519879     -0.15813126
           0.35           0.066           0.082     -0.34857193     0.035107761     0.050364257      -0.1561795
           0.35           0.066           0.086      -0.3823246     0.037015115     0.044133079     -0.15381216
           0.35           0.066            0.09     -0.41238787     0.039380993     0.035936552     -0.15091898
           0.35           0.066           0.094     -0.43778053     0.042660302     0.025633856     -0.14689023
           0.35           0.066           0.098     -0.44093137     0.046477938     0.012186484     -0.14289084
           0.35            0.07          -0.098     -0.44546617     0.033866684    -0.011877876     -0.14423116
           0.35            0.07          -0.094     -0.43747353     0.030044332    -0.024404364     -0.14815327
           0.35            0.07           -0.09     -0.40783226     0.027650509    -0.034307602      -0.1519576
           0.35            0.07          -0.086     -0.37324742     0.026276929    -0.042181404     -0.15471174
           0.35            0.07          -0.082     -0.33441318     0.025439333    -0.048217498     -0.15695708
           0.35            0.07          -0.078     -0.29149442     0.024891282     -0.05294532     -0.15877513
           0.35            0.07          -0.074     -0.24466499     0.024533271    -0.056608434     -0.16019025
           0.35            0.07           -0.07      -0.1941335     0.024363688    -0.059343415     -0.16119365
           0.35            0.07          -0.066     -0.14016044     0.024433738    -0.061226078     -0.16178267
           0.35            0.07          -0.062    -0.083049557      0.02480346    -0.062311968     -0.16196665
           0.35            0.07          -0.058    -0.023163936     0.025511172    -0.062656301     -0.16176672
           0.35            0.07          -0.054     0.039051745     0.026555951    -0.062321712     -0.16121798
           0.35            0.07           -0.05      0.10304913     0.027887225    -0.061378099     -0.16036174
           0.35            0.07          -0.046      0.16815815     0.029410797    -0.059900227     -0.15924772
           0.35            0.07          -0.042      0.23359291     0.031029051    -0.057961735     -0.15793822
           0.35            0.07          -0.038      0.29847435     0.032669476    -0.055602663     -0.15646751
           0.35            0.07          -0.034      0.36172964     0.034226476    -0.052824861     -0.15486208
           0.35            0.07           -0.03      0.42267696     0.035663098    -0.049536857     -0.15314814
           0.35            0.07          -0.026      0.48040507     0.037063642    -0.045646324     -0.15142173
           0.35            0.07          -0.022      0.53354773     0.038441385    -0.040963904     -0.14978693
           0.35            0.07          -0.018      0.58010123     0.039825443    -0.035379981     -0.14835337
           0.35            0.07          -0.014      0.61734049     0.041154612    -0.028861243      -0.1471865
           0.35            0.07           -0.01      0.64278422     0.042334073    -0.021511552     -0.14634518
           0.35            0.07          -0.006      0.65464606     0.043279337    -0.013594682     -0.14588114
           0.35            0.07          -0.002      0.65226505     0.043946748   -0.0054913155     -0.14581557
           0.35            0.07           0.002      0.63622429     0.044340419    0.0024228929     -0.14613527
           0.35            0.07           0.006      0.60811219     0.044483981    0.0098938864     -0.14679839
           0.35            0.07            0.01      0.57005866     0.044379265     0.016836163      -0.1477416
           0.35            0.07           0.014       0.5243448     0.043990995       0.0233068     -0.14889344
           0.35            0.07           0.018      0.47274052     0.043223326     0.029419286     -0.15021856
           0.35            0.07           0.022      0.41670135     0.041979648     0.035273827     -0.15167572
           0.35            0.07           0.026      0.35737888     0.040217027     0.040935254     -0.15321402
           0.35            0.07            0.03      0.29575518     0.037963473     0.046408236     -0.15471991
           0.35            0.07           0.034      0.23291627      0.03533104     0.051608986     -0.15616953
           0.35            0.07           0.038      0.16994753     0.032552838     0.056418764     -0.15750267
           0.35            0.07           0.042      0.10779653     0.029882312     0.060702574     -0.15868146
           0.35            0.07           0.046     0.047251212     0.027563282     0.064316506     -0.15967047
           0.35            0.07            0.05    -0.011070616     0.025806738     0.067128549     -0.16043369
           0.35            0.07           0.054    -0.066729415     0.024752278     0.069035329     -0.16094051
           0.35            0.07           0.058     -0.11945422     0.024455096     0.069960803     -0.16115748
           0.35            0.07           0.062     -0.16911075     0.024878863     0.069864124     -0.16105167
           0.35            0.07           0.066     -0.21565682     0.025914122     0.068734135     -0.16059281
           0.35            0.07            0.07     -0.25908847      0.02741093     0.066574006     -0.15975865
           0.35            0.07           0.074     -0.29938668     0.029218222     0.063378085     -0.15853942
           0.35            0.07           0.078     -0.33647422     0.031227145     0.059102946      -0.1569372
           0.35            0.07           0.082      -0.3701861     0.033419842     0.053617525     -0.15496393
           0.35            0.07           0.086     -0.40022044     0.035907606     0.046663755     -0.15258618
           0.35            0.07            0.09       -0.426101     0.038990282     0.037650002     -0.14969396
           0.35            0.07           0.094     -0.44611716     0.043273078     0.026496686     -0.14570124
           0.35            0.07           0.098     -0.44005956     0.047914761     0.011672511     -0.14198723
           0.35           0.074          -0.098     -0.44557073     0.035678141     -0.01154438     -0.14306305
           0.35           0.074          -0.094     -0.44741987     0.030736625    -0.025543551     -0.14674726
           0.35           0.074           -0.09     -0.42354724     0.027224541    -0.036333497     -0.15054555
           0.35           0.074          -0.086     -0.39358303     0.025048949    -0.045031606      -0.1532944
           0.35           0.074          -0.082     -0.35896978      0.02356565    -0.051754657     -0.15553698
           0.35           0.074          -0.078     -0.32017602     0.022445563    -0.057055769     -0.15735221
           0.35           0.074          -0.074     -0.27756247     0.021548721    -0.061182805     -0.15875906
           0.35           0.074           -0.07     -0.23145603     0.020862853      -0.0642679     -0.15975204
           0.35           0.074          -0.066     -0.18219343     0.020445476    -0.066380485     -0.16033578
           0.35           0.074          -0.062     -0.13012865     0.020371835    -0.067571008     -0.16053019
           0.35           0.074          -0.058    -0.075659246     0.020696203    -0.067891756     -0.16036576
           0.35           0.074          -0.054    -0.019253697     0.021429028    -0.067405822     -0.15988081
           0.35           0.074           -0.05     0.038530495     0.022529326    -0.066185622     -0.15911973
           0.35           0.074          -0.046     0.097032933     0.023907565    -0.064307406     -0.15812784
           0.35           0.074          -0.042      0.15548757     0.025450433    -0.061843481     -0.15695344
           0.35           0.074          -0.038      0.21303437     0.027055753     -0.05884301     -0.15564591
           0.35           0.074          -0.034      0.26870981     0.028633798    -0.055326512     -0.15426952
           0.35           0.074           -0.03      0.32147544     0.030133555    -0.051287271      -0.1528842
           0.35           0.074          -0.026      0.37020246     0.031538134    -0.046670546     -0.15148946
           0.35           0.074          -0.022      0.41391985     0.032838587     -0.04136808     -0.15016671
           0.35           0.074          -0.018      0.45143795     0.034102874    -0.035302975     -0.14897745
           0.35           0.074          -0.014      0.48128279     0.035298425    -0.028426207     -0.14800128
           0.35           0.074           -0.01      0.50184974     0.036374732    -0.020855129     -0.14727453
           0.35           0.074          -0.006      0.51198765     0.037281612    -0.012801872     -0.14684222
           0.35           0.074          -0.002      0.51121012     0.037987325   -0.0045607656     -0.14672748
           0.35           0.074           0.002      0.49976548     0.038473969    0.0035799762     -0.14692281
           0.35           0.074           0.006      0.47851752     0.038722374     0.011422417     -0.14739879
           0.35           0.074            0.01      0.44872851     0.038684013     0.018877117     -0.14812342
           0.35           0.074           0.014      0.41167751      0.03827954     0.025979038      -0.1490728
           0.35           0.074           0.018      0.36851283     0.037431397      0.03281324     -0.15020757
           0.35           0.074           0.022      0.32033448     0.036060517     0.039409797     -0.15146731
           0.35           0.074           0.026      0.26825806     0.034150733     0.045759862     -0.15278661
           0.35           0.074            0.03       0.2135331     0.031796905     0.051813842     -0.15410274
           0.35           0.074           0.034      0.15727324     0.029147987     0.057470987     -0.15537993
           0.35           0.074           0.038       0.1005258     0.026435685     0.062598327     -0.15655973
           0.35           0.074           0.042     0.044223722     0.023922069     0.067057291      -0.1576036
           0.35           0.074           0.046    -0.010840572     0.021855747     0.070708741     -0.15848072
           0.35           0.074            0.05    -0.064035668     0.020438282     0.073429779      -0.1591602
           0.35           0.074           0.054     -0.11490226     0.019799469     0.075120695     -0.15960922
           0.35           0.074           0.058     -0.16314104     0.019972804     0.075719522     -0.15979194
           0.35           0.074           0.062     -0.20858565     0.020894418      0.07520224     -0.15966743
           0.35           0.074           0.066     -0.25115617     0.022427517     0.073574687      -0.1591969
           0.35           0.074            0.07     -0.29080231     0.024401329     0.070854961     -0.15835075
           0.35           0.074           0.074     -0.32744444     0.026653458     0.067047553     -0.15711555
           0.35           0.074           0.078     -0.36092034     0.029075908     0.062114367      -0.1554943
           0.35           0.074           0.082     -0.39094323     0.031666938     0.055920934     -0.15351156
           0.35           0.074           0.086     -0.41703091     0.034583715     0.048203609     -0.15115352
           0.35           0.074            0.09     -0.43841449     0.038196366     0.038371316     -0.14832392
           0.35           0.074           0.094     -0.45265952      0.04321224     0.026413428     -0.14451051
           0.35           0.074           0.098     -0.43736546      0.04791575     0.010444492     -0.14123772
           0.35           0.078          -0.098     -0.44365856      0.03605341    -0.010510486     -0.14208915
           0.35           0.078          -0.094     -0.45553617     0.030744415    -0.025799356     -0.14537473
           0.35           0.078           -0.09     -0.43785385       0.0263584    -0.037429243     -0.14902151
           0.35           0.078          -0.086     -0.41282516     0.023561488    -0.046962555     -0.15170064
           0.35           0.078          -0.082     -0.38263892     0.021583737    -0.054425309     -0.15391121
           0.35           0.078          -0.078     -0.34806639     0.020017222     -0.06037507     -0.15571632
           0.35           0.078          -0.074     -0.30966104     0.018681451    -0.065055564     -0.15711792
           0.35           0.078           -0.07     -0.26787389     0.017554729    -0.068589834     -0.15810626
           0.35           0.078          -0.066     -0.22311817     0.016701098    -0.071037558     -0.15868953
           0.35           0.078          -0.062     -0.17579553     0.016211924    -0.072440068     -0.15889551
           0.35           0.078          -0.058     -0.12633297     0.016158344    -0.072841506     -0.15876381
           0.35           0.078          -0.054    -0.075219196     0.016565225    -0.072302137      -0.1583401
           0.35           0.078           -0.05     -0.02302683     0.017397247    -0.070894756     -0.15766851
           0.35           0.078          -0.046     0.029585986     0.018569233    -0.068698079     -0.15679366
           0.35           0.078          -0.042      0.08187639     0.019963799    -0.065788564     -0.15575899
           0.35           0.078          -0.038      0.13302318     0.021457847    -0.062228711     -0.15460841
           0.35           0.078          -0.034      0.18213899     0.022943774    -0.058060036     -0.15339519
           0.35           0.078           -0.03      0.22828592     0.024355828     -0.05330667     -0.15218174
           0.35           0.078          -0.026      0.27049682     0.025678622    -0.047962137     -0.15101232
           0.35           0.078          -0.022       0.3077574     0.026894333    -0.042009721     -0.14995574
           0.35           0.078          -0.018      0.33900714     0.028010399    -0.035424912     -0.14900628
           0.35           0.078          -0.014      0.36354135      0.02904798    -0.028197979     -0.14821663
           0.35           0.078           -0.01      0.38051836      0.03000086    -0.020413782     -0.14761551
           0.35           0.078          -0.006      0.38927145     0.030848317    -0.012220968     -0.14723168
           0.35           0.078          -0.002      0.38946218     0.031569765   -0.0038215921     -0.14708974
           0.35           0.078           0.002      0.38113096     0.032129423    0.0045837994      -0.1471904
           0.35           0.078           0.006      0.36464486     0.032474874     0.012849899     -0.14752918
           0.35           0.078            0.01      0.34058376     0.032518914      0.02089888      -0.1480984
           0.35           0.078           0.014      0.30955116     0.032142346      0.02870896     -0.14888623
           0.35           0.078           0.018      0.27250301     0.031271314     0.036279996     -0.14983874
           0.35           0.078           0.022      0.23050867     0.029875011     0.043590724       -0.150915
           0.35           0.078           0.026      0.18460998     0.027975436     0.050581677     -0.15206391
           0.35           0.078            0.03      0.13589028     0.025673205     0.057161678     -0.15322239
           0.35           0.078           0.034     0.085406815      0.02313637     0.063209975     -0.15434184
           0.35           0.078           0.038     0.034170037     0.020602983     0.068585534     -0.15537621
           0.35           0.078           0.042    -0.016897641     0.018339195     0.073143537     -0.15629624
           0.35           0.078           0.046    -0.067000574     0.016590891     0.076744038     -0.15707358
           0.35           0.078            0.05     -0.11549558     0.015553671     0.079266711     -0.15767739
           0.35           0.078           0.054     -0.16189934     0.015341815     0.080628504     -0.15807548
           0.35           0.078           0.058     -0.20588939     0.015966904      0.08078867     -0.15822682
           0.35           0.078           0.062     -0.24727436     0.017338863     0.079745973     -0.15808282
           0.35           0.078           0.066     -0.28594331     0.019296042     0.077528367      -0.1575961
           0.35           0.078            0.07     -0.32180169     0.021648127     0.074168997     -0.15673229
           0.35           0.078           0.074     -0.35470809     0.024222948     0.069681655     -0.15547672
           0.35           0.078           0.078     -0.38441004     0.026911471       0.0640297      -0.1538388
           0.35           0.078           0.082     -0.41048852     0.029718984     0.057076631     -0.15185845
           0.35           0.078           0.086     -0.43228124     0.032837201     0.048555341     -0.14955322
           0.35           0.078            0.09     -0.44874898     0.036682006     0.037912566     -0.14685912
           0.35           0.078           0.094     -0.45681982     0.041959489     0.025245623     -0.14338076
           0.35           0.078           0.098     -0.43292337     0.045715394    0.0085864539      -0.1406871
           0.35           0.082          -0.098     -0.43976931     0.034460804   -0.0087377189      -0.1413358
           0.35           0.082          -0.094     -0.46119264     0.029658061    -0.024975157      -0.1440826
           0.35           0.082           -0.09     -0.45017185     0.024773792    -0.037386151     -0.14742241
           0.35           0.082          -0.086     -0.43053185     0.021637602     -0.04777346     -0.14996542
           0.35           0.082          -0.082     -0.40511774     0.019395807    -0.056045991     -0.15211932
           0.35           0.082          -0.078     -0.37499342     0.017571532     -0.06272865     -0.15391316
           0.35           0.082          -0.074      -0.3409099      0.01594474    -0.068054397      -0.1553193
           0.35           0.082           -0.07     -0.30345156     0.014490213    -0.072137676     -0.15631637
           0.35           0.082          -0.066     -0.26311513      0.01328246    -0.075030941     -0.15691018
           0.35           0.082          -0.062     -0.22035033     0.012429882    -0.076762964     -0.15713385
           0.35           0.082          -0.058     -0.17560859      0.01202161    -0.077365413      -0.1570338
           0.35           0.082          -0.054      -0.1293921     0.012098808    -0.076890168     -0.15666306
           0.35           0.082           -0.05     -0.08228418     0.012636118    -0.075406018      -0.1560699
           0.35           0.082          -0.046    -0.034950556     0.013552664    -0.072993871     -0.15529647
           0.35           0.082          -0.042     0.011880394     0.014730707    -0.069738116     -0.15438227
           0.35           0.082          -0.038     0.057436439     0.016040996    -0.065716197     -0.15336487
           0.35           0.082          -0.034      0.10089587     0.017363624    -0.060992352     -0.15228868
           0.35           0.082           -0.03      0.14142439     0.018623145    -0.055623132     -0.15121007
           0.35           0.082          -0.026      0.17820145     0.019785824    -0.049649644     -0.15017422
           0.35           0.082          -0.022      0.21043262      0.02083568    -0.043104053     -0.14923269
           0.35           0.082          -0.018      0.23737753     0.021795814    -0.036009789      -0.1484084
           0.35           0.082          -0.014      0.25844426     0.022686816    -0.028391808     -0.14772776
           0.35           0.082           -0.01      0.27307776     0.023515187    -0.020308916     -0.14720697
           0.35           0.082          -0.006      0.28083857     0.024281221    -0.011856709     -0.14686888
           0.35           0.082          -0.002      0.28147978      0.02498439   -0.0031724086     -0.14673483
           0.35           0.082           0.002      0.27496296      0.02557399    0.0056005644     -0.14681114
           0.35           0.082           0.006      0.26144296     0.025974093     0.014346741      -0.1470977
           0.35           0.082            0.01      0.24123341     0.026077306     0.022986552       -0.147587
           0.35           0.082           0.014      0.21478324     0.025766968     0.031463127     -0.14826744
           0.35           0.082           0.018      0.18275991     0.024971546     0.039721961     -0.14910532
           0.35           0.082           0.022      0.14598531     0.023668543     0.047691231     -0.15005734
           0.35           0.082           0.026      0.10535491     0.021896624     0.055267309     -0.15107416
           0.35           0.082            0.03     0.061832864     0.019767023     0.062319306     -0.15210154
           0.35           0.082           0.034     0.016411375     0.017454775     0.068699357     -0.15309138
           0.35           0.082           0.038    -0.029925481     0.015198239     0.074253862     -0.15400591
           0.35           0.082           0.042    -0.076268243     0.013265562     0.078823838     -0.15482461
           0.35           0.082           0.046     -0.12182002     0.011894261     0.082260667     -0.15552166
           0.35           0.082            0.05     -0.16592123     0.011260422     0.084459451     -0.15606431
           0.35           0.082           0.054     -0.20806961     0.011460191     0.085365561     -0.15641782
           0.35           0.082           0.058     -0.24792835     0.012487056     0.084969349     -0.15653654
           0.35           0.082           0.062      -0.2852908     0.014227941     0.083299455     -0.15636586
           0.35           0.082           0.066     -0.32001954     0.016497827     0.080409057     -0.15585239
           0.35           0.082            0.07     -0.35197498     0.019090775      0.07634745     -0.15495981
           0.35           0.082           0.074     -0.38094381     0.021823479     0.071129241     -0.15367695
           0.35           0.082           0.078     -0.40657288     0.024581135     0.064711449     -0.15202481
           0.35           0.082           0.082     -0.42830416     0.027364422      0.05695205     -0.15005992
           0.35           0.082           0.086     -0.44530455     0.030381851     0.047586707      -0.1478423
           0.35           0.082            0.09     -0.45634366     0.034057503     0.036148023     -0.14535375
           0.35           0.082           0.094     -0.45798457     0.038995449     0.022927772     -0.14233338
           0.35           0.082           0.098     -0.42703779     0.041169589    0.0063181415     -0.14025978
           0.35           0.086          -0.098     -0.43406713     0.030063795   -0.0066360729     -0.14083965
           0.35           0.086          -0.094     -0.46360746     0.026825311    -0.023076931     -0.14297126
           0.35           0.086           -0.09     -0.45967267     0.022063111    -0.036103019     -0.14582406
           0.35           0.086          -0.086     -0.44605245      0.01902737    -0.047356158     -0.14814328
           0.35           0.086          -0.082     -0.42598108     0.016847042    -0.056511963     -0.15021478
           0.35           0.086          -0.078     -0.40074023     0.015014548    -0.064003719      -0.1520052
           0.35           0.086          -0.074     -0.37127915     0.013290302    -0.070054476     -0.15343554
           0.35           0.086           -0.07     -0.33833634      0.01166263    -0.074775874     -0.15446639
           0.35           0.086          -0.066     -0.30250715     0.010219387    -0.078218386     -0.15509327
           0.35           0.086          -0.062     -0.26429626    0.0090890701    -0.080399403     -0.15534858
           0.35           0.086          -0.058     -0.22417583    0.0083779993    -0.081335049     -0.15528193
           0.35           0.086          -0.054     -0.18265085    0.0081426538    -0.081060376     -0.15495205
           0.35           0.086           -0.05      -0.1403076    0.0083702406    -0.079630037     -0.15441274
           0.35           0.086          -0.046    -0.097815558    0.0089952679    -0.077122464     -0.15371213
           0.35           0.086          -0.042    -0.055898772    0.0099072556    -0.073632056     -0.15288875
           0.35           0.086          -0.038    -0.015307933     0.010972033    -0.069255037     -0.15196908
           0.35           0.086          -0.034       0.0231977     0.012066126    -0.064075022     -0.15098782
           0.35           0.086           -0.03     0.058884329     0.013120248    -0.058178702     -0.15000456
           0.35           0.086          -0.026     0.091056276     0.014096191    -0.051654721     -0.14906783
           0.35           0.086          -0.022        0.119095     0.014974341    -0.044580276     -0.14821362
           0.35           0.086          -0.018      0.14243961     0.015761627      -0.0370093      -0.1474626
           0.35           0.086          -0.014      0.16065332     0.016485954    -0.028985986     -0.14684058
           0.35           0.086           -0.01      0.17335142      0.01715585    -0.020550322     -0.14635508
           0.35           0.086          -0.006      0.18024867     0.017796113    -0.011752628     -0.14603291
           0.35           0.086          -0.002      0.18117348     0.018433542   -0.0026897849     -0.14590248
           0.35           0.086           0.002      0.17603846     0.019016127    0.0065214872     -0.14596987
           0.35           0.086           0.006      0.16486504     0.019452932     0.015779173     -0.14623249
           0.35           0.086            0.01        0.147796     0.019624019      0.02499961      -0.1466796
           0.35           0.086           0.014      0.12510944     0.019409348     0.034108836     -0.14729422
           0.35           0.086           0.018     0.097277651     0.018741383     0.043017047     -0.14805316
           0.35           0.086           0.022     0.064942694     0.017604608     0.051607796     -0.14891718
           0.35           0.086           0.026     0.028856573     0.016055087     0.059733186     -0.14984379
           0.35           0.086            0.03    -0.010115947     0.014202934     0.067213362     -0.15078325
           0.35           0.086           0.034    -0.051039928     0.012214032     0.073867722     -0.15168541
           0.35           0.086           0.038    -0.092947267     0.010324227     0.079517961     -0.15251682
           0.35           0.086           0.042     -0.13492091    0.0088022952     0.083987355     -0.15327521
           0.35           0.086           0.046     -0.17616011    0.0078553236     0.087121817       -0.153928
           0.35           0.086            0.05     -0.21600147     0.007622106     0.088844665     -0.15442815
           0.35           0.086           0.054     -0.25393124    0.0081798804     0.089151756     -0.15474033
           0.35           0.086           0.058     -0.28960778    0.0095142572     0.088078789     -0.15481831
           0.35           0.086           0.062     -0.32282168     0.011498761     0.085690528     -0.15460281
           0.35           0.086           0.066     -0.35341027     0.013925261     0.082067774     -0.15403858
           0.35           0.086            0.07     -0.38117846     0.016574739     0.077273168     -0.15309432
           0.35           0.086           0.074      -0.4058274     0.019254945     0.071312577     -0.15177071
           0.35           0.086           0.078     -0.42688319     0.021835547     0.064117279     -0.15010685
           0.35           0.086           0.082     -0.44365104     0.024289327     0.055542143     -0.14817855
           0.35           0.086           0.086     -0.45518235     0.026818682     0.045339896     -0.14610257
           0.35           0.086            0.09      -0.4602865     0.029786638     0.033209586     -0.14391704
           0.35           0.086           0.094     -0.45582859     0.033597918     0.019781713     -0.14148132
           0.35           0.086           0.098     -0.42049417     0.033666564    0.0044742173     -0.13993561
           0.35            0.09          -0.098     -0.42720251     0.023756783   -0.0045125173     -0.14042411
           0.35            0.09          -0.094     -0.46211216     0.021765261    -0.019875118     -0.14203571
           0.35            0.09           -0.09     -0.46516375     0.017695965    -0.033463481     -0.14426242
           0.35            0.09          -0.086     -0.45836479     0.015295069    -0.045632955     -0.14631264
           0.35            0.09          -0.082     -0.44456658     0.013589914    -0.055769922     -0.14828187
           0.35            0.09          -0.078     -0.42501172     0.012082207    -0.064126311      -0.1500766
           0.35            0.09          -0.074     -0.40081939     0.010535842     -0.07094587     -0.15155295
           0.35            0.09           -0.07     -0.37289735    0.0089623367    -0.076354592     -0.15264886
           0.35            0.09          -0.066     -0.34197225    0.0074671647    -0.080419416     -0.15333948
           0.35            0.09          -0.062      -0.3086208    0.0062056767    -0.083152545     -0.15365227
           0.35            0.09          -0.058     -0.27333975    0.0052949784    -0.084557741     -0.15363107
           0.35            0.09          -0.054     -0.23662509    0.0047978267    -0.084638532     -0.15333359
           0.35            0.09           -0.05     -0.19904771    0.0047173656    -0.083414869     -0.15281684
           0.35            0.09          -0.046     -0.16126653    0.0050223995    -0.080954677     -0.15214315
           0.35            0.09          -0.042     -0.12399364    0.0056268572    -0.077359212       -0.151362
           0.35            0.09          -0.038    -0.087953912    0.0064054677    -0.072742695     -0.15049291
           0.35            0.09          -0.034    -0.053954327    0.0072256928    -0.067210266     -0.14955569
           0.35            0.09           -0.03    -0.022642872    0.0080284758    -0.060881127     -0.14861553
           0.35            0.09          -0.026    0.0054366612    0.0087897102    -0.053885857     -0.14772544
           0.35            0.09          -0.022      0.02984214    0.0094909232    -0.046339722     -0.14691527
           0.35            0.09          -0.018     0.050044151      0.01011418    -0.038327103     -0.14619973
           0.35            0.09          -0.014     0.065816393     0.010689101    -0.029913254     -0.14560054
           0.35            0.09           -0.01     0.076823319     0.011196653     -0.02111718     -0.14510832
           0.35            0.09          -0.006     0.082916608     0.011672654    -0.011938516     -0.14476302
           0.35            0.09          -0.002     0.084019853     0.012205397   -0.0024439979     -0.14462241
           0.35            0.09           0.002     0.079987393     0.012743893    0.0072472758     -0.14468066
           0.35            0.09           0.006      0.07075857     0.013187438     0.017031104     -0.14493469
           0.35            0.09            0.01     0.056358561     0.013403995     0.026826652     -0.14537123
           0.35            0.09           0.014     0.036892729      0.01327522     0.036554552     -0.14596097
           0.35            0.09           0.018       0.0126924     0.012750248     0.046091469     -0.14668492
           0.35            0.09           0.022    -0.015723484      0.01182125     0.055281467     -0.14750883
           0.35            0.09           0.026     -0.04773893      0.01056081     0.063934756     -0.14839986
           0.35            0.09            0.03    -0.082584864    0.0090699871     0.071798812     -0.14930753
           0.35            0.09           0.034     -0.11937943     0.007490405     0.078642223     -0.15018229
           0.35            0.09           0.038     -0.15706813    0.0060544963     0.084268556     -0.15099612
           0.35            0.09           0.042     -0.19472818    0.0050169642     0.088483067     -0.15176222
           0.35            0.09           0.046     -0.23158827    0.0045273656     0.091136053     -0.15242012
           0.35            0.09            0.05     -0.26700586    0.0046555149     0.092190217     -0.15289562
           0.35            0.09           0.054     -0.30046673    0.0054633016     0.091724447     -0.15315126
           0.35            0.09           0.058     -0.33163757    0.0069481334     0.089856363     -0.15316035
           0.35            0.09           0.062     -0.36030621    0.0089685043     0.086688628     -0.15287298
           0.35            0.09           0.066      -0.3862731     0.011305846     0.082324737     -0.15222539
           0.35            0.09            0.07     -0.40926692     0.013734907     0.076831954      -0.1511996
           0.35            0.09           0.074     -0.42888173     0.016065145     0.070193166     -0.14981755
           0.35            0.09           0.078     -0.44451717     0.018151921      0.06228322     -0.14814493
           0.35            0.09           0.082      -0.4553857     0.019915603     0.052948395     -0.14627638
           0.35            0.09           0.086     -0.46062713     0.021544402     0.041971336     -0.14439831
           0.35            0.09            0.09     -0.45965422     0.023327084     0.029362629     -0.14258259
           0.35            0.09           0.094     -0.45073491     0.025733413     0.016198562     -0.14077981
           0.35            0.09           0.098     -0.41422076     0.024916531    0.0031049207     -0.13960308
           0.35           0.094          -0.098     -0.41706345      0.01389216    -0.003738932     -0.14020597
           0.35           0.094          -0.094     -0.45457914     0.014215127    -0.016174225     -0.14126306
           0.35           0.094           -0.09     -0.46317655      0.01184569    -0.029671438     -0.14263409
           0.35           0.094          -0.086     -0.46425112     0.010695377    -0.042413224     -0.14430854
           0.35           0.094          -0.082      -0.4585416    0.0096988087    -0.053450471     -0.14616661
           0.35           0.094          -0.078     -0.44646421    0.0086842054    -0.062598015     -0.14802194
           0.35           0.094          -0.074     -0.42911557    0.0074634394    -0.070146603     -0.14964102
           0.35           0.094           -0.07     -0.40755196    0.0061391903     -0.07622923     -0.15089892
           0.35           0.094          -0.066     -0.38268616    0.0048116451    -0.080935411     -0.15173505
           0.35           0.094          -0.062     -0.35521441    0.0036321549    -0.084298019     -0.15218077
           0.35           0.094          -0.058     -0.32569747    0.0027180234    -0.086333144     -0.15225186
           0.35           0.094          -0.054     -0.29463895    0.0021226616    -0.086974026     -0.15198718
           0.35           0.094           -0.05     -0.26256058    0.0018415621    -0.086154116     -0.15144937
           0.35           0.094          -0.046     -0.23005965    0.0018803354    -0.083946485     -0.15073084
           0.35           0.094          -0.042     -0.19784139    0.0021943209    -0.080446858     -0.14990495
           0.35           0.094          -0.038     -0.16652119     0.002669423    -0.075762503     -0.14901781
           0.35           0.094          -0.034      -0.1370517    0.0031733678    -0.070017246     -0.14808811
           0.35           0.094           -0.03     -0.11010053    0.0036748701     -0.06340195     -0.14714952
           0.35           0.094          -0.026    -0.086014075     0.004194059    -0.056067375     -0.14625901
           0.35           0.094          -0.022    -0.065074341     0.004692145    -0.048114117      -0.1454598
           0.35           0.094          -0.018    -0.047940781    0.0050837006    -0.039694397     -0.14477558
           0.35           0.094          -0.014    -0.034444204    0.0054425801    -0.030933628     -0.14421308
           0.35           0.094           -0.01    -0.025070472    0.0056941167    -0.021801429     -0.14373513
           0.35           0.094          -0.006    -0.019836332    0.0059157327    -0.012303524     -0.14335496
           0.35           0.094          -0.002    -0.018672127    0.0063066556   -0.0024249646     -0.14318839
           0.35           0.094           0.002    -0.021788182    0.0067877126    0.0077266025     -0.14323193
           0.35           0.094           0.006     -0.02927588    0.0071689859     0.018003019     -0.14349213
           0.35           0.094            0.01    -0.041234066    0.0073930827     0.028325792     -0.14391776
           0.35           0.094           0.014    -0.057683993    0.0074046082     0.038633583     -0.14445795
           0.35           0.094           0.018    -0.078408787    0.0071258481     0.048805838     -0.14512753
           0.35           0.094           0.022     -0.10302274    0.0064422777     0.058569996     -0.14592833
           0.35           0.094           0.026     -0.13100726    0.0055573305     0.067664318     -0.14681708
           0.35           0.094            0.03     -0.16161933    0.0045803916     0.075795222     -0.14774735
           0.35           0.094           0.034      -0.1940059    0.0035232334     0.082648423     -0.14866658
           0.35           0.094           0.038     -0.22696606    0.0026183019     0.088009124      -0.1495585
           0.35           0.094           0.042     -0.25965712    0.0020831364     0.091689213     -0.15041365
           0.35           0.094           0.046     -0.29137309    0.0019951356     0.093631223      -0.1511278
           0.35           0.094            0.05      -0.3215418    0.0023333697     0.093769565     -0.15160621
           0.35           0.094           0.054     -0.34962338    0.0031305354     0.092267401     -0.15179607
           0.35           0.094           0.058     -0.37530251    0.0044750526     0.089410971      -0.1516585
           0.35           0.094           0.062     -0.39837873    0.0062927885     0.085398528     -0.15117759
           0.35           0.094           0.066     -0.41851914     0.008278214     0.080369889     -0.15032629
           0.35           0.094            0.07     -0.43533682     0.010241572     0.074347039     -0.14910331
           0.35           0.094           0.074      -0.4483104     0.011992589     0.067268092     -0.14758409
           0.35           0.094           0.078     -0.45678044     0.013353623     0.058906033     -0.14588919
           0.35           0.094           0.082     -0.46009209     0.014160876     0.049115027     -0.14413789
           0.35           0.094           0.086     -0.45810259     0.014618134     0.037743461     -0.14257076
           0.35           0.094            0.09     -0.45197047     0.014848464     0.025498067     -0.14125881
           0.35           0.094           0.094     -0.44200294     0.015691761     0.013534839      -0.1402363
           0.35           0.094           0.098     -0.40565054     0.013441075    0.0033095098     -0.13946419
           0.35           0.098          -0.098     -0.37138081    0.0051816908    -0.002515498     -0.14006643
           0.35           0.098          -0.094     -0.41796388    0.0044586144   -0.0091038526     -0.14061252
           0.35           0.098           -0.09     -0.42987162    0.0027222287    -0.021793194     -0.14158471
           0.35           0.098          -0.086     -0.43858806    0.0030717933    -0.033852837     -0.14302585
           0.35           0.098          -0.082     -0.44428001    0.0037274793    -0.045798859     -0.14459256
           0.35           0.098          -0.078      -0.4450528    0.0041908967    -0.055660781     -0.14626705
           0.35           0.098          -0.074     -0.44045951     0.004221734    -0.063793601     -0.14781741
           0.35           0.098           -0.07     -0.43082322    0.0037507192    -0.070223183      -0.1491554
           0.35           0.098          -0.066      -0.4167758    0.0028732579    -0.075276722     -0.15019382
           0.35           0.098          -0.062     -0.39927037     0.002062143    -0.079140598     -0.15085515
           0.35           0.098          -0.058     -0.37914961    0.0013449396    -0.081824605     -0.15112611
           0.35           0.098          -0.054     -0.35713068   0.00068743354    -0.083242659     -0.15102824
           0.35           0.098           -0.05      -0.3337223    0.0001583203    -0.083274364     -0.15059312
           0.35           0.098          -0.046     -0.30939748  -7.2726431e-05    -0.081892988     -0.14988843
           0.35           0.098          -0.042     -0.28502534  -0.00010357291    -0.079101646      -0.1490103
           0.35           0.098          -0.038     -0.26139261  -3.9133634e-06    -0.074956456     -0.14805519
           0.35           0.098          -0.034     -0.23841363   0.00033011489    -0.069636503     -0.14707142
           0.35           0.098           -0.03     -0.21707625   0.00070086597    -0.063364177     -0.14607668
           0.35           0.098          -0.026     -0.19821033   0.00094124287    -0.056261024     -0.14512703
           0.35           0.098          -0.022     -0.18237868    0.0012418276    -0.048366941     -0.14426987
           0.35           0.098          -0.018     -0.16862038    0.0016847324    -0.039909108     -0.14353365
           0.35           0.098          -0.014     -0.15860936    0.0020537003    -0.031020727     -0.14293979
           0.35           0.098           -0.01     -0.15122152    0.0022427722     -0.02152446      -0.1424856
           0.35           0.098          -0.006     -0.14693007    0.0020500669    -0.012045894     -0.14217864
           0.35           0.098          -0.002     -0.14605643    0.0021788097   -0.0024321286     -0.14201167
           0.35           0.098           0.002     -0.14849547    0.0025184034    0.0075787654     -0.14198444
           0.35           0.098           0.006      -0.1542232    0.0030685394     0.017945156     -0.14212677
           0.35           0.098            0.01     -0.16355458    0.0035525704     0.028764691     -0.14246645
           0.35           0.098           0.014     -0.17641575     0.003450532     0.039536847     -0.14297227
           0.35           0.098           0.018     -0.19267535     0.002949042      0.05006252      -0.1436521
           0.35           0.098           0.022     -0.21219169      0.00255684     0.059956772     -0.14451075
           0.35           0.098           0.026     -0.23419311    0.0019060329     0.068810566     -0.14548548
           0.35           0.098            0.03     -0.25809173    0.0011941742     0.076390643      -0.1465344
           0.35           0.098           0.034     -0.28262659   0.00063615809     0.082412563     -0.14760664
           0.35           0.098           0.038     -0.30758069     0.000217253     0.086621267     -0.14865915
           0.35           0.098           0.042     -0.33220005   0.00018349476     0.088860278     -0.14957438
           0.35           0.098           0.046     -0.35563731   0.00050234733     0.089245956     -0.15023627
           0.35           0.098            0.05     -0.37728287     0.001101367     0.087967084      -0.1505728
           0.35           0.098           0.054     -0.39663142    0.0018807636     0.085275259     -0.15055831
           0.35           0.098           0.058     -0.41319751    0.0028458132      0.08148771     -0.15016805
           0.35           0.098           0.062     -0.42650016    0.0039627747     0.076903609     -0.14941465
           0.35           0.098           0.066     -0.43601598    0.0050019792     0.071603377     -0.14834841
           0.35           0.098            0.07     -0.44144013     0.005623617     0.065443847      -0.1470465
           0.35           0.098           0.074      -0.4425746    0.0058272136     0.058259771     -0.14559343
           0.35           0.098           0.078     -0.43957041    0.0055845749     0.049833856     -0.14410285
           0.35           0.098           0.082     -0.43307786    0.0047494875       0.0403252     -0.14267885
           0.35           0.098           0.086     -0.42470189    0.0040035132     0.029520897     -0.14145467
           0.35           0.098            0.09     -0.41644272     0.003668783      0.01954903     -0.14037144
           0.35           0.098           0.094      -0.4064007    0.0047717311    0.0089401166     -0.13970337
           0.35           0.098           0.098     -0.36048825    0.0047329179    0.0030025562     -0.13934728
