#             x               y               z             U_x             U_y             U_z               p
           0.13          -0.098          -0.098     0.065919361   -0.0017086876   -0.0050657233       -0.350661
           0.13          -0.098          -0.094      0.08300362   -0.0076572629    0.0002268277     -0.35051463
           0.13          -0.098           -0.09     0.053844736    -0.011564625     0.012195917     -0.35058011
           0.13          -0.098          -0.086  -0.00092358779   -0.0014625405     0.016899992     -0.35055382
           0.13          -0.098          -0.082     -0.10490164     0.018863189     0.058103875     -0.35094035
           0.13          -0.098          -0.078     -0.20918026     0.036682309      0.10575024     -0.35105775
           0.13          -0.098          -0.074     -0.27830655     0.043745409       0.1267067     -0.35364433
           0.13          -0.098           -0.07     -0.29969305       0.0405382      0.13022782     -0.35936998
           0.13          -0.098          -0.066     -0.29153845     0.034577904      0.12317175     -0.36571982
           0.13          -0.098          -0.062     -0.26535145     0.029534552      0.11302615     -0.37190879
           0.13          -0.098          -0.058      -0.2252666     0.025512106      0.10381294     -0.37770992
           0.13          -0.098          -0.054     -0.17173307     0.021380437     0.097164518     -0.38290549
           0.13          -0.098           -0.05     -0.10725012     0.017275752     0.094256938     -0.38728555
           0.13          -0.098          -0.046    -0.038800036     0.012029646     0.091175334     -0.39033015
           0.13          -0.098          -0.042     0.037430057     0.017500387      0.10524104     -0.39191739
           0.13          -0.098          -0.038      0.13564001     0.014290135      0.10978718      -0.3931168
           0.13          -0.098          -0.034      0.21693818    -0.011104292      0.11089739     -0.39484339
           0.13          -0.098           -0.03      0.24620347    -0.028413972      0.12067323     -0.39356386
           0.13          -0.098          -0.026      0.24982208    -0.029265934      0.13469279      -0.3924141
           0.13          -0.098          -0.022      0.23590642    -0.025373334      0.13737404     -0.39332754
           0.13          -0.098          -0.018      0.19907719    -0.011933356      0.11738434     -0.39385098
           0.13          -0.098          -0.014      0.15022196     0.012411457     0.058102241      -0.3925878
           0.13          -0.098           -0.01      0.17132554     0.026855673     0.026894968     -0.39118881
           0.13          -0.098          -0.006      0.22119007     0.020107498     0.018973826     -0.39219096
           0.13          -0.098          -0.002      0.23620459    0.0083381209     0.010699657     -0.39285361
           0.13          -0.098           0.002      0.23637812   -0.0012633552     0.014923903     -0.39281415
           0.13          -0.098           0.006      0.23120371    -0.008042789      0.02986155     -0.39252994
           0.13          -0.098            0.01      0.22415087    -0.011194256      0.05212982      -0.3927591
           0.13          -0.098           0.014      0.21610066   -0.0079834405     0.076814377     -0.39359278
           0.13          -0.098           0.018      0.20619132    0.0005443008     0.090962428     -0.39512111
           0.13          -0.098           0.022      0.19383317    0.0074465525     0.092862936     -0.39710079
           0.13          -0.098           0.026      0.18341559    0.0086982652     0.088542424     -0.39865703
           0.13          -0.098            0.03      0.17373389    0.0087975976     0.089024787     -0.40044838
           0.13          -0.098           0.034      0.15874014     0.013325352     0.089707128     -0.40301956
           0.13          -0.098           0.038      0.12025217     0.016628738     0.081992572     -0.40570223
           0.13          -0.098           0.042     0.065503679     0.018494901     0.062854623     -0.40740624
           0.13          -0.098           0.046    0.0019517238     0.020616168     0.051764145     -0.40801503
           0.13          -0.098            0.05    -0.077877206     0.018422682     0.041328317     -0.40768058
           0.13          -0.098           0.054     -0.15152423   -0.0011091331     0.028772112     -0.40635158
           0.13          -0.098           0.058     -0.18274112    -0.010543393     0.026902075     -0.40398298
           0.13          -0.098           0.062     -0.20841637   -0.0021367201     0.025728106     -0.40180557
           0.13          -0.098           0.066     -0.26012971    0.0086473093     0.021083865     -0.39938472
           0.13          -0.098            0.07     -0.32732313      0.01207819     0.013184847     -0.39659548
           0.13          -0.098           0.074     -0.38560453     0.012239741    0.0028740349      -0.3934811
           0.13          -0.098           0.078     -0.43092912     0.012418244   -0.0068577615       -0.390083
           0.13          -0.098           0.082     -0.46218124     0.012968354    -0.016282186     -0.38649847
           0.13          -0.098           0.086      -0.4768296     0.013899781    -0.023171074     -0.38285191
           0.13          -0.098            0.09     -0.46007401     0.014424452    -0.028015506     -0.37962701
           0.13          -0.098           0.094     -0.36256567      0.01501267    -0.017587355     -0.37687304
           0.13          -0.098           0.098     -0.20317067     0.006209028    -0.007357064     -0.37643496
           0.13          -0.094          -0.098     0.070361275    0.0059307261    -0.010163473     -0.35052885
           0.13          -0.094          -0.094    -0.049577206     0.011340468    0.0078643465     -0.34957189
           0.13          -0.094           -0.09     -0.27712844     0.045633766     0.053152072     -0.34946766
           0.13          -0.094          -0.086     -0.43296879     0.070427899     0.086221184     -0.35071023
           0.13          -0.094          -0.082     -0.50062945     0.081691194      0.10938754     -0.35267175
           0.13          -0.094          -0.078     -0.51966116     0.084321404      0.12171205     -0.35474927
           0.13          -0.094          -0.074     -0.50827467     0.079056748      0.12276657     -0.35878506
           0.13          -0.094           -0.07     -0.47979585     0.070579816      0.11982658     -0.36435684
           0.13          -0.094          -0.066     -0.44323432     0.063565677      0.11272014     -0.36993916
           0.13          -0.094          -0.062     -0.40197946     0.058026542      0.10400276     -0.37514279
           0.13          -0.094          -0.058     -0.35687545     0.053228968     0.095570468     -0.37981052
           0.13          -0.094          -0.054       -0.306074     0.048952652     0.088426937     -0.38392496
           0.13          -0.094           -0.05     -0.24400209     0.045389603     0.083710342     -0.38761426
           0.13          -0.094          -0.046     -0.17028199     0.041559109     0.083062435     -0.39058789
           0.13          -0.094          -0.042    -0.082540384      0.04032022     0.090933278      -0.3927933
           0.13          -0.094          -0.038     0.035723213     0.045768255      0.12379044     -0.39526155
           0.13          -0.094          -0.034      0.14244272     0.029976833      0.13863221     -0.39681355
           0.13          -0.094           -0.03      0.23410913   -0.0088880412      0.13602391     -0.39573275
           0.13          -0.094          -0.026      0.29288629    -0.023744089      0.13627867       -0.394627
           0.13          -0.094          -0.022      0.30270988   -0.0016236038      0.11992536       -0.394938
           0.13          -0.094          -0.018      0.29885677     0.032794699     0.081767991     -0.39473082
           0.13          -0.094          -0.014      0.28962609     0.055449098     0.040192544     -0.39391092
           0.13          -0.094           -0.01      0.28524516     0.052233024     0.017859749     -0.39314764
           0.13          -0.094          -0.006      0.27679137     0.029255863    0.0064511217     -0.39376496
           0.13          -0.094          -0.002      0.26983971    0.0062817141    0.0035891108     -0.39420951
           0.13          -0.094           0.002      0.26356422    -0.013413909     0.010454457      -0.3941809
           0.13          -0.094           0.006      0.25703877      -0.0270399     0.024776613     -0.39390513
           0.13          -0.094            0.01      0.25027512    -0.032063944     0.043436612     -0.39405877
           0.13          -0.094           0.014      0.24437125    -0.025663476     0.063276579     -0.39488822
           0.13          -0.094           0.018      0.24242023   -0.0083490726     0.082159401     -0.39621661
           0.13          -0.094           0.022      0.24681533     0.011999032       0.0950231     -0.39760436
           0.13          -0.094           0.026       0.2553447      0.02008341     0.094096831     -0.39891334
           0.13          -0.094            0.03       0.2612245     0.023206063     0.089878538      -0.4012626
           0.13          -0.094           0.034      0.23999147     0.037101477     0.078682808     -0.40461544
           0.13          -0.094           0.038      0.17602793     0.044616177     0.058809956     -0.40749136
           0.13          -0.094           0.042     0.091938071     0.033128623     0.045396523     -0.40906822
           0.13          -0.094           0.046     0.021845183     0.028550841     0.044135442     -0.40913947
           0.13          -0.094            0.05    -0.061358166     0.040209257     0.056349413     -0.40862261
           0.13          -0.094           0.054     -0.12959448      0.02695042     0.056432676     -0.40715538
           0.13          -0.094           0.058      -0.2073359     0.011464443     0.045367171     -0.40494424
           0.13          -0.094           0.062     -0.29507308     0.016690159     0.035737356      -0.4023274
           0.13          -0.094           0.066     -0.37258226       0.0257407     0.026374902     -0.39930795
           0.13          -0.094            0.07     -0.43487407     0.028727256     0.016940966     -0.39637687
           0.13          -0.094           0.074     -0.48785868     0.029090036    0.0070840512     -0.39346286
           0.13          -0.094           0.078     -0.53513123     0.029230043   -0.0019612592     -0.39045902
           0.13          -0.094           0.082       -0.577271     0.029441423    -0.010083961     -0.38740268
           0.13          -0.094           0.086     -0.61364376     0.029236715    -0.016255564      -0.3842487
           0.13          -0.094            0.09     -0.64139389     0.027657759    -0.021589169     -0.38127639
           0.13          -0.094           0.094     -0.62607751     0.025247099    -0.020138369     -0.37763017
           0.13          -0.094           0.098     -0.38905642      0.01488794    -0.014095359     -0.37650676
           0.13           -0.09          -0.098      0.03028431     0.017846833   -0.0091387888     -0.35088153
           0.13           -0.09          -0.094     -0.31883758     0.061410081     0.046514525     -0.34989796
           0.13           -0.09           -0.09     -0.55216104     0.092823502     0.085655172      -0.3519525
           0.13           -0.09          -0.086     -0.60359829      0.09866337     0.097353753      -0.3562059
           0.13           -0.09          -0.082      -0.5947996     0.096662859      0.10177891     -0.35902855
           0.13           -0.09          -0.078      -0.5713014     0.094021097       0.1037733     -0.36183099
           0.13           -0.09          -0.074     -0.53979387     0.088125175      0.10341724     -0.36540566
           0.13           -0.09           -0.07     -0.50534676      0.08145532      0.10119882     -0.36979746
           0.13           -0.09          -0.066     -0.46829512     0.075805705     0.097109559     -0.37438892
           0.13           -0.09          -0.062     -0.42832076     0.071313015       0.0919803     -0.37880795
           0.13           -0.09          -0.058     -0.38600911     0.067908243     0.086497836     -0.38278615
           0.13           -0.09          -0.054     -0.34128303     0.065554148     0.081233678     -0.38623386
           0.13           -0.09           -0.05     -0.29206367     0.064096887     0.076893388     -0.38916963
           0.13           -0.09          -0.046     -0.23621144     0.063254929     0.074882351     -0.39154963
           0.13           -0.09          -0.042     -0.17138942     0.063142219     0.076453947     -0.39330781
           0.13           -0.09          -0.038    -0.083351753     0.063379169     0.092928043     -0.39438491
           0.13           -0.09          -0.034     0.029081595     0.052912701      0.11432282     -0.39523863
           0.13           -0.09           -0.03      0.15785535     0.019343545      0.12617562     -0.39463798
           0.13           -0.09          -0.026      0.27498683   -0.0027769602      0.13002117      -0.3934128
           0.13           -0.09          -0.022      0.31991118     0.020475471      0.10356009     -0.39367555
           0.13           -0.09          -0.018      0.31056891     0.059507597     0.060774572      -0.3936833
           0.13           -0.09          -0.014      0.29598783     0.074558607     0.030006778     -0.39450159
           0.13           -0.09           -0.01       0.2823481     0.059200411     0.014007861     -0.39540989
           0.13           -0.09          -0.006       0.2704806     0.031039365    0.0065528996      -0.3964666
           0.13           -0.09          -0.002      0.26176924    0.0018431592    0.0064742682     -0.39677412
           0.13           -0.09           0.002      0.25675154    -0.023837368     0.012908178     -0.39636102
           0.13           -0.09           0.006      0.25315172    -0.042218973      0.02416053     -0.39570627
           0.13           -0.09            0.01      0.24865091    -0.049313744     0.037548435     -0.39542265
           0.13           -0.09           0.014      0.24316847    -0.042693545     0.051189569     -0.39587512
           0.13           -0.09           0.018      0.24166373     -0.02020509     0.065046549     -0.39696325
           0.13           -0.09           0.022      0.25058855      0.01182049     0.077230932     -0.39825317
           0.13           -0.09           0.026       0.2698769     0.032894341     0.081818955     -0.39949022
           0.13           -0.09            0.03      0.26893454     0.045707182     0.068461277     -0.40206641
           0.13           -0.09           0.034      0.23043664     0.057319464     0.046026456     -0.40549927
           0.13           -0.09           0.038      0.14050474     0.039605323     0.033312635     -0.40820756
           0.13           -0.09           0.042     0.054564236     0.011301235     0.034320312     -0.40924966
           0.13           -0.09           0.046     -0.00564316    0.0034594025     0.035076365     -0.40898225
           0.13           -0.09            0.05    -0.059559751     0.017845723      0.04182253     -0.40773358
           0.13           -0.09           0.054     -0.14272477     0.018248453     0.045255509     -0.40585574
           0.13           -0.09           0.058     -0.24312426     0.022101068     0.037712909       -0.403925
           0.13           -0.09           0.062     -0.33016777     0.032287538     0.027477859     -0.40139373
           0.13           -0.09           0.066     -0.39819128     0.038889648     0.017933226     -0.39857203
           0.13           -0.09            0.07     -0.45192172     0.040360286    0.0097061984     -0.39599439
           0.13           -0.09           0.074     -0.49875832     0.039909772    0.0024043494     -0.39348313
           0.13           -0.09           0.078     -0.54194891     0.039193351   -0.0036125899     -0.39092416
           0.13           -0.09           0.082     -0.58191043     0.038503972   -0.0083951303     -0.38834245
           0.13           -0.09           0.086     -0.61709521     0.037761163    -0.011539301     -0.38568647
           0.13           -0.09            0.09     -0.64144209     0.036130298    -0.013829219     -0.38337117
           0.13           -0.09           0.094      -0.6453323      0.03416584    -0.013163358     -0.38090252
           0.13           -0.09           0.098     -0.51030776     0.028598669    -0.009241481     -0.37922092
           0.13          -0.086          -0.098    -0.091326472     0.039716087     0.011505758     -0.35077885
           0.13          -0.086          -0.094      -0.5099641      0.10180415     0.069448996     -0.35216374
           0.13          -0.086           -0.09     -0.61378388      0.10539449     0.084868944     -0.35687488
           0.13          -0.086          -0.086     -0.61334364      0.10071331      0.08785206     -0.35954401
           0.13          -0.086          -0.082     -0.59368945      0.09721992     0.089917538     -0.36313833
           0.13          -0.086          -0.078     -0.56531599     0.093622838     0.091269926       -0.366922
           0.13          -0.086          -0.074     -0.53279087     0.089293403     0.091752026      -0.3706561
           0.13          -0.086           -0.07     -0.49819339     0.084764611     0.091199355     -0.37450142
           0.13          -0.086          -0.066     -0.46183692      0.08076003     0.089569013     -0.37831553
           0.13          -0.086          -0.062      -0.4238107     0.077590341      0.08716737     -0.38194562
           0.13          -0.086          -0.058      -0.3842296     0.075413542     0.084382173     -0.38525531
           0.13          -0.086          -0.054     -0.34295479     0.074269026     0.081605716     -0.38815173
           0.13          -0.086           -0.05     -0.29938343     0.074134496     0.079240928     -0.39056955
           0.13          -0.086          -0.046     -0.25256655     0.075005179     0.077937177     -0.39243453
           0.13          -0.086          -0.042     -0.20113179     0.076788998     0.078191162     -0.39372461
           0.13          -0.086          -0.038     -0.13957066     0.079256543     0.083165186     -0.39435823
           0.13          -0.086          -0.034    -0.054710136     0.077322432     0.094241898     -0.39483246
           0.13          -0.086           -0.03     0.073615337     0.059540822       0.1106128     -0.39455244
           0.13          -0.086          -0.026      0.22629719     0.041559919      0.12747472     -0.39383725
           0.13          -0.086          -0.022      0.30627079     0.055083551      0.10939097     -0.39382081
           0.13          -0.086          -0.018      0.30677122     0.082236883     0.069373727     -0.39414338
           0.13          -0.086          -0.014      0.28615743      0.08561659     0.042346637     -0.39598618
           0.13          -0.086           -0.01      0.26826186     0.063197039      0.02817094     -0.39797068
           0.13          -0.086          -0.006      0.25606915     0.029954052     0.021619777     -0.39912827
           0.13          -0.086          -0.002      0.24978619   -0.0044818335     0.021621362     -0.39910165
           0.13          -0.086           0.002      0.24931679    -0.034263798     0.026860274     -0.39819211
           0.13          -0.086           0.006      0.25162296    -0.054759875     0.034933827     -0.39703792
           0.13          -0.086            0.01      0.25135832    -0.062299432     0.042460857     -0.39629309
           0.13          -0.086           0.014      0.24617695    -0.054791998      0.04823127     -0.39638483
           0.13          -0.086           0.018       0.2417712    -0.029295095     0.052860567     -0.39729032
           0.13          -0.086           0.022      0.25065252     0.011862488     0.060002766     -0.39846038
           0.13          -0.086           0.026      0.27194225     0.048479653     0.061627505     -0.39966345
           0.13          -0.086            0.03      0.25776127     0.068942303     0.043003521     -0.40210023
           0.13          -0.086           0.034      0.18451222     0.054391603     0.032352148     -0.40575035
           0.13          -0.086           0.038       0.0941234     0.015824747     0.037140254     -0.40779123
           0.13          -0.086           0.042     0.024154064   -0.0084856594     0.043372482     -0.40843612
           0.13          -0.086           0.046    -0.036190691     -0.01100641     0.042764014     -0.40815082
           0.13          -0.086            0.05    -0.099725256     0.005207204     0.039151313     -0.40669917
           0.13          -0.086           0.054     -0.18395158      0.02289437     0.033385484     -0.40478534
           0.13          -0.086           0.058     -0.26964969     0.035485972     0.024864847     -0.40275275
           0.13          -0.086           0.062     -0.34050677      0.04426041     0.016062164      -0.4002709
           0.13          -0.086           0.066      -0.3967586     0.047972367    0.0086820886     -0.39782761
           0.13          -0.086            0.07     -0.44377455     0.047898334    0.0025285238     -0.39560875
           0.13          -0.086           0.074     -0.48602945     0.046497866   -0.0025768212     -0.39344452
           0.13          -0.086           0.078     -0.52541283     0.044977722   -0.0064415514      -0.3912593
           0.13          -0.086           0.082     -0.56209815     0.043602025   -0.0091018979     -0.38907979
           0.13          -0.086           0.086     -0.59507135     0.042313618    -0.010439305     -0.38688583
           0.13          -0.086            0.09     -0.62152779     0.040438113    -0.011029445     -0.38495318
           0.13          -0.086           0.094     -0.63073358     0.038056059   -0.0097184928     -0.38292661
           0.13          -0.086           0.098     -0.53751969      0.03204071   -0.0062602884     -0.38148596
           0.13          -0.082          -0.098     -0.27963266       0.1035303     0.036682552     -0.35077413
           0.13          -0.082          -0.094     -0.57591002      0.11912828     0.071484863      -0.3550021
           0.13          -0.082           -0.09     -0.60826329      0.10784279     0.077333991     -0.35967929
           0.13          -0.082          -0.086      -0.5979904      0.10050026     0.080154052     -0.36388458
           0.13          -0.082          -0.082     -0.57471465     0.095878366     0.082612554     -0.36770313
           0.13          -0.082          -0.078     -0.54641678     0.092038269     0.084675362     -0.37130528
           0.13          -0.082          -0.074     -0.51534243      0.08856634     0.086118993     -0.37480158
           0.13          -0.082           -0.07     -0.48232094      0.08541211     0.086784819     -0.37823692
           0.13          -0.082          -0.066     -0.44770476     0.082777473     0.086697071     -0.38154464
           0.13          -0.082          -0.062     -0.41161528     0.080825302     0.086077671     -0.38464682
           0.13          -0.082          -0.058     -0.37404311     0.079649063     0.085222777     -0.38747222
           0.13          -0.082          -0.054     -0.33482181     0.079299673     0.084442721     -0.38996383
           0.13          -0.082           -0.05     -0.29359486      0.07985498     0.084014528     -0.39207067
           0.13          -0.082          -0.046     -0.24988291     0.081490988     0.084221939     -0.39373467
           0.13          -0.082          -0.042     -0.20299671     0.084412785     0.085255053     -0.39492412
           0.13          -0.082          -0.038     -0.15124744     0.088879872     0.087362549     -0.39563791
           0.13          -0.082          -0.034     -0.08867494     0.093048201     0.092052841     -0.39580089
           0.13          -0.082           -0.03    0.0078456303     0.090937168     0.099918025     -0.39534177
           0.13          -0.082          -0.026      0.15852295     0.081382908      0.12400963     -0.39469612
           0.13          -0.082          -0.022      0.27260419     0.086749713      0.12556107     -0.39491072
           0.13          -0.082          -0.018      0.29474085     0.099771975     0.096651927     -0.39565259
           0.13          -0.082          -0.014      0.27420319     0.093325875     0.070350046     -0.39764476
           0.13          -0.082           -0.01      0.25365708     0.065124199     0.055871231     -0.39981449
           0.13          -0.082          -0.006      0.24153727     0.027294063     0.049726388     -0.40092463
           0.13          -0.082          -0.002      0.23876455    -0.010814542     0.049851477     -0.40068184
           0.13          -0.082           0.002      0.24545449    -0.042758818     0.053906727     -0.39941048
           0.13          -0.082           0.006      0.25607688    -0.063076665     0.058097957     -0.39781652
           0.13          -0.082            0.01      0.26151886    -0.068963452     0.058741724     -0.39666919
           0.13          -0.082           0.014      0.25653038     -0.05955734     0.055075988     -0.39635181
           0.13          -0.082           0.018      0.24678808    -0.031619666     0.047004421     -0.39700797
           0.13          -0.082           0.022      0.25247398     0.017271756     0.044881731     -0.39776933
           0.13          -0.082           0.026      0.26588077     0.065269685     0.041316785     -0.39913286
           0.13          -0.082            0.03      0.22720467      0.07035737     0.031462684      -0.4019721
           0.13          -0.082           0.034      0.14247722     0.033668446     0.039804086     -0.40500148
           0.13          -0.082           0.038     0.069472591    -0.002353414     0.049604482     -0.40656997
           0.13          -0.082           0.042    0.0063225021    -0.015907787      0.05057703     -0.40713043
           0.13          -0.082           0.046    -0.060409912    -0.010000399     0.044682531     -0.40676871
           0.13          -0.082            0.05     -0.13400871     0.011621421     0.033671734     -0.40521784
           0.13          -0.082           0.054     -0.21031452     0.032942535     0.023263009     -0.40323344
           0.13          -0.082           0.058     -0.27966986     0.045870128     0.014620781     -0.40133625
           0.13          -0.082           0.062     -0.33756706      0.05234626    0.0073066861     -0.39927652
           0.13          -0.082           0.066     -0.38583274      0.05400586    0.0015473885     -0.39729031
           0.13          -0.082            0.07     -0.42816644     0.052897677   -0.0030831327     -0.39541454
           0.13          -0.082           0.074     -0.46707703     0.050869381   -0.0066878932      -0.3935597
           0.13          -0.082           0.078     -0.50362068     0.048827459    -0.009173123     -0.39169207
           0.13          -0.082           0.082     -0.53784352      0.04701065    -0.010551247     -0.38984232
           0.13          -0.082           0.086     -0.56903698     0.045374274    -0.010822181     -0.38802924
           0.13          -0.082            0.09     -0.59536768     0.043468511    -0.010323206     -0.38642233
           0.13          -0.082           0.094     -0.60785356     0.041183575   -0.0087938433     -0.38488113
           0.13          -0.082           0.098     -0.53523759      0.03589729   -0.0049607101     -0.38373996
           0.13          -0.078          -0.098     -0.40116341      0.12340454     0.038648863     -0.35479878
           0.13          -0.078          -0.094     -0.57744119      0.11881858     0.060910752     -0.35964445
           0.13          -0.078           -0.09     -0.58941111      0.10587942     0.069661565     -0.36396519
           0.13          -0.078          -0.086     -0.57562035     0.097994303     0.074676954     -0.36807891
           0.13          -0.078          -0.082      -0.5523531     0.093310254     0.078304599     -0.37172685
           0.13          -0.078          -0.078     -0.52521784     0.089919741     0.081223917     -0.37511318
           0.13          -0.078          -0.074     -0.49568602     0.087190888      0.08348747     -0.37834249
           0.13          -0.078           -0.07     -0.46430761     0.084964051     0.085090422     -0.38143219
           0.13          -0.078          -0.066     -0.43135511     0.083272309     0.086130601     -0.38435634
           0.13          -0.078          -0.062      -0.3969055     0.082169627     0.086802036     -0.38707591
           0.13          -0.078          -0.058     -0.36090585      0.08169302     0.087340803     -0.38955567
           0.13          -0.078          -0.054     -0.32316438     0.081880339     0.087978518       -0.391767
           0.13          -0.078           -0.05     -0.28334471     0.082819114     0.088895851     -0.39367816
           0.13          -0.078          -0.046     -0.24105834     0.084718645      0.09020706      -0.3952525
           0.13          -0.078          -0.042     -0.19589898      0.08792258     0.091927088      -0.3964554
           0.13          -0.078          -0.038     -0.14732291     0.092865464     0.093894424     -0.39728539
           0.13          -0.078          -0.034    -0.093515818     0.099484814     0.096411233     -0.39762512
           0.13          -0.078           -0.03    -0.023927151      0.10617761      0.10071139     -0.39725502
           0.13          -0.078          -0.026     0.090862282      0.10927831      0.11819205     -0.39627047
           0.13          -0.078          -0.022      0.21427342      0.11203611      0.13615925     -0.39622756
           0.13          -0.078          -0.018      0.26810037      0.11282989        0.127243     -0.39682404
           0.13          -0.078          -0.014      0.26185872     0.097369917      0.10693485     -0.39834353
           0.13          -0.078           -0.01      0.24212909     0.063845336     0.093412516     -0.40017753
           0.13          -0.078          -0.006      0.23112444        0.022135     0.088522518     -0.40115725
           0.13          -0.078          -0.002      0.23502375    -0.018321329     0.089541972     -0.40081712
           0.13          -0.078           0.002      0.25228706    -0.049639087     0.091819057     -0.39943709
           0.13          -0.078           0.006      0.27190705    -0.066751054     0.090659739     -0.39771522
           0.13          -0.078            0.01      0.28172882    -0.068321872     0.083536618     -0.39638826
           0.13          -0.078           0.014      0.27510162    -0.054939591     0.069640026     -0.39585832
           0.13          -0.078           0.018      0.25723216    -0.024190807     0.049487302     -0.39613037
           0.13          -0.078           0.022      0.25104754      0.02760399     0.035576554     -0.39633476
           0.13          -0.078           0.026       0.2461745     0.070435067     0.032510797     -0.39782695
           0.13          -0.078            0.03      0.19013467     0.055504506     0.039814711     -0.40077999
           0.13          -0.078           0.034      0.12013913     0.013605662     0.052360879     -0.40327095
           0.13          -0.078           0.038     0.057933055    -0.010917625     0.055300363     -0.40483834
           0.13          -0.078           0.042    -0.006327978    -0.012960007     0.050157521     -0.40542041
           0.13          -0.078           0.046    -0.078702848     0.000503811     0.038785608     -0.40490959
           0.13          -0.078            0.05      -0.1525528     0.023935033     0.025210112     -0.40344719
           0.13          -0.078           0.054     -0.21945744     0.043086508     0.014737588     -0.40177428
           0.13          -0.078           0.058     -0.27759352     0.053569328    0.0067507796     -0.40016274
           0.13          -0.078           0.062     -0.32710368     0.057705192   0.00056798357     -0.39852086
           0.13          -0.078           0.066     -0.37013883     0.057874796   -0.0041470886     -0.39689906
           0.13          -0.078            0.07      -0.4090875     0.056049272   -0.0077579949     -0.39529752
           0.13          -0.078           0.074     -0.44543866     0.053609022    -0.010361579     -0.39368581
           0.13          -0.078           0.078     -0.47981464     0.051243907     -0.01193492     -0.39206114
           0.13          -0.078           0.082     -0.51220673     0.049162195     -0.01249849     -0.39045849
           0.13          -0.078           0.086     -0.54207417     0.047329306    -0.012094092     -0.38891558
           0.13          -0.078            0.09     -0.56791525      0.04543952    -0.010941941      -0.3875512
           0.13          -0.078           0.094     -0.58182315     0.043125779   -0.0089376579     -0.38631447
           0.13          -0.078           0.098     -0.52284836     0.037865047    -0.004807768     -0.38542316
           0.13          -0.074          -0.098     -0.43724486      0.11854724     0.029465866     -0.36132377
           0.13          -0.074          -0.094     -0.56205276      0.11207711     0.051893459     -0.36494395
           0.13          -0.074           -0.09     -0.56857911       0.1006543     0.063917046     -0.36845481
           0.13          -0.074          -0.086     -0.55263888     0.093952669     0.070905566     -0.37199875
           0.13          -0.074          -0.082     -0.52967851      0.08996504     0.075801987     -0.37532418
           0.13          -0.074          -0.078     -0.50361775     0.087192765     0.079634962     -0.37845869
           0.13          -0.074          -0.074     -0.47542766     0.085103827     0.082696671     -0.38142554
           0.13          -0.074           -0.07     -0.44548762     0.083545958     0.085128224     -0.38422244
           0.13          -0.074          -0.066     -0.41397542     0.082498953     0.087083508     -0.38683852
           0.13          -0.074          -0.062     -0.38091732     0.081970937     0.088741529     -0.38925586
           0.13          -0.074          -0.058      -0.3462178     0.081971675     0.090279993     -0.39146039
           0.13          -0.074          -0.054     -0.30965489     0.082526612     0.091846599     -0.39344392
           0.13          -0.074           -0.05     -0.27089754     0.083705977     0.093520968     -0.39518826
           0.13          -0.074          -0.046     -0.22958806     0.085685884     0.095304945     -0.39666709
           0.13          -0.074          -0.042     -0.18546927     0.088791594     0.097117849     -0.39784546
           0.13          -0.074          -0.038     -0.13840765     0.093476055      0.09883437     -0.39869627
           0.13          -0.074          -0.034    -0.087790718       0.1001684      0.10050647     -0.39921226
           0.13          -0.074           -0.03    -0.029860628      0.10867489        0.103412     -0.39913853
           0.13          -0.074          -0.026     0.049327331      0.11754469      0.11351975     -0.39805824
           0.13          -0.074          -0.022      0.15077176      0.12295937      0.13329905     -0.39707324
           0.13          -0.074          -0.018      0.22226025      0.11831804      0.14373696     -0.39677534
           0.13          -0.074          -0.014      0.23999829     0.096945438      0.13887738     -0.39719277
           0.13          -0.074           -0.01      0.23333215     0.058435826      0.13265208     -0.39831741
           0.13          -0.074          -0.006      0.23375005     0.013515152      0.13181358     -0.39920692
           0.13          -0.074          -0.002      0.25332077    -0.027042088      0.13337332     -0.39918426
           0.13          -0.074           0.002       0.2831828     -0.05460624      0.13210828     -0.39812965
           0.13          -0.074           0.006      0.30812083    -0.066120918      0.12388903     -0.39678456
           0.13          -0.074            0.01      0.31656585    -0.062317973      0.10868421     -0.39575172
           0.13          -0.074           0.014      0.30344236    -0.043996738     0.086486142      -0.3954118
           0.13          -0.074           0.018       0.2737573     -0.01164499     0.058739246     -0.39556724
           0.13          -0.074           0.022      0.24636397     0.034045589     0.037185912     -0.39548467
           0.13          -0.074           0.026      0.21901594     0.058740943     0.038049009     -0.39651644
           0.13          -0.074            0.03      0.16762053     0.035248465     0.052406086     -0.39901498
           0.13          -0.074           0.034      0.11290926    0.0045526209     0.058725923     -0.40131594
           0.13          -0.074           0.038     0.053878973   -0.0084747825     0.052870975     -0.40304665
           0.13          -0.074           0.042    -0.014178218   -0.0032375274     0.042432313     -0.40376402
           0.13          -0.074           0.046    -0.088137564     0.014785057     0.028701781     -0.40331872
           0.13          -0.074            0.05     -0.15749871     0.035944511     0.015994924     -0.40208655
           0.13          -0.074           0.054     -0.21694819     0.051212781    0.0067269266     -0.40073976
           0.13          -0.074           0.058     -0.26785931     0.058806919  -0.00021255322     -0.39938484
           0.13          -0.074           0.062     -0.31198567     0.061003171   -0.0054086275     -0.39801452
           0.13          -0.074           0.066     -0.35140435     0.060115171   -0.0092860476     -0.39662236
           0.13          -0.074            0.07     -0.38777635     0.057808378     -0.01210901     -0.39520904
           0.13          -0.074           0.074     -0.42208318     0.055128074    -0.013965991     -0.39377298
           0.13          -0.074           0.078     -0.45473328     0.052601592    -0.014867706     -0.39232834
           0.13          -0.074           0.082     -0.48570569     0.050401959    -0.014838168     -0.39091269
           0.13          -0.074           0.086     -0.51458189     0.048502084    -0.013918179     -0.38957419
           0.13          -0.074            0.09     -0.54009398     0.046675388     -0.01223854     -0.38841115
           0.13          -0.074           0.094     -0.55517554     0.044451156   -0.0096802318     -0.38742295
           0.13          -0.074           0.098     -0.50561558     0.039097916   -0.0050615999     -0.38674791
           0.13           -0.07          -0.098     -0.44270339      0.10519388     0.023748612     -0.36669886
           0.13           -0.07          -0.094     -0.54269304      0.10172256     0.047564034     -0.36969953
           0.13           -0.07           -0.09     -0.54673402     0.093705061     0.060529602     -0.37265467
           0.13           -0.07          -0.086     -0.52974093     0.088863266      0.06870208     -0.37567784
           0.13           -0.07          -0.082     -0.50718858     0.085850258     0.074716056     -0.37864979
           0.13           -0.07          -0.078     -0.48206085     0.083741931      0.07946229     -0.38149815
           0.13           -0.07          -0.074     -0.45502112     0.082209007     0.083323435     -0.38419664
           0.13           -0.07           -0.07     -0.42631645     0.081156997     0.086529947     -0.38672729
           0.13           -0.07          -0.066     -0.39604139     0.080571752      0.08926399     -0.38907863
           0.13           -0.07          -0.062     -0.36416632     0.080459124     0.091684481     -0.39123928
           0.13           -0.07          -0.058     -0.33054372     0.080828465     0.093909764     -0.39320364
           0.13           -0.07          -0.054     -0.29491237     0.081700291      0.09599583     -0.39497641
           0.13           -0.07           -0.05     -0.25691491     0.083114733     0.097921576     -0.39654632
           0.13           -0.07          -0.046     -0.21619401     0.085185228     0.099590959     -0.39788352
           0.13           -0.07          -0.042     -0.17254221     0.088143219      0.10085874     -0.39894112
           0.13           -0.07          -0.038     -0.12598936       0.0923242      0.10159518     -0.39966049
           0.13           -0.07          -0.034    -0.076556492     0.098034477      0.10193145     -0.39996908
           0.13           -0.07           -0.03    -0.023044897      0.10533117      0.10285409     -0.39971056
           0.13           -0.07          -0.026     0.039117433      0.11357594      0.10767839     -0.39859189
           0.13           -0.07          -0.022      0.11310892      0.11811104      0.12143835     -0.39674634
           0.13           -0.07          -0.018       0.1790037      0.11063942      0.13778161     -0.39512034
           0.13           -0.07          -0.014      0.21619267     0.085511926      0.14880262      -0.3942743
           0.13           -0.07           -0.01       0.2401419      0.04408924      0.15699361     -0.39467651
           0.13           -0.07          -0.006      0.27375862   -0.0014896833      0.16473216     -0.39590674
           0.13           -0.07          -0.002      0.31622189    -0.037588597      0.16735434     -0.39661927
           0.13           -0.07           0.002      0.35291399    -0.058200431      0.16115633     -0.39628542
           0.13           -0.07           0.006      0.37282542    -0.062577425      0.14588217     -0.39562415
           0.13           -0.07            0.01      0.37105837    -0.053895524       0.1233532     -0.39524325
           0.13           -0.07           0.014      0.34574112    -0.032304466     0.095771439     -0.39543948
           0.13           -0.07           0.018      0.30163607  -0.00085476616     0.065395183     -0.39575939
           0.13           -0.07           0.022      0.25358678     0.033039897     0.043279097     -0.39559716
           0.13           -0.07           0.026      0.21102123     0.041828972     0.043990928      -0.3959957
           0.13           -0.07            0.03      0.16852845     0.021799674     0.052938721     -0.39793798
           0.13           -0.07           0.034      0.11948556    0.0028538468     0.051349469     -0.40011313
           0.13           -0.07           0.038     0.057233415  -0.00068632752      0.04179789     -0.40186115
           0.13           -0.07           0.042    -0.014970546    0.0090370809     0.028953577     -0.40268258
           0.13           -0.07           0.046    -0.087775402     0.027138852     0.016244637     -0.40240099
           0.13           -0.07            0.05     -0.15263948     0.044863018    0.0058104565     -0.40140153
           0.13           -0.07           0.054     -0.20706632     0.056492904   -0.0017820766      -0.4002089
           0.13           -0.07           0.058     -0.25325458      0.06164939   -0.0073646571     -0.39896972
           0.13           -0.07           0.062     -0.29374748     0.062453485     -0.01148993     -0.39770864
           0.13           -0.07           0.066     -0.33050234     0.060902554    -0.014499056     -0.39642411
           0.13           -0.07            0.07     -0.36482408     0.058347812    -0.016570031     -0.39511755
           0.13           -0.07           0.074     -0.39744267     0.055593602    -0.017761711     -0.39379556
           0.13           -0.07           0.078     -0.42866693     0.053047178    -0.018082873     -0.39247747
           0.13           -0.07           0.082     -0.45849149     0.050844565    -0.017543228     -0.39120065
           0.13           -0.07           0.086     -0.48659741     0.048957402    -0.016159314     -0.39001731
           0.13           -0.07            0.09     -0.51191553     0.047187744     -0.01398514     -0.38901597
           0.13           -0.07           0.094     -0.52795567     0.044977792    -0.010855235     -0.38821999
           0.13           -0.07           0.098     -0.48526382     0.039219808   -0.0055458176     -0.38770807
           0.13          -0.066          -0.098     -0.43712333      0.09106741     0.021269393     -0.37156905
           0.13          -0.066          -0.094      -0.5220467      0.09070303     0.045247391     -0.37402165
           0.13          -0.066           -0.09      -0.5242998     0.085888772     0.058760894     -0.37655672
           0.13          -0.066          -0.086     -0.50703815     0.082848227     0.067896894     -0.37913935
           0.13          -0.066          -0.082     -0.48500991     0.080859338     0.074917815     -0.38177008
           0.13          -0.066          -0.078     -0.46072498     0.079427276     0.080541643     -0.38433201
           0.13          -0.066          -0.074     -0.43468522     0.078402195     0.085180107       -0.386769
           0.13          -0.066           -0.07     -0.40704608     0.077766968      0.08910394      -0.3890498
           0.13          -0.066          -0.066     -0.37782634     0.077550774     0.092500787     -0.39116032
           0.13          -0.066          -0.062     -0.34693137     0.077790287     0.095498294     -0.39308829
           0.13          -0.066          -0.058     -0.31415559     0.078518269     0.098144653     -0.39483152
           0.13          -0.066          -0.054     -0.27915295     0.079763754      0.10040529     -0.39639844
           0.13          -0.066           -0.05     -0.24146824     0.081529957      0.10215747     -0.39777206
           0.13          -0.066          -0.046     -0.20065944     0.083821544      0.10321458      -0.3989155
           0.13          -0.066          -0.042     -0.15641266     0.086696728      0.10337969     -0.39977252
           0.13          -0.066          -0.038     -0.10868877     0.090268105       0.1025133     -0.40025845
           0.13          -0.066          -0.034    -0.057701968     0.094593766      0.10083519       -0.400212
           0.13          -0.066           -0.03   -0.0033565825     0.099393779     0.099319887     -0.39942802
           0.13          -0.066          -0.026     0.055631434      0.10348644      0.10058638      -0.3977403
           0.13          -0.066          -0.022      0.12053185       0.1022081      0.10910419     -0.39522144
           0.13          -0.066          -0.018       0.1875682     0.087373768      0.12529862     -0.39281856
           0.13          -0.066          -0.014      0.25335063      0.05498594      0.14582545     -0.39158638
           0.13          -0.066           -0.01      0.32260512     0.012184602      0.16623786     -0.39203427
           0.13          -0.066          -0.006      0.38890354    -0.026059737      0.18028565     -0.39351095
           0.13          -0.066          -0.002      0.43889942    -0.051158054      0.18186125     -0.39444038
           0.13          -0.066           0.002      0.46522598    -0.061398245      0.16973835     -0.39453218
           0.13          -0.066           0.006      0.46789739    -0.058625952      0.14711081     -0.39444149
           0.13          -0.066            0.01      0.45001981    -0.045941716      0.11831644     -0.39458827
           0.13          -0.066           0.014      0.40989789    -0.023490984     0.087628785     -0.39534913
           0.13          -0.066           0.018       0.3521749    0.0033249102     0.057987418     -0.39580104
           0.13          -0.066           0.022      0.29275304     0.024440661     0.039322485     -0.39568144
           0.13          -0.066           0.026      0.24492799     0.024277532     0.036763347     -0.39603717
           0.13          -0.066            0.03      0.20059489     0.010895896     0.038043407     -0.39780709
           0.13          -0.066           0.034      0.14408042    0.0028251394     0.032524275     -0.39999564
           0.13          -0.066           0.038     0.072595571    0.0056068839     0.022927495     -0.40170624
           0.13          -0.066           0.042   -0.0052148723     0.017919124     0.011783493     -0.40246485
           0.13          -0.066           0.046    -0.078597528     0.034847716    0.0017804723     -0.40221444
           0.13          -0.066            0.05     -0.14087207     0.049607065    -0.005896914     -0.40128998
           0.13          -0.066           0.054     -0.19205415     0.058510714    -0.011391397     -0.40008933
           0.13          -0.066           0.058      -0.2352138     0.062009562    -0.015349156     -0.39881455
           0.13          -0.066           0.062     -0.27318949     0.062018467     -0.01820449     -0.39753319
           0.13          -0.066           0.066     -0.30791809     0.060208869    -0.020201295     -0.39626141
           0.13          -0.066            0.07     -0.34057238     0.057666476    -0.021441419     -0.39499591
           0.13          -0.066           0.074     -0.37177263     0.055023873    -0.021940261       -0.393738
           0.13          -0.066           0.078     -0.40179006      0.05260132    -0.021676051     -0.39250525
           0.13          -0.066           0.082     -0.43064869     0.050503131     -0.02062657     -0.39133168
           0.13          -0.066           0.086     -0.45811917     0.048690469    -0.018766636     -0.39026885
           0.13          -0.066            0.09     -0.48328281     0.046966815    -0.016081206     -0.38939989
           0.13          -0.066           0.094     -0.50001713     0.044665068    -0.012329134       -0.388756
           0.13          -0.066           0.098     -0.46243928     0.038285132   -0.0061454273     -0.38836544
           0.13          -0.062          -0.098     -0.42526693     0.077057148     0.019924666      -0.3761226
           0.13          -0.062          -0.094     -0.50072403      0.07945371     0.043841723     -0.37809374
           0.13          -0.062           -0.09     -0.50177711     0.077308452     0.058199431     -0.38025894
           0.13          -0.062          -0.086     -0.48468445     0.075883003     0.068308181     -0.38245639
           0.13          -0.062          -0.082      -0.4632329     0.074899771     0.076280276     -0.38477129
           0.13          -0.062          -0.078      -0.4397247     0.074142772     0.082735326     -0.38706024
           0.13          -0.062          -0.074     -0.41457055     0.073601724     0.088104829     -0.38924548
           0.13          -0.062           -0.07     -0.38784757     0.073348613     0.092678334      -0.3912868
           0.13          -0.062          -0.066     -0.35950199     0.073483368     0.096628719     -0.39316851
           0.13          -0.062          -0.062      -0.3293661     0.074100345      0.10003613     -0.39487426
           0.13          -0.062          -0.058     -0.29714637     0.075274702      0.10286594     -0.39640412
           0.13          -0.062          -0.054     -0.26234071     0.077033466      0.10498635     -0.39777584
           0.13          -0.062           -0.05     -0.22423249     0.079295003       0.1061826     -0.39897971
           0.13          -0.062          -0.046     -0.18201834     0.081888392      0.10619755     -0.39995988
           0.13          -0.062          -0.042     -0.13496485     0.084643888      0.10478288     -0.40058611
           0.13          -0.062          -0.038    -0.082603346     0.087337422      0.10181849     -0.40069779
           0.13          -0.062          -0.034    -0.024547667     0.089513979     0.097707565     -0.40010298
           0.13          -0.062           -0.03     0.040246758     0.090104737     0.093952407     -0.39866853
           0.13          -0.062          -0.026      0.11418088     0.086461278     0.093961797     -0.39639988
           0.13          -0.062          -0.022      0.20066633     0.073606223      0.10255785     -0.39363323
           0.13          -0.062          -0.018      0.30085361     0.046926462      0.12183708      -0.3911279
           0.13          -0.062          -0.014      0.40850798    0.0097519804      0.14711437     -0.39002493
           0.13          -0.062           -0.01      0.50772628    -0.026837384      0.17021147     -0.39052516
           0.13          -0.062          -0.006       0.5804513    -0.052498088      0.18241461     -0.39156939
           0.13          -0.062          -0.002      0.61461372    -0.064060736      0.17742984     -0.39228938
           0.13          -0.062           0.002      0.61420407    -0.063138616      0.15701074     -0.39237211
           0.13          -0.062           0.006      0.59465523    -0.053474469      0.12487131     -0.39254849
           0.13          -0.062            0.01      0.56541697    -0.039781901     0.090892868     -0.39284851
           0.13          -0.062           0.014      0.51611601    -0.020625779     0.060574228      -0.3942758
           0.13          -0.062           0.018      0.45065495   -0.0025815608     0.034985932     -0.39502282
           0.13          -0.062           0.022       0.3856399    0.0077088239     0.020621707     -0.39544568
           0.13          -0.062           0.026      0.32887801    0.0047980051     0.015752912     -0.39629764
           0.13          -0.062            0.03      0.26804299   -0.0020859468     0.012941626     -0.39824335
           0.13          -0.062           0.034      0.19209589   -0.0026327415    0.0075033833     -0.40044257
           0.13          -0.062           0.038      0.10476263    0.0055012331  -0.00011721906     -0.40213657
           0.13          -0.062           0.042     0.017406749     0.020139925   -0.0080442165      -0.4028432
           0.13          -0.062           0.046     -0.05982223     0.036535838    -0.014584603     -0.40253825
           0.13          -0.062            0.05     -0.12262268     0.049535395    -0.019242503     -0.40152368
           0.13          -0.062           0.054     -0.17276826     0.056969724    -0.022358285     -0.40019185
           0.13          -0.062           0.058      -0.2143226     0.059719201    -0.024447572     -0.39878028
           0.13          -0.062           0.062     -0.25066027     0.059554012    -0.025818483     -0.39740115
           0.13          -0.062           0.066     -0.28389461     0.057908038    -0.026626629     -0.39608457
           0.13          -0.062            0.07     -0.31522211     0.055671667     -0.02691173     -0.39481681
           0.13          -0.062           0.074     -0.34524671     0.053352154    -0.026636082     -0.39358846
           0.13          -0.062           0.078      -0.3742417     0.051210227    -0.025730479     -0.39241248
           0.13          -0.062           0.082     -0.40226907       0.0493256    -0.024127174     -0.39131698
           0.13          -0.062           0.086     -0.42917356      0.04764732     -0.02175121     -0.39034984
           0.13          -0.062            0.09     -0.45415456     0.045954805    -0.018515391     -0.38959079
           0.13          -0.062           0.094     -0.47127416     0.043432748    -0.014075329     -0.38906718
           0.13          -0.062           0.098     -0.43729643     0.036227473   -0.0068302686     -0.38876114
           0.13          -0.058          -0.098     -0.40861284     0.062732492      0.01907244     -0.38046397
           0.13          -0.058          -0.094     -0.47874229     0.067514199     0.043150074     -0.38204702
           0.13          -0.058           -0.09     -0.47937563     0.067696774     0.058573031     -0.38387944
           0.13          -0.058          -0.086     -0.46273113     0.067804203     0.069705331     -0.38574263
           0.13          -0.058          -0.082      -0.4419206     0.067847618     0.078595184     -0.38777031
           0.13          -0.058          -0.078     -0.41915546     0.067794445     0.085832849     -0.38979802
           0.13          -0.058          -0.074      -0.3947882     0.067750058     0.091877852     -0.39173462
           0.13          -0.058           -0.07     -0.36883727     0.067893759     0.097029939     -0.39353986
           0.13          -0.058          -0.066     -0.34117237     0.068425771      0.10143258     -0.39519914
           0.13          -0.058          -0.062     -0.31153206     0.069522101      0.10509629     -0.39669543
           0.13          -0.058          -0.058     -0.27946514     0.071301356      0.10788249     -0.39804444
           0.13          -0.058          -0.054     -0.24410495     0.073738348      0.10954308     -0.39928585
           0.13          -0.058           -0.05     -0.20411427     0.076604286      0.10975503     -0.40037305
           0.13          -0.058          -0.046      -0.1580037      0.07953131      0.10812082     -0.40111557
           0.13          -0.058          -0.042     -0.10416716     0.081957364       0.1043222     -0.40132496
           0.13          -0.058          -0.038     -0.04050988     0.083077967     0.098466696     -0.40081011
           0.13          -0.058          -0.034     0.036074279     0.081515497     0.091646941     -0.39939811
           0.13          -0.058           -0.03      0.12948271     0.074781337     0.086880984     -0.39711207
           0.13          -0.058          -0.026      0.24264851     0.059623206     0.089148676       -0.394216
           0.13          -0.058          -0.022      0.37457859     0.034258511      0.10190007     -0.39133407
           0.13          -0.058          -0.018      0.51838795    0.0006224603      0.12383608     -0.38907496
           0.13          -0.058          -0.014      0.65899526    -0.034238933      0.14825229     -0.38813936
           0.13          -0.058           -0.01      0.77522652    -0.062252665      0.16733013     -0.38761177
           0.13          -0.058          -0.006      0.83939491      -0.0748887      0.17203727     -0.38834315
           0.13          -0.058          -0.002      0.83971583    -0.072471246      0.15662982      -0.3889983
           0.13          -0.058           0.002      0.80239967    -0.060892853      0.12380067      -0.3892062
           0.13          -0.058           0.006      0.77087435    -0.046787808     0.083551301     -0.38979355
           0.13          -0.058            0.01      0.75065831    -0.038127263     0.050443658     -0.39012828
           0.13          -0.058           0.014      0.70032942    -0.026814921     0.026494823     -0.39251076
           0.13          -0.058           0.018      0.62573288    -0.018254623    0.0070877943         -0.3937
           0.13          -0.058           0.022       0.5456361    -0.014520279   -0.0041853274     -0.39497507
           0.13          -0.058           0.026       0.4664394    -0.018122531    -0.010679078     -0.39633047
           0.13          -0.058            0.03      0.37707914    -0.020819839    -0.014544718     -0.39846564
           0.13          -0.058           0.034      0.27195535     -0.01568346    -0.018878689     -0.40079867
           0.13          -0.058           0.038      0.16024796   -0.0029255648    -0.024184295       -0.402556
           0.13          -0.058           0.042     0.056371458      0.01428878    -0.029020914     -0.40328236
           0.13          -0.058           0.046    -0.029985761     0.031372244    -0.032316113     -0.40295925
           0.13          -0.058            0.05    -0.097118153     0.044243548    -0.034008069     -0.40186009
           0.13          -0.058           0.054     -0.14893419     0.051606734    -0.034627609     -0.40035853
           0.13          -0.058           0.058     -0.19057067     0.054579028    -0.034672983     -0.39875853
           0.13          -0.058           0.062     -0.22621059     0.054891238    -0.034387385     -0.39723573
           0.13          -0.058           0.066     -0.25851255     0.053859279    -0.033855274     -0.39584285
           0.13          -0.058            0.07     -0.28888797     0.052247456    -0.033063691     -0.39455117
           0.13          -0.058           0.074     -0.31800242      0.05048154    -0.031921134     -0.39333452
           0.13          -0.058           0.078     -0.34616198     0.048787145    -0.030303823     -0.39219935
           0.13          -0.058           0.082     -0.37347565     0.047231515     -0.02809275     -0.39116835
           0.13          -0.058           0.086      -0.3998553     0.045747034    -0.025153571     -0.39028245
           0.13          -0.058            0.09     -0.42458164     0.044071521    -0.021330354      -0.3896176
           0.13          -0.058           0.094     -0.44171982     0.041193201    -0.016124422     -0.38918468
           0.13          -0.058           0.098     -0.40980837     0.032948227   -0.0076445374     -0.38893859
           0.13          -0.054          -0.098     -0.38736375      0.04850944     0.017990061     -0.38468267
           0.13          -0.054          -0.094     -0.45562426     0.054446011     0.042689651     -0.38601114
           0.13          -0.054           -0.09     -0.45691788     0.056707236     0.059530636     -0.38757073
           0.13          -0.054          -0.086     -0.44112366     0.058410677     0.071756914     -0.38914874
           0.13          -0.054          -0.082     -0.42109275     0.059575899     0.081530521     -0.39092126
           0.13          -0.054          -0.078     -0.39907307     0.060295425     0.089493126     -0.39269843
           0.13          -0.054          -0.074     -0.37541003     0.060794578     0.096161544     -0.39438136
           0.13          -0.054           -0.07     -0.35007522     0.061392908      0.10184494     -0.39594277
           0.13          -0.054          -0.066     -0.32285061     0.062431138      0.10662931     -0.39737982
           0.13          -0.054          -0.062     -0.29333477      0.06418744      0.11040395     -0.39868927
           0.13          -0.054          -0.058     -0.26074632     0.066803218      0.11286604      -0.3999111
           0.13          -0.054          -0.054     -0.22347409     0.070158172      0.11359932     -0.40103768
           0.13          -0.054           -0.05     -0.17923396     0.073870925      0.11202895     -0.40188638
           0.13          -0.054          -0.046     -0.12528465     0.077215929      0.10755293     -0.40216728
           0.13          -0.054          -0.042    -0.057676093     0.079043149     0.099991582     -0.40163333
           0.13          -0.054          -0.038     0.029320497     0.077559407      0.09010558     -0.40002904
           0.13          -0.054          -0.034      0.14178063     0.069979456     0.080782657     -0.39734924
           0.13          -0.054           -0.03      0.28222833     0.053286689     0.077320116     -0.39395162
           0.13          -0.054          -0.026      0.44647609     0.027202837     0.084224688     -0.39053401
           0.13          -0.054          -0.022      0.62626657    -0.004911382      0.10051398      -0.3877662
           0.13          -0.054          -0.018      0.81261293    -0.038913176      0.12186879     -0.38512884
           0.13          -0.054          -0.014       0.9904746    -0.068075672      0.14199021     -0.38283084
           0.13          -0.054           -0.01       1.1295319    -0.086623246      0.15410087     -0.38085647
           0.13          -0.054          -0.006       1.1803159    -0.086036839      0.14900625     -0.38172635
           0.13          -0.054          -0.002       1.1298549    -0.072730036      0.11946669     -0.38307089
           0.13          -0.054           0.002       1.0567633    -0.054491653     0.076718163     -0.38434418
           0.13          -0.054           0.006       1.0486482    -0.041584477     0.038552227     -0.38607931
           0.13          -0.054            0.01       1.0594538    -0.042396831     0.015169675     -0.38657899
           0.13          -0.054           0.014      0.99237489    -0.038774182  -3.1099009e-05     -0.38992275
           0.13          -0.054           0.018       0.8903121    -0.037506527    -0.014366499     -0.39153308
           0.13          -0.054           0.022      0.77897554    -0.038226834    -0.024163541     -0.39364873
           0.13          -0.054           0.026      0.66546472    -0.043199787    -0.032147284     -0.39536208
           0.13          -0.054            0.03      0.53827481    -0.043936784     -0.03667324      -0.3976959
           0.13          -0.054           0.034      0.39376303    -0.034732719     -0.04053481     -0.40032273
           0.13          -0.054           0.038      0.24667122    -0.018384238    -0.045135418      -0.4023122
           0.13          -0.054           0.042      0.11617167    0.0011812075    -0.048692394     -0.40325155
           0.13          -0.054           0.046     0.013045366     0.019741578    -0.050053975     -0.40308461
           0.13          -0.054            0.05    -0.063168971     0.033711795    -0.049492759      -0.4020096
           0.13          -0.054           0.054     -0.11959634     0.042231569     -0.04783243     -0.40041696
           0.13          -0.054           0.058     -0.16334738     0.046411715    -0.045802218     -0.39866793
           0.13          -0.054           0.062     -0.19956932     0.047888671    -0.043778119      -0.3969971
           0.13          -0.054           0.066     -0.23170494        0.047941    -0.041820374     -0.39550848
           0.13          -0.054            0.07     -0.26162469     0.047287737    -0.039871294     -0.39418137
           0.13          -0.054           0.074     -0.29017445     0.046317351    -0.037793631     -0.39297016
           0.13          -0.054           0.078     -0.31773226      0.04524586    -0.035413822     -0.39187044
           0.13          -0.054           0.082     -0.34446803     0.044137691    -0.032555417     -0.39089854
           0.13          -0.054           0.086     -0.37035626     0.042908641    -0.029023495     -0.39008696
           0.13          -0.054            0.09     -0.39471943     0.041229651     -0.02459142     -0.38950913
           0.13          -0.054           0.094     -0.41141843     0.037839118    -0.018525157     -0.38914129
           0.13          -0.054           0.098     -0.37986202     0.028296534   -0.0086581796     -0.38894351
           0.13           -0.05          -0.098     -0.35963944     0.033480522     0.015978057     -0.38913033
           0.13           -0.05          -0.094     -0.43030406     0.039311668      0.04163695     -0.39022549
           0.13           -0.05           -0.09     -0.43400368     0.043754978     0.060418181     -0.39157183
           0.13           -0.05          -0.086     -0.41971262     0.047448627     0.073866578     -0.39290471
           0.13           -0.05          -0.082      -0.4006839     0.049981084     0.084493427     -0.39443811
           0.13           -0.05          -0.078     -0.37943443     0.051594781     0.093132168     -0.39595627
           0.13           -0.05          -0.074     -0.35638569     0.052699364      0.10040852     -0.39735765
           0.13           -0.05           -0.07     -0.33148561     0.053837005      0.10662963     -0.39864815
           0.13           -0.05          -0.066     -0.30439203      0.05556496      0.11176448      -0.3998509
           0.13           -0.05          -0.062     -0.27445344     0.058298832      0.11546679     -0.40098619
           0.13           -0.05          -0.058     -0.24025281     0.062173909      0.11716887     -0.40208501
           0.13           -0.05          -0.054     -0.19903292     0.066969405      0.11614512     -0.40300887
           0.13           -0.05           -0.05     -0.14701229      0.07205488      0.11143684     -0.40341305
           0.13           -0.05          -0.046    -0.078831102     0.076156982      0.10246559     -0.40293473
           0.13           -0.05          -0.042     0.013504857     0.077164993     0.089610822     -0.40120648
           0.13           -0.05          -0.038      0.13869119     0.071878493     0.075583316      -0.3981408
           0.13           -0.05          -0.034      0.30090607     0.056774964     0.065881513     -0.39411796
           0.13           -0.05           -0.03      0.49542387      0.03074844     0.066126603      -0.3898675
           0.13           -0.05          -0.026      0.71131012   -0.0023681492       0.0774009      -0.3858901
           0.13           -0.05          -0.022      0.93941527    -0.035964364     0.094727004     -0.38250047
           0.13           -0.05          -0.018       1.1750098    -0.065826242      0.11365703      -0.3783597
           0.13           -0.05          -0.014       1.4012907    -0.086499628      0.12669179     -0.37567668
           0.13           -0.05           -0.01       1.5837524    -0.094432719      0.12951222     -0.37256255
           0.13           -0.05          -0.006       1.6385557    -0.085145499      0.11168984     -0.37418443
           0.13           -0.05          -0.002       1.5296339    -0.070809301     0.074401731     -0.37776122
           0.13           -0.05           0.002       1.4526985    -0.056118513     0.032180032     -0.38107727
           0.13           -0.05           0.006       1.5175197    -0.045842417     0.010660696       -0.384354
           0.13           -0.05            0.01       1.5470459    -0.052252598   -0.0029022045     -0.38420733
           0.13           -0.05           0.014       1.4108034    -0.053942372    -0.011895012     -0.38809926
           0.13           -0.05           0.018       1.2567093    -0.056283587    -0.024294227     -0.38853746
           0.13           -0.05           0.022       1.0962918    -0.060030036    -0.033390347     -0.39096793
           0.13           -0.05           0.026      0.93575579      -0.0670474    -0.042988608     -0.39275623
           0.13           -0.05            0.03      0.76099778    -0.067295755    -0.048625413     -0.39529875
           0.13           -0.05           0.034      0.56500234    -0.055105587    -0.052935707     -0.39857724
           0.13           -0.05           0.038      0.36977272    -0.036614166    -0.059064338     -0.40101673
           0.13           -0.05           0.042      0.20107249     -0.01618914    -0.064062309     -0.40237501
           0.13           -0.05           0.046     0.071982767    0.0033355479    -0.065778284     -0.40261002
           0.13           -0.05            0.05    -0.019268237     0.018680965      -0.0644103     -0.40172924
           0.13           -0.05           0.054    -0.083715639     0.029009068    -0.061170059     -0.40018588
           0.13           -0.05           0.058     -0.13184206     0.035179396     -0.05732174     -0.39838892
           0.13           -0.05           0.062     -0.17027051      0.03849785    -0.053620982      -0.3966249
           0.13           -0.05           0.066     -0.20328798     0.040112296    -0.050267689     -0.39505163
           0.13           -0.05            0.07     -0.23344164     0.040753446    -0.047167952     -0.39369275
           0.13           -0.05           0.074     -0.26190263     0.040821642    -0.044151967     -0.39249133
           0.13           -0.05           0.078     -0.28917875     0.040542916    -0.041005266     -0.39142983
           0.13           -0.05           0.082     -0.31552967     0.039992432    -0.037496033     -0.39052099
           0.13           -0.05           0.086     -0.34098692     0.039062593    -0.033369283     -0.38978743
           0.13           -0.05            0.09      -0.3648429     0.037320349     -0.02831777     -0.38930008
           0.13           -0.05           0.094     -0.38042967     0.033216694    -0.021253801     -0.38898707
           0.13           -0.05           0.098     -0.34734709     0.022099133   -0.0097863691     -0.38884931
           0.13          -0.046          -0.098     -0.32055432     0.019938395     0.014010754      -0.3941329
           0.13          -0.046          -0.094     -0.40113314     0.021803332     0.040035724     -0.39491622
           0.13          -0.046           -0.09      -0.4099817     0.028507681     0.060531116      -0.3961436
           0.13          -0.046          -0.086     -0.39809745     0.034738412     0.075028446     -0.39731739
           0.13          -0.046          -0.082     -0.38035184     0.038986148     0.086407695      -0.3986192
           0.13          -0.046          -0.078     -0.35989826     0.041636849     0.095749541     -0.39983043
           0.13          -0.046          -0.074     -0.33736034      0.04340614      0.10375342     -0.40087242
           0.13          -0.046           -0.07     -0.31267987     0.045215482      0.11065666     -0.40182137
           0.13          -0.046          -0.066     -0.28532179      0.04796421      0.11616631     -0.40275765
           0.13          -0.046          -0.062     -0.25417573     0.052250793      0.11952654     -0.40371923
           0.13          -0.046          -0.058     -0.21675135      0.05818221      0.11975365     -0.40464725
           0.13          -0.046          -0.054       -0.168631     0.065386208      0.11564411      -0.4052286
           0.13          -0.046           -0.05      -0.1035148     0.072747762      0.10606696     -0.40495505
           0.13          -0.046          -0.046    -0.012075784     0.078063518     0.090968586     -0.40334708
           0.13          -0.046          -0.042      0.11681469     0.077755934     0.072678655     -0.40013797
           0.13          -0.046          -0.038      0.29066148     0.067604728     0.056698843     -0.39557028
           0.13          -0.046          -0.034      0.50781703     0.045225276     0.049279706     -0.39043272
           0.13          -0.046           -0.03       0.7577038     0.012389033     0.053783526     -0.38500056
           0.13          -0.046          -0.026       1.0259017    -0.023153062     0.068210641     -0.37922654
           0.13          -0.046          -0.022       1.3042584    -0.051813881     0.084653902     -0.37380066
           0.13          -0.046          -0.018       1.5909588    -0.070356395     0.096808178     -0.36791845
           0.13          -0.046          -0.014       1.8716864    -0.071324738     0.097637777     -0.36241259
           0.13          -0.046           -0.01        2.127826    -0.060063734     0.091331824     -0.35416495
           0.13          -0.046          -0.006       2.2287038    -0.051062508     0.066465006     -0.35804001
           0.13          -0.046          -0.002       2.0902136    -0.050959244     0.047920614     -0.36336316
           0.13          -0.046           0.002        2.062639    -0.040216923    0.0087533335     -0.36682798
           0.13          -0.046           0.006       2.2220797    -0.024790663     0.013192951     -0.36964361
           0.13          -0.046            0.01       2.2130784    -0.031250662   5.3430233e-05     -0.37005506
           0.13          -0.046           0.014       1.9629794    -0.048890373   -0.0024317223      -0.3791836
           0.13          -0.046           0.018       1.7339159    -0.062601446    -0.017356522     -0.38234055
           0.13          -0.046           0.022       1.5062102    -0.072936217    -0.028829541     -0.38626095
           0.13          -0.046           0.026       1.2852885    -0.083385732    -0.042177435     -0.38757423
           0.13          -0.046            0.03       1.0505107    -0.084842869    -0.049433375     -0.39059295
           0.13          -0.046           0.034      0.78676112    -0.070728785    -0.054472995     -0.39539836
           0.13          -0.046           0.038      0.52999468    -0.051885079    -0.063740742     -0.39862791
           0.13          -0.046           0.042      0.31270624    -0.033310131    -0.072697723     -0.40052092
           0.13          -0.046           0.046      0.14911208    -0.015024804    -0.077374981     -0.40136105
           0.13          -0.046            0.05      0.03663199   0.00066173129    -0.077191834     -0.40086973
           0.13          -0.046           0.054    -0.039783262     0.012629079    -0.073532348     -0.39952116
           0.13          -0.046           0.058    -0.094939496     0.021125008    -0.068438984     -0.39779853
           0.13          -0.046           0.062     -0.13766295     0.026836367    -0.063300907     -0.39604277
           0.13          -0.046           0.066     -0.17300798     0.030477051     -0.05870696     -0.39443905
           0.13          -0.046            0.07     -0.20433252     0.032733888    -0.054589808     -0.39306728
           0.13          -0.046           0.074     -0.23335059     0.034056654    -0.050730966     -0.39189101
           0.13          -0.046           0.078     -0.26078677     0.034710822    -0.046885656     -0.39088291
           0.13          -0.046           0.082      -0.2870256     0.034800041    -0.042777072     -0.39005375
           0.13          -0.046           0.086     -0.31215764     0.034180767    -0.038094041     -0.38941894
           0.13          -0.046            0.09     -0.33532852     0.032241612     -0.03242103      -0.3890429
           0.13          -0.046           0.094     -0.34887951     0.027065663     -0.02414591     -0.38880592
           0.13          -0.046           0.098     -0.31197204     0.014351993    -0.010678717     -0.38876671
           0.13          -0.042          -0.098     -0.27685883    0.0077766896     0.013632177     -0.39930843
           0.13          -0.042          -0.094     -0.36808474     0.002949082     0.038465829     -0.40024791
           0.13          -0.042           -0.09     -0.38360089     0.011530296     0.058421231     -0.40163218
           0.13          -0.042          -0.086     -0.37494148     0.020495652     0.073290396     -0.40278346
           0.13          -0.042          -0.082     -0.35874932     0.026593748     0.085532841       -0.403832
           0.13          -0.042          -0.078     -0.33913555     0.030292465     0.095928758     -0.40461285
           0.13          -0.042          -0.074     -0.31706809     0.032741244      0.10504654     -0.40514199
           0.13          -0.042           -0.07     -0.29245217     0.035463778      0.11295851     -0.40563403
           0.13          -0.042          -0.066     -0.26435499     0.039879738      0.11888774     -0.40626394
           0.13          -0.042          -0.062     -0.23084414      0.04677958      0.12141937     -0.40704776
           0.13          -0.042          -0.058     -0.18789592     0.056128607      0.11898657     -0.40773638
           0.13          -0.042          -0.054     -0.12867721     0.067120324      0.11004421     -0.40779979
           0.13          -0.042           -0.05    -0.043521195     0.077647128     0.094026568      -0.4065736
           0.13          -0.042          -0.046     0.079913371     0.083940477     0.072759046     -0.40360519
           0.13          -0.042          -0.042      0.25253022     0.081119946     0.051429628     -0.39887808
           0.13          -0.042          -0.038      0.47796192     0.065725838     0.036796379     -0.39304896
           0.13          -0.042          -0.034      0.75090504     0.037778961     0.033216982     -0.38682313
           0.13          -0.042           -0.03       1.0583519    0.0016694973      0.04235178     -0.37942792
           0.13          -0.042          -0.026       1.3806105    -0.031020315     0.060730873     -0.37101198
           0.13          -0.042          -0.022       1.7006714    -0.047895401     0.073941861     -0.36485348
           0.13          -0.042          -0.018       2.0215315    -0.042767518     0.082589934     -0.35580893
           0.13          -0.042          -0.014       2.2862562    -0.026611748     0.076383454     -0.35138101
           0.13          -0.042           -0.01       2.4276306    -0.014841456     0.062513016      -0.3516753
           0.13          -0.042          -0.006       2.4853321    -0.021879033      0.04131066     -0.35650093
           0.13          -0.042          -0.002       2.4191373     -0.02979984     0.037747521     -0.35871605
           0.13          -0.042           0.002       2.4022359    -0.026141889    0.0082258415     -0.36205665
           0.13          -0.042           0.006       2.4962272    -0.015310303     0.018167021     -0.36524163
           0.13          -0.042            0.01       2.4631961     -0.01468425    0.0085085419     -0.36564569
           0.13          -0.042           0.014       2.3739255    -0.024125585    0.0051004106      -0.3699238
           0.13          -0.042           0.018       2.2445188    -0.038306915    -0.009934413      -0.3704473
           0.13          -0.042           0.022       1.9917754    -0.061468386    -0.015855347     -0.37682513
           0.13          -0.042           0.026       1.7054819    -0.084364592    -0.032214994     -0.38022554
           0.13          -0.042            0.03       1.4027247    -0.090075147    -0.042700837     -0.38372028
           0.13          -0.042           0.034       1.0514617    -0.076044686    -0.047311248     -0.39098272
           0.13          -0.042           0.038       0.7200802    -0.059325907     -0.05951405     -0.39555841
           0.13          -0.042           0.042      0.44812921    -0.045858805      -0.0737917     -0.39787499
           0.13          -0.042           0.046      0.24533767    -0.032066007     -0.08337336     -0.39937692
           0.13          -0.042            0.05      0.10711602    -0.018391923    -0.086403154     -0.39937387
           0.13          -0.042           0.054     0.014709345   -0.0058630561    -0.083700977     -0.39833644
           0.13          -0.042           0.058    -0.050727517    0.0047498811    -0.078144899     -0.39679636
           0.13          -0.042           0.062     -0.10053778     0.013205715    -0.071978574     -0.39517224
           0.13          -0.042           0.066     -0.14035069     0.019339583    -0.066403381     -0.39363825
           0.13          -0.042            0.07     -0.17419339     0.023508431     -0.06152788     -0.39229807
           0.13          -0.042           0.074     -0.20465124     0.026250684    -0.057045516     -0.39117537
           0.13          -0.042           0.078     -0.23285283     0.027918991    -0.052663734     -0.39025014
           0.13          -0.042           0.082     -0.25937428     0.028668912     -0.04806916     -0.38953446
           0.13          -0.042           0.086     -0.28436164     0.028294526    -0.042900245     -0.38904435
           0.13          -0.042            0.09     -0.30660577     0.025847351    -0.036579442     -0.38882843
           0.13          -0.042           0.094      -0.3167006     0.018914292    -0.026862179     -0.38873241
           0.13          -0.042           0.098      -0.2725313    0.0055455547    -0.011109752     -0.38883437
           0.13          -0.038          -0.098      -0.2481369   -0.0028103011     0.012699459     -0.40456011
           0.13          -0.038          -0.094     -0.33661293    -0.014282455     0.032490164     -0.40652775
           0.13          -0.038           -0.09     -0.35374063   -0.0060520957     0.050430135     -0.40865472
           0.13          -0.038          -0.086     -0.34665497    0.0044142784     0.066563244     -0.40985276
           0.13          -0.038          -0.082     -0.33162119     0.012268497     0.080808052       -0.410444
           0.13          -0.038          -0.078     -0.31301893      0.01712334     0.092851878     -0.41052189
           0.13          -0.038          -0.074     -0.29180942      0.02036721      0.10330722     -0.41031774
           0.13          -0.038           -0.07     -0.26750885     0.024526437      0.11234175     -0.41025419
           0.13          -0.038          -0.066     -0.23828715     0.031816844       0.1184008     -0.41058642
           0.13          -0.038          -0.062      -0.2008831     0.043108418      0.11906121     -0.41119475
           0.13          -0.038          -0.058     -0.14927227     0.057754176      0.11225578     -0.41154301
           0.13          -0.038          -0.054    -0.073891539      0.07371014     0.097010411     -0.41085615
           0.13          -0.038           -0.05     0.037348991     0.087119051     0.074709827     -0.40843716
           0.13          -0.038          -0.046      0.19683139     0.092733125     0.049922947     -0.40403211
           0.13          -0.038          -0.042      0.41306577     0.086119919     0.029340738     -0.39791079
           0.13          -0.038          -0.038      0.68760713     0.066346597     0.018344524     -0.39089479
           0.13          -0.038          -0.034       1.0164239     0.036071789     0.019090569     -0.38323854
           0.13          -0.038           -0.03       1.3876466   0.00078886471      0.03394573     -0.37304475
           0.13          -0.038          -0.026       1.7638703      -0.0226865     0.057289503     -0.36249926
           0.13          -0.038          -0.022       2.1038328    -0.021287679     0.072771071     -0.35363408
           0.13          -0.038          -0.018       2.3423563   -0.0046077713     0.074098084     -0.34913037
           0.13          -0.038          -0.014       2.4373763  -0.00063591276     0.059594778     -0.34933005
           0.13          -0.038           -0.01       2.4802199   -0.0031688249     0.052067039     -0.34736074
           0.13          -0.038          -0.006       2.5097696     -0.01271102     0.039407838     -0.34958236
           0.13          -0.038          -0.002        2.458276    -0.018889444      0.03411924     -0.35056795
           0.13          -0.038           0.002       2.4415192    -0.019434571     0.012102254     -0.35282126
           0.13          -0.038           0.006        2.514334    -0.013667128      0.01451662     -0.35614179
           0.13          -0.038            0.01       2.4929001    -0.010992288        0.006291     -0.35792056
           0.13          -0.038           0.014       2.4612208    -0.014920346    0.0048539698     -0.36265052
           0.13          -0.038           0.018       2.4289345     -0.01962004   -0.0051404059     -0.36455948
           0.13          -0.038           0.022       2.3536083    -0.032085466    -0.013925035     -0.36808185
           0.13          -0.038           0.026       2.1489312    -0.059406422    -0.027694043     -0.37013305
           0.13          -0.038            0.03       1.7906514    -0.074322012    -0.035355431     -0.37514655
           0.13          -0.038           0.034       1.3381441    -0.067477982    -0.035081879     -0.38573039
           0.13          -0.038           0.038      0.92563392    -0.056289781    -0.048683199     -0.39200206
           0.13          -0.038           0.042      0.60026455    -0.051203617    -0.068166448      -0.3946708
           0.13          -0.038           0.046      0.36049489    -0.045238647     -0.08330074     -0.39680914
           0.13          -0.038            0.05      0.19593766    -0.036580583    -0.090981781     -0.39728008
           0.13          -0.038           0.054      0.08422116    -0.025322289    -0.090472966     -0.39661515
           0.13          -0.038           0.058    0.0042487104    -0.013290658    -0.085255408      -0.3953228
           0.13          -0.038           0.062    -0.056691639   -0.0019929637    -0.078557762     -0.39396116
           0.13          -0.038           0.066     -0.10422665    0.0071560768    -0.072334332      -0.3926315
           0.13          -0.038            0.07     -0.14263544      0.01359575    -0.067054401     -0.39139983
           0.13          -0.038           0.074      -0.1757585     0.017873892    -0.062305007     -0.39037358
           0.13          -0.038           0.078     -0.20555743     0.020542638    -0.057656905     -0.38957101
           0.13          -0.038           0.082     -0.23291677     0.021863523    -0.052750995     -0.38901682
           0.13          -0.038           0.086     -0.25803201     0.021558536    -0.047183269     -0.38874149
           0.13          -0.038            0.09     -0.27894339      0.01817497    -0.040165363     -0.38876022
           0.13          -0.038           0.094      -0.2827583    0.0089766195    -0.028848295     -0.38889046
           0.13          -0.038           0.098     -0.22114405    -0.003237727     -0.01109048     -0.38917391
           0.13          -0.034          -0.098     -0.25136944   -0.0086270218    0.0080931121      -0.4108529
           0.13          -0.034          -0.094     -0.31381831    -0.025780931     0.026534563     -0.41379293
           0.13          -0.034           -0.09     -0.31408011    -0.021442088     0.049848418     -0.41645372
           0.13          -0.034          -0.086     -0.29942934    -0.012853039      0.06864234     -0.41765541
           0.13          -0.034          -0.082      -0.2841376   -0.0045054983     0.081750837     -0.41805401
           0.13          -0.034          -0.078     -0.26868699    0.0014069148     0.090255531     -0.41752314
           0.13          -0.034          -0.074     -0.25106136    0.0058904169     0.097970357     -0.41651139
           0.13          -0.034           -0.07     -0.22912874     0.012605031      0.10620397     -0.41592374
           0.13          -0.034          -0.066     -0.19942978     0.024822737      0.11115104     -0.41604046
           0.13          -0.034          -0.062     -0.15712534     0.042892635      0.10845453     -0.41640142
           0.13          -0.034          -0.058    -0.093995016     0.064290198     0.096218726     -0.41617058
           0.13          -0.034          -0.054    0.0011817559     0.084737497     0.075371043     -0.41442049
           0.13          -0.034           -0.05      0.14011695      0.09875106     0.050002602     -0.41062605
           0.13          -0.034          -0.046        0.333003      0.10146752     0.026060754      -0.4047603
           0.13          -0.034          -0.042      0.58629331     0.090857217    0.0094623783     -0.39726972
           0.13          -0.034          -0.038      0.90279234     0.069097036    0.0030856759     -0.38887408
           0.13          -0.034          -0.034       1.2856182     0.040426714    0.0084463238     -0.37947062
           0.13          -0.034           -0.03       1.7244376      0.01092146     0.031287689     -0.36592831
           0.13          -0.034          -0.026       2.1399266    0.0021056505     0.063757174     -0.35181458
           0.13          -0.034          -0.022       2.3794367    0.0089519596     0.071698849     -0.34929643
           0.13          -0.034          -0.018       2.4445088      0.01140965     0.064024346     -0.34650411
           0.13          -0.034          -0.014       2.4608078    0.0078986229     0.054132157     -0.34555122
           0.13          -0.034           -0.01       2.4797558    0.0040421622     0.048504237     -0.34366233
           0.13          -0.034          -0.006       2.5018766   -0.0035313713     0.038146883     -0.34479141
           0.13          -0.034          -0.002       2.4447446   -0.0093678044     0.032118107     -0.34471145
           0.13          -0.034           0.002       2.4306251    -0.012012211     0.012544292     -0.34648341
           0.13          -0.034           0.006       2.5042921      -0.0085543     0.010749302     -0.34959624
           0.13          -0.034            0.01       2.4873689   -0.0073725804    0.0028123919     -0.35141304
           0.13          -0.034           0.014       2.4680463   -0.0099567459  -2.9511223e-05     -0.35546813
           0.13          -0.034           0.018       2.4588896    -0.012658249   -0.0082671334      -0.3579942
           0.13          -0.034           0.022       2.4514024    -0.018767972    -0.014518827     -0.36162256
           0.13          -0.034           0.026       2.4011741    -0.029357881    -0.027606283     -0.36533967
           0.13          -0.034            0.03       2.1367428    -0.042808973    -0.033444735     -0.36726608
           0.13          -0.034           0.034       1.6148545    -0.047839584    -0.024865413     -0.38024361
           0.13          -0.034           0.038       1.1292614    -0.044817967    -0.034804312      -0.3889166
           0.13          -0.034           0.042      0.76253038    -0.050148598    -0.058031224     -0.39141238
           0.13          -0.034           0.046      0.49624949    -0.054024892    -0.077625293     -0.39400152
           0.13          -0.034            0.05      0.30940641    -0.052731623    -0.090259968     -0.39475599
           0.13          -0.034           0.054      0.17595351    -0.044752895    -0.092769286     -0.39438535
           0.13          -0.034           0.058     0.076032607    -0.032200467    -0.088536397     -0.39331163
           0.13          -0.034           0.062   -0.0023867403    -0.018034643    -0.081713345     -0.39224482
           0.13          -0.034           0.066    -0.062585396   -0.0055002215    -0.075061025     -0.39140341
           0.13          -0.034            0.07     -0.10863171    0.0037552539    -0.069801097       -0.390436
           0.13          -0.034           0.074     -0.14613596     0.009731295    -0.065281409     -0.38956182
           0.13          -0.034           0.078     -0.17861999     0.013263177    -0.060743635     -0.38893004
           0.13          -0.034           0.082     -0.20754486     0.014876561    -0.055717704     -0.38860138
           0.13          -0.034           0.086     -0.23305229     0.014262738     -0.04975181     -0.38864572
           0.13          -0.034            0.09     -0.25161657    0.0092990938     -0.04179919     -0.38902952
           0.13          -0.034           0.094      -0.2447074   -0.0022840072    -0.028608853      -0.3894753
           0.13          -0.034           0.098     -0.15837207   -0.0089699419   -0.0089616945     -0.38980244
           0.13           -0.03          -0.098     -0.25592295     -0.03159421     0.015764513     -0.42243042
           0.13           -0.03          -0.094     -0.27386922    -0.067170014     0.061573805     -0.42688791
           0.13           -0.03           -0.09     -0.23677462    -0.063731691     0.091904715     -0.42884696
           0.13           -0.03          -0.086     -0.20214918    -0.045481368     0.099850706     -0.42842454
           0.13           -0.03          -0.082     -0.18815978    -0.026562176     0.094412743     -0.42747776
           0.13           -0.03          -0.078     -0.18379174     -0.01507544     0.082690063       -0.425678
           0.13           -0.03          -0.074     -0.17596442    -0.010293515     0.079115581     -0.42392642
           0.13           -0.03           -0.07     -0.16106332   -0.0014752593     0.085184517      -0.4231772
           0.13           -0.03          -0.066     -0.13504843      0.01831759     0.089690557     -0.42299279
           0.13           -0.03          -0.062    -0.089902855     0.045484072     0.084785094     -0.42264919
           0.13           -0.03          -0.058    -0.015260285     0.073447636     0.069596434      -0.4212953
           0.13           -0.03          -0.054     0.099256714     0.095838601     0.047455524     -0.41812784
           0.13           -0.03           -0.05      0.26269357      0.10753836     0.023984281     -0.41279326
           0.13           -0.03          -0.046      0.48164513      0.10586157    0.0049326852     -0.40562356
           0.13           -0.03          -0.042       0.7607306     0.091827264   -0.0055532305     -0.39704919
           0.13           -0.03          -0.038       1.1055347     0.070007798   -0.0061110045     -0.38755809
           0.13           -0.03          -0.034       1.5294666     0.044986463    0.0039621485     -0.37804111
           0.13           -0.03           -0.03       2.0231203     0.025560733     0.039699058     -0.35948831
           0.13           -0.03          -0.026       2.3760259     0.021118572     0.067277966     -0.35133662
           0.13           -0.03          -0.022       2.4658299     0.018865948     0.066235269     -0.34774573
           0.13           -0.03          -0.018       2.4652875     0.017403204     0.059422315     -0.34367757
           0.13           -0.03          -0.014       2.4625687     0.012827598     0.051141992     -0.34163666
           0.13           -0.03           -0.01       2.4738256    0.0090327457     0.045888194     -0.33907428
           0.13           -0.03          -0.006       2.4921978    0.0040359742     0.036373351     -0.33914082
           0.13           -0.03          -0.002       2.4385226   0.00011949487     0.030513604     -0.33828734
           0.13           -0.03           0.002       2.4261279   -0.0029860438     0.011111305      -0.3396977
           0.13           -0.03           0.006       2.4941175   -0.0026983669    0.0077325556     -0.34272391
           0.13           -0.03            0.01       2.4792156   -0.0033990392  -0.00028202949      -0.3449922
           0.13           -0.03           0.014       2.4658628   -0.0056298387   -0.0036302382     -0.34902659
           0.13           -0.03           0.018       2.4651126   -0.0069092442    -0.010859314     -0.35208778
           0.13           -0.03           0.022       2.4755109   -0.0096695528    -0.017123102     -0.35640876
           0.13           -0.03           0.026       2.4778797    -0.014848414    -0.026910013     -0.36040023
           0.13           -0.03            0.03       2.3506977    -0.017259334    -0.033199098     -0.36511535
           0.13           -0.03           0.034        1.864673    -0.026156365    -0.019521698     -0.37575501
           0.13           -0.03           0.038       1.3206678    -0.033114864    -0.019048649      -0.3873366
           0.13           -0.03           0.042      0.93818262    -0.047415732    -0.044215368     -0.38855861
           0.13           -0.03           0.046      0.66262483    -0.060283105    -0.066084799      -0.3912178
           0.13           -0.03            0.05      0.45786706    -0.066410865    -0.082960932     -0.39198789
           0.13           -0.03           0.054      0.29886375    -0.063047797    -0.089023875     -0.39171636
           0.13           -0.03           0.058      0.17308464    -0.051140208    -0.086595312     -0.39080659
           0.13           -0.03           0.062     0.069915963    -0.034321871    -0.079793839     -0.38987794
           0.13           -0.03           0.066    -0.011572109    -0.017475381    -0.072944139     -0.38963583
           0.13           -0.03            0.07    -0.070250407   -0.0048913693    -0.067897861     -0.38942489
           0.13           -0.03           0.074     -0.11426699    0.0030519804    -0.064176902     -0.38888103
           0.13           -0.03           0.078      -0.1506065    0.0072578047     -0.06022693     -0.38847529
           0.13           -0.03           0.082     -0.18177257    0.0086559068    -0.055232427     -0.38843426
           0.13           -0.03           0.086     -0.20742228    0.0071006816    -0.048695063      -0.3889166
           0.13           -0.03            0.09      -0.2205169   8.5726243e-06    -0.039171234      -0.3897889
           0.13           -0.03           0.094     -0.19586093    -0.012122681    -0.022818416     -0.39044327
           0.13           -0.03           0.098      -0.0991221   -0.0079358966   -0.0041000229     -0.39060333
           0.13          -0.026          -0.098     -0.14440434    -0.083034542     0.037984083     -0.43610662
           0.13          -0.026          -0.094     -0.13270198     -0.11208495       0.1088201     -0.44287792
           0.13          -0.026           -0.09    -0.084056665    -0.084876944      0.10386529     -0.44120627
           0.13          -0.026          -0.086     -0.06125322    -0.047245769      0.06579149     -0.43694183
           0.13          -0.026          -0.082    -0.069766467    -0.020053455     0.039566639     -0.43405569
           0.13          -0.026          -0.078    -0.079256712    -0.019322759     0.026243299     -0.43189943
           0.13          -0.026          -0.074    -0.073199999    -0.029187709     0.033030755     -0.43059986
           0.13          -0.026           -0.07    -0.063840621    -0.020754698     0.047529235     -0.42975438
           0.13          -0.026          -0.066    -0.044386929    0.0085458095     0.056199217     -0.42895238
           0.13          -0.026          -0.062    0.0017105817     0.045691656     0.052901662     -0.42769653
           0.13          -0.026          -0.058     0.086957797     0.078837796     0.038766428     -0.42514095
           0.13          -0.026          -0.054      0.21965945      0.10099513     0.019334521     -0.42049457
           0.13          -0.026           -0.05      0.40437488      0.10894468   0.00098197701     -0.41377532
           0.13          -0.026          -0.046      0.64247614      0.10272322    -0.011589893     -0.40547882
           0.13          -0.026          -0.042      0.93518812     0.086189522     -0.01571753     -0.39590811
           0.13          -0.026          -0.038       1.2882177      0.06549037    -0.010806501     -0.38557173
           0.13          -0.026          -0.034       1.7277027     0.047421697    0.0054131591     -0.37516027
           0.13          -0.026           -0.03       2.2418371     0.038907879     0.050561254     -0.35460504
           0.13          -0.026          -0.026       2.4754528     0.029732755     0.066935549     -0.35016057
           0.13          -0.026          -0.022       2.4925148     0.024787398     0.060263048     -0.34458417
           0.13          -0.026          -0.018       2.4746898     0.021392802     0.054125879     -0.34015662
           0.13          -0.026          -0.014        2.465298     0.016515316     0.046784601     -0.33736306
           0.13          -0.026           -0.01       2.4719044     0.013366532     0.042055245      -0.3343223
           0.13          -0.026          -0.006       2.4874938     0.010467682     0.033189792     -0.33357493
           0.13          -0.026          -0.002       2.4334323    0.0081590859     0.028953547     -0.33220095
           0.13          -0.026           0.002       2.4197381    0.0045574675    0.0083197666      -0.3332555
           0.13          -0.026           0.006       2.4891181    0.0022628576    0.0055723175     -0.33621723
           0.13          -0.026            0.01       2.4759051   -0.0004132745   -0.0016841794     -0.33879627
           0.13          -0.026           0.014        2.466794   -0.0029601915   -0.0045622715     -0.34305683
           0.13          -0.026           0.018       2.4722309   -0.0031947403    -0.010411399     -0.34665897
           0.13          -0.026           0.022       2.4896182   -0.0040730278    -0.015541776     -0.35153443
           0.13          -0.026           0.026       2.5086912   -0.0051039637    -0.023269984     -0.35599732
           0.13          -0.026            0.03        2.465778   -0.0031523745    -0.032515532     -0.36207706
           0.13          -0.026           0.034        2.076303   -0.0019694692    -0.014714611     -0.36779107
           0.13          -0.026           0.038       1.5150286    -0.024679272  -0.00033133552     -0.38242006
           0.13          -0.026           0.042       1.1561741    -0.044584157    -0.024992214     -0.38377512
           0.13          -0.026           0.046      0.88311357    -0.064239825    -0.047329326     -0.38733185
           0.13          -0.026            0.05      0.65239231    -0.075985356    -0.067157183     -0.38885562
           0.13          -0.026           0.054      0.45636657    -0.078173542    -0.077215926     -0.38885921
           0.13          -0.026           0.058      0.29711127    -0.068523514     -0.07764777     -0.38822064
           0.13          -0.026           0.062      0.16721454    -0.049862956    -0.071514156      -0.3874976
           0.13          -0.026           0.066     0.057852829    -0.027811287    -0.064692736     -0.38738097
           0.13          -0.026            0.07    -0.022813201    -0.010487473    -0.060000735     -0.38808959
           0.13          -0.026           0.074    -0.077263491  -0.00043144878    -0.056992978     -0.38843503
           0.13          -0.026           0.078     -0.11788481     0.004214305    -0.053848731     -0.38845291
           0.13          -0.026           0.082     -0.15066405    0.0047208469    -0.048828702      -0.3887753
           0.13          -0.026           0.086     -0.17381993   0.00098924471    -0.041180182     -0.38980865
           0.13          -0.026            0.09     -0.17499191   -0.0092752293    -0.030135979     -0.39122855
           0.13          -0.026           0.094     -0.13764374    -0.019771655    -0.017124147     -0.39197957
           0.13          -0.026           0.098    -0.072874097    -0.010160814   -0.0053043649       -0.391618
           0.13          -0.022          -0.098     0.067409266    -0.091153077     0.045828236     -0.43469177
           0.13          -0.022          -0.094       0.1131625    -0.070551121     0.099421439     -0.44292785
           0.13          -0.022           -0.09     0.089728796    -0.030558868     0.065058675     -0.44225658
           0.13          -0.022          -0.086     0.052448012    -0.023488217   -0.0018433524     -0.43878525
           0.13          -0.022          -0.082     0.034692634     -0.03065333   0.00035127257      -0.4363246
           0.13          -0.022          -0.078     0.031519472    -0.043426116    0.0096226323      -0.4340316
           0.13          -0.022          -0.074     0.031796482    -0.054564942      0.01711281     -0.43200104
           0.13          -0.022           -0.07     0.033425366    -0.043189316     0.026915322      -0.4302068
           0.13          -0.022          -0.066     0.052145048   -0.0053134717     0.032650375     -0.42927861
           0.13          -0.022          -0.062      0.10586196     0.040100768     0.027895674     -0.42822842
           0.13          -0.022          -0.058      0.20728196     0.076910054     0.013920699     -0.42532618
           0.13          -0.022          -0.054      0.36255716      0.09779995   -0.0025690789     -0.42000827
           0.13          -0.022           -0.05      0.57124574      0.10204529     -0.01584318     -0.41267406
           0.13          -0.022          -0.046      0.82886453     0.091967518    -0.022367316     -0.40376215
           0.13          -0.022          -0.042       1.1304723     0.073203565     -0.02036175     -0.39365126
           0.13          -0.022          -0.038       1.4741523     0.051693074    -0.010297262     -0.38304375
           0.13          -0.022          -0.034        1.877336     0.039046528     0.012769585     -0.37191079
           0.13          -0.022           -0.03       2.3185839     0.038808789     0.054465421     -0.35600589
           0.13          -0.022          -0.026       2.5061417     0.032920485     0.064021294      -0.3501847
           0.13          -0.022          -0.022       2.5085649     0.028527396     0.053475307     -0.34261436
           0.13          -0.022          -0.018       2.4888662     0.023797822     0.047650814     -0.33727516
           0.13          -0.022          -0.014       2.4754936     0.018646963     0.041570245     -0.33324643
           0.13          -0.022           -0.01       2.4769841      0.01635378     0.038090045     -0.32958891
           0.13          -0.022          -0.006       2.4912365     0.014954789       0.0297459     -0.32813914
           0.13          -0.022          -0.002       2.4492605     0.016277419     0.026923886     -0.32629022
           0.13          -0.022           0.002       2.4364792     0.012960346    0.0053699219     -0.32718739
           0.13          -0.022           0.006       2.4935615    0.0057497586    0.0033414495     -0.33003805
           0.13          -0.022            0.01       2.4797619    0.0014086372   -0.0034550482     -0.33275187
           0.13          -0.022           0.014       2.4758937   -0.0016444022   -0.0052432775     -0.33725866
           0.13          -0.022           0.018       2.4863226  -0.00090876231     -0.01001619     -0.34156874
           0.13          -0.022           0.022       2.5053698   0.00046328064    -0.014267213     -0.34717789
           0.13          -0.022           0.026       2.5177988    0.0028119152    -0.024383029      -0.3527675
           0.13          -0.022            0.03       2.4593001   7.5427335e-05    -0.033367695       -0.360265
           0.13          -0.022           0.034       2.1820493   -0.0080049391     -0.01083665     -0.36656015
           0.13          -0.022           0.038       1.8035317    -0.034487034     0.010614076     -0.37734942
           0.13          -0.022           0.042       1.4892529    -0.050021901   -0.0069766022     -0.38108505
           0.13          -0.022           0.046       1.1898159    -0.067280988    -0.025838694      -0.3835785
           0.13          -0.022            0.05      0.89121202    -0.079871051    -0.044886903     -0.38642105
           0.13          -0.022           0.054       0.6359049    -0.087874772    -0.058362732     -0.38656587
           0.13          -0.022           0.058      0.43537959    -0.082511152    -0.062669919     -0.38591562
           0.13          -0.022           0.062      0.27814796    -0.062677069    -0.058861717      -0.3857929
           0.13          -0.022           0.066      0.14781153    -0.035498396    -0.051530733     -0.38590084
           0.13          -0.022            0.07     0.041905486    -0.012034479    -0.046432658     -0.38686127
           0.13          -0.022           0.074    -0.029159533    0.0012073819    -0.043554745      -0.3880865
           0.13          -0.022           0.078    -0.074465588    0.0062933568    -0.040468482     -0.38892475
           0.13          -0.022           0.082     -0.10429377    0.0055367939    -0.035287999     -0.38975337
           0.13          -0.022           0.086     -0.11564523  -0.00012375155    -0.028062369     -0.39119223
           0.13          -0.022            0.09    -0.091698145   -0.0090335551    -0.022918676     -0.39280781
           0.13          -0.022           0.094    -0.050160976      -0.0111998    -0.024984319     -0.39332076
           0.13          -0.022           0.098    -0.025604658   -0.0061157624    -0.012314632     -0.39264974
           0.13          -0.018          -0.098      0.20677632     -0.08986758     0.037927521     -0.41827582
           0.13          -0.018          -0.094      0.27021344    -0.055751461     0.098131622     -0.43033839
           0.13          -0.018           -0.09      0.24766381    -0.018909182      0.10614864     -0.43341255
           0.13          -0.018          -0.086      0.20439867    -0.014943981     0.096846178     -0.43288621
           0.13          -0.018          -0.082      0.16896387    -0.028899085      0.08434495      -0.4320714
           0.13          -0.018          -0.078      0.14235575    -0.047649713     0.064302309      -0.4303162
           0.13          -0.018          -0.074      0.12181273    -0.063977895     0.043925643     -0.42766334
           0.13          -0.018           -0.07      0.11318344    -0.056414069     0.032269446     -0.42500908
           0.13          -0.018          -0.066      0.13923418    -0.015714918     0.027132242     -0.42436271
           0.13          -0.018          -0.062      0.21303376     0.033286966     0.016048652     -0.42423061
           0.13          -0.018          -0.058      0.34296272     0.070609481    -0.001073213     -0.42177342
           0.13          -0.018          -0.054      0.53201501     0.089409681    -0.016956808     -0.41658686
           0.13          -0.018           -0.05      0.77626668     0.090928966       -0.027207     -0.40936942
           0.13          -0.018          -0.046       1.0680311     0.078229677    -0.028696435     -0.40008316
           0.13          -0.018          -0.042        1.397837     0.057987537    -0.020206503     -0.38978238
           0.13          -0.018          -0.038       1.7608184     0.031933478   -0.0032614328     -0.37929229
           0.13          -0.018          -0.034        2.155935     0.017983538     0.031459297     -0.36458175
           0.13          -0.018           -0.03       2.3914718     0.025457553     0.060769061      -0.3552061
           0.13          -0.018          -0.026       2.4622476     0.040905508     0.057815139     -0.34656908
           0.13          -0.018          -0.022       2.4964174     0.038611847     0.049907492     -0.33956571
           0.13          -0.018          -0.018       2.4997603      0.02778935     0.045931081      -0.3336792
           0.13          -0.018          -0.014       2.4923746     0.019759819     0.039293052     -0.32905877
           0.13          -0.018           -0.01       2.4844732     0.018707915     0.035135553     -0.32464401
           0.13          -0.018          -0.006       2.4839113     0.019315769     0.026582909     -0.32247507
           0.13          -0.018          -0.002       2.4394795     0.024520768     0.023848065     -0.32016402
           0.13          -0.018           0.002       2.4285423     0.021189568    0.0024965019     -0.32084604
           0.13          -0.018           0.006       2.4822832    0.0091913039   0.00070763475     -0.32389644
           0.13          -0.018            0.01       2.4822796    0.0025465824   -0.0057289503     -0.32687136
           0.13          -0.018           0.014       2.4913747   -0.0016485704   -0.0076243121     -0.33183305
           0.13          -0.018           0.018       2.4999154    0.0012562451    -0.012868252     -0.33665592
           0.13          -0.018           0.022       2.4965099    0.0090290445    -0.013820143     -0.34226105
           0.13          -0.018           0.026       2.4506828     0.014902036    -0.015818925      -0.3478025
           0.13          -0.018            0.03       2.4174635   -0.0073711575    -0.016506763     -0.35395609
           0.13          -0.018           0.034       2.4647988    -0.033820787    -0.012395647     -0.35924389
           0.13          -0.018           0.038       2.3790438    -0.037872056   -0.0049107338     -0.36490131
           0.13          -0.018           0.042       2.0301264    -0.038748373  -0.00019826683     -0.37121917
           0.13          -0.018           0.046       1.5806971    -0.059720337   -0.0043926504     -0.37747637
           0.13          -0.018            0.05       1.1376991    -0.072801542    -0.019532642     -0.38338238
           0.13          -0.018           0.054      0.80621947    -0.090361042     -0.03641727     -0.38465217
           0.13          -0.018           0.058      0.56520626    -0.092546107    -0.044619185     -0.38458552
           0.13          -0.018           0.062      0.38249317    -0.074328981    -0.044544421     -0.38481424
           0.13          -0.018           0.066      0.23820817    -0.041532741    -0.038635134     -0.38574258
           0.13          -0.018            0.07      0.12054054   -0.0099765575    -0.032818809     -0.38678113
           0.13          -0.018           0.074     0.035107528    0.0077552669    -0.028117087     -0.38825208
           0.13          -0.018           0.078    -0.015118656     0.013989409    -0.023777969     -0.38967382
           0.13          -0.018           0.082    -0.037911249     0.013517433    -0.018231749      -0.3910967
           0.13          -0.018           0.086    -0.030933376    0.0098775085    -0.013719015     -0.39264998
           0.13          -0.018            0.09     0.012708084     0.011969839    -0.017629926      -0.3936718
           0.13          -0.018           0.094     0.067971755     0.020594884    -0.030657938     -0.39361578
           0.13          -0.018           0.098     0.068058428     0.016316938     -0.01650993     -0.39245661
           0.13          -0.014          -0.098      0.21376372    -0.098833337     0.020642674     -0.40272296
           0.13          -0.014          -0.094      0.33873732    -0.061981642     0.053536423     -0.41024831
           0.13          -0.014           -0.09      0.34216263    -0.042728386     0.084524068     -0.41507041
           0.13          -0.014          -0.086      0.32363288     -0.03851344      0.11395619      -0.4172497
           0.13          -0.014          -0.082      0.29498591    -0.037838377      0.13680704     -0.41919851
           0.13          -0.014          -0.078      0.25492735    -0.038360476      0.13198265     -0.41997426
           0.13          -0.014          -0.074       0.2067222    -0.047096626      0.10457916     -0.41841823
           0.13          -0.014           -0.07      0.17788826    -0.047420773     0.064292109     -0.41604301
           0.13          -0.014          -0.066      0.21268935    -0.015411816     0.037360241     -0.41632048
           0.13          -0.014          -0.062      0.31952619     0.031104306     0.014135491     -0.41756622
           0.13          -0.014          -0.058      0.49159311     0.065961105   -0.0098488373     -0.41591361
           0.13          -0.014          -0.054      0.72783439     0.082318219     -0.02785057     -0.41134081
           0.13          -0.014           -0.05       1.0240913       0.0826408    -0.037069633     -0.40475879
           0.13          -0.014          -0.046       1.3711684     0.069550537    -0.033260983     -0.39506633
           0.13          -0.014          -0.042       1.7509814     0.051204295    -0.017577857      -0.3857053
           0.13          -0.014          -0.038       2.1643785     0.036280182     0.014869423      -0.3683267
           0.13          -0.014          -0.034       2.4638096      0.02597776       0.0397273     -0.35885094
           0.13          -0.014           -0.03       2.5003575     0.026607721     0.037904864     -0.35123558
           0.13          -0.014          -0.026       2.4507631     0.037079986      0.03941744     -0.34342097
           0.13          -0.014          -0.022       2.4356074     0.036167259     0.045246725     -0.33689481
           0.13          -0.014          -0.018       2.4579873     0.030706582     0.047991126     -0.33025167
           0.13          -0.014          -0.014       2.4817474     0.024928099     0.043565626     -0.32499535
           0.13          -0.014           -0.01       2.4641242     0.022582707     0.038523759     -0.32009304
           0.13          -0.014          -0.006       2.4160397     0.022923749     0.027298886     -0.31703894
           0.13          -0.014          -0.002       2.3193985     0.031541932     0.018934859     -0.31415772
           0.13          -0.014           0.002        2.305533     0.028491673   -0.0012151046     -0.31434786
           0.13          -0.014           0.006       2.3921893     0.011614369   -0.0070385867     -0.31783789
           0.13          -0.014            0.01       2.4465774    0.0042016411     -0.01502546     -0.32141113
           0.13          -0.014           0.014       2.4764448    0.0021292184    -0.017864477     -0.32636669
           0.13          -0.014           0.018       2.4547052    0.0031640425    -0.021153026     -0.33176982
           0.13          -0.014           0.022        2.426203    0.0017163594    -0.017650918     -0.33797198
           0.13          -0.014           0.026       2.4457023  -4.4561817e-05   -0.0092807646     -0.34404059
           0.13          -0.014            0.03       2.5122292    -0.010345993    0.0011088324     -0.35079725
           0.13          -0.014           0.034        2.543574    -0.021310912   -0.0049418466     -0.35747371
           0.13          -0.014           0.038       2.5280006    -0.021336472    -0.012455523     -0.36336318
           0.13          -0.014           0.042       2.3942032    -0.017184197    -0.016495727     -0.36794895
           0.13          -0.014           0.046       1.9188182    -0.038117559  -0.00060786941     -0.37223884
           0.13          -0.014            0.05        1.314259    -0.061343435   0.00025864683     -0.38355719
           0.13          -0.014           0.054      0.93368089    -0.090723731    -0.017734764     -0.38424178
           0.13          -0.014           0.058      0.66680056     -0.10052716    -0.027086305     -0.38496487
           0.13          -0.014           0.062       0.4660106    -0.085027971    -0.031878308     -0.38486649
           0.13          -0.014           0.066      0.31026947    -0.047383485    -0.031260562     -0.38645672
           0.13          -0.014            0.07      0.19143424   -0.0077159027    -0.026318708     -0.38797485
           0.13          -0.014           0.074      0.10484009     0.016259762     -0.02079938      -0.3891557
           0.13          -0.014           0.078     0.053855622     0.024308149    -0.015046705     -0.39048726
           0.13          -0.014           0.082     0.035721048     0.023946411    -0.010612528     -0.39173246
           0.13          -0.014           0.086     0.049864781     0.021309303    -0.011094669     -0.39271054
           0.13          -0.014            0.09     0.098762961     0.027105063    -0.023101233      -0.3929765
           0.13          -0.014           0.094      0.15165972      0.03533199    -0.034007706     -0.39208436
           0.13          -0.014           0.098      0.13857574     0.014400552    -0.016030111     -0.39072338
           0.13           -0.01          -0.098      0.19929771    -0.046997675     0.012846027     -0.39581237
           0.13           -0.01          -0.094      0.30119146    -0.052963177     0.034747984     -0.39872533
           0.13           -0.01           -0.09      0.32224883    -0.060435905     0.057255412     -0.40189454
           0.13           -0.01          -0.086      0.32012216    -0.066516892     0.082587093     -0.40439257
           0.13           -0.01          -0.082      0.31613507    -0.061852911      0.11144917     -0.40706855
           0.13           -0.01          -0.078      0.30267838    -0.044785008      0.13547361     -0.40927105
           0.13           -0.01          -0.074       0.2671076    -0.028299855      0.12991947     -0.40951333
           0.13           -0.01           -0.07      0.23236121     -0.01914253     0.095130264     -0.40834641
           0.13           -0.01          -0.066       0.2770062    0.0028507308     0.049745949     -0.40882997
           0.13           -0.01          -0.062       0.4230543     0.039483411     0.012158202     -0.41057316
           0.13           -0.01          -0.058      0.64409284     0.068593295    -0.019751906     -0.40959821
           0.13           -0.01          -0.054      0.93629175     0.082032617    -0.041282321      -0.4053835
           0.13           -0.01           -0.05       1.2997992      0.08206618    -0.050273355     -0.39924728
           0.13           -0.01          -0.046       1.7171369     0.069144389    -0.039186397     -0.38888165
           0.13           -0.01          -0.042       2.1377559     0.059155907    -0.004759301     -0.37443033
           0.13           -0.01          -0.038       2.4362327      0.04503109     0.027059035     -0.36349544
           0.13           -0.01          -0.034       2.5215289     0.029653314     0.033303771     -0.35596629
           0.13           -0.01           -0.03       2.5269976     0.025924918     0.031487379     -0.34818094
           0.13           -0.01          -0.026        2.506905     0.025736583     0.037213826      -0.3402115
           0.13           -0.01          -0.022       2.4820876     0.021905029      0.04678405     -0.33356407
           0.13           -0.01          -0.018       2.4708518     0.021868026     0.056490888     -0.32712652
           0.13           -0.01          -0.014       2.4603356     0.024260333     0.064430473     -0.32097211
           0.13           -0.01           -0.01       2.3904159     0.027734674     0.068404186     -0.31545515
           0.13           -0.01          -0.006       2.2510786     0.030462528     0.055530344     -0.31202002
           0.13           -0.01          -0.002       2.1014091     0.038210039     0.026379765     -0.30857613
           0.13           -0.01           0.002       2.0751731     0.033963773    -0.011306052     -0.30858042
           0.13           -0.01           0.006        2.188602     0.016541351    -0.037950565     -0.31267312
           0.13           -0.01            0.01       2.3379014    0.0073567979    -0.049962123     -0.31644776
           0.13           -0.01           0.014       2.4435411  -0.00025717021    -0.043390603     -0.32212182
           0.13           -0.01           0.018        2.478414   -0.0057971428     -0.03396152     -0.32846154
           0.13           -0.01           0.022       2.4955952    -0.010451853    -0.025451097     -0.33466798
           0.13           -0.01           0.026       2.5129513    -0.010112148    -0.018233322     -0.34089963
           0.13           -0.01            0.03       2.5235195    -0.013303582    -0.011392355     -0.34754332
           0.13           -0.01           0.034       2.5237897    -0.017204485    -0.013086517     -0.35435948
           0.13           -0.01           0.038         2.51022    -0.015751183    -0.015731345     -0.35981233
           0.13           -0.01           0.042       2.4298761    -0.012010306    -0.018162309     -0.36682533
           0.13           -0.01           0.046       2.0183473    -0.021595834    0.0047369379     -0.37141023
           0.13           -0.01            0.05       1.4045817    -0.060094496     0.016031561     -0.38458515
           0.13           -0.01           0.054       1.0215324     -0.09648391    0.0012852805     -0.38486751
           0.13           -0.01           0.058      0.74179055     -0.10915169   -0.0091685964     -0.38638883
           0.13           -0.01           0.062      0.52449479     -0.09350917    -0.020631233     -0.38636518
           0.13           -0.01           0.066      0.35797343    -0.052381042    -0.028296192     -0.38779537
           0.13           -0.01            0.07      0.24145729    -0.005159311     -0.02881385     -0.38953859
           0.13           -0.01           0.074      0.16451461     0.024802897    -0.023897358     -0.39048058
           0.13           -0.01           0.078      0.12002767     0.036202268    -0.018300938     -0.39118714
           0.13           -0.01           0.082       0.1078705     0.038221082    -0.015285754     -0.39175865
           0.13           -0.01           0.086      0.13037046     0.041072371    -0.018961945     -0.39201484
           0.13           -0.01            0.09      0.18355414     0.050892111    -0.030715044     -0.39181873
           0.13           -0.01           0.094      0.21621952     0.048125931    -0.032307456     -0.39056793
           0.13           -0.01           0.098      0.14032111     0.011008819    -0.013187823      -0.3890414
           0.13          -0.006          -0.098      0.18971822    -0.037474815     0.015208253     -0.39195756
           0.13          -0.006          -0.094      0.25505317    -0.044132681     0.028757665       -0.394179
           0.13          -0.006           -0.09      0.26530066    -0.053602154     0.034406432       -0.396876
           0.13          -0.006          -0.086      0.26851239    -0.064914428     0.044793859     -0.39953591
           0.13          -0.006          -0.082      0.27368076     -0.06652384     0.063206012      -0.4023261
           0.13          -0.006          -0.078      0.27985472     -0.04783373     0.087978805     -0.40478507
           0.13          -0.006          -0.074       0.2760032    -0.016257142      0.10504481     -0.40527972
           0.13          -0.006           -0.07      0.26742783    0.0084520994     0.090610406     -0.40445663
           0.13          -0.006          -0.066      0.33650527     0.030543537     0.047400091     -0.40450313
           0.13          -0.006          -0.062      0.51813388     0.058013742    0.0024028514     -0.40508972
           0.13          -0.006          -0.058      0.78015751     0.080687247    -0.034374018     -0.40370143
           0.13          -0.006          -0.054         1.12366     0.091164847    -0.058793513      -0.3983908
           0.13          -0.006           -0.05       1.5544862     0.090806294    -0.067367567     -0.39141949
           0.13          -0.006          -0.046       2.0533745     0.077362343    -0.038647113     -0.37554268
           0.13          -0.006          -0.042       2.3932022     0.060740287    0.0067184701     -0.36795882
           0.13          -0.006          -0.038       2.4898007     0.038872876     0.024104992     -0.35994878
           0.13          -0.006          -0.034       2.5056243     0.027016634     0.030146768     -0.35355867
           0.13          -0.006           -0.03        2.508115     0.021191727     0.032338638     -0.34616719
           0.13          -0.006          -0.026       2.5085763     0.017325711     0.037770815     -0.33886773
           0.13          -0.006          -0.022       2.5107299     0.011089324     0.043895472     -0.33195962
           0.13          -0.006          -0.018       2.4983262     0.006472631      0.05149683     -0.32498204
           0.13          -0.006          -0.014       2.4279983    0.0054078628     0.066840335     -0.31793027
           0.13          -0.006           -0.01       2.2528856     0.018321723     0.087507292     -0.31280052
           0.13          -0.006          -0.006        2.053893     0.045695119     0.085110261     -0.30917042
           0.13          -0.006          -0.002       1.8895453       0.0732305     0.047449031     -0.30461151
           0.13          -0.006           0.002       1.8475454     0.069575203    -0.015115048     -0.30454721
           0.13          -0.006           0.006       1.9617259      0.03383319    -0.059532336     -0.30999801
           0.13          -0.006            0.01       2.1593692   -0.0017772926    -0.066737965     -0.31432598
           0.13          -0.006           0.014       2.3717254    -0.020519822     -0.04628464     -0.31895406
           0.13          -0.006           0.018       2.4869391    -0.020610427    -0.030414782     -0.32575011
           0.13          -0.006           0.022       2.5102777    -0.019126409    -0.025223832     -0.33253514
           0.13          -0.006           0.026       2.5053761    -0.017139907    -0.021574718     -0.33956223
           0.13          -0.006            0.03       2.5018222    -0.017431365    -0.017109389     -0.34639157
           0.13          -0.006           0.034       2.4981926    -0.017898584    -0.015662459     -0.35349761
           0.13          -0.006           0.038       2.4817267    -0.015658086    -0.012253205     -0.35944951
           0.13          -0.006           0.042       2.3847036    -0.013539957   -0.0062407263     -0.36731099
           0.13          -0.006           0.046       1.9804231    -0.025017279     0.020201313     -0.37327584
           0.13          -0.006            0.05       1.4714049     -0.07337228     0.034537429     -0.38358475
           0.13          -0.006           0.054       1.0971845     -0.10715435     0.023645626     -0.38545138
           0.13          -0.006           0.058      0.79912024     -0.11517267    0.0092177743     -0.38828943
           0.13          -0.006           0.062      0.55954654     -0.09600494    -0.011483121     -0.38894326
           0.13          -0.006           0.066      0.38066344    -0.053167897    -0.030427196     -0.39041117
           0.13          -0.006            0.07      0.27097302    -0.001873674    -0.037624011     -0.39165988
           0.13          -0.006           0.074      0.21028855     0.034162298    -0.033228929     -0.39209076
           0.13          -0.006           0.078      0.17870763     0.050464747    -0.027013421     -0.39209036
           0.13          -0.006           0.082      0.17474662     0.057191812    -0.024086512     -0.39199338
           0.13          -0.006           0.086      0.19924283     0.063303172    -0.026236113     -0.39177909
           0.13          -0.006            0.09      0.23227843     0.065449895    -0.028849703     -0.39138792
           0.13          -0.006           0.094      0.23179142     0.049333588     -0.02187141     -0.39027488
           0.13          -0.006           0.098      0.15506966      0.01769561   -0.0082829063     -0.38890625
           0.13          -0.002          -0.098      0.19452556    -0.019226894    0.0084350686     -0.39071655
           0.13          -0.002          -0.094      0.24185553    -0.026742706    0.0068010673     -0.39260325
           0.13          -0.002           -0.09       0.2522351    -0.045962047    0.0082601386     -0.39506044
           0.13          -0.002          -0.086      0.26154474    -0.069146739     0.016586058     -0.39714626
           0.13          -0.002          -0.082      0.26757021    -0.078345703     0.031067413     -0.39954746
           0.13          -0.002          -0.078      0.27137246    -0.057821037      0.04914551     -0.40218909
           0.13          -0.002          -0.074        0.275299    -0.014942385     0.066936935     -0.40335652
           0.13          -0.002           -0.07      0.29293055     0.025844989       0.0644385     -0.40301163
           0.13          -0.002          -0.066       0.3889462     0.055724044     0.031495743     -0.40233667
           0.13          -0.002          -0.062      0.59068977     0.079501646    -0.010639021       -0.401505
           0.13          -0.002          -0.058      0.86875485     0.096590964    -0.046051015     -0.39934443
           0.13          -0.002          -0.054       1.2270222      0.10201983    -0.068852832     -0.39301996
           0.13          -0.002           -0.05       1.6736271     0.093551099    -0.074517513     -0.38473287
           0.13          -0.002          -0.046       2.1778128     0.067987727    -0.041989901     -0.37133613
           0.13          -0.002          -0.042       2.4276475      0.03998183   0.00040752521     -0.36689322
           0.13          -0.002          -0.038       2.4787871     0.026215298     0.016353218     -0.35893943
           0.13          -0.002          -0.034       2.4883014     0.018816831      0.02563122     -0.35258648
           0.13          -0.002           -0.03       2.4909651     0.013874063     0.029969328     -0.34505533
           0.13          -0.002          -0.026        2.493963    0.0097831675     0.034160219     -0.33808045
           0.13          -0.002          -0.022       2.4943977    0.0045372581     0.037078195     -0.33106338
           0.13          -0.002          -0.018       2.4431025   -0.0049158032     0.037356653     -0.32442374
           0.13          -0.002          -0.014       2.2548955    -0.019731672     0.045637289     -0.31808422
           0.13          -0.002           -0.01       2.0163898   -0.0094847855     0.060680433     -0.31538583
           0.13          -0.002          -0.006        1.827235     0.041015364      0.06686239     -0.31190648
           0.13          -0.002          -0.002       1.6985835      0.10041024       0.0455817     -0.30647684
           0.13          -0.002           0.002       1.6570122      0.10405248    0.0026798565     -0.30594558
           0.13          -0.002           0.006       1.7371524     0.040864591    -0.030612897     -0.31230028
           0.13          -0.002            0.01       1.9179137    -0.021261518    -0.033242986     -0.31674348
           0.13          -0.002           0.014       2.1790905    -0.041401525    -0.025606162     -0.31956789
           0.13          -0.002           0.018       2.4135106    -0.029015106     -0.01943215     -0.32544362
           0.13          -0.002           0.022       2.4897007     -0.02211471    -0.021896948     -0.33177869
           0.13          -0.002           0.026       2.4929563    -0.021702589    -0.021358773     -0.33877732
           0.13          -0.002            0.03       2.4890052    -0.022586544    -0.018884851     -0.34553053
           0.13          -0.002           0.034       2.4848607    -0.023407227    -0.016571441     -0.35274052
           0.13          -0.002           0.038       2.4695186    -0.023729861    -0.009937558     -0.35858705
           0.13          -0.002           0.042       2.3861048    -0.026414215    0.0013123978     -0.36619557
           0.13          -0.002           0.046       2.0394382    -0.048786584     0.034785526     -0.37126345
           0.13          -0.002            0.05       1.5647459    -0.091730402     0.054813951     -0.38174821
           0.13          -0.002           0.054       1.1636056     -0.11385013     0.043907246     -0.38625028
           0.13          -0.002           0.058      0.83227921     -0.11209096     0.022356901     -0.39069873
           0.13          -0.002           0.062      0.56804885    -0.089015514   -0.0087544054     -0.39218084
           0.13          -0.002           0.066      0.37926685    -0.047857925    -0.039853157     -0.39374419
           0.13          -0.002            0.07      0.28300877    0.0011058247    -0.053415587     -0.39444534
           0.13          -0.002           0.074      0.24408916     0.039556884    -0.046258218     -0.39433456
           0.13          -0.002           0.078      0.22555841     0.061043163    -0.035005741     -0.39381292
           0.13          -0.002           0.082      0.22387277     0.070511409    -0.026834542     -0.39330527
           0.13          -0.002           0.086       0.2358516     0.072144581    -0.021573203     -0.39276951
           0.13          -0.002            0.09       0.2426704     0.064641634    -0.015312646     -0.39206658
           0.13          -0.002           0.094      0.23233671     0.047824176   -0.0059495416     -0.39075812
           0.13          -0.002           0.098      0.17144962     0.030394252   -0.0023987065     -0.38950713
           0.13           0.002          -0.098      0.19343707    0.0040411957     0.004455366     -0.39069549
           0.13           0.002          -0.094      0.24117405    -0.013307223    0.0064583748     -0.39281271
           0.13           0.002           -0.09      0.25679312    -0.042382014    0.0098327267     -0.39499575
           0.13           0.002          -0.086      0.27161608    -0.074289257     0.017109936     -0.39639434
           0.13           0.002          -0.082      0.27610641    -0.087102043     0.023666889     -0.39780567
           0.13           0.002          -0.078      0.27646687    -0.066800591     0.029288838     -0.39984409
           0.13           0.002          -0.074      0.28526759    -0.018177962     0.037405741     -0.40147712
           0.13           0.002           -0.07       0.3203182     0.034728924     0.036698097     -0.40151225
           0.13           0.002          -0.066      0.43087845     0.072664664     0.013314966     -0.40061726
           0.13           0.002          -0.062      0.63024627     0.095300301    -0.019138046     -0.39924462
           0.13           0.002          -0.058      0.89409199      0.10543159    -0.046885243     -0.39696514
           0.13           0.002          -0.054       1.2223255      0.10015593    -0.062657013      -0.3914316
           0.13           0.002           -0.05       1.6189187      0.07565214    -0.065043985     -0.38561761
           0.13           0.002          -0.046       2.0812702     0.034757625    -0.039233553     -0.37490863
           0.13           0.002          -0.042       2.3995658     0.014741815    -0.002842335     -0.36850022
           0.13           0.002          -0.038       2.4726853     0.011257528     0.012889739     -0.35983472
           0.13           0.002          -0.034       2.4865476    0.0096050727     0.022327612     -0.35311872
           0.13           0.002           -0.03        2.489993     0.006803637     0.027108204     -0.34542844
           0.13           0.002          -0.026       2.4937738    0.0042628443     0.031440849     -0.33845559
           0.13           0.002          -0.022       2.4953596    0.0024606181     0.033990135     -0.33156431
           0.13           0.002          -0.018       2.4426147   -0.0085480373     0.034593874     -0.32477574
           0.13           0.002          -0.014       2.2437151    -0.035831031     0.039771415     -0.31831553
           0.13           0.002           -0.01       1.9578799    -0.031965984     0.041521613     -0.31604911
           0.13           0.002          -0.006       1.7221176     0.022996231     0.038099057      -0.3140841
           0.13           0.002          -0.002       1.5785776     0.094662505     0.030089341     -0.30775104
           0.13           0.002           0.002       1.5451232      0.10305787     0.012266793     -0.30670985
           0.13           0.002           0.006       1.6438647       0.0344477   -0.0033421743     -0.31282733
           0.13           0.002            0.01       1.8739744    -0.034237111    -0.015293984     -0.31607092
           0.13           0.002           0.014       2.1870057    -0.051074881    -0.021640927     -0.31888173
           0.13           0.002           0.018       2.4277331    -0.029659461    -0.021832693     -0.32487784
           0.13           0.002           0.022       2.4965063     -0.02161249    -0.023397726     -0.33186375
           0.13           0.002           0.026       2.4976651    -0.025111742    -0.022642363     -0.33881891
           0.13           0.002            0.03       2.4933231    -0.027367944    -0.019980173     -0.34578948
           0.13           0.002           0.034       2.4894063    -0.029708199    -0.017980943     -0.35331187
           0.13           0.002           0.038       2.4778961    -0.034560433    -0.011811466     -0.35916126
           0.13           0.002           0.042       2.4181266    -0.046135736  -0.00035869165     -0.36649622
           0.13           0.002           0.046       2.1335021    -0.073486696     0.038659731       -0.369971
           0.13           0.002            0.05       1.6178029    -0.099148774     0.063696901     -0.38307341
           0.13           0.002           0.054       1.1761399     -0.10682645     0.051460514     -0.38964671
           0.13           0.002           0.058      0.82083639    -0.097597884     0.023654456     -0.39439218
           0.13           0.002           0.062      0.54435231     -0.07214321    -0.015484439     -0.39586155
           0.13           0.002           0.066      0.35779274     -0.03580779    -0.056849336      -0.3969614
           0.13           0.002            0.07      0.28684645    0.0028472029    -0.076563318     -0.39735059
           0.13           0.002           0.074      0.27202648     0.035819149    -0.067415557     -0.39727624
           0.13           0.002           0.078      0.26322247     0.057982839    -0.048567393     -0.39665287
           0.13           0.002           0.082      0.25696568     0.067660002    -0.031643657      -0.3957933
           0.13           0.002           0.086      0.25476119       0.0668399     -0.01847575     -0.39485684
           0.13           0.002            0.09      0.24950045     0.058948028   -0.0085984884     -0.39375773
           0.13           0.002           0.094      0.23721086     0.051537351   -0.0023441503      -0.3923595
           0.13           0.002           0.098      0.17893909     0.049081971   -0.0029409526     -0.39111917
           0.13           0.006          -0.098      0.18427226     0.021036304     0.012165016     -0.39143985
           0.13           0.006          -0.094      0.24409979   -0.0011056128     0.026775258     -0.39377603
           0.13           0.006           -0.09      0.27038703    -0.036995943     0.037129415     -0.39590236
           0.13           0.006          -0.086      0.28532699    -0.070898114     0.045061147     -0.39686008
           0.13           0.006          -0.082      0.28091907    -0.080757893     0.039203412     -0.39698795
           0.13           0.006          -0.078      0.27796728    -0.059217273      0.02513197      -0.3980346
           0.13           0.006          -0.074      0.29766015    -0.013323082     0.019402587     -0.39969618
           0.13           0.006           -0.07      0.34658973     0.040093587     0.014827035     -0.40003708
           0.13           0.006          -0.066      0.45825138       0.0803615   1.1202333e-05     -0.39929145
           0.13           0.006          -0.062      0.63950413      0.10008346    -0.020604061     -0.39815283
           0.13           0.006          -0.058      0.87400449      0.10083671    -0.037936328     -0.39643722
           0.13           0.006          -0.054       1.1654719     0.082033028    -0.045621834     -0.39221639
           0.13           0.006           -0.05       1.5390715     0.044689573    -0.046856416     -0.38902474
           0.13           0.006          -0.046       2.0500682    0.0044972738    -0.025607692     -0.37826658
           0.13           0.006          -0.042       2.4104047   -0.0034367171    0.0036314705     -0.37103819
           0.13           0.006          -0.038       2.4889164   -0.0008903623     0.013887681     -0.36178577
           0.13           0.006          -0.034       2.5028621    0.0011122475     0.019508221     -0.35482153
           0.13           0.006           -0.03       2.5063003  -0.00084113858     0.022789929     -0.34695688
           0.13           0.006          -0.026        2.509155   -0.0026645462     0.028385122     -0.33966886
           0.13           0.006          -0.022       2.5140035   -0.0033561882     0.032153278     -0.33279631
           0.13           0.006          -0.018       2.4837072    -0.015678448     0.036529011     -0.32542629
           0.13           0.006          -0.014       2.3162294    -0.041337312     0.036651274     -0.31925529
           0.13           0.006           -0.01       2.0087275    -0.037241907     0.025724359     -0.31671603
           0.13           0.006          -0.006       1.7409358     0.012701524     0.013355938     -0.31653836
           0.13           0.006          -0.002        1.574761     0.078699489     0.011665676     -0.31111706
           0.13           0.006           0.002       1.5479537     0.088379435    0.0094338261      -0.3099404
           0.13           0.006           0.006       1.6799593     0.028699964     0.006379173      -0.3146975
           0.13           0.006            0.01       1.9464967    -0.032282747   -0.0084045081     -0.31611154
           0.13           0.006           0.014       2.2822564     -0.04916905    -0.024728817     -0.31884438
           0.13           0.006           0.018       2.4767622    -0.032475352    -0.028845587     -0.32542219
           0.13           0.006           0.022        2.513725    -0.025679156    -0.026010487     -0.33299341
           0.13           0.006           0.026       2.5133973    -0.030389225    -0.023573453     -0.33993022
           0.13           0.006            0.03       2.5127793    -0.032627864     -0.01962155     -0.34738008
           0.13           0.006           0.034       2.5091638    -0.034946544    -0.019616271     -0.35528016
           0.13           0.006           0.038       2.4920444    -0.043196488    -0.017325339     -0.36158285
           0.13           0.006           0.042       2.3927724    -0.061527485    -0.005359796      -0.3691554
           0.13           0.006           0.046        2.033554    -0.076474344     0.035670065     -0.37623304
           0.13           0.006            0.05       1.5276021    -0.091049297     0.058033127     -0.39064252
           0.13           0.006           0.054       1.0987812    -0.091295585     0.043389538     -0.39579095
           0.13           0.006           0.058      0.75540563    -0.077479277       0.0139255     -0.39948328
           0.13           0.006           0.062      0.49050206    -0.049639589     -0.02798558     -0.40005332
           0.13           0.006           0.066      0.32460536    -0.017329252    -0.074493211     -0.40003675
           0.13           0.006            0.07      0.28305207    0.0081853562     -0.10409094     -0.40048431
           0.13           0.006           0.074      0.29818785     0.029851766     -0.10149856     -0.40100492
           0.13           0.006           0.078      0.30257482     0.048134208    -0.083500894     -0.40063145
           0.13           0.006           0.082      0.29690376     0.057651722    -0.062205946     -0.39950958
           0.13           0.006           0.086      0.28634478     0.059668083    -0.042890517     -0.39823827
           0.13           0.006            0.09      0.27425176       0.0582785    -0.027988961     -0.39688414
           0.13           0.006           0.094      0.25200217     0.059932984    -0.016884194     -0.39540365
           0.13           0.006           0.098      0.17600238     0.063929646   -0.0078431727     -0.39394237
           0.13            0.01          -0.098      0.16890643     0.024186172     0.018292145     -0.39279287
           0.13            0.01          -0.094      0.26224537   0.00031983962     0.047219176     -0.39504699
           0.13            0.01           -0.09      0.28953651    -0.037123007     0.069922848     -0.39743659
           0.13            0.01          -0.086      0.28939028      -0.0598944     0.074572824     -0.39838539
           0.13            0.01          -0.082      0.26502758    -0.055109135     0.060553562     -0.39784548
           0.13            0.01          -0.078      0.26091914    -0.032360225     0.029935376     -0.39778344
           0.13            0.01          -0.074      0.29743685    0.0029803225     0.011634921     -0.39891211
           0.13            0.01           -0.07      0.36002542     0.046240772    0.0025856266     -0.39928585
           0.13            0.01          -0.066      0.46679339     0.081044467   -0.0065483413     -0.39874739
           0.13            0.01          -0.062      0.62624239     0.095124945    -0.017553982       -0.397906
           0.13            0.01          -0.058      0.83546257     0.087207317    -0.027373164     -0.39652768
           0.13            0.01          -0.054       1.1122923     0.059986764      -0.0320558     -0.39312085
           0.13            0.01           -0.05        1.507758     0.021140391    -0.035966981      -0.3904924
           0.13            0.01          -0.046        2.102464   -0.0051474791    -0.014610428     -0.37766609
           0.13            0.01          -0.042       2.4445947    -0.012248401     0.012062182     -0.37318657
           0.13            0.01          -0.038       2.5170587   -0.0050756986     0.016168561     -0.36342801
           0.13            0.01          -0.034       2.5296989   -0.0016445082     0.015536212     -0.35665639
           0.13            0.01           -0.03       2.5273227     -0.00607016     0.015128612     -0.34851531
           0.13            0.01          -0.026       2.5100485   -0.0094019934     0.021638394     -0.34139592
           0.13            0.01          -0.022       2.4898939   -0.0085475121     0.025438338     -0.33489192
           0.13            0.01          -0.018       2.4692749    -0.015716657     0.027575123     -0.32780608
           0.13            0.01          -0.014       2.3745338    -0.029659099     0.016641982     -0.32253251
           0.13            0.01           -0.01       2.1188865    -0.028820342   -0.0018787789     -0.31974345
           0.13            0.01          -0.006       1.8573225    0.0050869194    -0.012014773     -0.31917398
           0.13            0.01          -0.002       1.6821908     0.054664937   -0.0072092952     -0.31597839
           0.13            0.01           0.002       1.6658655     0.063025702    0.0056039155     -0.31473514
           0.13            0.01           0.006       1.8192961     0.019577978     0.012597197      -0.3170642
           0.13            0.01            0.01       2.0841039    -0.022862997    0.0050446431      -0.3181494
           0.13            0.01           0.014       2.3651388    -0.035265885    -0.013248489      -0.3212636
           0.13            0.01           0.018       2.4659446    -0.030228259     -0.02466353     -0.32737662
           0.13            0.01           0.022       2.4823242    -0.029194069     -0.02371826     -0.33472613
           0.13            0.01           0.026       2.5040084     -0.03551358    -0.020247825       -0.341667
           0.13            0.01            0.03       2.5298312    -0.035576358    -0.015456569     -0.34973134
           0.13            0.01           0.034       2.5296788    -0.034651194    -0.018760792     -0.35868387
           0.13            0.01           0.038       2.4635813    -0.045600452    -0.018217115     -0.36695448
           0.13            0.01           0.042       2.1796432    -0.057982029     0.006822074     -0.37680499
           0.13            0.01           0.046       1.7488509    -0.067245517     0.038097799     -0.38968989
           0.13            0.01            0.05       1.3215872    -0.079977545     0.044845131     -0.39851129
           0.13            0.01           0.054      0.95155632     -0.07791566     0.030112369     -0.40299451
           0.13            0.01           0.058       0.6520713    -0.060509242    0.0024050482     -0.40537935
           0.13            0.01           0.062      0.42105134    -0.028036618    -0.036237971     -0.40518327
           0.13            0.01           0.066      0.28040554    0.0045954978    -0.080621503     -0.40435373
           0.13            0.01            0.07      0.26059423     0.019432757     -0.11939677     -0.40525228
           0.13            0.01           0.074      0.29832645     0.027702502      -0.1347482     -0.40715771
           0.13            0.01           0.078      0.32727468      0.03884825     -0.12905838     -0.40763423
           0.13            0.01           0.082      0.34030392     0.046375928     -0.10769442     -0.40648497
           0.13            0.01           0.086      0.34269022     0.049597847    -0.079070539     -0.40477477
           0.13            0.01            0.09      0.33387224     0.052471155    -0.050482527     -0.40303397
           0.13            0.01           0.094      0.29499944     0.062037179    -0.027082432     -0.40071981
           0.13            0.01           0.098      0.18614173     0.073051777   -0.0096609108     -0.39806887
           0.13           0.014          -0.098      0.15552079     0.033718069     0.023957101     -0.39507368
           0.13           0.014          -0.094      0.28178392   -0.0090451687     0.062147808     -0.39847466
           0.13           0.014           -0.09      0.28353292    -0.043662917     0.083819485     -0.40202362
           0.13           0.014          -0.086      0.24532465    -0.045660381     0.078768565     -0.40296005
           0.13           0.014          -0.082      0.20501186    -0.021203879     0.057805071     -0.40175136
           0.13           0.014          -0.078      0.21607413    0.0055108092     0.027639701     -0.40048854
           0.13           0.014          -0.074      0.27307302     0.026203303    0.0081038381     -0.40050829
           0.13           0.014           -0.07        0.347367     0.053421441   -0.0012106039     -0.40030387
           0.13           0.014          -0.066      0.44820848     0.077801892    -0.005910326     -0.39959369
           0.13           0.014          -0.062      0.58680978     0.085731037    -0.010164534     -0.39885386
           0.13           0.014          -0.058      0.77167004     0.073919775    -0.015645904     -0.39768569
           0.13           0.014          -0.054       1.0252425     0.047507635    -0.021499379     -0.39506167
           0.13           0.014           -0.05       1.3815708      0.01696928    -0.027871769     -0.39178791
           0.13           0.014          -0.046       1.8378744    0.0016519836    -0.022442826     -0.38495367
           0.13           0.014          -0.042        2.260896   -0.0094289532  -0.00074712286     -0.37671509
           0.13           0.014          -0.038       2.5056454   -0.0052485776     0.012588791     -0.36813534
           0.13           0.014          -0.034       2.5448369   0.00052073644    0.0077957232     -0.36045727
           0.13           0.014           -0.03       2.5076345    -0.010111441    0.0019304089     -0.35212766
           0.13           0.014          -0.026       2.4455252    -0.016879907    0.0087756085     -0.34464584
           0.13           0.014          -0.022       2.4385005    -0.014389516     0.010018138     -0.33816235
           0.13           0.014          -0.018       2.4719278    -0.012580808     0.006579794     -0.33164844
           0.13           0.014          -0.014       2.4586294    -0.013132615   -0.0066391754     -0.32634385
           0.13           0.014           -0.01       2.3029962    -0.014858746    -0.022014591     -0.32241731
           0.13           0.014          -0.006       2.0833856   -0.0011950666    -0.027716686      -0.3210782
           0.13           0.014          -0.002       1.9076021     0.028411889    -0.018458238      -0.3197438
           0.13           0.014           0.002       1.8998966     0.034812338    0.0017138138     -0.31898275
           0.13           0.014           0.006       2.0633674    0.0080652273     0.016089337     -0.31935865
           0.13           0.014            0.01       2.2900388    -0.013296737      0.01528254     -0.32060549
           0.13           0.014           0.014       2.4591453    -0.020723449    0.0031407128     -0.32471374
           0.13           0.014           0.018       2.4774283    -0.027245613   -0.0093547842     -0.33055493
           0.13           0.014           0.022       2.4476796    -0.034855093    -0.013595258     -0.33761311
           0.13           0.014           0.026       2.4467246    -0.042073473    -0.014184046      -0.3447169
           0.13           0.014            0.03        2.500253    -0.036063799    -0.012669358     -0.35314088
           0.13           0.014           0.034       2.5095702    -0.029631275    -0.020512938     -0.36261491
           0.13           0.014           0.038       2.2809717    -0.039019238   -0.0057323716     -0.37114078
           0.13           0.014           0.042       1.8511717    -0.050942308     0.024596088     -0.38821955
           0.13           0.014           0.046        1.453648    -0.067650624       0.0371274     -0.39647096
           0.13           0.014            0.05       1.0926426     -0.07798453     0.037043593      -0.4048269
           0.13           0.014           0.054       0.7848768    -0.074058223     0.022472846     -0.40939586
           0.13           0.014           0.058      0.53718694    -0.052887337   -0.0012451684     -0.41197454
           0.13           0.014           0.062      0.35149682    -0.014282814     -0.03080402     -0.41206538
           0.13           0.014           0.066      0.23737853     0.026227429    -0.061227258      -0.4110104
           0.13           0.014            0.07      0.21264641      0.03809827    -0.097292023     -0.41270791
           0.13           0.014           0.074      0.24441735     0.026934199     -0.13404412      -0.4169522
           0.13           0.014           0.078      0.28419719     0.019656279     -0.15107538     -0.41979527
           0.13           0.014           0.082      0.31804489     0.015340836     -0.14959645     -0.42006675
           0.13           0.014           0.086      0.34419523     0.014961047      -0.1237898     -0.41883121
           0.13           0.014            0.09      0.35826446     0.028605189    -0.089011271     -0.41678438
           0.13           0.014           0.094      0.34003251     0.063546197    -0.051866072     -0.41235793
           0.13           0.014           0.098      0.20333503     0.099325167    -0.019109192     -0.40558881
           0.13           0.018          -0.098      0.16524419      0.03558023     0.030401037     -0.40089103
           0.13           0.018          -0.094      0.22764858   -0.0094733076     0.070219485     -0.40575051
           0.13           0.018           -0.09       0.1870027    -0.031132061     0.070699693     -0.40868775
           0.13           0.018          -0.086      0.12058956    -0.013160713     0.043179859     -0.40797736
           0.13           0.018          -0.082       0.1052934     0.018288174     0.022657598     -0.40611585
           0.13           0.018          -0.078      0.15371279     0.033725942     0.013012397     -0.40473709
           0.13           0.018          -0.074      0.22344958     0.041791575    0.0047897103     -0.40387055
           0.13           0.018           -0.07      0.30046077     0.055482312   0.00091680316     -0.40293221
           0.13           0.018          -0.066      0.39188637     0.069255465    0.0014336795      -0.4018567
           0.13           0.018          -0.062      0.50733042     0.072264581     0.003034056     -0.40108724
           0.13           0.018          -0.058      0.65831998      0.06071557    0.0016346651     -0.40024394
           0.13           0.018          -0.054      0.86201018      0.03911948   -0.0041543384     -0.39849738
           0.13           0.018           -0.05       1.1323159     0.016348382     -0.01396361     -0.39590636
           0.13           0.018          -0.046       1.4615893    0.0041658403    -0.020268687     -0.39022866
           0.13           0.018          -0.042       1.8292066  -0.00022019846    -0.021356519     -0.38485585
           0.13           0.018          -0.038       2.2692438    0.0049394911   -0.0019616424     -0.37051125
           0.13           0.018          -0.034       2.4606474     0.011503214     0.017644313     -0.36300179
           0.13           0.018           -0.03       2.4358432   -0.0094963752      0.01371332     -0.35504032
           0.13           0.018          -0.026       2.4707497    -0.024375239    0.0074709831     -0.34842577
           0.13           0.018          -0.022       2.5106669     -0.01512883    0.0016711127      -0.3420306
           0.13           0.018          -0.018       2.5122464   -0.0056560883   -0.0017087562     -0.33581009
           0.13           0.018          -0.014       2.4963807   5.4712093e-06    -0.010665485      -0.3304571
           0.13           0.018           -0.01        2.453675  -0.00095436895    -0.019531772     -0.32539358
           0.13           0.018          -0.006       2.3643964    0.0033279573    -0.027762911     -0.32189659
           0.13           0.018          -0.002       2.2240676     0.013076845    -0.018932077     -0.32070904
           0.13           0.018           0.002        2.225733     0.015944663   -0.0027886244     -0.32004921
           0.13           0.018           0.006       2.3595225    0.0057301962     0.012108343     -0.32035595
           0.13           0.018            0.01       2.4527197   -0.0039686503    0.0079995509     -0.32297199
           0.13           0.018           0.014       2.4990641   -0.0099774453    0.0017435462     -0.32800908
           0.13           0.018           0.018       2.5150341    -0.020305519   -0.0065986312     -0.33355487
           0.13           0.018           0.022       2.5133858    -0.033456185    -0.010487087     -0.34048021
           0.13           0.018           0.026       2.4807849    -0.043601534    -0.017410762      -0.3475316
           0.13           0.018            0.03        2.447815    -0.031809755    -0.027929731     -0.35681913
           0.13           0.018           0.034       2.3367703     -0.02314774    -0.018579701     -0.36542956
           0.13           0.018           0.038       1.9540045    -0.034240065     0.017536311      -0.3807462
           0.13           0.018           0.042       1.5495694     -0.05759209     0.035110421     -0.39283166
           0.13           0.018           0.046       1.1948612    -0.075017397     0.039666525     -0.40214953
           0.13           0.018            0.05      0.88500784    -0.084419144     0.034833435       -0.410336
           0.13           0.018           0.054      0.62655977    -0.079169308     0.021023949     -0.41572974
           0.13           0.018           0.058       0.4249991    -0.055943243    0.0020119448     -0.41915688
           0.13           0.018           0.062      0.28302486    -0.014660374    -0.017260644     -0.42024091
           0.13           0.018           0.066      0.19806138     0.032564991     -0.02970473     -0.42012854
           0.13           0.018            0.07      0.16442313     0.058686757    -0.039932428     -0.42220714
           0.13           0.018           0.074      0.16139019     0.051705923    -0.062121496      -0.4266739
           0.13           0.018           0.078      0.16799201     0.027107246    -0.093899973     -0.43122975
           0.13           0.018           0.082      0.19042918  -0.00098309708     -0.11795684     -0.43496215
           0.13           0.018           0.086      0.23320765    -0.019789259     -0.13087759     -0.43664509
           0.13           0.018            0.09      0.28637644   -0.0076541859     -0.13393522     -0.43584827
           0.13           0.018           0.094      0.30710061     0.050045527    -0.096629415     -0.43073455
           0.13           0.018           0.098      0.21654237      0.10305514    -0.035713586     -0.42003758
           0.13           0.022          -0.098     0.073797876     0.036262957        0.029913     -0.40888699
           0.13           0.022          -0.094      0.10014646     0.010422649     0.058852771     -0.41208344
           0.13           0.022           -0.09     0.039571212    0.0049691072     0.022481616     -0.41198007
           0.13           0.022          -0.086  -9.8203952e-05     0.022535546   -0.0084253207     -0.41023004
           0.13           0.022          -0.082     0.022023835     0.033904855   -0.0026201416     -0.40857012
           0.13           0.022          -0.078     0.080692655     0.039708824    0.0035826005     -0.40741756
           0.13           0.022          -0.074       0.1499164     0.042154317    0.0060970548     -0.40668874
           0.13           0.022           -0.07      0.22204343     0.047859779    0.0081017515     -0.40578191
           0.13           0.022          -0.066        0.299518      0.05302975     0.013031214     -0.40473705
           0.13           0.022          -0.062      0.39014406     0.051871495     0.018549737     -0.40395464
           0.13           0.022          -0.058      0.50679198     0.041811746     0.020099371     -0.40311252
           0.13           0.022          -0.054      0.66480329     0.024941817     0.015064505     -0.40152708
           0.13           0.022           -0.05      0.87767865    0.0072705865    0.0032014475      -0.3989996
           0.13           0.022          -0.046       1.1480131   -0.0038137385   -0.0094086555     -0.39393654
           0.13           0.022          -0.042       1.4698004   -0.0079997176    -0.019902434     -0.38844303
           0.13           0.022          -0.038       1.8573229   -0.0048181521    -0.019575812     -0.38079828
           0.13           0.022          -0.034       2.2719484   -0.0096401653    0.0089545995     -0.36733805
           0.13           0.022           -0.03       2.5005517   -0.0092012233     0.020869856      -0.3606688
           0.13           0.022          -0.026       2.5261267     -0.01149749     0.011358076     -0.35306138
           0.13           0.022          -0.022       2.5123441   -0.0079420103    0.0022437972     -0.34681953
           0.13           0.022          -0.018       2.4968145    -0.003356994   -0.0012485511     -0.34079516
           0.13           0.022          -0.014       2.4889743     0.001620031   -0.0064303744     -0.33603165
           0.13           0.022           -0.01       2.4922825    0.0034588652    -0.008692252     -0.33132372
           0.13           0.022          -0.006       2.4926495    0.0087477466    -0.015339824     -0.32880959
           0.13           0.022          -0.002       2.4220737     0.010174947    -0.008809588     -0.32596022
           0.13           0.022           0.002       2.4312216     0.010944509    -0.011223209     -0.32510793
           0.13           0.022           0.006       2.4924203    0.0066236307   -0.0016980349      -0.3268777
           0.13           0.022            0.01       2.4921586    -0.002565467    -0.005979463     -0.32815195
           0.13           0.022           0.014       2.4905445   -0.0092415438   -0.0067206052     -0.33273247
           0.13           0.022           0.018       2.4987465    -0.018336751    -0.011272569     -0.33733332
           0.13           0.022           0.022       2.5137926    -0.026721386    -0.014438868     -0.34382617
           0.13           0.022           0.026        2.524451    -0.033058358    -0.022441218     -0.35085538
           0.13           0.022            0.03       2.4730145    -0.036789788    -0.027002325     -0.35920809
           0.13           0.022           0.034       2.1490888    -0.044986815   0.00056363744     -0.36881082
           0.13           0.022           0.038       1.6996211    -0.051211878     0.032897289     -0.38608975
           0.13           0.022           0.042       1.3166088    -0.071201353     0.041416927     -0.39655073
           0.13           0.022           0.046      0.98721167    -0.087659587     0.041592947     -0.40672155
           0.13           0.022            0.05       0.7088855    -0.096004506     0.033966218     -0.41514314
           0.13           0.022           0.054      0.48441299     -0.08978895     0.020392576     -0.42142018
           0.13           0.022           0.058      0.31744809    -0.065798905    0.0042206597     -0.42566898
           0.13           0.022           0.062      0.20774474    -0.025372659   -0.0089991842     -0.42764955
           0.13           0.022           0.066       0.1460731     0.020448553    -0.012324514     -0.42844066
           0.13           0.022            0.07      0.11643499     0.050429599   -0.0062474982     -0.43039752
           0.13           0.022           0.074      0.10024874     0.056052778    0.0003468767     -0.43388959
           0.13           0.022           0.078     0.082032371     0.046805395   0.00096651736     -0.43762904
           0.13           0.022           0.082     0.059082138     0.033011328     0.000712476     -0.44051088
           0.13           0.022           0.086     0.057254056     0.012919779   -0.0089934019     -0.44230546
           0.13           0.022            0.09      0.11742419   -0.0084597012     -0.08114433     -0.44537833
           0.13           0.022           0.094       0.1719587     0.024436622     -0.10578381     -0.44712551
           0.13           0.022           0.098      0.12267249     0.073889372    -0.045324962     -0.43928694
           0.13           0.026          -0.098    -0.067205859     0.061374235     0.024106525     -0.41180923
           0.13           0.026          -0.094    -0.067690354      0.06487187     0.060052701     -0.41330856
           0.13           0.026           -0.09    -0.064966815     0.043151962     0.048100975     -0.41134162
           0.13           0.026          -0.086    -0.078039074     0.033083736      0.01625201     -0.40895239
           0.13           0.026          -0.082    -0.064774409     0.037991927     0.007316129     -0.40780792
           0.13           0.026          -0.078    -0.013983469     0.038692861     0.015625728     -0.40780755
           0.13           0.026          -0.074     0.049118313     0.035476222     0.020986906     -0.40793925
           0.13           0.026           -0.07      0.11663677     0.034000164     0.024879804     -0.40775654
           0.13           0.026          -0.066      0.18531614     0.032927235     0.030132683     -0.40719507
           0.13           0.026          -0.062      0.25864858     0.028675732     0.035142173     -0.40657096
           0.13           0.026          -0.058      0.35122724     0.019765993     0.036435608     -0.40583901
           0.13           0.026          -0.054      0.48219148    0.0076751916     0.030940478      -0.4042703
           0.13           0.026           -0.05      0.66919697   -0.0041499802     0.017908843     -0.40153536
           0.13           0.026          -0.046      0.92296225    -0.010948204    0.0015498819     -0.39693686
           0.13           0.026          -0.042       1.2501088    -0.013174212    -0.013110948     -0.39080752
           0.13           0.026          -0.038       1.6743308    -0.011403027    -0.021047897      -0.3845227
           0.13           0.026          -0.034        2.230079     -0.01222794    0.0057847658     -0.36625348
           0.13           0.026           -0.03       2.4971217   -0.0055015187      0.01980573     -0.36248736
           0.13           0.026          -0.026        2.513468   -0.0060008692     0.013086453      -0.3558746
           0.13           0.026          -0.022       2.4952356   -0.0049697235    0.0064653551     -0.35075472
           0.13           0.026          -0.018       2.4823844   -0.0021445375    0.0028044798     -0.34550261
           0.13           0.026          -0.014       2.4807011    0.0020111736    -0.002451564     -0.34143903
           0.13           0.026           -0.01       2.4929248    0.0039007511   -0.0041891637     -0.33702247
           0.13           0.026          -0.006       2.5072415    0.0066823507   -0.0095502854     -0.33453494
           0.13           0.026          -0.002       2.4320469    0.0082876112   -0.0051088331     -0.33204134
           0.13           0.026           0.002       2.4422658    0.0081746863    -0.015697424     -0.33104698
           0.13           0.026           0.006       2.5079189    0.0031264971    -0.010368533     -0.33221596
           0.13           0.026            0.01       2.4923474   -0.0034824167    -0.014526776     -0.33322911
           0.13           0.026           0.014       2.4812858     -0.00981184    -0.015377554     -0.33694883
           0.13           0.026           0.018       2.4836408    -0.017953817     -0.02002702     -0.34054493
           0.13           0.026           0.022       2.4961985    -0.024905058    -0.023209936     -0.34602295
           0.13           0.026           0.026       2.5026864     -0.03016099    -0.028617156     -0.35201417
           0.13           0.026            0.03       2.4109151    -0.037806384    -0.025243974     -0.35922867
           0.13           0.026           0.034       2.0045339    -0.046531285    0.0091730262     -0.37137711
           0.13           0.026           0.038       1.5228502    -0.062895962     0.037214709     -0.38913631
           0.13           0.026           0.042       1.1335938    -0.082620445     0.041743611     -0.39928755
           0.13           0.026           0.046      0.81336986    -0.099679306     0.038982239     -0.40984239
           0.13           0.026            0.05      0.55397806      -0.1075312     0.028870597     -0.41861156
           0.13           0.026           0.054      0.35324809     -0.10030251     0.013795496     -0.42554917
           0.13           0.026           0.058      0.21120867    -0.075920318   -0.0025478168     -0.43038683
           0.13           0.026           0.062      0.12321733    -0.037551083    -0.014437731     -0.43296514
           0.13           0.026           0.066     0.076359065    0.0044460148    -0.016460514      -0.4341402
           0.13           0.026            0.07     0.051759971     0.034220093   -0.0088270991     -0.43531582
           0.13           0.026           0.074     0.030734187     0.041758497     0.001302348     -0.43688908
           0.13           0.026           0.078   0.00098355635     0.032948068     0.013924895      -0.4384692
           0.13           0.026           0.082    -0.031262894     0.016763069     0.029462846     -0.44040507
           0.13           0.026           0.086    -0.030254025      0.01026585     0.021138729     -0.44303009
           0.13           0.026            0.09   -0.0073504773     0.043975536    -0.072509902     -0.44675103
           0.13           0.026           0.094    -0.026085242     0.086594298     -0.10747479     -0.44983663
           0.13           0.026           0.098    -0.044219949     0.082584637    -0.043163857     -0.44471214
           0.13            0.03          -0.098     -0.17451783     0.045036203     0.010388604     -0.40704075
           0.13            0.03          -0.094     -0.18925704     0.065376852     0.036541516     -0.40802794
           0.13            0.03           -0.09     -0.17635503     0.055396657     0.046543342     -0.40738411
           0.13            0.03          -0.086     -0.16667129     0.044962703     0.044190024     -0.40614634
           0.13            0.03          -0.082     -0.14990318      0.04273072     0.041577475     -0.40549337
           0.13            0.03          -0.078     -0.11312973     0.038364208     0.046556243     -0.40606768
           0.13            0.03          -0.074    -0.061620923     0.030744242     0.051182387     -0.40692055
           0.13            0.03           -0.07   -0.0014218626     0.023280906     0.053635613      -0.4075492
           0.13            0.03          -0.066      0.06367303     0.017016175     0.055224383     -0.40790414
           0.13            0.03          -0.062      0.13221842     0.010124217     0.055984452     -0.40791135
           0.13            0.03          -0.058       0.2133036    0.0015826066     0.053619613     -0.40754812
           0.13            0.03          -0.054      0.32827478   -0.0074325124     0.045817754     -0.40627038
           0.13            0.03           -0.05      0.49892488     -0.01419527     0.031706683     -0.40363058
           0.13            0.03          -0.046      0.74001517    -0.015721992     0.014263109     -0.39943503
           0.13            0.03          -0.042        1.059202    -0.012246339   -0.0013277286      -0.3938261
           0.13            0.03          -0.038       1.4681029   -0.0053692609    -0.012805348     -0.38846064
           0.13            0.03          -0.034        1.976313     0.004801281  -0.00071437043     -0.37406022
           0.13            0.03           -0.03       2.3680199    0.0024539419     0.016300204     -0.36558553
           0.13            0.03          -0.026       2.4740026   -0.0001896421     0.015107357     -0.36105522
           0.13            0.03          -0.022       2.4781499   -0.0019372746    0.0093395625     -0.35619993
           0.13            0.03          -0.018       2.4744044  -0.00060940347    0.0061439234     -0.35109334
           0.13            0.03          -0.014        2.478479    0.0027208657   0.00082893627     -0.34744014
           0.13            0.03           -0.01       2.4942747    0.0044581349  -0.00057319563     -0.34319947
           0.13            0.03          -0.006       2.5107325    0.0075869563   -0.0061117411     -0.34094312
           0.13            0.03          -0.002       2.4346157    0.0090701658   -0.0050978713     -0.33824805
           0.13            0.03           0.002       2.4459477    0.0081040818    -0.018866939     -0.33707057
           0.13            0.03           0.006       2.5115637    0.0030866157    -0.016951076     -0.33815609
           0.13            0.03            0.01       2.4929151   -0.0038462325     -0.02184366     -0.33833866
           0.13            0.03           0.014       2.4778388    -0.009772061    -0.022620929     -0.34149906
           0.13            0.03           0.018       2.4736451    -0.017190541     -0.02743599     -0.34446742
           0.13            0.03           0.022       2.4710453     -0.02220112    -0.030323094     -0.34927141
           0.13            0.03           0.026       2.4207898    -0.025548323    -0.033411881     -0.35464219
           0.13            0.03            0.03       2.1778717    -0.027567034    -0.016748355      -0.3613901
           0.13            0.03           0.034       1.7398131    -0.039118802      0.01598173     -0.37778999
           0.13            0.03           0.038       1.3071169    -0.066146168     0.032367753     -0.39156637
           0.13            0.03           0.042      0.94217928     -0.08975841     0.034394882     -0.40175178
           0.13            0.03           0.046      0.64267293     -0.10817888     0.028616371     -0.41179679
           0.13            0.03            0.05       0.4044976     -0.11514018     0.015078559     -0.42041111
           0.13            0.03           0.054      0.22617306     -0.10636847   -0.0033437806      -0.4273995
           0.13            0.03           0.058      0.10486574    -0.081932342    -0.021938422      -0.4322342
           0.13            0.03           0.062     0.032413366    -0.046519203    -0.034933109     -0.43485851
           0.13            0.03           0.066   -0.0053005666   -0.0091223342    -0.038588609     -0.43601515
           0.13            0.03            0.07    -0.026359056     0.018569889    -0.033970879     -0.43652563
           0.13            0.03           0.074    -0.049124079      0.02784565    -0.025917556     -0.43644378
           0.13            0.03           0.078    -0.080731586     0.022331714    -0.019422031     -0.43556646
           0.13            0.03           0.082    -0.098177858     0.028948682    -0.044681863     -0.43592889
           0.13            0.03           0.086     -0.12472644       0.0664777     -0.10347295      -0.4388093
           0.13            0.03            0.09     -0.18583997     0.092232548     -0.13794167     -0.44192669
           0.13            0.03           0.094     -0.24666418     0.081316952     -0.10526161     -0.43965317
           0.13            0.03           0.098      -0.2323448     0.030439899    -0.033839662     -0.43415633
           0.13           0.034          -0.098     -0.18437773     0.026968651    0.0061684255     -0.40116455
           0.13           0.034          -0.094     -0.24419729     0.045951435     0.023410236     -0.40218355
           0.13           0.034           -0.09     -0.24910445     0.041259579     0.041526005     -0.40277374
           0.13           0.034          -0.086     -0.23608685     0.035613909     0.054079391     -0.40265872
           0.13           0.034          -0.082      -0.2144732     0.033643576     0.063214166     -0.40246356
           0.13           0.034          -0.078     -0.18343381     0.030718202     0.071385472     -0.40305666
           0.13           0.034          -0.074     -0.14251977     0.024647944      0.07736475     -0.40426651
           0.13           0.034           -0.07    -0.093876414     0.016760142     0.080252137     -0.40561315
           0.13           0.034          -0.066    -0.038246327    0.0083674591     0.080358331     -0.40678434
           0.13           0.034          -0.062     0.024611273  -0.00010648743     0.077866044     -0.40758911
           0.13           0.034          -0.058     0.098687418    -0.008908303     0.072146445     -0.40786599
           0.13           0.034          -0.054      0.20006946    -0.016873295     0.061796584     -0.40713256
           0.13           0.034           -0.05      0.35158924    -0.021059986     0.046295256     -0.40488709
           0.13           0.034          -0.046      0.56999225    -0.018933476      0.02814147     -0.40103858
           0.13           0.034          -0.042      0.86114987    -0.010690406     0.011920776     -0.39576935
           0.13           0.034          -0.038       1.2255546    0.0015953626  -0.00061911963     -0.39023551
           0.13           0.034          -0.034       1.6569543     0.018436849   0.00079629114     -0.37967724
           0.13           0.034           -0.03       2.0778735     0.021725392      0.01432549     -0.36873473
           0.13           0.034          -0.026       2.3374635     0.010935494     0.017607581     -0.36441706
           0.13           0.034          -0.022       2.4345502    0.0026909529     0.011076123     -0.36143925
           0.13           0.034          -0.018       2.4629874    0.0018958128    0.0080629098     -0.35643019
           0.13           0.034          -0.014       2.4781934    0.0044250452    0.0016239177     -0.35340388
           0.13           0.034           -0.01       2.4992953    0.0056175627   0.00041413771     -0.34914476
           0.13           0.034          -0.006       2.5179105     0.010021564   -0.0059782614     -0.34701785
           0.13           0.034          -0.002       2.4399792     0.013999648   -0.0058639201     -0.34420536
           0.13           0.034           0.002       2.4522695     0.012134308    -0.021486875     -0.34274802
           0.13           0.034           0.006       2.5186001    0.0047481582    -0.020879933     -0.34341807
           0.13           0.034            0.01       2.4968047   -0.0034181309    -0.026924786     -0.34270288
           0.13           0.034           0.014       2.4749979   -0.0087196009    -0.028233465     -0.34545848
           0.13           0.034           0.018       2.4519524    -0.014383518    -0.034377303     -0.34712366
           0.13           0.034           0.022       2.3832796    -0.015379786    -0.038186028     -0.35174047
           0.13           0.034           0.026       2.1755571   -0.0086882642    -0.033225824     -0.35578252
           0.13           0.034            0.03       1.8260918    -0.012834093    -0.010697541     -0.36764761
           0.13           0.034           0.034       1.4311018    -0.036269164     0.012339512     -0.38124517
           0.13           0.034           0.038       1.0575326    -0.067587473     0.022192328     -0.39327641
           0.13           0.034           0.042      0.73477883    -0.094387629     0.020576703     -0.40291699
           0.13           0.034           0.046      0.46750959     -0.11246525     0.010323012     -0.41214709
           0.13           0.034            0.05      0.25757197     -0.11684844   -0.0081240674     -0.42017647
           0.13           0.034           0.054      0.10440936     -0.10583332    -0.030758482      -0.4264901
           0.13           0.034           0.058    0.0025617603    -0.081914646    -0.051776061     -0.43057871
           0.13           0.034           0.062     -0.05832509    -0.050512172    -0.066115839     -0.43267388
           0.13           0.034           0.066    -0.090848002     -0.01817384    -0.072045155     -0.43332459
           0.13           0.034            0.07     -0.10824637     0.007966875    -0.071831662     -0.43291693
           0.13           0.034           0.074     -0.12282875     0.023692863    -0.071770102      -0.4313849
           0.13           0.034           0.078     -0.14070681      0.03635665    -0.087071208      -0.4298436
           0.13           0.034           0.082     -0.17105928     0.054893624     -0.12125406     -0.43007119
           0.13           0.034           0.086     -0.22920105     0.061385774     -0.13760326     -0.43055325
           0.13           0.034            0.09     -0.29775499     0.039303388     -0.11245534     -0.42890994
           0.13           0.034           0.094     -0.32803876    0.0046729219    -0.058893789     -0.42363459
           0.13           0.034           0.098     -0.27344441    -0.020864452    -0.021690106     -0.41951242
           0.13           0.038          -0.098     -0.20047661     0.019963206    0.0093434065     -0.39828975
           0.13           0.038          -0.094     -0.27619909     0.030188845     0.029354303     -0.39875144
           0.13           0.038           -0.09      -0.2873671     0.024513453     0.047386781     -0.39923349
           0.13           0.038          -0.086     -0.27448231     0.020224276     0.060793683     -0.39944678
           0.13           0.038          -0.082     -0.25286249     0.019338088     0.071894234     -0.39974822
           0.13           0.038          -0.078     -0.22554909     0.018500683     0.081574886     -0.40051102
           0.13           0.038          -0.074     -0.19195334     0.015250636      0.08912402      -0.4017984
           0.13           0.038           -0.07     -0.15219239    0.0098002235     0.093852593     -0.40333041
           0.13           0.038          -0.066     -0.10672185    0.0029088162     0.095304279       -0.404943
           0.13           0.038          -0.062    -0.054266221   -0.0052862895     0.093401766     -0.40638925
           0.13           0.038          -0.058    0.0094185887    -0.013759394     0.087635042     -0.40728944
           0.13           0.038          -0.054     0.095261176    -0.021205762     0.077186333     -0.40725174
           0.13           0.038           -0.05      0.22212487    -0.024675987      0.06191846     -0.40582272
           0.13           0.038          -0.046        0.406963     -0.02124169     0.044148335     -0.40283621
           0.13           0.038          -0.042      0.65494148    -0.010375567     0.028200652     -0.39861177
           0.13           0.038          -0.038      0.96003885    0.0061049235     0.016078656     -0.39417705
           0.13           0.038          -0.034       1.3070699     0.026944017     0.013564065     -0.38681784
           0.13           0.038           -0.03       1.6518117     0.040331807     0.016939667      -0.3794503
           0.13           0.038          -0.026       1.9618174     0.035300722     0.016377006     -0.37333034
           0.13           0.038          -0.022       2.2431811     0.018569834     0.015041822     -0.36696234
           0.13           0.038          -0.018       2.4030331    0.0074712785     0.012787213     -0.36296075
           0.13           0.038          -0.014       2.4617279    0.0078973354    0.0030239567     -0.35982897
           0.13           0.038           -0.01       2.4999595    0.0080311355    0.0014317427     -0.35484554
           0.13           0.038          -0.006       2.5249853      0.01364475   -0.0068015122     -0.35274079
           0.13           0.038          -0.002       2.4474459     0.018646249   -0.0060609697     -0.34961275
           0.13           0.038           0.002       2.4631477     0.016039576    -0.025340076     -0.34773679
           0.13           0.038           0.006       2.5243292    0.0083005605    -0.024229081     -0.34797793
           0.13           0.038            0.01       2.4949524   -0.0011519721    -0.032137717     -0.34647608
           0.13           0.038           0.014        2.448424    -0.004229021    -0.034828252     -0.34926387
           0.13           0.038           0.018       2.3458788   -0.0035082278    -0.044537683     -0.35008915
           0.13           0.038           0.022       2.0986674     0.009278788    -0.039763665     -0.35641912
           0.13           0.038           0.026       1.7759196     0.011790559    -0.028894298     -0.36572988
           0.13           0.038            0.03       1.4461415   -0.0058601996    -0.013637326     -0.37535054
           0.13           0.038           0.034       1.1125898    -0.037610919    0.0013152404     -0.38588076
           0.13           0.038           0.038       0.7990762    -0.071272064    0.0062358464     -0.39526432
           0.13           0.038           0.042      0.52409399    -0.097546031   0.00035952637     -0.40354909
           0.13           0.038           0.046      0.29659973     -0.11211875    -0.015263163     -0.41151099
           0.13           0.038            0.05      0.12107029     -0.11220895    -0.038453659      -0.4183147
           0.13           0.038           0.054   -0.0042574801    -0.098986333    -0.063565814     -0.42325301
           0.13           0.038           0.058    -0.087587703    -0.076726824    -0.084688101     -0.42611223
           0.13           0.038           0.062     -0.13997261    -0.050297574    -0.098195573     -0.42717308
           0.13           0.038           0.066     -0.17144998    -0.023809359     -0.10357204     -0.42711484
           0.13           0.038            0.07     -0.18947443  -0.00040524311     -0.10283571     -0.42637164
           0.13           0.038           0.074     -0.19921147       0.0179201     -0.10041241     -0.42510109
           0.13           0.038           0.078      -0.2094544     0.029757954     -0.10147622     -0.42386083
           0.13           0.038           0.082     -0.23776558     0.030947196    -0.099480539      -0.4230192
           0.13           0.038           0.086     -0.28541332     0.014888044    -0.080615045     -0.42195198
           0.13           0.038            0.09      -0.3266559   -0.0085617706     -0.04994442     -0.41908932
           0.13           0.038           0.094     -0.33535422    -0.016637743    -0.032021659      -0.4142526
           0.13           0.038           0.098      -0.2750509    -0.022834622    -0.018134524     -0.41036603
           0.13           0.042          -0.098      -0.2418345     0.012868112     0.011638971     -0.39621984
           0.13           0.042          -0.094     -0.31175978      0.01513018     0.033441562     -0.39629689
           0.13           0.042           -0.09     -0.31690121    0.0092059216     0.050736731     -0.39666617
           0.13           0.042          -0.086     -0.30170983    0.0061742583     0.063237461      -0.3970979
           0.13           0.042          -0.082     -0.28009871    0.0059280893     0.073773132     -0.39777967
           0.13           0.042          -0.078     -0.25470643    0.0060788146     0.083164542     -0.39876849
           0.13           0.042          -0.074     -0.22532151    0.0048299643      0.09108663     -0.40010991
           0.13           0.042           -0.07     -0.19156004    0.0015520001     0.096826623     -0.40167765
           0.13           0.042          -0.066     -0.15330941    -0.003552118      0.10001296     -0.40331545
           0.13           0.042          -0.062     -0.10953824   -0.0098219081     0.099947075     -0.40499004
           0.13           0.042          -0.058    -0.056451991    -0.016808501     0.096367964     -0.40631866
           0.13           0.042          -0.054     0.013437126    -0.023386671     0.088206089     -0.40690915
           0.13           0.042           -0.05      0.11395544    -0.026881801      0.07527191     -0.40635925
           0.13           0.042          -0.046      0.26043351     -0.02430815     0.059163208      -0.4043594
           0.13           0.042          -0.042       0.4595552    -0.014155186     0.043717032     -0.40108832
           0.13           0.042          -0.038      0.70479911    0.0023685623     0.031902285     -0.39732991
           0.13           0.042          -0.034      0.97964957     0.023466092     0.026750245     -0.39234504
           0.13           0.042           -0.03       1.2584341     0.040339839     0.027187354     -0.38687913
           0.13           0.042          -0.026       1.5301436     0.046139312     0.025226623     -0.38252605
           0.13           0.042          -0.022       1.8182584     0.043089527     0.019376233     -0.37812735
           0.13           0.042          -0.018       2.1240132     0.032386745      0.02108935     -0.36876819
           0.13           0.042          -0.014       2.3296127     0.021122312      0.01306249     -0.36576474
           0.13           0.042           -0.01       2.4496305     0.013410984    0.0059988853     -0.36162644
           0.13           0.042          -0.006         2.50662      0.01745943   -0.0067473387     -0.36024657
           0.13           0.042          -0.002        2.419479      0.02584163   -0.0053995357     -0.35747417
           0.13           0.042           0.002        2.438819     0.022139581    -0.030780111     -0.35519591
           0.13           0.042           0.006       2.5015324     0.011424197    -0.027643114     -0.35438372
           0.13           0.042            0.01       2.4374244    0.0055446946    -0.041846285     -0.35038549
           0.13           0.042           0.014       2.2856956     0.015910341     -0.04852231     -0.35116463
           0.13           0.042           0.018       2.0150336     0.027916133     -0.05065539     -0.35591918
           0.13           0.042           0.022       1.6933264     0.030101004    -0.042142931     -0.36594756
           0.13           0.042           0.026       1.3898843     0.015108977    -0.034256071      -0.3723029
           0.13           0.042            0.03        1.097903    -0.012417833    -0.021106425     -0.38071643
           0.13           0.042           0.034      0.81627231    -0.046259517      -0.0122611     -0.38883122
           0.13           0.042           0.038      0.55543155    -0.077506083    -0.012891549     -0.39643003
           0.13           0.042           0.042      0.32847758    -0.098953582    -0.024326681     -0.40356585
           0.13           0.042           0.046      0.14434926     -0.10750296    -0.044930711     -0.41020446
           0.13           0.042            0.05    0.0060212807     -0.10311451     -0.07015082      -0.4154544
           0.13           0.042           0.054    -0.091459572    -0.089171192    -0.093779915     -0.41884971
           0.13           0.042           0.058     -0.15801462    -0.070101857     -0.11137308     -0.42039231
           0.13           0.042           0.062     -0.20362059    -0.049579546     -0.12116058     -0.42059273
           0.13           0.042           0.066     -0.23575073    -0.030323854     -0.12316874     -0.42009306
           0.13           0.042            0.07     -0.25883631    -0.014440873     -0.11819223      -0.4192707
           0.13           0.042           0.074     -0.27579356   -0.0032524056     -0.10772461     -0.41830554
           0.13           0.042           0.078     -0.29153054    0.0020497562    -0.093254646      -0.4173311
           0.13           0.042           0.082     -0.31257982  -0.00041014769    -0.075007627     -0.41622853
           0.13           0.042           0.086     -0.33797407   -0.0089538265    -0.055888357     -0.41466042
           0.13           0.042            0.09     -0.35709797    -0.014469326    -0.043806318     -0.41172876
           0.13           0.042           0.094     -0.35259927     -0.01523949    -0.037687078     -0.40695675
           0.13           0.042           0.098     -0.27192466    -0.025773048     -0.02068836      -0.4032039
           0.13           0.046          -0.098     -0.28921428    0.0027404912     0.011995006     -0.39438695
           0.13           0.046          -0.094     -0.34743689  -0.00033702582     0.033256892     -0.39442212
           0.13           0.046           -0.09     -0.34531622   -0.0049744193     0.049547336     -0.39484826
           0.13           0.046          -0.086     -0.32727388   -0.0066493295      0.06139557     -0.39541843
           0.13           0.046          -0.082     -0.30487683   -0.0063456182     0.071424941     -0.39630992
           0.13           0.046          -0.078     -0.27995146   -0.0056535146     0.080309163     -0.39745504
           0.13           0.046          -0.074     -0.25240765   -0.0057941673     0.088019331     -0.39883655
           0.13           0.046           -0.07     -0.22186706   -0.0073826536     0.094142023     -0.40040592
           0.13           0.046          -0.066     -0.18800741    -0.010447471     0.098222153     -0.40205263
           0.13           0.046          -0.062     -0.15003745     -0.01500496     0.099847632     -0.40370094
           0.13           0.046          -0.058     -0.10523205    -0.020543947       0.0984058     -0.40524806
           0.13           0.046          -0.054    -0.048280688    -0.025659617     0.093207322      -0.4063308
           0.13           0.046           -0.05     0.029536981    -0.028906961     0.083716579     -0.40653501
           0.13           0.046          -0.046      0.14007008    -0.027794326     0.070636629     -0.40557665
           0.13           0.046          -0.042      0.29155821    -0.020298842     0.056587895     -0.40338863
           0.13           0.046          -0.038       0.4813512   -0.0065621064     0.044854718     -0.40046475
           0.13           0.046          -0.034      0.69649663     0.011592887     0.038191595     -0.39685391
           0.13           0.046           -0.03       0.9197233     0.028292661       0.0364927     -0.39300634
           0.13           0.046          -0.026       1.1448973     0.038958687     0.035192582      -0.3895133
           0.13           0.046          -0.022        1.383294     0.045999787     0.032185046     -0.38641943
           0.13           0.046          -0.018       1.6366531     0.053043903     0.031510247     -0.38127307
           0.13           0.046          -0.014       1.8881996      0.05127529     0.024080942     -0.37623746
           0.13           0.046           -0.01       2.1395313     0.042097355     0.020840691     -0.36701645
           0.13           0.046          -0.006       2.2683438      0.03607958    0.0081228283     -0.36306507
           0.13           0.046          -0.002       2.1353639     0.042529266    0.0013470849     -0.36015659
           0.13           0.046           0.002       2.1490219      0.03745142    -0.035824317     -0.35745843
           0.13           0.046           0.006       2.2448654      0.03230636    -0.044684204     -0.35536161
           0.13           0.046            0.01       2.1224576     0.040254339    -0.059173883      -0.3526039
           0.13           0.046           0.014       1.8533105     0.051139679    -0.059961768     -0.36117675
           0.13           0.046           0.018       1.5773314      0.04899689    -0.060382537     -0.36638486
           0.13           0.046           0.022       1.3002512     0.031026004    -0.051882068     -0.37297527
           0.13           0.046           0.026       1.0371173     0.005367051    -0.041437931     -0.37879221
           0.13           0.046            0.03      0.78794485    -0.026303536    -0.031821226     -0.38505087
           0.13           0.046           0.034      0.55333213     -0.05817066    -0.028458311     -0.39129741
           0.13           0.046           0.038      0.34143204    -0.083548508    -0.035027867     -0.39753528
           0.13           0.046           0.042      0.16231495    -0.097818618    -0.051468443     -0.40350957
           0.13           0.046           0.046     0.021975925     -0.10028597    -0.073938903      -0.4086465
           0.13           0.046            0.05    -0.081109338    -0.093318888    -0.096751952     -0.41228469
           0.13           0.046           0.054     -0.15473436    -0.080724029      -0.1152959     -0.41425253
           0.13           0.046           0.058     -0.20794106    -0.065829136     -0.12745824     -0.41482827
           0.13           0.046           0.062     -0.24788114     -0.05105899     -0.13291817     -0.41452751
           0.13           0.046           0.066     -0.27936548    -0.038173397     -0.13206776     -0.41380649
           0.13           0.046            0.07     -0.30498727    -0.028383531     -0.12559764     -0.41291974
           0.13           0.046           0.074     -0.32652141     -0.02216137     -0.11458869     -0.41194306
           0.13           0.046           0.078     -0.34595361    -0.019483467     -0.10031449     -0.41081788
           0.13           0.046           0.082     -0.36463515    -0.019808336    -0.084611823     -0.40939006
           0.13           0.046           0.086      -0.3816222    -0.021526396    -0.070474962     -0.40729321
           0.13           0.046            0.09     -0.39214876    -0.021935589     -0.05953282     -0.40409761
           0.13           0.046           0.094     -0.37905454    -0.023877494    -0.045738646     -0.40011205
           0.13           0.046           0.098     -0.28587322     -0.03442905     -0.01939067     -0.39705853
           0.13            0.05          -0.098     -0.33404357   -0.0082697556      0.01213418     -0.39275306
           0.13            0.05          -0.094     -0.38029653    -0.014311038     0.031875046      -0.3929612
           0.13            0.05           -0.09     -0.37286765    -0.017451579     0.046541287     -0.39347491
           0.13            0.05          -0.086     -0.35268222    -0.018004327     0.057550186     -0.39414851
           0.13            0.05          -0.082     -0.32930668    -0.017216064     0.066999745     -0.39517167
           0.13            0.05          -0.078     -0.30410988    -0.016137385     0.075324393     -0.39642261
           0.13            0.05          -0.074     -0.27707068    -0.015583016     0.082595016     -0.39784539
           0.13            0.05           -0.07      -0.2479199    -0.016075331     0.088597142     -0.39939191
           0.13            0.05          -0.066     -0.21633458    -0.017802106     0.093030716     -0.40097932
           0.13            0.05          -0.062     -0.18174071     -0.02071415     0.095548754      -0.4026049
           0.13            0.05          -0.058     -0.14233264    -0.024461512     0.095659487     -0.40424635
           0.13            0.05          -0.054    -0.094529422    -0.028368819     0.092800502     -0.40557258
           0.13            0.05           -0.05    -0.033085614    -0.031188618     0.086457775     -0.40630778
           0.13            0.05          -0.046     0.049432223     -0.03130464     0.076752676     -0.40619957
           0.13            0.05          -0.042      0.16032395    -0.027055976     0.064956882      -0.4050637
           0.13            0.05          -0.038       0.3010479     -0.01785424      0.05357669     -0.40305764
           0.13            0.05          -0.034      0.46441032   -0.0046835876     0.045464588     -0.40040787
           0.13            0.05           -0.03      0.63860312    0.0089343411     0.041619377     -0.39755965
           0.13            0.05          -0.026      0.81713147      0.02005238     0.039976746     -0.39481893
           0.13            0.05          -0.022       1.0033842     0.030228451     0.038888534     -0.39222851
           0.13            0.05          -0.018       1.1982799     0.042826969     0.040550819     -0.38855275
           0.13            0.05          -0.014       1.3893469     0.053387906     0.039851357     -0.38623098
           0.13            0.05           -0.01       1.5614566     0.061744224     0.035925573     -0.38220057
           0.13            0.05          -0.006       1.6479143     0.062778408     0.023089421     -0.37778762
           0.13            0.05          -0.002       1.5855514     0.063809294    0.0041775293     -0.37266485
           0.13            0.05           0.002       1.5678091      0.06087878    -0.031135781     -0.37099012
           0.13            0.05           0.006       1.6223118     0.061612309    -0.061752176     -0.36972226
           0.13            0.05            0.01       1.5625265     0.067702256    -0.077937014     -0.36821457
           0.13            0.05           0.014       1.3850909     0.060663852    -0.078068465      -0.3712627
           0.13            0.05           0.018       1.1688457     0.042784707    -0.071434576     -0.37425118
           0.13            0.05           0.022      0.94338137     0.015813963    -0.059947358     -0.37917292
           0.13            0.05           0.026      0.72566955    -0.014447806    -0.050149005     -0.38344456
           0.13            0.05            0.03      0.52002107    -0.044891686    -0.044405787     -0.38824868
           0.13            0.05           0.034      0.33134474    -0.070847785    -0.046838517     -0.39337374
           0.13            0.05           0.038      0.16737329    -0.088092561    -0.058671296     -0.39859332
           0.13            0.05           0.042     0.034590838    -0.095054444     -0.07712804     -0.40328496
           0.13            0.05           0.046    -0.066604565    -0.093378189    -0.097161079     -0.40686587
           0.13            0.05            0.05     -0.14181507    -0.086044934     -0.11455325     -0.40903459
           0.13            0.05           0.054      -0.1984797    -0.075840025     -0.12720933     -0.40992992
           0.13            0.05           0.058     -0.24260451    -0.064868903     -0.13456787     -0.40988899
           0.13            0.05           0.062     -0.27842735    -0.054675815     -0.13693221     -0.40931722
           0.13            0.05           0.066     -0.30878867    -0.046338976     -0.13478776     -0.40845314
           0.13            0.05            0.07     -0.33513508    -0.040445608     -0.12880097     -0.40739876
           0.13            0.05           0.074      -0.3583894    -0.037003307     -0.11979315     -0.40614949
           0.13            0.05           0.078     -0.37929596    -0.035573295     -0.10865308     -0.40460699
           0.13            0.05           0.082     -0.39812207    -0.035489085    -0.096299054     -0.40263208
           0.13            0.05           0.086     -0.41412272    -0.035842188    -0.083468767     -0.40011956
           0.13            0.05            0.09     -0.42360748     -0.03613084    -0.069352754     -0.39713883
           0.13            0.05           0.094     -0.41001352    -0.039679307     -0.04901725     -0.39382317
           0.13            0.05           0.098     -0.31665777    -0.044801576    -0.019255241     -0.39092459
           0.13           0.054          -0.098     -0.36845686    -0.019393637     0.012537709     -0.39131483
           0.13           0.054          -0.094     -0.41007461     -0.02623099     0.030195333     -0.39168615
           0.13           0.054           -0.09     -0.39961438    -0.028003568     0.043046419     -0.39228622
           0.13           0.054          -0.086     -0.37790949    -0.027749667     0.053095542     -0.39307064
           0.13           0.054          -0.082     -0.35358027    -0.026593441     0.061838028     -0.39420065
           0.13           0.054          -0.078     -0.32778247    -0.025222957      0.06952954     -0.39553972
           0.13           0.054          -0.074      -0.3005583    -0.024190768     0.076257426     -0.39701308
           0.13           0.054           -0.07     -0.27174362    -0.023897468     0.081911577     -0.39856935
           0.13           0.054          -0.066     -0.24107318    -0.024539848     0.086290046     -0.40014356
           0.13           0.054          -0.062      -0.2081179    -0.026142245     0.089122579     -0.40170719
           0.13           0.054          -0.058     -0.17178154    -0.028513462     0.090058722     -0.40326622
           0.13           0.054          -0.054     -0.12975097    -0.031147715     0.088679217      -0.4047004
           0.13           0.054           -0.05    -0.078736428    -0.033288516     0.084524572     -0.40575142
           0.13           0.054          -0.046    -0.014717127    -0.033983936     0.077448556     -0.40619114
           0.13           0.054          -0.042     0.066788309    -0.032325356     0.067941752      -0.4058631
           0.13           0.054          -0.038      0.16821213    -0.027810982     0.057356746     -0.40472621
           0.13           0.054          -0.034      0.28710521     -0.02073264     0.047892497     -0.40287271
           0.13           0.054           -0.03      0.41675669    -0.012692878     0.041342363     -0.40059451
           0.13           0.054          -0.026      0.55195606   -0.0048998862     0.037733527     -0.39814373
           0.13           0.054          -0.022      0.69290851    0.0042185025     0.036411059      -0.3956645
           0.13           0.054          -0.018      0.84022732     0.017651919     0.038089719     -0.39268269
           0.13           0.054          -0.014      0.98479384     0.032383938     0.038625983     -0.39006537
           0.13           0.054           -0.01       1.1106102     0.047392664     0.033949565     -0.38592993
           0.13           0.054          -0.006       1.1779384     0.057276258     0.020038049     -0.38119957
           0.13           0.054          -0.002       1.1647299     0.061788201   -0.0042331003     -0.37606557
           0.13           0.054           0.002       1.1562275     0.061600583    -0.039403817     -0.37386304
           0.13           0.054           0.006       1.1717305     0.063261179     -0.07239861     -0.37326297
           0.13           0.054            0.01       1.1221168     0.062048449    -0.086785732     -0.37316554
           0.13           0.054           0.014      0.99067258     0.046476956    -0.085119591       -0.376053
           0.13           0.054           0.018      0.81991892     0.021244741    -0.076376264     -0.37913834
           0.13           0.054           0.022      0.63891768   -0.0094185834    -0.065789501     -0.38285224
           0.13           0.054           0.026      0.46320677    -0.038939762     -0.05880695     -0.38652834
           0.13           0.054            0.03      0.30074987    -0.063998202    -0.058387938     -0.39074246
           0.13           0.054           0.034      0.15792447     -0.08162948    -0.066289703     -0.39518387
           0.13           0.054           0.038      0.03964208    -0.090663001    -0.080566537      -0.3993231
           0.13           0.054           0.042    -0.053615115    -0.092243098    -0.097053753     -0.40261486
           0.13           0.054           0.046     -0.12596798    -0.088684506     -0.11214709     -0.40477671
           0.13           0.054            0.05     -0.18298123    -0.082115304     -0.12397352     -0.40584152
           0.13           0.054           0.054     -0.22921966    -0.074229075     -0.13189526     -0.40604098
           0.13           0.054           0.058     -0.26780152    -0.066356071     -0.13595185     -0.40565948
           0.13           0.054           0.062     -0.30113243    -0.059477016     -0.13648531     -0.40493058
           0.13           0.054           0.066     -0.33076621     -0.05423901     -0.13389035     -0.40391986
           0.13           0.054            0.07      -0.3574243    -0.050871822     -0.12866354     -0.40263792
           0.13           0.054           0.074     -0.38155939    -0.049220104     -0.12130407     -0.40107284
           0.13           0.054           0.078     -0.40344747    -0.048856436     -0.11224018      -0.3991501
           0.13           0.054           0.082      -0.4230762    -0.049313001     -0.10167227     -0.39681518
           0.13           0.054           0.086     -0.43976046    -0.050324385    -0.089370199     -0.39407276
           0.13           0.054            0.09     -0.45006609    -0.052344418    -0.074113716      -0.3910569
           0.13           0.054           0.094     -0.43837922    -0.057261889    -0.052660283     -0.38790794
           0.13           0.054           0.098     -0.34696857     -0.05960951     -0.02194088     -0.38471839
           0.13           0.058          -0.098     -0.39778279    -0.030074716     0.012318269     -0.38999128
           0.13           0.058          -0.094     -0.43774714    -0.035693006     0.028207161     -0.39046326
           0.13           0.058           -0.09     -0.42553657    -0.036629221     0.039525314     -0.39113283
           0.13           0.058          -0.086     -0.40276252    -0.035901222     0.048663474     -0.39203523
           0.13           0.058          -0.082      -0.3775565    -0.034489651      0.05665055     -0.39327025
           0.13           0.058          -0.078     -0.35099987    -0.032895815     0.063664487     -0.39470149
           0.13           0.058          -0.074     -0.32320543    -0.031510447     0.069793356     -0.39624281
           0.13           0.058           -0.07     -0.29409701    -0.030627753     0.074984059      -0.3978359
           0.13           0.058          -0.066     -0.26347694     -0.03040937     0.079094317     -0.39942404
           0.13           0.058          -0.062     -0.23100923    -0.030887743     0.081914049     -0.40096477
           0.13           0.058          -0.058     -0.19600973    -0.031956013     0.083165663      -0.4024555
           0.13           0.058          -0.054     -0.15709457    -0.033311696     0.082505765     -0.40386048
           0.13           0.058           -0.05     -0.11216232    -0.034508728     0.079577868     -0.40503168
           0.13           0.058          -0.046    -0.058917547    -0.035101289     0.074120485     -0.40575728
           0.13           0.058          -0.042    0.0046835883     -0.03480237     0.066221661     -0.40587839
           0.13           0.058          -0.038     0.079633689    -0.033711607     0.056504402     -0.40534054
           0.13           0.058          -0.034      0.16479536    -0.032230347     0.046259613     -0.40412399
           0.13           0.058           -0.03      0.25672731    -0.031014177     0.037191245     -0.40234917
           0.13           0.058          -0.026      0.35252771     -0.02976469     0.030695726     -0.40016121
           0.13           0.058          -0.022       0.4534097     -0.02553838     0.027806209     -0.39770341
           0.13           0.058          -0.018      0.56280072    -0.013520471     0.028991454     -0.39514341
           0.13           0.058          -0.014      0.67651673     0.005926815     0.029003373     -0.39320304
           0.13           0.058           -0.01      0.78151945     0.029856463      0.02143598     -0.39030385
           0.13           0.058          -0.006      0.85121499     0.050105927    0.0039685884     -0.38585612
           0.13           0.058          -0.002      0.87065511     0.062429822    -0.023395317     -0.38111424
           0.13           0.058           0.002      0.87010411     0.065212924    -0.056222298     -0.37878694
           0.13           0.058           0.006       0.8546242     0.061772432    -0.083598789     -0.37823439
           0.13           0.058            0.01      0.79208802     0.049434226    -0.093589946     -0.37858181
           0.13           0.058           0.014      0.67809416     0.024252673    -0.089908636     -0.38029699
           0.13           0.058           0.018      0.53790525   -0.0070339352    -0.080342076      -0.3823712
           0.13           0.058           0.022      0.39277281    -0.038088283    -0.071563874      -0.3853589
           0.13           0.058           0.026      0.25686824    -0.063113351    -0.068865108     -0.38890875
           0.13           0.058            0.03      0.13755307    -0.080055445    -0.073630501     -0.39277222
           0.13           0.058           0.034     0.037683469    -0.089060396    -0.084205575     -0.39638053
           0.13           0.058           0.038    -0.043693808    -0.091869076    -0.097151425     -0.39931815
           0.13           0.058           0.042     -0.11000203    -0.090442559      -0.1095761     -0.40134301
           0.13           0.058           0.046     -0.16502598    -0.086347975     -0.11990522     -0.40246427
           0.13           0.058            0.05     -0.21168572    -0.080797601     -0.12748441     -0.40283033
           0.13           0.058           0.054     -0.25198708     -0.07483062     -0.13217761     -0.40263224
           0.13           0.058           0.058     -0.28754705    -0.069290695     -0.13414286     -0.40206487
           0.13           0.058           0.062     -0.31970031    -0.064805156     -0.13360343     -0.40119666
           0.13           0.058           0.066     -0.34915155    -0.061724196     -0.13084216     -0.40001368
           0.13           0.058            0.07     -0.37623638    -0.060099344     -0.12617723     -0.39851459
           0.13           0.058           0.074      -0.4011561    -0.059763661     -0.11987787     -0.39668125
           0.13           0.058           0.078     -0.42397464    -0.060418766     -0.11208854     -0.39446975
           0.13           0.058           0.082     -0.44456003    -0.061829996     -0.10271313     -0.39186566
           0.13           0.058           0.086     -0.46218503    -0.064058509    -0.091284091     -0.38888303
           0.13           0.058            0.09      -0.4732667    -0.067796942    -0.076635209     -0.38562933
           0.13           0.058           0.094     -0.46221475    -0.074007796    -0.056162419     -0.38235176
           0.13           0.058           0.098     -0.36738876      -0.0747442    -0.025090371     -0.37878991
           0.13           0.062          -0.098     -0.42338869    -0.039195745     0.011614128     -0.38853845
           0.13           0.062          -0.094     -0.46380071     -0.04349092     0.026190137     -0.38909607
           0.13           0.062           -0.09     -0.45068864    -0.043686251     0.036351504     -0.38987623
           0.13           0.062          -0.086     -0.42713985    -0.042604431     0.044624507     -0.39091839
           0.13           0.062          -0.082     -0.40110737    -0.040989601     0.051840912     -0.39227949
           0.13           0.062          -0.078     -0.37368733    -0.039211323     0.058154511     -0.39382402
           0.13           0.062          -0.074     -0.34507574    -0.037544293     0.063656729     -0.39546104
           0.13           0.062           -0.07     -0.31527341    -0.036185841     0.068330336     -0.39712786
           0.13           0.062          -0.066     -0.28414171     -0.03523742     0.072071078     -0.39877387
           0.13           0.062          -0.062     -0.25139372    -0.034706966     0.074707281     -0.40035075
           0.13           0.062          -0.058      -0.2165298    -0.034519738     0.075987172     -0.40183338
           0.13           0.062          -0.054     -0.17870229    -0.034505838     0.075604175     -0.40319207
           0.13           0.062           -0.05     -0.13668065    -0.034447851     0.073231292      -0.4043503
           0.13           0.062          -0.046    -0.089095898    -0.034261894     0.068595414     -0.40517275
           0.13           0.062          -0.042    -0.034981798    -0.034166972     0.061599315     -0.40549235
           0.13           0.062          -0.038     0.025454389     -0.03476615     0.052470281       -0.405214
           0.13           0.062          -0.034     0.090448131    -0.036962592     0.041951749      -0.4043044
           0.13           0.062           -0.03      0.15710649    -0.041619166     0.031339029     -0.40279855
           0.13           0.062          -0.026      0.22318735    -0.048310811     0.022433192     -0.40080042
           0.13           0.062          -0.022      0.29067968    -0.053015525      0.01771734     -0.39841932
           0.13           0.062          -0.018      0.36746248    -0.046389851     0.017917967     -0.39612879
           0.13           0.062          -0.014      0.45896911    -0.023088563     0.015573564      -0.3947753
           0.13           0.062           -0.01      0.55523633     0.011088352    0.0027644951     -0.39275359
           0.13           0.062          -0.006      0.62999605     0.042702799    -0.020028907     -0.38898002
           0.13           0.062          -0.002      0.66329178     0.061831989    -0.048865961     -0.38467959
           0.13           0.062           0.002       0.6594884     0.065214089     -0.07647727     -0.38238022
           0.13           0.062           0.006      0.62146252     0.054237665    -0.095953238     -0.38161526
           0.13           0.062            0.01      0.54539216     0.030321062     -0.10064674     -0.38166761
           0.13           0.062           0.014      0.43917196   -0.0034038938    -0.094666229     -0.38242963
           0.13           0.062           0.018      0.32207498    -0.037980295    -0.085234211     -0.38411442
           0.13           0.062           0.022      0.21057995    -0.065800878    -0.079531809     -0.38716361
           0.13           0.062           0.026      0.11410174    -0.082819664    -0.080990226     -0.39064802
           0.13           0.062            0.03     0.033241108    -0.090890675    -0.088048636     -0.39393145
           0.13           0.062           0.034    -0.035043438    -0.093338075    -0.097687619     -0.39661612
           0.13           0.062           0.038    -0.093901784    -0.092514576      -0.1074877     -0.39852324
           0.13           0.062           0.042     -0.14557784    -0.089692446     -0.11609478     -0.39965363
           0.13           0.062           0.046     -0.19148424    -0.085681619     -0.12285097     -0.40012937
           0.13           0.062            0.05     -0.23263431    -0.081173822     -0.12754078      -0.4000907
           0.13           0.062           0.054     -0.26994642    -0.076778729     -0.13013886     -0.39967885
           0.13           0.062           0.058     -0.30424716    -0.073030551      -0.1307471     -0.39895692
           0.13           0.062           0.062     -0.33611993    -0.070309622     -0.12952325      -0.3979176
           0.13           0.062           0.066     -0.36586488     -0.06877142     -0.12667979      -0.3965497
           0.13           0.062            0.07     -0.39362903    -0.068402497     -0.12241376     -0.39484963
           0.13           0.062           0.074     -0.41946344    -0.069074463     -0.11686459     -0.39279443
           0.13           0.062           0.078     -0.44330283    -0.070618604     -0.11004604     -0.39035148
           0.13           0.062           0.082     -0.46491015    -0.072964784     -0.10178158      -0.3875109
           0.13           0.062           0.086     -0.48343338    -0.076344567    -0.091572274     -0.38426662
           0.13           0.062            0.09      -0.4949438    -0.081629636    -0.078190037     -0.38066874
           0.13           0.062           0.094     -0.48358128     -0.08956242    -0.059106759     -0.37706984
           0.13           0.062           0.098     -0.38062467    -0.090685669    -0.027837789     -0.37291857
           0.13           0.066          -0.098     -0.44569341    -0.046905662     0.011012359     -0.38676996
           0.13           0.066          -0.094     -0.48856592    -0.049857297     0.024579051     -0.38745941
           0.13           0.066           -0.09     -0.47519181      -0.0493713     0.033759814     -0.38840605
           0.13           0.066          -0.086     -0.45104169     -0.04797923     0.041191364     -0.38962369
           0.13           0.066          -0.082     -0.42418151    -0.046180533     0.047637661     -0.39114678
           0.13           0.066          -0.078     -0.39579466    -0.044240138     0.053242009     -0.39283692
           0.13           0.066          -0.074     -0.36617181    -0.042335731      0.05810378     -0.39460401
           0.13           0.066           -0.07     -0.33539065    -0.040576245     0.062234081     -0.39638707
           0.13           0.066          -0.066     -0.30335955     -0.03899094     0.065561899     -0.39814094
           0.13           0.066          -0.062     -0.26981156    -0.037535406     0.067941701     -0.39982015
           0.13           0.066          -0.058      -0.2343069    -0.036120363     0.069134798     -0.40138477
           0.13           0.066          -0.054     -0.19621712    -0.034649497     0.068832759     -0.40278999
           0.13           0.066           -0.05     -0.15478824    -0.033097323     0.066705767      -0.4039561
           0.13           0.066          -0.046     -0.10932336    -0.031657391     0.062474406     -0.40478513
           0.13           0.066          -0.042    -0.059479403    -0.030910233      0.05601967     -0.40515655
           0.13           0.066          -0.038   -0.0057227427    -0.031888482      0.04744795     -0.40496507
           0.13           0.066          -0.034     0.050217991     -0.03596724     0.037271045     -0.40415803
           0.13           0.066           -0.03      0.10574392    -0.044455373      0.02654965     -0.40273142
           0.13           0.066          -0.026      0.15876756    -0.057591354     0.017054812     -0.40072957
           0.13           0.066          -0.022       0.2098308    -0.071409685     0.011788937     -0.39820962
           0.13           0.066          -0.018      0.26425039    -0.071790366     0.010579508     -0.39607006
           0.13           0.066          -0.014      0.33314201    -0.044912565    0.0034697336     -0.39532227
           0.13           0.066           -0.01      0.41646306  -0.00039405616    -0.017718403     -0.39399622
           0.13           0.066          -0.006      0.48568632     0.040121441    -0.045698137     -0.39106806
           0.13           0.066          -0.002       0.5149204     0.062017965    -0.073088359     -0.38753421
           0.13           0.066           0.002      0.49971051     0.062833523    -0.095267406     -0.38533013
           0.13           0.066           0.006      0.44593662     0.043394171     -0.10776137     -0.38429129
           0.13           0.066            0.01      0.36373425    0.0090946552     -0.10881367     -0.38361059
           0.13           0.066           0.014      0.26814319    -0.031577197     -0.10217577     -0.38371464
           0.13           0.066           0.018      0.17668822    -0.066547431    -0.094568474     -0.38548042
           0.13           0.066           0.022     0.099152796      -0.0873328    -0.091370654     -0.38849295
           0.13           0.066           0.026     0.033979698    -0.095666993    -0.093858635     -0.39161781
           0.13           0.066            0.03     -0.02335524    -0.097241176    -0.099680885     -0.39424869
           0.13           0.066           0.034    -0.075580109     -0.09583382     -0.10662525     -0.39614858
           0.13           0.066           0.038     -0.12386154    -0.093118202     -0.11327794     -0.39731764
           0.13           0.066           0.042     -0.16860907    -0.089775529     -0.11890503     -0.39788054
           0.13           0.066           0.046     -0.21014618    -0.086173715     -0.12312146     -0.39796611
           0.13           0.066            0.05     -0.24883061    -0.082657404     -0.12580678       -0.397661
           0.13           0.066           0.054     -0.28503022    -0.079574962     -0.12694484       -0.397032
           0.13           0.066           0.058     -0.31909975    -0.077229533     -0.12661584     -0.39609942
           0.13           0.066           0.062     -0.35129543     -0.07581306     -0.12495167     -0.39485806
           0.13           0.066           0.066     -0.38174743    -0.075385553     -0.12210681      -0.3933016
           0.13           0.066            0.07     -0.41049121    -0.075920606     -0.11820155     -0.39142005
           0.13           0.066           0.074      -0.4374626    -0.077339561     -0.11330626     -0.38918116
           0.13           0.066           0.078     -0.46248466    -0.079573915     -0.10739202     -0.38654593
           0.13           0.066           0.082     -0.48520025    -0.082681952     -0.10028999     -0.38348779
           0.13           0.066           0.086     -0.50458308     -0.08707157    -0.091509583     -0.37997026
           0.13           0.066            0.09      -0.5162675    -0.093947373    -0.079628992     -0.37596283
           0.13           0.066           0.094     -0.50411378     -0.10431236    -0.061943448     -0.37193307
           0.13           0.066           0.098     -0.38826945     -0.10705639    -0.030986516     -0.36718993
           0.13            0.07          -0.098     -0.46487684    -0.053340536     0.010705389     -0.38454797
           0.13            0.07          -0.094     -0.51234372     -0.05503874      0.02359058     -0.38543264
           0.13            0.07           -0.09     -0.49926374    -0.053845535     0.031913591     -0.38662175
           0.13            0.07          -0.086     -0.47456835    -0.052142119     0.038527001     -0.38806712
           0.13            0.07          -0.082     -0.44679496    -0.050152945     0.044211078      -0.3897993
           0.13            0.07          -0.078     -0.41728879    -0.048049201     0.049096231     -0.39167681
           0.13            0.07          -0.074     -0.38646385    -0.045928094     0.053297332     -0.39361633
           0.13            0.07           -0.07     -0.35446978    -0.043818636     0.056856716     -0.39556282
           0.13            0.07          -0.066     -0.32124525    -0.041671283     0.059740909     -0.39747795
           0.13            0.07          -0.062     -0.28651676    -0.039370433      0.06183257     -0.39932458
           0.13            0.07          -0.058     -0.24983308    -0.036783511     0.062910127     -0.40106058
           0.13            0.07          -0.054     -0.21062858    -0.033849324     0.062656532     -0.40262966
           0.13            0.07           -0.05     -0.16835817    -0.030697852     0.060721246     -0.40393871
           0.13            0.07          -0.046     -0.12271036    -0.027811712     0.056822079     -0.40486714
           0.13            0.07          -0.042    -0.073793882    -0.026125424     0.050895067     -0.40529731
           0.13            0.07          -0.038    -0.022234379    -0.027008385     0.043134933     -0.40514977
           0.13            0.07          -0.034     0.030748628     -0.03216613     0.034064541     -0.40438099
           0.13            0.07           -0.03     0.083740718     -0.04325802     0.024599672     -0.40295564
           0.13            0.07          -0.026      0.13612136    -0.061012733      0.01630732     -0.40081552
           0.13            0.07          -0.022      0.18830124    -0.081063487     0.011897168     -0.39795185
           0.13            0.07          -0.018       0.2375997    -0.083838671    0.0086220901     -0.39557034
           0.13            0.07          -0.014       0.2843863    -0.051048738   -0.0059032034     -0.39483519
           0.13            0.07           -0.01      0.34361239   4.5532443e-05    -0.034909519     -0.39387114
           0.13            0.07          -0.006       0.3942023     0.042899331    -0.065544332     -0.39177883
           0.13            0.07          -0.002      0.40865771     0.063762889    -0.090104147      -0.3893255
           0.13            0.07           0.002      0.38089254     0.059860851      -0.1081726     -0.38755355
           0.13            0.07           0.006      0.32052756     0.032562191     -0.11720738     -0.38636466
           0.13            0.07            0.01      0.24442212    -0.010022277     -0.11864556     -0.38521754
           0.13            0.07           0.014      0.17084216    -0.055334221     -0.11564595     -0.38529153
           0.13            0.07           0.018       0.1079042    -0.087486202     -0.11052681     -0.38695085
           0.13            0.07           0.022      0.05088445     -0.10165604      -0.1066299     -0.38959569
           0.13            0.07           0.026   -0.0018817501     -0.10403809     -0.10620667     -0.39216621
           0.13            0.07            0.03    -0.051093067     -0.10160645     -0.10870637     -0.39411055
           0.13            0.07           0.034    -0.097650587      -0.0978903     -0.11248034     -0.39536824
           0.13            0.07           0.038     -0.14194702    -0.094128748     -0.11632347     -0.39601998
           0.13            0.07           0.042     -0.18403108    -0.090650724     -0.11956138     -0.39617329
           0.13            0.07           0.046     -0.22396921    -0.087545745     -0.12184045     -0.39591629
           0.13            0.07            0.05     -0.26190143    -0.084911489     -0.12303245     -0.39531133
           0.13            0.07           0.054     -0.29801751     -0.08288641     -0.12313005     -0.39441711
           0.13            0.07           0.058     -0.33251409    -0.081601646     -0.12219037     -0.39325287
           0.13            0.07           0.062     -0.36552077    -0.081140183     -0.12031386     -0.39180713
           0.13            0.07           0.066     -0.39707926    -0.081517271     -0.11759376      -0.3900717
           0.13            0.07            0.07     -0.42713551    -0.082704603     -0.11409879     -0.38802766
           0.13            0.07           0.074     -0.45552459    -0.084657584     -0.10986616     -0.38563468
           0.13            0.07           0.078     -0.48196467    -0.087375048     -0.10487206     -0.38284346
           0.13            0.07           0.082       -0.505956    -0.091031244    -0.098995582     -0.37960183
           0.13            0.07           0.086     -0.52619514    -0.096260112    -0.091808309     -0.37583767
           0.13            0.07            0.09     -0.53759977     -0.10472178    -0.081802428     -0.37141384
           0.13            0.07           0.094     -0.52404058     -0.11761966     -0.06602937     -0.36672033
           0.13            0.07           0.098     -0.38669958     -0.12128591    -0.036396833     -0.36146761
           0.13           0.074          -0.098     -0.48067157    -0.058785452       0.0109019     -0.38172684
           0.13           0.074          -0.094     -0.53552766    -0.059242451     0.023437902     -0.38290863
           0.13           0.074           -0.09     -0.52323055    -0.057251168     0.030982239     -0.38443505
           0.13           0.074          -0.086     -0.49789183    -0.055195808     0.036787708     -0.38617362
           0.13           0.074          -0.082     -0.46900524    -0.052968042      0.04170447     -0.38817614
           0.13           0.074          -0.078     -0.43815769    -0.050667403     0.045839314     -0.39029386
           0.13           0.074          -0.074     -0.40590167    -0.048325324     0.049338217     -0.39245669
           0.13           0.074           -0.07     -0.37246582    -0.045900268       0.0522793     -0.39461895
           0.13           0.074          -0.066      -0.3377973    -0.043261357     0.054676632     -0.39675268
           0.13           0.074          -0.062     -0.30157486    -0.040210015     0.056455318      -0.3988306
           0.13           0.074          -0.058     -0.26327051    -0.036553559     0.057418977     -0.40081613
           0.13           0.074          -0.054     -0.22229702    -0.032248146     0.057251638     -0.40264592
           0.13           0.074           -0.05     -0.17823287    -0.027574378     0.055574946     -0.40421514
           0.13           0.074          -0.046        -0.13107    -0.023330032     0.052110779     -0.40537477
           0.13           0.074          -0.042    -0.081266287    -0.020841839     0.046885902     -0.40597061
           0.13           0.074          -0.038    -0.029540412    -0.021773212     0.040249029     -0.40590805
           0.13           0.074          -0.034     0.023446214     -0.02803187     0.032793929     -0.40512922
           0.13           0.074           -0.03     0.077698964    -0.041486743     0.025309911     -0.40357191
           0.13           0.074          -0.026      0.13469461     -0.06314287     0.019289053     -0.40106066
           0.13           0.074          -0.022      0.19567842    -0.086690839     0.016579473     -0.39766831
           0.13           0.074          -0.018      0.24572211    -0.085151432    0.0089186052     -0.39488596
           0.13           0.074          -0.014      0.27250383    -0.042804694     -0.01392236     -0.39390199
           0.13           0.074           -0.01      0.30618741      0.00994128    -0.045356514     -0.39307745
           0.13           0.074          -0.006      0.33491842     0.049968621    -0.074834732     -0.39168208
           0.13           0.074          -0.002       0.3344874     0.067235198    -0.096458376     -0.39035775
           0.13           0.074           0.002      0.30056956     0.058951923     -0.11156638     -0.38940304
           0.13           0.074           0.006      0.24706629     0.026428607     -0.12091531     -0.38848951
           0.13           0.074            0.01      0.19411167    -0.021029378     -0.12840771     -0.38771903
           0.13           0.074           0.014      0.15167549    -0.067991118     -0.13309755     -0.38782788
           0.13           0.074           0.018      0.10404431    -0.099505039     -0.13109519     -0.38873571
           0.13           0.074           0.022     0.046396565     -0.11140302        -0.12389     -0.39036497
           0.13           0.074           0.026    -0.010412095     -0.11089525     -0.11794754     -0.39212567
           0.13           0.074            0.03    -0.061470004     -0.10575846     -0.11574932     -0.39345623
           0.13           0.074           0.034      -0.1083289     -0.10024334     -0.11605652     -0.39423179
           0.13           0.074           0.038     -0.15236853    -0.095696853     -0.11733149     -0.39447243
           0.13           0.074           0.042      -0.1941607    -0.092175256     -0.11860476     -0.39426395
           0.13           0.074           0.046     -0.23402835    -0.089502148     -0.11939635     -0.39368617
           0.13           0.074            0.05     -0.27222076    -0.087559955     -0.11952963     -0.39279327
           0.13           0.074           0.054     -0.30896784    -0.086332584     -0.11897352     -0.39163463
           0.13           0.074           0.058     -0.34445105    -0.085841311     -0.11775206     -0.39023513
           0.13           0.074           0.062     -0.37874636     -0.08610133     -0.11591082     -0.38858683
           0.13           0.074           0.066     -0.41184034    -0.087092768     -0.11348482     -0.38667965
           0.13           0.074            0.07      -0.4436037     -0.08877313     -0.11049827     -0.38449199
           0.13           0.074           0.074     -0.47377345    -0.091106193     -0.10697333      -0.3819771
           0.13           0.074           0.078      -0.5019565    -0.094122238     -0.10292751     -0.37907729
           0.13           0.074           0.082     -0.52748812    -0.098084295     -0.09833874     -0.37570505
           0.13           0.074           0.086     -0.54869533     -0.10385054    -0.092974802      -0.3717319
           0.13           0.074            0.09     -0.55934524     -0.11329611     -0.08582204     -0.36694415
           0.13           0.074           0.094     -0.54168458     -0.12667808    -0.073400677     -0.36112992
           0.13           0.074           0.098     -0.36030975     -0.12580928     -0.04255851     -0.35564675
           0.13           0.078          -0.098     -0.49202921    -0.063496289     0.011740969     -0.37815632
           0.13           0.078          -0.094     -0.55856237    -0.062687587      0.02431443     -0.37977888
           0.13           0.078           -0.09     -0.54744269    -0.059712988     0.031171197     -0.38176303
           0.13           0.078          -0.086       -0.521201    -0.057209021     0.036150396     -0.38387418
           0.13           0.078          -0.082     -0.49086936    -0.054640942     0.040265428     -0.38622618
           0.13           0.078          -0.078     -0.45834811    -0.052071614     0.043580987     -0.38865006
           0.13           0.078          -0.074     -0.42436811    -0.049475826     0.046293846     -0.39109616
           0.13           0.078           -0.07     -0.38924542    -0.046753878     0.048526939     -0.39353157
           0.13           0.078          -0.066     -0.35290693    -0.043697755     0.050356287     -0.39594162
           0.13           0.078          -0.062     -0.31492336    -0.040018184     0.051769721     -0.39831126
           0.13           0.078          -0.058     -0.27460252    -0.035451842     0.052617629     -0.40061159
           0.13           0.078          -0.054      -0.2312474     -0.02996553     0.052596827     -0.40277453
           0.13           0.078           -0.05     -0.18455893    -0.024008054     0.051297692     -0.40467694
           0.13           0.078          -0.046     -0.13493699     -0.01874501     0.048430086     -0.40612638
           0.13           0.078          -0.042    -0.083281543     -0.01591034     0.044135352     -0.40692197
           0.13           0.078          -0.038    -0.030313307    -0.017360614     0.038939693     -0.40695496
           0.13           0.078          -0.034     0.023990892    -0.025079616     0.033544579     -0.40613367
           0.13           0.078           -0.03     0.081314142    -0.041006049     0.028743069     -0.40433841
           0.13           0.078          -0.026      0.14599582    -0.066037817     0.026351339     -0.40125107
           0.13           0.078          -0.022      0.21830275    -0.088718695     0.024437505      -0.3973245
           0.13           0.078          -0.018      0.26297711    -0.076927383    0.0069311249     -0.39417817
           0.13           0.078          -0.014      0.27056393    -0.027425569    -0.020118081     -0.39308379
           0.13           0.078           -0.01      0.28444482     0.022581773    -0.047861526     -0.39239099
           0.13           0.078          -0.006      0.29641391     0.057980726    -0.072166158     -0.39157662
           0.13           0.078          -0.002      0.28772166     0.071580542    -0.089127126     -0.39124306
           0.13           0.078           0.002      0.25764332     0.060876243     -0.10106383     -0.39127266
           0.13           0.078           0.006      0.22289777      0.02748978     -0.11160902     -0.39127219
           0.13           0.078            0.01      0.20097114    -0.019945436     -0.12521462     -0.39110935
           0.13           0.078           0.014      0.18411879     -0.06748041     -0.13894452     -0.39068702
           0.13           0.078           0.018      0.14619395     -0.10134061     -0.14622126     -0.39019724
           0.13           0.078           0.022     0.079542689     -0.11539107     -0.14102241     -0.39018518
           0.13           0.078           0.026    0.0057724225     -0.11562091     -0.13000699     -0.39091772
           0.13           0.078            0.03    -0.056573154     -0.10963172     -0.12185197     -0.39189039
           0.13           0.078           0.034     -0.10896017     -0.10264024      -0.1179463     -0.39244054
           0.13           0.078           0.038     -0.15581776    -0.097369809     -0.11662121     -0.39244147
           0.13           0.078           0.042      -0.1992008    -0.093787842     -0.11621357     -0.39196692
           0.13           0.078           0.046     -0.24021501    -0.091453086     -0.11592048     -0.39110826
           0.13           0.078            0.05     -0.27951786     -0.09005435     -0.11543449     -0.38994412
           0.13           0.078           0.054     -0.31753859    -0.089459789     -0.11464472     -0.38852502
           0.13           0.078           0.058     -0.35455964    -0.089614901     -0.11351331      -0.3868834
           0.13           0.078           0.062     -0.39066875     -0.09049375     -0.11201216     -0.38502332
           0.13           0.078           0.066     -0.42580658     -0.09203749     -0.11011063     -0.38294364
           0.13           0.078            0.07     -0.45977799    -0.094169411      -0.1077862     -0.38063161
           0.13           0.078           0.074     -0.49220975    -0.096827626     -0.10505024     -0.37804026
           0.13           0.078           0.078     -0.52257289     -0.10001101     -0.10197768     -0.37510549
           0.13           0.078           0.082     -0.54998552     -0.10394636    -0.098697162     -0.37169616
           0.13           0.078           0.086      -0.5723614     -0.10951884    -0.095153958     -0.36757442
           0.13           0.078            0.09      -0.5813759     -0.11836998    -0.090844403     -0.36286368
           0.13           0.078           0.094     -0.54524354      -0.1298187    -0.080898263     -0.35666224
           0.13           0.078           0.098     -0.27254728     -0.10837413    -0.038925571     -0.35264049
           0.13           0.082          -0.098     -0.49588554    -0.067752332     0.013681099     -0.37377083
           0.13           0.082          -0.094     -0.58109478    -0.065548656     0.026279782     -0.37590073
           0.13           0.082           -0.09      -0.5718372    -0.061298355     0.032812729     -0.37851446
           0.13           0.082          -0.086     -0.54457489    -0.058206703     0.036894021     -0.38110746
           0.13           0.082          -0.082     -0.51237095    -0.055125983     0.040107186     -0.38391368
           0.13           0.082          -0.078     -0.47769931    -0.052159766     0.042450838     -0.38672449
           0.13           0.082          -0.074     -0.44159788    -0.049236419     0.044221659      -0.3895257
           0.13           0.082           -0.07     -0.40450065    -0.046215309     0.045589189     -0.39229769
           0.13           0.082          -0.066     -0.36628084    -0.042823607     0.046704867     -0.39503966
           0.13           0.082          -0.062     -0.32631185    -0.038684743     0.047646008     -0.39775011
           0.13           0.082          -0.058     -0.28361112    -0.033458246      0.04834874     -0.40040831
           0.13           0.082          -0.054     -0.23725894    -0.027119119     0.048555926      -0.4029392
           0.13           0.082           -0.05     -0.18710395    -0.020291321     0.047818374      -0.4052014
           0.13           0.082          -0.046     -0.13419544    -0.014563875     0.045787636     -0.40693982
           0.13           0.082          -0.042     -0.08009941    -0.012079007     0.042745639     -0.40789082
           0.13           0.082          -0.038     -0.02536096    -0.014736897     0.039437274      -0.4079593
           0.13           0.082          -0.034      0.03115309    -0.024567265     0.036865324     -0.40701855
           0.13           0.082           -0.03     0.093665719    -0.043364476     0.036242656     -0.40491417
           0.13           0.082          -0.026      0.17005221    -0.069763456     0.039565915     -0.40127786
           0.13           0.082          -0.022      0.24994594    -0.082853434     0.033131238     -0.39697651
           0.13           0.082          -0.018      0.27879808     -0.06026088   0.00078926566     -0.39354826
           0.13           0.082          -0.014      0.27072302    -0.012214734    -0.023410973     -0.39267196
           0.13           0.082           -0.01       0.2718106      0.03189772    -0.043676828     -0.39209617
           0.13           0.082          -0.006      0.27373895     0.062390876    -0.059898494     -0.39170802
           0.13           0.082          -0.002      0.26379524     0.072924114    -0.070129456     -0.39209347
           0.13           0.082           0.002      0.24307372     0.061501809    -0.076975968     -0.39299405
           0.13           0.082           0.006      0.22519924      0.02984825    -0.084565864     -0.39380703
           0.13           0.082            0.01      0.22017895    -0.014030583    -0.097163889     -0.39375526
           0.13           0.082           0.014      0.22002054     -0.05770751     -0.11537601     -0.39243715
           0.13           0.082           0.018      0.20452549    -0.088697411     -0.13608333     -0.39054735
           0.13           0.082           0.022        0.149033     -0.10550667     -0.14785595     -0.38908799
           0.13           0.082           0.026     0.058072332     -0.11309151     -0.14289548     -0.38886356
           0.13           0.082            0.03    -0.028331846     -0.11002963     -0.13079827     -0.38939445
           0.13           0.082           0.034    -0.094897813     -0.10332901      -0.1204879     -0.38990506
           0.13           0.082           0.038     -0.14952818    -0.097767538     -0.11525952     -0.38983472
           0.13           0.082           0.042     -0.19728082    -0.094379785     -0.11287952      -0.3892045
           0.13           0.082           0.046      -0.2411095    -0.092493464     -0.11172251     -0.38810892
           0.13           0.082            0.05     -0.28265537    -0.091650954     -0.11101964     -0.38667053
           0.13           0.082           0.054     -0.32279079    -0.091671461      -0.1104478      -0.3849659
           0.13           0.082           0.058     -0.36204955    -0.092473613     -0.10984743     -0.38304675
           0.13           0.082           0.062     -0.40063215    -0.094025359     -0.10908595     -0.38093318
           0.13           0.082           0.066     -0.43846545    -0.096211441      -0.1080471     -0.37865226
           0.13           0.082            0.07     -0.47531228    -0.098880816     -0.10666055     -0.37621046
           0.13           0.082           0.074     -0.51065886     -0.10189709     -0.10492613     -0.37355748
           0.13           0.082           0.078        -0.54355     -0.10514477     -0.10290807     -0.37064764
           0.13           0.082           0.082      -0.5725808     -0.10854047     -0.10078401     -0.36737327
           0.13           0.082           0.086     -0.59414153     -0.11285441    -0.098516253     -0.36350335
           0.13           0.082            0.09     -0.59569859     -0.11834131    -0.095194489     -0.35988797
           0.13           0.082           0.094     -0.50490635     -0.11651891    -0.077490691     -0.35426835
           0.13           0.082           0.098     -0.12853758    -0.056189111    -0.017655329     -0.35307766
           0.13           0.086          -0.098      -0.4809349    -0.069384621     0.018708654     -0.36829796
           0.13           0.086          -0.094     -0.59892046    -0.066651991     0.030683622     -0.37135551
           0.13           0.086           -0.09     -0.59447319    -0.061564563     0.036680056     -0.37456978
           0.13           0.086          -0.086     -0.56747074    -0.057935306      0.03962631     -0.37777954
           0.13           0.086          -0.082     -0.53314967    -0.054201119     0.041675778     -0.38120062
           0.13           0.086          -0.078      -0.4956648    -0.050680387     0.042708028     -0.38451174
           0.13           0.086          -0.074     -0.45689392    -0.047320332     0.043246646      -0.3877597
           0.13           0.086           -0.07     -0.41747145    -0.043976786     0.043480186     -0.39094134
           0.13           0.086          -0.066     -0.37716567    -0.040347389     0.043633048     -0.39406915
           0.13           0.086          -0.062     -0.33504755    -0.035992811     0.043906768     -0.39715196
           0.13           0.086          -0.058     -0.28967308    -0.030507848     0.044380982     -0.40017227
           0.13           0.086          -0.054     -0.23973856     -0.02388113     0.044933441     -0.40304754
           0.13           0.086           -0.05     -0.18521426    -0.016868187     0.045083961     -0.40563032
           0.13           0.086          -0.046      -0.1282106    -0.011478639     0.044307593      -0.4075884
           0.13           0.086          -0.042    -0.071274415     -0.01021728     0.043009039     -0.40858846
           0.13           0.086          -0.038    -0.014154631    -0.014884272     0.042284807     -0.40859388
           0.13           0.086          -0.034     0.046783483    -0.027835198      0.04422981     -0.40741527
           0.13           0.086           -0.03      0.11975167    -0.049897834     0.050900592     -0.40502504
           0.13           0.086          -0.026      0.21036847    -0.070113593     0.058183627     -0.40114378
           0.13           0.086          -0.022      0.28141718    -0.063286039     0.036548717     -0.39651674
           0.13           0.086          -0.018      0.28860201    -0.038721555   -0.0078342203     -0.39309272
           0.13           0.086          -0.014      0.27209448   -0.0027438345    -0.025300282     -0.39251453
           0.13           0.086           -0.01      0.26616647     0.034288976    -0.037025726      -0.3920877
           0.13           0.086          -0.006      0.26319332       0.0600832    -0.044205035     -0.39193988
           0.13           0.086          -0.002       0.2554338     0.068176607    -0.046844674     -0.39255222
           0.13           0.086           0.002      0.24354433     0.056531221    -0.047746247      -0.3937207
           0.13           0.086           0.006      0.23476531     0.027397483    -0.050679231     -0.39467817
           0.13           0.086            0.01      0.23264404      -0.0120301    -0.059139116     -0.39440635
           0.13           0.086           0.014      0.23445314    -0.050060075    -0.073866155     -0.39240796
           0.13           0.086           0.018      0.23594065      -0.0712859      -0.0970774     -0.38955161
           0.13           0.086           0.022      0.21760921    -0.074900195     -0.12933971     -0.38742366
           0.13           0.086           0.026      0.14754686    -0.084966304     -0.14911291     -0.38661819
           0.13           0.086            0.03     0.042645977    -0.098000359     -0.14703317     -0.38679774
           0.13           0.086           0.034    -0.050275784    -0.098052451     -0.13189682     -0.38706313
           0.13           0.086           0.038     -0.12263852     -0.09418756       -0.118683     -0.38689608
           0.13           0.086           0.042     -0.18111582    -0.091843887     -0.11156195     -0.38609636
           0.13           0.086           0.046      -0.2316147    -0.091049701     -0.10859979     -0.38478073
           0.13           0.086            0.05     -0.27794496    -0.091238275     -0.10757412     -0.38304122
           0.13           0.086           0.054     -0.32200041    -0.092232008     -0.10746194     -0.38099012
           0.13           0.086           0.058     -0.36481275      -0.0939534     -0.10781769      -0.3787159
           0.13           0.086           0.062      -0.4068486    -0.096479976     -0.10830158     -0.37626955
           0.13           0.086           0.066     -0.44815466    -0.099631352     -0.10863753     -0.37374656
           0.13           0.086            0.07     -0.48854448     -0.10304442     -0.10869089     -0.37117379
           0.13           0.086           0.074     -0.52739481     -0.10620358      -0.1084493     -0.36839813
           0.13           0.086           0.078     -0.56159475     -0.10883474     -0.10762256     -0.36543835
           0.13           0.086           0.082     -0.58878459     -0.11054033     -0.10612711     -0.36241858
           0.13           0.086           0.086     -0.60361243     -0.11235678     -0.10339376     -0.35964707
           0.13           0.086            0.09     -0.57931785     -0.11283596    -0.096598751     -0.35607023
           0.13           0.086           0.094     -0.38018079    -0.082020387    -0.060177253     -0.35247466
           0.13           0.086           0.098   -0.0034600354    -0.015191427    0.0032031598     -0.35313583
           0.13            0.09          -0.098     -0.39973264    -0.062794082     0.025784288        -0.36227
           0.13            0.09          -0.094      -0.6053525    -0.065303706     0.039543758     -0.36650928
           0.13            0.09           -0.09     -0.60961449    -0.060145743     0.044513359     -0.37017943
           0.13            0.09          -0.086      -0.5852094    -0.055610983     0.045916544     -0.37392937
           0.13            0.09          -0.082      -0.5500811    -0.051318463      0.04620844     -0.37810545
           0.13            0.09          -0.078     -0.50931557    -0.047209481     0.045207997     -0.38207617
           0.13            0.09          -0.074     -0.46742164    -0.043299118     0.043947314     -0.38587781
           0.13            0.09           -0.07      -0.4253972    -0.039594277     0.042582678      -0.3895457
           0.13            0.09          -0.066     -0.38284494    -0.035844377     0.041368665     -0.39309768
           0.13            0.09          -0.062     -0.33853278     -0.03160006     0.040655761     -0.39654158
           0.13            0.09          -0.058     -0.29052275    -0.026457886     0.040745053     -0.39985166
           0.13            0.09          -0.054     -0.23692775    -0.020433932      0.04180757     -0.40294276
           0.13            0.09           -0.05     -0.17738861    -0.014267288     0.043441993     -0.40569863
           0.13            0.09          -0.046     -0.11549326    -0.010230999     0.044728595     -0.40773028
           0.13            0.09          -0.042    -0.055196336    -0.011159007     0.046010215     -0.40866944
           0.13            0.09          -0.038    0.0064430018    -0.018872743     0.048989033     -0.40860089
           0.13            0.09          -0.034     0.080836313    -0.036930854     0.058881301     -0.40720854
           0.13            0.09           -0.03      0.17071003    -0.058167813     0.070937288     -0.40476163
           0.13            0.09          -0.026       0.2603318    -0.057965092     0.066760106     -0.40093659
           0.13            0.09          -0.022      0.30150535    -0.031720182     0.026890748     -0.39618726
           0.13            0.09          -0.018      0.29214598    -0.017708974    -0.017390786     -0.39306538
           0.13            0.09          -0.014      0.27482551   0.00060368376    -0.029262664     -0.39237554
           0.13            0.09           -0.01      0.26550702     0.029716224    -0.032983598     -0.39197907
           0.13            0.09          -0.006       0.2608131     0.050566298    -0.031517637     -0.39186454
           0.13            0.09          -0.002      0.25568071     0.056562023    -0.026436901     -0.39236014
           0.13            0.09           0.002      0.24976831     0.046099982    -0.020973882     -0.39335177
           0.13            0.09           0.006      0.24556228     0.021319388    -0.019225068     -0.39403774
           0.13            0.09            0.01      0.24408633    -0.012037855      -0.0244392     -0.39342529
           0.13            0.09           0.014      0.24331111    -0.044530716     -0.03719765     -0.39106179
           0.13            0.09           0.018      0.24228589    -0.059441684     -0.05905537     -0.38788861
           0.13            0.09           0.022      0.24173736    -0.047567392    -0.092237365     -0.38576489
           0.13            0.09           0.026      0.22093711    -0.038316902     -0.13367393      -0.3846988
           0.13            0.09            0.03      0.14764124    -0.058503846     -0.15835426     -0.38492449
           0.13            0.09           0.034     0.046669392    -0.078730151     -0.15850798     -0.38511773
           0.13            0.09           0.038    -0.049295758    -0.082704402     -0.14031498      -0.3844969
           0.13            0.09           0.042     -0.12945243    -0.082226047     -0.12257721      -0.3830677
           0.13            0.09           0.046     -0.19512446    -0.082857483     -0.11397479     -0.38115479
           0.13            0.09            0.05     -0.25217065    -0.085049166     -0.11053245       -0.378867
           0.13            0.09           0.054     -0.30449104    -0.088127246     -0.10984134     -0.37627517
           0.13            0.09           0.058     -0.35385183    -0.091630101     -0.11086674     -0.37347145
           0.13            0.09           0.062     -0.40070044    -0.095771336     -0.11285698     -0.37052834
           0.13            0.09           0.066     -0.44574518      -0.1004352     -0.11493702     -0.36767916
           0.13            0.09            0.07     -0.48868474     -0.10504652     -0.11668443     -0.36521477
           0.13            0.09           0.074     -0.52889406     -0.10800046     -0.11737811     -0.36295901
           0.13            0.09           0.078      -0.5601347     -0.10859425     -0.11599026     -0.36072711
           0.13            0.09           0.082     -0.57609738     -0.10927632     -0.11259676     -0.35842641
           0.13            0.09           0.086      -0.5599763     -0.10268041     -0.10526364     -0.35523228
           0.13            0.09            0.09     -0.43950062    -0.080673405    -0.078635154     -0.35207841
           0.13            0.09           0.094     -0.17818567    -0.037326242     -0.02740408     -0.35225813
           0.13            0.09           0.098     0.052621596    -0.012213754    0.0087691915     -0.35312655
           0.13           0.094          -0.098      -0.2105359    -0.032009228      0.01769179     -0.35981078
           0.13           0.094          -0.094     -0.51705656     -0.04895285     0.045959112     -0.36062639
           0.13           0.094           -0.09     -0.59161922    -0.051672536     0.059140483     -0.36518981
           0.13           0.094          -0.086     -0.57519441    -0.047910924     0.059856245     -0.36981515
           0.13           0.094          -0.082     -0.54148884    -0.043702555     0.057076223     -0.37463362
           0.13           0.094          -0.078     -0.50040974    -0.039394343     0.052699354     -0.37930055
           0.13           0.094          -0.074     -0.45768691    -0.035075123     0.048702571     -0.38375197
           0.13           0.094           -0.07     -0.41420425    -0.031211444      0.04510126     -0.38799664
           0.13           0.094          -0.066     -0.36970259    -0.027693802     0.042132841     -0.39201832
           0.13           0.094          -0.062     -0.32334184    -0.024210578      0.04023647      -0.3958135
           0.13           0.094          -0.058     -0.27405712    -0.020656095     0.040012022     -0.39934706
           0.13           0.094          -0.054     -0.21988743    -0.017259615     0.042001898      -0.4025537
           0.13           0.094           -0.05     -0.15788691    -0.013816798     0.046040341     -0.40531529
           0.13           0.094          -0.046    -0.091468751    -0.012211738     0.050423117      -0.4072765
           0.13           0.094          -0.042    -0.026038895    -0.015578893     0.054654139     -0.40813372
           0.13           0.094          -0.038     0.046009638    -0.025986962     0.060701204     -0.40801374
           0.13           0.094          -0.034      0.14474857    -0.047403175     0.073925191     -0.40667587
           0.13           0.094           -0.03      0.22837839    -0.052286229     0.066352495      -0.4044196
           0.13           0.094          -0.026      0.28985349    -0.029375793     0.038191462     -0.40069821
           0.13           0.094          -0.022      0.29994946   0.00098038932  -7.6755681e-05     -0.39622479
           0.13           0.094          -0.018      0.28593467   -0.0027284075    -0.025026015     -0.39355845
           0.13           0.094          -0.014      0.27622503   -0.0012382676    -0.036291882     -0.39229661
           0.13           0.094           -0.01      0.26653305     0.019028614    -0.034702204     -0.39138739
           0.13           0.094          -0.006      0.26190241     0.034822739    -0.025234811     -0.39092174
           0.13           0.094          -0.002      0.25899323     0.039291914    -0.012252031     -0.39105245
           0.13           0.094           0.002      0.25667805     0.031306836   0.00014332551     -0.39175412
           0.13           0.094           0.006      0.25462187     0.012839264     0.006743544     -0.39220539
           0.13           0.094            0.01      0.25190598    -0.011787947     0.003996766     -0.39137231
           0.13           0.094           0.014       0.2458194    -0.034589382    -0.010527339     -0.38913425
           0.13           0.094           0.018      0.23784149     -0.04320416    -0.038563236     -0.38666304
           0.13           0.094           0.022      0.23320292    -0.029633227    -0.071955438     -0.38523726
           0.13           0.094           0.026      0.23324209    -0.007775729     -0.10593992     -0.38465955
           0.13           0.094            0.03      0.21744597   -0.0074181703     -0.14457301     -0.38400624
           0.13           0.094           0.034      0.16068858    -0.031998735     -0.16984686     -0.38406335
           0.13           0.094           0.038     0.077738613    -0.055285029     -0.17175665     -0.38309843
           0.13           0.094           0.042    -0.014772835    -0.060194472     -0.15235685     -0.38073794
           0.13           0.094           0.046    -0.099051282     -0.06042511      -0.1376683     -0.37769315
           0.13           0.094            0.05     -0.17133756    -0.063734382     -0.12912592     -0.37436679
           0.13           0.094           0.054     -0.23604018    -0.069179217     -0.12473159     -0.37074927
           0.13           0.094           0.058     -0.29542232    -0.075143498     -0.12384642     -0.36695982
           0.13           0.094           0.062     -0.34853226     -0.08103813     -0.12541616     -0.36308711
           0.13           0.094           0.066     -0.39562484    -0.087044372     -0.12735037      -0.3594343
           0.13           0.094            0.07     -0.43314769    -0.091405448     -0.12918705      -0.3566917
           0.13           0.094           0.074     -0.45436234    -0.091540259     -0.12456007     -0.35493168
           0.13           0.094           0.078     -0.44998216    -0.085295481     -0.11476626     -0.35365786
           0.13           0.094           0.082     -0.40836866    -0.073539786    -0.097952275     -0.35299615
           0.13           0.094           0.086     -0.31107405    -0.053307087     -0.07080183     -0.35252923
           0.13           0.094            0.09     -0.15239381    -0.022348711    -0.035546148     -0.35248319
           0.13           0.094           0.094     0.019956979    0.0011120132    0.0017497848      -0.3527319
           0.13           0.094           0.098     0.076919874   -0.0032882287    0.0050454324     -0.35301151
           0.13           0.098          -0.098    -0.049707591   -0.0040623874    0.0076351133     -0.35903731
           0.13           0.098          -0.094     -0.18089801    -0.012992568      0.03003324     -0.36016421
           0.13           0.098           -0.09     -0.31360468    -0.029533538     0.059285824     -0.36160674
           0.13           0.098          -0.086     -0.39330617    -0.029180431     0.071098011     -0.36558954
           0.13           0.098          -0.082     -0.40679019    -0.023923984     0.069099133     -0.37121911
           0.13           0.098          -0.078     -0.39160988    -0.020166874     0.062140038     -0.37664475
           0.13           0.098          -0.074     -0.36257198    -0.017297545      0.05572774     -0.38183659
           0.13           0.098           -0.07     -0.32484492    -0.014881594     0.050513463     -0.38666394
           0.13           0.098          -0.066     -0.28080192    -0.012886132     0.046728697     -0.39111221
           0.13           0.098          -0.062     -0.23252986    -0.011174137      0.04456674     -0.39515531
           0.13           0.098          -0.058     -0.18614926   -0.0098020615     0.044896593      -0.3986908
           0.13           0.098          -0.054     -0.14473858   -0.0092438664     0.049343048     -0.40174308
           0.13           0.098           -0.05    -0.097670478    -0.009870561     0.056165774     -0.40445236
           0.13           0.098          -0.046    -0.042374695    -0.011025998     0.060464893     -0.40644324
           0.13           0.098          -0.042      0.01671224    -0.013918243     0.059678781     -0.40740761
           0.13           0.098          -0.038     0.079830825    -0.018898981     0.055029331     -0.40707126
           0.13           0.098          -0.034       0.1562257    -0.024350363     0.041588351     -0.40519772
           0.13           0.098           -0.03      0.22426939     -0.01222968    0.0045638235      -0.4031465
           0.13           0.098          -0.026      0.24154487    0.0051898906    -0.024883298     -0.39980059
           0.13           0.098          -0.022      0.23929844     0.010377666    -0.025387353     -0.39613388
           0.13           0.098          -0.018      0.22839492    0.0025508235     -0.02648704     -0.39390998
           0.13           0.098          -0.014      0.23189951   -0.0029549483    -0.037799348     -0.39240734
           0.13           0.098           -0.01      0.23680071    0.0035537855    -0.039863254     -0.39084422
           0.13           0.098          -0.006      0.23843334     0.012284659    -0.026755977     -0.38976576
           0.13           0.098          -0.002      0.23913681     0.014890712   -0.0063247354     -0.38945324
           0.13           0.098           0.002      0.23902444     0.011273068     0.011837493     -0.38991451
           0.13           0.098           0.006      0.23582738    0.0026560027     0.021483151     -0.39031766
           0.13           0.098            0.01      0.22720643   -0.0083162789      0.01604292     -0.38960066
           0.13           0.098           0.014      0.20780963    -0.016526407   -0.0047157461     -0.38769823
           0.13           0.098           0.018      0.18111441    -0.016862948    -0.033206771     -0.38587913
           0.13           0.098           0.022      0.17600358    -0.006609682    -0.071330532     -0.38510343
           0.13           0.098           0.026      0.18867347    0.0071031615    -0.098935828     -0.38433548
           0.13           0.098            0.03      0.19396476     0.012652973       -0.112327     -0.38369084
           0.13           0.098           0.034      0.18415641    0.0082562552     -0.12424508     -0.38331856
           0.13           0.098           0.038      0.15372698   -0.0043482775     -0.13845366     -0.38147793
           0.13           0.098           0.042     0.099812465    -0.016273603     -0.15024995     -0.37874708
           0.13           0.098           0.046      0.04053305    -0.022943765     -0.15263553     -0.37611069
           0.13           0.098            0.05    -0.019356076    -0.025950493     -0.14583112     -0.37296893
           0.13           0.098           0.054    -0.074206095    -0.030154111     -0.13817742     -0.36890796
           0.13           0.098           0.058     -0.12391454    -0.035067682     -0.13403572     -0.36430543
           0.13           0.098           0.062     -0.16346352    -0.038999233     -0.13072615     -0.35968527
           0.13           0.098           0.066     -0.18701733    -0.040954572     -0.12561327     -0.35566889
           0.13           0.098            0.07     -0.18498366    -0.038416223     -0.11418222     -0.35321033
           0.13           0.098           0.074     -0.14940963    -0.028946145    -0.089405905     -0.35283159
           0.13           0.098           0.078    -0.091392477    -0.014488948     -0.05178376     -0.35342904
           0.13           0.098           0.082    -0.028545022   -0.0015434571    -0.020166378     -0.35356595
           0.13           0.098           0.086     0.025513684    0.0069862566   -0.0098660763     -0.35361451
           0.13           0.098            0.09     0.055316453    0.0070970321   -0.0049284822     -0.35344807
           0.13           0.098           0.094     0.076171115    0.0022597993    0.0021870691     -0.35309599
           0.13           0.098           0.098     0.065847737   0.00083583312    0.0015253715      -0.3530453
