/*---------------------------------------------------------------------------*\
  =========                 |
  \\      /  F ield         | OpenFOAM: The Open Source CFD Toolbox
   \\    /   O peration     | Website:  https://openfoam.org
    \\  /    A nd           | Version:  13
     \\/     M anipulation  |
\*---------------------------------------------------------------------------*/
Build  : 13-18870c24d21c
Exec   : foamRun -solver incompressibleFluid
Date   : Aug 08 2026
Time   : 22:11:43
Host   : "<compute-host>"
PID    : 335
I/O    : uncollated
Case   : <run-root>/baseline_no_guide
nProcs : 1
sigFpe : Enabling floating point exception trapping (FOAM_SIGFPE).
fileModificationChecking : Monitoring run-time modified files using timeStampMaster (fileModificationSkew 10)
allowSystemOperations : Allowing user-supplied system call operations

// * * * * * * * * * * * * * * * * * * * * * * * * * * * * * * * * * * * * * //
Create time

Create mesh for time = 0

Selecting solver incompressibleFluid
Selecting viscosity model constant
Selecting turbulence model type RAS
    Selecting RAS turbulence model kOmegaSST
No MRF models present

Selecting patchDistMethod meshWave

SIMPLE: Convergence criteria found
        p: tolerance 0.0001
        U: tolerance 1e-05
        k: tolerance 1e-05
        omega: tolerance 1e-05


SIMPLE: Operating solver in steady-state mode with 1 outer corrector
SIMPLE: Operating solver in SIMPLE mode



Starting time loop

Time = 1s

smoothSolver:  Solving for Ux, Initial residual = 1, Final residual = 0.024393325, No Iterations 2
smoothSolver:  Solving for Uy, Initial residual = 1, Final residual = 0.040813902, No Iterations 3
smoothSolver:  Solving for Uz, Initial residual = 1, Final residual = 0.040790127, No Iterations 3
GAMG:  Solving for p, Initial residual = 1, Final residual = 0.0050139714, No Iterations 7
GAMG:  Solving for p, Initial residual = 0.13570457, Final residual = 0.00095961684, No Iterations 3
time step continuity errors : sum local = 0.0070742399, global = 0.00041712811, cumulative = 0.00041712811
smoothSolver:  Solving for omega, Initial residual = 0.018293898, Final residual = 0.00010818421, No Iterations 2
smoothSolver:  Solving for k, Initial residual = 1, Final residual = 0.011218345, No Iterations 2
ExecutionTime = 2.705507 s  ClockTime = 3 s

Time = 2s

smoothSolver:  Solving for Ux, Initial residual = 0.27095557, Final residual = 0.0047593635, No Iterations 3
smoothSolver:  Solving for Uy, Initial residual = 0.34112853, Final residual = 0.0060815156, No Iterations 3
smoothSolver:  Solving for Uz, Initial residual = 0.34143582, Final residual = 0.0060849246, No Iterations 3
GAMG:  Solving for p, Initial residual = 0.39159998, Final residual = 0.0038192845, No Iterations 6
GAMG:  Solving for p, Initial residual = 0.063140041, Final residual = 0.00027303797, No Iterations 4
time step continuity errors : sum local = 0.005132956, global = -0.00091034279, cumulative = -0.00049321468
smoothSolver:  Solving for omega, Initial residual = 0.008328787, Final residual = 0.00039759944, No Iterations 1
smoothSolver:  Solving for k, Initial residual = 0.21657088, Final residual = 0.001942997, No Iterations 2
ExecutionTime = 4.214698 s  ClockTime = 5 s

Time = 3s

smoothSolver:  Solving for Ux, Initial residual = 0.068537882, Final residual = 0.0011591015, No Iterations 3
smoothSolver:  Solving for Uy, Initial residual = 0.16131702, Final residual = 0.007941785, No Iterations 2
smoothSolver:  Solving for Uz, Initial residual = 0.16159998, Final residual = 0.0079495708, No Iterations 2
GAMG:  Solving for p, Initial residual = 0.17643736, Final residual = 0.0011862721, No Iterations 4
GAMG:  Solving for p, Initial residual = 0.027856512, Final residual = 0.00023405687, No Iterations 3
time step continuity errors : sum local = 0.0029859774, global = -0.00014435386, cumulative = -0.00063756854
smoothSolver:  Solving for omega, Initial residual = 0.0056476208, Final residual = 2.810933e-05, No Iterations 2
smoothSolver:  Solving for k, Initial residual = 0.19374619, Final residual = 0.0018300776, No Iterations 2
ExecutionTime = 5.377531 s  ClockTime = 6 s

Time = 4s

smoothSolver:  Solving for Ux, Initial residual = 0.043697072, Final residual = 0.00063335828, No Iterations 3
smoothSolver:  Solving for Uy, Initial residual = 0.13296646, Final residual = 0.0020862909, No Iterations 3
smoothSolver:  Solving for Uz, Initial residual = 0.13326955, Final residual = 0.002089028, No Iterations 3
GAMG:  Solving for p, Initial residual = 0.14557605, Final residual = 0.00074021625, No Iterations 4
GAMG:  Solving for p, Initial residual = 0.016912851, Final residual = 0.00015335654, No Iterations 3
time step continuity errors : sum local = 0.0015824034, global = 0.000107587, cumulative = -0.00052998154
smoothSolver:  Solving for omega, Initial residual = 0.0045208338, Final residual = 2.7764262e-05, No Iterations 2
smoothSolver:  Solving for k, Initial residual = 0.155521, Final residual = 0.0014489745, No Iterations 2
ExecutionTime = 6.477945 s  ClockTime = 7 s

Time = 5s

smoothSolver:  Solving for Ux, Initial residual = 0.038713391, Final residual = 0.00052417538, No Iterations 3
smoothSolver:  Solving for Uy, Initial residual = 0.11834282, Final residual = 0.0018816332, No Iterations 3
smoothSolver:  Solving for Uz, Initial residual = 0.118422, Final residual = 0.0018853395, No Iterations 3
GAMG:  Solving for p, Initial residual = 0.11863857, Final residual = 0.00061872125, No Iterations 4
GAMG:  Solving for p, Initial residual = 0.011378802, Final residual = 7.4754677e-05, No Iterations 3
time step continuity errors : sum local = 0.00075195841, global = 0.00015997636, cumulative = -0.00037000518
smoothSolver:  Solving for omega, Initial residual = 0.0038841239, Final residual = 2.3739249e-05, No Iterations 2
smoothSolver:  Solving for k, Initial residual = 0.12691196, Final residual = 0.001118435, No Iterations 2
ExecutionTime = 7.601017 s  ClockTime = 8 s

Time = 6s

smoothSolver:  Solving for Ux, Initial residual = 0.036077675, Final residual = 0.0017750834, No Iterations 2
smoothSolver:  Solving for Uy, Initial residual = 0.10596425, Final residual = 0.0016402032, No Iterations 3
smoothSolver:  Solving for Uz, Initial residual = 0.10588471, Final residual = 0.0016432561, No Iterations 3
GAMG:  Solving for p, Initial residual = 0.10714992, Final residual = 0.00048401009, No Iterations 4
GAMG:  Solving for p, Initial residual = 0.0090681375, Final residual = 5.0333584e-05, No Iterations 3
time step continuity errors : sum local = 0.00051442444, global = 4.3899884e-05, cumulative = -0.00032610529
smoothSolver:  Solving for omega, Initial residual = 0.0035209518, Final residual = 2.2446271e-05, No Iterations 2
smoothSolver:  Solving for k, Initial residual = 0.10527415, Final residual = 0.00090681357, No Iterations 2
ExecutionTime = 8.71273 s  ClockTime = 9 s

Time = 7s

smoothSolver:  Solving for Ux, Initial residual = 0.034156247, Final residual = 0.0016072229, No Iterations 2
smoothSolver:  Solving for Uy, Initial residual = 0.097316596, Final residual = 0.0014042858, No Iterations 3
smoothSolver:  Solving for Uz, Initial residual = 0.097142639, Final residual = 0.0014067084, No Iterations 3
GAMG:  Solving for p, Initial residual = 0.11224248, Final residual = 0.00038384668, No Iterations 4
GAMG:  Solving for p, Initial residual = 0.0074978388, Final residual = 6.6210641e-05, No Iterations 3
time step continuity errors : sum local = 0.00072989534, global = 0.00014225521, cumulative = -0.00018385008
smoothSolver:  Solving for omega, Initial residual = 0.0032093074, Final residual = 2.0845216e-05, No Iterations 2
smoothSolver:  Solving for k, Initial residual = 0.089632168, Final residual = 0.00074192514, No Iterations 2
ExecutionTime = 9.914284 s  ClockTime = 10 s

Time = 8s

smoothSolver:  Solving for Ux, Initial residual = 0.032236328, Final residual = 0.0014704337, No Iterations 2
smoothSolver:  Solving for Uy, Initial residual = 0.09107251, Final residual = 0.0012555994, No Iterations 3
smoothSolver:  Solving for Uz, Initial residual = 0.090901714, Final residual = 0.0012581554, No Iterations 3
GAMG:  Solving for p, Initial residual = 0.10852914, Final residual = 0.00037083851, No Iterations 4
GAMG:  Solving for p, Initial residual = 0.0063247642, Final residual = 5.6913974e-05, No Iterations 3
time step continuity errors : sum local = 0.00066378783, global = 5.8512636e-05, cumulative = -0.00012533745
smoothSolver:  Solving for omega, Initial residual = 0.0029458507, Final residual = 1.8860837e-05, No Iterations 2
smoothSolver:  Solving for k, Initial residual = 0.078455896, Final residual = 0.00060858449, No Iterations 2
ExecutionTime = 11.101471 s  ClockTime = 12 s

Time = 9s

smoothSolver:  Solving for Ux, Initial residual = 0.030553516, Final residual = 0.001348545, No Iterations 2
smoothSolver:  Solving for Uy, Initial residual = 0.086031831, Final residual = 0.0011402839, No Iterations 3
smoothSolver:  Solving for Uz, Initial residual = 0.085910076, Final residual = 0.0011426637, No Iterations 3
GAMG:  Solving for p, Initial residual = 0.097888735, Final residual = 0.00095954537, No Iterations 3
GAMG:  Solving for p, Initial residual = 0.0056016113, Final residual = 3.2066128e-05, No Iterations 4
time step continuity errors : sum local = 0.00038466213, global = 7.5836498e-05, cumulative = -4.9500947e-05
smoothSolver:  Solving for omega, Initial residual = 0.0027427487, Final residual = 1.6139432e-05, No Iterations 2
smoothSolver:  Solving for k, Initial residual = 0.070311686, Final residual = 0.00052232106, No Iterations 2
ExecutionTime = 12.219986 s  ClockTime = 13 s

Time = 10s

smoothSolver:  Solving for Ux, Initial residual = 0.029149901, Final residual = 0.001257047, No Iterations 2
smoothSolver:  Solving for Uy, Initial residual = 0.081912689, Final residual = 0.0010444876, No Iterations 3
smoothSolver:  Solving for Uz, Initial residual = 0.081829908, Final residual = 0.0010469953, No Iterations 3
GAMG:  Solving for p, Initial residual = 0.087410602, Final residual = 0.00080680896, No Iterations 3
GAMG:  Solving for p, Initial residual = 0.0045114734, Final residual = 2.7456218e-05, No Iterations 4
time step continuity errors : sum local = 0.00034716861, global = -6.0430607e-06, cumulative = -5.5544007e-05
smoothSolver:  Solving for omega, Initial residual = 0.0025492313, Final residual = 1.4503186e-05, No Iterations 2
smoothSolver:  Solving for k, Initial residual = 0.064042653, Final residual = 0.00044936207, No Iterations 2
ExecutionTime = 13.314763 s  ClockTime = 14 s

Time = 11s

smoothSolver:  Solving for Ux, Initial residual = 0.027794016, Final residual = 0.0011802501, No Iterations 2
smoothSolver:  Solving for Uy, Initial residual = 0.078312479, Final residual = 0.0038205895, No Iterations 2
smoothSolver:  Solving for Uz, Initial residual = 0.078260345, Final residual = 0.003827882, No Iterations 2
GAMG:  Solving for p, Initial residual = 0.078461012, Final residual = 0.00069053048, No Iterations 3
GAMG:  Solving for p, Initial residual = 0.0035696746, Final residual = 2.2256571e-05, No Iterations 4
time step continuity errors : sum local = 0.00029690336, global = -4.1453827e-05, cumulative = -9.6997835e-05
smoothSolver:  Solving for omega, Initial residual = 0.0023253512, Final residual = 1.2846972e-05, No Iterations 2
smoothSolver:  Solving for k, Initial residual = 0.059126762, Final residual = 0.00039504486, No Iterations 2
ExecutionTime = 14.461235 s  ClockTime = 15 s

Time = 12s

smoothSolver:  Solving for Ux, Initial residual = 0.026372854, Final residual = 0.0011103237, No Iterations 2
smoothSolver:  Solving for Uy, Initial residual = 0.075695177, Final residual = 0.0036480045, No Iterations 2
smoothSolver:  Solving for Uz, Initial residual = 0.07569699, Final residual = 0.0036564816, No Iterations 2
GAMG:  Solving for p, Initial residual = 0.070540202, Final residual = 0.00059925922, No Iterations 3
GAMG:  Solving for p, Initial residual = 0.0030232765, Final residual = 1.7220695e-05, No Iterations 4
time step continuity errors : sum local = 0.0002394911, global = -3.9046068e-05, cumulative = -0.0001360439
smoothSolver:  Solving for omega, Initial residual = 0.0021650579, Final residual = 1.2153258e-05, No Iterations 2
smoothSolver:  Solving for k, Initial residual = 0.055098316, Final residual = 0.00035286434, No Iterations 2
ExecutionTime = 15.737736 s  ClockTime = 16 s

Time = 13s

smoothSolver:  Solving for Ux, Initial residual = 0.025121899, Final residual = 0.0010556437, No Iterations 2
smoothSolver:  Solving for Uy, Initial residual = 0.07243088, Final residual = 0.0034644765, No Iterations 2
smoothSolver:  Solving for Uz, Initial residual = 0.072457012, Final residual = 0.0034742898, No Iterations 2
GAMG:  Solving for p, Initial residual = 0.064315434, Final residual = 0.00053799834, No Iterations 3
GAMG:  Solving for p, Initial residual = 0.0026614451, Final residual = 2.5793265e-05, No Iterations 3
time step continuity errors : sum local = 0.00037179431, global = 9.7743874e-05, cumulative = -3.8300029e-05
smoothSolver:  Solving for omega, Initial residual = 0.0020387493, Final residual = 1.1372232e-05, No Iterations 2
smoothSolver:  Solving for k, Initial residual = 0.05162839, Final residual = 0.00031477436, No Iterations 2
ExecutionTime = 16.877906 s  ClockTime = 17 s

Time = 14s

smoothSolver:  Solving for Ux, Initial residual = 0.024001147, Final residual = 0.0010082898, No Iterations 2
smoothSolver:  Solving for Uy, Initial residual = 0.069371141, Final residual = 0.003291929, No Iterations 2
smoothSolver:  Solving for Uz, Initial residual = 0.069419766, Final residual = 0.0033031702, No Iterations 2
GAMG:  Solving for p, Initial residual = 0.059281919, Final residual = 0.00050442666, No Iterations 3
GAMG:  Solving for p, Initial residual = 0.0023836797, Final residual = 2.2288113e-05, No Iterations 3
time step continuity errors : sum local = 0.0003312221, global = 8.633876e-05, cumulative = 4.8038732e-05
smoothSolver:  Solving for omega, Initial residual = 0.0019395399, Final residual = 1.105347e-05, No Iterations 2
smoothSolver:  Solving for k, Initial residual = 0.048468552, Final residual = 0.00028205226, No Iterations 2
ExecutionTime = 18.040902 s  ClockTime = 19 s

Time = 15s

smoothSolver:  Solving for Ux, Initial residual = 0.022948461, Final residual = 0.00096546685, No Iterations 2
smoothSolver:  Solving for Uy, Initial residual = 0.066652962, Final residual = 0.0031404058, No Iterations 2
smoothSolver:  Solving for Uz, Initial residual = 0.066710091, Final residual = 0.0031519459, No Iterations 2
GAMG:  Solving for p, Initial residual = 0.055026641, Final residual = 0.00048208921, No Iterations 3
GAMG:  Solving for p, Initial residual = 0.002091908, Final residual = 1.9887208e-05, No Iterations 3
time step continuity errors : sum local = 0.00030353191, global = 6.9491105e-05, cumulative = 0.00011752984
smoothSolver:  Solving for omega, Initial residual = 0.0018649141, Final residual = 1.0260539e-05, No Iterations 2
smoothSolver:  Solving for k, Initial residual = 0.04559759, Final residual = 0.0002563936, No Iterations 2
ExecutionTime = 19.069825 s  ClockTime = 20 s

Time = 16s

smoothSolver:  Solving for Ux, Initial residual = 0.021958468, Final residual = 0.00092578097, No Iterations 2
smoothSolver:  Solving for Uy, Initial residual = 0.064141476, Final residual = 0.0029997894, No Iterations 2
smoothSolver:  Solving for Uz, Initial residual = 0.064194181, Final residual = 0.0030105033, No Iterations 2
GAMG:  Solving for p, Initial residual = 0.051873007, Final residual = 0.00046623882, No Iterations 3
GAMG:  Solving for p, Initial residual = 0.0018169803, Final residual = 1.779679e-05, No Iterations 3
time step continuity errors : sum local = 0.00027826573, global = 5.9695394e-05, cumulative = 0.00017722523
smoothSolver:  Solving for omega, Initial residual = 0.0017846276, Final residual = 9.9066515e-06, No Iterations 2
smoothSolver:  Solving for k, Initial residual = 0.043172035, Final residual = 0.00023424711, No Iterations 2
ExecutionTime = 20.144196 s  ClockTime = 21 s

Time = 17s

smoothSolver:  Solving for Ux, Initial residual = 0.021031221, Final residual = 0.00088982101, No Iterations 2
smoothSolver:  Solving for Uy, Initial residual = 0.061682169, Final residual = 0.0028736754, No Iterations 2
smoothSolver:  Solving for Uz, Initial residual = 0.06170766, Final residual = 0.0028824322, No Iterations 2
GAMG:  Solving for p, Initial residual = 0.049063147, Final residual = 0.00044886946, No Iterations 3
GAMG:  Solving for p, Initial residual = 0.0016003144, Final residual = 1.5895273e-05, No Iterations 3
time step continuity errors : sum local = 0.00025431021, global = 5.2827971e-05, cumulative = 0.0002300532
smoothSolver:  Solving for omega, Initial residual = 0.0017099916, Final residual = 9.311428e-06, No Iterations 2
smoothSolver:  Solving for k, Initial residual = 0.04107492, Final residual = 0.00021604576, No Iterations 2
ExecutionTime = 21.289052 s  ClockTime = 22 s

Time = 18s

smoothSolver:  Solving for Ux, Initial residual = 0.020181366, Final residual = 0.00085936215, No Iterations 2
smoothSolver:  Solving for Uy, Initial residual = 0.059358894, Final residual = 0.0027611331, No Iterations 2
smoothSolver:  Solving for Uz, Initial residual = 0.059359629, Final residual = 0.0027678169, No Iterations 2
GAMG:  Solving for p, Initial residual = 0.046353023, Final residual = 0.00042899643, No Iterations 3
GAMG:  Solving for p, Initial residual = 0.0014256681, Final residual = 6.791635e-06, No Iterations 4
time step continuity errors : sum local = 0.0001111169, global = -1.6173666e-05, cumulative = 0.00021387954
smoothSolver:  Solving for omega, Initial residual = 0.0016433954, Final residual = 9.1078068e-06, No Iterations 2
smoothSolver:  Solving for k, Initial residual = 0.039202007, Final residual = 0.00019567742, No Iterations 2
ExecutionTime = 22.98879 s  ClockTime = 23 s

Time = 19s

smoothSolver:  Solving for Ux, Initial residual = 0.019444584, Final residual = 0.00083178918, No Iterations 2
smoothSolver:  Solving for Uy, Initial residual = 0.057142146, Final residual = 0.0026597683, No Iterations 2
smoothSolver:  Solving for Uz, Initial residual = 0.057109258, Final residual = 0.0026642803, No Iterations 2
GAMG:  Solving for p, Initial residual = 0.043861055, Final residual = 0.00041086197, No Iterations 3
GAMG:  Solving for p, Initial residual = 0.0012948898, Final residual = 6.5656095e-06, No Iterations 4
time step continuity errors : sum local = 0.00010989486, global = -1.5722565e-05, cumulative = 0.00019815697
smoothSolver:  Solving for omega, Initial residual = 0.0015829314, Final residual = 8.6877608e-06, No Iterations 2
smoothSolver:  Solving for k, Initial residual = 0.037546282, Final residual = 0.00018197327, No Iterations 2
ExecutionTime = 24.577725 s  ClockTime = 25 s

Time = 20s

smoothSolver:  Solving for Ux, Initial residual = 0.018786104, Final residual = 0.00080627772, No Iterations 2
smoothSolver:  Solving for Uy, Initial residual = 0.055105619, Final residual = 0.0025717256, No Iterations 2
smoothSolver:  Solving for Uz, Initial residual = 0.05503422, Final residual = 0.0025740374, No Iterations 2
GAMG:  Solving for p, Initial residual = 0.041627965, Final residual = 0.00039383084, No Iterations 3
GAMG:  Solving for p, Initial residual = 0.0011764378, Final residual = 7.1160728e-06, No Iterations 4
time step continuity errors : sum local = 0.00012187708, global = -5.6190753e-06, cumulative = 0.0001925379
smoothSolver:  Solving for omega, Initial residual = 0.0015366274, Final residual = 8.3734563e-06, No Iterations 2
smoothSolver:  Solving for k, Initial residual = 0.036191024, Final residual = 0.00016990622, No Iterations 2
ExecutionTime = 25.95066 s  ClockTime = 26 s

Time = 21s

smoothSolver:  Solving for Ux, Initial residual = 0.018189979, Final residual = 0.00078191508, No Iterations 2
smoothSolver:  Solving for Uy, Initial residual = 0.0532338, Final residual = 0.0024920486, No Iterations 2
smoothSolver:  Solving for Uz, Initial residual = 0.053129714, Final residual = 0.0024925042, No Iterations 2
GAMG:  Solving for p, Initial residual = 0.039625125, Final residual = 0.00037731483, No Iterations 3
GAMG:  Solving for p, Initial residual = 0.0010838891, Final residual = 8.5292954e-06, No Iterations 4
time step continuity errors : sum local = 0.0001493747, global = 2.2798167e-05, cumulative = 0.00021533606
smoothSolver:  Solving for omega, Initial residual = 0.0014931772, Final residual = 8.0928459e-06, No Iterations 2
smoothSolver:  Solving for k, Initial residual = 0.034992296, Final residual = 0.00015905099, No Iterations 2
ExecutionTime = 27.244404 s  ClockTime = 28 s

Time = 22s

smoothSolver:  Solving for Ux, Initial residual = 0.017655585, Final residual = 0.00075933668, No Iterations 2
smoothSolver:  Solving for Uy, Initial residual = 0.051523752, Final residual = 0.0024155418, No Iterations 2
smoothSolver:  Solving for Uz, Initial residual = 0.051404204, Final residual = 0.0024147454, No Iterations 2
GAMG:  Solving for p, Initial residual = 0.038098612, Final residual = 0.00036438788, No Iterations 3
GAMG:  Solving for p, Initial residual = 0.00099938166, Final residual = 8.7181733e-06, No Iterations 4
time step continuity errors : sum local = 0.00015603963, global = 6.245072e-05, cumulative = 0.00027778678
smoothSolver:  Solving for omega, Initial residual = 0.0014642569, Final residual = 7.9361608e-06, No Iterations 2
smoothSolver:  Solving for k, Initial residual = 0.033997715, Final residual = 0.00015147069, No Iterations 2
ExecutionTime = 28.709678 s  ClockTime = 29 s

Time = 23s

smoothSolver:  Solving for Ux, Initial residual = 0.017189147, Final residual = 0.00073930091, No Iterations 2
smoothSolver:  Solving for Uy, Initial residual = 0.049981936, Final residual = 0.0023430948, No Iterations 2
smoothSolver:  Solving for Uz, Initial residual = 0.049831447, Final residual = 0.0023408604, No Iterations 2
GAMG:  Solving for p, Initial residual = 0.036409612, Final residual = 0.00035690841, No Iterations 3
GAMG:  Solving for p, Initial residual = 0.0009276886, Final residual = 7.9113326e-06, No Iterations 4
time step continuity errors : sum local = 0.0001445969, global = 3.9357353e-05, cumulative = 0.00031714414
smoothSolver:  Solving for omega, Initial residual = 0.0014342518, Final residual = 7.7561323e-06, No Iterations 2
smoothSolver:  Solving for k, Initial residual = 0.033111272, Final residual = 0.00014402947, No Iterations 2
ExecutionTime = 30.362069 s  ClockTime = 31 s

Time = 24s

smoothSolver:  Solving for Ux, Initial residual = 0.016763073, Final residual = 0.00072089018, No Iterations 2
smoothSolver:  Solving for Uy, Initial residual = 0.048531523, Final residual = 0.0022751834, No Iterations 2
smoothSolver:  Solving for Uz, Initial residual = 0.04836097, Final residual = 0.002271766, No Iterations 2
GAMG:  Solving for p, Initial residual = 0.034870696, Final residual = 0.00013671787, No Iterations 4
GAMG:  Solving for p, Initial residual = 0.00066577286, Final residual = 6.4042164e-06, No Iterations 3
time step continuity errors : sum local = 0.00012047152, global = 2.7748175e-05, cumulative = 0.00034489231
smoothSolver:  Solving for omega, Initial residual = 0.0014066502, Final residual = 7.4169644e-06, No Iterations 2
smoothSolver:  Solving for k, Initial residual = 0.032311905, Final residual = 0.0001388038, No Iterations 2
ExecutionTime = 31.547274 s  ClockTime = 32 s

Time = 25s

smoothSolver:  Solving for Ux, Initial residual = 0.01636442, Final residual = 0.00070410627, No Iterations 2
smoothSolver:  Solving for Uy, Initial residual = 0.047234911, Final residual = 0.0022126796, No Iterations 2
smoothSolver:  Solving for Uz, Initial residual = 0.047042342, Final residual = 0.0022083719, No Iterations 2
GAMG:  Solving for p, Initial residual = 0.033415902, Final residual = 0.00013454066, No Iterations 4
GAMG:  Solving for p, Initial residual = 0.00061385818, Final residual = 5.5551506e-06, No Iterations 3
time step continuity errors : sum local = 0.00010660177, global = 2.7499248e-05, cumulative = 0.00037239156
smoothSolver:  Solving for omega, Initial residual = 0.0013809038, Final residual = 7.486348e-06, No Iterations 2
smoothSolver:  Solving for k, Initial residual = 0.03158067, Final residual = 0.00013282728, No Iterations 2
ExecutionTime = 32.810024 s  ClockTime = 33 s

Time = 26s

smoothSolver:  Solving for Ux, Initial residual = 0.015993846, Final residual = 0.00068868805, No Iterations 2
smoothSolver:  Solving for Uy, Initial residual = 0.046088307, Final residual = 0.0021558613, No Iterations 2
smoothSolver:  Solving for Uz, Initial residual = 0.045869755, Final residual = 0.002150362, No Iterations 2
GAMG:  Solving for p, Initial residual = 0.032049535, Final residual = 0.00013283408, No Iterations 4
GAMG:  Solving for p, Initial residual = 0.00056760135, Final residual = 5.1158499e-06, No Iterations 3
time step continuity errors : sum local = 0.00010012837, global = 2.2659149e-05, cumulative = 0.00039505071
smoothSolver:  Solving for omega, Initial residual = 0.0013637612, Final residual = 7.3237284e-06, No Iterations 2
smoothSolver:  Solving for k, Initial residual = 0.030958206, Final residual = 0.00012774665, No Iterations 2
ExecutionTime = 33.891758 s  ClockTime = 34 s

Time = 27s

smoothSolver:  Solving for Ux, Initial residual = 0.015649195, Final residual = 0.00067425899, No Iterations 2
smoothSolver:  Solving for Uy, Initial residual = 0.045067847, Final residual = 0.0021043862, No Iterations 2
smoothSolver:  Solving for Uz, Initial residual = 0.044824405, Final residual = 0.0020976237, No Iterations 2
GAMG:  Solving for p, Initial residual = 0.030557764, Final residual = 0.0001300921, No Iterations 4
GAMG:  Solving for p, Initial residual = 0.00052477567, Final residual = 4.8330025e-06, No Iterations 3
time step continuity errors : sum local = 9.6448195e-05, global = 1.7706525e-05, cumulative = 0.00041275723
smoothSolver:  Solving for omega, Initial residual = 0.0013502587, Final residual = 7.2973858e-06, No Iterations 2
smoothSolver:  Solving for k, Initial residual = 0.030453843, Final residual = 0.00012384346, No Iterations 2
ExecutionTime = 35.232911 s  ClockTime = 36 s

Time = 28s

smoothSolver:  Solving for Ux, Initial residual = 0.015318182, Final residual = 0.00066019143, No Iterations 2
smoothSolver:  Solving for Uy, Initial residual = 0.044164657, Final residual = 0.0020578079, No Iterations 2
smoothSolver:  Solving for Uz, Initial residual = 0.043888055, Final residual = 0.0020499708, No Iterations 2
GAMG:  Solving for p, Initial residual = 0.029310699, Final residual = 0.00012692174, No Iterations 4
GAMG:  Solving for p, Initial residual = 0.00048361577, Final residual = 4.609515e-06, No Iterations 3
time step continuity errors : sum local = 9.3784455e-05, global = 1.6070089e-05, cumulative = 0.00042882732
smoothSolver:  Solving for omega, Initial residual = 0.001341143, Final residual = 7.1555291e-06, No Iterations 2
smoothSolver:  Solving for k, Initial residual = 0.029942792, Final residual = 0.00011915283, No Iterations 2
ExecutionTime = 36.999463 s  ClockTime = 38 s

Time = 29s

smoothSolver:  Solving for Ux, Initial residual = 0.014998446, Final residual = 0.00064670753, No Iterations 2
smoothSolver:  Solving for Uy, Initial residual = 0.043383466, Final residual = 0.0020160225, No Iterations 2
smoothSolver:  Solving for Uz, Initial residual = 0.043077394, Final residual = 0.0020067062, No Iterations 2
GAMG:  Solving for p, Initial residual = 0.028092952, Final residual = 0.00012348817, No Iterations 4
GAMG:  Solving for p, Initial residual = 0.00044917552, Final residual = 4.4188395e-06, No Iterations 3
time step continuity errors : sum local = 9.1677057e-05, global = 1.5026802e-05, cumulative = 0.00044385412
smoothSolver:  Solving for omega, Initial residual = 0.001336361, Final residual = 7.0706725e-06, No Iterations 2
smoothSolver:  Solving for k, Initial residual = 0.029558917, Final residual = 0.00011568598, No Iterations 2
ExecutionTime = 38.487851 s  ClockTime = 39 s

Time = 30s

smoothSolver:  Solving for Ux, Initial residual = 0.014694235, Final residual = 0.00063388053, No Iterations 2
smoothSolver:  Solving for Uy, Initial residual = 0.042703709, Final residual = 0.0019782046, No Iterations 2
smoothSolver:  Solving for Uz, Initial residual = 0.04237512, Final residual = 0.0019676301, No Iterations 2
GAMG:  Solving for p, Initial residual = 0.027009452, Final residual = 0.00011934841, No Iterations 4
GAMG:  Solving for p, Initial residual = 0.00041656692, Final residual = 1.9236171e-06, No Iterations 4
time step continuity errors : sum local = 4.0693688e-05, global = -1.5318649e-05, cumulative = 0.00042853547
smoothSolver:  Solving for omega, Initial residual = 0.0013264025, Final residual = 6.9226382e-06, No Iterations 2
smoothSolver:  Solving for k, Initial residual = 0.029265547, Final residual = 0.00011229473, No Iterations 2
ExecutionTime = 39.829249 s  ClockTime = 40 s

Time = 31s

smoothSolver:  Solving for Ux, Initial residual = 0.014403543, Final residual = 0.00062159297, No Iterations 2
smoothSolver:  Solving for Uy, Initial residual = 0.042120106, Final residual = 0.0019446701, No Iterations 2
smoothSolver:  Solving for Uz, Initial residual = 0.041764839, Final residual = 0.0019325557, No Iterations 2
GAMG:  Solving for p, Initial residual = 0.02603956, Final residual = 0.00011447852, No Iterations 4
GAMG:  Solving for p, Initial residual = 0.00038959062, Final residual = 1.9326813e-06, No Iterations 4
time step continuity errors : sum local = 4.169192e-05, global = -1.4203231e-05, cumulative = 0.00041433224
smoothSolver:  Solving for omega, Initial residual = 0.0013242266, Final residual = 6.885576e-06, No Iterations 2
smoothSolver:  Solving for k, Initial residual = 0.028969946, Final residual = 0.00011017225, No Iterations 2
ExecutionTime = 41.162092 s  ClockTime = 42 s

Time = 32s

smoothSolver:  Solving for Ux, Initial residual = 0.014121315, Final residual = 0.00060990321, No Iterations 2
smoothSolver:  Solving for Uy, Initial residual = 0.041598072, Final residual = 0.0019139276, No Iterations 2
smoothSolver:  Solving for Uz, Initial residual = 0.041207586, Final residual = 0.0019004745, No Iterations 2
GAMG:  Solving for p, Initial residual = 0.025132971, Final residual = 0.00010809783, No Iterations 4
GAMG:  Solving for p, Initial residual = 0.00035721209, Final residual = 1.8793697e-06, No Iterations 4
time step continuity errors : sum local = 4.1335364e-05, global = -1.1928046e-05, cumulative = 0.0004024042
smoothSolver:  Solving for omega, Initial residual = 0.0013235594, Final residual = 6.8161294e-06, No Iterations 2
smoothSolver:  Solving for k, Initial residual = 0.028778646, Final residual = 0.00010758146, No Iterations 2
ExecutionTime = 42.534798 s  ClockTime = 43 s

Time = 33s

smoothSolver:  Solving for Ux, Initial residual = 0.013850475, Final residual = 0.00059881196, No Iterations 2
smoothSolver:  Solving for Uy, Initial residual = 0.041121668, Final residual = 0.0018861411, No Iterations 2
smoothSolver:  Solving for Uz, Initial residual = 0.040708545, Final residual = 0.0018714119, No Iterations 2
GAMG:  Solving for p, Initial residual = 0.024388527, Final residual = 0.00010080202, No Iterations 4
GAMG:  Solving for p, Initial residual = 0.00032963294, Final residual = 1.7184408e-06, No Iterations 4
time step continuity errors : sum local = 3.8527858e-05, global = -1.0795269e-05, cumulative = 0.00039160893
smoothSolver:  Solving for omega, Initial residual = 0.0013326946, Final residual = 6.8295895e-06, No Iterations 2
smoothSolver:  Solving for k, Initial residual = 0.028632691, Final residual = 0.00010595794, No Iterations 2
ExecutionTime = 43.742136 s  ClockTime = 44 s

Time = 34s

smoothSolver:  Solving for Ux, Initial residual = 0.013590596, Final residual = 0.00058806904, No Iterations 2
smoothSolver:  Solving for Uy, Initial residual = 0.040707084, Final residual = 0.0018605463, No Iterations 2
smoothSolver:  Solving for Uz, Initial residual = 0.040267735, Final residual = 0.001844442, No Iterations 2
GAMG:  Solving for p, Initial residual = 0.023688445, Final residual = 9.3080687e-05, No Iterations 4
GAMG:  Solving for p, Initial residual = 0.00030375035, Final residual = 1.5345258e-06, No Iterations 4
time step continuity errors : sum local = 3.5072941e-05, global = -9.6638138e-06, cumulative = 0.00038194511
smoothSolver:  Solving for omega, Initial residual = 0.0013325257, Final residual = 6.7707144e-06, No Iterations 2
smoothSolver:  Solving for k, Initial residual = 0.028504526, Final residual = 0.00010458536, No Iterations 2
ExecutionTime = 44.89839 s  ClockTime = 45 s

Time = 35s

smoothSolver:  Solving for Ux, Initial residual = 0.013336264, Final residual = 0.00057768775, No Iterations 2
smoothSolver:  Solving for Uy, Initial residual = 0.040309477, Final residual = 0.0018368683, No Iterations 2
smoothSolver:  Solving for Uz, Initial residual = 0.039855764, Final residual = 0.0018197589, No Iterations 2
GAMG:  Solving for p, Initial residual = 0.023044859, Final residual = 8.490929e-05, No Iterations 4
GAMG:  Solving for p, Initial residual = 0.00028341545, Final residual = 2.8208611e-06, No Iterations 3
time step continuity errors : sum local = 6.5712852e-05, global = 8.8369987e-06, cumulative = 0.00039078211
smoothSolver:  Solving for omega, Initial residual = 0.0013362859, Final residual = 6.7775894e-06, No Iterations 2
smoothSolver:  Solving for k, Initial residual = 0.02845897, Final residual = 0.00010385729, No Iterations 2
ExecutionTime = 46.177036 s  ClockTime = 47 s

Time = 36s

smoothSolver:  Solving for Ux, Initial residual = 0.013092092, Final residual = 0.00056763827, No Iterations 2
smoothSolver:  Solving for Uy, Initial residual = 0.039953836, Final residual = 0.001814843, No Iterations 2
smoothSolver:  Solving for Uz, Initial residual = 0.039479019, Final residual = 0.0017967473, No Iterations 2
GAMG:  Solving for p, Initial residual = 0.022438447, Final residual = 7.6518953e-05, No Iterations 4
GAMG:  Solving for p, Initial residual = 0.00026326121, Final residual = 2.3790704e-06, No Iterations 3
time step continuity errors : sum local = 5.6472652e-05, global = 5.8457512e-06, cumulative = 0.00039662786
smoothSolver:  Solving for omega, Initial residual = 0.0013373134, Final residual = 6.727265e-06, No Iterations 2
smoothSolver:  Solving for k, Initial residual = 0.028408993, Final residual = 0.00010265219, No Iterations 2
ExecutionTime = 47.367251 s  ClockTime = 48 s

Time = 37s

smoothSolver:  Solving for Ux, Initial residual = 0.012859744, Final residual = 0.0005580367, No Iterations 2
smoothSolver:  Solving for Uy, Initial residual = 0.03961905, Final residual = 0.0017943209, No Iterations 2
smoothSolver:  Solving for Uz, Initial residual = 0.039133566, Final residual = 0.0017755011, No Iterations 2
GAMG:  Solving for p, Initial residual = 0.021880358, Final residual = 0.00021688925, No Iterations 3
GAMG:  Solving for p, Initial residual = 0.00038438031, Final residual = 1.5688228e-06, No Iterations 5
time step continuity errors : sum local = 3.7810464e-05, global = 1.6387481e-05, cumulative = 0.00041301534
smoothSolver:  Solving for omega, Initial residual = 0.0013451721, Final residual = 6.7588307e-06, No Iterations 2
smoothSolver:  Solving for k, Initial residual = 0.028435483, Final residual = 0.00010205909, No Iterations 2
ExecutionTime = 48.478027 s  ClockTime = 49 s

Time = 38s

smoothSolver:  Solving for Ux, Initial residual = 0.012638825, Final residual = 0.00054886559, No Iterations 2
smoothSolver:  Solving for Uy, Initial residual = 0.039303182, Final residual = 0.001775483, No Iterations 2
smoothSolver:  Solving for Uz, Initial residual = 0.03881215, Final residual = 0.0017559993, No Iterations 2
GAMG:  Solving for p, Initial residual = 0.021430659, Final residual = 0.00021178243, No Iterations 3
GAMG:  Solving for p, Initial residual = 0.00037017107, Final residual = 1.5015769e-06, No Iterations 5
time step continuity errors : sum local = 3.6879323e-05, global = 8.0789896e-06, cumulative = 0.00042109433
smoothSolver:  Solving for omega, Initial residual = 0.0013485494, Final residual = 6.7017397e-06, No Iterations 2
smoothSolver:  Solving for k, Initial residual = 0.028490114, Final residual = 0.00010145531, No Iterations 2
ExecutionTime = 50.0199 s  ClockTime = 51 s

Time = 39s

smoothSolver:  Solving for Ux, Initial residual = 0.012428263, Final residual = 0.00054008593, No Iterations 2
smoothSolver:  Solving for Uy, Initial residual = 0.039011805, Final residual = 0.0017580428, No Iterations 2
smoothSolver:  Solving for Uz, Initial residual = 0.038511483, Final residual = 0.0017379819, No Iterations 2
GAMG:  Solving for p, Initial residual = 0.021037261, Final residual = 0.00020867204, No Iterations 3
GAMG:  Solving for p, Initial residual = 0.00036052502, Final residual = 1.2740684e-06, No Iterations 5
time step continuity errors : sum local = 3.1876659e-05, global = 5.0291825e-06, cumulative = 0.00042612352
smoothSolver:  Solving for omega, Initial residual = 0.0013545135, Final residual = 6.7195354e-06, No Iterations 2
smoothSolver:  Solving for k, Initial residual = 0.028551919, Final residual = 0.00010145992, No Iterations 2
ExecutionTime = 51.418067 s  ClockTime = 52 s

Time = 40s

smoothSolver:  Solving for Ux, Initial residual = 0.012222309, Final residual = 0.00053166555, No Iterations 2
smoothSolver:  Solving for Uy, Initial residual = 0.038720773, Final residual = 0.0017412842, No Iterations 2
smoothSolver:  Solving for Uz, Initial residual = 0.038214433, Final residual = 0.0017209529, No Iterations 2
GAMG:  Solving for p, Initial residual = 0.020725302, Final residual = 0.00020724041, No Iterations 3
GAMG:  Solving for p, Initial residual = 0.00035343425, Final residual = 3.3684501e-06, No Iterations 4
time step continuity errors : sum local = 8.5821327e-05, global = -3.9558415e-05, cumulative = 0.0003865651
smoothSolver:  Solving for omega, Initial residual = 0.001365592, Final residual = 6.800651e-06, No Iterations 2
smoothSolver:  Solving for k, Initial residual = 0.028646389, Final residual = 0.00010121683, No Iterations 2
ExecutionTime = 52.692235 s  ClockTime = 53 s

Time = 41s

smoothSolver:  Solving for Ux, Initial residual = 0.012023707, Final residual = 0.00052359005, No Iterations 2
smoothSolver:  Solving for Uy, Initial residual = 0.038452242, Final residual = 0.0017257693, No Iterations 2
smoothSolver:  Solving for Uz, Initial residual = 0.037942937, Final residual = 0.0017050812, No Iterations 2
GAMG:  Solving for p, Initial residual = 0.020454125, Final residual = 5.6839896e-05, No Iterations 4
GAMG:  Solving for p, Initial residual = 0.00020979214, Final residual = 1.5801128e-06, No Iterations 4
time step continuity errors : sum local = 4.1018514e-05, global = 2.1947408e-05, cumulative = 0.00040851251
smoothSolver:  Solving for omega, Initial residual = 0.001375984, Final residual = 6.7988082e-06, No Iterations 2
smoothSolver:  Solving for k, Initial residual = 0.028815651, Final residual = 0.00010127302, No Iterations 2
ExecutionTime = 53.993704 s  ClockTime = 55 s

Time = 42s

smoothSolver:  Solving for Ux, Initial residual = 0.011832325, Final residual = 0.00051594604, No Iterations 2
smoothSolver:  Solving for Uy, Initial residual = 0.038184046, Final residual = 0.0017113372, No Iterations 2
smoothSolver:  Solving for Uz, Initial residual = 0.037679338, Final residual = 0.0016905986, No Iterations 2
GAMG:  Solving for p, Initial residual = 0.020173233, Final residual = 5.6349689e-05, No Iterations 4
GAMG:  Solving for p, Initial residual = 0.00020527138, Final residual = 1.8024395e-06, No Iterations 4
time step continuity errors : sum local = 4.7620433e-05, global = 1.9467837e-05, cumulative = 0.00042798035
smoothSolver:  Solving for omega, Initial residual = 0.0013783916, Final residual = 6.7540763e-06, No Iterations 2
smoothSolver:  Solving for k, Initial residual = 0.028967171, Final residual = 0.0001016352, No Iterations 2
ExecutionTime = 55.245858 s  ClockTime = 56 s

Time = 43s

smoothSolver:  Solving for Ux, Initial residual = 0.011645943, Final residual = 0.0005085713, No Iterations 2
smoothSolver:  Solving for Uy, Initial residual = 0.037921148, Final residual = 0.0016978884, No Iterations 2
smoothSolver:  Solving for Uz, Initial residual = 0.037422563, Final residual = 0.001677301, No Iterations 2
GAMG:  Solving for p, Initial residual = 0.019872159, Final residual = 5.6090063e-05, No Iterations 4
GAMG:  Solving for p, Initial residual = 0.00020130937, Final residual = 1.694638e-06, No Iterations 4
time step continuity errors : sum local = 4.5548214e-05, global = 2.1037807e-05, cumulative = 0.00044901815
smoothSolver:  Solving for omega, Initial residual = 0.0013840199, Final residual = 6.7562768e-06, No Iterations 2
smoothSolver:  Solving for k, Initial residual = 0.029135266, Final residual = 0.00010213105, No Iterations 2
ExecutionTime = 56.717012 s  ClockTime = 57 s

Time = 44s

smoothSolver:  Solving for Ux, Initial residual = 0.01146407, Final residual = 0.00050145101, No Iterations 2
smoothSolver:  Solving for Uy, Initial residual = 0.037668627, Final residual = 0.0016854132, No Iterations 2
smoothSolver:  Solving for Uz, Initial residual = 0.037173745, Final residual = 0.0016649327, No Iterations 2
GAMG:  Solving for p, Initial residual = 0.019521424, Final residual = 5.6232732e-05, No Iterations 4
GAMG:  Solving for p, Initial residual = 0.00019788514, Final residual = 1.4238712e-06, No Iterations 4
time step continuity errors : sum local = 3.8925438e-05, global = 2.3203277e-05, cumulative = 0.00047222143
smoothSolver:  Solving for omega, Initial residual = 0.0013894085, Final residual = 6.747988e-06, No Iterations 2
smoothSolver:  Solving for k, Initial residual = 0.029293003, Final residual = 0.00010297216, No Iterations 2
ExecutionTime = 58.32989 s  ClockTime = 59 s

Time = 45s

smoothSolver:  Solving for Ux, Initial residual = 0.01128652, Final residual = 0.00049475644, No Iterations 2
smoothSolver:  Solving for Uy, Initial residual = 0.03740137, Final residual = 0.0016734231, No Iterations 2
smoothSolver:  Solving for Uz, Initial residual = 0.036925046, Final residual = 0.0016533762, No Iterations 2
GAMG:  Solving for p, Initial residual = 0.019191784, Final residual = 5.6480549e-05, No Iterations 4
GAMG:  Solving for p, Initial residual = 0.00019395562, Final residual = 1.3562848e-06, No Iterations 4
time step continuity errors : sum local = 3.7690083e-05, global = 2.5492413e-05, cumulative = 0.00049771384
smoothSolver:  Solving for omega, Initial residual = 0.0013968156, Final residual = 6.7708161e-06, No Iterations 2
smoothSolver:  Solving for k, Initial residual = 0.029445668, Final residual = 0.00010372193, No Iterations 2
ExecutionTime = 59.988226 s  ClockTime = 61 s

Time = 46s

smoothSolver:  Solving for Ux, Initial residual = 0.01111392, Final residual = 0.00048825372, No Iterations 2
smoothSolver:  Solving for Uy, Initial residual = 0.037147416, Final residual = 0.001662529, No Iterations 2
smoothSolver:  Solving for Uz, Initial residual = 0.036673995, Final residual = 0.0016429971, No Iterations 2
GAMG:  Solving for p, Initial residual = 0.018889263, Final residual = 5.6556685e-05, No Iterations 4
GAMG:  Solving for p, Initial residual = 0.00018927731, Final residual = 1.496405e-06, No Iterations 4
time step continuity errors : sum local = 4.2257233e-05, global = 2.1314847e-05, cumulative = 0.00051902869
smoothSolver:  Solving for omega, Initial residual = 0.0013983873, Final residual = 6.7880795e-06, No Iterations 2
smoothSolver:  Solving for k, Initial residual = 0.029567506, Final residual = 0.00010413265, No Iterations 2
ExecutionTime = 61.72081 s  ClockTime = 62 s

Time = 47s

smoothSolver:  Solving for Ux, Initial residual = 0.010944341, Final residual = 0.0004820893, No Iterations 2
smoothSolver:  Solving for Uy, Initial residual = 0.036894957, Final residual = 0.0016521452, No Iterations 2
smoothSolver:  Solving for Uz, Initial residual = 0.036439039, Final residual = 0.0016333398, No Iterations 2
GAMG:  Solving for p, Initial residual = 0.018627473, Final residual = 5.5945853e-05, No Iterations 4
GAMG:  Solving for p, Initial residual = 0.00018218149, Final residual = 1.1548738e-06, No Iterations 4
time step continuity errors : sum local = 3.3121748e-05, global = 1.0098366e-05, cumulative = 0.00052912706
smoothSolver:  Solving for omega, Initial residual = 0.0014031412, Final residual = 6.779907e-06, No Iterations 2
smoothSolver:  Solving for k, Initial residual = 0.029654587, Final residual = 0.00010574313, No Iterations 2
ExecutionTime = 63.067341 s  ClockTime = 64 s

Time = 48s

smoothSolver:  Solving for Ux, Initial residual = 0.010778852, Final residual = 0.00047616821, No Iterations 2
smoothSolver:  Solving for Uy, Initial residual = 0.036629387, Final residual = 0.0016423431, No Iterations 2
smoothSolver:  Solving for Uz, Initial residual = 0.036191664, Final residual = 0.0016242727, No Iterations 2
GAMG:  Solving for p, Initial residual = 0.018389234, Final residual = 0.00018218902, No Iterations 3
GAMG:  Solving for p, Initial residual = 0.00029509418, Final residual = 1.3330619e-06, No Iterations 5
time step continuity errors : sum local = 3.8738159e-05, global = 9.1117218e-06, cumulative = 0.00053823878
smoothSolver:  Solving for omega, Initial residual = 0.0014049103, Final residual = 6.739642e-06, No Iterations 2
smoothSolver:  Solving for k, Initial residual = 0.029745882, Final residual = 0.00010618138, No Iterations 2
ExecutionTime = 64.231146 s  ClockTime = 65 s

Time = 49s

smoothSolver:  Solving for Ux, Initial residual = 0.010618578, Final residual = 0.0004706308, No Iterations 2
smoothSolver:  Solving for Uy, Initial residual = 0.036366439, Final residual = 0.0016331997, No Iterations 2
smoothSolver:  Solving for Uz, Initial residual = 0.035939957, Final residual = 0.0016156647, No Iterations 2
GAMG:  Solving for p, Initial residual = 0.018189072, Final residual = 0.00017529662, No Iterations 3
GAMG:  Solving for p, Initial residual = 0.00028041795, Final residual = 1.082362e-06, No Iterations 5
time step continuity errors : sum local = 3.1909137e-05, global = 9.9529318e-06, cumulative = 0.00054819171
smoothSolver:  Solving for omega, Initial residual = 0.0014079736, Final residual = 6.7284871e-06, No Iterations 2
smoothSolver:  Solving for k, Initial residual = 0.029841335, Final residual = 0.00010757009, No Iterations 2
ExecutionTime = 65.506097 s  ClockTime = 66 s

Time = 50s

smoothSolver:  Solving for Ux, Initial residual = 0.010460616, Final residual = 0.00046525848, No Iterations 2
smoothSolver:  Solving for Uy, Initial residual = 0.036082983, Final residual = 0.001623685, No Iterations 2
smoothSolver:  Solving for Uz, Initial residual = 0.0356662, Final residual = 0.0016068471, No Iterations 2
GAMG:  Solving for p, Initial residual = 0.01798186, Final residual = 0.00016838893, No Iterations 3
GAMG:  Solving for p, Initial residual = 0.00026823627, Final residual = 9.9675926e-07, No Iterations 5
time step continuity errors : sum local = 2.9802625e-05, global = 8.6782063e-06, cumulative = 0.00055686992
smoothSolver:  Solving for omega, Initial residual = 0.0014066126, Final residual = 6.779213e-06, No Iterations 2
smoothSolver:  Solving for k, Initial residual = 0.029912137, Final residual = 0.00010878729, No Iterations 2
ExecutionTime = 66.886977 s  ClockTime = 67 s

Time = 51s

smoothSolver:  Solving for Ux, Initial residual = 0.010306172, Final residual = 0.00046016915, No Iterations 2
smoothSolver:  Solving for Uy, Initial residual = 0.035792953, Final residual = 0.0016145993, No Iterations 2
smoothSolver:  Solving for Uz, Initial residual = 0.035391893, Final residual = 0.0015983225, No Iterations 2
GAMG:  Solving for p, Initial residual = 0.01781891, Final residual = 0.00016221196, No Iterations 3
GAMG:  Solving for p, Initial residual = 0.00025538382, Final residual = 2.4795454e-06, No Iterations 4
time step continuity errors : sum local = 7.5148168e-05, global = 1.3160683e-05, cumulative = 0.0005700306
smoothSolver:  Solving for omega, Initial residual = 0.0014103627, Final residual = 6.7624238e-06, No Iterations 2
smoothSolver:  Solving for k, Initial residual = 0.029973193, Final residual = 0.00010960168, No Iterations 2
ExecutionTime = 68.014756 s  ClockTime = 69 s

Time = 52s

smoothSolver:  Solving for Ux, Initial residual = 0.010155242, Final residual = 0.00045528652, No Iterations 2
smoothSolver:  Solving for Uy, Initial residual = 0.035472921, Final residual = 0.0016048264, No Iterations 2
smoothSolver:  Solving for Uz, Initial residual = 0.035084727, Final residual = 0.0015892216, No Iterations 2
GAMG:  Solving for p, Initial residual = 0.017666113, Final residual = 0.00015589333, No Iterations 3
GAMG:  Solving for p, Initial residual = 0.00024428478, Final residual = 1.2841404e-06, No Iterations 5
time step continuity errors : sum local = 3.9443175e-05, global = -5.387529e-06, cumulative = 0.00056464307
smoothSolver:  Solving for omega, Initial residual = 0.0014093902, Final residual = 6.7628293e-06, No Iterations 2
smoothSolver:  Solving for k, Initial residual = 0.029928708, Final residual = 0.0001108405, No Iterations 2
ExecutionTime = 69.139802 s  ClockTime = 70 s

Time = 53s

smoothSolver:  Solving for Ux, Initial residual = 0.01000657, Final residual = 0.00045046699, No Iterations 2
smoothSolver:  Solving for Uy, Initial residual = 0.03513369, Final residual = 0.001594691, No Iterations 2
smoothSolver:  Solving for Uz, Initial residual = 0.034760502, Final residual = 0.0015797291, No Iterations 2
GAMG:  Solving for p, Initial residual = 0.01753097, Final residual = 0.0001494528, No Iterations 3
GAMG:  Solving for p, Initial residual = 0.00023128811, Final residual = 1.1097077e-06, No Iterations 5
time step continuity errors : sum local = 3.4527191e-05, global = -3.5305131e-06, cumulative = 0.00056111256
smoothSolver:  Solving for omega, Initial residual = 0.0014117124, Final residual = 6.7525851e-06, No Iterations 2
smoothSolver:  Solving for k, Initial residual = 0.029872048, Final residual = 0.00011205425, No Iterations 2
ExecutionTime = 70.507368 s  ClockTime = 71 s

Time = 54s

smoothSolver:  Solving for Ux, Initial residual = 0.0098596943, Final residual = 0.00044582297, No Iterations 2
smoothSolver:  Solving for Uy, Initial residual = 0.034756451, Final residual = 0.0015834692, No Iterations 2
smoothSolver:  Solving for Uz, Initial residual = 0.034406414, Final residual = 0.0015695029, No Iterations 2
GAMG:  Solving for p, Initial residual = 0.017385929, Final residual = 0.00014215173, No Iterations 3
GAMG:  Solving for p, Initial residual = 0.00021986643, Final residual = 8.2719456e-07, No Iterations 5
time step continuity errors : sum local = 2.6065839e-05, global = 3.0280326e-07, cumulative = 0.00056141536
smoothSolver:  Solving for omega, Initial residual = 0.0014074725, Final residual = 6.7106393e-06, No Iterations 2
smoothSolver:  Solving for k, Initial residual = 0.029803587, Final residual = 0.0001131336, No Iterations 2
ExecutionTime = 72.145921 s  ClockTime = 73 s

Time = 55s

smoothSolver:  Solving for Ux, Initial residual = 0.0097138119, Final residual = 0.00044121634, No Iterations 2
smoothSolver:  Solving for Uy, Initial residual = 0.034356984, Final residual = 0.0015714125, No Iterations 2
smoothSolver:  Solving for Uz, Initial residual = 0.034024661, Final residual = 0.0015583509, No Iterations 2
GAMG:  Solving for p, Initial residual = 0.017273908, Final residual = 0.00013500223, No Iterations 3
GAMG:  Solving for p, Initial residual = 0.00020777826, Final residual = 7.5316647e-07, No Iterations 5
time step continuity errors : sum local = 2.4024776e-05, global = 2.0057461e-07, cumulative = 0.00056161594
smoothSolver:  Solving for omega, Initial residual = 0.0014057917, Final residual = 6.7172398e-06, No Iterations 2
smoothSolver:  Solving for k, Initial residual = 0.029713528, Final residual = 0.00011385012, No Iterations 2
ExecutionTime = 73.781856 s  ClockTime = 74 s

Time = 56s

smoothSolver:  Solving for Ux, Initial residual = 0.0095689836, Final residual = 0.00043663736, No Iterations 2
smoothSolver:  Solving for Uy, Initial residual = 0.033920918, Final residual = 0.0015578659, No Iterations 2
smoothSolver:  Solving for Uz, Initial residual = 0.033617225, Final residual = 0.0015461505, No Iterations 2
GAMG:  Solving for p, Initial residual = 0.017135407, Final residual = 0.0001284473, No Iterations 3
GAMG:  Solving for p, Initial residual = 0.00019754962, Final residual = 6.381867e-07, No Iterations 5
time step continuity errors : sum local = 2.0604599e-05, global = 8.8075931e-07, cumulative = 0.00056249669
smoothSolver:  Solving for omega, Initial residual = 0.0014053547, Final residual = 6.6799013e-06, No Iterations 2
smoothSolver:  Solving for k, Initial residual = 0.029611488, Final residual = 0.00011512508, No Iterations 2
ExecutionTime = 75.175313 s  ClockTime = 76 s

Time = 57s

smoothSolver:  Solving for Ux, Initial residual = 0.0094257671, Final residual = 0.00043210871, No Iterations 2
smoothSolver:  Solving for Uy, Initial residual = 0.033454855, Final residual = 0.0015433144, No Iterations 2
smoothSolver:  Solving for Uz, Initial residual = 0.033177424, Final residual = 0.0015329758, No Iterations 2
GAMG:  Solving for p, Initial residual = 0.0170254, Final residual = 0.0001229114, No Iterations 3
GAMG:  Solving for p, Initial residual = 0.00018752311, Final residual = 5.7793021e-07, No Iterations 5
time step continuity errors : sum local = 1.8879046e-05, global = 6.7826282e-07, cumulative = 0.00056317496
smoothSolver:  Solving for omega, Initial residual = 0.0014093857, Final residual = 6.6812673e-06, No Iterations 2
smoothSolver:  Solving for k, Initial residual = 0.029530074, Final residual = 0.00011643345, No Iterations 2
ExecutionTime = 76.281298 s  ClockTime = 77 s

Time = 58s

smoothSolver:  Solving for Ux, Initial residual = 0.0092849104, Final residual = 0.00042774557, No Iterations 2
smoothSolver:  Solving for Uy, Initial residual = 0.032956292, Final residual = 0.0015271378, No Iterations 2
smoothSolver:  Solving for Uz, Initial residual = 0.032708905, Final residual = 0.0015183218, No Iterations 2
GAMG:  Solving for p, Initial residual = 0.016902474, Final residual = 0.00011821604, No Iterations 3
GAMG:  Solving for p, Initial residual = 0.00017875836, Final residual = 5.6568415e-07, No Iterations 5
time step continuity errors : sum local = 1.8691641e-05, global = 6.055046e-08, cumulative = 0.00056323551
smoothSolver:  Solving for omega, Initial residual = 0.0014111852, Final residual = 6.7049632e-06, No Iterations 2
smoothSolver:  Solving for k, Initial residual = 0.029397398, Final residual = 0.00011675846, No Iterations 2
ExecutionTime = 77.364273 s  ClockTime = 78 s

Time = 59s

smoothSolver:  Solving for Ux, Initial residual = 0.0091452557, Final residual = 0.00042335385, No Iterations 2
smoothSolver:  Solving for Uy, Initial residual = 0.032434256, Final residual = 0.0015102402, No Iterations 2
smoothSolver:  Solving for Uz, Initial residual = 0.032222895, Final residual = 0.0015030906, No Iterations 2
GAMG:  Solving for p, Initial residual = 0.01679272, Final residual = 0.00011372792, No Iterations 3
GAMG:  Solving for p, Initial residual = 0.00017000197, Final residual = 6.4309873e-07, No Iterations 5
time step continuity errors : sum local = 2.1484745e-05, global = -2.0013104e-06, cumulative = 0.0005612342
smoothSolver:  Solving for omega, Initial residual = 0.0014132075, Final residual = 6.7349733e-06, No Iterations 2
smoothSolver:  Solving for k, Initial residual = 0.029251134, Final residual = 0.00011873666, No Iterations 2
ExecutionTime = 78.470276 s  ClockTime = 79 s

Time = 60s

smoothSolver:  Solving for Ux, Initial residual = 0.0090103532, Final residual = 0.00041921812, No Iterations 2
smoothSolver:  Solving for Uy, Initial residual = 0.031885998, Final residual = 0.0014916811, No Iterations 2
smoothSolver:  Solving for Uz, Initial residual = 0.031706406, Final residual = 0.0014862036, No Iterations 2
GAMG:  Solving for p, Initial residual = 0.016690023, Final residual = 0.00011022965, No Iterations 3
GAMG:  Solving for p, Initial residual = 0.00016289912, Final residual = 7.3657902e-07, No Iterations 5
time step continuity errors : sum local = 2.4867451e-05, global = -4.7162192e-06, cumulative = 0.00055651798
smoothSolver:  Solving for omega, Initial residual = 0.0014120888, Final residual = 6.6858872e-06, No Iterations 2
smoothSolver:  Solving for k, Initial residual = 0.029116159, Final residual = 0.00011963439, No Iterations 2
ExecutionTime = 79.545327 s  ClockTime = 80 s

Time = 61s

smoothSolver:  Solving for Ux, Initial residual = 0.0088799741, Final residual = 0.00041528165, No Iterations 2
smoothSolver:  Solving for Uy, Initial residual = 0.031324765, Final residual = 0.0014727127, No Iterations 2
smoothSolver:  Solving for Uz, Initial residual = 0.031172655, Final residual = 0.0014689451, No Iterations 2
GAMG:  Solving for p, Initial residual = 0.016584156, Final residual = 0.00010709486, No Iterations 3
GAMG:  Solving for p, Initial residual = 0.00015650263, Final residual = 9.6712274e-07, No Iterations 5
time step continuity errors : sum local = 3.2974118e-05, global = -1.2809244e-05, cumulative = 0.00054370873
smoothSolver:  Solving for omega, Initial residual = 0.00141577, Final residual = 6.6566536e-06, No Iterations 2
smoothSolver:  Solving for k, Initial residual = 0.028923966, Final residual = 0.00012023522, No Iterations 2
ExecutionTime = 80.740362 s  ClockTime = 81 s

Time = 62s

smoothSolver:  Solving for Ux, Initial residual = 0.0087557058, Final residual = 0.00041143635, No Iterations 2
smoothSolver:  Solving for Uy, Initial residual = 0.030741828, Final residual = 0.0014523723, No Iterations 2
smoothSolver:  Solving for Uz, Initial residual = 0.030624105, Final residual = 0.0014502604, No Iterations 2
GAMG:  Solving for p, Initial residual = 0.01652621, Final residual = 0.00010423879, No Iterations 3
GAMG:  Solving for p, Initial residual = 0.00015152733, Final residual = 1.1027648e-06, No Iterations 5
time step continuity errors : sum local = 3.7938695e-05, global = -1.8863534e-05, cumulative = 0.0005248452
smoothSolver:  Solving for omega, Initial residual = 0.0014166042, Final residual = 6.7338809e-06, No Iterations 2
smoothSolver:  Solving for k, Initial residual = 0.028774758, Final residual = 0.00012198752, No Iterations 2
ExecutionTime = 82.071884 s  ClockTime = 83 s

Time = 63s

smoothSolver:  Solving for Ux, Initial residual = 0.0086385749, Final residual = 0.0004080941, No Iterations 2
smoothSolver:  Solving for Uy, Initial residual = 0.030152129, Final residual = 0.0014316982, No Iterations 2
smoothSolver:  Solving for Uz, Initial residual = 0.030059574, Final residual = 0.0014310779, No Iterations 2
GAMG:  Solving for p, Initial residual = 0.016452789, Final residual = 0.00010093916, No Iterations 3
GAMG:  Solving for p, Initial residual = 0.00014672047, Final residual = 1.1207417e-06, No Iterations 5
time step continuity errors : sum local = 3.8880684e-05, global = -2.0806571e-05, cumulative = 0.00050403863
smoothSolver:  Solving for omega, Initial residual = 0.0014191013, Final residual = 6.7025817e-06, No Iterations 2
smoothSolver:  Solving for k, Initial residual = 0.028601371, Final residual = 0.00012340684, No Iterations 2
ExecutionTime = 83.296345 s  ClockTime = 84 s

Time = 64s

smoothSolver:  Solving for Ux, Initial residual = 0.0085304561, Final residual = 0.00040485456, No Iterations 2
smoothSolver:  Solving for Uy, Initial residual = 0.029551509, Final residual = 0.001410019, No Iterations 2
smoothSolver:  Solving for Uz, Initial residual = 0.029488237, Final residual = 0.0014109483, No Iterations 2
GAMG:  Solving for p, Initial residual = 0.016406372, Final residual = 9.7990086e-05, No Iterations 3
GAMG:  Solving for p, Initial residual = 0.00014305662, Final residual = 1.1458676e-06, No Iterations 5
time step continuity errors : sum local = 4.0061125e-05, global = -2.1931116e-05, cumulative = 0.00048210751
smoothSolver:  Solving for omega, Initial residual = 0.0014196154, Final residual = 6.7428292e-06, No Iterations 2
smoothSolver:  Solving for k, Initial residual = 0.028404496, Final residual = 0.00012326126, No Iterations 2
ExecutionTime = 84.491449 s  ClockTime = 85 s

Time = 65s

smoothSolver:  Solving for Ux, Initial residual = 0.0084307379, Final residual = 0.00040220595, No Iterations 2
smoothSolver:  Solving for Uy, Initial residual = 0.028946027, Final residual = 0.0013881443, No Iterations 2
smoothSolver:  Solving for Uz, Initial residual = 0.028909282, Final residual = 0.0013903931, No Iterations 2
GAMG:  Solving for p, Initial residual = 0.016350114, Final residual = 9.5268711e-05, No Iterations 3
GAMG:  Solving for p, Initial residual = 0.000140033, Final residual = 1.176578e-06, No Iterations 5
time step continuity errors : sum local = 4.1428418e-05, global = -2.2914334e-05, cumulative = 0.00045919318
smoothSolver:  Solving for omega, Initial residual = 0.0014223449, Final residual = 6.7141095e-06, No Iterations 2
smoothSolver:  Solving for k, Initial residual = 0.028239999, Final residual = 0.00012568611, No Iterations 2
ExecutionTime = 85.69633 s  ClockTime = 86 s

Time = 66s

smoothSolver:  Solving for Ux, Initial residual = 0.0083402899, Final residual = 0.00039975189, No Iterations 2
smoothSolver:  Solving for Uy, Initial residual = 0.028345186, Final residual = 0.0013657472, No Iterations 2
smoothSolver:  Solving for Uz, Initial residual = 0.02833078, Final residual = 0.0013694364, No Iterations 2
GAMG:  Solving for p, Initial residual = 0.016318228, Final residual = 9.3041774e-05, No Iterations 3
GAMG:  Solving for p, Initial residual = 0.00013801506, Final residual = 1.2044871e-06, No Iterations 5
time step continuity errors : sum local = 4.2681371e-05, global = -2.3304237e-05, cumulative = 0.00043588894
smoothSolver:  Solving for omega, Initial residual = 0.0014208762, Final residual = 6.7158455e-06, No Iterations 2
smoothSolver:  Solving for k, Initial residual = 0.028045243, Final residual = 0.00012627289, No Iterations 2
ExecutionTime = 86.913924 s  ClockTime = 87 s

Time = 67s

smoothSolver:  Solving for Ux, Initial residual = 0.0082609003, Final residual = 0.00039776124, No Iterations 2
smoothSolver:  Solving for Uy, Initial residual = 0.027750553, Final residual = 0.0013432425, No Iterations 2
smoothSolver:  Solving for Uz, Initial residual = 0.027757754, Final residual = 0.0013481337, No Iterations 2
GAMG:  Solving for p, Initial residual = 0.016277681, Final residual = 9.094886e-05, No Iterations 3
GAMG:  Solving for p, Initial residual = 0.0001363932, Final residual = 1.2322451e-06, No Iterations 5
time step continuity errors : sum local = 4.3911962e-05, global = -2.3767761e-05, cumulative = 0.00041212118
smoothSolver:  Solving for omega, Initial residual = 0.0014213883, Final residual = 6.7052324e-06, No Iterations 2
smoothSolver:  Solving for k, Initial residual = 0.027872952, Final residual = 0.00012685467, No Iterations 2
ExecutionTime = 88.175708 s  ClockTime = 89 s

Time = 68s

smoothSolver:  Solving for Ux, Initial residual = 0.0081913074, Final residual = 0.00039621447, No Iterations 2
smoothSolver:  Solving for Uy, Initial residual = 0.027158537, Final residual = 0.0013207335, No Iterations 2
smoothSolver:  Solving for Uz, Initial residual = 0.027185358, Final residual = 0.0013270719, No Iterations 2
GAMG:  Solving for p, Initial residual = 0.016248607, Final residual = 8.8434609e-05, No Iterations 3
GAMG:  Solving for p, Initial residual = 0.0001346572, Final residual = 1.2278246e-06, No Iterations 5
time step continuity errors : sum local = 4.3970198e-05, global = -2.3655241e-05, cumulative = 0.00038846594
smoothSolver:  Solving for omega, Initial residual = 0.0014226434, Final residual = 6.6777112e-06, No Iterations 2
smoothSolver:  Solving for k, Initial residual = 0.027685726, Final residual = 0.00012941606, No Iterations 2
ExecutionTime = 89.398948 s  ClockTime = 90 s

Time = 69s

smoothSolver:  Solving for Ux, Initial residual = 0.008132242, Final residual = 0.00039499339, No Iterations 2
smoothSolver:  Solving for Uy, Initial residual = 0.026588694, Final residual = 0.0012985118, No Iterations 2
smoothSolver:  Solving for Uz, Initial residual = 0.026631221, Final residual = 0.0013060345, No Iterations 2
GAMG:  Solving for p, Initial residual = 0.016218203, Final residual = 8.6186884e-05, No Iterations 3
GAMG:  Solving for p, Initial residual = 0.00013337163, Final residual = 1.1130483e-06, No Iterations 5
time step continuity errors : sum local = 4.0025105e-05, global = -2.072696e-05, cumulative = 0.00036773898
smoothSolver:  Solving for omega, Initial residual = 0.0014261972, Final residual = 6.716583e-06, No Iterations 2
smoothSolver:  Solving for k, Initial residual = 0.027482933, Final residual = 0.000129611, No Iterations 2
ExecutionTime = 90.666487 s  ClockTime = 91 s

Time = 70s

smoothSolver:  Solving for Ux, Initial residual = 0.008088228, Final residual = 0.00039436077, No Iterations 2
smoothSolver:  Solving for Uy, Initial residual = 0.026029903, Final residual = 0.0012765459, No Iterations 2
smoothSolver:  Solving for Uz, Initial residual = 0.026087186, Final residual = 0.001285478, No Iterations 2
GAMG:  Solving for p, Initial residual = 0.016179154, Final residual = 8.4581205e-05, No Iterations 3
GAMG:  Solving for p, Initial residual = 0.00013313091, Final residual = 1.0104903e-06, No Iterations 5
time step continuity errors : sum local = 3.6457321e-05, global = -1.8135321e-05, cumulative = 0.00034960366
smoothSolver:  Solving for omega, Initial residual = 0.0014273585, Final residual = 6.6985511e-06, No Iterations 2
smoothSolver:  Solving for k, Initial residual = 0.027306842, Final residual = 0.00013099716, No Iterations 2
ExecutionTime = 92.309407 s  ClockTime = 93 s

Time = 71s

smoothSolver:  Solving for Ux, Initial residual = 0.008059018, Final residual = 0.00039431594, No Iterations 2
smoothSolver:  Solving for Uy, Initial residual = 0.025491151, Final residual = 0.0012553959, No Iterations 2
smoothSolver:  Solving for Uz, Initial residual = 0.025567441, Final residual = 0.0012656372, No Iterations 2
GAMG:  Solving for p, Initial residual = 0.016168734, Final residual = 8.3878253e-05, No Iterations 3
GAMG:  Solving for p, Initial residual = 0.00013390105, Final residual = 1.3267932e-06, No Iterations 4
time step continuity errors : sum local = 4.7986435e-05, global = 2.1155395e-05, cumulative = 0.00037075905
smoothSolver:  Solving for omega, Initial residual = 0.0014286977, Final residual = 6.7580964e-06, No Iterations 2
smoothSolver:  Solving for k, Initial residual = 0.027127947, Final residual = 0.00013224621, No Iterations 2
ExecutionTime = 93.856321 s  ClockTime = 94 s

Time = 72s

smoothSolver:  Solving for Ux, Initial residual = 0.0080435705, Final residual = 0.00039493406, No Iterations 2
smoothSolver:  Solving for Uy, Initial residual = 0.024979415, Final residual = 0.0012351692, No Iterations 2
smoothSolver:  Solving for Uz, Initial residual = 0.02508243, Final residual = 0.0012464752, No Iterations 2
GAMG:  Solving for p, Initial residual = 0.01616855, Final residual = 8.4078374e-05, No Iterations 3
GAMG:  Solving for p, Initial residual = 0.00013591469, Final residual = 1.327849e-06, No Iterations 4
time step continuity errors : sum local = 4.8089316e-05, global = 1.6682887e-05, cumulative = 0.00038744194
smoothSolver:  Solving for omega, Initial residual = 0.0014304388, Final residual = 6.7088432e-06, No Iterations 2
smoothSolver:  Solving for k, Initial residual = 0.026967509, Final residual = 0.00013289257, No Iterations 2
ExecutionTime = 95.454912 s  ClockTime = 96 s

Time = 73s

smoothSolver:  Solving for Ux, Initial residual = 0.0080486155, Final residual = 0.00039644248, No Iterations 2
smoothSolver:  Solving for Uy, Initial residual = 0.024501989, Final residual = 0.0012160168, No Iterations 2
smoothSolver:  Solving for Uz, Initial residual = 0.024608101, Final residual = 0.0012283496, No Iterations 2
GAMG:  Solving for p, Initial residual = 0.016149723, Final residual = 8.4269908e-05, No Iterations 3
GAMG:  Solving for p, Initial residual = 0.00013802761, Final residual = 1.3521344e-06, No Iterations 4
time step continuity errors : sum local = 4.9006629e-05, global = 1.1842581e-05, cumulative = 0.00039928452
smoothSolver:  Solving for omega, Initial residual = 0.0014327526, Final residual = 6.7348939e-06, No Iterations 2
smoothSolver:  Solving for k, Initial residual = 0.026814674, Final residual = 0.0001337866, No Iterations 2
ExecutionTime = 97.213561 s  ClockTime = 98 s

Time = 74s

smoothSolver:  Solving for Ux, Initial residual = 0.0080748207, Final residual = 0.00039881569, No Iterations 2
smoothSolver:  Solving for Uy, Initial residual = 0.024059772, Final residual = 0.0011982213, No Iterations 2
smoothSolver:  Solving for Uz, Initial residual = 0.024181023, Final residual = 0.00029116402, No Iterations 3
GAMG:  Solving for p, Initial residual = 0.016243686, Final residual = 8.6594985e-05, No Iterations 3
GAMG:  Solving for p, Initial residual = 0.00014292065, Final residual = 1.3780747e-06, No Iterations 4
time step continuity errors : sum local = 4.9951477e-05, global = 1.3410375e-05, cumulative = 0.0004126949
smoothSolver:  Solving for omega, Initial residual = 0.0014353927, Final residual = 6.7308706e-06, No Iterations 2
smoothSolver:  Solving for k, Initial residual = 0.026654173, Final residual = 0.00013531926, No Iterations 2
ExecutionTime = 98.800794 s  ClockTime = 99 s

Time = 75s

smoothSolver:  Solving for Ux, Initial residual = 0.0081401365, Final residual = 0.00040321816, No Iterations 2
smoothSolver:  Solving for Uy, Initial residual = 0.023656475, Final residual = 0.0011818752, No Iterations 2
smoothSolver:  Solving for Uz, Initial residual = 0.023579422, Final residual = 0.00028484521, No Iterations 3
GAMG:  Solving for p, Initial residual = 0.016298538, Final residual = 8.6409203e-05, No Iterations 3
GAMG:  Solving for p, Initial residual = 0.00014541442, Final residual = 1.3696379e-06, No Iterations 4
time step continuity errors : sum local = 4.9613223e-05, global = 7.0110522e-06, cumulative = 0.00041970595
smoothSolver:  Solving for omega, Initial residual = 0.0014358839, Final residual = 6.7832298e-06, No Iterations 2
smoothSolver:  Solving for k, Initial residual = 0.026544409, Final residual = 0.00013627133, No Iterations 2
ExecutionTime = 100.28978 s  ClockTime = 101 s

Time = 76s

smoothSolver:  Solving for Ux, Initial residual = 0.0081920115, Final residual = 0.00040674634, No Iterations 2
smoothSolver:  Solving for Uy, Initial residual = 0.023301446, Final residual = 0.00028043659, No Iterations 3
smoothSolver:  Solving for Uz, Initial residual = 0.023164838, Final residual = 0.00028116321, No Iterations 3
GAMG:  Solving for p, Initial residual = 0.016371202, Final residual = 8.7916444e-05, No Iterations 3
GAMG:  Solving for p, Initial residual = 0.00015046616, Final residual = 1.0777632e-06, No Iterations 4
time step continuity errors : sum local = 3.9013657e-05, global = -3.3837283e-06, cumulative = 0.00041632222
smoothSolver:  Solving for omega, Initial residual = 0.0014417128, Final residual = 6.8154595e-06, No Iterations 2
smoothSolver:  Solving for k, Initial residual = 0.026415146, Final residual = 0.00013823603, No Iterations 2
ExecutionTime = 101.72485 s  ClockTime = 102 s

Time = 77s

smoothSolver:  Solving for Ux, Initial residual = 0.0082769466, Final residual = 0.00041174366, No Iterations 2
smoothSolver:  Solving for Uy, Initial residual = 0.022796585, Final residual = 0.00027502819, No Iterations 3
smoothSolver:  Solving for Uz, Initial residual = 0.022821028, Final residual = 0.00027810561, No Iterations 3
GAMG:  Solving for p, Initial residual = 0.016395003, Final residual = 8.8924631e-05, No Iterations 3
GAMG:  Solving for p, Initial residual = 0.00015509752, Final residual = 1.2705888e-06, No Iterations 4
time step continuity errors : sum local = 4.594714e-05, global = -6.3009409e-06, cumulative = 0.00041002128
smoothSolver:  Solving for omega, Initial residual = 0.0014487261, Final residual = 6.8439816e-06, No Iterations 2
smoothSolver:  Solving for k, Initial residual = 0.026331493, Final residual = 0.00013939013, No Iterations 2
ExecutionTime = 103.10564 s  ClockTime = 104 s

Time = 78s

smoothSolver:  Solving for Ux, Initial residual = 0.0083450327, Final residual = 0.00041570794, No Iterations 2
smoothSolver:  Solving for Uy, Initial residual = 0.022471077, Final residual = 0.00027238159, No Iterations 3
smoothSolver:  Solving for Uz, Initial residual = 0.022513036, Final residual = 0.00027575366, No Iterations 3
GAMG:  Solving for p, Initial residual = 0.016442328, Final residual = 9.0147648e-05, No Iterations 3
GAMG:  Solving for p, Initial residual = 0.00016035008, Final residual = 1.5488632e-06, No Iterations 4
time step continuity errors : sum local = 5.5947422e-05, global = 7.3402304e-06, cumulative = 0.00041736151
smoothSolver:  Solving for omega, Initial residual = 0.0014530457, Final residual = 6.8223527e-06, No Iterations 2
smoothSolver:  Solving for k, Initial residual = 0.026231385, Final residual = 0.00014123192, No Iterations 2
ExecutionTime = 104.42695 s  ClockTime = 105 s

Time = 79s

smoothSolver:  Solving for Ux, Initial residual = 0.008409387, Final residual = 0.00041964802, No Iterations 2
smoothSolver:  Solving for Uy, Initial residual = 0.022221035, Final residual = 0.00027067127, No Iterations 3
smoothSolver:  Solving for Uz, Initial residual = 0.022262973, Final residual = 0.00027391885, No Iterations 3
GAMG:  Solving for p, Initial residual = 0.016516869, Final residual = 9.1198368e-05, No Iterations 3
GAMG:  Solving for p, Initial residual = 0.00016571306, Final residual = 8.199032e-07, No Iterations 5
time step continuity errors : sum local = 2.9571236e-05, global = -1.0712506e-05, cumulative = 0.000406649
smoothSolver:  Solving for omega, Initial residual = 0.0014591962, Final residual = 6.8909355e-06, No Iterations 2
smoothSolver:  Solving for k, Initial residual = 0.026159284, Final residual = 0.00014296615, No Iterations 2
ExecutionTime = 106.06677 s  ClockTime = 107 s

Time = 80s

smoothSolver:  Solving for Ux, Initial residual = 0.0084754111, Final residual = 0.00042357092, No Iterations 2
smoothSolver:  Solving for Uy, Initial residual = 0.022013493, Final residual = 0.00026948693, No Iterations 3
smoothSolver:  Solving for Uz, Initial residual = 0.02205247, Final residual = 0.00027256036, No Iterations 3
GAMG:  Solving for p, Initial residual = 0.016579452, Final residual = 9.2093891e-05, No Iterations 3
GAMG:  Solving for p, Initial residual = 0.00017139376, Final residual = 9.0537072e-07, No Iterations 5
time step continuity errors : sum local = 3.2563685e-05, global = -1.0897234e-05, cumulative = 0.00039575177
smoothSolver:  Solving for omega, Initial residual = 0.0014682955, Final residual = 6.8813367e-06, No Iterations 2
smoothSolver:  Solving for k, Initial residual = 0.026085464, Final residual = 0.00014469793, No Iterations 2
ExecutionTime = 107.76919 s  ClockTime = 108 s

Time = 81s

smoothSolver:  Solving for Ux, Initial residual = 0.0085439114, Final residual = 0.00010394225, No Iterations 3
smoothSolver:  Solving for Uy, Initial residual = 0.021851175, Final residual = 0.00026891009, No Iterations 3
smoothSolver:  Solving for Uz, Initial residual = 0.021884213, Final residual = 0.00027180151, No Iterations 3
GAMG:  Solving for p, Initial residual = 0.016944966, Final residual = 9.8205243e-05, No Iterations 3
GAMG:  Solving for p, Initial residual = 0.00018417498, Final residual = 8.8547317e-07, No Iterations 5
time step continuity errors : sum local = 3.1695835e-05, global = -1.0854816e-05, cumulative = 0.00038489695
smoothSolver:  Solving for omega, Initial residual = 0.001478961, Final residual = 6.9299466e-06, No Iterations 2
smoothSolver:  Solving for k, Initial residual = 0.026035073, Final residual = 0.00014646962, No Iterations 2
ExecutionTime = 109.27914 s  ClockTime = 110 s

Time = 82s

smoothSolver:  Solving for Ux, Initial residual = 0.0085512687, Final residual = 0.00010399448, No Iterations 3
smoothSolver:  Solving for Uy, Initial residual = 0.021914825, Final residual = 0.00027172512, No Iterations 3
smoothSolver:  Solving for Uz, Initial residual = 0.02193378, Final residual = 0.00027423425, No Iterations 3
GAMG:  Solving for p, Initial residual = 0.016977377, Final residual = 9.5103319e-05, No Iterations 3
GAMG:  Solving for p, Initial residual = 0.00018670025, Final residual = 1.7144755e-06, No Iterations 4
time step continuity errors : sum local = 6.0996158e-05, global = -5.3576843e-06, cumulative = 0.00037953927
smoothSolver:  Solving for omega, Initial residual = 0.0014861389, Final residual = 6.9759675e-06, No Iterations 2
smoothSolver:  Solving for k, Initial residual = 0.026005053, Final residual = 0.00014821692, No Iterations 2
ExecutionTime = 110.48362 s  ClockTime = 111 s

Time = 83s

smoothSolver:  Solving for Ux, Initial residual = 0.0086025575, Final residual = 0.00010486826, No Iterations 3
smoothSolver:  Solving for Uy, Initial residual = 0.021875161, Final residual = 0.00027279596, No Iterations 3
smoothSolver:  Solving for Uz, Initial residual = 0.021881794, Final residual = 0.00027491497, No Iterations 3
GAMG:  Solving for p, Initial residual = 0.01711756, Final residual = 9.636184e-05, No Iterations 3
GAMG:  Solving for p, Initial residual = 0.00019442556, Final residual = 1.4516531e-06, No Iterations 5
time step continuity errors : sum local = 5.1247307e-05, global = 2.1290434e-05, cumulative = 0.0004008297
smoothSolver:  Solving for omega, Initial residual = 0.0014954933, Final residual = 7.0196968e-06, No Iterations 2
smoothSolver:  Solving for k, Initial residual = 0.02595839, Final residual = 0.00015068978, No Iterations 2
ExecutionTime = 111.98967 s  ClockTime = 113 s

Time = 84s

smoothSolver:  Solving for Ux, Initial residual = 0.0086581663, Final residual = 0.00010577842, No Iterations 3
smoothSolver:  Solving for Uy, Initial residual = 0.021849834, Final residual = 0.00027410445, No Iterations 3
smoothSolver:  Solving for Uz, Initial residual = 0.02184168, Final residual = 0.00027576031, No Iterations 3
GAMG:  Solving for p, Initial residual = 0.017307883, Final residual = 9.8345069e-05, No Iterations 3
GAMG:  Solving for p, Initial residual = 0.00020381467, Final residual = 1.4507648e-06, No Iterations 5
time step continuity errors : sum local = 5.0767233e-05, global = 2.1182019e-05, cumulative = 0.00042201172
smoothSolver:  Solving for omega, Initial residual = 0.0015026982, Final residual = 7.0743859e-06, No Iterations 2
smoothSolver:  Solving for k, Initial residual = 0.025948986, Final residual = 0.00015322496, No Iterations 2
ExecutionTime = 113.24147 s  ClockTime = 114 s

Time = 85s

smoothSolver:  Solving for Ux, Initial residual = 0.0087103625, Final residual = 0.00010665299, No Iterations 3
smoothSolver:  Solving for Uy, Initial residual = 0.0218692, Final residual = 0.00027582939, No Iterations 3
smoothSolver:  Solving for Uz, Initial residual = 0.021834717, Final residual = 0.00027705776, No Iterations 3
GAMG:  Solving for p, Initial residual = 0.017578234, Final residual = 0.00010038075, No Iterations 3
GAMG:  Solving for p, Initial residual = 0.00021402333, Final residual = 1.4356777e-06, No Iterations 5
time step continuity errors : sum local = 4.9755322e-05, global = 2.020587e-05, cumulative = 0.00044221759
smoothSolver:  Solving for omega, Initial residual = 0.0015141073, Final residual = 7.1125599e-06, No Iterations 2
smoothSolver:  Solving for k, Initial residual = 0.025937725, Final residual = 0.000156208, No Iterations 2
ExecutionTime = 114.66148 s  ClockTime = 115 s

Time = 86s

smoothSolver:  Solving for Ux, Initial residual = 0.0087567349, Final residual = 0.00010749298, No Iterations 3
smoothSolver:  Solving for Uy, Initial residual = 0.021917234, Final residual = 0.00027791052, No Iterations 3
smoothSolver:  Solving for Uz, Initial residual = 0.02185102, Final residual = 0.00027857054, No Iterations 3
GAMG:  Solving for p, Initial residual = 0.01784272, Final residual = 0.00010249671, No Iterations 3
GAMG:  Solving for p, Initial residual = 0.00022528669, Final residual = 1.4132239e-06, No Iterations 5
time step continuity errors : sum local = 4.8482015e-05, global = 1.9511338e-05, cumulative = 0.00046172893
smoothSolver:  Solving for omega, Initial residual = 0.0015182804, Final residual = 7.1393766e-06, No Iterations 2
smoothSolver:  Solving for k, Initial residual = 0.025924714, Final residual = 0.00015910709, No Iterations 2
ExecutionTime = 116.31844 s  ClockTime = 117 s

Time = 87s

smoothSolver:  Solving for Ux, Initial residual = 0.0087992238, Final residual = 0.00010830287, No Iterations 3
smoothSolver:  Solving for Uy, Initial residual = 0.021979182, Final residual = 0.00028018884, No Iterations 3
smoothSolver:  Solving for Uz, Initial residual = 0.021892554, Final residual = 0.00028034903, No Iterations 3
GAMG:  Solving for p, Initial residual = 0.018023978, Final residual = 0.00010427702, No Iterations 3
GAMG:  Solving for p, Initial residual = 0.00023645991, Final residual = 1.3869994e-06, No Iterations 5
time step continuity errors : sum local = 4.7122644e-05, global = 1.8800917e-05, cumulative = 0.00048052985
smoothSolver:  Solving for omega, Initial residual = 0.0015218153, Final residual = 7.2001352e-06, No Iterations 2
smoothSolver:  Solving for k, Initial residual = 0.025938588, Final residual = 0.00016265358, No Iterations 2
ExecutionTime = 117.88704 s  ClockTime = 118 s

Time = 88s

smoothSolver:  Solving for Ux, Initial residual = 0.0088357431, Final residual = 0.00010904606, No Iterations 3
smoothSolver:  Solving for Uy, Initial residual = 0.022047745, Final residual = 0.00028251324, No Iterations 3
smoothSolver:  Solving for Uz, Initial residual = 0.021956471, Final residual = 0.00028221539, No Iterations 3
GAMG:  Solving for p, Initial residual = 0.018225627, Final residual = 0.00010587247, No Iterations 3
GAMG:  Solving for p, Initial residual = 0.00024809066, Final residual = 2.3606085e-06, No Iterations 4
time step continuity errors : sum local = 7.9490356e-05, global = -1.9379497e-05, cumulative = 0.00046115035
smoothSolver:  Solving for omega, Initial residual = 0.0015255967, Final residual = 7.2350212e-06, No Iterations 2
smoothSolver:  Solving for k, Initial residual = 0.0259313, Final residual = 0.00016609077, No Iterations 2
ExecutionTime = 119.13096 s  ClockTime = 120 s

Time = 89s

smoothSolver:  Solving for Ux, Initial residual = 0.0088660581, Final residual = 0.00010974811, No Iterations 3
smoothSolver:  Solving for Uy, Initial residual = 0.022118069, Final residual = 0.00028483137, No Iterations 3
smoothSolver:  Solving for Uz, Initial residual = 0.022009448, Final residual = 0.00028406834, No Iterations 3
GAMG:  Solving for p, Initial residual = 0.018440846, Final residual = 0.0001070614, No Iterations 3
GAMG:  Solving for p, Initial residual = 0.00025937121, Final residual = 1.8386057e-06, No Iterations 4
time step continuity errors : sum local = 6.1420733e-05, global = -1.2098013e-05, cumulative = 0.00044905234
smoothSolver:  Solving for omega, Initial residual = 0.0015294654, Final residual = 7.2411551e-06, No Iterations 2
smoothSolver:  Solving for k, Initial residual = 0.025943981, Final residual = 0.00017000704, No Iterations 2
ExecutionTime = 120.29269 s  ClockTime = 121 s

Time = 90s

smoothSolver:  Solving for Ux, Initial residual = 0.0088883017, Final residual = 0.00011039893, No Iterations 3
smoothSolver:  Solving for Uy, Initial residual = 0.022191006, Final residual = 0.00028697722, No Iterations 3
smoothSolver:  Solving for Uz, Initial residual = 0.022070406, Final residual = 0.00028575689, No Iterations 3
GAMG:  Solving for p, Initial residual = 0.018612096, Final residual = 0.0001074539, No Iterations 3
GAMG:  Solving for p, Initial residual = 0.00026964622, Final residual = 1.8743375e-06, No Iterations 4
time step continuity errors : sum local = 6.2173391e-05, global = -1.3530749e-05, cumulative = 0.00043552159
smoothSolver:  Solving for omega, Initial residual = 0.0015290117, Final residual = 7.2978617e-06, No Iterations 2
smoothSolver:  Solving for k, Initial residual = 0.0259489, Final residual = 0.00017376941, No Iterations 2
ExecutionTime = 121.64839 s  ClockTime = 122 s

Time = 91s

smoothSolver:  Solving for Ux, Initial residual = 0.008901185, Final residual = 0.00011101647, No Iterations 3
smoothSolver:  Solving for Uy, Initial residual = 0.022262737, Final residual = 0.00028892649, No Iterations 3
smoothSolver:  Solving for Uz, Initial residual = 0.022132762, Final residual = 0.00028731273, No Iterations 3
GAMG:  Solving for p, Initial residual = 0.018746182, Final residual = 0.00010733947, No Iterations 3
GAMG:  Solving for p, Initial residual = 0.00027917635, Final residual = 2.1169917e-06, No Iterations 4
time step continuity errors : sum local = 6.978327e-05, global = -1.7697597e-05, cumulative = 0.00041782399
smoothSolver:  Solving for omega, Initial residual = 0.0015309591, Final residual = 7.3664366e-06, No Iterations 2
smoothSolver:  Solving for k, Initial residual = 0.025936913, Final residual = 0.00017771416, No Iterations 2
ExecutionTime = 123.2096 s  ClockTime = 124 s

Time = 92s

smoothSolver:  Solving for Ux, Initial residual = 0.0089044846, Final residual = 0.00011160318, No Iterations 3
smoothSolver:  Solving for Uy, Initial residual = 0.022307004, Final residual = 0.0002905414, No Iterations 3
smoothSolver:  Solving for Uz, Initial residual = 0.022173539, Final residual = 0.0002885697, No Iterations 3
GAMG:  Solving for p, Initial residual = 0.01895211, Final residual = 0.00010713235, No Iterations 3
GAMG:  Solving for p, Initial residual = 0.00028843589, Final residual = 2.4482321e-06, No Iterations 4
time step continuity errors : sum local = 8.0270776e-05, global = -2.3173841e-05, cumulative = 0.00039465015
smoothSolver:  Solving for omega, Initial residual = 0.0015307333, Final residual = 7.4543898e-06, No Iterations 2
smoothSolver:  Solving for k, Initial residual = 0.02593162, Final residual = 0.00018242184, No Iterations 2
ExecutionTime = 124.7069 s  ClockTime = 125 s

Time = 93s

smoothSolver:  Solving for Ux, Initial residual = 0.0088983508, Final residual = 0.00011218397, No Iterations 3
smoothSolver:  Solving for Uy, Initial residual = 0.022329404, Final residual = 0.00029169392, No Iterations 3
smoothSolver:  Solving for Uz, Initial residual = 0.022193545, Final residual = 0.00028945537, No Iterations 3
GAMG:  Solving for p, Initial residual = 0.019193405, Final residual = 0.00010689609, No Iterations 3
GAMG:  Solving for p, Initial residual = 0.00029740483, Final residual = 2.7113158e-06, No Iterations 4
time step continuity errors : sum local = 8.8436293e-05, global = -2.8766128e-05, cumulative = 0.00036588402
smoothSolver:  Solving for omega, Initial residual = 0.0015310046, Final residual = 7.4571406e-06, No Iterations 2
smoothSolver:  Solving for k, Initial residual = 0.025893079, Final residual = 0.00018656232, No Iterations 2
ExecutionTime = 126.17797 s  ClockTime = 127 s

Time = 94s

smoothSolver:  Solving for Ux, Initial residual = 0.0088859258, Final residual = 0.0001127939, No Iterations 3
smoothSolver:  Solving for Uy, Initial residual = 0.022325823, Final residual = 0.00029241036, No Iterations 3
smoothSolver:  Solving for Uz, Initial residual = 0.022182346, Final residual = 0.00028990272, No Iterations 3
GAMG:  Solving for p, Initial residual = 0.019506466, Final residual = 0.00010703747, No Iterations 3
GAMG:  Solving for p, Initial residual = 0.00030708254, Final residual = 2.8098687e-06, No Iterations 4
time step continuity errors : sum local = 9.0992727e-05, global = -3.426366e-05, cumulative = 0.00033162036
smoothSolver:  Solving for omega, Initial residual = 0.001525769, Final residual = 7.4880615e-06, No Iterations 2
smoothSolver:  Solving for k, Initial residual = 0.025851891, Final residual = 0.000191437, No Iterations 2
ExecutionTime = 127.40603 s  ClockTime = 128 s

Time = 95s

smoothSolver:  Solving for Ux, Initial residual = 0.0088671309, Final residual = 0.00011344711, No Iterations 3
smoothSolver:  Solving for Uy, Initial residual = 0.022291744, Final residual = 0.00029292129, No Iterations 3
smoothSolver:  Solving for Uz, Initial residual = 0.022140623, Final residual = 0.00029009695, No Iterations 3
GAMG:  Solving for p, Initial residual = 0.01985373, Final residual = 0.00010791067, No Iterations 3
GAMG:  Solving for p, Initial residual = 0.0003169054, Final residual = 2.2969628e-06, No Iterations 4
time step continuity errors : sum local = 7.3764586e-05, global = -2.9001563e-05, cumulative = 0.0003026188
smoothSolver:  Solving for omega, Initial residual = 0.0015236171, Final residual = 7.5613406e-06, No Iterations 2
smoothSolver:  Solving for k, Initial residual = 0.025806023, Final residual = 0.00019584712, No Iterations 2
ExecutionTime = 128.59184 s  ClockTime = 129 s

Time = 96s

smoothSolver:  Solving for Ux, Initial residual = 0.0088488823, Final residual = 0.00011419212, No Iterations 3
smoothSolver:  Solving for Uy, Initial residual = 0.022237322, Final residual = 0.00029316992, No Iterations 3
smoothSolver:  Solving for Uz, Initial residual = 0.02207609, Final residual = 0.00028997297, No Iterations 3
GAMG:  Solving for p, Initial residual = 0.020202898, Final residual = 0.00010918065, No Iterations 3
GAMG:  Solving for p, Initial residual = 0.0003262983, Final residual = 2.0610127e-06, No Iterations 4
time step continuity errors : sum local = 6.5698522e-05, global = 1.3564426e-05, cumulative = 0.00031618322
smoothSolver:  Solving for omega, Initial residual = 0.0015186242, Final residual = 7.5451434e-06, No Iterations 2
smoothSolver:  Solving for k, Initial residual = 0.025735466, Final residual = 0.00020077243, No Iterations 2
ExecutionTime = 129.93698 s  ClockTime = 131 s

Time = 97s

smoothSolver:  Solving for Ux, Initial residual = 0.0088322674, Final residual = 0.00011503343, No Iterations 3
smoothSolver:  Solving for Uy, Initial residual = 0.022159553, Final residual = 0.00029311766, No Iterations 3
smoothSolver:  Solving for Uz, Initial residual = 0.021988848, Final residual = 0.00028954411, No Iterations 3
GAMG:  Solving for p, Initial residual = 0.020559642, Final residual = 0.00011029516, No Iterations 3
GAMG:  Solving for p, Initial residual = 0.00033728203, Final residual = 2.0246162e-06, No Iterations 4
time step continuity errors : sum local = 6.4018973e-05, global = 9.836089e-06, cumulative = 0.00032601931
smoothSolver:  Solving for omega, Initial residual = 0.0015161458, Final residual = 7.6078927e-06, No Iterations 2
smoothSolver:  Solving for k, Initial residual = 0.025627705, Final residual = 0.00020468993, No Iterations 2
ExecutionTime = 131.4734 s  ClockTime = 132 s

Time = 98s

smoothSolver:  Solving for Ux, Initial residual = 0.0088180486, Final residual = 0.0001159325, No Iterations 3
smoothSolver:  Solving for Uy, Initial residual = 0.022071143, Final residual = 0.00029306098, No Iterations 3
smoothSolver:  Solving for Uz, Initial residual = 0.021886673, Final residual = 0.00028906512, No Iterations 3
GAMG:  Solving for p, Initial residual = 0.020912258, Final residual = 0.00011156142, No Iterations 3
GAMG:  Solving for p, Initial residual = 0.00034869663, Final residual = 1.7129973e-06, No Iterations 4
time step continuity errors : sum local = 5.3793469e-05, global = -6.824443e-06, cumulative = 0.00031919487
smoothSolver:  Solving for omega, Initial residual = 0.0015104525, Final residual = 7.6233857e-06, No Iterations 2
smoothSolver:  Solving for k, Initial residual = 0.025521691, Final residual = 0.00020901648, No Iterations 2
ExecutionTime = 132.78359 s  ClockTime = 133 s

Time = 99s

smoothSolver:  Solving for Ux, Initial residual = 0.008805479, Final residual = 0.00011688087, No Iterations 3
smoothSolver:  Solving for Uy, Initial residual = 0.021972194, Final residual = 0.00029291826, No Iterations 3
smoothSolver:  Solving for Uz, Initial residual = 0.021779901, Final residual = 0.00028850156, No Iterations 3
GAMG:  Solving for p, Initial residual = 0.021286293, Final residual = 0.00011299767, No Iterations 3
GAMG:  Solving for p, Initial residual = 0.00036044988, Final residual = 1.6733257e-06, No Iterations 4
time step continuity errors : sum local = 5.2222844e-05, global = -1.1148605e-06, cumulative = 0.00031808001
smoothSolver:  Solving for omega, Initial residual = 0.0015112404, Final residual = 7.7065234e-06, No Iterations 2
smoothSolver:  Solving for k, Initial residual = 0.025375045, Final residual = 0.00021326343, No Iterations 2
ExecutionTime = 133.97757 s  ClockTime = 135 s

Time = 100s

smoothSolver:  Solving for Ux, Initial residual = 0.0087960913, Final residual = 0.00011782862, No Iterations 3
smoothSolver:  Solving for Uy, Initial residual = 0.021862802, Final residual = 0.00029257491, No Iterations 3
smoothSolver:  Solving for Uz, Initial residual = 0.021683919, Final residual = 0.00028789672, No Iterations 3
GAMG:  Solving for p, Initial residual = 0.021561606, Final residual = 0.00011374703, No Iterations 3
GAMG:  Solving for p, Initial residual = 0.00037168466, Final residual = 1.6297851e-06, No Iterations 4
time step continuity errors : sum local = 5.0656148e-05, global = 9.2698418e-06, cumulative = 0.00032734985
smoothSolver:  Solving for omega, Initial residual = 0.0015125449, Final residual = 7.7904839e-06, No Iterations 2
smoothSolver:  Solving for k, Initial residual = 0.025190984, Final residual = 0.00021654312, No Iterations 2
ExecutionTime = 135.08753 s  ClockTime = 136 s

Time = 101s

smoothSolver:  Solving for Ux, Initial residual = 0.0087902853, Final residual = 0.00011877762, No Iterations 3
smoothSolver:  Solving for Uy, Initial residual = 0.021767555, Final residual = 0.00029236629, No Iterations 3
smoothSolver:  Solving for Uz, Initial residual = 0.021595092, Final residual = 0.00028750314, No Iterations 3
GAMG:  Solving for p, Initial residual = 0.021795618, Final residual = 0.00011352995, No Iterations 3
GAMG:  Solving for p, Initial residual = 0.00038254357, Final residual = 1.4632343e-06, No Iterations 4
time step continuity errors : sum local = 4.5381731e-05, global = -2.5524673e-06, cumulative = 0.00032479738
smoothSolver:  Solving for omega, Initial residual = 0.0015165597, Final residual = 7.8709866e-06, No Iterations 2
smoothSolver:  Solving for k, Initial residual = 0.024967428, Final residual = 0.00021982992, No Iterations 2
ExecutionTime = 136.23933 s  ClockTime = 137 s

Time = 102s

smoothSolver:  Solving for Ux, Initial residual = 0.0087854009, Final residual = 0.00011970836, No Iterations 3
smoothSolver:  Solving for Uy, Initial residual = 0.021689479, Final residual = 0.00029227514, No Iterations 3
smoothSolver:  Solving for Uz, Initial residual = 0.021527174, Final residual = 0.00028733409, No Iterations 3
GAMG:  Solving for p, Initial residual = 0.021999086, Final residual = 0.0001144556, No Iterations 3
GAMG:  Solving for p, Initial residual = 0.00039415253, Final residual = 1.6504346e-06, No Iterations 4
time step continuity errors : sum local = 5.1005652e-05, global = -6.3049331e-06, cumulative = 0.00031849245
smoothSolver:  Solving for omega, Initial residual = 0.0015156723, Final residual = 7.8731141e-06, No Iterations 2
smoothSolver:  Solving for k, Initial residual = 0.02470797, Final residual = 0.00022192382, No Iterations 2
ExecutionTime = 137.45523 s  ClockTime = 138 s

Time = 103s

smoothSolver:  Solving for Ux, Initial residual = 0.0087822437, Final residual = 0.00012057692, No Iterations 3
smoothSolver:  Solving for Uy, Initial residual = 0.021626427, Final residual = 0.00029221441, No Iterations 3
smoothSolver:  Solving for Uz, Initial residual = 0.021491847, Final residual = 0.00028738563, No Iterations 3
GAMG:  Solving for p, Initial residual = 0.022122375, Final residual = 0.00011700105, No Iterations 3
GAMG:  Solving for p, Initial residual = 0.00040445808, Final residual = 1.8560772e-06, No Iterations 4
time step continuity errors : sum local = 5.7128838e-05, global = -8.5997703e-06, cumulative = 0.00030989268
smoothSolver:  Solving for omega, Initial residual = 0.0015195162, Final residual = 7.967765e-06, No Iterations 2
smoothSolver:  Solving for k, Initial residual = 0.024406929, Final residual = 0.00022332232, No Iterations 2
ExecutionTime = 138.6192 s  ClockTime = 139 s

Time = 104s

smoothSolver:  Solving for Ux, Initial residual = 0.0087791666, Final residual = 0.00012136051, No Iterations 3
smoothSolver:  Solving for Uy, Initial residual = 0.021602757, Final residual = 0.00029253646, No Iterations 3
smoothSolver:  Solving for Uz, Initial residual = 0.021481377, Final residual = 0.00028779834, No Iterations 3
GAMG:  Solving for p, Initial residual = 0.022300265, Final residual = 0.00012079851, No Iterations 3
GAMG:  Solving for p, Initial residual = 0.00041675398, Final residual = 2.012881e-06, No Iterations 4
time step continuity errors : sum local = 6.171156e-05, global = -1.0158724e-05, cumulative = 0.00029973396
smoothSolver:  Solving for omega, Initial residual = 0.0015192703, Final residual = 8.0172739e-06, No Iterations 2
smoothSolver:  Solving for k, Initial residual = 0.024081563, Final residual = 0.00022403085, No Iterations 2
ExecutionTime = 139.79192 s  ClockTime = 140 s

Time = 105s

smoothSolver:  Solving for Ux, Initial residual = 0.0087777416, Final residual = 0.00012204327, No Iterations 3
smoothSolver:  Solving for Uy, Initial residual = 0.021615998, Final residual = 0.00029319943, No Iterations 3
smoothSolver:  Solving for Uz, Initial residual = 0.021509879, Final residual = 0.00028848511, No Iterations 3
GAMG:  Solving for p, Initial residual = 0.022477104, Final residual = 0.00012539989, No Iterations 3
GAMG:  Solving for p, Initial residual = 0.00043104407, Final residual = 2.1583813e-06, No Iterations 4
time step continuity errors : sum local = 6.5908579e-05, global = -1.3626517e-05, cumulative = 0.00028610744
smoothSolver:  Solving for omega, Initial residual = 0.0015213206, Final residual = 8.0257533e-06, No Iterations 2
smoothSolver:  Solving for k, Initial residual = 0.023733285, Final residual = 0.00022365779, No Iterations 2
ExecutionTime = 141.09837 s  ClockTime = 142 s

Time = 106s

smoothSolver:  Solving for Ux, Initial residual = 0.0087766588, Final residual = 0.0001226153, No Iterations 3
smoothSolver:  Solving for Uy, Initial residual = 0.021657663, Final residual = 0.00029412202, No Iterations 3
smoothSolver:  Solving for Uz, Initial residual = 0.021568289, Final residual = 0.00028936295, No Iterations 3
GAMG:  Solving for p, Initial residual = 0.022655533, Final residual = 0.00012967193, No Iterations 3
GAMG:  Solving for p, Initial residual = 0.00044565962, Final residual = 2.2920301e-06, No Iterations 4
time step continuity errors : sum local = 6.9689449e-05, global = -1.462393e-05, cumulative = 0.00027148351
smoothSolver:  Solving for omega, Initial residual = 0.001515918, Final residual = 7.9858371e-06, No Iterations 2
smoothSolver:  Solving for k, Initial residual = 0.02338044, Final residual = 0.00022325466, No Iterations 2
ExecutionTime = 142.52289 s  ClockTime = 143 s

Time = 107s

smoothSolver:  Solving for Ux, Initial residual = 0.0087721783, Final residual = 0.00012308606, No Iterations 3
smoothSolver:  Solving for Uy, Initial residual = 0.021728686, Final residual = 0.00029543404, No Iterations 3
smoothSolver:  Solving for Uz, Initial residual = 0.021641612, Final residual = 0.00029045169, No Iterations 3
GAMG:  Solving for p, Initial residual = 0.022877755, Final residual = 0.00013453834, No Iterations 3
GAMG:  Solving for p, Initial residual = 0.00046119021, Final residual = 2.3952685e-06, No Iterations 4
time step continuity errors : sum local = 7.2493197e-05, global = -1.4272018e-05, cumulative = 0.00025721149
smoothSolver:  Solving for omega, Initial residual = 0.0015143544, Final residual = 8.0225047e-06, No Iterations 2
smoothSolver:  Solving for k, Initial residual = 0.02303999, Final residual = 0.00022251969, No Iterations 2
ExecutionTime = 143.94504 s  ClockTime = 145 s

Time = 108s

smoothSolver:  Solving for Ux, Initial residual = 0.0087672937, Final residual = 0.00012347234, No Iterations 3
smoothSolver:  Solving for Uy, Initial residual = 0.021817731, Final residual = 0.00029703366, No Iterations 3
smoothSolver:  Solving for Uz, Initial residual = 0.021721762, Final residual = 0.00029155646, No Iterations 3
GAMG:  Solving for p, Initial residual = 0.023113173, Final residual = 0.00013949352, No Iterations 3
GAMG:  Solving for p, Initial residual = 0.00047686664, Final residual = 2.3994853e-06, No Iterations 4
time step continuity errors : sum local = 7.2243962e-05, global = -1.0879367e-05, cumulative = 0.00024633213
smoothSolver:  Solving for omega, Initial residual = 0.0015065333, Final residual = 7.9837505e-06, No Iterations 2
smoothSolver:  Solving for k, Initial residual = 0.022714966, Final residual = 0.0002215057, No Iterations 2
ExecutionTime = 145.63094 s  ClockTime = 146 s

Time = 109s

smoothSolver:  Solving for Ux, Initial residual = 0.008759898, Final residual = 0.00012380202, No Iterations 3
smoothSolver:  Solving for Uy, Initial residual = 0.021913485, Final residual = 0.00029865865, No Iterations 3
smoothSolver:  Solving for Uz, Initial residual = 0.021806677, Final residual = 0.0002927416, No Iterations 3
GAMG:  Solving for p, Initial residual = 0.023317014, Final residual = 0.00014458461, No Iterations 3
GAMG:  Solving for p, Initial residual = 0.00049129609, Final residual = 2.3323168e-06, No Iterations 4
time step continuity errors : sum local = 6.9822112e-05, global = -4.9329513e-06, cumulative = 0.00024139917
smoothSolver:  Solving for omega, Initial residual = 0.0015002274, Final residual = 8.0130388e-06, No Iterations 2
smoothSolver:  Solving for k, Initial residual = 0.022397505, Final residual = 0.00022087715, No Iterations 2
ExecutionTime = 147.27775 s  ClockTime = 148 s

Time = 110s

smoothSolver:  Solving for Ux, Initial residual = 0.0087530162, Final residual = 0.00012408411, No Iterations 3
smoothSolver:  Solving for Uy, Initial residual = 0.022013967, Final residual = 0.00030039953, No Iterations 3
smoothSolver:  Solving for Uz, Initial residual = 0.021898543, Final residual = 0.00029404176, No Iterations 3
GAMG:  Solving for p, Initial residual = 0.023530897, Final residual = 0.00014888572, No Iterations 3
GAMG:  Solving for p, Initial residual = 0.00050448848, Final residual = 2.230452e-06, No Iterations 4
time step continuity errors : sum local = 6.6381748e-05, global = 5.4044812e-06, cumulative = 0.00024680366
smoothSolver:  Solving for omega, Initial residual = 0.0014896005, Final residual = 8.0167332e-06, No Iterations 2
smoothSolver:  Solving for k, Initial residual = 0.022104346, Final residual = 0.00022007252, No Iterations 2
ExecutionTime = 148.6769 s  ClockTime = 149 s

Time = 111s

smoothSolver:  Solving for Ux, Initial residual = 0.0087450736, Final residual = 0.00012428649, No Iterations 3
smoothSolver:  Solving for Uy, Initial residual = 0.022113287, Final residual = 0.00030210471, No Iterations 3
smoothSolver:  Solving for Uz, Initial residual = 0.021994601, Final residual = 0.0002953049, No Iterations 3
GAMG:  Solving for p, Initial residual = 0.023708797, Final residual = 0.00015251496, No Iterations 3
GAMG:  Solving for p, Initial residual = 0.00051372584, Final residual = 2.4208667e-06, No Iterations 4
time step continuity errors : sum local = 7.1620554e-05, global = 1.5885269e-05, cumulative = 0.00026268892
smoothSolver:  Solving for omega, Initial residual = 0.0014833101, Final residual = 7.9848186e-06, No Iterations 2
smoothSolver:  Solving for k, Initial residual = 0.021839001, Final residual = 0.0002192744, No Iterations 2
ExecutionTime = 149.89068 s  ClockTime = 150 s

Time = 112s

smoothSolver:  Solving for Ux, Initial residual = 0.0087368894, Final residual = 0.00012443514, No Iterations 3
smoothSolver:  Solving for Uy, Initial residual = 0.022204186, Final residual = 0.00030366553, No Iterations 3
smoothSolver:  Solving for Uz, Initial residual = 0.022095068, Final residual = 0.00029667792, No Iterations 3
GAMG:  Solving for p, Initial residual = 0.023814842, Final residual = 0.00015516009, No Iterations 3
GAMG:  Solving for p, Initial residual = 0.00052074599, Final residual = 2.7126426e-06, No Iterations 4
time step continuity errors : sum local = 7.9795016e-05, global = 2.104411e-05, cumulative = 0.00028373303
smoothSolver:  Solving for omega, Initial residual = 0.0014717449, Final residual = 7.8893412e-06, No Iterations 2
smoothSolver:  Solving for k, Initial residual = 0.021601711, Final residual = 0.00021878505, No Iterations 2
ExecutionTime = 151.08322 s  ClockTime = 152 s

Time = 113s

smoothSolver:  Solving for Ux, Initial residual = 0.008728956, Final residual = 0.00012452095, No Iterations 3
smoothSolver:  Solving for Uy, Initial residual = 0.022299123, Final residual = 0.00030528717, No Iterations 3
smoothSolver:  Solving for Uz, Initial residual = 0.022197596, Final residual = 0.000298149, No Iterations 3
GAMG:  Solving for p, Initial residual = 0.023871045, Final residual = 0.00015694948, No Iterations 3
GAMG:  Solving for p, Initial residual = 0.00052786616, Final residual = 3.0414774e-06, No Iterations 4
time step continuity errors : sum local = 8.89919e-05, global = 2.4826739e-05, cumulative = 0.00030855977
smoothSolver:  Solving for omega, Initial residual = 0.0014602375, Final residual = 7.9049346e-06, No Iterations 2
smoothSolver:  Solving for k, Initial residual = 0.021383411, Final residual = 0.00021788581, No Iterations 2
ExecutionTime = 152.3772 s  ClockTime = 153 s

Time = 114s

smoothSolver:  Solving for Ux, Initial residual = 0.0087228337, Final residual = 0.00012456508, No Iterations 3
smoothSolver:  Solving for Uy, Initial residual = 0.022395324, Final residual = 0.00030695002, No Iterations 3
smoothSolver:  Solving for Uz, Initial residual = 0.0222982, Final residual = 0.00029963878, No Iterations 3
GAMG:  Solving for p, Initial residual = 0.023884814, Final residual = 0.00015766538, No Iterations 3
GAMG:  Solving for p, Initial residual = 0.00053135355, Final residual = 3.3430042e-06, No Iterations 4
time step continuity errors : sum local = 9.7353196e-05, global = 2.6299424e-05, cumulative = 0.0003348592
smoothSolver:  Solving for omega, Initial residual = 0.001443598, Final residual = 7.8733418e-06, No Iterations 2
smoothSolver:  Solving for k, Initial residual = 0.021161431, Final residual = 0.00021716854, No Iterations 2
ExecutionTime = 153.76406 s  ClockTime = 154 s

Time = 115s

smoothSolver:  Solving for Ux, Initial residual = 0.0087190619, Final residual = 0.00012457457, No Iterations 3
smoothSolver:  Solving for Uy, Initial residual = 0.022490985, Final residual = 0.00030871267, No Iterations 3
smoothSolver:  Solving for Uz, Initial residual = 0.022396421, Final residual = 0.00030127429, No Iterations 3
GAMG:  Solving for p, Initial residual = 0.023858105, Final residual = 0.00015792374, No Iterations 3
GAMG:  Solving for p, Initial residual = 0.00053232272, Final residual = 3.6309241e-06, No Iterations 4
time step continuity errors : sum local = 0.00010536184, global = 3.0759526e-05, cumulative = 0.00036561872
smoothSolver:  Solving for omega, Initial residual = 0.0014288105, Final residual = 7.8681973e-06, No Iterations 2
smoothSolver:  Solving for k, Initial residual = 0.020974238, Final residual = 0.00021622779, No Iterations 2
ExecutionTime = 154.93019 s  ClockTime = 156 s

Time = 116s

smoothSolver:  Solving for Ux, Initial residual = 0.0087151328, Final residual = 0.00012454626, No Iterations 3
smoothSolver:  Solving for Uy, Initial residual = 0.022593026, Final residual = 0.0003106173, No Iterations 3
smoothSolver:  Solving for Uz, Initial residual = 0.022506787, Final residual = 0.00030294218, No Iterations 3
GAMG:  Solving for p, Initial residual = 0.023781795, Final residual = 0.00015811839, No Iterations 3
GAMG:  Solving for p, Initial residual = 0.00053205705, Final residual = 3.8607036e-06, No Iterations 4
time step continuity errors : sum local = 0.0001117066, global = 3.2132483e-05, cumulative = 0.00039775121
smoothSolver:  Solving for omega, Initial residual = 0.0014163197, Final residual = 7.808487e-06, No Iterations 2
smoothSolver:  Solving for k, Initial residual = 0.020800535, Final residual = 0.00021548919, No Iterations 2
ExecutionTime = 156.09197 s  ClockTime = 157 s

Time = 117s

smoothSolver:  Solving for Ux, Initial residual = 0.0087133711, Final residual = 0.00012446999, No Iterations 3
smoothSolver:  Solving for Uy, Initial residual = 0.022680913, Final residual = 0.00031246667, No Iterations 3
smoothSolver:  Solving for Uz, Initial residual = 0.022609527, Final residual = 0.0003046847, No Iterations 3
GAMG:  Solving for p, Initial residual = 0.023703084, Final residual = 0.00015777614, No Iterations 3
GAMG:  Solving for p, Initial residual = 0.00053004345, Final residual = 3.9330651e-06, No Iterations 4
time step continuity errors : sum local = 0.00011345231, global = 3.1843037e-05, cumulative = 0.00042959424
smoothSolver:  Solving for omega, Initial residual = 0.0014072837, Final residual = 7.9151998e-06, No Iterations 2
smoothSolver:  Solving for k, Initial residual = 0.020655361, Final residual = 0.00021477044, No Iterations 2
ExecutionTime = 157.25793 s  ClockTime = 158 s

Time = 118s

smoothSolver:  Solving for Ux, Initial residual = 0.008713101, Final residual = 0.00012439124, No Iterations 3
smoothSolver:  Solving for Uy, Initial residual = 0.022789288, Final residual = 0.00031454852, No Iterations 3
smoothSolver:  Solving for Uz, Initial residual = 0.02272134, Final residual = 0.00030669777, No Iterations 3
GAMG:  Solving for p, Initial residual = 0.023700672, Final residual = 0.00015734336, No Iterations 3
GAMG:  Solving for p, Initial residual = 0.00052767583, Final residual = 3.9069997e-06, No Iterations 4
time step continuity errors : sum local = 0.00011231753, global = 3.1682929e-05, cumulative = 0.00046127717
smoothSolver:  Solving for omega, Initial residual = 0.0013970446, Final residual = 7.8762459e-06, No Iterations 2
smoothSolver:  Solving for k, Initial residual = 0.020512704, Final residual = 0.00021408043, No Iterations 2
ExecutionTime = 158.55249 s  ClockTime = 159 s

Time = 119s

smoothSolver:  Solving for Ux, Initial residual = 0.0087153747, Final residual = 0.00012430453, No Iterations 3
smoothSolver:  Solving for Uy, Initial residual = 0.0229032, Final residual = 0.00031669922, No Iterations 3
smoothSolver:  Solving for Uz, Initial residual = 0.022830885, Final residual = 0.00030892878, No Iterations 3
GAMG:  Solving for p, Initial residual = 0.023730937, Final residual = 0.00015643056, No Iterations 3
GAMG:  Solving for p, Initial residual = 0.00052455622, Final residual = 3.7450703e-06, No Iterations 4
time step continuity errors : sum local = 0.00010712273, global = 2.8630725e-05, cumulative = 0.0004899079
smoothSolver:  Solving for omega, Initial residual = 0.0013895006, Final residual = 7.898532e-06, No Iterations 2
smoothSolver:  Solving for k, Initial residual = 0.020402279, Final residual = 0.00021402037, No Iterations 2
ExecutionTime = 159.89602 s  ClockTime = 160 s

Time = 120s

smoothSolver:  Solving for Ux, Initial residual = 0.0087171427, Final residual = 0.00012419818, No Iterations 3
smoothSolver:  Solving for Uy, Initial residual = 0.023051573, Final residual = 0.0003190074, No Iterations 3
smoothSolver:  Solving for Uz, Initial residual = 0.022948472, Final residual = 0.00031160428, No Iterations 3
GAMG:  Solving for p, Initial residual = 0.023766689, Final residual = 0.00015583471, No Iterations 3
GAMG:  Solving for p, Initial residual = 0.00052187528, Final residual = 3.5037549e-06, No Iterations 4
time step continuity errors : sum local = 9.9506018e-05, global = 2.6951481e-05, cumulative = 0.00051685938
smoothSolver:  Solving for omega, Initial residual = 0.0013800337, Final residual = 7.9262486e-06, No Iterations 2
smoothSolver:  Solving for k, Initial residual = 0.020303159, Final residual = 0.0002135492, No Iterations 2
ExecutionTime = 161.41465 s  ClockTime = 162 s

Time = 121s

smoothSolver:  Solving for Ux, Initial residual = 0.008718962, Final residual = 0.00012407972, No Iterations 3
smoothSolver:  Solving for Uy, Initial residual = 0.023225261, Final residual = 0.00032158317, No Iterations 3
smoothSolver:  Solving for Uz, Initial residual = 0.023095203, Final residual = 0.00031472165, No Iterations 3
GAMG:  Solving for p, Initial residual = 0.023841443, Final residual = 0.00015409887, No Iterations 3
GAMG:  Solving for p, Initial residual = 0.00052073349, Final residual = 3.1629965e-06, No Iterations 4
time step continuity errors : sum local = 8.9096528e-05, global = 2.3000631e-05, cumulative = 0.00053986001
smoothSolver:  Solving for omega, Initial residual = 0.0013771846, Final residual = 7.9812775e-06, No Iterations 2
smoothSolver:  Solving for k, Initial residual = 0.020237327, Final residual = 0.00021375522, No Iterations 2
ExecutionTime = 162.9254 s  ClockTime = 164 s

Time = 122s

smoothSolver:  Solving for Ux, Initial residual = 0.0087210851, Final residual = 0.00012395859, No Iterations 3
smoothSolver:  Solving for Uy, Initial residual = 0.023398353, Final residual = 0.00032436154, No Iterations 3
smoothSolver:  Solving for Uz, Initial residual = 0.023262253, Final residual = 0.00031806455, No Iterations 3
GAMG:  Solving for p, Initial residual = 0.023981155, Final residual = 0.00015163896, No Iterations 3
GAMG:  Solving for p, Initial residual = 0.00052051695, Final residual = 2.8429632e-06, No Iterations 4
time step continuity errors : sum local = 7.9464107e-05, global = 2.1962126e-05, cumulative = 0.00056182213
smoothSolver:  Solving for omega, Initial residual = 0.0013655692, Final residual = 7.900222e-06, No Iterations 2
smoothSolver:  Solving for k, Initial residual = 0.020165839, Final residual = 0.00021352008, No Iterations 2
ExecutionTime = 164.60291 s  ClockTime = 165 s

Time = 123s

smoothSolver:  Solving for Ux, Initial residual = 0.0087262055, Final residual = 0.00012390141, No Iterations 3
smoothSolver:  Solving for Uy, Initial residual = 0.023597007, Final residual = 0.00032748919, No Iterations 3
smoothSolver:  Solving for Uz, Initial residual = 0.023482567, Final residual = 0.00032188612, No Iterations 3
GAMG:  Solving for p, Initial residual = 0.024206893, Final residual = 0.00015027699, No Iterations 3
GAMG:  Solving for p, Initial residual = 0.00052050558, Final residual = 2.6191561e-06, No Iterations 4
time step continuity errors : sum local = 7.2672094e-05, global = 2.1906257e-05, cumulative = 0.00058372839
smoothSolver:  Solving for omega, Initial residual = 0.00136547, Final residual = 7.903297e-06, No Iterations 2
smoothSolver:  Solving for k, Initial residual = 0.020109775, Final residual = 0.00021356602, No Iterations 2
ExecutionTime = 166.39551 s  ClockTime = 167 s

Time = 124s

smoothSolver:  Solving for Ux, Initial residual = 0.0087328482, Final residual = 0.00012392793, No Iterations 3
smoothSolver:  Solving for Uy, Initial residual = 0.023802305, Final residual = 0.00033078445, No Iterations 3
smoothSolver:  Solving for Uz, Initial residual = 0.023731439, Final residual = 0.00032612199, No Iterations 3
GAMG:  Solving for p, Initial residual = 0.024332564, Final residual = 0.00015080964, No Iterations 3
GAMG:  Solving for p, Initial residual = 0.0005206855, Final residual = 2.6562883e-06, No Iterations 4
time step continuity errors : sum local = 7.3180504e-05, global = 2.4735581e-05, cumulative = 0.00060846397
smoothSolver:  Solving for omega, Initial residual = 0.0013590308, Final residual = 7.9048571e-06, No Iterations 2
smoothSolver:  Solving for k, Initial residual = 0.020080741, Final residual = 0.00021366963, No Iterations 2
ExecutionTime = 168.03022 s  ClockTime = 169 s

Time = 125s

smoothSolver:  Solving for Ux, Initial residual = 0.0087428233, Final residual = 0.00012403305, No Iterations 3
smoothSolver:  Solving for Uy, Initial residual = 0.02401426, Final residual = 0.00033429283, No Iterations 3
smoothSolver:  Solving for Uz, Initial residual = 0.024017934, Final residual = 0.00033099189, No Iterations 3
GAMG:  Solving for p, Initial residual = 0.024437871, Final residual = 0.00015192529, No Iterations 3
GAMG:  Solving for p, Initial residual = 0.00052233782, Final residual = 2.912226e-06, No Iterations 4
time step continuity errors : sum local = 7.9655297e-05, global = 2.2428217e-05, cumulative = 0.00063089219
smoothSolver:  Solving for omega, Initial residual = 0.0013572067, Final residual = 7.8771095e-06, No Iterations 2
smoothSolver:  Solving for k, Initial residual = 0.02005302, Final residual = 0.00021377535, No Iterations 2
ExecutionTime = 169.19282 s  ClockTime = 170 s

Time = 126s

smoothSolver:  Solving for Ux, Initial residual = 0.0087554874, Final residual = 0.00012420161, No Iterations 3
smoothSolver:  Solving for Uy, Initial residual = 0.024230921, Final residual = 0.00033795508, No Iterations 3
smoothSolver:  Solving for Uz, Initial residual = 0.024359189, Final residual = 0.00033664916, No Iterations 3
GAMG:  Solving for p, Initial residual = 0.024622849, Final residual = 0.00015322302, No Iterations 3
GAMG:  Solving for p, Initial residual = 0.00052644498, Final residual = 3.1865186e-06, No Iterations 4
time step continuity errors : sum local = 8.6483349e-05, global = 1.6486491e-05, cumulative = 0.00064737868
smoothSolver:  Solving for omega, Initial residual = 0.0013560483, Final residual = 7.9395116e-06, No Iterations 2
smoothSolver:  Solving for k, Initial residual = 0.020054133, Final residual = 0.00021403927, No Iterations 2
ExecutionTime = 170.33748 s  ClockTime = 171 s

Time = 127s

smoothSolver:  Solving for Ux, Initial residual = 0.0087685826, Final residual = 0.00012438466, No Iterations 3
smoothSolver:  Solving for Uy, Initial residual = 0.024455041, Final residual = 0.00034177699, No Iterations 3
smoothSolver:  Solving for Uz, Initial residual = 0.024721564, Final residual = 0.00034305635, No Iterations 3
GAMG:  Solving for p, Initial residual = 0.024860862, Final residual = 0.00015452634, No Iterations 3
GAMG:  Solving for p, Initial residual = 0.00053540513, Final residual = 3.3432389e-06, No Iterations 4
time step continuity errors : sum local = 8.9972632e-05, global = 6.3806833e-06, cumulative = 0.00065375936
smoothSolver:  Solving for omega, Initial residual = 0.0013598988, Final residual = 7.9307606e-06, No Iterations 2
smoothSolver:  Solving for k, Initial residual = 0.020045181, Final residual = 0.00021402065, No Iterations 2
ExecutionTime = 171.44483 s  ClockTime = 172 s

Time = 128s

smoothSolver:  Solving for Ux, Initial residual = 0.0087866883, Final residual = 0.00012457796, No Iterations 3
smoothSolver:  Solving for Uy, Initial residual = 0.024714464, Final residual = 0.00034587539, No Iterations 3
smoothSolver:  Solving for Uz, Initial residual = 0.025129066, Final residual = 0.00035014644, No Iterations 3
GAMG:  Solving for p, Initial residual = 0.025125896, Final residual = 0.00015570947, No Iterations 3
GAMG:  Solving for p, Initial residual = 0.00054523357, Final residual = 3.3247661e-06, No Iterations 4
time step continuity errors : sum local = 8.8647864e-05, global = 2.6422346e-06, cumulative = 0.0006564016
smoothSolver:  Solving for omega, Initial residual = 0.0013561211, Final residual = 7.8826659e-06, No Iterations 2
smoothSolver:  Solving for k, Initial residual = 0.020057453, Final residual = 0.00021415196, No Iterations 2
ExecutionTime = 172.56471 s  ClockTime = 173 s

Time = 129s

smoothSolver:  Solving for Ux, Initial residual = 0.0088069411, Final residual = 0.0001247677, No Iterations 3
smoothSolver:  Solving for Uy, Initial residual = 0.025005829, Final residual = 0.00035037269, No Iterations 3
smoothSolver:  Solving for Uz, Initial residual = 0.025540033, Final residual = 0.00035742466, No Iterations 3
GAMG:  Solving for p, Initial residual = 0.025458424, Final residual = 0.00015753509, No Iterations 3
GAMG:  Solving for p, Initial residual = 0.00055388053, Final residual = 3.1349458e-06, No Iterations 4
time step continuity errors : sum local = 8.2783789e-05, global = -2.3462262e-06, cumulative = 0.00065405537
smoothSolver:  Solving for omega, Initial residual = 0.0013588074, Final residual = 7.9210124e-06, No Iterations 2
smoothSolver:  Solving for k, Initial residual = 0.020072379, Final residual = 0.0002141468, No Iterations 2
ExecutionTime = 173.64727 s  ClockTime = 174 s

Time = 130s

smoothSolver:  Solving for Ux, Initial residual = 0.0088273139, Final residual = 0.00012495645, No Iterations 3
smoothSolver:  Solving for Uy, Initial residual = 0.02534803, Final residual = 0.00035545644, No Iterations 3
smoothSolver:  Solving for Uz, Initial residual = 0.025953957, Final residual = 0.00036470495, No Iterations 3
GAMG:  Solving for p, Initial residual = 0.025838808, Final residual = 0.00016003863, No Iterations 3
GAMG:  Solving for p, Initial residual = 0.00056114949, Final residual = 3.2500666e-06, No Iterations 4
time step continuity errors : sum local = 8.4963897e-05, global = -2.1190102e-05, cumulative = 0.00063286527
smoothSolver:  Solving for omega, Initial residual = 0.001357237, Final residual = 7.9426397e-06, No Iterations 2
smoothSolver:  Solving for k, Initial residual = 0.020084967, Final residual = 0.00021403281, No Iterations 2
ExecutionTime = 174.7803 s  ClockTime = 175 s

Time = 131s

smoothSolver:  Solving for Ux, Initial residual = 0.0088452539, Final residual = 0.0001251463, No Iterations 3
smoothSolver:  Solving for Uy, Initial residual = 0.025744054, Final residual = 0.00036133565, No Iterations 3
smoothSolver:  Solving for Uz, Initial residual = 0.026363864, Final residual = 0.00037170615, No Iterations 3
GAMG:  Solving for p, Initial residual = 0.026226542, Final residual = 0.00016243399, No Iterations 3
GAMG:  Solving for p, Initial residual = 0.0005687966, Final residual = 3.4808896e-06, No Iterations 4
time step continuity errors : sum local = 9.0062002e-05, global = -2.303241e-05, cumulative = 0.00060983286
smoothSolver:  Solving for omega, Initial residual = 0.0013581221, Final residual = 7.9599601e-06, No Iterations 2
smoothSolver:  Solving for k, Initial residual = 0.020099286, Final residual = 0.00021361912, No Iterations 2
ExecutionTime = 176.27927 s  ClockTime = 177 s

Time = 132s

smoothSolver:  Solving for Ux, Initial residual = 0.0088592619, Final residual = 0.00012529586, No Iterations 3
smoothSolver:  Solving for Uy, Initial residual = 0.026158353, Final residual = 0.0003675961, No Iterations 3
smoothSolver:  Solving for Uz, Initial residual = 0.026756778, Final residual = 0.00037835742, No Iterations 3
GAMG:  Solving for p, Initial residual = 0.026700891, Final residual = 0.00016464554, No Iterations 3
GAMG:  Solving for p, Initial residual = 0.00057811497, Final residual = 3.6224438e-06, No Iterations 4
time step continuity errors : sum local = 9.271848e-05, global = -1.9586139e-05, cumulative = 0.00059024672
smoothSolver:  Solving for omega, Initial residual = 0.0013603618, Final residual = 8.014383e-06, No Iterations 2
smoothSolver:  Solving for k, Initial residual = 0.020110536, Final residual = 0.00021331167, No Iterations 2
ExecutionTime = 178.03205 s  ClockTime = 179 s

Time = 133s

smoothSolver:  Solving for Ux, Initial residual = 0.0088694048, Final residual = 0.00012538274, No Iterations 3
smoothSolver:  Solving for Uy, Initial residual = 0.026598003, Final residual = 0.00037391089, No Iterations 3
smoothSolver:  Solving for Uz, Initial residual = 0.027140097, Final residual = 0.0003843814, No Iterations 3
GAMG:  Solving for p, Initial residual = 0.02721265, Final residual = 0.00016713634, No Iterations 3
GAMG:  Solving for p, Initial residual = 0.00058646161, Final residual = 3.6023277e-06, No Iterations 4
time step continuity errors : sum local = 9.1185217e-05, global = -1.7021462e-05, cumulative = 0.00057322526
smoothSolver:  Solving for omega, Initial residual = 0.001366262, Final residual = 8.0999229e-06, No Iterations 2
smoothSolver:  Solving for k, Initial residual = 0.020125537, Final residual = 0.00021265263, No Iterations 2
ExecutionTime = 179.69185 s  ClockTime = 180 s

Time = 134s

smoothSolver:  Solving for Ux, Initial residual = 0.008872877, Final residual = 0.00012541598, No Iterations 3
smoothSolver:  Solving for Uy, Initial residual = 0.027010567, Final residual = 0.00038003418, No Iterations 3
smoothSolver:  Solving for Uz, Initial residual = 0.027469743, Final residual = 0.00038984358, No Iterations 3
GAMG:  Solving for p, Initial residual = 0.027697122, Final residual = 0.0001681676, No Iterations 3
GAMG:  Solving for p, Initial residual = 0.00059532463, Final residual = 3.4116206e-06, No Iterations 4
time step continuity errors : sum local = 8.5383298e-05, global = -1.5334887e-05, cumulative = 0.00055789037
smoothSolver:  Solving for omega, Initial residual = 0.0013695476, Final residual = 8.0391449e-06, No Iterations 2
smoothSolver:  Solving for k, Initial residual = 0.020117132, Final residual = 0.00021171508, No Iterations 2
ExecutionTime = 181.14561 s  ClockTime = 182 s

Time = 135s

smoothSolver:  Solving for Ux, Initial residual = 0.0088708817, Final residual = 0.00012537878, No Iterations 3
smoothSolver:  Solving for Uy, Initial residual = 0.027413412, Final residual = 0.00038564838, No Iterations 3
smoothSolver:  Solving for Uz, Initial residual = 0.02776484, Final residual = 0.00039453063, No Iterations 3
GAMG:  Solving for p, Initial residual = 0.02811365, Final residual = 0.00016701167, No Iterations 3
GAMG:  Solving for p, Initial residual = 0.00059954095, Final residual = 3.1377698e-06, No Iterations 4
time step continuity errors : sum local = 7.7620598e-05, global = -1.40849e-05, cumulative = 0.00054380547
smoothSolver:  Solving for omega, Initial residual = 0.0013721458, Final residual = 8.1117542e-06, No Iterations 2
smoothSolver:  Solving for k, Initial residual = 0.02011818, Final residual = 0.00021053592, No Iterations 2
ExecutionTime = 182.28139 s  ClockTime = 183 s

Time = 136s

smoothSolver:  Solving for Ux, Initial residual = 0.0088617017, Final residual = 0.00012526555, No Iterations 3
smoothSolver:  Solving for Uy, Initial residual = 0.027775895, Final residual = 0.00039078874, No Iterations 3
smoothSolver:  Solving for Uz, Initial residual = 0.028001064, Final residual = 0.00039855181, No Iterations 3
GAMG:  Solving for p, Initial residual = 0.028453486, Final residual = 0.00016396711, No Iterations 3
GAMG:  Solving for p, Initial residual = 0.00060339473, Final residual = 2.9291017e-06, No Iterations 4
time step continuity errors : sum local = 7.1619969e-05, global = -1.3630588e-05, cumulative = 0.00053017489
smoothSolver:  Solving for omega, Initial residual = 0.0013726513, Final residual = 8.0719888e-06, No Iterations 2
smoothSolver:  Solving for k, Initial residual = 0.020099567, Final residual = 0.00020890569, No Iterations 2
ExecutionTime = 183.36074 s  ClockTime = 184 s

Time = 137s

smoothSolver:  Solving for Ux, Initial residual = 0.0088463551, Final residual = 0.00012505064, No Iterations 3
smoothSolver:  Solving for Uy, Initial residual = 0.028115787, Final residual = 0.00039543687, No Iterations 3
smoothSolver:  Solving for Uz, Initial residual = 0.028203426, Final residual = 0.00040194521, No Iterations 3
GAMG:  Solving for p, Initial residual = 0.028679224, Final residual = 0.00016076945, No Iterations 3
GAMG:  Solving for p, Initial residual = 0.0006052746, Final residual = 2.8960369e-06, No Iterations 4
time step continuity errors : sum local = 6.9978378e-05, global = -1.5450489e-05, cumulative = 0.0005147244
smoothSolver:  Solving for omega, Initial residual = 0.001377337, Final residual = 8.0959161e-06, No Iterations 2
smoothSolver:  Solving for k, Initial residual = 0.020061277, Final residual = 0.0002069653, No Iterations 2
ExecutionTime = 184.45898 s  ClockTime = 185 s

Time = 138s

smoothSolver:  Solving for Ux, Initial residual = 0.008825566, Final residual = 0.00012473575, No Iterations 3
smoothSolver:  Solving for Uy, Initial residual = 0.028426469, Final residual = 0.00040002572, No Iterations 3
smoothSolver:  Solving for Uz, Initial residual = 0.028369605, Final residual = 0.00040488608, No Iterations 3
GAMG:  Solving for p, Initial residual = 0.028844145, Final residual = 0.00015878611, No Iterations 3
GAMG:  Solving for p, Initial residual = 0.00060888631, Final residual = 2.8762965e-06, No Iterations 4
time step continuity errors : sum local = 6.8666096e-05, global = -1.7943886e-05, cumulative = 0.00049678051
smoothSolver:  Solving for omega, Initial residual = 0.0013788922, Final residual = 8.0956806e-06, No Iterations 2
smoothSolver:  Solving for k, Initial residual = 0.019990434, Final residual = 0.00020472189, No Iterations 2
ExecutionTime = 185.60359 s  ClockTime = 186 s

Time = 139s

smoothSolver:  Solving for Ux, Initial residual = 0.0088007495, Final residual = 0.00012433072, No Iterations 3
smoothSolver:  Solving for Uy, Initial residual = 0.028736308, Final residual = 0.00040451365, No Iterations 3
smoothSolver:  Solving for Uz, Initial residual = 0.028515792, Final residual = 0.00040745665, No Iterations 3
GAMG:  Solving for p, Initial residual = 0.028927245, Final residual = 0.0001572804, No Iterations 3
GAMG:  Solving for p, Initial residual = 0.00060766381, Final residual = 3.0296543e-06, No Iterations 4
time step continuity errors : sum local = 7.1421951e-05, global = -2.2357043e-05, cumulative = 0.00047442347
smoothSolver:  Solving for omega, Initial residual = 0.0013808502, Final residual = 8.1015604e-06, No Iterations 2
smoothSolver:  Solving for k, Initial residual = 0.019909844, Final residual = 0.00020182525, No Iterations 2
ExecutionTime = 187.1158 s  ClockTime = 188 s

Time = 140s

smoothSolver:  Solving for Ux, Initial residual = 0.008774208, Final residual = 0.00012385742, No Iterations 3
smoothSolver:  Solving for Uy, Initial residual = 0.029046299, Final residual = 0.0004093101, No Iterations 3
smoothSolver:  Solving for Uz, Initial residual = 0.028660387, Final residual = 0.00040985027, No Iterations 3
GAMG:  Solving for p, Initial residual = 0.028996793, Final residual = 0.00015615099, No Iterations 3
GAMG:  Solving for p, Initial residual = 0.00060920526, Final residual = 3.3375515e-06, No Iterations 4
time step continuity errors : sum local = 7.7676782e-05, global = -2.4788061e-05, cumulative = 0.00044963541
smoothSolver:  Solving for omega, Initial residual = 0.0013740232, Final residual = 7.9835465e-06, No Iterations 2
smoothSolver:  Solving for k, Initial residual = 0.019792545, Final residual = 0.00019873048, No Iterations 2
ExecutionTime = 188.76918 s  ClockTime = 189 s

Time = 141s

smoothSolver:  Solving for Ux, Initial residual = 0.0087450925, Final residual = 0.00012333325, No Iterations 3
smoothSolver:  Solving for Uy, Initial residual = 0.029374799, Final residual = 0.00041452194, No Iterations 3
smoothSolver:  Solving for Uz, Initial residual = 0.028810491, Final residual = 0.00041228291, No Iterations 3
GAMG:  Solving for p, Initial residual = 0.029075139, Final residual = 0.00015601274, No Iterations 3
GAMG:  Solving for p, Initial residual = 0.00061174855, Final residual = 3.817635e-06, No Iterations 4
time step continuity errors : sum local = 8.7674048e-05, global = -2.6821322e-05, cumulative = 0.00042281408
smoothSolver:  Solving for omega, Initial residual = 0.0013716908, Final residual = 7.993413e-06, No Iterations 2
smoothSolver:  Solving for k, Initial residual = 0.019655114, Final residual = 0.00019504695, No Iterations 2
ExecutionTime = 190.4626 s  ClockTime = 191 s

Time = 142s

smoothSolver:  Solving for Ux, Initial residual = 0.0087151973, Final residual = 0.00012274425, No Iterations 3
smoothSolver:  Solving for Uy, Initial residual = 0.029722396, Final residual = 0.00042018007, No Iterations 3
smoothSolver:  Solving for Uz, Initial residual = 0.02898832, Final residual = 0.00041489897, No Iterations 3
GAMG:  Solving for p, Initial residual = 0.029187377, Final residual = 0.00015728008, No Iterations 3
GAMG:  Solving for p, Initial residual = 0.00061397153, Final residual = 4.1017457e-06, No Iterations 4
time step continuity errors : sum local = 9.2935672e-05, global = -2.5719819e-05, cumulative = 0.00039709427
smoothSolver:  Solving for omega, Initial residual = 0.0013641096, Final residual = 7.9238145e-06, No Iterations 2
smoothSolver:  Solving for k, Initial residual = 0.01949581, Final residual = 0.00019105841, No Iterations 2
ExecutionTime = 191.95697 s  ClockTime = 193 s

Time = 143s

smoothSolver:  Solving for Ux, Initial residual = 0.0086817924, Final residual = 0.00012207309, No Iterations 3
smoothSolver:  Solving for Uy, Initial residual = 0.030085481, Final residual = 0.00042588496, No Iterations 3
smoothSolver:  Solving for Uz, Initial residual = 0.029180575, Final residual = 0.00041756866, No Iterations 3
GAMG:  Solving for p, Initial residual = 0.029326263, Final residual = 0.00015969174, No Iterations 3
GAMG:  Solving for p, Initial residual = 0.00061651879, Final residual = 4.077956e-06, No Iterations 4
time step continuity errors : sum local = 9.1184e-05, global = -2.2768792e-05, cumulative = 0.00037432547
smoothSolver:  Solving for omega, Initial residual = 0.0013579099, Final residual = 7.8519846e-06, No Iterations 2
smoothSolver:  Solving for k, Initial residual = 0.01932228, Final residual = 0.00018652376, No Iterations 2
ExecutionTime = 193.4367 s  ClockTime = 194 s

Time = 144s

smoothSolver:  Solving for Ux, Initial residual = 0.0086445396, Final residual = 0.00012130666, No Iterations 3
smoothSolver:  Solving for Uy, Initial residual = 0.030449752, Final residual = 0.00043161926, No Iterations 3
smoothSolver:  Solving for Uz, Initial residual = 0.029407591, Final residual = 0.00042042589, No Iterations 3
GAMG:  Solving for p, Initial residual = 0.029554069, Final residual = 0.0001636451, No Iterations 3
GAMG:  Solving for p, Initial residual = 0.00062123726, Final residual = 3.4584468e-06, No Iterations 4
time step continuity errors : sum local = 7.6342748e-05, global = -1.7003954e-05, cumulative = 0.00035732152
smoothSolver:  Solving for omega, Initial residual = 0.0013529614, Final residual = 7.8588658e-06, No Iterations 2
smoothSolver:  Solving for k, Initial residual = 0.019132682, Final residual = 0.0001816809, No Iterations 2
ExecutionTime = 194.71011 s  ClockTime = 195 s

Time = 145s

smoothSolver:  Solving for Ux, Initial residual = 0.0086008474, Final residual = 0.00012044292, No Iterations 3
smoothSolver:  Solving for Uy, Initial residual = 0.030824628, Final residual = 0.00043714048, No Iterations 3
smoothSolver:  Solving for Uz, Initial residual = 0.029658639, Final residual = 0.00042342432, No Iterations 3
GAMG:  Solving for p, Initial residual = 0.029735834, Final residual = 0.00016901622, No Iterations 3
GAMG:  Solving for p, Initial residual = 0.0006264542, Final residual = 4.0450964e-06, No Iterations 4
time step continuity errors : sum local = 8.8174202e-05, global = 1.6305696e-05, cumulative = 0.00037362722
smoothSolver:  Solving for omega, Initial residual = 0.001349782, Final residual = 7.8268281e-06, No Iterations 2
smoothSolver:  Solving for k, Initial residual = 0.018933065, Final residual = 0.0001763585, No Iterations 2
ExecutionTime = 196.04636 s  ClockTime = 197 s

Time = 146s

smoothSolver:  Solving for Ux, Initial residual = 0.0085531264, Final residual = 0.00011948018, No Iterations 3
smoothSolver:  Solving for Uy, Initial residual = 0.031198845, Final residual = 0.00044238414, No Iterations 3
smoothSolver:  Solving for Uz, Initial residual = 0.029935559, Final residual = 0.00042650578, No Iterations 3
GAMG:  Solving for p, Initial residual = 0.029838044, Final residual = 0.00017569758, No Iterations 3
GAMG:  Solving for p, Initial residual = 0.00063011984, Final residual = 5.0273162e-06, No Iterations 4
time step continuity errors : sum local = 0.00010825196, global = 2.9274564e-05, cumulative = 0.00040290178
smoothSolver:  Solving for omega, Initial residual = 0.0013396788, Final residual = 7.6827411e-06, No Iterations 2
smoothSolver:  Solving for k, Initial residual = 0.018711619, Final residual = 0.00017096954, No Iterations 2
ExecutionTime = 197.44033 s  ClockTime = 198 s

Time = 147s

smoothSolver:  Solving for Ux, Initial residual = 0.0085024507, Final residual = 0.00011838285, No Iterations 3
smoothSolver:  Solving for Uy, Initial residual = 0.031565892, Final residual = 0.00044751844, No Iterations 3
smoothSolver:  Solving for Uz, Initial residual = 0.030222629, Final residual = 0.00042952429, No Iterations 3
GAMG:  Solving for p, Initial residual = 0.029910407, Final residual = 0.00018351802, No Iterations 3
GAMG:  Solving for p, Initial residual = 0.00063668799, Final residual = 6.3445746e-06, No Iterations 4
time step continuity errors : sum local = 0.00013490119, global = 3.9549991e-05, cumulative = 0.00044245177
smoothSolver:  Solving for omega, Initial residual = 0.0013303652, Final residual = 7.5943065e-06, No Iterations 2
smoothSolver:  Solving for k, Initial residual = 0.018500022, Final residual = 0.00016528436, No Iterations 2
ExecutionTime = 198.85229 s  ClockTime = 199 s

Time = 148s

smoothSolver:  Solving for Ux, Initial residual = 0.0084490304, Final residual = 0.00011714669, No Iterations 3
smoothSolver:  Solving for Uy, Initial residual = 0.031931863, Final residual = 0.00045236394, No Iterations 3
smoothSolver:  Solving for Uz, Initial residual = 0.030532098, Final residual = 0.00043250928, No Iterations 3
GAMG:  Solving for p, Initial residual = 0.030008987, Final residual = 0.00019057747, No Iterations 3
GAMG:  Solving for p, Initial residual = 0.00064514065, Final residual = 3.4660736e-06, No Iterations 5
time step continuity errors : sum local = 7.2761625e-05, global = -1.5340774e-05, cumulative = 0.000427111
smoothSolver:  Solving for omega, Initial residual = 0.0013220835, Final residual = 7.6062484e-06, No Iterations 2
smoothSolver:  Solving for k, Initial residual = 0.018282354, Final residual = 0.00015958012, No Iterations 2
ExecutionTime = 200.38999 s  ClockTime = 201 s

Time = 149s

smoothSolver:  Solving for Ux, Initial residual = 0.0083907551, Final residual = 0.00011574994, No Iterations 3
smoothSolver:  Solving for Uy, Initial residual = 0.032280418, Final residual = 0.00045676732, No Iterations 3
smoothSolver:  Solving for Uz, Initial residual = 0.030828907, Final residual = 0.00043530366, No Iterations 3
GAMG:  Solving for p, Initial residual = 0.030218679, Final residual = 0.00019665658, No Iterations 3
GAMG:  Solving for p, Initial residual = 0.00065329385, Final residual = 3.6887261e-06, No Iterations 5
time step continuity errors : sum local = 7.6437409e-05, global = -2.0323853e-05, cumulative = 0.00040678714
smoothSolver:  Solving for omega, Initial residual = 0.0013159011, Final residual = 7.5843709e-06, No Iterations 2
smoothSolver:  Solving for k, Initial residual = 0.018065305, Final residual = 0.00015402783, No Iterations 2
ExecutionTime = 201.48633 s  ClockTime = 202 s

Time = 150s

smoothSolver:  Solving for Ux, Initial residual = 0.0083234264, Final residual = 0.00011418613, No Iterations 3
smoothSolver:  Solving for Uy, Initial residual = 0.032618839, Final residual = 0.00046079271, No Iterations 3
smoothSolver:  Solving for Uz, Initial residual = 0.03113184, Final residual = 0.00043792677, No Iterations 3
GAMG:  Solving for p, Initial residual = 0.030489264, Final residual = 0.00020092163, No Iterations 3
GAMG:  Solving for p, Initial residual = 0.00065467858, Final residual = 3.5613191e-06, No Iterations 5
time step continuity errors : sum local = 7.2849143e-05, global = -2.064016e-05, cumulative = 0.00038614698
smoothSolver:  Solving for omega, Initial residual = 0.0013063612, Final residual = 7.4506703e-06, No Iterations 2
smoothSolver:  Solving for k, Initial residual = 0.017871448, Final residual = 0.00014921913, No Iterations 2
ExecutionTime = 202.70426 s  ClockTime = 203 s

Time = 151s

smoothSolver:  Solving for Ux, Initial residual = 0.0082494476, Final residual = 0.00011245659, No Iterations 3
smoothSolver:  Solving for Uy, Initial residual = 0.032944461, Final residual = 0.00046444802, No Iterations 3
smoothSolver:  Solving for Uz, Initial residual = 0.031417058, Final residual = 0.00044028621, No Iterations 3
GAMG:  Solving for p, Initial residual = 0.030769822, Final residual = 0.00020444054, No Iterations 3
GAMG:  Solving for p, Initial residual = 0.00065505209, Final residual = 6.3366238e-06, No Iterations 4
time step continuity errors : sum local = 0.0001278649, global = 3.2407802e-05, cumulative = 0.00041855478
smoothSolver:  Solving for omega, Initial residual = 0.0012942501, Final residual = 7.4069518e-06, No Iterations 2
smoothSolver:  Solving for k, Initial residual = 0.017689119, Final residual = 0.00014528536, No Iterations 2
ExecutionTime = 203.82021 s  ClockTime = 204 s

Time = 152s

smoothSolver:  Solving for Ux, Initial residual = 0.0081650748, Final residual = 0.00011060516, No Iterations 3
smoothSolver:  Solving for Uy, Initial residual = 0.033249188, Final residual = 0.00046781133, No Iterations 3
smoothSolver:  Solving for Uz, Initial residual = 0.031694186, Final residual = 0.00044247748, No Iterations 3
GAMG:  Solving for p, Initial residual = 0.031148757, Final residual = 0.00020835445, No Iterations 3
GAMG:  Solving for p, Initial residual = 0.00065841188, Final residual = 5.9580067e-06, No Iterations 4
time step continuity errors : sum local = 0.00011836804, global = 3.0087128e-05, cumulative = 0.00044864191
smoothSolver:  Solving for omega, Initial residual = 0.0012868837, Final residual = 7.4232485e-06, No Iterations 2
smoothSolver:  Solving for k, Initial residual = 0.017544565, Final residual = 0.00014213302, No Iterations 2
ExecutionTime = 204.96957 s  ClockTime = 206 s

Time = 153s

smoothSolver:  Solving for Ux, Initial residual = 0.0080749248, Final residual = 0.0001086609, No Iterations 3
smoothSolver:  Solving for Uy, Initial residual = 0.033546196, Final residual = 0.00047044772, No Iterations 3
smoothSolver:  Solving for Uz, Initial residual = 0.031940315, Final residual = 0.00044445978, No Iterations 3
GAMG:  Solving for p, Initial residual = 0.031520077, Final residual = 0.00021206774, No Iterations 3
GAMG:  Solving for p, Initial residual = 0.00066332515, Final residual = 5.519941e-06, No Iterations 4
time step continuity errors : sum local = 0.00010777127, global = 2.7168484e-05, cumulative = 0.0004758104
smoothSolver:  Solving for omega, Initial residual = 0.0012801018, Final residual = 7.4157653e-06, No Iterations 2
smoothSolver:  Solving for k, Initial residual = 0.017427628, Final residual = 0.00013932115, No Iterations 2
ExecutionTime = 206.12363 s  ClockTime = 207 s

Time = 154s

smoothSolver:  Solving for Ux, Initial residual = 0.007979428, Final residual = 0.0001066045, No Iterations 3
smoothSolver:  Solving for Uy, Initial residual = 0.033835248, Final residual = 0.00047281573, No Iterations 3
smoothSolver:  Solving for Uz, Initial residual = 0.032193488, Final residual = 0.00044680026, No Iterations 3
GAMG:  Solving for p, Initial residual = 0.031835398, Final residual = 0.0002165262, No Iterations 3
GAMG:  Solving for p, Initial residual = 0.00067345459, Final residual = 5.3150207e-06, No Iterations 4
time step continuity errors : sum local = 0.00010204905, global = 2.3879784e-05, cumulative = 0.00049969018
smoothSolver:  Solving for omega, Initial residual = 0.0012654414, Final residual = 7.3163371e-06, No Iterations 2
smoothSolver:  Solving for k, Initial residual = 0.017298322, Final residual = 0.00013719587, No Iterations 2
ExecutionTime = 207.3784 s  ClockTime = 208 s

Time = 155s

smoothSolver:  Solving for Ux, Initial residual = 0.0078757463, Final residual = 0.00010441114, No Iterations 3
smoothSolver:  Solving for Uy, Initial residual = 0.03410228, Final residual = 0.00047523797, No Iterations 3
smoothSolver:  Solving for Uz, Initial residual = 0.032455699, Final residual = 0.00044988453, No Iterations 3
GAMG:  Solving for p, Initial residual = 0.032054262, Final residual = 0.00021998285, No Iterations 3
GAMG:  Solving for p, Initial residual = 0.0006840808, Final residual = 5.2527696e-06, No Iterations 4
time step continuity errors : sum local = 9.9394738e-05, global = 2.1153181e-05, cumulative = 0.00052084336
smoothSolver:  Solving for omega, Initial residual = 0.0012514247, Final residual = 7.2724849e-06, No Iterations 2
smoothSolver:  Solving for k, Initial residual = 0.017207849, Final residual = 0.00013574141, No Iterations 2
ExecutionTime = 208.96062 s  ClockTime = 210 s

Time = 156s

smoothSolver:  Solving for Ux, Initial residual = 0.0077676861, Final residual = 0.00010212093, No Iterations 3
smoothSolver:  Solving for Uy, Initial residual = 0.034360297, Final residual = 0.00047808741, No Iterations 3
smoothSolver:  Solving for Uz, Initial residual = 0.032715154, Final residual = 0.00045383021, No Iterations 3
GAMG:  Solving for p, Initial residual = 0.032509463, Final residual = 0.00022379628, No Iterations 3
GAMG:  Solving for p, Initial residual = 0.0006943731, Final residual = 5.2195087e-06, No Iterations 4
time step continuity errors : sum local = 9.6958138e-05, global = 1.8819379e-05, cumulative = 0.00053966274
smoothSolver:  Solving for omega, Initial residual = 0.001244174, Final residual = 7.3876547e-06, No Iterations 2
smoothSolver:  Solving for k, Initial residual = 0.01714895, Final residual = 0.00013485671, No Iterations 2
ExecutionTime = 210.43871 s  ClockTime = 211 s

Time = 157s

smoothSolver:  Solving for Ux, Initial residual = 0.007655216, Final residual = 9.9775396e-05, No Iterations 3
smoothSolver:  Solving for Uy, Initial residual = 0.034625589, Final residual = 0.00048193251, No Iterations 3
smoothSolver:  Solving for Uz, Initial residual = 0.033003324, Final residual = 0.00045878949, No Iterations 3
GAMG:  Solving for p, Initial residual = 0.0331683, Final residual = 0.0002285548, No Iterations 3
GAMG:  Solving for p, Initial residual = 0.00070806496, Final residual = 5.2520887e-06, No Iterations 4
time step continuity errors : sum local = 9.5318628e-05, global = 1.745797e-05, cumulative = 0.00055712071
smoothSolver:  Solving for omega, Initial residual = 0.0012408511, Final residual = 7.3862895e-06, No Iterations 2
smoothSolver:  Solving for k, Initial residual = 0.017102253, Final residual = 0.00013482161, No Iterations 2
ExecutionTime = 212.19458 s  ClockTime = 213 s

Time = 158s

smoothSolver:  Solving for Ux, Initial residual = 0.0075361453, Final residual = 9.7409312e-05, No Iterations 3
smoothSolver:  Solving for Uy, Initial residual = 0.034901147, Final residual = 0.00048707496, No Iterations 3
smoothSolver:  Solving for Uz, Initial residual = 0.03330905, Final residual = 0.00046522312, No Iterations 3
GAMG:  Solving for p, Initial residual = 0.033708319, Final residual = 0.00023148493, No Iterations 3
GAMG:  Solving for p, Initial residual = 0.00071709936, Final residual = 5.1675943e-06, No Iterations 4
time step continuity errors : sum local = 9.1662844e-05, global = 1.5883334e-05, cumulative = 0.00057300405
smoothSolver:  Solving for omega, Initial residual = 0.0012323194, Final residual = 7.3548507e-06, No Iterations 2
smoothSolver:  Solving for k, Initial residual = 0.017109376, Final residual = 0.00013434035, No Iterations 2
ExecutionTime = 213.99281 s  ClockTime = 215 s

Time = 159s

smoothSolver:  Solving for Ux, Initial residual = 0.0074118511, Final residual = 9.5061372e-05, No Iterations 3
smoothSolver:  Solving for Uy, Initial residual = 0.035188113, Final residual = 0.00049338577, No Iterations 3
smoothSolver:  Solving for Uz, Initial residual = 0.033658139, Final residual = 0.00047305584, No Iterations 3
GAMG:  Solving for p, Initial residual = 0.034147872, Final residual = 0.0002342749, No Iterations 3
GAMG:  Solving for p, Initial residual = 0.00072817804, Final residual = 4.8231346e-06, No Iterations 4
time step continuity errors : sum local = 8.3606147e-05, global = 1.2972086e-05, cumulative = 0.00058597613
smoothSolver:  Solving for omega, Initial residual = 0.0012270753, Final residual = 7.4450123e-06, No Iterations 2
smoothSolver:  Solving for k, Initial residual = 0.017122779, Final residual = 0.0001342892, No Iterations 2
ExecutionTime = 215.49706 s  ClockTime = 216 s

Time = 160s

smoothSolver:  Solving for Ux, Initial residual = 0.0072829632, Final residual = 9.2754985e-05, No Iterations 3
smoothSolver:  Solving for Uy, Initial residual = 0.035483489, Final residual = 0.0005000091, No Iterations 3
smoothSolver:  Solving for Uz, Initial residual = 0.034026785, Final residual = 0.00048157255, No Iterations 3
GAMG:  Solving for p, Initial residual = 0.034543333, Final residual = 0.00023722663, No Iterations 3
GAMG:  Solving for p, Initial residual = 0.00073739374, Final residual = 4.4195625e-06, No Iterations 4
time step continuity errors : sum local = 7.4808049e-05, global = 9.7890447e-06, cumulative = 0.00059576518
smoothSolver:  Solving for omega, Initial residual = 0.0012233742, Final residual = 7.49208e-06, No Iterations 2
smoothSolver:  Solving for k, Initial residual = 0.017194485, Final residual = 0.00013361759, No Iterations 2
ExecutionTime = 216.58262 s  ClockTime = 217 s

Time = 161s

smoothSolver:  Solving for Ux, Initial residual = 0.0071502073, Final residual = 9.0537476e-05, No Iterations 3
smoothSolver:  Solving for Uy, Initial residual = 0.03583493, Final residual = 0.0005060696, No Iterations 3
smoothSolver:  Solving for Uz, Initial residual = 0.034455628, Final residual = 0.0004898633, No Iterations 3
GAMG:  Solving for p, Initial residual = 0.034887456, Final residual = 0.00023975395, No Iterations 3
GAMG:  Solving for p, Initial residual = 0.00074701559, Final residual = 4.1641127e-06, No Iterations 4
time step continuity errors : sum local = 6.8755426e-05, global = 7.2336902e-06, cumulative = 0.00060299887
smoothSolver:  Solving for omega, Initial residual = 0.0012213162, Final residual = 7.4719647e-06, No Iterations 2
smoothSolver:  Solving for k, Initial residual = 0.017265078, Final residual = 0.00013339509, No Iterations 2
ExecutionTime = 217.65058 s  ClockTime = 218 s

Time = 162s

smoothSolver:  Solving for Ux, Initial residual = 0.0070139326, Final residual = 8.8418832e-05, No Iterations 3
smoothSolver:  Solving for Uy, Initial residual = 0.036231526, Final residual = 0.00051109934, No Iterations 3
smoothSolver:  Solving for Uz, Initial residual = 0.034932436, Final residual = 0.00049673859, No Iterations 3
GAMG:  Solving for p, Initial residual = 0.035169286, Final residual = 0.00024277301, No Iterations 3
GAMG:  Solving for p, Initial residual = 0.00075484307, Final residual = 3.990057e-06, No Iterations 4
time step continuity errors : sum local = 6.4268222e-05, global = 6.6994171e-06, cumulative = 0.00060969828
smoothSolver:  Solving for omega, Initial residual = 0.0012116507, Final residual = 7.5267777e-06, No Iterations 2
smoothSolver:  Solving for k, Initial residual = 0.017275375, Final residual = 0.00013254055, No Iterations 2
ExecutionTime = 218.82661 s  ClockTime = 219 s

Time = 163s

smoothSolver:  Solving for Ux, Initial residual = 0.0068754799, Final residual = 8.6412077e-05, No Iterations 3
smoothSolver:  Solving for Uy, Initial residual = 0.036629461, Final residual = 0.00051455153, No Iterations 3
smoothSolver:  Solving for Uz, Initial residual = 0.03542397, Final residual = 0.0005017482, No Iterations 3
GAMG:  Solving for p, Initial residual = 0.035558922, Final residual = 0.00026109116, No Iterations 3
GAMG:  Solving for p, Initial residual = 0.00077595395, Final residual = 6.8051667e-06, No Iterations 4
time step continuity errors : sum local = 0.00010697672, global = -1.4873463e-05, cumulative = 0.00059482482
smoothSolver:  Solving for omega, Initial residual = 0.0012083501, Final residual = 7.5534931e-06, No Iterations 2
smoothSolver:  Solving for k, Initial residual = 0.017205613, Final residual = 0.00013107094, No Iterations 2
ExecutionTime = 220.00072 s  ClockTime = 221 s

Time = 164s

smoothSolver:  Solving for Ux, Initial residual = 0.0067381105, Final residual = 8.453414e-05, No Iterations 3
smoothSolver:  Solving for Uy, Initial residual = 0.036996661, Final residual = 0.00051592718, No Iterations 3
smoothSolver:  Solving for Uz, Initial residual = 0.035884416, Final residual = 0.00050441857, No Iterations 3
GAMG:  Solving for p, Initial residual = 0.035970289, Final residual = 0.00028874597, No Iterations 3
GAMG:  Solving for p, Initial residual = 0.00079749798, Final residual = 3.0986549e-06, No Iterations 5
time step continuity errors : sum local = 4.7592467e-05, global = 1.030307e-05, cumulative = 0.00060512789
smoothSolver:  Solving for omega, Initial residual = 0.001202747, Final residual = 7.5283174e-06, No Iterations 2
smoothSolver:  Solving for k, Initial residual = 0.017108862, Final residual = 0.00013027948, No Iterations 2
ExecutionTime = 221.22774 s  ClockTime = 222 s

Time = 165s

smoothSolver:  Solving for Ux, Initial residual = 0.0066059398, Final residual = 8.2844968e-05, No Iterations 3
smoothSolver:  Solving for Uy, Initial residual = 0.037316807, Final residual = 0.00051507262, No Iterations 3
smoothSolver:  Solving for Uz, Initial residual = 0.03628816, Final residual = 0.00050438739, No Iterations 3
GAMG:  Solving for p, Initial residual = 0.036498092, Final residual = 0.0002795537, No Iterations 3
GAMG:  Solving for p, Initial residual = 0.00077826021, Final residual = 3.332646e-06, No Iterations 5
time step continuity errors : sum local = 5.0020269e-05, global = 1.0216717e-05, cumulative = 0.00061534461
smoothSolver:  Solving for omega, Initial residual = 0.0011946653, Final residual = 7.4807647e-06, No Iterations 2
smoothSolver:  Solving for k, Initial residual = 0.016928385, Final residual = 0.00012847625, No Iterations 2
ExecutionTime = 222.35323 s  ClockTime = 223 s

Time = 166s

smoothSolver:  Solving for Ux, Initial residual = 0.006480738, Final residual = 8.135228e-05, No Iterations 3
smoothSolver:  Solving for Uy, Initial residual = 0.037531986, Final residual = 0.00051213803, No Iterations 3
smoothSolver:  Solving for Uz, Initial residual = 0.03658315, Final residual = 0.00050203857, No Iterations 3
GAMG:  Solving for p, Initial residual = 0.037356609, Final residual = 0.00027827299, No Iterations 3
GAMG:  Solving for p, Initial residual = 0.00077309249, Final residual = 3.515372e-06, No Iterations 5
time step continuity errors : sum local = 5.1076145e-05, global = 1.1468109e-05, cumulative = 0.00062681272
smoothSolver:  Solving for omega, Initial residual = 0.0011818013, Final residual = 7.4192934e-06, No Iterations 2
smoothSolver:  Solving for k, Initial residual = 0.016704367, Final residual = 0.00012712241, No Iterations 2
ExecutionTime = 223.4647 s  ClockTime = 224 s

Time = 167s

smoothSolver:  Solving for Ux, Initial residual = 0.0063655136, Final residual = 8.0095322e-05, No Iterations 3
smoothSolver:  Solving for Uy, Initial residual = 0.037593398, Final residual = 0.00050735033, No Iterations 3
smoothSolver:  Solving for Uz, Initial residual = 0.036730216, Final residual = 0.00049750685, No Iterations 3
GAMG:  Solving for p, Initial residual = 0.037997365, Final residual = 0.00028148825, No Iterations 3
GAMG:  Solving for p, Initial residual = 0.00077452106, Final residual = 3.705451e-06, No Iterations 5
time step continuity errors : sum local = 5.2164182e-05, global = 1.3469849e-05, cumulative = 0.00064028257
smoothSolver:  Solving for omega, Initial residual = 0.0011672727, Final residual = 7.3889087e-06, No Iterations 2
smoothSolver:  Solving for k, Initial residual = 0.016436117, Final residual = 0.00012590391, No Iterations 2
ExecutionTime = 224.67763 s  ClockTime = 225 s

Time = 168s

smoothSolver:  Solving for Ux, Initial residual = 0.0062608492, Final residual = 7.9072228e-05, No Iterations 3
smoothSolver:  Solving for Uy, Initial residual = 0.037497698, Final residual = 0.00050165336, No Iterations 3
smoothSolver:  Solving for Uz, Initial residual = 0.036696458, Final residual = 0.00049136389, No Iterations 3
GAMG:  Solving for p, Initial residual = 0.038017595, Final residual = 0.00028091244, No Iterations 3
GAMG:  Solving for p, Initial residual = 0.00076986174, Final residual = 3.9506185e-06, No Iterations 5
time step continuity errors : sum local = 5.4291559e-05, global = 1.5490868e-05, cumulative = 0.00065577343
smoothSolver:  Solving for omega, Initial residual = 0.0011574178, Final residual = 7.3544686e-06, No Iterations 2
smoothSolver:  Solving for k, Initial residual = 0.016118846, Final residual = 0.00012453374, No Iterations 2
ExecutionTime = 226.14851 s  ClockTime = 227 s

Time = 169s

smoothSolver:  Solving for Ux, Initial residual = 0.0061663223, Final residual = 7.8258287e-05, No Iterations 3
smoothSolver:  Solving for Uy, Initial residual = 0.037260991, Final residual = 0.00049583659, No Iterations 3
smoothSolver:  Solving for Uz, Initial residual = 0.036516644, Final residual = 0.00048493242, No Iterations 3
GAMG:  Solving for p, Initial residual = 0.037754526, Final residual = 0.00027403858, No Iterations 3
GAMG:  Solving for p, Initial residual = 0.00076282989, Final residual = 4.368779e-06, No Iterations 5
time step continuity errors : sum local = 5.8793997e-05, global = 1.8134505e-05, cumulative = 0.00067390794
smoothSolver:  Solving for omega, Initial residual = 0.0011474995, Final residual = 7.3836035e-06, No Iterations 2
smoothSolver:  Solving for k, Initial residual = 0.015803041, Final residual = 0.00012370253, No Iterations 2
ExecutionTime = 227.37921 s  ClockTime = 228 s

Time = 170s

smoothSolver:  Solving for Ux, Initial residual = 0.0060820467, Final residual = 7.7676233e-05, No Iterations 3
smoothSolver:  Solving for Uy, Initial residual = 0.036905636, Final residual = 0.00049034582, No Iterations 3
smoothSolver:  Solving for Uz, Initial residual = 0.03621001, Final residual = 0.00047848821, No Iterations 3
GAMG:  Solving for p, Initial residual = 0.037312354, Final residual = 0.00026172665, No Iterations 3
GAMG:  Solving for p, Initial residual = 0.00075365588, Final residual = 4.8196827e-06, No Iterations 5
time step continuity errors : sum local = 6.3726346e-05, global = 2.0764897e-05, cumulative = 0.00069467284
smoothSolver:  Solving for omega, Initial residual = 0.0011369693, Final residual = 7.3602756e-06, No Iterations 2
smoothSolver:  Solving for k, Initial residual = 0.015474893, Final residual = 0.0001227436, No Iterations 2
ExecutionTime = 228.58789 s  ClockTime = 229 s

Time = 171s

smoothSolver:  Solving for Ux, Initial residual = 0.0060074066, Final residual = 7.7302266e-05, No Iterations 3
smoothSolver:  Solving for Uy, Initial residual = 0.036484788, Final residual = 0.00048583463, No Iterations 3
smoothSolver:  Solving for Uz, Initial residual = 0.035807371, Final residual = 0.000472773, No Iterations 3
GAMG:  Solving for p, Initial residual = 0.036714916, Final residual = 0.00024391324, No Iterations 3
GAMG:  Solving for p, Initial residual = 0.00074223956, Final residual = 5.128238e-06, No Iterations 5
time step continuity errors : sum local = 6.6792479e-05, global = 2.2512219e-05, cumulative = 0.00071718506
smoothSolver:  Solving for omega, Initial residual = 0.0011257097, Final residual = 7.3761918e-06, No Iterations 2
smoothSolver:  Solving for k, Initial residual = 0.015169333, Final residual = 0.00012212396, No Iterations 2
ExecutionTime = 230.25108 s  ClockTime = 231 s

Time = 172s

smoothSolver:  Solving for Ux, Initial residual = 0.0059470244, Final residual = 7.7120414e-05, No Iterations 3
smoothSolver:  Solving for Uy, Initial residual = 0.036042873, Final residual = 0.00048237253, No Iterations 3
smoothSolver:  Solving for Uz, Initial residual = 0.035338245, Final residual = 0.00046794876, No Iterations 3
GAMG:  Solving for p, Initial residual = 0.036013194, Final residual = 0.00022347778, No Iterations 3
GAMG:  Solving for p, Initial residual = 0.00072783291, Final residual = 5.2704527e-06, No Iterations 5
time step continuity errors : sum local = 6.783585e-05, global = 2.2338435e-05, cumulative = 0.00073952349
smoothSolver:  Solving for omega, Initial residual = 0.0011170717, Final residual = 7.3699749e-06, No Iterations 2
smoothSolver:  Solving for k, Initial residual = 0.014876319, Final residual = 0.00012136152, No Iterations 2
ExecutionTime = 232.07261 s  ClockTime = 233 s

Time = 173s

smoothSolver:  Solving for Ux, Initial residual = 0.0058973967, Final residual = 7.7063762e-05, No Iterations 3
smoothSolver:  Solving for Uy, Initial residual = 0.035621845, Final residual = 0.00047996151, No Iterations 3
smoothSolver:  Solving for Uz, Initial residual = 0.034855598, Final residual = 0.00046408674, No Iterations 3
GAMG:  Solving for p, Initial residual = 0.035199679, Final residual = 0.00020521037, No Iterations 3
GAMG:  Solving for p, Initial residual = 0.00071591048, Final residual = 4.0790863e-06, No Iterations 5
time step continuity errors : sum local = 5.2038875e-05, global = 1.3830494e-05, cumulative = 0.00075335398
smoothSolver:  Solving for omega, Initial residual = 0.0011113655, Final residual = 7.3945446e-06, No Iterations 2
smoothSolver:  Solving for k, Initial residual = 0.014606277, Final residual = 0.00012050614, No Iterations 2
ExecutionTime = 233.6048 s  ClockTime = 234 s

Time = 174s

smoothSolver:  Solving for Ux, Initial residual = 0.005853312, Final residual = 7.7025829e-05, No Iterations 3
smoothSolver:  Solving for Uy, Initial residual = 0.035232767, Final residual = 0.00047847594, No Iterations 3
smoothSolver:  Solving for Uz, Initial residual = 0.034392533, Final residual = 0.00046122853, No Iterations 3
GAMG:  Solving for p, Initial residual = 0.034333875, Final residual = 0.00019297215, No Iterations 3
GAMG:  Solving for p, Initial residual = 0.00070989516, Final residual = 4.1628388e-06, No Iterations 4
time step continuity errors : sum local = 5.2739652e-05, global = -1.0436097e-07, cumulative = 0.00075324962
smoothSolver:  Solving for omega, Initial residual = 0.0011003867, Final residual = 7.3590988e-06, No Iterations 2
smoothSolver:  Solving for k, Initial residual = 0.014379941, Final residual = 0.00011995878, No Iterations 2
ExecutionTime = 235.17298 s  ClockTime = 236 s

Time = 175s

smoothSolver:  Solving for Ux, Initial residual = 0.005813484, Final residual = 7.6965196e-05, No Iterations 3
smoothSolver:  Solving for Uy, Initial residual = 0.034906863, Final residual = 0.00047775825, No Iterations 3
smoothSolver:  Solving for Uz, Initial residual = 0.03397535, Final residual = 0.00045911075, No Iterations 3
GAMG:  Solving for p, Initial residual = 0.033483094, Final residual = 0.00018580064, No Iterations 3
GAMG:  Solving for p, Initial residual = 0.00070666724, Final residual = 5.919471e-06, No Iterations 4
time step continuity errors : sum local = 7.4620744e-05, global = -1.7248878e-05, cumulative = 0.00073600075
smoothSolver:  Solving for omega, Initial residual = 0.0010934373, Final residual = 7.3156872e-06, No Iterations 2
smoothSolver:  Solving for k, Initial residual = 0.014169212, Final residual = 0.00011909348, No Iterations 2
ExecutionTime = 236.73655 s  ClockTime = 237 s

Time = 176s

smoothSolver:  Solving for Ux, Initial residual = 0.0057747618, Final residual = 7.6862606e-05, No Iterations 3
smoothSolver:  Solving for Uy, Initial residual = 0.034630957, Final residual = 0.00047781668, No Iterations 3
smoothSolver:  Solving for Uz, Initial residual = 0.033610446, Final residual = 0.00045779385, No Iterations 3
GAMG:  Solving for p, Initial residual = 0.032738978, Final residual = 0.00018372959, No Iterations 3
GAMG:  Solving for p, Initial residual = 0.00070557243, Final residual = 5.6321995e-06, No Iterations 4
time step continuity errors : sum local = 7.0722688e-05, global = 2.2093257e-05, cumulative = 0.000758094
smoothSolver:  Solving for omega, Initial residual = 0.0010899511, Final residual = 7.3936208e-06, No Iterations 2
smoothSolver:  Solving for k, Initial residual = 0.013986842, Final residual = 0.00011835926, No Iterations 2
ExecutionTime = 238.39061 s  ClockTime = 239 s

Time = 177s

smoothSolver:  Solving for Ux, Initial residual = 0.0057351963, Final residual = 7.6704383e-05, No Iterations 3
smoothSolver:  Solving for Uy, Initial residual = 0.034405697, Final residual = 0.00047809826, No Iterations 3
smoothSolver:  Solving for Uz, Initial residual = 0.033307718, Final residual = 0.00045708365, No Iterations 3
GAMG:  Solving for p, Initial residual = 0.032108805, Final residual = 0.00018342859, No Iterations 3
GAMG:  Solving for p, Initial residual = 0.00070581134, Final residual = 6.6499234e-06, No Iterations 4
time step continuity errors : sum local = 8.322304e-05, global = 1.339843e-05, cumulative = 0.00077149243
smoothSolver:  Solving for omega, Initial residual = 0.001088841, Final residual = 7.3941781e-06, No Iterations 2
smoothSolver:  Solving for k, Initial residual = 0.013817827, Final residual = 0.00011777922, No Iterations 2
ExecutionTime = 239.85449 s  ClockTime = 240 s

Time = 178s

smoothSolver:  Solving for Ux, Initial residual = 0.0056940605, Final residual = 7.6486554e-05, No Iterations 3
smoothSolver:  Solving for Uy, Initial residual = 0.034216823, Final residual = 0.0004785282, No Iterations 3
smoothSolver:  Solving for Uz, Initial residual = 0.033066943, Final residual = 0.00045678079, No Iterations 3
GAMG:  Solving for p, Initial residual = 0.03152742, Final residual = 0.00018289862, No Iterations 3
GAMG:  Solving for p, Initial residual = 0.00070508925, Final residual = 6.7314391e-06, No Iterations 4
time step continuity errors : sum local = 8.4042887e-05, global = 1.2212687e-05, cumulative = 0.00078370512
smoothSolver:  Solving for omega, Initial residual = 0.0010805386, Final residual = 7.3202947e-06, No Iterations 2
smoothSolver:  Solving for k, Initial residual = 0.013663397, Final residual = 0.00011730382, No Iterations 2
ExecutionTime = 241.2144 s  ClockTime = 242 s

Time = 179s

smoothSolver:  Solving for Ux, Initial residual = 0.0056492565, Final residual = 7.6206432e-05, No Iterations 3
smoothSolver:  Solving for Uy, Initial residual = 0.034063967, Final residual = 0.00047887555, No Iterations 3
smoothSolver:  Solving for Uz, Initial residual = 0.032876395, Final residual = 0.00045661935, No Iterations 3
GAMG:  Solving for p, Initial residual = 0.030974035, Final residual = 0.00018169484, No Iterations 3
GAMG:  Solving for p, Initial residual = 0.00070101009, Final residual = 6.7694273e-06, No Iterations 4
time step continuity errors : sum local = 8.4369904e-05, global = 1.1057148e-05, cumulative = 0.00079476227
smoothSolver:  Solving for omega, Initial residual = 0.0010738359, Final residual = 7.3737722e-06, No Iterations 2
smoothSolver:  Solving for k, Initial residual = 0.013503962, Final residual = 0.00011681629, No Iterations 2
ExecutionTime = 242.4857 s  ClockTime = 243 s

Time = 180s

smoothSolver:  Solving for Ux, Initial residual = 0.0055996566, Final residual = 7.5852697e-05, No Iterations 3
smoothSolver:  Solving for Uy, Initial residual = 0.03392115, Final residual = 0.0004789933, No Iterations 3
smoothSolver:  Solving for Uz, Initial residual = 0.0327267, Final residual = 0.00045651327, No Iterations 3
GAMG:  Solving for p, Initial residual = 0.030399163, Final residual = 0.00018393672, No Iterations 3
GAMG:  Solving for p, Initial residual = 0.0007000171, Final residual = 6.8250508e-06, No Iterations 4
time step continuity errors : sum local = 8.4991028e-05, global = 1.0886583e-05, cumulative = 0.00080564885
smoothSolver:  Solving for omega, Initial residual = 0.0010685417, Final residual = 7.392046e-06, No Iterations 2
smoothSolver:  Solving for k, Initial residual = 0.013345488, Final residual = 0.00011638258, No Iterations 2
ExecutionTime = 243.87479 s  ClockTime = 244 s

Time = 181s

smoothSolver:  Solving for Ux, Initial residual = 0.0055443657, Final residual = 7.5434777e-05, No Iterations 3
smoothSolver:  Solving for Uy, Initial residual = 0.033774621, Final residual = 0.00047873012, No Iterations 3
smoothSolver:  Solving for Uz, Initial residual = 0.032606817, Final residual = 0.00045636867, No Iterations 3
GAMG:  Solving for p, Initial residual = 0.029855697, Final residual = 0.0001883337, No Iterations 3
GAMG:  Solving for p, Initial residual = 0.00069706972, Final residual = 6.7817948e-06, No Iterations 4
time step continuity errors : sum local = 8.4463906e-05, global = 1.1745199e-05, cumulative = 0.00081739405
smoothSolver:  Solving for omega, Initial residual = 0.0010630124, Final residual = 7.3648524e-06, No Iterations 2
smoothSolver:  Solving for k, Initial residual = 0.013184443, Final residual = 0.00011594223, No Iterations 2
ExecutionTime = 245.44527 s  ClockTime = 246 s

Time = 182s

smoothSolver:  Solving for Ux, Initial residual = 0.0054829557, Final residual = 7.4966773e-05, No Iterations 3
smoothSolver:  Solving for Uy, Initial residual = 0.033598735, Final residual = 0.00047807632, No Iterations 3
smoothSolver:  Solving for Uz, Initial residual = 0.032483957, Final residual = 0.0004561131, No Iterations 3
GAMG:  Solving for p, Initial residual = 0.029271397, Final residual = 0.00019123646, No Iterations 3
GAMG:  Solving for p, Initial residual = 0.00068778734, Final residual = 6.7416452e-06, No Iterations 4
time step continuity errors : sum local = 8.4037007e-05, global = 1.3439986e-05, cumulative = 0.00083083403
smoothSolver:  Solving for omega, Initial residual = 0.0010575508, Final residual = 7.3950775e-06, No Iterations 2
smoothSolver:  Solving for k, Initial residual = 0.013017865, Final residual = 0.00011551128, No Iterations 2
ExecutionTime = 247.11526 s  ClockTime = 248 s

Time = 183s

smoothSolver:  Solving for Ux, Initial residual = 0.0054161951, Final residual = 7.4472182e-05, No Iterations 3
smoothSolver:  Solving for Uy, Initial residual = 0.033414122, Final residual = 0.00047720593, No Iterations 3
smoothSolver:  Solving for Uz, Initial residual = 0.032350971, Final residual = 0.0004557599, No Iterations 3
GAMG:  Solving for p, Initial residual = 0.02850119, Final residual = 0.000191093, No Iterations 3
GAMG:  Solving for p, Initial residual = 0.00067365928, Final residual = 3.2907769e-06, No Iterations 5
time step continuity errors : sum local = 4.1087653e-05, global = -1.4768145e-05, cumulative = 0.00081606589
smoothSolver:  Solving for omega, Initial residual = 0.0010501933, Final residual = 7.4118347e-06, No Iterations 2
smoothSolver:  Solving for k, Initial residual = 0.012853182, Final residual = 0.00011506367, No Iterations 2
ExecutionTime = 248.58267 s  ClockTime = 249 s

Time = 184s

smoothSolver:  Solving for Ux, Initial residual = 0.0053464063, Final residual = 7.3957172e-05, No Iterations 3
smoothSolver:  Solving for Uy, Initial residual = 0.033217359, Final residual = 0.00047622622, No Iterations 3
smoothSolver:  Solving for Uz, Initial residual = 0.032203008, Final residual = 0.00045517913, No Iterations 3
GAMG:  Solving for p, Initial residual = 0.02771652, Final residual = 0.00018758477, No Iterations 3
GAMG:  Solving for p, Initial residual = 0.0006565167, Final residual = 3.4154258e-06, No Iterations 5
time step continuity errors : sum local = 4.2724065e-05, global = -1.5823465e-05, cumulative = 0.00080024242
smoothSolver:  Solving for omega, Initial residual = 0.0010414545, Final residual = 7.3915918e-06, No Iterations 2
smoothSolver:  Solving for k, Initial residual = 0.012689579, Final residual = 0.00011461806, No Iterations 2
ExecutionTime = 249.9128 s  ClockTime = 251 s

Time = 185s

smoothSolver:  Solving for Ux, Initial residual = 0.0052746438, Final residual = 7.3415865e-05, No Iterations 3
smoothSolver:  Solving for Uy, Initial residual = 0.033033197, Final residual = 0.00047542538, No Iterations 3
smoothSolver:  Solving for Uz, Initial residual = 0.032032312, Final residual = 0.00045431227, No Iterations 3
GAMG:  Solving for p, Initial residual = 0.027023946, Final residual = 0.00018532947, No Iterations 3
GAMG:  Solving for p, Initial residual = 0.00063693471, Final residual = 3.519924e-06, No Iterations 5
time step continuity errors : sum local = 4.4130837e-05, global = -1.699917e-05, cumulative = 0.00078324325
smoothSolver:  Solving for omega, Initial residual = 0.0010313229, Final residual = 7.4179083e-06, No Iterations 2
smoothSolver:  Solving for k, Initial residual = 0.012526766, Final residual = 0.00011422475, No Iterations 2
ExecutionTime = 251.39494 s  ClockTime = 252 s

Time = 186s

smoothSolver:  Solving for Ux, Initial residual = 0.0052022893, Final residual = 7.2857406e-05, No Iterations 3
smoothSolver:  Solving for Uy, Initial residual = 0.032853612, Final residual = 0.00047484972, No Iterations 3
smoothSolver:  Solving for Uz, Initial residual = 0.031838428, Final residual = 0.00045310625, No Iterations 3
GAMG:  Solving for p, Initial residual = 0.026334345, Final residual = 0.00018197718, No Iterations 3
GAMG:  Solving for p, Initial residual = 0.00061446783, Final residual = 5.2742163e-06, No Iterations 4
time step continuity errors : sum local = 6.6275166e-05, global = 2.1862056e-05, cumulative = 0.00080510531
smoothSolver:  Solving for omega, Initial residual = 0.0010202693, Final residual = 7.3719494e-06, No Iterations 2
smoothSolver:  Solving for k, Initial residual = 0.012364628, Final residual = 0.00011370231, No Iterations 2
ExecutionTime = 252.97362 s  ClockTime = 254 s

Time = 187s

smoothSolver:  Solving for Ux, Initial residual = 0.0051309182, Final residual = 7.2280377e-05, No Iterations 3
smoothSolver:  Solving for Uy, Initial residual = 0.032683302, Final residual = 0.00047422429, No Iterations 3
smoothSolver:  Solving for Uz, Initial residual = 0.031618813, Final residual = 0.00045155775, No Iterations 3
GAMG:  Solving for p, Initial residual = 0.025751183, Final residual = 0.00017947089, No Iterations 3
GAMG:  Solving for p, Initial residual = 0.00059608276, Final residual = 4.9980009e-06, No Iterations 4
time step continuity errors : sum local = 6.2932354e-05, global = -1.1405545e-05, cumulative = 0.00079369976
smoothSolver:  Solving for omega, Initial residual = 0.0010116366, Final residual = 7.3425921e-06, No Iterations 2
smoothSolver:  Solving for k, Initial residual = 0.012206943, Final residual = 0.00011320666, No Iterations 2
ExecutionTime = 254.46495 s  ClockTime = 255 s

Time = 188s

smoothSolver:  Solving for Ux, Initial residual = 0.0050598228, Final residual = 7.16726e-05, No Iterations 3
smoothSolver:  Solving for Uy, Initial residual = 0.032522937, Final residual = 0.00047351682, No Iterations 3
smoothSolver:  Solving for Uz, Initial residual = 0.031385722, Final residual = 0.0004497437, No Iterations 3
GAMG:  Solving for p, Initial residual = 0.025199897, Final residual = 0.00017285117, No Iterations 3
GAMG:  Solving for p, Initial residual = 0.00057967504, Final residual = 4.8048989e-06, No Iterations 4
time step continuity errors : sum local = 6.057531e-05, global = -4.7079794e-06, cumulative = 0.00078899178
smoothSolver:  Solving for omega, Initial residual = 0.0010025982, Final residual = 7.3466832e-06, No Iterations 2
smoothSolver:  Solving for k, Initial residual = 0.012051694, Final residual = 0.00011261608, No Iterations 2
ExecutionTime = 255.75487 s  ClockTime = 256 s

Time = 189s

smoothSolver:  Solving for Ux, Initial residual = 0.0049886101, Final residual = 7.1027847e-05, No Iterations 3
smoothSolver:  Solving for Uy, Initial residual = 0.032377145, Final residual = 0.00047274903, No Iterations 3
smoothSolver:  Solving for Uz, Initial residual = 0.031143331, Final residual = 0.00044741916, No Iterations 3
GAMG:  Solving for p, Initial residual = 0.024743111, Final residual = 0.00016746353, No Iterations 3
GAMG:  Solving for p, Initial residual = 0.00056796656, Final residual = 5.1398164e-06, No Iterations 4
time step continuity errors : sum local = 6.4876013e-05, global = -1.8497511e-05, cumulative = 0.00077049427
smoothSolver:  Solving for omega, Initial residual = 0.00099247343, Final residual = 7.2725184e-06, No Iterations 2
smoothSolver:  Solving for k, Initial residual = 0.011901534, Final residual = 0.00011214161, No Iterations 2
ExecutionTime = 257.05024 s  ClockTime = 258 s

Time = 190s

smoothSolver:  Solving for Ux, Initial residual = 0.0049169003, Final residual = 7.0344248e-05, No Iterations 3
smoothSolver:  Solving for Uy, Initial residual = 0.032233813, Final residual = 0.000471963, No Iterations 3
smoothSolver:  Solving for Uz, Initial residual = 0.030888859, Final residual = 0.00044485996, No Iterations 3
GAMG:  Solving for p, Initial residual = 0.024321812, Final residual = 0.0001609001, No Iterations 3
GAMG:  Solving for p, Initial residual = 0.0005556802, Final residual = 4.9967777e-06, No Iterations 4
time step continuity errors : sum local = 6.3126377e-05, global = -1.8750782e-05, cumulative = 0.00075174349
smoothSolver:  Solving for omega, Initial residual = 0.00097638756, Final residual = 7.1917911e-06, No Iterations 2
smoothSolver:  Solving for k, Initial residual = 0.011755324, Final residual = 0.0001116388, No Iterations 2
ExecutionTime = 258.36703 s  ClockTime = 259 s

Time = 191s

smoothSolver:  Solving for Ux, Initial residual = 0.0048449996, Final residual = 6.9629119e-05, No Iterations 3
smoothSolver:  Solving for Uy, Initial residual = 0.032095324, Final residual = 0.00047109137, No Iterations 3
smoothSolver:  Solving for Uz, Initial residual = 0.030617837, Final residual = 0.0004419831, No Iterations 3
GAMG:  Solving for p, Initial residual = 0.023890376, Final residual = 0.00015378463, No Iterations 3
GAMG:  Solving for p, Initial residual = 0.00054574289, Final residual = 4.6886132e-06, No Iterations 4
time step continuity errors : sum local = 5.9259038e-05, global = -1.795051e-05, cumulative = 0.00073379298
smoothSolver:  Solving for omega, Initial residual = 0.00096497411, Final residual = 7.1827011e-06, No Iterations 2
smoothSolver:  Solving for k, Initial residual = 0.011608049, Final residual = 0.0001110962, No Iterations 2
ExecutionTime = 259.51783 s  ClockTime = 260 s

Time = 192s

smoothSolver:  Solving for Ux, Initial residual = 0.0047739165, Final residual = 6.8885443e-05, No Iterations 3
smoothSolver:  Solving for Uy, Initial residual = 0.031956883, Final residual = 0.00047008423, No Iterations 3
smoothSolver:  Solving for Uz, Initial residual = 0.030330239, Final residual = 0.00043878698, No Iterations 3
GAMG:  Solving for p, Initial residual = 0.023431471, Final residual = 0.00014638558, No Iterations 3
GAMG:  Solving for p, Initial residual = 0.00053497774, Final residual = 4.2217463e-06, No Iterations 4
time step continuity errors : sum local = 5.3360662e-05, global = -1.5692295e-05, cumulative = 0.00071810069
smoothSolver:  Solving for omega, Initial residual = 0.0009567473, Final residual = 7.2016046e-06, No Iterations 2
smoothSolver:  Solving for k, Initial residual = 0.011471353, Final residual = 0.000110557, No Iterations 2
ExecutionTime = 260.62437 s  ClockTime = 261 s

Time = 193s

smoothSolver:  Solving for Ux, Initial residual = 0.0047031587, Final residual = 6.8115505e-05, No Iterations 3
smoothSolver:  Solving for Uy, Initial residual = 0.031829292, Final residual = 0.00046915355, No Iterations 3
smoothSolver:  Solving for Uz, Initial residual = 0.030038169, Final residual = 0.0004354189, No Iterations 3
GAMG:  Solving for p, Initial residual = 0.022969345, Final residual = 0.00013927495, No Iterations 3
GAMG:  Solving for p, Initial residual = 0.00052516957, Final residual = 3.7091186e-06, No Iterations 4
time step continuity errors : sum local = 4.6866792e-05, global = -1.3417995e-05, cumulative = 0.00070468269
smoothSolver:  Solving for omega, Initial residual = 0.00094857066, Final residual = 7.1039777e-06, No Iterations 2
smoothSolver:  Solving for k, Initial residual = 0.011337102, Final residual = 0.00011002116, No Iterations 2
ExecutionTime = 261.72674 s  ClockTime = 262 s

Time = 194s

smoothSolver:  Solving for Ux, Initial residual = 0.0046324754, Final residual = 6.7330505e-05, No Iterations 3
smoothSolver:  Solving for Uy, Initial residual = 0.031693144, Final residual = 0.000468293, No Iterations 3
smoothSolver:  Solving for Uz, Initial residual = 0.029730099, Final residual = 0.00043196272, No Iterations 3
GAMG:  Solving for p, Initial residual = 0.022500153, Final residual = 0.00013321355, No Iterations 3
GAMG:  Solving for p, Initial residual = 0.00051350809, Final residual = 3.3268865e-06, No Iterations 4
time step continuity errors : sum local = 4.203953e-05, global = -1.1994366e-05, cumulative = 0.00069268833
smoothSolver:  Solving for omega, Initial residual = 0.00093620939, Final residual = 6.9806654e-06, No Iterations 2
smoothSolver:  Solving for k, Initial residual = 0.011206101, Final residual = 0.00010938949, No Iterations 2
ExecutionTime = 262.89898 s  ClockTime = 264 s

Time = 195s

smoothSolver:  Solving for Ux, Initial residual = 0.0045623565, Final residual = 6.653342e-05, No Iterations 3
smoothSolver:  Solving for Uy, Initial residual = 0.031549108, Final residual = 0.00046735804, No Iterations 3
smoothSolver:  Solving for Uz, Initial residual = 0.029405937, Final residual = 0.00042833627, No Iterations 3
GAMG:  Solving for p, Initial residual = 0.021823062, Final residual = 0.00012680506, No Iterations 3
GAMG:  Solving for p, Initial residual = 0.00049539041, Final residual = 2.8909517e-06, No Iterations 4
time step continuity errors : sum local = 3.6779355e-05, global = -1.0370295e-05, cumulative = 0.00068231803
smoothSolver:  Solving for omega, Initial residual = 0.000925681, Final residual = 6.9181725e-06, No Iterations 2
smoothSolver:  Solving for k, Initial residual = 0.011081035, Final residual = 0.00010896186, No Iterations 2
ExecutionTime = 264.05926 s  ClockTime = 265 s

Time = 196s

smoothSolver:  Solving for Ux, Initial residual = 0.0044933912, Final residual = 6.5731155e-05, No Iterations 3
smoothSolver:  Solving for Uy, Initial residual = 0.031395284, Final residual = 0.00046627688, No Iterations 3
smoothSolver:  Solving for Uz, Initial residual = 0.029070027, Final residual = 0.00042451488, No Iterations 3
GAMG:  Solving for p, Initial residual = 0.02116123, Final residual = 0.00012054712, No Iterations 3
GAMG:  Solving for p, Initial residual = 0.00047823938, Final residual = 2.6390919e-06, No Iterations 4
time step continuity errors : sum local = 3.3833906e-05, global = -9.6608411e-06, cumulative = 0.00067265719
smoothSolver:  Solving for omega, Initial residual = 0.00091930213, Final residual = 6.9858666e-06, No Iterations 2
smoothSolver:  Solving for k, Initial residual = 0.010955339, Final residual = 0.00010844745, No Iterations 2
ExecutionTime = 265.23574 s  ClockTime = 266 s

Time = 197s

smoothSolver:  Solving for Ux, Initial residual = 0.0044253115, Final residual = 6.4937596e-05, No Iterations 3
smoothSolver:  Solving for Uy, Initial residual = 0.031225349, Final residual = 0.00046494244, No Iterations 3
smoothSolver:  Solving for Uz, Initial residual = 0.028716693, Final residual = 0.00042056307, No Iterations 3
GAMG:  Solving for p, Initial residual = 0.020516907, Final residual = 0.00011566982, No Iterations 3
GAMG:  Solving for p, Initial residual = 0.00046153917, Final residual = 2.4683109e-06, No Iterations 4
time step continuity errors : sum local = 3.1778493e-05, global = -9.2687394e-06, cumulative = 0.00066338845
smoothSolver:  Solving for omega, Initial residual = 0.0009130278, Final residual = 6.9766981e-06, No Iterations 2
smoothSolver:  Solving for k, Initial residual = 0.01083238, Final residual = 0.00010796658, No Iterations 2
ExecutionTime = 266.36907 s  ClockTime = 267 s

Time = 198s

smoothSolver:  Solving for Ux, Initial residual = 0.0043597011, Final residual = 6.4158327e-05, No Iterations 3
smoothSolver:  Solving for Uy, Initial residual = 0.031035568, Final residual = 0.00046325109, No Iterations 3
smoothSolver:  Solving for Uz, Initial residual = 0.028358029, Final residual = 0.00041646359, No Iterations 3
GAMG:  Solving for p, Initial residual = 0.020010509, Final residual = 0.00011304467, No Iterations 3
GAMG:  Solving for p, Initial residual = 0.00044966812, Final residual = 2.4948609e-06, No Iterations 4
time step continuity errors : sum local = 3.2073966e-05, global = -9.9693029e-06, cumulative = 0.00065341915
smoothSolver:  Solving for omega, Initial residual = 0.00090245421, Final residual = 6.8616136e-06, No Iterations 2
smoothSolver:  Solving for k, Initial residual = 0.010712474, Final residual = 0.00010740118, No Iterations 2
ExecutionTime = 267.44041 s  ClockTime = 268 s

Time = 199s

smoothSolver:  Solving for Ux, Initial residual = 0.0042964798, Final residual = 6.3398922e-05, No Iterations 3
smoothSolver:  Solving for Uy, Initial residual = 0.030825047, Final residual = 0.00046105799, No Iterations 3
smoothSolver:  Solving for Uz, Initial residual = 0.027979329, Final residual = 0.00041201967, No Iterations 3
GAMG:  Solving for p, Initial residual = 0.019471445, Final residual = 0.0001107987, No Iterations 3
GAMG:  Solving for p, Initial residual = 0.00043528739, Final residual = 2.6315183e-06, No Iterations 4
time step continuity errors : sum local = 3.3897949e-05, global = -1.1177209e-05, cumulative = 0.00064224194
smoothSolver:  Solving for omega, Initial residual = 0.00089344225, Final residual = 6.8446672e-06, No Iterations 2
smoothSolver:  Solving for k, Initial residual = 0.010590375, Final residual = 0.00010677435, No Iterations 2
ExecutionTime = 268.66899 s  ClockTime = 269 s

Time = 200s

smoothSolver:  Solving for Ux, Initial residual = 0.00423601, Final residual = 6.2657005e-05, No Iterations 3
smoothSolver:  Solving for Uy, Initial residual = 0.030593732, Final residual = 0.00045835184, No Iterations 3
smoothSolver:  Solving for Uz, Initial residual = 0.027602074, Final residual = 0.00040743949, No Iterations 3
GAMG:  Solving for p, Initial residual = 0.018991303, Final residual = 0.00010952519, No Iterations 3
GAMG:  Solving for p, Initial residual = 0.00042472899, Final residual = 2.8854661e-06, No Iterations 4
time step continuity errors : sum local = 3.7087368e-05, global = -1.2958512e-05, cumulative = 0.00062928343
smoothSolver:  Solving for omega, Initial residual = 0.00088857754, Final residual = 6.8796409e-06, No Iterations 2
smoothSolver:  Solving for k, Initial residual = 0.010470518, Final residual = 0.00010617742, No Iterations 2
ExecutionTime = 269.85893 s  ClockTime = 271 s

Time = 201s

smoothSolver:  Solving for Ux, Initial residual = 0.0041769632, Final residual = 6.1928487e-05, No Iterations 3
smoothSolver:  Solving for Uy, Initial residual = 0.030348026, Final residual = 0.00045521157, No Iterations 3
smoothSolver:  Solving for Uz, Initial residual = 0.027211332, Final residual = 0.00040261091, No Iterations 3
GAMG:  Solving for p, Initial residual = 0.018496888, Final residual = 0.00010899608, No Iterations 3
GAMG:  Solving for p, Initial residual = 0.00041504512, Final residual = 3.1896647e-06, No Iterations 4
time step continuity errors : sum local = 4.1059487e-05, global = -1.5075492e-05, cumulative = 0.00061420794
smoothSolver:  Solving for omega, Initial residual = 0.00088255609, Final residual = 6.7790757e-06, No Iterations 2
smoothSolver:  Solving for k, Initial residual = 0.010351985, Final residual = 0.00010553899, No Iterations 2
ExecutionTime = 271.0888 s  ClockTime = 272 s

Time = 202s

smoothSolver:  Solving for Ux, Initial residual = 0.0041198905, Final residual = 6.1211428e-05, No Iterations 3
smoothSolver:  Solving for Uy, Initial residual = 0.030089753, Final residual = 0.00045174223, No Iterations 3
smoothSolver:  Solving for Uz, Initial residual = 0.026819154, Final residual = 0.00039766548, No Iterations 3
GAMG:  Solving for p, Initial residual = 0.018089836, Final residual = 0.00010929703, No Iterations 3
GAMG:  Solving for p, Initial residual = 0.00040717386, Final residual = 3.3113632e-06, No Iterations 4
time step continuity errors : sum local = 4.2522895e-05, global = -1.5125176e-05, cumulative = 0.00059908276
smoothSolver:  Solving for omega, Initial residual = 0.00087244847, Final residual = 6.729175e-06, No Iterations 2
smoothSolver:  Solving for k, Initial residual = 0.010230952, Final residual = 0.00010484407, No Iterations 2
ExecutionTime = 272.26282 s  ClockTime = 273 s

Time = 203s

smoothSolver:  Solving for Ux, Initial residual = 0.0040643165, Final residual = 6.0507607e-05, No Iterations 3
smoothSolver:  Solving for Uy, Initial residual = 0.029824011, Final residual = 0.00044804957, No Iterations 3
smoothSolver:  Solving for Uz, Initial residual = 0.026441563, Final residual = 0.00039271091, No Iterations 3
GAMG:  Solving for p, Initial residual = 0.017739409, Final residual = 0.00011115726, No Iterations 3
GAMG:  Solving for p, Initial residual = 0.00040187008, Final residual = 2.7343831e-06, No Iterations 4
time step continuity errors : sum local = 3.5073816e-05, global = -8.1738203e-06, cumulative = 0.00059090894
smoothSolver:  Solving for omega, Initial residual = 0.00086167432, Final residual = 6.6163773e-06, No Iterations 2
smoothSolver:  Solving for k, Initial residual = 0.010113249, Final residual = 0.00010413738, No Iterations 2
ExecutionTime = 273.45845 s  ClockTime = 274 s

Time = 204s

smoothSolver:  Solving for Ux, Initial residual = 0.0040107748, Final residual = 5.9818551e-05, No Iterations 3
smoothSolver:  Solving for Uy, Initial residual = 0.029559097, Final residual = 0.00044426908, No Iterations 3
smoothSolver:  Solving for Uz, Initial residual = 0.026067749, Final residual = 0.00038765144, No Iterations 3
GAMG:  Solving for p, Initial residual = 0.017482154, Final residual = 0.00011318228, No Iterations 3
GAMG:  Solving for p, Initial residual = 0.00039802993, Final residual = 1.9823522e-06, No Iterations 4
time step continuity errors : sum local = 2.5357019e-05, global = -4.0409043e-06, cumulative = 0.00058686804
smoothSolver:  Solving for omega, Initial residual = 0.00085586943, Final residual = 6.6404949e-06, No Iterations 2
smoothSolver:  Solving for k, Initial residual = 0.009999158, Final residual = 0.00010352853, No Iterations 2
ExecutionTime = 274.84807 s  ClockTime = 275 s

Time = 205s

smoothSolver:  Solving for Ux, Initial residual = 0.0039586401, Final residual = 5.9147667e-05, No Iterations 3
smoothSolver:  Solving for Uy, Initial residual = 0.029292672, Final residual = 0.0004405191, No Iterations 3
smoothSolver:  Solving for Uz, Initial residual = 0.025705296, Final residual = 0.00038254057, No Iterations 3
GAMG:  Solving for p, Initial residual = 0.017305546, Final residual = 0.00011577141, No Iterations 3
GAMG:  Solving for p, Initial residual = 0.00039849767, Final residual = 2.1835634e-06, No Iterations 4
time step continuity errors : sum local = 2.7837659e-05, global = -5.9676575e-06, cumulative = 0.00058090038
smoothSolver:  Solving for omega, Initial residual = 0.00085392652, Final residual = 6.664124e-06, No Iterations 2
smoothSolver:  Solving for k, Initial residual = 0.0098798651, Final residual = 0.00010273174, No Iterations 2
ExecutionTime = 276.00804 s  ClockTime = 277 s

Time = 206s

smoothSolver:  Solving for Ux, Initial residual = 0.0039077847, Final residual = 5.849359e-05, No Iterations 3
smoothSolver:  Solving for Uy, Initial residual = 0.029027817, Final residual = 0.00043700257, No Iterations 3
smoothSolver:  Solving for Uz, Initial residual = 0.025349875, Final residual = 0.00037758396, No Iterations 3
GAMG:  Solving for p, Initial residual = 0.01710515, Final residual = 0.00011679045, No Iterations 3
GAMG:  Solving for p, Initial residual = 0.00039797453, Final residual = 2.2322621e-06, No Iterations 4
time step continuity errors : sum local = 2.8397772e-05, global = -3.455918e-06, cumulative = 0.00057744446
smoothSolver:  Solving for omega, Initial residual = 0.00084467167, Final residual = 6.6022476e-06, No Iterations 2
smoothSolver:  Solving for k, Initial residual = 0.0097635155, Final residual = 0.00010200265, No Iterations 2
ExecutionTime = 277.38294 s  ClockTime = 278 s

Time = 207s

smoothSolver:  Solving for Ux, Initial residual = 0.0038587168, Final residual = 5.7859853e-05, No Iterations 3
smoothSolver:  Solving for Uy, Initial residual = 0.028770606, Final residual = 0.0004336854, No Iterations 3
smoothSolver:  Solving for Uz, Initial residual = 0.024999265, Final residual = 0.00037277087, No Iterations 3
GAMG:  Solving for p, Initial residual = 0.016994143, Final residual = 0.00011713307, No Iterations 3
GAMG:  Solving for p, Initial residual = 0.00039790872, Final residual = 2.2862487e-06, No Iterations 4
time step continuity errors : sum local = 2.8984906e-05, global = -4.42922e-06, cumulative = 0.00057301524
smoothSolver:  Solving for omega, Initial residual = 0.00083451574, Final residual = 6.4629009e-06, No Iterations 2
smoothSolver:  Solving for k, Initial residual = 0.0096492099, Final residual = 0.00010127934, No Iterations 2
ExecutionTime = 278.91803 s  ClockTime = 280 s

Time = 208s

smoothSolver:  Solving for Ux, Initial residual = 0.0038121522, Final residual = 5.7252776e-05, No Iterations 3
smoothSolver:  Solving for Uy, Initial residual = 0.028513703, Final residual = 0.00043050394, No Iterations 3
smoothSolver:  Solving for Uz, Initial residual = 0.024651487, Final residual = 0.00036805376, No Iterations 3
GAMG:  Solving for p, Initial residual = 0.016907022, Final residual = 0.00011688535, No Iterations 3
GAMG:  Solving for p, Initial residual = 0.00039557954, Final residual = 2.1854669e-06, No Iterations 4
time step continuity errors : sum local = 2.765052e-05, global = -9.0274108e-06, cumulative = 0.00056398783
smoothSolver:  Solving for omega, Initial residual = 0.00082834153, Final residual = 6.5216004e-06, No Iterations 2
smoothSolver:  Solving for k, Initial residual = 0.0095335592, Final residual = 0.00010054414, No Iterations 2
ExecutionTime = 280.76303 s  ClockTime = 281 s

Time = 209s

smoothSolver:  Solving for Ux, Initial residual = 0.0037669747, Final residual = 5.6671167e-05, No Iterations 3
smoothSolver:  Solving for Uy, Initial residual = 0.028251866, Final residual = 0.00042746806, No Iterations 3
smoothSolver:  Solving for Uz, Initial residual = 0.024310134, Final residual = 0.00036344229, No Iterations 3
GAMG:  Solving for p, Initial residual = 0.016873613, Final residual = 0.00011677898, No Iterations 3
GAMG:  Solving for p, Initial residual = 0.0003938336, Final residual = 2.4840832e-06, No Iterations 4
time step continuity errors : sum local = 3.1318515e-05, global = -8.3022384e-06, cumulative = 0.00055568559
smoothSolver:  Solving for omega, Initial residual = 0.00082414845, Final residual = 6.4705313e-06, No Iterations 2
smoothSolver:  Solving for k, Initial residual = 0.009422988, Final residual = 9.9838869e-05, No Iterations 2
ExecutionTime = 282.50771 s  ClockTime = 283 s

Time = 210s

smoothSolver:  Solving for Ux, Initial residual = 0.0037238851, Final residual = 5.6107038e-05, No Iterations 3
smoothSolver:  Solving for Uy, Initial residual = 0.027987889, Final residual = 0.00042459324, No Iterations 3
smoothSolver:  Solving for Uz, Initial residual = 0.023973832, Final residual = 0.00035887297, No Iterations 3
GAMG:  Solving for p, Initial residual = 0.016822255, Final residual = 0.00011613676, No Iterations 3
GAMG:  Solving for p, Initial residual = 0.0003916548, Final residual = 2.7668817e-06, No Iterations 4
time step continuity errors : sum local = 3.4760918e-05, global = -8.4756763e-06, cumulative = 0.00054720991
smoothSolver:  Solving for omega, Initial residual = 0.00081686764, Final residual = 6.434501e-06, No Iterations 2
smoothSolver:  Solving for k, Initial residual = 0.0093141251, Final residual = 9.9158137e-05, No Iterations 2
ExecutionTime = 284.06999 s  ClockTime = 285 s

Time = 211s

smoothSolver:  Solving for Ux, Initial residual = 0.0036828945, Final residual = 5.5564984e-05, No Iterations 3
smoothSolver:  Solving for Uy, Initial residual = 0.027732072, Final residual = 0.0004217595, No Iterations 3
smoothSolver:  Solving for Uz, Initial residual = 0.02363876, Final residual = 0.00035434645, No Iterations 3
GAMG:  Solving for p, Initial residual = 0.016831021, Final residual = 0.0001150876, No Iterations 3
GAMG:  Solving for p, Initial residual = 0.00039168485, Final residual = 3.0020991e-06, No Iterations 4
time step continuity errors : sum local = 3.7582613e-05, global = -9.2023755e-06, cumulative = 0.00053800754
smoothSolver:  Solving for omega, Initial residual = 0.00081222556, Final residual = 6.4046962e-06, No Iterations 2
smoothSolver:  Solving for k, Initial residual = 0.0092063492, Final residual = 9.8396001e-05, No Iterations 2
ExecutionTime = 285.63218 s  ClockTime = 286 s

Time = 212s

smoothSolver:  Solving for Ux, Initial residual = 0.0036438988, Final residual = 5.5042053e-05, No Iterations 3
smoothSolver:  Solving for Uy, Initial residual = 0.027476295, Final residual = 0.00041906913, No Iterations 3
smoothSolver:  Solving for Uz, Initial residual = 0.023299151, Final residual = 0.00034986328, No Iterations 3
GAMG:  Solving for p, Initial residual = 0.016843253, Final residual = 0.00011309663, No Iterations 3
GAMG:  Solving for p, Initial residual = 0.00039127101, Final residual = 3.0320742e-06, No Iterations 4
time step continuity errors : sum local = 3.7849306e-05, global = -9.6694453e-06, cumulative = 0.00052833809
smoothSolver:  Solving for omega, Initial residual = 0.0008100389, Final residual = 6.4954435e-06, No Iterations 2
smoothSolver:  Solving for k, Initial residual = 0.0091036275, Final residual = 9.7784674e-05, No Iterations 2
ExecutionTime = 287.01794 s  ClockTime = 288 s

Time = 213s

smoothSolver:  Solving for Ux, Initial residual = 0.0036067951, Final residual = 5.4527804e-05, No Iterations 3
smoothSolver:  Solving for Uy, Initial residual = 0.02722222, Final residual = 0.00041632313, No Iterations 3
smoothSolver:  Solving for Uz, Initial residual = 0.022969688, Final residual = 0.00034543346, No Iterations 3
GAMG:  Solving for p, Initial residual = 0.016895421, Final residual = 0.0001110067, No Iterations 3
GAMG:  Solving for p, Initial residual = 0.00039108644, Final residual = 2.9356953e-06, No Iterations 4
time step continuity errors : sum local = 3.6561175e-05, global = -9.9198152e-06, cumulative = 0.00051841828
smoothSolver:  Solving for omega, Initial residual = 0.00080643538, Final residual = 6.3888583e-06, No Iterations 2
smoothSolver:  Solving for k, Initial residual = 0.0090056515, Final residual = 9.7139905e-05, No Iterations 2
ExecutionTime = 288.24881 s  ClockTime = 289 s

Time = 214s

smoothSolver:  Solving for Ux, Initial residual = 0.0035718726, Final residual = 5.40298e-05, No Iterations 3
smoothSolver:  Solving for Uy, Initial residual = 0.026974956, Final residual = 0.00041348416, No Iterations 3
smoothSolver:  Solving for Uz, Initial residual = 0.022643376, Final residual = 0.00034103298, No Iterations 3
GAMG:  Solving for p, Initial residual = 0.016925727, Final residual = 0.00010950093, No Iterations 3
GAMG:  Solving for p, Initial residual = 0.0003928736, Final residual = 2.8095772e-06, No Iterations 4
time step continuity errors : sum local = 3.4891106e-05, global = -9.7565332e-06, cumulative = 0.00050866174
smoothSolver:  Solving for omega, Initial residual = 0.00079663192, Final residual = 6.3071205e-06, No Iterations 2
smoothSolver:  Solving for k, Initial residual = 0.0089055165, Final residual = 9.6510835e-05, No Iterations 2
ExecutionTime = 289.531 s  ClockTime = 290 s

Time = 215s

smoothSolver:  Solving for Ux, Initial residual = 0.0035382058, Final residual = 5.3543732e-05, No Iterations 3
smoothSolver:  Solving for Uy, Initial residual = 0.026730566, Final residual = 0.00041048012, No Iterations 3
smoothSolver:  Solving for Uz, Initial residual = 0.022323005, Final residual = 0.00033679956, No Iterations 3
GAMG:  Solving for p, Initial residual = 0.016912941, Final residual = 0.0001087932, No Iterations 3
GAMG:  Solving for p, Initial residual = 0.00039522517, Final residual = 2.7026883e-06, No Iterations 4
time step continuity errors : sum local = 3.3496145e-05, global = -9.4531944e-06, cumulative = 0.00049920855
smoothSolver:  Solving for omega, Initial residual = 0.00078997228, Final residual = 6.2153894e-06, No Iterations 2
smoothSolver:  Solving for k, Initial residual = 0.0088111602, Final residual = 9.5819001e-05, No Iterations 2
ExecutionTime = 290.7879 s  ClockTime = 291 s

Time = 216s

smoothSolver:  Solving for Ux, Initial residual = 0.0035060655, Final residual = 5.3070712e-05, No Iterations 3
smoothSolver:  Solving for Uy, Initial residual = 0.026487846, Final residual = 0.00040741699, No Iterations 3
smoothSolver:  Solving for Uz, Initial residual = 0.022008558, Final residual = 0.00033270551, No Iterations 3
GAMG:  Solving for p, Initial residual = 0.016918156, Final residual = 0.00010896846, No Iterations 3
GAMG:  Solving for p, Initial residual = 0.00039865369, Final residual = 2.6448499e-06, No Iterations 4
time step continuity errors : sum local = 3.2752021e-05, global = -9.1476918e-06, cumulative = 0.00049006086
smoothSolver:  Solving for omega, Initial residual = 0.0007875731, Final residual = 6.2718266e-06, No Iterations 2
smoothSolver:  Solving for k, Initial residual = 0.0087230625, Final residual = 9.5217706e-05, No Iterations 2
ExecutionTime = 292.00006 s  ClockTime = 293 s

Time = 217s

smoothSolver:  Solving for Ux, Initial residual = 0.0034752889, Final residual = 5.2604935e-05, No Iterations 3
smoothSolver:  Solving for Uy, Initial residual = 0.026259871, Final residual = 0.0004042901, No Iterations 3
smoothSolver:  Solving for Uz, Initial residual = 0.021708711, Final residual = 0.00032872518, No Iterations 3
GAMG:  Solving for p, Initial residual = 0.016716739, Final residual = 0.00010836875, No Iterations 3
GAMG:  Solving for p, Initial residual = 0.00039850659, Final residual = 2.5891216e-06, No Iterations 4
time step continuity errors : sum local = 3.2365047e-05, global = -8.9687273e-06, cumulative = 0.00048109213
smoothSolver:  Solving for omega, Initial residual = 0.00078891879, Final residual = 6.3133997e-06, No Iterations 2
smoothSolver:  Solving for k, Initial residual = 0.0086355829, Final residual = 9.4557797e-05, No Iterations 2
ExecutionTime = 293.29577 s  ClockTime = 294 s

Time = 218s

smoothSolver:  Solving for Ux, Initial residual = 0.0034455967, Final residual = 5.2142076e-05, No Iterations 3
smoothSolver:  Solving for Uy, Initial residual = 0.026026074, Final residual = 0.00040108138, No Iterations 3
smoothSolver:  Solving for Uz, Initial residual = 0.021415509, Final residual = 0.00032479192, No Iterations 3
GAMG:  Solving for p, Initial residual = 0.016581753, Final residual = 0.00010837834, No Iterations 3
GAMG:  Solving for p, Initial residual = 0.00040185198, Final residual = 2.5860192e-06, No Iterations 4
time step continuity errors : sum local = 3.2400414e-05, global = -9.0944635e-06, cumulative = 0.00047199767
smoothSolver:  Solving for omega, Initial residual = 0.00078518409, Final residual = 6.3236073e-06, No Iterations 2
smoothSolver:  Solving for k, Initial residual = 0.008542247, Final residual = 9.3806445e-05, No Iterations 2
ExecutionTime = 294.60508 s  ClockTime = 295 s

Time = 219s

smoothSolver:  Solving for Ux, Initial residual = 0.0034167828, Final residual = 5.1686601e-05, No Iterations 3
smoothSolver:  Solving for Uy, Initial residual = 0.025801362, Final residual = 0.00039778077, No Iterations 3
smoothSolver:  Solving for Uz, Initial residual = 0.021135559, Final residual = 0.00032098249, No Iterations 3
GAMG:  Solving for p, Initial residual = 0.016475964, Final residual = 0.0001083903, No Iterations 3
GAMG:  Solving for p, Initial residual = 0.00040280502, Final residual = 2.6120385e-06, No Iterations 4
time step continuity errors : sum local = 3.2782604e-05, global = -9.3459607e-06, cumulative = 0.00046265171
smoothSolver:  Solving for omega, Initial residual = 0.00077901917, Final residual = 6.1871988e-06, No Iterations 2
smoothSolver:  Solving for k, Initial residual = 0.0084634376, Final residual = 9.3232952e-05, No Iterations 2
ExecutionTime = 296.12981 s  ClockTime = 297 s

Time = 220s

smoothSolver:  Solving for Ux, Initial residual = 0.0033888422, Final residual = 5.1234062e-05, No Iterations 3
smoothSolver:  Solving for Uy, Initial residual = 0.025582115, Final residual = 0.00039441036, No Iterations 3
smoothSolver:  Solving for Uz, Initial residual = 0.020860038, Final residual = 0.00031728476, No Iterations 3
GAMG:  Solving for p, Initial residual = 0.016499696, Final residual = 0.00010875976, No Iterations 3
GAMG:  Solving for p, Initial residual = 0.00040642181, Final residual = 2.8126102e-06, No Iterations 4
time step continuity errors : sum local = 3.517084e-05, global = -1.0238747e-05, cumulative = 0.00045241296
smoothSolver:  Solving for omega, Initial residual = 0.00077530236, Final residual = 6.1777522e-06, No Iterations 2
smoothSolver:  Solving for k, Initial residual = 0.0083787432, Final residual = 9.23791e-05, No Iterations 2
ExecutionTime = 297.34622 s  ClockTime = 298 s

Time = 221s

smoothSolver:  Solving for Ux, Initial residual = 0.0033613063, Final residual = 5.0785708e-05, No Iterations 3
smoothSolver:  Solving for Uy, Initial residual = 0.025361232, Final residual = 0.00039096684, No Iterations 3
smoothSolver:  Solving for Uz, Initial residual = 0.020592779, Final residual = 0.00031369418, No Iterations 3
GAMG:  Solving for p, Initial residual = 0.016455498, Final residual = 0.0001083632, No Iterations 3
GAMG:  Solving for p, Initial residual = 0.00040845001, Final residual = 3.0192936e-06, No Iterations 4
time step continuity errors : sum local = 3.7833524e-05, global = -1.1131756e-05, cumulative = 0.0004412812
smoothSolver:  Solving for omega, Initial residual = 0.00077191659, Final residual = 6.1552814e-06, No Iterations 2
smoothSolver:  Solving for k, Initial residual = 0.0082917055, Final residual = 9.1676178e-05, No Iterations 2
ExecutionTime = 298.76113 s  ClockTime = 299 s

Time = 222s

smoothSolver:  Solving for Ux, Initial residual = 0.0033345682, Final residual = 5.0332794e-05, No Iterations 3
smoothSolver:  Solving for Uy, Initial residual = 0.025145955, Final residual = 0.00038751942, No Iterations 3
smoothSolver:  Solving for Uz, Initial residual = 0.020330131, Final residual = 0.00031005403, No Iterations 3
GAMG:  Solving for p, Initial residual = 0.016446074, Final residual = 0.00010809584, No Iterations 3
GAMG:  Solving for p, Initial residual = 0.00041062618, Final residual = 3.1510851e-06, No Iterations 4
time step continuity errors : sum local = 3.9417351e-05, global = -1.1673258e-05, cumulative = 0.00042960795
smoothSolver:  Solving for omega, Initial residual = 0.00076835244, Final residual = 6.1335107e-06, No Iterations 2
smoothSolver:  Solving for k, Initial residual = 0.0082098458, Final residual = 9.0816187e-05, No Iterations 2
ExecutionTime = 300.3628 s  ClockTime = 301 s

Time = 223s

smoothSolver:  Solving for Ux, Initial residual = 0.0033076199, Final residual = 4.9881016e-05, No Iterations 3
smoothSolver:  Solving for Uy, Initial residual = 0.024936212, Final residual = 0.00038407248, No Iterations 3
smoothSolver:  Solving for Uz, Initial residual = 0.020065945, Final residual = 0.00030636414, No Iterations 3
GAMG:  Solving for p, Initial residual = 0.016455317, Final residual = 0.00010790201, No Iterations 3
GAMG:  Solving for p, Initial residual = 0.00041185124, Final residual = 3.2639995e-06, No Iterations 4
time step continuity errors : sum local = 4.077749e-05, global = -1.2052147e-05, cumulative = 0.0004175558
smoothSolver:  Solving for omega, Initial residual = 0.00076325679, Final residual = 6.0639039e-06, No Iterations 2
smoothSolver:  Solving for k, Initial residual = 0.0081294382, Final residual = 9.0049111e-05, No Iterations 2
ExecutionTime = 302.01504 s  ClockTime = 303 s

Time = 224s

smoothSolver:  Solving for Ux, Initial residual = 0.0032813086, Final residual = 4.9425181e-05, No Iterations 3
smoothSolver:  Solving for Uy, Initial residual = 0.024728694, Final residual = 0.00038063866, No Iterations 3
smoothSolver:  Solving for Uz, Initial residual = 0.019803035, Final residual = 0.00030255681, No Iterations 3
GAMG:  Solving for p, Initial residual = 0.016437409, Final residual = 0.00010740039, No Iterations 3
GAMG:  Solving for p, Initial residual = 0.00041236964, Final residual = 3.3309603e-06, No Iterations 4
time step continuity errors : sum local = 4.1565265e-05, global = -1.2275835e-05, cumulative = 0.00040527996
smoothSolver:  Solving for omega, Initial residual = 0.00076193183, Final residual = 6.1025505e-06, No Iterations 2
smoothSolver:  Solving for k, Initial residual = 0.0080539796, Final residual = 8.9283128e-05, No Iterations 2
ExecutionTime = 303.52619 s  ClockTime = 304 s

Time = 225s

smoothSolver:  Solving for Ux, Initial residual = 0.0032545137, Final residual = 4.8960711e-05, No Iterations 3
smoothSolver:  Solving for Uy, Initial residual = 0.024522314, Final residual = 0.00037719508, No Iterations 3
smoothSolver:  Solving for Uz, Initial residual = 0.019538797, Final residual = 0.00029874663, No Iterations 3
GAMG:  Solving for p, Initial residual = 0.016337519, Final residual = 0.00010640144, No Iterations 3
GAMG:  Solving for p, Initial residual = 0.00041148283, Final residual = 3.3874706e-06, No Iterations 4
time step continuity errors : sum local = 4.2212322e-05, global = -1.2378132e-05, cumulative = 0.00039290183
smoothSolver:  Solving for omega, Initial residual = 0.00075994239, Final residual = 6.0298083e-06, No Iterations 2
smoothSolver:  Solving for k, Initial residual = 0.0079764074, Final residual = 8.8350241e-05, No Iterations 2
ExecutionTime = 305.24038 s  ClockTime = 306 s

Time = 226s

smoothSolver:  Solving for Ux, Initial residual = 0.0032271449, Final residual = 4.84889e-05, No Iterations 3
smoothSolver:  Solving for Uy, Initial residual = 0.02432102, Final residual = 0.00037374193, No Iterations 3
smoothSolver:  Solving for Uz, Initial residual = 0.019272129, Final residual = 0.0002948349, No Iterations 3
GAMG:  Solving for p, Initial residual = 0.016289034, Final residual = 0.00010572784, No Iterations 3
GAMG:  Solving for p, Initial residual = 0.00041121233, Final residual = 3.3501462e-06, No Iterations 4
time step continuity errors : sum local = 4.1627882e-05, global = -1.214381e-05, cumulative = 0.00038075802
smoothSolver:  Solving for omega, Initial residual = 0.0007535849, Final residual = 5.9295574e-06, No Iterations 2
smoothSolver:  Solving for k, Initial residual = 0.0078973302, Final residual = 8.754612e-05, No Iterations 2
ExecutionTime = 307.03565 s  ClockTime = 308 s

Time = 227s

smoothSolver:  Solving for Ux, Initial residual = 0.0031994881, Final residual = 4.8009196e-05, No Iterations 3
smoothSolver:  Solving for Uy, Initial residual = 0.024131166, Final residual = 0.00037021243, No Iterations 3
smoothSolver:  Solving for Uz, Initial residual = 0.019012319, Final residual = 0.00029088088, No Iterations 3
GAMG:  Solving for p, Initial residual = 0.016249472, Final residual = 0.00010459492, No Iterations 3
GAMG:  Solving for p, Initial residual = 0.00040857428, Final residual = 3.1856233e-06, No Iterations 4
time step continuity errors : sum local = 3.9531945e-05, global = -1.1557871e-05, cumulative = 0.00036920015
smoothSolver:  Solving for omega, Initial residual = 0.00074592906, Final residual = 5.8754479e-06, No Iterations 2
smoothSolver:  Solving for k, Initial residual = 0.007824651, Final residual = 8.6785295e-05, No Iterations 2
ExecutionTime = 308.5544 s  ClockTime = 309 s

Time = 228s

smoothSolver:  Solving for Ux, Initial residual = 0.0031711942, Final residual = 4.7513148e-05, No Iterations 3
smoothSolver:  Solving for Uy, Initial residual = 0.023940701, Final residual = 0.00036649706, No Iterations 3
smoothSolver:  Solving for Uz, Initial residual = 0.018759658, Final residual = 0.00028685197, No Iterations 3
GAMG:  Solving for p, Initial residual = 0.016304378, Final residual = 0.0001034793, No Iterations 3
GAMG:  Solving for p, Initial residual = 0.00040538002, Final residual = 3.013804e-06, No Iterations 4
time step continuity errors : sum local = 3.7275048e-05, global = -1.0975247e-05, cumulative = 0.0003582249
smoothSolver:  Solving for omega, Initial residual = 0.00074494548, Final residual = 5.8856756e-06, No Iterations 2
smoothSolver:  Solving for k, Initial residual = 0.0077431263, Final residual = 8.5767601e-05, No Iterations 2
ExecutionTime = 309.84453 s  ClockTime = 310 s

Time = 229s

smoothSolver:  Solving for Ux, Initial residual = 0.0031426895, Final residual = 4.7001632e-05, No Iterations 3
smoothSolver:  Solving for Uy, Initial residual = 0.023748935, Final residual = 0.00036269965, No Iterations 3
smoothSolver:  Solving for Uz, Initial residual = 0.018504167, Final residual = 0.00028286979, No Iterations 3
GAMG:  Solving for p, Initial residual = 0.016356583, Final residual = 0.00010232455, No Iterations 3
GAMG:  Solving for p, Initial residual = 0.00040107818, Final residual = 2.8365127e-06, No Iterations 4
time step continuity errors : sum local = 3.5009518e-05, global = -1.0418906e-05, cumulative = 0.000347806
smoothSolver:  Solving for omega, Initial residual = 0.0007455978, Final residual = 5.8923052e-06, No Iterations 2
smoothSolver:  Solving for k, Initial residual = 0.0076680292, Final residual = 8.4988295e-05, No Iterations 2
ExecutionTime = 311.13461 s  ClockTime = 312 s

Time = 230s

smoothSolver:  Solving for Ux, Initial residual = 0.0031140023, Final residual = 4.6469133e-05, No Iterations 3
smoothSolver:  Solving for Uy, Initial residual = 0.023560875, Final residual = 0.00035878458, No Iterations 3
smoothSolver:  Solving for Uz, Initial residual = 0.01825286, Final residual = 0.00027899931, No Iterations 3
GAMG:  Solving for p, Initial residual = 0.016449175, Final residual = 0.00010104491, No Iterations 3
GAMG:  Solving for p, Initial residual = 0.00039731694, Final residual = 2.631347e-06, No Iterations 4
time step continuity errors : sum local = 3.2356583e-05, global = -9.7497006e-06, cumulative = 0.0003380563
smoothSolver:  Solving for omega, Initial residual = 0.00074210511, Final residual = 5.8568044e-06, No Iterations 2
smoothSolver:  Solving for k, Initial residual = 0.007598003, Final residual = 8.4107839e-05, No Iterations 2
ExecutionTime = 312.22022 s  ClockTime = 313 s

Time = 231s

smoothSolver:  Solving for Ux, Initial residual = 0.0030847228, Final residual = 4.5927923e-05, No Iterations 3
smoothSolver:  Solving for Uy, Initial residual = 0.023371212, Final residual = 0.00035480136, No Iterations 3
smoothSolver:  Solving for Uz, Initial residual = 0.018010804, Final residual = 0.00027533691, No Iterations 3
GAMG:  Solving for p, Initial residual = 0.016545769, Final residual = 9.926423e-05, No Iterations 3
GAMG:  Solving for p, Initial residual = 0.00039266102, Final residual = 2.5129564e-06, No Iterations 4
time step continuity errors : sum local = 3.0787338e-05, global = -9.29914e-06, cumulative = 0.00032875716
smoothSolver:  Solving for omega, Initial residual = 0.00073473726, Final residual = 5.7760189e-06, No Iterations 2
smoothSolver:  Solving for k, Initial residual = 0.0075283898, Final residual = 8.3229268e-05, No Iterations 2
ExecutionTime = 313.30466 s  ClockTime = 314 s

Time = 232s

smoothSolver:  Solving for Ux, Initial residual = 0.0030538799, Final residual = 4.5382104e-05, No Iterations 3
smoothSolver:  Solving for Uy, Initial residual = 0.023183141, Final residual = 0.00035076145, No Iterations 3
smoothSolver:  Solving for Uz, Initial residual = 0.01777495, Final residual = 0.00027180295, No Iterations 3
GAMG:  Solving for p, Initial residual = 0.016558332, Final residual = 9.71913e-05, No Iterations 3
GAMG:  Solving for p, Initial residual = 0.00038801966, Final residual = 2.4116725e-06, No Iterations 4
time step continuity errors : sum local = 2.9492547e-05, global = -8.892151e-06, cumulative = 0.00031986501
smoothSolver:  Solving for omega, Initial residual = 0.00073225271, Final residual = 5.668412e-06, No Iterations 2
smoothSolver:  Solving for k, Initial residual = 0.0074598842, Final residual = 8.238553e-05, No Iterations 2
ExecutionTime = 314.79303 s  ClockTime = 315 s

Time = 233s

smoothSolver:  Solving for Ux, Initial residual = 0.0030225932, Final residual = 4.4825513e-05, No Iterations 3
smoothSolver:  Solving for Uy, Initial residual = 0.022985592, Final residual = 0.00034670305, No Iterations 3
smoothSolver:  Solving for Uz, Initial residual = 0.017540467, Final residual = 0.00026828677, No Iterations 3
GAMG:  Solving for p, Initial residual = 0.01659898, Final residual = 9.6285052e-05, No Iterations 3
GAMG:  Solving for p, Initial residual = 0.00038436054, Final residual = 2.367346e-06, No Iterations 4
time step continuity errors : sum local = 2.8819102e-05, global = -8.7637429e-06, cumulative = 0.00031110126
smoothSolver:  Solving for omega, Initial residual = 0.00072869888, Final residual = 5.6880238e-06, No Iterations 2
smoothSolver:  Solving for k, Initial residual = 0.0073931867, Final residual = 8.1468274e-05, No Iterations 2
ExecutionTime = 316.26561 s  ClockTime = 317 s

Time = 234s

smoothSolver:  Solving for Ux, Initial residual = 0.0029904221, Final residual = 4.4259636e-05, No Iterations 3
smoothSolver:  Solving for Uy, Initial residual = 0.02277593, Final residual = 0.0003425667, No Iterations 3
smoothSolver:  Solving for Uz, Initial residual = 0.017318964, Final residual = 0.00026480227, No Iterations 3
GAMG:  Solving for p, Initial residual = 0.016625033, Final residual = 9.5977639e-05, No Iterations 3
GAMG:  Solving for p, Initial residual = 0.00038336997, Final residual = 2.336253e-06, No Iterations 4
time step continuity errors : sum local = 2.833338e-05, global = -8.8382261e-06, cumulative = 0.00030226304
smoothSolver:  Solving for omega, Initial residual = 0.00072625295, Final residual = 5.6578126e-06, No Iterations 2
smoothSolver:  Solving for k, Initial residual = 0.0073293191, Final residual = 8.0616297e-05, No Iterations 2
ExecutionTime = 318.00625 s  ClockTime = 319 s

Time = 235s

smoothSolver:  Solving for Ux, Initial residual = 0.0029570481, Final residual = 4.3685355e-05, No Iterations 3
smoothSolver:  Solving for Uy, Initial residual = 0.022557793, Final residual = 0.00033827468, No Iterations 3
smoothSolver:  Solving for Uz, Initial residual = 0.017095707, Final residual = 0.00026129438, No Iterations 3
GAMG:  Solving for p, Initial residual = 0.016577537, Final residual = 9.5653427e-05, No Iterations 3
GAMG:  Solving for p, Initial residual = 0.00038269308, Final residual = 2.3028293e-06, No Iterations 4
time step continuity errors : sum local = 2.7810147e-05, global = -8.9437869e-06, cumulative = 0.00029331925
smoothSolver:  Solving for omega, Initial residual = 0.0007188399, Final residual = 5.5772108e-06, No Iterations 2
smoothSolver:  Solving for k, Initial residual = 0.007265855, Final residual = 7.9785127e-05, No Iterations 2
ExecutionTime = 319.61201 s  ClockTime = 320 s

Time = 236s

smoothSolver:  Solving for Ux, Initial residual = 0.0029227356, Final residual = 4.3103029e-05, No Iterations 3
smoothSolver:  Solving for Uy, Initial residual = 0.022330218, Final residual = 0.00033382692, No Iterations 3
smoothSolver:  Solving for Uz, Initial residual = 0.016888886, Final residual = 0.00025784874, No Iterations 3
GAMG:  Solving for p, Initial residual = 0.016516758, Final residual = 9.5443529e-05, No Iterations 3
GAMG:  Solving for p, Initial residual = 0.00038417632, Final residual = 2.2686424e-06, No Iterations 4
time step continuity errors : sum local = 2.7271477e-05, global = -8.8765173e-06, cumulative = 0.00028444273
smoothSolver:  Solving for omega, Initial residual = 0.00071629543, Final residual = 5.5671761e-06, No Iterations 2
smoothSolver:  Solving for k, Initial residual = 0.0072008895, Final residual = 7.8897933e-05, No Iterations 2
ExecutionTime = 321.17578 s  ClockTime = 322 s

Time = 237s

smoothSolver:  Solving for Ux, Initial residual = 0.0028877752, Final residual = 4.2517391e-05, No Iterations 3
smoothSolver:  Solving for Uy, Initial residual = 0.022082403, Final residual = 0.00032927001, No Iterations 3
smoothSolver:  Solving for Uz, Initial residual = 0.016683604, Final residual = 0.00025440019, No Iterations 3
GAMG:  Solving for p, Initial residual = 0.016424433, Final residual = 9.5447728e-05, No Iterations 3
GAMG:  Solving for p, Initial residual = 0.00038569865, Final residual = 2.3184628e-06, No Iterations 4
time step continuity errors : sum local = 2.7740881e-05, global = -9.1686364e-06, cumulative = 0.0002752741
smoothSolver:  Solving for omega, Initial residual = 0.00071284112, Final residual = 5.516013e-06, No Iterations 2
smoothSolver:  Solving for k, Initial residual = 0.0071387325, Final residual = 7.8054408e-05, No Iterations 2
ExecutionTime = 322.73745 s  ClockTime = 323 s

Time = 238s

smoothSolver:  Solving for Ux, Initial residual = 0.0028522866, Final residual = 4.19265e-05, No Iterations 3
smoothSolver:  Solving for Uy, Initial residual = 0.021823969, Final residual = 0.00032452724, No Iterations 3
smoothSolver:  Solving for Uz, Initial residual = 0.016485292, Final residual = 0.00025092013, No Iterations 3
GAMG:  Solving for p, Initial residual = 0.016378462, Final residual = 9.5974731e-05, No Iterations 3
GAMG:  Solving for p, Initial residual = 0.00038844705, Final residual = 2.3457191e-06, No Iterations 4
time step continuity errors : sum local = 2.7946534e-05, global = -9.1936034e-06, cumulative = 0.00026608049
smoothSolver:  Solving for omega, Initial residual = 0.00070639423, Final residual = 5.4358943e-06, No Iterations 2
smoothSolver:  Solving for k, Initial residual = 0.0070792143, Final residual = 7.7251589e-05, No Iterations 2
ExecutionTime = 324.01198 s  ClockTime = 325 s

Time = 239s

smoothSolver:  Solving for Ux, Initial residual = 0.0028168585, Final residual = 4.1338407e-05, No Iterations 3
smoothSolver:  Solving for Uy, Initial residual = 0.021555929, Final residual = 0.00031954644, No Iterations 3
smoothSolver:  Solving for Uz, Initial residual = 0.016292781, Final residual = 0.00024751623, No Iterations 3
GAMG:  Solving for p, Initial residual = 0.016316711, Final residual = 9.6365079e-05, No Iterations 3
GAMG:  Solving for p, Initial residual = 0.00038914281, Final residual = 2.3813821e-06, No Iterations 4
time step continuity errors : sum local = 2.8245099e-05, global = -9.321307e-06, cumulative = 0.00025675919
smoothSolver:  Solving for omega, Initial residual = 0.00069962451, Final residual = 5.4505689e-06, No Iterations 2
smoothSolver:  Solving for k, Initial residual = 0.0070188012, Final residual = 7.637412e-05, No Iterations 2
ExecutionTime = 325.27742 s  ClockTime = 326 s

Time = 240s

smoothSolver:  Solving for Ux, Initial residual = 0.0027818537, Final residual = 4.0758158e-05, No Iterations 3
smoothSolver:  Solving for Uy, Initial residual = 0.021270105, Final residual = 0.000314425, No Iterations 3
smoothSolver:  Solving for Uz, Initial residual = 0.016097126, Final residual = 0.00024419155, No Iterations 3
GAMG:  Solving for p, Initial residual = 0.016266459, Final residual = 9.7446667e-05, No Iterations 3
GAMG:  Solving for p, Initial residual = 0.00039074266, Final residual = 2.3803242e-06, No Iterations 4
time step continuity errors : sum local = 2.8100738e-05, global = -9.1504979e-06, cumulative = 0.00024760869
smoothSolver:  Solving for omega, Initial residual = 0.00069643892, Final residual = 5.403325e-06, No Iterations 2
smoothSolver:  Solving for k, Initial residual = 0.0069598411, Final residual = 7.5519842e-05, No Iterations 2
ExecutionTime = 326.4624 s  ClockTime = 327 s

Time = 241s

smoothSolver:  Solving for Ux, Initial residual = 0.0027469903, Final residual = 4.0185314e-05, No Iterations 3
smoothSolver:  Solving for Uy, Initial residual = 0.020974789, Final residual = 0.00030924748, No Iterations 3
smoothSolver:  Solving for Uz, Initial residual = 0.015906382, Final residual = 0.0002409364, No Iterations 3
GAMG:  Solving for p, Initial residual = 0.016172216, Final residual = 9.8391643e-05, No Iterations 3
GAMG:  Solving for p, Initial residual = 0.0003921104, Final residual = 2.3176565e-06, No Iterations 4
time step continuity errors : sum local = 2.72295e-05, global = -8.7078647e-06, cumulative = 0.00023890082
smoothSolver:  Solving for omega, Initial residual = 0.00069205758, Final residual = 5.3135851e-06, No Iterations 2
smoothSolver:  Solving for k, Initial residual = 0.0068984953, Final residual = 7.4643648e-05, No Iterations 2
ExecutionTime = 327.61113 s  ClockTime = 328 s

Time = 242s

smoothSolver:  Solving for Ux, Initial residual = 0.0027126422, Final residual = 3.9631358e-05, No Iterations 3
smoothSolver:  Solving for Uy, Initial residual = 0.020674022, Final residual = 0.00030401357, No Iterations 3
smoothSolver:  Solving for Uz, Initial residual = 0.015720137, Final residual = 0.00023779133, No Iterations 3
GAMG:  Solving for p, Initial residual = 0.016094063, Final residual = 9.8923054e-05, No Iterations 3
GAMG:  Solving for p, Initial residual = 0.00039434771, Final residual = 2.219072e-06, No Iterations 4
time step continuity errors : sum local = 2.5947905e-05, global = -8.0710101e-06, cumulative = 0.00023082981
smoothSolver:  Solving for omega, Initial residual = 0.00069010054, Final residual = 5.3670838e-06, No Iterations 2
smoothSolver:  Solving for k, Initial residual = 0.0068355959, Final residual = 7.3870096e-05, No Iterations 2
ExecutionTime = 328.77566 s  ClockTime = 329 s

Time = 243s

smoothSolver:  Solving for Ux, Initial residual = 0.0026794091, Final residual = 3.9099208e-05, No Iterations 3
smoothSolver:  Solving for Uy, Initial residual = 0.020365527, Final residual = 0.00029885076, No Iterations 3
smoothSolver:  Solving for Uz, Initial residual = 0.015541921, Final residual = 0.00023474362, No Iterations 3
GAMG:  Solving for p, Initial residual = 0.016067037, Final residual = 9.9802787e-05, No Iterations 3
GAMG:  Solving for p, Initial residual = 0.00039611041, Final residual = 2.1101329e-06, No Iterations 4
time step continuity errors : sum local = 2.4549277e-05, global = -7.5400119e-06, cumulative = 0.0002232898
smoothSolver:  Solving for omega, Initial residual = 0.00068385451, Final residual = 5.3093234e-06, No Iterations 2
smoothSolver:  Solving for k, Initial residual = 0.0067706779, Final residual = 7.3020329e-05, No Iterations 2
ExecutionTime = 329.92834 s  ClockTime = 331 s

Time = 244s

smoothSolver:  Solving for Ux, Initial residual = 0.0026471584, Final residual = 3.8597607e-05, No Iterations 3
smoothSolver:  Solving for Uy, Initial residual = 0.02005578, Final residual = 0.00029378624, No Iterations 3
smoothSolver:  Solving for Uz, Initial residual = 0.015365304, Final residual = 0.00023177537, No Iterations 3
GAMG:  Solving for p, Initial residual = 0.016033695, Final residual = 0.00010004385, No Iterations 3
GAMG:  Solving for p, Initial residual = 0.00039623, Final residual = 1.9977964e-06, No Iterations 4
time step continuity errors : sum local = 2.3123022e-05, global = -6.947308e-06, cumulative = 0.00021634249
smoothSolver:  Solving for omega, Initial residual = 0.00067679689, Final residual = 5.1726901e-06, No Iterations 2
smoothSolver:  Solving for k, Initial residual = 0.0067077779, Final residual = 7.2188348e-05, No Iterations 2
ExecutionTime = 331.08226 s  ClockTime = 332 s

Time = 245s

smoothSolver:  Solving for Ux, Initial residual = 0.0026165589, Final residual = 3.81316e-05, No Iterations 3
smoothSolver:  Solving for Uy, Initial residual = 0.019756072, Final residual = 0.00028880836, No Iterations 3
smoothSolver:  Solving for Uz, Initial residual = 0.015193929, Final residual = 0.00022883725, No Iterations 3
GAMG:  Solving for p, Initial residual = 0.016009108, Final residual = 9.9598467e-05, No Iterations 3
GAMG:  Solving for p, Initial residual = 0.00039692764, Final residual = 1.9089447e-06, No Iterations 4
time step continuity errors : sum local = 2.1976033e-05, global = -6.6079107e-06, cumulative = 0.00020973458
smoothSolver:  Solving for omega, Initial residual = 0.00067485744, Final residual = 5.2105477e-06, No Iterations 2
smoothSolver:  Solving for k, Initial residual = 0.0066438928, Final residual = 7.1359149e-05, No Iterations 2
ExecutionTime = 332.23362 s  ClockTime = 333 s

Time = 246s

smoothSolver:  Solving for Ux, Initial residual = 0.002587601, Final residual = 3.7703475e-05, No Iterations 3
smoothSolver:  Solving for Uy, Initial residual = 0.019455168, Final residual = 0.00028394165, No Iterations 3
smoothSolver:  Solving for Uz, Initial residual = 0.015026583, Final residual = 0.00022601375, No Iterations 3
GAMG:  Solving for p, Initial residual = 0.015982268, Final residual = 9.9102015e-05, No Iterations 3
GAMG:  Solving for p, Initial residual = 0.00039820534, Final residual = 1.8046015e-06, No Iterations 4
time step continuity errors : sum local = 2.0669886e-05, global = -6.1243393e-06, cumulative = 0.00020361024
smoothSolver:  Solving for omega, Initial residual = 0.00067190216, Final residual = 5.2069101e-06, No Iterations 2
smoothSolver:  Solving for k, Initial residual = 0.0065746089, Final residual = 7.0575879e-05, No Iterations 2
ExecutionTime = 333.36083 s  ClockTime = 334 s

Time = 247s

smoothSolver:  Solving for Ux, Initial residual = 0.0025607634, Final residual = 3.7311792e-05, No Iterations 3
smoothSolver:  Solving for Uy, Initial residual = 0.019156286, Final residual = 0.00027924357, No Iterations 3
smoothSolver:  Solving for Uz, Initial residual = 0.014864056, Final residual = 0.00022325913, No Iterations 3
GAMG:  Solving for p, Initial residual = 0.015945155, Final residual = 9.8290064e-05, No Iterations 3
GAMG:  Solving for p, Initial residual = 0.00039756547, Final residual = 1.7469171e-06, No Iterations 4
time step continuity errors : sum local = 1.9908567e-05, global = -5.9488753e-06, cumulative = 0.00019766137
smoothSolver:  Solving for omega, Initial residual = 0.00066734131, Final residual = 5.1248931e-06, No Iterations 2
smoothSolver:  Solving for k, Initial residual = 0.0065138225, Final residual = 6.980761e-05, No Iterations 2
ExecutionTime = 334.65462 s  ClockTime = 335 s

Time = 248s

smoothSolver:  Solving for Ux, Initial residual = 0.0025357428, Final residual = 3.6959408e-05, No Iterations 3
smoothSolver:  Solving for Uy, Initial residual = 0.018867006, Final residual = 0.00027471458, No Iterations 3
smoothSolver:  Solving for Uz, Initial residual = 0.01470841, Final residual = 0.00022061383, No Iterations 3
GAMG:  Solving for p, Initial residual = 0.015834802, Final residual = 9.7106338e-05, No Iterations 3
GAMG:  Solving for p, Initial residual = 0.00039597557, Final residual = 3.8122722e-06, No Iterations 3
time step continuity errors : sum local = 4.3246175e-05, global = 2.8270663e-06, cumulative = 0.00020048844
smoothSolver:  Solving for omega, Initial residual = 0.00066518307, Final residual = 5.1583979e-06, No Iterations 2
smoothSolver:  Solving for k, Initial residual = 0.0064435708, Final residual = 6.8970249e-05, No Iterations 2
ExecutionTime = 336.01889 s  ClockTime = 337 s

Time = 249s

smoothSolver:  Solving for Ux, Initial residual = 0.0025125583, Final residual = 3.6654328e-05, No Iterations 3
smoothSolver:  Solving for Uy, Initial residual = 0.01857774, Final residual = 0.0002704671, No Iterations 3
smoothSolver:  Solving for Uz, Initial residual = 0.014546869, Final residual = 0.00021797517, No Iterations 3
GAMG:  Solving for p, Initial residual = 0.015702017, Final residual = 9.6779231e-05, No Iterations 3
GAMG:  Solving for p, Initial residual = 0.00039580756, Final residual = 3.6746538e-06, No Iterations 3
time step continuity errors : sum local = 4.1490669e-05, global = 8.5837129e-07, cumulative = 0.00020134681
smoothSolver:  Solving for omega, Initial residual = 0.00066346786, Final residual = 5.071538e-06, No Iterations 2
smoothSolver:  Solving for k, Initial residual = 0.0063787795, Final residual = 6.8260245e-05, No Iterations 2
ExecutionTime = 337.24763 s  ClockTime = 338 s

Time = 250s

smoothSolver:  Solving for Ux, Initial residual = 0.0024920119, Final residual = 3.6390903e-05, No Iterations 3
smoothSolver:  Solving for Uy, Initial residual = 0.01829868, Final residual = 0.0002663757, No Iterations 3
smoothSolver:  Solving for Uz, Initial residual = 0.014391762, Final residual = 0.00021541207, No Iterations 3
GAMG:  Solving for p, Initial residual = 0.015616036, Final residual = 9.6179446e-05, No Iterations 3
GAMG:  Solving for p, Initial residual = 0.00039442475, Final residual = 3.6060177e-06, No Iterations 3
time step continuity errors : sum local = 4.0530271e-05, global = -2.9431157e-06, cumulative = 0.00019840369
smoothSolver:  Solving for omega, Initial residual = 0.00065856864, Final residual = 5.0272939e-06, No Iterations 2
smoothSolver:  Solving for k, Initial residual = 0.0063050579, Final residual = 6.7498396e-05, No Iterations 2
ExecutionTime = 338.51154 s  ClockTime = 339 s

Time = 251s

smoothSolver:  Solving for Ux, Initial residual = 0.0024737496, Final residual = 3.6170327e-05, No Iterations 3
smoothSolver:  Solving for Uy, Initial residual = 0.018020449, Final residual = 0.00026248278, No Iterations 3
smoothSolver:  Solving for Uz, Initial residual = 0.014234343, Final residual = 0.00021285268, No Iterations 3
GAMG:  Solving for p, Initial residual = 0.015561681, Final residual = 9.4773846e-05, No Iterations 3
GAMG:  Solving for p, Initial residual = 0.00039232132, Final residual = 3.6442588e-06, No Iterations 3
time step continuity errors : sum local = 4.0780275e-05, global = -5.7391286e-06, cumulative = 0.00019266456
smoothSolver:  Solving for omega, Initial residual = 0.00065290496, Final residual = 5.0396727e-06, No Iterations 2
smoothSolver:  Solving for k, Initial residual = 0.0062358769, Final residual = 6.6742409e-05, No Iterations 2
ExecutionTime = 339.80551 s  ClockTime = 340 s

Time = 252s

smoothSolver:  Solving for Ux, Initial residual = 0.0024569695, Final residual = 3.598678e-05, No Iterations 3
smoothSolver:  Solving for Uy, Initial residual = 0.017754355, Final residual = 0.00025869324, No Iterations 3
smoothSolver:  Solving for Uz, Initial residual = 0.014078865, Final residual = 0.00021038081, No Iterations 3
GAMG:  Solving for p, Initial residual = 0.01547211, Final residual = 9.3032945e-05, No Iterations 3
GAMG:  Solving for p, Initial residual = 0.00038803097, Final residual = 3.6637173e-06, No Iterations 3
time step continuity errors : sum local = 4.0838417e-05, global = -7.4686931e-06, cumulative = 0.00018519587
smoothSolver:  Solving for omega, Initial residual = 0.00064989503, Final residual = 5.0094781e-06, No Iterations 2
smoothSolver:  Solving for k, Initial residual = 0.0061678053, Final residual = 6.6016167e-05, No Iterations 2
ExecutionTime = 341.01926 s  ClockTime = 342 s

Time = 253s

smoothSolver:  Solving for Ux, Initial residual = 0.0024424087, Final residual = 3.5836588e-05, No Iterations 3
smoothSolver:  Solving for Uy, Initial residual = 0.017497819, Final residual = 0.00025498532, No Iterations 3
smoothSolver:  Solving for Uz, Initial residual = 0.013926679, Final residual = 0.00020791429, No Iterations 3
GAMG:  Solving for p, Initial residual = 0.015330343, Final residual = 9.1815668e-05, No Iterations 3
GAMG:  Solving for p, Initial residual = 0.00038159872, Final residual = 3.7558729e-06, No Iterations 3
time step continuity errors : sum local = 4.1725724e-05, global = -8.7700554e-06, cumulative = 0.00017642581
smoothSolver:  Solving for omega, Initial residual = 0.00064968047, Final residual = 4.9996462e-06, No Iterations 2
smoothSolver:  Solving for k, Initial residual = 0.0060960823, Final residual = 6.5345144e-05, No Iterations 2
ExecutionTime = 342.27615 s  ClockTime = 343 s

Time = 254s

smoothSolver:  Solving for Ux, Initial residual = 0.0024293111, Final residual = 3.5712911e-05, No Iterations 3
smoothSolver:  Solving for Uy, Initial residual = 0.017251307, Final residual = 0.00025131846, No Iterations 3
smoothSolver:  Solving for Uz, Initial residual = 0.013771494, Final residual = 0.00020553851, No Iterations 3
GAMG:  Solving for p, Initial residual = 0.015246525, Final residual = 9.0991141e-05, No Iterations 3
GAMG:  Solving for p, Initial residual = 0.00037453684, Final residual = 1.9397236e-06, No Iterations 4
time step continuity errors : sum local = 2.148226e-05, global = 5.5372134e-06, cumulative = 0.00018196303
smoothSolver:  Solving for omega, Initial residual = 0.0006465536, Final residual = 4.9893703e-06, No Iterations 2
smoothSolver:  Solving for k, Initial residual = 0.0060248434, Final residual = 6.4711394e-05, No Iterations 2
ExecutionTime = 343.76248 s  ClockTime = 344 s

Time = 255s

smoothSolver:  Solving for Ux, Initial residual = 0.0024174914, Final residual = 3.561223e-05, No Iterations 3
smoothSolver:  Solving for Uy, Initial residual = 0.017016905, Final residual = 0.00024767645, No Iterations 3
smoothSolver:  Solving for Uz, Initial residual = 0.01362226, Final residual = 0.00020318167, No Iterations 3
GAMG:  Solving for p, Initial residual = 0.015148308, Final residual = 9.0749595e-05, No Iterations 3
GAMG:  Solving for p, Initial residual = 0.00036712994, Final residual = 2.1980883e-06, No Iterations 4
time step continuity errors : sum local = 2.4271122e-05, global = 7.1006338e-06, cumulative = 0.00018906366
smoothSolver:  Solving for omega, Initial residual = 0.00063931939, Final residual = 4.8608306e-06, No Iterations 2
smoothSolver:  Solving for k, Initial residual = 0.0059596754, Final residual = 6.4048539e-05, No Iterations 2
ExecutionTime = 345.22667 s  ClockTime = 346 s

Time = 256s

smoothSolver:  Solving for Ux, Initial residual = 0.0024070818, Final residual = 3.5528917e-05, No Iterations 3
smoothSolver:  Solving for Uy, Initial residual = 0.01679567, Final residual = 0.00024404644, No Iterations 3
smoothSolver:  Solving for Uz, Initial residual = 0.013479386, Final residual = 0.00020089407, No Iterations 3
GAMG:  Solving for p, Initial residual = 0.015084115, Final residual = 9.067029e-05, No Iterations 3
GAMG:  Solving for p, Initial residual = 0.0003593852, Final residual = 2.1666786e-06, No Iterations 4
time step continuity errors : sum local = 2.3846267e-05, global = 6.748507e-06, cumulative = 0.00019581217
smoothSolver:  Solving for omega, Initial residual = 0.00063593694, Final residual = 4.8782772e-06, No Iterations 2
smoothSolver:  Solving for k, Initial residual = 0.0058886892, Final residual = 6.3496915e-05, No Iterations 2
ExecutionTime = 346.52515 s  ClockTime = 347 s

Time = 257s

smoothSolver:  Solving for Ux, Initial residual = 0.0023973478, Final residual = 3.5457267e-05, No Iterations 3
smoothSolver:  Solving for Uy, Initial residual = 0.016582072, Final residual = 0.00024038096, No Iterations 3
smoothSolver:  Solving for Uz, Initial residual = 0.013337329, Final residual = 0.00019855921, No Iterations 3
GAMG:  Solving for p, Initial residual = 0.01502424, Final residual = 9.1556537e-05, No Iterations 3
GAMG:  Solving for p, Initial residual = 0.00035323688, Final residual = 2.246273e-06, No Iterations 4
time step continuity errors : sum local = 2.4648931e-05, global = 7.0718072e-06, cumulative = 0.00020288397
smoothSolver:  Solving for omega, Initial residual = 0.00063358769, Final residual = 4.9405011e-06, No Iterations 2
smoothSolver:  Solving for k, Initial residual = 0.0058186546, Final residual = 6.2839002e-05, No Iterations 2
ExecutionTime = 347.94808 s  ClockTime = 349 s

Time = 258s

smoothSolver:  Solving for Ux, Initial residual = 0.0023883181, Final residual = 3.5390079e-05, No Iterations 3
smoothSolver:  Solving for Uy, Initial residual = 0.016377893, Final residual = 0.00023673023, No Iterations 3
smoothSolver:  Solving for Uz, Initial residual = 0.013196796, Final residual = 0.00019625008, No Iterations 3
GAMG:  Solving for p, Initial residual = 0.014954521, Final residual = 9.2664288e-05, No Iterations 3
GAMG:  Solving for p, Initial residual = 0.00034800081, Final residual = 2.3252847e-06, No Iterations 4
time step continuity errors : sum local = 2.54493e-05, global = 7.3344082e-06, cumulative = 0.00021021838
smoothSolver:  Solving for omega, Initial residual = 0.00062916725, Final residual = 4.9056649e-06, No Iterations 2
smoothSolver:  Solving for k, Initial residual = 0.0057501776, Final residual = 6.2220297e-05, No Iterations 2
ExecutionTime = 349.33964 s  ClockTime = 350 s

Time = 259s

smoothSolver:  Solving for Ux, Initial residual = 0.002380039, Final residual = 3.5326071e-05, No Iterations 3
smoothSolver:  Solving for Uy, Initial residual = 0.01618003, Final residual = 0.00023305642, No Iterations 3
smoothSolver:  Solving for Uz, Initial residual = 0.013058929, Final residual = 0.00019393207, No Iterations 3
GAMG:  Solving for p, Initial residual = 0.014867971, Final residual = 9.3606268e-05, No Iterations 3
GAMG:  Solving for p, Initial residual = 0.00034450481, Final residual = 2.4447038e-06, No Iterations 4
time step continuity errors : sum local = 2.6704448e-05, global = 7.8441842e-06, cumulative = 0.00021806257
smoothSolver:  Solving for omega, Initial residual = 0.00062356199, Final residual = 4.890854e-06, No Iterations 2
smoothSolver:  Solving for k, Initial residual = 0.0056867033, Final residual = 6.1636557e-05, No Iterations 2
ExecutionTime = 350.59524 s  ClockTime = 351 s

Time = 260s

smoothSolver:  Solving for Ux, Initial residual = 0.0023716885, Final residual = 3.5261251e-05, No Iterations 3
smoothSolver:  Solving for Uy, Initial residual = 0.015987341, Final residual = 0.00022940389, No Iterations 3
smoothSolver:  Solving for Uz, Initial residual = 0.012927218, Final residual = 0.00019165975, No Iterations 3
GAMG:  Solving for p, Initial residual = 0.014757233, Final residual = 9.3829384e-05, No Iterations 3
GAMG:  Solving for p, Initial residual = 0.00033983369, Final residual = 2.5548585e-06, No Iterations 4
time step continuity errors : sum local = 2.7860461e-05, global = 8.2375108e-06, cumulative = 0.00022630008
smoothSolver:  Solving for omega, Initial residual = 0.00061991511, Final residual = 4.8849968e-06, No Iterations 2
smoothSolver:  Solving for k, Initial residual = 0.0056238908, Final residual = 6.1012155e-05, No Iterations 2
bounding k, min: 1.780521e-16 max: 0.35439038 average: 0.069362856
ExecutionTime = 351.79436 s  ClockTime = 352 s

Time = 261s

smoothSolver:  Solving for Ux, Initial residual = 0.0023632535, Final residual = 3.5194656e-05, No Iterations 3
smoothSolver:  Solving for Uy, Initial residual = 0.015798836, Final residual = 0.00022578668, No Iterations 3
smoothSolver:  Solving for Uz, Initial residual = 0.012795039, Final residual = 0.00018935704, No Iterations 3
GAMG:  Solving for p, Initial residual = 0.014671798, Final residual = 9.3382301e-05, No Iterations 3
GAMG:  Solving for p, Initial residual = 0.0003351802, Final residual = 2.6322515e-06, No Iterations 4
time step continuity errors : sum local = 2.8657981e-05, global = 8.5604287e-06, cumulative = 0.00023486051
smoothSolver:  Solving for omega, Initial residual = 0.00061641083, Final residual = 4.8248387e-06, No Iterations 2
smoothSolver:  Solving for k, Initial residual = 0.0055557846, Final residual = 6.0444732e-05, No Iterations 2
bounding k, min: 1.4932208e-16 max: 0.35341192 average: 0.069293622
ExecutionTime = 353.32697 s  ClockTime = 354 s

Time = 262s

smoothSolver:  Solving for Ux, Initial residual = 0.0023546084, Final residual = 3.5119651e-05, No Iterations 3
smoothSolver:  Solving for Uy, Initial residual = 0.015609424, Final residual = 0.00022226639, No Iterations 3
smoothSolver:  Solving for Uz, Initial residual = 0.012667392, Final residual = 0.00018710686, No Iterations 3
GAMG:  Solving for p, Initial residual = 0.014566271, Final residual = 9.2984028e-05, No Iterations 3
GAMG:  Solving for p, Initial residual = 0.00033033336, Final residual = 2.6416498e-06, No Iterations 4
time step continuity errors : sum local = 2.8692271e-05, global = 8.3296792e-06, cumulative = 0.00024319019
smoothSolver:  Solving for omega, Initial residual = 0.0006135978, Final residual = 4.8132434e-06, No Iterations 2
smoothSolver:  Solving for k, Initial residual = 0.0054934028, Final residual = 5.9922465e-05, No Iterations 2
bounding k, min: 1.4977582e-16 max: 0.35228888 average: 0.069225611
ExecutionTime = 354.90868 s  ClockTime = 356 s

Time = 263s

smoothSolver:  Solving for Ux, Initial residual = 0.002345371, Final residual = 3.5038191e-05, No Iterations 3
smoothSolver:  Solving for Uy, Initial residual = 0.015430748, Final residual = 0.00021884259, No Iterations 3
smoothSolver:  Solving for Uz, Initial residual = 0.012544721, Final residual = 0.00018491309, No Iterations 3
GAMG:  Solving for p, Initial residual = 0.01445499, Final residual = 9.3084296e-05, No Iterations 3
GAMG:  Solving for p, Initial residual = 0.00032707845, Final residual = 2.6113929e-06, No Iterations 4
time step continuity errors : sum local = 2.8293839e-05, global = 7.8257953e-06, cumulative = 0.00025101598
smoothSolver:  Solving for omega, Initial residual = 0.00060755496, Final residual = 4.8305315e-06, No Iterations 2
smoothSolver:  Solving for k, Initial residual = 0.0054359212, Final residual = 5.9284933e-05, No Iterations 2
bounding k, min: 1.3603175e-16 max: 0.35097511 average: 0.069158757
ExecutionTime = 356.62592 s  ClockTime = 357 s

Time = 264s

smoothSolver:  Solving for Ux, Initial residual = 0.0023348649, Final residual = 3.4943968e-05, No Iterations 3
smoothSolver:  Solving for Uy, Initial residual = 0.015260797, Final residual = 0.00021568384, No Iterations 3
smoothSolver:  Solving for Uz, Initial residual = 0.012422125, Final residual = 0.00018272232, No Iterations 3
GAMG:  Solving for p, Initial residual = 0.014353078, Final residual = 9.3249865e-05, No Iterations 3
GAMG:  Solving for p, Initial residual = 0.00032408059, Final residual = 2.5747123e-06, No Iterations 4
time step continuity errors : sum local = 2.7833707e-05, global = 7.3050055e-06, cumulative = 0.00025832099
smoothSolver:  Solving for omega, Initial residual = 0.00060146758, Final residual = 4.7899959e-06, No Iterations 2
smoothSolver:  Solving for k, Initial residual = 0.0053754096, Final residual = 5.8825091e-05, No Iterations 2
bounding k, min: 1.2097188e-16 max: 0.34944548 average: 0.069093307
ExecutionTime = 358.05585 s  ClockTime = 359 s

Time = 265s

smoothSolver:  Solving for Ux, Initial residual = 0.0023237693, Final residual = 3.4842423e-05, No Iterations 3
smoothSolver:  Solving for Uy, Initial residual = 0.015097358, Final residual = 0.00021273365, No Iterations 3
smoothSolver:  Solving for Uz, Initial residual = 0.012306166, Final residual = 0.00018066788, No Iterations 3
GAMG:  Solving for p, Initial residual = 0.014244637, Final residual = 9.3229591e-05, No Iterations 3
GAMG:  Solving for p, Initial residual = 0.00032042331, Final residual = 2.5538431e-06, No Iterations 4
time step continuity errors : sum local = 2.7545568e-05, global = 6.7642655e-06, cumulative = 0.00026508525
smoothSolver:  Solving for omega, Initial residual = 0.00059871509, Final residual = 4.7689849e-06, No Iterations 2
smoothSolver:  Solving for k, Initial residual = 0.0053256335, Final residual = 5.8302431e-05, No Iterations 2
bounding k, min: 1.1168158e-16 max: 0.34798419 average: 0.069028564
ExecutionTime = 359.14093 s  ClockTime = 360 s

Time = 266s

smoothSolver:  Solving for Ux, Initial residual = 0.0023120781, Final residual = 3.4734356e-05, No Iterations 3
smoothSolver:  Solving for Uy, Initial residual = 0.014941643, Final residual = 0.00020989823, No Iterations 3
smoothSolver:  Solving for Uz, Initial residual = 0.012197041, Final residual = 0.00017879825, No Iterations 3
GAMG:  Solving for p, Initial residual = 0.014166137, Final residual = 9.3210123e-05, No Iterations 3
GAMG:  Solving for p, Initial residual = 0.00031745546, Final residual = 2.5888839e-06, No Iterations 4
time step continuity errors : sum local = 2.7868312e-05, global = 6.7015221e-06, cumulative = 0.00027178677
smoothSolver:  Solving for omega, Initial residual = 0.00059580743, Final residual = 4.7727721e-06, No Iterations 2
smoothSolver:  Solving for k, Initial residual = 0.0052668996, Final residual = 5.7722666e-05, No Iterations 2
bounding k, min: 1.0700775e-16 max: 0.34710049 average: 0.06896541
ExecutionTime = 360.22047 s  ClockTime = 361 s

Time = 267s

smoothSolver:  Solving for Ux, Initial residual = 0.0022998698, Final residual = 3.4623721e-05, No Iterations 3
smoothSolver:  Solving for Uy, Initial residual = 0.01478759, Final residual = 0.00020725568, No Iterations 3
smoothSolver:  Solving for Uz, Initial residual = 0.012092713, Final residual = 0.00017700122, No Iterations 3
GAMG:  Solving for p, Initial residual = 0.014062321, Final residual = 9.266646e-05, No Iterations 3
GAMG:  Solving for p, Initial residual = 0.00031484735, Final residual = 2.6979705e-06, No Iterations 4
time step continuity errors : sum local = 2.899661e-05, global = 7.0309037e-06, cumulative = 0.00027881768
smoothSolver:  Solving for omega, Initial residual = 0.0005910024, Final residual = 4.6861698e-06, No Iterations 2
smoothSolver:  Solving for k, Initial residual = 0.0052136494, Final residual = 5.7224706e-05, No Iterations 2
bounding k, min: 1.0186621e-16 max: 0.34596386 average: 0.06890286
ExecutionTime = 361.65219 s  ClockTime = 362 s

Time = 268s

smoothSolver:  Solving for Ux, Initial residual = 0.0022870623, Final residual = 3.451287e-05, No Iterations 3
smoothSolver:  Solving for Uy, Initial residual = 0.014636643, Final residual = 0.00020474209, No Iterations 3
smoothSolver:  Solving for Uz, Initial residual = 0.011999493, Final residual = 0.00017535562, No Iterations 3
GAMG:  Solving for p, Initial residual = 0.013989993, Final residual = 9.212502e-05, No Iterations 3
GAMG:  Solving for p, Initial residual = 0.00031335572, Final residual = 2.7891605e-06, No Iterations 4
time step continuity errors : sum local = 2.9873991e-05, global = 7.2452405e-06, cumulative = 0.00028606292
smoothSolver:  Solving for omega, Initial residual = 0.00058680636, Final residual = 4.6851751e-06, No Iterations 2
smoothSolver:  Solving for k, Initial residual = 0.0051611929, Final residual = 5.6658117e-05, No Iterations 2
bounding k, min: 9.8022828e-17 max: 0.34505025 average: 0.068840438
ExecutionTime = 362.95217 s  ClockTime = 364 s

Time = 269s

smoothSolver:  Solving for Ux, Initial residual = 0.0022744905, Final residual = 3.440024e-05, No Iterations 3
smoothSolver:  Solving for Uy, Initial residual = 0.014488817, Final residual = 0.00020233035, No Iterations 3
smoothSolver:  Solving for Uz, Initial residual = 0.011909503, Final residual = 0.00017377121, No Iterations 3
GAMG:  Solving for p, Initial residual = 0.013861206, Final residual = 9.1304961e-05, No Iterations 3
GAMG:  Solving for p, Initial residual = 0.0003113199, Final residual = 2.8694685e-06, No Iterations 4
time step continuity errors : sum local = 3.0670213e-05, global = 7.4649263e-06, cumulative = 0.00029352784
smoothSolver:  Solving for omega, Initial residual = 0.00058679256, Final residual = 4.7104618e-06, No Iterations 2
smoothSolver:  Solving for k, Initial residual = 0.0051125996, Final residual = 5.6196641e-05, No Iterations 2
bounding k, min: 9.4298865e-17 max: 0.34400534 average: 0.068778108
ExecutionTime = 364.56146 s  ClockTime = 365 s

Time = 270s

smoothSolver:  Solving for Ux, Initial residual = 0.0022616357, Final residual = 3.428734e-05, No Iterations 3
smoothSolver:  Solving for Uy, Initial residual = 0.014345353, Final residual = 0.00019997651, No Iterations 3
smoothSolver:  Solving for Uz, Initial residual = 0.011831513, Final residual = 0.00017237689, No Iterations 3
GAMG:  Solving for p, Initial residual = 0.01373425, Final residual = 9.0200149e-05, No Iterations 3
GAMG:  Solving for p, Initial residual = 0.00031121407, Final residual = 2.8468439e-06, No Iterations 4
time step continuity errors : sum local = 3.0347419e-05, global = 7.103948e-06, cumulative = 0.00030063179
smoothSolver:  Solving for omega, Initial residual = 0.00058268607, Final residual = 4.662998e-06, No Iterations 2
smoothSolver:  Solving for k, Initial residual = 0.0050576856, Final residual = 5.5628575e-05, No Iterations 2
bounding k, min: 9.2363002e-17 max: 0.34303176 average: 0.068716594
ExecutionTime = 366.04911 s  ClockTime = 367 s

Time = 271s

smoothSolver:  Solving for Ux, Initial residual = 0.0022486978, Final residual = 3.4167299e-05, No Iterations 3
smoothSolver:  Solving for Uy, Initial residual = 0.014199363, Final residual = 0.00019772749, No Iterations 3
smoothSolver:  Solving for Uz, Initial residual = 0.011758286, Final residual = 0.00017109269, No Iterations 3
GAMG:  Solving for p, Initial residual = 0.013593076, Final residual = 8.9583065e-05, No Iterations 3
GAMG:  Solving for p, Initial residual = 0.00031211124, Final residual = 2.9186569e-06, No Iterations 4
time step continuity errors : sum local = 3.1045461e-05, global = 7.3068478e-06, cumulative = 0.00030793864
smoothSolver:  Solving for omega, Initial residual = 0.00057718521, Final residual = 4.6064713e-06, No Iterations 2
smoothSolver:  Solving for k, Initial residual = 0.0050099332, Final residual = 5.5116074e-05, No Iterations 2
bounding k, min: 9.1354947e-17 max: 0.34211318 average: 0.068654383
ExecutionTime = 367.56371 s  ClockTime = 368 s

Time = 272s

smoothSolver:  Solving for Ux, Initial residual = 0.002235538, Final residual = 3.4040985e-05, No Iterations 3
smoothSolver:  Solving for Uy, Initial residual = 0.014061621, Final residual = 0.00019548008, No Iterations 3
smoothSolver:  Solving for Uz, Initial residual = 0.011701873, Final residual = 0.00016998978, No Iterations 3
GAMG:  Solving for p, Initial residual = 0.013491284, Final residual = 8.9892726e-05, No Iterations 3
GAMG:  Solving for p, Initial residual = 0.0003142029, Final residual = 2.9409723e-06, No Iterations 4
time step continuity errors : sum local = 3.1177504e-05, global = 7.1662648e-06, cumulative = 0.00031510491
smoothSolver:  Solving for omega, Initial residual = 0.00057657907, Final residual = 4.6575953e-06, No Iterations 2
smoothSolver:  Solving for k, Initial residual = 0.0049589452, Final residual = 5.4678359e-05, No Iterations 2
bounding k, min: 9.1175643e-17 max: 0.34125851 average: 0.068591704
ExecutionTime = 369.26342 s  ClockTime = 370 s

Time = 273s

smoothSolver:  Solving for Ux, Initial residual = 0.0022225237, Final residual = 3.3902562e-05, No Iterations 3
smoothSolver:  Solving for Uy, Initial residual = 0.013921342, Final residual = 0.00019332847, No Iterations 3
smoothSolver:  Solving for Uz, Initial residual = 0.011651212, Final residual = 0.00016890843, No Iterations 3
GAMG:  Solving for p, Initial residual = 0.013415837, Final residual = 9.0770929e-05, No Iterations 3
GAMG:  Solving for p, Initial residual = 0.00031655433, Final residual = 2.9839318e-06, No Iterations 4
time step continuity errors : sum local = 3.1544519e-05, global = 7.0001725e-06, cumulative = 0.00032210508
smoothSolver:  Solving for omega, Initial residual = 0.00057774789, Final residual = 4.6193411e-06, No Iterations 2
smoothSolver:  Solving for k, Initial residual = 0.0049073212, Final residual = 5.419596e-05, No Iterations 2
bounding k, min: 9.1137527e-17 max: 0.34037406 average: 0.068529145
ExecutionTime = 370.98779 s  ClockTime = 372 s

Time = 274s

smoothSolver:  Solving for Ux, Initial residual = 0.0022097142, Final residual = 3.3757718e-05, No Iterations 3
smoothSolver:  Solving for Uy, Initial residual = 0.013785135, Final residual = 0.00019125189, No Iterations 3
smoothSolver:  Solving for Uz, Initial residual = 0.011608755, Final residual = 0.00016790083, No Iterations 3
GAMG:  Solving for p, Initial residual = 0.0133715, Final residual = 9.1747347e-05, No Iterations 3
GAMG:  Solving for p, Initial residual = 0.00031860843, Final residual = 3.0195067e-06, No Iterations 4
time step continuity errors : sum local = 3.1874603e-05, global = 6.9427757e-06, cumulative = 0.00032904785
smoothSolver:  Solving for omega, Initial residual = 0.00057410001, Final residual = 4.5562328e-06, No Iterations 2
smoothSolver:  Solving for k, Initial residual = 0.0048550014, Final residual = 5.3689041e-05, No Iterations 2
bounding k, min: 9.1498332e-17 max: 0.33946025 average: 0.068466434
ExecutionTime = 372.75567 s  ClockTime = 373 s

Time = 275s

smoothSolver:  Solving for Ux, Initial residual = 0.0021972122, Final residual = 3.3607557e-05, No Iterations 3
smoothSolver:  Solving for Uy, Initial residual = 0.01365392, Final residual = 0.00018929345, No Iterations 3
smoothSolver:  Solving for Uz, Initial residual = 0.011573473, Final residual = 0.00016694975, No Iterations 3
GAMG:  Solving for p, Initial residual = 0.013341366, Final residual = 9.2641471e-05, No Iterations 3
GAMG:  Solving for p, Initial residual = 0.0003209166, Final residual = 3.0155243e-06, No Iterations 4
time step continuity errors : sum local = 3.1780458e-05, global = 6.6664248e-06, cumulative = 0.00033571428
smoothSolver:  Solving for omega, Initial residual = 0.00057065251, Final residual = 4.5293134e-06, No Iterations 2
smoothSolver:  Solving for k, Initial residual = 0.004807323, Final residual = 5.3235068e-05, No Iterations 2
bounding k, min: 9.1429662e-17 max: 0.33860496 average: 0.068402999
ExecutionTime = 374.29088 s  ClockTime = 375 s

Time = 276s

smoothSolver:  Solving for Ux, Initial residual = 0.0021849346, Final residual = 3.3453587e-05, No Iterations 3
smoothSolver:  Solving for Uy, Initial residual = 0.013525902, Final residual = 0.00018752336, No Iterations 3
smoothSolver:  Solving for Uz, Initial residual = 0.011549067, Final residual = 0.00016613458, No Iterations 3
GAMG:  Solving for p, Initial residual = 0.013325074, Final residual = 9.3126701e-05, No Iterations 3
GAMG:  Solving for p, Initial residual = 0.00032205632, Final residual = 2.9169249e-06, No Iterations 4
time step continuity errors : sum local = 3.0689492e-05, global = 6.0628244e-06, cumulative = 0.0003417771
smoothSolver:  Solving for omega, Initial residual = 0.00056977592, Final residual = 4.5567403e-06, No Iterations 2
smoothSolver:  Solving for k, Initial residual = 0.0047587565, Final residual = 5.2776177e-05, No Iterations 2
bounding k, min: 9.1433429e-17 max: 0.33763456 average: 0.068338934
ExecutionTime = 375.80835 s  ClockTime = 376 s

Time = 277s

smoothSolver:  Solving for Ux, Initial residual = 0.0021726016, Final residual = 3.329215e-05, No Iterations 3
smoothSolver:  Solving for Uy, Initial residual = 0.013404205, Final residual = 0.00018592055, No Iterations 3
smoothSolver:  Solving for Uz, Initial residual = 0.01153244, Final residual = 0.00016538867, No Iterations 3
GAMG:  Solving for p, Initial residual = 0.013334056, Final residual = 9.3062148e-05, No Iterations 3
GAMG:  Solving for p, Initial residual = 0.0003221768, Final residual = 2.853988e-06, No Iterations 4
time step continuity errors : sum local = 2.997407e-05, global = 5.7807567e-06, cumulative = 0.00034755786
smoothSolver:  Solving for omega, Initial residual = 0.00057228196, Final residual = 4.5864696e-06, No Iterations 2
smoothSolver:  Solving for k, Initial residual = 0.0047176336, Final residual = 5.2372937e-05, No Iterations 2
bounding k, min: 9.1367958e-17 max: 0.33680522 average: 0.068274215
ExecutionTime = 377.35359 s  ClockTime = 378 s

Time = 278s

smoothSolver:  Solving for Ux, Initial residual = 0.002160426, Final residual = 3.3124523e-05, No Iterations 3
smoothSolver:  Solving for Uy, Initial residual = 0.013294779, Final residual = 0.00018447549, No Iterations 3
smoothSolver:  Solving for Uz, Initial residual = 0.011518107, Final residual = 0.00016470511, No Iterations 3
GAMG:  Solving for p, Initial residual = 0.013372351, Final residual = 9.2849533e-05, No Iterations 3
GAMG:  Solving for p, Initial residual = 0.00032196968, Final residual = 2.7160574e-06, No Iterations 4
time step continuity errors : sum local = 2.8457807e-05, global = 5.1688126e-06, cumulative = 0.00035272667
smoothSolver:  Solving for omega, Initial residual = 0.00057012657, Final residual = 4.5620865e-06, No Iterations 2
smoothSolver:  Solving for k, Initial residual = 0.0046695569, Final residual = 5.190953e-05, No Iterations 2
bounding k, min: 9.1434249e-17 max: 0.33578701 average: 0.068209212
ExecutionTime = 378.5986 s  ClockTime = 379 s

Time = 279s

smoothSolver:  Solving for Ux, Initial residual = 0.0021479359, Final residual = 3.2946241e-05, No Iterations 3
smoothSolver:  Solving for Uy, Initial residual = 0.013191501, Final residual = 0.00018326775, No Iterations 3
smoothSolver:  Solving for Uz, Initial residual = 0.011502404, Final residual = 0.00016402876, No Iterations 3
GAMG:  Solving for p, Initial residual = 0.013385407, Final residual = 9.2349821e-05, No Iterations 3
GAMG:  Solving for p, Initial residual = 0.00032144651, Final residual = 2.6493442e-06, No Iterations 4
time step continuity errors : sum local = 2.7709386e-05, global = 5.0528212e-06, cumulative = 0.00035777949
smoothSolver:  Solving for omega, Initial residual = 0.00056627561, Final residual = 4.480341e-06, No Iterations 2
smoothSolver:  Solving for k, Initial residual = 0.0046225691, Final residual = 5.1486944e-05, No Iterations 2
bounding k, min: 9.1613542e-17 max: 0.33499561 average: 0.068143906
ExecutionTime = 379.8549 s  ClockTime = 381 s

Time = 280s

smoothSolver:  Solving for Ux, Initial residual = 0.0021354715, Final residual = 3.2761268e-05, No Iterations 3
smoothSolver:  Solving for Uy, Initial residual = 0.013099386, Final residual = 0.00018234043, No Iterations 3
smoothSolver:  Solving for Uz, Initial residual = 0.01148848, Final residual = 0.00016348468, No Iterations 3
GAMG:  Solving for p, Initial residual = 0.013373985, Final residual = 9.1934315e-05, No Iterations 3
GAMG:  Solving for p, Initial residual = 0.0003199251, Final residual = 2.476611e-06, No Iterations 4
time step continuity errors : sum local = 2.58589e-05, global = 4.4447951e-06, cumulative = 0.00036222429
smoothSolver:  Solving for omega, Initial residual = 0.00056470062, Final residual = 4.4991808e-06, No Iterations 2
smoothSolver:  Solving for k, Initial residual = 0.004576333, Final residual = 5.1051977e-05, No Iterations 2
bounding k, min: 9.1773821e-17 max: 0.33396575 average: 0.068078258
ExecutionTime = 381.10189 s  ClockTime = 382 s

Time = 281s

smoothSolver:  Solving for Ux, Initial residual = 0.0021228874, Final residual = 3.2572602e-05, No Iterations 3
smoothSolver:  Solving for Uy, Initial residual = 0.013018784, Final residual = 0.00018157049, No Iterations 3
smoothSolver:  Solving for Uz, Initial residual = 0.011473361, Final residual = 0.00016301065, No Iterations 3
GAMG:  Solving for p, Initial residual = 0.013355679, Final residual = 9.2021846e-05, No Iterations 3
GAMG:  Solving for p, Initial residual = 0.00031843112, Final residual = 2.3259733e-06, No Iterations 4
time step continuity errors : sum local = 2.424888e-05, global = 3.808347e-06, cumulative = 0.00036603264
smoothSolver:  Solving for omega, Initial residual = 0.00056693785, Final residual = 4.5773373e-06, No Iterations 2
smoothSolver:  Solving for k, Initial residual = 0.0045373079, Final residual = 5.0705895e-05, No Iterations 2
bounding k, min: 9.1827128e-17 max: 0.33317712 average: 0.068011155
ExecutionTime = 382.40858 s  ClockTime = 383 s

Time = 282s

smoothSolver:  Solving for Ux, Initial residual = 0.0021106846, Final residual = 3.2384766e-05, No Iterations 3
smoothSolver:  Solving for Uy, Initial residual = 0.012950579, Final residual = 0.00018094522, No Iterations 3
smoothSolver:  Solving for Uz, Initial residual = 0.011464929, Final residual = 0.00016263029, No Iterations 3
GAMG:  Solving for p, Initial residual = 0.013317049, Final residual = 9.1897042e-05, No Iterations 3
GAMG:  Solving for p, Initial residual = 0.00031661502, Final residual = 2.235391e-06, No Iterations 4
time step continuity errors : sum local = 2.3272118e-05, global = 3.3895548e-06, cumulative = 0.00036942219
smoothSolver:  Solving for omega, Initial residual = 0.00056373878, Final residual = 4.5347764e-06, No Iterations 2
smoothSolver:  Solving for k, Initial residual = 0.0044910225, Final residual = 5.0234455e-05, No Iterations 2
bounding k, min: 9.1738276e-17 max: 0.33222281 average: 0.067945127
ExecutionTime = 383.92868 s  ClockTime = 385 s

Time = 283s

smoothSolver:  Solving for Ux, Initial residual = 0.0020988462, Final residual = 3.2198183e-05, No Iterations 3
smoothSolver:  Solving for Uy, Initial residual = 0.012885278, Final residual = 0.00018039352, No Iterations 3
smoothSolver:  Solving for Uz, Initial residual = 0.011457089, Final residual = 0.00016237575, No Iterations 3
GAMG:  Solving for p, Initial residual = 0.013275237, Final residual = 9.1407123e-05, No Iterations 3
GAMG:  Solving for p, Initial residual = 0.00031450645, Final residual = 2.2376865e-06, No Iterations 4
time step continuity errors : sum local = 2.326187e-05, global = 3.0325546e-06, cumulative = 0.00037245474
smoothSolver:  Solving for omega, Initial residual = 0.00055835184, Final residual = 4.4321836e-06, No Iterations 2
smoothSolver:  Solving for k, Initial residual = 0.0044559935, Final residual = 4.999039e-05, No Iterations 2
bounding k, min: 9.1687015e-17 max: 0.33138657 average: 0.067878261
ExecutionTime = 385.29225 s  ClockTime = 386 s

Time = 284s

smoothSolver:  Solving for Ux, Initial residual = 0.0020875614, Final residual = 3.2014447e-05, No Iterations 3
smoothSolver:  Solving for Uy, Initial residual = 0.012825374, Final residual = 0.00017980678, No Iterations 3
smoothSolver:  Solving for Uz, Initial residual = 0.011464939, Final residual = 0.00016220792, No Iterations 3
GAMG:  Solving for p, Initial residual = 0.013256551, Final residual = 9.0665045e-05, No Iterations 3
GAMG:  Solving for p, Initial residual = 0.00031191085, Final residual = 2.3144442e-06, No Iterations 4
time step continuity errors : sum local = 2.4047157e-05, global = 3.0924055e-06, cumulative = 0.00037554715
smoothSolver:  Solving for omega, Initial residual = 0.0005600377, Final residual = 4.4988771e-06, No Iterations 2
smoothSolver:  Solving for k, Initial residual = 0.0044174019, Final residual = 4.9612709e-05, No Iterations 2
bounding k, min: 9.2192291e-17 max: 0.33049427 average: 0.067811317
ExecutionTime = 386.83105 s  ClockTime = 387 s

Time = 285s

smoothSolver:  Solving for Ux, Initial residual = 0.0020763952, Final residual = 3.1831164e-05, No Iterations 3
smoothSolver:  Solving for Uy, Initial residual = 0.012765599, Final residual = 0.00017927977, No Iterations 3
smoothSolver:  Solving for Uz, Initial residual = 0.011479406, Final residual = 0.00016226456, No Iterations 3
GAMG:  Solving for p, Initial residual = 0.013282046, Final residual = 9.0268071e-05, No Iterations 3
GAMG:  Solving for p, Initial residual = 0.00031148504, Final residual = 2.4687201e-06, No Iterations 4
time step continuity errors : sum local = 2.5583941e-05, global = 3.2168107e-06, cumulative = 0.00037876396
smoothSolver:  Solving for omega, Initial residual = 0.00056196874, Final residual = 4.4795904e-06, No Iterations 2
smoothSolver:  Solving for k, Initial residual = 0.0043790477, Final residual = 4.9298964e-05, No Iterations 2
bounding k, min: 9.3286565e-17 max: 0.32961399 average: 0.067744837
ExecutionTime = 388.03468 s  ClockTime = 389 s

Time = 286s

smoothSolver:  Solving for Ux, Initial residual = 0.0020657446, Final residual = 3.165017e-05, No Iterations 3
smoothSolver:  Solving for Uy, Initial residual = 0.01270576, Final residual = 0.00017874061, No Iterations 3
smoothSolver:  Solving for Uz, Initial residual = 0.011496951, Final residual = 0.00016245381, No Iterations 3
GAMG:  Solving for p, Initial residual = 0.013328926, Final residual = 8.9953432e-05, No Iterations 3
GAMG:  Solving for p, Initial residual = 0.00031271169, Final residual = 2.558129e-06, No Iterations 4
time step continuity errors : sum local = 2.6447405e-05, global = 3.3186484e-06, cumulative = 0.00038208261
smoothSolver:  Solving for omega, Initial residual = 0.00055785628, Final residual = 4.4389405e-06, No Iterations 2
smoothSolver:  Solving for k, Initial residual = 0.0043398577, Final residual = 4.8948385e-05, No Iterations 2
bounding k, min: 9.4712774e-17 max: 0.32882061 average: 0.067678924
ExecutionTime = 389.57315 s  ClockTime = 390 s

Time = 287s

smoothSolver:  Solving for Ux, Initial residual = 0.0020553689, Final residual = 3.1471171e-05, No Iterations 3
smoothSolver:  Solving for Uy, Initial residual = 0.012641122, Final residual = 0.00017816648, No Iterations 3
smoothSolver:  Solving for Uz, Initial residual = 0.011520757, Final residual = 0.00016282244, No Iterations 3
GAMG:  Solving for p, Initial residual = 0.013364479, Final residual = 8.9570232e-05, No Iterations 3
GAMG:  Solving for p, Initial residual = 0.00031401246, Final residual = 2.6461029e-06, No Iterations 4
time step continuity errors : sum local = 2.7331154e-05, global = 3.3816434e-06, cumulative = 0.00038546425
smoothSolver:  Solving for omega, Initial residual = 0.00055520618, Final residual = 4.4729075e-06, No Iterations 2
smoothSolver:  Solving for k, Initial residual = 0.0043110107, Final residual = 4.8691063e-05, No Iterations 2
bounding k, min: 1.0118142e-16 max: 0.32788323 average: 0.067612598
ExecutionTime = 391.33587 s  ClockTime = 392 s

Time = 288s

smoothSolver:  Solving for Ux, Initial residual = 0.0020451281, Final residual = 3.1293579e-05, No Iterations 3
smoothSolver:  Solving for Uy, Initial residual = 0.012583391, Final residual = 0.00017756049, No Iterations 3
smoothSolver:  Solving for Uz, Initial residual = 0.011555788, Final residual = 0.00016330663, No Iterations 3
GAMG:  Solving for p, Initial residual = 0.013422844, Final residual = 8.9517904e-05, No Iterations 3
GAMG:  Solving for p, Initial residual = 0.00031591419, Final residual = 2.6292543e-06, No Iterations 4
time step continuity errors : sum local = 2.7105893e-05, global = 2.7678103e-06, cumulative = 0.00038823206
smoothSolver:  Solving for omega, Initial residual = 0.00055513166, Final residual = 4.45597e-06, No Iterations 2
smoothSolver:  Solving for k, Initial residual = 0.0042765629, Final residual = 4.836477e-05, No Iterations 2
bounding k, min: 1.1271991e-16 max: 0.32718691 average: 0.06754787
ExecutionTime = 392.7602 s  ClockTime = 393 s

Time = 289s

smoothSolver:  Solving for Ux, Initial residual = 0.0020352933, Final residual = 3.111596e-05, No Iterations 3
smoothSolver:  Solving for Uy, Initial residual = 0.01252445, Final residual = 0.00017701305, No Iterations 3
smoothSolver:  Solving for Uz, Initial residual = 0.011597546, Final residual = 0.0001639768, No Iterations 3
GAMG:  Solving for p, Initial residual = 0.01348985, Final residual = 8.9407831e-05, No Iterations 3
GAMG:  Solving for p, Initial residual = 0.0003170915, Final residual = 2.585332e-06, No Iterations 4
time step continuity errors : sum local = 2.6596422e-05, global = 2.4322445e-06, cumulative = 0.00039066431
smoothSolver:  Solving for omega, Initial residual = 0.0005559975, Final residual = 4.4812896e-06, No Iterations 2
smoothSolver:  Solving for k, Initial residual = 0.0042474816, Final residual = 4.8098319e-05, No Iterations 2
bounding k, min: 1.2172856e-16 max: 0.32638253 average: 0.067483393
ExecutionTime = 393.93289 s  ClockTime = 395 s

Time = 290s

smoothSolver:  Solving for Ux, Initial residual = 0.0020255118, Final residual = 3.0939575e-05, No Iterations 3
smoothSolver:  Solving for Uy, Initial residual = 0.012465752, Final residual = 0.00017637555, No Iterations 3
smoothSolver:  Solving for Uz, Initial residual = 0.011642775, Final residual = 0.00016479959, No Iterations 3
GAMG:  Solving for p, Initial residual = 0.013528224, Final residual = 8.910016e-05, No Iterations 3
GAMG:  Solving for p, Initial residual = 0.00031726393, Final residual = 2.5026212e-06, No Iterations 4
time step continuity errors : sum local = 2.5671071e-05, global = 1.8578697e-06, cumulative = 0.00039252218
smoothSolver:  Solving for omega, Initial residual = 0.00055624394, Final residual = 4.4991102e-06, No Iterations 2
smoothSolver:  Solving for k, Initial residual = 0.004223951, Final residual = 4.7830089e-05, No Iterations 2
bounding k, min: 1.545111e-16 max: 0.32599009 average: 0.067419614
ExecutionTime = 395.13126 s  ClockTime = 396 s

Time = 291s

smoothSolver:  Solving for Ux, Initial residual = 0.0020156378, Final residual = 3.0767027e-05, No Iterations 3
smoothSolver:  Solving for Uy, Initial residual = 0.012404222, Final residual = 0.00017578202, No Iterations 3
smoothSolver:  Solving for Uz, Initial residual = 0.011697584, Final residual = 0.00016575451, No Iterations 3
GAMG:  Solving for p, Initial residual = 0.01352892, Final residual = 8.8936889e-05, No Iterations 3
GAMG:  Solving for p, Initial residual = 0.0003172353, Final residual = 2.3861784e-06, No Iterations 4
time step continuity errors : sum local = 2.4446659e-05, global = 1.643701e-06, cumulative = 0.00039416588
smoothSolver:  Solving for omega, Initial residual = 0.00055274532, Final residual = 4.4087399e-06, No Iterations 2
smoothSolver:  Solving for k, Initial residual = 0.0042008275, Final residual = 4.7547367e-05, No Iterations 2
bounding k, min: 1.7367923e-16 max: 0.32549991 average: 0.067357104
ExecutionTime = 396.2719 s  ClockTime = 397 s

Time = 292s

smoothSolver:  Solving for Ux, Initial residual = 0.0020054002, Final residual = 3.0596611e-05, No Iterations 3
smoothSolver:  Solving for Uy, Initial residual = 0.012342664, Final residual = 0.00017518526, No Iterations 3
smoothSolver:  Solving for Uz, Initial residual = 0.011755071, Final residual = 0.00016680435, No Iterations 3
GAMG:  Solving for p, Initial residual = 0.013530487, Final residual = 8.8977441e-05, No Iterations 3
GAMG:  Solving for p, Initial residual = 0.00031788589, Final residual = 2.2584573e-06, No Iterations 4
time step continuity errors : sum local = 2.3089073e-05, global = 1.8558418e-06, cumulative = 0.00039602172
smoothSolver:  Solving for omega, Initial residual = 0.0005528745, Final residual = 4.4577778e-06, No Iterations 2
smoothSolver:  Solving for k, Initial residual = 0.0041758811, Final residual = 4.728707e-05, No Iterations 2
ExecutionTime = 397.4105 s  ClockTime = 398 s

Time = 293s

smoothSolver:  Solving for Ux, Initial residual = 0.0019955009, Final residual = 3.0429376e-05, No Iterations 3
smoothSolver:  Solving for Uy, Initial residual = 0.012278569, Final residual = 0.000174652, No Iterations 3
smoothSolver:  Solving for Uz, Initial residual = 0.011813087, Final residual = 0.00016790303, No Iterations 3
GAMG:  Solving for p, Initial residual = 0.013517737, Final residual = 9.002693e-05, No Iterations 3
GAMG:  Solving for p, Initial residual = 0.00031989427, Final residual = 2.1183869e-06, No Iterations 4
time step continuity errors : sum local = 2.1607886e-05, global = 2.248222e-06, cumulative = 0.00039826994
smoothSolver:  Solving for omega, Initial residual = 0.00055550032, Final residual = 4.5360736e-06, No Iterations 2
smoothSolver:  Solving for k, Initial residual = 0.0041631662, Final residual = 4.7164351e-05, No Iterations 2
ExecutionTime = 398.60073 s  ClockTime = 399 s

Time = 294s

smoothSolver:  Solving for Ux, Initial residual = 0.0019855527, Final residual = 3.0262248e-05, No Iterations 3
smoothSolver:  Solving for Uy, Initial residual = 0.012217919, Final residual = 0.00017404923, No Iterations 3
smoothSolver:  Solving for Uz, Initial residual = 0.011873288, Final residual = 0.0001689784, No Iterations 3
GAMG:  Solving for p, Initial residual = 0.013486401, Final residual = 9.1299586e-05, No Iterations 3
GAMG:  Solving for p, Initial residual = 0.00032273391, Final residual = 1.9398225e-06, No Iterations 4
time step continuity errors : sum local = 1.9744588e-05, global = 2.5885339e-06, cumulative = 0.00040085848
smoothSolver:  Solving for omega, Initial residual = 0.00055417317, Final residual = 4.4772442e-06, No Iterations 2
smoothSolver:  Solving for k, Initial residual = 0.004143048, Final residual = 4.6866132e-05, No Iterations 2
ExecutionTime = 399.69639 s  ClockTime = 400 s

Time = 295s

smoothSolver:  Solving for Ux, Initial residual = 0.0019756939, Final residual = 3.0102011e-05, No Iterations 3
smoothSolver:  Solving for Uy, Initial residual = 0.012150479, Final residual = 0.00017347531, No Iterations 3
smoothSolver:  Solving for Uz, Initial residual = 0.011927135, Final residual = 0.0001700097, No Iterations 3
GAMG:  Solving for p, Initial residual = 0.013442328, Final residual = 9.192974e-05, No Iterations 3
GAMG:  Solving for p, Initial residual = 0.00032353542, Final residual = 1.801952e-06, No Iterations 4
time step continuity errors : sum local = 1.8302038e-05, global = 2.4201485e-06, cumulative = 0.00040327862
smoothSolver:  Solving for omega, Initial residual = 0.00055026727, Final residual = 4.4135e-06, No Iterations 2
smoothSolver:  Solving for k, Initial residual = 0.0041269703, Final residual = 4.6637547e-05, No Iterations 2
ExecutionTime = 400.91415 s  ClockTime = 402 s

Time = 296s

smoothSolver:  Solving for Ux, Initial residual = 0.0019653986, Final residual = 2.9938876e-05, No Iterations 3
smoothSolver:  Solving for Uy, Initial residual = 0.01208525, Final residual = 0.00017288235, No Iterations 3
smoothSolver:  Solving for Uz, Initial residual = 0.011978593, Final residual = 0.00017098343, No Iterations 3
GAMG:  Solving for p, Initial residual = 0.013366847, Final residual = 9.2050023e-05, No Iterations 3
GAMG:  Solving for p, Initial residual = 0.00032239928, Final residual = 1.716269e-06, No Iterations 4
time step continuity errors : sum local = 1.7388038e-05, global = 2.0777087e-06, cumulative = 0.00040535633
smoothSolver:  Solving for omega, Initial residual = 0.00055232867, Final residual = 4.5048562e-06, No Iterations 2
smoothSolver:  Solving for k, Initial residual = 0.0041113488, Final residual = 4.639523e-05, No Iterations 2
ExecutionTime = 402.4279 s  ClockTime = 403 s

Time = 297s

smoothSolver:  Solving for Ux, Initial residual = 0.0019545859, Final residual = 2.9774511e-05, No Iterations 3
smoothSolver:  Solving for Uy, Initial residual = 0.012020604, Final residual = 0.00017234745, No Iterations 3
smoothSolver:  Solving for Uz, Initial residual = 0.012026499, Final residual = 0.00017188544, No Iterations 3
GAMG:  Solving for p, Initial residual = 0.013274014, Final residual = 9.2065016e-05, No Iterations 3
GAMG:  Solving for p, Initial residual = 0.00032069063, Final residual = 1.6929353e-06, No Iterations 4
time step continuity errors : sum local = 1.7116538e-05, global = 1.6567385e-06, cumulative = 0.00040701307
smoothSolver:  Solving for omega, Initial residual = 0.00055512653, Final residual = 4.4344305e-06, No Iterations 2
smoothSolver:  Solving for k, Initial residual = 0.004101521, Final residual = 4.6256798e-05, No Iterations 2
ExecutionTime = 403.8076 s  ClockTime = 404 s

Time = 298s

smoothSolver:  Solving for Ux, Initial residual = 0.0019433784, Final residual = 2.9603702e-05, No Iterations 3
smoothSolver:  Solving for Uy, Initial residual = 0.01196252, Final residual = 0.00017181908, No Iterations 3
smoothSolver:  Solving for Uz, Initial residual = 0.012071556, Final residual = 0.00017272956, No Iterations 3
GAMG:  Solving for p, Initial residual = 0.013184926, Final residual = 9.2091984e-05, No Iterations 3
GAMG:  Solving for p, Initial residual = 0.00031847657, Final residual = 1.7196862e-06, No Iterations 4
time step continuity errors : sum local = 1.7368847e-05, global = 1.7782438e-06, cumulative = 0.00040879132
smoothSolver:  Solving for omega, Initial residual = 0.00055135315, Final residual = 4.4333658e-06, No Iterations 2
smoothSolver:  Solving for k, Initial residual = 0.004086159, Final residual = 4.596295e-05, No Iterations 2
ExecutionTime = 405.2933 s  ClockTime = 406 s

Time = 299s

smoothSolver:  Solving for Ux, Initial residual = 0.0019318069, Final residual = 2.9427199e-05, No Iterations 3
smoothSolver:  Solving for Uy, Initial residual = 0.01190195, Final residual = 0.00017132554, No Iterations 3
smoothSolver:  Solving for Uz, Initial residual = 0.012107574, Final residual = 0.00017355283, No Iterations 3
GAMG:  Solving for p, Initial residual = 0.013133368, Final residual = 9.2378625e-05, No Iterations 3
GAMG:  Solving for p, Initial residual = 0.00031593241, Final residual = 1.7788536e-06, No Iterations 4
time step continuity errors : sum local = 1.7910312e-05, global = 1.3278502e-06, cumulative = 0.00041011917
smoothSolver:  Solving for omega, Initial residual = 0.00054814595, Final residual = 4.4092552e-06, No Iterations 2
smoothSolver:  Solving for k, Initial residual = 0.0040713637, Final residual = 4.573004e-05, No Iterations 2
ExecutionTime = 406.58761 s  ClockTime = 407 s

Time = 300s

smoothSolver:  Solving for Ux, Initial residual = 0.0019200445, Final residual = 2.9240932e-05, No Iterations 3
smoothSolver:  Solving for Uy, Initial residual = 0.011843974, Final residual = 0.0001708876, No Iterations 3
smoothSolver:  Solving for Uz, Initial residual = 0.012142362, Final residual = 0.00017432897, No Iterations 3
GAMG:  Solving for p, Initial residual = 0.013111105, Final residual = 9.2422294e-05, No Iterations 3
GAMG:  Solving for p, Initial residual = 0.00031249427, Final residual = 1.791681e-06, No Iterations 4
time step continuity errors : sum local = 1.8004558e-05, global = 1.6349212e-06, cumulative = 0.00041175409
smoothSolver:  Solving for omega, Initial residual = 0.00054775563, Final residual = 4.4515986e-06, No Iterations 2
smoothSolver:  Solving for k, Initial residual = 0.004058484, Final residual = 4.5476988e-05, No Iterations 2
ExecutionTime = 407.95677 s  ClockTime = 409 s

Time = 301s

smoothSolver:  Solving for Ux, Initial residual = 0.001907844, Final residual = 2.904701e-05, No Iterations 3
smoothSolver:  Solving for Uy, Initial residual = 0.011790838, Final residual = 0.00017047243, No Iterations 3
smoothSolver:  Solving for Uz, Initial residual = 0.012171739, Final residual = 0.00017510028, No Iterations 3
GAMG:  Solving for p, Initial residual = 0.013089917, Final residual = 9.2110496e-05, No Iterations 3
GAMG:  Solving for p, Initial residual = 0.00030865701, Final residual = 1.8024501e-06, No Iterations 4
time step continuity errors : sum local = 1.8093669e-05, global = 1.3899179e-06, cumulative = 0.000413144
smoothSolver:  Solving for omega, Initial residual = 0.00054990697, Final residual = 4.4076148e-06, No Iterations 2
smoothSolver:  Solving for k, Initial residual = 0.004044497, Final residual = 4.5201793e-05, No Iterations 2
ExecutionTime = 409.33533 s  ClockTime = 410 s

Time = 302s

smoothSolver:  Solving for Ux, Initial residual = 0.001895437, Final residual = 2.8839653e-05, No Iterations 3
smoothSolver:  Solving for Uy, Initial residual = 0.011735253, Final residual = 0.00017013074, No Iterations 3
smoothSolver:  Solving for Uz, Initial residual = 0.012195958, Final residual = 0.00017583233, No Iterations 3
GAMG:  Solving for p, Initial residual = 0.013075694, Final residual = 9.1286007e-05, No Iterations 3
GAMG:  Solving for p, Initial residual = 0.00030601198, Final residual = 1.7998967e-06, No Iterations 4
time step continuity errors : sum local = 1.8016174e-05, global = 1.3598023e-06, cumulative = 0.00041450381
smoothSolver:  Solving for omega, Initial residual = 0.00054901486, Final residual = 4.4046591e-06, No Iterations 2
smoothSolver:  Solving for k, Initial residual = 0.0040364271, Final residual = 4.5093723e-05, No Iterations 2
ExecutionTime = 410.65969 s  ClockTime = 411 s

Time = 303s

smoothSolver:  Solving for Ux, Initial residual = 0.0018825983, Final residual = 2.8622341e-05, No Iterations 3
smoothSolver:  Solving for Uy, Initial residual = 0.011688921, Final residual = 0.00016986686, No Iterations 3
smoothSolver:  Solving for Uz, Initial residual = 0.012223553, Final residual = 0.00017652663, No Iterations 3
GAMG:  Solving for p, Initial residual = 0.013017985, Final residual = 9.0023297e-05, No Iterations 3
GAMG:  Solving for p, Initial residual = 0.00030424699, Final residual = 1.7838486e-06, No Iterations 4
time step continuity errors : sum local = 1.7840759e-05, global = 1.4486256e-06, cumulative = 0.00041595243
smoothSolver:  Solving for omega, Initial residual = 0.00054665943, Final residual = 4.3758819e-06, No Iterations 2
smoothSolver:  Solving for k, Initial residual = 0.0040225719, Final residual = 4.4722966e-05, No Iterations 2
ExecutionTime = 412.02482 s  ClockTime = 413 s

Time = 304s

smoothSolver:  Solving for Ux, Initial residual = 0.0018697445, Final residual = 2.839536e-05, No Iterations 3
smoothSolver:  Solving for Uy, Initial residual = 0.011641317, Final residual = 0.00016962318, No Iterations 3
smoothSolver:  Solving for Uz, Initial residual = 0.01224813, Final residual = 0.00017715212, No Iterations 3
GAMG:  Solving for p, Initial residual = 0.012976186, Final residual = 8.8254795e-05, No Iterations 3
GAMG:  Solving for p, Initial residual = 0.00030225332, Final residual = 1.7452594e-06, No Iterations 4
time step continuity errors : sum local = 1.7416394e-05, global = 1.6208016e-06, cumulative = 0.00041757323
smoothSolver:  Solving for omega, Initial residual = 0.00054400158, Final residual = 4.3486015e-06, No Iterations 2
smoothSolver:  Solving for k, Initial residual = 0.0040162932, Final residual = 4.4601559e-05, No Iterations 2
ExecutionTime = 413.42672 s  ClockTime = 414 s

Time = 305s

smoothSolver:  Solving for Ux, Initial residual = 0.0018562926, Final residual = 2.8164501e-05, No Iterations 3
smoothSolver:  Solving for Uy, Initial residual = 0.011598457, Final residual = 0.00016936438, No Iterations 3
smoothSolver:  Solving for Uz, Initial residual = 0.01227363, Final residual = 0.00017762284, No Iterations 3
GAMG:  Solving for p, Initial residual = 0.012941805, Final residual = 8.578392e-05, No Iterations 3
GAMG:  Solving for p, Initial residual = 0.00030017241, Final residual = 1.6809072e-06, No Iterations 4
time step continuity errors : sum local = 1.6729428e-05, global = 1.5035437e-06, cumulative = 0.00041907678
smoothSolver:  Solving for omega, Initial residual = 0.00054409344, Final residual = 4.3898582e-06, No Iterations 2
smoothSolver:  Solving for k, Initial residual = 0.0040044939, Final residual = 4.4354622e-05, No Iterations 2
ExecutionTime = 414.78762 s  ClockTime = 415 s

Time = 306s

smoothSolver:  Solving for Ux, Initial residual = 0.0018431185, Final residual = 2.7927996e-05, No Iterations 3
smoothSolver:  Solving for Uy, Initial residual = 0.011561124, Final residual = 0.00016910503, No Iterations 3
smoothSolver:  Solving for Uz, Initial residual = 0.012293435, Final residual = 0.00017818202, No Iterations 3
GAMG:  Solving for p, Initial residual = 0.012797755, Final residual = 8.3035163e-05, No Iterations 3
GAMG:  Solving for p, Initial residual = 0.00029609744, Final residual = 1.652104e-06, No Iterations 4
time step continuity errors : sum local = 1.6431178e-05, global = 1.5289222e-06, cumulative = 0.0004206057
smoothSolver:  Solving for omega, Initial residual = 0.00054075917, Final residual = 4.3320235e-06, No Iterations 2
smoothSolver:  Solving for k, Initial residual = 0.0039899212, Final residual = 4.4037786e-05, No Iterations 2
ExecutionTime = 415.97695 s  ClockTime = 417 s

Time = 307s

smoothSolver:  Solving for Ux, Initial residual = 0.0018296376, Final residual = 2.7690467e-05, No Iterations 3
smoothSolver:  Solving for Uy, Initial residual = 0.011525162, Final residual = 0.00016893665, No Iterations 3
smoothSolver:  Solving for Uz, Initial residual = 0.01231437, Final residual = 0.00017860292, No Iterations 3
GAMG:  Solving for p, Initial residual = 0.012672982, Final residual = 8.1157849e-05, No Iterations 3
GAMG:  Solving for p, Initial residual = 0.00029164823, Final residual = 1.6631236e-06, No Iterations 4
time step continuity errors : sum local = 1.6512672e-05, global = 1.6219322e-06, cumulative = 0.00042222763
smoothSolver:  Solving for omega, Initial residual = 0.00053811414, Final residual = 4.3030934e-06, No Iterations 2
smoothSolver:  Solving for k, Initial residual = 0.0039824269, Final residual = 4.393466e-05, No Iterations 2
ExecutionTime = 417.26884 s  ClockTime = 418 s

Time = 308s

smoothSolver:  Solving for Ux, Initial residual = 0.0018162587, Final residual = 2.7452022e-05, No Iterations 3
smoothSolver:  Solving for Uy, Initial residual = 0.011486965, Final residual = 0.00016864965, No Iterations 3
smoothSolver:  Solving for Uz, Initial residual = 0.012333057, Final residual = 0.00017905967, No Iterations 3
GAMG:  Solving for p, Initial residual = 0.012533626, Final residual = 8.0098432e-05, No Iterations 3
GAMG:  Solving for p, Initial residual = 0.00028607606, Final residual = 1.6636144e-06, No Iterations 4
time step continuity errors : sum local = 1.6489696e-05, global = 1.6416166e-06, cumulative = 0.00042386925
smoothSolver:  Solving for omega, Initial residual = 0.00053864409, Final residual = 4.3683064e-06, No Iterations 2
smoothSolver:  Solving for k, Initial residual = 0.0039700537, Final residual = 4.3650769e-05, No Iterations 2
bounding k, min: 2.1117731e-16 max: 0.37181879 average: 0.066436044
ExecutionTime = 418.42998 s  ClockTime = 419 s

Time = 309s

smoothSolver:  Solving for Ux, Initial residual = 0.0018026898, Final residual = 2.7214984e-05, No Iterations 3
smoothSolver:  Solving for Uy, Initial residual = 0.011450829, Final residual = 0.0001683633, No Iterations 3
smoothSolver:  Solving for Uz, Initial residual = 0.012353512, Final residual = 0.00017953171, No Iterations 3
GAMG:  Solving for p, Initial residual = 0.012378553, Final residual = 7.9260637e-05, No Iterations 3
GAMG:  Solving for p, Initial residual = 0.00027959327, Final residual = 1.6139697e-06, No Iterations 4
time step continuity errors : sum local = 1.5968496e-05, global = 1.5604559e-06, cumulative = 0.0004254297
smoothSolver:  Solving for omega, Initial residual = 0.00053935679, Final residual = 4.3116471e-06, No Iterations 2
smoothSolver:  Solving for k, Initial residual = 0.0039607249, Final residual = 4.3476884e-05, No Iterations 2
bounding k, min: 1.1486939e-16 max: 0.37328841 average: 0.066384021
ExecutionTime = 419.62844 s  ClockTime = 420 s

Time = 310s

smoothSolver:  Solving for Ux, Initial residual = 0.0017893297, Final residual = 2.6982054e-05, No Iterations 3
smoothSolver:  Solving for Uy, Initial residual = 0.011413851, Final residual = 0.00016803897, No Iterations 3
smoothSolver:  Solving for Uz, Initial residual = 0.012377669, Final residual = 0.0001800655, No Iterations 3
GAMG:  Solving for p, Initial residual = 0.012259948, Final residual = 7.8540691e-05, No Iterations 3
GAMG:  Solving for p, Initial residual = 0.00027454731, Final residual = 1.5559714e-06, No Iterations 4
time step continuity errors : sum local = 1.536222e-05, global = 1.5125888e-06, cumulative = 0.00042694229
smoothSolver:  Solving for omega, Initial residual = 0.00053795593, Final residual = 4.3021824e-06, No Iterations 2
smoothSolver:  Solving for k, Initial residual = 0.0039433848, Final residual = 4.3143075e-05, No Iterations 2
bounding k, min: 1.0268642e-16 max: 0.3744406 average: 0.066331855
ExecutionTime = 420.72486 s  ClockTime = 421 s

Time = 311s

smoothSolver:  Solving for Ux, Initial residual = 0.0017761613, Final residual = 2.6753718e-05, No Iterations 3
smoothSolver:  Solving for Uy, Initial residual = 0.011374737, Final residual = 0.00016774457, No Iterations 3
smoothSolver:  Solving for Uz, Initial residual = 0.012403382, Final residual = 0.00018062267, No Iterations 3
GAMG:  Solving for p, Initial residual = 0.012166341, Final residual = 7.8271489e-05, No Iterations 3
GAMG:  Solving for p, Initial residual = 0.00027098769, Final residual = 1.5261519e-06, No Iterations 4
time step continuity errors : sum local = 1.5038291e-05, global = 1.5451401e-06, cumulative = 0.00042848743
smoothSolver:  Solving for omega, Initial residual = 0.0005360887, Final residual = 4.3292296e-06, No Iterations 2
smoothSolver:  Solving for k, Initial residual = 0.0039306414, Final residual = 4.2921456e-05, No Iterations 2
bounding k, min: 9.6771132e-17 max: 0.37527246 average: 0.066278532
ExecutionTime = 421.85031 s  ClockTime = 423 s

Time = 312s

smoothSolver:  Solving for Ux, Initial residual = 0.001763414, Final residual = 2.6531942e-05, No Iterations 3
smoothSolver:  Solving for Uy, Initial residual = 0.011335232, Final residual = 0.00016730139, No Iterations 3
smoothSolver:  Solving for Uz, Initial residual = 0.012428324, Final residual = 0.00018118668, No Iterations 3
GAMG:  Solving for p, Initial residual = 0.012091941, Final residual = 7.8686029e-05, No Iterations 3
GAMG:  Solving for p, Initial residual = 0.00026698606, Final residual = 1.4716651e-06, No Iterations 4
time step continuity errors : sum local = 1.4474366e-05, global = 1.4256347e-06, cumulative = 0.00042991307
smoothSolver:  Solving for omega, Initial residual = 0.00053416769, Final residual = 4.3246219e-06, No Iterations 2
smoothSolver:  Solving for k, Initial residual = 0.0039170677, Final residual = 4.2696368e-05, No Iterations 2
bounding k, min: 9.3011556e-17 max: 0.37579616 average: 0.06622439
ExecutionTime = 423.18369 s  ClockTime = 424 s

Time = 313s

smoothSolver:  Solving for Ux, Initial residual = 0.0017512225, Final residual = 2.6317332e-05, No Iterations 3
smoothSolver:  Solving for Uy, Initial residual = 0.011294788, Final residual = 0.00016683801, No Iterations 3
smoothSolver:  Solving for Uz, Initial residual = 0.012457205, Final residual = 0.00018174695, No Iterations 3
GAMG:  Solving for p, Initial residual = 0.012007686, Final residual = 7.9485116e-05, No Iterations 3
GAMG:  Solving for p, Initial residual = 0.00026316246, Final residual = 1.4689609e-06, No Iterations 4
time step continuity errors : sum local = 1.4431457e-05, global = 1.364435e-06, cumulative = 0.0004312775
smoothSolver:  Solving for omega, Initial residual = 0.00053659004, Final residual = 4.2906766e-06, No Iterations 2
smoothSolver:  Solving for k, Initial residual = 0.0039126914, Final residual = 4.2643173e-05, No Iterations 2
bounding k, min: 9.1634558e-17 max: 0.3760179 average: 0.066169106
ExecutionTime = 424.82249 s  ClockTime = 426 s

Time = 314s

smoothSolver:  Solving for Ux, Initial residual = 0.0017394919, Final residual = 2.6111737e-05, No Iterations 3
smoothSolver:  Solving for Uy, Initial residual = 0.011258376, Final residual = 0.00016627851, No Iterations 3
smoothSolver:  Solving for Uz, Initial residual = 0.012494723, Final residual = 0.00018246524, No Iterations 3
GAMG:  Solving for p, Initial residual = 0.011959826, Final residual = 8.0918002e-05, No Iterations 3
GAMG:  Solving for p, Initial residual = 0.00026074347, Final residual = 1.5069878e-06, No Iterations 4
time step continuity errors : sum local = 1.4760732e-05, global = 1.2426145e-06, cumulative = 0.00043252012
smoothSolver:  Solving for omega, Initial residual = 0.00053606404, Final residual = 4.2989896e-06, No Iterations 2
smoothSolver:  Solving for k, Initial residual = 0.0038997821, Final residual = 4.2374326e-05, No Iterations 2
bounding k, min: 9.1267414e-17 max: 0.37592847 average: 0.066112879
ExecutionTime = 426.51992 s  ClockTime = 427 s

Time = 315s

smoothSolver:  Solving for Ux, Initial residual = 0.0017280606, Final residual = 2.5914931e-05, No Iterations 3
smoothSolver:  Solving for Uy, Initial residual = 0.011220377, Final residual = 0.00016570648, No Iterations 3
smoothSolver:  Solving for Uz, Initial residual = 0.012531734, Final residual = 0.00018312521, No Iterations 3
GAMG:  Solving for p, Initial residual = 0.011904227, Final residual = 8.2329111e-05, No Iterations 3
GAMG:  Solving for p, Initial residual = 0.00025915484, Final residual = 1.5740894e-06, No Iterations 4
time step continuity errors : sum local = 1.5386677e-05, global = 1.3664207e-06, cumulative = 0.00043388654
smoothSolver:  Solving for omega, Initial residual = 0.00053379958, Final residual = 4.2741515e-06, No Iterations 2
smoothSolver:  Solving for k, Initial residual = 0.0038854463, Final residual = 4.2095615e-05, No Iterations 2
bounding k, min: 9.1280112e-17 max: 0.375527 average: 0.066055879
ExecutionTime = 428.09678 s  ClockTime = 429 s

Time = 316s

smoothSolver:  Solving for Ux, Initial residual = 0.0017170286, Final residual = 2.5729044e-05, No Iterations 3
smoothSolver:  Solving for Uy, Initial residual = 0.011178412, Final residual = 0.00016503546, No Iterations 3
smoothSolver:  Solving for Uz, Initial residual = 0.012570525, Final residual = 0.00018381253, No Iterations 3
GAMG:  Solving for p, Initial residual = 0.011847151, Final residual = 8.3794421e-05, No Iterations 3
GAMG:  Solving for p, Initial residual = 0.00025782668, Final residual = 1.5963e-06, No Iterations 4
time step continuity errors : sum local = 1.5578704e-05, global = 1.272158e-06, cumulative = 0.0004351587
smoothSolver:  Solving for omega, Initial residual = 0.00053413759, Final residual = 4.3091138e-06, No Iterations 2
smoothSolver:  Solving for k, Initial residual = 0.0038768945, Final residual = 4.2062947e-05, No Iterations 2
bounding k, min: 9.1552611e-17 max: 0.37484027 average: 0.065997632
ExecutionTime = 429.48425 s  ClockTime = 430 s

Time = 317s

smoothSolver:  Solving for Ux, Initial residual = 0.0017066, Final residual = 2.5557861e-05, No Iterations 3
smoothSolver:  Solving for Uy, Initial residual = 0.011140982, Final residual = 0.00016431847, No Iterations 3
smoothSolver:  Solving for Uz, Initial residual = 0.01262107, Final residual = 0.0001846309, No Iterations 3
GAMG:  Solving for p, Initial residual = 0.011832103, Final residual = 8.4750972e-05, No Iterations 3
GAMG:  Solving for p, Initial residual = 0.00025720647, Final residual = 1.625013e-06, No Iterations 4
time step continuity errors : sum local = 1.5829086e-05, global = 1.4126246e-06, cumulative = 0.00043657132
smoothSolver:  Solving for omega, Initial residual = 0.00053484665, Final residual = 4.2982071e-06, No Iterations 2
smoothSolver:  Solving for k, Initial residual = 0.0038616636, Final residual = 4.1766245e-05, No Iterations 2
bounding k, min: 9.1691002e-17 max: 0.37388154 average: 0.065938836
ExecutionTime = 430.85388 s  ClockTime = 432 s

Time = 318s

smoothSolver:  Solving for Ux, Initial residual = 0.0016971564, Final residual = 2.5399796e-05, No Iterations 3
smoothSolver:  Solving for Uy, Initial residual = 0.011098865, Final residual = 0.00016366994, No Iterations 3
smoothSolver:  Solving for Uz, Initial residual = 0.0126726, Final residual = 0.00018541053, No Iterations 3
GAMG:  Solving for p, Initial residual = 0.011828826, Final residual = 8.5621586e-05, No Iterations 3
GAMG:  Solving for p, Initial residual = 0.00025743845, Final residual = 1.5901163e-06, No Iterations 4
time step continuity errors : sum local = 1.54498e-05, global = 1.4148296e-06, cumulative = 0.00043798615
smoothSolver:  Solving for omega, Initial residual = 0.00053230954, Final residual = 4.2026787e-06, No Iterations 2
smoothSolver:  Solving for k, Initial residual = 0.0038492047, Final residual = 4.166934e-05, No Iterations 2
bounding k, min: 9.1570789e-17 max: 0.37267928 average: 0.065879247
ExecutionTime = 432.24884 s  ClockTime = 433 s

Time = 319s

smoothSolver:  Solving for Ux, Initial residual = 0.0016881825, Final residual = 2.5255684e-05, No Iterations 3
smoothSolver:  Solving for Uy, Initial residual = 0.011062206, Final residual = 0.00016300583, No Iterations 3
smoothSolver:  Solving for Uz, Initial residual = 0.012727386, Final residual = 0.00018629467, No Iterations 3
GAMG:  Solving for p, Initial residual = 0.011853664, Final residual = 8.5982912e-05, No Iterations 3
GAMG:  Solving for p, Initial residual = 0.00025809007, Final residual = 1.5728198e-06, No Iterations 4
time step continuity errors : sum local = 1.526899e-05, global = 1.3803791e-06, cumulative = 0.00043936653
smoothSolver:  Solving for omega, Initial residual = 0.00053310737, Final residual = 4.2565807e-06, No Iterations 2
smoothSolver:  Solving for k, Initial residual = 0.0038407809, Final residual = 4.1547942e-05, No Iterations 2
bounding k, min: 9.142449e-17 max: 0.3712526 average: 0.065818808
ExecutionTime = 433.51709 s  ClockTime = 434 s

Time = 320s

smoothSolver:  Solving for Ux, Initial residual = 0.0016800607, Final residual = 2.5124282e-05, No Iterations 3
smoothSolver:  Solving for Uy, Initial residual = 0.011021015, Final residual = 0.00016227306, No Iterations 3
smoothSolver:  Solving for Uz, Initial residual = 0.012784858, Final residual = 0.00018722349, No Iterations 3
GAMG:  Solving for p, Initial residual = 0.011892336, Final residual = 8.6639588e-05, No Iterations 3
GAMG:  Solving for p, Initial residual = 0.0002590341, Final residual = 1.5440213e-06, No Iterations 4
time step continuity errors : sum local = 1.4963324e-05, global = 1.234424e-06, cumulative = 0.00044060095
smoothSolver:  Solving for omega, Initial residual = 0.00053487171, Final residual = 4.301413e-06, No Iterations 2
smoothSolver:  Solving for k, Initial residual = 0.0038257888, Final residual = 4.1304264e-05, No Iterations 2
bounding k, min: 9.126834e-17 max: 0.36964138 average: 0.065757959
ExecutionTime = 434.7549 s  ClockTime = 435 s

Time = 321s

smoothSolver:  Solving for Ux, Initial residual = 0.0016728477, Final residual = 2.5006401e-05, No Iterations 3
smoothSolver:  Solving for Uy, Initial residual = 0.010985899, Final residual = 0.00016164372, No Iterations 3
smoothSolver:  Solving for Uz, Initial residual = 0.012839716, Final residual = 0.00018814007, No Iterations 3
GAMG:  Solving for p, Initial residual = 0.011981222, Final residual = 8.7086774e-05, No Iterations 3
GAMG:  Solving for p, Initial residual = 0.00026113463, Final residual = 1.5076066e-06, No Iterations 4
time step continuity errors : sum local = 1.4570448e-05, global = 1.1304814e-06, cumulative = 0.00044173144
smoothSolver:  Solving for omega, Initial residual = 0.00053780529, Final residual = 4.2303237e-06, No Iterations 2
smoothSolver:  Solving for k, Initial residual = 0.0038098687, Final residual = 4.1141485e-05, No Iterations 2
bounding k, min: 9.1131277e-17 max: 0.36786667 average: 0.065696924
ExecutionTime = 435.99969 s  ClockTime = 437 s

Time = 322s

smoothSolver:  Solving for Ux, Initial residual = 0.0016665386, Final residual = 2.4900071e-05, No Iterations 3
smoothSolver:  Solving for Uy, Initial residual = 0.010952086, Final residual = 0.00016103554, No Iterations 3
smoothSolver:  Solving for Uz, Initial residual = 0.012892762, Final residual = 0.00018899281, No Iterations 3
GAMG:  Solving for p, Initial residual = 0.012011517, Final residual = 8.7752939e-05, No Iterations 3
GAMG:  Solving for p, Initial residual = 0.0002632059, Final residual = 1.4709859e-06, No Iterations 4
time step continuity errors : sum local = 1.4209929e-05, global = 8.7510784e-07, cumulative = 0.00044260654
smoothSolver:  Solving for omega, Initial residual = 0.00053565859, Final residual = 4.276363e-06, No Iterations 2
smoothSolver:  Solving for k, Initial residual = 0.0037954145, Final residual = 4.0945876e-05, No Iterations 2
bounding k, min: 9.1046573e-17 max: 0.36597844 average: 0.065635796
ExecutionTime = 437.13573 s  ClockTime = 438 s

Time = 323s

smoothSolver:  Solving for Ux, Initial residual = 0.0016609822, Final residual = 2.480776e-05, No Iterations 3
smoothSolver:  Solving for Uy, Initial residual = 0.010919215, Final residual = 0.00016045646, No Iterations 3
smoothSolver:  Solving for Uz, Initial residual = 0.01293713, Final residual = 0.00018984111, No Iterations 3
GAMG:  Solving for p, Initial residual = 0.012070385, Final residual = 8.8483707e-05, No Iterations 3
GAMG:  Solving for p, Initial residual = 0.0002663483, Final residual = 1.4608152e-06, No Iterations 4
time step continuity errors : sum local = 1.4093152e-05, global = 4.5969003e-07, cumulative = 0.00044306623
smoothSolver:  Solving for omega, Initial residual = 0.00053335975, Final residual = 4.2867053e-06, No Iterations 2
smoothSolver:  Solving for k, Initial residual = 0.0037817207, Final residual = 4.0816105e-05, No Iterations 2
bounding k, min: 9.1054513e-17 max: 0.36398622 average: 0.065574123
ExecutionTime = 438.44388 s  ClockTime = 439 s

Time = 324s

smoothSolver:  Solving for Ux, Initial residual = 0.0016558995, Final residual = 2.4724703e-05, No Iterations 3
smoothSolver:  Solving for Uy, Initial residual = 0.010888769, Final residual = 0.00015990803, No Iterations 3
smoothSolver:  Solving for Uz, Initial residual = 0.012979524, Final residual = 0.00019067497, No Iterations 3
GAMG:  Solving for p, Initial residual = 0.012085811, Final residual = 8.9001991e-05, No Iterations 3
GAMG:  Solving for p, Initial residual = 0.00026930686, Final residual = 1.4480985e-06, No Iterations 4
time step continuity errors : sum local = 1.3955224e-05, global = 1.2701487e-07, cumulative = 0.00044319325
smoothSolver:  Solving for omega, Initial residual = 0.00053164122, Final residual = 4.2342121e-06, No Iterations 2
smoothSolver:  Solving for k, Initial residual = 0.0037753599, Final residual = 4.0824894e-05, No Iterations 2
bounding k, min: 9.1208812e-17 max: 0.36190834 average: 0.065511843
ExecutionTime = 440.01454 s  ClockTime = 441 s

Time = 325s

smoothSolver:  Solving for Ux, Initial residual = 0.001651345, Final residual = 2.4651691e-05, No Iterations 3
smoothSolver:  Solving for Uy, Initial residual = 0.010861803, Final residual = 0.0001593265, No Iterations 3
smoothSolver:  Solving for Uz, Initial residual = 0.013020484, Final residual = 0.00019156451, No Iterations 3
GAMG:  Solving for p, Initial residual = 0.012056704, Final residual = 8.905578e-05, No Iterations 3
GAMG:  Solving for p, Initial residual = 0.00027221779, Final residual = 1.441626e-06, No Iterations 4
time step continuity errors : sum local = 1.3895441e-05, global = -4.729219e-07, cumulative = 0.00044272033
smoothSolver:  Solving for omega, Initial residual = 0.00053588976, Final residual = 4.266226e-06, No Iterations 2
smoothSolver:  Solving for k, Initial residual = 0.0037578489, Final residual = 4.0563267e-05, No Iterations 2
bounding k, min: 9.1177514e-17 max: 0.35978992 average: 0.065449917
ExecutionTime = 441.67403 s  ClockTime = 442 s

Time = 326s

smoothSolver:  Solving for Ux, Initial residual = 0.0016470892, Final residual = 2.4587418e-05, No Iterations 3
smoothSolver:  Solving for Uy, Initial residual = 0.010831256, Final residual = 0.0001587917, No Iterations 3
smoothSolver:  Solving for Uz, Initial residual = 0.013053011, Final residual = 0.00019237111, No Iterations 3
GAMG:  Solving for p, Initial residual = 0.012014859, Final residual = 8.927371e-05, No Iterations 3
GAMG:  Solving for p, Initial residual = 0.00027567901, Final residual = 1.4026002e-06, No Iterations 4
time step continuity errors : sum local = 1.3495522e-05, global = -8.2960258e-07, cumulative = 0.00044189072
smoothSolver:  Solving for omega, Initial residual = 0.00053560003, Final residual = 4.2950167e-06, No Iterations 2
smoothSolver:  Solving for k, Initial residual = 0.0037463209, Final residual = 4.0484889e-05, No Iterations 2
bounding k, min: 9.1102029e-17 max: 0.35782156 average: 0.06538753
ExecutionTime = 443.30954 s  ClockTime = 444 s

Time = 327s

smoothSolver:  Solving for Ux, Initial residual = 0.0016432998, Final residual = 2.4528853e-05, No Iterations 3
smoothSolver:  Solving for Uy, Initial residual = 0.010805869, Final residual = 0.00015833213, No Iterations 3
smoothSolver:  Solving for Uz, Initial residual = 0.013083164, Final residual = 0.00019320581, No Iterations 3
GAMG:  Solving for p, Initial residual = 0.011965403, Final residual = 8.9208501e-05, No Iterations 3
GAMG:  Solving for p, Initial residual = 0.00027887807, Final residual = 1.3610801e-06, No Iterations 4
time step continuity errors : sum local = 1.3081101e-05, global = -7.8932058e-07, cumulative = 0.0004411014
smoothSolver:  Solving for omega, Initial residual = 0.00053388395, Final residual = 4.2918562e-06, No Iterations 2
smoothSolver:  Solving for k, Initial residual = 0.0037342849, Final residual = 4.0394883e-05, No Iterations 2
bounding k, min: 9.1180684e-17 max: 0.35691145 average: 0.065324952
ExecutionTime = 444.88235 s  ClockTime = 446 s

Time = 328s

smoothSolver:  Solving for Ux, Initial residual = 0.0016398254, Final residual = 2.4475604e-05, No Iterations 3
smoothSolver:  Solving for Uy, Initial residual = 0.01078257, Final residual = 0.00015793951, No Iterations 3
smoothSolver:  Solving for Uz, Initial residual = 0.013111948, Final residual = 0.00019395797, No Iterations 3
GAMG:  Solving for p, Initial residual = 0.011913727, Final residual = 8.9393964e-05, No Iterations 3
GAMG:  Solving for p, Initial residual = 0.00028108316, Final residual = 1.3681104e-06, No Iterations 4
time step continuity errors : sum local = 1.3150357e-05, global = -3.9774367e-07, cumulative = 0.00044070366
smoothSolver:  Solving for omega, Initial residual = 0.00053249713, Final residual = 4.2828316e-06, No Iterations 2
smoothSolver:  Solving for k, Initial residual = 0.0037276573, Final residual = 4.0382039e-05, No Iterations 2
bounding k, min: 9.1413391e-17 max: 0.35624939 average: 0.065262173
ExecutionTime = 446.28332 s  ClockTime = 447 s

Time = 329s

smoothSolver:  Solving for Ux, Initial residual = 0.0016369116, Final residual = 2.4426268e-05, No Iterations 3
smoothSolver:  Solving for Uy, Initial residual = 0.010761214, Final residual = 0.0001575913, No Iterations 3
smoothSolver:  Solving for Uz, Initial residual = 0.0131347, Final residual = 0.00019467351, No Iterations 3
GAMG:  Solving for p, Initial residual = 0.011893165, Final residual = 9.1243961e-05, No Iterations 3
GAMG:  Solving for p, Initial residual = 0.00028475198, Final residual = 1.3658125e-06, No Iterations 4
time step continuity errors : sum local = 1.3119328e-05, global = -3.1726911e-07, cumulative = 0.00044038639
smoothSolver:  Solving for omega, Initial residual = 0.00053405563, Final residual = 4.2939816e-06, No Iterations 2
smoothSolver:  Solving for k, Initial residual = 0.003715665, Final residual = 4.0210275e-05, No Iterations 2
bounding k, min: 9.122504e-17 max: 0.35539372 average: 0.065199565
ExecutionTime = 448.04309 s  ClockTime = 449 s

Time = 330s

smoothSolver:  Solving for Ux, Initial residual = 0.0016342903, Final residual = 2.4379573e-05, No Iterations 3
smoothSolver:  Solving for Uy, Initial residual = 0.010737065, Final residual = 0.00015732775, No Iterations 3
smoothSolver:  Solving for Uz, Initial residual = 0.013147217, Final residual = 0.00019521849, No Iterations 3
GAMG:  Solving for p, Initial residual = 0.011895881, Final residual = 9.2832604e-05, No Iterations 3
GAMG:  Solving for p, Initial residual = 0.00028810782, Final residual = 1.3286217e-06, No Iterations 4
time step continuity errors : sum local = 1.2745336e-05, global = -2.0539028e-07, cumulative = 0.000440181
smoothSolver:  Solving for omega, Initial residual = 0.00052939853, Final residual = 4.2158083e-06, No Iterations 2
smoothSolver:  Solving for k, Initial residual = 0.0037038564, Final residual = 4.0189544e-05, No Iterations 2
bounding k, min: 9.1113239e-17 max: 0.3543796 average: 0.065137175
ExecutionTime = 449.60782 s  ClockTime = 450 s

Time = 331s

smoothSolver:  Solving for Ux, Initial residual = 0.0016319684, Final residual = 2.4335918e-05, No Iterations 3
smoothSolver:  Solving for Uy, Initial residual = 0.010717278, Final residual = 0.00015715106, No Iterations 3
smoothSolver:  Solving for Uz, Initial residual = 0.01315287, Final residual = 0.0001956728, No Iterations 3
GAMG:  Solving for p, Initial residual = 0.011876543, Final residual = 9.3578876e-05, No Iterations 3
GAMG:  Solving for p, Initial residual = 0.00028952377, Final residual = 1.3197752e-06, No Iterations 4
time step continuity errors : sum local = 1.2670853e-05, global = -1.3475132e-06, cumulative = 0.00043883349
smoothSolver:  Solving for omega, Initial residual = 0.00052786085, Final residual = 4.2293881e-06, No Iterations 2
smoothSolver:  Solving for k, Initial residual = 0.0036950247, Final residual = 4.0142656e-05, No Iterations 2
bounding k, min: 9.1076553e-17 max: 0.35326862 average: 0.065075011
ExecutionTime = 451.30515 s  ClockTime = 452 s

Time = 332s

smoothSolver:  Solving for Ux, Initial residual = 0.0016296135, Final residual = 2.4296404e-05, No Iterations 3
smoothSolver:  Solving for Uy, Initial residual = 0.010694239, Final residual = 0.00015706441, No Iterations 3
smoothSolver:  Solving for Uz, Initial residual = 0.013154048, Final residual = 0.00019597959, No Iterations 3
GAMG:  Solving for p, Initial residual = 0.011888573, Final residual = 9.3710754e-05, No Iterations 3
GAMG:  Solving for p, Initial residual = 0.00029070786, Final residual = 1.4180674e-06, No Iterations 4
time step continuity errors : sum local = 1.3618138e-05, global = -3.1716497e-06, cumulative = 0.00043566184
smoothSolver:  Solving for omega, Initial residual = 0.00052999473, Final residual = 4.2704045e-06, No Iterations 2
smoothSolver:  Solving for k, Initial residual = 0.003688124, Final residual = 4.0110169e-05, No Iterations 2
bounding k, min: 9.1063931e-17 max: 0.35207366 average: 0.065012994
ExecutionTime = 452.64518 s  ClockTime = 453 s

Time = 333s

smoothSolver:  Solving for Ux, Initial residual = 0.0016275456, Final residual = 2.4259179e-05, No Iterations 3
smoothSolver:  Solving for Uy, Initial residual = 0.010671749, Final residual = 0.00015698979, No Iterations 3
smoothSolver:  Solving for Uz, Initial residual = 0.013146521, Final residual = 0.00019623189, No Iterations 3
GAMG:  Solving for p, Initial residual = 0.011882767, Final residual = 9.3295913e-05, No Iterations 3
GAMG:  Solving for p, Initial residual = 0.00029037578, Final residual = 1.4190594e-06, No Iterations 4
time step continuity errors : sum local = 1.3629756e-05, global = -3.3509274e-06, cumulative = 0.00043231091
smoothSolver:  Solving for omega, Initial residual = 0.00053202315, Final residual = 4.2702841e-06, No Iterations 2
smoothSolver:  Solving for k, Initial residual = 0.0036819668, Final residual = 4.0137028e-05, No Iterations 2
bounding k, min: 9.1046738e-17 max: 0.35086091 average: 0.064951314
ExecutionTime = 453.91905 s  ClockTime = 455 s

Time = 334s

smoothSolver:  Solving for Ux, Initial residual = 0.0016255086, Final residual = 2.4226468e-05, No Iterations 3
smoothSolver:  Solving for Uy, Initial residual = 0.010651966, Final residual = 0.00015691717, No Iterations 3
smoothSolver:  Solving for Uz, Initial residual = 0.013130711, Final residual = 0.0001963602, No Iterations 3
GAMG:  Solving for p, Initial residual = 0.011864357, Final residual = 9.2012675e-05, No Iterations 3
GAMG:  Solving for p, Initial residual = 0.00028981138, Final residual = 1.450067e-06, No Iterations 4
time step continuity errors : sum local = 1.394123e-05, global = -2.767124e-06, cumulative = 0.00042954379
smoothSolver:  Solving for omega, Initial residual = 0.00052883574, Final residual = 4.2880048e-06, No Iterations 2
smoothSolver:  Solving for k, Initial residual = 0.0036742043, Final residual = 4.0073674e-05, No Iterations 2
bounding k, min: 9.1011285e-17 max: 0.34985993 average: 0.064890734
ExecutionTime = 455.22462 s  ClockTime = 456 s

Time = 335s

smoothSolver:  Solving for Ux, Initial residual = 0.0016233651, Final residual = 2.4197759e-05, No Iterations 3
smoothSolver:  Solving for Uy, Initial residual = 0.01063009, Final residual = 0.00015687955, No Iterations 3
smoothSolver:  Solving for Uz, Initial residual = 0.01310665, Final residual = 0.00019639873, No Iterations 3
GAMG:  Solving for p, Initial residual = 0.011812419, Final residual = 9.0687373e-05, No Iterations 3
GAMG:  Solving for p, Initial residual = 0.00028771624, Final residual = 1.4174128e-06, No Iterations 4
time step continuity errors : sum local = 1.3655908e-05, global = -2.498433e-06, cumulative = 0.00042704535
smoothSolver:  Solving for omega, Initial residual = 0.00052581901, Final residual = 4.2679412e-06, No Iterations 2
smoothSolver:  Solving for k, Initial residual = 0.0036742842, Final residual = 4.0211166e-05, No Iterations 2
bounding k, min: 9.0953967e-17 max: 0.34879187 average: 0.064830058
ExecutionTime = 456.35311 s  ClockTime = 457 s

Time = 336s

smoothSolver:  Solving for Ux, Initial residual = 0.001621097, Final residual = 2.4175437e-05, No Iterations 3
smoothSolver:  Solving for Uy, Initial residual = 0.010607521, Final residual = 0.00015677457, No Iterations 3
smoothSolver:  Solving for Uz, Initial residual = 0.013078536, Final residual = 0.00019645442, No Iterations 3
GAMG:  Solving for p, Initial residual = 0.011767775, Final residual = 8.8833288e-05, No Iterations 3
GAMG:  Solving for p, Initial residual = 0.00028628193, Final residual = 1.3979632e-06, No Iterations 4
time step continuity errors : sum local = 1.3480712e-05, global = -2.2025293e-06, cumulative = 0.00042484282
smoothSolver:  Solving for omega, Initial residual = 0.00052481572, Final residual = 4.2956396e-06, No Iterations 2
smoothSolver:  Solving for k, Initial residual = 0.0036736279, Final residual = 4.0179351e-05, No Iterations 2
bounding k, min: 9.0872081e-17 max: 0.34766664 average: 0.064770594
ExecutionTime = 457.48799 s  ClockTime = 458 s

Time = 337s

smoothSolver:  Solving for Ux, Initial residual = 0.0016189779, Final residual = 2.4159841e-05, No Iterations 3
smoothSolver:  Solving for Uy, Initial residual = 0.010583941, Final residual = 0.00015672494, No Iterations 3
smoothSolver:  Solving for Uz, Initial residual = 0.013047875, Final residual = 0.00019647229, No Iterations 3
GAMG:  Solving for p, Initial residual = 0.01168398, Final residual = 8.6838217e-05, No Iterations 3
GAMG:  Solving for p, Initial residual = 0.00028345885, Final residual = 1.3390969e-06, No Iterations 4
time step continuity errors : sum local = 1.2935907e-05, global = -1.901795e-06, cumulative = 0.00042294103
smoothSolver:  Solving for omega, Initial residual = 0.00052750846, Final residual = 4.2584771e-06, No Iterations 2
smoothSolver:  Solving for k, Initial residual = 0.0036771806, Final residual = 4.031318e-05, No Iterations 2
bounding k, min: 9.0811892e-17 max: 0.34651108 average: 0.064711844
ExecutionTime = 458.83817 s  ClockTime = 460 s

Time = 338s

smoothSolver:  Solving for Ux, Initial residual = 0.0016168612, Final residual = 2.4150414e-05, No Iterations 3
smoothSolver:  Solving for Uy, Initial residual = 0.01056659, Final residual = 0.00015675714, No Iterations 3
smoothSolver:  Solving for Uz, Initial residual = 0.01301674, Final residual = 0.00019642079, No Iterations 3
GAMG:  Solving for p, Initial residual = 0.011557418, Final residual = 8.4323354e-05, No Iterations 3
GAMG:  Solving for p, Initial residual = 0.00028064219, Final residual = 1.3616556e-06, No Iterations 4
time step continuity errors : sum local = 1.3192282e-05, global = -1.71726e-06, cumulative = 0.00042122377
smoothSolver:  Solving for omega, Initial residual = 0.00052506792, Final residual = 4.268616e-06, No Iterations 2
smoothSolver:  Solving for k, Initial residual = 0.0036770403, Final residual = 4.0355936e-05, No Iterations 2
bounding k, min: 9.0761935e-17 max: 0.34530638 average: 0.064653976
ExecutionTime = 460.49892 s  ClockTime = 461 s

Time = 339s

smoothSolver:  Solving for Ux, Initial residual = 0.0016147816, Final residual = 2.4146232e-05, No Iterations 3
smoothSolver:  Solving for Uy, Initial residual = 0.010548288, Final residual = 0.00015677044, No Iterations 3
smoothSolver:  Solving for Uz, Initial residual = 0.012977007, Final residual = 0.00019641395, No Iterations 3
GAMG:  Solving for p, Initial residual = 0.01142984, Final residual = 8.2294718e-05, No Iterations 3
GAMG:  Solving for p, Initial residual = 0.00027772123, Final residual = 1.390831e-06, No Iterations 4
time step continuity errors : sum local = 1.3492921e-05, global = -1.5227776e-06, cumulative = 0.00041970099
smoothSolver:  Solving for omega, Initial residual = 0.00052525681, Final residual = 4.2979935e-06, No Iterations 2
smoothSolver:  Solving for k, Initial residual = 0.0036809764, Final residual = 4.0550217e-05, No Iterations 2
bounding k, min: 9.0756891e-17 max: 0.34406811 average: 0.064596761
ExecutionTime = 462.04621 s  ClockTime = 463 s

Time = 340s

smoothSolver:  Solving for Ux, Initial residual = 0.0016130607, Final residual = 2.4145397e-05, No Iterations 3
smoothSolver:  Solving for Uy, Initial residual = 0.010531627, Final residual = 0.00015687204, No Iterations 3
smoothSolver:  Solving for Uz, Initial residual = 0.012936208, Final residual = 0.00019643792, No Iterations 3
GAMG:  Solving for p, Initial residual = 0.011324155, Final residual = 8.0920306e-05, No Iterations 3
GAMG:  Solving for p, Initial residual = 0.000276243, Final residual = 1.5289612e-06, No Iterations 4
time step continuity errors : sum local = 1.484482e-05, global = -9.6991816e-07, cumulative = 0.00041873107
smoothSolver:  Solving for omega, Initial residual = 0.00052413898, Final residual = 4.3347816e-06, No Iterations 2
smoothSolver:  Solving for k, Initial residual = 0.0036831469, Final residual = 4.0597452e-05, No Iterations 2
bounding k, min: 9.0757297e-17 max: 0.34276155 average: 0.064540759
ExecutionTime = 463.35539 s  ClockTime = 464 s

Time = 341s

smoothSolver:  Solving for Ux, Initial residual = 0.0016117704, Final residual = 2.4149091e-05, No Iterations 3
smoothSolver:  Solving for Uy, Initial residual = 0.010515417, Final residual = 0.0001570177, No Iterations 3
smoothSolver:  Solving for Uz, Initial residual = 0.012898051, Final residual = 0.0001964068, No Iterations 3
GAMG:  Solving for p, Initial residual = 0.011213403, Final residual = 7.9963563e-05, No Iterations 3
GAMG:  Solving for p, Initial residual = 0.00027320118, Final residual = 1.7482852e-06, No Iterations 4
time step continuity errors : sum local = 1.7013181e-05, global = 5.1216007e-07, cumulative = 0.00041924323
smoothSolver:  Solving for omega, Initial residual = 0.00052437712, Final residual = 4.3456103e-06, No Iterations 2
smoothSolver:  Solving for k, Initial residual = 0.0036789433, Final residual = 4.0608125e-05, No Iterations 2
bounding k, min: 9.0771252e-17 max: 0.34139347 average: 0.064486252
ExecutionTime = 464.46215 s  ClockTime = 465 s

Time = 342s

smoothSolver:  Solving for Ux, Initial residual = 0.0016110043, Final residual = 2.4157951e-05, No Iterations 3
smoothSolver:  Solving for Uy, Initial residual = 0.010496622, Final residual = 0.00015709997, No Iterations 3
smoothSolver:  Solving for Uz, Initial residual = 0.012855219, Final residual = 0.00019636941, No Iterations 3
GAMG:  Solving for p, Initial residual = 0.011163366, Final residual = 7.9389869e-05, No Iterations 3
GAMG:  Solving for p, Initial residual = 0.00027091845, Final residual = 2.1497406e-06, No Iterations 4
time step continuity errors : sum local = 2.0938399e-05, global = 2.2679004e-06, cumulative = 0.00042151113
smoothSolver:  Solving for omega, Initial residual = 0.00052060095, Final residual = 4.2977744e-06, No Iterations 2
smoothSolver:  Solving for k, Initial residual = 0.0036804851, Final residual = 4.0749308e-05, No Iterations 2
bounding k, min: 9.0814504e-17 max: 0.33998538 average: 0.064433004
ExecutionTime = 465.5708 s  ClockTime = 466 s

Time = 343s

smoothSolver:  Solving for Ux, Initial residual = 0.0016101336, Final residual = 2.4167334e-05, No Iterations 3
smoothSolver:  Solving for Uy, Initial residual = 0.010480435, Final residual = 0.00015721069, No Iterations 3
smoothSolver:  Solving for Uz, Initial residual = 0.012819381, Final residual = 0.0001963751, No Iterations 3
GAMG:  Solving for p, Initial residual = 0.011107787, Final residual = 7.8481687e-05, No Iterations 3
GAMG:  Solving for p, Initial residual = 0.00026752156, Final residual = 2.4573645e-06, No Iterations 4
time step continuity errors : sum local = 2.3924909e-05, global = 4.0778578e-06, cumulative = 0.00042558899
smoothSolver:  Solving for omega, Initial residual = 0.00052075411, Final residual = 4.308719e-06, No Iterations 2
smoothSolver:  Solving for k, Initial residual = 0.0036866157, Final residual = 4.092677e-05, No Iterations 2
bounding k, min: 9.0792961e-17 max: 0.3385581 average: 0.064380567
ExecutionTime = 466.66863 s  ClockTime = 467 s

Time = 344s

smoothSolver:  Solving for Ux, Initial residual = 0.0016095389, Final residual = 2.4178904e-05, No Iterations 3
smoothSolver:  Solving for Uy, Initial residual = 0.010465389, Final residual = 0.00015725269, No Iterations 3
smoothSolver:  Solving for Uz, Initial residual = 0.012793346, Final residual = 0.00019644315, No Iterations 3
GAMG:  Solving for p, Initial residual = 0.011073143, Final residual = 7.7343445e-05, No Iterations 3
GAMG:  Solving for p, Initial residual = 0.00026325213, Final residual = 1.3838879e-06, No Iterations 5
time step continuity errors : sum local = 1.3487453e-05, global = -3.5341448e-06, cumulative = 0.00042205485
smoothSolver:  Solving for omega, Initial residual = 0.0005217404, Final residual = 4.3494864e-06, No Iterations 2
smoothSolver:  Solving for k, Initial residual = 0.0036911165, Final residual = 4.1088342e-05, No Iterations 2
bounding k, min: 9.0862988e-17 max: 0.33710005 average: 0.064328866
ExecutionTime = 467.98308 s  ClockTime = 469 s

Time = 345s

smoothSolver:  Solving for Ux, Initial residual = 0.0016091217, Final residual = 2.4191501e-05, No Iterations 3
smoothSolver:  Solving for Uy, Initial residual = 0.010452579, Final residual = 0.00015731012, No Iterations 3
smoothSolver:  Solving for Uz, Initial residual = 0.012771823, Final residual = 0.00019648416, No Iterations 3
GAMG:  Solving for p, Initial residual = 0.011075015, Final residual = 7.6431022e-05, No Iterations 3
GAMG:  Solving for p, Initial residual = 0.0002594235, Final residual = 1.4385714e-06, No Iterations 5
time step continuity errors : sum local = 1.4021779e-05, global = -3.6533465e-06, cumulative = 0.0004184015
smoothSolver:  Solving for omega, Initial residual = 0.0005247411, Final residual = 4.3201298e-06, No Iterations 2
smoothSolver:  Solving for k, Initial residual = 0.0036993567, Final residual = 4.1221449e-05, No Iterations 2
bounding k, min: 9.1145518e-17 max: 0.33561684 average: 0.064277997
ExecutionTime = 469.13644 s  ClockTime = 470 s

Time = 346s

smoothSolver:  Solving for Ux, Initial residual = 0.0016088831, Final residual = 2.4205455e-05, No Iterations 3
smoothSolver:  Solving for Uy, Initial residual = 0.010439185, Final residual = 0.00015733261, No Iterations 3
smoothSolver:  Solving for Uz, Initial residual = 0.012760124, Final residual = 0.0001965846, No Iterations 3
GAMG:  Solving for p, Initial residual = 0.011103665, Final residual = 7.6220567e-05, No Iterations 3
GAMG:  Solving for p, Initial residual = 0.00025648778, Final residual = 1.4773224e-06, No Iterations 5
time step continuity errors : sum local = 1.441174e-05, global = -3.7420844e-06, cumulative = 0.00041465942
smoothSolver:  Solving for omega, Initial residual = 0.00052040547, Final residual = 4.3118043e-06, No Iterations 2
smoothSolver:  Solving for k, Initial residual = 0.0037013172, Final residual = 4.1378625e-05, No Iterations 2
bounding k, min: 9.1232024e-17 max: 0.33409547 average: 0.064228248
ExecutionTime = 470.41969 s  ClockTime = 471 s

Time = 347s

smoothSolver:  Solving for Ux, Initial residual = 0.0016088132, Final residual = 2.4222182e-05, No Iterations 3
smoothSolver:  Solving for Uy, Initial residual = 0.010428757, Final residual = 0.00015740924, No Iterations 3
smoothSolver:  Solving for Uz, Initial residual = 0.01274938, Final residual = 0.0001967599, No Iterations 3
GAMG:  Solving for p, Initial residual = 0.011168031, Final residual = 7.6209948e-05, No Iterations 3
GAMG:  Solving for p, Initial residual = 0.00025342402, Final residual = 1.4563497e-06, No Iterations 5
time step continuity errors : sum local = 1.4194481e-05, global = -3.603124e-06, cumulative = 0.00041105629
smoothSolver:  Solving for omega, Initial residual = 0.00051784913, Final residual = 4.3306687e-06, No Iterations 2
smoothSolver:  Solving for k, Initial residual = 0.0037052938, Final residual = 4.1548679e-05, No Iterations 2
bounding k, min: 9.1532028e-17 max: 0.33254651 average: 0.064179767
ExecutionTime = 471.74991 s  ClockTime = 472 s

Time = 348s

smoothSolver:  Solving for Ux, Initial residual = 0.0016089374, Final residual = 2.4239003e-05, No Iterations 3
smoothSolver:  Solving for Uy, Initial residual = 0.010422666, Final residual = 0.00015760367, No Iterations 3
smoothSolver:  Solving for Uz, Initial residual = 0.012746749, Final residual = 0.00019702147, No Iterations 3
GAMG:  Solving for p, Initial residual = 0.011257916, Final residual = 7.6692918e-05, No Iterations 3
GAMG:  Solving for p, Initial residual = 0.00025075235, Final residual = 1.4761487e-06, No Iterations 5
time step continuity errors : sum local = 1.4368085e-05, global = -3.5317403e-06, cumulative = 0.00040752455
smoothSolver:  Solving for omega, Initial residual = 0.00051621934, Final residual = 4.3130284e-06, No Iterations 2
smoothSolver:  Solving for k, Initial residual = 0.0037101091, Final residual = 4.1642667e-05, No Iterations 2
bounding k, min: 9.1588389e-17 max: 0.3309647 average: 0.064131627
ExecutionTime = 472.93159 s  ClockTime = 474 s

Time = 349s

smoothSolver:  Solving for Ux, Initial residual = 0.0016089635, Final residual = 2.425393e-05, No Iterations 3
smoothSolver:  Solving for Uy, Initial residual = 0.010417885, Final residual = 0.00015789847, No Iterations 3
smoothSolver:  Solving for Uz, Initial residual = 0.012748828, Final residual = 0.00019746149, No Iterations 3
GAMG:  Solving for p, Initial residual = 0.011310337, Final residual = 7.6514038e-05, No Iterations 3
GAMG:  Solving for p, Initial residual = 0.00024655439, Final residual = 1.4413157e-06, No Iterations 5
time step continuity errors : sum local = 1.407233e-05, global = -3.3988175e-06, cumulative = 0.00040412573
smoothSolver:  Solving for omega, Initial residual = 0.00051751606, Final residual = 4.2915344e-06, No Iterations 2
smoothSolver:  Solving for k, Initial residual = 0.0037142427, Final residual = 4.1823839e-05, No Iterations 2
bounding k, min: 9.2191412e-17 max: 0.32937195 average: 0.064084331
ExecutionTime = 474.20247 s  ClockTime = 475 s

Time = 350s

smoothSolver:  Solving for Ux, Initial residual = 0.0016090236, Final residual = 2.4266501e-05, No Iterations 3
smoothSolver:  Solving for Uy, Initial residual = 0.010420304, Final residual = 0.00015830159, No Iterations 3
smoothSolver:  Solving for Uz, Initial residual = 0.012758805, Final residual = 0.00019798248, No Iterations 3
GAMG:  Solving for p, Initial residual = 0.011375193, Final residual = 7.5924832e-05, No Iterations 3
GAMG:  Solving for p, Initial residual = 0.00024287701, Final residual = 1.4268364e-06, No Iterations 5
time step continuity errors : sum local = 1.3939194e-05, global = -3.3673398e-06, cumulative = 0.00040075839
smoothSolver:  Solving for omega, Initial residual = 0.00051530422, Final residual = 4.315322e-06, No Iterations 2
smoothSolver:  Solving for k, Initial residual = 0.0037260771, Final residual = 4.2100628e-05, No Iterations 2
bounding k, min: 9.3967037e-17 max: 0.32776076 average: 0.064036936
ExecutionTime = 475.41849 s  ClockTime = 476 s

Time = 351s

smoothSolver:  Solving for Ux, Initial residual = 0.0016085641, Final residual = 2.4273513e-05, No Iterations 3
smoothSolver:  Solving for Uy, Initial residual = 0.010435582, Final residual = 0.00015895823, No Iterations 3
smoothSolver:  Solving for Uz, Initial residual = 0.012775071, Final residual = 0.00019850888, No Iterations 3
GAMG:  Solving for p, Initial residual = 0.011342738, Final residual = 7.5042282e-05, No Iterations 3
GAMG:  Solving for p, Initial residual = 0.00024003301, Final residual = 1.3685429e-06, No Iterations 5
time step continuity errors : sum local = 1.3373474e-05, global = -3.1742424e-06, cumulative = 0.00039758415
smoothSolver:  Solving for omega, Initial residual = 0.00051481209, Final residual = 4.3297583e-06, No Iterations 2
smoothSolver:  Solving for k, Initial residual = 0.0037273126, Final residual = 4.2168145e-05, No Iterations 2
bounding k, min: 9.7466625e-17 max: 0.32614972 average: 0.063990781
ExecutionTime = 476.63952 s  ClockTime = 477 s

Time = 352s

smoothSolver:  Solving for Ux, Initial residual = 0.0016080903, Final residual = 2.4277677e-05, No Iterations 3
smoothSolver:  Solving for Uy, Initial residual = 0.010460021, Final residual = 0.0001598369, No Iterations 3
smoothSolver:  Solving for Uz, Initial residual = 0.012785203, Final residual = 0.00019890477, No Iterations 3
GAMG:  Solving for p, Initial residual = 0.011312776, Final residual = 7.4112936e-05, No Iterations 3
GAMG:  Solving for p, Initial residual = 0.00023748786, Final residual = 1.3004733e-06, No Iterations 5
time step continuity errors : sum local = 1.2715208e-05, global = -2.9311215e-06, cumulative = 0.00039465303
smoothSolver:  Solving for omega, Initial residual = 0.00051332361, Final residual = 4.3561066e-06, No Iterations 2
smoothSolver:  Solving for k, Initial residual = 0.0037319112, Final residual = 4.2273964e-05, No Iterations 2
bounding k, min: 9.9601162e-17 max: 0.32453528 average: 0.063944461
ExecutionTime = 477.87394 s  ClockTime = 479 s

Time = 353s

smoothSolver:  Solving for Ux, Initial residual = 0.0016073945, Final residual = 2.4275522e-05, No Iterations 3
smoothSolver:  Solving for Uy, Initial residual = 0.010486171, Final residual = 0.00016080905, No Iterations 3
smoothSolver:  Solving for Uz, Initial residual = 0.012797158, Final residual = 0.00019935734, No Iterations 3
GAMG:  Solving for p, Initial residual = 0.011358466, Final residual = 7.298101e-05, No Iterations 3
GAMG:  Solving for p, Initial residual = 0.00023625947, Final residual = 1.2007218e-06, No Iterations 5
time step continuity errors : sum local = 1.1718914e-05, global = -2.5936096e-06, cumulative = 0.00039205942
smoothSolver:  Solving for omega, Initial residual = 0.00051428531, Final residual = 4.3548996e-06, No Iterations 2
smoothSolver:  Solving for k, Initial residual = 0.0037401228, Final residual = 4.253045e-05, No Iterations 2
bounding k, min: 1.0605355e-16 max: 0.32293215 average: 0.063898435
ExecutionTime = 479.11478 s  ClockTime = 480 s

Time = 354s

smoothSolver:  Solving for Ux, Initial residual = 0.001606751, Final residual = 2.4269096e-05, No Iterations 3
smoothSolver:  Solving for Uy, Initial residual = 0.010523434, Final residual = 0.00016195022, No Iterations 3
smoothSolver:  Solving for Uz, Initial residual = 0.012808085, Final residual = 0.00019968745, No Iterations 3
GAMG:  Solving for p, Initial residual = 0.011388911, Final residual = 7.1631925e-05, No Iterations 3
GAMG:  Solving for p, Initial residual = 0.00023574531, Final residual = 2.2126028e-06, No Iterations 4
time step continuity errors : sum local = 2.1540286e-05, global = 1.1606858e-06, cumulative = 0.00039322011
smoothSolver:  Solving for omega, Initial residual = 0.00050958744, Final residual = 4.3009139e-06, No Iterations 2
smoothSolver:  Solving for k, Initial residual = 0.0037431896, Final residual = 4.2565736e-05, No Iterations 2
bounding k, min: 1.2237143e-16 max: 0.32133887 average: 0.063853246
ExecutionTime = 480.32995 s  ClockTime = 481 s

Time = 355s

smoothSolver:  Solving for Ux, Initial residual = 0.0016058423, Final residual = 2.4257308e-05, No Iterations 3
smoothSolver:  Solving for Uy, Initial residual = 0.010568498, Final residual = 0.0001632675, No Iterations 3
smoothSolver:  Solving for Uz, Initial residual = 0.012816466, Final residual = 0.0001999188, No Iterations 3
GAMG:  Solving for p, Initial residual = 0.011342723, Final residual = 6.9579947e-05, No Iterations 3
GAMG:  Solving for p, Initial residual = 0.00023532562, Final residual = 2.0984882e-06, No Iterations 4
time step continuity errors : sum local = 2.041707e-05, global = 7.8114139e-07, cumulative = 0.00039400125
smoothSolver:  Solving for omega, Initial residual = 0.00050767302, Final residual = 4.2798473e-06, No Iterations 2
smoothSolver:  Solving for k, Initial residual = 0.0037424386, Final residual = 4.2638533e-05, No Iterations 2
bounding k, min: 1.4453055e-16 max: 0.31977289 average: 0.063808613
ExecutionTime = 481.5253 s  ClockTime = 482 s

Time = 356s

smoothSolver:  Solving for Ux, Initial residual = 0.0016045222, Final residual = 2.4242145e-05, No Iterations 3
smoothSolver:  Solving for Uy, Initial residual = 0.01061747, Final residual = 0.00016458856, No Iterations 3
smoothSolver:  Solving for Uz, Initial residual = 0.012819341, Final residual = 0.00020008523, No Iterations 3
GAMG:  Solving for p, Initial residual = 0.011286664, Final residual = 6.6986656e-05, No Iterations 3
GAMG:  Solving for p, Initial residual = 0.00023464113, Final residual = 1.9309759e-06, No Iterations 4
time step continuity errors : sum local = 1.874378e-05, global = -5.1255721e-07, cumulative = 0.00039348869
smoothSolver:  Solving for omega, Initial residual = 0.00050913794, Final residual = 4.3517146e-06, No Iterations 2
smoothSolver:  Solving for k, Initial residual = 0.0037461477, Final residual = 4.277934e-05, No Iterations 2
bounding k, min: 1.5694386e-16 max: 0.31822625 average: 0.063764065
ExecutionTime = 482.83903 s  ClockTime = 484 s

Time = 357s

smoothSolver:  Solving for Ux, Initial residual = 0.0016028674, Final residual = 2.4219395e-05, No Iterations 3
smoothSolver:  Solving for Uy, Initial residual = 0.010671169, Final residual = 0.00016604533, No Iterations 3
smoothSolver:  Solving for Uz, Initial residual = 0.012819985, Final residual = 0.00020011225, No Iterations 3
GAMG:  Solving for p, Initial residual = 0.011239059, Final residual = 6.5775074e-05, No Iterations 3
GAMG:  Solving for p, Initial residual = 0.00023555431, Final residual = 1.8129275e-06, No Iterations 4
time step continuity errors : sum local = 1.7573817e-05, global = -1.3844785e-06, cumulative = 0.00039210421
smoothSolver:  Solving for omega, Initial residual = 0.0005136533, Final residual = 4.3601908e-06, No Iterations 2
smoothSolver:  Solving for k, Initial residual = 0.0037455662, Final residual = 4.2788611e-05, No Iterations 2
bounding k, min: 1.8724941e-16 max: 0.31670919 average: 0.063720505
ExecutionTime = 484.01384 s  ClockTime = 485 s

Time = 358s

smoothSolver:  Solving for Ux, Initial residual = 0.0016006902, Final residual = 2.4191231e-05, No Iterations 3
smoothSolver:  Solving for Uy, Initial residual = 0.010725715, Final residual = 0.00016745454, No Iterations 3
smoothSolver:  Solving for Uz, Initial residual = 0.012810848, Final residual = 0.00020001965, No Iterations 3
GAMG:  Solving for p, Initial residual = 0.011211162, Final residual = 6.5435946e-05, No Iterations 3
GAMG:  Solving for p, Initial residual = 0.00023509747, Final residual = 1.7650179e-06, No Iterations 4
time step continuity errors : sum local = 1.7084272e-05, global = -1.8262833e-06, cumulative = 0.00039027793
smoothSolver:  Solving for omega, Initial residual = 0.00050820714, Final residual = 4.3194629e-06, No Iterations 2
smoothSolver:  Solving for k, Initial residual = 0.0037438244, Final residual = 4.2805532e-05, No Iterations 2
ExecutionTime = 485.07217 s  ClockTime = 486 s

Time = 359s

smoothSolver:  Solving for Ux, Initial residual = 0.0015976054, Final residual = 2.4156156e-05, No Iterations 3
smoothSolver:  Solving for Uy, Initial residual = 0.010774955, Final residual = 0.00016880566, No Iterations 3
smoothSolver:  Solving for Uz, Initial residual = 0.012796101, Final residual = 0.00019982875, No Iterations 3
GAMG:  Solving for p, Initial residual = 0.011168614, Final residual = 6.5752938e-05, No Iterations 3
GAMG:  Solving for p, Initial residual = 0.00023338145, Final residual = 1.7718103e-06, No Iterations 4
time step continuity errors : sum local = 1.7135039e-05, global = -2.3699344e-06, cumulative = 0.00038790799
smoothSolver:  Solving for omega, Initial residual = 0.00050354779, Final residual = 4.2706426e-06, No Iterations 2
smoothSolver:  Solving for k, Initial residual = 0.0037452503, Final residual = 4.2922356e-05, No Iterations 2
ExecutionTime = 486.14917 s  ClockTime = 487 s

Time = 360s

smoothSolver:  Solving for Ux, Initial residual = 0.0015941327, Final residual = 2.4120375e-05, No Iterations 3
smoothSolver:  Solving for Uy, Initial residual = 0.010824784, Final residual = 0.00017003149, No Iterations 3
smoothSolver:  Solving for Uz, Initial residual = 0.012776907, Final residual = 0.00019952165, No Iterations 3
GAMG:  Solving for p, Initial residual = 0.011129549, Final residual = 6.6473628e-05, No Iterations 3
GAMG:  Solving for p, Initial residual = 0.00023134351, Final residual = 1.7802863e-06, No Iterations 4
time step continuity errors : sum local = 1.720148e-05, global = -2.5361521e-06, cumulative = 0.00038537184
smoothSolver:  Solving for omega, Initial residual = 0.00050256851, Final residual = 4.2742648e-06, No Iterations 2
smoothSolver:  Solving for k, Initial residual = 0.0037404431, Final residual = 4.2886334e-05, No Iterations 2
ExecutionTime = 487.30542 s  ClockTime = 488 s

Time = 361s

smoothSolver:  Solving for Ux, Initial residual = 0.0015900128, Final residual = 2.4085268e-05, No Iterations 3
smoothSolver:  Solving for Uy, Initial residual = 0.010867601, Final residual = 0.00017118093, No Iterations 3
smoothSolver:  Solving for Uz, Initial residual = 0.012745277, Final residual = 0.0001989735, No Iterations 3
GAMG:  Solving for p, Initial residual = 0.011078453, Final residual = 6.6928057e-05, No Iterations 3
GAMG:  Solving for p, Initial residual = 0.00022914417, Final residual = 1.7927328e-06, No Iterations 4
time step continuity errors : sum local = 1.7294855e-05, global = -2.6321291e-06, cumulative = 0.00038273971
smoothSolver:  Solving for omega, Initial residual = 0.00050300288, Final residual = 4.2585462e-06, No Iterations 2
smoothSolver:  Solving for k, Initial residual = 0.0037329747, Final residual = 4.2858501e-05, No Iterations 2
ExecutionTime = 488.57342 s  ClockTime = 489 s

Time = 362s

smoothSolver:  Solving for Ux, Initial residual = 0.0015859961, Final residual = 2.4051985e-05, No Iterations 3
smoothSolver:  Solving for Uy, Initial residual = 0.010908626, Final residual = 0.0001722193, No Iterations 3
smoothSolver:  Solving for Uz, Initial residual = 0.012708225, Final residual = 0.00019828081, No Iterations 3
GAMG:  Solving for p, Initial residual = 0.010980485, Final residual = 6.6913026e-05, No Iterations 3
GAMG:  Solving for p, Initial residual = 0.0002276157, Final residual = 1.8315806e-06, No Iterations 4
time step continuity errors : sum local = 1.766571e-05, global = -3.1198342e-06, cumulative = 0.00037961988
smoothSolver:  Solving for omega, Initial residual = 0.00050197902, Final residual = 4.3471944e-06, No Iterations 2
smoothSolver:  Solving for k, Initial residual = 0.0037282317, Final residual = 4.2904551e-05, No Iterations 2
ExecutionTime = 489.78816 s  ClockTime = 490 s

Time = 363s

smoothSolver:  Solving for Ux, Initial residual = 0.0015815182, Final residual = 2.40207e-05, No Iterations 3
smoothSolver:  Solving for Uy, Initial residual = 0.010945797, Final residual = 0.00017318629, No Iterations 3
smoothSolver:  Solving for Uz, Initial residual = 0.012669493, Final residual = 0.00019753378, No Iterations 3
GAMG:  Solving for p, Initial residual = 0.010875352, Final residual = 6.6808075e-05, No Iterations 3
GAMG:  Solving for p, Initial residual = 0.00022555524, Final residual = 1.7612257e-06, No Iterations 4
time step continuity errors : sum local = 1.702066e-05, global = -2.8315511e-06, cumulative = 0.00037678833
smoothSolver:  Solving for omega, Initial residual = 0.00050060557, Final residual = 4.3148541e-06, No Iterations 2
smoothSolver:  Solving for k, Initial residual = 0.0037199918, Final residual = 4.2815023e-05, No Iterations 2
ExecutionTime = 491.20148 s  ClockTime = 492 s

Time = 364s

smoothSolver:  Solving for Ux, Initial residual = 0.0015769954, Final residual = 2.3993983e-05, No Iterations 3
smoothSolver:  Solving for Uy, Initial residual = 0.010981375, Final residual = 0.00017397603, No Iterations 3
smoothSolver:  Solving for Uz, Initial residual = 0.012627145, Final residual = 0.00019668793, No Iterations 3
GAMG:  Solving for p, Initial residual = 0.010810546, Final residual = 6.7015664e-05, No Iterations 3
GAMG:  Solving for p, Initial residual = 0.00022481982, Final residual = 1.8074848e-06, No Iterations 4
time step continuity errors : sum local = 1.7427079e-05, global = -3.563628e-06, cumulative = 0.0003732247
smoothSolver:  Solving for omega, Initial residual = 0.00049766942, Final residual = 4.2699449e-06, No Iterations 2
smoothSolver:  Solving for k, Initial residual = 0.0037150459, Final residual = 4.2802375e-05, No Iterations 2
ExecutionTime = 492.47624 s  ClockTime = 493 s

Time = 365s

smoothSolver:  Solving for Ux, Initial residual = 0.001572403, Final residual = 2.3971539e-05, No Iterations 3
smoothSolver:  Solving for Uy, Initial residual = 0.011015357, Final residual = 0.00017469713, No Iterations 3
smoothSolver:  Solving for Uz, Initial residual = 0.012589775, Final residual = 0.00019577907, No Iterations 3
GAMG:  Solving for p, Initial residual = 0.010736202, Final residual = 6.6652991e-05, No Iterations 3
GAMG:  Solving for p, Initial residual = 0.00022369992, Final residual = 1.732189e-06, No Iterations 4
time step continuity errors : sum local = 1.67237e-05, global = -3.2723276e-06, cumulative = 0.00036995237
smoothSolver:  Solving for omega, Initial residual = 0.000498135, Final residual = 4.2940679e-06, No Iterations 2
smoothSolver:  Solving for k, Initial residual = 0.0037069113, Final residual = 4.276673e-05, No Iterations 2
ExecutionTime = 493.98814 s  ClockTime = 495 s

Time = 366s

smoothSolver:  Solving for Ux, Initial residual = 0.0015680465, Final residual = 2.395652e-05, No Iterations 3
smoothSolver:  Solving for Uy, Initial residual = 0.011046666, Final residual = 0.00017532104, No Iterations 3
smoothSolver:  Solving for Uz, Initial residual = 0.012551379, Final residual = 0.00019472909, No Iterations 3
GAMG:  Solving for p, Initial residual = 0.010701469, Final residual = 6.6596807e-05, No Iterations 3
GAMG:  Solving for p, Initial residual = 0.00022398009, Final residual = 1.7404355e-06, No Iterations 4
time step continuity errors : sum local = 1.6806657e-05, global = -3.4785316e-06, cumulative = 0.00036647384
smoothSolver:  Solving for omega, Initial residual = 0.00049441173, Final residual = 4.258863e-06, No Iterations 2
smoothSolver:  Solving for k, Initial residual = 0.0036993679, Final residual = 4.2700548e-05, No Iterations 2
ExecutionTime = 495.40306 s  ClockTime = 496 s

Time = 367s

smoothSolver:  Solving for Ux, Initial residual = 0.0015638912, Final residual = 2.3944691e-05, No Iterations 3
smoothSolver:  Solving for Uy, Initial residual = 0.011072824, Final residual = 0.00017582728, No Iterations 3
smoothSolver:  Solving for Uz, Initial residual = 0.012510812, Final residual = 0.00019371742, No Iterations 3
GAMG:  Solving for p, Initial residual = 0.010685978, Final residual = 6.7125539e-05, No Iterations 3
GAMG:  Solving for p, Initial residual = 0.00022512555, Final residual = 1.7233942e-06, No Iterations 4
time step continuity errors : sum local = 1.6630375e-05, global = -3.4268212e-06, cumulative = 0.00036304702
smoothSolver:  Solving for omega, Initial residual = 0.00049253098, Final residual = 4.2366309e-06, No Iterations 2
smoothSolver:  Solving for k, Initial residual = 0.0036887328, Final residual = 4.2607188e-05, No Iterations 2
ExecutionTime = 497.01851 s  ClockTime = 498 s

Time = 368s

smoothSolver:  Solving for Ux, Initial residual = 0.0015600209, Final residual = 2.3938949e-05, No Iterations 3
smoothSolver:  Solving for Uy, Initial residual = 0.01109698, Final residual = 0.00017625494, No Iterations 3
smoothSolver:  Solving for Uz, Initial residual = 0.012476957, Final residual = 0.00019261989, No Iterations 3
GAMG:  Solving for p, Initial residual = 0.010643794, Final residual = 6.7736022e-05, No Iterations 3
GAMG:  Solving for p, Initial residual = 0.00022541095, Final residual = 1.7305448e-06, No Iterations 4
time step continuity errors : sum local = 1.6717635e-05, global = -3.5017014e-06, cumulative = 0.00035954532
smoothSolver:  Solving for omega, Initial residual = 0.00049348279, Final residual = 4.3445039e-06, No Iterations 2
smoothSolver:  Solving for k, Initial residual = 0.0036835985, Final residual = 4.2570841e-05, No Iterations 2
ExecutionTime = 498.45634 s  ClockTime = 499 s

Time = 369s

smoothSolver:  Solving for Ux, Initial residual = 0.0015561638, Final residual = 2.3936722e-05, No Iterations 3
smoothSolver:  Solving for Uy, Initial residual = 0.011117354, Final residual = 0.00017662513, No Iterations 3
smoothSolver:  Solving for Uz, Initial residual = 0.012442153, Final residual = 0.00019146968, No Iterations 3
GAMG:  Solving for p, Initial residual = 0.010611583, Final residual = 6.8751369e-05, No Iterations 3
GAMG:  Solving for p, Initial residual = 0.00022500959, Final residual = 1.7165239e-06, No Iterations 4
time step continuity errors : sum local = 1.6583984e-05, global = -3.5533462e-06, cumulative = 0.00035599197
smoothSolver:  Solving for omega, Initial residual = 0.00049602051, Final residual = 4.3116763e-06, No Iterations 2
smoothSolver:  Solving for k, Initial residual = 0.0036758775, Final residual = 4.2463403e-05, No Iterations 2
ExecutionTime = 499.66671 s  ClockTime = 500 s

Time = 370s

smoothSolver:  Solving for Ux, Initial residual = 0.0015526955, Final residual = 2.393721e-05, No Iterations 3
smoothSolver:  Solving for Uy, Initial residual = 0.011140316, Final residual = 0.0001769253, No Iterations 3
smoothSolver:  Solving for Uz, Initial residual = 0.012408891, Final residual = 0.00019032005, No Iterations 3
GAMG:  Solving for p, Initial residual = 0.01059725, Final residual = 6.9938143e-05, No Iterations 3
GAMG:  Solving for p, Initial residual = 0.00022447946, Final residual = 1.7167015e-06, No Iterations 4
time step continuity errors : sum local = 1.6601432e-05, global = -3.6470102e-06, cumulative = 0.00035234496
smoothSolver:  Solving for omega, Initial residual = 0.00049129947, Final residual = 4.2782279e-06, No Iterations 2
smoothSolver:  Solving for k, Initial residual = 0.0036669911, Final residual = 4.2409432e-05, No Iterations 2
ExecutionTime = 500.80809 s  ClockTime = 502 s

Time = 371s

smoothSolver:  Solving for Ux, Initial residual = 0.0015492237, Final residual = 2.3933797e-05, No Iterations 3
smoothSolver:  Solving for Uy, Initial residual = 0.011161953, Final residual = 0.0001771378, No Iterations 3
smoothSolver:  Solving for Uz, Initial residual = 0.012383232, Final residual = 0.00018914593, No Iterations 3
GAMG:  Solving for p, Initial residual = 0.010613147, Final residual = 7.1707246e-05, No Iterations 3
GAMG:  Solving for p, Initial residual = 0.0002254125, Final residual = 1.7211555e-06, No Iterations 4
time step continuity errors : sum local = 1.6637496e-05, global = -3.7401232e-06, cumulative = 0.00034860484
smoothSolver:  Solving for omega, Initial residual = 0.00048916245, Final residual = 4.2823441e-06, No Iterations 2
smoothSolver:  Solving for k, Initial residual = 0.0036552517, Final residual = 4.228086e-05, No Iterations 2
ExecutionTime = 502.00074 s  ClockTime = 503 s

Time = 372s

smoothSolver:  Solving for Ux, Initial residual = 0.0015460443, Final residual = 2.3926445e-05, No Iterations 3
smoothSolver:  Solving for Uy, Initial residual = 0.011179593, Final residual = 0.00017732799, No Iterations 3
smoothSolver:  Solving for Uz, Initial residual = 0.012352815, Final residual = 0.00018797183, No Iterations 3
GAMG:  Solving for p, Initial residual = 0.010627185, Final residual = 7.345482e-05, No Iterations 3
GAMG:  Solving for p, Initial residual = 0.00022718316, Final residual = 1.729516e-06, No Iterations 4
time step continuity errors : sum local = 1.6734076e-05, global = -3.8627037e-06, cumulative = 0.00034474213
smoothSolver:  Solving for omega, Initial residual = 0.0004881508, Final residual = 4.2778073e-06, No Iterations 2
smoothSolver:  Solving for k, Initial residual = 0.0036428186, Final residual = 4.2112748e-05, No Iterations 2
ExecutionTime = 503.3476 s  ClockTime = 504 s

Time = 373s

smoothSolver:  Solving for Ux, Initial residual = 0.0015426807, Final residual = 2.3910616e-05, No Iterations 3
smoothSolver:  Solving for Uy, Initial residual = 0.011194342, Final residual = 0.00017738866, No Iterations 3
smoothSolver:  Solving for Uz, Initial residual = 0.01232591, Final residual = 0.00018688619, No Iterations 3
GAMG:  Solving for p, Initial residual = 0.010652637, Final residual = 7.4829697e-05, No Iterations 3
GAMG:  Solving for p, Initial residual = 0.00023036224, Final residual = 1.7402396e-06, No Iterations 4
time step continuity errors : sum local = 1.6842026e-05, global = -3.8460052e-06, cumulative = 0.00034089613
smoothSolver:  Solving for omega, Initial residual = 0.00049014312, Final residual = 4.2337862e-06, No Iterations 2
smoothSolver:  Solving for k, Initial residual = 0.0036334934, Final residual = 4.2033676e-05, No Iterations 2
ExecutionTime = 504.42501 s  ClockTime = 505 s

Time = 374s

smoothSolver:  Solving for Ux, Initial residual = 0.0015391651, Final residual = 2.3884801e-05, No Iterations 3
smoothSolver:  Solving for Uy, Initial residual = 0.011206092, Final residual = 0.0001773258, No Iterations 3
smoothSolver:  Solving for Uz, Initial residual = 0.012308065, Final residual = 0.00018589873, No Iterations 3
GAMG:  Solving for p, Initial residual = 0.010712121, Final residual = 7.5746472e-05, No Iterations 3
GAMG:  Solving for p, Initial residual = 0.0002332081, Final residual = 1.7645626e-06, No Iterations 4
time step continuity errors : sum local = 1.7069448e-05, global = -3.8455614e-06, cumulative = 0.00033705057
smoothSolver:  Solving for omega, Initial residual = 0.00048721303, Final residual = 4.2654426e-06, No Iterations 2
smoothSolver:  Solving for k, Initial residual = 0.0036248125, Final residual = 4.1956482e-05, No Iterations 2
ExecutionTime = 505.66886 s  ClockTime = 506 s

Time = 375s

smoothSolver:  Solving for Ux, Initial residual = 0.0015354674, Final residual = 2.3847911e-05, No Iterations 3
smoothSolver:  Solving for Uy, Initial residual = 0.011215212, Final residual = 0.00017713293, No Iterations 3
smoothSolver:  Solving for Uz, Initial residual = 0.012289853, Final residual = 0.00018505592, No Iterations 3
GAMG:  Solving for p, Initial residual = 0.010750751, Final residual = 7.6342697e-05, No Iterations 3
GAMG:  Solving for p, Initial residual = 0.00023503481, Final residual = 1.7801354e-06, No Iterations 4
time step continuity errors : sum local = 1.7236637e-05, global = -3.77177e-06, cumulative = 0.0003332788
smoothSolver:  Solving for omega, Initial residual = 0.00048651993, Final residual = 4.2350244e-06, No Iterations 2
smoothSolver:  Solving for k, Initial residual = 0.0036177346, Final residual = 4.1833892e-05, No Iterations 2
ExecutionTime = 506.95675 s  ClockTime = 508 s

Time = 376s

smoothSolver:  Solving for Ux, Initial residual = 0.0015313459, Final residual = 2.3800479e-05, No Iterations 3
smoothSolver:  Solving for Uy, Initial residual = 0.011218124, Final residual = 0.00017683472, No Iterations 3
smoothSolver:  Solving for Uz, Initial residual = 0.012277881, Final residual = 0.00018431567, No Iterations 3
GAMG:  Solving for p, Initial residual = 0.010828126, Final residual = 7.6727698e-05, No Iterations 3
GAMG:  Solving for p, Initial residual = 0.00023710349, Final residual = 1.7783821e-06, No Iterations 4
time step continuity errors : sum local = 1.7206368e-05, global = -3.5967354e-06, cumulative = 0.00032968206
smoothSolver:  Solving for omega, Initial residual = 0.00048522356, Final residual = 4.2658817e-06, No Iterations 2
smoothSolver:  Solving for k, Initial residual = 0.00360929, Final residual = 4.1680223e-05, No Iterations 2
ExecutionTime = 508.19654 s  ClockTime = 509 s

Time = 377s

smoothSolver:  Solving for Ux, Initial residual = 0.0015269577, Final residual = 2.3741026e-05, No Iterations 3
smoothSolver:  Solving for Uy, Initial residual = 0.011214453, Final residual = 0.00017647363, No Iterations 3
smoothSolver:  Solving for Uz, Initial residual = 0.012267409, Final residual = 0.00018373674, No Iterations 3
GAMG:  Solving for p, Initial residual = 0.010853156, Final residual = 7.6789836e-05, No Iterations 3
GAMG:  Solving for p, Initial residual = 0.00023914722, Final residual = 1.7579293e-06, No Iterations 4
time step continuity errors : sum local = 1.703183e-05, global = -3.4443339e-06, cumulative = 0.00032623773
smoothSolver:  Solving for omega, Initial residual = 0.00048626836, Final residual = 4.2808222e-06, No Iterations 2
smoothSolver:  Solving for k, Initial residual = 0.0036010395, Final residual = 4.156057e-05, No Iterations 2
ExecutionTime = 509.56444 s  ClockTime = 510 s

Time = 378s

smoothSolver:  Solving for Ux, Initial residual = 0.0015221697, Final residual = 2.3671989e-05, No Iterations 3
smoothSolver:  Solving for Uy, Initial residual = 0.011208445, Final residual = 0.00017607264, No Iterations 3
smoothSolver:  Solving for Uz, Initial residual = 0.012262253, Final residual = 0.0001832716, No Iterations 3
GAMG:  Solving for p, Initial residual = 0.010866348, Final residual = 7.6706568e-05, No Iterations 3
GAMG:  Solving for p, Initial residual = 0.00024137723, Final residual = 1.7662287e-06, No Iterations 4
time step continuity errors : sum local = 1.7119333e-05, global = -3.412601e-06, cumulative = 0.00032282513
smoothSolver:  Solving for omega, Initial residual = 0.00048313556, Final residual = 4.2244398e-06, No Iterations 2
smoothSolver:  Solving for k, Initial residual = 0.0035985357, Final residual = 4.1518761e-05, No Iterations 2
ExecutionTime = 511.02861 s  ClockTime = 512 s

Time = 379s

smoothSolver:  Solving for Ux, Initial residual = 0.0015172782, Final residual = 2.359214e-05, No Iterations 3
smoothSolver:  Solving for Uy, Initial residual = 0.011207409, Final residual = 0.00017571719, No Iterations 3
smoothSolver:  Solving for Uz, Initial residual = 0.012264668, Final residual = 0.00018296148, No Iterations 3
GAMG:  Solving for p, Initial residual = 0.010896701, Final residual = 7.6839522e-05, No Iterations 3
GAMG:  Solving for p, Initial residual = 0.00024391401, Final residual = 1.7501695e-06, No Iterations 4
time step continuity errors : sum local = 1.6957376e-05, global = -3.2958404e-06, cumulative = 0.00031952929
smoothSolver:  Solving for omega, Initial residual = 0.00048200107, Final residual = 4.1900267e-06, No Iterations 2
smoothSolver:  Solving for k, Initial residual = 0.0035931224, Final residual = 4.1391893e-05, No Iterations 2
ExecutionTime = 512.58854 s  ClockTime = 513 s

Time = 380s

smoothSolver:  Solving for Ux, Initial residual = 0.0015118405, Final residual = 2.3504125e-05, No Iterations 3
smoothSolver:  Solving for Uy, Initial residual = 0.01120412, Final residual = 0.00017539812, No Iterations 3
smoothSolver:  Solving for Uz, Initial residual = 0.012268727, Final residual = 0.0001826529, No Iterations 3
GAMG:  Solving for p, Initial residual = 0.010893698, Final residual = 7.6829741e-05, No Iterations 3
GAMG:  Solving for p, Initial residual = 0.00024631693, Final residual = 1.6732258e-06, No Iterations 4
time step continuity errors : sum local = 1.6235143e-05, global = -2.9979533e-06, cumulative = 0.00031653133
smoothSolver:  Solving for omega, Initial residual = 0.00048454619, Final residual = 4.2852957e-06, No Iterations 2
smoothSolver:  Solving for k, Initial residual = 0.0035858343, Final residual = 4.1229047e-05, No Iterations 2
ExecutionTime = 514.24694 s  ClockTime = 515 s

Time = 381s

smoothSolver:  Solving for Ux, Initial residual = 0.001506177, Final residual = 2.3407778e-05, No Iterations 3
smoothSolver:  Solving for Uy, Initial residual = 0.011205858, Final residual = 0.00017514079, No Iterations 3
smoothSolver:  Solving for Uz, Initial residual = 0.012273035, Final residual = 0.00018249491, No Iterations 3
GAMG:  Solving for p, Initial residual = 0.010935861, Final residual = 7.687938e-05, No Iterations 3
GAMG:  Solving for p, Initial residual = 0.00024902467, Final residual = 1.6173167e-06, No Iterations 4
time step continuity errors : sum local = 1.5680211e-05, global = -2.8188772e-06, cumulative = 0.00031371246
smoothSolver:  Solving for omega, Initial residual = 0.000487721, Final residual = 4.2500384e-06, No Iterations 2
smoothSolver:  Solving for k, Initial residual = 0.0035779453, Final residual = 4.1086288e-05, No Iterations 2
ExecutionTime = 516.06205 s  ClockTime = 517 s

Time = 382s

smoothSolver:  Solving for Ux, Initial residual = 0.0015001469, Final residual = 2.3303998e-05, No Iterations 3
smoothSolver:  Solving for Uy, Initial residual = 0.011206121, Final residual = 0.00017492182, No Iterations 3
smoothSolver:  Solving for Uz, Initial residual = 0.012279514, Final residual = 0.00018240475, No Iterations 3
GAMG:  Solving for p, Initial residual = 0.010964036, Final residual = 7.6838422e-05, No Iterations 3
GAMG:  Solving for p, Initial residual = 0.00025077674, Final residual = 1.5237666e-06, No Iterations 4
time step continuity errors : sum local = 1.4773323e-05, global = -2.5091614e-06, cumulative = 0.0003112033
smoothSolver:  Solving for omega, Initial residual = 0.0004838701, Final residual = 4.2038983e-06, No Iterations 2
smoothSolver:  Solving for k, Initial residual = 0.0035637679, Final residual = 4.0839992e-05, No Iterations 2
ExecutionTime = 517.72279 s  ClockTime = 518 s

Time = 383s

smoothSolver:  Solving for Ux, Initial residual = 0.0014935316, Final residual = 2.319141e-05, No Iterations 3
smoothSolver:  Solving for Uy, Initial residual = 0.01120789, Final residual = 0.00017484497, No Iterations 3
smoothSolver:  Solving for Uz, Initial residual = 0.012282174, Final residual = 0.00018228693, No Iterations 3
GAMG:  Solving for p, Initial residual = 0.010992534, Final residual = 7.6778542e-05, No Iterations 3
GAMG:  Solving for p, Initial residual = 0.00025180253, Final residual = 1.3437417e-06, No Iterations 4
time step continuity errors : sum local = 1.3039915e-05, global = -1.6831499e-06, cumulative = 0.00030952015
smoothSolver:  Solving for omega, Initial residual = 0.00048173851, Final residual = 4.2141221e-06, No Iterations 2
smoothSolver:  Solving for k, Initial residual = 0.0035565559, Final residual = 4.0710307e-05, No Iterations 2
ExecutionTime = 519.16131 s  ClockTime = 520 s

Time = 384s

smoothSolver:  Solving for Ux, Initial residual = 0.0014860932, Final residual = 2.3067889e-05, No Iterations 3
smoothSolver:  Solving for Uy, Initial residual = 0.011214566, Final residual = 0.00017481304, No Iterations 3
smoothSolver:  Solving for Uz, Initial residual = 0.012292239, Final residual = 0.00018210689, No Iterations 3
GAMG:  Solving for p, Initial residual = 0.011036429, Final residual = 7.626002e-05, No Iterations 3
GAMG:  Solving for p, Initial residual = 0.00025153049, Final residual = 1.2561059e-06, No Iterations 4
time step continuity errors : sum local = 1.2173599e-05, global = -4.9415017e-07, cumulative = 0.000309026
smoothSolver:  Solving for omega, Initial residual = 0.00048135511, Final residual = 4.2066425e-06, No Iterations 2
smoothSolver:  Solving for k, Initial residual = 0.0035481204, Final residual = 4.0516517e-05, No Iterations 2
ExecutionTime = 520.74261 s  ClockTime = 521 s

Time = 385s

smoothSolver:  Solving for Ux, Initial residual = 0.0014782562, Final residual = 2.2932663e-05, No Iterations 3
smoothSolver:  Solving for Uy, Initial residual = 0.011226447, Final residual = 0.00017488651, No Iterations 3
smoothSolver:  Solving for Uz, Initial residual = 0.012296398, Final residual = 0.00018189875, No Iterations 3
GAMG:  Solving for p, Initial residual = 0.011048637, Final residual = 7.5722888e-05, No Iterations 3
GAMG:  Solving for p, Initial residual = 0.00025076291, Final residual = 1.349311e-06, No Iterations 4
time step continuity errors : sum local = 1.3068842e-05, global = 1.4559065e-06, cumulative = 0.0003104819
smoothSolver:  Solving for omega, Initial residual = 0.00048148164, Final residual = 4.1525102e-06, No Iterations 2
smoothSolver:  Solving for k, Initial residual = 0.003536667, Final residual = 4.0257053e-05, No Iterations 2
ExecutionTime = 522.23288 s  ClockTime = 523 s

Time = 386s

smoothSolver:  Solving for Ux, Initial residual = 0.0014699655, Final residual = 2.2787006e-05, No Iterations 3
smoothSolver:  Solving for Uy, Initial residual = 0.011233954, Final residual = 0.00017491962, No Iterations 3
smoothSolver:  Solving for Uz, Initial residual = 0.012302, Final residual = 0.00018167031, No Iterations 3
GAMG:  Solving for p, Initial residual = 0.011057244, Final residual = 7.4877018e-05, No Iterations 3
GAMG:  Solving for p, Initial residual = 0.00024917343, Final residual = 1.5806209e-06, No Iterations 4
time step continuity errors : sum local = 1.5295807e-05, global = 3.3578883e-06, cumulative = 0.00031383979
smoothSolver:  Solving for omega, Initial residual = 0.00048167512, Final residual = 4.2465465e-06, No Iterations 2
smoothSolver:  Solving for k, Initial residual = 0.0035333146, Final residual = 4.0200033e-05, No Iterations 2
ExecutionTime = 523.46195 s  ClockTime = 524 s

Time = 387s

smoothSolver:  Solving for Ux, Initial residual = 0.0014611004, Final residual = 2.2629116e-05, No Iterations 3
smoothSolver:  Solving for Uy, Initial residual = 0.01124578, Final residual = 0.00017495547, No Iterations 3
smoothSolver:  Solving for Uz, Initial residual = 0.01230879, Final residual = 0.00018137548, No Iterations 3
GAMG:  Solving for p, Initial residual = 0.01105956, Final residual = 7.3941041e-05, No Iterations 3
GAMG:  Solving for p, Initial residual = 0.00024797544, Final residual = 1.6786338e-06, No Iterations 4
time step continuity errors : sum local = 1.6229318e-05, global = 4.0670267e-06, cumulative = 0.00031790682
smoothSolver:  Solving for omega, Initial residual = 0.0004813905, Final residual = 4.2386081e-06, No Iterations 2
smoothSolver:  Solving for k, Initial residual = 0.003525276, Final residual = 3.992704e-05, No Iterations 2
ExecutionTime = 524.80112 s  ClockTime = 526 s

Time = 388s

smoothSolver:  Solving for Ux, Initial residual = 0.0014517441, Final residual = 2.2463145e-05, No Iterations 3
smoothSolver:  Solving for Uy, Initial residual = 0.011252843, Final residual = 0.00017500822, No Iterations 3
smoothSolver:  Solving for Uz, Initial residual = 0.012312345, Final residual = 0.00018098327, No Iterations 3
GAMG:  Solving for p, Initial residual = 0.01103927, Final residual = 7.2666364e-05, No Iterations 3
GAMG:  Solving for p, Initial residual = 0.00024604272, Final residual = 1.6201737e-06, No Iterations 4
time step continuity errors : sum local = 1.5645015e-05, global = 3.9098755e-06, cumulative = 0.00032181669
smoothSolver:  Solving for omega, Initial residual = 0.00047805776, Final residual = 4.1864374e-06, No Iterations 2
smoothSolver:  Solving for k, Initial residual = 0.0035119282, Final residual = 3.9682646e-05, No Iterations 2
ExecutionTime = 526.04634 s  ClockTime = 527 s

Time = 389s

smoothSolver:  Solving for Ux, Initial residual = 0.0014418862, Final residual = 2.2287536e-05, No Iterations 3
smoothSolver:  Solving for Uy, Initial residual = 0.011260024, Final residual = 0.00017499505, No Iterations 3
smoothSolver:  Solving for Uz, Initial residual = 0.012315493, Final residual = 0.00018059812, No Iterations 3
GAMG:  Solving for p, Initial residual = 0.011052428, Final residual = 7.1717866e-05, No Iterations 3
GAMG:  Solving for p, Initial residual = 0.00024475906, Final residual = 1.5026656e-06, No Iterations 4
time step continuity errors : sum local = 1.4488262e-05, global = 3.3258572e-06, cumulative = 0.00032514255
smoothSolver:  Solving for omega, Initial residual = 0.00047669211, Final residual = 4.1481883e-06, No Iterations 2
smoothSolver:  Solving for k, Initial residual = 0.0034908315, Final residual = 3.9349524e-05, No Iterations 2
ExecutionTime = 527.36127 s  ClockTime = 528 s

Time = 390s

smoothSolver:  Solving for Ux, Initial residual = 0.0014314875, Final residual = 2.2105057e-05, No Iterations 3
smoothSolver:  Solving for Uy, Initial residual = 0.011261847, Final residual = 0.00017496229, No Iterations 3
smoothSolver:  Solving for Uz, Initial residual = 0.012313422, Final residual = 0.00018020298, No Iterations 3
GAMG:  Solving for p, Initial residual = 0.011078007, Final residual = 7.0850217e-05, No Iterations 3
GAMG:  Solving for p, Initial residual = 0.00024297751, Final residual = 2.4180464e-06, No Iterations 3
time step continuity errors : sum local = 2.327047e-05, global = -5.4961755e-06, cumulative = 0.00031964637
smoothSolver:  Solving for omega, Initial residual = 0.00047189859, Final residual = 4.1061066e-06, No Iterations 2
smoothSolver:  Solving for k, Initial residual = 0.0034733848, Final residual = 3.9079692e-05, No Iterations 2
ExecutionTime = 528.86313 s  ClockTime = 530 s

Time = 391s

smoothSolver:  Solving for Ux, Initial residual = 0.0014208789, Final residual = 2.1915063e-05, No Iterations 3
smoothSolver:  Solving for Uy, Initial residual = 0.01126969, Final residual = 0.00017486425, No Iterations 3
smoothSolver:  Solving for Uz, Initial residual = 0.012312705, Final residual = 0.00017985281, No Iterations 3
GAMG:  Solving for p, Initial residual = 0.011145437, Final residual = 7.0061128e-05, No Iterations 3
GAMG:  Solving for p, Initial residual = 0.00024200852, Final residual = 2.1271413e-06, No Iterations 3
time step continuity errors : sum local = 2.0429264e-05, global = -1.4720448e-06, cumulative = 0.00031817433
smoothSolver:  Solving for omega, Initial residual = 0.00046843292, Final residual = 4.0380346e-06, No Iterations 2
smoothSolver:  Solving for k, Initial residual = 0.0034592015, Final residual = 3.8844888e-05, No Iterations 2
ExecutionTime = 530.41647 s  ClockTime = 531 s

Time = 392s

smoothSolver:  Solving for Ux, Initial residual = 0.0014101871, Final residual = 2.1723075e-05, No Iterations 3
smoothSolver:  Solving for Uy, Initial residual = 0.011273987, Final residual = 0.00017482428, No Iterations 3
smoothSolver:  Solving for Uz, Initial residual = 0.01231157, Final residual = 0.00017941412, No Iterations 3
GAMG:  Solving for p, Initial residual = 0.011190175, Final residual = 6.8979137e-05, No Iterations 3
GAMG:  Solving for p, Initial residual = 0.00024107367, Final residual = 2.0012189e-06, No Iterations 3
time step continuity errors : sum local = 1.9194275e-05, global = -2.0762298e-06, cumulative = 0.0003160981
smoothSolver:  Solving for omega, Initial residual = 0.00047163856, Final residual = 4.1884008e-06, No Iterations 2
smoothSolver:  Solving for k, Initial residual = 0.0034455647, Final residual = 3.8630357e-05, No Iterations 2
ExecutionTime = 532.02384 s  ClockTime = 533 s

Time = 393s

smoothSolver:  Solving for Ux, Initial residual = 0.0013991643, Final residual = 2.1529748e-05, No Iterations 3
smoothSolver:  Solving for Uy, Initial residual = 0.011279422, Final residual = 0.00017472506, No Iterations 3
smoothSolver:  Solving for Uz, Initial residual = 0.012308379, Final residual = 0.00017880837, No Iterations 3
GAMG:  Solving for p, Initial residual = 0.011285379, Final residual = 6.7708476e-05, No Iterations 3
GAMG:  Solving for p, Initial residual = 0.00024060722, Final residual = 1.9877379e-06, No Iterations 3
time step continuity errors : sum local = 1.9000581e-05, global = 2.3288094e-07, cumulative = 0.00031633098
smoothSolver:  Solving for omega, Initial residual = 0.00047505516, Final residual = 4.1862407e-06, No Iterations 2
smoothSolver:  Solving for k, Initial residual = 0.0034355201, Final residual = 3.8428269e-05, No Iterations 2
ExecutionTime = 533.38442 s  ClockTime = 534 s

Time = 394s

smoothSolver:  Solving for Ux, Initial residual = 0.0013881564, Final residual = 2.133501e-05, No Iterations 3
smoothSolver:  Solving for Uy, Initial residual = 0.01128902, Final residual = 0.00017455843, No Iterations 3
smoothSolver:  Solving for Uz, Initial residual = 0.012299852, Final residual = 0.00017814919, No Iterations 3
GAMG:  Solving for p, Initial residual = 0.011427852, Final residual = 6.6328986e-05, No Iterations 3
GAMG:  Solving for p, Initial residual = 0.00023937119, Final residual = 2.0259308e-06, No Iterations 3
time step continuity errors : sum local = 1.9333216e-05, global = 1.4192811e-06, cumulative = 0.00031775026
smoothSolver:  Solving for omega, Initial residual = 0.00046907681, Final residual = 4.0895399e-06, No Iterations 2
smoothSolver:  Solving for k, Initial residual = 0.0034158177, Final residual = 3.8076991e-05, No Iterations 2
ExecutionTime = 534.51012 s  ClockTime = 535 s

Time = 395s

smoothSolver:  Solving for Ux, Initial residual = 0.0013773733, Final residual = 2.1140117e-05, No Iterations 3
smoothSolver:  Solving for Uy, Initial residual = 0.01128922, Final residual = 0.00017436534, No Iterations 3
smoothSolver:  Solving for Uz, Initial residual = 0.012281595, Final residual = 0.00017746812, No Iterations 3
GAMG:  Solving for p, Initial residual = 0.011553142, Final residual = 6.571177e-05, No Iterations 3
GAMG:  Solving for p, Initial residual = 0.00023996172, Final residual = 2.1089641e-06, No Iterations 3
time step continuity errors : sum local = 2.0067599e-05, global = 2.0508944e-06, cumulative = 0.00031980116
smoothSolver:  Solving for omega, Initial residual = 0.00046207551, Final residual = 4.039496e-06, No Iterations 2
smoothSolver:  Solving for k, Initial residual = 0.0033959665, Final residual = 3.7808464e-05, No Iterations 2
ExecutionTime = 535.54732 s  ClockTime = 536 s

Time = 396s

smoothSolver:  Solving for Ux, Initial residual = 0.0013664819, Final residual = 2.0942872e-05, No Iterations 3
smoothSolver:  Solving for Uy, Initial residual = 0.011292506, Final residual = 0.00017416108, No Iterations 3
smoothSolver:  Solving for Uz, Initial residual = 0.012260463, Final residual = 0.00017675375, No Iterations 3
GAMG:  Solving for p, Initial residual = 0.011669459, Final residual = 6.5888262e-05, No Iterations 3
GAMG:  Solving for p, Initial residual = 0.00024306721, Final residual = 2.26739e-06, No Iterations 3
time step continuity errors : sum local = 2.1493915e-05, global = 2.5439597e-06, cumulative = 0.00032234512
smoothSolver:  Solving for omega, Initial residual = 0.00046010259, Final residual = 4.0158687e-06, No Iterations 2
smoothSolver:  Solving for k, Initial residual = 0.0033770789, Final residual = 3.7518999e-05, No Iterations 2
ExecutionTime = 536.57422 s  ClockTime = 537 s

Time = 397s

smoothSolver:  Solving for Ux, Initial residual = 0.0013556386, Final residual = 2.074427e-05, No Iterations 3
smoothSolver:  Solving for Uy, Initial residual = 0.011298511, Final residual = 0.00017395164, No Iterations 3
smoothSolver:  Solving for Uz, Initial residual = 0.012231242, Final residual = 0.00017598247, No Iterations 3
GAMG:  Solving for p, Initial residual = 0.011746475, Final residual = 6.6343599e-05, No Iterations 3
GAMG:  Solving for p, Initial residual = 0.00024685863, Final residual = 2.4118904e-06, No Iterations 3
time step continuity errors : sum local = 2.2814529e-05, global = 2.9325419e-06, cumulative = 0.00032527766
smoothSolver:  Solving for omega, Initial residual = 0.00046017787, Final residual = 3.9518485e-06, No Iterations 2
smoothSolver:  Solving for k, Initial residual = 0.0033556378, Final residual = 3.7213946e-05, No Iterations 2
ExecutionTime = 537.66438 s  ClockTime = 538 s

Time = 398s

smoothSolver:  Solving for Ux, Initial residual = 0.0013447726, Final residual = 2.0544065e-05, No Iterations 3
smoothSolver:  Solving for Uy, Initial residual = 0.01130031, Final residual = 0.00017367611, No Iterations 3
smoothSolver:  Solving for Uz, Initial residual = 0.012198804, Final residual = 0.00017511725, No Iterations 3
GAMG:  Solving for p, Initial residual = 0.011807476, Final residual = 6.7301423e-05, No Iterations 3
GAMG:  Solving for p, Initial residual = 0.0002522764, Final residual = 1.0682201e-06, No Iterations 4
time step continuity errors : sum local = 1.0072545e-05, global = -2.8347852e-06, cumulative = 0.00032244287
smoothSolver:  Solving for omega, Initial residual = 0.00046208153, Final residual = 4.0443465e-06, No Iterations 2
smoothSolver:  Solving for k, Initial residual = 0.0033414694, Final residual = 3.7051984e-05, No Iterations 2
ExecutionTime = 538.74703 s  ClockTime = 539 s

Time = 399s

smoothSolver:  Solving for Ux, Initial residual = 0.0013340031, Final residual = 2.0340816e-05, No Iterations 3
smoothSolver:  Solving for Uy, Initial residual = 0.011301421, Final residual = 0.00017347509, No Iterations 3
smoothSolver:  Solving for Uz, Initial residual = 0.012162714, Final residual = 0.00017419014, No Iterations 3
GAMG:  Solving for p, Initial residual = 0.011837609, Final residual = 6.8450211e-05, No Iterations 3
GAMG:  Solving for p, Initial residual = 0.00025685588, Final residual = 1.1202792e-06, No Iterations 4
time step continuity errors : sum local = 1.0531053e-05, global = -2.7277823e-06, cumulative = 0.00031971509
smoothSolver:  Solving for omega, Initial residual = 0.00046130142, Final residual = 4.0249757e-06, No Iterations 2
smoothSolver:  Solving for k, Initial residual = 0.0033218168, Final residual = 3.6654238e-05, No Iterations 2
ExecutionTime = 539.82027 s  ClockTime = 541 s

Time = 400s

smoothSolver:  Solving for Ux, Initial residual = 0.0013232244, Final residual = 2.0133397e-05, No Iterations 3
smoothSolver:  Solving for Uy, Initial residual = 0.011299774, Final residual = 0.0001731854, No Iterations 3
smoothSolver:  Solving for Uz, Initial residual = 0.012120127, Final residual = 0.00017338245, No Iterations 3
GAMG:  Solving for p, Initial residual = 0.011874211, Final residual = 6.9756855e-05, No Iterations 3
GAMG:  Solving for p, Initial residual = 0.0002601469, Final residual = 1.1888762e-06, No Iterations 4
time step continuity errors : sum local = 1.1140858e-05, global = -2.7295771e-06, cumulative = 0.00031698551
smoothSolver:  Solving for omega, Initial residual = 0.00045864408, Final residual = 3.9660051e-06, No Iterations 2
smoothSolver:  Solving for k, Initial residual = 0.0033057698, Final residual = 3.6521203e-05, No Iterations 2
ExecutionTime = 540.91904 s  ClockTime = 542 s

Time = 401s

smoothSolver:  Solving for Ux, Initial residual = 0.0013119647, Final residual = 1.9922045e-05, No Iterations 3
smoothSolver:  Solving for Uy, Initial residual = 0.01130117, Final residual = 0.00017301716, No Iterations 3
smoothSolver:  Solving for Uz, Initial residual = 0.012082279, Final residual = 0.00017250873, No Iterations 3
GAMG:  Solving for p, Initial residual = 0.01194352, Final residual = 7.1318917e-05, No Iterations 3
GAMG:  Solving for p, Initial residual = 0.00026242228, Final residual = 1.2519797e-06, No Iterations 4
time step continuity errors : sum local = 1.1698878e-05, global = -2.6477468e-06, cumulative = 0.00031433777
smoothSolver:  Solving for omega, Initial residual = 0.00045759536, Final residual = 3.9897603e-06, No Iterations 2
smoothSolver:  Solving for k, Initial residual = 0.0032786302, Final residual = 3.6073272e-05, No Iterations 2
ExecutionTime = 541.9806 s  ClockTime = 543 s

Time = 402s

smoothSolver:  Solving for Ux, Initial residual = 0.0013004206, Final residual = 1.9710052e-05, No Iterations 3
smoothSolver:  Solving for Uy, Initial residual = 0.011291438, Final residual = 0.00017272055, No Iterations 3
smoothSolver:  Solving for Uz, Initial residual = 0.012039833, Final residual = 0.00017173473, No Iterations 3
GAMG:  Solving for p, Initial residual = 0.011994573, Final residual = 7.2572424e-05, No Iterations 3
GAMG:  Solving for p, Initial residual = 0.00026387864, Final residual = 1.2665183e-06, No Iterations 4
time step continuity errors : sum local = 1.1803953e-05, global = -2.3952693e-06, cumulative = 0.0003119425
smoothSolver:  Solving for omega, Initial residual = 0.00045287873, Final residual = 3.8884126e-06, No Iterations 2
smoothSolver:  Solving for k, Initial residual = 0.0032632797, Final residual = 3.5999412e-05, No Iterations 2
ExecutionTime = 543.08509 s  ClockTime = 544 s

Time = 403s

smoothSolver:  Solving for Ux, Initial residual = 0.001288506, Final residual = 1.9497418e-05, No Iterations 3
smoothSolver:  Solving for Uy, Initial residual = 0.011286595, Final residual = 0.00017247703, No Iterations 3
smoothSolver:  Solving for Uz, Initial residual = 0.012004034, Final residual = 0.00017089989, No Iterations 3
GAMG:  Solving for p, Initial residual = 0.01201457, Final residual = 7.4055507e-05, No Iterations 3
GAMG:  Solving for p, Initial residual = 0.00026529903, Final residual = 1.2685263e-06, No Iterations 4
time step continuity errors : sum local = 1.1798887e-05, global = -2.201527e-06, cumulative = 0.00030974097
smoothSolver:  Solving for omega, Initial residual = 0.00044942588, Final residual = 3.8104981e-06, No Iterations 2
smoothSolver:  Solving for k, Initial residual = 0.0032402223, Final residual = 3.5629762e-05, No Iterations 2
ExecutionTime = 544.19921 s  ClockTime = 545 s

Time = 404s

smoothSolver:  Solving for Ux, Initial residual = 0.0012761683, Final residual = 1.9288748e-05, No Iterations 3
smoothSolver:  Solving for Uy, Initial residual = 0.01126996, Final residual = 0.00017215624, No Iterations 3
smoothSolver:  Solving for Uz, Initial residual = 0.011961122, Final residual = 0.00017005843, No Iterations 3
GAMG:  Solving for p, Initial residual = 0.012028112, Final residual = 7.5348172e-05, No Iterations 3
GAMG:  Solving for p, Initial residual = 0.00026662681, Final residual = 1.2865056e-06, No Iterations 4
time step continuity errors : sum local = 1.194242e-05, global = -2.3167219e-06, cumulative = 0.00030742425
smoothSolver:  Solving for omega, Initial residual = 0.00045214922, Final residual = 3.9155804e-06, No Iterations 2
smoothSolver:  Solving for k, Initial residual = 0.0032124491, Final residual = 3.5311483e-05, No Iterations 2
ExecutionTime = 545.30787 s  ClockTime = 546 s

Time = 405s

smoothSolver:  Solving for Ux, Initial residual = 0.0012635608, Final residual = 1.908379e-05, No Iterations 3
smoothSolver:  Solving for Uy, Initial residual = 0.011244492, Final residual = 0.00017193284, No Iterations 3
smoothSolver:  Solving for Uz, Initial residual = 0.011910268, Final residual = 0.00016919291, No Iterations 3
GAMG:  Solving for p, Initial residual = 0.011981751, Final residual = 7.7179306e-05, No Iterations 3
GAMG:  Solving for p, Initial residual = 0.00026858609, Final residual = 1.2651625e-06, No Iterations 4
time step continuity errors : sum local = 1.1725315e-05, global = -2.4052483e-06, cumulative = 0.000305019
smoothSolver:  Solving for omega, Initial residual = 0.00045652078, Final residual = 3.9523222e-06, No Iterations 2
smoothSolver:  Solving for k, Initial residual = 0.0031899288, Final residual = 3.5060334e-05, No Iterations 2
ExecutionTime = 546.43645 s  ClockTime = 547 s

Time = 406s

smoothSolver:  Solving for Ux, Initial residual = 0.0012508085, Final residual = 1.8882106e-05, No Iterations 3
smoothSolver:  Solving for Uy, Initial residual = 0.011220047, Final residual = 0.00017168217, No Iterations 3
smoothSolver:  Solving for Uz, Initial residual = 0.011864076, Final residual = 0.000168302, No Iterations 3
GAMG:  Solving for p, Initial residual = 0.011905248, Final residual = 7.8683029e-05, No Iterations 3
GAMG:  Solving for p, Initial residual = 0.00027055949, Final residual = 1.2065215e-06, No Iterations 4
time step continuity errors : sum local = 1.1167269e-05, global = -2.2477276e-06, cumulative = 0.00030277127
smoothSolver:  Solving for omega, Initial residual = 0.00045047277, Final residual = 3.8744183e-06, No Iterations 2
smoothSolver:  Solving for k, Initial residual = 0.0031653718, Final residual = 3.4815071e-05, No Iterations 2
ExecutionTime = 547.60272 s  ClockTime = 548 s

Time = 407s

smoothSolver:  Solving for Ux, Initial residual = 0.0012380823, Final residual = 1.8683423e-05, No Iterations 3
smoothSolver:  Solving for Uy, Initial residual = 0.011185512, Final residual = 0.00017145529, No Iterations 3
smoothSolver:  Solving for Uz, Initial residual = 0.011805703, Final residual = 0.00016720278, No Iterations 3
GAMG:  Solving for p, Initial residual = 0.011798113, Final residual = 7.984057e-05, No Iterations 3
GAMG:  Solving for p, Initial residual = 0.00027144492, Final residual = 1.2927778e-06, No Iterations 4
time step continuity errors : sum local = 1.1953632e-05, global = 1.4918365e-07, cumulative = 0.00030292046
smoothSolver:  Solving for omega, Initial residual = 0.00044679267, Final residual = 3.8404918e-06, No Iterations 2
smoothSolver:  Solving for k, Initial residual = 0.0031410149, Final residual = 3.4544817e-05, No Iterations 2
ExecutionTime = 548.83268 s  ClockTime = 550 s

Time = 408s

smoothSolver:  Solving for Ux, Initial residual = 0.0012258472, Final residual = 1.8489013e-05, No Iterations 3
smoothSolver:  Solving for Uy, Initial residual = 0.01114948, Final residual = 0.0001711289, No Iterations 3
smoothSolver:  Solving for Uz, Initial residual = 0.011742221, Final residual = 0.00016601776, No Iterations 3
GAMG:  Solving for p, Initial residual = 0.011734532, Final residual = 8.018877e-05, No Iterations 3
GAMG:  Solving for p, Initial residual = 0.00027085951, Final residual = 1.4856118e-06, No Iterations 4
time step continuity errors : sum local = 1.3718045e-05, global = 1.8985373e-06, cumulative = 0.00030481899
smoothSolver:  Solving for omega, Initial residual = 0.00044467568, Final residual = 3.8499143e-06, No Iterations 2
smoothSolver:  Solving for k, Initial residual = 0.0031110307, Final residual = 3.4172182e-05, No Iterations 2
ExecutionTime = 550.00527 s  ClockTime = 551 s

Time = 409s

smoothSolver:  Solving for Ux, Initial residual = 0.0012145079, Final residual = 1.8300465e-05, No Iterations 3
smoothSolver:  Solving for Uy, Initial residual = 0.011107593, Final residual = 0.00017072248, No Iterations 3
smoothSolver:  Solving for Uz, Initial residual = 0.011657813, Final residual = 0.00016484658, No Iterations 3
GAMG:  Solving for p, Initial residual = 0.01163667, Final residual = 7.9608902e-05, No Iterations 3
GAMG:  Solving for p, Initial residual = 0.00026849442, Final residual = 1.6214082e-06, No Iterations 4
time step continuity errors : sum local = 1.4976061e-05, global = 2.9704117e-06, cumulative = 0.0003077894
smoothSolver:  Solving for omega, Initial residual = 0.000445785, Final residual = 3.7721967e-06, No Iterations 2
smoothSolver:  Solving for k, Initial residual = 0.0030821186, Final residual = 3.388776e-05, No Iterations 2
bounding k, min: 1.9442813e-16 max: 0.34556302 average: 0.061789099
ExecutionTime = 551.09574 s  ClockTime = 552 s

Time = 410s

smoothSolver:  Solving for Ux, Initial residual = 0.0012038134, Final residual = 1.8121429e-05, No Iterations 3
smoothSolver:  Solving for Uy, Initial residual = 0.011060682, Final residual = 0.00017028994, No Iterations 3
smoothSolver:  Solving for Uz, Initial residual = 0.011564741, Final residual = 0.00016349588, No Iterations 3
GAMG:  Solving for p, Initial residual = 0.011585762, Final residual = 7.887426e-05, No Iterations 3
GAMG:  Solving for p, Initial residual = 0.00026689157, Final residual = 1.703184e-06, No Iterations 4
time step continuity errors : sum local = 1.5714369e-05, global = 3.5827083e-06, cumulative = 0.00031137211
smoothSolver:  Solving for omega, Initial residual = 0.00044448142, Final residual = 3.8533635e-06, No Iterations 2
smoothSolver:  Solving for k, Initial residual = 0.0030541909, Final residual = 3.3629196e-05, No Iterations 2
bounding k, min: 1.7025921e-16 max: 0.34563266 average: 0.061763986
ExecutionTime = 552.20899 s  ClockTime = 553 s

Time = 411s

smoothSolver:  Solving for Ux, Initial residual = 0.001193676, Final residual = 1.7950841e-05, No Iterations 3
smoothSolver:  Solving for Uy, Initial residual = 0.011014948, Final residual = 0.00016976396, No Iterations 3
smoothSolver:  Solving for Uz, Initial residual = 0.011467177, Final residual = 0.00016201967, No Iterations 3
GAMG:  Solving for p, Initial residual = 0.011484534, Final residual = 7.7523918e-05, No Iterations 3
GAMG:  Solving for p, Initial residual = 0.00026454347, Final residual = 1.7785186e-06, No Iterations 4
time step continuity errors : sum local = 1.6423321e-05, global = 4.1145394e-06, cumulative = 0.00031548665
smoothSolver:  Solving for omega, Initial residual = 0.00044303258, Final residual = 3.8455361e-06, No Iterations 2
smoothSolver:  Solving for k, Initial residual = 0.0030270371, Final residual = 3.3337693e-05, No Iterations 2
bounding k, min: 1.7980215e-16 max: 0.34602235 average: 0.061738585
ExecutionTime = 553.45751 s  ClockTime = 554 s

Time = 412s

smoothSolver:  Solving for Ux, Initial residual = 0.0011840892, Final residual = 1.7792163e-05, No Iterations 3
smoothSolver:  Solving for Uy, Initial residual = 0.010967562, Final residual = 0.00016926999, No Iterations 3
smoothSolver:  Solving for Uz, Initial residual = 0.011357076, Final residual = 0.00016044967, No Iterations 3
GAMG:  Solving for p, Initial residual = 0.011407544, Final residual = 7.6435993e-05, No Iterations 3
GAMG:  Solving for p, Initial residual = 0.00026387309, Final residual = 1.8614976e-06, No Iterations 4
time step continuity errors : sum local = 1.7175977e-05, global = 4.4713559e-06, cumulative = 0.00031995801
smoothSolver:  Solving for omega, Initial residual = 0.00044173471, Final residual = 3.8343941e-06, No Iterations 2
smoothSolver:  Solving for k, Initial residual = 0.0029972624, Final residual = 3.3029844e-05, No Iterations 2
bounding k, min: 1.4180539e-16 max: 0.34628512 average: 0.061713617
ExecutionTime = 554.67098 s  ClockTime = 555 s

Time = 413s

smoothSolver:  Solving for Ux, Initial residual = 0.0011754198, Final residual = 1.7642961e-05, No Iterations 3
smoothSolver:  Solving for Uy, Initial residual = 0.010925145, Final residual = 0.00016882929, No Iterations 3
smoothSolver:  Solving for Uz, Initial residual = 0.011239265, Final residual = 0.00015880324, No Iterations 3
GAMG:  Solving for p, Initial residual = 0.011357609, Final residual = 7.5395989e-05, No Iterations 3
GAMG:  Solving for p, Initial residual = 0.00026201936, Final residual = 1.8696447e-06, No Iterations 4
time step continuity errors : sum local = 1.7252892e-05, global = 4.5903782e-06, cumulative = 0.00032454839
smoothSolver:  Solving for omega, Initial residual = 0.00044115208, Final residual = 3.7896035e-06, No Iterations 2
smoothSolver:  Solving for k, Initial residual = 0.0029688325, Final residual = 3.2727701e-05, No Iterations 2
bounding k, min: 1.3780794e-16 max: 0.3464587 average: 0.061688625
ExecutionTime = 555.87979 s  ClockTime = 557 s

Time = 414s

smoothSolver:  Solving for Ux, Initial residual = 0.0011671475, Final residual = 1.750394e-05, No Iterations 3
smoothSolver:  Solving for Uy, Initial residual = 0.010893555, Final residual = 0.00016849334, No Iterations 3
smoothSolver:  Solving for Uz, Initial residual = 0.011129402, Final residual = 0.0001571839, No Iterations 3
GAMG:  Solving for p, Initial residual = 0.011327432, Final residual = 7.4835382e-05, No Iterations 3
GAMG:  Solving for p, Initial residual = 0.00026083112, Final residual = 1.9167918e-06, No Iterations 4
time step continuity errors : sum local = 1.7692464e-05, global = 4.73218e-06, cumulative = 0.00032928057
smoothSolver:  Solving for omega, Initial residual = 0.00043752234, Final residual = 3.7272478e-06, No Iterations 2
smoothSolver:  Solving for k, Initial residual = 0.0029413281, Final residual = 3.2502489e-05, No Iterations 2
bounding k, min: 1.2396685e-16 max: 0.34666643 average: 0.061663513
ExecutionTime = 557.0492 s  ClockTime = 558 s

Time = 415s

smoothSolver:  Solving for Ux, Initial residual = 0.0011593561, Final residual = 1.7372809e-05, No Iterations 3
smoothSolver:  Solving for Uy, Initial residual = 0.010869811, Final residual = 0.00016826255, No Iterations 3
smoothSolver:  Solving for Uz, Initial residual = 0.011015941, Final residual = 0.0001555365, No Iterations 3
GAMG:  Solving for p, Initial residual = 0.011328034, Final residual = 7.3650984e-05, No Iterations 3
GAMG:  Solving for p, Initial residual = 0.0002580173, Final residual = 1.9233469e-06, No Iterations 4
time step continuity errors : sum local = 1.7756968e-05, global = 4.7173452e-06, cumulative = 0.00033399791
smoothSolver:  Solving for omega, Initial residual = 0.00043431722, Final residual = 3.6598254e-06, No Iterations 2
smoothSolver:  Solving for k, Initial residual = 0.002916674, Final residual = 3.2270545e-05, No Iterations 2
bounding k, min: 1.1891381e-16 max: 0.34676815 average: 0.061638216
ExecutionTime = 558.19905 s  ClockTime = 559 s

Time = 416s

smoothSolver:  Solving for Ux, Initial residual = 0.0011517051, Final residual = 1.7245703e-05, No Iterations 3
smoothSolver:  Solving for Uy, Initial residual = 0.010856207, Final residual = 0.00016812653, No Iterations 3
smoothSolver:  Solving for Uz, Initial residual = 0.010909949, Final residual = 0.00015391346, No Iterations 3
GAMG:  Solving for p, Initial residual = 0.011328641, Final residual = 7.2985614e-05, No Iterations 3
GAMG:  Solving for p, Initial residual = 0.00025604875, Final residual = 1.8904105e-06, No Iterations 4
time step continuity errors : sum local = 1.7452024e-05, global = 4.4514183e-06, cumulative = 0.00033844933
smoothSolver:  Solving for omega, Initial residual = 0.00043529407, Final residual = 3.7518884e-06, No Iterations 2
smoothSolver:  Solving for k, Initial residual = 0.0028892183, Final residual = 3.1978263e-05, No Iterations 2
bounding k, min: 1.0877763e-16 max: 0.34676668 average: 0.061612706
ExecutionTime = 559.37279 s  ClockTime = 560 s

Time = 417s

smoothSolver:  Solving for Ux, Initial residual = 0.0011441218, Final residual = 1.7122947e-05, No Iterations 3
smoothSolver:  Solving for Uy, Initial residual = 0.010839609, Final residual = 0.00016794298, No Iterations 3
smoothSolver:  Solving for Uz, Initial residual = 0.010799958, Final residual = 0.00015234379, No Iterations 3
GAMG:  Solving for p, Initial residual = 0.011301214, Final residual = 7.1976329e-05, No Iterations 3
GAMG:  Solving for p, Initial residual = 0.00025382279, Final residual = 1.8154597e-06, No Iterations 4
time step continuity errors : sum local = 1.6757282e-05, global = 3.931035e-06, cumulative = 0.00034238036
smoothSolver:  Solving for omega, Initial residual = 0.00043895868, Final residual = 3.7592536e-06, No Iterations 2
smoothSolver:  Solving for k, Initial residual = 0.0028558464, Final residual = 3.1587519e-05, No Iterations 2
bounding k, min: 1.03113e-16 max: 0.346828 average: 0.06158741
ExecutionTime = 560.53421 s  ClockTime = 561 s

Time = 418s

smoothSolver:  Solving for Ux, Initial residual = 0.0011364878, Final residual = 1.7003152e-05, No Iterations 3
smoothSolver:  Solving for Uy, Initial residual = 0.010823482, Final residual = 0.00016777319, No Iterations 3
smoothSolver:  Solving for Uz, Initial residual = 0.010697107, Final residual = 0.0001508817, No Iterations 3
GAMG:  Solving for p, Initial residual = 0.011258405, Final residual = 7.0960957e-05, No Iterations 3
GAMG:  Solving for p, Initial residual = 0.00025218106, Final residual = 1.7202485e-06, No Iterations 4
time step continuity errors : sum local = 1.5855822e-05, global = 3.3459924e-06, cumulative = 0.00034572636
smoothSolver:  Solving for omega, Initial residual = 0.00043449767, Final residual = 3.6889111e-06, No Iterations 2
smoothSolver:  Solving for k, Initial residual = 0.0028296925, Final residual = 3.1374731e-05, No Iterations 2
bounding k, min: 9.8839828e-17 max: 0.34678038 average: 0.06156157
ExecutionTime = 561.71307 s  ClockTime = 562 s

Time = 419s

smoothSolver:  Solving for Ux, Initial residual = 0.0011288028, Final residual = 1.6887648e-05, No Iterations 3
smoothSolver:  Solving for Uy, Initial residual = 0.010803135, Final residual = 0.00016754389, No Iterations 3
smoothSolver:  Solving for Uz, Initial residual = 0.01059999, Final residual = 0.00014957508, No Iterations 3
GAMG:  Solving for p, Initial residual = 0.011179698, Final residual = 6.9873133e-05, No Iterations 3
GAMG:  Solving for p, Initial residual = 0.00024928991, Final residual = 1.6665833e-06, No Iterations 4
time step continuity errors : sum local = 1.5368285e-05, global = 3.1108098e-06, cumulative = 0.00034883717
smoothSolver:  Solving for omega, Initial residual = 0.0004312256, Final residual = 3.6946091e-06, No Iterations 2
smoothSolver:  Solving for k, Initial residual = 0.0027990428, Final residual = 3.1046637e-05, No Iterations 2
bounding k, min: 9.7016889e-17 max: 0.34663864 average: 0.061536034
ExecutionTime = 563.15934 s  ClockTime = 564 s

Time = 420s

smoothSolver:  Solving for Ux, Initial residual = 0.0011211393, Final residual = 1.6780373e-05, No Iterations 3
smoothSolver:  Solving for Uy, Initial residual = 0.010778198, Final residual = 0.00016729872, No Iterations 3
smoothSolver:  Solving for Uz, Initial residual = 0.010509927, Final residual = 0.00014844014, No Iterations 3
GAMG:  Solving for p, Initial residual = 0.011100739, Final residual = 6.9765626e-05, No Iterations 3
GAMG:  Solving for p, Initial residual = 0.00024856951, Final residual = 1.661036e-06, No Iterations 4
time step continuity errors : sum local = 1.52931e-05, global = 2.708853e-06, cumulative = 0.00035154602
smoothSolver:  Solving for omega, Initial residual = 0.00042912212, Final residual = 3.6325743e-06, No Iterations 2
smoothSolver:  Solving for k, Initial residual = 0.0027680021, Final residual = 3.0721118e-05, No Iterations 2
bounding k, min: 9.407232e-17 max: 0.34653352 average: 0.061510081
ExecutionTime = 564.92649 s  ClockTime = 566 s

Time = 421s

smoothSolver:  Solving for Ux, Initial residual = 0.00111392, Final residual = 1.6684824e-05, No Iterations 3
smoothSolver:  Solving for Uy, Initial residual = 0.010749437, Final residual = 0.00016699216, No Iterations 3
smoothSolver:  Solving for Uz, Initial residual = 0.010427311, Final residual = 0.0001475272, No Iterations 3
GAMG:  Solving for p, Initial residual = 0.010988452, Final residual = 6.9499682e-05, No Iterations 3
GAMG:  Solving for p, Initial residual = 0.00024785013, Final residual = 1.7345849e-06, No Iterations 4
time step continuity errors : sum local = 1.5960981e-05, global = 2.4946585e-06, cumulative = 0.00035404068
smoothSolver:  Solving for omega, Initial residual = 0.00043046704, Final residual = 3.5877489e-06, No Iterations 2
smoothSolver:  Solving for k, Initial residual = 0.0027412994, Final residual = 3.0466418e-05, No Iterations 2
bounding k, min: 9.2429142e-17 max: 0.34633303 average: 0.061483889
ExecutionTime = 566.37702 s  ClockTime = 567 s

Time = 422s

smoothSolver:  Solving for Ux, Initial residual = 0.0011071262, Final residual = 1.66043e-05, No Iterations 3
smoothSolver:  Solving for Uy, Initial residual = 0.010719525, Final residual = 0.0001665975, No Iterations 3
smoothSolver:  Solving for Uz, Initial residual = 0.010358595, Final residual = 0.00014679635, No Iterations 3
GAMG:  Solving for p, Initial residual = 0.010877306, Final residual = 7.0410878e-05, No Iterations 3
GAMG:  Solving for p, Initial residual = 0.00024874304, Final residual = 1.8848716e-06, No Iterations 4
time step continuity errors : sum local = 1.7334944e-05, global = 2.0236028e-06, cumulative = 0.00035606428
smoothSolver:  Solving for omega, Initial residual = 0.00043124542, Final residual = 3.7433705e-06, No Iterations 2
smoothSolver:  Solving for k, Initial residual = 0.0027165836, Final residual = 3.0245121e-05, No Iterations 2
bounding k, min: 9.1715248e-17 max: 0.34602819 average: 0.061457483
ExecutionTime = 567.8488 s  ClockTime = 569 s

Time = 423s

smoothSolver:  Solving for Ux, Initial residual = 0.0011010196, Final residual = 1.6537044e-05, No Iterations 3
smoothSolver:  Solving for Uy, Initial residual = 0.010681944, Final residual = 0.00016612612, No Iterations 3
smoothSolver:  Solving for Uz, Initial residual = 0.010291862, Final residual = 0.00014601841, No Iterations 3
GAMG:  Solving for p, Initial residual = 0.010772775, Final residual = 7.1067526e-05, No Iterations 3
GAMG:  Solving for p, Initial residual = 0.00024843908, Final residual = 2.0348537e-06, No Iterations 4
time step continuity errors : sum local = 1.8692966e-05, global = 1.2496719e-06, cumulative = 0.00035731395
smoothSolver:  Solving for omega, Initial residual = 0.00043014936, Final residual = 3.6724203e-06, No Iterations 2
smoothSolver:  Solving for k, Initial residual = 0.0026931731, Final residual = 3.0012491e-05, No Iterations 2
bounding k, min: 9.1273159e-17 max: 0.34580511 average: 0.061430822
ExecutionTime = 569.17145 s  ClockTime = 570 s

Time = 424s

smoothSolver:  Solving for Ux, Initial residual = 0.0010955573, Final residual = 1.6481686e-05, No Iterations 3
smoothSolver:  Solving for Uy, Initial residual = 0.010635286, Final residual = 0.00016544392, No Iterations 3
smoothSolver:  Solving for Uz, Initial residual = 0.010228566, Final residual = 0.00014541716, No Iterations 3
GAMG:  Solving for p, Initial residual = 0.01064667, Final residual = 7.2517356e-05, No Iterations 3
GAMG:  Solving for p, Initial residual = 0.00024809426, Final residual = 2.1690826e-06, No Iterations 4
time step continuity errors : sum local = 1.9918575e-05, global = 4.7378265e-07, cumulative = 0.00035778774
smoothSolver:  Solving for omega, Initial residual = 0.00042592357, Final residual = 3.6375083e-06, No Iterations 2
smoothSolver:  Solving for k, Initial residual = 0.0026715876, Final residual = 2.9788909e-05, No Iterations 2
bounding k, min: 9.140232e-17 max: 0.34549353 average: 0.061404094
ExecutionTime = 570.3568 s  ClockTime = 571 s

Time = 425s

smoothSolver:  Solving for Ux, Initial residual = 0.0010909378, Final residual = 1.6436488e-05, No Iterations 3
smoothSolver:  Solving for Uy, Initial residual = 0.010583145, Final residual = 0.00016469691, No Iterations 3
smoothSolver:  Solving for Uz, Initial residual = 0.010174788, Final residual = 0.00014491332, No Iterations 3
GAMG:  Solving for p, Initial residual = 0.010538318, Final residual = 7.3615976e-05, No Iterations 3
GAMG:  Solving for p, Initial residual = 0.00024662602, Final residual = 2.2320317e-06, No Iterations 4
time step continuity errors : sum local = 2.0493213e-05, global = 2.466531e-07, cumulative = 0.00035803439
smoothSolver:  Solving for omega, Initial residual = 0.00042565803, Final residual = 3.6458407e-06, No Iterations 2
smoothSolver:  Solving for k, Initial residual = 0.0026431344, Final residual = 2.9460345e-05, No Iterations 2
bounding k, min: 9.1056062e-17 max: 0.34508443 average: 0.061377803
ExecutionTime = 571.49393 s  ClockTime = 572 s

Time = 426s

smoothSolver:  Solving for Ux, Initial residual = 0.0010870354, Final residual = 1.640345e-05, No Iterations 3
smoothSolver:  Solving for Uy, Initial residual = 0.010521574, Final residual = 0.00016379348, No Iterations 3
smoothSolver:  Solving for Uz, Initial residual = 0.010124227, Final residual = 0.00014444076, No Iterations 3
GAMG:  Solving for p, Initial residual = 0.010451276, Final residual = 7.5390213e-05, No Iterations 3
GAMG:  Solving for p, Initial residual = 0.00024540994, Final residual = 2.3198064e-06, No Iterations 4
time step continuity errors : sum local = 2.1292385e-05, global = 8.8217371e-07, cumulative = 0.00035891656
smoothSolver:  Solving for omega, Initial residual = 0.00042088305, Final residual = 3.5778251e-06, No Iterations 2
smoothSolver:  Solving for k, Initial residual = 0.0026182112, Final residual = 2.9246657e-05, No Iterations 2
bounding k, min: 9.1254743e-17 max: 0.34473073 average: 0.061351671
ExecutionTime = 572.64812 s  ClockTime = 573 s

Time = 427s

smoothSolver:  Solving for Ux, Initial residual = 0.0010836104, Final residual = 1.6379183e-05, No Iterations 3
smoothSolver:  Solving for Uy, Initial residual = 0.010457491, Final residual = 0.00016281144, No Iterations 3
smoothSolver:  Solving for Uz, Initial residual = 0.010082336, Final residual = 0.00014400203, No Iterations 3
GAMG:  Solving for p, Initial residual = 0.010404622, Final residual = 7.6621679e-05, No Iterations 3
GAMG:  Solving for p, Initial residual = 0.00024381513, Final residual = 2.2820465e-06, No Iterations 4
time step continuity errors : sum local = 2.0944286e-05, global = 2.1984556e-06, cumulative = 0.00036111502
smoothSolver:  Solving for omega, Initial residual = 0.00041753412, Final residual = 3.4888174e-06, No Iterations 2
smoothSolver:  Solving for k, Initial residual = 0.0025945909, Final residual = 2.899139e-05, No Iterations 2
bounding k, min: 9.1001946e-17 max: 0.34432372 average: 0.061325539
ExecutionTime = 573.84915 s  ClockTime = 575 s

Time = 428s

smoothSolver:  Solving for Ux, Initial residual = 0.0010808299, Final residual = 1.6364764e-05, No Iterations 3
smoothSolver:  Solving for Uy, Initial residual = 0.010394132, Final residual = 0.00016174395, No Iterations 3
smoothSolver:  Solving for Uz, Initial residual = 0.010048238, Final residual = 0.00014361974, No Iterations 3
GAMG:  Solving for p, Initial residual = 0.01039212, Final residual = 7.8299746e-05, No Iterations 3
GAMG:  Solving for p, Initial residual = 0.00024137201, Final residual = 2.2490476e-06, No Iterations 4
time step continuity errors : sum local = 2.0635397e-05, global = 2.5993391e-06, cumulative = 0.00036371436
smoothSolver:  Solving for omega, Initial residual = 0.00041951471, Final residual = 3.6315555e-06, No Iterations 2
smoothSolver:  Solving for k, Initial residual = 0.0025742628, Final residual = 2.8807887e-05, No Iterations 2
bounding k, min: 9.085309e-17 max: 0.34382508 average: 0.06129988
ExecutionTime = 575.03253 s  ClockTime = 576 s

Time = 429s

smoothSolver:  Solving for Ux, Initial residual = 0.0010785875, Final residual = 1.6358194e-05, No Iterations 3
smoothSolver:  Solving for Uy, Initial residual = 0.010328429, Final residual = 0.00016064419, No Iterations 3
smoothSolver:  Solving for Uz, Initial residual = 0.010020752, Final residual = 0.00014326552, No Iterations 3
GAMG:  Solving for p, Initial residual = 0.010413832, Final residual = 7.9756252e-05, No Iterations 3
GAMG:  Solving for p, Initial residual = 0.00023846149, Final residual = 2.1667138e-06, No Iterations 4
time step continuity errors : sum local = 1.9881498e-05, global = 2.6721113e-06, cumulative = 0.00036638647
smoothSolver:  Solving for omega, Initial residual = 0.00042579261, Final residual = 3.6896443e-06, No Iterations 2
smoothSolver:  Solving for k, Initial residual = 0.0025524936, Final residual = 2.8573307e-05, No Iterations 2
bounding k, min: 9.0793275e-17 max: 0.34335355 average: 0.061275138
ExecutionTime = 576.20362 s  ClockTime = 577 s

Time = 430s

smoothSolver:  Solving for Ux, Initial residual = 0.0010769072, Final residual = 1.6357937e-05, No Iterations 3
smoothSolver:  Solving for Uy, Initial residual = 0.010265631, Final residual = 0.00015953928, No Iterations 3
smoothSolver:  Solving for Uz, Initial residual = 0.010002088, Final residual = 0.00014294244, No Iterations 3
GAMG:  Solving for p, Initial residual = 0.010499869, Final residual = 8.212656e-05, No Iterations 3
GAMG:  Solving for p, Initial residual = 0.00023679961, Final residual = 2.1022542e-06, No Iterations 4
time step continuity errors : sum local = 1.9255352e-05, global = 2.6030901e-06, cumulative = 0.00036898956
smoothSolver:  Solving for omega, Initial residual = 0.0004206731, Final residual = 3.6057846e-06, No Iterations 2
smoothSolver:  Solving for k, Initial residual = 0.0025315343, Final residual = 2.8387434e-05, No Iterations 2
bounding k, min: 9.0774258e-17 max: 0.34295153 average: 0.061250607
ExecutionTime = 577.36005 s  ClockTime = 578 s

Time = 431s

smoothSolver:  Solving for Ux, Initial residual = 0.0010755955, Final residual = 1.636284e-05, No Iterations 3
smoothSolver:  Solving for Uy, Initial residual = 0.010203178, Final residual = 0.00015840771, No Iterations 3
smoothSolver:  Solving for Uz, Initial residual = 0.0099968652, Final residual = 0.00014274276, No Iterations 3
GAMG:  Solving for p, Initial residual = 0.010581692, Final residual = 8.3856844e-05, No Iterations 3
GAMG:  Solving for p, Initial residual = 0.00023459687, Final residual = 2.0840163e-06, No Iterations 4
time step continuity errors : sum local = 1.9089015e-05, global = 2.2836181e-06, cumulative = 0.00037127318
smoothSolver:  Solving for omega, Initial residual = 0.00041567005, Final residual = 3.583148e-06, No Iterations 2
smoothSolver:  Solving for k, Initial residual = 0.0025235679, Final residual = 2.8360688e-05, No Iterations 2
bounding k, min: 9.0749456e-17 max: 0.34248921 average: 0.061226238
ExecutionTime = 578.53041 s  ClockTime = 579 s

Time = 432s

smoothSolver:  Solving for Ux, Initial residual = 0.0010747847, Final residual = 1.6371411e-05, No Iterations 3
smoothSolver:  Solving for Uy, Initial residual = 0.010151949, Final residual = 0.00015728678, No Iterations 3
smoothSolver:  Solving for Uz, Initial residual = 0.010002899, Final residual = 0.00014263367, No Iterations 3
GAMG:  Solving for p, Initial residual = 0.010687008, Final residual = 8.5784076e-05, No Iterations 3
GAMG:  Solving for p, Initial residual = 0.00023216034, Final residual = 2.0168506e-06, No Iterations 4
time step continuity errors : sum local = 1.847889e-05, global = 2.12259e-06, cumulative = 0.00037339577
smoothSolver:  Solving for omega, Initial residual = 0.00041395367, Final residual = 3.5150613e-06, No Iterations 2
smoothSolver:  Solving for k, Initial residual = 0.0024987253, Final residual = 2.8029487e-05, No Iterations 2
bounding k, min: 9.0755435e-17 max: 0.3421245 average: 0.061203546
ExecutionTime = 579.67753 s  ClockTime = 580 s

Time = 433s

smoothSolver:  Solving for Ux, Initial residual = 0.001073999, Final residual = 1.6386529e-05, No Iterations 3
smoothSolver:  Solving for Uy, Initial residual = 0.010088312, Final residual = 0.00015620727, No Iterations 3
smoothSolver:  Solving for Uz, Initial residual = 0.010006019, Final residual = 0.00014245611, No Iterations 3
GAMG:  Solving for p, Initial residual = 0.010786286, Final residual = 8.7484229e-05, No Iterations 3
GAMG:  Solving for p, Initial residual = 0.00023078597, Final residual = 1.9736113e-06, No Iterations 4
time step continuity errors : sum local = 1.8071495e-05, global = 1.9153247e-06, cumulative = 0.00037531109
smoothSolver:  Solving for omega, Initial residual = 0.00041656904, Final residual = 3.481453e-06, No Iterations 2
smoothSolver:  Solving for k, Initial residual = 0.0024776627, Final residual = 2.7836652e-05, No Iterations 2
bounding k, min: 9.0746386e-17 max: 0.34164578 average: 0.061181375
ExecutionTime = 581.02867 s  ClockTime = 582 s

Time = 434s

smoothSolver:  Solving for Ux, Initial residual = 0.001073435, Final residual = 1.6404474e-05, No Iterations 3
smoothSolver:  Solving for Uy, Initial residual = 0.010032261, Final residual = 0.00015518265, No Iterations 3
smoothSolver:  Solving for Uz, Initial residual = 0.010012937, Final residual = 0.0001423715, No Iterations 3
GAMG:  Solving for p, Initial residual = 0.010832034, Final residual = 8.918143e-05, No Iterations 3
GAMG:  Solving for p, Initial residual = 0.00022950094, Final residual = 1.9162328e-06, No Iterations 4
time step continuity errors : sum local = 1.7535998e-05, global = 1.7711611e-06, cumulative = 0.00037708225
smoothSolver:  Solving for omega, Initial residual = 0.00041868012, Final residual = 3.6072365e-06, No Iterations 2
smoothSolver:  Solving for k, Initial residual = 0.0024577517, Final residual = 2.7674045e-05, No Iterations 2
bounding k, min: 9.0743235e-17 max: 0.34107127 average: 0.0611603
ExecutionTime = 582.49138 s  ClockTime = 583 s

Time = 435s

smoothSolver:  Solving for Ux, Initial residual = 0.0010729491, Final residual = 1.6425266e-05, No Iterations 3
smoothSolver:  Solving for Uy, Initial residual = 0.0099814847, Final residual = 0.00015420258, No Iterations 3
smoothSolver:  Solving for Uz, Initial residual = 0.01002733, Final residual = 0.00014237778, No Iterations 3
GAMG:  Solving for p, Initial residual = 0.010842183, Final residual = 9.044363e-05, No Iterations 3
GAMG:  Solving for p, Initial residual = 0.00022923161, Final residual = 1.8895872e-06, No Iterations 4
time step continuity errors : sum local = 1.7302081e-05, global = 1.6660694e-06, cumulative = 0.00037874832
smoothSolver:  Solving for omega, Initial residual = 0.00041696907, Final residual = 3.5831999e-06, No Iterations 2
smoothSolver:  Solving for k, Initial residual = 0.0024426497, Final residual = 2.7524895e-05, No Iterations 2
bounding k, min: 9.0743729e-17 max: 0.34058304 average: 0.061139919
ExecutionTime = 583.95326 s  ClockTime = 585 s

Time = 436s

smoothSolver:  Solving for Ux, Initial residual = 0.0010726976, Final residual = 1.6449192e-05, No Iterations 3
smoothSolver:  Solving for Uy, Initial residual = 0.0099335803, Final residual = 0.00015319287, No Iterations 3
smoothSolver:  Solving for Uz, Initial residual = 0.010044065, Final residual = 0.00014258081, No Iterations 3
GAMG:  Solving for p, Initial residual = 0.010866203, Final residual = 9.2118628e-05, No Iterations 3
GAMG:  Solving for p, Initial residual = 0.00022987507, Final residual = 1.8968291e-06, No Iterations 4
time step continuity errors : sum local = 1.7338312e-05, global = 1.5987477e-06, cumulative = 0.00038034707
smoothSolver:  Solving for omega, Initial residual = 0.00041292389, Final residual = 3.5499999e-06, No Iterations 2
smoothSolver:  Solving for k, Initial residual = 0.0024230411, Final residual = 2.7360261e-05, No Iterations 2
bounding k, min: 9.0747989e-17 max: 0.33995796 average: 0.061120732
ExecutionTime = 585.58245 s  ClockTime = 586 s

Time = 437s

smoothSolver:  Solving for Ux, Initial residual = 0.001072596, Final residual = 1.6476244e-05, No Iterations 3
smoothSolver:  Solving for Uy, Initial residual = 0.0098870494, Final residual = 0.00015220338, No Iterations 3
smoothSolver:  Solving for Uz, Initial residual = 0.010061265, Final residual = 0.0001427388, No Iterations 3
GAMG:  Solving for p, Initial residual = 0.010888139, Final residual = 9.411661e-05, No Iterations 3
GAMG:  Solving for p, Initial residual = 0.00023249613, Final residual = 1.8412553e-06, No Iterations 4
time step continuity errors : sum local = 1.6798968e-05, global = 1.6114325e-06, cumulative = 0.0003819585
smoothSolver:  Solving for omega, Initial residual = 0.00041415661, Final residual = 3.581665e-06, No Iterations 2
smoothSolver:  Solving for k, Initial residual = 0.0024063884, Final residual = 2.7221772e-05, No Iterations 2
bounding k, min: 9.0749638e-17 max: 0.33929454 average: 0.061102325
ExecutionTime = 587.20502 s  ClockTime = 588 s

Time = 438s

smoothSolver:  Solving for Ux, Initial residual = 0.0010726384, Final residual = 1.6500468e-05, No Iterations 3
smoothSolver:  Solving for Uy, Initial residual = 0.0098455901, Final residual = 0.00015124513, No Iterations 3
smoothSolver:  Solving for Uz, Initial residual = 0.010082062, Final residual = 0.00014297447, No Iterations 3
GAMG:  Solving for p, Initial residual = 0.010910303, Final residual = 9.6282681e-05, No Iterations 3
GAMG:  Solving for p, Initial residual = 0.00023618706, Final residual = 1.9060273e-06, No Iterations 4
time step continuity errors : sum local = 1.7393429e-05, global = 1.5022453e-06, cumulative = 0.00038346075
smoothSolver:  Solving for omega, Initial residual = 0.00041231608, Final residual = 3.5124317e-06, No Iterations 2
smoothSolver:  Solving for k, Initial residual = 0.0023899139, Final residual = 2.7076493e-05, No Iterations 2
bounding k, min: 9.0746148e-17 max: 0.33866557 average: 0.061085178
ExecutionTime = 588.76758 s  ClockTime = 590 s

Time = 439s

smoothSolver:  Solving for Ux, Initial residual = 0.001072756, Final residual = 1.6523332e-05, No Iterations 3
smoothSolver:  Solving for Uy, Initial residual = 0.0098137722, Final residual = 0.00015038233, No Iterations 3
smoothSolver:  Solving for Uz, Initial residual = 0.010108575, Final residual = 0.00014323926, No Iterations 3
GAMG:  Solving for p, Initial residual = 0.010923093, Final residual = 9.9251032e-05, No Iterations 3
GAMG:  Solving for p, Initial residual = 0.00024169395, Final residual = 1.9395995e-06, No Iterations 4
time step continuity errors : sum local = 1.7705763e-05, global = 1.4882955e-06, cumulative = 0.00038494904
smoothSolver:  Solving for omega, Initial residual = 0.00040997469, Final residual = 3.4754143e-06, No Iterations 2
smoothSolver:  Solving for k, Initial residual = 0.0023760165, Final residual = 2.6940686e-05, No Iterations 2
bounding k, min: 9.0743782e-17 max: 0.33789643 average: 0.061069073
ExecutionTime = 590.24259 s  ClockTime = 591 s

Time = 440s

smoothSolver:  Solving for Ux, Initial residual = 0.0010729076, Final residual = 1.6540091e-05, No Iterations 3
smoothSolver:  Solving for Uy, Initial residual = 0.0097873382, Final residual = 0.00014952965, No Iterations 3
smoothSolver:  Solving for Uz, Initial residual = 0.010136865, Final residual = 0.00014362289, No Iterations 3
GAMG:  Solving for p, Initial residual = 0.010961001, Final residual = 0.00010217595, No Iterations 3
GAMG:  Solving for p, Initial residual = 0.0002480049, Final residual = 1.9960236e-06, No Iterations 4
time step continuity errors : sum local = 1.8227842e-05, global = 1.4460644e-06, cumulative = 0.00038639511
smoothSolver:  Solving for omega, Initial residual = 0.0004131626, Final residual = 3.5916663e-06, No Iterations 2
smoothSolver:  Solving for k, Initial residual = 0.0023616911, Final residual = 2.6820007e-05, No Iterations 2
bounding k, min: 9.0741511e-17 max: 0.33716849 average: 0.06105418
ExecutionTime = 591.77561 s  ClockTime = 593 s

Time = 441s

smoothSolver:  Solving for Ux, Initial residual = 0.0010729166, Final residual = 1.6553801e-05, No Iterations 3
smoothSolver:  Solving for Uy, Initial residual = 0.0097607248, Final residual = 0.00014872841, No Iterations 3
smoothSolver:  Solving for Uz, Initial residual = 0.010169098, Final residual = 0.00014397094, No Iterations 3
GAMG:  Solving for p, Initial residual = 0.011066302, Final residual = 0.00010530818, No Iterations 3
GAMG:  Solving for p, Initial residual = 0.00025773765, Final residual = 2.0473185e-06, No Iterations 4
time step continuity errors : sum local = 1.8706429e-05, global = 1.4089615e-06, cumulative = 0.00038780407
smoothSolver:  Solving for omega, Initial residual = 0.00041961827, Final residual = 3.5861114e-06, No Iterations 2
smoothSolver:  Solving for k, Initial residual = 0.00234811, Final residual = 2.6664408e-05, No Iterations 2
bounding k, min: 9.0742816e-17 max: 0.33640432 average: 0.061040271
ExecutionTime = 593.30714 s  ClockTime = 594 s

Time = 442s

smoothSolver:  Solving for Ux, Initial residual = 0.0010727888, Final residual = 1.6557601e-05, No Iterations 3
smoothSolver:  Solving for Uy, Initial residual = 0.0097399476, Final residual = 0.00014805002, No Iterations 3
smoothSolver:  Solving for Uz, Initial residual = 0.010196217, Final residual = 0.00014421816, No Iterations 3
GAMG:  Solving for p, Initial residual = 0.011186712, Final residual = 0.00010779577, No Iterations 3
GAMG:  Solving for p, Initial residual = 0.00026852886, Final residual = 2.1064178e-06, No Iterations 4
time step continuity errors : sum local = 1.9252925e-05, global = 1.4382328e-06, cumulative = 0.0003892423
smoothSolver:  Solving for omega, Initial residual = 0.00041849997, Final residual = 3.5524573e-06, No Iterations 2
smoothSolver:  Solving for k, Initial residual = 0.0023347865, Final residual = 2.6531982e-05, No Iterations 2
bounding k, min: 9.0749681e-17 max: 0.33550798 average: 0.061026806
ExecutionTime = 594.39601 s  ClockTime = 595 s

Time = 443s

smoothSolver:  Solving for Ux, Initial residual = 0.0010726112, Final residual = 1.6555039e-05, No Iterations 3
smoothSolver:  Solving for Uy, Initial residual = 0.0097211959, Final residual = 0.00014729344, No Iterations 3
smoothSolver:  Solving for Uz, Initial residual = 0.01022285, Final residual = 0.00014442489, No Iterations 3
GAMG:  Solving for p, Initial residual = 0.011323626, Final residual = 0.0001111823, No Iterations 3
GAMG:  Solving for p, Initial residual = 0.00028022042, Final residual = 2.1972992e-06, No Iterations 4
time step continuity errors : sum local = 2.0087421e-05, global = 1.4219202e-06, cumulative = 0.00039066422
smoothSolver:  Solving for omega, Initial residual = 0.00041427669, Final residual = 3.553793e-06, No Iterations 2
smoothSolver:  Solving for k, Initial residual = 0.0023196589, Final residual = 2.6371504e-05, No Iterations 2
bounding k, min: 9.0749758e-17 max: 0.3347499 average: 0.061014758
ExecutionTime = 595.64631 s  ClockTime = 596 s

Time = 444s

smoothSolver:  Solving for Ux, Initial residual = 0.0010721141, Final residual = 1.6542748e-05, No Iterations 3
smoothSolver:  Solving for Uy, Initial residual = 0.009701681, Final residual = 0.0001465969, No Iterations 3
smoothSolver:  Solving for Uz, Initial residual = 0.010244523, Final residual = 0.0001445179, No Iterations 3
GAMG:  Solving for p, Initial residual = 0.01148329, Final residual = 0.00011375706, No Iterations 3
GAMG:  Solving for p, Initial residual = 0.00029039607, Final residual = 2.2749706e-06, No Iterations 4
time step continuity errors : sum local = 2.0803358e-05, global = 1.3752718e-06, cumulative = 0.00039203949
smoothSolver:  Solving for omega, Initial residual = 0.00041305452, Final residual = 3.4813142e-06, No Iterations 2
smoothSolver:  Solving for k, Initial residual = 0.002307933, Final residual = 2.6239758e-05, No Iterations 2
bounding k, min: 9.07479e-17 max: 0.33384103 average: 0.061003438
ExecutionTime = 596.87101 s  ClockTime = 598 s

Time = 445s

smoothSolver:  Solving for Ux, Initial residual = 0.0010714537, Final residual = 1.6524596e-05, No Iterations 3
smoothSolver:  Solving for Uy, Initial residual = 0.0096781646, Final residual = 0.00014581744, No Iterations 3
smoothSolver:  Solving for Uz, Initial residual = 0.010262571, Final residual = 0.00014458182, No Iterations 3
GAMG:  Solving for p, Initial residual = 0.011660077, Final residual = 0.00011565861, No Iterations 3
GAMG:  Solving for p, Initial residual = 0.00029840326, Final residual = 2.2855646e-06, No Iterations 4
time step continuity errors : sum local = 2.0907368e-05, global = 1.3117332e-06, cumulative = 0.00039335123
smoothSolver:  Solving for omega, Initial residual = 0.00041658808, Final residual = 3.4360659e-06, No Iterations 2
smoothSolver:  Solving for k, Initial residual = 0.0022946009, Final residual = 2.6067331e-05, No Iterations 2
bounding k, min: 9.074879e-17 max: 0.33290285 average: 0.060992437
ExecutionTime = 598.36981 s  ClockTime = 599 s

Time = 446s

smoothSolver:  Solving for Ux, Initial residual = 0.0010704866, Final residual = 1.6497958e-05, No Iterations 3
smoothSolver:  Solving for Uy, Initial residual = 0.0096523516, Final residual = 0.00014502919, No Iterations 3
smoothSolver:  Solving for Uz, Initial residual = 0.010278086, Final residual = 0.0001445872, No Iterations 3
GAMG:  Solving for p, Initial residual = 0.011794677, Final residual = 0.00011617979, No Iterations 3
GAMG:  Solving for p, Initial residual = 0.00030381377, Final residual = 2.3752713e-06, No Iterations 4
time step continuity errors : sum local = 2.1732257e-05, global = 1.2309694e-06, cumulative = 0.0003945822
smoothSolver:  Solving for omega, Initial residual = 0.00041864065, Final residual = 3.5382977e-06, No Iterations 2
smoothSolver:  Solving for k, Initial residual = 0.002281872, Final residual = 2.5906373e-05, No Iterations 2
bounding k, min: 9.0756492e-17 max: 0.33201735 average: 0.060982046
ExecutionTime = 599.97669 s  ClockTime = 601 s

Time = 447s

smoothSolver:  Solving for Ux, Initial residual = 0.0010693098, Final residual = 1.6467514e-05, No Iterations 3
smoothSolver:  Solving for Uy, Initial residual = 0.0096223063, Final residual = 0.00014416769, No Iterations 3
smoothSolver:  Solving for Uz, Initial residual = 0.010291351, Final residual = 0.00014455145, No Iterations 3
GAMG:  Solving for p, Initial residual = 0.011905467, Final residual = 0.00011689516, No Iterations 3
GAMG:  Solving for p, Initial residual = 0.00030831094, Final residual = 2.3166729e-06, No Iterations 4
time step continuity errors : sum local = 2.1199703e-05, global = 1.071938e-06, cumulative = 0.00039565413
smoothSolver:  Solving for omega, Initial residual = 0.00041983825, Final residual = 3.5583445e-06, No Iterations 2
smoothSolver:  Solving for k, Initial residual = 0.0022723618, Final residual = 2.5797241e-05, No Iterations 2
bounding k, min: 9.0777075e-17 max: 0.33098181 average: 0.060972019
ExecutionTime = 601.42796 s  ClockTime = 602 s

Time = 448s

smoothSolver:  Solving for Ux, Initial residual = 0.0010680449, Final residual = 1.642935e-05, No Iterations 3
smoothSolver:  Solving for Uy, Initial residual = 0.0095907241, Final residual = 0.0001432787, No Iterations 3
smoothSolver:  Solving for Uz, Initial residual = 0.010300615, Final residual = 0.00014446108, No Iterations 3
GAMG:  Solving for p, Initial residual = 0.012005676, Final residual = 0.0001182863, No Iterations 3
GAMG:  Solving for p, Initial residual = 0.00031160418, Final residual = 2.3139622e-06, No Iterations 4
time step continuity errors : sum local = 2.1177191e-05, global = 9.9593883e-07, cumulative = 0.00039665007
smoothSolver:  Solving for omega, Initial residual = 0.00041911104, Final residual = 3.5373052e-06, No Iterations 2
smoothSolver:  Solving for k, Initial residual = 0.0022624537, Final residual = 2.5612389e-05, No Iterations 2
bounding k, min: 9.0821599e-17 max: 0.33003615 average: 0.060962263
ExecutionTime = 602.78288 s  ClockTime = 604 s

Time = 449s

smoothSolver:  Solving for Ux, Initial residual = 0.0010665751, Final residual = 1.6387133e-05, No Iterations 3
smoothSolver:  Solving for Uy, Initial residual = 0.0095577052, Final residual = 0.00014242257, No Iterations 3
smoothSolver:  Solving for Uz, Initial residual = 0.010303872, Final residual = 0.00014428948, No Iterations 3
GAMG:  Solving for p, Initial residual = 0.012123249, Final residual = 0.00011958346, No Iterations 3
GAMG:  Solving for p, Initial residual = 0.00031339871, Final residual = 2.224883e-06, No Iterations 4
time step continuity errors : sum local = 2.0362435e-05, global = 8.2047754e-07, cumulative = 0.00039747055
smoothSolver:  Solving for omega, Initial residual = 0.00042128788, Final residual = 3.5442701e-06, No Iterations 2
smoothSolver:  Solving for k, Initial residual = 0.0022540656, Final residual = 2.5495851e-05, No Iterations 2
bounding k, min: 9.0812024e-17 max: 0.32902416 average: 0.060952539
ExecutionTime = 604.05368 s  ClockTime = 605 s

Time = 450s

smoothSolver:  Solving for Ux, Initial residual = 0.001064827, Final residual = 1.6338644e-05, No Iterations 3
smoothSolver:  Solving for Uy, Initial residual = 0.009530732, Final residual = 0.0001414917, No Iterations 3
smoothSolver:  Solving for Uz, Initial residual = 0.010308007, Final residual = 0.00014423462, No Iterations 3
GAMG:  Solving for p, Initial residual = 0.012231719, Final residual = 0.00012015189, No Iterations 3
GAMG:  Solving for p, Initial residual = 0.00031439544, Final residual = 2.102791e-06, No Iterations 4
time step continuity errors : sum local = 1.9252479e-05, global = 6.78269e-07, cumulative = 0.00039814882
smoothSolver:  Solving for omega, Initial residual = 0.0004182415, Final residual = 3.4654638e-06, No Iterations 2
smoothSolver:  Solving for k, Initial residual = 0.002249141, Final residual = 2.5334487e-05, No Iterations 2
bounding k, min: 9.0842943e-17 max: 0.3279377 average: 0.060942946
ExecutionTime = 605.22965 s  ClockTime = 606 s

Time = 451s

smoothSolver:  Solving for Ux, Initial residual = 0.0010626901, Final residual = 1.6284332e-05, No Iterations 3
smoothSolver:  Solving for Uy, Initial residual = 0.0095008349, Final residual = 0.00014065789, No Iterations 3
smoothSolver:  Solving for Uz, Initial residual = 0.010303036, Final residual = 0.00014403163, No Iterations 3
GAMG:  Solving for p, Initial residual = 0.012364813, Final residual = 0.00012022546, No Iterations 3
GAMG:  Solving for p, Initial residual = 0.00031316664, Final residual = 1.930729e-06, No Iterations 4
time step continuity errors : sum local = 1.7680199e-05, global = 4.7432893e-07, cumulative = 0.00039862315
smoothSolver:  Solving for omega, Initial residual = 0.00041772906, Final residual = 3.4778124e-06, No Iterations 2
smoothSolver:  Solving for k, Initial residual = 0.0022365134, Final residual = 2.5117186e-05, No Iterations 2
bounding k, min: 9.0925784e-17 max: 0.32693787 average: 0.060934168
ExecutionTime = 606.55335 s  ClockTime = 607 s

Time = 452s

smoothSolver:  Solving for Ux, Initial residual = 0.0010600103, Final residual = 1.6223507e-05, No Iterations 3
smoothSolver:  Solving for Uy, Initial residual = 0.009471817, Final residual = 0.0001398014, No Iterations 3
smoothSolver:  Solving for Uz, Initial residual = 0.010299196, Final residual = 0.0001438496, No Iterations 3
GAMG:  Solving for p, Initial residual = 0.012494139, Final residual = 0.00011994563, No Iterations 3
GAMG:  Solving for p, Initial residual = 0.00031325011, Final residual = 1.8232854e-06, No Iterations 4
time step continuity errors : sum local = 1.6700709e-05, global = 6.7862197e-07, cumulative = 0.00039930177
smoothSolver:  Solving for omega, Initial residual = 0.00042097814, Final residual = 3.5669938e-06, No Iterations 2
smoothSolver:  Solving for k, Initial residual = 0.0022314237, Final residual = 2.5025622e-05, No Iterations 2
bounding k, min: 9.1078746e-17 max: 0.32579669 average: 0.060924469
ExecutionTime = 607.90132 s  ClockTime = 609 s

Time = 453s

smoothSolver:  Solving for Ux, Initial residual = 0.0010572834, Final residual = 1.6157808e-05, No Iterations 3
smoothSolver:  Solving for Uy, Initial residual = 0.0094478929, Final residual = 0.00013889152, No Iterations 3
smoothSolver:  Solving for Uz, Initial residual = 0.010293046, Final residual = 0.00014360972, No Iterations 3
GAMG:  Solving for p, Initial residual = 0.012628183, Final residual = 0.0001196812, No Iterations 3
GAMG:  Solving for p, Initial residual = 0.00031239367, Final residual = 1.6774803e-06, No Iterations 4
time step continuity errors : sum local = 1.5368963e-05, global = 7.7669192e-07, cumulative = 0.00040007846
smoothSolver:  Solving for omega, Initial residual = 0.00042667024, Final residual = 3.5695299e-06, No Iterations 2
smoothSolver:  Solving for k, Initial residual = 0.0022220134, Final residual = 2.4774131e-05, No Iterations 2
bounding k, min: 9.1316364e-17 max: 0.32473486 average: 0.060915447
ExecutionTime = 609.20312 s  ClockTime = 610 s

Time = 454s

smoothSolver:  Solving for Ux, Initial residual = 0.0010540779, Final residual = 1.6088098e-05, No Iterations 3
smoothSolver:  Solving for Uy, Initial residual = 0.0094180031, Final residual = 0.00013807014, No Iterations 3
smoothSolver:  Solving for Uz, Initial residual = 0.010277119, Final residual = 0.00014331296, No Iterations 3
GAMG:  Solving for p, Initial residual = 0.012731925, Final residual = 0.00011912289, No Iterations 3
GAMG:  Solving for p, Initial residual = 0.00031092491, Final residual = 1.5815661e-06, No Iterations 4
time step continuity errors : sum local = 1.4501206e-05, global = 8.306531e-07, cumulative = 0.00040090912
smoothSolver:  Solving for omega, Initial residual = 0.00042401786, Final residual = 3.5136598e-06, No Iterations 2
smoothSolver:  Solving for k, Initial residual = 0.00220974, Final residual = 2.453769e-05, No Iterations 2
bounding k, min: 9.1308536e-17 max: 0.32360924 average: 0.06090677
ExecutionTime = 610.51046 s  ClockTime = 611 s

Time = 455s

smoothSolver:  Solving for Ux, Initial residual = 0.0010511016, Final residual = 1.6016443e-05, No Iterations 3
smoothSolver:  Solving for Uy, Initial residual = 0.0093853929, Final residual = 0.00013721036, No Iterations 3
smoothSolver:  Solving for Uz, Initial residual = 0.010258202, Final residual = 0.00014294361, No Iterations 3
GAMG:  Solving for p, Initial residual = 0.012805273, Final residual = 0.00011802557, No Iterations 3
GAMG:  Solving for p, Initial residual = 0.00030777555, Final residual = 1.4984496e-06, No Iterations 4
time step continuity errors : sum local = 1.3750088e-05, global = 5.4098639e-07, cumulative = 0.0004014501
smoothSolver:  Solving for omega, Initial residual = 0.00042339961, Final residual = 3.5439034e-06, No Iterations 2
smoothSolver:  Solving for k, Initial residual = 0.0022005575, Final residual = 2.4372169e-05, No Iterations 2
bounding k, min: 9.1352451e-17 max: 0.32243527 average: 0.060898137
ExecutionTime = 611.65143 s  ClockTime = 612 s

Time = 456s

smoothSolver:  Solving for Ux, Initial residual = 0.0010473187, Final residual = 1.5939945e-05, No Iterations 3
smoothSolver:  Solving for Uy, Initial residual = 0.0093520862, Final residual = 0.00013636991, No Iterations 3
smoothSolver:  Solving for Uz, Initial residual = 0.010233305, Final residual = 0.00014253693, No Iterations 3
GAMG:  Solving for p, Initial residual = 0.01287867, Final residual = 0.00011722745, No Iterations 3
GAMG:  Solving for p, Initial residual = 0.00030700683, Final residual = 1.4365442e-06, No Iterations 4
time step continuity errors : sum local = 1.3194917e-05, global = -3.1663957e-07, cumulative = 0.00040113346
smoothSolver:  Solving for omega, Initial residual = 0.00042194362, Final residual = 3.5262671e-06, No Iterations 2
smoothSolver:  Solving for k, Initial residual = 0.0021938202, Final residual = 2.4198241e-05, No Iterations 2
bounding k, min: 9.1506448e-17 max: 0.32132168 average: 0.060889298
ExecutionTime = 612.81964 s  ClockTime = 614 s

Time = 457s

smoothSolver:  Solving for Ux, Initial residual = 0.0010437952, Final residual = 1.5861403e-05, No Iterations 3
smoothSolver:  Solving for Uy, Initial residual = 0.0093202923, Final residual = 0.000135549, No Iterations 3
smoothSolver:  Solving for Uz, Initial residual = 0.010200794, Final residual = 0.00014207603, No Iterations 3
GAMG:  Solving for p, Initial residual = 0.012917045, Final residual = 0.00011632163, No Iterations 3
GAMG:  Solving for p, Initial residual = 0.00030527173, Final residual = 1.372236e-06, No Iterations 4
time step continuity errors : sum local = 1.2617098e-05, global = -9.3864472e-07, cumulative = 0.00040019482
smoothSolver:  Solving for omega, Initial residual = 0.00042460044, Final residual = 3.4685645e-06, No Iterations 2
smoothSolver:  Solving for k, Initial residual = 0.0021878443, Final residual = 2.4041207e-05, No Iterations 2
bounding k, min: 9.1695862e-17 max: 0.32014998 average: 0.060880117
ExecutionTime = 614.00684 s  ClockTime = 615 s

Time = 458s

smoothSolver:  Solving for Ux, Initial residual = 0.0010398758, Final residual = 1.5777298e-05, No Iterations 3
smoothSolver:  Solving for Uy, Initial residual = 0.0092951807, Final residual = 0.00013477923, No Iterations 3
smoothSolver:  Solving for Uz, Initial residual = 0.010169785, Final residual = 0.00014158705, No Iterations 3
GAMG:  Solving for p, Initial residual = 0.012910135, Final residual = 0.00011526967, No Iterations 3
GAMG:  Solving for p, Initial residual = 0.00030247413, Final residual = 1.3841107e-06, No Iterations 4
time step continuity errors : sum local = 1.2740596e-05, global = -8.2104346e-07, cumulative = 0.00039937377
smoothSolver:  Solving for omega, Initial residual = 0.00042560812, Final residual = 3.5799561e-06, No Iterations 2
smoothSolver:  Solving for k, Initial residual = 0.0021808959, Final residual = 2.3833972e-05, No Iterations 2
bounding k, min: 9.15333e-17 max: 0.31901689 average: 0.060870841
ExecutionTime = 615.20786 s  ClockTime = 616 s

Time = 459s

smoothSolver:  Solving for Ux, Initial residual = 0.0010361073, Final residual = 1.5690822e-05, No Iterations 3
smoothSolver:  Solving for Uy, Initial residual = 0.0092658943, Final residual = 0.0001340355, No Iterations 3
smoothSolver:  Solving for Uz, Initial residual = 0.010135641, Final residual = 0.00014111745, No Iterations 3
GAMG:  Solving for p, Initial residual = 0.012937636, Final residual = 0.00011459213, No Iterations 3
GAMG:  Solving for p, Initial residual = 0.00030035855, Final residual = 1.4010722e-06, No Iterations 4
time step continuity errors : sum local = 1.2907836e-05, global = -5.4437506e-07, cumulative = 0.0003988294
smoothSolver:  Solving for omega, Initial residual = 0.00042613071, Final residual = 3.5690716e-06, No Iterations 2
smoothSolver:  Solving for k, Initial residual = 0.0021770341, Final residual = 2.3709699e-05, No Iterations 2
bounding k, min: 9.151236e-17 max: 0.31799652 average: 0.060861424
ExecutionTime = 616.30582 s  ClockTime = 617 s

Time = 460s

smoothSolver:  Solving for Ux, Initial residual = 0.0010321197, Final residual = 1.5599249e-05, No Iterations 3
smoothSolver:  Solving for Uy, Initial residual = 0.0092429771, Final residual = 0.00013337369, No Iterations 3
smoothSolver:  Solving for Uz, Initial residual = 0.010103926, Final residual = 0.00014059311, No Iterations 3
GAMG:  Solving for p, Initial residual = 0.012966892, Final residual = 0.00011393188, No Iterations 3
GAMG:  Solving for p, Initial residual = 0.00029973246, Final residual = 1.4523213e-06, No Iterations 4
time step continuity errors : sum local = 1.3394295e-05, global = -1.4439236e-07, cumulative = 0.00039868501
smoothSolver:  Solving for omega, Initial residual = 0.00042376119, Final residual = 3.5033929e-06, No Iterations 2
smoothSolver:  Solving for k, Initial residual = 0.0021718879, Final residual = 2.3564993e-05, No Iterations 2
bounding k, min: 9.1476981e-17 max: 0.31682581 average: 0.060851393
ExecutionTime = 617.38576 s  ClockTime = 618 s

Time = 461s

smoothSolver:  Solving for Ux, Initial residual = 0.0010286969, Final residual = 1.5509173e-05, No Iterations 3
smoothSolver:  Solving for Uy, Initial residual = 0.009220881, Final residual = 0.00013273806, No Iterations 3
smoothSolver:  Solving for Uz, Initial residual = 0.010071851, Final residual = 0.0001402511, No Iterations 3
GAMG:  Solving for p, Initial residual = 0.01294933, Final residual = 0.00011334575, No Iterations 3
GAMG:  Solving for p, Initial residual = 0.00029917796, Final residual = 1.4592307e-06, No Iterations 4
time step continuity errors : sum local = 1.3468681e-05, global = -2.6937674e-07, cumulative = 0.00039841563
smoothSolver:  Solving for omega, Initial residual = 0.00042369917, Final residual = 3.5429603e-06, No Iterations 2
smoothSolver:  Solving for k, Initial residual = 0.0021667071, Final residual = 2.3408055e-05, No Iterations 2
bounding k, min: 9.1538745e-17 max: 0.31571441 average: 0.060841398
ExecutionTime = 618.64517 s  ClockTime = 619 s

Time = 462s

smoothSolver:  Solving for Ux, Initial residual = 0.001025375, Final residual = 1.5416539e-05, No Iterations 3
smoothSolver:  Solving for Uy, Initial residual = 0.0092036886, Final residual = 0.00013222445, No Iterations 3
smoothSolver:  Solving for Uz, Initial residual = 0.010035657, Final residual = 0.00013973432, No Iterations 3
GAMG:  Solving for p, Initial residual = 0.012976645, Final residual = 0.00011309471, No Iterations 3
GAMG:  Solving for p, Initial residual = 0.00030024375, Final residual = 1.4859494e-06, No Iterations 4
time step continuity errors : sum local = 1.3723503e-05, global = -2.8068858e-07, cumulative = 0.00039813494
smoothSolver:  Solving for omega, Initial residual = 0.00042104057, Final residual = 3.473645e-06, No Iterations 2
smoothSolver:  Solving for k, Initial residual = 0.0021614221, Final residual = 2.3217638e-05, No Iterations 2
bounding k, min: 9.1569617e-17 max: 0.31569832 average: 0.060831351
ExecutionTime = 619.7255 s  ClockTime = 621 s

Time = 463s

smoothSolver:  Solving for Ux, Initial residual = 0.0010224297, Final residual = 1.5327949e-05, No Iterations 3
smoothSolver:  Solving for Uy, Initial residual = 0.0091919473, Final residual = 0.00013170314, No Iterations 3
smoothSolver:  Solving for Uz, Initial residual = 0.010000383, Final residual = 0.00013936583, No Iterations 3
GAMG:  Solving for p, Initial residual = 0.013031473, Final residual = 0.00011307728, No Iterations 3
GAMG:  Solving for p, Initial residual = 0.00030197365, Final residual = 1.5344518e-06, No Iterations 4
time step continuity errors : sum local = 1.4177839e-05, global = -1.2682506e-06, cumulative = 0.00039686669
smoothSolver:  Solving for omega, Initial residual = 0.00042105991, Final residual = 3.4912184e-06, No Iterations 2
smoothSolver:  Solving for k, Initial residual = 0.0021536198, Final residual = 2.3037724e-05, No Iterations 2
bounding k, min: 9.1616004e-17 max: 0.31609844 average: 0.060821457
ExecutionTime = 620.84344 s  ClockTime = 622 s

Time = 464s

smoothSolver:  Solving for Ux, Initial residual = 0.0010194781, Final residual = 1.5241905e-05, No Iterations 3
smoothSolver:  Solving for Uy, Initial residual = 0.0091736764, Final residual = 0.00013124461, No Iterations 3
smoothSolver:  Solving for Uz, Initial residual = 0.0099600551, Final residual = 0.0001389389, No Iterations 3
GAMG:  Solving for p, Initial residual = 0.013095687, Final residual = 0.00011402766, No Iterations 3
GAMG:  Solving for p, Initial residual = 0.00030465712, Final residual = 1.6305637e-06, No Iterations 4
time step continuity errors : sum local = 1.5070503e-05, global = -2.1018257e-06, cumulative = 0.00039476487
smoothSolver:  Solving for omega, Initial residual = 0.00042396462, Final residual = 3.603703e-06, No Iterations 2
smoothSolver:  Solving for k, Initial residual = 0.0021478001, Final residual = 2.2850625e-05, No Iterations 2
bounding k, min: 9.1674882e-17 max: 0.31638782 average: 0.060810914
ExecutionTime = 621.98412 s  ClockTime = 623 s

Time = 465s

smoothSolver:  Solving for Ux, Initial residual = 0.0010165111, Final residual = 1.5160929e-05, No Iterations 3
smoothSolver:  Solving for Uy, Initial residual = 0.0091570821, Final residual = 0.0001308306, No Iterations 3
smoothSolver:  Solving for Uz, Initial residual = 0.0099179615, Final residual = 0.00013851425, No Iterations 3
GAMG:  Solving for p, Initial residual = 0.013172534, Final residual = 0.00011473625, No Iterations 3
GAMG:  Solving for p, Initial residual = 0.0003067392, Final residual = 1.6006414e-06, No Iterations 4
time step continuity errors : sum local = 1.4791771e-05, global = -1.1929153e-06, cumulative = 0.00039357195
smoothSolver:  Solving for omega, Initial residual = 0.00042949322, Final residual = 3.5931989e-06, No Iterations 2
smoothSolver:  Solving for k, Initial residual = 0.0021435208, Final residual = 2.2735316e-05, No Iterations 2
bounding k, min: 9.1734948e-17 max: 0.31660258 average: 0.060800989
ExecutionTime = 623.17692 s  ClockTime = 624 s

Time = 466s

smoothSolver:  Solving for Ux, Initial residual = 0.0010139451, Final residual = 1.5084266e-05, No Iterations 3
smoothSolver:  Solving for Uy, Initial residual = 0.0091414487, Final residual = 0.00013038507, No Iterations 3
smoothSolver:  Solving for Uz, Initial residual = 0.0098752366, Final residual = 0.00013804534, No Iterations 3
GAMG:  Solving for p, Initial residual = 0.013250964, Final residual = 0.00011416421, No Iterations 3
GAMG:  Solving for p, Initial residual = 0.0003074005, Final residual = 1.6599047e-06, No Iterations 4
time step continuity errors : sum local = 1.5337085e-05, global = -1.2079179e-06, cumulative = 0.00039236403
smoothSolver:  Solving for omega, Initial residual = 0.00042580499, Final residual = 3.5261307e-06, No Iterations 2
smoothSolver:  Solving for k, Initial residual = 0.0021395113, Final residual = 2.2602401e-05, No Iterations 2
bounding k, min: 9.1791015e-17 max: 0.31680144 average: 0.060791066
ExecutionTime = 624.34148 s  ClockTime = 625 s

Time = 467s

smoothSolver:  Solving for Ux, Initial residual = 0.0010115272, Final residual = 1.5018135e-05, No Iterations 3
smoothSolver:  Solving for Uy, Initial residual = 0.0091244656, Final residual = 0.00012999925, No Iterations 3
smoothSolver:  Solving for Uz, Initial residual = 0.0098341128, Final residual = 0.00013760322, No Iterations 3
GAMG:  Solving for p, Initial residual = 0.013346867, Final residual = 0.00011273737, No Iterations 3
GAMG:  Solving for p, Initial residual = 0.00030741663, Final residual = 1.6818797e-06, No Iterations 4
time step continuity errors : sum local = 1.5532874e-05, global = -1.5252121e-06, cumulative = 0.00039083882
smoothSolver:  Solving for omega, Initial residual = 0.00042233157, Final residual = 3.5224574e-06, No Iterations 2
smoothSolver:  Solving for k, Initial residual = 0.0021347137, Final residual = 2.2450645e-05, No Iterations 2
bounding k, min: 9.1797156e-17 max: 0.31688047 average: 0.060781353
ExecutionTime = 625.51365 s  ClockTime = 626 s

Time = 468s

smoothSolver:  Solving for Ux, Initial residual = 0.0010094531, Final residual = 1.495699e-05, No Iterations 3
smoothSolver:  Solving for Uy, Initial residual = 0.0091078487, Final residual = 0.00012965142, No Iterations 3
smoothSolver:  Solving for Uz, Initial residual = 0.0097943921, Final residual = 0.00013713652, No Iterations 3
GAMG:  Solving for p, Initial residual = 0.013414793, Final residual = 0.00011111347, No Iterations 3
GAMG:  Solving for p, Initial residual = 0.0003070536, Final residual = 1.7107999e-06, No Iterations 4
time step continuity errors : sum local = 1.5787476e-05, global = -1.7167472e-06, cumulative = 0.00038912207
smoothSolver:  Solving for omega, Initial residual = 0.00042341854, Final residual = 3.5031998e-06, No Iterations 2
smoothSolver:  Solving for k, Initial residual = 0.0021326102, Final residual = 2.2347143e-05, No Iterations 2
bounding k, min: 9.1837702e-17 max: 0.31699676 average: 0.060771403
ExecutionTime = 626.86124 s  ClockTime = 628 s

Time = 469s

smoothSolver:  Solving for Ux, Initial residual = 0.0010076469, Final residual = 1.4900641e-05, No Iterations 3
smoothSolver:  Solving for Uy, Initial residual = 0.0090936464, Final residual = 0.00012929482, No Iterations 3
smoothSolver:  Solving for Uz, Initial residual = 0.0097500921, Final residual = 0.00013666138, No Iterations 3
GAMG:  Solving for p, Initial residual = 0.013482802, Final residual = 0.00010830797, No Iterations 3
GAMG:  Solving for p, Initial residual = 0.00030513393, Final residual = 1.69849e-06, No Iterations 4
time step continuity errors : sum local = 1.5658424e-05, global = -1.7911617e-06, cumulative = 0.00038733091
smoothSolver:  Solving for omega, Initial residual = 0.00042605677, Final residual = 3.4924646e-06, No Iterations 2
smoothSolver:  Solving for k, Initial residual = 0.0021326109, Final residual = 2.2251304e-05, No Iterations 2
bounding k, min: 9.1870169e-17 max: 0.31708597 average: 0.060762154
ExecutionTime = 628.26548 s  ClockTime = 629 s

Time = 470s

smoothSolver:  Solving for Ux, Initial residual = 0.0010058184, Final residual = 1.4844097e-05, No Iterations 3
smoothSolver:  Solving for Uy, Initial residual = 0.0090826524, Final residual = 0.00012900856, No Iterations 3
smoothSolver:  Solving for Uz, Initial residual = 0.0096992303, Final residual = 0.00013608115, No Iterations 3
GAMG:  Solving for p, Initial residual = 0.013545794, Final residual = 0.00010636473, No Iterations 3
GAMG:  Solving for p, Initial residual = 0.00030333252, Final residual = 1.6775078e-06, No Iterations 4
time step continuity errors : sum local = 1.545419e-05, global = -1.462153e-06, cumulative = 0.00038586876
smoothSolver:  Solving for omega, Initial residual = 0.00042756249, Final residual = 3.5637706e-06, No Iterations 2
smoothSolver:  Solving for k, Initial residual = 0.0021275691, Final residual = 2.2119307e-05, No Iterations 2
bounding k, min: 9.1895594e-17 max: 0.31722068 average: 0.060753109
ExecutionTime = 629.50266 s  ClockTime = 630 s

Time = 471s

smoothSolver:  Solving for Ux, Initial residual = 0.0010038095, Final residual = 1.4789879e-05, No Iterations 3
smoothSolver:  Solving for Uy, Initial residual = 0.0090648385, Final residual = 0.00012867207, No Iterations 3
smoothSolver:  Solving for Uz, Initial residual = 0.0096451998, Final residual = 0.0001355948, No Iterations 3
GAMG:  Solving for p, Initial residual = 0.013562966, Final residual = 0.00010651366, No Iterations 3
GAMG:  Solving for p, Initial residual = 0.00030379326, Final residual = 1.667744e-06, No Iterations 4
time step continuity errors : sum local = 1.5349141e-05, global = -1.1946804e-06, cumulative = 0.00038467408
smoothSolver:  Solving for omega, Initial residual = 0.0004288455, Final residual = 3.5913096e-06, No Iterations 2
smoothSolver:  Solving for k, Initial residual = 0.0021225475, Final residual = 2.2008536e-05, No Iterations 2
bounding k, min: 9.1916018e-17 max: 0.31732069 average: 0.060744511
ExecutionTime = 630.73423 s  ClockTime = 632 s

Time = 472s

smoothSolver:  Solving for Ux, Initial residual = 0.0010016021, Final residual = 1.4732137e-05, No Iterations 3
smoothSolver:  Solving for Uy, Initial residual = 0.0090463997, Final residual = 0.00012832045, No Iterations 3
smoothSolver:  Solving for Uz, Initial residual = 0.0095904163, Final residual = 0.00013502283, No Iterations 3
GAMG:  Solving for p, Initial residual = 0.013578891, Final residual = 0.00010724682, No Iterations 3
GAMG:  Solving for p, Initial residual = 0.00030567028, Final residual = 1.6820595e-06, No Iterations 4
time step continuity errors : sum local = 1.5472898e-05, global = -6.6402035e-07, cumulative = 0.00038401006
smoothSolver:  Solving for omega, Initial residual = 0.00042777594, Final residual = 3.5282609e-06, No Iterations 2
smoothSolver:  Solving for k, Initial residual = 0.0021200659, Final residual = 2.1947078e-05, No Iterations 2
bounding k, min: 9.1930203e-17 max: 0.31739665 average: 0.060735574
ExecutionTime = 632.29706 s  ClockTime = 633 s

Time = 473s

smoothSolver:  Solving for Ux, Initial residual = 0.00099887611, Final residual = 1.4668445e-05, No Iterations 3
smoothSolver:  Solving for Uy, Initial residual = 0.0090253763, Final residual = 0.00012800648, No Iterations 3
smoothSolver:  Solving for Uz, Initial residual = 0.0095331783, Final residual = 0.00013442623, No Iterations 3
GAMG:  Solving for p, Initial residual = 0.0135704, Final residual = 0.00010821768, No Iterations 3
GAMG:  Solving for p, Initial residual = 0.00030838826, Final residual = 1.7360652e-06, No Iterations 4
time step continuity errors : sum local = 1.5965704e-05, global = -2.1653317e-07, cumulative = 0.00038379352
smoothSolver:  Solving for omega, Initial residual = 0.00042955205, Final residual = 3.6003273e-06, No Iterations 2
smoothSolver:  Solving for k, Initial residual = 0.0021193104, Final residual = 2.1940019e-05, No Iterations 2
bounding k, min: 9.1952667e-17 max: 0.31745211 average: 0.060726882
ExecutionTime = 633.87293 s  ClockTime = 635 s

Time = 474s

smoothSolver:  Solving for Ux, Initial residual = 0.0009958782, Final residual = 1.4596392e-05, No Iterations 3
smoothSolver:  Solving for Uy, Initial residual = 0.0090039804, Final residual = 0.00012770127, No Iterations 3
smoothSolver:  Solving for Uz, Initial residual = 0.0094825404, Final residual = 0.00013376191, No Iterations 3
GAMG:  Solving for p, Initial residual = 0.013544295, Final residual = 0.00010871185, No Iterations 3
GAMG:  Solving for p, Initial residual = 0.00030926868, Final residual = 1.7549873e-06, No Iterations 4
time step continuity errors : sum local = 1.614273e-05, global = -1.5051609e-07, cumulative = 0.00038364301
smoothSolver:  Solving for omega, Initial residual = 0.00042772949, Final residual = 3.5122067e-06, No Iterations 2
smoothSolver:  Solving for k, Initial residual = 0.0021213295, Final residual = 2.1912962e-05, No Iterations 2
bounding k, min: 9.1981792e-17 max: 0.31747981 average: 0.060718258
ExecutionTime = 635.51625 s  ClockTime = 636 s

Time = 475s

smoothSolver:  Solving for Ux, Initial residual = 0.00099261687, Final residual = 1.4523545e-05, No Iterations 3
smoothSolver:  Solving for Uy, Initial residual = 0.0089811172, Final residual = 0.00012735026, No Iterations 3
smoothSolver:  Solving for Uz, Initial residual = 0.0094315032, Final residual = 0.00013309398, No Iterations 3
GAMG:  Solving for p, Initial residual = 0.01351195, Final residual = 0.00010958637, No Iterations 3
GAMG:  Solving for p, Initial residual = 0.00030809625, Final residual = 1.8306829e-06, No Iterations 4
time step continuity errors : sum local = 1.6842908e-05, global = -1.3009089e-07, cumulative = 0.00038351292
smoothSolver:  Solving for omega, Initial residual = 0.00042768305, Final residual = 3.5324886e-06, No Iterations 2
smoothSolver:  Solving for k, Initial residual = 0.0021232062, Final residual = 2.1886726e-05, No Iterations 2
bounding k, min: 9.202584e-17 max: 0.3174904 average: 0.06070913
ExecutionTime = 636.85581 s  ClockTime = 638 s

Time = 476s

smoothSolver:  Solving for Ux, Initial residual = 0.00098958881, Final residual = 1.4449127e-05, No Iterations 3
smoothSolver:  Solving for Uy, Initial residual = 0.008970185, Final residual = 0.0001273265, No Iterations 3
smoothSolver:  Solving for Uz, Initial residual = 0.0093833888, Final residual = 0.00013227866, No Iterations 3
GAMG:  Solving for p, Initial residual = 0.013516666, Final residual = 0.00011003041, No Iterations 3
GAMG:  Solving for p, Initial residual = 0.00030737889, Final residual = 1.8354256e-06, No Iterations 4
time step continuity errors : sum local = 1.6892464e-05, global = -1.6028858e-07, cumulative = 0.00038335263
smoothSolver:  Solving for omega, Initial residual = 0.00043152027, Final residual = 3.6616673e-06, No Iterations 2
smoothSolver:  Solving for k, Initial residual = 0.0021207307, Final residual = 2.1849039e-05, No Iterations 2
bounding k, min: 9.2031875e-17 max: 0.31746985 average: 0.060700354
ExecutionTime = 638.03557 s  ClockTime = 639 s

Time = 477s

smoothSolver:  Solving for Ux, Initial residual = 0.00098664148, Final residual = 1.4381007e-05, No Iterations 3
smoothSolver:  Solving for Uy, Initial residual = 0.0089653343, Final residual = 0.00012727941, No Iterations 3
smoothSolver:  Solving for Uz, Initial residual = 0.0093352796, Final residual = 0.00013148891, No Iterations 3
GAMG:  Solving for p, Initial residual = 0.013556924, Final residual = 0.00011024998, No Iterations 3
GAMG:  Solving for p, Initial residual = 0.00030647607, Final residual = 1.9821085e-06, No Iterations 4
time step continuity errors : sum local = 1.8246731e-05, global = -7.2259143e-07, cumulative = 0.00038263004
smoothSolver:  Solving for omega, Initial residual = 0.00043501407, Final residual = 3.6522289e-06, No Iterations 2
smoothSolver:  Solving for k, Initial residual = 0.0021177752, Final residual = 2.1780453e-05, No Iterations 2
bounding k, min: 9.2013529e-17 max: 0.31744961 average: 0.060691953
ExecutionTime = 639.24404 s  ClockTime = 640 s

Time = 478s

smoothSolver:  Solving for Ux, Initial residual = 0.00098368203, Final residual = 1.4319872e-05, No Iterations 3
smoothSolver:  Solving for Uy, Initial residual = 0.0089713739, Final residual = 0.00012737184, No Iterations 3
smoothSolver:  Solving for Uz, Initial residual = 0.0092852016, Final residual = 0.00013060204, No Iterations 3
GAMG:  Solving for p, Initial residual = 0.013647263, Final residual = 0.00011010833, No Iterations 3
GAMG:  Solving for p, Initial residual = 0.00030563825, Final residual = 2.0823993e-06, No Iterations 4
time step continuity errors : sum local = 1.9174592e-05, global = -8.8574395e-07, cumulative = 0.00038174429
smoothSolver:  Solving for omega, Initial residual = 0.00043096972, Final residual = 3.543004e-06, No Iterations 2
smoothSolver:  Solving for k, Initial residual = 0.002118123, Final residual = 2.1767226e-05, No Iterations 2
bounding k, min: 9.199881e-17 max: 0.31733885 average: 0.060683465
ExecutionTime = 640.40921 s  ClockTime = 641 s

Time = 479s

smoothSolver:  Solving for Ux, Initial residual = 0.00098098295, Final residual = 1.4268581e-05, No Iterations 3
smoothSolver:  Solving for Uy, Initial residual = 0.0089880805, Final residual = 0.00012753244, No Iterations 3
smoothSolver:  Solving for Uz, Initial residual = 0.0092383162, Final residual = 0.00012970871, No Iterations 3
GAMG:  Solving for p, Initial residual = 0.013708374, Final residual = 0.00010967459, No Iterations 3
GAMG:  Solving for p, Initial residual = 0.00030161833, Final residual = 2.2195151e-06, No Iterations 4
time step continuity errors : sum local = 2.0440548e-05, global = -1.1724835e-06, cumulative = 0.00038057181
smoothSolver:  Solving for omega, Initial residual = 0.00042918195, Final residual = 3.5836512e-06, No Iterations 2
smoothSolver:  Solving for k, Initial residual = 0.0021180434, Final residual = 2.1773781e-05, No Iterations 2
bounding k, min: 9.1996125e-17 max: 0.3173165 average: 0.060675402
ExecutionTime = 641.48838 s  ClockTime = 642 s

Time = 480s

smoothSolver:  Solving for Ux, Initial residual = 0.00097820575, Final residual = 1.4224165e-05, No Iterations 3
smoothSolver:  Solving for Uy, Initial residual = 0.0090121017, Final residual = 0.00012764679, No Iterations 3
smoothSolver:  Solving for Uz, Initial residual = 0.0091969585, Final residual = 0.00012889526, No Iterations 3
GAMG:  Solving for p, Initial residual = 0.013774532, Final residual = 0.00010845504, No Iterations 3
GAMG:  Solving for p, Initial residual = 0.00029907592, Final residual = 2.1826498e-06, No Iterations 4
time step continuity errors : sum local = 2.010871e-05, global = -1.1680031e-06, cumulative = 0.00037940381
smoothSolver:  Solving for omega, Initial residual = 0.00042807855, Final residual = 3.504672e-06, No Iterations 2
smoothSolver:  Solving for k, Initial residual = 0.0021204301, Final residual = 2.1819897e-05, No Iterations 2
bounding k, min: 9.2007392e-17 max: 0.31721937 average: 0.060666588
ExecutionTime = 642.54613 s  ClockTime = 643 s

Time = 481s

smoothSolver:  Solving for Ux, Initial residual = 0.00097601847, Final residual = 1.4189857e-05, No Iterations 3
smoothSolver:  Solving for Uy, Initial residual = 0.0090353886, Final residual = 0.00012779173, No Iterations 3
smoothSolver:  Solving for Uz, Initial residual = 0.0091589184, Final residual = 0.0001281435, No Iterations 3
GAMG:  Solving for p, Initial residual = 0.013809433, Final residual = 0.00010748686, No Iterations 3
GAMG:  Solving for p, Initial residual = 0.00029475166, Final residual = 2.0753214e-06, No Iterations 4
time step continuity errors : sum local = 1.9127742e-05, global = -1.0871793e-06, cumulative = 0.00037831663
smoothSolver:  Solving for omega, Initial residual = 0.00043052783, Final residual = 3.4955985e-06, No Iterations 2
smoothSolver:  Solving for k, Initial residual = 0.0021241447, Final residual = 2.1853091e-05, No Iterations 2
bounding k, min: 9.2042136e-17 max: 0.31710747 average: 0.060658167
ExecutionTime = 643.72539 s  ClockTime = 645 s

Time = 482s

smoothSolver:  Solving for Ux, Initial residual = 0.00097388277, Final residual = 1.4155621e-05, No Iterations 3
smoothSolver:  Solving for Uy, Initial residual = 0.0090623856, Final residual = 0.00012792943, No Iterations 3
smoothSolver:  Solving for Uz, Initial residual = 0.0091216463, Final residual = 0.00012752351, No Iterations 3
GAMG:  Solving for p, Initial residual = 0.013788403, Final residual = 0.00010631905, No Iterations 3
GAMG:  Solving for p, Initial residual = 0.00029255132, Final residual = 1.9352051e-06, No Iterations 4
time step continuity errors : sum local = 1.7839182e-05, global = -1.002257e-06, cumulative = 0.00037731437
smoothSolver:  Solving for omega, Initial residual = 0.00043112978, Final residual = 3.6045084e-06, No Iterations 2
smoothSolver:  Solving for k, Initial residual = 0.0021246452, Final residual = 2.1806541e-05, No Iterations 2
bounding k, min: 9.2115374e-17 max: 0.31703468 average: 0.060649616
ExecutionTime = 644.99714 s  ClockTime = 646 s

Time = 483s

smoothSolver:  Solving for Ux, Initial residual = 0.00097193091, Final residual = 1.4122463e-05, No Iterations 3
smoothSolver:  Solving for Uy, Initial residual = 0.0090898439, Final residual = 0.00012800497, No Iterations 3
smoothSolver:  Solving for Uz, Initial residual = 0.0090854924, Final residual = 0.00012708037, No Iterations 3
GAMG:  Solving for p, Initial residual = 0.01376143, Final residual = 0.00010440272, No Iterations 3
GAMG:  Solving for p, Initial residual = 0.00028721508, Final residual = 1.8359277e-06, No Iterations 4
time step continuity errors : sum local = 1.6925623e-05, global = -9.3101855e-07, cumulative = 0.00037638335
smoothSolver:  Solving for omega, Initial residual = 0.00043330703, Final residual = 3.6366974e-06, No Iterations 2
smoothSolver:  Solving for k, Initial residual = 0.0021222338, Final residual = 2.1773492e-05, No Iterations 2
bounding k, min: 9.2251176e-17 max: 0.31685577 average: 0.060640775
ExecutionTime = 646.20777 s  ClockTime = 647 s

Time = 484s

smoothSolver:  Solving for Ux, Initial residual = 0.00096968437, Final residual = 1.4088491e-05, No Iterations 3
smoothSolver:  Solving for Uy, Initial residual = 0.0091111291, Final residual = 0.00012802887, No Iterations 3
smoothSolver:  Solving for Uz, Initial residual = 0.0090592855, Final residual = 0.00012685514, No Iterations 3
GAMG:  Solving for p, Initial residual = 0.013756048, Final residual = 0.0001030161, No Iterations 3
GAMG:  Solving for p, Initial residual = 0.00028443234, Final residual = 1.7746527e-06, No Iterations 4
time step continuity errors : sum local = 1.6360131e-05, global = -6.9636068e-07, cumulative = 0.00037568699
smoothSolver:  Solving for omega, Initial residual = 0.00042924969, Final residual = 3.5618358e-06, No Iterations 2
smoothSolver:  Solving for k, Initial residual = 0.0021226659, Final residual = 2.1824513e-05, No Iterations 2
bounding k, min: 9.2526563e-17 max: 0.31673206 average: 0.060631514
ExecutionTime = 647.58183 s  ClockTime = 648 s

Time = 485s

smoothSolver:  Solving for Ux, Initial residual = 0.00096765333, Final residual = 1.4057482e-05, No Iterations 3
smoothSolver:  Solving for Uy, Initial residual = 0.0091423412, Final residual = 0.00012807342, No Iterations 3
smoothSolver:  Solving for Uz, Initial residual = 0.0090364081, Final residual = 0.00012673403, No Iterations 3
GAMG:  Solving for p, Initial residual = 0.013777708, Final residual = 0.00010218591, No Iterations 3
GAMG:  Solving for p, Initial residual = 0.00028144757, Final residual = 1.7033823e-06, No Iterations 4
time step continuity errors : sum local = 1.5697549e-05, global = -5.8146908e-07, cumulative = 0.00037510552
smoothSolver:  Solving for omega, Initial residual = 0.00042770887, Final residual = 3.5804745e-06, No Iterations 2
smoothSolver:  Solving for k, Initial residual = 0.0021263173, Final residual = 2.1863318e-05, No Iterations 2
bounding k, min: 9.3057523e-17 max: 0.31654077 average: 0.060621901
ExecutionTime = 649.04797 s  ClockTime = 650 s

Time = 486s

smoothSolver:  Solving for Ux, Initial residual = 0.0009654236, Final residual = 1.4021338e-05, No Iterations 3
smoothSolver:  Solving for Uy, Initial residual = 0.0091741269, Final residual = 0.00012813916, No Iterations 3
smoothSolver:  Solving for Uz, Initial residual = 0.0090285526, Final residual = 0.00012675022, No Iterations 3
GAMG:  Solving for p, Initial residual = 0.013775979, Final residual = 0.00010176085, No Iterations 3
GAMG:  Solving for p, Initial residual = 0.00027962084, Final residual = 1.7867748e-06, No Iterations 4
time step continuity errors : sum local = 1.6461497e-05, global = -6.5985501e-07, cumulative = 0.00037444567
smoothSolver:  Solving for omega, Initial residual = 0.00042519591, Final residual = 3.4945314e-06, No Iterations 2
smoothSolver:  Solving for k, Initial residual = 0.0021230062, Final residual = 2.1811001e-05, No Iterations 2
bounding k, min: 9.3960368e-17 max: 0.3162906 average: 0.060611971
ExecutionTime = 650.82704 s  ClockTime = 652 s

Time = 487s

smoothSolver:  Solving for Ux, Initial residual = 0.00096328863, Final residual = 1.3987122e-05, No Iterations 3
smoothSolver:  Solving for Uy, Initial residual = 0.0092004245, Final residual = 0.00012823348, No Iterations 3
smoothSolver:  Solving for Uz, Initial residual = 0.0090202635, Final residual = 0.00012681471, No Iterations 3
GAMG:  Solving for p, Initial residual = 0.01382118, Final residual = 0.00010139864, No Iterations 3
GAMG:  Solving for p, Initial residual = 0.00027605603, Final residual = 1.7467236e-06, No Iterations 4
time step continuity errors : sum local = 1.6080145e-05, global = -1.500119e-06, cumulative = 0.00037294555
smoothSolver:  Solving for omega, Initial residual = 0.00042369561, Final residual = 3.4749874e-06, No Iterations 2
smoothSolver:  Solving for k, Initial residual = 0.0021221439, Final residual = 2.1853231e-05, No Iterations 2
bounding k, min: 9.5486639e-17 max: 0.31609081 average: 0.060602084
ExecutionTime = 652.45292 s  ClockTime = 653 s

Time = 488s

smoothSolver:  Solving for Ux, Initial residual = 0.00096113027, Final residual = 1.3952919e-05, No Iterations 3
smoothSolver:  Solving for Uy, Initial residual = 0.0092312156, Final residual = 0.00012839639, No Iterations 3
smoothSolver:  Solving for Uz, Initial residual = 0.0090225937, Final residual = 0.00012700163, No Iterations 3
GAMG:  Solving for p, Initial residual = 0.01388945, Final residual = 0.00010087349, No Iterations 3
GAMG:  Solving for p, Initial residual = 0.00027386433, Final residual = 1.8367366e-06, No Iterations 4
time step continuity errors : sum local = 1.6895058e-05, global = -2.267974e-06, cumulative = 0.00037067757
smoothSolver:  Solving for omega, Initial residual = 0.00042521776, Final residual = 3.5885517e-06, No Iterations 2
smoothSolver:  Solving for k, Initial residual = 0.0021230096, Final residual = 2.1886368e-05, No Iterations 2
bounding k, min: 9.8038111e-17 max: 0.31584079 average: 0.060591799
ExecutionTime = 654.14789 s  ClockTime = 655 s

Time = 489s

smoothSolver:  Solving for Ux, Initial residual = 0.00095960324, Final residual = 1.3921953e-05, No Iterations 3
smoothSolver:  Solving for Uy, Initial residual = 0.0092606794, Final residual = 0.00012858276, No Iterations 3
smoothSolver:  Solving for Uz, Initial residual = 0.0090263183, Final residual = 0.00012725892, No Iterations 3
GAMG:  Solving for p, Initial residual = 0.013961722, Final residual = 9.9835331e-05, No Iterations 3
GAMG:  Solving for p, Initial residual = 0.00027069253, Final residual = 1.911781e-06, No Iterations 4
time step continuity errors : sum local = 1.7570554e-05, global = -2.9350556e-06, cumulative = 0.00036774252
smoothSolver:  Solving for omega, Initial residual = 0.00042954425, Final residual = 3.5675092e-06, No Iterations 2
smoothSolver:  Solving for k, Initial residual = 0.0021226928, Final residual = 2.1856327e-05, No Iterations 2
bounding k, min: 9.908157e-17 max: 0.31556738 average: 0.060581742
ExecutionTime = 655.7298 s  ClockTime = 657 s

Time = 490s

smoothSolver:  Solving for Ux, Initial residual = 0.00095845847, Final residual = 1.3896832e-05, No Iterations 3
smoothSolver:  Solving for Uy, Initial residual = 0.0092901767, Final residual = 0.00012872391, No Iterations 3
smoothSolver:  Solving for Uz, Initial residual = 0.0090340804, Final residual = 0.00012756411, No Iterations 3
GAMG:  Solving for p, Initial residual = 0.014075727, Final residual = 9.8995338e-05, No Iterations 3
GAMG:  Solving for p, Initial residual = 0.00026873089, Final residual = 1.9933442e-06, No Iterations 4
time step continuity errors : sum local = 1.8304869e-05, global = -3.410809e-06, cumulative = 0.00036433171
smoothSolver:  Solving for omega, Initial residual = 0.00042547611, Final residual = 3.4620301e-06, No Iterations 2
smoothSolver:  Solving for k, Initial residual = 0.0021241465, Final residual = 2.1882989e-05, No Iterations 2
bounding k, min: 9.9827085e-17 max: 0.31535951 average: 0.060571472
ExecutionTime = 657.34895 s  ClockTime = 658 s

Time = 491s

smoothSolver:  Solving for Ux, Initial residual = 0.00095722731, Final residual = 1.38765e-05, No Iterations 3
smoothSolver:  Solving for Uy, Initial residual = 0.0093152185, Final residual = 0.00012880215, No Iterations 3
smoothSolver:  Solving for Uz, Initial residual = 0.009050059, Final residual = 0.00012800009, No Iterations 3
GAMG:  Solving for p, Initial residual = 0.014208638, Final residual = 9.7777043e-05, No Iterations 3
GAMG:  Solving for p, Initial residual = 0.0002669831, Final residual = 2.0318133e-06, No Iterations 4
time step continuity errors : sum local = 1.8642229e-05, global = -2.9680585e-06, cumulative = 0.00036136365
smoothSolver:  Solving for omega, Initial residual = 0.00042504551, Final residual = 3.5433782e-06, No Iterations 2
smoothSolver:  Solving for k, Initial residual = 0.0021226573, Final residual = 2.1857337e-05, No Iterations 2
bounding k, min: 1.0190026e-16 max: 0.3151465 average: 0.060562018
ExecutionTime = 658.70086 s  ClockTime = 659 s

Time = 492s

smoothSolver:  Solving for Ux, Initial residual = 0.00095621765, Final residual = 1.3856662e-05, No Iterations 3
smoothSolver:  Solving for Uy, Initial residual = 0.0093245515, Final residual = 0.00012883954, No Iterations 3
smoothSolver:  Solving for Uz, Initial residual = 0.0090681317, Final residual = 0.0001284995, No Iterations 3
GAMG:  Solving for p, Initial residual = 0.01424119, Final residual = 9.6962466e-05, No Iterations 3
GAMG:  Solving for p, Initial residual = 0.00026577627, Final residual = 2.0507357e-06, No Iterations 4
time step continuity errors : sum local = 1.880278e-05, global = -2.6210931e-06, cumulative = 0.00035874256
smoothSolver:  Solving for omega, Initial residual = 0.00042415438, Final residual = 3.5083035e-06, No Iterations 2
smoothSolver:  Solving for k, Initial residual = 0.0021248143, Final residual = 2.1879173e-05, No Iterations 2
bounding k, min: 1.0526636e-16 max: 0.31492873 average: 0.060552808
ExecutionTime = 660.28223 s  ClockTime = 661 s

Time = 493s

smoothSolver:  Solving for Ux, Initial residual = 0.00095490519, Final residual = 1.3835227e-05, No Iterations 3
smoothSolver:  Solving for Uy, Initial residual = 0.0093272516, Final residual = 0.00012878336, No Iterations 3
smoothSolver:  Solving for Uz, Initial residual = 0.0090936836, Final residual = 0.00012916415, No Iterations 3
GAMG:  Solving for p, Initial residual = 0.014220084, Final residual = 9.6517548e-05, No Iterations 3
GAMG:  Solving for p, Initial residual = 0.00026367199, Final residual = 2.0357437e-06, No Iterations 4
time step continuity errors : sum local = 1.865244e-05, global = -2.5974125e-06, cumulative = 0.00035614515
smoothSolver:  Solving for omega, Initial residual = 0.00042533709, Final residual = 3.4676217e-06, No Iterations 2
smoothSolver:  Solving for k, Initial residual = 0.0021269193, Final residual = 2.1905578e-05, No Iterations 2
bounding k, min: 1.1046369e-16 max: 0.31470621 average: 0.060543842
ExecutionTime = 661.76711 s  ClockTime = 663 s

Time = 494s

smoothSolver:  Solving for Ux, Initial residual = 0.00095371791, Final residual = 1.3809726e-05, No Iterations 3
smoothSolver:  Solving for Uy, Initial residual = 0.0093243651, Final residual = 0.0001286299, No Iterations 3
smoothSolver:  Solving for Uz, Initial residual = 0.0091134686, Final residual = 0.00012983222, No Iterations 3
GAMG:  Solving for p, Initial residual = 0.014174976, Final residual = 9.6940063e-05, No Iterations 3
GAMG:  Solving for p, Initial residual = 0.00026128305, Final residual = 1.9697591e-06, No Iterations 4
time step continuity errors : sum local = 1.8041443e-05, global = -2.2850024e-06, cumulative = 0.00035386014
smoothSolver:  Solving for omega, Initial residual = 0.00042480826, Final residual = 3.5412332e-06, No Iterations 2
smoothSolver:  Solving for k, Initial residual = 0.0021246895, Final residual = 2.1829795e-05, No Iterations 2
bounding k, min: 1.1725742e-16 max: 0.31451596 average: 0.060535951
ExecutionTime = 663.20993 s  ClockTime = 664 s

Time = 495s

smoothSolver:  Solving for Ux, Initial residual = 0.00095202206, Final residual = 1.3779277e-05, No Iterations 3
smoothSolver:  Solving for Uy, Initial residual = 0.0093075411, Final residual = 0.00012827371, No Iterations 3
smoothSolver:  Solving for Uz, Initial residual = 0.0091371014, Final residual = 0.00013055965, No Iterations 3
GAMG:  Solving for p, Initial residual = 0.01406051, Final residual = 9.8452312e-05, No Iterations 3
GAMG:  Solving for p, Initial residual = 0.0002598273, Final residual = 1.9175991e-06, No Iterations 4
time step continuity errors : sum local = 1.7553657e-05, global = -2.0458248e-06, cumulative = 0.00035181432
smoothSolver:  Solving for omega, Initial residual = 0.00042511439, Final residual = 3.5221657e-06, No Iterations 2
smoothSolver:  Solving for k, Initial residual = 0.0021306703, Final residual = 2.1972896e-05, No Iterations 2
bounding k, min: 1.2016717e-16 max: 0.31449299 average: 0.060528272
ExecutionTime = 664.29003 s  ClockTime = 665 s

Time = 496s

smoothSolver:  Solving for Ux, Initial residual = 0.00094976015, Final residual = 1.3747622e-05, No Iterations 3
smoothSolver:  Solving for Uy, Initial residual = 0.0092972934, Final residual = 0.00012790147, No Iterations 3
smoothSolver:  Solving for Uz, Initial residual = 0.0091646072, Final residual = 0.00013136131, No Iterations 3
GAMG:  Solving for p, Initial residual = 0.013917046, Final residual = 0.00010029757, No Iterations 3
GAMG:  Solving for p, Initial residual = 0.00025905255, Final residual = 1.8245442e-06, No Iterations 4
time step continuity errors : sum local = 1.6698694e-05, global = -1.9247952e-06, cumulative = 0.00034988952
smoothSolver:  Solving for omega, Initial residual = 0.00042093964, Final residual = 3.4388047e-06, No Iterations 2
smoothSolver:  Solving for k, Initial residual = 0.0021266425, Final residual = 2.18162e-05, No Iterations 2
bounding k, min: 1.1869369e-16 max: 0.3147414 average: 0.060521843
ExecutionTime = 665.39465 s  ClockTime = 666 s

Time = 497s

smoothSolver:  Solving for Ux, Initial residual = 0.00094723511, Final residual = 1.3715907e-05, No Iterations 3
smoothSolver:  Solving for Uy, Initial residual = 0.009272021, Final residual = 0.00012735609, No Iterations 3
smoothSolver:  Solving for Uz, Initial residual = 0.0091820042, Final residual = 0.00013212826, No Iterations 3
GAMG:  Solving for p, Initial residual = 0.013753476, Final residual = 0.00010191137, No Iterations 3
GAMG:  Solving for p, Initial residual = 0.00025739111, Final residual = 1.7752688e-06, No Iterations 4
time step continuity errors : sum local = 1.6237886e-05, global = -1.6272593e-06, cumulative = 0.00034826226
smoothSolver:  Solving for omega, Initial residual = 0.0004229337, Final residual = 3.5206315e-06, No Iterations 2
smoothSolver:  Solving for k, Initial residual = 0.0021252047, Final residual = 2.1835622e-05, No Iterations 2
bounding k, min: 1.1800408e-16 max: 0.314984 average: 0.060516199
ExecutionTime = 666.98728 s  ClockTime = 668 s

Time = 498s

smoothSolver:  Solving for Ux, Initial residual = 0.0009444319, Final residual = 1.367983e-05, No Iterations 3
smoothSolver:  Solving for Uy, Initial residual = 0.0092501488, Final residual = 0.00012680479, No Iterations 3
smoothSolver:  Solving for Uz, Initial residual = 0.0091997263, Final residual = 0.00013283471, No Iterations 3
GAMG:  Solving for p, Initial residual = 0.013562256, Final residual = 0.00010331183, No Iterations 3
GAMG:  Solving for p, Initial residual = 0.00025566973, Final residual = 1.681713e-06, No Iterations 4
time step continuity errors : sum local = 1.5374455e-05, global = -1.4938606e-06, cumulative = 0.0003467684
smoothSolver:  Solving for omega, Initial residual = 0.00041928065, Final residual = 3.4493587e-06, No Iterations 2
smoothSolver:  Solving for k, Initial residual = 0.0021224937, Final residual = 2.1737298e-05, No Iterations 2
bounding k, min: 1.175532e-16 max: 0.31528081 average: 0.060511145
ExecutionTime = 668.64226 s  ClockTime = 669 s

Time = 499s

smoothSolver:  Solving for Ux, Initial residual = 0.00094144606, Final residual = 1.3638814e-05, No Iterations 3
smoothSolver:  Solving for Uy, Initial residual = 0.0092194439, Final residual = 0.00012629697, No Iterations 3
smoothSolver:  Solving for Uz, Initial residual = 0.0092248997, Final residual = 0.00013359564, No Iterations 3
GAMG:  Solving for p, Initial residual = 0.013376465, Final residual = 0.00010390904, No Iterations 3
GAMG:  Solving for p, Initial residual = 0.00025442739, Final residual = 1.6381162e-06, No Iterations 4
time step continuity errors : sum local = 1.4971174e-05, global = -1.1601718e-06, cumulative = 0.00034560823
smoothSolver:  Solving for omega, Initial residual = 0.00041478553, Final residual = 3.3583272e-06, No Iterations 2
smoothSolver:  Solving for k, Initial residual = 0.0021201989, Final residual = 2.1692998e-05, No Iterations 2
bounding k, min: 1.1666343e-16 max: 0.31555146 average: 0.060507151
ExecutionTime = 670.19756 s  ClockTime = 671 s

Time = 500s

smoothSolver:  Solving for Ux, Initial residual = 0.00093809362, Final residual = 1.3588531e-05, No Iterations 3
smoothSolver:  Solving for Uy, Initial residual = 0.0091856369, Final residual = 0.00012578454, No Iterations 3
smoothSolver:  Solving for Uz, Initial residual = 0.0092526201, Final residual = 0.00013433946, No Iterations 3
GAMG:  Solving for p, Initial residual = 0.013226622, Final residual = 0.00010370218, No Iterations 3
GAMG:  Solving for p, Initial residual = 0.00025396324, Final residual = 1.6821033e-06, No Iterations 4
time step continuity errors : sum local = 1.5369172e-05, global = -9.9936505e-07, cumulative = 0.00034460887
smoothSolver:  Solving for omega, Initial residual = 0.00041535821, Final residual = 3.4483037e-06, No Iterations 2
smoothSolver:  Solving for k, Initial residual = 0.0021187908, Final residual = 2.1640576e-05, No Iterations 2
bounding k, min: 1.1491572e-16 max: 0.31597639 average: 0.060504037
ExecutionTime = 671.5878 s  ClockTime = 672 s

Time = 501s

smoothSolver:  Solving for Ux, Initial residual = 0.0009345274, Final residual = 1.3530646e-05, No Iterations 3
smoothSolver:  Solving for Uy, Initial residual = 0.0091597226, Final residual = 0.00012537551, No Iterations 3
smoothSolver:  Solving for Uz, Initial residual = 0.0092822947, Final residual = 0.00013508748, No Iterations 3
GAMG:  Solving for p, Initial residual = 0.013109645, Final residual = 0.00010373168, No Iterations 3
GAMG:  Solving for p, Initial residual = 0.00025328314, Final residual = 1.8828201e-06, No Iterations 4
time step continuity errors : sum local = 1.7194928e-05, global = -1.0187581e-06, cumulative = 0.00034359011
smoothSolver:  Solving for omega, Initial residual = 0.00041903619, Final residual = 3.472326e-06, No Iterations 2
smoothSolver:  Solving for k, Initial residual = 0.0021227206, Final residual = 2.1658057e-05, No Iterations 2
bounding k, min: 1.1259702e-16 max: 0.31637037 average: 0.060501281
ExecutionTime = 672.78682 s  ClockTime = 674 s

Time = 502s

smoothSolver:  Solving for Ux, Initial residual = 0.00093062162, Final residual = 1.3462059e-05, No Iterations 3
smoothSolver:  Solving for Uy, Initial residual = 0.0091431158, Final residual = 0.00012506076, No Iterations 3
smoothSolver:  Solving for Uz, Initial residual = 0.0093160262, Final residual = 0.00013580821, No Iterations 3
GAMG:  Solving for p, Initial residual = 0.012997991, Final residual = 0.00010216859, No Iterations 3
GAMG:  Solving for p, Initial residual = 0.00025063669, Final residual = 1.9956072e-06, No Iterations 4
time step continuity errors : sum local = 1.822028e-05, global = -1.0937192e-06, cumulative = 0.00034249639
smoothSolver:  Solving for omega, Initial residual = 0.00041703973, Final residual = 3.4290871e-06, No Iterations 2
smoothSolver:  Solving for k, Initial residual = 0.0021248366, Final residual = 2.1640648e-05, No Iterations 2
bounding k, min: 1.0994661e-16 max: 0.31669926 average: 0.060498589
ExecutionTime = 674.03772 s  ClockTime = 675 s

Time = 503s

smoothSolver:  Solving for Ux, Initial residual = 0.00092618772, Final residual = 1.33905e-05, No Iterations 3
smoothSolver:  Solving for Uy, Initial residual = 0.0091238023, Final residual = 0.00012477849, No Iterations 3
smoothSolver:  Solving for Uz, Initial residual = 0.0093559396, Final residual = 0.00013650635, No Iterations 3
GAMG:  Solving for p, Initial residual = 0.012945087, Final residual = 0.00010094572, No Iterations 3
GAMG:  Solving for p, Initial residual = 0.00024824437, Final residual = 2.0205999e-06, No Iterations 4
time step continuity errors : sum local = 1.8438969e-05, global = -1.1484653e-06, cumulative = 0.00034134792
smoothSolver:  Solving for omega, Initial residual = 0.00041605303, Final residual = 3.4632941e-06, No Iterations 2
smoothSolver:  Solving for k, Initial residual = 0.0021253849, Final residual = 2.1577516e-05, No Iterations 2
bounding k, min: 1.0794173e-16 max: 0.31708588 average: 0.060496763
ExecutionTime = 675.24334 s  ClockTime = 676 s

Time = 504s

smoothSolver:  Solving for Ux, Initial residual = 0.00092175417, Final residual = 1.3321345e-05, No Iterations 3
smoothSolver:  Solving for Uy, Initial residual = 0.0091067626, Final residual = 0.00012453328, No Iterations 3
smoothSolver:  Solving for Uz, Initial residual = 0.0093922409, Final residual = 0.00013706736, No Iterations 3
GAMG:  Solving for p, Initial residual = 0.012888629, Final residual = 0.00010048912, No Iterations 3
GAMG:  Solving for p, Initial residual = 0.00024589089, Final residual = 2.0468964e-06, No Iterations 4
time step continuity errors : sum local = 1.866677e-05, global = -1.3413465e-06, cumulative = 0.00034000658
smoothSolver:  Solving for omega, Initial residual = 0.00041298433, Final residual = 3.3894995e-06, No Iterations 2
smoothSolver:  Solving for k, Initial residual = 0.002124697, Final residual = 2.1488392e-05, No Iterations 2
bounding k, min: 1.0449787e-16 max: 0.31738143 average: 0.060494751
ExecutionTime = 676.53588 s  ClockTime = 677 s

Time = 505s

smoothSolver:  Solving for Ux, Initial residual = 0.00091752522, Final residual = 1.3255938e-05, No Iterations 3
smoothSolver:  Solving for Uy, Initial residual = 0.0090896781, Final residual = 0.00012424685, No Iterations 3
smoothSolver:  Solving for Uz, Initial residual = 0.0094258243, Final residual = 0.00013746648, No Iterations 3
GAMG:  Solving for p, Initial residual = 0.012829825, Final residual = 0.0001007322, No Iterations 3
GAMG:  Solving for p, Initial residual = 0.0002439255, Final residual = 2.051465e-06, No Iterations 4
time step continuity errors : sum local = 1.869278e-05, global = -1.9249592e-06, cumulative = 0.00033808162
smoothSolver:  Solving for omega, Initial residual = 0.00041482715, Final residual = 3.415393e-06, No Iterations 2
smoothSolver:  Solving for k, Initial residual = 0.0021251048, Final residual = 2.147298e-05, No Iterations 2
bounding k, min: 1.0130379e-16 max: 0.31762464 average: 0.06049315
ExecutionTime = 677.73098 s  ClockTime = 679 s

Time = 506s

smoothSolver:  Solving for Ux, Initial residual = 0.00091324123, Final residual = 1.3194154e-05, No Iterations 3
smoothSolver:  Solving for Uy, Initial residual = 0.0090716721, Final residual = 0.00012398621, No Iterations 3
smoothSolver:  Solving for Uz, Initial residual = 0.0094548024, Final residual = 0.00013775878, No Iterations 3
GAMG:  Solving for p, Initial residual = 0.012780762, Final residual = 0.00010193956, No Iterations 3
GAMG:  Solving for p, Initial residual = 0.00024185195, Final residual = 2.1050378e-06, No Iterations 4
time step continuity errors : sum local = 1.9164564e-05, global = -2.6787224e-06, cumulative = 0.0003354029
smoothSolver:  Solving for omega, Initial residual = 0.0004137188, Final residual = 3.4989772e-06, No Iterations 2
smoothSolver:  Solving for k, Initial residual = 0.0021248089, Final residual = 2.144182e-05, No Iterations 2
bounding k, min: 9.8529575e-17 max: 0.31787311 average: 0.060491129
ExecutionTime = 678.9189 s  ClockTime = 680 s

Time = 507s

smoothSolver:  Solving for Ux, Initial residual = 0.00090932157, Final residual = 1.3137956e-05, No Iterations 3
smoothSolver:  Solving for Uy, Initial residual = 0.0090516742, Final residual = 0.00012375803, No Iterations 3
smoothSolver:  Solving for Uz, Initial residual = 0.0094804119, Final residual = 0.00013794026, No Iterations 3
GAMG:  Solving for p, Initial residual = 0.012718251, Final residual = 0.00010326135, No Iterations 3
GAMG:  Solving for p, Initial residual = 0.00024066226, Final residual = 2.1944714e-06, No Iterations 4
time step continuity errors : sum local = 1.9961311e-05, global = -3.72714e-06, cumulative = 0.00033167576
smoothSolver:  Solving for omega, Initial residual = 0.00041329667, Final residual = 3.4681738e-06, No Iterations 2
smoothSolver:  Solving for k, Initial residual = 0.0021216026, Final residual = 2.1360303e-05, No Iterations 2
bounding k, min: 9.6261727e-17 max: 0.31803798 average: 0.06048924
ExecutionTime = 680.24417 s  ClockTime = 681 s

Time = 508s

smoothSolver:  Solving for Ux, Initial residual = 0.00090531021, Final residual = 1.3084444e-05, No Iterations 3
smoothSolver:  Solving for Uy, Initial residual = 0.0090256327, Final residual = 0.00012344902, No Iterations 3
smoothSolver:  Solving for Uz, Initial residual = 0.0094942082, Final residual = 0.00013806271, No Iterations 3
GAMG:  Solving for p, Initial residual = 0.012678089, Final residual = 0.00010420276, No Iterations 3
GAMG:  Solving for p, Initial residual = 0.00023867257, Final residual = 2.2384754e-06, No Iterations 4
time step continuity errors : sum local = 2.033864e-05, global = -4.3072782e-06, cumulative = 0.00032736848
smoothSolver:  Solving for omega, Initial residual = 0.0004096329, Final residual = 3.3880821e-06, No Iterations 2
smoothSolver:  Solving for k, Initial residual = 0.0021155729, Final residual = 2.1264497e-05, No Iterations 2
bounding k, min: 9.4591894e-17 max: 0.31820432 average: 0.060486933
ExecutionTime = 681.71524 s  ClockTime = 683 s

Time = 509s

smoothSolver:  Solving for Ux, Initial residual = 0.0009015502, Final residual = 1.3035468e-05, No Iterations 3
smoothSolver:  Solving for Uy, Initial residual = 0.0089927428, Final residual = 0.00012313232, No Iterations 3
smoothSolver:  Solving for Uz, Initial residual = 0.0095042978, Final residual = 0.00013818977, No Iterations 3
GAMG:  Solving for p, Initial residual = 0.012626998, Final residual = 0.00010447214, No Iterations 3
GAMG:  Solving for p, Initial residual = 0.00023714312, Final residual = 2.210077e-06, No Iterations 4
time step continuity errors : sum local = 2.005627e-05, global = -4.4116839e-06, cumulative = 0.00032295679
smoothSolver:  Solving for omega, Initial residual = 0.00041098305, Final residual = 3.444611e-06, No Iterations 2
smoothSolver:  Solving for k, Initial residual = 0.0021132232, Final residual = 2.1260103e-05, No Iterations 2
bounding k, min: 9.3784532e-17 max: 0.31831845 average: 0.060484151
ExecutionTime = 683.2383 s  ClockTime = 684 s

Time = 510s

smoothSolver:  Solving for Ux, Initial residual = 0.00089764047, Final residual = 1.2986316e-05, No Iterations 3
smoothSolver:  Solving for Uy, Initial residual = 0.0089562597, Final residual = 0.00012280594, No Iterations 3
smoothSolver:  Solving for Uz, Initial residual = 0.0095130451, Final residual = 0.00013840852, No Iterations 3
GAMG:  Solving for p, Initial residual = 0.012563671, Final residual = 0.00010392984, No Iterations 3
GAMG:  Solving for p, Initial residual = 0.00023527464, Final residual = 2.0974593e-06, No Iterations 4
time step continuity errors : sum local = 1.9012295e-05, global = -4.0961212e-06, cumulative = 0.00031886067
smoothSolver:  Solving for omega, Initial residual = 0.00040964889, Final residual = 3.3858172e-06, No Iterations 2
smoothSolver:  Solving for k, Initial residual = 0.0021024502, Final residual = 2.1095427e-05, No Iterations 2
bounding k, min: 9.3485431e-17 max: 0.31836773 average: 0.060481456
ExecutionTime = 684.47684 s  ClockTime = 685 s

Time = 511s

smoothSolver:  Solving for Ux, Initial residual = 0.00089369682, Final residual = 1.2940366e-05, No Iterations 3
smoothSolver:  Solving for Uy, Initial residual = 0.008905575, Final residual = 0.0001224066, No Iterations 3
smoothSolver:  Solving for Uz, Initial residual = 0.0095134709, Final residual = 0.00013851423, No Iterations 3
GAMG:  Solving for p, Initial residual = 0.012461085, Final residual = 0.0001019935, No Iterations 3
GAMG:  Solving for p, Initial residual = 0.00023318621, Final residual = 1.9161672e-06, No Iterations 4
time step continuity errors : sum local = 1.7347687e-05, global = -3.4699739e-06, cumulative = 0.0003153907
smoothSolver:  Solving for omega, Initial residual = 0.00040759645, Final residual = 3.3562715e-06, No Iterations 2
smoothSolver:  Solving for k, Initial residual = 0.002091035, Final residual = 2.0993137e-05, No Iterations 2
bounding k, min: 9.2367908e-17 max: 0.31836202 average: 0.060478334
ExecutionTime = 685.64722 s  ClockTime = 686 s

Time = 512s

smoothSolver:  Solving for Ux, Initial residual = 0.00088974708, Final residual = 1.2896197e-05, No Iterations 3
smoothSolver:  Solving for Uy, Initial residual = 0.0088524707, Final residual = 0.00012200985, No Iterations 3
smoothSolver:  Solving for Uz, Initial residual = 0.0095173147, Final residual = 0.0001386938, No Iterations 3
GAMG:  Solving for p, Initial residual = 0.012368404, Final residual = 9.8837327e-05, No Iterations 3
GAMG:  Solving for p, Initial residual = 0.00022990426, Final residual = 1.6560609e-06, No Iterations 4
time step continuity errors : sum local = 1.4979177e-05, global = -2.6485422e-06, cumulative = 0.00031274216
smoothSolver:  Solving for omega, Initial residual = 0.00040642125, Final residual = 3.4227273e-06, No Iterations 2
smoothSolver:  Solving for k, Initial residual = 0.0020810679, Final residual = 2.0900686e-05, No Iterations 2
bounding k, min: 9.1792397e-17 max: 0.31837104 average: 0.060474363
ExecutionTime = 686.841 s  ClockTime = 688 s

Time = 513s

smoothSolver:  Solving for Ux, Initial residual = 0.00088559901, Final residual = 1.2850394e-05, No Iterations 3
smoothSolver:  Solving for Uy, Initial residual = 0.0087982623, Final residual = 0.00012168063, No Iterations 3
smoothSolver:  Solving for Uz, Initial residual = 0.0095123872, Final residual = 0.00013882976, No Iterations 3
GAMG:  Solving for p, Initial residual = 0.012237521, Final residual = 9.5021818e-05, No Iterations 3
GAMG:  Solving for p, Initial residual = 0.00022612435, Final residual = 1.529089e-06, No Iterations 4
time step continuity errors : sum local = 1.3821269e-05, global = -2.2851261e-06, cumulative = 0.00031045703
smoothSolver:  Solving for omega, Initial residual = 0.0004097339, Final residual = 3.4316249e-06, No Iterations 2
smoothSolver:  Solving for k, Initial residual = 0.0020719814, Final residual = 2.085948e-05, No Iterations 2
bounding k, min: 9.1872443e-17 max: 0.31827939 average: 0.060469845
ExecutionTime = 688.01005 s  ClockTime = 689 s

Time = 514s

smoothSolver:  Solving for Ux, Initial residual = 0.00088133435, Final residual = 1.2802153e-05, No Iterations 3
smoothSolver:  Solving for Uy, Initial residual = 0.0087455353, Final residual = 0.00012130355, No Iterations 3
smoothSolver:  Solving for Uz, Initial residual = 0.0095035231, Final residual = 0.00013894238, No Iterations 3
GAMG:  Solving for p, Initial residual = 0.012134035, Final residual = 9.0319926e-05, No Iterations 3
GAMG:  Solving for p, Initial residual = 0.00022133556, Final residual = 1.2949182e-06, No Iterations 4
time step continuity errors : sum local = 1.1699203e-05, global = -1.8147865e-06, cumulative = 0.00030864224
smoothSolver:  Solving for omega, Initial residual = 0.00040439933, Final residual = 3.352728e-06, No Iterations 2
smoothSolver:  Solving for k, Initial residual = 0.0020618641, Final residual = 2.0772901e-05, No Iterations 2
bounding k, min: 9.1502665e-17 max: 0.31816766 average: 0.060464275
ExecutionTime = 689.16958 s  ClockTime = 690 s

Time = 515s

smoothSolver:  Solving for Ux, Initial residual = 0.00087701174, Final residual = 1.2751836e-05, No Iterations 3
smoothSolver:  Solving for Uy, Initial residual = 0.0086856271, Final residual = 0.0001210227, No Iterations 3
smoothSolver:  Solving for Uz, Initial residual = 0.0094876129, Final residual = 0.00013898455, No Iterations 3
GAMG:  Solving for p, Initial residual = 0.012022476, Final residual = 8.5857228e-05, No Iterations 3
GAMG:  Solving for p, Initial residual = 0.00021612458, Final residual = 1.2246131e-06, No Iterations 4
time step continuity errors : sum local = 1.1060398e-05, global = -1.717558e-06, cumulative = 0.00030692469
smoothSolver:  Solving for omega, Initial residual = 0.00040201336, Final residual = 3.4099859e-06, No Iterations 2
smoothSolver:  Solving for k, Initial residual = 0.0020496669, Final residual = 2.065944e-05, No Iterations 2
bounding k, min: 9.127267e-17 max: 0.31804522 average: 0.060458794
ExecutionTime = 690.41033 s  ClockTime = 691 s

Time = 516s

smoothSolver:  Solving for Ux, Initial residual = 0.00087290848, Final residual = 1.2696183e-05, No Iterations 3
smoothSolver:  Solving for Uy, Initial residual = 0.0086318786, Final residual = 0.00012076092, No Iterations 3
smoothSolver:  Solving for Uz, Initial residual = 0.0094675992, Final residual = 0.00013894106, No Iterations 3
GAMG:  Solving for p, Initial residual = 0.011920686, Final residual = 8.1987405e-05, No Iterations 3
GAMG:  Solving for p, Initial residual = 0.00021058585, Final residual = 1.1447401e-06, No Iterations 4
time step continuity errors : sum local = 1.0335267e-05, global = -1.6372815e-06, cumulative = 0.0003052874
smoothSolver:  Solving for omega, Initial residual = 0.00039922467, Final residual = 3.332259e-06, No Iterations 2
smoothSolver:  Solving for k, Initial residual = 0.0020413757, Final residual = 2.0627845e-05, No Iterations 2
bounding k, min: 9.1571788e-17 max: 0.31781046 average: 0.060451727
ExecutionTime = 691.9652 s  ClockTime = 693 s

Time = 517s

smoothSolver:  Solving for Ux, Initial residual = 0.00086855287, Final residual = 1.2638898e-05, No Iterations 3
smoothSolver:  Solving for Uy, Initial residual = 0.0085852451, Final residual = 0.00012052897, No Iterations 3
smoothSolver:  Solving for Uz, Initial residual = 0.0094465161, Final residual = 0.00013881764, No Iterations 3
GAMG:  Solving for p, Initial residual = 0.011833921, Final residual = 7.9074561e-05, No Iterations 3
GAMG:  Solving for p, Initial residual = 0.00020609226, Final residual = 1.0611755e-06, No Iterations 4
time step continuity errors : sum local = 9.5791756e-06, global = -1.4608705e-06, cumulative = 0.00030382653
smoothSolver:  Solving for omega, Initial residual = 0.00039992179, Final residual = 3.2846721e-06, No Iterations 2
smoothSolver:  Solving for k, Initial residual = 0.0020303629, Final residual = 2.0535398e-05, No Iterations 2
bounding k, min: 9.1356188e-17 max: 0.3178724 average: 0.060444599
ExecutionTime = 693.34727 s  ClockTime = 694 s

Time = 518s

smoothSolver:  Solving for Ux, Initial residual = 0.00086417322, Final residual = 1.2578629e-05, No Iterations 3
smoothSolver:  Solving for Uy, Initial residual = 0.0085364693, Final residual = 0.00012023328, No Iterations 3
smoothSolver:  Solving for Uz, Initial residual = 0.0094260761, Final residual = 0.00013865837, No Iterations 3
GAMG:  Solving for p, Initial residual = 0.011744443, Final residual = 7.7315604e-05, No Iterations 3
GAMG:  Solving for p, Initial residual = 0.00020286658, Final residual = 1.1117483e-06, No Iterations 4
time step continuity errors : sum local = 1.0033613e-05, global = -1.6750484e-06, cumulative = 0.00030215148
smoothSolver:  Solving for omega, Initial residual = 0.00039841923, Final residual = 3.3810725e-06, No Iterations 2
smoothSolver:  Solving for k, Initial residual = 0.0020255783, Final residual = 2.0525316e-05, No Iterations 2
bounding k, min: 9.1248534e-17 max: 0.31792873 average: 0.060436196
ExecutionTime = 694.56312 s  ClockTime = 695 s

Time = 519s

smoothSolver:  Solving for Ux, Initial residual = 0.00085936882, Final residual = 1.2517637e-05, No Iterations 3
smoothSolver:  Solving for Uy, Initial residual = 0.0084959959, Final residual = 0.00011997517, No Iterations 3
smoothSolver:  Solving for Uz, Initial residual = 0.0094072138, Final residual = 0.00013851596, No Iterations 3
GAMG:  Solving for p, Initial residual = 0.011676974, Final residual = 7.6813451e-05, No Iterations 3
GAMG:  Solving for p, Initial residual = 0.00020141692, Final residual = 1.1272409e-06, No Iterations 4
time step continuity errors : sum local = 1.016941e-05, global = -1.734985e-06, cumulative = 0.0003004165
smoothSolver:  Solving for omega, Initial residual = 0.00039957775, Final residual = 3.373756e-06, No Iterations 2
smoothSolver:  Solving for k, Initial residual = 0.0020183133, Final residual = 2.0477048e-05, No Iterations 2
bounding k, min: 9.1704164e-17 max: 0.31793341 average: 0.060427247
ExecutionTime = 695.65788 s  ClockTime = 696 s

Time = 520s

smoothSolver:  Solving for Ux, Initial residual = 0.0008546132, Final residual = 1.2454468e-05, No Iterations 3
smoothSolver:  Solving for Uy, Initial residual = 0.0084628026, Final residual = 0.00011977076, No Iterations 3
smoothSolver:  Solving for Uz, Initial residual = 0.0093966936, Final residual = 0.00013841316, No Iterations 3
GAMG:  Solving for p, Initial residual = 0.011617718, Final residual = 7.7804452e-05, No Iterations 3
GAMG:  Solving for p, Initial residual = 0.00020128643, Final residual = 1.1464367e-06, No Iterations 4
time step continuity errors : sum local = 1.0338302e-05, global = -1.859228e-06, cumulative = 0.00029855727
smoothSolver:  Solving for omega, Initial residual = 0.00039603235, Final residual = 3.2591146e-06, No Iterations 2
smoothSolver:  Solving for k, Initial residual = 0.0020104118, Final residual = 2.0393894e-05, No Iterations 2
bounding k, min: 9.1569047e-17 max: 0.31783885 average: 0.060417533
ExecutionTime = 696.9752 s  ClockTime = 698 s

Time = 521s

smoothSolver:  Solving for Ux, Initial residual = 0.00084970027, Final residual = 1.2395383e-05, No Iterations 3
smoothSolver:  Solving for Uy, Initial residual = 0.0084294914, Final residual = 0.00011965135, No Iterations 3
smoothSolver:  Solving for Uz, Initial residual = 0.009382203, Final residual = 0.00013821125, No Iterations 3
GAMG:  Solving for p, Initial residual = 0.011564955, Final residual = 8.0045023e-05, No Iterations 3
GAMG:  Solving for p, Initial residual = 0.0002030166, Final residual = 1.155698e-06, No Iterations 4
time step continuity errors : sum local = 1.0415648e-05, global = -1.968888e-06, cumulative = 0.00029658838
smoothSolver:  Solving for omega, Initial residual = 0.00039773855, Final residual = 3.3685748e-06, No Iterations 2
smoothSolver:  Solving for k, Initial residual = 0.0020048044, Final residual = 2.035747e-05, No Iterations 2
bounding k, min: 9.1478169e-17 max: 0.31777198 average: 0.060407374
ExecutionTime = 698.28524 s  ClockTime = 699 s

Time = 522s

smoothSolver:  Solving for Ux, Initial residual = 0.00084496008, Final residual = 1.233586e-05, No Iterations 3
smoothSolver:  Solving for Uy, Initial residual = 0.0084120481, Final residual = 0.00011970048, No Iterations 3
smoothSolver:  Solving for Uz, Initial residual = 0.0093731092, Final residual = 0.00013799523, No Iterations 3
GAMG:  Solving for p, Initial residual = 0.011526464, Final residual = 8.3032907e-05, No Iterations 3
GAMG:  Solving for p, Initial residual = 0.00020588151, Final residual = 1.1779886e-06, No Iterations 4
time step continuity errors : sum local = 1.0610302e-05, global = -2.1549328e-06, cumulative = 0.00029443345
smoothSolver:  Solving for omega, Initial residual = 0.00039601392, Final residual = 3.3614314e-06, No Iterations 2
smoothSolver:  Solving for k, Initial residual = 0.0019986817, Final residual = 2.0295506e-05, No Iterations 2
bounding k, min: 9.1444353e-17 max: 0.31756478 average: 0.060397127
ExecutionTime = 699.42682 s  ClockTime = 700 s

Time = 523s

smoothSolver:  Solving for Ux, Initial residual = 0.00084015102, Final residual = 1.2282792e-05, No Iterations 3
smoothSolver:  Solving for Uy, Initial residual = 0.0084098176, Final residual = 0.00012001494, No Iterations 3
smoothSolver:  Solving for Uz, Initial residual = 0.009363213, Final residual = 0.00013775512, No Iterations 3
GAMG:  Solving for p, Initial residual = 0.011494446, Final residual = 8.6107069e-05, No Iterations 3
GAMG:  Solving for p, Initial residual = 0.00020998435, Final residual = 1.2114455e-06, No Iterations 4
time step continuity errors : sum local = 1.0902412e-05, global = -2.550141e-06, cumulative = 0.00029188331
smoothSolver:  Solving for omega, Initial residual = 0.00039481068, Final residual = 3.322417e-06, No Iterations 2
smoothSolver:  Solving for k, Initial residual = 0.001991083, Final residual = 2.0214169e-05, No Iterations 2
bounding k, min: 9.1481131e-17 max: 0.31741412 average: 0.06038709
ExecutionTime = 700.61123 s  ClockTime = 701 s

Time = 524s

smoothSolver:  Solving for Ux, Initial residual = 0.0008356437, Final residual = 1.2233711e-05, No Iterations 3
smoothSolver:  Solving for Uy, Initial residual = 0.0084157048, Final residual = 0.00012040629, No Iterations 3
smoothSolver:  Solving for Uz, Initial residual = 0.0093554767, Final residual = 0.00013741278, No Iterations 3
GAMG:  Solving for p, Initial residual = 0.011476225, Final residual = 8.8766918e-05, No Iterations 3
GAMG:  Solving for p, Initial residual = 0.00021373836, Final residual = 1.2062946e-06, No Iterations 4
time step continuity errors : sum local = 1.0844256e-05, global = -2.0692522e-06, cumulative = 0.00028981406
smoothSolver:  Solving for omega, Initial residual = 0.00039344981, Final residual = 3.3618358e-06, No Iterations 2
smoothSolver:  Solving for k, Initial residual = 0.0019855319, Final residual = 2.0184102e-05, No Iterations 2
bounding k, min: 9.1506006e-17 max: 0.31715106 average: 0.060376555
ExecutionTime = 702.3365 s  ClockTime = 703 s

Time = 525s

smoothSolver:  Solving for Ux, Initial residual = 0.00083121421, Final residual = 1.2185913e-05, No Iterations 3
smoothSolver:  Solving for Uy, Initial residual = 0.0084275386, Final residual = 0.00012088608, No Iterations 3
smoothSolver:  Solving for Uz, Initial residual = 0.0093413164, Final residual = 0.00013712107, No Iterations 3
GAMG:  Solving for p, Initial residual = 0.01146682, Final residual = 9.0643336e-05, No Iterations 3
GAMG:  Solving for p, Initial residual = 0.0002163856, Final residual = 1.169756e-06, No Iterations 4
time step continuity errors : sum local = 1.0501114e-05, global = -1.1543661e-06, cumulative = 0.00028865969
smoothSolver:  Solving for omega, Initial residual = 0.00039513384, Final residual = 3.3337376e-06, No Iterations 2
smoothSolver:  Solving for k, Initial residual = 0.0019805802, Final residual = 2.0129315e-05, No Iterations 2
bounding k, min: 9.1518465e-17 max: 0.31686634 average: 0.060366531
ExecutionTime = 704.03483 s  ClockTime = 705 s

Time = 526s

smoothSolver:  Solving for Ux, Initial residual = 0.00082702376, Final residual = 1.2133835e-05, No Iterations 3
smoothSolver:  Solving for Uy, Initial residual = 0.0084485107, Final residual = 0.00012142559, No Iterations 3
smoothSolver:  Solving for Uz, Initial residual = 0.0093271869, Final residual = 0.00013684818, No Iterations 3
GAMG:  Solving for p, Initial residual = 0.011487372, Final residual = 9.0656426e-05, No Iterations 3
GAMG:  Solving for p, Initial residual = 0.00021677958, Final residual = 1.1492894e-06, No Iterations 4
time step continuity errors : sum local = 1.0301215e-05, global = -5.104302e-08, cumulative = 0.00028860865
smoothSolver:  Solving for omega, Initial residual = 0.00039012927, Final residual = 3.2147133e-06, No Iterations 2
smoothSolver:  Solving for k, Initial residual = 0.0019755469, Final residual = 2.0046684e-05, No Iterations 2
bounding k, min: 9.1516351e-17 max: 0.31681892 average: 0.060356184
ExecutionTime = 705.46662 s  ClockTime = 706 s

Time = 527s

smoothSolver:  Solving for Ux, Initial residual = 0.00082292385, Final residual = 1.2078489e-05, No Iterations 3
smoothSolver:  Solving for Uy, Initial residual = 0.0084674016, Final residual = 0.00012196918, No Iterations 3
smoothSolver:  Solving for Uz, Initial residual = 0.0093077955, Final residual = 0.00013660718, No Iterations 3
GAMG:  Solving for p, Initial residual = 0.011485454, Final residual = 8.8737686e-05, No Iterations 3
GAMG:  Solving for p, Initial residual = 0.00021460429, Final residual = 1.095323e-06, No Iterations 4
time step continuity errors : sum local = 9.8009955e-06, global = -1.5631832e-08, cumulative = 0.00028859302
smoothSolver:  Solving for omega, Initial residual = 0.00038889133, Final residual = 3.3194256e-06, No Iterations 2
smoothSolver:  Solving for k, Initial residual = 0.0019697202, Final residual = 2.0006286e-05, No Iterations 2
bounding k, min: 9.1499912e-17 max: 0.31681643 average: 0.060346593
ExecutionTime = 706.81859 s  ClockTime = 708 s

Time = 528s

smoothSolver:  Solving for Ux, Initial residual = 0.00081884319, Final residual = 1.2017339e-05, No Iterations 3
smoothSolver:  Solving for Uy, Initial residual = 0.0084884479, Final residual = 0.00012244733, No Iterations 3
smoothSolver:  Solving for Uz, Initial residual = 0.0092872222, Final residual = 0.00013631404, No Iterations 3
GAMG:  Solving for p, Initial residual = 0.011491102, Final residual = 8.6292005e-05, No Iterations 3
GAMG:  Solving for p, Initial residual = 0.00021247321, Final residual = 1.109199e-06, No Iterations 4
time step continuity errors : sum local = 9.9098997e-06, global = -5.1303239e-08, cumulative = 0.00028854171
smoothSolver:  Solving for omega, Initial residual = 0.00038822186, Final residual = 3.3078519e-06, No Iterations 2
smoothSolver:  Solving for k, Initial residual = 0.0019645301, Final residual = 1.9928705e-05, No Iterations 2
bounding k, min: 9.1469655e-17 max: 0.31673404 average: 0.060337012
ExecutionTime = 708.09688 s  ClockTime = 709 s

Time = 529s

smoothSolver:  Solving for Ux, Initial residual = 0.00081488415, Final residual = 1.1952788e-05, No Iterations 3
smoothSolver:  Solving for Uy, Initial residual = 0.0085031017, Final residual = 0.00012283565, No Iterations 3
smoothSolver:  Solving for Uz, Initial residual = 0.0092688888, Final residual = 0.00013611555, No Iterations 3
GAMG:  Solving for p, Initial residual = 0.01148381, Final residual = 8.449892e-05, No Iterations 3
GAMG:  Solving for p, Initial residual = 0.00021100147, Final residual = 1.1279167e-06, No Iterations 4
time step continuity errors : sum local = 1.0062444e-05, global = -1.6670983e-07, cumulative = 0.000288375
smoothSolver:  Solving for omega, Initial residual = 0.00038866467, Final residual = 3.2196646e-06, No Iterations 2
smoothSolver:  Solving for k, Initial residual = 0.0019598563, Final residual = 1.9905019e-05, No Iterations 2
bounding k, min: 9.1427923e-17 max: 0.31660875 average: 0.060328156
ExecutionTime = 709.2527 s  ClockTime = 710 s

Time = 530s

smoothSolver:  Solving for Ux, Initial residual = 0.00081074618, Final residual = 1.1881532e-05, No Iterations 3
smoothSolver:  Solving for Uy, Initial residual = 0.0085187812, Final residual = 0.00012315428, No Iterations 3
smoothSolver:  Solving for Uz, Initial residual = 0.0092520589, Final residual = 0.00013585514, No Iterations 3
GAMG:  Solving for p, Initial residual = 0.011480106, Final residual = 8.3937707e-05, No Iterations 3
GAMG:  Solving for p, Initial residual = 0.0002108923, Final residual = 1.219288e-06, No Iterations 4
time step continuity errors : sum local = 1.0867195e-05, global = -2.8292504e-07, cumulative = 0.00028809208
smoothSolver:  Solving for omega, Initial residual = 0.00038885403, Final residual = 3.2758337e-06, No Iterations 2
smoothSolver:  Solving for k, Initial residual = 0.0019553267, Final residual = 1.9797223e-05, No Iterations 2
bounding k, min: 9.1378666e-17 max: 0.31653051 average: 0.06031929
ExecutionTime = 710.39576 s  ClockTime = 711 s

Time = 531s

smoothSolver:  Solving for Ux, Initial residual = 0.00080641315, Final residual = 1.1805225e-05, No Iterations 3
smoothSolver:  Solving for Uy, Initial residual = 0.0085275897, Final residual = 0.0001232547, No Iterations 3
smoothSolver:  Solving for Uz, Initial residual = 0.0092364913, Final residual = 0.00013563205, No Iterations 3
GAMG:  Solving for p, Initial residual = 0.011482268, Final residual = 8.3868735e-05, No Iterations 3
GAMG:  Solving for p, Initial residual = 0.00021000461, Final residual = 1.2397312e-06, No Iterations 4
time step continuity errors : sum local = 1.1039936e-05, global = -2.0781794e-07, cumulative = 0.00028788426
smoothSolver:  Solving for omega, Initial residual = 0.00038832966, Final residual = 3.2774406e-06, No Iterations 2
smoothSolver:  Solving for k, Initial residual = 0.0019484595, Final residual = 1.9735455e-05, No Iterations 2
bounding k, min: 9.1515339e-17 max: 0.31641009 average: 0.060311146
ExecutionTime = 711.52914 s  ClockTime = 712 s

Time = 532s

smoothSolver:  Solving for Ux, Initial residual = 0.00080198542, Final residual = 1.1721171e-05, No Iterations 3
smoothSolver:  Solving for Uy, Initial residual = 0.0085329985, Final residual = 0.00012314939, No Iterations 3
smoothSolver:  Solving for Uz, Initial residual = 0.0092278898, Final residual = 0.00013541735, No Iterations 3
GAMG:  Solving for p, Initial residual = 0.011459506, Final residual = 8.3676306e-05, No Iterations 3
GAMG:  Solving for p, Initial residual = 0.00020865374, Final residual = 1.2864211e-06, No Iterations 4
time step continuity errors : sum local = 1.1448894e-05, global = -1.3168322e-07, cumulative = 0.00028775258
smoothSolver:  Solving for omega, Initial residual = 0.00038574064, Final residual = 3.2020108e-06, No Iterations 2
smoothSolver:  Solving for k, Initial residual = 0.0019431149, Final residual = 1.9616851e-05, No Iterations 2
bounding k, min: 9.1321158e-17 max: 0.31620607 average: 0.060303468
ExecutionTime = 712.68577 s  ClockTime = 713 s

Time = 533s

smoothSolver:  Solving for Ux, Initial residual = 0.00079728676, Final residual = 1.1630078e-05, No Iterations 3
smoothSolver:  Solving for Uy, Initial residual = 0.0085308197, Final residual = 0.00012291908, No Iterations 3
smoothSolver:  Solving for Uz, Initial residual = 0.009224196, Final residual = 0.00013513741, No Iterations 3
GAMG:  Solving for p, Initial residual = 0.011441643, Final residual = 8.3076402e-05, No Iterations 3
GAMG:  Solving for p, Initial residual = 0.00020599663, Final residual = 1.2711457e-06, No Iterations 4
time step continuity errors : sum local = 1.1307986e-05, global = 7.1771553e-08, cumulative = 0.00028782435
smoothSolver:  Solving for omega, Initial residual = 0.00038723582, Final residual = 3.2795567e-06, No Iterations 2
smoothSolver:  Solving for k, Initial residual = 0.0019359238, Final residual = 1.9551726e-05, No Iterations 2
bounding k, min: 9.1166472e-17 max: 0.31602267 average: 0.060296839
ExecutionTime = 714.20512 s  ClockTime = 715 s

Time = 534s

smoothSolver:  Solving for Ux, Initial residual = 0.00079246022, Final residual = 1.1533829e-05, No Iterations 3
smoothSolver:  Solving for Uy, Initial residual = 0.0085175644, Final residual = 0.00012253128, No Iterations 3
smoothSolver:  Solving for Uz, Initial residual = 0.0092200642, Final residual = 0.00013483883, No Iterations 3
GAMG:  Solving for p, Initial residual = 0.011419953, Final residual = 8.1634223e-05, No Iterations 3
GAMG:  Solving for p, Initial residual = 0.00020321584, Final residual = 1.2090727e-06, No Iterations 4
time step continuity errors : sum local = 1.0751634e-05, global = 3.2645134e-07, cumulative = 0.0002881508
smoothSolver:  Solving for omega, Initial residual = 0.00038723858, Final residual = 3.2277686e-06, No Iterations 2
smoothSolver:  Solving for k, Initial residual = 0.0019339501, Final residual = 1.9515066e-05, No Iterations 2
bounding k, min: 9.1030684e-17 max: 0.31582604 average: 0.060289779
ExecutionTime = 715.81313 s  ClockTime = 717 s

Time = 535s

smoothSolver:  Solving for Ux, Initial residual = 0.00078731796, Final residual = 1.1433654e-05, No Iterations 3
smoothSolver:  Solving for Uy, Initial residual = 0.0085002032, Final residual = 0.00012196152, No Iterations 3
smoothSolver:  Solving for Uz, Initial residual = 0.0092172519, Final residual = 0.00013450074, No Iterations 3
GAMG:  Solving for p, Initial residual = 0.011382786, Final residual = 7.8884866e-05, No Iterations 3
GAMG:  Solving for p, Initial residual = 0.00019918575, Final residual = 1.149634e-06, No Iterations 4
time step continuity errors : sum local = 1.0220334e-05, global = 4.93837e-07, cumulative = 0.00028864464
smoothSolver:  Solving for omega, Initial residual = 0.00038423057, Final residual = 3.1872737e-06, No Iterations 2
smoothSolver:  Solving for k, Initial residual = 0.0019305461, Final residual = 1.944357e-05, No Iterations 2
bounding k, min: 9.09252e-17 max: 0.31635807 average: 0.060283488
ExecutionTime = 717.11722 s  ClockTime = 718 s

Time = 536s

smoothSolver:  Solving for Ux, Initial residual = 0.00078219734, Final residual = 1.1333397e-05, No Iterations 3
smoothSolver:  Solving for Uy, Initial residual = 0.0084711348, Final residual = 0.00012122141, No Iterations 3
smoothSolver:  Solving for Uz, Initial residual = 0.0092089631, Final residual = 0.00013416588, No Iterations 3
GAMG:  Solving for p, Initial residual = 0.011320184, Final residual = 7.5274456e-05, No Iterations 3
GAMG:  Solving for p, Initial residual = 0.00019448714, Final residual = 9.9197316e-07, No Iterations 4
time step continuity errors : sum local = 8.8189457e-06, global = 5.3978892e-07, cumulative = 0.00028918443
smoothSolver:  Solving for omega, Initial residual = 0.00038597944, Final residual = 3.3020072e-06, No Iterations 2
smoothSolver:  Solving for k, Initial residual = 0.0019237803, Final residual = 1.9317045e-05, No Iterations 2
bounding k, min: 9.0841333e-17 max: 0.31689536 average: 0.060277742
ExecutionTime = 718.7091 s  ClockTime = 720 s

Time = 537s

smoothSolver:  Solving for Ux, Initial residual = 0.00077671187, Final residual = 1.1237901e-05, No Iterations 3
smoothSolver:  Solving for Uy, Initial residual = 0.0084298835, Final residual = 0.00012048772, No Iterations 3
smoothSolver:  Solving for Uz, Initial residual = 0.0091972716, Final residual = 0.00013379383, No Iterations 3
GAMG:  Solving for p, Initial residual = 0.011213534, Final residual = 7.1401753e-05, No Iterations 3
GAMG:  Solving for p, Initial residual = 0.00018966097, Final residual = 9.2044759e-07, No Iterations 4
time step continuity errors : sum local = 8.1835787e-06, global = 7.4400646e-07, cumulative = 0.00028992843
smoothSolver:  Solving for omega, Initial residual = 0.00038891896, Final residual = 3.2615212e-06, No Iterations 2
smoothSolver:  Solving for k, Initial residual = 0.0019142817, Final residual = 1.9182872e-05, No Iterations 2
bounding k, min: 9.078304e-17 max: 0.31739973 average: 0.06027209
ExecutionTime = 720.31038 s  ClockTime = 721 s

Time = 538s

smoothSolver:  Solving for Ux, Initial residual = 0.00077151077, Final residual = 1.1152436e-05, No Iterations 3
smoothSolver:  Solving for Uy, Initial residual = 0.0083785216, Final residual = 0.0001196894, No Iterations 3
smoothSolver:  Solving for Uz, Initial residual = 0.0091745619, Final residual = 0.00013336219, No Iterations 3
GAMG:  Solving for p, Initial residual = 0.011067558, Final residual = 6.8413617e-05, No Iterations 3
GAMG:  Solving for p, Initial residual = 0.00018577184, Final residual = 8.1295923e-07, No Iterations 4
time step continuity errors : sum local = 7.2295936e-06, global = 7.4094156e-07, cumulative = 0.00029066937
smoothSolver:  Solving for omega, Initial residual = 0.00038525414, Final residual = 3.1967645e-06, No Iterations 2
smoothSolver:  Solving for k, Initial residual = 0.0019071027, Final residual = 1.9116876e-05, No Iterations 2
bounding k, min: 9.0779478e-17 max: 0.31786797 average: 0.060266385
ExecutionTime = 721.86464 s  ClockTime = 723 s

Time = 539s

smoothSolver:  Solving for Ux, Initial residual = 0.00076631845, Final residual = 1.1077547e-05, No Iterations 3
smoothSolver:  Solving for Uy, Initial residual = 0.0083225322, Final residual = 0.00011891367, No Iterations 3
smoothSolver:  Solving for Uz, Initial residual = 0.0091556821, Final residual = 0.00013309092, No Iterations 3
GAMG:  Solving for p, Initial residual = 0.01088812, Final residual = 6.5938001e-05, No Iterations 3
GAMG:  Solving for p, Initial residual = 0.00018174415, Final residual = 7.8052487e-07, No Iterations 4
time step continuity errors : sum local = 6.94167e-06, global = 8.7601365e-07, cumulative = 0.00029154539
smoothSolver:  Solving for omega, Initial residual = 0.00038329424, Final residual = 3.2464319e-06, No Iterations 2
smoothSolver:  Solving for k, Initial residual = 0.0018968005, Final residual = 1.8985337e-05, No Iterations 2
bounding k, min: 9.0769264e-17 max: 0.31831553 average: 0.060260623
ExecutionTime = 723.23313 s  ClockTime = 724 s

Time = 540s

smoothSolver:  Solving for Ux, Initial residual = 0.00076158665, Final residual = 1.1012287e-05, No Iterations 3
smoothSolver:  Solving for Uy, Initial residual = 0.008262032, Final residual = 0.00011826797, No Iterations 3
smoothSolver:  Solving for Uz, Initial residual = 0.0091391811, Final residual = 0.00013286944, No Iterations 3
GAMG:  Solving for p, Initial residual = 0.010735603, Final residual = 6.4526375e-05, No Iterations 3
GAMG:  Solving for p, Initial residual = 0.00017904854, Final residual = 8.1178969e-07, No Iterations 4
time step continuity errors : sum local = 7.2198364e-06, global = 7.3792494e-07, cumulative = 0.00029228331
smoothSolver:  Solving for omega, Initial residual = 0.0003795268, Final residual = 3.1790811e-06, No Iterations 2
smoothSolver:  Solving for k, Initial residual = 0.0018892945, Final residual = 1.8935757e-05, No Iterations 2
bounding k, min: 9.0749552e-17 max: 0.31877932 average: 0.060254501
ExecutionTime = 725.03022 s  ClockTime = 726 s

Time = 541s

smoothSolver:  Solving for Ux, Initial residual = 0.00075703403, Final residual = 1.0951492e-05, No Iterations 3
smoothSolver:  Solving for Uy, Initial residual = 0.0082088711, Final residual = 0.00011752631, No Iterations 3
smoothSolver:  Solving for Uz, Initial residual = 0.009124537, Final residual = 0.0001327302, No Iterations 3
GAMG:  Solving for p, Initial residual = 0.010627541, Final residual = 6.3454345e-05, No Iterations 3
GAMG:  Solving for p, Initial residual = 0.00017605937, Final residual = 9.0579123e-07, No Iterations 4
time step continuity errors : sum local = 8.0547567e-06, global = 6.5525545e-07, cumulative = 0.00029293857
smoothSolver:  Solving for omega, Initial residual = 0.00038027509, Final residual = 3.1495298e-06, No Iterations 2
smoothSolver:  Solving for k, Initial residual = 0.0018765512, Final residual = 1.8764765e-05, No Iterations 2
bounding k, min: 9.0746322e-17 max: 0.31919812 average: 0.060247954
ExecutionTime = 726.70407 s  ClockTime = 728 s

Time = 542s

smoothSolver:  Solving for Ux, Initial residual = 0.00075309146, Final residual = 1.0894351e-05, No Iterations 3
smoothSolver:  Solving for Uy, Initial residual = 0.0081498455, Final residual = 0.00011683333, No Iterations 3
smoothSolver:  Solving for Uz, Initial residual = 0.0090997536, Final residual = 0.00013250147, No Iterations 3
GAMG:  Solving for p, Initial residual = 0.010522362, Final residual = 6.3594535e-05, No Iterations 3
GAMG:  Solving for p, Initial residual = 0.00017525373, Final residual = 1.0416754e-06, No Iterations 4
time step continuity errors : sum local = 9.2621286e-06, global = 4.3817586e-07, cumulative = 0.00029337674
smoothSolver:  Solving for omega, Initial residual = 0.00038155836, Final residual = 3.233864e-06, No Iterations 2
smoothSolver:  Solving for k, Initial residual = 0.0018637829, Final residual = 1.8605858e-05, No Iterations 2
bounding k, min: 9.0746191e-17 max: 0.31956617 average: 0.060240735
ExecutionTime = 728.21048 s  ClockTime = 729 s

Time = 543s

smoothSolver:  Solving for Ux, Initial residual = 0.00074918902, Final residual = 1.0834152e-05, No Iterations 3
smoothSolver:  Solving for Uy, Initial residual = 0.0080970815, Final residual = 0.00011617893, No Iterations 3
smoothSolver:  Solving for Uz, Initial residual = 0.0090805103, Final residual = 0.00013226436, No Iterations 3
GAMG:  Solving for p, Initial residual = 0.010488595, Final residual = 6.4174134e-05, No Iterations 3
GAMG:  Solving for p, Initial residual = 0.00017423302, Final residual = 1.1675483e-06, No Iterations 4
time step continuity errors : sum local = 1.0381408e-05, global = 1.1530176e-06, cumulative = 0.00029452976
smoothSolver:  Solving for omega, Initial residual = 0.00037992017, Final residual = 3.2208979e-06, No Iterations 2
smoothSolver:  Solving for k, Initial residual = 0.0018490902, Final residual = 1.8428159e-05, No Iterations 2
bounding k, min: 9.0748924e-17 max: 0.31990149 average: 0.06023308
ExecutionTime = 729.91105 s  ClockTime = 731 s

Time = 544s

smoothSolver:  Solving for Ux, Initial residual = 0.00074561525, Final residual = 1.0772313e-05, No Iterations 3
smoothSolver:  Solving for Uy, Initial residual = 0.0080435506, Final residual = 0.00011548843, No Iterations 3
smoothSolver:  Solving for Uz, Initial residual = 0.0090528085, Final residual = 0.00013182392, No Iterations 3
GAMG:  Solving for p, Initial residual = 0.01046745, Final residual = 6.5256604e-05, No Iterations 3
GAMG:  Solving for p, Initial residual = 0.00017482335, Final residual = 1.2928776e-06, No Iterations 4
time step continuity errors : sum local = 1.1495064e-05, global = 2.2769609e-06, cumulative = 0.00029680672
smoothSolver:  Solving for omega, Initial residual = 0.00037647551, Final residual = 3.1720507e-06, No Iterations 2
smoothSolver:  Solving for k, Initial residual = 0.0018359087, Final residual = 1.8288197e-05, No Iterations 2
bounding k, min: 9.0752319e-17 max: 0.32025549 average: 0.060224735
ExecutionTime = 731.34949 s  ClockTime = 732 s

Time = 545s

smoothSolver:  Solving for Ux, Initial residual = 0.0007420692, Final residual = 1.0704694e-05, No Iterations 3
smoothSolver:  Solving for Uy, Initial residual = 0.0079945152, Final residual = 0.00011478833, No Iterations 3
smoothSolver:  Solving for Uz, Initial residual = 0.0090238042, Final residual = 0.00013115195, No Iterations 3
GAMG:  Solving for p, Initial residual = 0.010427941, Final residual = 6.617772e-05, No Iterations 3
GAMG:  Solving for p, Initial residual = 0.00017456177, Final residual = 1.4169452e-06, No Iterations 4
time step continuity errors : sum local = 1.2597982e-05, global = 3.1902747e-06, cumulative = 0.000299997
smoothSolver:  Solving for omega, Initial residual = 0.0003762207, Final residual = 3.2554757e-06, No Iterations 2
smoothSolver:  Solving for k, Initial residual = 0.0018241829, Final residual = 1.8171992e-05, No Iterations 2
bounding k, min: 9.0756163e-17 max: 0.32062221 average: 0.06021526
ExecutionTime = 732.94193 s  ClockTime = 734 s

Time = 546s

smoothSolver:  Solving for Ux, Initial residual = 0.00073856709, Final residual = 1.0635366e-05, No Iterations 3
smoothSolver:  Solving for Uy, Initial residual = 0.0079477842, Final residual = 0.00011393644, No Iterations 3
smoothSolver:  Solving for Uz, Initial residual = 0.0089925245, Final residual = 0.00013034724, No Iterations 3
GAMG:  Solving for p, Initial residual = 0.01038482, Final residual = 6.7189643e-05, No Iterations 3
GAMG:  Solving for p, Initial residual = 0.00017439188, Final residual = 1.5136529e-06, No Iterations 4
time step continuity errors : sum local = 1.3462063e-05, global = 3.2047983e-06, cumulative = 0.0003032018
smoothSolver:  Solving for omega, Initial residual = 0.00037320937, Final residual = 3.1277497e-06, No Iterations 2
smoothSolver:  Solving for k, Initial residual = 0.0018129328, Final residual = 1.8014859e-05, No Iterations 2
bounding k, min: 9.0760633e-17 max: 0.32094172 average: 0.060205046
ExecutionTime = 734.44715 s  ClockTime = 735 s

Time = 547s

smoothSolver:  Solving for Ux, Initial residual = 0.00073464075, Final residual = 1.0562376e-05, No Iterations 3
smoothSolver:  Solving for Uy, Initial residual = 0.0079040601, Final residual = 0.00011316688, No Iterations 3
smoothSolver:  Solving for Uz, Initial residual = 0.0089536382, Final residual = 0.00012933943, No Iterations 3
GAMG:  Solving for p, Initial residual = 0.010329978, Final residual = 6.7562902e-05, No Iterations 3
GAMG:  Solving for p, Initial residual = 0.00017332912, Final residual = 1.5180415e-06, No Iterations 4
time step continuity errors : sum local = 1.3504487e-05, global = 2.9458724e-06, cumulative = 0.00030614767
smoothSolver:  Solving for omega, Initial residual = 0.0003705425, Final residual = 3.1123978e-06, No Iterations 2
smoothSolver:  Solving for k, Initial residual = 0.0018002274, Final residual = 1.7868345e-05, No Iterations 2
bounding k, min: 9.0765094e-17 max: 0.32118154 average: 0.060194141
ExecutionTime = 736.14018 s  ClockTime = 737 s

Time = 548s

smoothSolver:  Solving for Ux, Initial residual = 0.00073056528, Final residual = 1.0494254e-05, No Iterations 3
smoothSolver:  Solving for Uy, Initial residual = 0.0078592293, Final residual = 0.00011230646, No Iterations 3
smoothSolver:  Solving for Uz, Initial residual = 0.0089038909, Final residual = 0.0001282551, No Iterations 3
GAMG:  Solving for p, Initial residual = 0.010262414, Final residual = 6.787538e-05, No Iterations 3
GAMG:  Solving for p, Initial residual = 0.00017205586, Final residual = 1.4441607e-06, No Iterations 4
time step continuity errors : sum local = 1.2852506e-05, global = 2.5860002e-06, cumulative = 0.00030873367
smoothSolver:  Solving for omega, Initial residual = 0.00037276558, Final residual = 3.2452003e-06, No Iterations 2
smoothSolver:  Solving for k, Initial residual = 0.0017874706, Final residual = 1.7672279e-05, No Iterations 2
bounding k, min: 9.0772773e-17 max: 0.32137383 average: 0.060182937
ExecutionTime = 737.48315 s  ClockTime = 738 s

Time = 549s

smoothSolver:  Solving for Ux, Initial residual = 0.00072640383, Final residual = 1.0430041e-05, No Iterations 3
smoothSolver:  Solving for Uy, Initial residual = 0.007814653, Final residual = 0.0001116095, No Iterations 3
smoothSolver:  Solving for Uz, Initial residual = 0.0088472169, Final residual = 0.00012710996, No Iterations 3
GAMG:  Solving for p, Initial residual = 0.010221942, Final residual = 6.7669365e-05, No Iterations 3
GAMG:  Solving for p, Initial residual = 0.00017067468, Final residual = 1.2643923e-06, No Iterations 4
time step continuity errors : sum local = 1.1254961e-05, global = 1.9202677e-06, cumulative = 0.00031065394
smoothSolver:  Solving for omega, Initial residual = 0.00037561374, Final residual = 3.2150063e-06, No Iterations 2
smoothSolver:  Solving for k, Initial residual = 0.0017755659, Final residual = 1.7573827e-05, No Iterations 2
bounding k, min: 9.0784187e-17 max: 0.32157179 average: 0.060171867
ExecutionTime = 738.85178 s  ClockTime = 740 s

Time = 550s

smoothSolver:  Solving for Ux, Initial residual = 0.00072270338, Final residual = 1.0375137e-05, No Iterations 3
smoothSolver:  Solving for Uy, Initial residual = 0.0077671792, Final residual = 0.00011087887, No Iterations 3
smoothSolver:  Solving for Uz, Initial residual = 0.0087855572, Final residual = 0.00012596546, No Iterations 3
GAMG:  Solving for p, Initial residual = 0.010151396, Final residual = 6.7235279e-05, No Iterations 3
GAMG:  Solving for p, Initial residual = 0.00016962912, Final residual = 1.1867586e-06, No Iterations 4
time step continuity errors : sum local = 1.0565939e-05, global = -3.8569772e-07, cumulative = 0.00031026824
smoothSolver:  Solving for omega, Initial residual = 0.00037109161, Final residual = 3.112397e-06, No Iterations 2
smoothSolver:  Solving for k, Initial residual = 0.0017604859, Final residual = 1.7363863e-05, No Iterations 2
bounding k, min: 9.0786372e-17 max: 0.3216781 average: 0.060160973
ExecutionTime = 740.56574 s  ClockTime = 741 s

Time = 551s

smoothSolver:  Solving for Ux, Initial residual = 0.00071918492, Final residual = 1.0329649e-05, No Iterations 3
smoothSolver:  Solving for Uy, Initial residual = 0.0077226309, Final residual = 0.00011023768, No Iterations 3
smoothSolver:  Solving for Uz, Initial residual = 0.0087141955, Final residual = 0.00012473608, No Iterations 3
GAMG:  Solving for p, Initial residual = 0.010095542, Final residual = 6.6236822e-05, No Iterations 3
GAMG:  Solving for p, Initial residual = 0.00016882631, Final residual = 1.2324382e-06, No Iterations 4
time step continuity errors : sum local = 1.0971706e-05, global = -1.557647e-06, cumulative = 0.00030871059
smoothSolver:  Solving for omega, Initial residual = 0.00036855988, Final residual = 3.1730471e-06, No Iterations 2
smoothSolver:  Solving for k, Initial residual = 0.0017456389, Final residual = 1.7227124e-05, No Iterations 2
bounding k, min: 9.0770012e-17 max: 0.32169129 average: 0.060150363
ExecutionTime = 742.25965 s  ClockTime = 743 s

Time = 552s

smoothSolver:  Solving for Ux, Initial residual = 0.00071655289, Final residual = 1.0293309e-05, No Iterations 3
smoothSolver:  Solving for Uy, Initial residual = 0.0076796412, Final residual = 0.00010961234, No Iterations 3
smoothSolver:  Solving for Uz, Initial residual = 0.0086345683, Final residual = 0.00012348632, No Iterations 3
GAMG:  Solving for p, Initial residual = 0.010014749, Final residual = 6.5286984e-05, No Iterations 3
GAMG:  Solving for p, Initial residual = 0.0001676092, Final residual = 1.4439474e-06, No Iterations 4
time step continuity errors : sum local = 1.2854016e-05, global = -3.1152993e-06, cumulative = 0.00030559529
smoothSolver:  Solving for omega, Initial residual = 0.00036668706, Final residual = 3.0950769e-06, No Iterations 2
smoothSolver:  Solving for k, Initial residual = 0.0017302937, Final residual = 1.7067462e-05, No Iterations 2
bounding k, min: 9.0772113e-17 max: 0.32172361 average: 0.060140979
ExecutionTime = 743.78211 s  ClockTime = 745 s

Time = 553s

smoothSolver:  Solving for Ux, Initial residual = 0.00071416288, Final residual = 1.0262264e-05, No Iterations 3
smoothSolver:  Solving for Uy, Initial residual = 0.0076348456, Final residual = 0.00010899049, No Iterations 3
smoothSolver:  Solving for Uz, Initial residual = 0.0085541713, Final residual = 0.00012230435, No Iterations 3
GAMG:  Solving for p, Initial residual = 0.0099264133, Final residual = 6.4468993e-05, No Iterations 3
GAMG:  Solving for p, Initial residual = 0.00016679019, Final residual = 1.4276698e-06, No Iterations 4
time step continuity errors : sum local = 1.2703201e-05, global = -3.1616904e-06, cumulative = 0.0003024336
smoothSolver:  Solving for omega, Initial residual = 0.00036680688, Final residual = 3.0923852e-06, No Iterations 2
smoothSolver:  Solving for k, Initial residual = 0.0017186385, Final residual = 1.6978157e-05, No Iterations 2
bounding k, min: 9.0778514e-17 max: 0.32168578 average: 0.060132573
ExecutionTime = 745.17735 s  ClockTime = 746 s

Time = 554s

smoothSolver:  Solving for Ux, Initial residual = 0.00071246489, Final residual = 1.0235682e-05, No Iterations 3
smoothSolver:  Solving for Uy, Initial residual = 0.0075928017, Final residual = 0.00010843616, No Iterations 3
smoothSolver:  Solving for Uz, Initial residual = 0.0084786034, Final residual = 0.00012120008, No Iterations 3
GAMG:  Solving for p, Initial residual = 0.009857667, Final residual = 6.3497563e-05, No Iterations 3
GAMG:  Solving for p, Initial residual = 0.00016468278, Final residual = 1.3985436e-06, No Iterations 4
time step continuity errors : sum local = 1.2439544e-05, global = -3.1187837e-06, cumulative = 0.00029931482
smoothSolver:  Solving for omega, Initial residual = 0.00036765078, Final residual = 3.1833874e-06, No Iterations 2
smoothSolver:  Solving for k, Initial residual = 0.0017046569, Final residual = 1.6821639e-05, No Iterations 2
bounding k, min: 9.0787803e-17 max: 0.32155428 average: 0.060125359
ExecutionTime = 746.46447 s  ClockTime = 747 s

Time = 555s

smoothSolver:  Solving for Ux, Initial residual = 0.00071090012, Final residual = 1.0208137e-05, No Iterations 3
smoothSolver:  Solving for Uy, Initial residual = 0.0075505337, Final residual = 0.00010795276, No Iterations 3
smoothSolver:  Solving for Uz, Initial residual = 0.0084060348, Final residual = 0.00012007257, No Iterations 3
GAMG:  Solving for p, Initial residual = 0.0097914855, Final residual = 6.2787545e-05, No Iterations 3
GAMG:  Solving for p, Initial residual = 0.00016305013, Final residual = 1.3285811e-06, No Iterations 4
time step continuity errors : sum local = 1.1811388e-05, global = -3.1226557e-06, cumulative = 0.00029619216
smoothSolver:  Solving for omega, Initial residual = 0.00036576338, Final residual = 3.1616451e-06, No Iterations 2
smoothSolver:  Solving for k, Initial residual = 0.0016929317, Final residual = 1.668552e-05, No Iterations 2
bounding k, min: 9.0799817e-17 max: 0.32137716 average: 0.060119266
ExecutionTime = 747.62376 s  ClockTime = 748 s

Time = 556s

smoothSolver:  Solving for Ux, Initial residual = 0.00070968174, Final residual = 1.0179759e-05, No Iterations 3
smoothSolver:  Solving for Uy, Initial residual = 0.0075046602, Final residual = 0.00010742319, No Iterations 3
smoothSolver:  Solving for Uz, Initial residual = 0.0083378807, Final residual = 0.00011895657, No Iterations 3
GAMG:  Solving for p, Initial residual = 0.0097374541, Final residual = 6.2049406e-05, No Iterations 3
GAMG:  Solving for p, Initial residual = 0.00016055341, Final residual = 1.2955061e-06, No Iterations 4
time step continuity errors : sum local = 1.1513145e-05, global = -3.1579477e-06, cumulative = 0.00029303421
smoothSolver:  Solving for omega, Initial residual = 0.00036205995, Final residual = 3.1399452e-06, No Iterations 2
smoothSolver:  Solving for k, Initial residual = 0.001682533, Final residual = 1.6587028e-05, No Iterations 2
bounding k, min: 9.0833188e-17 max: 0.32119476 average: 0.060114058
ExecutionTime = 748.8261 s  ClockTime = 750 s

Time = 557s

smoothSolver:  Solving for Ux, Initial residual = 0.00070832912, Final residual = 1.0144622e-05, No Iterations 3
smoothSolver:  Solving for Uy, Initial residual = 0.0074620436, Final residual = 0.0001069348, No Iterations 3
smoothSolver:  Solving for Uz, Initial residual = 0.0082770487, Final residual = 0.00011776751, No Iterations 3
GAMG:  Solving for p, Initial residual = 0.0096786253, Final residual = 6.1284496e-05, No Iterations 3
GAMG:  Solving for p, Initial residual = 0.00015864942, Final residual = 1.2430253e-06, No Iterations 4
time step continuity errors : sum local = 1.1042419e-05, global = -3.2166791e-06, cumulative = 0.00028981754
smoothSolver:  Solving for omega, Initial residual = 0.00036430114, Final residual = 3.2209751e-06, No Iterations 2
smoothSolver:  Solving for k, Initial residual = 0.0016704827, Final residual = 1.6445831e-05, No Iterations 2
bounding k, min: 9.0800026e-17 max: 0.32092315 average: 0.060110792
ExecutionTime = 749.99258 s  ClockTime = 751 s

Time = 558s

smoothSolver:  Solving for Ux, Initial residual = 0.00070682164, Final residual = 1.0103559e-05, No Iterations 3
smoothSolver:  Solving for Uy, Initial residual = 0.0074234449, Final residual = 0.00010643901, No Iterations 3
smoothSolver:  Solving for Uz, Initial residual = 0.0082128134, Final residual = 0.00011654244, No Iterations 3
GAMG:  Solving for p, Initial residual = 0.0096182563, Final residual = 6.0803163e-05, No Iterations 3
GAMG:  Solving for p, Initial residual = 0.00015666232, Final residual = 1.2252903e-06, No Iterations 4
time step continuity errors : sum local = 1.0880187e-05, global = -3.2208943e-06, cumulative = 0.00028659664
smoothSolver:  Solving for omega, Initial residual = 0.00036211173, Final residual = 3.0865941e-06, No Iterations 2
smoothSolver:  Solving for k, Initial residual = 0.0016667322, Final residual = 1.6441199e-05, No Iterations 2
bounding k, min: 9.077813e-17 max: 0.32056749 average: 0.060107714
ExecutionTime = 751.24118 s  ClockTime = 752 s

Time = 559s

smoothSolver:  Solving for Ux, Initial residual = 0.00070526217, Final residual = 1.0055434e-05, No Iterations 3
smoothSolver:  Solving for Uy, Initial residual = 0.0073916329, Final residual = 0.00010585313, No Iterations 3
smoothSolver:  Solving for Uz, Initial residual = 0.0081561093, Final residual = 0.00011523941, No Iterations 3
GAMG:  Solving for p, Initial residual = 0.0096067449, Final residual = 6.0348944e-05, No Iterations 3
GAMG:  Solving for p, Initial residual = 0.00015577765, Final residual = 1.0931821e-06, No Iterations 4
time step continuity errors : sum local = 9.7022599e-06, global = -2.3505642e-06, cumulative = 0.00028424608
smoothSolver:  Solving for omega, Initial residual = 0.0003594507, Final residual = 3.0438651e-06, No Iterations 2
smoothSolver:  Solving for k, Initial residual = 0.0016568633, Final residual = 1.6263051e-05, No Iterations 2
bounding k, min: 9.077675e-17 max: 0.32022104 average: 0.060106172
ExecutionTime = 752.40464 s  ClockTime = 753 s

Time = 560s

smoothSolver:  Solving for Ux, Initial residual = 0.00070332638, Final residual = 1.0006566e-05, No Iterations 3
smoothSolver:  Solving for Uy, Initial residual = 0.0073584741, Final residual = 0.00010515412, No Iterations 3
smoothSolver:  Solving for Uz, Initial residual = 0.0080950766, Final residual = 0.00011396336, No Iterations 3
GAMG:  Solving for p, Initial residual = 0.0096052642, Final residual = 5.9999204e-05, No Iterations 3
GAMG:  Solving for p, Initial residual = 0.00015452366, Final residual = 1.0665498e-06, No Iterations 4
time step continuity errors : sum local = 9.460971e-06, global = -2.0637075e-06, cumulative = 0.00028218237
smoothSolver:  Solving for omega, Initial residual = 0.00036261193, Final residual = 3.1883873e-06, No Iterations 2
smoothSolver:  Solving for k, Initial residual = 0.0016460721, Final residual = 1.6132103e-05, No Iterations 2
bounding k, min: 9.0773278e-17 max: 0.31982378 average: 0.060105654
ExecutionTime = 753.7898 s  ClockTime = 755 s

Time = 561s

smoothSolver:  Solving for Ux, Initial residual = 0.00070101614, Final residual = 9.9551522e-06, No Iterations 3
smoothSolver:  Solving for Uy, Initial residual = 0.0073301061, Final residual = 0.00010444537, No Iterations 3
smoothSolver:  Solving for Uz, Initial residual = 0.0080380492, Final residual = 0.00011270102, No Iterations 3
GAMG:  Solving for p, Initial residual = 0.0096154862, Final residual = 5.9541744e-05, No Iterations 3
GAMG:  Solving for p, Initial residual = 0.00015324938, Final residual = 9.8474123e-07, No Iterations 4
time step continuity errors : sum local = 8.7312609e-06, global = -1.3818596e-06, cumulative = 0.00028080051
smoothSolver:  Solving for omega, Initial residual = 0.00036590254, Final residual = 3.1666116e-06, No Iterations 2
smoothSolver:  Solving for k, Initial residual = 0.001637436, Final residual = 1.6017831e-05, No Iterations 2
bounding k, min: 9.0774978e-17 max: 0.31935425 average: 0.060105841
ExecutionTime = 754.99919 s  ClockTime = 756 s

Time = 562s

smoothSolver:  Solving for Ux, Initial residual = 0.00069862623, Final residual = 9.9092389e-06, No Iterations 3
smoothSolver:  Solving for Uy, Initial residual = 0.0072976996, Final residual = 0.00010367162, No Iterations 3
smoothSolver:  Solving for Uz, Initial residual = 0.007981438, Final residual = 0.00011146271, No Iterations 3
GAMG:  Solving for p, Initial residual = 0.0096089797, Final residual = 5.9220741e-05, No Iterations 3
GAMG:  Solving for p, Initial residual = 0.00015151532, Final residual = 9.1777966e-07, No Iterations 4
time step continuity errors : sum local = 8.1343672e-06, global = -2.7822032e-07, cumulative = 0.00028052229
smoothSolver:  Solving for omega, Initial residual = 0.00036197507, Final residual = 3.0809917e-06, No Iterations 2
smoothSolver:  Solving for k, Initial residual = 0.0016298165, Final residual = 1.590814e-05, No Iterations 2
bounding k, min: 9.0758557e-17 max: 0.31882143 average: 0.060106204
ExecutionTime = 756.1673 s  ClockTime = 757 s

Time = 563s

smoothSolver:  Solving for Ux, Initial residual = 0.00069561831, Final residual = 9.8680656e-06, No Iterations 3
smoothSolver:  Solving for Uy, Initial residual = 0.0072590693, Final residual = 0.00010287811, No Iterations 3
smoothSolver:  Solving for Uz, Initial residual = 0.0079167606, Final residual = 0.00011021493, No Iterations 3
GAMG:  Solving for p, Initial residual = 0.0096100489, Final residual = 5.9366296e-05, No Iterations 3
GAMG:  Solving for p, Initial residual = 0.00015007816, Final residual = 9.048211e-07, No Iterations 4
time step continuity errors : sum local = 8.0180174e-06, global = 7.6357914e-07, cumulative = 0.00028128587
smoothSolver:  Solving for omega, Initial residual = 0.00036108414, Final residual = 3.1539969e-06, No Iterations 2
smoothSolver:  Solving for k, Initial residual = 0.0016211794, Final residual = 1.5807883e-05, No Iterations 2
bounding k, min: 9.0753114e-17 max: 0.31831263 average: 0.060106991
ExecutionTime = 757.42061 s  ClockTime = 758 s

Time = 564s

smoothSolver:  Solving for Ux, Initial residual = 0.00069242322, Final residual = 9.8324081e-06, No Iterations 3
smoothSolver:  Solving for Uy, Initial residual = 0.0072215844, Final residual = 0.0001022248, No Iterations 3
smoothSolver:  Solving for Uz, Initial residual = 0.0078495097, Final residual = 0.00010907225, No Iterations 3
GAMG:  Solving for p, Initial residual = 0.009600761, Final residual = 6.0304281e-05, No Iterations 3
GAMG:  Solving for p, Initial residual = 0.0001488903, Final residual = 9.7831592e-07, No Iterations 4
time step continuity errors : sum local = 8.6693253e-06, global = 8.65138e-07, cumulative = 0.00028215101
smoothSolver:  Solving for omega, Initial residual = 0.00035849373, Final residual = 3.0738267e-06, No Iterations 2
smoothSolver:  Solving for k, Initial residual = 0.0016129919, Final residual = 1.569497e-05, No Iterations 2
bounding k, min: 9.0759754e-17 max: 0.31775474 average: 0.060107539
ExecutionTime = 758.60426 s  ClockTime = 759 s

Time = 565s

smoothSolver:  Solving for Ux, Initial residual = 0.00068900973, Final residual = 9.7950114e-06, No Iterations 3
smoothSolver:  Solving for Uy, Initial residual = 0.0071814733, Final residual = 0.00010161682, No Iterations 3
smoothSolver:  Solving for Uz, Initial residual = 0.0077805723, Final residual = 0.00010803997, No Iterations 3
GAMG:  Solving for p, Initial residual = 0.0095738538, Final residual = 6.151471e-05, No Iterations 3
GAMG:  Solving for p, Initial residual = 0.0001481706, Final residual = 9.8699326e-07, No Iterations 4
time step continuity errors : sum local = 8.7469686e-06, global = 9.5702431e-07, cumulative = 0.00028310803
smoothSolver:  Solving for omega, Initial residual = 0.00036013986, Final residual = 3.0871456e-06, No Iterations 2
smoothSolver:  Solving for k, Initial residual = 0.0016069687, Final residual = 1.5636584e-05, No Iterations 2
bounding k, min: 9.077328e-17 max: 0.31715019 average: 0.060107881
ExecutionTime = 759.77658 s  ClockTime = 761 s

Time = 566s

smoothSolver:  Solving for Ux, Initial residual = 0.00068574839, Final residual = 9.7569817e-06, No Iterations 3
smoothSolver:  Solving for Uy, Initial residual = 0.0071405746, Final residual = 0.00010107013, No Iterations 3
smoothSolver:  Solving for Uz, Initial residual = 0.0077132505, Final residual = 0.00010712678, No Iterations 3
GAMG:  Solving for p, Initial residual = 0.0095309348, Final residual = 6.289425e-05, No Iterations 3
GAMG:  Solving for p, Initial residual = 0.00014762728, Final residual = 1.0114663e-06, No Iterations 4
time step continuity errors : sum local = 8.9666965e-06, global = 3.6078152e-07, cumulative = 0.00028346881
smoothSolver:  Solving for omega, Initial residual = 0.00036296273, Final residual = 3.1785668e-06, No Iterations 2
smoothSolver:  Solving for k, Initial residual = 0.0015982912, Final residual = 1.5483778e-05, No Iterations 2
bounding k, min: 9.0753172e-17 max: 0.31651022 average: 0.060107868
ExecutionTime = 761.07648 s  ClockTime = 762 s

Time = 567s

smoothSolver:  Solving for Ux, Initial residual = 0.00068243383, Final residual = 9.7120158e-06, No Iterations 3
smoothSolver:  Solving for Uy, Initial residual = 0.0071004073, Final residual = 0.00010049365, No Iterations 3
smoothSolver:  Solving for Uz, Initial residual = 0.007646148, Final residual = 0.00010633515, No Iterations 3
GAMG:  Solving for p, Initial residual = 0.0094787561, Final residual = 6.4118817e-05, No Iterations 3
GAMG:  Solving for p, Initial residual = 0.00014724103, Final residual = 9.8180448e-07, No Iterations 4
time step continuity errors : sum local = 8.7058168e-06, global = -5.9179578e-07, cumulative = 0.00028287702
smoothSolver:  Solving for omega, Initial residual = 0.00036119446, Final residual = 3.0988758e-06, No Iterations 2
smoothSolver:  Solving for k, Initial residual = 0.0015896348, Final residual = 1.5405211e-05, No Iterations 2
bounding k, min: 9.0755815e-17 max: 0.31585123 average: 0.06010729
ExecutionTime = 762.35389 s  ClockTime = 763 s

Time = 568s

smoothSolver:  Solving for Ux, Initial residual = 0.00067901103, Final residual = 9.662466e-06, No Iterations 3
smoothSolver:  Solving for Uy, Initial residual = 0.0070628218, Final residual = 9.9912461e-05, No Iterations 3
smoothSolver:  Solving for Uz, Initial residual = 0.0075903378, Final residual = 0.0001056575, No Iterations 3
GAMG:  Solving for p, Initial residual = 0.0094476341, Final residual = 6.4704678e-05, No Iterations 3
GAMG:  Solving for p, Initial residual = 0.00014688794, Final residual = 9.9107561e-07, No Iterations 4
time step continuity errors : sum local = 8.7912742e-06, global = -7.5460135e-07, cumulative = 0.00028212242
smoothSolver:  Solving for omega, Initial residual = 0.00035753599, Final residual = 3.0523346e-06, No Iterations 2
smoothSolver:  Solving for k, Initial residual = 0.0015816322, Final residual = 1.526987e-05, No Iterations 2
bounding k, min: 9.0758261e-17 max: 0.31522578 average: 0.060106287
ExecutionTime = 763.52649 s  ClockTime = 764 s

Time = 569s

smoothSolver:  Solving for Ux, Initial residual = 0.00067553256, Final residual = 9.6036782e-06, No Iterations 3
smoothSolver:  Solving for Uy, Initial residual = 0.0070266976, Final residual = 9.9237269e-05, No Iterations 3
smoothSolver:  Solving for Uz, Initial residual = 0.0075415161, Final residual = 0.00010501247, No Iterations 3
GAMG:  Solving for p, Initial residual = 0.009439359, Final residual = 6.4997783e-05, No Iterations 3
GAMG:  Solving for p, Initial residual = 0.00014689153, Final residual = 9.8031684e-07, No Iterations 4
time step continuity errors : sum local = 8.6997057e-06, global = 1.0528153e-08, cumulative = 0.00028213294
smoothSolver:  Solving for omega, Initial residual = 0.00035860575, Final residual = 3.182024e-06, No Iterations 2
smoothSolver:  Solving for k, Initial residual = 0.0015737849, Final residual = 1.516919e-05, No Iterations 2
bounding k, min: 9.0755058e-17 max: 0.31467802 average: 0.060104673
ExecutionTime = 764.7337 s  ClockTime = 766 s

Time = 570s

smoothSolver:  Solving for Ux, Initial residual = 0.00067211141, Final residual = 9.5401844e-06, No Iterations 3
smoothSolver:  Solving for Uy, Initial residual = 0.0069911356, Final residual = 9.8395075e-05, No Iterations 3
smoothSolver:  Solving for Uz, Initial residual = 0.0075024142, Final residual = 0.00010442044, No Iterations 3
GAMG:  Solving for p, Initial residual = 0.0094128333, Final residual = 6.4908095e-05, No Iterations 3
GAMG:  Solving for p, Initial residual = 0.00014724639, Final residual = 9.9827667e-07, No Iterations 4
time step continuity errors : sum local = 8.862467e-06, global = 3.8071776e-07, cumulative = 0.00028251366
smoothSolver:  Solving for omega, Initial residual = 0.00035688102, Final residual = 3.0484962e-06, No Iterations 2
smoothSolver:  Solving for k, Initial residual = 0.0015687384, Final residual = 1.5095165e-05, No Iterations 2
bounding k, min: 9.0752393e-17 max: 0.31413571 average: 0.060102408
ExecutionTime = 765.92889 s  ClockTime = 767 s

Time = 571s

smoothSolver:  Solving for Ux, Initial residual = 0.00066818822, Final residual = 9.4650532e-06, No Iterations 3
smoothSolver:  Solving for Uy, Initial residual = 0.0069642805, Final residual = 9.7594603e-05, No Iterations 3
smoothSolver:  Solving for Uz, Initial residual = 0.0074781787, Final residual = 0.00010382965, No Iterations 3
GAMG:  Solving for p, Initial residual = 0.0094106114, Final residual = 6.5058021e-05, No Iterations 3
GAMG:  Solving for p, Initial residual = 0.00014815414, Final residual = 1.0121745e-06, No Iterations 4
time step continuity errors : sum local = 8.9889757e-06, global = 1.7329054e-07, cumulative = 0.00028268695
smoothSolver:  Solving for omega, Initial residual = 0.00035370466, Final residual = 3.0000696e-06, No Iterations 2
smoothSolver:  Solving for k, Initial residual = 0.0015643222, Final residual = 1.5036931e-05, No Iterations 2
bounding k, min: 9.0748699e-17 max: 0.31358889 average: 0.06009954
ExecutionTime = 767.08395 s  ClockTime = 768 s

Time = 572s

smoothSolver:  Solving for Ux, Initial residual = 0.00066379053, Final residual = 9.3896182e-06, No Iterations 3
smoothSolver:  Solving for Uy, Initial residual = 0.0069242713, Final residual = 9.6585186e-05, No Iterations 3
smoothSolver:  Solving for Uz, Initial residual = 0.0074593366, Final residual = 0.00010328689, No Iterations 3
GAMG:  Solving for p, Initial residual = 0.0094117661, Final residual = 6.5083681e-05, No Iterations 3
GAMG:  Solving for p, Initial residual = 0.00014987599, Final residual = 9.6387575e-07, No Iterations 4
time step continuity errors : sum local = 8.5641674e-06, global = 8.1471441e-07, cumulative = 0.00028350167
smoothSolver:  Solving for omega, Initial residual = 0.00035758479, Final residual = 3.1668322e-06, No Iterations 2
smoothSolver:  Solving for k, Initial residual = 0.0015569402, Final residual = 1.492093e-05, No Iterations 2
bounding k, min: 9.0748118e-17 max: 0.31305088 average: 0.060096975
ExecutionTime = 768.20632 s  ClockTime = 769 s

Time = 573s

smoothSolver:  Solving for Ux, Initial residual = 0.00065848005, Final residual = 9.3120897e-06, No Iterations 3
smoothSolver:  Solving for Uy, Initial residual = 0.0068731605, Final residual = 9.5482527e-05, No Iterations 3
smoothSolver:  Solving for Uz, Initial residual = 0.0074330825, Final residual = 0.00010285142, No Iterations 3
GAMG:  Solving for p, Initial residual = 0.0094046528, Final residual = 6.5559901e-05, No Iterations 3
GAMG:  Solving for p, Initial residual = 0.00015217689, Final residual = 9.3684195e-07, No Iterations 4
time step continuity errors : sum local = 8.3255973e-06, global = -1.703572e-08, cumulative = 0.00028348463
smoothSolver:  Solving for omega, Initial residual = 0.00036153384, Final residual = 3.0863401e-06, No Iterations 2
smoothSolver:  Solving for k, Initial residual = 0.0015504413, Final residual = 1.4815561e-05, No Iterations 2
bounding k, min: 9.0747158e-17 max: 0.31252924 average: 0.060094184
ExecutionTime = 769.31695 s  ClockTime = 770 s

Time = 574s

smoothSolver:  Solving for Ux, Initial residual = 0.00065314468, Final residual = 9.2456671e-06, No Iterations 3
smoothSolver:  Solving for Uy, Initial residual = 0.0068211134, Final residual = 9.4468023e-05, No Iterations 3
smoothSolver:  Solving for Uz, Initial residual = 0.0074074569, Final residual = 0.00010254216, No Iterations 3
GAMG:  Solving for p, Initial residual = 0.0094081357, Final residual = 6.5966133e-05, No Iterations 3
GAMG:  Solving for p, Initial residual = 0.00015454205, Final residual = 1.0299948e-06, No Iterations 4
time step continuity errors : sum local = 9.1560824e-06, global = -1.1762049e-06, cumulative = 0.00028230843
smoothSolver:  Solving for omega, Initial residual = 0.00035636861, Final residual = 3.0116942e-06, No Iterations 2
smoothSolver:  Solving for k, Initial residual = 0.001542992, Final residual = 1.4749171e-05, No Iterations 2
bounding k, min: 9.0747372e-17 max: 0.31202956 average: 0.060091449
ExecutionTime = 770.80948 s  ClockTime = 772 s

Time = 575s

smoothSolver:  Solving for Ux, Initial residual = 0.00064784428, Final residual = 9.1885988e-06, No Iterations 3
smoothSolver:  Solving for Uy, Initial residual = 0.0067638741, Final residual = 9.3520977e-05, No Iterations 3
smoothSolver:  Solving for Uz, Initial residual = 0.0073843219, Final residual = 0.00010239787, No Iterations 3
GAMG:  Solving for p, Initial residual = 0.00940153, Final residual = 6.6606326e-05, No Iterations 3
GAMG:  Solving for p, Initial residual = 0.00015708684, Final residual = 1.185321e-06, No Iterations 4
time step continuity errors : sum local = 1.053688e-05, global = -1.9306647e-06, cumulative = 0.00028037776
smoothSolver:  Solving for omega, Initial residual = 0.0003554695, Final residual = 3.1067112e-06, No Iterations 2
smoothSolver:  Solving for k, Initial residual = 0.0015346417, Final residual = 1.4657428e-05, No Iterations 2
bounding k, min: 9.0748905e-17 max: 0.31155372 average: 0.060089383
ExecutionTime = 772.50187 s  ClockTime = 773 s

Time = 576s

smoothSolver:  Solving for Ux, Initial residual = 0.00064334318, Final residual = 9.1431156e-06, No Iterations 3
smoothSolver:  Solving for Uy, Initial residual = 0.0067056241, Final residual = 9.265325e-05, No Iterations 3
smoothSolver:  Solving for Uz, Initial residual = 0.0073634829, Final residual = 0.0001022832, No Iterations 3
GAMG:  Solving for p, Initial residual = 0.0093811723, Final residual = 6.7318881e-05, No Iterations 3
GAMG:  Solving for p, Initial residual = 0.00015996327, Final residual = 1.3704171e-06, No Iterations 4
time step continuity errors : sum local = 1.2182757e-05, global = -2.5549107e-06, cumulative = 0.00027782285
smoothSolver:  Solving for omega, Initial residual = 0.00035114128, Final residual = 2.9946984e-06, No Iterations 2
smoothSolver:  Solving for k, Initial residual = 0.0015245459, Final residual = 1.4567877e-05, No Iterations 2
bounding k, min: 9.07522e-17 max: 0.31112338 average: 0.060088204
ExecutionTime = 774.03724 s  ClockTime = 775 s

Time = 577s

smoothSolver:  Solving for Ux, Initial residual = 0.00063932146, Final residual = 9.1031617e-06, No Iterations 3
smoothSolver:  Solving for Uy, Initial residual = 0.0066511703, Final residual = 9.1891584e-05, No Iterations 3
smoothSolver:  Solving for Uz, Initial residual = 0.0073405095, Final residual = 0.00010209424, No Iterations 3
GAMG:  Solving for p, Initial residual = 0.009355958, Final residual = 6.8284433e-05, No Iterations 3
GAMG:  Solving for p, Initial residual = 0.00016247581, Final residual = 8.1566699e-07, No Iterations 5
time step continuity errors : sum local = 7.2506965e-06, global = 1.594082e-06, cumulative = 0.00027941693
smoothSolver:  Solving for omega, Initial residual = 0.00035144155, Final residual = 2.9879194e-06, No Iterations 2
smoothSolver:  Solving for k, Initial residual = 0.0015154302, Final residual = 1.4484983e-05, No Iterations 2
bounding k, min: 9.0759221e-17 max: 0.31072872 average: 0.060087784
ExecutionTime = 775.59921 s  ClockTime = 776 s

Time = 578s

smoothSolver:  Solving for Ux, Initial residual = 0.00063595039, Final residual = 9.0683108e-06, No Iterations 3
smoothSolver:  Solving for Uy, Initial residual = 0.0065975347, Final residual = 9.1098107e-05, No Iterations 3
smoothSolver:  Solving for Uz, Initial residual = 0.0073155999, Final residual = 0.00010182929, No Iterations 3
GAMG:  Solving for p, Initial residual = 0.0093669483, Final residual = 6.9256441e-05, No Iterations 3
GAMG:  Solving for p, Initial residual = 0.00016477038, Final residual = 8.6980895e-07, No Iterations 5
time step continuity errors : sum local = 7.7304029e-06, global = 1.8181529e-06, cumulative = 0.00028123509
smoothSolver:  Solving for omega, Initial residual = 0.00035547059, Final residual = 3.0982006e-06, No Iterations 2
smoothSolver:  Solving for k, Initial residual = 0.0015053459, Final residual = 1.4397628e-05, No Iterations 2
bounding k, min: 9.0774868e-17 max: 0.31035728 average: 0.060088689
ExecutionTime = 776.86253 s  ClockTime = 778 s

Time = 579s

smoothSolver:  Solving for Ux, Initial residual = 0.00063265414, Final residual = 9.0334933e-06, No Iterations 3
smoothSolver:  Solving for Uy, Initial residual = 0.0065515068, Final residual = 9.0383201e-05, No Iterations 3
smoothSolver:  Solving for Uz, Initial residual = 0.0072897993, Final residual = 0.00010144425, No Iterations 3
GAMG:  Solving for p, Initial residual = 0.0093750962, Final residual = 7.0882857e-05, No Iterations 3
GAMG:  Solving for p, Initial residual = 0.00016758135, Final residual = 9.0064225e-07, No Iterations 5
time step continuity errors : sum local = 8.003081e-06, global = 1.9689271e-06, cumulative = 0.00028320401
smoothSolver:  Solving for omega, Initial residual = 0.00035374387, Final residual = 3.0111173e-06, No Iterations 2
smoothSolver:  Solving for k, Initial residual = 0.0014961831, Final residual = 1.4320902e-05, No Iterations 2
bounding k, min: 9.0815681e-17 max: 0.31000586 average: 0.060090898
ExecutionTime = 778.03963 s  ClockTime = 779 s

Time = 580s

smoothSolver:  Solving for Ux, Initial residual = 0.00062946203, Final residual = 8.997563e-06, No Iterations 3
smoothSolver:  Solving for Uy, Initial residual = 0.0065119629, Final residual = 8.9726434e-05, No Iterations 3
smoothSolver:  Solving for Uz, Initial residual = 0.0072640072, Final residual = 0.00010092804, No Iterations 3
GAMG:  Solving for p, Initial residual = 0.0094102532, Final residual = 7.2988654e-05, No Iterations 3
GAMG:  Solving for p, Initial residual = 0.00017161278, Final residual = 1.674603e-06, No Iterations 4
time step continuity errors : sum local = 1.487962e-05, global = -2.3890961e-06, cumulative = 0.00028081492
smoothSolver:  Solving for omega, Initial residual = 0.000348925, Final residual = 2.9692034e-06, No Iterations 2
smoothSolver:  Solving for k, Initial residual = 0.0014926433, Final residual = 1.4337255e-05, No Iterations 2
bounding k, min: 9.08495e-17 max: 0.30967092 average: 0.060094285
ExecutionTime = 779.28778 s  ClockTime = 780 s

Time = 581s

smoothSolver:  Solving for Ux, Initial residual = 0.00062643784, Final residual = 8.9557588e-06, No Iterations 3
smoothSolver:  Solving for Uy, Initial residual = 0.0064839647, Final residual = 8.9217259e-05, No Iterations 3
smoothSolver:  Solving for Uz, Initial residual = 0.0072393092, Final residual = 0.00010043563, No Iterations 3
GAMG:  Solving for p, Initial residual = 0.0094201042, Final residual = 7.4817862e-05, No Iterations 3
GAMG:  Solving for p, Initial residual = 0.00017605006, Final residual = 1.6712364e-06, No Iterations 4
time step continuity errors : sum local = 1.4849831e-05, global = -1.3417129e-06, cumulative = 0.0002794732
smoothSolver:  Solving for omega, Initial residual = 0.00035175733, Final residual = 3.1275106e-06, No Iterations 2
smoothSolver:  Solving for k, Initial residual = 0.0014832171, Final residual = 1.4182868e-05, No Iterations 2
bounding k, min: 9.0891193e-17 max: 0.30934847 average: 0.060099419
ExecutionTime = 780.60931 s  ClockTime = 781 s

Time = 582s

smoothSolver:  Solving for Ux, Initial residual = 0.00062337688, Final residual = 8.9103541e-06, No Iterations 3
smoothSolver:  Solving for Uy, Initial residual = 0.0064547694, Final residual = 8.8655812e-05, No Iterations 3
smoothSolver:  Solving for Uz, Initial residual = 0.0072037109, Final residual = 9.9679763e-05, No Iterations 3
GAMG:  Solving for p, Initial residual = 0.0094489317, Final residual = 7.6517459e-05, No Iterations 3
GAMG:  Solving for p, Initial residual = 0.00018045677, Final residual = 1.7477203e-06, No Iterations 4
time step continuity errors : sum local = 1.5532088e-05, global = -7.3330538e-07, cumulative = 0.0002787399
smoothSolver:  Solving for omega, Initial residual = 0.00034997191, Final residual = 2.9842096e-06, No Iterations 2
smoothSolver:  Solving for k, Initial residual = 0.0014779322, Final residual = 1.4184949e-05, No Iterations 2
bounding k, min: 9.1069607e-17 max: 0.30903527 average: 0.060105407
ExecutionTime = 781.96604 s  ClockTime = 783 s

Time = 583s

smoothSolver:  Solving for Ux, Initial residual = 0.00062016701, Final residual = 8.8577095e-06, No Iterations 3
smoothSolver:  Solving for Uy, Initial residual = 0.0064320741, Final residual = 8.8224196e-05, No Iterations 3
smoothSolver:  Solving for Uz, Initial residual = 0.0071721929, Final residual = 9.8975341e-05, No Iterations 3
GAMG:  Solving for p, Initial residual = 0.0094756864, Final residual = 7.789865e-05, No Iterations 3
GAMG:  Solving for p, Initial residual = 0.00018394676, Final residual = 8.7802229e-07, No Iterations 5
time step continuity errors : sum local = 7.8050182e-06, global = 2.1134665e-06, cumulative = 0.00028085336
smoothSolver:  Solving for omega, Initial residual = 0.00034645894, Final residual = 2.931807e-06, No Iterations 2
smoothSolver:  Solving for k, Initial residual = 0.0014730669, Final residual = 1.4119067e-05, No Iterations 2
bounding k, min: 9.0959399e-17 max: 0.30872935 average: 0.060112593
ExecutionTime = 783.61973 s  ClockTime = 784 s

Time = 584s

smoothSolver:  Solving for Ux, Initial residual = 0.00061710826, Final residual = 8.7990499e-06, No Iterations 3
smoothSolver:  Solving for Uy, Initial residual = 0.0064044654, Final residual = 8.7629504e-05, No Iterations 3
smoothSolver:  Solving for Uz, Initial residual = 0.0071357216, Final residual = 9.8322747e-05, No Iterations 3
GAMG:  Solving for p, Initial residual = 0.0095184084, Final residual = 7.8770086e-05, No Iterations 3
GAMG:  Solving for p, Initial residual = 0.00018605451, Final residual = 8.6765022e-07, No Iterations 5
time step continuity errors : sum local = 7.7152844e-06, global = 1.68104e-06, cumulative = 0.0002825344
smoothSolver:  Solving for omega, Initial residual = 0.00035154537, Final residual = 3.0829609e-06, No Iterations 2
smoothSolver:  Solving for k, Initial residual = 0.001462754, Final residual = 1.4002217e-05, No Iterations 2
bounding k, min: 9.102164e-17 max: 0.3084289 average: 0.060121179
ExecutionTime = 784.89762 s  ClockTime = 786 s

Time = 585s

smoothSolver:  Solving for Ux, Initial residual = 0.00061396709, Final residual = 8.738872e-06, No Iterations 3
smoothSolver:  Solving for Uy, Initial residual = 0.0063761443, Final residual = 8.701622e-05, No Iterations 3
smoothSolver:  Solving for Uz, Initial residual = 0.0071054675, Final residual = 9.771651e-05, No Iterations 3
GAMG:  Solving for p, Initial residual = 0.0095505356, Final residual = 7.8722238e-05, No Iterations 3
GAMG:  Solving for p, Initial residual = 0.0001861979, Final residual = 9.0438762e-07, No Iterations 5
time step continuity errors : sum local = 8.0443644e-06, global = 9.060233e-07, cumulative = 0.00028344043
smoothSolver:  Solving for omega, Initial residual = 0.00035480712, Final residual = 3.0267113e-06, No Iterations 2
smoothSolver:  Solving for k, Initial residual = 0.0014578879, Final residual = 1.3973844e-05, No Iterations 2
bounding k, min: 9.1095948e-17 max: 0.30813046 average: 0.060130115
ExecutionTime = 786.17814 s  ClockTime = 787 s

Time = 586s

smoothSolver:  Solving for Ux, Initial residual = 0.00061086064, Final residual = 8.6804154e-06, No Iterations 3
smoothSolver:  Solving for Uy, Initial residual = 0.0063443354, Final residual = 8.6381922e-05, No Iterations 3
smoothSolver:  Solving for Uz, Initial residual = 0.0070763105, Final residual = 9.7181258e-05, No Iterations 3
GAMG:  Solving for p, Initial residual = 0.0095927927, Final residual = 7.8430021e-05, No Iterations 3
GAMG:  Solving for p, Initial residual = 0.00018537552, Final residual = 1.8275266e-06, No Iterations 4
time step continuity errors : sum local = 1.6265125e-05, global = -1.1796446e-06, cumulative = 0.00028226078
smoothSolver:  Solving for omega, Initial residual = 0.00035038373, Final residual = 2.9294267e-06, No Iterations 2
smoothSolver:  Solving for k, Initial residual = 0.001450419, Final residual = 1.3888004e-05, No Iterations 2
bounding k, min: 9.1075963e-17 max: 0.3078315 average: 0.060139505
ExecutionTime = 787.49266 s  ClockTime = 788 s

Time = 587s

smoothSolver:  Solving for Ux, Initial residual = 0.00060775173, Final residual = 8.6279688e-06, No Iterations 3
smoothSolver:  Solving for Uy, Initial residual = 0.006310121, Final residual = 8.5758837e-05, No Iterations 3
smoothSolver:  Solving for Uz, Initial residual = 0.0070425841, Final residual = 9.6567088e-05, No Iterations 3
GAMG:  Solving for p, Initial residual = 0.0095958814, Final residual = 7.7887555e-05, No Iterations 3
GAMG:  Solving for p, Initial residual = 0.00018363473, Final residual = 1.7038001e-06, No Iterations 4
time step continuity errors : sum local = 1.5174996e-05, global = -1.5880156e-06, cumulative = 0.00028067277
smoothSolver:  Solving for omega, Initial residual = 0.00034856014, Final residual = 3.0311629e-06, No Iterations 2
smoothSolver:  Solving for k, Initial residual = 0.0014476168, Final residual = 1.3872775e-05, No Iterations 2
bounding k, min: 9.1404678e-17 max: 0.30753315 average: 0.060148946
ExecutionTime = 788.89976 s  ClockTime = 790 s

Time = 588s

smoothSolver:  Solving for Ux, Initial residual = 0.00060455539, Final residual = 8.5791209e-06, No Iterations 3
smoothSolver:  Solving for Uy, Initial residual = 0.006270946, Final residual = 8.5068267e-05, No Iterations 3
smoothSolver:  Solving for Uz, Initial residual = 0.0070079508, Final residual = 9.6080451e-05, No Iterations 3
GAMG:  Solving for p, Initial residual = 0.0095928836, Final residual = 7.759872e-05, No Iterations 3
GAMG:  Solving for p, Initial residual = 0.00018173687, Final residual = 1.5348044e-06, No Iterations 4
time step continuity errors : sum local = 1.3680877e-05, global = -1.0551621e-06, cumulative = 0.00027961761
smoothSolver:  Solving for omega, Initial residual = 0.00034768938, Final residual = 2.9569006e-06, No Iterations 2
smoothSolver:  Solving for k, Initial residual = 0.0014413226, Final residual = 1.3808598e-05, No Iterations 2
bounding k, min: 9.1297691e-17 max: 0.30723347 average: 0.060158478
ExecutionTime = 790.24388 s  ClockTime = 791 s

Time = 589s

smoothSolver:  Solving for Ux, Initial residual = 0.00060147478, Final residual = 8.5362466e-06, No Iterations 3
smoothSolver:  Solving for Uy, Initial residual = 0.0062292916, Final residual = 8.4420149e-05, No Iterations 3
smoothSolver:  Solving for Uz, Initial residual = 0.0069618701, Final residual = 9.5445422e-05, No Iterations 3
GAMG:  Solving for p, Initial residual = 0.0095381714, Final residual = 7.7293407e-05, No Iterations 3
GAMG:  Solving for p, Initial residual = 0.00017913127, Final residual = 1.4495905e-06, No Iterations 4
time step continuity errors : sum local = 1.2930917e-05, global = -8.3994847e-07, cumulative = 0.00027877766
smoothSolver:  Solving for omega, Initial residual = 0.00034913428, Final residual = 2.9279743e-06, No Iterations 2
smoothSolver:  Solving for k, Initial residual = 0.0014409162, Final residual = 1.3865519e-05, No Iterations 2
bounding k, min: 9.1332904e-17 max: 0.30693411 average: 0.060167355
ExecutionTime = 791.48106 s  ClockTime = 792 s

Time = 590s

smoothSolver:  Solving for Ux, Initial residual = 0.00059831544, Final residual = 8.4920541e-06, No Iterations 3
smoothSolver:  Solving for Uy, Initial residual = 0.0061875741, Final residual = 8.3772478e-05, No Iterations 3
smoothSolver:  Solving for Uz, Initial residual = 0.0069167153, Final residual = 9.476769e-05, No Iterations 3
GAMG:  Solving for p, Initial residual = 0.0094941756, Final residual = 7.6927961e-05, No Iterations 3
GAMG:  Solving for p, Initial residual = 0.00017660143, Final residual = 1.3920683e-06, No Iterations 4
time step continuity errors : sum local = 1.2431898e-05, global = -5.6057478e-07, cumulative = 0.00027821708
smoothSolver:  Solving for omega, Initial residual = 0.00035280655, Final residual = 3.0107966e-06, No Iterations 2
smoothSolver:  Solving for k, Initial residual = 0.0014343491, Final residual = 1.3757876e-05, No Iterations 2
bounding k, min: 9.1270839e-17 max: 0.30663458 average: 0.060175971
ExecutionTime = 792.77613 s  ClockTime = 794 s

Time = 591s

smoothSolver:  Solving for Ux, Initial residual = 0.00059506883, Final residual = 8.4496456e-06, No Iterations 3
smoothSolver:  Solving for Uy, Initial residual = 0.0061384031, Final residual = 8.3090745e-05, No Iterations 3
smoothSolver:  Solving for Uz, Initial residual = 0.0068519348, Final residual = 9.3960417e-05, No Iterations 3
GAMG:  Solving for p, Initial residual = 0.0094077878, Final residual = 7.6495525e-05, No Iterations 3
GAMG:  Solving for p, Initial residual = 0.00017379036, Final residual = 1.3431353e-06, No Iterations 4
time step continuity errors : sum local = 1.2005208e-05, global = -5.4712106e-07, cumulative = 0.00027766996
smoothSolver:  Solving for omega, Initial residual = 0.00035155046, Final residual = 2.9678326e-06, No Iterations 2
smoothSolver:  Solving for k, Initial residual = 0.0014257496, Final residual = 1.3692166e-05, No Iterations 2
bounding k, min: 9.1450351e-17 max: 0.30692041 average: 0.060184325
ExecutionTime = 794.41075 s  ClockTime = 795 s

Time = 592s

smoothSolver:  Solving for Ux, Initial residual = 0.00059164292, Final residual = 8.402953e-06, No Iterations 3
smoothSolver:  Solving for Uy, Initial residual = 0.0060872998, Final residual = 8.2452452e-05, No Iterations 3
smoothSolver:  Solving for Uz, Initial residual = 0.0067786338, Final residual = 9.298702e-05, No Iterations 3
GAMG:  Solving for p, Initial residual = 0.0093357757, Final residual = 7.5943131e-05, No Iterations 3
GAMG:  Solving for p, Initial residual = 0.00017165985, Final residual = 1.3212809e-06, No Iterations 4
time step continuity errors : sum local = 1.1822064e-05, global = -4.6077464e-07, cumulative = 0.00027720919
smoothSolver:  Solving for omega, Initial residual = 0.00034710307, Final residual = 2.9330994e-06, No Iterations 2
smoothSolver:  Solving for k, Initial residual = 0.0014220294, Final residual = 1.3726452e-05, No Iterations 2
bounding k, min: 9.2330329e-17 max: 0.30748289 average: 0.060191679
ExecutionTime = 796.24951 s  ClockTime = 797 s

Time = 593s

smoothSolver:  Solving for Ux, Initial residual = 0.00058844345, Final residual = 8.3541902e-06, No Iterations 3
smoothSolver:  Solving for Uy, Initial residual = 0.0060367851, Final residual = 8.1807465e-05, No Iterations 3
smoothSolver:  Solving for Uz, Initial residual = 0.0066996111, Final residual = 9.1945777e-05, No Iterations 3
GAMG:  Solving for p, Initial residual = 0.0092487119, Final residual = 7.5242395e-05, No Iterations 3
GAMG:  Solving for p, Initial residual = 0.00016957147, Final residual = 1.2926331e-06, No Iterations 4
time step continuity errors : sum local = 1.1574222e-05, global = -7.5628215e-07, cumulative = 0.0002764529
smoothSolver:  Solving for omega, Initial residual = 0.00035033903, Final residual = 3.0711652e-06, No Iterations 2
smoothSolver:  Solving for k, Initial residual = 0.00141765, Final residual = 1.3662622e-05, No Iterations 2
bounding k, min: 9.2385734e-17 max: 0.30796929 average: 0.060198359
ExecutionTime = 797.86121 s  ClockTime = 799 s

Time = 594s

smoothSolver:  Solving for Ux, Initial residual = 0.00058524269, Final residual = 8.3006558e-06, No Iterations 3
smoothSolver:  Solving for Uy, Initial residual = 0.005980958, Final residual = 8.1087075e-05, No Iterations 3
smoothSolver:  Solving for Uz, Initial residual = 0.0066135156, Final residual = 9.0815804e-05, No Iterations 3
GAMG:  Solving for p, Initial residual = 0.009181276, Final residual = 7.4709407e-05, No Iterations 3
GAMG:  Solving for p, Initial residual = 0.00016816186, Final residual = 1.3157188e-06, No Iterations 4
time step continuity errors : sum local = 1.1788855e-05, global = -8.0532727e-07, cumulative = 0.00027564758
smoothSolver:  Solving for omega, Initial residual = 0.0003472618, Final residual = 2.9189604e-06, No Iterations 2
smoothSolver:  Solving for k, Initial residual = 0.0014101207, Final residual = 1.3561871e-05, No Iterations 2
bounding k, min: 9.3041303e-17 max: 0.30839066 average: 0.060204296
ExecutionTime = 799.32345 s  ClockTime = 800 s

Time = 595s

smoothSolver:  Solving for Ux, Initial residual = 0.00058197719, Final residual = 8.2440679e-06, No Iterations 3
smoothSolver:  Solving for Uy, Initial residual = 0.0059263344, Final residual = 8.0372716e-05, No Iterations 3
smoothSolver:  Solving for Uz, Initial residual = 0.0065241661, Final residual = 8.9592551e-05, No Iterations 3
GAMG:  Solving for p, Initial residual = 0.0090803684, Final residual = 7.3986312e-05, No Iterations 3
GAMG:  Solving for p, Initial residual = 0.00016632469, Final residual = 1.2939912e-06, No Iterations 4
time step continuity errors : sum local = 1.1596654e-05, global = -8.2279521e-07, cumulative = 0.00027482478
smoothSolver:  Solving for omega, Initial residual = 0.00034458972, Final residual = 2.8610177e-06, No Iterations 2
smoothSolver:  Solving for k, Initial residual = 0.0014044365, Final residual = 1.353967e-05, No Iterations 2
bounding k, min: 9.3652318e-17 max: 0.30874689 average: 0.060209889
ExecutionTime = 801.08575 s  ClockTime = 802 s

Time = 596s

smoothSolver:  Solving for Ux, Initial residual = 0.00057848486, Final residual = 8.1821465e-06, No Iterations 3
smoothSolver:  Solving for Uy, Initial residual = 0.0058713308, Final residual = 7.9546237e-05, No Iterations 3
smoothSolver:  Solving for Uz, Initial residual = 0.0064373351, Final residual = 8.8476394e-05, No Iterations 3
GAMG:  Solving for p, Initial residual = 0.0089816758, Final residual = 7.3472448e-05, No Iterations 3
GAMG:  Solving for p, Initial residual = 0.00016473727, Final residual = 1.3631413e-06, No Iterations 4
time step continuity errors : sum local = 1.2218583e-05, global = -7.1834474e-07, cumulative = 0.00027410644
smoothSolver:  Solving for omega, Initial residual = 0.00034681881, Final residual = 3.0185004e-06, No Iterations 2
smoothSolver:  Solving for k, Initial residual = 0.0014009544, Final residual = 1.349795e-05, No Iterations 2
bounding k, min: 9.3969737e-17 max: 0.30905129 average: 0.060214501
ExecutionTime = 802.73775 s  ClockTime = 804 s

Time = 597s

smoothSolver:  Solving for Ux, Initial residual = 0.00057474447, Final residual = 8.1212792e-06, No Iterations 3
smoothSolver:  Solving for Uy, Initial residual = 0.0058205604, Final residual = 7.8748483e-05, No Iterations 3
smoothSolver:  Solving for Uz, Initial residual = 0.0063570454, Final residual = 8.7402745e-05, No Iterations 3
GAMG:  Solving for p, Initial residual = 0.0088954973, Final residual = 7.3654549e-05, No Iterations 3
GAMG:  Solving for p, Initial residual = 0.00016340173, Final residual = 1.3330246e-06, No Iterations 4
time step continuity errors : sum local = 1.1947031e-05, global = -2.5227624e-07, cumulative = 0.00027385416
smoothSolver:  Solving for omega, Initial residual = 0.00034920688, Final residual = 2.973389e-06, No Iterations 2
smoothSolver:  Solving for k, Initial residual = 0.0014002491, Final residual = 1.3545507e-05, No Iterations 2
bounding k, min: 9.4234961e-17 max: 0.30930785 average: 0.060218377
ExecutionTime = 804.00491 s  ClockTime = 805 s

Time = 598s

smoothSolver:  Solving for Ux, Initial residual = 0.00057051315, Final residual = 8.0593191e-06, No Iterations 3
smoothSolver:  Solving for Uy, Initial residual = 0.0057747809, Final residual = 7.793722e-05, No Iterations 3
smoothSolver:  Solving for Uz, Initial residual = 0.0062879203, Final residual = 8.6422313e-05, No Iterations 3
GAMG:  Solving for p, Initial residual = 0.0088099844, Final residual = 7.4413987e-05, No Iterations 3
GAMG:  Solving for p, Initial residual = 0.0001628875, Final residual = 1.2970474e-06, No Iterations 4
time step continuity errors : sum local = 1.1622687e-05, global = 9.8855475e-08, cumulative = 0.00027395302
smoothSolver:  Solving for omega, Initial residual = 0.00034511654, Final residual = 2.8378068e-06, No Iterations 2
smoothSolver:  Solving for k, Initial residual = 0.0013963137, Final residual = 1.3479555e-05, No Iterations 2
bounding k, min: 9.4431339e-17 max: 0.30951549 average: 0.060221791
ExecutionTime = 805.30519 s  ClockTime = 806 s

Time = 599s

smoothSolver:  Solving for Ux, Initial residual = 0.00056591696, Final residual = 8.000291e-06, No Iterations 3
smoothSolver:  Solving for Uy, Initial residual = 0.0057302078, Final residual = 7.716989e-05, No Iterations 3
smoothSolver:  Solving for Uz, Initial residual = 0.0062208973, Final residual = 8.5505735e-05, No Iterations 3
GAMG:  Solving for p, Initial residual = 0.0087193878, Final residual = 7.5947894e-05, No Iterations 3
GAMG:  Solving for p, Initial residual = 0.0001632705, Final residual = 1.2701651e-06, No Iterations 4
time step continuity errors : sum local = 1.1376392e-05, global = 2.0280998e-07, cumulative = 0.00027415583
smoothSolver:  Solving for omega, Initial residual = 0.00034420707, Final residual = 2.9390813e-06, No Iterations 2
smoothSolver:  Solving for k, Initial residual = 0.0013881704, Final residual = 1.3399561e-05, No Iterations 2
bounding k, min: 9.4553996e-17 max: 0.30967122 average: 0.0602255
ExecutionTime = 806.97613 s  ClockTime = 808 s

Time = 600s

smoothSolver:  Solving for Ux, Initial residual = 0.00056100893, Final residual = 7.9399608e-06, No Iterations 3
smoothSolver:  Solving for Uy, Initial residual = 0.0056843018, Final residual = 7.6547815e-05, No Iterations 3
smoothSolver:  Solving for Uz, Initial residual = 0.0061642662, Final residual = 8.4629549e-05, No Iterations 3
GAMG:  Solving for p, Initial residual = 0.0086459689, Final residual = 7.7351969e-05, No Iterations 3
GAMG:  Solving for p, Initial residual = 0.0001647708, Final residual = 1.3744609e-06, No Iterations 4
time step continuity errors : sum local = 1.2304912e-05, global = -3.775415e-07, cumulative = 0.00027377828
smoothSolver:  Solving for omega, Initial residual = 0.00034253677, Final residual = 2.8731504e-06, No Iterations 2
smoothSolver:  Solving for k, Initial residual = 0.0013795695, Final residual = 1.3347378e-05, No Iterations 2
bounding k, min: 9.4604588e-17 max: 0.30978211 average: 0.060228764
ExecutionTime = 808.64667 s  ClockTime = 809 s

Time = 601s

smoothSolver:  Solving for Ux, Initial residual = 0.00055618999, Final residual = 7.8819064e-06, No Iterations 3
smoothSolver:  Solving for Uy, Initial residual = 0.0056422063, Final residual = 7.6068358e-05, No Iterations 3
smoothSolver:  Solving for Uz, Initial residual = 0.0061107723, Final residual = 8.3671589e-05, No Iterations 3
GAMG:  Solving for p, Initial residual = 0.008585199, Final residual = 7.8939469e-05, No Iterations 3
GAMG:  Solving for p, Initial residual = 0.0001676478, Final residual = 1.5503219e-06, No Iterations 4
time step continuity errors : sum local = 1.3869822e-05, global = -8.853789e-07, cumulative = 0.00027289291
smoothSolver:  Solving for omega, Initial residual = 0.00034246036, Final residual = 2.8678565e-06, No Iterations 2
smoothSolver:  Solving for k, Initial residual = 0.0013713086, Final residual = 1.3293058e-05, No Iterations 2
bounding k, min: 9.4591822e-17 max: 0.30985702 average: 0.06023225
ExecutionTime = 810.21251 s  ClockTime = 811 s

Time = 602s

smoothSolver:  Solving for Ux, Initial residual = 0.00055142447, Final residual = 7.8227078e-06, No Iterations 3
smoothSolver:  Solving for Uy, Initial residual = 0.0056046998, Final residual = 7.5592926e-05, No Iterations 3
smoothSolver:  Solving for Uz, Initial residual = 0.0060551544, Final residual = 8.2738933e-05, No Iterations 3
GAMG:  Solving for p, Initial residual = 0.0085465553, Final residual = 7.9612802e-05, No Iterations 3
GAMG:  Solving for p, Initial residual = 0.00017058348, Final residual = 1.6372401e-06, No Iterations 4
time step continuity errors : sum local = 1.464057e-05, global = -9.6135415e-07, cumulative = 0.00027193155
smoothSolver:  Solving for omega, Initial residual = 0.00034488142, Final residual = 2.9760165e-06, No Iterations 2
smoothSolver:  Solving for k, Initial residual = 0.0013660758, Final residual = 1.3288437e-05, No Iterations 2
bounding k, min: 9.4529083e-17 max: 0.30990821 average: 0.060235661
ExecutionTime = 811.37212 s  ClockTime = 812 s

Time = 603s

smoothSolver:  Solving for Ux, Initial residual = 0.00054730429, Final residual = 7.764477e-06, No Iterations 3
smoothSolver:  Solving for Uy, Initial residual = 0.0055671176, Final residual = 7.510177e-05, No Iterations 3
smoothSolver:  Solving for Uz, Initial residual = 0.0059979268, Final residual = 8.1764609e-05, No Iterations 3
GAMG:  Solving for p, Initial residual = 0.0085371982, Final residual = 7.9501796e-05, No Iterations 3
GAMG:  Solving for p, Initial residual = 0.00017258785, Final residual = 7.3632645e-07, No Iterations 5
time step continuity errors : sum local = 6.5813627e-06, global = -7.5172266e-09, cumulative = 0.00027192403
smoothSolver:  Solving for omega, Initial residual = 0.00034491708, Final residual = 2.9397678e-06, No Iterations 2
smoothSolver:  Solving for k, Initial residual = 0.0013568808, Final residual = 1.3180131e-05, No Iterations 2
bounding k, min: 9.4431738e-17 max: 0.30993612 average: 0.060239642
ExecutionTime = 812.52604 s  ClockTime = 813 s

Time = 604s

smoothSolver:  Solving for Ux, Initial residual = 0.00054291831, Final residual = 7.7019389e-06, No Iterations 3
smoothSolver:  Solving for Uy, Initial residual = 0.005528165, Final residual = 7.4543736e-05, No Iterations 3
smoothSolver:  Solving for Uz, Initial residual = 0.0059327467, Final residual = 8.0720273e-05, No Iterations 3
GAMG:  Solving for p, Initial residual = 0.0085341873, Final residual = 7.7908374e-05, No Iterations 3
GAMG:  Solving for p, Initial residual = 0.00017318902, Final residual = 7.9260066e-07, No Iterations 5
time step continuity errors : sum local = 7.0822466e-06, global = 5.3934215e-08, cumulative = 0.00027197797
smoothSolver:  Solving for omega, Initial residual = 0.00033769045, Final residual = 2.8760436e-06, No Iterations 2
smoothSolver:  Solving for k, Initial residual = 0.001351524, Final residual = 1.3200168e-05, No Iterations 2
bounding k, min: 9.4314281e-17 max: 0.30994143 average: 0.060243287
ExecutionTime = 813.71778 s  ClockTime = 815 s

Time = 605s

smoothSolver:  Solving for Ux, Initial residual = 0.00053884757, Final residual = 7.6350357e-06, No Iterations 3
smoothSolver:  Solving for Uy, Initial residual = 0.00548773, Final residual = 7.3918159e-05, No Iterations 3
smoothSolver:  Solving for Uz, Initial residual = 0.0058626535, Final residual = 7.9751219e-05, No Iterations 3
GAMG:  Solving for p, Initial residual = 0.0085162484, Final residual = 7.5677789e-05, No Iterations 3
GAMG:  Solving for p, Initial residual = 0.00017262133, Final residual = 8.8298386e-07, No Iterations 5
time step continuity errors : sum local = 7.8902694e-06, global = 6.7885103e-07, cumulative = 0.00027265682
smoothSolver:  Solving for omega, Initial residual = 0.00033847208, Final residual = 2.9498411e-06, No Iterations 2
smoothSolver:  Solving for k, Initial residual = 0.0013420446, Final residual = 1.3095161e-05, No Iterations 2
bounding k, min: 9.4190154e-17 max: 0.30992813 average: 0.060247916
ExecutionTime = 814.83923 s  ClockTime = 816 s

Time = 606s

smoothSolver:  Solving for Ux, Initial residual = 0.00053429312, Final residual = 7.5625607e-06, No Iterations 3
smoothSolver:  Solving for Uy, Initial residual = 0.0054368782, Final residual = 7.3289759e-05, No Iterations 3
smoothSolver:  Solving for Uz, Initial residual = 0.0057940065, Final residual = 7.8839313e-05, No Iterations 3
GAMG:  Solving for p, Initial residual = 0.0084718899, Final residual = 7.3118102e-05, No Iterations 3
GAMG:  Solving for p, Initial residual = 0.00017097821, Final residual = 9.9296342e-07, No Iterations 5
time step continuity errors : sum local = 8.8752276e-06, global = 1.5406706e-06, cumulative = 0.00027419749
smoothSolver:  Solving for omega, Initial residual = 0.0003346865, Final residual = 2.8013603e-06, No Iterations 2
smoothSolver:  Solving for k, Initial residual = 0.0013341666, Final residual = 1.3057192e-05, No Iterations 2
bounding k, min: 9.4069251e-17 max: 0.30990424 average: 0.060252698
ExecutionTime = 815.97408 s  ClockTime = 817 s

Time = 607s

smoothSolver:  Solving for Ux, Initial residual = 0.00052955163, Final residual = 7.4851097e-06, No Iterations 3
smoothSolver:  Solving for Uy, Initial residual = 0.0053857228, Final residual = 7.266829e-05, No Iterations 3
smoothSolver:  Solving for Uz, Initial residual = 0.0057239279, Final residual = 7.7994296e-05, No Iterations 3
GAMG:  Solving for p, Initial residual = 0.0084138181, Final residual = 7.0902628e-05, No Iterations 3
GAMG:  Solving for p, Initial residual = 0.00016824234, Final residual = 9.77916e-07, No Iterations 5
time step continuity errors : sum local = 8.744078e-06, global = 1.5713503e-06, cumulative = 0.00027576884
smoothSolver:  Solving for omega, Initial residual = 0.00033289163, Final residual = 2.8262247e-06, No Iterations 2
smoothSolver:  Solving for k, Initial residual = 0.0013219868, Final residual = 1.2907993e-05, No Iterations 2
bounding k, min: 9.3957267e-17 max: 0.30987606 average: 0.060257999
ExecutionTime = 817.22625 s  ClockTime = 818 s

Time = 608s

smoothSolver:  Solving for Ux, Initial residual = 0.00052460641, Final residual = 7.4076579e-06, No Iterations 3
smoothSolver:  Solving for Uy, Initial residual = 0.0053283762, Final residual = 7.2091556e-05, No Iterations 3
smoothSolver:  Solving for Uz, Initial residual = 0.0056653431, Final residual = 7.7209593e-05, No Iterations 3
GAMG:  Solving for p, Initial residual = 0.0083268471, Final residual = 6.9081658e-05, No Iterations 3
GAMG:  Solving for p, Initial residual = 0.00016494961, Final residual = 1.0108232e-06, No Iterations 5
time step continuity errors : sum local = 9.0448223e-06, global = 1.8217489e-06, cumulative = 0.00027759059
smoothSolver:  Solving for omega, Initial residual = 0.00033684386, Final residual = 2.9914037e-06, No Iterations 2
smoothSolver:  Solving for k, Initial residual = 0.0013085212, Final residual = 1.2808013e-05, No Iterations 2
bounding k, min: 9.3856036e-17 max: 0.3098486 average: 0.060264104
ExecutionTime = 818.31894 s  ClockTime = 819 s

Time = 609s

smoothSolver:  Solving for Ux, Initial residual = 0.00051968262, Final residual = 7.3334657e-06, No Iterations 3
smoothSolver:  Solving for Uy, Initial residual = 0.0052744424, Final residual = 7.1529507e-05, No Iterations 3
smoothSolver:  Solving for Uz, Initial residual = 0.0056188281, Final residual = 7.6396638e-05, No Iterations 3
GAMG:  Solving for p, Initial residual = 0.0082398696, Final residual = 6.8308403e-05, No Iterations 3
GAMG:  Solving for p, Initial residual = 0.00016266013, Final residual = 1.5962614e-06, No Iterations 4
time step continuity errors : sum local = 1.429193e-05, global = -2.7693963e-06, cumulative = 0.00027482119
smoothSolver:  Solving for omega, Initial residual = 0.00034043217, Final residual = 2.9176291e-06, No Iterations 2
smoothSolver:  Solving for k, Initial residual = 0.0012977039, Final residual = 1.2723101e-05, No Iterations 2
bounding k, min: 9.3764281e-17 max: 0.30982255 average: 0.060270168
ExecutionTime = 819.38076 s  ClockTime = 820 s

Time = 610s

smoothSolver:  Solving for Ux, Initial residual = 0.00051514528, Final residual = 7.2642956e-06, No Iterations 3
smoothSolver:  Solving for Uy, Initial residual = 0.0052265294, Final residual = 7.0933769e-05, No Iterations 3
smoothSolver:  Solving for Uz, Initial residual = 0.0055832543, Final residual = 7.5760903e-05, No Iterations 3
GAMG:  Solving for p, Initial residual = 0.0081977256, Final residual = 6.8440375e-05, No Iterations 3
GAMG:  Solving for p, Initial residual = 0.00016099331, Final residual = 1.3556468e-06, No Iterations 4
time step continuity errors : sum local = 1.2147925e-05, global = -1.7465019e-06, cumulative = 0.00027307469
smoothSolver:  Solving for omega, Initial residual = 0.00033319809, Final residual = 2.7994612e-06, No Iterations 2
smoothSolver:  Solving for k, Initial residual = 0.0012904529, Final residual = 1.27106e-05, No Iterations 2
bounding k, min: 9.3677436e-17 max: 0.30979787 average: 0.060276265
ExecutionTime = 820.48303 s  ClockTime = 821 s

Time = 611s

smoothSolver:  Solving for Ux, Initial residual = 0.0005107051, Final residual = 7.2011061e-06, No Iterations 3
smoothSolver:  Solving for Uy, Initial residual = 0.0051864355, Final residual = 7.0337186e-05, No Iterations 3
smoothSolver:  Solving for Uz, Initial residual = 0.0055553126, Final residual = 7.513652e-05, No Iterations 3
GAMG:  Solving for p, Initial residual = 0.0081415041, Final residual = 6.9600258e-05, No Iterations 3
GAMG:  Solving for p, Initial residual = 0.00016100772, Final residual = 1.2712789e-06, No Iterations 4
time step continuity errors : sum local = 1.1401691e-05, global = -1.7307926e-06, cumulative = 0.0002713439
smoothSolver:  Solving for omega, Initial residual = 0.00033074206, Final residual = 2.8715679e-06, No Iterations 2
smoothSolver:  Solving for k, Initial residual = 0.0012795372, Final residual = 1.2558436e-05, No Iterations 2
bounding k, min: 9.3588348e-17 max: 0.30977229 average: 0.060282386
ExecutionTime = 821.64546 s  ClockTime = 822 s

Time = 612s

smoothSolver:  Solving for Ux, Initial residual = 0.00050685679, Final residual = 7.1442275e-06, No Iterations 3
smoothSolver:  Solving for Uy, Initial residual = 0.0051417023, Final residual = 6.9605829e-05, No Iterations 3
smoothSolver:  Solving for Uz, Initial residual = 0.0055279483, Final residual = 7.4671207e-05, No Iterations 3
GAMG:  Solving for p, Initial residual = 0.0081192601, Final residual = 7.1312881e-05, No Iterations 3
GAMG:  Solving for p, Initial residual = 0.00016227327, Final residual = 1.1798244e-06, No Iterations 4
time step continuity errors : sum local = 1.05871e-05, global = -1.6110484e-06, cumulative = 0.00026973285
smoothSolver:  Solving for omega, Initial residual = 0.00032851144, Final residual = 2.7989785e-06, No Iterations 2
smoothSolver:  Solving for k, Initial residual = 0.0012681034, Final residual = 1.2480722e-05, No Iterations 2
bounding k, min: 9.3488589e-17 max: 0.30974393 average: 0.060288607
ExecutionTime = 822.72435 s  ClockTime = 824 s

Time = 613s

smoothSolver:  Solving for Ux, Initial residual = 0.00050298211, Final residual = 7.0907876e-06, No Iterations 3
smoothSolver:  Solving for Uy, Initial residual = 0.0050966358, Final residual = 6.8818391e-05, No Iterations 3
smoothSolver:  Solving for Uz, Initial residual = 0.0055063533, Final residual = 7.4284435e-05, No Iterations 3
GAMG:  Solving for p, Initial residual = 0.0081152086, Final residual = 7.2809054e-05, No Iterations 3
GAMG:  Solving for p, Initial residual = 0.00016427354, Final residual = 1.220399e-06, No Iterations 4
time step continuity errors : sum local = 1.0958671e-05, global = -1.8449609e-06, cumulative = 0.00026788789
smoothSolver:  Solving for omega, Initial residual = 0.00033169332, Final residual = 2.7805875e-06, No Iterations 2
smoothSolver:  Solving for k, Initial residual = 0.0012594325, Final residual = 1.240271e-05, No Iterations 2
bounding k, min: 9.3370248e-17 max: 0.3097098 average: 0.060294492
ExecutionTime = 823.81239 s  ClockTime = 825 s

Time = 614s

smoothSolver:  Solving for Ux, Initial residual = 0.00049937474, Final residual = 7.0381275e-06, No Iterations 3
smoothSolver:  Solving for Uy, Initial residual = 0.0050553865, Final residual = 6.8048446e-05, No Iterations 3
smoothSolver:  Solving for Uz, Initial residual = 0.0054863702, Final residual = 7.4090811e-05, No Iterations 3
GAMG:  Solving for p, Initial residual = 0.008143037, Final residual = 7.3962949e-05, No Iterations 3
GAMG:  Solving for p, Initial residual = 0.00016698737, Final residual = 1.2839739e-06, No Iterations 4
time step continuity errors : sum local = 1.1537424e-05, global = -2.2919346e-06, cumulative = 0.00026559595
smoothSolver:  Solving for omega, Initial residual = 0.00033356291, Final residual = 2.8926016e-06, No Iterations 2
smoothSolver:  Solving for k, Initial residual = 0.0012496673, Final residual = 1.2314047e-05, No Iterations 2
bounding k, min: 9.3228048e-17 max: 0.30966828 average: 0.060300197
ExecutionTime = 825.02793 s  ClockTime = 826 s

Time = 615s

smoothSolver:  Solving for Ux, Initial residual = 0.00049570506, Final residual = 6.9826982e-06, No Iterations 3
smoothSolver:  Solving for Uy, Initial residual = 0.005005462, Final residual = 6.7240282e-05, No Iterations 3
smoothSolver:  Solving for Uz, Initial residual = 0.005470589, Final residual = 7.400046e-05, No Iterations 3
GAMG:  Solving for p, Initial residual = 0.0081602767, Final residual = 7.4574903e-05, No Iterations 3
GAMG:  Solving for p, Initial residual = 0.00017019478, Final residual = 1.3630012e-06, No Iterations 4
time step continuity errors : sum local = 1.2250846e-05, global = -2.8223183e-06, cumulative = 0.00026277364
smoothSolver:  Solving for omega, Initial residual = 0.00033237716, Final residual = 2.840118e-06, No Iterations 2
smoothSolver:  Solving for k, Initial residual = 0.0012422088, Final residual = 1.2212903e-05, No Iterations 2
bounding k, min: 9.3060866e-17 max: 0.3096175 average: 0.060305008
ExecutionTime = 826.32674 s  ClockTime = 827 s

Time = 616s

smoothSolver:  Solving for Ux, Initial residual = 0.00049217155, Final residual = 6.9244693e-06, No Iterations 3
smoothSolver:  Solving for Uy, Initial residual = 0.0049521613, Final residual = 6.6585396e-05, No Iterations 3
smoothSolver:  Solving for Uz, Initial residual = 0.0054556108, Final residual = 7.4005368e-05, No Iterations 3
GAMG:  Solving for p, Initial residual = 0.0082077828, Final residual = 7.4949961e-05, No Iterations 3
GAMG:  Solving for p, Initial residual = 0.00017307564, Final residual = 1.4122179e-06, No Iterations 4
time step continuity errors : sum local = 1.2697093e-05, global = -3.1850853e-06, cumulative = 0.00025958855
smoothSolver:  Solving for omega, Initial residual = 0.00032766278, Final residual = 2.7946621e-06, No Iterations 2
smoothSolver:  Solving for k, Initial residual = 0.0012290087, Final residual = 1.2073063e-05, No Iterations 2
bounding k, min: 9.2872991e-17 max: 0.30955733 average: 0.060309581
ExecutionTime = 827.49238 s  ClockTime = 828 s

Time = 617s

smoothSolver:  Solving for Ux, Initial residual = 0.0004885762, Final residual = 6.864579e-06, No Iterations 3
smoothSolver:  Solving for Uy, Initial residual = 0.0048933554, Final residual = 6.5958938e-05, No Iterations 3
smoothSolver:  Solving for Uz, Initial residual = 0.0054418629, Final residual = 7.4030871e-05, No Iterations 3
GAMG:  Solving for p, Initial residual = 0.008236911, Final residual = 7.4761598e-05, No Iterations 3
GAMG:  Solving for p, Initial residual = 0.00017526707, Final residual = 1.4771105e-06, No Iterations 4
time step continuity errors : sum local = 1.3279211e-05, global = -3.193234e-06, cumulative = 0.00025639532
smoothSolver:  Solving for omega, Initial residual = 0.0003307845, Final residual = 2.9139677e-06, No Iterations 2
smoothSolver:  Solving for k, Initial residual = 0.0012210061, Final residual = 1.1967097e-05, No Iterations 2
bounding k, min: 9.2673934e-17 max: 0.30948734 average: 0.060313394
ExecutionTime = 828.63553 s  ClockTime = 829 s

Time = 618s

smoothSolver:  Solving for Ux, Initial residual = 0.00048509912, Final residual = 6.8041041e-06, No Iterations 3
smoothSolver:  Solving for Uy, Initial residual = 0.0048406643, Final residual = 6.5502414e-05, No Iterations 3
smoothSolver:  Solving for Uz, Initial residual = 0.0054262217, Final residual = 7.3987325e-05, No Iterations 3
GAMG:  Solving for p, Initial residual = 0.0082480632, Final residual = 7.4538049e-05, No Iterations 3
GAMG:  Solving for p, Initial residual = 0.00017621165, Final residual = 1.4708423e-06, No Iterations 4
time step continuity errors : sum local = 1.3218544e-05, global = -2.2314251e-06, cumulative = 0.00025416389
smoothSolver:  Solving for omega, Initial residual = 0.00032592924, Final residual = 2.7719256e-06, No Iterations 2
smoothSolver:  Solving for k, Initial residual = 0.0012092572, Final residual = 1.1856882e-05, No Iterations 2
bounding k, min: 9.2477648e-17 max: 0.30940888 average: 0.060316644
ExecutionTime = 829.71557 s  ClockTime = 831 s

Time = 619s

smoothSolver:  Solving for Ux, Initial residual = 0.00048176556, Final residual = 6.7464154e-06, No Iterations 3
smoothSolver:  Solving for Uy, Initial residual = 0.0047947324, Final residual = 6.5049932e-05, No Iterations 3
smoothSolver:  Solving for Uz, Initial residual = 0.0054122367, Final residual = 7.3876877e-05, No Iterations 3
GAMG:  Solving for p, Initial residual = 0.0082333375, Final residual = 7.4032017e-05, No Iterations 3
GAMG:  Solving for p, Initial residual = 0.00017629999, Final residual = 1.4049868e-06, No Iterations 4
time step continuity errors : sum local = 1.2619212e-05, global = -1.2852753e-06, cumulative = 0.00025287862
smoothSolver:  Solving for omega, Initial residual = 0.00032317726, Final residual = 2.7508014e-06, No Iterations 2
smoothSolver:  Solving for k, Initial residual = 0.0012017703, Final residual = 1.1779817e-05, No Iterations 2
bounding k, min: 9.2300485e-17 max: 0.30932271 average: 0.060318799
ExecutionTime = 830.81484 s  ClockTime = 832 s

Time = 620s

smoothSolver:  Solving for Ux, Initial residual = 0.00047837747, Final residual = 6.6904673e-06, No Iterations 3
smoothSolver:  Solving for Uy, Initial residual = 0.0047650969, Final residual = 6.4698627e-05, No Iterations 3
smoothSolver:  Solving for Uz, Initial residual = 0.0054009914, Final residual = 7.3700869e-05, No Iterations 3
GAMG:  Solving for p, Initial residual = 0.0082082995, Final residual = 7.3141894e-05, No Iterations 3
GAMG:  Solving for p, Initial residual = 0.00017460532, Final residual = 1.4478545e-06, No Iterations 4
time step continuity errors : sum local = 1.2995385e-05, global = -2.0644994e-06, cumulative = 0.00025081412
smoothSolver:  Solving for omega, Initial residual = 0.00032856356, Final residual = 2.8959895e-06, No Iterations 2
smoothSolver:  Solving for k, Initial residual = 0.001191181, Final residual = 1.1638952e-05, No Iterations 2
bounding k, min: 9.2158097e-17 max: 0.30923097 average: 0.060320967
ExecutionTime = 831.88563 s  ClockTime = 833 s

Time = 621s

smoothSolver:  Solving for Ux, Initial residual = 0.00047525923, Final residual = 6.639404e-06, No Iterations 3
smoothSolver:  Solving for Uy, Initial residual = 0.0047444823, Final residual = 6.4306355e-05, No Iterations 3
smoothSolver:  Solving for Uz, Initial residual = 0.0053939695, Final residual = 7.3404545e-05, No Iterations 3
GAMG:  Solving for p, Initial residual = 0.008170185, Final residual = 7.2149546e-05, No Iterations 3
GAMG:  Solving for p, Initial residual = 0.00017199188, Final residual = 1.3885586e-06, No Iterations 4
time step continuity errors : sum local = 1.2449346e-05, global = -2.0214359e-06, cumulative = 0.00024879268
smoothSolver:  Solving for omega, Initial residual = 0.00033323601, Final residual = 2.8583114e-06, No Iterations 2
smoothSolver:  Solving for k, Initial residual = 0.0011823681, Final residual = 1.1535994e-05, No Iterations 2
bounding k, min: 9.2100874e-17 max: 0.30913499 average: 0.060322883
ExecutionTime = 832.96681 s  ClockTime = 834 s

Time = 622s

smoothSolver:  Solving for Ux, Initial residual = 0.00047225724, Final residual = 6.5918266e-06, No Iterations 3
smoothSolver:  Solving for Uy, Initial residual = 0.0047377134, Final residual = 6.3936692e-05, No Iterations 3
smoothSolver:  Solving for Uz, Initial residual = 0.0053910538, Final residual = 7.3120485e-05, No Iterations 3
GAMG:  Solving for p, Initial residual = 0.0081458331, Final residual = 7.1362129e-05, No Iterations 3
GAMG:  Solving for p, Initial residual = 0.00016901389, Final residual = 1.3642293e-06, No Iterations 4
time step continuity errors : sum local = 1.2217192e-05, global = -2.7643213e-06, cumulative = 0.00024602836
smoothSolver:  Solving for omega, Initial residual = 0.00032932908, Final residual = 2.8017059e-06, No Iterations 2
smoothSolver:  Solving for k, Initial residual = 0.0011745918, Final residual = 1.1432694e-05, No Iterations 2
bounding k, min: 9.2110381e-17 max: 0.30903745 average: 0.060323841
ExecutionTime = 834.02881 s  ClockTime = 835 s

Time = 623s

smoothSolver:  Solving for Ux, Initial residual = 0.00046953215, Final residual = 6.5509385e-06, No Iterations 3
smoothSolver:  Solving for Uy, Initial residual = 0.0047292489, Final residual = 6.3522015e-05, No Iterations 3
smoothSolver:  Solving for Uz, Initial residual = 0.0053883408, Final residual = 7.2729622e-05, No Iterations 3
GAMG:  Solving for p, Initial residual = 0.0081471679, Final residual = 7.1317228e-05, No Iterations 3
GAMG:  Solving for p, Initial residual = 0.00016771875, Final residual = 1.293352e-06, No Iterations 4
time step continuity errors : sum local = 1.156921e-05, global = -3.1410228e-06, cumulative = 0.00024288734
smoothSolver:  Solving for omega, Initial residual = 0.00032971568, Final residual = 2.8715018e-06, No Iterations 2
smoothSolver:  Solving for k, Initial residual = 0.0011662303, Final residual = 1.1338828e-05, No Iterations 2
bounding k, min: 9.1983299e-17 max: 0.30893928 average: 0.060325283
ExecutionTime = 835.10093 s  ClockTime = 836 s

Time = 624s

smoothSolver:  Solving for Ux, Initial residual = 0.00046677486, Final residual = 6.5140774e-06, No Iterations 3
smoothSolver:  Solving for Uy, Initial residual = 0.0047267191, Final residual = 6.3116266e-05, No Iterations 3
smoothSolver:  Solving for Uz, Initial residual = 0.0053904161, Final residual = 7.2570751e-05, No Iterations 3
GAMG:  Solving for p, Initial residual = 0.0081634105, Final residual = 7.1828852e-05, No Iterations 3
GAMG:  Solving for p, Initial residual = 0.00016850404, Final residual = 1.2430736e-06, No Iterations 4
time step continuity errors : sum local = 1.110624e-05, global = -2.8889384e-06, cumulative = 0.0002399984
smoothSolver:  Solving for omega, Initial residual = 0.00032563013, Final residual = 2.7833151e-06, No Iterations 2
smoothSolver:  Solving for k, Initial residual = 0.0011610626, Final residual = 1.1278848e-05, No Iterations 2
bounding k, min: 9.1598566e-17 max: 0.30884204 average: 0.060326302
ExecutionTime = 836.29988 s  ClockTime = 837 s

Time = 625s

smoothSolver:  Solving for Ux, Initial residual = 0.00046441528, Final residual = 6.4820987e-06, No Iterations 3
smoothSolver:  Solving for Uy, Initial residual = 0.0047170261, Final residual = 6.2777378e-05, No Iterations 3
smoothSolver:  Solving for Uz, Initial residual = 0.0053927038, Final residual = 7.2531999e-05, No Iterations 3
GAMG:  Solving for p, Initial residual = 0.0081657045, Final residual = 7.2071211e-05, No Iterations 3
GAMG:  Solving for p, Initial residual = 0.00017022881, Final residual = 1.2666919e-06, No Iterations 4
time step continuity errors : sum local = 1.1306929e-05, global = -2.7922664e-06, cumulative = 0.00023720613
smoothSolver:  Solving for omega, Initial residual = 0.00032684521, Final residual = 2.7441315e-06, No Iterations 2
smoothSolver:  Solving for k, Initial residual = 0.0011533757, Final residual = 1.1178344e-05, No Iterations 2
bounding k, min: 9.143277e-17 max: 0.30874596 average: 0.060328039
ExecutionTime = 837.45998 s  ClockTime = 838 s

Time = 626s

smoothSolver:  Solving for Ux, Initial residual = 0.00046210703, Final residual = 6.450484e-06, No Iterations 3
smoothSolver:  Solving for Uy, Initial residual = 0.0047072232, Final residual = 6.2450063e-05, No Iterations 3
smoothSolver:  Solving for Uz, Initial residual = 0.0054070868, Final residual = 7.2818773e-05, No Iterations 3
GAMG:  Solving for p, Initial residual = 0.0081624731, Final residual = 7.0729443e-05, No Iterations 3
GAMG:  Solving for p, Initial residual = 0.00017114442, Final residual = 1.2673164e-06, No Iterations 4
time step continuity errors : sum local = 1.1306879e-05, global = -2.4368766e-06, cumulative = 0.00023476926
smoothSolver:  Solving for omega, Initial residual = 0.00032883372, Final residual = 2.8495337e-06, No Iterations 2
smoothSolver:  Solving for k, Initial residual = 0.0011437137, Final residual = 1.1088538e-05, No Iterations 2
bounding k, min: 9.1304639e-17 max: 0.30867624 average: 0.060329987
ExecutionTime = 838.60221 s  ClockTime = 839 s

Time = 627s

smoothSolver:  Solving for Ux, Initial residual = 0.00046010811, Final residual = 6.4198003e-06, No Iterations 3
smoothSolver:  Solving for Uy, Initial residual = 0.0046848158, Final residual = 6.2145113e-05, No Iterations 3
smoothSolver:  Solving for Uz, Initial residual = 0.0054234159, Final residual = 7.319267e-05, No Iterations 3
GAMG:  Solving for p, Initial residual = 0.0081324288, Final residual = 6.8610587e-05, No Iterations 3
GAMG:  Solving for p, Initial residual = 0.00017156395, Final residual = 1.3068769e-06, No Iterations 4
time step continuity errors : sum local = 1.1656934e-05, global = -2.9115782e-06, cumulative = 0.00023185768
smoothSolver:  Solving for omega, Initial residual = 0.00032731542, Final residual = 2.7829165e-06, No Iterations 2
smoothSolver:  Solving for k, Initial residual = 0.0011345345, Final residual = 1.0970775e-05, No Iterations 2
bounding k, min: 9.1214946e-17 max: 0.30874377 average: 0.060332353
ExecutionTime = 839.98474 s  ClockTime = 841 s

Time = 628s

smoothSolver:  Solving for Ux, Initial residual = 0.00045777951, Final residual = 6.3829833e-06, No Iterations 3
smoothSolver:  Solving for Uy, Initial residual = 0.0046663176, Final residual = 6.2000241e-05, No Iterations 3
smoothSolver:  Solving for Uz, Initial residual = 0.005439822, Final residual = 7.3623034e-05, No Iterations 3
GAMG:  Solving for p, Initial residual = 0.0081424035, Final residual = 6.5802327e-05, No Iterations 3
GAMG:  Solving for p, Initial residual = 0.00017126783, Final residual = 1.3204463e-06, No Iterations 4
time step continuity errors : sum local = 1.1779604e-05, global = -2.7881062e-06, cumulative = 0.00022906957
smoothSolver:  Solving for omega, Initial residual = 0.00032419355, Final residual = 2.7596806e-06, No Iterations 2
smoothSolver:  Solving for k, Initial residual = 0.0011248123, Final residual = 1.0872828e-05, No Iterations 2
bounding k, min: 9.1699939e-17 max: 0.3088132 average: 0.060334627
ExecutionTime = 841.42742 s  ClockTime = 842 s

Time = 629s

smoothSolver:  Solving for Ux, Initial residual = 0.00045558911, Final residual = 6.3428111e-06, No Iterations 3
smoothSolver:  Solving for Uy, Initial residual = 0.0046480676, Final residual = 6.1822319e-05, No Iterations 3
smoothSolver:  Solving for Uz, Initial residual = 0.0054555269, Final residual = 7.4021506e-05, No Iterations 3
GAMG:  Solving for p, Initial residual = 0.008116463, Final residual = 6.3127747e-05, No Iterations 3
GAMG:  Solving for p, Initial residual = 0.00016978085, Final residual = 1.3342324e-06, No Iterations 4
time step continuity errors : sum local = 1.1908145e-05, global = -2.7733867e-06, cumulative = 0.00022629618
smoothSolver:  Solving for omega, Initial residual = 0.00032812273, Final residual = 2.8603446e-06, No Iterations 2
smoothSolver:  Solving for k, Initial residual = 0.0011168812, Final residual = 1.0797204e-05, No Iterations 2
bounding k, min: 9.1564884e-17 max: 0.30887563 average: 0.060337644
ExecutionTime = 842.95155 s  ClockTime = 844 s

Time = 630s

smoothSolver:  Solving for Ux, Initial residual = 0.00045342185, Final residual = 6.2960653e-06, No Iterations 3
smoothSolver:  Solving for Uy, Initial residual = 0.0046365528, Final residual = 6.1864823e-05, No Iterations 3
smoothSolver:  Solving for Uz, Initial residual = 0.0054676914, Final residual = 7.4304475e-05, No Iterations 3
GAMG:  Solving for p, Initial residual = 0.008115487, Final residual = 6.1076877e-05, No Iterations 3
GAMG:  Solving for p, Initial residual = 0.00016742426, Final residual = 1.3083733e-06, No Iterations 4
time step continuity errors : sum local = 1.1684955e-05, global = -2.7418247e-06, cumulative = 0.00022355436
smoothSolver:  Solving for omega, Initial residual = 0.00032486138, Final residual = 2.7635805e-06, No Iterations 2
smoothSolver:  Solving for k, Initial residual = 0.0011058215, Final residual = 1.0656367e-05, No Iterations 2
bounding k, min: 9.1485611e-17 max: 0.3089264 average: 0.060341282
ExecutionTime = 844.52069 s  ClockTime = 845 s

Time = 631s

smoothSolver:  Solving for Ux, Initial residual = 0.0004514713, Final residual = 6.2486387e-06, No Iterations 3
smoothSolver:  Solving for Uy, Initial residual = 0.0046332684, Final residual = 6.1840256e-05, No Iterations 3
smoothSolver:  Solving for Uz, Initial residual = 0.0054736474, Final residual = 7.4413788e-05, No Iterations 3
GAMG:  Solving for p, Initial residual = 0.0080714657, Final residual = 5.983761e-05, No Iterations 3
GAMG:  Solving for p, Initial residual = 0.00016440396, Final residual = 1.2312574e-06, No Iterations 4
time step continuity errors : sum local = 1.1002319e-05, global = -1.8031526e-06, cumulative = 0.00022175121
smoothSolver:  Solving for omega, Initial residual = 0.00032223191, Final residual = 2.6958429e-06, No Iterations 2
smoothSolver:  Solving for k, Initial residual = 0.0010981059, Final residual = 1.0569291e-05, No Iterations 2
bounding k, min: 9.1434108e-17 max: 0.30895566 average: 0.060345103
ExecutionTime = 846.05567 s  ClockTime = 847 s

Time = 632s

smoothSolver:  Solving for Ux, Initial residual = 0.00044984567, Final residual = 6.1990038e-06, No Iterations 3
smoothSolver:  Solving for Uy, Initial residual = 0.0046466416, Final residual = 6.1853053e-05, No Iterations 3
smoothSolver:  Solving for Uz, Initial residual = 0.0054801984, Final residual = 7.4402239e-05, No Iterations 3
GAMG:  Solving for p, Initial residual = 0.0080749863, Final residual = 5.9008203e-05, No Iterations 3
GAMG:  Solving for p, Initial residual = 0.00016145598, Final residual = 1.1539317e-06, No Iterations 4
time step continuity errors : sum local = 1.0318934e-05, global = -1.4015476e-06, cumulative = 0.00022034966
smoothSolver:  Solving for omega, Initial residual = 0.00032534412, Final residual = 2.8167104e-06, No Iterations 2
smoothSolver:  Solving for k, Initial residual = 0.0010909033, Final residual = 1.0504616e-05, No Iterations 2
bounding k, min: 9.1403105e-17 max: 0.30895907 average: 0.060348981
ExecutionTime = 847.75149 s  ClockTime = 849 s

Time = 633s

smoothSolver:  Solving for Ux, Initial residual = 0.00044798586, Final residual = 6.1507852e-06, No Iterations 3
smoothSolver:  Solving for Uy, Initial residual = 0.0046668217, Final residual = 6.1800803e-05, No Iterations 3
smoothSolver:  Solving for Uz, Initial residual = 0.0054849707, Final residual = 7.4269526e-05, No Iterations 3
GAMG:  Solving for p, Initial residual = 0.0080810982, Final residual = 5.8218115e-05, No Iterations 3
GAMG:  Solving for p, Initial residual = 0.00015820018, Final residual = 1.1035084e-06, No Iterations 4
time step continuity errors : sum local = 9.8744087e-06, global = -4.9287658e-07, cumulative = 0.00021985678
smoothSolver:  Solving for omega, Initial residual = 0.00032907694, Final residual = 2.7912662e-06, No Iterations 2
smoothSolver:  Solving for k, Initial residual = 0.0010828146, Final residual = 1.0395984e-05, No Iterations 2
bounding k, min: 9.1389413e-17 max: 0.30892843 average: 0.060353347
ExecutionTime = 849.17679 s  ClockTime = 850 s

Time = 634s

smoothSolver:  Solving for Ux, Initial residual = 0.00044616878, Final residual = 6.1061813e-06, No Iterations 3
smoothSolver:  Solving for Uy, Initial residual = 0.0046848089, Final residual = 6.1633268e-05, No Iterations 3
smoothSolver:  Solving for Uz, Initial residual = 0.0054928468, Final residual = 7.4061437e-05, No Iterations 3
GAMG:  Solving for p, Initial residual = 0.0080990827, Final residual = 5.7638762e-05, No Iterations 3
GAMG:  Solving for p, Initial residual = 0.00015463226, Final residual = 1.0545022e-06, No Iterations 4
time step continuity errors : sum local = 9.442636e-06, global = 3.1218154e-07, cumulative = 0.00022016896
smoothSolver:  Solving for omega, Initial residual = 0.00032592401, Final residual = 2.762117e-06, No Iterations 2
smoothSolver:  Solving for k, Initial residual = 0.0010767479, Final residual = 1.0320712e-05, No Iterations 2
bounding k, min: 9.1394029e-17 max: 0.30886268 average: 0.060357459
ExecutionTime = 850.6169 s  ClockTime = 851 s

Time = 635s

smoothSolver:  Solving for Ux, Initial residual = 0.0004439394, Final residual = 6.0686727e-06, No Iterations 3
smoothSolver:  Solving for Uy, Initial residual = 0.0046976116, Final residual = 6.1385452e-05, No Iterations 3
smoothSolver:  Solving for Uz, Initial residual = 0.0055012991, Final residual = 7.3876701e-05, No Iterations 3
GAMG:  Solving for p, Initial residual = 0.0081171892, Final residual = 5.7777604e-05, No Iterations 3
GAMG:  Solving for p, Initial residual = 0.0001513408, Final residual = 1.0067277e-06, No Iterations 4
time step continuity errors : sum local = 9.0209733e-06, global = 6.4083281e-07, cumulative = 0.0002208098
smoothSolver:  Solving for omega, Initial residual = 0.00032565554, Final residual = 2.7753709e-06, No Iterations 2
smoothSolver:  Solving for k, Initial residual = 0.0010719016, Final residual = 1.0255497e-05, No Iterations 2
bounding k, min: 9.1422939e-17 max: 0.30875769 average: 0.060361441
ExecutionTime = 851.77287 s  ClockTime = 853 s

Time = 636s

smoothSolver:  Solving for Ux, Initial residual = 0.00044168091, Final residual = 6.0370755e-06, No Iterations 3
smoothSolver:  Solving for Uy, Initial residual = 0.0047038853, Final residual = 6.1109791e-05, No Iterations 3
smoothSolver:  Solving for Uz, Initial residual = 0.0055103843, Final residual = 7.3771229e-05, No Iterations 3
GAMG:  Solving for p, Initial residual = 0.0081189926, Final residual = 5.9046101e-05, No Iterations 3
GAMG:  Solving for p, Initial residual = 0.00015018792, Final residual = 9.1793452e-07, No Iterations 4
time step continuity errors : sum local = 8.2307594e-06, global = 4.8445246e-07, cumulative = 0.00022129425
smoothSolver:  Solving for omega, Initial residual = 0.00032393362, Final residual = 2.7244881e-06, No Iterations 2
smoothSolver:  Solving for k, Initial residual = 0.0010682479, Final residual = 1.0191007e-05, No Iterations 2
bounding k, min: 9.1487958e-17 max: 0.30861675 average: 0.06036457
ExecutionTime = 852.99552 s  ClockTime = 854 s

Time = 637s

smoothSolver:  Solving for Ux, Initial residual = 0.0004391517, Final residual = 6.0072439e-06, No Iterations 3
smoothSolver:  Solving for Uy, Initial residual = 0.0047072318, Final residual = 6.0865969e-05, No Iterations 3
smoothSolver:  Solving for Uz, Initial residual = 0.005519569, Final residual = 7.3694052e-05, No Iterations 3
GAMG:  Solving for p, Initial residual = 0.0081209206, Final residual = 6.0950871e-05, No Iterations 3
GAMG:  Solving for p, Initial residual = 0.00015105948, Final residual = 8.8374038e-07, No Iterations 4
time step continuity errors : sum local = 7.9276875e-06, global = 2.7627184e-07, cumulative = 0.00022157052
smoothSolver:  Solving for omega, Initial residual = 0.00032457962, Final residual = 2.6777172e-06, No Iterations 2
smoothSolver:  Solving for k, Initial residual = 0.0010636801, Final residual = 1.0109437e-05, No Iterations 2
bounding k, min: 9.1608614e-17 max: 0.3084401 average: 0.060367473
ExecutionTime = 854.15411 s  ClockTime = 855 s

Time = 638s

smoothSolver:  Solving for Ux, Initial residual = 0.0004368312, Final residual = 5.9781427e-06, No Iterations 3
smoothSolver:  Solving for Uy, Initial residual = 0.0046994222, Final residual = 6.0631593e-05, No Iterations 3
smoothSolver:  Solving for Uz, Initial residual = 0.0055215999, Final residual = 7.3651343e-05, No Iterations 3
GAMG:  Solving for p, Initial residual = 0.0081016675, Final residual = 6.2389921e-05, No Iterations 3
GAMG:  Solving for p, Initial residual = 0.00015329006, Final residual = 8.8737973e-07, No Iterations 4
time step continuity errors : sum local = 7.9644444e-06, global = 3.30713e-07, cumulative = 0.00022190124
smoothSolver:  Solving for omega, Initial residual = 0.00032482465, Final residual = 2.719455e-06, No Iterations 2
smoothSolver:  Solving for k, Initial residual = 0.0010565908, Final residual = 1.0038428e-05, No Iterations 2
bounding k, min: 9.1840874e-17 max: 0.30823568 average: 0.060369978
ExecutionTime = 855.30156 s  ClockTime = 856 s

Time = 639s

smoothSolver:  Solving for Ux, Initial residual = 0.00043422391, Final residual = 5.9459371e-06, No Iterations 3
smoothSolver:  Solving for Uy, Initial residual = 0.0046878689, Final residual = 6.0404034e-05, No Iterations 3
smoothSolver:  Solving for Uz, Initial residual = 0.0055170165, Final residual = 7.356818e-05, No Iterations 3
GAMG:  Solving for p, Initial residual = 0.0081059134, Final residual = 6.3227456e-05, No Iterations 3
GAMG:  Solving for p, Initial residual = 0.00015559492, Final residual = 1.0013399e-06, No Iterations 4
time step continuity errors : sum local = 8.9898286e-06, global = 8.6645028e-07, cumulative = 0.00022276769
smoothSolver:  Solving for omega, Initial residual = 0.00032225615, Final residual = 2.657433e-06, No Iterations 2
smoothSolver:  Solving for k, Initial residual = 0.0010512302, Final residual = 9.973228e-06, No Iterations 2
bounding k, min: 9.1518554e-17 max: 0.30828265 average: 0.060371671
ExecutionTime = 856.52443 s  ClockTime = 857 s

Time = 640s

smoothSolver:  Solving for Ux, Initial residual = 0.00043183929, Final residual = 5.9131455e-06, No Iterations 3
smoothSolver:  Solving for Uy, Initial residual = 0.0046744597, Final residual = 6.0227526e-05, No Iterations 3
smoothSolver:  Solving for Uz, Initial residual = 0.0055069249, Final residual = 7.3501512e-05, No Iterations 3
GAMG:  Solving for p, Initial residual = 0.0080903583, Final residual = 6.2877205e-05, No Iterations 3
GAMG:  Solving for p, Initial residual = 0.0001568321, Final residual = 1.0391486e-06, No Iterations 4
time step continuity errors : sum local = 9.3305959e-06, global = 8.8579129e-07, cumulative = 0.00022365348
smoothSolver:  Solving for omega, Initial residual = 0.00031951162, Final residual = 2.6827034e-06, No Iterations 2
smoothSolver:  Solving for k, Initial residual = 0.0010453896, Final residual = 9.9141651e-06, No Iterations 2
bounding k, min: 9.1814012e-17 max: 0.30852836 average: 0.060371951
ExecutionTime = 857.79955 s  ClockTime = 859 s

Time = 641s

smoothSolver:  Solving for Ux, Initial residual = 0.00042944864, Final residual = 5.8784234e-06, No Iterations 3
smoothSolver:  Solving for Uy, Initial residual = 0.0046638316, Final residual = 6.009371e-05, No Iterations 3
smoothSolver:  Solving for Uz, Initial residual = 0.0054904012, Final residual = 7.3298734e-05, No Iterations 3
GAMG:  Solving for p, Initial residual = 0.0080692225, Final residual = 6.1941431e-05, No Iterations 3
GAMG:  Solving for p, Initial residual = 0.00015733031, Final residual = 1.0942855e-06, No Iterations 4
time step continuity errors : sum local = 9.8264307e-06, global = 6.2738689e-07, cumulative = 0.00022428086
smoothSolver:  Solving for omega, Initial residual = 0.00032318085, Final residual = 2.7907398e-06, No Iterations 2
smoothSolver:  Solving for k, Initial residual = 0.0010388919, Final residual = 9.8223437e-06, No Iterations 2
bounding k, min: 9.2227615e-17 max: 0.30876323 average: 0.060372236
ExecutionTime = 859.0293 s  ClockTime = 860 s

Time = 642s

smoothSolver:  Solving for Ux, Initial residual = 0.00042732544, Final residual = 5.8444154e-06, No Iterations 3
smoothSolver:  Solving for Uy, Initial residual = 0.0046501376, Final residual = 5.9925926e-05, No Iterations 3
smoothSolver:  Solving for Uz, Initial residual = 0.0054672996, Final residual = 7.3014553e-05, No Iterations 3
GAMG:  Solving for p, Initial residual = 0.0080244594, Final residual = 6.1073593e-05, No Iterations 3
GAMG:  Solving for p, Initial residual = 0.0001572144, Final residual = 1.1223985e-06, No Iterations 4
time step continuity errors : sum local = 1.0076786e-05, global = 1.3543232e-07, cumulative = 0.0002244163
smoothSolver:  Solving for omega, Initial residual = 0.000319878, Final residual = 2.6942381e-06, No Iterations 2
smoothSolver:  Solving for k, Initial residual = 0.0010308086, Final residual = 9.7551638e-06, No Iterations 2
bounding k, min: 9.2233369e-17 max: 0.30897704 average: 0.060371626
ExecutionTime = 860.14403 s  ClockTime = 861 s

Time = 643s

smoothSolver:  Solving for Ux, Initial residual = 0.0004252486, Final residual = 5.8116982e-06, No Iterations 3
smoothSolver:  Solving for Uy, Initial residual = 0.0046414638, Final residual = 5.9762654e-05, No Iterations 3
smoothSolver:  Solving for Uz, Initial residual = 0.00543627, Final residual = 7.2566529e-05, No Iterations 3
GAMG:  Solving for p, Initial residual = 0.0079745273, Final residual = 6.0226025e-05, No Iterations 3
GAMG:  Solving for p, Initial residual = 0.00015627573, Final residual = 1.14298e-06, No Iterations 4
time step continuity errors : sum local = 1.0256415e-05, global = 5.0689008e-08, cumulative = 0.00022446698
smoothSolver:  Solving for omega, Initial residual = 0.00031722034, Final residual = 2.6490482e-06, No Iterations 2
smoothSolver:  Solving for k, Initial residual = 0.0010253133, Final residual = 9.7002399e-06, No Iterations 2
bounding k, min: 9.2364664e-17 max: 0.3091597 average: 0.060370622
ExecutionTime = 861.2422 s  ClockTime = 862 s

Time = 644s

smoothSolver:  Solving for Ux, Initial residual = 0.00042348881, Final residual = 5.7822207e-06, No Iterations 3
smoothSolver:  Solving for Uy, Initial residual = 0.0046422589, Final residual = 5.9625141e-05, No Iterations 3
smoothSolver:  Solving for Uz, Initial residual = 0.0054072446, Final residual = 7.2132242e-05, No Iterations 3
GAMG:  Solving for p, Initial residual = 0.0079213416, Final residual = 5.9430363e-05, No Iterations 3
GAMG:  Solving for p, Initial residual = 0.00015432756, Final residual = 1.0384344e-06, No Iterations 4
time step continuity errors : sum local = 9.3114456e-06, global = 8.5613644e-08, cumulative = 0.0002245526
smoothSolver:  Solving for omega, Initial residual = 0.00031998199, Final residual = 2.7623598e-06, No Iterations 2
smoothSolver:  Solving for k, Initial residual = 0.0010203404, Final residual = 9.6693924e-06, No Iterations 2
bounding k, min: 9.2635861e-17 max: 0.30931219 average: 0.060368718
ExecutionTime = 862.41502 s  ClockTime = 863 s

Time = 645s

smoothSolver:  Solving for Ux, Initial residual = 0.00042226257, Final residual = 5.7577368e-06, No Iterations 3
smoothSolver:  Solving for Uy, Initial residual = 0.0046494061, Final residual = 5.9434332e-05, No Iterations 3
smoothSolver:  Solving for Uz, Initial residual = 0.0053868636, Final residual = 7.1801912e-05, No Iterations 3
GAMG:  Solving for p, Initial residual = 0.0079246546, Final residual = 5.9376893e-05, No Iterations 3
GAMG:  Solving for p, Initial residual = 0.00015272349, Final residual = 9.7532468e-07, No Iterations 4
time step continuity errors : sum local = 8.7366769e-06, global = 3.252407e-07, cumulative = 0.00022487784
smoothSolver:  Solving for omega, Initial residual = 0.00032413493, Final residual = 2.7728076e-06, No Iterations 2
smoothSolver:  Solving for k, Initial residual = 0.0010155334, Final residual = 9.6017294e-06, No Iterations 2
bounding k, min: 9.3075635e-17 max: 0.30943593 average: 0.06036675
ExecutionTime = 863.76282 s  ClockTime = 865 s

Time = 646s

smoothSolver:  Solving for Ux, Initial residual = 0.00042097524, Final residual = 5.7344947e-06, No Iterations 3
smoothSolver:  Solving for Uy, Initial residual = 0.0046649579, Final residual = 5.9335561e-05, No Iterations 3
smoothSolver:  Solving for Uz, Initial residual = 0.0053811606, Final residual = 7.1591307e-05, No Iterations 3
GAMG:  Solving for p, Initial residual = 0.0079528259, Final residual = 6.0037216e-05, No Iterations 3
GAMG:  Solving for p, Initial residual = 0.00015118466, Final residual = 8.8534922e-07, No Iterations 4
time step continuity errors : sum local = 7.9205811e-06, global = 5.3372271e-07, cumulative = 0.00022541156
smoothSolver:  Solving for omega, Initial residual = 0.00032024788, Final residual = 2.6701043e-06, No Iterations 2
smoothSolver:  Solving for k, Initial residual = 0.0010064371, Final residual = 9.504853e-06, No Iterations 2
bounding k, min: 9.3686994e-17 max: 0.30953263 average: 0.060364405
ExecutionTime = 865.07481 s  ClockTime = 866 s

Time = 647s

smoothSolver:  Solving for Ux, Initial residual = 0.00041984391, Final residual = 5.7131457e-06, No Iterations 3
smoothSolver:  Solving for Uy, Initial residual = 0.0046783568, Final residual = 5.9201755e-05, No Iterations 3
smoothSolver:  Solving for Uz, Initial residual = 0.0053810068, Final residual = 7.1448748e-05, No Iterations 3
GAMG:  Solving for p, Initial residual = 0.008003205, Final residual = 6.1732449e-05, No Iterations 3
GAMG:  Solving for p, Initial residual = 0.00015092383, Final residual = 8.38884e-07, No Iterations 4
time step continuity errors : sum local = 7.4951374e-06, global = 5.9626285e-07, cumulative = 0.00022600782
smoothSolver:  Solving for omega, Initial residual = 0.00032056554, Final residual = 2.706608e-06, No Iterations 2
smoothSolver:  Solving for k, Initial residual = 0.00099884046, Final residual = 9.4372863e-06, No Iterations 2
bounding k, min: 9.4472942e-17 max: 0.30960439 average: 0.060362663
ExecutionTime = 866.67193 s  ClockTime = 868 s

Time = 648s

smoothSolver:  Solving for Ux, Initial residual = 0.00041840566, Final residual = 5.692386e-06, No Iterations 3
smoothSolver:  Solving for Uy, Initial residual = 0.0046884243, Final residual = 5.909268e-05, No Iterations 3
smoothSolver:  Solving for Uz, Initial residual = 0.0053845656, Final residual = 7.1468838e-05, No Iterations 3
GAMG:  Solving for p, Initial residual = 0.0080546346, Final residual = 6.3050669e-05, No Iterations 3
GAMG:  Solving for p, Initial residual = 0.00015162629, Final residual = 8.1305423e-07, No Iterations 4
time step continuity errors : sum local = 7.2562568e-06, global = 5.6801237e-07, cumulative = 0.00022657584
smoothSolver:  Solving for omega, Initial residual = 0.00031858109, Final residual = 2.7360383e-06, No Iterations 2
smoothSolver:  Solving for k, Initial residual = 0.00099138203, Final residual = 9.3704462e-06, No Iterations 2
bounding k, min: 9.5421281e-17 max: 0.30965336 average: 0.060360898
ExecutionTime = 867.98833 s  ClockTime = 869 s

Time = 649s

smoothSolver:  Solving for Ux, Initial residual = 0.00041709458, Final residual = 5.6750018e-06, No Iterations 3
smoothSolver:  Solving for Uy, Initial residual = 0.004693072, Final residual = 5.8966116e-05, No Iterations 3
smoothSolver:  Solving for Uz, Initial residual = 0.0053888849, Final residual = 7.1597575e-05, No Iterations 3
GAMG:  Solving for p, Initial residual = 0.0081111901, Final residual = 6.3813448e-05, No Iterations 3
GAMG:  Solving for p, Initial residual = 0.00015353717, Final residual = 9.4484182e-07, No Iterations 4
time step continuity errors : sum local = 8.4273816e-06, global = 7.3961819e-07, cumulative = 0.00022731546
smoothSolver:  Solving for omega, Initial residual = 0.00031979594, Final residual = 2.6710031e-06, No Iterations 2
smoothSolver:  Solving for k, Initial residual = 0.00098783971, Final residual = 9.3430188e-06, No Iterations 2
bounding k, min: 9.6550092e-17 max: 0.30968166 average: 0.060359099
ExecutionTime = 869.43918 s  ClockTime = 870 s

Time = 650s

smoothSolver:  Solving for Ux, Initial residual = 0.00041548671, Final residual = 5.658048e-06, No Iterations 3
smoothSolver:  Solving for Uy, Initial residual = 0.0046928342, Final residual = 5.8908237e-05, No Iterations 3
smoothSolver:  Solving for Uz, Initial residual = 0.0053894557, Final residual = 7.171255e-05, No Iterations 3
GAMG:  Solving for p, Initial residual = 0.0081066269, Final residual = 6.3298668e-05, No Iterations 3
GAMG:  Solving for p, Initial residual = 0.00015487514, Final residual = 1.0760593e-06, No Iterations 4
time step continuity errors : sum local = 9.5972937e-06, global = 6.9523095e-07, cumulative = 0.00022801069
smoothSolver:  Solving for omega, Initial residual = 0.00032109247, Final residual = 2.7141909e-06, No Iterations 2
smoothSolver:  Solving for k, Initial residual = 0.00097977177, Final residual = 9.2451039e-06, No Iterations 2
bounding k, min: 9.78989e-17 max: 0.30969099 average: 0.06035764
ExecutionTime = 871.08084 s  ClockTime = 872 s

Time = 651s

smoothSolver:  Solving for Ux, Initial residual = 0.00041397543, Final residual = 5.6411617e-06, No Iterations 3
smoothSolver:  Solving for Uy, Initial residual = 0.0046812795, Final residual = 5.8802966e-05, No Iterations 3
smoothSolver:  Solving for Uz, Initial residual = 0.0053813055, Final residual = 7.176546e-05, No Iterations 3
GAMG:  Solving for p, Initial residual = 0.0080818924, Final residual = 6.2957935e-05, No Iterations 3
GAMG:  Solving for p, Initial residual = 0.00015718286, Final residual = 1.2237363e-06, No Iterations 4
time step continuity errors : sum local = 1.091776e-05, global = 7.3427659e-07, cumulative = 0.00022874496
smoothSolver:  Solving for omega, Initial residual = 0.00032099793, Final residual = 2.7000008e-06, No Iterations 2
smoothSolver:  Solving for k, Initial residual = 0.00097169319, Final residual = 9.1711798e-06, No Iterations 2
bounding k, min: 9.9367855e-17 max: 0.30968278 average: 0.060356908
ExecutionTime = 872.39241 s  ClockTime = 873 s

Time = 652s

smoothSolver:  Solving for Ux, Initial residual = 0.00041209197, Final residual = 5.616951e-06, No Iterations 3
smoothSolver:  Solving for Uy, Initial residual = 0.0046669178, Final residual = 5.8689999e-05, No Iterations 3
smoothSolver:  Solving for Uz, Initial residual = 0.0053702886, Final residual = 7.181109e-05, No Iterations 3
GAMG:  Solving for p, Initial residual = 0.008035535, Final residual = 6.2148366e-05, No Iterations 3
GAMG:  Solving for p, Initial residual = 0.00015841595, Final residual = 1.2634031e-06, No Iterations 4
time step continuity errors : sum local = 1.1280922e-05, global = 9.033232e-07, cumulative = 0.00022964829
smoothSolver:  Solving for omega, Initial residual = 0.00031678651, Final residual = 2.6395963e-06, No Iterations 2
smoothSolver:  Solving for k, Initial residual = 0.00096454474, Final residual = 9.0978938e-06, No Iterations 2
bounding k, min: 1.0084568e-16 max: 0.3096582 average: 0.060356269
ExecutionTime = 873.52957 s  ClockTime = 874 s

Time = 653s

smoothSolver:  Solving for Ux, Initial residual = 0.00041028142, Final residual = 5.5883451e-06, No Iterations 3
smoothSolver:  Solving for Uy, Initial residual = 0.0046523377, Final residual = 5.854746e-05, No Iterations 3
smoothSolver:  Solving for Uz, Initial residual = 0.0053602996, Final residual = 7.1784386e-05, No Iterations 3
GAMG:  Solving for p, Initial residual = 0.0080022298, Final residual = 6.1346283e-05, No Iterations 3
GAMG:  Solving for p, Initial residual = 0.00015931897, Final residual = 1.2574531e-06, No Iterations 4
time step continuity errors : sum local = 1.1242216e-05, global = 1.0108017e-06, cumulative = 0.00023065909
smoothSolver:  Solving for omega, Initial residual = 0.00032002036, Final residual = 2.7357766e-06, No Iterations 2
smoothSolver:  Solving for k, Initial residual = 0.00095711689, Final residual = 9.037117e-06, No Iterations 2
bounding k, min: 1.0227747e-16 max: 0.30961831 average: 0.060356469
ExecutionTime = 874.60351 s  ClockTime = 875 s

Time = 654s

smoothSolver:  Solving for Ux, Initial residual = 0.00040837579, Final residual = 5.5531077e-06, No Iterations 3
smoothSolver:  Solving for Uy, Initial residual = 0.0046419371, Final residual = 5.839709e-05, No Iterations 3
smoothSolver:  Solving for Uz, Initial residual = 0.0053554147, Final residual = 7.1759099e-05, No Iterations 3
GAMG:  Solving for p, Initial residual = 0.0079698776, Final residual = 5.9928741e-05, No Iterations 3
GAMG:  Solving for p, Initial residual = 0.00015846902, Final residual = 1.1575711e-06, No Iterations 4
time step continuity errors : sum local = 1.0362863e-05, global = 1.1253805e-06, cumulative = 0.00023178447
smoothSolver:  Solving for omega, Initial residual = 0.00031814837, Final residual = 2.6639146e-06, No Iterations 2
smoothSolver:  Solving for k, Initial residual = 0.00095138488, Final residual = 8.9706616e-06, No Iterations 2
bounding k, min: 1.0229677e-16 max: 0.30956408 average: 0.060356617
ExecutionTime = 875.66275 s  ClockTime = 877 s

Time = 655s

smoothSolver:  Solving for Ux, Initial residual = 0.00040668363, Final residual = 5.5161004e-06, No Iterations 3
smoothSolver:  Solving for Uy, Initial residual = 0.0046378192, Final residual = 5.8201317e-05, No Iterations 3
smoothSolver:  Solving for Uz, Initial residual = 0.0053555214, Final residual = 7.1734423e-05, No Iterations 3
GAMG:  Solving for p, Initial residual = 0.0079760068, Final residual = 5.860294e-05, No Iterations 3
GAMG:  Solving for p, Initial residual = 0.00015690438, Final residual = 1.0844928e-06, No Iterations 4
time step continuity errors : sum local = 9.723325e-06, global = 3.0855666e-07, cumulative = 0.00023209302
smoothSolver:  Solving for omega, Initial residual = 0.00031407857, Final residual = 2.5575299e-06, No Iterations 2
smoothSolver:  Solving for k, Initial residual = 0.00094726844, Final residual = 8.926904e-06, No Iterations 2
bounding k, min: 1.0232988e-16 max: 0.30949651 average: 0.060356764
ExecutionTime = 876.7238 s  ClockTime = 878 s

Time = 656s

smoothSolver:  Solving for Ux, Initial residual = 0.00040524816, Final residual = 5.4790783e-06, No Iterations 3
smoothSolver:  Solving for Uy, Initial residual = 0.0046397061, Final residual = 5.7961109e-05, No Iterations 3
smoothSolver:  Solving for Uz, Initial residual = 0.005357851, Final residual = 7.1634054e-05, No Iterations 3
GAMG:  Solving for p, Initial residual = 0.0080173244, Final residual = 5.7597456e-05, No Iterations 3
GAMG:  Solving for p, Initial residual = 0.00015413365, Final residual = 9.419805e-07, No Iterations 4
time step continuity errors : sum local = 8.4587116e-06, global = 1.9366577e-07, cumulative = 0.00023228669
smoothSolver:  Solving for omega, Initial residual = 0.0003172566, Final residual = 2.7381255e-06, No Iterations 2
smoothSolver:  Solving for k, Initial residual = 0.00094382711, Final residual = 8.8693829e-06, No Iterations 2
bounding k, min: 1.0236554e-16 max: 0.30941677 average: 0.0603568
ExecutionTime = 878.12152 s  ClockTime = 879 s

Time = 657s

smoothSolver:  Solving for Ux, Initial residual = 0.00040389409, Final residual = 5.4489993e-06, No Iterations 3
smoothSolver:  Solving for Uy, Initial residual = 0.0046434177, Final residual = 5.761841e-05, No Iterations 3
smoothSolver:  Solving for Uz, Initial residual = 0.0053670973, Final residual = 7.1448098e-05, No Iterations 3
GAMG:  Solving for p, Initial residual = 0.0080832837, Final residual = 5.7274419e-05, No Iterations 3
GAMG:  Solving for p, Initial residual = 0.00015129077, Final residual = 8.1718317e-07, No Iterations 4
time step continuity errors : sum local = 7.3473856e-06, global = -8.9403415e-08, cumulative = 0.00023219729
smoothSolver:  Solving for omega, Initial residual = 0.00032200525, Final residual = 2.7474561e-06, No Iterations 2
smoothSolver:  Solving for k, Initial residual = 0.00093877591, Final residual = 8.7764345e-06, No Iterations 2
bounding k, min: 1.023871e-16 max: 0.30932612 average: 0.06035724
ExecutionTime = 879.5341 s  ClockTime = 880 s

Time = 658s

smoothSolver:  Solving for Ux, Initial residual = 0.00040279463, Final residual = 5.4254581e-06, No Iterations 3
smoothSolver:  Solving for Uy, Initial residual = 0.0046419644, Final residual = 5.7186761e-05, No Iterations 3
smoothSolver:  Solving for Uz, Initial residual = 0.0053722647, Final residual = 7.1198016e-05, No Iterations 3
GAMG:  Solving for p, Initial residual = 0.0081643601, Final residual = 5.7638541e-05, No Iterations 3
GAMG:  Solving for p, Initial residual = 0.00014852231, Final residual = 7.7570497e-07, No Iterations 4
time step continuity errors : sum local = 6.9830045e-06, global = 1.1579168e-06, cumulative = 0.0002333552
smoothSolver:  Solving for omega, Initial residual = 0.00031636953, Final residual = 2.6406543e-06, No Iterations 2
smoothSolver:  Solving for k, Initial residual = 0.00093589746, Final residual = 8.7472921e-06, No Iterations 2
bounding k, min: 1.0238331e-16 max: 0.3092258 average: 0.060356955
ExecutionTime = 881.21633 s  ClockTime = 882 s

Time = 659s

smoothSolver:  Solving for Ux, Initial residual = 0.00040172282, Final residual = 5.4093602e-06, No Iterations 3
smoothSolver:  Solving for Uy, Initial residual = 0.0046372083, Final residual = 5.6686957e-05, No Iterations 3
smoothSolver:  Solving for Uz, Initial residual = 0.0053738079, Final residual = 7.0820934e-05, No Iterations 3
GAMG:  Solving for p, Initial residual = 0.0082154691, Final residual = 5.8772912e-05, No Iterations 3
GAMG:  Solving for p, Initial residual = 0.00014701056, Final residual = 8.2279775e-07, No Iterations 4
time step continuity errors : sum local = 7.4153143e-06, global = 1.2013765e-06, cumulative = 0.00023455658
smoothSolver:  Solving for omega, Initial residual = 0.00031606365, Final residual = 2.6411268e-06, No Iterations 2
smoothSolver:  Solving for k, Initial residual = 0.00093501065, Final residual = 8.719524e-06, No Iterations 2
bounding k, min: 1.0235152e-16 max: 0.3091172 average: 0.0603566
ExecutionTime = 882.6706 s  ClockTime = 884 s

Time = 660s

smoothSolver:  Solving for Ux, Initial residual = 0.00040066456, Final residual = 5.3970227e-06, No Iterations 3
smoothSolver:  Solving for Uy, Initial residual = 0.004624994, Final residual = 0.00023039933, No Iterations 2
smoothSolver:  Solving for Uz, Initial residual = 0.0053692286, Final residual = 7.0419254e-05, No Iterations 3
GAMG:  Solving for p, Initial residual = 0.008242129, Final residual = 5.9771935e-05, No Iterations 3
GAMG:  Solving for p, Initial residual = 0.00014588174, Final residual = 9.7541798e-07, No Iterations 4
time step continuity errors : sum local = 8.8004091e-06, global = 1.1648589e-06, cumulative = 0.00023572144
smoothSolver:  Solving for omega, Initial residual = 0.00031465858, Final residual = 2.7146915e-06, No Iterations 2
smoothSolver:  Solving for k, Initial residual = 0.00092999605, Final residual = 8.6078206e-06, No Iterations 2
bounding k, min: 1.0229598e-16 max: 0.30900177 average: 0.060356031
ExecutionTime = 884.00876 s  ClockTime = 885 s

Time = 661s

smoothSolver:  Solving for Ux, Initial residual = 0.00039912026, Final residual = 5.3783785e-06, No Iterations 3
smoothSolver:  Solving for Uy, Initial residual = 0.0046320389, Final residual = 0.00023024496, No Iterations 2
smoothSolver:  Solving for Uz, Initial residual = 0.0053533363, Final residual = 6.9990441e-05, No Iterations 3
GAMG:  Solving for p, Initial residual = 0.008247577, Final residual = 6.0618175e-05, No Iterations 3
GAMG:  Solving for p, Initial residual = 0.00014598358, Final residual = 1.0749059e-06, No Iterations 4
time step continuity errors : sum local = 9.7064996e-06, global = 1.3767269e-06, cumulative = 0.00023709817
smoothSolver:  Solving for omega, Initial residual = 0.00031645252, Final residual = 2.6345535e-06, No Iterations 2
smoothSolver:  Solving for k, Initial residual = 0.00093026374, Final residual = 8.610149e-06, No Iterations 2
bounding k, min: 1.0222637e-16 max: 0.30888069 average: 0.060354344
ExecutionTime = 885.14927 s  ClockTime = 886 s

Time = 662s

smoothSolver:  Solving for Ux, Initial residual = 0.00039790857, Final residual = 5.363647e-06, No Iterations 3
smoothSolver:  Solving for Uy, Initial residual = 0.0046211825, Final residual = 0.00022917478, No Iterations 2
smoothSolver:  Solving for Uz, Initial residual = 0.0053434058, Final residual = 6.973696e-05, No Iterations 3
GAMG:  Solving for p, Initial residual = 0.0082567818, Final residual = 6.0428895e-05, No Iterations 3
GAMG:  Solving for p, Initial residual = 0.00014574209, Final residual = 1.1814269e-06, No Iterations 4
time step continuity errors : sum local = 1.0678633e-05, global = 1.600483e-06, cumulative = 0.00023869865
smoothSolver:  Solving for omega, Initial residual = 0.00031695733, Final residual = 2.6915512e-06, No Iterations 2
smoothSolver:  Solving for k, Initial residual = 0.00092532001, Final residual = 8.4989482e-06, No Iterations 2
bounding k, min: 1.0215671e-16 max: 0.30875519 average: 0.060352519
ExecutionTime = 886.30525 s  ClockTime = 887 s

Time = 663s

smoothSolver:  Solving for Ux, Initial residual = 0.00039691038, Final residual = 5.3486337e-06, No Iterations 3
smoothSolver:  Solving for Uy, Initial residual = 0.0045977461, Final residual = 0.00022748865, No Iterations 2
smoothSolver:  Solving for Uz, Initial residual = 0.005331141, Final residual = 6.9590287e-05, No Iterations 3
GAMG:  Solving for p, Initial residual = 0.0082650521, Final residual = 6.0226091e-05, No Iterations 3
GAMG:  Solving for p, Initial residual = 0.00014576186, Final residual = 1.2726933e-06, No Iterations 4
time step continuity errors : sum local = 1.1510603e-05, global = 1.9114188e-06, cumulative = 0.00024061007
smoothSolver:  Solving for omega, Initial residual = 0.00031795879, Final residual = 2.672202e-06, No Iterations 2
smoothSolver:  Solving for k, Initial residual = 0.00092115419, Final residual = 8.4416217e-06, No Iterations 2
bounding k, min: 1.0198495e-16 max: 0.30862615 average: 0.060350268
ExecutionTime = 887.52258 s  ClockTime = 888 s

Time = 664s

smoothSolver:  Solving for Ux, Initial residual = 0.00039609245, Final residual = 5.3332925e-06, No Iterations 3
smoothSolver:  Solving for Uy, Initial residual = 0.0045717199, Final residual = 0.00022593989, No Iterations 2
smoothSolver:  Solving for Uz, Initial residual = 0.0053227048, Final residual = 6.9448568e-05, No Iterations 3
GAMG:  Solving for p, Initial residual = 0.0083180277, Final residual = 5.9699413e-05, No Iterations 3
GAMG:  Solving for p, Initial residual = 0.00014562377, Final residual = 1.3446943e-06, No Iterations 4
time step continuity errors : sum local = 1.2169045e-05, global = 2.2576549e-06, cumulative = 0.00024286772
smoothSolver:  Solving for omega, Initial residual = 0.00031428497, Final residual = 2.6706032e-06, No Iterations 2
smoothSolver:  Solving for k, Initial residual = 0.00091679307, Final residual = 8.3825563e-06, No Iterations 2
bounding k, min: 1.0073658e-16 max: 0.30849389 average: 0.060347497
ExecutionTime = 888.7408 s  ClockTime = 890 s

Time = 665s

smoothSolver:  Solving for Ux, Initial residual = 0.00039561127, Final residual = 5.3184273e-06, No Iterations 3
smoothSolver:  Solving for Uy, Initial residual = 0.004543498, Final residual = 0.00022423843, No Iterations 2
smoothSolver:  Solving for Uz, Initial residual = 0.0053185754, Final residual = 6.9303493e-05, No Iterations 3
GAMG:  Solving for p, Initial residual = 0.0083869693, Final residual = 5.8819511e-05, No Iterations 3
GAMG:  Solving for p, Initial residual = 0.00014523308, Final residual = 1.3795599e-06, No Iterations 4
time step continuity errors : sum local = 1.2488687e-05, global = 2.4262905e-06, cumulative = 0.00024529401
smoothSolver:  Solving for omega, Initial residual = 0.00031698161, Final residual = 2.7067843e-06, No Iterations 2
smoothSolver:  Solving for k, Initial residual = 0.00091437606, Final residual = 8.3361194e-06, No Iterations 2
bounding k, min: 9.9514304e-17 max: 0.30835819 average: 0.060344371
ExecutionTime = 889.91964 s  ClockTime = 891 s

Time = 666s

smoothSolver:  Solving for Ux, Initial residual = 0.00039544096, Final residual = 5.306199e-06, No Iterations 3
smoothSolver:  Solving for Uy, Initial residual = 0.0045207287, Final residual = 0.00022274666, No Iterations 2
smoothSolver:  Solving for Uz, Initial residual = 0.0053193267, Final residual = 6.9089839e-05, No Iterations 3
GAMG:  Solving for p, Initial residual = 0.0085026992, Final residual = 5.7024558e-05, No Iterations 3
GAMG:  Solving for p, Initial residual = 0.00014397795, Final residual = 1.3610813e-06, No Iterations 4
time step continuity errors : sum local = 1.2322008e-05, global = 2.4126218e-06, cumulative = 0.00024770664
smoothSolver:  Solving for omega, Initial residual = 0.000314846, Final residual = 2.6542722e-06, No Iterations 2
smoothSolver:  Solving for k, Initial residual = 0.00091128817, Final residual = 8.2845916e-06, No Iterations 2
bounding k, min: 9.8347519e-17 max: 0.30821817 average: 0.060340879
ExecutionTime = 891.04134 s  ClockTime = 892 s

Time = 667s

smoothSolver:  Solving for Ux, Initial residual = 0.00039562437, Final residual = 5.2963456e-06, No Iterations 3
smoothSolver:  Solving for Uy, Initial residual = 0.004504617, Final residual = 0.00022151352, No Iterations 2
smoothSolver:  Solving for Uz, Initial residual = 0.0053218733, Final residual = 6.880818e-05, No Iterations 3
GAMG:  Solving for p, Initial residual = 0.0086228603, Final residual = 5.5779855e-05, No Iterations 3
GAMG:  Solving for p, Initial residual = 0.0001431088, Final residual = 1.2694993e-06, No Iterations 4
time step continuity errors : sum local = 1.1490683e-05, global = 2.1097333e-06, cumulative = 0.00024981637
smoothSolver:  Solving for omega, Initial residual = 0.00031474304, Final residual = 2.5939089e-06, No Iterations 2
smoothSolver:  Solving for k, Initial residual = 0.00091014208, Final residual = 8.2569412e-06, No Iterations 2
bounding k, min: 9.724518e-17 max: 0.30807236 average: 0.060336858
ExecutionTime = 892.21322 s  ClockTime = 893 s

Time = 668s

smoothSolver:  Solving for Ux, Initial residual = 0.00039564366, Final residual = 5.2872534e-06, No Iterations 3
smoothSolver:  Solving for Uy, Initial residual = 0.0044972788, Final residual = 0.00022070116, No Iterations 2
smoothSolver:  Solving for Uz, Initial residual = 0.0053265548, Final residual = 6.8572522e-05, No Iterations 3
GAMG:  Solving for p, Initial residual = 0.0087888167, Final residual = 5.4563889e-05, No Iterations 3
GAMG:  Solving for p, Initial residual = 0.00014231221, Final residual = 1.1372118e-06, No Iterations 4
time step continuity errors : sum local = 1.0289572e-05, global = 1.7637899e-06, cumulative = 0.00025158016
smoothSolver:  Solving for omega, Initial residual = 0.00031646887, Final residual = 2.7415825e-06, No Iterations 2
smoothSolver:  Solving for k, Initial residual = 0.0009104561, Final residual = 8.2536968e-06, No Iterations 2
bounding k, min: 9.6225708e-17 max: 0.30791874 average: 0.060332603
ExecutionTime = 893.3959 s  ClockTime = 894 s

Time = 669s

smoothSolver:  Solving for Ux, Initial residual = 0.00039573524, Final residual = 5.2791939e-06, No Iterations 3
smoothSolver:  Solving for Uy, Initial residual = 0.0044955078, Final residual = 0.00022011329, No Iterations 2
smoothSolver:  Solving for Uz, Initial residual = 0.0053322682, Final residual = 6.8413659e-05, No Iterations 3
GAMG:  Solving for p, Initial residual = 0.0089034729, Final residual = 5.4134949e-05, No Iterations 3
GAMG:  Solving for p, Initial residual = 0.00014236075, Final residual = 1.0146845e-06, No Iterations 4
time step continuity errors : sum local = 9.1776886e-06, global = 1.4626503e-06, cumulative = 0.00025304281
smoothSolver:  Solving for omega, Initial residual = 0.00032065991, Final residual = 2.6933508e-06, No Iterations 2
smoothSolver:  Solving for k, Initial residual = 0.00090796703, Final residual = 8.2033194e-06, No Iterations 2
bounding k, min: 9.5293129e-17 max: 0.30775484 average: 0.060328889
ExecutionTime = 894.55557 s  ClockTime = 895 s

Time = 670s

smoothSolver:  Solving for Ux, Initial residual = 0.00039529111, Final residual = 5.2687167e-06, No Iterations 3
smoothSolver:  Solving for Uy, Initial residual = 0.0044879062, Final residual = 0.0002198142, No Iterations 2
smoothSolver:  Solving for Uz, Initial residual = 0.0053280973, Final residual = 6.8281627e-05, No Iterations 3
GAMG:  Solving for p, Initial residual = 0.0089663278, Final residual = 5.3579714e-05, No Iterations 3
GAMG:  Solving for p, Initial residual = 0.00014255404, Final residual = 9.1429353e-07, No Iterations 4
time step continuity errors : sum local = 8.2680266e-06, global = 1.1434407e-06, cumulative = 0.00025418625
smoothSolver:  Solving for omega, Initial residual = 0.00031671687, Final residual = 2.6045152e-06, No Iterations 2
smoothSolver:  Solving for k, Initial residual = 0.00090561797, Final residual = 8.1691543e-06, No Iterations 2
bounding k, min: 9.4537921e-17 max: 0.30757798 average: 0.060324829
ExecutionTime = 895.70559 s  ClockTime = 897 s

Time = 671s

smoothSolver:  Solving for Ux, Initial residual = 0.00039477342, Final residual = 5.256331e-06, No Iterations 3
smoothSolver:  Solving for Uy, Initial residual = 0.0044738209, Final residual = 0.00021956054, No Iterations 2
smoothSolver:  Solving for Uz, Initial residual = 0.0053244692, Final residual = 6.8223616e-05, No Iterations 3
GAMG:  Solving for p, Initial residual = 0.0089753635, Final residual = 5.3509986e-05, No Iterations 3
GAMG:  Solving for p, Initial residual = 0.00014311119, Final residual = 8.359803e-07, No Iterations 4
time step continuity errors : sum local = 7.5624883e-06, global = 1.0029991e-06, cumulative = 0.00025518925
smoothSolver:  Solving for omega, Initial residual = 0.00031778807, Final residual = 2.6973494e-06, No Iterations 2
smoothSolver:  Solving for k, Initial residual = 0.00090299557, Final residual = 8.1558953e-06, No Iterations 2
bounding k, min: 9.3937364e-17 max: 0.30738543 average: 0.060321371
ExecutionTime = 896.76821 s  ClockTime = 898 s

Time = 672s

smoothSolver:  Solving for Ux, Initial residual = 0.00039379262, Final residual = 5.2384892e-06, No Iterations 3
smoothSolver:  Solving for Uy, Initial residual = 0.0044593851, Final residual = 0.00021931939, No Iterations 2
smoothSolver:  Solving for Uz, Initial residual = 0.0053220578, Final residual = 6.8277337e-05, No Iterations 3
GAMG:  Solving for p, Initial residual = 0.0089557519, Final residual = 5.4238215e-05, No Iterations 3
GAMG:  Solving for p, Initial residual = 0.00014485278, Final residual = 7.8043235e-07, No Iterations 4
time step continuity errors : sum local = 7.0633283e-06, global = 8.7175304e-07, cumulative = 0.000256061
smoothSolver:  Solving for omega, Initial residual = 0.00031514143, Final residual = 2.7008826e-06, No Iterations 2
smoothSolver:  Solving for k, Initial residual = 0.00090239158, Final residual = 8.1431206e-06, No Iterations 2
bounding k, min: 9.3427281e-17 max: 0.30717484 average: 0.060317947
ExecutionTime = 897.8415 s  ClockTime = 899 s

Time = 673s

smoothSolver:  Solving for Ux, Initial residual = 0.00039266913, Final residual = 5.219341e-06, No Iterations 3
smoothSolver:  Solving for Uy, Initial residual = 0.0044406386, Final residual = 0.00021877886, No Iterations 2
smoothSolver:  Solving for Uz, Initial residual = 0.0053122571, Final residual = 6.8232021e-05, No Iterations 3
GAMG:  Solving for p, Initial residual = 0.0089438312, Final residual = 5.5022523e-05, No Iterations 3
GAMG:  Solving for p, Initial residual = 0.00014647711, Final residual = 7.8054033e-07, No Iterations 4
time step continuity errors : sum local = 7.0712884e-06, global = 8.0275182e-07, cumulative = 0.00025686375
smoothSolver:  Solving for omega, Initial residual = 0.00031668444, Final residual = 2.6233098e-06, No Iterations 2
smoothSolver:  Solving for k, Initial residual = 0.00089982846, Final residual = 8.0909047e-06, No Iterations 2
bounding k, min: 9.3004429e-17 max: 0.30694444 average: 0.060314525
ExecutionTime = 898.99112 s  ClockTime = 900 s

Time = 674s

smoothSolver:  Solving for Ux, Initial residual = 0.0003914369, Final residual = 5.1946859e-06, No Iterations 3
smoothSolver:  Solving for Uy, Initial residual = 0.0044161712, Final residual = 0.00021784289, No Iterations 2
smoothSolver:  Solving for Uz, Initial residual = 0.0053019907, Final residual = 6.817699e-05, No Iterations 3
GAMG:  Solving for p, Initial residual = 0.0089146206, Final residual = 5.6003215e-05, No Iterations 3
GAMG:  Solving for p, Initial residual = 0.00014905583, Final residual = 7.8321495e-07, No Iterations 4
time step continuity errors : sum local = 7.1049057e-06, global = 7.1272978e-07, cumulative = 0.00025757648
smoothSolver:  Solving for omega, Initial residual = 0.00031583724, Final residual = 2.660973e-06, No Iterations 2
smoothSolver:  Solving for k, Initial residual = 0.00089677932, Final residual = 8.0544824e-06, No Iterations 2
bounding k, min: 9.2663689e-17 max: 0.30669333 average: 0.060311214
ExecutionTime = 900.08362 s  ClockTime = 901 s

Time = 675s

smoothSolver:  Solving for Ux, Initial residual = 0.00039031972, Final residual = 5.168398e-06, No Iterations 3
smoothSolver:  Solving for Uy, Initial residual = 0.0043880315, Final residual = 0.00021656387, No Iterations 2
smoothSolver:  Solving for Uz, Initial residual = 0.0052866285, Final residual = 6.8067438e-05, No Iterations 3
GAMG:  Solving for p, Initial residual = 0.0088798182, Final residual = 5.6507958e-05, No Iterations 3
GAMG:  Solving for p, Initial residual = 0.00015177895, Final residual = 7.6710498e-07, No Iterations 4
time step continuity errors : sum local = 6.9674495e-06, global = 7.3130634e-07, cumulative = 0.00025830779
smoothSolver:  Solving for omega, Initial residual = 0.00031573743, Final residual = 2.6377036e-06, No Iterations 2
smoothSolver:  Solving for k, Initial residual = 0.00089316899, Final residual = 8.0214519e-06, No Iterations 2
bounding k, min: 9.2398671e-17 max: 0.30642161 average: 0.060308427
ExecutionTime = 901.2716 s  ClockTime = 902 s

Time = 676s

smoothSolver:  Solving for Ux, Initial residual = 0.00038872464, Final residual = 5.1378318e-06, No Iterations 3
smoothSolver:  Solving for Uy, Initial residual = 0.0043628764, Final residual = 0.00021510223, No Iterations 2
smoothSolver:  Solving for Uz, Initial residual = 0.0052680038, Final residual = 6.7859379e-05, No Iterations 3
GAMG:  Solving for p, Initial residual = 0.0088943988, Final residual = 5.6736331e-05, No Iterations 3
GAMG:  Solving for p, Initial residual = 0.00015407704, Final residual = 7.3625276e-07, No Iterations 4
time step continuity errors : sum local = 6.6953098e-06, global = 6.9472213e-07, cumulative = 0.00025900251
smoothSolver:  Solving for omega, Initial residual = 0.00031137903, Final residual = 2.6238702e-06, No Iterations 2
smoothSolver:  Solving for k, Initial residual = 0.00088944517, Final residual = 7.9787775e-06, No Iterations 2
bounding k, min: 9.2201357e-17 max: 0.30613059 average: 0.060305368
ExecutionTime = 902.437 s  ClockTime = 903 s

Time = 677s

smoothSolver:  Solving for Ux, Initial residual = 0.00038701222, Final residual = 5.108196e-06, No Iterations 3
smoothSolver:  Solving for Uy, Initial residual = 0.0043386793, Final residual = 0.0002134714, No Iterations 2
smoothSolver:  Solving for Uz, Initial residual = 0.0052406895, Final residual = 6.7549407e-05, No Iterations 3
GAMG:  Solving for p, Initial residual = 0.0089010386, Final residual = 5.6493888e-05, No Iterations 3
GAMG:  Solving for p, Initial residual = 0.00015512719, Final residual = 7.3942019e-07, No Iterations 4
time step continuity errors : sum local = 6.7328448e-06, global = 9.1036159e-07, cumulative = 0.00025991287
smoothSolver:  Solving for omega, Initial residual = 0.00031516209, Final residual = 2.7336651e-06, No Iterations 2
smoothSolver:  Solving for k, Initial residual = 0.00088730649, Final residual = 7.9663958e-06, No Iterations 2
bounding k, min: 9.2087155e-17 max: 0.30582276 average: 0.060302641
ExecutionTime = 903.67616 s  ClockTime = 905 s

Time = 678s

smoothSolver:  Solving for Ux, Initial residual = 0.00038522963, Final residual = 5.0783972e-06, No Iterations 3
smoothSolver:  Solving for Uy, Initial residual = 0.0043251495, Final residual = 0.00021216064, No Iterations 2
smoothSolver:  Solving for Uz, Initial residual = 0.0052130608, Final residual = 6.717423e-05, No Iterations 3
GAMG:  Solving for p, Initial residual = 0.0089375058, Final residual = 5.6296442e-05, No Iterations 3
GAMG:  Solving for p, Initial residual = 0.00015539661, Final residual = 7.4251999e-07, No Iterations 4
time step continuity errors : sum local = 6.7689228e-06, global = 6.8659468e-07, cumulative = 0.00026059947
smoothSolver:  Solving for omega, Initial residual = 0.00031241189, Final residual = 2.634972e-06, No Iterations 2
smoothSolver:  Solving for k, Initial residual = 0.00088352575, Final residual = 7.9114067e-06, No Iterations 2
bounding k, min: 9.2066789e-17 max: 0.30550134 average: 0.060299804
ExecutionTime = 904.78828 s  ClockTime = 906 s

Time = 679s

smoothSolver:  Solving for Ux, Initial residual = 0.00038302495, Final residual = 5.0523512e-06, No Iterations 3
smoothSolver:  Solving for Uy, Initial residual = 0.0043107852, Final residual = 0.0002107145, No Iterations 2
smoothSolver:  Solving for Uz, Initial residual = 0.0051804069, Final residual = 6.6745111e-05, No Iterations 3
GAMG:  Solving for p, Initial residual = 0.0089868994, Final residual = 5.6768015e-05, No Iterations 3
GAMG:  Solving for p, Initial residual = 0.00015567144, Final residual = 8.3270995e-07, No Iterations 4
time step continuity errors : sum local = 7.5995085e-06, global = 2.4704211e-07, cumulative = 0.00026084651
smoothSolver:  Solving for omega, Initial residual = 0.00030958077, Final residual = 2.5456026e-06, No Iterations 2
smoothSolver:  Solving for k, Initial residual = 0.00088127408, Final residual = 7.8936754e-06, No Iterations 2
bounding k, min: 9.1747383e-17 max: 0.30517102 average: 0.060296903
ExecutionTime = 905.94459 s  ClockTime = 907 s

Time = 680s

smoothSolver:  Solving for Ux, Initial residual = 0.00038037364, Final residual = 5.0262766e-06, No Iterations 3
smoothSolver:  Solving for Uy, Initial residual = 0.0042982438, Final residual = 0.00020941648, No Iterations 2
smoothSolver:  Solving for Uz, Initial residual = 0.0051502121, Final residual = 6.6320317e-05, No Iterations 3
GAMG:  Solving for p, Initial residual = 0.009022394, Final residual = 5.7190243e-05, No Iterations 3
GAMG:  Solving for p, Initial residual = 0.00015577923, Final residual = 9.1863055e-07, No Iterations 4
time step continuity errors : sum local = 8.392676e-06, global = -5.2022298e-07, cumulative = 0.00026032629
smoothSolver:  Solving for omega, Initial residual = 0.00031203869, Final residual = 2.6808665e-06, No Iterations 2
smoothSolver:  Solving for k, Initial residual = 0.00087902438, Final residual = 7.8851014e-06, No Iterations 2
bounding k, min: 9.1530127e-17 max: 0.30483721 average: 0.060293842
ExecutionTime = 907.30162 s  ClockTime = 908 s

Time = 681s

smoothSolver:  Solving for Ux, Initial residual = 0.00037773103, Final residual = 5.0000484e-06, No Iterations 3
smoothSolver:  Solving for Uy, Initial residual = 0.004281684, Final residual = 0.0002080192, No Iterations 2
smoothSolver:  Solving for Uz, Initial residual = 0.005113825, Final residual = 6.5756556e-05, No Iterations 3
GAMG:  Solving for p, Initial residual = 0.0090314425, Final residual = 5.7726852e-05, No Iterations 3
GAMG:  Solving for p, Initial residual = 0.00015657822, Final residual = 9.7682179e-07, No Iterations 4
time step continuity errors : sum local = 8.9346896e-06, global = -1.014708e-06, cumulative = 0.00025931158
smoothSolver:  Solving for omega, Initial residual = 0.00031741663, Final residual = 2.6438877e-06, No Iterations 2
smoothSolver:  Solving for k, Initial residual = 0.00087539783, Final residual = 7.8349966e-06, No Iterations 2
bounding k, min: 9.137506e-17 max: 0.3045055 average: 0.060290938
ExecutionTime = 908.73399 s  ClockTime = 910 s

Time = 682s

smoothSolver:  Solving for Ux, Initial residual = 0.00037493377, Final residual = 4.9715891e-06, No Iterations 3
smoothSolver:  Solving for Uy, Initial residual = 0.004260558, Final residual = 0.00020654671, No Iterations 2
smoothSolver:  Solving for Uz, Initial residual = 0.0050762051, Final residual = 6.5189751e-05, No Iterations 3
GAMG:  Solving for p, Initial residual = 0.0090302305, Final residual = 5.7918959e-05, No Iterations 3
GAMG:  Solving for p, Initial residual = 0.00015753948, Final residual = 1.0324118e-06, No Iterations 4
time step continuity errors : sum local = 9.4545227e-06, global = -1.0928286e-06, cumulative = 0.00025821875
smoothSolver:  Solving for omega, Initial residual = 0.0003103042, Final residual = 2.5334529e-06, No Iterations 2
smoothSolver:  Solving for k, Initial residual = 0.00087184302, Final residual = 7.8340387e-06, No Iterations 2
bounding k, min: 9.1255595e-17 max: 0.30418175 average: 0.060287531
ExecutionTime = 910.09867 s  ClockTime = 911 s

Time = 683s

smoothSolver:  Solving for Ux, Initial residual = 0.00037193704, Final residual = 4.9442527e-06, No Iterations 3
smoothSolver:  Solving for Uy, Initial residual = 0.0042309293, Final residual = 0.00020483401, No Iterations 2
smoothSolver:  Solving for Uz, Initial residual = 0.0050457607, Final residual = 6.4789775e-05, No Iterations 3
GAMG:  Solving for p, Initial residual = 0.0090307257, Final residual = 5.7624611e-05, No Iterations 3
GAMG:  Solving for p, Initial residual = 0.00015857587, Final residual = 1.0860312e-06, No Iterations 4
time step continuity errors : sum local = 9.9600975e-06, global = -8.5317912e-07, cumulative = 0.00025736557
smoothSolver:  Solving for omega, Initial residual = 0.00031001775, Final residual = 2.6166269e-06, No Iterations 2
smoothSolver:  Solving for k, Initial residual = 0.00086721164, Final residual = 7.7853003e-06, No Iterations 2
bounding k, min: 9.1541993e-17 max: 0.3038713 average: 0.060284393
ExecutionTime = 911.57902 s  ClockTime = 912 s

Time = 684s

smoothSolver:  Solving for Ux, Initial residual = 0.00036865397, Final residual = 4.9133617e-06, No Iterations 3
smoothSolver:  Solving for Uy, Initial residual = 0.0041964512, Final residual = 0.00020306253, No Iterations 2
smoothSolver:  Solving for Uz, Initial residual = 0.0050104465, Final residual = 6.434239e-05, No Iterations 3
GAMG:  Solving for p, Initial residual = 0.0090108377, Final residual = 5.7142361e-05, No Iterations 3
GAMG:  Solving for p, Initial residual = 0.00015958759, Final residual = 1.1692942e-06, No Iterations 4
time step continuity errors : sum local = 1.0736332e-05, global = -9.8993327e-07, cumulative = 0.00025637564
smoothSolver:  Solving for omega, Initial residual = 0.0003092052, Final residual = 2.6265191e-06, No Iterations 2
smoothSolver:  Solving for k, Initial residual = 0.00086359875, Final residual = 7.7731011e-06, No Iterations 2
bounding k, min: 9.1615571e-17 max: 0.30357863 average: 0.060280817
ExecutionTime = 913.03096 s  ClockTime = 914 s

Time = 685s

smoothSolver:  Solving for Ux, Initial residual = 0.000365471, Final residual = 4.8787315e-06, No Iterations 3
smoothSolver:  Solving for Uy, Initial residual = 0.0041581565, Final residual = 0.00020127772, No Iterations 2
smoothSolver:  Solving for Uz, Initial residual = 0.0049765827, Final residual = 6.3967596e-05, No Iterations 3
GAMG:  Solving for p, Initial residual = 0.0089655399, Final residual = 5.7231238e-05, No Iterations 3
GAMG:  Solving for p, Initial residual = 0.00016111591, Final residual = 1.2700489e-06, No Iterations 4
time step continuity errors : sum local = 1.1674345e-05, global = -1.1209256e-06, cumulative = 0.00025525471
smoothSolver:  Solving for omega, Initial residual = 0.00031126868, Final residual = 2.5559566e-06, No Iterations 2
smoothSolver:  Solving for k, Initial residual = 0.00085969514, Final residual = 7.7375782e-06, No Iterations 2
bounding k, min: 9.1471462e-17 max: 0.303307 average: 0.060276783
ExecutionTime = 914.75926 s  ClockTime = 916 s

Time = 686s

smoothSolver:  Solving for Ux, Initial residual = 0.00036255665, Final residual = 4.8403279e-06, No Iterations 3
smoothSolver:  Solving for Uy, Initial residual = 0.0041179302, Final residual = 0.00019979988, No Iterations 2
smoothSolver:  Solving for Uz, Initial residual = 0.004938272, Final residual = 6.3502847e-05, No Iterations 3
GAMG:  Solving for p, Initial residual = 0.0089287562, Final residual = 5.7641128e-05, No Iterations 3
GAMG:  Solving for p, Initial residual = 0.00016231881, Final residual = 1.2048033e-06, No Iterations 4
time step continuity errors : sum local = 1.1087444e-05, global = -9.0725793e-08, cumulative = 0.00025516399
smoothSolver:  Solving for omega, Initial residual = 0.00031029512, Final residual = 2.5887761e-06, No Iterations 2
smoothSolver:  Solving for k, Initial residual = 0.00085269021, Final residual = 7.6754363e-06, No Iterations 2
bounding k, min: 9.1377462e-17 max: 0.30305857 average: 0.060272417
ExecutionTime = 916.32015 s  ClockTime = 917 s

Time = 687s

smoothSolver:  Solving for Ux, Initial residual = 0.00036023096, Final residual = 4.8057955e-06, No Iterations 3
smoothSolver:  Solving for Uy, Initial residual = 0.0040813351, Final residual = 0.00019843874, No Iterations 2
smoothSolver:  Solving for Uz, Initial residual = 0.0049050565, Final residual = 6.2959441e-05, No Iterations 3
GAMG:  Solving for p, Initial residual = 0.0089078175, Final residual = 5.8354706e-05, No Iterations 3
GAMG:  Solving for p, Initial residual = 0.00016331039, Final residual = 1.2572932e-06, No Iterations 4
time step continuity errors : sum local = 1.1577184e-05, global = -4.1621185e-07, cumulative = 0.00025474777
smoothSolver:  Solving for omega, Initial residual = 0.00031221753, Final residual = 2.5605063e-06, No Iterations 2
smoothSolver:  Solving for k, Initial residual = 0.00084893254, Final residual = 7.660841e-06, No Iterations 2
bounding k, min: 9.1242196e-17 max: 0.30287376 average: 0.060268032
ExecutionTime = 918.03533 s  ClockTime = 919 s

Time = 688s

smoothSolver:  Solving for Ux, Initial residual = 0.00035855771, Final residual = 4.7748593e-06, No Iterations 3
smoothSolver:  Solving for Uy, Initial residual = 0.0040585579, Final residual = 0.00019759575, No Iterations 2
smoothSolver:  Solving for Uz, Initial residual = 0.0048827053, Final residual = 6.2418375e-05, No Iterations 3
GAMG:  Solving for p, Initial residual = 0.0089152332, Final residual = 5.8340676e-05, No Iterations 3
GAMG:  Solving for p, Initial residual = 0.00016333537, Final residual = 1.188045e-06, No Iterations 4
time step continuity errors : sum local = 1.0944212e-05, global = -1.3156747e-07, cumulative = 0.00025461621
smoothSolver:  Solving for omega, Initial residual = 0.00030857247, Final residual = 2.5768998e-06, No Iterations 2
smoothSolver:  Solving for k, Initial residual = 0.00084249715, Final residual = 7.5839337e-06, No Iterations 2
bounding k, min: 9.1273921e-17 max: 0.30270813 average: 0.060263179
ExecutionTime = 919.68838 s  ClockTime = 921 s

Time = 689s

smoothSolver:  Solving for Ux, Initial residual = 0.0003573181, Final residual = 4.7484159e-06, No Iterations 3
smoothSolver:  Solving for Uy, Initial residual = 0.0040415166, Final residual = 0.00019649138, No Iterations 2
smoothSolver:  Solving for Uz, Initial residual = 0.0048593931, Final residual = 6.1739606e-05, No Iterations 3
GAMG:  Solving for p, Initial residual = 0.0089582889, Final residual = 5.7738181e-05, No Iterations 3
GAMG:  Solving for p, Initial residual = 0.00016268294, Final residual = 1.082663e-06, No Iterations 4
time step continuity errors : sum local = 9.9747645e-06, global = 6.1379343e-07, cumulative = 0.00025523
smoothSolver:  Solving for omega, Initial residual = 0.00031183722, Final residual = 2.5887713e-06, No Iterations 2
smoothSolver:  Solving for k, Initial residual = 0.00083628892, Final residual = 7.5368594e-06, No Iterations 2
bounding k, min: 9.1259444e-17 max: 0.30256013 average: 0.060258679
ExecutionTime = 921.04168 s  ClockTime = 922 s

Time = 690s

smoothSolver:  Solving for Ux, Initial residual = 0.00035640919, Final residual = 4.7275845e-06, No Iterations 3
smoothSolver:  Solving for Uy, Initial residual = 0.00403122, Final residual = 0.00019544108, No Iterations 2
smoothSolver:  Solving for Uz, Initial residual = 0.0048359414, Final residual = 6.1053315e-05, No Iterations 3
GAMG:  Solving for p, Initial residual = 0.0090267274, Final residual = 5.6411695e-05, No Iterations 3
GAMG:  Solving for p, Initial residual = 0.0001615165, Final residual = 1.0513387e-06, No Iterations 4
time step continuity errors : sum local = 9.6837989e-06, global = 4.9313752e-09, cumulative = 0.00025523493
smoothSolver:  Solving for omega, Initial residual = 0.00030736311, Final residual = 2.5298218e-06, No Iterations 2
smoothSolver:  Solving for k, Initial residual = 0.00083007832, Final residual = 7.4920889e-06, No Iterations 2
bounding k, min: 9.1254212e-17 max: 0.30242165 average: 0.060253767
ExecutionTime = 922.31347 s  ClockTime = 923 s

Time = 691s

smoothSolver:  Solving for Ux, Initial residual = 0.00035562005, Final residual = 4.71614e-06, No Iterations 3
smoothSolver:  Solving for Uy, Initial residual = 0.0040206856, Final residual = 0.00019431599, No Iterations 2
smoothSolver:  Solving for Uz, Initial residual = 0.0048021393, Final residual = 6.0224467e-05, No Iterations 3
GAMG:  Solving for p, Initial residual = 0.0090939818, Final residual = 5.5558944e-05, No Iterations 3
GAMG:  Solving for p, Initial residual = 0.00016085714, Final residual = 9.6713632e-07, No Iterations 4
time step continuity errors : sum local = 8.9052132e-06, global = 6.5428999e-07, cumulative = 0.00025588922
smoothSolver:  Solving for omega, Initial residual = 0.00030804034, Final residual = 2.497001e-06, No Iterations 2
smoothSolver:  Solving for k, Initial residual = 0.00082595623, Final residual = 7.444229e-06, No Iterations 2
bounding k, min: 9.1184047e-17 max: 0.30228667 average: 0.060248462
ExecutionTime = 923.58923 s  ClockTime = 924 s

Time = 692s

smoothSolver:  Solving for Ux, Initial residual = 0.00035504479, Final residual = 4.7098143e-06, No Iterations 3
smoothSolver:  Solving for Uy, Initial residual = 0.0040080939, Final residual = 0.00019327513, No Iterations 2
smoothSolver:  Solving for Uz, Initial residual = 0.0047632125, Final residual = 5.9422358e-05, No Iterations 3
GAMG:  Solving for p, Initial residual = 0.00915566, Final residual = 5.593215e-05, No Iterations 3
GAMG:  Solving for p, Initial residual = 0.00016255406, Final residual = 9.5298431e-07, No Iterations 4
time step continuity errors : sum local = 8.7715902e-06, global = 7.0314924e-07, cumulative = 0.00025659237
smoothSolver:  Solving for omega, Initial residual = 0.00031074285, Final residual = 2.6257701e-06, No Iterations 2
smoothSolver:  Solving for k, Initial residual = 0.00082152052, Final residual = 7.4030084e-06, No Iterations 2
bounding k, min: 9.1083596e-17 max: 0.3021501 average: 0.060243178
ExecutionTime = 924.83005 s  ClockTime = 926 s

Time = 693s

smoothSolver:  Solving for Ux, Initial residual = 0.0003544825, Final residual = 4.7051138e-06, No Iterations 3
smoothSolver:  Solving for Uy, Initial residual = 0.003996727, Final residual = 0.00019241737, No Iterations 2
smoothSolver:  Solving for Uz, Initial residual = 0.0047209702, Final residual = 5.8622782e-05, No Iterations 3
GAMG:  Solving for p, Initial residual = 0.0091993154, Final residual = 5.7684437e-05, No Iterations 3
GAMG:  Solving for p, Initial residual = 0.00016679303, Final residual = 1.0248282e-06, No Iterations 4
time step continuity errors : sum local = 9.4287236e-06, global = 3.4379481e-07, cumulative = 0.00025693617
smoothSolver:  Solving for omega, Initial residual = 0.00031686333, Final residual = 2.6293306e-06, No Iterations 2
smoothSolver:  Solving for k, Initial residual = 0.00081732855, Final residual = 7.3507086e-06, No Iterations 2
bounding k, min: -2.3085054e-06 max: 0.30200795 average: 0.06023822
ExecutionTime = 925.98022 s  ClockTime = 927 s

Time = 694s

smoothSolver:  Solving for Ux, Initial residual = 0.00035406862, Final residual = 4.7005827e-06, No Iterations 3
smoothSolver:  Solving for Uy, Initial residual = 0.0039815941, Final residual = 0.00019183562, No Iterations 2
smoothSolver:  Solving for Uz, Initial residual = 0.0046723691, Final residual = 5.7875709e-05, No Iterations 3
GAMG:  Solving for p, Initial residual = 0.0092407821, Final residual = 5.9941603e-05, No Iterations 3
GAMG:  Solving for p, Initial residual = 0.00017206327, Final residual = 1.1674173e-06, No Iterations 4
time step continuity errors : sum local = 1.0738999e-05, global = -1.720847e-08, cumulative = 0.00025691896
smoothSolver:  Solving for omega, Initial residual = 0.00031243413, Final residual = 2.5460964e-06, No Iterations 2
smoothSolver:  Solving for k, Initial residual = 0.00081470571, Final residual = 7.3470862e-06, No Iterations 2
bounding k, min: 9.0953763e-17 max: 0.3018577 average: 0.060232566
ExecutionTime = 927.13098 s  ClockTime = 928 s

Time = 695s

smoothSolver:  Solving for Ux, Initial residual = 0.00035371595, Final residual = 4.6950473e-06, No Iterations 3
smoothSolver:  Solving for Uy, Initial residual = 0.003972772, Final residual = 0.00019159761, No Iterations 2
smoothSolver:  Solving for Uz, Initial residual = 0.004621075, Final residual = 5.7192526e-05, No Iterations 3
GAMG:  Solving for p, Initial residual = 0.0092699124, Final residual = 6.2349803e-05, No Iterations 3
GAMG:  Solving for p, Initial residual = 0.00017688434, Final residual = 1.4006676e-06, No Iterations 4
time step continuity errors : sum local = 1.2884419e-05, global = 1.4544957e-07, cumulative = 0.00025706441
smoothSolver:  Solving for omega, Initial residual = 0.00031084324, Final residual = 2.55773e-06, No Iterations 2
smoothSolver:  Solving for k, Initial residual = 0.00080968896, Final residual = 7.2564657e-06, No Iterations 2
bounding k, min: 9.0909926e-17 max: 0.30169871 average: 0.060227746
ExecutionTime = 928.33846 s  ClockTime = 929 s

Time = 696s

smoothSolver:  Solving for Ux, Initial residual = 0.00035305845, Final residual = 4.6823805e-06, No Iterations 3
smoothSolver:  Solving for Uy, Initial residual = 0.0039626019, Final residual = 0.00019142606, No Iterations 2
smoothSolver:  Solving for Uz, Initial residual = 0.0045681205, Final residual = 5.6659535e-05, No Iterations 3
GAMG:  Solving for p, Initial residual = 0.0092755813, Final residual = 6.4293931e-05, No Iterations 3
GAMG:  Solving for p, Initial residual = 0.000181893, Final residual = 1.5424453e-06, No Iterations 4
time step continuity errors : sum local = 1.4192395e-05, global = 2.0222076e-07, cumulative = 0.00025726663
smoothSolver:  Solving for omega, Initial residual = 0.00030887688, Final residual = 2.5952219e-06, No Iterations 2
smoothSolver:  Solving for k, Initial residual = 0.00080321892, Final residual = 7.177678e-06, No Iterations 2
bounding k, min: 9.0885853e-17 max: 0.30153223 average: 0.0602231
ExecutionTime = 929.55173 s  ClockTime = 930 s

Time = 697s

smoothSolver:  Solving for Ux, Initial residual = 0.0003520326, Final residual = 4.6640548e-06, No Iterations 3
smoothSolver:  Solving for Uy, Initial residual = 0.003958154, Final residual = 0.00019132768, No Iterations 2
smoothSolver:  Solving for Uz, Initial residual = 0.00451926, Final residual = 5.6188852e-05, No Iterations 3
GAMG:  Solving for p, Initial residual = 0.0093109919, Final residual = 6.5441247e-05, No Iterations 3
GAMG:  Solving for p, Initial residual = 0.00018612858, Final residual = 1.6740259e-06, No Iterations 4
time step continuity errors : sum local = 1.5410984e-05, global = 3.5046278e-07, cumulative = 0.00025761709
smoothSolver:  Solving for omega, Initial residual = 0.00031234163, Final residual = 2.5650277e-06, No Iterations 2
smoothSolver:  Solving for k, Initial residual = 0.0007988066, Final residual = 7.1162997e-06, No Iterations 2
bounding k, min: 9.0860166e-17 max: 0.30136209 average: 0.060218582
ExecutionTime = 930.75577 s  ClockTime = 932 s

Time = 698s

smoothSolver:  Solving for Ux, Initial residual = 0.00035077603, Final residual = 4.6378246e-06, No Iterations 3
smoothSolver:  Solving for Uy, Initial residual = 0.0039536804, Final residual = 0.00019125701, No Iterations 2
smoothSolver:  Solving for Uz, Initial residual = 0.0044772996, Final residual = 5.5852215e-05, No Iterations 3
GAMG:  Solving for p, Initial residual = 0.0093612767, Final residual = 6.5420226e-05, No Iterations 3
GAMG:  Solving for p, Initial residual = 0.00018909863, Final residual = 1.7650382e-06, No Iterations 4
time step continuity errors : sum local = 1.6260699e-05, global = 3.5136536e-07, cumulative = 0.00025796846
smoothSolver:  Solving for omega, Initial residual = 0.00031180152, Final residual = 2.5849088e-06, No Iterations 2
smoothSolver:  Solving for k, Initial residual = 0.00079261159, Final residual = 7.0596694e-06, No Iterations 2
bounding k, min: 9.0841158e-17 max: 0.30119386 average: 0.060214626
ExecutionTime = 932.04486 s  ClockTime = 933 s

Time = 699s

smoothSolver:  Solving for Ux, Initial residual = 0.00034932808, Final residual = 4.6080136e-06, No Iterations 3
smoothSolver:  Solving for Uy, Initial residual = 0.0039489256, Final residual = 0.00019099444, No Iterations 2
smoothSolver:  Solving for Uz, Initial residual = 0.0044347796, Final residual = 5.5510893e-05, No Iterations 3
GAMG:  Solving for p, Initial residual = 0.009414454, Final residual = 6.4887682e-05, No Iterations 3
GAMG:  Solving for p, Initial residual = 0.00019072298, Final residual = 1.8047746e-06, No Iterations 4
time step continuity errors : sum local = 1.6638585e-05, global = 3.8688414e-07, cumulative = 0.00025835534
smoothSolver:  Solving for omega, Initial residual = 0.00031221517, Final residual = 2.557235e-06, No Iterations 2
smoothSolver:  Solving for k, Initial residual = 0.00079093382, Final residual = 7.0547591e-06, No Iterations 2
bounding k, min: 9.0827483e-17 max: 0.30103487 average: 0.060211157
ExecutionTime = 933.5831 s  ClockTime = 934 s

Time = 700s

smoothSolver:  Solving for Ux, Initial residual = 0.00034755413, Final residual = 4.575682e-06, No Iterations 3
smoothSolver:  Solving for Uy, Initial residual = 0.0039510679, Final residual = 0.00019081363, No Iterations 2
smoothSolver:  Solving for Uz, Initial residual = 0.0044066703, Final residual = 5.5205943e-05, No Iterations 3
GAMG:  Solving for p, Initial residual = 0.0094735336, Final residual = 6.3350813e-05, No Iterations 3
GAMG:  Solving for p, Initial residual = 0.00019101791, Final residual = 1.7953085e-06, No Iterations 4
time step continuity errors : sum local = 1.6567858e-05, global = 2.0704252e-07, cumulative = 0.00025856238
smoothSolver:  Solving for omega, Initial residual = 0.00031005843, Final residual = 2.5966697e-06, No Iterations 2
smoothSolver:  Solving for k, Initial residual = 0.00078615194, Final residual = 6.9560315e-06, No Iterations 2
bounding k, min: 9.081802e-17 max: 0.30092702 average: 0.060207716
ExecutionTime = 935.3025 s  ClockTime = 936 s

Time = 701s

smoothSolver:  Solving for Ux, Initial residual = 0.00034596304, Final residual = 4.544846e-06, No Iterations 3
smoothSolver:  Solving for Uy, Initial residual = 0.0039519959, Final residual = 0.0001902449, No Iterations 2
smoothSolver:  Solving for Uz, Initial residual = 0.004388304, Final residual = 5.4855931e-05, No Iterations 3
GAMG:  Solving for p, Initial residual = 0.0095241731, Final residual = 6.1866659e-05, No Iterations 3
GAMG:  Solving for p, Initial residual = 0.00019104701, Final residual = 1.7491611e-06, No Iterations 4
time step continuity errors : sum local = 1.6157939e-05, global = 2.314486e-07, cumulative = 0.00025879383
smoothSolver:  Solving for omega, Initial residual = 0.00031356798, Final residual = 2.6522397e-06, No Iterations 2
smoothSolver:  Solving for k, Initial residual = 0.00078139029, Final residual = 6.9391592e-06, No Iterations 2
bounding k, min: 9.081187e-17 max: 0.30085165 average: 0.060205425
ExecutionTime = 936.85931 s  ClockTime = 938 s

Time = 702s

smoothSolver:  Solving for Ux, Initial residual = 0.00034419256, Final residual = 4.5132348e-06, No Iterations 3
smoothSolver:  Solving for Uy, Initial residual = 0.003951506, Final residual = 0.00018983471, No Iterations 2
smoothSolver:  Solving for Uz, Initial residual = 0.0043711605, Final residual = 5.4482338e-05, No Iterations 3
GAMG:  Solving for p, Initial residual = 0.0095564862, Final residual = 6.0708411e-05, No Iterations 3
GAMG:  Solving for p, Initial residual = 0.0001915688, Final residual = 1.6729919e-06, No Iterations 4
time step continuity errors : sum local = 1.5474703e-05, global = -8.3226091e-10, cumulative = 0.000258793
smoothSolver:  Solving for omega, Initial residual = 0.0003093447, Final residual = 2.5042105e-06, No Iterations 2
smoothSolver:  Solving for k, Initial residual = 0.00077714281, Final residual = 6.8582546e-06, No Iterations 2
bounding k, min: 9.0808278e-17 max: 0.30081445 average: 0.060203563
ExecutionTime = 938.19309 s  ClockTime = 939 s

Time = 703s

smoothSolver:  Solving for Ux, Initial residual = 0.0003425756, Final residual = 4.4823781e-06, No Iterations 3
smoothSolver:  Solving for Uy, Initial residual = 0.003940959, Final residual = 0.00018901066, No Iterations 2
smoothSolver:  Solving for Uz, Initial residual = 0.0043540433, Final residual = 5.4018736e-05, No Iterations 3
GAMG:  Solving for p, Initial residual = 0.0095479859, Final residual = 5.9918228e-05, No Iterations 3
GAMG:  Solving for p, Initial residual = 0.00019189625, Final residual = 1.5684868e-06, No Iterations 4
time step continuity errors : sum local = 1.4529187e-05, global = -9.1645557e-09, cumulative = 0.00025878383
smoothSolver:  Solving for omega, Initial residual = 0.00030721422, Final residual = 2.4882708e-06, No Iterations 2
smoothSolver:  Solving for k, Initial residual = 0.00077350222, Final residual = 6.7999841e-06, No Iterations 2
bounding k, min: 9.0806646e-17 max: 0.30081851 average: 0.060201884
ExecutionTime = 939.8927 s  ClockTime = 941 s

Time = 704s

smoothSolver:  Solving for Ux, Initial residual = 0.00034073769, Final residual = 4.4481762e-06, No Iterations 3
smoothSolver:  Solving for Uy, Initial residual = 0.0039325166, Final residual = 0.0001883836, No Iterations 2
smoothSolver:  Solving for Uz, Initial residual = 0.0043333011, Final residual = 5.352188e-05, No Iterations 3
GAMG:  Solving for p, Initial residual = 0.009554076, Final residual = 6.0211464e-05, No Iterations 3
GAMG:  Solving for p, Initial residual = 0.00019286691, Final residual = 1.5366455e-06, No Iterations 4
time step continuity errors : sum local = 1.4259548e-05, global = 7.921572e-09, cumulative = 0.00025879176
smoothSolver:  Solving for omega, Initial residual = 0.00031039229, Final residual = 2.6179927e-06, No Iterations 2
smoothSolver:  Solving for k, Initial residual = 0.00076981334, Final residual = 6.7489126e-06, No Iterations 2
bounding k, min: 9.0806462e-17 max: 0.30086461 average: 0.060200938
ExecutionTime = 941.44691 s  ClockTime = 942 s

Time = 705s

smoothSolver:  Solving for Ux, Initial residual = 0.0003389296, Final residual = 4.4149565e-06, No Iterations 3
smoothSolver:  Solving for Uy, Initial residual = 0.0039227129, Final residual = 0.00018764034, No Iterations 2
smoothSolver:  Solving for Uz, Initial residual = 0.0043085303, Final residual = 5.3048682e-05, No Iterations 3
GAMG:  Solving for p, Initial residual = 0.009539285, Final residual = 6.1335149e-05, No Iterations 3
GAMG:  Solving for p, Initial residual = 0.00019383192, Final residual = 1.504705e-06, No Iterations 4
time step continuity errors : sum local = 1.3981441e-05, global = 2.7284216e-07, cumulative = 0.0002590646
smoothSolver:  Solving for omega, Initial residual = 0.0003168099, Final residual = 2.5743658e-06, No Iterations 2
smoothSolver:  Solving for k, Initial residual = 0.00076706021, Final residual = 6.6969289e-06, No Iterations 2
bounding k, min: 9.0807303e-17 max: 0.30094975 average: 0.060200253
ExecutionTime = 942.8672 s  ClockTime = 944 s

Time = 706s

smoothSolver:  Solving for Ux, Initial residual = 0.00033697516, Final residual = 4.3802832e-06, No Iterations 3
smoothSolver:  Solving for Uy, Initial residual = 0.0039124968, Final residual = 0.00018713338, No Iterations 2
smoothSolver:  Solving for Uz, Initial residual = 0.0042846211, Final residual = 5.2609728e-05, No Iterations 3
GAMG:  Solving for p, Initial residual = 0.0095345322, Final residual = 6.3237749e-05, No Iterations 3
GAMG:  Solving for p, Initial residual = 0.00019572232, Final residual = 1.5407795e-06, No Iterations 4
time step continuity errors : sum local = 1.4336628e-05, global = 5.262236e-07, cumulative = 0.00025959082
smoothSolver:  Solving for omega, Initial residual = 0.00031138964, Final residual = 2.480799e-06, No Iterations 2
smoothSolver:  Solving for k, Initial residual = 0.00076586853, Final residual = 6.6837407e-06, No Iterations 2
bounding k, min: 9.0808798e-17 max: 0.30109358 average: 0.060198924
ExecutionTime = 944.16591 s  ClockTime = 945 s

Time = 707s

smoothSolver:  Solving for Ux, Initial residual = 0.00033493173, Final residual = 4.3465411e-06, No Iterations 3
smoothSolver:  Solving for Uy, Initial residual = 0.0038976215, Final residual = 0.0001864852, No Iterations 2
smoothSolver:  Solving for Uz, Initial residual = 0.0042553398, Final residual = 5.2025671e-05, No Iterations 3
GAMG:  Solving for p, Initial residual = 0.0095152757, Final residual = 6.4682871e-05, No Iterations 3
GAMG:  Solving for p, Initial residual = 0.00019708762, Final residual = 1.6706876e-06, No Iterations 4
time step continuity errors : sum local = 1.5560446e-05, global = 5.4402919e-07, cumulative = 0.00026013485
smoothSolver:  Solving for omega, Initial residual = 0.00030946929, Final residual = 2.5101366e-06, No Iterations 2
smoothSolver:  Solving for k, Initial residual = 0.0007624052, Final residual = 6.6114088e-06, No Iterations 2
bounding k, min: 9.0810653e-17 max: 0.30125126 average: 0.060198301
ExecutionTime = 945.46275 s  ClockTime = 946 s

Time = 708s

smoothSolver:  Solving for Ux, Initial residual = 0.000332995, Final residual = 4.3147097e-06, No Iterations 3
smoothSolver:  Solving for Uy, Initial residual = 0.0038865719, Final residual = 0.00018602608, No Iterations 2
smoothSolver:  Solving for Uz, Initial residual = 0.0042276516, Final residual = 0.00021134178, No Iterations 2
GAMG:  Solving for p, Initial residual = 0.0094803127, Final residual = 6.4300049e-05, No Iterations 3
GAMG:  Solving for p, Initial residual = 0.00019608788, Final residual = 1.6845665e-06, No Iterations 4
time step continuity errors : sum local = 1.5701671e-05, global = 4.6194474e-07, cumulative = 0.0002605968
smoothSolver:  Solving for omega, Initial residual = 0.00031036336, Final residual = 2.6268465e-06, No Iterations 2
smoothSolver:  Solving for k, Initial residual = 0.00076124262, Final residual = 6.6083279e-06, No Iterations 2
bounding k, min: 9.0812491e-17 max: 0.30140478 average: 0.060197165
ExecutionTime = 946.63841 s  ClockTime = 948 s

Time = 709s

smoothSolver:  Solving for Ux, Initial residual = 0.00033082397, Final residual = 4.2805504e-06, No Iterations 3
smoothSolver:  Solving for Uy, Initial residual = 0.0038760293, Final residual = 0.00018526594, No Iterations 2
smoothSolver:  Solving for Uz, Initial residual = 0.0042373747, Final residual = 0.00021139211, No Iterations 2
GAMG:  Solving for p, Initial residual = 0.0094540571, Final residual = 6.492853e-05, No Iterations 3
GAMG:  Solving for p, Initial residual = 0.00019674505, Final residual = 1.8188655e-06, No Iterations 4
time step continuity errors : sum local = 1.6961891e-05, global = 5.0397555e-07, cumulative = 0.00026110077
smoothSolver:  Solving for omega, Initial residual = 0.0003134281, Final residual = 2.5680117e-06, No Iterations 2
smoothSolver:  Solving for k, Initial residual = 0.00075943813, Final residual = 6.5486277e-06, No Iterations 2
bounding k, min: 9.0814054e-17 max: 0.30154182 average: 0.060195588
ExecutionTime = 947.86231 s  ClockTime = 949 s

Time = 710s

smoothSolver:  Solving for Ux, Initial residual = 0.00032915859, Final residual = 4.2551891e-06, No Iterations 3
smoothSolver:  Solving for Uy, Initial residual = 0.0038718598, Final residual = 0.00018502426, No Iterations 2
smoothSolver:  Solving for Uz, Initial residual = 0.0042262575, Final residual = 0.00020983675, No Iterations 2
GAMG:  Solving for p, Initial residual = 0.0094283532, Final residual = 6.4095842e-05, No Iterations 3
GAMG:  Solving for p, Initial residual = 0.00019570681, Final residual = 1.8483026e-06, No Iterations 4
time step continuity errors : sum local = 1.724075e-05, global = 5.9971809e-07, cumulative = 0.00026170049
smoothSolver:  Solving for omega, Initial residual = 0.00031188881, Final residual = 2.5282795e-06, No Iterations 2
smoothSolver:  Solving for k, Initial residual = 0.00075453065, Final residual = 6.4808315e-06, No Iterations 2
bounding k, min: 9.0815095e-17 max: 0.30165193 average: 0.060194008
ExecutionTime = 949.05743 s  ClockTime = 950 s

Time = 711s

smoothSolver:  Solving for Ux, Initial residual = 0.00032783018, Final residual = 4.2403768e-06, No Iterations 3
smoothSolver:  Solving for Uy, Initial residual = 0.0038699397, Final residual = 0.00018468079, No Iterations 2
smoothSolver:  Solving for Uz, Initial residual = 0.0042096586, Final residual = 0.00020799589, No Iterations 2
GAMG:  Solving for p, Initial residual = 0.0093865891, Final residual = 6.2673045e-05, No Iterations 3
GAMG:  Solving for p, Initial residual = 0.00019398395, Final residual = 1.866607e-06, No Iterations 4
time step continuity errors : sum local = 1.7406165e-05, global = 8.4158213e-07, cumulative = 0.00026254207
smoothSolver:  Solving for omega, Initial residual = 0.00031218648, Final residual = 2.5461574e-06, No Iterations 2
smoothSolver:  Solving for k, Initial residual = 0.00075286987, Final residual = 6.4709813e-06, No Iterations 2
bounding k, min: 9.0815426e-17 max: 0.30173111 average: 0.060192093
ExecutionTime = 950.34267 s  ClockTime = 951 s

Time = 712s

smoothSolver:  Solving for Ux, Initial residual = 0.00032696414, Final residual = 4.2321993e-06, No Iterations 3
smoothSolver:  Solving for Uy, Initial residual = 0.0038746079, Final residual = 0.0001846134, No Iterations 2
smoothSolver:  Solving for Uz, Initial residual = 0.0042008882, Final residual = 0.00020636285, No Iterations 2
GAMG:  Solving for p, Initial residual = 0.0093550075, Final residual = 6.0678323e-05, No Iterations 3
GAMG:  Solving for p, Initial residual = 0.00019145949, Final residual = 1.8175555e-06, No Iterations 4
time step continuity errors : sum local = 1.6943328e-05, global = 7.0717062e-07, cumulative = 0.00026324924
smoothSolver:  Solving for omega, Initial residual = 0.00031026224, Final residual = 2.5918839e-06, No Iterations 2
smoothSolver:  Solving for k, Initial residual = 0.00075108347, Final residual = 6.4358083e-06, No Iterations 2
bounding k, min: 9.0814902e-17 max: 0.3018068 average: 0.060189382
ExecutionTime = 951.94375 s  ClockTime = 953 s

Time = 713s

smoothSolver:  Solving for Ux, Initial residual = 0.0003262805, Final residual = 4.2276535e-06, No Iterations 3
smoothSolver:  Solving for Uy, Initial residual = 0.0038808483, Final residual = 0.00018461998, No Iterations 2
smoothSolver:  Solving for Uz, Initial residual = 0.0041952711, Final residual = 0.00020496041, No Iterations 2
GAMG:  Solving for p, Initial residual = 0.0093259831, Final residual = 5.8375064e-05, No Iterations 3
GAMG:  Solving for p, Initial residual = 0.00018898084, Final residual = 1.7560076e-06, No Iterations 4
time step continuity errors : sum local = 1.6360058e-05, global = -1.5240839e-07, cumulative = 0.00026309683
smoothSolver:  Solving for omega, Initial residual = 0.00031380581, Final residual = 2.5849121e-06, No Iterations 2
smoothSolver:  Solving for k, Initial residual = 0.00074608584, Final residual = 6.3543509e-06, No Iterations 2
bounding k, min: 9.0813463e-17 max: 0.30184955 average: 0.060186927
ExecutionTime = 953.41796 s  ClockTime = 954 s

Time = 714s

smoothSolver:  Solving for Ux, Initial residual = 0.00032586228, Final residual = 4.2216673e-06, No Iterations 3
smoothSolver:  Solving for Uy, Initial residual = 0.003888471, Final residual = 0.0001848706, No Iterations 2
smoothSolver:  Solving for Uz, Initial residual = 0.0041894832, Final residual = 0.00020413828, No Iterations 2
GAMG:  Solving for p, Initial residual = 0.0092991821, Final residual = 5.6343744e-05, No Iterations 3
GAMG:  Solving for p, Initial residual = 0.00018650846, Final residual = 1.5478088e-06, No Iterations 4
time step continuity errors : sum local = 1.441183e-05, global = -1.1102319e-06, cumulative = 0.0002619866
smoothSolver:  Solving for omega, Initial residual = 0.00031021093, Final residual = 2.5198752e-06, No Iterations 2
smoothSolver:  Solving for k, Initial residual = 0.00074309896, Final residual = 6.3474059e-06, No Iterations 2
bounding k, min: 9.081111e-17 max: 0.3018614 average: 0.060183913
ExecutionTime = 954.87878 s  ClockTime = 956 s

Time = 715s

smoothSolver:  Solving for Ux, Initial residual = 0.00032543433, Final residual = 4.2122899e-06, No Iterations 3
smoothSolver:  Solving for Uy, Initial residual = 0.0038969453, Final residual = 0.00018549017, No Iterations 2
smoothSolver:  Solving for Uz, Initial residual = 0.0041879522, Final residual = 0.00020382896, No Iterations 2
GAMG:  Solving for p, Initial residual = 0.0092564381, Final residual = 5.5355069e-05, No Iterations 3
GAMG:  Solving for p, Initial residual = 0.00018460796, Final residual = 1.4041038e-06, No Iterations 4
time step continuity errors : sum local = 1.3063527e-05, global = -9.3960097e-07, cumulative = 0.000261047
smoothSolver:  Solving for omega, Initial residual = 0.00030737219, Final residual = 2.4727425e-06, No Iterations 2
smoothSolver:  Solving for k, Initial residual = 0.00073937285, Final residual = 6.288752e-06, No Iterations 2
bounding k, min: 9.0807937e-17 max: 0.30184857 average: 0.060180609
ExecutionTime = 956.19482 s  ClockTime = 957 s

Time = 716s

smoothSolver:  Solving for Ux, Initial residual = 0.00032515083, Final residual = 4.2014579e-06, No Iterations 3
smoothSolver:  Solving for Uy, Initial residual = 0.0039043075, Final residual = 0.00018618308, No Iterations 2
smoothSolver:  Solving for Uz, Initial residual = 0.0041928121, Final residual = 0.00020414644, No Iterations 2
GAMG:  Solving for p, Initial residual = 0.0092331083, Final residual = 5.5187281e-05, No Iterations 3
GAMG:  Solving for p, Initial residual = 0.00018274439, Final residual = 1.374567e-06, No Iterations 4
time step continuity errors : sum local = 1.278349e-05, global = -1.0812329e-06, cumulative = 0.00025996577
smoothSolver:  Solving for omega, Initial residual = 0.00031173635, Final residual = 2.6191682e-06, No Iterations 2
smoothSolver:  Solving for k, Initial residual = 0.00073563607, Final residual = 6.2479226e-06, No Iterations 2
bounding k, min: 9.0803646e-17 max: 0.30182137 average: 0.060177498
ExecutionTime = 957.43101 s  ClockTime = 958 s

Time = 717s

smoothSolver:  Solving for Ux, Initial residual = 0.00032501985, Final residual = 4.1914904e-06, No Iterations 3
smoothSolver:  Solving for Uy, Initial residual = 0.0039096027, Final residual = 0.00018680217, No Iterations 2
smoothSolver:  Solving for Uz, Initial residual = 0.0041996201, Final residual = 0.00020475248, No Iterations 2
GAMG:  Solving for p, Initial residual = 0.0092216334, Final residual = 5.5133663e-05, No Iterations 3
GAMG:  Solving for p, Initial residual = 0.0001804298, Final residual = 1.37194e-06, No Iterations 4
time step continuity errors : sum local = 1.2754891e-05, global = -1.1768563e-06, cumulative = 0.00025878891
smoothSolver:  Solving for omega, Initial residual = 0.00031818079, Final residual = 2.6069445e-06, No Iterations 2
smoothSolver:  Solving for k, Initial residual = 0.00073282835, Final residual = 6.2237615e-06, No Iterations 2
bounding k, min: 9.0799488e-17 max: 0.30179285 average: 0.060174279
ExecutionTime = 958.89255 s  ClockTime = 960 s

Time = 718s

smoothSolver:  Solving for Ux, Initial residual = 0.00032523026, Final residual = 4.1819944e-06, No Iterations 3
smoothSolver:  Solving for Uy, Initial residual = 0.0039199318, Final residual = 0.00018760055, No Iterations 2
smoothSolver:  Solving for Uz, Initial residual = 0.0042117137, Final residual = 0.000205779, No Iterations 2
GAMG:  Solving for p, Initial residual = 0.0092057798, Final residual = 5.513512e-05, No Iterations 3
GAMG:  Solving for p, Initial residual = 0.00017809354, Final residual = 1.3764233e-06, No Iterations 4
time step continuity errors : sum local = 1.2799481e-05, global = -1.1694366e-06, cumulative = 0.00025761948
smoothSolver:  Solving for omega, Initial residual = 0.00031114946, Final residual = 2.4753537e-06, No Iterations 2
smoothSolver:  Solving for k, Initial residual = 0.00073022432, Final residual = 6.1984684e-06, No Iterations 2
bounding k, min: 9.0795265e-17 max: 0.30177782 average: 0.060170978
ExecutionTime = 960.26772 s  ClockTime = 961 s

Time = 719s

smoothSolver:  Solving for Ux, Initial residual = 0.00032571225, Final residual = 4.1761237e-06, No Iterations 3
smoothSolver:  Solving for Uy, Initial residual = 0.0039306627, Final residual = 0.00018838549, No Iterations 2
smoothSolver:  Solving for Uz, Initial residual = 0.0042335736, Final residual = 0.00020710691, No Iterations 2
GAMG:  Solving for p, Initial residual = 0.0092129588, Final residual = 5.5253804e-05, No Iterations 3
GAMG:  Solving for p, Initial residual = 0.00017558281, Final residual = 1.390907e-06, No Iterations 4
time step continuity errors : sum local = 1.2938031e-05, global = -1.150893e-06, cumulative = 0.00025646858
smoothSolver:  Solving for omega, Initial residual = 0.00030856492, Final residual = 2.522247e-06, No Iterations 2
smoothSolver:  Solving for k, Initial residual = 0.00072821677, Final residual = 6.1805113e-06, No Iterations 2
bounding k, min: 9.0791384e-17 max: 0.3017909 average: 0.0601682
ExecutionTime = 961.83034 s  ClockTime = 963 s

Time = 720s

smoothSolver:  Solving for Ux, Initial residual = 0.00032609664, Final residual = 4.1719576e-06, No Iterations 3
smoothSolver:  Solving for Uy, Initial residual = 0.0039441095, Final residual = 0.00018942654, No Iterations 2
smoothSolver:  Solving for Uz, Initial residual = 0.0042535605, Final residual = 0.00020833643, No Iterations 2
GAMG:  Solving for p, Initial residual = 0.0091959363, Final residual = 5.5814456e-05, No Iterations 3
GAMG:  Solving for p, Initial residual = 0.00017397627, Final residual = 1.3976972e-06, No Iterations 4
time step continuity errors : sum local = 1.3009609e-05, global = -9.980904e-07, cumulative = 0.00025547049
smoothSolver:  Solving for omega, Initial residual = 0.00030945705, Final residual = 2.5988437e-06, No Iterations 2
smoothSolver:  Solving for k, Initial residual = 0.0007265286, Final residual = 6.1696888e-06, No Iterations 2
bounding k, min: 9.0789336e-17 max: 0.30184488 average: 0.060165756
ExecutionTime = 963.22893 s  ClockTime = 964 s

Time = 721s

smoothSolver:  Solving for Ux, Initial residual = 0.00032664853, Final residual = 4.1705851e-06, No Iterations 3
smoothSolver:  Solving for Uy, Initial residual = 0.0039561879, Final residual = 0.00019025796, No Iterations 2
smoothSolver:  Solving for Uz, Initial residual = 0.0042754888, Final residual = 0.00020937364, No Iterations 2
GAMG:  Solving for p, Initial residual = 0.0091978243, Final residual = 5.609299e-05, No Iterations 3
GAMG:  Solving for p, Initial residual = 0.00017111721, Final residual = 1.379443e-06, No Iterations 4
time step continuity errors : sum local = 1.2851638e-05, global = -5.3623578e-07, cumulative = 0.00025493426
smoothSolver:  Solving for omega, Initial residual = 0.00031369226, Final residual = 2.5687238e-06, No Iterations 2
smoothSolver:  Solving for k, Initial residual = 0.00072621071, Final residual = 6.1650089e-06, No Iterations 2
bounding k, min: 9.0789127e-17 max: 0.3019487 average: 0.060163654
ExecutionTime = 964.7681 s  ClockTime = 966 s

Time = 722s

smoothSolver:  Solving for Ux, Initial residual = 0.00032701587, Final residual = 4.169301e-06, No Iterations 3
smoothSolver:  Solving for Uy, Initial residual = 0.0039708067, Final residual = 0.00019123425, No Iterations 2
smoothSolver:  Solving for Uz, Initial residual = 0.0042951438, Final residual = 0.00021015087, No Iterations 2
GAMG:  Solving for p, Initial residual = 0.0092196862, Final residual = 5.6229917e-05, No Iterations 3
GAMG:  Solving for p, Initial residual = 0.00016909051, Final residual = 1.3404517e-06, No Iterations 4
time step continuity errors : sum local = 1.2504628e-05, global = -3.7251855e-07, cumulative = 0.00025456174
smoothSolver:  Solving for omega, Initial residual = 0.00031192375, Final residual = 2.5431484e-06, No Iterations 2
smoothSolver:  Solving for k, Initial residual = 0.00072578826, Final residual = 6.1630421e-06, No Iterations 2
bounding k, min: 9.0789498e-17 max: 0.30210664 average: 0.060162099
ExecutionTime = 966.17643 s  ClockTime = 967 s

Time = 723s

smoothSolver:  Solving for Ux, Initial residual = 0.00032711042, Final residual = 4.1661827e-06, No Iterations 3
smoothSolver:  Solving for Uy, Initial residual = 0.0039837342, Final residual = 0.00019204408, No Iterations 2
smoothSolver:  Solving for Uz, Initial residual = 0.0043133742, Final residual = 0.00021074156, No Iterations 2
GAMG:  Solving for p, Initial residual = 0.0092547728, Final residual = 5.6398381e-05, No Iterations 3
GAMG:  Solving for p, Initial residual = 0.0001667134, Final residual = 1.3230545e-06, No Iterations 4
time step continuity errors : sum local = 1.2359284e-05, global = 7.9537739e-08, cumulative = 0.00025464128
smoothSolver:  Solving for omega, Initial residual = 0.00031143451, Final residual = 2.5370113e-06, No Iterations 2
smoothSolver:  Solving for k, Initial residual = 0.00072915663, Final residual = 6.2099778e-06, No Iterations 2
bounding k, min: 9.0790472e-17 max: 0.30234528 average: 0.060160905
ExecutionTime = 967.50274 s  ClockTime = 968 s

Time = 724s

smoothSolver:  Solving for Ux, Initial residual = 0.00032682861, Final residual = 4.1542927e-06, No Iterations 3
smoothSolver:  Solving for Uy, Initial residual = 0.0040003471, Final residual = 0.00019313715, No Iterations 2
smoothSolver:  Solving for Uz, Initial residual = 0.0043247435, Final residual = 0.00021101913, No Iterations 2
GAMG:  Solving for p, Initial residual = 0.0092822269, Final residual = 5.7059335e-05, No Iterations 3
GAMG:  Solving for p, Initial residual = 0.000166253, Final residual = 1.3335033e-06, No Iterations 4
time step continuity errors : sum local = 1.2477803e-05, global = 3.88415e-07, cumulative = 0.00025502969
smoothSolver:  Solving for omega, Initial residual = 0.00030960417, Final residual = 2.5500168e-06, No Iterations 2
smoothSolver:  Solving for k, Initial residual = 0.00072914122, Final residual = 6.1745019e-06, No Iterations 2
bounding k, min: 9.0781025e-17 max: 0.30261553 average: 0.060160336
ExecutionTime = 968.87839 s  ClockTime = 970 s

Time = 725s

smoothSolver:  Solving for Ux, Initial residual = 0.00032626073, Final residual = 4.1389974e-06, No Iterations 3
smoothSolver:  Solving for Uy, Initial residual = 0.0040097889, Final residual = 0.00019376377, No Iterations 2
smoothSolver:  Solving for Uz, Initial residual = 0.0043321642, Final residual = 0.00021128685, No Iterations 2
GAMG:  Solving for p, Initial residual = 0.0092707861, Final residual = 5.7811579e-05, No Iterations 3
GAMG:  Solving for p, Initial residual = 0.00016701576, Final residual = 1.3880362e-06, No Iterations 4
time step continuity errors : sum local = 1.3009407e-05, global = 4.865516e-07, cumulative = 0.00025551624
smoothSolver:  Solving for omega, Initial residual = 0.00031330753, Final residual = 2.6175013e-06, No Iterations 2
smoothSolver:  Solving for k, Initial residual = 0.00072968569, Final residual = 6.1923897e-06, No Iterations 2
bounding k, min: 9.0768681e-17 max: 0.30289345 average: 0.060160147
ExecutionTime = 970.28287 s  ClockTime = 971 s

Time = 726s

smoothSolver:  Solving for Ux, Initial residual = 0.00032522045, Final residual = 4.116615e-06, No Iterations 3
smoothSolver:  Solving for Uy, Initial residual = 0.0040188053, Final residual = 0.00019474761, No Iterations 2
smoothSolver:  Solving for Uz, Initial residual = 0.0043322021, Final residual = 0.00021139085, No Iterations 2
GAMG:  Solving for p, Initial residual = 0.0092835178, Final residual = 5.9072344e-05, No Iterations 3
GAMG:  Solving for p, Initial residual = 0.00016980613, Final residual = 1.5002349e-06, No Iterations 4
time step continuity errors : sum local = 1.4082397e-05, global = 4.6992915e-07, cumulative = 0.00025598617
smoothSolver:  Solving for omega, Initial residual = 0.00030925079, Final residual = 2.4917978e-06, No Iterations 2
smoothSolver:  Solving for k, Initial residual = 0.00072959705, Final residual = 6.159952e-06, No Iterations 2
bounding k, min: 9.076434e-17 max: 0.30315427 average: 0.060160209
ExecutionTime = 971.50378 s  ClockTime = 972 s

Time = 727s

smoothSolver:  Solving for Ux, Initial residual = 0.00032381017, Final residual = 4.0917019e-06, No Iterations 3
smoothSolver:  Solving for Uy, Initial residual = 0.0040245598, Final residual = 0.00019552033, No Iterations 2
smoothSolver:  Solving for Uz, Initial residual = 0.0043322703, Final residual = 0.00021175514, No Iterations 2
GAMG:  Solving for p, Initial residual = 0.0092627389, Final residual = 5.9829725e-05, No Iterations 3
GAMG:  Solving for p, Initial residual = 0.00017305955, Final residual = 1.5359723e-06, No Iterations 4
time step continuity errors : sum local = 1.4436489e-05, global = 5.2089168e-07, cumulative = 0.00025650706
smoothSolver:  Solving for omega, Initial residual = 0.00030818551, Final residual = 2.4805011e-06, No Iterations 2
smoothSolver:  Solving for k, Initial residual = 0.00072808498, Final residual = 6.1334365e-06, No Iterations 2
bounding k, min: 9.0760731e-17 max: 0.30341058 average: 0.060160599
ExecutionTime = 972.84475 s  ClockTime = 974 s

Time = 728s

smoothSolver:  Solving for Ux, Initial residual = 0.00032214236, Final residual = 4.0634439e-06, No Iterations 3
smoothSolver:  Solving for Uy, Initial residual = 0.0040389139, Final residual = 0.00019676288, No Iterations 2
smoothSolver:  Solving for Uz, Initial residual = 0.0043338726, Final residual = 0.00021197132, No Iterations 2
GAMG:  Solving for p, Initial residual = 0.0092608535, Final residual = 6.0086568e-05, No Iterations 3
GAMG:  Solving for p, Initial residual = 0.00017590103, Final residual = 1.5753793e-06, No Iterations 4
time step continuity errors : sum local = 1.4823558e-05, global = 3.558484e-07, cumulative = 0.00025686291
smoothSolver:  Solving for omega, Initial residual = 0.00031233086, Final residual = 2.6270192e-06, No Iterations 2
smoothSolver:  Solving for k, Initial residual = 0.00072662438, Final residual = 6.1023888e-06, No Iterations 2
bounding k, min: 9.0758622e-17 max: 0.30364207 average: 0.060161317
ExecutionTime = 974.01702 s  ClockTime = 975 s

Time = 729s

smoothSolver:  Solving for Ux, Initial residual = 0.00032058048, Final residual = 4.0404539e-06, No Iterations 3
smoothSolver:  Solving for Uy, Initial residual = 0.0040525126, Final residual = 0.00019768775, No Iterations 2
smoothSolver:  Solving for Uz, Initial residual = 0.0043405329, Final residual = 0.00021237047, No Iterations 2
GAMG:  Solving for p, Initial residual = 0.0092970655, Final residual = 5.9847351e-05, No Iterations 3
GAMG:  Solving for p, Initial residual = 0.00017841348, Final residual = 1.5905872e-06, No Iterations 4
time step continuity errors : sum local = 1.4975759e-05, global = 1.2250478e-07, cumulative = 0.00025698542
smoothSolver:  Solving for omega, Initial residual = 0.0003181171, Final residual = 2.6132335e-06, No Iterations 2
smoothSolver:  Solving for k, Initial residual = 0.00072364076, Final residual = 6.0633586e-06, No Iterations 2
bounding k, min: 9.0758068e-17 max: 0.30381139 average: 0.060162094
ExecutionTime = 975.23296 s  ClockTime = 976 s

Time = 730s

smoothSolver:  Solving for Ux, Initial residual = 0.00031935263, Final residual = 4.0195784e-06, No Iterations 3
smoothSolver:  Solving for Uy, Initial residual = 0.0040736258, Final residual = 0.0001988421, No Iterations 2
smoothSolver:  Solving for Uz, Initial residual = 0.0043518314, Final residual = 0.0002128971, No Iterations 2
GAMG:  Solving for p, Initial residual = 0.0093463224, Final residual = 5.8761327e-05, No Iterations 3
GAMG:  Solving for p, Initial residual = 0.00018016251, Final residual = 1.5504933e-06, No Iterations 4
time step continuity errors : sum local = 1.4602915e-05, global = -2.6876336e-07, cumulative = 0.00025671665
smoothSolver:  Solving for omega, Initial residual = 0.00031120259, Final residual = 2.4763091e-06, No Iterations 2
smoothSolver:  Solving for k, Initial residual = 0.00072135476, Final residual = 6.0201772e-06, No Iterations 2
bounding k, min: 9.075935e-17 max: 0.30390064 average: 0.060162677
ExecutionTime = 976.48691 s  ClockTime = 977 s

Time = 731s

smoothSolver:  Solving for Ux, Initial residual = 0.00031856881, Final residual = 4.0072433e-06, No Iterations 3
smoothSolver:  Solving for Uy, Initial residual = 0.0040956511, Final residual = 0.00019981972, No Iterations 2
smoothSolver:  Solving for Uz, Initial residual = 0.0043669814, Final residual = 0.00021345809, No Iterations 2
GAMG:  Solving for p, Initial residual = 0.00941314, Final residual = 5.7685312e-05, No Iterations 3
GAMG:  Solving for p, Initial residual = 0.00018352039, Final residual = 1.513932e-06, No Iterations 4
time step continuity errors : sum local = 1.4257077e-05, global = -5.0771316e-07, cumulative = 0.00025620894
smoothSolver:  Solving for omega, Initial residual = 0.00031075537, Final residual = 2.5275688e-06, No Iterations 2
smoothSolver:  Solving for k, Initial residual = 0.00071794291, Final residual = 5.974069e-06, No Iterations 2
bounding k, min: 9.076322e-17 max: 0.30394345 average: 0.060163536
ExecutionTime = 977.69193 s  ClockTime = 979 s

Time = 732s

smoothSolver:  Solving for Ux, Initial residual = 0.00031842061, Final residual = 4.0002432e-06, No Iterations 3
smoothSolver:  Solving for Uy, Initial residual = 0.004118872, Final residual = 0.00020092575, No Iterations 2
smoothSolver:  Solving for Uz, Initial residual = 0.0043836893, Final residual = 0.00021416942, No Iterations 2
GAMG:  Solving for p, Initial residual = 0.0094552357, Final residual = 5.6942719e-05, No Iterations 3
GAMG:  Solving for p, Initial residual = 0.00018720204, Final residual = 1.4388855e-06, No Iterations 4
time step continuity errors : sum local = 1.3543263e-05, global = -8.1415496e-07, cumulative = 0.00025539478
smoothSolver:  Solving for omega, Initial residual = 0.00031194429, Final residual = 2.6096104e-06, No Iterations 2
smoothSolver:  Solving for k, Initial residual = 0.00071465735, Final residual = 5.9231523e-06, No Iterations 2
bounding k, min: 9.0771324e-17 max: 0.30415697 average: 0.06016418
ExecutionTime = 979.00754 s  ClockTime = 980 s

Time = 733s

smoothSolver:  Solving for Ux, Initial residual = 0.00031887299, Final residual = 4.0000424e-06, No Iterations 3
smoothSolver:  Solving for Uy, Initial residual = 0.0041405232, Final residual = 0.00020178364, No Iterations 2
smoothSolver:  Solving for Uz, Initial residual = 0.0044031982, Final residual = 0.00021517919, No Iterations 2
GAMG:  Solving for p, Initial residual = 0.0094857936, Final residual = 5.6799384e-05, No Iterations 3
GAMG:  Solving for p, Initial residual = 0.00019137154, Final residual = 1.3597361e-06, No Iterations 4
time step continuity errors : sum local = 1.2785673e-05, global = -5.9763674e-07, cumulative = 0.00025479715
smoothSolver:  Solving for omega, Initial residual = 0.00031754099, Final residual = 2.5974183e-06, No Iterations 2
smoothSolver:  Solving for k, Initial residual = 0.00071477227, Final residual = 5.9227418e-06, No Iterations 2
bounding k, min: 9.0787174e-17 max: 0.30436412 average: 0.060164413
ExecutionTime = 980.80093 s  ClockTime = 982 s

Time = 734s

smoothSolver:  Solving for Ux, Initial residual = 0.00031960351, Final residual = 4.0021093e-06, No Iterations 3
smoothSolver:  Solving for Uy, Initial residual = 0.004163953, Final residual = 0.00020265369, No Iterations 2
smoothSolver:  Solving for Uz, Initial residual = 0.0044253154, Final residual = 0.00021652982, No Iterations 2
GAMG:  Solving for p, Initial residual = 0.009516497, Final residual = 5.8059768e-05, No Iterations 3
GAMG:  Solving for p, Initial residual = 0.00019597322, Final residual = 1.3110677e-06, No Iterations 4
time step continuity errors : sum local = 1.2313295e-05, global = -1.6513671e-08, cumulative = 0.00025478063
smoothSolver:  Solving for omega, Initial residual = 0.00031682835, Final residual = 2.5490327e-06, No Iterations 2
smoothSolver:  Solving for k, Initial residual = 0.00071028416, Final residual = 5.8222067e-06, No Iterations 2
bounding k, min: 9.0807512e-17 max: 0.30455718 average: 0.060164505
ExecutionTime = 982.39617 s  ClockTime = 983 s

Time = 735s

smoothSolver:  Solving for Ux, Initial residual = 0.00032036991, Final residual = 4.0071651e-06, No Iterations 3
smoothSolver:  Solving for Uy, Initial residual = 0.0041773087, Final residual = 0.00020277126, No Iterations 2
smoothSolver:  Solving for Uz, Initial residual = 0.0044500202, Final residual = 0.0002183556, No Iterations 2
GAMG:  Solving for p, Initial residual = 0.0095592418, Final residual = 5.9866767e-05, No Iterations 3
GAMG:  Solving for p, Initial residual = 0.00020057604, Final residual = 1.263099e-06, No Iterations 4
time step continuity errors : sum local = 1.1842887e-05, global = 3.2125552e-07, cumulative = 0.00025510189
smoothSolver:  Solving for omega, Initial residual = 0.00031751699, Final residual = 2.5633751e-06, No Iterations 2
smoothSolver:  Solving for k, Initial residual = 0.00070667152, Final residual = 5.7719161e-06, No Iterations 2
bounding k, min: 9.0821177e-17 max: 0.30474236 average: 0.060164721
ExecutionTime = 983.74555 s  ClockTime = 985 s

Time = 736s

smoothSolver:  Solving for Ux, Initial residual = 0.00032122086, Final residual = 4.0111353e-06, No Iterations 3
smoothSolver:  Solving for Uy, Initial residual = 0.004186709, Final residual = 0.00020273598, No Iterations 2
smoothSolver:  Solving for Uz, Initial residual = 0.0044773671, Final residual = 0.0002204988, No Iterations 2
GAMG:  Solving for p, Initial residual = 0.0096229204, Final residual = 6.1914411e-05, No Iterations 3
GAMG:  Solving for p, Initial residual = 0.00020417642, Final residual = 1.2038182e-06, No Iterations 4
time step continuity errors : sum local = 1.1268957e-05, global = 5.9409108e-07, cumulative = 0.00025569598
smoothSolver:  Solving for omega, Initial residual = 0.00031426538, Final residual = 2.550307e-06, No Iterations 2
smoothSolver:  Solving for k, Initial residual = 0.00070468152, Final residual = 5.7254468e-06, No Iterations 2
bounding k, min: 9.0848373e-17 max: 0.30490999 average: 0.060164291
ExecutionTime = 985.27406 s  ClockTime = 986 s

Time = 737s

smoothSolver:  Solving for Ux, Initial residual = 0.00032190883, Final residual = 4.0114695e-06, No Iterations 3
smoothSolver:  Solving for Uy, Initial residual = 0.0041920269, Final residual = 0.00020243935, No Iterations 2
smoothSolver:  Solving for Uz, Initial residual = 0.0045022031, Final residual = 0.00022269376, No Iterations 2
GAMG:  Solving for p, Initial residual = 0.0096685408, Final residual = 6.3668694e-05, No Iterations 3
GAMG:  Solving for p, Initial residual = 0.00020684771, Final residual = 1.1863334e-06, No Iterations 4
time step continuity errors : sum local = 1.1086547e-05, global = 5.9719993e-07, cumulative = 0.00025629318
smoothSolver:  Solving for omega, Initial residual = 0.00031821768, Final residual = 2.5973509e-06, No Iterations 2
smoothSolver:  Solving for k, Initial residual = 0.00070191419, Final residual = 5.6708716e-06, No Iterations 2
bounding k, min: 9.0937258e-17 max: 0.30506754 average: 0.060164203
ExecutionTime = 986.91188 s  ClockTime = 988 s

Time = 738s

smoothSolver:  Solving for Ux, Initial residual = 0.0003224799, Final residual = 4.0061886e-06, No Iterations 3
smoothSolver:  Solving for Uy, Initial residual = 0.0041951798, Final residual = 0.00020240601, No Iterations 2
smoothSolver:  Solving for Uz, Initial residual = 0.0045296103, Final residual = 0.00022471854, No Iterations 2
GAMG:  Solving for p, Initial residual = 0.0096807716, Final residual = 6.5258736e-05, No Iterations 3
GAMG:  Solving for p, Initial residual = 0.00020961542, Final residual = 1.1431541e-06, No Iterations 4
time step continuity errors : sum local = 1.0670674e-05, global = 3.4100233e-07, cumulative = 0.00025663418
smoothSolver:  Solving for omega, Initial residual = 0.00031445515, Final residual = 2.5404812e-06, No Iterations 2
smoothSolver:  Solving for k, Initial residual = 0.00069929333, Final residual = 5.6319929e-06, No Iterations 2
bounding k, min: 9.1133898e-17 max: 0.30520644 average: 0.060163728
ExecutionTime = 988.6159 s  ClockTime = 990 s

Time = 739s

smoothSolver:  Solving for Ux, Initial residual = 0.00032269243, Final residual = 3.9965606e-06, No Iterations 3
smoothSolver:  Solving for Uy, Initial residual = 0.0041959692, Final residual = 0.00020214532, No Iterations 2
smoothSolver:  Solving for Uz, Initial residual = 0.0045526603, Final residual = 0.00022648102, No Iterations 2
GAMG:  Solving for p, Initial residual = 0.009689099, Final residual = 6.5868722e-05, No Iterations 3
GAMG:  Solving for p, Initial residual = 0.00021125445, Final residual = 1.2517103e-06, No Iterations 4
time step continuity errors : sum local = 1.1675329e-05, global = 5.564454e-07, cumulative = 0.00025719063
smoothSolver:  Solving for omega, Initial residual = 0.00031492938, Final residual = 2.5078319e-06, No Iterations 2
smoothSolver:  Solving for k, Initial residual = 0.00069857212, Final residual = 5.6012439e-06, No Iterations 2
bounding k, min: 9.1677368e-17 max: 0.30533458 average: 0.060163476
ExecutionTime = 989.79899 s  ClockTime = 991 s

Time = 740s

smoothSolver:  Solving for Ux, Initial residual = 0.00032259533, Final residual = 3.9871874e-06, No Iterations 3
smoothSolver:  Solving for Uy, Initial residual = 0.0042008482, Final residual = 0.00020212801, No Iterations 2
smoothSolver:  Solving for Uz, Initial residual = 0.0045644385, Final residual = 0.00022762733, No Iterations 2
GAMG:  Solving for p, Initial residual = 0.0096494718, Final residual = 6.5981458e-05, No Iterations 3
GAMG:  Solving for p, Initial residual = 0.00021285287, Final residual = 1.3963999e-06, No Iterations 4
time step continuity errors : sum local = 1.3023368e-05, global = 4.8308993e-07, cumulative = 0.00025767372
smoothSolver:  Solving for omega, Initial residual = 0.00031643173, Final residual = 2.6222084e-06, No Iterations 2
smoothSolver:  Solving for k, Initial residual = 0.00070000664, Final residual = 5.6184455e-06, No Iterations 2
bounding k, min: 9.1917023e-17 max: 0.30544685 average: 0.060163253
ExecutionTime = 990.95286 s  ClockTime = 992 s

Time = 741s

smoothSolver:  Solving for Ux, Initial residual = 0.00032254608, Final residual = 3.9771381e-06, No Iterations 3
smoothSolver:  Solving for Uy, Initial residual = 0.004203216, Final residual = 0.00020200058, No Iterations 2
smoothSolver:  Solving for Uz, Initial residual = 0.0045758477, Final residual = 0.00022835674, No Iterations 2
GAMG:  Solving for p, Initial residual = 0.0096006947, Final residual = 6.5359494e-05, No Iterations 3
GAMG:  Solving for p, Initial residual = 0.00021241584, Final residual = 1.484769e-06, No Iterations 4
time step continuity errors : sum local = 1.3850492e-05, global = 2.9859811e-07, cumulative = 0.00025797232
smoothSolver:  Solving for omega, Initial residual = 0.00032206275, Final residual = 2.6390659e-06, No Iterations 2
smoothSolver:  Solving for k, Initial residual = 0.00069941733, Final residual = 5.5740453e-06, No Iterations 2
bounding k, min: 9.1813467e-17 max: 0.30555063 average: 0.060163483
ExecutionTime = 992.13334 s  ClockTime = 993 s

Time = 742s

smoothSolver:  Solving for Ux, Initial residual = 0.00032262752, Final residual = 3.9707309e-06, No Iterations 3
smoothSolver:  Solving for Uy, Initial residual = 0.0042101245, Final residual = 0.00020190812, No Iterations 2
smoothSolver:  Solving for Uz, Initial residual = 0.0045789075, Final residual = 0.0002286724, No Iterations 2
GAMG:  Solving for p, Initial residual = 0.0095136183, Final residual = 6.4597463e-05, No Iterations 3
GAMG:  Solving for p, Initial residual = 0.00021153631, Final residual = 1.5150595e-06, No Iterations 4
time step continuity errors : sum local = 1.4143337e-05, global = 1.5046608e-07, cumulative = 0.00025812278
smoothSolver:  Solving for omega, Initial residual = 0.00031558985, Final residual = 2.480336e-06, No Iterations 2
smoothSolver:  Solving for k, Initial residual = 0.00070078522, Final residual = 5.5723958e-06, No Iterations 2
bounding k, min: 9.30314e-17 max: 0.30564016 average: 0.060163852
ExecutionTime = 993.436 s  ClockTime = 994 s

Time = 743s

smoothSolver:  Solving for Ux, Initial residual = 0.00032286102, Final residual = 3.967942e-06, No Iterations 3
smoothSolver:  Solving for Uy, Initial residual = 0.0042137978, Final residual = 0.00020170448, No Iterations 2
smoothSolver:  Solving for Uz, Initial residual = 0.0045860682, Final residual = 0.00022881974, No Iterations 2
GAMG:  Solving for p, Initial residual = 0.0094192956, Final residual = 6.3439345e-05, No Iterations 3
GAMG:  Solving for p, Initial residual = 0.00020988872, Final residual = 1.4555147e-06, No Iterations 4
time step continuity errors : sum local = 1.3599442e-05, global = -6.4886403e-07, cumulative = 0.00025747392
smoothSolver:  Solving for omega, Initial residual = 0.00031259913, Final residual = 2.4979896e-06, No Iterations 2
smoothSolver:  Solving for k, Initial residual = 0.00070096788, Final residual = 5.5566378e-06, No Iterations 2
bounding k, min: 9.4261404e-17 max: 0.30572402 average: 0.060165013
ExecutionTime = 994.5213 s  ClockTime = 995 s

Time = 744s

smoothSolver:  Solving for Ux, Initial residual = 0.000323165, Final residual = 3.9693192e-06, No Iterations 3
smoothSolver:  Solving for Uy, Initial residual = 0.0042086035, Final residual = 0.0002013728, No Iterations 2
smoothSolver:  Solving for Uz, Initial residual = 0.00458712, Final residual = 0.00022845849, No Iterations 2
GAMG:  Solving for p, Initial residual = 0.0092950823, Final residual = 6.2526463e-05, No Iterations 3
GAMG:  Solving for p, Initial residual = 0.00020846398, Final residual = 1.3858952e-06, No Iterations 4
time step continuity errors : sum local = 1.2962264e-05, global = -1.2774332e-07, cumulative = 0.00025734618
smoothSolver:  Solving for omega, Initial residual = 0.0003121423, Final residual = 2.583825e-06, No Iterations 2
smoothSolver:  Solving for k, Initial residual = 0.00070133704, Final residual = 5.540502e-06, No Iterations 2
bounding k, min: 9.6224312e-17 max: 0.305798 average: 0.060166323
ExecutionTime = 995.5926 s  ClockTime = 996 s

Time = 745s

smoothSolver:  Solving for Ux, Initial residual = 0.00032341907, Final residual = 3.9714751e-06, No Iterations 3
smoothSolver:  Solving for Uy, Initial residual = 0.0041981882, Final residual = 0.00020069214, No Iterations 2
smoothSolver:  Solving for Uz, Initial residual = 0.0045881098, Final residual = 0.00022793965, No Iterations 2
GAMG:  Solving for p, Initial residual = 0.0091974495, Final residual = 6.1392479e-05, No Iterations 3
GAMG:  Solving for p, Initial residual = 0.00020631873, Final residual = 1.2569192e-06, No Iterations 4
time step continuity errors : sum local = 1.1767066e-05, global = -8.231033e-07, cumulative = 0.00025652307
smoothSolver:  Solving for omega, Initial residual = 0.00031768839, Final residual = 2.5848889e-06, No Iterations 2
smoothSolver:  Solving for k, Initial residual = 0.00070297732, Final residual = 5.528007e-06, No Iterations 2
bounding k, min: 1.0197279e-16 max: 0.30586862 average: 0.060167874
ExecutionTime = 996.66533 s  ClockTime = 998 s

Time = 746s

smoothSolver:  Solving for Ux, Initial residual = 0.00032349953, Final residual = 3.9723088e-06, No Iterations 3
smoothSolver:  Solving for Uy, Initial residual = 0.0041871181, Final residual = 0.00020025494, No Iterations 2
smoothSolver:  Solving for Uz, Initial residual = 0.0045824038, Final residual = 0.00022721851, No Iterations 2
GAMG:  Solving for p, Initial residual = 0.0091091931, Final residual = 6.0913386e-05, No Iterations 3
GAMG:  Solving for p, Initial residual = 0.00020353703, Final residual = 1.2043354e-06, No Iterations 4
time step continuity errors : sum local = 1.1286274e-05, global = -7.6263558e-07, cumulative = 0.00025576044
smoothSolver:  Solving for omega, Initial residual = 0.00031740196, Final residual = 2.5794706e-06, No Iterations 2
smoothSolver:  Solving for k, Initial residual = 0.0007036724, Final residual = 5.5197487e-06, No Iterations 2
bounding k, min: 1.1126545e-16 max: 0.30593054 average: 0.060169665
ExecutionTime = 997.75295 s  ClockTime = 999 s

Time = 747s

smoothSolver:  Solving for Ux, Initial residual = 0.00032359245, Final residual = 3.9701238e-06, No Iterations 3
smoothSolver:  Solving for Uy, Initial residual = 0.0041747618, Final residual = 0.00019993335, No Iterations 2
smoothSolver:  Solving for Uz, Initial residual = 0.004571972, Final residual = 0.00022648193, No Iterations 2
GAMG:  Solving for p, Initial residual = 0.0090309046, Final residual = 6.075399e-05, No Iterations 3
GAMG:  Solving for p, Initial residual = 0.00020163608, Final residual = 1.1772737e-06, No Iterations 4
time step continuity errors : sum local = 1.1042617e-05, global = -6.7975299e-07, cumulative = 0.00025508068
smoothSolver:  Solving for omega, Initial residual = 0.00031801606, Final residual = 2.5501896e-06, No Iterations 2
smoothSolver:  Solving for k, Initial residual = 0.00070579134, Final residual = 5.5035278e-06, No Iterations 2
bounding k, min: 1.153433e-16 max: 0.30599193 average: 0.060171711
ExecutionTime = 998.93679 s  ClockTime = 1000 s

Time = 748s

smoothSolver:  Solving for Ux, Initial residual = 0.00032325724, Final residual = 3.9683337e-06, No Iterations 3
smoothSolver:  Solving for Uy, Initial residual = 0.0041669202, Final residual = 0.00019969576, No Iterations 2
smoothSolver:  Solving for Uz, Initial residual = 0.0045547715, Final residual = 0.00022549908, No Iterations 2
GAMG:  Solving for p, Initial residual = 0.0089253897, Final residual = 6.1519767e-05, No Iterations 3
GAMG:  Solving for p, Initial residual = 0.00019974602, Final residual = 1.2120653e-06, No Iterations 4
time step continuity errors : sum local = 1.1378881e-05, global = -7.3929282e-07, cumulative = 0.00025434139
smoothSolver:  Solving for omega, Initial residual = 0.00031277184, Final residual = 2.5328583e-06, No Iterations 2
smoothSolver:  Solving for k, Initial residual = 0.0007064286, Final residual = 5.5233685e-06, No Iterations 2
bounding k, min: 1.275737e-16 max: 0.3060453 average: 0.060173536
ExecutionTime = 1000.1319 s  ClockTime = 1001 s

Time = 749s

smoothSolver:  Solving for Ux, Initial residual = 0.00032315025, Final residual = 3.9654679e-06, No Iterations 3
smoothSolver:  Solving for Uy, Initial residual = 0.0041658844, Final residual = 0.00020015726, No Iterations 2
smoothSolver:  Solving for Uz, Initial residual = 0.0045309997, Final residual = 0.00022409143, No Iterations 2
GAMG:  Solving for p, Initial residual = 0.0088314207, Final residual = 6.213939e-05, No Iterations 3
GAMG:  Solving for p, Initial residual = 0.00019821833, Final residual = 1.2113549e-06, No Iterations 4
time step continuity errors : sum local = 1.1379312e-05, global = -6.0158052e-07, cumulative = 0.00025373981
smoothSolver:  Solving for omega, Initial residual = 0.00031675237, Final residual = 2.5792158e-06, No Iterations 2
smoothSolver:  Solving for k, Initial residual = 0.00070462496, Final residual = 5.4731337e-06, No Iterations 2
bounding k, min: 1.5519786e-16 max: 0.30609886 average: 0.060175469
ExecutionTime = 1001.2891 s  ClockTime = 1002 s

Time = 750s

smoothSolver:  Solving for Ux, Initial residual = 0.00032298158, Final residual = 3.9656704e-06, No Iterations 3
smoothSolver:  Solving for Uy, Initial residual = 0.004169201, Final residual = 0.0002008468, No Iterations 2
smoothSolver:  Solving for Uz, Initial residual = 0.0045009482, Final residual = 0.00022223322, No Iterations 2
GAMG:  Solving for p, Initial residual = 0.0087249779, Final residual = 6.2258216e-05, No Iterations 3
GAMG:  Solving for p, Initial residual = 0.00019507665, Final residual = 1.2285652e-06, No Iterations 4
time step continuity errors : sum local = 1.1545554e-05, global = -5.3383252e-07, cumulative = 0.00025320598
smoothSolver:  Solving for omega, Initial residual = 0.00031324528, Final residual = 2.5266554e-06, No Iterations 2
smoothSolver:  Solving for k, Initial residual = 0.000703897, Final residual = 5.4939116e-06, No Iterations 2
bounding k, min: 1.7163263e-16 max: 0.30614553 average: 0.060177116
ExecutionTime = 1002.8439 s  ClockTime = 1004 s

Time = 751s

smoothSolver:  Solving for Ux, Initial residual = 0.00032318546, Final residual = 3.9705399e-06, No Iterations 3
smoothSolver:  Solving for Uy, Initial residual = 0.0041834975, Final residual = 0.00020199291, No Iterations 2
smoothSolver:  Solving for Uz, Initial residual = 0.0044713577, Final residual = 0.00022022818, No Iterations 2
GAMG:  Solving for p, Initial residual = 0.0086567153, Final residual = 6.1872654e-05, No Iterations 3
GAMG:  Solving for p, Initial residual = 0.00019223116, Final residual = 1.1960955e-06, No Iterations 4
time step continuity errors : sum local = 1.1242607e-05, global = -4.8036403e-07, cumulative = 0.00025272561
smoothSolver:  Solving for omega, Initial residual = 0.00031252874, Final residual = 2.4863842e-06, No Iterations 2
smoothSolver:  Solving for k, Initial residual = 0.00070204239, Final residual = 5.4580658e-06, No Iterations 2
bounding k, min: 1.9005727e-16 max: 0.30619231 average: 0.060178652
ExecutionTime = 1004.5011 s  ClockTime = 1005 s

Time = 752s

smoothSolver:  Solving for Ux, Initial residual = 0.0003237276, Final residual = 3.9830091e-06, No Iterations 3
smoothSolver:  Solving for Uy, Initial residual = 0.0042033183, Final residual = 0.00020345811, No Iterations 2
smoothSolver:  Solving for Uz, Initial residual = 0.0044448904, Final residual = 0.00021850877, No Iterations 2
GAMG:  Solving for p, Initial residual = 0.0085748485, Final residual = 6.0842735e-05, No Iterations 3
GAMG:  Solving for p, Initial residual = 0.00018757276, Final residual = 1.1885492e-06, No Iterations 4
time step continuity errors : sum local = 1.1171851e-05, global = -5.5008865e-07, cumulative = 0.00025217552
smoothSolver:  Solving for omega, Initial residual = 0.00031205885, Final residual = 2.5704633e-06, No Iterations 2
smoothSolver:  Solving for k, Initial residual = 0.00070215626, Final residual = 5.4753603e-06, No Iterations 2
ExecutionTime = 1006.175 s  ClockTime = 1007 s

Time = 753s

smoothSolver:  Solving for Ux, Initial residual = 0.00032466369, Final residual = 4.0019311e-06, No Iterations 3
smoothSolver:  Solving for Uy, Initial residual = 0.0042270366, Final residual = 0.00020507788, No Iterations 2
smoothSolver:  Solving for Uz, Initial residual = 0.0044206772, Final residual = 0.00021704912, No Iterations 2
GAMG:  Solving for p, Initial residual = 0.0085105406, Final residual = 5.9760918e-05, No Iterations 3
GAMG:  Solving for p, Initial residual = 0.00018485308, Final residual = 1.1605288e-06, No Iterations 4
time step continuity errors : sum local = 1.0905431e-05, global = -7.1137582e-07, cumulative = 0.00025146415
smoothSolver:  Solving for omega, Initial residual = 0.00031720181, Final residual = 2.583975e-06, No Iterations 2
smoothSolver:  Solving for k, Initial residual = 0.00070222078, Final residual = 5.4721714e-06, No Iterations 2
ExecutionTime = 1007.6411 s  ClockTime = 1009 s

Time = 754s

smoothSolver:  Solving for Ux, Initial residual = 0.0003259637, Final residual = 4.0255259e-06, No Iterations 3
smoothSolver:  Solving for Uy, Initial residual = 0.0042516606, Final residual = 0.000206595, No Iterations 2
smoothSolver:  Solving for Uz, Initial residual = 0.0044062027, Final residual = 0.0002160236, No Iterations 2
GAMG:  Solving for p, Initial residual = 0.0084806702, Final residual = 5.8871223e-05, No Iterations 3
GAMG:  Solving for p, Initial residual = 0.00018239061, Final residual = 1.1493e-06, No Iterations 4
time step continuity errors : sum local = 1.0795346e-05, global = -7.1592326e-07, cumulative = 0.00025074823
smoothSolver:  Solving for omega, Initial residual = 0.00031279341, Final residual = 2.4808958e-06, No Iterations 2
smoothSolver:  Solving for k, Initial residual = 0.00070247387, Final residual = 5.5074676e-06, No Iterations 2
ExecutionTime = 1008.9979 s  ClockTime = 1010 s

Time = 755s

smoothSolver:  Solving for Ux, Initial residual = 0.00032730692, Final residual = 4.0490963e-06, No Iterations 3
smoothSolver:  Solving for Uy, Initial residual = 0.004275123, Final residual = 0.00020816087, No Iterations 2
smoothSolver:  Solving for Uz, Initial residual = 0.0043958824, Final residual = 0.00021559826, No Iterations 2
GAMG:  Solving for p, Initial residual = 0.0085027137, Final residual = 5.881613e-05, No Iterations 3
GAMG:  Solving for p, Initial residual = 0.0001828845, Final residual = 1.1483955e-06, No Iterations 4
time step continuity errors : sum local = 1.0779832e-05, global = -5.7796104e-07, cumulative = 0.00025017026
smoothSolver:  Solving for omega, Initial residual = 0.00031101515, Final residual = 2.5040669e-06, No Iterations 2
smoothSolver:  Solving for k, Initial residual = 0.00070144097, Final residual = 5.4976155e-06, No Iterations 2
ExecutionTime = 1010.6915 s  ClockTime = 1012 s

Time = 756s

smoothSolver:  Solving for Ux, Initial residual = 0.00032869387, Final residual = 4.0729616e-06, No Iterations 3
smoothSolver:  Solving for Uy, Initial residual = 0.0042973013, Final residual = 0.00020939002, No Iterations 2
smoothSolver:  Solving for Uz, Initial residual = 0.0043947618, Final residual = 0.00021586997, No Iterations 2
GAMG:  Solving for p, Initial residual = 0.0085690232, Final residual = 5.8959542e-05, No Iterations 3
GAMG:  Solving for p, Initial residual = 0.00018262761, Final residual = 1.0998793e-06, No Iterations 4
time step continuity errors : sum local = 1.0315706e-05, global = -1.0701197e-06, cumulative = 0.00024910014
smoothSolver:  Solving for omega, Initial residual = 0.00030924693, Final residual = 2.5730717e-06, No Iterations 2
smoothSolver:  Solving for k, Initial residual = 0.0007036489, Final residual = 5.5428066e-06, No Iterations 2
ExecutionTime = 1012.089 s  ClockTime = 1013 s

Time = 757s

smoothSolver:  Solving for Ux, Initial residual = 0.00033019606, Final residual = 4.0965125e-06, No Iterations 3
smoothSolver:  Solving for Uy, Initial residual = 0.0043182745, Final residual = 0.00021069161, No Iterations 2
smoothSolver:  Solving for Uz, Initial residual = 0.0043994834, Final residual = 0.00021650303, No Iterations 2
GAMG:  Solving for p, Initial residual = 0.008674349, Final residual = 5.9784469e-05, No Iterations 3
GAMG:  Solving for p, Initial residual = 0.00018373039, Final residual = 1.1013029e-06, No Iterations 4
time step continuity errors : sum local = 1.0319889e-05, global = -1.2837751e-06, cumulative = 0.00024781637
smoothSolver:  Solving for omega, Initial residual = 0.00031390471, Final residual = 2.5623399e-06, No Iterations 2
smoothSolver:  Solving for k, Initial residual = 0.00070465898, Final residual = 5.5429469e-06, No Iterations 2
ExecutionTime = 1013.5289 s  ClockTime = 1014 s

Time = 758s

smoothSolver:  Solving for Ux, Initial residual = 0.00033164749, Final residual = 4.1206887e-06, No Iterations 3
smoothSolver:  Solving for Uy, Initial residual = 0.0043344407, Final residual = 0.0002118966, No Iterations 2
smoothSolver:  Solving for Uz, Initial residual = 0.004408116, Final residual = 0.00021753987, No Iterations 2
GAMG:  Solving for p, Initial residual = 0.0087757607, Final residual = 6.0487055e-05, No Iterations 3
GAMG:  Solving for p, Initial residual = 0.00018364683, Final residual = 1.1821663e-06, No Iterations 4
time step continuity errors : sum local = 1.1067062e-05, global = -2.1278099e-06, cumulative = 0.00024568856
smoothSolver:  Solving for omega, Initial residual = 0.00031457792, Final residual = 2.5789932e-06, No Iterations 2
smoothSolver:  Solving for k, Initial residual = 0.00070475143, Final residual = 5.5603705e-06, No Iterations 2
ExecutionTime = 1014.9834 s  ClockTime = 1016 s

Time = 759s

smoothSolver:  Solving for Ux, Initial residual = 0.00033290737, Final residual = 4.1457883e-06, No Iterations 3
smoothSolver:  Solving for Uy, Initial residual = 0.0043502671, Final residual = 0.00021328992, No Iterations 2
smoothSolver:  Solving for Uz, Initial residual = 0.0044140325, Final residual = 0.00021860983, No Iterations 2
GAMG:  Solving for p, Initial residual = 0.008846638, Final residual = 6.1521035e-05, No Iterations 3
GAMG:  Solving for p, Initial residual = 0.00018401462, Final residual = 1.2489245e-06, No Iterations 4
time step continuity errors : sum local = 1.1681867e-05, global = -2.7169272e-06, cumulative = 0.00024297163
smoothSolver:  Solving for omega, Initial residual = 0.00031598729, Final residual = 2.5689439e-06, No Iterations 2
smoothSolver:  Solving for k, Initial residual = 0.00070744129, Final residual = 5.615195e-06, No Iterations 2
ExecutionTime = 1016.3021 s  ClockTime = 1017 s

Time = 760s

smoothSolver:  Solving for Ux, Initial residual = 0.00033419684, Final residual = 4.1736514e-06, No Iterations 3
smoothSolver:  Solving for Uy, Initial residual = 0.004372952, Final residual = 0.00021512285, No Iterations 2
smoothSolver:  Solving for Uz, Initial residual = 0.0044179014, Final residual = 0.00021972833, No Iterations 2
GAMG:  Solving for p, Initial residual = 0.0088894174, Final residual = 6.2155023e-05, No Iterations 3
GAMG:  Solving for p, Initial residual = 0.00018384794, Final residual = 1.3277234e-06, No Iterations 4
time step continuity errors : sum local = 1.2412465e-05, global = -3.0232988e-06, cumulative = 0.00023994833
smoothSolver:  Solving for omega, Initial residual = 0.00031320048, Final residual = 2.5521055e-06, No Iterations 2
smoothSolver:  Solving for k, Initial residual = 0.00070962301, Final residual = 5.6389225e-06, No Iterations 2
ExecutionTime = 1017.4411 s  ClockTime = 1018 s

Time = 761s

smoothSolver:  Solving for Ux, Initial residual = 0.00033568458, Final residual = 4.201689e-06, No Iterations 3
smoothSolver:  Solving for Uy, Initial residual = 0.0044014809, Final residual = 0.00021738257, No Iterations 2
smoothSolver:  Solving for Uz, Initial residual = 0.0044189612, Final residual = 0.00022042795, No Iterations 2
GAMG:  Solving for p, Initial residual = 0.0089052298, Final residual = 6.2261562e-05, No Iterations 3
GAMG:  Solving for p, Initial residual = 0.00018331313, Final residual = 1.3480303e-06, No Iterations 4
time step continuity errors : sum local = 1.2600849e-05, global = -3.1935176e-06, cumulative = 0.00023675482
smoothSolver:  Solving for omega, Initial residual = 0.00031754351, Final residual = 2.6186556e-06, No Iterations 2
smoothSolver:  Solving for k, Initial residual = 0.00071341912, Final residual = 5.703491e-06, No Iterations 2
ExecutionTime = 1018.512 s  ClockTime = 1019 s

Time = 762s

smoothSolver:  Solving for Ux, Initial residual = 0.00033725108, Final residual = 4.2333852e-06, No Iterations 3
smoothSolver:  Solving for Uy, Initial residual = 0.0044324144, Final residual = 0.00021952271, No Iterations 2
smoothSolver:  Solving for Uz, Initial residual = 0.0044185859, Final residual = 5.4487364e-05, No Iterations 3
GAMG:  Solving for p, Initial residual = 0.0089222689, Final residual = 6.2594189e-05, No Iterations 3
GAMG:  Solving for p, Initial residual = 0.00018297547, Final residual = 1.5074191e-06, No Iterations 4
time step continuity errors : sum local = 1.4091936e-05, global = -3.2976054e-06, cumulative = 0.00023345721
smoothSolver:  Solving for omega, Initial residual = 0.00031477694, Final residual = 2.5467032e-06, No Iterations 2
smoothSolver:  Solving for k, Initial residual = 0.00071240538, Final residual = 5.6477354e-06, No Iterations 2
ExecutionTime = 1019.9313 s  ClockTime = 1021 s

Time = 763s

smoothSolver:  Solving for Ux, Initial residual = 0.00033955425, Final residual = 4.2707917e-06, No Iterations 3
smoothSolver:  Solving for Uy, Initial residual = 0.0044684374, Final residual = 0.0002219888, No Iterations 2
smoothSolver:  Solving for Uz, Initial residual = 0.0043886654, Final residual = 0.00021937758, No Iterations 2
GAMG:  Solving for p, Initial residual = 0.0089378047, Final residual = 5.8931509e-05, No Iterations 3
GAMG:  Solving for p, Initial residual = 0.00017854518, Final residual = 1.2502831e-06, No Iterations 4
time step continuity errors : sum local = 1.1689994e-05, global = -3.2683636e-06, cumulative = 0.00023018885
smoothSolver:  Solving for omega, Initial residual = 0.00031350642, Final residual = 2.4906883e-06, No Iterations 2
smoothSolver:  Solving for k, Initial residual = 0.00071262678, Final residual = 5.6749066e-06, No Iterations 2
ExecutionTime = 1021.5 s  ClockTime = 1022 s

Time = 764s

smoothSolver:  Solving for Ux, Initial residual = 0.00034135765, Final residual = 4.3006057e-06, No Iterations 3
smoothSolver:  Solving for Uy, Initial residual = 0.004495271, Final residual = 0.00022372386, No Iterations 2
smoothSolver:  Solving for Uz, Initial residual = 0.0044072952, Final residual = 5.4471012e-05, No Iterations 3
GAMG:  Solving for p, Initial residual = 0.0089788542, Final residual = 5.8055843e-05, No Iterations 3
GAMG:  Solving for p, Initial residual = 0.00017639719, Final residual = 1.4659282e-06, No Iterations 4
time step continuity errors : sum local = 1.3705251e-05, global = -3.205634e-06, cumulative = 0.00022698321
smoothSolver:  Solving for omega, Initial residual = 0.00031708467, Final residual = 2.6735209e-06, No Iterations 2
smoothSolver:  Solving for k, Initial residual = 0.00071452748, Final residual = 5.6903619e-06, No Iterations 2
ExecutionTime = 1023.1861 s  ClockTime = 1024 s

Time = 765s

smoothSolver:  Solving for Ux, Initial residual = 0.000343807, Final residual = 4.3414371e-06, No Iterations 3
smoothSolver:  Solving for Uy, Initial residual = 0.0045294117, Final residual = 0.00022566335, No Iterations 2
smoothSolver:  Solving for Uz, Initial residual = 0.0043874395, Final residual = 5.4169277e-05, No Iterations 3
GAMG:  Solving for p, Initial residual = 0.0090169716, Final residual = 5.4364367e-05, No Iterations 3
GAMG:  Solving for p, Initial residual = 0.00017200369, Final residual = 1.3430506e-06, No Iterations 4
time step continuity errors : sum local = 1.2552008e-05, global = -2.8408085e-06, cumulative = 0.0002241424
smoothSolver:  Solving for omega, Initial residual = 0.00032236302, Final residual = 2.6632258e-06, No Iterations 2
smoothSolver:  Solving for k, Initial residual = 0.00071510055, Final residual = 5.6841973e-06, No Iterations 2
ExecutionTime = 1024.4628 s  ClockTime = 1025 s

Time = 766s

smoothSolver:  Solving for Ux, Initial residual = 0.00034595333, Final residual = 4.381852e-06, No Iterations 3
smoothSolver:  Solving for Uy, Initial residual = 0.0045570845, Final residual = 0.00022712264, No Iterations 2
smoothSolver:  Solving for Uz, Initial residual = 0.0043883951, Final residual = 5.4171504e-05, No Iterations 3
GAMG:  Solving for p, Initial residual = 0.0090060174, Final residual = 5.1708313e-05, No Iterations 3
GAMG:  Solving for p, Initial residual = 0.00016909037, Final residual = 1.3016192e-06, No Iterations 4
time step continuity errors : sum local = 1.2158965e-05, global = -2.0967545e-06, cumulative = 0.00022204565
smoothSolver:  Solving for omega, Initial residual = 0.00031724433, Final residual = 2.5500685e-06, No Iterations 2
smoothSolver:  Solving for k, Initial residual = 0.0007175697, Final residual = 5.7110576e-06, No Iterations 2
ExecutionTime = 1025.7009 s  ClockTime = 1027 s

Time = 767s

smoothSolver:  Solving for Ux, Initial residual = 0.00034802846, Final residual = 4.4218097e-06, No Iterations 3
smoothSolver:  Solving for Uy, Initial residual = 0.004578703, Final residual = 0.00022823074, No Iterations 2
smoothSolver:  Solving for Uz, Initial residual = 0.0044012064, Final residual = 5.4414272e-05, No Iterations 3
GAMG:  Solving for p, Initial residual = 0.0090057985, Final residual = 5.1110793e-05, No Iterations 3
GAMG:  Solving for p, Initial residual = 0.0001686823, Final residual = 1.3046713e-06, No Iterations 4
time step continuity errors : sum local = 1.2178755e-05, global = -1.6866969e-06, cumulative = 0.00022035895
smoothSolver:  Solving for omega, Initial residual = 0.00031525597, Final residual = 2.5492716e-06, No Iterations 2
smoothSolver:  Solving for k, Initial residual = 0.00072061504, Final residual = 5.754e-06, No Iterations 2
ExecutionTime = 1026.9891 s  ClockTime = 1028 s

Time = 768s

smoothSolver:  Solving for Ux, Initial residual = 0.00034976825, Final residual = 4.4619442e-06, No Iterations 3
smoothSolver:  Solving for Uy, Initial residual = 0.004597205, Final residual = 0.00022945146, No Iterations 2
smoothSolver:  Solving for Uz, Initial residual = 0.004422135, Final residual = 5.4768614e-05, No Iterations 3
GAMG:  Solving for p, Initial residual = 0.0090083651, Final residual = 5.178545e-05, No Iterations 3
GAMG:  Solving for p, Initial residual = 0.00016927416, Final residual = 1.3304869e-06, No Iterations 4
time step continuity errors : sum local = 1.2408465e-05, global = -1.1379853e-06, cumulative = 0.00021922097
smoothSolver:  Solving for omega, Initial residual = 0.0003133781, Final residual = 2.6080898e-06, No Iterations 2
smoothSolver:  Solving for k, Initial residual = 0.00072331223, Final residual = 5.7416596e-06, No Iterations 2
ExecutionTime = 1028.2335 s  ClockTime = 1029 s

Time = 769s

smoothSolver:  Solving for Ux, Initial residual = 0.00035135481, Final residual = 4.5000372e-06, No Iterations 3
smoothSolver:  Solving for Uy, Initial residual = 0.0046118497, Final residual = 5.6781581e-05, No Iterations 3
smoothSolver:  Solving for Uz, Initial residual = 0.0044477473, Final residual = 5.5231246e-05, No Iterations 3
GAMG:  Solving for p, Initial residual = 0.009009429, Final residual = 5.2928897e-05, No Iterations 3
GAMG:  Solving for p, Initial residual = 0.00017079413, Final residual = 1.3446382e-06, No Iterations 4
time step continuity errors : sum local = 1.2527879e-05, global = -8.2443582e-07, cumulative = 0.00021839653
smoothSolver:  Solving for omega, Initial residual = 0.00031859985, Final residual = 2.5657138e-06, No Iterations 2
smoothSolver:  Solving for k, Initial residual = 0.00072377476, Final residual = 5.7445148e-06, No Iterations 2
ExecutionTime = 1029.6973 s  ClockTime = 1031 s

Time = 770s

smoothSolver:  Solving for Ux, Initial residual = 0.00035344358, Final residual = 4.5466732e-06, No Iterations 3
smoothSolver:  Solving for Uy, Initial residual = 0.0045972632, Final residual = 5.6671288e-05, No Iterations 3
smoothSolver:  Solving for Uz, Initial residual = 0.0044839472, Final residual = 5.5882158e-05, No Iterations 3
GAMG:  Solving for p, Initial residual = 0.00896453, Final residual = 5.4851127e-05, No Iterations 3
GAMG:  Solving for p, Initial residual = 0.0001716257, Final residual = 1.3575008e-06, No Iterations 4
time step continuity errors : sum local = 1.263468e-05, global = -4.8572241e-07, cumulative = 0.00021791081
smoothSolver:  Solving for omega, Initial residual = 0.00031944431, Final residual = 2.6431283e-06, No Iterations 2
smoothSolver:  Solving for k, Initial residual = 0.00072329607, Final residual = 5.7292019e-06, No Iterations 2
ExecutionTime = 1030.9848 s  ClockTime = 1032 s

Time = 771s

smoothSolver:  Solving for Ux, Initial residual = 0.00035486634, Final residual = 4.5818039e-06, No Iterations 3
smoothSolver:  Solving for Uy, Initial residual = 0.0046079985, Final residual = 5.7095232e-05, No Iterations 3
smoothSolver:  Solving for Uz, Initial residual = 0.0045132887, Final residual = 5.6396467e-05, No Iterations 3
GAMG:  Solving for p, Initial residual = 0.0089296174, Final residual = 5.5870496e-05, No Iterations 3
GAMG:  Solving for p, Initial residual = 0.00017162945, Final residual = 1.3771189e-06, No Iterations 4
time step continuity errors : sum local = 1.2802758e-05, global = -5.3951128e-07, cumulative = 0.0002173713
smoothSolver:  Solving for omega, Initial residual = 0.00032001353, Final residual = 2.6194687e-06, No Iterations 2
smoothSolver:  Solving for k, Initial residual = 0.00072175935, Final residual = 5.7135133e-06, No Iterations 2
ExecutionTime = 1032.1516 s  ClockTime = 1033 s

Time = 772s

smoothSolver:  Solving for Ux, Initial residual = 0.0003561924, Final residual = 4.6125863e-06, No Iterations 3
smoothSolver:  Solving for Uy, Initial residual = 0.0046293509, Final residual = 5.769817e-05, No Iterations 3
smoothSolver:  Solving for Uz, Initial residual = 0.0045371564, Final residual = 5.6887858e-05, No Iterations 3
GAMG:  Solving for p, Initial residual = 0.0088695897, Final residual = 5.5599681e-05, No Iterations 3
GAMG:  Solving for p, Initial residual = 0.00017029826, Final residual = 1.2876459e-06, No Iterations 4
time step continuity errors : sum local = 1.1957865e-05, global = -2.4410394e-07, cumulative = 0.00021712719
smoothSolver:  Solving for omega, Initial residual = 0.00031634086, Final residual = 2.5830359e-06, No Iterations 2
smoothSolver:  Solving for k, Initial residual = 0.000725196, Final residual = 5.7570258e-06, No Iterations 2
ExecutionTime = 1033.342 s  ClockTime = 1034 s

Time = 773s

smoothSolver:  Solving for Ux, Initial residual = 0.00035736026, Final residual = 4.6404634e-06, No Iterations 3
smoothSolver:  Solving for Uy, Initial residual = 0.0046652892, Final residual = 5.8407189e-05, No Iterations 3
smoothSolver:  Solving for Uz, Initial residual = 0.0045567898, Final residual = 5.728621e-05, No Iterations 3
GAMG:  Solving for p, Initial residual = 0.0088231399, Final residual = 5.5065659e-05, No Iterations 3
GAMG:  Solving for p, Initial residual = 0.00016952351, Final residual = 1.1690926e-06, No Iterations 4
time step continuity errors : sum local = 1.0845389e-05, global = -5.2124311e-08, cumulative = 0.00021707507
smoothSolver:  Solving for omega, Initial residual = 0.00031916756, Final residual = 2.6221506e-06, No Iterations 2
smoothSolver:  Solving for k, Initial residual = 0.00072564876, Final residual = 5.7418579e-06, No Iterations 2
ExecutionTime = 1034.5501 s  ClockTime = 1035 s

Time = 774s

smoothSolver:  Solving for Ux, Initial residual = 0.00035874458, Final residual = 4.6659833e-06, No Iterations 3
smoothSolver:  Solving for Uy, Initial residual = 0.0047060368, Final residual = 5.9182359e-05, No Iterations 3
smoothSolver:  Solving for Uz, Initial residual = 0.0045694997, Final residual = 5.7612839e-05, No Iterations 3
GAMG:  Solving for p, Initial residual = 0.0087789827, Final residual = 5.3874313e-05, No Iterations 3
GAMG:  Solving for p, Initial residual = 0.00016748645, Final residual = 1.0568312e-06, No Iterations 4
time step continuity errors : sum local = 9.7940863e-06, global = 8.9886312e-08, cumulative = 0.00021716496
smoothSolver:  Solving for omega, Initial residual = 0.00031553183, Final residual = 2.5803819e-06, No Iterations 2
smoothSolver:  Solving for k, Initial residual = 0.00072458203, Final residual = 5.7139735e-06, No Iterations 2
ExecutionTime = 1035.7284 s  ClockTime = 1037 s

Time = 775s

smoothSolver:  Solving for Ux, Initial residual = 0.00035999764, Final residual = 4.6928969e-06, No Iterations 3
smoothSolver:  Solving for Uy, Initial residual = 0.0047495558, Final residual = 5.9897631e-05, No Iterations 3
smoothSolver:  Solving for Uz, Initial residual = 0.0045763622, Final residual = 5.7796963e-05, No Iterations 3
GAMG:  Solving for p, Initial residual = 0.008749678, Final residual = 5.2715723e-05, No Iterations 3
GAMG:  Solving for p, Initial residual = 0.00016633053, Final residual = 9.3188969e-07, No Iterations 4
time step continuity errors : sum local = 8.6283554e-06, global = 2.2523589e-07, cumulative = 0.00021739019
smoothSolver:  Solving for omega, Initial residual = 0.00031469585, Final residual = 2.5099221e-06, No Iterations 2
smoothSolver:  Solving for k, Initial residual = 0.0007278143, Final residual = 5.7649784e-06, No Iterations 2
ExecutionTime = 1036.9354 s  ClockTime = 1038 s

Time = 776s

smoothSolver:  Solving for Ux, Initial residual = 0.00036177027, Final residual = 4.7202538e-06, No Iterations 3
smoothSolver:  Solving for Uy, Initial residual = 0.0047967767, Final residual = 6.0646325e-05, No Iterations 3
smoothSolver:  Solving for Uz, Initial residual = 0.0045873798, Final residual = 5.7995596e-05, No Iterations 3
GAMG:  Solving for p, Initial residual = 0.0087512939, Final residual = 5.1306357e-05, No Iterations 3
GAMG:  Solving for p, Initial residual = 0.00016515528, Final residual = 8.418264e-07, No Iterations 4
time step continuity errors : sum local = 7.7893222e-06, global = 3.8675302e-07, cumulative = 0.00021777695
smoothSolver:  Solving for omega, Initial residual = 0.00031843359, Final residual = 2.7299676e-06, No Iterations 2
smoothSolver:  Solving for k, Initial residual = 0.0007332753, Final residual = 5.7974144e-06, No Iterations 2
ExecutionTime = 1038.0788 s  ClockTime = 1039 s

Time = 777s

smoothSolver:  Solving for Ux, Initial residual = 0.00036363938, Final residual = 4.7523398e-06, No Iterations 3
smoothSolver:  Solving for Uy, Initial residual = 0.0048355393, Final residual = 6.1207672e-05, No Iterations 3
smoothSolver:  Solving for Uz, Initial residual = 0.004590034, Final residual = 5.804469e-05, No Iterations 3
GAMG:  Solving for p, Initial residual = 0.0087584706, Final residual = 5.0551464e-05, No Iterations 3
GAMG:  Solving for p, Initial residual = 0.00016560454, Final residual = 8.253647e-07, No Iterations 4
time step continuity errors : sum local = 7.6330798e-06, global = 2.4846359e-07, cumulative = 0.00021802541
smoothSolver:  Solving for omega, Initial residual = 0.00032424188, Final residual = 2.702918e-06, No Iterations 2
smoothSolver:  Solving for k, Initial residual = 0.00073162707, Final residual = 5.7455145e-06, No Iterations 2
ExecutionTime = 1039.2965 s  ClockTime = 1040 s

Time = 778s

smoothSolver:  Solving for Ux, Initial residual = 0.00036582015, Final residual = 4.7892781e-06, No Iterations 3
smoothSolver:  Solving for Uy, Initial residual = 0.0048654482, Final residual = 6.1765939e-05, No Iterations 3
smoothSolver:  Solving for Uz, Initial residual = 0.0045928944, Final residual = 5.8103666e-05, No Iterations 3
GAMG:  Solving for p, Initial residual = 0.0087553557, Final residual = 4.9857602e-05, No Iterations 3
GAMG:  Solving for p, Initial residual = 0.00016654528, Final residual = 8.0974596e-07, No Iterations 4
time step continuity errors : sum local = 7.4858579e-06, global = 1.2388341e-07, cumulative = 0.00021814929
smoothSolver:  Solving for omega, Initial residual = 0.00031750398, Final residual = 2.567578e-06, No Iterations 2
smoothSolver:  Solving for k, Initial residual = 0.0007328709, Final residual = 5.7764682e-06, No Iterations 2
ExecutionTime = 1040.4693 s  ClockTime = 1041 s

Time = 779s

smoothSolver:  Solving for Ux, Initial residual = 0.00036789411, Final residual = 4.8328066e-06, No Iterations 3
smoothSolver:  Solving for Uy, Initial residual = 0.0048906571, Final residual = 6.2181046e-05, No Iterations 3
smoothSolver:  Solving for Uz, Initial residual = 0.0045910362, Final residual = 5.8139685e-05, No Iterations 3
GAMG:  Solving for p, Initial residual = 0.0087520197, Final residual = 4.9852291e-05, No Iterations 3
GAMG:  Solving for p, Initial residual = 0.00016851626, Final residual = 9.1592885e-07, No Iterations 4
time step continuity errors : sum local = 8.4648972e-06, global = -1.9353536e-09, cumulative = 0.00021814736
smoothSolver:  Solving for omega, Initial residual = 0.00031780224, Final residual = 2.5655345e-06, No Iterations 2
smoothSolver:  Solving for k, Initial residual = 0.00073379436, Final residual = 5.7722271e-06, No Iterations 2
ExecutionTime = 1041.6842 s  ClockTime = 1043 s

Time = 780s

smoothSolver:  Solving for Ux, Initial residual = 0.00037014897, Final residual = 4.8810292e-06, No Iterations 3
smoothSolver:  Solving for Uy, Initial residual = 0.0049053133, Final residual = 6.2567801e-05, No Iterations 3
smoothSolver:  Solving for Uz, Initial residual = 0.0045897412, Final residual = 5.8144367e-05, No Iterations 3
GAMG:  Solving for p, Initial residual = 0.0087530776, Final residual = 4.9621476e-05, No Iterations 3
GAMG:  Solving for p, Initial residual = 0.00017002567, Final residual = 9.445464e-07, No Iterations 4
time step continuity errors : sum local = 8.726794e-06, global = -7.279572e-08, cumulative = 0.00021807456
smoothSolver:  Solving for omega, Initial residual = 0.00031670463, Final residual = 2.6507668e-06, No Iterations 2
smoothSolver:  Solving for k, Initial residual = 0.00073472341, Final residual = 5.7808902e-06, No Iterations 2
ExecutionTime = 1043.2622 s  ClockTime = 1044 s

Time = 781s

smoothSolver:  Solving for Ux, Initial residual = 0.00037235052, Final residual = 4.9336765e-06, No Iterations 3
smoothSolver:  Solving for Uy, Initial residual = 0.0049189936, Final residual = 6.2948468e-05, No Iterations 3
smoothSolver:  Solving for Uz, Initial residual = 0.0045838748, Final residual = 5.8075103e-05, No Iterations 3
GAMG:  Solving for p, Initial residual = 0.0087496209, Final residual = 4.9727326e-05, No Iterations 3
GAMG:  Solving for p, Initial residual = 0.00017143911, Final residual = 1.0909802e-06, No Iterations 4
time step continuity errors : sum local = 1.0076932e-05, global = -5.8881887e-08, cumulative = 0.00021801568
smoothSolver:  Solving for omega, Initial residual = 0.00032058955, Final residual = 2.5954085e-06, No Iterations 2
smoothSolver:  Solving for k, Initial residual = 0.00073699167, Final residual = 5.7924517e-06, No Iterations 2
ExecutionTime = 1044.9481 s  ClockTime = 1046 s

Time = 782s

smoothSolver:  Solving for Ux, Initial residual = 0.00037470834, Final residual = 4.988348e-06, No Iterations 3
smoothSolver:  Solving for Uy, Initial residual = 0.0049266901, Final residual = 6.3219178e-05, No Iterations 3
smoothSolver:  Solving for Uz, Initial residual = 0.0045756493, Final residual = 5.7976007e-05, No Iterations 3
GAMG:  Solving for p, Initial residual = 0.0087542336, Final residual = 4.9735614e-05, No Iterations 3
GAMG:  Solving for p, Initial residual = 0.00017314288, Final residual = 1.0515973e-06, No Iterations 4
time step continuity errors : sum local = 9.7118447e-06, global = -2.9213251e-07, cumulative = 0.00021772355
smoothSolver:  Solving for omega, Initial residual = 0.00032167479, Final residual = 2.6672634e-06, No Iterations 2
smoothSolver:  Solving for k, Initial residual = 0.00073792462, Final residual = 5.7986797e-06, No Iterations 2
ExecutionTime = 1046.5891 s  ClockTime = 1048 s

Time = 783s

smoothSolver:  Solving for Ux, Initial residual = 0.00037691917, Final residual = 5.0433805e-06, No Iterations 3
smoothSolver:  Solving for Uy, Initial residual = 0.0049356409, Final residual = 6.344148e-05, No Iterations 3
smoothSolver:  Solving for Uz, Initial residual = 0.0045632046, Final residual = 5.7806159e-05, No Iterations 3
GAMG:  Solving for p, Initial residual = 0.0087769428, Final residual = 4.9850566e-05, No Iterations 3
GAMG:  Solving for p, Initial residual = 0.00017452746, Final residual = 1.1047303e-06, No Iterations 4
time step continuity errors : sum local = 1.020129e-05, global = -2.2405851e-07, cumulative = 0.00021749949
smoothSolver:  Solving for omega, Initial residual = 0.00032225345, Final residual = 2.6387958e-06, No Iterations 2
smoothSolver:  Solving for k, Initial residual = 0.00074454578, Final residual = 5.9123544e-06, No Iterations 2
ExecutionTime = 1048.0953 s  ClockTime = 1049 s

Time = 784s

smoothSolver:  Solving for Ux, Initial residual = 0.00037918614, Final residual = 5.0976305e-06, No Iterations 3
smoothSolver:  Solving for Uy, Initial residual = 0.0049479627, Final residual = 6.3648657e-05, No Iterations 3
smoothSolver:  Solving for Uz, Initial residual = 0.0045582909, Final residual = 5.7693683e-05, No Iterations 3
GAMG:  Solving for p, Initial residual = 0.0088119973, Final residual = 4.9403679e-05, No Iterations 3
GAMG:  Solving for p, Initial residual = 0.00017527458, Final residual = 1.000558e-06, No Iterations 4
time step continuity errors : sum local = 9.2384056e-06, global = -4.255785e-07, cumulative = 0.00021707391
smoothSolver:  Solving for omega, Initial residual = 0.0003199775, Final residual = 2.6781559e-06, No Iterations 2
smoothSolver:  Solving for k, Initial residual = 0.00074453928, Final residual = 5.8673803e-06, No Iterations 2
ExecutionTime = 1049.3611 s  ClockTime = 1050 s

Time = 785s

smoothSolver:  Solving for Ux, Initial residual = 0.00038159044, Final residual = 5.1505262e-06, No Iterations 3
smoothSolver:  Solving for Uy, Initial residual = 0.0049581386, Final residual = 6.3776294e-05, No Iterations 3
smoothSolver:  Solving for Uz, Initial residual = 0.0045488819, Final residual = 5.7466505e-05, No Iterations 3
GAMG:  Solving for p, Initial residual = 0.0088310664, Final residual = 4.8927703e-05, No Iterations 3
GAMG:  Solving for p, Initial residual = 0.00017514203, Final residual = 1.007507e-06, No Iterations 4
time step continuity errors : sum local = 9.3006696e-06, global = -1.7924922e-07, cumulative = 0.00021689466
smoothSolver:  Solving for omega, Initial residual = 0.00032200957, Final residual = 2.6865575e-06, No Iterations 2
smoothSolver:  Solving for k, Initial residual = 0.00074267504, Final residual = 5.8432019e-06, No Iterations 2
ExecutionTime = 1050.5081 s  ClockTime = 1051 s

Time = 786s

smoothSolver:  Solving for Ux, Initial residual = 0.00038404745, Final residual = 5.2004681e-06, No Iterations 3
smoothSolver:  Solving for Uy, Initial residual = 0.0049621443, Final residual = 6.3759332e-05, No Iterations 3
smoothSolver:  Solving for Uz, Initial residual = 0.0045417156, Final residual = 5.7374217e-05, No Iterations 3
GAMG:  Solving for p, Initial residual = 0.0088875808, Final residual = 4.8690919e-05, No Iterations 3
GAMG:  Solving for p, Initial residual = 0.00017704371, Final residual = 9.6015179e-07, No Iterations 4
time step continuity errors : sum local = 8.8598107e-06, global = 1.1836255e-07, cumulative = 0.00021701302
smoothSolver:  Solving for omega, Initial residual = 0.00031732246, Final residual = 2.5802534e-06, No Iterations 2
smoothSolver:  Solving for k, Initial residual = 0.00074130618, Final residual = 5.8351962e-06, No Iterations 2
ExecutionTime = 1051.5827 s  ClockTime = 1053 s

Time = 787s

smoothSolver:  Solving for Ux, Initial residual = 0.00038666609, Final residual = 5.2488186e-06, No Iterations 3
smoothSolver:  Solving for Uy, Initial residual = 0.0049632281, Final residual = 6.369329e-05, No Iterations 3
smoothSolver:  Solving for Uz, Initial residual = 0.0045376191, Final residual = 5.7315183e-05, No Iterations 3
GAMG:  Solving for p, Initial residual = 0.0089471695, Final residual = 4.855262e-05, No Iterations 3
GAMG:  Solving for p, Initial residual = 0.00017865273, Final residual = 9.2736868e-07, No Iterations 4
time step continuity errors : sum local = 8.5538604e-06, global = 2.6573486e-07, cumulative = 0.00021727876
smoothSolver:  Solving for omega, Initial residual = 0.00031678535, Final residual = 2.5138961e-06, No Iterations 2
smoothSolver:  Solving for k, Initial residual = 0.00074162241, Final residual = 5.8485373e-06, No Iterations 2
ExecutionTime = 1052.6504 s  ClockTime = 1054 s

Time = 788s

smoothSolver:  Solving for Ux, Initial residual = 0.0003892617, Final residual = 5.29533e-06, No Iterations 3
smoothSolver:  Solving for Uy, Initial residual = 0.0049607495, Final residual = 6.3529136e-05, No Iterations 3
smoothSolver:  Solving for Uz, Initial residual = 0.0045377447, Final residual = 5.7419658e-05, No Iterations 3
GAMG:  Solving for p, Initial residual = 0.0090035727, Final residual = 4.8541838e-05, No Iterations 3
GAMG:  Solving for p, Initial residual = 0.00018127237, Final residual = 9.1410948e-07, No Iterations 4
time step continuity errors : sum local = 8.427175e-06, global = 4.5970866e-07, cumulative = 0.00021773847
smoothSolver:  Solving for omega, Initial residual = 0.00032176914, Final residual = 2.7320462e-06, No Iterations 2
smoothSolver:  Solving for k, Initial residual = 0.00074052704, Final residual = 5.8393173e-06, No Iterations 2
ExecutionTime = 1053.8663 s  ClockTime = 1055 s

Time = 789s

smoothSolver:  Solving for Ux, Initial residual = 0.0003918251, Final residual = 5.3399687e-06, No Iterations 3
smoothSolver:  Solving for Uy, Initial residual = 0.0049589546, Final residual = 6.3363417e-05, No Iterations 3
smoothSolver:  Solving for Uz, Initial residual = 0.00453838, Final residual = 5.7576085e-05, No Iterations 3
GAMG:  Solving for p, Initial residual = 0.0090280118, Final residual = 4.8538402e-05, No Iterations 3
GAMG:  Solving for p, Initial residual = 0.00018313954, Final residual = 9.1115736e-07, No Iterations 4
time step continuity errors : sum local = 8.3953567e-06, global = 2.7210559e-07, cumulative = 0.00021801057
smoothSolver:  Solving for omega, Initial residual = 0.00032828735, Final residual = 2.748761e-06, No Iterations 2
smoothSolver:  Solving for k, Initial residual = 0.00074145235, Final residual = 5.8501738e-06, No Iterations 2
ExecutionTime = 1055.6322 s  ClockTime = 1057 s

Time = 790s

smoothSolver:  Solving for Ux, Initial residual = 0.00039453558, Final residual = 5.3835786e-06, No Iterations 3
smoothSolver:  Solving for Uy, Initial residual = 0.0049568976, Final residual = 6.3140509e-05, No Iterations 3
smoothSolver:  Solving for Uz, Initial residual = 0.0045449783, Final residual = 5.7816336e-05, No Iterations 3
GAMG:  Solving for p, Initial residual = 0.0090619064, Final residual = 4.8949966e-05, No Iterations 3
GAMG:  Solving for p, Initial residual = 0.00018593971, Final residual = 9.2617112e-07, No Iterations 4
time step continuity errors : sum local = 8.52842e-06, global = 3.6002416e-07, cumulative = 0.0002183706
smoothSolver:  Solving for omega, Initial residual = 0.00032066735, Final residual = 2.5953722e-06, No Iterations 2
smoothSolver:  Solving for k, Initial residual = 0.00074213194, Final residual = 5.8686508e-06, No Iterations 2
ExecutionTime = 1057.2712 s  ClockTime = 1058 s

Time = 791s

smoothSolver:  Solving for Ux, Initial residual = 0.00039730211, Final residual = 5.425221e-06, No Iterations 3
smoothSolver:  Solving for Uy, Initial residual = 0.0049573445, Final residual = 6.2946313e-05, No Iterations 3
smoothSolver:  Solving for Uz, Initial residual = 0.0045550951, Final residual = 5.8036458e-05, No Iterations 3
GAMG:  Solving for p, Initial residual = 0.0091231571, Final residual = 4.9699099e-05, No Iterations 3
GAMG:  Solving for p, Initial residual = 0.00018712849, Final residual = 9.2044681e-07, No Iterations 4
time step continuity errors : sum local = 8.4694961e-06, global = -5.4136309e-09, cumulative = 0.00021836518
smoothSolver:  Solving for omega, Initial residual = 0.00031974675, Final residual = 2.5965616e-06, No Iterations 2
smoothSolver:  Solving for k, Initial residual = 0.00074356191, Final residual = 5.895569e-06, No Iterations 2
ExecutionTime = 1058.6364 s  ClockTime = 1060 s

Time = 792s

smoothSolver:  Solving for Ux, Initial residual = 0.00039985807, Final residual = 5.4670059e-06, No Iterations 3
smoothSolver:  Solving for Uy, Initial residual = 0.004954805, Final residual = 6.2746665e-05, No Iterations 3
smoothSolver:  Solving for Uz, Initial residual = 0.0045641412, Final residual = 5.8257671e-05, No Iterations 3
GAMG:  Solving for p, Initial residual = 0.0091759931, Final residual = 5.0821012e-05, No Iterations 3
GAMG:  Solving for p, Initial residual = 0.00018814251, Final residual = 9.799562e-07, No Iterations 4
time step continuity errors : sum local = 9.0103348e-06, global = -2.0241802e-07, cumulative = 0.00021816277
smoothSolver:  Solving for omega, Initial residual = 0.00031958101, Final residual = 2.6790295e-06, No Iterations 2
smoothSolver:  Solving for k, Initial residual = 0.00074497863, Final residual = 5.9110991e-06, No Iterations 2
ExecutionTime = 1059.9214 s  ClockTime = 1061 s

Time = 793s

smoothSolver:  Solving for Ux, Initial residual = 0.00040225325, Final residual = 5.5073436e-06, No Iterations 3
smoothSolver:  Solving for Uy, Initial residual = 0.0049535173, Final residual = 6.2646138e-05, No Iterations 3
smoothSolver:  Solving for Uz, Initial residual = 0.0045727064, Final residual = 5.8465733e-05, No Iterations 3
GAMG:  Solving for p, Initial residual = 0.0092458972, Final residual = 5.2236165e-05, No Iterations 3
GAMG:  Solving for p, Initial residual = 0.00018747332, Final residual = 1.0608115e-06, No Iterations 4
time step continuity errors : sum local = 9.744935e-06, global = 1.0842575e-07, cumulative = 0.00021827119
smoothSolver:  Solving for omega, Initial residual = 0.00032291602, Final residual = 2.6403027e-06, No Iterations 2
smoothSolver:  Solving for k, Initial residual = 0.00074746379, Final residual = 5.9401902e-06, No Iterations 2
ExecutionTime = 1061.1614 s  ClockTime = 1062 s

Time = 794s

smoothSolver:  Solving for Ux, Initial residual = 0.00040451355, Final residual = 5.5503625e-06, No Iterations 3
smoothSolver:  Solving for Uy, Initial residual = 0.0049534655, Final residual = 6.2586945e-05, No Iterations 3
smoothSolver:  Solving for Uz, Initial residual = 0.0045804621, Final residual = 5.8657038e-05, No Iterations 3
GAMG:  Solving for p, Initial residual = 0.0092890803, Final residual = 5.3712529e-05, No Iterations 3
GAMG:  Solving for p, Initial residual = 0.00018759959, Final residual = 1.1480931e-06, No Iterations 4
time step continuity errors : sum local = 1.0538297e-05, global = 7.3072281e-07, cumulative = 0.00021900191
smoothSolver:  Solving for omega, Initial residual = 0.00032278099, Final residual = 2.6796444e-06, No Iterations 2
smoothSolver:  Solving for k, Initial residual = 0.00074976846, Final residual = 5.979841e-06, No Iterations 2
ExecutionTime = 1062.3371 s  ClockTime = 1063 s

Time = 795s

smoothSolver:  Solving for Ux, Initial residual = 0.00040654592, Final residual = 5.5904585e-06, No Iterations 3
smoothSolver:  Solving for Uy, Initial residual = 0.0049511629, Final residual = 6.2594369e-05, No Iterations 3
smoothSolver:  Solving for Uz, Initial residual = 0.0045840663, Final residual = 5.8803332e-05, No Iterations 3
GAMG:  Solving for p, Initial residual = 0.0092849927, Final residual = 5.5213535e-05, No Iterations 3
GAMG:  Solving for p, Initial residual = 0.00018540253, Final residual = 1.1252112e-06, No Iterations 4
time step continuity errors : sum local = 1.0320238e-05, global = 9.3213286e-07, cumulative = 0.00021993405
smoothSolver:  Solving for omega, Initial residual = 0.00032231516, Final residual = 2.6281477e-06, No Iterations 2
smoothSolver:  Solving for k, Initial residual = 0.00075297469, Final residual = 6.027236e-06, No Iterations 2
ExecutionTime = 1063.4954 s  ClockTime = 1064 s

Time = 796s

smoothSolver:  Solving for Ux, Initial residual = 0.00040844934, Final residual = 5.6336046e-06, No Iterations 3
smoothSolver:  Solving for Uy, Initial residual = 0.0049524469, Final residual = 6.2688875e-05, No Iterations 3
smoothSolver:  Solving for Uz, Initial residual = 0.0045890844, Final residual = 5.8902931e-05, No Iterations 3
GAMG:  Solving for p, Initial residual = 0.0092640009, Final residual = 5.6586424e-05, No Iterations 3
GAMG:  Solving for p, Initial residual = 0.00018347375, Final residual = 1.1715674e-06, No Iterations 4
time step continuity errors : sum local = 1.0738918e-05, global = 7.892136e-07, cumulative = 0.00022072326
smoothSolver:  Solving for omega, Initial residual = 0.00031946427, Final residual = 2.6631682e-06, No Iterations 2
smoothSolver:  Solving for k, Initial residual = 0.00075621979, Final residual = 6.0767799e-06, No Iterations 2
ExecutionTime = 1064.7101 s  ClockTime = 1066 s

Time = 797s

smoothSolver:  Solving for Ux, Initial residual = 0.00041036549, Final residual = 5.6739137e-06, No Iterations 3
smoothSolver:  Solving for Uy, Initial residual = 0.0049550171, Final residual = 6.2846503e-05, No Iterations 3
smoothSolver:  Solving for Uz, Initial residual = 0.004588486, Final residual = 5.8944156e-05, No Iterations 3
GAMG:  Solving for p, Initial residual = 0.0092283781, Final residual = 5.8120392e-05, No Iterations 3
GAMG:  Solving for p, Initial residual = 0.00018119486, Final residual = 1.2042736e-06, No Iterations 4
time step continuity errors : sum local = 1.1033406e-05, global = 7.5508707e-07, cumulative = 0.00022147835
smoothSolver:  Solving for omega, Initial residual = 0.00032110073, Final residual = 2.6581922e-06, No Iterations 2
smoothSolver:  Solving for k, Initial residual = 0.00075910418, Final residual = 6.1212656e-06, No Iterations 2
ExecutionTime = 1065.9523 s  ClockTime = 1067 s

Time = 798s

smoothSolver:  Solving for Ux, Initial residual = 0.00041214257, Final residual = 5.7147492e-06, No Iterations 3
smoothSolver:  Solving for Uy, Initial residual = 0.0049462046, Final residual = 6.2907174e-05, No Iterations 3
smoothSolver:  Solving for Uz, Initial residual = 0.0045853183, Final residual = 5.898526e-05, No Iterations 3
GAMG:  Solving for p, Initial residual = 0.0091743037, Final residual = 5.9665562e-05, No Iterations 3
GAMG:  Solving for p, Initial residual = 0.00018016284, Final residual = 1.2401345e-06, No Iterations 4
time step continuity errors : sum local = 1.1357454e-05, global = 6.9109865e-07, cumulative = 0.00022216945
smoothSolver:  Solving for omega, Initial residual = 0.00031867231, Final residual = 2.6204089e-06, No Iterations 2
smoothSolver:  Solving for k, Initial residual = 0.00076167882, Final residual = 6.1672639e-06, No Iterations 2
ExecutionTime = 1067.0591 s  ClockTime = 1068 s

Time = 799s

smoothSolver:  Solving for Ux, Initial residual = 0.00041374591, Final residual = 5.7514003e-06, No Iterations 3
smoothSolver:  Solving for Uy, Initial residual = 0.0049372168, Final residual = 6.2999797e-05, No Iterations 3
smoothSolver:  Solving for Uz, Initial residual = 0.0045788969, Final residual = 5.8972531e-05, No Iterations 3
GAMG:  Solving for p, Initial residual = 0.009121833, Final residual = 6.1179978e-05, No Iterations 3
GAMG:  Solving for p, Initial residual = 0.00017941962, Final residual = 1.2642194e-06, No Iterations 4
time step continuity errors : sum local = 1.1573595e-05, global = 7.2064581e-07, cumulative = 0.00022289009
smoothSolver:  Solving for omega, Initial residual = 0.00031859706, Final residual = 2.5499578e-06, No Iterations 2
smoothSolver:  Solving for k, Initial residual = 0.00076592034, Final residual = 6.2232713e-06, No Iterations 2
ExecutionTime = 1068.2509 s  ClockTime = 1069 s

Time = 800s

smoothSolver:  Solving for Ux, Initial residual = 0.00041520658, Final residual = 5.7869663e-06, No Iterations 3
smoothSolver:  Solving for Uy, Initial residual = 0.0049287822, Final residual = 6.3100218e-05, No Iterations 3
smoothSolver:  Solving for Uz, Initial residual = 0.0045762391, Final residual = 5.8969767e-05, No Iterations 3
GAMG:  Solving for p, Initial residual = 0.0090893411, Final residual = 6.2280981e-05, No Iterations 3
GAMG:  Solving for p, Initial residual = 0.00018008135, Final residual = 1.3247796e-06, No Iterations 4
time step continuity errors : sum local = 1.2122262e-05, global = 5.5722683e-07, cumulative = 0.00022344732
smoothSolver:  Solving for omega, Initial residual = 0.00031975862, Final residual = 2.7211541e-06, No Iterations 2
smoothSolver:  Solving for k, Initial residual = 0.00076967204, Final residual = 6.2813884e-06, No Iterations 2
ExecutionTime = 1069.4432 s  ClockTime = 1070 s

End
