#             x               y               z             U_x             U_y             U_z               p
           0.13          -0.098          -0.098     0.088829233    0.0032107428    0.0017712926     -0.35850979
           0.13          -0.098          -0.094     0.060839727   -0.0026504318     0.010826122     -0.35905854
           0.13          -0.098           -0.09    -0.048191067    0.0056072257      0.02788027     -0.35951995
           0.13          -0.098          -0.086     -0.23682122      0.03009323      0.08564251     -0.35969176
           0.13          -0.098          -0.082     -0.38729878     0.038902263      0.11732988     -0.36118361
           0.13          -0.098          -0.078     -0.44362107     0.033086966      0.12392708     -0.36716471
           0.13          -0.098          -0.074     -0.45724605     0.025576397      0.12051651     -0.37369371
           0.13          -0.098           -0.07     -0.45772054     0.021236946      0.11557073     -0.38000401
           0.13          -0.098          -0.066     -0.45130038     0.018639705      0.11045071     -0.38616876
           0.13          -0.098          -0.062     -0.43951121     0.016737964      0.10497329     -0.39200878
           0.13          -0.098          -0.058     -0.42261402     0.015319021     0.099129311     -0.39740454
           0.13          -0.098          -0.054     -0.40041297     0.014326836     0.092938361     -0.40232691
           0.13          -0.098           -0.05     -0.37253076     0.013671173     0.086347715     -0.40679923
           0.13          -0.098          -0.046     -0.33851031     0.013172677     0.079328602      -0.4108337
           0.13          -0.098          -0.042     -0.29801109     0.012708261     0.071961231     -0.41445176
           0.13          -0.098          -0.038      -0.2510068     0.012379846     0.064540145     -0.41765676
           0.13          -0.098          -0.034     -0.19875815     0.012493776     0.057606809     -0.42037635
           0.13          -0.098           -0.03     -0.14617942     0.013619835     0.052745857     -0.42249156
           0.13          -0.098          -0.026    -0.097697699     0.015490423     0.053199092     -0.42411916
           0.13          -0.098          -0.022    -0.042542614     0.017232791     0.058856347     -0.42575014
           0.13          -0.098          -0.018     0.026703464     0.017826359     0.066379586     -0.42672599
           0.13          -0.098          -0.014      0.15781876      0.01972033      0.08204463     -0.42713513
           0.13          -0.098           -0.01      0.24944165     0.014840428     0.072415287     -0.42788375
           0.13          -0.098          -0.006      0.25816377     0.015430626     0.040504622     -0.42685932
           0.13          -0.098          -0.002      0.27664631    0.0061475393    0.0062578974      -0.4281499
           0.13          -0.098           0.002      0.29444372    -0.013374305    0.0049293306     -0.42845956
           0.13          -0.098           0.006      0.29897011    -0.029370099     0.028774979     -0.42649616
           0.13          -0.098            0.01      0.29747539    -0.031761471     0.065299412     -0.42575984
           0.13          -0.098           0.014      0.29375669    -0.018371126      0.09350147     -0.42693413
           0.13          -0.098           0.018      0.28974265    0.0054144742     0.091217489      -0.4289888
           0.13          -0.098           0.022      0.28697581      0.01738325     0.053961017     -0.43018696
           0.13          -0.098           0.026      0.30321479    0.0090405167   -0.0016706501     -0.43339768
           0.13          -0.098            0.03      0.32264504     0.019153458    -0.057295054     -0.44548388
           0.13          -0.098           0.034       0.2141576     0.047421158      -0.1439096     -0.45521001
           0.13          -0.098           0.038     0.042590817     0.051071538     -0.20214123      -0.4578241
           0.13          -0.098           0.042     -0.10041023     0.045911699     -0.19905938     -0.45013488
           0.13          -0.098           0.046     -0.18496179     0.044935271     -0.18636691     -0.43619677
           0.13          -0.098            0.05     -0.20413219     0.041548643      -0.1681114     -0.42371029
           0.13          -0.098           0.054     -0.23799061     0.038388911     -0.17004354      -0.4112964
           0.13          -0.098           0.058     -0.27570991     0.040989664     -0.17814679      -0.3975521
           0.13          -0.098           0.062     -0.29056752     0.048225929     -0.18282895     -0.38379612
           0.13          -0.098           0.066      -0.2760015     0.053516639     -0.17969873     -0.37137854
           0.13          -0.098            0.07     -0.22636513     0.049048841     -0.15867323     -0.36224044
           0.13          -0.098           0.074     -0.14614303     0.030711063     -0.11543435      -0.3580801
           0.13          -0.098           0.078    -0.065861222    0.0018865679    -0.053540553     -0.35638886
           0.13          -0.098           0.082   -0.0032582639    -0.025639558    -0.021276442     -0.35550058
           0.13          -0.098           0.086     0.024484908    -0.038036514   -0.0046749543      -0.3556085
           0.13          -0.098            0.09     0.048231348    -0.041013399     0.018854457     -0.35597101
           0.13          -0.098           0.094     0.060967273    -0.031616766     0.029362019     -0.35612047
           0.13          -0.098           0.098     0.057186462    -0.012906398     0.020660771     -0.35521196
           0.13          -0.094          -0.098     0.064223164     0.012553839   -0.0026968864     -0.35842815
           0.13          -0.094          -0.094     -0.19921882      0.03356747     0.038690473     -0.35840217
           0.13          -0.094           -0.09     -0.47162968     0.062484093     0.084797811     -0.35953993
           0.13          -0.094          -0.086     -0.58667656      0.06948131       0.1100431     -0.36244389
           0.13          -0.094          -0.082     -0.60445121     0.060682831      0.11683946     -0.36652375
           0.13          -0.094          -0.078     -0.59290089     0.050637517      0.11778584     -0.37222658
           0.13          -0.094          -0.074     -0.57641735     0.043654467      0.11621643     -0.37812364
           0.13          -0.094           -0.07     -0.55826245      0.03874501      0.11392925     -0.38380405
           0.13          -0.094          -0.066     -0.53868432     0.035078626        0.111422     -0.38924688
           0.13          -0.094          -0.062     -0.51740852     0.032322843      0.10840824     -0.39447837
           0.13          -0.094          -0.058     -0.49341825     0.030190025       0.1048126     -0.39940007
           0.13          -0.094          -0.054     -0.46684339     0.028601063      0.10065739     -0.40391762
           0.13          -0.094           -0.05     -0.43689007     0.027643431     0.095758399     -0.40806441
           0.13          -0.094          -0.046     -0.40317953     0.027222339     0.089976222     -0.41184812
           0.13          -0.094          -0.042     -0.36552792     0.027179858     0.083278654      -0.4152824
           0.13          -0.094          -0.038     -0.32393555     0.027437346     0.075887362     -0.41837033
           0.13          -0.094          -0.034     -0.27882791     0.028093384     0.068466245     -0.42108943
           0.13          -0.094           -0.03     -0.23138194     0.029586252     0.062509784      -0.4233859
           0.13          -0.094          -0.026     -0.18002881      0.03196887     0.061028508     -0.42526518
           0.13          -0.094          -0.022     -0.11840588     0.034543549     0.065539862     -0.42690682
           0.13          -0.094          -0.018    -0.043396624     0.039633517     0.074014646     -0.42799492
           0.13          -0.094          -0.014     0.096432746     0.050280475     0.097511009     -0.42873514
           0.13          -0.094           -0.01      0.24286699     0.044108371      0.12745497        -0.42854
           0.13          -0.094          -0.006      0.31707164     0.039857588      0.11751099     -0.42808561
           0.13          -0.094          -0.002      0.31865538     0.025197258     0.086592294      -0.4294589
           0.13          -0.094           0.002      0.31602971    -0.017133871     0.081382167     -0.43049465
           0.13          -0.094           0.006      0.31511412    -0.050132864     0.090738754     -0.42981464
           0.13          -0.094            0.01      0.31366304    -0.052489144      0.10074883      -0.4300334
           0.13          -0.094           0.014      0.31141577    -0.026751077      0.10412316     -0.43112049
           0.13          -0.094           0.018      0.31130738     0.018409363     0.090328562     -0.43184068
           0.13          -0.094           0.022       0.3158949     0.056645843     0.055796197     -0.43067988
           0.13          -0.094           0.026       0.3464882      0.05384661    -0.028777567     -0.43409513
           0.13          -0.094            0.03      0.33940306     0.088982209     -0.12653694     -0.45022164
           0.13          -0.094           0.034      0.17760608      0.13333807     -0.19693912     -0.46517597
           0.13          -0.094           0.038    -0.056214234      0.11801515     -0.18671691     -0.46661426
           0.13          -0.094           0.042     -0.20881678      0.10288208     -0.17331416     -0.46037903
           0.13          -0.094           0.046     -0.31036594     0.091010766       -0.168463     -0.44769303
           0.13          -0.094            0.05     -0.37104438      0.07550376      -0.1520996     -0.43294459
           0.13          -0.094           0.054       -0.419174     0.076409538      -0.1486958      -0.4186564
           0.13          -0.094           0.058     -0.45917796     0.081719233     -0.15729764     -0.40465892
           0.13          -0.094           0.062     -0.48459577     0.091278074     -0.16652129     -0.39139827
           0.13          -0.094           0.066     -0.49829298       0.1016822     -0.17209748     -0.37921745
           0.13          -0.094            0.07     -0.49976818       0.1088175     -0.17103413     -0.36892511
           0.13          -0.094           0.074     -0.48436321      0.10807093     -0.16025726     -0.36189847
           0.13          -0.094           0.078     -0.44399037     0.096601242     -0.13660289       -0.357448
           0.13          -0.094           0.082     -0.36920875     0.073573418    -0.099820633     -0.35405857
           0.13          -0.094           0.086      -0.2541954     0.038537547    -0.055315172     -0.35255686
           0.13          -0.094            0.09    -0.098141704    0.0036367787   -0.0061260167     -0.35448785
           0.13          -0.094           0.094     0.026773598    -0.015370915     0.033224924      -0.3568654
           0.13          -0.094           0.098     0.061515196    -0.010195593     0.034851728     -0.35616249
           0.13           -0.09          -0.098    -0.041249263     0.026218491    0.0081384029     -0.35828477
           0.13           -0.09          -0.094      -0.4663351     0.078830482     0.068349143     -0.35904218
           0.13           -0.09           -0.09     -0.62732916     0.084881368     0.096920146     -0.36540857
           0.13           -0.09          -0.086     -0.63840197     0.075009712      0.10304743     -0.36859435
           0.13           -0.09          -0.082     -0.62623452     0.065391343      0.10748769     -0.37316738
           0.13           -0.09          -0.078       -0.607529     0.057222829      0.10963596     -0.37833739
           0.13           -0.09          -0.074     -0.58778952      0.05089486      0.11059208     -0.38340333
           0.13           -0.09           -0.07     -0.56725215     0.045896405      0.11094531      -0.3883747
           0.13           -0.09          -0.066     -0.54565297     0.041891208      0.11070493      -0.3931847
           0.13           -0.09          -0.062     -0.52265523     0.038774462      0.10975577     -0.39778675
           0.13           -0.09          -0.058     -0.49780455     0.036577097      0.10799099     -0.40213571
           0.13           -0.09          -0.054     -0.47085358     0.035284554      0.10532242     -0.40618572
           0.13           -0.09           -0.05     -0.44137793     0.034819907      0.10165919      -0.4099309
           0.13           -0.09          -0.046     -0.40905957     0.035052223     0.096960106     -0.41337803
           0.13           -0.09          -0.042     -0.37369588     0.035765878     0.091302958     -0.41654732
           0.13           -0.09          -0.038     -0.33509526     0.036681903     0.084980445     -0.41946124
           0.13           -0.09          -0.034     -0.29300228     0.037495709      0.07864944      -0.4221471
           0.13           -0.09           -0.03     -0.24683955     0.037976023      0.07348852      -0.4245988
           0.13           -0.09          -0.026     -0.19488902     0.038054811     0.071085277     -0.42676814
           0.13           -0.09          -0.022     -0.13554316     0.038290729     0.072030491     -0.42856416
           0.13           -0.09          -0.018    -0.069192047     0.041165954     0.075176706     -0.42956748
           0.13           -0.09          -0.014      0.01610326     0.048248234     0.085294122     -0.42956909
           0.13           -0.09           -0.01       0.1463461     0.056133899      0.11352725     -0.42845651
           0.13           -0.09          -0.006      0.27140121     0.052732997       0.1356799     -0.42719893
           0.13           -0.09          -0.002       0.3181208     0.026624467      0.13228556     -0.42725022
           0.13           -0.09           0.002      0.31639252    -0.028914453      0.12490476     -0.42804912
           0.13           -0.09           0.006      0.31589573    -0.064516955      0.12125404     -0.42977321
           0.13           -0.09            0.01      0.31463034    -0.060780401      0.11605794     -0.43217613
           0.13           -0.09           0.014      0.31139299    -0.025402978       0.1038738     -0.43454855
           0.13           -0.09           0.018      0.31172396     0.035901359     0.078090218     -0.43611012
           0.13           -0.09           0.022      0.32115853      0.09948353     0.043315992     -0.43489238
           0.13           -0.09           0.026      0.35083854      0.11931085    -0.042501203     -0.44076101
           0.13           -0.09            0.03      0.28682778      0.15813483     -0.14071388     -0.45827423
           0.13           -0.09           0.034     0.092228476      0.16130025     -0.16874331      -0.4714297
           0.13           -0.09           0.038    -0.079279573      0.10207628     -0.12657572     -0.47484445
           0.13           -0.09           0.042     -0.20273219      0.10506042     -0.12072048     -0.46966691
           0.13           -0.09           0.046     -0.32055281      0.10093248     -0.12330237     -0.45807784
           0.13           -0.09            0.05     -0.40562975     0.084472142     -0.12195613     -0.44318966
           0.13           -0.09           0.054     -0.46373717     0.094158671     -0.12195424     -0.42765421
           0.13           -0.09           0.058      -0.4993749      0.10527074      -0.1293985      -0.4134562
           0.13           -0.09           0.062      -0.5223524      0.11399704     -0.13848006     -0.40093621
           0.13           -0.09           0.066     -0.54058026      0.12182592      -0.1467251     -0.38991504
           0.13           -0.09            0.07     -0.55699653      0.12814445      -0.1520047     -0.38050811
           0.13           -0.09           0.074     -0.57054085      0.13138144     -0.15314317     -0.37267324
           0.13           -0.09           0.078     -0.57870449      0.13196064     -0.14946988     -0.36555593
           0.13           -0.09           0.082     -0.56756145      0.12461724     -0.14139468     -0.35858387
           0.13           -0.09           0.086     -0.49850141      0.10144605      -0.1099648     -0.35235356
           0.13           -0.09            0.09     -0.31747611      0.06028632    -0.054371762     -0.35207223
           0.13           -0.09           0.094    -0.068903734     0.016214869     0.014549579     -0.35532141
           0.13           -0.09           0.098     0.056626636    0.0048656532     0.044087653     -0.35649318
           0.13          -0.086          -0.098     -0.19515098     0.077531198     0.030988551     -0.35926742
           0.13          -0.086          -0.094     -0.57450634     0.099981647     0.080290411     -0.36242884
           0.13          -0.086           -0.09     -0.63833183     0.085648977     0.095539153     -0.36979592
           0.13          -0.086          -0.086     -0.63571425     0.073595782      0.10025213      -0.3743184
           0.13          -0.086          -0.082     -0.62022434     0.064756749      0.10456783     -0.37945751
           0.13          -0.086          -0.078     -0.60068264     0.057861401      0.10763402     -0.38434969
           0.13          -0.086          -0.074     -0.58022192     0.052273944      0.10986967      -0.3889242
           0.13          -0.086           -0.07     -0.55911324     0.047664943      0.11143202      -0.3933132
           0.13          -0.086          -0.066     -0.53713697     0.043957251      0.11224902     -0.39751368
           0.13          -0.086          -0.062     -0.51397527     0.041188447      0.11223553     -0.40151135
           0.13          -0.086          -0.058     -0.48926383     0.039425053      0.11130232     -0.40528549
           0.13          -0.086          -0.054     -0.46264327     0.038683513      0.10936069     -0.40882036
           0.13          -0.086           -0.05     -0.43375758     0.038885832      0.10634906     -0.41211028
           0.13          -0.086          -0.046     -0.40227644     0.039843123      0.10227386     -0.41516082
           0.13          -0.086          -0.042     -0.36788533     0.041234161      0.09727301     -0.41799429
           0.13          -0.086          -0.038     -0.33016796     0.042592151      0.09166899     -0.42064019
           0.13          -0.086          -0.034     -0.28845282     0.043319587     0.086013204     -0.42313928
           0.13          -0.086           -0.03     -0.24172881     0.042867001     0.081078888     -0.42550038
           0.13          -0.086          -0.026     -0.18886941     0.041151196     0.077554948       -0.427643
           0.13          -0.086          -0.022     -0.12988553     0.039186581     0.075416555      -0.4293685
           0.13          -0.086          -0.018    -0.066402099     0.039243767     0.074217651     -0.43026526
           0.13          -0.086          -0.014     0.001768266     0.043274262     0.075048629     -0.43007305
           0.13          -0.086           -0.01     0.088714036     0.051198111     0.085162428     -0.42826913
           0.13          -0.086          -0.006      0.20028682     0.051326015      0.10823704     -0.42568741
           0.13          -0.086          -0.002      0.27444198     0.024294119      0.12441886     -0.42431003
           0.13          -0.086           0.002      0.30734904    -0.031325367      0.12672938     -0.42618855
           0.13          -0.086           0.006      0.31981581    -0.065975603       0.1227852     -0.43032569
           0.13          -0.086            0.01      0.31907226    -0.057707333      0.11060265      -0.4346882
           0.13          -0.086           0.014      0.31315584    -0.012586154       0.0902218     -0.43891843
           0.13          -0.086           0.018      0.31235873     0.060991821     0.057042231     -0.44205136
           0.13          -0.086           0.022      0.32552624       0.1413847     0.020803782     -0.44168444
           0.13          -0.086           0.026      0.33798693      0.17788092    -0.059022497     -0.44953435
           0.13          -0.086            0.03      0.22352582      0.19360673     -0.13331027      -0.4645619
           0.13          -0.086           0.034     0.047799197      0.12044534     -0.12191465       -0.472718
           0.13          -0.086           0.038    -0.057913768     0.039935478    -0.096387784      -0.4753091
           0.13          -0.086           0.042      -0.1747725     0.070238247    -0.099860279     -0.47100692
           0.13          -0.086           0.046     -0.30489921      0.09029429    -0.097849065     -0.46167731
           0.13          -0.086            0.05     -0.40653459     0.088149582     -0.10696073     -0.44821466
           0.13          -0.086           0.054      -0.4699437       0.1044626     -0.11149314     -0.43375074
           0.13          -0.086           0.058     -0.50532451      0.11856602     -0.11729762     -0.42017864
           0.13          -0.086           0.062     -0.52762761      0.12664965     -0.12391731     -0.40834227
           0.13          -0.086           0.066     -0.54568803      0.13184612     -0.13061004     -0.39788203
           0.13          -0.086            0.07     -0.56253677      0.13535831     -0.13601481     -0.38857597
           0.13          -0.086           0.074     -0.57796375      0.13758008     -0.13963267     -0.38030104
           0.13          -0.086           0.078     -0.59308445      0.13838806     -0.14125126     -0.37270539
           0.13          -0.086           0.082     -0.60265536      0.13823551     -0.14025484     -0.36572296
           0.13          -0.086           0.086      -0.5870264      0.13579253     -0.13500904     -0.35925072
           0.13          -0.086            0.09     -0.47592153       0.1103515    -0.096845126     -0.35353595
           0.13          -0.086           0.094     -0.18844026     0.060402848    -0.018559386     -0.35438906
           0.13          -0.086           0.098     0.035621452     0.030982729     0.043570852     -0.35756898
           0.13          -0.082          -0.098     -0.31200478      0.10496572      0.04404287     -0.36139986
           0.13          -0.082          -0.094     -0.59158403      0.10280614      0.08107434     -0.36701446
           0.13          -0.082           -0.09     -0.62617873     0.083419474     0.093811673     -0.37500978
           0.13          -0.082          -0.086     -0.62117095     0.070815961     0.099772051     -0.38073746
           0.13          -0.082          -0.082     -0.60528273     0.062570782      0.10448522     -0.38593211
           0.13          -0.082          -0.078     -0.58659134     0.056361101      0.10814013     -0.39055572
           0.13          -0.082          -0.074     -0.56679903     0.051279128      0.11098177     -0.39471639
           0.13          -0.082           -0.07      -0.5461806     0.047059731      0.11310576     -0.39856377
           0.13          -0.082          -0.066     -0.52460044     0.043735081      0.11446642     -0.40215889
           0.13          -0.082          -0.062     -0.50180162     0.041426127      0.11497586     -0.40554269
           0.13          -0.082          -0.058     -0.47747175     0.040239642      0.11452618     -0.40873504
           0.13          -0.082          -0.054     -0.45126703     0.040198551       0.1130123     -0.41173903
           0.13          -0.082           -0.05     -0.42282966      0.04119663      0.11037376     -0.41455305
           0.13          -0.082          -0.046     -0.39176713      0.04297292      0.10663405     -0.41717847
           0.13          -0.082          -0.042     -0.35762656     0.045095911      0.10193491     -0.41963024
           0.13          -0.082          -0.038     -0.31981363     0.046958996     0.096566395     -0.42193264
           0.13          -0.082          -0.034     -0.27748745     0.047815343     0.090942267     -0.42411223
           0.13          -0.082           -0.03     -0.22962411     0.047016308     0.085510583     -0.42616284
           0.13          -0.082          -0.026     -0.17547666     0.044507769      0.08051447     -0.42798221
           0.13          -0.082          -0.022     -0.11545311     0.041319459     0.075748952     -0.42933773
           0.13          -0.082          -0.018    -0.051275633     0.039399333     0.070962565     -0.42985904
           0.13          -0.082          -0.014     0.015827109     0.040294743     0.066509669     -0.42930902
           0.13          -0.082           -0.01     0.089783384     0.043780806      0.06530478     -0.42732935
           0.13          -0.082          -0.006      0.17748344      0.04026387     0.074733518     -0.42436301
           0.13          -0.082          -0.002      0.25907838     0.007094601     0.090725977     -0.42286136
           0.13          -0.082           0.002      0.31171961     -0.04229022      0.10051414     -0.42562054
           0.13          -0.082           0.006      0.33000099    -0.067045788       0.0981343     -0.43144575
           0.13          -0.082            0.01       0.3249125    -0.050721529     0.083861994     -0.43776981
           0.13          -0.082           0.014      0.31616469     0.005202105      0.05987038     -0.44350047
           0.13          -0.082           0.018      0.31677052     0.091188873     0.024376711     -0.44766344
           0.13          -0.082           0.022      0.32894724      0.18237777    -0.014833587     -0.44861132
           0.13          -0.082           0.026      0.30403186      0.22618285    -0.079305357       -0.457269
           0.13          -0.082            0.03      0.16591508      0.18710628     -0.11481421     -0.46891042
           0.13          -0.082           0.034     0.030041594     0.068136446    -0.091405254     -0.47528963
           0.13          -0.082           0.038    -0.070687483      0.01576466    -0.093321969     -0.47608993
           0.13          -0.082           0.042     -0.18503006     0.040865718    -0.094486363     -0.47130197
           0.13          -0.082           0.046     -0.30381404     0.077868739    -0.089633908     -0.46268497
           0.13          -0.082            0.05     -0.40291328     0.093831824    -0.099827312      -0.4504105
           0.13          -0.082           0.054      -0.4626455      0.11298861     -0.10602497     -0.43741978
           0.13          -0.082           0.058     -0.49677812      0.12710086     -0.11097769     -0.42503168
           0.13          -0.082           0.062     -0.51900124      0.13457719     -0.11596717     -0.41414284
           0.13          -0.082           0.066     -0.53686152      0.13842566      -0.1211977     -0.40450919
           0.13          -0.082            0.07     -0.55335006      0.14048285     -0.12602059     -0.39588239
           0.13          -0.082           0.074     -0.56930639       0.1416671     -0.13014939     -0.38798068
           0.13          -0.082           0.078     -0.58484735      0.14252517     -0.13337662     -0.38043815
           0.13          -0.082           0.082     -0.59763969      0.14393247     -0.13519774     -0.37301005
           0.13          -0.082           0.086     -0.59806102      0.14606764     -0.13350379     -0.36615558
           0.13          -0.082            0.09     -0.54235806      0.14070166     -0.12007848     -0.35907565
           0.13          -0.082           0.094     -0.29368944      0.10359012    -0.058272497     -0.35652023
           0.13          -0.082           0.098      0.02791645     0.056497382     0.042346959     -0.35899225
           0.13          -0.078          -0.098     -0.36057173      0.11183881     0.044089454     -0.36723439
           0.13          -0.078          -0.094      -0.5797751     0.098845742     0.077169847     -0.37416646
           0.13          -0.078           -0.09     -0.60564863     0.078163471     0.091354256     -0.38182713
           0.13          -0.078          -0.086     -0.60110923     0.066267022     0.099297812     -0.38781813
           0.13          -0.078          -0.082     -0.58650938     0.058911912      0.10474156     -0.39280437
           0.13          -0.078          -0.078     -0.56900979     0.053316984      0.10890809     -0.39709158
           0.13          -0.078          -0.074     -0.55020683     0.048644935      0.11221416     -0.40078587
           0.13          -0.078           -0.07     -0.53038582     0.044772272      0.11480256     -0.40404863
           0.13          -0.078          -0.066     -0.50947112     0.041840929      0.11663746     -0.40700416
           0.13          -0.078          -0.062     -0.48725432     0.040052491      0.11760205     -0.40974782
           0.13          -0.078          -0.058     -0.46344927     0.039551372      0.11755074     -0.41233541
           0.13          -0.078          -0.054     -0.43770851     0.040347207       0.1163519      -0.4147902
           0.13          -0.078           -0.05     -0.40963093     0.042277779      0.11393935     -0.41711447
           0.13          -0.078          -0.046     -0.37873378     0.044996506      0.11034218     -0.41929922
           0.13          -0.078          -0.042     -0.34442631     0.047975215      0.10569094      -0.4213434
           0.13          -0.078          -0.038     -0.30596756     0.050513296      0.10021634     -0.42325665
           0.13          -0.078          -0.034     -0.26243662     0.051801746     0.094207274     -0.42503993
           0.13          -0.078           -0.03       -0.212862     0.051170726     0.087896209       -0.426659
           0.13          -0.078          -0.026     -0.15666869     0.048556007     0.081317621     -0.42799413
           0.13          -0.078          -0.022    -0.094343794     0.044851545     0.074217731     -0.42881908
           0.13          -0.078          -0.018    -0.027436106     0.041645465     0.066416164     -0.42882984
           0.13          -0.078          -0.014     0.042838467     0.039917958     0.058166878      -0.4278533
           0.13          -0.078           -0.01      0.11841428     0.038041912     0.051378841     -0.42569556
           0.13          -0.078          -0.006      0.20427326     0.025669354     0.051880189     -0.42285698
           0.13          -0.078          -0.002      0.28805121    -0.011150519     0.060520536     -0.42213153
           0.13          -0.078           0.002      0.33857741    -0.053032484     0.067142182     -0.42544404
           0.13          -0.078           0.006      0.34786649    -0.067304828     0.060048153     -0.43192989
           0.13          -0.078            0.01      0.33075099    -0.041426734     0.041206979     -0.43939275
           0.13          -0.078           0.014      0.31951818     0.026446758     0.012444437      -0.4456606
           0.13          -0.078           0.018      0.32250037      0.12635601    -0.022616434     -0.45011351
           0.13          -0.078           0.022      0.31796939      0.21235604    -0.058164516     -0.45287481
           0.13          -0.078           0.026      0.25554029      0.22644535    -0.091306983     -0.46209709
           0.13          -0.078            0.03      0.12594935      0.14974283    -0.085853608      -0.4715187
           0.13          -0.078           0.034      0.02608109     0.042350323    -0.066178869     -0.47857476
           0.13          -0.078           0.038    -0.082455868     0.011294107     -0.07639458     -0.47852484
           0.13          -0.078           0.042     -0.20290532     0.029293818    -0.083447365      -0.4727195
           0.13          -0.078           0.046      -0.3117831     0.072366127    -0.085737808     -0.46302999
           0.13          -0.078            0.05     -0.39745533      0.10072514    -0.094286595     -0.45140871
           0.13          -0.078           0.054     -0.45008799      0.12086309      -0.1005972     -0.43964608
           0.13          -0.078           0.058     -0.48186036      0.13367953     -0.10532188     -0.42855866
           0.13          -0.078           0.062     -0.50362511      0.14016827     -0.10970665     -0.41871577
           0.13          -0.078           0.066     -0.52129214      0.14299245     -0.11425759     -0.40993744
           0.13          -0.078            0.07     -0.53745398      0.14404717     -0.11878329     -0.40197552
           0.13          -0.078           0.074     -0.55300036      0.14450106     -0.12314849     -0.39451579
           0.13          -0.078           0.078     -0.56796611      0.14516691     -0.12725696      -0.3872423
           0.13          -0.078           0.082     -0.58130434      0.14712094     -0.13067996     -0.37979384
           0.13          -0.078           0.086     -0.58621494      0.15202432     -0.13167184     -0.37203809
           0.13          -0.078            0.09     -0.55711137      0.15638258       -0.129188      -0.3652561
           0.13          -0.078           0.094     -0.36378492      0.13563482    -0.083435983     -0.36016777
           0.13          -0.078           0.098    0.0037611406     0.065998243     0.029555897     -0.36036647
           0.13          -0.074          -0.098      -0.3691372      0.10541533     0.039514058     -0.37541858
           0.13          -0.074          -0.094     -0.55516766     0.090617614     0.072449866     -0.38267091
           0.13          -0.074           -0.09     -0.58125167      0.07067783     0.088533837     -0.38977944
           0.13          -0.074          -0.086     -0.57761784     0.060333934     0.097689831      -0.3957283
           0.13          -0.074          -0.082     -0.56430213     0.054077311      0.10361948     -0.40046465
           0.13          -0.074          -0.078     -0.54805262     0.049060902       0.1083259     -0.40430251
           0.13          -0.074          -0.074     -0.53033599     0.044707609      0.11230811     -0.40738612
           0.13          -0.074           -0.07     -0.51146199     0.041121256      0.11562014     -0.40992756
           0.13          -0.074          -0.066     -0.49140842     0.038587909      0.11815004     -0.41212767
           0.13          -0.074          -0.062     -0.46998822     0.037400728      0.11971653     -0.41414384
           0.13          -0.074          -0.058     -0.44688926     0.037727051      0.12012707     -0.41607004
           0.13          -0.074          -0.054     -0.42170304     0.039535708      0.11923205     -0.41794465
           0.13          -0.074           -0.05     -0.39395236     0.042575162      0.11697136     -0.41976298
           0.13          -0.074          -0.046     -0.36304468     0.046396213      0.11338511     -0.42149561
           0.13          -0.074          -0.042     -0.32823306     0.050385162      0.10859715     -0.42312018
           0.13          -0.074          -0.038     -0.28862163     0.053779424      0.10278571     -0.42462329
           0.13          -0.074          -0.034     -0.24321098      0.05573409     0.096139402     -0.42597587
           0.13          -0.074           -0.03     -0.19105329     0.055564923     0.088763443     -0.42711619
           0.13          -0.074          -0.026     -0.13163265     0.053149386     0.080589831     -0.42791916
           0.13          -0.074          -0.022      -0.0654158     0.049192113     0.071379847     -0.42817344
           0.13          -0.074          -0.018    0.0061276637     0.044923852     0.060991069     -0.42765433
           0.13          -0.074          -0.014     0.082211617     0.040789236     0.049821519     -0.42617637
           0.13          -0.074           -0.01      0.16495425     0.033739265     0.039478148     -0.42376322
           0.13          -0.074          -0.006      0.25566388     0.014033491     0.034817589     -0.42121499
           0.13          -0.074          -0.002      0.33703802    -0.023939895     0.035980864     -0.42099544
           0.13          -0.074           0.002      0.38124992    -0.059139547     0.033764247     -0.42432496
           0.13          -0.074           0.006      0.37519847    -0.063102085     0.019142047     -0.43078152
           0.13          -0.074            0.01      0.33835484    -0.026186957   -0.0067532305     -0.43773197
           0.13          -0.074           0.014      0.31758097     0.052952078    -0.040551476     -0.44305171
           0.13          -0.074           0.018      0.31295211      0.15197399     -0.06884349     -0.44751266
           0.13          -0.074           0.022      0.28338024      0.20986967    -0.084950439     -0.45329766
           0.13          -0.074           0.026      0.20496092      0.19570018    -0.079346792     -0.46242864
           0.13          -0.074            0.03      0.10924924     0.097053423    -0.047475775     -0.47171454
           0.13          -0.074           0.034      0.02729633     0.025951226    -0.038825654     -0.47870533
           0.13          -0.074           0.038    -0.080255275    0.0090717563    -0.053454119     -0.47908813
           0.13          -0.074           0.042     -0.20553943     0.030807693    -0.069649881     -0.47325506
           0.13          -0.074           0.046     -0.31319113     0.075442379    -0.080836998     -0.46270396
           0.13          -0.074            0.05     -0.38777399      0.10844455    -0.088752528     -0.45160244
           0.13          -0.074           0.054     -0.43390641      0.12830762    -0.094834518      -0.4409049
           0.13          -0.074           0.058     -0.46318969       0.1394707    -0.099548278     -0.43104329
           0.13          -0.074           0.062      -0.4841969      0.14474914     -0.10381811     -0.42222967
           0.13          -0.074           0.066     -0.50152886      0.14664645     -0.10814479     -0.41428804
           0.13          -0.074            0.07     -0.51731063      0.14693518     -0.11255878      -0.4069766
           0.13          -0.074           0.074     -0.53231546      0.14682575     -0.11702864     -0.40000058
           0.13          -0.074           0.078     -0.54658371      0.14724315     -0.12153675     -0.39306756
           0.13          -0.074           0.082     -0.55931178      0.14939878      -0.1258995     -0.38579701
           0.13          -0.074           0.086     -0.56605563      0.15541203      -0.1292127     -0.37805482
           0.13          -0.074            0.09     -0.55065135      0.16497947     -0.12690822     -0.37106576
           0.13          -0.074           0.094     -0.41108959       0.1602643    -0.096864533     -0.36352993
           0.13          -0.074           0.098    -0.044959492     0.085575303    0.0054105865       -0.362413
           0.13           -0.07          -0.098     -0.35604836     0.094822784     0.034926368     -0.38490533
           0.13           -0.07          -0.094     -0.52405325     0.079154514     0.067975096     -0.39213754
           0.13           -0.07           -0.09     -0.55201933     0.061722019     0.084361264     -0.39912234
           0.13           -0.07          -0.086     -0.54926604     0.053686686     0.092852928     -0.40497673
           0.13           -0.07          -0.082     -0.53717804     0.048371267     0.098952898     -0.40936685
           0.13           -0.07          -0.078     -0.52211552     0.043618013      0.10468434     -0.41254883
           0.13           -0.07          -0.074     -0.50555891     0.039416982      0.11002265     -0.41478079
           0.13           -0.07           -0.07     -0.48789011     0.036108637      0.11464225      -0.4163821
           0.13           -0.07          -0.066     -0.46907864     0.034074543      0.11828462     -0.41764732
           0.13           -0.07          -0.062     -0.44886344      0.03366981      0.12072048     -0.41880868
           0.13           -0.07          -0.058      -0.4268207     0.035052035      0.12173756     -0.41999482
           0.13           -0.07          -0.054     -0.40241364     0.038113179      0.12119401     -0.42124568
           0.13           -0.07           -0.05     -0.37505283     0.042481403      0.11906231     -0.42253709
           0.13           -0.07          -0.046     -0.34400594     0.047581412      0.11541245     -0.42380906
           0.13           -0.07          -0.042     -0.30832292      0.05270811      0.11036938     -0.42501825
           0.13           -0.07          -0.038     -0.26686765     0.057043673      0.10405835      -0.4261319
           0.13           -0.07          -0.034     -0.21844701     0.059715618     0.096600254     -0.42708057
           0.13           -0.07           -0.03     -0.16200351     0.060000376     0.088031205     -0.42775949
           0.13           -0.07          -0.026    -0.097026512     0.057681514     0.078306406     -0.42801667
           0.13           -0.07          -0.022    -0.024083447     0.053254358     0.067275613     -0.42765173
           0.13           -0.07          -0.018     0.055408653     0.047629151     0.054953732     -0.42651081
           0.13           -0.07          -0.014      0.14042112     0.040649024     0.042020267     -0.42453148
           0.13           -0.07           -0.01      0.23148327     0.028829323     0.030432949      -0.4220181
           0.13           -0.07          -0.006      0.32589833     0.004573282     0.023270754     -0.41986226
           0.13           -0.07          -0.002      0.40636382    -0.032145403     0.019012262     -0.41973434
           0.13           -0.07           0.002      0.44463567    -0.060233305    0.0087785456      -0.4226505
           0.13           -0.07           0.006      0.42234019    -0.055123459    -0.011117331     -0.42825947
           0.13           -0.07            0.01      0.35924842   -0.0095758408    -0.039677432     -0.43361046
           0.13           -0.07           0.014      0.30622501     0.068649111    -0.069459408     -0.43693937
           0.13           -0.07           0.018      0.28060236      0.14797518    -0.082134019     -0.44098416
           0.13           -0.07           0.022      0.23845093      0.17804708    -0.072631503     -0.44883839
           0.13           -0.07           0.026         0.17208      0.13240707    -0.039903636     -0.45830275
           0.13           -0.07            0.03      0.10771267     0.056942884    -0.011939908     -0.46899651
           0.13           -0.07           0.034     0.030568186     0.017070082    -0.017703434     -0.47566167
           0.13           -0.07           0.038    -0.074591576     0.013809773    -0.037852242     -0.47717485
           0.13           -0.07           0.042     -0.19807898     0.041012646     -0.06002264     -0.47200882
           0.13           -0.07           0.046     -0.30414225     0.084585482    -0.075811076     -0.46155907
           0.13           -0.07            0.05       -0.372531      0.11710273    -0.083629522     -0.45118257
           0.13           -0.07           0.054     -0.41427851      0.13553871     -0.08937126     -0.44152209
           0.13           -0.07           0.058     -0.44161155      0.14495019    -0.093996938     -0.43278701
           0.13           -0.07           0.062       -0.461858      0.14896388    -0.098224337      -0.4249551
           0.13           -0.07           0.066     -0.47876993      0.14997588     -0.10245287     -0.41783278
           0.13           -0.07            0.07     -0.49409199      0.14959968      -0.1067762     -0.41118805
           0.13           -0.07           0.074      -0.5084845      0.14898331     -0.11120951     -0.40475073
           0.13           -0.07           0.078     -0.52195431      0.14906983     -0.11574398     -0.39823687
           0.13           -0.07           0.082     -0.53391627      0.15107579     -0.12023115      -0.3912692
           0.13           -0.07           0.086     -0.54177052      0.15723523     -0.12405781      -0.3837113
           0.13           -0.07            0.09     -0.53282163      0.16963048     -0.12411029     -0.37629321
           0.13           -0.07           0.094     -0.43412886      0.17730563     -0.10322286     -0.36695796
           0.13           -0.07           0.098     -0.10479096      0.12966281    -0.020179784     -0.36457724
           0.13          -0.066          -0.098     -0.32957138     0.083457645     0.032835508     -0.39524462
           0.13          -0.066          -0.094     -0.48632928     0.068322343     0.064751095     -0.40249328
           0.13          -0.066           -0.09     -0.51565963     0.054337169     0.076505759     -0.41000132
           0.13          -0.066          -0.086     -0.51277542     0.047545582     0.082128873     -0.41595839
           0.13          -0.066          -0.082     -0.50111514     0.041714043     0.088837921     -0.41982856
           0.13          -0.066          -0.078     -0.48689097     0.036463955     0.096804032       -0.422061
           0.13          -0.066          -0.074     -0.47180899     0.032338157      0.10444883      -0.4231745
           0.13          -0.066           -0.07     -0.45616185     0.029561594      0.11092139     -0.42360215
           0.13          -0.066          -0.066     -0.43959631     0.028347784      0.11601413     -0.42373155
           0.13          -0.066          -0.062     -0.42154954     0.029061679      0.11957123     -0.42388885
           0.13          -0.066          -0.058     -0.40136415     0.031832286      0.12137503     -0.42423426
           0.13          -0.066          -0.054     -0.37830048     0.036437914      0.12130615     -0.42480333
           0.13          -0.066           -0.05      -0.3515718     0.042355685      0.11937187     -0.42554608
           0.13          -0.066          -0.046     -0.32027131     0.048860005      0.11567067       -0.426368
           0.13          -0.066          -0.042      -0.2830541     0.055161071      0.11029492     -0.42719172
           0.13          -0.066          -0.038     -0.23831191     0.060386298      0.10329007     -0.42792087
           0.13          -0.066          -0.034     -0.18450418     0.063576336     0.094753491     -0.42841406
           0.13          -0.066           -0.03     -0.12042021     0.063879882     0.084815794     -0.42851799
           0.13          -0.066          -0.026     -0.04567616       0.0609319     0.073679946       -0.428078
           0.13          -0.066          -0.022     0.038936111     0.055114198     0.061595375     -0.42697907
           0.13          -0.066          -0.018      0.13148185     0.047011435     0.049092905     -0.42517294
           0.13          -0.066          -0.014      0.22950839     0.036206327     0.037351226     -0.42280561
           0.13          -0.066           -0.01      0.33058663     0.019787764     0.027831734     -0.42034759
           0.13          -0.066          -0.006      0.42867979   -0.0068436293     0.021163798     -0.41851373
           0.13          -0.066          -0.002      0.50644371     -0.03971469     0.013814411     -0.41838405
           0.13          -0.066           0.002      0.53883642    -0.060491968  -0.00069906648     -0.42085157
           0.13          -0.066           0.006      0.50784386    -0.051043377    -0.021563178       -0.425772
           0.13          -0.066            0.01      0.42553729   -0.0064443709    -0.044143999     -0.43032057
           0.13          -0.066           0.014      0.33192011     0.059514987     -0.06056552     -0.43270476
           0.13          -0.066           0.018      0.26652742       0.1156523    -0.058184635     -0.43627659
           0.13          -0.066           0.022      0.21799451      0.12397759    -0.033549445     -0.44416625
           0.13          -0.066           0.026      0.16948189     0.083301475   -0.0035795867     -0.45460697
           0.13          -0.066            0.03      0.11485967     0.039141092    0.0027033601     -0.46502249
           0.13          -0.066           0.034     0.035937792     0.019203007    -0.013143518     -0.47176993
           0.13          -0.066           0.038    -0.067948557     0.025612786    -0.036424729     -0.47402841
           0.13          -0.066           0.042     -0.18505596     0.055807501    -0.058977396     -0.46969898
           0.13          -0.066           0.046     -0.28619915     0.096246907    -0.073838668     -0.46012708
           0.13          -0.066            0.05     -0.35148719      0.12601175      -0.0804795     -0.45056058
           0.13          -0.066           0.054     -0.39111112      0.14237869    -0.085194532     -0.44183205
           0.13          -0.066           0.058      -0.4173614      0.15010655    -0.089271863     -0.43406828
           0.13          -0.066           0.062     -0.43707806      0.15293921     -0.09320293     -0.42712372
           0.13          -0.066           0.066     -0.45359415       0.1531265    -0.097218928     -0.42077129
           0.13          -0.066            0.07     -0.46842446       0.1521258     -0.10135449     -0.41478527
           0.13          -0.066           0.074     -0.48214689      0.15098807     -0.10559485     -0.40891609
           0.13          -0.066           0.078     -0.49473494      0.15060872     -0.10988382     -0.40289166
           0.13          -0.066           0.082     -0.50562213      0.15215347     -0.11401769     -0.39636481
           0.13          -0.066           0.086     -0.51291394      0.15782006     -0.11755397     -0.38920839
           0.13          -0.066            0.09     -0.50601818      0.17081885     -0.11849972     -0.38150187
           0.13          -0.066           0.094     -0.43645596      0.18494185     -0.10345282     -0.37137586
           0.13          -0.066           0.098     -0.16068276      0.16544501    -0.037696028      -0.3674642
           0.13          -0.062          -0.098     -0.30962486     0.073532913     0.035065976     -0.40635914
           0.13          -0.062          -0.094     -0.44720635     0.061863221     0.059117179     -0.41445929
           0.13          -0.062           -0.09     -0.47073407     0.051103974     0.062299197     -0.42321022
           0.13          -0.062          -0.086     -0.46289832     0.042154956     0.066849316     -0.42879094
           0.13          -0.062          -0.082     -0.44753113     0.032980891     0.076641775     -0.43160603
           0.13          -0.062          -0.078     -0.43264203     0.026609898     0.087327876     -0.43264896
           0.13          -0.062          -0.074      -0.4201589     0.023203882      0.09615099     -0.43256582
           0.13          -0.062           -0.07     -0.40889056     0.021656498      0.10323897     -0.43175107
           0.13          -0.062          -0.066      -0.3971491     0.021707631      0.10923009     -0.43062138
           0.13          -0.062          -0.062     -0.38359962     0.023906602      0.11397807     -0.42964171
           0.13          -0.062          -0.058     -0.36712274     0.028400777      0.11691903     -0.42902551
           0.13          -0.062          -0.054     -0.34664253     0.034817477      0.11772654      -0.4288197
           0.13          -0.062           -0.05     -0.32112516     0.042454626      0.11631715     -0.42895381
           0.13          -0.062          -0.046     -0.28925679     0.050441209      0.11271148     -0.42928547
           0.13          -0.062          -0.042     -0.24905238     0.057900346      0.10689593      -0.4296411
           0.13          -0.062          -0.038     -0.19845063     0.063788017     0.098897179     -0.42981863
           0.13          -0.062          -0.034     -0.13552777     0.066908574     0.088970112     -0.42962116
           0.13          -0.062           -0.03    -0.058644989     0.066214261      0.07762156     -0.42887517
           0.13          -0.062          -0.026     0.032861216     0.061205782     0.065665753     -0.42745277
           0.13          -0.062          -0.022      0.13779533     0.052142921     0.054183556     -0.42538307
           0.13          -0.062          -0.018      0.25241725     0.039464139     0.044524809     -0.42284601
           0.13          -0.062          -0.014      0.37059355     0.023373618     0.037899192     -0.42022081
           0.13          -0.062           -0.01      0.48419596    0.0031462764     0.033859031     -0.41804566
           0.13          -0.062          -0.006      0.58241531    -0.022687238     0.029835371     -0.41650951
           0.13          -0.062          -0.002      0.64985205    -0.048802161     0.020637489     -0.41627187
           0.13          -0.062           0.002      0.67474209      -0.0629788    0.0017449247     -0.41834875
           0.13          -0.062           0.006       0.6444626    -0.053492947    -0.019989239     -0.42311006
           0.13          -0.062            0.01      0.55824074    -0.016815404    -0.036656199     -0.42853001
           0.13          -0.062           0.014      0.44494974     0.033499537      -0.0423762     -0.43241499
           0.13          -0.062           0.018      0.34092419     0.073277201    -0.033471671     -0.43655265
           0.13          -0.062           0.022      0.26574994     0.080011264    -0.013154901     -0.44396113
           0.13          -0.062           0.026      0.20625745      0.05847841   -0.0012175716     -0.45368309
           0.13          -0.062            0.03      0.13871737     0.034587338   -0.0085328264     -0.46263586
           0.13          -0.062           0.034     0.050745261     0.026335661     -0.02716826     -0.46885777
           0.13          -0.062           0.038    -0.055092404     0.038527052    -0.048676304     -0.47095525
           0.13          -0.062           0.042     -0.16632581     0.069413359    -0.066726212     -0.46721383
           0.13          -0.062           0.046     -0.26129322      0.10640253    -0.076728901     -0.45880203
           0.13          -0.062            0.05     -0.32492664      0.13343061    -0.080453814     -0.45000985
           0.13          -0.062           0.054     -0.36424554      0.14806124    -0.083089212     -0.44205918
           0.13          -0.062           0.058      -0.3904074      0.15451992    -0.085938872     -0.43509031
           0.13          -0.062           0.062     -0.40999153      0.15646705    -0.089077637     -0.42891443
           0.13          -0.062           0.066     -0.42626223      0.15600491     -0.09259844     -0.42325667
           0.13          -0.062            0.07     -0.44064494      0.15446507    -0.096354712     -0.41790366
           0.13          -0.062           0.074     -0.45368279       0.1528041     -0.10023618     -0.41261516
           0.13          -0.062           0.078     -0.46533095      0.15183808     -0.10408895      -0.4071353
           0.13          -0.062           0.082     -0.47497221      0.15262205      -0.1076017     -0.40116344
           0.13          -0.062           0.086     -0.48068701      0.15713038     -0.11042463     -0.39460516
           0.13          -0.062            0.09     -0.47366047      0.16893728     -0.11082937     -0.38706189
           0.13          -0.062           0.094     -0.41986307      0.18702869    -0.097234349     -0.37718169
           0.13          -0.062           0.098     -0.19264541      0.18372748    -0.045451613     -0.37261472
           0.13          -0.058          -0.098     -0.31447386      0.06940893     0.033104767     -0.41923116
           0.13          -0.058          -0.094     -0.41260371     0.067738748     0.048257451     -0.42858687
           0.13          -0.058           -0.09     -0.41748493     0.053671775     0.056562456     -0.43735947
           0.13          -0.058          -0.086     -0.39054703     0.032023384     0.071591382     -0.44202458
           0.13          -0.058          -0.082     -0.36057977     0.016420862     0.083260317     -0.44395379
           0.13          -0.058          -0.078     -0.34291598     0.011186007     0.086524504     -0.44425828
           0.13          -0.058          -0.074     -0.33641796      0.01168548     0.085938414     -0.44323545
           0.13          -0.058           -0.07     -0.33454134     0.013055959     0.087850645     -0.44118937
           0.13          -0.058          -0.066     -0.33265625     0.014648937      0.09313744      -0.4386793
           0.13          -0.058          -0.062     -0.32810012     0.018326933     0.099539638     -0.43639352
           0.13          -0.058          -0.058     -0.31890124     0.024701077      0.10473234     -0.43461318
           0.13          -0.058          -0.054     -0.30334276     0.033172711      0.10753582     -0.43343967
           0.13          -0.058           -0.05     -0.27997366     0.042754512      0.10748393     -0.43279585
           0.13          -0.058          -0.046     -0.24690064     0.052365981      0.10436986     -0.43245762
           0.13          -0.058          -0.042     -0.20171716     0.060890666     0.098129543     -0.43212556
           0.13          -0.058          -0.038     -0.14179614     0.066970409     0.089002224     -0.43149102
           0.13          -0.058          -0.034    -0.064127602     0.069090151     0.077675193     -0.43027099
           0.13          -0.058           -0.03     0.033924778     0.065946286     0.065434554     -0.42828117
           0.13          -0.058          -0.026      0.15304304     0.056859044     0.054287403     -0.42551143
           0.13          -0.058          -0.022      0.28997856      0.04220881     0.046420465     -0.42231502
           0.13          -0.058          -0.018      0.43708634     0.023162995     0.043298787     -0.41914973
           0.13          -0.058          -0.014      0.58267285    0.0016761679      0.04473159     -0.41647713
           0.13          -0.058           -0.01      0.71154607    -0.020120043     0.047197035     -0.41468945
           0.13          -0.058          -0.006      0.80541638    -0.041891166     0.045935844     -0.41318054
           0.13          -0.058          -0.002      0.84978211    -0.058436922     0.034643792     -0.41283928
           0.13          -0.058           0.002      0.86134129    -0.065017542    0.0088845505     -0.41478514
           0.13          -0.058           0.006      0.83968158    -0.058110446    -0.017833504     -0.41964035
           0.13          -0.058            0.01      0.75821617    -0.032767498    -0.033290038     -0.42624847
           0.13          -0.058           0.014      0.63416765    0.0036625761    -0.036782312     -0.43239792
           0.13          -0.058           0.018      0.50397135     0.033608502    -0.031303326     -0.43786275
           0.13          -0.058           0.022      0.38877357     0.045444832    -0.022986068     -0.44528817
           0.13          -0.058           0.026      0.28867827     0.039432076    -0.023418767     -0.45383835
           0.13          -0.058            0.03      0.19011112      0.02962883    -0.035226445     -0.46154434
           0.13          -0.058           0.034     0.084196754     0.029957273    -0.052232595     -0.46688401
           0.13          -0.058           0.038    -0.028207322     0.046448627    -0.068658449     -0.46838953
           0.13          -0.058           0.042     -0.13782915     0.077348777    -0.080046241     -0.46494698
           0.13          -0.058           0.046       -0.229343      0.11196725    -0.084005659     -0.45758242
           0.13          -0.058            0.05     -0.29282395      0.13751403    -0.083610426     -0.44957906
           0.13          -0.058           0.054     -0.33339496      0.15156389    -0.083276093     -0.44229366
           0.13          -0.058           0.058     -0.36049648        0.157579    -0.084170862     -0.43594564
           0.13          -0.058           0.062     -0.38050635      0.15916277    -0.086055622     -0.43041162
           0.13          -0.058           0.066     -0.39682372      0.15838357    -0.088723298     -0.42538327
           0.13          -0.058            0.07     -0.41089334      0.15648366    -0.091857086     -0.42063085
           0.13          -0.058           0.074     -0.42329303      0.15436676    -0.095209686     -0.41592373
           0.13          -0.058           0.078     -0.43398267      0.15276248    -0.098512378     -0.41101845
           0.13          -0.058           0.082     -0.44232993      0.15259143     -0.10135451     -0.40564703
           0.13          -0.058           0.086     -0.44648338      0.15558538     -0.10330701     -0.39971487
           0.13          -0.058            0.09     -0.43864349       0.1655123     -0.10243429     -0.39269898
           0.13          -0.058           0.094     -0.38992371      0.18451198    -0.088257825     -0.38365732
           0.13          -0.058           0.098     -0.19391033      0.19124988    -0.045235563     -0.37928926
           0.13          -0.054          -0.098     -0.31922727     0.081775051     0.025002014     -0.43531681
           0.13          -0.054          -0.094     -0.38331217     0.071538461      0.06366282     -0.44517754
           0.13          -0.054           -0.09     -0.35609411     0.031827907      0.10496147     -0.45269638
           0.13          -0.054          -0.086     -0.29677763    0.0023627981      0.12215043     -0.45527084
           0.13          -0.054          -0.082     -0.24828285     -0.00196214      0.11261232     -0.45536259
           0.13          -0.054          -0.078     -0.22583545    0.0070503118     0.086328647     -0.45428889
           0.13          -0.054          -0.074     -0.22329763    0.0099452864     0.065263694     -0.45311154
           0.13          -0.054           -0.07     -0.23024474    0.0065987967     0.059848606     -0.45102982
           0.13          -0.054          -0.066      -0.2411421    0.0055246834     0.064511245     -0.44771249
           0.13          -0.054          -0.062     -0.24992619    0.0099645302      0.07339635     -0.44407554
           0.13          -0.054          -0.058     -0.25216753     0.018806511       0.0823518     -0.44087576
           0.13          -0.054          -0.054     -0.24432349     0.030182895     0.088713723     -0.43846402
           0.13          -0.054           -0.05     -0.22403813     0.042426824     0.091154132     -0.43682054
           0.13          -0.054          -0.046     -0.18894457      0.05407594     0.089132125      -0.4356128
           0.13          -0.054          -0.042     -0.13614314     0.063623316     0.082715202     -0.43436082
           0.13          -0.054          -0.038    -0.061669913     0.069314401     0.072634486      -0.4325824
           0.13          -0.054          -0.034     0.039068374     0.069285153     0.060520129     -0.42991347
           0.13          -0.054           -0.03       0.1693929     0.062023908      0.04904444     -0.42627632
           0.13          -0.054          -0.026      0.32806417     0.046903507     0.041641109     -0.42191488
           0.13          -0.054          -0.022      0.50743899     0.025611256     0.040602576     -0.41767255
           0.13          -0.054          -0.018      0.69524306   0.00079960666     0.045763744     -0.41395013
           0.13          -0.054          -0.014      0.87536739    -0.023504249     0.054826653     -0.41091682
           0.13          -0.054           -0.01       1.0265832     -0.04313181     0.061976634     -0.40903775
           0.13          -0.054          -0.006       1.1157085    -0.058613861     0.062649758     -0.40697954
           0.13          -0.054          -0.002       1.1182675    -0.063689171     0.048391673     -0.40687491
           0.13          -0.054           0.002       1.1115569    -0.060227216     0.014241339     -0.40893305
           0.13          -0.054           0.006        1.109603    -0.055497075     -0.01886023     -0.41366162
           0.13          -0.054            0.01       1.0346858    -0.043585972    -0.035566358     -0.42144315
           0.13          -0.054           0.014      0.89187583      -0.0202002     -0.04013586      -0.4301039
           0.13          -0.054           0.018      0.72933046    0.0022522388    -0.040241064      -0.4370201
           0.13          -0.054           0.022      0.57012797      0.01619102    -0.040415492     -0.44461425
           0.13          -0.054           0.026      0.42121694     0.019447289    -0.047575611     -0.45253659
           0.13          -0.054            0.03      0.28160786     0.019389197    -0.061497764      -0.4597038
           0.13          -0.054           0.034      0.14866443     0.026150764    -0.077086343     -0.46449645
           0.13          -0.054           0.038     0.022021622     0.045965018    -0.089218673      -0.4656539
           0.13          -0.054           0.042    -0.093128738     0.077207504    -0.094877766     -0.46261738
           0.13          -0.054           0.046     -0.18711504      0.11106185    -0.093571661     -0.45627067
           0.13          -0.054            0.05     -0.25392428      0.13695527    -0.089040676     -0.44912328
           0.13          -0.054           0.054     -0.29787065       0.1519478    -0.085446441      -0.4424929
           0.13          -0.054           0.058     -0.32723397      0.15868641     -0.08392373     -0.43667191
           0.13          -0.054           0.062     -0.34840759      0.16065667    -0.084244889     -0.43163809
           0.13          -0.054           0.066     -0.36517114      0.15997513    -0.085658411     -0.42719968
           0.13          -0.054            0.07     -0.37915395       0.1579915    -0.087915819     -0.42301325
           0.13          -0.054           0.074     -0.39102653      0.15557725    -0.090565289     -0.41888383
           0.13          -0.054           0.078     -0.40077344      0.15338782    -0.093225058     -0.41457092
           0.13          -0.054           0.082     -0.40774954      0.15222737    -0.095388183     -0.40982954
           0.13          -0.054           0.086     -0.41012475      0.15368046    -0.096528523     -0.40456486
           0.13          -0.054            0.09      -0.4004811      0.16170439    -0.094525018      -0.3982152
           0.13          -0.054           0.094     -0.35099285      0.18073394    -0.079774813     -0.39012281
           0.13          -0.054           0.098     -0.17246896      0.19268621     -0.04134504     -0.38640306
           0.13           -0.05          -0.098     -0.27552378     0.050312808     0.036183667     -0.46041979
           0.13           -0.05          -0.094     -0.30129622    0.0022385026      0.11583852      -0.4697954
           0.13           -0.05           -0.09     -0.23853075    -0.034746438      0.13549991     -0.47204873
           0.13           -0.05          -0.086     -0.16895293    -0.028094994      0.10529141     -0.46913976
           0.13           -0.05          -0.082     -0.13361458    0.0063317987     0.063076298     -0.46574962
           0.13           -0.05          -0.078      -0.1200557     0.022776186      0.03686458     -0.46344486
           0.13           -0.05          -0.074     -0.11228081     0.012025412      0.02905081     -0.46164596
           0.13           -0.05           -0.07     -0.11767205   -0.0040211608     0.028917725     -0.45913098
           0.13           -0.05          -0.066     -0.13566426   -0.0099175035     0.034713804     -0.45533631
           0.13           -0.05          -0.062     -0.15621049   -0.0042206437      0.04463081     -0.45061541
           0.13           -0.05          -0.058      -0.1695709    0.0082896845      0.05574252     -0.44619784
           0.13           -0.05          -0.054     -0.16948079     0.023966822     0.064902201     -0.44276055
           0.13           -0.05           -0.05     -0.15161681     0.040098045     0.069498136     -0.44026831
           0.13           -0.05          -0.046     -0.11248428     0.054484785      0.06835346     -0.43821663
           0.13           -0.05          -0.042    -0.047758139      0.06508336     0.061696637     -0.43589507
           0.13           -0.05          -0.038     0.048381623     0.069784554     0.051142266     -0.43267469
           0.13           -0.05          -0.034      0.18190722     0.066536384     0.039770407      -0.4282279
           0.13           -0.05           -0.03      0.35517221     0.054036955     0.031569339     -0.42279366
           0.13           -0.05          -0.026      0.56278286     0.032580028     0.030534135     -0.41691392
           0.13           -0.05          -0.022       0.7916576    0.0060342553     0.037373505     -0.41178781
           0.13           -0.05          -0.018       1.0271617    -0.021766939     0.049683418     -0.40736635
           0.13           -0.05          -0.014       1.2520596    -0.045469973     0.063877652      -0.4037655
           0.13           -0.05           -0.01       1.4408453    -0.061022088     0.072029953     -0.40289219
           0.13           -0.05          -0.006       1.5349524    -0.070695617     0.072772039      -0.4009511
           0.13           -0.05          -0.002       1.4569761    -0.065177077     0.054550014     -0.40133577
           0.13           -0.05           0.002       1.4498502    -0.053011302     0.014463204     -0.40531363
           0.13           -0.05           0.006       1.4863466    -0.049731313    -0.021296503     -0.41100793
           0.13           -0.05            0.01       1.4089989    -0.049138294     -0.03981377     -0.41792465
           0.13           -0.05           0.014       1.2278324    -0.035570853    -0.045056901     -0.42667262
           0.13           -0.05           0.018       1.0195023    -0.019860745    -0.047801037     -0.43419971
           0.13           -0.05           0.022      0.81010415    -0.005991089    -0.051402629      -0.4421903
           0.13           -0.05           0.026      0.60954501    0.0013972789    -0.061626769     -0.44948752
           0.13           -0.05            0.03      0.42396669    0.0062931467    -0.077188169     -0.45607661
           0.13           -0.05           0.034      0.25646251     0.016291048    -0.093167984     -0.46053964
           0.13           -0.05           0.038      0.10647603     0.037492041     -0.10410385     -0.46184658
           0.13           -0.05           0.042    -0.023825712     0.068850501     -0.10716714     -0.45952336
           0.13           -0.05           0.046     -0.12882568      0.10311802     -0.10282659     -0.45445751
           0.13           -0.05            0.05      -0.2048059      0.13103241     -0.09522769     -0.44837619
           0.13           -0.05           0.054     -0.25574234       0.1485952    -0.088716793     -0.44251117
           0.13           -0.05           0.058     -0.28964894       0.1573634    -0.084844403     -0.43727807
           0.13           -0.05           0.062     -0.31329893       0.1604122    -0.083291084     -0.43272202
           0.13           -0.05           0.066      -0.3310357      0.16045688    -0.083317977     -0.42872355
           0.13           -0.05            0.07      -0.3452643       0.1587815    -0.084527439     -0.42507145
           0.13           -0.05           0.074     -0.35678454      0.15631562    -0.086328677      -0.4215161
           0.13           -0.05           0.078     -0.36564133      0.15369243    -0.088276476     -0.41779631
           0.13           -0.05           0.082     -0.37114796      0.15161801    -0.089786352     -0.41368579
           0.13           -0.05           0.086     -0.37135314      0.15161077    -0.090253829     -0.40908796
           0.13           -0.05            0.09     -0.35881398      0.15806597    -0.087418316     -0.40344536
           0.13           -0.05           0.094     -0.30490228      0.17772992     -0.07208208     -0.39634504
           0.13           -0.05           0.098     -0.13710532      0.19206533    -0.036385853     -0.39351174
           0.13          -0.046          -0.098    -0.075815506    0.0063798711     0.047600227     -0.47661122
           0.13          -0.046          -0.094    -0.078588824    -0.012168959       0.1080691     -0.48449089
           0.13          -0.046           -0.09    -0.042977407   -0.0093595673     0.051056251     -0.48101757
           0.13          -0.046          -0.086    -0.029427951    0.0066274478    -0.024755647     -0.47555704
           0.13          -0.046          -0.082    -0.025253313     0.015778002    -0.004608607     -0.47171772
           0.13          -0.046          -0.078    -0.014098117     0.014804971     0.010329839     -0.46857996
           0.13          -0.046          -0.074   -0.0073689372   -0.0035016819     0.019806813     -0.46582366
           0.13          -0.046           -0.07    -0.014541776    -0.021266817     0.022670306     -0.46243669
           0.13          -0.046          -0.066    -0.035437619    -0.027253036     0.024620608      -0.4580065
           0.13          -0.046          -0.062    -0.061297568    -0.020735058      0.02973891     -0.45297954
           0.13          -0.046          -0.058    -0.080711292   -0.0049498939     0.037516193     -0.44837455
           0.13          -0.046          -0.054    -0.084291423     0.015201031     0.045072125     -0.44480049
           0.13          -0.046           -0.05    -0.065106753     0.035684505      0.04876031     -0.44210492
           0.13          -0.046          -0.046    -0.017357987     0.052993389     0.046549385     -0.43954345
           0.13          -0.046          -0.042     0.065481535     0.064362526     0.038902649     -0.43619527
           0.13          -0.046          -0.038       0.1910544     0.067443054     0.028458206     -0.43142678
           0.13          -0.046          -0.034      0.36571541     0.060596546     0.019453785     -0.42518675
           0.13          -0.046           -0.03      0.58970957      0.04364638     0.016004479       -0.418243
           0.13          -0.046          -0.026      0.85309968     0.017805072     0.021586842     -0.41080989
           0.13          -0.046          -0.022       1.1373416    -0.010071941      0.03460463     -0.40445907
           0.13          -0.046          -0.018       1.4283271    -0.035589319     0.050838707     -0.39852609
           0.13          -0.046          -0.014       1.7071984    -0.051659228     0.062984209     -0.39357795
           0.13          -0.046           -0.01       1.9644695    -0.052270068     0.065930581     -0.39076147
           0.13          -0.046          -0.006       2.1116099    -0.052230302     0.072988257      -0.3860066
           0.13          -0.046          -0.002       1.8416491    -0.052625442     0.041363705     -0.39129401
           0.13          -0.046           0.002       1.9454336    -0.025550759  -0.00087995921      -0.3956248
           0.13          -0.046           0.006       2.0554928    -0.013750292     -0.01748986     -0.40037376
           0.13          -0.046            0.01       1.9193121    -0.029277173    -0.033064517     -0.40826613
           0.13          -0.046           0.014       1.6494407    -0.036458027    -0.040308731     -0.42065613
           0.13          -0.046           0.018       1.3819095    -0.030315713    -0.047463333     -0.42842226
           0.13          -0.046           0.022       1.1140742    -0.019322003    -0.051424099     -0.43748353
           0.13          -0.046           0.026      0.85677245    -0.011411447    -0.062091938     -0.44446534
           0.13          -0.046            0.03      0.62153661   -0.0052946591    -0.078411913     -0.45051354
           0.13          -0.046           0.034      0.41524941    0.0047539485    -0.095908516     -0.45463295
           0.13          -0.046           0.038      0.23509009     0.024693025     -0.10854048     -0.45634099
           0.13          -0.046           0.042     0.080124589     0.054494808     -0.11287028     -0.45505314
           0.13          -0.046           0.046    -0.045977004     0.088885674     -0.10877334     -0.45151807
           0.13          -0.046            0.05     -0.13963181      0.11955164     -0.10019222     -0.44688497
           0.13          -0.046           0.054     -0.20346235      0.14100688    -0.091848166     -0.44207948
           0.13          -0.046           0.058     -0.24557582      0.15307355    -0.086053396     -0.43758205
           0.13          -0.046           0.062     -0.27391105      0.15835893    -0.082815725     -0.43353208
           0.13          -0.046           0.066     -0.29386426      0.15962841    -0.081589631     -0.42996831
           0.13          -0.046            0.07     -0.30888244       0.1586588    -0.081628275     -0.42683857
           0.13          -0.046           0.074     -0.32034487      0.15644766    -0.082500085     -0.42382128
           0.13          -0.046           0.078     -0.32844148      0.15363395    -0.083698254     -0.42067709
           0.13          -0.046           0.082     -0.33243753      0.15084461    -0.084619566       -0.417177
           0.13          -0.046           0.086     -0.33002682      0.14958998    -0.084587175     -0.41321501
           0.13          -0.046            0.09     -0.31281299      0.15498126    -0.081102624     -0.40828826
           0.13          -0.046           0.094     -0.25152838      0.17622173    -0.065068561     -0.40221852
           0.13          -0.046           0.098    -0.092513446      0.19236903    -0.031562622     -0.40024429
           0.13          -0.042          -0.098      0.16502394   -0.0072971173     0.045201505     -0.47391379
           0.13          -0.042          -0.094      0.19422863     0.043382305      0.12529431     -0.48196631
           0.13          -0.042           -0.09      0.14437592     0.041565466      0.11994929     -0.47845151
           0.13          -0.042          -0.086       0.1066272    0.0072106584     0.078308332      -0.4722706
           0.13          -0.042          -0.082     0.099990774    -0.015825888     0.054651485     -0.46885185
           0.13          -0.042          -0.078      0.10025285    -0.018737837     0.056224514     -0.46666231
           0.13          -0.042          -0.074     0.096069966    -0.027066355     0.059292435     -0.46411739
           0.13          -0.042           -0.07      0.08187014    -0.038933332     0.053982913      -0.4603782
           0.13          -0.042          -0.066     0.055279089    -0.043009274     0.043528299     -0.45582588
           0.13          -0.042          -0.062     0.026107294    -0.034137387     0.036789477     -0.45120234
           0.13          -0.042          -0.058    0.0057490484    -0.015564782     0.035500846     -0.44710073
           0.13          -0.042          -0.054    0.0040793463    0.0076011727     0.036318079     -0.44410744
           0.13          -0.042           -0.05     0.030611328     0.031129895     0.034915904     -0.44189634
           0.13          -0.042          -0.046     0.093915248     0.050290031     0.028761849     -0.43917437
           0.13          -0.042          -0.042       0.2019684     0.061384423     0.018821432     -0.43488866
           0.13          -0.042          -0.038      0.36308276     0.062449825      0.00858178     -0.42871642
           0.13          -0.042          -0.034      0.58350327     0.053205079     0.002450139     -0.42103699
           0.13          -0.042           -0.03      0.86316817     0.034858865     0.003167724     -0.41293795
           0.13          -0.042          -0.026       1.1894745    0.0090113156     0.014294253     -0.40318058
           0.13          -0.042          -0.022       1.5346374    -0.014611666     0.031535395     -0.39518829
           0.13          -0.042          -0.018       1.8807903     -0.02740269     0.049364589     -0.38651856
           0.13          -0.042          -0.014       2.1936779    -0.024596956      0.06206626     -0.37844908
           0.13          -0.042           -0.01       2.4198985    -0.015256959     0.053802348     -0.37813613
           0.13          -0.042          -0.006       2.5388801   -0.0068621316     0.049068073     -0.37607949
           0.13          -0.042          -0.002       2.1276251    -0.035261221    0.0086948369     -0.38361312
           0.13          -0.042           0.002       2.5122491    0.0078619574   -0.0087488017     -0.38474826
           0.13          -0.042           0.006        2.497785     0.024806145   -0.0061740683     -0.39264146
           0.13          -0.042            0.01       2.3823594     0.015858477    -0.027800294      -0.3960685
           0.13          -0.042           0.014       2.1333507   -0.0088681297    -0.035116893     -0.40782939
           0.13          -0.042           0.018       1.8138317    -0.022999858    -0.039593648     -0.41969996
           0.13          -0.042           0.022       1.4836744    -0.021264384     -0.04248999     -0.43046869
           0.13          -0.042           0.026       1.1605384    -0.016538157    -0.050417103     -0.43747889
           0.13          -0.042            0.03      0.87092925    -0.012114619    -0.066120485      -0.4432303
           0.13          -0.042           0.034      0.62580601   -0.0041417821    -0.084923104     -0.44705408
           0.13          -0.042           0.038      0.41383545     0.012584001      -0.1002973     -0.44921885
           0.13          -0.042           0.042      0.22838742     0.038441466     -0.10853503     -0.44896929
           0.13          -0.042           0.046     0.071830892     0.070892502       -0.108057     -0.44702618
           0.13          -0.042            0.05    -0.049898232      0.10335416     -0.10147923     -0.44412736
           0.13          -0.042           0.054     -0.13564561      0.12914187    -0.093264761     -0.44079293
           0.13          -0.042           0.058     -0.19196802      0.14558284    -0.086638668     -0.43732558
           0.13          -0.042           0.062     -0.22852745      0.15407182    -0.082369742     -0.43398039
           0.13          -0.042           0.066     -0.25277457      0.15729129    -0.080029536     -0.43093248
           0.13          -0.042            0.07     -0.26954922      0.15744762     -0.07904087     -0.42826951
           0.13          -0.042           0.074     -0.28143167      0.15583759    -0.079008728     -0.42577446
           0.13          -0.042           0.078     -0.28899765      0.15316942    -0.079500277     -0.42318808
           0.13          -0.042           0.082     -0.29152414      0.15001732     -0.07996221     -0.42026716
           0.13          -0.042           0.086     -0.28616643      0.14793912    -0.079684108      -0.4168784
           0.13          -0.042            0.09     -0.26292093      0.15292842    -0.075895987     -0.41260176
           0.13          -0.042           0.094     -0.19172659      0.17648865    -0.059439137     -0.40749598
           0.13          -0.042           0.098    -0.040444527      0.19599261    -0.027275177     -0.40606426
           0.13          -0.038          -0.098       0.3006796    -0.082667813     0.016183685     -0.44732945
           0.13          -0.038          -0.094      0.34650429    -0.035389922     0.082859329     -0.45328317
           0.13          -0.038           -0.09       0.3217693  -0.00079997233      0.13765471      -0.4553639
           0.13          -0.038          -0.086      0.28366859   1.5132997e-06      0.16735214      -0.4557882
           0.13          -0.038          -0.082      0.24995007       -0.015416        0.176899     -0.45523136
           0.13          -0.038          -0.078      0.22565741    -0.029219703      0.17340633      -0.4541376
           0.13          -0.038          -0.074      0.20434056    -0.035653854      0.16344042     -0.45284335
           0.13          -0.038           -0.07      0.17922676    -0.040693688      0.13632897     -0.45080271
           0.13          -0.038          -0.066      0.14394645    -0.042059075     0.099506657     -0.44843644
           0.13          -0.038          -0.062      0.10664032    -0.034841874     0.069378572     -0.44568937
           0.13          -0.038          -0.058     0.084773355    -0.018398134     0.051991051     -0.44315216
           0.13          -0.038          -0.054      0.08948727    0.0046569355     0.040986666      -0.4413997
           0.13          -0.038           -0.05      0.13145222     0.028975109     0.030264357     -0.43997814
           0.13          -0.038          -0.046      0.21903051     0.047731395     0.017262854     -0.43716253
           0.13          -0.038          -0.042      0.35853001     0.057076643    0.0036877547     -0.43211819
           0.13          -0.038          -0.038      0.55696748     0.056094661   -0.0068149275     -0.42496698
           0.13          -0.038          -0.034      0.82207383     0.046384901    -0.010726308     -0.41636095
           0.13          -0.038           -0.03       1.1596491       0.0310269   -0.0066937277     -0.40751804
           0.13          -0.038          -0.026         1.56023    0.0084845366    0.0097354908     -0.39582828
           0.13          -0.038          -0.022       1.9649611   -0.0024466067     0.033715003     -0.38438706
           0.13          -0.038          -0.018       2.3096544   0.00093968032     0.053328625     -0.37415472
           0.13          -0.038          -0.014        2.482506    0.0073018484     0.052468122     -0.37264797
           0.13          -0.038           -0.01       2.5546993    0.0045738388     0.038478037     -0.37198372
           0.13          -0.038          -0.006       2.5990496      0.01318078     0.031335552     -0.36880862
           0.13          -0.038          -0.002       2.3041396    -0.023635504     0.009846413     -0.37433656
           0.13          -0.038           0.002       2.6113252     0.007347082    -0.018096258     -0.37317035
           0.13          -0.038           0.006       2.5909996     0.028927937   -0.0049229529     -0.38242555
           0.13          -0.038            0.01       2.5331387     0.031600309     -0.01828814     -0.38482996
           0.13          -0.038           0.014       2.4566948     0.024783104    -0.025150436       -0.395896
           0.13          -0.038           0.018       2.2704817     0.009900214    -0.035780695     -0.40250651
           0.13          -0.038           0.022       1.9159561   -0.0057069151     -0.02940955     -0.41696428
           0.13          -0.038           0.026       1.5137332    -0.011888789    -0.028501629     -0.42756657
           0.13          -0.038            0.03       1.1630901    -0.012270042    -0.043589768     -0.43384397
           0.13          -0.038           0.034      0.88477143    -0.007957108    -0.063266371     -0.43797201
           0.13          -0.038           0.038      0.64475594    0.0049845582    -0.080396794     -0.44091006
           0.13          -0.038           0.042      0.42749205     0.025515574    -0.092673498     -0.44153532
           0.13          -0.038           0.046      0.23423981      0.05338389    -0.097616642     -0.44100601
           0.13          -0.038            0.05     0.074453262     0.084901217    -0.096090379     -0.43984252
           0.13          -0.038           0.054    -0.044512007        0.113797     -0.09085184     -0.43827605
           0.13          -0.038           0.058     -0.12434626      0.13496409    -0.085235207     -0.43626835
           0.13          -0.038           0.062     -0.17478796      0.14744346    -0.080981059     -0.43391253
           0.13          -0.038           0.066     -0.20650782      0.15329171    -0.078183246     -0.43150914
           0.13          -0.038            0.07     -0.22671111      0.15503559    -0.076523749     -0.42932116
           0.13          -0.038           0.074     -0.23976589      0.15440311    -0.075783077     -0.42734349
           0.13          -0.038           0.078     -0.24716546      0.15227535    -0.075723492     -0.42529432
           0.13          -0.038           0.082     -0.24834871      0.14927199    -0.075928962     -0.42290696
           0.13          -0.038           0.086     -0.23987306      0.14711548    -0.075736565     -0.42000102
           0.13          -0.038            0.09     -0.20977278      0.15288833    -0.072319129     -0.41626823
           0.13          -0.038           0.094      -0.1280269      0.17983178    -0.056881343     -0.41196291
           0.13          -0.038           0.098     0.012184804       0.2040313    -0.026301861     -0.41041699
           0.13          -0.034          -0.098      0.29190888    -0.081978542   -0.0030925561     -0.42837457
           0.13          -0.034          -0.094      0.36030403    -0.082626204     0.014045032     -0.43153424
           0.13          -0.034           -0.09      0.36012848    -0.081257472     0.055581769     -0.43264705
           0.13          -0.034          -0.086      0.34415568     -0.08498459     0.099465927     -0.43403939
           0.13          -0.034          -0.082      0.32482982    -0.087499825      0.13901764     -0.43682942
           0.13          -0.034          -0.078      0.30936416    -0.083149507      0.17095967      -0.4402004
           0.13          -0.034          -0.074      0.29306025    -0.068285879      0.19167693     -0.44251335
           0.13          -0.034           -0.07      0.26801881    -0.045291673      0.19015138     -0.44298659
           0.13          -0.034          -0.066      0.22830748    -0.027450188      0.16145829      -0.4413914
           0.13          -0.034          -0.062      0.18294931    -0.018538394      0.11625255     -0.43927973
           0.13          -0.034          -0.058      0.15680385   -0.0078556425     0.080389632     -0.43816332
           0.13          -0.034          -0.054      0.17180201     0.010520661      0.05454867     -0.43791522
           0.13          -0.034           -0.05      0.23937521     0.031745595     0.031571711     -0.43712837
           0.13          -0.034          -0.046      0.36109234     0.047246461     0.010104336     -0.43404603
           0.13          -0.034          -0.042      0.53583041     0.053283156   -0.0076144025     -0.42835112
           0.13          -0.034          -0.038      0.76739791       0.0501732     -0.01898706     -0.42036766
           0.13          -0.034          -0.034       1.0671576     0.042054108    -0.021705637     -0.41052014
           0.13          -0.034           -0.03       1.4562751     0.033367499     -0.01605146     -0.40146959
           0.13          -0.034          -0.026        1.949657     0.023225057     0.012332224     -0.38489959
           0.13          -0.034          -0.022       2.3667537     0.025133134     0.043463064     -0.37271306
           0.13          -0.034          -0.018       2.5302091     0.021940335     0.049343284     -0.36931846
           0.13          -0.034          -0.014       2.5555741      0.01795313     0.042451366     -0.36558278
           0.13          -0.034           -0.01       2.5731461     0.014426227     0.034910605     -0.36433783
           0.13          -0.034          -0.006       2.5976762     0.021612852     0.025748369     -0.36174778
           0.13          -0.034          -0.002       2.4234486   -0.0043872363     0.021816324     -0.36540096
           0.13          -0.034           0.002       2.5864152     0.017803798    -0.024038842      -0.3633187
           0.13          -0.034           0.006       2.5979406     0.027918883   -0.0064795051     -0.37277215
           0.13          -0.034            0.01       2.5605858     0.035540848    -0.018269839     -0.37444583
           0.13          -0.034           0.014       2.5439143     0.034258965    -0.018684739     -0.38354487
           0.13          -0.034           0.018       2.5185921     0.032992467    -0.027808582     -0.39042632
           0.13          -0.034           0.022       2.3411325     0.025045775    -0.023244011     -0.39685982
           0.13          -0.034           0.026       1.8891451    0.0070229465   -0.0070191612     -0.41092826
           0.13          -0.034            0.03       1.4827575   -0.0020742829    -0.018288929     -0.42033764
           0.13          -0.034           0.034       1.1911078   -0.0036191307    -0.037801637     -0.42595447
           0.13          -0.034           0.038      0.93024889    0.0045730055    -0.053177245     -0.43103211
           0.13          -0.034           0.042      0.68034826      0.01947193    -0.066822949     -0.43291614
           0.13          -0.034           0.046      0.44611277     0.041180389    -0.076324812     -0.43376703
           0.13          -0.034            0.05      0.24094077     0.068482219    -0.081371638     -0.43419549
           0.13          -0.034           0.054     0.078123097     0.097287213    -0.082121192     -0.43439615
           0.13          -0.034           0.058     -0.03671563      0.12192135     -0.08023753     -0.43411731
           0.13          -0.034           0.062     -0.10962423      0.13859316     -0.07773773     -0.43311014
           0.13          -0.034           0.066     -0.15357115      0.14762276    -0.075561281     -0.43157468
           0.13          -0.034            0.07     -0.17977501      0.15138905    -0.073882985     -0.42994065
           0.13          -0.034           0.074     -0.19515786      0.15210888    -0.072839038     -0.42846579
           0.13          -0.034           0.078     -0.20293373      0.15096766     -0.07251565     -0.42692199
           0.13          -0.034           0.082     -0.20299113      0.14876272    -0.072750311     -0.42501358
           0.13          -0.034           0.086     -0.19130484      0.14768433     -0.07300693     -0.42248645
           0.13          -0.034            0.09     -0.15357731      0.15647434    -0.070921866     -0.41924029
           0.13          -0.034           0.094    -0.059739449      0.18849975    -0.058700914     -0.41573726
           0.13          -0.034           0.098     0.067207718      0.20359761    -0.027156241      -0.4133925
           0.13           -0.03          -0.098      0.26386673    -0.060000423   0.00096147821     -0.42005739
           0.13           -0.03          -0.094      0.32973884    -0.080731445     0.014871404     -0.42140607
           0.13           -0.03           -0.09      0.33479738    -0.097441087     0.033986825     -0.42250705
           0.13           -0.03          -0.086      0.32883758     -0.10971842      0.05951491     -0.42457731
           0.13           -0.03          -0.082      0.32348931     -0.11647419     0.089157805     -0.42809398
           0.13           -0.03          -0.078      0.31992681     -0.11371868      0.11962056     -0.43262507
           0.13           -0.03          -0.074      0.31584368     -0.09588457      0.14626767     -0.43698198
           0.13           -0.03           -0.07       0.3082935    -0.062692456      0.16699218     -0.43901367
           0.13           -0.03          -0.066      0.28837469    -0.024279572      0.16841797     -0.43864948
           0.13           -0.03          -0.062      0.24902276    0.0013323645      0.14227136     -0.43682789
           0.13           -0.03          -0.058       0.2243378     0.013026908      0.10244311     -0.43518286
           0.13           -0.03          -0.054      0.25914695     0.025529198     0.064467874     -0.43507939
           0.13           -0.03           -0.05      0.36691679     0.040409548     0.030464834     -0.43418417
           0.13           -0.03          -0.046       0.5328435     0.050196774    0.0025175543     -0.43050143
           0.13           -0.03          -0.042      0.74502055     0.051830472    -0.016803093     -0.42403349
           0.13           -0.03          -0.038       1.0015299     0.046060313    -0.026866496     -0.41508482
           0.13           -0.03          -0.034       1.3108123     0.038615698    -0.026973696     -0.40371442
           0.13           -0.03           -0.03       1.7052311     0.037074598    -0.019512668     -0.39424951
           0.13           -0.03          -0.026        2.245468     0.046946268     0.016819202     -0.37453064
           0.13           -0.03          -0.022       2.5614308     0.038633676     0.038709365     -0.37014354
           0.13           -0.03          -0.018       2.5901979      0.02483085     0.036368908      -0.3636783
           0.13           -0.03          -0.014       2.5778647     0.019275749     0.033161917     -0.35916171
           0.13           -0.03           -0.01       2.5804052     0.018302969     0.030161826     -0.35689174
           0.13           -0.03          -0.006       2.5986318     0.023417773     0.023410044       -0.353774
           0.13           -0.03          -0.002       2.5144232     0.014757758     0.021577102     -0.35605366
           0.13           -0.03           0.002       2.5296864     0.026573615     -0.02311808     -0.35350141
           0.13           -0.03           0.006       2.5990351     0.023835504   -0.0074388813      -0.3622191
           0.13           -0.03            0.01        2.569015     0.035121051     -0.01803769      -0.3642744
           0.13           -0.03           0.014       2.5658653     0.033871798    -0.017112331     -0.37286224
           0.13           -0.03           0.018        2.576357     0.033231292    -0.020810077     -0.37915776
           0.13           -0.03           0.022       2.5379374      0.03100258    -0.018340109     -0.38806361
           0.13           -0.03           0.026       2.2124084     0.025646673    -0.003694411     -0.39726805
           0.13           -0.03            0.03       1.8258545    0.0049701993   -0.0094779697     -0.41040172
           0.13           -0.03           0.034       1.5611939     0.001267793    -0.021051265     -0.41642935
           0.13           -0.03           0.038       1.2804111    0.0082588635    -0.027109935     -0.42155289
           0.13           -0.03           0.042       0.9885112     0.019562464    -0.035838999     -0.42433135
           0.13           -0.03           0.046      0.70557298     0.036372915    -0.046336022      -0.4261684
           0.13           -0.03            0.05      0.44932389     0.058224656    -0.056958189     -0.42786722
           0.13           -0.03           0.054      0.23586349     0.083441222    -0.065244721     -0.42951157
           0.13           -0.03           0.058     0.076064303       0.1084116    -0.069945148      -0.4308757
           0.13           -0.03           0.062    -0.029481082      0.12815122    -0.071672158     -0.43139683
           0.13           -0.03           0.066    -0.092437096      0.14042575    -0.071697784     -0.43097648
           0.13           -0.03            0.07     -0.12819258      0.14656955    -0.071001074     -0.43002972
           0.13           -0.03           0.074     -0.14763402      0.14901174    -0.070310993     -0.42905017
           0.13           -0.03           0.078     -0.15654035      0.14933933    -0.070191098     -0.42798241
           0.13           -0.03           0.082     -0.15573419      0.14876113    -0.070850654     -0.42649394
           0.13           -0.03           0.086     -0.14052031       0.1505621    -0.071909807     -0.42423951
           0.13           -0.03            0.09    -0.092988819      0.16645628    -0.071928539     -0.42137266
           0.13           -0.03           0.094     0.017317967      0.20568281    -0.066736354     -0.41895975
           0.13           -0.03           0.098      0.12418636      0.19577407    -0.023504677     -0.41600397
           0.13          -0.026          -0.098      0.25143598    -0.058761504    0.0064493167     -0.41537791
           0.13          -0.026          -0.094      0.29818888     -0.08691774      0.01275339     -0.41604408
           0.13          -0.026           -0.09      0.29799689     -0.10324632     0.019518211     -0.41771802
           0.13          -0.026          -0.086      0.29543355     -0.11924807     0.032373382     -0.42049668
           0.13          -0.026          -0.082      0.29682396     -0.13159918     0.052087796     -0.42438828
           0.13          -0.026          -0.078      0.30299284     -0.13226883     0.076530799     -0.42934938
           0.13          -0.026          -0.074      0.31146422     -0.11505585      0.10105181     -0.43457891
           0.13          -0.026           -0.07      0.31749708    -0.078247702      0.12222594      -0.4383698
           0.13          -0.026          -0.066      0.31347575    -0.029382431      0.13499618     -0.43920091
           0.13          -0.026          -0.062      0.29517124     0.011702321        0.128178      -0.4374724
           0.13          -0.026          -0.058      0.29395357     0.033098107     0.098245721     -0.43510389
           0.13          -0.026          -0.054       0.3724213     0.044119893     0.056183023     -0.43367565
           0.13          -0.026           -0.05      0.53594572     0.052390665     0.017717549     -0.43165195
           0.13          -0.026          -0.046      0.75456285      0.05554366    -0.010207161      -0.4270847
           0.13          -0.026          -0.042       1.0113619     0.051274618    -0.025171315     -0.41973321
           0.13          -0.026          -0.038       1.2972607     0.040897172    -0.027191684     -0.41007931
           0.13          -0.026          -0.034       1.6073247     0.027543785     -0.01971692     -0.39973347
           0.13          -0.026           -0.03        1.959335     0.025357197   -0.0030507206      -0.3885688
           0.13          -0.026          -0.026       2.3403286     0.039329571     0.029713472     -0.37414024
           0.13          -0.026          -0.022       2.5200778     0.037018479     0.037499994     -0.36599787
           0.13          -0.026          -0.018       2.5849932     0.026974236     0.035450321     -0.35797441
           0.13          -0.026          -0.014       2.5914495     0.018081483      0.03051063     -0.35219066
           0.13          -0.026           -0.01       2.5957508     0.019245328     0.026595784     -0.34875108
           0.13          -0.026          -0.006       2.6123684     0.024578265     0.018896358     -0.34547939
           0.13          -0.026          -0.002       2.6084477     0.036522391     0.017428966      -0.3461481
           0.13          -0.026           0.002       2.4681914     0.032177855    -0.015278088     -0.34431295
           0.13          -0.026           0.006       2.6033365     0.023171111   -0.0080405711     -0.35138416
           0.13          -0.026            0.01        2.581515     0.035558588    -0.017414579      -0.3542274
           0.13          -0.026           0.014       2.5815499     0.032842943    -0.019121575     -0.36142978
           0.13          -0.026           0.018       2.5884145     0.032286609    -0.021372291     -0.36696537
           0.13          -0.026           0.022       2.5426067     0.029226145    -0.022690472     -0.37481464
           0.13          -0.026           0.026       2.4221215      0.03748008    -0.025905448     -0.38360054
           0.13          -0.026            0.03       2.3011547     0.027129717    -0.026624817     -0.39067744
           0.13          -0.026           0.034       2.0555358     0.022561384    -0.013378138     -0.39676255
           0.13          -0.026           0.038       1.7093776     0.020660472   -0.0010295077     -0.40745645
           0.13          -0.026           0.042       1.3502535     0.028613454   -0.0014882848     -0.41251592
           0.13          -0.026           0.046       1.0041881     0.040326243   -0.0097929736     -0.41737416
           0.13          -0.026            0.05      0.69015373     0.056765955    -0.024364668      -0.4210166
           0.13          -0.026           0.054      0.42302449      0.07620127    -0.040167183     -0.42405943
           0.13          -0.026           0.058      0.21377759     0.097719308    -0.053209817     -0.42682449
           0.13          -0.026           0.062     0.067632955      0.11768224    -0.061799563     -0.42877972
           0.13          -0.026           0.066      -0.0219507      0.13226959    -0.066154908     -0.42958485
           0.13          -0.026            0.07    -0.071738138      0.14081612    -0.067822307     -0.42946322
           0.13          -0.026           0.074    -0.097511295      0.14532628    -0.068423145     -0.42901328
           0.13          -0.026           0.078     -0.10845499      0.14769775    -0.069191805     -0.42840213
           0.13          -0.026           0.082     -0.10691222      0.14978103    -0.070790286      -0.4272532
           0.13          -0.026           0.086    -0.087145374      0.15690881    -0.072901166     -0.42521524
           0.13          -0.026            0.09    -0.027079157      0.18390651    -0.074252154     -0.42291717
           0.13          -0.026           0.094      0.09666844      0.22388786    -0.067466536     -0.42147561
           0.13          -0.026           0.098      0.18134766      0.17971689    -0.013840268     -0.41878772
           0.13          -0.022          -0.098      0.25595247    -0.057433522    0.0038084416      -0.4130656
           0.13          -0.022          -0.094      0.28171619     -0.07963252    -0.007793739     -0.41400395
           0.13          -0.022           -0.09      0.27772319     -0.10399444   -0.0086511994     -0.41600334
           0.13          -0.022          -0.086      0.27642759     -0.12991866     -0.00103731     -0.41813725
           0.13          -0.022          -0.082      0.28226903     -0.15033199     0.014950692     -0.42145058
           0.13          -0.022          -0.078      0.29633888     -0.15572219     0.035390721     -0.42640534
           0.13          -0.022          -0.074      0.31504961     -0.13960415     0.056403338     -0.43244898
           0.13          -0.022           -0.07       0.3311197     -0.09974301     0.074920261     -0.43793377
           0.13          -0.022          -0.066      0.33857765    -0.042684834      0.08725812     -0.44044088
           0.13          -0.022          -0.062      0.34384294     0.011468896     0.086383614     -0.43918335
           0.13          -0.022          -0.058      0.39285985      0.04398375     0.062014141     -0.43629893
           0.13          -0.022          -0.054      0.53650602     0.057522457     0.023879065     -0.43322891
           0.13          -0.022           -0.05      0.76044543     0.062768615    -0.009948936     -0.42972775
           0.13          -0.022          -0.046       1.0396897     0.061003884    -0.031258443     -0.42379176
           0.13          -0.022          -0.042       1.3582054     0.052757924    -0.035380597     -0.41475135
           0.13          -0.022          -0.038       1.6989753     0.040448782    -0.023846905     -0.40400599
           0.13          -0.022          -0.034       2.0542859     0.032355272    0.0026674431     -0.38856175
           0.13          -0.022           -0.03       2.3631341     0.031066291     0.030637519     -0.37620938
           0.13          -0.022          -0.026       2.4822377     0.034556846     0.040470303     -0.36651423
           0.13          -0.022          -0.022       2.4861735     0.032785492     0.039918373     -0.35824244
           0.13          -0.022          -0.018       2.5081227      0.02874868     0.041684144     -0.35068289
           0.13          -0.022          -0.014       2.5579689     0.023987922     0.035386562     -0.34424529
           0.13          -0.022           -0.01       2.6064992     0.024441078     0.028318218     -0.34009146
           0.13          -0.022          -0.006       2.6397441      0.02562111     0.017893723     -0.33648172
           0.13          -0.022          -0.002       2.6542274     0.048035171     0.012960948     -0.33621745
           0.13          -0.022           0.002       2.4251066     0.033648034   -0.0015427671      -0.3355028
           0.13          -0.022           0.006       2.6086032     0.025336035    -0.011137373     -0.34092932
           0.13          -0.022            0.01       2.6023299     0.036468456    -0.016141142     -0.34519468
           0.13          -0.022           0.014         2.60036     0.031874643     -0.01875629     -0.35132658
           0.13          -0.022           0.018       2.5760546     0.030974284    -0.017611452     -0.35749682
           0.13          -0.022           0.022       2.5050405     0.030046851    -0.023213411     -0.36484847
           0.13          -0.022           0.026       2.5362246     0.035772284    -0.031223455     -0.37209734
           0.13          -0.022            0.03       2.5985914     0.037049624    -0.024111211      -0.3796045
           0.13          -0.022           0.034       2.4663969     0.042817768    -0.015872068     -0.38211543
           0.13          -0.022           0.038       2.1531284     0.044188667    0.0072844082      -0.3893313
           0.13          -0.022           0.042       1.7353042     0.043430663     0.025764218     -0.40039787
           0.13          -0.022           0.046       1.3234607     0.052499804     0.025320202     -0.40765424
           0.13          -0.022            0.05      0.94647876     0.063968632     0.011158066     -0.41412259
           0.13          -0.022           0.054      0.62509758     0.077186383    -0.010005572      -0.4186038
           0.13          -0.022           0.058      0.36774254     0.092834067    -0.030893994     -0.42247717
           0.13          -0.022           0.062      0.17919566      0.10956311    -0.047708081     -0.42550648
           0.13          -0.022           0.066     0.057555625      0.12432559    -0.058509384     -0.42741256
           0.13          -0.022            0.07     -0.01093075      0.13469815     -0.06425556     -0.42814755
           0.13          -0.022           0.074    -0.045434988      0.14150435    -0.067378343     -0.42829062
           0.13          -0.022           0.078    -0.059193356      0.14661862    -0.070000192     -0.42809991
           0.13          -0.022           0.082    -0.056409289      0.15265305    -0.073231359     -0.42718473
           0.13          -0.022           0.086    -0.029816639      0.16704816    -0.076456702     -0.42528204
           0.13          -0.022            0.09     0.044988044      0.20165925    -0.077113272     -0.42353142
           0.13          -0.022           0.094      0.17059859       0.2259662    -0.051791806     -0.42249775
           0.13          -0.022           0.098      0.22005515      0.15985779   -0.0019105663     -0.42088298
           0.13          -0.018          -0.098      0.25658174    -0.041752702   -0.0092536801     -0.41252153
           0.13          -0.018          -0.094      0.27111145    -0.067996047    -0.025063664     -0.41416322
           0.13          -0.018           -0.09      0.26298374     -0.10295809    -0.030721433      -0.4158485
           0.13          -0.018          -0.086      0.26049064     -0.13869314    -0.027060005     -0.41717413
           0.13          -0.018          -0.082      0.27009723      -0.1667819     -0.01521288     -0.41967224
           0.13          -0.018          -0.078      0.29423065     -0.17716683  -0.00095413929     -0.42410637
           0.13          -0.018          -0.074      0.32835367     -0.16431808     0.012594734      -0.4301015
           0.13          -0.018           -0.07      0.36311448     -0.12511477      0.02462451     -0.43627797
           0.13          -0.018          -0.066      0.39274313    -0.063687372      0.03190218     -0.43998016
           0.13          -0.018          -0.062      0.43618041   0.00013415537     0.028041263     -0.43947134
           0.13          -0.018          -0.058      0.54627651     0.042647907     0.006526387     -0.43597844
           0.13          -0.018          -0.054      0.74893812     0.062791871    -0.023238242     -0.43146277
           0.13          -0.018           -0.05       1.0317921     0.070431996    -0.048390539     -0.42607482
           0.13          -0.018          -0.046       1.3809553      0.06863113    -0.058704223     -0.41694906
           0.13          -0.018          -0.042       1.7707061     0.060768601    -0.044894577      -0.4053968
           0.13          -0.018          -0.038       2.1549725     0.054692712   -0.0070636322     -0.38938176
           0.13          -0.018          -0.034       2.4270491      0.04633639     0.027709014     -0.37858651
           0.13          -0.018           -0.03       2.5379931     0.037851548     0.037723507     -0.37031886
           0.13          -0.018          -0.026       2.5620215     0.034546661     0.040269882     -0.36060262
           0.13          -0.018          -0.022       2.5515182     0.027736489     0.042906866     -0.35214894
           0.13          -0.018          -0.018       2.5250266     0.022288322     0.045359491     -0.34402261
           0.13          -0.018          -0.014       2.5145906     0.023976845      0.04233843     -0.33691275
           0.13          -0.018           -0.01       2.5827313     0.032061339     0.036392838     -0.33128773
           0.13          -0.018          -0.006       2.6408185     0.033815289     0.021077459     -0.32729769
           0.13          -0.018          -0.002       2.6386139     0.054236139    0.0037688188     -0.32554257
           0.13          -0.018           0.002       2.3885995     0.036729619     0.002171353     -0.32656072
           0.13          -0.018           0.006       2.5936337     0.035610125    -0.020642465     -0.33047084
           0.13          -0.018            0.01       2.6058363     0.035892414    -0.017203477     -0.33629502
           0.13          -0.018           0.014       2.6028607     0.028755162    -0.021396945     -0.34224163
           0.13          -0.018           0.018       2.5448146     0.030924931    -0.016804967     -0.34783922
           0.13          -0.018           0.022       2.5217915      0.03435118     -0.02301142     -0.35466139
           0.13          -0.018           0.026       2.6094165     0.031283681    -0.019276455     -0.36167232
           0.13          -0.018            0.03       2.6183994     0.030598762    -0.011198056     -0.36825228
           0.13          -0.018           0.034         2.57773     0.040949916   -0.0092102096     -0.37329036
           0.13          -0.018           0.038       2.4509462     0.054231917    0.0030961842     -0.37795271
           0.13          -0.018           0.042       2.1064136     0.059151191     0.031954002     -0.38546818
           0.13          -0.018           0.046       1.6394896     0.065362989     0.051369819     -0.39774681
           0.13          -0.018            0.05       1.1989457     0.076635012     0.042905552     -0.40681646
           0.13          -0.018           0.054      0.82350221     0.084796735     0.020301571      -0.4131593
           0.13          -0.018           0.058      0.52306271     0.094452403   -0.0057999732     -0.41818455
           0.13          -0.018           0.062      0.29694523      0.10584903    -0.030049251     -0.42188149
           0.13          -0.018           0.066      0.14317378      0.11827871    -0.048357878     -0.42457778
           0.13          -0.018            0.07     0.052866262      0.12929294    -0.059939534     -0.42606138
           0.13          -0.018           0.074    0.0076084176      0.13842139    -0.067082633     -0.42679012
           0.13          -0.018           0.078   -0.0092592324      0.14711627    -0.072711559     -0.42699573
           0.13          -0.018           0.082   -0.0032940639      0.15870446    -0.078302446     -0.42622761
           0.13          -0.018           0.086     0.035020361      0.18082011    -0.081651184     -0.42450084
           0.13          -0.018            0.09      0.12624943      0.21079364    -0.071255488      -0.4229215
           0.13          -0.018           0.094      0.23463819      0.21270823    -0.022706272     -0.42166151
           0.13          -0.018           0.098      0.24083469      0.14562844    0.0073957787      -0.4203812
           0.13          -0.014          -0.098      0.25611941    -0.017211605    -0.015231946     -0.41350251
           0.13          -0.014          -0.094      0.26276473    -0.054423642    -0.031514563     -0.41577786
           0.13          -0.014           -0.09      0.24944315     -0.09931884    -0.040085074     -0.41717158
           0.13          -0.014          -0.086      0.24338484     -0.14430879     -0.03914086     -0.41750522
           0.13          -0.014          -0.082      0.25436136     -0.17799521    -0.031789969     -0.41875878
           0.13          -0.014          -0.078      0.28749643      -0.1905902    -0.025988581     -0.42189072
           0.13          -0.014          -0.074      0.34009658     -0.18120569    -0.023422997     -0.42655789
           0.13          -0.014           -0.07      0.40330385     -0.14627181    -0.022389117     -0.43176741
           0.13          -0.014          -0.066      0.47240977    -0.086444009    -0.023633821     -0.43509801
           0.13          -0.014          -0.062      0.56583713    -0.018837188    -0.031191348     -0.43471695
           0.13          -0.014          -0.058      0.72666551     0.032326157    -0.048500302     -0.43119784
           0.13          -0.014          -0.054      0.97860496     0.060958925    -0.069258163     -0.42569467
           0.13          -0.014           -0.05       1.3213267       0.0735669    -0.083904555     -0.41817703
           0.13          -0.014          -0.046       1.7369982     0.069086529    -0.077908716     -0.40718306
           0.13          -0.014          -0.042       2.1715651     0.062170368    -0.036544335     -0.39168591
           0.13          -0.014          -0.038       2.4418181     0.046993908    0.0099981535     -0.38219075
           0.13          -0.014          -0.034        2.525836     0.035245289     0.028717707     -0.37280506
           0.13          -0.014           -0.03       2.5498222     0.029695169     0.034830923     -0.36406424
           0.13          -0.014          -0.026       2.5634398      0.02775913     0.038355866     -0.35463954
           0.13          -0.014          -0.022       2.5776768     0.023764746     0.042099372      -0.3459164
           0.13          -0.014          -0.018       2.5839367     0.021461758     0.044036817     -0.33752577
           0.13          -0.014          -0.014       2.5559695     0.023106965     0.048019384      -0.3294793
           0.13          -0.014           -0.01       2.5430271     0.039489767     0.052028171     -0.32206152
           0.13          -0.014          -0.006       2.5796474     0.052899376     0.040123473     -0.31772751
           0.13          -0.014          -0.002        2.522978     0.061551656    0.0070918231     -0.31453377
           0.13          -0.014           0.002       2.2868396     0.038476787   -0.0096107091     -0.31849548
           0.13          -0.014           0.006        2.471545     0.039580093    -0.045224427     -0.32179129
           0.13          -0.014            0.01        2.518705     0.031710011    -0.043068318     -0.32837329
           0.13          -0.014           0.014       2.5407612     0.026924658    -0.043772355     -0.33332026
           0.13          -0.014           0.018       2.5385078     0.023158678    -0.029300135     -0.33979816
           0.13          -0.014           0.022        2.584066     0.021958885    -0.021231336     -0.34706723
           0.13          -0.014           0.026        2.618872     0.019619729   -0.0091490063     -0.35459902
           0.13          -0.014            0.03       2.6036337     0.024327914   -0.0055179574       -0.361432
           0.13          -0.014           0.034       2.5835165     0.034069124   -0.0044506635     -0.36762528
           0.13          -0.014           0.038        2.545956     0.045041947    0.0016241291     -0.37338009
           0.13          -0.014           0.042       2.3787031     0.061996208     0.020932361     -0.37707087
           0.13          -0.014           0.046       1.9285076     0.071387776     0.057063988     -0.38876475
           0.13          -0.014            0.05       1.4209581     0.087167009     0.063755329     -0.40144457
           0.13          -0.014           0.054      0.99642565      0.09451594     0.044065973      -0.4080861
           0.13          -0.014           0.058      0.66202735      0.10024779      0.01769733     -0.41425448
           0.13          -0.014           0.062      0.40912544       0.1067912    -0.010660337     -0.41827012
           0.13          -0.014           0.066      0.22959083      0.11568625    -0.035378272      -0.4213145
           0.13          -0.014            0.07      0.11769156      0.12609776    -0.053815672     -0.42328577
           0.13          -0.014           0.074     0.060411488      0.13737969    -0.066495265      -0.4244832
           0.13          -0.014           0.078     0.041167754      0.15067036    -0.076148258     -0.42509352
           0.13          -0.014           0.082     0.054794149      0.16915335    -0.083395497     -0.42456844
           0.13          -0.014           0.086      0.11271316      0.19429802    -0.082767275     -0.42312646
           0.13          -0.014            0.09      0.21283713      0.20617558    -0.050673663     -0.42147002
           0.13          -0.014           0.094      0.27993532      0.18595114    -0.004450586     -0.42035826
           0.13          -0.014           0.098      0.24298022      0.13636532    0.0086136231     -0.41897298
           0.13           -0.01          -0.098      0.25467157    0.0062095883    -0.012805598     -0.41551765
           0.13           -0.01          -0.094      0.25644297    -0.040776296     -0.02504511     -0.41816742
           0.13           -0.01           -0.09      0.23785452    -0.094920415    -0.033655058     -0.41924161
           0.13           -0.01          -0.086       0.2264916     -0.14813359    -0.033816125     -0.41840873
           0.13           -0.01          -0.082      0.23396352     -0.18339401    -0.030438344      -0.4180957
           0.13           -0.01          -0.078      0.27016226      -0.1937936    -0.033681008     -0.41923461
           0.13           -0.01          -0.074      0.33666514     -0.18591297    -0.042678435     -0.42161898
           0.13           -0.01           -0.07      0.42733639      -0.1562442     -0.05418981     -0.42439434
           0.13           -0.01          -0.066      0.53776539     -0.10317944    -0.064717647     -0.42575165
           0.13           -0.01          -0.062      0.67914868    -0.037881124    -0.074720613       -0.424407
           0.13           -0.01          -0.058      0.88276907     0.017709369     -0.08692929     -0.42075755
           0.13           -0.01          -0.054       1.1791809     0.051846599    -0.097814931      -0.4144899
           0.13           -0.01           -0.05       1.5782928     0.064466076     -0.10182829     -0.40768123
           0.13           -0.01          -0.046       2.0593372     0.054646824    -0.071270339     -0.39397079
           0.13           -0.01          -0.042       2.4192936     0.040532759    -0.014815538     -0.38274857
           0.13           -0.01          -0.038        2.524638     0.028446527     0.013654107     -0.37385817
           0.13           -0.01          -0.034       2.5444005     0.027387439     0.026626038     -0.36573747
           0.13           -0.01           -0.03       2.5527379     0.025318326     0.032845841     -0.35707411
           0.13           -0.01          -0.026       2.5638503     0.022184472     0.038619595     -0.34840263
           0.13           -0.01          -0.022       2.5817468     0.017033717     0.043186171     -0.34002165
           0.13           -0.01          -0.018       2.6015417      0.01116567     0.044511675     -0.33165978
           0.13           -0.01          -0.014       2.5799723    0.0069804469     0.046241599     -0.32330573
           0.13           -0.01           -0.01       2.4854661     0.027936355     0.053170561     -0.31457105
           0.13           -0.01          -0.006       2.4258062      0.06883154     0.055324878     -0.30865228
           0.13           -0.01          -0.002       2.2912662     0.085822762     0.019048693     -0.30415992
           0.13           -0.01           0.002       2.1005848     0.067875961    -0.036791677     -0.30992202
           0.13           -0.01           0.006       2.2210681     0.056149519    -0.089291911     -0.31472001
           0.13           -0.01            0.01       2.3483647     0.024449868     -0.10377169     -0.32343722
           0.13           -0.01           0.014       2.5064667    0.0030411679    -0.089431415     -0.32926822
           0.13           -0.01           0.018       2.6152896   -0.0025044143    -0.048236109     -0.33407172
           0.13           -0.01           0.022       2.6399252    0.0063874453     -0.01887004     -0.34109037
           0.13           -0.01           0.026        2.625424     0.010829745   -0.0074422221     -0.34885362
           0.13           -0.01            0.03       2.6070862     0.019159833   -0.0027804093     -0.35649191
           0.13           -0.01           0.034       2.5975455     0.027886557    0.0012196302     -0.36363513
           0.13           -0.01           0.038       2.5876626     0.036383191    0.0086597621     -0.36989016
           0.13           -0.01           0.042       2.5237441     0.047468174     0.016638299     -0.37648838
           0.13           -0.01           0.046       2.1736491     0.069451992     0.049271049     -0.38087102
           0.13           -0.01            0.05       1.5728157     0.089679473     0.070937517     -0.39785833
           0.13           -0.01           0.054       1.1135386     0.099269223     0.057477715     -0.40420513
           0.13           -0.01           0.058      0.76668944      0.10478589     0.035942905     -0.41087676
           0.13           -0.01           0.062      0.50493868      0.10987899    0.0087645436     -0.41495877
           0.13           -0.01           0.066      0.31150268      0.11691581    -0.018883948     -0.41797261
           0.13           -0.01            0.07      0.18202395      0.12667715    -0.043518319      -0.4200986
           0.13           -0.01           0.074       0.1121615       0.1398835    -0.062701428     -0.42153084
           0.13           -0.01           0.078     0.091728952      0.15820185    -0.077013025     -0.42254328
           0.13           -0.01           0.082      0.11836907       0.1821155     -0.08504803     -0.42274161
           0.13           -0.01           0.086      0.19544178      0.19892586    -0.075864213     -0.42178971
           0.13           -0.01            0.09      0.27352273       0.1847422    -0.035703153     -0.42010631
           0.13           -0.01           0.094      0.28476067      0.15423841    -0.011425298     -0.41928728
           0.13           -0.01           0.098      0.22771285      0.12083393    0.0016591618     -0.41818296
           0.13          -0.006          -0.098       0.2507377     0.021348799   -0.0043952828     -0.41724604
           0.13          -0.006          -0.094      0.25238631    -0.031478237   -0.0063871945     -0.41996135
           0.13          -0.006           -0.09      0.23142035    -0.092405961    -0.011176886     -0.42079981
           0.13          -0.006          -0.086      0.21659358     -0.15342117    -0.010976841     -0.41904655
           0.13          -0.006          -0.082      0.21436446     -0.18541295    -0.011316237     -0.41716963
           0.13          -0.006          -0.078      0.24241355     -0.18934774    -0.021090881     -0.41653468
           0.13          -0.006          -0.074      0.31121299     -0.17915777    -0.039738396     -0.41670489
           0.13          -0.006           -0.07      0.41674087     -0.15447682     -0.06141889     -0.41698427
           0.13          -0.006          -0.066       0.5536995     -0.11140186    -0.079706266     -0.41610622
           0.13          -0.006          -0.062      0.72650945    -0.055506895     -0.09137523     -0.41329307
           0.13          -0.006          -0.058      0.95582646   -0.0035610561    -0.097620143     -0.40926666
           0.13          -0.006          -0.054       1.2751331     0.030982298    -0.098027664     -0.40352059
           0.13          -0.006           -0.05       1.7124331     0.039135303    -0.090460773     -0.39941194
           0.13          -0.006          -0.046       2.2685643     0.021202729    -0.046486864     -0.38562437
           0.13          -0.006          -0.042       2.5331767    0.0056986063   -0.0032920618     -0.38052245
           0.13          -0.006          -0.038       2.5752129    0.0067008542     0.010118899     -0.37167507
           0.13          -0.006          -0.034       2.5767064    0.0098514781     0.018169176     -0.36402875
           0.13          -0.006           -0.03       2.5802637    0.0096690725      0.02153562       -0.355119
           0.13          -0.006          -0.026       2.5855891    0.0093114154     0.026150106     -0.34573005
           0.13          -0.006          -0.022       2.5934942     0.010859296     0.029538731     -0.33613523
           0.13          -0.006          -0.018       2.5924852     0.012732735     0.034500676     -0.32667601
           0.13          -0.006          -0.014       2.5261632    0.0073892332      0.04213091     -0.31688749
           0.13          -0.006           -0.01       2.3404284     0.014243783     0.048698139     -0.30785484
           0.13          -0.006          -0.006       2.2036851     0.067437366     0.073309631     -0.30087255
           0.13          -0.006          -0.002       2.0671154      0.11912227     0.064839685     -0.29886683
           0.13          -0.006           0.002       1.9146121      0.11113505    0.0027841589     -0.30797894
           0.13          -0.006           0.006       1.9549982     0.073841578    -0.057576701     -0.31816397
           0.13          -0.006            0.01       2.0703591     0.013323598    -0.086465158     -0.32694068
           0.13          -0.006           0.014       2.2707927    -0.035110398    -0.086231061     -0.32931883
           0.13          -0.006           0.018       2.5254649     -0.05245284    -0.051164092     -0.33013666
           0.13          -0.006           0.022       2.6459984    -0.024329548    -0.015336531     -0.33698015
           0.13          -0.006           0.026       2.6454113   -0.0038312034   -0.0080294964      -0.3453231
           0.13          -0.006            0.03       2.6270039    0.0087731196   -0.0041584845     -0.35249877
           0.13          -0.006           0.034       2.6240617     0.017393623  -0.00069980104     -0.36028137
           0.13          -0.006           0.038       2.6264437     0.027523289    0.0039521402     -0.36695478
           0.13          -0.006           0.042       2.5807647      0.04373738     0.015054648     -0.37469938
           0.13          -0.006           0.046       2.1670301     0.069813404     0.050731567     -0.38144882
           0.13          -0.006            0.05       1.5745793      0.08038136     0.068824029      -0.3951288
           0.13          -0.006           0.054       1.1463137      0.09194869     0.061599831     -0.40148966
           0.13          -0.006           0.058      0.82605206      0.10141539     0.048637228     -0.40805369
           0.13          -0.006           0.062      0.57926581      0.11043341     0.028031488     -0.41214421
           0.13          -0.006           0.066      0.38690764      0.12037278    0.0025054901     -0.41505994
           0.13          -0.006            0.07      0.24635338      0.13170749    -0.025364183     -0.41707077
           0.13          -0.006           0.074      0.16286663      0.14654539    -0.050613367     -0.41857609
           0.13          -0.006           0.078      0.13890168       0.1682418    -0.069622596     -0.41998858
           0.13          -0.006           0.082      0.17486498        0.192223    -0.078109775     -0.42123018
           0.13          -0.006           0.086       0.2493019      0.19195123    -0.066098188     -0.42114248
           0.13          -0.006            0.09       0.2837696      0.15377032    -0.045174689     -0.41985483
           0.13          -0.006           0.094        0.271174      0.12348293    -0.039275282     -0.41885063
           0.13          -0.006           0.098       0.2039178     0.088614609    -0.012808563     -0.41771124
           0.13          -0.002          -0.098      0.24289316      0.02102276    0.0069727774     -0.41713448
           0.13          -0.002          -0.094      0.24847139    -0.030186736     0.019968155     -0.41958863
           0.13          -0.002           -0.09       0.2315289    -0.094166504     0.023112164     -0.42046151
           0.13          -0.002          -0.086      0.21946281     -0.16123611     0.024287008      -0.4186243
           0.13          -0.002          -0.082       0.2021963     -0.18710542     0.020620644     -0.41604381
           0.13          -0.002          -0.078      0.21132883     -0.18001127    0.0064597563     -0.41442397
           0.13          -0.002          -0.074      0.26930435     -0.16562583     -0.01751596     -0.41340925
           0.13          -0.002           -0.07       0.3733803     -0.14502945    -0.044737528     -0.41240159
           0.13          -0.002          -0.066      0.51593929     -0.11330371    -0.068316494     -0.41042107
           0.13          -0.002          -0.062      0.69367074    -0.071648442    -0.082323558     -0.40692539
           0.13          -0.002          -0.058      0.91577064    -0.029785199    -0.085963503     -0.40260428
           0.13          -0.002          -0.054       1.2080739  -0.00088332635    -0.080064068     -0.39667718
           0.13          -0.002           -0.05       1.6036401    0.0062235023    -0.071814494      -0.3926057
           0.13          -0.002          -0.046       2.1492347  -0.00039340797    -0.047936184     -0.38159297
           0.13          -0.002          -0.042       2.5513768   -0.0010488235     -0.02176566     -0.37358794
           0.13          -0.002          -0.038       2.5863397    0.0087855446   -0.0096053617     -0.36462111
           0.13          -0.002          -0.034       2.5633886     0.017014382    0.0096232493     -0.35652194
           0.13          -0.002           -0.03       2.5187446     0.017800759     0.025077869     -0.34798693
           0.13          -0.002          -0.026       2.4610704     0.013760261     0.034402593      -0.3399949
           0.13          -0.002          -0.022       2.4259237    0.0062715865     0.039484714     -0.33212063
           0.13          -0.002          -0.018        2.411851   -0.0062459852     0.044010309     -0.32422035
           0.13          -0.002          -0.014        2.343712    -0.019106598      0.05054017     -0.31537585
           0.13          -0.002           -0.01       2.1837424    -0.026618088     0.063764708     -0.30631119
           0.13          -0.002          -0.006       2.0070227     0.020612827     0.096994109     -0.29831949
           0.13          -0.002          -0.002       1.8816723      0.11337774      0.13433145     -0.29569332
           0.13          -0.002           0.002       1.7650502      0.14602135      0.11472801     -0.30492015
           0.13          -0.002           0.006        1.729158      0.10450138      0.06348457     -0.31930398
           0.13          -0.002            0.01        1.782123     0.026068712     0.019357107     -0.33198633
           0.13          -0.002           0.014       1.9520233     -0.03937632    -0.013185375     -0.33436262
           0.13          -0.002           0.018       2.2586221    -0.066875443    -0.021471605     -0.33032175
           0.13          -0.002           0.022       2.5738866    -0.037093728    -0.014749072     -0.33264819
           0.13          -0.002           0.026       2.6396522    -0.005927179    -0.006017407     -0.34368169
           0.13          -0.002            0.03       2.5495009    0.0056015647    0.0078080573     -0.35285279
           0.13          -0.002           0.034        2.463592     0.017151399     0.025748968     -0.36166688
           0.13          -0.002           0.038       2.3575302      0.01921314     0.040895222     -0.36967056
           0.13          -0.002           0.042       2.2088217     0.011707597     0.051068414     -0.37803789
           0.13          -0.002           0.046       1.8796389     0.022842349     0.063456042     -0.38507822
           0.13          -0.002            0.05       1.4766264     0.048000739     0.065513728     -0.39450542
           0.13          -0.002           0.054       1.1366402     0.066110019     0.062532438     -0.39995652
           0.13          -0.002           0.058      0.86390009     0.084230797     0.059880798     -0.40577227
           0.13          -0.002           0.062      0.64211836      0.10363767     0.049191987     -0.40988322
           0.13          -0.002           0.066      0.45894694      0.12298693     0.029862392     -0.41310151
           0.13          -0.002            0.07      0.31341999      0.14029019     0.003248679     -0.41508101
           0.13          -0.002           0.074      0.21463573      0.15703654    -0.025442151     -0.41655855
           0.13          -0.002           0.078      0.17785143      0.17814161    -0.048741876     -0.41828888
           0.13          -0.002           0.082      0.20991475      0.19712935    -0.059443269     -0.42040699
           0.13          -0.002           0.086      0.26484173       0.1814318    -0.054516715     -0.42145754
           0.13          -0.002            0.09      0.27388418        0.133696    -0.055573067     -0.42090293
           0.13          -0.002           0.094      0.25733721     0.092582189    -0.055211069     -0.41958356
           0.13          -0.002           0.098      0.20786839     0.044344956     -0.02040189     -0.41807395
           0.13           0.002          -0.098      0.22956419    0.0018647524      0.01610876     -0.41499313
           0.13           0.002          -0.094      0.24264182    -0.041182544     0.042871319     -0.41665314
           0.13           0.002           -0.09      0.23741285     -0.10300793     0.053472342     -0.41775592
           0.13           0.002          -0.086      0.22829999      -0.1702621     0.056627093     -0.41686051
           0.13           0.002          -0.082      0.19386883      -0.1857966      0.05187471      -0.4149775
           0.13           0.002          -0.078      0.18248945     -0.17004967     0.035886614      -0.4134745
           0.13           0.002          -0.074      0.22223172     -0.15151897     0.012051241     -0.41233293
           0.13           0.002           -0.07      0.31404178     -0.13346696    -0.016135016     -0.41105764
           0.13           0.002          -0.066      0.45083726      -0.1118776    -0.042129523     -0.40913899
           0.13           0.002          -0.062       0.6247489    -0.086199402    -0.059934427     -0.40596461
           0.13           0.002          -0.058      0.83332845    -0.060431576    -0.066751804     -0.40190005
           0.13           0.002          -0.054       1.0842552    -0.039774109    -0.062932315     -0.39653075
           0.13           0.002           -0.05        1.391332    -0.027672939    -0.058316876     -0.39174003
           0.13           0.002          -0.046       1.7667296    -0.021613113    -0.053229541      -0.3838045
           0.13           0.002          -0.042       2.1569298    -0.021680261    -0.038596632     -0.37511564
           0.13           0.002          -0.038        2.340405    -0.027963513    -0.023165126     -0.36699663
           0.13           0.002          -0.034       2.4392919     -0.03167317   -0.0037724846     -0.35870681
           0.13           0.002           -0.03       2.5192563    -0.027824324     0.016983446     -0.35050327
           0.13           0.002          -0.026       2.6036163      -0.0225866     0.039694882     -0.34212501
           0.13           0.002          -0.022       2.6503482    -0.017533927     0.058467876     -0.33321773
           0.13           0.002          -0.018       2.6455117    -0.016237728     0.072465095     -0.32473898
           0.13           0.002          -0.014       2.5750272    -0.035666249     0.088084458     -0.31508625
           0.13           0.002           -0.01       2.3442031    -0.065388114      0.10830841     -0.30735635
           0.13           0.002          -0.006       2.0566842    -0.046004212      0.12495847     -0.30345499
           0.13           0.002          -0.002        1.826154     0.049727355      0.16305833     -0.30167761
           0.13           0.002           0.002       1.6732722       0.1291294      0.18493721     -0.30460636
           0.13           0.002           0.006       1.5957791      0.11911211      0.16675181     -0.31238845
           0.13           0.002            0.01       1.6234633     0.051731179      0.12626821     -0.32295951
           0.13           0.002           0.014        1.779946    -0.014865711     0.080153552     -0.33143923
           0.13           0.002           0.018       2.0686298    -0.045438742     0.047273862     -0.33305728
           0.13           0.002           0.022       2.3495351    -0.033413475     0.025131043     -0.33465845
           0.13           0.002           0.026       2.4433965    -0.024452285     0.019453299     -0.34227721
           0.13           0.002            0.03       2.5194587    -0.029199041     0.012611415     -0.35000838
           0.13           0.002           0.034       2.5856554    -0.027365988     0.016933234     -0.35919284
           0.13           0.002           0.038       2.6260964    -0.015882882     0.028416076      -0.3672025
           0.13           0.002           0.042        2.614307   -0.0022904368     0.034053933     -0.37740659
           0.13           0.002           0.046       2.2366432    0.0094883169     0.049894381     -0.38429022
           0.13           0.002            0.05       1.6333649      0.01553958     0.065802326     -0.39678612
           0.13           0.002           0.054       1.2254353     0.028419709     0.068480837     -0.39987948
           0.13           0.002           0.058      0.93448207     0.054131279     0.074853668     -0.40513978
           0.13           0.002           0.062      0.71181336     0.087466773     0.072803534     -0.40943907
           0.13           0.002           0.066      0.53094975      0.12164716     0.060409109     -0.41316596
           0.13           0.002            0.07      0.38274891      0.14972716     0.038190192     -0.41541113
           0.13           0.002           0.074      0.27132345       0.1703051      0.01113329      -0.4166764
           0.13           0.002           0.078      0.21197802      0.18766942     -0.01394297     -0.41821924
           0.13           0.002           0.082      0.22172863      0.19926056    -0.027954111     -0.42058338
           0.13           0.002           0.086      0.25870099      0.17736243    -0.032160364     -0.42256692
           0.13           0.002            0.09      0.26397741      0.12776635    -0.046743268     -0.42322806
           0.13           0.002           0.094      0.26078673     0.071358873     -0.04402222     -0.42245484
           0.13           0.002           0.098      0.23674135     0.015188229     -0.01526468     -0.42038108
           0.13           0.006          -0.098      0.21289392    -0.028181361     0.018641148     -0.41248023
           0.13           0.006          -0.094      0.24217433    -0.067245171     0.049918755      -0.4133536
           0.13           0.006           -0.09      0.25091186     -0.12370049     0.062111519     -0.41436429
           0.13           0.006          -0.086      0.22894576     -0.17907104     0.072419564     -0.41502074
           0.13           0.006          -0.082      0.17523863      -0.1805926     0.069887527     -0.41467813
           0.13           0.006          -0.078      0.15191501     -0.15995487     0.055541049     -0.41408112
           0.13           0.006          -0.074      0.17669717     -0.14036235     0.035132096     -0.41328914
           0.13           0.006           -0.07      0.25235418     -0.12407097     0.010572712      -0.4121204
           0.13           0.006          -0.066      0.38017827     -0.10890384    -0.014946782     -0.41037878
           0.13           0.006          -0.062      0.55638536     -0.09485702    -0.036567663     -0.40768901
           0.13           0.006          -0.058      0.78095287    -0.083759496    -0.051268941     -0.40390485
           0.13           0.006          -0.054       1.0673012    -0.076162163    -0.056255844     -0.39798576
           0.13           0.006           -0.05       1.4486681    -0.070458665    -0.056989006     -0.39311049
           0.13           0.006          -0.046       1.9962165    -0.071066571     -0.03921271     -0.38267787
           0.13           0.006          -0.042       2.5037432    -0.055097851   -0.0056642233     -0.37276396
           0.13           0.006          -0.038       2.5962332    -0.042537765     0.010579103     -0.36485297
           0.13           0.006          -0.034       2.5968695    -0.034621856     0.019576846     -0.35799749
           0.13           0.006           -0.03       2.5977053    -0.031430301     0.024192958     -0.35042643
           0.13           0.006          -0.026       2.6107121    -0.028316004      0.02795676     -0.34317653
           0.13           0.006          -0.022       2.6387348    -0.028662416     0.034783431      -0.3350849
           0.13           0.006          -0.018       2.6347555    -0.039591712     0.048362227     -0.32735453
           0.13           0.006          -0.014       2.5556719    -0.070513409     0.068558507     -0.31948574
           0.13           0.006           -0.01       2.3470731    -0.097625718     0.075328723     -0.31466268
           0.13           0.006          -0.006       2.0425114    -0.081430097     0.070996454     -0.31659962
           0.13           0.006          -0.002       1.7918117    -0.004588533     0.087042458     -0.32019076
           0.13           0.006           0.002       1.6388143     0.081227535       0.1230857     -0.31637049
           0.13           0.006           0.006        1.575683      0.10256519      0.13919208     -0.31439695
           0.13           0.006            0.01       1.6358638     0.060318374      0.12558413     -0.31855234
           0.13           0.006           0.014       1.8381824    0.0096102263     0.094001976     -0.32643722
           0.13           0.006           0.018       2.1820652    -0.016830181     0.062253257      -0.3305614
           0.13           0.006           0.022       2.5231657    -0.013716189     0.042992044     -0.33521443
           0.13           0.006           0.026         2.61882   -0.0085910217     0.034211599     -0.34597076
           0.13           0.006            0.03       2.6226138   -0.0058736038     0.024033993      -0.3563908
           0.13           0.006           0.034       2.6144498   -0.0063527672     0.016834907     -0.36676517
           0.13           0.006           0.038       2.6089241    -0.003942482     0.014057407     -0.37507107
           0.13           0.006           0.042       2.5826793  -0.00016108896     0.018753547     -0.38383045
           0.13           0.006           0.046       2.3827064  -0.00039095792     0.041555678     -0.38789086
           0.13           0.006            0.05       1.8223218    -0.012866638     0.080787572     -0.40007599
           0.13           0.006           0.054       1.3570048   -0.0066377424     0.091381454      -0.4031669
           0.13           0.006           0.058          1.0192     0.021803155     0.095792236     -0.40813803
           0.13           0.006           0.062       0.7755556     0.067168578     0.093716407     -0.41274533
           0.13           0.006           0.066      0.59113682      0.11681127     0.084924007     -0.41656932
           0.13           0.006            0.07      0.44404623      0.15756625     0.068095116     -0.41874326
           0.13           0.006           0.074       0.3279832      0.18447684     0.046258243     -0.41955567
           0.13           0.006           0.078      0.25110543      0.19898976     0.024681382     -0.42020865
           0.13           0.006           0.082      0.22959678      0.20171481     0.010980961     -0.42156709
           0.13           0.006           0.086      0.24695596      0.17912683    0.0028658491     -0.42368815
           0.13           0.006            0.09      0.25819285      0.13047348    -0.012276279     -0.42485194
           0.13           0.006           0.094      0.27057968      0.06726895    -0.014918173     -0.42468564
           0.13           0.006           0.098      0.25790314  -0.00037766528   -0.0039085423     -0.42203714
           0.13            0.01          -0.098      0.21032012    -0.062985469      0.01579252     -0.41128927
           0.13            0.01          -0.094      0.25748954     -0.10110621     0.038087752     -0.41186614
           0.13            0.01           -0.09      0.26288191     -0.15432181      0.05550704     -0.41261436
           0.13            0.01          -0.086      0.20528418     -0.18536751     0.076056729     -0.41445929
           0.13            0.01          -0.082      0.13946388     -0.17249941      0.07478805     -0.41551564
           0.13            0.01          -0.078      0.11509186     -0.15110566     0.062567676     -0.41580953
           0.13            0.01          -0.074      0.13162605     -0.13352274     0.046624692     -0.41542262
           0.13            0.01           -0.07      0.19231488     -0.11901622     0.027781852     -0.41446771
           0.13            0.01          -0.066       0.3072475     -0.10643173    0.0060228886     -0.41278046
           0.13            0.01          -0.062       0.4826284    -0.096821501     -0.01669252     -0.41013062
           0.13            0.01          -0.058      0.72407573    -0.091912401    -0.038138754      -0.4062963
           0.13            0.01          -0.054       1.0478868    -0.090791948    -0.053779918     -0.39986138
           0.13            0.01           -0.05       1.4855893    -0.089517325    -0.063316591     -0.39411547
           0.13            0.01          -0.046       2.0962851    -0.078837518    -0.039564905     -0.37802424
           0.13            0.01          -0.042       2.4893258    -0.059761895   -0.0027622373     -0.37278422
           0.13            0.01          -0.038       2.5626082    -0.051327168    0.0061260951     -0.36608221
           0.13            0.01          -0.034        2.573559    -0.046022972     0.015276172     -0.36019006
           0.13            0.01           -0.03       2.5815644    -0.040608822     0.019222108     -0.35362669
           0.13            0.01          -0.026       2.5980186    -0.038984888     0.021728478     -0.34687304
           0.13            0.01          -0.022        2.606769    -0.043023555     0.030040261      -0.3393415
           0.13            0.01          -0.018       2.5785148    -0.055044612     0.040535159     -0.33205453
           0.13            0.01          -0.014       2.5343209    -0.074437589     0.042007124      -0.3248411
           0.13            0.01           -0.01       2.4140938    -0.093468339     0.018639646     -0.32138955
           0.13            0.01          -0.006       2.1213151    -0.095895199   -0.0056037816     -0.32289033
           0.13            0.01          -0.002       1.8805266    -0.047836371    -0.015813925     -0.32839632
           0.13            0.01           0.002       1.7634064     0.021683208     0.013072305     -0.32616764
           0.13            0.01           0.006       1.7311614     0.060820428     0.045387211     -0.32325444
           0.13            0.01            0.01       1.8224447     0.051515307     0.058134302     -0.32398658
           0.13            0.01           0.014        2.047864     0.029176788      0.05135302     -0.32820904
           0.13            0.01           0.018       2.3944553      0.02010802     0.037676721     -0.32956624
           0.13            0.01           0.022       2.5992499     0.011232146     0.025597606     -0.33785437
           0.13            0.01           0.026       2.6112277   -0.0027518876     0.015451174     -0.34821416
           0.13            0.01            0.03       2.5970221    -0.010618434     0.010405656     -0.35810741
           0.13            0.01           0.034       2.5834066    -0.016000263    0.0089423558     -0.36791463
           0.13            0.01           0.038       2.5670368    -0.017071964     0.012126678     -0.37684801
           0.13            0.01           0.042       2.5109075    -0.021466666     0.023612017     -0.38661622
           0.13            0.01           0.046       2.2612323    -0.031208961     0.063375267     -0.39277833
           0.13            0.01            0.05       1.7676746    -0.040252451      0.10139865     -0.40673706
           0.13            0.01           0.054        1.329893    -0.029778698       0.1048279     -0.41242661
           0.13            0.01           0.058      0.99965187  -0.00012131319      0.10075662     -0.41877007
           0.13            0.01           0.062      0.76805975     0.048435266     0.093695434     -0.42289103
           0.13            0.01           0.066      0.60312899      0.10704817     0.086925043     -0.42570774
           0.13            0.01            0.07      0.47514016      0.15930803     0.077061516     -0.42627425
           0.13            0.01           0.074      0.36985609      0.19431965     0.063850245     -0.42500857
           0.13            0.01           0.078       0.2902065      0.20988044     0.049869472     -0.42374592
           0.13            0.01           0.082      0.24856866       0.2065643     0.041373902     -0.42300664
           0.13            0.01           0.086      0.24443761      0.18283716     0.034674172     -0.42368711
           0.13            0.01            0.09      0.25552777      0.13631623     0.024464122     -0.42439134
           0.13            0.01           0.094      0.27332906     0.074695239     0.014521696     -0.42416498
           0.13            0.01           0.098      0.26506219    0.0048347155     0.008101527     -0.42123692
           0.13           0.014          -0.098      0.22482267    -0.095071016    0.0062244359     -0.41125074
           0.13           0.014          -0.094       0.2746223     -0.13830398      0.02035865     -0.41188637
           0.13           0.014           -0.09      0.24252553     -0.18130662     0.054439999     -0.41277748
           0.13           0.014          -0.086      0.15276467     -0.18238001     0.075729033     -0.41509591
           0.13           0.014          -0.082     0.092802964     -0.16187665     0.071482639     -0.41688193
           0.13           0.014          -0.078     0.073257646     -0.14416455     0.060359198     -0.41779161
           0.13           0.014          -0.074     0.085208772     -0.13080276     0.048561178     -0.41782757
           0.13           0.014           -0.07      0.13255038     -0.11900341     0.035573908     -0.41718335
           0.13           0.014          -0.066      0.22956962     -0.10719412     0.019845355     -0.41570452
           0.13           0.014          -0.062      0.39053096    -0.096524418   0.00061972975     -0.41308905
           0.13           0.014          -0.058      0.62537956    -0.089869231    -0.021506349     -0.40926828
           0.13           0.014          -0.054      0.94453746    -0.087782152    -0.042490354     -0.40308676
           0.13           0.014           -0.05       1.3603502    -0.087414938    -0.058919261     -0.39636733
           0.13           0.014          -0.046        1.875491    -0.078886825    -0.050926192     -0.38381008
           0.13           0.014          -0.042       2.3448473    -0.075015961    -0.011631079      -0.3713014
           0.13           0.014          -0.038       2.5241058    -0.060730968     0.010189181     -0.36836217
           0.13           0.014          -0.034       2.5644824    -0.051618549     0.018229712     -0.36297341
           0.13           0.014           -0.03       2.5829457    -0.043462192     0.018380398     -0.35734269
           0.13           0.014          -0.026       2.5957848    -0.044137551     0.019337808     -0.35125744
           0.13           0.014          -0.022       2.5544414    -0.051444654     0.026132216     -0.34407429
           0.13           0.014          -0.018       2.5231228    -0.057109172      0.02397874      -0.3376106
           0.13           0.014          -0.014       2.5767948    -0.060853904     0.013622177      -0.3315025
           0.13           0.014           -0.01       2.5538562    -0.066127407    -0.010274612     -0.32665229
           0.13           0.014          -0.006       2.3316331    -0.076325954    -0.041562812     -0.32601632
           0.13           0.014          -0.002       2.1261525    -0.059285803    -0.074365118     -0.32755996
           0.13           0.014           0.002       2.0877142    -0.018205783     -0.06349653     -0.32618044
           0.13           0.014           0.006       2.0696237      0.02353564    -0.036560734     -0.32675314
           0.13           0.014            0.01       2.1647425     0.034382195     -0.01226293      -0.3250389
           0.13           0.014           0.014       2.3634802     0.035552084    0.0070468138     -0.32884235
           0.13           0.014           0.018       2.5787655     0.032555194     0.013187511     -0.33526715
           0.13           0.014           0.022       2.6299302     0.014393275     0.011906721     -0.34458147
           0.13           0.014           0.026       2.6127091   0.00018349394    0.0086580807     -0.35509633
           0.13           0.014            0.03       2.5936732    -0.007441805    0.0059165009     -0.36591333
           0.13           0.014           0.034       2.5728027    -0.015036969    0.0049470626      -0.3761862
           0.13           0.014           0.038       2.5228956    -0.023666317     0.011623496     -0.38670384
           0.13           0.014           0.042       2.3418232    -0.037431199     0.039138115     -0.39466359
           0.13           0.014           0.046       1.9463327    -0.044751746     0.077734865     -0.40835235
           0.13           0.014            0.05       1.5104815    -0.052410375     0.092488272     -0.41987228
           0.13           0.014           0.054       1.1342231    -0.044282128      0.08414404     -0.42596899
           0.13           0.014           0.058      0.85065982    -0.019392793     0.071875172     -0.43172187
           0.13           0.014           0.062      0.66267195     0.026510506     0.062169755     -0.43580631
           0.13           0.014           0.066      0.54623221     0.089409519     0.058615494     -0.43766213
           0.13           0.014            0.07       0.4606515      0.15085946     0.057069074     -0.43601537
           0.13           0.014           0.074      0.38368873       0.1941912     0.054703872     -0.43200856
           0.13           0.014           0.078      0.31702885      0.21382463     0.052588288     -0.42783513
           0.13           0.014           0.082      0.27127273      0.20963493     0.051509433     -0.42461007
           0.13           0.014           0.086      0.25420566      0.18665455     0.050137279     -0.42303808
           0.13           0.014            0.09      0.25834096      0.14393565     0.044854879     -0.42248825
           0.13           0.014           0.094      0.27215023     0.088996127     0.032770692     -0.42149501
           0.13           0.014           0.098      0.26365709     0.024855786     0.016483233     -0.41842991
           0.13           0.018          -0.098       0.2378962     -0.11735287   -0.0049141324      -0.4119095
           0.13           0.018          -0.094      0.27154115     -0.17706523     0.019594976     -0.41251671
           0.13           0.018           -0.09      0.18585663     -0.19176129     0.062479998     -0.41383542
           0.13           0.018          -0.086     0.091793687     -0.17097766     0.070196632     -0.41616278
           0.13           0.018          -0.082     0.044046937     -0.15147066      0.06269185     -0.41831046
           0.13           0.018          -0.078     0.028943719     -0.13975896     0.053433576     -0.41954579
           0.13           0.018          -0.074     0.037042122     -0.13147177     0.045144245     -0.41986894
           0.13           0.018           -0.07     0.072209627     -0.12332785     0.037029698     -0.41961878
           0.13           0.018          -0.066      0.14818914     -0.11289101     0.027486997     -0.41860522
           0.13           0.018          -0.062      0.28281061    -0.099818586     0.014816782     -0.41632821
           0.13           0.018          -0.058      0.48939658    -0.087298907   -0.0019328097     -0.41273706
           0.13           0.018          -0.054      0.77453738    -0.078271558    -0.021137913     -0.40745012
           0.13           0.018           -0.05       1.1407334    -0.073617357    -0.039176489     -0.40061341
           0.13           0.018          -0.046       1.5791688     -0.06758837    -0.045454186     -0.39074521
           0.13           0.018          -0.042       2.0463255    -0.066982876    -0.025292167     -0.37789345
           0.13           0.018          -0.038        2.404364     -0.06714129    0.0042651512     -0.37012754
           0.13           0.018          -0.034       2.5505895      -0.0580913     0.020272356     -0.36700924
           0.13           0.018           -0.03       2.5950912    -0.047184416     0.022032727     -0.36315916
           0.13           0.018          -0.026        2.581862    -0.049819957     0.027115471     -0.35777615
           0.13           0.018          -0.022       2.5083325    -0.054576661     0.027109649     -0.35084836
           0.13           0.018          -0.018       2.5497611    -0.052894075     0.016518138     -0.34499756
           0.13           0.018          -0.014        2.609608    -0.048511204     0.010495789     -0.33891815
           0.13           0.018           -0.01       2.6120135    -0.044601488   -0.0054145629     -0.33383969
           0.13           0.018          -0.006       2.5454708    -0.042494052    -0.018320118     -0.32945038
           0.13           0.018          -0.002       2.3771908    -0.047478672    -0.061244263     -0.32801509
           0.13           0.018           0.002       2.4971808     -0.03030813    -0.062516047     -0.32609521
           0.13           0.018           0.006       2.4848217    0.0046372792     -0.05171662     -0.32885293
           0.13           0.018            0.01       2.5223628     0.012340621    -0.035361158     -0.32978766
           0.13           0.018           0.014       2.5287377     0.021412013    -0.017501836     -0.33713236
           0.13           0.018           0.018       2.5739434     0.025232518     -0.00596566       -0.343619
           0.13           0.018           0.022       2.6097583     0.014043672  -0.00094005955     -0.35297521
           0.13           0.018           0.026       2.6142889    -0.000968334   -0.0014962505      -0.3621209
           0.13           0.018            0.03       2.5949213   -0.0097479232   -0.0019044805     -0.37337101
           0.13           0.018           0.034       2.5289885    -0.020725219   -0.0012256199      -0.3837199
           0.13           0.018           0.038       2.3308977    -0.030899371     0.015822527     -0.39325323
           0.13           0.018           0.042       1.9713401    -0.039090123     0.047733222      -0.4082626
           0.13           0.018           0.046       1.5669303    -0.047556619      0.06442119     -0.42128521
           0.13           0.018            0.05       1.1905115    -0.055025316     0.058345528     -0.42990424
           0.13           0.018           0.054      0.87570078    -0.052302315     0.039445636     -0.43512393
           0.13           0.018           0.058      0.64329606    -0.037374914     0.019285192     -0.43969953
           0.13           0.018           0.062      0.50717576  -0.00024092383    0.0068857809     -0.44432583
           0.13           0.018           0.066       0.4494735     0.062396772     0.007320387     -0.44641336
           0.13           0.018            0.07      0.41365757      0.13037031     0.014200393     -0.44388867
           0.13           0.018           0.074       0.3711588      0.18159089     0.022927036      -0.4381046
           0.13           0.018           0.078      0.32520387      0.20775996     0.032327458     -0.43152829
           0.13           0.018           0.082      0.28711339      0.20795596       0.0400164     -0.42623515
           0.13           0.018           0.086      0.26667642      0.18785954     0.046237671      -0.4225851
           0.13           0.018            0.09       0.2640547      0.15132835     0.046324355     -0.42056909
           0.13           0.018           0.094      0.27123389        0.105943     0.036710879     -0.41873401
           0.13           0.018           0.098      0.25804601     0.052762759     0.019294517     -0.41567565
           0.13           0.022          -0.098      0.23683142     -0.13506318   -0.0071276076      -0.4131721
           0.13           0.022          -0.094      0.22638984     -0.19902817     0.038705802     -0.41371599
           0.13           0.022           -0.09       0.1135833     -0.18520296     0.062979319     -0.41487122
           0.13           0.022          -0.086     0.033800075     -0.15673152     0.060447174     -0.41717997
           0.13           0.022          -0.082   -0.0033955636     -0.14334339     0.052653936     -0.41945805
           0.13           0.022          -0.078    -0.016408987     -0.13779831     0.045533649     -0.42077313
           0.13           0.022          -0.074    -0.012157683      -0.1343506      0.03990777     -0.42125354
           0.13           0.022           -0.07      0.01212653     -0.13031012     0.035162569     -0.42138447
           0.13           0.022          -0.066     0.067174607      -0.1228392     0.030288987     -0.42100397
           0.13           0.022          -0.062      0.16976622      -0.1095315     0.024171648     -0.41946792
           0.13           0.022          -0.058      0.33606027    -0.091787181     0.015561557     -0.41650285
           0.13           0.022          -0.054      0.57344086    -0.074028797    0.0040505088     -0.41215562
           0.13           0.022           -0.05      0.87982081    -0.059949771   -0.0092065587     -0.40681744
           0.13           0.022          -0.046       1.2458181    -0.049530684    -0.018172062      -0.3992603
           0.13           0.022          -0.042       1.6466393    -0.043316884    -0.016741809     -0.39135659
           0.13           0.022          -0.038       2.0520247    -0.048035093  -8.5590812e-05     -0.38039434
           0.13           0.022          -0.034       2.3830696    -0.052744277     0.024410598     -0.37197373
           0.13           0.022           -0.03        2.532871    -0.048493789     0.033439714     -0.37036584
           0.13           0.022          -0.026       2.4911232    -0.051907062      0.03416074     -0.36741951
           0.13           0.022          -0.022       2.4966898    -0.049506629     0.027438132     -0.35948321
           0.13           0.022          -0.018       2.5775322    -0.047684504     0.020246802     -0.35359322
           0.13           0.022          -0.014       2.6018276    -0.043913393     0.015560739     -0.34774354
           0.13           0.022           -0.01       2.6074855     -0.04126502    0.0072008437     -0.34276148
           0.13           0.022          -0.006       2.6100607    -0.024836979     0.003646583     -0.33902919
           0.13           0.022          -0.002        2.437242     -0.03327413    -0.013936754     -0.33685278
           0.13           0.022           0.002       2.6534311    -0.025801345    -0.030221135     -0.33515158
           0.13           0.022           0.006       2.6476881     0.006347263    -0.027060099     -0.33733874
           0.13           0.022            0.01       2.6385689    0.0075886906    -0.028593657     -0.33945887
           0.13           0.022           0.014       2.5793979    0.0061158236    -0.025079416     -0.34485013
           0.13           0.022           0.018       2.5177889    0.0084452354    -0.022097052     -0.35149969
           0.13           0.022           0.022       2.5130946    0.0067742638    -0.011080246     -0.36095779
           0.13           0.022           0.026       2.5501101   -0.0009980624     -0.00812512     -0.37018157
           0.13           0.022            0.03       2.5012031   -0.0045264767   -0.0073595591     -0.38270289
           0.13           0.022           0.034       2.2526652   -0.0085748205    0.0039704823      -0.3932239
           0.13           0.022           0.038       1.8896666    -0.017305512     0.026039771     -0.41070351
           0.13           0.022           0.042       1.5297769    -0.031115943     0.036833533     -0.42291337
           0.13           0.022           0.046       1.1878373     -0.04514529      0.03400594     -0.43053838
           0.13           0.022            0.05      0.87924378     -0.05414005     0.016415005     -0.43569853
           0.13           0.022           0.054      0.62213201    -0.057195575     -0.01172167     -0.43859937
           0.13           0.022           0.058      0.44408509    -0.051909781    -0.040284106     -0.44208397
           0.13           0.022           0.062      0.37419366      -0.0228175    -0.055050382     -0.44659989
           0.13           0.022           0.066      0.36829931     0.036211548    -0.051732172     -0.44964106
           0.13           0.022            0.07      0.36448533      0.10493443    -0.039857942     -0.44791535
           0.13           0.022           0.074      0.34626582      0.16018697    -0.023983669     -0.44199968
           0.13           0.022           0.078      0.31885677      0.19195372   -0.0058581076     -0.43446552
           0.13           0.022           0.082      0.29228223      0.19843514      0.01063484     -0.42775689
           0.13           0.022           0.086      0.27481017      0.18388028     0.024411664     -0.42276796
           0.13           0.022            0.09      0.26912974      0.15589659     0.030625369     -0.41951911
           0.13           0.022           0.094       0.2701296      0.12120928     0.026631595     -0.41693552
           0.13           0.022           0.098      0.25037748     0.081984213     0.014502041     -0.41410539
           0.13           0.026          -0.098      0.21557848     -0.15475659    0.0033332638     -0.41362198
           0.13           0.026          -0.094      0.15980897     -0.20195801     0.054032836     -0.41485857
           0.13           0.026           -0.09      0.04656687     -0.16742998     0.054876097     -0.41550392
           0.13           0.026          -0.086    -0.019012806     -0.14402966     0.050198073     -0.41802654
           0.13           0.026          -0.082    -0.049742927     -0.13799254     0.044196827     -0.42020541
           0.13           0.026          -0.078    -0.062177292     -0.13754317      0.03894016     -0.42140002
           0.13           0.026          -0.074    -0.061374894     -0.13816856     0.035045342     -0.42195971
           0.13           0.026           -0.07    -0.046057321     -0.13805657     0.032150216     -0.42237189
           0.13           0.026          -0.066   -0.0089334942     -0.13463631     0.029838746     -0.42257793
           0.13           0.026          -0.062     0.062781693     -0.12432347     0.027961595     -0.42198977
           0.13           0.026          -0.058      0.18531274     -0.10550236     0.026315249     -0.42009737
           0.13           0.026          -0.054      0.36953618    -0.081180149     0.023974161     -0.41686384
           0.13           0.026           -0.05      0.61483402    -0.057168418      0.01979496     -0.41279023
           0.13           0.026          -0.046      0.91087398     -0.03700114     0.014941461     -0.40781091
           0.13           0.026          -0.042       1.2391895    -0.023545228     0.012989334     -0.40183627
           0.13           0.026          -0.038       1.5759943    -0.016369301     0.014439634     -0.39663649
           0.13           0.026          -0.034       1.8921599    -0.017906449     0.024319973     -0.38773938
           0.13           0.026           -0.03       2.1148541    -0.021936259     0.035951734     -0.38036817
           0.13           0.026          -0.026        2.271212    -0.039099944     0.028450186     -0.37724905
           0.13           0.026          -0.022       2.4993471     -0.04751197      0.02881205     -0.36831171
           0.13           0.026          -0.018       2.5871461    -0.043964126     0.027899059     -0.36194468
           0.13           0.026          -0.014       2.5861097    -0.039934168      0.02187268     -0.35612577
           0.13           0.026           -0.01       2.5881426     -0.03797251     0.015649829      -0.3506014
           0.13           0.026          -0.006       2.6106116    -0.022236209    0.0062497893     -0.34751078
           0.13           0.026          -0.002       2.4674773    -0.029318785    0.0079161612     -0.34327893
           0.13           0.026           0.002       2.6554089    -0.016605289     -0.02459968     -0.34403577
           0.13           0.026           0.006        2.645233    0.0038082878    -0.019152641     -0.34589329
           0.13           0.026            0.01       2.6317083    0.0089984374    -0.023857354     -0.34833946
           0.13           0.026           0.014       2.6272839    0.0099466294    -0.023500372     -0.35340795
           0.13           0.026           0.018       2.6126692    0.0025977319    -0.026660432     -0.35980475
           0.13           0.026           0.022       2.5301953   -0.0061798205    -0.021420387     -0.36958352
           0.13           0.026           0.026       2.3992486   -0.0067671317    -0.014182596     -0.38017206
           0.13           0.026            0.03       2.0978201    0.0052752195    0.0093000464     -0.39596677
           0.13           0.026           0.034       1.7559441    0.0013393524     0.021104077     -0.40935613
           0.13           0.026           0.038       1.4415715    -0.016844554     0.026125477     -0.42057704
           0.13           0.026           0.042       1.1412298    -0.034556804     0.024196967     -0.42920339
           0.13           0.026           0.046      0.86270117    -0.046208893     0.010629458     -0.43493863
           0.13           0.026            0.05      0.61404727    -0.051777827    -0.015975068     -0.43809569
           0.13           0.026           0.054       0.4138206    -0.054707054    -0.053432188     -0.43925067
           0.13           0.026           0.058      0.30819366     -0.05311783     -0.09039514     -0.44089877
           0.13           0.026           0.062      0.30499614    -0.030026016     -0.11021611     -0.44533068
           0.13           0.026           0.066      0.32565614     0.022290033      -0.1093384     -0.44942084
           0.13           0.026            0.07      0.33076244     0.085317435    -0.096286461     -0.44914692
           0.13           0.026           0.074      0.32225316       0.1381831    -0.077079075     -0.44417125
           0.13           0.026           0.078      0.30640907       0.1713597     -0.05379891     -0.43685152
           0.13           0.026           0.082      0.28977287      0.18232762    -0.030542699     -0.42966004
           0.13           0.026           0.086      0.27769838      0.17479385    -0.010861205     -0.42395718
           0.13           0.026            0.09      0.27207566      0.15574124    0.0014827492     -0.41985008
           0.13           0.026           0.094      0.26922857       0.1309015    0.0051288566      -0.4166538
           0.13           0.026           0.098      0.24040236      0.10080679    0.0020359586     -0.41415799
           0.13            0.03          -0.098      0.16859351     -0.17161614     0.020695137     -0.41246566
           0.13            0.03          -0.094     0.087849775     -0.18561752     0.053759299     -0.41449131
           0.13            0.03           -0.09    -0.014339103     -0.14799724     0.047555563     -0.41560757
           0.13            0.03          -0.086    -0.068683991      -0.1348962     0.043230471     -0.41823064
           0.13            0.03          -0.082    -0.095684858     -0.13488198     0.038767138     -0.42026494
           0.13            0.03          -0.078     -0.10796439      -0.1381689     0.034786787     -0.42139591
           0.13            0.03          -0.074     -0.10970688     -0.14193714     0.031752382     -0.42204424
           0.13            0.03           -0.07     -0.10091895     -0.14508974     0.029496913     -0.42263408
           0.13            0.03          -0.066    -0.077272815     -0.14575449     0.027923573     -0.42327406
           0.13            0.03          -0.062    -0.030507116     -0.14043487     0.027466428     -0.42353814
           0.13            0.03          -0.058     0.052467213     -0.12545098     0.029210881     -0.42292867
           0.13            0.03          -0.054      0.18480172     -0.10015609     0.033500441     -0.42121047
           0.13            0.03           -0.05      0.37094275     -0.06928416     0.038554623     -0.41870247
           0.13            0.03          -0.046      0.60344622    -0.039541413     0.042081327     -0.41571332
           0.13            0.03          -0.042      0.86551063    -0.016151775     0.043179466      -0.4124972
           0.13            0.03          -0.038       1.1350995   -0.0013910682     0.041808442      -0.4088747
           0.13            0.03          -0.034       1.3891273    0.0069847003     0.037643636     -0.40444278
           0.13            0.03           -0.03       1.6172196    0.0058300232     0.027733403     -0.39854448
           0.13            0.03          -0.026       1.9215611    -0.012672033     0.012316472     -0.39209127
           0.13            0.03          -0.022        2.393185    -0.040947903     0.025515673     -0.37705135
           0.13            0.03          -0.018       2.5622517    -0.041789362     0.033211002     -0.37163081
           0.13            0.03          -0.014       2.5712672    -0.036675527     0.026024934     -0.36567956
           0.13            0.03           -0.01       2.5755509     -0.03297247     0.021920316     -0.35940914
           0.13            0.03          -0.006       2.6045082    -0.018487776    0.0088130935     -0.35747038
           0.13            0.03          -0.002       2.5254161     -0.02008107     0.017976014     -0.35160296
           0.13            0.03           0.002       2.5648182  -0.00051669249    -0.025354373     -0.35382812
           0.13            0.03           0.006       2.6289772   0.00070375799    -0.019912182     -0.35435074
           0.13            0.03            0.01       2.6118482    0.0061796974    -0.024046718     -0.35689181
           0.13            0.03           0.014       2.6110564    0.0072647545    -0.021696676     -0.36129431
           0.13            0.03           0.018       2.6272732    0.0054489395    -0.021758096     -0.36715256
           0.13            0.03           0.022       2.6162228   -0.0069060532    -0.021178854     -0.37657621
           0.13            0.03           0.026       2.3409495    -0.020251323   -0.0050422231     -0.38409559
           0.13            0.03            0.03       1.8022385   -0.0097078244     0.023874878      -0.4052503
           0.13            0.03           0.034       1.4171571    -0.015482051     0.027344572     -0.41486016
           0.13            0.03           0.038       1.1073309    -0.029891958     0.027298483     -0.42583299
           0.13            0.03           0.042      0.83960207     -0.04215984     0.018136757     -0.43363902
           0.13            0.03           0.046      0.60701986    -0.046567525   -0.0019536653     -0.43834287
           0.13            0.03            0.05      0.41173234    -0.042976204    -0.033950696     -0.43998347
           0.13            0.03           0.054      0.27339262    -0.037750886    -0.075500782     -0.43906833
           0.13            0.03           0.058       0.2334583    -0.036160243     -0.12000022     -0.43941609
           0.13            0.03           0.062      0.26720948     -0.02206697     -0.15320808     -0.44348891
           0.13            0.03           0.066       0.3008985     0.019326546     -0.16256401     -0.44807396
           0.13            0.03            0.07      0.31007163     0.073937238     -0.15062611     -0.44920167
           0.13            0.03           0.074      0.30498195      0.12100732     -0.12989188     -0.44570345
           0.13            0.03           0.078      0.29530212      0.15218025     -0.10442007     -0.43928187
           0.13            0.03           0.082      0.28556472      0.16592018    -0.077768123     -0.43230414
           0.13            0.03           0.086      0.27890168      0.16495581    -0.054326835     -0.42618396
           0.13            0.03            0.09      0.27537385       0.1544613    -0.036246036     -0.42133569
           0.13            0.03           0.094      0.26924105      0.13734387      -0.0229651     -0.41775587
           0.13            0.03           0.098       0.2263978      0.10704515    -0.011544868     -0.41597616
           0.13           0.034          -0.098      0.10647626     -0.17919195     0.026577285     -0.41177862
           0.13           0.034          -0.094     0.014664807     -0.16382189     0.042640583      -0.4131935
           0.13           0.034           -0.09    -0.071708528     -0.13412191     0.041489009     -0.41525397
           0.13           0.034          -0.086     -0.11763856     -0.12929684     0.039453692     -0.41782717
           0.13           0.034          -0.082     -0.14179745     -0.13327987     0.036397357     -0.41967193
           0.13           0.034          -0.078     -0.15352009     -0.13910315     0.033304611     -0.42083856
           0.13           0.034          -0.074     -0.15653804      -0.1450811     0.030535444     -0.42162537
           0.13           0.034           -0.07     -0.15172561     -0.15060443     0.028119866     -0.42234036
           0.13           0.034          -0.066     -0.13708472     -0.15457816     0.026076092     -0.42322488
           0.13           0.034          -0.062     -0.10764769     -0.15434669     0.025000906     -0.42406817
           0.13           0.034          -0.058    -0.054845968     -0.14593871     0.026492315     -0.42452906
           0.13           0.034          -0.054     0.033473446     -0.12563714     0.032465233     -0.42431115
           0.13           0.034           -0.05      0.16677797    -0.093937173     0.042724698     -0.42349325
           0.13           0.034          -0.046      0.34443894     -0.05720039      0.05357466      -0.4222367
           0.13           0.034          -0.042      0.55513861     -0.02405953     0.060180275     -0.42046802
           0.13           0.034          -0.038      0.78274885  -0.00033007205     0.059402785     -0.41766199
           0.13           0.034          -0.034        1.016245     0.012992962     0.051221966     -0.41295606
           0.13           0.034           -0.03       1.2673766     0.013746542     0.038089353     -0.40687791
           0.13           0.034          -0.026       1.6051461    0.0031237433     0.021446992     -0.40275324
           0.13           0.034          -0.022       2.0928426    -0.016438756     0.029821764     -0.38909574
           0.13           0.034          -0.018       2.4548321     -0.03279184     0.044358731     -0.37972787
           0.13           0.034          -0.014       2.5450075    -0.030982951     0.033990923      -0.3743895
           0.13           0.034           -0.01       2.5645939     -0.02754056     0.027138069     -0.36803858
           0.13           0.034          -0.006       2.5976621    -0.017250346     0.011792738     -0.36667677
           0.13           0.034          -0.002       2.5807087   -0.0072247105     0.021619248     -0.35982856
           0.13           0.034           0.002       2.4738264       0.0160087    -0.026338986     -0.36246961
           0.13           0.034           0.006       2.6250136   -0.0011446854    -0.020711224     -0.36228982
           0.13           0.034            0.01       2.6012461    0.0055014306    -0.027493152     -0.36463651
           0.13           0.034           0.014       2.5892888    0.0036358203    -0.027623602     -0.36842705
           0.13           0.034           0.018       2.5882387    0.0024762136    -0.029406891     -0.37305796
           0.13           0.034           0.022       2.5066455   -0.0036624367    -0.027023442     -0.38090651
           0.13           0.034           0.026       2.1238038   -0.0066204716   -0.0047477184     -0.39156997
           0.13           0.034            0.03       1.5781016     -0.01727389      0.02371922     -0.41348795
           0.13           0.034           0.034       1.1704434    -0.029292796     0.026671589     -0.42194363
           0.13           0.034           0.038      0.85694665    -0.042875824     0.024705634     -0.43142971
           0.13           0.034           0.042      0.60859256    -0.049559773     0.013077422     -0.43808851
           0.13           0.034           0.046      0.41257899    -0.044210119   -0.0089072242     -0.44169646
           0.13           0.034            0.05      0.26591552    -0.027545508    -0.040359822     -0.44198328
           0.13           0.034           0.054      0.18046523   -0.0091633455    -0.078592806     -0.43980965
           0.13           0.034           0.058      0.17721279   -0.0037162597     -0.12680152     -0.43955979
           0.13           0.034           0.062      0.22899663  -0.00022618526     -0.17877349     -0.44296157
           0.13           0.034           0.066      0.27709057     0.026283125      -0.2074031     -0.44734154
           0.13           0.034            0.07      0.29732273     0.070543793     -0.20328751     -0.44944081
           0.13           0.034           0.074      0.29812977      0.11129152     -0.18109134     -0.44770494
           0.13           0.034           0.078      0.29390392      0.13894752     -0.15367649     -0.44256029
           0.13           0.034           0.082      0.28877145      0.15247688     -0.12488864     -0.43645075
           0.13           0.034           0.086      0.28594466      0.15479694     -0.09853327     -0.43087795
           0.13           0.034            0.09      0.28467164      0.14802076    -0.074571718      -0.4261816
           0.13           0.034           0.094      0.27343685      0.13023133    -0.047891211     -0.42239088
           0.13           0.034           0.098      0.21129255     0.098430344    -0.017139881     -0.42063762
           0.13           0.038          -0.098     0.050374144     -0.17940067     0.022846577      -0.4107455
           0.13           0.038          -0.094    -0.053260963     -0.15068092     0.034359833     -0.41171934
           0.13           0.038           -0.09     -0.12789848     -0.12719958     0.038801014     -0.41428313
           0.13           0.038          -0.086     -0.16739339     -0.12671455      0.03873372     -0.41670439
           0.13           0.038          -0.082     -0.18843253     -0.13274992     0.036906119     -0.41848134
           0.13           0.038          -0.078     -0.19873764     -0.13999204      0.03438233     -0.41978078
           0.13           0.038          -0.074      -0.2016901     -0.14730603      0.03150388     -0.42076788
           0.13           0.038           -0.07     -0.19860419     -0.15434801     0.028469461     -0.42164552
           0.13           0.038          -0.066     -0.18902936     -0.16055757     0.025380963     -0.42267363
           0.13           0.038          -0.062     -0.17015992     -0.16431107     0.022719882     -0.42384838
           0.13           0.038          -0.058     -0.13696784     -0.16238204     0.021917625     -0.42500175
           0.13           0.038          -0.054    -0.080698232     -0.15015311     0.025481521     -0.42597706
           0.13           0.038           -0.05    0.0098728944     -0.12379321     0.035456004     -0.42675749
           0.13           0.038          -0.046      0.14152696    -0.085171015      0.05000954     -0.42748423
           0.13           0.038          -0.042      0.31056107     -0.04338863     0.062596756     -0.42780803
           0.13           0.038          -0.038      0.50635646   -0.0090028225     0.067001805     -0.42670951
           0.13           0.038          -0.034       0.7229543     0.012539462     0.062436106     -0.42323605
           0.13           0.038           -0.03      0.97325964     0.020439646     0.051536297     -0.41819762
           0.13           0.038          -0.026       1.2975022     0.017866688      0.03928378     -0.41325526
           0.13           0.038          -0.022       1.7195411     0.014575784     0.037428879     -0.40602362
           0.13           0.038          -0.018       2.1646187    0.0016892186     0.051379377     -0.39120475
           0.13           0.038          -0.014       2.4447124    -0.012648178     0.046706171     -0.38405831
           0.13           0.038           -0.01        2.537419    -0.016253326     0.031298073     -0.37721626
           0.13           0.038          -0.006       2.5937521    -0.011659853     0.012408987     -0.37489916
           0.13           0.038          -0.002       2.6143639     0.010840095     0.016178035     -0.36818457
           0.13           0.038           0.002       2.3669467      0.03089617    -0.020470946     -0.37129573
           0.13           0.038           0.006       2.6255827    0.0013052731    -0.025435268      -0.3699415
           0.13           0.038            0.01        2.592486    0.0098110469     -0.03078132     -0.37189497
           0.13           0.038           0.014       2.5560507    0.0064394626    -0.032992783       -0.374974
           0.13           0.038           0.018        2.476414    0.0097268685    -0.036965091      -0.3797839
           0.13           0.038           0.022       2.1988483     0.014278703     -0.02412647     -0.38843264
           0.13           0.038           0.026       1.7526963    0.0051221483    0.0014003178     -0.40454368
           0.13           0.038            0.03       1.3017799    -0.022734269      0.01756754     -0.41893884
           0.13           0.038           0.034      0.93034407    -0.042675416     0.020955862     -0.42759709
           0.13           0.038           0.038      0.63905071    -0.055564516     0.017271835     -0.43593811
           0.13           0.038           0.042      0.41684865     -0.05536287    0.0038538219     -0.44188088
           0.13           0.038           0.046      0.25576592    -0.039304569    -0.017821855     -0.44481288
           0.13           0.038            0.05       0.1504874    -0.010115377    -0.044324556     -0.44462662
           0.13           0.038           0.054      0.10265494     0.021071048        -0.07347     -0.44277764
           0.13           0.038           0.058      0.11636317     0.036301656     -0.11441394     -0.44262331
           0.13           0.038           0.062      0.17328378      0.03577092     -0.17445401     -0.44517443
           0.13           0.038           0.066      0.23381939     0.044940616     -0.22858716     -0.44905894
           0.13           0.038            0.07      0.27535647     0.076257088     -0.24557572      -0.4514551
           0.13           0.038           0.074      0.29711545      0.11277961     -0.23329644     -0.45041696
           0.13           0.038           0.078      0.30879794      0.14115058     -0.20193526     -0.44667316
           0.13           0.038           0.082       0.3158386      0.15788831     -0.16456639     -0.44155782
           0.13           0.038           0.086      0.32264757      0.16267865     -0.12720536     -0.43733919
           0.13           0.038            0.09      0.32712099      0.15622373    -0.090433837     -0.43437266
           0.13           0.038           0.094      0.30844424      0.13872161    -0.051655931     -0.43028227
           0.13           0.038           0.098      0.21837702      0.12382245    -0.015461049     -0.42624143
           0.13           0.042          -0.098   -0.0086374071     -0.17379438     0.019045143     -0.40832369
           0.13           0.042          -0.094      -0.1200004      -0.1451296      0.03289816     -0.40945079
           0.13           0.042           -0.09     -0.18513322     -0.12525714     0.039644525     -0.41232138
           0.13           0.042          -0.086     -0.21837289      -0.1262464     0.040908267      -0.4147794
           0.13           0.042          -0.082     -0.23556235     -0.13289431     0.039950646      -0.4166813
           0.13           0.042          -0.078     -0.24348867     -0.14062943     0.037693393     -0.41822055
           0.13           0.042          -0.074     -0.24519992     -0.14854056     0.034490185      -0.4194903
           0.13           0.042           -0.07     -0.24213355      -0.1564088     0.030627806      -0.4206286
           0.13           0.042          -0.066     -0.23456043     -0.16392551     0.026315775     -0.42181495
           0.13           0.042          -0.062     -0.22118159     -0.17021129     0.021854817     -0.42319181
           0.13           0.042          -0.058     -0.19894041     -0.17312249     0.018212961     -0.42473006
           0.13           0.042          -0.054      -0.1623692      -0.1686064     0.017509462      -0.4264101
           0.13           0.042           -0.05        -0.10197     -0.15094639     0.022764727     -0.42831721
           0.13           0.042          -0.046   -0.0064784958     -0.11642378     0.035244015     -0.43059312
           0.13           0.042          -0.042      0.12845839    -0.070730363     0.050169161     -0.43293571
           0.13           0.042          -0.038      0.29631161    -0.028061098      0.05963081     -0.43351974
           0.13           0.042          -0.034      0.49103088    0.0012143459     0.060872041     -0.43105178
           0.13           0.042           -0.03      0.72040894     0.015632541     0.056343996     -0.42647567
           0.13           0.042          -0.026       1.0063387     0.021114342     0.050105023     -0.42151558
           0.13           0.042          -0.022       1.3594725     0.027933488     0.048937628     -0.41548544
           0.13           0.042          -0.018       1.7512878     0.036529038     0.055135161     -0.40689748
           0.13           0.042          -0.014       2.1269319     0.030539591     0.057565745     -0.39503837
           0.13           0.042           -0.01       2.3975371      0.01255287     0.045088117     -0.38590745
           0.13           0.042          -0.006       2.5462463   0.00036561492     0.017206446     -0.38395954
           0.13           0.042          -0.002       2.6042988     0.021692173    0.0097161912     -0.37799565
           0.13           0.042           0.002        2.202764     0.041987853    -0.010444153     -0.37983694
           0.13           0.042           0.006       2.5602136      0.01102942    -0.037767532     -0.37866701
           0.13           0.042            0.01       2.5383281     0.012858022    -0.035546465     -0.37986863
           0.13           0.042           0.014       2.4156349     0.016529058    -0.043955844     -0.38087103
           0.13           0.042           0.018       2.1542702     0.030207412    -0.037815859     -0.38618164
           0.13           0.042           0.022       1.7713903     0.025918199    -0.018629772     -0.39940712
           0.13           0.042           0.026       1.3787913   0.00020866369  -0.00098604535     -0.41068766
           0.13           0.042            0.03       1.0055007    -0.032300024     0.010721455     -0.42273651
           0.13           0.042           0.034        0.686813    -0.054879418     0.010569232       -0.431186
           0.13           0.042           0.038      0.43301726    -0.064091662    0.0016006001     -0.43891966
           0.13           0.042           0.042      0.24439929    -0.056494338    -0.015940391     -0.44437725
           0.13           0.042           0.046      0.11683719    -0.032362647    -0.037201197     -0.44701989
           0.13           0.042            0.05     0.044528034    0.0039286588    -0.056562391     -0.44727128
           0.13           0.042           0.054     0.022833513     0.042075226    -0.072595744     -0.44692588
           0.13           0.042           0.058     0.045118808     0.066950088    -0.094980125     -0.44809718
           0.13           0.042           0.062     0.095731177     0.072113442      -0.1360677     -0.45104486
           0.13           0.042           0.066      0.15316492     0.070263537     -0.18990103     -0.45480332
           0.13           0.042            0.07      0.20245653     0.079348783     -0.22820009      -0.4583458
           0.13           0.042           0.074      0.24268978      0.10007513     -0.23669181     -0.46008797
           0.13           0.042           0.078      0.27459993      0.12018299     -0.22977216      -0.4596749
           0.13           0.042           0.082      0.29496976      0.13381458     -0.19797743     -0.45872861
           0.13           0.042           0.086      0.31126481      0.14019309     -0.15791704     -0.45884571
           0.13           0.042            0.09      0.32646094      0.13855434     -0.12091059     -0.46022353
           0.13           0.042           0.094      0.32614284      0.13490521    -0.083846405     -0.45650693
           0.13           0.042           0.098      0.21690269      0.14025025    -0.031446709     -0.44522746
           0.13           0.046          -0.098    -0.067137842     -0.17096887     0.019934501       -0.404378
           0.13           0.046          -0.094     -0.18808537     -0.14471605     0.035276064     -0.40595145
           0.13           0.046           -0.09     -0.24422108     -0.12641317     0.043384642     -0.40936077
           0.13           0.046          -0.086     -0.27037285     -0.12715247     0.045464762     -0.41209161
           0.13           0.046          -0.082     -0.28281537     -0.13336438     0.045003928     -0.41429598
           0.13           0.046          -0.078     -0.28753274     -0.14085823       0.0427668     -0.41619328
           0.13           0.046          -0.074     -0.28714902     -0.14879174     0.039121102     -0.41784059
           0.13           0.046           -0.07     -0.28296797     -0.15695977     0.034404613     -0.41933754
           0.13           0.046          -0.066     -0.27542196     -0.16514856     0.028874016     -0.42079626
           0.13           0.046          -0.062      -0.2640158     -0.17281668     0.022751652     -0.42236408
           0.13           0.046          -0.058     -0.24684001     -0.17861398     0.016542136     -0.42412789
           0.13           0.046          -0.054     -0.22025986      -0.1795135     0.011584836     -0.42616749
           0.13           0.046           -0.05     -0.17741135     -0.16988936     0.010450278      -0.4286746
           0.13           0.046          -0.046     -0.10691334     -0.14261107     0.016033377     -0.43195478
           0.13           0.046          -0.042    0.0017409027    -0.097642189     0.027147965      -0.4358339
           0.13           0.046          -0.038       0.1452372    -0.051135135     0.037625297     -0.43803759
           0.13           0.046          -0.034      0.31375189    -0.017951896     0.043817389     -0.43645749
           0.13           0.046           -0.03      0.50977504   0.00011320271     0.047088308     -0.43230109
           0.13           0.046          -0.026      0.74689141     0.010726593     0.049448392     -0.42753798
           0.13           0.046          -0.022       1.0319881     0.024800193     0.053291962     -0.42289906
           0.13           0.046          -0.018       1.3526505       0.0451808     0.061596969     -0.41624081
           0.13           0.046          -0.014       1.6809082     0.062254426     0.064100348     -0.40896495
           0.13           0.046           -0.01       2.0016646      0.06085937     0.056502951     -0.39880539
           0.13           0.046          -0.006       2.2767546     0.042351902     0.036148783      -0.3890768
           0.13           0.046          -0.002       2.2780979     0.047785718     0.012663446     -0.38470287
           0.13           0.046           0.002        1.844715     0.056048286   -0.0079324864     -0.38792103
           0.13           0.046           0.006       2.0889263     0.038549563    -0.051971864     -0.38813001
           0.13           0.046            0.01       2.2071203     0.035694206    -0.050050558     -0.38363577
           0.13           0.046           0.014       1.9748353     0.047607499     -0.04626499     -0.39075358
           0.13           0.046           0.018       1.6745063     0.045248501    -0.037059045     -0.39824617
           0.13           0.046           0.022       1.3482783     0.021530714    -0.021977887     -0.40746254
           0.13           0.046           0.026       1.0214859    -0.011424117   -0.0076323506     -0.41677692
           0.13           0.046            0.03       0.7153077    -0.043266894   -0.0029617757     -0.42577997
           0.13           0.046           0.034      0.45090074    -0.062088407    -0.010402218     -0.43347176
           0.13           0.046           0.038      0.24087345    -0.064847794     -0.02784359     -0.44004209
           0.13           0.046           0.042     0.088437802    -0.051215942    -0.050843749     -0.44441055
           0.13           0.046           0.046   -0.0096600765    -0.024344132    -0.071993176     -0.44657265
           0.13           0.046            0.05    -0.058826548     0.010664366    -0.084844825     -0.44751127
           0.13           0.046           0.054    -0.065493112     0.046755908    -0.088433978     -0.44866795
           0.13           0.046           0.058    -0.040458589      0.07460189    -0.089581232     -0.45123825
           0.13           0.046           0.062     0.001135476     0.087908848    -0.099069107     -0.45535685
           0.13           0.046           0.066     0.045673341     0.089444602     -0.11924016     -0.46041224
           0.13           0.046            0.07     0.085578026     0.089124508     -0.14255138     -0.46569902
           0.13           0.046           0.074      0.11874717     0.093426845     -0.15793637     -0.47073086
           0.13           0.046           0.078      0.14542374     0.098912249     -0.15773669     -0.47516656
           0.13           0.046           0.082       0.1667865      0.10158555     -0.15104818     -0.47941078
           0.13           0.046           0.086       0.1828079      0.10554038     -0.15060036      -0.4863182
           0.13           0.046            0.09      0.18969221      0.11845981     -0.16157154     -0.49514178
           0.13           0.046           0.094      0.16059133      0.14651826     -0.15022326     -0.49134126
           0.13           0.046           0.098     0.050268307       0.1461018    -0.061938338     -0.47051672
           0.13            0.05          -0.098      -0.1239313     -0.17026213     0.022667597      -0.3990252
           0.13            0.05          -0.094     -0.25622301      -0.1470209      0.04052644      -0.4013028
           0.13            0.05           -0.09     -0.30392904     -0.12938119      0.04947824     -0.40547357
           0.13            0.05          -0.086     -0.32237205     -0.12878103     0.051871117     -0.40870942
           0.13            0.05          -0.082     -0.32946189     -0.13382382     0.051488273     -0.41137834
           0.13            0.05          -0.078     -0.33047762      -0.1405675     0.049036477     -0.41374523
           0.13            0.05          -0.074     -0.32752022     -0.14812176     0.044887341     -0.41585801
           0.13            0.05           -0.07     -0.32161328     -0.15622779     0.039392841     -0.41780002
           0.13            0.05          -0.066     -0.31310426     -0.16465479     0.032781178     -0.41966137
           0.13            0.05          -0.062     -0.30168367     -0.17297093      0.02520916      -0.4215401
           0.13            0.05          -0.058     -0.28600637     -0.18021598     0.016894348     -0.42354064
           0.13            0.05          -0.054     -0.26321004     -0.18404174    0.0084319843     -0.42581473
           0.13            0.05           -0.05     -0.22776737     -0.17945586    0.0013754708     -0.42858949
           0.13            0.05          -0.046     -0.16978153      -0.1580901   -0.0018879929       -0.432348
           0.13            0.05          -0.042    -0.077427074     -0.11579002  -0.00072293161     -0.43714557
           0.13            0.05          -0.038     0.047258202     -0.07027131    0.0043864962     -0.44005909
           0.13            0.05          -0.034       0.1882816      -0.0402453     0.012367349     -0.43884745
           0.13            0.05           -0.03      0.34395668    -0.025061746     0.023288694      -0.4350109
           0.13            0.05          -0.026      0.52687688    -0.014234257      0.03619801     -0.43084418
           0.13            0.05          -0.022      0.74754115    0.0032966752      0.04910761     -0.42727978
           0.13            0.05          -0.018       1.0006449     0.030864315     0.061536195     -0.42349474
           0.13            0.05          -0.014       1.2687653     0.060388061     0.070297356     -0.41828502
           0.13            0.05           -0.01       1.5284463     0.082218844     0.069774185     -0.41140878
           0.13            0.05          -0.006       1.7222899     0.085492496     0.055281933     -0.40382218
           0.13            0.05          -0.002       1.6960014     0.076429604     0.027795682     -0.39801812
           0.13            0.05           0.002       1.4632925     0.060787725   -0.0034596551     -0.39686459
           0.13            0.05           0.006       1.5082359     0.052974334    -0.041638997     -0.39941052
           0.13            0.05            0.01       1.5574715     0.055559471    -0.055702682     -0.40092155
           0.13            0.05           0.014       1.4343642     0.052926271    -0.053184191     -0.40342955
           0.13            0.05           0.018       1.2172122     0.034856716    -0.041654625     -0.40761055
           0.13            0.05           0.022       0.9604057    0.0052240325    -0.027977938     -0.41422633
           0.13            0.05           0.026      0.69819306    -0.026419541    -0.021268676     -0.42103173
           0.13            0.05            0.03      0.45226667    -0.051063887    -0.026207689     -0.42804513
           0.13            0.05           0.034       0.2412876    -0.061537366    -0.043622682     -0.43419021
           0.13            0.05           0.038     0.076099796    -0.056973091    -0.069159246      -0.4388362
           0.13            0.05           0.042     -0.04177413    -0.040311855    -0.095870911     -0.44149631
           0.13            0.05           0.046      -0.1164386    -0.016572543     -0.11677892     -0.44270728
           0.13            0.05            0.05     -0.15368304    0.0096967268     -0.12737622     -0.44359222
           0.13            0.05           0.054     -0.16035854     0.034932194     -0.12637748     -0.44527995
           0.13            0.05           0.058     -0.14495887     0.056138312     -0.11674999     -0.44853074
           0.13            0.05           0.062      -0.1173283     0.071719466     -0.10487844     -0.45348859
           0.13            0.05           0.066     -0.08654531     0.080571662    -0.096525619     -0.45950856
           0.13            0.05            0.07    -0.057704283     0.082949934    -0.093586186     -0.46589631
           0.13            0.05           0.074    -0.033249392     0.080556493    -0.093770532      -0.4719737
           0.13            0.05           0.078    -0.014093538     0.078187164    -0.092876065     -0.47688988
           0.13            0.05           0.082   -0.0039356104     0.086182612    -0.099460698     -0.48115845
           0.13            0.05           0.086    -0.017488135      0.11353884     -0.12748728     -0.48814023
           0.13            0.05            0.09    -0.073941828      0.15197464     -0.16180727     -0.49702465
           0.13            0.05           0.094     -0.17350115      0.16328608     -0.16788144     -0.49428511
           0.13            0.05           0.098     -0.21380074     0.084853039    -0.054129571     -0.47345405
           0.13           0.054          -0.098     -0.17674817     -0.17048049     0.026969769     -0.39272438
           0.13           0.054          -0.094     -0.32108427     -0.15067742     0.047784928     -0.39585925
           0.13           0.054           -0.09     -0.36191234     -0.13300397     0.057168081     -0.40083475
           0.13           0.054          -0.086     -0.37284919     -0.13046378     0.059483724     -0.40475207
           0.13           0.054          -0.082     -0.37455108     -0.13394351     0.058786093     -0.40801191
           0.13           0.054          -0.078     -0.37179939     -0.13966205     0.055908121     -0.41093645
           0.13           0.054          -0.074     -0.36614663     -0.14661313     0.051212435     -0.41358458
           0.13           0.054           -0.07     -0.35831313     -0.15442927     0.045025573     -0.41604596
           0.13           0.054          -0.066     -0.34847819     -0.16280266     0.037516644     -0.41840856
           0.13           0.054          -0.062     -0.33623534     -0.17128114     0.028755341     -0.42074695
           0.13           0.054          -0.058     -0.32030171     -0.17899581     0.018752007      -0.4231389
           0.13           0.054          -0.054     -0.29786521     -0.18383181    0.0075622151     -0.42573785
           0.13           0.054           -0.05     -0.26324901     -0.18099523   -0.0041730515     -0.42872522
           0.13           0.054          -0.046     -0.20626955     -0.16106754    -0.015792799     -0.43272004
           0.13           0.054          -0.042     -0.11646918     -0.11899137    -0.028007777       -0.438017
           0.13           0.054          -0.038   -0.0024637042    -0.078138057    -0.033860182     -0.44062053
           0.13           0.054          -0.034      0.11298545    -0.059525385    -0.027207738     -0.43863661
           0.13           0.054           -0.03      0.22686921    -0.055717553   -0.0091635057     -0.43447808
           0.13           0.054          -0.026      0.35393736    -0.051357273     0.015420963     -0.43105098
           0.13           0.054          -0.022      0.51316304    -0.033301535     0.038210209      -0.4289333
           0.13           0.054          -0.018      0.70857778  -2.2652703e-05     0.054917773     -0.42711844
           0.13           0.054          -0.014      0.92307928     0.038914143     0.063858805     -0.42415207
           0.13           0.054           -0.01       1.1298813     0.072273893      0.06462551     -0.41773492
           0.13           0.054          -0.006       1.2738774        0.088393     0.054298883     -0.40950005
           0.13           0.054          -0.002       1.2679629     0.082109143     0.032703379        -0.40294
           0.13           0.054           0.002       1.1441498     0.063226767   -0.0011773374     -0.40148798
           0.13           0.054           0.006       1.1122357     0.049903952    -0.036037554      -0.4033291
           0.13           0.054            0.01       1.0983097     0.045071794    -0.052152492     -0.40556835
           0.13           0.054           0.014       1.0011155      0.03429855    -0.051787695     -0.40869017
           0.13           0.054           0.018      0.83350188     0.013095489    -0.043401761     -0.41329325
           0.13           0.054           0.022      0.63261126    -0.013836261     -0.03821038     -0.41848578
           0.13           0.054           0.026      0.42620663     -0.03767187    -0.042136868     -0.42397754
           0.13           0.054            0.03      0.23530686    -0.051920143    -0.057715295     -0.42934279
           0.13           0.054           0.034     0.074936344    -0.053379453    -0.082644273     -0.43359218
           0.13           0.054           0.038    -0.048524141    -0.043984592     -0.11076366     -0.43620533
           0.13           0.054           0.042     -0.13632793    -0.028274626     -0.13582715     -0.43724606
           0.13           0.054           0.046     -0.19366211    -0.010864338       -0.153732     -0.43743157
           0.13           0.054            0.05     -0.22737255    0.0051784917     -0.16298644     -0.43771552
           0.13           0.054           0.054     -0.24406103     0.018578309     -0.16367045     -0.43886739
           0.13           0.054           0.058     -0.24904873     0.029965505     -0.15686363     -0.44147035
           0.13           0.054           0.062     -0.24633404      0.04116393     -0.14465288     -0.44579824
           0.13           0.054           0.066     -0.23774128     0.052707012     -0.12991178     -0.45165837
           0.13           0.054            0.07     -0.22386791       0.0634035     -0.11625751     -0.45828529
           0.13           0.054           0.074     -0.20597853     0.072065088     -0.10709483     -0.46454761
           0.13           0.054           0.078     -0.18847472      0.08063335     -0.10440505     -0.46921873
           0.13           0.054           0.082      -0.1833601     0.093776172     -0.11014574     -0.47208451
           0.13           0.054           0.086     -0.20978021      0.10880666     -0.12215245     -0.47429622
           0.13           0.054            0.09      -0.2770792      0.10668508     -0.12729313     -0.47505246
           0.13           0.054           0.094     -0.35611112     0.063959242    -0.085974871     -0.46728402
           0.13           0.054           0.098     -0.36559343   -0.0094488415   0.00015006484     -0.45073856
           0.13           0.058          -0.098     -0.22304983     -0.17173977     0.032027768     -0.38566387
           0.13           0.058          -0.094     -0.38037723     -0.15460978     0.055957495     -0.38969633
           0.13           0.058           -0.09     -0.41563563     -0.13631528     0.065766056     -0.39555606
           0.13           0.058          -0.086     -0.42025622     -0.13162725      0.06768945     -0.40034244
           0.13           0.058          -0.082     -0.41719197      -0.1334406     0.066328562     -0.40429387
           0.13           0.058          -0.078      -0.4109859     -0.13805682     0.062844826     -0.40783917
           0.13           0.058          -0.074     -0.40278821     -0.14431624     0.057562036     -0.41106945
           0.13           0.058           -0.07     -0.39307563     -0.15171918      0.05074091     -0.41409729
           0.13           0.058          -0.066     -0.38185888     -0.15984885     0.042478153     -0.41703249
           0.13           0.058          -0.062     -0.36856517     -0.16815479      0.03275183     -0.41996095
           0.13           0.058          -0.058     -0.35170283      -0.1756717     0.021416278     -0.42295206
           0.13           0.058          -0.054     -0.32798628     -0.18014926    0.0081388138     -0.42616145
           0.13           0.058           -0.05     -0.29046072     -0.17628671   -0.0069647069     -0.42963968
           0.13           0.058          -0.046     -0.22594518     -0.15293819    -0.025426568     -0.43417489
           0.13           0.058          -0.042     -0.12470587     -0.10716614    -0.050405416     -0.44000678
           0.13           0.058          -0.038    -0.010089339     -0.07522171    -0.066736732      -0.4419422
           0.13           0.058          -0.034      0.08931875    -0.076802213    -0.060113154     -0.43845371
           0.13           0.058           -0.03      0.17430851    -0.091176923    -0.034464166     -0.43323104
           0.13           0.058          -0.026      0.25675082    -0.097008796  -0.00090524472     -0.43026341
           0.13           0.058          -0.022      0.35454391    -0.079392926     0.027514508     -0.42974769
           0.13           0.058          -0.018      0.49051305    -0.039372476      0.04441846     -0.42998085
           0.13           0.058          -0.014       0.6597543      0.01009029     0.049063505     -0.42851563
           0.13           0.058           -0.01      0.82740163     0.054467813     0.044775761     -0.42375038
           0.13           0.058          -0.006      0.94524567     0.081446052     0.033497271     -0.41570834
           0.13           0.058          -0.002      0.95863282     0.083035307     0.014690183     -0.40849122
           0.13           0.058           0.002       0.8870909     0.066415393    -0.012127065     -0.40648029
           0.13           0.058           0.006      0.82688823     0.047555306    -0.037858511     -0.40827176
           0.13           0.058            0.01      0.76925866     0.032403424    -0.050384136     -0.41075161
           0.13           0.058           0.014      0.67123504      0.01445984    -0.051753591     -0.41385599
           0.13           0.058           0.018      0.53304362   -0.0070030528    -0.050791866     -0.41758371
           0.13           0.058           0.022       0.3748375    -0.027507627    -0.055318766     -0.42181454
           0.13           0.058           0.026       0.2169752    -0.041736465    -0.068890366     -0.42609851
           0.13           0.058            0.03     0.075223704    -0.046655443    -0.090610435     -0.42979725
           0.13           0.058           0.034    -0.041441421    -0.042533408     -0.11601698     -0.43223365
           0.13           0.058           0.038     -0.13114968    -0.032573119     -0.13977169     -0.43329419
           0.13           0.058           0.042     -0.19672868    -0.020561692     -0.15830965     -0.43334957
           0.13           0.058           0.046     -0.24314963   -0.0093762935     -0.17031279     -0.43306645
           0.13           0.058            0.05     -0.27620827  -0.00033681298     -0.17626767     -0.43306383
           0.13           0.058           0.054     -0.30063285    0.0064697597     -0.17707938     -0.43378552
           0.13           0.058           0.058     -0.31974964     0.012029215     -0.17355814     -0.43542612
           0.13           0.058           0.062     -0.33547824     0.017611252     -0.16614466     -0.43798459
           0.13           0.058           0.066     -0.34764655     0.024168309     -0.15514509     -0.44147673
           0.13           0.058            0.07     -0.35493193     0.032292457     -0.14141757     -0.44568101
           0.13           0.058           0.074     -0.35662899     0.042148892     -0.12613758     -0.44996438
           0.13           0.058           0.078     -0.35441111     0.052841877     -0.11014835     -0.45325304
           0.13           0.058           0.082      -0.3554007     0.060902852    -0.092656272     -0.45460684
           0.13           0.058           0.086     -0.37101442     0.057749238    -0.071921461     -0.45411636
           0.13           0.058            0.09     -0.40334123      0.03359452    -0.044417843      -0.4511507
           0.13           0.058           0.094     -0.42389048   -0.0035007319    -0.012917464     -0.44218276
           0.13           0.058           0.098     -0.35791222    -0.024093782     0.001047886     -0.43037919
           0.13           0.062          -0.098     -0.25807794     -0.17259615     0.037555235     -0.37828936
           0.13           0.062          -0.094     -0.43008112     -0.15808308      0.06435337     -0.38315601
           0.13           0.062           -0.09     -0.46270917     -0.13878199     0.074627959     -0.39000502
           0.13           0.062          -0.086     -0.46358523     -0.13193523     0.075868577     -0.39568884
           0.13           0.062          -0.082     -0.45680419     -0.13214792     0.073626293     -0.40035316
           0.13           0.062          -0.078     -0.44765393      -0.1357035     0.069430375     -0.40453428
           0.13           0.062          -0.074     -0.43720414     -0.14126371       0.0635395     -0.40835711
           0.13           0.062           -0.07      -0.4257855     -0.14819378     0.056123515     -0.41197681
           0.13           0.062          -0.066     -0.41328552     -0.15595307     0.047193581     -0.41554749
           0.13           0.062          -0.062     -0.39896836     -0.16384537     0.036635175     -0.41919307
           0.13           0.062          -0.058     -0.38104658     -0.17068495     0.024166506      -0.4230162
           0.13           0.062          -0.054     -0.35547606     -0.17385978    0.0091461933     -0.42722595
           0.13           0.062           -0.05      -0.3131982     -0.16686965   -0.0084817195     -0.43177301
           0.13           0.062          -0.046     -0.23552814     -0.13643225    -0.032746278     -0.43776571
           0.13           0.062          -0.042     -0.11319123     -0.08722643    -0.065708057      -0.4442718
           0.13           0.062          -0.038     0.010681113    -0.073445041    -0.083828014     -0.44558747
           0.13           0.062          -0.034      0.11177194     -0.10558945    -0.071218616     -0.44090721
           0.13           0.062           -0.03      0.19447303     -0.13849887    -0.039869046     -0.43515609
           0.13           0.062          -0.026      0.25981184     -0.14309024   -0.0081202061     -0.43216491
           0.13           0.062          -0.022      0.31162271     -0.11735406     0.013641993     -0.43191335
           0.13           0.062          -0.018      0.38024426    -0.071357079     0.023276792     -0.43303696
           0.13           0.062          -0.014      0.49268029    -0.015381618     0.019828751     -0.43250177
           0.13           0.062           -0.01      0.62288164     0.036525073     0.007399146      -0.4277873
           0.13           0.062          -0.006      0.71721602     0.070446232   -0.0068426025     -0.41964547
           0.13           0.062          -0.002      0.73239861     0.077498105    -0.021421023     -0.41251966
           0.13           0.062           0.002      0.67895897      0.06198851    -0.036419212     -0.41025234
           0.13           0.062           0.006      0.60673721     0.038290226    -0.049098652     -0.41162036
           0.13           0.062            0.01      0.52687165     0.016135574    -0.055610664     -0.41407227
           0.13           0.062           0.014      0.42797463   -0.0040062183    -0.058916301     -0.41714162
           0.13           0.062           0.018      0.31188871    -0.021470389    -0.064749254     -0.42055205
           0.13           0.062           0.022      0.18940698    -0.034178598    -0.076656716     -0.42406061
           0.13           0.062           0.026     0.072680868    -0.040281727    -0.094643372     -0.42714495
           0.13           0.062            0.03    -0.029739649    -0.039709227     -0.11576907     -0.42933158
           0.13           0.062           0.034     -0.11428651    -0.034175092      -0.1361533     -0.43039558
           0.13           0.062           0.038     -0.18132878    -0.026299353      -0.1528613     -0.43051106
           0.13           0.062           0.042     -0.23332969    -0.018451045     -0.16456487      -0.4301068
           0.13           0.062           0.046     -0.27382089     -0.01208297     -0.17146835     -0.42965077
           0.13           0.062            0.05     -0.30675923   -0.0075406738     -0.17443856     -0.42947987
           0.13           0.062           0.054     -0.33498167   -0.0044981306     -0.17426475     -0.42978895
           0.13           0.062           0.058     -0.36027097   -0.0021108301     -0.17148708     -0.43061678
           0.13           0.062           0.062     -0.38362638   0.00044408162     -0.16619948     -0.43188552
           0.13           0.062           0.066     -0.40511415    0.0035364806     -0.15820544     -0.43347861
           0.13           0.062            0.07     -0.42427673    0.0072403565     -0.14716186      -0.4351994
           0.13           0.062           0.074     -0.44068674     0.011480298     -0.13255707     -0.43675353
           0.13           0.062           0.078     -0.45438483     0.015827114     -0.11372274     -0.43771406
           0.13           0.062           0.082     -0.46627489      0.01847641    -0.090344694     -0.43760246
           0.13           0.062           0.086     -0.47761562     0.015831246    -0.064582856     -0.43614867
           0.13           0.062            0.09     -0.48540147    0.0065225491    -0.042135962     -0.43241336
           0.13           0.062           0.094      -0.4681863   -0.0065917538    -0.029555512     -0.42507187
           0.13           0.062           0.098     -0.34691613    -0.025735707    -0.017952669     -0.41719499
           0.13           0.066          -0.098     -0.27660144     -0.16972705     0.043218543      -0.3710322
           0.13           0.066          -0.094     -0.47052629     -0.16039191     0.073254521     -0.37663323
           0.13           0.066           -0.09     -0.50333031     -0.14018583       0.0835051     -0.38456574
           0.13           0.066          -0.086     -0.50261604      -0.1312847      0.08357013     -0.39100428
           0.13           0.066          -0.082     -0.49314876     -0.13002121     0.080342153       -0.396316
           0.13           0.066          -0.078     -0.48159027     -0.13260063     0.075411728     -0.40108783
           0.13           0.066          -0.074     -0.46920661     -0.13748239     0.068923638      -0.4054723
           0.13           0.066           -0.07     -0.45629699     -0.14389417     0.060934232     -0.40968409
           0.13           0.066          -0.066     -0.44268537     -0.15116699     0.051353387     -0.41393267
           0.13           0.066          -0.062     -0.42749897     -0.15841459     0.039965028     -0.41840915
           0.13           0.066          -0.058     -0.40858441     -0.16412452     0.026329094     -0.42330061
           0.13           0.066          -0.054     -0.38082028     -0.16514446    0.0096168224     -0.42889054
           0.13           0.066           -0.05     -0.33183165     -0.15337532    -0.010631463     -0.43528775
           0.13           0.066          -0.046     -0.23692157     -0.11524016    -0.040077947     -0.44368253
           0.13           0.066          -0.042    -0.092792355    -0.070108682    -0.073442333     -0.45062519
           0.13           0.066          -0.038     0.043842757    -0.085659368    -0.084971754     -0.45117545
           0.13           0.066          -0.034      0.15813468      -0.1531215     -0.06668593      -0.4453806
           0.13           0.066           -0.03      0.24712321     -0.18766976    -0.043568108     -0.43926755
           0.13           0.066          -0.026      0.30117687     -0.17137649    -0.025245633     -0.43614764
           0.13           0.066          -0.022      0.32842889     -0.12934305    -0.015979569      -0.4356269
           0.13           0.066          -0.018      0.35820489    -0.078535462     -0.01727767     -0.43595018
           0.13           0.066          -0.014       0.4183679    -0.023577423    -0.029868808     -0.43496495
           0.13           0.066           -0.01      0.50177473     0.027467539    -0.047231651     -0.43013418
           0.13           0.066          -0.006      0.55989912      0.06043374    -0.059665467     -0.42238187
           0.13           0.066          -0.002      0.55923797     0.066458163    -0.065248803     -0.41581735
           0.13           0.066           0.002      0.50637791      0.04917742    -0.066795703     -0.41349599
           0.13           0.066           0.006      0.43046683     0.023127416    -0.067103304      -0.4144477
           0.13           0.066            0.01      0.34631879  -0.00024747576    -0.068228165      -0.4167741
           0.13           0.066           0.014      0.25586761    -0.017849394     -0.07263935     -0.41965649
           0.13           0.066           0.018      0.16188331    -0.029481838    -0.081985983     -0.42260933
           0.13           0.066           0.022     0.069347985    -0.035617276    -0.095998558     -0.42522985
           0.13           0.066           0.026    -0.016470862    -0.036850816     -0.11265854     -0.42714748
           0.13           0.066            0.03     -0.09223412    -0.034307498     -0.12926962     -0.42819463
           0.13           0.066           0.034     -0.15683967    -0.029566048     -0.14359919     -0.42841238
           0.13           0.066           0.038      -0.2107489    -0.024287748     -0.15437072     -0.42806991
           0.13           0.066           0.042     -0.25538127    -0.019817596     -0.16137168     -0.42747515
           0.13           0.066           0.046     -0.29309834    -0.016778373      -0.1651728     -0.42691445
           0.13           0.066            0.05     -0.32630287    -0.015169774     -0.16640525     -0.42651883
           0.13           0.066           0.054     -0.35647663    -0.014586028     -0.16558304     -0.42633491
           0.13           0.066           0.058      -0.3844823    -0.014386272     -0.16302638     -0.42636573
           0.13           0.066           0.062     -0.41082442    -0.013990419     -0.15877135     -0.42655296
           0.13           0.066           0.066     -0.43559734    -0.013152762     -0.15267109     -0.42679312
           0.13           0.066            0.07     -0.45866657    -0.011917735     -0.14447375     -0.42692244
           0.13           0.066           0.074     -0.47980483     -0.01051546     -0.13385984     -0.42671197
           0.13           0.066           0.078     -0.49873514   -0.0092794203     -0.12051124     -0.42586355
           0.13           0.066           0.082     -0.51495787   -0.0087603662     -0.10447252     -0.42410262
           0.13           0.066           0.086      -0.5270849    -0.010002863    -0.086957136     -0.42123809
           0.13           0.066            0.09     -0.52956868    -0.014502178    -0.069408052     -0.41677272
           0.13           0.066           0.094     -0.50300507    -0.025683193    -0.050201376     -0.41081569
           0.13           0.066           0.098     -0.36407781    -0.043665915     -0.02270262     -0.40536629
           0.13            0.07          -0.098     -0.26773506     -0.15811874     0.046121555     -0.36481413
           0.13            0.07          -0.094     -0.50083344     -0.16050298     0.083029866     -0.37072567
           0.13            0.07           -0.09       -0.539033     -0.14053577     0.092119328     -0.37960968
           0.13            0.07          -0.086     -0.53769231     -0.12972831      0.09044565     -0.38645799
           0.13            0.07          -0.082     -0.52623759     -0.12709932     0.086291687       -0.392268
           0.13            0.07          -0.078     -0.51270379     -0.12878024      0.08070325      -0.3975273
           0.13            0.07          -0.074     -0.49865697     -0.13298464     0.073665171     -0.40240561
           0.13            0.07           -0.07     -0.48445569     -0.13880104     0.065106607     -0.40718066
           0.13            0.07          -0.066     -0.46990348     -0.14543751     0.054832514     -0.41212359
           0.13            0.07          -0.062      -0.4540113     -0.15176024     0.042512941     -0.41752688
           0.13            0.07          -0.058     -0.43411566     -0.15581915     0.027536847     -0.42371788
           0.13            0.07          -0.054      -0.4034385     -0.15371955    0.0089802223     -0.43107194
           0.13            0.07           -0.05     -0.34486428     -0.13637235    -0.014400505     -0.44008556
           0.13            0.07          -0.046     -0.22996159    -0.094150016    -0.047459404     -0.45136807
           0.13            0.07          -0.042    -0.068201357    -0.061892653    -0.074805383     -0.45839044
           0.13            0.07          -0.038     0.081861796     -0.11123989    -0.079704485     -0.45777249
           0.13            0.07          -0.034      0.20878064     -0.19758062     -0.06728567     -0.45031471
           0.13            0.07           -0.03      0.29246691     -0.21118416    -0.063782171     -0.44247969
           0.13            0.07          -0.026       0.3239453     -0.17170244    -0.057854825     -0.43876417
           0.13            0.07          -0.022       0.3348949     -0.11904032    -0.059122991     -0.43713429
           0.13            0.07          -0.018      0.35087167    -0.066695248    -0.070125772     -0.43611422
           0.13            0.07          -0.014      0.38295297    -0.016772687    -0.088086856     -0.43414064
           0.13            0.07           -0.01      0.42310076     0.025410694      -0.1041227     -0.42952854
           0.13            0.07          -0.006      0.44206741     0.049553609     -0.10956635     -0.42303664
           0.13            0.07          -0.002      0.42056681     0.048814196     -0.10481361     -0.41770252
           0.13            0.07           0.002      0.36465373      0.02869226     -0.09482168     -0.41570671
           0.13            0.07           0.006      0.29285698    0.0033524773    -0.086733424     -0.41656922
           0.13            0.07            0.01      0.21774749    -0.016191163    -0.084180504     -0.41879024
           0.13            0.07           0.014       0.1430675    -0.027882058     -0.08794584     -0.42134021
           0.13            0.07           0.018     0.069719668     -0.03345569    -0.096768759     -0.42366886
           0.13            0.07           0.022   -0.0008783984    -0.034969197     -0.10863345      -0.4254337
           0.13            0.07           0.026    -0.066909611     -0.03378732     -0.12136335     -0.42648593
           0.13            0.07            0.03      -0.1269791    -0.030991757     -0.13313414     -0.42683635
           0.13            0.07           0.034     -0.18040054    -0.027607122     -0.14271994     -0.42662649
           0.13            0.07           0.038     -0.22730901    -0.024595924     -0.14964731     -0.42606989
           0.13            0.07           0.042     -0.26858186    -0.022602102     -0.15399279     -0.42537326
           0.13            0.07           0.046     -0.30554582    -0.021873133     -0.15614053     -0.42464459
           0.13            0.07            0.05     -0.33941831     -0.02225673     -0.15650107     -0.42391716
           0.13            0.07           0.054     -0.37095701    -0.023316586     -0.15542574     -0.42321019
           0.13            0.07           0.058     -0.40058458    -0.024559309     -0.15313514     -0.42252918
           0.13            0.07           0.062     -0.42853074    -0.025603479     -0.14968085     -0.42182663
           0.13            0.07           0.066     -0.45483442    -0.026300914     -0.14499115     -0.42101423
           0.13            0.07            0.07     -0.47939642    -0.026722948     -0.13892814     -0.41996017
           0.13            0.07           0.074       -0.502028    -0.027071985     -0.13133566     -0.41849091
           0.13            0.07           0.078     -0.52243515    -0.027612349     -0.12204263     -0.41639972
           0.13            0.07           0.082     -0.54005777    -0.028767507     -0.11087128     -0.41350852
           0.13            0.07           0.086     -0.55329649    -0.031333377    -0.097591776     -0.40973863
           0.13            0.07            0.09     -0.55627606    -0.036799663    -0.081047828      -0.4049754
           0.13            0.07           0.094     -0.53205609    -0.048378656    -0.058335245     -0.39952702
           0.13            0.07           0.098     -0.39314657    -0.059827636    -0.026029266     -0.39410361
           0.13           0.074          -0.098     -0.21349329     -0.13293053     0.039506269     -0.36224945
           0.13           0.074          -0.094     -0.51496539      -0.1551561     0.090534488      -0.3664164
           0.13           0.074           -0.09     -0.57052953     -0.13920063     0.098749451     -0.37527214
           0.13           0.074          -0.086     -0.56939959     -0.12729157     0.096194263     -0.38210885
           0.13           0.074          -0.082     -0.55620886     -0.12347952     0.091462713      -0.3882314
           0.13           0.074          -0.078     -0.54094749     -0.12430527     0.085379058      -0.3938304
           0.13           0.074          -0.074     -0.52542756     -0.12776394     0.077868905     -0.39910681
           0.13           0.074           -0.07     -0.51007814     -0.13283432     0.068735088     -0.40439422
           0.13           0.074          -0.066     -0.49471358     -0.13861287     0.057675021      -0.4100274
           0.13           0.074          -0.062     -0.47823328     -0.14365722     0.044226484      -0.4164372
           0.13           0.074          -0.058     -0.45723141     -0.14541719     0.027657173     -0.42413863
           0.13           0.074          -0.054     -0.42204747     -0.13914885    0.0067888663     -0.43370477
           0.13           0.074           -0.05     -0.34920468     -0.11722568    -0.020442821     -0.44592384
           0.13           0.074          -0.046     -0.21406474    -0.077521247    -0.052414449     -0.45958874
           0.13           0.074          -0.042    -0.042245744    -0.061093737    -0.068613879     -0.46630134
           0.13           0.074          -0.038      0.12062077     -0.13593618    -0.073927149     -0.46384969
           0.13           0.074          -0.034      0.25460342     -0.21670241    -0.079318869     -0.45268124
           0.13           0.074           -0.03       0.3181356     -0.20592179    -0.091664355     -0.44277331
           0.13           0.074          -0.026      0.32574124     -0.15132665    -0.091608198     -0.43800434
           0.13           0.074          -0.022      0.32574036    -0.096973365     -0.09979965     -0.43499428
           0.13           0.074          -0.018      0.33337044    -0.047385763     -0.11613922     -0.43284942
           0.13           0.074          -0.014      0.34668263   -0.0051013702     -0.13443105     -0.43038501
           0.13           0.074           -0.01      0.35568464     0.024900478     -0.14577401     -0.42663819
           0.13           0.074          -0.006      0.34571696     0.036267464     -0.14448646     -0.42202279
           0.13           0.074          -0.002      0.31001885     0.026553954     -0.13251354     -0.41836003
           0.13           0.074           0.002      0.25598668    0.0037205406     -0.11671762     -0.41713786
           0.13           0.074           0.006      0.19587248    -0.017797244     -0.10470844     -0.41813367
           0.13           0.074            0.01      0.13614933    -0.030558264    -0.099604305     -0.42011756
           0.13           0.074           0.014     0.077256912    -0.035416685     -0.10084441     -0.42226248
           0.13           0.074           0.018     0.018990278    -0.035801856     -0.10656621     -0.42402152
           0.13           0.074           0.022    -0.038032217    -0.034168705     -0.11463294     -0.42517093
           0.13           0.074           0.026    -0.092742113    -0.031770342     -0.12325244     -0.42568387
           0.13           0.074            0.03     -0.14422916    -0.029250124     -0.13115617     -0.42567459
           0.13           0.074           0.034     -0.19195307    -0.027129568     -0.13755278     -0.42525805
           0.13           0.074           0.038      -0.2357983    -0.025851426     -0.14215268     -0.42455244
           0.13           0.074           0.042     -0.27610043    -0.025675543     -0.14497744     -0.42365876
           0.13           0.074           0.046     -0.31343603    -0.026608484     -0.14624932     -0.42261851
           0.13           0.074            0.05     -0.34837326    -0.028383367     -0.14624839     -0.42146332
           0.13           0.074           0.054     -0.38129025    -0.030580456     -0.14520978     -0.42021865
           0.13           0.074           0.058     -0.41237387    -0.032811319     -0.14327711     -0.41889201
           0.13           0.074           0.062     -0.44169796    -0.034823759     -0.14049351     -0.41745255
           0.13           0.074           0.066     -0.46925906    -0.036548146     -0.13681441     -0.41583344
           0.13           0.074            0.07     -0.49498543    -0.038084605     -0.13214152     -0.41393174
           0.13           0.074           0.074     -0.51874016    -0.039644949     -0.12634436     -0.41161647
           0.13           0.074           0.078      -0.5402901    -0.041494527     -0.11924812      -0.4087454
           0.13           0.074           0.082     -0.55914132    -0.044020397     -0.11058771     -0.40520331
           0.13           0.074           0.086     -0.57372528    -0.047969483    -0.099874963     -0.40092508
           0.13           0.074            0.09     -0.57808796    -0.055158412     -0.08573386     -0.39577435
           0.13           0.074           0.094     -0.55598797    -0.068978252    -0.065680632     -0.39006451
           0.13           0.074           0.098     -0.40533161    -0.078939394      -0.0328432     -0.38388748
           0.13           0.078          -0.098     -0.11908801     -0.07811694     0.023131623     -0.36231359
           0.13           0.078          -0.094     -0.50116824     -0.14120383     0.089004592      -0.3642816
           0.13           0.078           -0.09     -0.59431602     -0.13548504      0.10190141     -0.37205163
           0.13           0.078          -0.086     -0.59665046      -0.1240073      0.10042442     -0.37797458
           0.13           0.078          -0.082     -0.58292363     -0.11935523     0.095945775     -0.38416518
           0.13           0.078          -0.078     -0.56618724     -0.11929074     0.089678155     -0.38993215
           0.13           0.078          -0.074     -0.54931291     -0.12179552     0.081798446     -0.39549251
           0.13           0.078           -0.07     -0.53289001     -0.12583802     0.072059563     -0.40122399
           0.13           0.078          -0.066     -0.51677907     -0.13041299     0.060044666     -0.40751961
           0.13           0.078          -0.062      -0.4997665     -0.13371691     0.045125842     -0.41496978
           0.13           0.078          -0.058     -0.47737994     -0.13228591     0.026535661     -0.42431032
           0.13           0.078          -0.054     -0.43498735     -0.12081873    0.0021555597     -0.43649025
           0.13           0.078           -0.05     -0.34094997    -0.098776689    -0.029739179     -0.45186568
           0.13           0.078          -0.046     -0.18820378    -0.070726756    -0.053092587     -0.46670004
           0.13           0.078          -0.042    -0.020090438    -0.058618334      -0.0552992     -0.47281589
           0.13           0.078          -0.038      0.15337517     -0.14831035    -0.066791188      -0.4683626
           0.13           0.078          -0.034      0.29176177     -0.21872862    -0.093661718     -0.45219865
           0.13           0.078           -0.03      0.33376809     -0.17821741     -0.11425815     -0.44000082
           0.13           0.078          -0.026      0.31875625     -0.12319586     -0.11474584     -0.43415237
           0.13           0.078          -0.022      0.31056584    -0.070201827     -0.12666953     -0.43066042
           0.13           0.078          -0.018      0.31027787    -0.025212182     -0.14461729     -0.42807864
           0.13           0.078          -0.014       0.3080679    0.0080657775     -0.16056925     -0.42594163
           0.13           0.078           -0.01      0.29665702     0.024912946      -0.1680244     -0.42357315
           0.13           0.078          -0.006      0.27066628     0.022845608     -0.16417196      -0.4208488
           0.13           0.078          -0.002      0.23200293     0.004207668     -0.15125486     -0.41857582
           0.13           0.078           0.002      0.18806633    -0.020177633     -0.13575432     -0.41792671
           0.13           0.078           0.006      0.14278309    -0.037060267     -0.12262539     -0.41890423
           0.13           0.078            0.01     0.095388196    -0.043174153     -0.11420685     -0.42072706
           0.13           0.078           0.014      0.04612344    -0.042031927     -0.11117459     -0.42262992
           0.13           0.078           0.018   -0.0039478172     -0.03825132     -0.11254411     -0.42404865
           0.13           0.078           0.022    -0.053885727    -0.034260988     -0.11645544     -0.42485676
           0.13           0.078           0.026     -0.10284576    -0.030973461     -0.12134616     -0.42508282
           0.13           0.078            0.03     -0.15019076    -0.028641901     -0.12615422     -0.42484582
           0.13           0.078           0.034     -0.19545893    -0.027410126     -0.13022179     -0.42422542
           0.13           0.078           0.038     -0.23839657     -0.02735499     -0.13322994     -0.42328718
           0.13           0.078           0.042     -0.27903584    -0.028443809     -0.13513854     -0.42209244
           0.13           0.078           0.046     -0.31755696    -0.030499814     -0.13603299     -0.42067535
           0.13           0.078            0.05     -0.35411309    -0.033206875     -0.13606063     -0.41906502
           0.13           0.078           0.054     -0.38878262    -0.036188609     -0.13532793     -0.41729279
           0.13           0.078           0.058      -0.4215741     -0.03912877     -0.13390151     -0.41537481
           0.13           0.078           0.062     -0.45247164    -0.041853115     -0.13179182     -0.41329848
           0.13           0.078           0.066      -0.4814589    -0.044346433      -0.1289607     -0.41102233
           0.13           0.078            0.07     -0.50851254    -0.046730322     -0.12531935     -0.40847315
           0.13           0.078           0.074     -0.53357078    -0.049211014     -0.12075765      -0.4055564
           0.13           0.078           0.078     -0.55648325    -0.052048141     -0.11513303      -0.4021714
           0.13           0.078           0.082     -0.57680377    -0.055614948      -0.1082437      -0.3982146
           0.13           0.078           0.086      -0.5929119    -0.060636078    -0.099716377     -0.39359669
           0.13           0.078            0.09     -0.59841545    -0.069150023    -0.088519104     -0.38812265
           0.13           0.078           0.094     -0.57639454    -0.084849577    -0.072442248     -0.38176721
           0.13           0.078           0.098     -0.39533586    -0.093429764    -0.040649342     -0.37502204
           0.13           0.082          -0.098    -0.014223424    -0.022529893    0.0013994561     -0.36227545
           0.13           0.082          -0.094     -0.44693737     -0.11414896     0.080213558     -0.36266764
           0.13           0.082           -0.09     -0.60644551     -0.12860751      0.10271702     -0.36918576
           0.13           0.082          -0.086     -0.61739156     -0.12016023      0.10345019     -0.37403427
           0.13           0.082          -0.082     -0.60553005     -0.11497454      0.10009286     -0.37987886
           0.13           0.082          -0.078     -0.58788523     -0.11381522     0.094157385     -0.38563598
           0.13           0.082          -0.074     -0.56978248     -0.11494495     0.086005953     -0.39142241
           0.13           0.082           -0.07      -0.5523291     -0.11749705     0.075541413     -0.39755111
           0.13           0.082          -0.066     -0.53546148     -0.12033646     0.062275966     -0.40446883
           0.13           0.082          -0.062     -0.51789304     -0.12127577     0.045407229     -0.41290307
           0.13           0.082          -0.058     -0.49377233     -0.11537311     0.024102334     -0.42387877
           0.13           0.082          -0.054     -0.44085336    -0.097727973   -0.0053530806     -0.43877464
           0.13           0.082           -0.05     -0.31988988    -0.084191652    -0.041685526     -0.45614374
           0.13           0.082          -0.046     -0.15360376    -0.077174762    -0.054048815     -0.47144961
           0.13           0.082          -0.042    0.0066790689    -0.052784932    -0.042922609     -0.47743878
           0.13           0.082          -0.038      0.18233652     -0.14846982    -0.058415985     -0.47118795
           0.13           0.082          -0.034      0.31895656      -0.1913403     -0.10442927     -0.45083159
           0.13           0.082           -0.03      0.34241854     -0.14258036     -0.12714531      -0.4356648
           0.13           0.082          -0.026      0.30958215    -0.092517302     -0.12524927     -0.42967289
           0.13           0.082          -0.022      0.29687342    -0.042595267      -0.1375049     -0.42594928
           0.13           0.082          -0.018      0.28931024   -0.0027740906     -0.15323878     -0.42358544
           0.13           0.082          -0.014      0.27623517     0.022095735     -0.16688445     -0.42227302
           0.13           0.082           -0.01      0.25422782     0.028048203     -0.17374561     -0.42139534
           0.13           0.082          -0.006      0.22525358     0.014542573     -0.17438863     -0.42021974
           0.13           0.082          -0.002      0.19628287    -0.012731158     -0.16946241     -0.41904194
           0.13           0.082           0.002      0.16980698    -0.039669323     -0.16014132     -0.41856244
           0.13           0.082           0.006      0.13607839    -0.053766493     -0.14618262     -0.41936034
           0.13           0.082            0.01     0.091573635    -0.054978644     -0.13172447     -0.42076321
           0.13           0.082           0.014     0.042603388    -0.048959921     -0.12149749     -0.42241547
           0.13           0.082           0.018   -0.0063658281    -0.041597077     -0.11675046     -0.42368006
           0.13           0.082           0.022    -0.054270756    -0.035512357     -0.11590428     -0.42434937
           0.13           0.082           0.026     -0.10109711    -0.031284505     -0.11709576     -0.42441769
           0.13           0.082            0.03     -0.14693102    -0.028800849     -0.11911718     -0.42402468
           0.13           0.082           0.034     -0.19166399    -0.027953335      -0.1212568     -0.42322101
           0.13           0.082           0.038     -0.23513042    -0.028533549     -0.12311585      -0.4220505
           0.13           0.082           0.042     -0.27720412    -0.030316508     -0.12455483      -0.4205485
           0.13           0.082           0.046     -0.31779502    -0.033023321     -0.12552815     -0.41874851
           0.13           0.082            0.05      -0.3567427    -0.036315456     -0.12599707     -0.41668533
           0.13           0.082           0.054     -0.39381797    -0.039841835     -0.12591478     -0.41439615
           0.13           0.082           0.058     -0.42883056    -0.043323403     -0.12525882      -0.4119139
           0.13           0.082           0.062     -0.46169147    -0.046630544     -0.12401089     -0.40924716
           0.13           0.082           0.066     -0.49241319    -0.049781768     -0.12212945     -0.40637989
           0.13           0.082            0.07      -0.5210446    -0.052912708     -0.11953392     -0.40326822
           0.13           0.082           0.074     -0.54761447    -0.056214798     -0.11611775     -0.39985499
           0.13           0.082           0.078     -0.57206245    -0.059906101     -0.11177093     -0.39608014
           0.13           0.082           0.082      -0.5939481    -0.064276219     -0.10634573     -0.39182911
           0.13           0.082           0.086      -0.6114602    -0.069847751    -0.099666524     -0.38697656
           0.13           0.082            0.09     -0.61750101    -0.078422952    -0.091725161     -0.38148678
           0.13           0.082           0.094     -0.58914345    -0.092267597     -0.07868147     -0.37408109
           0.13           0.082           0.098     -0.34016028    -0.092976543    -0.043248624     -0.36820952
           0.13           0.086          -0.098      0.04948446    -0.010492818    -0.012255052     -0.36240193
           0.13           0.086          -0.094     -0.33117555    -0.080840061     0.058911818     -0.36137699
           0.13           0.086           -0.09      -0.5875047     -0.11665669      0.10193964     -0.36517057
           0.13           0.086          -0.086     -0.62721583     -0.11509404      0.10678154     -0.36989683
           0.13           0.086          -0.082     -0.62101904     -0.11029414      0.10517148     -0.37507433
           0.13           0.086          -0.078     -0.60422435     -0.10769735      0.10008794     -0.38066793
           0.13           0.086          -0.074      -0.5851394     -0.10678506     0.091659854     -0.38674247
           0.13           0.086           -0.07     -0.56676451     -0.10713254      0.08016363     -0.39327114
           0.13           0.086          -0.066     -0.54905626      -0.1074972     0.065201035     -0.40078249
           0.13           0.086          -0.062     -0.53076022     -0.10536611     0.045934438     -0.41007783
           0.13           0.086          -0.058      -0.5047637    -0.093966969     0.021182811     -0.42257974
           0.13           0.086          -0.054     -0.44048957    -0.069543778    -0.011819541     -0.43955068
           0.13           0.086           -0.05     -0.29976826    -0.074817476    -0.052561632     -0.45782909
           0.13           0.086          -0.046     -0.12794515    -0.099932567    -0.070586779     -0.47544838
           0.13           0.086          -0.042     0.046603603    -0.069797039    -0.048868767     -0.48238839
           0.13           0.086          -0.038      0.21705472     -0.14357842    -0.055600913     -0.47371383
           0.13           0.086          -0.034       0.3436941     -0.15055412     -0.11255708     -0.44872488
           0.13           0.086           -0.03      0.34830703     -0.10423467     -0.13048976     -0.43200179
           0.13           0.086          -0.026      0.30320493    -0.065442144      -0.1261352      -0.4256767
           0.13           0.086          -0.022      0.28835417    -0.018654961       -0.134036     -0.42208477
           0.13           0.086          -0.018      0.27636497     0.017980382     -0.14395629       -0.420326
           0.13           0.086          -0.014      0.25919618     0.037859116     -0.15324275     -0.41993172
           0.13           0.086           -0.01       0.2366721     0.037133118     -0.16101464     -0.42055484
           0.13           0.086          -0.006      0.21647045     0.015559209     -0.16938063     -0.42133012
           0.13           0.086          -0.002      0.20791517     -0.02006962     -0.17767468     -0.42129345
           0.13           0.086           0.002      0.20364968    -0.053096498     -0.18092989     -0.42040438
           0.13           0.086           0.006      0.18310024    -0.066112579     -0.17233079      -0.4199364
           0.13           0.086            0.01      0.13419694    -0.065017347     -0.15575193     -0.42012243
           0.13           0.086           0.014     0.073438934    -0.055882115     -0.13679342     -0.42133777
           0.13           0.086           0.018     0.014752287    -0.045393435     -0.12256562      -0.4225496
           0.13           0.086           0.022    -0.037610508    -0.037222865     -0.11472986     -0.42324477
           0.13           0.086           0.026    -0.086119211    -0.031943571     -0.11125781     -0.42335051
           0.13           0.086            0.03     -0.13292988    -0.028916882     -0.11031475     -0.42297348
           0.13           0.086           0.034     -0.17888566    -0.027972603     -0.11067572     -0.42210337
           0.13           0.086           0.038     -0.22428183    -0.028651024     -0.11166291      -0.4207825
           0.13           0.086           0.042     -0.26905796    -0.030605854     -0.11305097      -0.4190252
           0.13           0.086           0.046     -0.31294595    -0.033542601     -0.11461473     -0.41686783
           0.13           0.086            0.05     -0.35545317    -0.037140883     -0.11604711     -0.41436099
           0.13           0.086           0.054     -0.39594024    -0.041054963     -0.11707876     -0.41155283
           0.13           0.086           0.058     -0.43394364    -0.044987256     -0.11760407      -0.4084993
           0.13           0.086           0.062     -0.46930069    -0.048828929     -0.11759599     -0.40523312
           0.13           0.086           0.066     -0.50208126    -0.052619919      -0.1170295     -0.40176678
           0.13           0.086            0.07     -0.53241872    -0.056512956     -0.11582906     -0.39808817
           0.13           0.086           0.074     -0.56042378    -0.060705979     -0.11385597     -0.39418242
           0.13           0.086           0.078      -0.5862335    -0.065356913     -0.11093336     -0.39003129
           0.13           0.086           0.082     -0.60957235    -0.070386568     -0.10673268     -0.38553824
           0.13           0.086           0.086     -0.62621449    -0.075680789     -0.10121505     -0.38084655
           0.13           0.086            0.09     -0.62969062     -0.08304873    -0.095043711     -0.37622679
           0.13           0.086           0.094     -0.56764944    -0.092282953    -0.078305644     -0.36891559
           0.13           0.086           0.098     -0.20892404    -0.061158124    -0.029235412     -0.36628354
           0.13            0.09          -0.098     0.077306266  -0.00096747476     -0.01105642     -0.36205181
           0.13            0.09          -0.094     -0.14792998    -0.039035516     0.023683138     -0.36099341
           0.13            0.09           -0.09     -0.46501383    -0.087496937     0.083234528     -0.36085733
           0.13            0.09          -0.086     -0.60385846     -0.10592676      0.11143335     -0.36598036
           0.13            0.09          -0.082     -0.61891781     -0.10494289      0.11240463     -0.37049718
           0.13            0.09          -0.078     -0.60769505      -0.1007366      0.10959566      -0.3752173
           0.13            0.09          -0.074     -0.58924613     -0.09631517      0.10115876     -0.38131376
           0.13            0.09           -0.07     -0.57054533    -0.093231267     0.088151939     -0.38827567
           0.13            0.09          -0.066     -0.55201226    -0.090275243     0.070850714     -0.39640302
           0.13            0.09          -0.062     -0.53237112    -0.084592349     0.048926673     -0.40640966
           0.13            0.09          -0.058     -0.50468499    -0.069153349     0.021247932     -0.41995491
           0.13            0.09          -0.054     -0.43783159    -0.039288959   -0.0069294259     -0.43793814
           0.13            0.09           -0.05     -0.31019055    -0.067564535    -0.050289283     -0.45831341
           0.13            0.09          -0.046     -0.14779936     -0.12954428     -0.10135922     -0.48106154
           0.13            0.09          -0.042     0.076171186     -0.13115315    -0.084979301     -0.49061979
           0.13            0.09          -0.038      0.25993826     -0.14340237     -0.06731397     -0.47870672
           0.13            0.09          -0.034       0.3638819      -0.1073688      -0.1223107     -0.44752825
           0.13            0.09           -0.03      0.35110773     -0.06940042     -0.12710258     -0.42962002
           0.13            0.09          -0.026      0.29976608     -0.04493805     -0.12189667     -0.42260947
           0.13            0.09          -0.022      0.28486208   -0.0023736121     -0.12218239     -0.41944257
           0.13            0.09          -0.018      0.27316257     0.030990353      -0.1215771     -0.41849633
           0.13            0.09          -0.014       0.2586399     0.048631183     -0.11999007      -0.4192574
           0.13            0.09           -0.01      0.24152548     0.047246597     -0.11787288     -0.42141624
           0.13            0.09          -0.006      0.22830702     0.025173245     -0.11911912     -0.42380271
           0.13            0.09          -0.002       0.2272191    -0.014806405     -0.12611345     -0.42445932
           0.13            0.09           0.002      0.23604511    -0.053922275      -0.1404899     -0.42228875
           0.13            0.09           0.006      0.24263981    -0.066693604     -0.15989555     -0.41968454
           0.13            0.09            0.01      0.22042158    -0.064550666     -0.17006726     -0.41913154
           0.13            0.09           0.014      0.15722627    -0.056960259     -0.15996896     -0.41980441
           0.13            0.09           0.018     0.077448024    -0.046543907     -0.13862676     -0.42092076
           0.13            0.09           0.022    0.0090042262    -0.037284953     -0.11869897     -0.42166568
           0.13            0.09           0.026    -0.048937078    -0.030978253     -0.10686052     -0.42190056
           0.13            0.09            0.03      -0.1011214    -0.027108975     -0.10127269     -0.42172367
           0.13            0.09           0.034     -0.15083998    -0.025878567    -0.099420316      -0.4209172
           0.13            0.09           0.038     -0.20018953    -0.026376906    -0.099520577     -0.41953913
           0.13            0.09           0.042     -0.24968557    -0.028203328     -0.10117687     -0.41758629
           0.13            0.09           0.046       -0.298922      -0.0311361     -0.10386986     -0.41510091
           0.13            0.09            0.05     -0.34687318    -0.034890209     -0.10683751     -0.41215875
           0.13            0.09           0.054     -0.39231437    -0.039122786     -0.10950139     -0.40881608
           0.13            0.09           0.058     -0.43435596    -0.043441843     -0.11171096     -0.40516321
           0.13            0.09           0.062      -0.4728059    -0.047717088      -0.1135272     -0.40124343
           0.13            0.09           0.066     -0.50774563    -0.052008568     -0.11500025      -0.3971065
           0.13            0.09            0.07     -0.53931659    -0.056533401     -0.11607687     -0.39277158
           0.13            0.09           0.074     -0.56761557    -0.061728444     -0.11644728     -0.38827489
           0.13            0.09           0.078     -0.59307283    -0.068059362     -0.11545108     -0.38368577
           0.13            0.09           0.082     -0.61568119    -0.074288069     -0.11193781     -0.37920238
           0.13            0.09           0.086     -0.62811172    -0.079190811     -0.10586841     -0.37594619
           0.13            0.09            0.09     -0.61076377    -0.084500361    -0.095651258     -0.37131858
           0.13            0.09           0.094     -0.44388344    -0.065100189    -0.062342908     -0.36601665
           0.13            0.09           0.098      -0.0609638    -0.012613968   -0.0054402206     -0.36624335
           0.13           0.094          -0.098     0.088528442    0.0095453649   -0.0044529716     -0.36148578
           0.13           0.094          -0.094     0.038649767    0.0079361856   -0.0018681545     -0.36114285
           0.13           0.094           -0.09     -0.18160935    -0.031200179     0.039377817     -0.36047476
           0.13           0.094          -0.086     -0.40421578    -0.067995048      0.08453505      -0.3613197
           0.13           0.094          -0.082      -0.5301328    -0.085967549      0.11581571     -0.36358215
           0.13           0.094          -0.078     -0.56848483    -0.087366187      0.12176177     -0.36771118
           0.13           0.094          -0.074     -0.56477892    -0.080252114       0.1167546     -0.37474177
           0.13           0.094           -0.07     -0.54882728    -0.073166906      0.10232972     -0.38275599
           0.13           0.094          -0.066     -0.52996247    -0.066386471     0.082311077     -0.39156461
           0.13           0.094          -0.062     -0.50658684    -0.057492764     0.058443228     -0.40210598
           0.13           0.094          -0.058     -0.47324653    -0.044592579     0.031123901     -0.41554807
           0.13           0.094          -0.054     -0.42345131    -0.014635732     0.013778462     -0.43234657
           0.13           0.094           -0.05     -0.35056567    -0.038624898    -0.012541378     -0.45418181
           0.13           0.094          -0.046     -0.22720077     -0.12780146    -0.097787337     -0.48155873
           0.13           0.094          -0.042     0.057775374     -0.15476439     -0.12766343     -0.49190623
           0.13           0.094          -0.038      0.27900931     -0.12043098    -0.099146698     -0.47703415
           0.13           0.094          -0.034      0.36795993    -0.063699384     -0.13467859     -0.44358875
           0.13           0.094           -0.03      0.32921595    -0.038206402     -0.11750081     -0.42746692
           0.13           0.094          -0.026      0.28972568    -0.029452752     -0.11489994     -0.42062335
           0.13           0.094          -0.022      0.28193296    0.0024430706     -0.10929738     -0.41752466
           0.13           0.094          -0.018      0.27595407     0.029173679    -0.096382048     -0.41685318
           0.13           0.094          -0.014      0.26902633     0.042969381    -0.080318807     -0.41816192
           0.13           0.094           -0.01       0.2613811     0.040543302    -0.062606759     -0.42105935
           0.13           0.094          -0.006      0.25551852     0.021153848    -0.048303049     -0.42418179
           0.13           0.094          -0.002      0.25011272    -0.010594768    -0.042914946     -0.42504459
           0.13           0.094           0.002      0.24300053    -0.040320808    -0.051602411     -0.42222342
           0.13           0.094           0.006      0.24497489    -0.048909602    -0.084207889     -0.41830399
           0.13           0.094            0.01      0.25859639    -0.039410482     -0.13201174      -0.4174552
           0.13           0.094           0.014      0.24946454    -0.034786333      -0.1614067      -0.4183388
           0.13           0.094           0.018      0.19014694    -0.039216731     -0.16267982     -0.42019053
           0.13           0.094           0.022      0.11045611    -0.037608909     -0.13938254     -0.42115895
           0.13           0.094           0.026     0.033361407    -0.027345981     -0.11576172     -0.42095937
           0.13           0.094            0.03    -0.032112339    -0.020338939     -0.10059654     -0.42084983
           0.13           0.094           0.034    -0.088941659    -0.019060315    -0.094615444     -0.42018232
           0.13           0.094           0.038     -0.14492727    -0.019528946    -0.093196511     -0.41873403
           0.13           0.094           0.042     -0.20252049    -0.021003117    -0.094877283       -0.416454
           0.13           0.094           0.046     -0.26053072    -0.023661608    -0.098342986     -0.41347044
           0.13           0.094            0.05     -0.31597207    -0.027426895     -0.10248309     -0.41000977
           0.13           0.094           0.054     -0.36764372    -0.031839195     -0.10649562     -0.40608771
           0.13           0.094           0.058     -0.41410925     -0.03637036     -0.11034473     -0.40183364
           0.13           0.094           0.062     -0.45532079    -0.040751017     -0.11437142     -0.39729581
           0.13           0.094           0.066     -0.49150872    -0.044987028     -0.11881332      -0.3925279
           0.13           0.094            0.07      -0.5231855    -0.049424067     -0.12362029     -0.38751504
           0.13           0.094           0.074     -0.55069809    -0.055186246      -0.1276278     -0.38216107
           0.13           0.094           0.078      -0.5727949    -0.063742711     -0.12836864     -0.37667615
           0.13           0.094           0.082      -0.5772274    -0.072658134     -0.12271398     -0.37239746
           0.13           0.094           0.086     -0.54049422    -0.070895142      -0.1065403     -0.36959921
           0.13           0.094            0.09     -0.41547853    -0.055061968    -0.073609977     -0.36672806
           0.13           0.094           0.094     -0.18365177    -0.020680798    -0.029888272     -0.36617334
           0.13           0.094           0.098      0.03781276     0.001439822    0.0045230561     -0.36667785
           0.13           0.098          -0.098     0.067751974    0.0061439707  -0.00052113663     -0.36131379
           0.13           0.098          -0.094     0.083703027     0.012163634     0.007264738     -0.36125017
           0.13           0.098           -0.09     0.059477572     0.015270714     0.022091891     -0.36141679
           0.13           0.098          -0.086    0.0002843515    0.0058358281       0.0183773     -0.36144288
           0.13           0.098          -0.082     -0.14397716    -0.022643508     0.066224457     -0.36141174
           0.13           0.098          -0.078     -0.29685599    -0.044239678      0.11344467      -0.3622194
           0.13           0.098          -0.074     -0.37472339    -0.045334924      0.12114915     -0.36814725
           0.13           0.098           -0.07      -0.3949241    -0.038308964      0.10861039     -0.37676024
           0.13           0.098          -0.066     -0.39457034    -0.030968915     0.088352663      -0.3862695
           0.13           0.098          -0.062     -0.37499661    -0.023704363     0.067701242       -0.397789
           0.13           0.098          -0.058      -0.3324003     -0.01925082     0.049655303     -0.41062791
           0.13           0.098          -0.054     -0.32049259   -0.0011124985     0.035105674     -0.42345137
           0.13           0.098           -0.05      -0.3271689     0.017463189     0.043669303      -0.4396713
           0.13           0.098          -0.046     -0.29093916    -0.019787335    -0.011892715     -0.46475173
           0.13           0.098          -0.042    -0.015500439    -0.064175872     -0.10572143     -0.47620079
           0.13           0.098          -0.038      0.19584832    -0.049782962     -0.11359322     -0.45977136
           0.13           0.098          -0.034       0.2583897    -0.020520665     -0.14856047     -0.43600372
           0.13           0.098           -0.03      0.24402901    -0.011613653    -0.095148828      -0.4256206
           0.13           0.098          -0.026      0.23301689    -0.013116605     -0.10189419     -0.41932848
           0.13           0.098          -0.022      0.24571109  -0.00027755567    -0.097424604      -0.4157164
           0.13           0.098          -0.018      0.25413244      0.01586057    -0.079223257      -0.4141193
           0.13           0.098          -0.014      0.25939872     0.024858594    -0.045352607     -0.41496726
           0.13           0.098           -0.01        0.262021     0.023327459   -0.0096708158     -0.41752515
           0.13           0.098          -0.006      0.26107954     0.013756437     0.015946121     -0.42066341
           0.13           0.098          -0.002      0.25374706   0.00038987183     0.026278449     -0.42191673
           0.13           0.098           0.002       0.2389591    -0.011778135     0.011289742     -0.42015961
           0.13           0.098           0.006      0.21823321    -0.016222941    -0.020418357     -0.41756522
           0.13           0.098            0.01      0.21559124    -0.012632943    -0.055154498     -0.41671267
           0.13           0.098           0.014      0.22695578   -0.0077097222    -0.088309431     -0.41747635
           0.13           0.098           0.018      0.22234774   -0.0086870636     -0.11368317     -0.41919398
           0.13           0.098           0.022      0.18935057    -0.013820246     -0.12837326     -0.41996232
           0.13           0.098           0.026      0.12770274     -0.01459121     -0.12783398     -0.42029718
           0.13           0.098            0.03     0.069267317   -0.0091483375     -0.11593675     -0.42087118
           0.13           0.098           0.034     0.017529123   -0.0068581835      -0.1059952     -0.42037672
           0.13           0.098           0.038    -0.033340726   -0.0076640131      -0.1020328      -0.4188697
           0.13           0.098           0.042    -0.088422993   -0.0089395507     -0.10222526     -0.41629956
           0.13           0.098           0.046     -0.14710922    -0.010981567     -0.10337936     -0.41280386
           0.13           0.098            0.05     -0.20369599    -0.013630085     -0.10541126     -0.40875161
           0.13           0.098           0.054     -0.25686081    -0.016144116     -0.10820703     -0.40416237
           0.13           0.098           0.058     -0.30344227      -0.0187332     -0.11177278     -0.39920162
           0.13           0.098           0.062     -0.34145963    -0.021337604     -0.11644672     -0.39396374
           0.13           0.098           0.066     -0.37013743    -0.024172873     -0.12236177     -0.38852325
           0.13           0.098            0.07     -0.38854438    -0.028416752     -0.12932759     -0.38293345
           0.13           0.098           0.074     -0.39276965    -0.035657411     -0.13500465     -0.37695861
           0.13           0.098           0.078     -0.36499156     -0.04214098     -0.13112703     -0.37090567
           0.13           0.098           0.082     -0.27159016    -0.037314064     -0.10686768     -0.36826117
           0.13           0.098           0.086      -0.1348452    -0.016382662    -0.053323321     -0.36825363
           0.13           0.098            0.09    -0.021900773    0.0020304794    -0.019814402     -0.36747775
           0.13           0.098           0.094     0.041869426    0.0077277786   -0.0088736492     -0.36708122
           0.13           0.098           0.098     0.058258672    0.0042133973    0.0017794572     -0.36701845
