#       point_x         point_y         point_z             U_x             U_y             U_z               p
           0.13          -0.096          -0.096      -0.7458767   -0.0024472833    -0.001308786     -0.25387769
           0.13            -0.1          -0.096               0               0               0     -0.25368978
           0.13            -0.1            -0.1               0               0               0     -0.25349927
           0.13          -0.096            -0.1               0               0               0     -0.25365925
           0.13          -0.092          -0.096      -0.8203662   -0.0054740248   -0.0014925035     -0.25421994
           0.13          -0.092            -0.1               0               0               0     -0.25396753
           0.13          -0.088          -0.096      -0.8251154   -0.0090088231   -0.0013806923     -0.25459164
           0.13          -0.088            -0.1               0               0               0     -0.25433577
           0.13          -0.084          -0.096     -0.80395037    -0.012699143   -0.0010919128     -0.25502299
           0.13          -0.084            -0.1               0               0               0     -0.25477044
           0.13           -0.08          -0.096     -0.77106499    -0.016928228  -0.00071594809     -0.25544067
           0.13           -0.08            -0.1               0               0               0     -0.25519571
           0.13          -0.076          -0.096     -0.73171741    -0.021901602   -0.0001339554     -0.25581282
           0.13          -0.076            -0.1               0               0               0      -0.2555853
           0.13          -0.072          -0.096     -0.68832697    -0.028008414   0.00085161923     -0.25609113
           0.13          -0.072            -0.1               0               0               0     -0.25590024
           0.13          -0.068          -0.096     -0.64266679    -0.035664799    0.0021406673     -0.25624861
           0.13          -0.068            -0.1               0               0               0      -0.2561075
           0.13          -0.064          -0.096     -0.59640755    -0.045346873    0.0038694335     -0.25628385
           0.13          -0.064            -0.1               0               0               0     -0.25619674
           0.13           -0.06          -0.096     -0.55127477    -0.057509967    0.0059979249     -0.25622872
           0.13           -0.06            -0.1               0               0               0     -0.25622993
           0.13          -0.056          -0.096     -0.50836626    -0.072325365    0.0081831782     -0.25615286
           0.13          -0.056            -0.1               0               0               0     -0.25629132
           0.13          -0.052          -0.096     -0.46682842    -0.089193512     0.010275567     -0.25612174
           0.13          -0.052            -0.1               0               0               0     -0.25641471
           0.13          -0.048          -0.096     -0.42249742     -0.10639479      0.01231305     -0.25620694
           0.13          -0.048            -0.1               0               0               0     -0.25659773
           0.13          -0.044          -0.096     -0.36832908     -0.12094406     0.014071925      -0.2564404
           0.13          -0.044            -0.1               0               0               0     -0.25680879
           0.13           -0.04          -0.096     -0.29744552     -0.12933299     0.015415997     -0.25663446
           0.13           -0.04            -0.1               0               0               0     -0.25688756
           0.13          -0.036          -0.096     -0.20733672     -0.12960531       0.0160812      -0.2564003
           0.13          -0.036            -0.1               0               0               0     -0.25649415
           0.13          -0.032          -0.096      -0.1023238      -0.1228125     0.015478236     -0.25548939
           0.13          -0.032            -0.1               0               0               0     -0.25539539
           0.13          -0.028          -0.096    0.0080284121     -0.11237417      0.01364102     -0.25399662
           0.13          -0.028            -0.1               0               0               0     -0.25372871
           0.13          -0.024          -0.096      0.11395971     -0.10090734     0.011747199     -0.25209102
           0.13          -0.024            -0.1               0               0               0     -0.25170874
           0.13           -0.02          -0.096      0.21191024    -0.087872191     0.010556266     -0.25001531
           0.13           -0.02            -0.1               0               0               0     -0.24960817
           0.13          -0.016          -0.096      0.30066993    -0.072058264    0.0097950968      -0.2482204
           0.13          -0.016            -0.1               0               0               0     -0.24793306
           0.13          -0.012          -0.096      0.37664593    -0.053239915    0.0083756717     -0.24719314
           0.13          -0.012            -0.1               0               0               0     -0.24705581
           0.13          -0.008          -0.096      0.43587523    -0.031433664    0.0050039384     -0.24738978
           0.13          -0.008            -0.1               0               0               0     -0.24727159
           0.13          -0.004          -0.096      0.47462409   -0.0069299683   0.00078364055     -0.24900365
           0.13          -0.004            -0.1               0               0               0     -0.24881256
           0.13               0          -0.096      0.48667515      0.01923659  -0.00090676391     -0.25176028
           0.13               0            -0.1               0               0               0     -0.25150411
           0.13           0.004          -0.096      0.46737906     0.044517027    0.0018340063     -0.25559464
           0.13           0.004            -0.1               0               0               0     -0.25536946
           0.13           0.008          -0.096      0.41867985      0.06649256    0.0061339783     -0.26053545
           0.13           0.008            -0.1               0               0               0     -0.26038541
           0.13           0.012          -0.096      0.34526383     0.084340723    0.0078409074     -0.26599765
           0.13           0.012            -0.1               0               0               0     -0.26578811
           0.13           0.016          -0.096      0.25345883     0.098107436    0.0070349274     -0.27121525
           0.13           0.016            -0.1               0               0               0     -0.27089434
           0.13            0.02          -0.096      0.15112583      0.10809998    0.0054373502     -0.27555389
           0.13            0.02            -0.1               0               0               0      -0.2752459
           0.13           0.024          -0.096     0.046846024      0.11511793    0.0042067093     -0.27843124
           0.13           0.024            -0.1               0               0               0     -0.27820114
           0.13           0.028          -0.096    -0.054318769      0.11957571    0.0044981963     -0.27971683
           0.13           0.028            -0.1               0               0               0     -0.27957679
           0.13           0.032          -0.096     -0.15195708      0.12164816    0.0064728507     -0.27956466
           0.13           0.032            -0.1               0               0               0     -0.27954702
           0.13           0.036          -0.096      -0.2450825      0.12138996    0.0091067824     -0.27813776
           0.13           0.036            -0.1               0               0               0     -0.27827891
           0.13            0.04          -0.096     -0.32907861      0.11743099     0.010915473     -0.27582925
           0.13            0.04            -0.1               0               0               0     -0.27614264
           0.13           0.044          -0.096     -0.39839304      0.10831062     0.011164606      -0.2731838
           0.13           0.044            -0.1               0               0               0     -0.27363856
           0.13           0.048          -0.096     -0.45175454      0.09461134      0.01000441     -0.27074509
           0.13           0.048            -0.1               0               0               0     -0.27122041
           0.13           0.052          -0.096     -0.49389916     0.078852824     0.008041732     -0.26876743
           0.13           0.052            -0.1               0               0               0       -0.269101
           0.13           0.056          -0.096     -0.53200608     0.063513359    0.0059525494     -0.26721507
           0.13           0.056            -0.1               0               0               0     -0.26734795
           0.13            0.06          -0.096     -0.57116985     0.050098298     0.003954966     -0.26596572
           0.13            0.06            -0.1               0               0               0     -0.26594253
           0.13           0.064          -0.096      -0.6129479     0.039181416    0.0021943734     -0.26489188
           0.13           0.064            -0.1               0               0               0     -0.26477414
           0.13           0.068          -0.096      -0.6562865     0.030629913   0.00090525491     -0.26389672
           0.13           0.068            -0.1               0               0               0     -0.26371374
           0.13           0.072          -0.096     -0.69969489     0.023987447  -0.00018023668     -0.26293162
           0.13           0.072            -0.1               0               0               0     -0.26268855
           0.13           0.076          -0.096     -0.74143269     0.018749915  -0.00080390232     -0.26197358
           0.13           0.076            -0.1               0               0               0     -0.26169816
           0.13            0.08          -0.096      -0.7795555     0.014478271   -0.0009491472     -0.26103959
           0.13            0.08            -0.1               0               0               0     -0.26075759
           0.13           0.084          -0.096     -0.81147999     0.010778475   -0.0011004557     -0.26017329
           0.13           0.084            -0.1               0               0               0     -0.25989242
           0.13           0.088          -0.096     -0.83182013     0.007495399   -0.0013122037     -0.25940204
           0.13           0.088            -0.1               0               0               0     -0.25912193
           0.13           0.092          -0.096     -0.82687723    0.0043067811    -0.001523325     -0.25878593
           0.13           0.092            -0.1               0               0               0      -0.2585125
           0.13           0.096          -0.096     -0.75247754     0.001868475   -0.0014809933     -0.25831057
           0.13           0.096            -0.1               0               0               0     -0.25807166
           0.13             0.1            -0.1               0               0               0      -0.2578774
           0.13             0.1          -0.096               0               0               0     -0.25809092
           0.13          -0.096          -0.092     -0.81992841   -0.0014724583   -0.0041309726     -0.25433386
           0.13            -0.1          -0.092               0               0               0     -0.25412791
           0.13          -0.092          -0.092     -0.87007089   -0.0036415627   -0.0044237086     -0.25472263
           0.13          -0.088          -0.092     -0.86192538   -0.0063514634   -0.0040173951     -0.25513064
           0.13          -0.084          -0.092      -0.8339054   -0.0095223847   -0.0032904318     -0.25556941
           0.13           -0.08          -0.092     -0.79615948    -0.013592235   -0.0021809814     -0.25597221
           0.13          -0.076          -0.092     -0.75268592    -0.018882684  -0.00056234744     -0.25630377
           0.13          -0.072          -0.092     -0.70564917    -0.025760467    0.0017233515     -0.25651251
           0.13          -0.068          -0.092     -0.65670821    -0.034557429    0.0047591067     -0.25657394
           0.13          -0.064          -0.092     -0.60742566    -0.045596741    0.0085117961     -0.25648975
           0.13           -0.06          -0.092     -0.55911998    -0.059045439     0.012735865     -0.25627701
           0.13          -0.056          -0.092     -0.51226819    -0.074742607     0.016999608     -0.25600643
           0.13          -0.052          -0.092     -0.46545866    -0.091905857     0.020847743     -0.25578164
           0.13          -0.048          -0.092     -0.41445281      -0.1087257     0.023877046     -0.25573405
           0.13          -0.044          -0.092     -0.35290511     -0.12226688     0.025742512     -0.25594677
           0.13           -0.04          -0.092     -0.27581406     -0.12949309     0.026312998     -0.25624543
           0.13          -0.036          -0.092     -0.18329647     -0.12929998     0.025595469     -0.25624356
           0.13          -0.032          -0.092     -0.08068261     -0.12327985     0.023571227     -0.25565905
           0.13          -0.028          -0.092     0.025212204     -0.11395634     0.020606281     -0.25446908
           0.13          -0.024          -0.092      0.12982259     -0.10262447     0.017868742     -0.25276139
           0.13           -0.02          -0.092      0.23126291    -0.088840563     0.015889595     -0.25078164
           0.13          -0.016          -0.092      0.32675686     -0.07184522      0.01384813     -0.24896706
           0.13          -0.012          -0.092      0.41087755    -0.051751862     0.010669372     -0.24787564
           0.13          -0.008          -0.092      0.47690376    -0.029641948    0.0059120051     -0.24806458
           0.13          -0.004          -0.092      0.51818867   -0.0069664434    0.0010164031     -0.24971641
           0.13   3.6346636e-19          -0.092      0.52847333     0.015405245  -0.00064917073     -0.25250281
           0.13           0.004          -0.092      0.50441653     0.037360285    0.0022557919      -0.2562786
           0.13           0.008          -0.092      0.44687045     0.058850695    0.0065846167     -0.26109707
           0.13           0.012          -0.092      0.36103063     0.078551427    0.0085775001     -0.26650204
           0.13           0.016          -0.092      0.25711237     0.094635764    0.0074344216     -0.27166996
           0.13            0.02          -0.092      0.14685856      0.10642266     0.004703642     -0.27585323
           0.13           0.024          -0.092     0.039387661      0.11439144    0.0027629801     -0.27855842
           0.13           0.028          -0.092    -0.061717264      0.11910305    0.0033019268     -0.27968396
           0.13           0.032          -0.092     -0.15686275       0.1210833    0.0064504556     -0.27934416
           0.13           0.036          -0.092     -0.24622999      0.12074482     0.011032451     -0.27771988
           0.13            0.04          -0.092       -0.327355      0.11723615     0.015175274     -0.27524291
           0.13           0.044          -0.092      -0.3962591      0.10911122     0.017439889     -0.27251905
           0.13           0.048          -0.092     -0.45161095     0.096354833     0.017380592     -0.27013684
           0.13           0.052          -0.092     -0.49705758     0.080927911     0.015431962     -0.26835002
           0.13           0.056          -0.092     -0.53857907     0.065220291     0.012325852     -0.26704731
           0.13            0.06          -0.092     -0.58060475     0.050877172    0.0086984217     -0.26602846
           0.13           0.064          -0.092     -0.62479565     0.038713998    0.0051165468     -0.26513712
           0.13           0.068          -0.092     -0.67073443     0.028928534    0.0020291209     -0.26428196
           0.13           0.072          -0.092     -0.71708982     0.021304527  -0.00035889485     -0.26342472
           0.13           0.076          -0.092     -0.76222618     0.015485208   -0.0020188827     -0.26253499
           0.13            0.08          -0.092     -0.80433954     0.011113051   -0.0030697651     -0.26163402
           0.13           0.084          -0.092     -0.84112172    0.0077907476   -0.0037214312     -0.26077648
           0.13           0.088          -0.092     -0.86853093    0.0051944785   -0.0041501924     -0.25999491
           0.13           0.092          -0.092     -0.87666901    0.0029039875   -0.0044846072     -0.25934097
           0.13           0.096          -0.092     -0.82733173     0.001056551   -0.0043180026     -0.25881747
           0.13             0.1          -0.092               0               0               0     -0.25857917
           0.13          -0.096          -0.088     -0.82397271  -0.00013241121   -0.0086295092     -0.25488275
           0.13            -0.1          -0.088               0               0               0     -0.25470445
           0.13          -0.092          -0.088     -0.86137005   -0.0012807772   -0.0087105223     -0.25526863
           0.13          -0.088          -0.088     -0.84722252   -0.0033011956   -0.0078280586      -0.2557211
           0.13          -0.084          -0.088     -0.81725057   -0.0061240758   -0.0064129749      -0.2561895
           0.13           -0.08          -0.088     -0.77919351    -0.010125848   -0.0043698506     -0.25659969
           0.13          -0.076          -0.088     -0.73602643     -0.01561538   -0.0015628644     -0.25691373
           0.13          -0.072          -0.088     -0.68954421    -0.022880309    0.0021241327     -0.25708669
           0.13          -0.068          -0.088     -0.64118084    -0.032105257    0.0067074877     -0.25709202
           0.13          -0.064          -0.088     -0.59223241    -0.043359172     0.012070299     -0.25692803
           0.13           -0.06          -0.088     -0.54366262    -0.056526937     0.017921347     -0.25662544
           0.13          -0.056          -0.088     -0.49560824    -0.071219714     0.023765805     -0.25626299
           0.13          -0.052          -0.088     -0.44671922    -0.086618485     0.028967182     -0.25594788
           0.13          -0.048          -0.088     -0.39369887      -0.1012676     0.032787801     -0.25580269
           0.13          -0.044          -0.088     -0.33190886     -0.11310146     0.034530058     -0.25590955
           0.13           -0.04          -0.088     -0.25770506     -0.12006561     0.033948544     -0.25616519
           0.13          -0.036          -0.088     -0.17115424     -0.12129615     0.031387324     -0.25627401
           0.13          -0.032          -0.088    -0.076028054      -0.1176108     0.027458018     -0.25592305
           0.13          -0.028          -0.088     0.023438399      -0.1103193     0.022978113     -0.25495256
           0.13          -0.024          -0.088      0.12483222     -0.10003938     0.019192182     -0.25340199
           0.13           -0.02          -0.088      0.22638636    -0.086557996     0.016655471     -0.25156121
           0.13          -0.016          -0.088      0.32421654    -0.069653387     0.014511471     -0.24989121
           0.13          -0.012          -0.088      0.41103086    -0.049961737     0.011423142     -0.24890642
           0.13          -0.008          -0.088      0.47843306    -0.028855021    0.0068686016     -0.24910795
           0.13          -0.004          -0.088      0.51974857   -0.0077597077    0.0023148509     -0.25070041
           0.13   3.6346636e-19          -0.088      0.52864111     0.012791243   0.00078441443      -0.2534073
           0.13           0.004          -0.088      0.50144386     0.033239376    0.0032242578     -0.25708496
           0.13           0.008          -0.088      0.43935175     0.053867264    0.0064958325     -0.26175752
           0.13           0.012          -0.088        0.347679     0.073411053    0.0070398334     -0.26693406
           0.13           0.016          -0.088      0.23846343     0.089567186    0.0044772079     -0.27181234
           0.13            0.02          -0.088      0.12644081      0.10093096    0.0011101729      -0.2757151
           0.13           0.024          -0.088     0.020692691      0.10775424   -0.0004728713     -0.27821499
           0.13           0.028          -0.088    -0.076735077      0.11090113    0.0010263494     -0.27919722
           0.13           0.032          -0.088     -0.16650449      0.11117435    0.0054809266     -0.27877066
           0.13           0.036          -0.088     -0.24872671      0.10908956     0.011649509     -0.27715588
           0.13            0.04          -0.088     -0.32208979      0.10433439      0.01757212     -0.27478795
           0.13           0.044          -0.088     -0.38485693      0.09631167     0.021412262     -0.27226586
           0.13           0.048          -0.088     -0.43731427     0.085159149     0.022207566     -0.27009385
           0.13           0.052          -0.088     -0.48262696     0.072017877     0.020178647      -0.2684582
           0.13           0.056          -0.088     -0.52500463     0.058368005      0.01626807     -0.26727373
           0.13            0.06          -0.088     -0.56756366     0.045420376     0.011463572     -0.26637194
           0.13           0.064          -0.088     -0.61159471     0.033947234    0.0065591344     -0.26559465
           0.13           0.068          -0.088     -0.65689576     0.024341092    0.0021138792     -0.26483302
           0.13           0.072          -0.088     -0.70243047     0.016700825   -0.0015585449     -0.26403593
           0.13           0.076          -0.088     -0.74681652     0.010928387   -0.0043322356     -0.26318924
           0.13            0.08          -0.088     -0.78846126    0.0067859346   -0.0062608559     -0.26231532
           0.13           0.084          -0.088      -0.8254273    0.0039278974   -0.0075195083     -0.26145823
           0.13           0.088          -0.088      -0.8547215    0.0020058608   -0.0083111979     -0.26065386
           0.13           0.092          -0.088     -0.86881473   0.00063811038   -0.0088270393      -0.2599617
           0.13           0.096          -0.088     -0.83240259  -0.00021307947   -0.0087055153     -0.25944021
           0.13             0.1          -0.088               0               0               0     -0.25922528
           0.13          -0.096          -0.084      -0.8007729    0.0010044389     -0.01420223     -0.25552406
           0.13            -0.1          -0.084               0               0               0      -0.2553821
           0.13          -0.092          -0.084     -0.83148281   0.00092036516    -0.013806948     -0.25586783
           0.13          -0.088          -0.084     -0.81562015  -0.00041732954    -0.012298405     -0.25632745
           0.13          -0.084          -0.084     -0.78595837     -0.00285792    -0.010093067     -0.25683175
           0.13           -0.08          -0.084     -0.74909669   -0.0067093588   -0.0070587374     -0.25728485
           0.13          -0.076          -0.084     -0.70750896     -0.01221819   -0.0030692762     -0.25763571
           0.13          -0.072          -0.084     -0.66271422    -0.019573627    0.0019256073      -0.2578387
           0.13          -0.068          -0.084     -0.61589265    -0.028822462    0.0078517876     -0.25786872
           0.13          -0.064          -0.084     -0.56806735    -0.039862711     0.014498561      -0.2577275
           0.13           -0.06          -0.084      -0.5199576    -0.052414611     0.021492721     -0.25744083
           0.13          -0.056          -0.084     -0.47159533    -0.065967544     0.028279193     -0.25707093
           0.13          -0.052          -0.084     -0.42193289    -0.079714599     0.034150546     -0.25671069
           0.13          -0.048          -0.084     -0.36863643    -0.092499616     0.038292857     -0.25647535
           0.13          -0.044          -0.084     -0.30850904      -0.1029151     0.039947965     -0.25645168
           0.13           -0.04          -0.084     -0.23887618     -0.10965177     0.038791143     -0.25658736
           0.13          -0.036          -0.084     -0.15928094      -0.1120645     0.035203616     -0.25667232
           0.13          -0.032          -0.084    -0.071684916     -0.11036038     0.030109359     -0.25640053
           0.13          -0.028          -0.084     0.021590234     -0.10500679     0.024640265     -0.25553402
           0.13          -0.024          -0.084      0.11914395    -0.096197781     0.020023865     -0.25409922
           0.13           -0.02          -0.084      0.21900578    -0.083784357     0.016833573     -0.25239251
           0.13          -0.016          -0.084      0.31658418    -0.067764044     0.014426652     -0.25082927
           0.13          -0.012          -0.084      0.40359621    -0.049011328     0.011619464     -0.24989988
           0.13          -0.008          -0.084      0.47084911    -0.029044246    0.0078367011     -0.25009098
           0.13          -0.004          -0.084      0.51175791   -0.0091319028    0.0041549809     -0.25161034
           0.13   3.6346636e-19          -0.084      0.51947226     0.010485345    0.0029612046     -0.25420469
           0.13           0.004          -0.084      0.48982218     0.030135189    0.0047650709     -0.25771748
           0.13           0.008          -0.084      0.42488046     0.049932673    0.0066921331     -0.26217183
           0.13           0.012          -0.084       0.3306462     0.068668192    0.0059317175     -0.26709649
           0.13           0.016          -0.084      0.22051514     0.083719467    0.0027626428     -0.27169489
           0.13            0.02          -0.084      0.11064888     0.093526002  -0.00031362277     -0.27532644
           0.13           0.024          -0.084    0.0092032731     0.098585687   -0.0010902984     -0.27762092
           0.13           0.028          -0.084    -0.083067336     0.099957982    0.0012812202     -0.27849604
           0.13           0.032          -0.084     -0.16688048      0.09850691    0.0064552177     -0.27810948
           0.13           0.036          -0.084     -0.24225358     0.094851176     0.013111023     -0.27670189
           0.13            0.04          -0.084     -0.30877551     0.089127819     0.019346669     -0.27465381
           0.13           0.044          -0.084     -0.36638176     0.081294872     0.023390614     -0.27247942
           0.13           0.048          -0.084     -0.41633606     0.071498988     0.024298336     -0.27058968
           0.13           0.052          -0.084      -0.4612367     0.060301731     0.022195273     -0.26913034
           0.13           0.056          -0.084     -0.50395109     0.048556423      0.01790056      -0.2680328
           0.13            0.06          -0.084     -0.54655424     0.037133758     0.012393296     -0.26715872
           0.13           0.064          -0.084     -0.58993085     0.026733433    0.0065400733     -0.26637933
           0.13           0.068          -0.084     -0.63392815     0.017828264   0.00099889827     -0.26560696
           0.13           0.072          -0.084     -0.67778095     0.010681743   -0.0037951035     -0.26479386
           0.13           0.076          -0.084     -0.72038128    0.0053577709   -0.0076112555     -0.26392599
           0.13            0.08          -0.084     -0.76034523    0.0017322539    -0.010410646      -0.2630254
           0.13           0.084          -0.084     -0.79601777  -0.00045878518    -0.012302099      -0.2621369
           0.13           0.088          -0.084      -0.8249471   -0.0015345229    -0.013483888     -0.26131273
           0.13           0.092          -0.084      -0.8407418   -0.0018367908    -0.014193917     -0.26062845
           0.13           0.096          -0.084     -0.81096175   -0.0013421515    -0.014161129      -0.2601579
           0.13             0.1          -0.084               0               0               0     -0.25998217
           0.13          -0.096           -0.08     -0.76354586    0.0019597865    -0.020810583     -0.25619604
           0.13            -0.1           -0.08               0               0               0     -0.25608855
           0.13          -0.092           -0.08     -0.78977095    0.0028464696    -0.019849562     -0.25648272
           0.13          -0.088           -0.08      -0.7741026    0.0022673081    -0.017624136     -0.25692172
           0.13          -0.084           -0.08     -0.74594627   0.00034235516    -0.014574139     -0.25745477
           0.13           -0.08           -0.08     -0.71107361   -0.0031932383    -0.010534959      -0.2579721
           0.13          -0.076           -0.08     -0.67166314   -0.0085109856   -0.0054085894     -0.25840478
           0.13          -0.072           -0.08     -0.62906181    -0.015700774   0.00077961304     -0.25870156
           0.13          -0.068           -0.08     -0.58420278    -0.024703622    0.0078599051     -0.25883458
           0.13          -0.064           -0.08     -0.53783521     -0.03531021     0.015530019     -0.25880429
           0.13           -0.06           -0.08     -0.49049145    -0.047164305     0.023357032     -0.25862933
           0.13          -0.056           -0.08     -0.44218767    -0.059730681     0.030755547     -0.25835292
           0.13          -0.052           -0.08     -0.39218243    -0.072272696     0.037006181     -0.25804192
           0.13          -0.048           -0.08     -0.33888404    -0.083860695     0.041306066     -0.25778094
           0.13          -0.044           -0.08     -0.28013403     -0.09346867     0.042929155     -0.25763649
           0.13           -0.04           -0.08     -0.21401182     -0.10017438     0.041549013     -0.25758355
           0.13          -0.036           -0.08     -0.13983309     -0.10343735     0.037525994     -0.25748962
           0.13          -0.032           -0.08    -0.058407998     -0.10313511     0.031889406      -0.2571078
           0.13          -0.028           -0.08     0.029062146    -0.099273748     0.025936765     -0.25621123
           0.13          -0.024           -0.08      0.12161028    -0.091824971      0.02085003     -0.25482274
           0.13           -0.02           -0.08      0.21733311    -0.080673849     0.017247251     -0.25321602
           0.13          -0.016           -0.08      0.31185025    -0.065898303     0.014796617     -0.25175993
           0.13          -0.012           -0.08      0.39706599    -0.048374994     0.012484222     -0.25089597
           0.13          -0.008           -0.08      0.46344702    -0.029580618    0.0095949302     -0.25107316
           0.13          -0.004           -0.08      0.50370797    -0.010690567    0.0068186726     -0.25250234
           0.13   3.6346636e-19           -0.08      0.51021085    0.0081828277    0.0060184691     -0.25495137
           0.13           0.004           -0.08      0.47867362     0.027130297    0.0073691464     -0.25825026
           0.13           0.008           -0.08      0.41220579     0.045965132     0.008255256     -0.26242443
           0.13           0.012           -0.08      0.31833309      0.06342751    0.0066087967      -0.2670455
           0.13           0.016           -0.08      0.21164467     0.076836857    0.0032883585     -0.27136063
           0.13            0.02           -0.08      0.10741762     0.084949686   0.00067980977      -0.2747565
           0.13           0.024           -0.08       0.0118361     0.088492233   0.00054790859     -0.27689742
           0.13           0.028           -0.08    -0.074897576     0.088476442    0.0034408921     -0.27776898
           0.13           0.032           -0.08     -0.15326019     0.085781589    0.0087739748     -0.27757704
           0.13           0.036           -0.08     -0.22336711     0.081061543     0.015150598     -0.27653957
           0.13            0.04           -0.08     -0.28542954     0.074680174     0.020839195      -0.2749497
           0.13           0.044           -0.08     -0.34015216      0.06684534     0.024319721     -0.27319854
           0.13           0.048           -0.08     -0.38899879     0.057738554     0.024794991     -0.27159596
           0.13           0.052           -0.08     -0.43398111     0.047704003     0.022337942      -0.2702644
           0.13           0.056           -0.08     -0.47705985      0.03728725     0.017620457     -0.26917474
           0.13            0.06           -0.08     -0.51960551     0.027121638     0.011523055     -0.26824007
           0.13           0.064           -0.08     -0.56218531     0.017790392    0.0048868754     -0.26737345
           0.13           0.068           -0.08     -0.60469846    0.0097629312   -0.0015929829     -0.26650624
           0.13           0.072           -0.08     -0.64660897    0.0033731405   -0.0073924791     -0.26559819
           0.13           0.076           -0.08     -0.68700845   -0.0012277475     -0.01217748     -0.26464453
           0.13            0.08           -0.08     -0.72473638      -0.0040806    -0.015815083     -0.26367357
           0.13           0.084           -0.08      -0.7584235    -0.005375257     -0.01834594      -0.2627392
           0.13           0.088           -0.08     -0.78596597   -0.0053847857    -0.019946252      -0.2619121
           0.13           0.092           -0.08     -0.80170033   -0.0044298821    -0.020874226     -0.26127777
           0.13           0.096           -0.08      -0.7763825   -0.0025265644    -0.020883344      -0.2608913
           0.13             0.1           -0.08               0               0               0     -0.26076212
           0.13          -0.096          -0.076     -0.71787627     0.002873309     -0.02828449      -0.2568651
           0.13            -0.1          -0.076               0               0               0     -0.25679705
           0.13          -0.092          -0.076     -0.74027188    0.0046022512    -0.026888646     -0.25708625
           0.13          -0.088          -0.076     -0.72549932    0.0048647412    -0.023959141     -0.25749545
           0.13          -0.084          -0.076     -0.69945329    0.0035830937    -0.020046435     -0.25805139
           0.13           -0.08          -0.076     -0.66706887   0.00053028122    -0.015014005     -0.25864393
           0.13          -0.076          -0.076     -0.63017579   -0.0044016668   -0.0088102797     -0.25918909
           0.13          -0.072          -0.076     -0.58996617    -0.011217164    -0.001539283     -0.25962824
           0.13          -0.068          -0.076      -0.5472054    -0.019781477    0.0065434777     -0.25992371
           0.13          -0.064          -0.076     -0.50237901    -0.029827932     0.015064191     -0.26006849
           0.13           -0.06          -0.076     -0.45583905    -0.040982145     0.023546285     -0.26007409
           0.13          -0.056          -0.076     -0.40760937    -0.052742425     0.031392306     -0.25996127
           0.13          -0.052          -0.076     -0.35719662    -0.064461748     0.037897199     -0.25976543
           0.13          -0.048          -0.076     -0.30354413    -0.075370395     0.042306002     -0.25953291
           0.13          -0.044          -0.076     -0.24521297    -0.084649835     0.043963052     -0.25929982
           0.13           -0.04          -0.076     -0.18086075    -0.091551336     0.042576547     -0.25904761
           0.13          -0.036          -0.076     -0.10984794     -0.09553942     0.038471528     -0.25869345
           0.13          -0.032          -0.076    -0.032510916    -0.096299586      0.03265136     -0.25807706
           0.13          -0.028          -0.076     0.050248641    -0.093581077      0.02649346     -0.25704606
           0.13          -0.024          -0.076      0.13728698    -0.087242375     0.021236805     -0.25562041
           0.13           -0.02          -0.076        0.226826    -0.077258714     0.017565393     -0.25404281
           0.13          -0.016          -0.076      0.31536083    -0.063774604     0.015382415     -0.25265499
           0.13          -0.012          -0.076      0.39605651    -0.047613546     0.013816894     -0.25185427
           0.13          -0.008          -0.076      0.46010166    -0.030077343     0.011965044     -0.25204337
           0.13          -0.004          -0.076      0.49935712    -0.012183778     0.010138412     -0.25339713
           0.13               0          -0.076      0.50474117    0.0058725671    0.0098030606     -0.25568933
           0.13           0.004          -0.076      0.47190172     0.024001524     0.010895094     -0.25874382
           0.13           0.008          -0.076      0.40579077     0.041708687     0.011053199     -0.26257417
           0.13           0.012          -0.076      0.31625801     0.057591133    0.0088549398     -0.26684603
           0.13           0.016          -0.076      0.21732229     0.069356726    0.0055224243     -0.27089696
           0.13            0.02          -0.076      0.12097995     0.076114703    0.0032682756     -0.27411764
           0.13           0.024          -0.076     0.031569551     0.078530042    0.0035445599     -0.27621037
           0.13           0.028          -0.076    -0.050377479     0.077521746    0.0066184389     -0.27722203
           0.13           0.032          -0.076     -0.12484122     0.073939254     0.011673669     -0.27734443
           0.13           0.036          -0.076     -0.19190278     0.068433318     0.017308389     -0.27674124
           0.13            0.04          -0.076     -0.25195253     0.061481341     0.022008213     -0.27562728
           0.13           0.044          -0.076     -0.30585132     0.053417322     0.024527742     -0.27428137
           0.13           0.048          -0.076     -0.35490703     0.044494777     0.024228897     -0.27293027
           0.13           0.052          -0.076     -0.40062446     0.035021075     0.021160414       -0.271684
           0.13           0.056          -0.076     -0.44434249     0.025417226     0.015869885     -0.27055467
           0.13            0.06          -0.076       -0.486953     0.016171592    0.0091269904     -0.26950636
           0.13           0.064          -0.076     -0.52881021    0.0077609293    0.0017166227     -0.26849097
           0.13           0.068          -0.076     -0.56987604   0.00062896366   -0.0056449646     -0.26746425
           0.13           0.072          -0.076     -0.60976735   -0.0048834082    -0.012374684     -0.26640453
           0.13           0.076          -0.076     -0.64777254   -0.0086086171    -0.018081884     -0.26532149
           0.13            0.08          -0.076     -0.68302784     -0.01053228    -0.022563754     -0.26425396
           0.13           0.084          -0.076     -0.71445193    -0.010772426    -0.025786986     -0.26326872
           0.13           0.088          -0.076     -0.74022587   -0.0095447538    -0.027867429     -0.26245445
           0.13           0.092          -0.076     -0.75531964   -0.0071597988    -0.029024603     -0.26190002
           0.13           0.096          -0.076     -0.73374431   -0.0037501028    -0.028857082     -0.26161683
           0.13             0.1          -0.076               0               0               0     -0.26153619
           0.13          -0.096          -0.072     -0.66697514    0.0036615842    -0.036693653       -0.257494
           0.13            -0.1          -0.072               0               0               0     -0.25745746
           0.13          -0.092          -0.072     -0.68575625    0.0064036013    -0.035076243     -0.25765087
           0.13          -0.088          -0.072     -0.67206657    0.0075553176    -0.031481105     -0.25802135
           0.13          -0.084          -0.072     -0.64826113    0.0069887823     -0.02668683     -0.25859839
           0.13           -0.08          -0.072     -0.61850668    0.0045298196    -0.020674838     -0.25927242
           0.13          -0.076          -0.072     -0.58423233   0.00013694129    -0.013464429     -0.25994869
           0.13          -0.072          -0.072     -0.54635383   -0.0061363034   -0.0052174442     -0.26056311
           0.13          -0.068          -0.072     -0.50553746    -0.014115916      0.00375321     -0.26106504
           0.13          -0.064          -0.072     -0.46207722    -0.023514782     0.013019362     -0.26143535
           0.13           -0.06          -0.072      -0.4161085    -0.033973923     0.022072074      -0.2616762
           0.13          -0.056          -0.072     -0.36764166    -0.045052969     0.030313283     -0.26178293
           0.13          -0.052          -0.072     -0.31635069    -0.056193837     0.037054076     -0.26175526
           0.13          -0.048          -0.072      -0.2615431    -0.066734697     0.041582773     -0.26159785
           0.13          -0.044          -0.072     -0.20227304    -0.075961713     0.043306415     -0.26131315
           0.13           -0.04          -0.072     -0.13764967    -0.083188495     0.041972858     -0.26088026
           0.13          -0.036          -0.072    -0.067272197    -0.087843326     0.037884619     -0.26024663
           0.13          -0.032          -0.072    0.0084634395    -0.089484482      0.03197932     -0.25932627
           0.13          -0.028          -0.072     0.088359689    -0.087761094     0.025657986     -0.25805426
           0.13          -0.024          -0.072      0.17065057    -0.082460137     0.020298813     -0.25649272
           0.13           -0.02          -0.072      0.25325133    -0.073571541     0.016763139     -0.25488276
           0.13          -0.016          -0.072      0.33341279    -0.061332304     0.015175554     -0.25355465
           0.13          -0.012          -0.072       0.4065276    -0.046511662     0.014729786     -0.25285575
           0.13          -0.008          -0.072       0.4659017    -0.030233492     0.014226076     -0.25307859
           0.13          -0.004          -0.072      0.50293496    -0.013448565     0.013534771     -0.25433918
           0.13               0          -0.072      0.50708498    0.0035436712     0.013735747     -0.25646699
           0.13           0.004          -0.072      0.47415423     0.020634981     0.014610577     -0.25930138
           0.13           0.008          -0.072      0.41131022     0.037128972     0.014141546     -0.26278813
           0.13           0.012          -0.072      0.33010302     0.051472197     0.011487195     -0.26665287
           0.13           0.016          -0.072      0.24181162     0.061830045    0.0081443735     -0.27039732
           0.13            0.02          -0.072      0.15426934     0.067518907    0.0062047678     -0.27351519
           0.13           0.024          -0.072     0.070617124     0.069059855    0.0067814725     -0.27572852
           0.13           0.028          -0.072   -0.0079600403     0.067327299    0.0098167581      -0.2770276
           0.13           0.032          -0.072    -0.080700314     0.063089562     0.014376532      -0.2775273
           0.13           0.036          -0.072     -0.14722427     0.056975814     0.019121661     -0.27735143
           0.13            0.04          -0.072     -0.20766148     0.049508365     0.022722203     -0.27666452
           0.13           0.044          -0.072     -0.26267152     0.041091299     0.024152139     -0.27566082
           0.13           0.048          -0.072     -0.31326845      0.03206107     0.022901573     -0.27450526
           0.13           0.052          -0.072     -0.36054135     0.022766621     0.019016635     -0.27329929
           0.13           0.056          -0.072     -0.40539486     0.013604285     0.012968978     -0.27208707
           0.13            0.06          -0.072     -0.44838466    0.0049907167    0.0054513495     -0.27088068
           0.13           0.064          -0.072     -0.48975101   -0.0026514933    -0.002777789     -0.26966874
           0.13           0.068          -0.072     -0.52953413   -0.0089265106     -0.01099805     -0.26843877
           0.13           0.072          -0.072     -0.56750773    -0.013555786    -0.018630584     -0.26719386
           0.13           0.076          -0.072     -0.60322618     -0.01638652    -0.025270284      -0.2659539
           0.13            0.08          -0.072     -0.63612013    -0.017357364    -0.030661167     -0.26477098
           0.13           0.084          -0.072     -0.66535485    -0.016507261    -0.034687359     -0.26372782
           0.13           0.088          -0.072     -0.68938955    -0.013986137    -0.037364932     -0.26293171
           0.13           0.092          -0.072     -0.70380185    -0.010079198    -0.038779924     -0.26246559
           0.13           0.096          -0.072     -0.68574962   -0.0050945571    -0.038151686     -0.26229533
           0.13             0.1          -0.072               0               0               0     -0.26226991
           0.13          -0.096          -0.068     -0.61351146    0.0044683848    -0.046231642     -0.25805049
           0.13            -0.1          -0.068               0               0               0     -0.25802889
           0.13          -0.092          -0.068     -0.62880453    0.0084711767    -0.044653232     -0.25814654
           0.13          -0.088          -0.068      -0.6160507     0.010513326    -0.040324987      -0.2584641
           0.13          -0.084          -0.068     -0.59421861     0.010668448    -0.034585236     -0.25906378
           0.13           -0.08          -0.068     -0.56679938     0.008837033    -0.027589516     -0.25982707
           0.13          -0.076          -0.068     -0.53488307    0.0050723822    -0.019448421     -0.26064712
           0.13          -0.072          -0.068     -0.49903289  -0.00052545624     -0.01035043      -0.2614552
           0.13          -0.068          -0.068     -0.45972073   -0.0077912259  -0.00060871703     -0.26219726
           0.13          -0.064          -0.068     -0.41713999    -0.016459994     0.009320441     -0.26283563
           0.13           -0.06          -0.068      -0.3712201    -0.026204275     0.018896534     -0.26335474
           0.13          -0.056          -0.068     -0.32185917    -0.036649538     0.027515454     -0.26372795
           0.13          -0.052          -0.068     -0.26879581    -0.047318194     0.034490744     -0.26391391
           0.13          -0.048          -0.068     -0.21153789    -0.057616533     0.039126618     -0.26387315
           0.13          -0.044          -0.068     -0.14943067    -0.066873622     0.040862374     -0.26357397
           0.13           -0.04          -0.068    -0.081897824    -0.074407381     0.039474614     -0.26298928
           0.13          -0.036          -0.068   -0.0088723232    -0.079597927     0.035272111     -0.26208656
           0.13          -0.032          -0.068     0.068768943    -0.081931168     0.029183293     -0.26083183
           0.13          -0.028          -0.068      0.14909995    -0.081035068     0.022608294     -0.25925297
           0.13          -0.024          -0.068      0.22933488    -0.076687589     0.017006444       -0.257482
           0.13           -0.02          -0.068      0.30622738    -0.068834757     0.013534553     -0.25576411
           0.13          -0.016          -0.068      0.37687585    -0.057756105     0.012709368     -0.25444722
           0.13          -0.012          -0.068      0.43902969    -0.044269301     0.013849718     -0.25384677
           0.13          -0.008          -0.068      0.48957538    -0.029477415     0.015338876     -0.25410798
           0.13          -0.004          -0.068      0.52136494    -0.014311665     0.016291661      -0.2552717
           0.13   3.6346636e-19          -0.068      0.52375594   0.00098335809     0.017109107     -0.25723665
           0.13           0.004          -0.068      0.49305802     0.016475362     0.017478383     -0.25987151
           0.13           0.008          -0.068      0.43756563       0.0314857     0.016072176      -0.2630665
           0.13           0.012          -0.068      0.36820657     0.044421521     0.012837088     -0.26657529
           0.13           0.016          -0.068      0.29212069     0.053682785    0.0095438586     -0.27007195
           0.13            0.02          -0.068      0.21322068     0.058657874    0.0080251852      -0.2731845
           0.13           0.024          -0.068      0.13380598     0.059729494    0.0089182851     -0.27560956
           0.13           0.028          -0.068     0.056021204     0.057652234     0.011883679     -0.27725098
           0.13           0.032          -0.068    -0.018124598     0.053084322     0.015985417     -0.27814178
           0.13           0.036          -0.068    -0.087256825     0.046608056     0.019970184     -0.27835617
           0.13            0.04          -0.068      -0.1508502     0.038757946     0.022622628     -0.27802481
           0.13           0.044          -0.068     -0.20917569     0.029990344     0.023052131     -0.27729014
           0.13           0.048          -0.068     -0.26291855     0.020728176     0.020835389     -0.27627211
           0.13           0.052          -0.068     -0.31286109     0.011402126     0.016032872     -0.27505873
           0.13           0.056          -0.068     -0.35958902    0.0024523902    0.0091028646     -0.27372338
           0.13            0.06          -0.068     -0.40343828   -0.0057067803   0.00072739002     -0.27232327
           0.13           0.064          -0.068     -0.44471478    -0.012690615   -0.0083388821     -0.27088433
           0.13           0.068          -0.068     -0.48361999    -0.018196603     -0.01741102     -0.26942567
           0.13           0.072          -0.068      -0.5201015    -0.022031128    -0.025955059     -0.26796997
           0.13           0.076          -0.068     -0.55396569    -0.024049823    -0.033566148     -0.26655287
           0.13            0.08          -0.068     -0.58489363    -0.024152424      -0.0399552     -0.26524158
           0.13           0.084          -0.068     -0.61231455    -0.022301271    -0.044936795     -0.26413356
           0.13           0.088          -0.068     -0.63500085    -0.018562036    -0.048402326     -0.26335361
           0.13           0.092          -0.068      -0.6491581    -0.013150619    -0.050192077     -0.26297651
           0.13           0.096          -0.068     -0.63496437   -0.0064468479    -0.048877974     -0.26292318
           0.13             0.1          -0.068               0               0               0     -0.26295642
           0.13          -0.096          -0.064     -0.56024466    0.0056324337    -0.057210224     -0.25851662
           0.13            -0.1          -0.064               0               0               0     -0.25853985
           0.13          -0.092          -0.064     -0.57185546     0.010928337    -0.055801124     -0.25852572
           0.13          -0.088          -0.064     -0.55947934     0.013830104    -0.050496811     -0.25879419
           0.13          -0.084          -0.064      -0.5390079     0.014634737    -0.043689258     -0.25942037
           0.13           -0.08          -0.064       -0.513287     0.013403472     -0.03570504     -0.26028064
           0.13          -0.076          -0.064     -0.48308867       0.0102962    -0.026720902     -0.26125372
           0.13          -0.072          -0.064     -0.44867309    0.0054661972    -0.016926533     -0.26226452
           0.13          -0.068          -0.064     -0.41018546   -0.0009547536   -0.0065858653     -0.26326757
           0.13          -0.064          -0.064     -0.36769059   -0.0087884967    0.0038895079     -0.26420626
           0.13           -0.06          -0.064     -0.32097011    -0.017765084     0.013932375     -0.26503476
           0.13          -0.056          -0.064     -0.26967815    -0.027560533     0.022894002     -0.26570701
           0.13          -0.052          -0.064     -0.21347547    -0.037764599     0.030065562     -0.26613713
           0.13          -0.048          -0.064      -0.1518987     -0.04782397     0.034729686     -0.26623494
           0.13          -0.044          -0.064    -0.084397702    -0.057071258     0.036321353     -0.26592821
           0.13           -0.04          -0.064    -0.010588857    -0.064791006     0.034647944     -0.26517374
           0.13          -0.036          -0.064     0.069252755    -0.070307883     0.030064674     -0.26397487
           0.13          -0.032          -0.064      0.15393367    -0.073121057     0.023458378     -0.26239799
           0.13          -0.028          -0.064      0.24093245    -0.072872972     0.016167948     -0.26054825
           0.13          -0.024          -0.064      0.32590853    -0.069251401    0.0098400073     -0.25851393
           0.13           -0.02          -0.064      0.40296691    -0.062157917    0.0060786596     -0.25655187
           0.13          -0.016          -0.064      0.46636776    -0.052008438    0.0060025456     -0.25514556
           0.13          -0.012          -0.064      0.51398743    -0.039942638    0.0093114417     -0.25462808
           0.13          -0.008          -0.064      0.54828049    -0.027261425     0.013817235     -0.25498105
           0.13          -0.004          -0.064      0.56874899    -0.014703314     0.017256143     -0.25610497
           0.13  -3.6346636e-19          -0.064      0.56812088   -0.0022169488     0.018777779     -0.25792023
           0.13           0.004          -0.064      0.54341982     0.010691986     0.018020606     -0.26033236
           0.13           0.008          -0.064      0.50115426     0.023687416     0.014911529     -0.26324964
           0.13           0.012          -0.064      0.44742819      0.03532994     0.010646831     -0.26649592
           0.13           0.016          -0.064      0.38344447     0.044109167    0.0073592636     -0.26987923
           0.13            0.02          -0.064      0.30996951     0.049143741    0.0064859156     -0.27309081
           0.13           0.024          -0.064      0.22979952      0.05044054    0.0080776933      -0.2757285
           0.13           0.028          -0.064      0.14739164     0.048545696     0.011443313     -0.27764797
           0.13           0.032          -0.064     0.066986403      0.04406748     0.015535393     -0.27890107
           0.13           0.036          -0.064   -0.0087949247     0.037547543      0.01916075     -0.27950975
           0.13            0.04          -0.064     -0.07890651     0.029493929     0.021229601     -0.27952347
           0.13           0.044          -0.064     -0.14328326     0.020434514     0.020929481     -0.27903948
           0.13           0.048          -0.064     -0.20228494     0.010894887     0.017882691     -0.27813911
           0.13           0.052          -0.064     -0.25641712    0.0014328897     0.012194087     -0.27689446
           0.13           0.056          -0.064     -0.30602568    -0.007415329    0.0043754932     -0.27541841
           0.13            0.06          -0.064     -0.35152797    -0.015214519   -0.0048485638     -0.27380659
           0.13           0.064          -0.064     -0.39348154    -0.021645119    -0.014733176     -0.27212108
           0.13           0.068          -0.064     -0.43223446    -0.026507089    -0.024643523     -0.27041778
           0.13           0.072          -0.064     -0.46791579    -0.029668593     -0.03408274     -0.26873863
           0.13           0.076          -0.064     -0.50057695    -0.031007334    -0.042670855      -0.2671375
           0.13            0.08          -0.064     -0.53017022    -0.030404329    -0.050126442     -0.26569434
           0.13           0.084          -0.064     -0.55642988    -0.027749116    -0.056233299     -0.26451869
           0.13           0.088          -0.064     -0.57850809    -0.022996687    -0.060772053     -0.26375263
           0.13           0.092          -0.064     -0.59328872    -0.016240373    -0.063286714     -0.26346859
           0.13           0.096          -0.064     -0.58370533    -0.007906655    -0.061218015     -0.26352679
           0.13             0.1          -0.064               0               0               0     -0.26360854
           0.13          -0.096           -0.06     -0.50889802    0.0072602773    -0.069938589     -0.25892417
           0.13            -0.1           -0.06               0               0               0     -0.25906038
           0.13          -0.092           -0.06     -0.51636924     0.013648348     -0.06844777     -0.25879241
           0.13          -0.088           -0.06     -0.50357658     0.017363686    -0.061790992     -0.25901926
           0.13          -0.084           -0.06     -0.48370413     0.018709308    -0.053768009     -0.25966384
           0.13           -0.08           -0.06     -0.45890528     0.018031124    -0.044825458     -0.26061819
           0.13          -0.076           -0.06     -0.42959387     0.015586934    -0.035132605     -0.26174299
           0.13          -0.072           -0.06      -0.3957554     0.011579388    -0.024832749     -0.26295741
           0.13          -0.068           -0.06     -0.35721477    0.0061142429     -0.01412106     -0.26421847
           0.13          -0.064           -0.06     -0.31376033  -0.00074817127   -0.0033098705     -0.26547375
           0.13           -0.06           -0.06     -0.26500447   -0.0088676933    0.0070739225     -0.26663413
           0.13          -0.056           -0.06     -0.21032604    -0.017972857     0.016307978     -0.26760795
           0.13          -0.052           -0.06     -0.14912062    -0.027683696     0.023596355     -0.26827589
           0.13          -0.048           -0.06    -0.080831646    -0.037467829     0.028162727     -0.26849042
           0.13          -0.044           -0.06   -0.0049587793    -0.046613758     0.029427154     -0.26812642
           0.13           -0.04           -0.06     0.078752833    -0.054351606     0.027230237     -0.26718283
           0.13          -0.036           -0.06      0.17028352    -0.060048937     0.021881632     -0.26576888
           0.13          -0.032           -0.06      0.26891287    -0.063288527     0.014170838     -0.26400807
           0.13          -0.028           -0.06      0.37154974    -0.063651364    0.0055195999       -0.261849
           0.13          -0.024           -0.06      0.47179094    -0.060652174   -0.0021034656      -0.2592893
           0.13           -0.02           -0.06      0.56058874    -0.054079916   -0.0066074358     -0.25684039
           0.13          -0.016           -0.06      0.62668576    -0.044547476   -0.0061580896     -0.25521445
           0.13          -0.012           -0.06      0.66225017     -0.03384958  -0.00037102967     -0.25476973
           0.13          -0.008           -0.06      0.67346866    -0.023776806    0.0082091915     -0.25528819
           0.13          -0.004           -0.06      0.67408675    -0.014750311     0.015256687     -0.25643988
           0.13               0           -0.06      0.66813564    -0.006132227     0.017615165     -0.25812387
           0.13           0.004           -0.06      0.65391314    0.0032404263     0.014821447      -0.2602896
           0.13           0.008           -0.06      0.63155019     0.013739839    0.0087495867     -0.26289129
           0.13           0.012           -0.06      0.59578347     0.024364092    0.0025467289     -0.26587447
           0.13           0.016           -0.06      0.53870569      0.03358513  -0.00094607826     -0.26921983
           0.13            0.02           -0.06       0.4608823     0.039742707  -0.00075777709     -0.27271284
           0.13           0.024           -0.06      0.36996053     0.042003733    0.0023583128     -0.27576723
           0.13           0.028           -0.06      0.27405355     0.040708392    0.0071324989     -0.27797338
           0.13           0.032           -0.06      0.17989011     0.036606357     0.012150987     -0.27947416
           0.13           0.036           -0.06     0.091763744     0.030282496     0.016143103     -0.28044359
           0.13            0.04           -0.06     0.011027172      0.02221059     0.018169172      -0.2808357
           0.13           0.044           -0.06    -0.062531267     0.012933274     0.017519234     -0.28065346
           0.13           0.048           -0.06     -0.12936299    0.0030910815     0.013884029     -0.27991701
           0.13           0.052           -0.06     -0.18964808   -0.0065619175    0.0074563246     -0.27867929
           0.13           0.056           -0.06     -0.24366373    -0.015372799   -0.0011466175     -0.27708319
           0.13            0.06           -0.06     -0.29217246    -0.022902785    -0.011137997     -0.27526403
           0.13           0.064           -0.06     -0.33596097    -0.028899028    -0.021771037     -0.27333605
           0.13           0.068           -0.06     -0.37553444    -0.033239681     -0.03244171     -0.27139009
           0.13           0.072           -0.06     -0.41128107     -0.03585257    -0.042688565     -0.26949431
           0.13           0.076           -0.06     -0.44353136    -0.036660981    -0.052183501     -0.26771975
           0.13            0.08           -0.06      -0.4725506    -0.035553376     -0.06070053     -0.26615578
           0.13           0.084           -0.06       -0.498448    -0.032362142    -0.068058212     -0.26491946
           0.13           0.088           -0.06     -0.52088385    -0.026930396    -0.073993217      -0.2641702
           0.13           0.092           -0.06      -0.5376014    -0.019118922    -0.077762997     -0.26396238
           0.13           0.096           -0.06     -0.53402535   -0.0094525598    -0.075114308     -0.26413425
           0.13             0.1           -0.06               0               0               0     -0.26428457
           0.13          -0.096          -0.056     -0.45898279    0.0091237314    -0.084099522     -0.25932025
           0.13            -0.1          -0.056               0               0               0     -0.25962284
           0.13          -0.092          -0.056     -0.46185954     0.016244176    -0.082050117     -0.25900561
           0.13          -0.088          -0.056     -0.44813951     0.020691173     -0.07372328     -0.25918621
           0.13          -0.084          -0.056     -0.42836782     0.022486788    -0.064403824     -0.25982006
           0.13           -0.08          -0.056     -0.40388353     0.022335034    -0.054613733      -0.2608425
           0.13          -0.076          -0.056     -0.37470879     0.020569445    -0.044423288     -0.26209438
           0.13          -0.072          -0.056     -0.34053524     0.017423188    -0.033863613     -0.26349313
           0.13          -0.068          -0.056     -0.30089667     0.012971837    -0.023036786      -0.2649898
           0.13          -0.064          -0.056     -0.25522037    0.0071844925    -0.012171209     -0.26653826
           0.13           -0.06          -0.056     -0.20281543   3.4943969e-05   -0.0016986438     -0.26802916
           0.13          -0.056          -0.056      -0.1428055   -0.0083342014    0.0076605354     -0.26929278
           0.13          -0.052          -0.056    -0.074284486    -0.017557173     0.014970491     -0.27015705
           0.13          -0.048          -0.056    0.0033892655    -0.027039421     0.019332207     -0.27043442
           0.13          -0.044          -0.056     0.090652667    -0.036002985     0.020128257     -0.27001281
           0.13           -0.04          -0.056      0.18818883    -0.043706177      0.01716422      -0.2690061
           0.13          -0.036          -0.056      0.29682664     -0.04965635     0.010677254     -0.26750972
           0.13          -0.032          -0.056      0.41568287    -0.053449507    0.0015865458     -0.26543127
           0.13          -0.028          -0.056      0.54093194    -0.054554683   -0.0084461717     -0.26258125
           0.13          -0.024          -0.056      0.66635438    -0.052337019    -0.017259322     -0.25919639
           0.13           -0.02          -0.056      0.78126282    -0.046426417    -0.022372838     -0.25608542
           0.13          -0.016          -0.056      0.86662862    -0.037564015    -0.021396191     -0.25409766
           0.13          -0.012          -0.056      0.90350056    -0.028173994    -0.013607939     -0.25367156
           0.13          -0.008          -0.056      0.89590222    -0.020600223   -0.0015063078     -0.25444505
           0.13          -0.004          -0.056      0.87397743    -0.014880288    0.0090910544     -0.25573966
           0.13               0          -0.056      0.86117141    -0.009772788     0.012275724     -0.25730963
           0.13           0.004          -0.056       0.8598921    -0.003838702    0.0070543726     -0.25917872
           0.13           0.008          -0.056      0.85930207    0.0039927416   -0.0024342621      -0.2612684
           0.13           0.012          -0.056      0.83591657     0.013765666    -0.010737874     -0.26374872
           0.13           0.016          -0.056      0.77236385     0.024065715    -0.014507177     -0.26700232
           0.13            0.02          -0.056      0.67446389     0.032063117    -0.013203445     -0.27092549
           0.13           0.024          -0.056      0.55989605     0.035776807   -0.0081782597     -0.27477681
           0.13           0.028          -0.056      0.44167057     0.035308939   -0.0013950918     -0.27776734
           0.13           0.032          -0.056      0.32658512     0.031607289     0.005379716     -0.27972874
           0.13           0.036          -0.056      0.21931632     0.025460265      0.01063686     -0.28099031
           0.13            0.04          -0.056      0.12231356     0.017429819     0.013284069     -0.28172285
           0.13           0.044          -0.056     0.035550724    0.0080058454     0.012714451     -0.28187895
           0.13           0.048          -0.056    -0.042028332   -0.0021119381    0.0087825472     -0.28137202
           0.13           0.052          -0.056     -0.11088477    -0.011991456    0.0018278797     -0.28020628
           0.13           0.056          -0.056     -0.17153716    -0.020846488   -0.0073873794     -0.27854602
           0.13            0.06          -0.056     -0.22496578    -0.028229667    -0.018000197     -0.27657023
           0.13           0.064          -0.056      -0.2720729    -0.033929807    -0.029246038     -0.27444012
           0.13           0.068          -0.056     -0.31365434    -0.037876484    -0.040524988     -0.27228318
           0.13           0.072          -0.056     -0.35043214    -0.040062859    -0.051407205     -0.27020356
           0.13           0.076          -0.056     -0.38307455    -0.040482804     -0.06163298     -0.26829028
           0.13            0.08          -0.056     -0.41221531    -0.039067308    -0.071076571     -0.26663796
           0.13           0.084          -0.056     -0.43841761    -0.035627752    -0.079667205     -0.26536448
           0.13           0.088          -0.056     -0.46201549    -0.029937585    -0.087204805     -0.26464152
           0.13           0.092          -0.056     -0.48198771    -0.021510672    -0.092698925     -0.26446675
           0.13           0.096          -0.056     -0.48620885    -0.011006205    -0.089983748     -0.26475936
           0.13             0.1          -0.056               0               0               0     -0.26502941
           0.13          -0.096          -0.052     -0.40676192     0.010678728     -0.09840144      -0.2597575
           0.13            -0.1          -0.052               0               0               0       -0.260201
           0.13          -0.092          -0.052     -0.40527952     0.018160011    -0.095482019     -0.25927004
           0.13          -0.088          -0.052     -0.39123411     0.023155797    -0.085501964     -0.25936898
           0.13          -0.084          -0.052     -0.37187505     0.025365007    -0.075011247     -0.25994271
           0.13           -0.08          -0.052     -0.34762446     0.025759423     -0.06461428     -0.26097444
           0.13          -0.076          -0.052     -0.31816903     0.024713763    -0.054219632     -0.26229543
           0.13          -0.072          -0.052     -0.28293135     0.022463146    -0.043700821     -0.26382497
           0.13          -0.068          -0.052     -0.24112495     0.019027579     -0.03303551     -0.26550969
           0.13          -0.064          -0.052     -0.19178597     0.014297737    -0.022383834     -0.26728375
           0.13           -0.06          -0.052     -0.13380601    0.0081383118    -0.012125968     -0.26902758
           0.13          -0.056          -0.052    -0.066017733   0.00052620464   -0.0029221722     -0.27054583
           0.13          -0.052          -0.052     0.012520209   -0.0082476941    0.0042600811     -0.27159097
           0.13          -0.048          -0.052      0.10238916    -0.017480381    0.0083755797     -0.27193025
           0.13          -0.044          -0.052      0.20432918    -0.026359813    0.0086536501     -0.27150823
           0.13           -0.04          -0.052      0.31962105     -0.03421388    0.0048717201     -0.27039968
           0.13          -0.036          -0.052      0.44877623    -0.040556042   -0.0025380982     -0.26852534
           0.13          -0.032          -0.052      0.59039885     -0.04497877    -0.012407759     -0.26569984
           0.13          -0.028          -0.052      0.74224496    -0.046947804    -0.023000414      -0.2619409
           0.13          -0.024          -0.052      0.90101892    -0.045813904    -0.031988013     -0.25775073
           0.13           -0.02          -0.052       1.0561435    -0.041152078    -0.036493083     -0.25396545
           0.13          -0.016          -0.052       1.1796948    -0.033725265    -0.033970191     -0.25161959
           0.13          -0.012          -0.052       1.2380343    -0.026175343    -0.024292279     -0.25114496
           0.13          -0.008          -0.052       1.2300119    -0.020462748    -0.010168776     -0.25195399
           0.13          -0.004          -0.052       1.1959456    -0.015876617    0.0022942391     -0.25329287
           0.13               0          -0.052       1.1775123    -0.011550265    0.0059385182     -0.25474107
           0.13           0.004          -0.052       1.1854321   -0.0068672548  -0.00080987037     -0.25621944
           0.13           0.008          -0.052       1.1966076  -0.00071077221    -0.012796377     -0.25778465
           0.13           0.012          -0.052       1.1697755    0.0078962683    -0.022942723      -0.2598568
           0.13           0.016          -0.052       1.0816152     0.018362042    -0.027624942     -0.26296597
           0.13            0.02          -0.052      0.94631087     0.027485838    -0.026399384     -0.26719243
           0.13           0.024          -0.052      0.79466107      0.03243278    -0.020491982     -0.27184916
           0.13           0.028          -0.052      0.64623023     0.032882014     -0.01228541     -0.27598807
           0.13           0.032          -0.052      0.50631735     0.029712192   -0.0039366647     -0.27902034
           0.13           0.036          -0.052      0.37654634     0.023781208    0.0028157955     -0.28093739
           0.13            0.04          -0.052      0.25878724     0.015740791    0.0065992204     -0.28207327
           0.13           0.044          -0.052       0.1540193    0.0061596168     0.006579425     -0.28254613
           0.13           0.048          -0.052     0.061725555   -0.0042147918    0.0026849145       -0.282264
           0.13           0.052          -0.052    -0.018887138    -0.014349242    -0.004544255     -0.28120783
           0.13           0.056          -0.052    -0.088902593    -0.023358911    -0.014165579      -0.2795719
           0.13            0.06          -0.052     -0.14953357    -0.030766723    -0.025215871      -0.2775447
           0.13           0.064          -0.052     -0.20176707    -0.036349928     -0.03689475     -0.27529659
           0.13           0.068          -0.052     -0.24671439    -0.040054974     -0.04857687     -0.27299765
           0.13           0.072          -0.052     -0.28549969    -0.041940184    -0.059847971      -0.2707987
           0.13           0.076          -0.052     -0.31920275    -0.042094422    -0.070518502     -0.26881013
           0.13            0.08          -0.052     -0.34887756    -0.040531258    -0.080589225     -0.26712805
           0.13           0.084          -0.052     -0.37558089    -0.037096446    -0.090154223     -0.26586287
           0.13           0.088          -0.052     -0.40041233    -0.031559252    -0.099180889     -0.26518127
           0.13           0.092          -0.052     -0.42397673    -0.023146603     -0.10654193     -0.26502076
           0.13           0.096          -0.052     -0.43712892     -0.01254418     -0.10454385     -0.26540183
           0.13             0.1          -0.052               0               0               0       -0.265775
           0.13          -0.096          -0.048     -0.34612408     0.011276877     -0.11065363     -0.26027048
           0.13            -0.1          -0.048               0               0               0     -0.26073347
           0.13          -0.092          -0.048     -0.34171034     0.018824169     -0.10717347     -0.25968982
           0.13          -0.088          -0.048     -0.32964452     0.024033887    -0.096139116      -0.2596456
           0.13          -0.084          -0.048     -0.31216231     0.026669137    -0.084916935     -0.26009531
           0.13           -0.08          -0.048     -0.28882209     0.027670959     -0.07429731     -0.26104521
           0.13          -0.076          -0.048     -0.25917776     0.027407772    -0.064052161     -0.26234145
           0.13          -0.072          -0.048     -0.22247409     0.026072115    -0.053892039     -0.26391003
           0.13          -0.068          -0.048     -0.17757531     0.023597237    -0.043656113     -0.26569368
           0.13          -0.064          -0.048     -0.12304322     0.019775684    -0.033430427     -0.26759161
           0.13           -0.06          -0.048    -0.057348871     0.014399562    -0.023586984     -0.26944789
           0.13          -0.056          -0.048      0.02076507    0.0073766401    -0.014745015     -0.27107638
           0.13          -0.052          -0.048      0.11219186   -0.0010760625   -0.0078107535     -0.27221308
           0.13          -0.048          -0.048      0.21749092     -0.01024468   -0.0039329391     -0.27256553
           0.13          -0.044          -0.048      0.33733747    -0.019239579   -0.0039879683     -0.27201211
           0.13           -0.04          -0.048      0.47264549    -0.027336077   -0.0080757019     -0.27051249
           0.13          -0.036          -0.048      0.62340605    -0.033980797    -0.015527615     -0.26796103
           0.13          -0.032          -0.048       0.7890178    -0.038831812    -0.025065266     -0.26436053
           0.13          -0.028          -0.048      0.96979273    -0.041512648    -0.034919516     -0.25986602
           0.13          -0.024          -0.048       1.1659966    -0.041651946    -0.042374339     -0.25494704
           0.13           -0.02          -0.048       1.3711196    -0.038962615    -0.043810608     -0.25045094
           0.13          -0.016          -0.048       1.5501319    -0.033627636    -0.036426294     -0.24748111
           0.13          -0.012          -0.048       1.6485707    -0.027795364    -0.022757638     -0.24638779
           0.13          -0.008          -0.048       1.6565733    -0.022796001   -0.0078693029     -0.24682195
           0.13          -0.004          -0.048       1.6221419    -0.017147219     0.003722801     -0.24810507
           0.13               0          -0.048       1.6010054    -0.010691922    0.0071296477     -0.24938167
           0.13           0.004          -0.048       1.6131832   -0.0045575787    0.0011103721     -0.25035558
           0.13           0.008          -0.048       1.6256466    0.0012953031    -0.010751596     -0.25136684
           0.13           0.012          -0.048       1.5812394    0.0084900368    -0.022985169     -0.25349527
           0.13           0.016          -0.048       1.4519342     0.017813275     -0.03189757     -0.25708432
           0.13            0.02          -0.048       1.2638093     0.026389201    -0.034455217     -0.26183419
           0.13           0.024          -0.048       1.0651311     0.031417721     -0.03022159     -0.26717531
           0.13           0.028          -0.048      0.88083247     0.032589845    -0.022266362     -0.27224275
           0.13           0.032          -0.048      0.71288171     0.030296078    -0.013454963     -0.27646412
           0.13           0.036          -0.048      0.55940371     0.025024566    -0.005905649     -0.27952279
           0.13            0.04          -0.048      0.41979194     0.017329423   -0.0012261798     -0.28147752
           0.13           0.044          -0.048      0.29450067     0.007781734  -0.00053847243     -0.28243179
           0.13           0.048          -0.048      0.18356444   -0.0028238771   -0.0040643886     -0.28238095
           0.13           0.052          -0.048     0.087132901     -0.01330298    -0.011277355     -0.28143902
           0.13           0.056          -0.048    0.0046520221    -0.022629925    -0.021119258     -0.27991739
           0.13            0.06          -0.048    -0.065646021    -0.030274906    -0.032453205     -0.27798017
           0.13           0.064          -0.048     -0.12507108    -0.035970475    -0.044378132     -0.27574105
           0.13           0.068          -0.048     -0.17487341    -0.039624201    -0.056239662     -0.27340774
           0.13           0.072          -0.048     -0.21658706    -0.041350302    -0.067610307     -0.27118327
           0.13           0.076          -0.048     -0.25178799    -0.041351038    -0.078357477     -0.26920775
           0.13            0.08          -0.048     -0.28199744    -0.039759986    -0.088606966     -0.26757677
           0.13           0.084          -0.048     -0.30873262    -0.036515565    -0.098618683     -0.26638542
           0.13           0.088          -0.048      -0.3337725    -0.031438569     -0.10854754     -0.26577106
           0.13           0.092          -0.048     -0.35943872     -0.02372239     -0.11726485      -0.2656503
           0.13           0.096          -0.048     -0.38089615    -0.013687073     -0.11655755     -0.26604327
           0.13             0.1          -0.048               0               0               0     -0.26641565
           0.13          -0.096          -0.044      -0.2721598     0.010940722     -0.11857099     -0.26074553
           0.13            -0.1          -0.044               0               0               0     -0.26109661
           0.13          -0.092          -0.044     -0.26714093     0.018028842     -0.11559855     -0.26020073
           0.13          -0.088          -0.044     -0.26027182     0.022936123      -0.1046896     -0.26000743
           0.13          -0.084          -0.044     -0.24693833      0.02593151    -0.093469126     -0.26028884
           0.13           -0.08          -0.044     -0.22583813      0.02757007    -0.083106267     -0.26106349
           0.13          -0.076          -0.044     -0.19661051     0.028124881    -0.073373204     -0.26222457
           0.13          -0.072          -0.044     -0.15842135     0.027680616    -0.063856979      -0.2637163
           0.13          -0.068          -0.044     -0.10970843     0.026041527    -0.054258013     -0.26547919
           0.13          -0.064          -0.044    -0.048452023     0.022871042    -0.044587744     -0.26737226
           0.13           -0.06          -0.044     0.027087077     0.017911021    -0.035182804     -0.26918701
           0.13          -0.056          -0.044      0.11798688      0.01108568    -0.026639328     -0.27074674
           0.13          -0.052          -0.044      0.22532911    0.0026072624    -0.019897843     -0.27183762
           0.13          -0.048          -0.044      0.34935752   -0.0067506836    -0.016102749     -0.27204567
           0.13          -0.044          -0.044      0.48966258    -0.015900628    -0.016010627     -0.27111332
           0.13           -0.04          -0.044      0.64658614    -0.024000119    -0.019573497     -0.26906383
           0.13          -0.036          -0.044      0.82033701    -0.030498714    -0.026044547      -0.2658938
           0.13          -0.032          -0.044       1.0107398    -0.035169544    -0.034078838     -0.26172036
           0.13          -0.028          -0.044       1.2185786    -0.037883185    -0.041776623     -0.25665254
           0.13          -0.024          -0.044       1.4470441    -0.038843198    -0.045831257     -0.25112524
           0.13           -0.02          -0.044       1.6968426    -0.037906487    -0.041604549     -0.24601141
           0.13          -0.016          -0.044        1.916514    -0.033978288    -0.027478172     -0.24266631
           0.13          -0.012          -0.044       2.0316726    -0.029034568    -0.010959575     -0.24126404
           0.13          -0.008          -0.044       2.0465798    -0.024213412    0.0015614956     -0.24125041
           0.13          -0.004          -0.044       2.0204394    -0.017231592    0.0099298275     -0.24213345
           0.13               0          -0.044       2.0035518   -0.0082983917     0.012651287     -0.24308461
           0.13           0.004          -0.044       2.0143287   4.7313247e-05    0.0090819501     -0.24388131
           0.13           0.008          -0.044       2.0254248    0.0061879303   0.00079805402     -0.24473601
           0.13           0.012          -0.044        1.980586     0.011639716    -0.010495032     -0.24667827
           0.13           0.016          -0.044       1.8337471     0.019135034    -0.023925425     -0.25017943
           0.13            0.02          -0.044       1.6019933      0.02661819     -0.03349823     -0.25533743
           0.13           0.024          -0.044       1.3583047     0.031072199    -0.034113746     -0.26139796
           0.13           0.028          -0.044       1.1406716     0.032877805     -0.02852028      -0.2671419
           0.13           0.032          -0.044      0.94406409     0.031954834    -0.020746736      -0.2721823
           0.13           0.036          -0.044      0.76479076     0.028088646    -0.013560625     -0.27625373
           0.13            0.04          -0.044      0.60179043     0.021499089   -0.0088028554      -0.2792598
           0.13           0.044          -0.044      0.45498264     0.012556928   -0.0077393245     -0.28104517
           0.13           0.048          -0.044      0.32363843    0.0020282505    -0.010849556     -0.28150253
           0.13           0.052          -0.044      0.20798715   -0.0088248076     -0.01784754     -0.28081159
           0.13           0.056          -0.044      0.10935049    -0.018686182    -0.027742965     -0.27945415
           0.13            0.06          -0.044      0.02665098    -0.026803586    -0.039250025      -0.2777056
           0.13           0.064          -0.044    -0.042149556    -0.032856295      -0.0512843     -0.27562356
           0.13           0.068          -0.044    -0.098414775     -0.03669191    -0.063114692     -0.27338395
           0.13           0.072          -0.044       -0.143909    -0.038435372    -0.074291622     -0.27124328
           0.13           0.076          -0.044     -0.18080274    -0.038415931    -0.084715876     -0.26937662
           0.13            0.08          -0.044     -0.21117236    -0.036917729    -0.094617283     -0.26787807
           0.13           0.084          -0.044     -0.23692171    -0.034018305      -0.1043676     -0.26682039
           0.13           0.088          -0.044     -0.26025617    -0.029631055     -0.11420401     -0.26629213
           0.13           0.092          -0.044     -0.28487733    -0.023150081     -0.12303139     -0.26622186
           0.13           0.096          -0.044     -0.31155639    -0.014139381     -0.12335397     -0.26655458
           0.13             0.1          -0.044               0               0               0     -0.26683862
           0.13          -0.096           -0.04     -0.18474548     0.010122221     -0.12160342     -0.26092669
           0.13            -0.1           -0.04               0               0               0      -0.2610933
           0.13          -0.092           -0.04     -0.18131111     0.016097322     -0.12014758     -0.26055534
           0.13          -0.088           -0.04      -0.1818112     0.020108438     -0.11055758      -0.2603066
           0.13          -0.084           -0.04     -0.17462766     0.023198904     -0.10013052     -0.26043704
           0.13           -0.08           -0.04     -0.15725193     0.025362647    -0.090487308      -0.2609878
           0.13          -0.076           -0.04     -0.12936365      0.02665972    -0.081572306     -0.26192374
           0.13          -0.072           -0.04    -0.090019119     0.026991339    -0.072911005      -0.2632289
           0.13          -0.068           -0.04    -0.037017898     0.025974714    -0.064067111     -0.26485141
           0.13          -0.064           -0.04     0.032306534     0.023121324    -0.054961922     -0.26660285
           0.13           -0.06           -0.04      0.11973906     0.018157508    -0.045886256     -0.26823313
           0.13          -0.056           -0.04      0.22648142     0.011037629    -0.037477224     -0.26964913
           0.13          -0.052           -0.04      0.35339319    0.0020802286    -0.030765273     -0.27060801
           0.13          -0.048           -0.04      0.49902701   -0.0076079769    -0.026733814     -0.27047395
           0.13          -0.044           -0.04      0.66190346    -0.016681725    -0.025897744     -0.26900742
           0.13           -0.04           -0.04      0.84230814    -0.024274958    -0.028146105     -0.26639286
           0.13          -0.036           -0.04       1.0399634    -0.029857181    -0.032690611     -0.26267338
           0.13          -0.032           -0.04       1.2538053    -0.033354712     -0.03810006     -0.25804694
           0.13          -0.028           -0.04       1.4826541    -0.034791257    -0.042283797     -0.25257719
           0.13          -0.024           -0.04       1.7248845    -0.035224107    -0.041621697     -0.24666268
           0.13           -0.02           -0.04       1.9790733    -0.036049456     -0.03224853       -0.241441
           0.13          -0.016           -0.04       2.1788311    -0.033427258    -0.016486211       -0.238395
           0.13          -0.012           -0.04       2.2629007    -0.028260636   -0.0028264904     -0.23705552
           0.13          -0.008           -0.04       2.2722023    -0.023181014     0.005814404     -0.23646758
           0.13          -0.004           -0.04       2.2601191    -0.015721534     0.011355467     -0.23664179
           0.13               0           -0.04       2.2522941    -0.006233852     0.013488026     -0.23721859
           0.13           0.004           -0.04       2.2570226    0.0028257351     0.011961815     -0.23815652
           0.13           0.008           -0.04       2.2629967     0.009409991    0.0073998569      -0.2394204
           0.13           0.012           -0.04       2.2384853     0.014156739  -3.7422499e-05     -0.24137054
           0.13           0.016           -0.04       2.1293514     0.020234528    -0.011903188     -0.24417499
           0.13            0.02           -0.04       1.9110806     0.025561931    -0.024773047     -0.24879019
           0.13           0.024           -0.04       1.6548169     0.028716827    -0.031003905      -0.2550673
           0.13           0.028           -0.04       1.4184801     0.031911976    -0.029501389     -0.26133023
           0.13           0.032           -0.04       1.1977287     0.033234747    -0.024314148     -0.26690603
           0.13           0.036           -0.04      0.99269308     0.031650122    -0.018750953     -0.27164548
           0.13            0.04           -0.04      0.80441389     0.027018062    -0.014847771     -0.27548674
           0.13           0.044           -0.04      0.63394479     0.019456704    -0.014043965     -0.27817362
           0.13           0.048           -0.04      0.48087969    0.0096423573    -0.017048455     -0.27946311
           0.13           0.052           -0.04      0.34413852   -0.0013205621     -0.02379483     -0.27932321
           0.13           0.056           -0.04      0.22562509    -0.011851136    -0.033563123     -0.27821637
           0.13            0.06           -0.04      0.12699008    -0.020700758    -0.045106675     -0.27667459
           0.13           0.064           -0.04     0.046451763    -0.027369151    -0.057135678      -0.2748512
           0.13           0.068           -0.04    -0.017884102    -0.031637927    -0.068770068      -0.2728283
           0.13           0.072           -0.04    -0.067929399    -0.033622523    -0.079485028     -0.27087238
           0.13           0.076           -0.04     -0.10650839    -0.033767356    -0.089205448     -0.26919476
           0.13            0.08           -0.04     -0.13645143    -0.032532878    -0.098249815     -0.26788414
           0.13           0.084           -0.04     -0.16002741    -0.030157847       -0.107033     -0.26698359
           0.13           0.088           -0.04     -0.17957621    -0.026666079     -0.11572312     -0.26652729
           0.13           0.092           -0.04     -0.19952676    -0.021705788     -0.12322238     -0.26646541
           0.13           0.096           -0.04     -0.22628338    -0.013972252      -0.1235395     -0.26667806
           0.13             0.1           -0.04               0               0               0     -0.26683899
           0.13          -0.096          -0.036    -0.088829857    0.0089876273     -0.12123871     -0.26061213
           0.13            -0.1          -0.036               0               0               0     -0.26058608
           0.13          -0.092          -0.036    -0.087553016     0.013678022     -0.12136973     -0.26049891
           0.13          -0.088          -0.036    -0.095268685     0.016383509     -0.11363876     -0.26032434
           0.13          -0.084          -0.036    -0.094973528     0.019162002     -0.10454029     -0.26038806
           0.13           -0.08          -0.036     -0.08236009     0.021554037    -0.095932573     -0.26074188
           0.13          -0.076          -0.036    -0.056754662     0.023340479    -0.088015867     -0.26141332
           0.13          -0.072          -0.036    -0.016892494     0.024190629    -0.080311292     -0.26245112
           0.13          -0.068          -0.036     0.040412637     0.023486808    -0.072238018     -0.26383429
           0.13          -0.064          -0.036      0.11874804     0.020568786    -0.063616883     -0.26532304
           0.13           -0.06          -0.036      0.22046067     0.015082101    -0.054764117     -0.26670128
           0.13          -0.056          -0.036      0.34704031    0.0070811468    -0.046412765     -0.26795901
           0.13          -0.052          -0.036      0.49718313   -0.0026398442    -0.039531715     -0.26858213
           0.13          -0.048          -0.036      0.66694545    -0.012482917    -0.034895938     -0.26784244
           0.13          -0.044          -0.036      0.85442346    -0.020961718    -0.032802316      -0.2657847
           0.13           -0.04          -0.036       1.0591021    -0.027280744    -0.033056553     -0.26265242
           0.13          -0.036          -0.036       1.2795134    -0.030976841     -0.03486918     -0.25846114
           0.13          -0.032          -0.036       1.5130238    -0.032113916    -0.036730595     -0.25349551
           0.13          -0.028          -0.036       1.7530652    -0.030721222    -0.036245908     -0.24778335
           0.13          -0.024          -0.036       1.9755425    -0.028857904    -0.031257582     -0.24194979
           0.13           -0.02          -0.036       2.1600227    -0.031330966    -0.021942232     -0.23720546
           0.13          -0.016          -0.036        2.290012    -0.031080127    -0.011554729     -0.23415844
           0.13          -0.012          -0.036       2.3482236    -0.025726726   -0.0025156917     -0.23226506
           0.13          -0.008          -0.036       2.3590598    -0.020508906    0.0043348862     -0.23108802
           0.13          -0.004          -0.036       2.3575778    -0.013579579    0.0083287902      -0.2307418
           0.13  -3.6346636e-19          -0.036       2.3556435    -0.005013961    0.0099720257     -0.23104395
           0.13           0.004          -0.036       2.3564709    0.0032997947    0.0096326656     -0.23202861
           0.13           0.008          -0.036        2.356107    0.0097320492    0.0070019546     -0.23360859
           0.13           0.012          -0.036       2.3403322     0.014619754    0.0017047765     -0.23597765
           0.13           0.016          -0.036       2.2708913     0.019864337   -0.0056482185      -0.2390066
           0.13            0.02          -0.036        2.125032     0.021468784    -0.014413931     -0.24312059
           0.13           0.024          -0.036       1.9282325     0.022444028    -0.021878001     -0.24874973
           0.13           0.028          -0.036       1.7028582     0.028079241    -0.024769115     -0.25507649
           0.13           0.032          -0.036       1.4667103     0.032705767    -0.023592638     -0.26103738
           0.13           0.036          -0.036       1.2394161     0.034257008    -0.020770637     -0.26625319
           0.13            0.04          -0.036       1.0266265      0.03246003    -0.018670532     -0.27069761
           0.13           0.044          -0.036      0.83093015     0.027146253    -0.018851545     -0.27408174
           0.13           0.048          -0.036      0.65357269      0.01877725    -0.022147027     -0.27624358
           0.13           0.052          -0.036      0.49399694    0.0082673176    -0.028734369     -0.27692559
           0.13           0.056          -0.036      0.35308211   -0.0027691411    -0.038241128     -0.27627213
           0.13            0.06          -0.036      0.23459355    -0.012606231    -0.049599264     -0.27496411
           0.13           0.064          -0.036      0.13947614    -0.020176824    -0.061467504     -0.27341976
           0.13           0.068          -0.036     0.065635716    -0.025109332    -0.072757403     -0.27169831
           0.13           0.072          -0.036     0.010550006    -0.027571294    -0.082777419     -0.27000401
           0.13           0.076          -0.036     -0.02948477     -0.02810777    -0.091480371     -0.26857424
           0.13            0.08          -0.036    -0.058354271    -0.027355359     -0.09928015     -0.26747938
           0.13           0.084          -0.036    -0.078783543    -0.025695328     -0.10659568     -0.26672248
           0.13           0.088          -0.036    -0.093083367     -0.02323016     -0.11345668     -0.26629831
           0.13           0.092          -0.036     -0.10577206    -0.019774666     -0.11877244     -0.26618052
           0.13           0.096          -0.036     -0.12759142    -0.013179188     -0.11801327     -0.26621183
           0.13             0.1          -0.036               0               0               0     -0.26622984
           0.13          -0.096          -0.032    0.0095550903    0.0079298166     -0.11888665     -0.25974912
           0.13            -0.1          -0.032               0               0               0     -0.25957148
           0.13          -0.092          -0.032     0.010279516     0.011608206     -0.11985954     -0.25987887
           0.13          -0.088          -0.032   -0.0025822201     0.012902747     -0.11386475      -0.2598419
           0.13          -0.084          -0.032   -0.0085589216     0.014982338     -0.10627637     -0.25992523
           0.13           -0.08          -0.032   -0.0011782946     0.017225946    -0.098847049     -0.26016681
           0.13          -0.076          -0.032     0.021223905     0.019110902    -0.091997681      -0.2606199
           0.13          -0.072          -0.032     0.060525865     0.020073708    -0.085286208     -0.26138012
           0.13          -0.068          -0.032      0.12135913      0.01928334    -0.077967372     -0.26247125
           0.13          -0.064          -0.032      0.20920096     0.015824231    -0.069754546     -0.26365826
           0.13           -0.06          -0.032      0.32793127    0.0091657903     -0.06106699     -0.26480075
           0.13          -0.056          -0.032      0.47804086  -0.00022450133    -0.052704456     -0.26571676
           0.13          -0.052          -0.032      0.65450655    -0.010726061    -0.045499072     -0.26564867
           0.13          -0.048          -0.032      0.85153202    -0.020282929    -0.040043342     -0.26417395
           0.13          -0.044          -0.032       1.0657408    -0.027388287    -0.036399289     -0.26159715
           0.13           -0.04          -0.032       1.2939903    -0.031427485     -0.03430051     -0.25806486
           0.13          -0.036          -0.032       1.5329011    -0.032117829    -0.033041546     -0.25355906
           0.13          -0.032          -0.032       1.7765346    -0.029694361    -0.031140977      -0.2483432
           0.13          -0.028          -0.032       2.0073526    -0.024770668    -0.026551977     -0.24267434
           0.13          -0.024          -0.032       2.1767104    -0.020222888    -0.019851091     -0.23737121
           0.13           -0.02          -0.032       2.2498833    -0.021556711    -0.014746996     -0.23299067
           0.13          -0.016          -0.032       2.3009727    -0.023501897    -0.010685369     -0.22947914
           0.13          -0.012          -0.032       2.3579849    -0.021163082   -0.0041696651     -0.22697637
           0.13          -0.008          -0.032       2.3807851     -0.01749161    0.0018417296     -0.22542721
           0.13          -0.004          -0.032       2.3852666    -0.011893417    0.0042492364     -0.22468347
           0.13               0          -0.032       2.3855266    -0.004183892    0.0052028677     -0.22476207
           0.13           0.004          -0.032       2.3851536    0.0033227891     0.005910895     -0.22577004
           0.13           0.008          -0.032       2.3800236    0.0085647483    0.0049595905     -0.22755469
           0.13           0.012          -0.032       2.3555882     0.011917676   0.00048702418     -0.23014049
           0.13           0.016          -0.032       2.2974451     0.014060258   -0.0042853215      -0.2336154
           0.13            0.02          -0.032       2.2385852     0.012737153   -0.0071560496     -0.23793829
           0.13           0.024          -0.032        2.149686     0.013448355    -0.011418575     -0.24297471
           0.13           0.028          -0.032       1.9701734     0.020994854    -0.016615713     -0.24879679
           0.13           0.032          -0.032       1.7381297     0.029134612    -0.019454754     -0.25485441
           0.13           0.036          -0.032       1.4977757     0.034581308    -0.019943425     -0.26039283
           0.13            0.04          -0.032       1.2645993     0.036433402    -0.020217131     -0.26521645
           0.13           0.044          -0.032       1.0441298     0.034232495    -0.021872729     -0.26907577
           0.13           0.048          -0.032      0.83968723     0.028090073    -0.025772293     -0.27190679
           0.13           0.052          -0.032      0.65373333     0.018659711    -0.032304031     -0.27346755
           0.13           0.056          -0.032      0.48823397    0.0074990477    -0.041443568     -0.27356331
           0.13            0.06          -0.032      0.34722522   -0.0033672915    -0.052401353     -0.27266111
           0.13           0.064          -0.032      0.23470143    -0.012142258    -0.063917916     -0.27140469
           0.13           0.068          -0.032      0.15025868    -0.017994592      -0.0746758     -0.27001013
           0.13           0.072          -0.032     0.090304998    -0.021131559    -0.083783757     -0.26863007
           0.13           0.076          -0.032     0.049483958    -0.022261937    -0.091237892     -0.26748376
           0.13            0.08          -0.032     0.022383788    -0.022182907    -0.097585706     -0.26660532
           0.13           0.084          -0.032    0.0057183293     -0.02136682     -0.10324818     -0.26596035
           0.13           0.088          -0.032   -0.0028083842    -0.019929566     -0.10815523     -0.26553003
           0.13           0.092          -0.032   -0.0076896901    -0.017726321     -0.11135046     -0.26531404
           0.13           0.096          -0.032    -0.022598202    -0.011889042     -0.10935867     -0.26514135
           0.13             0.1          -0.032               0               0               0     -0.26501838
           0.13          -0.096          -0.028      0.10722961    0.0075578684     -0.11469888     -0.25834846
           0.13            -0.1          -0.028               0               0               0     -0.25807005
           0.13          -0.092          -0.028      0.11015083     0.010691253     -0.11561953     -0.25865613
           0.13          -0.088          -0.028     0.094913909     0.010769396     -0.11089952     -0.25875112
           0.13          -0.084          -0.028     0.084137149      0.01186737     -0.10481704     -0.25889827
           0.13           -0.08          -0.028     0.086031033     0.013606057    -0.098616477     -0.25911936
           0.13          -0.076          -0.028      0.10395584     0.015212766    -0.092831428     -0.25947395
           0.13          -0.072          -0.028      0.14082669     0.015860587    -0.087129362     -0.26003199
           0.13          -0.068          -0.028      0.20325313     0.014544548    -0.080577006     -0.26084732
           0.13          -0.064          -0.028      0.30015959    0.0099876614     -0.07272045     -0.26176069
           0.13           -0.06          -0.028      0.43764519     0.001581266    -0.064069419     -0.26254841
           0.13          -0.056          -0.028      0.61386491   -0.0094871816    -0.055576692     -0.26276989
           0.13          -0.052          -0.028      0.82068039    -0.020670062    -0.048040619     -0.26184015
           0.13          -0.048          -0.028       1.0498666    -0.029362828    -0.041862403     -0.25968233
           0.13          -0.044          -0.028       1.2931031    -0.034090189    -0.036747876       -0.256643
           0.13           -0.04          -0.028       1.5426102      -0.0346529    -0.032369905     -0.25281811
           0.13          -0.036          -0.028       1.7907574     -0.03117203    -0.028303174     -0.24809375
           0.13          -0.032          -0.028       2.0228043    -0.024671588    -0.023717118     -0.24282556
           0.13          -0.028          -0.028       2.2086998    -0.017519081    -0.018185218      -0.2375801
           0.13          -0.024          -0.028       2.3093001    -0.012239941    -0.013017554     -0.23269591
           0.13           -0.02          -0.028         2.30771    -0.010682848    -0.010657999     -0.22821928
           0.13          -0.016          -0.028       2.2934876    -0.012905847   -0.0085536234     -0.22430628
           0.13          -0.012          -0.028       2.3326776    -0.014711626      -0.0033929     -0.22137393
           0.13          -0.008          -0.028       2.3688378    -0.014049272   0.00066753381     -0.21948236
           0.13          -0.004          -0.028       2.3768537    -0.010627556   0.00064248419     -0.21838121
           0.13               0          -0.028       2.3766536   -0.0033129654   0.00038416086     -0.21824384
           0.13           0.004          -0.028       2.3772927    0.0036591344    0.0026004781     -0.21929957
           0.13           0.008          -0.028       2.3686922    0.0065319939    0.0041557822      -0.2212693
           0.13           0.012          -0.028       2.3328864    0.0066328651    0.0015570457     -0.22403588
           0.13           0.016          -0.028       2.2961832    0.0046356483   -0.0020220344     -0.22776303
           0.13            0.02          -0.028       2.3066809    0.0027323043   -0.0031694649     -0.23240658
           0.13           0.024          -0.028       2.2964198    0.0050549287   -0.0050974124     -0.23746499
           0.13           0.028          -0.028        2.184343     0.012197826   -0.0094095467     -0.24279672
           0.13           0.032          -0.028       1.9918352     0.022072784    -0.013714878     -0.24848896
           0.13           0.036          -0.028       1.7589587     0.031482474    -0.016921591     -0.25413943
           0.13            0.04          -0.028       1.5141873     0.037723843    -0.019649446     -0.25920739
           0.13           0.044          -0.028       1.2711211     0.039507592    -0.022954266     -0.26338465
           0.13           0.048          -0.028       1.0371417     0.036432405    -0.027540279     -0.26671648
           0.13           0.052          -0.028      0.81942678     0.028631725    -0.033969413     -0.26902378
           0.13           0.056          -0.028      0.62492945     0.017597561    -0.042636787     -0.26999327
           0.13            0.06          -0.028      0.45950398    0.0057931583    -0.053062727      -0.2697799
           0.13           0.064          -0.028      0.32837372   -0.0043455601    -0.064092061     -0.26893557
           0.13           0.068          -0.028      0.23325224    -0.011348537    -0.074163167     -0.26787566
           0.13           0.072          -0.028      0.16973633    -0.015285853    -0.082184128     -0.26682036
           0.13           0.076          -0.028      0.12952432     -0.01711078      -0.0882591     -0.26594759
           0.13            0.08          -0.028      0.10514589    -0.017775358     -0.09311402        -0.26525
           0.13           0.084          -0.028     0.092657187    -0.017805049    -0.097203627     -0.26467721
           0.13           0.088          -0.028     0.089589784     -0.01729732      -0.1004731     -0.26421727
           0.13           0.092          -0.028     0.091013086    -0.016031824     -0.10231735     -0.26390513
           0.13           0.096          -0.028     0.080467372    -0.010656593     -0.10007027     -0.26357499
           0.13             0.1          -0.028               0               0               0     -0.26334979
           0.13          -0.096          -0.024      0.20236817    0.0079010174     -0.10821596     -0.25652756
           0.13            -0.1          -0.024               0               0               0     -0.25621154
           0.13          -0.092          -0.024      0.21029617      0.01093576     -0.10841555     -0.25695358
           0.13          -0.088          -0.024      0.19547889     0.010379819     -0.10434783     -0.25719441
           0.13          -0.084          -0.024      0.18181494     0.010477063    -0.099606196     -0.25744481
           0.13           -0.08          -0.024      0.17828548     0.011468266    -0.094689361     -0.25771417
           0.13          -0.076          -0.024      0.19009357     0.012572227     -0.08998564     -0.25806346
           0.13          -0.072          -0.024      0.22177349     0.012687924    -0.085280116     -0.25851185
           0.13          -0.068          -0.024      0.28241871     0.010566222    -0.079515882     -0.25911041
           0.13          -0.064          -0.024       0.3858837    0.0045537912    -0.071963332     -0.25974619
           0.13           -0.06          -0.024      0.54128725   -0.0058932848    -0.063171664     -0.26001435
           0.13          -0.056          -0.024       0.7454561    -0.018736534    -0.054430263     -0.25943799
           0.13          -0.052          -0.024      0.98810413    -0.030401292    -0.046747625     -0.25773978
           0.13          -0.048          -0.024       1.2560404    -0.037443093    -0.040387191     -0.25489969
           0.13          -0.044          -0.024       1.5315044    -0.038462912    -0.034406785     -0.25140027
           0.13           -0.04          -0.024       1.7969915    -0.034159693    -0.028312893     -0.24735177
           0.13          -0.036          -0.024       2.0341808    -0.026069189    -0.022657658     -0.24261588
           0.13          -0.032          -0.024       2.2185897    -0.017235948    -0.017883515     -0.23771749
           0.13          -0.028          -0.024        2.331389    -0.010683165      -0.0141453     -0.23283116
           0.13          -0.024          -0.024       2.3737247   -0.0066219068    -0.011294197     -0.22795466
           0.13           -0.02          -0.024       2.3524759   -0.0039144185   -0.0091396633     -0.22327907
           0.13          -0.016          -0.024       2.3018562   -0.0046394662   -0.0058479649     -0.21911953
           0.13          -0.012          -0.024       2.2956633   -0.0077431036   -0.0005693364     -0.21586229
           0.13          -0.008          -0.024       2.3196802    -0.010345707    0.0019858531     -0.21360161
           0.13          -0.004          -0.024       2.3159377   -0.0093754025   -0.0016673034     -0.21217218
           0.13               0          -0.024       2.3073526   -0.0020074438   -0.0041814466     -0.21183797
           0.13           0.004          -0.024       2.3182937     0.004559479   0.00080573025     -0.21292042
           0.13           0.008          -0.024       2.3217918    0.0042615746    0.0060943047     -0.21505955
           0.13           0.012          -0.024       2.2995887    0.0006482909    0.0049214499     -0.21803509
           0.13           0.016          -0.024       2.3070497   -0.0030114033   0.00088069154     -0.22198876
           0.13            0.02          -0.024       2.3542073   -0.0038109059     -0.00173087     -0.22682449
           0.13           0.024          -0.024       2.3697014  -0.00093507719   -0.0036066438     -0.23204269
           0.13           0.028          -0.024       2.3193051    0.0041287939   -0.0060456957     -0.23732839
           0.13           0.032          -0.024       2.1973572      0.01263186   -0.0091680378     -0.24261379
           0.13           0.036          -0.024       2.0069099     0.023959674    -0.013017871     -0.24792935
           0.13            0.04          -0.024       1.7690894      0.03467061    -0.017437451     -0.25305335
           0.13           0.044          -0.024       1.5079703     0.041429416    -0.022199108     -0.25746631
           0.13           0.048          -0.024       1.2411714     0.042419219    -0.027162062     -0.26125684
           0.13           0.052          -0.024      0.98512267     0.036834084    -0.033144171     -0.26424639
           0.13           0.056          -0.024      0.75556658     0.026059196    -0.041210723     -0.26598112
           0.13            0.06          -0.024      0.56329682       0.0133284    -0.051104514     -0.26653165
           0.13           0.064          -0.024      0.41462257    0.0018578844    -0.061603634     -0.26621959
           0.13           0.068          -0.024       0.3113268   -0.0062719691    -0.070875487      -0.2655132
           0.13           0.072          -0.024      0.24716499    -0.010941911    -0.077722803      -0.2647568
           0.13           0.076          -0.024      0.20990415    -0.013353486    -0.082413439     -0.26410495
           0.13            0.08          -0.024      0.18972948     -0.01462518    -0.085855944     -0.26352742
           0.13           0.084          -0.024      0.18192256    -0.015342047    -0.088572736     -0.26297781
           0.13           0.088          -0.024      0.18350939    -0.015603512    -0.090629819     -0.26246247
           0.13           0.092          -0.024      0.18881035    -0.014993588    -0.091958486     -0.26204862
           0.13           0.096          -0.024      0.17831146    -0.010016046    -0.090482844     -0.26159647
           0.13             0.1          -0.024               0               0               0     -0.26130808
           0.13          -0.096           -0.02      0.29097208    0.0084079038    -0.099031738     -0.25464152
           0.13            -0.1           -0.02               0               0               0     -0.25440302
           0.13          -0.092           -0.02      0.30661529     0.011223831    -0.098047056     -0.25509955
           0.13          -0.088           -0.02      0.29470347     0.010804797    -0.094148807     -0.25551424
           0.13          -0.084           -0.02      0.28016426      0.01034897     -0.09042995     -0.25588865
           0.13           -0.08           -0.02       0.2721679     0.010752746    -0.086779221     -0.25624547
           0.13          -0.076           -0.02      0.27690455     0.011440998    -0.083205871     -0.25662001
           0.13          -0.072           -0.02      0.30066676     0.011197523    -0.079470322     -0.25703489
           0.13          -0.068           -0.02      0.35495345     0.008471095    -0.074478076     -0.25750663
           0.13          -0.064           -0.02      0.45910045    0.0012581629    -0.067193846     -0.25789459
           0.13           -0.06           -0.02      0.62759518    -0.010978026    -0.058115133     -0.25771265
           0.13          -0.056           -0.02      0.85882496     -0.02540034    -0.049014851     -0.25648957
           0.13          -0.052           -0.02       1.1415745    -0.037232839    -0.041481833     -0.25406988
           0.13          -0.048           -0.02       1.4566517    -0.041573062    -0.035777844     -0.25040099
           0.13          -0.044           -0.02       1.7683537    -0.037075349    -0.029868124      -0.2463233
           0.13           -0.04           -0.02       2.0343607    -0.027226598    -0.023351021     -0.24226184
           0.13          -0.036           -0.02       2.2254115    -0.016922633    -0.018231561      -0.2379079
           0.13          -0.032           -0.02       2.3359321    -0.009587877    -0.014977908     -0.23333797
           0.13          -0.028           -0.02        2.384755   -0.0055730817    -0.012790446      -0.2283873
           0.13          -0.024           -0.02       2.3957741   -0.0031330684    -0.010879264      -0.2233301
           0.13           -0.02           -0.02       2.3743331  -0.00086148687   -0.0084063421      -0.2184887
           0.13          -0.016           -0.02       2.3105671   9.8363782e-05   -0.0036511941     -0.21410492
           0.13          -0.012           -0.02       2.2493077   -0.0018676938    0.0035033639      -0.2105415
           0.13          -0.008           -0.02        2.214357   -0.0057448978    0.0056975223     -0.20798842
           0.13          -0.004           -0.02       2.1637833   -0.0062812534   -0.0029806345     -0.20651328
           0.13   -2.325592e-48           -0.02       2.1341282  -0.00020947933   -0.0086864612     -0.20618155
           0.13           0.004           -0.02       2.1718605    0.0043275175     0.000726259     -0.20708309
           0.13           0.008           -0.02       2.2236943    0.0012455249       0.0111381     -0.20914133
           0.13           0.012           -0.02       2.2587587   -0.0044485626    0.0099142505     -0.21230255
           0.13           0.016           -0.02       2.3174254   -0.0075651039    0.0034891504     -0.21649119
           0.13            0.02           -0.02       2.3771773   -0.0070617912     -0.00098159     -0.22147246
           0.13           0.024           -0.02       2.3962291   -0.0047711309   -0.0034107551     -0.22680619
           0.13           0.028           -0.02       2.3813936   -0.0017597629   -0.0051925187     -0.23226312
           0.13           0.032           -0.02       2.3257883    0.0035088987    -0.007085996     -0.23755379
           0.13           0.036           -0.02       2.2068797     0.012793278   -0.0098272556     -0.24247757
           0.13            0.04           -0.02       2.0099179     0.025456616     -0.01412309     -0.24722845
           0.13           0.044           -0.02        1.744155     0.037629125     -0.01950122     -0.25169736
           0.13           0.048           -0.02       1.4397976     0.044104495    -0.024314864     -0.25605947
           0.13           0.052           -0.02       1.1368458     0.041429514     -0.02933563     -0.25984201
           0.13           0.056           -0.02      0.86762627     0.031003336    -0.036693261     -0.26228929
           0.13            0.06           -0.02      0.64849525     0.017425495    -0.046203646     -0.26348259
           0.13           0.064           -0.02       0.4865092    0.0049378144    -0.056238687     -0.26363528
           0.13           0.068           -0.02      0.38107045   -0.0038098372    -0.064643981     -0.26323801
           0.13           0.072           -0.02       0.3210712   -0.0087300031      -0.0703056     -0.26271349
           0.13           0.076           -0.02      0.28984019    -0.011286819    -0.073688171     -0.26219776
           0.13            0.08           -0.02      0.27561588    -0.012747691    -0.075816957     -0.26167194
           0.13           0.084           -0.02      0.27290726    -0.013775154    -0.077322074     -0.26110136
           0.13           0.088           -0.02      0.27804212    -0.014515099    -0.078485707     -0.26051297
           0.13           0.092           -0.02      0.28455786    -0.014212524    -0.079797587     -0.25996554
           0.13           0.096           -0.02      0.27025014   -0.0099312773    -0.079646899     -0.25944376
           0.13             0.1           -0.02               0               0               0     -0.25917786
           0.13          -0.096          -0.016      0.36804229    0.0081074416     -0.08687575     -0.25311213
           0.13            -0.1          -0.016               0               0               0     -0.25302596
           0.13          -0.092          -0.016      0.39312016     0.010116362    -0.084541277     -0.25353003
           0.13          -0.088          -0.016      0.38531693     0.010271124    -0.080816366     -0.25410341
           0.13          -0.084          -0.016      0.37146468     0.010013907    -0.077885922     -0.25457867
           0.13           -0.08          -0.016       0.3609684     0.010489458    -0.075316095     -0.25502241
           0.13          -0.076          -0.016      0.35953921     0.011284632     -0.07284098     -0.25544371
           0.13          -0.072          -0.016      0.37438126     0.011264941    -0.070022299     -0.25590359
           0.13          -0.068          -0.016       0.4179968    0.0087722265    -0.065757184     -0.25636445
           0.13          -0.064          -0.016      0.51337619    0.0015895139    -0.058892854     -0.25665262
           0.13           -0.06          -0.016      0.68356073    -0.011103096    -0.049672173     -0.25628167
           0.13          -0.056          -0.016      0.93287343    -0.026208317    -0.040358739     -0.25471349
           0.13          -0.052          -0.016       1.2521206    -0.037773163    -0.033513285     -0.25182112
           0.13          -0.048          -0.016       1.6195667    -0.038479651    -0.029435716     -0.24729929
           0.13          -0.044          -0.016       1.9651472    -0.028037212    -0.025045587     -0.24267856
           0.13           -0.04          -0.016       2.2063292    -0.015688232    -0.019947721     -0.23882238
           0.13          -0.036          -0.016       2.3314889   -0.0078728498    -0.016283079     -0.23457815
           0.13          -0.032          -0.016        2.382874   -0.0042231492    -0.013836192     -0.22978722
           0.13          -0.028          -0.016       2.3994404   -0.0025883062    -0.012027488     -0.22455187
           0.13          -0.024          -0.016       2.3970785   -0.0013921322    -0.010531836     -0.21927071
           0.13           -0.02          -0.016       2.3681698   0.00045269593   -0.0082610606     -0.21418095
           0.13          -0.016          -0.016       2.2852423    0.0024671659   -0.0027488839     -0.20955016
           0.13          -0.012          -0.016       2.1674934    0.0024165562    0.0063966663     -0.20575902
           0.13          -0.008          -0.016       2.0538446   0.00021329267    0.0087909417     -0.20306548
           0.13          -0.004          -0.016       1.9384997  -0.00050154191   -0.0039237006     -0.20183157
           0.13  -2.0653864e-47          -0.016       1.8851018    0.0012105684    -0.011817872     -0.20171918
           0.13           0.004          -0.016       1.9562664    0.0007172116    0.0019486999      -0.2022809
           0.13           0.008          -0.016        2.075816   -0.0037532767     0.016498336     -0.20399445
           0.13           0.012          -0.016       2.1864563   -0.0085479998     0.014185817     -0.20718966
           0.13           0.016          -0.016       2.2969092    -0.010129649    0.0050419415     -0.21154245
           0.13            0.02          -0.016       2.3733008   -0.0087482464  -0.00074073751      -0.2166995
           0.13           0.024          -0.016       2.3995689   -0.0069049372    -0.003336411     -0.22222898
           0.13           0.028          -0.016       2.4001384   -0.0052263278   -0.0050054611     -0.22788171
           0.13           0.032          -0.016       2.3803697   -0.0027011715   -0.0067464444     -0.23343363
           0.13           0.036          -0.016       2.3229329    0.0023665023   -0.0088601801     -0.23850798
           0.13            0.04          -0.016       2.1897601     0.012169253    -0.011968412     -0.24304792
           0.13           0.044          -0.016       1.9438297     0.026683935    -0.016303851     -0.24729839
           0.13           0.048          -0.016       1.6024857     0.038904987    -0.019883091     -0.25221137
           0.13           0.052          -0.016       1.2465074     0.039720266    -0.023311389     -0.25680723
           0.13           0.056          -0.016       0.9405069     0.029753552    -0.029700167     -0.25971918
           0.13            0.06          -0.016      0.70297134     0.015969224    -0.038841183     -0.26128338
           0.13           0.064          -0.016      0.53827199    0.0036028253    -0.048350925     -0.26166163
           0.13           0.068          -0.016      0.44024666   -0.0045253685    -0.055734611     -0.26141166
           0.13           0.072          -0.016      0.39005772    -0.008723547    -0.060176013     -0.26098282
           0.13           0.076          -0.016      0.36733043    -0.010686777    -0.062324398     -0.26047931
           0.13            0.08          -0.016      0.36001622    -0.011657109    -0.063197077     -0.25993193
           0.13           0.084          -0.016      0.36211147     -0.01237339    -0.063577454      -0.2593216
           0.13           0.088          -0.016      0.36955609    -0.013098205    -0.064002113     -0.25867014
           0.13           0.092          -0.016      0.37502086    -0.012753239    -0.065358518     -0.25797441
           0.13           0.096          -0.016      0.35355567   -0.0098370002    -0.066970258     -0.25749111
           0.13             0.1          -0.016               0               0               0     -0.25737845
           0.13          -0.096          -0.012      0.42937035      0.00550642    -0.071419139     -0.25229667
           0.13            -0.1          -0.012               0               0               0     -0.25224758
           0.13          -0.092          -0.012      0.46331488     0.006763334    -0.068373897     -0.25272231
           0.13          -0.088          -0.012      0.45925681    0.0074954033    -0.065234514     -0.25336882
           0.13          -0.084          -0.012      0.44681239    0.0081120829    -0.063114355     -0.25389413
           0.13           -0.08          -0.012      0.43584216    0.0094009255    -0.061458232      -0.2543857
           0.13          -0.076          -0.012      0.43097259     0.010985883    -0.059895453      -0.2548689
           0.13          -0.072          -0.012       0.4387502     0.011891724    -0.057866938     -0.25540684
           0.13          -0.068          -0.012       0.4702598     0.010726514    -0.054415961     -0.25591795
           0.13          -0.064          -0.012      0.54757338    0.0054641888    -0.048526464     -0.25624977
           0.13           -0.06          -0.012      0.70220522    -0.005297373    -0.040081374     -0.25597472
           0.13          -0.056          -0.012      0.94964797    -0.019420518     -0.03135819     -0.25447493
           0.13          -0.052          -0.012       1.2867749    -0.030485805    -0.025822922     -0.25151187
           0.13          -0.048          -0.012       1.6933637    -0.028949025      -0.0234773     -0.24630734
           0.13          -0.044          -0.012       2.0618232    -0.016542022     -0.02075544     -0.24107443
           0.13           -0.04          -0.012       2.2780671   -0.0063775964    -0.017072159     -0.23696389
           0.13          -0.036          -0.012       2.3635007   -0.0025323601    -0.013949016     -0.23221286
           0.13          -0.032          -0.012       2.3912935   -0.0014438198    -0.011640937     -0.22700513
           0.13          -0.028          -0.012       2.3965811   -0.0010918754    -0.010230244     -0.22146735
           0.13          -0.024          -0.012       2.3833373  -0.00036859518   -0.0095134779     -0.21589099
           0.13           -0.02          -0.012       2.3296139    0.0016649855   -0.0080588819     -0.21054377
           0.13          -0.016          -0.012       2.2060579    0.0039226449   -0.0028595536     -0.20577551
           0.13          -0.012          -0.012        2.036198    0.0048571889    0.0067457883     -0.20194549
           0.13          -0.008          -0.012       1.8644047    0.0049085742    0.0093060356     -0.19926297
           0.13          -0.004          -0.012       1.7062899    0.0043322249    -0.004093953     -0.19823065
           0.13   3.6346636e-19          -0.012       1.6431305   0.00024652649    -0.011429206     -0.19827712
           0.13           0.004          -0.012       1.7372699   -0.0058658978    0.0043827985     -0.19859841
           0.13           0.008          -0.012       1.9037358   -0.0099659077     0.019541097     -0.19998837
           0.13           0.012          -0.012       2.0704092    -0.012239087     0.015858426     -0.20306139
           0.13           0.016          -0.012       2.2284959    -0.012471945    0.0054150434     -0.20740443
           0.13            0.02          -0.012       2.3400266    -0.010596102  -0.00061123519     -0.21266785
           0.13           0.024          -0.012       2.3876908   -0.0083935904   -0.0027439245     -0.21841894
           0.13           0.028          -0.012       2.3988819   -0.0070788217   -0.0038917264     -0.22431851
           0.13           0.032          -0.012        2.391826   -0.0058737573   -0.0054324223     -0.23014294
           0.13           0.036          -0.012       2.3605115   -0.0036586347   -0.0075630513     -0.23562385
           0.13            0.04          -0.012       2.2684496    0.0017422319    -0.010238687     -0.24059326
           0.13           0.044          -0.012       2.0452601     0.013762204    -0.013388249      -0.2449953
           0.13           0.048          -0.012       1.6776822      0.02769552    -0.015695842     -0.25048734
           0.13           0.052          -0.012       1.2808114     0.030478039    -0.017674385     -0.25574984
           0.13           0.056          -0.012      0.95613561     0.020959326    -0.022711141     -0.25871716
           0.13            0.06          -0.012       0.7197615    0.0083350558    -0.030919025     -0.26023791
           0.13           0.064          -0.012      0.56946398   -0.0018373946    -0.039122087     -0.26055422
           0.13           0.068          -0.012      0.48919439   -0.0076263466    -0.044922618     -0.26026743
           0.13           0.072          -0.012      0.45203273    -0.010020609    -0.047991545     -0.25980383
           0.13           0.076          -0.012      0.43784179    -0.010639717    -0.048992579     -0.25923038
           0.13            0.08          -0.012      0.43644277    -0.010436224    -0.048749472     -0.25862251
           0.13           0.084          -0.012      0.44217201    -0.010147131    -0.048063423     -0.25798628
           0.13           0.088          -0.012      0.45106984    -0.010139235     -0.04766209     -0.25731149
           0.13           0.092          -0.012      0.45466666     -0.00947986    -0.048713729      -0.2565446
           0.13           0.096          -0.012      0.42454294    -0.007696999    -0.051940593     -0.25607945
           0.13             0.1          -0.012               0               0               0     -0.25603931
           0.13          -0.096          -0.008      0.47144708    0.0012263531     -0.05243882     -0.25248079
           0.13            -0.1          -0.008               0               0               0     -0.25234107
           0.13          -0.092          -0.008      0.51122354    0.0018607166    -0.050418883      -0.2529804
           0.13          -0.088          -0.008       0.5099735    0.0030118002    -0.048464817     -0.25361747
           0.13          -0.084          -0.008      0.49934337     0.004729661    -0.047293722     -0.25414042
           0.13           -0.08          -0.008      0.48919641    0.0071329342    -0.046441884     -0.25462665
           0.13          -0.076          -0.008      0.48369197    0.0098303077    -0.045537123       -0.255126
           0.13          -0.072          -0.008      0.48785178      0.01201778    -0.044178409     -0.25567619
           0.13          -0.068          -0.008      0.50999488     0.012757441    -0.041757854     -0.25620136
           0.13          -0.064          -0.008        0.567717     0.010536186    -0.037577745     -0.25660747
           0.13           -0.06          -0.008        0.693715    0.0037987247    -0.031415492     -0.25652796
           0.13          -0.056          -0.008       0.9168955   -0.0073480979    -0.024827603     -0.25541144
           0.13          -0.052          -0.008       1.2466181     -0.01763329    -0.020950639     -0.25270245
           0.13          -0.048          -0.008       1.6643029      -0.0165354    -0.019610491     -0.24716524
           0.13          -0.044          -0.008       2.0464015   -0.0068614794    -0.017811526     -0.24131604
           0.13           -0.04          -0.008         2.26586   -0.0008809971    -0.014689228     -0.23649187
           0.13          -0.036          -0.008       2.3495642   0.00012259043    -0.011372775     -0.23102946
           0.13          -0.032          -0.008       2.3745839  -0.00020993457   -0.0091402843     -0.22533914
           0.13          -0.028          -0.008       2.3744739  -0.00078949104   -0.0083966718     -0.21939161
           0.13          -0.024          -0.008       2.3443777  -0.00079586378   -0.0087690791     -0.21342245
           0.13           -0.02          -0.008       2.2492591   9.3294956e-05   -0.0080601059     -0.20781107
           0.13          -0.016          -0.008       2.0739788   0.00048551323   -0.0031165654     -0.20304306
           0.13          -0.012          -0.008       1.8645546   0.00052090418    0.0056815042     -0.19937789
           0.13          -0.008          -0.008       1.6668348    0.0017825901    0.0076999873     -0.19678881
           0.13          -0.004          -0.008       1.5034236    0.0016170576   -0.0038292938     -0.19575942
           0.13   3.6346636e-19          -0.008       1.4499486   -0.0051237158   -0.0088689018      -0.1957594
           0.13           0.004          -0.008        1.549921    -0.011958898    0.0058832814     -0.19598968
           0.13           0.008          -0.008        1.726936    -0.012681837     0.018633848     -0.19726571
           0.13           0.012          -0.008       1.9186153    -0.011789998     0.014503488     -0.20018035
           0.13           0.016          -0.008       2.1124332    -0.011468065    0.0043778022     -0.20437087
           0.13            0.02          -0.008       2.2689684    -0.010476228   -0.0014668542     -0.20965116
           0.13           0.024          -0.008       2.3522662   -0.0087548169   -0.0028820501     -0.21563178
           0.13           0.028          -0.008       2.3782078   -0.0077769019   -0.0030296067      -0.2218508
           0.13           0.032          -0.008       2.3764587   -0.0072752689   -0.0039825003     -0.22802976
           0.13           0.036          -0.008       2.3483937   -0.0064732401   -0.0061410048     -0.23397162
           0.13            0.04          -0.008       2.2586721   -0.0041547673   -0.0091194592     -0.23966384
           0.13           0.044          -0.008       2.0325994    0.0032500157    -0.011816453      -0.2447084
           0.13           0.048          -0.008       1.6505023     0.014078277    -0.013469485     -0.25069459
           0.13           0.052          -0.008       1.2410735     0.016208632    -0.014744969     -0.25624883
           0.13           0.056          -0.008      0.92299921    0.0073660139    -0.018183837     -0.25895259
           0.13            0.06          -0.008      0.70976171   -0.0023927672    -0.024085912     -0.26008802
           0.13           0.064          -0.008       0.5874232   -0.0085639632    -0.029581821     -0.26021141
           0.13           0.068          -0.008      0.52792338    -0.011080253    -0.033096001     -0.25982751
           0.13           0.072          -0.008      0.50224155    -0.011185458    -0.034628613     -0.25931194
           0.13           0.076          -0.008      0.49428827    -0.010095951    -0.034614818     -0.25871079
           0.13            0.08          -0.008       0.4965149   -0.0083952563    -0.033539556     -0.25809358
           0.13           0.084          -0.008      0.50434474   -0.0067013374    -0.031969447     -0.25747681
           0.13           0.088          -0.008      0.51388008    -0.005380392    -0.030647204      -0.2568284
           0.13           0.092          -0.008      0.51565309   -0.0041553439    -0.030839548     -0.25609068
           0.13           0.096          -0.008      0.47798842   -0.0031273197    -0.034051164     -0.25556598
           0.13             0.1          -0.008               0               0               0     -0.25544237
           0.13          -0.096          -0.004       0.4926395   -0.0022195493    -0.030526254     -0.25379957
           0.13            -0.1          -0.004               0               0               0     -0.25358543
           0.13          -0.092          -0.004      0.53333835   -0.0021535322    -0.031550133     -0.25433624
           0.13          -0.088          -0.004      0.53339808  -0.00076106846    -0.031398879     -0.25491391
           0.13          -0.084          -0.004      0.52437136    0.0017464849    -0.031195347     -0.25538233
           0.13           -0.08          -0.004      0.51541609    0.0050037649     -0.03096245     -0.25580296
           0.13          -0.076          -0.004      0.51052893    0.0086033089    -0.030563133     -0.25622824
           0.13          -0.072          -0.004       0.5137336      0.01184877    -0.029836666     -0.25669404
           0.13          -0.068          -0.004      0.53143109     0.014068352    -0.028573604     -0.25715312
           0.13          -0.064          -0.004      0.57719517     0.014144993    -0.026519818     -0.25754237
           0.13           -0.06          -0.004      0.67917222     0.010854116     -0.02353269     -0.25751314
           0.13          -0.056          -0.004      0.87280293    0.0028110968    -0.020084026     -0.25661174
           0.13          -0.052          -0.004       1.1809184   -0.0068319164    -0.017461921     -0.25409359
           0.13          -0.048          -0.004       1.5857878    -0.007963456    -0.015295461     -0.24847688
           0.13          -0.044          -0.004       1.9633489   -0.0025395906    -0.012293291     -0.24220705
           0.13           -0.04          -0.004       2.1866279   5.1018454e-05   -0.0088590765     -0.23675787
           0.13          -0.036          -0.004       2.2748957  -0.00031824294   -0.0061129432     -0.23074738
           0.13          -0.032          -0.004       2.3016271   -0.0010876219   -0.0046040364     -0.22463455
           0.13          -0.028          -0.004       2.2983867   -0.0020490209   -0.0044312204     -0.21833347
           0.13          -0.024          -0.004       2.2488531   -0.0034903903   -0.0050608699     -0.21207703
           0.13           -0.02          -0.004       2.1165247   -0.0057817898   -0.0044724204     -0.20638665
           0.13          -0.016          -0.004        1.909373   -0.0089085161  -0.00086777088     -0.20178355
           0.13          -0.012          -0.004       1.6876045    -0.010588562    0.0043459881     -0.19831713
           0.13          -0.008          -0.004       1.4956606   -0.0085869897    0.0035412892      -0.1957724
           0.13          -0.004          -0.004       1.3575608   -0.0076686852   -0.0063567545     -0.19456455
           0.13  -2.0008579e-47          -0.004       1.3240917    -0.013333395     -0.01007303     -0.19433199
           0.13           0.004          -0.004       1.4120299    -0.016118308    0.0011550035     -0.19455079
           0.13           0.008          -0.004       1.5688341    -0.010718323     0.011562619     -0.19588008
           0.13           0.012          -0.004        1.756431   -0.0057005466     0.010145059     -0.19871458
           0.13           0.016          -0.004       1.9620415   -0.0051590209    0.0036845691     -0.20272742
           0.13            0.02          -0.004       2.1466724   -0.0065510066  -0.00033848492     -0.20791868
           0.13           0.024          -0.004       2.2619806   -0.0071075864   -0.0011012993     -0.21400279
           0.13           0.028          -0.004       2.3044204   -0.0068810936  -0.00062331239     -0.22044068
           0.13           0.032          -0.004       2.3052946   -0.0062781261  -0.00077904953     -0.22690952
           0.13           0.036          -0.004       2.2754918   -0.0056229324   -0.0020401908     -0.23323408
           0.13            0.04          -0.004       2.1815527   -0.0045793281   -0.0043789307     -0.23946391
           0.13           0.044          -0.004        1.953108  -0.00068836838   -0.0075324475     -0.24508137
           0.13           0.048          -0.004        1.576644    0.0057036455    -0.010635493     -0.25138275
           0.13           0.052          -0.004       1.1793962     0.005447993    -0.012894905     -0.25696692
           0.13           0.056          -0.004      0.88124633   -0.0030656624    -0.015123227     -0.25948399
           0.13            0.06          -0.004      0.69546259    -0.010183155    -0.017780196     -0.26039579
           0.13           0.064          -0.004      0.59667663    -0.013160363    -0.019801131     -0.26044818
           0.13           0.068          -0.004      0.55078458    -0.013313014    -0.020790044     -0.26005827
           0.13           0.072          -0.004      0.53191043    -0.011690096    -0.020819718     -0.25957132
           0.13           0.076          -0.004      0.52757284    -0.009186536    -0.019981958     -0.25903542
           0.13            0.08          -0.004      0.53182495   -0.0062092011    -0.018403667     -0.25849872
           0.13           0.084          -0.004      0.54077694   -0.0032837085    -0.016345278     -0.25796355
           0.13           0.088          -0.004      0.55036308  -0.00073058888    -0.014286139     -0.25739374
           0.13           0.092          -0.004       0.5510446    0.0011337344    -0.013032149     -0.25674123
           0.13           0.096          -0.004      0.51024528    0.0017585106    -0.013572893     -0.25617709
           0.13             0.1          -0.004               0               0               0     -0.25596278
           0.13          -0.096               0      0.49053837   -0.0024151503   -0.0070917063     -0.25617125
           0.13            -0.1               0               0               0               0     -0.25595503
           0.13          -0.092   3.6346636e-19       0.5283181   -0.0026688805    -0.012476177      -0.2566571
           0.13          -0.088   3.6346636e-19        0.527323   -0.0012587742    -0.014345314     -0.25712046
           0.13          -0.084   3.6346636e-19      0.51822985    0.0014631064    -0.015039253     -0.25746823
           0.13           -0.08   1.9494982e-18      0.50962016    0.0050371464    -0.015304151     -0.25776209
           0.13          -0.076               0      0.50517995    0.0090426226    -0.015321251     -0.25804858
           0.13          -0.072               0      0.50886602     0.012722409      -0.0151632     -0.25838958
           0.13          -0.068   3.6346636e-19      0.52684028     0.015302035    -0.015025043     -0.25873569
           0.13          -0.064  -3.6346636e-19      0.57146383     0.015723404    -0.015086302     -0.25899708
           0.13           -0.06               0      0.66857752     0.012968762     -0.01520325     -0.25882373
           0.13          -0.056               0      0.85275116    0.0056178318     -0.01471248     -0.25775676
           0.13          -0.052               0       1.1502583   -0.0038457538    -0.012964668      -0.2550548
           0.13          -0.048  -2.3129646e-18       1.5438875    -0.006074939    -0.010205061     -0.24925866
           0.13          -0.044  -2.3129646e-18       1.9119986   -0.0024556231   -0.0076003323       -0.242681
           0.13           -0.04               0       2.1318597  -0.00072668669   -0.0058339226     -0.23688815
           0.13          -0.036  -3.6346636e-19       2.2201539  -0.00095534745   -0.0046746825     -0.23065177
           0.13          -0.032               0        2.247538   -0.0013619975   -0.0038077685     -0.22436295
           0.13          -0.028               0       2.2430222   -0.0020614438   -0.0029313313     -0.21793336
           0.13          -0.024               0       2.1842283   -0.0040566743    -0.001609648     -0.21161946
           0.13           -0.02   2.0583003e-48       2.0391876   -0.0077509494   0.00030487455     -0.20599194
           0.13          -0.016   1.6891357e-47       1.8283407    -0.012015449    0.0019324107     -0.20152936
           0.13          -0.012   3.6346636e-19        1.613786    -0.013712538    0.0011310207     -0.19814271
           0.13          -0.008   3.6346636e-19       1.4382485    -0.010919051   -0.0042973677     -0.19557784
           0.13          -0.004   1.8322597e-47       1.3215497     -0.01008342    -0.012665323     -0.19417642
           0.13   1.2554966e-47   1.4124219e-47       1.2981567    -0.016734169    -0.016282276     -0.19372944
           0.13           0.004  -5.1352922e-48       1.3736302    -0.019103783    -0.011234569     -0.19397443
           0.13           0.008    5.261042e-47       1.5090093    -0.011264777   -0.0033376862     -0.19538225
           0.13           0.012  -4.5679894e-47       1.6819861   -0.0037660941    0.0012569023     -0.19821828
           0.13           0.016  -2.2506397e-47       1.8823049   -0.0025340545    0.0019086449     -0.20215758
           0.13            0.02  -3.0185253e-48        2.071391    -0.004836435   0.00074986218     -0.20723822
           0.13           0.024               0       2.1983406   -0.0065251217  -0.00053567104     -0.21326207
           0.13           0.028               0       2.2487042   -0.0064931928     -0.00131838     -0.21971288
           0.13           0.032               0       2.2505301   -0.0052823931   -0.0017090928     -0.22625273
           0.13           0.036               0       2.2208386   -0.0039334868   -0.0020235154      -0.2326854
           0.13            0.04               0        2.129956   -0.0024617298   -0.0025850941     -0.23906292
           0.13           0.044               0       1.9097664   0.00083187379   -0.0040548797     -0.24492114
           0.13           0.048               0       1.5451941    0.0057092431   -0.0067841178     -0.25149968
           0.13           0.052               0       1.1580422     0.004360073   -0.0096618519     -0.25729924
           0.13           0.056               0      0.86721581   -0.0045050493    -0.011061707     -0.26000559
           0.13            0.06               0      0.68748326    -0.011589544    -0.010706993     -0.26107701
           0.13           0.064               0      0.59249621    -0.014402084   -0.0094765994     -0.26125579
           0.13           0.068               0      0.54861254    -0.014317896   -0.0081346093     -0.26097462
           0.13           0.072               0      0.53107988    -0.012326177   -0.0068350403     -0.26057975
           0.13           0.076               0      0.52808634   -0.0093158285   -0.0053572418     -0.26013811
           0.13            0.08               0      0.53373888   -0.0058025488   -0.0034936396      -0.2597139
           0.13           0.084   3.6346636e-19      0.54398633   -0.0024139058   -0.0012468397     -0.25930213
           0.13           0.088               0      0.55457424   0.00050130047    0.0013401005     -0.25885192
           0.13           0.092               0      0.55607414    0.0024941439    0.0044363839     -0.25830748
           0.13           0.096               0      0.51619581    0.0029758753    0.0087340923     -0.25777127
           0.13             0.1               0               0               0               0     -0.25753342
           0.13          -0.096           0.004      0.45931479    0.0012888456     0.015825809      -0.2593119
           0.13            -0.1           0.004               0               0               0     -0.25919507
           0.13          -0.092           0.004      0.49207904   0.00098731022    0.0071372903     -0.25964664
           0.13          -0.088           0.004      0.48843448    0.0020513344    0.0034471329     -0.25998207
           0.13          -0.084           0.004      0.47788887    0.0042933641    0.0018182675      -0.2601713
           0.13           -0.08           0.004      0.46876349     0.007625521   0.00099751241     -0.26028726
           0.13          -0.076           0.004      0.46482959     0.011554036   0.00048897324     -0.26038834
           0.13          -0.072           0.004      0.47073874     0.015050623   6.0803427e-05     -0.26059029
           0.13          -0.068           0.004      0.49388863     0.016944818  -0.00089074547     -0.26081966
           0.13          -0.064           0.004       0.5482626     0.015915755   -0.0030176345     -0.26091371
           0.13           -0.06           0.004      0.66082221     0.010924341   -0.0061989734      -0.2604935
           0.13          -0.056           0.004       0.8643115    0.0015157336   -0.0088412977     -0.25907794
           0.13          -0.052           0.004       1.1778685   -0.0081113127   -0.0084786435     -0.25596007
           0.13          -0.048           0.004       1.5843241    -0.007990855   -0.0055688034     -0.24981123
           0.13          -0.044           0.004       1.9635127   -0.0011036701     -0.00332314     -0.24322591
           0.13           -0.04           0.004       2.1893218    0.0024102292   -0.0030600297     -0.23761552
           0.13          -0.036           0.004       2.2795297    0.0024481553   -0.0034616057     -0.23145604
           0.13          -0.032           0.004       2.3066915    0.0018397477    -0.003226503     -0.22520221
           0.13          -0.028           0.004       2.3031248    0.0010241632   -0.0017466461     -0.21878926
           0.13          -0.024           0.004       2.2538244  -6.5748409e-05     0.001113771     -0.21242957
           0.13           -0.02           0.004       2.1243271   -0.0013626787    0.0036387522     -0.20663448
           0.13          -0.016           0.004       1.9244211   -0.0026485756    0.0026640608      -0.2019481
           0.13          -0.012           0.004       1.7146443   -0.0020246955   -0.0039921082      -0.1984231
           0.13          -0.008           0.004       1.5384847    0.0010168898    -0.012404034     -0.19581293
           0.13          -0.004           0.004       1.4102216  -0.00019416461    -0.016666086     -0.19439311
           0.13    2.996931e-47           0.004        1.375472    -0.011398912    -0.018851127     -0.19396641
           0.13           0.004           0.004         1.45519    -0.019846594    -0.021177536     -0.19426782
           0.13           0.008           0.004       1.5979394    -0.016870687    -0.018088219     -0.19571768
           0.13           0.012           0.004       1.7715282    -0.011316983     -0.00886412     -0.19858068
           0.13           0.016           0.004        1.968636   -0.0091212879   -0.0012098412     -0.20258959
           0.13            0.02           0.004       2.1495413   -0.0092095535   0.00092719583     -0.20775771
           0.13           0.024           0.004        2.263863   -0.0090371774  -0.00048777347     -0.21383419
           0.13           0.028           0.004       2.3064693   -0.0084611136   -0.0023955768     -0.22027948
           0.13           0.032           0.004       2.3080279   -0.0075192467   -0.0031081985     -0.22675937
           0.13           0.036           0.004        2.280028   -0.0063416714   -0.0026704337     -0.23308566
           0.13            0.04           0.004        2.190852   -0.0044280004   -0.0016343854     -0.23931287
           0.13           0.044           0.004       1.9692881     0.001043108    -0.001464303      -0.2449022
           0.13           0.048           0.004       1.5958792    0.0097639483   -0.0035887563     -0.25148021
           0.13           0.052           0.004        1.195658     0.011099091   -0.0065573923     -0.25764552
           0.13           0.056           0.004      0.88739882    0.0020100182   -0.0066500489     -0.26076298
           0.13            0.06           0.004      0.68558048   -0.0074001559   -0.0031047654     -0.26220311
           0.13           0.064           0.004      0.57276739    -0.012746599    0.0013517062     -0.26261239
           0.13           0.068           0.004      0.51870492     -0.01433706    0.0049467358     -0.26249215
           0.13           0.072           0.004      0.49646319    -0.013269276    0.0075208069     -0.26221049
           0.13           0.076           0.004      0.49208514    -0.010714472    0.0095853173     -0.26187951
           0.13            0.08           0.004      0.49833413   -0.0075494614     0.011706335      -0.2616038
           0.13           0.084           0.004      0.51019186   -0.0046703649     0.014166662     -0.26135231
           0.13           0.088           0.004      0.52319166   -0.0025336047     0.017243492     -0.26104723
           0.13           0.092           0.004      0.52784696   -0.0012046388     0.021819206     -0.26060413
           0.13           0.096           0.004      0.49250989  -0.00071636841     0.029825473     -0.26016276
           0.13             0.1           0.004               0               0               0     -0.25998696
           0.13          -0.096           0.008      0.39815627     0.005319637     0.035840006     -0.26306387
           0.13            -0.1           0.008               0               0               0     -0.26302355
           0.13          -0.092           0.008       0.4214736     0.005631045     0.027489914      -0.2632479
           0.13          -0.088           0.008      0.41347205    0.0062042948     0.022770777     -0.26343283
           0.13          -0.084           0.008       0.4008434      0.00778015     0.020220569     -0.26344216
           0.13           -0.08           0.008      0.39195828     0.010759854     0.018533261     -0.26334591
           0.13          -0.076           0.008      0.39148115     0.014464609     0.017063851     -0.26323315
           0.13          -0.072           0.008      0.40435071     0.017469233     0.015692097     -0.26323997
           0.13          -0.068           0.008      0.43889223      0.01822022      0.01360576     -0.26329877
           0.13          -0.064           0.008       0.5118168     0.014987343    0.0096828485     -0.26316525
           0.13           -0.06           0.008      0.65242408    0.0063966771    0.0038909853     -0.26236913
           0.13          -0.056           0.008      0.88830461   -0.0065914832    -0.001891454     -0.26029339
           0.13          -0.052           0.008       1.2269361    -0.017617722   -0.0038142068     -0.25647994
           0.13          -0.048           0.008       1.6501598    -0.015634851   -0.0013840594     -0.24983908
           0.13          -0.044           0.008       2.0382436   -0.0040854111    0.0015270925     -0.24329161
           0.13           -0.04           0.008       2.2629995    0.0032350003    0.0022553782     -0.23820684
           0.13          -0.036           0.008       2.3498153    0.0046866232    0.0014405654     -0.23249337
           0.13          -0.032           0.008       2.3762788    0.0044923222   0.00095345963     -0.22654185
           0.13          -0.028           0.008       2.3768607    0.0040703134    0.0016359266     -0.22035474
           0.13          -0.024           0.008        2.348058    0.0044690263    0.0035250768     -0.21416047
           0.13           -0.02           0.008        2.257672    0.0064996389    0.0047027351     -0.20834505
           0.13          -0.016           0.008       2.0935532    0.0090286452    0.0012594173     -0.20341613
           0.13          -0.012           0.008       1.9002876     0.011571835   -0.0087085038       -0.199596
           0.13          -0.008           0.008       1.7222599     0.013462494    -0.017218056     -0.19686447
           0.13          -0.004           0.008       1.5738978      0.01018172    -0.015274036     -0.19550678
           0.13   9.1787277e-47           0.008       1.5198447   -0.0035578435     -0.01370636     -0.19518329
           0.13           0.004           0.008        1.606607    -0.017179761    -0.021967879     -0.19552129
           0.13           0.008           0.008       1.7653274    -0.020664593    -0.025242459     -0.19697401
           0.13           0.012           0.008       1.9407878    -0.019290455    -0.015549889      -0.1999313
           0.13           0.016           0.008       2.1237773    -0.017083668   -0.0044316961      -0.2041013
           0.13            0.02           0.008       2.2736917    -0.014478406    0.0003169051     -0.20933846
           0.13           0.024           0.008       2.3540161    -0.011828598   0.00033754512     -0.21532788
           0.13           0.028           0.008       2.3791459    -0.010402541  -0.00061514835     -0.22157656
           0.13           0.032           0.008       2.3775468   -0.0094819179  -0.00061389128     -0.22779677
           0.13           0.036           0.008       2.3508601   -0.0080532953    0.0003875199     -0.23376651
           0.13            0.04           0.008       2.2654139   -0.0045979754    0.0015594144     -0.23948171
           0.13           0.044           0.008       2.0447182    0.0051614331    0.0011489766     -0.24455812
           0.13           0.048           0.008       1.6638086     0.019046607   -0.0015158091      -0.2511024
           0.13           0.052           0.008        1.249688     0.022672288   -0.0038772151     -0.25767121
           0.13           0.056           0.008      0.91907319     0.012811996   -0.0017456725     -0.26145092
           0.13            0.06           0.008      0.68548741   0.00023672699    0.0049479032     -0.26359853
           0.13           0.064           0.008       0.5428201   -0.0088190069     0.012286781     -0.26441332
           0.13           0.068           0.008      0.46917296    -0.012905088     0.017934065     -0.26452758
           0.13           0.072           0.008      0.43590953    -0.013284943     0.021806701     -0.26443361
           0.13           0.076           0.008        0.425685    -0.011639702     0.024692125     -0.26430525
           0.13            0.08           0.008      0.42967429   -0.0092488175     0.027448453     -0.26423871
           0.13           0.084           0.008      0.44199871   -0.0072787504     0.030468752     -0.26417074
           0.13           0.088           0.008      0.45752059   -0.0063416607     0.034065801     -0.26401809
           0.13           0.092           0.008      0.46715192   -0.0059515977     0.039212654     -0.26367978
           0.13           0.096           0.008      0.44168578   -0.0052350803     0.047382237     -0.26336596
           0.13             0.1           0.008               0               0               0     -0.26328473
           0.13          -0.096           0.012      0.31254764    0.0061276678     0.052610418     -0.26713029
           0.13            -0.1           0.012               0               0               0     -0.26699417
           0.13          -0.092           0.012      0.32099338    0.0074756872      0.04686727     -0.26729351
           0.13          -0.088           0.012      0.30560637    0.0077219348     0.042122866     -0.26728568
           0.13          -0.084           0.012      0.29119663    0.0093051422     0.038640529     -0.26712809
           0.13           -0.08           0.012      0.28612563     0.012407601     0.035479001     -0.26685195
           0.13          -0.076           0.012      0.29479502     0.016066518     0.032470259     -0.26654329
           0.13          -0.072           0.012       0.3207259     0.018671214     0.029829866     -0.26628066
           0.13          -0.068           0.012      0.37152043     0.018635041     0.026774841     -0.26608329
           0.13          -0.064           0.012      0.46515299     0.013936108     0.022044258     -0.26570196
           0.13           -0.06           0.012      0.63066915    0.0028232782      0.01546376     -0.26454567
           0.13          -0.056           0.012      0.88778581    -0.012676209    0.0085005037     -0.26182787
           0.13          -0.052           0.012       1.2341439    -0.025392679    0.0046079408     -0.25743712
           0.13          -0.048           0.012       1.6493788    -0.024709634    0.0047466956     -0.25072826
           0.13          -0.044           0.012       2.0320225    -0.011763292    0.0052637457     -0.24425972
           0.13           -0.04           0.012       2.2641032  -0.00071021083    0.0046605577      -0.2395686
           0.13          -0.036           0.012       2.3589794    0.0034266681    0.0039127343     -0.23444525
           0.13          -0.032           0.012       2.3907113    0.0045534926    0.0032649967     -0.22882665
           0.13          -0.028           0.012       2.3975227    0.0049955844    0.0030421937     -0.22290296
           0.13          -0.024           0.012       2.3854258    0.0060175063    0.0033146578     -0.21697508
           0.13           -0.02           0.012       2.3353259    0.0088197125     0.002844241     -0.21131414
           0.13          -0.016           0.012       2.2213217     0.012471653   -0.0017433614     -0.20630747
           0.13          -0.012           0.012       2.0656387     0.014981138    -0.012271271     -0.20226321
           0.13          -0.008           0.012       1.9114813     0.014972941    -0.019218305     -0.19938021
           0.13          -0.004           0.012       1.7700119     0.011093603    -0.011891885     -0.19800613
           0.13   4.6846689e-47           0.012       1.7087675   0.00090382474   -0.0062650499     -0.19771296
           0.13           0.004           0.012       1.7891722    -0.010705398    -0.017714081     -0.19807985
           0.13           0.008           0.012       1.9373704     -0.01717506    -0.026483458     -0.19958213
           0.13           0.012           0.012       2.0893219    -0.019235801    -0.018835754     -0.20266087
           0.13           0.016           0.012       2.2377727    -0.018130152   -0.0075526889     -0.20697214
           0.13            0.02           0.012       2.3433113    -0.015120762   -0.0019846769     -0.21218371
           0.13           0.024           0.012       2.3884799    -0.012241701  -0.00059098003     -0.21794503
           0.13           0.028           0.012       2.3987431     -0.01058169  -0.00022484198     -0.22390179
           0.13           0.032           0.012       2.3907318    -0.009051046   0.00036976966     -0.22981628
           0.13           0.036           0.012       2.3572478   -0.0063116183    0.0011403148     -0.23540356
           0.13            0.04           0.012       2.2601156   0.00020675605    0.0018061048     -0.24046401
           0.13           0.044           0.012        2.029296     0.014172985    0.0024074957     -0.24521019
           0.13           0.048           0.012       1.6564443      0.02957371    0.0020188578       -0.251694
           0.13           0.052           0.012       1.2555065     0.032169439    0.0020447678      -0.2582781
           0.13           0.056           0.012      0.92165192     0.021341944    0.0062138073     -0.26260168
           0.13            0.06           0.012      0.67049063    0.0068765346     0.014159658     -0.26540371
           0.13           0.064           0.012      0.50389836   -0.0046740012     0.022622474       -0.266648
           0.13           0.068           0.012      0.40938302    -0.010538042     0.029454058     -0.26700391
           0.13           0.072           0.012      0.36132069    -0.011945272     0.034452234     -0.26716058
           0.13           0.076           0.012      0.34031367    -0.011030366     0.038465542     -0.26730439
           0.13            0.08           0.012      0.33707601   -0.0092303543     0.042420033     -0.26744144
           0.13           0.084           0.012      0.34668869   -0.0077950545     0.046487004     -0.26753313
           0.13           0.088           0.012      0.36376669   -0.0075303376      0.05070753     -0.26752206
           0.13           0.092           0.012      0.37964317   -0.0078846104     0.055798258     -0.26733326
           0.13           0.096           0.012      0.36759197   -0.0068527425     0.061930822     -0.26708996
           0.13             0.1           0.012               0               0               0       -0.266998
           0.13          -0.096           0.016      0.20799627     0.004935704     0.066504849      -0.2708836
           0.13            -0.1           0.016               0               0               0     -0.27067361
           0.13          -0.092           0.016      0.20159457    0.0065862042     0.062611199      -0.2710212
           0.13          -0.088           0.016      0.18080166    0.0067721247     0.057409082     -0.27083953
           0.13          -0.084           0.016      0.16877795    0.0089479847     0.052320483     -0.27055043
           0.13           -0.08           0.016      0.17211097     0.012509355     0.047368072     -0.27015914
           0.13          -0.076           0.016       0.1928637     0.016268997     0.043083694     -0.26971382
           0.13          -0.072           0.016       0.2328183     0.018849814     0.039676328     -0.26925519
           0.13          -0.068           0.016      0.29873125     0.018884752     0.036314966     -0.26889385
           0.13          -0.064           0.016      0.40733183     0.014243968     0.032023122     -0.26843123
           0.13           -0.06           0.016      0.58278228    0.0031218454     0.026709086     -0.26726687
           0.13          -0.056           0.016      0.83839613    -0.012427359     0.021168023     -0.26448244
           0.13          -0.052           0.016       1.1666763    -0.025872671     0.017114108     -0.25999828
           0.13          -0.048           0.016       1.5453686    -0.028761253     0.015356656     -0.25380928
           0.13          -0.044           0.016       1.9101109     -0.01974474     0.012972636     -0.24749496
           0.13           -0.04           0.016       2.1751646   -0.0079504592    0.0093477623     -0.24246203
           0.13          -0.036           0.016       2.3180924  -0.00050954206    0.0069298611     -0.23755375
           0.13          -0.032           0.016        2.378502     0.002835202     0.005615037      -0.2322156
           0.13          -0.028           0.016       2.3987215    0.0043449095    0.0046886973     -0.22646242
           0.13          -0.024           0.016       2.3978952    0.0056258316    0.0038091072     -0.22070547
           0.13           -0.02           0.016       2.3709584    0.0078257471    0.0019562609     -0.21519346
           0.13          -0.016           0.016       2.2939596     0.010504731    -0.003509231     -0.21021897
           0.13          -0.012           0.016        2.185709     0.011263212    -0.013438448     -0.20612969
           0.13          -0.008           0.016       2.0847404    0.0087925182    -0.018618611     -0.20319826
           0.13          -0.004           0.016        1.984858    0.0050939436   -0.0095669495     -0.20169246
           0.13   2.0934119e-47           0.016       1.9356091    0.0017361381   -0.0024161016     -0.20130999
           0.13           0.004           0.016       1.9944926   -0.0031740741    -0.013302978     -0.20180934
           0.13           0.008           0.016       2.0980889   -0.0097310958    -0.023644685     -0.20346292
           0.13           0.012           0.016       2.1977755    -0.014517528    -0.018490873     -0.20655736
           0.13           0.016           0.016       2.3017881    -0.015357373   -0.0085073626     -0.21084663
           0.13            0.02           0.016       2.3743943    -0.013446022   -0.0027208296     -0.21596399
           0.13           0.024           0.016       2.3990836    -0.011300872  -0.00046009651     -0.22153187
           0.13           0.028           0.016       2.3980363   -0.0095020732   0.00064878601     -0.22727544
           0.13           0.032           0.016       2.3745721   -0.0068701645    0.0015606496     -0.23296077
           0.13           0.036           0.016       2.3082986   -0.0015502446    0.0026159982     -0.23820234
           0.13            0.04           0.016       2.1589685    0.0087714798    0.0045884555     -0.24309794
           0.13           0.044           0.016       1.8949687     0.023554781    0.0076955145     -0.24827171
           0.13           0.048           0.016       1.5432576     0.034915205    0.0097999728     -0.25460535
           0.13           0.052           0.016         1.18273     0.034176286     0.011712146     -0.26069724
           0.13           0.056           0.016      0.87073574     0.022986415     0.016391035     -0.26508976
           0.13            0.06           0.016      0.62468538    0.0086893066     0.023398952      -0.2679819
           0.13           0.064           0.016      0.45074859   -0.0029158514     0.031103701     -0.26930063
           0.13           0.068           0.016      0.34278307   -0.0089251562     0.038082193     -0.26971782
           0.13           0.072           0.016      0.28147401    -0.010405389     0.043817897     -0.27000218
           0.13           0.076           0.016      0.24869412   -0.0096101906     0.048864248     -0.27033881
           0.13            0.08           0.016      0.23550112   -0.0079338374     0.054084708     -0.27064379
           0.13           0.084           0.016      0.23864234   -0.0064771323     0.059528803     -0.27087127
           0.13           0.088           0.016      0.25439537   -0.0061650157     0.064763009     -0.27100601
           0.13           0.092           0.016      0.27513382   -0.0069851935     0.069862882     -0.27101979
           0.13           0.096           0.016      0.27615075   -0.0057738281     0.073779212      -0.2708124
           0.13             0.1           0.016               0               0               0     -0.27063192
           0.13          -0.096            0.02     0.093762737     0.003497826     0.077113329     -0.27375025
           0.13            -0.1            0.02               0               0               0     -0.27362321
           0.13          -0.092            0.02     0.079074591    0.0046619143     0.073308243     -0.27372015
           0.13          -0.088            0.02     0.060504739    0.0052768641     0.066289166     -0.27337532
           0.13          -0.084            0.02     0.056139818    0.0081158958      0.05905113     -0.27297716
           0.13           -0.08            0.02     0.069236042     0.012037807     0.052604518     -0.27255213
           0.13          -0.076            0.02      0.09985995     0.015953907     0.047631852     -0.27211915
           0.13          -0.072            0.02      0.14942422     0.018855507     0.044049361      -0.2717218
           0.13          -0.068            0.02      0.22430332     0.019557553     0.041023833     -0.27144033
           0.13          -0.064            0.02      0.33838733     0.016090477     0.037925254     -0.27108346
           0.13           -0.06            0.02      0.50949833     0.006815614     0.034745715     -0.27028373
           0.13          -0.056            0.02      0.74625685   -0.0068521035      0.03176341     -0.26814286
           0.13          -0.052            0.02       1.0396619    -0.019995588     0.029131114     -0.26412041
           0.13          -0.048            0.02       1.3691636    -0.026617411     0.026733898     -0.25859477
           0.13          -0.044            0.02       1.7003945    -0.024434067      0.02270897     -0.25268448
           0.13           -0.04            0.02       1.9888113    -0.016548816     0.016625294     -0.24708885
           0.13          -0.036            0.02       2.1996609   -0.0078093133     0.011203737     -0.24165303
           0.13          -0.032            0.02       2.3239125   -0.0015418255    0.0078004969      -0.2363094
           0.13          -0.028            0.02       2.3803887    0.0019101969    0.0057656812     -0.23071218
           0.13          -0.024            0.02       2.3948793     0.004114847    0.0040667162     -0.22505869
           0.13           -0.02            0.02       2.3752825    0.0063674513    0.0016664614     -0.21967769
           0.13          -0.016            0.02       2.3150238     0.007513163    -0.003366366     -0.21482422
           0.13          -0.012            0.02       2.2576194    0.0058210349    -0.011276583     -0.21088419
           0.13          -0.008            0.02       2.2279071    0.0016191883    -0.015162407     -0.20807638
           0.13          -0.004            0.02       2.1874113   -0.0011967099    -0.008563878     -0.20643197
           0.13   2.1778517e-48            0.02       2.1617383   0.00084496978   -0.0031307332     -0.20590737
           0.13           0.004            0.02       2.1913981    0.0018145395    -0.010567143     -0.20657857
           0.13           0.008            0.02       2.2331019   -0.0030703653    -0.018141063     -0.20836626
           0.13           0.012            0.02       2.2630004   -0.0091091911    -0.014831395     -0.21132194
           0.13           0.016            0.02       2.3191355    -0.012137322   -0.0075010085     -0.21542251
           0.13            0.02            0.02       2.3766981    -0.011661866   -0.0027332889     -0.22038348
           0.13           0.024            0.02       2.3938279   -0.0095040217  -0.00036881463     -0.22579576
           0.13           0.028            0.02       2.3751181   -0.0067845428    0.0011785048       -0.231374
           0.13           0.032            0.02       2.3113309   -0.0019344392    0.0028442311      -0.2368148
           0.13           0.036            0.02       2.1780447    0.0067897194    0.0056337948     -0.24207486
           0.13            0.04            0.02       1.9619867     0.018605347     0.010083781     -0.24762318
           0.13           0.044            0.02       1.6780967     0.029363512     0.015019317     -0.25339487
           0.13           0.048            0.02       1.3611339     0.033952219     0.018401337     -0.25934547
           0.13           0.052            0.02       1.0501191     0.029644743     0.021038309     -0.26479773
           0.13           0.056            0.02      0.77431792     0.018650321     0.024912318     -0.26877316
           0.13            0.06            0.02       0.5486227    0.0059297566     0.030176413     -0.27111212
           0.13           0.064            0.02       0.3812829    -0.004040413     0.036467055     -0.27207587
           0.13           0.068            0.02      0.27014548    -0.008957108     0.043025411     -0.27238757
           0.13           0.072            0.02      0.20109447   -0.0097849363     0.049171894      -0.2726098
           0.13           0.076            0.02      0.15973957    -0.008551082     0.055070711     -0.27295768
           0.13            0.08            0.02      0.13804311   -0.0065723408     0.061386287     -0.27336353
           0.13           0.084            0.02      0.13332967   -0.0047818464     0.068197623     -0.27371496
           0.13           0.088            0.02      0.14395018   -0.0040343392     0.074869252     -0.27399898
           0.13           0.092            0.02       0.1645768   -0.0048958875     0.080644488     -0.27420652
           0.13           0.096            0.02      0.17425792   -0.0041927901     0.083265404     -0.27411031
           0.13             0.1            0.02               0               0               0     -0.27392957
           0.13          -0.096           0.024    -0.017928921    0.0020807645     0.084308817     -0.27548397
           0.13            -0.1           0.024               0               0               0     -0.27547822
           0.13          -0.092           0.024    -0.033661338    0.0029156839     0.079154908     -0.27523538
           0.13          -0.088           0.024     -0.04425726    0.0042714996     0.069630424      -0.2747381
           0.13          -0.084           0.024    -0.039083521       0.0075926     0.060423708     -0.27429036
           0.13           -0.08           0.024    -0.017852718     0.011645936     0.052821437     -0.27393406
           0.13          -0.076           0.024      0.01896698     0.015665709     0.047247225     -0.27368786
           0.13          -0.072           0.024     0.073195855     0.018912443     0.043486713     -0.27358399
           0.13          -0.068           0.024      0.15059473     0.020359732     0.040904909     -0.27359467
           0.13          -0.064           0.024      0.26175197     0.018486812     0.039055156     -0.27345397
           0.13           -0.06           0.024       0.4199124     0.011929584     0.037826198     -0.27301008
           0.13          -0.056           0.024      0.63077491    0.0011938897     0.037215739     -0.27180307
           0.13          -0.052           0.024      0.88580029    -0.010583781     0.036720044     -0.26881704
           0.13          -0.048           0.024       1.1696817    -0.019139167     0.035376199     -0.26406353
           0.13          -0.044           0.024       1.4635062    -0.022259443      0.03198998     -0.25872029
           0.13           -0.04           0.024       1.7468732    -0.020401452     0.026266323     -0.25312154
           0.13          -0.036           0.024       1.9995321    -0.014832538     0.019454667     -0.24711474
           0.13          -0.032           0.024       2.1969173   -0.0080557936     0.013140487     -0.24119664
           0.13          -0.028           0.024       2.3200849   -0.0027546789     0.008299375     -0.23549087
           0.13          -0.024           0.024       2.3694301   0.00064247512    0.0048997212     -0.22990527
           0.13           -0.02           0.024       2.3524189    0.0029737508    0.0023809352     -0.22456564
           0.13          -0.016           0.024       2.3044409    0.0022347686   -0.0013673333     -0.21982248
           0.13          -0.012           0.024       2.2977779  -0.00092944602   -0.0072791943     -0.21612566
           0.13          -0.008           0.024       2.3216216   -0.0040657842    -0.010809413     -0.21356242
           0.13          -0.004           0.024       2.3217581   -0.0046995105   -0.0081804958      -0.2119638
           0.13               0           0.024        2.315134  -0.00017571542   -0.0055891159     -0.21141316
           0.13           0.004           0.024       2.3229194    0.0037390499   -0.0090794985     -0.21212868
           0.13           0.008           0.024       2.3225267    0.0018638508    -0.012341321     -0.21387952
           0.13           0.012           0.024        2.299525   -0.0025984879   -0.0096234229     -0.21659016
           0.13           0.016           0.024       2.3073204   -0.0068511314   -0.0047336699     -0.22043738
           0.13            0.02           0.024       2.3527069   -0.0082081764   -0.0016457872     -0.22527764
           0.13           0.024           0.024       2.3637662   -0.0060075274   0.00057398534     -0.23060933
           0.13           0.028           0.024       2.3056748   -0.0018956303    0.0035612635     -0.23603756
           0.13           0.032           0.024       2.1724421     0.005254709     0.007664522     -0.24159659
           0.13           0.036           0.024       1.9679424     0.014791391     0.012768594     -0.24756687
           0.13            0.04           0.024       1.7147956     0.023428985     0.017919953     -0.25373162
           0.13           0.044           0.024       1.4385425     0.028161994     0.022097484     -0.25948304
           0.13           0.048           0.024       1.1583049      0.02749814     0.024802368     -0.26489006
           0.13           0.052           0.024      0.89150418     0.021125882     0.026751744     -0.26955172
           0.13           0.056           0.024      0.65250201     0.010952143     0.029218581     -0.27262094
           0.13            0.06           0.024      0.45198724   0.00050345115     0.032958053     -0.27409582
           0.13           0.064           0.024      0.29924152   -0.0070375621     0.038130256     -0.27461792
           0.13           0.068           0.024      0.19291973    -0.010369556     0.044230422     -0.27476422
           0.13           0.072           0.024      0.12191444    -0.010350095     0.050685075     -0.27479744
           0.13           0.076           0.024     0.075930273   -0.0085232152     0.057427197     -0.27498335
           0.13            0.08           0.024     0.048468034    -0.006061464      0.06483971     -0.27534828
           0.13           0.084           0.024     0.036991125   -0.0038182348     0.072975948     -0.27576621
           0.13           0.088           0.024      0.04075261   -0.0025072991     0.081252237     -0.27616725
           0.13           0.092           0.024      0.05685886   -0.0029670305     0.088355164     -0.27651386
           0.13           0.096           0.024     0.069798694    -0.002830503     0.090639348     -0.27655372
           0.13             0.1           0.024               0               0               0     -0.27643519
           0.13          -0.096           0.028     -0.11974441    0.0014079133     0.088265424     -0.27610532
           0.13            -0.1           0.028               0               0               0     -0.27621548
           0.13          -0.092           0.028     -0.13185037    0.0021597193      0.08094929     -0.27570731
           0.13          -0.088           0.028     -0.13240842    0.0040545586     0.068931417     -0.27519238
           0.13          -0.084           0.028     -0.11844231    0.0074158251     0.058036862     -0.27482522
           0.13           -0.08           0.028    -0.091291118     0.011259562     0.049355695     -0.27464447
           0.13          -0.076           0.028    -0.051163216     0.015118776     0.043045767     -0.27467371
           0.13          -0.072           0.028    0.0040626518     0.018464447     0.038875013     -0.27493416
           0.13          -0.068           0.028     0.079432925     0.020473736     0.036441582     -0.27533709
           0.13          -0.064           0.028      0.18261627     0.020074115     0.035460851     -0.27554302
           0.13           -0.06           0.028      0.32348726     0.016281148     0.035739307     -0.27532959
           0.13          -0.056           0.028      0.50727654    0.0087940294     0.037063206     -0.27473023
           0.13          -0.052           0.028      0.72714188  -0.00081413751     0.038724307     -0.27299147
           0.13          -0.048           0.028      0.97186874   -0.0097064867     0.039480519     -0.26932367
           0.13          -0.044           0.028       1.2313612    -0.015819687      0.03820104     -0.26447259
           0.13           -0.04           0.028       1.4953581    -0.018554855     0.034698074     -0.25912195
           0.13          -0.036           0.028       1.7545225    -0.017837664     0.029357225       -0.253131
           0.13          -0.032           0.028       1.9950374    -0.014100665     0.022449079     -0.24675844
           0.13          -0.028           0.028       2.1893163   -0.0090145243      0.01462463     -0.24052461
           0.13          -0.024           0.028       2.2993229   -0.0049363983    0.0077888389     -0.23478041
           0.13           -0.02           0.028       2.3059391   -0.0039991915    0.0043105103      -0.2295316
           0.13          -0.016           0.028       2.2939901    -0.006383156    0.0015831534     -0.22498248
           0.13          -0.012           0.028       2.3310556   -0.0084954121   -0.0040011658     -0.22154861
           0.13          -0.008           0.028       2.3664151   -0.0085285963    -0.008660695     -0.21922233
           0.13          -0.004           0.028       2.3752848   -0.0062609682   -0.0090680086     -0.21779623
           0.13               0           0.028       2.3755937  -0.00076591678   -0.0084195602     -0.21731772
           0.13           0.004           0.028       2.3756738    0.0043597722   -0.0093417415     -0.21796877
           0.13           0.008           0.028         2.36621    0.0058014662   -0.0092282379     -0.21956387
           0.13           0.012           0.028       2.3304502    0.0046864282   -0.0053050834     -0.22205793
           0.13           0.016           0.028       2.2950638    0.0014676111  -0.00096461896     -0.22564749
           0.13            0.02           0.028       2.3036708   -0.0016106431   0.00088451482       -0.230293
           0.13           0.024           0.028       2.2850403   -0.0006143557    0.0040170785     -0.23550943
           0.13           0.028           0.028        2.162275     0.004618024     0.010130434     -0.24112218
           0.13           0.032           0.028       1.9598115     0.011967345     0.016512035     -0.24734648
           0.13           0.036           0.028       1.7167719     0.018622574     0.021447566     -0.25383474
           0.13            0.04           0.028       1.4604453     0.022385129     0.024681751     -0.25994345
           0.13           0.044           0.028       1.2044411     0.022407525     0.026622686     -0.26539926
           0.13           0.048           0.028       0.9575743     0.018517989     0.027512298     -0.27024576
           0.13           0.052           0.028      0.72744058     0.011262437     0.027939445     -0.27387096
           0.13           0.056           0.028      0.52011607    0.0023637401     0.029001066     -0.27580452
           0.13            0.06           0.028      0.34529309   -0.0055830445     0.031656103     -0.27658451
           0.13           0.064           0.028      0.21107005    -0.010631501     0.036140002     -0.27681305
           0.13           0.068           0.028      0.11378239    -0.012474978     0.042008884     -0.27670998
           0.13           0.072           0.028     0.044865499    -0.011757419      0.04885046     -0.27646667
           0.13           0.076           0.028   -0.0026224787   -0.0095245643     0.056478364     -0.27640126
           0.13            0.08           0.028    -0.033645711   -0.0067269999      0.06504235     -0.27659735
           0.13           0.084           0.028    -0.050399426    -0.004103849     0.074557594     -0.27696639
           0.13           0.088           0.028    -0.053302977   -0.0022696676     0.084499789     -0.27740774
           0.13           0.092           0.028    -0.043458664   -0.0021254164     0.093350173     -0.27783745
           0.13           0.096           0.028    -0.030872923   -0.0021995591     0.096100866     -0.27799076
           0.13             0.1           0.028               0               0               0     -0.27793984
           0.13          -0.096           0.032     -0.20893887    0.0017151031     0.089779323     -0.27573291
           0.13            -0.1           0.032               0               0               0     -0.27595231
           0.13          -0.092           0.032     -0.21448892     0.002472207     0.079813938     -0.27530121
           0.13          -0.088           0.032      -0.2052881    0.0044322751     0.065543655     -0.27495784
           0.13          -0.084           0.032      -0.1845964    0.0072415961     0.053172904     -0.27481359
           0.13           -0.08           0.032     -0.15385222     0.010403866      0.04336268     -0.27490365
           0.13          -0.076           0.032     -0.11270473     0.013695509     0.036067717     -0.27523891
           0.13          -0.072           0.032    -0.058968555      0.01677772     0.031122786     -0.27583728
           0.13          -0.068           0.032     0.011670717     0.019031543     0.028368236     -0.27661502
           0.13          -0.064           0.032      0.10488923     0.019671009     0.027724574     -0.27725354
           0.13           -0.06           0.032      0.22751329     0.018031119     0.029028137     -0.27738303
           0.13          -0.056           0.032      0.38519622      0.01359727     0.031909111     -0.27706135
           0.13          -0.052           0.032      0.57426257    0.0066496709      0.03559155     -0.27621597
           0.13          -0.048           0.032       0.7855096   -0.0012928272     0.038832808     -0.27384824
           0.13          -0.044           0.032        1.013446   -0.0085249281      0.04052204     -0.26977059
           0.13           -0.04           0.032        1.253487    -0.014022366     0.040274779     -0.26472923
           0.13          -0.036           0.032       1.5005371    -0.017170316     0.038084337     -0.25893749
           0.13          -0.032           0.032       1.7488715    -0.017677424      0.03360436     -0.25259716
           0.13          -0.028           0.032        1.983509    -0.015435798     0.025987098     -0.24588744
           0.13          -0.024           0.032       2.1603338    -0.012634216     0.016542464     -0.23957028
           0.13           -0.02           0.032       2.2430505    -0.014767497    0.0093832058     -0.23430605
           0.13          -0.016           0.032       2.2976285    -0.017186574    0.0042755028     -0.23010712
           0.13          -0.012           0.032       2.3536592    -0.015369359   -0.0026575659     -0.22698588
           0.13          -0.008           0.032       2.3762829    -0.012277077   -0.0089967262     -0.22485804
           0.13          -0.004           0.032       2.3810783   -0.0074959189    -0.011449728     -0.22361765
           0.13               0           0.032       2.3819315  -0.00098308657    -0.011760003     -0.22322786
           0.13           0.004           0.032        2.381981    0.0051517811    -0.011207399     -0.22380207
           0.13           0.008           0.032       2.3769353    0.0090543882   -0.0087010431     -0.22523584
           0.13           0.012           0.032       2.3524874     0.011055063   -0.0028426655     -0.22755873
           0.13           0.016           0.032       2.2947605     0.011475461    0.0029029854     -0.23087943
           0.13            0.02           0.032       2.2327132    0.0081921137    0.0070466538     -0.23518047
           0.13           0.024           0.032       2.1336017    0.0066832808     0.013669755     -0.24051318
           0.13           0.028           0.032       1.9441728     0.011201351     0.021708885     -0.24688469
           0.13           0.032           0.032       1.7057752     0.015929929     0.026989535     -0.25363569
           0.13           0.036           0.032       1.4582942     0.018376266     0.028962802     -0.26004158
           0.13            0.04           0.032       1.2157086     0.018099345     0.028970618     -0.26585735
           0.13           0.044           0.032      0.98387618     0.014977431     0.027966082     -0.27091288
           0.13           0.048           0.032      0.76695624    0.0093727115     0.026452695     -0.27490971
           0.13           0.052           0.032      0.56667482    0.0021764564     0.025082355     -0.27726879
           0.13           0.056           0.032       0.3870254   -0.0050263781     0.024916585     -0.27826405
           0.13            0.06           0.032      0.23775371    -0.010554244     0.026834128     -0.27863888
           0.13           0.064           0.032      0.12237109    -0.013680892     0.030926465      -0.2785687
           0.13           0.068           0.032     0.035322799    -0.014484069     0.036843294     -0.27811941
           0.13           0.072           0.032    -0.029211178    -0.013383911     0.044243435     -0.27757186
           0.13           0.076           0.032     -0.07604039    -0.011091575      0.05285522     -0.27724374
           0.13            0.08           0.032      -0.1089476   -0.0083297483     0.062634039     -0.27721532
           0.13           0.084           0.032      -0.1297036   -0.0056560828     0.073536653     -0.27742992
           0.13           0.088           0.032     -0.13853841   -0.0035558261     0.085152257     -0.27780511
           0.13           0.092           0.032     -0.13548023   -0.0028155387      0.09594668     -0.27823828
           0.13           0.096           0.032     -0.12569142    -0.002682574     0.099745166     -0.27848385
           0.13             0.1           0.032               0               0               0     -0.27851228
           0.13          -0.096           0.036     -0.28316615    0.0027038989     0.089099995      -0.2746408
           0.13            -0.1           0.036               0               0               0     -0.27494664
           0.13          -0.092           0.036     -0.28172014    0.0033725398     0.076518993     -0.27427694
           0.13          -0.088           0.036     -0.26511066    0.0049126565     0.060395206     -0.27422653
           0.13          -0.084           0.036      -0.2404596     0.006680696     0.046734416     -0.27437298
           0.13           -0.08           0.036     -0.20842816    0.0087427222     0.035732651     -0.27476331
           0.13          -0.076           0.036     -0.16811351     0.011051566      0.02724234     -0.27539409
           0.13          -0.072           0.036     -0.11741486     0.013436757     0.021203545     -0.27628581
           0.13          -0.068           0.036    -0.052805816     0.015476855     0.017671167     -0.27737486
           0.13          -0.064           0.036     0.030213697     0.016592179     0.016789121     -0.27840867
           0.13           -0.06           0.036      0.13627927     0.016288342     0.018507144     -0.27900485
           0.13          -0.056           0.036      0.27023976     0.014165403     0.022461291     -0.27899192
           0.13          -0.052           0.036      0.43201777    0.0098340053     0.027883631     -0.27856415
           0.13          -0.048           0.036      0.61467551    0.0037324107     0.033492928     -0.27720583
           0.13          -0.044           0.036      0.81374578   -0.0031235101     0.038279236     -0.27412635
           0.13           -0.04           0.036       1.0279122   -0.0097493943     0.041705648     -0.26961075
           0.13          -0.036           0.036       1.2544965    -0.015179233     0.043351135     -0.26411135
           0.13          -0.032           0.036       1.4904809    -0.018954102     0.042762534     -0.25795999
           0.13          -0.028           0.036       1.7306525    -0.020429196     0.038838612     -0.25118203
           0.13          -0.024           0.036       1.9549357    -0.020783235     0.030426054     -0.24428733
           0.13           -0.02           0.036        2.144997    -0.024438956     0.018290623     -0.23852986
           0.13          -0.016           0.036       2.2799578    -0.024907663    0.0061473388     -0.23465423
           0.13          -0.012           0.036       2.3395222    -0.020100896   -0.0036179367     -0.23202548
           0.13          -0.008           0.036       2.3503251    -0.015264884    -0.010702728     -0.23014177
           0.13          -0.004           0.036        2.349702   -0.0088095472    -0.014489532     -0.22915026
           0.13               0           0.036       2.3499982  -0.00099647511    -0.015256028     -0.22885979
           0.13           0.004           0.036       2.3530445    0.0062058891    -0.013561648     -0.22933649
           0.13           0.008           0.036       2.3540745     0.011290792   -0.0093535058     -0.23054632
           0.13           0.012           0.036       2.3395827      0.01463189   -0.0024169243     -0.23265366
           0.13           0.016           0.036       2.2701056     0.017742136    0.0066373258     -0.23552026
           0.13            0.02           0.036       2.1194462     0.016521685     0.017776634     -0.23969366
           0.13           0.024           0.036       1.9139565     0.014129274     0.028389681     -0.24584135
           0.13           0.028           0.036       1.6819937     0.015939864     0.034314376     -0.25291298
           0.13           0.032           0.036       1.4413644     0.017017035     0.035360067     -0.25966132
           0.13           0.036           0.036       1.2078575     0.016035313     0.033303493     -0.26576844
           0.13            0.04           0.036       0.9863839     0.013040237     0.029731939     -0.27117199
           0.13           0.044           0.036      0.77993524    0.0081374474     0.025624984     -0.27557707
           0.13           0.048           0.036      0.58942159    0.0020334464     0.021712365     -0.27843404
           0.13           0.052           0.036      0.41455617   -0.0042715368     0.018738345     -0.27968707
           0.13           0.056           0.036      0.26081764   -0.0096310479     0.017645787     -0.28016685
           0.13            0.06           0.036      0.13521796    -0.013342415      0.01911802     -0.28020975
           0.13           0.064           0.036     0.036412681    -0.015324618     0.023127917     -0.27973874
           0.13           0.068           0.036    -0.040623243    -0.015638101     0.029385789      -0.2789272
           0.13           0.072           0.036    -0.099727467    -0.014580443     0.037534133     -0.27809862
           0.13           0.076           0.036     -0.14457937    -0.012652886     0.047205826     -0.27751424
           0.13            0.08           0.036     -0.17804629    -0.010364388     0.058226528     -0.27723578
           0.13           0.084           0.036     -0.20158052    -0.008077838     0.070503484     -0.27722455
           0.13           0.088           0.036      -0.2154574   -0.0061034755     0.083750337     -0.27743155
           0.13           0.092           0.036     -0.21932175   -0.0048987514     0.096537627     -0.27775853
           0.13           0.096           0.036     -0.21416816   -0.0042008643      0.10171525     -0.27806865
           0.13             0.1           0.036               0               0               0     -0.27820412
           0.13          -0.096            0.04     -0.34120289    0.0038652476     0.085665898     -0.27314657
           0.13            -0.1            0.04               0               0               0     -0.27349376
           0.13          -0.092            0.04     -0.33529083    0.0042708132     0.071422793      -0.2729231
           0.13          -0.088            0.04     -0.31503327     0.005028875     0.054149737     -0.27319991
           0.13          -0.084            0.04     -0.28923777    0.0054758419     0.039460417      -0.2736358
           0.13           -0.08            0.04     -0.25784726    0.0061538304     0.027276446     -0.27429785
           0.13          -0.076            0.04     -0.21968674    0.0071351522     0.017463928     -0.27517367
           0.13          -0.072            0.04     -0.17287539    0.0083875942     0.010095793     -0.27629298
           0.13          -0.068            0.04     -0.11459557    0.0096730558    0.0054169181     -0.27761767
           0.13          -0.064            0.04    -0.041189856     0.010619902     0.003765509     -0.27895337
           0.13           -0.06            0.04     0.050861077     0.010844969    0.0052782779     -0.27998151
           0.13          -0.056            0.04      0.16491801     0.010066458    0.0096872193     -0.28040422
           0.13          -0.052            0.04      0.30279449    0.0078335218     0.016289148     -0.28028798
           0.13          -0.048            0.04      0.46071781    0.0038290141     0.023902247     -0.27954169
           0.13          -0.044            0.04      0.63411551   -0.0017266138     0.031525987     -0.27737176
           0.13           -0.04            0.04       0.8224049   -0.0080805671     0.038420468     -0.27356701
           0.13          -0.036            0.04       1.0247863    -0.014270833     0.043895503     -0.26854394
           0.13          -0.032            0.04       1.2396146    -0.019720647     0.047395958     -0.26266307
           0.13          -0.028            0.04       1.4662651    -0.023790517     0.048075428     -0.25604449
           0.13          -0.024            0.04       1.7049892    -0.026736527     0.043591348     -0.24905788
           0.13           -0.02            0.04       1.9579633    -0.029258032     0.030822016     -0.24276145
           0.13          -0.016            0.04       2.1597631    -0.027418584     0.012573502     -0.23869962
           0.13          -0.012            0.04       2.2449814    -0.022556129   -0.0023166766     -0.23650728
           0.13          -0.008            0.04       2.2540798    -0.017615316    -0.011315362     -0.23510473
           0.13          -0.004            0.04       2.2446156    -0.010249738    -0.016536714     -0.23448207
           0.13               0            0.04       2.2435114   -0.0010457969    -0.017572241     -0.23432784
           0.13           0.004            0.04       2.2549842    0.0071586121    -0.014515659     -0.23465232
           0.13           0.008            0.04       2.2656481     0.012282585   -0.0082647378     -0.23549084
           0.13           0.012            0.04       2.2459694     0.014909161    0.0012249166     -0.23717768
           0.13           0.016            0.04       2.1390842     0.018075034     0.015902591     -0.23982024
           0.13            0.02            0.04       1.9162067     0.019839509     0.032294561     -0.24461547
           0.13           0.024            0.04       1.6527018     0.019012861     0.041874757     -0.25158845
           0.13           0.028            0.04       1.4111715     0.018380641     0.042984867     -0.25873181
           0.13           0.032            0.04       1.1853706     0.016774573      0.03931945     -0.26523041
           0.13           0.036            0.04      0.97349999     0.013692467     0.033366274      -0.2709138
           0.13            0.04            0.04      0.77616657    0.0092416236     0.026444024     -0.27570185
           0.13           0.044            0.04      0.59423599    0.0037979642     0.019599216     -0.27913206
           0.13           0.048            0.04      0.42687771   -0.0018452425     0.013655513     -0.28083774
           0.13           0.052            0.04      0.27529465   -0.0068502372    0.0094439091      -0.2814279
           0.13           0.056            0.04      0.14546346    -0.010714182    0.0078303493     -0.28155302
           0.13            0.06            0.04     0.039817811    -0.013411752     0.009217923     -0.28114711
           0.13           0.064            0.04    -0.045151207    -0.014947025     0.013508403     -0.28025347
           0.13           0.068            0.04     -0.11295159    -0.015337068     0.020403048     -0.27913136
           0.13           0.072            0.04     -0.16648124    -0.014794004      0.02945457     -0.27806468
           0.13           0.076            0.04     -0.20865935    -0.013656392     0.040213669      -0.2772451
           0.13            0.08            0.04     -0.24165609     -0.01224335     0.052416211     -0.27671067
           0.13           0.084            0.04     -0.26674995    -0.010727963     0.065926844     -0.27643185
           0.13           0.088            0.04     -0.28445313   -0.0092255848     0.080571397     -0.27640559
           0.13           0.092            0.04     -0.29456011   -0.0077024051     0.095126328     -0.27654772
           0.13           0.096            0.04     -0.29438007     -0.00618353      0.10151344     -0.27689804
           0.13             0.1            0.04               0               0               0     -0.27715994
           0.13          -0.096           0.044     -0.38495568    0.0046961017     0.079262384     -0.27153754
           0.13            -0.1           0.044               0               0               0      -0.2718676
           0.13          -0.092           0.044     -0.37873034    0.0047086744     0.064858338     -0.27148849
           0.13          -0.088           0.044      -0.3585886     0.004504762      0.04727251     -0.27204831
           0.13          -0.084           0.044     -0.33389892     0.003561236     0.031893847      -0.2727218
           0.13           -0.08           0.044     -0.30447126      0.00271075     0.018644575     -0.27358698
           0.13          -0.076           0.044     -0.26920646     0.002115784    0.0075068961     -0.27462115
           0.13          -0.072           0.044     -0.22643444    0.0018816599   -0.0012781722     -0.27586739
           0.13          -0.068           0.044     -0.17386674    0.0019344046   -0.0072893674     -0.27732936
           0.13          -0.064           0.044     -0.10875819    0.0020726013     -0.01006896     -0.27886267
           0.13           -0.06           0.044     -0.02830107    0.0020420924   -0.0093130662     -0.28019109
           0.13          -0.056           0.044     0.069802447    0.0016265632   -0.0051320536     -0.28101088
           0.13          -0.052           0.044      0.18743255    0.0005337691    0.0019273607     -0.28121578
           0.13          -0.048           0.044       0.3237251   -0.0017559042     0.010912419     -0.28085705
           0.13          -0.044           0.044      0.47484998   -0.0056170626     0.020740911     -0.27940644
           0.13           -0.04           0.044      0.63916314    -0.010766596     0.030439025     -0.27634971
           0.13          -0.036           0.044      0.81669367    -0.016446146      0.03915138     -0.27189334
           0.13          -0.032           0.044       1.0069583    -0.022004547     0.046168744     -0.26642111
           0.13          -0.028           0.044       1.2110015    -0.026732793     0.050707458     -0.26012615
           0.13          -0.024           0.044       1.4330003    -0.030100183     0.050712309     -0.25346957
           0.13           -0.02           0.044       1.6759162    -0.031134041      0.04254997     -0.24728131
           0.13          -0.016           0.044       1.8905033    -0.028165017     0.025299301     -0.24284959
           0.13          -0.012           0.044        2.002217    -0.023356755    0.0069056251     -0.24042464
           0.13          -0.008           0.044       2.0159258    -0.018315652   -0.0062914225     -0.23947447
           0.13          -0.004           0.044       1.9951985    -0.011047778    -0.014312205      -0.2394296
           0.13               0           0.044       1.9916597   -0.0019219182     -0.01571602     -0.23944929
           0.13           0.004           0.044       2.0161584    0.0059953939    -0.010309347     -0.23945932
           0.13           0.008           0.044       2.0376442     0.010517561    8.718613e-05     -0.23981663
           0.13           0.012           0.044       2.0027679     0.012915608      0.01425197      -0.2414331
           0.13           0.016           0.044       1.8612977     0.016531129     0.031543238     -0.24475043
           0.13            0.02           0.044       1.6260243     0.020221966     0.045134087     -0.25022095
           0.13           0.024           0.044       1.3752552     0.021065053     0.048852063      -0.2571426
           0.13           0.028           0.044       1.1514012     0.019835697      0.04515766     -0.26392963
           0.13           0.032           0.044      0.94818452     0.017160452     0.037740288     -0.27002232
           0.13           0.036           0.044      0.76073412      0.01324784     0.028659259     -0.27510648
           0.13            0.04           0.044      0.58737186    0.0085142474     0.019155679     -0.27899464
           0.13           0.044           0.044       0.4272971     0.003504596     0.010282181     -0.28130676
           0.13           0.048           0.044        0.280809   -0.0011267266    0.0029517842     -0.28219962
           0.13           0.052           0.044      0.15128512   -0.0049777127   -0.0019208751     -0.28238629
           0.13           0.056           0.044     0.042107993   -0.0080604238   -0.0036278974     -0.28209829
           0.13            0.06           0.044    -0.047866059    -0.010478356   -0.0019686329     -0.28127364
           0.13           0.064           0.044     -0.12152286    -0.012191111    0.0029176183     -0.28008178
           0.13           0.068           0.044     -0.18123197    -0.013206025     0.010662335     -0.27875685
           0.13           0.072           0.044     -0.22957082    -0.013625962     0.020696367     -0.27752278
           0.13           0.076           0.044     -0.26881136     -0.01362999     0.032501929     -0.27651815
           0.13            0.08           0.044      -0.3005957    -0.013377196     0.045734374     -0.27575967
           0.13           0.084           0.044     -0.32607378    -0.012869879      0.06019334     -0.27522081
           0.13           0.088           0.044     -0.34597703    -0.012036941     0.075726578     -0.27494517
           0.13           0.092           0.044      -0.3603394     -0.01031902     0.091266803     -0.27486795
           0.13           0.096           0.044     -0.36322393   -0.0078893086      0.09793438     -0.27522008
           0.13             0.1           0.044               0               0               0     -0.27559133
           0.13          -0.096           0.048     -0.41950981    0.0048222067     0.070539438     -0.27001871
           0.13            -0.1           0.048               0               0               0     -0.27026953
           0.13          -0.092           0.048     -0.41662681    0.0044588118     0.057321645     -0.27013942
           0.13          -0.088           0.048      -0.3991869    0.0032905993     0.040132427     -0.27087983
           0.13          -0.084           0.048     -0.37692226    0.0010461424     0.024441096     -0.27170989
           0.13           -0.08           0.048     -0.35006894   -0.0013554815     0.010359453     -0.27268389
           0.13          -0.076           0.048     -0.31774072   -0.0036473958   -0.0019368286     -0.27377225
           0.13          -0.072           0.048     -0.27845319   -0.0055880404    -0.012029635     -0.27503335
           0.13          -0.068           0.048     -0.23045638   -0.0071163216    -0.019378736     -0.27650623
           0.13          -0.064           0.048     -0.17188742   -0.0083110498    -0.023450888     -0.27809686
           0.13           -0.06           0.048     -0.10069545   -0.0092864603    -0.023825011     -0.27957763
           0.13          -0.056           0.048    -0.015132513     -0.01018809    -0.020413178     -0.28067183
           0.13          -0.052           0.048     0.086061486    -0.011189085    -0.013593777     -0.28114186
           0.13          -0.048           0.048      0.20324112    -0.012632041   -0.0041131804      -0.2809588
           0.13          -0.044           0.048      0.33466969    -0.015012592    0.0070080308     -0.27997568
           0.13           -0.04           0.048      0.47804708    -0.018532537     0.018610541      -0.2777114
           0.13          -0.036           0.048      0.63223107    -0.022838011     0.029647459     -0.27397756
           0.13          -0.032           0.048       0.7969872     -0.02727571     0.039243004     -0.26905811
           0.13          -0.028           0.048      0.97301465    -0.030989349     0.046554081     -0.26329348
           0.13          -0.024           0.048       1.1611847    -0.032979974     0.049975665     -0.25719274
           0.13           -0.02           0.048       1.3563207      -0.0321547     0.046947847     -0.25158501
           0.13          -0.016           0.048       1.5248221     -0.02803227     0.035631895     -0.24751209
           0.13          -0.012           0.048       1.6149895    -0.022557983     0.019233257     -0.24527912
           0.13          -0.008           0.048       1.6208038    -0.017251408    0.0031278793     -0.24461802
           0.13          -0.004           0.048        1.593708    -0.011075707    -0.008106911     -0.24484253
           0.13               0           0.048        1.588954   -0.0041100825   -0.0097735211     -0.24503225
           0.13           0.004           0.048        1.619361    0.0019152018   -0.0011836635     -0.24505184
           0.13           0.008           0.048       1.6481655    0.0060029218      0.01378943     -0.24536317
           0.13           0.012           0.048       1.6185655    0.0096709194     0.029903455     -0.24698041
           0.13           0.016           0.048       1.4971955     0.015031751     0.043219739     -0.25041247
           0.13            0.02           0.048       1.3072437     0.020337219     0.049651406     -0.25566581
           0.13           0.024           0.048       1.1020873     0.022781491      0.04791344     -0.26202421
           0.13           0.028           0.048      0.91045321     0.022302006     0.040843799     -0.26827263
           0.13           0.032           0.048      0.73439992     0.019826712     0.030949985     -0.27367154
           0.13           0.036           0.048      0.57129479      0.01617946     0.019844602     -0.27781789
           0.13            0.04           0.048      0.41920318     0.012063704    0.0086926262     -0.28060042
           0.13           0.044           0.048      0.27889643    0.0080214008   -0.0013351024     -0.28202493
           0.13           0.048           0.048      0.15299921    0.0043715298   -0.0092056433      -0.2824999
           0.13           0.052           0.048     0.043637015    0.0011052698    -0.014092964     -0.28239873
           0.13           0.056           0.048    -0.049220792   -0.0019067247    -0.015510069     -0.28174794
           0.13            0.06           0.048     -0.12727125   -0.0046478136    -0.013330975     -0.28063504
           0.13           0.064           0.048      -0.1920405   -0.0070662933    -0.007712051     -0.27927035
           0.13           0.068           0.048     -0.24530602   -0.0091437562   0.00090215311     -0.27786011
           0.13           0.072           0.048     -0.28922846    -0.010869256      0.01187493     -0.27656323
           0.13           0.076           0.048     -0.32562945    -0.012256788     0.024589838     -0.27545334
           0.13            0.08           0.048     -0.35579141    -0.013304355     0.038592429     -0.27453882
           0.13           0.084           0.048     -0.38067909    -0.013867893     0.053575713     -0.27380002
           0.13           0.088           0.048     -0.40102952    -0.013707108      0.06927593      -0.2733143
           0.13           0.092           0.048     -0.41675655    -0.011897955     0.084607244     -0.27305455
           0.13           0.096           0.048     -0.41937774   -0.0086357727     0.090371278     -0.27336155
           0.13             0.1           0.048               0               0               0     -0.27377011
           0.13          -0.096           0.052     -0.45104042    0.0039413827     0.060781829     -0.26867372
           0.13            -0.1           0.052               0               0               0     -0.26875596
           0.13          -0.092           0.052     -0.45347213    0.0035701559     0.049308517     -0.26895924
           0.13          -0.088           0.052     -0.43974586    0.0015422417     0.033038078     -0.26974235
           0.13          -0.084           0.052     -0.42023023   -0.0018206425     0.017434551     -0.27063998
           0.13           -0.08           0.052     -0.39582913    -0.005698088    0.0028634326     -0.27162297
           0.13          -0.076           0.052     -0.36587043    -0.009689693    -0.010292375     -0.27266918
           0.13          -0.072           0.052     -0.32918591    -0.013450609    -0.021476187     -0.27385018
           0.13          -0.068           0.052     -0.28462735    -0.016810373    -0.030074976     -0.27521243
           0.13          -0.064           0.052     -0.23095683    -0.019710342    -0.035464884     -0.27670947
           0.13           -0.06           0.052     -0.16677171    -0.022139532    -0.037118457     -0.27818338
           0.13          -0.056           0.052    -0.090768048     -0.02414084    -0.034782407      -0.2793936
           0.13          -0.052           0.052   -0.0022119317    -0.025825735    -0.028666722     -0.28005916
           0.13          -0.048           0.052     0.099005534    -0.027349296    -0.019428209     -0.27997839
           0.13          -0.044           0.052        0.212516    -0.028995025   -0.0080010386     -0.27914931
           0.13           -0.04           0.052      0.33714273    -0.031080115    0.0044750187     -0.27744688
           0.13          -0.036           0.052      0.47063449    -0.033661487     0.016778888     -0.27453085
           0.13          -0.032           0.052      0.61112471    -0.036315464       0.0278159     -0.27034057
           0.13          -0.028           0.052      0.75769892    -0.038125427     0.036617565     -0.26523636
           0.13          -0.024           0.052      0.90780084    -0.037957189     0.041816251     -0.25983777
           0.13           -0.02           0.052       1.0515902    -0.034763365     0.041533162     -0.25489579
           0.13          -0.016           0.052       1.1627363    -0.028667277     0.034286322     -0.25138503
           0.13          -0.012           0.052       1.2110692    -0.021934287     0.020946747     -0.24971179
           0.13          -0.008           0.052       1.2007353    -0.016298377    0.0049709649     -0.24927062
           0.13          -0.004           0.052        1.173928    -0.011195371   -0.0071790679     -0.24941307
           0.13               0           0.052       1.1698575   -0.0063023963   -0.0085865554     -0.24973068
           0.13           0.004           0.052       1.1963774   -0.0018783562    0.0017043136     -0.25015081
           0.13           0.008           0.052       1.2275616    0.0024963857     0.018020413     -0.25075971
           0.13           0.012           0.052        1.218459      0.00820933     0.032871962     -0.25216446
           0.13           0.016           0.052        1.140525     0.015832869     0.042028521     -0.25520596
           0.13            0.02           0.052       1.0059592     0.022980172     0.044137181      -0.2600093
           0.13           0.024           0.052       0.8491224     0.026975909     0.039805947     -0.26575454
           0.13           0.028           0.052      0.69322354     0.027628281     0.031246929     -0.27122941
           0.13           0.032           0.052      0.54452901     0.026072381     0.020293752     -0.27563588
           0.13           0.036           0.052      0.40326102     0.023405154    0.0082819858     -0.27874972
           0.13            0.04           0.052      0.27082837     0.020333973   -0.0034948984       -0.280697
           0.13           0.044           0.052      0.15059647     0.017176366    -0.013721493     -0.28165277
           0.13           0.048           0.052     0.044153375      0.01398515    -0.021433389     -0.28190148
           0.13           0.052           0.052    -0.048957015     0.010659549    -0.025965141     -0.28155246
           0.13           0.056           0.052     -0.12956163    0.0071873229    -0.026863993     -0.28064935
           0.13            0.06           0.052     -0.19839283     0.003644054    -0.024003006     -0.27938047
           0.13           0.064           0.052     -0.25642103   0.00011423712    -0.017620587     -0.27795701
           0.13           0.068           0.052     -0.30502093    -0.003316266    -0.008232842     -0.27655981
           0.13           0.072           0.052     -0.34564779     -0.00655044    0.0035056307     -0.27529531
           0.13           0.076           0.052     -0.37969702   -0.0094437145     0.016887497     -0.27417412
           0.13            0.08           0.052     -0.40824702     -0.01181527     0.031307835     -0.27318972
           0.13           0.084           0.052     -0.43201994    -0.013391561     0.046309897     -0.27234181
           0.13           0.088           0.052     -0.45151284    -0.013786701     0.061428523     -0.27172267
           0.13           0.092           0.052     -0.46608032    -0.012026635     0.075445398     -0.27137693
           0.13           0.096           0.052      -0.4654263   -0.0080060988     0.079749784     -0.27158074
           0.13             0.1           0.052               0               0               0     -0.27190197
           0.13          -0.096           0.056     -0.48471613     0.002568083     0.051226482     -0.26745745
           0.13            -0.1           0.056               0               0               0     -0.26736253
           0.13          -0.092           0.056     -0.49282855    0.0023506033     0.041244382     -0.26787054
           0.13          -0.088           0.056      -0.4824441  -0.00038911878     0.026270045      -0.2686155
           0.13          -0.084           0.056     -0.46514115   -0.0046928282     0.011154985     -0.26951146
           0.13           -0.08           0.056     -0.44242479   -0.0099196439   -0.0035037502     -0.27043187
           0.13          -0.076           0.056     -0.41392092    -0.015553406    -0.017165773     -0.27136429
           0.13          -0.072           0.056     -0.37888566    -0.021176294     -0.02918031     -0.27238823
           0.13          -0.068           0.056      -0.3366342    -0.026505861      -0.0388542     -0.27354791
           0.13          -0.064           0.056     -0.28637076    -0.031336818    -0.045469346     -0.27483602
           0.13           -0.06           0.056     -0.22721285     -0.03553199    -0.048400314     -0.27616091
           0.13          -0.056           0.056     -0.15832787    -0.039022002    -0.047266055      -0.2773362
           0.13          -0.052           0.056    -0.079246007    -0.041829315    -0.042105005     -0.27811098
           0.13          -0.048           0.056    0.0098801622    -0.044031154    -0.033489924     -0.27820923
           0.13          -0.044           0.056       0.1084609    -0.045728727     -0.02239862     -0.27748828
           0.13           -0.04           0.056      0.21592982    -0.047074465   -0.0099629782     -0.27597011
           0.13          -0.036           0.056      0.33070748    -0.048215053      0.00260648     -0.27357162
           0.13          -0.032           0.056      0.44972691    -0.048996333     0.014035556     -0.27012787
           0.13          -0.028           0.056      0.56972546    -0.048741945     0.023154443     -0.26577687
           0.13          -0.024           0.056       0.6861625    -0.046466377     0.028688164     -0.26109118
           0.13           -0.02           0.056      0.78941914    -0.041371281     0.029097878     -0.25678666
           0.13          -0.016           0.056      0.86207656    -0.033692284     0.023084412     -0.25358539
           0.13          -0.012           0.056      0.88875089    -0.025381821     0.011107584     -0.25191216
           0.13          -0.008           0.056      0.87875322    -0.018254973   -0.0032589837     -0.25137477
           0.13          -0.004           0.056      0.86209975    -0.012210433    -0.013785467     -0.25140715
           0.13               0           0.056      0.85919907   -0.0066629438    -0.014723541      -0.2517894
           0.13           0.004           0.056      0.87380491   -0.0011641512   -0.0054259616     -0.25249883
           0.13           0.008           0.056      0.89450923    0.0050817264    0.0093179778      -0.2534787
           0.13           0.012           0.056      0.89096822     0.013046377     0.022876335     -0.25517862
           0.13           0.016           0.056      0.83943538      0.02226564     0.030794932     -0.25832434
           0.13            0.02           0.056      0.74485687     0.030268661     0.031900152     -0.26282065
           0.13           0.024           0.056      0.62730889     0.035119333     0.027247864     -0.26786719
           0.13           0.028           0.056      0.50272066     0.036846884     0.018746807     -0.27240581
           0.13           0.032           0.056      0.37801995     0.036498212    0.0078683896     -0.27587572
           0.13           0.036           0.056      0.25729138     0.034979526   -0.0040386206      -0.2783303
           0.13            0.04           0.056      0.14493474     0.032744011    -0.015544843     -0.27986006
           0.13           0.044           0.056     0.043269482     0.029947829     -0.02541924      -0.2805536
           0.13           0.048           0.056    -0.047897958     0.026636925    -0.032756422     -0.28055309
           0.13           0.052           0.056     -0.12901754     0.022817878     -0.03680055     -0.27994346
           0.13           0.056           0.056     -0.20026886     0.018520113    -0.037045071     -0.27888617
           0.13            0.06           0.056     -0.26202014     0.013835913    -0.033424636     -0.27759836
           0.13           0.064           0.056     -0.31508189    0.0089123994    -0.026297378     -0.27625723
           0.13           0.068           0.056     -0.36044048    0.0039299712    -0.016258847     -0.27498102
           0.13           0.072           0.056      -0.3989557  -0.00091359856   -0.0039975312     -0.27382693
           0.13           0.076           0.056     -0.43150898   -0.0053417393    0.0097302562     -0.27277412
           0.13            0.08           0.056        -0.45892   -0.0090048425     0.024175917     -0.27180301
           0.13           0.084           0.056     -0.48168418    -0.011515033     0.038704093     -0.27093183
           0.13           0.088           0.056     -0.49992951    -0.012400848     0.052660239     -0.27025401
           0.13           0.092           0.056     -0.51229498    -0.010902175     0.064745876     -0.26989258
           0.13           0.096           0.056     -0.50686206    -0.006491175     0.067870043     -0.26995906
           0.13             0.1           0.056               0               0               0     -0.27011887
           0.13          -0.096            0.06      -0.5237823    0.0014504505     0.042502779     -0.26627787
           0.13            -0.1            0.06               0               0               0     -0.26608862
           0.13          -0.092            0.06      -0.5368312    0.0011803896     0.033616626      -0.2667503
           0.13          -0.088            0.06     -0.52851334   -0.0021202711     0.020131228     -0.26744957
           0.13          -0.084            0.06     -0.51226269   -0.0072288914    0.0058447742      -0.2682984
           0.13           -0.08            0.06     -0.49006592    -0.013656289   -0.0085113651     -0.26911988
           0.13          -0.076            0.06     -0.46191464    -0.020829444    -0.022309161     -0.26990266
           0.13          -0.072            0.06     -0.42749136     -0.02827673    -0.034850039     -0.27072088
           0.13          -0.068            0.06     -0.38642396    -0.035604977    -0.045362207     -0.27162184
           0.13          -0.064            0.06     -0.33823813    -0.042466496    -0.053038447     -0.27262994
           0.13           -0.06            0.06     -0.28242241    -0.048584267    -0.057149535     -0.27370994
           0.13          -0.056            0.06     -0.21853492    -0.053766544    -0.057197571     -0.27473858
           0.13          -0.052            0.06     -0.14639324    -0.057924636    -0.053097052     -0.27550957
           0.13          -0.048            0.06    -0.066245776    -0.061079023    -0.045306179     -0.27577309
           0.13          -0.044            0.06     0.021157135    -0.063273705    -0.034802427     -0.27529631
           0.13           -0.04            0.06      0.11471681    -0.064528595    -0.022838128     -0.27396486
           0.13          -0.036            0.06      0.21307455    -0.064864521    -0.010684178     -0.27179518
           0.13          -0.032            0.06      0.31372975    -0.064184335   0.00037746536     -0.26881522
           0.13          -0.028            0.06      0.41264693    -0.062113369    0.0090987142     -0.26511974
           0.13          -0.024            0.06      0.50451913    -0.058031377     0.014235545     -0.26109879
           0.13           -0.02            0.06      0.58204654    -0.051431783     0.014569102     -0.25735474
           0.13          -0.016            0.06      0.63599984    -0.042570887    0.0093413574     -0.25446716
           0.13          -0.012            0.06      0.66186842    -0.032750354  -0.00063409165     -0.25275279
           0.13          -0.008            0.06      0.66936612    -0.023125203    -0.011800455     -0.25197849
           0.13          -0.004            0.06      0.67100658    -0.013893948    -0.019371202     -0.25184859
           0.13               0            0.06      0.66921662   -0.0048720669     -0.01997301     -0.25228267
           0.13           0.004            0.06      0.66541125    0.0043135017    -0.013209916     -0.25322995
           0.13           0.008            0.06      0.66175146     0.013823424   -0.0017698749     -0.25467821
           0.13           0.012            0.06      0.64700364      0.02370802    0.0095958365     -0.25682287
           0.13           0.016            0.06      0.60482377     0.033523008     0.016608899     -0.25999083
           0.13            0.02            0.06      0.53367159      0.04170183     0.017766551     -0.26407237
           0.13           0.024            0.06      0.44287168     0.047076519     0.013830048     -0.26837483
           0.13           0.028            0.06      0.34197966     0.049780113    0.0061577355     -0.27213489
           0.13           0.032            0.06      0.23801318     0.050503968   -0.0039611593     -0.27508421
           0.13           0.036            0.06      0.13680428     0.049780809    -0.015139417     -0.27720303
           0.13            0.04            0.06     0.041813827     0.047884183     -0.02609189     -0.27843679
           0.13           0.044            0.06    -0.045928454     0.045014241    -0.035597416     -0.27883523
           0.13           0.048            0.06     -0.12598538     0.041283616    -0.042534202     -0.27853653
           0.13           0.052            0.06      -0.1980891     0.036708132    -0.046004313     -0.27772965
           0.13           0.056            0.06     -0.26226977     0.031321657    -0.045526212     -0.27663718
           0.13            0.06            0.06     -0.31889418     0.025260825    -0.041155262     -0.27544827
           0.13           0.064            0.06     -0.36856029     0.018757559    -0.033356585     -0.27429117
           0.13           0.068            0.06      -0.4118756     0.012101586    -0.022814033     -0.27322156
           0.13           0.072            0.06     -0.44933193    0.0056161551    -0.010290008     -0.27224146
           0.13           0.076            0.06      -0.4813811  -0.00031335267    0.0034311709     -0.27131611
           0.13            0.08            0.06     -0.50850882   -0.0052182115     0.017516628     -0.27042255
           0.13           0.084            0.06     -0.53096918   -0.0086215866     0.031177706     -0.26958554
           0.13           0.088            0.06     -0.54850955    -0.010048924       0.0436556     -0.26890045
           0.13           0.092            0.06     -0.55913741   -0.0090382827     0.053719759     -0.26852929
           0.13           0.096            0.06     -0.54902748    -0.005002796     0.056226113     -0.26847015
           0.13             0.1            0.06               0               0               0     -0.26849643
           0.13          -0.096           0.064      -0.5690755   0.00089653161     0.034819579     -0.26507937
           0.13            -0.1           0.064               0               0               0      -0.2648585
           0.13          -0.092           0.064     -0.58590826   0.00032248983     0.026828979     -0.26556151
           0.13          -0.088           0.064     -0.57807793   -0.0034154151     0.014877694     -0.26621369
           0.13          -0.084           0.064     -0.56144024   -0.0091955098    0.0016909915     -0.26698773
           0.13           -0.08           0.064     -0.53847781    -0.016645934    -0.012007212     -0.26769496
           0.13          -0.076           0.064     -0.50955858    -0.025199641    -0.025581639     -0.26831707
           0.13          -0.072           0.064     -0.47471526    -0.034352084    -0.038323308     -0.26890926
           0.13          -0.068           0.064     -0.43380162    -0.043615244    -0.049406831     -0.26952529
           0.13          -0.064           0.064     -0.38656039     -0.05250936    -0.057945308     -0.27021762
           0.13           -0.06           0.064     -0.33271029     -0.06060528      -0.0631014     -0.27099964
           0.13          -0.056           0.064     -0.27205813    -0.067563608    -0.064252347     -0.27181085
           0.13          -0.052           0.064     -0.20464522    -0.073172514    -0.061192729     -0.27250116
           0.13          -0.048           0.064     -0.13087494    -0.077362602    -0.054292591     -0.27285163
           0.13          -0.044           0.064    -0.051560823    -0.080164488    -0.044490165     -0.27262445
           0.13           -0.04           0.064     0.032037133    -0.081578851    -0.033093174     -0.27162267
           0.13          -0.036           0.064       0.1182393     -0.08153488    -0.021517001     -0.26976292
           0.13          -0.032           0.064      0.20495005    -0.079902963    -0.011077117     -0.26710698
           0.13          -0.028           0.064      0.28913977    -0.076428402   -0.0029671545     -0.26383969
           0.13          -0.024           0.064      0.36671405    -0.070764021    0.0017006891     -0.26029907
           0.13           -0.02           0.064       0.4332684    -0.062680644    0.0020756354     -0.25695283
           0.13          -0.016           0.064      0.48548464    -0.052384616   -0.0019908932      -0.2542608
           0.13          -0.012           0.064      0.52405539    -0.040596459   -0.0091825514     -0.25247198
           0.13          -0.008           0.064      0.55277607    -0.028036172    -0.016540126      -0.2515169
           0.13          -0.004           0.064      0.57023881    -0.015164175    -0.021150005     -0.25131185
           0.13               0           0.064       0.5692676   -0.0020999693    -0.021535993     -0.25181668
           0.13           0.004           0.064      0.54975971     0.011136089    -0.017398351     -0.25297009
           0.13           0.008           0.064      0.52065214     0.024088507   -0.0097490344     -0.25474734
           0.13           0.012           0.064      0.48550092     0.036184646   -0.0013378324     -0.25718332
           0.13           0.016           0.064      0.43856387     0.046903388    0.0044579169     -0.26036626
           0.13            0.02           0.064      0.37577088     0.055501008    0.0057416605     -0.26412369
           0.13           0.024           0.064      0.29945399     0.061495625    0.0025870886     -0.26791925
           0.13           0.028           0.064      0.21475059     0.065037574   -0.0041337777     -0.27126239
           0.13           0.032           0.064      0.12710666      0.06647843    -0.013385528     -0.27391449
           0.13           0.036           0.064     0.040665671     0.066151818    -0.023955642     -0.27569601
           0.13            0.04           0.064     -0.04223813     0.064349093    -0.034544753     -0.27654414
           0.13           0.044           0.064     -0.12010484     0.061272693    -0.043773896     -0.27657516
           0.13           0.048           0.064     -0.19195233     0.056990614    -0.050309582     -0.27601009
           0.13           0.052           0.064     -0.25741005     0.051487861     -0.05318136     -0.27510788
           0.13           0.056           0.064     -0.31654475     0.044825052    -0.051988429     -0.27408393
           0.13            0.06           0.064     -0.36968875     0.037213878    -0.046906382     -0.27308366
           0.13           0.064           0.064     -0.41725458     0.028998886     -0.03852356     -0.27217654
           0.13           0.068           0.064     -0.45959077       0.0206032    -0.027632843     -0.27136148
           0.13           0.072           0.064     -0.49693192     0.012488105     -0.01508531     -0.27059746
           0.13           0.076           0.064     -0.52942624    0.0051327913   -0.0017070688     -0.26984078
           0.13            0.08           0.064     -0.55727762  -0.00094150319     0.011661466     -0.26906041
           0.13           0.084           0.064     -0.58046715   -0.0052216367     0.024183652     -0.26828596
           0.13           0.088           0.064     -0.59837853    -0.007287192     0.035093592     -0.26762118
           0.13           0.092           0.064     -0.60845385   -0.0069361948     0.043385422     -0.26722373
           0.13           0.096           0.064     -0.59456204   -0.0038116473      0.04571536     -0.26706924
           0.13             0.1           0.064               0               0               0     -0.26702262
           0.13          -0.096           0.068     -0.61918215    0.0009113503     0.028081937     -0.26382995
           0.13            -0.1           0.068               0               0               0     -0.26362845
           0.13          -0.092           0.068     -0.63889212  -0.00014947258     0.021034692     -0.26428189
           0.13          -0.088           0.068     -0.63016299     -0.00420841      0.01064184     -0.26489468
           0.13          -0.084           0.068     -0.61181172    -0.010508569   -0.0012145273     -0.26558905
           0.13           -0.08           0.068     -0.58693417     -0.01876507    -0.013934207     -0.26618173
           0.13          -0.076           0.068     -0.55627429    -0.028472223    -0.026943337     -0.26664459
           0.13          -0.072           0.068     -0.52012707    -0.039126434    -0.039553219     -0.26701123
           0.13          -0.068           0.068     -0.47851729    -0.050177611     -0.05091958     -0.26734156
           0.13          -0.064           0.068     -0.43132582    -0.061034453    -0.060098989     -0.26771272
           0.13           -0.06           0.068     -0.37838583    -0.071110052    -0.066153401      -0.2681826
           0.13          -0.056           0.068     -0.31959812    -0.079883217    -0.068323063     -0.26875251
           0.13          -0.052           0.068     -0.25508131    -0.086974359    -0.066257948     -0.26933367
           0.13          -0.048           0.068     -0.18531313     -0.09219706    -0.060222496     -0.26974008
           0.13          -0.044           0.068     -0.11118636    -0.095530484    -0.051129828     -0.26972362
           0.13           -0.04           0.068    -0.033958836    -0.097003864    -0.040332446     -0.26905076
           0.13          -0.036           0.068     0.044831423    -0.096563484    -0.029292347     -0.26758518
           0.13          -0.032           0.068      0.12344487    -0.094076225    -0.019366767      -0.2653268
           0.13          -0.028           0.068      0.19996132     -0.08935055    -0.011718742     -0.26243985
           0.13          -0.024           0.068      0.27238506    -0.082168689   -0.0072386399     -0.25925554
           0.13           -0.02           0.068      0.33896215    -0.072466469   -0.0064207755      -0.2561808
           0.13          -0.016           0.068      0.39894387    -0.060435302   -0.0090196418     -0.25358072
           0.13          -0.012           0.068      0.45221184    -0.046544215    -0.013607921     -0.25168184
           0.13          -0.008           0.068      0.49633277    -0.031397178    -0.017938932     -0.25056031
           0.13          -0.004           0.068      0.52356753    -0.015629253    -0.020404426     -0.25029697
           0.13               0           0.068      0.52341581   0.00055124498    -0.020652649      -0.2508651
           0.13           0.004           0.068      0.49470654     0.016921629    -0.018433819     -0.25218288
           0.13           0.008           0.068       0.4482785      0.03274634    -0.013629635     -0.25422719
           0.13           0.012           0.068      0.39407946     0.047177493   -0.0076832546     -0.25691829
           0.13           0.016           0.068      0.33479431     0.059457752   -0.0032253566     -0.26015482
           0.13            0.02           0.068      0.26934866     0.069149931   -0.0021754144     -0.26371774
           0.13           0.024           0.068      0.19750261     0.076131492   -0.0049381452      -0.2672163
           0.13           0.028           0.068      0.12118792       0.0805485    -0.011075017     -0.27025198
           0.13           0.032           0.068     0.043037022     0.082660887    -0.019836417     -0.27253599
           0.13           0.036           0.068     -0.03463519      0.08275207    -0.030140147     -0.27388787
           0.13            0.04           0.068     -0.10984982      0.08109616    -0.040596385     -0.27431384
           0.13           0.044           0.068     -0.18108201       0.0778348    -0.049650905      -0.2739994
           0.13           0.048           0.068     -0.24736644     0.072943791    -0.055833962      -0.2732269
           0.13           0.052           0.068     -0.30833587     0.066390247    -0.058136716      -0.2722891
           0.13           0.056           0.068     -0.36410506     0.058288938    -0.056241958     -0.27139192
           0.13            0.06           0.068     -0.41503315     0.048973342     -0.05048284     -0.27062967
           0.13           0.064           0.068     -0.46148863      0.03894804    -0.041609283     -0.27000527
           0.13           0.068           0.068      -0.5037039     0.028796525    -0.030537737     -0.26946527
           0.13           0.072           0.068     -0.54174408     0.019109766    -0.018194692     -0.26893643
           0.13           0.076           0.068     -0.57553629     0.010441582   -0.0054446939     -0.26836283
           0.13            0.08           0.068     -0.60501131    0.0033134233    0.0069092329     -0.26770913
           0.13           0.084           0.068     -0.62991569   -0.0018018936     0.018103394     -0.26700922
           0.13           0.088           0.068     -0.64930595    -0.004575121      0.02746789     -0.26637001
           0.13           0.092           0.068     -0.65997422   -0.0049830593     0.034312029     -0.26593427
           0.13           0.096           0.068     -0.64299211   -0.0029335495     0.036603043      -0.2657103
           0.13             0.1           0.068               0               0               0     -0.26563175
           0.13          -0.096           0.072     -0.67108106     0.001142501     0.021999174     -0.26253635
           0.13            -0.1           0.072               0               0               0     -0.26236697
           0.13          -0.092           0.072      -0.6933856  -0.00036416614     0.016182728     -0.26294658
           0.13          -0.088           0.072     -0.68289948   -0.0046295173    0.0074208077     -0.26352266
           0.13          -0.084           0.072     -0.66193377     -0.01125654   -0.0029052742     -0.26414189
           0.13           -0.08           0.072      -0.6343537    -0.020048335    -0.014362516     -0.26462552
           0.13          -0.076           0.072     -0.60127612    -0.030603293    -0.026476468      -0.2649377
           0.13          -0.072           0.072     -0.56320067    -0.042466123    -0.038608603     -0.26509518
           0.13          -0.068           0.072     -0.52029265    -0.055074062     -0.04993513     -0.26516174
           0.13          -0.064           0.072     -0.47252574    -0.067762135     -0.05949524     -0.26523399
           0.13           -0.06           0.072     -0.41976654    -0.079796515    -0.066280376     -0.26540957
           0.13          -0.056           0.072     -0.36187729    -0.090442429    -0.069400137     -0.26574916
           0.13          -0.052           0.072     -0.29888102    -0.099080367    -0.068332885     -0.26622823
           0.13          -0.048           0.072       -0.231162     -0.10532785    -0.063190812     -0.26669908
           0.13          -0.044           0.072     -0.15957759     -0.10907262     -0.05482774     -0.26690195
           0.13           -0.04           0.072    -0.085358968     -0.11036383    -0.044642644     -0.26655278
           0.13          -0.036           0.072   -0.0098309527     -0.10923878    -0.034163492     -0.26546517
           0.13          -0.032           0.072     0.065837476     -0.10564432    -0.024728224     -0.26361164
           0.13          -0.028           0.072      0.14069372     -0.09951481    -0.017406243     -0.26111659
           0.13          -0.024           0.072      0.21407722    -0.090794148    -0.012920653     -0.25825546
           0.13           -0.02           0.072      0.28560363    -0.079502719    -0.011505307     -0.25537451
           0.13          -0.016           0.072       0.3545537    -0.065815647    -0.012726687     -0.25277041
           0.13          -0.012           0.072      0.41844694    -0.050119208    -0.015254783     -0.25071683
           0.13          -0.008           0.072      0.47153493    -0.033024582    -0.017359801     -0.24945685
           0.13          -0.004           0.072      0.50422617    -0.015280039    -0.018253641     -0.24916852
           0.13               0           0.072      0.50522448     0.002900103    -0.018346179      -0.2497976
           0.13           0.004           0.072      0.47257174     0.021305819    -0.017429987     -0.25124814
           0.13           0.008           0.072      0.41677037     0.039193488    -0.014609962     -0.25354192
           0.13           0.012           0.072      0.34963327     0.055613812    -0.010475382     -0.25652468
           0.13           0.016           0.072      0.27837258     0.069608091   -0.0071573239     -0.25988231
           0.13            0.02           0.072      0.20568002     0.080770191    -0.006495632     -0.26332247
           0.13           0.024           0.072      0.13187247      0.08908118   -0.0091608639     -0.26656136
           0.13           0.028           0.072     0.057160019     0.094691035    -0.015051424     -0.26925519
           0.13           0.032           0.072    -0.017668627     0.097792154    -0.023603523     -0.27112936
           0.13           0.036           0.072    -0.091458086     0.098609425     -0.03380734     -0.27206016
           0.13            0.04           0.072     -0.16289021     0.097346538     -0.04424346     -0.27208565
           0.13           0.044           0.072     -0.23067615     0.094013209    -0.053206544     -0.27142828
           0.13           0.048           0.072     -0.29387784     0.088490133    -0.059062929     -0.27044568
           0.13           0.052           0.072     -0.35217845     0.080739137    -0.060767141     -0.26947879
           0.13           0.056           0.072     -0.40585849     0.070998524    -0.058137155      -0.2687215
           0.13            0.06           0.072     -0.45548254      0.05981322    -0.051726226     -0.26820619
           0.13           0.064           0.072     -0.50154278     0.047910613    -0.042477425     -0.26786461
           0.13           0.068           0.072     -0.54426697     0.036049635    -0.031423776     -0.26759287
           0.13           0.072           0.072     -0.58361056     0.024925156    -0.019534143     -0.26729187
           0.13           0.076           0.072     -0.61932765     0.015122912   -0.0076640566     -0.26689425
           0.13            0.08           0.072     -0.65107456    0.0071195293    0.0034502181     -0.26636879
           0.13           0.084           0.072     -0.67836962    0.0012841247     0.013177986     -0.26574665
           0.13           0.088           0.072      -0.6999968   -0.0021749021     0.021028036      -0.2651274
           0.13           0.092           0.072     -0.71201475   -0.0033562816     0.026618689     -0.26465509
           0.13           0.096           0.072     -0.69228148   -0.0022741901     0.028705453     -0.26437097
           0.13             0.1           0.072               0               0               0     -0.26426514
           0.13          -0.096           0.076      -0.7214758    0.0012199481     0.016405981     -0.26123846
           0.13            -0.1           0.076               0               0               0     -0.26108782
           0.13          -0.092           0.076     -0.74642043    -0.000582154     0.012090548     -0.26162153
           0.13          -0.088           0.076     -0.73390373   -0.0049412616    0.0050745614     -0.26216178
           0.13          -0.084           0.076      -0.7100048    -0.011662824   -0.0035544275     -0.26270972
           0.13           -0.08           0.076     -0.67942985    -0.020668178    -0.013502306     -0.26309263
           0.13          -0.076           0.076     -0.64364346    -0.031693139    -0.024399727      -0.2632699
           0.13          -0.072           0.076      -0.6033344     -0.04438248    -0.035683792     -0.26324883
           0.13          -0.068           0.076     -0.55880981    -0.058223336    -0.046590996     -0.26309431
           0.13          -0.064           0.076     -0.51013137    -0.072538539    -0.056194616     -0.26291536
           0.13           -0.06           0.076     -0.45716297    -0.086490455    -0.063473969     -0.26284061
           0.13          -0.056           0.076     -0.39963121    -0.099123534    -0.067454571     -0.26298184
           0.13          -0.052           0.076     -0.33729709     -0.10949568    -0.067448025     -0.26337601
           0.13          -0.048           0.076     -0.27025568     -0.11689496    -0.063364021     -0.26391986
           0.13          -0.044           0.076     -0.19918476     -0.12101365    -0.055923006     -0.26434851
           0.13           -0.04           0.076     -0.12526904     -0.12191226    -0.046518001     -0.26432282
           0.13          -0.036           0.076    -0.049770396     -0.11980354    -0.036734252     -0.26359403
           0.13          -0.032           0.076     0.026434729     -0.11484464    -0.027903714     -0.26209613
           0.13          -0.028           0.076      0.10291514     -0.10719667    -0.020997718     -0.25992357
           0.13          -0.024           0.076       0.1796513    -0.096969236    -0.016582757     -0.25730306
           0.13           -0.02           0.076       0.2568129    -0.084206877    -0.014680278     -0.25452529
           0.13          -0.016           0.076      0.33333355    -0.068991886    -0.014731713     -0.25185513
           0.13          -0.012           0.076      0.40475237    -0.051734135    -0.015573583     -0.24963098
           0.13          -0.008           0.076      0.46331911    -0.033203235    -0.015923466     -0.24825205
           0.13          -0.004           0.076      0.49938977    -0.014183561    -0.015564884     -0.24796202
           0.13               0           0.076      0.50202209    0.0051513173    -0.015473812     -0.24864609
           0.13           0.004           0.076      0.46863973     0.024714516    -0.015519514     -0.25020977
           0.13           0.008           0.076      0.40830172     0.044002154     -0.01425114     -0.25275213
           0.13           0.012           0.076      0.33269104     0.062080786    -0.011584813     -0.25605896
           0.13           0.016           0.076      0.25207744     0.077669518   -0.0091951275     -0.25962026
           0.13            0.02           0.076      0.17212583     0.090253891   -0.0088399577     -0.26303951
           0.13           0.024           0.076     0.093827927     0.099966195    -0.011401072     -0.26607863
           0.13           0.028           0.076      0.01690473      0.10698413    -0.017035058     -0.26847433
           0.13           0.032           0.076    -0.058661717      0.11138811    -0.025356058     -0.26999288
           0.13           0.036           0.076     -0.13246091      0.11328151    -0.035440991     -0.27052437
           0.13            0.04           0.076     -0.20359286      0.11270047    -0.045818239     -0.27012938
           0.13           0.044           0.076     -0.27080003      0.10941723    -0.054597197     -0.26909641
           0.13           0.048           0.076     -0.33304506       0.1031547    -0.059976399     -0.26787846
           0.13           0.052           0.076     -0.39009936     0.093928685    -0.060928608      -0.2668688
           0.13           0.056           0.076     -0.44259725     0.082251536    -0.057491984     -0.26623784
           0.13            0.06           0.076     -0.49152509     0.069016193    -0.050490091     -0.26594729
           0.13           0.064           0.076     -0.53765209     0.055227905    -0.041051448     -0.26585799
           0.13           0.068           0.076     -0.58127762     0.041802451    -0.030280799     -0.26582013
           0.13           0.072           0.076     -0.62227383     0.029483616    -0.019133627     -0.26571495
           0.13           0.076           0.076     -0.66022917     0.018826978   -0.0083995057     -0.26546965
           0.13            0.08           0.076     -0.69455662      0.01021211    0.0012912511     -0.26505957
           0.13           0.084           0.076     -0.72450972    0.0038650276    0.0094568241     -0.26450938
           0.13           0.088           0.076      -0.7486208  -0.00014552712     0.015797815     -0.26390502
           0.13           0.092           0.076     -0.76219561   -0.0020134307     0.020162473     -0.26339822
           0.13           0.096           0.076     -0.73953795   -0.0016812119     0.021753368     -0.26305851
           0.13             0.1           0.076               0               0               0     -0.26292492
           0.13          -0.096            0.08     -0.76723442   0.00083936892     0.011240403     -0.25999991
           0.13            -0.1            0.08               0               0               0     -0.25984962
           0.13          -0.092            0.08     -0.79500168   -0.0010817587    0.0085595576     -0.26038097
           0.13          -0.088            0.08      -0.7807287   -0.0054268141    0.0033734304     -0.26089092
           0.13          -0.084            0.08     -0.75415366    -0.012006715   -0.0034478222     -0.26137096
           0.13           -0.08            0.08     -0.72077124    -0.020883962    -0.011686089     -0.26166587
           0.13          -0.076            0.08     -0.68236708    -0.031958216    -0.021061362     -0.26173417
           0.13          -0.072            0.08     -0.63983592    -0.045020147    -0.031103905     -0.26158008
           0.13          -0.068            0.08     -0.59365851    -0.059673201    -0.041142932     -0.26126693
           0.13          -0.064            0.08       -0.544023    -0.075311309     -0.05033729     -0.26090912
           0.13           -0.06            0.08     -0.49081112     -0.09108042    -0.057733583     -0.26065415
           0.13          -0.056            0.08     -0.43356735     -0.10585139    -0.062372954     -0.26064834
           0.13          -0.052            0.08     -0.37163211     -0.11830052    -0.063473901     -0.26097656
           0.13          -0.048            0.08     -0.30457267     -0.12720451    -0.060727777     -0.26157917
           0.13          -0.044            0.08      -0.2327068     -0.13186076     -0.05461468     -0.26219633
           0.13           -0.04            0.08     -0.15719189      -0.1322776    -0.046395946     -0.26244281
           0.13          -0.036            0.08    -0.079467722     -0.12894534     -0.03763152     -0.26200865
           0.13          -0.032            0.08  -0.00053720441     -0.12241055    -0.029633835     -0.26078268
           0.13          -0.028            0.08     0.079174662     -0.11318089    -0.023310319     -0.25883194
           0.13          -0.024            0.08       0.1598916     -0.10152146    -0.019118292     -0.25634675
           0.13           -0.02            0.08      0.24219675    -0.087398807    -0.016906838     -0.25359312
           0.13          -0.016            0.08      0.32481121     -0.07075328    -0.015992874     -0.25084707
           0.13          -0.012            0.08       0.4018393    -0.052055144    -0.015367435      -0.2484926
           0.13          -0.008            0.08      0.46423672    -0.032302395    -0.014169575     -0.24702147
           0.13          -0.004            0.08      0.50282055    -0.012381749    -0.012679472      -0.2467261
           0.13               0            0.08      0.50751729    0.0075717042    -0.012378495     -0.24745616
           0.13           0.004            0.08      0.47539642     0.027726594    -0.013271274     -0.24913575
           0.13           0.008            0.08      0.41378796     0.047976141    -0.013457389     -0.25190001
           0.13           0.012            0.08      0.33311634     0.067438857    -0.012182217     -0.25546943
           0.13           0.016            0.08      0.24544228     0.084443165    -0.010626667     -0.25924885
           0.13            0.02            0.08      0.15910785     0.098298583    -0.010467393     -0.26276416
           0.13           0.024            0.08     0.075867679      0.10927527    -0.012785132     -0.26573388
           0.13           0.028            0.08   -0.0049084435      0.11765174    -0.018002835     -0.26793681
           0.13           0.032            0.08    -0.083683084      0.12349224    -0.025919629     -0.26917827
           0.13           0.036            0.08      -0.1603663      0.12672392    -0.035653292     -0.26935588
           0.13            0.04            0.08     -0.23408066      0.12705838    -0.045647748     -0.26856598
           0.13           0.044            0.08     -0.30319298       0.1238324    -0.053844632     -0.26717709
           0.13           0.048            0.08     -0.36625947       0.1165182    -0.058359482     -0.26573464
           0.13           0.052            0.08     -0.42312098      0.10533325    -0.058314531     -0.26467325
           0.13           0.056            0.08     -0.47499535     0.091324492    -0.054055499     -0.26413396
           0.13            0.06            0.08      -0.5235448     0.075894806    -0.046659584     -0.26401326
           0.13           0.064            0.08     -0.56995595       0.0603345    -0.037357522     -0.26411214
           0.13           0.068            0.08     -0.61463782     0.045637996    -0.027238181     -0.26424489
           0.13           0.072            0.08      -0.6573726     0.032505888    -0.017177228     -0.26427985
           0.13           0.076            0.08     -0.69756896     0.021387443   -0.0078493201     -0.26414469
           0.13            0.08            0.08     -0.73441427     0.012515325   0.00025003655     -0.26382059
           0.13           0.084            0.08     -0.76689226    0.0059474263    0.0067935219      -0.2633282
           0.13           0.088            0.08     -0.79324978    0.0016045574     0.011635222     -0.26273679
           0.13           0.092            0.08     -0.80805638  -0.00078561303     0.014750867     -0.26219313
           0.13           0.096            0.08     -0.78198037    -0.001119276     0.015587346     -0.26180186
           0.13             0.1            0.08               0               0               0     -0.26164664
           0.13          -0.096           0.084     -0.80459026   9.1791573e-05    0.0065803241     -0.25888737
           0.13            -0.1           0.084               0               0               0     -0.25871852
           0.13          -0.092           0.084      -0.8360504   -0.0020646396    0.0054865206     -0.25928835
           0.13          -0.088           0.084     -0.82100813   -0.0063197052    0.0020732348       -0.259774
           0.13          -0.084           0.084     -0.79252965    -0.012554333   -0.0029219516     -0.26019598
           0.13           -0.08           0.084     -0.75690951    -0.020986682   -0.0093151257     -0.26042568
           0.13          -0.076           0.084     -0.71629448    -0.031691675    -0.016899524     -0.26042779
           0.13          -0.072           0.084     -0.67182544    -0.044635845    -0.025307385     -0.26020431
           0.13          -0.068           0.084     -0.62420876    -0.059594303    -0.033976907     -0.25981481
           0.13          -0.064           0.084     -0.57383808     -0.07612232    -0.042185841     -0.25937365
           0.13           -0.06           0.084     -0.52070828    -0.093474379    -0.049124171     -0.25903419
           0.13          -0.056           0.084     -0.46422382     -0.11046832    -0.053991668     -0.25895329
           0.13          -0.052           0.084      -0.4031771     -0.12541604    -0.056088425     -0.25923761
           0.13          -0.048           0.084     -0.33627979     -0.13639754    -0.054966552     -0.25986125
           0.13          -0.044           0.084     -0.26313875     -0.14200107    -0.050757162     -0.26058155
           0.13           -0.04           0.084     -0.18478458     -0.14199709    -0.044364365     -0.26098868
           0.13          -0.036           0.084     -0.10309194     -0.13722764    -0.037131618     -0.26072717
           0.13          -0.032           0.084    -0.019663634     -0.12884182    -0.030287007     -0.25964929
           0.13          -0.028           0.084     0.064599139     -0.11786407    -0.024725385      -0.2578079
           0.13          -0.024           0.084       0.1497692      -0.1047845    -0.020900161     -0.25536383
           0.13           -0.02           0.084      0.23652433    -0.089449378    -0.018576945     -0.25256833
           0.13          -0.016           0.084      0.32344464    -0.071606094    -0.016975391     -0.24973604
           0.13          -0.012           0.084      0.40421192    -0.051644714    -0.015165388     -0.24729051
           0.13          -0.008           0.084      0.46950521     -0.03071726    -0.012565607     -0.24576293
           0.13          -0.004           0.084      0.51036295   -0.0099777454    -0.009937319     -0.24546432
           0.13   3.6346636e-19           0.084      0.51739074     0.010325571   -0.0094003659     -0.24623303
           0.13           0.004           0.084      0.48761844     0.030778488    -0.011157667     -0.24801685
           0.13           0.008           0.084      0.42714004     0.051687676    -0.012812502     -0.25094857
           0.13           0.012           0.084        0.345046     0.072067767    -0.012894054     -0.25470611
           0.13           0.016           0.084      0.25326386     0.090112894    -0.012109087     -0.25868675
           0.13            0.02           0.084      0.16169253      0.10503872    -0.012070704     -0.26237096
           0.13           0.024           0.084     0.073474269       0.1170933    -0.014015513     -0.26539959
           0.13           0.028           0.084    -0.012010765      0.12669133    -0.018623031     -0.26753788
           0.13           0.032           0.084    -0.095622569      0.13398098    -0.025855869     -0.26861327
           0.13           0.036           0.084     -0.17744886      0.13871676    -0.034787769     -0.26854698
           0.13            0.04           0.084     -0.25626792       0.1401199    -0.043741774     -0.26748054
           0.13           0.044           0.084     -0.32948855      0.13680901    -0.050606581     -0.26584528
           0.13           0.048           0.084     -0.39479119      0.12792263    -0.053669983     -0.26424465
           0.13           0.052           0.084     -0.45207708      0.11415919    -0.052431372      -0.2631317
           0.13           0.056           0.084     -0.50349037     0.097454837    -0.047563664     -0.26262399
           0.13            0.06           0.084      -0.5516794     0.079850212    -0.040233922     -0.26257957
           0.13           0.064           0.084     -0.59835737     0.062839636    -0.031593967     -0.26276583
           0.13           0.068           0.084     -0.64402602     0.047353116    -0.022607427     -0.26297621
           0.13           0.072           0.084     -0.68833665     0.033930814    -0.014020703       -0.263072
           0.13           0.076           0.084     -0.73049399      0.02284039   -0.0063692777     -0.26298461
           0.13            0.08           0.084     -0.76946498     0.014130639  -3.9483679e-06     -0.26270118
           0.13           0.084           0.084     -0.80397166    0.0076829135    0.0048930635     -0.26224327
           0.13           0.088           0.084      -0.8319018    0.0032773869    0.0082837433     -0.26166453
           0.13           0.092           0.084     -0.84704539   0.00055268811     0.010194429     -0.26109592
           0.13           0.096           0.084     -0.81656843  -0.00051356503     0.010150217     -0.26065387
           0.13             0.1           0.084               0               0               0     -0.26047006
           0.13          -0.096           0.088      -0.8276881   -0.0010404157    0.0027096118     -0.25795071
           0.13            -0.1           0.088               0               0               0     -0.25774837
           0.13          -0.092           0.088     -0.86541375   -0.0036591877    0.0028569593     -0.25837953
           0.13          -0.088           0.088     -0.85181889   -0.0078014211   0.00097737897     -0.25883955
           0.13          -0.084           0.088     -0.82279648    -0.013546546   -0.0022790653     -0.25922345
           0.13           -0.08           0.088     -0.78585999    -0.021281912   -0.0067730138     -0.25942956
           0.13          -0.076           0.088     -0.74372198    -0.031242669    -0.012366645     -0.25943054
           0.13          -0.072           0.088     -0.69784861    -0.043577708    -0.018794459     -0.25922163
           0.13          -0.068           0.088     -0.64923515    -0.058263399    -0.025600226     -0.25885636
           0.13          -0.064           0.088     -0.59859329    -0.075089123     -0.03218468      -0.2584447
           0.13           -0.06           0.088     -0.54622735    -0.093543717    -0.037927786     -0.25813448
           0.13          -0.056           0.088      -0.4916115     -0.11256239    -0.042334525     -0.25806707
           0.13          -0.052           0.088     -0.43298713     -0.13024662     -0.04504128     -0.25833583
           0.13          -0.048           0.088      -0.3678086     -0.14393542    -0.045660526     -0.25892807
           0.13          -0.044           0.088     -0.29429478     -0.15116836    -0.043915344     -0.25962799
           0.13           -0.04           0.088     -0.21281464      -0.1511005    -0.040063954     -0.26003386
           0.13          -0.036           0.088     -0.12569031     -0.14482005     -0.03494586     -0.25977755
           0.13          -0.032           0.088    -0.035740494       -0.134273    -0.029595874     -0.25869854
           0.13          -0.028           0.088     0.054783791     -0.12129763    -0.024956957     -0.25685355
           0.13          -0.024           0.088      0.14508716     -0.10681835    -0.021641913      -0.2543737
           0.13           -0.02           0.088      0.23559986    -0.090538358    -0.019479159     -0.25149613
           0.13          -0.016           0.088      0.32504293    -0.071887899    -0.017649988     -0.24857624
           0.13          -0.012           0.088      0.40780442    -0.050980387    -0.015120701     -0.24605502
           0.13          -0.008           0.088      0.47508537    -0.028956935    -0.011285239     -0.24448691
           0.13          -0.004           0.088      0.51780432   -0.0072871033   -0.0074270288     -0.24418812
           0.13               0           0.088      0.52709709     0.013465663   -0.0066013514      -0.2449811
           0.13           0.004           0.088      0.50042802     0.034190941    -0.009292364     -0.24684258
           0.13           0.008           0.088      0.44285145     0.055502584    -0.012477334     -0.24989994
           0.13           0.012           0.088      0.36235858     0.076230354    -0.013864507     -0.25380648
           0.13           0.016           0.088      0.26995538     0.094711136    -0.013721073     -0.25796328
           0.13            0.02           0.088      0.17529037      0.11022541    -0.013672852     -0.26182769
           0.13           0.024           0.088     0.082617299      0.12297537    -0.015105954     -0.26498768
           0.13           0.028           0.088   -0.0080803428      0.13353591    -0.018910879     -0.26716627
           0.13           0.032           0.088    -0.097922077      0.14215794    -0.025126492     -0.26820198
           0.13           0.036           0.088     -0.18698128      0.14840105     -0.03267134     -0.26806229
           0.13            0.04           0.088     -0.27306038      0.15079863    -0.039703426     -0.26692752
           0.13           0.044           0.088     -0.35186641      0.14703607     -0.04426904     -0.26523829
           0.13           0.048           0.088     -0.41989468      0.13601021    -0.045262835     -0.26359262
           0.13           0.052           0.088     -0.47739234       0.1192602    -0.042861587     -0.26243472
           0.13           0.056           0.088     -0.52794169     0.099856892    -0.037953466     -0.26187754
           0.13            0.06           0.088     -0.57545969     0.080456162    -0.031452332     -0.26178528
           0.13           0.064           0.088     -0.62216903     0.062602503    -0.024176214      -0.2619295
           0.13           0.068           0.088     -0.66854256     0.047003362    -0.016869574     -0.26210034
           0.13           0.072           0.088     -0.71401902     0.033933072    -0.010143126     -0.26215682
           0.13           0.076           0.088       -0.757574     0.023422901    -0.004401501     -0.26203607
           0.13            0.08           0.088     -0.79795545     0.015317941    0.0001378069     -0.26173326
           0.13           0.084           0.088     -0.83360211    0.0093296603    0.0034136968     -0.26127619
           0.13           0.088           0.088     -0.86184819    0.0051198464    0.0054612684     -0.26070783
           0.13           0.092           0.088     -0.87525947    0.0022185412    0.0063297844     -0.26013614
           0.13           0.096           0.088     -0.83794337   0.00044332095    0.0055464997     -0.25965322
           0.13             0.1           0.088               0               0               0      -0.2594355
           0.13          -0.096           0.092     -0.82308833   -0.0026484867  -3.9898921e-05     -0.25723186
           0.13            -0.1           0.092               0               0               0     -0.25699619
           0.13          -0.092           0.092      -0.8737647   -0.0058420846   0.00067148319     -0.25766672
           0.13          -0.088           0.092     -0.86613795    -0.010000715  -3.9199383e-05     -0.25808637
           0.13          -0.084           0.092     -0.83904449    -0.015242885   -0.0017441746     -0.25845992
           0.13           -0.08           0.092     -0.80243024    -0.022133752   -0.0043758875     -0.25869725
           0.13          -0.076           0.092     -0.76003787    -0.031037025   -0.0078644671     -0.25877067
           0.13          -0.072           0.092     -0.71378094    -0.042262765    -0.012045769     -0.25865874
           0.13          -0.068           0.092     -0.66504685    -0.055977705    -0.016575537     -0.25841016
           0.13          -0.064           0.092     -0.61498518    -0.072246867    -0.020965439     -0.25812609
           0.13           -0.06           0.092     -0.56449765    -0.090856802      -0.0247524     -0.25792938
           0.13          -0.056           0.092     -0.51362324      -0.1109487    -0.027775054     -0.25791491
           0.13          -0.052           0.092     -0.46039824     -0.13070769    -0.030240296     -0.25814754
           0.13          -0.048           0.092     -0.40073469     -0.14715441    -0.032169259      -0.2586406
           0.13          -0.044           0.092     -0.33043948      -0.1568595     -0.03303632     -0.25923199
           0.13           -0.04           0.092     -0.24791994     -0.15789015    -0.032265077     -0.25954612
           0.13          -0.036           0.092     -0.15513244     -0.15087791     -0.02985726     -0.25919835
           0.13          -0.032           0.092    -0.056528193     -0.13831388     -0.02646678     -0.25802184
           0.13          -0.028           0.092     0.042732723     -0.12325668     -0.02304343     -0.25609405
           0.13          -0.024           0.092      0.13917989     -0.10766835    -0.020420652     -0.25352515
           0.13           -0.02           0.092      0.23256677    -0.091139066    -0.018577029     -0.25052148
           0.13          -0.016           0.092      0.32235868     -0.07240569    -0.016721555     -0.24743828
           0.13          -0.012           0.092      0.40438697    -0.051116946    -0.013890281     -0.24477108
           0.13          -0.008           0.092      0.47151325    -0.028233397   -0.0094017017     -0.24315867
           0.13          -0.004           0.092      0.51516288   -0.0051837825   -0.0047490026     -0.24288016
           0.13               0           0.092      0.52632418     0.017004828   -0.0036983872     -0.24368628
           0.13           0.004           0.092      0.50303495      0.03866997   -0.0069897994     -0.24558301
           0.13           0.008           0.092      0.45022674     0.060325454    -0.011224779     -0.24871327
           0.13           0.012           0.092      0.37464011     0.080803877    -0.013681851     -0.25276534
           0.13           0.016           0.092      0.28564579      0.09876278    -0.014295138     -0.25714208
           0.13            0.02           0.092      0.19123639      0.11379244    -0.014419983     -0.26121872
           0.13           0.024           0.092     0.095790015       0.1262925    -0.015364939     -0.26453434
           0.13           0.028           0.092  -0.00020363144      0.13711934    -0.018120799     -0.26680071
           0.13           0.032           0.092    -0.097839024      0.14659895     -0.02273052     -0.26788462
           0.13           0.036           0.092      -0.1960675       0.1538016    -0.027971032     -0.26779313
           0.13            0.04           0.092     -0.29017387      0.15635206    -0.032001722     -0.26673235
           0.13           0.044           0.092     -0.37351531      0.15130222     -0.03345391     -0.26513688
           0.13           0.048           0.092     -0.44213213        0.137925    -0.032294668     -0.26357897
           0.13           0.052           0.092     -0.49780839      0.11874492    -0.029452138     -0.26245993
           0.13           0.056           0.092     -0.54618303     0.097567187    -0.025598759      -0.2618519
           0.13            0.06           0.092     -0.59231966     0.077357754    -0.020931873     -0.26163116
           0.13           0.064           0.092     -0.63854882     0.059644682    -0.015782055     -0.26161923
           0.13           0.068           0.092      -0.6849958     0.044840904    -0.010679935     -0.26163829
           0.13           0.072           0.092     -0.73076938     0.032889784   -0.0061405552     -0.26155748
           0.13           0.076           0.092     -0.77459333     0.023559291   -0.0024681779     -0.26132305
           0.13            0.08           0.092     -0.81500834     0.016487363   0.00023549604     -0.26093944
           0.13           0.084           0.092     -0.85012531     0.011229516    0.0020010071     -0.26044466
           0.13           0.088           0.092     -0.87622614    0.0073716683    0.0029002598     -0.25987858
           0.13           0.092           0.092     -0.88337968    0.0043096025    0.0030004874     -0.25933634
           0.13           0.096           0.092     -0.83268863    0.0020191134    0.0019337237     -0.25884747
           0.13             0.1           0.092               0               0               0     -0.25860214
           0.13          -0.096           0.096     -0.74883129   -0.0039883154   -0.0010112557     -0.25674346
           0.13            -0.1           0.096               0               0               0     -0.25651434
           0.13          -0.092           0.096      -0.8242401   -0.0080638954  -0.00046544396     -0.25714335
           0.13          -0.088           0.096     -0.82970149    -0.012646051  -0.00051728688     -0.25753262
           0.13          -0.084           0.096     -0.80985778    -0.017618019   -0.0011039073     -0.25792413
           0.13           -0.08           0.096     -0.77835495    -0.023656068   -0.0021250241     -0.25822577
           0.13          -0.076           0.096     -0.74005261    -0.031165398   -0.0035673886     -0.25840792
           0.13          -0.072           0.096     -0.69723318    -0.040588859   -0.0054817387     -0.25844245
           0.13          -0.068           0.096     -0.65180745    -0.052235775    -0.007603105     -0.25835552
           0.13          -0.064           0.096     -0.60537285    -0.066298886   -0.0095041275     -0.25822347
           0.13           -0.06           0.096     -0.55950868    -0.082720629    -0.011066358     -0.25815804
           0.13          -0.056           0.096     -0.51544305     -0.10094672    -0.012428091     -0.25824345
           0.13          -0.052           0.096     -0.47173013     -0.11977134    -0.014087726     -0.25850079
           0.13          -0.048           0.096     -0.42350196     -0.13714498    -0.016260571     -0.25890989
           0.13          -0.044           0.096     -0.36434136     -0.14991872     -0.01839362     -0.25935321
           0.13           -0.04           0.096     -0.28931997     -0.15486494    -0.019589259     -0.25952168
           0.13          -0.036           0.096     -0.19765677     -0.15049763    -0.019326837     -0.25902759
           0.13          -0.032           0.096    -0.093788961     -0.13815736    -0.017697845     -0.25766898
           0.13          -0.028           0.096     0.013761644     -0.12184009    -0.015372846     -0.25554273
           0.13          -0.024           0.096      0.11533512     -0.10572058    -0.013417208     -0.25280333
           0.13           -0.02           0.096      0.20819352    -0.089895757    -0.012272863     -0.24967785
           0.13          -0.016           0.096      0.29353438    -0.072419255    -0.011648496     -0.24656974
           0.13          -0.012           0.096      0.36875618    -0.052667173    -0.010356041     -0.24392881
           0.13          -0.008           0.096      0.42918342    -0.030569777   -0.0066558405      -0.2423063
           0.13          -0.004           0.096      0.46984034   -0.0056379707   -0.0022671877     -0.24197009
           0.13               0           0.096      0.48172421      0.02051115   -0.0012195655     -0.24273441
           0.13           0.004           0.096      0.46275759     0.045018863   -0.0040106591     -0.24467241
           0.13           0.008           0.096      0.41894716     0.066887096   -0.0079958157     -0.24788516
           0.13           0.012           0.096      0.35434679     0.085555423    -0.010246187     -0.25196707
           0.13           0.016           0.096       0.2750861      0.10111115    -0.010397802     -0.25635124
           0.13            0.02           0.096      0.18677859        0.114054    -0.010204609      -0.2605248
           0.13           0.024           0.096     0.093249987      0.12487833    -0.010703945     -0.26398189
           0.13           0.028           0.096   -0.0051981592      0.13474886    -0.012462869     -0.26640044
           0.13           0.032           0.096     -0.10876123      0.14393998    -0.015353254     -0.26767143
           0.13           0.036           0.096     -0.21283441      0.15027789     -0.01823936     -0.26778858
           0.13            0.04           0.096     -0.30892165      0.15040041    -0.019744294      -0.2669399
           0.13           0.044           0.096     -0.38922153       0.1421146     -0.01917036     -0.26554014
           0.13           0.048           0.096     -0.45166023      0.12656147     -0.01693629     -0.26410202
           0.13           0.052           0.096      -0.5007761      0.10708295    -0.014221389     -0.26296087
           0.13           0.056           0.096     -0.54400918     0.086963553    -0.011780915     -0.26221888
           0.13            0.06           0.096     -0.58663432     0.068571267   -0.0094836707     -0.26182218
           0.13           0.064           0.096     -0.63016566     0.053085177   -0.0071272611     -0.26161741
           0.13           0.068           0.096     -0.67386499     0.040656674   -0.0046525355     -0.26143936
           0.13           0.072           0.096      -0.7164651     0.030986848   -0.0024175969     -0.26117982
           0.13           0.076           0.096     -0.75658377     0.023607152  -0.00079213991     -0.26080398
           0.13            0.08           0.096     -0.79256927     0.017984063   0.00022935588     -0.26032441
           0.13           0.084           0.096     -0.82224359     0.013550146    0.0007358974     -0.25978414
           0.13           0.088           0.096     -0.84066695    0.0098863688   0.00088943328     -0.25921922
           0.13           0.092           0.096     -0.83412381    0.0063494391   0.00078533918     -0.25871987
           0.13           0.096           0.096     -0.75775229    0.0033941231   0.00025340226     -0.25827229
           0.13             0.1           0.096               0               0               0     -0.25803637
           0.13          -0.096             0.1               0               0               0     -0.25655647
           0.13            -0.1             0.1               0               0               0      -0.2563453
           0.13          -0.092             0.1               0               0               0     -0.25692984
           0.13          -0.088             0.1               0               0               0     -0.25731275
           0.13          -0.084             0.1               0               0               0      -0.2577193
           0.13           -0.08             0.1               0               0               0     -0.25805517
           0.13          -0.076             0.1               0               0               0      -0.2582921
           0.13          -0.072             0.1               0               0               0     -0.25840683
           0.13          -0.068             0.1               0               0               0     -0.25840417
           0.13          -0.064             0.1               0               0               0     -0.25834114
           0.13           -0.06             0.1               0               0               0     -0.25833806
           0.13          -0.056             0.1               0               0               0       -0.258501
           0.13          -0.052             0.1               0               0               0     -0.25881965
           0.13          -0.048             0.1               0               0               0     -0.25921413
           0.13          -0.044             0.1               0               0               0     -0.25957271
           0.13           -0.04             0.1               0               0               0     -0.25964039
           0.13          -0.036             0.1               0               0               0     -0.25904688
           0.13          -0.032             0.1               0               0               0     -0.25756314
           0.13          -0.028             0.1               0               0               0     -0.25529078
           0.13          -0.024             0.1               0               0               0     -0.25243458
           0.13           -0.02             0.1               0               0               0     -0.24926845
           0.13          -0.016             0.1               0               0               0     -0.24626046
           0.13          -0.012             0.1               0               0               0     -0.24375804
           0.13          -0.008             0.1               0               0               0     -0.24214917
           0.13          -0.004             0.1               0               0               0     -0.24173059
           0.13               0             0.1               0               0               0     -0.24244584
           0.13           0.004             0.1               0               0               0     -0.24442434
           0.13           0.008             0.1               0               0               0     -0.24770589
           0.13           0.012             0.1               0               0               0     -0.25173982
           0.13           0.016             0.1               0               0               0     -0.25598652
           0.13            0.02             0.1               0               0               0     -0.26012714
           0.13           0.024             0.1               0               0               0     -0.26364616
           0.13           0.028             0.1               0               0               0     -0.26617114
           0.13           0.032             0.1               0               0               0     -0.26759349
           0.13           0.036             0.1               0               0               0     -0.26788411
           0.13            0.04             0.1               0               0               0     -0.26720224
           0.13           0.044             0.1               0               0               0     -0.26593485
           0.13           0.048             0.1               0               0               0     -0.26453912
           0.13           0.052             0.1               0               0               0     -0.26331667
           0.13           0.056             0.1               0               0               0     -0.26244464
           0.13            0.06             0.1               0               0               0     -0.26194282
           0.13           0.064             0.1               0               0               0     -0.26164545
           0.13           0.068             0.1               0               0               0     -0.26137064
           0.13           0.072             0.1               0               0               0     -0.26102271
           0.13           0.076             0.1               0               0               0     -0.26058012
           0.13            0.08             0.1               0               0               0       -0.260059
           0.13           0.084             0.1               0               0               0     -0.25950174
           0.13           0.088             0.1               0               0               0     -0.25893983
           0.13           0.092             0.1               0               0               0      -0.2584575
           0.13           0.096             0.1               0               0               0     -0.25804134
           0.13             0.1             0.1               0               0               0     -0.25782668
