#             x               y               z             U_x             U_y             U_z               p
           0.13          -0.098          -0.098     0.049138827  -0.00045218586    0.0033539185     -0.35009032
           0.13          -0.098          -0.094    -0.083723058     0.011795239     0.025748692     -0.34940744
           0.13          -0.098           -0.09     -0.30999145     0.031211525     0.079187737     -0.35082116
           0.13          -0.098          -0.086     -0.43887627     0.027592959     0.095427794     -0.35789998
           0.13          -0.098          -0.082     -0.46877138     0.019696253     0.093362086     -0.36557063
           0.13          -0.098          -0.078     -0.46975955     0.015744632     0.086789101     -0.37202628
           0.13          -0.098          -0.074     -0.46019117     0.013678311     0.080405238     -0.37754992
           0.13          -0.098           -0.07     -0.44448198     0.012503677     0.074290807     -0.38221798
           0.13          -0.098          -0.066     -0.42448623      0.01198782      0.06820467     -0.38619658
           0.13          -0.098          -0.062     -0.40124592     0.012020398     0.061840566      -0.3896835
           0.13          -0.098          -0.058     -0.37529158     0.012487178     0.054807079     -0.39288482
           0.13          -0.098          -0.054     -0.34692037     0.013049372      0.04696065     -0.39598472
           0.13          -0.098           -0.05     -0.31600104     0.013077652     0.038837899     -0.39909554
           0.13          -0.098          -0.046     -0.27997385     0.012149438     0.030013189     -0.40262802
           0.13          -0.098          -0.042     -0.24469679     0.011940213     0.025041725       -0.406666
           0.13          -0.098          -0.038     -0.22713733     0.010704898     0.024492205     -0.41133436
           0.13          -0.098          -0.034     -0.23082414    0.0075739051     0.034976857     -0.41790221
           0.13          -0.098           -0.03     -0.22825576     0.017350661     0.041810743      -0.4282568
           0.13          -0.098          -0.026     -0.16629298     0.030659652  -0.00025311799     -0.44319039
           0.13          -0.098          -0.022    -0.014138808     0.042244289   0.00010279709     -0.44965001
           0.13          -0.098          -0.018      0.14885069      0.03437527     0.028039627      -0.4460713
           0.13          -0.098          -0.014      0.26113815     0.033631786    -0.017441898      -0.4254422
           0.13          -0.098           -0.01      0.23350356     0.028647738    -0.046285201      -0.4057008
           0.13          -0.098          -0.006      0.18049542     0.019803049     -0.03842671     -0.39506334
           0.13          -0.098          -0.002      0.12424777     0.014820482    -0.033052853     -0.39036265
           0.13          -0.098           0.002       0.1034791     0.013932618    -0.026321843     -0.38802432
           0.13          -0.098           0.006       0.1009155     0.015293787    -0.018890669     -0.38554715
           0.13          -0.098            0.01     0.084623216     0.015529413   -0.0082382334     -0.38316237
           0.13          -0.098           0.014     0.049765007     0.010434875   0.00010379091     -0.38147778
           0.13          -0.098           0.018    0.0085332177    -0.012796071   -0.0046439113     -0.38057603
           0.13          -0.098           0.022   -0.0076509198     -0.03245155    0.0014869073     -0.37969925
           0.13          -0.098           0.026    -0.032550214    -0.036758175     0.016062782     -0.37894892
           0.13          -0.098            0.03    -0.057220588    -0.023101779     0.027609333     -0.37960689
           0.13          -0.098           0.034    -0.089133095    -0.003739067     0.024133407     -0.38019816
           0.13          -0.098           0.038     -0.14972135    0.0086920955     0.020504215     -0.38037445
           0.13          -0.098           0.042     -0.21294592     0.012302772     0.013506923     -0.38067448
           0.13          -0.098           0.046     -0.26845424     0.012826004    0.0030717811     -0.38096028
           0.13          -0.098            0.05     -0.31626114     0.012761769   -0.0091470699     -0.38113317
           0.13          -0.098           0.054     -0.35478366     0.012778362    -0.021752764     -0.38087298
           0.13          -0.098           0.058     -0.38778865     0.012570327    -0.033333928     -0.38014854
           0.13          -0.098           0.062     -0.41589812       0.0124338    -0.043743852     -0.37880705
           0.13          -0.098           0.066     -0.43929459     0.012660294    -0.053215239      -0.3767251
           0.13          -0.098            0.07      -0.4577721     0.013361666    -0.062015782     -0.37381924
           0.13          -0.098           0.074      -0.4704161     0.014826636    -0.070474043     -0.37004028
           0.13          -0.098           0.078     -0.47500504     0.017529237    -0.078844708     -0.36537037
           0.13          -0.098           0.082     -0.46479364     0.023005584    -0.086854273     -0.35987978
           0.13          -0.098           0.086     -0.40849148     0.031256824    -0.087384064     -0.35343054
           0.13          -0.098            0.09     -0.23830099     0.027076886    -0.062293448     -0.34972274
           0.13          -0.098           0.094    -0.033484204    0.0025838199   -0.0096852448     -0.34966669
           0.13          -0.098           0.098     0.056283754    0.0014988022   3.0347928e-05     -0.34990226
           0.13          -0.094          -0.098    -0.076801063      0.02406942    0.0089544481     -0.35022649
           0.13          -0.094          -0.094     -0.44697494     0.055473717     0.058377262     -0.35003696
           0.13          -0.094           -0.09     -0.58397103     0.053906915     0.082836869     -0.35592081
           0.13          -0.094          -0.086     -0.58710578     0.042787517     0.086696523     -0.36216372
           0.13          -0.094          -0.082     -0.57121967     0.034775822     0.085601598     -0.36850618
           0.13          -0.094          -0.078     -0.54973246     0.030575236     0.082365487     -0.37433147
           0.13          -0.094          -0.074     -0.52540796     0.027741361     0.078654094     -0.37931525
           0.13          -0.094           -0.07     -0.50047646     0.026186598     0.074779961     -0.38360378
           0.13          -0.094          -0.066     -0.47497246     0.025837727     0.070393819     -0.38733233
           0.13          -0.094          -0.062     -0.44895248     0.026500568     0.065203026     -0.39064909
           0.13          -0.094          -0.058      -0.4226131     0.027918872     0.058970463     -0.39372965
           0.13          -0.094          -0.054     -0.39610927      0.02971288     0.051514434     -0.39675832
           0.13          -0.094           -0.05     -0.36941247     0.031236098     0.042654413     -0.39993583
           0.13          -0.094          -0.046     -0.34217143     0.031546442     0.032452934     -0.40351358
           0.13          -0.094          -0.042     -0.31622782     0.030414767     0.021415032     -0.40782581
           0.13          -0.094          -0.038     -0.29863288     0.023186759      0.01465964     -0.41317897
           0.13          -0.094          -0.034     -0.29568127     0.023988144     0.012355158     -0.42056616
           0.13          -0.094           -0.03     -0.27839646     0.063674332    -0.014642902     -0.43233973
           0.13          -0.094          -0.026     -0.17034766     0.078830326    -0.047549688     -0.44698042
           0.13          -0.094          -0.022    -0.009992969     0.023249626    0.0028085004     -0.45141307
           0.13          -0.094          -0.018      0.14508016     0.073474553     0.060815147     -0.44964842
           0.13          -0.094          -0.014      0.28974689     0.089816245     0.053085036      -0.4339965
           0.13          -0.094           -0.01      0.34962539     0.068648077     0.025422485     -0.41258015
           0.13          -0.094          -0.006      0.30600491     0.050215809    0.0047849952     -0.39753058
           0.13          -0.094          -0.002      0.22400356     0.044500893     -0.01579463     -0.39103626
           0.13          -0.094           0.002      0.19595053     0.035286099     -0.01629851     -0.38857977
           0.13          -0.094           0.006      0.19723762     0.024105057   -0.0085112445     -0.38625105
           0.13          -0.094            0.01      0.18716783     0.017373021     0.004624666     -0.38375432
           0.13          -0.094           0.014      0.16093613     0.015938796     0.022439251     -0.38164412
           0.13          -0.094           0.018      0.11852549     0.011210787     0.036376134     -0.37975796
           0.13          -0.094           0.022     0.055266463    -0.010307148     0.034960786     -0.37789435
           0.13          -0.094           0.026    -0.024155911    -0.025794018     0.027344774     -0.37757078
           0.13          -0.094            0.03     -0.10246868   -0.0069271961     0.029250182     -0.37859746
           0.13          -0.094           0.034     -0.17153825     0.014858829     0.023186406     -0.37919224
           0.13          -0.094           0.038     -0.22989885     0.026656008     0.014846804     -0.37959329
           0.13          -0.094           0.042      -0.2789853     0.031093936    0.0042968688     -0.38018187
           0.13          -0.094           0.046     -0.32251941     0.031831937   -0.0081437282     -0.38072884
           0.13          -0.094            0.05     -0.36199403      0.03082142    -0.020446879     -0.38110853
           0.13          -0.094           0.054     -0.39821636     0.029527717    -0.031552972     -0.38109355
           0.13          -0.094           0.058     -0.43201457     0.028317983    -0.041060154     -0.38057529
           0.13          -0.094           0.062     -0.46360507     0.027563339    -0.049376901     -0.37942704
           0.13          -0.094           0.066     -0.49311539     0.027552506    -0.056623748     -0.37759001
           0.13          -0.094            0.07     -0.52065993     0.028496409    -0.063037761     -0.37501994
           0.13          -0.094           0.074     -0.54645045     0.030572069    -0.068955979     -0.37169376
           0.13          -0.094           0.078     -0.57010794     0.033687276    -0.074564178     -0.36757312
           0.13          -0.094           0.082      -0.5897816     0.038884401    -0.079218394     -0.36281708
           0.13          -0.094           0.086     -0.60246451     0.048631569    -0.080951881     -0.35742214
           0.13          -0.094            0.09     -0.57769211     0.057822202     -0.07776751     -0.35259416
           0.13          -0.094           0.094     -0.38515008     0.049383974    -0.047020638     -0.34958281
           0.13          -0.094           0.098    -0.025723199     0.011616789  -0.00067624909      -0.3497506
           0.13           -0.09          -0.098     -0.27224648     0.070773331     0.031612785     -0.35095304
           0.13           -0.09          -0.094     -0.57618579     0.075087375     0.062107847     -0.35512876
           0.13           -0.09           -0.09     -0.60242895      0.05944266     0.073114229     -0.36075494
           0.13           -0.09          -0.086     -0.59076469     0.048286683      0.07636892     -0.36659015
           0.13           -0.09          -0.082     -0.56921427     0.041503249     0.077283243     -0.37226259
           0.13           -0.09          -0.078     -0.54443706     0.037202856     0.076598301     -0.37730879
           0.13           -0.09          -0.074     -0.51862221     0.034750863     0.074999594     -0.38171097
           0.13           -0.09           -0.07     -0.49278275     0.033822511     0.072624846     -0.38556277
           0.13           -0.09          -0.066     -0.46710122     0.034242439     0.069361711     -0.38896826
           0.13           -0.09          -0.062     -0.44167183     0.035839271     0.065048718      -0.3920527
           0.13           -0.09          -0.058     -0.41666614     0.038386349     0.059516867     -0.39496773
           0.13           -0.09          -0.054     -0.39227831     0.041504315     0.052596806     -0.39788081
           0.13           -0.09           -0.05     -0.36862704     0.044520825     0.044089273      -0.4010199
           0.13           -0.09          -0.046      -0.3458226     0.046268787     0.034060811     -0.40466048
           0.13           -0.09          -0.042     -0.32435222     0.044749483     0.022317013     -0.40926637
           0.13           -0.09          -0.038     -0.30606844     0.038691525     0.012540081     -0.41483315
           0.13           -0.09          -0.034     -0.29276558     0.054834358   -0.0047248215     -0.42235897
           0.13           -0.09           -0.03     -0.24939119     0.095280095    -0.043265219     -0.43408927
           0.13           -0.09          -0.026     -0.12927557     0.058878015    -0.039244084     -0.44461741
           0.13           -0.09          -0.022    -0.034220106    -0.047094739     0.007351991     -0.44928172
           0.13           -0.09          -0.018     0.077613823     0.031932693     0.036709911     -0.44742103
           0.13           -0.09          -0.014      0.24503761      0.10956288     0.064595458     -0.43914609
           0.13           -0.09           -0.01      0.34280751     0.099013076     0.047333263     -0.41825249
           0.13           -0.09          -0.006      0.33101603     0.077597577     0.017804794     -0.40070797
           0.13           -0.09          -0.002      0.25270441     0.069396444    -0.011658358      -0.3927013
           0.13           -0.09           0.002      0.21687129     0.051025072    -0.017950064     -0.38932268
           0.13           -0.09           0.006      0.20836627     0.029356838    -0.017296247     -0.38633629
           0.13           -0.09            0.01      0.19602407     0.017399731    -0.011750083      -0.3830842
           0.13           -0.09           0.014      0.16690082     0.011546617  -0.00033853797     -0.37993722
           0.13           -0.09           0.018      0.11142211   0.00068107097     0.010686103     -0.37711317
           0.13           -0.09           0.022     0.033042179    -0.022048858     0.013281198     -0.37565997
           0.13           -0.09           0.026    -0.042899784    -0.014373342     0.019171208     -0.37614904
           0.13           -0.09            0.03     -0.11586242    0.0099422558      0.02420158     -0.37717227
           0.13           -0.09           0.034      -0.1802333     0.031197864     0.020614363     -0.37766032
           0.13           -0.09           0.038     -0.23284284     0.042384154     0.011753173     -0.37840523
           0.13           -0.09           0.042     -0.27727933     0.046284994   0.00035092064     -0.37954054
           0.13           -0.09           0.046     -0.31722085     0.046221051    -0.011701405      -0.3805797
           0.13           -0.09            0.05     -0.35433814     0.044197875    -0.023086294     -0.38130433
           0.13           -0.09           0.054     -0.38940704     0.041666025    -0.033231018      -0.3815484
           0.13           -0.09           0.058      -0.4228198     0.039381214    -0.041966884     -0.38124304
           0.13           -0.09           0.062     -0.45474296      0.03778895    -0.049387649     -0.38033761
           0.13           -0.09           0.066     -0.48530441     0.037107381    -0.055596678      -0.3788047
           0.13           -0.09            0.07     -0.51463487     0.037498298    -0.060742279     -0.37662605
           0.13           -0.09           0.074     -0.54285471     0.039114212    -0.064972566     -0.37379887
           0.13           -0.09           0.078     -0.56967346     0.042173357    -0.068331266     -0.37031813
           0.13           -0.09           0.082     -0.59384465     0.047076314    -0.070631745     -0.36622992
           0.13           -0.09           0.086     -0.61405874     0.054947411     -0.07113772     -0.36160651
           0.13           -0.09            0.09     -0.62093796     0.067134641    -0.069421316      -0.3572166
           0.13           -0.09           0.094     -0.56762987     0.081474424    -0.058844774     -0.35268762
           0.13           -0.09           0.098     -0.19237798     0.060350622    -0.023481612     -0.35025379
           0.13          -0.086          -0.098     -0.39350559     0.086425573      0.03315897     -0.35538655
           0.13          -0.086          -0.094     -0.57498022     0.075299916     0.056152412     -0.36052916
           0.13          -0.086           -0.09     -0.58582818     0.059097046     0.066389797      -0.3657248
           0.13          -0.086          -0.086     -0.57018979     0.049750935     0.071003737     -0.37106698
           0.13          -0.086          -0.082     -0.54729951     0.044166634     0.073019145     -0.37602848
           0.13          -0.086          -0.078     -0.52276746     0.040800313     0.073478895     -0.38044994
           0.13          -0.086          -0.074     -0.49780427     0.039176255     0.072829847     -0.38436128
           0.13          -0.086           -0.07     -0.47282938     0.039076795     0.071167604     -0.38782099
           0.13          -0.086          -0.066     -0.44807433     0.040372633     0.068460425     -0.39091756
           0.13          -0.086          -0.062     -0.42373967     0.042924631     0.064615106     -0.39376354
           0.13          -0.086          -0.058     -0.40005938     0.046517442     0.059518421     -0.39649448
           0.13          -0.086          -0.054     -0.37728436     0.050773983     0.053064337     -0.39927375
           0.13          -0.086           -0.05     -0.35560876     0.054990402     0.045147109      -0.4023302
           0.13          -0.086          -0.046     -0.33510548     0.057952616       0.0357867     -0.40595672
           0.13          -0.086          -0.042     -0.31553795     0.057899231     0.024383011     -0.41060847
           0.13          -0.086          -0.038     -0.29550304     0.056888355     0.012144736     -0.41604146
           0.13          -0.086          -0.034     -0.26806189     0.077270613    -0.010924687     -0.42346633
           0.13          -0.086           -0.03     -0.21126815     0.093424849    -0.037059068     -0.43424625
           0.13          -0.086          -0.026     -0.12070642     0.021878927   -0.0068347965     -0.44186475
           0.13          -0.086          -0.022    -0.043285054    -0.046756984   -0.0027808317     -0.44683389
           0.13          -0.086          -0.018     0.052744105    0.0066051922   -0.0013013922     -0.44598125
           0.13          -0.086          -0.014      0.19861059      0.10064249     0.037738704     -0.43974517
           0.13          -0.086           -0.01      0.31316028      0.11711694     0.032391136     -0.42117072
           0.13          -0.086          -0.006      0.32212681      0.10179486    0.0079054603     -0.40333347
           0.13          -0.086          -0.002      0.25271591     0.088687871    -0.017279782     -0.39410473
           0.13          -0.086           0.002      0.21127474     0.064540303    -0.021617889     -0.39012726
           0.13          -0.086           0.006       0.2001895     0.039495641     -0.02399513     -0.38661611
           0.13          -0.086            0.01      0.18698184     0.024462146    -0.022362697     -0.38292727
           0.13          -0.086           0.014      0.15575928      0.01457132    -0.015035818     -0.37935237
           0.13          -0.086           0.018     0.093932622   0.00013352675   -0.0073058752     -0.37642829
           0.13          -0.086           0.022     0.020790913    -0.018191297   -0.0026957684     -0.37507839
           0.13          -0.086           0.026     -0.04409792   -0.0092089311    0.0096430726     -0.37503597
           0.13          -0.086            0.03     -0.10697069     0.017611298     0.019796138     -0.37584712
           0.13          -0.086           0.034     -0.16442674     0.041919238     0.020390364      -0.3766757
           0.13          -0.086           0.038     -0.21410363     0.054993387     0.013173939     -0.37774164
           0.13          -0.086           0.042     -0.25780227     0.058914844     0.002073026     -0.37921739
           0.13          -0.086           0.046     -0.29748788      0.05807089    -0.010008812     -0.38063423
           0.13          -0.086            0.05     -0.33444659     0.055120244    -0.021501004     -0.38167821
           0.13          -0.086           0.054     -0.36937618     0.051623487    -0.031743343     -0.38220094
           0.13          -0.086           0.058     -0.40267643     0.048434977    -0.040516281     -0.38215356
           0.13          -0.086           0.062     -0.43456889     0.046002772     -0.04781695     -0.38151613
           0.13          -0.086           0.066     -0.46520579     0.044549199    -0.053734157     -0.38028814
           0.13          -0.086            0.07     -0.49471036     0.044205547    -0.058392426     -0.37847707
           0.13          -0.086           0.074     -0.52315602     0.045088443    -0.061901578     -0.37609891
           0.13          -0.086           0.078      -0.5504693     0.047368927    -0.064297881     -0.37316959
           0.13          -0.086           0.082     -0.57625585     0.051359034    -0.065513994     -0.36973113
           0.13          -0.086           0.086     -0.59924083     0.057819239    -0.065198502     -0.36579999
           0.13          -0.086            0.09     -0.61316807     0.068656293    -0.062811978     -0.36150734
           0.13          -0.086           0.094     -0.59706771     0.086739431    -0.055672791     -0.35692103
           0.13          -0.086           0.098     -0.34867483     0.095729436    -0.034237081     -0.35254728
           0.13          -0.082          -0.098     -0.41948674     0.083192529     0.026983911     -0.36206854
           0.13          -0.082          -0.094     -0.55064124      0.07089728     0.050722263     -0.36635707
           0.13          -0.082           -0.09     -0.55906699     0.057350973     0.062026087     -0.37106799
           0.13          -0.082          -0.086     -0.54229645     0.049820412     0.067426604     -0.37568191
           0.13          -0.082          -0.082     -0.52041618     0.045448807     0.070299538     -0.37996851
           0.13          -0.082          -0.078     -0.49728567     0.043045726     0.071543179     -0.38382947
           0.13          -0.082          -0.074     -0.47369038     0.042274133     0.071510016     -0.38728347
           0.13          -0.082           -0.07     -0.44999307     0.043018337     0.070315427     -0.39037381
           0.13          -0.082          -0.066     -0.42647971     0.045197455     0.067974451     -0.39317495
           0.13          -0.082          -0.062     -0.40341589     0.048691817      0.06444386     -0.39578809
           0.13          -0.082          -0.058      -0.3810835     0.053290685     0.059667353     -0.39833869
           0.13          -0.082          -0.054     -0.35975891     0.058619643     0.053596562     -0.40098586
           0.13          -0.082           -0.05     -0.33963848     0.064006771     0.046175297     -0.40395031
           0.13          -0.082          -0.046     -0.32066516      0.06840814     0.037348105     -0.40751101
           0.13          -0.082          -0.042       -0.302052     0.070767027     0.026471355      -0.4120425
           0.13          -0.082          -0.038     -0.28032476     0.073936954     0.013618483     -0.41739707
           0.13          -0.082          -0.034     -0.24448962     0.089155499   -0.0078557674     -0.42490918
           0.13          -0.082           -0.03     -0.18828063     0.079305506    -0.020310547     -0.43445856
           0.13          -0.082          -0.026     -0.11602688    0.0002467546   -0.0068458212     -0.44212092
           0.13          -0.082          -0.022   -0.0036653899    -0.022322208    -0.021491448     -0.44566638
           0.13          -0.082          -0.018     0.079602362    0.0092364303    -0.024519104     -0.44428833
           0.13          -0.082          -0.014      0.17102921     0.083306911   0.00012915833      -0.4368329
           0.13          -0.082           -0.01      0.27286788      0.11887561    0.0084391343     -0.42194548
           0.13          -0.082          -0.006      0.30407997      0.12146543   -0.0020555994     -0.40518275
           0.13          -0.082          -0.002      0.25064252      0.10547472    -0.015510059     -0.39504377
           0.13          -0.082           0.002      0.20305044     0.077693392    -0.014755353     -0.39080006
           0.13          -0.082           0.006      0.18641042     0.052531995    -0.015978502      -0.3874021
           0.13          -0.082            0.01       0.1756181     0.036220449    -0.014840119     -0.38366868
           0.13          -0.082           0.014      0.15573474      0.02448774   -0.0088393695     -0.37979704
           0.13          -0.082           0.018       0.1175719     0.010291688   -0.0023089939     -0.37611272
           0.13          -0.082           0.022     0.059915653   -0.0091351662   0.00029374436     -0.37336226
           0.13          -0.082           0.026    -0.013033458   -0.0082908218    0.0078244847     -0.37196065
           0.13          -0.082            0.03     -0.08055924      0.02053293     0.021345501     -0.37277932
           0.13          -0.082           0.034     -0.13986141     0.048399048     0.024537087     -0.37511607
           0.13          -0.082           0.038     -0.19031262     0.064406823     0.018312986     -0.37743941
           0.13          -0.082           0.042     -0.23451546     0.069965847    0.0068615866     -0.37941612
           0.13          -0.082           0.046     -0.27476283     0.069037754   -0.0059178164     -0.38116756
           0.13          -0.082            0.05      -0.3120514     0.065303977    -0.018113584     -0.38250223
           0.13          -0.082           0.054     -0.34706569     0.060829547     -0.02894491       -0.383279
           0.13          -0.082           0.058     -0.38026658     0.056656765    -0.038138618     -0.38346609
           0.13          -0.082           0.062     -0.41195477     0.053297239    -0.045666796     -0.38307311
           0.13          -0.082           0.066     -0.44233568     0.050990723    -0.051621023     -0.38212144
           0.13          -0.082            0.07      -0.4715527     0.049847288    -0.056129675     -0.38064065
           0.13          -0.082           0.074     -0.49967068     0.049935672    -0.059300568     -0.37866081
           0.13          -0.082           0.078      -0.5266681     0.051355824    -0.061184832     -0.37621335
           0.13          -0.082           0.082     -0.55235651     0.054328448      -0.0617458     -0.37334205
           0.13          -0.082           0.086     -0.57584071     0.059468013    -0.060710599     -0.37006104
           0.13          -0.082            0.09     -0.59227614     0.068610991    -0.057216081     -0.36643821
           0.13          -0.082           0.094      -0.5827485     0.085770604    -0.048612522     -0.36273602
           0.13          -0.082           0.098     -0.41482961      0.10099586    -0.029265348     -0.35881765
           0.13          -0.078          -0.098     -0.41319462     0.073706019     0.023139547     -0.36876847
           0.13          -0.078          -0.094     -0.51968206     0.064299755     0.047203278     -0.37238573
           0.13          -0.078           -0.09     -0.52694593     0.053975957     0.058711572     -0.37640229
           0.13          -0.078          -0.086     -0.51143484     0.048444235     0.064895046     -0.38025857
           0.13          -0.078          -0.082     -0.49141634     0.045399602     0.068604141     -0.38393301
           0.13          -0.078          -0.078      -0.4700186     0.044023843     0.070512541     -0.38728945
           0.13          -0.078          -0.074     -0.44799018     0.044161326     0.070978176     -0.39032342
           0.13          -0.078           -0.07     -0.42574232     0.045790947      0.07015673     -0.39306868
           0.13          -0.078          -0.066     -0.40360887     0.048876999     0.068105033     -0.39558939
           0.13          -0.078          -0.062      -0.3818934     0.053318083     0.064829064     -0.39797675
           0.13          -0.078          -0.058     -0.36089954     0.058904702     0.060324447     -0.40034755
           0.13          -0.078          -0.054     -0.34090512     0.065281061     0.054599417      -0.4028544
           0.13          -0.078           -0.05     -0.32207581     0.071851865     0.047640538     -0.40570451
           0.13          -0.078          -0.046     -0.30423367     0.077794291     0.039394303     -0.40915861
           0.13          -0.078          -0.042     -0.28624745     0.082486918     0.029419645     -0.41355118
           0.13          -0.078          -0.038     -0.26379438     0.087654107     0.017645473     -0.41896212
           0.13          -0.078          -0.034     -0.22519467     0.094362323   0.00064923176     -0.42665064
           0.13          -0.078           -0.03     -0.16310485     0.068989831    -0.010523919     -0.43612269
           0.13          -0.078          -0.026     -0.06705696     0.013477489     -0.02047388     -0.44377631
           0.13          -0.078          -0.022     0.036680852   -0.0085646279    -0.035393846     -0.44481089
           0.13          -0.078          -0.018      0.10736435   -0.0019647857    -0.046442965     -0.44089779
           0.13          -0.078          -0.014      0.16117699     0.057065813    -0.033892925     -0.43256649
           0.13          -0.078           -0.01      0.23330902      0.10599028    -0.013796951     -0.42034193
           0.13          -0.078          -0.006      0.27353037      0.12162427   -0.0061553302     -0.40581222
           0.13          -0.078          -0.002      0.24890855      0.11589024   -0.0024896627     -0.39554726
           0.13          -0.078           0.002      0.20582703     0.090977786    0.0060316665     -0.39082384
           0.13          -0.078           0.006      0.17999346     0.065911268    0.0096738675     -0.38771145
           0.13          -0.078            0.01      0.16622265     0.048295184     0.011888969     -0.38433349
           0.13          -0.078           0.014       0.1544089     0.036091296     0.016440664     -0.38051875
           0.13          -0.078           0.018      0.13637605     0.025645152     0.020924052     -0.37631462
           0.13          -0.078           0.022      0.10494127     0.014205414     0.021181288     -0.37217032
           0.13          -0.078           0.026     0.044747379    0.0089985975     0.020029286     -0.36903754
           0.13          -0.078            0.03    -0.035951325     0.028363205     0.029612376      -0.3690547
           0.13          -0.078           0.034     -0.10625115     0.055700605     0.034145114      -0.3726087
           0.13          -0.078           0.038     -0.16330879       0.0735765     0.026608477     -0.37691797
           0.13          -0.078           0.042     -0.21003152     0.080287061     0.013810959     -0.38010003
           0.13          -0.078           0.046     -0.25107476     0.079580908  -0.00045292426     -0.38222411
           0.13          -0.078            0.05     -0.28879572     0.075094776    -0.013823313     -0.38376284
           0.13          -0.078           0.054      -0.3239191     0.069562236    -0.025524967     -0.38473054
           0.13          -0.078           0.058      -0.3569666     0.064307832    -0.035355922     -0.38510388
           0.13          -0.078           0.062     -0.38831291     0.059931675    -0.043308612     -0.38491131
           0.13          -0.078           0.066     -0.41823232     0.056693622    -0.049491009     -0.38419221
           0.13          -0.078            0.07     -0.44689734     0.054683546    -0.054039278     -0.38299115
           0.13          -0.078           0.074     -0.47438648     0.053919998    -0.057067092      -0.3813501
           0.13          -0.078           0.078     -0.50068789      0.05443002    -0.058629836     -0.37931138
           0.13          -0.078           0.082     -0.52566941     0.056326798    -0.058688525     -0.37692619
           0.13          -0.078           0.086     -0.54873563     0.060028885    -0.056984652     -0.37423592
           0.13          -0.078            0.09     -0.56629291     0.066955809    -0.052772992     -0.37134859
           0.13          -0.078           0.094     -0.55882339     0.080605383    -0.043427242       -0.368407
           0.13          -0.078           0.098     -0.42552173     0.094257824    -0.023233677     -0.36540751
           0.13          -0.074          -0.098     -0.39458392     0.063932176     0.020570567     -0.37552319
           0.13          -0.074          -0.094     -0.48569321      0.05688613     0.043986513     -0.37838385
           0.13          -0.074           -0.09     -0.49269879     0.049390475      0.05620856     -0.38166163
           0.13          -0.074          -0.086     -0.47924328      0.04578433     0.063310929      -0.3848169
           0.13          -0.074          -0.082     -0.46124228     0.044094843      0.06783329     -0.38791064
           0.13          -0.074          -0.078     -0.44163769     0.043807988     0.070366033     -0.39078365
           0.13          -0.074          -0.074     -0.42123476     0.044921479     0.071294739     -0.39341324
           0.13          -0.074           -0.07     -0.40049275     0.047494067      0.07081828     -0.39582504
           0.13          -0.074          -0.066     -0.37977352     0.051527449     0.069036329     -0.39807365
           0.13          -0.074          -0.062     -0.35939308     0.056933092      0.06600762     -0.40023898
           0.13          -0.074          -0.058     -0.33965023     0.063503699     0.061787145     -0.40242976
           0.13          -0.074          -0.054     -0.32079487     0.070907596     0.056452533     -0.40478976
           0.13          -0.074           -0.05     -0.30294022     0.078629751     0.050073713     -0.40751272
           0.13          -0.074          -0.046     -0.28579569     0.085998145     0.042722928     -0.41084605
           0.13          -0.074          -0.042     -0.26799183     0.092462863     0.034334499     -0.41513252
           0.13          -0.074          -0.038     -0.24475615     0.098171598      0.02532092     -0.42064402
           0.13          -0.074          -0.034     -0.20321003     0.098945091     0.013822387     -0.42853444
           0.13          -0.074           -0.03     -0.12981673     0.070912799   0.00014440681     -0.43829273
           0.13          -0.074          -0.026    -0.030811473     0.024049067    -0.015406331     -0.44428693
           0.13          -0.074          -0.022     0.058357669  -0.00055447386    -0.034220805     -0.44330697
           0.13          -0.074          -0.018       0.1210548   -0.0020519297     -0.05220673     -0.43739002
           0.13          -0.074          -0.014      0.15879111     0.033236022    -0.055106029     -0.42817015
           0.13          -0.074           -0.01      0.19937095     0.077075894    -0.034545891      -0.4169544
           0.13          -0.074          -0.006      0.23389723      0.10645065    -0.011702322     -0.40482047
           0.13          -0.074          -0.002      0.23525484      0.11033075     0.010418359     -0.39543901
           0.13          -0.074           0.002      0.21360742     0.095900885     0.031713999     -0.39037772
           0.13          -0.074           0.006      0.19183054      0.07494489     0.046050177     -0.38728626
           0.13          -0.074            0.01      0.17842173     0.057633159     0.054952786     -0.38427273
           0.13          -0.074           0.014      0.16915423      0.04592715     0.061224381     -0.38078867
           0.13          -0.074           0.018      0.15795827     0.039445308      0.06415567     -0.37679796
           0.13          -0.074           0.022      0.13960143     0.037384407     0.061609242      -0.3724688
           0.13          -0.074           0.026      0.10197709     0.039747166     0.053779198     -0.36832887
           0.13          -0.074            0.03     0.025494746     0.049969971     0.049331826      -0.3668549
           0.13          -0.074           0.034    -0.061515268     0.070111375     0.049134047     -0.37039628
           0.13          -0.074           0.038     -0.13117965     0.085632592      0.03868619     -0.37616846
           0.13          -0.074           0.042     -0.18378945     0.091585796     0.022365496     -0.38089884
           0.13          -0.074           0.046     -0.22663342     0.090266731    0.0059903446     -0.38378658
           0.13          -0.074            0.05     -0.26489523     0.084782389   -0.0089993264     -0.38546961
           0.13          -0.074           0.054     -0.30017386     0.078040147    -0.021812068     -0.38652976
           0.13          -0.074           0.058     -0.33305298     0.071595937    -0.032426883     -0.38702192
           0.13          -0.074           0.062       -0.363976     0.066118674    -0.040930378     -0.38697326
           0.13          -0.074           0.066     -0.39329675     0.061876557    -0.047461138       -0.386436
           0.13          -0.074            0.07     -0.42123307     0.058934686    -0.052168692     -0.38546493
           0.13          -0.074           0.074     -0.44788473     0.057262776    -0.055172178     -0.38411116
           0.13          -0.074           0.078     -0.47324555     0.056811514    -0.056526782     -0.38242725
           0.13          -0.074           0.082     -0.49718345     0.057576343    -0.056177239     -0.38047437
           0.13          -0.074           0.086     -0.51918575     0.059767049     -0.05387111     -0.37832173
           0.13          -0.074            0.09     -0.53631854     0.064363348    -0.049053725     -0.37609304
           0.13          -0.074           0.094     -0.52985004     0.074267579    -0.039604035     -0.37379788
           0.13          -0.074           0.098     -0.41654979      0.08497464    -0.019630266     -0.37155396
           0.13           -0.07          -0.098     -0.36744204     0.053837351     0.018326947     -0.38201405
           0.13           -0.07          -0.094     -0.45031314     0.048428752     0.041223009      -0.3842279
           0.13           -0.07           -0.09     -0.45783191     0.043372578      0.05453466     -0.38681925
           0.13           -0.07          -0.086     -0.44637757     0.041684911     0.062652736     -0.38932647
           0.13           -0.07          -0.082     -0.43029288     0.041454287     0.067988717     -0.39186792
           0.13           -0.07          -0.078     -0.41242275     0.042371437     0.071139428     -0.39427358
           0.13           -0.07          -0.074     -0.39361762     0.044564693     0.072530634     -0.39650952
           0.13           -0.07           -0.07     -0.37436346     0.048164428     0.072403416     -0.39859613
           0.13           -0.07          -0.066     -0.35502213     0.053201952      0.07090262     -0.40057977
           0.13           -0.07          -0.062     -0.33589052     0.059592964     0.068147326     -0.40252902
           0.13           -0.07          -0.058     -0.31722724     0.067126186     0.064268029     -0.40454127
           0.13           -0.07          -0.054     -0.29921673      0.07548192     0.059434358     -0.40675311
           0.13           -0.07           -0.05     -0.28186933     0.084185256     0.053857792     -0.40934362
           0.13           -0.07          -0.046     -0.26473816     0.092580297     0.047842621     -0.41254278
           0.13           -0.07          -0.042     -0.24616315     0.099876561     0.041804488     -0.41668818
           0.13           -0.07          -0.038     -0.22098006      0.10473131     0.036744822      -0.4221385
           0.13           -0.07          -0.034     -0.17638869      0.10048048     0.031740016       -0.429827
           0.13           -0.07           -0.03     -0.10066488     0.072527062     0.023870707     -0.43893136
           0.13           -0.07          -0.026   -0.0084213907     0.032700599      0.01030901     -0.44361791
           0.13           -0.07          -0.022     0.076875041    0.0095279739   -0.0094852427     -0.44171524
           0.13           -0.07          -0.018      0.14125467    0.0082340088    -0.031392162     -0.43494289
           0.13           -0.07          -0.014      0.18065184      0.02440186     -0.04473541     -0.42522356
           0.13           -0.07           -0.01      0.20686197      0.04818625    -0.035110902     -0.41434671
           0.13           -0.07          -0.006      0.22976821     0.070439288   -0.0096377536     -0.40360018
           0.13           -0.07          -0.002      0.24453155     0.080277064      0.02238586     -0.39523549
           0.13           -0.07           0.002      0.24483319     0.076269561     0.053225693     -0.39008552
           0.13           -0.07           0.006      0.24087301     0.062912445     0.077986985     -0.38687071
           0.13           -0.07            0.01      0.23533172     0.050752249     0.095148099     -0.38399359
           0.13           -0.07           0.014      0.22666251     0.044628685      0.10529803     -0.38090325
           0.13           -0.07           0.018      0.21161225     0.046043695      0.10856927     -0.37749344
           0.13           -0.07           0.022      0.18770824     0.054517559      0.10461021     -0.37386696
           0.13           -0.07           0.026      0.15207732     0.067874157     0.093868208     -0.37028975
           0.13           -0.07            0.03     0.089581531     0.083160866      0.08137517     -0.36800841
           0.13           -0.07           0.034    -0.005992995     0.096324201     0.069743839     -0.37024015
           0.13           -0.07           0.038    -0.092281797      0.10436405     0.053540959     -0.37611578
           0.13           -0.07           0.042     -0.15457484      0.10562354     0.032486103     -0.38191319
           0.13           -0.07           0.046     -0.20089719      0.10172459      0.01302689     -0.38564826
           0.13           -0.07            0.05       -0.240097     0.094642804   -0.0038296282     -0.38755245
           0.13           -0.07           0.054     -0.27573395     0.086446099    -0.017978002     -0.38862788
           0.13           -0.07           0.058     -0.30852073     0.078677379    -0.029485679     -0.38917625
           0.13           -0.07           0.062     -0.33900626     0.072014932    -0.038616506     -0.38921792
           0.13           -0.07           0.066     -0.36764839     0.066703134    -0.045562887     -0.38881362
           0.13           -0.07            0.07     -0.39473829     0.062769427     -0.05050091     -0.38802506
           0.13           -0.07           0.074     -0.42040958     0.060130566     -0.05356089     -0.38691085
           0.13           -0.07           0.078     -0.44466531     0.058655419     -0.05479901     -0.38553208
           0.13           -0.07           0.082     -0.46734345     0.058214172    -0.054138874     -0.38395781
           0.13           -0.07           0.086     -0.48787062     0.058826867    -0.051319865     -0.38227652
           0.13           -0.07            0.09     -0.50337919      0.06114496    -0.045873467     -0.38063019
           0.13           -0.07           0.094     -0.49657148     0.067775408    -0.036003566      -0.3789557
           0.13           -0.07           0.098     -0.39496797     0.076203816    -0.016936358     -0.37739791
           0.13          -0.066          -0.098     -0.33339094     0.042385009     0.016122842     -0.38828378
           0.13          -0.066          -0.094     -0.41305057     0.038207948     0.038924861     -0.38987124
           0.13          -0.066           -0.09     -0.42218864     0.035509118     0.053601872     -0.39184966
           0.13          -0.066          -0.086     -0.41276171     0.035937683     0.062815186     -0.39377337
           0.13          -0.066          -0.082     -0.39848825     0.037369198      0.06899168     -0.39579389
           0.13          -0.066          -0.078     -0.38226869     0.039655655     0.072786998     -0.39774588
           0.13          -0.066          -0.074     -0.36500886     0.043068099     0.074669389     -0.39959446
           0.13          -0.066           -0.07     -0.34719979     0.047808162     0.074918435     -0.40135953
           0.13          -0.066          -0.066     -0.32917272     0.053923501     0.073723259     -0.40308239
           0.13          -0.066          -0.062     -0.31116192     0.061316344     0.071273021     -0.40481955
           0.13          -0.066          -0.058      -0.2933368     0.069754307     0.067791736     -0.40665137
           0.13          -0.066          -0.054      -0.2757597     0.078895679     0.063560574     -0.40871254
           0.13          -0.066           -0.05     -0.25825465     0.088215047     0.058975155     -0.41116852
           0.13          -0.066          -0.046     -0.24012176     0.096892564     0.054644253      -0.4142265
           0.13          -0.066          -0.042     -0.21930599      0.10363403     0.051495249     -0.41817674
           0.13          -0.066          -0.038     -0.19036786      0.10578775     0.051074983     -0.42333333
           0.13          -0.066          -0.034     -0.14235612     0.096467835     0.053140737     -0.43028717
           0.13          -0.066           -0.03    -0.067500149     0.068397379     0.053725281      -0.4379815
           0.13          -0.066          -0.026     0.024084707     0.034862366     0.045548619     -0.44194832
           0.13          -0.066          -0.022       0.1171164     0.013767225     0.028014403     -0.44013024
           0.13          -0.066          -0.018      0.19996281    0.0095761465    0.0071865026      -0.4336901
           0.13          -0.066          -0.014      0.26561501     0.013717355   -0.0055429865     -0.42444768
           0.13          -0.066           -0.01      0.30963333      0.02070871   -0.0014217072     -0.41393141
           0.13          -0.066          -0.006      0.33514235     0.029923524     0.016923621     -0.40377222
           0.13          -0.066          -0.002      0.34968642     0.036071894     0.042561244     -0.39585695
           0.13          -0.066           0.002      0.36022625     0.035978866     0.068176292     -0.39067786
           0.13          -0.066           0.006      0.36609693     0.031129173     0.088981071     -0.38715531
           0.13          -0.066            0.01      0.36181945     0.028205501      0.10352455     -0.38442536
           0.13          -0.066           0.014      0.34398235     0.031433229      0.11223792     -0.38202186
           0.13          -0.066           0.018      0.31201992     0.042434591      0.11600688     -0.37967942
           0.13          -0.066           0.022      0.26750471     0.060974191      0.11586913     -0.37717462
           0.13          -0.066           0.026      0.21222961     0.085405889      0.11095829     -0.37462906
           0.13          -0.066            0.03      0.14355184      0.11138247      0.10135104     -0.37278708
           0.13          -0.066           0.034     0.050447974      0.12776436     0.087778942     -0.37370479
           0.13          -0.066           0.038    -0.047382992      0.12961947     0.067534662     -0.37809375
           0.13          -0.066           0.042      -0.1209114       0.1233622      0.04259263     -0.38363867
           0.13          -0.066           0.046     -0.17275961      0.11456799     0.019982399      -0.3877951
           0.13          -0.066            0.05     -0.21401571      0.10482425    0.0012586888     -0.38993925
           0.13          -0.066           0.054     -0.25034201     0.094874236      -0.0142063      -0.3909816
           0.13          -0.066           0.058      -0.2831884     0.085659594    -0.026625485     -0.39151885
           0.13          -0.066           0.062     -0.31326963     0.077741071    -0.036380539     -0.39160579
           0.13          -0.066           0.066     -0.34119081     0.071307668    -0.043739992     -0.39129669
           0.13          -0.066            0.07     -0.36735143     0.066338248     -0.04891926     -0.39065297
           0.13          -0.066           0.074     -0.39193776     0.062689235    -0.052070469     -0.38973925
           0.13          -0.066           0.078     -0.41496055     0.060135698    -0.053261536     -0.38862453
           0.13          -0.066           0.082     -0.43622743     0.058418014    -0.052393719      -0.3873802
           0.13          -0.066           0.086     -0.45504019     0.057376617    -0.049175754     -0.38610455
           0.13          -0.066            0.09     -0.46837154     0.057438811    -0.043132077     -0.38494891
           0.13          -0.066           0.094     -0.45971582     0.061264738    -0.032642901     -0.38383554
           0.13          -0.066           0.098     -0.36189881     0.068257617    -0.014568756      -0.3828838
           0.13          -0.062          -0.098     -0.29370211     0.031931849     0.014220135     -0.39421176
           0.13          -0.062          -0.094     -0.37320818     0.025873832     0.036967031     -0.39525926
           0.13          -0.062           -0.09     -0.38477915     0.025506103     0.053026525     -0.39673097
           0.13          -0.062          -0.086     -0.37749037     0.028343618     0.063436339     -0.39815828
           0.13          -0.062          -0.082     -0.36501808     0.031700598     0.070556932     -0.39968859
           0.13          -0.062          -0.078     -0.35046065     0.035573875     0.075093327     -0.40119305
           0.13          -0.062          -0.074     -0.33478743     0.040391309     0.077535191     -0.40265613
           0.13          -0.062           -0.07     -0.31846748     0.046420204     0.078197328     -0.40410476
           0.13          -0.062          -0.066     -0.30174859     0.053705274     0.077324022     -0.40557347
           0.13          -0.062          -0.062     -0.28473978      0.06211076     0.075187093     -0.40710204
           0.13          -0.062          -0.058     -0.26745389     0.071349678     0.072107902     -0.40876017
           0.13          -0.062          -0.054     -0.24971266     0.081005756     0.068485971      -0.4106839
           0.13          -0.062           -0.05      -0.2309889     0.090381774     0.064901903     -0.41301497
           0.13          -0.062          -0.046      -0.2101064     0.098324577     0.062285485     -0.41590696
           0.13          -0.062          -0.042     -0.18433141      0.10288783     0.062025477     -0.41955405
           0.13          -0.062          -0.038      -0.1477781      0.10063668      0.06582148      -0.4241821
           0.13          -0.062          -0.034    -0.090939818     0.086153929     0.073072649     -0.43002948
           0.13          -0.062           -0.03   -0.0079927965     0.058650711     0.077907681     -0.43600856
           0.13          -0.062          -0.026     0.095584872     0.029626796     0.072121803     -0.43906219
           0.13          -0.062          -0.022      0.20956351    0.0096990077     0.055309519     -0.43732732
           0.13          -0.062          -0.018      0.32621578    -0.001141475     0.036211895     -0.43145768
           0.13          -0.062          -0.014      0.43244325   -0.0093793544       0.0265199      -0.4227294
           0.13          -0.062           -0.01      0.50549226    -0.012505534      0.02985456     -0.41297691
           0.13          -0.062          -0.006      0.53981927   -0.0075038991      0.03919611     -0.40392875
           0.13          -0.062          -0.002      0.55199523  -0.00041417317     0.048814366     -0.39680137
           0.13          -0.062           0.002      0.55808765    0.0030010798     0.056629266     -0.39159553
           0.13          -0.062           0.006      0.55832381    0.0032356222     0.062727856     -0.38782948
           0.13          -0.062            0.01      0.54213926    0.0052632929       0.0675109      -0.3852951
           0.13          -0.062           0.014       0.5046736     0.012513162     0.071703596     -0.38359556
           0.13          -0.062           0.018      0.44746401     0.027205348     0.076849065     -0.38253473
           0.13          -0.062           0.022      0.37480073     0.050733905     0.083300746     -0.38167318
           0.13          -0.062           0.026      0.29159047     0.082800686     0.089880366     -0.38044357
           0.13          -0.062            0.03      0.19971228      0.11962603     0.093270298     -0.37920702
           0.13          -0.062           0.034     0.099722262      0.14719818     0.089163769     -0.37959824
           0.13          -0.062           0.038   -0.0010815343      0.15146404     0.073748362     -0.38256278
           0.13          -0.062           0.042     -0.08236786      0.14155057     0.049629106     -0.38676017
           0.13          -0.062           0.046      -0.1408811      0.12796936     0.025940224     -0.39046761
           0.13          -0.062            0.05     -0.18565213      0.11513297    0.0058181938     -0.39254502
           0.13          -0.062           0.054     -0.22346195      0.10326281     -0.01075858     -0.39353239
           0.13          -0.062           0.058     -0.25667311     0.092541814    -0.023954467     -0.39402087
           0.13          -0.062           0.062     -0.28641785     0.083334866    -0.034198951     -0.39411401
           0.13          -0.062           0.066     -0.31357033     0.075764733    -0.041848802     -0.39386895
           0.13          -0.062            0.07     -0.33870539     0.069754373    -0.047182169     -0.39334344
           0.13          -0.062           0.074      -0.3620933     0.065095398    -0.050391189     -0.39260491
           0.13          -0.062           0.078     -0.38375683     0.061450223    -0.051557114     -0.39171993
           0.13          -0.062           0.082     -0.40345246     0.058412603     -0.05058524     -0.39076029
           0.13          -0.062           0.086     -0.42032829     0.055634683    -0.047142945     -0.38982636
           0.13          -0.062            0.09     -0.43099117     0.053378511    -0.040684545     -0.38906963
           0.13          -0.062           0.094     -0.41850928      0.05470479    -0.029703993      -0.3884147
           0.13          -0.062           0.098     -0.31719885     0.061319122    -0.012485928     -0.38790207
           0.13          -0.058          -0.098     -0.25285573     0.021488999     0.012366771     -0.39944233
           0.13          -0.058          -0.094     -0.32931638     0.011693087     0.034369171     -0.40032808
           0.13          -0.058           -0.09     -0.34297241     0.013159328      0.05163636     -0.40148614
           0.13          -0.058          -0.086     -0.33807224     0.018593371     0.063602471     -0.40250177
           0.13          -0.058          -0.082     -0.32772934     0.024198972      0.07203932     -0.40355319
           0.13          -0.058          -0.078     -0.31521946     0.029966412      0.07757218     -0.40460366
           0.13          -0.058          -0.074     -0.30153868     0.036464444     0.080707562     -0.40568243
           0.13          -0.058           -0.07      -0.2870527      0.04399768      0.08182419     -0.40682673
           0.13          -0.058          -0.066     -0.27183497     0.052575609     0.081258712     -0.40805828
           0.13          -0.058          -0.062     -0.25578771     0.061996621     0.079384733     -0.40940002
           0.13          -0.058          -0.058     -0.23863368     0.071887953     0.076592045     -0.41092092
           0.13          -0.058          -0.054     -0.21967103     0.081690962     0.073364754     -0.41273107
           0.13          -0.058           -0.05     -0.19767996     0.090422206     0.070410817     -0.41488313
           0.13          -0.058          -0.046     -0.17052476     0.096420936     0.068909542     -0.41742486
           0.13          -0.058          -0.042     -0.13398467     0.097121208     0.070446045     -0.42046652
           0.13          -0.058          -0.038    -0.080884686     0.089298235      0.07616202     -0.42414989
           0.13          -0.058          -0.034   -0.0026403908     0.070640527     0.083981871     -0.42849224
           0.13          -0.058           -0.03      0.10354716     0.044768377       0.0867556     -0.43265057
           0.13          -0.058          -0.026       0.2328809     0.019842969     0.078176727     -0.43427139
           0.13          -0.058          -0.022      0.38015159  -0.00016480758      0.06046052     -0.43198506
           0.13          -0.058          -0.018      0.53927981    -0.017980793     0.042781168     -0.42641439
           0.13          -0.058          -0.014       0.6859732    -0.035104659     0.035526171      -0.4182952
           0.13          -0.058           -0.01        0.775708     -0.04141256     0.036080412     -0.40966728
           0.13          -0.058          -0.006      0.80118115    -0.033599264     0.033840259     -0.40223055
           0.13          -0.058          -0.002      0.80149401    -0.022742926     0.025811926     -0.39626615
           0.13          -0.058           0.002      0.80659536    -0.017895562     0.016734988     -0.39133394
           0.13          -0.058           0.006      0.80757895    -0.018396922     0.011641324     -0.38743633
           0.13          -0.058            0.01      0.77927425    -0.018151829     0.010818538     -0.38507664
           0.13          -0.058           0.014      0.71743489    -0.013719312     0.013252869     -0.38399753
           0.13          -0.058           0.018      0.62790209   -0.0015727627     0.020142506     -0.38415518
           0.13          -0.058           0.022      0.51927752     0.021149165     0.030855923     -0.38491107
           0.13          -0.058           0.026      0.40126717     0.055229478     0.044672561     -0.38548648
           0.13          -0.058            0.03       0.2791282     0.099336404     0.060284692     -0.38553051
           0.13          -0.058           0.034      0.15828737      0.14027556     0.071038549     -0.38580189
           0.13          -0.058           0.038     0.049217436      0.15731867     0.067093245     -0.38799983
           0.13          -0.058           0.042     -0.03838201       0.1527693     0.050331022     -0.39110763
           0.13          -0.058           0.046     -0.10383974      0.13911201     0.029058034     -0.39386451
           0.13          -0.058            0.05     -0.15369817      0.12465678    0.0088687469     -0.39550552
           0.13          -0.058           0.054      -0.1940911      0.11121728   -0.0081336661     -0.39634428
           0.13          -0.058           0.058     -0.22818316     0.099107271    -0.021674515     -0.39670509
           0.13          -0.058           0.062     -0.25773523     0.088671675     -0.03204907     -0.39674244
           0.13          -0.058           0.066     -0.28406338     0.080023568     -0.03967611      -0.3965247
           0.13          -0.058            0.07     -0.30802755     0.073042885     -0.04491604     -0.39609562
           0.13          -0.058           0.074     -0.33001897     0.067453693     -0.04801915     -0.39551421
           0.13          -0.058           0.078     -0.35009257     0.062796579    -0.049113511     -0.39483874
           0.13          -0.058           0.082      -0.3679241     0.058488289    -0.048133706     -0.39412837
           0.13          -0.058           0.086     -0.38246827     0.053938678    -0.044726487     -0.39347425
           0.13          -0.058            0.09     -0.38984398     0.049240483    -0.038252592     -0.39301069
           0.13          -0.058           0.094     -0.37166025     0.048156117    -0.027233085     -0.39266479
           0.13          -0.058           0.098     -0.26063436     0.054838534    -0.010848012     -0.39237832
           0.13          -0.054          -0.098     -0.22308321      0.01256094    0.0088244446     -0.40399189
           0.13          -0.054          -0.094     -0.28077513   -0.0032378377     0.028335337     -0.40503096
           0.13          -0.054           -0.09     -0.29160826   -0.0018167204     0.047682942     -0.40607917
           0.13          -0.054          -0.086     -0.28893342    0.0060165366     0.062230831      -0.4067666
           0.13          -0.054          -0.082     -0.28191509     0.014311749     0.072579995     -0.40735229
           0.13          -0.054          -0.078     -0.27295481     0.022533116     0.079397891     -0.40794463
           0.13          -0.054          -0.074     -0.26264679     0.031175768      0.08333348     -0.40865044
           0.13          -0.054           -0.07     -0.25105192     0.040536253     0.084906449      -0.4095134
           0.13          -0.054          -0.066     -0.23796182     0.050590766     0.084589213     -0.41054081
           0.13          -0.054          -0.062     -0.22297611     0.061039881        0.082814     -0.41172874
           0.13          -0.054          -0.058     -0.20521562      0.07144059     0.079966074     -0.41312809
           0.13          -0.054          -0.054     -0.18298402     0.081035299     0.076488229     -0.41473253
           0.13          -0.054           -0.05     -0.15379974      0.08837323     0.073088235     -0.41645976
           0.13          -0.054          -0.046     -0.11339182     0.091206195     0.070985646     -0.41827788
           0.13          -0.054          -0.042    -0.054629835     0.086889439     0.071518447     -0.42020323
           0.13          -0.054          -0.038      0.03070092     0.073593417     0.074799053     -0.42238245
           0.13          -0.054          -0.034      0.14634462      0.05257586     0.077855579      -0.4249044
           0.13          -0.054           -0.03      0.28858779     0.029638164     0.075412818     -0.42708791
           0.13          -0.054          -0.026      0.45267672    0.0086102945     0.064309278     -0.42722906
           0.13          -0.054          -0.022       0.6375548    -0.011492177     0.048478843     -0.42439609
           0.13          -0.054          -0.018      0.84202587    -0.032881539     0.034159958      -0.4190824
           0.13          -0.054          -0.014       1.0358073    -0.053540059     0.028351503     -0.41096067
           0.13          -0.054           -0.01       1.1323558    -0.058101475     0.023531013      -0.4030258
           0.13          -0.054          -0.006       1.1258082    -0.045673747    0.0099019548     -0.39738981
           0.13          -0.054          -0.002       1.1121449    -0.033642832    -0.010013102     -0.39286616
           0.13          -0.054           0.002       1.1316597    -0.032064221    -0.026153885     -0.38862757
           0.13          -0.054           0.006       1.1458556    -0.036849491    -0.032806142     -0.38487423
           0.13          -0.054            0.01       1.1039976     -0.04099086    -0.033254437     -0.38291982
           0.13          -0.054           0.014       1.0086253    -0.041747799    -0.030766297     -0.38279854
           0.13          -0.054           0.018      0.87715967    -0.034524965     -0.02451436     -0.38401158
           0.13          -0.054           0.022      0.72420824    -0.016367219    -0.015164822      -0.3861592
           0.13          -0.054           0.026      0.56371578     0.013986149   -0.0015159663     -0.38833781
           0.13          -0.054            0.03      0.40381315     0.057991184     0.017144509     -0.39000638
           0.13          -0.054           0.034      0.25212043      0.10758198      0.03699667     -0.39112897
           0.13          -0.054           0.038      0.12032275      0.14194276     0.047212744     -0.39308078
           0.13          -0.054           0.042     0.017399679      0.15070707     0.041965369     -0.39558524
           0.13          -0.054           0.046    -0.058883924      0.14394805     0.027062055     -0.39757139
           0.13          -0.054            0.05     -0.11586265       0.1313688    0.0092791563     -0.39876286
           0.13          -0.054           0.054     -0.16035678      0.11771645   -0.0067963696     -0.39938142
           0.13          -0.054           0.058     -0.19627893      0.10475098    -0.019896267     -0.39953657
           0.13          -0.054           0.062     -0.22599649     0.093349612    -0.029813492     -0.39944135
           0.13          -0.054           0.066     -0.25145796     0.083811778    -0.036900182     -0.39921519
           0.13          -0.054            0.07     -0.27402198     0.076050835    -0.041622991     -0.39887378
           0.13          -0.054           0.074      -0.2942881     0.069742054    -0.044317865     -0.39844971
           0.13          -0.054           0.078     -0.31232624     0.064312605    -0.045194629     -0.39797859
           0.13          -0.054           0.082     -0.32767548     0.058967117    -0.044283876     -0.39748485
           0.13          -0.054           0.086     -0.33898239     0.052812061     -0.04132036     -0.39702649
           0.13          -0.054            0.09     -0.34188194     0.045718326     -0.03569733     -0.39669226
           0.13          -0.054           0.094     -0.31703327     0.042282413    -0.026086446     -0.39644077
           0.13          -0.054           0.098     -0.19612744     0.048562762    -0.010627743     -0.39605681
           0.13           -0.05          -0.098     -0.20524388    0.0058627232    0.0051010902     -0.40836453
           0.13           -0.05          -0.094     -0.22901517    -0.020066812     0.024175726     -0.40950394
           0.13           -0.05           -0.09     -0.22206667    -0.021332468     0.043623709     -0.41032592
           0.13           -0.05          -0.086     -0.21895832    -0.010324892     0.059604001     -0.41070892
           0.13           -0.05          -0.082     -0.21922925    0.0019561067     0.071284488      -0.4108634
           0.13           -0.05          -0.078     -0.21806894     0.013343437      0.07912473     -0.41108817
           0.13           -0.05          -0.074     -0.21440066     0.024628128     0.083730766     -0.41150528
           0.13           -0.05           -0.07     -0.20794914     0.036141264     0.085710912     -0.41214702
           0.13           -0.05          -0.066     -0.19822711     0.047834921     0.085573066     -0.41300433
           0.13           -0.05          -0.062     -0.18442533     0.059404279     0.083628763      -0.4140495
           0.13           -0.05          -0.058     -0.16462297     0.070298775     0.080068422     -0.41523868
           0.13           -0.05          -0.054     -0.13560732     0.079439711      0.07505253     -0.41640952
           0.13           -0.05           -0.05      -0.0922137     0.084868388     0.069107524     -0.41737314
           0.13           -0.05          -0.046    -0.026033611      0.08395328     0.063245621     -0.41796522
           0.13           -0.05          -0.042     0.072471361     0.074616897      0.05866577     -0.41818913
           0.13           -0.05          -0.038      0.20730297      0.05749055     0.055811216     -0.41839977
           0.13           -0.05          -0.034      0.37273741     0.036066153     0.053681915     -0.41879389
           0.13           -0.05           -0.03      0.55778981      0.01541723     0.049447337     -0.41927072
           0.13           -0.05          -0.026      0.75942506   -0.0035269804     0.041441961     -0.41841363
           0.13           -0.05          -0.022      0.98246055    -0.022966612     0.032250145     -0.41527416
           0.13           -0.05          -0.018       1.2405021    -0.044186442     0.021886067     -0.41074913
           0.13           -0.05          -0.014        1.509896    -0.062098283     0.017263191     -0.40243916
           0.13           -0.05           -0.01       1.6101369    -0.065096039    0.0080801418     -0.39614244
           0.13           -0.05          -0.006       1.5423027    -0.054393691    -0.011692268     -0.39322857
           0.13           -0.05          -0.002       1.5177077    -0.045347372    -0.032913885     -0.38994041
           0.13           -0.05           0.002       1.5684646    -0.046687065    -0.046776779     -0.38600097
           0.13           -0.05           0.006       1.6099302    -0.053660785    -0.049670157     -0.38262045
           0.13           -0.05            0.01       1.5428144    -0.060939985    -0.049726891     -0.38161567
           0.13           -0.05           0.014       1.3964758    -0.064064712     -0.04982946     -0.38087656
           0.13           -0.05           0.018       1.2117487    -0.061079784    -0.046638731     -0.38189597
           0.13           -0.05           0.022       1.0050509    -0.048971453     -0.04238847     -0.38500806
           0.13           -0.05           0.026      0.79540775    -0.026295226    -0.034188253     -0.38858571
           0.13           -0.05            0.03      0.59110289      0.01157759    -0.019367464     -0.39177334
           0.13           -0.05           0.034      0.39872135      0.06103904   0.00075104202     -0.39427451
           0.13           -0.05           0.038      0.23114045      0.10657697     0.018486689     -0.39648681
           0.13           -0.05           0.042     0.098676129      0.13282017     0.024890168     -0.39890354
           0.13           -0.05           0.046    0.0017815947      0.13866097     0.019009601     -0.40077332
           0.13           -0.05            0.05    -0.067939737      0.13249848    0.0065569367     -0.40184811
           0.13           -0.05           0.054     -0.11943039      0.12113967   -0.0069230479       -0.402295
           0.13           -0.05           0.058     -0.15875678      0.10850363    -0.018525655     -0.40229878
           0.13           -0.05           0.062     -0.18940655     0.096678857    -0.027256089     -0.40206512
           0.13           -0.05           0.066      -0.2140888     0.086598207    -0.033189917     -0.40181036
           0.13           -0.05            0.07     -0.23495694     0.078381039    -0.036858575     -0.40157364
           0.13           -0.05           0.074     -0.25302731      0.07171535    -0.038753157     -0.40132938
           0.13           -0.05           0.078     -0.26841556      0.06594692    -0.039226954     -0.40106633
           0.13           -0.05           0.082     -0.28046141      0.06009856    -0.038514708     -0.40074671
           0.13           -0.05           0.086     -0.28736761     0.052991972    -0.036651959     -0.40035065
           0.13           -0.05            0.09     -0.28443809     0.044281656    -0.033434289     -0.39987753
           0.13           -0.05           0.094     -0.25399418     0.039415361    -0.027713729     -0.39934988
           0.13           -0.05           0.098     -0.13752854     0.044628794    -0.012690628     -0.39853545
           0.13          -0.046          -0.098     -0.17125776   -0.0036656715     0.008666528     -0.41231054
           0.13          -0.046          -0.094     -0.17145909    -0.037707256     0.031701713     -0.41341924
           0.13          -0.046           -0.09     -0.13709208    -0.040433994     0.044555985     -0.41391687
           0.13          -0.046          -0.086     -0.12581548    -0.027933763     0.054864702     -0.41412202
           0.13          -0.046          -0.082     -0.13544427    -0.012660258     0.064851533     -0.41417134
           0.13          -0.046          -0.078     -0.14776125    0.0023572551     0.072898594     -0.41415635
           0.13          -0.046          -0.074     -0.15467716     0.016637979     0.078367021     -0.41434528
           0.13          -0.046           -0.07     -0.15592416     0.030630614     0.081242485     -0.41477476
           0.13          -0.046          -0.066     -0.15082519     0.044286894     0.081588436     -0.41543837
           0.13          -0.046          -0.062     -0.13777835     0.057296515     0.079272382     -0.41626598
           0.13          -0.046          -0.058     -0.11336996     0.069027509      0.07403661     -0.41704922
           0.13          -0.046          -0.054    -0.071574004     0.078022279     0.065588677     -0.41749969
           0.13          -0.046           -0.05   -0.0024863026     0.081874362     0.054194084     -0.41729069
           0.13          -0.046          -0.046      0.10583375     0.077935956     0.041199221     -0.41622906
           0.13          -0.046          -0.042      0.26024368     0.065054451     0.029518878     -0.41440342
           0.13          -0.046          -0.038      0.45585655     0.045181638     0.021964055     -0.41247479
           0.13          -0.046          -0.034      0.67786311     0.021892762     0.020047765      -0.4106325
           0.13          -0.046           -0.03      0.90996755    0.0010506304     0.020606825     -0.40954594
           0.13          -0.046          -0.026       1.1547695    -0.017104799     0.019754502      -0.4080322
           0.13          -0.046          -0.022       1.4245458    -0.034855457     0.017834569     -0.40478964
           0.13          -0.046          -0.018       1.7470413    -0.041939017     0.010392523      -0.3975548
           0.13          -0.046          -0.014       2.1162962    -0.037931434     0.011935819     -0.38460564
           0.13          -0.046           -0.01       2.2063889     -0.04099848    0.0035347729     -0.38089961
           0.13          -0.046          -0.006       2.0843569    -0.043352989    -0.010089067     -0.38034336
           0.13          -0.046          -0.002       2.0434536    -0.040600773     -0.02279334     -0.37800657
           0.13          -0.046           0.002       2.1195432     -0.03960804    -0.031674129     -0.37343761
           0.13          -0.046           0.006       2.1967868    -0.036418654    -0.034671154     -0.36816218
           0.13          -0.046            0.01       2.0987134    -0.044895271    -0.035410496     -0.36841064
           0.13          -0.046           0.014        1.876607     -0.06225002     -0.04012933     -0.37258801
           0.13          -0.046           0.018       1.6311317      -0.0698801    -0.047175141     -0.37632384
           0.13          -0.046           0.022         1.36416    -0.066165465    -0.049213437     -0.38086763
           0.13          -0.046           0.026        1.100231     -0.05410821    -0.048635116     -0.38556547
           0.13          -0.046            0.03      0.84697531    -0.026900118    -0.040486464     -0.39030291
           0.13          -0.046           0.034       0.6063524     0.016042717    -0.025367829     -0.39469254
           0.13          -0.046           0.038      0.39212041     0.063331189   -0.0086215181     -0.39791788
           0.13          -0.046           0.042      0.21800568      0.10097952    0.0036632092     -0.40060946
           0.13          -0.046           0.046     0.087820697      0.12144713    0.0064686079     -0.40288008
           0.13          -0.046            0.05   -0.0039404358      0.12563262   0.00073938812     -0.40420551
           0.13          -0.046           0.054    -0.067759041      0.11960585   -0.0086037303     -0.40470492
           0.13          -0.046           0.058     -0.11299105      0.10906732    -0.017620618     -0.40465837
           0.13          -0.046           0.062     -0.14576537     0.097717364    -0.024362642     -0.40437004
           0.13          -0.046           0.066     -0.17004941     0.087594506    -0.028530306     -0.40411014
           0.13          -0.046            0.07      -0.1890444     0.079363014    -0.030650932      -0.4040052
           0.13          -0.046           0.074     -0.20453926     0.072847058    -0.031443935     -0.40397183
           0.13          -0.046           0.078     -0.21689154     0.067388159    -0.031495658     -0.40391259
           0.13          -0.046           0.082      -0.2254242     0.061928139    -0.031330891     -0.40370121
           0.13          -0.046           0.086     -0.22824429     0.055144436    -0.031382235     -0.40321694
           0.13          -0.046            0.09      -0.2211518      0.04645226    -0.031871177     -0.40239479
           0.13          -0.046           0.094     -0.19033881     0.041120562    -0.031511192     -0.40142921
           0.13          -0.046           0.098    -0.094874244     0.045142667    -0.016110868     -0.40029198
           0.13          -0.042          -0.098     -0.10262202    -0.018716841     0.015561093     -0.41462951
           0.13          -0.042          -0.094    -0.098430539    -0.048370067     0.033970236     -0.41560432
           0.13          -0.042           -0.09    -0.057958681    -0.048181024      0.03801657     -0.41627229
           0.13          -0.042          -0.086    -0.046041204    -0.038710603     0.042519909     -0.41670455
           0.13          -0.042          -0.082    -0.056045519    -0.026208264     0.049627364     -0.41698038
           0.13          -0.042          -0.078    -0.073707297    -0.010566214     0.057731928     -0.41697751
           0.13          -0.042          -0.074      -0.0883345    0.0062743932     0.064649514     -0.41700772
           0.13          -0.042           -0.07     -0.09623256     0.023087948     0.069131606     -0.41723379
           0.13          -0.042          -0.066    -0.094923952     0.039377121     0.070400188     -0.41767587
           0.13          -0.042          -0.062    -0.080713622     0.054726788     0.067526833      -0.4181618
           0.13          -0.042          -0.058    -0.047289647     0.068283003     0.059545875     -0.41837749
           0.13          -0.042          -0.054     0.016034288     0.078216238     0.045829759      -0.4179155
           0.13          -0.042           -0.05      0.12326139     0.081636115     0.027190123     -0.41636852
           0.13          -0.042          -0.046      0.28551109     0.075704734    0.0071599508     -0.41355489
           0.13          -0.042          -0.042      0.50369354     0.059538305   -0.0084461147      -0.4097436
           0.13          -0.042          -0.038      0.76604651      0.03558878     -0.01518369      -0.4058232
           0.13          -0.042          -0.034       1.0516678     0.008783578    -0.011004347     -0.40137435
           0.13          -0.042           -0.03       1.3379654    -0.012025065   -0.0032003175     -0.39849453
           0.13          -0.042          -0.026       1.6404049    -0.025000183   0.00018106464      -0.3956479
           0.13          -0.042          -0.022       1.9962364    -0.026465848     0.012892248     -0.38539042
           0.13          -0.042          -0.018       2.2859798    -0.020192435     0.018867218     -0.38018461
           0.13          -0.042          -0.014       2.4099296    -0.015255831     0.016097209     -0.37687206
           0.13          -0.042           -0.01       2.4257975    -0.018766056    0.0091771043      -0.3739404
           0.13          -0.042          -0.006         2.39818     -0.02372408   0.00094768148      -0.3719537
           0.13          -0.042          -0.002       2.3838715    -0.024375885   -0.0045487258     -0.36941682
           0.13          -0.042           0.002       2.4025726    -0.022645575    -0.010050439      -0.3670524
           0.13          -0.042           0.006       2.4221666    -0.017168875    -0.015475399     -0.36460949
           0.13          -0.042            0.01       2.4005671    -0.015914245    -0.019888178     -0.36358569
           0.13          -0.042           0.014       2.3095018    -0.027566509    -0.030321934     -0.36332076
           0.13          -0.042           0.018       2.1008724    -0.044378093    -0.038039098     -0.36552108
           0.13          -0.042           0.022        1.783181    -0.060633757    -0.039947214     -0.37416225
           0.13          -0.042           0.026       1.4730268    -0.063053646    -0.046786993     -0.37897642
           0.13          -0.042            0.03       1.1713602    -0.049441696    -0.045432635     -0.38515595
           0.13          -0.042           0.034      0.87560951    -0.016980284    -0.035953569     -0.39210859
           0.13          -0.042           0.038       0.6062608     0.024685391    -0.024875481     -0.39700406
           0.13          -0.042           0.042       0.3816318      0.06440788    -0.014012143     -0.40048784
           0.13          -0.042           0.046      0.20757702     0.094588862   -0.0071604685     -0.40348976
           0.13          -0.042            0.05     0.082897873      0.10990205   -0.0072044919     -0.40545877
           0.13          -0.042           0.054   -0.0010731178      0.11161091    -0.011960852     -0.40630441
           0.13          -0.042           0.058    -0.056356573      0.10500794    -0.017650074     -0.40634879
           0.13          -0.042           0.062    -0.093040247     0.095272193     -0.02175708     -0.40607568
           0.13          -0.042           0.066     -0.11777179     0.085796936    -0.023663802     -0.40586033
           0.13          -0.042            0.07     -0.13519934     0.078133094    -0.023986111      -0.4059106
           0.13          -0.042           0.074     -0.14829826      0.07244091    -0.023700359     -0.40610633
           0.13          -0.042           0.078     -0.15808622      0.06815454    -0.023673945     -0.40623282
           0.13          -0.042           0.082     -0.16424915     0.064254153    -0.024664424     -0.40607184
           0.13          -0.042           0.086       -0.165377     0.059406354    -0.027248087     -0.40542376
           0.13          -0.042            0.09     -0.15824135     0.052689568    -0.031611241     -0.40424843
           0.13          -0.042           0.094      -0.1316225     0.047709806    -0.034505475     -0.40287887
           0.13          -0.042           0.098    -0.057119603     0.049646922    -0.018528767     -0.40179997
           0.13          -0.038          -0.098    -0.058640722     -0.03869171       0.0147623     -0.41582403
           0.13          -0.038          -0.094     -0.02823342    -0.053227277     0.021167418     -0.41662498
           0.13          -0.038           -0.09    0.0055413339    -0.052541449     0.020834149     -0.41737466
           0.13          -0.038          -0.086     0.012856485    -0.047722813     0.024763145     -0.41796053
           0.13          -0.038          -0.082     0.005659282    -0.038363104     0.030843453     -0.41835503
           0.13          -0.038          -0.078   -0.0082087613    -0.024185079     0.038168198     -0.41851906
           0.13          -0.038          -0.074    -0.023039686   -0.0061785666     0.045482056     -0.41860298
           0.13          -0.038           -0.07    -0.032438367     0.013150517     0.050931049     -0.41884005
           0.13          -0.038          -0.066    -0.031103971      0.03270502     0.052603188     -0.41917848
           0.13          -0.038          -0.062    -0.011807129     0.051554613     0.048501304     -0.41937763
           0.13          -0.038          -0.058     0.036632578     0.068352413     0.036958868     -0.41906889
           0.13          -0.038          -0.054      0.12946175     0.080465624     0.017625655      -0.4177283
           0.13          -0.038           -0.05      0.28149523     0.084157903   -0.0067436845     -0.41488973
           0.13          -0.038          -0.046      0.50043639     0.076195157     -0.03008129     -0.41049353
           0.13          -0.038          -0.042      0.78418667     0.056140115    -0.045028444     -0.40458749
           0.13          -0.038          -0.038       1.1219695     0.028657384    -0.046555086     -0.39790949
           0.13          -0.038          -0.034       1.4859317   0.00086875369    -0.032017343     -0.39040521
           0.13          -0.038           -0.03       1.8294904    -0.010851782    -0.012910373     -0.38463811
           0.13          -0.038          -0.026       2.1636193   -0.0087499811    0.0039100589     -0.37699126
           0.13          -0.038          -0.022       2.3777566   -0.0047294428     0.014051538     -0.37393632
           0.13          -0.038          -0.018       2.4386098   -0.0083983111     0.011035984     -0.37057425
           0.13          -0.038          -0.014       2.4519679    -0.012262643    0.0095274265     -0.36663559
           0.13          -0.038           -0.01        2.452452    -0.016334703    0.0071907266     -0.36334958
           0.13          -0.038          -0.006       2.4471609    -0.019630378    0.0035776764     -0.36128963
           0.13          -0.038          -0.002       2.4435536    -0.019639392  -0.00050807402     -0.35919803
           0.13          -0.038           0.002       2.4458835    -0.018365029    -0.004916796     -0.35743239
           0.13          -0.038           0.006        2.449176     -0.01448388   -0.0095178608     -0.35618509
           0.13          -0.038            0.01        2.447272     -0.01103538    -0.012365079     -0.35637502
           0.13          -0.038           0.014       2.4346845    -0.011063251    -0.017482486     -0.35793542
           0.13          -0.038           0.018         2.38647    -0.012382988    -0.027284021     -0.35984697
           0.13          -0.038           0.022        2.206901    -0.028187181    -0.033485693     -0.36234911
           0.13          -0.038           0.026       1.8950415     -0.04840156     -0.03651289     -0.37028978
           0.13          -0.038            0.03       1.5580491    -0.052368302    -0.038246865      -0.3777625
           0.13          -0.038           0.034       1.2008274    -0.032494776    -0.032900875      -0.3869029
           0.13          -0.038           0.038      0.86858279   -0.0013891751    -0.027234724       -0.394085
           0.13          -0.038           0.042      0.58890275       0.0325591    -0.022290348     -0.39852359
           0.13          -0.038           0.046      0.36474051     0.064463088    -0.017174867     -0.40249066
           0.13          -0.038            0.05      0.19787455     0.087069969    -0.015383214     -0.40534776
           0.13          -0.038           0.054     0.084520598     0.096643491    -0.016899242     -0.40686139
           0.13          -0.038           0.058     0.013217587     0.095208862    -0.019479981      -0.4071718
           0.13          -0.038           0.062    -0.030217267     0.088123827    -0.020787092     -0.40696936
           0.13          -0.038           0.066    -0.056861871     0.080132421    -0.020276431     -0.40683948
           0.13          -0.038            0.07    -0.073830935     0.073823985    -0.018912553     -0.40706581
           0.13          -0.038           0.074    -0.085668418     0.069825365    -0.017943932     -0.40748426
           0.13          -0.038           0.078    -0.094440762     0.067732485    -0.018436843     -0.40778572
           0.13          -0.038           0.082      -0.1003727     0.066610798    -0.021176432     -0.40766701
           0.13          -0.038           0.086     -0.10243251     0.065134716    -0.026490366     -0.40689165
           0.13          -0.038            0.09     -0.09742503     0.062044873    -0.033990378     -0.40551644
           0.13          -0.038           0.094    -0.073265714     0.058623762    -0.037328993     -0.40395441
           0.13          -0.038           0.098    -0.010665591     0.056853047    -0.018289483     -0.40311117
           0.13          -0.034          -0.098    -0.012684155    -0.048652812    0.0096152437     -0.41615824
           0.13          -0.034          -0.094      0.02725773    -0.053265686    0.0064939933     -0.41674109
           0.13          -0.034           -0.09     0.056192646    -0.056240944    0.0048313883     -0.41738154
           0.13          -0.034          -0.086     0.063232309     -0.05566415    0.0080773342     -0.41788372
           0.13          -0.034          -0.082     0.059381824    -0.049133206     0.013126658     -0.41822257
           0.13          -0.034          -0.078     0.050254184    -0.036678678     0.019169846     -0.41849988
           0.13          -0.034          -0.074     0.039620836    -0.019092148     0.025457981      -0.4187533
           0.13          -0.034           -0.07     0.033510222    0.0018045927     0.030339383      -0.4191491
           0.13          -0.034          -0.066     0.039268225     0.024596429     0.031190282     -0.41952853
           0.13          -0.034          -0.062      0.06831788     0.047668846     0.025167931     -0.41960298
           0.13          -0.034          -0.058      0.13677796     0.068486758     0.010334439     -0.41888844
           0.13          -0.034          -0.054      0.26218128     0.083087216    -0.012464529     -0.41678635
           0.13          -0.034           -0.05      0.45764988     0.086859791    -0.038382818     -0.41281393
           0.13          -0.034          -0.046      0.72798293     0.076921208    -0.060160903      -0.4066158
           0.13          -0.034          -0.042       1.0740682     0.053346037    -0.070714114     -0.39815933
           0.13          -0.034          -0.038       1.4887252     0.023720728    -0.065435088     -0.38846966
           0.13          -0.034          -0.034         1.94603    0.0032822018    -0.037911835     -0.37581968
           0.13          -0.034           -0.03        2.279071  -0.00092979438   -0.0079631073      -0.3709471
           0.13          -0.034          -0.026       2.4145065   0.00042094648    0.0008753466     -0.36886158
           0.13          -0.034          -0.022       2.4489552   -0.0047804986    0.0057755439     -0.36536922
           0.13          -0.034          -0.018       2.4542585   -0.0084085563    0.0058359147      -0.3615587
           0.13          -0.034          -0.014       2.4528505    -0.011658853    0.0054846315     -0.35818487
           0.13          -0.034           -0.01       2.4506614    -0.014403144    0.0040709588     -0.35518306
           0.13          -0.034          -0.006       2.4483952    -0.016686297    0.0020226197      -0.3528922
           0.13          -0.034          -0.002       2.4469913    -0.016361049  -0.00025217983     -0.35103514
           0.13          -0.034           0.002       2.4470249    -0.014533235   -0.0029203253     -0.34988742
           0.13          -0.034           0.006       2.4480998    -0.010884313   -0.0066244319     -0.34950636
           0.13          -0.034            0.01       2.4490439   -0.0072080701    -0.010185317     -0.35001652
           0.13          -0.034           0.014       2.4493519   -0.0053851321    -0.014863743     -0.35156133
           0.13          -0.034           0.018       2.4441292    -0.003156815    -0.020623162     -0.35381027
           0.13          -0.034           0.022       2.4133756   -0.0035939382    -0.026735475     -0.35745027
           0.13          -0.034           0.026       2.2909757    -0.014398229    -0.034442776      -0.3590648
           0.13          -0.034            0.03       1.9892143    -0.028588154    -0.031895825     -0.36515238
           0.13          -0.034           0.034        1.564187    -0.027600965    -0.020428685     -0.37924909
           0.13          -0.034           0.038       1.1659391    -0.010518499    -0.018161951     -0.38868354
           0.13          -0.034           0.042      0.83260402     0.012355631    -0.019482921     -0.39470935
           0.13          -0.034           0.046      0.55750063     0.038696697    -0.019885424     -0.39996916
           0.13          -0.034            0.05      0.34300365     0.061823126    -0.021114543     -0.40381201
           0.13          -0.034           0.054      0.19160004     0.075991725    -0.022753154     -0.40619736
           0.13          -0.034           0.058      0.09675047     0.079387735    -0.023804237     -0.40700531
           0.13          -0.034           0.062     0.042340144     0.075515801     -0.02300374     -0.40693731
           0.13          -0.034           0.066     0.011552716     0.069829241    -0.020476156     -0.40691978
           0.13          -0.034            0.07   -0.0068794439     0.065838722    -0.017862553     -0.40733625
           0.13          -0.034           0.074    -0.019463021     0.064572169     -0.01675039     -0.40794867
           0.13          -0.034           0.078    -0.029396445     0.065759456    -0.018231066     -0.40842431
           0.13          -0.034           0.082    -0.037272704     0.068517614    -0.022919108     -0.40840873
           0.13          -0.034           0.086     -0.04158621     0.071347827    -0.030678644      -0.4076884
           0.13          -0.034            0.09    -0.036812717     0.072225536    -0.039777978     -0.40638869
           0.13          -0.034           0.094   -0.0058007259     0.070878562     -0.03971975      -0.4049517
           0.13          -0.034           0.098     0.046827815     0.063824208    -0.014793405     -0.40427673
           0.13           -0.03          -0.098     0.038056338    -0.052153618    0.0072714802     -0.41561768
           0.13           -0.03          -0.094     0.073851984    -0.050256572   -0.0020804171      -0.4159549
           0.13           -0.03           -0.09      0.10096464    -0.058340877   -0.0061418922     -0.41633237
           0.13           -0.03          -0.086      0.11013669    -0.062009161   -0.0047115874     -0.41661652
           0.13           -0.03          -0.082      0.11015007    -0.058419696   -0.0014042796     -0.41683211
           0.13           -0.03          -0.078       0.1058079    -0.048147197    0.0028597327     -0.41713352
           0.13           -0.03          -0.074      0.10087408    -0.031751409     0.007311833     -0.41757295
           0.13           -0.03           -0.07      0.10073043    -0.010209859     0.010468277     -0.41811868
           0.13           -0.03          -0.066      0.11431084     0.015176412    0.0096785047     -0.41856246
           0.13           -0.03          -0.062      0.15664772      0.04201656    0.0019539644     -0.41855528
           0.13           -0.03          -0.058      0.24707706     0.066148314    -0.014123571     -0.41755808
           0.13           -0.03          -0.054      0.40331378      0.08198071    -0.036117006     -0.41497473
           0.13           -0.03           -0.05       0.6362251     0.084405621    -0.058080394     -0.41038241
           0.13           -0.03          -0.046      0.95012724     0.070132754    -0.072953056     -0.40345291
           0.13           -0.03          -0.042       1.3443331     0.042159105    -0.074319492      -0.3941435
           0.13           -0.03          -0.038       1.8015398     0.010820216    -0.056501326      -0.3840716
           0.13           -0.03          -0.034       2.2534407  -0.00082533709    -0.023770488     -0.37150848
           0.13           -0.03           -0.03       2.4231808   -0.0050821153   -0.0063624245     -0.36815921
           0.13           -0.03          -0.026       2.4515024   -0.0045848162  -0.00099873019     -0.36256783
           0.13           -0.03          -0.022       2.4533372   -0.0071164102    0.0022003658     -0.35840894
           0.13           -0.03          -0.018       2.4503292   -0.0097307818    0.0022353813     -0.35379933
           0.13           -0.03          -0.014       2.4470683    -0.012768671    0.0020596008     -0.34980271
           0.13           -0.03           -0.01       2.4445329    -0.015302324    0.0011207979     -0.34641628
           0.13           -0.03          -0.006       2.4426402    -0.017586315   0.00041699427     -0.34392303
           0.13           -0.03          -0.002        2.441376    -0.016993949   0.00018282103     -0.34224503
           0.13           -0.03           0.002       2.4412959    -0.014143704  -0.00066136771     -0.34158605
           0.13           -0.03           0.006          2.4422   -0.0095043902   -0.0035507192     -0.34178783
           0.13           -0.03            0.01        2.443809   -0.0046043191   -0.0078656912     -0.34312216
           0.13           -0.03           0.014       2.4460816   -0.0014542469     -0.01312697     -0.34544681
           0.13           -0.03           0.018       2.4484405    0.0015459233    -0.018463822     -0.34848963
           0.13           -0.03           0.022        2.447258    0.0030144868    -0.023029958     -0.35227065
           0.13           -0.03           0.026       2.4273569    0.0026362224    -0.027579786     -0.35638631
           0.13           -0.03            0.03       2.3027741    0.0013399878    -0.030619293     -0.35935316
           0.13           -0.03           0.034       1.9187216   -0.0082792575    -0.015472119     -0.36994272
           0.13           -0.03           0.038       1.4771883   -0.0070807935   -0.0065667308     -0.38280818
           0.13           -0.03           0.042       1.1024188    0.0045592044    -0.010183138     -0.38994427
           0.13           -0.03           0.046      0.78085304     0.022069173    -0.015083768     -0.39656764
           0.13           -0.03            0.05      0.51734822     0.039811957    -0.021984935     -0.40120699
           0.13           -0.03           0.054      0.32148382     0.052927173    -0.027717983      -0.4043339
           0.13           -0.03           0.058      0.19489302     0.058531037    -0.030284255     -0.40577227
           0.13           -0.03           0.062      0.12380886     0.057463351    -0.029096996     -0.40596975
           0.13           -0.03           0.066     0.085866537      0.05459317    -0.025511781      -0.4060853
           0.13           -0.03            0.07     0.063623445     0.053906983    -0.022231557     -0.40667166
           0.13           -0.03           0.074     0.047991993     0.056472489      -0.0213922     -0.40746533
           0.13           -0.03           0.078     0.034854232     0.062000814    -0.024035807      -0.4081172
           0.13           -0.03           0.082     0.023599642     0.069704224    -0.030546038     -0.40830536
           0.13           -0.03           0.086     0.018262745     0.077837044    -0.040475005     -0.40780514
           0.13           -0.03            0.09     0.034044828     0.085112476    -0.049820301     -0.40656372
           0.13           -0.03           0.094     0.094208319     0.092010475    -0.048325848     -0.40525137
           0.13           -0.03           0.098      0.12359838     0.081298365    -0.016215692     -0.40440337
           0.13          -0.026          -0.098     0.092506447    -0.050172381     0.010032489     -0.41402088
           0.13          -0.026          -0.094      0.11764094    -0.042944032  -0.00017054838      -0.4141644
           0.13          -0.026           -0.09      0.14188347    -0.056999206   -0.0097650792     -0.41427702
           0.13          -0.026          -0.086      0.15398457    -0.066025483    -0.011670657     -0.41437264
           0.13          -0.026          -0.082      0.15802613    -0.065907758    -0.011070318      -0.4144943
           0.13          -0.026          -0.078      0.15897092    -0.058433665   -0.0095589589      -0.4147988
           0.13          -0.026          -0.074      0.16060991    -0.044063287   -0.0077837709     -0.41531009
           0.13          -0.026           -0.07      0.16810246    -0.023036046   -0.0069435533     -0.41586679
           0.13          -0.026          -0.066      0.19182576    0.0035685879    -0.009340747     -0.41624055
           0.13          -0.026          -0.062      0.24936527     0.032502346     -0.01755027     -0.41606289
           0.13          -0.026          -0.058      0.36166503     0.057865249    -0.032111736     -0.41481783
           0.13          -0.026          -0.054      0.54603595     0.072744705    -0.049726637     -0.41201836
           0.13          -0.026           -0.05      0.81297757      0.07198937    -0.064626007      -0.4073579
           0.13          -0.026          -0.046       1.1696444     0.053862348    -0.071287524     -0.40076304
           0.13          -0.026          -0.042       1.6138521     0.020092452    -0.063940132     -0.39203886
           0.13          -0.026          -0.038        2.110136   -0.0039701963    -0.033492006     -0.37761456
           0.13          -0.026          -0.034       2.3978781   -0.0087926434   -0.0088934867     -0.36957679
           0.13          -0.026           -0.03       2.4495984   -0.0085082621   -0.0040096032     -0.36298415
           0.13          -0.026          -0.026       2.4528207   -0.0079449826   -0.0016513103     -0.35684793
           0.13          -0.026          -0.022       2.4488123   -0.0098577324  -0.00038560856     -0.35148044
           0.13          -0.026          -0.018       2.4445332    -0.011765458  -0.00072793006     -0.34639895
           0.13          -0.026          -0.014       2.4410732    -0.014529363   -0.0011814093     -0.34187795
           0.13          -0.026           -0.01       2.4379559    -0.017118526   -0.0020369283     -0.33814734
           0.13          -0.026          -0.006       2.4340268    -0.019877085   -0.0014742496     -0.33520448
           0.13          -0.026          -0.002       2.4293997    -0.019366005    0.0011300248     -0.33369158
           0.13          -0.026           0.002       2.4301947    -0.014719127    0.0033501615     -0.33339837
           0.13          -0.026           0.006       2.4351887   -0.0078105395     0.001021373     -0.33417168
           0.13          -0.026            0.01       2.4383692   -0.0014579604   -0.0046569867     -0.33623398
           0.13          -0.026           0.014       2.4407129    0.0021597082    -0.011239528     -0.33904635
           0.13          -0.026           0.018       2.4439588    0.0048076808    -0.017125264     -0.34269874
           0.13          -0.026           0.022       2.4477485     0.006368153    -0.022147227     -0.34708802
           0.13          -0.026           0.026       2.4476415    0.0072690503    -0.026026859     -0.35181442
           0.13          -0.026            0.03       2.4171182    0.0090830944    -0.029724447     -0.35721265
           0.13          -0.026           0.034       2.2194659    0.0093278705    -0.019420826     -0.36296254
           0.13          -0.026           0.038       1.8030116   -0.0010920223   -0.0011946789     -0.37676413
           0.13          -0.026           0.042        1.401404    0.0043355353    0.0014550715     -0.38498523
           0.13          -0.026           0.046       1.0339084     0.014424297   -0.0037921947     -0.39291951
           0.13          -0.026            0.05      0.71983308     0.024858388    -0.015510587     -0.39816365
           0.13          -0.026           0.054      0.47564753     0.031937048    -0.027789629     -0.40156658
           0.13          -0.026           0.058      0.30990063     0.035359561    -0.035637128      -0.4035336
           0.13          -0.026           0.062      0.21502848     0.035275787    -0.037078672     -0.40405966
           0.13          -0.026           0.066      0.16582452     0.035154266    -0.034139496     -0.40427338
           0.13          -0.026            0.07       0.1375426     0.038491174    -0.030958308      -0.4048703
           0.13          -0.026           0.074      0.11677202     0.045765562    -0.030670646     -0.40581961
           0.13          -0.026           0.078     0.099149378     0.056731298    -0.034782479     -0.40665824
           0.13          -0.026           0.082     0.085633929     0.070950784    -0.043097219      -0.4071315
           0.13          -0.026           0.086     0.087694914     0.088482442    -0.053640411     -0.40697633
           0.13          -0.026            0.09      0.13346692      0.10991231    -0.058875199     -0.40632583
           0.13          -0.026           0.094      0.21336215      0.12295009    -0.044989759     -0.40607631
           0.13          -0.026           0.098      0.22576214     0.086968762    -0.013659383     -0.40484782
           0.13          -0.022          -0.098      0.14334826    -0.047955068     0.013894813      -0.4112406
           0.13          -0.022          -0.094      0.16202825    -0.029859896     0.012372103     -0.41146686
           0.13          -0.022           -0.09      0.17861286    -0.049804253   -0.0052989451     -0.41140268
           0.13          -0.022          -0.086      0.19371007    -0.066712061    -0.012431263     -0.41139698
           0.13          -0.022          -0.082      0.20177112    -0.070932421    -0.015810475     -0.41151669
           0.13          -0.022          -0.078      0.20845069    -0.067158904    -0.018207689     -0.41182488
           0.13          -0.022          -0.074      0.21768875    -0.056121519    -0.019886373     -0.41227948
           0.13          -0.022           -0.07      0.23440386    -0.037372124    -0.021498815     -0.41267263
           0.13          -0.022          -0.066      0.26990659    -0.011604516    -0.024829131      -0.4127562
           0.13          -0.022          -0.062      0.34341008     0.017267136    -0.032061623     -0.41220807
           0.13          -0.022          -0.058      0.47719086     0.042053781    -0.043434849     -0.41066493
           0.13          -0.022          -0.054      0.68960622     0.055096745    -0.055854056      -0.4076635
           0.13          -0.022           -0.05      0.99428945     0.052334868    -0.064852009     -0.40297717
           0.13          -0.022          -0.046       1.4037651     0.032655158    -0.066081806     -0.39667848
           0.13          -0.022          -0.042       1.9217285    0.0047734448    -0.043429772     -0.38412673
           0.13          -0.022          -0.038       2.3444688   -0.0080755755    -0.010946895     -0.37273945
           0.13          -0.022          -0.034       2.4443052     -0.01193532   -0.0039878766     -0.36470292
           0.13          -0.022           -0.03       2.4535266    -0.011019951   -0.0019178637     -0.35785473
           0.13          -0.022          -0.026       2.4492842    -0.010672729   -0.0015229979     -0.35098568
           0.13          -0.022          -0.022        2.443901    -0.011800754   -0.0015762242     -0.34499383
           0.13          -0.022          -0.018       2.4388508    -0.013355332   -0.0029165547     -0.33930031
           0.13          -0.022          -0.014       2.4330286    -0.016165788   -0.0040010478     -0.33417463
           0.13          -0.022           -0.01        2.422457    -0.019424131   -0.0048029785     -0.32996473
           0.13          -0.022          -0.006       2.4001027    -0.024802125   -0.0026061656     -0.32685216
           0.13          -0.022          -0.002       2.3709382    -0.024756101    0.0045483886     -0.32523699
           0.13          -0.022           0.002        2.378725    -0.017333734     0.012844551     -0.32553078
           0.13          -0.022           0.006       2.4141136   -0.0059113271    0.0078557847     -0.32683789
           0.13          -0.022            0.01        2.430348    0.0031749356   -0.0015160327     -0.32945678
           0.13          -0.022           0.014       2.4352005    0.0065021411   -0.0098493348     -0.33290149
           0.13          -0.022           0.018       2.4387515    0.0084252528    -0.016279719     -0.33728546
           0.13          -0.022           0.022       2.4432508    0.0093110436    -0.021467069      -0.3422254
           0.13          -0.022           0.026       2.4478738     0.010391077    -0.025269209     -0.34770006
           0.13          -0.022            0.03       2.4457878     0.012122593    -0.028423738     -0.35380635
           0.13          -0.022           0.034       2.3971568     0.016795316    -0.026620216      -0.3601482
           0.13          -0.022           0.038       2.1571981       0.0143204   -0.0096175866     -0.36713174
           0.13          -0.022           0.042       1.7418633    0.0096196631      0.01108709     -0.37984848
           0.13          -0.022           0.046       1.3206428     0.015309178     0.012998248     -0.38867957
           0.13          -0.022            0.05        0.948298     0.018849645   0.00054079286      -0.3950879
           0.13          -0.022           0.054      0.65340609     0.017574359    -0.017329885      -0.3984886
           0.13          -0.022           0.058      0.44544969     0.014554755      -0.0318953      -0.4006994
           0.13          -0.022           0.062        0.320406      0.01201894    -0.038864459     -0.40146681
           0.13          -0.022           0.066      0.25403019     0.013470604    -0.038633113     -0.40170547
           0.13          -0.022            0.07      0.21674218     0.020922939    -0.036482066     -0.40211535
           0.13          -0.022           0.074      0.19008761     0.034338547    -0.037312656      -0.4029721
           0.13          -0.022           0.078      0.16919991     0.052832318    -0.043927966     -0.40385993
           0.13          -0.022           0.082      0.16161409     0.076459928    -0.054570392     -0.40452992
           0.13          -0.022           0.086      0.18632874      0.10560078    -0.062577866     -0.40493859
           0.13          -0.022            0.09       0.2533904       0.1292694    -0.056865547     -0.40507783
           0.13          -0.022           0.094      0.31200314      0.12758932    -0.032528965     -0.40496915
           0.13          -0.022           0.098      0.26500483     0.076213416    -0.006465803     -0.40458668
           0.13          -0.018          -0.098      0.18445317    -0.057078763     0.010404216     -0.40795897
           0.13          -0.018          -0.094       0.2028441    -0.018837673     0.024474547      -0.4084318
           0.13          -0.018           -0.09      0.21126085    -0.035661433    0.0040259852     -0.40809662
           0.13          -0.018          -0.086      0.22805439    -0.062788441   -0.0091235445      -0.4079962
           0.13          -0.018          -0.082      0.23991141    -0.072513673    -0.017508418     -0.40822895
           0.13          -0.018          -0.078      0.25296035    -0.073765025    -0.024941514     -0.40855402
           0.13          -0.018          -0.074      0.27114977    -0.068140162    -0.030579695     -0.40886125
           0.13          -0.018           -0.07      0.29868019    -0.054112548    -0.034080622      -0.4089243
           0.13          -0.018          -0.066      0.34659782    -0.031300968    -0.036975304     -0.40845948
           0.13          -0.018          -0.062      0.43530158   -0.0037450274    -0.041678774     -0.40728811
           0.13          -0.018          -0.058      0.58958429       0.0203602    -0.049064271     -0.40534286
           0.13          -0.018          -0.054      0.83086227     0.032737474     -0.05659456     -0.40213017
           0.13          -0.018           -0.05       1.1787008     0.030080647    -0.061672161     -0.39793151
           0.13          -0.018          -0.046       1.6462135    0.0082568171    -0.056141152     -0.39080341
           0.13          -0.018          -0.042       2.1995382   -0.0059067649    -0.024441206     -0.37676747
           0.13          -0.018          -0.038        2.424983    -0.015807366   -0.0040701616     -0.36949903
           0.13          -0.018          -0.034       2.4535814    -0.014430873   -0.0018505466     -0.36055926
           0.13          -0.018           -0.03       2.4515447    -0.013131791  -0.00049855138     -0.35324537
           0.13          -0.018          -0.026       2.4455605     -0.01250648   -0.0010072435     -0.34585549
           0.13          -0.018          -0.022       2.4394288     -0.01309254    -0.002161858     -0.33913774
           0.13          -0.018          -0.018       2.4303717    -0.014356889    -0.004894017     -0.33278784
           0.13          -0.018          -0.014       2.4085631    -0.017140552   -0.0075300758     -0.32676851
           0.13          -0.018           -0.01        2.351315    -0.020749598   -0.0095300122      -0.3218362
           0.13          -0.018          -0.006       2.2463792    -0.027598108  -0.00064657866      -0.3185187
           0.13          -0.018          -0.002       2.1485527    -0.032444831     0.016057957     -0.31854945
           0.13          -0.018           0.002       2.1783515    -0.016653639     0.028902793     -0.31843579
           0.13          -0.018           0.006       2.3256999    0.0049486336      0.02025923     -0.31938137
           0.13          -0.018            0.01       2.4025914      0.01213718    0.0030482098     -0.32305264
           0.13          -0.018           0.014       2.4248623     0.011922252   -0.0096572126     -0.32697926
           0.13          -0.018           0.018       2.4332929     0.011609011    -0.016629278     -0.33218024
           0.13          -0.018           0.022       2.4386897     0.011109931    -0.021526677     -0.33765346
           0.13          -0.018           0.026       2.4442623     0.011377212    -0.024427264     -0.34367395
           0.13          -0.018            0.03       2.4493003     0.012226458    -0.026494314     -0.35017361
           0.13          -0.018           0.034       2.4452845     0.015061693    -0.025741303     -0.35653735
           0.13          -0.018           0.038       2.3871791     0.019751658    -0.019526947     -0.36394554
           0.13          -0.018           0.042       2.1119407     0.022659652    0.0053026695     -0.36994697
           0.13          -0.018           0.046       1.6276888     0.019688315     0.027741081     -0.38397623
           0.13          -0.018            0.05       1.1854757     0.020578334     0.021710706     -0.39177862
           0.13          -0.018           0.054      0.83871381     0.011040608    0.0034476846     -0.39554306
           0.13          -0.018           0.058        0.593475  -0.00038127942    -0.012803956     -0.39814987
           0.13          -0.018           0.062      0.43925612   -0.0087633609    -0.022896392     -0.39902219
           0.13          -0.018           0.066      0.35058752   -0.0080103511    -0.024839449     -0.39917433
           0.13          -0.018            0.07      0.29894386    0.0036384611    -0.023236024     -0.39935264
           0.13          -0.018           0.074      0.26573679     0.024739169    -0.023869634     -0.39997963
           0.13          -0.018           0.078      0.24354946     0.052439626    -0.031035954     -0.40077323
           0.13          -0.018           0.082      0.24103283     0.083611535    -0.042591228     -0.40147168
           0.13          -0.018           0.086      0.27312845      0.11194291    -0.049675689     -0.40245549
           0.13          -0.018            0.09      0.32369231      0.12110547    -0.041343051     -0.40336546
           0.13          -0.018           0.094      0.33924595      0.10159114    -0.024897244     -0.40381561
           0.13          -0.018           0.098      0.27153835     0.053906084   -0.0090111267     -0.40319556
           0.13          -0.014          -0.098      0.21557963    -0.066857921    0.0018053348     -0.40464933
           0.13          -0.014          -0.094      0.23750358    -0.013956505     0.024877457     -0.40545956
           0.13          -0.014           -0.09      0.24100342    -0.020813942    0.0098975583     -0.40465543
           0.13          -0.014          -0.086      0.25652768    -0.054661167   -0.0057820017     -0.40459808
           0.13          -0.014          -0.082      0.27174406    -0.069897833    -0.019782015      -0.4049905
           0.13          -0.014          -0.078      0.29160005    -0.077683963    -0.032675333     -0.40534953
           0.13          -0.014          -0.074      0.31950482    -0.080360235    -0.041802938     -0.40549435
           0.13          -0.014           -0.07      0.35851103    -0.074310468    -0.045567858     -0.40518434
           0.13          -0.014          -0.066      0.41768871    -0.056730697    -0.045712795     -0.40409294
           0.13          -0.014          -0.062       0.5167868     -0.03091686    -0.045587925     -0.40221063
           0.13          -0.014          -0.058      0.68527834   -0.0062337916    -0.047845912     -0.39991265
           0.13          -0.014          -0.054      0.95467721    0.0074588363     -0.05067681     -0.39660321
           0.13          -0.014           -0.05       1.3583526    0.0055406083    -0.055200495     -0.39450857
           0.13          -0.014          -0.046       1.9272655    -0.014998722    -0.035807824     -0.38329915
           0.13          -0.014          -0.042       2.3658016    -0.018114744   -0.0047710051     -0.37399243
           0.13          -0.014          -0.038        2.448846     -0.02005685   0.00073177167      -0.3649348
           0.13          -0.014          -0.034       2.4543923    -0.016888356    0.0018341347     -0.35658447
           0.13          -0.014           -0.03       2.4489804     -0.01497201     0.001832548     -0.34861763
           0.13          -0.014          -0.026       2.4425768     -0.01361696   0.00055486104      -0.3409417
           0.13          -0.014          -0.022       2.4345424    -0.012863222   -0.0016956914     -0.33368064
           0.13          -0.014          -0.018       2.4112504    -0.012370661   -0.0060687826     -0.32670583
           0.13          -0.014          -0.014        2.326524    -0.013119724    -0.011431514     -0.32005581
           0.13          -0.014           -0.01       2.1268333    -0.019700625    -0.014205684     -0.31591103
           0.13          -0.014          -0.006       1.9198922    -0.038773473   -0.0026211816     -0.31475175
           0.13          -0.014          -0.002       1.8084509    -0.048248619     0.014380257     -0.31530564
           0.13          -0.014           0.002       1.8629664     -0.02010919     0.026459714     -0.31678858
           0.13          -0.014           0.006       2.0947515     0.022935292     0.022968169     -0.31598733
           0.13          -0.014            0.01       2.3098275     0.030852025    0.0040285269     -0.31786702
           0.13          -0.014           0.014       2.3970766     0.020899803     -0.01231403      -0.3218249
           0.13          -0.014           0.018       2.4255498     0.015108624     -0.01935284     -0.32753868
           0.13          -0.014           0.022       2.4350717     0.011995871    -0.023103552     -0.33357143
           0.13          -0.014           0.026       2.4408173      0.01092095    -0.024675988     -0.34021427
           0.13          -0.014            0.03       2.4472257     0.010834992    -0.025502548      -0.3470969
           0.13          -0.014           0.034        2.452264     0.011850351    -0.025169609      -0.3543545
           0.13          -0.014           0.038       2.4435373     0.013516633    -0.022011315      -0.3614901
           0.13          -0.014           0.042       2.3479266     0.020924131     -0.01229702      -0.3693379
           0.13          -0.014           0.046       1.9271302     0.019325598     0.021173058     -0.37808271
           0.13          -0.014            0.05       1.3835234     0.019527464     0.033746235     -0.39011006
           0.13          -0.014           0.054      0.98746254    0.0053930261     0.020733959     -0.39276062
           0.13          -0.014           0.058      0.71554982    -0.013070413     0.010774529     -0.39604826
           0.13          -0.014           0.062      0.54043975    -0.027337268    0.0038903518     -0.39732388
           0.13          -0.014           0.066      0.43183207    -0.029123469    0.0034342696     -0.39772827
           0.13          -0.014            0.07      0.36530938    -0.014663797    0.0076978947     -0.39795637
           0.13          -0.014           0.074      0.32447709     0.013848678     0.011292338     -0.39869536
           0.13          -0.014           0.078      0.29950163      0.04922155     0.009434611     -0.39956464
           0.13          -0.014           0.082      0.29047685     0.083087792      0.00186649     -0.40027411
           0.13          -0.014           0.086      0.30460083      0.10544348    -0.004743743     -0.40136636
           0.13          -0.014            0.09      0.32642295       0.1032339   -0.0048495403     -0.40249062
           0.13          -0.014           0.094      0.32496613     0.074240649     -0.00838531     -0.40298199
           0.13          -0.014           0.098       0.2752109     0.031879313   -0.0079569063     -0.40262012
           0.13           -0.01          -0.098      0.23472175    -0.069382782    -0.004675851     -0.40140697
           0.13           -0.01          -0.094      0.27013701    -0.013041513     0.014583823     -0.40214428
           0.13           -0.01           -0.09      0.26786473    -0.011866597    0.0091758668     -0.40129193
           0.13           -0.01          -0.086      0.27995592    -0.044427882   -0.0060556135     -0.40159705
           0.13           -0.01          -0.082      0.29738285    -0.063036568    -0.024830585     -0.40218552
           0.13           -0.01          -0.078      0.32235587     -0.07848624    -0.042055295      -0.4026352
           0.13           -0.01          -0.074      0.35765933    -0.092238079    -0.052959596     -0.40268529
           0.13           -0.01           -0.07      0.40662656    -0.097352301    -0.055453836     -0.40200374
           0.13           -0.01          -0.066      0.47597562     -0.08764209    -0.051431832     -0.40042953
           0.13           -0.01          -0.062      0.58001496    -0.063913727    -0.045109695     -0.39790378
           0.13           -0.01          -0.058      0.74733561    -0.035614189    -0.040642035     -0.39509662
           0.13           -0.01          -0.054       1.0228967     -0.01595739    -0.038489982     -0.39156114
           0.13           -0.01           -0.05         1.47239    -0.011617317    -0.041878628     -0.38949078
           0.13           -0.01          -0.046        2.166343    -0.024996353    -0.013067848     -0.37333018
           0.13           -0.01          -0.042       2.4277214    -0.023576359    0.0054153467      -0.3695007
           0.13           -0.01          -0.038        2.455301    -0.021387119    0.0050870684      -0.3604153
           0.13           -0.01          -0.034       2.4533409    -0.018321898    0.0054681214     -0.35283506
           0.13           -0.01           -0.03       2.4467839    -0.016244583    0.0048852208     -0.34475108
           0.13           -0.01          -0.026       2.4400934    -0.014271482    0.0034323015     -0.33698569
           0.13           -0.01          -0.022       2.4272638    -0.011556918   0.00097278797     -0.32941292
           0.13           -0.01          -0.018       2.3708479   -0.0071935938   -0.0035875138     -0.32215744
           0.13           -0.01          -0.014       2.1646541   -0.0040536772    -0.012168284     -0.31615604
           0.13           -0.01           -0.01       1.8642461    -0.020611286    -0.022189261     -0.31382532
           0.13           -0.01          -0.006       1.6521229    -0.057510657    -0.023229391     -0.31108659
           0.13           -0.01          -0.002       1.5650376     -0.07668115    -0.015038263     -0.31018855
           0.13           -0.01           0.002       1.6398505     -0.04028957   -0.0047083243     -0.31367133
           0.13           -0.01           0.006        1.869827     0.025412281    0.0012632793     -0.31416937
           0.13           -0.01            0.01       2.1474738      0.04549366    -0.009282403     -0.31450413
           0.13           -0.01           0.014       2.3423431     0.029598585    -0.023312403     -0.31809842
           0.13           -0.01           0.018       2.4136327     0.016881106    -0.026653911     -0.32395016
           0.13           -0.01           0.022       2.4322012     0.010749686    -0.026866732     -0.33037315
           0.13           -0.01           0.026       2.4383351    0.0087308745    -0.026234393     -0.33746926
           0.13           -0.01            0.03       2.4446096    0.0085239722    -0.025675736     -0.34468053
           0.13           -0.01           0.034       2.4514698    0.0095209588    -0.024987223     -0.35238508
           0.13           -0.01           0.038       2.4524034     0.011068136    -0.023217283     -0.35953223
           0.13           -0.01           0.042       2.4187929     0.014014974    -0.021678249     -0.36822032
           0.13           -0.01           0.046       2.1310732     0.015646023    0.0010461214     -0.37267437
           0.13           -0.01            0.05       1.4619271      0.01025523     0.027869838     -0.38937559
           0.13           -0.01           0.054       1.0400414   -0.0091084733     0.022350423     -0.39126658
           0.13           -0.01           0.058      0.76675214    -0.031257071     0.020800275     -0.39484549
           0.13           -0.01           0.062      0.58397908    -0.047226016     0.017616328     -0.39672123
           0.13           -0.01           0.066      0.46129342    -0.050636094     0.017005883      -0.3979359
           0.13           -0.01            0.07       0.3855909    -0.036928129     0.022357397      -0.3988906
           0.13           -0.01           0.074      0.34474319   -0.0039548239     0.033177873     -0.40023345
           0.13           -0.01           0.078      0.32194125     0.038735069     0.040832704      -0.4014808
           0.13           -0.01           0.082      0.30953518     0.076640596     0.042158777     -0.40200106
           0.13           -0.01           0.086      0.30845399     0.098114959     0.039780356     -0.40247574
           0.13           -0.01            0.09      0.31242857     0.096525629     0.034708789     -0.40304978
           0.13           -0.01           0.094      0.31028614     0.073171901     0.020964046     -0.40306598
           0.13           -0.01           0.098      0.27957228     0.030525141     0.005437423     -0.40204203
           0.13          -0.006          -0.098      0.24500379    -0.062698915   -0.0060174231     -0.39814033
           0.13          -0.006          -0.094      0.29300075    -0.017189109    0.0012136473      -0.3985326
           0.13          -0.006           -0.09      0.28755457    -0.010853598     0.006208366     -0.39862664
           0.13          -0.006          -0.086      0.29838403    -0.033687981   -0.0094975081     -0.39933769
           0.13          -0.006          -0.082      0.31589936    -0.052978226    -0.029788943     -0.40028654
           0.13          -0.006          -0.078      0.34074092    -0.075922504    -0.048545553     -0.40101825
           0.13          -0.006          -0.074       0.3765153     -0.10159206    -0.058968279     -0.40114016
           0.13          -0.006           -0.07      0.43083911     -0.12028464    -0.060494486     -0.40017982
           0.13          -0.006          -0.066      0.51159247     -0.12196104    -0.054254142     -0.39859442
           0.13          -0.006          -0.062       0.6248631     -0.10495608    -0.044029633      -0.3962729
           0.13          -0.006          -0.058      0.78533327     -0.07569747    -0.033140407     -0.39392734
           0.13          -0.006          -0.054       1.0282375    -0.046290793    -0.022927017      -0.3902625
           0.13          -0.006           -0.05       1.4139702     -0.02716845    -0.027831593     -0.38973752
           0.13          -0.006          -0.046       2.0347578    -0.026065402    -0.012674941     -0.37544035
           0.13          -0.006          -0.042       2.4026268    -0.025626592    0.0053893345     -0.36800315
           0.13          -0.006          -0.038       2.4515375    -0.022862358     0.005793955     -0.35788628
           0.13          -0.006          -0.034       2.4516152     -0.02032586    0.0079799741     -0.35004874
           0.13          -0.006           -0.03       2.4452185    -0.017918535    0.0079389797     -0.34165597
           0.13          -0.006          -0.026       2.4376972    -0.014952983    0.0071257673     -0.33371337
           0.13          -0.006          -0.022       2.4164771    -0.009728218    0.0047965515     -0.32606431
           0.13          -0.006          -0.018       2.3187156    0.0023266169    0.0023039831      -0.3187968
           0.13          -0.006          -0.014       2.0300993     0.010671965   -0.0079230287     -0.31423129
           0.13          -0.006           -0.01       1.7156883    -0.018015764    -0.026055193     -0.31196341
           0.13          -0.006          -0.006       1.5168955    -0.071665404    -0.042092329      -0.3074941
           0.13          -0.006          -0.002       1.4544897     -0.10456678    -0.049634463     -0.30465927
           0.13          -0.006           0.002       1.5366451    -0.069537387    -0.048904725     -0.30751568
           0.13          -0.006           0.006       1.7460026    0.0072556816    -0.038181444     -0.30945843
           0.13          -0.006            0.01       2.0307689     0.043459375    -0.037562119     -0.31045588
           0.13          -0.006           0.014       2.2904055     0.031085654    -0.040159303     -0.31440497
           0.13          -0.006           0.018       2.4007302     0.013362079    -0.034704223     -0.32090038
           0.13          -0.006           0.022       2.4289535    0.0059380222    -0.030302047     -0.32785487
           0.13          -0.006           0.026       2.4366891    0.0043517191    -0.027583314     -0.33550682
           0.13          -0.006            0.03       2.4428736    0.0045684254    -0.025469804     -0.34326151
           0.13          -0.006           0.034       2.4494241    0.0058863699    -0.023263537     -0.35177991
           0.13          -0.006           0.038       2.4478357    0.0079422234    -0.019155429     -0.35984535
           0.13          -0.006           0.042       2.3869457    0.0098716478    -0.016257067     -0.37059081
           0.13          -0.006           0.046       1.9840785    0.0087560328    0.0037665475     -0.37858839
           0.13          -0.006            0.05          1.3919    -0.012291297      0.02021054     -0.39142302
           0.13          -0.006           0.054       1.0258287    -0.037218055     0.017344985     -0.39238518
           0.13          -0.006           0.058      0.76963908    -0.056520667     0.018880759     -0.39597196
           0.13          -0.006           0.062      0.58010611    -0.067603197      0.01276629     -0.39781064
           0.13          -0.006           0.066      0.44291906    -0.070321541    0.0053110224     -0.39935728
           0.13          -0.006            0.07      0.36219728    -0.061408069    0.0039992568      -0.4010276
           0.13          -0.006           0.074      0.33011716    -0.030506278      0.01631559     -0.40327623
           0.13          -0.006           0.078       0.3163587     0.017561166     0.034032668     -0.40502879
           0.13          -0.006           0.082      0.30727548     0.061076538     0.045608896     -0.40523422
           0.13          -0.006           0.086       0.3026064     0.087341347     0.050348585     -0.40462142
           0.13          -0.006            0.09      0.30145881     0.093164271     0.047863713      -0.4039973
           0.13          -0.006           0.094        0.300988     0.080281741     0.035530581     -0.40293552
           0.13          -0.006           0.098      0.27801859     0.049556771     0.016259727     -0.40113721
           0.13          -0.002          -0.098      0.24756534    -0.054424203  -0.00051686535     -0.39548172
           0.13          -0.002          -0.094      0.29922357     -0.02530792  -0.00040479181     -0.39574157
           0.13          -0.002           -0.09      0.30125223    -0.013166112    0.0040743447     -0.39687366
           0.13          -0.002          -0.086      0.31187471    -0.023622131    -0.010331893     -0.39808043
           0.13          -0.002          -0.082      0.32621205    -0.041967241    -0.028403786     -0.39958679
           0.13          -0.002          -0.078      0.34385922    -0.070583129    -0.045426085     -0.40080775
           0.13          -0.002          -0.074      0.37041803     -0.10652608    -0.055833936     -0.40110019
           0.13          -0.002           -0.07      0.42213183     -0.13802751    -0.058433664     -0.40004066
           0.13          -0.002          -0.066      0.51510539     -0.15196153    -0.054939584     -0.39835495
           0.13          -0.002          -0.062      0.65219897     -0.14593719    -0.049227231     -0.39608796
           0.13          -0.002          -0.058      0.83401018      -0.1240184    -0.041277947      -0.3937538
           0.13          -0.002          -0.054       1.0770524     -0.09235866     -0.03015164     -0.38961683
           0.13          -0.002           -0.05       1.4242108    -0.060193577    -0.030115915      -0.3879546
           0.13          -0.002          -0.046       1.9547874    -0.034615297    -0.018918635     -0.37570489
           0.13          -0.002          -0.042        2.370735    -0.028164871    0.0007227885     -0.36583672
           0.13          -0.002          -0.038       2.4459176    -0.026187029    0.0060504945     -0.35569089
           0.13          -0.002          -0.034       2.4498374    -0.024011713     0.010670216     -0.34770076
           0.13          -0.002           -0.03       2.4441216    -0.020841548     0.012272072     -0.33942515
           0.13          -0.002          -0.026       2.4358933    -0.016688122     0.013111113     -0.33162118
           0.13          -0.002          -0.022       2.4065345    -0.010116123     0.012354535     -0.32425948
           0.13          -0.002          -0.018       2.2803092    0.0077801532     0.012397266     -0.31736021
           0.13          -0.002          -0.014       1.9747504     0.020520771    0.0071195188     -0.31392627
           0.13          -0.002           -0.01       1.6864659     -0.01189612   -0.0090396208      -0.3122405
           0.13          -0.002          -0.006       1.5183655    -0.075679621    -0.033680033     -0.30651197
           0.13          -0.002          -0.002       1.4746545       -0.119918    -0.058666141     -0.30029556
           0.13          -0.002           0.002         1.54447    -0.095929755     -0.07616085     -0.30065333
           0.13          -0.002           0.006       1.7136306    -0.020506101    -0.068567054      -0.3038948
           0.13          -0.002            0.01       1.9617539     0.025135805    -0.053774853     -0.30705132
           0.13          -0.002           0.014       2.2276583     0.016484436    -0.043326287     -0.31193524
           0.13          -0.002           0.018       2.3803256    0.0011352925    -0.035434788     -0.31919088
           0.13          -0.002           0.022         2.42401   -0.0022301322    -0.031425473     -0.32644396
           0.13          -0.002           0.026       2.4354706   -0.0016925486    -0.028143521     -0.33448742
           0.13          -0.002            0.03       2.4417811  -0.00098185605    -0.025155211     -0.34249348
           0.13          -0.002           0.034       2.4476207   0.00030058762    -0.021773893     -0.35127355
           0.13          -0.002           0.038        2.442869    0.0026520836    -0.015788848     -0.35954387
           0.13          -0.002           0.042       2.3619441    0.0045635318   -0.0092602489     -0.37031918
           0.13          -0.002           0.046       1.9407473   -0.0080050859     0.014107739     -0.37905352
           0.13          -0.002            0.05       1.4234655    -0.042731108     0.030317653     -0.39063521
           0.13          -0.002           0.054       1.0579881    -0.065434406     0.026172013     -0.39307197
           0.13          -0.002           0.058      0.78022529    -0.076164541     0.019878207     -0.39729843
           0.13          -0.002           0.062      0.56485611    -0.078911958    0.0030715566     -0.39924857
           0.13          -0.002           0.066      0.40759911    -0.079803074    -0.018489269     -0.40063317
           0.13          -0.002            0.07      0.32847545    -0.078555624    -0.034643961     -0.40246955
           0.13          -0.002           0.074      0.31383232    -0.058661649    -0.031718539     -0.40556675
           0.13          -0.002           0.078      0.30805888    -0.012866733    -0.011631122     -0.40809242
           0.13          -0.002           0.082      0.29973429       0.0367158    0.0095435842     -0.40832273
           0.13          -0.002           0.086      0.29494535     0.070071499     0.022544755     -0.40677299
           0.13          -0.002            0.09      0.29372492     0.084914593     0.028110264     -0.40494903
           0.13          -0.002           0.094      0.29438856     0.084314258     0.023852469     -0.40298358
           0.13          -0.002           0.098       0.2727848     0.069598116     0.011390744     -0.40089472
           0.13           0.002          -0.098      0.24718907    -0.054716889    0.0075784259      -0.3935386
           0.13           0.002          -0.094      0.30472619    -0.029828083     0.007561761     -0.39396391
           0.13           0.002           -0.09      0.31302956    -0.014097579    0.0068188876     -0.39566284
           0.13           0.002          -0.086      0.32153601    -0.017082231   -0.0028395649      -0.3976064
           0.13           0.002          -0.082      0.32977822    -0.033409122    -0.015059803     -0.39986867
           0.13           0.002          -0.078      0.33577981    -0.064370678    -0.027158131     -0.40184683
           0.13           0.002          -0.074      0.34545752     -0.10683526    -0.036143994     -0.40236191
           0.13           0.002           -0.07      0.38227743     -0.14757675    -0.041307215     -0.40076848
           0.13           0.002          -0.066      0.47816589     -0.16968694    -0.046034903      -0.3986199
           0.13           0.002          -0.062      0.64201036     -0.17229598    -0.051057758     -0.39629965
           0.13           0.002          -0.058      0.86614548     -0.16004374    -0.055015164     -0.39340699
           0.13           0.002          -0.054       1.1584151     -0.13521491    -0.053249855     -0.38791877
           0.13           0.002           -0.05       1.5424424    -0.099936178    -0.051308822      -0.3837584
           0.13           0.002          -0.046       2.0550242    -0.060712777    -0.030015914     -0.37031096
           0.13           0.002          -0.042       2.3897055    -0.039020531   -0.0019492257     -0.36257226
           0.13           0.002          -0.038       2.4467058    -0.034279587    0.0072251044     -0.35297937
           0.13           0.002          -0.034       2.4492447    -0.030385993     0.014169962     -0.34564758
           0.13           0.002           -0.03       2.4435638    -0.025927867     0.017398294     -0.33778239
           0.13           0.002          -0.026       2.4359786    -0.020576114     0.019950192     -0.33036719
           0.13           0.002          -0.022       2.4117135    -0.012922168      0.02159067     -0.32332527
           0.13           0.002          -0.018       2.3092675    0.0048566532     0.026442812     -0.31642255
           0.13           0.002          -0.014       2.0496151     0.016126805     0.036412596     -0.31311989
           0.13           0.002           -0.01       1.8025314    -0.012340003       0.0352426      -0.3123356
           0.13           0.002          -0.006       1.6556718    -0.070108574     0.014268559     -0.30696587
           0.13           0.002          -0.002        1.602831     -0.11620092    -0.022230637     -0.29969193
           0.13           0.002           0.002       1.6542225     -0.10983386    -0.065248688     -0.29780535
           0.13           0.002           0.006       1.8010234    -0.056830452    -0.073683311      -0.3005431
           0.13           0.002            0.01        2.003105    -0.011890532    -0.056689159       -0.305284
           0.13           0.002           0.014       2.2373247   -0.0040240999    -0.042111015     -0.31096267
           0.13           0.002           0.018       2.3820875   -0.0059477753    -0.034240139     -0.31854911
           0.13           0.002           0.022       2.4239573   -0.0075912876    -0.031146471     -0.32616592
           0.13           0.002           0.026       2.4351468   -0.0074508647    -0.028005236     -0.33445149
           0.13           0.002            0.03       2.4415183   -0.0071791335    -0.024663858     -0.34261864
           0.13           0.002           0.034       2.4478549   -0.0067221004    -0.020761734      -0.3515054
           0.13           0.002           0.038       2.4461084   -0.0060427541     -0.01354753       -0.359558
           0.13           0.002           0.042       2.3926156   -0.0079557747   -0.0052040608     -0.37016429
           0.13           0.002           0.046       2.0644716    -0.029892209     0.025173657     -0.37705582
           0.13           0.002            0.05       1.5245973    -0.062164974     0.047753824     -0.39049224
           0.13           0.002           0.054       1.1070511    -0.078888044     0.039051533     -0.39467979
           0.13           0.002           0.058      0.78762054    -0.081542323     0.022532082     -0.39939669
           0.13           0.002           0.062      0.54427726    -0.076238807   -0.0052544493     -0.40121166
           0.13           0.002           0.066      0.37290922    -0.073452467    -0.039548842      -0.4019467
           0.13           0.002            0.07       0.3020312    -0.078869885    -0.071655541      -0.4032507
           0.13           0.002           0.074      0.30852111    -0.073783466    -0.086332472     -0.40641303
           0.13           0.002           0.078      0.31570642    -0.040120168    -0.076594601     -0.40922561
           0.13           0.002           0.082      0.30418677    0.0061856426    -0.052364567     -0.40975698
           0.13           0.002           0.086       0.2951575     0.044156401     -0.03092258     -0.40800631
           0.13           0.002            0.09      0.29301739     0.068170246    -0.015314154     -0.40543996
           0.13           0.002           0.094      0.29264986     0.078452865   -0.0071410729     -0.40319801
           0.13           0.002           0.098      0.26720538     0.071917246   -0.0044984667     -0.40177148
           0.13           0.006          -0.098      0.24641317    -0.063532601     0.013679012     -0.39189781
           0.13           0.006          -0.094      0.31542232    -0.037210535     0.016731447     -0.39245204
           0.13           0.006           -0.09      0.32431978      -0.0179783     0.017026027     -0.39465665
           0.13           0.006          -0.086      0.32916749     -0.01771059     0.014075918     -0.39731486
           0.13           0.006          -0.082       0.3312429     -0.03251921     0.010447666     -0.40032538
           0.13           0.006          -0.078      0.32740446    -0.063480039    0.0062597782     -0.40297894
           0.13           0.006          -0.074      0.31966145     -0.10780297    0.0019354536     -0.40365173
           0.13           0.006           -0.07      0.32867463     -0.15055297   -0.0031614351     -0.40121766
           0.13           0.006          -0.066      0.40634168      -0.1744587    -0.016670942     -0.39801722
           0.13           0.006          -0.062      0.57987773     -0.18022468    -0.036160845     -0.39566288
           0.13           0.006          -0.058      0.83564549     -0.17281392     -0.05588256     -0.39272112
           0.13           0.006          -0.054       1.1753771      -0.1550814    -0.067208856     -0.38599664
           0.13           0.006           -0.05       1.6175491     -0.12685692    -0.069019086     -0.37856708
           0.13           0.006          -0.046       2.1689119    -0.087029361    -0.032702865     -0.36121274
           0.13           0.006          -0.042       2.4161294    -0.056557199    0.0052003347     -0.35786512
           0.13           0.006          -0.038       2.4502354     -0.04496121     0.013567442     -0.35004076
           0.13           0.006          -0.034       2.4497191    -0.038437959     0.020099822     -0.34407421
           0.13           0.006           -0.03       2.4436237    -0.032669184     0.023671344      -0.3369716
           0.13           0.006          -0.026       2.4374008    -0.027072302     0.027015439      -0.3301618
           0.13           0.006          -0.022       2.4268631    -0.021779078     0.030983597     -0.32332906
           0.13           0.006          -0.018       2.3890892    -0.014296932     0.038596133     -0.31694258
           0.13           0.006          -0.014       2.2578216   -0.0082355906     0.059371399     -0.31154943
           0.13           0.006           -0.01       2.0468216    -0.024105703     0.072489273     -0.30924763
           0.13           0.006          -0.006       1.8911122    -0.063092982      0.06098467     -0.30485938
           0.13           0.006          -0.002        1.804077    -0.091357498     0.027214578     -0.30008105
           0.13           0.006           0.002       1.8321862     -0.09207951    -0.027833037     -0.29827301
           0.13           0.006           0.006       1.9990171    -0.069368096    -0.056746052       -0.299972
           0.13           0.006            0.01       2.1808819    -0.036683426    -0.054468148     -0.30567569
           0.13           0.006           0.014       2.3450978    -0.024533929    -0.046884187     -0.31215184
           0.13           0.006           0.018       2.4106971    -0.018383437    -0.036685103     -0.32013318
           0.13           0.006           0.022       2.4292643    -0.015067541     -0.03222921     -0.32766036
           0.13           0.006           0.026       2.4357514    -0.013920804    -0.028572493     -0.33583345
           0.13           0.006            0.03       2.4420591    -0.013756743    -0.025198279     -0.34390679
           0.13           0.006           0.034       2.4491462     -0.01409129    -0.021638216     -0.35261424
           0.13           0.006           0.038       2.4501344    -0.015153438    -0.015380082     -0.36027172
           0.13           0.006           0.042       2.4133942    -0.022594741   -0.0078781724     -0.37027415
           0.13           0.006           0.046       2.1347038    -0.045904491     0.028286325      -0.3759498
           0.13           0.006            0.05       1.5503418    -0.071191458     0.057393298     -0.39287023
           0.13           0.006           0.054       1.1025396    -0.080601672     0.044957315     -0.39762585
           0.13           0.006           0.058      0.76409767    -0.077744353     0.022869114     -0.40262293
           0.13           0.006           0.062      0.51161185    -0.066092569   -0.0097546887     -0.40445806
           0.13           0.006           0.066      0.33974864    -0.056777004     -0.04737032     -0.40462264
           0.13           0.006            0.07      0.27216804    -0.063598053    -0.087129824     -0.40528072
           0.13           0.006           0.074      0.29227269    -0.073658729     -0.11909434     -0.40769903
           0.13           0.006           0.078      0.32628465    -0.058265683     -0.12787971     -0.40928215
           0.13           0.006           0.082      0.33235669    -0.019924636     -0.11201461     -0.40894708
           0.13           0.006           0.086      0.31791468     0.017366624    -0.085392921     -0.40706839
           0.13           0.006            0.09      0.30889209     0.043370431    -0.059806834     -0.40484073
           0.13           0.006           0.094      0.30176309     0.058044054    -0.034967932     -0.40321442
           0.13           0.006           0.098      0.26405558     0.052406679    -0.013103422     -0.40279424
           0.13            0.01          -0.098      0.24090051    -0.077823651     0.018024999     -0.39048735
           0.13            0.01          -0.094      0.32786741    -0.050446113      0.02685619     -0.39145241
           0.13            0.01           -0.09       0.3359826    -0.029681136     0.031377152     -0.39369879
           0.13            0.01          -0.086      0.33741601    -0.029118691     0.036595642     -0.39675337
           0.13            0.01          -0.082      0.33528187    -0.043990108     0.042606427     -0.40025743
           0.13            0.01          -0.078      0.32670513    -0.074797578     0.048491112     -0.40334831
           0.13            0.01          -0.074      0.30705775     -0.11761555     0.053273345     -0.40411933
           0.13            0.01           -0.07      0.28493829     -0.15412021     0.052272648     -0.40104885
           0.13            0.01          -0.066      0.31983573     -0.16916412     0.032797587     -0.39672555
           0.13            0.01          -0.062      0.47483161     -0.17102881   -0.0011193052     -0.39450985
           0.13            0.01          -0.058      0.73224855     -0.16615327    -0.035366663     -0.39250803
           0.13            0.01          -0.054       1.0766965     -0.15334721    -0.059938112      -0.3866405
           0.13            0.01           -0.05       1.5111662     -0.13251771    -0.070706442     -0.38010529
           0.13            0.01          -0.046       2.0309368    -0.098867375    -0.039081998     -0.36208152
           0.13            0.01          -0.042       2.3748301    -0.072920477    0.0094871579     -0.35539203
           0.13            0.01          -0.038       2.4453349    -0.053119694     0.022239878     -0.34919627
           0.13            0.01          -0.034       2.4500812    -0.045293528     0.027755735     -0.34358346
           0.13            0.01           -0.03       2.4446566    -0.039458677     0.030757971     -0.33724574
           0.13            0.01          -0.026       2.4385857     -0.03459372     0.033815815     -0.33103717
           0.13            0.01          -0.022       2.4324921    -0.031043982     0.037851273     -0.32486684
           0.13            0.01          -0.018       2.4178972    -0.029370278     0.043368445     -0.31916233
           0.13            0.01          -0.014       2.3702361    -0.029343377     0.054841525     -0.31384089
           0.13            0.01           -0.01       2.2558014    -0.039055095     0.065593076     -0.31043352
           0.13            0.01          -0.006       2.1443658    -0.063053443     0.061916516     -0.30633841
           0.13            0.01          -0.002       2.0445549    -0.071948341     0.038551457     -0.30305893
           0.13            0.01           0.002       2.0455561    -0.067455246   -0.0030309267     -0.30250463
           0.13            0.01           0.006       2.1946425    -0.063421668    -0.030116265      -0.3048532
           0.13            0.01            0.01       2.2991969    -0.042951978    -0.036463818     -0.30986479
           0.13            0.01           0.014       2.3875334    -0.032764668     -0.03723659     -0.31588273
           0.13            0.01           0.018        2.421154    -0.026740432     -0.03408196      -0.3230688
           0.13            0.01           0.022       2.4314963    -0.022030309    -0.031537739     -0.33040395
           0.13            0.01           0.026       2.4371006    -0.020205508    -0.028808051     -0.33829043
           0.13            0.01            0.03       2.4438578    -0.019608331    -0.026200166      -0.3463346
           0.13            0.01           0.034       2.4500137    -0.020021226    -0.023136379     -0.35487853
           0.13            0.01           0.038       2.4440828     -0.02211264    -0.017306911     -0.36312393
           0.13            0.01           0.042       2.3583939    -0.036333067   -0.0038670439     -0.37218441
           0.13            0.01           0.046       1.9640871    -0.052569238     0.039790065     -0.38329811
           0.13            0.01            0.05       1.4402285    -0.074715045     0.058303803     -0.39755991
           0.13            0.01           0.054       1.0219406    -0.079595888     0.043480499     -0.40231748
           0.13            0.01           0.058      0.69961793    -0.073548373     0.020349195     -0.40723589
           0.13            0.01           0.062      0.46184579    -0.058213168    -0.010299622     -0.40932714
           0.13            0.01           0.066      0.30426108    -0.042089911    -0.041525614     -0.40957272
           0.13            0.01            0.07      0.23368179    -0.041761425    -0.073811645     -0.40982315
           0.13            0.01           0.074      0.24204027    -0.059771664     -0.11121592     -0.41179893
           0.13            0.01           0.078      0.29222225    -0.069559035     -0.13782383      -0.4131913
           0.13            0.01           0.082      0.34217463    -0.054511939     -0.13829661     -0.41239211
           0.13            0.01           0.086      0.36538113    -0.025235898     -0.10716746     -0.40939543
           0.13            0.01            0.09      0.36150237   0.00066291943    -0.068166078     -0.40640813
           0.13            0.01           0.094      0.33671578     0.017315025    -0.031065945     -0.40485954
           0.13            0.01           0.098      0.27454858     0.022252863   -0.0051283734     -0.40503241
           0.13           0.014          -0.098      0.23727837     -0.10710347      0.01263273      -0.3902601
           0.13           0.014          -0.094      0.33980901    -0.073243777     0.031260364      -0.3916166
           0.13           0.014           -0.09      0.34808491    -0.052765225     0.041462921     -0.39265479
           0.13           0.014          -0.086      0.34707932    -0.053375945     0.056875183     -0.39558976
           0.13           0.014          -0.082      0.34218639    -0.069698388     0.074246676     -0.39924238
           0.13           0.014          -0.078      0.32839704     -0.10126443     0.092608271     -0.40267858
           0.13           0.014          -0.074      0.29508503     -0.13942644      0.10852292     -0.40376628
           0.13           0.014           -0.07      0.24972979     -0.16149572      0.11011753     -0.40090608
           0.13           0.014          -0.066      0.24355455     -0.15972737     0.087628171     -0.39623945
           0.13           0.014          -0.062      0.35472518     -0.15286188       0.0450168     -0.39383534
           0.13           0.014          -0.058      0.58725675     -0.14832689  -0.00032019183     -0.39284647
           0.13           0.014          -0.054      0.90301626     -0.13961864    -0.035105781     -0.38922525
           0.13           0.014           -0.05        1.293112     -0.12480741    -0.055452873     -0.38272792
           0.13           0.014          -0.046       1.7424124      -0.0986152    -0.048286367     -0.37068829
           0.13           0.014          -0.042       2.1865257    -0.082277218   -0.0067468553     -0.35532164
           0.13           0.014          -0.038       2.4073431    -0.063095614     0.025187461     -0.35074928
           0.13           0.014          -0.034       2.4460466    -0.051853901     0.033743897     -0.34437751
           0.13           0.014           -0.03       2.4459521    -0.045575456     0.037060097     -0.33860047
           0.13           0.014          -0.026       2.4402417    -0.041313143     0.039082495      -0.3328005
           0.13           0.014          -0.022       2.4344989    -0.038442587     0.041512155     -0.32714468
           0.13           0.014          -0.018       2.4271318    -0.037980342     0.043763783     -0.32188851
           0.13           0.014          -0.014       2.4106612     -0.03990493     0.046780679     -0.31694998
           0.13           0.014           -0.01       2.3761408    -0.048291491     0.048534918     -0.31330378
           0.13           0.014          -0.006       2.3365154    -0.061410702       0.0438416     -0.31008523
           0.13           0.014          -0.002       2.2723898    -0.059636441     0.023996367     -0.30824381
           0.13           0.014           0.002        2.264439    -0.054400256     0.003192292     -0.30794626
           0.13           0.014           0.006       2.3519971    -0.056920066    -0.016892885     -0.31051123
           0.13           0.014            0.01       2.3879589     -0.04507914    -0.025260768      -0.3147984
           0.13           0.014           0.014       2.4139297     -0.03583762    -0.028344854     -0.32054718
           0.13           0.014           0.018       2.4268059    -0.030466595    -0.029704955     -0.32719569
           0.13           0.014           0.022       2.4333611    -0.026653927    -0.029686544     -0.33431614
           0.13           0.014           0.026       2.4395141    -0.025064145    -0.028578806     -0.34190297
           0.13           0.014            0.03       2.4464078    -0.024583356    -0.027171073     -0.34995359
           0.13           0.014           0.034       2.4478863    -0.025959563    -0.023812877      -0.3580564
           0.13           0.014           0.038       2.4132842    -0.031653089    -0.015705929      -0.3670243
           0.13           0.014           0.042       2.1884141    -0.048191678      0.01412603     -0.37466193
           0.13           0.014           0.046       1.7122261    -0.059683389     0.050638508       -0.390462
           0.13           0.014            0.05       1.2622185    -0.076677028     0.053538812     -0.40086348
           0.13           0.014           0.054      0.89099354     -0.07985037     0.038439134     -0.40733247
           0.13           0.014           0.058      0.60322648    -0.073639337     0.016345699     -0.41219747
           0.13           0.014           0.062      0.39422991    -0.058170692    -0.008678706      -0.4147401
           0.13           0.014           0.066      0.26024314     -0.03909057    -0.029978383     -0.41557181
           0.13           0.014            0.07      0.19378332    -0.029129168    -0.047583944     -0.41613648
           0.13           0.014           0.074      0.17912306    -0.037861203    -0.070138097     -0.41755452
           0.13           0.014           0.078       0.2030495    -0.059450455     -0.10262454     -0.41901624
           0.13           0.014           0.082      0.25698481    -0.076901575     -0.12559908     -0.41949505
           0.13           0.014           0.086      0.31957918    -0.077885353     -0.12161121     -0.41815024
           0.13           0.014            0.09      0.36207014    -0.062095008    -0.084150148      -0.4154712
           0.13           0.014           0.094      0.37590221    -0.031126211    -0.035360634     -0.41297859
           0.13           0.014           0.098      0.30059944     0.014699011   -0.0034216284     -0.41099171
           0.13           0.018          -0.098      0.25073757     -0.14378143    -0.011266385     -0.39115177
           0.13           0.018          -0.094       0.3461914      -0.1059316     0.018333663      -0.3922518
           0.13           0.018           -0.09      0.35495293    -0.091398164     0.037235215     -0.39148692
           0.13           0.018          -0.086      0.35039093    -0.096624288     0.068527586     -0.39432694
           0.13           0.018          -0.082      0.33788427     -0.11579198      0.10193653     -0.39843897
           0.13           0.018          -0.078      0.30368259      -0.1421016      0.13423665     -0.40211839
           0.13           0.018          -0.074      0.24856045     -0.16287835      0.15456931     -0.40321205
           0.13           0.018           -0.07      0.19364909     -0.16397916      0.14823497     -0.40136031
           0.13           0.018          -0.066      0.17681765     -0.14796563      0.12325994     -0.39793134
           0.13           0.018          -0.062      0.24887998     -0.13395113     0.082374128     -0.39561009
           0.13           0.018          -0.058      0.43693883     -0.12902777     0.035360181     -0.39424393
           0.13           0.018          -0.054      0.71094249     -0.12354642   -0.0046167038     -0.39150228
           0.13           0.018           -0.05       1.0496545     -0.11253214    -0.031707611     -0.38605085
           0.13           0.018          -0.046       1.4434803    -0.094486383    -0.039586066     -0.37628275
           0.13           0.018          -0.042       1.8663687    -0.076939588    -0.019972041      -0.3640405
           0.13           0.018          -0.038       2.2480954    -0.069074398     0.017880501     -0.35068045
           0.13           0.018          -0.034       2.4168868    -0.059105715     0.038998506     -0.34606786
           0.13           0.018           -0.03       2.4444345    -0.050761953     0.043548567     -0.34049233
           0.13           0.018          -0.026       2.4426506    -0.046298242     0.044189603     -0.33520618
           0.13           0.018          -0.022       2.4371212    -0.043387415     0.044725066     -0.33019456
           0.13           0.018          -0.018       2.4316679    -0.042274663     0.044485432     -0.32556178
           0.13           0.018          -0.014       2.4257525    -0.042941947     0.043460581     -0.32135867
           0.13           0.018           -0.01       2.4176376    -0.046966311      0.04020002      -0.3181446
           0.13           0.018          -0.006       2.4080371    -0.051624695     0.031876106     -0.31562398
           0.13           0.018          -0.002       2.3899054    -0.050045991      0.01587837     -0.31434748
           0.13           0.018           0.002       2.3875115     -0.04587695    0.0062859938     -0.31445618
           0.13           0.018           0.006       2.4106817    -0.045833657   -0.0075560533     -0.31720663
           0.13           0.018            0.01       2.4199803    -0.040972908    -0.017469868     -0.32093296
           0.13           0.018           0.014       2.4260846    -0.035711409      -0.0225579     -0.32618043
           0.13           0.018           0.018       2.4311237     -0.03184549    -0.026066112     -0.33226373
           0.13           0.018           0.022       2.4366424    -0.029202673    -0.028072657     -0.33903506
           0.13           0.018           0.026       2.4430845    -0.028139431    -0.028789257     -0.34624317
           0.13           0.018            0.03       2.4473415    -0.028250124    -0.029005055      -0.3540378
           0.13           0.018           0.034       2.4305777    -0.031785401    -0.025622696     -0.36188077
           0.13           0.018           0.038       2.2971519    -0.041186575    -0.010119451     -0.36947789
           0.13           0.018           0.042       1.9046855    -0.049180786     0.027761377     -0.38346218
           0.13           0.018           0.046       1.4535649    -0.065643834     0.048301917     -0.39652294
           0.13           0.018            0.05       1.0574126    -0.078752696     0.044353147      -0.4056074
           0.13           0.018           0.054      0.73370306    -0.082965832      0.02946024     -0.41228995
           0.13           0.018           0.058      0.48475767    -0.078663938     0.010157442     -0.41711662
           0.13           0.018           0.062      0.30903668    -0.065425894    -0.008547813      -0.4198615
           0.13           0.018           0.066      0.20060616    -0.047212681    -0.021015505     -0.42095639
           0.13           0.018            0.07      0.14526926     -0.03307961    -0.027078834     -0.42183058
           0.13           0.018           0.074      0.12453227    -0.030748169    -0.033169741     -0.42356465
           0.13           0.018           0.078      0.12322377    -0.040086889    -0.045432253     -0.42523529
           0.13           0.018           0.082      0.13816681    -0.058236735    -0.066791378     -0.42580401
           0.13           0.018           0.086      0.18102037    -0.082219046    -0.091131638     -0.42596711
           0.13           0.018            0.09      0.24527986     -0.09856971    -0.098811049      -0.4260748
           0.13           0.018           0.094      0.29993977    -0.085120953    -0.068903565     -0.42463403
           0.13           0.018           0.098      0.29463367    -0.021784265    -0.016663588     -0.42171572
           0.13           0.022          -0.098      0.26817962     -0.16499378    -0.031369339     -0.39074542
           0.13           0.022          -0.094      0.33607109     -0.14996299   -0.0039011369     -0.39195248
           0.13           0.022           -0.09      0.33419628     -0.14782219     0.029681411     -0.39119537
           0.13           0.022          -0.086      0.30673719     -0.15481519     0.081229831     -0.39386745
           0.13           0.022          -0.082      0.26130446     -0.16430789      0.12895716     -0.39800417
           0.13           0.022          -0.078      0.20214416     -0.16925894      0.16366096     -0.40134414
           0.13           0.022          -0.074      0.14376303     -0.16649064      0.17067623      -0.4028961
           0.13           0.022           -0.07      0.10730255     -0.15294481      0.15462532     -0.40267857
           0.13           0.022          -0.066      0.10848257     -0.13537038      0.12759699     -0.40100822
           0.13           0.022          -0.062      0.16444771     -0.12253205     0.096902457     -0.39925267
           0.13           0.022          -0.058       0.3038232     -0.11676717     0.060242756      -0.3973061
           0.13           0.022          -0.054      0.52818165     -0.11161562     0.022943784     -0.39382931
           0.13           0.022           -0.05      0.81628941     -0.10221297   -0.0061119126     -0.38892022
           0.13           0.022          -0.046       1.1559852    -0.087478026     -0.02168204     -0.38113914
           0.13           0.022          -0.042       1.5344377    -0.070983552    -0.019710003     -0.37156562
           0.13           0.022          -0.038       1.9360524    -0.060800832    0.0017282756     -0.35959587
           0.13           0.022          -0.034       2.2930227    -0.061752658     0.034705322     -0.34748043
           0.13           0.022           -0.03       2.4261202    -0.054529591     0.047771326     -0.34314204
           0.13           0.022          -0.026       2.4434437    -0.049390776     0.048428161     -0.33836723
           0.13           0.022          -0.022       2.4407716    -0.046308545     0.047473555     -0.33366063
           0.13           0.022          -0.018       2.4357642    -0.044335453     0.045502105     -0.32949819
           0.13           0.022          -0.014       2.4317595    -0.043271322     0.042154868     -0.32589074
           0.13           0.022           -0.01       2.4290649    -0.043979594     0.036547172       -0.323101
           0.13           0.022          -0.006       2.4265806    -0.044504277      0.02789789      -0.3211193
           0.13           0.022          -0.002       2.4225094    -0.043048156     0.016251994     -0.32046829
           0.13           0.022           0.002        2.422058    -0.040354209    0.0076699367     -0.32099515
           0.13           0.022           0.006       2.4268237    -0.039512224   -0.0019948873     -0.32355384
           0.13           0.022            0.01       2.4293045     -0.03672112    -0.011007021     -0.32718219
           0.13           0.022           0.014       2.4317894    -0.033604858    -0.017651703     -0.33220159
           0.13           0.022           0.018       2.4357935    -0.031160992    -0.022812274     -0.33798567
           0.13           0.022           0.022       2.4413894    -0.029575841    -0.026409964     -0.34457099
           0.13           0.022           0.026       2.4460462    -0.028976318    -0.028577507      -0.3516598
           0.13           0.022            0.03       2.4380432    -0.029896084    -0.029683401     -0.35919475
           0.13           0.022           0.034       2.3482827    -0.035321995    -0.022083061     -0.36718444
           0.13           0.022           0.038       2.0166038    -0.037225735    0.0077138365     -0.37835279
           0.13           0.022           0.042       1.5871204    -0.049794047     0.032790275     -0.39232824
           0.13           0.022           0.046       1.1883628    -0.068545087     0.038888228     -0.40231096
           0.13           0.022            0.05      0.84412908    -0.082687802     0.031782944     -0.41042825
           0.13           0.022           0.054      0.56527188    -0.089433603     0.017539704     -0.41668626
           0.13           0.022           0.058      0.35457041    -0.087513966    0.0011652668     -0.42127591
           0.13           0.022           0.062      0.21097585    -0.076630704    -0.012573908      -0.4238711
           0.13           0.022           0.066      0.12517609    -0.060226555    -0.019475969     -0.42494283
           0.13           0.022            0.07      0.08100518    -0.045526929    -0.019482858     -0.42578127
           0.13           0.022           0.074      0.06174256    -0.039188987    -0.016881393     -0.42732281
           0.13           0.022           0.078     0.055204907    -0.041871703    -0.015813018     -0.42923943
           0.13           0.022           0.082     0.054898481    -0.048767237    -0.016139037     -0.43061608
           0.13           0.022           0.086     0.061385567    -0.056332634    -0.021444615     -0.43110258
           0.13           0.022            0.09     0.090569081    -0.076593443    -0.051868738     -0.43195183
           0.13           0.022           0.094      0.14467511    -0.099998664    -0.071669123     -0.43306096
           0.13           0.022           0.098      0.15512601    -0.071470937    -0.030113829     -0.43105649
           0.13           0.026          -0.098      0.26646177     -0.17469723    -0.032686942     -0.39014094
           0.13           0.026          -0.094      0.26962274     -0.18982841   -0.0010839615     -0.39077404
           0.13           0.026           -0.09      0.21080761     -0.18849628     0.052535779      -0.3900933
           0.13           0.026          -0.086      0.14479825     -0.18146149      0.11129621     -0.39293289
           0.13           0.026          -0.082     0.086473689     -0.17097259       0.1492177     -0.39717115
           0.13           0.026          -0.078     0.043484777      -0.1598803      0.16156316     -0.40072814
           0.13           0.026          -0.074     0.020383746     -0.14911137      0.15175643     -0.40334501
           0.13           0.026           -0.07     0.020724819     -0.13943722       0.1331115     -0.40469469
           0.13           0.026          -0.066     0.042210488     -0.12967915      0.11437018     -0.40415194
           0.13           0.026          -0.062     0.091879978     -0.12156114     0.095702458     -0.40247558
           0.13           0.026          -0.058      0.19290369     -0.11518283     0.072311115     -0.40008261
           0.13           0.026          -0.054       0.3660818     -0.10765821     0.043611986     -0.39600746
           0.13           0.026           -0.05      0.60497004    -0.097144086     0.016743093     -0.39065815
           0.13           0.026          -0.046      0.89683894    -0.082935117   -0.0023051004     -0.38384763
           0.13           0.026          -0.042       1.2329571    -0.068181077    -0.009237952     -0.37497513
           0.13           0.026          -0.038       1.6090014    -0.055016194    -0.004230464     -0.36633455
           0.13           0.026          -0.034       2.0287554     -0.05381084     0.020230006     -0.35284228
           0.13           0.026           -0.03       2.3448604    -0.055769835     0.047716608     -0.34522052
           0.13           0.026          -0.026       2.4320899     -0.05089865     0.052034986     -0.34128711
           0.13           0.026          -0.022       2.4423388    -0.047577816     0.050475403      -0.3375037
           0.13           0.026          -0.018       2.4400983    -0.044528628     0.047541207     -0.33374096
           0.13           0.026          -0.014       2.4363893    -0.041669645     0.042982355     -0.33086158
           0.13           0.026           -0.01       2.4336033    -0.040076011     0.036464445     -0.32867199
           0.13           0.026          -0.006        2.431915    -0.038552369     0.028108713     -0.32735321
           0.13           0.026          -0.002        2.431069     -0.03687081     0.018322402     -0.32721641
           0.13           0.026           0.002       2.4311359    -0.034841704    0.0095798709     -0.32816445
           0.13           0.026           0.006        2.432178    -0.033696225   0.00087714772     -0.33067267
           0.13           0.026            0.01       2.4339715    -0.031867343      -0.0075549     -0.33408964
           0.13           0.026           0.014       2.4370189    -0.029992504    -0.014640692     -0.33884865
           0.13           0.026           0.018       2.4413609    -0.028761338    -0.020647301     -0.34430112
           0.13           0.026           0.022       2.4454869    -0.028161706    -0.025200761     -0.35069501
           0.13           0.026           0.026       2.4426681     -0.02762144    -0.027998587     -0.35740898
           0.13           0.026            0.03        2.392154    -0.029924093    -0.028276645     -0.36464968
           0.13           0.026           0.034       2.1305523    -0.032154238   -0.0074114182     -0.37224618
           0.13           0.026           0.038       1.6918195    -0.035596513     0.019601078     -0.38755005
           0.13           0.026           0.042       1.2913727     -0.05432444     0.028554408     -0.39673073
           0.13           0.026           0.046      0.93635632    -0.073649766     0.027833624     -0.40640198
           0.13           0.026            0.05      0.63672697     -0.08919004     0.017841485     -0.41392777
           0.13           0.026           0.054      0.39834146    -0.097533271    0.0035688578     -0.41984965
           0.13           0.026           0.058       0.2235471    -0.096952112    -0.011063641     -0.42394215
           0.13           0.026           0.062      0.10813029    -0.087543458    -0.021980113     -0.42607608
           0.13           0.026           0.066     0.040265563    -0.072853567    -0.026282793     -0.42691523
           0.13           0.026            0.07    0.0046730147    -0.058904011    -0.024179978     -0.42759337
           0.13           0.026           0.074    -0.012266086    -0.051100416    -0.018786498     -0.42879576
           0.13           0.026           0.078    -0.020261728    -0.051496355    -0.013454236      -0.4303098
           0.13           0.026           0.082    -0.024854954    -0.057098972   -0.0084989176     -0.43153989
           0.13           0.026           0.086    -0.025639423     -0.05894366   -0.0043342127     -0.43260825
           0.13           0.026            0.09    -0.025638175    -0.053170355    -0.012512282     -0.43407077
           0.13           0.026           0.094    -0.031519938    -0.076019486    -0.041538467     -0.43507766
           0.13           0.026           0.098     0.013920168    -0.093042836     -0.02258693     -0.43357705
           0.13            0.03          -0.098      0.22715776     -0.17515829    -0.010986643     -0.38764901
           0.13            0.03          -0.094      0.14582497      -0.2008884     0.039512699     -0.38914351
           0.13            0.03           -0.09     0.029761321      -0.1886187     0.093597576     -0.38914726
           0.13            0.03          -0.086     -0.04391927     -0.16717374      0.12841489     -0.39210355
           0.13            0.03          -0.082    -0.072560747     -0.15055349      0.13625009     -0.39661996
           0.13            0.03          -0.078    -0.078005287     -0.14260567      0.13179585     -0.40091032
           0.13            0.03          -0.074    -0.070912536     -0.13936743      0.12420513     -0.40408699
           0.13            0.03           -0.07    -0.052287125     -0.13554467      0.11550679     -0.40558854
           0.13            0.03          -0.066    -0.023318401       -0.130328      0.10563803     -0.40521479
           0.13            0.03          -0.062     0.021735041     -0.12487826     0.094585513     -0.40375441
           0.13            0.03          -0.058      0.09779947     -0.11891868     0.079743212     -0.40147607
           0.13            0.03          -0.054      0.22675233     -0.10992549     0.059504733     -0.39760425
           0.13            0.03           -0.05      0.41751192    -0.097055788     0.037203383      -0.3921705
           0.13            0.03          -0.046      0.66379568    -0.081215569     0.018372852     -0.38584721
           0.13            0.03          -0.042      0.95837163    -0.064372056    0.0069019058     -0.37843267
           0.13            0.03          -0.038       1.2998403    -0.049863409    0.0042239606     -0.37014749
           0.13            0.03          -0.034       1.6935423    -0.039118578     0.014731271     -0.36054183
           0.13            0.03           -0.03       2.0999766     -0.04204565     0.042403683     -0.34735702
           0.13            0.03          -0.026       2.3502734    -0.047090623     0.056686736      -0.3439643
           0.13            0.03          -0.022        2.426334    -0.046707561     0.055036551     -0.34099575
           0.13            0.03          -0.018       2.4410047    -0.043640567      0.05073422     -0.33805996
           0.13            0.03          -0.014       2.4410343    -0.039300914     0.044979581     -0.33586126
           0.13            0.03           -0.01       2.4387952    -0.036125443     0.037984585     -0.33419755
           0.13            0.03          -0.006       2.4369429    -0.033141771     0.029810016     -0.33343829
           0.13            0.03          -0.002       2.4362992    -0.030859905     0.020200141     -0.33384838
           0.13            0.03           0.002       2.4365885      -0.0291893     0.010991932     -0.33520817
           0.13            0.03           0.006       2.4377423    -0.028243781    0.0023617696     -0.33773882
           0.13            0.03            0.01       2.4399381    -0.027096214   -0.0055126868     -0.34107395
           0.13            0.03           0.014        2.443257    -0.025762064    -0.012499208     -0.34583211
           0.13            0.03           0.018       2.4456696    -0.025402203    -0.019211657     -0.35126354
           0.13            0.03           0.022       2.4407554    -0.025070459    -0.024776971     -0.35726706
           0.13            0.03           0.026       2.4022209    -0.023847793    -0.029324484     -0.36384053
           0.13            0.03            0.03       2.2225193    -0.022992318    -0.023652911      -0.3676292
           0.13            0.03           0.034       1.8142177    -0.022669816    0.0026895334     -0.38085015
           0.13            0.03           0.038       1.3861583    -0.037400104     0.017691733      -0.3930045
           0.13            0.03           0.042       1.0172073    -0.057890157     0.019118454     -0.40181014
           0.13            0.03           0.046      0.70185644    -0.078791136     0.013194507     -0.41008612
           0.13            0.03            0.05      0.44256248    -0.095374029    0.0012478989     -0.41670778
           0.13            0.03           0.054      0.24251008     -0.10427273    -0.013144254     -0.42172371
           0.13            0.03           0.058      0.10069994     -0.10383266     -0.02664852     -0.42483078
           0.13            0.03           0.062    0.0090310212    -0.095103421    -0.036065476      -0.4261783
           0.13            0.03           0.066    -0.045357027     -0.08192391    -0.039560286     -0.42656581
           0.13            0.03            0.07    -0.075386774    -0.069162793    -0.037752131     -0.42687031
           0.13            0.03           0.074    -0.091327566    -0.060857828     -0.03329466     -0.42756933
           0.13            0.03           0.078     -0.10089029    -0.058722643    -0.029425283     -0.42840946
           0.13            0.03           0.082     -0.10962341     -0.05989668    -0.028982292     -0.42890905
           0.13            0.03           0.086     -0.12124823    -0.054235247    -0.037558836     -0.42950276
           0.13            0.03            0.09     -0.14300494    -0.041768652    -0.053683882     -0.43048637
           0.13            0.03           0.094     -0.16547438    -0.057730007    -0.053434863     -0.43122877
           0.13            0.03           0.098     -0.11347333    -0.084759552    -0.019135311      -0.4295318
           0.13           0.034          -0.098       0.1325563     -0.16760998     0.012046726     -0.38283133
           0.13           0.034          -0.094    0.0025886488     -0.17831399      0.06301569     -0.38405056
           0.13           0.034           -0.09     -0.11881501     -0.16124567      0.10279277     -0.38645321
           0.13           0.034          -0.086     -0.16332378     -0.14514665      0.11660867     -0.39055942
           0.13           0.034          -0.082     -0.16723151     -0.13801388      0.11883878     -0.39513771
           0.13           0.034          -0.078     -0.15941141     -0.13516243      0.11903134     -0.39902726
           0.13           0.034          -0.074       -0.143849     -0.13357833      0.11739554     -0.40199568
           0.13           0.034           -0.07     -0.11976598     -0.13153255      0.11297452     -0.40366487
           0.13           0.034          -0.066    -0.088125273     -0.12863569      0.10667496     -0.40394788
           0.13           0.034          -0.062     -0.04641762     -0.12545394     0.098935557     -0.40318805
           0.13           0.034          -0.058     0.014029166     -0.12127469     0.088428353     -0.40151819
           0.13           0.034          -0.054      0.10937738     -0.11356879     0.073820249     -0.39842915
           0.13           0.034           -0.05      0.25507258      -0.1005118     0.056238367     -0.39361798
           0.13           0.034          -0.046      0.45494045    -0.083139765     0.039487707     -0.38778375
           0.13           0.034          -0.042      0.70462731    -0.063597507     0.027194941     -0.38138659
           0.13           0.034          -0.038       1.0000317    -0.044125939     0.021042603     -0.37473346
           0.13           0.034          -0.034       1.3403496     -0.02612041      0.02427619     -0.36672432
           0.13           0.034           -0.03       1.7053488    -0.014572113     0.038374183     -0.35788442
           0.13           0.034          -0.026       2.0480755    -0.019369597     0.055189668      -0.3488229
           0.13           0.034          -0.022       2.3036914    -0.033934706     0.062413036     -0.34376451
           0.13           0.034          -0.018       2.4151225    -0.038303342     0.057772887     -0.34228905
           0.13           0.034          -0.014       2.4400392    -0.034622401     0.049167742     -0.34075712
           0.13           0.034           -0.01       2.4431706    -0.031509212     0.040903309      -0.3400121
           0.13           0.034          -0.006        2.442392    -0.027390848     0.032439178     -0.34004711
           0.13           0.034          -0.002       2.4413748     -0.02421371     0.021930552     -0.34119804
           0.13           0.034           0.002       2.4417289    -0.022960377     0.011788899     -0.34301043
           0.13           0.034           0.006       2.4439632    -0.022731757    0.0030578867     -0.34557453
           0.13           0.034            0.01       2.4465326     -0.02237717   -0.0042449694     -0.34861697
           0.13           0.034           0.014       2.4477508     -0.02051701    -0.011204605     -0.35337766
           0.13           0.034           0.018       2.4383724    -0.018890957    -0.019848366     -0.35830957
           0.13           0.034           0.022       2.3802519    -0.015840436    -0.028636243     -0.36486283
           0.13           0.034           0.026       2.1861363   -0.0041138302     -0.02967334     -0.36975381
           0.13           0.034            0.03       1.8514933    -0.000227684    -0.016602683     -0.37914053
           0.13           0.034           0.034       1.4570474    -0.013404904   0.00069632717     -0.39086539
           0.13           0.034           0.038       1.0830804    -0.037221276    0.0065976364     -0.39965264
           0.13           0.034           0.042      0.75874759    -0.061379501    0.0036984835     -0.40685195
           0.13           0.034           0.046      0.48570602    -0.083837932   -0.0048247103     -0.41343358
           0.13           0.034            0.05      0.26749455      -0.1004876     -0.01743092     -0.41864653
           0.13           0.034           0.054      0.10510501     -0.10847635     -0.03115805      -0.4222307
           0.13           0.034           0.058   -0.0066228391     -0.10706696    -0.043215272     -0.42402089
           0.13           0.034           0.062    -0.078518249    -0.098421667    -0.051354981     -0.42440963
           0.13           0.034           0.066     -0.12281182    -0.086352178    -0.054719108     -0.42405618
           0.13           0.034            0.07     -0.14956889    -0.074572584    -0.054025132     -0.42366498
           0.13           0.034           0.074     -0.16621542    -0.065573824    -0.051557931     -0.42352736
           0.13           0.034           0.078     -0.17807927    -0.059577722    -0.050491292     -0.42334701
           0.13           0.034           0.082     -0.18958193     -0.05380891    -0.055620982     -0.42307798
           0.13           0.034           0.086     -0.20927569    -0.046979986    -0.065460209     -0.42290919
           0.13           0.034            0.09     -0.23792634    -0.050314341    -0.063806835     -0.42261886
           0.13           0.034           0.094     -0.25031165    -0.073505451     -0.04312676     -0.42127353
           0.13           0.034           0.098     -0.19432611    -0.091419725    -0.016611261     -0.41796461
           0.13           0.038          -0.098     0.036788872     -0.15280052     0.018551354     -0.37914956
           0.13           0.038          -0.094     -0.11752859     -0.14564304     0.061471835      -0.3792956
           0.13           0.038           -0.09     -0.21269216     -0.13288856     0.093816673     -0.38307562
           0.13           0.038          -0.086     -0.23810108     -0.12729449      0.10790507     -0.38754154
           0.13           0.038          -0.082     -0.23464647      -0.1255417      0.11418651     -0.39183071
           0.13           0.038          -0.078     -0.22220548     -0.12446329      0.11738456     -0.39554334
           0.13           0.038          -0.074      -0.2038082     -0.12378006      0.11799836     -0.39846986
           0.13           0.038           -0.07     -0.17880176     -0.12329796      0.11597252     -0.40045075
           0.13           0.038          -0.066     -0.14743196     -0.12279414       0.1119436     -0.40136964
           0.13           0.038          -0.062     -0.10898218      -0.1219961      0.10631984     -0.40137377
           0.13           0.038          -0.058    -0.058847769      -0.1200799     0.098521241      -0.4005315
           0.13           0.038          -0.054      0.01290423     -0.11504037     0.087695434     -0.39848594
           0.13           0.038           -0.05      0.12031668     -0.10455701      0.07409448     -0.39485406
           0.13           0.038          -0.046      0.27411951    -0.088160725     0.059891641     -0.38989702
           0.13           0.038          -0.042      0.47612592    -0.067566952     0.048157121       -0.384291
           0.13           0.038          -0.038       0.7220128    -0.045070343     0.040863512     -0.37862862
           0.13           0.038          -0.034        1.005165    -0.021991153     0.040082862     -0.37248047
           0.13           0.038           -0.03       1.3125664   -0.0021294358     0.046950172     -0.36555562
           0.13           0.038          -0.026       1.6264038    0.0072795672     0.053972935     -0.36031233
           0.13           0.038          -0.022        1.952167   0.00079591152     0.060705442     -0.35315654
           0.13           0.038          -0.018       2.2533855    -0.016237197     0.066967412     -0.34549774
           0.13           0.038          -0.014       2.4000112    -0.024281879      0.05839702     -0.34639811
           0.13           0.038           -0.01       2.4363933       -0.023793      0.04608245     -0.34526903
           0.13           0.038          -0.006       2.4420508    -0.018657846     0.036252344     -0.34540135
           0.13           0.038          -0.002       2.4381042    -0.014133201     0.023608667     -0.34769427
           0.13           0.038           0.002       2.4364765    -0.013946031       0.0117046      -0.3502041
           0.13           0.038           0.006        2.443257     -0.01536664    0.0033691168     -0.35257992
           0.13           0.038            0.01       2.4476727     -0.01631504   -0.0032497827     -0.35537663
           0.13           0.038           0.014        2.436951    -0.011753442    -0.010778533     -0.36099645
           0.13           0.038           0.018       2.3668067   -0.0049950115    -0.023802649     -0.36681776
           0.13           0.038           0.022       2.1167014      0.01128901     -0.02682734     -0.37406034
           0.13           0.038           0.026       1.7721037      0.01994841    -0.021951891     -0.38431617
           0.13           0.038            0.03       1.4408318    0.0096854463    -0.017340691      -0.3914158
           0.13           0.038           0.034       1.1094201    -0.014086274   -0.0091050359     -0.39922938
           0.13           0.038           0.038      0.79678006    -0.041556274   -0.0079106715      -0.4057936
           0.13           0.038           0.042      0.52241314    -0.067385888    -0.013399713     -0.41125162
           0.13           0.038           0.046       0.2948351    -0.089447775    -0.023051187     -0.41611686
           0.13           0.038            0.05      0.11859338     -0.10444849    -0.035020147     -0.41962043
           0.13           0.038           0.054   -0.0080301576     -0.11030706    -0.047006799     -0.42154861
           0.13           0.038           0.058    -0.093543233     -0.10749107    -0.056849637     -0.42203833
           0.13           0.038           0.062     -0.14935001    -0.098818049    -0.063306769     -0.42149776
           0.13           0.038           0.066     -0.18566804    -0.087762226    -0.065866387     -0.42050711
           0.13           0.038            0.07     -0.20988045    -0.077103615    -0.065105133     -0.41957318
           0.13           0.038           0.074     -0.22728541    -0.068454117    -0.062247731     -0.41890619
           0.13           0.038           0.078     -0.24096357    -0.062109759    -0.058639599     -0.41837819
           0.13           0.038           0.082     -0.25263526    -0.058168912     -0.05473928     -0.41777249
           0.13           0.038           0.086     -0.26439185    -0.057379667    -0.048423907     -0.41676185
           0.13           0.038            0.09     -0.27693701    -0.060030594    -0.038384919      -0.4155421
           0.13           0.038           0.094     -0.27550191     -0.06611125    -0.026493279     -0.41342645
           0.13           0.038           0.098     -0.20454872    -0.073529535    -0.015918181     -0.41029415
           0.13           0.042          -0.098    -0.047008051     -0.13473046     0.020586363     -0.37543083
           0.13           0.042          -0.094     -0.19905188     -0.12717919     0.061536717     -0.37597595
           0.13           0.042           -0.09     -0.27000541     -0.11654665     0.090098443      -0.3802525
           0.13           0.042          -0.086     -0.28613958     -0.11499675      0.10426423      -0.3847036
           0.13           0.042          -0.082     -0.28100073     -0.11542643      0.11211328     -0.38870095
           0.13           0.042          -0.078     -0.26820574     -0.11517819      0.11689849     -0.39219293
           0.13           0.042          -0.074     -0.25021057     -0.11480762       0.1191818     -0.39501422
           0.13           0.042           -0.07      -0.2266959     -0.11497995      0.11914388     -0.39709554
           0.13           0.042          -0.066     -0.19766842       -0.115709      0.11712842     -0.39840774
           0.13           0.042          -0.062     -0.16303968     -0.11647784      0.11343851     -0.39899881
           0.13           0.042          -0.058      -0.1205352     -0.11643119      0.10793518     -0.39892131
           0.13           0.042          -0.054     -0.06465225     -0.11393914      0.10014749     -0.39792507
           0.13           0.042           -0.05     0.013962596     -0.10690835     0.090048218     -0.39562969
           0.13           0.042          -0.046      0.12677088       -0.093826     0.078646575     -0.39198213
           0.13           0.042          -0.042      0.28147908    -0.074852754      0.06803157     -0.38734454
           0.13           0.042          -0.038      0.47811542    -0.051874376       0.0603022     -0.38240471
           0.13           0.042          -0.034       0.7106948     -0.02682054     0.057194729     -0.37735061
           0.13           0.042           -0.03      0.96905647   -0.0028780553     0.059592179     -0.37216659
           0.13           0.042          -0.026       1.2454065     0.014772895     0.064700052     -0.36738699
           0.13           0.042          -0.022       1.5432693      0.02492301     0.067925087     -0.36376688
           0.13           0.042          -0.018       1.8664801     0.023844715     0.072620454     -0.35695791
           0.13           0.042          -0.014       2.1716953     0.010096647      0.07530626      -0.3503442
           0.13           0.042           -0.01       2.3547234   -0.0078400928     0.063628235     -0.35116702
           0.13           0.042          -0.006       2.4043305   -0.0085112381     0.045953966     -0.35296438
           0.13           0.042          -0.002       2.3802709   -0.0022809012      0.02684361     -0.35653754
           0.13           0.042           0.002       2.3578911   -0.0043148016     0.011334288     -0.35979194
           0.13           0.042           0.006       2.3955369   -0.0098566848    0.0038665415     -0.36220718
           0.13           0.042            0.01       2.4184216    -0.010612198   -0.0036239741     -0.36401996
           0.13           0.042           0.014        2.338978    0.0054278589    -0.017655367     -0.36926577
           0.13           0.042           0.018       2.0836719     0.027137049    -0.027130266     -0.37532099
           0.13           0.042           0.022       1.7186411     0.033659998    -0.024303359     -0.38738759
           0.13           0.042           0.026       1.3896331     0.022147484    -0.024111216     -0.39315854
           0.13           0.042            0.03       1.0902783    0.0022045597    -0.020032708     -0.39927131
           0.13           0.042           0.034      0.80783702    -0.023688764    -0.017159216      -0.4052373
           0.13           0.042           0.038       0.5468885    -0.050606889     -0.02008767     -0.41038483
           0.13           0.042           0.042      0.32068183    -0.074998367    -0.027790938     -0.41461035
           0.13           0.042           0.046      0.13783195    -0.094860048      -0.0377818     -0.41780223
           0.13           0.042            0.05   0.00092535632     -0.10712719    -0.048141444      -0.4195584
           0.13           0.042           0.054    -0.094927793     -0.11065839    -0.057608224     -0.41999538
           0.13           0.042           0.058     -0.15962378     -0.10677456     -0.06495254     -0.41940383
           0.13           0.042           0.062     -0.20323552    -0.098498887    -0.069478314      -0.4182028
           0.13           0.042           0.066      -0.2333026    -0.088794438    -0.070960035     -0.41678866
           0.13           0.042            0.07     -0.25516216    -0.079744825    -0.069751773      -0.4155087
           0.13           0.042           0.074      -0.2722481    -0.072516581    -0.066386833     -0.41444833
           0.13           0.042           0.078     -0.28615235    -0.067440904    -0.061388267     -0.41351081
           0.13           0.042           0.082     -0.29769658    -0.064075983    -0.055012398     -0.41256486
           0.13           0.042           0.086     -0.30722578    -0.061286649    -0.047481478      -0.4114116
           0.13           0.042            0.09     -0.31279539    -0.058278595     -0.03972575     -0.40985759
           0.13           0.042           0.094     -0.30043397    -0.056158614    -0.031530215     -0.40753228
           0.13           0.042           0.098     -0.21493545    -0.057346608    -0.017032025     -0.40521079
           0.13           0.046          -0.098     -0.12782096     -0.12920617     0.025413255     -0.37048721
           0.13           0.046          -0.094     -0.27308636     -0.12352721     0.063068327     -0.37224854
           0.13           0.046           -0.09     -0.32181987     -0.11410277     0.089335076     -0.37707903
           0.13           0.046          -0.086     -0.32802578     -0.11148624      0.10353725     -0.38154533
           0.13           0.046          -0.082      -0.3197084     -0.11072158      0.11180337     -0.38542693
           0.13           0.046          -0.078     -0.30582703     -0.10978455      0.11701283     -0.38885065
           0.13           0.046          -0.074     -0.28795279     -0.10898139      0.12000043     -0.39167966
           0.13           0.046           -0.07      -0.2658573     -0.10894887      0.12112571     -0.39389363
           0.13           0.046          -0.066     -0.23933408     -0.10984469      0.12058163     -0.39550881
           0.13           0.046          -0.062     -0.20833791     -0.11122156      0.11855537     -0.39653776
           0.13           0.046          -0.058     -0.17176774     -0.11222376      0.11504899     -0.39706584
           0.13           0.046          -0.054     -0.12653966     -0.11155959      0.10986269     -0.39694867
           0.13           0.046           -0.05    -0.067398818      -0.1074905      0.10294488     -0.39589771
           0.13           0.046          -0.046     0.013822409    -0.098296188     0.094703983     -0.39371326
           0.13           0.046          -0.042       0.1263051    -0.082988059     0.086206819     -0.39047182
           0.13           0.046          -0.038      0.27537886    -0.062067573     0.079046034     -0.38659022
           0.13           0.046          -0.034      0.45956159    -0.037338237      0.07494735     -0.38257005
           0.13           0.046           -0.03       0.6719025    -0.011640112     0.074969244     -0.37879409
           0.13           0.046          -0.026      0.90571466     0.011505249     0.077857605     -0.37556557
           0.13           0.046          -0.022       1.1604509      0.03049922     0.081586221     -0.37257387
           0.13           0.046          -0.018       1.4360019     0.046189933     0.086377691     -0.36856862
           0.13           0.046          -0.014       1.7153206     0.052043784     0.087395176     -0.36473046
           0.13           0.046           -0.01       1.9835194     0.042224639     0.084451873     -0.35920058
           0.13           0.046          -0.006        2.139568      0.03308589     0.074201067     -0.35629687
           0.13           0.046          -0.002       2.0549769     0.030772549     0.050341085      -0.3628161
           0.13           0.046           0.002       1.9565115     0.020516723     0.019864754     -0.36840675
           0.13           0.046           0.006       2.0536173     0.013163668    0.0022466333     -0.36843743
           0.13           0.046            0.01       2.1733115     0.018559922   -0.0060335484     -0.36770478
           0.13           0.046           0.014       1.9557282     0.045028874    -0.017911713     -0.37817662
           0.13           0.046           0.018        1.648251     0.051510554    -0.025263026     -0.38830817
           0.13           0.046           0.022       1.3346429     0.034386997    -0.025991516     -0.39632302
           0.13           0.046           0.026       1.0488689      0.01153107    -0.023974424     -0.40172739
           0.13           0.046            0.03      0.79185184    -0.012652703    -0.021796294     -0.40615188
           0.13           0.046           0.034      0.55508082    -0.037337843    -0.022536654     -0.41056279
           0.13           0.046           0.038      0.34173772     -0.06095583     -0.02851934     -0.41439161
           0.13           0.046           0.042      0.16084385    -0.082170528    -0.037489835     -0.41710029
           0.13           0.046           0.046     0.018410557    -0.099002899    -0.046756027     -0.41849289
           0.13           0.046            0.05    -0.085863736     -0.10856317    -0.055020119     -0.41865242
           0.13           0.046           0.054     -0.15852546     -0.11032236    -0.062084611     -0.41787789
           0.13           0.046           0.058     -0.20861891     -0.10608595    -0.067305371     -0.41653878
           0.13           0.046           0.062     -0.24384645     -0.09861153    -0.070384716     -0.41487671
           0.13           0.046           0.066     -0.26961825    -0.090312983     -0.07125594     -0.41319445
           0.13           0.046            0.07     -0.28976854    -0.082725711    -0.070086444     -0.41166914
           0.13           0.046           0.074     -0.30635009    -0.076645746    -0.067193167     -0.41026551
           0.13           0.046           0.078     -0.32032866    -0.072223296    -0.062930174      -0.4089089
           0.13           0.046           0.082     -0.33214458    -0.068930621    -0.057588518     -0.40748069
           0.13           0.046           0.086     -0.34165337    -0.065751278    -0.051285685     -0.40584477
           0.13           0.046            0.09     -0.34648913     -0.06191063    -0.043949365     -0.40405315
           0.13           0.046           0.094     -0.33262941    -0.059129256    -0.033483151     -0.40209539
           0.13           0.046           0.098     -0.24504938    -0.059843216    -0.014972826     -0.40046199
           0.13            0.05          -0.098     -0.19579045     -0.12748434     0.029803424       -0.365409
           0.13            0.05          -0.094     -0.33064179     -0.12524443     0.066674814     -0.36859953
           0.13            0.05           -0.09     -0.36489313     -0.11641918     0.089967279     -0.37384395
           0.13            0.05          -0.086     -0.36470816     -0.11180902      0.10309214     -0.37840212
           0.13            0.05          -0.082     -0.35385379     -0.10924064      0.11118245     -0.38229908
           0.13            0.05          -0.078     -0.33882168     -0.10727685      0.11647597     -0.38573254
           0.13            0.05          -0.074      -0.3207145     -0.10587107       0.1198028     -0.38862377
           0.13            0.05           -0.07     -0.29941191     -0.10540066      0.12159849     -0.39097887
           0.13            0.05          -0.066     -0.27469486     -0.10600958      0.12204026     -0.39283702
           0.13            0.05          -0.062     -0.24646414     -0.10738306      0.12126656     -0.39421254
           0.13            0.05          -0.058     -0.21424403      -0.1087873      0.11934751     -0.39518975
           0.13            0.05          -0.054     -0.17625276     -0.10920501        0.116265     -0.39575238
           0.13            0.05           -0.05      -0.1295427     -0.10723894      0.11199781     -0.39569194
           0.13            0.05          -0.046    -0.069482365     -0.10138646      0.10678497     -0.39483792
           0.13            0.05          -0.042     0.010696151     -0.09028008      0.10109538     -0.39309541
           0.13            0.05          -0.038      0.11805869    -0.073395428       0.0957133     -0.39061589
           0.13            0.05          -0.034      0.25613283    -0.051479964     0.091791919     -0.38773169
           0.13            0.05           -0.03      0.42278522    -0.026776571     0.090467826     -0.38495304
           0.13            0.05          -0.026      0.61269307   -0.0020747456     0.091744997     -0.38267351
           0.13            0.05          -0.022      0.82152394      0.02125942     0.094792367     -0.38081653
           0.13            0.05          -0.018       1.0445689      0.04309998      0.10031156     -0.37848442
           0.13            0.05          -0.014       1.2694064     0.060327009      0.10694748      -0.3764946
           0.13            0.05           -0.01       1.4696879     0.070527122      0.11086019     -0.37547037
           0.13            0.05          -0.006       1.5859505     0.069782005      0.10657898     -0.37391856
           0.13            0.05          -0.002       1.5527959     0.057530518      0.08815707     -0.37647068
           0.13            0.05           0.002       1.4661654     0.039244104     0.053503088     -0.38022295
           0.13            0.05           0.006       1.4864162     0.036281278     0.015592045     -0.38217451
           0.13            0.05            0.01       1.5724032     0.051534319   -0.0047445422     -0.38287407
           0.13            0.05           0.014       1.4658654     0.061672879    -0.014679325     -0.38936636
           0.13            0.05           0.018         1.24407     0.047597661    -0.019921676     -0.39685987
           0.13            0.05           0.022       0.9937508     0.018864427    -0.019812171     -0.40359379
           0.13            0.05           0.026      0.75841925    -0.010286959    -0.019047571     -0.40738606
           0.13            0.05            0.03      0.54663189     -0.03378912     -0.01854332     -0.41092472
           0.13            0.05           0.034      0.35568394    -0.053051998    -0.022303844     -0.41449864
           0.13            0.05           0.038      0.18697464    -0.070559142    -0.030662992     -0.41717399
           0.13            0.05           0.042     0.045449151    -0.087209811    -0.040359243     -0.41837132
           0.13            0.05           0.046    -0.065459664     -0.10099244     -0.04894144     -0.41821818
           0.13            0.05            0.05     -0.14685925     -0.10861978    -0.055906456     -0.41712981
           0.13            0.05           0.054      -0.2045201     -0.10960382    -0.061268861      -0.4155546
           0.13            0.05           0.058     -0.24553217     -0.10563146    -0.065219481     -0.41369339
           0.13            0.05           0.062     -0.27557689    -0.099131742    -0.067639334     -0.41172485
           0.13            0.05           0.066     -0.29883918    -0.092080106    -0.068463249     -0.40985963
           0.13            0.05            0.07     -0.31801839    -0.085637501    -0.067771191     -0.40811375
           0.13            0.05           0.074     -0.33443107    -0.080378713    -0.065737917     -0.40641467
           0.13            0.05           0.078     -0.34872563    -0.076356775    -0.062523037     -0.40471472
           0.13            0.05           0.082     -0.36114719    -0.073126915    -0.058195902     -0.40294341
           0.13            0.05           0.086     -0.37142169    -0.069966299    -0.052524095     -0.40107512
           0.13            0.05            0.09     -0.37736619    -0.066494769    -0.044921004     -0.39926332
           0.13            0.05           0.094     -0.36643074    -0.064129757    -0.033178883     -0.39749947
           0.13            0.05           0.098     -0.28652493     -0.06294669    -0.014289687     -0.39611068
           0.13           0.054          -0.098     -0.24543364     -0.13150452       0.0330856     -0.36072705
           0.13           0.054          -0.094     -0.37412708     -0.13081475     0.070003594     -0.36497043
           0.13           0.054           -0.09     -0.40196837     -0.12147841     0.090910328     -0.37039307
           0.13           0.054          -0.086     -0.39818191     -0.11479791      0.10271994     -0.37514738
           0.13           0.054          -0.082     -0.38536247     -0.11041755      0.11021272     -0.37918284
           0.13           0.054          -0.078     -0.36917032     -0.10726684      0.11530625     -0.38271571
           0.13           0.054          -0.074     -0.35054139     -0.10509308      0.11871889     -0.38573301
           0.13           0.054           -0.07      -0.3294582     -0.10403228       0.1208552     -0.38826303
           0.13           0.054          -0.066     -0.30576454       -0.104147      0.12189532     -0.39035505
           0.13           0.054          -0.062     -0.27933977      -0.1051973      0.12195982     -0.39203507
           0.13           0.054          -0.058     -0.24998204     -0.10660001      0.12116143     -0.39336114
           0.13           0.054          -0.054     -0.21678016     -0.10752941      0.11958651     -0.39442479
           0.13           0.054           -0.05     -0.17792323      -0.1069198      0.11731528     -0.39512342
           0.13           0.054          -0.046     -0.13088013     -0.10350283        0.114512     -0.39531548
           0.13           0.054          -0.042    -0.071800943    -0.096032317       0.1114768     -0.39491509
           0.13           0.054          -0.038    0.0045410869     -0.08355293      0.10852322     -0.39390173
           0.13           0.054          -0.034      0.10327656     -0.06600184      0.10602432     -0.39240786
           0.13           0.054           -0.03      0.22666112    -0.044511418      0.10447169     -0.39069553
           0.13           0.054          -0.026      0.37299184    -0.021185798      0.10424345     -0.38910054
           0.13           0.054          -0.022        0.537913    0.0023994739      0.10558747     -0.38772603
           0.13           0.054          -0.018      0.71425631     0.025570256      0.10947952     -0.38624441
           0.13           0.054          -0.014      0.88989827     0.045870524      0.11590849     -0.38467623
           0.13           0.054           -0.01       1.0446768     0.060385492      0.12280904     -0.38282872
           0.13           0.054          -0.006       1.1425242     0.065695939      0.12514162      -0.3816463
           0.13           0.054          -0.002       1.1531352     0.057846958      0.11632118     -0.38209983
           0.13           0.054           0.002       1.1130819     0.042839009     0.088268329     -0.38320419
           0.13           0.054           0.006       1.1088493     0.038630245     0.049250655     -0.38406825
           0.13           0.054            0.01       1.1435797     0.050974771     0.022352523     -0.38571898
           0.13           0.054           0.014       1.0810222     0.052072351    0.0098939443      -0.3932259
           0.13           0.054           0.018      0.91848367     0.029856162    0.0017737627     -0.40185083
           0.13           0.054           0.022       0.7205191   -0.0062215916   -0.0035899988     -0.40753015
           0.13           0.054           0.026      0.53046078    -0.038053373   -0.0061910316     -0.41060863
           0.13           0.054            0.03      0.36305539    -0.056956888   -0.0080289327     -0.41371261
           0.13           0.054           0.034      0.21565247    -0.066913101    -0.014270026      -0.4166939
           0.13           0.054           0.038     0.084454429    -0.076190051    -0.024697803     -0.41843883
           0.13           0.054           0.042    -0.028847485    -0.088039447     -0.03580045     -0.41856322
           0.13           0.054           0.046     -0.12027496    -0.099801121    -0.045013335     -0.41734032
           0.13           0.054            0.05     -0.18885897     -0.10704854    -0.051854743     -0.41542526
           0.13           0.054           0.054     -0.23844248     -0.10834907    -0.056636092     -0.41328036
           0.13           0.054           0.058     -0.27445968     -0.10513841    -0.060277963     -0.41103268
           0.13           0.054           0.062     -0.30175409    -0.099700885    -0.062693727     -0.40886265
           0.13           0.054           0.066     -0.32382838     -0.09373719    -0.063880912     -0.40683115
           0.13           0.054            0.07     -0.34266736    -0.088214938    -0.063877285     -0.40486964
           0.13           0.054           0.074     -0.35925331     -0.08361546    -0.062734485      -0.4029177
           0.13           0.054           0.078     -0.37406831    -0.080010077    -0.060469582     -0.40093605
           0.13           0.054           0.082     -0.38724399    -0.077129183    -0.056986991     -0.39888773
           0.13           0.054           0.086     -0.39847511    -0.074577752    -0.051921361     -0.39679405
           0.13           0.054            0.09     -0.40584515    -0.072261413    -0.044655297     -0.39481687
           0.13           0.054           0.094     -0.39794635    -0.071072766     -0.03331376     -0.39294026
           0.13           0.054           0.098     -0.32439831    -0.068865075    -0.014915048     -0.39150424
           0.13           0.058          -0.098     -0.28024965      -0.1402709     0.036132091     -0.35637002
           0.13           0.058          -0.094      -0.4116522     -0.13961763     0.072619419     -0.36127297
           0.13           0.058           -0.09     -0.43586765      -0.1281651     0.091862709      -0.3668453
           0.13           0.058          -0.086     -0.42978842     -0.11923424      0.10244434     -0.37185838
           0.13           0.058          -0.082     -0.41532519     -0.11319118      0.10910345     -0.37607589
           0.13           0.058          -0.078     -0.39792114     -0.10891577      0.11376203     -0.37974993
           0.13           0.058          -0.074     -0.37851252     -0.10596195      0.11704599     -0.38292333
           0.13           0.058           -0.07     -0.35718295      -0.1042742      0.11928456     -0.38564568
           0.13           0.058          -0.066     -0.33384997     -0.10382587      0.12063658     -0.38797275
           0.13           0.058          -0.062      -0.3084045     -0.10441042      0.12120254      -0.3899426
           0.13           0.058          -0.058     -0.28072089     -0.10557568      0.12110958     -0.39159072
           0.13           0.058          -0.054     -0.25040415     -0.10665996      0.12050236     -0.39301535
           0.13           0.058           -0.05     -0.21643671     -0.10681568      0.11953305      -0.3942589
           0.13           0.058          -0.046     -0.17724269     -0.10504283      0.11840262     -0.39523573
           0.13           0.058          -0.042      -0.1306456     -0.10025216      0.11732651     -0.39587283
           0.13           0.058          -0.038    -0.073708808    -0.091517984      0.11649166     -0.39612528
           0.13           0.058          -0.034    -0.002771839      -0.0783737      0.11591653     -0.39598408
           0.13           0.058           -0.03     0.085462078    -0.061269963      0.11538634     -0.39552088
           0.13           0.058          -0.026      0.19220684    -0.041461885      0.11471117     -0.39480691
           0.13           0.058          -0.022      0.31572263    -0.020369462       0.1143034     -0.39390132
           0.13           0.058          -0.018      0.45054598    0.0010919778      0.11571154     -0.39279488
           0.13           0.058          -0.014      0.58632811     0.021325324      0.12022661     -0.39163472
           0.13           0.058           -0.01      0.70821355     0.038162684      0.12713239     -0.39032625
           0.13           0.058          -0.006        0.796877     0.048303607      0.13317879     -0.38901036
           0.13           0.058          -0.002      0.83607091     0.049074032      0.13213877     -0.38832827
           0.13           0.058           0.002      0.83862296     0.044377182      0.11684629      -0.3881339
           0.13           0.058           0.006      0.84103127     0.043776202     0.088894083     -0.38859265
           0.13           0.058            0.01      0.85088712     0.049522331     0.064264993      -0.3904551
           0.13           0.058           0.014      0.80507167     0.041595303     0.048275249     -0.39728054
           0.13           0.058           0.018      0.68378307     0.010982961     0.034449162      -0.4050419
           0.13           0.058           0.022      0.52697218    -0.032041217     0.021404481     -0.40987401
           0.13           0.058           0.026      0.37677358    -0.066408099     0.013039139     -0.41207615
           0.13           0.058            0.03      0.24925843    -0.078019985    0.0092582051     -0.41442074
           0.13           0.058           0.034      0.13611743    -0.075698875    0.0018157583     -0.41702901
           0.13           0.058           0.038     0.028971632    -0.075729072    -0.010907708     -0.41854761
           0.13           0.058           0.042    -0.070150981    -0.083506405    -0.025033135     -0.41833406
           0.13           0.058           0.046     -0.15384422    -0.095056558     -0.03659914     -0.41651416
           0.13           0.058            0.05     -0.21790216     -0.10362706     -0.04446227     -0.41394231
           0.13           0.058           0.054     -0.26435828     -0.10626288     -0.04980856     -0.41128529
           0.13           0.058           0.058     -0.29833723     -0.10427503    -0.053806732      -0.4087238
           0.13           0.058           0.062     -0.32459525     -0.09997782    -0.056673674     -0.40634076
           0.13           0.058           0.066     -0.34632719    -0.095011351    -0.058489119     -0.40409042
           0.13           0.058            0.07     -0.36528093    -0.090293789    -0.059265086      -0.4018949
           0.13           0.058           0.074     -0.38233378    -0.086298972    -0.058986352     -0.39970061
           0.13           0.058           0.078     -0.39787433    -0.083164147    -0.057592084     -0.39746614
           0.13           0.058           0.082     -0.41196081    -0.080776881    -0.054912076     -0.39516565
           0.13           0.058           0.086     -0.42426624    -0.078949191    -0.050575538     -0.39283107
           0.13           0.058            0.09     -0.43301452    -0.077703303    -0.044059315     -0.39060919
           0.13           0.058           0.094     -0.42722169    -0.077619829    -0.033683504     -0.38847067
           0.13           0.058           0.098     -0.35623616     -0.07544147    -0.015729749     -0.38677187
           0.13           0.062          -0.098     -0.30083047     -0.15041785     0.040331934     -0.35209319
           0.13           0.062          -0.094     -0.44525171     -0.14982374     0.075868552     -0.35737184
           0.13           0.062           -0.09     -0.46736121      -0.1356104     0.093485417     -0.36323873
           0.13           0.062          -0.086     -0.46004275     -0.12434958      0.10259952     -0.36851614
           0.13           0.062          -0.082     -0.44419566     -0.11680497       0.1081648     -0.37292213
           0.13           0.062          -0.078     -0.42552378     -0.11154155      0.11215947      -0.3767534
           0.13           0.062          -0.074     -0.40511548     -0.10787683      0.11511615     -0.38009189
           0.13           0.062           -0.07     -0.38316941     -0.10558894       0.1172635      -0.3830108
           0.13           0.062          -0.066     -0.35968008       -0.104575      0.11870757     -0.38557398
           0.13           0.062          -0.062     -0.33457594     -0.10464635      0.11952051     -0.38782727
           0.13           0.062          -0.058     -0.30774651     -0.10544201      0.11981362      -0.3898046
           0.13           0.062          -0.054     -0.27896931      -0.1064359      0.11974443     -0.39157112
           0.13           0.062           -0.05     -0.24772766     -0.10694826      0.11950836     -0.39320269
           0.13           0.062          -0.046       -0.213115     -0.10615604      0.11933224     -0.39472248
           0.13           0.062          -0.042     -0.17373321     -0.10316391       0.1194523     -0.39610496
           0.13           0.062          -0.038     -0.12776466    -0.097138731      0.12002868     -0.39731173
           0.13           0.062          -0.034    -0.073104396    -0.087539081      0.12096118     -0.39827051
           0.13           0.062           -0.03   -0.0076738485    -0.074464004      0.12177385      -0.3989264
           0.13           0.062          -0.026     0.069854919    -0.058890744       0.1216559     -0.39918272
           0.13           0.062          -0.022      0.15905125    -0.042144363      0.12031096       -0.398871
           0.13           0.062          -0.018       0.2571344    -0.025154512      0.11902726     -0.39791764
           0.13           0.062          -0.014      0.35809281   -0.0086179609      0.12014831     -0.39646598
           0.13           0.062           -0.01      0.45310203    0.0067461424      0.12509747     -0.39463499
           0.13           0.062          -0.006      0.53162045     0.019362207      0.13270818     -0.39272709
           0.13           0.062          -0.002      0.58495058     0.027615224      0.13815185     -0.39131401
           0.13           0.062           0.002      0.61602935     0.033183358      0.13549056     -0.39052771
           0.13           0.062           0.006      0.63662882      0.03926479      0.12307021     -0.39082986
           0.13           0.062            0.01      0.64746032     0.044145231       0.1074904     -0.39312388
           0.13           0.062           0.014       0.6178691     0.032616898     0.093050911     -0.39913201
           0.13           0.062           0.018      0.53242416   -0.0019726208     0.075160672     -0.40594561
           0.13           0.062           0.022      0.41479802    -0.049893308     0.053496969     -0.41019237
           0.13           0.062           0.026      0.30141499    -0.087953158     0.036783496      -0.4116337
           0.13           0.062            0.03      0.20277984    -0.094213994     0.030590467     -0.41342377
           0.13           0.062           0.034      0.10748085    -0.079588405     0.023116761     -0.41652452
           0.13           0.062           0.038    0.0094765152    -0.069891073    0.0080475667     -0.41880956
           0.13           0.062           0.042    -0.087434154    -0.073988352    -0.010304474     -0.41880572
           0.13           0.062           0.046     -0.17251593    -0.086791125    -0.025690674     -0.41646016
           0.13           0.062            0.05      -0.2382475    -0.098276219    -0.035647582     -0.41309731
           0.13           0.062           0.054     -0.28526501      -0.1031612    -0.042053156     -0.40983212
           0.13           0.062           0.058     -0.31920611     -0.10276298    -0.046793086     -0.40685421
           0.13           0.062           0.062     -0.34542174    -0.099687893    -0.050406914     -0.40413239
           0.13           0.062           0.066     -0.36731561    -0.095678611    -0.053017606     -0.40158385
           0.13           0.062            0.07     -0.38670449    -0.091704128    -0.054638471     -0.39912144
           0.13           0.062           0.074     -0.40445558    -0.088291375    -0.055234613     -0.39667609
           0.13           0.062           0.078     -0.42090195    -0.085658214    -0.054716633      -0.3941912
           0.13           0.062           0.082     -0.43604187    -0.083814699    -0.052899287     -0.39163404
           0.13           0.062           0.086     -0.44950223    -0.082710521    -0.049445175     -0.38902558
           0.13           0.062            0.09     -0.45948724    -0.082469282    -0.043891853     -0.38648913
           0.13           0.062           0.094     -0.45472501    -0.083665253    -0.034555874     -0.38400101
           0.13           0.062           0.098     -0.38221892    -0.082521427    -0.016689306     -0.38193245
           0.13           0.066          -0.098     -0.30030615        -0.15564     0.045434498     -0.34760367
           0.13           0.066          -0.094     -0.47344412     -0.15884008     0.081416015     -0.35307364
           0.13           0.066           -0.09     -0.49645047     -0.14271905     0.096693142     -0.35951601
           0.13           0.066          -0.086     -0.48908947     -0.12938092       0.1035508     -0.36502288
           0.13           0.066          -0.082     -0.47210404      -0.1205899      0.10768168     -0.36962277
           0.13           0.066          -0.078      -0.4521065     -0.11455768      0.11079066     -0.37361593
           0.13           0.066          -0.074     -0.43050681     -0.11031756      0.11324148     -0.37711505
           0.13           0.066           -0.07     -0.40764138     -0.10749903      0.11513356     -0.38022449
           0.13           0.066          -0.066     -0.38358513     -0.10594823      0.11648965     -0.38301871
           0.13           0.066          -0.062     -0.35831874     -0.10549597      0.11733712       -0.385549
           0.13           0.066          -0.058     -0.33175953     -0.10585398      0.11775827     -0.38785399
           0.13           0.066          -0.054     -0.30373257     -0.10659764        0.117898     -0.38998442
           0.13           0.066           -0.05     -0.27388806     -0.10717618      0.11796529     -0.39199933
           0.13           0.066          -0.046     -0.24166058     -0.10689978      0.11820352     -0.39394202
           0.13           0.066          -0.042     -0.20617842     -0.10500216      0.11887993     -0.39583654
           0.13           0.066          -0.038     -0.16617764     -0.10074073      0.12017101     -0.39769885
           0.13           0.066          -0.034     -0.12016103    -0.093587459      0.12203306     -0.39945833
           0.13           0.066           -0.03    -0.066796854    -0.083464631      0.12385836     -0.40098629
           0.13           0.066          -0.026   -0.0057388831    -0.071228493      0.12452526     -0.40204998
           0.13           0.066          -0.022     0.061828309    -0.058624178      0.12308775     -0.40232465
           0.13           0.066          -0.018      0.13332651    -0.047013356      0.12012284     -0.40158344
           0.13           0.066          -0.014      0.20543294    -0.036630164      0.11806001      -0.3998917
           0.13           0.066           -0.01      0.27456046    -0.026464599      0.12007231     -0.39746447
           0.13           0.066          -0.006      0.33708849    -0.015247036      0.12748819     -0.39480145
           0.13           0.066          -0.002      0.39060723   -0.0024985134      0.13746044     -0.39268912
           0.13           0.066           0.002       0.4353085     0.011693796       0.1448517     -0.39159065
           0.13           0.066           0.006       0.4723383     0.026214391      0.14605523     -0.39190693
           0.13           0.066            0.01      0.49637799     0.035585608      0.14164784     -0.39416233
           0.13           0.066           0.014      0.48909454     0.027155941      0.13252513      -0.3989989
           0.13           0.066           0.018      0.43937515   -0.0040705455      0.11424168      -0.4046712
           0.13           0.066           0.022      0.36169407    -0.052145221     0.086640877     -0.40855163
           0.13           0.066           0.026      0.28232357    -0.096775449      0.06099556     -0.41010503
           0.13           0.066            0.03       0.2030855     -0.10673151      0.05116246     -0.41209182
           0.13           0.066           0.034      0.11388814    -0.082532023     0.045563358     -0.41656587
           0.13           0.066           0.038     0.014952071    -0.061310253     0.029305736      -0.4202301
           0.13           0.066           0.042      -0.0878306    -0.060726325    0.0064831525     -0.42068857
           0.13           0.066           0.046     -0.18062092    -0.075466173    -0.013794938     -0.41764069
           0.13           0.066            0.05     -0.25267815    -0.091131884    -0.026444049     -0.41314857
           0.13           0.066           0.054     -0.30294394    -0.098932838    -0.034196962     -0.40900642
           0.13           0.066           0.058     -0.33810785     -0.10037486    -0.039959844     -0.40540006
           0.13           0.066           0.062     -0.36486844      -0.0985909    -0.044513797     -0.40218934
           0.13           0.066           0.066     -0.38726319    -0.095531947     -0.04803086     -0.39925202
           0.13           0.066            0.07     -0.40733004    -0.092276244    -0.050555223     -0.39647025
           0.13           0.066           0.074     -0.42597562    -0.089433833    -0.052063949     -0.39374439
           0.13           0.066           0.078     -0.44349334    -0.087313072    -0.052468413     -0.39099007
           0.13           0.066           0.082     -0.45981576    -0.086027814    -0.051596584     -0.38815321
           0.13           0.066           0.086     -0.47450565    -0.085647594    -0.049143381      -0.3852291
           0.13           0.066            0.09     -0.48563939    -0.086466904    -0.044640187     -0.38231109
           0.13           0.066           0.094     -0.48101174    -0.089322736    -0.036267009     -0.37941189
           0.13           0.066           0.098     -0.40314733    -0.089963676    -0.018083688     -0.37691021
           0.13            0.07          -0.098     -0.25795809     -0.14612117     0.045179076     -0.34394743
           0.13            0.07          -0.094     -0.49011377     -0.16329314     0.088481093     -0.34906519
           0.13            0.07           -0.09     -0.52375175     -0.14800873      0.10110712      -0.3559477
           0.13            0.07          -0.086      -0.5172105     -0.13353343      0.10518745     -0.36140843
           0.13            0.07          -0.082     -0.49910531     -0.12396552      0.10775258     -0.36613722
           0.13            0.07          -0.078     -0.47767291     -0.11748655      0.10986179     -0.37025138
           0.13            0.07          -0.074     -0.45469091     -0.11286429      0.11169739     -0.37388155
           0.13            0.07           -0.07      -0.4306349     -0.10960906      0.11322054     -0.37716541
           0.13            0.07          -0.066     -0.40566117     -0.10755247      0.11434649     -0.38018183
           0.13            0.07          -0.062       -0.379806     -0.10656449      0.11504518      -0.3829832
           0.13            0.07          -0.058     -0.35302383     -0.10642973      0.11536251     -0.38560832
           0.13            0.07          -0.054      -0.3251719     -0.10681395      0.11542567     -0.38809911
           0.13            0.07           -0.05     -0.29596953     -0.10726067      0.11543918     -0.39050692
           0.13            0.07          -0.046     -0.26496041     -0.10718818      0.11566811     -0.39287398
           0.13            0.07          -0.042     -0.23145922     -0.10593318      0.11642049     -0.39522831
           0.13            0.07          -0.038     -0.19447423     -0.10282011      0.11795449      -0.3975879
           0.13            0.07          -0.034     -0.15277221    -0.097286222      0.12030435     -0.39991744
           0.13            0.07           -0.03     -0.10510385    -0.089112784      0.12292694      -0.4020929
           0.13            0.07          -0.026    -0.051281039      -0.0790603      0.12444134     -0.40381725
           0.13            0.07          -0.022    0.0065844064    -0.069344922      0.12341724     -0.40454065
           0.13            0.07          -0.018     0.064876083    -0.062173813      0.12011504     -0.40394765
           0.13            0.07          -0.014      0.12036922    -0.058160698      0.11692426     -0.40201757
           0.13            0.07           -0.01      0.17148936    -0.055389912      0.11787488      -0.3990239
           0.13            0.07          -0.006       0.2181292     -0.04956555      0.12537496     -0.39569275
           0.13            0.07          -0.002      0.26125555    -0.036903032      0.13710919     -0.39301669
           0.13            0.07           0.002      0.30321936    -0.016929195      0.14902578     -0.39160076
           0.13            0.07           0.006      0.34551859     0.006216608      0.15791677     -0.39180171
           0.13            0.07            0.01      0.38083711      0.02394282      0.16148484     -0.39371232
           0.13            0.07           0.014       0.3942467     0.024121206      0.15702255     -0.39739429
           0.13            0.07           0.018      0.37585355    0.0022173167      0.14099152     -0.40175752
           0.13            0.07           0.022      0.33310636    -0.040682922      0.11257304     -0.40556751
           0.13            0.07           0.026      0.28403132    -0.092791078     0.081229737     -0.40812022
           0.13            0.07            0.03      0.22462246     -0.11814877     0.066547416      -0.4110794
           0.13            0.07           0.034      0.14012123     -0.08987321     0.064423148     -0.41751237
           0.13            0.07           0.038      0.03733254    -0.053989482      0.05075519     -0.42272726
           0.13            0.07           0.042    -0.074278723    -0.045588862     0.023723643     -0.42377349
           0.13            0.07           0.046     -0.17979627    -0.061815851   -0.0017281033     -0.42002292
           0.13            0.07            0.05     -0.26242783    -0.082365505    -0.017690055      -0.4140607
           0.13            0.07           0.054      -0.3181913    -0.093464988    -0.026862055       -0.408784
           0.13            0.07           0.058     -0.35549714    -0.096870894    -0.033834192     -0.40432848
           0.13            0.07           0.062     -0.38320353    -0.096459588    -0.039438562     -0.40047118
           0.13            0.07           0.066     -0.40634094    -0.094380103    -0.043925078      -0.3970418
           0.13            0.07            0.07     -0.42728335    -0.091843234    -0.047399934     -0.39387474
           0.13            0.07           0.074     -0.44699864    -0.089572225    -0.049865068     -0.39082515
           0.13            0.07           0.078     -0.46574353    -0.087974135    -0.051243741      -0.3877708
           0.13            0.07           0.082     -0.48337965    -0.087259128    -0.051387187     -0.38462583
           0.13            0.07           0.086     -0.49939102    -0.087634563    -0.050016636     -0.38134769
           0.13            0.07            0.09     -0.51166218    -0.089686747    -0.046587296     -0.37798421
           0.13            0.07           0.094     -0.50659856    -0.094850411    -0.038909888     -0.37459661
           0.13            0.07           0.098      -0.4183524    -0.097831172    -0.020154352     -0.37158098
           0.13           0.074          -0.098     -0.15539886     -0.10842009     0.028828481      -0.3437517
           0.13           0.074          -0.094     -0.48228121     -0.15641968     0.090354147     -0.34635826
           0.13           0.074           -0.09     -0.54770299     -0.14960247      0.10415208     -0.35259526
           0.13           0.074          -0.086     -0.54420197     -0.13614845      0.10714489      -0.3576128
           0.13           0.074          -0.082     -0.52515854     -0.12658318      0.10846572     -0.36240022
           0.13           0.074          -0.078     -0.50219056     -0.12004756      0.10958529     -0.36656523
           0.13           0.074          -0.074     -0.47762398     -0.11524293      0.11077379     -0.37027562
           0.13           0.074           -0.07      -0.4521112     -0.11162229      0.11186058     -0.37371124
           0.13           0.074          -0.066     -0.42588946     -0.10905403      0.11263911     -0.37694431
           0.13           0.074          -0.062     -0.39905448     -0.10747718      0.11301946     -0.38002134
           0.13           0.074          -0.058     -0.37159708     -0.10676116      0.11301247      -0.3829742
           0.13           0.074          -0.054      -0.3433976     -0.10666449      0.11272632     -0.38583352
           0.13           0.074           -0.05     -0.31422092     -0.10682237      0.11235759     -0.38863602
           0.13           0.074          -0.046     -0.28367808     -0.10674931      0.11218689     -0.39141772
           0.13           0.074          -0.042     -0.25117145     -0.10587964      0.11257297     -0.39420592
           0.13           0.074          -0.038     -0.21581083     -0.10361592      0.11389659     -0.39702518
           0.13           0.074          -0.034      -0.1763498    -0.099418034      0.11644382     -0.39985075
           0.13           0.074           -0.03     -0.13121366    -0.092870534        0.119966     -0.40257551
           0.13           0.074          -0.026       -0.079781    -0.084420975      0.12281724     -0.40490129
           0.13           0.074          -0.022    -0.024711746    -0.076926768      0.12312123     -0.40603976
           0.13           0.074          -0.018      0.02965567    -0.073401347      0.12131194     -0.40558078
           0.13           0.074          -0.014     0.081117468    -0.075005348      0.12065604      -0.4035398
           0.13           0.074           -0.01      0.13053533    -0.079221314      0.12611236     -0.40027517
           0.13           0.074          -0.006       0.1769353    -0.078624333      0.13705745     -0.39667143
           0.13           0.074          -0.002      0.21504827    -0.066881849      0.14727242     -0.39367192
           0.13           0.074           0.002      0.24412951    -0.044227352      0.15488962     -0.39198045
           0.13           0.074           0.006      0.27179469    -0.014542615      0.16189921     -0.39179437
           0.13           0.074            0.01      0.30292732     0.012734281      0.16689565     -0.39306517
           0.13           0.074           0.014      0.32588177     0.024116648      0.16459947     -0.39552283
           0.13           0.074           0.018       0.3284726     0.012477088      0.15121423     -0.39856342
           0.13           0.074           0.022      0.31107131    -0.022064332      0.12505401     -0.40213798
           0.13           0.074           0.026      0.28665662    -0.076770048     0.093668841      -0.4054623
           0.13           0.074            0.03      0.25107067     -0.12582099     0.073180991      -0.4098872
           0.13           0.074           0.034      0.17263712      -0.1034744     0.070818805     -0.41891483
           0.13           0.074           0.038     0.066946993    -0.051999882     0.062681701     -0.42602303
           0.13           0.074           0.042    -0.051796325    -0.031693959     0.036310868     -0.42758553
           0.13           0.074           0.046     -0.17120568    -0.047505223    0.0080683035     -0.42326121
           0.13           0.074            0.05     -0.26784642    -0.072768174    -0.010245125      -0.4157074
           0.13           0.074           0.054     -0.33124232    -0.086811307    -0.020514068     -0.40909556
           0.13           0.074           0.058     -0.37149268     -0.09206312    -0.028699366     -0.40358262
           0.13           0.074           0.062      -0.4004609    -0.093111382    -0.035383148     -0.39891434
           0.13           0.074           0.066     -0.42453294    -0.092054741    -0.040871443     -0.39488734
           0.13           0.074            0.07     -0.44652236    -0.090248129    -0.045352186      -0.3912668
           0.13           0.074           0.074     -0.46747498    -0.088563335    -0.048834024     -0.38784747
           0.13           0.074           0.078     -0.48760697     -0.08751387    -0.051246812     -0.38445956
           0.13           0.074           0.082     -0.50669454    -0.087399211    -0.052468415     -0.38097883
           0.13           0.074           0.086     -0.52408528     -0.08858753    -0.052252549     -0.37731365
           0.13           0.074            0.09      -0.5371733    -0.092117351    -0.049922539     -0.37345118
           0.13           0.074           0.094     -0.53082237     -0.10036748    -0.042583091     -0.36949761
           0.13           0.074           0.098     -0.42595457     -0.10625524    -0.023775119     -0.36593466
           0.13           0.078          -0.098    -0.041657547    -0.045281024    0.0021041729     -0.34406362
           0.13           0.078          -0.094     -0.43365375     -0.13821447      0.08333498     -0.34457446
           0.13           0.078           -0.09     -0.56099611      -0.1467463      0.10583781      -0.3497663
           0.13           0.078          -0.086     -0.56695467     -0.13684611      0.10924035     -0.35377527
           0.13           0.078          -0.082     -0.54969855     -0.12834333       0.1099607      -0.3583665
           0.13           0.078          -0.078     -0.52546672     -0.12216355      0.11032917     -0.36247164
           0.13           0.078          -0.074     -0.49915572     -0.11732103      0.11091566      -0.3661802
           0.13           0.078           -0.07     -0.47192927     -0.11332139      0.11150988     -0.36972968
           0.13           0.078          -0.066     -0.44413816     -0.11015674      0.11180548     -0.37317544
           0.13           0.078          -0.062     -0.41594519     -0.10786995      0.11167363     -0.37654614
           0.13           0.078          -0.058     -0.38736895     -0.10642916      0.11110215     -0.37985288
           0.13           0.078          -0.054     -0.35831165     -0.10568308      0.11018026     -0.38310688
           0.13           0.078           -0.05     -0.32856603     -0.10535857      0.10909018      -0.3863237
           0.13           0.078          -0.046     -0.29778968     -0.10507344      0.10811426     -0.38952503
           0.13           0.078          -0.042     -0.26548752     -0.10439303      0.10766625     -0.39272397
           0.13           0.078          -0.038     -0.23096528     -0.10288702      0.10827798      -0.3959389
           0.13           0.078          -0.034     -0.19314817     -0.10020332         0.11063     -0.39915026
           0.13           0.078           -0.03     -0.14994236    -0.095807416       0.1150923     -0.40231614
           0.13           0.078          -0.026    -0.099158146    -0.089493743      0.12021639     -0.40520675
           0.13           0.078          -0.022    -0.043690928    -0.084862393      0.12369602     -0.40671699
           0.13           0.078          -0.018     0.012073438    -0.085602922      0.12626644     -0.40650383
           0.13           0.078          -0.014     0.071267492    -0.092746536      0.13352649     -0.40465543
           0.13           0.078           -0.01      0.13879075    -0.099916063      0.14890841     -0.40156731
           0.13           0.078          -0.006      0.20263996      -0.0970292      0.16056864     -0.39811812
           0.13           0.078          -0.002       0.2448292    -0.082390701      0.15957055     -0.39515506
           0.13           0.078           0.002      0.26134636     -0.05889721      0.15422416     -0.39318601
           0.13           0.078           0.006      0.26371589    -0.028738149      0.15399115     -0.39268159
           0.13           0.078            0.01      0.27129082    0.0044011798      0.15699449     -0.39327684
           0.13           0.078           0.014      0.28630084     0.025806659      0.15535525     -0.39436913
           0.13           0.078           0.018       0.2957831     0.024705681      0.14444917     -0.39620666
           0.13           0.078           0.022      0.29309149   -0.0009919206      0.12249595     -0.39927403
           0.13           0.078           0.026      0.28631393    -0.054281067     0.096500202     -0.40232177
           0.13           0.078            0.03        0.277146     -0.12360156     0.071927644     -0.40816996
           0.13           0.078           0.034      0.20428533     -0.11750246     0.061815043     -0.42021719
           0.13           0.078           0.038     0.091814547    -0.054906173     0.057968585     -0.42946699
           0.13           0.078           0.042    -0.032583061    -0.022384221     0.036418483     -0.43119932
           0.13           0.078           0.046     -0.15957865     -0.03664004     0.011608388      -0.4264712
           0.13           0.078            0.05     -0.26907034    -0.064935659   -0.0037468825     -0.41775899
           0.13           0.078           0.054     -0.34211898    -0.079411265    -0.015024959     -0.40970481
           0.13           0.078           0.058      -0.3860216      -0.0858336    -0.024403661     -0.40301761
           0.13           0.078           0.062     -0.41650458    -0.088374192    -0.032226304     -0.39740826
           0.13           0.078           0.066     -0.44167558    -0.088362455    -0.038799807     -0.39270633
           0.13           0.078            0.07     -0.46487989    -0.087300728    -0.044409007     -0.38857932
           0.13           0.078           0.074     -0.48724584    -0.086245471    -0.049019462      -0.3847514
           0.13           0.078           0.078     -0.50892686    -0.085809911    -0.052551386     -0.38100098
           0.13           0.078           0.082     -0.52958769    -0.086353305    -0.054912088     -0.37716987
           0.13           0.078           0.086     -0.54831622    -0.088404801    -0.055916163     -0.37311278
           0.13           0.078            0.09     -0.56148578    -0.093494697    -0.054814062     -0.36872551
           0.13           0.078           0.094     -0.55296356     -0.10481836    -0.048220665     -0.36409661
           0.13           0.078           0.098     -0.42016467     -0.11339607     -0.03087728     -0.35977178
           0.13           0.082          -0.098      0.02977223    -0.032759019    -0.013851599     -0.34363377
           0.13           0.082          -0.094     -0.32929526     -0.10680931      0.06475458     -0.34231469
           0.13           0.082           -0.09     -0.55185774      -0.1375686      0.10655799     -0.34626284
           0.13           0.082          -0.086     -0.58273808     -0.13495673      0.11212713     -0.34977215
           0.13           0.082          -0.082     -0.57093832     -0.12892369      0.11308888      -0.3538111
           0.13           0.082          -0.078     -0.54645994     -0.12363129      0.11308574     -0.35772308
           0.13           0.082          -0.074     -0.51876693     -0.11888038      0.11311624      -0.3613599
           0.13           0.082           -0.07     -0.48966649     -0.11441183      0.11304738     -0.36502972
           0.13           0.082          -0.066     -0.46001265     -0.11048612      0.11258111     -0.36871908
           0.13           0.082          -0.062     -0.43011704     -0.10729114      0.11162039     -0.37243253
           0.13           0.082          -0.058     -0.39999374     -0.10491593      0.11015463      -0.3761488
           0.13           0.082          -0.054     -0.36955499     -0.10329695      0.10825435     -0.37985076
           0.13           0.082           -0.05     -0.33860866     -0.10224804      0.10607258     -0.38352471
           0.13           0.082          -0.046     -0.30683387     -0.10149723      0.10386907     -0.38716667
           0.13           0.082          -0.042     -0.27386458     -0.10076084      0.10211596     -0.39076084
           0.13           0.082          -0.038     -0.23936471    -0.099858652      0.10153796     -0.39430015
           0.13           0.082          -0.034     -0.20303041    -0.098886875      0.10342293     -0.39777213
           0.13           0.082           -0.03     -0.16299717    -0.097946275      0.10905331     -0.40124923
           0.13           0.082          -0.026     -0.11341166    -0.096093222      0.11842825     -0.40466539
           0.13           0.082          -0.022    -0.055207943    -0.097113526      0.12873985     -0.40666315
           0.13           0.082          -0.018     0.011007341      -0.1014907      0.14049305     -0.40679403
           0.13           0.082          -0.014     0.095553287     -0.10803912      0.16033172     -0.40502098
           0.13           0.082           -0.01      0.19101785     -0.10706568       0.1775713     -0.40192878
           0.13           0.082          -0.006      0.26481619    -0.094063209      0.17087705     -0.39849842
           0.13           0.082          -0.002      0.29623948    -0.075402716      0.14717518     -0.39537885
           0.13           0.082           0.002      0.29270647    -0.061255674      0.12909629     -0.39342156
           0.13           0.082           0.006      0.27437842    -0.039609008      0.12677568     -0.39329601
           0.13           0.082            0.01      0.26346766   -0.0041638037       0.1305728     -0.39387797
           0.13           0.082           0.014      0.26778249     0.026337741      0.12974179     -0.39412118
           0.13           0.082           0.018      0.27626524     0.034689348      0.12235933      -0.3947965
           0.13           0.082           0.022      0.27987698     0.017366522      0.10659734     -0.39719231
           0.13           0.082           0.026       0.2844558     -0.03059319     0.090459732     -0.39973234
           0.13           0.082            0.03      0.30054328     -0.11082591     0.067796661     -0.40652001
           0.13           0.082           0.034      0.23773198     -0.12541347     0.041587009     -0.42105315
           0.13           0.082           0.038      0.10981759     -0.05642534     0.041829196     -0.43219311
           0.13           0.082           0.042    -0.023116218    -0.014496884     0.025379288     -0.43398844
           0.13           0.082           0.046     -0.15028242    -0.033760649    0.0098743083     -0.42877537
           0.13           0.082            0.05     -0.26810001    -0.062867025    0.0037240804     -0.41948703
           0.13           0.082           0.054     -0.35120125    -0.071471218   -0.0094035853     -0.41017998
           0.13           0.082           0.058     -0.39895954    -0.077878968    -0.020273305     -0.40236371
           0.13           0.082           0.062     -0.43103642    -0.081941825    -0.029492503     -0.39578466
           0.13           0.082           0.066     -0.45744306    -0.082970212    -0.037430546     -0.39040158
           0.13           0.082            0.07     -0.48205391    -0.082697684     -0.04446072     -0.38575084
           0.13           0.082           0.074     -0.50602545    -0.082385244     -0.05042528     -0.38148826
           0.13           0.082           0.078     -0.52939182    -0.082714231    -0.055226074     -0.37735034
           0.13           0.082           0.082     -0.55167872    -0.084037157    -0.058812602     -0.37316064
           0.13           0.082           0.086     -0.57160756    -0.086944283    -0.061072154     -0.36871631
           0.13           0.082            0.09      -0.5838563    -0.093106357    -0.061574483     -0.36389142
           0.13           0.082           0.094     -0.57046553     -0.10534172    -0.057348698     -0.35854371
           0.13           0.082           0.098      -0.3762725     -0.11101167    -0.037953022     -0.35338818
           0.13           0.086          -0.098     0.058520202    -0.031426068     -0.01602047     -0.34287722
           0.13           0.086          -0.094     -0.16767839    -0.065706057      0.02811626     -0.34073868
           0.13           0.086           -0.09     -0.47155104      -0.1127671     0.093393528     -0.34199717
           0.13           0.086          -0.086     -0.57399505     -0.12776228      0.11648131     -0.34613205
           0.13           0.086          -0.082     -0.57880871     -0.12622831      0.11861677     -0.34887902
           0.13           0.086          -0.078     -0.55983122     -0.12304227      0.11950948      -0.3521341
           0.13           0.086          -0.074      -0.5339758     -0.11906858      0.11937513     -0.35567639
           0.13           0.086           -0.07     -0.50356858     -0.11433627      0.11825355     -0.35953278
           0.13           0.086          -0.066     -0.47205681      -0.1094661      0.11640945     -0.36349602
           0.13           0.086          -0.062      -0.4403318     -0.10507721      0.11403921     -0.36761657
           0.13           0.086          -0.058     -0.40834919     -0.10151914      0.11117323     -0.37182265
           0.13           0.086          -0.054     -0.37600231    -0.098794042       0.1078574     -0.37606207
           0.13           0.086           -0.05     -0.34314503    -0.096770973      0.10419756     -0.38028119
           0.13           0.086          -0.046     -0.30945012    -0.095311113       0.1004166     -0.38442871
           0.13           0.086          -0.042     -0.27455128    -0.094290532     0.097111913     -0.38844818
           0.13           0.086          -0.038     -0.23855054    -0.093866248     0.095435906     -0.39228343
           0.13           0.086          -0.034     -0.20259836    -0.094604994     0.097831972     -0.39596622
           0.13           0.086           -0.03     -0.16612463    -0.098122067      0.10692863     -0.39968281
           0.13           0.086          -0.026     -0.11611338     -0.10299619      0.12513713     -0.40352661
           0.13           0.086          -0.022    -0.046295659     -0.10986161       0.1476555      -0.4062556
           0.13           0.086          -0.018     0.047205499     -0.10950578      0.17231295     -0.40656683
           0.13           0.086          -0.014      0.16109713     -0.10311585      0.19489863     -0.40444532
           0.13           0.086           -0.01      0.26269324    -0.085891001      0.19060125      -0.4009956
           0.13           0.086          -0.006      0.31439566    -0.065216846      0.15878202     -0.39705058
           0.13           0.086          -0.002      0.31626627    -0.059675183      0.11881308     -0.39364333
           0.13           0.086           0.002      0.29219167    -0.067068478     0.097764758     -0.39229044
           0.13           0.086           0.006      0.26504905    -0.054668924     0.093253588     -0.39293198
           0.13           0.086            0.01      0.25383253    -0.013463876      0.09494266     -0.39394103
           0.13           0.086           0.014      0.25777382     0.025336198     0.094415388     -0.39391216
           0.13           0.086           0.018      0.26544811     0.039951775     0.091615601       -0.393831
           0.13           0.086           0.022      0.27125091     0.027597394     0.084058754     -0.39558995
           0.13           0.086           0.026      0.28197506    -0.013195151     0.079233991     -0.39797323
           0.13           0.086            0.03      0.31757392    -0.084641012     0.067223226     -0.40488591
           0.13           0.086           0.034      0.27343573     -0.12229847     0.021868047     -0.42134322
           0.13           0.086           0.038      0.12611867    -0.058387124     0.021452383     -0.43382139
           0.13           0.086           0.042    -0.017719801   -0.0037869307     0.015375691     -0.43612495
           0.13           0.086           0.046     -0.14490046    -0.043352618     0.017328107     -0.43079375
           0.13           0.086            0.05     -0.27117353    -0.066782285     0.014147152     -0.42040858
           0.13           0.086           0.054      -0.3599456    -0.061835769   -0.0030077857     -0.41008161
           0.13           0.086           0.058     -0.40995307    -0.067536023    -0.015485409     -0.40133691
           0.13           0.086           0.062     -0.44328507    -0.073236533    -0.026600853      -0.3939042
           0.13           0.086           0.066     -0.47107052    -0.075257141    -0.036520798     -0.38791814
           0.13           0.086            0.07     -0.49734967    -0.075898046    -0.045539909     -0.38274935
           0.13           0.086           0.074     -0.52310179    -0.076562461    -0.053277086     -0.37801765
           0.13           0.086           0.078     -0.54809865    -0.077909986    -0.059647597     -0.37344609
           0.13           0.086           0.082     -0.57167538     -0.08021487    -0.064595673     -0.36886344
           0.13           0.086           0.086      -0.5923987    -0.083913306    -0.067902548     -0.36404691
           0.13           0.086            0.09     -0.60176088    -0.090138795     -0.06938108     -0.35929017
           0.13           0.086           0.094     -0.56601818     -0.10111746    -0.066348108     -0.35411986
           0.13           0.086           0.098     -0.24799773    -0.082684519    -0.031195421     -0.35078163
           0.13            0.09          -0.098     0.078886127    -0.016953485   -0.0099970032     -0.34191284
           0.13            0.09          -0.094     0.013443084     -0.02118572     -0.01113439     -0.34099511
           0.13            0.09           -0.09     -0.25167497    -0.061717756     0.052057679     -0.34000114
           0.13            0.09          -0.086     -0.46482803    -0.098700398      0.10236695     -0.34100509
           0.13            0.09          -0.082     -0.54082617     -0.11502846      0.12241171     -0.34446699
           0.13            0.09          -0.078     -0.54785778     -0.11901184      0.12790849     -0.34743849
           0.13            0.09          -0.074     -0.53175817     -0.11608034      0.13069182     -0.35006783
           0.13            0.09           -0.07       -0.504481     -0.11158432      0.12967405     -0.35332215
           0.13            0.09          -0.066     -0.47320899     -0.10525019      0.12597708     -0.35725219
           0.13            0.09          -0.062     -0.44049513    -0.099227101      0.12146302      -0.3618356
           0.13            0.09          -0.058     -0.40701318    -0.094392397      0.11652886     -0.36666746
           0.13            0.09          -0.054     -0.37249748    -0.090510202      0.11128277     -0.37157907
           0.13            0.09           -0.05     -0.33692303    -0.087357294      0.10588825     -0.37646496
           0.13            0.09          -0.046     -0.29990606    -0.084896176      0.10063225     -0.38119458
           0.13            0.09          -0.042     -0.26043691    -0.083236717      0.09634309     -0.38569189
           0.13            0.09          -0.038     -0.21914689    -0.083030558     0.094970408     -0.38979085
           0.13            0.09          -0.034     -0.17928904    -0.084471284      0.10057773     -0.39348448
           0.13            0.09           -0.03     -0.13936571    -0.089150936      0.11791485     -0.39711395
           0.13            0.09          -0.026    -0.077714051    -0.099978076      0.14756137     -0.40137977
           0.13            0.09          -0.022      0.01640839    -0.099108751      0.18173967     -0.40484052
           0.13            0.09          -0.018      0.13196074     -0.08722506      0.21081367     -0.40553278
           0.13            0.09          -0.014       0.2430943     -0.06718775      0.21524917     -0.40310847
           0.13            0.09           -0.01      0.31308371    -0.046503798      0.19132348     -0.39898113
           0.13            0.09          -0.006      0.32292533    -0.036521562      0.14226143     -0.39457447
           0.13            0.09          -0.002      0.30754363    -0.048582661      0.10487025     -0.39183039
           0.13            0.09           0.002      0.27836811    -0.068495874     0.079139471     -0.39077298
           0.13            0.09           0.006      0.25487976    -0.058326746     0.061622955      -0.3917946
           0.13            0.09            0.01      0.24936194    -0.015414034     0.057337589     -0.39328105
           0.13            0.09           0.014      0.25386718     0.023576539     0.058195295     -0.39325584
           0.13            0.09           0.018      0.25986717     0.038625844     0.061697411     -0.39289695
           0.13            0.09           0.022      0.26584242     0.028242195     0.063762973       -0.394251
           0.13            0.09           0.026      0.27983658   -0.0064261786     0.069397282     -0.39677829
           0.13            0.09            0.03       0.3235646    -0.056338907     0.068336623     -0.40347135
           0.13            0.09           0.034      0.30310327    -0.099739287     0.015932563      -0.4210067
           0.13            0.09           0.038      0.15430219     -0.07250853   0.00011415049     -0.43584975
           0.13            0.09           0.042   -0.0030682858   -0.0039526539      0.01470315     -0.43837137
           0.13            0.09           0.046     -0.16121016    -0.065090409     0.043654955     -0.43385349
           0.13            0.09            0.05     -0.29215002    -0.068329682      0.02430446     -0.42067216
           0.13            0.09           0.054     -0.37030407    -0.048668126    0.0017991591     -0.40921166
           0.13            0.09           0.058     -0.41647769    -0.054482114    -0.010312424     -0.39979069
           0.13            0.09           0.062     -0.45007738    -0.061477666    -0.023742272     -0.39180929
           0.13            0.09           0.066     -0.47955805    -0.064279445    -0.036575783     -0.38536215
           0.13            0.09            0.07     -0.50782433    -0.066030103     -0.04842623     -0.37965495
           0.13            0.09           0.074     -0.53516787    -0.067843518    -0.058672974     -0.37434457
           0.13            0.09           0.078     -0.56084958    -0.070327216    -0.067274678     -0.36919137
           0.13            0.09           0.082     -0.58380007    -0.074177089    -0.073712323     -0.36418241
           0.13            0.09           0.086      -0.6021212    -0.079786074    -0.076997702     -0.35960943
           0.13            0.09            0.09     -0.60219762     -0.08589738    -0.077132059     -0.35632843
           0.13            0.09           0.094     -0.48473168    -0.078980956    -0.059855445     -0.35085927
           0.13            0.09           0.098    -0.086518674    -0.027939643   -0.0080860642     -0.35054679
           0.13           0.094          -0.098     0.085695144   -0.0081297568    -0.010050825     -0.34129721
           0.13           0.094          -0.094     0.098997731   -0.0054646426    -0.017484208     -0.34120643
           0.13           0.094           -0.09     0.017079126   -0.0028611882   -0.0051049652     -0.34044042
           0.13           0.094          -0.086      -0.1535901    -0.033485278     0.046088564      -0.3399916
           0.13           0.094          -0.082     -0.30202057    -0.065339615     0.084905887     -0.34049711
           0.13           0.094          -0.078     -0.39967022    -0.085717407      0.11431453     -0.34124301
           0.13           0.094          -0.074      -0.4481093    -0.095107465      0.13575909     -0.34231291
           0.13           0.094           -0.07     -0.45650163     -0.09472038      0.14444648     -0.34482767
           0.13           0.094          -0.066     -0.43903285    -0.089234015       0.1412875     -0.34929854
           0.13           0.094          -0.062      -0.4092934     -0.08293761      0.13546431     -0.35488385
           0.13           0.094          -0.058     -0.37543532     -0.07752834      0.12865175     -0.36054881
           0.13           0.094          -0.054     -0.33928646     -0.07276699      0.12156411     -0.36621286
           0.13           0.094           -0.05     -0.29989027    -0.068398278       0.1150957     -0.37185818
           0.13           0.094          -0.046     -0.25656606    -0.064442666      0.10992865      -0.3773213
           0.13           0.094          -0.042     -0.20779212    -0.061479177      0.10690043     -0.38247529
           0.13           0.094          -0.038     -0.15609839    -0.060132602      0.10813559     -0.38690826
           0.13           0.094          -0.034     -0.10661303    -0.059080756      0.11796478     -0.39042138
           0.13           0.094           -0.03    -0.052248735    -0.058762976      0.14176687     -0.39371874
           0.13           0.094          -0.026     0.027995208    -0.060303958      0.17651289     -0.39784663
           0.13           0.094          -0.022      0.12816797    -0.057960709      0.21236498     -0.40205067
           0.13           0.094          -0.018       0.2227423    -0.044702872      0.22690196     -0.40373594
           0.13           0.094          -0.014      0.29447497    -0.027692425      0.21612484     -0.40086596
           0.13           0.094           -0.01      0.31551588    -0.016778519      0.18038472     -0.39696227
           0.13           0.094          -0.006      0.30585513    -0.015917556      0.13617047     -0.39246417
           0.13           0.094          -0.002      0.28238526    -0.029923339      0.10246827      -0.3900072
           0.13           0.094           0.002      0.25451087    -0.048728826     0.066332905     -0.38881017
           0.13           0.094           0.006      0.24457747     -0.04528479     0.031925231     -0.38982052
           0.13           0.094            0.01       0.2481863    -0.012931723     0.022128725     -0.39153208
           0.13           0.094           0.014      0.25260953     0.018095691     0.026726119     -0.39152014
           0.13           0.094           0.018      0.25627837     0.030426707     0.038607749     -0.39130123
           0.13           0.094           0.022      0.26110087     0.020866687     0.051920512     -0.39275461
           0.13           0.094           0.026      0.27568001   -0.0069992418     0.066318805     -0.39604584
           0.13           0.094            0.03      0.31866754     -0.02932157     0.070063981     -0.40261727
           0.13           0.094           0.034       0.3178434    -0.061113105     0.033194242     -0.41941476
           0.13           0.094           0.038       0.1906654    -0.075832079   -0.0013428327     -0.43780396
           0.13           0.094           0.042    0.0062592078    -0.051461687     0.029263645     -0.44046964
           0.13           0.094           0.046     -0.21023053    -0.075440056      0.05380591     -0.43565302
           0.13           0.094            0.05     -0.32591464     -0.05070698     0.015977085     -0.41954354
           0.13           0.094           0.054       -0.373359     -0.02912103   -0.0015476063     -0.40683928
           0.13           0.094           0.058     -0.40428029    -0.037566086   -0.0091114442      -0.3972254
           0.13           0.094           0.062     -0.43654415    -0.043608444    -0.024281415     -0.38924064
           0.13           0.094           0.066     -0.46825374    -0.046864915    -0.040170162     -0.38250933
           0.13           0.094            0.07     -0.49791212    -0.050296028    -0.055195757     -0.37638129
           0.13           0.094           0.074     -0.52504454    -0.053464422    -0.068769946     -0.37059565
           0.13           0.094           0.078     -0.54996905    -0.057292714    -0.080868091      -0.3648741
           0.13           0.094           0.082     -0.57024894      -0.0639028    -0.089118669     -0.35907477
           0.13           0.094           0.086     -0.57140784    -0.070078477    -0.089606128     -0.35400811
           0.13           0.094            0.09      -0.4935579    -0.063632999    -0.074615577     -0.35054487
           0.13           0.094           0.094     -0.25469918    -0.037356032    -0.032863953     -0.34953869
           0.13           0.094           0.098     0.021776671    -0.010662849    0.0045322962     -0.35024707
           0.13           0.098          -0.098     0.062077124   -0.0020601798   -0.0055450037     -0.34125142
           0.13           0.098          -0.094     0.092055745    0.0015465296    -0.012900428     -0.34125013
           0.13           0.098           -0.09     0.096517079    0.0075000093    -0.011573722     -0.34114939
           0.13           0.098          -0.086     0.087134311     0.014923281  -0.00092924367     -0.34141074
           0.13           0.098          -0.082     0.062850476     0.014148524    0.0045273919     -0.34134272
           0.13           0.098          -0.078   -0.0002642636   -0.0023416545      0.01887222     -0.34057812
           0.13           0.098          -0.074      -0.1186012    -0.027495948     0.083262809     -0.33975671
           0.13           0.098           -0.07     -0.21132891    -0.042703658      0.12726214     -0.34007521
           0.13           0.098          -0.066     -0.25121172    -0.046721268       0.1402686      -0.3435579
           0.13           0.098          -0.062     -0.25256431    -0.044055334      0.13958429     -0.34914323
           0.13           0.098          -0.058         -0.2346    -0.039964369      0.13128103      -0.3553327
           0.13           0.098          -0.054     -0.20559212    -0.036123923      0.12230114     -0.36192301
           0.13           0.098           -0.05      -0.1685081    -0.032400796      0.11547762      -0.3687077
           0.13           0.098          -0.046     -0.12430021    -0.028489934      0.11119504     -0.37526069
           0.13           0.098          -0.042    -0.077124627    -0.025071212      0.10931795     -0.38111703
           0.13           0.098          -0.038    -0.031045935    -0.021916943      0.10788231     -0.38598501
           0.13           0.098          -0.034     0.013554138    -0.018254017      0.11900077     -0.38988522
           0.13           0.098           -0.03     0.064359747    -0.014820791       0.1492315     -0.39309941
           0.13           0.098          -0.026      0.12569308    -0.014261072      0.17844092     -0.39585077
           0.13           0.098          -0.022       0.1872183    -0.014087728      0.18758613      -0.3989365
           0.13           0.098          -0.018      0.23135915   -0.0096556016      0.17744252      -0.4010507
           0.13           0.098          -0.014      0.25299699    -0.003780288      0.15428495     -0.39952199
           0.13           0.098           -0.01      0.25495736    -0.002808756      0.12788323     -0.39531547
           0.13           0.098          -0.006       0.2403994   -0.0042294164      0.10336398     -0.39155348
           0.13           0.098          -0.002      0.21099183   -0.0095514167     0.076071424     -0.38903913
           0.13           0.098           0.002      0.18641248    -0.016299538     0.040568274     -0.38772181
           0.13           0.098           0.006      0.20052412    -0.018080179    0.0079731386     -0.38843189
           0.13           0.098            0.01      0.22011419   -0.0061155441   -0.0079074521     -0.38953886
           0.13           0.098           0.014      0.22730112    0.0085518646    0.0014402745     -0.38932763
           0.13           0.098           0.018      0.22912348      0.01445352     0.024341772     -0.38934276
           0.13           0.098           0.022      0.23045448    0.0063778283     0.052779407     -0.39119827
           0.13           0.098           0.026      0.23515676   -0.0068066671     0.067403567     -0.39520867
           0.13           0.098            0.03      0.25026092   -0.0085122467     0.072071798     -0.40126474
           0.13           0.098           0.034      0.26550244     -0.01518756     0.067687428     -0.41577679
           0.13           0.098           0.038      0.15812777    -0.029494415      0.03221133     -0.43526383
           0.13           0.098           0.042    -0.012511524    -0.033179802     0.031983595     -0.43860717
           0.13           0.098           0.046     -0.21809631    -0.028853902     0.013991848      -0.4316911
           0.13           0.098            0.05     -0.30443839    -0.010695291    -0.022312867      -0.4152434
           0.13           0.098           0.054     -0.31086193    -0.010229561    -0.018460003     -0.40334596
           0.13           0.098           0.058     -0.31962089    -0.016117521     -0.02116707     -0.39457796
           0.13           0.098           0.062     -0.34902718    -0.017151773    -0.031630929     -0.38696985
           0.13           0.098           0.066     -0.38184533    -0.019436881     -0.04439409     -0.37981365
           0.13           0.098            0.07     -0.40619305    -0.022843357    -0.060860444     -0.37307247
           0.13           0.098           0.074     -0.41796089    -0.026347591    -0.076169688     -0.36662896
           0.13           0.098           0.078     -0.41679726    -0.031619518    -0.090825043     -0.36009414
           0.13           0.098           0.082     -0.38474959    -0.038450834    -0.096787476     -0.35354836
           0.13           0.098           0.086     -0.27286032    -0.034823038    -0.078592545     -0.35008834
           0.13           0.098            0.09      -0.1068078    -0.012775849    -0.027836608     -0.34996786
           0.13           0.098           0.094     0.017791924    0.0015392824   -0.0033014002     -0.35004245
           0.13           0.098           0.098     0.052944805  -0.00041827331    0.0020898043     -0.35026849
