#             x               y               z             U_x             U_y             U_z               p
            0.1          -0.098          -0.098      0.03909739     0.011254983   -0.0044300513     -0.34385383
            0.1          -0.098          -0.094     0.018241183    0.0088695423   -0.0035440124     -0.34403757
            0.1          -0.098           -0.09    -0.028123425    0.0061418384     0.014016209     -0.34494252
            0.1          -0.098          -0.086    -0.078618409      0.01098282     0.031515408     -0.34629215
            0.1          -0.098          -0.082     -0.11476078     0.018434647     0.040432456     -0.34674312
            0.1          -0.098          -0.078     -0.13948235     0.025473268     0.048021874     -0.34540466
            0.1          -0.098          -0.074     -0.15218807     0.029701597     0.054245347     -0.34305609
            0.1          -0.098           -0.07     -0.14976357     0.030722665     0.056914475     -0.34141287
            0.1          -0.098          -0.066     -0.13636896     0.030415931     0.057726798     -0.34146737
            0.1          -0.098          -0.062     -0.11746744     0.029863844     0.058684377     -0.34306444
            0.1          -0.098          -0.058    -0.095601609     0.028909717     0.060904796     -0.34579295
            0.1          -0.098          -0.054    -0.071185309     0.027109722     0.064941147     -0.34938452
            0.1          -0.098           -0.05    -0.044207698     0.024110021     0.071147119     -0.35355484
            0.1          -0.098          -0.046    -0.014684154     0.019893111     0.079501057     -0.35798609
            0.1          -0.098          -0.042     0.016676287     0.014659723      0.08855476     -0.36244191
            0.1          -0.098          -0.038     0.047122117    0.0083144129     0.096427683     -0.36668967
            0.1          -0.098          -0.034     0.073296718    0.0014472253      0.10088782     -0.37030336
            0.1          -0.098           -0.03     0.092589245   -0.0036508185     0.099620693     -0.37290775
            0.1          -0.098          -0.026      0.10233667   -0.0041721465     0.091701858      -0.3746093
            0.1          -0.098          -0.022      0.10160187    0.0012484869     0.076494018     -0.37562084
            0.1          -0.098          -0.018     0.094061871    0.0097492817     0.052634953     -0.37607062
            0.1          -0.098          -0.014     0.088673755     0.014385061     0.024211925     -0.37658441
            0.1          -0.098           -0.01     0.092728626     0.010358736    0.0038448406     -0.37803632
            0.1          -0.098          -0.006      0.10212569   0.00049944038   -0.0037594933     -0.38037248
            0.1          -0.098          -0.002      0.11070663   -0.0070935701   -0.0032821445     -0.38285918
            0.1          -0.098           0.002      0.11899655   -0.0064141921      0.00157274     -0.38535227
            0.1          -0.098           0.006      0.12603034   0.00080333244    0.0029211968     -0.38827187
            0.1          -0.098            0.01      0.12017927     0.011567964   -0.0074634416     -0.39181818
            0.1          -0.098           0.014     0.083584034     0.020408399    -0.027588187      -0.3957373
            0.1          -0.098           0.018     0.025536778     0.019059214    -0.041795866     -0.39887405
            0.1          -0.098           0.022    -0.024870387     0.013378688    -0.041175063     -0.39966206
            0.1          -0.098           0.026    -0.054809842     0.010212645    -0.036228119     -0.39754803
            0.1          -0.098            0.03     -0.06935341    0.0085669688    -0.030964494     -0.39347167
            0.1          -0.098           0.034    -0.079317231    0.0096298027    -0.026034274     -0.38906904
            0.1          -0.098           0.038    -0.091901077     0.012150843     -0.02670101     -0.38504769
            0.1          -0.098           0.042     -0.11019299     0.014493597    -0.031552019     -0.38111701
            0.1          -0.098           0.046     -0.12988847     0.017146262    -0.037894316     -0.37680214
            0.1          -0.098            0.05     -0.14601773     0.019843563     -0.04458655     -0.37195359
            0.1          -0.098           0.054     -0.15887748     0.022173674    -0.051140397     -0.36682223
            0.1          -0.098           0.058     -0.16914861     0.024369495    -0.057181054     -0.36164378
            0.1          -0.098           0.062     -0.17585796      0.02658277    -0.061668717     -0.35657713
            0.1          -0.098           0.066     -0.17578047     0.028269936    -0.063052545     -0.35190951
            0.1          -0.098            0.07     -0.16370678      0.02786586    -0.059059864     -0.34828477
            0.1          -0.098           0.074     -0.13677289     0.024014518    -0.048330129     -0.34625741
            0.1          -0.098           0.078    -0.098000134     0.017428149      -0.0360185     -0.34536688
            0.1          -0.098           0.082    -0.051586339    0.0097491416    -0.026629645     -0.34480972
            0.1          -0.098           0.086  -0.00082705965    0.0023460407    -0.016594428     -0.34450611
            0.1          -0.098            0.09     0.037068029   -0.0024966211   -0.0081683688     -0.34436632
            0.1          -0.098           0.094     0.045587297   -0.0039057235   -0.0035185627     -0.34410569
            0.1          -0.098           0.098   9.3328631e-13   -4.647438e-14  -5.0373896e-14     -0.34390088
            0.1          -0.094          -0.098     0.059415022     0.026873685   -0.0054848538     -0.34297469
            0.1          -0.094          -0.094      0.02448658     0.029885164    0.0058412329     -0.34311172
            0.1          -0.094           -0.09     -0.10668507     0.026516522     0.041287339     -0.34476633
            0.1          -0.094          -0.086     -0.22850552     0.037092198     0.075803807     -0.34687974
            0.1          -0.094          -0.082     -0.30777901     0.051557907     0.095428999     -0.34793302
            0.1          -0.094          -0.078     -0.34757602     0.063138679      0.10366283     -0.34753373
            0.1          -0.094          -0.074     -0.36425904     0.071482823      0.11054059     -0.34636264
            0.1          -0.094           -0.07     -0.36251786     0.076032519      0.11547908     -0.34550171
            0.1          -0.094          -0.066     -0.34242929     0.077361462       0.1166279     -0.34572236
            0.1          -0.094          -0.062     -0.30985534     0.077445523      0.11671978      -0.3470306
            0.1          -0.094          -0.058     -0.27075899     0.077013043      0.11849735     -0.34918866
            0.1          -0.094          -0.054     -0.22699169      0.07549111      0.12333444     -0.35205802
            0.1          -0.094           -0.05     -0.17813209     0.072151555      0.13199851      -0.3555171
            0.1          -0.094          -0.046     -0.12338463     0.066601091      0.14508811     -0.35937692
            0.1          -0.094          -0.042     -0.06183532      0.05864081      0.16240371     -0.36343074
            0.1          -0.094          -0.038    0.0060441603     0.047523913      0.18188638     -0.36741214
            0.1          -0.094          -0.034     0.076151159     0.032587349      0.19926342     -0.37086831
            0.1          -0.094           -0.03      0.14071624     0.016008624      0.20726088     -0.37341965
            0.1          -0.094          -0.026      0.18858904     0.004440299       0.1996736     -0.37513287
            0.1          -0.094          -0.022      0.20932273    0.0061306644      0.17412036     -0.37619091
            0.1          -0.094          -0.018      0.20371233     0.021649721      0.13202548     -0.37676874
            0.1          -0.094          -0.014      0.18916178     0.036669714     0.080020134     -0.37754617
            0.1          -0.094           -0.01      0.18627087     0.033683636      0.03200352     -0.37928315
            0.1          -0.094          -0.006      0.19930228     0.012450602    0.0013129756     -0.38172099
            0.1          -0.094          -0.002      0.21792845     -0.01109098    -0.011962373     -0.38402675
            0.1          -0.094           0.002      0.23587228    -0.018774885    -0.012907414     -0.38611396
            0.1          -0.094           0.006       0.2515588   -0.0025503786    -0.010065855     -0.38870483
            0.1          -0.094            0.01      0.24656515       0.0261701    -0.020758924     -0.39243794
            0.1          -0.094           0.014      0.19359464     0.046498158    -0.046276855     -0.39693329
            0.1          -0.094           0.018     0.090406719     0.046004687    -0.068247325     -0.40032672
            0.1          -0.094           0.022    -0.017492108     0.033653034    -0.074820982     -0.40095279
            0.1          -0.094           0.026    -0.092587447     0.024249264    -0.067615206      -0.3989298
            0.1          -0.094            0.03     -0.13973667     0.020092907    -0.057444516     -0.39531282
            0.1          -0.094           0.034     -0.17258602     0.021817757    -0.049763833     -0.39117177
            0.1          -0.094           0.038     -0.20317133     0.028924321    -0.047209908     -0.38699272
            0.1          -0.094           0.042     -0.23689309     0.036502648     -0.05362982     -0.38279858
            0.1          -0.094           0.046     -0.27441035     0.042548392    -0.065714893     -0.37848397
            0.1          -0.094            0.05     -0.31066858     0.048090808    -0.079169728     -0.37393283
            0.1          -0.094           0.054     -0.34169283     0.053045614    -0.092257383     -0.36925075
            0.1          -0.094           0.058     -0.36853738     0.057431719       -0.104436     -0.36454971
            0.1          -0.094           0.062     -0.39189214     0.061896455     -0.11509696     -0.35989055
            0.1          -0.094           0.066     -0.41014412     0.066663908     -0.12282653     -0.35541626
            0.1          -0.094            0.07     -0.41789701     0.070476212     -0.12536559     -0.35152205
            0.1          -0.094           0.074      -0.4056663      0.07067952     -0.11953373     -0.34874322
            0.1          -0.094           0.078     -0.36430387     0.065028642     -0.10341556     -0.34695019
            0.1          -0.094           0.082     -0.28530459     0.052355649    -0.081059906     -0.34544755
            0.1          -0.094           0.086     -0.16145092      0.03211157    -0.055483455     -0.34442139
            0.1          -0.094            0.09    -0.019072594    0.0087663226    -0.028591782      -0.3442851
            0.1          -0.094           0.094     0.072253204   -0.0067712176    -0.010661981      -0.3443345
            0.1          -0.094           0.098     0.045587297   -0.0039057235   -0.0035185627     -0.34418403
            0.1           -0.09          -0.098     0.050919907     0.041545206   -0.0021819707     -0.34168873
            0.1           -0.09          -0.094   -0.0050882342     0.059209892     0.021091765      -0.3418795
            0.1           -0.09           -0.09     -0.21407476     0.053423057     0.073714412     -0.34531641
            0.1           -0.09          -0.086     -0.38193998     0.062809611      0.11520023     -0.34917134
            0.1           -0.09          -0.082      -0.4624759     0.080713512      0.12863653     -0.35128723
            0.1           -0.09          -0.078      -0.4809419     0.091740118      0.12746828     -0.35200751
            0.1           -0.09          -0.074     -0.46968821     0.096486479      0.12431958     -0.35206612
            0.1           -0.09           -0.07     -0.44536705     0.098482196      0.12162049     -0.35215051
            0.1           -0.09          -0.066     -0.41434064     0.099762271      0.11890249     -0.35267581
            0.1           -0.09          -0.062     -0.38000654      0.10121352      0.11668246     -0.35375954
            0.1           -0.09          -0.058     -0.34412139      0.10270819       0.1161618     -0.35533622
            0.1           -0.09          -0.054     -0.30671859       0.1035757      0.11823691     -0.35735069
            0.1           -0.09           -0.05     -0.26629704      0.10310635      0.12335946     -0.35978264
            0.1           -0.09          -0.046     -0.22104752      0.10083762      0.13208091      -0.3625841
            0.1           -0.09          -0.042     -0.16888141     0.096668447      0.14504843     -0.36565986
            0.1           -0.09          -0.038     -0.10736244     0.090264404      0.16233233     -0.36885757
            0.1           -0.09          -0.034    -0.034399397     0.079971903      0.18338432      -0.3718517
            0.1           -0.09           -0.03     0.048690344     0.063980083      0.20282064     -0.37426695
            0.1           -0.09          -0.026      0.13063203     0.045167477      0.20926392     -0.37602928
            0.1           -0.09          -0.022      0.18932281     0.034533225      0.19298868     -0.37717699
            0.1           -0.09          -0.018      0.20778238     0.041935437      0.15190767     -0.37788989
            0.1           -0.09          -0.014      0.19765039     0.057548842     0.097842343     -0.37901676
            0.1           -0.09           -0.01       0.1906757     0.056033256     0.049871045     -0.38125797
            0.1           -0.09          -0.006      0.20176829     0.028325909     0.016794387     -0.38396112
            0.1           -0.09          -0.002      0.22149098   -0.0069410988   -0.0053196325     -0.38595465
            0.1           -0.09           0.002      0.23963924    -0.023582221     -0.01992834     -0.38716992
            0.1           -0.09           0.006      0.25163044   -0.0051609014    -0.026584079     -0.38873308
            0.1           -0.09            0.01      0.24125143     0.036071932    -0.035693045     -0.39217008
            0.1           -0.09           0.014       0.1793652     0.064231177    -0.053151324     -0.39750382
            0.1           -0.09           0.018     0.071156654     0.058333317    -0.063935393      -0.4019528
            0.1           -0.09           0.022    -0.035226784     0.034921864    -0.060239291     -0.40300917
            0.1           -0.09           0.026     -0.10688003     0.020446714    -0.049932436     -0.40115193
            0.1           -0.09            0.03     -0.15251308     0.018189821    -0.040864547     -0.39788822
            0.1           -0.09           0.034     -0.19248599     0.024204278    -0.035767696     -0.39402257
            0.1           -0.09           0.038     -0.23374523     0.037050995    -0.036625613      -0.3897725
            0.1           -0.09           0.042     -0.27533659      0.05044197    -0.044701392     -0.38528946
            0.1           -0.09           0.046     -0.31442656     0.059831271    -0.057309116      -0.3808486
            0.1           -0.09            0.05     -0.34928885     0.066009768    -0.071190715     -0.37650605
            0.1           -0.09           0.054     -0.38027631     0.070479447    -0.084180871      -0.3722613
            0.1           -0.09           0.058     -0.40903776     0.074083081    -0.095611102     -0.36810672
            0.1           -0.09           0.062     -0.43660752     0.077644521     -0.10539224     -0.36401929
            0.1           -0.09           0.066     -0.46311236     0.081680081     -0.11322752     -0.36002562
            0.1           -0.09            0.07     -0.48761406     0.086019424     -0.11859546     -0.35625669
            0.1           -0.09           0.074     -0.50654806     0.089690332     -0.12056314     -0.35296603
            0.1           -0.09           0.078     -0.51261213     0.091516112     -0.11797348     -0.35023872
            0.1           -0.09           0.082      -0.4895351     0.089480018     -0.10887379     -0.34776677
            0.1           -0.09           0.086     -0.40017544     0.077170982    -0.087779456     -0.34542202
            0.1           -0.09            0.09     -0.21557403     0.046619848    -0.050991048     -0.34425907
            0.1           -0.09           0.094    -0.018087215    0.0087986424    -0.015863121     -0.34437181
            0.1           -0.09           0.098     0.035185175   -0.0042745965   -0.0024936121     -0.34447073
            0.1          -0.086          -0.098     0.033253081     0.056535055     0.004546146     -0.34108656
            0.1          -0.086          -0.094    -0.049042629      0.08859458     0.038548418      -0.3413499
            0.1          -0.086           -0.09     -0.29232549       0.0805422     0.098922567      -0.3466031
            0.1          -0.086          -0.086     -0.46483375     0.087206963      0.13555841     -0.35262157
            0.1          -0.086          -0.082     -0.51773065     0.098465414      0.13672293     -0.35582988
            0.1          -0.086          -0.078     -0.50988304      0.10313429      0.12882214      -0.3572765
            0.1          -0.086          -0.074     -0.48414288       0.1049417      0.12237455     -0.35816483
            0.1          -0.086           -0.07     -0.45350869      0.10646303      0.11776487     -0.35886231
            0.1          -0.086          -0.066     -0.42173972      0.10843854      0.11451373     -0.35961629
            0.1          -0.086          -0.062     -0.38996339      0.11092205      0.11255616     -0.36060692
            0.1          -0.086          -0.058     -0.35834519      0.11366169      0.11201227     -0.36185288
            0.1          -0.086          -0.054     -0.32669311      0.11622698      0.11305168     -0.36334522
            0.1          -0.086           -0.05     -0.29407434       0.1180931      0.11589932     -0.36507945
            0.1          -0.086          -0.046     -0.25899403      0.11880421      0.12092902     -0.36703989
            0.1          -0.086          -0.042      -0.2195064      0.11813643      0.12880773     -0.36918935
            0.1          -0.086          -0.038     -0.17304454      0.11613269       0.1403949      -0.3714752
            0.1          -0.086          -0.034     -0.11595465      0.11265203      0.15687126     -0.37378757
            0.1          -0.086           -0.03    -0.043234873      0.10596481      0.17845726     -0.37594039
            0.1          -0.086          -0.026     0.044634249     0.093215842      0.19831202     -0.37780568
            0.1          -0.086          -0.022      0.13033136     0.077833153      0.20266514     -0.37921882
            0.1          -0.086          -0.018      0.18439282     0.071822727      0.18047944     -0.38011701
            0.1          -0.086          -0.014      0.19545395      0.07762568       0.1356881     -0.38122203
            0.1          -0.086           -0.01      0.18907296     0.075715314     0.088883176     -0.38345432
            0.1          -0.086          -0.006       0.1952042     0.049275778     0.053827401      -0.3862359
            0.1          -0.086          -0.002      0.21540619    0.0093592594     0.025563246     -0.38798769
            0.1          -0.086           0.002      0.23633579    -0.017339709   0.00019787882     -0.38831562
            0.1          -0.086           0.006      0.24631315   -0.0083677776    -0.016693951     -0.38851027
            0.1          -0.086            0.01      0.23144697     0.033160992    -0.024645821     -0.39084473
            0.1          -0.086           0.014      0.17290937     0.067564118    -0.030635749      -0.3963928
            0.1          -0.086           0.018     0.078324295     0.062579086      -0.0328672     -0.40226697
            0.1          -0.086           0.022    -0.013199977     0.034722598    -0.029208308     -0.40469734
            0.1          -0.086           0.026    -0.079720466     0.016445607    -0.026600865     -0.40375945
            0.1          -0.086            0.03     -0.13395738      0.01389931    -0.026231551     -0.40105333
            0.1          -0.086           0.034     -0.18709168     0.023078581    -0.026860189     -0.39720309
            0.1          -0.086           0.038     -0.23601935     0.041365485    -0.030995198     -0.39265805
            0.1          -0.086           0.042     -0.27965915     0.059704046    -0.039687124     -0.38788201
            0.1          -0.086           0.046     -0.31762687     0.071881977    -0.051630183     -0.38328273
            0.1          -0.086            0.05     -0.35042164     0.078401248    -0.064551608     -0.37902215
            0.1          -0.086           0.054     -0.37986802     0.081841918    -0.076635808     -0.37504978
            0.1          -0.086           0.058     -0.40767069     0.084025623    -0.087173908      -0.3712624
            0.1          -0.086           0.062      -0.4347645     0.086036268    -0.096059321     -0.36756866
            0.1          -0.086           0.066     -0.46155823     0.088423177     -0.10327317     -0.36393396
            0.1          -0.086            0.07     -0.48812699     0.091285228     -0.10877241     -0.36036705
            0.1          -0.086           0.074     -0.51369402     0.094339234     -0.11240989      -0.3569152
            0.1          -0.086           0.078     -0.53559633     0.097456791     -0.11387036      -0.3536333
            0.1          -0.086           0.082     -0.54623664      0.10058516     -0.11232224     -0.35051916
            0.1          -0.086           0.086     -0.51834553     0.099942393     -0.10354339      -0.3473863
            0.1          -0.086            0.09     -0.38347478      0.08106738    -0.075878262     -0.34489195
            0.1          -0.086           0.094     -0.14441373     0.034417767    -0.030834731     -0.34417569
            0.1          -0.086           0.098   0.00015831917    0.0023783605   -0.0038657679      -0.3443813
            0.1          -0.082          -0.098     0.016415917     0.070804603     0.011198439     -0.34179401
            0.1          -0.082          -0.094    -0.084407341      0.11813771     0.055209733     -0.34205145
            0.1          -0.082           -0.09     -0.33060286      0.10591517      0.11749391     -0.34848748
            0.1          -0.082          -0.086     -0.48614607      0.10570393      0.14528326     -0.35631471
            0.1          -0.082          -0.082     -0.51685855      0.10827381      0.13787402     -0.36034474
            0.1          -0.082          -0.078     -0.49861829      0.10833719      0.12686148     -0.36218163
            0.1          -0.082          -0.074     -0.47089534      0.10856612      0.11891659     -0.36359303
            0.1          -0.082           -0.07     -0.44072859      0.10987067       0.1135028     -0.36462933
            0.1          -0.082          -0.066     -0.41055204      0.11215587      0.11010818     -0.36552202
            0.1          -0.082          -0.062     -0.38091017      0.11511398      0.10837256      -0.3664657
            0.1          -0.082          -0.058     -0.35178908      0.11842572      0.10803517     -0.36752467
            0.1          -0.082          -0.054     -0.32298284      0.12174629      0.10899092     -0.36872501
            0.1          -0.082           -0.05     -0.29395702      0.12471168      0.11125341     -0.37007732
            0.1          -0.082          -0.046     -0.26381608      0.12700301      0.11495808     -0.37158007
            0.1          -0.082          -0.042     -0.23126201      0.12844525      0.12042249     -0.37321486
            0.1          -0.082          -0.038     -0.19454957      0.12914336      0.12822649     -0.37494437
            0.1          -0.082          -0.034     -0.15117883      0.12949892      0.13942812     -0.37672383
            0.1          -0.082           -0.03    -0.096296844      0.12937566      0.15605103     -0.37850813
            0.1          -0.082          -0.026    -0.023873566      0.12614293      0.17807167     -0.38025548
            0.1          -0.082          -0.022     0.062271447      0.11689452      0.19692132     -0.38185582
            0.1          -0.082          -0.018      0.13888953      0.10563358       0.1985681      -0.3830652
            0.1          -0.082          -0.014       0.1795635     0.099082207      0.17642974     -0.38406102
            0.1          -0.082           -0.01       0.1868858     0.091403143      0.14080879     -0.38565452
            0.1          -0.082          -0.006       0.1891866     0.069047838      0.10780149      -0.3878799
            0.1          -0.082          -0.002      0.20411867     0.032854165     0.079605747     -0.38939917
            0.1          -0.082           0.002      0.22677036   0.00044517928     0.051880781     -0.38934758
            0.1          -0.082           0.006      0.24249844   -0.0071899098     0.028817954     -0.38864144
            0.1          -0.082            0.01      0.23461642     0.017717153      0.01780744     -0.38960211
            0.1          -0.082           0.014      0.19160783      0.05013324     0.016272851     -0.39421813
            0.1          -0.082           0.018      0.12192852     0.055073071     0.016497172     -0.40060211
            0.1          -0.082           0.022     0.052395519     0.035370045     0.013253357     -0.40450078
            0.1          -0.082           0.026   -0.0091551287     0.019018688    0.0042262185     -0.40504951
            0.1          -0.082            0.03    -0.079937995     0.016386405   -0.0069411382     -0.40353301
            0.1          -0.082           0.034     -0.15808119     0.026063434    -0.017305569     -0.40011935
            0.1          -0.082           0.038     -0.22363685     0.046083187    -0.026823575     -0.39534254
            0.1          -0.082           0.042     -0.27179295     0.066967647    -0.036688419     -0.39030324
            0.1          -0.082           0.046     -0.30914264     0.080862758     -0.04814781     -0.38556379
            0.1          -0.082            0.05     -0.34039803     0.087620519    -0.060122402      -0.3813205
            0.1          -0.082           0.054     -0.36843322     0.090270175    -0.071343685     -0.37751227
            0.1          -0.082           0.058     -0.39499012     0.091223971    -0.081245802     -0.37395939
            0.1          -0.082           0.062     -0.42094457     0.091839728     -0.08965091     -0.37051593
            0.1          -0.082           0.066     -0.44669592     0.092752464    -0.096558244     -0.36709386
            0.1          -0.082            0.07     -0.47240328     0.094191202     -0.10204954     -0.36364325
            0.1          -0.082           0.074     -0.49790891     0.096209452      -0.1062373     -0.36013721
            0.1          -0.082           0.078     -0.52209645     0.098971156     -0.10915352     -0.35654548
            0.1          -0.082           0.082     -0.54063098      0.10288304     -0.11024469     -0.35281931
            0.1          -0.082           0.086     -0.53817572      0.10660885     -0.10747492     -0.34917248
            0.1          -0.082            0.09     -0.45549134     0.098157181     -0.09010523     -0.34580827
            0.1          -0.082           0.094     -0.23464303     0.053471705    -0.046699685     -0.34395092
            0.1          -0.082           0.098    -0.038704283     0.010160348   -0.0086974929     -0.34382731
            0.1          -0.078          -0.098   0.00035747054     0.083762017     0.015561784     -0.34389678
            0.1          -0.078          -0.094     -0.11092625      0.14634176     0.067373776     -0.34408257
            0.1          -0.078           -0.09     -0.34172665      0.12987197      0.12879487     -0.35090925
            0.1          -0.078          -0.086     -0.47657932      0.12086736       0.1497462     -0.35963046
            0.1          -0.078          -0.082     -0.49731581      0.11567448      0.13783251     -0.36440685
            0.1          -0.078          -0.078     -0.47746266      0.11244693      0.12483413     -0.36681489
            0.1          -0.078          -0.074     -0.45011333      0.11151068      0.11577944      -0.3685555
            0.1          -0.078           -0.07      -0.4216329      0.11247617      0.10984177     -0.36975732
            0.1          -0.078          -0.066     -0.39340945      0.11474835       0.1062648     -0.37069733
            0.1          -0.078          -0.062     -0.36567165      0.11783314      0.10450238     -0.37157432
            0.1          -0.078          -0.058     -0.33836481      0.12133586      0.10419231     -0.37247477
            0.1          -0.078          -0.054     -0.31128488      0.12489103      0.10516394     -0.37344382
            0.1          -0.078           -0.05     -0.28403781       0.1281621      0.10737328     -0.37450781
            0.1          -0.078          -0.046     -0.25601806      0.13088525      0.11086503      -0.3756813
            0.1          -0.078          -0.042     -0.22637092      0.13293537      0.11575192     -0.37696405
            0.1          -0.078          -0.038     -0.19398479       0.1344327      0.12223309     -0.37833338
            0.1          -0.078          -0.034     -0.15750115      0.13584183      0.13073062     -0.37974448
            0.1          -0.078           -0.03     -0.11446231      0.13770203      0.14244164     -0.38115502
            0.1          -0.078          -0.026    -0.059821508      0.13926322      0.15957503     -0.38253439
            0.1          -0.078          -0.022      0.01012322      0.13716224      0.18111837     -0.38384623
            0.1          -0.078          -0.018     0.086182191      0.12884469      0.19787254     -0.38499309
            0.1          -0.078          -0.014      0.14568638      0.11659853      0.19961901     -0.38591734
            0.1          -0.078           -0.01      0.17464101      0.10189802      0.18547081     -0.38694031
            0.1          -0.078          -0.006      0.18366114     0.080513854      0.16423145     -0.38836701
            0.1          -0.078          -0.002       0.1927739     0.051156425      0.14319526      -0.3895568
            0.1          -0.078           0.002      0.21024919     0.021714343      0.12186685     -0.38960594
            0.1          -0.078           0.006      0.22995347    0.0047244622      0.10099055     -0.38884281
            0.1          -0.078            0.01      0.23697165    0.0091941762     0.086255379     -0.38905534
            0.1          -0.078           0.014       0.2180753     0.027428048     0.080018884     -0.39223331
            0.1          -0.078           0.018      0.17547643      0.03683984     0.075783537     -0.39774645
            0.1          -0.078           0.022      0.12547603     0.028951063     0.064784689     -0.40229689
            0.1          -0.078           0.026     0.069965121     0.018963669     0.045245448      -0.4042572
            0.1          -0.078            0.03   -0.0090537683     0.019115579     0.021891088     -0.40416232
            0.1          -0.078           0.034     -0.10947299     0.031279324  -0.00093555269      -0.4017622
            0.1          -0.078           0.038     -0.19803159     0.052817721    -0.019404028     -0.39726844
            0.1          -0.078           0.042     -0.25650776     0.074497032    -0.032894049     -0.39223397
            0.1          -0.078           0.046     -0.29555809     0.088772411     -0.04489928     -0.38753493
            0.1          -0.078            0.05     -0.32619301     0.095329273    -0.056543084     -0.38333372
            0.1          -0.078           0.054      -0.3531365     0.097258301    -0.067239037     -0.37962864
            0.1          -0.078           0.058     -0.37845944     0.097212503    -0.076730861     -0.37622245
            0.1          -0.078           0.062      -0.4030835     0.096714082    -0.084909567     -0.37293878
            0.1          -0.078           0.066     -0.42740491     0.096505479    -0.091790003      -0.3696554
            0.1          -0.078            0.07     -0.45158284     0.096900066     -0.09748265     -0.36628651
            0.1          -0.078           0.074     -0.47561455     0.098058436     -0.10217176     -0.36277053
            0.1          -0.078           0.078     -0.49904933      0.10029734     -0.10604213     -0.35903066
            0.1          -0.078           0.082     -0.51912294      0.10431629      -0.1087823     -0.35491692
            0.1          -0.078           0.086     -0.52451657      0.10950312     -0.10879906     -0.35064917
            0.1          -0.078            0.09     -0.46862622      0.10649048    -0.097246278     -0.34650684
            0.1          -0.078           0.094     -0.27659032     0.066641023    -0.058006516     -0.34366708
            0.1          -0.078           0.098    -0.064039229     0.014647807    -0.013559473     -0.34294963
            0.1          -0.074          -0.098    -0.014357019     0.095848154     0.017582916     -0.34744299
            0.1          -0.074          -0.094     -0.13286462      0.17233389     0.073685308     -0.34761633
            0.1          -0.074           -0.09     -0.34129879      0.15203233      0.13292693     -0.35409929
            0.1          -0.074          -0.086     -0.45516596      0.13432276      0.14958145     -0.36287039
            0.1          -0.074          -0.082     -0.47063779      0.12239959      0.13623557     -0.36818457
            0.1          -0.074          -0.078      -0.4518697       0.1162944      0.12223809     -0.37106111
            0.1          -0.074          -0.074     -0.42627202      0.11427924      0.11256504     -0.37298719
            0.1          -0.074           -0.07     -0.39986751      0.11481835      0.10633525      -0.3742817
            0.1          -0.074          -0.066     -0.37360166      0.11692381      0.10257489     -0.37522385
            0.1          -0.074          -0.062     -0.34760327      0.11995718      0.10066517     -0.37601132
            0.1          -0.074          -0.058     -0.32180962      0.12343889       0.1002283     -0.37674627
            0.1          -0.074          -0.054     -0.29602846       0.1269498      0.10108952     -0.37748737
            0.1          -0.074           -0.05     -0.26990763      0.13011754      0.10320488     -0.37827105
            0.1          -0.074          -0.046      -0.2429333      0.13265084      0.10660632     -0.37912153
            0.1          -0.074          -0.042     -0.21443619      0.13439672       0.1113409     -0.38004978
            0.1          -0.074          -0.038     -0.18361609      0.13542116      0.11741706     -0.38104475
            0.1          -0.074          -0.034     -0.14966562      0.13609037      0.12481336     -0.38206329
            0.1          -0.074           -0.03     -0.11169867      0.13699769      0.13377334      -0.3830283
            0.1          -0.074          -0.026     -0.06774695      0.13831795      0.14563724     -0.38385656
            0.1          -0.074          -0.022    -0.014423935      0.13840495      0.16255671     -0.38449714
            0.1          -0.074          -0.018     0.047535353      0.13346511      0.18259986      -0.3849873
            0.1          -0.074          -0.014      0.10667868       0.1213007      0.19852905     -0.38549945
            0.1          -0.074           -0.01       0.1485172      0.10336453       0.2049357     -0.38625367
            0.1          -0.074          -0.006      0.17049974     0.081126422      0.20225378     -0.38729097
            0.1          -0.074          -0.002       0.1828261     0.056143367       0.1940811     -0.38830109
            0.1          -0.074           0.002      0.19631033     0.033063105      0.18285402     -0.38874286
            0.1          -0.074           0.006      0.21370777     0.018198225      0.16905201     -0.38860161
            0.1          -0.074            0.01       0.2286007     0.015538773      0.15452575     -0.38893679
            0.1          -0.074           0.014      0.22952877     0.021959078      0.14197264     -0.39112104
            0.1          -0.074           0.018      0.21081127      0.02738716      0.12939082     -0.39523153
            0.1          -0.074           0.022      0.17636697     0.024962982      0.11102647      -0.3995045
            0.1          -0.074           0.026      0.12630082     0.020134655       0.0847225     -0.40246255
            0.1          -0.074            0.03     0.049362778     0.023573003     0.052517168     -0.40369657
            0.1          -0.074           0.034    -0.057766544     0.039481731     0.018398265     -0.40239069
            0.1          -0.074           0.038     -0.16348138     0.062738628   -0.0099984121     -0.39844163
            0.1          -0.074           0.042     -0.23513508      0.08376478    -0.028693072     -0.39358313
            0.1          -0.074           0.046     -0.27825125     0.096861741    -0.041976217     -0.38906782
            0.1          -0.074            0.05     -0.30928517      0.10243504    -0.053578507     -0.38499989
            0.1          -0.074           0.054     -0.33557755      0.10348235    -0.063934395      -0.3813958
            0.1          -0.074           0.058     -0.35983655      0.10256175    -0.073084126     -0.37810591
            0.1          -0.074           0.062     -0.38315824      0.10119186    -0.081084452     -0.37494231
            0.1          -0.074           0.066     -0.40598737      0.10015206    -0.087996107      -0.3717627
            0.1          -0.074            0.07     -0.42849365     0.099798476    -0.093942059     -0.36845461
            0.1          -0.074           0.074     -0.45070748      0.10032662    -0.099115907     -0.36492554
            0.1          -0.074           0.078      -0.4724004      0.10209503     -0.10374597     -0.36106254
            0.1          -0.074           0.082     -0.49173507       0.1059773     -0.10770245     -0.35668771
            0.1          -0.074           0.086     -0.49959171      0.11211868     -0.10963083       -0.351945
            0.1          -0.074            0.09     -0.45723184      0.11304736     -0.10148478     -0.34706201
            0.1          -0.074           0.094     -0.28979712     0.080062638    -0.065893655     -0.34326101
            0.1          -0.074           0.098    -0.077440395     0.019960342    -0.017656313     -0.34189384
            0.1           -0.07          -0.098    -0.025942391      0.10687088     0.018484486     -0.35238788
            0.1           -0.07          -0.094     -0.14970599      0.19555173     0.075088448     -0.35267832
            0.1           -0.07           -0.09     -0.33516786       0.1716194      0.13124279     -0.35846542
            0.1           -0.07          -0.086     -0.42909894      0.14595177      0.14499987     -0.36657534
            0.1           -0.07          -0.082     -0.44047542      0.12849117      0.13211773     -0.37192616
            0.1           -0.07          -0.078     -0.42358384      0.11996795      0.11834881     -0.37502071
            0.1           -0.07          -0.074     -0.40036403      0.11696086      0.10873333     -0.37700639
            0.1           -0.07           -0.07     -0.37613805      0.11702195       0.1024886      -0.3782992
            0.1           -0.07          -0.066     -0.35175402      0.11887863     0.098630142     -0.37917898
            0.1           -0.07          -0.062        -0.32735      0.12176101     0.096548667      -0.3798357
            0.1           -0.07          -0.058     -0.30286531       0.1250936     0.095887042     -0.38037491
            0.1           -0.07          -0.054     -0.27810584      0.12838487     0.096486185        -0.38086
            0.1           -0.07           -0.05     -0.25272807      0.13120266     0.098314833     -0.38133207
            0.1           -0.07          -0.046     -0.22623756      0.13319623      0.10140884     -0.38181927
            0.1           -0.07          -0.042     -0.19802007      0.13415016      0.10579357     -0.38233687
            0.1           -0.07          -0.038     -0.16740646      0.13405214      0.11138604     -0.38287688
            0.1           -0.07          -0.034       -0.133836      0.13314292      0.11791262     -0.38339334
            0.1           -0.07           -0.03    -0.097045081      0.13183057      0.12507278     -0.38377808
            0.1           -0.07          -0.026    -0.056868075      0.13039873      0.13322451     -0.38389382
            0.1           -0.07          -0.022    -0.012317868      0.12806465      0.14436206     -0.38365594
            0.1           -0.07          -0.018      0.03768256      0.12174314      0.16082574     -0.38317872
            0.1           -0.07          -0.014      0.08950635      0.10853138      0.18094289       -0.383052
            0.1           -0.07           -0.01      0.13438755     0.089676886      0.19941407     -0.38376159
            0.1           -0.07          -0.006      0.16608844     0.068464875      0.21120942     -0.38503207
            0.1           -0.07          -0.002      0.18680807     0.047750008      0.21439747     -0.38639664
            0.1           -0.07           0.002      0.20306366     0.031349197      0.21032113       -0.387552
            0.1           -0.07           0.006      0.21833027     0.023309277       0.2008245     -0.38839224
            0.1           -0.07            0.01      0.23117121     0.024415487       0.1873398     -0.38929768
            0.1           -0.07           0.014      0.23632861     0.030138512      0.17148431     -0.39102232
            0.1           -0.07           0.018      0.22760038     0.033567075      0.15359618     -0.39398716
            0.1           -0.07           0.022      0.20111506     0.031578364      0.13101494     -0.39764445
            0.1           -0.07           0.026      0.15422371     0.028785728       0.1017946      -0.4010385
            0.1           -0.07            0.03     0.081294607     0.033905453     0.066750094     -0.40318922
            0.1           -0.07           0.034    -0.020732952      0.05128691     0.028854658     -0.40271978
            0.1           -0.07           0.038     -0.12953827     0.075016644   -0.0042280903     -0.39925216
            0.1           -0.07           0.042     -0.20991598     0.094494669      -0.0263303     -0.39455343
            0.1           -0.07           0.046     -0.25778998      0.10528932    -0.040429461      -0.3901905
            0.1           -0.07            0.05       -0.289972      0.10918783    -0.051659247     -0.38629963
            0.1           -0.07           0.054     -0.31602927      0.10914878    -0.061502548     -0.38281388
            0.1           -0.07           0.058     -0.33943294      0.10742193     -0.07018064     -0.37964162
            0.1           -0.07           0.062     -0.36154195       0.1053811    -0.077894204     -0.37659461
            0.1           -0.07           0.066     -0.38290106      0.10375823    -0.084747374      -0.3735187
            0.1           -0.07            0.07     -0.40371021      0.10290699    -0.090861436     -0.37028238
            0.1           -0.07           0.074     -0.42400477      0.10302613    -0.096408572      -0.3667687
            0.1           -0.07           0.078     -0.44361449      0.10446665     -0.10160137     -0.36283663
            0.1           -0.07           0.082     -0.46116555      0.10816107     -0.10644229     -0.35830813
            0.1           -0.07           0.086     -0.46881732      0.11488638      -0.1097378     -0.35322881
            0.1           -0.07            0.09     -0.43315726      0.11915642     -0.10386702     -0.34767908
            0.1           -0.07           0.094     -0.28528015     0.094207046    -0.071362523     -0.34290577
            0.1           -0.07           0.098    -0.083762587     0.028298305    -0.021299669     -0.34082863
            0.1          -0.066          -0.098    -0.033417537      0.11619113     0.019039561      -0.3585491
            0.1          -0.066          -0.094     -0.15933718      0.21488756     0.073543501     -0.35900166
            0.1          -0.066           -0.09     -0.32376346      0.18727488      0.12535256     -0.36395376
            0.1          -0.066          -0.086     -0.40050284      0.15500951      0.13686065     -0.37095988
            0.1          -0.066          -0.082     -0.40846062      0.13356708      0.12544413     -0.37586261
            0.1          -0.066          -0.078     -0.39340863      0.12327971       0.1129141     -0.37885927
            0.1          -0.066          -0.074     -0.37261774      0.11946826      0.10394196     -0.38074569
            0.1          -0.066           -0.07      -0.3505104      0.11911171     0.097961115     -0.38192725
            0.1          -0.066          -0.066     -0.32790661      0.12073612      0.09412037     -0.38266952
            0.1          -0.066          -0.062     -0.30496469      0.12345439     0.091875309     -0.38314337
            0.1          -0.066          -0.058     -0.28161144       0.1265932     0.090909731     -0.38344497
            0.1          -0.066          -0.054     -0.25762343       0.1295791     0.091089017     -0.38363263
            0.1          -0.066           -0.05     -0.23263084      0.13190726     0.092398194     -0.38374525
            0.1          -0.066          -0.046      -0.2061135      0.13315528     0.094880043      -0.3838091
            0.1          -0.066          -0.042     -0.17743633      0.13304233     0.098548777     -0.38384036
            0.1          -0.066          -0.038     -0.14594981      0.13150852      0.10326584     -0.38383356
            0.1          -0.066          -0.034     -0.11116122      0.12873636      0.10857201     -0.38374287
            0.1          -0.066           -0.03    -0.072876137      0.12488985      0.11384136     -0.38342914
            0.1          -0.066          -0.026     -0.03102611      0.11980444      0.11901167     -0.38273915
            0.1          -0.066          -0.022     0.015680711      0.11211119      0.12583656     -0.38164042
            0.1          -0.066          -0.018     0.070130783     0.098522491      0.13856475     -0.38035529
            0.1          -0.066          -0.014      0.12872479     0.079152467      0.15881751     -0.37990902
            0.1          -0.066           -0.01      0.18022243     0.059307332      0.18052183      -0.3810197
            0.1          -0.066          -0.006       0.2174514     0.042799267      0.19494366      -0.3829165
            0.1          -0.066          -0.002      0.24220665     0.030087819      0.19776204     -0.38478357
            0.1          -0.066           0.002      0.25971274     0.022063771      0.19063354     -0.38660374
            0.1          -0.066           0.006      0.27090647     0.021247639      0.17823624     -0.38844024
            0.1          -0.066            0.01      0.27369336     0.027701986      0.16351902     -0.39010461
            0.1          -0.066           0.014      0.26734017     0.036067043      0.14768173     -0.39174802
            0.1          -0.066           0.018      0.24976215     0.040517609      0.13121956     -0.39407226
            0.1          -0.066           0.022      0.21682387     0.039865219      0.11150224     -0.39727909
            0.1          -0.066           0.026      0.16502301     0.038728043     0.085776792     -0.40070168
            0.1          -0.066            0.03     0.091785639     0.045253589       0.0547556     -0.40314669
            0.1          -0.066           0.034   -0.0025921945     0.063244742     0.021597032     -0.40305733
            0.1          -0.066           0.038     -0.10370162     0.086557801   -0.0078401444     -0.39992163
            0.1          -0.066           0.042     -0.18415006      0.10442614    -0.028386752     -0.39532366
            0.1          -0.066           0.046     -0.23492548      0.11298019    -0.041392898     -0.39100641
            0.1          -0.066            0.05      -0.2684024      0.11516456     -0.05137044     -0.38724741
            0.1          -0.066           0.054     -0.29449219      0.11407672    -0.060165105     -0.38389008
            0.1          -0.066           0.058     -0.31721707      0.11169698    -0.068041415     -0.38085076
            0.1          -0.066           0.062     -0.33820654      0.10920946    -0.075229815     -0.37794164
            0.1          -0.066           0.066     -0.35813518      0.10725067    -0.081839795     -0.37499707
            0.1          -0.066            0.07     -0.37725187      0.10613667    -0.087968808     -0.37186903
            0.1          -0.066           0.074     -0.39559024      0.10604518    -0.093746752     -0.36842056
            0.1          -0.066           0.078      -0.4129566      0.10729445    -0.099338385     -0.36449057
            0.1          -0.066           0.082     -0.42809246      0.11081749     -0.10480453       -0.359902
            0.1          -0.066           0.086     -0.43371884      0.11789505     -0.10900265     -0.35462395
            0.1          -0.066            0.09     -0.39971773      0.12482238     -0.10454644     -0.34860537
            0.1          -0.066           0.094     -0.26530047      0.10705921    -0.074225363     -0.34300143
            0.1          -0.066           0.098    -0.083098707     0.037752503    -0.024052373     -0.34019341
            0.1          -0.062          -0.098    -0.036439739      0.12342283     0.019250961     -0.36551193
            0.1          -0.062          -0.094     -0.16060833      0.22972308     0.070425641     -0.36611803
            0.1          -0.062           -0.09     -0.30663419      0.19828732      0.11671677     -0.37018807
            0.1          -0.062          -0.086     -0.36961165      0.16109577      0.12622246      -0.3758901
            0.1          -0.062          -0.082     -0.37492756      0.13725929      0.11670945     -0.38003269
            0.1          -0.062          -0.078     -0.36143039      0.12595772      0.10594167     -0.38265701
            0.1          -0.062          -0.074     -0.34286147       0.1216573     0.097990319     -0.38428635
            0.1          -0.062           -0.07     -0.32276424      0.12105815     0.092493503     -0.38525479
            0.1          -0.062          -0.066     -0.30187015      0.12256606      0.08877851     -0.38579068
            0.1          -0.062          -0.062     -0.28030912      0.12519863       0.0863832     -0.38603313
            0.1          -0.062          -0.058     -0.25795677      0.12818989     0.085035889     -0.38605779
            0.1          -0.062          -0.054     -0.23451345      0.13087542     0.084622701     -0.38590991
            0.1          -0.062           -0.05     -0.20951091      0.13266074     0.085142534     -0.38561862
            0.1          -0.062          -0.046     -0.18229326      0.13303508     0.086649702     -0.38520016
            0.1          -0.062          -0.042     -0.15204174      0.13165258     0.089166338      -0.3846647
            0.1          -0.062          -0.038     -0.11790932      0.12846584     0.092522422       -0.384021
            0.1          -0.062          -0.034    -0.079120612      0.12372002      0.09607462     -0.38326116
            0.1          -0.062           -0.03    -0.034522046      0.11712583     0.098981267     -0.38222436
            0.1          -0.062          -0.026      0.01863735      0.10731883      0.10134955     -0.38079126
            0.1          -0.062          -0.022     0.086293136     0.091271351      0.10549677     -0.37903212
            0.1          -0.062          -0.018      0.17175432     0.066400537      0.11613909     -0.37720768
            0.1          -0.062          -0.014      0.25877775     0.039473725      0.13409931     -0.37690776
            0.1          -0.062           -0.01      0.32218524     0.021695483      0.15050922     -0.37905284
            0.1          -0.062          -0.006      0.35726733     0.014877478      0.15445713     -0.38174753
            0.1          -0.062          -0.002      0.37732973     0.013192566       0.1435821     -0.38357989
            0.1          -0.062           0.002      0.39224357     0.012378098      0.12457932     -0.38518543
            0.1          -0.062           0.006      0.39606119     0.014260371      0.10587725     -0.38741607
            0.1          -0.062            0.01      0.38068861     0.021026174     0.090397567     -0.38995117
            0.1          -0.062           0.014      0.34953818     0.028771353     0.077738542      -0.3921493
            0.1          -0.062           0.018      0.30591456     0.033717215     0.067715579     -0.39463607
            0.1          -0.062           0.022      0.24928922     0.036150092     0.056750533     -0.39792125
            0.1          -0.062           0.026      0.17986931      0.03931878     0.040681346     -0.40129299
            0.1          -0.062            0.03     0.098047217      0.04946991     0.019937684      -0.4035208
            0.1          -0.062           0.034    0.0065859413     0.069404102   -0.0023028015     -0.40331601
            0.1          -0.062           0.038    -0.084861049     0.093083417    -0.021955256     -0.40032163
            0.1          -0.062           0.042     -0.15962507      0.11047448    -0.036075223     -0.39585211
            0.1          -0.062           0.046     -0.21040261      0.11814507    -0.045515507     -0.39155057
            0.1          -0.062            0.05     -0.24470311      0.11944097    -0.053089549     -0.38785347
            0.1          -0.062           0.054     -0.27087122      0.11777646    -0.060106117     -0.38462305
            0.1          -0.062           0.058     -0.29301206      0.11509449    -0.066713094     -0.38174018
            0.1          -0.062           0.062     -0.31294634      0.11247219    -0.073044397     -0.37900797
            0.1          -0.062           0.066     -0.33147516      0.11046661    -0.079163767     -0.37624245
            0.1          -0.062            0.07     -0.34890634      0.10934749    -0.085121551     -0.37327747
            0.1          -0.062           0.074     -0.36527212      0.10925798    -0.090992014     -0.36995746
            0.1          -0.062           0.078     -0.38031439      0.11047542    -0.096878848     -0.36610634
            0.1          -0.062           0.082     -0.39265143      0.11393167     -0.10281419     -0.36154396
            0.1          -0.062           0.086     -0.39487945      0.12133313      -0.1075984     -0.35620507
            0.1          -0.062            0.09     -0.35844354      0.13044459     -0.10381761      -0.3500135
            0.1          -0.062           0.094     -0.23172632      0.11788889     -0.07457068     -0.34396544
            0.1          -0.062           0.098    -0.074342308     0.046275391    -0.025388158     -0.34058858
            0.1          -0.058          -0.098    -0.034690163        0.128391     0.019205312     -0.37269403
            0.1          -0.058          -0.094     -0.15317401      0.24006421     0.066469165     -0.37347427
            0.1          -0.058           -0.09     -0.28327882      0.20504247      0.10667247     -0.37673085
            0.1          -0.058          -0.086     -0.33568477      0.16448225      0.11414146     -0.38110839
            0.1          -0.058          -0.082     -0.33913694      0.13944386      0.10640666     -0.38434016
            0.1          -0.058          -0.078     -0.32697639      0.12778164      0.09748262     -0.38641504
            0.1          -0.058          -0.074     -0.31047528      0.12335827     0.090700603     -0.38766679
            0.1          -0.058           -0.07     -0.29238771      0.12277056     0.085832516      -0.3883441
            0.1          -0.058          -0.066     -0.27326093      0.12436663     0.082338303     -0.38862248
            0.1          -0.058          -0.062     -0.25311898      0.12708671     0.079812614     -0.38860036
            0.1          -0.058          -0.058     -0.23171613      0.13007192     0.078004025     -0.38832581
            0.1          -0.058          -0.054     -0.20856694      0.13254858      0.07679189     -0.38782255
            0.1          -0.058           -0.05      -0.1829052      0.13379368     0.076160749      -0.3870927
            0.1          -0.058          -0.046     -0.15358479       0.1331602     0.076162296      -0.3861254
            0.1          -0.058          -0.042     -0.11899621      0.13019538     0.076866712     -0.38492434
            0.1          -0.058          -0.038    -0.077311062      0.12487963     0.078212586     -0.38356229
            0.1          -0.058          -0.034    -0.026642647      0.11759309     0.079450014     -0.38217362
            0.1          -0.058           -0.03     0.036707032      0.10709185     0.079840489     -0.38055499
            0.1          -0.058          -0.026      0.11969354     0.090631909     0.080063959     -0.37856766
            0.1          -0.058          -0.022       0.2329685     0.064893882     0.082094365     -0.37637002
            0.1          -0.058          -0.018      0.37713984     0.029948082     0.088725393     -0.37409445
            0.1          -0.058          -0.014      0.50696865  -0.00029583291     0.099486225     -0.37401396
            0.1          -0.058           -0.01       0.5721845   -0.0096067865      0.10419766     -0.37741954
            0.1          -0.058          -0.006      0.58767156   -0.0023477066     0.091971143     -0.38097925
            0.1          -0.058          -0.002      0.59783757    0.0048871495      0.06538144     -0.38257457
            0.1          -0.058           0.002      0.61813436    0.0037569356     0.036643513     -0.38336089
            0.1          -0.058           0.006        0.623624   5.7578736e-05     0.016095985     -0.38497256
            0.1          -0.058            0.01      0.58848742    0.0012731858    0.0042701575     -0.38782761
            0.1          -0.058           0.014      0.52132629      0.00473912   -0.0032705353     -0.39087506
            0.1          -0.058           0.018      0.43591829    0.0084967857   -0.0074159426     -0.39420984
            0.1          -0.058           0.022      0.33700007     0.014738155    -0.010878577      -0.3981776
            0.1          -0.058           0.026      0.23215324     0.024373247    -0.017773129     -0.40169666
            0.1          -0.058            0.03      0.12706491     0.040493136    -0.027022063     -0.40359568
            0.1          -0.058           0.034      0.02621983     0.064757741    -0.035972408     -0.40307702
            0.1          -0.058           0.038    -0.063422721     0.091088147    -0.043287877     -0.40013196
            0.1          -0.058           0.042     -0.13407711       0.1102321    -0.048534345     -0.39589763
            0.1          -0.058           0.046     -0.18392134      0.11909776    -0.052621827     -0.39171461
            0.1          -0.058            0.05     -0.21866846      0.12097571    -0.056786868     -0.38809071
            0.1          -0.058           0.054     -0.24490315      0.11961043    -0.061364927     -0.38499619
            0.1          -0.058           0.058     -0.26650743      0.11718878    -0.066223571     -0.38230069
            0.1          -0.058           0.062     -0.28542412      0.11485426    -0.071333032     -0.37979683
            0.1          -0.058           0.066     -0.30257189      0.11315649    -0.076686255     -0.37727312
            0.1          -0.058            0.07     -0.31831963       0.1123394    -0.082277496     -0.37453953
            0.1          -0.058           0.074     -0.33269416      0.11251373    -0.088123438     -0.37142111
            0.1          -0.058           0.078     -0.34533321      0.11392486    -0.094265311     -0.36772956
            0.1          -0.058           0.082     -0.35450887       0.1175674     -0.10064741     -0.36328302
            0.1          -0.058           0.086     -0.35202043      0.12561211     -0.10582963     -0.35801748
            0.1          -0.058            0.09     -0.30983371       0.1366845      -0.1021817     -0.35197207
            0.1          -0.058           0.094     -0.18698069      0.12702711    -0.072754866     -0.34599264
            0.1          -0.058           0.098    -0.057989401     0.053195577    -0.025325235     -0.34238912
            0.1          -0.054          -0.098    -0.028319859       0.1311972     0.019160488     -0.37951543
            0.1          -0.054          -0.094     -0.13682423      0.24645609     0.062495327     -0.38052987
            0.1          -0.054           -0.09     -0.25327421      0.20832712      0.09641826     -0.38314958
            0.1          -0.054          -0.086     -0.29749908      0.16553995      0.10152878     -0.38631958
            0.1          -0.054          -0.082     -0.29949005      0.14000895      0.09484114     -0.38861174
            0.1          -0.054          -0.078     -0.28866285      0.12845905     0.087477593     -0.39006272
            0.1          -0.054          -0.074     -0.27437744      0.12428111     0.081864512     -0.39087578
            0.1          -0.054           -0.07     -0.25859487      0.12402309     0.077726229     -0.39122024
            0.1          -0.054          -0.066     -0.24154134      0.12600165     0.074551867     -0.39121827
            0.1          -0.054          -0.062       -0.223031      0.12908571     0.071929982     -0.39092697
            0.1          -0.054          -0.058     -0.20255566      0.13231088     0.069563557     -0.39036148
            0.1          -0.054          -0.054     -0.17916906       0.1347596     0.067247229     -0.38950339
            0.1          -0.054           -0.05     -0.15121653      0.13550109     0.064854317     -0.38829625
            0.1          -0.054          -0.046     -0.11578884      0.13359013     0.062354289     -0.38668365
            0.1          -0.054          -0.042    -0.068418174      0.12814948      0.06000763     -0.38469363
            0.1          -0.054          -0.038   -0.0053212928      0.11907794     0.058691689     -0.38254899
            0.1          -0.054          -0.034     0.074870234      0.10743173     0.058060139     -0.38066535
            0.1          -0.054           -0.03      0.17688145     0.091493839     0.057409195     -0.37863331
            0.1          -0.054          -0.026      0.30950738     0.068300836        0.056679     -0.37629075
            0.1          -0.054          -0.022      0.48998325     0.037317324     0.055834279     -0.37345084
            0.1          -0.054          -0.018      0.72699845   0.00030141058     0.054433587     -0.36986605
            0.1          -0.054          -0.014      0.91598985    -0.028579591     0.053585756     -0.37005297
            0.1          -0.054           -0.01      0.95747589    -0.029823287     0.047545166     -0.37562978
            0.1          -0.054          -0.006      0.92655189    -0.011265825     0.026990764     -0.38050357
            0.1          -0.054          -0.002      0.93004495   0.00083771888   -0.0034958099       -0.381732
            0.1          -0.054           0.002      0.98639631   -0.0047092789    -0.030760216     -0.38104218
            0.1          -0.054           0.006       1.0166151    -0.018610164    -0.045783575     -0.38158593
            0.1          -0.054            0.01      0.95384183    -0.027319235     -0.05242038     -0.38497321
            0.1          -0.054           0.014      0.83217325    -0.029108559    -0.058119021     -0.38855275
            0.1          -0.054           0.018      0.68733561    -0.026201002    -0.061838271     -0.39199608
            0.1          -0.054           0.022       0.5261866    -0.017417462    -0.064020574      -0.3965059
            0.1          -0.054           0.026      0.36521899   -0.0034541853    -0.068163676     -0.40031515
            0.1          -0.054            0.03       0.2160916     0.017032688    -0.071478868     -0.40209975
            0.1          -0.054           0.034     0.084483685      0.04630376    -0.070617081     -0.40156223
            0.1          -0.054           0.038      -0.0221578     0.078019523    -0.067101144     -0.39891727
            0.1          -0.054           0.042      -0.0998219      0.10205492    -0.063601757     -0.39515212
            0.1          -0.054           0.046     -0.15270863      0.11467489    -0.061813592     -0.39131919
            0.1          -0.054            0.05     -0.18912374      0.11892333    -0.062066306     -0.38790136
            0.1          -0.054           0.054     -0.21592189      0.11896119    -0.063824831     -0.38499134
            0.1          -0.054           0.058      -0.2372004      0.11749635    -0.066585483     -0.38252107
            0.1          -0.054           0.062     -0.25518737      0.11595405    -0.070160622      -0.3802989
            0.1          -0.054           0.066     -0.27099509      0.11498093    -0.074495777     -0.37808467
            0.1          -0.054            0.07      -0.2850731      0.11483384    -0.079551677      -0.3756557
            0.1          -0.054           0.074     -0.29743431      0.11560562    -0.085304028     -0.37281283
            0.1          -0.054           0.078     -0.30754674      0.11753501    -0.091742108     -0.36935438
            0.1          -0.054           0.082     -0.31307148      0.12177412    -0.098679139     -0.36509632
            0.1          -0.054           0.086      -0.3043363      0.13106087      -0.1042357     -0.36001094
            0.1          -0.054            0.09     -0.25354284      0.14406354     -0.10012165     -0.35435518
            0.1          -0.054           0.094     -0.13258342      0.13525486    -0.069016783     -0.34892513
            0.1          -0.054           0.098    -0.035668951     0.058507588    -0.023944843     -0.34551755
            0.1           -0.05          -0.098    -0.017772793      0.13201849     0.019428912     -0.38544778
            0.1           -0.05          -0.094     -0.11168574      0.24982034      0.05943997     -0.38675282
            0.1           -0.05           -0.09     -0.21579766      0.20920906     0.087038249     -0.38897946
            0.1           -0.05          -0.086     -0.25339131      0.16445272     0.089004707     -0.39117059
            0.1           -0.05          -0.082     -0.25403315      0.13854004     0.082197938     -0.39260576
            0.1           -0.05          -0.078     -0.24477663      0.12738932     0.075862906     -0.39345184
            0.1           -0.05          -0.074     -0.23331392      0.12385654      0.07133408     -0.39383144
            0.1           -0.05           -0.07     -0.22054055      0.12434941     0.068014042     -0.39384847
            0.1           -0.05          -0.066     -0.20615821      0.12712917     0.065273552      -0.3935827
            0.1           -0.05          -0.062     -0.18960675      0.13098719     0.062587289     -0.39305575
            0.1           -0.05          -0.058      -0.1698174      0.13484414     0.059489409     -0.39223487
            0.1           -0.05          -0.054     -0.14467492      0.13759067     0.055512171     -0.39102758
            0.1           -0.05           -0.05     -0.10981254       0.1379163     0.050184779     -0.38929167
            0.1           -0.05          -0.046      -0.0571026      0.13407965     0.043334694      -0.3869207
            0.1           -0.05          -0.042     0.023030922      0.12399975     0.036627985     -0.38395503
            0.1           -0.05          -0.038      0.13264074      0.10792698     0.033572894     -0.38079891
            0.1           -0.05          -0.034      0.26642202     0.089548106     0.033703104     -0.37842093
            0.1           -0.05           -0.03      0.42901417     0.067708419     0.034628721     -0.37623738
            0.1           -0.05          -0.026      0.63115026     0.042337195     0.035342986     -0.37318099
            0.1           -0.05          -0.022      0.90153023     0.017530901     0.035437034     -0.36825466
            0.1           -0.05          -0.018       1.2348386   -0.0068143029     0.031864592     -0.36241996
            0.1           -0.05          -0.014       1.4961816    -0.026826178     0.019842627     -0.36056002
            0.1           -0.05           -0.01       1.5437953    -0.028033392    0.0050414512     -0.36612992
            0.1           -0.05          -0.006       1.4596753    -0.011221401    -0.010342265     -0.37334157
            0.1           -0.05          -0.002       1.4367491   0.00044295474    -0.029222034     -0.37525432
            0.1           -0.05           0.002       1.5219431    -0.004160156    -0.046557811     -0.37331593
            0.1           -0.05           0.006       1.5972423    -0.018231767    -0.058081632     -0.37190712
            0.1           -0.05            0.01       1.5289561     -0.03472545    -0.064568795     -0.37525413
            0.1           -0.05           0.014       1.3360214      -0.0481655    -0.071715201     -0.38142577
            0.1           -0.05           0.018       1.1007525    -0.053011737    -0.080253145     -0.38694735
            0.1           -0.05           0.022      0.85210667    -0.046496781    -0.087001103     -0.39208673
            0.1           -0.05           0.026      0.61373231     -0.03307008    -0.094167674     -0.39595556
            0.1           -0.05            0.03      0.40089178    -0.014021562    -0.098903356     -0.39781607
            0.1           -0.05           0.034      0.21441224     0.016407523    -0.095939938     -0.39786019
            0.1           -0.05           0.038     0.063543906     0.053447417    -0.087611415     -0.39615285
            0.1           -0.05           0.042    -0.042920713     0.084846839    -0.078513665     -0.39331155
            0.1           -0.05           0.046     -0.11057471      0.10400603    -0.071798933     -0.39018815
            0.1           -0.05            0.05     -0.15339991      0.11262389     -0.06833592     -0.38721014
            0.1           -0.05           0.054     -0.18260849      0.11528562    -0.067278758     -0.38458669
            0.1           -0.05           0.058        -0.20432      0.11553112    -0.067828931      -0.3823874
            0.1           -0.05           0.062     -0.22169235      0.11531947    -0.069704145     -0.38049098
            0.1           -0.05           0.066     -0.23631281      0.11552844     -0.07286266     -0.37864625
            0.1           -0.05            0.07     -0.24881146      0.11648133    -0.077290617     -0.37658846
            0.1           -0.05           0.074     -0.25918876      0.11827841    -0.082965769     -0.37408614
            0.1           -0.05           0.078     -0.26663436      0.12120055    -0.089850695     -0.37091844
            0.1           -0.05           0.082     -0.26779544      0.12670194    -0.097509168     -0.36688679
            0.1           -0.05           0.086     -0.25079773      0.13798639     -0.10357884     -0.36204653
            0.1           -0.05            0.09     -0.18864403      0.15228979    -0.097646271     -0.35690355
            0.1           -0.05           0.094    -0.069938681      0.14266237    -0.063206098      -0.3523618
            0.1           -0.05           0.098   -0.0087324733     0.062528869    -0.021157869     -0.34956392
            0.1          -0.046          -0.098   -0.0037077246      0.13063093     0.020090755     -0.39005511
            0.1          -0.046          -0.094    -0.078705527      0.25072567     0.057880166     -0.39163483
            0.1          -0.046           -0.09     -0.17073538      0.20861957     0.079462985     -0.39367881
            0.1          -0.046          -0.086     -0.20224853      0.16125375     0.077206466     -0.39519787
            0.1          -0.046          -0.082     -0.20153275      0.13433094     0.068933688      -0.3959765
            0.1          -0.046          -0.078     -0.19436133      0.12365536     0.062923435     -0.39633207
            0.1          -0.046          -0.074     -0.18665473      0.12122446     0.059296826     -0.39635356
            0.1          -0.046           -0.07     -0.17781919      0.12302804     0.056830706     -0.39610344
            0.1          -0.046          -0.066     -0.16679107      0.12718395     0.054603001     -0.39563935
            0.1          -0.046          -0.062     -0.15235304      0.13239865     0.051822366     -0.39495089
            0.1          -0.046          -0.058     -0.13222859      0.13747265     0.047650876     -0.39394167
            0.1          -0.046          -0.054     -0.10134449      0.14099332      0.04104671      -0.3924308
            0.1          -0.046           -0.05    -0.048834268      0.14077817     0.031001355       -0.390185
            0.1          -0.046          -0.046     0.041888516      0.13326223     0.018171958     -0.38702716
            0.1          -0.046          -0.042      0.18349683       0.1149532     0.007583859     -0.38289712
            0.1          -0.046          -0.038      0.36939827     0.088294985    0.0056664071     -0.37826933
            0.1          -0.046          -0.034      0.58130739     0.062704082     0.009374875     -0.37485192
            0.1          -0.046           -0.03      0.84061193     0.041861271     0.014851317     -0.37022205
            0.1          -0.046          -0.026       1.1438863     0.023617447     0.022528287     -0.36426925
            0.1          -0.046          -0.022        1.454232     0.010709552     0.026787196     -0.35861351
            0.1          -0.046          -0.018       1.7722806    0.0034509649     0.025979453     -0.35173158
            0.1          -0.046          -0.014       2.0415974   -0.0017730365     0.016108834     -0.34690142
            0.1          -0.046           -0.01       2.1300816   -0.0026562468   -0.0007311464     -0.34894198
            0.1          -0.046          -0.006       2.0584108    0.0041079128    -0.012078673     -0.35475842
            0.1          -0.046          -0.002       2.0081606     0.009967113    -0.018260764     -0.35751065
            0.1          -0.046           0.002       2.0586222    0.0079568169    -0.025291823     -0.35659181
            0.1          -0.046           0.006       2.1398233    0.0027567773     -0.03494344       -0.354612
            0.1          -0.046            0.01       2.1191878   -0.0066853748    -0.045263688     -0.35664847
            0.1          -0.046           0.014       1.9508948    -0.024505214    -0.057766486     -0.36366262
            0.1          -0.046           0.018       1.6804903    -0.043528649    -0.071019723     -0.37163143
            0.1          -0.046           0.022       1.3379194    -0.053296666    -0.080128201     -0.38124044
            0.1          -0.046           0.026       0.9952912    -0.051859541    -0.091189755     -0.38836414
            0.1          -0.046            0.03      0.70223992    -0.040562381      -0.1020047     -0.39041115
            0.1          -0.046           0.034      0.44166305    -0.015191643      -0.1032222     -0.39150988
            0.1          -0.046           0.038       0.2197628     0.022528461    -0.097470068     -0.39150596
            0.1          -0.046           0.042     0.056173894     0.059755764    -0.089108575     -0.39012973
            0.1          -0.046           0.046    -0.047202797     0.086671964     -0.08079103     -0.38814172
            0.1          -0.046            0.05     -0.10710015      0.10152964    -0.074854913     -0.38591926
            0.1          -0.046           0.054     -0.14301222      0.10809229    -0.071497818     -0.38374034
            0.1          -0.046           0.058     -0.16688936      0.11082531    -0.070051114     -0.38186941
            0.1          -0.046           0.062     -0.18441031      0.11248901    -0.070288538     -0.38032591
            0.1          -0.046           0.066     -0.19823477      0.11435866      -0.0722739     -0.37888937
            0.1          -0.046            0.07     -0.20941608      0.11690572    -0.076103824      -0.3772542
            0.1          -0.046           0.074     -0.21797129       0.1202871    -0.081835413     -0.37514614
            0.1          -0.046           0.078     -0.22261279      0.12490577    -0.089437355     -0.37231461
            0.1          -0.046           0.082      -0.2183291      0.13261623    -0.098060166     -0.36852808
            0.1          -0.046           0.086     -0.19031854       0.1463083     -0.10407474     -0.36397354
            0.1          -0.046            0.09     -0.11473225      0.15960889      -0.0930967     -0.35938485
            0.1          -0.046           0.094  -0.00094106633      0.14794301     -0.05419298     -0.35587474
            0.1          -0.046           0.098     0.021424524      0.06518959    -0.016564223     -0.35399573
            0.1          -0.042          -0.098     0.013027239      0.12663132     0.020934245     -0.39307043
            0.1          -0.042          -0.094    -0.039658988      0.24908436     0.057578362     -0.39484126
            0.1          -0.042           -0.09     -0.12017709       0.2071781     0.074008769     -0.39679527
            0.1          -0.042          -0.086     -0.14596005      0.15619299     0.066863665     -0.39791281
            0.1          -0.042          -0.082      -0.1436494      0.12703519     0.056049411     -0.39829356
            0.1          -0.042          -0.078      -0.1387974      0.11658955     0.049636588     -0.39834977
            0.1          -0.042          -0.074      -0.1353945      0.11563244     0.046577033     -0.39815609
            0.1          -0.042           -0.07     -0.13102655      0.11933041     0.044820331     -0.39775656
            0.1          -0.042          -0.066     -0.12360131      0.12552816     0.043021559     -0.39720663
            0.1          -0.042          -0.062     -0.11074912      0.13284412     0.039938402     -0.39646449
            0.1          -0.042          -0.058    -0.087672903      0.13997225     0.034055323     -0.39536435
            0.1          -0.042          -0.054    -0.043396969      0.14497317     0.023429258     -0.39361833
            0.1          -0.042           -0.05       0.0424322      0.14404846    0.0071504222     -0.39081087
            0.1          -0.042          -0.046      0.19471722      0.13136284    -0.011791744     -0.38663183
            0.1          -0.042          -0.042      0.42967241      0.10305361    -0.024262786     -0.38053985
            0.1          -0.042          -0.038      0.73278545      0.06579431    -0.021211698     -0.37269996
            0.1          -0.042          -0.034       1.0517807      0.03705123   -0.0074988509     -0.36592706
            0.1          -0.042           -0.03       1.3783096     0.025074892    0.0050323139     -0.35931409
            0.1          -0.042          -0.026       1.7132618     0.019237791     0.016191785      -0.3507337
            0.1          -0.042          -0.022       1.9918149     0.016053227     0.024135886      -0.3434927
            0.1          -0.042          -0.018       2.1967112     0.016924509     0.024847025      -0.3375862
            0.1          -0.042          -0.014       2.3418358     0.017917222     0.020501295     -0.33313588
            0.1          -0.042           -0.01       2.3995667     0.018429718    0.0097383898     -0.33248846
            0.1          -0.042          -0.006       2.3793477     0.019872118  -0.00041588817     -0.33429085
            0.1          -0.042          -0.002         2.34996     0.021344203   -0.0041180192      -0.3359571
            0.1          -0.042           0.002       2.3587076     0.019875734   -0.0078299215     -0.33631049
            0.1          -0.042           0.006       2.3931378      0.01883546    -0.015032857     -0.33619565
            0.1          -0.042            0.01       2.4021036     0.018817282    -0.025247605     -0.33829257
            0.1          -0.042           0.014       2.3441783     0.011560416     -0.03828143     -0.34384287
            0.1          -0.042           0.018       2.1968552   -0.0034725533    -0.052708914     -0.35096538
            0.1          -0.042           0.022       1.9119198    -0.022746223    -0.062993557      -0.3610562
            0.1          -0.042           0.026       1.5196526    -0.042055625     -0.07159668     -0.37269008
            0.1          -0.042            0.03       1.1322899     -0.04987879    -0.083129304     -0.37929985
            0.1          -0.042           0.034       0.7789224    -0.036122593    -0.090043236     -0.38252083
            0.1          -0.042           0.038       0.4625214   -0.0041185545    -0.090990414     -0.38506046
            0.1          -0.042           0.042       0.2160508     0.032621164    -0.089875622     -0.38563302
            0.1          -0.042           0.046      0.05123249     0.064232328    -0.085890835     -0.38507655
            0.1          -0.042            0.05    -0.043767113     0.085544373    -0.080573453     -0.38391707
            0.1          -0.042           0.054    -0.094751583     0.097021566    -0.076245278     -0.38237642
            0.1          -0.042           0.058     -0.12400515      0.10297654    -0.073444861     -0.38090765
            0.1          -0.042           0.062     -0.14303597      0.10704204    -0.072393432     -0.37972813
            0.1          -0.042           0.066     -0.15678042      0.11106094    -0.073410403     -0.37870548
            0.1          -0.042            0.07      -0.1671305      0.11577756    -0.076813561     -0.37752074
            0.1          -0.042           0.074     -0.17415071      0.12151271    -0.082856296     -0.37584999
            0.1          -0.042           0.078     -0.17567325      0.12893611    -0.091514113     -0.37338978
            0.1          -0.042           0.082     -0.16402596      0.14000202     -0.10113168     -0.36987806
            0.1          -0.042           0.086     -0.12172421      0.15472009     -0.10475536     -0.36564301
            0.1          -0.042            0.09    -0.034042856       0.1619171    -0.085073553     -0.36167937
            0.1          -0.042           0.094     0.069412882      0.14734773    -0.041343331     -0.35914914
            0.1          -0.042           0.098     0.052538634     0.065708918   -0.0094041561     -0.35820318
            0.1          -0.038          -0.098     0.031376281      0.11953868     0.021666266     -0.39446267
            0.1          -0.038          -0.094    0.0032858587      0.24444439     0.057856456      -0.3963299
            0.1          -0.038           -0.09    -0.067221901      0.20566031     0.070453488     -0.39818682
            0.1          -0.038          -0.086    -0.088880837      0.15030855      0.05868255     -0.39905273
            0.1          -0.038          -0.082    -0.084928003      0.11740017     0.044874815     -0.39924103
            0.1          -0.038          -0.078    -0.081855578      0.10649519     0.037519413     -0.39919206
            0.1          -0.038          -0.074    -0.082207108      0.10699689      0.03453681       -0.398951
            0.1          -0.038           -0.07    -0.081810805      0.11290834     0.033096715     -0.39855275
            0.1          -0.038          -0.066    -0.077313448      0.12169355     0.031426642     -0.39805773
            0.1          -0.038          -0.062    -0.064437073      0.13188671     0.027693289     -0.39740272
            0.1          -0.038          -0.058    -0.034101682       0.1419985     0.019519567     -0.39636776
            0.1          -0.038          -0.054     0.032492294      0.14899067    0.0045267053     -0.39453449
            0.1          -0.038           -0.05      0.16360436      0.14690237     -0.01675347     -0.39125741
            0.1          -0.038          -0.046      0.38866672      0.12869076    -0.038586341     -0.38599319
            0.1          -0.038          -0.042      0.72806713     0.092382382    -0.049061702     -0.37761293
            0.1          -0.038          -0.038       1.1675052     0.050599487    -0.039244194     -0.36546471
            0.1          -0.038          -0.034       1.5864069       0.0240247    -0.015761649     -0.35399026
            0.1          -0.038           -0.03       1.8979036     0.019188801    0.0040604906     -0.34569656
            0.1          -0.038          -0.026       2.1443681     0.023226278     0.015488446     -0.33666776
            0.1          -0.038          -0.022       2.3215867     0.025456198     0.022937636     -0.32825957
            0.1          -0.038          -0.018       2.4046101     0.025852858     0.023504336     -0.32255211
            0.1          -0.038          -0.014       2.4298427      0.02514002     0.018778992     -0.31813692
            0.1          -0.038           -0.01       2.4348921      0.02484526     0.012441654     -0.31564572
            0.1          -0.038          -0.006       2.4322435     0.025757077    0.0059967178      -0.3150983
            0.1          -0.038          -0.002       2.4284335     0.026683507    0.0011373874     -0.31531792
            0.1          -0.038           0.002       2.4292852     0.026444395   -0.0043452257     -0.31590325
            0.1          -0.038           0.006       2.4342582     0.026245166    -0.012022378     -0.31737119
            0.1          -0.038            0.01       2.4378464     0.027023987    -0.020137119     -0.32073755
            0.1          -0.038           0.014       2.4345153     0.026287543    -0.028353776     -0.32661299
            0.1          -0.038           0.018       2.4119837      0.02358857    -0.039553477     -0.33341675
            0.1          -0.038           0.022       2.3086161     0.015425058    -0.050127531     -0.34093439
            0.1          -0.038           0.026       2.0580222   -0.0051555468    -0.056165528     -0.35130114
            0.1          -0.038            0.03       1.6795045    -0.028557485    -0.061468241     -0.36057691
            0.1          -0.038           0.034       1.2284949    -0.033502358     -0.06461108     -0.36892475
            0.1          -0.038           0.038      0.79085936    -0.015132774    -0.068802042     -0.37660423
            0.1          -0.038           0.042       0.4433638     0.013317125    -0.077406158     -0.37987748
            0.1          -0.038           0.046      0.19697589      0.04190473    -0.083295119     -0.38101905
            0.1          -0.038            0.05     0.045099606     0.066079991    -0.083725106     -0.38112333
            0.1          -0.038           0.054    -0.034815004     0.082135591    -0.081137466     -0.38038184
            0.1          -0.038           0.058    -0.075035367     0.091755895    -0.078218681     -0.37939501
            0.1          -0.038           0.062    -0.097658816     0.098669192    -0.076542858     -0.37857844
            0.1          -0.038           0.066      -0.1123352      0.10531419    -0.076982901     -0.37794022
            0.1          -0.038            0.07     -0.12249452      0.11287888    -0.080229917     -0.37720553
            0.1          -0.038           0.074      -0.1281978      0.12203347    -0.086852538     -0.37601105
            0.1          -0.038           0.078     -0.12561578      0.13370762    -0.096577507     -0.37397949
            0.1          -0.038           0.082     -0.10344274      0.14846563     -0.10600785     -0.37088865
            0.1          -0.038           0.086    -0.044897171      0.16032665     -0.10292874     -0.36707348
            0.1          -0.038            0.09      0.04817417      0.15567398    -0.074935128     -0.36383885
            0.1          -0.038           0.094      0.13264614      0.13609578    -0.029220347      -0.3621368
            0.1          -0.038           0.098     0.079862061     0.062324177   -0.0011670328     -0.36178577
            0.1          -0.034          -0.098     0.049739298      0.10877334      0.02174945     -0.39442804
            0.1          -0.034          -0.094     0.047330514      0.23572655     0.057944061     -0.39627784
            0.1          -0.034           -0.09    -0.014642984      0.20434449     0.068421399     -0.39799357
            0.1          -0.034          -0.086    -0.034736059       0.1450231     0.053247564     -0.39866598
            0.1          -0.034          -0.082    -0.029863196      0.10697064     0.036610312     -0.39877188
            0.1          -0.034          -0.078    -0.027580269     0.094525823     0.027968514     -0.39874873
            0.1          -0.034          -0.074     -0.03017128     0.095947412     0.024506496     -0.39859459
            0.1          -0.034           -0.07    -0.032244225      0.10389909     0.022850542     -0.39832996
            0.1          -0.034          -0.066    -0.029047112      0.11541595     0.020908559     -0.39802155
            0.1          -0.034          -0.062     -0.01353546      0.12887502     0.016301865     -0.39760292
            0.1          -0.034          -0.058      0.02897041       0.1420895    0.0061597728     -0.39681554
            0.1          -0.034          -0.054      0.12439395      0.15012913    -0.011083481     -0.39515006
            0.1          -0.034           -0.05      0.30505461      0.14495508      -0.0326984     -0.39191578
            0.1          -0.034          -0.046      0.59984943      0.11872816    -0.051176107     -0.38630715
            0.1          -0.034          -0.042       1.0283536     0.076668366    -0.053604663     -0.37583069
            0.1          -0.034          -0.038       1.5441027     0.037969056    -0.036061119     -0.36077501
            0.1          -0.034          -0.034       1.9890764     0.018137187    -0.011824279     -0.34576813
            0.1          -0.034           -0.03       2.2492807     0.018052419    0.0072947323      -0.3340624
            0.1          -0.034          -0.026       2.3734672     0.024950427     0.018030146     -0.32445561
            0.1          -0.034          -0.022        2.424806     0.027488193     0.021656427     -0.31580316
            0.1          -0.034          -0.018       2.4328766     0.026794728     0.020718903     -0.30821271
            0.1          -0.034          -0.014       2.4307712     0.026418139     0.017144619     -0.30169743
            0.1          -0.034           -0.01       2.4281226     0.026609816      0.01223525     -0.29709222
            0.1          -0.034          -0.006       2.4261073      0.02749577    0.0069708255     -0.29447552
            0.1          -0.034          -0.002       2.4249036     0.028758126    0.0018677373     -0.29364586
            0.1          -0.034           0.002       2.4251545     0.029798189   -0.0041031838     -0.29439016
            0.1          -0.034           0.006       2.4270972      0.03072572    -0.011750962     -0.29688246
            0.1          -0.034            0.01       2.4302762     0.031761004    -0.020065459     -0.30139865
            0.1          -0.034           0.014       2.4341834     0.031866877    -0.028039104     -0.30800799
            0.1          -0.034           0.018        2.436917      0.03143766    -0.036031954     -0.31588415
            0.1          -0.034           0.022       2.4276545     0.030696179    -0.043517108      -0.3246842
            0.1          -0.034           0.026       2.3627217     0.023502248    -0.049763601     -0.33363474
            0.1          -0.034            0.03       2.1543062    0.0076933478       -0.052847     -0.34127626
            0.1          -0.034           0.034       1.7257133   -0.0072589115    -0.047383944     -0.35202548
            0.1          -0.034           0.038       1.1868228    -0.006851542    -0.043710104     -0.36534666
            0.1          -0.034           0.042      0.72884068    0.0077885466    -0.054859893     -0.37313334
            0.1          -0.034           0.046      0.39430654     0.026559756    -0.071168641      -0.3761021
            0.1          -0.034            0.05      0.16848629      0.04688482    -0.081706364       -0.377559
            0.1          -0.034           0.054     0.041447324     0.064491425    -0.085084314     -0.37766396
            0.1          -0.034           0.058    -0.019144885     0.077307953    -0.084222037      -0.3771786
            0.1          -0.034           0.062     -0.04857115     0.087263296    -0.082912598     -0.37669725
            0.1          -0.034           0.066    -0.065396998     0.096950481    -0.083265627      -0.3763677
            0.1          -0.034            0.07    -0.075915259      0.10816148    -0.086530491     -0.37603766
            0.1          -0.034           0.074    -0.079966244       0.1220538    -0.093534963     -0.37537029
            0.1          -0.034           0.078    -0.071088527      0.13900746     -0.10321227      -0.3739898
            0.1          -0.034           0.082    -0.035731214       0.1557025     -0.10902157     -0.37169006
            0.1          -0.034           0.086      0.03451904      0.15985131    -0.097385575     -0.36864176
            0.1          -0.034            0.09      0.12154134       0.1409917    -0.066464452     -0.36618447
            0.1          -0.034           0.094      0.18048152      0.11355853    -0.025607869     -0.36506316
            0.1          -0.034           0.098     0.097953909      0.05409479     0.002356073     -0.36487542
            0.1           -0.03          -0.098     0.066406011     0.094317388     0.020262324      -0.3933371
            0.1           -0.03          -0.094     0.089272577      0.22109164     0.056584198     -0.39496206
            0.1           -0.03           -0.09     0.035030948      0.20199085     0.067052001     -0.39645503
            0.1           -0.03          -0.086     0.014549213      0.14090013     0.050646239     -0.39695797
            0.1           -0.03          -0.082     0.019172818     0.097001652     0.031857871     -0.39703881
            0.1           -0.03          -0.078     0.021537127     0.081859679     0.021675703     -0.39710944
            0.1           -0.03          -0.074     0.018450565     0.083331457     0.017206956     -0.39711765
            0.1           -0.03           -0.07     0.015866397     0.092680594     0.014806259     -0.39705562
            0.1           -0.03          -0.066     0.020039264      0.10651174     0.012185143      -0.3969943
            0.1           -0.03          -0.062     0.041617213      0.12276578     0.006604298      -0.3968584
            0.1           -0.03          -0.058      0.10138464      0.13778298   -0.0046177942     -0.39632163
            0.1           -0.03          -0.054      0.23081566      0.14445716    -0.021427323     -0.39480645
            0.1           -0.03           -0.05      0.46521072       0.1337525    -0.039518568     -0.39188827
            0.1           -0.03          -0.046      0.83733243     0.099764755    -0.048009171      -0.3852761
            0.1           -0.03          -0.042       1.3370309     0.055811086    -0.037702796     -0.37283885
            0.1           -0.03          -0.038       1.8404635     0.023315468    -0.015193743     -0.35638909
            0.1           -0.03          -0.034       2.2144492     0.011644709    0.0052706607     -0.33943231
            0.1           -0.03           -0.03       2.3942123     0.015443062     0.016512326     -0.32546719
            0.1           -0.03          -0.026       2.4308454     0.021231064     0.020823378     -0.31366862
            0.1           -0.03          -0.022       2.4312509     0.023908908     0.021914104     -0.30250831
            0.1           -0.03          -0.018       2.4259801      0.02512407     0.020394269     -0.29254536
            0.1           -0.03          -0.014       2.4207718     0.026051753      0.01680352     -0.28391233
            0.1           -0.03           -0.01       2.4167629     0.026765519     0.011989957     -0.27722264
            0.1           -0.03          -0.006       2.4141433     0.027674442    0.0071044284     -0.27286824
            0.1           -0.03          -0.002       2.4130332     0.029363373    0.0025232231     -0.27111278
            0.1           -0.03           0.002       2.4134254     0.031743985   -0.0031106422       -0.271947
            0.1           -0.03           0.006       2.4151542     0.034061106      -0.0109626     -0.27537292
            0.1           -0.03            0.01       2.4182991      0.03559086    -0.020112354     -0.28116357
            0.1           -0.03           0.014       2.4231321     0.035825722    -0.028989915       -0.289023
            0.1           -0.03           0.018       2.4292892     0.035286882    -0.037023427      -0.2982229
            0.1           -0.03           0.022       2.4349734     0.034416771    -0.043617644     -0.30816727
            0.1           -0.03           0.026       2.4325579     0.032101166    -0.048800203     -0.31867636
            0.1           -0.03            0.03       2.3764668     0.028100897    -0.053191914     -0.32798102
            0.1           -0.03           0.034       2.1183713     0.020742746    -0.047128419     -0.33755927
            0.1           -0.03           0.038       1.6070872     0.011502273     -0.03143855     -0.35310788
            0.1           -0.03           0.042       1.0643466     0.011274344    -0.031473554     -0.36610688
            0.1           -0.03           0.046      0.64355834     0.020338112    -0.050401297     -0.37092386
            0.1           -0.03            0.05      0.33513209     0.032430667    -0.071071591     -0.37343114
            0.1           -0.03           0.054      0.14226456     0.046694133    -0.084686272     -0.37423295
            0.1           -0.03           0.058     0.046576807     0.060487492    -0.089539739     -0.37413538
            0.1           -0.03           0.062    0.0047118898     0.072984162    -0.090166433     -0.37389594
            0.1           -0.03           0.066     -0.01583068     0.085846579    -0.090865132     -0.37374061
            0.1           -0.03            0.07    -0.026900142      0.10138432    -0.093729876     -0.37371246
            0.1           -0.03           0.074    -0.028224232      0.12104142    -0.099516953     -0.37366962
            0.1           -0.03           0.078    -0.011522635      0.14282151     -0.10611545      -0.3733804
            0.1           -0.03           0.082     0.033849047      0.15789946     -0.10504848      -0.3725157
            0.1           -0.03           0.086      0.10392725      0.15110658    -0.088118291     -0.37088245
            0.1           -0.03            0.09      0.17410625        0.118801    -0.060128706     -0.36917915
            0.1           -0.03           0.094       0.2085742      0.08281184    -0.030568748     -0.36818958
            0.1           -0.03           0.098      0.10471348     0.042355664   -0.0037557806      -0.3678162
            0.1          -0.026          -0.098     0.080869106     0.077874371     0.016429877     -0.39158956
            0.1          -0.026          -0.094       0.1264542      0.19927503      0.05203801     -0.39270292
            0.1          -0.026           -0.09     0.079690396       0.1961119     0.064901231     -0.39381338
            0.1          -0.026          -0.086     0.058167417      0.13697888     0.050077541     -0.39416208
            0.1          -0.026          -0.082     0.061582483     0.087948444     0.030415639     -0.39427137
            0.1          -0.026          -0.078     0.064529933     0.069283954     0.018586526     -0.39447336
            0.1          -0.026          -0.074     0.062404806     0.069868893      0.01262825      -0.3946654
            0.1          -0.026           -0.07     0.061240543     0.079698934    0.0089788692     -0.39479881
            0.1          -0.026          -0.066     0.069067171      0.09496752    0.0052383361     -0.39494095
            0.1          -0.026          -0.062      0.10083899      0.11285918   -0.0015204108     -0.39498071
            0.1          -0.026          -0.058       0.1832349      0.12788142    -0.013387982     -0.39449697
            0.1          -0.026          -0.054      0.35228602      0.13128964    -0.028804542     -0.39288565
            0.1          -0.026           -0.05      0.64794017      0.11442639    -0.041810687     -0.38959815
            0.1          -0.026          -0.046       1.1149914     0.079138893    -0.038352816     -0.38028977
            0.1          -0.026          -0.042       1.6550827     0.039036576    -0.016748318     -0.36564792
            0.1          -0.026          -0.038       2.0927113     0.013612097     0.007304753     -0.34865033
            0.1          -0.026          -0.034       2.3470219    0.0087446371     0.021938431     -0.33129497
            0.1          -0.026           -0.03        2.427657     0.012968777      0.02559287     -0.31596344
            0.1          -0.026          -0.026       2.4306124     0.017819457      0.02533867     -0.30152868
            0.1          -0.026          -0.022       2.4232783     0.021004415     0.024281294     -0.28819571
            0.1          -0.026          -0.018       2.4158384     0.023265415     0.021631081     -0.27578713
            0.1          -0.026          -0.014       2.4095559     0.025035313     0.017474034     -0.26474609
            0.1          -0.026           -0.01       2.4034223     0.025785944     0.012242646     -0.25578239
            0.1          -0.026          -0.006       2.3959202      0.02613015    0.0073358048     -0.24960206
            0.1          -0.026          -0.002       2.3917774     0.028117952    0.0042785867     -0.24693272
            0.1          -0.026           0.002       2.3959314     0.032347301  -0.00026187168     -0.24797422
            0.1          -0.026           0.006       2.4024021     0.036998337   -0.0091625942     -0.25251227
            0.1          -0.026            0.01       2.4067034     0.039593814    -0.019918923     -0.25993444
            0.1          -0.026           0.014       2.4114041     0.039600916    -0.030170492     -0.26951546
            0.1          -0.026           0.018       2.4178628     0.038260064    -0.038865844     -0.28046909
            0.1          -0.026           0.022       2.4258671     0.036586168    -0.045709048     -0.29212063
            0.1          -0.026           0.026       2.4333361     0.034629039    -0.050854074     -0.30400088
            0.1          -0.026            0.03       2.4286533     0.033388467    -0.055193592     -0.31556489
            0.1          -0.026           0.034       2.3372663     0.034662592    -0.053406459     -0.32619142
            0.1          -0.026           0.038       2.0091588     0.030676846    -0.035092002     -0.33942314
            0.1          -0.026           0.042       1.4744086     0.022713639    -0.015953487     -0.35525156
            0.1          -0.026           0.046      0.95369675     0.022580002    -0.021960099     -0.36527435
            0.1          -0.026            0.05        0.553028     0.027136473    -0.047115808     -0.36887675
            0.1          -0.026           0.054      0.27996194     0.033438151    -0.072260639     -0.37024556
            0.1          -0.026           0.058      0.13057954     0.043638777    -0.087236673     -0.37037104
            0.1          -0.026           0.062     0.065532802     0.056550713    -0.092464744     -0.37015413
            0.1          -0.026           0.066     0.037997808     0.071914214    -0.093757231     -0.36992846
            0.1          -0.026            0.07      0.02544393     0.091502767    -0.094690903     -0.37003297
            0.1          -0.026           0.074     0.026085766       0.1159184    -0.096066528      -0.3707511
            0.1          -0.026           0.078     0.047147303      0.13993453    -0.095278806     -0.37202266
            0.1          -0.026           0.082     0.092645028      0.15023679    -0.086274162     -0.37328012
            0.1          -0.026           0.086      0.15083788      0.13360708    -0.067853418     -0.37367732
            0.1          -0.026            0.09      0.19940807     0.092104455    -0.047467037     -0.37291363
            0.1          -0.026           0.094      0.21794799     0.050248784    -0.032201352     -0.37170137
            0.1          -0.026           0.098      0.10553772     0.026784653    -0.012820145     -0.37079337
            0.1          -0.022          -0.098     0.093393569     0.062350994     0.010369297     -0.38943745
            0.1          -0.022          -0.094      0.15785071      0.17145583      0.04293302     -0.38981465
            0.1          -0.022           -0.09      0.11796693      0.18426434     0.060329096      -0.3903544
            0.1          -0.022          -0.086     0.095567798       0.1312607     0.049988388     -0.39054059
            0.1          -0.022          -0.082     0.097322861      0.07950553     0.031205233     -0.39073205
            0.1          -0.022          -0.078      0.10111162     0.057290834     0.017907358      -0.3910973
            0.1          -0.022          -0.074      0.10107902     0.056169817      0.01005417     -0.39145449
            0.1          -0.022           -0.07      0.10310234     0.065460103    0.0047343182     -0.39171274
            0.1          -0.022          -0.066      0.11745359     0.081067069  -0.00044694385     -0.39193585
            0.1          -0.022          -0.062      0.16383781     0.099305516   -0.0084159098     -0.39197183
            0.1          -0.022          -0.058      0.27420542      0.11294196     -0.02065077     -0.39133263
            0.1          -0.022          -0.054      0.48878961      0.11200943    -0.034912602     -0.38958089
            0.1          -0.022           -0.05       0.8548571     0.090041672    -0.041262355     -0.38503112
            0.1          -0.022          -0.046       1.3903805     0.056348432    -0.028241582     -0.37394314
            0.1          -0.022          -0.042       1.9323895      0.02591404    -0.001063611     -0.35659473
            0.1          -0.022          -0.038       2.2827759    0.0098199456     0.022376491     -0.33853991
            0.1          -0.022          -0.034       2.4171188    0.0081670256     0.031069629     -0.32181513
            0.1          -0.022           -0.03       2.4318667     0.011444623     0.030703702     -0.30530045
            0.1          -0.022          -0.026       2.4238905     0.015263724     0.029446832       -0.289073
            0.1          -0.022          -0.022       2.4142219     0.018451042     0.027277897     -0.27337931
            0.1          -0.022          -0.018       2.4043803      0.02128676     0.023791806     -0.25830207
            0.1          -0.022          -0.014       2.3921189     0.023755662     0.018831916     -0.24444042
            0.1          -0.022           -0.01       2.3721226     0.024708633     0.013449717     -0.23274943
            0.1          -0.022          -0.006       2.3385335     0.023146209    0.0099004874     -0.22464583
            0.1          -0.022          -0.002       2.3163789     0.024356814    0.0099535076     -0.22116111
            0.1          -0.022           0.002       2.3387289     0.032427044    0.0066083232     -0.22236825
            0.1          -0.022           0.006        2.375052     0.040849022    -0.005521673     -0.22827952
            0.1          -0.022            0.01       2.3923906     0.044099881    -0.020136578     -0.23781463
            0.1          -0.022           0.014       2.4002771     0.043227112    -0.032347641       -0.249648
            0.1          -0.022           0.018       2.4071089     0.040537611    -0.041544059     -0.26284983
            0.1          -0.022           0.022       2.4153758     0.037653957    -0.048232855     -0.27657692
            0.1          -0.022           0.026       2.4249377     0.035168184    -0.052865736     -0.29028605
            0.1          -0.022            0.03       2.4326963     0.033644602    -0.056050334     -0.30351845
            0.1          -0.022           0.034       2.4214127     0.035430696    -0.056319961     -0.31596417
            0.1          -0.022           0.038       2.2988635      0.03916396    -0.044433883     -0.32748141
            0.1          -0.022           0.042       1.9138035     0.037277316    -0.015572915     -0.34120108
            0.1          -0.022           0.046        1.337413      0.03346639    0.0032124145     -0.35563889
            0.1          -0.022            0.05      0.81971311     0.032071381    -0.011141555     -0.36362843
            0.1          -0.022           0.054      0.46012273     0.029607582    -0.041742099     -0.36594689
            0.1          -0.022           0.058      0.24540864     0.030514054    -0.066116296      -0.3664666
            0.1          -0.022           0.062      0.14258352     0.038470076    -0.077383502     -0.36618007
            0.1          -0.022           0.066     0.099966283     0.052625496    -0.078762158     -0.36572401
            0.1          -0.022            0.07     0.081423365     0.073460687     -0.07525375     -0.36573932
            0.1          -0.022           0.074     0.078146493     0.099904845    -0.068938147     -0.36701669
            0.1          -0.022           0.078     0.094314381      0.12370557    -0.058628186     -0.36980422
            0.1          -0.022           0.082      0.12943974      0.13024388    -0.043150766     -0.37331584
            0.1          -0.022           0.086      0.17037047      0.10990198    -0.026431134     -0.37588924
            0.1          -0.022            0.09      0.20051217     0.068261847    -0.017103277     -0.37633036
            0.1          -0.022           0.094      0.21395587     0.026456512    -0.016930718     -0.37500189
            0.1          -0.022           0.098      0.10626826     0.010320093    -0.012519664     -0.37350207
            0.1          -0.018          -0.098      0.10295943     0.048617962    0.0035956941     -0.38692924
            0.1          -0.018          -0.094      0.18313943      0.14023438     0.029458749     -0.38658321
            0.1          -0.018           -0.09      0.14887504      0.16467018     0.051857876     -0.38646015
            0.1          -0.018          -0.086      0.12621022      0.12169897      0.04826579     -0.38644789
            0.1          -0.018          -0.082      0.12644487     0.070812867     0.032018733     -0.38674409
            0.1          -0.018          -0.078      0.13132844     0.046136021     0.017689326     -0.38728728
            0.1          -0.018          -0.074      0.13435537     0.042709755    0.0077511542     -0.38775508
            0.1          -0.018           -0.07      0.14121996     0.050236421    0.0006816621      -0.3880226
            0.1          -0.018          -0.066      0.16451762     0.064698548   -0.0056127181     -0.38816646
            0.1          -0.018          -0.062      0.22838586     0.081807032    -0.013749945     -0.38802521
            0.1          -0.018          -0.058      0.37015788     0.093055848    -0.025199043     -0.38729852
            0.1          -0.018          -0.054      0.63825107     0.087009826    -0.037231476     -0.38559024
            0.1          -0.018           -0.05       1.0904973     0.063523091    -0.034721608     -0.37914629
            0.1          -0.018          -0.046        1.648811     0.033356574     -0.01398753     -0.36668438
            0.1          -0.018          -0.042       2.1309307     0.011919293     0.012871825     -0.34880749
            0.1          -0.018          -0.038       2.3840647    0.0045788174     0.031242124     -0.32992382
            0.1          -0.018          -0.034       2.4331215    0.0048061352      0.03555601     -0.31269387
            0.1          -0.018           -0.03       2.4275478    0.0084336533     0.035162259     -0.29463323
            0.1          -0.018          -0.026       2.4168454      0.01220572      0.03382435     -0.27653721
            0.1          -0.018          -0.022       2.4048622     0.015859668     0.031127049     -0.25844211
            0.1          -0.018          -0.018       2.3849505     0.019473254     0.026673685     -0.24043608
            0.1          -0.018          -0.014        2.341173     0.022526217     0.020076889     -0.22336164
            0.1          -0.018           -0.01       2.2657358     0.022197632     0.014507228     -0.20905767
            0.1          -0.018          -0.006       2.1713331     0.016402143     0.014736411     -0.19973884
            0.1          -0.018          -0.002       2.1111744     0.016611072     0.019287192     -0.19614362
            0.1          -0.018           0.002        2.159808     0.033189135      0.01803909     -0.19710613
            0.1          -0.018           0.006       2.2755576     0.049605924    0.0018892552     -0.20349906
            0.1          -0.018            0.01       2.3535523     0.052033799    -0.020463816     -0.21524068
            0.1          -0.018           0.014       2.3837053     0.047313058    -0.036523265     -0.22983054
            0.1          -0.018           0.018       2.3968874      0.04179207    -0.046140612     -0.24571872
            0.1          -0.018           0.022       2.4062128     0.037095048     -0.05203109     -0.26184551
            0.1          -0.018           0.026       2.4161752     0.033496097    -0.055500173      -0.2776534
            0.1          -0.018            0.03        2.426829     0.030947945    -0.057243387     -0.29276412
            0.1          -0.018           0.034       2.4338902     0.030068245    -0.056833628     -0.30691053
            0.1          -0.018           0.038       2.4132763     0.032481556    -0.051143715     -0.31999754
            0.1          -0.018           0.042       2.2269397      0.03770266    -0.029672746     -0.33137468
            0.1          -0.018           0.046       1.7235035      0.03887749    0.0054104205     -0.34520724
            0.1          -0.018            0.05       1.1099139     0.036097123     0.017537292     -0.35733184
            0.1          -0.018           0.054      0.66134285     0.029558343   -0.0027633052     -0.36171359
            0.1          -0.018           0.058      0.38793617     0.020388243    -0.026135356     -0.36297553
            0.1          -0.018           0.062      0.24224239      0.01812273    -0.037723426     -0.36304757
            0.1          -0.018           0.066      0.17439631     0.025522044    -0.036611023     -0.36267019
            0.1          -0.018            0.07      0.14231152     0.042550713     -0.02677916     -0.36279159
            0.1          -0.018           0.074      0.12749801     0.067549702    -0.012113386     -0.36434744
            0.1          -0.018           0.078      0.12896234     0.091541411    0.0052676334     -0.36785452
            0.1          -0.018           0.082      0.14624902      0.10025956     0.022526094     -0.37260035
            0.1          -0.018           0.086      0.16983915     0.085781287     0.033286597     -0.37657176
            0.1          -0.018            0.09      0.18934373     0.054348286     0.030202656     -0.37796356
            0.1          -0.018           0.094      0.20374395      0.02000884     0.015320105     -0.37671875
            0.1          -0.018           0.098      0.10577763    0.0010307331   -0.0013545808     -0.37488777
            0.1          -0.014          -0.098       0.1070745     0.035473794   -0.0014428476     -0.38398574
            0.1          -0.014          -0.094      0.19969639      0.10701955     0.014414249     -0.38321835
            0.1          -0.014           -0.09      0.17104417      0.13635923     0.038998108     -0.38255689
            0.1          -0.014          -0.086      0.14965983      0.10654124     0.042392714     -0.38235582
            0.1          -0.014          -0.082       0.1493628     0.061037151     0.029463689      -0.3827244
            0.1          -0.014          -0.078      0.15590309      0.03589858     0.014520455     -0.38338078
            0.1          -0.014          -0.074      0.16302658      0.02969122    0.0026361026     -0.38383057
            0.1          -0.014           -0.07      0.17630834     0.033834295   -0.0056659182     -0.38392205
            0.1          -0.014          -0.066      0.20977979     0.045245025    -0.011776553     -0.38373485
            0.1          -0.014          -0.062      0.29024618     0.059797503    -0.018033182     -0.38310563
            0.1          -0.014          -0.058      0.46061584     0.068716287    -0.027219258     -0.38211354
            0.1          -0.014          -0.054      0.79429605      0.05966799    -0.035143683     -0.37973586
            0.1          -0.014           -0.05        1.332279      0.03596115      -0.0243073     -0.37246442
            0.1          -0.014          -0.046       1.8961463     0.013380995    0.0032239695     -0.35850779
            0.1          -0.014          -0.042       2.2738949   0.00056802695     0.027379067     -0.34083982
            0.1          -0.014          -0.038       2.4212055   -0.0018649897       0.0385503     -0.32258056
            0.1          -0.014          -0.034       2.4321796   0.00084762096      0.04022355     -0.30391942
            0.1          -0.014           -0.03       2.4222675    0.0047387222     0.040049191     -0.28464009
            0.1          -0.014          -0.026       2.4106465    0.0087381166     0.038803713      -0.2648004
            0.1          -0.014          -0.022       2.3936594     0.013305362     0.036148993     -0.24437758
            0.1          -0.014          -0.018       2.3449262     0.018482495     0.030633982     -0.22350994
            0.1          -0.014          -0.014       2.2283212     0.021093261     0.020428773     -0.20388771
            0.1          -0.014           -0.01       2.0559235     0.014680286      0.01090655     -0.18830317
            0.1          -0.014          -0.006       1.8832863  -0.00037401145     0.010788259     -0.17867252
            0.1          -0.014          -0.002       1.7818286   -0.0025981502     0.018113268     -0.17606174
            0.1          -0.014           0.002       1.8424159     0.026577315     0.020865199     -0.17751815
            0.1          -0.014           0.006       2.0478842     0.059854258    0.0052306399     -0.18249073
            0.1          -0.014            0.01       2.2429608     0.064951874     -0.02285659     -0.19420364
            0.1          -0.014           0.014       2.3443492     0.052831629     -0.04380295     -0.21104508
            0.1          -0.014           0.018       2.3834587     0.041785519    -0.053541884     -0.22972303
            0.1          -0.014           0.022       2.3985896     0.034473127    -0.057699676      -0.2484279
            0.1          -0.014           0.026       2.4089629     0.029678716    -0.059454811     -0.26643243
            0.1          -0.014            0.03       2.4202326     0.026459567     -0.05970851     -0.28344465
            0.1          -0.014           0.034       2.4309268     0.024344447    -0.058788692     -0.29932002
            0.1          -0.014           0.038       2.4333403     0.023132256    -0.055651842     -0.31396156
            0.1          -0.014           0.042       2.3631069     0.024929506     -0.04543379     -0.32654508
            0.1          -0.014           0.046       1.9914803     0.028086372    -0.014123656     -0.33891955
            0.1          -0.014            0.05       1.3565887     0.027119243     0.018138172     -0.35121167
            0.1          -0.014           0.054      0.82761977     0.018724261     0.020095216     -0.35788125
            0.1          -0.014           0.058      0.51553537    0.0037927427    0.0093220564     -0.35988346
            0.1          -0.014           0.062      0.33986926   -0.0083719833    0.0063976537     -0.36096668
            0.1          -0.014           0.066      0.24689722   -0.0095574855     0.013890366     -0.36146148
            0.1          -0.014            0.07      0.19812406    0.0019347684     0.030350021     -0.36251697
            0.1          -0.014           0.074      0.17103831      0.02471146     0.051252797     -0.36480792
            0.1          -0.014           0.078      0.15767424     0.051099433     0.071652286     -0.36846944
            0.1          -0.014           0.082      0.15696827     0.067977677     0.086479418     -0.37293507
            0.1          -0.014           0.086      0.16544919     0.067296321     0.089347265     -0.37671128
            0.1          -0.014            0.09      0.17837455     0.052302648     0.075868472     -0.37810956
            0.1          -0.014           0.094      0.19324893     0.030644126     0.049082982     -0.37675801
            0.1          -0.014           0.098      0.10245729    0.0030512902     0.013279129     -0.37469704
            0.1           -0.01          -0.098      0.10563434     0.023503594   -0.0034165652     -0.38077524
            0.1           -0.01          -0.094      0.20465888     0.073564296    0.0020803388     -0.37998786
            0.1           -0.01           -0.09      0.18294187       0.1011595     0.023006428     -0.37911306
            0.1           -0.01          -0.086      0.16619506     0.085835987     0.030278433     -0.37880727
            0.1           -0.01          -0.082      0.16747875     0.049998894      0.01986912     -0.37915852
            0.1           -0.01          -0.078      0.17680977     0.026456796    0.0044537541     -0.37974157
            0.1           -0.01          -0.074      0.18924195     0.016545576   -0.0086484718     -0.37995912
            0.1           -0.01           -0.07      0.21002431     0.014873547    -0.016438611      -0.3796703
            0.1           -0.01          -0.066      0.25212566     0.020986095    -0.019246248     -0.37895754
            0.1           -0.01          -0.062      0.34063029     0.032695172    -0.019419943      -0.3777213
            0.1           -0.01          -0.058       0.5169387     0.041212139     -0.02179031     -0.37638897
            0.1           -0.01          -0.054      0.86413809     0.034728796    -0.025636125     -0.37438447
            0.1           -0.01           -0.05        1.454369     0.011914523    -0.013520658     -0.36658171
            0.1           -0.01          -0.046       2.0622656   -0.0053379159     0.016504118     -0.35131455
            0.1           -0.01          -0.042       2.3722299   -0.0084192871     0.037891634     -0.33365566
            0.1           -0.01          -0.038       2.4344192   -0.0069149093     0.043648921     -0.31548577
            0.1           -0.01          -0.034       2.4295161   -0.0033814922     0.044865573     -0.29614084
            0.1           -0.01           -0.03       2.4177696   0.00028798699     0.044946517     -0.27589283
            0.1           -0.01          -0.026       2.4049054    0.0044164769     0.044050135     -0.25467068
            0.1           -0.01          -0.022       2.3788364      0.01073911     0.042296584     -0.23235865
            0.1           -0.01          -0.018       2.2866939     0.019538015     0.036713841     -0.20947499
            0.1           -0.01          -0.014        2.081898     0.021988557     0.021851152      -0.1888879
            0.1           -0.01           -0.01       1.8111822    0.0049463266    0.0023063262     -0.17326548
            0.1           -0.01          -0.006       1.5769325    -0.027377029   -0.0091282375      -0.1635045
            0.1           -0.01          -0.002       1.4627102    -0.038657423   -0.0087028228     -0.16134045
            0.1           -0.01           0.002       1.5292831    0.0012127555   -0.0050779301      -0.1640738
            0.1           -0.01           0.006       1.7728143     0.056947431    -0.013703455     -0.16819043
            0.1           -0.01            0.01       2.0656991     0.073556665    -0.037013589     -0.17799444
            0.1           -0.01           0.014        2.269357      0.05693926    -0.057000499     -0.19537707
            0.1           -0.01           0.018        2.361538     0.039188143     -0.06432858     -0.21615695
            0.1           -0.01           0.022        2.391652     0.028931093    -0.065129284      -0.2371462
            0.1           -0.01           0.026       2.4037515     0.023400038     -0.06438458     -0.25718303
            0.1           -0.01            0.03       2.4150217     0.020237454    -0.062938253     -0.27599813
            0.1           -0.01           0.034       2.4266424     0.018288279    -0.061020572      -0.2935345
            0.1           -0.01           0.038       2.4319383     0.016486397    -0.058592297     -0.30997632
            0.1           -0.01           0.042       2.3706726     0.013797846    -0.053457508     -0.32468784
            0.1           -0.01           0.046        2.048748     0.013029068     -0.03368443     -0.33847662
            0.1           -0.01            0.05       1.4551146    0.0069307346   -0.0021615081     -0.35003433
            0.1           -0.01           0.054      0.90770368   -0.0079938728     0.015315388     -0.35590069
            0.1           -0.01           0.058      0.57544585    -0.026817755     0.018625447     -0.35821129
            0.1           -0.01           0.062      0.38909523     -0.04470924     0.024444943     -0.36003963
            0.1           -0.01           0.066      0.28175302    -0.052193712     0.036988128     -0.36186438
            0.1           -0.01            0.07      0.22310501    -0.044653559     0.056713717     -0.36446502
            0.1           -0.01           0.074      0.19204834    -0.021328207     0.080490415      -0.3682184
            0.1           -0.01           0.078      0.17470461     0.010907611      0.10202916     -0.37236461
            0.1           -0.01           0.082      0.16615359     0.039640244      0.11502968     -0.37600273
            0.1           -0.01           0.086      0.16579619     0.055623608      0.11410187     -0.37837641
            0.1           -0.01            0.09      0.17318755      0.05824258     0.096982332     -0.37870377
            0.1           -0.01           0.094      0.18592809     0.051884446     0.066364336     -0.37678825
            0.1           -0.01           0.098     0.098152225     0.014160263     0.023649209     -0.37442679
            0.1          -0.006          -0.098      0.10277701     0.015354721   -0.0027622687     -0.37782215
            0.1          -0.006          -0.094      0.20248587     0.045493222   -0.0048968519      -0.3772873
            0.1          -0.006           -0.09      0.18784904     0.066283322    0.0064508021     -0.37654087
            0.1          -0.006          -0.086      0.17853998     0.063368055     0.011945576     -0.37623507
            0.1          -0.006          -0.082       0.1835604     0.038866308     0.001754198     -0.37646125
            0.1          -0.006          -0.078      0.19658793      0.01741138    -0.014273839     -0.37672864
            0.1          -0.006          -0.074      0.21472273     0.001474957    -0.027185738     -0.37647832
            0.1          -0.006           -0.07      0.24306277   -0.0099247871    -0.031875204     -0.37568042
            0.1          -0.006          -0.066      0.29201079    -0.012905751    -0.027885393     -0.37453402
            0.1          -0.006          -0.062      0.38031023   -0.0054918051    -0.017834737     -0.37309345
            0.1          -0.006          -0.058      0.53973173     0.005512703   -0.0078307902     -0.37186299
            0.1          -0.006          -0.054      0.83521823    0.0087866429    -0.005392672     -0.37169177
            0.1          -0.006           -0.05        1.395694   -0.0028432246    0.0027786514     -0.36453869
            0.1          -0.006          -0.046       2.0484237    -0.016050648     0.026735227     -0.34772901
            0.1          -0.006          -0.042       2.3843824    -0.016815699      0.04356709     -0.32908137
            0.1          -0.006          -0.038        2.433843    -0.012310408     0.047267257      -0.3100358
            0.1          -0.006          -0.034       2.4266936   -0.0085034129     0.048947022      -0.2900172
            0.1          -0.006           -0.03       2.4144452   -0.0050306177     0.049711195     -0.26908097
            0.1          -0.006          -0.026       2.3991106   -0.0011870972     0.049540119     -0.24697793
            0.1          -0.006          -0.022       2.3590693    0.0067072434     0.048512921     -0.22355857
            0.1          -0.006          -0.018        2.226027     0.020869497     0.044061455     -0.19991584
            0.1          -0.006          -0.014       1.9581025     0.026306034     0.028284177     -0.17953046
            0.1          -0.006           -0.01       1.6304961   -0.0002596419   8.7876337e-05     -0.16451851
            0.1          -0.006          -0.006       1.3774946    -0.053132986    -0.028859684     -0.15377952
            0.1          -0.006          -0.002       1.2782209    -0.081977061    -0.048352799     -0.14902969
            0.1          -0.006           0.002       1.3490761     -0.04228946    -0.053935111     -0.15133374
            0.1          -0.006           0.006       1.5798445     0.030461031    -0.054024239     -0.15671712
            0.1          -0.006            0.01       1.8977979     0.063438503    -0.062687278     -0.16634037
            0.1          -0.006           0.014       2.1771184     0.050608195      -0.0739113     -0.18373288
            0.1          -0.006           0.018       2.3319749        0.030405     -0.07624513       -0.205995
            0.1          -0.006           0.022       2.3842733     0.019177208    -0.072620685     -0.22876419
            0.1          -0.006           0.026       2.4001633     0.014306511    -0.068955893     -0.25039367
            0.1          -0.006            0.03       2.4114859     0.012119572    -0.065769796     -0.27065689
            0.1          -0.006           0.034        2.422991     0.011353451    -0.062508618     -0.28963563
            0.1          -0.006           0.038       2.4253047     0.011216667    -0.059247942     -0.30777505
            0.1          -0.006           0.042       2.3313286     0.009487719     -0.05380857     -0.32477763
            0.1          -0.006           0.046       1.9780531    0.0010682514    -0.038841001     -0.34148223
            0.1          -0.006            0.05       1.4025928    -0.017754553    -0.015288163     -0.35399479
            0.1          -0.006           0.054      0.88891518     -0.04306063    0.0015163762     -0.35838038
            0.1          -0.006           0.058      0.57338842    -0.067593076    0.0087465936     -0.35944789
            0.1          -0.006           0.062      0.38458468    -0.086474176     0.015002166     -0.36108482
            0.1          -0.006           0.066      0.26982172    -0.096668588     0.023625631     -0.36361205
            0.1          -0.006            0.07      0.21208564    -0.092504329     0.038372777      -0.3674717
            0.1          -0.006           0.074      0.18817395    -0.068267792     0.059224874     -0.37263999
            0.1          -0.006           0.078      0.17676934    -0.028826538     0.079848666     -0.37756529
            0.1          -0.006           0.082      0.17008463     0.012496166     0.093599647     -0.38074011
            0.1          -0.006           0.086       0.1682591      0.04467883     0.095433934      -0.3817024
            0.1          -0.006            0.09      0.17280959     0.064103866     0.082876541     -0.38063244
            0.1          -0.006           0.094       0.1828703     0.072784885     0.058462084     -0.37793887
            0.1          -0.006           0.098      0.09514741     0.029597493     0.024748679     -0.37526579
            0.1          -0.002          -0.098      0.10248369     0.011339691   -0.0010992622     -0.37538721
            0.1          -0.002          -0.094      0.20314652     0.029273423   -0.0071672883     -0.37522664
            0.1          -0.002           -0.09      0.19452762      0.04181103   -0.0074591932     -0.37484472
            0.1          -0.002          -0.086      0.19163835     0.045471161   -0.0089304095     -0.37465756
            0.1          -0.002          -0.082      0.20012509     0.030305246    -0.021406974     -0.37475406
            0.1          -0.002          -0.078      0.21490512    0.0089954384    -0.038060464     -0.37462134
            0.1          -0.002          -0.074      0.23548414    -0.015968564    -0.049582639     -0.37380689
            0.1          -0.002           -0.07      0.26864548    -0.040950505    -0.050331676     -0.37244295
            0.1          -0.002          -0.066        0.325805    -0.057396383    -0.040109621      -0.3710057
            0.1          -0.002          -0.062      0.42172355    -0.058465866    -0.022339993     -0.36973629
            0.1          -0.002          -0.058      0.57820415    -0.045810297   -0.0031138231     -0.36894568
            0.1          -0.002          -0.054      0.84408977    -0.028995077    0.0075201519     -0.36951933
            0.1          -0.002           -0.05       1.3356727    -0.018395168     0.015368421     -0.36405754
            0.1          -0.002          -0.046       1.9593921     -0.01844315     0.032216118     -0.34662647
            0.1          -0.002          -0.042       2.3432741    -0.019488677     0.045813095     -0.32574537
            0.1          -0.002          -0.038       2.4277914    -0.016649878     0.049984691     -0.30589292
            0.1          -0.002          -0.034       2.4240485    -0.014241645     0.052292328     -0.28543973
            0.1          -0.002           -0.03       2.4122568    -0.011397408     0.054255206     -0.26440458
            0.1          -0.002          -0.026         2.39577   -0.0076519378      0.05544786     -0.24217209
            0.1          -0.002          -0.022       2.3476037   0.00048915706     0.055600109     -0.21861317
            0.1          -0.002          -0.018       2.1957689     0.016769419     0.054670206     -0.19496706
            0.1          -0.002          -0.014       1.9057156     0.025743151     0.045867873     -0.17536983
            0.1          -0.002           -0.01       1.5740815    -0.002470098     0.020797792     -0.16149532
            0.1          -0.002          -0.006       1.3380139    -0.067088792    -0.018290779     -0.14946064
            0.1          -0.002          -0.002       1.2550055     -0.11502443    -0.061976554     -0.14061129
            0.1          -0.002           0.002       1.3218192    -0.091622646    -0.089860012     -0.14013127
            0.1          -0.002           0.006       1.5196193    -0.018442577    -0.091352295     -0.14659645
            0.1          -0.002            0.01       1.8101277       0.0297608    -0.085714109      -0.1581348
            0.1          -0.002           0.014       2.1062624     0.029999887    -0.084755062     -0.17647601
            0.1          -0.002           0.018       2.2995924     0.014473314    -0.082033579     -0.19984061
            0.1          -0.002           0.022       2.3749825    0.0051798119    -0.076629508     -0.22376282
            0.1          -0.002           0.026        2.397292    0.0026448461    -0.071615037     -0.24638186
            0.1          -0.002            0.03       2.4094863    0.0022016804    -0.067117524     -0.26747833
            0.1          -0.002           0.034       2.4208811    0.0027543578     -0.06239282     -0.28722687
            0.1          -0.002           0.038       2.4227958    0.0045855713    -0.056930529     -0.30618941
            0.1          -0.002           0.042       2.3322915    0.0050393202    -0.048200624     -0.32421566
            0.1          -0.002           0.046       1.9726709    -0.010299894    -0.029191403     -0.34210126
            0.1          -0.002            0.05       1.3811605    -0.043286471     -0.00623705     -0.35660782
            0.1          -0.002           0.054      0.87742242    -0.079112072    0.0035592266     -0.36159937
            0.1          -0.002           0.058      0.56937592     -0.10607687    0.0026751268     -0.36184265
            0.1          -0.002           0.062      0.36309608     -0.12171364   -0.0015527656     -0.36330937
            0.1          -0.002           0.066       0.2386153     -0.13189721   -0.0067393097     -0.36585755
            0.1          -0.002            0.07      0.18789254     -0.13173326   -0.0050416745     -0.37023916
            0.1          -0.002           0.074       0.1795114     -0.10955948    0.0065540889     -0.37608376
            0.1          -0.002           0.078      0.17871495    -0.066031634     0.022302311     -0.38138521
            0.1          -0.002           0.082      0.17508631    -0.015608247     0.035920441     -0.38431268
            0.1          -0.002           0.086      0.17330189     0.029113425      0.04317343     -0.38446312
            0.1          -0.002            0.09      0.17667252     0.062257208     0.040406182     -0.38247844
            0.1          -0.002           0.094      0.18407199     0.081727309     0.029342152     -0.37930676
            0.1          -0.002           0.098     0.094203536     0.042247374     0.015917399     -0.37653376
            0.1           0.002          -0.098      0.10493397     0.009337752  -0.00017607858     -0.37315903
            0.1           0.002          -0.094      0.21030741     0.023791134   -0.0073733651     -0.37337742
            0.1           0.002           -0.09      0.20757617     0.031783128    -0.016595055     -0.37351108
            0.1           0.002          -0.086      0.20775555     0.036880407    -0.026108025     -0.37366205
            0.1           0.002          -0.082      0.21571267     0.026419085    -0.041471055     -0.37385771
            0.1           0.002          -0.078      0.22656322    0.0026983512    -0.058075705     -0.37362015
            0.1           0.002          -0.074      0.24146821    -0.032306091    -0.067924397     -0.37247896
            0.1           0.002           -0.07      0.27111652    -0.071475597    -0.066504742     -0.37051511
            0.1           0.002          -0.066      0.33454405       -0.102244    -0.055239757     -0.36851989
            0.1           0.002          -0.062      0.45162683     -0.11417791    -0.038855697     -0.36700625
            0.1           0.002          -0.058      0.64157852     -0.10484172    -0.022066282     -0.36616937
            0.1           0.002          -0.054      0.94533849    -0.078798321   -0.0086333334     -0.36565852
            0.1           0.002           -0.05       1.4267654      -0.0462193    0.0061122749     -0.35933924
            0.1           0.002          -0.046       1.9822456    -0.025834421     0.026152218     -0.34236992
            0.1           0.002          -0.042       2.3331278    -0.021714529     0.042050601      -0.3216666
            0.1           0.002          -0.038       2.4248156    -0.021843573     0.049565952     -0.30199873
            0.1           0.002          -0.034       2.4223193    -0.021383863     0.054048736     -0.28212479
            0.1           0.002           -0.03       2.4109859    -0.019469922     0.057816195      -0.2618174
            0.1           0.002          -0.026       2.3969538    -0.016265477     0.060940782     -0.24035274
            0.1           0.002          -0.022       2.3610924     -0.01043874     0.064057703     -0.21760876
            0.1           0.002          -0.018       2.2406151    0.0014710094     0.069801117     -0.19421343
            0.1           0.002          -0.014       1.9831489     0.010137451     0.074044015     -0.17425823
            0.1           0.002           -0.01       1.6748834    -0.012208412     0.063604811     -0.16054361
            0.1           0.002          -0.006       1.4536852    -0.070512594     0.029637049     -0.14879231
            0.1           0.002          -0.002       1.3718243     -0.12348362    -0.027897466     -0.13829148
            0.1           0.002           0.002       1.4343772     -0.12315227    -0.083402697     -0.13506803
            0.1           0.002           0.006       1.6107937    -0.070180063     -0.10451643     -0.14148214
            0.1           0.002            0.01       1.8571687    -0.019236161    -0.099335673      -0.1553115
            0.1           0.002           0.014       2.1107637   -0.0033600223    -0.089855281     -0.17511122
            0.1           0.002           0.018       2.2896982   -0.0060779672     -0.08234894      -0.1987629
            0.1           0.002           0.022       2.3702747   -0.0093151309    -0.076964124     -0.22280117
            0.1           0.002           0.026       2.3958463   -0.0096556291    -0.072151756     -0.24554131
            0.1           0.002            0.03       2.4088503   -0.0090509394    -0.067008493      -0.2666541
            0.1           0.002           0.034       2.4205802   -0.0081314117    -0.061299341     -0.28626256
            0.1           0.002           0.038       2.4260931   -0.0064907732    -0.053897634      -0.3048052
            0.1           0.002           0.042        2.370792   -0.0075056144    -0.041775838     -0.32169333
            0.1           0.002           0.046       2.0594565    -0.026108604    -0.014906181     -0.33892403
            0.1           0.002            0.05       1.4751796    -0.067097872     0.014711177     -0.35490737
            0.1           0.002           0.054      0.93621306     -0.10753712     0.020310125     -0.36207734
            0.1           0.002           0.058      0.57992174     -0.12986184    0.0060940995     -0.36348939
            0.1           0.002           0.062      0.34059459      -0.1403907    -0.015125019     -0.36522109
            0.1           0.002           0.066      0.20546985     -0.15045067    -0.037137589     -0.36768711
            0.1           0.002            0.07      0.16382293     -0.15617023    -0.050554019     -0.37193817
            0.1           0.002           0.074      0.17484623     -0.14013047    -0.049999365     -0.37749003
            0.1           0.002           0.078       0.1884331    -0.097058199    -0.040591488      -0.3822734
            0.1           0.002           0.082       0.1877427    -0.042433511    -0.029842226     -0.38464421
            0.1           0.002           0.086      0.18429442    0.0089402816    -0.019660769     -0.38435059
            0.1           0.002            0.09       0.1856582     0.050109722    -0.012147127     -0.38206751
            0.1           0.002           0.094      0.18923775     0.073898902   -0.0074135701     -0.37894853
            0.1           0.002           0.098     0.095310192     0.045280277    0.0013653379     -0.37645986
            0.1           0.006          -0.098      0.10819533    0.0082282799   -8.789299e-05     -0.37074806
            0.1           0.006          -0.094      0.22014632     0.023084603   -0.0071388641     -0.37127477
            0.1           0.006           -0.09      0.22309188     0.031329618    -0.020430639     -0.37198146
            0.1           0.006          -0.086      0.22332933     0.036156476    -0.034209174     -0.37273542
            0.1           0.006          -0.082      0.22621388     0.026463883    -0.050074979     -0.37346891
            0.1           0.006          -0.078      0.22734638  -0.00065573551    -0.064836434     -0.37372768
            0.1           0.006          -0.074      0.22764845    -0.043972504    -0.072728222     -0.37272735
            0.1           0.006           -0.07      0.24133766    -0.093947566    -0.071174141     -0.37013009
            0.1           0.006          -0.066       0.2988259     -0.13498029    -0.063767533     -0.36692388
            0.1           0.006          -0.062      0.43298972     -0.15522455     -0.05658951     -0.36408109
            0.1           0.006          -0.058      0.66840807     -0.15158277    -0.051801435     -0.36144836
            0.1           0.006          -0.054       1.0421529      -0.1246414    -0.044920607     -0.35759862
            0.1           0.006           -0.05       1.5699682    -0.082742575    -0.021352473     -0.34822735
            0.1           0.006          -0.046       2.0897036    -0.046214511     0.013285159     -0.33209751
            0.1           0.006          -0.042       2.3682828    -0.031724737      0.03664097     -0.31462193
            0.1           0.006          -0.038       2.4271715     -0.03130079     0.047979461     -0.29761857
            0.1           0.006          -0.034        2.422038    -0.031039332     0.054901419     -0.27975485
            0.1           0.006           -0.03       2.4107058    -0.029614101     0.060221397     -0.26118516
            0.1           0.006          -0.026       2.3993027    -0.027740917     0.064959305     -0.24141892
            0.1           0.006          -0.022       2.3809501     -0.02595102     0.070154126     -0.22043883
            0.1           0.006          -0.018       2.3187156    -0.022344288     0.079015537     -0.19846425
            0.1           0.006          -0.014       2.1514268    -0.019834751     0.091367905     -0.17789555
            0.1           0.006           -0.01       1.9087409    -0.035920624     0.095193984      -0.1625172
            0.1           0.006          -0.006       1.6991658    -0.074901771     0.074869964     -0.15106244
            0.1           0.006          -0.002       1.5968766     -0.11272133     0.022450091     -0.14186339
            0.1           0.006           0.002       1.6430166     -0.12359859    -0.044173493     -0.13880417
            0.1           0.006           0.006       1.8021698    -0.097643227    -0.086515047     -0.14508683
            0.1           0.006            0.01       2.0045163    -0.059493334    -0.096040374     -0.15978941
            0.1           0.006           0.014       2.1959258    -0.037676697    -0.091228891     -0.18017582
            0.1           0.006           0.018       2.3226669    -0.028794625    -0.083190377     -0.20326992
            0.1           0.006           0.022       2.3779759    -0.024251524    -0.076545213     -0.22637013
            0.1           0.006           0.026       2.3973197    -0.022046284     -0.07157829     -0.24817554
            0.1           0.006            0.03       2.4095973    -0.020764105    -0.066511197     -0.26846673
            0.1           0.006           0.034       2.4214006    -0.019941397    -0.060866931     -0.28719296
            0.1           0.006           0.038       2.4280322     -0.01983916    -0.053494356     -0.30460066
            0.1           0.006           0.042       2.3841703    -0.026177622    -0.039427174     -0.31948309
            0.1           0.006           0.046       2.1080943    -0.046725287   -0.0067799825     -0.33543094
            0.1           0.006            0.05        1.548238    -0.084913728     0.028458076     -0.35215238
            0.1           0.006           0.054      0.97411652     -0.12094225     0.032045031     -0.36163854
            0.1           0.006           0.058      0.56631404     -0.13642905    0.0066559232     -0.36494963
            0.1           0.006           0.062      0.30571282     -0.14288359    -0.028090626     -0.36692913
            0.1           0.006           0.066      0.16785367     -0.15380376    -0.061774523     -0.36923351
            0.1           0.006            0.07      0.13411252     -0.16660211    -0.086203895      -0.3729018
            0.1           0.006           0.074      0.16224292     -0.16094696    -0.094199802     -0.37731955
            0.1           0.006           0.078      0.19582975     -0.12370572    -0.087921843      -0.3806198
            0.1           0.006           0.082      0.20531036    -0.068580068     -0.07828683     -0.38178676
            0.1           0.006           0.086      0.20158994    -0.015407515    -0.068253621     -0.38100414
            0.1           0.006            0.09      0.19966807     0.026616977    -0.054378462     -0.37885657
            0.1           0.006           0.094      0.19704943     0.048762763    -0.036367381     -0.37625514
            0.1           0.006           0.098     0.097685221     0.037398807    -0.012032898     -0.37433726
            0.1            0.01          -0.098      0.11081303    0.0073806007   0.00030566497     -0.36798037
            0.1            0.01          -0.094       0.2288317     0.023575894   -0.0056783122       -0.368763
            0.1            0.01           -0.09      0.23571117     0.033719254    -0.018483413     -0.37000416
            0.1            0.01          -0.086      0.23420184     0.037607541    -0.031119967      -0.3714901
            0.1            0.01          -0.082      0.23050451     0.026835709    -0.043347638     -0.37312066
            0.1            0.01          -0.078      0.22042644   -0.0034665247    -0.053290313     -0.37436856
            0.1            0.01          -0.074       0.2029922    -0.052308352    -0.057696355     -0.37393397
            0.1            0.01           -0.07      0.19148527     -0.10806568    -0.055828685     -0.37076812
            0.1            0.01          -0.066      0.22431697     -0.15307067    -0.053024248     -0.36582395
            0.1            0.01          -0.062      0.35040649     -0.17612688    -0.056098997     -0.36096074
            0.1            0.01          -0.058      0.60064226     -0.17596436    -0.065070982     -0.35600425
            0.1            0.01          -0.054       0.9992099     -0.15385028    -0.071696994     -0.34935123
            0.1            0.01           -0.05       1.5618033     -0.11534568    -0.051821074     -0.33636858
            0.1            0.01          -0.046       2.1169829    -0.074070835    -0.002785229     -0.31955062
            0.1            0.01          -0.042       2.3897147    -0.049657352     0.034709698     -0.30607003
            0.1            0.01          -0.038       2.4288486    -0.043604404     0.048985616     -0.29327443
            0.1            0.01          -0.034       2.4228858    -0.042017454     0.056656804     -0.27845736
            0.1            0.01           -0.03       2.4117969    -0.040639283     0.062120449      -0.2623752
            0.1            0.01          -0.026       2.4009524    -0.039749277     0.066969342     -0.24496593
            0.1            0.01          -0.022       2.3895361    -0.040564644     0.071657235     -0.22640982
            0.1            0.01          -0.018         2.36354    -0.043368442     0.077610972     -0.20710346
            0.1            0.01          -0.014       2.2875282    -0.048616744     0.086310038     -0.18808629
            0.1            0.01           -0.01       2.1483183    -0.062708599     0.091540548     -0.17214356
            0.1            0.01          -0.006       1.9895224    -0.085225288     0.079407552     -0.16048173
            0.1            0.01          -0.002       1.8819705     -0.10302495     0.042618551     -0.15295122
            0.1            0.01           0.002       1.8972324     -0.11027647    -0.011735589     -0.15170174
            0.1            0.01           0.006       2.0177735     -0.10141248    -0.056568053     -0.15826943
            0.1            0.01            0.01       2.1601066    -0.078036446    -0.075966356     -0.17223251
            0.1            0.01           0.014       2.2829275    -0.058326784    -0.080828494     -0.19133779
            0.1            0.01           0.018       2.3588955     -0.04686523    -0.078706947     -0.21256685
            0.1            0.01           0.022       2.3879966    -0.038819765    -0.074024404     -0.23378982
            0.1            0.01           0.026       2.4007302    -0.034165031    -0.069995862     -0.25398528
            0.1            0.01            0.03       2.4121338    -0.031844994     -0.06586419      -0.2729803
            0.1            0.01           0.034       2.4229502    -0.030911833    -0.060837955     -0.29054258
            0.1            0.01           0.038       2.4207954    -0.032713069      -0.0534553     -0.30685313
            0.1            0.01           0.042        2.326548     -0.04335212     -0.03482037     -0.32126835
            0.1            0.01           0.046       2.0149679    -0.066181508  -0.00088556631     -0.33666922
            0.1            0.01            0.05       1.4736814    -0.097195848     0.030331069     -0.35291221
            0.1            0.01           0.054      0.90992454     -0.12282987     0.029734855     -0.36309667
            0.1            0.01           0.058      0.50391715     -0.13320963   -0.0020812433     -0.36709373
            0.1            0.01           0.062      0.25264591     -0.13768569    -0.041737693     -0.36907913
            0.1            0.01           0.066      0.12426283     -0.14896488    -0.078816343     -0.37103917
            0.1            0.01            0.07     0.093434526     -0.16665916     -0.10799376     -0.37386363
            0.1            0.01           0.074      0.12744762     -0.17317572     -0.12205964     -0.37684334
            0.1            0.01           0.078      0.18214789     -0.14893407     -0.11593052      -0.3783544
            0.1            0.01           0.082      0.21601823    -0.098162972    -0.099699714     -0.37790108
            0.1            0.01           0.086      0.22182163    -0.044852156    -0.085997534     -0.37634439
            0.1            0.01            0.09      0.21756676   -0.0062581553     -0.07035516      -0.3745349
            0.1            0.01           0.094      0.20605601     0.011312628    -0.046931365      -0.3727937
            0.1            0.01           0.098      0.10009875     0.018840778    -0.018195696     -0.37157879
            0.1           0.014          -0.098       0.1115906     0.005752456    0.0018643153     -0.36473262
            0.1           0.014          -0.094      0.23437984     0.022984901   -0.0016039303     -0.36572527
            0.1           0.014           -0.09      0.24348919     0.034401835    -0.010716554     -0.36740415
            0.1           0.014          -0.086       0.2396691     0.036060268    -0.018217058     -0.36955351
            0.1           0.014          -0.082      0.23051242     0.022754167    -0.023323059     -0.37208474
            0.1           0.014          -0.078      0.21223919    -0.010614197    -0.025557547     -0.37435491
            0.1           0.014          -0.074      0.18136921    -0.062647201    -0.023909596     -0.37464048
            0.1           0.014           -0.07      0.14548986     -0.11959356    -0.019383164     -0.37122089
            0.1           0.014          -0.066      0.14070771     -0.16240143    -0.018408378     -0.36465027
            0.1           0.014          -0.062      0.22882365     -0.18205309    -0.028539094     -0.35767256
            0.1           0.014          -0.058      0.45265207     -0.18138951     -0.04890629      -0.3513543
            0.1           0.014          -0.054      0.82215312     -0.16465127    -0.069517921     -0.34420771
            0.1           0.014           -0.05         1.34949     -0.13361448    -0.068019173     -0.33151035
            0.1           0.014          -0.046        1.945688    -0.098862166    -0.023772736     -0.31320269
            0.1           0.014          -0.042       2.3246035    -0.071686976      0.02779456     -0.30024114
            0.1           0.014          -0.038       2.4204418      -0.0569589     0.050998172     -0.29118029
            0.1           0.014          -0.034       2.4239569    -0.052372354     0.059351819     -0.27904694
            0.1           0.014           -0.03       2.4145841    -0.050652368     0.064029085     -0.26549997
            0.1           0.014          -0.026       2.4038397    -0.050274204     0.067577264     -0.25058509
            0.1           0.014          -0.022        2.394002    -0.051820978     0.070368172     -0.23469819
            0.1           0.014          -0.018       2.3814029    -0.056275709     0.072337005     -0.21833977
            0.1           0.014          -0.014       2.3535823    -0.064222395     0.073519305     -0.20225866
            0.1           0.014           -0.01        2.297744       -0.077012      0.07151134      -0.1882247
            0.1           0.014          -0.006       2.2198418     -0.09179332     0.059192292     -0.17766502
            0.1           0.014          -0.002       2.1474447    -0.098737227     0.034023103     -0.17141956
            0.1           0.014           0.002       2.1382327    -0.099117945   -0.0017858438     -0.17124437
            0.1           0.014           0.006       2.2075822     -0.09662203    -0.036355664     -0.17779943
            0.1           0.014            0.01       2.2850116    -0.083831797    -0.056326957     -0.19023883
            0.1           0.014           0.014       2.3395755     -0.06761757    -0.065223198     -0.20681078
            0.1           0.014           0.018       2.3764956    -0.056768272    -0.068694753     -0.22525235
            0.1           0.014           0.022       2.3939236    -0.048968369    -0.068773989     -0.24401396
            0.1           0.014           0.026       2.4051758    -0.044006594    -0.067386604     -0.26229894
            0.1           0.014            0.03       2.4161614    -0.041504347    -0.065028744     -0.27975753
            0.1           0.014           0.034       2.4233847    -0.041320138    -0.060783817     -0.29610472
            0.1           0.014           0.038       2.3928888    -0.046114477    -0.050510511     -0.31075638
            0.1           0.014           0.042       2.2072021     -0.05732856    -0.024899812     -0.32613374
            0.1           0.014           0.046       1.8083387    -0.079303582     0.009042313     -0.34209455
            0.1           0.014            0.05       1.2670251     -0.10502181     0.029696078     -0.35701278
            0.1           0.014           0.054      0.75694722     -0.12172447     0.018784563     -0.36654087
            0.1           0.014           0.058      0.40401921     -0.12897449    -0.016428701      -0.3697281
            0.1           0.014           0.062      0.18767634     -0.13290772     -0.05400949     -0.37164106
            0.1           0.014           0.066     0.078468895     -0.14310188    -0.087901998     -0.37318904
            0.1           0.014            0.07     0.046668365     -0.16103238     -0.11669271     -0.37510851
            0.1           0.014           0.074     0.070919274     -0.17619583     -0.13548117     -0.37674022
            0.1           0.014           0.078      0.13288714     -0.16998425     -0.13261272     -0.37688006
            0.1           0.014           0.082      0.19705471      -0.1329927     -0.10685801     -0.37520487
            0.1           0.014           0.086      0.23000838    -0.081403131    -0.078448425     -0.37278817
            0.1           0.014            0.09       0.2329075    -0.042517321    -0.058092167     -0.37107421
            0.1           0.014           0.094      0.21534395     -0.02770387     -0.03728269     -0.37018966
            0.1           0.014           0.098      0.10171417   -0.0042934396     -0.01543717     -0.36969847
            0.1           0.018          -0.098      0.10934421    0.0025873479     0.004600762     -0.36092888
            0.1           0.018          -0.094      0.23531884     0.019363191    0.0051989418     -0.36202399
            0.1           0.018           -0.09      0.24604349     0.030668863    0.0013259616     -0.36394371
            0.1           0.018          -0.086      0.24019843      0.02842832   0.00059428063     -0.36648636
            0.1           0.018          -0.082      0.22752853     0.011076325    0.0039285959     -0.36958051
            0.1           0.018          -0.078      0.20457028    -0.025617746     0.010885294     -0.37250869
            0.1           0.018          -0.074      0.16541831    -0.079064695     0.021002722     -0.37338234
            0.1           0.018           -0.07      0.11270869     -0.13336561     0.030815781     -0.37020325
            0.1           0.018          -0.066     0.073996279     -0.16913087     0.033053719     -0.36298414
            0.1           0.018          -0.062      0.10926141     -0.18026328     0.020070128     -0.35454017
            0.1           0.018          -0.058      0.27748663     -0.17460495    -0.007802405     -0.34746127
            0.1           0.018          -0.054      0.59148536     -0.15954712    -0.039207752     -0.34107473
            0.1           0.018           -0.05       1.0408999     -0.13536784    -0.057407795     -0.33220431
            0.1           0.018          -0.046       1.6074415     -0.10829641    -0.038148887     -0.31588223
            0.1           0.018          -0.042       2.1186294    -0.087002117     0.012493151     -0.29989419
            0.1           0.018          -0.038       2.3696396    -0.071500528     0.050318859      -0.2907396
            0.1           0.018          -0.034       2.4203249    -0.062126857     0.062871294     -0.28156452
            0.1           0.018           -0.03       2.4182626    -0.058725275      0.06648234     -0.27031224
            0.1           0.018          -0.026       2.4087311    -0.058198744     0.067990663     -0.25775886
            0.1           0.018          -0.022       2.3991019    -0.059465461     0.068441247     -0.24448105
            0.1           0.018          -0.018       2.3903917    -0.063089861     0.067230737     -0.23101307
            0.1           0.018          -0.014       2.3802143    -0.069554266     0.063662107     -0.21801245
            0.1           0.018           -0.01       2.3642019    -0.078852682     0.056412156     -0.20670376
            0.1           0.018          -0.006       2.3411267    -0.088755904     0.042643142     -0.19827804
            0.1           0.018          -0.002       2.3116038    -0.092254628     0.022336319      -0.1935897
            0.1           0.018           0.002        2.299451    -0.090102971  -0.00084735587     -0.19389267
            0.1           0.018           0.006       2.3267583    -0.088386512     -0.02448354      -0.1997832
            0.1           0.018            0.01       2.3588079    -0.081679276     -0.04306421     -0.21030319
            0.1           0.018           0.014       2.3758888    -0.070461775    -0.053773756     -0.22412955
            0.1           0.018           0.018        2.389686    -0.061497204    -0.060005584     -0.23984692
            0.1           0.018           0.022       2.4006445    -0.055038241    -0.063368324     -0.25615147
            0.1           0.018           0.026         2.41113    -0.050804407    -0.064762485     -0.27242777
            0.1           0.018            0.03        2.419667    -0.049063449    -0.064768673     -0.28817485
            0.1           0.018           0.034       2.4079112    -0.050905509    -0.061363337     -0.30303652
            0.1           0.018           0.038       2.3026423    -0.056717205    -0.045660338     -0.31691951
            0.1           0.018           0.042       2.0154061    -0.068089337    -0.015647095     -0.33247988
            0.1           0.018           0.046        1.543056    -0.086495314     0.014524169     -0.34873171
            0.1           0.018            0.05        1.013033     -0.10682032      0.02351766     -0.36183789
            0.1           0.018           0.054      0.58134739     -0.12071691    0.0026216436     -0.36923854
            0.1           0.018           0.058      0.29196963      -0.1269567    -0.031682349      -0.3721503
            0.1           0.018           0.062      0.11930695     -0.13150328    -0.063793238     -0.37404712
            0.1           0.018           0.066     0.033060476     -0.14010098    -0.091367221     -0.37532396
            0.1           0.018            0.07    0.0010601859     -0.15463481     -0.11635735     -0.37649452
            0.1           0.018           0.074    0.0077737717     -0.17144049     -0.13734931     -0.37701069
            0.1           0.018           0.078     0.055728721     -0.18003097     -0.14281934     -0.37623754
            0.1           0.018           0.082      0.13415213     -0.16528204     -0.11830309     -0.37411129
            0.1           0.018           0.086      0.20347953     -0.12456542     -0.07337881      -0.3712386
            0.1           0.018            0.09      0.23227127    -0.081286116    -0.037452867     -0.36920319
            0.1           0.018           0.094      0.22053574    -0.060420237    -0.017515032     -0.36863654
            0.1           0.018           0.098      0.10271401    -0.023067545   -0.0073075518     -0.36860595
            0.1           0.022          -0.098      0.10331302   -0.0021783231     0.007766594      -0.3566838
            0.1           0.022          -0.094      0.23048005     0.011907824     0.013263479      -0.3576818
            0.1           0.022           -0.09      0.24308277     0.021820133      0.01454448     -0.35948255
            0.1           0.022          -0.086      0.23571188     0.014258453     0.020235666     -0.36197515
            0.1           0.022          -0.082       0.2205323   -0.0084968096     0.031578712     -0.36513477
            0.1           0.022          -0.078      0.19278914    -0.048633875     0.048308903     -0.36828083
            0.1           0.022          -0.074      0.14494559     -0.10115464     0.068427583     -0.36959716
            0.1           0.022           -0.07     0.080630575     -0.14901285     0.084781796     -0.36713768
            0.1           0.022          -0.066      0.02331557     -0.17484158     0.088591576     -0.36061586
            0.1           0.022          -0.062     0.017312719     -0.17589401     0.075005967     -0.35222128
            0.1           0.022          -0.058      0.11992387     -0.16321208     0.044685148     -0.34495565
            0.1           0.022          -0.054      0.36128642     -0.14642181    0.0068677265        -0.33958
            0.1           0.022           -0.05      0.72915973     -0.12622925    -0.023976368     -0.33392353
            0.1           0.022          -0.046       1.2073765     -0.10221071    -0.031321519     -0.32392842
            0.1           0.022          -0.042       1.7525666    -0.085145594   -0.0023354063     -0.30797543
            0.1           0.022          -0.038       2.1910787    -0.077287005     0.041519386     -0.29400081
            0.1           0.022          -0.034       2.3844361    -0.069484516     0.065109785     -0.28532467
            0.1           0.022           -0.03       2.4189047    -0.064106937     0.069248772     -0.27634923
            0.1           0.022          -0.026       2.4148389    -0.063099932     0.068703835     -0.26592572
            0.1           0.022          -0.022       2.4061154    -0.063831283     0.067044913     -0.25500793
            0.1           0.022          -0.018       2.3980305    -0.066009203     0.063533514     -0.24414679
            0.1           0.022          -0.014       2.3916191    -0.070051416     0.057403595     -0.23391545
            0.1           0.022           -0.01       2.3863705    -0.075643968     0.047919819     -0.22521589
            0.1           0.022          -0.006        2.381053    -0.081208007     0.034200853     -0.21900649
            0.1           0.022          -0.002       2.3736148    -0.083564876     0.016753281     -0.21589418
            0.1           0.022           0.002        2.369637    -0.082355024  -0.00037007292     -0.21661388
            0.1           0.022           0.006       2.3767019    -0.080079521    -0.017132499     -0.22171747
            0.1           0.022            0.01       2.3862525    -0.075601284    -0.033166408     -0.23046848
            0.1           0.022           0.014        2.392616    -0.068867148    -0.044941222     -0.24190732
            0.1           0.022           0.018        2.399993    -0.062644068    -0.053136521     -0.25519428
            0.1           0.022           0.022       2.4089132     -0.05778269    -0.058610356     -0.26930973
            0.1           0.022           0.026        2.417711    -0.054203739    -0.062198889     -0.28377257
            0.1           0.022            0.03       2.4138167    -0.053083061    -0.064136099     -0.29791612
            0.1           0.022           0.034       2.3356902    -0.054988897    -0.058457441     -0.31175999
            0.1           0.022           0.038       2.1094026    -0.059538066    -0.038509349     -0.32698171
            0.1           0.022           0.042       1.7261928    -0.071360964    -0.010562165      -0.3419161
            0.1           0.022           0.046        1.230622    -0.088813183    0.0099773417     -0.35603424
            0.1           0.022            0.05       0.7556846     -0.10645325     0.006713477     -0.36680064
            0.1           0.022           0.054      0.40804526     -0.12001384    -0.018127713     -0.37181311
            0.1           0.022           0.058      0.18133727     -0.12745471    -0.047234739     -0.37454373
            0.1           0.022           0.062     0.051723255     -0.13322423    -0.072331378     -0.37619283
            0.1           0.022           0.066    -0.012577427     -0.14043015    -0.092959101     -0.37719404
            0.1           0.022            0.07    -0.041922032     -0.15068003     -0.11255453     -0.37776431
            0.1           0.022           0.074    -0.048915654     -0.16393322     -0.13214974     -0.37749392
            0.1           0.022           0.078    -0.024702945     -0.17794147     -0.14444932     -0.37608104
            0.1           0.022           0.082     0.042666423     -0.18283323     -0.13290489      -0.3738147
            0.1           0.022           0.086      0.13510873     -0.16403565    -0.087706813     -0.37103137
            0.1           0.022            0.09      0.20331421     -0.12369494    -0.034018345     -0.36862477
            0.1           0.022           0.094      0.21511066    -0.089474451   -0.0040622346     -0.36768454
            0.1           0.022           0.098       0.1028373    -0.036148797   0.00042642032     -0.36767273
            0.1           0.026          -0.098      0.09327852   -0.0078271539    0.0094658506     -0.35237438
            0.1           0.026          -0.094      0.21918801    0.0013013561     0.019889752     -0.35297278
            0.1           0.026           -0.09      0.23453999    0.0087464279     0.025180237     -0.35414541
            0.1           0.026          -0.086      0.22515402   -0.0052473032     0.036209354     -0.35608219
            0.1           0.026          -0.082      0.20503123    -0.034397506     0.055299855     -0.35891116
            0.1           0.026          -0.078      0.16694838    -0.076820183     0.082789549     -0.36204882
            0.1           0.026          -0.074      0.10607637     -0.12476138      0.11286117     -0.36385427
            0.1           0.026           -0.07     0.033104619     -0.16216635      0.13389607     -0.36252398
            0.1           0.026          -0.066    -0.027792256     -0.17662399      0.13679763     -0.35767006
            0.1           0.026          -0.062    -0.048530879     -0.16964064      0.12134421     -0.35075475
            0.1           0.026          -0.058    0.0050229839     -0.15225384     0.091871113     -0.34411766
            0.1           0.026          -0.054      0.17022697     -0.13377003     0.053572518     -0.33920211
            0.1           0.026           -0.05      0.45545383     -0.11540713     0.016967946     -0.33515038
            0.1           0.026          -0.046      0.84218338     -0.09452963   -0.0065061894     -0.32981497
            0.1           0.026          -0.042       1.3232649    -0.075270894   -0.0056610882     -0.31955117
            0.1           0.026          -0.038       1.8571795    -0.068757008     0.024814196     -0.30337239
            0.1           0.026          -0.034       2.2531378    -0.068703015     0.058308173     -0.29068934
            0.1           0.026           -0.03       2.3999673     -0.06607929     0.069732585     -0.28327194
            0.1           0.026          -0.026       2.4188273    -0.065144767      0.06892797     -0.27480637
            0.1           0.026          -0.022       2.4140846     -0.06549684     0.066137115     -0.26583098
            0.1           0.026          -0.018       2.4069203    -0.066175753     0.061271408     -0.25724447
            0.1           0.026          -0.014       2.4007539    -0.068055194     0.053793131     -0.24940581
            0.1           0.026           -0.01       2.3965297    -0.070991936     0.043538614     -0.24300291
            0.1           0.026          -0.006       2.3940768    -0.073969704     0.030478552     -0.23873835
            0.1           0.026          -0.002       2.3924588    -0.075617519     0.015514326     -0.23700619
            0.1           0.026           0.002       2.3920437     -0.07520857   0.00088666608     -0.23818409
            0.1           0.026           0.006       2.3941756    -0.073171823    -0.013176458        -0.24256
            0.1           0.026            0.01       2.3981497     -0.06968903    -0.026883655     -0.24981061
            0.1           0.026           0.014       2.4032414    -0.065283571    -0.038628182     -0.25938546
            0.1           0.026           0.018       2.4099028    -0.061293072    -0.047887894     -0.27067712
            0.1           0.026           0.022        2.417309    -0.057963475     -0.05442826     -0.28296384
            0.1           0.026           0.026       2.4197761    -0.054751389    -0.059029576     -0.29587372
            0.1           0.026            0.03       2.3761834    -0.052966632    -0.059923186     -0.30811142
            0.1           0.026           0.034       2.1859785    -0.052820071    -0.049032522       -0.322086
            0.1           0.026           0.038       1.8279674    -0.057839558    -0.028141976     -0.33807018
            0.1           0.026           0.042       1.3701161    -0.070338935   -0.0077280806     -0.35232566
            0.1           0.026           0.046      0.90085562    -0.088760422  -0.00070044162     -0.36378767
            0.1           0.026            0.05      0.51764211     -0.10823351    -0.014395387     -0.37082207
            0.1           0.026           0.054      0.24927615     -0.12199136    -0.038449949     -0.37439276
            0.1           0.026           0.058      0.08093247     -0.13062149    -0.061539103     -0.37663606
            0.1           0.026           0.062    -0.011684876     -0.13677052    -0.079973783     -0.37792072
            0.1           0.026           0.066    -0.058795699     -0.14256899    -0.094847619     -0.37857372
            0.1           0.026            0.07    -0.084507637     -0.14938533     -0.10951936     -0.37864486
            0.1           0.026           0.074    -0.097922421     -0.15808367     -0.12551292     -0.37787898
            0.1           0.026           0.078    -0.092356334       -0.170166     -0.13908497     -0.37607665
            0.1           0.026           0.082    -0.048686108     -0.18375749     -0.13970979     -0.37362484
            0.1           0.026           0.086     0.041889252     -0.18635767     -0.10952591     -0.37106684
            0.1           0.026            0.09      0.14364933     -0.16177626    -0.051331493     -0.36855367
            0.1           0.026           0.094      0.19363377     -0.11947217   -0.0056914116      -0.3670116
            0.1           0.026           0.098      0.10039486    -0.046791014    0.0035718496     -0.36669378
            0.1            0.03          -0.098     0.081241036     -0.01352731    0.0070185743     -0.34850477
            0.1            0.03          -0.094      0.20086865    -0.010603238     0.020861018     -0.34833171
            0.1            0.03           -0.09      0.21991299   -0.0068758378     0.029357694     -0.34830629
            0.1            0.03          -0.086      0.20486212    -0.027991554     0.046164913     -0.34928985
            0.1            0.03          -0.082        0.171317    -0.062727195     0.075519232     -0.35171613
            0.1            0.03          -0.078      0.11480246     -0.10429323      0.11476858     -0.35496939
            0.1            0.03          -0.074     0.039989547     -0.14321236      0.15152559     -0.35748501
            0.1            0.03           -0.07    -0.034612853     -0.16776003      0.17212729     -0.35760546
            0.1            0.03          -0.066    -0.086329697     -0.17213516      0.17058161     -0.35478811
            0.1            0.03          -0.062     -0.10139513      -0.1608293      0.15170328     -0.34998938
            0.1            0.03          -0.058    -0.069964928      -0.1428559      0.12401596     -0.34469585
            0.1            0.03          -0.054     0.033393509     -0.12439885     0.090430157     -0.34013324
            0.1            0.03           -0.05      0.23755514     -0.10690013       0.0542398     -0.33642821
            0.1            0.03          -0.046      0.54398057    -0.088675067     0.024073163     -0.33230756
            0.1            0.03          -0.042      0.94358337    -0.068711396    0.0072012979     -0.32649426
            0.1            0.03          -0.038       1.4504306    -0.054583777     0.014695408     -0.31369941
            0.1            0.03          -0.034        1.972634     -0.05474277     0.044652691     -0.29763114
            0.1            0.03           -0.03       2.2983505    -0.060921839     0.066528718     -0.28904838
            0.1            0.03          -0.026       2.4017461    -0.064445711     0.069391788     -0.28356287
            0.1            0.03          -0.022       2.4180196    -0.065225753     0.066039593      -0.2765056
            0.1            0.03          -0.018        2.415929    -0.064392845     0.060160816      -0.2699194
            0.1            0.03          -0.014       2.4110487    -0.064317148     0.051816571      -0.2641415
            0.1            0.03           -0.01       2.4069376    -0.065311402     0.041332818     -0.25976843
            0.1            0.03          -0.006        2.404553    -0.066820368      0.02874671     -0.25732804
            0.1            0.03          -0.002       2.4038032    -0.068125713     0.015169767     -0.25686979
            0.1            0.03           0.002       2.4043178    -0.068102808    0.0019872471     -0.25845121
            0.1            0.03           0.006       2.4059611     -0.06647092    -0.010699189     -0.26222832
            0.1            0.03            0.01       2.4091592    -0.063678225     -0.02300842     -0.26822935
            0.1            0.03           0.014       2.4139315    -0.060572804    -0.034420978     -0.27628375
            0.1            0.03           0.018       2.4185566     -0.05830662    -0.044459636      -0.2858883
            0.1            0.03           0.022       2.4159991    -0.056244198    -0.051991777     -0.29659786
            0.1            0.03           0.026       2.3840237    -0.051769066    -0.056372588     -0.30741572
            0.1            0.03            0.03       2.2585596    -0.046362978    -0.052991229      -0.3179559
            0.1            0.03           0.034       1.9590639    -0.046772077    -0.037723561     -0.33160911
            0.1            0.03           0.038       1.5015264     -0.05545554    -0.018380945     -0.34725654
            0.1            0.03           0.042          1.0163    -0.071435926   -0.0084131591     -0.36022963
            0.1            0.03           0.046      0.61375692    -0.092769622    -0.015331239     -0.36859865
            0.1            0.03            0.05      0.31750442     -0.11234489    -0.034158761     -0.37317988
            0.1            0.03           0.054       0.1171781     -0.12578254    -0.055280339     -0.37621012
            0.1            0.03           0.058   -0.0030647846      -0.1343605    -0.073287108     -0.37805009
            0.1            0.03           0.062    -0.068469457     -0.13995387     -0.08677061     -0.37901378
            0.1            0.03           0.066     -0.10457184     -0.14443172    -0.097728673     -0.37932746
            0.1            0.03            0.07      -0.1275353     -0.14898723     -0.10874825     -0.37899642
            0.1            0.03           0.074     -0.14294248     -0.15442678     -0.12096657     -0.37788251
            0.1            0.03           0.078     -0.14711236     -0.16267613     -0.13266252     -0.37587109
            0.1            0.03           0.082      -0.1242605     -0.17621631     -0.13812758      -0.3732317
            0.1            0.03           0.086    -0.051942897     -0.19001302     -0.12322029     -0.37065639
            0.1            0.03            0.09     0.063006239     -0.18478809    -0.074227392     -0.36816735
            0.1            0.03           0.094       0.1526528     -0.14582455    -0.018317003      -0.3662302
            0.1            0.03           0.098     0.092588787    -0.057277351    0.0021429802     -0.36553589
            0.1           0.034          -0.098     0.071036263    -0.018118527  -0.00072537752     -0.34521952
            0.1           0.034          -0.094      0.17742007     -0.02184265     0.011489175     -0.34406153
            0.1           0.034           -0.09      0.19527454    -0.022740152     0.024271453     -0.34247867
            0.1           0.034          -0.086      0.16464312    -0.050264557     0.051517798     -0.34239184
            0.1           0.034          -0.082       0.1071344    -0.087307314     0.095739486     -0.34465791
            0.1           0.034          -0.078     0.030673862     -0.12365629      0.14496396     -0.34837942
            0.1           0.034          -0.074    -0.049682919     -0.15124486      0.18225952     -0.35183717
            0.1           0.034           -0.07     -0.11331989     -0.16417467      0.19638992     -0.35345634
            0.1           0.034          -0.066      -0.1457582     -0.16241291      0.18785395      -0.3525905
            0.1           0.034          -0.062     -0.14677495     -0.15120852      0.16651592     -0.34983876
            0.1           0.034          -0.058     -0.12053432     -0.13597365      0.14146921     -0.34614103
            0.1           0.034          -0.054    -0.056599446     -0.11942131      0.11483241     -0.34223719
            0.1           0.034           -0.05     0.075618454     -0.10228088     0.085216542     -0.33868547
            0.1           0.034          -0.046      0.30061401    -0.083732238      0.05563921     -0.33525089
            0.1           0.034          -0.042      0.62024498    -0.063131034     0.032501441     -0.33106674
            0.1           0.034          -0.038       1.0383693    -0.040956395     0.024267152      -0.3232012
            0.1           0.034          -0.034       1.5375662    -0.029524654      0.03830403     -0.30952303
            0.1           0.034           -0.03       1.9870515    -0.036861647     0.060617517     -0.29783661
            0.1           0.034          -0.026       2.2658166    -0.051847285     0.071317491     -0.29149014
            0.1           0.034          -0.022       2.3866933    -0.060229202     0.069689002     -0.28626293
            0.1           0.034          -0.018        2.417707    -0.060008164     0.061522031     -0.28173893
            0.1           0.034          -0.014        2.419872    -0.058841929     0.051252363     -0.27785105
            0.1           0.034           -0.01       2.4176445     -0.05855272     0.040163616     -0.27539188
            0.1           0.034          -0.006       2.4155688    -0.058952886     0.027438838     -0.27482924
            0.1           0.034          -0.002       2.4147125    -0.060315684     0.014323087     -0.27570213
            0.1           0.034           0.002       2.4156087    -0.060959498    0.0024623698     -0.27762879
            0.1           0.034           0.006       2.4177545    -0.059782695   -0.0088243216     -0.28075072
            0.1           0.034            0.01        2.420462    -0.057253643    -0.020231293     -0.28557323
            0.1           0.034           0.014       2.4226981    -0.054243635    -0.031902856     -0.29233015
            0.1           0.034           0.018        2.412648    -0.052211371    -0.044081776     -0.30060374
            0.1           0.034           0.022       2.3517389    -0.048031398    -0.052559216     -0.31024698
            0.1           0.034           0.026       2.2143096    -0.039195611    -0.054507023     -0.32069089
            0.1           0.034            0.03       1.9855507    -0.031383219    -0.049189728     -0.33060969
            0.1           0.034           0.034       1.6229457    -0.035348023    -0.034013003     -0.34142413
            0.1           0.034           0.038       1.1484805    -0.051812389    -0.018304753     -0.35503841
            0.1           0.034           0.042      0.70682572    -0.074777052    -0.018341683     -0.36568819
            0.1           0.034           0.046      0.38334142    -0.098323067    -0.033039031     -0.37116002
            0.1           0.034            0.05      0.15780212     -0.11635571    -0.051925883     -0.37502875
            0.1           0.034           0.054     0.013308212     -0.12875506    -0.069650648     -0.37755294
            0.1           0.034           0.058    -0.070817564      -0.1365018    -0.083326167     -0.37897435
            0.1           0.034           0.062     -0.11860234      -0.1413447     -0.09329388     -0.37957923
            0.1           0.034           0.066     -0.14850262     -0.14488249     -0.10162513     -0.37953782
            0.1           0.034            0.07      -0.1698336     -0.14810775     -0.11004583     -0.37885853
            0.1           0.034           0.074     -0.18561817     -0.15170845     -0.11926984     -0.37746128
            0.1           0.034           0.078     -0.19390317     -0.15717036     -0.12852094     -0.37528356
            0.1           0.034           0.082     -0.18397834     -0.16772507     -0.13442332     -0.37245783
            0.1           0.034           0.086     -0.13220158     -0.18369731     -0.12793431     -0.36962579
            0.1           0.034            0.09    -0.022659338     -0.19150603    -0.091429351     -0.36703736
            0.1           0.034           0.094     0.095553485     -0.16224475    -0.033537801     -0.36490094
            0.1           0.034           0.098     0.077345572    -0.066201307   -0.0018813258     -0.36394876
            0.1           0.038          -0.098     0.064401419    -0.019192494    -0.011590133     -0.34216335
            0.1           0.038          -0.094      0.15149011    -0.030138809   -0.0076940813     -0.34023193
            0.1           0.038           -0.09      0.15144265    -0.035656276     0.014032972     -0.33738294
            0.1           0.038          -0.086     0.092616248    -0.067970072     0.058452314     -0.33653977
            0.1           0.038          -0.082    0.0098552248     -0.10398331      0.11793266     -0.33898252
            0.1           0.038          -0.078    -0.076294094     -0.13248255      0.17134951     -0.34338965
            0.1           0.038          -0.074     -0.14630775     -0.14960835       0.2021641     -0.34778897
            0.1           0.038           -0.07     -0.18674974     -0.15513941      0.20613814      -0.3506108
            0.1           0.038          -0.066     -0.19681524     -0.15187457      0.19180996     -0.35126349
            0.1           0.038          -0.062     -0.18510969     -0.14355886      0.17079744     -0.35013409
            0.1           0.038          -0.058     -0.15908866      -0.1321335      0.14942415     -0.34786984
            0.1           0.038          -0.054     -0.11583786     -0.11865901      0.12908192     -0.34488035
            0.1           0.038           -0.05    -0.035802234     -0.10310689      0.10774501     -0.34168058
            0.1           0.038          -0.046      0.11133925    -0.084519241     0.084622345     -0.33865298
            0.1           0.038          -0.042      0.34392385    -0.062151037     0.063144814     -0.33568996
            0.1           0.038          -0.038      0.66160282    -0.035584962     0.049786567     -0.33143599
            0.1           0.038          -0.034       1.0527437    -0.011214132      0.05047788     -0.32373888
            0.1           0.038           -0.03       1.4772757   -0.0036907239     0.060821694     -0.31449602
            0.1           0.038          -0.026        1.880617    -0.017013311     0.071283499     -0.30498254
            0.1           0.038          -0.022       2.1983921    -0.036316515     0.076354644     -0.29619257
            0.1           0.038          -0.018       2.3659287     -0.04685872     0.069092332     -0.29211341
            0.1           0.038          -0.014       2.4143321    -0.049612061     0.054066383     -0.29062847
            0.1           0.038           -0.01       2.4227151    -0.049583693     0.040140321     -0.28995848
            0.1           0.038          -0.006       2.4201001    -0.049431252     0.025961975     -0.29159517
            0.1           0.038          -0.002       2.4158376    -0.051754605      0.01253793     -0.29415628
            0.1           0.038           0.002        2.418073    -0.053769801    0.0026269678     -0.29638902
            0.1           0.038           0.006       2.4244544     -0.05280674   -0.0065714937     -0.29846422
            0.1           0.038            0.01       2.4256647    -0.049559061    -0.017869575      -0.3019277
            0.1           0.038           0.014       2.4114274    -0.043772107    -0.032118301     -0.30738918
            0.1           0.038           0.018       2.3372706    -0.036152361    -0.046902753     -0.31459191
            0.1           0.038           0.022       2.1543259    -0.027875346    -0.054666779     -0.32520551
            0.1           0.038           0.026       1.8799494    -0.019326253    -0.055100915     -0.33662316
            0.1           0.038            0.03         1.55337    -0.015494649    -0.050421388      -0.3457226
            0.1           0.038           0.034       1.1788123    -0.025592004    -0.039531696      -0.3542259
            0.1           0.038           0.038      0.78113908    -0.050858677    -0.031405644     -0.36339586
            0.1           0.038           0.042      0.44046326    -0.079631617    -0.037169488     -0.37031839
            0.1           0.038           0.046      0.19723598     -0.10266303     -0.05253392     -0.37405253
            0.1           0.038            0.05     0.034870866     -0.11917915    -0.068667834     -0.37685506
            0.1           0.038           0.054    -0.065390565     -0.13010337     -0.08218634     -0.37865684
            0.1           0.038           0.058     -0.12497842     -0.13681692    -0.092084134     -0.37955849
            0.1           0.038           0.062     -0.16261075     -0.14098611     -0.09948945     -0.37975668
            0.1           0.038           0.066     -0.18929196     -0.14390849     -0.10596107     -0.37936135
            0.1           0.038            0.07      -0.2097934      -0.1463991     -0.11252809     -0.37837126
            0.1           0.038           0.074     -0.22562092     -0.14907066     -0.11962207     -0.37671867
            0.1           0.038           0.078     -0.23566412     -0.15306775     -0.12688015     -0.37435194
            0.1           0.038           0.082     -0.23291785     -0.16110059      -0.1321595     -0.37129146
            0.1           0.038           0.086     -0.19708555      -0.1753898     -0.12923814     -0.36804433
            0.1           0.038            0.09     -0.10126875     -0.18814911     -0.10204473     -0.36516157
            0.1           0.038           0.094     0.031661485     -0.16776442    -0.046567627     -0.36287944
            0.1           0.038           0.098     0.055713847    -0.071514017   -0.0067593247     -0.36178022
            0.1           0.042          -0.098     0.059173075    -0.014661334     -0.02064777     -0.33920639
            0.1           0.042          -0.094      0.11960511     -0.03237321    -0.025498614     -0.33712834
            0.1           0.042           -0.09     0.083661925    -0.044880097     0.010356685     -0.33388901
            0.1           0.042          -0.086   -0.0075470458    -0.081186378     0.072858714     -0.33291459
            0.1           0.042          -0.082     -0.10581046      -0.1142336      0.14107708     -0.33571548
            0.1           0.042          -0.078     -0.18410501     -0.13508626      0.18998179     -0.34068671
            0.1           0.042          -0.074     -0.22959326     -0.14467174      0.20891401      -0.3456417
            0.1           0.042           -0.07     -0.24402673     -0.14687105      0.20406364     -0.34915206
            0.1           0.042          -0.066     -0.23713199     -0.14453696      0.18831551      -0.3507352
            0.1           0.042          -0.062     -0.21834332     -0.13896881      0.17010564     -0.35068414
            0.1           0.042          -0.058     -0.19250402     -0.13076447      0.15290247     -0.34950311
            0.1           0.042          -0.054     -0.15882987     -0.12036428      0.13729486     -0.34746626
            0.1           0.042           -0.05      -0.1084094     -0.10760624      0.12219456     -0.34485382
            0.1           0.042          -0.046    -0.020516371    -0.091370602      0.10622481     -0.34210029
            0.1           0.042          -0.042      0.12990446     -0.07021344      0.08989193     -0.33951517
            0.1           0.042          -0.038      0.35398855    -0.043402812     0.077356487      -0.3367775
            0.1           0.042          -0.034      0.64177077    -0.013967843     0.073689312     -0.33292212
            0.1           0.042           -0.03       0.9715159    0.0082878975     0.075211415     -0.32887847
            0.1           0.042          -0.026        1.345457     0.015879284     0.077705553      -0.3226618
            0.1           0.042          -0.022        1.756327    0.0077978444     0.083357925     -0.31191227
            0.1           0.042          -0.018       2.1031349   -0.0088952808     0.082904922     -0.30340497
            0.1           0.042          -0.014       2.3040399    -0.025215269     0.068179328     -0.30096111
            0.1           0.042           -0.01       2.3782125    -0.033561054     0.046955195     -0.30231871
            0.1           0.042          -0.006       2.3637605    -0.035026825     0.026696138     -0.30697781
            0.1           0.042          -0.002       2.3228317    -0.039687116     0.010837824     -0.31218386
            0.1           0.042           0.002       2.3293422    -0.044959877    0.0027896796     -0.31466601
            0.1           0.042           0.006       2.3765757    -0.044208106   -0.0038969256     -0.31500439
            0.1           0.042            0.01       2.3777711    -0.035918741    -0.018483383     -0.31637042
            0.1           0.042           0.014       2.2928915    -0.021175341    -0.037013697     -0.32133685
            0.1           0.042           0.018       2.1108053   -0.0074948197    -0.052335365     -0.32945771
            0.1           0.042           0.022       1.8147103    -0.002715817    -0.059609702     -0.33992781
            0.1           0.042           0.026       1.4462605   -0.0042280746    -0.058368069     -0.35076685
            0.1           0.042            0.03       1.0787423    -0.012150165    -0.053973911     -0.35892533
            0.1           0.042           0.034      0.74967072    -0.031917675    -0.049528838     -0.36492132
            0.1           0.042           0.038      0.45969947    -0.060615583    -0.049101497     -0.37022457
            0.1           0.042           0.042      0.22416184    -0.087898016    -0.057236706     -0.37409266
            0.1           0.042           0.046     0.055946014     -0.10767388    -0.070367817     -0.37657263
            0.1           0.042            0.05    -0.054266564     -0.12128464    -0.082697216     -0.37842082
            0.1           0.042           0.054     -0.12352224     -0.13018613    -0.092324891     -0.37950082
            0.1           0.042           0.058     -0.16871657      -0.1358245    -0.099396777     -0.37987735
            0.1           0.042           0.062     -0.20113535     -0.13945516     -0.10500695     -0.37967227
            0.1           0.042           0.066     -0.22628504     -0.14200862     -0.11012706     -0.37894923
            0.1           0.042            0.07     -0.24647372     -0.14413651       -0.115371     -0.37767555
            0.1           0.042           0.074     -0.26242898     -0.14638987     -0.12101062     -0.37577551
            0.1           0.042           0.078     -0.27348556     -0.14969062     -0.12690416     -0.37319111
            0.1           0.042           0.082      -0.2749707     -0.15614641     -0.13151473     -0.36984676
            0.1           0.042           0.086     -0.25018033     -0.16815985     -0.13022434     -0.36611601
            0.1           0.042            0.09     -0.16839894     -0.18104826      -0.1087996     -0.36278078
            0.1           0.042           0.094    -0.030270481     -0.16541585    -0.056494134     -0.36029146
            0.1           0.042           0.098     0.031013266    -0.072818687    -0.011081212     -0.35907443
            0.1           0.046          -0.098     0.051878705   -0.0058827056    -0.023318174     -0.33683525
            0.1           0.046          -0.094     0.079719249    -0.028404654    -0.029121488     -0.33536165
            0.1           0.046           -0.09   0.00092804573     -0.05346748     0.020974825     -0.33256127
            0.1           0.046          -0.086     -0.11615254    -0.093618972     0.094527122     -0.33191417
            0.1           0.046          -0.082     -0.21493653     -0.12300322      0.16116794     -0.33500388
            0.1           0.046          -0.078      -0.2712649     -0.13731989      0.19706201     -0.34011395
            0.1           0.046          -0.074     -0.29036481     -0.14212887      0.20440385     -0.34510321
            0.1           0.046           -0.07     -0.28644674      -0.1426556      0.19592096     -0.34876896
            0.1           0.046          -0.066     -0.27087269      -0.1409283      0.18234555     -0.35078484
            0.1           0.046          -0.062      -0.2492836     -0.13706511       0.1680099     -0.35137094
            0.1           0.046          -0.058     -0.22382199     -0.13111143      0.15469984     -0.35093872
            0.1           0.046          -0.054     -0.19437166     -0.12320501      0.14270694     -0.34971422
            0.1           0.046           -0.05     -0.15761354     -0.11323386      0.13165277     -0.34784739
            0.1           0.046          -0.046     -0.10403341     -0.10041104      0.12079678     -0.34556362
            0.1           0.046          -0.042    -0.015585348    -0.083135966      0.10969728      -0.3431894
            0.1           0.046          -0.038      0.12649567    -0.059839773     0.099870476     -0.34089905
            0.1           0.046          -0.034      0.32660084    -0.031583972      0.09503689      -0.3385236
            0.1           0.046           -0.03      0.57355944   -0.0041733634     0.095238675     -0.33637106
            0.1           0.046          -0.026      0.86269386     0.018982903     0.095935213     -0.33447397
            0.1           0.046          -0.022       1.2058176     0.035757186     0.098711877     -0.32912812
            0.1           0.046          -0.018       1.5774181     0.038441014      0.10229383     -0.32103303
            0.1           0.046          -0.014       1.8979097      0.02469435     0.094486278     -0.31586418
            0.1           0.046           -0.01       2.0882988     0.006365732     0.073696537     -0.31572661
            0.1           0.046          -0.006       2.0960225   -0.0064306319       0.0468883     -0.32200212
            0.1           0.046          -0.002       1.9921404    -0.018390509      0.02024822     -0.33017596
            0.1           0.046           0.002        1.957705    -0.027861398    0.0026452828     -0.33362809
            0.1           0.046           0.006       2.0598517    -0.023596147   -0.0059871088     -0.33168543
            0.1           0.046            0.01       2.1098959   -0.0072375815    -0.022216825     -0.33068609
            0.1           0.046           0.014       1.9733538     0.011935297    -0.046643016     -0.33521924
            0.1           0.046           0.018       1.7090867     0.022004889    -0.062685296     -0.34347701
            0.1           0.046           0.022        1.361082     0.014298827    -0.066544281     -0.35280259
            0.1           0.046           0.026      0.99155168   -0.0053362461    -0.062557181     -0.36150804
            0.1           0.046            0.03      0.67740411    -0.028664065    -0.059382365     -0.36726209
            0.1           0.046           0.034       0.4299896    -0.053391226    -0.059725408     -0.37048583
            0.1           0.046           0.038       0.2274577    -0.077808485    -0.063465367     -0.37394108
            0.1           0.046           0.042     0.070459428     -0.09794564    -0.072674671     -0.37665047
            0.1           0.046           0.046     -0.04051824     -0.11223293    -0.083773692     -0.37843696
            0.1           0.046            0.05     -0.11527305     -0.12227376    -0.093062734     -0.37958568
            0.1           0.046           0.054     -0.16679535     -0.12927393     -0.10001713     -0.38007396
            0.1           0.046           0.058     -0.20490832     -0.13407593     -0.10526559      -0.3799928
            0.1           0.046           0.062     -0.23495957     -0.13737551     -0.10963057     -0.37943236
            0.1           0.046           0.066     -0.25951436     -0.13976757      -0.1137513       -0.378411
            0.1           0.046            0.07     -0.27973287     -0.14176386     -0.11803642     -0.37686619
            0.1           0.046           0.074     -0.29600536     -0.14387136     -0.12269589     -0.37471575
            0.1           0.046           0.078     -0.30793676     -0.14688242     -0.12771066     -0.37188721
            0.1           0.046           0.082     -0.31221704     -0.15243218     -0.13196085     -0.36823655
            0.1           0.046           0.086      -0.2948907     -0.16245925     -0.13158411     -0.36403484
            0.1           0.046            0.09     -0.22415576     -0.17355653     -0.11346625     -0.36016627
            0.1           0.046           0.094    -0.085053829     -0.15908044    -0.063836526     -0.35736718
            0.1           0.046           0.098    0.0068035302    -0.071214949     -0.01450926     -0.35600424
            0.1            0.05          -0.098     0.042260659    0.0034710685    -0.019063861     -0.33557804
            0.1            0.05          -0.094     0.039730797    -0.021369785    -0.019333698     -0.33509361
            0.1            0.05           -0.09     -0.07967332    -0.062995186      0.04142004      -0.3332609
            0.1            0.05          -0.086     -0.21285824     -0.10761746        0.117034     -0.33298176
            0.1            0.05          -0.082     -0.29957682     -0.13288685      0.17206168      -0.3360652
            0.1            0.05          -0.078     -0.33315199     -0.14142241      0.19392241     -0.34084227
            0.1            0.05          -0.074     -0.33452201     -0.14270294      0.19476404     -0.34549506
            0.1            0.05           -0.07     -0.32134141     -0.14192696      0.18700548      -0.3489976
            0.1            0.05          -0.066     -0.30207688     -0.14024139      0.17664986     -0.35113124
            0.1            0.05          -0.062     -0.27934695     -0.13727267      0.16597379     -0.35210367
            0.1            0.05          -0.058     -0.25402957      -0.1328135      0.15593423     -0.35218901
            0.1            0.05          -0.054     -0.22631285     -0.12679731      0.14683544     -0.35158525
            0.1            0.05           -0.05     -0.19519804     -0.11910754        0.138633     -0.35042992
            0.1            0.05          -0.046      -0.1572062     -0.10932744      0.13105373     -0.34880871
            0.1            0.05          -0.042     -0.10414493    -0.096409109      0.12380351     -0.34687537
            0.1            0.05          -0.038    -0.022080034    -0.078688923       0.1171906      -0.3448916
            0.1            0.05          -0.034       0.1020263    -0.055377274       0.1129964     -0.34309803
            0.1            0.05           -0.03      0.27105561     -0.02883765      0.11246559     -0.34181291
            0.1            0.05          -0.026      0.48163364   -0.0016913621      0.11441616     -0.34095227
            0.1            0.05          -0.022      0.73235307     0.026530943       0.1191857     -0.33940003
            0.1            0.05          -0.018       1.0110814     0.050456393      0.12519037     -0.33689356
            0.1            0.05          -0.014       1.2906487       0.0600213      0.12524729     -0.33420558
            0.1            0.05           -0.01       1.5135421     0.051738931      0.11457466     -0.33296855
            0.1            0.05          -0.006       1.5761963     0.032377216     0.090916299     -0.33703806
            0.1            0.05          -0.002       1.4696752    0.0091511432     0.055748666     -0.34461473
            0.1            0.05           0.002        1.375372   -0.0063373834     0.018240018      -0.3486923
            0.1            0.05           0.006       1.4505647    0.0028802688   -0.0089618923     -0.34678434
            0.1            0.05            0.01       1.5542744     0.026215196    -0.029751025     -0.34479672
            0.1            0.05           0.014       1.4598229     0.040857839    -0.054571366     -0.34836607
            0.1            0.05           0.018       1.1981985     0.035720397    -0.070960809     -0.35515876
            0.1            0.05           0.022      0.89004338    0.0082053681    -0.071230424     -0.36236725
            0.1            0.05           0.026      0.60497724    -0.028333298    -0.066405449     -0.36789438
            0.1            0.05            0.03      0.38116654    -0.057738734    -0.064655079     -0.37117385
            0.1            0.05           0.034      0.20924583     -0.07809037    -0.067261561     -0.37395102
            0.1            0.05           0.038     0.075211934    -0.093801444    -0.074107293     -0.37660938
            0.1            0.05           0.042    -0.026589447     -0.10579798    -0.083944972     -0.37861882
            0.1            0.05           0.046     -0.10139785     -0.11483085    -0.093381156     -0.37985551
            0.1            0.05            0.05     -0.15713867     -0.12207693      -0.1006289     -0.38044179
            0.1            0.05           0.054     -0.20056899     -0.12780105     -0.10592171      -0.3804478
            0.1            0.05           0.058     -0.23574641     -0.13212284     -0.10994453     -0.37998166
            0.1            0.05           0.062     -0.26493533     -0.13529257     -0.11336364      -0.3791067
            0.1            0.05           0.066     -0.28943407     -0.13766909     -0.11668704     -0.37780202
            0.1            0.05            0.07      -0.3099329     -0.13965695      -0.1202392      -0.3759903
            0.1            0.05           0.074     -0.32672886     -0.14172937     -0.12422092     -0.37358935
            0.1            0.05           0.078     -0.33959556     -0.14461847     -0.12869717     -0.37051051
            0.1            0.05           0.082     -0.34596501      -0.1496636     -0.13278191     -0.36655673
            0.1            0.05           0.086     -0.33366781     -0.15817816     -0.13315144     -0.36192748
            0.1            0.05            0.09     -0.27038418     -0.16680319     -0.11697861     -0.35752803
            0.1            0.05           0.094     -0.13078919     -0.15123523    -0.069064512     -0.35435352
            0.1            0.05           0.098    -0.014633475     -0.06801032     -0.01725126     -0.35282824
            0.1           0.054          -0.098     0.033083489     0.010518208    -0.012032639     -0.33548579
            0.1           0.054          -0.094    0.0069359778    -0.013831547   -0.0050658222     -0.33569977
            0.1           0.054           -0.09     -0.14319281    -0.071370299     0.060429916     -0.33498692
            0.1           0.054          -0.086     -0.28584035     -0.12131614       0.1317216     -0.33507139
            0.1           0.054          -0.082     -0.35986233     -0.14225414       0.1729555     -0.33785313
            0.1           0.054          -0.078     -0.37877909      -0.1463392      0.18634782     -0.34209049
            0.1           0.054          -0.074     -0.37085282     -0.14531607       0.1853878     -0.34621598
            0.1           0.054           -0.07     -0.35328968     -0.14362509      0.17950904     -0.34942884
            0.1           0.054          -0.066     -0.33212437     -0.14175112       0.1720137     -0.35156952
            0.1           0.054          -0.062     -0.30867251     -0.13926612      0.16430136     -0.35279195
            0.1           0.054          -0.058     -0.28326219      -0.1358251      0.15694422     -0.35325621
            0.1           0.054          -0.054     -0.25610629     -0.13122602      0.15023757     -0.35312311
            0.1           0.054           -0.05     -0.22710062     -0.12532945      0.14428284     -0.35253184
            0.1           0.054          -0.046     -0.19518544     -0.11789456      0.13900063     -0.35155968
            0.1           0.054          -0.042     -0.15751164     -0.10841242      0.13427101     -0.35023916
            0.1           0.054          -0.038     -0.10810721    -0.095921381      0.13016554     -0.34868426
            0.1           0.054          -0.034    -0.037442184    -0.079242012      0.12733617     -0.34716477
            0.1           0.054           -0.03     0.063857042    -0.058211923      0.12670786     -0.34604834
            0.1           0.054          -0.026      0.20073585    -0.033416326      0.12851949     -0.34544873
            0.1           0.054          -0.022      0.37273144   -0.0048034779      0.13372043     -0.34486476
            0.1           0.054          -0.018      0.56933073     0.024733201      0.14249228     -0.34425572
            0.1           0.054          -0.014      0.76792902     0.048237547      0.14948643     -0.34453478
            0.1           0.054           -0.01      0.93915808     0.058519949      0.14832259      -0.3452224
            0.1           0.054          -0.006       1.0245416     0.050556658      0.13493349     -0.34714109
            0.1           0.054          -0.002      0.98382161     0.027610768      0.10350192     -0.35101674
            0.1           0.054           0.002      0.90755619     0.008915569     0.055351063     -0.35321173
            0.1           0.054           0.006      0.92212461      0.01684519    0.0067369434      -0.3527278
            0.1           0.054            0.01      0.99167603     0.041204687    -0.028028753     -0.35272711
            0.1           0.054           0.014       0.9374354     0.047855103     -0.05294819     -0.35697831
            0.1           0.054           0.018       0.7430391     0.022845093    -0.068981266     -0.36293467
            0.1           0.054           0.022       0.5247304    -0.022047541    -0.071437579     -0.36706684
            0.1           0.054           0.026      0.33133024    -0.063785939    -0.068473677     -0.37047071
            0.1           0.054            0.03      0.18335814    -0.088340824    -0.068849195     -0.37340861
            0.1           0.054           0.034     0.072804633    -0.099723981    -0.074110816     -0.37617503
            0.1           0.054           0.038    -0.013269654     -0.10582063    -0.082862732     -0.37852103
            0.1           0.054           0.042    -0.082670282     -0.11077399    -0.092526595     -0.38011691
            0.1           0.054           0.046     -0.13988993     -0.11598786     -0.10064618     -0.38092342
            0.1           0.054            0.05      -0.1878891     -0.12141135     -0.10655082     -0.38106408
            0.1           0.054           0.054     -0.22840946     -0.12638142     -0.11068352     -0.38067243
            0.1           0.054           0.058      -0.2627018     -0.13047898     -0.11372413       -0.379869
            0.1           0.054           0.062      -0.2918277      -0.1336444     -0.11631259     -0.37869456
            0.1           0.054           0.066     -0.31661129     -0.13606228     -0.11892449     -0.37711139
            0.1           0.054            0.07     -0.33760665     -0.13806088     -0.12186784     -0.37504248
            0.1           0.054           0.074     -0.35513998     -0.14009735     -0.12535852     -0.37240351
            0.1           0.054           0.078      -0.3690889     -0.14288511     -0.12951236     -0.36909052
            0.1           0.054           0.082     -0.37719763     -0.14757862     -0.13356772     -0.36487049
            0.1           0.054           0.086     -0.36827001     -0.15488588     -0.13449225       -0.359886
            0.1           0.054            0.09     -0.30906854     -0.16069948     -0.11939314     -0.35501803
            0.1           0.054           0.094     -0.16733323     -0.14231313    -0.072324591     -0.35149712
            0.1           0.054           0.098    -0.032468778    -0.063919126    -0.019308221      -0.3498701
            0.1           0.058          -0.098     0.026724402     0.015398105   -0.0060442235      -0.3361069
            0.1           0.058          -0.094    -0.014846945   -0.0067146329    0.0069281258      -0.3364938
            0.1           0.058           -0.09     -0.18380002    -0.076162621      0.07099924     -0.33656007
            0.1           0.058          -0.086     -0.33490154     -0.13120722      0.13592978     -0.33712629
            0.1           0.058          -0.082     -0.40360745      -0.1496948      0.16888324     -0.33961118
            0.1           0.058          -0.078     -0.41548659     -0.15153263      0.17857256     -0.34329034
            0.1           0.058          -0.074     -0.40329145     -0.14940242      0.17779571     -0.34688496
            0.1           0.058           -0.07     -0.38346422     -0.14709321      0.17356416     -0.34981337
            0.1           0.058          -0.066     -0.36105492     -0.14506648      0.16832979     -0.35194259
            0.1           0.058          -0.062     -0.33697639     -0.14292457       0.1629573      -0.3533335
            0.1           0.058          -0.058     -0.31132854     -0.14025114       0.1578177     -0.35408541
            0.1           0.058          -0.054      -0.2842265     -0.13676054      0.15315046     -0.35432139
            0.1           0.058           -0.05     -0.25581244     -0.13227811       0.1490916     -0.35416489
            0.1           0.058          -0.046     -0.22593976      -0.1266465      0.14565807     -0.35370751
            0.1           0.058          -0.042     -0.19378995     -0.11960693      0.14279329     -0.35298238
            0.1           0.058          -0.038     -0.15749126     -0.11074177      0.14050948     -0.35199644
            0.1           0.058          -0.034     -0.11343663    -0.099429699      0.13904109     -0.35084665
            0.1           0.058           -0.03    -0.055784465    -0.084980564        0.138829     -0.34979161
            0.1           0.058          -0.026     0.022574611     -0.06655012      0.14031459     -0.34905021
            0.1           0.058          -0.022      0.12705222    -0.042913042      0.14448983     -0.34860351
            0.1           0.058          -0.018      0.25553885    -0.015065697      0.15241966     -0.34852518
            0.1           0.058          -0.014      0.39479051     0.011916654      0.16174635      -0.3491339
            0.1           0.058           -0.01      0.52415572     0.032214623      0.16719246     -0.35023232
            0.1           0.058          -0.006      0.61168851     0.039428613      0.16267798     -0.35174891
            0.1           0.058          -0.002      0.63376894     0.031628218      0.13981037     -0.35329493
            0.1           0.058           0.002      0.61876444     0.021480163     0.095754922     -0.35361365
            0.1           0.058           0.006      0.62267736     0.027151594     0.042592494     -0.35345697
            0.1           0.058            0.01      0.63861314     0.043117802   -0.0026014524     -0.35573447
            0.1           0.058           0.014      0.58591542     0.037189674    -0.035289666     -0.36132054
            0.1           0.058           0.018       0.4505607   -0.0031787443     -0.05755023     -0.36651649
            0.1           0.058           0.022      0.29776218    -0.057090639    -0.068427374     -0.36946098
            0.1           0.058           0.026      0.16923928     -0.09808538    -0.072197695     -0.37194963
            0.1           0.058            0.03     0.074176583     -0.11516658    -0.075921283     -0.37479456
            0.1           0.058           0.034    0.0022053474     -0.11677363    -0.082490292     -0.37768367
            0.1           0.058           0.038    -0.059097276     -0.11466508     -0.09131022     -0.37993002
            0.1           0.058           0.042     -0.11510533     -0.11446717     -0.10001358     -0.38125562
            0.1           0.058           0.046     -0.16639356     -0.11698434     -0.10692054     -0.38170616
            0.1           0.058            0.05      -0.2122452     -0.12112727     -0.11168409     -0.38146733
            0.1           0.058           0.054       -0.252256     -0.12559701     -0.11475278     -0.38072272
            0.1           0.058           0.058      -0.2866896     -0.12957302     -0.11683694     -0.37959808
            0.1           0.058           0.062     -0.31621203     -0.13274512     -0.11859892      -0.3781281
            0.1           0.058           0.066     -0.34153325     -0.13516268     -0.12052336     -0.37627717
            0.1           0.058            0.07     -0.36323953     -0.13710088     -0.12292747     -0.37397304
            0.1           0.058           0.074     -0.38173207     -0.13901763     -0.12604218     -0.37112336
            0.1           0.058           0.078     -0.39694822     -0.14163034     -0.12999913     -0.36760811
            0.1           0.058           0.082     -0.40661699     -0.14595788     -0.13407415     -0.36318526
            0.1           0.058           0.086     -0.39968755     -0.15210272     -0.13528077      -0.3579362
            0.1           0.058            0.09     -0.34120106     -0.15460801     -0.12043669     -0.35272562
            0.1           0.058           0.094     -0.19462183     -0.13188652    -0.073508866     -0.34899446
            0.1           0.058           0.098    -0.046083877    -0.058719718    -0.020394818     -0.34738503
            0.1           0.062          -0.098     0.024337899      0.01897143   -0.0017114345     -0.33682982
            0.1           0.062          -0.094    -0.021967746    0.0011579418     0.013705281     -0.33714892
            0.1           0.062           -0.09     -0.20074074    -0.075356356     0.072826089     -0.33749633
            0.1           0.062          -0.086      -0.3632288     -0.13594269      0.13289941     -0.33848756
            0.1           0.062          -0.082      -0.4353235     -0.15537999       0.1630896     -0.34086831
            0.1           0.062          -0.078     -0.44623114     -0.15684602      0.17183804     -0.34408376
            0.1           0.062          -0.074     -0.43291896     -0.15449833      0.17172909     -0.34726631
            0.1           0.062           -0.07     -0.41199236     -0.15200109      0.16893061     -0.34998824
            0.1           0.062          -0.066     -0.38866383     -0.15001497      0.16545064     -0.35209574
            0.1           0.062          -0.062      -0.3639408     -0.14822886      0.16193529     -0.35360207
            0.1           0.062          -0.058     -0.33791581     -0.14622332      0.15864155      -0.3545734
            0.1           0.062          -0.054      -0.3106306     -0.14367748      0.15574288     -0.35510126
            0.1           0.062           -0.05     -0.28220277     -0.14038384       0.1533613     -0.35528614
            0.1           0.062          -0.046     -0.25273494       -0.136209      0.15155674     -0.35521897
            0.1           0.062          -0.042     -0.22212407     -0.13101047      0.15032593       -0.354956
            0.1           0.062          -0.038     -0.18990947     -0.12459456      0.14967309     -0.35450928
            0.1           0.062          -0.034     -0.15514677     -0.11669944      0.14968975      -0.3538796
            0.1           0.062           -0.03     -0.11606886     -0.10694368      0.15057025     -0.35313567
            0.1           0.062          -0.026    -0.069497645    -0.094479776       0.1525304     -0.35241886
            0.1           0.062          -0.022    -0.010792816    -0.077626446      0.15605334     -0.35187412
            0.1           0.062          -0.018     0.063739945    -0.055241119      0.16193573     -0.35174652
            0.1           0.062          -0.014      0.15227775     -0.02911085      0.16954316     -0.35235076
            0.1           0.062           -0.01      0.24595401   -0.0034556981      0.17590148     -0.35345536
            0.1           0.062          -0.006       0.3284011     0.015999684      0.17588048     -0.35469136
            0.1           0.062          -0.002      0.38353223     0.025980707      0.16201577     -0.35565311
            0.1           0.062           0.002      0.41320275     0.031597882      0.12932743     -0.35581585
            0.1           0.062           0.006      0.43364205     0.041061687     0.083342181     -0.35610277
            0.1           0.062            0.01      0.43896458     0.048909617     0.037372382     -0.35880526
            0.1           0.062           0.014      0.39233371     0.032174616   -0.0026916178     -0.36436122
            0.1           0.062           0.018      0.29332959    -0.018510743    -0.037787506     -0.36908407
            0.1           0.062           0.022      0.18601037    -0.080762494    -0.064469444     -0.37124618
            0.1           0.062           0.026     0.097805561     -0.12380096    -0.079682281     -0.37318874
            0.1           0.062            0.03     0.029478947      -0.1367232    -0.087310254      -0.3759292
            0.1           0.062           0.034    -0.028324492     -0.13153492    -0.093492048     -0.37876976
            0.1           0.062           0.038    -0.082723119     -0.12337542     -0.10056659     -0.38088756
            0.1           0.062           0.042     -0.13576422      -0.1190271     -0.10753078     -0.38197073
            0.1           0.062           0.046      -0.1862686     -0.11910399     -0.11296532     -0.38211231
            0.1           0.062            0.05     -0.23239786     -0.12200343     -0.11644057     -0.38153896
            0.1           0.062           0.054     -0.27306572     -0.12594207     -0.11834485     -0.38046863
            0.1           0.062           0.058      -0.3082206     -0.12971763     -0.11940795     -0.37904112
            0.1           0.062           0.062     -0.33846156     -0.13278373     -0.12031916     -0.37729854
            0.1           0.062           0.066      -0.3645592     -0.13507197     -0.12157435     -0.37521255
            0.1           0.062            0.07     -0.38719993     -0.13681503     -0.12349297     -0.37271277
            0.1           0.062           0.074     -0.40686808     -0.13847462     -0.12629961     -0.36969624
            0.1           0.062           0.078     -0.42352702     -0.14078008     -0.13010185      -0.3660283
            0.1           0.062           0.082     -0.43466803     -0.14460207     -0.13414759     -0.36149532
            0.1           0.062           0.086     -0.42830129     -0.14932781     -0.13524513     -0.35608794
            0.1           0.062            0.09     -0.36667996      -0.1477045     -0.11977482     -0.35069281
            0.1           0.062           0.094     -0.21226631     -0.11980161    -0.072491642     -0.34695018
            0.1           0.062           0.098    -0.054703661    -0.052053592    -0.020322955     -0.34549417
            0.1           0.066          -0.098      0.02465129     0.020658285    0.0012966077     -0.33730616
            0.1           0.066          -0.094    -0.015821338    0.0095989938     0.016207619     -0.33751529
            0.1           0.066           -0.09     -0.19409592     -0.06784557     0.067886941     -0.33782401
            0.1           0.066          -0.086     -0.37122244     -0.13493861      0.12500016     -0.33900196
            0.1           0.066          -0.082     -0.45644762     -0.15906236      0.15611514     -0.34140231
            0.1           0.066          -0.078     -0.47200386     -0.16195245      0.16590293       -0.344316
            0.1           0.066          -0.074     -0.45983571       -0.160249      0.16696148     -0.34719874
            0.1           0.066           -0.07      -0.4387175     -0.15813973      0.16545042     -0.34978392
            0.1           0.066          -0.066     -0.41470285     -0.15650402       0.1633826     -0.35187393
            0.1           0.066          -0.062     -0.38928972     -0.15520126      0.16137859     -0.35346125
            0.1           0.066          -0.058     -0.36271632     -0.15387651      0.15964329     -0.35459715
            0.1           0.066          -0.054     -0.33500708     -0.15221789      0.15829937      -0.3553532
            0.1           0.066           -0.05     -0.30620497     -0.15000563       0.1574494     -0.35580776
            0.1           0.066          -0.046     -0.27638934     -0.14710235      0.15718027     -0.35604043
            0.1           0.066          -0.042     -0.24560598     -0.14341206      0.15755243     -0.35612061
            0.1           0.066          -0.038     -0.21376653     -0.13882847      0.15863464     -0.35608287
            0.1           0.066          -0.034     -0.18061014     -0.13317472      0.16051268     -0.35594035
            0.1           0.066           -0.03     -0.14568622     -0.12612998      0.16332201      -0.3556951
            0.1           0.066          -0.026     -0.10829476     -0.11697211      0.16692826     -0.35537535
            0.1           0.066          -0.022    -0.067370302     -0.10427065      0.17096331     -0.35507658
            0.1           0.066          -0.018    -0.021334278    -0.086413172      0.17519335     -0.35499889
            0.1           0.066          -0.014      0.03135424    -0.063164347      0.17927466     -0.35541447
            0.1           0.066           -0.01      0.09082193    -0.036282943      0.18238602     -0.35630566
            0.1           0.066          -0.006      0.15333392   -0.0094413171      0.18224817     -0.35739617
            0.1           0.066          -0.002      0.21214677     0.014026427      0.17395825     -0.35826142
            0.1           0.066           0.002      0.26271785     0.034289315      0.15246382      -0.3586266
            0.1           0.066           0.006      0.30213203      0.05206683      0.11835375     -0.35931287
            0.1           0.066            0.01      0.31834781     0.059715184     0.078082833     -0.36190388
            0.1           0.066           0.014      0.29067094      0.04009258      0.03527335     -0.36652854
            0.1           0.066           0.018      0.22369884    -0.014509956    -0.010968693     -0.37041746
            0.1           0.066           0.022      0.15004302    -0.084705059    -0.055604637     -0.37218701
            0.1           0.066           0.026     0.084909296     -0.13636396    -0.086832629     -0.37384361
            0.1           0.066            0.03     0.022441804     -0.15361945     -0.10107818     -0.37639845
            0.1           0.066           0.034    -0.038297656     -0.14722774     -0.10659077     -0.37905452
            0.1           0.066           0.038    -0.095267374     -0.13467266     -0.11085816     -0.38100684
            0.1           0.066           0.042     -0.14974516     -0.12610366     -0.11533358     -0.38192697
            0.1           0.066           0.046     -0.20164299     -0.12334471     -0.11890253     -0.38185949
            0.1           0.066            0.05     -0.24924048     -0.12464658     -0.12086239     -0.38103692
            0.1           0.066           0.054     -0.29125014     -0.12776349     -0.12148131     -0.37970745
            0.1           0.066           0.058     -0.32754558     -0.13109276     -0.12148082     -0.37803636
            0.1           0.066           0.062     -0.35880829     -0.13383987     -0.12155718     -0.37608012
            0.1           0.066           0.066     -0.38594524      -0.1358125     -0.12219479     -0.37381792
            0.1           0.066            0.07     -0.40975901     -0.13719384     -0.12369007     -0.37118141
            0.1           0.066           0.074     -0.43080125     -0.13843934     -0.12623257     -0.36806017
            0.1           0.066           0.078     -0.44898793     -0.14027056     -0.12985729     -0.36430712
            0.1           0.066           0.082     -0.46136638     -0.14332298     -0.13372649     -0.35977222
            0.1           0.066           0.086     -0.45394885     -0.14614493     -0.13419427     -0.35435457
            0.1           0.066            0.09     -0.38482418      -0.1392927     -0.11707669     -0.34895162
            0.1           0.066           0.094      -0.2195817     -0.10621851    -0.069067558     -0.34541004
            0.1           0.066           0.098    -0.057879321    -0.044164625    -0.019119203     -0.34424264
            0.1            0.07          -0.098     0.025080485     0.020188295    0.0032885581     -0.33746647
            0.1            0.07          -0.094   -0.0032467923     0.016133473     0.016334512     -0.33756401
            0.1            0.07           -0.09     -0.16854278    -0.055202827     0.058246574     -0.33771231
            0.1            0.07          -0.086     -0.35789087     -0.12704417      0.11239936     -0.33880403
            0.1            0.07          -0.082     -0.46480242     -0.15954644      0.14709598     -0.34121406
            0.1            0.07          -0.078     -0.49139531     -0.16632907      0.16001814     -0.34396802
            0.1            0.07          -0.074     -0.48287969     -0.16623142      0.16304753     -0.34659042
            0.1            0.07           -0.07      -0.4627696     -0.16517736      0.16298313     -0.34904732
            0.1            0.07          -0.066     -0.43846111     -0.16433488       0.1622241     -0.35112025
            0.1            0.07          -0.062     -0.41238486     -0.16377019      0.16155634     -0.35276287
            0.1            0.07          -0.058     -0.38505413     -0.16322905      0.16121643     -0.35401578
            0.1            0.07          -0.054      -0.3565014     -0.16244073       0.1613121     -0.35494296
            0.1            0.07           -0.05     -0.32669169     -0.16119109      0.16194228     -0.35560914
            0.1            0.07          -0.046      -0.2956071     -0.15933751      0.16323725     -0.35608173
            0.1            0.07          -0.042     -0.26315514     -0.15676917      0.16533399     -0.35643274
            0.1            0.07          -0.038     -0.22910554       -0.153368      0.16838315     -0.35671074
            0.1            0.07          -0.034     -0.19303458     -0.14887194      0.17244151     -0.35695949
            0.1            0.07           -0.03     -0.15452603     -0.14274371      0.17747572     -0.35720489
            0.1            0.07          -0.026     -0.11368326     -0.13400917      0.18273875     -0.35747043
            0.1            0.07          -0.022    -0.071628493     -0.12143873      0.18680735      -0.3578092
            0.1            0.07          -0.018    -0.030291273     -0.10405838      0.18868406     -0.35826601
            0.1            0.07          -0.014    0.0089496423    -0.081873508      0.18820369     -0.35891739
            0.1            0.07           -0.01     0.046517868    -0.055877342      0.18624611     -0.35978227
            0.1            0.07          -0.006     0.084134644     -0.02746792      0.18327962     -0.36074997
            0.1            0.07          -0.002      0.12409389    0.0022121707      0.17712604     -0.36155113
            0.1            0.07           0.002      0.16824068     0.032128754      0.16356832     -0.36202035
            0.1            0.07           0.006      0.21203531     0.058479023      0.14031885     -0.36270163
            0.1            0.07            0.01      0.23977224      0.07115562      0.10858161     -0.36462809
            0.1            0.07           0.014      0.23335075     0.056142211     0.069019451     -0.36790004
            0.1            0.07           0.018      0.19529374    0.0064158546     0.019609456     -0.37079418
            0.1            0.07           0.022      0.14970407    -0.066512865    -0.037125199     -0.37227603
            0.1            0.07           0.026      0.10231191     -0.13131255    -0.086100877     -0.37362871
            0.1            0.07            0.03     0.039738164     -0.16272555     -0.11280355     -0.37577738
            0.1            0.07           0.034    -0.032428625     -0.16301917     -0.12077457     -0.37812032
            0.1            0.07           0.038    -0.099211736     -0.14941462     -0.12224175     -0.37990712
            0.1            0.07           0.042     -0.15855323     -0.13669489     -0.12343298     -0.38076574
            0.1            0.07           0.046     -0.21328183     -0.13039338     -0.12462233     -0.38062877
            0.1            0.07            0.05     -0.26312859     -0.12945214     -0.12484488     -0.37969789
            0.1            0.07           0.054     -0.30698945     -0.13125471     -0.12412273     -0.37823411
            0.1            0.07           0.058     -0.34480316     -0.13377111     -0.12310593     -0.37642531
            0.1            0.07           0.062     -0.37741036     -0.13592863     -0.12244674     -0.37434616
            0.1            0.07           0.066      -0.4058814     -0.13737976     -0.12257742     -0.37198802
            0.1            0.07            0.07     -0.43112086      -0.1382333     -0.12374012     -0.36928945
            0.1            0.07           0.074      -0.4537001     -0.13891114      -0.1260569     -0.36613774
            0.1            0.07           0.078      -0.4733135      -0.1400643     -0.12943014     -0.36236667
            0.1            0.07           0.082     -0.48627881     -0.14198974     -0.13289574     -0.35791905
            0.1            0.07           0.086     -0.47542673     -0.14209752     -0.13194724      -0.3526744
            0.1            0.07            0.09     -0.39414228     -0.12909436     -0.11201622     -0.34750237
            0.1            0.07           0.094      -0.2163152    -0.091527679    -0.063265296     -0.34436273
            0.1            0.07           0.098    -0.055433946    -0.035742878    -0.016740794     -0.34358279
            0.1           0.074          -0.098     0.024990134      0.01841069    0.0046793166     -0.33737147
            0.1           0.074          -0.094     0.010067425     0.020234735      0.01571483     -0.33738842
            0.1           0.074           -0.09     -0.12977197     -0.03963939     0.045866764     -0.33741254
            0.1           0.074          -0.086     -0.31802981     -0.11074264     0.093761246     -0.33817111
            0.1           0.074          -0.082     -0.44987551      -0.1533412      0.13288077     -0.34032971
            0.1           0.074          -0.078     -0.49709013     -0.16779594      0.15179869     -0.34300139
            0.1           0.074          -0.074     -0.49724335      -0.1710214      0.15860781     -0.34542188
            0.1           0.074           -0.07     -0.48020857     -0.17183033      0.16084451     -0.34764855
            0.1           0.074          -0.066     -0.45667589     -0.17233377      0.16171532     -0.34961071
            0.1           0.074          -0.062     -0.43024552     -0.17281221      0.16249458      -0.3512336
            0.1           0.074          -0.058     -0.40187258     -0.17313702      0.16363219     -0.35254293
            0.1           0.074          -0.054     -0.37161847     -0.17307665      0.16525862     -0.35358846
            0.1           0.074           -0.05      -0.3393592     -0.17235524      0.16749936     -0.35442678
            0.1           0.074          -0.046     -0.30491967     -0.17078339       0.1705264     -0.35511506
            0.1           0.074          -0.042     -0.26788545     -0.16815258      0.17449556     -0.35571661
            0.1           0.074          -0.038     -0.22760353     -0.16418456      0.17948442     -0.35629097
            0.1           0.074          -0.034     -0.18332267     -0.15834442        0.185215     -0.35689272
            0.1           0.074           -0.03     -0.13486021     -0.14992984      0.19085015     -0.35758883
            0.1           0.074          -0.026    -0.083858979     -0.13822933      0.19478804     -0.35844086
            0.1           0.074          -0.022     -0.03383605     -0.12290118      0.19503756       -0.359482
            0.1           0.074          -0.018     0.011303184     -0.10418085       0.1910105     -0.36066263
            0.1           0.074          -0.014     0.048648517    -0.082943309      0.18430363     -0.36189431
            0.1           0.074           -0.01     0.076934241    -0.060114577      0.17758306     -0.36315461
            0.1           0.074          -0.006     0.097103432    -0.035089149      0.17260234     -0.36442462
            0.1           0.074          -0.002      0.11328097   -0.0058236263      0.16822078     -0.36548685
            0.1           0.074           0.002      0.13352802     0.028048101      0.16052925     -0.36606226
            0.1           0.074           0.006       0.1623355     0.060863709       0.1458141     -0.36641466
            0.1           0.074            0.01      0.18931735     0.080197571       0.1227031     -0.36730867
            0.1           0.074           0.014      0.19616479     0.073027312     0.090216709     -0.36907802
            0.1           0.074           0.018      0.17945681     0.033752565     0.046183234     -0.37086395
            0.1           0.074           0.022      0.15691037    -0.032890156    -0.010592962     -0.37193592
            0.1           0.074           0.026      0.13154801     -0.10551861    -0.070961873      -0.3729129
            0.1           0.074            0.03     0.078675689      -0.1554677     -0.11471181     -0.37436837
            0.1           0.074           0.034   -0.0047827025     -0.17208814     -0.13271757     -0.37597464
            0.1           0.074           0.038    -0.090089922     -0.16490886     -0.13459705     -0.37735634
            0.1           0.074           0.042      -0.1608979     -0.15058692     -0.13226756      -0.3782129
            0.1           0.074           0.046     -0.22099319     -0.14052688     -0.13030916     -0.37819417
            0.1           0.074            0.05     -0.27406426     -0.13661045     -0.12848532      -0.3773342
            0.1           0.074           0.054     -0.32031218     -0.13649618     -0.12640897     -0.37589516
            0.1           0.074           0.058     -0.36004824     -0.13777444     -0.12451065      -0.3740812
            0.1           0.074           0.062     -0.39435907     -0.13905626     -0.12330794      -0.3719854
            0.1           0.074           0.066     -0.42448717     -0.13978451     -0.12311303     -0.36961919
            0.1           0.074            0.07     -0.45138219     -0.13994837     -0.12406844     -0.36693451
            0.1           0.074           0.074     -0.47554116      -0.1398927     -0.12617925      -0.3638233
            0.1           0.074           0.078     -0.49616588     -0.14010648     -0.12915797     -0.36014094
            0.1           0.074           0.082     -0.50825559     -0.14037246     -0.13175839     -0.35588648
            0.1           0.074           0.086     -0.48988076     -0.13659333     -0.12817476     -0.35095572
            0.1           0.074            0.09     -0.39171593      -0.1167518     -0.10416097     -0.34628008
            0.1           0.074           0.094     -0.20224828    -0.075788792    -0.055351782      -0.3437467
            0.1           0.074           0.098    -0.047831906    -0.027536639    -0.013383318     -0.34338756
            0.1           0.078          -0.098     0.025423831     0.016513678    0.0057887744     -0.33717566
            0.1           0.078          -0.094     0.024602163     0.024236576     0.016551261      -0.3371578
            0.1           0.078           -0.09    -0.078876849    -0.020604215     0.034795381     -0.33722382
            0.1           0.078          -0.086     -0.24301688    -0.083818953     0.069848553     -0.33764108
            0.1           0.078          -0.082     -0.38958832     -0.13370623      0.10924217     -0.33905929
            0.1           0.078          -0.078     -0.46689954     -0.15975839      0.13607222     -0.34129422
            0.1           0.078          -0.074     -0.48701488      -0.1701321      0.14968603     -0.34358519
            0.1           0.078           -0.07     -0.47855233     -0.17436092      0.15613302     -0.34562082
            0.1           0.078          -0.066     -0.45800794     -0.17680663      0.15979779     -0.34736923
            0.1           0.078          -0.062     -0.43168285     -0.17847517      0.16273576     -0.34885416
            0.1           0.078          -0.058      -0.4016053     -0.17931468      0.16582368     -0.35011263
            0.1           0.078          -0.054     -0.36802105     -0.17906836      0.16938258     -0.35119613
            0.1           0.078           -0.05     -0.33072023     -0.17738838      0.17355294     -0.35215543
            0.1           0.078          -0.046      -0.2893556      -0.1738873      0.17841919     -0.35303919
            0.1           0.078          -0.042     -0.24335978     -0.16818799      0.18388837     -0.35389566
            0.1           0.078          -0.038     -0.19207374     -0.15986591      0.18956249     -0.35477632
            0.1           0.078          -0.034      -0.1355632     -0.14857068      0.19438938     -0.35574053
            0.1           0.078           -0.03    -0.075688757     -0.13461875      0.19652743     -0.35687644
            0.1           0.078          -0.026    -0.016672003     -0.11892292      0.19399846     -0.35825262
            0.1           0.078          -0.022     0.036643284     -0.10235836       0.1858268     -0.35985971
            0.1           0.078          -0.018     0.080990089    -0.086014403      0.17348068     -0.36159508
            0.1           0.078          -0.014      0.11408496    -0.071023487      0.16063297     -0.36335242
            0.1           0.078           -0.01       0.1343386    -0.056964161      0.15091241     -0.36518936
            0.1           0.078          -0.006      0.14240343    -0.040037537      0.14582954     -0.36715712
            0.1           0.078          -0.002      0.14200269    -0.014830951      0.14387058     -0.36897476
            0.1           0.078           0.002      0.14070141     0.020224368       0.1411172     -0.37004426
            0.1           0.078           0.006      0.14790316     0.058140523      0.13341546     -0.37016516
            0.1           0.078            0.01       0.1629493     0.084083504      0.11838732     -0.36999963
            0.1           0.078           0.014      0.17211715     0.084866847     0.094722205      -0.3703096
            0.1           0.078           0.018      0.16720853     0.056358295     0.060913631     -0.37099346
            0.1           0.078           0.022      0.15925623     0.001657444     0.015058126     -0.37156842
            0.1           0.078           0.026      0.15611928    -0.066248189    -0.042204554     -0.37202814
            0.1           0.078            0.03       0.1295307     -0.12532885    -0.098057778     -0.37257757
            0.1           0.078           0.034     0.050863761     -0.16129051      -0.1336778     -0.37311076
            0.1           0.078           0.038    -0.055662252     -0.17164768     -0.14498339     -0.37362097
            0.1           0.078           0.042     -0.14927006     -0.16368143     -0.14265095     -0.37419111
            0.1           0.078           0.046     -0.22145368     -0.15219392     -0.13728241     -0.37437973
            0.1           0.078            0.05      -0.2804114      -0.1454807      -0.1327683     -0.37379302
            0.1           0.078           0.054     -0.33028074     -0.14314119     -0.12917825     -0.37254285
            0.1           0.078           0.058     -0.37268035     -0.14290108     -0.12647667     -0.37086241
            0.1           0.078           0.062     -0.40920465     -0.14309393     -0.12491846     -0.36886174
            0.1           0.078           0.066     -0.44132502      -0.1429185     -0.12457507     -0.36657774
            0.1           0.078            0.07     -0.46991174     -0.14218695     -0.12540414     -0.36398089
            0.1           0.078           0.074     -0.49518462     -0.14110603     -0.12721259     -0.36098849
            0.1           0.078           0.078     -0.51559761     -0.13996247     -0.12954923     -0.35753519
            0.1           0.078           0.082     -0.52326085     -0.13762725     -0.13032092     -0.35358958
            0.1           0.078           0.086     -0.49028844     -0.12822247     -0.12199346      -0.3492064
            0.1           0.078            0.09     -0.37153027      -0.1011724     -0.09278124     -0.34531422
            0.1           0.078           0.094     -0.17559738    -0.058481672    -0.045408575     -0.34346875
            0.1           0.078           0.098    -0.035987146     -0.01960237   -0.0095408267     -0.34348896
            0.1           0.082          -0.098     0.027104517     0.013236213    0.0059981699     -0.33704479
            0.1           0.082          -0.094     0.042317073     0.027762285     0.019514563     -0.33698883
            0.1           0.082           -0.09      -0.0181516    0.0024897747     0.031982296     -0.33715111
            0.1           0.082          -0.086     -0.13327184    -0.045093065     0.050530941     -0.33745945
            0.1           0.082          -0.082     -0.26429882    -0.093321355     0.079484413     -0.33806087
            0.1           0.082          -0.078     -0.36321525     -0.12857212      0.10905929     -0.33930134
            0.1           0.082          -0.074     -0.41252119     -0.14937804      0.13026081      -0.3410707
            0.1           0.082           -0.07     -0.42274974     -0.16017876      0.14303695     -0.34288973
            0.1           0.082          -0.066     -0.41083405     -0.16574041      0.15124557     -0.34448994
            0.1           0.082          -0.062     -0.38701327     -0.16840081      0.15770186     -0.34587638
            0.1           0.082          -0.058     -0.35552826     -0.16866937        0.163736     -0.34707992
            0.1           0.082          -0.054     -0.31774541     -0.16645084      0.16989966     -0.34818631
            0.1           0.082           -0.05     -0.27398471     -0.16140861      0.17629014     -0.34926982
            0.1           0.082          -0.046     -0.22431718     -0.15310219      0.18266839     -0.35037853
            0.1           0.082          -0.042     -0.16899864     -0.14138502      0.18839541     -0.35154789
            0.1           0.082          -0.038     -0.10888392     -0.12667762      0.19245844     -0.35281338
            0.1           0.082          -0.034    -0.046423687     -0.11010063      0.19331845     -0.35421544
            0.1           0.082           -0.03     0.014063336    -0.093527237      0.18881502     -0.35578604
            0.1           0.082          -0.026     0.067829323    -0.078987075      0.17757429     -0.35753377
            0.1           0.082          -0.022       0.1123286    -0.067535029      0.16089232     -0.35943649
            0.1           0.082          -0.018      0.14737706    -0.059953935      0.14251855     -0.36143365
            0.1           0.082          -0.014      0.17166096    -0.056914735        0.126374     -0.36348074
            0.1           0.082           -0.01      0.18257825    -0.055698097      0.11506722     -0.36574826
            0.1           0.082          -0.006      0.18041666    -0.049117634       0.1093227      -0.3684262
            0.1           0.082          -0.002      0.17008666    -0.028991003      0.10768036      -0.3711564
            0.1           0.082           0.002      0.15821482    0.0066455543      0.10719086     -0.37299295
            0.1           0.082           0.006      0.15190577     0.048835909      0.10468673     -0.37323348
            0.1           0.082            0.01      0.15456074     0.080782951     0.097420759     -0.37236406
            0.1           0.082           0.014      0.15959364     0.088308594     0.083517096      -0.3715081
            0.1           0.082           0.018      0.15917534     0.068019724     0.061700845     -0.37121089
            0.1           0.082           0.022      0.15771611     0.024297858     0.030851241     -0.37122726
            0.1           0.082           0.026      0.16616019    -0.032163242    -0.011217032     -0.37105802
            0.1           0.082            0.03      0.16963121    -0.083289794    -0.063615207     -0.37054279
            0.1           0.082           0.034       0.1228992     -0.12213519     -0.11343541     -0.36992149
            0.1           0.082           0.038     0.015145206     -0.15119744     -0.14390035     -0.36950507
            0.1           0.082           0.042     -0.10576214     -0.16331938     -0.15191821     -0.36947468
            0.1           0.082           0.046     -0.20175445     -0.15948255     -0.14728068     -0.36957862
            0.1           0.082            0.05     -0.27379469     -0.15281615     -0.14016917     -0.36922295
            0.1           0.082           0.054     -0.33102591     -0.14926776     -0.13460465     -0.36821357
            0.1           0.082           0.058     -0.37817241     -0.14778204     -0.13080519     -0.36673039
            0.1           0.082           0.062     -0.41798095     -0.14693093     -0.12869958     -0.36490761
            0.1           0.082           0.066     -0.45242432     -0.14578668     -0.12801951     -0.36280645
            0.1           0.082            0.07     -0.48235132     -0.14392239     -0.12843964     -0.36041622
            0.1           0.082           0.074     -0.50730743     -0.14140731      -0.1294423     -0.35769281
            0.1           0.082           0.078     -0.52367336     -0.13778627     -0.13002668     -0.35454701
            0.1           0.082           0.082     -0.51775312     -0.13055094     -0.12658081     -0.35097978
            0.1           0.082           0.086     -0.46071114     -0.11353654     -0.11130984     -0.34744857
            0.1           0.082            0.09     -0.32321808    -0.080424668    -0.077509933     -0.34463615
            0.1           0.082           0.094     -0.13328064    -0.038868967    -0.033745286      -0.3434866
            0.1           0.082           0.098    -0.019949224     -0.01145391   -0.0055713335     -0.34374231
            0.1           0.086          -0.098     0.031769108    0.0076579176    0.0054662616     -0.33704341
            0.1           0.086          -0.094     0.064496863     0.023362784     0.021774983     -0.33694241
            0.1           0.086           -0.09      0.04339416     0.018075557     0.038326668     -0.33708565
            0.1           0.086          -0.086    -0.014537785   -0.0056818007      0.05013427      -0.3373704
            0.1           0.086          -0.082    -0.096978818    -0.038433257     0.063430069     -0.33754284
            0.1           0.086          -0.078     -0.18093461    -0.069757605     0.082500676     -0.33787348
            0.1           0.086          -0.074     -0.24240699    -0.094278396      0.10288425     -0.33874213
            0.1           0.086           -0.07     -0.27144058     -0.11069573      0.11968579     -0.34000848
            0.1           0.086          -0.066     -0.27375842     -0.12006079      0.13258469     -0.34136643
            0.1           0.086          -0.062     -0.25833717      -0.1241398      0.14335301     -0.34270157
            0.1           0.086          -0.058     -0.23077691     -0.12392105      0.15320693     -0.34400443
            0.1           0.086          -0.054     -0.19409377     -0.11980407      0.16262034     -0.34533532
            0.1           0.086           -0.05     -0.15019846     -0.11198697       0.1714428     -0.34676784
            0.1           0.086          -0.046     -0.10084206     -0.10077286      0.17899062     -0.34832729
            0.1           0.086          -0.042    -0.047891771    -0.086774232      0.18426125     -0.34998795
            0.1           0.086          -0.038    0.0063677651    -0.071288453      0.18623419     -0.35172486
            0.1           0.086          -0.034     0.058240247    -0.056462882      0.18367526     -0.35353007
            0.1           0.086           -0.03      0.10268632    -0.044806868      0.17457098     -0.35539791
            0.1           0.086          -0.026      0.13665853      -0.0380497       0.1579367     -0.35729063
            0.1           0.086          -0.022       0.1627116    -0.036152728      0.13684227      -0.3591846
            0.1           0.086          -0.018      0.18539048      -0.0387616      0.11658517     -0.36112814
            0.1           0.086          -0.014      0.20311467    -0.046539482     0.099629215     -0.36319616
            0.1           0.086           -0.01      0.20929394    -0.056417513     0.085593357     -0.36556178
            0.1           0.086          -0.006      0.20174891    -0.058495935     0.074698041     -0.36852506
            0.1           0.086          -0.002      0.18653464    -0.042805197     0.068187665     -0.37181585
            0.1           0.086           0.002      0.17141391   -0.0082629786     0.065898827       -0.374279
            0.1           0.086           0.006      0.16073918     0.034914797     0.066008325     -0.37485317
            0.1           0.086            0.01      0.15654866     0.069807069     0.065915792        -0.37377
            0.1           0.086           0.014      0.15669674     0.082038926     0.062470234      -0.3723031
            0.1           0.086           0.018      0.15685943     0.067938971     0.053225369     -0.37134397
            0.1           0.086           0.022       0.1582038     0.032341328     0.036698983     -0.37080369
            0.1           0.086           0.026      0.16822045    -0.014133856     0.011082094     -0.37006217
            0.1           0.086            0.03      0.18592084    -0.051856138    -0.026949281     -0.36866467
            0.1           0.086           0.034      0.17917433    -0.072724029    -0.075138831     -0.36696909
            0.1           0.086           0.038      0.10684981    -0.096392011     -0.12066618     -0.36575309
            0.1           0.086           0.042    -0.016464478     -0.12733713     -0.14901677     -0.36527197
            0.1           0.086           0.046     -0.13695594     -0.14518034     -0.15619685     -0.36507339
            0.1           0.086            0.05     -0.23061977     -0.14787665     -0.15121035     -0.36453994
            0.1           0.086           0.054     -0.30219132     -0.14690497     -0.14422111     -0.36348594
            0.1           0.086           0.058     -0.35854961     -0.14614377     -0.13879295     -0.36203185
            0.1           0.086           0.062     -0.40388859     -0.14515359     -0.13522213     -0.36029752
            0.1           0.086           0.066     -0.44077152     -0.14332997     -0.13312636      -0.3583492
            0.1           0.086            0.07     -0.46999135     -0.14012164     -0.13179711     -0.35620664
            0.1           0.086           0.074     -0.48962177     -0.13498969     -0.13016322     -0.35386573
            0.1           0.086           0.078     -0.49274034     -0.12668435     -0.12610713     -0.35127648
            0.1           0.086           0.082     -0.46293108     -0.11228816     -0.11557268     -0.34849142
            0.1           0.086           0.086     -0.37949671     -0.08787697    -0.093683582      -0.3459646
            0.1           0.086            0.09     -0.23634882    -0.052743632    -0.059214268     -0.34424659
            0.1           0.086           0.094     -0.07425076    -0.017175113    -0.022152389     -0.34375145
            0.1           0.086           0.098  -0.00024791521   -0.0029516478   -0.0021218174     -0.34404465
            0.1            0.09          -0.098     0.040927715    0.0022822862    0.0050563429     -0.33716343
            0.1            0.09          -0.094     0.091170428     0.010925996     0.020034325     -0.33704617
            0.1            0.09           -0.09     0.096609836      0.01425771     0.040191187     -0.33710133
            0.1            0.09          -0.086     0.077694359      0.01006681     0.056277739     -0.33731576
            0.1            0.09          -0.082     0.042709118   -0.0017368679     0.066134119     -0.33742249
            0.1            0.09          -0.078  -0.00082615035    -0.016985652     0.075239657     -0.33749319
            0.1            0.09          -0.074     -0.04144557     -0.03206392     0.087197448     -0.33787178
            0.1            0.09           -0.07    -0.068220079    -0.044915237      0.10097674     -0.33865387
            0.1            0.09          -0.066    -0.077435565    -0.053886536      0.11463286     -0.33970179
            0.1            0.09          -0.062    -0.071502113    -0.058456443      0.12763788     -0.34092966
            0.1            0.09          -0.058    -0.054000586     -0.05890616      0.14017919     -0.34234168
            0.1            0.09          -0.054    -0.027774549     -0.05571612      0.15222956     -0.34396129
            0.1            0.09           -0.05    0.0045880971    -0.049548065      0.16323026     -0.34580782
            0.1            0.09          -0.046     0.040210673    -0.041318009      0.17215859      -0.3478603
            0.1            0.09          -0.042     0.076316329    -0.032090262      0.17792656     -0.35001292
            0.1            0.09          -0.038      0.11050528    -0.023116077      0.17988907     -0.35212664
            0.1            0.09          -0.034      0.14012068    -0.015922656      0.17731032     -0.35412727
            0.1            0.09           -0.03       0.1614008    -0.012154551      0.16827145     -0.35600415
            0.1            0.09          -0.026      0.17275284    -0.012644187      0.15115531      -0.3577573
            0.1            0.09          -0.022       0.1800773    -0.016625636      0.12887586     -0.35941048
            0.1            0.09          -0.018      0.19302502    -0.023633293       0.1077864     -0.36108652
            0.1            0.09          -0.014       0.2097359    -0.035223888     0.089862113     -0.36297321
            0.1            0.09           -0.01      0.21765671    -0.050102183     0.071558877     -0.36513661
            0.1            0.09          -0.006      0.21154467    -0.058309749     0.051427652     -0.36780996
            0.1            0.09          -0.002      0.19724263    -0.048467621     0.034622323     -0.37102626
            0.1            0.09           0.002      0.18264373    -0.019121038     0.026486509     -0.37372606
            0.1            0.09           0.006       0.1713797     0.019618029     0.026769828     -0.37460414
            0.1            0.09            0.01      0.16428874     0.052258915     0.032455786     -0.37364883
            0.1            0.09           0.014      0.16107107     0.066171173     0.039068865     -0.37209912
            0.1            0.09           0.018      0.16048625     0.057190628      0.04194885     -0.37093291
            0.1            0.09           0.022      0.16329317     0.029130277     0.037843323     -0.37009469
            0.1            0.09           0.026      0.17262909   -0.0079979145     0.023743794     -0.36902003
            0.1            0.09            0.03      0.18943398    -0.036241919   -0.0032362081     -0.36734852
            0.1            0.09           0.034      0.20163872    -0.040510612    -0.040753732     -0.36530328
            0.1            0.09           0.038      0.17586341    -0.038004606    -0.082992756     -0.36346592
            0.1            0.09           0.042     0.092782399     -0.05783906     -0.12250508     -0.36235309
            0.1            0.09           0.046    -0.019469444    -0.090200516      -0.1480035     -0.36169027
            0.1            0.09            0.05     -0.12452738     -0.11074312      -0.1550743     -0.36073611
            0.1            0.09           0.054     -0.21037346      -0.1187043     -0.15118544     -0.35929757
            0.1            0.09           0.058     -0.27736713     -0.12178057     -0.14481044     -0.35756177
            0.1            0.09           0.062     -0.32805941     -0.12221793     -0.13891534     -0.35570102
            0.1            0.09           0.066     -0.36438582     -0.12027721     -0.13339198     -0.35381282
            0.1            0.09            0.07     -0.38671022     -0.11569479      -0.1276026     -0.35193828
            0.1            0.09           0.074     -0.39277565     -0.10767095     -0.12050758     -0.35008054
            0.1            0.09           0.078     -0.37637342    -0.094869646     -0.11003864     -0.34827006
            0.1            0.09           0.082     -0.32740248    -0.075897266    -0.093878408     -0.34655021
            0.1            0.09           0.086     -0.23815198    -0.050581202    -0.070390537     -0.34510784
            0.1            0.09            0.09     -0.11756593    -0.021537475    -0.040993053     -0.34429296
            0.1            0.09           0.094   -0.0070535364    0.0024086723    -0.013663045     -0.34414984
            0.1            0.09           0.098     0.019784994    0.0049501155  -0.00046951095     -0.34431309
            0.1           0.094          -0.098     0.039246617  -0.00011060426    0.0036337994     -0.33733553
            0.1           0.094          -0.094      0.10223104    0.0012832449     0.014195006     -0.33723923
            0.1           0.094           -0.09      0.12588578    0.0024350129     0.029779419     -0.33723029
            0.1           0.094          -0.086      0.12441562    0.0037306794     0.046001687      -0.3373644
            0.1           0.094          -0.082      0.11272985     0.003070304     0.059729949     -0.33752058
            0.1           0.094          -0.078     0.097292015   0.00037219162     0.070837417     -0.33772158
            0.1           0.094          -0.074     0.082142652   -0.0036806582     0.081436563     -0.33814429
            0.1           0.094           -0.07     0.070893845   -0.0082557027     0.093172741     -0.33889549
            0.1           0.094          -0.066     0.066155728    -0.012252595      0.10567359     -0.33991962
            0.1           0.094          -0.062     0.068365461    -0.014678487      0.11824008     -0.34117131
            0.1           0.094          -0.058     0.076578802    -0.015190083      0.13069191     -0.34267491
            0.1           0.094          -0.054     0.089596889    -0.013927995      0.14278438     -0.34444944
            0.1           0.094           -0.05      0.10598427    -0.011330783      0.15392455     -0.34647343
            0.1           0.094          -0.046      0.12379073   -0.0080493872      0.16312822     -0.34868789
            0.1           0.094          -0.042      0.14094713   -0.0048264126      0.16935271     -0.35097151
            0.1           0.094          -0.038      0.15588104   -0.0022537342      0.17204161     -0.35316217
            0.1           0.094          -0.034      0.16733349  -0.00076949926      0.17081431     -0.35514592
            0.1           0.094           -0.03      0.17357629  -0.00080839746       0.1642922     -0.35689156
            0.1           0.094          -0.026      0.17353043   -0.0025186052      0.15058795     -0.35843057
            0.1           0.094          -0.022      0.17074177   -0.0055656626      0.13058948     -0.35983486
            0.1           0.094          -0.018      0.17359897    -0.010345453      0.10910796     -0.36124688
            0.1           0.094          -0.014      0.18507022    -0.019214884      0.08924974     -0.36279773
            0.1           0.094           -0.01      0.19827176    -0.032337914     0.068356909     -0.36452683
            0.1           0.094          -0.006      0.20430476    -0.042673597     0.042678742     -0.36667926
            0.1           0.094          -0.002      0.20031901    -0.040472197     0.015756965     -0.36941225
            0.1           0.094           0.002       0.1913057    -0.022258425   -0.0020571981     -0.37190555
            0.1           0.094           0.006      0.18214701    0.0053256963   -0.0050563609     -0.37286803
            0.1           0.094            0.01      0.17440201      0.03024556    0.0039262561     -0.37211175
            0.1           0.094           0.014      0.16951134     0.042522276      0.01860102     -0.37074766
            0.1           0.094           0.018       0.1682413     0.038008168     0.031610401     -0.36972672
            0.1           0.094           0.022      0.17074619     0.019126588     0.035898221     -0.36896583
            0.1           0.094           0.026      0.17713622   -0.0058927413     0.026894249     -0.36788702
            0.1           0.094            0.03      0.18547154    -0.024381243    0.0031753891     -0.36637972
            0.1           0.094           0.034      0.19382088    -0.023158467    -0.029048743     -0.36473586
            0.1           0.094           0.038      0.19220149    -0.007152878    -0.059164356     -0.36299979
            0.1           0.094           0.042      0.16008465   -0.0028547222    -0.086156805     -0.36137099
            0.1           0.094           0.046     0.094781292    -0.021312457     -0.11070428     -0.36003976
            0.1           0.094            0.05     0.015842298    -0.044908139     -0.12616791     -0.35855568
            0.1           0.094           0.054    -0.059394425    -0.059534255     -0.12972644     -0.35665662
            0.1           0.094           0.058     -0.12258304    -0.066616805     -0.12575289      -0.3546019
            0.1           0.094           0.062     -0.16984423    -0.069193751     -0.11909027     -0.35259887
            0.1           0.094           0.066     -0.19981361    -0.068153097     -0.11149198     -0.35077551
            0.1           0.094            0.07     -0.21271623    -0.063968134     -0.10336698     -0.34920065
            0.1           0.094           0.074     -0.20845611    -0.056719454    -0.094452277     -0.34785447
            0.1           0.094           0.078     -0.18522233     -0.04576919    -0.082969028      -0.3466981
            0.1           0.094           0.082     -0.14096431    -0.030926716    -0.067305062     -0.34571245
            0.1           0.094           0.086    -0.077658875    -0.013894591     -0.04783038     -0.34497496
            0.1           0.094            0.09   -0.0072799267    0.0021944433    -0.027122458     -0.34458399
            0.1           0.094           0.094      0.04296827     0.012212005   -0.0098402805     -0.34446714
            0.1           0.094           0.098      0.03346631    0.0089696241   -0.0008768628     -0.34448541
            0.1           0.098          -0.098   5.4750742e-13   7.6239765e-15   2.8072021e-14     -0.33743859
            0.1           0.098          -0.094     0.039246617  -0.00011060426    0.0036337994     -0.33738217
            0.1           0.098           -0.09     0.061303324  -0.00099904137    0.0091386635     -0.33736804
            0.1           0.098          -0.086     0.066484463  -0.00083306592     0.015211356     -0.33744266
            0.1           0.098          -0.082     0.065198128  -0.00040045962     0.021587314     -0.33759325
            0.1           0.098          -0.078     0.061536404  -0.00016955541      0.02805309     -0.33787922
            0.1           0.098          -0.074     0.057808742  -0.00023663035     0.034727217       -0.338397
            0.1           0.098           -0.07     0.055398038  -0.00068585377     0.041465142     -0.33921264
            0.1           0.098          -0.066     0.054560629   -0.0013324087     0.048011249     -0.34031843
            0.1           0.098          -0.062      0.05524201   -0.0018376151     0.054330258     -0.34168762
            0.1           0.098          -0.058     0.057370501   -0.0019655917     0.060485576     -0.34331746
            0.1           0.098          -0.054     0.060757205   -0.0016831767      0.06645026      -0.3451955
            0.1           0.098           -0.05     0.065084221   -0.0011101375     0.072039041     -0.34727502
            0.1           0.098          -0.046     0.069853119  -0.00044616017     0.076903199     -0.34947908
            0.1           0.098          -0.042     0.074451729   7.8729315e-05     0.080607035     -0.35170011
            0.1           0.098          -0.038     0.078467923   0.00036868811     0.082801362     -0.35381198
            0.1           0.098          -0.034     0.081613076   0.00046459504     0.083362435     -0.35571692
            0.1           0.098           -0.03     0.083361164    0.0003618162      0.08187373     -0.35739511
            0.1           0.098          -0.026     0.082864366  -6.2282229e-05     0.077320747     -0.35886999
            0.1           0.098          -0.022     0.080396992  -0.00076690818     0.069302109     -0.36019561
            0.1           0.098          -0.018     0.078786834   -0.0017005927     0.059382526     -0.36149435
            0.1           0.098          -0.014     0.081189824   -0.0037507629     0.049595515     -0.36279921
            0.1           0.098           -0.01     0.085850605   -0.0084454466     0.039684795     -0.36412084
            0.1           0.098          -0.006     0.090799639    -0.014378842     0.027866675     -0.36582286
            0.1           0.098          -0.002     0.095387641    -0.016837104     0.013177702     -0.36815394
            0.1           0.098           0.002     0.096697841    -0.012975752   -0.0010595735     -0.37035809
            0.1           0.098           0.006     0.094626449   -0.0037256373   -0.0089853462     -0.37120381
            0.1           0.098            0.01     0.091293279     0.006980314   -0.0082339325     -0.37049608
            0.1           0.098           0.014     0.088070006     0.014206758   -0.0009326522     -0.36927888
            0.1           0.098           0.018     0.086188242     0.015180676    0.0087735926     -0.36845639
            0.1           0.098           0.022     0.086473611    0.0096350419     0.016388744     -0.36790539
            0.1           0.098           0.026     0.088862531  -0.00025978441     0.017550282     -0.36699004
            0.1           0.098            0.03     0.092239899   -0.0092292285    0.0096531242     -0.36567221
            0.1           0.098           0.034     0.093753964    -0.011143335   -0.0066036111     -0.36438769
            0.1           0.098           0.038     0.093286683   -0.0034119665    -0.023463596     -0.36305979
            0.1           0.098           0.042     0.089035368     0.005684475    -0.034674189     -0.36148918
            0.1           0.098           0.046     0.074877856    0.0054795276    -0.042807573     -0.35985764
            0.1           0.098            0.05     0.050402898   -0.0027248582    -0.049640661     -0.35805583
            0.1           0.098           0.054     0.020967752    -0.010859297    -0.053538013     -0.35590583
            0.1           0.098           0.058   -0.0072809861    -0.015362274    -0.053609241     -0.35366241
            0.1           0.098           0.062    -0.030410796    -0.017567607    -0.051211778     -0.35159763
            0.1           0.098           0.066    -0.046354516    -0.018029515    -0.047696153     -0.34986236
            0.1           0.098            0.07    -0.053725074    -0.016799097    -0.043376143     -0.34849921
            0.1           0.098           0.074    -0.052516167    -0.014167146    -0.038979165     -0.34745003
            0.1           0.098           0.078    -0.043345509    -0.010298405    -0.034579157     -0.34661657
            0.1           0.098           0.082    -0.026480443   -0.0051050726    -0.029007774     -0.34589857
            0.1           0.098           0.086   -0.0040156487   0.00066338545    -0.021888536     -0.34526432
            0.1           0.098            0.09     0.018191945     0.005244258    -0.014207702     -0.34478981
            0.1           0.098           0.094     0.033418464    0.0076514297   -0.0069224381      -0.3445618
            0.1           0.098           0.098     0.032039346     0.006728465   -0.0016196024      -0.3445232
