/*---------------------------------------------------------------------------*\
  =========                 |
  \\      /  F ield         | OpenFOAM: The Open Source CFD Toolbox
   \\    /   O peration     | Website:  https://openfoam.org
    \\  /    A nd           | Version:  13
     \\/     M anipulation  |
\*---------------------------------------------------------------------------*/
Build  : 13-18870c24d21c
Exec   : foamRun -solver incompressibleFluid
Date   : Aug 08 2026
Time   : 22:11:49
Host   : "<compute-host>"
PID    : 341
I/O    : uncollated
Case   : <run-root>/design_B_angled_guide
nProcs : 1
sigFpe : Enabling floating point exception trapping (FOAM_SIGFPE).
fileModificationChecking : Monitoring run-time modified files using timeStampMaster (fileModificationSkew 10)
allowSystemOperations : Allowing user-supplied system call operations

// * * * * * * * * * * * * * * * * * * * * * * * * * * * * * * * * * * * * * //
Create time

Create mesh for time = 0

Selecting solver incompressibleFluid
Selecting viscosity model constant
Selecting turbulence model type RAS
    Selecting RAS turbulence model kOmegaSST
No MRF models present

Selecting patchDistMethod meshWave

SIMPLE: Convergence criteria found
        p: tolerance 0.0001
        U: tolerance 1e-05
        k: tolerance 1e-05
        omega: tolerance 1e-05


SIMPLE: Operating solver in steady-state mode with 1 outer corrector
SIMPLE: Operating solver in SIMPLE mode



Starting time loop

Time = 1s

smoothSolver:  Solving for Ux, Initial residual = 1, Final residual = 0.025912998, No Iterations 2
smoothSolver:  Solving for Uy, Initial residual = 1, Final residual = 0.032991805, No Iterations 3
smoothSolver:  Solving for Uz, Initial residual = 1, Final residual = 0.032891668, No Iterations 3
GAMG:  Solving for p, Initial residual = 1, Final residual = 0.0057500684, No Iterations 7
GAMG:  Solving for p, Initial residual = 0.039072585, Final residual = 0.0001759918, No Iterations 3
time step continuity errors : sum local = 0.0064815147, global = 0.0005021781, cumulative = 0.0005021781
smoothSolver:  Solving for omega, Initial residual = 0.017189807, Final residual = 8.4247485e-05, No Iterations 2
smoothSolver:  Solving for k, Initial residual = 1, Final residual = 0.011546383, No Iterations 2
ExecutionTime = 3.299908 s  ClockTime = 3 s

Time = 2s

smoothSolver:  Solving for Ux, Initial residual = 0.2720723, Final residual = 0.004474186, No Iterations 3
smoothSolver:  Solving for Uy, Initial residual = 0.37039445, Final residual = 0.0052526719, No Iterations 3
smoothSolver:  Solving for Uz, Initial residual = 0.36910176, Final residual = 0.0052548812, No Iterations 3
GAMG:  Solving for p, Initial residual = 0.112051, Final residual = 0.0010539326, No Iterations 6
GAMG:  Solving for p, Initial residual = 0.081863766, Final residual = 0.00070363061, No Iterations 3
time step continuity errors : sum local = 0.013565585, global = -0.0026038162, cumulative = -0.0021016381
smoothSolver:  Solving for omega, Initial residual = 0.0067350232, Final residual = 4.0837123e-05, No Iterations 2
smoothSolver:  Solving for k, Initial residual = 0.16140172, Final residual = 0.0013268781, No Iterations 2
ExecutionTime = 4.82915 s  ClockTime = 5 s

Time = 3s

smoothSolver:  Solving for Ux, Initial residual = 0.064737598, Final residual = 0.0010780988, No Iterations 3
smoothSolver:  Solving for Uy, Initial residual = 0.17953376, Final residual = 0.0081024501, No Iterations 2
smoothSolver:  Solving for Uz, Initial residual = 0.17967001, Final residual = 0.0081038867, No Iterations 2
GAMG:  Solving for p, Initial residual = 0.17124565, Final residual = 0.0012616136, No Iterations 4
GAMG:  Solving for p, Initial residual = 0.027930997, Final residual = 0.00021019211, No Iterations 3
time step continuity errors : sum local = 0.0031077211, global = -0.00028785008, cumulative = -0.0023894882
smoothSolver:  Solving for omega, Initial residual = 0.0049149078, Final residual = 3.3476791e-05, No Iterations 2
smoothSolver:  Solving for k, Initial residual = 0.16514534, Final residual = 0.001449488, No Iterations 2
ExecutionTime = 6.026367 s  ClockTime = 6 s

Time = 4s

smoothSolver:  Solving for Ux, Initial residual = 0.042909749, Final residual = 0.00059085761, No Iterations 3
smoothSolver:  Solving for Uy, Initial residual = 0.14042729, Final residual = 0.0020589963, No Iterations 3
smoothSolver:  Solving for Uz, Initial residual = 0.14044594, Final residual = 0.0020613529, No Iterations 3
GAMG:  Solving for p, Initial residual = 0.13356029, Final residual = 0.00068564675, No Iterations 4
GAMG:  Solving for p, Initial residual = 0.016508916, Final residual = 0.00013159342, No Iterations 3
time step continuity errors : sum local = 0.0016057419, global = -7.4071735e-05, cumulative = -0.0024635599
smoothSolver:  Solving for omega, Initial residual = 0.0042264974, Final residual = 3.2396945e-05, No Iterations 2
smoothSolver:  Solving for k, Initial residual = 0.14192634, Final residual = 0.0012607108, No Iterations 2
ExecutionTime = 7.357348 s  ClockTime = 8 s

Time = 5s

smoothSolver:  Solving for Ux, Initial residual = 0.038187673, Final residual = 0.00049725548, No Iterations 3
smoothSolver:  Solving for Uy, Initial residual = 0.12162142, Final residual = 0.0018614311, No Iterations 3
smoothSolver:  Solving for Uz, Initial residual = 0.12164999, Final residual = 0.0018659695, No Iterations 3
GAMG:  Solving for p, Initial residual = 0.11085556, Final residual = 0.00054381577, No Iterations 4
GAMG:  Solving for p, Initial residual = 0.011193896, Final residual = 6.2690318e-05, No Iterations 3
time step continuity errors : sum local = 0.00075359037, global = 8.4959657e-05, cumulative = -0.0023786003
smoothSolver:  Solving for omega, Initial residual = 0.0037788149, Final residual = 2.8333449e-05, No Iterations 2
smoothSolver:  Solving for k, Initial residual = 0.11888745, Final residual = 0.0010180177, No Iterations 2
ExecutionTime = 8.683819 s  ClockTime = 9 s

Time = 6s

smoothSolver:  Solving for Ux, Initial residual = 0.035455216, Final residual = 0.0017225182, No Iterations 2
smoothSolver:  Solving for Uy, Initial residual = 0.10920673, Final residual = 0.0016184221, No Iterations 3
smoothSolver:  Solving for Uz, Initial residual = 0.10914958, Final residual = 0.0016206243, No Iterations 3
GAMG:  Solving for p, Initial residual = 0.10193842, Final residual = 0.00042919351, No Iterations 4
GAMG:  Solving for p, Initial residual = 0.0088519157, Final residual = 5.0207908e-05, No Iterations 3
time step continuity errors : sum local = 0.00061084952, global = 0.0001418682, cumulative = -0.0022367321
smoothSolver:  Solving for omega, Initial residual = 0.0034460492, Final residual = 2.6567834e-05, No Iterations 2
smoothSolver:  Solving for k, Initial residual = 0.10059831, Final residual = 0.00085259454, No Iterations 2
ExecutionTime = 10.121363 s  ClockTime = 10 s

Time = 7s

smoothSolver:  Solving for Ux, Initial residual = 0.033667525, Final residual = 0.0015581695, No Iterations 2
smoothSolver:  Solving for Uy, Initial residual = 0.1004946, Final residual = 0.0013871581, No Iterations 3
smoothSolver:  Solving for Uz, Initial residual = 0.10031909, Final residual = 0.001386768, No Iterations 3
GAMG:  Solving for p, Initial residual = 0.10553055, Final residual = 0.00034685052, No Iterations 4
GAMG:  Solving for p, Initial residual = 0.007263723, Final residual = 5.3880351e-05, No Iterations 3
time step continuity errors : sum local = 0.00070209297, global = 0.00022307004, cumulative = -0.0020136621
smoothSolver:  Solving for omega, Initial residual = 0.0032142511, Final residual = 2.4834154e-05, No Iterations 2
smoothSolver:  Solving for k, Initial residual = 0.086970175, Final residual = 0.00071105001, No Iterations 2
ExecutionTime = 11.341467 s  ClockTime = 12 s

Time = 8s

smoothSolver:  Solving for Ux, Initial residual = 0.032116401, Final residual = 0.0014239374, No Iterations 2
smoothSolver:  Solving for Uy, Initial residual = 0.094154312, Final residual = 0.0046982738, No Iterations 2
smoothSolver:  Solving for Uz, Initial residual = 0.093933698, Final residual = 0.001228271, No Iterations 3
GAMG:  Solving for p, Initial residual = 0.10488173, Final residual = 0.00035342521, No Iterations 4
GAMG:  Solving for p, Initial residual = 0.0063890714, Final residual = 4.4897502e-05, No Iterations 3
time step continuity errors : sum local = 0.00063339837, global = 4.2030654e-05, cumulative = -0.0019716314
smoothSolver:  Solving for omega, Initial residual = 0.0029746334, Final residual = 2.1316585e-05, No Iterations 2
smoothSolver:  Solving for k, Initial residual = 0.077340729, Final residual = 0.00059131654, No Iterations 2
ExecutionTime = 12.812308 s  ClockTime = 13 s

Time = 9s

smoothSolver:  Solving for Ux, Initial residual = 0.030669633, Final residual = 0.0013123294, No Iterations 2
smoothSolver:  Solving for Uy, Initial residual = 0.089445979, Final residual = 0.0043621997, No Iterations 2
smoothSolver:  Solving for Uz, Initial residual = 0.088468642, Final residual = 0.0043102768, No Iterations 2
GAMG:  Solving for p, Initial residual = 0.095197944, Final residual = 0.00092080146, No Iterations 3
GAMG:  Solving for p, Initial residual = 0.0056785316, Final residual = 2.9267786e-05, No Iterations 4
time step continuity errors : sum local = 0.00042718599, global = -2.1238921e-05, cumulative = -0.0019928703
smoothSolver:  Solving for omega, Initial residual = 0.0027820786, Final residual = 1.9124104e-05, No Iterations 2
smoothSolver:  Solving for k, Initial residual = 0.070489017, Final residual = 0.00051464902, No Iterations 2
ExecutionTime = 14.074642 s  ClockTime = 14 s

Time = 10s

smoothSolver:  Solving for Ux, Initial residual = 0.029433116, Final residual = 0.001227164, No Iterations 2
smoothSolver:  Solving for Uy, Initial residual = 0.08507926, Final residual = 0.0040364086, No Iterations 2
smoothSolver:  Solving for Uz, Initial residual = 0.084652372, Final residual = 0.0040187962, No Iterations 2
GAMG:  Solving for p, Initial residual = 0.084694428, Final residual = 0.00074395334, No Iterations 3
GAMG:  Solving for p, Initial residual = 0.0045130146, Final residual = 2.7020077e-05, No Iterations 4
time step continuity errors : sum local = 0.00041313054, global = -8.324672e-05, cumulative = -0.002076117
smoothSolver:  Solving for omega, Initial residual = 0.0025997322, Final residual = 1.7193888e-05, No Iterations 2
smoothSolver:  Solving for k, Initial residual = 0.065588058, Final residual = 0.0004515084, No Iterations 2
ExecutionTime = 15.527346 s  ClockTime = 16 s

Time = 11s

smoothSolver:  Solving for Ux, Initial residual = 0.028165604, Final residual = 0.0011555851, No Iterations 2
smoothSolver:  Solving for Uy, Initial residual = 0.080947878, Final residual = 0.0037601667, No Iterations 2
smoothSolver:  Solving for Uz, Initial residual = 0.080646641, Final residual = 0.0037493403, No Iterations 2
GAMG:  Solving for p, Initial residual = 0.076462992, Final residual = 0.00063013565, No Iterations 3
GAMG:  Solving for p, Initial residual = 0.0036182627, Final residual = 2.0924804e-05, No Iterations 4
time step continuity errors : sum local = 0.00033622106, global = -7.449974e-05, cumulative = -0.0021506168
smoothSolver:  Solving for omega, Initial residual = 0.0024206056, Final residual = 1.582213e-05, No Iterations 2
smoothSolver:  Solving for k, Initial residual = 0.061742297, Final residual = 0.0004079169, No Iterations 2
ExecutionTime = 17.377676 s  ClockTime = 18 s

Time = 12s

smoothSolver:  Solving for Ux, Initial residual = 0.026884826, Final residual = 0.0010990294, No Iterations 2
smoothSolver:  Solving for Uy, Initial residual = 0.077210762, Final residual = 0.0035415053, No Iterations 2
smoothSolver:  Solving for Uz, Initial residual = 0.07696136, Final residual = 0.0035330292, No Iterations 2
GAMG:  Solving for p, Initial residual = 0.069552647, Final residual = 0.00054203497, No Iterations 3
GAMG:  Solving for p, Initial residual = 0.0030113134, Final residual = 2.8478401e-05, No Iterations 3
time step continuity errors : sum local = 0.00047780339, global = 9.7012912e-05, cumulative = -0.0020536039
smoothSolver:  Solving for omega, Initial residual = 0.0022528178, Final residual = 1.5015572e-05, No Iterations 2
smoothSolver:  Solving for k, Initial residual = 0.058547314, Final residual = 0.00036362832, No Iterations 2
ExecutionTime = 19.125194 s  ClockTime = 19 s

Time = 13s

smoothSolver:  Solving for Ux, Initial residual = 0.025702891, Final residual = 0.0010553231, No Iterations 2
smoothSolver:  Solving for Uy, Initial residual = 0.073860013, Final residual = 0.0033635049, No Iterations 2
smoothSolver:  Solving for Uz, Initial residual = 0.073665388, Final residual = 0.0033580293, No Iterations 2
GAMG:  Solving for p, Initial residual = 0.063532726, Final residual = 0.00047979921, No Iterations 3
GAMG:  Solving for p, Initial residual = 0.0025806557, Final residual = 2.1068396e-05, No Iterations 3
time step continuity errors : sum local = 0.00036686207, global = 5.0430749e-05, cumulative = -0.0020031731
smoothSolver:  Solving for omega, Initial residual = 0.00212385, Final residual = 1.3958238e-05, No Iterations 2
smoothSolver:  Solving for k, Initial residual = 0.055741028, Final residual = 0.00033151366, No Iterations 2
ExecutionTime = 20.550866 s  ClockTime = 21 s

Time = 14s

smoothSolver:  Solving for Ux, Initial residual = 0.024627609, Final residual = 0.0010142118, No Iterations 2
smoothSolver:  Solving for Uy, Initial residual = 0.070774197, Final residual = 0.0032101358, No Iterations 2
smoothSolver:  Solving for Uz, Initial residual = 0.070589981, Final residual = 0.0032072695, No Iterations 2
GAMG:  Solving for p, Initial residual = 0.057909699, Final residual = 0.00043601234, No Iterations 3
GAMG:  Solving for p, Initial residual = 0.0022378013, Final residual = 1.8937556e-05, No Iterations 3
time step continuity errors : sum local = 0.00034061617, global = 5.2037143e-06, cumulative = -0.0019979694
smoothSolver:  Solving for omega, Initial residual = 0.0020029115, Final residual = 1.3351922e-05, No Iterations 2
smoothSolver:  Solving for k, Initial residual = 0.05308066, Final residual = 0.00029944133, No Iterations 2
ExecutionTime = 22.080321 s  ClockTime = 22 s

Time = 15s

smoothSolver:  Solving for Ux, Initial residual = 0.023561182, Final residual = 0.00097277828, No Iterations 2
smoothSolver:  Solving for Uy, Initial residual = 0.06810608, Final residual = 0.0030780409, No Iterations 2
smoothSolver:  Solving for Uz, Initial residual = 0.067950501, Final residual = 0.0030769471, No Iterations 2
GAMG:  Solving for p, Initial residual = 0.053173543, Final residual = 0.00041029859, No Iterations 3
GAMG:  Solving for p, Initial residual = 0.0018831153, Final residual = 1.8687492e-05, No Iterations 3
time step continuity errors : sum local = 0.0003460829, global = 9.2891149e-06, cumulative = -0.0019886803
smoothSolver:  Solving for omega, Initial residual = 0.0019195069, Final residual = 1.2600957e-05, No Iterations 2
smoothSolver:  Solving for k, Initial residual = 0.050707475, Final residual = 0.00027783051, No Iterations 2
ExecutionTime = 23.771758 s  ClockTime = 24 s

Time = 16s

smoothSolver:  Solving for Ux, Initial residual = 0.022559219, Final residual = 0.00093342821, No Iterations 2
smoothSolver:  Solving for Uy, Initial residual = 0.065708984, Final residual = 0.0029629297, No Iterations 2
smoothSolver:  Solving for Uz, Initial residual = 0.065561571, Final residual = 0.0029616344, No Iterations 2
GAMG:  Solving for p, Initial residual = 0.049250465, Final residual = 0.00039748864, No Iterations 3
GAMG:  Solving for p, Initial residual = 0.0016027445, Final residual = 8.1013812e-06, No Iterations 4
time step continuity errors : sum local = 0.0001541455, global = 2.9248135e-05, cumulative = -0.0019594322
smoothSolver:  Solving for omega, Initial residual = 0.0018082361, Final residual = 1.1939818e-05, No Iterations 2
smoothSolver:  Solving for k, Initial residual = 0.048862248, Final residual = 0.00025861253, No Iterations 2
ExecutionTime = 25.316561 s  ClockTime = 26 s

Time = 17s

smoothSolver:  Solving for Ux, Initial residual = 0.021672808, Final residual = 0.00089774542, No Iterations 2
smoothSolver:  Solving for Uy, Initial residual = 0.063346946, Final residual = 0.0028574474, No Iterations 2
smoothSolver:  Solving for Uz, Initial residual = 0.063197674, Final residual = 0.002856803, No Iterations 2
GAMG:  Solving for p, Initial residual = 0.045920108, Final residual = 0.00038268273, No Iterations 3
GAMG:  Solving for p, Initial residual = 0.0014080363, Final residual = 8.8287761e-06, No Iterations 4
time step continuity errors : sum local = 0.00017251161, global = 4.5040163e-05, cumulative = -0.001914392
smoothSolver:  Solving for omega, Initial residual = 0.0017297209, Final residual = 1.1385104e-05, No Iterations 2
smoothSolver:  Solving for k, Initial residual = 0.04713057, Final residual = 0.00024111703, No Iterations 2
ExecutionTime = 26.660517 s  ClockTime = 27 s

Time = 18s

smoothSolver:  Solving for Ux, Initial residual = 0.020905384, Final residual = 0.00086730867, No Iterations 2
smoothSolver:  Solving for Uy, Initial residual = 0.061054869, Final residual = 0.0027593082, No Iterations 2
smoothSolver:  Solving for Uz, Initial residual = 0.060905857, Final residual = 0.0027593797, No Iterations 2
GAMG:  Solving for p, Initial residual = 0.043016859, Final residual = 0.00037172251, No Iterations 3
GAMG:  Solving for p, Initial residual = 0.001267465, Final residual = 1.0275216e-05, No Iterations 4
time step continuity errors : sum local = 0.00020627001, global = 7.475727e-05, cumulative = -0.0018396347
smoothSolver:  Solving for omega, Initial residual = 0.0016435279, Final residual = 1.0636075e-05, No Iterations 2
smoothSolver:  Solving for k, Initial residual = 0.045502258, Final residual = 0.00022482608, No Iterations 2
ExecutionTime = 27.951919 s  ClockTime = 28 s

Time = 19s

smoothSolver:  Solving for Ux, Initial residual = 0.020241932, Final residual = 0.00083916721, No Iterations 2
smoothSolver:  Solving for Uy, Initial residual = 0.058880138, Final residual = 0.0026664538, No Iterations 2
smoothSolver:  Solving for Uz, Initial residual = 0.058727074, Final residual = 0.0026656992, No Iterations 2
GAMG:  Solving for p, Initial residual = 0.040615147, Final residual = 0.00036108302, No Iterations 3
GAMG:  Solving for p, Initial residual = 0.0011702694, Final residual = 1.0445524e-05, No Iterations 4
time step continuity errors : sum local = 0.00021537691, global = 8.6847236e-05, cumulative = -0.0017527875
smoothSolver:  Solving for omega, Initial residual = 0.0015738489, Final residual = 1.0104876e-05, No Iterations 2
smoothSolver:  Solving for k, Initial residual = 0.043978037, Final residual = 0.00021070896, No Iterations 2
ExecutionTime = 29.448333 s  ClockTime = 30 s

Time = 20s

smoothSolver:  Solving for Ux, Initial residual = 0.019643624, Final residual = 0.00081282375, No Iterations 2
smoothSolver:  Solving for Uy, Initial residual = 0.056868747, Final residual = 0.0025800485, No Iterations 2
smoothSolver:  Solving for Uz, Initial residual = 0.056706349, Final residual = 0.0025778508, No Iterations 2
GAMG:  Solving for p, Initial residual = 0.038637479, Final residual = 0.00034865653, No Iterations 3
GAMG:  Solving for p, Initial residual = 0.0010879276, Final residual = 9.8850788e-06, No Iterations 4
time step continuity errors : sum local = 0.00020918404, global = 7.9985323e-05, cumulative = -0.0016728022
smoothSolver:  Solving for omega, Initial residual = 0.0015044174, Final residual = 9.5804819e-06, No Iterations 2
smoothSolver:  Solving for k, Initial residual = 0.042619693, Final residual = 0.00019685396, No Iterations 2
ExecutionTime = 31.361025 s  ClockTime = 32 s

Time = 21s

smoothSolver:  Solving for Ux, Initial residual = 0.019088827, Final residual = 0.0007892294, No Iterations 2
smoothSolver:  Solving for Uy, Initial residual = 0.054970736, Final residual = 0.0024983814, No Iterations 2
smoothSolver:  Solving for Uz, Initial residual = 0.054808725, Final residual = 0.0024952034, No Iterations 2
GAMG:  Solving for p, Initial residual = 0.036765796, Final residual = 0.00033647387, No Iterations 3
GAMG:  Solving for p, Initial residual = 0.0010121729, Final residual = 9.0880932e-06, No Iterations 4
time step continuity errors : sum local = 0.00019706738, global = 6.8637594e-05, cumulative = -0.0016041646
smoothSolver:  Solving for omega, Initial residual = 0.0014484673, Final residual = 8.9869479e-06, No Iterations 2
smoothSolver:  Solving for k, Initial residual = 0.041312023, Final residual = 0.00018616283, No Iterations 2
ExecutionTime = 32.969499 s  ClockTime = 33 s

Time = 22s

smoothSolver:  Solving for Ux, Initial residual = 0.01857599, Final residual = 0.00076834472, No Iterations 2
smoothSolver:  Solving for Uy, Initial residual = 0.053173365, Final residual = 0.0024205147, No Iterations 2
smoothSolver:  Solving for Uz, Initial residual = 0.053006347, Final residual = 0.0024166492, No Iterations 2
GAMG:  Solving for p, Initial residual = 0.035109021, Final residual = 0.00032492027, No Iterations 3
GAMG:  Solving for p, Initial residual = 0.0009311417, Final residual = 8.2119522e-06, No Iterations 4
time step continuity errors : sum local = 0.00018213675, global = 5.7524314e-05, cumulative = -0.0015466403
smoothSolver:  Solving for omega, Initial residual = 0.0014013893, Final residual = 8.8281235e-06, No Iterations 2
smoothSolver:  Solving for k, Initial residual = 0.040131069, Final residual = 0.00017536156, No Iterations 2
ExecutionTime = 34.424053 s  ClockTime = 35 s

Time = 23s

smoothSolver:  Solving for Ux, Initial residual = 0.018106928, Final residual = 0.00074970584, No Iterations 2
smoothSolver:  Solving for Uy, Initial residual = 0.051505183, Final residual = 0.0023466431, No Iterations 2
smoothSolver:  Solving for Uz, Initial residual = 0.051337205, Final residual = 0.0023417367, No Iterations 2
GAMG:  Solving for p, Initial residual = 0.033559642, Final residual = 0.00031327524, No Iterations 3
GAMG:  Solving for p, Initial residual = 0.00085677908, Final residual = 7.1229537e-06, No Iterations 4
time step continuity errors : sum local = 0.00016135632, global = 4.1808698e-05, cumulative = -0.0015048316
smoothSolver:  Solving for omega, Initial residual = 0.0013595152, Final residual = 8.5360684e-06, No Iterations 2
smoothSolver:  Solving for k, Initial residual = 0.039079536, Final residual = 0.00016663483, No Iterations 2
ExecutionTime = 35.833926 s  ClockTime = 36 s

Time = 24s

smoothSolver:  Solving for Ux, Initial residual = 0.017674769, Final residual = 0.00073278679, No Iterations 2
smoothSolver:  Solving for Uy, Initial residual = 0.049984303, Final residual = 0.0022772187, No Iterations 2
smoothSolver:  Solving for Uz, Initial residual = 0.049814528, Final residual = 0.0022715021, No Iterations 2
GAMG:  Solving for p, Initial residual = 0.03221073, Final residual = 0.00029976635, No Iterations 3
GAMG:  Solving for p, Initial residual = 0.00078340458, Final residual = 5.9778777e-06, No Iterations 4
time step continuity errors : sum local = 0.00013819665, global = 2.5244765e-05, cumulative = -0.0014795868
smoothSolver:  Solving for omega, Initial residual = 0.0013086089, Final residual = 8.0306219e-06, No Iterations 2
smoothSolver:  Solving for k, Initial residual = 0.038090991, Final residual = 0.00015902928, No Iterations 2
ExecutionTime = 37.311981 s  ClockTime = 38 s

Time = 25s

smoothSolver:  Solving for Ux, Initial residual = 0.017263876, Final residual = 0.00071710364, No Iterations 2
smoothSolver:  Solving for Uy, Initial residual = 0.048594323, Final residual = 0.0022124319, No Iterations 2
smoothSolver:  Solving for Uz, Initial residual = 0.048430364, Final residual = 0.0022061802, No Iterations 2
GAMG:  Solving for p, Initial residual = 0.030837502, Final residual = 0.00028650915, No Iterations 3
GAMG:  Solving for p, Initial residual = 0.00071607021, Final residual = 5.3607973e-06, No Iterations 4
time step continuity errors : sum local = 0.0001263597, global = 1.8414315e-05, cumulative = -0.0014611725
smoothSolver:  Solving for omega, Initial residual = 0.0012688824, Final residual = 7.6782363e-06, No Iterations 2
smoothSolver:  Solving for k, Initial residual = 0.037243662, Final residual = 0.00015354665, No Iterations 2
ExecutionTime = 38.683103 s  ClockTime = 39 s

Time = 26s

smoothSolver:  Solving for Ux, Initial residual = 0.016872891, Final residual = 0.00070238821, No Iterations 2
smoothSolver:  Solving for Uy, Initial residual = 0.047335009, Final residual = 0.0021523529, No Iterations 2
smoothSolver:  Solving for Uz, Initial residual = 0.047182881, Final residual = 0.0021457234, No Iterations 2
GAMG:  Solving for p, Initial residual = 0.029600333, Final residual = 0.00027303347, No Iterations 3
GAMG:  Solving for p, Initial residual = 0.00065981022, Final residual = 5.1462968e-06, No Iterations 4
time step continuity errors : sum local = 0.00012365146, global = 2.0938802e-05, cumulative = -0.0014402337
smoothSolver:  Solving for omega, Initial residual = 0.0012337843, Final residual = 7.4178637e-06, No Iterations 2
smoothSolver:  Solving for k, Initial residual = 0.036467828, Final residual = 0.00014725471, No Iterations 2
ExecutionTime = 39.938459 s  ClockTime = 40 s

Time = 27s

smoothSolver:  Solving for Ux, Initial residual = 0.016505184, Final residual = 0.00068840317, No Iterations 2
smoothSolver:  Solving for Uy, Initial residual = 0.046202648, Final residual = 0.0020963976, No Iterations 2
smoothSolver:  Solving for Uz, Initial residual = 0.046063078, Final residual = 0.0020898746, No Iterations 2
GAMG:  Solving for p, Initial residual = 0.028375546, Final residual = 0.00026029884, No Iterations 3
GAMG:  Solving for p, Initial residual = 0.0006164786, Final residual = 4.9280267e-06, No Iterations 4
time step continuity errors : sum local = 0.00012065642, global = 2.3415134e-05, cumulative = -0.0014168185
smoothSolver:  Solving for omega, Initial residual = 0.001202699, Final residual = 7.0993877e-06, No Iterations 2
smoothSolver:  Solving for k, Initial residual = 0.035795123, Final residual = 0.00014424087, No Iterations 2
ExecutionTime = 41.380996 s  ClockTime = 42 s

Time = 28s

smoothSolver:  Solving for Ux, Initial residual = 0.016157036, Final residual = 0.00067500832, No Iterations 2
smoothSolver:  Solving for Uy, Initial residual = 0.045156533, Final residual = 0.0020448849, No Iterations 2
smoothSolver:  Solving for Uz, Initial residual = 0.045033365, Final residual = 0.002038838, No Iterations 2
GAMG:  Solving for p, Initial residual = 0.027270748, Final residual = 0.00024796834, No Iterations 3
GAMG:  Solving for p, Initial residual = 0.00057700241, Final residual = 4.4989612e-06, No Iterations 4
time step continuity errors : sum local = 0.00011221231, global = 1.9034154e-05, cumulative = -0.0013977844
smoothSolver:  Solving for omega, Initial residual = 0.0011704229, Final residual = 6.9298385e-06, No Iterations 2
smoothSolver:  Solving for k, Initial residual = 0.035211875, Final residual = 0.00013934037, No Iterations 2
ExecutionTime = 42.760948 s  ClockTime = 43 s

Time = 29s

smoothSolver:  Solving for Ux, Initial residual = 0.015822367, Final residual = 0.00066216552, No Iterations 2
smoothSolver:  Solving for Uy, Initial residual = 0.044215694, Final residual = 0.0019976833, No Iterations 2
smoothSolver:  Solving for Uz, Initial residual = 0.044113558, Final residual = 0.0019924247, No Iterations 2
GAMG:  Solving for p, Initial residual = 0.026194297, Final residual = 0.00023667722, No Iterations 3
GAMG:  Solving for p, Initial residual = 0.00054004518, Final residual = 4.0773531e-06, No Iterations 4
time step continuity errors : sum local = 0.00010355983, global = 1.1879417e-05, cumulative = -0.001385905
smoothSolver:  Solving for omega, Initial residual = 0.0011459917, Final residual = 6.6280129e-06, No Iterations 2
smoothSolver:  Solving for k, Initial residual = 0.034663083, Final residual = 0.00013711482, No Iterations 2
ExecutionTime = 44.455908 s  ClockTime = 45 s

Time = 30s

smoothSolver:  Solving for Ux, Initial residual = 0.015502323, Final residual = 0.0006500899, No Iterations 2
smoothSolver:  Solving for Uy, Initial residual = 0.043347747, Final residual = 0.0019544764, No Iterations 2
smoothSolver:  Solving for Uz, Initial residual = 0.043269185, Final residual = 0.0019501817, No Iterations 2
GAMG:  Solving for p, Initial residual = 0.025267054, Final residual = 0.00022603772, No Iterations 3
GAMG:  Solving for p, Initial residual = 0.00050414123, Final residual = 4.1203568e-06, No Iterations 4
time step continuity errors : sum local = 0.00010653797, global = -3.6673299e-06, cumulative = -0.0013895723
smoothSolver:  Solving for omega, Initial residual = 0.0011275776, Final residual = 6.447983e-06, No Iterations 2
smoothSolver:  Solving for k, Initial residual = 0.034262083, Final residual = 0.00013401169, No Iterations 2
ExecutionTime = 46.004966 s  ClockTime = 46 s

Time = 31s

smoothSolver:  Solving for Ux, Initial residual = 0.015191982, Final residual = 0.00063856498, No Iterations 2
smoothSolver:  Solving for Uy, Initial residual = 0.04257022, Final residual = 0.0019147144, No Iterations 2
smoothSolver:  Solving for Uz, Initial residual = 0.04251754, Final residual = 0.0019116746, No Iterations 2
GAMG:  Solving for p, Initial residual = 0.024409389, Final residual = 0.000215918, No Iterations 3
GAMG:  Solving for p, Initial residual = 0.00047018724, Final residual = 4.2043039e-06, No Iterations 4
time step continuity errors : sum local = 0.00011065011, global = -2.1328884e-05, cumulative = -0.0014109012
smoothSolver:  Solving for omega, Initial residual = 0.0011104731, Final residual = 6.2885667e-06, No Iterations 2
smoothSolver:  Solving for k, Initial residual = 0.03382171, Final residual = 0.00013162871, No Iterations 2
ExecutionTime = 47.47147 s  ClockTime = 48 s

Time = 32s

smoothSolver:  Solving for Ux, Initial residual = 0.014893438, Final residual = 0.00062752437, No Iterations 2
smoothSolver:  Solving for Uy, Initial residual = 0.041866694, Final residual = 0.0018781627, No Iterations 2
smoothSolver:  Solving for Uz, Initial residual = 0.04184513, Final residual = 0.0018766873, No Iterations 2
GAMG:  Solving for p, Initial residual = 0.023664085, Final residual = 0.00020554515, No Iterations 3
GAMG:  Solving for p, Initial residual = 0.00043881608, Final residual = 3.958133e-06, No Iterations 4
time step continuity errors : sum local = 0.00010600865, global = -3.267634e-05, cumulative = -0.0014435775
smoothSolver:  Solving for omega, Initial residual = 0.0010883216, Final residual = 6.0677971e-06, No Iterations 2
smoothSolver:  Solving for k, Initial residual = 0.033505463, Final residual = 0.00012894597, No Iterations 2
ExecutionTime = 48.902462 s  ClockTime = 49 s

Time = 33s

smoothSolver:  Solving for Ux, Initial residual = 0.014604574, Final residual = 0.00061687224, No Iterations 2
smoothSolver:  Solving for Uy, Initial residual = 0.041237581, Final residual = 0.0018447586, No Iterations 2
smoothSolver:  Solving for Uz, Initial residual = 0.041250062, Final residual = 0.0018451511, No Iterations 2
GAMG:  Solving for p, Initial residual = 0.023034429, Final residual = 0.00019507434, No Iterations 3
GAMG:  Solving for p, Initial residual = 0.00041212319, Final residual = 3.5112594e-06, No Iterations 4
time step continuity errors : sum local = 9.5678165e-05, global = -3.4251084e-05, cumulative = -0.0014778286
smoothSolver:  Solving for omega, Initial residual = 0.0010790302, Final residual = 5.9759968e-06, No Iterations 2
smoothSolver:  Solving for k, Initial residual = 0.033214195, Final residual = 0.00012722473, No Iterations 2
ExecutionTime = 50.3055 s  ClockTime = 51 s

Time = 34s

smoothSolver:  Solving for Ux, Initial residual = 0.014322508, Final residual = 0.00060649177, No Iterations 2
smoothSolver:  Solving for Uy, Initial residual = 0.040675672, Final residual = 0.0018139116, No Iterations 2
smoothSolver:  Solving for Uz, Initial residual = 0.040718407, Final residual = 0.0018162668, No Iterations 2
GAMG:  Solving for p, Initial residual = 0.022517577, Final residual = 0.00018449097, No Iterations 3
GAMG:  Solving for p, Initial residual = 0.0003877336, Final residual = 3.1188359e-06, No Iterations 4
time step continuity errors : sum local = 8.6440475e-05, global = -3.3273034e-05, cumulative = -0.0015111016
smoothSolver:  Solving for omega, Initial residual = 0.0010704735, Final residual = 6.0085435e-06, No Iterations 2
smoothSolver:  Solving for k, Initial residual = 0.032957309, Final residual = 0.00012528209, No Iterations 2
ExecutionTime = 52.218064 s  ClockTime = 52 s

Time = 35s

smoothSolver:  Solving for Ux, Initial residual = 0.014051646, Final residual = 0.0005964753, No Iterations 2
smoothSolver:  Solving for Uy, Initial residual = 0.040149087, Final residual = 0.0017854842, No Iterations 2
smoothSolver:  Solving for Uz, Initial residual = 0.040234154, Final residual = 0.0017898475, No Iterations 2
GAMG:  Solving for p, Initial residual = 0.021998365, Final residual = 0.00017536466, No Iterations 3
GAMG:  Solving for p, Initial residual = 0.00036849514, Final residual = 2.8299729e-06, No Iterations 4
time step continuity errors : sum local = 7.9749543e-05, global = -3.3123326e-05, cumulative = -0.001544225
smoothSolver:  Solving for omega, Initial residual = 0.0010639461, Final residual = 5.8662369e-06, No Iterations 2
smoothSolver:  Solving for k, Initial residual = 0.032760446, Final residual = 0.0001238482, No Iterations 2
ExecutionTime = 53.975868 s  ClockTime = 54 s

Time = 36s

smoothSolver:  Solving for Ux, Initial residual = 0.013788883, Final residual = 0.00058682043, No Iterations 2
smoothSolver:  Solving for Uy, Initial residual = 0.039672899, Final residual = 0.0017594651, No Iterations 2
smoothSolver:  Solving for Uz, Initial residual = 0.039785208, Final residual = 0.0017658475, No Iterations 2
GAMG:  Solving for p, Initial residual = 0.021559432, Final residual = 0.00016922076, No Iterations 3
GAMG:  Solving for p, Initial residual = 0.00035539343, Final residual = 2.7151989e-06, No Iterations 4
time step continuity errors : sum local = 7.7787374e-05, global = -3.390662e-05, cumulative = -0.0015781316
smoothSolver:  Solving for omega, Initial residual = 0.0010504426, Final residual = 5.7419899e-06, No Iterations 2
smoothSolver:  Solving for k, Initial residual = 0.032581073, Final residual = 0.00012264446, No Iterations 2
ExecutionTime = 55.937429 s  ClockTime = 56 s

Time = 37s

smoothSolver:  Solving for Ux, Initial residual = 0.013533555, Final residual = 0.00057750277, No Iterations 2
smoothSolver:  Solving for Uy, Initial residual = 0.039227829, Final residual = 0.0017356739, No Iterations 2
smoothSolver:  Solving for Uz, Initial residual = 0.039375363, Final residual = 0.0017441958, No Iterations 2
GAMG:  Solving for p, Initial residual = 0.021091906, Final residual = 0.00016571017, No Iterations 3
GAMG:  Solving for p, Initial residual = 0.00034673103, Final residual = 2.7323131e-06, No Iterations 4
time step continuity errors : sum local = 7.9563309e-05, global = -3.5579276e-05, cumulative = -0.0016137109
smoothSolver:  Solving for omega, Initial residual = 0.0010488442, Final residual = 5.7731217e-06, No Iterations 2
smoothSolver:  Solving for k, Initial residual = 0.032454448, Final residual = 0.00012217431, No Iterations 2
ExecutionTime = 57.323235 s  ClockTime = 58 s

Time = 38s

smoothSolver:  Solving for Ux, Initial residual = 0.013287347, Final residual = 0.00056857385, No Iterations 2
smoothSolver:  Solving for Uy, Initial residual = 0.038807195, Final residual = 0.0017139794, No Iterations 2
smoothSolver:  Solving for Uz, Initial residual = 0.038988558, Final residual = 0.0017248352, No Iterations 2
GAMG:  Solving for p, Initial residual = 0.020647999, Final residual = 0.00016382582, No Iterations 3
GAMG:  Solving for p, Initial residual = 0.0003414053, Final residual = 2.7896481e-06, No Iterations 4
time step continuity errors : sum local = 8.2564597e-05, global = -3.7872662e-05, cumulative = -0.0016515835
smoothSolver:  Solving for omega, Initial residual = 0.0010428384, Final residual = 5.6344268e-06, No Iterations 2
smoothSolver:  Solving for k, Initial residual = 0.032401721, Final residual = 0.00012130111, No Iterations 2
ExecutionTime = 58.594086 s  ClockTime = 59 s

Time = 39s

smoothSolver:  Solving for Ux, Initial residual = 0.013050357, Final residual = 0.00056005139, No Iterations 2
smoothSolver:  Solving for Uy, Initial residual = 0.038411957, Final residual = 0.0016942214, No Iterations 2
smoothSolver:  Solving for Uz, Initial residual = 0.038619394, Final residual = 0.0017072206, No Iterations 2
GAMG:  Solving for p, Initial residual = 0.020257497, Final residual = 0.00016274534, No Iterations 3
GAMG:  Solving for p, Initial residual = 0.00033541142, Final residual = 2.828536e-06, No Iterations 4
time step continuity errors : sum local = 8.50648e-05, global = -3.9954991e-05, cumulative = -0.0016915385
smoothSolver:  Solving for omega, Initial residual = 0.0010399872, Final residual = 5.5579025e-06, No Iterations 2
smoothSolver:  Solving for k, Initial residual = 0.032356057, Final residual = 0.00012098704, No Iterations 2
ExecutionTime = 59.768368 s  ClockTime = 60 s

Time = 40s

smoothSolver:  Solving for Ux, Initial residual = 0.012823548, Final residual = 0.00055203327, No Iterations 2
smoothSolver:  Solving for Uy, Initial residual = 0.038034248, Final residual = 0.0016760807, No Iterations 2
smoothSolver:  Solving for Uz, Initial residual = 0.03827289, Final residual = 0.001691223, No Iterations 2
GAMG:  Solving for p, Initial residual = 0.019888283, Final residual = 0.00016201311, No Iterations 3
GAMG:  Solving for p, Initial residual = 0.00032823062, Final residual = 2.8068252e-06, No Iterations 4
time step continuity errors : sum local = 8.5789143e-05, global = -4.0793232e-05, cumulative = -0.0017323318
smoothSolver:  Solving for omega, Initial residual = 0.0010309794, Final residual = 5.5586416e-06, No Iterations 2
smoothSolver:  Solving for k, Initial residual = 0.032396257, Final residual = 0.00012096859, No Iterations 2
ExecutionTime = 60.948264 s  ClockTime = 61 s

Time = 41s

smoothSolver:  Solving for Ux, Initial residual = 0.012606944, Final residual = 0.00054452896, No Iterations 2
smoothSolver:  Solving for Uy, Initial residual = 0.037671698, Final residual = 0.0016593817, No Iterations 2
smoothSolver:  Solving for Uz, Initial residual = 0.037934899, Final residual = 0.001676737, No Iterations 2
GAMG:  Solving for p, Initial residual = 0.019642861, Final residual = 0.00016088113, No Iterations 3
GAMG:  Solving for p, Initial residual = 0.00031789162, Final residual = 2.7004749e-06, No Iterations 4
time step continuity errors : sum local = 8.3866947e-05, global = -3.9872665e-05, cumulative = -0.0017722044
smoothSolver:  Solving for omega, Initial residual = 0.0010330202, Final residual = 5.5647366e-06, No Iterations 2
smoothSolver:  Solving for k, Initial residual = 0.032432524, Final residual = 0.000121537, No Iterations 2
ExecutionTime = 62.107812 s  ClockTime = 62 s

Time = 42s

smoothSolver:  Solving for Ux, Initial residual = 0.012400286, Final residual = 0.00053746331, No Iterations 2
smoothSolver:  Solving for Uy, Initial residual = 0.037324174, Final residual = 0.0016442173, No Iterations 2
smoothSolver:  Solving for Uz, Initial residual = 0.037615968, Final residual = 0.0016634179, No Iterations 2
GAMG:  Solving for p, Initial residual = 0.019318674, Final residual = 0.00015849849, No Iterations 3
GAMG:  Solving for p, Initial residual = 0.00030361135, Final residual = 2.5073373e-06, No Iterations 4
time step continuity errors : sum local = 7.912875e-05, global = -3.639429e-05, cumulative = -0.0018085987
smoothSolver:  Solving for omega, Initial residual = 0.0010309558, Final residual = 5.5022505e-06, No Iterations 2
smoothSolver:  Solving for k, Initial residual = 0.032455799, Final residual = 0.00012187796, No Iterations 2
ExecutionTime = 63.365266 s  ClockTime = 64 s

Time = 43s

smoothSolver:  Solving for Ux, Initial residual = 0.0122011, Final residual = 0.0005308451, No Iterations 2
smoothSolver:  Solving for Uy, Initial residual = 0.036990913, Final residual = 0.001630715, No Iterations 2
smoothSolver:  Solving for Uz, Initial residual = 0.037298968, Final residual = 0.0016516729, No Iterations 2
GAMG:  Solving for p, Initial residual = 0.019126894, Final residual = 0.0001562085, No Iterations 3
GAMG:  Solving for p, Initial residual = 0.00029038433, Final residual = 2.2722513e-06, No Iterations 4
time step continuity errors : sum local = 7.2860917e-05, global = -3.0665863e-05, cumulative = -0.0018392646
smoothSolver:  Solving for omega, Initial residual = 0.0010330354, Final residual = 5.5300567e-06, No Iterations 2
smoothSolver:  Solving for k, Initial residual = 0.032461125, Final residual = 0.00012247144, No Iterations 2
ExecutionTime = 64.954708 s  ClockTime = 65 s

Time = 44s

smoothSolver:  Solving for Ux, Initial residual = 0.012011613, Final residual = 0.00052472198, No Iterations 2
smoothSolver:  Solving for Uy, Initial residual = 0.036672718, Final residual = 0.001617847, No Iterations 2
smoothSolver:  Solving for Uz, Initial residual = 0.037004616, Final residual = 0.0016408606, No Iterations 2
GAMG:  Solving for p, Initial residual = 0.018940372, Final residual = 0.00015345491, No Iterations 3
GAMG:  Solving for p, Initial residual = 0.00027876119, Final residual = 2.0243455e-06, No Iterations 4
time step continuity errors : sum local = 6.5948447e-05, global = -2.3117521e-05, cumulative = -0.0018623821
smoothSolver:  Solving for omega, Initial residual = 0.0010240459, Final residual = 5.4264497e-06, No Iterations 2
smoothSolver:  Solving for k, Initial residual = 0.032486533, Final residual = 0.0001232605, No Iterations 2
ExecutionTime = 66.880979 s  ClockTime = 67 s

Time = 45s

smoothSolver:  Solving for Ux, Initial residual = 0.011830004, Final residual = 0.00051899075, No Iterations 2
smoothSolver:  Solving for Uy, Initial residual = 0.03637114, Final residual = 0.0016061023, No Iterations 2
smoothSolver:  Solving for Uz, Initial residual = 0.036716771, Final residual = 0.0016311743, No Iterations 2
GAMG:  Solving for p, Initial residual = 0.018818124, Final residual = 0.00015036232, No Iterations 3
GAMG:  Solving for p, Initial residual = 0.00026954399, Final residual = 1.8589031e-06, No Iterations 4
time step continuity errors : sum local = 6.1510768e-05, global = -1.5923996e-05, cumulative = -0.0018783061
smoothSolver:  Solving for omega, Initial residual = 0.0010228137, Final residual = 5.4198648e-06, No Iterations 2
smoothSolver:  Solving for k, Initial residual = 0.032477759, Final residual = 0.00012446357, No Iterations 2
ExecutionTime = 68.625003 s  ClockTime = 69 s

Time = 46s

smoothSolver:  Solving for Ux, Initial residual = 0.011656287, Final residual = 0.00051361734, No Iterations 2
smoothSolver:  Solving for Uy, Initial residual = 0.036079975, Final residual = 0.0015957999, No Iterations 2
smoothSolver:  Solving for Uz, Initial residual = 0.036435696, Final residual = 0.0016223796, No Iterations 2
GAMG:  Solving for p, Initial residual = 0.018680363, Final residual = 0.00014640013, No Iterations 3
GAMG:  Solving for p, Initial residual = 0.00026123089, Final residual = 1.8254811e-06, No Iterations 4
time step continuity errors : sum local = 6.13369e-05, global = -1.4709354e-05, cumulative = -0.0018930154
smoothSolver:  Solving for omega, Initial residual = 0.001020714, Final residual = 5.4486864e-06, No Iterations 2
smoothSolver:  Solving for k, Initial residual = 0.032504664, Final residual = 0.00012511007, No Iterations 2
ExecutionTime = 70.022773 s  ClockTime = 70 s

Time = 47s

smoothSolver:  Solving for Ux, Initial residual = 0.011491882, Final residual = 0.00050860506, No Iterations 2
smoothSolver:  Solving for Uy, Initial residual = 0.035785029, Final residual = 0.0015858987, No Iterations 2
smoothSolver:  Solving for Uz, Initial residual = 0.036151971, Final residual = 0.0016140889, No Iterations 2
GAMG:  Solving for p, Initial residual = 0.018591065, Final residual = 0.00014149634, No Iterations 3
GAMG:  Solving for p, Initial residual = 0.00025246427, Final residual = 1.8700815e-06, No Iterations 4
time step continuity errors : sum local = 6.3784122e-05, global = -2.1389878e-05, cumulative = -0.0019144053
smoothSolver:  Solving for omega, Initial residual = 0.0010219516, Final residual = 5.3869713e-06, No Iterations 2
smoothSolver:  Solving for k, Initial residual = 0.032474968, Final residual = 0.00012676649, No Iterations 2
ExecutionTime = 71.298529 s  ClockTime = 72 s

Time = 48s

smoothSolver:  Solving for Ux, Initial residual = 0.011334794, Final residual = 0.00050391323, No Iterations 2
smoothSolver:  Solving for Uy, Initial residual = 0.035486647, Final residual = 0.0015760379, No Iterations 2
smoothSolver:  Solving for Uz, Initial residual = 0.035851244, Final residual = 0.0016057003, No Iterations 2
GAMG:  Solving for p, Initial residual = 0.018472045, Final residual = 0.00013595398, No Iterations 3
GAMG:  Solving for p, Initial residual = 0.00024394879, Final residual = 1.8680499e-06, No Iterations 4
time step continuity errors : sum local = 6.4660112e-05, global = -2.508115e-05, cumulative = -0.0019394865
smoothSolver:  Solving for omega, Initial residual = 0.0010153432, Final residual = 5.307069e-06, No Iterations 2
smoothSolver:  Solving for k, Initial residual = 0.032470666, Final residual = 0.00012814344, No Iterations 2
ExecutionTime = 72.647032 s  ClockTime = 73 s

Time = 49s

smoothSolver:  Solving for Ux, Initial residual = 0.011182333, Final residual = 0.00049938209, No Iterations 2
smoothSolver:  Solving for Uy, Initial residual = 0.035163784, Final residual = 0.0015657923, No Iterations 2
smoothSolver:  Solving for Uz, Initial residual = 0.035524373, Final residual = 0.0015963502, No Iterations 2
GAMG:  Solving for p, Initial residual = 0.018392758, Final residual = 0.00013042682, No Iterations 3
GAMG:  Solving for p, Initial residual = 0.00023561203, Final residual = 1.8166983e-06, No Iterations 4
time step continuity errors : sum local = 6.3794882e-05, global = -2.0017312e-05, cumulative = -0.0019595038
smoothSolver:  Solving for omega, Initial residual = 0.0010167316, Final residual = 5.4104349e-06, No Iterations 2
smoothSolver:  Solving for k, Initial residual = 0.032405544, Final residual = 0.00012941386, No Iterations 2
ExecutionTime = 73.971753 s  ClockTime = 74 s

Time = 50s

smoothSolver:  Solving for Ux, Initial residual = 0.011035663, Final residual = 0.00049499635, No Iterations 2
smoothSolver:  Solving for Uy, Initial residual = 0.034810956, Final residual = 0.0015540513, No Iterations 2
smoothSolver:  Solving for Uz, Initial residual = 0.035167241, Final residual = 0.0015859674, No Iterations 2
GAMG:  Solving for p, Initial residual = 0.018260449, Final residual = 0.00012530081, No Iterations 3
GAMG:  Solving for p, Initial residual = 0.00022759272, Final residual = 1.8323862e-06, No Iterations 4
time step continuity errors : sum local = 6.525957e-05, global = -1.7237367e-05, cumulative = -0.0019767411
smoothSolver:  Solving for omega, Initial residual = 0.001014687, Final residual = 5.3208215e-06, No Iterations 2
smoothSolver:  Solving for k, Initial residual = 0.032347457, Final residual = 0.0001304485, No Iterations 2
ExecutionTime = 75.233628 s  ClockTime = 75 s

Time = 51s

smoothSolver:  Solving for Ux, Initial residual = 0.01089254, Final residual = 0.00049084931, No Iterations 2
smoothSolver:  Solving for Uy, Initial residual = 0.034428473, Final residual = 0.0015410459, No Iterations 2
smoothSolver:  Solving for Uz, Initial residual = 0.034777174, Final residual = 0.0015737002, No Iterations 2
GAMG:  Solving for p, Initial residual = 0.018170038, Final residual = 0.00012110176, No Iterations 3
GAMG:  Solving for p, Initial residual = 0.00022031311, Final residual = 1.8826304e-06, No Iterations 4
time step continuity errors : sum local = 6.7968448e-05, global = -1.7766548e-05, cumulative = -0.0019945077
smoothSolver:  Solving for omega, Initial residual = 0.001014065, Final residual = 5.3169151e-06, No Iterations 2
smoothSolver:  Solving for k, Initial residual = 0.032203615, Final residual = 0.00013176204, No Iterations 2
ExecutionTime = 76.490167 s  ClockTime = 77 s

Time = 52s

smoothSolver:  Solving for Ux, Initial residual = 0.010754075, Final residual = 0.00048673307, No Iterations 2
smoothSolver:  Solving for Uy, Initial residual = 0.034008241, Final residual = 0.0015262615, No Iterations 2
smoothSolver:  Solving for Uz, Initial residual = 0.034345267, Final residual = 0.0015595208, No Iterations 2
GAMG:  Solving for p, Initial residual = 0.018067232, Final residual = 0.00011735028, No Iterations 3
GAMG:  Solving for p, Initial residual = 0.00021355324, Final residual = 1.8684483e-06, No Iterations 4
time step continuity errors : sum local = 6.836357e-05, global = -1.9533787e-05, cumulative = -0.0020140415
smoothSolver:  Solving for omega, Initial residual = 0.0010069805, Final residual = 5.3056388e-06, No Iterations 2
smoothSolver:  Solving for k, Initial residual = 0.032079467, Final residual = 0.00013260562, No Iterations 2
ExecutionTime = 77.816875 s  ClockTime = 78 s

Time = 53s

smoothSolver:  Solving for Ux, Initial residual = 0.010619393, Final residual = 0.00048264981, No Iterations 2
smoothSolver:  Solving for Uy, Initial residual = 0.033547652, Final residual = 0.0015094288, No Iterations 2
smoothSolver:  Solving for Uz, Initial residual = 0.033874086, Final residual = 0.0015433627, No Iterations 2
GAMG:  Solving for p, Initial residual = 0.017989314, Final residual = 0.00011282444, No Iterations 3
GAMG:  Solving for p, Initial residual = 0.00020602305, Final residual = 1.7644967e-06, No Iterations 4
time step continuity errors : sum local = 6.5386384e-05, global = -1.853777e-05, cumulative = -0.0020325793
smoothSolver:  Solving for omega, Initial residual = 0.0010068283, Final residual = 5.2897517e-06, No Iterations 2
smoothSolver:  Solving for k, Initial residual = 0.031910023, Final residual = 0.00013361831, No Iterations 2
ExecutionTime = 79.135658 s  ClockTime = 79 s

Time = 54s

smoothSolver:  Solving for Ux, Initial residual = 0.010487312, Final residual = 0.00047866059, No Iterations 2
smoothSolver:  Solving for Uy, Initial residual = 0.033055612, Final residual = 0.0014908637, No Iterations 2
smoothSolver:  Solving for Uz, Initial residual = 0.033355659, Final residual = 0.0015248, No Iterations 2
GAMG:  Solving for p, Initial residual = 0.017941689, Final residual = 0.00010816458, No Iterations 3
GAMG:  Solving for p, Initial residual = 0.00019944643, Final residual = 1.5626665e-06, No Iterations 4
time step continuity errors : sum local = 5.8628152e-05, global = -1.3713802e-05, cumulative = -0.0020462931
smoothSolver:  Solving for omega, Initial residual = 0.0010034688, Final residual = 5.2587293e-06, No Iterations 2
smoothSolver:  Solving for k, Initial residual = 0.031749729, Final residual = 0.00013497931, No Iterations 2
ExecutionTime = 80.462962 s  ClockTime = 81 s

Time = 55s

smoothSolver:  Solving for Ux, Initial residual = 0.010358088, Final residual = 0.00047478177, No Iterations 2
smoothSolver:  Solving for Uy, Initial residual = 0.032519877, Final residual = 0.001470392, No Iterations 2
smoothSolver:  Solving for Uz, Initial residual = 0.032806104, Final residual = 0.0015042956, No Iterations 2
GAMG:  Solving for p, Initial residual = 0.017861989, Final residual = 0.00010383654, No Iterations 3
GAMG:  Solving for p, Initial residual = 0.00019312433, Final residual = 1.2225833e-06, No Iterations 4
time step continuity errors : sum local = 4.6420851e-05, global = -1.2782273e-05, cumulative = -0.0020590753
smoothSolver:  Solving for omega, Initial residual = 0.0010052172, Final residual = 5.2448463e-06, No Iterations 2
smoothSolver:  Solving for k, Initial residual = 0.031608128, Final residual = 0.00013543151, No Iterations 2
ExecutionTime = 81.807025 s  ClockTime = 82 s

Time = 56s

smoothSolver:  Solving for Ux, Initial residual = 0.010230878, Final residual = 0.0004710345, No Iterations 2
smoothSolver:  Solving for Uy, Initial residual = 0.031958255, Final residual = 0.0014481002, No Iterations 2
smoothSolver:  Solving for Uz, Initial residual = 0.032216305, Final residual = 0.0014821574, No Iterations 2
GAMG:  Solving for p, Initial residual = 0.017823583, Final residual = 0.00010026717, No Iterations 3
GAMG:  Solving for p, Initial residual = 0.00018771582, Final residual = 1.1939137e-06, No Iterations 4
time step continuity errors : sum local = 4.5870621e-05, global = -8.4160916e-06, cumulative = -0.0020674914
smoothSolver:  Solving for omega, Initial residual = 0.0010000768, Final residual = 5.233796e-06, No Iterations 2
smoothSolver:  Solving for k, Initial residual = 0.031454182, Final residual = 0.00013694527, No Iterations 2
ExecutionTime = 83.178787 s  ClockTime = 83 s

Time = 57s

smoothSolver:  Solving for Ux, Initial residual = 0.010109224, Final residual = 0.00046752887, No Iterations 2
smoothSolver:  Solving for Uy, Initial residual = 0.031369708, Final residual = 0.0014246174, No Iterations 2
smoothSolver:  Solving for Uz, Initial residual = 0.031607972, Final residual = 0.0014580279, No Iterations 2
GAMG:  Solving for p, Initial residual = 0.017726062, Final residual = 9.7387237e-05, No Iterations 3
GAMG:  Solving for p, Initial residual = 0.00018347223, Final residual = 1.1495758e-06, No Iterations 4
time step continuity errors : sum local = 4.4676663e-05, global = -9.9815628e-06, cumulative = -0.002077473
smoothSolver:  Solving for omega, Initial residual = 0.0010017508, Final residual = 5.3182753e-06, No Iterations 2
smoothSolver:  Solving for k, Initial residual = 0.03124716, Final residual = 0.00013780918, No Iterations 2
ExecutionTime = 84.465814 s  ClockTime = 85 s

Time = 58s

smoothSolver:  Solving for Ux, Initial residual = 0.0099948295, Final residual = 0.00046436291, No Iterations 2
smoothSolver:  Solving for Uy, Initial residual = 0.030762147, Final residual = 0.0013997215, No Iterations 2
smoothSolver:  Solving for Uz, Initial residual = 0.030971487, Final residual = 0.0014326041, No Iterations 2
GAMG:  Solving for p, Initial residual = 0.017704533, Final residual = 9.5239252e-05, No Iterations 3
GAMG:  Solving for p, Initial residual = 0.00018044168, Final residual = 1.1108499e-06, No Iterations 4
time step continuity errors : sum local = 4.3648714e-05, global = -3.4270588e-06, cumulative = -0.0020809
smoothSolver:  Solving for omega, Initial residual = 0.0010035502, Final residual = 5.3268919e-06, No Iterations 2
smoothSolver:  Solving for k, Initial residual = 0.031104651, Final residual = 0.00013885508, No Iterations 2
ExecutionTime = 86.081194 s  ClockTime = 86 s

Time = 59s

smoothSolver:  Solving for Ux, Initial residual = 0.0098884213, Final residual = 0.00046163162, No Iterations 2
smoothSolver:  Solving for Uy, Initial residual = 0.030140429, Final residual = 0.0013737216, No Iterations 2
smoothSolver:  Solving for Uz, Initial residual = 0.030317616, Final residual = 0.0014058968, No Iterations 2
GAMG:  Solving for p, Initial residual = 0.017638831, Final residual = 9.3330766e-05, No Iterations 3
GAMG:  Solving for p, Initial residual = 0.00017759848, Final residual = 1.0597375e-06, No Iterations 4
time step continuity errors : sum local = 4.207229e-05, global = 7.8637857e-06, cumulative = -0.0020730363
smoothSolver:  Solving for omega, Initial residual = 0.0010047869, Final residual = 5.2209474e-06, No Iterations 2
smoothSolver:  Solving for k, Initial residual = 0.030898369, Final residual = 0.00013998608, No Iterations 2
ExecutionTime = 87.801609 s  ClockTime = 88 s

Time = 60s

smoothSolver:  Solving for Ux, Initial residual = 0.0097955137, Final residual = 0.00045942891, No Iterations 2
smoothSolver:  Solving for Uy, Initial residual = 0.029506768, Final residual = 0.0013473025, No Iterations 2
smoothSolver:  Solving for Uz, Initial residual = 0.029652297, Final residual = 0.0013781014, No Iterations 2
GAMG:  Solving for p, Initial residual = 0.017633115, Final residual = 9.1426556e-05, No Iterations 3
GAMG:  Solving for p, Initial residual = 0.00017501046, Final residual = 1.1703751e-06, No Iterations 4
time step continuity errors : sum local = 4.6903925e-05, global = 1.2609262e-05, cumulative = -0.002060427
smoothSolver:  Solving for omega, Initial residual = 0.00099755422, Final residual = 5.1733387e-06, No Iterations 2
smoothSolver:  Solving for k, Initial residual = 0.030725731, Final residual = 0.00014155007, No Iterations 2
ExecutionTime = 89.450281 s  ClockTime = 90 s

Time = 61s

smoothSolver:  Solving for Ux, Initial residual = 0.0097159384, Final residual = 0.00045792157, No Iterations 2
smoothSolver:  Solving for Uy, Initial residual = 0.028865045, Final residual = 0.0013201371, No Iterations 2
smoothSolver:  Solving for Uz, Initial residual = 0.028980411, Final residual = 0.0013498725, No Iterations 2
GAMG:  Solving for p, Initial residual = 0.01759225, Final residual = 9.009803e-05, No Iterations 3
GAMG:  Solving for p, Initial residual = 0.00017296373, Final residual = 1.3920831e-06, No Iterations 4
time step continuity errors : sum local = 5.6257414e-05, global = 1.6864144e-05, cumulative = -0.0020435628
smoothSolver:  Solving for omega, Initial residual = 0.0010006944, Final residual = 5.284541e-06, No Iterations 2
smoothSolver:  Solving for k, Initial residual = 0.030540429, Final residual = 0.00014264641, No Iterations 2
ExecutionTime = 91.26192 s  ClockTime = 91 s

Time = 62s

smoothSolver:  Solving for Ux, Initial residual = 0.0096560277, Final residual = 0.00045713802, No Iterations 2
smoothSolver:  Solving for Uy, Initial residual = 0.028229227, Final residual = 0.0012931714, No Iterations 2
smoothSolver:  Solving for Uz, Initial residual = 0.028315114, Final residual = 0.0013216003, No Iterations 2
GAMG:  Solving for p, Initial residual = 0.017624975, Final residual = 8.9656589e-05, No Iterations 3
GAMG:  Solving for p, Initial residual = 0.00017170633, Final residual = 1.6253787e-06, No Iterations 4
time step continuity errors : sum local = 6.6172752e-05, global = 2.1681293e-05, cumulative = -0.0020218816
smoothSolver:  Solving for omega, Initial residual = 0.0010014409, Final residual = 5.2930556e-06, No Iterations 2
smoothSolver:  Solving for k, Initial residual = 0.030335608, Final residual = 0.00014267034, No Iterations 2
ExecutionTime = 93.171572 s  ClockTime = 93 s

Time = 63s

smoothSolver:  Solving for Ux, Initial residual = 0.0096137878, Final residual = 0.00045709674, No Iterations 2
smoothSolver:  Solving for Uy, Initial residual = 0.027597203, Final residual = 0.0012665624, No Iterations 2
smoothSolver:  Solving for Uz, Initial residual = 0.02766153, Final residual = 0.001293638, No Iterations 2
GAMG:  Solving for p, Initial residual = 0.017625032, Final residual = 9.0246486e-05, No Iterations 3
GAMG:  Solving for p, Initial residual = 0.00017121225, Final residual = 1.104938e-06, No Iterations 5
time step continuity errors : sum local = 4.5275023e-05, global = -2.1503251e-05, cumulative = -0.0020433848
smoothSolver:  Solving for omega, Initial residual = 0.0010012092, Final residual = 5.2086988e-06, No Iterations 2
smoothSolver:  Solving for k, Initial residual = 0.030146207, Final residual = 0.00014431333, No Iterations 2
ExecutionTime = 94.65849 s  ClockTime = 95 s

Time = 64s

smoothSolver:  Solving for Ux, Initial residual = 0.0095932251, Final residual = 0.00045799127, No Iterations 2
smoothSolver:  Solving for Uy, Initial residual = 0.026989039, Final residual = 0.001240874, No Iterations 2
smoothSolver:  Solving for Uz, Initial residual = 0.027012418, Final residual = 0.001266607, No Iterations 2
GAMG:  Solving for p, Initial residual = 0.017676061, Final residual = 9.2121806e-05, No Iterations 3
GAMG:  Solving for p, Initial residual = 0.00017124178, Final residual = 1.1251564e-06, No Iterations 5
time step continuity errors : sum local = 4.6364895e-05, global = -2.1053376e-05, cumulative = -0.0020644382
smoothSolver:  Solving for omega, Initial residual = 0.0010001284, Final residual = 5.3236749e-06, No Iterations 2
smoothSolver:  Solving for k, Initial residual = 0.029899851, Final residual = 0.00014455144, No Iterations 2
ExecutionTime = 96.127702 s  ClockTime = 96 s

Time = 65s

smoothSolver:  Solving for Ux, Initial residual = 0.0095929291, Final residual = 0.00045972262, No Iterations 2
smoothSolver:  Solving for Uy, Initial residual = 0.02639199, Final residual = 0.0012164675, No Iterations 2
smoothSolver:  Solving for Uz, Initial residual = 0.026399765, Final residual = 0.0012409038, No Iterations 2
GAMG:  Solving for p, Initial residual = 0.017716123, Final residual = 9.5097622e-05, No Iterations 3
GAMG:  Solving for p, Initial residual = 0.00017283232, Final residual = 1.1203667e-06, No Iterations 5
time step continuity errors : sum local = 4.6379353e-05, global = -1.9474246e-05, cumulative = -0.0020839124
smoothSolver:  Solving for omega, Initial residual = 0.0010040087, Final residual = 5.2809768e-06, No Iterations 2
smoothSolver:  Solving for k, Initial residual = 0.02970497, Final residual = 0.00014536402, No Iterations 2
ExecutionTime = 97.682872 s  ClockTime = 98 s

Time = 66s

smoothSolver:  Solving for Ux, Initial residual = 0.0096178431, Final residual = 0.0004624358, No Iterations 2
smoothSolver:  Solving for Uy, Initial residual = 0.025838364, Final residual = 0.0011935778, No Iterations 2
smoothSolver:  Solving for Uz, Initial residual = 0.025816486, Final residual = 0.0012166979, No Iterations 2
GAMG:  Solving for p, Initial residual = 0.017804283, Final residual = 9.8424797e-05, No Iterations 3
GAMG:  Solving for p, Initial residual = 0.000175059, Final residual = 1.7432909e-06, No Iterations 4
time step continuity errors : sum local = 7.2438151e-05, global = 2.3812044e-05, cumulative = -0.0020601004
smoothSolver:  Solving for omega, Initial residual = 0.0010029618, Final residual = 5.2355376e-06, No Iterations 2
smoothSolver:  Solving for k, Initial residual = 0.029528106, Final residual = 0.00014646117, No Iterations 2
ExecutionTime = 99.221196 s  ClockTime = 99 s

Time = 67s

smoothSolver:  Solving for Ux, Initial residual = 0.0096691329, Final residual = 0.00046600435, No Iterations 2
smoothSolver:  Solving for Uy, Initial residual = 0.025305326, Final residual = 0.0011732043, No Iterations 2
smoothSolver:  Solving for Uz, Initial residual = 0.025273848, Final residual = 0.0011947662, No Iterations 2
GAMG:  Solving for p, Initial residual = 0.01789304, Final residual = 0.00010138933, No Iterations 3
GAMG:  Solving for p, Initial residual = 0.00017760492, Final residual = 1.6815713e-06, No Iterations 4
time step continuity errors : sum local = 7.0073749e-05, global = 1.956048e-05, cumulative = -0.0020405399
smoothSolver:  Solving for omega, Initial residual = 0.001006056, Final residual = 5.3104016e-06, No Iterations 2
smoothSolver:  Solving for k, Initial residual = 0.029327862, Final residual = 0.00014671179, No Iterations 2
ExecutionTime = 101.02987 s  ClockTime = 101 s

Time = 68s

smoothSolver:  Solving for Ux, Initial residual = 0.0097464978, Final residual = 0.00047058677, No Iterations 2
smoothSolver:  Solving for Uy, Initial residual = 0.024829351, Final residual = 0.0011550071, No Iterations 2
smoothSolver:  Solving for Uz, Initial residual = 0.024793125, Final residual = 0.0011747746, No Iterations 2
GAMG:  Solving for p, Initial residual = 0.017953297, Final residual = 0.00010343637, No Iterations 3
GAMG:  Solving for p, Initial residual = 0.00017948159, Final residual = 9.6452772e-07, No Iterations 5
time step continuity errors : sum local = 4.0297018e-05, global = -1.4186629e-05, cumulative = -0.0020547265
smoothSolver:  Solving for omega, Initial residual = 0.0010057877, Final residual = 5.2681861e-06, No Iterations 2
smoothSolver:  Solving for k, Initial residual = 0.029168091, Final residual = 0.00014790428, No Iterations 2
ExecutionTime = 102.87296 s  ClockTime = 103 s

Time = 69s

smoothSolver:  Solving for Ux, Initial residual = 0.0098472034, Final residual = 0.00047600148, No Iterations 2
smoothSolver:  Solving for Uy, Initial residual = 0.024394279, Final residual = 0.0011392549, No Iterations 2
smoothSolver:  Solving for Uz, Initial residual = 0.024343316, Final residual = 0.001157471, No Iterations 2
GAMG:  Solving for p, Initial residual = 0.018047662, Final residual = 0.00010498317, No Iterations 3
GAMG:  Solving for p, Initial residual = 0.00018132747, Final residual = 1.3531231e-06, No Iterations 4
time step continuity errors : sum local = 5.6655217e-05, global = 1.0129798e-05, cumulative = -0.0020445967
smoothSolver:  Solving for omega, Initial residual = 0.0010109723, Final residual = 5.2184906e-06, No Iterations 2
smoothSolver:  Solving for k, Initial residual = 0.029028326, Final residual = 0.00014935094, No Iterations 2
ExecutionTime = 104.33098 s  ClockTime = 105 s

Time = 70s

smoothSolver:  Solving for Ux, Initial residual = 0.0099669341, Final residual = 0.00048194308, No Iterations 2
smoothSolver:  Solving for Uy, Initial residual = 0.024026477, Final residual = 0.0011265129, No Iterations 2
smoothSolver:  Solving for Uz, Initial residual = 0.023979643, Final residual = 0.0011425714, No Iterations 2
GAMG:  Solving for p, Initial residual = 0.018074081, Final residual = 0.00010610354, No Iterations 3
GAMG:  Solving for p, Initial residual = 0.00018330332, Final residual = 1.1757691e-06, No Iterations 4
time step continuity errors : sum local = 4.9383472e-05, global = 8.7078452e-06, cumulative = -0.0020358889
smoothSolver:  Solving for omega, Initial residual = 0.0010139087, Final residual = 5.340425e-06, No Iterations 2
smoothSolver:  Solving for k, Initial residual = 0.028894866, Final residual = 0.0001503403, No Iterations 2
ExecutionTime = 105.85916 s  ClockTime = 106 s

Time = 71s

smoothSolver:  Solving for Ux, Initial residual = 0.010098217, Final residual = 0.00048833865, No Iterations 2
smoothSolver:  Solving for Uy, Initial residual = 0.023721397, Final residual = 0.0011163811, No Iterations 2
smoothSolver:  Solving for Uz, Initial residual = 0.023654712, Final residual = 0.0011305963, No Iterations 2
GAMG:  Solving for p, Initial residual = 0.01814452, Final residual = 0.00010692529, No Iterations 3
GAMG:  Solving for p, Initial residual = 0.00018627462, Final residual = 1.6874031e-06, No Iterations 4
time step continuity errors : sum local = 7.0808161e-05, global = 2.2362889e-05, cumulative = -0.002013526
smoothSolver:  Solving for omega, Initial residual = 0.0010196398, Final residual = 5.3792576e-06, No Iterations 2
smoothSolver:  Solving for k, Initial residual = 0.028773876, Final residual = 0.00015123855, No Iterations 2
ExecutionTime = 107.13771 s  ClockTime = 107 s

Time = 72s

smoothSolver:  Solving for Ux, Initial residual = 0.010236661, Final residual = 0.00049482151, No Iterations 2
smoothSolver:  Solving for Uy, Initial residual = 0.023482118, Final residual = 0.001109198, No Iterations 2
smoothSolver:  Solving for Uz, Initial residual = 0.023415266, Final residual = 0.0011220418, No Iterations 2
GAMG:  Solving for p, Initial residual = 0.018203384, Final residual = 0.00010695671, No Iterations 3
GAMG:  Solving for p, Initial residual = 0.00018861419, Final residual = 1.090773e-06, No Iterations 5
time step continuity errors : sum local = 4.5751902e-05, global = -1.6218926e-05, cumulative = -0.0020297449
smoothSolver:  Solving for omega, Initial residual = 0.0010205431, Final residual = 5.3323833e-06, No Iterations 2
smoothSolver:  Solving for k, Initial residual = 0.028699604, Final residual = 0.00015301225, No Iterations 2
ExecutionTime = 108.69113 s  ClockTime = 109 s

Time = 73s

smoothSolver:  Solving for Ux, Initial residual = 0.010376418, Final residual = 0.00050125751, No Iterations 2
smoothSolver:  Solving for Uy, Initial residual = 0.023317685, Final residual = 0.0011051131, No Iterations 2
smoothSolver:  Solving for Uz, Initial residual = 0.023229298, Final residual = 0.0011163602, No Iterations 2
GAMG:  Solving for p, Initial residual = 0.01843508, Final residual = 0.00010752384, No Iterations 3
GAMG:  Solving for p, Initial residual = 0.0001927574, Final residual = 1.214389e-06, No Iterations 5
time step continuity errors : sum local = 5.0414095e-05, global = -1.7129733e-05, cumulative = -0.0020468747
smoothSolver:  Solving for omega, Initial residual = 0.0010299505, Final residual = 5.476909e-06, No Iterations 2
smoothSolver:  Solving for k, Initial residual = 0.028592688, Final residual = 0.00015497195, No Iterations 2
ExecutionTime = 110.53203 s  ClockTime = 111 s

Time = 74s

smoothSolver:  Solving for Ux, Initial residual = 0.010512272, Final residual = 0.00050759012, No Iterations 2
smoothSolver:  Solving for Uy, Initial residual = 0.023215951, Final residual = 0.0011039956, No Iterations 2
smoothSolver:  Solving for Uz, Initial residual = 0.023123153, Final residual = 0.0011143397, No Iterations 2
GAMG:  Solving for p, Initial residual = 0.018317951, Final residual = 0.00010599087, No Iterations 3
GAMG:  Solving for p, Initial residual = 0.00019320476, Final residual = 1.266148e-06, No Iterations 5
time step continuity errors : sum local = 5.2901595e-05, global = -1.7199389e-05, cumulative = -0.002064074
smoothSolver:  Solving for omega, Initial residual = 0.0010343324, Final residual = 5.4510856e-06, No Iterations 2
smoothSolver:  Solving for k, Initial residual = 0.0284952, Final residual = 0.00015599052, No Iterations 2
ExecutionTime = 112.24157 s  ClockTime = 112 s

Time = 75s

smoothSolver:  Solving for Ux, Initial residual = 0.010645453, Final residual = 0.00051386593, No Iterations 2
smoothSolver:  Solving for Uy, Initial residual = 0.023168287, Final residual = 0.0011064152, No Iterations 2
smoothSolver:  Solving for Uz, Initial residual = 0.023079374, Final residual = 0.001115704, No Iterations 2
GAMG:  Solving for p, Initial residual = 0.018337553, Final residual = 0.00010522346, No Iterations 3
GAMG:  Solving for p, Initial residual = 0.0001951809, Final residual = 1.2216003e-06, No Iterations 5
time step continuity errors : sum local = 5.1006481e-05, global = -1.6322746e-05, cumulative = -0.0020803968
smoothSolver:  Solving for omega, Initial residual = 0.0010406668, Final residual = 5.4234864e-06, No Iterations 2
smoothSolver:  Solving for k, Initial residual = 0.028407691, Final residual = 0.00015820639, No Iterations 2
ExecutionTime = 113.70863 s  ClockTime = 114 s

Time = 76s

smoothSolver:  Solving for Ux, Initial residual = 0.010770457, Final residual = 0.00051996856, No Iterations 2
smoothSolver:  Solving for Uy, Initial residual = 0.023194332, Final residual = 0.0011120686, No Iterations 2
smoothSolver:  Solving for Uz, Initial residual = 0.023099453, Final residual = 0.0011203303, No Iterations 2
GAMG:  Solving for p, Initial residual = 0.018452195, Final residual = 0.0001049278, No Iterations 3
GAMG:  Solving for p, Initial residual = 0.00019784333, Final residual = 1.9254494e-06, No Iterations 4
time step continuity errors : sum local = 8.0058363e-05, global = 2.0276705e-05, cumulative = -0.0020601201
smoothSolver:  Solving for omega, Initial residual = 0.0010436301, Final residual = 5.5349948e-06, No Iterations 2
smoothSolver:  Solving for k, Initial residual = 0.028331396, Final residual = 0.00015887622, No Iterations 2
ExecutionTime = 115.05482 s  ClockTime = 115 s

Time = 77s

smoothSolver:  Solving for Ux, Initial residual = 0.010885756, Final residual = 0.00052578638, No Iterations 2
smoothSolver:  Solving for Uy, Initial residual = 0.023267298, Final residual = 0.0011208962, No Iterations 2
smoothSolver:  Solving for Uz, Initial residual = 0.02315509, Final residual = 0.0011280004, No Iterations 2
GAMG:  Solving for p, Initial residual = 0.018557319, Final residual = 0.00010467282, No Iterations 3
GAMG:  Solving for p, Initial residual = 0.00020121152, Final residual = 1.9470595e-06, No Iterations 4
time step continuity errors : sum local = 8.0667145e-05, global = -3.1345741e-05, cumulative = -0.0020914658
smoothSolver:  Solving for omega, Initial residual = 0.0010540589, Final residual = 5.5575571e-06, No Iterations 2
smoothSolver:  Solving for k, Initial residual = 0.028260803, Final residual = 0.0001616514, No Iterations 2
ExecutionTime = 116.72582 s  ClockTime = 117 s

Time = 78s

smoothSolver:  Solving for Ux, Initial residual = 0.010995062, Final residual = 0.00053131608, No Iterations 2
smoothSolver:  Solving for Uy, Initial residual = 0.023384767, Final residual = 0.0011324736, No Iterations 2
smoothSolver:  Solving for Uz, Initial residual = 0.023275569, Final residual = 0.0011383534, No Iterations 2
GAMG:  Solving for p, Initial residual = 0.018751442, Final residual = 0.00010438119, No Iterations 3
GAMG:  Solving for p, Initial residual = 0.00020516853, Final residual = 2.0423876e-06, No Iterations 5
time step continuity errors : sum local = 8.4240709e-05, global = 3.949398e-05, cumulative = -0.0020519718
smoothSolver:  Solving for omega, Initial residual = 0.0010580268, Final residual = 5.5961571e-06, No Iterations 2
smoothSolver:  Solving for k, Initial residual = 0.028194432, Final residual = 0.00016394271, No Iterations 2
ExecutionTime = 118.39531 s  ClockTime = 119 s

Time = 79s

smoothSolver:  Solving for Ux, Initial residual = 0.011097, Final residual = 0.00053662481, No Iterations 2
smoothSolver:  Solving for Uy, Initial residual = 0.023542591, Final residual = 0.0011469949, No Iterations 2
smoothSolver:  Solving for Uz, Initial residual = 0.023437089, Final residual = 0.0011511871, No Iterations 2
GAMG:  Solving for p, Initial residual = 0.019019565, Final residual = 0.00010509899, No Iterations 3
GAMG:  Solving for p, Initial residual = 0.0002110487, Final residual = 1.076871e-06, No Iterations 6
time step continuity errors : sum local = 4.4149158e-05, global = -1.0281581e-05, cumulative = -0.0020622534
smoothSolver:  Solving for omega, Initial residual = 0.0010658134, Final residual = 5.6321707e-06, No Iterations 2
smoothSolver:  Solving for k, Initial residual = 0.028142243, Final residual = 0.00016628644, No Iterations 2
ExecutionTime = 120.13502 s  ClockTime = 120 s

Time = 80s

smoothSolver:  Solving for Ux, Initial residual = 0.011190275, Final residual = 0.00054178972, No Iterations 2
smoothSolver:  Solving for Uy, Initial residual = 0.023736774, Final residual = 0.0011635593, No Iterations 2
smoothSolver:  Solving for Uz, Initial residual = 0.023630671, Final residual = 0.0011656087, No Iterations 2
GAMG:  Solving for p, Initial residual = 0.019345126, Final residual = 0.00010613403, No Iterations 3
GAMG:  Solving for p, Initial residual = 0.00021797597, Final residual = 1.1022256e-06, No Iterations 6
time step continuity errors : sum local = 4.4781614e-05, global = -1.0024074e-05, cumulative = -0.0020722775
smoothSolver:  Solving for omega, Initial residual = 0.001063926, Final residual = 5.6010242e-06, No Iterations 2
smoothSolver:  Solving for k, Initial residual = 0.028093484, Final residual = 0.00016935473, No Iterations 2
ExecutionTime = 121.5923 s  ClockTime = 122 s

Time = 81s

smoothSolver:  Solving for Ux, Initial residual = 0.011279142, Final residual = 0.00054671278, No Iterations 2
smoothSolver:  Solving for Uy, Initial residual = 0.023957854, Final residual = 0.0011817249, No Iterations 2
smoothSolver:  Solving for Uz, Initial residual = 0.023842346, Final residual = 0.0011814354, No Iterations 2
GAMG:  Solving for p, Initial residual = 0.019579277, Final residual = 0.00010705884, No Iterations 3
GAMG:  Solving for p, Initial residual = 0.00022411004, Final residual = 1.0487183e-06, No Iterations 6
time step continuity errors : sum local = 4.2444576e-05, global = -1.0918896e-05, cumulative = -0.0020831964
smoothSolver:  Solving for omega, Initial residual = 0.0010674352, Final residual = 5.6379311e-06, No Iterations 2
smoothSolver:  Solving for k, Initial residual = 0.028050228, Final residual = 0.00017159516, No Iterations 2
ExecutionTime = 122.9658 s  ClockTime = 123 s

Time = 82s

smoothSolver:  Solving for Ux, Initial residual = 0.011363466, Final residual = 0.0005514286, No Iterations 2
smoothSolver:  Solving for Uy, Initial residual = 0.024191669, Final residual = 0.0012011459, No Iterations 2
smoothSolver:  Solving for Uz, Initial residual = 0.02407316, Final residual = 0.0011983569, No Iterations 2
GAMG:  Solving for p, Initial residual = 0.019954218, Final residual = 0.00010880207, No Iterations 3
GAMG:  Solving for p, Initial residual = 0.00023176639, Final residual = 1.7725957e-06, No Iterations 5
time step continuity errors : sum local = 7.1110016e-05, global = 3.0311232e-05, cumulative = -0.0020528852
smoothSolver:  Solving for omega, Initial residual = 0.0010694373, Final residual = 5.721525e-06, No Iterations 2
smoothSolver:  Solving for k, Initial residual = 0.028026537, Final residual = 0.00017538728, No Iterations 2
ExecutionTime = 124.50402 s  ClockTime = 125 s

Time = 83s

smoothSolver:  Solving for Ux, Initial residual = 0.011444775, Final residual = 0.00055590913, No Iterations 2
smoothSolver:  Solving for Uy, Initial residual = 0.024448836, Final residual = 0.0012208317, No Iterations 2
smoothSolver:  Solving for Uz, Initial residual = 0.024326132, Final residual = 0.0012155016, No Iterations 2
GAMG:  Solving for p, Initial residual = 0.020277161, Final residual = 0.00011044223, No Iterations 3
GAMG:  Solving for p, Initial residual = 0.00023810248, Final residual = 2.127165e-06, No Iterations 4
time step continuity errors : sum local = 8.4933673e-05, global = -7.5546384e-06, cumulative = -0.0020604398
smoothSolver:  Solving for omega, Initial residual = 0.0010732063, Final residual = 5.7695172e-06, No Iterations 2
smoothSolver:  Solving for k, Initial residual = 0.028012129, Final residual = 0.00017894181, No Iterations 2
ExecutionTime = 126.10063 s  ClockTime = 126 s

Time = 84s

smoothSolver:  Solving for Ux, Initial residual = 0.011521973, Final residual = 0.00055996534, No Iterations 2
smoothSolver:  Solving for Uy, Initial residual = 0.024728269, Final residual = 0.00030138257, No Iterations 3
smoothSolver:  Solving for Uz, Initial residual = 0.024581214, Final residual = 0.00030051312, No Iterations 3
GAMG:  Solving for p, Initial residual = 0.020878316, Final residual = 0.00011280155, No Iterations 3
GAMG:  Solving for p, Initial residual = 0.00024713154, Final residual = 1.3275272e-06, No Iterations 5
time step continuity errors : sum local = 5.2544058e-05, global = -1.6252407e-05, cumulative = -0.0020766922
smoothSolver:  Solving for omega, Initial residual = 0.0010703071, Final residual = 5.7294342e-06, No Iterations 2
smoothSolver:  Solving for k, Initial residual = 0.02802184, Final residual = 0.00018373752, No Iterations 2
ExecutionTime = 127.51182 s  ClockTime = 128 s

Time = 85s

smoothSolver:  Solving for Ux, Initial residual = 0.011667538, Final residual = 0.00056757754, No Iterations 2
smoothSolver:  Solving for Uy, Initial residual = 0.024818762, Final residual = 0.00030285802, No Iterations 3
smoothSolver:  Solving for Uz, Initial residual = 0.024659106, Final residual = 0.00030140176, No Iterations 3
GAMG:  Solving for p, Initial residual = 0.021884919, Final residual = 0.00011767858, No Iterations 3
GAMG:  Solving for p, Initial residual = 0.00025998928, Final residual = 1.3810873e-06, No Iterations 5
time step continuity errors : sum local = 5.3299507e-05, global = -1.4857903e-05, cumulative = -0.0020915501
smoothSolver:  Solving for omega, Initial residual = 0.0010727625, Final residual = 5.8165678e-06, No Iterations 2
smoothSolver:  Solving for k, Initial residual = 0.028007574, Final residual = 0.00018797966, No Iterations 2
ExecutionTime = 128.92292 s  ClockTime = 129 s

Time = 86s

smoothSolver:  Solving for Ux, Initial residual = 0.011746183, Final residual = 0.00057164527, No Iterations 2
smoothSolver:  Solving for Uy, Initial residual = 0.025031057, Final residual = 0.00030608293, No Iterations 3
smoothSolver:  Solving for Uz, Initial residual = 0.024854482, Final residual = 0.00030418737, No Iterations 3
GAMG:  Solving for p, Initial residual = 0.022664702, Final residual = 0.0001197684, No Iterations 3
GAMG:  Solving for p, Initial residual = 0.00027074709, Final residual = 2.5935402e-06, No Iterations 4
time step continuity errors : sum local = 9.8005408e-05, global = 2.8114068e-05, cumulative = -0.0020634361
smoothSolver:  Solving for omega, Initial residual = 0.0010715395, Final residual = 5.7705111e-06, No Iterations 2
smoothSolver:  Solving for k, Initial residual = 0.028001819, Final residual = 0.00019281062, No Iterations 2
ExecutionTime = 130.28881 s  ClockTime = 131 s

Time = 87s

smoothSolver:  Solving for Ux, Initial residual = 0.011798833, Final residual = 0.0005750672, No Iterations 2
smoothSolver:  Solving for Uy, Initial residual = 0.025206146, Final residual = 0.00030892609, No Iterations 3
smoothSolver:  Solving for Uz, Initial residual = 0.025033596, Final residual = 0.00030672326, No Iterations 3
GAMG:  Solving for p, Initial residual = 0.02326482, Final residual = 0.00012025017, No Iterations 3
GAMG:  Solving for p, Initial residual = 0.00028008522, Final residual = 2.1100935e-06, No Iterations 4
time step continuity errors : sum local = 7.8346146e-05, global = -2.1837229e-05, cumulative = -0.0020852733
smoothSolver:  Solving for omega, Initial residual = 0.0010720796, Final residual = 5.7661692e-06, No Iterations 2
smoothSolver:  Solving for k, Initial residual = 0.027975637, Final residual = 0.00019778739, No Iterations 2
ExecutionTime = 131.63333 s  ClockTime = 132 s

Time = 88s

smoothSolver:  Solving for Ux, Initial residual = 0.011842434, Final residual = 0.00057831794, No Iterations 2
smoothSolver:  Solving for Uy, Initial residual = 0.025334237, Final residual = 0.00031105689, No Iterations 3
smoothSolver:  Solving for Uz, Initial residual = 0.025178068, Final residual = 0.00030874074, No Iterations 3
GAMG:  Solving for p, Initial residual = 0.023885052, Final residual = 0.00012056721, No Iterations 3
GAMG:  Solving for p, Initial residual = 0.00028959084, Final residual = 2.3410927e-06, No Iterations 5
time step continuity errors : sum local = 8.5862981e-05, global = 3.8978768e-05, cumulative = -0.0020462945
smoothSolver:  Solving for omega, Initial residual = 0.0010681095, Final residual = 5.8782488e-06, No Iterations 2
smoothSolver:  Solving for k, Initial residual = 0.027911224, Final residual = 0.00020286471, No Iterations 2
ExecutionTime = 133.0216 s  ClockTime = 133 s

Time = 89s

smoothSolver:  Solving for Ux, Initial residual = 0.011875513, Final residual = 0.00058198648, No Iterations 2
smoothSolver:  Solving for Uy, Initial residual = 0.025419506, Final residual = 0.00031246375, No Iterations 3
smoothSolver:  Solving for Uz, Initial residual = 0.025277271, Final residual = 0.00031016529, No Iterations 3
GAMG:  Solving for p, Initial residual = 0.024339367, Final residual = 0.00012234683, No Iterations 3
GAMG:  Solving for p, Initial residual = 0.00029997892, Final residual = 2.9939994e-06, No Iterations 5
time step continuity errors : sum local = 0.00010913398, global = 5.3459913e-05, cumulative = -0.0019928346
smoothSolver:  Solving for omega, Initial residual = 0.0010713188, Final residual = 5.8787261e-06, No Iterations 2
smoothSolver:  Solving for k, Initial residual = 0.027858166, Final residual = 0.00020888509, No Iterations 2
ExecutionTime = 134.45438 s  ClockTime = 135 s

Time = 90s

smoothSolver:  Solving for Ux, Initial residual = 0.011894584, Final residual = 0.00058622195, No Iterations 2
smoothSolver:  Solving for Uy, Initial residual = 0.025448837, Final residual = 0.00031313013, No Iterations 3
smoothSolver:  Solving for Uz, Initial residual = 0.025315997, Final residual = 0.00031105704, No Iterations 3
GAMG:  Solving for p, Initial residual = 0.024742646, Final residual = 0.00012465885, No Iterations 3
GAMG:  Solving for p, Initial residual = 0.00031246133, Final residual = 2.9050074e-06, No Iterations 5
time step continuity errors : sum local = 0.00010536195, global = 5.0264747e-05, cumulative = -0.0019425699
smoothSolver:  Solving for omega, Initial residual = 0.0010704592, Final residual = 5.8779532e-06, No Iterations 2
smoothSolver:  Solving for k, Initial residual = 0.027771975, Final residual = 0.00021434872, No Iterations 2
ExecutionTime = 136.15589 s  ClockTime = 136 s

Time = 91s

smoothSolver:  Solving for Ux, Initial residual = 0.011893898, Final residual = 0.00059068305, No Iterations 2
smoothSolver:  Solving for Uy, Initial residual = 0.025407979, Final residual = 0.00031310374, No Iterations 3
smoothSolver:  Solving for Uz, Initial residual = 0.025318509, Final residual = 0.00031177522, No Iterations 3
GAMG:  Solving for p, Initial residual = 0.025102976, Final residual = 0.00012617574, No Iterations 3
GAMG:  Solving for p, Initial residual = 0.00032437072, Final residual = 3.1783328e-06, No Iterations 4
time step continuity errors : sum local = 0.00011475181, global = -3.7098688e-05, cumulative = -0.0019796685
smoothSolver:  Solving for omega, Initial residual = 0.0010748721, Final residual = 5.9233086e-06, No Iterations 2
smoothSolver:  Solving for k, Initial residual = 0.027681857, Final residual = 0.00022019905, No Iterations 2
ExecutionTime = 137.77495 s  ClockTime = 138 s

Time = 92s

smoothSolver:  Solving for Ux, Initial residual = 0.011876384, Final residual = 0.00014615367, No Iterations 3
smoothSolver:  Solving for Uy, Initial residual = 0.025332514, Final residual = 0.00031263134, No Iterations 3
smoothSolver:  Solving for Uz, Initial residual = 0.025298314, Final residual = 0.00031236864, No Iterations 3
GAMG:  Solving for p, Initial residual = 0.025684499, Final residual = 0.00012951537, No Iterations 3
GAMG:  Solving for p, Initial residual = 0.00034139553, Final residual = 2.2671426e-06, No Iterations 4
time step continuity errors : sum local = 8.1539966e-05, global = 2.7932634e-05, cumulative = -0.0019517359
smoothSolver:  Solving for omega, Initial residual = 0.0010710743, Final residual = 5.8906064e-06, No Iterations 2
smoothSolver:  Solving for k, Initial residual = 0.027555699, Final residual = 0.00022566321, No Iterations 2
ExecutionTime = 139.67662 s  ClockTime = 140 s

Time = 93s

smoothSolver:  Solving for Ux, Initial residual = 0.011770778, Final residual = 0.0001462767, No Iterations 3
smoothSolver:  Solving for Uy, Initial residual = 0.025411052, Final residual = 0.00031479677, No Iterations 3
smoothSolver:  Solving for Uz, Initial residual = 0.025429584, Final residual = 0.00031567932, No Iterations 3
GAMG:  Solving for p, Initial residual = 0.025866788, Final residual = 0.00013162482, No Iterations 3
GAMG:  Solving for p, Initial residual = 0.00035568477, Final residual = 2.5216954e-06, No Iterations 4
time step continuity errors : sum local = 8.9916482e-05, global = 2.8138269e-05, cumulative = -0.0019235976
smoothSolver:  Solving for omega, Initial residual = 0.0010745563, Final residual = 5.9692705e-06, No Iterations 2
smoothSolver:  Solving for k, Initial residual = 0.027424159, Final residual = 0.00023075297, No Iterations 2
ExecutionTime = 141.50365 s  ClockTime = 142 s

Time = 94s

smoothSolver:  Solving for Ux, Initial residual = 0.011701216, Final residual = 0.00014719588, No Iterations 3
smoothSolver:  Solving for Uy, Initial residual = 0.025333992, Final residual = 0.00031468321, No Iterations 3
smoothSolver:  Solving for Uz, Initial residual = 0.02539461, Final residual = 0.00031675514, No Iterations 3
GAMG:  Solving for p, Initial residual = 0.026170645, Final residual = 0.00013510709, No Iterations 3
GAMG:  Solving for p, Initial residual = 0.00037321783, Final residual = 2.6342917e-06, No Iterations 4
time step continuity errors : sum local = 9.3032373e-05, global = 2.0055161e-05, cumulative = -0.0019035425
smoothSolver:  Solving for omega, Initial residual = 0.0010779481, Final residual = 6.0655293e-06, No Iterations 2
smoothSolver:  Solving for k, Initial residual = 0.027235178, Final residual = 0.00023573088, No Iterations 2
ExecutionTime = 143.13503 s  ClockTime = 143 s

Time = 95s

smoothSolver:  Solving for Ux, Initial residual = 0.011630381, Final residual = 0.00014804705, No Iterations 3
smoothSolver:  Solving for Uy, Initial residual = 0.025241525, Final residual = 0.0003144354, No Iterations 3
smoothSolver:  Solving for Uz, Initial residual = 0.025342829, Final residual = 0.0003175793, No Iterations 3
GAMG:  Solving for p, Initial residual = 0.0263714, Final residual = 0.00013785939, No Iterations 3
GAMG:  Solving for p, Initial residual = 0.00039005283, Final residual = 2.4549591e-06, No Iterations 4
time step continuity errors : sum local = 8.5991355e-05, global = 1.7017938e-05, cumulative = -0.0018865245
smoothSolver:  Solving for omega, Initial residual = 0.0010826119, Final residual = 6.0563331e-06, No Iterations 2
smoothSolver:  Solving for k, Initial residual = 0.027007411, Final residual = 0.00023983941, No Iterations 2
ExecutionTime = 144.53662 s  ClockTime = 145 s

Time = 96s

smoothSolver:  Solving for Ux, Initial residual = 0.011554876, Final residual = 0.00014875441, No Iterations 3
smoothSolver:  Solving for Uy, Initial residual = 0.025159823, Final residual = 0.00031450829, No Iterations 3
smoothSolver:  Solving for Uz, Initial residual = 0.02530851, Final residual = 0.00031847012, No Iterations 3
GAMG:  Solving for p, Initial residual = 0.026604847, Final residual = 0.00013995901, No Iterations 3
GAMG:  Solving for p, Initial residual = 0.00040895894, Final residual = 2.5791533e-06, No Iterations 4
time step continuity errors : sum local = 8.9712572e-05, global = 1.8375325e-05, cumulative = -0.0018681492
smoothSolver:  Solving for omega, Initial residual = 0.0010771503, Final residual = 6.0648626e-06, No Iterations 2
smoothSolver:  Solving for k, Initial residual = 0.026764254, Final residual = 0.00024284845, No Iterations 2
ExecutionTime = 145.92018 s  ClockTime = 146 s

Time = 97s

smoothSolver:  Solving for Ux, Initial residual = 0.011475695, Final residual = 0.00014934699, No Iterations 3
smoothSolver:  Solving for Uy, Initial residual = 0.025114131, Final residual = 0.00031509152, No Iterations 3
smoothSolver:  Solving for Uz, Initial residual = 0.025296918, Final residual = 0.00031957295, No Iterations 3
GAMG:  Solving for p, Initial residual = 0.026732649, Final residual = 0.00014204908, No Iterations 3
GAMG:  Solving for p, Initial residual = 0.00042726034, Final residual = 2.7594283e-06, No Iterations 4
time step continuity errors : sum local = 9.545691e-05, global = 1.9842766e-05, cumulative = -0.0018483064
smoothSolver:  Solving for omega, Initial residual = 0.0010811099, Final residual = 6.1319077e-06, No Iterations 2
smoothSolver:  Solving for k, Initial residual = 0.026466994, Final residual = 0.00024548401, No Iterations 2
ExecutionTime = 147.55045 s  ClockTime = 148 s

Time = 98s

smoothSolver:  Solving for Ux, Initial residual = 0.011399514, Final residual = 0.00014986878, No Iterations 3
smoothSolver:  Solving for Uy, Initial residual = 0.02512419, Final residual = 0.00031638686, No Iterations 3
smoothSolver:  Solving for Uz, Initial residual = 0.025316263, Final residual = 0.00032086136, No Iterations 3
GAMG:  Solving for p, Initial residual = 0.026834769, Final residual = 0.00014355624, No Iterations 3
GAMG:  Solving for p, Initial residual = 0.00044487927, Final residual = 2.8452824e-06, No Iterations 4
time step continuity errors : sum local = 9.7980803e-05, global = 2.2205305e-05, cumulative = -0.0018261011
smoothSolver:  Solving for omega, Initial residual = 0.0010797082, Final residual = 6.1241628e-06, No Iterations 2
smoothSolver:  Solving for k, Initial residual = 0.026155509, Final residual = 0.00024673248, No Iterations 2
ExecutionTime = 148.94345 s  ClockTime = 149 s

Time = 99s

smoothSolver:  Solving for Ux, Initial residual = 0.011327465, Final residual = 0.00015031055, No Iterations 3
smoothSolver:  Solving for Uy, Initial residual = 0.025201034, Final residual = 0.0003185068, No Iterations 3
smoothSolver:  Solving for Uz, Initial residual = 0.025380516, Final residual = 0.00032243674, No Iterations 3
GAMG:  Solving for p, Initial residual = 0.027049585, Final residual = 0.00014400425, No Iterations 3
GAMG:  Solving for p, Initial residual = 0.00046274604, Final residual = 2.8472307e-06, No Iterations 4
time step continuity errors : sum local = 9.754993e-05, global = 2.6257886e-05, cumulative = -0.0017998433
smoothSolver:  Solving for omega, Initial residual = 0.0010833235, Final residual = 6.1418913e-06, No Iterations 2
smoothSolver:  Solving for k, Initial residual = 0.02581551, Final residual = 0.00024743448, No Iterations 2
ExecutionTime = 150.29635 s  ClockTime = 151 s

Time = 100s

smoothSolver:  Solving for Ux, Initial residual = 0.011262427, Final residual = 0.0001506957, No Iterations 3
smoothSolver:  Solving for Uy, Initial residual = 0.025351237, Final residual = 0.00032140489, No Iterations 3
smoothSolver:  Solving for Uz, Initial residual = 0.025470595, Final residual = 0.00032434461, No Iterations 3
GAMG:  Solving for p, Initial residual = 0.027273906, Final residual = 0.00014462819, No Iterations 3
GAMG:  Solving for p, Initial residual = 0.00048009361, Final residual = 2.6658592e-06, No Iterations 4
time step continuity errors : sum local = 9.0904399e-05, global = 2.9030049e-05, cumulative = -0.0017708132
smoothSolver:  Solving for omega, Initial residual = 0.0010806949, Final residual = 6.186676e-06, No Iterations 2
smoothSolver:  Solving for k, Initial residual = 0.025486893, Final residual = 0.00024776961, No Iterations 2
ExecutionTime = 151.58341 s  ClockTime = 152 s

Time = 101s

smoothSolver:  Solving for Ux, Initial residual = 0.011208903, Final residual = 0.00015103924, No Iterations 3
smoothSolver:  Solving for Uy, Initial residual = 0.025562166, Final residual = 0.00032492796, No Iterations 3
smoothSolver:  Solving for Uz, Initial residual = 0.025591254, Final residual = 0.00032650185, No Iterations 3
GAMG:  Solving for p, Initial residual = 0.027533809, Final residual = 0.0001468764, No Iterations 3
GAMG:  Solving for p, Initial residual = 0.00049687196, Final residual = 2.2757811e-06, No Iterations 4
time step continuity errors : sum local = 7.7160632e-05, global = 1.6429611e-05, cumulative = -0.0017543836
smoothSolver:  Solving for omega, Initial residual = 0.0010848416, Final residual = 6.2372283e-06, No Iterations 2
smoothSolver:  Solving for k, Initial residual = 0.025141581, Final residual = 0.00024755607, No Iterations 2
ExecutionTime = 152.96084 s  ClockTime = 153 s

Time = 102s

smoothSolver:  Solving for Ux, Initial residual = 0.011163012, Final residual = 0.00015132961, No Iterations 3
smoothSolver:  Solving for Uy, Initial residual = 0.025824726, Final residual = 0.00032868621, No Iterations 3
smoothSolver:  Solving for Uz, Initial residual = 0.025719452, Final residual = 0.00032880477, No Iterations 3
GAMG:  Solving for p, Initial residual = 0.027800094, Final residual = 0.00015082878, No Iterations 3
GAMG:  Solving for p, Initial residual = 0.00050909925, Final residual = 2.4544258e-06, No Iterations 4
time step continuity errors : sum local = 8.2717328e-05, global = -5.1700944e-06, cumulative = -0.0017595537
smoothSolver:  Solving for omega, Initial residual = 0.0010821382, Final residual = 6.185322e-06, No Iterations 2
smoothSolver:  Solving for k, Initial residual = 0.024841591, Final residual = 0.00024729914, No Iterations 2
ExecutionTime = 154.35851 s  ClockTime = 155 s

Time = 103s

smoothSolver:  Solving for Ux, Initial residual = 0.011124192, Final residual = 0.00015156454, No Iterations 3
smoothSolver:  Solving for Uy, Initial residual = 0.026130272, Final residual = 0.00033247539, No Iterations 3
smoothSolver:  Solving for Uz, Initial residual = 0.025868274, Final residual = 0.00033129912, No Iterations 3
GAMG:  Solving for p, Initial residual = 0.028133001, Final residual = 0.00015561855, No Iterations 3
GAMG:  Solving for p, Initial residual = 0.00052225588, Final residual = 3.0662702e-06, No Iterations 4
time step continuity errors : sum local = 0.00010268511, global = -2.1864192e-05, cumulative = -0.0017814179
smoothSolver:  Solving for omega, Initial residual = 0.0010839199, Final residual = 6.206203e-06, No Iterations 2
smoothSolver:  Solving for k, Initial residual = 0.024526477, Final residual = 0.00024680515, No Iterations 2
ExecutionTime = 156.15773 s  ClockTime = 156 s

Time = 104s

smoothSolver:  Solving for Ux, Initial residual = 0.011088881, Final residual = 0.00015169963, No Iterations 3
smoothSolver:  Solving for Uy, Initial residual = 0.026461753, Final residual = 0.00033628266, No Iterations 3
smoothSolver:  Solving for Uz, Initial residual = 0.026005249, Final residual = 0.00033374723, No Iterations 3
GAMG:  Solving for p, Initial residual = 0.028299682, Final residual = 0.00015966655, No Iterations 3
GAMG:  Solving for p, Initial residual = 0.00052808845, Final residual = 3.482362e-06, No Iterations 4
time step continuity errors : sum local = 0.00011598318, global = -3.3124748e-05, cumulative = -0.0018145426
smoothSolver:  Solving for omega, Initial residual = 0.0010762415, Final residual = 6.1791415e-06, No Iterations 2
smoothSolver:  Solving for k, Initial residual = 0.024244135, Final residual = 0.00024629338, No Iterations 2
ExecutionTime = 157.99403 s  ClockTime = 158 s

Time = 105s

smoothSolver:  Solving for Ux, Initial residual = 0.011056051, Final residual = 0.00015168352, No Iterations 3
smoothSolver:  Solving for Uy, Initial residual = 0.026797566, Final residual = 0.0003401415, No Iterations 3
smoothSolver:  Solving for Uz, Initial residual = 0.026131638, Final residual = 0.00033628269, No Iterations 3
GAMG:  Solving for p, Initial residual = 0.028402856, Final residual = 0.00016261595, No Iterations 3
GAMG:  Solving for p, Initial residual = 0.00053007135, Final residual = 3.8356531e-06, No Iterations 4
time step continuity errors : sum local = 0.00012717741, global = -3.8788731e-05, cumulative = -0.0018533314
smoothSolver:  Solving for omega, Initial residual = 0.001074739, Final residual = 6.1468515e-06, No Iterations 2
smoothSolver:  Solving for k, Initial residual = 0.02397952, Final residual = 0.00024576987, No Iterations 2
ExecutionTime = 160.10926 s  ClockTime = 160 s

Time = 106s

smoothSolver:  Solving for Ux, Initial residual = 0.011021371, Final residual = 0.00015152777, No Iterations 3
smoothSolver:  Solving for Uy, Initial residual = 0.027115294, Final residual = 0.00034390448, No Iterations 3
smoothSolver:  Solving for Uz, Initial residual = 0.026267708, Final residual = 0.00033870788, No Iterations 3
GAMG:  Solving for p, Initial residual = 0.028402295, Final residual = 0.00016505984, No Iterations 3
GAMG:  Solving for p, Initial residual = 0.00052881571, Final residual = 4.1482856e-06, No Iterations 4
time step continuity errors : sum local = 0.00013703649, global = -4.0619815e-05, cumulative = -0.0018939512
smoothSolver:  Solving for omega, Initial residual = 0.0010710318, Final residual = 6.2295087e-06, No Iterations 2
smoothSolver:  Solving for k, Initial residual = 0.023733272, Final residual = 0.00024528882, No Iterations 2
ExecutionTime = 162.05043 s  ClockTime = 162 s

Time = 107s

smoothSolver:  Solving for Ux, Initial residual = 0.010982665, Final residual = 0.00015119872, No Iterations 3
smoothSolver:  Solving for Uy, Initial residual = 0.027406744, Final residual = 0.00034760684, No Iterations 3
smoothSolver:  Solving for Uz, Initial residual = 0.026386033, Final residual = 0.00034108867, No Iterations 3
GAMG:  Solving for p, Initial residual = 0.028304159, Final residual = 0.00016775771, No Iterations 3
GAMG:  Solving for p, Initial residual = 0.00052723407, Final residual = 4.5488547e-06, No Iterations 4
time step continuity errors : sum local = 0.00014990385, global = -4.4295446e-05, cumulative = -0.0019382466
smoothSolver:  Solving for omega, Initial residual = 0.0010711768, Final residual = 6.1584849e-06, No Iterations 2
smoothSolver:  Solving for k, Initial residual = 0.023531303, Final residual = 0.00024500303, No Iterations 2
ExecutionTime = 163.43505 s  ClockTime = 164 s

Time = 108s

smoothSolver:  Solving for Ux, Initial residual = 0.010940225, Final residual = 0.00015068152, No Iterations 3
smoothSolver:  Solving for Uy, Initial residual = 0.027657833, Final residual = 0.00035129861, No Iterations 3
smoothSolver:  Solving for Uz, Initial residual = 0.026520964, Final residual = 0.00034349854, No Iterations 3
GAMG:  Solving for p, Initial residual = 0.028162738, Final residual = 0.00016980954, No Iterations 3
GAMG:  Solving for p, Initial residual = 0.00052981732, Final residual = 4.6012632e-06, No Iterations 4
time step continuity errors : sum local = 0.00015144962, global = -4.4296014e-05, cumulative = -0.0019825426
smoothSolver:  Solving for omega, Initial residual = 0.0010612018, Final residual = 6.165122e-06, No Iterations 2
smoothSolver:  Solving for k, Initial residual = 0.023323555, Final residual = 0.00024440449, No Iterations 2
ExecutionTime = 164.73079 s  ClockTime = 165 s

Time = 109s

smoothSolver:  Solving for Ux, Initial residual = 0.010892437, Final residual = 0.00015005362, No Iterations 3
smoothSolver:  Solving for Uy, Initial residual = 0.027866437, Final residual = 0.00035489821, No Iterations 3
smoothSolver:  Solving for Uz, Initial residual = 0.026645258, Final residual = 0.00034597538, No Iterations 3
GAMG:  Solving for p, Initial residual = 0.028087407, Final residual = 0.00017100526, No Iterations 3
GAMG:  Solving for p, Initial residual = 0.00053250383, Final residual = 4.4762383e-06, No Iterations 4
time step continuity errors : sum local = 0.00014734059, global = -4.211762e-05, cumulative = -0.0020246603
smoothSolver:  Solving for omega, Initial residual = 0.0010622584, Final residual = 6.1989203e-06, No Iterations 2
smoothSolver:  Solving for k, Initial residual = 0.023150616, Final residual = 0.00024397501, No Iterations 2
ExecutionTime = 166.07892 s  ClockTime = 166 s

Time = 110s

smoothSolver:  Solving for Ux, Initial residual = 0.010843932, Final residual = 0.00014934045, No Iterations 3
smoothSolver:  Solving for Uy, Initial residual = 0.028042951, Final residual = 0.00035845007, No Iterations 3
smoothSolver:  Solving for Uz, Initial residual = 0.026793811, Final residual = 0.00034866927, No Iterations 3
GAMG:  Solving for p, Initial residual = 0.028021789, Final residual = 0.00017215845, No Iterations 3
GAMG:  Solving for p, Initial residual = 0.00053326063, Final residual = 4.1870844e-06, No Iterations 4
time step continuity errors : sum local = 0.00013799985, global = -3.9580166e-05, cumulative = -0.0020642404
smoothSolver:  Solving for omega, Initial residual = 0.0010603311, Final residual = 6.1848692e-06, No Iterations 2
smoothSolver:  Solving for k, Initial residual = 0.022978356, Final residual = 0.00024309395, No Iterations 2
ExecutionTime = 167.33553 s  ClockTime = 168 s

Time = 111s

smoothSolver:  Solving for Ux, Initial residual = 0.010790612, Final residual = 0.0001486451, No Iterations 3
smoothSolver:  Solving for Uy, Initial residual = 0.028196606, Final residual = 0.00036194575, No Iterations 3
smoothSolver:  Solving for Uz, Initial residual = 0.026938453, Final residual = 0.00035150093, No Iterations 3
GAMG:  Solving for p, Initial residual = 0.028106242, Final residual = 0.00017308435, No Iterations 3
GAMG:  Solving for p, Initial residual = 0.00053174059, Final residual = 4.0105855e-06, No Iterations 4
time step continuity errors : sum local = 0.00013222649, global = -3.7340736e-05, cumulative = -0.0021015812
smoothSolver:  Solving for omega, Initial residual = 0.0010587946, Final residual = 6.1091587e-06, No Iterations 2
smoothSolver:  Solving for k, Initial residual = 0.022815115, Final residual = 0.00024202563, No Iterations 2
ExecutionTime = 168.62283 s  ClockTime = 169 s

Time = 112s

smoothSolver:  Solving for Ux, Initial residual = 0.010737609, Final residual = 0.00014797296, No Iterations 3
smoothSolver:  Solving for Uy, Initial residual = 0.028341419, Final residual = 0.00036560342, No Iterations 3
smoothSolver:  Solving for Uz, Initial residual = 0.02710683, Final residual = 0.00035437863, No Iterations 3
GAMG:  Solving for p, Initial residual = 0.028177765, Final residual = 0.00017291405, No Iterations 3
GAMG:  Solving for p, Initial residual = 0.00053063894, Final residual = 3.8183241e-06, No Iterations 4
time step continuity errors : sum local = 0.00012598812, global = -3.4219688e-05, cumulative = -0.0021358008
smoothSolver:  Solving for omega, Initial residual = 0.0010526393, Final residual = 6.2151934e-06, No Iterations 2
smoothSolver:  Solving for k, Initial residual = 0.022678811, Final residual = 0.00024105874, No Iterations 2
ExecutionTime = 170.01772 s  ClockTime = 170 s

Time = 113s

smoothSolver:  Solving for Ux, Initial residual = 0.01068917, Final residual = 0.00014730151, No Iterations 3
smoothSolver:  Solving for Uy, Initial residual = 0.028485904, Final residual = 0.00036928536, No Iterations 3
smoothSolver:  Solving for Uz, Initial residual = 0.027284865, Final residual = 0.00035729232, No Iterations 3
GAMG:  Solving for p, Initial residual = 0.028234085, Final residual = 0.00017202765, No Iterations 3
GAMG:  Solving for p, Initial residual = 0.00053199176, Final residual = 3.5928167e-06, No Iterations 4
time step continuity errors : sum local = 0.00011855878, global = -2.9600607e-05, cumulative = -0.0021654015
smoothSolver:  Solving for omega, Initial residual = 0.0010550739, Final residual = 6.2129624e-06, No Iterations 2
smoothSolver:  Solving for k, Initial residual = 0.022556788, Final residual = 0.00024011557, No Iterations 2
ExecutionTime = 171.94944 s  ClockTime = 172 s

Time = 114s

smoothSolver:  Solving for Ux, Initial residual = 0.010647977, Final residual = 0.00014671121, No Iterations 3
smoothSolver:  Solving for Uy, Initial residual = 0.02865103, Final residual = 0.00037292412, No Iterations 3
smoothSolver:  Solving for Uz, Initial residual = 0.027476271, Final residual = 0.0003604105, No Iterations 3
GAMG:  Solving for p, Initial residual = 0.028290772, Final residual = 0.00017097447, No Iterations 3
GAMG:  Solving for p, Initial residual = 0.00053235609, Final residual = 3.3509487e-06, No Iterations 4
time step continuity errors : sum local = 0.0001104617, global = -2.4074249e-05, cumulative = -0.0021894757
smoothSolver:  Solving for omega, Initial residual = 0.0010538024, Final residual = 6.2401271e-06, No Iterations 2
smoothSolver:  Solving for k, Initial residual = 0.022452359, Final residual = 0.00023913045, No Iterations 2
ExecutionTime = 173.91183 s  ClockTime = 174 s

Time = 115s

smoothSolver:  Solving for Ux, Initial residual = 0.010618416, Final residual = 0.00014616502, No Iterations 3
smoothSolver:  Solving for Uy, Initial residual = 0.028819201, Final residual = 0.00037662248, No Iterations 3
smoothSolver:  Solving for Uz, Initial residual = 0.027691214, Final residual = 0.0003640777, No Iterations 3
GAMG:  Solving for p, Initial residual = 0.028456508, Final residual = 0.00016929057, No Iterations 3
GAMG:  Solving for p, Initial residual = 0.00053297837, Final residual = 3.1396079e-06, No Iterations 4
time step continuity errors : sum local = 0.00010321713, global = -1.8893162e-05, cumulative = -0.0022083689
smoothSolver:  Solving for omega, Initial residual = 0.0010568643, Final residual = 6.2869388e-06, No Iterations 2
smoothSolver:  Solving for k, Initial residual = 0.022390506, Final residual = 0.00023873677, No Iterations 2
ExecutionTime = 175.56337 s  ClockTime = 176 s

Time = 116s

smoothSolver:  Solving for Ux, Initial residual = 0.010597519, Final residual = 0.00014567265, No Iterations 3
smoothSolver:  Solving for Uy, Initial residual = 0.02899032, Final residual = 0.00038018013, No Iterations 3
smoothSolver:  Solving for Uz, Initial residual = 0.027964805, Final residual = 0.00036826062, No Iterations 3
GAMG:  Solving for p, Initial residual = 0.028669509, Final residual = 0.00016747727, No Iterations 3
GAMG:  Solving for p, Initial residual = 0.00053274796, Final residual = 3.1307249e-06, No Iterations 4
time step continuity errors : sum local = 0.00010242606, global = -1.8318501e-05, cumulative = -0.0022266874
smoothSolver:  Solving for omega, Initial residual = 0.0010554404, Final residual = 6.2968816e-06, No Iterations 2
smoothSolver:  Solving for k, Initial residual = 0.022353237, Final residual = 0.00023795037, No Iterations 2
ExecutionTime = 177.03316 s  ClockTime = 177 s

Time = 117s

smoothSolver:  Solving for Ux, Initial residual = 0.010581505, Final residual = 0.00014518951, No Iterations 3
smoothSolver:  Solving for Uy, Initial residual = 0.02915838, Final residual = 0.00038393622, No Iterations 3
smoothSolver:  Solving for Uz, Initial residual = 0.028287219, Final residual = 0.00037311358, No Iterations 3
GAMG:  Solving for p, Initial residual = 0.028950599, Final residual = 0.00016525167, No Iterations 3
GAMG:  Solving for p, Initial residual = 0.00053161559, Final residual = 3.1317563e-06, No Iterations 4
time step continuity errors : sum local = 0.00010171683, global = -1.7878597e-05, cumulative = -0.002244566
smoothSolver:  Solving for omega, Initial residual = 0.0010567628, Final residual = 6.334089e-06, No Iterations 2
smoothSolver:  Solving for k, Initial residual = 0.022366692, Final residual = 0.00023794172, No Iterations 2
ExecutionTime = 178.45179 s  ClockTime = 179 s

Time = 118s

smoothSolver:  Solving for Ux, Initial residual = 0.01057269, Final residual = 0.00014470983, No Iterations 3
smoothSolver:  Solving for Uy, Initial residual = 0.029316172, Final residual = 0.00038756388, No Iterations 3
smoothSolver:  Solving for Uz, Initial residual = 0.02866728, Final residual = 0.00037865617, No Iterations 3
GAMG:  Solving for p, Initial residual = 0.029153381, Final residual = 0.00016430971, No Iterations 3
GAMG:  Solving for p, Initial residual = 0.00053481926, Final residual = 3.2296995e-06, No Iterations 4
time step continuity errors : sum local = 0.00010389869, global = -1.6202864e-05, cumulative = -0.0022607688
smoothSolver:  Solving for omega, Initial residual = 0.0010620607, Final residual = 6.4894255e-06, No Iterations 2
smoothSolver:  Solving for k, Initial residual = 0.022400968, Final residual = 0.00023756522, No Iterations 2
ExecutionTime = 179.8371 s  ClockTime = 180 s

Time = 119s

smoothSolver:  Solving for Ux, Initial residual = 0.010569363, Final residual = 0.0001441992, No Iterations 3
smoothSolver:  Solving for Uy, Initial residual = 0.029491199, Final residual = 0.00039072496, No Iterations 3
smoothSolver:  Solving for Uz, Initial residual = 0.029083847, Final residual = 0.00038485111, No Iterations 3
GAMG:  Solving for p, Initial residual = 0.029312145, Final residual = 0.00016495647, No Iterations 3
GAMG:  Solving for p, Initial residual = 0.00054222972, Final residual = 3.3992669e-06, No Iterations 4
time step continuity errors : sum local = 0.0001080971, global = -7.1511178e-06, cumulative = -0.0022679199
smoothSolver:  Solving for omega, Initial residual = 0.001071305, Final residual = 6.5033782e-06, No Iterations 2
smoothSolver:  Solving for k, Initial residual = 0.022484207, Final residual = 0.00023823291, No Iterations 2
ExecutionTime = 181.45809 s  ClockTime = 182 s

Time = 120s

smoothSolver:  Solving for Ux, Initial residual = 0.010571035, Final residual = 0.00014367602, No Iterations 3
smoothSolver:  Solving for Uy, Initial residual = 0.029675908, Final residual = 0.00039328518, No Iterations 3
smoothSolver:  Solving for Uz, Initial residual = 0.029520655, Final residual = 0.00039117779, No Iterations 3
GAMG:  Solving for p, Initial residual = 0.029538676, Final residual = 0.00016635202, No Iterations 3
GAMG:  Solving for p, Initial residual = 0.00055419756, Final residual = 3.4538136e-06, No Iterations 4
time step continuity errors : sum local = 0.00010842092, global = 1.4741451e-06, cumulative = -0.0022664458
smoothSolver:  Solving for omega, Initial residual = 0.0010697336, Final residual = 6.5013756e-06, No Iterations 2
smoothSolver:  Solving for k, Initial residual = 0.022577488, Final residual = 0.00023859061, No Iterations 2
ExecutionTime = 183.51027 s  ClockTime = 184 s

Time = 121s

smoothSolver:  Solving for Ux, Initial residual = 0.010577547, Final residual = 0.000143214, No Iterations 3
smoothSolver:  Solving for Uy, Initial residual = 0.029864589, Final residual = 0.0003955219, No Iterations 3
smoothSolver:  Solving for Uz, Initial residual = 0.029995968, Final residual = 0.00039770259, No Iterations 3
GAMG:  Solving for p, Initial residual = 0.029868934, Final residual = 0.00016768527, No Iterations 3
GAMG:  Solving for p, Initial residual = 0.0005629878, Final residual = 3.6377995e-06, No Iterations 4
time step continuity errors : sum local = 0.00011262322, global = -4.019061e-06, cumulative = -0.0022704649
smoothSolver:  Solving for omega, Initial residual = 0.001076133, Final residual = 6.6418683e-06, No Iterations 2
smoothSolver:  Solving for k, Initial residual = 0.022679101, Final residual = 0.0002397446, No Iterations 2
ExecutionTime = 185.35654 s  ClockTime = 186 s

Time = 122s

smoothSolver:  Solving for Ux, Initial residual = 0.010585352, Final residual = 0.00014282783, No Iterations 3
smoothSolver:  Solving for Uy, Initial residual = 0.030060703, Final residual = 0.00039775973, No Iterations 3
smoothSolver:  Solving for Uz, Initial residual = 0.03046263, Final residual = 0.00040441676, No Iterations 3
GAMG:  Solving for p, Initial residual = 0.030138525, Final residual = 0.00016765127, No Iterations 3
GAMG:  Solving for p, Initial residual = 0.00056460032, Final residual = 3.8728855e-06, No Iterations 4
time step continuity errors : sum local = 0.00011820313, global = -2.1136303e-05, cumulative = -0.0022916012
smoothSolver:  Solving for omega, Initial residual = 0.0010793363, Final residual = 6.6963238e-06, No Iterations 2
smoothSolver:  Solving for k, Initial residual = 0.02278955, Final residual = 0.00024112465, No Iterations 2
ExecutionTime = 187.04749 s  ClockTime = 187 s

Time = 123s

smoothSolver:  Solving for Ux, Initial residual = 0.010590691, Final residual = 0.00014249779, No Iterations 3
smoothSolver:  Solving for Uy, Initial residual = 0.030270905, Final residual = 0.00040025291, No Iterations 3
smoothSolver:  Solving for Uz, Initial residual = 0.030911442, Final residual = 0.00041083527, No Iterations 3
GAMG:  Solving for p, Initial residual = 0.030349473, Final residual = 0.00016670352, No Iterations 3
GAMG:  Solving for p, Initial residual = 0.00055987289, Final residual = 4.1568517e-06, No Iterations 4
time step continuity errors : sum local = 0.00012503051, global = -3.8999393e-05, cumulative = -0.0023306006
smoothSolver:  Solving for omega, Initial residual = 0.0010807211, Final residual = 6.6892692e-06, No Iterations 2
smoothSolver:  Solving for k, Initial residual = 0.022890117, Final residual = 0.00024269459, No Iterations 2
ExecutionTime = 188.58619 s  ClockTime = 189 s

Time = 124s

smoothSolver:  Solving for Ux, Initial residual = 0.010588622, Final residual = 0.00014222013, No Iterations 3
smoothSolver:  Solving for Uy, Initial residual = 0.030477625, Final residual = 0.00040297892, No Iterations 3
smoothSolver:  Solving for Uz, Initial residual = 0.03130928, Final residual = 0.00041645941, No Iterations 3
GAMG:  Solving for p, Initial residual = 0.030449711, Final residual = 0.00016634146, No Iterations 3
GAMG:  Solving for p, Initial residual = 0.0005524128, Final residual = 4.5776938e-06, No Iterations 4
time step continuity errors : sum local = 0.0001357702, global = -4.4148604e-05, cumulative = -0.0023747492
smoothSolver:  Solving for omega, Initial residual = 0.0010755362, Final residual = 6.7951747e-06, No Iterations 2
smoothSolver:  Solving for k, Initial residual = 0.022973393, Final residual = 0.00024427443, No Iterations 2
ExecutionTime = 190.05627 s  ClockTime = 190 s

Time = 125s

smoothSolver:  Solving for Ux, Initial residual = 0.010578861, Final residual = 0.00014198257, No Iterations 3
smoothSolver:  Solving for Uy, Initial residual = 0.030722526, Final residual = 0.00040590119, No Iterations 3
smoothSolver:  Solving for Uz, Initial residual = 0.031665443, Final residual = 0.00042120027, No Iterations 3
GAMG:  Solving for p, Initial residual = 0.030535747, Final residual = 0.0001662123, No Iterations 3
GAMG:  Solving for p, Initial residual = 0.00054524758, Final residual = 4.7295355e-06, No Iterations 4
time step continuity errors : sum local = 0.00013832491, global = -4.1318469e-05, cumulative = -0.0024160676
smoothSolver:  Solving for omega, Initial residual = 0.0010771818, Final residual = 6.8459562e-06, No Iterations 2
smoothSolver:  Solving for k, Initial residual = 0.023042209, Final residual = 0.00024599788, No Iterations 2
ExecutionTime = 191.55893 s  ClockTime = 192 s

Time = 126s

smoothSolver:  Solving for Ux, Initial residual = 0.010561329, Final residual = 0.00014176866, No Iterations 3
smoothSolver:  Solving for Uy, Initial residual = 0.030992076, Final residual = 0.00040920174, No Iterations 3
smoothSolver:  Solving for Uz, Initial residual = 0.031970477, Final residual = 0.00042534953, No Iterations 3
GAMG:  Solving for p, Initial residual = 0.030545354, Final residual = 0.00016494968, No Iterations 3
GAMG:  Solving for p, Initial residual = 0.00053788779, Final residual = 4.8791287e-06, No Iterations 4
time step continuity errors : sum local = 0.00014068088, global = -4.0897328e-05, cumulative = -0.002456965
smoothSolver:  Solving for omega, Initial residual = 0.0010707616, Final residual = 6.8574372e-06, No Iterations 2
smoothSolver:  Solving for k, Initial residual = 0.023105285, Final residual = 0.00024724938, No Iterations 2
ExecutionTime = 192.99915 s  ClockTime = 193 s

Time = 127s

smoothSolver:  Solving for Ux, Initial residual = 0.010537142, Final residual = 0.00014155252, No Iterations 3
smoothSolver:  Solving for Uy, Initial residual = 0.031285197, Final residual = 0.00041311144, No Iterations 3
smoothSolver:  Solving for Uz, Initial residual = 0.032236832, Final residual = 0.00042908285, No Iterations 3
GAMG:  Solving for p, Initial residual = 0.030554185, Final residual = 0.00016347941, No Iterations 3
GAMG:  Solving for p, Initial residual = 0.00053703625, Final residual = 4.9500689e-06, No Iterations 4
time step continuity errors : sum local = 0.0001406129, global = -4.2187682e-05, cumulative = -0.0024991526
smoothSolver:  Solving for omega, Initial residual = 0.0010651147, Final residual = 6.8484777e-06, No Iterations 2
smoothSolver:  Solving for k, Initial residual = 0.02314783, Final residual = 0.00024847711, No Iterations 2
ExecutionTime = 194.38337 s  ClockTime = 195 s

Time = 128s

smoothSolver:  Solving for Ux, Initial residual = 0.010505389, Final residual = 0.00014132297, No Iterations 3
smoothSolver:  Solving for Uy, Initial residual = 0.031618035, Final residual = 0.00041767046, No Iterations 3
smoothSolver:  Solving for Uz, Initial residual = 0.032479375, Final residual = 0.00043280993, No Iterations 3
GAMG:  Solving for p, Initial residual = 0.030603821, Final residual = 0.00016354609, No Iterations 3
GAMG:  Solving for p, Initial residual = 0.00054398463, Final residual = 4.9370017e-06, No Iterations 4
time step continuity errors : sum local = 0.0001381224, global = -4.3217001e-05, cumulative = -0.0025423696
smoothSolver:  Solving for omega, Initial residual = 0.0010537886, Final residual = 6.8196819e-06, No Iterations 2
smoothSolver:  Solving for k, Initial residual = 0.023183958, Final residual = 0.00024970959, No Iterations 2
ExecutionTime = 195.82721 s  ClockTime = 196 s

Time = 129s

smoothSolver:  Solving for Ux, Initial residual = 0.010463985, Final residual = 0.00014101582, No Iterations 3
smoothSolver:  Solving for Uy, Initial residual = 0.031963354, Final residual = 0.00042282183, No Iterations 3
smoothSolver:  Solving for Uz, Initial residual = 0.032711092, Final residual = 0.00043672218, No Iterations 3
GAMG:  Solving for p, Initial residual = 0.030573572, Final residual = 0.00016549135, No Iterations 3
GAMG:  Solving for p, Initial residual = 0.00055161181, Final residual = 4.863993e-06, No Iterations 4
time step continuity errors : sum local = 0.00013397807, global = -4.1658475e-05, cumulative = -0.0025840281
smoothSolver:  Solving for omega, Initial residual = 0.00104602, Final residual = 6.8494822e-06, No Iterations 2
smoothSolver:  Solving for k, Initial residual = 0.023196487, Final residual = 0.0002502247, No Iterations 2
ExecutionTime = 197.19495 s  ClockTime = 197 s

Time = 130s

smoothSolver:  Solving for Ux, Initial residual = 0.010413922, Final residual = 0.00014062046, No Iterations 3
smoothSolver:  Solving for Uy, Initial residual = 0.032305563, Final residual = 0.00042843815, No Iterations 3
smoothSolver:  Solving for Uz, Initial residual = 0.032931191, Final residual = 0.00044084322, No Iterations 3
GAMG:  Solving for p, Initial residual = 0.030579818, Final residual = 0.00016759865, No Iterations 3
GAMG:  Solving for p, Initial residual = 0.00055264473, Final residual = 4.70412e-06, No Iterations 4
time step continuity errors : sum local = 0.00012757329, global = -4.0671299e-05, cumulative = -0.0026246994
smoothSolver:  Solving for omega, Initial residual = 0.0010374253, Final residual = 6.9179016e-06, No Iterations 2
smoothSolver:  Solving for k, Initial residual = 0.023188324, Final residual = 0.00025042282, No Iterations 2
ExecutionTime = 198.51761 s  ClockTime = 199 s

Time = 131s

smoothSolver:  Solving for Ux, Initial residual = 0.010356533, Final residual = 0.0001401407, No Iterations 3
smoothSolver:  Solving for Uy, Initial residual = 0.032610212, Final residual = 0.00043421595, No Iterations 3
smoothSolver:  Solving for Uz, Initial residual = 0.033170559, Final residual = 0.0004452871, No Iterations 3
GAMG:  Solving for p, Initial residual = 0.030561433, Final residual = 0.00016864112, No Iterations 3
GAMG:  Solving for p, Initial residual = 0.00054629978, Final residual = 4.5682833e-06, No Iterations 4
time step continuity errors : sum local = 0.00012197931, global = -4.1252466e-05, cumulative = -0.0026659519
smoothSolver:  Solving for omega, Initial residual = 0.0010329724, Final residual = 6.8393015e-06, No Iterations 2
smoothSolver:  Solving for k, Initial residual = 0.023142517, Final residual = 0.00024955294, No Iterations 2
ExecutionTime = 200.08461 s  ClockTime = 200 s

Time = 132s

smoothSolver:  Solving for Ux, Initial residual = 0.01028972, Final residual = 0.00013956344, No Iterations 3
smoothSolver:  Solving for Uy, Initial residual = 0.032870652, Final residual = 0.00043972703, No Iterations 3
smoothSolver:  Solving for Uz, Initial residual = 0.033423684, Final residual = 0.0004496683, No Iterations 3
GAMG:  Solving for p, Initial residual = 0.030531965, Final residual = 0.00016761246, No Iterations 3
GAMG:  Solving for p, Initial residual = 0.00053767258, Final residual = 4.4555147e-06, No Iterations 4
time step continuity errors : sum local = 0.00011718592, global = -4.1160476e-05, cumulative = -0.0027071124
smoothSolver:  Solving for omega, Initial residual = 0.0010186577, Final residual = 6.7976573e-06, No Iterations 2
smoothSolver:  Solving for k, Initial residual = 0.023085612, Final residual = 0.00024837709, No Iterations 2
ExecutionTime = 201.61863 s  ClockTime = 202 s

Time = 133s

smoothSolver:  Solving for Ux, Initial residual = 0.010214533, Final residual = 0.00013885704, No Iterations 3
smoothSolver:  Solving for Uy, Initial residual = 0.033065274, Final residual = 0.00044495275, No Iterations 3
smoothSolver:  Solving for Uz, Initial residual = 0.033670466, Final residual = 0.00045400002, No Iterations 3
GAMG:  Solving for p, Initial residual = 0.030447439, Final residual = 0.00016467119, No Iterations 3
GAMG:  Solving for p, Initial residual = 0.00053247122, Final residual = 4.5800593e-06, No Iterations 4
time step continuity errors : sum local = 0.00011866717, global = -4.2850372e-05, cumulative = -0.0027499627
smoothSolver:  Solving for omega, Initial residual = 0.0010110954, Final residual = 6.8286609e-06, No Iterations 2
smoothSolver:  Solving for k, Initial residual = 0.022986807, Final residual = 0.00024638072, No Iterations 2
ExecutionTime = 203.40633 s  ClockTime = 204 s

Time = 134s

smoothSolver:  Solving for Ux, Initial residual = 0.01012856, Final residual = 0.00013798184, No Iterations 3
smoothSolver:  Solving for Uy, Initial residual = 0.033247216, Final residual = 0.00045018792, No Iterations 3
smoothSolver:  Solving for Uz, Initial residual = 0.033897261, Final residual = 0.00045818259, No Iterations 3
GAMG:  Solving for p, Initial residual = 0.030285189, Final residual = 0.00015976563, No Iterations 3
GAMG:  Solving for p, Initial residual = 0.00052578813, Final residual = 4.8915833e-06, No Iterations 4
time step continuity errors : sum local = 0.00012490061, global = -4.4536959e-05, cumulative = -0.0027944997
smoothSolver:  Solving for omega, Initial residual = 0.0010010426, Final residual = 6.8020968e-06, No Iterations 2
smoothSolver:  Solving for k, Initial residual = 0.022854845, Final residual = 0.00024426395, No Iterations 2
ExecutionTime = 205.02942 s  ClockTime = 205 s

Time = 135s

smoothSolver:  Solving for Ux, Initial residual = 0.010034971, Final residual = 0.00013694393, No Iterations 3
smoothSolver:  Solving for Uy, Initial residual = 0.033415336, Final residual = 0.00045583374, No Iterations 3
smoothSolver:  Solving for Uz, Initial residual = 0.034079159, Final residual = 0.0004622375, No Iterations 3
GAMG:  Solving for p, Initial residual = 0.029980383, Final residual = 0.00015307804, No Iterations 3
GAMG:  Solving for p, Initial residual = 0.00051341013, Final residual = 4.9204555e-06, No Iterations 4
time step continuity errors : sum local = 0.00012390218, global = -4.3699162e-05, cumulative = -0.0028381988
smoothSolver:  Solving for omega, Initial residual = 0.00099331944, Final residual = 6.7296424e-06, No Iterations 2
smoothSolver:  Solving for k, Initial residual = 0.022714463, Final residual = 0.00024129916, No Iterations 2
ExecutionTime = 207.02704 s  ClockTime = 207 s

Time = 136s

smoothSolver:  Solving for Ux, Initial residual = 0.0099321492, Final residual = 0.00013580928, No Iterations 3
smoothSolver:  Solving for Uy, Initial residual = 0.033602433, Final residual = 0.00046200909, No Iterations 3
smoothSolver:  Solving for Uz, Initial residual = 0.034204524, Final residual = 0.00046599672, No Iterations 3
GAMG:  Solving for p, Initial residual = 0.029554352, Final residual = 0.0001451711, No Iterations 3
GAMG:  Solving for p, Initial residual = 0.00049803615, Final residual = 4.8817139e-06, No Iterations 4
time step continuity errors : sum local = 0.0001212801, global = -4.1511283e-05, cumulative = -0.0028797101
smoothSolver:  Solving for omega, Initial residual = 0.00097823289, Final residual = 6.6708761e-06, No Iterations 2
smoothSolver:  Solving for k, Initial residual = 0.022534845, Final residual = 0.00023768437, No Iterations 2
ExecutionTime = 208.9908 s  ClockTime = 209 s

Time = 137s

smoothSolver:  Solving for Ux, Initial residual = 0.009823303, Final residual = 0.00013457758, No Iterations 3
smoothSolver:  Solving for Uy, Initial residual = 0.03381516, Final residual = 0.00046860064, No Iterations 3
smoothSolver:  Solving for Uz, Initial residual = 0.03428847, Final residual = 0.00046956136, No Iterations 3
GAMG:  Solving for p, Initial residual = 0.029126579, Final residual = 0.00013882455, No Iterations 3
GAMG:  Solving for p, Initial residual = 0.00048433155, Final residual = 3.2373203e-06, No Iterations 5
time step continuity errors : sum local = 7.9365503e-05, global = 2.5545182e-05, cumulative = -0.002854165
smoothSolver:  Solving for omega, Initial residual = 0.00096938797, Final residual = 6.6175262e-06, No Iterations 2
smoothSolver:  Solving for k, Initial residual = 0.022352163, Final residual = 0.00023365346, No Iterations 2
ExecutionTime = 210.64114 s  ClockTime = 211 s

Time = 138s

smoothSolver:  Solving for Ux, Initial residual = 0.0097103954, Final residual = 0.00013326582, No Iterations 3
smoothSolver:  Solving for Uy, Initial residual = 0.034056009, Final residual = 0.00047524651, No Iterations 3
smoothSolver:  Solving for Uz, Initial residual = 0.034330231, Final residual = 0.00047298525, No Iterations 3
GAMG:  Solving for p, Initial residual = 0.028761796, Final residual = 0.00013490341, No Iterations 3
GAMG:  Solving for p, Initial residual = 0.00047704045, Final residual = 4.2100394e-06, No Iterations 4
time step continuity errors : sum local = 0.00010186395, global = -3.5454705e-05, cumulative = -0.0028896197
smoothSolver:  Solving for omega, Initial residual = 0.00095589047, Final residual = 6.5504719e-06, No Iterations 2
smoothSolver:  Solving for k, Initial residual = 0.022141253, Final residual = 0.00022906007, No Iterations 2
ExecutionTime = 212.11484 s  ClockTime = 212 s

Time = 139s

smoothSolver:  Solving for Ux, Initial residual = 0.0095949405, Final residual = 0.00013189631, No Iterations 3
smoothSolver:  Solving for Uy, Initial residual = 0.034298483, Final residual = 0.00048200463, No Iterations 3
smoothSolver:  Solving for Uz, Initial residual = 0.034355272, Final residual = 0.00047643384, No Iterations 3
GAMG:  Solving for p, Initial residual = 0.028468031, Final residual = 0.00013477165, No Iterations 3
GAMG:  Solving for p, Initial residual = 0.00047838926, Final residual = 4.2325847e-06, No Iterations 4
time step continuity errors : sum local = 0.00010112379, global = -3.383732e-05, cumulative = -0.002923457
smoothSolver:  Solving for omega, Initial residual = 0.00094856544, Final residual = 6.5170358e-06, No Iterations 2
smoothSolver:  Solving for k, Initial residual = 0.021926557, Final residual = 0.00022425147, No Iterations 2
ExecutionTime = 213.4626 s  ClockTime = 214 s

Time = 140s

smoothSolver:  Solving for Ux, Initial residual = 0.0094764164, Final residual = 0.00013043955, No Iterations 3
smoothSolver:  Solving for Uy, Initial residual = 0.034550558, Final residual = 0.00048856968, No Iterations 3
smoothSolver:  Solving for Uz, Initial residual = 0.034357471, Final residual = 0.00047968698, No Iterations 3
GAMG:  Solving for p, Initial residual = 0.028213589, Final residual = 0.00013627914, No Iterations 3
GAMG:  Solving for p, Initial residual = 0.00048247113, Final residual = 4.0605402e-06, No Iterations 4
time step continuity errors : sum local = 9.5799453e-05, global = -4.6459574e-06, cumulative = -0.0029281029
smoothSolver:  Solving for omega, Initial residual = 0.00093354805, Final residual = 6.4400559e-06, No Iterations 2
smoothSolver:  Solving for k, Initial residual = 0.021688648, Final residual = 0.00021905229, No Iterations 2
ExecutionTime = 214.88188 s  ClockTime = 215 s

Time = 141s

smoothSolver:  Solving for Ux, Initial residual = 0.0093597994, Final residual = 0.0001288793, No Iterations 3
smoothSolver:  Solving for Uy, Initial residual = 0.034803726, Final residual = 0.00049483077, No Iterations 3
smoothSolver:  Solving for Uz, Initial residual = 0.034370679, Final residual = 0.00048274211, No Iterations 3
GAMG:  Solving for p, Initial residual = 0.028085375, Final residual = 0.00014061116, No Iterations 3
GAMG:  Solving for p, Initial residual = 0.0004890601, Final residual = 4.406087e-06, No Iterations 4
time step continuity errors : sum local = 0.00010269789, global = 2.3436385e-05, cumulative = -0.0029046665
smoothSolver:  Solving for omega, Initial residual = 0.00092369537, Final residual = 6.3506187e-06, No Iterations 2
smoothSolver:  Solving for k, Initial residual = 0.021459576, Final residual = 0.00021401418, No Iterations 2
ExecutionTime = 216.18033 s  ClockTime = 216 s

Time = 142s

smoothSolver:  Solving for Ux, Initial residual = 0.0092437803, Final residual = 0.00012722445, No Iterations 3
smoothSolver:  Solving for Uy, Initial residual = 0.035036004, Final residual = 0.00050051219, No Iterations 3
smoothSolver:  Solving for Uz, Initial residual = 0.034382297, Final residual = 0.00048559399, No Iterations 3
GAMG:  Solving for p, Initial residual = 0.027961959, Final residual = 0.00014602043, No Iterations 3
GAMG:  Solving for p, Initial residual = 0.00049816877, Final residual = 2.6789507e-06, No Iterations 5
time step continuity errors : sum local = 6.1713491e-05, global = -1.4584266e-05, cumulative = -0.0029192508
smoothSolver:  Solving for omega, Initial residual = 0.00091385767, Final residual = 6.3593242e-06, No Iterations 2
smoothSolver:  Solving for k, Initial residual = 0.02122214, Final residual = 0.00020874661, No Iterations 2
ExecutionTime = 217.4352 s  ClockTime = 218 s

Time = 143s

smoothSolver:  Solving for Ux, Initial residual = 0.0091287204, Final residual = 0.00012547588, No Iterations 3
smoothSolver:  Solving for Uy, Initial residual = 0.035252779, Final residual = 0.00050540449, No Iterations 3
smoothSolver:  Solving for Uz, Initial residual = 0.034412424, Final residual = 0.00048818474, No Iterations 3
GAMG:  Solving for p, Initial residual = 0.02780999, Final residual = 0.00015229222, No Iterations 3
GAMG:  Solving for p, Initial residual = 0.00050904798, Final residual = 2.7085907e-06, No Iterations 5
time step continuity errors : sum local = 6.1696023e-05, global = -1.2788789e-05, cumulative = -0.0029320396
smoothSolver:  Solving for omega, Initial residual = 0.00090928161, Final residual = 6.2670933e-06, No Iterations 2
smoothSolver:  Solving for k, Initial residual = 0.020997886, Final residual = 0.0002036119, No Iterations 2
ExecutionTime = 218.68676 s  ClockTime = 219 s

Time = 144s

smoothSolver:  Solving for Ux, Initial residual = 0.0090130833, Final residual = 0.00012370269, No Iterations 3
smoothSolver:  Solving for Uy, Initial residual = 0.035438895, Final residual = 0.00050965511, No Iterations 3
smoothSolver:  Solving for Uz, Initial residual = 0.034455212, Final residual = 0.00049061698, No Iterations 3
GAMG:  Solving for p, Initial residual = 0.027639155, Final residual = 0.00015858672, No Iterations 3
GAMG:  Solving for p, Initial residual = 0.00052157395, Final residual = 2.7591881e-06, No Iterations 5
time step continuity errors : sum local = 6.215781e-05, global = -1.1612362e-05, cumulative = -0.002943652
smoothSolver:  Solving for omega, Initial residual = 0.00089551495, Final residual = 6.201565e-06, No Iterations 2
smoothSolver:  Solving for k, Initial residual = 0.020773007, Final residual = 0.00019845606, No Iterations 2
ExecutionTime = 219.9908 s  ClockTime = 220 s

Time = 145s

smoothSolver:  Solving for Ux, Initial residual = 0.0088983846, Final residual = 0.00012189963, No Iterations 3
smoothSolver:  Solving for Uy, Initial residual = 0.035596453, Final residual = 0.00051328689, No Iterations 3
smoothSolver:  Solving for Uz, Initial residual = 0.034504762, Final residual = 0.00049276936, No Iterations 3
GAMG:  Solving for p, Initial residual = 0.027398551, Final residual = 0.00016330937, No Iterations 3
GAMG:  Solving for p, Initial residual = 0.00052956409, Final residual = 2.8033008e-06, No Iterations 5
time step continuity errors : sum local = 6.2479352e-05, global = -1.130893e-05, cumulative = -0.0029549609
smoothSolver:  Solving for omega, Initial residual = 0.00089051017, Final residual = 6.2638965e-06, No Iterations 2
smoothSolver:  Solving for k, Initial residual = 0.020556369, Final residual = 0.00019349672, No Iterations 2
ExecutionTime = 221.43423 s  ClockTime = 222 s

Time = 146s

smoothSolver:  Solving for Ux, Initial residual = 0.0087846301, Final residual = 0.00012004819, No Iterations 3
smoothSolver:  Solving for Uy, Initial residual = 0.035740301, Final residual = 0.00051634241, No Iterations 3
smoothSolver:  Solving for Uz, Initial residual = 0.034599809, Final residual = 0.0004947216, No Iterations 3
GAMG:  Solving for p, Initial residual = 0.027168911, Final residual = 0.00016703419, No Iterations 3
GAMG:  Solving for p, Initial residual = 0.00053274744, Final residual = 2.8387745e-06, No Iterations 5
time step continuity errors : sum local = 6.2543084e-05, global = -1.1379466e-05, cumulative = -0.0029663404
smoothSolver:  Solving for omega, Initial residual = 0.00088288839, Final residual = 6.1653928e-06, No Iterations 2
smoothSolver:  Solving for k, Initial residual = 0.020329581, Final residual = 0.00018869926, No Iterations 2
ExecutionTime = 222.9775 s  ClockTime = 223 s

Time = 147s

smoothSolver:  Solving for Ux, Initial residual = 0.0086710899, Final residual = 0.00011811666, No Iterations 3
smoothSolver:  Solving for Uy, Initial residual = 0.035871515, Final residual = 0.00051854563, No Iterations 3
smoothSolver:  Solving for Uz, Initial residual = 0.034721291, Final residual = 0.00049664875, No Iterations 3
GAMG:  Solving for p, Initial residual = 0.026958376, Final residual = 0.00017004228, No Iterations 3
GAMG:  Solving for p, Initial residual = 0.00053600092, Final residual = 2.7764914e-06, No Iterations 5
time step continuity errors : sum local = 6.0448754e-05, global = -1.0610351e-05, cumulative = -0.0029769507
smoothSolver:  Solving for omega, Initial residual = 0.00087833992, Final residual = 6.1152438e-06, No Iterations 2
smoothSolver:  Solving for k, Initial residual = 0.020110515, Final residual = 0.0001840264, No Iterations 2
ExecutionTime = 224.93066 s  ClockTime = 225 s

Time = 148s

smoothSolver:  Solving for Ux, Initial residual = 0.0085576253, Final residual = 0.00011607976, No Iterations 3
smoothSolver:  Solving for Uy, Initial residual = 0.035988221, Final residual = 0.00051999247, No Iterations 3
smoothSolver:  Solving for Uz, Initial residual = 0.034891088, Final residual = 0.00049861162, No Iterations 3
GAMG:  Solving for p, Initial residual = 0.026826477, Final residual = 0.0001730936, No Iterations 3
GAMG:  Solving for p, Initial residual = 0.00054213797, Final residual = 2.6648313e-06, No Iterations 5
time step continuity errors : sum local = 5.7203402e-05, global = -9.4865813e-06, cumulative = -0.0029864373
smoothSolver:  Solving for omega, Initial residual = 0.00086957526, Final residual = 6.1323858e-06, No Iterations 2
smoothSolver:  Solving for k, Initial residual = 0.019895746, Final residual = 0.00017945823, No Iterations 2
ExecutionTime = 226.8366 s  ClockTime = 227 s

Time = 149s

smoothSolver:  Solving for Ux, Initial residual = 0.0084402753, Final residual = 0.00011389943, No Iterations 3
smoothSolver:  Solving for Uy, Initial residual = 0.036078951, Final residual = 0.00052077419, No Iterations 3
smoothSolver:  Solving for Uz, Initial residual = 0.035083426, Final residual = 0.00050076654, No Iterations 3
GAMG:  Solving for p, Initial residual = 0.026781557, Final residual = 0.00017622973, No Iterations 3
GAMG:  Solving for p, Initial residual = 0.00054734039, Final residual = 5.3766033e-06, No Iterations 4
time step continuity errors : sum local = 0.00011370372, global = 2.9822116e-05, cumulative = -0.0029566152
smoothSolver:  Solving for omega, Initial residual = 0.00086503666, Final residual = 6.0939246e-06, No Iterations 2
smoothSolver:  Solving for k, Initial residual = 0.019675203, Final residual = 0.00017548751, No Iterations 2
ExecutionTime = 228.56766 s  ClockTime = 229 s

Time = 150s

smoothSolver:  Solving for Ux, Initial residual = 0.0083202116, Final residual = 0.00011157798, No Iterations 3
smoothSolver:  Solving for Uy, Initial residual = 0.036169278, Final residual = 0.00052121976, No Iterations 3
smoothSolver:  Solving for Uz, Initial residual = 0.035305002, Final residual = 0.00050311766, No Iterations 3
GAMG:  Solving for p, Initial residual = 0.026780708, Final residual = 0.00017984989, No Iterations 3
GAMG:  Solving for p, Initial residual = 0.00055362806, Final residual = 5.1125131e-06, No Iterations 4
time step continuity errors : sum local = 0.00010638324, global = 2.7188509e-05, cumulative = -0.0029294267
smoothSolver:  Solving for omega, Initial residual = 0.00085467437, Final residual = 6.0125176e-06, No Iterations 2
smoothSolver:  Solving for k, Initial residual = 0.019455081, Final residual = 0.00017151738, No Iterations 2
ExecutionTime = 230.53039 s  ClockTime = 231 s

Time = 151s

smoothSolver:  Solving for Ux, Initial residual = 0.0081962344, Final residual = 0.00010912192, No Iterations 3
smoothSolver:  Solving for Uy, Initial residual = 0.036244923, Final residual = 0.00052167162, No Iterations 3
smoothSolver:  Solving for Uz, Initial residual = 0.035530556, Final residual = 0.00050579977, No Iterations 3
GAMG:  Solving for p, Initial residual = 0.026958675, Final residual = 0.00018325617, No Iterations 3
GAMG:  Solving for p, Initial residual = 0.00056087721, Final residual = 4.8210511e-06, No Iterations 4
time step continuity errors : sum local = 9.8388706e-05, global = 2.4609828e-05, cumulative = -0.0029048168
smoothSolver:  Solving for omega, Initial residual = 0.00084862812, Final residual = 5.9435453e-06, No Iterations 2
smoothSolver:  Solving for k, Initial residual = 0.01923537, Final residual = 0.00016816414, No Iterations 2
ExecutionTime = 232.29505 s  ClockTime = 233 s

Time = 152s

smoothSolver:  Solving for Ux, Initial residual = 0.0080679614, Final residual = 0.00010655881, No Iterations 3
smoothSolver:  Solving for Uy, Initial residual = 0.036310918, Final residual = 0.00052235131, No Iterations 3
smoothSolver:  Solving for Uz, Initial residual = 0.035751094, Final residual = 0.00050881532, No Iterations 3
GAMG:  Solving for p, Initial residual = 0.027097587, Final residual = 0.00018378593, No Iterations 3
GAMG:  Solving for p, Initial residual = 0.00056302998, Final residual = 4.6316923e-06, No Iterations 4
time step continuity errors : sum local = 9.293892e-05, global = 2.2701335e-05, cumulative = -0.0028821155
smoothSolver:  Solving for omega, Initial residual = 0.00083917592, Final residual = 5.9713832e-06, No Iterations 2
smoothSolver:  Solving for k, Initial residual = 0.019009166, Final residual = 0.00016488583, No Iterations 2
ExecutionTime = 234.00075 s  ClockTime = 234 s

Time = 153s

smoothSolver:  Solving for Ux, Initial residual = 0.0079339031, Final residual = 0.00010394791, No Iterations 3
smoothSolver:  Solving for Uy, Initial residual = 0.036392847, Final residual = 0.00052376419, No Iterations 3
smoothSolver:  Solving for Uz, Initial residual = 0.035963106, Final residual = 0.00051246164, No Iterations 3
GAMG:  Solving for p, Initial residual = 0.027321573, Final residual = 0.00018202991, No Iterations 3
GAMG:  Solving for p, Initial residual = 0.00056176633, Final residual = 4.4872118e-06, No Iterations 4
time step continuity errors : sum local = 8.8345742e-05, global = 2.1043108e-05, cumulative = -0.0028610724
smoothSolver:  Solving for omega, Initial residual = 0.00083508853, Final residual = 5.8885174e-06, No Iterations 2
smoothSolver:  Solving for k, Initial residual = 0.018791388, Final residual = 0.00016194807, No Iterations 2
ExecutionTime = 235.57668 s  ClockTime = 236 s

Time = 154s

smoothSolver:  Solving for Ux, Initial residual = 0.0077940647, Final residual = 0.00010134012, No Iterations 3
smoothSolver:  Solving for Uy, Initial residual = 0.036500361, Final residual = 0.00052630353, No Iterations 3
smoothSolver:  Solving for Uz, Initial residual = 0.036166011, Final residual = 0.00051705209, No Iterations 3
GAMG:  Solving for p, Initial residual = 0.027559012, Final residual = 0.00017747413, No Iterations 3
GAMG:  Solving for p, Initial residual = 0.00055961514, Final residual = 4.3339127e-06, No Iterations 4
time step continuity errors : sum local = 8.3766804e-05, global = 1.9567577e-05, cumulative = -0.0028415048
smoothSolver:  Solving for omega, Initial residual = 0.00082452512, Final residual = 5.8645638e-06, No Iterations 2
smoothSolver:  Solving for k, Initial residual = 0.018582431, Final residual = 0.00015930907, No Iterations 2
ExecutionTime = 236.95197 s  ClockTime = 237 s

Time = 155s

smoothSolver:  Solving for Ux, Initial residual = 0.0076486156, Final residual = 9.8756097e-05, No Iterations 3
smoothSolver:  Solving for Uy, Initial residual = 0.03664109, Final residual = 0.00053056835, No Iterations 3
smoothSolver:  Solving for Uz, Initial residual = 0.036363991, Final residual = 0.00052272119, No Iterations 3
GAMG:  Solving for p, Initial residual = 0.027783819, Final residual = 0.00017146916, No Iterations 3
GAMG:  Solving for p, Initial residual = 0.00055736757, Final residual = 4.1691037e-06, No Iterations 4
time step continuity errors : sum local = 7.9063812e-05, global = 1.7896321e-05, cumulative = -0.0028236085
smoothSolver:  Solving for omega, Initial residual = 0.00082007585, Final residual = 5.7951947e-06, No Iterations 2
smoothSolver:  Solving for k, Initial residual = 0.018409859, Final residual = 0.00015705077, No Iterations 2
ExecutionTime = 238.43566 s  ClockTime = 239 s

Time = 156s

smoothSolver:  Solving for Ux, Initial residual = 0.0075009875, Final residual = 9.6233334e-05, No Iterations 3
smoothSolver:  Solving for Uy, Initial residual = 0.036830603, Final residual = 0.00053639717, No Iterations 3
smoothSolver:  Solving for Uz, Initial residual = 0.036592618, Final residual = 0.00052919532, No Iterations 3
GAMG:  Solving for p, Initial residual = 0.027964503, Final residual = 0.00016780455, No Iterations 3
GAMG:  Solving for p, Initial residual = 0.00055786534, Final residual = 3.9800649e-06, No Iterations 4
time step continuity errors : sum local = 7.3962357e-05, global = 1.5396334e-05, cumulative = -0.0028082122
smoothSolver:  Solving for omega, Initial residual = 0.00080986497, Final residual = 5.7700618e-06, No Iterations 2
smoothSolver:  Solving for k, Initial residual = 0.018256802, Final residual = 0.00015531364, No Iterations 2
ExecutionTime = 240.21467 s  ClockTime = 240 s

Time = 157s

smoothSolver:  Solving for Ux, Initial residual = 0.0073517617, Final residual = 9.3782343e-05, No Iterations 3
smoothSolver:  Solving for Uy, Initial residual = 0.037064538, Final residual = 0.00054323378, No Iterations 3
smoothSolver:  Solving for Uz, Initial residual = 0.036833342, Final residual = 0.00053586832, No Iterations 3
GAMG:  Solving for p, Initial residual = 0.028123883, Final residual = 0.00017202761, No Iterations 3
GAMG:  Solving for p, Initial residual = 0.00056783944, Final residual = 3.53002e-06, No Iterations 4
time step continuity errors : sum local = 6.4274231e-05, global = -1.0474603e-05, cumulative = -0.0028186868
smoothSolver:  Solving for omega, Initial residual = 0.00080710982, Final residual = 5.7519234e-06, No Iterations 2
smoothSolver:  Solving for k, Initial residual = 0.018140126, Final residual = 0.00015328257, No Iterations 2
ExecutionTime = 242.06791 s  ClockTime = 242 s

Time = 158s

smoothSolver:  Solving for Ux, Initial residual = 0.0072023326, Final residual = 9.142599e-05, No Iterations 3
smoothSolver:  Solving for Uy, Initial residual = 0.037363259, Final residual = 0.00055033333, No Iterations 3
smoothSolver:  Solving for Uz, Initial residual = 0.037119841, Final residual = 0.00054175397, No Iterations 3
GAMG:  Solving for p, Initial residual = 0.028299315, Final residual = 0.00018736752, No Iterations 3
GAMG:  Solving for p, Initial residual = 0.00059158639, Final residual = 3.3213625e-06, No Iterations 5
time step continuity errors : sum local = 5.9316088e-05, global = 1.538203e-05, cumulative = -0.0028033047
smoothSolver:  Solving for omega, Initial residual = 0.00080085715, Final residual = 5.6992634e-06, No Iterations 2
smoothSolver:  Solving for k, Initial residual = 0.018036086, Final residual = 0.00015115718, No Iterations 2
ExecutionTime = 243.7443 s  ClockTime = 244 s

Time = 159s

smoothSolver:  Solving for Ux, Initial residual = 0.0070517901, Final residual = 8.9159531e-05, No Iterations 3
smoothSolver:  Solving for Uy, Initial residual = 0.037703305, Final residual = 0.00055661643, No Iterations 3
smoothSolver:  Solving for Uz, Initial residual = 0.037444529, Final residual = 0.00054611735, No Iterations 3
GAMG:  Solving for p, Initial residual = 0.028471063, Final residual = 0.00020222652, No Iterations 3
GAMG:  Solving for p, Initial residual = 0.00061252632, Final residual = 3.9274961e-06, No Iterations 5
time step continuity errors : sum local = 6.8894479e-05, global = 1.6764775e-05, cumulative = -0.00278654
smoothSolver:  Solving for omega, Initial residual = 0.00079801109, Final residual = 5.6204234e-06, No Iterations 2
smoothSolver:  Solving for k, Initial residual = 0.017935869, Final residual = 0.00014896797, No Iterations 2
ExecutionTime = 245.13696 s  ClockTime = 245 s

Time = 160s

smoothSolver:  Solving for Ux, Initial residual = 0.006900563, Final residual = 8.7012876e-05, No Iterations 3
smoothSolver:  Solving for Uy, Initial residual = 0.038082173, Final residual = 0.00056134381, No Iterations 3
smoothSolver:  Solving for Uz, Initial residual = 0.037782714, Final residual = 0.00054846742, No Iterations 3
GAMG:  Solving for p, Initial residual = 0.028664251, Final residual = 0.00020923191, No Iterations 3
GAMG:  Solving for p, Initial residual = 0.00062076368, Final residual = 4.0926267e-06, No Iterations 5
time step continuity errors : sum local = 7.0551309e-05, global = 1.636032e-05, cumulative = -0.0027701796
smoothSolver:  Solving for omega, Initial residual = 0.00079095378, Final residual = 5.6252531e-06, No Iterations 2
smoothSolver:  Solving for k, Initial residual = 0.017777746, Final residual = 0.00014583942, No Iterations 2
ExecutionTime = 247.02568 s  ClockTime = 247 s

Time = 161s

smoothSolver:  Solving for Ux, Initial residual = 0.0067509996, Final residual = 8.5017228e-05, No Iterations 3
smoothSolver:  Solving for Uy, Initial residual = 0.038448165, Final residual = 0.00056417483, No Iterations 3
smoothSolver:  Solving for Uz, Initial residual = 0.038071475, Final residual = 0.00054854005, No Iterations 3
GAMG:  Solving for p, Initial residual = 0.028872287, Final residual = 0.00022569256, No Iterations 3
GAMG:  Solving for p, Initial residual = 0.00064096654, Final residual = 4.3803065e-06, No Iterations 5
time step continuity errors : sum local = 7.4078047e-05, global = 1.7574902e-05, cumulative = -0.0027526047
smoothSolver:  Solving for omega, Initial residual = 0.00078983371, Final residual = 5.5566946e-06, No Iterations 2
smoothSolver:  Solving for k, Initial residual = 0.017591146, Final residual = 0.00014371466, No Iterations 2
ExecutionTime = 248.67203 s  ClockTime = 249 s

Time = 162s

smoothSolver:  Solving for Ux, Initial residual = 0.0066062757, Final residual = 8.3220678e-05, No Iterations 3
smoothSolver:  Solving for Uy, Initial residual = 0.038761259, Final residual = 0.00056478207, No Iterations 3
smoothSolver:  Solving for Uz, Initial residual = 0.03826745, Final residual = 0.00054590174, No Iterations 3
GAMG:  Solving for p, Initial residual = 0.029119099, Final residual = 0.00023914482, No Iterations 3
GAMG:  Solving for p, Initial residual = 0.00065859425, Final residual = 4.7361926e-06, No Iterations 5
time step continuity errors : sum local = 7.8537873e-05, global = 1.9520969e-05, cumulative = -0.0027330838
smoothSolver:  Solving for omega, Initial residual = 0.00078251523, Final residual = 5.4851908e-06, No Iterations 2
smoothSolver:  Solving for k, Initial residual = 0.017322621, Final residual = 0.0001405042, No Iterations 2
ExecutionTime = 249.95211 s  ClockTime = 250 s

Time = 163s

smoothSolver:  Solving for Ux, Initial residual = 0.0064665488, Final residual = 8.163805e-05, No Iterations 3
smoothSolver:  Solving for Uy, Initial residual = 0.038989047, Final residual = 0.00056338344, No Iterations 3
smoothSolver:  Solving for Uz, Initial residual = 0.038334362, Final residual = 0.00054085585, No Iterations 3
GAMG:  Solving for p, Initial residual = 0.029441729, Final residual = 0.00024796052, No Iterations 3
GAMG:  Solving for p, Initial residual = 0.00067356265, Final residual = 5.1177428e-06, No Iterations 5
time step continuity errors : sum local = 8.2821763e-05, global = 2.1915485e-05, cumulative = -0.0027111683
smoothSolver:  Solving for omega, Initial residual = 0.00077926656, Final residual = 5.4531116e-06, No Iterations 2
smoothSolver:  Solving for k, Initial residual = 0.016996335, Final residual = 0.00013725579, No Iterations 2
ExecutionTime = 251.30344 s  ClockTime = 252 s

Time = 164s

smoothSolver:  Solving for Ux, Initial residual = 0.0063381067, Final residual = 8.0309947e-05, No Iterations 3
smoothSolver:  Solving for Uy, Initial residual = 0.039081525, Final residual = 0.00056027292, No Iterations 3
smoothSolver:  Solving for Uz, Initial residual = 0.038239436, Final residual = 0.00053391205, No Iterations 3
GAMG:  Solving for p, Initial residual = 0.029845496, Final residual = 0.00025126305, No Iterations 3
GAMG:  Solving for p, Initial residual = 0.0006836912, Final residual = 5.3722149e-06, No Iterations 5
time step continuity errors : sum local = 8.4855055e-05, global = 2.3821091e-05, cumulative = -0.0026873472
smoothSolver:  Solving for omega, Initial residual = 0.00077098958, Final residual = 5.3883613e-06, No Iterations 2
smoothSolver:  Solving for k, Initial residual = 0.016664424, Final residual = 0.00013476312, No Iterations 2
ExecutionTime = 252.68901 s  ClockTime = 253 s

Time = 165s

smoothSolver:  Solving for Ux, Initial residual = 0.0062216431, Final residual = 7.9224007e-05, No Iterations 3
smoothSolver:  Solving for Uy, Initial residual = 0.039042728, Final residual = 0.00055624147, No Iterations 3
smoothSolver:  Solving for Uz, Initial residual = 0.037949785, Final residual = 0.00052541305, No Iterations 3
GAMG:  Solving for p, Initial residual = 0.029799019, Final residual = 0.00024607775, No Iterations 3
GAMG:  Solving for p, Initial residual = 0.00068057498, Final residual = 5.3481051e-06, No Iterations 5
time step continuity errors : sum local = 8.3090194e-05, global = 2.4232812e-05, cumulative = -0.0026631144
smoothSolver:  Solving for omega, Initial residual = 0.00076767643, Final residual = 5.3364759e-06, No Iterations 2
smoothSolver:  Solving for k, Initial residual = 0.016281797, Final residual = 0.00013221584, No Iterations 2
ExecutionTime = 254.0523 s  ClockTime = 254 s

Time = 166s

smoothSolver:  Solving for Ux, Initial residual = 0.0061184459, Final residual = 7.8352403e-05, No Iterations 3
smoothSolver:  Solving for Uy, Initial residual = 0.038866541, Final residual = 0.00055161168, No Iterations 3
smoothSolver:  Solving for Uz, Initial residual = 0.037522129, Final residual = 0.00051687434, No Iterations 3
GAMG:  Solving for p, Initial residual = 0.029656752, Final residual = 0.00023405873, No Iterations 3
GAMG:  Solving for p, Initial residual = 0.00066584194, Final residual = 5.1395602e-06, No Iterations 5
time step continuity errors : sum local = 7.8772856e-05, global = 2.391859e-05, cumulative = -0.0026391958
smoothSolver:  Solving for omega, Initial residual = 0.00076161987, Final residual = 5.4014142e-06, No Iterations 2
smoothSolver:  Solving for k, Initial residual = 0.015851257, Final residual = 0.00012946923, No Iterations 2
ExecutionTime = 255.3829 s  ClockTime = 256 s

Time = 167s

smoothSolver:  Solving for Ux, Initial residual = 0.0060273374, Final residual = 7.7667159e-05, No Iterations 3
smoothSolver:  Solving for Uy, Initial residual = 0.038576935, Final residual = 0.00054726649, No Iterations 3
smoothSolver:  Solving for Uz, Initial residual = 0.036993662, Final residual = 0.00050872882, No Iterations 3
GAMG:  Solving for p, Initial residual = 0.02942809, Final residual = 0.00021583587, No Iterations 3
GAMG:  Solving for p, Initial residual = 0.00064185433, Final residual = 4.7900481e-06, No Iterations 5
time step continuity errors : sum local = 7.2613542e-05, global = 2.3084792e-05, cumulative = -0.002616111
smoothSolver:  Solving for omega, Initial residual = 0.00075940293, Final residual = 5.3093439e-06, No Iterations 2
smoothSolver:  Solving for k, Initial residual = 0.015410671, Final residual = 0.00012737326, No Iterations 2
ExecutionTime = 256.82189 s  ClockTime = 257 s

Time = 168s

smoothSolver:  Solving for Ux, Initial residual = 0.0059496598, Final residual = 7.7135369e-05, No Iterations 3
smoothSolver:  Solving for Uy, Initial residual = 0.038210676, Final residual = 0.00054330816, No Iterations 3
smoothSolver:  Solving for Uz, Initial residual = 0.036412951, Final residual = 0.00050149478, No Iterations 3
GAMG:  Solving for p, Initial residual = 0.029125883, Final residual = 0.0001948358, No Iterations 3
GAMG:  Solving for p, Initial residual = 0.00061880823, Final residual = 4.4932258e-06, No Iterations 5
time step continuity errors : sum local = 6.7564269e-05, global = 2.2927501e-05, cumulative = -0.0025931835
smoothSolver:  Solving for omega, Initial residual = 0.00074972508, Final residual = 5.2984485e-06, No Iterations 2
smoothSolver:  Solving for k, Initial residual = 0.014992976, Final residual = 0.0001254042, No Iterations 2
ExecutionTime = 258.2191 s  ClockTime = 258 s

Time = 169s

smoothSolver:  Solving for Ux, Initial residual = 0.0058811621, Final residual = 7.6731413e-05, No Iterations 3
smoothSolver:  Solving for Uy, Initial residual = 0.037806123, Final residual = 0.00053986978, No Iterations 3
smoothSolver:  Solving for Uz, Initial residual = 0.035817678, Final residual = 0.00049512566, No Iterations 3
GAMG:  Solving for p, Initial residual = 0.028717057, Final residual = 0.00017487783, No Iterations 3
GAMG:  Solving for p, Initial residual = 0.00059733081, Final residual = 3.6181608e-06, No Iterations 5
time step continuity errors : sum local = 5.4107133e-05, global = 1.9436609e-05, cumulative = -0.0025737469
smoothSolver:  Solving for omega, Initial residual = 0.00074736818, Final residual = 5.3282755e-06, No Iterations 2
smoothSolver:  Solving for k, Initial residual = 0.014605496, Final residual = 0.00012375118, No Iterations 2
ExecutionTime = 259.54285 s  ClockTime = 260 s

Time = 170s

smoothSolver:  Solving for Ux, Initial residual = 0.0058203019, Final residual = 7.6405809e-05, No Iterations 3
smoothSolver:  Solving for Uy, Initial residual = 0.037386867, Final residual = 0.00053677202, No Iterations 3
smoothSolver:  Solving for Uz, Initial residual = 0.035241995, Final residual = 0.00048962391, No Iterations 3
GAMG:  Solving for p, Initial residual = 0.028245871, Final residual = 0.00016149971, No Iterations 3
GAMG:  Solving for p, Initial residual = 0.00058339687, Final residual = 3.5896644e-06, No Iterations 4
time step continuity errors : sum local = 5.3514629e-05, global = -1.4619793e-05, cumulative = -0.0025883667
smoothSolver:  Solving for omega, Initial residual = 0.00074092898, Final residual = 5.2983802e-06, No Iterations 2
smoothSolver:  Solving for k, Initial residual = 0.014228744, Final residual = 0.00012182032, No Iterations 2
ExecutionTime = 260.87291 s  ClockTime = 261 s

Time = 171s

smoothSolver:  Solving for Ux, Initial residual = 0.0057653113, Final residual = 7.6090399e-05, No Iterations 3
smoothSolver:  Solving for Uy, Initial residual = 0.036978821, Final residual = 0.00053387545, No Iterations 3
smoothSolver:  Solving for Uz, Initial residual = 0.034728477, Final residual = 0.00048503319, No Iterations 3
GAMG:  Solving for p, Initial residual = 0.027729106, Final residual = 0.0001555051, No Iterations 3
GAMG:  Solving for p, Initial residual = 0.00057637294, Final residual = 2.6227855e-06, No Iterations 4
time step continuity errors : sum local = 3.9042985e-05, global = 6.853787e-06, cumulative = -0.0025815129
smoothSolver:  Solving for omega, Initial residual = 0.00073832032, Final residual = 5.1978e-06, No Iterations 2
smoothSolver:  Solving for k, Initial residual = 0.013892719, Final residual = 0.00012019468, No Iterations 2
ExecutionTime = 262.16534 s  ClockTime = 262 s

Time = 172s

smoothSolver:  Solving for Ux, Initial residual = 0.0057116383, Final residual = 7.5725797e-05, No Iterations 3
smoothSolver:  Solving for Uy, Initial residual = 0.036594976, Final residual = 0.00053105184, No Iterations 3
smoothSolver:  Solving for Uz, Initial residual = 0.034291559, Final residual = 0.00048129676, No Iterations 3
GAMG:  Solving for p, Initial residual = 0.027210839, Final residual = 0.0001537696, No Iterations 3
GAMG:  Solving for p, Initial residual = 0.00057200641, Final residual = 2.7802504e-06, No Iterations 4
time step continuity errors : sum local = 4.1380726e-05, global = -5.7037607e-06, cumulative = -0.0025872167
smoothSolver:  Solving for omega, Initial residual = 0.00073011017, Final residual = 5.3028871e-06, No Iterations 2
smoothSolver:  Solving for k, Initial residual = 0.013591075, Final residual = 0.00011843025, No Iterations 2
ExecutionTime = 263.52777 s  ClockTime = 264 s

Time = 173s

smoothSolver:  Solving for Ux, Initial residual = 0.0056573828, Final residual = 7.5294725e-05, No Iterations 3
smoothSolver:  Solving for Uy, Initial residual = 0.036229273, Final residual = 0.00052810273, No Iterations 3
smoothSolver:  Solving for Uz, Initial residual = 0.033926935, Final residual = 0.00047818943, No Iterations 3
GAMG:  Solving for p, Initial residual = 0.026714868, Final residual = 0.00015288387, No Iterations 3
GAMG:  Solving for p, Initial residual = 0.00056865838, Final residual = 2.7578368e-06, No Iterations 4
time step continuity errors : sum local = 4.1094281e-05, global = 8.9327575e-06, cumulative = -0.0025782839
smoothSolver:  Solving for omega, Initial residual = 0.00073010222, Final residual = 5.2862317e-06, No Iterations 2
smoothSolver:  Solving for k, Initial residual = 0.013319301, Final residual = 0.00011706019, No Iterations 2
ExecutionTime = 264.81226 s  ClockTime = 265 s

Time = 174s

smoothSolver:  Solving for Ux, Initial residual = 0.0055992848, Final residual = 7.4782847e-05, No Iterations 3
smoothSolver:  Solving for Uy, Initial residual = 0.035882811, Final residual = 0.00052474979, No Iterations 3
smoothSolver:  Solving for Uz, Initial residual = 0.033643714, Final residual = 0.00047555373, No Iterations 3
GAMG:  Solving for p, Initial residual = 0.026270533, Final residual = 0.00015080037, No Iterations 3
GAMG:  Solving for p, Initial residual = 0.00056401767, Final residual = 4.3054712e-06, No Iterations 4
time step continuity errors : sum local = 6.4294598e-05, global = 2.1491957e-05, cumulative = -0.0025567919
smoothSolver:  Solving for omega, Initial residual = 0.00072219473, Final residual = 5.226209e-06, No Iterations 2
smoothSolver:  Solving for k, Initial residual = 0.013054745, Final residual = 0.00011526918, No Iterations 2
ExecutionTime = 266.10814 s  ClockTime = 266 s

Time = 175s

smoothSolver:  Solving for Ux, Initial residual = 0.0055367743, Final residual = 7.4186066e-05, No Iterations 3
smoothSolver:  Solving for Uy, Initial residual = 0.035546942, Final residual = 0.0005212378, No Iterations 3
smoothSolver:  Solving for Uz, Initial residual = 0.033425336, Final residual = 0.00047337428, No Iterations 3
GAMG:  Solving for p, Initial residual = 0.025917193, Final residual = 0.0001492787, No Iterations 3
GAMG:  Solving for p, Initial residual = 0.00056032388, Final residual = 3.5190514e-06, No Iterations 5
time step continuity errors : sum local = 5.268191e-05, global = -1.9229559e-05, cumulative = -0.0025760215
smoothSolver:  Solving for omega, Initial residual = 0.00071764616, Final residual = 5.1891777e-06, No Iterations 2
smoothSolver:  Solving for k, Initial residual = 0.012818022, Final residual = 0.00011372907, No Iterations 2
ExecutionTime = 267.39389 s  ClockTime = 268 s

Time = 176s

smoothSolver:  Solving for Ux, Initial residual = 0.00546931, Final residual = 7.351303e-05, No Iterations 3
smoothSolver:  Solving for Uy, Initial residual = 0.035218622, Final residual = 0.00051728399, No Iterations 3
smoothSolver:  Solving for Uz, Initial residual = 0.033240516, Final residual = 0.00047136559, No Iterations 3
GAMG:  Solving for p, Initial residual = 0.02560486, Final residual = 0.00014900901, No Iterations 3
GAMG:  Solving for p, Initial residual = 0.0005564999, Final residual = 5.4430667e-06, No Iterations 4
time step continuity errors : sum local = 8.1703539e-05, global = 2.7618033e-05, cumulative = -0.0025484035
smoothSolver:  Solving for omega, Initial residual = 0.00070948335, Final residual = 5.2233011e-06, No Iterations 2
smoothSolver:  Solving for k, Initial residual = 0.012599103, Final residual = 0.00011219848, No Iterations 2
ExecutionTime = 268.74394 s  ClockTime = 269 s

Time = 177s

smoothSolver:  Solving for Ux, Initial residual = 0.0053977379, Final residual = 7.2773145e-05, No Iterations 3
smoothSolver:  Solving for Uy, Initial residual = 0.034885489, Final residual = 0.00051277091, No Iterations 3
smoothSolver:  Solving for Uz, Initial residual = 0.033074839, Final residual = 0.00046927293, No Iterations 3
GAMG:  Solving for p, Initial residual = 0.0253137, Final residual = 0.00014868343, No Iterations 3
GAMG:  Solving for p, Initial residual = 0.00054959634, Final residual = 5.0107478e-06, No Iterations 4
time step continuity errors : sum local = 7.543834e-05, global = 2.7085711e-05, cumulative = -0.0025213178
smoothSolver:  Solving for omega, Initial residual = 0.00070894338, Final residual = 5.198373e-06, No Iterations 2
smoothSolver:  Solving for k, Initial residual = 0.012388921, Final residual = 0.00011075974, No Iterations 2
ExecutionTime = 270.24078 s  ClockTime = 271 s

Time = 178s

smoothSolver:  Solving for Ux, Initial residual = 0.0053229057, Final residual = 7.1950182e-05, No Iterations 3
smoothSolver:  Solving for Uy, Initial residual = 0.034541476, Final residual = 0.00050779979, No Iterations 3
smoothSolver:  Solving for Uz, Initial residual = 0.032932681, Final residual = 0.00046734636, No Iterations 3
GAMG:  Solving for p, Initial residual = 0.025058636, Final residual = 0.00014820543, No Iterations 3
GAMG:  Solving for p, Initial residual = 0.00054247002, Final residual = 4.2033975e-06, No Iterations 4
time step continuity errors : sum local = 6.3461818e-05, global = 2.0583844e-05, cumulative = -0.0025007339
smoothSolver:  Solving for omega, Initial residual = 0.00070252785, Final residual = 5.212892e-06, No Iterations 2
smoothSolver:  Solving for k, Initial residual = 0.012188506, Final residual = 0.00010931718, No Iterations 2
ExecutionTime = 271.78542 s  ClockTime = 272 s

Time = 179s

smoothSolver:  Solving for Ux, Initial residual = 0.0052459776, Final residual = 7.1060918e-05, No Iterations 3
smoothSolver:  Solving for Uy, Initial residual = 0.03418724, Final residual = 0.00050258708, No Iterations 3
smoothSolver:  Solving for Uz, Initial residual = 0.03280159, Final residual = 0.00046552753, No Iterations 3
GAMG:  Solving for p, Initial residual = 0.024837471, Final residual = 0.00014873534, No Iterations 3
GAMG:  Solving for p, Initial residual = 0.00053661677, Final residual = 3.5951302e-06, No Iterations 4
time step continuity errors : sum local = 5.4394166e-05, global = 1.5213073e-05, cumulative = -0.0024855208
smoothSolver:  Solving for omega, Initial residual = 0.00070097855, Final residual = 5.1493592e-06, No Iterations 2
smoothSolver:  Solving for k, Initial residual = 0.011987826, Final residual = 0.00010818702, No Iterations 2
ExecutionTime = 273.56405 s  ClockTime = 274 s

Time = 180s

smoothSolver:  Solving for Ux, Initial residual = 0.0051665191, Final residual = 7.0105049e-05, No Iterations 3
smoothSolver:  Solving for Uy, Initial residual = 0.033823528, Final residual = 0.0004968952, No Iterations 3
smoothSolver:  Solving for Uz, Initial residual = 0.032687423, Final residual = 0.00046382151, No Iterations 3
GAMG:  Solving for p, Initial residual = 0.024612202, Final residual = 0.00015026524, No Iterations 3
GAMG:  Solving for p, Initial residual = 0.00053466119, Final residual = 2.8660928e-06, No Iterations 4
time step continuity errors : sum local = 4.3418993e-05, global = 5.408224e-06, cumulative = -0.0024801126
smoothSolver:  Solving for omega, Initial residual = 0.00069284721, Final residual = 5.1782702e-06, No Iterations 2
smoothSolver:  Solving for k, Initial residual = 0.011790685, Final residual = 0.00010683149, No Iterations 2
ExecutionTime = 275.54726 s  ClockTime = 276 s

Time = 181s

smoothSolver:  Solving for Ux, Initial residual = 0.0050849019, Final residual = 6.9092664e-05, No Iterations 3
smoothSolver:  Solving for Uy, Initial residual = 0.033448767, Final residual = 0.00049085813, No Iterations 3
smoothSolver:  Solving for Uz, Initial residual = 0.032603297, Final residual = 0.00046241938, No Iterations 3
GAMG:  Solving for p, Initial residual = 0.024427293, Final residual = 0.00015191281, No Iterations 3
GAMG:  Solving for p, Initial residual = 0.00053268098, Final residual = 3.6981897e-06, No Iterations 4
time step continuity errors : sum local = 5.605078e-05, global = -1.4283765e-05, cumulative = -0.0024943964
smoothSolver:  Solving for omega, Initial residual = 0.00069212795, Final residual = 5.1845708e-06, No Iterations 2
smoothSolver:  Solving for k, Initial residual = 0.011599233, Final residual = 0.00010560484, No Iterations 2
ExecutionTime = 277.38569 s  ClockTime = 278 s

Time = 182s

smoothSolver:  Solving for Ux, Initial residual = 0.0050018561, Final residual = 6.8043947e-05, No Iterations 3
smoothSolver:  Solving for Uy, Initial residual = 0.033067414, Final residual = 0.00048489999, No Iterations 3
smoothSolver:  Solving for Uz, Initial residual = 0.032545171, Final residual = 0.00046139677, No Iterations 3
GAMG:  Solving for p, Initial residual = 0.024262536, Final residual = 0.00015429997, No Iterations 3
GAMG:  Solving for p, Initial residual = 0.00053334493, Final residual = 4.4892069e-06, No Iterations 4
time step continuity errors : sum local = 6.8013751e-05, global = -1.9068469e-05, cumulative = -0.0025134649
smoothSolver:  Solving for omega, Initial residual = 0.00068594171, Final residual = 5.1174602e-06, No Iterations 2
smoothSolver:  Solving for k, Initial residual = 0.011406942, Final residual = 0.00010429848, No Iterations 2
ExecutionTime = 279.14759 s  ClockTime = 279 s

Time = 183s

smoothSolver:  Solving for Ux, Initial residual = 0.0049181096, Final residual = 6.6961184e-05, No Iterations 3
smoothSolver:  Solving for Uy, Initial residual = 0.03270475, Final residual = 0.00047930394, No Iterations 3
smoothSolver:  Solving for Uz, Initial residual = 0.032506347, Final residual = 0.00046065877, No Iterations 3
GAMG:  Solving for p, Initial residual = 0.024120296, Final residual = 0.00015613301, No Iterations 3
GAMG:  Solving for p, Initial residual = 0.00053723108, Final residual = 5.1084632e-06, No Iterations 4
time step continuity errors : sum local = 7.7317431e-05, global = -2.2452183e-05, cumulative = -0.002535917
smoothSolver:  Solving for omega, Initial residual = 0.00068399774, Final residual = 5.0931269e-06, No Iterations 2
smoothSolver:  Solving for k, Initial residual = 0.011215909, Final residual = 0.00010304053, No Iterations 2
ExecutionTime = 280.91552 s  ClockTime = 281 s

Time = 184s

smoothSolver:  Solving for Ux, Initial residual = 0.0048334615, Final residual = 6.5851194e-05, No Iterations 3
smoothSolver:  Solving for Uy, Initial residual = 0.032343771, Final residual = 0.00047373018, No Iterations 3
smoothSolver:  Solving for Uz, Initial residual = 0.032470226, Final residual = 0.00046000969, No Iterations 3
GAMG:  Solving for p, Initial residual = 0.023881689, Final residual = 0.00015663206, No Iterations 3
GAMG:  Solving for p, Initial residual = 0.00054120555, Final residual = 3.1634357e-06, No Iterations 5
time step continuity errors : sum local = 4.7799043e-05, global = 1.4350178e-05, cumulative = -0.0025215669
smoothSolver:  Solving for omega, Initial residual = 0.0006768956, Final residual = 5.1558774e-06, No Iterations 2
smoothSolver:  Solving for k, Initial residual = 0.0110301, Final residual = 0.00010172415, No Iterations 2
ExecutionTime = 282.33843 s  ClockTime = 283 s

Time = 185s

smoothSolver:  Solving for Ux, Initial residual = 0.0047494507, Final residual = 6.4716567e-05, No Iterations 3
smoothSolver:  Solving for Uy, Initial residual = 0.031996605, Final residual = 0.00046821589, No Iterations 3
smoothSolver:  Solving for Uz, Initial residual = 0.032440472, Final residual = 0.00045930049, No Iterations 3
GAMG:  Solving for p, Initial residual = 0.023555454, Final residual = 0.00015513935, No Iterations 3
GAMG:  Solving for p, Initial residual = 0.00054434704, Final residual = 3.369744e-06, No Iterations 5
time step continuity errors : sum local = 5.0802038e-05, global = 1.5383383e-05, cumulative = -0.0025061835
smoothSolver:  Solving for omega, Initial residual = 0.00067653074, Final residual = 5.1087311e-06, No Iterations 2
smoothSolver:  Solving for k, Initial residual = 0.010842656, Final residual = 0.00010054716, No Iterations 2
ExecutionTime = 283.79083 s  ClockTime = 284 s

Time = 186s

smoothSolver:  Solving for Ux, Initial residual = 0.0046648114, Final residual = 6.3558081e-05, No Iterations 3
smoothSolver:  Solving for Uy, Initial residual = 0.031659079, Final residual = 0.00046271368, No Iterations 3
smoothSolver:  Solving for Uz, Initial residual = 0.032401009, Final residual = 0.00045839079, No Iterations 3
GAMG:  Solving for p, Initial residual = 0.023225189, Final residual = 0.00015173603, No Iterations 3
GAMG:  Solving for p, Initial residual = 0.00054422794, Final residual = 3.6144084e-06, No Iterations 5
time step continuity errors : sum local = 5.4345682e-05, global = 1.6960243e-05, cumulative = -0.0024892232
smoothSolver:  Solving for omega, Initial residual = 0.00066918487, Final residual = 5.0495736e-06, No Iterations 2
smoothSolver:  Solving for k, Initial residual = 0.010653861, Final residual = 9.9324628e-05, No Iterations 2
ExecutionTime = 285.30703 s  ClockTime = 286 s

Time = 187s

smoothSolver:  Solving for Ux, Initial residual = 0.0045818673, Final residual = 6.2382447e-05, No Iterations 3
smoothSolver:  Solving for Uy, Initial residual = 0.031332475, Final residual = 0.00045731537, No Iterations 3
smoothSolver:  Solving for Uz, Initial residual = 0.032343399, Final residual = 0.00045715398, No Iterations 3
GAMG:  Solving for p, Initial residual = 0.022961883, Final residual = 0.0001478001, No Iterations 3
GAMG:  Solving for p, Initial residual = 0.00054027096, Final residual = 3.6658772e-06, No Iterations 5
time step continuity errors : sum local = 5.4945167e-05, global = 1.7478707e-05, cumulative = -0.0024717445
smoothSolver:  Solving for omega, Initial residual = 0.00066819236, Final residual = 5.0368308e-06, No Iterations 2
smoothSolver:  Solving for k, Initial residual = 0.010469442, Final residual = 9.8128012e-05, No Iterations 2
ExecutionTime = 286.682 s  ClockTime = 287 s

Time = 188s

smoothSolver:  Solving for Ux, Initial residual = 0.0044998777, Final residual = 6.1199546e-05, No Iterations 3
smoothSolver:  Solving for Uy, Initial residual = 0.031001643, Final residual = 0.00045192127, No Iterations 3
smoothSolver:  Solving for Uz, Initial residual = 0.032257881, Final residual = 0.00045551402, No Iterations 3
GAMG:  Solving for p, Initial residual = 0.022721419, Final residual = 0.00014520844, No Iterations 3
GAMG:  Solving for p, Initial residual = 0.00053653703, Final residual = 3.5976001e-06, No Iterations 5
time step continuity errors : sum local = 5.3720356e-05, global = 1.7225701e-05, cumulative = -0.0024545188
smoothSolver:  Solving for omega, Initial residual = 0.00066149209, Final residual = 5.0363973e-06, No Iterations 2
smoothSolver:  Solving for k, Initial residual = 0.010286536, Final residual = 9.6836204e-05, No Iterations 2
ExecutionTime = 288.17211 s  ClockTime = 288 s

Time = 189s

smoothSolver:  Solving for Ux, Initial residual = 0.0044176113, Final residual = 6.0021895e-05, No Iterations 3
smoothSolver:  Solving for Uy, Initial residual = 0.030662539, Final residual = 0.00044648986, No Iterations 3
smoothSolver:  Solving for Uz, Initial residual = 0.032145791, Final residual = 0.00045344198, No Iterations 3
GAMG:  Solving for p, Initial residual = 0.022494927, Final residual = 0.00014414563, No Iterations 3
GAMG:  Solving for p, Initial residual = 0.00053750963, Final residual = 3.4932391e-06, No Iterations 5
time step continuity errors : sum local = 5.1947454e-05, global = 1.7016544e-05, cumulative = -0.0024375023
smoothSolver:  Solving for omega, Initial residual = 0.00066120915, Final residual = 5.0284936e-06, No Iterations 2
smoothSolver:  Solving for k, Initial residual = 0.010113186, Final residual = 9.5808602e-05, No Iterations 2
ExecutionTime = 289.79732 s  ClockTime = 290 s

Time = 190s

smoothSolver:  Solving for Ux, Initial residual = 0.0043365349, Final residual = 5.8848332e-05, No Iterations 3
smoothSolver:  Solving for Uy, Initial residual = 0.030322126, Final residual = 0.00044080267, No Iterations 3
smoothSolver:  Solving for Uz, Initial residual = 0.032001318, Final residual = 0.00045094785, No Iterations 3
GAMG:  Solving for p, Initial residual = 0.022281275, Final residual = 0.00014367389, No Iterations 3
GAMG:  Solving for p, Initial residual = 0.00053972946, Final residual = 3.2809762e-06, No Iterations 5
time step continuity errors : sum local = 4.8558962e-05, global = 1.6032938e-05, cumulative = -0.0024214693
smoothSolver:  Solving for omega, Initial residual = 0.00065668924, Final residual = 4.983606e-06, No Iterations 2
smoothSolver:  Solving for k, Initial residual = 0.0099395398, Final residual = 9.455941e-05, No Iterations 2
ExecutionTime = 291.28812 s  ClockTime = 292 s

Time = 191s

smoothSolver:  Solving for Ux, Initial residual = 0.0042577713, Final residual = 5.7698179e-05, No Iterations 3
smoothSolver:  Solving for Uy, Initial residual = 0.029956787, Final residual = 0.00043486761, No Iterations 3
smoothSolver:  Solving for Uz, Initial residual = 0.031807719, Final residual = 0.00044779158, No Iterations 3
GAMG:  Solving for p, Initial residual = 0.022061937, Final residual = 0.0001416299, No Iterations 3
GAMG:  Solving for p, Initial residual = 0.00054291733, Final residual = 5.2605009e-06, No Iterations 4
time step continuity errors : sum local = 7.7465646e-05, global = -2.0780156e-05, cumulative = -0.0024422495
smoothSolver:  Solving for omega, Initial residual = 0.00065650768, Final residual = 5.004693e-06, No Iterations 2
smoothSolver:  Solving for k, Initial residual = 0.0097770364, Final residual = 9.3357629e-05, No Iterations 2
ExecutionTime = 292.7305 s  ClockTime = 293 s

Time = 192s

smoothSolver:  Solving for Ux, Initial residual = 0.0041822987, Final residual = 5.6569314e-05, No Iterations 3
smoothSolver:  Solving for Uy, Initial residual = 0.029581619, Final residual = 0.0004288148, No Iterations 3
smoothSolver:  Solving for Uz, Initial residual = 0.031575276, Final residual = 0.0004441797, No Iterations 3
GAMG:  Solving for p, Initial residual = 0.021742668, Final residual = 0.00013907725, No Iterations 3
GAMG:  Solving for p, Initial residual = 0.00054402554, Final residual = 4.7229885e-06, No Iterations 4
time step continuity errors : sum local = 6.9200078e-05, global = -1.7354152e-05, cumulative = -0.0024596036
smoothSolver:  Solving for omega, Initial residual = 0.00065086298, Final residual = 4.9960825e-06, No Iterations 2
smoothSolver:  Solving for k, Initial residual = 0.0096157792, Final residual = 9.2349835e-05, No Iterations 2
ExecutionTime = 294.42555 s  ClockTime = 295 s

Time = 193s

smoothSolver:  Solving for Ux, Initial residual = 0.0041080408, Final residual = 5.5474016e-05, No Iterations 3
smoothSolver:  Solving for Uy, Initial residual = 0.0291769, Final residual = 0.00042233032, No Iterations 3
smoothSolver:  Solving for Uz, Initial residual = 0.031298022, Final residual = 0.00044000541, No Iterations 3
GAMG:  Solving for p, Initial residual = 0.02132352, Final residual = 0.00013504282, No Iterations 3
GAMG:  Solving for p, Initial residual = 0.00054038223, Final residual = 4.0093747e-06, No Iterations 4
time step continuity errors : sum local = 5.8457058e-05, global = -1.3935962e-05, cumulative = -0.0024735396
smoothSolver:  Solving for omega, Initial residual = 0.00064930736, Final residual = 4.9757893e-06, No Iterations 2
smoothSolver:  Solving for k, Initial residual = 0.0094670025, Final residual = 9.1153715e-05, No Iterations 2
ExecutionTime = 296.18662 s  ClockTime = 296 s

Time = 194s

smoothSolver:  Solving for Ux, Initial residual = 0.0040359114, Final residual = 5.4410838e-05, No Iterations 3
smoothSolver:  Solving for Uy, Initial residual = 0.028755886, Final residual = 0.00041569219, No Iterations 3
smoothSolver:  Solving for Uz, Initial residual = 0.031000945, Final residual = 0.00043539848, No Iterations 3
GAMG:  Solving for p, Initial residual = 0.020804802, Final residual = 0.00013229344, No Iterations 3
GAMG:  Solving for p, Initial residual = 0.00053561531, Final residual = 3.3736566e-06, No Iterations 4
time step continuity errors : sum local = 4.8950798e-05, global = -1.049549e-05, cumulative = -0.0024840351
smoothSolver:  Solving for omega, Initial residual = 0.00064331151, Final residual = 4.9306394e-06, No Iterations 2
smoothSolver:  Solving for k, Initial residual = 0.0093168038, Final residual = 8.9906431e-05, No Iterations 2
ExecutionTime = 297.85632 s  ClockTime = 298 s

Time = 195s

smoothSolver:  Solving for Ux, Initial residual = 0.003965864, Final residual = 5.3380739e-05, No Iterations 3
smoothSolver:  Solving for Uy, Initial residual = 0.028317207, Final residual = 0.00040892676, No Iterations 3
smoothSolver:  Solving for Uz, Initial residual = 0.030658149, Final residual = 0.00043023762, No Iterations 3
GAMG:  Solving for p, Initial residual = 0.020325332, Final residual = 0.00013027178, No Iterations 3
GAMG:  Solving for p, Initial residual = 0.00052802303, Final residual = 2.8101258e-06, No Iterations 4
time step continuity errors : sum local = 4.0572528e-05, global = -3.3064707e-06, cumulative = -0.0024873416
smoothSolver:  Solving for omega, Initial residual = 0.00063968706, Final residual = 4.8752887e-06, No Iterations 2
smoothSolver:  Solving for k, Initial residual = 0.0091720704, Final residual = 8.8847055e-05, No Iterations 2
ExecutionTime = 299.701 s  ClockTime = 300 s

Time = 196s

smoothSolver:  Solving for Ux, Initial residual = 0.0038972698, Final residual = 5.2383558e-05, No Iterations 3
smoothSolver:  Solving for Uy, Initial residual = 0.027873649, Final residual = 0.00040218347, No Iterations 3
smoothSolver:  Solving for Uz, Initial residual = 0.030285476, Final residual = 0.00042465842, No Iterations 3
GAMG:  Solving for p, Initial residual = 0.019874837, Final residual = 0.00012817675, No Iterations 3
GAMG:  Solving for p, Initial residual = 0.00051841207, Final residual = 3.0445825e-06, No Iterations 4
time step continuity errors : sum local = 4.3738686e-05, global = -2.1215828e-06, cumulative = -0.0024894632
smoothSolver:  Solving for omega, Initial residual = 0.00063403613, Final residual = 4.9079472e-06, No Iterations 2
smoothSolver:  Solving for k, Initial residual = 0.0090297281, Final residual = 8.7482996e-05, No Iterations 2
ExecutionTime = 301.65157 s  ClockTime = 302 s

Time = 197s

smoothSolver:  Solving for Ux, Initial residual = 0.0038306006, Final residual = 5.142563e-05, No Iterations 3
smoothSolver:  Solving for Uy, Initial residual = 0.027431887, Final residual = 0.00039548698, No Iterations 3
smoothSolver:  Solving for Uz, Initial residual = 0.029883201, Final residual = 0.00041871131, No Iterations 3
GAMG:  Solving for p, Initial residual = 0.019485557, Final residual = 0.0001261702, No Iterations 3
GAMG:  Solving for p, Initial residual = 0.00050748061, Final residual = 3.2452049e-06, No Iterations 4
time step continuity errors : sum local = 4.6398049e-05, global = -1.026894e-06, cumulative = -0.00249049
smoothSolver:  Solving for omega, Initial residual = 0.00063435883, Final residual = 4.9098024e-06, No Iterations 2
smoothSolver:  Solving for k, Initial residual = 0.008890667, Final residual = 8.6342424e-05, No Iterations 2
ExecutionTime = 303.15857 s  ClockTime = 303 s

Time = 198s

smoothSolver:  Solving for Ux, Initial residual = 0.0037661643, Final residual = 5.0508616e-05, No Iterations 3
smoothSolver:  Solving for Uy, Initial residual = 0.026985663, Final residual = 0.00038881792, No Iterations 3
smoothSolver:  Solving for Uz, Initial residual = 0.029468675, Final residual = 0.00041243174, No Iterations 3
GAMG:  Solving for p, Initial residual = 0.019170177, Final residual = 0.00012323924, No Iterations 3
GAMG:  Solving for p, Initial residual = 0.00049680376, Final residual = 3.2887841e-06, No Iterations 4
time step continuity errors : sum local = 4.6789761e-05, global = -5.4286619e-06, cumulative = -0.0024959187
smoothSolver:  Solving for omega, Initial residual = 0.00062792291, Final residual = 4.8448217e-06, No Iterations 2
smoothSolver:  Solving for k, Initial residual = 0.0087506661, Final residual = 8.5129525e-05, No Iterations 2
ExecutionTime = 304.3707 s  ClockTime = 305 s

Time = 199s

smoothSolver:  Solving for Ux, Initial residual = 0.0037029653, Final residual = 4.9636062e-05, No Iterations 3
smoothSolver:  Solving for Uy, Initial residual = 0.026544526, Final residual = 0.00038222342, No Iterations 3
smoothSolver:  Solving for Uz, Initial residual = 0.029035436, Final residual = 0.00040575832, No Iterations 3
GAMG:  Solving for p, Initial residual = 0.018866556, Final residual = 0.00012115217, No Iterations 3
GAMG:  Solving for p, Initial residual = 0.00048761815, Final residual = 3.1338364e-06, No Iterations 4
time step continuity errors : sum local = 4.436005e-05, global = -9.3292125e-06, cumulative = -0.0025052479
smoothSolver:  Solving for omega, Initial residual = 0.00062148959, Final residual = 4.7586608e-06, No Iterations 2
smoothSolver:  Solving for k, Initial residual = 0.0086119475, Final residual = 8.3950953e-05, No Iterations 2
ExecutionTime = 305.70611 s  ClockTime = 306 s

Time = 200s

smoothSolver:  Solving for Ux, Initial residual = 0.0036425619, Final residual = 4.8791641e-05, No Iterations 3
smoothSolver:  Solving for Uy, Initial residual = 0.026117445, Final residual = 0.00037580578, No Iterations 3
smoothSolver:  Solving for Uz, Initial residual = 0.028584067, Final residual = 0.00039876882, No Iterations 3
GAMG:  Solving for p, Initial residual = 0.018628526, Final residual = 0.00011951621, No Iterations 3
GAMG:  Solving for p, Initial residual = 0.00048277, Final residual = 2.3390776e-06, No Iterations 4
time step continuity errors : sum local = 3.2950626e-05, global = -1.1294885e-06, cumulative = -0.0025063774
smoothSolver:  Solving for omega, Initial residual = 0.00061388901, Final residual = 4.7455634e-06, No Iterations 2
smoothSolver:  Solving for k, Initial residual = 0.0084733549, Final residual = 8.2774387e-05, No Iterations 2
ExecutionTime = 306.98875 s  ClockTime = 307 s

Time = 201s

smoothSolver:  Solving for Ux, Initial residual = 0.0035845147, Final residual = 4.79668e-05, No Iterations 3
smoothSolver:  Solving for Uy, Initial residual = 0.025702492, Final residual = 0.0003695387, No Iterations 3
smoothSolver:  Solving for Uz, Initial residual = 0.028113125, Final residual = 0.00039159912, No Iterations 3
GAMG:  Solving for p, Initial residual = 0.01841755, Final residual = 0.00011783766, No Iterations 3
GAMG:  Solving for p, Initial residual = 0.00047870802, Final residual = 2.2805408e-06, No Iterations 4
time step continuity errors : sum local = 3.1958464e-05, global = 3.4857356e-06, cumulative = -0.0025028917
smoothSolver:  Solving for omega, Initial residual = 0.00061379286, Final residual = 4.7649959e-06, No Iterations 2
smoothSolver:  Solving for k, Initial residual = 0.0083404586, Final residual = 8.1608146e-05, No Iterations 2
ExecutionTime = 308.37121 s  ClockTime = 309 s

Time = 202s

smoothSolver:  Solving for Ux, Initial residual = 0.0035280419, Final residual = 4.716352e-05, No Iterations 3
smoothSolver:  Solving for Uy, Initial residual = 0.025303888, Final residual = 0.00036331514, No Iterations 3
smoothSolver:  Solving for Uz, Initial residual = 0.027633603, Final residual = 0.00038428294, No Iterations 3
GAMG:  Solving for p, Initial residual = 0.018216018, Final residual = 0.00011533172, No Iterations 3
GAMG:  Solving for p, Initial residual = 0.0004732462, Final residual = 1.8104196e-06, No Iterations 4
time step continuity errors : sum local = 2.5234201e-05, global = -1.2199708e-06, cumulative = -0.0025041116
smoothSolver:  Solving for omega, Initial residual = 0.0006094305, Final residual = 4.7604704e-06, No Iterations 2
smoothSolver:  Solving for k, Initial residual = 0.0082155062, Final residual = 8.047037e-05, No Iterations 2
ExecutionTime = 310.12821 s  ClockTime = 310 s

Time = 203s

smoothSolver:  Solving for Ux, Initial residual = 0.0034729465, Final residual = 4.6385173e-05, No Iterations 3
smoothSolver:  Solving for Uy, Initial residual = 0.024917014, Final residual = 0.00035722886, No Iterations 3
smoothSolver:  Solving for Uz, Initial residual = 0.027143241, Final residual = 0.00037697433, No Iterations 3
GAMG:  Solving for p, Initial residual = 0.018021756, Final residual = 0.00011174151, No Iterations 3
GAMG:  Solving for p, Initial residual = 0.00046658855, Final residual = 2.0876277e-06, No Iterations 4
time step continuity errors : sum local = 2.8957062e-05, global = -5.1112342e-06, cumulative = -0.0025092229
smoothSolver:  Solving for omega, Initial residual = 0.0006059459, Final residual = 4.7045613e-06, No Iterations 2
smoothSolver:  Solving for k, Initial residual = 0.0080843401, Final residual = 7.9359103e-05, No Iterations 2
ExecutionTime = 311.87584 s  ClockTime = 312 s

Time = 204s

smoothSolver:  Solving for Ux, Initial residual = 0.0034182468, Final residual = 4.5624664e-05, No Iterations 3
smoothSolver:  Solving for Uy, Initial residual = 0.024543464, Final residual = 0.00035122601, No Iterations 3
smoothSolver:  Solving for Uz, Initial residual = 0.026644723, Final residual = 0.00036963165, No Iterations 3
GAMG:  Solving for p, Initial residual = 0.017835753, Final residual = 0.00010769291, No Iterations 3
GAMG:  Solving for p, Initial residual = 0.00046111419, Final residual = 2.2193851e-06, No Iterations 4
time step continuity errors : sum local = 3.0613511e-05, global = -5.0645607e-06, cumulative = -0.0025142874
smoothSolver:  Solving for omega, Initial residual = 0.00059831763, Final residual = 4.662632e-06, No Iterations 2
smoothSolver:  Solving for k, Initial residual = 0.0079656053, Final residual = 7.8318486e-05, No Iterations 2
ExecutionTime = 313.73879 s  ClockTime = 314 s

Time = 205s

smoothSolver:  Solving for Ux, Initial residual = 0.0033645134, Final residual = 4.4879408e-05, No Iterations 3
smoothSolver:  Solving for Uy, Initial residual = 0.024177507, Final residual = 0.00034535219, No Iterations 3
smoothSolver:  Solving for Uz, Initial residual = 0.026134701, Final residual = 0.00036228361, No Iterations 3
GAMG:  Solving for p, Initial residual = 0.017721788, Final residual = 0.00010484157, No Iterations 3
GAMG:  Solving for p, Initial residual = 0.00045621971, Final residual = 4.37888e-06, No Iterations 3
time step continuity errors : sum local = 6.0071173e-05, global = 7.8832322e-06, cumulative = -0.0025064042
smoothSolver:  Solving for omega, Initial residual = 0.00059630505, Final residual = 4.6805828e-06, No Iterations 2
smoothSolver:  Solving for k, Initial residual = 0.0078445209, Final residual = 7.726922e-05, No Iterations 2
ExecutionTime = 315.30603 s  ClockTime = 316 s

Time = 206s

smoothSolver:  Solving for Ux, Initial residual = 0.0033109408, Final residual = 4.4149444e-05, No Iterations 3
smoothSolver:  Solving for Uy, Initial residual = 0.023823657, Final residual = 0.00033966075, No Iterations 3
smoothSolver:  Solving for Uz, Initial residual = 0.025615607, Final residual = 0.00035499727, No Iterations 3
GAMG:  Solving for p, Initial residual = 0.017553718, Final residual = 0.00010329867, No Iterations 3
GAMG:  Solving for p, Initial residual = 0.0004516717, Final residual = 3.8043683e-06, No Iterations 3
time step continuity errors : sum local = 5.1908276e-05, global = -3.8895472e-06, cumulative = -0.0025102938
smoothSolver:  Solving for omega, Initial residual = 0.00059075321, Final residual = 4.5951552e-06, No Iterations 2
smoothSolver:  Solving for k, Initial residual = 0.007734266, Final residual = 7.6389883e-05, No Iterations 2
ExecutionTime = 316.99161 s  ClockTime = 317 s

Time = 207s

smoothSolver:  Solving for Ux, Initial residual = 0.003257204, Final residual = 4.3436049e-05, No Iterations 3
smoothSolver:  Solving for Uy, Initial residual = 0.023476525, Final residual = 0.00033402822, No Iterations 3
smoothSolver:  Solving for Uz, Initial residual = 0.025101516, Final residual = 0.00034787917, No Iterations 3
GAMG:  Solving for p, Initial residual = 0.017389167, Final residual = 0.00010252913, No Iterations 3
GAMG:  Solving for p, Initial residual = 0.0004462873, Final residual = 4.3123778e-06, No Iterations 3
time step continuity errors : sum local = 5.8527673e-05, global = -1.5745277e-05, cumulative = -0.002526039
smoothSolver:  Solving for omega, Initial residual = 0.00058465618, Final residual = 4.5190182e-06, No Iterations 2
smoothSolver:  Solving for k, Initial residual = 0.007618826, Final residual = 7.5388042e-05, No Iterations 2
ExecutionTime = 318.29122 s  ClockTime = 319 s

Time = 208s

smoothSolver:  Solving for Ux, Initial residual = 0.0032035965, Final residual = 4.2731257e-05, No Iterations 3
smoothSolver:  Solving for Uy, Initial residual = 0.023136676, Final residual = 0.00032858626, No Iterations 3
smoothSolver:  Solving for Uz, Initial residual = 0.024578208, Final residual = 0.00034087914, No Iterations 3
GAMG:  Solving for p, Initial residual = 0.017213892, Final residual = 0.00010176327, No Iterations 3
GAMG:  Solving for p, Initial residual = 0.00043978709, Final residual = 2.5630238e-06, No Iterations 4
time step continuity errors : sum local = 3.461443e-05, global = 9.5079897e-06, cumulative = -0.002516531
smoothSolver:  Solving for omega, Initial residual = 0.00057556724, Final residual = 4.571033e-06, No Iterations 2
smoothSolver:  Solving for k, Initial residual = 0.0075016402, Final residual = 7.4327186e-05, No Iterations 2
ExecutionTime = 319.51184 s  ClockTime = 320 s

Time = 209s

smoothSolver:  Solving for Ux, Initial residual = 0.0031511823, Final residual = 4.2041999e-05, No Iterations 3
smoothSolver:  Solving for Uy, Initial residual = 0.022804986, Final residual = 0.00032339358, No Iterations 3
smoothSolver:  Solving for Uz, Initial residual = 0.024061531, Final residual = 0.00033397513, No Iterations 3
GAMG:  Solving for p, Initial residual = 0.016930417, Final residual = 0.00010090902, No Iterations 3
GAMG:  Solving for p, Initial residual = 0.00042980431, Final residual = 2.7897712e-06, No Iterations 4
time step continuity errors : sum local = 3.7514143e-05, global = 1.0722309e-05, cumulative = -0.0025058087
smoothSolver:  Solving for omega, Initial residual = 0.00057762368, Final residual = 4.5712106e-06, No Iterations 2
smoothSolver:  Solving for k, Initial residual = 0.00738334, Final residual = 7.3587129e-05, No Iterations 2
ExecutionTime = 320.72177 s  ClockTime = 321 s

Time = 210s

smoothSolver:  Solving for Ux, Initial residual = 0.0030994144, Final residual = 4.1368396e-05, No Iterations 3
smoothSolver:  Solving for Uy, Initial residual = 0.02248124, Final residual = 0.00031826848, No Iterations 3
smoothSolver:  Solving for Uz, Initial residual = 0.023549119, Final residual = 0.00032728423, No Iterations 3
GAMG:  Solving for p, Initial residual = 0.016678196, Final residual = 0.00010066073, No Iterations 3
GAMG:  Solving for p, Initial residual = 0.00041995143, Final residual = 3.0500738e-06, No Iterations 4
time step continuity errors : sum local = 4.0840599e-05, global = 1.1468128e-05, cumulative = -0.0024943406
smoothSolver:  Solving for omega, Initial residual = 0.00057324524, Final residual = 4.545147e-06, No Iterations 2
smoothSolver:  Solving for k, Initial residual = 0.0072791436, Final residual = 7.273845e-05, No Iterations 2
ExecutionTime = 321.91106 s  ClockTime = 322 s

Time = 211s

smoothSolver:  Solving for Ux, Initial residual = 0.0030484649, Final residual = 4.0705177e-05, No Iterations 3
smoothSolver:  Solving for Uy, Initial residual = 0.022170092, Final residual = 0.00031323964, No Iterations 3
smoothSolver:  Solving for Uz, Initial residual = 0.023049211, Final residual = 0.00032078914, No Iterations 3
GAMG:  Solving for p, Initial residual = 0.016379563, Final residual = 0.00010026094, No Iterations 3
GAMG:  Solving for p, Initial residual = 0.00041089885, Final residual = 3.3664171e-06, No Iterations 4
time step continuity errors : sum local = 4.4896882e-05, global = 1.2241411e-05, cumulative = -0.0024820992
smoothSolver:  Solving for omega, Initial residual = 0.00056794911, Final residual = 4.5096874e-06, No Iterations 2
smoothSolver:  Solving for k, Initial residual = 0.0071782783, Final residual = 7.2115982e-05, No Iterations 2
ExecutionTime = 323.13335 s  ClockTime = 323 s

Time = 212s

smoothSolver:  Solving for Ux, Initial residual = 0.0029986344, Final residual = 4.0056334e-05, No Iterations 3
smoothSolver:  Solving for Uy, Initial residual = 0.021857225, Final residual = 0.00030839511, No Iterations 3
smoothSolver:  Solving for Uz, Initial residual = 0.022562054, Final residual = 0.00031445134, No Iterations 3
GAMG:  Solving for p, Initial residual = 0.01604079, Final residual = 0.00010007335, No Iterations 3
GAMG:  Solving for p, Initial residual = 0.00040474178, Final residual = 3.7206965e-06, No Iterations 4
time step continuity errors : sum local = 4.9498423e-05, global = 1.3025747e-05, cumulative = -0.0024690734
smoothSolver:  Solving for omega, Initial residual = 0.00055940734, Final residual = 4.4736592e-06, No Iterations 2
smoothSolver:  Solving for k, Initial residual = 0.007078729, Final residual = 7.1366303e-05, No Iterations 2
ExecutionTime = 324.43954 s  ClockTime = 325 s

Time = 213s

smoothSolver:  Solving for Ux, Initial residual = 0.0029503458, Final residual = 3.94316e-05, No Iterations 3
smoothSolver:  Solving for Uy, Initial residual = 0.021550335, Final residual = 0.00030373696, No Iterations 3
smoothSolver:  Solving for Uz, Initial residual = 0.022079721, Final residual = 0.00030827901, No Iterations 3
GAMG:  Solving for p, Initial residual = 0.01577128, Final residual = 9.9923343e-05, No Iterations 3
GAMG:  Solving for p, Initial residual = 0.00039980676, Final residual = 2.1938736e-06, No Iterations 5
time step continuity errors : sum local = 2.9114131e-05, global = -6.8065166e-06, cumulative = -0.00247588
smoothSolver:  Solving for omega, Initial residual = 0.00055958363, Final residual = 4.4290516e-06, No Iterations 2
smoothSolver:  Solving for k, Initial residual = 0.0069706159, Final residual = 7.0607506e-05, No Iterations 2
ExecutionTime = 325.78862 s  ClockTime = 326 s

Time = 214s

smoothSolver:  Solving for Ux, Initial residual = 0.0029036458, Final residual = 3.8828661e-05, No Iterations 3
smoothSolver:  Solving for Uy, Initial residual = 0.021230769, Final residual = 0.00029902361, No Iterations 3
smoothSolver:  Solving for Uz, Initial residual = 0.021603768, Final residual = 0.00030229074, No Iterations 3
GAMG:  Solving for p, Initial residual = 0.015483661, Final residual = 9.9186334e-05, No Iterations 3
GAMG:  Solving for p, Initial residual = 0.00039535149, Final residual = 2.3326287e-06, No Iterations 5
time step continuity errors : sum local = 3.0880801e-05, global = -7.4099758e-06, cumulative = -0.0024832899
smoothSolver:  Solving for omega, Initial residual = 0.00055691163, Final residual = 4.5092275e-06, No Iterations 2
smoothSolver:  Solving for k, Initial residual = 0.0068666125, Final residual = 6.990168e-05, No Iterations 2
ExecutionTime = 327.11136 s  ClockTime = 327 s

Time = 215s

smoothSolver:  Solving for Ux, Initial residual = 0.0028581422, Final residual = 3.8251532e-05, No Iterations 3
smoothSolver:  Solving for Uy, Initial residual = 0.020910909, Final residual = 0.00029445953, No Iterations 3
smoothSolver:  Solving for Uz, Initial residual = 0.0211447, Final residual = 0.00029651855, No Iterations 3
GAMG:  Solving for p, Initial residual = 0.015196531, Final residual = 9.8348442e-05, No Iterations 3
GAMG:  Solving for p, Initial residual = 0.00039092299, Final residual = 2.4042283e-06, No Iterations 5
time step continuity errors : sum local = 3.172866e-05, global = -7.7313867e-06, cumulative = -0.0024910213
smoothSolver:  Solving for omega, Initial residual = 0.00055604055, Final residual = 4.4259991e-06, No Iterations 2
smoothSolver:  Solving for k, Initial residual = 0.0067729948, Final residual = 6.9294587e-05, No Iterations 2
ExecutionTime = 328.49069 s  ClockTime = 329 s

Time = 216s

smoothSolver:  Solving for Ux, Initial residual = 0.002814432, Final residual = 3.7703998e-05, No Iterations 3
smoothSolver:  Solving for Uy, Initial residual = 0.020601961, Final residual = 0.00029005822, No Iterations 3
smoothSolver:  Solving for Uz, Initial residual = 0.020690613, Final residual = 0.00029091653, No Iterations 3
GAMG:  Solving for p, Initial residual = 0.014891924, Final residual = 9.7760886e-05, No Iterations 3
GAMG:  Solving for p, Initial residual = 0.00038904099, Final residual = 2.3940534e-06, No Iterations 5
time step continuity errors : sum local = 3.1536901e-05, global = -7.8038357e-06, cumulative = -0.0024988252
smoothSolver:  Solving for omega, Initial residual = 0.00054861546, Final residual = 4.4066721e-06, No Iterations 2
smoothSolver:  Solving for k, Initial residual = 0.0066883039, Final residual = 6.8703621e-05, No Iterations 2
ExecutionTime = 329.98041 s  ClockTime = 330 s

Time = 217s

smoothSolver:  Solving for Ux, Initial residual = 0.0027720769, Final residual = 3.7185364e-05, No Iterations 3
smoothSolver:  Solving for Uy, Initial residual = 0.020307554, Final residual = 0.00028585281, No Iterations 3
smoothSolver:  Solving for Uz, Initial residual = 0.020253503, Final residual = 0.00028545402, No Iterations 3
GAMG:  Solving for p, Initial residual = 0.014654024, Final residual = 9.7797776e-05, No Iterations 3
GAMG:  Solving for p, Initial residual = 0.00038736712, Final residual = 2.3374777e-06, No Iterations 5
time step continuity errors : sum local = 3.075293e-05, global = -7.6862647e-06, cumulative = -0.0025065114
smoothSolver:  Solving for omega, Initial residual = 0.00054647269, Final residual = 4.4135541e-06, No Iterations 2
smoothSolver:  Solving for k, Initial residual = 0.006600347, Final residual = 6.8093382e-05, No Iterations 2
ExecutionTime = 331.20515 s  ClockTime = 331 s

Time = 218s

smoothSolver:  Solving for Ux, Initial residual = 0.0027308171, Final residual = 3.6698779e-05, No Iterations 3
smoothSolver:  Solving for Uy, Initial residual = 0.020015682, Final residual = 0.00028186252, No Iterations 3
smoothSolver:  Solving for Uz, Initial residual = 0.0198227, Final residual = 0.0002800836, No Iterations 3
GAMG:  Solving for p, Initial residual = 0.014451162, Final residual = 9.8485707e-05, No Iterations 3
GAMG:  Solving for p, Initial residual = 0.00038780232, Final residual = 2.2506531e-06, No Iterations 5
time step continuity errors : sum local = 2.9535896e-05, global = -7.4258555e-06, cumulative = -0.0025139373
smoothSolver:  Solving for omega, Initial residual = 0.00054365446, Final residual = 4.4123284e-06, No Iterations 2
smoothSolver:  Solving for k, Initial residual = 0.0065118214, Final residual = 6.7584049e-05, No Iterations 2
ExecutionTime = 332.64095 s  ClockTime = 333 s

Time = 219s

smoothSolver:  Solving for Ux, Initial residual = 0.0026917736, Final residual = 3.6244308e-05, No Iterations 3
smoothSolver:  Solving for Uy, Initial residual = 0.019737994, Final residual = 0.00027810409, No Iterations 3
smoothSolver:  Solving for Uz, Initial residual = 0.019404487, Final residual = 0.0002747827, No Iterations 3
GAMG:  Solving for p, Initial residual = 0.014241061, Final residual = 9.9519536e-05, No Iterations 3
GAMG:  Solving for p, Initial residual = 0.00038814101, Final residual = 3.8604418e-06, No Iterations 4
time step continuity errors : sum local = 5.0553699e-05, global = 1.1422106e-05, cumulative = -0.0025025152
smoothSolver:  Solving for omega, Initial residual = 0.00054260946, Final residual = 4.3163383e-06, No Iterations 2
smoothSolver:  Solving for k, Initial residual = 0.0064249644, Final residual = 6.6921387e-05, No Iterations 2
ExecutionTime = 334.1403 s  ClockTime = 334 s

Time = 220s

smoothSolver:  Solving for Ux, Initial residual = 0.0026551215, Final residual = 3.581725e-05, No Iterations 3
smoothSolver:  Solving for Uy, Initial residual = 0.019471046, Final residual = 0.0002746587, No Iterations 3
smoothSolver:  Solving for Uz, Initial residual = 0.018990367, Final residual = 0.00026950605, No Iterations 3
GAMG:  Solving for p, Initial residual = 0.014085518, Final residual = 0.00010070832, No Iterations 3
GAMG:  Solving for p, Initial residual = 0.00038816978, Final residual = 3.6987795e-06, No Iterations 4
time step continuity errors : sum local = 4.8328885e-05, global = 1.0459192e-05, cumulative = -0.002492056
smoothSolver:  Solving for omega, Initial residual = 0.00053494522, Final residual = 4.3364995e-06, No Iterations 2
smoothSolver:  Solving for k, Initial residual = 0.0063411269, Final residual = 6.6437773e-05, No Iterations 2
ExecutionTime = 335.55707 s  ClockTime = 336 s

Time = 221s

smoothSolver:  Solving for Ux, Initial residual = 0.0026201896, Final residual = 3.5419061e-05, No Iterations 3
smoothSolver:  Solving for Uy, Initial residual = 0.019222408, Final residual = 0.00027146914, No Iterations 3
smoothSolver:  Solving for Uz, Initial residual = 0.018590351, Final residual = 0.00026433246, No Iterations 3
GAMG:  Solving for p, Initial residual = 0.013928117, Final residual = 0.00010120408, No Iterations 3
GAMG:  Solving for p, Initial residual = 0.00038703921, Final residual = 3.4031731e-06, No Iterations 4
time step continuity errors : sum local = 4.4380995e-05, global = 8.7773249e-06, cumulative = -0.0024832787
smoothSolver:  Solving for omega, Initial residual = 0.00053526014, Final residual = 4.3436878e-06, No Iterations 2
smoothSolver:  Solving for k, Initial residual = 0.0062611607, Final residual = 6.5959437e-05, No Iterations 2
ExecutionTime = 337.10419 s  ClockTime = 337 s

Time = 222s

smoothSolver:  Solving for Ux, Initial residual = 0.0025870192, Final residual = 3.5046471e-05, No Iterations 3
smoothSolver:  Solving for Uy, Initial residual = 0.0189838, Final residual = 0.00026861433, No Iterations 3
smoothSolver:  Solving for Uz, Initial residual = 0.018206889, Final residual = 0.000259243, No Iterations 3
GAMG:  Solving for p, Initial residual = 0.013803421, Final residual = 0.00010131049, No Iterations 3
GAMG:  Solving for p, Initial residual = 0.00038484507, Final residual = 3.1430717e-06, No Iterations 4
time step continuity errors : sum local = 4.0963446e-05, global = 6.8103215e-06, cumulative = -0.0024764683
smoothSolver:  Solving for omega, Initial residual = 0.00053201297, Final residual = 4.3486664e-06, No Iterations 2
smoothSolver:  Solving for k, Initial residual = 0.0061880932, Final residual = 6.5411227e-05, No Iterations 2
ExecutionTime = 338.77458 s  ClockTime = 339 s

Time = 223s

smoothSolver:  Solving for Ux, Initial residual = 0.0025555471, Final residual = 3.4699157e-05, No Iterations 3
smoothSolver:  Solving for Uy, Initial residual = 0.018764142, Final residual = 0.00026595831, No Iterations 3
smoothSolver:  Solving for Uz, Initial residual = 0.017830876, Final residual = 0.00025440433, No Iterations 3
GAMG:  Solving for p, Initial residual = 0.013653514, Final residual = 0.00010102454, No Iterations 3
GAMG:  Solving for p, Initial residual = 0.00038128215, Final residual = 2.8862386e-06, No Iterations 4
time step continuity errors : sum local = 3.759224e-05, global = 4.7058516e-06, cumulative = -0.0024717625
smoothSolver:  Solving for omega, Initial residual = 0.00052925544, Final residual = 4.2669418e-06, No Iterations 2
smoothSolver:  Solving for k, Initial residual = 0.0061216588, Final residual = 6.5098241e-05, No Iterations 2
ExecutionTime = 340.40504 s  ClockTime = 341 s

Time = 224s

smoothSolver:  Solving for Ux, Initial residual = 0.0025258972, Final residual = 3.4379686e-05, No Iterations 3
smoothSolver:  Solving for Uy, Initial residual = 0.018555033, Final residual = 0.00026338641, No Iterations 3
smoothSolver:  Solving for Uz, Initial residual = 0.017478101, Final residual = 0.00024981922, No Iterations 3
GAMG:  Solving for p, Initial residual = 0.01355051, Final residual = 0.00010107699, No Iterations 3
GAMG:  Solving for p, Initial residual = 0.00037845003, Final residual = 2.6439756e-06, No Iterations 4
time step continuity errors : sum local = 3.4406707e-05, global = 4.9663809e-06, cumulative = -0.0024667961
smoothSolver:  Solving for omega, Initial residual = 0.00052151214, Final residual = 4.245702e-06, No Iterations 2
smoothSolver:  Solving for k, Initial residual = 0.006050958, Final residual = 6.4540087e-05, No Iterations 2
ExecutionTime = 342.08255 s  ClockTime = 342 s

Time = 225s

smoothSolver:  Solving for Ux, Initial residual = 0.0024981824, Final residual = 3.4087113e-05, No Iterations 3
smoothSolver:  Solving for Uy, Initial residual = 0.018347726, Final residual = 0.0002610096, No Iterations 3
smoothSolver:  Solving for Uz, Initial residual = 0.017140311, Final residual = 0.00024545317, No Iterations 3
GAMG:  Solving for p, Initial residual = 0.013432493, Final residual = 0.00010038716, No Iterations 3
GAMG:  Solving for p, Initial residual = 0.00037394723, Final residual = 2.3433181e-06, No Iterations 4
time step continuity errors : sum local = 3.0469558e-05, global = 6.5821283e-06, cumulative = -0.002460214
smoothSolver:  Solving for omega, Initial residual = 0.00052190678, Final residual = 4.2271853e-06, No Iterations 2
smoothSolver:  Solving for k, Initial residual = 0.0059808692, Final residual = 6.4130454e-05, No Iterations 2
ExecutionTime = 343.77801 s  ClockTime = 344 s

Time = 226s

smoothSolver:  Solving for Ux, Initial residual = 0.002472339, Final residual = 3.3820651e-05, No Iterations 3
smoothSolver:  Solving for Uy, Initial residual = 0.01815434, Final residual = 0.00025878132, No Iterations 3
smoothSolver:  Solving for Uz, Initial residual = 0.016827386, Final residual = 0.00024136798, No Iterations 3
GAMG:  Solving for p, Initial residual = 0.013309698, Final residual = 9.8932398e-05, No Iterations 3
GAMG:  Solving for p, Initial residual = 0.00036829814, Final residual = 2.4038678e-06, No Iterations 4
time step continuity errors : sum local = 3.1244176e-05, global = 8.3964599e-06, cumulative = -0.0024518175
smoothSolver:  Solving for omega, Initial residual = 0.00051908666, Final residual = 4.2825151e-06, No Iterations 2
smoothSolver:  Solving for k, Initial residual = 0.00592229, Final residual = 6.3751855e-05, No Iterations 2
ExecutionTime = 345.22973 s  ClockTime = 346 s

Time = 227s

smoothSolver:  Solving for Ux, Initial residual = 0.002448671, Final residual = 3.3581606e-05, No Iterations 3
smoothSolver:  Solving for Uy, Initial residual = 0.017973875, Final residual = 0.00025665337, No Iterations 3
smoothSolver:  Solving for Uz, Initial residual = 0.016539102, Final residual = 0.00023763383, No Iterations 3
GAMG:  Solving for p, Initial residual = 0.013172017, Final residual = 9.6681285e-05, No Iterations 3
GAMG:  Solving for p, Initial residual = 0.00035999682, Final residual = 2.7046628e-06, No Iterations 4
time step continuity errors : sum local = 3.5192481e-05, global = 6.9714668e-06, cumulative = -0.0024448461
smoothSolver:  Solving for omega, Initial residual = 0.00051957695, Final residual = 4.231052e-06, No Iterations 2
smoothSolver:  Solving for k, Initial residual = 0.0058658483, Final residual = 6.3370055e-05, No Iterations 2
ExecutionTime = 346.77925 s  ClockTime = 347 s

Time = 228s

smoothSolver:  Solving for Ux, Initial residual = 0.0024263987, Final residual = 3.3364835e-05, No Iterations 3
smoothSolver:  Solving for Uy, Initial residual = 0.017791746, Final residual = 0.00025452704, No Iterations 3
smoothSolver:  Solving for Uz, Initial residual = 0.016270933, Final residual = 0.00023424408, No Iterations 3
GAMG:  Solving for p, Initial residual = 0.013020093, Final residual = 9.4865487e-05, No Iterations 3
GAMG:  Solving for p, Initial residual = 0.00035137596, Final residual = 2.7796339e-06, No Iterations 4
time step continuity errors : sum local = 3.6178171e-05, global = 6.766492e-06, cumulative = -0.0024380796
smoothSolver:  Solving for omega, Initial residual = 0.00051258603, Final residual = 4.1881374e-06, No Iterations 2
smoothSolver:  Solving for k, Initial residual = 0.005813512, Final residual = 6.2932227e-05, No Iterations 2
ExecutionTime = 348.62196 s  ClockTime = 349 s

Time = 229s

smoothSolver:  Solving for Ux, Initial residual = 0.0024056216, Final residual = 3.3167812e-05, No Iterations 3
smoothSolver:  Solving for Uy, Initial residual = 0.017617596, Final residual = 0.00025248827, No Iterations 3
smoothSolver:  Solving for Uz, Initial residual = 0.016022675, Final residual = 0.00023110224, No Iterations 3
GAMG:  Solving for p, Initial residual = 0.012853214, Final residual = 9.2438445e-05, No Iterations 3
GAMG:  Solving for p, Initial residual = 0.00034280892, Final residual = 2.6620668e-06, No Iterations 4
time step continuity errors : sum local = 3.46649e-05, global = 6.3460247e-06, cumulative = -0.0024317335
smoothSolver:  Solving for omega, Initial residual = 0.00051097464, Final residual = 4.1823608e-06, No Iterations 2
smoothSolver:  Solving for k, Initial residual = 0.0057661754, Final residual = 6.2664965e-05, No Iterations 2
ExecutionTime = 350.58239 s  ClockTime = 351 s

Time = 230s

smoothSolver:  Solving for Ux, Initial residual = 0.0023860621, Final residual = 3.2982492e-05, No Iterations 3
smoothSolver:  Solving for Uy, Initial residual = 0.017443442, Final residual = 0.00025054129, No Iterations 3
smoothSolver:  Solving for Uz, Initial residual = 0.015787515, Final residual = 0.00022816879, No Iterations 3
GAMG:  Solving for p, Initial residual = 0.012690093, Final residual = 8.9988032e-05, No Iterations 3
GAMG:  Solving for p, Initial residual = 0.00033542081, Final residual = 2.2764541e-06, No Iterations 4
time step continuity errors : sum local = 2.9659044e-05, global = 5.077275e-06, cumulative = -0.0024266563
smoothSolver:  Solving for omega, Initial residual = 0.00050763782, Final residual = 4.1908005e-06, No Iterations 2
smoothSolver:  Solving for k, Initial residual = 0.0057216322, Final residual = 6.232537e-05, No Iterations 2
ExecutionTime = 352.31833 s  ClockTime = 353 s

Time = 231s

smoothSolver:  Solving for Ux, Initial residual = 0.0023676108, Final residual = 3.2813256e-05, No Iterations 3
smoothSolver:  Solving for Uy, Initial residual = 0.017277212, Final residual = 0.00024872831, No Iterations 3
smoothSolver:  Solving for Uz, Initial residual = 0.015568083, Final residual = 0.0002254323, No Iterations 3
GAMG:  Solving for p, Initial residual = 0.012540157, Final residual = 8.7578793e-05, No Iterations 3
GAMG:  Solving for p, Initial residual = 0.00032927526, Final residual = 1.8909192e-06, No Iterations 4
time step continuity errors : sum local = 2.4652909e-05, global = 1.8759626e-06, cumulative = -0.0024247803
smoothSolver:  Solving for omega, Initial residual = 0.00050802792, Final residual = 4.1086626e-06, No Iterations 2
smoothSolver:  Solving for k, Initial residual = 0.0056780267, Final residual = 6.2039565e-05, No Iterations 2
ExecutionTime = 353.80538 s  ClockTime = 354 s

Time = 232s

smoothSolver:  Solving for Ux, Initial residual = 0.0023498297, Final residual = 3.2653768e-05, No Iterations 3
smoothSolver:  Solving for Uy, Initial residual = 0.017115504, Final residual = 0.00024702661, No Iterations 3
smoothSolver:  Solving for Uz, Initial residual = 0.015358916, Final residual = 0.00022289337, No Iterations 3
GAMG:  Solving for p, Initial residual = 0.012393028, Final residual = 8.5568892e-05, No Iterations 3
GAMG:  Solving for p, Initial residual = 0.00032395002, Final residual = 1.9733904e-06, No Iterations 4
time step continuity errors : sum local = 2.5788902e-05, global = -1.6596242e-06, cumulative = -0.0024264399
smoothSolver:  Solving for omega, Initial residual = 0.00050173282, Final residual = 4.1619855e-06, No Iterations 2
smoothSolver:  Solving for k, Initial residual = 0.0056455727, Final residual = 6.181553e-05, No Iterations 2
ExecutionTime = 355.36001 s  ClockTime = 356 s

Time = 233s

smoothSolver:  Solving for Ux, Initial residual = 0.0023330963, Final residual = 3.2506135e-05, No Iterations 3
smoothSolver:  Solving for Uy, Initial residual = 0.016963951, Final residual = 0.00024546516, No Iterations 3
smoothSolver:  Solving for Uz, Initial residual = 0.01517061, Final residual = 0.00022054821, No Iterations 3
GAMG:  Solving for p, Initial residual = 0.012268108, Final residual = 8.4006949e-05, No Iterations 3
GAMG:  Solving for p, Initial residual = 0.00032053194, Final residual = 2.1021175e-06, No Iterations 4
time step continuity errors : sum local = 2.7477419e-05, global = -3.7423288e-06, cumulative = -0.0024301823
smoothSolver:  Solving for omega, Initial residual = 0.00050404671, Final residual = 4.1625029e-06, No Iterations 2
smoothSolver:  Solving for k, Initial residual = 0.0056102522, Final residual = 6.1582025e-05, No Iterations 2
ExecutionTime = 356.91325 s  ClockTime = 357 s

Time = 234s

smoothSolver:  Solving for Ux, Initial residual = 0.0023169019, Final residual = 3.2366732e-05, No Iterations 3
smoothSolver:  Solving for Uy, Initial residual = 0.016819807, Final residual = 0.00024402238, No Iterations 3
smoothSolver:  Solving for Uz, Initial residual = 0.014995242, Final residual = 0.00021832036, No Iterations 3
GAMG:  Solving for p, Initial residual = 0.012147762, Final residual = 8.2624959e-05, No Iterations 3
GAMG:  Solving for p, Initial residual = 0.00031740976, Final residual = 2.0578958e-06, No Iterations 4
time step continuity errors : sum local = 2.6935821e-05, global = -4.1290593e-06, cumulative = -0.0024343113
smoothSolver:  Solving for omega, Initial residual = 0.00049979469, Final residual = 4.1631424e-06, No Iterations 2
smoothSolver:  Solving for k, Initial residual = 0.0055774013, Final residual = 6.1294788e-05, No Iterations 2
ExecutionTime = 358.63349 s  ClockTime = 359 s

Time = 235s

smoothSolver:  Solving for Ux, Initial residual = 0.0023018536, Final residual = 3.2236117e-05, No Iterations 3
smoothSolver:  Solving for Uy, Initial residual = 0.016685422, Final residual = 0.00024272078, No Iterations 3
smoothSolver:  Solving for Uz, Initial residual = 0.014837493, Final residual = 0.0002163125, No Iterations 3
GAMG:  Solving for p, Initial residual = 0.012064152, Final residual = 8.1521728e-05, No Iterations 3
GAMG:  Solving for p, Initial residual = 0.0003150497, Final residual = 1.9030515e-06, No Iterations 4
time step continuity errors : sum local = 2.4930976e-05, global = -3.6506205e-06, cumulative = -0.0024379619
smoothSolver:  Solving for omega, Initial residual = 0.00049821422, Final residual = 4.0831951e-06, No Iterations 2
smoothSolver:  Solving for k, Initial residual = 0.005543504, Final residual = 6.1120593e-05, No Iterations 2
ExecutionTime = 360.31794 s  ClockTime = 361 s

Time = 236s

smoothSolver:  Solving for Ux, Initial residual = 0.002287141, Final residual = 3.211028e-05, No Iterations 3
smoothSolver:  Solving for Uy, Initial residual = 0.01655518, Final residual = 0.00024155185, No Iterations 3
smoothSolver:  Solving for Uz, Initial residual = 0.014696775, Final residual = 0.0002145054, No Iterations 3
GAMG:  Solving for p, Initial residual = 0.011991735, Final residual = 8.053253e-05, No Iterations 3
GAMG:  Solving for p, Initial residual = 0.00031225631, Final residual = 1.7278449e-06, No Iterations 4
time step continuity errors : sum local = 2.2676937e-05, global = -2.8447285e-06, cumulative = -0.0024408067
smoothSolver:  Solving for omega, Initial residual = 0.00049160404, Final residual = 4.0450747e-06, No Iterations 2
smoothSolver:  Solving for k, Initial residual = 0.0055135784, Final residual = 6.0887011e-05, No Iterations 2
ExecutionTime = 362.08351 s  ClockTime = 362 s

Time = 237s

smoothSolver:  Solving for Ux, Initial residual = 0.0022729647, Final residual = 3.1990452e-05, No Iterations 3
smoothSolver:  Solving for Uy, Initial residual = 0.016437016, Final residual = 0.00024043175, No Iterations 3
smoothSolver:  Solving for Uz, Initial residual = 0.014566797, Final residual = 0.00021292699, No Iterations 3
GAMG:  Solving for p, Initial residual = 0.011953863, Final residual = 7.9188114e-05, No Iterations 3
GAMG:  Solving for p, Initial residual = 0.00030956386, Final residual = 1.5533188e-06, No Iterations 4
time step continuity errors : sum local = 2.0395644e-05, global = -1.424204e-06, cumulative = -0.0024422309
smoothSolver:  Solving for omega, Initial residual = 0.00049300309, Final residual = 4.008327e-06, No Iterations 2
smoothSolver:  Solving for k, Initial residual = 0.0054840049, Final residual = 6.0723709e-05, No Iterations 2
ExecutionTime = 364.02611 s  ClockTime = 364 s

Time = 238s

smoothSolver:  Solving for Ux, Initial residual = 0.0022588535, Final residual = 3.1874679e-05, No Iterations 3
smoothSolver:  Solving for Uy, Initial residual = 0.016327481, Final residual = 0.00023940286, No Iterations 3
smoothSolver:  Solving for Uz, Initial residual = 0.014450953, Final residual = 0.00021162521, No Iterations 3
GAMG:  Solving for p, Initial residual = 0.011947627, Final residual = 7.7534893e-05, No Iterations 3
GAMG:  Solving for p, Initial residual = 0.00030626657, Final residual = 1.4267907e-06, No Iterations 4
time step continuity errors : sum local = 1.8742613e-05, global = -1.0766534e-07, cumulative = -0.0024423385
smoothSolver:  Solving for omega, Initial residual = 0.00049018546, Final residual = 4.1016244e-06, No Iterations 2
smoothSolver:  Solving for k, Initial residual = 0.005456483, Final residual = 6.0533101e-05, No Iterations 2
ExecutionTime = 365.97482 s  ClockTime = 366 s

Time = 239s

smoothSolver:  Solving for Ux, Initial residual = 0.0022453564, Final residual = 3.1764447e-05, No Iterations 3
smoothSolver:  Solving for Uy, Initial residual = 0.016223755, Final residual = 0.00023844738, No Iterations 3
smoothSolver:  Solving for Uz, Initial residual = 0.014348353, Final residual = 0.000210623, No Iterations 3
GAMG:  Solving for p, Initial residual = 0.011922421, Final residual = 7.5260432e-05, No Iterations 3
GAMG:  Solving for p, Initial residual = 0.00030132043, Final residual = 1.3523544e-06, No Iterations 4
time step continuity errors : sum local = 1.7772895e-05, global = 1.0385781e-06, cumulative = -0.0024412999
smoothSolver:  Solving for omega, Initial residual = 0.00049199885, Final residual = 4.0152835e-06, No Iterations 2
smoothSolver:  Solving for k, Initial residual = 0.0054276943, Final residual = 6.0348713e-05, No Iterations 2
ExecutionTime = 367.9257 s  ClockTime = 368 s

Time = 240s

smoothSolver:  Solving for Ux, Initial residual = 0.0022320264, Final residual = 3.1656146e-05, No Iterations 3
smoothSolver:  Solving for Uy, Initial residual = 0.016126175, Final residual = 0.00023757376, No Iterations 3
smoothSolver:  Solving for Uz, Initial residual = 0.014259928, Final residual = 0.00020988447, No Iterations 3
GAMG:  Solving for p, Initial residual = 0.011923432, Final residual = 7.2725148e-05, No Iterations 3
GAMG:  Solving for p, Initial residual = 0.00029639145, Final residual = 1.3010104e-06, No Iterations 4
time step continuity errors : sum local = 1.7108487e-05, global = 2.7231342e-07, cumulative = -0.0024410276
smoothSolver:  Solving for omega, Initial residual = 0.00048517151, Final residual = 4.0148148e-06, No Iterations 2
smoothSolver:  Solving for k, Initial residual = 0.0054053555, Final residual = 6.0156734e-05, No Iterations 2
ExecutionTime = 369.57707 s  ClockTime = 370 s

Time = 241s

smoothSolver:  Solving for Ux, Initial residual = 0.0022189534, Final residual = 3.1551964e-05, No Iterations 3
smoothSolver:  Solving for Uy, Initial residual = 0.01603497, Final residual = 0.00023685034, No Iterations 3
smoothSolver:  Solving for Uz, Initial residual = 0.014181987, Final residual = 0.00020940385, No Iterations 3
GAMG:  Solving for p, Initial residual = 0.011885153, Final residual = 7.0177132e-05, No Iterations 3
GAMG:  Solving for p, Initial residual = 0.00029099544, Final residual = 1.2905307e-06, No Iterations 4
time step continuity errors : sum local = 1.6998191e-05, global = -8.1891643e-07, cumulative = -0.0024418466
smoothSolver:  Solving for omega, Initial residual = 0.00048534011, Final residual = 4.0251277e-06, No Iterations 2
smoothSolver:  Solving for k, Initial residual = 0.0053820872, Final residual = 6.0102827e-05, No Iterations 2
ExecutionTime = 371.30163 s  ClockTime = 372 s

Time = 242s

smoothSolver:  Solving for Ux, Initial residual = 0.0022056785, Final residual = 3.1444365e-05, No Iterations 3
smoothSolver:  Solving for Uy, Initial residual = 0.015949037, Final residual = 0.00023620726, No Iterations 3
smoothSolver:  Solving for Uz, Initial residual = 0.014113039, Final residual = 0.0002091477, No Iterations 3
GAMG:  Solving for p, Initial residual = 0.011820379, Final residual = 6.7644516e-05, No Iterations 3
GAMG:  Solving for p, Initial residual = 0.00028556905, Final residual = 1.3334618e-06, No Iterations 4
time step continuity errors : sum local = 1.7576244e-05, global = -2.4955132e-06, cumulative = -0.0024443421
smoothSolver:  Solving for omega, Initial residual = 0.00048287375, Final residual = 4.0278291e-06, No Iterations 2
smoothSolver:  Solving for k, Initial residual = 0.0053570815, Final residual = 5.9832145e-05, No Iterations 2
ExecutionTime = 372.81355 s  ClockTime = 373 s

Time = 243s

smoothSolver:  Solving for Ux, Initial residual = 0.0021923699, Final residual = 3.1340772e-05, No Iterations 3
smoothSolver:  Solving for Uy, Initial residual = 0.015865743, Final residual = 0.00023557513, No Iterations 3
smoothSolver:  Solving for Uz, Initial residual = 0.01404965, Final residual = 0.00020913196, No Iterations 3
GAMG:  Solving for p, Initial residual = 0.011731579, Final residual = 6.535692e-05, No Iterations 3
GAMG:  Solving for p, Initial residual = 0.00028080113, Final residual = 1.3934694e-06, No Iterations 4
time step continuity errors : sum local = 1.8394704e-05, global = -3.3930019e-06, cumulative = -0.0024477351
smoothSolver:  Solving for omega, Initial residual = 0.00048376093, Final residual = 3.9331313e-06, No Iterations 2
smoothSolver:  Solving for k, Initial residual = 0.0053316145, Final residual = 5.9663221e-05, No Iterations 2
ExecutionTime = 374.09997 s  ClockTime = 374 s

Time = 244s

smoothSolver:  Solving for Ux, Initial residual = 0.0021790342, Final residual = 3.1235074e-05, No Iterations 3
smoothSolver:  Solving for Uy, Initial residual = 0.015782589, Final residual = 0.00023498168, No Iterations 3
smoothSolver:  Solving for Uz, Initial residual = 0.013995867, Final residual = 0.00020921145, No Iterations 3
GAMG:  Solving for p, Initial residual = 0.011650904, Final residual = 6.3567126e-05, No Iterations 3
GAMG:  Solving for p, Initial residual = 0.00027698172, Final residual = 1.4348384e-06, No Iterations 4
time step continuity errors : sum local = 1.8952396e-05, global = -4.0201705e-06, cumulative = -0.0024517552
smoothSolver:  Solving for omega, Initial residual = 0.00047679788, Final residual = 3.9882982e-06, No Iterations 2
smoothSolver:  Solving for k, Initial residual = 0.0053101137, Final residual = 5.9513992e-05, No Iterations 2
ExecutionTime = 375.35753 s  ClockTime = 376 s

Time = 245s

smoothSolver:  Solving for Ux, Initial residual = 0.0021653562, Final residual = 3.1130996e-05, No Iterations 3
smoothSolver:  Solving for Uy, Initial residual = 0.015704057, Final residual = 0.00023443695, No Iterations 3
smoothSolver:  Solving for Uz, Initial residual = 0.013952282, Final residual = 0.00020941305, No Iterations 3
GAMG:  Solving for p, Initial residual = 0.01154825, Final residual = 6.2223081e-05, No Iterations 3
GAMG:  Solving for p, Initial residual = 0.00027318956, Final residual = 1.4967245e-06, No Iterations 4
time step continuity errors : sum local = 1.9783771e-05, global = -4.4574469e-06, cumulative = -0.0024562127
smoothSolver:  Solving for omega, Initial residual = 0.00047945145, Final residual = 3.9837301e-06, No Iterations 2
smoothSolver:  Solving for k, Initial residual = 0.0052848134, Final residual = 5.9348149e-05, No Iterations 2
ExecutionTime = 376.79552 s  ClockTime = 377 s

Time = 246s

smoothSolver:  Solving for Ux, Initial residual = 0.0021516208, Final residual = 3.1026623e-05, No Iterations 3
smoothSolver:  Solving for Uy, Initial residual = 0.015621366, Final residual = 0.00023381703, No Iterations 3
smoothSolver:  Solving for Uz, Initial residual = 0.013909675, Final residual = 0.00020964556, No Iterations 3
GAMG:  Solving for p, Initial residual = 0.011431802, Final residual = 6.1229861e-05, No Iterations 3
GAMG:  Solving for p, Initial residual = 0.00026865894, Final residual = 1.51613e-06, No Iterations 4
time step continuity errors : sum local = 2.007065e-05, global = -4.5537802e-06, cumulative = -0.0024607665
smoothSolver:  Solving for omega, Initial residual = 0.00047721745, Final residual = 3.9792723e-06, No Iterations 2
smoothSolver:  Solving for k, Initial residual = 0.0052599989, Final residual = 5.9105818e-05, No Iterations 2
ExecutionTime = 378.472 s  ClockTime = 379 s

Time = 247s

smoothSolver:  Solving for Ux, Initial residual = 0.0021378226, Final residual = 3.0921872e-05, No Iterations 3
smoothSolver:  Solving for Uy, Initial residual = 0.015538455, Final residual = 0.00023312786, No Iterations 3
smoothSolver:  Solving for Uz, Initial residual = 0.013870976, Final residual = 0.00020993796, No Iterations 3
GAMG:  Solving for p, Initial residual = 0.01132625, Final residual = 6.0811499e-05, No Iterations 3
GAMG:  Solving for p, Initial residual = 0.00026397435, Final residual = 1.5399997e-06, No Iterations 4
time step continuity errors : sum local = 2.0391929e-05, global = -4.5472183e-06, cumulative = -0.0024653137
smoothSolver:  Solving for omega, Initial residual = 0.00047672602, Final residual = 3.9490887e-06, No Iterations 2
smoothSolver:  Solving for k, Initial residual = 0.0052361033, Final residual = 5.8973829e-05, No Iterations 2
ExecutionTime = 380.05658 s  ClockTime = 380 s

Time = 248s

smoothSolver:  Solving for Ux, Initial residual = 0.0021238917, Final residual = 3.0809609e-05, No Iterations 3
smoothSolver:  Solving for Uy, Initial residual = 0.015462711, Final residual = 0.00023243085, No Iterations 3
smoothSolver:  Solving for Uz, Initial residual = 0.013841729, Final residual = 0.00021029259, No Iterations 3
GAMG:  Solving for p, Initial residual = 0.011248063, Final residual = 6.099375e-05, No Iterations 3
GAMG:  Solving for p, Initial residual = 0.00026007548, Final residual = 1.5332632e-06, No Iterations 4
time step continuity errors : sum local = 2.030406e-05, global = -4.2791255e-06, cumulative = -0.0024695928
smoothSolver:  Solving for omega, Initial residual = 0.00047208933, Final residual = 3.9498952e-06, No Iterations 2
smoothSolver:  Solving for k, Initial residual = 0.0052120826, Final residual = 5.8770947e-05, No Iterations 2
ExecutionTime = 381.66879 s  ClockTime = 382 s

Time = 249s

smoothSolver:  Solving for Ux, Initial residual = 0.0021097516, Final residual = 3.0688892e-05, No Iterations 3
smoothSolver:  Solving for Uy, Initial residual = 0.015386598, Final residual = 0.00023165543, No Iterations 3
smoothSolver:  Solving for Uz, Initial residual = 0.013817931, Final residual = 0.00021062099, No Iterations 3
GAMG:  Solving for p, Initial residual = 0.01115035, Final residual = 6.1211055e-05, No Iterations 3
GAMG:  Solving for p, Initial residual = 0.00025639561, Final residual = 1.5114283e-06, No Iterations 4
time step continuity errors : sum local = 2.001124e-05, global = -3.824932e-06, cumulative = -0.0024734177
smoothSolver:  Solving for omega, Initial residual = 0.00047330238, Final residual = 3.913801e-06, No Iterations 2
smoothSolver:  Solving for k, Initial residual = 0.0051884049, Final residual = 5.8614655e-05, No Iterations 2
ExecutionTime = 383.1579 s  ClockTime = 383 s

Time = 250s

smoothSolver:  Solving for Ux, Initial residual = 0.0020948487, Final residual = 3.0557107e-05, No Iterations 3
smoothSolver:  Solving for Uy, Initial residual = 0.015313593, Final residual = 0.000230881, No Iterations 3
smoothSolver:  Solving for Uz, Initial residual = 0.013799794, Final residual = 0.00021093008, No Iterations 3
GAMG:  Solving for p, Initial residual = 0.011080042, Final residual = 6.1417501e-05, No Iterations 3
GAMG:  Solving for p, Initial residual = 0.00025306919, Final residual = 1.4722842e-06, No Iterations 4
time step continuity errors : sum local = 1.9487044e-05, global = -3.3722368e-06, cumulative = -0.00247679
smoothSolver:  Solving for omega, Initial residual = 0.00046977732, Final residual = 3.9696491e-06, No Iterations 2
smoothSolver:  Solving for k, Initial residual = 0.0051634795, Final residual = 5.8390762e-05, No Iterations 2
ExecutionTime = 385.14261 s  ClockTime = 385 s

Time = 251s

smoothSolver:  Solving for Ux, Initial residual = 0.002080041, Final residual = 3.0415702e-05, No Iterations 3
smoothSolver:  Solving for Uy, Initial residual = 0.015241782, Final residual = 0.00023005587, No Iterations 3
smoothSolver:  Solving for Uz, Initial residual = 0.013782944, Final residual = 0.0002112449, No Iterations 3
GAMG:  Solving for p, Initial residual = 0.011050248, Final residual = 6.1647379e-05, No Iterations 3
GAMG:  Solving for p, Initial residual = 0.00025108875, Final residual = 1.4172064e-06, No Iterations 4
time step continuity errors : sum local = 1.874652e-05, global = -2.7756347e-06, cumulative = -0.0024795656
smoothSolver:  Solving for omega, Initial residual = 0.00047074334, Final residual = 3.8935683e-06, No Iterations 2
smoothSolver:  Solving for k, Initial residual = 0.0051414132, Final residual = 5.820944e-05, No Iterations 2
ExecutionTime = 387.01846 s  ClockTime = 387 s

Time = 252s

smoothSolver:  Solving for Ux, Initial residual = 0.0020650061, Final residual = 3.0260871e-05, No Iterations 3
smoothSolver:  Solving for Uy, Initial residual = 0.015174597, Final residual = 0.00022920071, No Iterations 3
smoothSolver:  Solving for Uz, Initial residual = 0.013774355, Final residual = 0.00021156858, No Iterations 3
GAMG:  Solving for p, Initial residual = 0.011025916, Final residual = 6.1718035e-05, No Iterations 3
GAMG:  Solving for p, Initial residual = 0.00024961104, Final residual = 1.3644733e-06, No Iterations 4
time step continuity errors : sum local = 1.8036051e-05, global = -2.2429332e-06, cumulative = -0.0024818085
smoothSolver:  Solving for omega, Initial residual = 0.00046564816, Final residual = 3.8726388e-06, No Iterations 2
smoothSolver:  Solving for k, Initial residual = 0.0051188879, Final residual = 5.7955435e-05, No Iterations 2
ExecutionTime = 388.34514 s  ClockTime = 389 s

Time = 253s

smoothSolver:  Solving for Ux, Initial residual = 0.002050076, Final residual = 3.0094256e-05, No Iterations 3
smoothSolver:  Solving for Uy, Initial residual = 0.015106685, Final residual = 0.00022825485, No Iterations 3
smoothSolver:  Solving for Uz, Initial residual = 0.01377329, Final residual = 0.00021184496, No Iterations 3
GAMG:  Solving for p, Initial residual = 0.011025391, Final residual = 6.1530033e-05, No Iterations 3
GAMG:  Solving for p, Initial residual = 0.00024793169, Final residual = 1.3179652e-06, No Iterations 4
time step continuity errors : sum local = 1.7402679e-05, global = -2.2076988e-06, cumulative = -0.0024840162
smoothSolver:  Solving for omega, Initial residual = 0.00046536093, Final residual = 3.9381081e-06, No Iterations 2
smoothSolver:  Solving for k, Initial residual = 0.0050947165, Final residual = 5.779939e-05, No Iterations 2
ExecutionTime = 389.64061 s  ClockTime = 390 s

Time = 254s

smoothSolver:  Solving for Ux, Initial residual = 0.0020347061, Final residual = 2.9914998e-05, No Iterations 3
smoothSolver:  Solving for Uy, Initial residual = 0.015040669, Final residual = 0.00022726857, No Iterations 3
smoothSolver:  Solving for Uz, Initial residual = 0.013773305, Final residual = 0.00021208297, No Iterations 3
GAMG:  Solving for p, Initial residual = 0.011052432, Final residual = 6.1351289e-05, No Iterations 3
GAMG:  Solving for p, Initial residual = 0.00024561119, Final residual = 1.2465685e-06, No Iterations 4
time step continuity errors : sum local = 1.6455506e-05, global = -3.2581687e-06, cumulative = -0.0024872744
smoothSolver:  Solving for omega, Initial residual = 0.00046378041, Final residual = 3.9166729e-06, No Iterations 2
smoothSolver:  Solving for k, Initial residual = 0.0050711344, Final residual = 5.7439997e-05, No Iterations 2
ExecutionTime = 390.88004 s  ClockTime = 391 s

Time = 255s

smoothSolver:  Solving for Ux, Initial residual = 0.0020194848, Final residual = 2.972526e-05, No Iterations 3
smoothSolver:  Solving for Uy, Initial residual = 0.014973478, Final residual = 0.00022626482, No Iterations 3
smoothSolver:  Solving for Uz, Initial residual = 0.013772853, Final residual = 0.00021215834, No Iterations 3
GAMG:  Solving for p, Initial residual = 0.011053501, Final residual = 6.1444769e-05, No Iterations 3
GAMG:  Solving for p, Initial residual = 0.00024382878, Final residual = 1.2667852e-06, No Iterations 4
time step continuity errors : sum local = 1.668227e-05, global = -4.4113614e-06, cumulative = -0.0024916858
smoothSolver:  Solving for omega, Initial residual = 0.00046499055, Final residual = 3.8353665e-06, No Iterations 2
smoothSolver:  Solving for k, Initial residual = 0.0050485655, Final residual = 5.7295348e-05, No Iterations 2
ExecutionTime = 392.34535 s  ClockTime = 393 s

Time = 256s

smoothSolver:  Solving for Ux, Initial residual = 0.0020035641, Final residual = 2.9525224e-05, No Iterations 3
smoothSolver:  Solving for Uy, Initial residual = 0.014908522, Final residual = 0.00022518865, No Iterations 3
smoothSolver:  Solving for Uz, Initial residual = 0.013768042, Final residual = 0.00021210951, No Iterations 3
GAMG:  Solving for p, Initial residual = 0.011058686, Final residual = 6.1462991e-05, No Iterations 3
GAMG:  Solving for p, Initial residual = 0.00024196271, Final residual = 1.3984111e-06, No Iterations 4
time step continuity errors : sum local = 1.838776e-05, global = -4.788109e-06, cumulative = -0.0024964739
smoothSolver:  Solving for omega, Initial residual = 0.00045845139, Final residual = 3.8420001e-06, No Iterations 2
smoothSolver:  Solving for k, Initial residual = 0.0050269342, Final residual = 5.6976846e-05, No Iterations 2
ExecutionTime = 393.7779 s  ClockTime = 394 s

Time = 257s

smoothSolver:  Solving for Ux, Initial residual = 0.0019877992, Final residual = 2.9316932e-05, No Iterations 3
smoothSolver:  Solving for Uy, Initial residual = 0.014843193, Final residual = 0.00022411677, No Iterations 3
smoothSolver:  Solving for Uz, Initial residual = 0.013753549, Final residual = 0.00021182484, No Iterations 3
GAMG:  Solving for p, Initial residual = 0.011023719, Final residual = 6.182249e-05, No Iterations 3
GAMG:  Solving for p, Initial residual = 0.00024052831, Final residual = 1.6115292e-06, No Iterations 4
time step continuity errors : sum local = 2.1167383e-05, global = -4.4896869e-06, cumulative = -0.0025009636
smoothSolver:  Solving for omega, Initial residual = 0.00046054592, Final residual = 3.8579961e-06, No Iterations 2
smoothSolver:  Solving for k, Initial residual = 0.0050014591, Final residual = 5.6702764e-05, No Iterations 2
ExecutionTime = 394.99597 s  ClockTime = 395 s

Time = 258s

smoothSolver:  Solving for Ux, Initial residual = 0.0019719239, Final residual = 2.9099899e-05, No Iterations 3
smoothSolver:  Solving for Uy, Initial residual = 0.01477043, Final residual = 0.00022296011, No Iterations 3
smoothSolver:  Solving for Uz, Initial residual = 0.013731297, Final residual = 0.0002113704, No Iterations 3
GAMG:  Solving for p, Initial residual = 0.010976375, Final residual = 6.20737e-05, No Iterations 3
GAMG:  Solving for p, Initial residual = 0.00023857992, Final residual = 1.7951918e-06, No Iterations 4
time step continuity errors : sum local = 2.3514037e-05, global = -4.9733592e-06, cumulative = -0.0025059369
smoothSolver:  Solving for omega, Initial residual = 0.00045827776, Final residual = 3.846369e-06, No Iterations 2
smoothSolver:  Solving for k, Initial residual = 0.0049780335, Final residual = 5.6303679e-05, No Iterations 2
ExecutionTime = 396.33116 s  ClockTime = 397 s

Time = 259s

smoothSolver:  Solving for Ux, Initial residual = 0.001956265, Final residual = 2.8869856e-05, No Iterations 3
smoothSolver:  Solving for Uy, Initial residual = 0.014699415, Final residual = 0.00022175422, No Iterations 3
smoothSolver:  Solving for Uz, Initial residual = 0.013700936, Final residual = 0.0002107295, No Iterations 3
GAMG:  Solving for p, Initial residual = 0.010899947, Final residual = 6.2528763e-05, No Iterations 3
GAMG:  Solving for p, Initial residual = 0.00023683433, Final residual = 1.8245316e-06, No Iterations 4
time step continuity errors : sum local = 2.3848471e-05, global = -5.4143346e-06, cumulative = -0.0025113513
smoothSolver:  Solving for omega, Initial residual = 0.00045732646, Final residual = 3.8122533e-06, No Iterations 2
smoothSolver:  Solving for k, Initial residual = 0.0049524541, Final residual = 5.6016802e-05, No Iterations 2
ExecutionTime = 398.08834 s  ClockTime = 398 s

Time = 260s

smoothSolver:  Solving for Ux, Initial residual = 0.0019404633, Final residual = 2.8629848e-05, No Iterations 3
smoothSolver:  Solving for Uy, Initial residual = 0.014622183, Final residual = 0.00022050335, No Iterations 3
smoothSolver:  Solving for Uz, Initial residual = 0.013658899, Final residual = 0.00020994063, No Iterations 3
GAMG:  Solving for p, Initial residual = 0.010840531, Final residual = 6.2467963e-05, No Iterations 3
GAMG:  Solving for p, Initial residual = 0.00023493493, Final residual = 1.7191434e-06, No Iterations 4
time step continuity errors : sum local = 2.2420513e-05, global = -5.5449908e-06, cumulative = -0.0025168963
smoothSolver:  Solving for omega, Initial residual = 0.00045132343, Final residual = 3.7182568e-06, No Iterations 2
smoothSolver:  Solving for k, Initial residual = 0.0049265661, Final residual = 5.5608365e-05, No Iterations 2
ExecutionTime = 399.76691 s  ClockTime = 400 s

Time = 261s

smoothSolver:  Solving for Ux, Initial residual = 0.0019246876, Final residual = 2.8377267e-05, No Iterations 3
smoothSolver:  Solving for Uy, Initial residual = 0.014540211, Final residual = 0.00021927111, No Iterations 3
smoothSolver:  Solving for Uz, Initial residual = 0.013602947, Final residual = 0.0002089675, No Iterations 3
GAMG:  Solving for p, Initial residual = 0.010750359, Final residual = 6.2424752e-05, No Iterations 3
GAMG:  Solving for p, Initial residual = 0.00023319764, Final residual = 1.7273522e-06, No Iterations 4
time step continuity errors : sum local = 2.2477871e-05, global = -5.9256615e-06, cumulative = -0.0025228219
smoothSolver:  Solving for omega, Initial residual = 0.0004530877, Final residual = 3.7559561e-06, No Iterations 2
smoothSolver:  Solving for k, Initial residual = 0.0048948163, Final residual = 5.5187666e-05, No Iterations 2
ExecutionTime = 401.38634 s  ClockTime = 402 s

Time = 262s

smoothSolver:  Solving for Ux, Initial residual = 0.0019087257, Final residual = 2.811278e-05, No Iterations 3
smoothSolver:  Solving for Uy, Initial residual = 0.01445762, Final residual = 0.00021803902, No Iterations 3
smoothSolver:  Solving for Uz, Initial residual = 0.013534728, Final residual = 0.00020780838, No Iterations 3
GAMG:  Solving for p, Initial residual = 0.010651602, Final residual = 6.2589956e-05, No Iterations 3
GAMG:  Solving for p, Initial residual = 0.0002320146, Final residual = 2.131281e-06, No Iterations 4
time step continuity errors : sum local = 2.7667799e-05, global = -7.2774207e-06, cumulative = -0.0025300993
smoothSolver:  Solving for omega, Initial residual = 0.00045097036, Final residual = 3.8406316e-06, No Iterations 2
smoothSolver:  Solving for k, Initial residual = 0.0048709792, Final residual = 5.4766399e-05, No Iterations 2
ExecutionTime = 402.88753 s  ClockTime = 403 s

Time = 263s

smoothSolver:  Solving for Ux, Initial residual = 0.0018924412, Final residual = 2.7834963e-05, No Iterations 3
smoothSolver:  Solving for Uy, Initial residual = 0.014375978, Final residual = 0.00021679068, No Iterations 3
smoothSolver:  Solving for Uz, Initial residual = 0.013461186, Final residual = 0.0002065263, No Iterations 3
GAMG:  Solving for p, Initial residual = 0.010579197, Final residual = 6.2326243e-05, No Iterations 3
GAMG:  Solving for p, Initial residual = 0.00023091809, Final residual = 1.7342685e-06, No Iterations 5
time step continuity errors : sum local = 2.2467005e-05, global = 6.6398688e-06, cumulative = -0.0025234595
smoothSolver:  Solving for omega, Initial residual = 0.00045271927, Final residual = 3.7347884e-06, No Iterations 2
smoothSolver:  Solving for k, Initial residual = 0.0048396215, Final residual = 5.433884e-05, No Iterations 2
ExecutionTime = 404.51428 s  ClockTime = 405 s

Time = 264s

smoothSolver:  Solving for Ux, Initial residual = 0.0018754119, Final residual = 2.7545201e-05, No Iterations 3
smoothSolver:  Solving for Uy, Initial residual = 0.014290212, Final residual = 0.0002155129, No Iterations 3
smoothSolver:  Solving for Uz, Initial residual = 0.013373869, Final residual = 0.00020510008, No Iterations 3
GAMG:  Solving for p, Initial residual = 0.01047957, Final residual = 6.1821459e-05, No Iterations 3
GAMG:  Solving for p, Initial residual = 0.00022971519, Final residual = 1.8661712e-06, No Iterations 5
time step continuity errors : sum local = 2.4115027e-05, global = 7.5476589e-06, cumulative = -0.0025159118
smoothSolver:  Solving for omega, Initial residual = 0.00044563947, Final residual = 3.6661638e-06, No Iterations 2
smoothSolver:  Solving for k, Initial residual = 0.0048116867, Final residual = 5.3882367e-05, No Iterations 2
ExecutionTime = 406.1107 s  ClockTime = 406 s

Time = 265s

smoothSolver:  Solving for Ux, Initial residual = 0.0018577988, Final residual = 2.7246049e-05, No Iterations 3
smoothSolver:  Solving for Uy, Initial residual = 0.014195307, Final residual = 0.00021419699, No Iterations 3
smoothSolver:  Solving for Uz, Initial residual = 0.013278158, Final residual = 0.00020354629, No Iterations 3
GAMG:  Solving for p, Initial residual = 0.0103932, Final residual = 6.0836116e-05, No Iterations 3
GAMG:  Solving for p, Initial residual = 0.00022788067, Final residual = 1.9521834e-06, No Iterations 5
time step continuity errors : sum local = 2.5169121e-05, global = 7.9911063e-06, cumulative = -0.0025079207
smoothSolver:  Solving for omega, Initial residual = 0.0004447982, Final residual = 3.7308326e-06, No Iterations 2
smoothSolver:  Solving for k, Initial residual = 0.0047836351, Final residual = 5.3506993e-05, No Iterations 2
ExecutionTime = 407.7223 s  ClockTime = 408 s

Time = 266s

smoothSolver:  Solving for Ux, Initial residual = 0.0018392795, Final residual = 2.6935903e-05, No Iterations 3
smoothSolver:  Solving for Uy, Initial residual = 0.014099609, Final residual = 0.00021288118, No Iterations 3
smoothSolver:  Solving for Uz, Initial residual = 0.013178118, Final residual = 0.00020194669, No Iterations 3
GAMG:  Solving for p, Initial residual = 0.010295299, Final residual = 5.9274562e-05, No Iterations 3
GAMG:  Solving for p, Initial residual = 0.00022628117, Final residual = 1.9240353e-06, No Iterations 5
time step continuity errors : sum local = 2.4750787e-05, global = 7.8045249e-06, cumulative = -0.0025001162
smoothSolver:  Solving for omega, Initial residual = 0.00044326827, Final residual = 3.6900484e-06, No Iterations 2
smoothSolver:  Solving for k, Initial residual = 0.0047549162, Final residual = 5.3055968e-05, No Iterations 2
ExecutionTime = 409.32349 s  ClockTime = 410 s

Time = 267s

smoothSolver:  Solving for Ux, Initial residual = 0.0018204265, Final residual = 2.6621959e-05, No Iterations 3
smoothSolver:  Solving for Uy, Initial residual = 0.014000591, Final residual = 0.00021147839, No Iterations 3
smoothSolver:  Solving for Uz, Initial residual = 0.013072093, Final residual = 0.00020031058, No Iterations 3
GAMG:  Solving for p, Initial residual = 0.010196535, Final residual = 5.7728549e-05, No Iterations 3
GAMG:  Solving for p, Initial residual = 0.00022457431, Final residual = 1.8340014e-06, No Iterations 5
time step continuity errors : sum local = 2.3524952e-05, global = 7.3955234e-06, cumulative = -0.0024927207
smoothSolver:  Solving for omega, Initial residual = 0.00044568858, Final residual = 3.6558e-06, No Iterations 2
smoothSolver:  Solving for k, Initial residual = 0.0047236188, Final residual = 5.258765e-05, No Iterations 2
bounding k, min: 1.9751506e-16 max: 0.4437516 average: 0.06643443
ExecutionTime = 410.75515 s  ClockTime = 411 s

Time = 268s

smoothSolver:  Solving for Ux, Initial residual = 0.0018007529, Final residual = 2.6304593e-05, No Iterations 3
smoothSolver:  Solving for Uy, Initial residual = 0.013895507, Final residual = 0.00021010848, No Iterations 3
smoothSolver:  Solving for Uz, Initial residual = 0.012954761, Final residual = 0.00019860005, No Iterations 3
GAMG:  Solving for p, Initial residual = 0.010082084, Final residual = 5.6177008e-05, No Iterations 3
GAMG:  Solving for p, Initial residual = 0.00022299693, Final residual = 1.7252471e-06, No Iterations 5
time step continuity errors : sum local = 2.2077755e-05, global = 6.9618727e-06, cumulative = -0.0024857588
smoothSolver:  Solving for omega, Initial residual = 0.00044006072, Final residual = 3.6567594e-06, No Iterations 2
smoothSolver:  Solving for k, Initial residual = 0.0046904429, Final residual = 5.2062197e-05, No Iterations 2
bounding k, min: 1.9915692e-16 max: 0.44420413 average: 0.066399234
ExecutionTime = 412.1975 s  ClockTime = 413 s

Time = 269s

smoothSolver:  Solving for Ux, Initial residual = 0.0017807339, Final residual = 2.5988754e-05, No Iterations 3
smoothSolver:  Solving for Uy, Initial residual = 0.013786631, Final residual = 0.00020866679, No Iterations 3
smoothSolver:  Solving for Uz, Initial residual = 0.012835669, Final residual = 0.00019690013, No Iterations 3
GAMG:  Solving for p, Initial residual = 0.0099546641, Final residual = 5.4988562e-05, No Iterations 3
GAMG:  Solving for p, Initial residual = 0.00022083697, Final residual = 1.5592838e-06, No Iterations 5
time step continuity errors : sum local = 1.9908185e-05, global = 6.3699501e-06, cumulative = -0.0024793888
smoothSolver:  Solving for omega, Initial residual = 0.00044185556, Final residual = 3.6601939e-06, No Iterations 2
smoothSolver:  Solving for k, Initial residual = 0.0046531019, Final residual = 5.1630309e-05, No Iterations 2
bounding k, min: 1.4791464e-16 max: 0.44475788 average: 0.06636426
ExecutionTime = 413.58366 s  ClockTime = 414 s

Time = 270s

smoothSolver:  Solving for Ux, Initial residual = 0.0017602029, Final residual = 2.5676029e-05, No Iterations 3
smoothSolver:  Solving for Uy, Initial residual = 0.013678449, Final residual = 0.00020719777, No Iterations 3
smoothSolver:  Solving for Uz, Initial residual = 0.012717406, Final residual = 0.00019520885, No Iterations 3
GAMG:  Solving for p, Initial residual = 0.0098385382, Final residual = 5.4180891e-05, No Iterations 3
GAMG:  Solving for p, Initial residual = 0.00021948274, Final residual = 2.1202641e-06, No Iterations 4
time step continuity errors : sum local = 2.6999783e-05, global = -7.772071e-06, cumulative = -0.0024871609
smoothSolver:  Solving for omega, Initial residual = 0.00044094314, Final residual = 3.7015386e-06, No Iterations 2
smoothSolver:  Solving for k, Initial residual = 0.0046236503, Final residual = 5.1199482e-05, No Iterations 2
bounding k, min: 1.5542089e-16 max: 0.44540551 average: 0.066328188
ExecutionTime = 415.04038 s  ClockTime = 415 s

Time = 271s

smoothSolver:  Solving for Ux, Initial residual = 0.001739789, Final residual = 2.536905e-05, No Iterations 3
smoothSolver:  Solving for Uy, Initial residual = 0.013571674, Final residual = 0.00020561008, No Iterations 3
smoothSolver:  Solving for Uz, Initial residual = 0.0126035, Final residual = 0.00019361327, No Iterations 3
GAMG:  Solving for p, Initial residual = 0.0097534677, Final residual = 5.4107403e-05, No Iterations 3
GAMG:  Solving for p, Initial residual = 0.00021910933, Final residual = 1.5386331e-06, No Iterations 4
time step continuity errors : sum local = 1.9540351e-05, global = -5.4417079e-06, cumulative = -0.0024926026
smoothSolver:  Solving for omega, Initial residual = 0.00044168023, Final residual = 3.6297413e-06, No Iterations 2
smoothSolver:  Solving for k, Initial residual = 0.004589196, Final residual = 5.0792487e-05, No Iterations 2
bounding k, min: 1.4235524e-16 max: 0.44612388 average: 0.066291922
ExecutionTime = 416.49297 s  ClockTime = 417 s

Time = 272s

smoothSolver:  Solving for Ux, Initial residual = 0.0017196459, Final residual = 2.5067097e-05, No Iterations 3
smoothSolver:  Solving for Uy, Initial residual = 0.013463194, Final residual = 0.00020402077, No Iterations 3
smoothSolver:  Solving for Uz, Initial residual = 0.012487612, Final residual = 0.00019203303, No Iterations 3
GAMG:  Solving for p, Initial residual = 0.0097002199, Final residual = 5.4104897e-05, No Iterations 3
GAMG:  Solving for p, Initial residual = 0.00021873573, Final residual = 1.1892904e-06, No Iterations 4
time step continuity errors : sum local = 1.5053056e-05, global = -3.5418986e-06, cumulative = -0.0024961445
smoothSolver:  Solving for omega, Initial residual = 0.00043568498, Final residual = 3.5983898e-06, No Iterations 2
smoothSolver:  Solving for k, Initial residual = 0.0045544293, Final residual = 5.0388803e-05, No Iterations 2
bounding k, min: 1.4817149e-16 max: 0.44691907 average: 0.06625588
ExecutionTime = 418.11687 s  ClockTime = 419 s

Time = 273s

smoothSolver:  Solving for Ux, Initial residual = 0.0017000215, Final residual = 2.4775632e-05, No Iterations 3
smoothSolver:  Solving for Uy, Initial residual = 0.013352445, Final residual = 0.00020241424, No Iterations 3
smoothSolver:  Solving for Uz, Initial residual = 0.012381497, Final residual = 0.00019047037, No Iterations 3
GAMG:  Solving for p, Initial residual = 0.0096764303, Final residual = 5.4876041e-05, No Iterations 3
GAMG:  Solving for p, Initial residual = 0.00021945993, Final residual = 1.0278171e-06, No Iterations 4
time step continuity errors : sum local = 1.2964711e-05, global = 1.0161297e-06, cumulative = -0.0024951284
smoothSolver:  Solving for omega, Initial residual = 0.00043777562, Final residual = 3.6338972e-06, No Iterations 2
smoothSolver:  Solving for k, Initial residual = 0.0045174532, Final residual = 4.985388e-05, No Iterations 2
bounding k, min: 1.4049389e-16 max: 0.44775744 average: 0.066219179
ExecutionTime = 420.10947 s  ClockTime = 421 s

Time = 274s

smoothSolver:  Solving for Ux, Initial residual = 0.0016809373, Final residual = 2.4496215e-05, No Iterations 3
smoothSolver:  Solving for Uy, Initial residual = 0.013242756, Final residual = 0.00020079979, No Iterations 3
smoothSolver:  Solving for Uz, Initial residual = 0.012278126, Final residual = 0.00018887633, No Iterations 3
GAMG:  Solving for p, Initial residual = 0.0096774562, Final residual = 5.6119413e-05, No Iterations 3
GAMG:  Solving for p, Initial residual = 0.00022059104, Final residual = 1.1804445e-06, No Iterations 4
time step continuity errors : sum local = 1.4844347e-05, global = 2.814535e-06, cumulative = -0.0024923138
smoothSolver:  Solving for omega, Initial residual = 0.00043672966, Final residual = 3.6683135e-06, No Iterations 2
smoothSolver:  Solving for k, Initial residual = 0.0044823921, Final residual = 4.9434648e-05, No Iterations 2
bounding k, min: 1.4169546e-16 max: 0.44862831 average: 0.0661822
ExecutionTime = 422.05002 s  ClockTime = 422 s

Time = 275s

smoothSolver:  Solving for Ux, Initial residual = 0.0016627401, Final residual = 2.4229591e-05, No Iterations 3
smoothSolver:  Solving for Uy, Initial residual = 0.013137325, Final residual = 0.00019908845, No Iterations 3
smoothSolver:  Solving for Uz, Initial residual = 0.01218285, Final residual = 0.00018730463, No Iterations 3
GAMG:  Solving for p, Initial residual = 0.0096912346, Final residual = 5.7604521e-05, No Iterations 3
GAMG:  Solving for p, Initial residual = 0.00022184538, Final residual = 1.3458932e-06, No Iterations 4
time step continuity errors : sum local = 1.6862153e-05, global = 3.5993072e-06, cumulative = -0.0024887145
smoothSolver:  Solving for omega, Initial residual = 0.00044065531, Final residual = 3.615189e-06, No Iterations 2
smoothSolver:  Solving for k, Initial residual = 0.0044511564, Final residual = 4.9101101e-05, No Iterations 2
bounding k, min: 1.417337e-16 max: 0.44950663 average: 0.06614435
ExecutionTime = 423.68865 s  ClockTime = 424 s

Time = 276s

smoothSolver:  Solving for Ux, Initial residual = 0.0016449771, Final residual = 2.3979642e-05, No Iterations 3
smoothSolver:  Solving for Uy, Initial residual = 0.013033239, Final residual = 0.00019744391, No Iterations 3
smoothSolver:  Solving for Uz, Initial residual = 0.012091514, Final residual = 0.00018570662, No Iterations 3
GAMG:  Solving for p, Initial residual = 0.0097011929, Final residual = 5.8739373e-05, No Iterations 3
GAMG:  Solving for p, Initial residual = 0.00022254008, Final residual = 1.5016991e-06, No Iterations 4
time step continuity errors : sum local = 1.8753799e-05, global = 4.209094e-06, cumulative = -0.0024845054
smoothSolver:  Solving for omega, Initial residual = 0.0004355645, Final residual = 3.6051644e-06, No Iterations 2
smoothSolver:  Solving for k, Initial residual = 0.0044140528, Final residual = 4.8568131e-05, No Iterations 2
bounding k, min: 1.3250016e-16 max: 0.45038692 average: 0.066107078
ExecutionTime = 425.28491 s  ClockTime = 426 s

Time = 277s

smoothSolver:  Solving for Ux, Initial residual = 0.0016281133, Final residual = 2.3743843e-05, No Iterations 3
smoothSolver:  Solving for Uy, Initial residual = 0.01292486, Final residual = 0.00019573073, No Iterations 3
smoothSolver:  Solving for Uz, Initial residual = 0.012002885, Final residual = 0.00018408055, No Iterations 3
GAMG:  Solving for p, Initial residual = 0.0097242604, Final residual = 5.9775761e-05, No Iterations 3
GAMG:  Solving for p, Initial residual = 0.00022286542, Final residual = 1.5982288e-06, No Iterations 4
time step continuity errors : sum local = 1.9885822e-05, global = 4.5939414e-06, cumulative = -0.0024799115
smoothSolver:  Solving for omega, Initial residual = 0.00043342879, Final residual = 3.6206395e-06, No Iterations 2
smoothSolver:  Solving for k, Initial residual = 0.0043783504, Final residual = 4.8168372e-05, No Iterations 2
bounding k, min: 1.4208804e-16 max: 0.45124468 average: 0.066069457
ExecutionTime = 426.66871 s  ClockTime = 427 s

Time = 278s

smoothSolver:  Solving for Ux, Initial residual = 0.0016115984, Final residual = 2.3519241e-05, No Iterations 3
smoothSolver:  Solving for Uy, Initial residual = 0.01281665, Final residual = 0.00019403207, No Iterations 3
smoothSolver:  Solving for Uz, Initial residual = 0.011916696, Final residual = 0.0001824382, No Iterations 3
GAMG:  Solving for p, Initial residual = 0.0097374288, Final residual = 6.0473606e-05, No Iterations 3
GAMG:  Solving for p, Initial residual = 0.00022292719, Final residual = 1.6313974e-06, No Iterations 4
time step continuity errors : sum local = 2.0231407e-05, global = 4.7027529e-06, cumulative = -0.0024752087
smoothSolver:  Solving for omega, Initial residual = 0.00043095924, Final residual = 3.5861019e-06, No Iterations 2
smoothSolver:  Solving for k, Initial residual = 0.0043457567, Final residual = 4.7779113e-05, No Iterations 2
bounding k, min: 1.2569388e-16 max: 0.45208135 average: 0.06603137
ExecutionTime = 428.04766 s  ClockTime = 428 s

Time = 279s

smoothSolver:  Solving for Ux, Initial residual = 0.0015958188, Final residual = 2.3303985e-05, No Iterations 3
smoothSolver:  Solving for Uy, Initial residual = 0.012710807, Final residual = 0.00019229368, No Iterations 3
smoothSolver:  Solving for Uz, Initial residual = 0.011834147, Final residual = 0.00018080198, No Iterations 3
GAMG:  Solving for p, Initial residual = 0.0097773634, Final residual = 6.1312906e-05, No Iterations 3
GAMG:  Solving for p, Initial residual = 0.00022323328, Final residual = 1.6660111e-06, No Iterations 4
time step continuity errors : sum local = 2.0571782e-05, global = 4.8413474e-06, cumulative = -0.0024703674
smoothSolver:  Solving for omega, Initial residual = 0.00043500418, Final residual = 3.5815598e-06, No Iterations 2
smoothSolver:  Solving for k, Initial residual = 0.0043113383, Final residual = 4.7372775e-05, No Iterations 2
bounding k, min: 1.1971022e-16 max: 0.4528716 average: 0.065993052
ExecutionTime = 429.57887 s  ClockTime = 430 s

Time = 280s

smoothSolver:  Solving for Ux, Initial residual = 0.0015800189, Final residual = 2.30964e-05, No Iterations 3
smoothSolver:  Solving for Uy, Initial residual = 0.012600403, Final residual = 0.00019060788, No Iterations 3
smoothSolver:  Solving for Uz, Initial residual = 0.011749262, Final residual = 0.00017912666, No Iterations 3
GAMG:  Solving for p, Initial residual = 0.0097763253, Final residual = 6.1847543e-05, No Iterations 3
GAMG:  Solving for p, Initial residual = 0.00022294302, Final residual = 1.6921436e-06, No Iterations 4
time step continuity errors : sum local = 2.0828926e-05, global = 4.9620762e-06, cumulative = -0.0024654053
smoothSolver:  Solving for omega, Initial residual = 0.00043224618, Final residual = 3.6360503e-06, No Iterations 2
smoothSolver:  Solving for k, Initial residual = 0.0042788151, Final residual = 4.7042965e-05, No Iterations 2
bounding k, min: 1.1755636e-16 max: 0.45362477 average: 0.065954413
ExecutionTime = 430.96471 s  ClockTime = 431 s

Time = 281s

smoothSolver:  Solving for Ux, Initial residual = 0.0015646136, Final residual = 2.2891595e-05, No Iterations 3
smoothSolver:  Solving for Uy, Initial residual = 0.012492952, Final residual = 0.00018890337, No Iterations 3
smoothSolver:  Solving for Uz, Initial residual = 0.011666552, Final residual = 0.00017754429, No Iterations 3
GAMG:  Solving for p, Initial residual = 0.0098009866, Final residual = 6.2506805e-05, No Iterations 3
GAMG:  Solving for p, Initial residual = 0.00022191374, Final residual = 1.6890705e-06, No Iterations 4
time step continuity errors : sum local = 2.0719754e-05, global = 4.9741748e-06, cumulative = -0.0024604312
smoothSolver:  Solving for omega, Initial residual = 0.00043311211, Final residual = 3.6268428e-06, No Iterations 2
smoothSolver:  Solving for k, Initial residual = 0.0042503132, Final residual = 4.6687619e-05, No Iterations 2
bounding k, min: 1.1590025e-16 max: 0.45432708 average: 0.06591634
ExecutionTime = 432.39966 s  ClockTime = 433 s

Time = 282s

smoothSolver:  Solving for Ux, Initial residual = 0.0015492844, Final residual = 2.2688214e-05, No Iterations 3
smoothSolver:  Solving for Uy, Initial residual = 0.012384383, Final residual = 0.00018719325, No Iterations 3
smoothSolver:  Solving for Uz, Initial residual = 0.011583254, Final residual = 0.00017598194, No Iterations 3
GAMG:  Solving for p, Initial residual = 0.0098324844, Final residual = 6.2773486e-05, No Iterations 3
GAMG:  Solving for p, Initial residual = 0.00022041925, Final residual = 1.6542099e-06, No Iterations 4
time step continuity errors : sum local = 2.0211514e-05, global = 4.9131961e-06, cumulative = -0.002455518
smoothSolver:  Solving for omega, Initial residual = 0.00042800658, Final residual = 3.5272797e-06, No Iterations 2
smoothSolver:  Solving for k, Initial residual = 0.0042129763, Final residual = 4.6199681e-05, No Iterations 2
bounding k, min: 1.096915e-16 max: 0.45498608 average: 0.065878205
ExecutionTime = 434.16287 s  ClockTime = 435 s

Time = 283s

smoothSolver:  Solving for Ux, Initial residual = 0.001533932, Final residual = 2.2485314e-05, No Iterations 3
smoothSolver:  Solving for Uy, Initial residual = 0.012267448, Final residual = 0.00018551282, No Iterations 3
smoothSolver:  Solving for Uz, Initial residual = 0.011496714, Final residual = 0.00017440775, No Iterations 3
GAMG:  Solving for p, Initial residual = 0.0098223066, Final residual = 6.2639685e-05, No Iterations 3
GAMG:  Solving for p, Initial residual = 0.00021781206, Final residual = 1.6461277e-06, No Iterations 4
time step continuity errors : sum local = 2.003675e-05, global = 4.9253937e-06, cumulative = -0.0024505926
smoothSolver:  Solving for omega, Initial residual = 0.0004283458, Final residual = 3.5284344e-06, No Iterations 2
smoothSolver:  Solving for k, Initial residual = 0.0041855293, Final residual = 4.5960805e-05, No Iterations 2
bounding k, min: 1.0702369e-16 max: 0.4555918 average: 0.065839603
ExecutionTime = 436.08522 s  ClockTime = 436 s

Time = 284s

smoothSolver:  Solving for Ux, Initial residual = 0.0015185713, Final residual = 2.2279904e-05, No Iterations 3
smoothSolver:  Solving for Uy, Initial residual = 0.0121556, Final residual = 0.00018384686, No Iterations 3
smoothSolver:  Solving for Uz, Initial residual = 0.011414686, Final residual = 0.00017286395, No Iterations 3
GAMG:  Solving for p, Initial residual = 0.0098197172, Final residual = 6.2370818e-05, No Iterations 3
GAMG:  Solving for p, Initial residual = 0.00021475503, Final residual = 1.6141808e-06, No Iterations 4
time step continuity errors : sum local = 1.9576258e-05, global = 4.7980167e-06, cumulative = -0.0024457945
smoothSolver:  Solving for omega, Initial residual = 0.00042470603, Final residual = 3.4897711e-06, No Iterations 2
smoothSolver:  Solving for k, Initial residual = 0.004151249, Final residual = 4.5512996e-05, No Iterations 2
bounding k, min: 1.0641503e-16 max: 0.45616233 average: 0.065800321
ExecutionTime = 438.07826 s  ClockTime = 438 s

Time = 285s

smoothSolver:  Solving for Ux, Initial residual = 0.0015032766, Final residual = 2.2072264e-05, No Iterations 3
smoothSolver:  Solving for Uy, Initial residual = 0.012034384, Final residual = 0.00018212511, No Iterations 3
smoothSolver:  Solving for Uz, Initial residual = 0.011322944, Final residual = 0.00017134251, No Iterations 3
GAMG:  Solving for p, Initial residual = 0.0097737899, Final residual = 6.1999173e-05, No Iterations 3
GAMG:  Solving for p, Initial residual = 0.00021208046, Final residual = 1.581059e-06, No Iterations 4
time step continuity errors : sum local = 1.9129549e-05, global = 4.6832754e-06, cumulative = -0.0024411113
smoothSolver:  Solving for omega, Initial residual = 0.0004252594, Final residual = 3.5282953e-06, No Iterations 2
smoothSolver:  Solving for k, Initial residual = 0.0041149279, Final residual = 4.5212799e-05, No Iterations 2
bounding k, min: 1.0477629e-16 max: 0.45669453 average: 0.065762606
ExecutionTime = 439.7319 s  ClockTime = 440 s

Time = 286s

smoothSolver:  Solving for Ux, Initial residual = 0.0014877577, Final residual = 2.1860374e-05, No Iterations 3
smoothSolver:  Solving for Uy, Initial residual = 0.011910651, Final residual = 0.00018043408, No Iterations 3
smoothSolver:  Solving for Uz, Initial residual = 0.011233653, Final residual = 0.00016982288, No Iterations 3
GAMG:  Solving for p, Initial residual = 0.0097190383, Final residual = 6.1300056e-05, No Iterations 3
GAMG:  Solving for p, Initial residual = 0.00020988375, Final residual = 1.5298421e-06, No Iterations 4
time step continuity errors : sum local = 1.8467165e-05, global = 4.5268743e-06, cumulative = -0.0024365844
smoothSolver:  Solving for omega, Initial residual = 0.00042299044, Final residual = 3.5581833e-06, No Iterations 2
smoothSolver:  Solving for k, Initial residual = 0.0040807109, Final residual = 4.4792849e-05, No Iterations 2
bounding k, min: 1.1596371e-16 max: 0.45720099 average: 0.06572479
ExecutionTime = 441.59112 s  ClockTime = 442 s

Time = 287s

smoothSolver:  Solving for Ux, Initial residual = 0.0014718832, Final residual = 2.1645653e-05, No Iterations 3
smoothSolver:  Solving for Uy, Initial residual = 0.011787545, Final residual = 0.00017866185, No Iterations 3
smoothSolver:  Solving for Uz, Initial residual = 0.011142288, Final residual = 0.00016839885, No Iterations 3
GAMG:  Solving for p, Initial residual = 0.0096735448, Final residual = 6.0965055e-05, No Iterations 3
GAMG:  Solving for p, Initial residual = 0.0002090877, Final residual = 1.5304136e-06, No Iterations 4
time step continuity errors : sum local = 1.843499e-05, global = 4.5008049e-06, cumulative = -0.0024320836
smoothSolver:  Solving for omega, Initial residual = 0.00042569006, Final residual = 3.5044898e-06, No Iterations 2
smoothSolver:  Solving for k, Initial residual = 0.004046651, Final residual = 4.4467371e-05, No Iterations 2
bounding k, min: 1.301214e-16 max: 0.45768148 average: 0.065686859
ExecutionTime = 443.51242 s  ClockTime = 444 s

Time = 288s

smoothSolver:  Solving for Ux, Initial residual = 0.0014560059, Final residual = 2.1425235e-05, No Iterations 3
smoothSolver:  Solving for Uy, Initial residual = 0.011664607, Final residual = 0.00017685002, No Iterations 3
smoothSolver:  Solving for Uz, Initial residual = 0.011053925, Final residual = 0.00016699419, No Iterations 3
GAMG:  Solving for p, Initial residual = 0.0096162532, Final residual = 6.0552732e-05, No Iterations 3
GAMG:  Solving for p, Initial residual = 0.00020888327, Final residual = 1.5140156e-06, No Iterations 4
time step continuity errors : sum local = 1.8200934e-05, global = 4.4302711e-06, cumulative = -0.0024276533
smoothSolver:  Solving for omega, Initial residual = 0.00041995989, Final residual = 3.4712728e-06, No Iterations 2
smoothSolver:  Solving for k, Initial residual = 0.0040101269, Final residual = 4.4010209e-05, No Iterations 2
bounding k, min: 1.6783161e-16 max: 0.45815486 average: 0.065648468
ExecutionTime = 445.36876 s  ClockTime = 446 s

Time = 289s

smoothSolver:  Solving for Ux, Initial residual = 0.0014400919, Final residual = 2.1204376e-05, No Iterations 3
smoothSolver:  Solving for Uy, Initial residual = 0.011538219, Final residual = 0.00017504733, No Iterations 3
smoothSolver:  Solving for Uz, Initial residual = 0.010967523, Final residual = 0.00016560538, No Iterations 3
GAMG:  Solving for p, Initial residual = 0.009570706, Final residual = 6.0477194e-05, No Iterations 3
GAMG:  Solving for p, Initial residual = 0.00020848189, Final residual = 1.515275e-06, No Iterations 4
time step continuity errors : sum local = 1.8180402e-05, global = 4.3488265e-06, cumulative = -0.0024233045
smoothSolver:  Solving for omega, Initial residual = 0.00041865459, Final residual = 3.5059006e-06, No Iterations 2
smoothSolver:  Solving for k, Initial residual = 0.0039797326, Final residual = 4.3813088e-05, No Iterations 2
bounding k, min: 1.5787043e-16 max: 0.45862186 average: 0.06560999
ExecutionTime = 446.81966 s  ClockTime = 447 s

Time = 290s

smoothSolver:  Solving for Ux, Initial residual = 0.0014243524, Final residual = 2.0981272e-05, No Iterations 3
smoothSolver:  Solving for Uy, Initial residual = 0.011411319, Final residual = 0.00017322178, No Iterations 3
smoothSolver:  Solving for Uz, Initial residual = 0.010886743, Final residual = 0.00016422584, No Iterations 3
GAMG:  Solving for p, Initial residual = 0.0095448481, Final residual = 6.053603e-05, No Iterations 3
GAMG:  Solving for p, Initial residual = 0.00020833633, Final residual = 1.4647815e-06, No Iterations 4
time step continuity errors : sum local = 1.7543823e-05, global = 4.1305834e-06, cumulative = -0.0024191739
smoothSolver:  Solving for omega, Initial residual = 0.00041636951, Final residual = 3.5268135e-06, No Iterations 2
smoothSolver:  Solving for k, Initial residual = 0.0039431904, Final residual = 4.3320007e-05, No Iterations 2
bounding k, min: 1.4737141e-16 max: 0.45908847 average: 0.065572383
ExecutionTime = 448.05063 s  ClockTime = 448 s

Time = 291s

smoothSolver:  Solving for Ux, Initial residual = 0.0014086718, Final residual = 2.0755768e-05, No Iterations 3
smoothSolver:  Solving for Uy, Initial residual = 0.011282383, Final residual = 0.00017138249, No Iterations 3
smoothSolver:  Solving for Uz, Initial residual = 0.010803037, Final residual = 0.00016291442, No Iterations 3
GAMG:  Solving for p, Initial residual = 0.0094935617, Final residual = 6.055624e-05, No Iterations 3
GAMG:  Solving for p, Initial residual = 0.00020806789, Final residual = 1.4181947e-06, No Iterations 4
time step continuity errors : sum local = 1.6955371e-05, global = 3.9006963e-06, cumulative = -0.0024152732
smoothSolver:  Solving for omega, Initial residual = 0.00041763351, Final residual = 3.4647942e-06, No Iterations 2
smoothSolver:  Solving for k, Initial residual = 0.0039067774, Final residual = 4.302435e-05, No Iterations 2
bounding k, min: 1.4677651e-16 max: 0.45956576 average: 0.065535012
ExecutionTime = 449.25942 s  ClockTime = 450 s

Time = 292s

smoothSolver:  Solving for Ux, Initial residual = 0.0013930529, Final residual = 2.053071e-05, No Iterations 3
smoothSolver:  Solving for Uy, Initial residual = 0.011157781, Final residual = 0.00016952436, No Iterations 3
smoothSolver:  Solving for Uz, Initial residual = 0.010723437, Final residual = 0.000161682, No Iterations 3
GAMG:  Solving for p, Initial residual = 0.0094396964, Final residual = 6.0233841e-05, No Iterations 3
GAMG:  Solving for p, Initial residual = 0.00020801283, Final residual = 1.3489463e-06, No Iterations 4
time step continuity errors : sum local = 1.609883e-05, global = 3.5417219e-06, cumulative = -0.0024117315
smoothSolver:  Solving for omega, Initial residual = 0.00041290244, Final residual = 3.4996325e-06, No Iterations 2
smoothSolver:  Solving for k, Initial residual = 0.0038691382, Final residual = 4.2539092e-05, No Iterations 2
bounding k, min: 1.3480487e-16 max: 0.46006411 average: 0.06549779
ExecutionTime = 450.46349 s  ClockTime = 451 s

Time = 293s

smoothSolver:  Solving for Ux, Initial residual = 0.0013777029, Final residual = 2.0305873e-05, No Iterations 3
smoothSolver:  Solving for Uy, Initial residual = 0.011029879, Final residual = 0.00016760247, No Iterations 3
smoothSolver:  Solving for Uz, Initial residual = 0.010643457, Final residual = 0.00016053065, No Iterations 3
GAMG:  Solving for p, Initial residual = 0.0093941771, Final residual = 5.9614939e-05, No Iterations 3
GAMG:  Solving for p, Initial residual = 0.00020799526, Final residual = 1.317433e-06, No Iterations 4
time step continuity errors : sum local = 1.5696623e-05, global = 3.2811695e-06, cumulative = -0.0024084503
smoothSolver:  Solving for omega, Initial residual = 0.00041488464, Final residual = 3.4568216e-06, No Iterations 2
smoothSolver:  Solving for k, Initial residual = 0.0038303326, Final residual = 4.2161481e-05, No Iterations 2
bounding k, min: 1.2330335e-16 max: 0.46058637 average: 0.065460636
ExecutionTime = 451.65815 s  ClockTime = 452 s

Time = 294s

smoothSolver:  Solving for Ux, Initial residual = 0.0013625832, Final residual = 2.007977e-05, No Iterations 3
smoothSolver:  Solving for Uy, Initial residual = 0.010902084, Final residual = 0.0001656488, No Iterations 3
smoothSolver:  Solving for Uz, Initial residual = 0.010571681, Final residual = 0.00015947643, No Iterations 3
GAMG:  Solving for p, Initial residual = 0.0093508124, Final residual = 5.8471516e-05, No Iterations 3
GAMG:  Solving for p, Initial residual = 0.0002079517, Final residual = 1.243741e-06, No Iterations 4
time step continuity errors : sum local = 1.4793317e-05, global = 2.9262597e-06, cumulative = -0.0024055241
smoothSolver:  Solving for omega, Initial residual = 0.00041052624, Final residual = 3.4546402e-06, No Iterations 2
smoothSolver:  Solving for k, Initial residual = 0.0037978113, Final residual = 4.1870267e-05, No Iterations 2
bounding k, min: 1.2840209e-16 max: 0.46114064 average: 0.065423913
ExecutionTime = 453.08289 s  ClockTime = 453 s

Time = 295s

smoothSolver:  Solving for Ux, Initial residual = 0.0013472227, Final residual = 1.9851073e-05, No Iterations 3
smoothSolver:  Solving for Uy, Initial residual = 0.010776419, Final residual = 0.0001637116, No Iterations 3
smoothSolver:  Solving for Uz, Initial residual = 0.010509475, Final residual = 0.00015838993, No Iterations 3
GAMG:  Solving for p, Initial residual = 0.0093111482, Final residual = 5.7869411e-05, No Iterations 3
GAMG:  Solving for p, Initial residual = 0.00020814296, Final residual = 1.1901523e-06, No Iterations 4
time step continuity errors : sum local = 1.4133259e-05, global = 2.6107484e-06, cumulative = -0.0024029133
smoothSolver:  Solving for omega, Initial residual = 0.00041231194, Final residual = 3.4552696e-06, No Iterations 2
smoothSolver:  Solving for k, Initial residual = 0.0037589205, Final residual = 4.1485772e-05, No Iterations 2
bounding k, min: 1.271588e-16 max: 0.4617247 average: 0.065388263
ExecutionTime = 455.0088 s  ClockTime = 455 s

Time = 296s

smoothSolver:  Solving for Ux, Initial residual = 0.0013318566, Final residual = 1.9624302e-05, No Iterations 3
smoothSolver:  Solving for Uy, Initial residual = 0.010649714, Final residual = 0.00016177626, No Iterations 3
smoothSolver:  Solving for Uz, Initial residual = 0.010444135, Final residual = 0.0001575169, No Iterations 3
GAMG:  Solving for p, Initial residual = 0.0092685333, Final residual = 5.7685461e-05, No Iterations 3
GAMG:  Solving for p, Initial residual = 0.00020901263, Final residual = 1.1232586e-06, No Iterations 4
time step continuity errors : sum local = 1.3314596e-05, global = 2.2915805e-06, cumulative = -0.0024006217
smoothSolver:  Solving for omega, Initial residual = 0.0004074783, Final residual = 3.4406646e-06, No Iterations 2
smoothSolver:  Solving for k, Initial residual = 0.0037230341, Final residual = 4.1123509e-05, No Iterations 2
bounding k, min: 1.3982722e-16 max: 0.46234687 average: 0.065352718
ExecutionTime = 456.78608 s  ClockTime = 457 s

Time = 297s

smoothSolver:  Solving for Ux, Initial residual = 0.0013164502, Final residual = 1.9395348e-05, No Iterations 3
smoothSolver:  Solving for Uy, Initial residual = 0.010520527, Final residual = 0.00015980449, No Iterations 3
smoothSolver:  Solving for Uz, Initial residual = 0.010385734, Final residual = 0.00015665022, No Iterations 3
GAMG:  Solving for p, Initial residual = 0.0092125116, Final residual = 5.7884113e-05, No Iterations 3
GAMG:  Solving for p, Initial residual = 0.00021062431, Final residual = 1.0965632e-06, No Iterations 4
time step continuity errors : sum local = 1.2975037e-05, global = 2.1670392e-06, cumulative = -0.0023984547
smoothSolver:  Solving for omega, Initial residual = 0.00040881074, Final residual = 3.4227368e-06, No Iterations 2
smoothSolver:  Solving for k, Initial residual = 0.0036871137, Final residual = 4.0822061e-05, No Iterations 2
bounding k, min: 1.4319448e-16 max: 0.46300536 average: 0.065316974
ExecutionTime = 458.09141 s  ClockTime = 459 s

Time = 298s

smoothSolver:  Solving for Ux, Initial residual = 0.001301383, Final residual = 1.9165828e-05, No Iterations 3
smoothSolver:  Solving for Uy, Initial residual = 0.010391482, Final residual = 0.00015784309, No Iterations 3
smoothSolver:  Solving for Uz, Initial residual = 0.010333166, Final residual = 0.00015593936, No Iterations 3
GAMG:  Solving for p, Initial residual = 0.0091478627, Final residual = 5.8189397e-05, No Iterations 3
GAMG:  Solving for p, Initial residual = 0.00021175503, Final residual = 1.0787942e-06, No Iterations 4
time step continuity errors : sum local = 1.2740109e-05, global = 2.0551506e-06, cumulative = -0.0023963995
smoothSolver:  Solving for omega, Initial residual = 0.00040625846, Final residual = 3.5010274e-06, No Iterations 2
smoothSolver:  Solving for k, Initial residual = 0.0036496244, Final residual = 4.0422514e-05, No Iterations 2
bounding k, min: 1.7174096e-16 max: 0.46369969 average: 0.065281568
ExecutionTime = 459.32933 s  ClockTime = 460 s

Time = 299s

smoothSolver:  Solving for Ux, Initial residual = 0.0012861586, Final residual = 1.8937711e-05, No Iterations 3
smoothSolver:  Solving for Uy, Initial residual = 0.010258764, Final residual = 0.00015588747, No Iterations 3
smoothSolver:  Solving for Uz, Initial residual = 0.010280553, Final residual = 0.00015526288, No Iterations 3
GAMG:  Solving for p, Initial residual = 0.0090744963, Final residual = 5.8715943e-05, No Iterations 3
GAMG:  Solving for p, Initial residual = 0.00021279475, Final residual = 1.1492571e-06, No Iterations 4
time step continuity errors : sum local = 1.3548639e-05, global = 2.2189506e-06, cumulative = -0.0023941806
smoothSolver:  Solving for omega, Initial residual = 0.00040872844, Final residual = 3.4187514e-06, No Iterations 2
smoothSolver:  Solving for k, Initial residual = 0.0036119345, Final residual = 4.0075499e-05, No Iterations 2
bounding k, min: 1.5434301e-16 max: 0.46442437 average: 0.065247762
ExecutionTime = 460.53223 s  ClockTime = 461 s

Time = 300s

smoothSolver:  Solving for Ux, Initial residual = 0.0012713084, Final residual = 1.8709878e-05, No Iterations 3
smoothSolver:  Solving for Uy, Initial residual = 0.010127421, Final residual = 0.00015395712, No Iterations 3
smoothSolver:  Solving for Uz, Initial residual = 0.010232466, Final residual = 0.00015462434, No Iterations 3
GAMG:  Solving for p, Initial residual = 0.0089953894, Final residual = 5.9082502e-05, No Iterations 3
GAMG:  Solving for p, Initial residual = 0.00021327319, Final residual = 1.213809e-06, No Iterations 4
time step continuity errors : sum local = 1.4282163e-05, global = 2.3582604e-06, cumulative = -0.0023918223
smoothSolver:  Solving for omega, Initial residual = 0.00040392903, Final residual = 3.3935946e-06, No Iterations 2
smoothSolver:  Solving for k, Initial residual = 0.0035741523, Final residual = 3.969882e-05, No Iterations 2
bounding k, min: 1.4499779e-16 max: 0.46518362 average: 0.06521377
ExecutionTime = 461.94961 s  ClockTime = 462 s

Time = 301s

smoothSolver:  Solving for Ux, Initial residual = 0.0012562629, Final residual = 1.8486393e-05, No Iterations 3
smoothSolver:  Solving for Uy, Initial residual = 0.0099943436, Final residual = 0.00015205774, No Iterations 3
smoothSolver:  Solving for Uz, Initial residual = 0.010186388, Final residual = 0.00015394899, No Iterations 3
GAMG:  Solving for p, Initial residual = 0.0089235864, Final residual = 5.9217045e-05, No Iterations 3
GAMG:  Solving for p, Initial residual = 0.0002132559, Final residual = 1.3136028e-06, No Iterations 4
time step continuity errors : sum local = 1.5428472e-05, global = 2.5437885e-06, cumulative = -0.0023892785
smoothSolver:  Solving for omega, Initial residual = 0.0004048513, Final residual = 3.4368107e-06, No Iterations 2
smoothSolver:  Solving for k, Initial residual = 0.0035347715, Final residual = 3.9371786e-05, No Iterations 2
bounding k, min: 1.4314966e-16 max: 0.46597199 average: 0.06518085
ExecutionTime = 463.27039 s  ClockTime = 464 s

Time = 302s

smoothSolver:  Solving for Ux, Initial residual = 0.0012413656, Final residual = 1.8263152e-05, No Iterations 3
smoothSolver:  Solving for Uy, Initial residual = 0.0098590249, Final residual = 0.00015009967, No Iterations 3
smoothSolver:  Solving for Uz, Initial residual = 0.010133446, Final residual = 0.00015335239, No Iterations 3
GAMG:  Solving for p, Initial residual = 0.0088372031, Final residual = 5.890506e-05, No Iterations 3
GAMG:  Solving for p, Initial residual = 0.00021271233, Final residual = 1.3760101e-06, No Iterations 4
time step continuity errors : sum local = 1.6128603e-05, global = 2.5962273e-06, cumulative = -0.0023866823
smoothSolver:  Solving for omega, Initial residual = 0.00040231168, Final residual = 3.4568176e-06, No Iterations 2
smoothSolver:  Solving for k, Initial residual = 0.0034998533, Final residual = 3.9019852e-05, No Iterations 2
bounding k, min: 1.4098364e-16 max: 0.46678034 average: 0.065147117
ExecutionTime = 464.73019 s  ClockTime = 465 s

Time = 303s

smoothSolver:  Solving for Ux, Initial residual = 0.0012264467, Final residual = 1.8043077e-05, No Iterations 3
smoothSolver:  Solving for Uy, Initial residual = 0.0097229265, Final residual = 0.00014813782, No Iterations 3
smoothSolver:  Solving for Uz, Initial residual = 0.010082671, Final residual = 0.00015266765, No Iterations 3
GAMG:  Solving for p, Initial residual = 0.0087428542, Final residual = 5.8581007e-05, No Iterations 3
GAMG:  Solving for p, Initial residual = 0.00021187807, Final residual = 1.4499594e-06, No Iterations 4
time step continuity errors : sum local = 1.6961959e-05, global = 2.64622e-06, cumulative = -0.0023840361
smoothSolver:  Solving for omega, Initial residual = 0.0004047328, Final residual = 3.3953032e-06, No Iterations 2
smoothSolver:  Solving for k, Initial residual = 0.0034615051, Final residual = 3.8660258e-05, No Iterations 2
bounding k, min: 1.2568027e-16 max: 0.46761186 average: 0.065113994
ExecutionTime = 466.20234 s  ClockTime = 467 s

Time = 304s

smoothSolver:  Solving for Ux, Initial residual = 0.0012116732, Final residual = 1.7825928e-05, No Iterations 3
smoothSolver:  Solving for Uy, Initial residual = 0.0095878105, Final residual = 0.00014616455, No Iterations 3
smoothSolver:  Solving for Uz, Initial residual = 0.010026547, Final residual = 0.00015197943, No Iterations 3
GAMG:  Solving for p, Initial residual = 0.0086381336, Final residual = 5.8317037e-05, No Iterations 3
GAMG:  Solving for p, Initial residual = 0.00021129301, Final residual = 1.4895209e-06, No Iterations 4
time step continuity errors : sum local = 1.7387647e-05, global = 2.6495929e-06, cumulative = -0.0023813865
smoothSolver:  Solving for omega, Initial residual = 0.00039997755, Final residual = 3.4329506e-06, No Iterations 2
smoothSolver:  Solving for k, Initial residual = 0.0034283111, Final residual = 3.835631e-05, No Iterations 2
bounding k, min: 1.2056799e-16 max: 0.46845516 average: 0.065081664
ExecutionTime = 467.44922 s  ClockTime = 468 s

Time = 305s

smoothSolver:  Solving for Ux, Initial residual = 0.0011969096, Final residual = 1.7611713e-05, No Iterations 3
smoothSolver:  Solving for Uy, Initial residual = 0.009453787, Final residual = 0.00014421202, No Iterations 3
smoothSolver:  Solving for Uz, Initial residual = 0.009967091, Final residual = 0.00015115072, No Iterations 3
GAMG:  Solving for p, Initial residual = 0.0085441427, Final residual = 5.8111662e-05, No Iterations 3
GAMG:  Solving for p, Initial residual = 0.00021040222, Final residual = 1.5002224e-06, No Iterations 4
time step continuity errors : sum local = 1.7477835e-05, global = 2.6010375e-06, cumulative = -0.0023787855
smoothSolver:  Solving for omega, Initial residual = 0.00040249739, Final residual = 3.4417286e-06, No Iterations 2
smoothSolver:  Solving for k, Initial residual = 0.0033945713, Final residual = 3.8060297e-05, No Iterations 2
bounding k, min: 1.309599e-16 max: 0.46930591 average: 0.06504949
ExecutionTime = 468.68966 s  ClockTime = 469 s

Time = 306s

smoothSolver:  Solving for Ux, Initial residual = 0.0011823412, Final residual = 1.7398777e-05, No Iterations 3
smoothSolver:  Solving for Uy, Initial residual = 0.0093211884, Final residual = 0.00014231925, No Iterations 3
smoothSolver:  Solving for Uz, Initial residual = 0.0099042867, Final residual = 0.00015021866, No Iterations 3
GAMG:  Solving for p, Initial residual = 0.0084448773, Final residual = 5.7880731e-05, No Iterations 3
GAMG:  Solving for p, Initial residual = 0.0002098045, Final residual = 1.4694507e-06, No Iterations 4
time step continuity errors : sum local = 1.7082201e-05, global = 2.4887249e-06, cumulative = -0.0023762967
smoothSolver:  Solving for omega, Initial residual = 0.00039758036, Final residual = 3.3706243e-06, No Iterations 2
smoothSolver:  Solving for k, Initial residual = 0.0033593237, Final residual = 3.765779e-05, No Iterations 2
bounding k, min: 1.2336535e-16 max: 0.47015592 average: 0.0650179
ExecutionTime = 470.01252 s  ClockTime = 470 s

Time = 307s

smoothSolver:  Solving for Ux, Initial residual = 0.0011674009, Final residual = 1.719033e-05, No Iterations 3
smoothSolver:  Solving for Uy, Initial residual = 0.0091881611, Final residual = 0.00014046778, No Iterations 3
smoothSolver:  Solving for Uz, Initial residual = 0.0098332413, Final residual = 0.00014920717, No Iterations 3
GAMG:  Solving for p, Initial residual = 0.008353842, Final residual = 5.7792061e-05, No Iterations 3
GAMG:  Solving for p, Initial residual = 0.0002087665, Final residual = 1.4507262e-06, No Iterations 4
time step continuity errors : sum local = 1.6829216e-05, global = 2.412947e-06, cumulative = -0.0023738838
smoothSolver:  Solving for omega, Initial residual = 0.00039700191, Final residual = 3.3718935e-06, No Iterations 2
smoothSolver:  Solving for k, Initial residual = 0.0033259076, Final residual = 3.7350785e-05, No Iterations 2
bounding k, min: 1.4798282e-16 max: 0.4709942 average: 0.064985632
ExecutionTime = 471.32086 s  ClockTime = 472 s

Time = 308s

smoothSolver:  Solving for Ux, Initial residual = 0.0011524403, Final residual = 1.6983927e-05, No Iterations 3
smoothSolver:  Solving for Uy, Initial residual = 0.0090597432, Final residual = 0.00013866079, No Iterations 3
smoothSolver:  Solving for Uz, Initial residual = 0.0097594036, Final residual = 0.00014812567, No Iterations 3
GAMG:  Solving for p, Initial residual = 0.0082565273, Final residual = 5.7762565e-05, No Iterations 3
GAMG:  Solving for p, Initial residual = 0.00020708842, Final residual = 1.4177769e-06, No Iterations 4
time step continuity errors : sum local = 1.6411786e-05, global = 2.3124943e-06, cumulative = -0.0023715713
smoothSolver:  Solving for omega, Initial residual = 0.00039359595, Final residual = 3.3256579e-06, No Iterations 2
smoothSolver:  Solving for k, Initial residual = 0.0032892335, Final residual = 3.6948408e-05, No Iterations 2
bounding k, min: 1.4100515e-16 max: 0.47181575 average: 0.064954661
ExecutionTime = 472.67143 s  ClockTime = 473 s

Time = 309s

smoothSolver:  Solving for Ux, Initial residual = 0.0011373455, Final residual = 1.6778945e-05, No Iterations 3
smoothSolver:  Solving for Uy, Initial residual = 0.008932655, Final residual = 0.00013687052, No Iterations 3
smoothSolver:  Solving for Uz, Initial residual = 0.0096727034, Final residual = 0.00014695737, No Iterations 3
GAMG:  Solving for p, Initial residual = 0.0081580678, Final residual = 5.7650205e-05, No Iterations 3
GAMG:  Solving for p, Initial residual = 0.00020633742, Final residual = 1.4355757e-06, No Iterations 4
time step continuity errors : sum local = 1.6581857e-05, global = 2.3914709e-06, cumulative = -0.0023691798
smoothSolver:  Solving for omega, Initial residual = 0.0003955282, Final residual = 3.3869591e-06, No Iterations 2
smoothSolver:  Solving for k, Initial residual = 0.0032507608, Final residual = 3.6552697e-05, No Iterations 2
bounding k, min: 2.0596911e-16 max: 0.47262357 average: 0.064924774
ExecutionTime = 473.88528 s  ClockTime = 474 s

Time = 310s

smoothSolver:  Solving for Ux, Initial residual = 0.0011224359, Final residual = 1.6576891e-05, No Iterations 3
smoothSolver:  Solving for Uy, Initial residual = 0.0088048277, Final residual = 0.00013508529, No Iterations 3
smoothSolver:  Solving for Uz, Initial residual = 0.009577826, Final residual = 0.00014578411, No Iterations 3
GAMG:  Solving for p, Initial residual = 0.0080522265, Final residual = 5.7146926e-05, No Iterations 3
GAMG:  Solving for p, Initial residual = 0.00020485987, Final residual = 1.4152947e-06, No Iterations 4
time step continuity errors : sum local = 1.6310544e-05, global = 2.2978502e-06, cumulative = -0.002366882
smoothSolver:  Solving for omega, Initial residual = 0.00039309743, Final residual = 3.4174081e-06, No Iterations 2
smoothSolver:  Solving for k, Initial residual = 0.0032143435, Final residual = 3.6151341e-05, No Iterations 2
bounding k, min: 1.930962e-16 max: 0.47332538 average: 0.064895195
ExecutionTime = 475.17169 s  ClockTime = 476 s

Time = 311s

smoothSolver:  Solving for Ux, Initial residual = 0.001107635, Final residual = 1.6376918e-05, No Iterations 3
smoothSolver:  Solving for Uy, Initial residual = 0.0086844508, Final residual = 0.00013335794, No Iterations 3
smoothSolver:  Solving for Uz, Initial residual = 0.0094794675, Final residual = 0.00014450782, No Iterations 3
GAMG:  Solving for p, Initial residual = 0.0079569007, Final residual = 5.6547899e-05, No Iterations 3
GAMG:  Solving for p, Initial residual = 0.00020358315, Final residual = 1.4236644e-06, No Iterations 4
time step continuity errors : sum local = 1.6372605e-05, global = 2.3437095e-06, cumulative = -0.0023645383
smoothSolver:  Solving for omega, Initial residual = 0.00039509308, Final residual = 3.3538898e-06, No Iterations 2
smoothSolver:  Solving for k, Initial residual = 0.0031815064, Final residual = 3.584264e-05, No Iterations 2
ExecutionTime = 476.6046 s  ClockTime = 477 s

Time = 312s

smoothSolver:  Solving for Ux, Initial residual = 0.0010930179, Final residual = 1.6180752e-05, No Iterations 3
smoothSolver:  Solving for Uy, Initial residual = 0.008568109, Final residual = 0.00013171359, No Iterations 3
smoothSolver:  Solving for Uz, Initial residual = 0.0093778746, Final residual = 0.00014326386, No Iterations 3
GAMG:  Solving for p, Initial residual = 0.0078806789, Final residual = 5.5828281e-05, No Iterations 3
GAMG:  Solving for p, Initial residual = 0.0002009303, Final residual = 1.4207413e-06, No Iterations 4
time step continuity errors : sum local = 1.6302722e-05, global = 2.356705e-06, cumulative = -0.0023621816
smoothSolver:  Solving for omega, Initial residual = 0.00038908806, Final residual = 3.3049879e-06, No Iterations 2
smoothSolver:  Solving for k, Initial residual = 0.0031466983, Final residual = 3.5436063e-05, No Iterations 2
ExecutionTime = 478.11106 s  ClockTime = 479 s

Time = 313s

smoothSolver:  Solving for Ux, Initial residual = 0.001078498, Final residual = 1.5988115e-05, No Iterations 3
smoothSolver:  Solving for Uy, Initial residual = 0.0084531173, Final residual = 0.00013006919, No Iterations 3
smoothSolver:  Solving for Uz, Initial residual = 0.0092746945, Final residual = 0.0001419882, No Iterations 3
GAMG:  Solving for p, Initial residual = 0.0078282557, Final residual = 5.5058083e-05, No Iterations 3
GAMG:  Solving for p, Initial residual = 0.00019733328, Final residual = 1.4355876e-06, No Iterations 4
time step continuity errors : sum local = 1.6440798e-05, global = 2.5204836e-06, cumulative = -0.0023596611
smoothSolver:  Solving for omega, Initial residual = 0.00038825259, Final residual = 3.3377518e-06, No Iterations 2
smoothSolver:  Solving for k, Initial residual = 0.0031105071, Final residual = 3.5096421e-05, No Iterations 2
ExecutionTime = 479.59206 s  ClockTime = 480 s

Time = 314s

smoothSolver:  Solving for Ux, Initial residual = 0.0010642728, Final residual = 1.5799311e-05, No Iterations 3
smoothSolver:  Solving for Uy, Initial residual = 0.0083409661, Final residual = 0.00012852159, No Iterations 3
smoothSolver:  Solving for Uz, Initial residual = 0.0091669074, Final residual = 0.00014064727, No Iterations 3
GAMG:  Solving for p, Initial residual = 0.0077740216, Final residual = 5.3950748e-05, No Iterations 3
GAMG:  Solving for p, Initial residual = 0.00019191388, Final residual = 1.4332126e-06, No Iterations 4
time step continuity errors : sum local = 1.6379576e-05, global = 2.6003848e-06, cumulative = -0.0023570607
smoothSolver:  Solving for omega, Initial residual = 0.00038593232, Final residual = 3.3337916e-06, No Iterations 2
smoothSolver:  Solving for k, Initial residual = 0.0030772128, Final residual = 3.4669878e-05, No Iterations 2
ExecutionTime = 481.03757 s  ClockTime = 481 s

Time = 315s

smoothSolver:  Solving for Ux, Initial residual = 0.0010503422, Final residual = 1.5614454e-05, No Iterations 3
smoothSolver:  Solving for Uy, Initial residual = 0.0082348909, Final residual = 0.00012690786, No Iterations 3
smoothSolver:  Solving for Uz, Initial residual = 0.0090590314, Final residual = 0.00013946637, No Iterations 3
GAMG:  Solving for p, Initial residual = 0.0077294339, Final residual = 5.2864616e-05, No Iterations 3
GAMG:  Solving for p, Initial residual = 0.00018599882, Final residual = 1.4297727e-06, No Iterations 4
time step continuity errors : sum local = 1.6309647e-05, global = 2.6964907e-06, cumulative = -0.0023543642
smoothSolver:  Solving for omega, Initial residual = 0.00038746552, Final residual = 3.2744805e-06, No Iterations 2
smoothSolver:  Solving for k, Initial residual = 0.0030415716, Final residual = 3.428165e-05, No Iterations 2
ExecutionTime = 482.60436 s  ClockTime = 483 s

Time = 316s

smoothSolver:  Solving for Ux, Initial residual = 0.0010367761, Final residual = 1.5434226e-05, No Iterations 3
smoothSolver:  Solving for Uy, Initial residual = 0.0081284603, Final residual = 0.00012542471, No Iterations 3
smoothSolver:  Solving for Uz, Initial residual = 0.0089530469, Final residual = 0.00013817626, No Iterations 3
GAMG:  Solving for p, Initial residual = 0.0076803582, Final residual = 5.174317e-05, No Iterations 3
GAMG:  Solving for p, Initial residual = 0.00018038483, Final residual = 1.4379784e-06, No Iterations 4
time step continuity errors : sum local = 1.6371718e-05, global = 2.8081529e-06, cumulative = -0.0023515561
smoothSolver:  Solving for omega, Initial residual = 0.00038299507, Final residual = 3.3248307e-06, No Iterations 2
smoothSolver:  Solving for k, Initial residual = 0.0030042286, Final residual = 3.3883325e-05, No Iterations 2
ExecutionTime = 483.97169 s  ClockTime = 484 s

Time = 317s

smoothSolver:  Solving for Ux, Initial residual = 0.0010234624, Final residual = 1.5257386e-05, No Iterations 3
smoothSolver:  Solving for Uy, Initial residual = 0.0080271504, Final residual = 0.0001240161, No Iterations 3
smoothSolver:  Solving for Uz, Initial residual = 0.0088465754, Final residual = 0.00013692961, No Iterations 3
GAMG:  Solving for p, Initial residual = 0.0076173349, Final residual = 5.0674009e-05, No Iterations 3
GAMG:  Solving for p, Initial residual = 0.00017547156, Final residual = 1.4409871e-06, No Iterations 4
time step continuity errors : sum local = 1.6373652e-05, global = 2.9354387e-06, cumulative = -0.0023486206
smoothSolver:  Solving for omega, Initial residual = 0.00038528477, Final residual = 3.2947419e-06, No Iterations 2
smoothSolver:  Solving for k, Initial residual = 0.0029679711, Final residual = 3.3501302e-05, No Iterations 2
ExecutionTime = 485.44147 s  ClockTime = 486 s

Time = 318s

smoothSolver:  Solving for Ux, Initial residual = 0.0010103396, Final residual = 1.5082411e-05, No Iterations 3
smoothSolver:  Solving for Uy, Initial residual = 0.0079315521, Final residual = 0.00012265373, No Iterations 3
smoothSolver:  Solving for Uz, Initial residual = 0.0087441476, Final residual = 0.00013566074, No Iterations 3
GAMG:  Solving for p, Initial residual = 0.0075342043, Final residual = 4.9379912e-05, No Iterations 3
GAMG:  Solving for p, Initial residual = 0.00017089715, Final residual = 1.4584439e-06, No Iterations 4
time step continuity errors : sum local = 1.6538593e-05, global = 3.0944693e-06, cumulative = -0.0023455261
smoothSolver:  Solving for omega, Initial residual = 0.00038202367, Final residual = 3.314088e-06, No Iterations 2
smoothSolver:  Solving for k, Initial residual = 0.0029329116, Final residual = 3.3106949e-05, No Iterations 2
ExecutionTime = 486.83618 s  ClockTime = 487 s

Time = 319s

smoothSolver:  Solving for Ux, Initial residual = 0.0009974863, Final residual = 1.4907175e-05, No Iterations 3
smoothSolver:  Solving for Uy, Initial residual = 0.0078406808, Final residual = 0.0001213232, No Iterations 3
smoothSolver:  Solving for Uz, Initial residual = 0.0086469657, Final residual = 0.00013443067, No Iterations 3
GAMG:  Solving for p, Initial residual = 0.0074659092, Final residual = 4.8337564e-05, No Iterations 3
GAMG:  Solving for p, Initial residual = 0.000166922, Final residual = 1.4630497e-06, No Iterations 4
time step continuity errors : sum local = 1.6559684e-05, global = 3.2114772e-06, cumulative = -0.0023423147
smoothSolver:  Solving for omega, Initial residual = 0.0003824984, Final residual = 3.3385692e-06, No Iterations 2
smoothSolver:  Solving for k, Initial residual = 0.002898465, Final residual = 3.2797205e-05, No Iterations 2
ExecutionTime = 488.40697 s  ClockTime = 489 s

Time = 320s

smoothSolver:  Solving for Ux, Initial residual = 0.00098488646, Final residual = 1.4731504e-05, No Iterations 3
smoothSolver:  Solving for Uy, Initial residual = 0.0077507939, Final residual = 0.00012006325, No Iterations 3
smoothSolver:  Solving for Uz, Initial residual = 0.008547817, Final residual = 0.00013312876, No Iterations 3
GAMG:  Solving for p, Initial residual = 0.0073770973, Final residual = 4.726416e-05, No Iterations 3
GAMG:  Solving for p, Initial residual = 0.00016328156, Final residual = 1.4785968e-06, No Iterations 4
time step continuity errors : sum local = 1.6704255e-05, global = 3.3026887e-06, cumulative = -0.002339012
smoothSolver:  Solving for omega, Initial residual = 0.00037637625, Final residual = 3.2288267e-06, No Iterations 2
smoothSolver:  Solving for k, Initial residual = 0.0028653751, Final residual = 3.2421109e-05, No Iterations 2
ExecutionTime = 490.05656 s  ClockTime = 490 s

Time = 321s

smoothSolver:  Solving for Ux, Initial residual = 0.00097247488, Final residual = 1.455623e-05, No Iterations 3
smoothSolver:  Solving for Uy, Initial residual = 0.0076605583, Final residual = 0.00011883206, No Iterations 3
smoothSolver:  Solving for Uz, Initial residual = 0.0084500452, Final residual = 0.0001317871, No Iterations 3
GAMG:  Solving for p, Initial residual = 0.0072744493, Final residual = 4.6294233e-05, No Iterations 3
GAMG:  Solving for p, Initial residual = 0.00015992476, Final residual = 1.497186e-06, No Iterations 4
time step continuity errors : sum local = 1.688505e-05, global = 3.4052303e-06, cumulative = -0.0023356067
smoothSolver:  Solving for omega, Initial residual = 0.00037811784, Final residual = 3.2354905e-06, No Iterations 2
smoothSolver:  Solving for k, Initial residual = 0.002833454, Final residual = 3.2148988e-05, No Iterations 2
ExecutionTime = 491.90861 s  ClockTime = 492 s

Time = 322s

smoothSolver:  Solving for Ux, Initial residual = 0.00096027386, Final residual = 1.4381113e-05, No Iterations 3
smoothSolver:  Solving for Uy, Initial residual = 0.0075770691, Final residual = 0.00011771343, No Iterations 3
smoothSolver:  Solving for Uz, Initial residual = 0.0083503954, Final residual = 0.00013039645, No Iterations 3
GAMG:  Solving for p, Initial residual = 0.0071657069, Final residual = 4.5322555e-05, No Iterations 3
GAMG:  Solving for p, Initial residual = 0.00015674799, Final residual = 1.5338168e-06, No Iterations 4
time step continuity errors : sum local = 1.7269478e-05, global = 3.49249e-06, cumulative = -0.0023321143
smoothSolver:  Solving for omega, Initial residual = 0.00037692241, Final residual = 3.3419239e-06, No Iterations 2
smoothSolver:  Solving for k, Initial residual = 0.002798518, Final residual = 3.1708226e-05, No Iterations 2
ExecutionTime = 493.21438 s  ClockTime = 494 s

Time = 323s

smoothSolver:  Solving for Ux, Initial residual = 0.00094814923, Final residual = 1.4207804e-05, No Iterations 3
smoothSolver:  Solving for Uy, Initial residual = 0.0074910706, Final residual = 0.00011657628, No Iterations 3
smoothSolver:  Solving for Uz, Initial residual = 0.0082503231, Final residual = 0.00012906329, No Iterations 3
GAMG:  Solving for p, Initial residual = 0.007042897, Final residual = 4.4481218e-05, No Iterations 3
GAMG:  Solving for p, Initial residual = 0.00015386482, Final residual = 8.9445216e-07, No Iterations 5
time step continuity errors : sum local = 1.0055533e-05, global = -2.3725466e-06, cumulative = -0.0023344868
smoothSolver:  Solving for omega, Initial residual = 0.00037897305, Final residual = 3.255256e-06, No Iterations 2
smoothSolver:  Solving for k, Initial residual = 0.0027641902, Final residual = 3.1428092e-05, No Iterations 2
ExecutionTime = 494.49168 s  ClockTime = 495 s

Time = 324s

smoothSolver:  Solving for Ux, Initial residual = 0.00093632369, Final residual = 1.4036518e-05, No Iterations 3
smoothSolver:  Solving for Uy, Initial residual = 0.0074094505, Final residual = 0.00011548556, No Iterations 3
smoothSolver:  Solving for Uz, Initial residual = 0.0081521221, Final residual = 0.00012770683, No Iterations 3
GAMG:  Solving for p, Initial residual = 0.0069318746, Final residual = 4.3398298e-05, No Iterations 3
GAMG:  Solving for p, Initial residual = 0.00015072568, Final residual = 9.070394e-07, No Iterations 5
time step continuity errors : sum local = 1.0182357e-05, global = -2.4007134e-06, cumulative = -0.0023368875
smoothSolver:  Solving for omega, Initial residual = 0.00037335601, Final residual = 3.2122089e-06, No Iterations 2
smoothSolver:  Solving for k, Initial residual = 0.0027351256, Final residual = 3.1156222e-05, No Iterations 2
ExecutionTime = 495.85562 s  ClockTime = 496 s

Time = 325s

smoothSolver:  Solving for Ux, Initial residual = 0.00092477695, Final residual = 1.3867922e-05, No Iterations 3
smoothSolver:  Solving for Uy, Initial residual = 0.0073346473, Final residual = 0.00011449425, No Iterations 3
smoothSolver:  Solving for Uz, Initial residual = 0.0080598947, Final residual = 0.00012631324, No Iterations 3
GAMG:  Solving for p, Initial residual = 0.0068373894, Final residual = 4.270689e-05, No Iterations 3
GAMG:  Solving for p, Initial residual = 0.00014796861, Final residual = 9.1723159e-07, No Iterations 5
time step continuity errors : sum local = 1.028363e-05, global = -2.4333115e-06, cumulative = -0.0023393208
smoothSolver:  Solving for omega, Initial residual = 0.00037433824, Final residual = 3.3002952e-06, No Iterations 2
smoothSolver:  Solving for k, Initial residual = 0.0027027961, Final residual = 3.0862077e-05, No Iterations 2
ExecutionTime = 497.24779 s  ClockTime = 498 s

Time = 326s

smoothSolver:  Solving for Ux, Initial residual = 0.00091350951, Final residual = 1.3703653e-05, No Iterations 3
smoothSolver:  Solving for Uy, Initial residual = 0.0072622399, Final residual = 0.0001134999, No Iterations 3
smoothSolver:  Solving for Uz, Initial residual = 0.0079604021, Final residual = 0.0001249387, No Iterations 3
GAMG:  Solving for p, Initial residual = 0.0067455279, Final residual = 4.2013567e-05, No Iterations 3
GAMG:  Solving for p, Initial residual = 0.00014556929, Final residual = 9.1946618e-07, No Iterations 5
time step continuity errors : sum local = 1.0294847e-05, global = -2.4349193e-06, cumulative = -0.0023417557
smoothSolver:  Solving for omega, Initial residual = 0.00037316606, Final residual = 3.2669449e-06, No Iterations 2
smoothSolver:  Solving for k, Initial residual = 0.002671021, Final residual = 3.0535994e-05, No Iterations 2
ExecutionTime = 498.50874 s  ClockTime = 499 s

Time = 327s

smoothSolver:  Solving for Ux, Initial residual = 0.00090253278, Final residual = 1.3542594e-05, No Iterations 3
smoothSolver:  Solving for Uy, Initial residual = 0.0071886349, Final residual = 0.00011246693, No Iterations 3
smoothSolver:  Solving for Uz, Initial residual = 0.0078645138, Final residual = 0.00012362607, No Iterations 3
GAMG:  Solving for p, Initial residual = 0.0066695466, Final residual = 4.1386662e-05, No Iterations 3
GAMG:  Solving for p, Initial residual = 0.00014365609, Final residual = 9.0501393e-07, No Iterations 5
time step continuity errors : sum local = 1.0120654e-05, global = -2.3754805e-06, cumulative = -0.0023441312
smoothSolver:  Solving for omega, Initial residual = 0.00037413476, Final residual = 3.2163193e-06, No Iterations 2
smoothSolver:  Solving for k, Initial residual = 0.002641784, Final residual = 3.0279121e-05, No Iterations 2
ExecutionTime = 499.80772 s  ClockTime = 500 s

Time = 328s

smoothSolver:  Solving for Ux, Initial residual = 0.00089183068, Final residual = 1.3385759e-05, No Iterations 3
smoothSolver:  Solving for Uy, Initial residual = 0.0071179361, Final residual = 0.0001115193, No Iterations 3
smoothSolver:  Solving for Uz, Initial residual = 0.0077744497, Final residual = 0.00012226715, No Iterations 3
GAMG:  Solving for p, Initial residual = 0.006612496, Final residual = 4.088009e-05, No Iterations 3
GAMG:  Solving for p, Initial residual = 0.00014224734, Final residual = 8.8438486e-07, No Iterations 5
time step continuity errors : sum local = 9.8775866e-06, global = -2.2993277e-06, cumulative = -0.0023464306
smoothSolver:  Solving for omega, Initial residual = 0.00036957502, Final residual = 3.2671436e-06, No Iterations 2
smoothSolver:  Solving for k, Initial residual = 0.0026077558, Final residual = 2.9912046e-05, No Iterations 2
ExecutionTime = 501.04012 s  ClockTime = 501 s

Time = 329s

smoothSolver:  Solving for Ux, Initial residual = 0.00088124753, Final residual = 1.3233375e-05, No Iterations 3
smoothSolver:  Solving for Uy, Initial residual = 0.0070457927, Final residual = 0.00011049531, No Iterations 3
smoothSolver:  Solving for Uz, Initial residual = 0.0076857836, Final residual = 0.00012104233, No Iterations 3
GAMG:  Solving for p, Initial residual = 0.0065614783, Final residual = 4.0504709e-05, No Iterations 3
GAMG:  Solving for p, Initial residual = 0.00014136289, Final residual = 8.6322157e-07, No Iterations 5
time step continuity errors : sum local = 9.6310143e-06, global = -2.2199778e-06, cumulative = -0.0023486505
smoothSolver:  Solving for omega, Initial residual = 0.00037138297, Final residual = 3.2163373e-06, No Iterations 2
smoothSolver:  Solving for k, Initial residual = 0.0025824178, Final residual = 2.9802377e-05, No Iterations 2
ExecutionTime = 502.30055 s  ClockTime = 503 s

Time = 330s

smoothSolver:  Solving for Ux, Initial residual = 0.00087097169, Final residual = 1.3084849e-05, No Iterations 3
smoothSolver:  Solving for Uy, Initial residual = 0.006980431, Final residual = 0.000109511, No Iterations 3
smoothSolver:  Solving for Uz, Initial residual = 0.00760464, Final residual = 0.00011977225, No Iterations 3
GAMG:  Solving for p, Initial residual = 0.0065218048, Final residual = 4.0072208e-05, No Iterations 3
GAMG:  Solving for p, Initial residual = 0.0001408832, Final residual = 8.4847532e-07, No Iterations 5
time step continuity errors : sum local = 9.4576512e-06, global = -2.1671116e-06, cumulative = -0.0023508176
smoothSolver:  Solving for omega, Initial residual = 0.00036868114, Final residual = 3.2521815e-06, No Iterations 2
smoothSolver:  Solving for k, Initial residual = 0.0025509793, Final residual = 2.9383734e-05, No Iterations 2
ExecutionTime = 504.00759 s  ClockTime = 504 s

Time = 331s

smoothSolver:  Solving for Ux, Initial residual = 0.00086087263, Final residual = 1.2941759e-05, No Iterations 3
smoothSolver:  Solving for Uy, Initial residual = 0.0069066286, Final residual = 0.0001085017, No Iterations 3
smoothSolver:  Solving for Uz, Initial residual = 0.0075213266, Final residual = 0.00011861791, No Iterations 3
GAMG:  Solving for p, Initial residual = 0.0064798786, Final residual = 3.9925925e-05, No Iterations 3
GAMG:  Solving for p, Initial residual = 0.00014108036, Final residual = 8.3061215e-07, No Iterations 5
time step continuity errors : sum local = 9.2504948e-06, global = -2.111905e-06, cumulative = -0.0023529296
smoothSolver:  Solving for omega, Initial residual = 0.00037260732, Final residual = 3.2317224e-06, No Iterations 2
smoothSolver:  Solving for k, Initial residual = 0.002517329, Final residual = 2.9154212e-05, No Iterations 2
ExecutionTime = 505.73493 s  ClockTime = 506 s

Time = 332s

smoothSolver:  Solving for Ux, Initial residual = 0.00085102552, Final residual = 1.2803383e-05, No Iterations 3
smoothSolver:  Solving for Uy, Initial residual = 0.0068345987, Final residual = 0.00010747184, No Iterations 3
smoothSolver:  Solving for Uz, Initial residual = 0.0074463492, Final residual = 0.00011752816, No Iterations 3
GAMG:  Solving for p, Initial residual = 0.0064371525, Final residual = 3.9720057e-05, No Iterations 3
GAMG:  Solving for p, Initial residual = 0.00014196402, Final residual = 8.3051819e-07, No Iterations 5
time step continuity errors : sum local = 9.2434987e-06, global = -2.1132346e-06, cumulative = -0.0023550428
smoothSolver:  Solving for omega, Initial residual = 0.0003672237, Final residual = 3.2014121e-06, No Iterations 2
smoothSolver:  Solving for k, Initial residual = 0.002489808, Final residual = 2.8912412e-05, No Iterations 2
ExecutionTime = 507.63968 s  ClockTime = 508 s

Time = 333s

smoothSolver:  Solving for Ux, Initial residual = 0.00084141327, Final residual = 1.2670039e-05, No Iterations 3
smoothSolver:  Solving for Uy, Initial residual = 0.0067636187, Final residual = 0.00010646864, No Iterations 3
smoothSolver:  Solving for Uz, Initial residual = 0.0073784126, Final residual = 0.00011648978, No Iterations 3
GAMG:  Solving for p, Initial residual = 0.006398793, Final residual = 3.9806296e-05, No Iterations 3
GAMG:  Solving for p, Initial residual = 0.0001434886, Final residual = 8.2655884e-07, No Iterations 5
time step continuity errors : sum local = 9.1954271e-06, global = -2.1012527e-06, cumulative = -0.002357144
smoothSolver:  Solving for omega, Initial residual = 0.00036891184, Final residual = 3.212183e-06, No Iterations 2
smoothSolver:  Solving for k, Initial residual = 0.0024654419, Final residual = 2.8678442e-05, No Iterations 2
ExecutionTime = 509.85535 s  ClockTime = 510 s

Time = 334s

smoothSolver:  Solving for Ux, Initial residual = 0.00083223082, Final residual = 1.2540657e-05, No Iterations 3
smoothSolver:  Solving for Uy, Initial residual = 0.0066971899, Final residual = 0.00010553245, No Iterations 3
smoothSolver:  Solving for Uz, Initial residual = 0.0073152468, Final residual = 0.00011546597, No Iterations 3
GAMG:  Solving for p, Initial residual = 0.0063737517, Final residual = 3.9774946e-05, No Iterations 3
GAMG:  Solving for p, Initial residual = 0.00014501667, Final residual = 1.447875e-06, No Iterations 4
time step continuity errors : sum local = 1.6098562e-05, global = 3.2711128e-06, cumulative = -0.0023538729
smoothSolver:  Solving for omega, Initial residual = 0.00036865808, Final residual = 3.2727664e-06, No Iterations 2
smoothSolver:  Solving for k, Initial residual = 0.0024337113, Final residual = 2.8328268e-05, No Iterations 2
ExecutionTime = 511.79893 s  ClockTime = 512 s

Time = 335s

smoothSolver:  Solving for Ux, Initial residual = 0.00082326629, Final residual = 1.2412943e-05, No Iterations 3
smoothSolver:  Solving for Uy, Initial residual = 0.0066308877, Final residual = 0.00010459859, No Iterations 3
smoothSolver:  Solving for Uz, Initial residual = 0.0072575901, Final residual = 0.00011458791, No Iterations 3
GAMG:  Solving for p, Initial residual = 0.0063610887, Final residual = 3.9728158e-05, No Iterations 3
GAMG:  Solving for p, Initial residual = 0.00014562857, Final residual = 8.4756783e-07, No Iterations 5
time step continuity errors : sum local = 9.4194136e-06, global = -2.1749968e-06, cumulative = -0.0023560479
smoothSolver:  Solving for omega, Initial residual = 0.00037273134, Final residual = 3.1942686e-06, No Iterations 2
smoothSolver:  Solving for k, Initial residual = 0.0024067875, Final residual = 2.8143714e-05, No Iterations 2
ExecutionTime = 513.64246 s  ClockTime = 514 s

Time = 336s

smoothSolver:  Solving for Ux, Initial residual = 0.000814579, Final residual = 1.2286612e-05, No Iterations 3
smoothSolver:  Solving for Uy, Initial residual = 0.006568756, Final residual = 0.00010368605, No Iterations 3
smoothSolver:  Solving for Uz, Initial residual = 0.0072090452, Final residual = 0.00011374425, No Iterations 3
GAMG:  Solving for p, Initial residual = 0.0063453397, Final residual = 3.94954e-05, No Iterations 3
GAMG:  Solving for p, Initial residual = 0.00014577332, Final residual = 1.4462168e-06, No Iterations 4
time step continuity errors : sum local = 1.6066239e-05, global = 3.2606678e-06, cumulative = -0.0023527873
smoothSolver:  Solving for omega, Initial residual = 0.00036673643, Final residual = 3.1937546e-06, No Iterations 2
smoothSolver:  Solving for k, Initial residual = 0.0023765613, Final residual = 2.7744721e-05, No Iterations 2
bounding k, min: 2.031915e-16 max: 0.47830488 average: 0.06393424
ExecutionTime = 515.45137 s  ClockTime = 516 s

Time = 337s

smoothSolver:  Solving for Ux, Initial residual = 0.00080604074, Final residual = 1.2161221e-05, No Iterations 3
smoothSolver:  Solving for Uy, Initial residual = 0.0065074596, Final residual = 0.00010285303, No Iterations 3
smoothSolver:  Solving for Uz, Initial residual = 0.0071630009, Final residual = 0.00011296932, No Iterations 3
GAMG:  Solving for p, Initial residual = 0.0063237584, Final residual = 3.9719438e-05, No Iterations 3
GAMG:  Solving for p, Initial residual = 0.00014643434, Final residual = 8.439285e-07, No Iterations 5
time step continuity errors : sum local = 9.3705531e-06, global = -2.1581684e-06, cumulative = -0.0023549454
smoothSolver:  Solving for omega, Initial residual = 0.00036787092, Final residual = 3.2069719e-06, No Iterations 2
smoothSolver:  Solving for k, Initial residual = 0.0023460812, Final residual = 2.7517056e-05, No Iterations 2
bounding k, min: 1.8006713e-16 max: 0.47831316 average: 0.063886171
ExecutionTime = 517.10063 s  ClockTime = 518 s

Time = 338s

smoothSolver:  Solving for Ux, Initial residual = 0.00079781768, Final residual = 1.2037401e-05, No Iterations 3
smoothSolver:  Solving for Uy, Initial residual = 0.0064534938, Final residual = 0.00010207912, No Iterations 3
smoothSolver:  Solving for Uz, Initial residual = 0.0071232474, Final residual = 0.00011226317, No Iterations 3
GAMG:  Solving for p, Initial residual = 0.0063116116, Final residual = 3.9637001e-05, No Iterations 3
GAMG:  Solving for p, Initial residual = 0.00014672492, Final residual = 1.4458611e-06, No Iterations 4
time step continuity errors : sum local = 1.6043979e-05, global = 3.1969099e-06, cumulative = -0.0023517485
smoothSolver:  Solving for omega, Initial residual = 0.00036642143, Final residual = 3.2196832e-06, No Iterations 2
smoothSolver:  Solving for k, Initial residual = 0.002319718, Final residual = 2.7194598e-05, No Iterations 2
bounding k, min: 1.7277664e-16 max: 0.47830993 average: 0.063837086
ExecutionTime = 518.56288 s  ClockTime = 519 s

Time = 339s

smoothSolver:  Solving for Ux, Initial residual = 0.00078982217, Final residual = 1.1915116e-05, No Iterations 3
smoothSolver:  Solving for Uy, Initial residual = 0.0063999344, Final residual = 0.00010136488, No Iterations 3
smoothSolver:  Solving for Uz, Initial residual = 0.0070850175, Final residual = 0.00011159587, No Iterations 3
GAMG:  Solving for p, Initial residual = 0.006328533, Final residual = 3.967172e-05, No Iterations 3
GAMG:  Solving for p, Initial residual = 0.00014696052, Final residual = 8.4580638e-07, No Iterations 5
time step continuity errors : sum local = 9.3805382e-06, global = -2.1618578e-06, cumulative = -0.0023539104
smoothSolver:  Solving for omega, Initial residual = 0.00036915884, Final residual = 3.2027232e-06, No Iterations 2
smoothSolver:  Solving for k, Initial residual = 0.0022911569, Final residual = 2.6925801e-05, No Iterations 2
bounding k, min: 1.7042866e-16 max: 0.47829745 average: 0.063788165
ExecutionTime = 519.99692 s  ClockTime = 520 s

Time = 340s

smoothSolver:  Solving for Ux, Initial residual = 0.00078213914, Final residual = 1.1797034e-05, No Iterations 3
smoothSolver:  Solving for Uy, Initial residual = 0.0063520669, Final residual = 0.00010070826, No Iterations 3
smoothSolver:  Solving for Uz, Initial residual = 0.007051125, Final residual = 0.00011097528, No Iterations 3
GAMG:  Solving for p, Initial residual = 0.0063503676, Final residual = 3.9314505e-05, No Iterations 3
GAMG:  Solving for p, Initial residual = 0.00014689912, Final residual = 1.4436201e-06, No Iterations 4
time step continuity errors : sum local = 1.5997846e-05, global = 3.1211026e-06, cumulative = -0.0023507893
smoothSolver:  Solving for omega, Initial residual = 0.00036512764, Final residual = 3.2217189e-06, No Iterations 2
smoothSolver:  Solving for k, Initial residual = 0.0022664911, Final residual = 2.6644938e-05, No Iterations 2
bounding k, min: 1.7221308e-16 max: 0.47828563 average: 0.063739075
ExecutionTime = 521.40686 s  ClockTime = 522 s

Time = 341s

smoothSolver:  Solving for Ux, Initial residual = 0.00077459759, Final residual = 1.1680855e-05, No Iterations 3
smoothSolver:  Solving for Uy, Initial residual = 0.0063089303, Final residual = 0.00010011806, No Iterations 3
smoothSolver:  Solving for Uz, Initial residual = 0.0070180582, Final residual = 0.00011036169, No Iterations 3
GAMG:  Solving for p, Initial residual = 0.0063754936, Final residual = 3.9160009e-05, No Iterations 3
GAMG:  Solving for p, Initial residual = 0.00014711476, Final residual = 1.4633995e-06, No Iterations 4
time step continuity errors : sum local = 1.6206847e-05, global = 3.1350492e-06, cumulative = -0.0023476542
smoothSolver:  Solving for omega, Initial residual = 0.00036713449, Final residual = 3.1826113e-06, No Iterations 2
smoothSolver:  Solving for k, Initial residual = 0.0022385659, Final residual = 2.6318236e-05, No Iterations 2
bounding k, min: 1.5282966e-16 max: 0.47826542 average: 0.063690051
ExecutionTime = 523.07949 s  ClockTime = 524 s

Time = 342s

smoothSolver:  Solving for Ux, Initial residual = 0.0007674412, Final residual = 1.1569674e-05, No Iterations 3
smoothSolver:  Solving for Uy, Initial residual = 0.0062691742, Final residual = 9.9560324e-05, No Iterations 3
smoothSolver:  Solving for Uz, Initial residual = 0.0069864632, Final residual = 0.00010979371, No Iterations 3
GAMG:  Solving for p, Initial residual = 0.0063930066, Final residual = 3.8785827e-05, No Iterations 3
GAMG:  Solving for p, Initial residual = 0.0001473578, Final residual = 1.4342634e-06, No Iterations 4
time step continuity errors : sum local = 1.5871908e-05, global = 3.0460914e-06, cumulative = -0.0023446081
smoothSolver:  Solving for omega, Initial residual = 0.00036506685, Final residual = 3.145316e-06, No Iterations 2
smoothSolver:  Solving for k, Initial residual = 0.0022197297, Final residual = 2.6098976e-05, No Iterations 2
bounding k, min: 1.3913727e-16 max: 0.47823139 average: 0.063639979
ExecutionTime = 524.95429 s  ClockTime = 525 s

Time = 343s

smoothSolver:  Solving for Ux, Initial residual = 0.00076056245, Final residual = 1.1461812e-05, No Iterations 3
smoothSolver:  Solving for Uy, Initial residual = 0.006239789, Final residual = 9.907304e-05, No Iterations 3
smoothSolver:  Solving for Uz, Initial residual = 0.0069585024, Final residual = 0.00010916791, No Iterations 3
GAMG:  Solving for p, Initial residual = 0.0064086048, Final residual = 3.8797403e-05, No Iterations 3
GAMG:  Solving for p, Initial residual = 0.00014826897, Final residual = 1.4084606e-06, No Iterations 4
time step continuity errors : sum local = 1.5577218e-05, global = 2.9242361e-06, cumulative = -0.0023416839
smoothSolver:  Solving for omega, Initial residual = 0.00036820064, Final residual = 3.2488778e-06, No Iterations 2
smoothSolver:  Solving for k, Initial residual = 0.0021928392, Final residual = 2.5713889e-05, No Iterations 2
bounding k, min: 1.2952403e-16 max: 0.47818485 average: 0.063590118
ExecutionTime = 526.8188 s  ClockTime = 527 s

Time = 344s

smoothSolver:  Solving for Ux, Initial residual = 0.00075420056, Final residual = 1.1360723e-05, No Iterations 3
smoothSolver:  Solving for Uy, Initial residual = 0.0062065492, Final residual = 9.855894e-05, No Iterations 3
smoothSolver:  Solving for Uz, Initial residual = 0.0069271907, Final residual = 0.00010866534, No Iterations 3
GAMG:  Solving for p, Initial residual = 0.0064285665, Final residual = 3.8766332e-05, No Iterations 3
GAMG:  Solving for p, Initial residual = 0.00014950396, Final residual = 1.3832475e-06, No Iterations 4
time step continuity errors : sum local = 1.5285225e-05, global = 2.8147154e-06, cumulative = -0.0023388692
smoothSolver:  Solving for omega, Initial residual = 0.00036642019, Final residual = 3.1861725e-06, No Iterations 2
smoothSolver:  Solving for k, Initial residual = 0.002166983, Final residual = 2.5402548e-05, No Iterations 2
bounding k, min: 1.2291351e-16 max: 0.47813343 average: 0.063540364
ExecutionTime = 528.28034 s  ClockTime = 529 s

Time = 345s

smoothSolver:  Solving for Ux, Initial residual = 0.00074823848, Final residual = 1.1263557e-05, No Iterations 3
smoothSolver:  Solving for Uy, Initial residual = 0.0061768706, Final residual = 9.8097079e-05, No Iterations 3
smoothSolver:  Solving for Uz, Initial residual = 0.0068937835, Final residual = 0.00010807962, No Iterations 3
GAMG:  Solving for p, Initial residual = 0.0064549188, Final residual = 3.9016489e-05, No Iterations 3
GAMG:  Solving for p, Initial residual = 0.00015115265, Final residual = 1.3506303e-06, No Iterations 4
time step continuity errors : sum local = 1.491422e-05, global = 2.7073252e-06, cumulative = -0.0023361619
smoothSolver:  Solving for omega, Initial residual = 0.00036802291, Final residual = 3.1537726e-06, No Iterations 2
smoothSolver:  Solving for k, Initial residual = 0.0021424679, Final residual = 2.5097608e-05, No Iterations 2
bounding k, min: 1.1850971e-16 max: 0.47806837 average: 0.06349152
ExecutionTime = 529.55981 s  ClockTime = 530 s

Time = 346s

smoothSolver:  Solving for Ux, Initial residual = 0.00074271982, Final residual = 1.1173216e-05, No Iterations 3
smoothSolver:  Solving for Uy, Initial residual = 0.0061503918, Final residual = 9.764094e-05, No Iterations 3
smoothSolver:  Solving for Uz, Initial residual = 0.0068630732, Final residual = 0.00010750929, No Iterations 3
GAMG:  Solving for p, Initial residual = 0.0064735978, Final residual = 3.8965499e-05, No Iterations 3
GAMG:  Solving for p, Initial residual = 0.00015281472, Final residual = 1.3234726e-06, No Iterations 4
time step continuity errors : sum local = 1.4602044e-05, global = 2.5509601e-06, cumulative = -0.0023336109
smoothSolver:  Solving for omega, Initial residual = 0.00036539399, Final residual = 3.2123136e-06, No Iterations 2
smoothSolver:  Solving for k, Initial residual = 0.0021220131, Final residual = 2.4804171e-05, No Iterations 2
bounding k, min: 1.1577358e-16 max: 0.47799055 average: 0.063441714
ExecutionTime = 530.77685 s  ClockTime = 531 s

Time = 347s

smoothSolver:  Solving for Ux, Initial residual = 0.00073754937, Final residual = 1.108695e-05, No Iterations 3
smoothSolver:  Solving for Uy, Initial residual = 0.0061278914, Final residual = 9.7197285e-05, No Iterations 3
smoothSolver:  Solving for Uz, Initial residual = 0.0068299636, Final residual = 0.00010686165, No Iterations 3
GAMG:  Solving for p, Initial residual = 0.0064925079, Final residual = 3.8978823e-05, No Iterations 3
GAMG:  Solving for p, Initial residual = 0.00015498192, Final residual = 1.2906037e-06, No Iterations 4
time step continuity errors : sum local = 1.423112e-05, global = 2.5165057e-06, cumulative = -0.0023310944
smoothSolver:  Solving for omega, Initial residual = 0.00036853092, Final residual = 3.1675317e-06, No Iterations 2
smoothSolver:  Solving for k, Initial residual = 0.0020988275, Final residual = 2.4526411e-05, No Iterations 2
bounding k, min: 1.1423583e-16 max: 0.47789527 average: 0.063392676
ExecutionTime = 532.11645 s  ClockTime = 533 s

Time = 348s

smoothSolver:  Solving for Ux, Initial residual = 0.00073275285, Final residual = 1.1007461e-05, No Iterations 3
smoothSolver:  Solving for Uy, Initial residual = 0.0061044775, Final residual = 9.6707985e-05, No Iterations 3
smoothSolver:  Solving for Uz, Initial residual = 0.0067978347, Final residual = 0.00010626072, No Iterations 3
GAMG:  Solving for p, Initial residual = 0.0065078802, Final residual = 3.8926711e-05, No Iterations 3
GAMG:  Solving for p, Initial residual = 0.00015691607, Final residual = 1.2601556e-06, No Iterations 4
time step continuity errors : sum local = 1.3885041e-05, global = 2.4264202e-06, cumulative = -0.002328668
smoothSolver:  Solving for omega, Initial residual = 0.00036404683, Final residual = 3.145937e-06, No Iterations 2
smoothSolver:  Solving for k, Initial residual = 0.002081793, Final residual = 2.4260039e-05, No Iterations 2
bounding k, min: 1.1346352e-16 max: 0.47778718 average: 0.063343243
ExecutionTime = 533.4598 s  ClockTime = 534 s

Time = 349s

smoothSolver:  Solving for Ux, Initial residual = 0.00072825411, Final residual = 1.0931006e-05, No Iterations 3
smoothSolver:  Solving for Uy, Initial residual = 0.0060833681, Final residual = 9.6209426e-05, No Iterations 3
smoothSolver:  Solving for Uz, Initial residual = 0.0067635749, Final residual = 0.00010556271, No Iterations 3
GAMG:  Solving for p, Initial residual = 0.0065093936, Final residual = 3.869566e-05, No Iterations 3
GAMG:  Solving for p, Initial residual = 0.00015862938, Final residual = 1.2219395e-06, No Iterations 4
time step continuity errors : sum local = 1.3456299e-05, global = 2.3362302e-06, cumulative = -0.0023263317
smoothSolver:  Solving for omega, Initial residual = 0.00036656992, Final residual = 3.1943453e-06, No Iterations 2
smoothSolver:  Solving for k, Initial residual = 0.0020591953, Final residual = 2.3967525e-05, No Iterations 2
bounding k, min: 1.1323262e-16 max: 0.47766036 average: 0.063295146
ExecutionTime = 534.76309 s  ClockTime = 535 s

Time = 350s

smoothSolver:  Solving for Ux, Initial residual = 0.00072411792, Final residual = 1.0860991e-05, No Iterations 3
smoothSolver:  Solving for Uy, Initial residual = 0.0060590375, Final residual = 9.5673424e-05, No Iterations 3
smoothSolver:  Solving for Uz, Initial residual = 0.006728147, Final residual = 0.00010490805, No Iterations 3
GAMG:  Solving for p, Initial residual = 0.006484332, Final residual = 3.8264386e-05, No Iterations 3
GAMG:  Solving for p, Initial residual = 0.00016041714, Final residual = 1.1878386e-06, No Iterations 4
time step continuity errors : sum local = 1.3072741e-05, global = 2.1647187e-06, cumulative = -0.002324167
smoothSolver:  Solving for omega, Initial residual = 0.00036440287, Final residual = 3.1702835e-06, No Iterations 2
smoothSolver:  Solving for k, Initial residual = 0.0020416008, Final residual = 2.367044e-05, No Iterations 2
bounding k, min: 1.133409e-16 max: 0.47751123 average: 0.063246737
ExecutionTime = 536.06799 s  ClockTime = 536 s

Time = 351s

smoothSolver:  Solving for Ux, Initial residual = 0.00072016339, Final residual = 1.0793054e-05, No Iterations 3
smoothSolver:  Solving for Uy, Initial residual = 0.0060338617, Final residual = 9.5126573e-05, No Iterations 3
smoothSolver:  Solving for Uz, Initial residual = 0.0066929036, Final residual = 0.00010425374, No Iterations 3
GAMG:  Solving for p, Initial residual = 0.0064693561, Final residual = 3.813719e-05, No Iterations 3
GAMG:  Solving for p, Initial residual = 0.00016258885, Final residual = 1.1445516e-06, No Iterations 4
time step continuity errors : sum local = 1.259227e-05, global = 2.0622281e-06, cumulative = -0.0023221048
smoothSolver:  Solving for omega, Initial residual = 0.00036685235, Final residual = 3.123333e-06, No Iterations 2
smoothSolver:  Solving for k, Initial residual = 0.0020222008, Final residual = 2.344181e-05, No Iterations 2
bounding k, min: 1.1169533e-16 max: 0.47733663 average: 0.063199553
ExecutionTime = 537.39498 s  ClockTime = 538 s

Time = 352s

smoothSolver:  Solving for Ux, Initial residual = 0.00071660444, Final residual = 1.072883e-05, No Iterations 3
smoothSolver:  Solving for Uy, Initial residual = 0.0060075606, Final residual = 9.4541127e-05, No Iterations 3
smoothSolver:  Solving for Uz, Initial residual = 0.0066633549, Final residual = 0.00010363394, No Iterations 3
GAMG:  Solving for p, Initial residual = 0.0064499643, Final residual = 3.8004599e-05, No Iterations 3
GAMG:  Solving for p, Initial residual = 0.00016459386, Final residual = 1.0931519e-06, No Iterations 4
time step continuity errors : sum local = 1.2020209e-05, global = 1.8322297e-06, cumulative = -0.0023202726
smoothSolver:  Solving for omega, Initial residual = 0.00036378557, Final residual = 3.1362321e-06, No Iterations 2
smoothSolver:  Solving for k, Initial residual = 0.0020067542, Final residual = 2.3190309e-05, No Iterations 2
bounding k, min: 1.1111766e-16 max: 0.47714509 average: 0.06315168
ExecutionTime = 538.73555 s  ClockTime = 539 s

Time = 353s

smoothSolver:  Solving for Ux, Initial residual = 0.00071324151, Final residual = 1.0664064e-05, No Iterations 3
smoothSolver:  Solving for Uy, Initial residual = 0.0059800503, Final residual = 9.3950138e-05, No Iterations 3
smoothSolver:  Solving for Uz, Initial residual = 0.0066307159, Final residual = 0.00010294751, No Iterations 3
GAMG:  Solving for p, Initial residual = 0.0064363195, Final residual = 3.7996933e-05, No Iterations 3
GAMG:  Solving for p, Initial residual = 0.00016580242, Final residual = 1.0317153e-06, No Iterations 4
time step continuity errors : sum local = 1.1340612e-05, global = 1.6494711e-06, cumulative = -0.0023186231
smoothSolver:  Solving for omega, Initial residual = 0.00036766966, Final residual = 3.2317915e-06, No Iterations 2
smoothSolver:  Solving for k, Initial residual = 0.0019897863, Final residual = 2.2989422e-05, No Iterations 2
bounding k, min: 1.0944038e-16 max: 0.47693497 average: 0.063104315
ExecutionTime = 540.15094 s  ClockTime = 541 s

Time = 354s

smoothSolver:  Solving for Ux, Initial residual = 0.00071017323, Final residual = 1.0601531e-05, No Iterations 3
smoothSolver:  Solving for Uy, Initial residual = 0.0059509613, Final residual = 9.3307647e-05, No Iterations 3
smoothSolver:  Solving for Uz, Initial residual = 0.0066042733, Final residual = 0.00010231185, No Iterations 3
GAMG:  Solving for p, Initial residual = 0.0064335987, Final residual = 3.8240136e-05, No Iterations 3
GAMG:  Solving for p, Initial residual = 0.00016647534, Final residual = 9.7334143e-07, No Iterations 4
time step continuity errors : sum local = 1.0696276e-05, global = 1.4617355e-06, cumulative = -0.0023171614
smoothSolver:  Solving for omega, Initial residual = 0.00036528748, Final residual = 3.1635423e-06, No Iterations 2
smoothSolver:  Solving for k, Initial residual = 0.0019758572, Final residual = 2.2723102e-05, No Iterations 2
bounding k, min: 1.0841831e-16 max: 0.47671043 average: 0.0630579
ExecutionTime = 541.51624 s  ClockTime = 542 s

Time = 355s

smoothSolver:  Solving for Ux, Initial residual = 0.0007072677, Final residual = 1.0539974e-05, No Iterations 3
smoothSolver:  Solving for Uy, Initial residual = 0.0059239492, Final residual = 9.2650279e-05, No Iterations 3
smoothSolver:  Solving for Uz, Initial residual = 0.0065813121, Final residual = 0.00010172007, No Iterations 3
GAMG:  Solving for p, Initial residual = 0.0064267259, Final residual = 3.8815707e-05, No Iterations 3
GAMG:  Solving for p, Initial residual = 0.0001658858, Final residual = 9.1195779e-07, No Iterations 4
time step continuity errors : sum local = 1.0018575e-05, global = 1.2993377e-06, cumulative = -0.002315862
smoothSolver:  Solving for omega, Initial residual = 0.00036546058, Final residual = 3.1084929e-06, No Iterations 2
smoothSolver:  Solving for k, Initial residual = 0.0019603267, Final residual = 2.2540363e-05, No Iterations 2
bounding k, min: 1.0792172e-16 max: 0.47646408 average: 0.063011868
ExecutionTime = 542.98871 s  ClockTime = 543 s

Time = 356s

smoothSolver:  Solving for Ux, Initial residual = 0.00070466086, Final residual = 1.0480629e-05, No Iterations 3
smoothSolver:  Solving for Uy, Initial residual = 0.0058963264, Final residual = 9.1969052e-05, No Iterations 3
smoothSolver:  Solving for Uz, Initial residual = 0.006559357, Final residual = 0.00010113605, No Iterations 3
GAMG:  Solving for p, Initial residual = 0.0064116682, Final residual = 3.9259653e-05, No Iterations 3
GAMG:  Solving for p, Initial residual = 0.0001649282, Final residual = 8.9052347e-07, No Iterations 4
time step continuity errors : sum local = 9.7799495e-06, global = 1.2382438e-06, cumulative = -0.0023146238
smoothSolver:  Solving for omega, Initial residual = 0.00036234686, Final residual = 3.1380596e-06, No Iterations 2
smoothSolver:  Solving for k, Initial residual = 0.0019477093, Final residual = 2.2298709e-05, No Iterations 2
bounding k, min: 1.0787738e-16 max: 0.47621045 average: 0.062965991
ExecutionTime = 544.30554 s  ClockTime = 545 s

Time = 357s

smoothSolver:  Solving for Ux, Initial residual = 0.00070219311, Final residual = 1.0420569e-05, No Iterations 3
smoothSolver:  Solving for Uy, Initial residual = 0.0058678802, Final residual = 9.1282337e-05, No Iterations 3
smoothSolver:  Solving for Uz, Initial residual = 0.0065404382, Final residual = 0.00010059165, No Iterations 3
GAMG:  Solving for p, Initial residual = 0.0063987331, Final residual = 4.0032082e-05, No Iterations 3
GAMG:  Solving for p, Initial residual = 0.00016397281, Final residual = 8.5973254e-07, No Iterations 4
time step continuity errors : sum local = 9.4405525e-06, global = 1.388495e-06, cumulative = -0.0023132353
smoothSolver:  Solving for omega, Initial residual = 0.00036552316, Final residual = 3.1509243e-06, No Iterations 2
smoothSolver:  Solving for k, Initial residual = 0.0019364666, Final residual = 2.2158791e-05, No Iterations 2
bounding k, min: 1.0824901e-16 max: 0.47594647 average: 0.062920571
ExecutionTime = 545.52693 s  ClockTime = 546 s

Time = 358s

smoothSolver:  Solving for Ux, Initial residual = 0.00070002616, Final residual = 1.036237e-05, No Iterations 3
smoothSolver:  Solving for Uy, Initial residual = 0.0058404536, Final residual = 9.0564654e-05, No Iterations 3
smoothSolver:  Solving for Uz, Initial residual = 0.0065291569, Final residual = 0.00010006207, No Iterations 3
GAMG:  Solving for p, Initial residual = 0.0064031348, Final residual = 4.0306161e-05, No Iterations 3
GAMG:  Solving for p, Initial residual = 0.00016108071, Final residual = 8.436353e-07, No Iterations 4
time step continuity errors : sum local = 9.2611767e-06, global = 1.4166823e-06, cumulative = -0.0023118186
smoothSolver:  Solving for omega, Initial residual = 0.00036407845, Final residual = 3.1773427e-06, No Iterations 2
smoothSolver:  Solving for k, Initial residual = 0.001928566, Final residual = 2.1974819e-05, No Iterations 2
bounding k, min: 1.0902902e-16 max: 0.4756705 average: 0.062874912
ExecutionTime = 546.80835 s  ClockTime = 547 s

Time = 359s

smoothSolver:  Solving for Ux, Initial residual = 0.00069790856, Final residual = 1.0304465e-05, No Iterations 3
smoothSolver:  Solving for Uy, Initial residual = 0.0058139689, Final residual = 8.9908644e-05, No Iterations 3
smoothSolver:  Solving for Uz, Initial residual = 0.0065142414, Final residual = 9.9525703e-05, No Iterations 3
GAMG:  Solving for p, Initial residual = 0.0064056628, Final residual = 4.0919096e-05, No Iterations 3
GAMG:  Solving for p, Initial residual = 0.00015720814, Final residual = 8.3560906e-07, No Iterations 4
time step continuity errors : sum local = 9.1730236e-06, global = 1.5671101e-06, cumulative = -0.0023102515
smoothSolver:  Solving for omega, Initial residual = 0.00036747487, Final residual = 3.1419504e-06, No Iterations 2
smoothSolver:  Solving for k, Initial residual = 0.0019154869, Final residual = 2.1793539e-05, No Iterations 2
bounding k, min: 1.1023064e-16 max: 0.47538803 average: 0.062830801
ExecutionTime = 548.15969 s  ClockTime = 549 s

Time = 360s

smoothSolver:  Solving for Ux, Initial residual = 0.00069592763, Final residual = 1.0247787e-05, No Iterations 3
smoothSolver:  Solving for Uy, Initial residual = 0.0057854207, Final residual = 8.9226973e-05, No Iterations 3
smoothSolver:  Solving for Uz, Initial residual = 0.0065002337, Final residual = 9.9045127e-05, No Iterations 3
GAMG:  Solving for p, Initial residual = 0.0064001071, Final residual = 4.1119027e-05, No Iterations 3
GAMG:  Solving for p, Initial residual = 0.00015328086, Final residual = 8.4987313e-07, No Iterations 4
time step continuity errors : sum local = 9.3268531e-06, global = 1.8277816e-06, cumulative = -0.0023084237
smoothSolver:  Solving for omega, Initial residual = 0.00036277508, Final residual = 3.1205324e-06, No Iterations 2
smoothSolver:  Solving for k, Initial residual = 0.0019064548, Final residual = 2.1603932e-05, No Iterations 2
bounding k, min: 1.1191384e-16 max: 0.47510259 average: 0.062787088
ExecutionTime = 549.52837 s  ClockTime = 550 s

Time = 361s

smoothSolver:  Solving for Ux, Initial residual = 0.00069399241, Final residual = 1.0189599e-05, No Iterations 3
smoothSolver:  Solving for Uy, Initial residual = 0.0057571887, Final residual = 8.8570061e-05, No Iterations 3
smoothSolver:  Solving for Uz, Initial residual = 0.0064893098, Final residual = 9.8573616e-05, No Iterations 3
GAMG:  Solving for p, Initial residual = 0.0063996, Final residual = 4.1488929e-05, No Iterations 3
GAMG:  Solving for p, Initial residual = 0.00014954232, Final residual = 8.4176587e-07, No Iterations 4
time step continuity errors : sum local = 9.2375566e-06, global = 1.9461654e-06, cumulative = -0.0023064775
smoothSolver:  Solving for omega, Initial residual = 0.00036530707, Final residual = 3.1783255e-06, No Iterations 2
smoothSolver:  Solving for k, Initial residual = 0.0018968576, Final residual = 2.1490155e-05, No Iterations 2
bounding k, min: 1.1353555e-16 max: 0.47481327 average: 0.062743284
ExecutionTime = 550.84587 s  ClockTime = 551 s

Time = 362s

smoothSolver:  Solving for Ux, Initial residual = 0.00069214602, Final residual = 1.013259e-05, No Iterations 3
smoothSolver:  Solving for Uy, Initial residual = 0.0057325887, Final residual = 8.7884801e-05, No Iterations 3
smoothSolver:  Solving for Uz, Initial residual = 0.0064793801, Final residual = 9.8153741e-05, No Iterations 3
GAMG:  Solving for p, Initial residual = 0.0064007234, Final residual = 4.1561608e-05, No Iterations 3
GAMG:  Solving for p, Initial residual = 0.00014619181, Final residual = 8.5214538e-07, No Iterations 4
time step continuity errors : sum local = 9.3502509e-06, global = 2.058902e-06, cumulative = -0.0023044186
smoothSolver:  Solving for omega, Initial residual = 0.00036313754, Final residual = 3.1308019e-06, No Iterations 2
smoothSolver:  Solving for k, Initial residual = 0.0018943712, Final residual = 2.140131e-05, No Iterations 2
bounding k, min: 1.1320006e-16 max: 0.47452041 average: 0.062700448
ExecutionTime = 552.17629 s  ClockTime = 553 s

Time = 363s

smoothSolver:  Solving for Ux, Initial residual = 0.00069014173, Final residual = 1.0075748e-05, No Iterations 3
smoothSolver:  Solving for Uy, Initial residual = 0.0057076578, Final residual = 8.7278516e-05, No Iterations 3
smoothSolver:  Solving for Uz, Initial residual = 0.0064680401, Final residual = 9.7657201e-05, No Iterations 3
GAMG:  Solving for p, Initial residual = 0.0063752387, Final residual = 4.1717712e-05, No Iterations 3
GAMG:  Solving for p, Initial residual = 0.00014251695, Final residual = 8.686971e-07, No Iterations 4
time step continuity errors : sum local = 9.5326099e-06, global = 2.2011589e-06, cumulative = -0.0023022175
smoothSolver:  Solving for omega, Initial residual = 0.00036564863, Final residual = 3.0994373e-06, No Iterations 2
smoothSolver:  Solving for k, Initial residual = 0.0018874748, Final residual = 2.1249986e-05, No Iterations 2
bounding k, min: 1.1290187e-16 max: 0.47421596 average: 0.062658764
ExecutionTime = 553.50067 s  ClockTime = 554 s

Time = 364s

smoothSolver:  Solving for Ux, Initial residual = 0.00068803457, Final residual = 1.0019366e-05, No Iterations 3
smoothSolver:  Solving for Uy, Initial residual = 0.0056818599, Final residual = 8.6638797e-05, No Iterations 3
smoothSolver:  Solving for Uz, Initial residual = 0.0064516091, Final residual = 9.7222166e-05, No Iterations 3
GAMG:  Solving for p, Initial residual = 0.0063580927, Final residual = 4.1676291e-05, No Iterations 3
GAMG:  Solving for p, Initial residual = 0.00013879148, Final residual = 8.5371558e-07, No Iterations 4
time step continuity errors : sum local = 9.3668617e-06, global = 2.0953173e-06, cumulative = -0.0023001222
smoothSolver:  Solving for omega, Initial residual = 0.0003628596, Final residual = 3.1738317e-06, No Iterations 2
smoothSolver:  Solving for k, Initial residual = 0.0018791098, Final residual = 2.1066846e-05, No Iterations 2
bounding k, min: 1.1269755e-16 max: 0.47391275 average: 0.062617825
ExecutionTime = 554.83794 s  ClockTime = 555 s

Time = 365s

smoothSolver:  Solving for Ux, Initial residual = 0.00068588875, Final residual = 9.9642374e-06, No Iterations 3
smoothSolver:  Solving for Uy, Initial residual = 0.0056581108, Final residual = 8.6123053e-05, No Iterations 3
smoothSolver:  Solving for Uz, Initial residual = 0.0064341801, Final residual = 9.6710092e-05, No Iterations 3
GAMG:  Solving for p, Initial residual = 0.0063308891, Final residual = 4.1780719e-05, No Iterations 3
GAMG:  Solving for p, Initial residual = 0.00013557631, Final residual = 8.9523312e-07, No Iterations 4
time step continuity errors : sum local = 9.8222471e-06, global = 2.1111863e-06, cumulative = -0.002298011
smoothSolver:  Solving for omega, Initial residual = 0.00036627853, Final residual = 3.1854821e-06, No Iterations 2
smoothSolver:  Solving for k, Initial residual = 0.0018746041, Final residual = 2.1020476e-05, No Iterations 2
bounding k, min: 1.1281389e-16 max: 0.47361101 average: 0.062577865
ExecutionTime = 556.14595 s  ClockTime = 557 s

Time = 366s

smoothSolver:  Solving for Ux, Initial residual = 0.00068377169, Final residual = 9.909494e-06, No Iterations 3
smoothSolver:  Solving for Uy, Initial residual = 0.0056371733, Final residual = 8.5652857e-05, No Iterations 3
smoothSolver:  Solving for Uz, Initial residual = 0.0064137462, Final residual = 9.6215544e-05, No Iterations 3
GAMG:  Solving for p, Initial residual = 0.0063008808, Final residual = 4.1517094e-05, No Iterations 3
GAMG:  Solving for p, Initial residual = 0.00013263136, Final residual = 9.0765894e-07, No Iterations 4
time step continuity errors : sum local = 9.9582571e-06, global = 2.0908375e-06, cumulative = -0.0022959201
smoothSolver:  Solving for omega, Initial residual = 0.0003637055, Final residual = 3.1408231e-06, No Iterations 2
smoothSolver:  Solving for k, Initial residual = 0.0018692045, Final residual = 2.087023e-05, No Iterations 2
bounding k, min: 1.1289749e-16 max: 0.47330708 average: 0.062538204
ExecutionTime = 557.81974 s  ClockTime = 558 s

Time = 367s

smoothSolver:  Solving for Ux, Initial residual = 0.00068142829, Final residual = 9.8548402e-06, No Iterations 3
smoothSolver:  Solving for Uy, Initial residual = 0.0056175072, Final residual = 8.5233577e-05, No Iterations 3
smoothSolver:  Solving for Uz, Initial residual = 0.0063879524, Final residual = 9.5645536e-05, No Iterations 3
GAMG:  Solving for p, Initial residual = 0.0062598946, Final residual = 4.1165195e-05, No Iterations 3
GAMG:  Solving for p, Initial residual = 0.00013021175, Final residual = 9.2396447e-07, No Iterations 4
time step continuity errors : sum local = 1.0137391e-05, global = 2.0395888e-06, cumulative = -0.0022938805
smoothSolver:  Solving for omega, Initial residual = 0.00036462709, Final residual = 3.1142766e-06, No Iterations 2
smoothSolver:  Solving for k, Initial residual = 0.0018624787, Final residual = 2.0759451e-05, No Iterations 2
bounding k, min: 1.130562e-16 max: 0.47299403 average: 0.062500313
ExecutionTime = 559.85089 s  ClockTime = 560 s

Time = 368s

smoothSolver:  Solving for Ux, Initial residual = 0.00067903038, Final residual = 9.8005333e-06, No Iterations 3
smoothSolver:  Solving for Uy, Initial residual = 0.0056010785, Final residual = 8.480455e-05, No Iterations 3
smoothSolver:  Solving for Uz, Initial residual = 0.0063616345, Final residual = 9.5079479e-05, No Iterations 3
GAMG:  Solving for p, Initial residual = 0.0062263545, Final residual = 4.0476264e-05, No Iterations 3
GAMG:  Solving for p, Initial residual = 0.00012815022, Final residual = 9.7088504e-07, No Iterations 4
time step continuity errors : sum local = 1.0652968e-05, global = 1.9121048e-06, cumulative = -0.0022919684
smoothSolver:  Solving for omega, Initial residual = 0.00036124207, Final residual = 3.111479e-06, No Iterations 2
smoothSolver:  Solving for k, Initial residual = 0.0018592003, Final residual = 2.0689233e-05, No Iterations 2
bounding k, min: 1.1360116e-16 max: 0.47268036 average: 0.062462796
ExecutionTime = 561.38033 s  ClockTime = 562 s

Time = 369s

smoothSolver:  Solving for Ux, Initial residual = 0.00067650517, Final residual = 9.7453659e-06, No Iterations 3
smoothSolver:  Solving for Uy, Initial residual = 0.0055850752, Final residual = 8.4424929e-05, No Iterations 3
smoothSolver:  Solving for Uz, Initial residual = 0.0063319266, Final residual = 9.4403997e-05, No Iterations 3
GAMG:  Solving for p, Initial residual = 0.0061876468, Final residual = 4.0085656e-05, No Iterations 3
GAMG:  Solving for p, Initial residual = 0.00012644476, Final residual = 9.9665451e-07, No Iterations 4
time step continuity errors : sum local = 1.0939062e-05, global = 1.9121752e-06, cumulative = -0.0022900563
smoothSolver:  Solving for omega, Initial residual = 0.00036465076, Final residual = 3.1619303e-06, No Iterations 2
smoothSolver:  Solving for k, Initial residual = 0.0018529202, Final residual = 2.0559422e-05, No Iterations 2
bounding k, min: 1.1443342e-16 max: 0.47236312 average: 0.062427369
ExecutionTime = 562.83578 s  ClockTime = 563 s

Time = 370s

smoothSolver:  Solving for Ux, Initial residual = 0.00067387309, Final residual = 9.6921574e-06, No Iterations 3
smoothSolver:  Solving for Uy, Initial residual = 0.0055694529, Final residual = 8.4074572e-05, No Iterations 3
smoothSolver:  Solving for Uz, Initial residual = 0.0062967063, Final residual = 9.3727241e-05, No Iterations 3
GAMG:  Solving for p, Initial residual = 0.0061497528, Final residual = 3.9706333e-05, No Iterations 3
GAMG:  Solving for p, Initial residual = 0.00012507156, Final residual = 1.0182919e-06, No Iterations 4
time step continuity errors : sum local = 1.1179036e-05, global = 1.886767e-06, cumulative = -0.0022881695
smoothSolver:  Solving for omega, Initial residual = 0.00036433392, Final residual = 3.2121781e-06, No Iterations 2
smoothSolver:  Solving for k, Initial residual = 0.0018473756, Final residual = 2.0432701e-05, No Iterations 2
bounding k, min: 1.1545789e-16 max: 0.47200894 average: 0.062391935
ExecutionTime = 564.11743 s  ClockTime = 565 s

Time = 371s

smoothSolver:  Solving for Ux, Initial residual = 0.00067117878, Final residual = 9.6394865e-06, No Iterations 3
smoothSolver:  Solving for Uy, Initial residual = 0.0055587805, Final residual = 8.3758004e-05, No Iterations 3
smoothSolver:  Solving for Uz, Initial residual = 0.0062597558, Final residual = 9.2982006e-05, No Iterations 3
GAMG:  Solving for p, Initial residual = 0.0061376135, Final residual = 3.9418654e-05, No Iterations 3
GAMG:  Solving for p, Initial residual = 0.00012386298, Final residual = 1.0319111e-06, No Iterations 4
time step continuity errors : sum local = 1.1332834e-05, global = 1.8267092e-06, cumulative = -0.0022863428
smoothSolver:  Solving for omega, Initial residual = 0.00036597896, Final residual = 3.1401654e-06, No Iterations 2
smoothSolver:  Solving for k, Initial residual = 0.0018419327, Final residual = 2.0377709e-05, No Iterations 2
bounding k, min: 1.1677803e-16 max: 0.47160458 average: 0.062358437
ExecutionTime = 565.45199 s  ClockTime = 566 s

Time = 372s

smoothSolver:  Solving for Ux, Initial residual = 0.00066851283, Final residual = 9.5874419e-06, No Iterations 3
smoothSolver:  Solving for Uy, Initial residual = 0.0055467215, Final residual = 8.3431644e-05, No Iterations 3
smoothSolver:  Solving for Uz, Initial residual = 0.0062181896, Final residual = 9.2222207e-05, No Iterations 3
GAMG:  Solving for p, Initial residual = 0.0061293909, Final residual = 3.8945359e-05, No Iterations 3
GAMG:  Solving for p, Initial residual = 0.00012278886, Final residual = 1.0313339e-06, No Iterations 4
time step continuity errors : sum local = 1.1331109e-05, global = 1.7725867e-06, cumulative = -0.0022845702
smoothSolver:  Solving for omega, Initial residual = 0.00036255324, Final residual = 3.0999623e-06, No Iterations 2
smoothSolver:  Solving for k, Initial residual = 0.0018369171, Final residual = 2.0230205e-05, No Iterations 2
bounding k, min: 1.1832988e-16 max: 0.47116628 average: 0.062325083
ExecutionTime = 566.79354 s  ClockTime = 567 s

Time = 373s

smoothSolver:  Solving for Ux, Initial residual = 0.00066575354, Final residual = 9.5357948e-06, No Iterations 3
smoothSolver:  Solving for Uy, Initial residual = 0.0055375625, Final residual = 8.3119992e-05, No Iterations 3
smoothSolver:  Solving for Uz, Initial residual = 0.0061744306, Final residual = 9.1401044e-05, No Iterations 3
GAMG:  Solving for p, Initial residual = 0.0061365063, Final residual = 3.8653414e-05, No Iterations 3
GAMG:  Solving for p, Initial residual = 0.00012191005, Final residual = 1.0322558e-06, No Iterations 4
time step continuity errors : sum local = 1.1346518e-05, global = 1.7527201e-06, cumulative = -0.0022828175
smoothSolver:  Solving for omega, Initial residual = 0.00036466963, Final residual = 3.1701622e-06, No Iterations 2
smoothSolver:  Solving for k, Initial residual = 0.0018326181, Final residual = 2.0210436e-05, No Iterations 2
bounding k, min: 1.2008931e-16 max: 0.47070112 average: 0.062293655
ExecutionTime = 568.1927 s  ClockTime = 569 s

Time = 374s

smoothSolver:  Solving for Ux, Initial residual = 0.00066297705, Final residual = 9.484767e-06, No Iterations 3
smoothSolver:  Solving for Uy, Initial residual = 0.0055316762, Final residual = 8.282142e-05, No Iterations 3
smoothSolver:  Solving for Uz, Initial residual = 0.0061296423, Final residual = 9.0589211e-05, No Iterations 3
GAMG:  Solving for p, Initial residual = 0.0061584854, Final residual = 3.8345409e-05, No Iterations 3
GAMG:  Solving for p, Initial residual = 0.00012139707, Final residual = 1.0187029e-06, No Iterations 4
time step continuity errors : sum local = 1.1203879e-05, global = 1.7048925e-06, cumulative = -0.0022811126
smoothSolver:  Solving for omega, Initial residual = 0.00036283639, Final residual = 3.1120024e-06, No Iterations 2
smoothSolver:  Solving for k, Initial residual = 0.0018273914, Final residual = 2.002541e-05, No Iterations 2
bounding k, min: 1.2206128e-16 max: 0.47020743 average: 0.062261687
ExecutionTime = 569.52301 s  ClockTime = 570 s

Time = 375s

smoothSolver:  Solving for Ux, Initial residual = 0.00066019886, Final residual = 9.4353667e-06, No Iterations 3
smoothSolver:  Solving for Uy, Initial residual = 0.0055238084, Final residual = 8.2455708e-05, No Iterations 3
smoothSolver:  Solving for Uz, Initial residual = 0.0060780464, Final residual = 8.9687676e-05, No Iterations 3
GAMG:  Solving for p, Initial residual = 0.0061888714, Final residual = 3.8304211e-05, No Iterations 3
GAMG:  Solving for p, Initial residual = 0.00012133772, Final residual = 9.9374363e-07, No Iterations 4
time step continuity errors : sum local = 1.0934944e-05, global = 1.5971549e-06, cumulative = -0.0022795154
smoothSolver:  Solving for omega, Initial residual = 0.00036500389, Final residual = 3.1020337e-06, No Iterations 2
smoothSolver:  Solving for k, Initial residual = 0.0018207733, Final residual = 1.9973942e-05, No Iterations 2
bounding k, min: 1.2417578e-16 max: 0.46968723 average: 0.062231695
ExecutionTime = 570.86586 s  ClockTime = 571 s

Time = 376s

smoothSolver:  Solving for Ux, Initial residual = 0.00065735027, Final residual = 9.385105e-06, No Iterations 3
smoothSolver:  Solving for Uy, Initial residual = 0.0055169197, Final residual = 8.2108168e-05, No Iterations 3
smoothSolver:  Solving for Uz, Initial residual = 0.0060252569, Final residual = 8.8797668e-05, No Iterations 3
GAMG:  Solving for p, Initial residual = 0.0062223595, Final residual = 3.8524728e-05, No Iterations 3
GAMG:  Solving for p, Initial residual = 0.00012179437, Final residual = 9.9176651e-07, No Iterations 4
time step continuity errors : sum local = 1.0917946e-05, global = 1.5979158e-06, cumulative = -0.0022779175
smoothSolver:  Solving for omega, Initial residual = 0.00036180567, Final residual = 3.1341773e-06, No Iterations 2
smoothSolver:  Solving for k, Initial residual = 0.0018189198, Final residual = 1.9897646e-05, No Iterations 2
bounding k, min: 1.2636746e-16 max: 0.46914001 average: 0.062201651
ExecutionTime = 572.2235 s  ClockTime = 573 s

Time = 377s

smoothSolver:  Solving for Ux, Initial residual = 0.0006544339, Final residual = 9.3354139e-06, No Iterations 3
smoothSolver:  Solving for Uy, Initial residual = 0.0055111208, Final residual = 8.1678227e-05, No Iterations 3
smoothSolver:  Solving for Uz, Initial residual = 0.0059691631, Final residual = 8.7854024e-05, No Iterations 3
GAMG:  Solving for p, Initial residual = 0.0062578566, Final residual = 3.8941167e-05, No Iterations 3
GAMG:  Solving for p, Initial residual = 0.00012236859, Final residual = 9.578292e-07, No Iterations 4
time step continuity errors : sum local = 1.055162e-05, global = 1.3596021e-06, cumulative = -0.0022765579
smoothSolver:  Solving for omega, Initial residual = 0.00036702548, Final residual = 3.1946519e-06, No Iterations 2
smoothSolver:  Solving for k, Initial residual = 0.0018111514, Final residual = 1.9773074e-05, No Iterations 2
bounding k, min: 1.2867001e-16 max: 0.46856065 average: 0.062173275
ExecutionTime = 573.69031 s  ClockTime = 574 s

Time = 378s

smoothSolver:  Solving for Ux, Initial residual = 0.0006515105, Final residual = 9.2862642e-06, No Iterations 3
smoothSolver:  Solving for Uy, Initial residual = 0.0055002663, Final residual = 8.12763e-05, No Iterations 3
smoothSolver:  Solving for Uz, Initial residual = 0.0059097013, Final residual = 8.6844561e-05, No Iterations 3
GAMG:  Solving for p, Initial residual = 0.0062964184, Final residual = 3.9412859e-05, No Iterations 3
GAMG:  Solving for p, Initial residual = 0.00012303468, Final residual = 9.8341443e-07, No Iterations 4
time step continuity errors : sum local = 1.083948e-05, global = 1.4998744e-06, cumulative = -0.002275058
smoothSolver:  Solving for omega, Initial residual = 0.00036468942, Final residual = 3.1653294e-06, No Iterations 2
smoothSolver:  Solving for k, Initial residual = 0.0018064624, Final residual = 1.9628906e-05, No Iterations 2
bounding k, min: 1.3087128e-16 max: 0.46794884 average: 0.062144316
ExecutionTime = 575.4455 s  ClockTime = 576 s

Time = 379s

smoothSolver:  Solving for Ux, Initial residual = 0.00064834051, Final residual = 9.2362473e-06, No Iterations 3
smoothSolver:  Solving for Uy, Initial residual = 0.0054891954, Final residual = 8.087033e-05, No Iterations 3
smoothSolver:  Solving for Uz, Initial residual = 0.0058452651, Final residual = 8.5862106e-05, No Iterations 3
GAMG:  Solving for p, Initial residual = 0.0063409347, Final residual = 3.9745193e-05, No Iterations 3
GAMG:  Solving for p, Initial residual = 0.00012319582, Final residual = 9.3757696e-07, No Iterations 4
time step continuity errors : sum local = 1.033829e-05, global = 9.9265646e-07, cumulative = -0.0022740654
smoothSolver:  Solving for omega, Initial residual = 0.00036350581, Final residual = 3.1319046e-06, No Iterations 2
smoothSolver:  Solving for k, Initial residual = 0.0017988947, Final residual = 1.9540455e-05, No Iterations 2
bounding k, min: 1.329797e-16 max: 0.46730964 average: 0.062116329
ExecutionTime = 577.15767 s  ClockTime = 578 s

Time = 380s

smoothSolver:  Solving for Ux, Initial residual = 0.00064526578, Final residual = 9.1872822e-06, No Iterations 3
smoothSolver:  Solving for Uy, Initial residual = 0.0054767949, Final residual = 8.0458651e-05, No Iterations 3
smoothSolver:  Solving for Uz, Initial residual = 0.0057802357, Final residual = 8.4876679e-05, No Iterations 3
GAMG:  Solving for p, Initial residual = 0.0063673646, Final residual = 3.9959459e-05, No Iterations 3
GAMG:  Solving for p, Initial residual = 0.00012328814, Final residual = 9.4082241e-07, No Iterations 4
time step continuity errors : sum local = 1.0378208e-05, global = 1.0242388e-06, cumulative = -0.0022730411
smoothSolver:  Solving for omega, Initial residual = 0.00036035531, Final residual = 3.0608537e-06, No Iterations 2
smoothSolver:  Solving for k, Initial residual = 0.0017882504, Final residual = 1.9321544e-05, No Iterations 2
bounding k, min: 1.3495889e-16 max: 0.46664707 average: 0.062088845
ExecutionTime = 578.92606 s  ClockTime = 579 s

Time = 381s

smoothSolver:  Solving for Ux, Initial residual = 0.00064209213, Final residual = 9.1398164e-06, No Iterations 3
smoothSolver:  Solving for Uy, Initial residual = 0.0054616495, Final residual = 8.0045238e-05, No Iterations 3
smoothSolver:  Solving for Uz, Initial residual = 0.0057112979, Final residual = 8.3972192e-05, No Iterations 3
GAMG:  Solving for p, Initial residual = 0.0063892336, Final residual = 3.9956779e-05, No Iterations 3
GAMG:  Solving for p, Initial residual = 0.0001230423, Final residual = 9.1652095e-07, No Iterations 4
time step continuity errors : sum local = 1.0115273e-05, global = 5.058974e-07, cumulative = -0.0022725353
smoothSolver:  Solving for omega, Initial residual = 0.00036458535, Final residual = 3.121442e-06, No Iterations 2
smoothSolver:  Solving for k, Initial residual = 0.001778558, Final residual = 1.9267013e-05, No Iterations 2
bounding k, min: 1.3680832e-16 max: 0.4659632 average: 0.062062468
ExecutionTime = 580.975 s  ClockTime = 581 s

Time = 382s

smoothSolver:  Solving for Ux, Initial residual = 0.00063888227, Final residual = 9.0939544e-06, No Iterations 3
smoothSolver:  Solving for Uy, Initial residual = 0.0054500154, Final residual = 7.9649547e-05, No Iterations 3
smoothSolver:  Solving for Uz, Initial residual = 0.005646045, Final residual = 8.3128944e-05, No Iterations 3
GAMG:  Solving for p, Initial residual = 0.0064062788, Final residual = 3.99327e-05, No Iterations 3
GAMG:  Solving for p, Initial residual = 0.00012257825, Final residual = 8.9443623e-07, No Iterations 4
time step continuity errors : sum local = 9.8757958e-06, global = 3.9777393e-07, cumulative = -0.0022721375
smoothSolver:  Solving for omega, Initial residual = 0.00036314256, Final residual = 3.1756033e-06, No Iterations 2
smoothSolver:  Solving for k, Initial residual = 0.0017707789, Final residual = 1.9081588e-05, No Iterations 2
bounding k, min: 1.3850382e-16 max: 0.46525479 average: 0.062035773
ExecutionTime = 582.82897 s  ClockTime = 583 s

Time = 383s

smoothSolver:  Solving for Ux, Initial residual = 0.00063567267, Final residual = 9.049756e-06, No Iterations 3
smoothSolver:  Solving for Uy, Initial residual = 0.0054330548, Final residual = 7.9191515e-05, No Iterations 3
smoothSolver:  Solving for Uz, Initial residual = 0.0055781526, Final residual = 8.2311339e-05, No Iterations 3
GAMG:  Solving for p, Initial residual = 0.0064236163, Final residual = 3.9849841e-05, No Iterations 3
GAMG:  Solving for p, Initial residual = 0.00012177699, Final residual = 8.8207791e-07, No Iterations 4
time step continuity errors : sum local = 9.7444019e-06, global = 6.4430023e-08, cumulative = -0.002272073
smoothSolver:  Solving for omega, Initial residual = 0.00036375382, Final residual = 3.0951522e-06, No Iterations 2
smoothSolver:  Solving for k, Initial residual = 0.0017590295, Final residual = 1.8989967e-05, No Iterations 2
bounding k, min: 1.4001611e-16 max: 0.4645281 average: 0.062009932
ExecutionTime = 584.60379 s  ClockTime = 585 s

Time = 384s

smoothSolver:  Solving for Ux, Initial residual = 0.00063250658, Final residual = 9.0097964e-06, No Iterations 3
smoothSolver:  Solving for Uy, Initial residual = 0.0054160845, Final residual = 7.8768573e-05, No Iterations 3
smoothSolver:  Solving for Uz, Initial residual = 0.0055103046, Final residual = 8.1505994e-05, No Iterations 3
GAMG:  Solving for p, Initial residual = 0.0064192595, Final residual = 3.9527894e-05, No Iterations 3
GAMG:  Solving for p, Initial residual = 0.00012095639, Final residual = 8.567459e-07, No Iterations 4
time step continuity errors : sum local = 9.4695989e-06, global = -3.6360466e-08, cumulative = -0.0022721094
smoothSolver:  Solving for omega, Initial residual = 0.00035990367, Final residual = 3.0663015e-06, No Iterations 2
smoothSolver:  Solving for k, Initial residual = 0.001750116, Final residual = 1.8857897e-05, No Iterations 2
bounding k, min: 1.3984715e-16 max: 0.46378263 average: 0.061984375
ExecutionTime = 586.31159 s  ClockTime = 587 s

Time = 385s

smoothSolver:  Solving for Ux, Initial residual = 0.00062914679, Final residual = 8.973334e-06, No Iterations 3
smoothSolver:  Solving for Uy, Initial residual = 0.0053958515, Final residual = 7.8295733e-05, No Iterations 3
smoothSolver:  Solving for Uz, Initial residual = 0.0054431185, Final residual = 8.0784338e-05, No Iterations 3
GAMG:  Solving for p, Initial residual = 0.0063949036, Final residual = 3.9189788e-05, No Iterations 3
GAMG:  Solving for p, Initial residual = 0.00012052186, Final residual = 8.3725851e-07, No Iterations 4
time step continuity errors : sum local = 9.2600098e-06, global = -4.2019725e-08, cumulative = -0.0022721514
smoothSolver:  Solving for omega, Initial residual = 0.00036311896, Final residual = 3.0992893e-06, No Iterations 2
smoothSolver:  Solving for k, Initial residual = 0.0017386466, Final residual = 1.8758876e-05, No Iterations 2
bounding k, min: 1.2631554e-16 max: 0.46302454 average: 0.061960153
ExecutionTime = 588.04416 s  ClockTime = 588 s

Time = 386s

smoothSolver:  Solving for Ux, Initial residual = 0.00062603263, Final residual = 8.9406006e-06, No Iterations 3
smoothSolver:  Solving for Uy, Initial residual = 0.005374438, Final residual = 7.7875973e-05, No Iterations 3
smoothSolver:  Solving for Uz, Initial residual = 0.0053788265, Final residual = 8.0080709e-05, No Iterations 3
GAMG:  Solving for p, Initial residual = 0.0063772628, Final residual = 3.8828388e-05, No Iterations 3
GAMG:  Solving for p, Initial residual = 0.00012085018, Final residual = 8.1845786e-07, No Iterations 4
time step continuity errors : sum local = 9.0579432e-06, global = 1.6530425e-07, cumulative = -0.0022719861
smoothSolver:  Solving for omega, Initial residual = 0.0003610618, Final residual = 3.0707134e-06, No Iterations 2
smoothSolver:  Solving for k, Initial residual = 0.0017294404, Final residual = 1.8616533e-05, No Iterations 2
bounding k, min: 1.2203863e-16 max: 0.46225186 average: 0.061935705
ExecutionTime = 589.36907 s  ClockTime = 590 s

Time = 387s

smoothSolver:  Solving for Ux, Initial residual = 0.00062292383, Final residual = 8.9100503e-06, No Iterations 3
smoothSolver:  Solving for Uy, Initial residual = 0.0053519209, Final residual = 7.7470806e-05, No Iterations 3
smoothSolver:  Solving for Uz, Initial residual = 0.0053161852, Final residual = 7.9409064e-05, No Iterations 3
GAMG:  Solving for p, Initial residual = 0.0063602034, Final residual = 3.8513578e-05, No Iterations 3
GAMG:  Solving for p, Initial residual = 0.00012144909, Final residual = 8.0884876e-07, No Iterations 4
time step continuity errors : sum local = 8.9605875e-06, global = 1.924256e-07, cumulative = -0.0022717937
smoothSolver:  Solving for omega, Initial residual = 0.00036296875, Final residual = 3.0743822e-06, No Iterations 2
smoothSolver:  Solving for k, Initial residual = 0.0017186273, Final residual = 1.8565318e-05, No Iterations 2
bounding k, min: 1.2243607e-16 max: 0.46147711 average: 0.061911447
ExecutionTime = 590.56614 s  ClockTime = 591 s

Time = 388s

smoothSolver:  Solving for Ux, Initial residual = 0.00061991093, Final residual = 8.8816241e-06, No Iterations 3
smoothSolver:  Solving for Uy, Initial residual = 0.0053299277, Final residual = 7.7075933e-05, No Iterations 3
smoothSolver:  Solving for Uz, Initial residual = 0.0052579753, Final residual = 7.8752137e-05, No Iterations 3
GAMG:  Solving for p, Initial residual = 0.0063477073, Final residual = 3.8223352e-05, No Iterations 3
GAMG:  Solving for p, Initial residual = 0.00012230703, Final residual = 8.0633224e-07, No Iterations 4
time step continuity errors : sum local = 8.9417746e-06, global = 6.0043921e-08, cumulative = -0.0022717337
smoothSolver:  Solving for omega, Initial residual = 0.00036063496, Final residual = 3.1104355e-06, No Iterations 2
smoothSolver:  Solving for k, Initial residual = 0.0017130166, Final residual = 1.8479034e-05, No Iterations 2
bounding k, min: 1.1195864e-16 max: 0.46070096 average: 0.061887643
ExecutionTime = 592.11972 s  ClockTime = 593 s

Time = 389s

smoothSolver:  Solving for Ux, Initial residual = 0.00061701144, Final residual = 8.8523278e-06, No Iterations 3
smoothSolver:  Solving for Uy, Initial residual = 0.0053088675, Final residual = 7.6682075e-05, No Iterations 3
smoothSolver:  Solving for Uz, Initial residual = 0.0052042778, Final residual = 7.814697e-05, No Iterations 3
GAMG:  Solving for p, Initial residual = 0.0063535336, Final residual = 3.8244604e-05, No Iterations 3
GAMG:  Solving for p, Initial residual = 0.00012322282, Final residual = 8.0302341e-07, No Iterations 4
time step continuity errors : sum local = 8.9164704e-06, global = -1.2286381e-07, cumulative = -0.0022718565
smoothSolver:  Solving for omega, Initial residual = 0.00036436421, Final residual = 3.1560851e-06, No Iterations 2
smoothSolver:  Solving for k, Initial residual = 0.0017022854, Final residual = 1.8410318e-05, No Iterations 2
bounding k, min: 1.0955817e-16 max: 0.4599294 average: 0.061865399
ExecutionTime = 593.79451 s  ClockTime = 594 s

Time = 390s

smoothSolver:  Solving for Ux, Initial residual = 0.00061438268, Final residual = 8.8240691e-06, No Iterations 3
smoothSolver:  Solving for Uy, Initial residual = 0.0052866616, Final residual = 7.6278415e-05, No Iterations 3
smoothSolver:  Solving for Uz, Initial residual = 0.0051562028, Final residual = 7.7534068e-05, No Iterations 3
GAMG:  Solving for p, Initial residual = 0.0063657635, Final residual = 3.8319108e-05, No Iterations 3
GAMG:  Solving for p, Initial residual = 0.00012431309, Final residual = 8.1821339e-07, No Iterations 4
time step continuity errors : sum local = 9.0974026e-06, global = -4.6972551e-07, cumulative = -0.0022723262
smoothSolver:  Solving for omega, Initial residual = 0.00036122319, Final residual = 3.1274939e-06, No Iterations 2
smoothSolver:  Solving for k, Initial residual = 0.0016926028, Final residual = 1.8284275e-05, No Iterations 2
bounding k, min: 1.1079899e-16 max: 0.45915092 average: 0.061843388
ExecutionTime = 595.45916 s  ClockTime = 596 s

Time = 391s

smoothSolver:  Solving for Ux, Initial residual = 0.00061171277, Final residual = 8.794202e-06, No Iterations 3
smoothSolver:  Solving for Uy, Initial residual = 0.0052604376, Final residual = 7.5849941e-05, No Iterations 3
smoothSolver:  Solving for Uz, Initial residual = 0.0051103705, Final residual = 7.698358e-05, No Iterations 3
GAMG:  Solving for p, Initial residual = 0.006370552, Final residual = 3.832852e-05, No Iterations 3
GAMG:  Solving for p, Initial residual = 0.00012483079, Final residual = 8.130945e-07, No Iterations 4
time step continuity errors : sum local = 9.0540335e-06, global = -5.7152743e-07, cumulative = -0.0022728978
smoothSolver:  Solving for omega, Initial residual = 0.00036110061, Final residual = 3.0792231e-06, No Iterations 2
smoothSolver:  Solving for k, Initial residual = 0.0016817333, Final residual = 1.822373e-05, No Iterations 2
bounding k, min: 1.0626489e-16 max: 0.45837996 average: 0.061821659
ExecutionTime = 596.89036 s  ClockTime = 597 s

Time = 392s

smoothSolver:  Solving for Ux, Initial residual = 0.00060920597, Final residual = 8.7645002e-06, No Iterations 3
smoothSolver:  Solving for Uy, Initial residual = 0.0052343782, Final residual = 7.5397331e-05, No Iterations 3
smoothSolver:  Solving for Uz, Initial residual = 0.0050691664, Final residual = 7.6427898e-05, No Iterations 3
GAMG:  Solving for p, Initial residual = 0.0063950666, Final residual = 3.8310396e-05, No Iterations 3
GAMG:  Solving for p, Initial residual = 0.00012550664, Final residual = 7.8314799e-07, No Iterations 4
time step continuity errors : sum local = 8.7336897e-06, global = -4.5215727e-07, cumulative = -0.0022733499
smoothSolver:  Solving for omega, Initial residual = 0.00035835484, Final residual = 3.0810117e-06, No Iterations 2
smoothSolver:  Solving for k, Initial residual = 0.0016734102, Final residual = 1.8154172e-05, No Iterations 2
bounding k, min: 1.0359709e-16 max: 0.45761158 average: 0.061799762
ExecutionTime = 598.31146 s  ClockTime = 599 s

Time = 393s

smoothSolver:  Solving for Ux, Initial residual = 0.00060656642, Final residual = 8.7337408e-06, No Iterations 3
smoothSolver:  Solving for Uy, Initial residual = 0.0052052673, Final residual = 7.4918392e-05, No Iterations 3
smoothSolver:  Solving for Uz, Initial residual = 0.0050343967, Final residual = 7.591968e-05, No Iterations 3
GAMG:  Solving for p, Initial residual = 0.0064162851, Final residual = 3.8295891e-05, No Iterations 3
GAMG:  Solving for p, Initial residual = 0.00012555614, Final residual = 7.5828524e-07, No Iterations 4
time step continuity errors : sum local = 8.4722464e-06, global = -3.4875536e-07, cumulative = -0.0022736987
smoothSolver:  Solving for omega, Initial residual = 0.00036187287, Final residual = 3.1301944e-06, No Iterations 2
smoothSolver:  Solving for k, Initial residual = 0.0016632202, Final residual = 1.8105924e-05, No Iterations 2
bounding k, min: 1.0316077e-16 max: 0.4568501 average: 0.061780073
ExecutionTime = 599.63015 s  ClockTime = 600 s

Time = 394s

smoothSolver:  Solving for Ux, Initial residual = 0.00060408232, Final residual = 8.7029563e-06, No Iterations 3
smoothSolver:  Solving for Uy, Initial residual = 0.0051749395, Final residual = 7.4396472e-05, No Iterations 3
smoothSolver:  Solving for Uz, Initial residual = 0.0050027661, Final residual = 7.5466656e-05, No Iterations 3
GAMG:  Solving for p, Initial residual = 0.0064480447, Final residual = 3.8095415e-05, No Iterations 3
GAMG:  Solving for p, Initial residual = 0.00012553344, Final residual = 7.0503155e-07, No Iterations 4
time step continuity errors : sum local = 7.8911524e-06, global = 5.9614507e-07, cumulative = -0.0022731025
smoothSolver:  Solving for omega, Initial residual = 0.00035915885, Final residual = 3.1087198e-06, No Iterations 2
smoothSolver:  Solving for k, Initial residual = 0.0016555707, Final residual = 1.8023474e-05, No Iterations 2
bounding k, min: 1.064113e-16 max: 0.45609213 average: 0.061760179
ExecutionTime = 601.0642 s  ClockTime = 601 s

Time = 395s

smoothSolver:  Solving for Ux, Initial residual = 0.00060163359, Final residual = 8.6708271e-06, No Iterations 3
smoothSolver:  Solving for Uy, Initial residual = 0.0051428859, Final residual = 7.3838671e-05, No Iterations 3
smoothSolver:  Solving for Uz, Initial residual = 0.0049746144, Final residual = 7.5050455e-05, No Iterations 3
GAMG:  Solving for p, Initial residual = 0.0064623288, Final residual = 3.8117883e-05, No Iterations 3
GAMG:  Solving for p, Initial residual = 0.00012557969, Final residual = 7.5369447e-07, No Iterations 4
time step continuity errors : sum local = 8.4508805e-06, global = 1.4121922e-06, cumulative = -0.0022716903
smoothSolver:  Solving for omega, Initial residual = 0.00036160097, Final residual = 3.052371e-06, No Iterations 2
smoothSolver:  Solving for k, Initial residual = 0.0016489592, Final residual = 1.8044778e-05, No Iterations 2
bounding k, min: 1.0309531e-16 max: 0.45534271 average: 0.06174014
ExecutionTime = 602.5439 s  ClockTime = 603 s

Time = 396s

smoothSolver:  Solving for Ux, Initial residual = 0.00059915708, Final residual = 8.6382006e-06, No Iterations 3
smoothSolver:  Solving for Uy, Initial residual = 0.0051139077, Final residual = 7.3270835e-05, No Iterations 3
smoothSolver:  Solving for Uz, Initial residual = 0.0049511932, Final residual = 7.4664763e-05, No Iterations 3
GAMG:  Solving for p, Initial residual = 0.0064662656, Final residual = 3.8334513e-05, No Iterations 3
GAMG:  Solving for p, Initial residual = 0.00012592545, Final residual = 7.6430041e-07, No Iterations 4
time step continuity errors : sum local = 8.5840412e-06, global = 1.565697e-06, cumulative = -0.0022701246
smoothSolver:  Solving for omega, Initial residual = 0.00035758638, Final residual = 2.9951449e-06, No Iterations 2
smoothSolver:  Solving for k, Initial residual = 0.0016415592, Final residual = 1.7963164e-05, No Iterations 2
bounding k, min: 1.0164338e-16 max: 0.45460437 average: 0.061720414
ExecutionTime = 604.14627 s  ClockTime = 605 s

Time = 397s

smoothSolver:  Solving for Ux, Initial residual = 0.0005966712, Final residual = 8.6043383e-06, No Iterations 3
smoothSolver:  Solving for Uy, Initial residual = 0.0050788491, Final residual = 7.2657036e-05, No Iterations 3
smoothSolver:  Solving for Uz, Initial residual = 0.004927708, Final residual = 7.4338582e-05, No Iterations 3
GAMG:  Solving for p, Initial residual = 0.00646844, Final residual = 3.8307796e-05, No Iterations 3
GAMG:  Solving for p, Initial residual = 0.00012615299, Final residual = 7.9768453e-07, No Iterations 4
time step continuity errors : sum local = 8.9737843e-06, global = 2.0358864e-06, cumulative = -0.0022680888
smoothSolver:  Solving for omega, Initial residual = 0.00035906064, Final residual = 3.0791835e-06, No Iterations 2
smoothSolver:  Solving for k, Initial residual = 0.0016331562, Final residual = 1.7939346e-05, No Iterations 2
bounding k, min: 1.0281376e-16 max: 0.4538752 average: 0.061701994
ExecutionTime = 605.68995 s  ClockTime = 606 s

Time = 398s

smoothSolver:  Solving for Ux, Initial residual = 0.00059438884, Final residual = 8.5706552e-06, No Iterations 3
smoothSolver:  Solving for Uy, Initial residual = 0.0050484583, Final residual = 7.2043045e-05, No Iterations 3
smoothSolver:  Solving for Uz, Initial residual = 0.0049082393, Final residual = 7.4036309e-05, No Iterations 3
GAMG:  Solving for p, Initial residual = 0.0064650881, Final residual = 3.8239419e-05, No Iterations 3
GAMG:  Solving for p, Initial residual = 0.00012637609, Final residual = 7.7720401e-07, No Iterations 4
time step continuity errors : sum local = 8.7549554e-06, global = 1.833165e-06, cumulative = -0.0022662556
smoothSolver:  Solving for omega, Initial residual = 0.00035793452, Final residual = 3.0751579e-06, No Iterations 2
smoothSolver:  Solving for k, Initial residual = 0.0016269696, Final residual = 1.7874431e-05, No Iterations 2
bounding k, min: 1.0665445e-16 max: 0.45315301 average: 0.061683131
ExecutionTime = 606.99876 s  ClockTime = 607 s

Time = 399s

smoothSolver:  Solving for Ux, Initial residual = 0.00059198132, Final residual = 8.5355736e-06, No Iterations 3
smoothSolver:  Solving for Uy, Initial residual = 0.0050160903, Final residual = 7.1449277e-05, No Iterations 3
smoothSolver:  Solving for Uz, Initial residual = 0.0048925118, Final residual = 7.3802215e-05, No Iterations 3
GAMG:  Solving for p, Initial residual = 0.0064573913, Final residual = 3.8121746e-05, No Iterations 3
GAMG:  Solving for p, Initial residual = 0.00012650702, Final residual = 7.3503884e-07, No Iterations 4
time step continuity errors : sum local = 8.2906216e-06, global = 9.0272272e-07, cumulative = -0.0022653529
smoothSolver:  Solving for omega, Initial residual = 0.00036087285, Final residual = 3.0413947e-06, No Iterations 2
smoothSolver:  Solving for k, Initial residual = 0.0016200822, Final residual = 1.7874537e-05, No Iterations 2
bounding k, min: 1.0837589e-16 max: 0.45243875 average: 0.061664675
ExecutionTime = 608.26988 s  ClockTime = 609 s

Time = 400s

smoothSolver:  Solving for Ux, Initial residual = 0.00058960568, Final residual = 8.5000293e-06, No Iterations 3
smoothSolver:  Solving for Uy, Initial residual = 0.0049886706, Final residual = 7.0901974e-05, No Iterations 3
smoothSolver:  Solving for Uz, Initial residual = 0.0048781142, Final residual = 7.3596871e-05, No Iterations 3
GAMG:  Solving for p, Initial residual = 0.0064576402, Final residual = 3.8129547e-05, No Iterations 3
GAMG:  Solving for p, Initial residual = 0.0001271775, Final residual = 7.1644847e-07, No Iterations 4
time step continuity errors : sum local = 8.0888487e-06, global = 5.5021196e-07, cumulative = -0.0022648027
smoothSolver:  Solving for omega, Initial residual = 0.0003564718, Final residual = 3.0097655e-06, No Iterations 2
smoothSolver:  Solving for k, Initial residual = 0.0016183384, Final residual = 1.7899447e-05, No Iterations 2
bounding k, min: 1.0675874e-16 max: 0.45174104 average: 0.061645207
ExecutionTime = 609.70457 s  ClockTime = 610 s

Time = 401s

smoothSolver:  Solving for Ux, Initial residual = 0.00058717292, Final residual = 8.4620621e-06, No Iterations 3
smoothSolver:  Solving for Uy, Initial residual = 0.0049676502, Final residual = 7.0434511e-05, No Iterations 3
smoothSolver:  Solving for Uz, Initial residual = 0.0048683637, Final residual = 7.341295e-05, No Iterations 3
GAMG:  Solving for p, Initial residual = 0.0064692056, Final residual = 3.8398047e-05, No Iterations 3
GAMG:  Solving for p, Initial residual = 0.00012814751, Final residual = 7.2748599e-07, No Iterations 4
time step continuity errors : sum local = 8.2211395e-06, global = -3.4795537e-07, cumulative = -0.0022651506
smoothSolver:  Solving for omega, Initial residual = 0.00035936443, Final residual = 3.0530806e-06, No Iterations 2
smoothSolver:  Solving for k, Initial residual = 0.0016103042, Final residual = 1.7842315e-05, No Iterations 2
bounding k, min: 1.0736994e-16 max: 0.45105455 average: 0.061627507
ExecutionTime = 611.03761 s  ClockTime = 611 s

Time = 402s

smoothSolver:  Solving for Ux, Initial residual = 0.00058471301, Final residual = 8.4226493e-06, No Iterations 3
smoothSolver:  Solving for Uy, Initial residual = 0.0049498617, Final residual = 7.002007e-05, No Iterations 3
smoothSolver:  Solving for Uz, Initial residual = 0.0048610636, Final residual = 7.3281681e-05, No Iterations 3
GAMG:  Solving for p, Initial residual = 0.0064889613, Final residual = 3.8981545e-05, No Iterations 3
GAMG:  Solving for p, Initial residual = 0.00012945093, Final residual = 7.6319332e-07, No Iterations 4
time step continuity errors : sum local = 8.6300733e-06, global = -8.4865382e-07, cumulative = -0.0022659993
smoothSolver:  Solving for omega, Initial residual = 0.00035777139, Final residual = 3.085898e-06, No Iterations 2
smoothSolver:  Solving for k, Initial residual = 0.0016023003, Final residual = 1.772982e-05, No Iterations 2
bounding k, min: 1.1009315e-16 max: 0.45038581 average: 0.061609981
ExecutionTime = 612.30061 s  ClockTime = 613 s

Time = 403s

smoothSolver:  Solving for Ux, Initial residual = 0.00058213632, Final residual = 8.381405e-06, No Iterations 3
smoothSolver:  Solving for Uy, Initial residual = 0.0049334603, Final residual = 6.9660355e-05, No Iterations 3
smoothSolver:  Solving for Uz, Initial residual = 0.0048555989, Final residual = 7.3196747e-05, No Iterations 3
GAMG:  Solving for p, Initial residual = 0.0064983266, Final residual = 3.9403492e-05, No Iterations 3
GAMG:  Solving for p, Initial residual = 0.00013086014, Final residual = 7.5401938e-07, No Iterations 4
time step continuity errors : sum local = 8.5324854e-06, global = -7.1597126e-07, cumulative = -0.0022667152
smoothSolver:  Solving for omega, Initial residual = 0.00035916978, Final residual = 3.0159792e-06, No Iterations 2
smoothSolver:  Solving for k, Initial residual = 0.0015938818, Final residual = 1.7718745e-05, No Iterations 2
bounding k, min: 1.1527845e-16 max: 0.44972873 average: 0.061592795
ExecutionTime = 613.51539 s  ClockTime = 614 s

Time = 404s

smoothSolver:  Solving for Ux, Initial residual = 0.00057953255, Final residual = 8.3382155e-06, No Iterations 3
smoothSolver:  Solving for Uy, Initial residual = 0.0049230292, Final residual = 6.9390599e-05, No Iterations 3
smoothSolver:  Solving for Uz, Initial residual = 0.0048532078, Final residual = 7.315222e-05, No Iterations 3
GAMG:  Solving for p, Initial residual = 0.006501268, Final residual = 3.9668133e-05, No Iterations 3
GAMG:  Solving for p, Initial residual = 0.00013254246, Final residual = 7.9242073e-07, No Iterations 4
time step continuity errors : sum local = 8.9724086e-06, global = -7.0238101e-07, cumulative = -0.0022674176
smoothSolver:  Solving for omega, Initial residual = 0.00035471127, Final residual = 2.9621469e-06, No Iterations 2
smoothSolver:  Solving for k, Initial residual = 0.0015869017, Final residual = 1.7660491e-05, No Iterations 2
bounding k, min: 1.2156201e-16 max: 0.44910082 average: 0.061575325
ExecutionTime = 614.79903 s  ClockTime = 615 s

Time = 405s

smoothSolver:  Solving for Ux, Initial residual = 0.00057676049, Final residual = 8.2902571e-06, No Iterations 3
smoothSolver:  Solving for Uy, Initial residual = 0.0049165315, Final residual = 6.9190227e-05, No Iterations 3
smoothSolver:  Solving for Uz, Initial residual = 0.0048526206, Final residual = 7.3166265e-05, No Iterations 3
GAMG:  Solving for p, Initial residual = 0.0064854206, Final residual = 3.9915654e-05, No Iterations 3
GAMG:  Solving for p, Initial residual = 0.00013426258, Final residual = 8.3937997e-07, No Iterations 4
time step continuity errors : sum local = 9.5135641e-06, global = -6.937178e-07, cumulative = -0.0022681113
smoothSolver:  Solving for omega, Initial residual = 0.00035756067, Final residual = 3.0532281e-06, No Iterations 2
smoothSolver:  Solving for k, Initial residual = 0.0015795393, Final residual = 1.7634646e-05, No Iterations 2
bounding k, min: 1.2916753e-16 max: 0.44849711 average: 0.061558828
ExecutionTime = 616.10075 s  ClockTime = 617 s

Time = 406s

smoothSolver:  Solving for Ux, Initial residual = 0.00057400788, Final residual = 8.2388624e-06, No Iterations 3
smoothSolver:  Solving for Uy, Initial residual = 0.0049110895, Final residual = 6.9062378e-05, No Iterations 3
smoothSolver:  Solving for Uz, Initial residual = 0.004851471, Final residual = 7.3205606e-05, No Iterations 3
GAMG:  Solving for p, Initial residual = 0.0064753596, Final residual = 3.9996539e-05, No Iterations 3
GAMG:  Solving for p, Initial residual = 0.00013603752, Final residual = 8.5682618e-07, No Iterations 4
time step continuity errors : sum local = 9.7211879e-06, global = -7.0834295e-07, cumulative = -0.0022688197
smoothSolver:  Solving for omega, Initial residual = 0.00035748286, Final residual = 3.0958762e-06, No Iterations 2
smoothSolver:  Solving for k, Initial residual = 0.0015754124, Final residual = 1.7577761e-05, No Iterations 2
bounding k, min: 1.2765586e-16 max: 0.44793045 average: 0.061543014
ExecutionTime = 617.47379 s  ClockTime = 618 s

Time = 407s

smoothSolver:  Solving for Ux, Initial residual = 0.00057113982, Final residual = 8.1821216e-06, No Iterations 3
smoothSolver:  Solving for Uy, Initial residual = 0.0049101579, Final residual = 6.8972533e-05, No Iterations 3
smoothSolver:  Solving for Uz, Initial residual = 0.0048568214, Final residual = 7.3255842e-05, No Iterations 3
GAMG:  Solving for p, Initial residual = 0.0064903687, Final residual = 4.0092152e-05, No Iterations 3
GAMG:  Solving for p, Initial residual = 0.00013747113, Final residual = 9.453294e-07, No Iterations 4
time step continuity errors : sum local = 1.0738213e-05, global = -1.194544e-06, cumulative = -0.0022700142
smoothSolver:  Solving for omega, Initial residual = 0.00036040866, Final residual = 3.0326219e-06, No Iterations 2
smoothSolver:  Solving for k, Initial residual = 0.0015667128, Final residual = 1.7511061e-05, No Iterations 2
bounding k, min: 1.2805288e-16 max: 0.44739646 average: 0.061527724
ExecutionTime = 618.88699 s  ClockTime = 619 s

Time = 408s

smoothSolver:  Solving for Ux, Initial residual = 0.00056816658, Final residual = 8.1241569e-06, No Iterations 3
smoothSolver:  Solving for Uy, Initial residual = 0.0049061251, Final residual = 6.8893892e-05, No Iterations 3
smoothSolver:  Solving for Uz, Initial residual = 0.0048610013, Final residual = 7.3371688e-05, No Iterations 3
GAMG:  Solving for p, Initial residual = 0.0065155402, Final residual = 3.9961934e-05, No Iterations 3
GAMG:  Solving for p, Initial residual = 0.00013829269, Final residual = 1.005806e-06, No Iterations 4
time step continuity errors : sum local = 1.1437891e-05, global = -1.5239704e-06, cumulative = -0.0022715382
smoothSolver:  Solving for omega, Initial residual = 0.00035502152, Final residual = 3.0182011e-06, No Iterations 2
smoothSolver:  Solving for k, Initial residual = 0.0015598524, Final residual = 1.7437829e-05, No Iterations 2
bounding k, min: 1.3042952e-16 max: 0.44691286 average: 0.061513061
ExecutionTime = 620.11333 s  ClockTime = 621 s

Time = 409s

smoothSolver:  Solving for Ux, Initial residual = 0.00056506398, Final residual = 8.0625335e-06, No Iterations 3
smoothSolver:  Solving for Uy, Initial residual = 0.0049052618, Final residual = 6.8877089e-05, No Iterations 3
smoothSolver:  Solving for Uz, Initial residual = 0.0048692842, Final residual = 7.347514e-05, No Iterations 3
GAMG:  Solving for p, Initial residual = 0.0065542472, Final residual = 3.9537936e-05, No Iterations 3
GAMG:  Solving for p, Initial residual = 0.00013867498, Final residual = 1.0274059e-06, No Iterations 4
time step continuity errors : sum local = 1.1701277e-05, global = -1.7667846e-06, cumulative = -0.002273305
smoothSolver:  Solving for omega, Initial residual = 0.00035475932, Final residual = 3.0283439e-06, No Iterations 2
smoothSolver:  Solving for k, Initial residual = 0.0015526712, Final residual = 1.7399332e-05, No Iterations 2
bounding k, min: 1.3503569e-16 max: 0.44646773 average: 0.061499288
ExecutionTime = 621.61969 s  ClockTime = 622 s

Time = 410s

smoothSolver:  Solving for Ux, Initial residual = 0.00056185436, Final residual = 7.9975101e-06, No Iterations 3
smoothSolver:  Solving for Uy, Initial residual = 0.0049063592, Final residual = 6.8851634e-05, No Iterations 3
smoothSolver:  Solving for Uz, Initial residual = 0.0048793308, Final residual = 7.3586754e-05, No Iterations 3
GAMG:  Solving for p, Initial residual = 0.0065998654, Final residual = 3.900373e-05, No Iterations 3
GAMG:  Solving for p, Initial residual = 0.00013889327, Final residual = 1.0410641e-06, No Iterations 4
time step continuity errors : sum local = 1.1872718e-05, global = -1.9698408e-06, cumulative = -0.0022752748
smoothSolver:  Solving for omega, Initial residual = 0.00035405192, Final residual = 3.0281655e-06, No Iterations 2
smoothSolver:  Solving for k, Initial residual = 0.0015447878, Final residual = 1.7268006e-05, No Iterations 2
bounding k, min: 1.421e-16 max: 0.44607176 average: 0.061486017
ExecutionTime = 623.17133 s  ClockTime = 624 s

Time = 411s

smoothSolver:  Solving for Ux, Initial residual = 0.00055838716, Final residual = 7.9297051e-06, No Iterations 3
smoothSolver:  Solving for Uy, Initial residual = 0.0049049567, Final residual = 6.881085e-05, No Iterations 3
smoothSolver:  Solving for Uz, Initial residual = 0.0048871726, Final residual = 7.364979e-05, No Iterations 3
GAMG:  Solving for p, Initial residual = 0.0066353675, Final residual = 3.8814103e-05, No Iterations 3
GAMG:  Solving for p, Initial residual = 0.0001391148, Final residual = 1.0165034e-06, No Iterations 4
time step continuity errors : sum local = 1.1611129e-05, global = -2.052997e-06, cumulative = -0.0022773278
smoothSolver:  Solving for omega, Initial residual = 0.00035749297, Final residual = 3.0011948e-06, No Iterations 2
smoothSolver:  Solving for k, Initial residual = 0.0015367755, Final residual = 1.7232601e-05, No Iterations 2
bounding k, min: 1.5140936e-16 max: 0.44571814 average: 0.061473366
ExecutionTime = 624.56582 s  ClockTime = 625 s

Time = 412s

smoothSolver:  Solving for Ux, Initial residual = 0.0005547843, Final residual = 7.8610462e-06, No Iterations 3
smoothSolver:  Solving for Uy, Initial residual = 0.004903523, Final residual = 6.8733157e-05, No Iterations 3
smoothSolver:  Solving for Uz, Initial residual = 0.004896853, Final residual = 7.3700279e-05, No Iterations 3
GAMG:  Solving for p, Initial residual = 0.0066730215, Final residual = 3.8894835e-05, No Iterations 3
GAMG:  Solving for p, Initial residual = 0.00013904333, Final residual = 9.7588943e-07, No Iterations 4
time step continuity errors : sum local = 1.1165812e-05, global = -2.1528966e-06, cumulative = -0.0022794807
smoothSolver:  Solving for omega, Initial residual = 0.00035352273, Final residual = 3.0248641e-06, No Iterations 2
smoothSolver:  Solving for k, Initial residual = 0.0015291625, Final residual = 1.7119281e-05, No Iterations 2
bounding k, min: 1.63e-16 max: 0.44542335 average: 0.061461028
ExecutionTime = 626.12173 s  ClockTime = 627 s

Time = 413s

smoothSolver:  Solving for Ux, Initial residual = 0.00055100288, Final residual = 7.7906367e-06, No Iterations 3
smoothSolver:  Solving for Uy, Initial residual = 0.0049014528, Final residual = 6.8640443e-05, No Iterations 3
smoothSolver:  Solving for Uz, Initial residual = 0.0049012296, Final residual = 7.3626516e-05, No Iterations 3
GAMG:  Solving for p, Initial residual = 0.0067069726, Final residual = 3.9396181e-05, No Iterations 3
GAMG:  Solving for p, Initial residual = 0.00013914129, Final residual = 9.4566486e-07, No Iterations 4
time step continuity errors : sum local = 1.0837992e-05, global = -2.157453e-06, cumulative = -0.0022816382
smoothSolver:  Solving for omega, Initial residual = 0.00035725827, Final residual = 3.0255098e-06, No Iterations 2
smoothSolver:  Solving for k, Initial residual = 0.0015249189, Final residual = 1.7123476e-05, No Iterations 2
bounding k, min: 1.7721104e-16 max: 0.44517531 average: 0.061449196
ExecutionTime = 627.91365 s  ClockTime = 628 s

Time = 414s

smoothSolver:  Solving for Ux, Initial residual = 0.00054721789, Final residual = 7.7192345e-06, No Iterations 3
smoothSolver:  Solving for Uy, Initial residual = 0.0049012147, Final residual = 6.8477704e-05, No Iterations 3
smoothSolver:  Solving for Uz, Initial residual = 0.0049048089, Final residual = 7.3519215e-05, No Iterations 3
GAMG:  Solving for p, Initial residual = 0.0067370553, Final residual = 3.9866752e-05, No Iterations 3
GAMG:  Solving for p, Initial residual = 0.00013928309, Final residual = 9.3159951e-07, No Iterations 4
time step continuity errors : sum local = 1.0694134e-05, global = -2.0848746e-06, cumulative = -0.002283723
smoothSolver:  Solving for omega, Initial residual = 0.00035445964, Final residual = 3.015351e-06, No Iterations 2
smoothSolver:  Solving for k, Initial residual = 0.0015170656, Final residual = 1.6955251e-05, No Iterations 2
bounding k, min: 1.9385137e-16 max: 0.44498536 average: 0.061437869
ExecutionTime = 629.74818 s  ClockTime = 630 s

Time = 415s

smoothSolver:  Solving for Ux, Initial residual = 0.00054343369, Final residual = 7.6472554e-06, No Iterations 3
smoothSolver:  Solving for Uy, Initial residual = 0.0048919551, Final residual = 6.8282374e-05, No Iterations 3
smoothSolver:  Solving for Uz, Initial residual = 0.0049031802, Final residual = 7.3364401e-05, No Iterations 3
GAMG:  Solving for p, Initial residual = 0.0067385325, Final residual = 4.0332352e-05, No Iterations 3
GAMG:  Solving for p, Initial residual = 0.00013947018, Final residual = 9.3753592e-07, No Iterations 4
time step continuity errors : sum local = 1.0780406e-05, global = -2.0702597e-06, cumulative = -0.0022857933
smoothSolver:  Solving for omega, Initial residual = 0.00035489215, Final residual = 2.9934778e-06, No Iterations 2
smoothSolver:  Solving for k, Initial residual = 0.0015091272, Final residual = 1.6921553e-05, No Iterations 2
bounding k, min: 1.9841234e-16 max: 0.44484408 average: 0.061426302
ExecutionTime = 631.23235 s  ClockTime = 632 s

Time = 416s

smoothSolver:  Solving for Ux, Initial residual = 0.00053968844, Final residual = 7.5757997e-06, No Iterations 3
smoothSolver:  Solving for Uy, Initial residual = 0.0048832196, Final residual = 6.806404e-05, No Iterations 3
smoothSolver:  Solving for Uz, Initial residual = 0.0049031885, Final residual = 7.3197817e-05, No Iterations 3
GAMG:  Solving for p, Initial residual = 0.0067405502, Final residual = 4.079233e-05, No Iterations 3
GAMG:  Solving for p, Initial residual = 0.00013971252, Final residual = 9.3119716e-07, No Iterations 4
time step continuity errors : sum local = 1.0721777e-05, global = -1.8757267e-06, cumulative = -0.002287669
smoothSolver:  Solving for omega, Initial residual = 0.00035100564, Final residual = 2.9263642e-06, No Iterations 2
smoothSolver:  Solving for k, Initial residual = 0.0015002184, Final residual = 1.6775373e-05, No Iterations 2
bounding k, min: 1.9618794e-16 max: 0.44476646 average: 0.061414713
ExecutionTime = 632.47452 s  ClockTime = 633 s

Time = 417s

smoothSolver:  Solving for Ux, Initial residual = 0.00053583111, Final residual = 7.5032487e-06, No Iterations 3
smoothSolver:  Solving for Uy, Initial residual = 0.0048723505, Final residual = 6.7795562e-05, No Iterations 3
smoothSolver:  Solving for Uz, Initial residual = 0.004899061, Final residual = 7.3014127e-05, No Iterations 3
GAMG:  Solving for p, Initial residual = 0.0067427058, Final residual = 4.1313079e-05, No Iterations 3
GAMG:  Solving for p, Initial residual = 0.00014054406, Final residual = 9.3403358e-07, No Iterations 4
time step continuity errors : sum local = 1.0767165e-05, global = -1.7332261e-06, cumulative = -0.0022894023
smoothSolver:  Solving for omega, Initial residual = 0.00035430843, Final residual = 3.0182844e-06, No Iterations 2
smoothSolver:  Solving for k, Initial residual = 0.0014907257, Final residual = 1.6707956e-05, No Iterations 2
bounding k, min: 1.95578e-16 max: 0.44474046 average: 0.061403972
ExecutionTime = 633.6962 s  ClockTime = 634 s

Time = 418s

smoothSolver:  Solving for Ux, Initial residual = 0.00053218877, Final residual = 7.4299372e-06, No Iterations 3
smoothSolver:  Solving for Uy, Initial residual = 0.0048665719, Final residual = 6.7573083e-05, No Iterations 3
smoothSolver:  Solving for Uz, Initial residual = 0.0048965018, Final residual = 7.2838106e-05, No Iterations 3
GAMG:  Solving for p, Initial residual = 0.0067400392, Final residual = 4.1481309e-05, No Iterations 3
GAMG:  Solving for p, Initial residual = 0.00014130569, Final residual = 9.522039e-07, No Iterations 4
time step continuity errors : sum local = 1.0986456e-05, global = -1.6806983e-06, cumulative = -0.002291083
smoothSolver:  Solving for omega, Initial residual = 0.0003523559, Final residual = 3.0493038e-06, No Iterations 2
smoothSolver:  Solving for k, Initial residual = 0.0014843905, Final residual = 1.6574032e-05, No Iterations 2
bounding k, min: 1.9631969e-16 max: 0.44477232 average: 0.061392966
ExecutionTime = 634.93088 s  ClockTime = 635 s

Time = 419s

smoothSolver:  Solving for Ux, Initial residual = 0.0005283342, Final residual = 7.3550578e-06, No Iterations 3
smoothSolver:  Solving for Uy, Initial residual = 0.0048631197, Final residual = 6.7396154e-05, No Iterations 3
smoothSolver:  Solving for Uz, Initial residual = 0.0048935991, Final residual = 7.2623357e-05, No Iterations 3
GAMG:  Solving for p, Initial residual = 0.0067685589, Final residual = 4.1801882e-05, No Iterations 3
GAMG:  Solving for p, Initial residual = 0.00014285322, Final residual = 9.6300498e-07, No Iterations 4
time step continuity errors : sum local = 1.1118082e-05, global = -1.5198551e-06, cumulative = -0.0022926028
smoothSolver:  Solving for omega, Initial residual = 0.00035566555, Final residual = 2.9815499e-06, No Iterations 2
smoothSolver:  Solving for k, Initial residual = 0.0014737641, Final residual = 1.6467316e-05, No Iterations 2
bounding k, min: 1.9805342e-16 max: 0.4448474 average: 0.061381796
ExecutionTime = 636.22427 s  ClockTime = 637 s

Time = 420s

smoothSolver:  Solving for Ux, Initial residual = 0.00052449692, Final residual = 7.2815674e-06, No Iterations 3
smoothSolver:  Solving for Uy, Initial residual = 0.0048590547, Final residual = 6.7183833e-05, No Iterations 3
smoothSolver:  Solving for Uz, Initial residual = 0.0048915976, Final residual = 7.2444766e-05, No Iterations 3
GAMG:  Solving for p, Initial residual = 0.0068241862, Final residual = 4.2116183e-05, No Iterations 3
GAMG:  Solving for p, Initial residual = 0.00014447403, Final residual = 1.01745e-06, No Iterations 4
time step continuity errors : sum local = 1.1751142e-05, global = -1.4194831e-06, cumulative = -0.0022940223
smoothSolver:  Solving for omega, Initial residual = 0.00035128482, Final residual = 2.9553145e-06, No Iterations 2
smoothSolver:  Solving for k, Initial residual = 0.0014637039, Final residual = 1.6278138e-05, No Iterations 2
bounding k, min: 2.0051441e-16 max: 0.44498018 average: 0.061370668
ExecutionTime = 637.54902 s  ClockTime = 638 s

Time = 421s

smoothSolver:  Solving for Ux, Initial residual = 0.00052050523, Final residual = 7.2072438e-06, No Iterations 3
smoothSolver:  Solving for Uy, Initial residual = 0.0048547275, Final residual = 6.7019325e-05, No Iterations 3
smoothSolver:  Solving for Uz, Initial residual = 0.0048868915, Final residual = 7.2251493e-05, No Iterations 3
GAMG:  Solving for p, Initial residual = 0.0068965617, Final residual = 4.2799108e-05, No Iterations 3
GAMG:  Solving for p, Initial residual = 0.00014673519, Final residual = 1.0996321e-06, No Iterations 4
time step continuity errors : sum local = 1.2705025e-05, global = -1.4044599e-06, cumulative = -0.0022954268
smoothSolver:  Solving for omega, Initial residual = 0.0003519694, Final residual = 2.9794868e-06, No Iterations 2
smoothSolver:  Solving for k, Initial residual = 0.0014545762, Final residual = 1.6208802e-05, No Iterations 2
bounding k, min: 2.0352186e-16 max: 0.44515352 average: 0.061360395
ExecutionTime = 638.93127 s  ClockTime = 639 s

Time = 422s

smoothSolver:  Solving for Ux, Initial residual = 0.0005164781, Final residual = 7.1337768e-06, No Iterations 3
smoothSolver:  Solving for Uy, Initial residual = 0.004851826, Final residual = 6.6848134e-05, No Iterations 3
smoothSolver:  Solving for Uz, Initial residual = 0.004882874, Final residual = 7.2125999e-05, No Iterations 3
GAMG:  Solving for p, Initial residual = 0.0069694652, Final residual = 4.3929987e-05, No Iterations 3
GAMG:  Solving for p, Initial residual = 0.00014909699, Final residual = 1.1894413e-06, No Iterations 4
time step continuity errors : sum local = 1.3747688e-05, global = -1.4644051e-06, cumulative = -0.0022968912
smoothSolver:  Solving for omega, Initial residual = 0.00035041286, Final residual = 2.9830151e-06, No Iterations 2
smoothSolver:  Solving for k, Initial residual = 0.0014454746, Final residual = 1.6018241e-05, No Iterations 2
bounding k, min: 2.0650408e-16 max: 0.44537688 average: 0.06135033
ExecutionTime = 640.16224 s  ClockTime = 641 s

Time = 423s

smoothSolver:  Solving for Ux, Initial residual = 0.00051240026, Final residual = 7.060728e-06, No Iterations 3
smoothSolver:  Solving for Uy, Initial residual = 0.004845254, Final residual = 6.6703879e-05, No Iterations 3
smoothSolver:  Solving for Uz, Initial residual = 0.0048733865, Final residual = 7.1983304e-05, No Iterations 3
GAMG:  Solving for p, Initial residual = 0.0070298701, Final residual = 4.5478302e-05, No Iterations 3
GAMG:  Solving for p, Initial residual = 0.00015180901, Final residual = 1.269759e-06, No Iterations 4
time step continuity errors : sum local = 1.4686616e-05, global = -1.2248492e-06, cumulative = -0.002298116
smoothSolver:  Solving for omega, Initial residual = 0.00035344286, Final residual = 2.9388708e-06, No Iterations 2
smoothSolver:  Solving for k, Initial residual = 0.0014362915, Final residual = 1.5922338e-05, No Iterations 2
bounding k, min: 2.0903353e-16 max: 0.4456435 average: 0.061340308
ExecutionTime = 641.58086 s  ClockTime = 642 s

Time = 424s

smoothSolver:  Solving for Ux, Initial residual = 0.00050813377, Final residual = 6.9910083e-06, No Iterations 3
smoothSolver:  Solving for Uy, Initial residual = 0.0048362252, Final residual = 6.6566843e-05, No Iterations 3
smoothSolver:  Solving for Uz, Initial residual = 0.0048653919, Final residual = 7.1864324e-05, No Iterations 3
GAMG:  Solving for p, Initial residual = 0.0070665068, Final residual = 4.6710074e-05, No Iterations 3
GAMG:  Solving for p, Initial residual = 0.00015366651, Final residual = 1.2891447e-06, No Iterations 4
time step continuity errors : sum local = 1.4922411e-05, global = -1.1259784e-06, cumulative = -0.002299242
smoothSolver:  Solving for omega, Initial residual = 0.00034972091, Final residual = 2.9555078e-06, No Iterations 2
smoothSolver:  Solving for k, Initial residual = 0.0014281165, Final residual = 1.5758755e-05, No Iterations 2
bounding k, min: 2.1080201e-16 max: 0.44596819 average: 0.061330491
ExecutionTime = 643.26642 s  ClockTime = 644 s

Time = 425s

smoothSolver:  Solving for Ux, Initial residual = 0.00050399484, Final residual = 6.9254629e-06, No Iterations 3
smoothSolver:  Solving for Uy, Initial residual = 0.004823967, Final residual = 6.6449061e-05, No Iterations 3
smoothSolver:  Solving for Uz, Initial residual = 0.0048518345, Final residual = 7.1650575e-05, No Iterations 3
GAMG:  Solving for p, Initial residual = 0.0070704475, Final residual = 4.7774865e-05, No Iterations 3
GAMG:  Solving for p, Initial residual = 0.00015486413, Final residual = 1.26294e-06, No Iterations 4
time step continuity errors : sum local = 1.4635561e-05, global = -8.1684746e-07, cumulative = -0.0023000588
smoothSolver:  Solving for omega, Initial residual = 0.00035260965, Final residual = 2.9934506e-06, No Iterations 2
smoothSolver:  Solving for k, Initial residual = 0.0014190444, Final residual = 1.5688101e-05, No Iterations 2
bounding k, min: 2.1159765e-16 max: 0.44633409 average: 0.06132151
ExecutionTime = 645.28605 s  ClockTime = 646 s

Time = 426s

smoothSolver:  Solving for Ux, Initial residual = 0.00049996559, Final residual = 6.8632689e-06, No Iterations 3
smoothSolver:  Solving for Uy, Initial residual = 0.0048078467, Final residual = 6.6291921e-05, No Iterations 3
smoothSolver:  Solving for Uz, Initial residual = 0.0048355617, Final residual = 7.1425837e-05, No Iterations 3
GAMG:  Solving for p, Initial residual = 0.0070583872, Final residual = 4.8230013e-05, No Iterations 3
GAMG:  Solving for p, Initial residual = 0.00015542546, Final residual = 1.220787e-06, No Iterations 4
time step continuity errors : sum local = 1.416242e-05, global = -5.3504767e-07, cumulative = -0.0023005939
smoothSolver:  Solving for omega, Initial residual = 0.00035001084, Final residual = 2.9403941e-06, No Iterations 2
smoothSolver:  Solving for k, Initial residual = 0.0014093234, Final residual = 1.5460886e-05, No Iterations 2
bounding k, min: 2.1131199e-16 max: 0.44675223 average: 0.061313445
ExecutionTime = 647.17206 s  ClockTime = 648 s

Time = 427s

smoothSolver:  Solving for Ux, Initial residual = 0.00049596439, Final residual = 6.8010972e-06, No Iterations 3
smoothSolver:  Solving for Uy, Initial residual = 0.0047864698, Final residual = 6.6130842e-05, No Iterations 3
smoothSolver:  Solving for Uz, Initial residual = 0.0048136234, Final residual = 7.1075502e-05, No Iterations 3
GAMG:  Solving for p, Initial residual = 0.0070375753, Final residual = 4.8155859e-05, No Iterations 3
GAMG:  Solving for p, Initial residual = 0.00015566146, Final residual = 1.1698447e-06, No Iterations 4
time step continuity errors : sum local = 1.3589736e-05, global = -4.3452019e-07, cumulative = -0.0023010284
smoothSolver:  Solving for omega, Initial residual = 0.00035239002, Final residual = 2.9318307e-06, No Iterations 2
smoothSolver:  Solving for k, Initial residual = 0.001400276, Final residual = 1.5373517e-05, No Iterations 2
bounding k, min: 2.0995379e-16 max: 0.44721223 average: 0.061305599
ExecutionTime = 649.10842 s  ClockTime = 650 s

Time = 428s

smoothSolver:  Solving for Ux, Initial residual = 0.00049217672, Final residual = 6.7397835e-06, No Iterations 3
smoothSolver:  Solving for Uy, Initial residual = 0.0047616353, Final residual = 6.5916972e-05, No Iterations 3
smoothSolver:  Solving for Uz, Initial residual = 0.0047891119, Final residual = 7.0682427e-05, No Iterations 3
GAMG:  Solving for p, Initial residual = 0.0070222602, Final residual = 4.7783273e-05, No Iterations 3
GAMG:  Solving for p, Initial residual = 0.00015521524, Final residual = 1.0850386e-06, No Iterations 4
time step continuity errors : sum local = 1.2621772e-05, global = -4.0358657e-07, cumulative = -0.002301432
smoothSolver:  Solving for omega, Initial residual = 0.00034923587, Final residual = 2.9351484e-06, No Iterations 2
smoothSolver:  Solving for k, Initial residual = 0.0013923973, Final residual = 1.5196213e-05, No Iterations 2
bounding k, min: 2.0762207e-16 max: 0.44773053 average: 0.061298231
ExecutionTime = 650.91803 s  ClockTime = 651 s

Time = 429s

smoothSolver:  Solving for Ux, Initial residual = 0.00048868659, Final residual = 6.6799123e-06, No Iterations 3
smoothSolver:  Solving for Uy, Initial residual = 0.0047313079, Final residual = 6.5684174e-05, No Iterations 3
smoothSolver:  Solving for Uz, Initial residual = 0.0047592763, Final residual = 7.0197815e-05, No Iterations 3
GAMG:  Solving for p, Initial residual = 0.0070067953, Final residual = 4.7490128e-05, No Iterations 3
GAMG:  Solving for p, Initial residual = 0.00015445722, Final residual = 1.0157526e-06, No Iterations 4
time step continuity errors : sum local = 1.183168e-05, global = -2.5144822e-07, cumulative = -0.0023016834
smoothSolver:  Solving for omega, Initial residual = 0.00034970631, Final residual = 2.9373095e-06, No Iterations 2
smoothSolver:  Solving for k, Initial residual = 0.0013816473, Final residual = 1.5090812e-05, No Iterations 2
bounding k, min: 2.0449803e-16 max: 0.448291 average: 0.061292005
ExecutionTime = 652.596 s  ClockTime = 653 s

Time = 430s

smoothSolver:  Solving for Ux, Initial residual = 0.00048528922, Final residual = 6.6227776e-06, No Iterations 3
smoothSolver:  Solving for Uy, Initial residual = 0.0047007329, Final residual = 6.5459833e-05, No Iterations 3
smoothSolver:  Solving for Uz, Initial residual = 0.0047306267, Final residual = 6.96802e-05, No Iterations 3
GAMG:  Solving for p, Initial residual = 0.0069825914, Final residual = 4.7225521e-05, No Iterations 3
GAMG:  Solving for p, Initial residual = 0.00015314584, Final residual = 9.5425922e-07, No Iterations 4
time step continuity errors : sum local = 1.1130396e-05, global = -3.6803566e-07, cumulative = -0.0023020515
smoothSolver:  Solving for omega, Initial residual = 0.00034788656, Final residual = 2.9870654e-06, No Iterations 2
smoothSolver:  Solving for k, Initial residual = 0.0013746934, Final residual = 1.4925105e-05, No Iterations 2
bounding k, min: 2.0093368e-16 max: 0.4489011 average: 0.0612862
ExecutionTime = 654.20403 s  ClockTime = 655 s

Time = 431s

smoothSolver:  Solving for Ux, Initial residual = 0.00048217129, Final residual = 6.5691409e-06, No Iterations 3
smoothSolver:  Solving for Uy, Initial residual = 0.004672882, Final residual = 6.5249874e-05, No Iterations 3
smoothSolver:  Solving for Uz, Initial residual = 0.0047005902, Final residual = 6.9107064e-05, No Iterations 3
GAMG:  Solving for p, Initial residual = 0.0069538697, Final residual = 4.7502188e-05, No Iterations 3
GAMG:  Solving for p, Initial residual = 0.00015210027, Final residual = 9.4031042e-07, No Iterations 4
time step continuity errors : sum local = 1.0984618e-05, global = -5.5384783e-07, cumulative = -0.0023026053
smoothSolver:  Solving for omega, Initial residual = 0.00035082396, Final residual = 2.932921e-06, No Iterations 2
smoothSolver:  Solving for k, Initial residual = 0.0013654521, Final residual = 1.4858154e-05, No Iterations 2
bounding k, min: 1.9721939e-16 max: 0.44955327 average: 0.061280388
ExecutionTime = 655.76183 s  ClockTime = 656 s

Time = 432s

smoothSolver:  Solving for Ux, Initial residual = 0.00047924945, Final residual = 6.5192889e-06, No Iterations 3
smoothSolver:  Solving for Uy, Initial residual = 0.0046487908, Final residual = 6.5093377e-05, No Iterations 3
smoothSolver:  Solving for Uz, Initial residual = 0.0046716211, Final residual = 6.8452659e-05, No Iterations 3
GAMG:  Solving for p, Initial residual = 0.0069398644, Final residual = 4.8105624e-05, No Iterations 3
GAMG:  Solving for p, Initial residual = 0.00015099404, Final residual = 9.5045888e-07, No Iterations 4
time step continuity errors : sum local = 1.1116591e-05, global = -5.0649715e-07, cumulative = -0.0023031118
smoothSolver:  Solving for omega, Initial residual = 0.00034661985, Final residual = 2.8566475e-06, No Iterations 2
smoothSolver:  Solving for k, Initial residual = 0.0013581796, Final residual = 1.4714147e-05, No Iterations 2
bounding k, min: 1.9362999e-16 max: 0.45025667 average: 0.061275138
ExecutionTime = 657.40687 s  ClockTime = 658 s

Time = 433s

smoothSolver:  Solving for Ux, Initial residual = 0.00047652429, Final residual = 6.4719831e-06, No Iterations 3
smoothSolver:  Solving for Uy, Initial residual = 0.0046271858, Final residual = 6.4941366e-05, No Iterations 3
smoothSolver:  Solving for Uz, Initial residual = 0.0046383665, Final residual = 6.7817746e-05, No Iterations 3
GAMG:  Solving for p, Initial residual = 0.0069487448, Final residual = 4.9247027e-05, No Iterations 3
GAMG:  Solving for p, Initial residual = 0.00014989429, Final residual = 9.9007168e-07, No Iterations 4
time step continuity errors : sum local = 1.159352e-05, global = -7.334579e-07, cumulative = -0.0023038453
smoothSolver:  Solving for omega, Initial residual = 0.0003478572, Final residual = 2.954521e-06, No Iterations 2
smoothSolver:  Solving for k, Initial residual = 0.0013466204, Final residual = 1.4590028e-05, No Iterations 2
bounding k, min: 1.9039864e-16 max: 0.45099846 average: 0.061270926
ExecutionTime = 658.63191 s  ClockTime = 659 s

Time = 434s

smoothSolver:  Solving for Ux, Initial residual = 0.00047414021, Final residual = 6.430508e-06, No Iterations 3
smoothSolver:  Solving for Uy, Initial residual = 0.0046085965, Final residual = 6.4798653e-05, No Iterations 3
smoothSolver:  Solving for Uz, Initial residual = 0.004606977, Final residual = 6.7166851e-05, No Iterations 3
GAMG:  Solving for p, Initial residual = 0.0069900109, Final residual = 5.0734739e-05, No Iterations 3
GAMG:  Solving for p, Initial residual = 0.00014915208, Final residual = 1.0165866e-06, No Iterations 4
time step continuity errors : sum local = 1.191375e-05, global = -9.5642357e-07, cumulative = -0.0023048017
smoothSolver:  Solving for omega, Initial residual = 0.00034702487, Final residual = 2.9696627e-06, No Iterations 2
smoothSolver:  Solving for k, Initial residual = 0.0013394728, Final residual = 1.4442143e-05, No Iterations 2
bounding k, min: 1.8770221e-16 max: 0.4517795 average: 0.061266403
ExecutionTime = 659.9295 s  ClockTime = 660 s

Time = 435s

smoothSolver:  Solving for Ux, Initial residual = 0.0004721528, Final residual = 6.3961144e-06, No Iterations 3
smoothSolver:  Solving for Uy, Initial residual = 0.0045974984, Final residual = 6.471585e-05, No Iterations 3
smoothSolver:  Solving for Uz, Initial residual = 0.0045758096, Final residual = 6.6521288e-05, No Iterations 3
GAMG:  Solving for p, Initial residual = 0.0070514839, Final residual = 5.2241234e-05, No Iterations 3
GAMG:  Solving for p, Initial residual = 0.00014859852, Final residual = 1.013874e-06, No Iterations 4
time step continuity errors : sum local = 1.1891226e-05, global = -1.5573799e-06, cumulative = -0.0023063591
smoothSolver:  Solving for omega, Initial residual = 0.00034910928, Final residual = 2.8633717e-06, No Iterations 2
smoothSolver:  Solving for k, Initial residual = 0.0013274888, Final residual = 1.4319348e-05, No Iterations 2
bounding k, min: 1.8565781e-16 max: 0.45259127 average: 0.061262154
ExecutionTime = 661.82295 s  ClockTime = 662 s

Time = 436s

smoothSolver:  Solving for Ux, Initial residual = 0.00047021415, Final residual = 6.3696454e-06, No Iterations 3
smoothSolver:  Solving for Uy, Initial residual = 0.0045848715, Final residual = 6.4630514e-05, No Iterations 3
smoothSolver:  Solving for Uz, Initial residual = 0.0045453483, Final residual = 6.5934884e-05, No Iterations 3
GAMG:  Solving for p, Initial residual = 0.00711992, Final residual = 5.3308779e-05, No Iterations 3
GAMG:  Solving for p, Initial residual = 0.00014825493, Final residual = 9.9491789e-07, No Iterations 4
time step continuity errors : sum local = 1.1671572e-05, global = -1.7233303e-06, cumulative = -0.0023080824
smoothSolver:  Solving for omega, Initial residual = 0.00034515979, Final residual = 2.8949435e-06, No Iterations 2
smoothSolver:  Solving for k, Initial residual = 0.0013206315, Final residual = 1.4191949e-05, No Iterations 2
bounding k, min: 1.843794e-16 max: 0.45343481 average: 0.06125767
ExecutionTime = 663.48319 s  ClockTime = 664 s

Time = 437s

smoothSolver:  Solving for Ux, Initial residual = 0.00046857949, Final residual = 6.3502164e-06, No Iterations 3
smoothSolver:  Solving for Uy, Initial residual = 0.0045814167, Final residual = 6.4628477e-05, No Iterations 3
smoothSolver:  Solving for Uz, Initial residual = 0.0045173202, Final residual = 6.5361227e-05, No Iterations 3
GAMG:  Solving for p, Initial residual = 0.0071794459, Final residual = 5.3822891e-05, No Iterations 3
GAMG:  Solving for p, Initial residual = 0.00014736455, Final residual = 1.002283e-06, No Iterations 4
time step continuity errors : sum local = 1.1762984e-05, global = -1.8490994e-06, cumulative = -0.0023099315
smoothSolver:  Solving for omega, Initial residual = 0.0003496804, Final residual = 2.9358038e-06, No Iterations 2
smoothSolver:  Solving for k, Initial residual = 0.001307812, Final residual = 1.4072231e-05, No Iterations 2
bounding k, min: 1.8386822e-16 max: 0.45430739 average: 0.061253667
ExecutionTime = 665.26083 s  ClockTime = 666 s

Time = 438s

smoothSolver:  Solving for Ux, Initial residual = 0.0004669406, Final residual = 6.3376722e-06, No Iterations 3
smoothSolver:  Solving for Uy, Initial residual = 0.0045726563, Final residual = 6.4580789e-05, No Iterations 3
smoothSolver:  Solving for Uz, Initial residual = 0.004488004, Final residual = 6.4854472e-05, No Iterations 3
GAMG:  Solving for p, Initial residual = 0.0072149764, Final residual = 5.3571546e-05, No Iterations 3
GAMG:  Solving for p, Initial residual = 0.00014598278, Final residual = 1.0169009e-06, No Iterations 4
time step continuity errors : sum local = 1.1936228e-05, global = -2.2651222e-06, cumulative = -0.0023121966
smoothSolver:  Solving for omega, Initial residual = 0.00034665156, Final residual = 2.8997513e-06, No Iterations 2
smoothSolver:  Solving for k, Initial residual = 0.001301543, Final residual = 1.397278e-05, No Iterations 2
bounding k, min: 1.8407936e-16 max: 0.45520188 average: 0.061249532
ExecutionTime = 666.5201 s  ClockTime = 667 s

Time = 439s

smoothSolver:  Solving for Ux, Initial residual = 0.00046532307, Final residual = 6.3296661e-06, No Iterations 3
smoothSolver:  Solving for Uy, Initial residual = 0.0045656453, Final residual = 6.4582511e-05, No Iterations 3
smoothSolver:  Solving for Uz, Initial residual = 0.0044643563, Final residual = 6.4473002e-05, No Iterations 3
GAMG:  Solving for p, Initial residual = 0.0072163314, Final residual = 5.2681998e-05, No Iterations 3
GAMG:  Solving for p, Initial residual = 0.00014371799, Final residual = 9.9174121e-07, No Iterations 4
time step continuity errors : sum local = 1.1647239e-05, global = -2.3444407e-06, cumulative = -0.0023145411
smoothSolver:  Solving for omega, Initial residual = 0.00034728555, Final residual = 2.9093011e-06, No Iterations 2
smoothSolver:  Solving for k, Initial residual = 0.0012910836, Final residual = 1.3820926e-05, No Iterations 2
bounding k, min: 1.8495481e-16 max: 0.45611443 average: 0.061245339
ExecutionTime = 667.86107 s  ClockTime = 668 s

Time = 440s

smoothSolver:  Solving for Ux, Initial residual = 0.00046383456, Final residual = 6.3270023e-06, No Iterations 3
smoothSolver:  Solving for Uy, Initial residual = 0.0045571873, Final residual = 6.4601663e-05, No Iterations 3
smoothSolver:  Solving for Uz, Initial residual = 0.0044442296, Final residual = 6.4043174e-05, No Iterations 3
GAMG:  Solving for p, Initial residual = 0.0071940802, Final residual = 5.1344918e-05, No Iterations 3
GAMG:  Solving for p, Initial residual = 0.00014134616, Final residual = 9.2361619e-07, No Iterations 4
time step continuity errors : sum local = 1.0852401e-05, global = -2.1776361e-06, cumulative = -0.0023167187
smoothSolver:  Solving for omega, Initial residual = 0.00034424775, Final residual = 2.8890908e-06, No Iterations 2
smoothSolver:  Solving for k, Initial residual = 0.0012819393, Final residual = 1.3700872e-05, No Iterations 2
bounding k, min: 1.8640949e-16 max: 0.45703965 average: 0.061240597
ExecutionTime = 669.2297 s  ClockTime = 670 s

Time = 441s

smoothSolver:  Solving for Ux, Initial residual = 0.00046270051, Final residual = 6.328683e-06, No Iterations 3
smoothSolver:  Solving for Uy, Initial residual = 0.00454704, Final residual = 6.46127e-05, No Iterations 3
smoothSolver:  Solving for Uz, Initial residual = 0.0044234837, Final residual = 6.3701301e-05, No Iterations 3
GAMG:  Solving for p, Initial residual = 0.0071666538, Final residual = 4.9874699e-05, No Iterations 3
GAMG:  Solving for p, Initial residual = 0.00013885512, Final residual = 8.6329698e-07, No Iterations 4
time step continuity errors : sum local = 1.0152876e-05, global = -1.8338008e-06, cumulative = -0.0023185525
smoothSolver:  Solving for omega, Initial residual = 0.00034642896, Final residual = 2.8949402e-06, No Iterations 2
smoothSolver:  Solving for k, Initial residual = 0.0012713579, Final residual = 1.358074e-05, No Iterations 2
bounding k, min: 1.8831266e-16 max: 0.45797883 average: 0.061236549
ExecutionTime = 670.72044 s  ClockTime = 671 s

Time = 442s

smoothSolver:  Solving for Ux, Initial residual = 0.0004619211, Final residual = 6.3332548e-06, No Iterations 3
smoothSolver:  Solving for Uy, Initial residual = 0.0045356422, Final residual = 6.4531621e-05, No Iterations 3
smoothSolver:  Solving for Uz, Initial residual = 0.0044080552, Final residual = 6.3370259e-05, No Iterations 3
GAMG:  Solving for p, Initial residual = 0.0071337733, Final residual = 4.8919238e-05, No Iterations 3
GAMG:  Solving for p, Initial residual = 0.00013729131, Final residual = 8.2430256e-07, No Iterations 4
time step continuity errors : sum local = 9.7025663e-06, global = -1.8496649e-06, cumulative = -0.0023204022
smoothSolver:  Solving for omega, Initial residual = 0.00034458907, Final residual = 2.9329136e-06, No Iterations 2
smoothSolver:  Solving for k, Initial residual = 0.0012643657, Final residual = 1.3489831e-05, No Iterations 2
bounding k, min: 1.9047414e-16 max: 0.4589172 average: 0.061232648
ExecutionTime = 672.04876 s  ClockTime = 672 s

Time = 443s

smoothSolver:  Solving for Ux, Initial residual = 0.00046171443, Final residual = 6.3399573e-06, No Iterations 3
smoothSolver:  Solving for Uy, Initial residual = 0.0045250665, Final residual = 6.4413542e-05, No Iterations 3
smoothSolver:  Solving for Uz, Initial residual = 0.0043929291, Final residual = 6.3090344e-05, No Iterations 3
GAMG:  Solving for p, Initial residual = 0.0070973932, Final residual = 4.8454488e-05, No Iterations 3
GAMG:  Solving for p, Initial residual = 0.00013639986, Final residual = 8.1408936e-07, No Iterations 4
time step continuity errors : sum local = 9.5934322e-06, global = -1.6349919e-06, cumulative = -0.0023220372
smoothSolver:  Solving for omega, Initial residual = 0.00034785063, Final residual = 2.8940341e-06, No Iterations 2
smoothSolver:  Solving for k, Initial residual = 0.0012593634, Final residual = 1.3428078e-05, No Iterations 2
bounding k, min: 1.9266734e-16 max: 0.45986149 average: 0.0612276
ExecutionTime = 673.43467 s  ClockTime = 674 s

Time = 444s

smoothSolver:  Solving for Ux, Initial residual = 0.00046213594, Final residual = 6.3488593e-06, No Iterations 3
smoothSolver:  Solving for Uy, Initial residual = 0.0045127749, Final residual = 6.4226359e-05, No Iterations 3
smoothSolver:  Solving for Uz, Initial residual = 0.0043854541, Final residual = 6.2847037e-05, No Iterations 3
GAMG:  Solving for p, Initial residual = 0.0070459682, Final residual = 4.8441298e-05, No Iterations 3
GAMG:  Solving for p, Initial residual = 0.00013646008, Final residual = 8.2402528e-07, No Iterations 4
time step continuity errors : sum local = 9.7226065e-06, global = -1.8104659e-06, cumulative = -0.0023238476
smoothSolver:  Solving for omega, Initial residual = 0.00034457885, Final residual = 2.8376337e-06, No Iterations 2
smoothSolver:  Solving for k, Initial residual = 0.0012527975, Final residual = 1.3269622e-05, No Iterations 2
bounding k, min: 1.9460755e-16 max: 0.46080436 average: 0.061222743
ExecutionTime = 674.98267 s  ClockTime = 675 s

Time = 445s

smoothSolver:  Solving for Ux, Initial residual = 0.00046301465, Final residual = 6.3626723e-06, No Iterations 3
smoothSolver:  Solving for Uy, Initial residual = 0.0045015193, Final residual = 6.4025896e-05, No Iterations 3
smoothSolver:  Solving for Uz, Initial residual = 0.0043761767, Final residual = 6.2635794e-05, No Iterations 3
GAMG:  Solving for p, Initial residual = 0.0069893594, Final residual = 4.8177774e-05, No Iterations 3
GAMG:  Solving for p, Initial residual = 0.00013624745, Final residual = 8.4725357e-07, No Iterations 4
time step continuity errors : sum local = 1.0008219e-05, global = -1.8851842e-06, cumulative = -0.0023257328
smoothSolver:  Solving for omega, Initial residual = 0.00034588702, Final residual = 2.9304088e-06, No Iterations 2
smoothSolver:  Solving for k, Initial residual = 0.001242723, Final residual = 1.3210286e-05, No Iterations 2
bounding k, min: 1.9598505e-16 max: 0.46174936 average: 0.061218814
ExecutionTime = 676.82753 s  ClockTime = 677 s

Time = 446s

smoothSolver:  Solving for Ux, Initial residual = 0.00046447299, Final residual = 6.3815026e-06, No Iterations 3
smoothSolver:  Solving for Uy, Initial residual = 0.0044924821, Final residual = 6.3742467e-05, No Iterations 3
smoothSolver:  Solving for Uz, Initial residual = 0.0043733549, Final residual = 6.2470169e-05, No Iterations 3
GAMG:  Solving for p, Initial residual = 0.0069536795, Final residual = 4.7756881e-05, No Iterations 3
GAMG:  Solving for p, Initial residual = 0.00013590839, Final residual = 8.9461799e-07, No Iterations 4
time step continuity errors : sum local = 1.05763e-05, global = -2.128931e-06, cumulative = -0.0023278617
smoothSolver:  Solving for omega, Initial residual = 0.00034511897, Final residual = 2.9069629e-06, No Iterations 2
smoothSolver:  Solving for k, Initial residual = 0.0012372516, Final residual = 1.3081673e-05, No Iterations 2
bounding k, min: 1.9659028e-16 max: 0.46268591 average: 0.061214614
ExecutionTime = 678.26812 s  ClockTime = 679 s

Time = 447s

smoothSolver:  Solving for Ux, Initial residual = 0.000466407, Final residual = 6.4070625e-06, No Iterations 3
smoothSolver:  Solving for Uy, Initial residual = 0.0044836222, Final residual = 6.3489804e-05, No Iterations 3
smoothSolver:  Solving for Uz, Initial residual = 0.0043739136, Final residual = 6.2351995e-05, No Iterations 3
GAMG:  Solving for p, Initial residual = 0.0069404129, Final residual = 4.6929371e-05, No Iterations 3
GAMG:  Solving for p, Initial residual = 0.00013499764, Final residual = 9.643284e-07, No Iterations 4
time step continuity errors : sum local = 1.1409838e-05, global = -2.1760306e-06, cumulative = -0.0023300378
smoothSolver:  Solving for omega, Initial residual = 0.0003473019, Final residual = 2.8394934e-06, No Iterations 2
smoothSolver:  Solving for k, Initial residual = 0.001226413, Final residual = 1.2985169e-05, No Iterations 2
bounding k, min: 1.9641198e-16 max: 0.46362134 average: 0.061210792
ExecutionTime = 679.5768 s  ClockTime = 680 s

Time = 448s

smoothSolver:  Solving for Ux, Initial residual = 0.0004686434, Final residual = 6.4366054e-06, No Iterations 3
smoothSolver:  Solving for Uy, Initial residual = 0.0044793207, Final residual = 6.3228622e-05, No Iterations 3
smoothSolver:  Solving for Uz, Initial residual = 0.0043789708, Final residual = 6.2242239e-05, No Iterations 3
GAMG:  Solving for p, Initial residual = 0.0069588557, Final residual = 4.6192811e-05, No Iterations 3
GAMG:  Solving for p, Initial residual = 0.0001342737, Final residual = 1.0305446e-06, No Iterations 4
time step continuity errors : sum local = 1.2197023e-05, global = -2.312649e-06, cumulative = -0.0023323504
smoothSolver:  Solving for omega, Initial residual = 0.00034298922, Final residual = 2.9253764e-06, No Iterations 2
smoothSolver:  Solving for k, Initial residual = 0.0012191799, Final residual = 1.287121e-05, No Iterations 2
bounding k, min: 1.9558664e-16 max: 0.46455017 average: 0.061206838
ExecutionTime = 680.92015 s  ClockTime = 681 s

Time = 449s

smoothSolver:  Solving for Ux, Initial residual = 0.000471127, Final residual = 6.4694685e-06, No Iterations 3
smoothSolver:  Solving for Uy, Initial residual = 0.0044831912, Final residual = 6.3040764e-05, No Iterations 3
smoothSolver:  Solving for Uz, Initial residual = 0.0043869086, Final residual = 6.2222382e-05, No Iterations 3
GAMG:  Solving for p, Initial residual = 0.0070099747, Final residual = 4.5934776e-05, No Iterations 3
GAMG:  Solving for p, Initial residual = 0.0001340474, Final residual = 1.0764799e-06, No Iterations 4
time step continuity errors : sum local = 1.2743495e-05, global = -2.3631969e-06, cumulative = -0.0023347136
smoothSolver:  Solving for omega, Initial residual = 0.00034744328, Final residual = 2.8737483e-06, No Iterations 2
smoothSolver:  Solving for k, Initial residual = 0.0012090743, Final residual = 1.2781171e-05, No Iterations 2
bounding k, min: 1.9434534e-16 max: 0.46547965 average: 0.061203821
ExecutionTime = 682.25501 s  ClockTime = 683 s

Time = 450s

smoothSolver:  Solving for Ux, Initial residual = 0.00047369513, Final residual = 6.5010741e-06, No Iterations 3
smoothSolver:  Solving for Uy, Initial residual = 0.0044964558, Final residual = 6.2903763e-05, No Iterations 3
smoothSolver:  Solving for Uz, Initial residual = 0.0044007817, Final residual = 6.2200053e-05, No Iterations 3
GAMG:  Solving for p, Initial residual = 0.0070994277, Final residual = 4.6239997e-05, No Iterations 3
GAMG:  Solving for p, Initial residual = 0.00013426025, Final residual = 1.0807839e-06, No Iterations 4
time step continuity errors : sum local = 1.2791812e-05, global = -2.298076e-06, cumulative = -0.0023370117
smoothSolver:  Solving for omega, Initial residual = 0.00034505961, Final residual = 2.909612e-06, No Iterations 2
smoothSolver:  Solving for k, Initial residual = 0.0012012132, Final residual = 1.2642991e-05, No Iterations 2
bounding k, min: 1.9299693e-16 max: 0.46639845 average: 0.061201183
ExecutionTime = 683.63439 s  ClockTime = 684 s

Time = 451s

smoothSolver:  Solving for Ux, Initial residual = 0.000476216, Final residual = 6.5320099e-06, No Iterations 3
smoothSolver:  Solving for Uy, Initial residual = 0.004514383, Final residual = 6.283438e-05, No Iterations 3
smoothSolver:  Solving for Uz, Initial residual = 0.0044132252, Final residual = 6.2232125e-05, No Iterations 3
GAMG:  Solving for p, Initial residual = 0.0071777509, Final residual = 4.632192e-05, No Iterations 3
GAMG:  Solving for p, Initial residual = 0.00013415979, Final residual = 1.0768434e-06, No Iterations 4
time step continuity errors : sum local = 1.2739142e-05, global = -2.3678295e-06, cumulative = -0.0023393795
smoothSolver:  Solving for omega, Initial residual = 0.00034575826, Final residual = 2.8693301e-06, No Iterations 2
smoothSolver:  Solving for k, Initial residual = 0.0011964884, Final residual = 1.2639025e-05, No Iterations 2
bounding k, min: 1.9184324e-16 max: 0.46731434 average: 0.06119803
ExecutionTime = 685.1067 s  ClockTime = 686 s

Time = 452s

smoothSolver:  Solving for Ux, Initial residual = 0.00047842018, Final residual = 6.5584649e-06, No Iterations 3
smoothSolver:  Solving for Uy, Initial residual = 0.0045370523, Final residual = 6.27985e-05, No Iterations 3
smoothSolver:  Solving for Uz, Initial residual = 0.0044278206, Final residual = 6.2252995e-05, No Iterations 3
GAMG:  Solving for p, Initial residual = 0.0072717755, Final residual = 4.6461046e-05, No Iterations 3
GAMG:  Solving for p, Initial residual = 0.00013363439, Final residual = 9.9843864e-07, No Iterations 4
time step continuity errors : sum local = 1.1802648e-05, global = -2.1192984e-06, cumulative = -0.0023414988
smoothSolver:  Solving for omega, Initial residual = 0.00034204559, Final residual = 2.8401392e-06, No Iterations 2
smoothSolver:  Solving for k, Initial residual = 0.0011915193, Final residual = 1.2501609e-05, No Iterations 2
bounding k, min: 1.9109758e-16 max: 0.4682215 average: 0.061195089
ExecutionTime = 686.84776 s  ClockTime = 687 s

Time = 453s

smoothSolver:  Solving for Ux, Initial residual = 0.00048036757, Final residual = 6.5824573e-06, No Iterations 3
smoothSolver:  Solving for Uy, Initial residual = 0.004558793, Final residual = 6.2879138e-05, No Iterations 3
smoothSolver:  Solving for Uz, Initial residual = 0.004439657, Final residual = 6.2272249e-05, No Iterations 3
GAMG:  Solving for p, Initial residual = 0.0073462783, Final residual = 4.6338315e-05, No Iterations 3
GAMG:  Solving for p, Initial residual = 0.0001325949, Final residual = 9.138698e-07, No Iterations 4
time step continuity errors : sum local = 1.0796087e-05, global = -1.8283833e-06, cumulative = -0.0023433272
smoothSolver:  Solving for omega, Initial residual = 0.00034513687, Final residual = 2.8810296e-06, No Iterations 2
smoothSolver:  Solving for k, Initial residual = 0.0011846321, Final residual = 1.2486137e-05, No Iterations 2
bounding k, min: 1.908601e-16 max: 0.46912635 average: 0.061192595
ExecutionTime = 688.31626 s  ClockTime = 689 s

Time = 454s

smoothSolver:  Solving for Ux, Initial residual = 0.00048204135, Final residual = 6.6018275e-06, No Iterations 3
smoothSolver:  Solving for Uy, Initial residual = 0.0045799807, Final residual = 6.2847847e-05, No Iterations 3
smoothSolver:  Solving for Uz, Initial residual = 0.0044546441, Final residual = 6.2365637e-05, No Iterations 3
GAMG:  Solving for p, Initial residual = 0.007423176, Final residual = 4.6332351e-05, No Iterations 3
GAMG:  Solving for p, Initial residual = 0.00013163954, Final residual = 8.7288061e-07, No Iterations 4
time step continuity errors : sum local = 1.0307572e-05, global = -1.8909756e-06, cumulative = -0.0023452182
smoothSolver:  Solving for omega, Initial residual = 0.00034416045, Final residual = 2.9778284e-06, No Iterations 2
smoothSolver:  Solving for k, Initial residual = 0.0011795194, Final residual = 1.2321629e-05, No Iterations 2
bounding k, min: 1.9110851e-16 max: 0.4700171 average: 0.061190038
ExecutionTime = 689.7546 s  ClockTime = 690 s

Time = 455s

smoothSolver:  Solving for Ux, Initial residual = 0.0004834692, Final residual = 6.6195955e-06, No Iterations 3
smoothSolver:  Solving for Uy, Initial residual = 0.0045930102, Final residual = 6.2950679e-05, No Iterations 3
smoothSolver:  Solving for Uz, Initial residual = 0.0044683315, Final residual = 6.2469146e-05, No Iterations 3
GAMG:  Solving for p, Initial residual = 0.0074711541, Final residual = 4.629265e-05, No Iterations 3
GAMG:  Solving for p, Initial residual = 0.00013044054, Final residual = 8.3643731e-07, No Iterations 4
time step continuity errors : sum local = 9.8745447e-06, global = -1.7572674e-06, cumulative = -0.0023469755
smoothSolver:  Solving for omega, Initial residual = 0.00034857609, Final residual = 2.8725177e-06, No Iterations 2
smoothSolver:  Solving for k, Initial residual = 0.001174691, Final residual = 1.2388624e-05, No Iterations 2
bounding k, min: 1.9173572e-16 max: 0.47089438 average: 0.061186489
ExecutionTime = 691.23042 s  ClockTime = 692 s

Time = 456s

smoothSolver:  Solving for Ux, Initial residual = 0.0004846917, Final residual = 6.6353646e-06, No Iterations 3
smoothSolver:  Solving for Uy, Initial residual = 0.0046047628, Final residual = 6.2992049e-05, No Iterations 3
smoothSolver:  Solving for Uz, Initial residual = 0.0044841524, Final residual = 6.2594589e-05, No Iterations 3
GAMG:  Solving for p, Initial residual = 0.0074985894, Final residual = 4.6263405e-05, No Iterations 3
GAMG:  Solving for p, Initial residual = 0.00012932236, Final residual = 7.8882232e-07, No Iterations 4
time step continuity errors : sum local = 9.3119737e-06, global = -1.7264776e-06, cumulative = -0.0023487019
smoothSolver:  Solving for omega, Initial residual = 0.00034511313, Final residual = 2.89719e-06, No Iterations 2
smoothSolver:  Solving for k, Initial residual = 0.0011703992, Final residual = 1.2245655e-05, No Iterations 2
bounding k, min: 1.9265335e-16 max: 0.47175053 average: 0.061182568
ExecutionTime = 692.73045 s  ClockTime = 693 s

Time = 457s

smoothSolver:  Solving for Ux, Initial residual = 0.00048574658, Final residual = 6.654175e-06, No Iterations 3
smoothSolver:  Solving for Uy, Initial residual = 0.0046154892, Final residual = 6.3072113e-05, No Iterations 3
smoothSolver:  Solving for Uz, Initial residual = 0.0044956919, Final residual = 6.2706554e-05, No Iterations 3
GAMG:  Solving for p, Initial residual = 0.0074961143, Final residual = 4.6228417e-05, No Iterations 3
GAMG:  Solving for p, Initial residual = 0.00012827044, Final residual = 7.6572253e-07, No Iterations 4
time step continuity errors : sum local = 9.0419249e-06, global = -1.6538899e-06, cumulative = -0.0023503558
smoothSolver:  Solving for omega, Initial residual = 0.00034675823, Final residual = 2.9356159e-06, No Iterations 2
smoothSolver:  Solving for k, Initial residual = 0.0011649738, Final residual = 1.2261738e-05, No Iterations 2
bounding k, min: 1.9368156e-16 max: 0.47259102 average: 0.061179043
ExecutionTime = 694.07185 s  ClockTime = 695 s

Time = 458s

smoothSolver:  Solving for Ux, Initial residual = 0.00048671883, Final residual = 6.6755475e-06, No Iterations 3
smoothSolver:  Solving for Uy, Initial residual = 0.0046272563, Final residual = 6.3140695e-05, No Iterations 3
smoothSolver:  Solving for Uz, Initial residual = 0.004507228, Final residual = 6.2861974e-05, No Iterations 3
GAMG:  Solving for p, Initial residual = 0.0074753289, Final residual = 4.5922732e-05, No Iterations 3
GAMG:  Solving for p, Initial residual = 0.00012739205, Final residual = 7.6913441e-07, No Iterations 4
time step continuity errors : sum local = 9.0842301e-06, global = -1.5521924e-06, cumulative = -0.002351908
smoothSolver:  Solving for omega, Initial residual = 0.00034432643, Final residual = 2.8937933e-06, No Iterations 2
smoothSolver:  Solving for k, Initial residual = 0.001159743, Final residual = 1.2092735e-05, No Iterations 2
bounding k, min: 1.9426939e-16 max: 0.473412 average: 0.061174955
ExecutionTime = 695.72694 s  ClockTime = 696 s

Time = 459s

smoothSolver:  Solving for Ux, Initial residual = 0.00048797257, Final residual = 6.6995018e-06, No Iterations 3
smoothSolver:  Solving for Uy, Initial residual = 0.004640688, Final residual = 6.3233144e-05, No Iterations 3
smoothSolver:  Solving for Uz, Initial residual = 0.0045187916, Final residual = 6.2899381e-05, No Iterations 3
GAMG:  Solving for p, Initial residual = 0.0074383766, Final residual = 4.5142099e-05, No Iterations 3
GAMG:  Solving for p, Initial residual = 0.00012652651, Final residual = 7.9246312e-07, No Iterations 4
time step continuity errors : sum local = 9.3619183e-06, global = -1.5247783e-06, cumulative = -0.0023534328
smoothSolver:  Solving for omega, Initial residual = 0.00034779216, Final residual = 2.8668537e-06, No Iterations 2
smoothSolver:  Solving for k, Initial residual = 0.0011542496, Final residual = 1.2084645e-05, No Iterations 2
bounding k, min: 1.9402577e-16 max: 0.47421586 average: 0.061170155
ExecutionTime = 697.66055 s  ClockTime = 698 s

Time = 460s

smoothSolver:  Solving for Ux, Initial residual = 0.00048929633, Final residual = 6.7246979e-06, No Iterations 3
smoothSolver:  Solving for Uy, Initial residual = 0.0046580103, Final residual = 6.3351405e-05, No Iterations 3
smoothSolver:  Solving for Uz, Initial residual = 0.0045289395, Final residual = 6.2996516e-05, No Iterations 3
GAMG:  Solving for p, Initial residual = 0.0074326517, Final residual = 4.4168416e-05, No Iterations 3
GAMG:  Solving for p, Initial residual = 0.00012635582, Final residual = 7.9641828e-07, No Iterations 4
time step continuity errors : sum local = 9.4096458e-06, global = -1.6280973e-06, cumulative = -0.0023550609
smoothSolver:  Solving for omega, Initial residual = 0.00034431821, Final residual = 2.9275942e-06, No Iterations 2
smoothSolver:  Solving for k, Initial residual = 0.0011521092, Final residual = 1.1957868e-05, No Iterations 2
bounding k, min: 1.9414524e-16 max: 0.47500259 average: 0.061164995
ExecutionTime = 699.41903 s  ClockTime = 700 s

Time = 461s

smoothSolver:  Solving for Ux, Initial residual = 0.00049095661, Final residual = 6.754128e-06, No Iterations 3
smoothSolver:  Solving for Uy, Initial residual = 0.0046769497, Final residual = 6.3482905e-05, No Iterations 3
smoothSolver:  Solving for Uz, Initial residual = 0.0045355078, Final residual = 6.3062567e-05, No Iterations 3
GAMG:  Solving for p, Initial residual = 0.0074346395, Final residual = 4.3373636e-05, No Iterations 3
GAMG:  Solving for p, Initial residual = 0.00012685328, Final residual = 8.2279705e-07, No Iterations 4
time step continuity errors : sum local = 9.7191072e-06, global = -1.5996296e-06, cumulative = -0.0023566605
smoothSolver:  Solving for omega, Initial residual = 0.00034810434, Final residual = 2.9380583e-06, No Iterations 2
smoothSolver:  Solving for k, Initial residual = 0.0011450621, Final residual = 1.1913833e-05, No Iterations 2
bounding k, min: 1.9355961e-16 max: 0.47567884 average: 0.061160014
ExecutionTime = 700.95272 s  ClockTime = 701 s

Time = 462s

smoothSolver:  Solving for Ux, Initial residual = 0.00049295758, Final residual = 6.7815324e-06, No Iterations 3
smoothSolver:  Solving for Uy, Initial residual = 0.0046962093, Final residual = 6.3616236e-05, No Iterations 3
smoothSolver:  Solving for Uz, Initial residual = 0.0045403284, Final residual = 6.3088003e-05, No Iterations 3
GAMG:  Solving for p, Initial residual = 0.0074884531, Final residual = 4.3205736e-05, No Iterations 3
GAMG:  Solving for p, Initial residual = 0.00012835443, Final residual = 8.4586548e-07, No Iterations 4
time step continuity errors : sum local = 9.9871183e-06, global = -1.7421881e-06, cumulative = -0.0023584027
smoothSolver:  Solving for omega, Initial residual = 0.00034662292, Final residual = 2.9042938e-06, No Iterations 2
smoothSolver:  Solving for k, Initial residual = 0.0011436392, Final residual = 1.1812793e-05, No Iterations 2
bounding k, min: 1.912027e-16 max: 0.47626147 average: 0.061154623
ExecutionTime = 702.21496 s  ClockTime = 703 s

Time = 463s

smoothSolver:  Solving for Ux, Initial residual = 0.00049487184, Final residual = 6.8085747e-06, No Iterations 3
smoothSolver:  Solving for Uy, Initial residual = 0.0047144413, Final residual = 6.3710344e-05, No Iterations 3
smoothSolver:  Solving for Uz, Initial residual = 0.0045463173, Final residual = 6.3125787e-05, No Iterations 3
GAMG:  Solving for p, Initial residual = 0.0075579362, Final residual = 4.3556173e-05, No Iterations 3
GAMG:  Solving for p, Initial residual = 0.00013005867, Final residual = 8.8640515e-07, No Iterations 4
time step continuity errors : sum local = 1.0460773e-05, global = -1.8269483e-06, cumulative = -0.0023602297
smoothSolver:  Solving for omega, Initial residual = 0.00034752332, Final residual = 2.886844e-06, No Iterations 2
smoothSolver:  Solving for k, Initial residual = 0.0011384179, Final residual = 1.1760143e-05, No Iterations 2
bounding k, min: 1.8630176e-16 max: 0.47678376 average: 0.061149354
ExecutionTime = 703.55022 s  ClockTime = 704 s

Time = 464s

smoothSolver:  Solving for Ux, Initial residual = 0.00049687322, Final residual = 6.8329149e-06, No Iterations 3
smoothSolver:  Solving for Uy, Initial residual = 0.0047302274, Final residual = 6.3774238e-05, No Iterations 3
smoothSolver:  Solving for Uz, Initial residual = 0.0045517658, Final residual = 6.322195e-05, No Iterations 3
GAMG:  Solving for p, Initial residual = 0.0076089403, Final residual = 4.4274425e-05, No Iterations 3
GAMG:  Solving for p, Initial residual = 0.00013161421, Final residual = 9.1288262e-07, No Iterations 4
time step continuity errors : sum local = 1.0764262e-05, global = -1.834767e-06, cumulative = -0.0023620644
smoothSolver:  Solving for omega, Initial residual = 0.00034440078, Final residual = 2.8689319e-06, No Iterations 2
smoothSolver:  Solving for k, Initial residual = 0.0011347664, Final residual = 1.1640214e-05, No Iterations 2
bounding k, min: 1.7893979e-16 max: 0.4772655 average: 0.061143769
ExecutionTime = 704.88457 s  ClockTime = 705 s

Time = 465s

smoothSolver:  Solving for Ux, Initial residual = 0.00049913479, Final residual = 6.8530335e-06, No Iterations 3
smoothSolver:  Solving for Uy, Initial residual = 0.0047424183, Final residual = 6.3795476e-05, No Iterations 3
smoothSolver:  Solving for Uz, Initial residual = 0.0045597966, Final residual = 6.3338168e-05, No Iterations 3
GAMG:  Solving for p, Initial residual = 0.0076921637, Final residual = 4.5107614e-05, No Iterations 3
GAMG:  Solving for p, Initial residual = 0.00013245965, Final residual = 9.2678165e-07, No Iterations 4
time step continuity errors : sum local = 1.0919165e-05, global = -1.8362193e-06, cumulative = -0.0023639006
smoothSolver:  Solving for omega, Initial residual = 0.00034771331, Final residual = 2.9102406e-06, No Iterations 2
smoothSolver:  Solving for k, Initial residual = 0.0011275584, Final residual = 1.1532311e-05, No Iterations 2
bounding k, min: 1.6941578e-16 max: 0.47771444 average: 0.061139284
ExecutionTime = 706.46845 s  ClockTime = 707 s

Time = 466s

smoothSolver:  Solving for Ux, Initial residual = 0.00050117496, Final residual = 6.8671138e-06, No Iterations 3
smoothSolver:  Solving for Uy, Initial residual = 0.0047496235, Final residual = 6.3722449e-05, No Iterations 3
smoothSolver:  Solving for Uz, Initial residual = 0.0045707878, Final residual = 6.3507695e-05, No Iterations 3
GAMG:  Solving for p, Initial residual = 0.0077726697, Final residual = 4.6007207e-05, No Iterations 3
GAMG:  Solving for p, Initial residual = 0.0001329484, Final residual = 9.3899847e-07, No Iterations 4
time step continuity errors : sum local = 1.1052984e-05, global = -1.8066087e-06, cumulative = -0.0023657072
smoothSolver:  Solving for omega, Initial residual = 0.00034544834, Final residual = 2.9508565e-06, No Iterations 2
smoothSolver:  Solving for k, Initial residual = 0.0011258763, Final residual = 1.1430598e-05, No Iterations 2
bounding k, min: 1.5880115e-16 max: 0.47812892 average: 0.061134527
ExecutionTime = 708.00018 s  ClockTime = 708 s

Time = 467s

smoothSolver:  Solving for Ux, Initial residual = 0.00050302407, Final residual = 6.8782996e-06, No Iterations 3
smoothSolver:  Solving for Uy, Initial residual = 0.0047545193, Final residual = 6.3598409e-05, No Iterations 3
smoothSolver:  Solving for Uz, Initial residual = 0.0045900193, Final residual = 6.3769271e-05, No Iterations 3
GAMG:  Solving for p, Initial residual = 0.0078698165, Final residual = 4.6536433e-05, No Iterations 3
GAMG:  Solving for p, Initial residual = 0.00013252706, Final residual = 9.3650069e-07, No Iterations 4
time step continuity errors : sum local = 1.1015723e-05, global = -1.7856028e-06, cumulative = -0.0023674929
smoothSolver:  Solving for omega, Initial residual = 0.00035007213, Final residual = 2.8838188e-06, No Iterations 2
smoothSolver:  Solving for k, Initial residual = 0.0011196599, Final residual = 1.1383451e-05, No Iterations 2
bounding k, min: 1.4822432e-16 max: 0.47850391 average: 0.061130399
ExecutionTime = 709.73172 s  ClockTime = 710 s

Time = 468s

smoothSolver:  Solving for Ux, Initial residual = 0.00050479309, Final residual = 6.8850694e-06, No Iterations 3
smoothSolver:  Solving for Uy, Initial residual = 0.0047515172, Final residual = 6.3407887e-05, No Iterations 3
smoothSolver:  Solving for Uz, Initial residual = 0.0046112725, Final residual = 6.3971321e-05, No Iterations 3
GAMG:  Solving for p, Initial residual = 0.0079391522, Final residual = 4.6907896e-05, No Iterations 3
GAMG:  Solving for p, Initial residual = 0.00013205442, Final residual = 9.5252561e-07, No Iterations 4
time step continuity errors : sum local = 1.1195805e-05, global = -1.7963749e-06, cumulative = -0.0023692892
smoothSolver:  Solving for omega, Initial residual = 0.00034663361, Final residual = 2.882914e-06, No Iterations 2
smoothSolver:  Solving for k, Initial residual = 0.0011158917, Final residual = 1.1270244e-05, No Iterations 2
bounding k, min: 1.3866408e-16 max: 0.4788468 average: 0.061126484
ExecutionTime = 711.28262 s  ClockTime = 712 s

Time = 469s

smoothSolver:  Solving for Ux, Initial residual = 0.00050667913, Final residual = 6.8922692e-06, No Iterations 3
smoothSolver:  Solving for Uy, Initial residual = 0.0047480417, Final residual = 6.3219417e-05, No Iterations 3
smoothSolver:  Solving for Uz, Initial residual = 0.0046361474, Final residual = 6.4227992e-05, No Iterations 3
GAMG:  Solving for p, Initial residual = 0.0080196673, Final residual = 4.7141253e-05, No Iterations 3
GAMG:  Solving for p, Initial residual = 0.00013121511, Final residual = 9.230521e-07, No Iterations 4
time step continuity errors : sum local = 1.0843074e-05, global = -1.7621742e-06, cumulative = -0.0023710514
smoothSolver:  Solving for omega, Initial residual = 0.000348467, Final residual = 2.9586664e-06, No Iterations 2
smoothSolver:  Solving for k, Initial residual = 0.001114235, Final residual = 1.1272463e-05, No Iterations 2
bounding k, min: 1.3090392e-16 max: 0.47915395 average: 0.061122742
ExecutionTime = 713.1475 s  ClockTime = 714 s

Time = 470s

smoothSolver:  Solving for Ux, Initial residual = 0.00050828497, Final residual = 6.8990637e-06, No Iterations 3
smoothSolver:  Solving for Uy, Initial residual = 0.0047437619, Final residual = 6.3034307e-05, No Iterations 3
smoothSolver:  Solving for Uz, Initial residual = 0.0046616229, Final residual = 6.4447125e-05, No Iterations 3
GAMG:  Solving for p, Initial residual = 0.0080797561, Final residual = 4.7705469e-05, No Iterations 3
GAMG:  Solving for p, Initial residual = 0.00013095096, Final residual = 8.8213602e-07, No Iterations 4
time step continuity errors : sum local = 1.0357538e-05, global = -1.6663799e-06, cumulative = -0.0023727178
smoothSolver:  Solving for omega, Initial residual = 0.0003465393, Final residual = 2.9209916e-06, No Iterations 2
smoothSolver:  Solving for k, Initial residual = 0.0011122178, Final residual = 1.1151234e-05, No Iterations 2
bounding k, min: 1.2538282e-16 max: 0.47942446 average: 0.06111931
ExecutionTime = 714.95093 s  ClockTime = 715 s

Time = 471s

smoothSolver:  Solving for Ux, Initial residual = 0.00050993161, Final residual = 6.910226e-06, No Iterations 3
smoothSolver:  Solving for Uy, Initial residual = 0.0047339903, Final residual = 6.2770161e-05, No Iterations 3
smoothSolver:  Solving for Uz, Initial residual = 0.0046826214, Final residual = 6.4615756e-05, No Iterations 3
GAMG:  Solving for p, Initial residual = 0.008105119, Final residual = 4.8115105e-05, No Iterations 3
GAMG:  Solving for p, Initial residual = 0.00013061235, Final residual = 8.6878405e-07, No Iterations 4
time step continuity errors : sum local = 1.0198952e-05, global = -1.6508265e-06, cumulative = -0.0023743686
smoothSolver:  Solving for omega, Initial residual = 0.00035022654, Final residual = 2.8719755e-06, No Iterations 2
smoothSolver:  Solving for k, Initial residual = 0.0011105208, Final residual = 1.1131436e-05, No Iterations 2
bounding k, min: 1.2204025e-16 max: 0.47965737 average: 0.06111573
ExecutionTime = 716.60089 s  ClockTime = 717 s

Time = 472s

smoothSolver:  Solving for Ux, Initial residual = 0.00051139346, Final residual = 6.9198122e-06, No Iterations 3
smoothSolver:  Solving for Uy, Initial residual = 0.0047274464, Final residual = 6.2596954e-05, No Iterations 3
smoothSolver:  Solving for Uz, Initial residual = 0.0047040177, Final residual = 6.475415e-05, No Iterations 3
GAMG:  Solving for p, Initial residual = 0.0081320428, Final residual = 4.8638371e-05, No Iterations 3
GAMG:  Solving for p, Initial residual = 0.00013086789, Final residual = 9.2773613e-07, No Iterations 4
time step continuity errors : sum local = 1.0890849e-05, global = -1.7829053e-06, cumulative = -0.0023761515
smoothSolver:  Solving for omega, Initial residual = 0.00034855384, Final residual = 2.9520499e-06, No Iterations 2
smoothSolver:  Solving for k, Initial residual = 0.001113207, Final residual = 1.1107785e-05, No Iterations 2
bounding k, min: 1.2061e-16 max: 0.47986004 average: 0.061111822
ExecutionTime = 718.28076 s  ClockTime = 719 s

Time = 473s

smoothSolver:  Solving for Ux, Initial residual = 0.00051250918, Final residual = 6.9293846e-06, No Iterations 3
smoothSolver:  Solving for Uy, Initial residual = 0.0047179667, Final residual = 6.240842e-05, No Iterations 3
smoothSolver:  Solving for Uz, Initial residual = 0.0047223509, Final residual = 6.4944925e-05, No Iterations 3
GAMG:  Solving for p, Initial residual = 0.0081465834, Final residual = 4.9481771e-05, No Iterations 3
GAMG:  Solving for p, Initial residual = 0.00013178649, Final residual = 1.000831e-06, No Iterations 4
time step continuity errors : sum local = 1.1750864e-05, global = -2.0444572e-06, cumulative = -0.002378196
smoothSolver:  Solving for omega, Initial residual = 0.00035104452, Final residual = 2.9581787e-06, No Iterations 2
smoothSolver:  Solving for k, Initial residual = 0.0011104527, Final residual = 1.1056537e-05, No Iterations 2
bounding k, min: 1.205024e-16 max: 0.48003085 average: 0.061108311
ExecutionTime = 720.2624 s  ClockTime = 721 s

Time = 474s

smoothSolver:  Solving for Ux, Initial residual = 0.00051330523, Final residual = 6.9355006e-06, No Iterations 3
smoothSolver:  Solving for Uy, Initial residual = 0.0047118222, Final residual = 6.2326388e-05, No Iterations 3
smoothSolver:  Solving for Uz, Initial residual = 0.0047371798, Final residual = 6.5171224e-05, No Iterations 3
GAMG:  Solving for p, Initial residual = 0.0081717436, Final residual = 5.0468878e-05, No Iterations 3
GAMG:  Solving for p, Initial residual = 0.00013321567, Final residual = 1.0806289e-06, No Iterations 4
time step continuity errors : sum local = 1.2687714e-05, global = -2.388395e-06, cumulative = -0.0023805844
smoothSolver:  Solving for omega, Initial residual = 0.00034775496, Final residual = 2.9239362e-06, No Iterations 2
smoothSolver:  Solving for k, Initial residual = 0.0011072899, Final residual = 1.0889038e-05, No Iterations 2
bounding k, min: 1.148276e-16 max: 0.48016943 average: 0.061104213
ExecutionTime = 722.0575 s  ClockTime = 723 s

Time = 475s

smoothSolver:  Solving for Ux, Initial residual = 0.0005140237, Final residual = 6.9415805e-06, No Iterations 3
smoothSolver:  Solving for Uy, Initial residual = 0.0047107018, Final residual = 6.2332304e-05, No Iterations 3
smoothSolver:  Solving for Uz, Initial residual = 0.0047533502, Final residual = 6.5553658e-05, No Iterations 3
GAMG:  Solving for p, Initial residual = 0.0081862542, Final residual = 5.1565788e-05, No Iterations 3
GAMG:  Solving for p, Initial residual = 0.00013487416, Final residual = 1.1428601e-06, No Iterations 4
time step continuity errors : sum local = 1.3422507e-05, global = -2.5782755e-06, cumulative = -0.0023831626
smoothSolver:  Solving for omega, Initial residual = 0.0003502815, Final residual = 2.9461831e-06, No Iterations 2
smoothSolver:  Solving for k, Initial residual = 0.0011029634, Final residual = 1.0867249e-05, No Iterations 2
bounding k, min: 1.0972956e-16 max: 0.48027311 average: 0.061100077
ExecutionTime = 724.11731 s  ClockTime = 725 s

Time = 476s

smoothSolver:  Solving for Ux, Initial residual = 0.00051473527, Final residual = 6.9453994e-06, No Iterations 3
smoothSolver:  Solving for Uy, Initial residual = 0.0047090414, Final residual = 6.2335817e-05, No Iterations 3
smoothSolver:  Solving for Uz, Initial residual = 0.0047734393, Final residual = 6.6030415e-05, No Iterations 3
GAMG:  Solving for p, Initial residual = 0.0082006909, Final residual = 5.2350468e-05, No Iterations 3
GAMG:  Solving for p, Initial residual = 0.0001368337, Final residual = 1.2454974e-06, No Iterations 4
time step continuity errors : sum local = 1.4629561e-05, global = -2.7834321e-06, cumulative = -0.0023859461
smoothSolver:  Solving for omega, Initial residual = 0.00034830217, Final residual = 2.9079936e-06, No Iterations 2
smoothSolver:  Solving for k, Initial residual = 0.001101691, Final residual = 1.0798137e-05, No Iterations 2
bounding k, min: 1.0802722e-16 max: 0.48035032 average: 0.061095011
ExecutionTime = 725.75494 s  ClockTime = 726 s

Time = 477s

smoothSolver:  Solving for Ux, Initial residual = 0.00051563941, Final residual = 6.9530975e-06, No Iterations 3
smoothSolver:  Solving for Uy, Initial residual = 0.0047109392, Final residual = 6.2326462e-05, No Iterations 3
smoothSolver:  Solving for Uz, Initial residual = 0.004797528, Final residual = 6.6517372e-05, No Iterations 3
GAMG:  Solving for p, Initial residual = 0.0082863882, Final residual = 5.300803e-05, No Iterations 3
GAMG:  Solving for p, Initial residual = 0.00013858207, Final residual = 1.3562498e-06, No Iterations 4
time step continuity errors : sum local = 1.5928338e-05, global = -2.8446707e-06, cumulative = -0.0023887907
smoothSolver:  Solving for omega, Initial residual = 0.00035005262, Final residual = 2.9162024e-06, No Iterations 2
smoothSolver:  Solving for k, Initial residual = 0.0010972227, Final residual = 1.073927e-05, No Iterations 2
bounding k, min: 1.0610028e-16 max: 0.48039915 average: 0.061089849
ExecutionTime = 727.58538 s  ClockTime = 728 s

Time = 478s

smoothSolver:  Solving for Ux, Initial residual = 0.00051670918, Final residual = 6.9624459e-06, No Iterations 3
smoothSolver:  Solving for Uy, Initial residual = 0.0047142747, Final residual = 6.2285351e-05, No Iterations 3
smoothSolver:  Solving for Uz, Initial residual = 0.0048267001, Final residual = 6.6945694e-05, No Iterations 3
GAMG:  Solving for p, Initial residual = 0.0083610017, Final residual = 5.3652144e-05, No Iterations 3
GAMG:  Solving for p, Initial residual = 0.00014011299, Final residual = 8.2773573e-07, No Iterations 5
time step continuity errors : sum local = 9.7186687e-06, global = 1.5714276e-06, cumulative = -0.0023872193
smoothSolver:  Solving for omega, Initial residual = 0.00034844097, Final residual = 2.9936466e-06, No Iterations 2
smoothSolver:  Solving for k, Initial residual = 0.0010939569, Final residual = 1.0603407e-05, No Iterations 2
bounding k, min: 1.0560075e-16 max: 0.48041919 average: 0.061083816
ExecutionTime = 729.43764 s  ClockTime = 730 s

Time = 479s

smoothSolver:  Solving for Ux, Initial residual = 0.0005184578, Final residual = 6.9742656e-06, No Iterations 3
smoothSolver:  Solving for Uy, Initial residual = 0.0047181752, Final residual = 6.2215765e-05, No Iterations 3
smoothSolver:  Solving for Uz, Initial residual = 0.0048538224, Final residual = 6.7265561e-05, No Iterations 3
GAMG:  Solving for p, Initial residual = 0.0084495512, Final residual = 5.4224511e-05, No Iterations 3
GAMG:  Solving for p, Initial residual = 0.00014111519, Final residual = 8.5818405e-07, No Iterations 5
time step continuity errors : sum local = 1.0075601e-05, global = 1.6091282e-06, cumulative = -0.0023856102
smoothSolver:  Solving for omega, Initial residual = 0.00035348597, Final residual = 2.9742353e-06, No Iterations 2
smoothSolver:  Solving for k, Initial residual = 0.0010901696, Final residual = 1.059506e-05, No Iterations 2
bounding k, min: 1.0646449e-16 max: 0.48040568 average: 0.061077021
ExecutionTime = 731.33227 s  ClockTime = 732 s

Time = 480s

smoothSolver:  Solving for Ux, Initial residual = 0.00052047273, Final residual = 6.9837838e-06, No Iterations 3
smoothSolver:  Solving for Uy, Initial residual = 0.004722133, Final residual = 6.214311e-05, No Iterations 3
smoothSolver:  Solving for Uz, Initial residual = 0.0048820697, Final residual = 6.7461034e-05, No Iterations 3
GAMG:  Solving for p, Initial residual = 0.0085404918, Final residual = 5.4090573e-05, No Iterations 3
GAMG:  Solving for p, Initial residual = 0.0001415413, Final residual = 8.6893312e-07, No Iterations 5
time step continuity errors : sum local = 1.0196169e-05, global = 1.4420192e-06, cumulative = -0.0023841682
smoothSolver:  Solving for omega, Initial residual = 0.00035045379, Final residual = 2.9168453e-06, No Iterations 2
smoothSolver:  Solving for k, Initial residual = 0.0010921886, Final residual = 1.0531399e-05, No Iterations 2
bounding k, min: 1.0861638e-16 max: 0.48036662 average: 0.061069283
ExecutionTime = 733.00125 s  ClockTime = 733 s

Time = 481s

smoothSolver:  Solving for Ux, Initial residual = 0.00052263561, Final residual = 6.9939646e-06, No Iterations 3
smoothSolver:  Solving for Uy, Initial residual = 0.0047226255, Final residual = 6.1996143e-05, No Iterations 3
smoothSolver:  Solving for Uz, Initial residual = 0.0049068305, Final residual = 6.752921e-05, No Iterations 3
GAMG:  Solving for p, Initial residual = 0.0086217624, Final residual = 5.3500703e-05, No Iterations 3
GAMG:  Solving for p, Initial residual = 0.00014102496, Final residual = 8.4094524e-07, No Iterations 5
time step continuity errors : sum local = 9.8641933e-06, global = 1.3964327e-06, cumulative = -0.0023827717
smoothSolver:  Solving for omega, Initial residual = 0.00035114108, Final residual = 2.9771135e-06, No Iterations 2
smoothSolver:  Solving for k, Initial residual = 0.0010896551, Final residual = 1.050643e-05, No Iterations 2
bounding k, min: 1.1179223e-16 max: 0.48030015 average: 0.061061625
ExecutionTime = 734.8371 s  ClockTime = 735 s

Time = 482s

smoothSolver:  Solving for Ux, Initial residual = 0.00052490368, Final residual = 7.0042069e-06, No Iterations 3
smoothSolver:  Solving for Uy, Initial residual = 0.004722126, Final residual = 6.1839708e-05, No Iterations 3
smoothSolver:  Solving for Uz, Initial residual = 0.0049242988, Final residual = 6.7487594e-05, No Iterations 3
GAMG:  Solving for p, Initial residual = 0.0086878615, Final residual = 5.2239872e-05, No Iterations 3
GAMG:  Solving for p, Initial residual = 0.0001397775, Final residual = 1.3817131e-06, No Iterations 4
time step continuity errors : sum local = 1.6197103e-05, global = -2.2532303e-06, cumulative = -0.002385025
smoothSolver:  Solving for omega, Initial residual = 0.0003488793, Final residual = 2.9603799e-06, No Iterations 2
smoothSolver:  Solving for k, Initial residual = 0.00109028, Final residual = 1.0443892e-05, No Iterations 2
bounding k, min: 1.1552263e-16 max: 0.48020337 average: 0.061053054
ExecutionTime = 736.66088 s  ClockTime = 737 s

Time = 483s

smoothSolver:  Solving for Ux, Initial residual = 0.00052714805, Final residual = 7.0136178e-06, No Iterations 3
smoothSolver:  Solving for Uy, Initial residual = 0.0047205541, Final residual = 6.1728623e-05, No Iterations 3
smoothSolver:  Solving for Uz, Initial residual = 0.0049382703, Final residual = 6.7404704e-05, No Iterations 3
GAMG:  Solving for p, Initial residual = 0.0087835829, Final residual = 5.135669e-05, No Iterations 3
GAMG:  Solving for p, Initial residual = 0.00013865793, Final residual = 1.310235e-06, No Iterations 4
time step continuity errors : sum local = 1.5349157e-05, global = -2.0703826e-06, cumulative = -0.0023870953
smoothSolver:  Solving for omega, Initial residual = 0.00035226949, Final residual = 2.9282074e-06, No Iterations 2
smoothSolver:  Solving for k, Initial residual = 0.0010871479, Final residual = 1.0411076e-05, No Iterations 2
bounding k, min: 1.1718549e-16 max: 0.48007415 average: 0.061044555
ExecutionTime = 738.25935 s  ClockTime = 739 s

Time = 484s

smoothSolver:  Solving for Ux, Initial residual = 0.00052901954, Final residual = 7.0213594e-06, No Iterations 3
smoothSolver:  Solving for Uy, Initial residual = 0.0047230316, Final residual = 6.1724192e-05, No Iterations 3
smoothSolver:  Solving for Uz, Initial residual = 0.0049498917, Final residual = 6.7365859e-05, No Iterations 3
GAMG:  Solving for p, Initial residual = 0.0088754185, Final residual = 5.0974204e-05, No Iterations 3
GAMG:  Solving for p, Initial residual = 0.00013806748, Final residual = 1.2466502e-06, No Iterations 4
time step continuity errors : sum local = 1.4590379e-05, global = -2.272328e-06, cumulative = -0.0023893677
smoothSolver:  Solving for omega, Initial residual = 0.00035025741, Final residual = 2.947133e-06, No Iterations 2
smoothSolver:  Solving for k, Initial residual = 0.0010863521, Final residual = 1.0357669e-05, No Iterations 2
bounding k, min: 1.1862892e-16 max: 0.47991897 average: 0.061035825
ExecutionTime = 739.78089 s  ClockTime = 740 s

Time = 485s

smoothSolver:  Solving for Ux, Initial residual = 0.000530777, Final residual = 7.0295019e-06, No Iterations 3
smoothSolver:  Solving for Uy, Initial residual = 0.0047264528, Final residual = 6.1762605e-05, No Iterations 3
smoothSolver:  Solving for Uz, Initial residual = 0.0049595044, Final residual = 6.7408005e-05, No Iterations 3
GAMG:  Solving for p, Initial residual = 0.0089717587, Final residual = 5.1014305e-05, No Iterations 3
GAMG:  Solving for p, Initial residual = 0.00013767349, Final residual = 1.1490469e-06, No Iterations 4
time step continuity errors : sum local = 1.343709e-05, global = -2.2321691e-06, cumulative = -0.0023915998
smoothSolver:  Solving for omega, Initial residual = 0.00035293783, Final residual = 2.9710291e-06, No Iterations 2
smoothSolver:  Solving for k, Initial residual = 0.0010833765, Final residual = 1.0392166e-05, No Iterations 2
bounding k, min: 1.1810965e-16 max: 0.4797356 average: 0.061027746
ExecutionTime = 741.14516 s  ClockTime = 742 s

Time = 486s

smoothSolver:  Solving for Ux, Initial residual = 0.00053216673, Final residual = 7.0384725e-06, No Iterations 3
smoothSolver:  Solving for Uy, Initial residual = 0.0047321793, Final residual = 6.1872752e-05, No Iterations 3
smoothSolver:  Solving for Uz, Initial residual = 0.0049703134, Final residual = 6.7535574e-05, No Iterations 3
GAMG:  Solving for p, Initial residual = 0.0090745238, Final residual = 5.1113599e-05, No Iterations 3
GAMG:  Solving for p, Initial residual = 0.00013735922, Final residual = 1.1205781e-06, No Iterations 4
time step continuity errors : sum local = 1.3089597e-05, global = -2.5594405e-06, cumulative = -0.0023941593
smoothSolver:  Solving for omega, Initial residual = 0.00035077626, Final residual = 2.9592429e-06, No Iterations 2
smoothSolver:  Solving for k, Initial residual = 0.0010848127, Final residual = 1.0301437e-05, No Iterations 2
bounding k, min: 1.1764484e-16 max: 0.47952388 average: 0.061019674
ExecutionTime = 742.66449 s  ClockTime = 743 s

Time = 487s

smoothSolver:  Solving for Ux, Initial residual = 0.00053366354, Final residual = 7.0496134e-06, No Iterations 3
smoothSolver:  Solving for Uy, Initial residual = 0.004742145, Final residual = 6.2064461e-05, No Iterations 3
smoothSolver:  Solving for Uz, Initial residual = 0.0049837463, Final residual = 6.7705525e-05, No Iterations 3
GAMG:  Solving for p, Initial residual = 0.0091770502, Final residual = 5.1420126e-05, No Iterations 3
GAMG:  Solving for p, Initial residual = 0.00013669444, Final residual = 9.9893915e-07, No Iterations 4
time step continuity errors : sum local = 1.1661912e-05, global = -2.1823448e-06, cumulative = -0.0023963416
smoothSolver:  Solving for omega, Initial residual = 0.00035197579, Final residual = 2.985451e-06, No Iterations 2
smoothSolver:  Solving for k, Initial residual = 0.0010840609, Final residual = 1.0363697e-05, No Iterations 2
bounding k, min: 1.1503575e-16 max: 0.47928508 average: 0.061011976
ExecutionTime = 743.99167 s  ClockTime = 744 s

Time = 488s

smoothSolver:  Solving for Ux, Initial residual = 0.00053495, Final residual = 7.0615963e-06, No Iterations 3
smoothSolver:  Solving for Uy, Initial residual = 0.004748784, Final residual = 6.2181694e-05, No Iterations 3
smoothSolver:  Solving for Uz, Initial residual = 0.0049964383, Final residual = 6.7919222e-05, No Iterations 3
GAMG:  Solving for p, Initial residual = 0.0092376321, Final residual = 5.2023175e-05, No Iterations 3
GAMG:  Solving for p, Initial residual = 0.00013624046, Final residual = 9.4725129e-07, No Iterations 4
time step continuity errors : sum local = 1.104814e-05, global = -2.0840901e-06, cumulative = -0.0023984257
smoothSolver:  Solving for omega, Initial residual = 0.00034808945, Final residual = 2.9063049e-06, No Iterations 2
smoothSolver:  Solving for k, Initial residual = 0.0010860513, Final residual = 1.0338194e-05, No Iterations 2
bounding k, min: 1.1128163e-16 max: 0.47902928 average: 0.061004066
ExecutionTime = 745.38346 s  ClockTime = 746 s

Time = 489s

smoothSolver:  Solving for Ux, Initial residual = 0.00053630669, Final residual = 7.0762813e-06, No Iterations 3
smoothSolver:  Solving for Uy, Initial residual = 0.0047492918, Final residual = 6.2193187e-05, No Iterations 3
smoothSolver:  Solving for Uz, Initial residual = 0.0050113644, Final residual = 6.8079216e-05, No Iterations 3
GAMG:  Solving for p, Initial residual = 0.0092862634, Final residual = 5.2609414e-05, No Iterations 3
GAMG:  Solving for p, Initial residual = 0.00013531588, Final residual = 8.3120322e-07, No Iterations 4
time step continuity errors : sum local = 9.6879304e-06, global = -1.6692858e-06, cumulative = -0.002400095
smoothSolver:  Solving for omega, Initial residual = 0.00035057146, Final residual = 2.9179564e-06, No Iterations 2
smoothSolver:  Solving for k, Initial residual = 0.0010830069, Final residual = 1.0338974e-05, No Iterations 2
bounding k, min: 1.090045e-16 max: 0.47875651 average: 0.06099719
ExecutionTime = 746.73728 s  ClockTime = 747 s

Time = 490s

smoothSolver:  Solving for Ux, Initial residual = 0.00053790231, Final residual = 7.0936061e-06, No Iterations 3
smoothSolver:  Solving for Uy, Initial residual = 0.0047477135, Final residual = 6.2147264e-05, No Iterations 3
smoothSolver:  Solving for Uz, Initial residual = 0.0050226407, Final residual = 6.8125189e-05, No Iterations 3
GAMG:  Solving for p, Initial residual = 0.0092905654, Final residual = 5.2705895e-05, No Iterations 3
GAMG:  Solving for p, Initial residual = 0.00013430731, Final residual = 7.5233253e-07, No Iterations 4
time step continuity errors : sum local = 8.762302e-06, global = -1.4939114e-06, cumulative = -0.0024015889
smoothSolver:  Solving for omega, Initial residual = 0.00035044863, Final residual = 3.0119498e-06, No Iterations 2
smoothSolver:  Solving for k, Initial residual = 0.0010866362, Final residual = 1.0327565e-05, No Iterations 2
bounding k, min: 1.0518622e-16 max: 0.47846882 average: 0.060989971
ExecutionTime = 748.2122 s  ClockTime = 749 s

Time = 491s

smoothSolver:  Solving for Ux, Initial residual = 0.00053956648, Final residual = 7.117483e-06, No Iterations 3
smoothSolver:  Solving for Uy, Initial residual = 0.0047478479, Final residual = 6.2048764e-05, No Iterations 3
smoothSolver:  Solving for Uz, Initial residual = 0.0050338833, Final residual = 6.8093485e-05, No Iterations 3
GAMG:  Solving for p, Initial residual = 0.0093050968, Final residual = 5.2622997e-05, No Iterations 3
GAMG:  Solving for p, Initial residual = 0.0001330335, Final residual = 6.4943419e-07, No Iterations 4
time step continuity errors : sum local = 7.5616887e-06, global = -1.1951481e-06, cumulative = -0.0024027841
smoothSolver:  Solving for omega, Initial residual = 0.00035362701, Final residual = 2.9599205e-06, No Iterations 2
smoothSolver:  Solving for k, Initial residual = 0.0010840765, Final residual = 1.0315657e-05, No Iterations 2
bounding k, min: 1.0211669e-16 max: 0.47816878 average: 0.060983217
ExecutionTime = 749.56148 s  ClockTime = 750 s

Time = 492s

smoothSolver:  Solving for Ux, Initial residual = 0.00054103383, Final residual = 7.1477588e-06, No Iterations 3
smoothSolver:  Solving for Uy, Initial residual = 0.0047437663, Final residual = 6.1959895e-05, No Iterations 3
smoothSolver:  Solving for Uz, Initial residual = 0.0050381727, Final residual = 6.7930472e-05, No Iterations 3
GAMG:  Solving for p, Initial residual = 0.0092958409, Final residual = 5.2741602e-05, No Iterations 3
GAMG:  Solving for p, Initial residual = 0.00013282247, Final residual = 6.2213939e-07, No Iterations 4
time step continuity errors : sum local = 7.2401574e-06, global = -1.2199145e-06, cumulative = -0.002404004
smoothSolver:  Solving for omega, Initial residual = 0.00034921676, Final residual = 2.9162611e-06, No Iterations 2
smoothSolver:  Solving for k, Initial residual = 0.0010830575, Final residual = 1.0285058e-05, No Iterations 2
bounding k, min: 9.987876e-17 max: 0.47786649 average: 0.060975929
ExecutionTime = 750.86459 s  ClockTime = 751 s

Time = 493s

smoothSolver:  Solving for Ux, Initial residual = 0.00054252013, Final residual = 7.1819961e-06, No Iterations 3
smoothSolver:  Solving for Uy, Initial residual = 0.0047430738, Final residual = 6.1961405e-05, No Iterations 3
smoothSolver:  Solving for Uz, Initial residual = 0.0050368967, Final residual = 6.7718933e-05, No Iterations 3
GAMG:  Solving for p, Initial residual = 0.009272841, Final residual = 5.3461892e-05, No Iterations 3
GAMG:  Solving for p, Initial residual = 0.00013352723, Final residual = 6.3236776e-07, No Iterations 4
time step continuity errors : sum local = 7.3584314e-06, global = -1.3932997e-06, cumulative = -0.0024053973
smoothSolver:  Solving for omega, Initial residual = 0.00035028965, Final residual = 2.9878893e-06, No Iterations 2
smoothSolver:  Solving for k, Initial residual = 0.0010827459, Final residual = 1.0357982e-05, No Iterations 2
bounding k, min: 9.840291e-17 max: 0.47756343 average: 0.060968851
ExecutionTime = 752.28534 s  ClockTime = 753 s

Time = 494s

smoothSolver:  Solving for Ux, Initial residual = 0.00054367438, Final residual = 7.2162574e-06, No Iterations 3
smoothSolver:  Solving for Uy, Initial residual = 0.0047490741, Final residual = 6.2159521e-05, No Iterations 3
smoothSolver:  Solving for Uz, Initial residual = 0.0050382312, Final residual = 6.7562208e-05, No Iterations 3
GAMG:  Solving for p, Initial residual = 0.0092589907, Final residual = 5.4384114e-05, No Iterations 3
GAMG:  Solving for p, Initial residual = 0.00013479222, Final residual = 6.8893269e-07, No Iterations 4
time step continuity errors : sum local = 8.0134994e-06, global = -1.4221448e-06, cumulative = -0.0024068194
smoothSolver:  Solving for omega, Initial residual = 0.00035075828, Final residual = 2.9620503e-06, No Iterations 2
smoothSolver:  Solving for k, Initial residual = 0.0010860869, Final residual = 1.0345022e-05, No Iterations 2
bounding k, min: 9.752105e-17 max: 0.47726096 average: 0.060960984
ExecutionTime = 753.61833 s  ClockTime = 754 s

Time = 495s

smoothSolver:  Solving for Ux, Initial residual = 0.00054481685, Final residual = 7.2455773e-06, No Iterations 3
smoothSolver:  Solving for Uy, Initial residual = 0.0047638385, Final residual = 6.2560096e-05, No Iterations 3
smoothSolver:  Solving for Uz, Initial residual = 0.0050358693, Final residual = 6.7530519e-05, No Iterations 3
GAMG:  Solving for p, Initial residual = 0.0092706045, Final residual = 5.5564926e-05, No Iterations 3
GAMG:  Solving for p, Initial residual = 0.0001362241, Final residual = 7.2652134e-07, No Iterations 4
time step continuity errors : sum local = 8.4489137e-06, global = -1.3851555e-06, cumulative = -0.0024082046
smoothSolver:  Solving for omega, Initial residual = 0.0003519308, Final residual = 2.8971956e-06, No Iterations 2
smoothSolver:  Solving for k, Initial residual = 0.0010848484, Final residual = 1.0359783e-05, No Iterations 2
bounding k, min: 9.7047402e-17 max: 0.47696237 average: 0.060952143
ExecutionTime = 754.95852 s  ClockTime = 755 s

Time = 496s

smoothSolver:  Solving for Ux, Initial residual = 0.00054581939, Final residual = 7.2678355e-06, No Iterations 3
smoothSolver:  Solving for Uy, Initial residual = 0.0047897036, Final residual = 6.3194547e-05, No Iterations 3
smoothSolver:  Solving for Uz, Initial residual = 0.0050351982, Final residual = 6.7646156e-05, No Iterations 3
GAMG:  Solving for p, Initial residual = 0.0092814098, Final residual = 5.6710659e-05, No Iterations 3
GAMG:  Solving for p, Initial residual = 0.00013792509, Final residual = 8.0822661e-07, No Iterations 4
time step continuity errors : sum local = 9.3953007e-06, global = -1.6658611e-06, cumulative = -0.0024098704
smoothSolver:  Solving for omega, Initial residual = 0.00034670608, Final residual = 2.9317825e-06, No Iterations 2
smoothSolver:  Solving for k, Initial residual = 0.0010844661, Final residual = 1.0341226e-05, No Iterations 2
bounding k, min: 9.6793954e-17 max: 0.47667221 average: 0.060943063
ExecutionTime = 756.15471 s  ClockTime = 757 s

Time = 497s

smoothSolver:  Solving for Ux, Initial residual = 0.00054649693, Final residual = 7.284748e-06, No Iterations 3
smoothSolver:  Solving for Uy, Initial residual = 0.0048259456, Final residual = 6.3909332e-05, No Iterations 3
smoothSolver:  Solving for Uz, Initial residual = 0.0050324761, Final residual = 6.7796874e-05, No Iterations 3
GAMG:  Solving for p, Initial residual = 0.009290293, Final residual = 5.7950827e-05, No Iterations 3
GAMG:  Solving for p, Initial residual = 0.00013955511, Final residual = 8.4620273e-07, No Iterations 4
time step continuity errors : sum local = 9.8313758e-06, global = -1.4616572e-06, cumulative = -0.0024113321
smoothSolver:  Solving for omega, Initial residual = 0.00035042297, Final residual = 2.9689957e-06, No Iterations 2
smoothSolver:  Solving for k, Initial residual = 0.0010837491, Final residual = 1.0395656e-05, No Iterations 2
bounding k, min: 9.6652776e-17 max: 0.47639221 average: 0.060933298
ExecutionTime = 757.434 s  ClockTime = 758 s

Time = 498s

smoothSolver:  Solving for Ux, Initial residual = 0.00054714847, Final residual = 7.2969106e-06, No Iterations 3
smoothSolver:  Solving for Uy, Initial residual = 0.0048662283, Final residual = 6.4618185e-05, No Iterations 3
smoothSolver:  Solving for Uz, Initial residual = 0.0050355167, Final residual = 6.7945373e-05, No Iterations 3
GAMG:  Solving for p, Initial residual = 0.0092968632, Final residual = 5.9396469e-05, No Iterations 3
GAMG:  Solving for p, Initial residual = 0.00014147841, Final residual = 8.3974387e-07, No Iterations 4
time step continuity errors : sum local = 9.7476217e-06, global = -8.9129989e-07, cumulative = -0.0024122234
smoothSolver:  Solving for omega, Initial residual = 0.00034974883, Final residual = 2.9743404e-06, No Iterations 2
smoothSolver:  Solving for k, Initial residual = 0.0010848747, Final residual = 1.0341324e-05, No Iterations 2
bounding k, min: 9.6562424e-17 max: 0.4761211 average: 0.060922423
ExecutionTime = 758.73966 s  ClockTime = 759 s

Time = 499s

smoothSolver:  Solving for Ux, Initial residual = 0.0005476795, Final residual = 7.3060657e-06, No Iterations 3
smoothSolver:  Solving for Uy, Initial residual = 0.0049008796, Final residual = 6.5223624e-05, No Iterations 3
smoothSolver:  Solving for Uz, Initial residual = 0.0050397214, Final residual = 6.7995253e-05, No Iterations 3
GAMG:  Solving for p, Initial residual = 0.0092713259, Final residual = 6.1345437e-05, No Iterations 3
GAMG:  Solving for p, Initial residual = 0.00014372962, Final residual = 8.3382577e-07, No Iterations 4
time step continuity errors : sum local = 9.6729451e-06, global = -5.8043793e-07, cumulative = -0.0024128038
smoothSolver:  Solving for omega, Initial residual = 0.00035247129, Final residual = 2.9764931e-06, No Iterations 2
smoothSolver:  Solving for k, Initial residual = 0.0010897181, Final residual = 1.0482626e-05, No Iterations 2
bounding k, min: 9.6527327e-17 max: 0.47585448 average: 0.060910537
ExecutionTime = 760.10856 s  ClockTime = 761 s

Time = 500s

smoothSolver:  Solving for Ux, Initial residual = 0.0005486011, Final residual = 7.3138467e-06, No Iterations 3
smoothSolver:  Solving for Uy, Initial residual = 0.0049338734, Final residual = 6.5669497e-05, No Iterations 3
smoothSolver:  Solving for Uz, Initial residual = 0.0050525988, Final residual = 6.8016685e-05, No Iterations 3
GAMG:  Solving for p, Initial residual = 0.0092706458, Final residual = 6.269255e-05, No Iterations 3
GAMG:  Solving for p, Initial residual = 0.00014534597, Final residual = 8.946188e-07, No Iterations 4
time step continuity errors : sum local = 1.0369967e-05, global = -8.7422155e-07, cumulative = -0.0024136781
smoothSolver:  Solving for omega, Initial residual = 0.00034901362, Final residual = 2.9310165e-06, No Iterations 2
smoothSolver:  Solving for k, Initial residual = 0.0010928766, Final residual = 1.0423879e-05, No Iterations 2
bounding k, min: 9.6598199e-17 max: 0.47559358 average: 0.060898111
ExecutionTime = 761.41594 s  ClockTime = 762 s

Time = 501s

smoothSolver:  Solving for Ux, Initial residual = 0.00054952463, Final residual = 7.3261867e-06, No Iterations 3
smoothSolver:  Solving for Uy, Initial residual = 0.0049570777, Final residual = 6.5921831e-05, No Iterations 3
smoothSolver:  Solving for Uz, Initial residual = 0.0050596589, Final residual = 6.787609e-05, No Iterations 3
GAMG:  Solving for p, Initial residual = 0.0092310934, Final residual = 6.318522e-05, No Iterations 3
GAMG:  Solving for p, Initial residual = 0.00014589815, Final residual = 9.2752908e-07, No Iterations 4
time step continuity errors : sum local = 1.0743081e-05, global = -7.2663605e-07, cumulative = -0.0024144047
smoothSolver:  Solving for omega, Initial residual = 0.00035246093, Final residual = 2.9859181e-06, No Iterations 2
smoothSolver:  Solving for k, Initial residual = 0.0010938656, Final residual = 1.0483483e-05, No Iterations 2
bounding k, min: 9.6830958e-17 max: 0.47533543 average: 0.060885701
ExecutionTime = 762.75476 s  ClockTime = 763 s

Time = 502s

smoothSolver:  Solving for Ux, Initial residual = 0.00055077094, Final residual = 7.3421911e-06, No Iterations 3
smoothSolver:  Solving for Uy, Initial residual = 0.0049713206, Final residual = 6.5987058e-05, No Iterations 3
smoothSolver:  Solving for Uz, Initial residual = 0.0050726593, Final residual = 6.7715808e-05, No Iterations 3
GAMG:  Solving for p, Initial residual = 0.0091883033, Final residual = 6.2762662e-05, No Iterations 3
GAMG:  Solving for p, Initial residual = 0.00014557749, Final residual = 9.39614e-07, No Iterations 4
time step continuity errors : sum local = 1.0874284e-05, global = -4.862151e-07, cumulative = -0.0024148909
smoothSolver:  Solving for omega, Initial residual = 0.00035139761, Final residual = 3.0568053e-06, No Iterations 2
smoothSolver:  Solving for k, Initial residual = 0.001098477, Final residual = 1.0466955e-05, No Iterations 2
bounding k, min: 9.7207007e-17 max: 0.47507424 average: 0.060873271
ExecutionTime = 764.09363 s  ClockTime = 765 s

Time = 503s

smoothSolver:  Solving for Ux, Initial residual = 0.00055197378, Final residual = 7.3637448e-06, No Iterations 3
smoothSolver:  Solving for Uy, Initial residual = 0.0049721466, Final residual = 6.5932732e-05, No Iterations 3
smoothSolver:  Solving for Uz, Initial residual = 0.0050792868, Final residual = 6.7526509e-05, No Iterations 3
GAMG:  Solving for p, Initial residual = 0.0091369584, Final residual = 6.1976372e-05, No Iterations 3
GAMG:  Solving for p, Initial residual = 0.00014453006, Final residual = 9.1211087e-07, No Iterations 4
time step continuity errors : sum local = 1.0547959e-05, global = -1.1260699e-06, cumulative = -0.002416017
smoothSolver:  Solving for omega, Initial residual = 0.00035380653, Final residual = 2.9653121e-06, No Iterations 2
smoothSolver:  Solving for k, Initial residual = 0.001100361, Final residual = 1.0521376e-05, No Iterations 2
bounding k, min: 9.7665345e-17 max: 0.47480624 average: 0.060860972
ExecutionTime = 765.99598 s  ClockTime = 766 s

Time = 504s

smoothSolver:  Solving for Ux, Initial residual = 0.00055318208, Final residual = 7.3911039e-06, No Iterations 3
smoothSolver:  Solving for Uy, Initial residual = 0.0049704232, Final residual = 6.5864297e-05, No Iterations 3
smoothSolver:  Solving for Uz, Initial residual = 0.0050809566, Final residual = 6.742207e-05, No Iterations 3
GAMG:  Solving for p, Initial residual = 0.0090938493, Final residual = 6.0842586e-05, No Iterations 3
GAMG:  Solving for p, Initial residual = 0.00014329228, Final residual = 8.2689319e-07, No Iterations 4
time step continuity errors : sum local = 9.553305e-06, global = -1.1916489e-06, cumulative = -0.0024172086
smoothSolver:  Solving for omega, Initial residual = 0.00034870128, Final residual = 2.9274515e-06, No Iterations 2
smoothSolver:  Solving for k, Initial residual = 0.0011046473, Final residual = 1.0497237e-05, No Iterations 2
bounding k, min: 9.8051592e-17 max: 0.47453119 average: 0.060849259
ExecutionTime = 767.79089 s  ClockTime = 768 s

Time = 505s

smoothSolver:  Solving for Ux, Initial residual = 0.0005543913, Final residual = 7.4259019e-06, No Iterations 3
smoothSolver:  Solving for Uy, Initial residual = 0.0049702792, Final residual = 6.5920699e-05, No Iterations 3
smoothSolver:  Solving for Uz, Initial residual = 0.0050812623, Final residual = 6.7377624e-05, No Iterations 3
GAMG:  Solving for p, Initial residual = 0.009040149, Final residual = 5.9491653e-05, No Iterations 3
GAMG:  Solving for p, Initial residual = 0.0001415786, Final residual = 6.897324e-07, No Iterations 4
time step continuity errors : sum local = 7.9637486e-06, global = -9.2419724e-07, cumulative = -0.0024181328
smoothSolver:  Solving for omega, Initial residual = 0.00035117419, Final residual = 2.9998315e-06, No Iterations 2
smoothSolver:  Solving for k, Initial residual = 0.001105726, Final residual = 1.0559929e-05, No Iterations 2
bounding k, min: 9.8168042e-17 max: 0.47424573 average: 0.060838724
ExecutionTime = 769.68785 s  ClockTime = 770 s

Time = 506s

smoothSolver:  Solving for Ux, Initial residual = 0.00055548732, Final residual = 7.4652396e-06, No Iterations 3
smoothSolver:  Solving for Uy, Initial residual = 0.0049721418, Final residual = 6.6124935e-05, No Iterations 3
smoothSolver:  Solving for Uz, Initial residual = 0.0050816257, Final residual = 6.7438416e-05, No Iterations 3
GAMG:  Solving for p, Initial residual = 0.0090019843, Final residual = 5.8514611e-05, No Iterations 3
GAMG:  Solving for p, Initial residual = 0.00014062946, Final residual = 6.7801404e-07, No Iterations 4
time step continuity errors : sum local = 7.8215884e-06, global = -1.290542e-06, cumulative = -0.0024194234
smoothSolver:  Solving for omega, Initial residual = 0.00034992894, Final residual = 3.0222951e-06, No Iterations 2
smoothSolver:  Solving for k, Initial residual = 0.0011075274, Final residual = 1.0508211e-05, No Iterations 2
bounding k, min: 9.7985108e-17 max: 0.47394375 average: 0.060829128
ExecutionTime = 771.07382 s  ClockTime = 772 s

Time = 507s

smoothSolver:  Solving for Ux, Initial residual = 0.00055671984, Final residual = 7.5041375e-06, No Iterations 3
smoothSolver:  Solving for Uy, Initial residual = 0.0049835784, Final residual = 6.6470768e-05, No Iterations 3
smoothSolver:  Solving for Uz, Initial residual = 0.0050818784, Final residual = 6.7569858e-05, No Iterations 3
GAMG:  Solving for p, Initial residual = 0.0089721487, Final residual = 5.794937e-05, No Iterations 3
GAMG:  Solving for p, Initial residual = 0.0001400814, Final residual = 6.1742696e-07, No Iterations 4
time step continuity errors : sum local = 7.1172981e-06, global = -1.1416686e-06, cumulative = -0.002420565
smoothSolver:  Solving for omega, Initial residual = 0.00035119328, Final residual = 2.9585062e-06, No Iterations 2
smoothSolver:  Solving for k, Initial residual = 0.0011089052, Final residual = 1.0593596e-05, No Iterations 2
bounding k, min: 9.7514767e-17 max: 0.47361934 average: 0.06082033
ExecutionTime = 772.37509 s  ClockTime = 773 s

Time = 508s

smoothSolver:  Solving for Ux, Initial residual = 0.00055791643, Final residual = 7.5452014e-06, No Iterations 3
smoothSolver:  Solving for Uy, Initial residual = 0.0050003183, Final residual = 6.6801091e-05, No Iterations 3
smoothSolver:  Solving for Uz, Initial residual = 0.0050904227, Final residual = 6.7760335e-05, No Iterations 3
GAMG:  Solving for p, Initial residual = 0.00894219, Final residual = 5.8181197e-05, No Iterations 3
GAMG:  Solving for p, Initial residual = 0.00013992599, Final residual = 5.9921935e-07, No Iterations 4
time step continuity errors : sum local = 6.9026717e-06, global = -1.0555359e-06, cumulative = -0.0024216206
smoothSolver:  Solving for omega, Initial residual = 0.00034674322, Final residual = 2.9610361e-06, No Iterations 2
smoothSolver:  Solving for k, Initial residual = 0.0011085905, Final residual = 1.0525607e-05, No Iterations 2
bounding k, min: 9.6939284e-17 max: 0.4732756 average: 0.06081261
ExecutionTime = 773.71206 s  ClockTime = 774 s

Time = 509s

smoothSolver:  Solving for Ux, Initial residual = 0.00055936028, Final residual = 7.5856018e-06, No Iterations 3
smoothSolver:  Solving for Uy, Initial residual = 0.0050134718, Final residual = 6.7064691e-05, No Iterations 3
smoothSolver:  Solving for Uz, Initial residual = 0.0050925532, Final residual = 6.7928207e-05, No Iterations 3
GAMG:  Solving for p, Initial residual = 0.0089607627, Final residual = 5.8470551e-05, No Iterations 3
GAMG:  Solving for p, Initial residual = 0.00013933167, Final residual = 5.9266895e-07, No Iterations 4
time step continuity errors : sum local = 6.822639e-06, global = -1.0036298e-06, cumulative = -0.0024226242
smoothSolver:  Solving for omega, Initial residual = 0.00035017168, Final residual = 2.9818186e-06, No Iterations 2
smoothSolver:  Solving for k, Initial residual = 0.0011053854, Final residual = 1.054188e-05, No Iterations 2
bounding k, min: 9.6597646e-17 max: 0.47289971 average: 0.060806091
ExecutionTime = 775.31214 s  ClockTime = 776 s

Time = 510s

smoothSolver:  Solving for Ux, Initial residual = 0.00056097581, Final residual = 7.6226855e-06, No Iterations 3
smoothSolver:  Solving for Uy, Initial residual = 0.0050190204, Final residual = 6.7159434e-05, No Iterations 3
smoothSolver:  Solving for Uz, Initial residual = 0.0051011104, Final residual = 6.8116732e-05, No Iterations 3
GAMG:  Solving for p, Initial residual = 0.0089699283, Final residual = 5.8577669e-05, No Iterations 3
GAMG:  Solving for p, Initial residual = 0.00013780055, Final residual = 5.7838941e-07, No Iterations 4
time step continuity errors : sum local = 6.6532641e-06, global = -9.1352914e-07, cumulative = -0.0024235377
smoothSolver:  Solving for omega, Initial residual = 0.00034946966, Final residual = 2.9920942e-06, No Iterations 2
smoothSolver:  Solving for k, Initial residual = 0.0011058554, Final residual = 1.0474899e-05, No Iterations 2
bounding k, min: 9.7178848e-17 max: 0.47244981 average: 0.060800216
ExecutionTime = 776.94417 s  ClockTime = 777 s

Time = 511s

smoothSolver:  Solving for Ux, Initial residual = 0.00056286107, Final residual = 7.655947e-06, No Iterations 3
smoothSolver:  Solving for Uy, Initial residual = 0.0050193328, Final residual = 6.7104102e-05, No Iterations 3
smoothSolver:  Solving for Uz, Initial residual = 0.0051124801, Final residual = 6.8307275e-05, No Iterations 3
GAMG:  Solving for p, Initial residual = 0.008998431, Final residual = 5.8061817e-05, No Iterations 3
GAMG:  Solving for p, Initial residual = 0.00013570469, Final residual = 5.3295745e-07, No Iterations 4
time step continuity errors : sum local = 6.1283775e-06, global = -6.5071819e-07, cumulative = -0.0024241884
smoothSolver:  Solving for omega, Initial residual = 0.00035134535, Final residual = 3.0067007e-06, No Iterations 2
smoothSolver:  Solving for k, Initial residual = 0.0011091454, Final residual = 1.0609533e-05, No Iterations 2
bounding k, min: 9.7536032e-17 max: 0.47194196 average: 0.060794527
ExecutionTime = 778.59399 s  ClockTime = 779 s

Time = 512s

smoothSolver:  Solving for Ux, Initial residual = 0.0005647381, Final residual = 7.6828218e-06, No Iterations 3
smoothSolver:  Solving for Uy, Initial residual = 0.0050124403, Final residual = 6.6895693e-05, No Iterations 3
smoothSolver:  Solving for Uz, Initial residual = 0.005134278, Final residual = 6.8545278e-05, No Iterations 3
GAMG:  Solving for p, Initial residual = 0.0089995847, Final residual = 5.744959e-05, No Iterations 3
GAMG:  Solving for p, Initial residual = 0.00013322115, Final residual = 5.1915787e-07, No Iterations 4
time step continuity errors : sum local = 5.9676533e-06, global = -3.6591366e-07, cumulative = -0.0024245544
smoothSolver:  Solving for omega, Initial residual = 0.00034617759, Final residual = 2.9428484e-06, No Iterations 2
smoothSolver:  Solving for k, Initial residual = 0.0011147387, Final residual = 1.0616092e-05, No Iterations 2
bounding k, min: 9.5759991e-17 max: 0.47139746 average: 0.060788956
ExecutionTime = 780.00061 s  ClockTime = 780 s

Time = 513s

smoothSolver:  Solving for Ux, Initial residual = 0.00056644193, Final residual = 7.7048883e-06, No Iterations 3
smoothSolver:  Solving for Uy, Initial residual = 0.0050018511, Final residual = 6.6520588e-05, No Iterations 3
smoothSolver:  Solving for Uz, Initial residual = 0.0051550438, Final residual = 6.8718349e-05, No Iterations 3
GAMG:  Solving for p, Initial residual = 0.0090197898, Final residual = 5.6695075e-05, No Iterations 3
GAMG:  Solving for p, Initial residual = 0.00013118426, Final residual = 5.2767503e-07, No Iterations 4
time step continuity errors : sum local = 6.0647485e-06, global = 2.6600429e-07, cumulative = -0.0024242884
smoothSolver:  Solving for omega, Initial residual = 0.00034997555, Final residual = 2.9713696e-06, No Iterations 2
smoothSolver:  Solving for k, Initial residual = 0.0011136964, Final residual = 1.0619432e-05, No Iterations 2
bounding k, min: 9.5520396e-17 max: 0.470829 average: 0.060783983
ExecutionTime = 781.39601 s  ClockTime = 782 s

Time = 514s

smoothSolver:  Solving for Ux, Initial residual = 0.00056775885, Final residual = 7.7201599e-06, No Iterations 3
smoothSolver:  Solving for Uy, Initial residual = 0.0049809195, Final residual = 6.6075441e-05, No Iterations 3
smoothSolver:  Solving for Uz, Initial residual = 0.0051757064, Final residual = 6.8805053e-05, No Iterations 3
GAMG:  Solving for p, Initial residual = 0.0090088072, Final residual = 5.6211511e-05, No Iterations 3
GAMG:  Solving for p, Initial residual = 0.00013016965, Final residual = 5.3582671e-07, No Iterations 4
time step continuity errors : sum local = 6.1580332e-06, global = 6.321696e-07, cumulative = -0.0024236562
smoothSolver:  Solving for omega, Initial residual = 0.00035007858, Final residual = 3.0817799e-06, No Iterations 2
smoothSolver:  Solving for k, Initial residual = 0.0011197509, Final residual = 1.0644328e-05, No Iterations 2
bounding k, min: 9.7000976e-17 max: 0.47024581 average: 0.060778341
ExecutionTime = 783.04809 s  ClockTime = 784 s

Time = 515s

smoothSolver:  Solving for Ux, Initial residual = 0.00056847948, Final residual = 7.7254257e-06, No Iterations 3
smoothSolver:  Solving for Uy, Initial residual = 0.004955844, Final residual = 6.5592875e-05, No Iterations 3
smoothSolver:  Solving for Uz, Initial residual = 0.0051981361, Final residual = 6.8903644e-05, No Iterations 3
GAMG:  Solving for p, Initial residual = 0.0090094463, Final residual = 5.5888372e-05, No Iterations 3
GAMG:  Solving for p, Initial residual = 0.00013012285, Final residual = 5.405395e-07, No Iterations 4
time step continuity errors : sum local = 6.2122889e-06, global = 5.444498e-07, cumulative = -0.0024231117
smoothSolver:  Solving for omega, Initial residual = 0.00035260252, Final residual = 2.9802209e-06, No Iterations 2
smoothSolver:  Solving for k, Initial residual = 0.0011243379, Final residual = 1.0696248e-05, No Iterations 2
bounding k, min: 9.8339648e-17 max: 0.46965813 average: 0.060772697
ExecutionTime = 784.55712 s  ClockTime = 785 s

Time = 516s

smoothSolver:  Solving for Ux, Initial residual = 0.00056874925, Final residual = 7.720806e-06, No Iterations 3
smoothSolver:  Solving for Uy, Initial residual = 0.0049387506, Final residual = 6.5177436e-05, No Iterations 3
smoothSolver:  Solving for Uz, Initial residual = 0.0052188115, Final residual = 6.8932237e-05, No Iterations 3
GAMG:  Solving for p, Initial residual = 0.0089838722, Final residual = 5.5439491e-05, No Iterations 3
GAMG:  Solving for p, Initial residual = 0.00013019917, Final residual = 5.5789648e-07, No Iterations 4
time step continuity errors : sum local = 6.4117629e-06, global = 6.4002716e-07, cumulative = -0.0024224717
smoothSolver:  Solving for omega, Initial residual = 0.00034791887, Final residual = 2.9229488e-06, No Iterations 2
smoothSolver:  Solving for k, Initial residual = 0.0011277886, Final residual = 1.0712944e-05, No Iterations 2
bounding k, min: 9.5944147e-17 max: 0.46907632 average: 0.060766531
ExecutionTime = 785.94429 s  ClockTime = 786 s

Time = 517s

smoothSolver:  Solving for Ux, Initial residual = 0.00056848635, Final residual = 7.7067738e-06, No Iterations 3
smoothSolver:  Solving for Uy, Initial residual = 0.004914267, Final residual = 6.476111e-05, No Iterations 3
smoothSolver:  Solving for Uz, Initial residual = 0.0052302917, Final residual = 6.8849214e-05, No Iterations 3
GAMG:  Solving for p, Initial residual = 0.0089558347, Final residual = 5.5183658e-05, No Iterations 3
GAMG:  Solving for p, Initial residual = 0.00013096973, Final residual = 6.532845e-07, No Iterations 4
time step continuity errors : sum local = 7.507348e-06, global = 7.153388e-07, cumulative = -0.0024217564
smoothSolver:  Solving for omega, Initial residual = 0.00035041143, Final residual = 3.0523616e-06, No Iterations 2
smoothSolver:  Solving for k, Initial residual = 0.0011338141, Final residual = 1.0828199e-05, No Iterations 2
bounding k, min: 9.4421078e-17 max: 0.46850447 average: 0.06075986
ExecutionTime = 787.5656 s  ClockTime = 788 s

Time = 518s

smoothSolver:  Solving for Ux, Initial residual = 0.00056748764, Final residual = 7.6877987e-06, No Iterations 3
smoothSolver:  Solving for Uy, Initial residual = 0.0048983637, Final residual = 6.4402233e-05, No Iterations 3
smoothSolver:  Solving for Uz, Initial residual = 0.0052327059, Final residual = 6.8628373e-05, No Iterations 3
GAMG:  Solving for p, Initial residual = 0.0089374171, Final residual = 5.5147905e-05, No Iterations 3
GAMG:  Solving for p, Initial residual = 0.00013197398, Final residual = 7.8280188e-07, No Iterations 4
time step continuity errors : sum local = 8.9947613e-06, global = 8.543859e-07, cumulative = -0.002420902
smoothSolver:  Solving for omega, Initial residual = 0.00034929395, Final residual = 3.0213883e-06, No Iterations 2
smoothSolver:  Solving for k, Initial residual = 0.0011398011, Final residual = 1.0853318e-05, No Iterations 2
bounding k, min: 9.3556282e-17 max: 0.46794426 average: 0.060752574
ExecutionTime = 789.59009 s  ClockTime = 790 s

Time = 519s

smoothSolver:  Solving for Ux, Initial residual = 0.00056641175, Final residual = 7.6731683e-06, No Iterations 3
smoothSolver:  Solving for Uy, Initial residual = 0.0048880446, Final residual = 6.4188054e-05, No Iterations 3
smoothSolver:  Solving for Uz, Initial residual = 0.0052191317, Final residual = 6.8166093e-05, No Iterations 3
GAMG:  Solving for p, Initial residual = 0.0089137901, Final residual = 5.5688609e-05, No Iterations 3
GAMG:  Solving for p, Initial residual = 0.00013365913, Final residual = 9.2955272e-07, No Iterations 4
time step continuity errors : sum local = 1.0677865e-05, global = 1.2035794e-06, cumulative = -0.0024196984
smoothSolver:  Solving for omega, Initial residual = 0.00034970504, Final residual = 2.9322213e-06, No Iterations 2
smoothSolver:  Solving for k, Initial residual = 0.0011377204, Final residual = 1.0810953e-05, No Iterations 2
bounding k, min: 9.2887224e-17 max: 0.46739919 average: 0.06074484
ExecutionTime = 791.54574 s  ClockTime = 792 s

Time = 520s

smoothSolver:  Solving for Ux, Initial residual = 0.00056531148, Final residual = 7.6686097e-06, No Iterations 3
smoothSolver:  Solving for Uy, Initial residual = 0.0048800702, Final residual = 6.4072329e-05, No Iterations 3
smoothSolver:  Solving for Uz, Initial residual = 0.0051961274, Final residual = 6.7621917e-05, No Iterations 3
GAMG:  Solving for p, Initial residual = 0.0088606755, Final residual = 5.6643997e-05, No Iterations 3
GAMG:  Solving for p, Initial residual = 0.00013554956, Final residual = 9.7289148e-07, No Iterations 4
time step continuity errors : sum local = 1.117057e-05, global = 1.3282937e-06, cumulative = -0.0024183701
smoothSolver:  Solving for omega, Initial residual = 0.00034549532, Final residual = 3.0043363e-06, No Iterations 2
smoothSolver:  Solving for k, Initial residual = 0.0011385853, Final residual = 1.0787333e-05, No Iterations 2
bounding k, min: 9.2374502e-17 max: 0.46687206 average: 0.060736423
ExecutionTime = 793.25684 s  ClockTime = 794 s

Time = 521s

smoothSolver:  Solving for Ux, Initial residual = 0.00056432906, Final residual = 7.6733507e-06, No Iterations 3
smoothSolver:  Solving for Uy, Initial residual = 0.0048766659, Final residual = 6.395443e-05, No Iterations 3
smoothSolver:  Solving for Uz, Initial residual = 0.0051728027, Final residual = 6.7077891e-05, No Iterations 3
GAMG:  Solving for p, Initial residual = 0.0088313729, Final residual = 5.7442912e-05, No Iterations 3
GAMG:  Solving for p, Initial residual = 0.00013709848, Final residual = 1.0144506e-06, No Iterations 4
time step continuity errors : sum local = 1.1639644e-05, global = 1.2654496e-06, cumulative = -0.0024171047
smoothSolver:  Solving for omega, Initial residual = 0.00034942261, Final residual = 3.0050133e-06, No Iterations 2
smoothSolver:  Solving for k, Initial residual = 0.0011390126, Final residual = 1.0820379e-05, No Iterations 2
bounding k, min: 9.2000135e-17 max: 0.4663643 average: 0.060727558
ExecutionTime = 795.12442 s  ClockTime = 796 s

Time = 522s

smoothSolver:  Solving for Ux, Initial residual = 0.00056377201, Final residual = 7.6868698e-06, No Iterations 3
smoothSolver:  Solving for Uy, Initial residual = 0.0048724486, Final residual = 6.3790065e-05, No Iterations 3
smoothSolver:  Solving for Uz, Initial residual = 0.0051515708, Final residual = 6.664761e-05, No Iterations 3
GAMG:  Solving for p, Initial residual = 0.0087843071, Final residual = 5.7384375e-05, No Iterations 3
GAMG:  Solving for p, Initial residual = 0.0001379061, Final residual = 1.0527533e-06, No Iterations 4
time step continuity errors : sum local = 1.2067113e-05, global = 1.4022544e-06, cumulative = -0.0024157024
smoothSolver:  Solving for omega, Initial residual = 0.00034771219, Final residual = 3.0325419e-06, No Iterations 2
smoothSolver:  Solving for k, Initial residual = 0.0011399529, Final residual = 1.075329e-05, No Iterations 2
bounding k, min: 9.1872995e-17 max: 0.46587518 average: 0.060718063
ExecutionTime = 796.98143 s  ClockTime = 797 s

Time = 523s

smoothSolver:  Solving for Ux, Initial residual = 0.00056344738, Final residual = 7.7050737e-06, No Iterations 3
smoothSolver:  Solving for Uy, Initial residual = 0.0048665533, Final residual = 6.3574873e-05, No Iterations 3
smoothSolver:  Solving for Uz, Initial residual = 0.0051360881, Final residual = 6.6326764e-05, No Iterations 3
GAMG:  Solving for p, Initial residual = 0.0087193709, Final residual = 5.6799226e-05, No Iterations 3
GAMG:  Solving for p, Initial residual = 0.00013801017, Final residual = 1.0268483e-06, No Iterations 4
time step continuity errors : sum local = 1.1753895e-05, global = 1.433053e-06, cumulative = -0.0024142694
smoothSolver:  Solving for omega, Initial residual = 0.00034986139, Final residual = 3.0144529e-06, No Iterations 2
smoothSolver:  Solving for k, Initial residual = 0.0011415788, Final residual = 1.0831891e-05, No Iterations 2
bounding k, min: 9.182681e-17 max: 0.46540081 average: 0.060707779
ExecutionTime = 798.27826 s  ClockTime = 799 s

Time = 524s

smoothSolver:  Solving for Ux, Initial residual = 0.00056326998, Final residual = 7.7205502e-06, No Iterations 3
smoothSolver:  Solving for Uy, Initial residual = 0.0048596738, Final residual = 6.3346209e-05, No Iterations 3
smoothSolver:  Solving for Uz, Initial residual = 0.005125674, Final residual = 6.6157694e-05, No Iterations 3
GAMG:  Solving for p, Initial residual = 0.0086801462, Final residual = 5.6033304e-05, No Iterations 3
GAMG:  Solving for p, Initial residual = 0.0001378862, Final residual = 9.4295705e-07, No Iterations 4
time step continuity errors : sum local = 1.0777532e-05, global = 1.3167419e-06, cumulative = -0.0024129526
smoothSolver:  Solving for omega, Initial residual = 0.00034410736, Final residual = 2.9065667e-06, No Iterations 2
smoothSolver:  Solving for k, Initial residual = 0.0011431008, Final residual = 1.0781114e-05, No Iterations 2
bounding k, min: 9.1768234e-17 max: 0.46494127 average: 0.060697051
ExecutionTime = 799.8063 s  ClockTime = 800 s

Time = 525s

smoothSolver:  Solving for Ux, Initial residual = 0.00056267674, Final residual = 7.7265405e-06, No Iterations 3
smoothSolver:  Solving for Uy, Initial residual = 0.0048485292, Final residual = 6.3131013e-05, No Iterations 3
smoothSolver:  Solving for Uz, Initial residual = 0.0051190135, Final residual = 6.6062816e-05, No Iterations 3
GAMG:  Solving for p, Initial residual = 0.0086337608, Final residual = 5.5554393e-05, No Iterations 3
GAMG:  Solving for p, Initial residual = 0.00013746645, Final residual = 8.4862769e-07, No Iterations 4
time step continuity errors : sum local = 9.6844756e-06, global = 1.0175278e-06, cumulative = -0.0024119351
smoothSolver:  Solving for omega, Initial residual = 0.00034668808, Final residual = 2.9422778e-06, No Iterations 2
smoothSolver:  Solving for k, Initial residual = 0.0011417624, Final residual = 1.0818494e-05, No Iterations 2
bounding k, min: 9.1721676e-17 max: 0.46449244 average: 0.060686399
ExecutionTime = 801.80784 s  ClockTime = 802 s

Time = 526s

smoothSolver:  Solving for Ux, Initial residual = 0.00056177656, Final residual = 7.7191688e-06, No Iterations 3
smoothSolver:  Solving for Uy, Initial residual = 0.0048399925, Final residual = 6.2925888e-05, No Iterations 3
smoothSolver:  Solving for Uz, Initial residual = 0.0051195744, Final residual = 6.6119129e-05, No Iterations 3
GAMG:  Solving for p, Initial residual = 0.0085916934, Final residual = 5.521552e-05, No Iterations 3
GAMG:  Solving for p, Initial residual = 0.00013746204, Final residual = 7.7014083e-07, No Iterations 4
time step continuity errors : sum local = 8.776847e-06, global = 7.1474268e-07, cumulative = -0.0024112203
smoothSolver:  Solving for omega, Initial residual = 0.00034802759, Final residual = 3.0861885e-06, No Iterations 2
smoothSolver:  Solving for k, Initial residual = 0.0011387848, Final residual = 1.0730478e-05, No Iterations 2
bounding k, min: 9.1713106e-17 max: 0.46404773 average: 0.060675726
ExecutionTime = 803.65064 s  ClockTime = 804 s

Time = 527s

smoothSolver:  Solving for Ux, Initial residual = 0.00056022662, Final residual = 7.7009162e-06, No Iterations 3
smoothSolver:  Solving for Uy, Initial residual = 0.0048279336, Final residual = 6.272228e-05, No Iterations 3
smoothSolver:  Solving for Uz, Initial residual = 0.0051189522, Final residual = 6.6145586e-05, No Iterations 3
GAMG:  Solving for p, Initial residual = 0.0085660426, Final residual = 5.5017437e-05, No Iterations 3
GAMG:  Solving for p, Initial residual = 0.00013740938, Final residual = 7.1350148e-07, No Iterations 4
time step continuity errors : sum local = 8.1226521e-06, global = 4.0084626e-07, cumulative = -0.0024108195
smoothSolver:  Solving for omega, Initial residual = 0.0003535391, Final residual = 3.0308288e-06, No Iterations 2
smoothSolver:  Solving for k, Initial residual = 0.001134752, Final residual = 1.0784542e-05, No Iterations 2
bounding k, min: 9.1838842e-17 max: 0.46360659 average: 0.060665166
ExecutionTime = 805.11306 s  ClockTime = 806 s

Time = 528s

smoothSolver:  Solving for Ux, Initial residual = 0.00055822276, Final residual = 7.6712303e-06, No Iterations 3
smoothSolver:  Solving for Uy, Initial residual = 0.0048165371, Final residual = 6.2500331e-05, No Iterations 3
smoothSolver:  Solving for Uz, Initial residual = 0.0051153651, Final residual = 6.6055598e-05, No Iterations 3
GAMG:  Solving for p, Initial residual = 0.0085619295, Final residual = 5.5691494e-05, No Iterations 3
GAMG:  Solving for p, Initial residual = 0.00013782234, Final residual = 7.1580742e-07, No Iterations 4
time step continuity errors : sum local = 8.1423871e-06, global = 2.2442803e-07, cumulative = -0.0024105951
smoothSolver:  Solving for omega, Initial residual = 0.00034761776, Final residual = 2.9413168e-06, No Iterations 2
smoothSolver:  Solving for k, Initial residual = 0.0011334395, Final residual = 1.0758762e-05, No Iterations 2
bounding k, min: 9.2473493e-17 max: 0.46316883 average: 0.060654755
ExecutionTime = 806.50279 s  ClockTime = 807 s

Time = 529s

smoothSolver:  Solving for Ux, Initial residual = 0.00055598267, Final residual = 7.6348148e-06, No Iterations 3
smoothSolver:  Solving for Uy, Initial residual = 0.004805347, Final residual = 6.2323484e-05, No Iterations 3
smoothSolver:  Solving for Uz, Initial residual = 0.0051058112, Final residual = 6.5860205e-05, No Iterations 3
GAMG:  Solving for p, Initial residual = 0.0085304825, Final residual = 5.60094e-05, No Iterations 3
GAMG:  Solving for p, Initial residual = 0.00013735327, Final residual = 7.4011687e-07, No Iterations 4
time step continuity errors : sum local = 8.4150858e-06, global = -4.3219907e-08, cumulative = -0.0024106383
smoothSolver:  Solving for omega, Initial residual = 0.00034801005, Final residual = 3.011905e-06, No Iterations 2
smoothSolver:  Solving for k, Initial residual = 0.0011314751, Final residual = 1.0793922e-05, No Iterations 2
bounding k, min: 9.5497483e-17 max: 0.46273159 average: 0.060644933
ExecutionTime = 807.88008 s  ClockTime = 808 s

Time = 530s

smoothSolver:  Solving for Ux, Initial residual = 0.00055365022, Final residual = 7.5960088e-06, No Iterations 3
smoothSolver:  Solving for Uy, Initial residual = 0.0047982658, Final residual = 6.2201055e-05, No Iterations 3
smoothSolver:  Solving for Uz, Initial residual = 0.005093235, Final residual = 6.5531373e-05, No Iterations 3
GAMG:  Solving for p, Initial residual = 0.0084833248, Final residual = 5.6030844e-05, No Iterations 3
GAMG:  Solving for p, Initial residual = 0.00013590995, Final residual = 7.7866776e-07, No Iterations 4
time step continuity errors : sum local = 8.8505699e-06, global = -3.0434233e-07, cumulative = -0.0024109426
smoothSolver:  Solving for omega, Initial residual = 0.00034695791, Final residual = 3.0309482e-06, No Iterations 2
smoothSolver:  Solving for k, Initial residual = 0.0011313266, Final residual = 1.0764577e-05, No Iterations 2
bounding k, min: 9.6783849e-17 max: 0.46228957 average: 0.060635123
ExecutionTime = 809.20819 s  ClockTime = 810 s

Time = 531s

smoothSolver:  Solving for Ux, Initial residual = 0.0005515213, Final residual = 7.5638549e-06, No Iterations 3
smoothSolver:  Solving for Uy, Initial residual = 0.0047961681, Final residual = 6.2136462e-05, No Iterations 3
smoothSolver:  Solving for Uz, Initial residual = 0.0050817063, Final residual = 6.5156323e-05, No Iterations 3
GAMG:  Solving for p, Initial residual = 0.0084701025, Final residual = 5.5210573e-05, No Iterations 3
GAMG:  Solving for p, Initial residual = 0.00013347693, Final residual = 8.5073766e-07, No Iterations 4
time step continuity errors : sum local = 9.6686097e-06, global = -8.8078683e-07, cumulative = -0.0024118234
smoothSolver:  Solving for omega, Initial residual = 0.00034887804, Final residual = 2.9568466e-06, No Iterations 2
smoothSolver:  Solving for k, Initial residual = 0.0011303807, Final residual = 1.0787668e-05, No Iterations 2
bounding k, min: 1.0469688e-16 max: 0.46184869 average: 0.060625822
ExecutionTime = 810.45165 s  ClockTime = 811 s

Time = 532s

smoothSolver:  Solving for Ux, Initial residual = 0.00054968114, Final residual = 7.5406983e-06, No Iterations 3
smoothSolver:  Solving for Uy, Initial residual = 0.0047997429, Final residual = 6.2152634e-05, No Iterations 3
smoothSolver:  Solving for Uz, Initial residual = 0.0050715359, Final residual = 6.4755376e-05, No Iterations 3
GAMG:  Solving for p, Initial residual = 0.0084706397, Final residual = 5.4282918e-05, No Iterations 3
GAMG:  Solving for p, Initial residual = 0.00013075651, Final residual = 8.6710297e-07, No Iterations 4
time step continuity errors : sum local = 9.8528324e-06, global = -1.3425053e-07, cumulative = -0.0024119577
smoothSolver:  Solving for omega, Initial residual = 0.00034415005, Final residual = 2.9767785e-06, No Iterations 2
smoothSolver:  Solving for k, Initial residual = 0.0011311547, Final residual = 1.0762207e-05, No Iterations 2
bounding k, min: 1.1955352e-16 max: 0.46140915 average: 0.060616606
ExecutionTime = 811.66107 s  ClockTime = 812 s

Time = 533s

smoothSolver:  Solving for Ux, Initial residual = 0.0005482312, Final residual = 7.5256088e-06, No Iterations 3
smoothSolver:  Solving for Uy, Initial residual = 0.0048003074, Final residual = 6.2194792e-05, No Iterations 3
smoothSolver:  Solving for Uz, Initial residual = 0.0050591052, Final residual = 6.4428796e-05, No Iterations 3
GAMG:  Solving for p, Initial residual = 0.0084703797, Final residual = 5.2894531e-05, No Iterations 3
GAMG:  Solving for p, Initial residual = 0.00012748414, Final residual = 9.3609343e-07, No Iterations 4
time step continuity errors : sum local = 1.0635993e-05, global = 5.9673153e-07, cumulative = -0.0024113609
smoothSolver:  Solving for omega, Initial residual = 0.00034823641, Final residual = 3.047163e-06, No Iterations 2
smoothSolver:  Solving for k, Initial residual = 0.0011294836, Final residual = 1.0789425e-05, No Iterations 2
bounding k, min: 1.1405228e-16 max: 0.46097569 average: 0.060607854
ExecutionTime = 812.89097 s  ClockTime = 813 s

Time = 534s

smoothSolver:  Solving for Ux, Initial residual = 0.00054686864, Final residual = 7.5160533e-06, No Iterations 3
smoothSolver:  Solving for Uy, Initial residual = 0.0048000095, Final residual = 6.2239928e-05, No Iterations 3
smoothSolver:  Solving for Uz, Initial residual = 0.0050486924, Final residual = 6.4163952e-05, No Iterations 3
GAMG:  Solving for p, Initial residual = 0.0084845624, Final residual = 5.204371e-05, No Iterations 3
GAMG:  Solving for p, Initial residual = 0.0001251334, Final residual = 9.3855638e-07, No Iterations 4
time step continuity errors : sum local = 1.0664701e-05, global = 9.924631e-07, cumulative = -0.0024103685
smoothSolver:  Solving for omega, Initial residual = 0.0003473187, Final residual = 3.0421202e-06, No Iterations 2
smoothSolver:  Solving for k, Initial residual = 0.0011293602, Final residual = 1.0729601e-05, No Iterations 2
bounding k, min: 1.086215e-16 max: 0.46054417 average: 0.060599183
ExecutionTime = 814.13598 s  ClockTime = 815 s

Time = 535s

smoothSolver:  Solving for Ux, Initial residual = 0.00054550595, Final residual = 7.5071704e-06, No Iterations 3
smoothSolver:  Solving for Uy, Initial residual = 0.0047964776, Final residual = 6.2299122e-05, No Iterations 3
smoothSolver:  Solving for Uz, Initial residual = 0.0050377936, Final residual = 6.402929e-05, No Iterations 3
GAMG:  Solving for p, Initial residual = 0.0084828478, Final residual = 5.1416877e-05, No Iterations 3
GAMG:  Solving for p, Initial residual = 0.00012307163, Final residual = 9.339218e-07, No Iterations 4
time step continuity errors : sum local = 1.0612132e-05, global = 1.3901439e-06, cumulative = -0.0024089783
smoothSolver:  Solving for omega, Initial residual = 0.00034740229, Final residual = 2.9949638e-06, No Iterations 2
smoothSolver:  Solving for k, Initial residual = 0.0011282316, Final residual = 1.0803227e-05, No Iterations 2
bounding k, min: 1.066585e-16 max: 0.46012705 average: 0.060590487
ExecutionTime = 815.44306 s  ClockTime = 816 s

Time = 536s

smoothSolver:  Solving for Ux, Initial residual = 0.00054387854, Final residual = 7.4958095e-06, No Iterations 3
smoothSolver:  Solving for Uy, Initial residual = 0.0047909619, Final residual = 6.2413481e-05, No Iterations 3
smoothSolver:  Solving for Uz, Initial residual = 0.0050267641, Final residual = 6.3918485e-05, No Iterations 3
GAMG:  Solving for p, Initial residual = 0.0084569729, Final residual = 5.1460278e-05, No Iterations 3
GAMG:  Solving for p, Initial residual = 0.00012256133, Final residual = 9.1976834e-07, No Iterations 4
time step continuity errors : sum local = 1.0451604e-05, global = 1.7611915e-06, cumulative = -0.0024072171
smoothSolver:  Solving for omega, Initial residual = 0.00034354317, Final residual = 2.9510995e-06, No Iterations 2
smoothSolver:  Solving for k, Initial residual = 0.0011303195, Final residual = 1.0755605e-05, No Iterations 2
bounding k, min: 1.0437989e-16 max: 0.45972361 average: 0.060581559
ExecutionTime = 816.72169 s  ClockTime = 817 s

Time = 537s

smoothSolver:  Solving for Ux, Initial residual = 0.00054187405, Final residual = 7.4756478e-06, No Iterations 3
smoothSolver:  Solving for Uy, Initial residual = 0.004782049, Final residual = 6.2444911e-05, No Iterations 3
smoothSolver:  Solving for Uz, Initial residual = 0.0050169132, Final residual = 6.3897739e-05, No Iterations 3
GAMG:  Solving for p, Initial residual = 0.0084428538, Final residual = 5.125026e-05, No Iterations 3
GAMG:  Solving for p, Initial residual = 0.00012217563, Final residual = 9.7762821e-07, No Iterations 4
time step continuity errors : sum local = 1.1108564e-05, global = 2.1801892e-06, cumulative = -0.002405037
smoothSolver:  Solving for omega, Initial residual = 0.00034567702, Final residual = 2.992963e-06, No Iterations 2
smoothSolver:  Solving for k, Initial residual = 0.0011280364, Final residual = 1.080137e-05, No Iterations 2
bounding k, min: 1.0301544e-16 max: 0.45934166 average: 0.060573096
ExecutionTime = 818.04181 s  ClockTime = 819 s

Time = 538s

smoothSolver:  Solving for Ux, Initial residual = 0.00053957831, Final residual = 7.4483304e-06, No Iterations 3
smoothSolver:  Solving for Uy, Initial residual = 0.0047686888, Final residual = 6.2357519e-05, No Iterations 3
smoothSolver:  Solving for Uz, Initial residual = 0.0050070533, Final residual = 6.3859202e-05, No Iterations 3
GAMG:  Solving for p, Initial residual = 0.0084068898, Final residual = 5.1493154e-05, No Iterations 3
GAMG:  Solving for p, Initial residual = 0.00012302915, Final residual = 1.0065746e-06, No Iterations 4
time step continuity errors : sum local = 1.1436377e-05, global = 2.3348993e-06, cumulative = -0.0024027021
smoothSolver:  Solving for omega, Initial residual = 0.00034510708, Final residual = 3.0520369e-06, No Iterations 2
smoothSolver:  Solving for k, Initial residual = 0.0011281969, Final residual = 1.0739992e-05, No Iterations 2
bounding k, min: 1.0213308e-16 max: 0.45897437 average: 0.060564188
ExecutionTime = 819.41672 s  ClockTime = 820 s

Time = 539s

smoothSolver:  Solving for Ux, Initial residual = 0.00053708672, Final residual = 7.413525e-06, No Iterations 3
smoothSolver:  Solving for Uy, Initial residual = 0.0047506405, Final residual = 6.2156358e-05, No Iterations 3
smoothSolver:  Solving for Uz, Initial residual = 0.0049924699, Final residual = 6.3757302e-05, No Iterations 3
GAMG:  Solving for p, Initial residual = 0.0083611477, Final residual = 5.1795732e-05, No Iterations 3
GAMG:  Solving for p, Initial residual = 0.00012362192, Final residual = 1.0734886e-06, No Iterations 4
time step continuity errors : sum local = 1.2194826e-05, global = 2.5464947e-06, cumulative = -0.0024001556
smoothSolver:  Solving for omega, Initial residual = 0.00034868174, Final residual = 3.0421004e-06, No Iterations 2
smoothSolver:  Solving for k, Initial residual = 0.0011255735, Final residual = 1.0755331e-05, No Iterations 2
bounding k, min: 1.0152053e-16 max: 0.45862977 average: 0.06055557
ExecutionTime = 820.76828 s  ClockTime = 821 s

Time = 540s

smoothSolver:  Solving for Ux, Initial residual = 0.00053436947, Final residual = 7.375423e-06, No Iterations 3
smoothSolver:  Solving for Uy, Initial residual = 0.004727786, Final residual = 6.1790511e-05, No Iterations 3
smoothSolver:  Solving for Uz, Initial residual = 0.0049771959, Final residual = 6.3587275e-05, No Iterations 3
GAMG:  Solving for p, Initial residual = 0.0083070089, Final residual = 5.2760072e-05, No Iterations 3
GAMG:  Solving for p, Initial residual = 0.00012505928, Final residual = 1.0821769e-06, No Iterations 4
time step continuity errors : sum local = 1.2289907e-05, global = 2.5748594e-06, cumulative = -0.0023975807
smoothSolver:  Solving for omega, Initial residual = 0.00034519989, Final residual = 2.9609039e-06, No Iterations 2
smoothSolver:  Solving for k, Initial residual = 0.0011259515, Final residual = 1.0729754e-05, No Iterations 2
bounding k, min: 1.0105608e-16 max: 0.4583046 average: 0.060546608
ExecutionTime = 822.1944 s  ClockTime = 823 s

Time = 541s

smoothSolver:  Solving for Ux, Initial residual = 0.00053157479, Final residual = 7.3320481e-06, No Iterations 3
smoothSolver:  Solving for Uy, Initial residual = 0.0046998436, Final residual = 6.1250539e-05, No Iterations 3
smoothSolver:  Solving for Uz, Initial residual = 0.0049656212, Final residual = 6.3374982e-05, No Iterations 3
GAMG:  Solving for p, Initial residual = 0.0082468804, Final residual = 5.3549654e-05, No Iterations 3
GAMG:  Solving for p, Initial residual = 0.00012593976, Final residual = 1.0858644e-06, No Iterations 4
time step continuity errors : sum local = 1.2327487e-05, global = 2.5936525e-06, cumulative = -0.002394987
smoothSolver:  Solving for omega, Initial residual = 0.00034556839, Final residual = 3.0133487e-06, No Iterations 2
smoothSolver:  Solving for k, Initial residual = 0.0011219258, Final residual = 1.0739932e-05, No Iterations 2
bounding k, min: 1.0070393e-16 max: 0.45799936 average: 0.06053888
ExecutionTime = 823.58638 s  ClockTime = 824 s

Time = 542s

smoothSolver:  Solving for Ux, Initial residual = 0.0005285618, Final residual = 7.2873497e-06, No Iterations 3
smoothSolver:  Solving for Uy, Initial residual = 0.0046703533, Final residual = 6.0587403e-05, No Iterations 3
smoothSolver:  Solving for Uz, Initial residual = 0.0049563319, Final residual = 6.3151195e-05, No Iterations 3
GAMG:  Solving for p, Initial residual = 0.0081921051, Final residual = 5.3932837e-05, No Iterations 3
GAMG:  Solving for p, Initial residual = 0.00012660754, Final residual = 1.0332577e-06, No Iterations 4
time step continuity errors : sum local = 1.1724524e-05, global = 2.4594595e-06, cumulative = -0.0023925276
smoothSolver:  Solving for omega, Initial residual = 0.00034392485, Final residual = 3.0063004e-06, No Iterations 2
smoothSolver:  Solving for k, Initial residual = 0.0011198784, Final residual = 1.0667448e-05, No Iterations 2
bounding k, min: 1.0050425e-16 max: 0.45770558 average: 0.060531415
ExecutionTime = 824.93328 s  ClockTime = 825 s

Time = 543s

smoothSolver:  Solving for Ux, Initial residual = 0.00052543653, Final residual = 7.2401832e-06, No Iterations 3
smoothSolver:  Solving for Uy, Initial residual = 0.0046393773, Final residual = 5.9870675e-05, No Iterations 3
smoothSolver:  Solving for Uz, Initial residual = 0.0049498452, Final residual = 6.2931104e-05, No Iterations 3
GAMG:  Solving for p, Initial residual = 0.0081345047, Final residual = 5.3769949e-05, No Iterations 3
GAMG:  Solving for p, Initial residual = 0.00012681781, Final residual = 9.2716149e-07, No Iterations 4
time step continuity errors : sum local = 1.051581e-05, global = 2.0840829e-06, cumulative = -0.0023904435
smoothSolver:  Solving for omega, Initial residual = 0.00034516021, Final residual = 2.9479645e-06, No Iterations 2
smoothSolver:  Solving for k, Initial residual = 0.0011157613, Final residual = 1.0674993e-05, No Iterations 2
bounding k, min: 1.0057694e-16 max: 0.45742561 average: 0.060524746
ExecutionTime = 826.24523 s  ClockTime = 827 s

Time = 544s

smoothSolver:  Solving for Ux, Initial residual = 0.00052207361, Final residual = 7.1940811e-06, No Iterations 3
smoothSolver:  Solving for Uy, Initial residual = 0.0046129417, Final residual = 5.9208513e-05, No Iterations 3
smoothSolver:  Solving for Uz, Initial residual = 0.0049445641, Final residual = 6.2753606e-05, No Iterations 3
GAMG:  Solving for p, Initial residual = 0.0080696317, Final residual = 5.2945262e-05, No Iterations 3
GAMG:  Solving for p, Initial residual = 0.00012620394, Final residual = 7.0864287e-07, No Iterations 4
time step continuity errors : sum local = 8.0326324e-06, global = 6.2289989e-07, cumulative = -0.0023898206
smoothSolver:  Solving for omega, Initial residual = 0.00034123449, Final residual = 2.9495023e-06, No Iterations 2
smoothSolver:  Solving for k, Initial residual = 0.0011138336, Final residual = 1.0649072e-05, No Iterations 2
bounding k, min: 1.011384e-16 max: 0.45715546 average: 0.060518344
ExecutionTime = 827.5129 s  ClockTime = 828 s

Time = 545s

smoothSolver:  Solving for Ux, Initial residual = 0.00051826511, Final residual = 7.1447893e-06, No Iterations 3
smoothSolver:  Solving for Uy, Initial residual = 0.0045865695, Final residual = 5.8645719e-05, No Iterations 3
smoothSolver:  Solving for Uz, Initial residual = 0.0049409537, Final residual = 6.2632862e-05, No Iterations 3
GAMG:  Solving for p, Initial residual = 0.0079787664, Final residual = 5.2387759e-05, No Iterations 3
GAMG:  Solving for p, Initial residual = 0.00012566701, Final residual = 6.0984307e-07, No Iterations 4
time step continuity errors : sum local = 6.9088541e-06, global = 3.2769757e-07, cumulative = -0.0023894929
smoothSolver:  Solving for omega, Initial residual = 0.00034525806, Final residual = 3.0132132e-06, No Iterations 2
smoothSolver:  Solving for k, Initial residual = 0.0011121441, Final residual = 1.0690293e-05, No Iterations 2
bounding k, min: 1.0247681e-16 max: 0.45689487 average: 0.060512831
ExecutionTime = 828.705 s  ClockTime = 829 s

Time = 546s

smoothSolver:  Solving for Ux, Initial residual = 0.00051437156, Final residual = 7.0984377e-06, No Iterations 3
smoothSolver:  Solving for Uy, Initial residual = 0.0045601742, Final residual = 5.8367846e-05, No Iterations 3
smoothSolver:  Solving for Uz, Initial residual = 0.0049315896, Final residual = 6.2465849e-05, No Iterations 3
GAMG:  Solving for p, Initial residual = 0.0079189149, Final residual = 5.232616e-05, No Iterations 3
GAMG:  Solving for p, Initial residual = 0.00012569604, Final residual = 5.1050764e-07, No Iterations 4
time step continuity errors : sum local = 5.7815349e-06, global = 4.7881421e-07, cumulative = -0.0023890141
smoothSolver:  Solving for omega, Initial residual = 0.00034379037, Final residual = 2.9751372e-06, No Iterations 2
smoothSolver:  Solving for k, Initial residual = 0.0011042195, Final residual = 1.0538767e-05, No Iterations 2
bounding k, min: 1.0519894e-16 max: 0.4566424 average: 0.060507876
ExecutionTime = 829.91068 s  ClockTime = 830 s

Time = 547s

smoothSolver:  Solving for Ux, Initial residual = 0.00051035464, Final residual = 7.0491617e-06, No Iterations 3
smoothSolver:  Solving for Uy, Initial residual = 0.0045326379, Final residual = 5.823563e-05, No Iterations 3
smoothSolver:  Solving for Uz, Initial residual = 0.0049153, Final residual = 6.243335e-05, No Iterations 3
GAMG:  Solving for p, Initial residual = 0.0078530335, Final residual = 5.2798374e-05, No Iterations 3
GAMG:  Solving for p, Initial residual = 0.00012570645, Final residual = 5.7739057e-07, No Iterations 4
time step continuity errors : sum local = 6.5376848e-06, global = 2.7524519e-07, cumulative = -0.0023887388
smoothSolver:  Solving for omega, Initial residual = 0.0003432144, Final residual = 2.9435935e-06, No Iterations 2
smoothSolver:  Solving for k, Initial residual = 0.0010978377, Final residual = 1.057028e-05, No Iterations 2
bounding k, min: 1.0973189e-16 max: 0.45640028 average: 0.060503402
ExecutionTime = 831.1254 s  ClockTime = 832 s

Time = 548s

smoothSolver:  Solving for Ux, Initial residual = 0.0005065552, Final residual = 6.9998737e-06, No Iterations 3
smoothSolver:  Solving for Uy, Initial residual = 0.0045161098, Final residual = 5.8274734e-05, No Iterations 3
smoothSolver:  Solving for Uz, Initial residual = 0.0048937043, Final residual = 6.2406163e-05, No Iterations 3
GAMG:  Solving for p, Initial residual = 0.0077993656, Final residual = 5.3043982e-05, No Iterations 3
GAMG:  Solving for p, Initial residual = 0.00012510671, Final residual = 6.6663244e-07, No Iterations 4
time step continuity errors : sum local = 7.5477418e-06, global = -3.3150881e-08, cumulative = -0.002388772
smoothSolver:  Solving for omega, Initial residual = 0.00033994078, Final residual = 2.91021e-06, No Iterations 2
smoothSolver:  Solving for k, Initial residual = 0.0010916203, Final residual = 1.0468784e-05, No Iterations 2
bounding k, min: 1.1741324e-16 max: 0.45617028 average: 0.060499195
ExecutionTime = 832.33515 s  ClockTime = 833 s

Time = 549s

smoothSolver:  Solving for Ux, Initial residual = 0.00050308994, Final residual = 6.9467797e-06, No Iterations 3
smoothSolver:  Solving for Uy, Initial residual = 0.004499116, Final residual = 5.8250132e-05, No Iterations 3
smoothSolver:  Solving for Uz, Initial residual = 0.0048721372, Final residual = 6.2360562e-05, No Iterations 3
GAMG:  Solving for p, Initial residual = 0.0077151563, Final residual = 5.2890111e-05, No Iterations 3
GAMG:  Solving for p, Initial residual = 0.00012352756, Final residual = 6.6869612e-07, No Iterations 4
time step continuity errors : sum local = 7.5739009e-06, global = -7.123924e-08, cumulative = -0.0023888432
smoothSolver:  Solving for omega, Initial residual = 0.00034406563, Final residual = 2.957348e-06, No Iterations 2
smoothSolver:  Solving for k, Initial residual = 0.0010817955, Final residual = 1.0451144e-05, No Iterations 2
bounding k, min: 1.281467e-16 max: 0.4559555 average: 0.060495467
ExecutionTime = 833.6868 s  ClockTime = 834 s

Time = 550s

smoothSolver:  Solving for Ux, Initial residual = 0.00049989432, Final residual = 6.8911389e-06, No Iterations 3
smoothSolver:  Solving for Uy, Initial residual = 0.0044823977, Final residual = 5.8183404e-05, No Iterations 3
smoothSolver:  Solving for Uz, Initial residual = 0.0048498726, Final residual = 6.2295197e-05, No Iterations 3
GAMG:  Solving for p, Initial residual = 0.0076332545, Final residual = 5.1926651e-05, No Iterations 3
GAMG:  Solving for p, Initial residual = 0.00012085491, Final residual = 6.8388198e-07, No Iterations 4
time step continuity errors : sum local = 7.747551e-06, global = -4.7321699e-08, cumulative = -0.0023888906
smoothSolver:  Solving for omega, Initial residual = 0.00034446825, Final residual = 3.047389e-06, No Iterations 2
smoothSolver:  Solving for k, Initial residual = 0.0010766389, Final residual = 1.035679e-05, No Iterations 2
bounding k, min: 1.3567932e-16 max: 0.45575806 average: 0.060491769
ExecutionTime = 835.4896 s  ClockTime = 836 s

Time = 551s

smoothSolver:  Solving for Ux, Initial residual = 0.00049698369, Final residual = 6.8340759e-06, No Iterations 3
smoothSolver:  Solving for Uy, Initial residual = 0.0044618157, Final residual = 5.7968632e-05, No Iterations 3
smoothSolver:  Solving for Uz, Initial residual = 0.0048293707, Final residual = 6.2178386e-05, No Iterations 3
GAMG:  Solving for p, Initial residual = 0.0075471478, Final residual = 5.0494853e-05, No Iterations 3
GAMG:  Solving for p, Initial residual = 0.00011786018, Final residual = 6.8668361e-07, No Iterations 4
time step continuity errors : sum local = 7.782149e-06, global = 1.9812441e-07, cumulative = -0.0023886924
smoothSolver:  Solving for omega, Initial residual = 0.00034600257, Final residual = 2.9850077e-06, No Iterations 2
smoothSolver:  Solving for k, Initial residual = 0.0010689429, Final residual = 1.0346679e-05, No Iterations 2
bounding k, min: 1.3801689e-16 max: 0.45558262 average: 0.06048812
ExecutionTime = 837.1836 s  ClockTime = 838 s

Time = 552s

smoothSolver:  Solving for Ux, Initial residual = 0.00049389979, Final residual = 6.7759116e-06, No Iterations 3
smoothSolver:  Solving for Uy, Initial residual = 0.0044407819, Final residual = 5.7690326e-05, No Iterations 3
smoothSolver:  Solving for Uz, Initial residual = 0.0048082559, Final residual = 6.1926859e-05, No Iterations 3
GAMG:  Solving for p, Initial residual = 0.0074800835, Final residual = 4.9087654e-05, No Iterations 3
GAMG:  Solving for p, Initial residual = 0.00011563226, Final residual = 7.5297747e-07, No Iterations 4
time step continuity errors : sum local = 8.5358501e-06, global = 7.0732461e-07, cumulative = -0.0023879851
smoothSolver:  Solving for omega, Initial residual = 0.00034147597, Final residual = 2.9245507e-06, No Iterations 2
smoothSolver:  Solving for k, Initial residual = 0.0010660989, Final residual = 1.0336475e-05, No Iterations 2
bounding k, min: 1.4449889e-16 max: 0.45543259 average: 0.060484403
ExecutionTime = 838.82928 s  ClockTime = 839 s

Time = 553s

smoothSolver:  Solving for Ux, Initial residual = 0.00049089126, Final residual = 6.7219575e-06, No Iterations 3
smoothSolver:  Solving for Uy, Initial residual = 0.0044204614, Final residual = 5.7345311e-05, No Iterations 3
smoothSolver:  Solving for Uz, Initial residual = 0.0047921172, Final residual = 6.1607767e-05, No Iterations 3
GAMG:  Solving for p, Initial residual = 0.0074450247, Final residual = 4.8074506e-05, No Iterations 3
GAMG:  Solving for p, Initial residual = 0.00011485256, Final residual = 8.5004988e-07, No Iterations 4
time step continuity errors : sum local = 9.6389622e-06, global = 1.2401742e-06, cumulative = -0.0023867449
smoothSolver:  Solving for omega, Initial residual = 0.00034380033, Final residual = 2.9707136e-06, No Iterations 2
smoothSolver:  Solving for k, Initial residual = 0.0010606364, Final residual = 1.0335977e-05, No Iterations 2
bounding k, min: 1.575424e-16 max: 0.45530791 average: 0.060481015
ExecutionTime = 840.49875 s  ClockTime = 841 s

Time = 554s

smoothSolver:  Solving for Ux, Initial residual = 0.00048730213, Final residual = 6.6746138e-06, No Iterations 3
smoothSolver:  Solving for Uy, Initial residual = 0.0043953568, Final residual = 5.6949915e-05, No Iterations 3
smoothSolver:  Solving for Uz, Initial residual = 0.0047770327, Final residual = 6.1312737e-05, No Iterations 3
GAMG:  Solving for p, Initial residual = 0.0074035075, Final residual = 4.7379853e-05, No Iterations 3
GAMG:  Solving for p, Initial residual = 0.00011570586, Final residual = 9.3343174e-07, No Iterations 4
time step continuity errors : sum local = 1.058709e-05, global = 1.6534112e-06, cumulative = -0.0023850915
smoothSolver:  Solving for omega, Initial residual = 0.00034148881, Final residual = 2.9327645e-06, No Iterations 2
smoothSolver:  Solving for k, Initial residual = 0.0010560732, Final residual = 1.02621e-05, No Iterations 2
bounding k, min: 1.789744e-16 max: 0.45521271 average: 0.060477045
ExecutionTime = 842.42601 s  ClockTime = 843 s

Time = 555s

smoothSolver:  Solving for Ux, Initial residual = 0.00048393261, Final residual = 6.6337e-06, No Iterations 3
smoothSolver:  Solving for Uy, Initial residual = 0.0043693113, Final residual = 5.6548498e-05, No Iterations 3
smoothSolver:  Solving for Uz, Initial residual = 0.0047601809, Final residual = 6.1059423e-05, No Iterations 3
GAMG:  Solving for p, Initial residual = 0.0074025183, Final residual = 4.6984836e-05, No Iterations 3
GAMG:  Solving for p, Initial residual = 0.00011856326, Final residual = 1.0221364e-06, No Iterations 4
time step continuity errors : sum local = 1.1597387e-05, global = 1.9465056e-06, cumulative = -0.002383145
smoothSolver:  Solving for omega, Initial residual = 0.0003416371, Final residual = 2.8986917e-06, No Iterations 2
smoothSolver:  Solving for k, Initial residual = 0.0010515598, Final residual = 1.023612e-05, No Iterations 2
bounding k, min: 2.1393305e-16 max: 0.45514945 average: 0.060473427
ExecutionTime = 844.02515 s  ClockTime = 844 s

Time = 556s

smoothSolver:  Solving for Ux, Initial residual = 0.00048033309, Final residual = 6.5972946e-06, No Iterations 3
smoothSolver:  Solving for Uy, Initial residual = 0.0043458467, Final residual = 5.6238564e-05, No Iterations 3
smoothSolver:  Solving for Uz, Initial residual = 0.0047445298, Final residual = 6.0925537e-05, No Iterations 3
GAMG:  Solving for p, Initial residual = 0.0074021759, Final residual = 4.7537436e-05, No Iterations 3
GAMG:  Solving for p, Initial residual = 0.00012293061, Final residual = 1.1272876e-06, No Iterations 4
time step continuity errors : sum local = 1.2793449e-05, global = 2.1791711e-06, cumulative = -0.0023809658
smoothSolver:  Solving for omega, Initial residual = 0.00034024419, Final residual = 2.9408052e-06, No Iterations 2
smoothSolver:  Solving for k, Initial residual = 0.0010479962, Final residual = 1.0203083e-05, No Iterations 2
ExecutionTime = 845.5648 s  ClockTime = 846 s

Time = 557s

smoothSolver:  Solving for Ux, Initial residual = 0.00047707799, Final residual = 6.5594809e-06, No Iterations 3
smoothSolver:  Solving for Uy, Initial residual = 0.0043254488, Final residual = 5.6057206e-05, No Iterations 3
smoothSolver:  Solving for Uz, Initial residual = 0.0047298533, Final residual = 6.0834555e-05, No Iterations 3
GAMG:  Solving for p, Initial residual = 0.0074038731, Final residual = 4.8298355e-05, No Iterations 3
GAMG:  Solving for p, Initial residual = 0.00012687125, Final residual = 1.2007594e-06, No Iterations 4
time step continuity errors : sum local = 1.3630972e-05, global = 1.9507775e-06, cumulative = -0.0023790151
smoothSolver:  Solving for omega, Initial residual = 0.00034594799, Final residual = 2.9981272e-06, No Iterations 2
smoothSolver:  Solving for k, Initial residual = 0.0010457477, Final residual = 1.0241662e-05, No Iterations 2
ExecutionTime = 846.93557 s  ClockTime = 847 s

Time = 558s

smoothSolver:  Solving for Ux, Initial residual = 0.00047403265, Final residual = 6.5206216e-06, No Iterations 3
smoothSolver:  Solving for Uy, Initial residual = 0.0043127668, Final residual = 5.6011764e-05, No Iterations 3
smoothSolver:  Solving for Uz, Initial residual = 0.0047165031, Final residual = 6.0779327e-05, No Iterations 3
GAMG:  Solving for p, Initial residual = 0.0074179916, Final residual = 4.9163352e-05, No Iterations 3
GAMG:  Solving for p, Initial residual = 0.00013025153, Final residual = 1.2623456e-06, No Iterations 4
time step continuity errors : sum local = 1.433479e-05, global = 1.8691543e-06, cumulative = -0.0023771459
smoothSolver:  Solving for omega, Initial residual = 0.00034391137, Final residual = 2.9734114e-06, No Iterations 2
smoothSolver:  Solving for k, Initial residual = 0.0010409341, Final residual = 1.0090571e-05, No Iterations 2
bounding k, min: 2.0468118e-16 max: 0.4551512 average: 0.06046319
ExecutionTime = 848.29268 s  ClockTime = 849 s

Time = 559s

smoothSolver:  Solving for Ux, Initial residual = 0.00047112303, Final residual = 6.4758516e-06, No Iterations 3
smoothSolver:  Solving for Uy, Initial residual = 0.0043019131, Final residual = 5.5909191e-05, No Iterations 3
smoothSolver:  Solving for Uz, Initial residual = 0.0047036811, Final residual = 6.0734499e-05, No Iterations 3
GAMG:  Solving for p, Initial residual = 0.0074253878, Final residual = 5.0402778e-05, No Iterations 3
GAMG:  Solving for p, Initial residual = 0.00013347831, Final residual = 1.2968747e-06, No Iterations 4
time step continuity errors : sum local = 1.4729868e-05, global = 1.2218793e-06, cumulative = -0.002375924
smoothSolver:  Solving for omega, Initial residual = 0.00034206866, Final residual = 2.9153726e-06, No Iterations 2
smoothSolver:  Solving for k, Initial residual = 0.0010353189, Final residual = 1.00754e-05, No Iterations 2
bounding k, min: 1.8477549e-16 max: 0.45520775 average: 0.060460677
ExecutionTime = 849.63203 s  ClockTime = 850 s

Time = 560s

smoothSolver:  Solving for Ux, Initial residual = 0.00046828525, Final residual = 6.4312834e-06, No Iterations 3
smoothSolver:  Solving for Uy, Initial residual = 0.0042945112, Final residual = 5.5767403e-05, No Iterations 3
smoothSolver:  Solving for Uz, Initial residual = 0.0046894383, Final residual = 6.0628453e-05, No Iterations 3
GAMG:  Solving for p, Initial residual = 0.0073932561, Final residual = 5.1482449e-05, No Iterations 3
GAMG:  Solving for p, Initial residual = 0.0001351154, Final residual = 1.3079561e-06, No Iterations 4
time step continuity errors : sum local = 1.4856186e-05, global = 1.4522508e-06, cumulative = -0.0023744718
smoothSolver:  Solving for omega, Initial residual = 0.0003376042, Final residual = 2.8721859e-06, No Iterations 2
smoothSolver:  Solving for k, Initial residual = 0.0010326927, Final residual = 1.0051494e-05, No Iterations 2
bounding k, min: 1.7452251e-16 max: 0.45528338 average: 0.060458438
ExecutionTime = 850.98666 s  ClockTime = 851 s

Time = 561s

smoothSolver:  Solving for Ux, Initial residual = 0.00046551865, Final residual = 6.3831573e-06, No Iterations 3
smoothSolver:  Solving for Uy, Initial residual = 0.0042900799, Final residual = 5.5554875e-05, No Iterations 3
smoothSolver:  Solving for Uz, Initial residual = 0.0046726132, Final residual = 6.0442167e-05, No Iterations 3
GAMG:  Solving for p, Initial residual = 0.0073754485, Final residual = 5.2235209e-05, No Iterations 3
GAMG:  Solving for p, Initial residual = 0.00013543035, Final residual = 1.3013438e-06, No Iterations 4
time step continuity errors : sum local = 1.4784384e-05, global = 9.9091201e-07, cumulative = -0.0023734809
smoothSolver:  Solving for omega, Initial residual = 0.0003427542, Final residual = 2.9435158e-06, No Iterations 2
smoothSolver:  Solving for k, Initial residual = 0.0010266546, Final residual = 9.9959066e-06, No Iterations 2
bounding k, min: 1.7452463e-16 max: 0.45536909 average: 0.060456355
ExecutionTime = 852.43771 s  ClockTime = 853 s

Time = 562s

smoothSolver:  Solving for Ux, Initial residual = 0.00046311195, Final residual = 6.3360026e-06, No Iterations 3
smoothSolver:  Solving for Uy, Initial residual = 0.004280731, Final residual = 5.5283819e-05, No Iterations 3
smoothSolver:  Solving for Uz, Initial residual = 0.0046506776, Final residual = 6.0158148e-05, No Iterations 3
GAMG:  Solving for p, Initial residual = 0.0073336908, Final residual = 5.2006448e-05, No Iterations 3
GAMG:  Solving for p, Initial residual = 0.00013340729, Final residual = 1.2485959e-06, No Iterations 4
time step continuity errors : sum local = 1.4186459e-05, global = 1.2246121e-06, cumulative = -0.0023722563
smoothSolver:  Solving for omega, Initial residual = 0.00034293031, Final residual = 3.0087629e-06, No Iterations 2
smoothSolver:  Solving for k, Initial residual = 0.0010282873, Final residual = 1.0027798e-05, No Iterations 2
bounding k, min: 1.9889127e-16 max: 0.4554576 average: 0.06045439
ExecutionTime = 853.89548 s  ClockTime = 854 s

Time = 563s

smoothSolver:  Solving for Ux, Initial residual = 0.0004608961, Final residual = 6.2865145e-06, No Iterations 3
smoothSolver:  Solving for Uy, Initial residual = 0.004276648, Final residual = 5.5044083e-05, No Iterations 3
smoothSolver:  Solving for Uz, Initial residual = 0.0046293877, Final residual = 5.9760519e-05, No Iterations 3
GAMG:  Solving for p, Initial residual = 0.0073426462, Final residual = 5.1309539e-05, No Iterations 3
GAMG:  Solving for p, Initial residual = 0.00013061918, Final residual = 1.2039185e-06, No Iterations 4
time step continuity errors : sum local = 1.3680514e-05, global = 9.258852e-07, cumulative = -0.0023713304
smoothSolver:  Solving for omega, Initial residual = 0.00034420832, Final residual = 2.9778175e-06, No Iterations 2
smoothSolver:  Solving for k, Initial residual = 0.0010218458, Final residual = 9.9367973e-06, No Iterations 2
bounding k, min: 1.665478e-16 max: 0.45553188 average: 0.060453928
ExecutionTime = 855.29218 s  ClockTime = 856 s

Time = 564s

smoothSolver:  Solving for Ux, Initial residual = 0.00045891992, Final residual = 6.2414451e-06, No Iterations 3
smoothSolver:  Solving for Uy, Initial residual = 0.004268534, Final residual = 5.4770821e-05, No Iterations 3
smoothSolver:  Solving for Uz, Initial residual = 0.0046094, Final residual = 5.9320959e-05, No Iterations 3
GAMG:  Solving for p, Initial residual = 0.007349723, Final residual = 5.016011e-05, No Iterations 3
GAMG:  Solving for p, Initial residual = 0.00012789569, Final residual = 1.1002464e-06, No Iterations 4
time step continuity errors : sum local = 1.2505073e-05, global = 1.1358531e-06, cumulative = -0.0023701945
smoothSolver:  Solving for omega, Initial residual = 0.00034101686, Final residual = 2.8999364e-06, No Iterations 2
smoothSolver:  Solving for k, Initial residual = 0.0010194599, Final residual = 9.8907623e-06, No Iterations 2
bounding k, min: 1.5790581e-16 max: 0.45557972 average: 0.060453267
ExecutionTime = 856.67018 s  ClockTime = 857 s

Time = 565s

smoothSolver:  Solving for Ux, Initial residual = 0.00045698575, Final residual = 6.1984182e-06, No Iterations 3
smoothSolver:  Solving for Uy, Initial residual = 0.0042612991, Final residual = 5.4502421e-05, No Iterations 3
smoothSolver:  Solving for Uz, Initial residual = 0.0045901653, Final residual = 5.8877806e-05, No Iterations 3
GAMG:  Solving for p, Initial residual = 0.0073610186, Final residual = 4.8656821e-05, No Iterations 3
GAMG:  Solving for p, Initial residual = 0.00012616337, Final residual = 9.8696388e-07, No Iterations 4
time step continuity errors : sum local = 1.122071e-05, global = 9.6188197e-07, cumulative = -0.0023692326
smoothSolver:  Solving for omega, Initial residual = 0.00034491891, Final residual = 2.9580276e-06, No Iterations 2
smoothSolver:  Solving for k, Initial residual = 0.0010137776, Final residual = 9.844477e-06, No Iterations 2
bounding k, min: 1.6927454e-16 max: 0.45559024 average: 0.060453664
ExecutionTime = 858.2949 s  ClockTime = 859 s

Time = 566s

smoothSolver:  Solving for Ux, Initial residual = 0.0004549838, Final residual = 6.1584997e-06, No Iterations 3
smoothSolver:  Solving for Uy, Initial residual = 0.0042504874, Final residual = 5.4319106e-05, No Iterations 3
smoothSolver:  Solving for Uz, Initial residual = 0.0045626662, Final residual = 5.8319655e-05, No Iterations 3
GAMG:  Solving for p, Initial residual = 0.0073458647, Final residual = 4.7069187e-05, No Iterations 3
GAMG:  Solving for p, Initial residual = 0.00012516688, Final residual = 9.0146915e-07, No Iterations 4
time step continuity errors : sum local = 1.0251595e-05, global = 9.2199512e-07, cumulative = -0.0023683106
smoothSolver:  Solving for omega, Initial residual = 0.00034262882, Final residual = 2.9385604e-06, No Iterations 2
smoothSolver:  Solving for k, Initial residual = 0.0010128327, Final residual = 9.846368e-06, No Iterations 2
bounding k, min: 1.5820678e-16 max: 0.45555611 average: 0.060453573
ExecutionTime = 859.97565 s  ClockTime = 860 s

Time = 567s

smoothSolver:  Solving for Ux, Initial residual = 0.00045261434, Final residual = 6.1176642e-06, No Iterations 3
smoothSolver:  Solving for Uy, Initial residual = 0.0042416909, Final residual = 5.4237551e-05, No Iterations 3
smoothSolver:  Solving for Uz, Initial residual = 0.0045336404, Final residual = 5.77839e-05, No Iterations 3
GAMG:  Solving for p, Initial residual = 0.0073327834, Final residual = 4.5339373e-05, No Iterations 3
GAMG:  Solving for p, Initial residual = 0.00012382587, Final residual = 8.4243343e-07, No Iterations 4
time step continuity errors : sum local = 9.5857824e-06, global = 9.2439684e-07, cumulative = -0.0023673862
smoothSolver:  Solving for omega, Initial residual = 0.00034295064, Final residual = 2.8695077e-06, No Iterations 2
smoothSolver:  Solving for k, Initial residual = 0.0010082814, Final residual = 9.8015253e-06, No Iterations 2
bounding k, min: 1.436138e-16 max: 0.45546905 average: 0.060454665
ExecutionTime = 861.66366 s  ClockTime = 862 s

Time = 568s

smoothSolver:  Solving for Ux, Initial residual = 0.00045025603, Final residual = 6.0756433e-06, No Iterations 3
smoothSolver:  Solving for Uy, Initial residual = 0.0042357531, Final residual = 5.4275631e-05, No Iterations 3
smoothSolver:  Solving for Uz, Initial residual = 0.0045068511, Final residual = 5.7396332e-05, No Iterations 3
GAMG:  Solving for p, Initial residual = 0.0073045562, Final residual = 4.3834459e-05, No Iterations 3
GAMG:  Solving for p, Initial residual = 0.00012205517, Final residual = 8.2424831e-07, No Iterations 4
time step continuity errors : sum local = 9.3853104e-06, global = 8.5718509e-07, cumulative = -0.0023665291
smoothSolver:  Solving for omega, Initial residual = 0.00033964239, Final residual = 2.928777e-06, No Iterations 2
smoothSolver:  Solving for k, Initial residual = 0.0010020513, Final residual = 9.6857638e-06, No Iterations 2
bounding k, min: 1.4114625e-16 max: 0.4553293 average: 0.060456248
ExecutionTime = 863.34897 s  ClockTime = 864 s

Time = 569s

smoothSolver:  Solving for Ux, Initial residual = 0.00044765281, Final residual = 6.0333194e-06, No Iterations 3
smoothSolver:  Solving for Uy, Initial residual = 0.0042320226, Final residual = 5.4361926e-05, No Iterations 3
smoothSolver:  Solving for Uz, Initial residual = 0.0044742958, Final residual = 5.7017726e-05, No Iterations 3
GAMG:  Solving for p, Initial residual = 0.0072511351, Final residual = 4.2621226e-05, No Iterations 3
GAMG:  Solving for p, Initial residual = 0.00012001006, Final residual = 8.4420211e-07, No Iterations 4
time step continuity errors : sum local = 9.6203941e-06, global = 8.7352488e-07, cumulative = -0.0023656555
smoothSolver:  Solving for omega, Initial residual = 0.00034629078, Final residual = 3.0139861e-06, No Iterations 2
smoothSolver:  Solving for k, Initial residual = 0.00099476042, Final residual = 9.6668948e-06, No Iterations 2
bounding k, min: 1.4291971e-16 max: 0.45512504 average: 0.06045776
ExecutionTime = 865.13561 s  ClockTime = 866 s

Time = 570s

smoothSolver:  Solving for Ux, Initial residual = 0.0004456579, Final residual = 5.9926409e-06, No Iterations 3
smoothSolver:  Solving for Uy, Initial residual = 0.0042341462, Final residual = 5.4449606e-05, No Iterations 3
smoothSolver:  Solving for Uz, Initial residual = 0.0044462966, Final residual = 5.6724309e-05, No Iterations 3
GAMG:  Solving for p, Initial residual = 0.0071905807, Final residual = 4.1703004e-05, No Iterations 3
GAMG:  Solving for p, Initial residual = 0.00011706687, Final residual = 8.8156295e-07, No Iterations 4
time step continuity errors : sum local = 1.0055997e-05, global = 8.6871055e-07, cumulative = -0.0023647868
smoothSolver:  Solving for omega, Initial residual = 0.00034513931, Final residual = 2.969701e-06, No Iterations 2
smoothSolver:  Solving for k, Initial residual = 0.00099069527, Final residual = 9.5869803e-06, No Iterations 2
bounding k, min: 1.2677418e-16 max: 0.45486495 average: 0.0604585
ExecutionTime = 866.78295 s  ClockTime = 867 s

Time = 571s

smoothSolver:  Solving for Ux, Initial residual = 0.00044377651, Final residual = 5.9532358e-06, No Iterations 3
smoothSolver:  Solving for Uy, Initial residual = 0.0042341498, Final residual = 5.445512e-05, No Iterations 3
smoothSolver:  Solving for Uz, Initial residual = 0.0044217395, Final residual = 5.6439706e-05, No Iterations 3
GAMG:  Solving for p, Initial residual = 0.0071603559, Final residual = 4.1032837e-05, No Iterations 3
GAMG:  Solving for p, Initial residual = 0.00011401642, Final residual = 9.4559371e-07, No Iterations 4
time step continuity errors : sum local = 1.0796799e-05, global = 9.9364362e-07, cumulative = -0.0023637932
smoothSolver:  Solving for omega, Initial residual = 0.00034271559, Final residual = 2.8952776e-06, No Iterations 2
smoothSolver:  Solving for k, Initial residual = 0.00098498413, Final residual = 9.5851347e-06, No Iterations 2
bounding k, min: 1.1795861e-16 max: 0.45454947 average: 0.06046022
ExecutionTime = 868.17428 s  ClockTime = 869 s

Time = 572s

smoothSolver:  Solving for Ux, Initial residual = 0.00044229641, Final residual = 5.9145896e-06, No Iterations 3
smoothSolver:  Solving for Uy, Initial residual = 0.0042344179, Final residual = 5.4340881e-05, No Iterations 3
smoothSolver:  Solving for Uz, Initial residual = 0.0044044962, Final residual = 5.6127196e-05, No Iterations 3
GAMG:  Solving for p, Initial residual = 0.0071334649, Final residual = 4.0339813e-05, No Iterations 3
GAMG:  Solving for p, Initial residual = 0.00011023376, Final residual = 1.0090835e-06, No Iterations 4
time step continuity errors : sum local = 1.1532956e-05, global = 1.2430389e-06, cumulative = -0.0023625501
smoothSolver:  Solving for omega, Initial residual = 0.00033736799, Final residual = 2.8585374e-06, No Iterations 2
smoothSolver:  Solving for k, Initial residual = 0.00098143774, Final residual = 9.5363659e-06, No Iterations 2
bounding k, min: 1.1402256e-16 max: 0.45419289 average: 0.060461616
ExecutionTime = 869.48168 s  ClockTime = 870 s

Time = 573s

smoothSolver:  Solving for Ux, Initial residual = 0.00044097625, Final residual = 5.8804557e-06, No Iterations 3
smoothSolver:  Solving for Uy, Initial residual = 0.0042307675, Final residual = 5.4098314e-05, No Iterations 3
smoothSolver:  Solving for Uz, Initial residual = 0.0043899916, Final residual = 5.5746572e-05, No Iterations 3
GAMG:  Solving for p, Initial residual = 0.0071347624, Final residual = 3.9562435e-05, No Iterations 3
GAMG:  Solving for p, Initial residual = 0.00010659106, Final residual = 5.7033227e-07, No Iterations 5
time step continuity errors : sum local = 6.5247873e-06, global = -9.8347501e-07, cumulative = -0.0023635336
smoothSolver:  Solving for omega, Initial residual = 0.00034303654, Final residual = 2.8968843e-06, No Iterations 2
smoothSolver:  Solving for k, Initial residual = 0.00097753505, Final residual = 9.5235733e-06, No Iterations 2
bounding k, min: 1.1331995e-16 max: 0.45380019 average: 0.060462159
ExecutionTime = 870.8333 s  ClockTime = 871 s

Time = 574s

smoothSolver:  Solving for Ux, Initial residual = 0.0004397695, Final residual = 5.8522406e-06, No Iterations 3
smoothSolver:  Solving for Uy, Initial residual = 0.0042267365, Final residual = 5.3745246e-05, No Iterations 3
smoothSolver:  Solving for Uz, Initial residual = 0.004378125, Final residual = 5.5329089e-05, No Iterations 3
GAMG:  Solving for p, Initial residual = 0.007156143, Final residual = 3.8963916e-05, No Iterations 3
GAMG:  Solving for p, Initial residual = 0.0001036718, Final residual = 6.0600771e-07, No Iterations 5
time step continuity errors : sum local = 6.939675e-06, global = -1.0855598e-06, cumulative = -0.0023646192
smoothSolver:  Solving for omega, Initial residual = 0.00034408765, Final residual = 3.0095875e-06, No Iterations 2
smoothSolver:  Solving for k, Initial residual = 0.00097782903, Final residual = 9.4880644e-06, No Iterations 2
bounding k, min: 1.0877045e-16 max: 0.45339661 average: 0.060461733
ExecutionTime = 872.50931 s  ClockTime = 873 s

Time = 575s

smoothSolver:  Solving for Ux, Initial residual = 0.00043862086, Final residual = 5.8290939e-06, No Iterations 3
smoothSolver:  Solving for Uy, Initial residual = 0.0042191835, Final residual = 5.3359836e-05, No Iterations 3
smoothSolver:  Solving for Uz, Initial residual = 0.0043608684, Final residual = 5.483802e-05, No Iterations 3
GAMG:  Solving for p, Initial residual = 0.0071784719, Final residual = 3.8570103e-05, No Iterations 3
GAMG:  Solving for p, Initial residual = 0.00010241492, Final residual = 6.2078287e-07, No Iterations 5
time step continuity errors : sum local = 7.1147944e-06, global = -1.0903644e-06, cumulative = -0.0023657095
smoothSolver:  Solving for omega, Initial residual = 0.00034642548, Final residual = 2.959444e-06, No Iterations 2
smoothSolver:  Solving for k, Initial residual = 0.00097341222, Final residual = 9.4724834e-06, No Iterations 2
bounding k, min: 1.0468251e-16 max: 0.45297832 average: 0.060462066
ExecutionTime = 874.00264 s  ClockTime = 874 s

Time = 576s

smoothSolver:  Solving for Ux, Initial residual = 0.00043719952, Final residual = 5.8106188e-06, No Iterations 3
smoothSolver:  Solving for Uy, Initial residual = 0.0042080255, Final residual = 5.2982486e-05, No Iterations 3
smoothSolver:  Solving for Uz, Initial residual = 0.0043438469, Final residual = 5.4366496e-05, No Iterations 3
GAMG:  Solving for p, Initial residual = 0.0071960565, Final residual = 3.8279281e-05, No Iterations 3
GAMG:  Solving for p, Initial residual = 0.00010257355, Final residual = 6.2660221e-07, No Iterations 5
time step continuity errors : sum local = 7.1862829e-06, global = -1.0378966e-06, cumulative = -0.0023667474
smoothSolver:  Solving for omega, Initial residual = 0.0003400309, Final residual = 2.8867912e-06, No Iterations 2
smoothSolver:  Solving for k, Initial residual = 0.00097051459, Final residual = 9.4140174e-06, No Iterations 2
bounding k, min: 1.0088189e-16 max: 0.45256937 average: 0.060461473
ExecutionTime = 875.89588 s  ClockTime = 876 s

Time = 577s

smoothSolver:  Solving for Ux, Initial residual = 0.00043582611, Final residual = 5.7929268e-06, No Iterations 3
smoothSolver:  Solving for Uy, Initial residual = 0.0041941966, Final residual = 5.2657903e-05, No Iterations 3
smoothSolver:  Solving for Uz, Initial residual = 0.0043278376, Final residual = 5.3997262e-05, No Iterations 3
GAMG:  Solving for p, Initial residual = 0.0072068102, Final residual = 3.8357191e-05, No Iterations 3
GAMG:  Solving for p, Initial residual = 0.00010443058, Final residual = 6.3090269e-07, No Iterations 5
time step continuity errors : sum local = 7.2396813e-06, global = -9.8720348e-07, cumulative = -0.0023677346
smoothSolver:  Solving for omega, Initial residual = 0.00034192313, Final residual = 2.9181622e-06, No Iterations 2
smoothSolver:  Solving for k, Initial residual = 0.00096697103, Final residual = 9.3923569e-06, No Iterations 2
bounding k, min: 9.8541044e-17 max: 0.45217641 average: 0.060460478
ExecutionTime = 877.67387 s  ClockTime = 878 s

Time = 578s

smoothSolver:  Solving for Ux, Initial residual = 0.00043435539, Final residual = 5.7767104e-06, No Iterations 3
smoothSolver:  Solving for Uy, Initial residual = 0.0041817772, Final residual = 5.2387946e-05, No Iterations 3
smoothSolver:  Solving for Uz, Initial residual = 0.0043120681, Final residual = 5.3763057e-05, No Iterations 3
GAMG:  Solving for p, Initial residual = 0.0072391836, Final residual = 3.881556e-05, No Iterations 3
GAMG:  Solving for p, Initial residual = 0.0001063538, Final residual = 6.4283417e-07, No Iterations 5
time step continuity errors : sum local = 7.379986e-06, global = -9.8730735e-07, cumulative = -0.002368722
smoothSolver:  Solving for omega, Initial residual = 0.00034100359, Final residual = 2.9388975e-06, No Iterations 2
smoothSolver:  Solving for k, Initial residual = 0.00096895754, Final residual = 9.4611261e-06, No Iterations 2
bounding k, min: 9.7101772e-17 max: 0.45182139 average: 0.060458181
ExecutionTime = 879.11611 s  ClockTime = 880 s

Time = 579s

smoothSolver:  Solving for Ux, Initial residual = 0.0004329876, Final residual = 5.7608562e-06, No Iterations 3
smoothSolver:  Solving for Uy, Initial residual = 0.0041700202, Final residual = 5.2169628e-05, No Iterations 3
smoothSolver:  Solving for Uz, Initial residual = 0.004302276, Final residual = 5.3669512e-05, No Iterations 3
GAMG:  Solving for p, Initial residual = 0.0072770962, Final residual = 3.9752857e-05, No Iterations 3
GAMG:  Solving for p, Initial residual = 0.00010840691, Final residual = 6.593415e-07, No Iterations 5
time step continuity errors : sum local = 7.571715e-06, global = -1.0585599e-06, cumulative = -0.0023697805
smoothSolver:  Solving for omega, Initial residual = 0.0003440612, Final residual = 2.8922634e-06, No Iterations 2
smoothSolver:  Solving for k, Initial residual = 0.00096400391, Final residual = 9.3774352e-06, No Iterations 2
bounding k, min: 9.6231011e-17 max: 0.45149835 average: 0.060456846
ExecutionTime = 880.58581 s  ClockTime = 881 s

Time = 580s

smoothSolver:  Solving for Ux, Initial residual = 0.00043173672, Final residual = 5.7461748e-06, No Iterations 3
smoothSolver:  Solving for Uy, Initial residual = 0.0041545926, Final residual = 5.1840236e-05, No Iterations 3
smoothSolver:  Solving for Uz, Initial residual = 0.0042964991, Final residual = 5.3666945e-05, No Iterations 3
GAMG:  Solving for p, Initial residual = 0.0073022408, Final residual = 4.0888437e-05, No Iterations 3
GAMG:  Solving for p, Initial residual = 0.00010915978, Final residual = 6.6315304e-07, No Iterations 5
time step continuity errors : sum local = 7.61628e-06, global = -1.1265262e-06, cumulative = -0.002370907
smoothSolver:  Solving for omega, Initial residual = 0.0003396989, Final residual = 2.916156e-06, No Iterations 2
smoothSolver:  Solving for k, Initial residual = 0.00096185113, Final residual = 9.3794752e-06, No Iterations 2
bounding k, min: 9.5729319e-17 max: 0.45122408 average: 0.060455043
ExecutionTime = 882.17342 s  ClockTime = 883 s

Time = 581s

smoothSolver:  Solving for Ux, Initial residual = 0.00043088339, Final residual = 5.7308102e-06, No Iterations 3
smoothSolver:  Solving for Uy, Initial residual = 0.0041373704, Final residual = 5.1496144e-05, No Iterations 3
smoothSolver:  Solving for Uz, Initial residual = 0.0042933698, Final residual = 5.3665649e-05, No Iterations 3
GAMG:  Solving for p, Initial residual = 0.0073274208, Final residual = 4.2167248e-05, No Iterations 3
GAMG:  Solving for p, Initial residual = 0.00010990168, Final residual = 6.1709308e-07, No Iterations 5
time step continuity errors : sum local = 7.0864167e-06, global = -9.868296e-07, cumulative = -0.0023718939
smoothSolver:  Solving for omega, Initial residual = 0.00034405765, Final residual = 2.9183713e-06, No Iterations 2
smoothSolver:  Solving for k, Initial residual = 0.0009577287, Final residual = 9.3569724e-06, No Iterations 2
bounding k, min: 9.5504887e-17 max: 0.45097999 average: 0.060453257
ExecutionTime = 883.59947 s  ClockTime = 884 s

Time = 582s

smoothSolver:  Solving for Ux, Initial residual = 0.00043000011, Final residual = 5.7151406e-06, No Iterations 3
smoothSolver:  Solving for Uy, Initial residual = 0.0041188259, Final residual = 5.1099626e-05, No Iterations 3
smoothSolver:  Solving for Uz, Initial residual = 0.0042951778, Final residual = 5.3684035e-05, No Iterations 3
GAMG:  Solving for p, Initial residual = 0.0073503194, Final residual = 4.3010918e-05, No Iterations 3
GAMG:  Solving for p, Initial residual = 0.00010972666, Final residual = 1.066687e-06, No Iterations 4
time step continuity errors : sum local = 1.224697e-05, global = 1.5940489e-06, cumulative = -0.0023702998
smoothSolver:  Solving for omega, Initial residual = 0.0003426379, Final residual = 2.9784338e-06, No Iterations 2
smoothSolver:  Solving for k, Initial residual = 0.00095322328, Final residual = 9.3329187e-06, No Iterations 2
bounding k, min: 9.5540306e-17 max: 0.45077687 average: 0.060451514
ExecutionTime = 884.9118 s  ClockTime = 885 s

Time = 583s

smoothSolver:  Solving for Ux, Initial residual = 0.00042942763, Final residual = 5.7022766e-06, No Iterations 3
smoothSolver:  Solving for Uy, Initial residual = 0.0040963032, Final residual = 5.0686261e-05, No Iterations 3
smoothSolver:  Solving for Uz, Initial residual = 0.0042993424, Final residual = 5.3583065e-05, No Iterations 3
GAMG:  Solving for p, Initial residual = 0.0073899511, Final residual = 4.3027878e-05, No Iterations 3
GAMG:  Solving for p, Initial residual = 0.00011053352, Final residual = 9.6929694e-07, No Iterations 4
time step continuity errors : sum local = 1.1125467e-05, global = 1.2596601e-06, cumulative = -0.0023690402
smoothSolver:  Solving for omega, Initial residual = 0.0003445309, Final residual = 2.9182918e-06, No Iterations 2
smoothSolver:  Solving for k, Initial residual = 0.00095067577, Final residual = 9.3361861e-06, No Iterations 2
bounding k, min: 9.5168729e-17 max: 0.45059373 average: 0.060450319
ExecutionTime = 886.22044 s  ClockTime = 887 s

Time = 584s

smoothSolver:  Solving for Ux, Initial residual = 0.00042873115, Final residual = 5.6907404e-06, No Iterations 3
smoothSolver:  Solving for Uy, Initial residual = 0.0040779375, Final residual = 5.0431568e-05, No Iterations 3
smoothSolver:  Solving for Uz, Initial residual = 0.0043023833, Final residual = 5.3388356e-05, No Iterations 3
GAMG:  Solving for p, Initial residual = 0.0074089657, Final residual = 4.2239093e-05, No Iterations 3
GAMG:  Solving for p, Initial residual = 0.0001112303, Final residual = 8.774801e-07, No Iterations 4
time step continuity errors : sum local = 1.0070525e-05, global = 1.5730928e-06, cumulative = -0.0023674671
smoothSolver:  Solving for omega, Initial residual = 0.00033999742, Final residual = 2.8967291e-06, No Iterations 2
smoothSolver:  Solving for k, Initial residual = 0.00094644307, Final residual = 9.328084e-06, No Iterations 2
bounding k, min: 9.3825704e-17 max: 0.45043655 average: 0.060449942
ExecutionTime = 887.51876 s  ClockTime = 888 s

Time = 585s

smoothSolver:  Solving for Ux, Initial residual = 0.00042793562, Final residual = 5.6813782e-06, No Iterations 3
smoothSolver:  Solving for Uy, Initial residual = 0.0040656463, Final residual = 0.00020322489, No Iterations 2
smoothSolver:  Solving for Uz, Initial residual = 0.0042951028, Final residual = 5.3087037e-05, No Iterations 3
GAMG:  Solving for p, Initial residual = 0.007384108, Final residual = 4.1380432e-05, No Iterations 3
GAMG:  Solving for p, Initial residual = 0.00011227701, Final residual = 7.801811e-07, No Iterations 4
time step continuity errors : sum local = 8.9532694e-06, global = 1.596973e-06, cumulative = -0.0023658701
smoothSolver:  Solving for omega, Initial residual = 0.00034287192, Final residual = 2.9021465e-06, No Iterations 2
smoothSolver:  Solving for k, Initial residual = 0.00094302346, Final residual = 9.3106863e-06, No Iterations 2
bounding k, min: 9.2949328e-17 max: 0.45028321 average: 0.060449752
ExecutionTime = 888.73103 s  ClockTime = 889 s

Time = 586s

smoothSolver:  Solving for Ux, Initial residual = 0.00042658673, Final residual = 5.6639227e-06, No Iterations 3
smoothSolver:  Solving for Uy, Initial residual = 0.0040902494, Final residual = 5.081892e-05, No Iterations 3
smoothSolver:  Solving for Uz, Initial residual = 0.0042732991, Final residual = 0.00021323527, No Iterations 2
GAMG:  Solving for p, Initial residual = 0.0073755129, Final residual = 4.0313635e-05, No Iterations 3
GAMG:  Solving for p, Initial residual = 0.00011361629, Final residual = 7.3841445e-07, No Iterations 4
time step continuity errors : sum local = 8.4763961e-06, global = 1.6292117e-06, cumulative = -0.0023642409
smoothSolver:  Solving for omega, Initial residual = 0.00034083274, Final residual = 2.9668296e-06, No Iterations 2
smoothSolver:  Solving for k, Initial residual = 0.00094143612, Final residual = 9.3039784e-06, No Iterations 2
bounding k, min: 9.2315923e-17 max: 0.45014192 average: 0.060449482
ExecutionTime = 889.91724 s  ClockTime = 890 s

Time = 587s

smoothSolver:  Solving for Ux, Initial residual = 0.00042539807, Final residual = 5.6494558e-06, No Iterations 3
smoothSolver:  Solving for Uy, Initial residual = 0.0040646091, Final residual = 5.0484256e-05, No Iterations 3
smoothSolver:  Solving for Uz, Initial residual = 0.0042875753, Final residual = 0.00021408731, No Iterations 2
GAMG:  Solving for p, Initial residual = 0.007343316, Final residual = 4.0635144e-05, No Iterations 3
GAMG:  Solving for p, Initial residual = 0.00011656108, Final residual = 7.1096999e-07, No Iterations 4
time step continuity errors : sum local = 8.1642594e-06, global = 1.6097075e-06, cumulative = -0.0023626312
smoothSolver:  Solving for omega, Initial residual = 0.00034444896, Final residual = 2.9078258e-06, No Iterations 2
smoothSolver:  Solving for k, Initial residual = 0.00093782021, Final residual = 9.2870379e-06, No Iterations 2
bounding k, min: 9.1927321e-17 max: 0.44999033 average: 0.060450367
ExecutionTime = 891.12238 s  ClockTime = 892 s

Time = 588s

smoothSolver:  Solving for Ux, Initial residual = 0.00042440848, Final residual = 5.6354488e-06, No Iterations 3
smoothSolver:  Solving for Uy, Initial residual = 0.0040659649, Final residual = 5.0585969e-05, No Iterations 3
smoothSolver:  Solving for Uz, Initial residual = 0.0042780194, Final residual = 0.00021361808, No Iterations 2
GAMG:  Solving for p, Initial residual = 0.0073257532, Final residual = 4.1175684e-05, No Iterations 3
GAMG:  Solving for p, Initial residual = 0.00011900778, Final residual = 7.4536086e-07, No Iterations 4
time step continuity errors : sum local = 8.5651796e-06, global = 1.6945419e-06, cumulative = -0.0023609366
smoothSolver:  Solving for omega, Initial residual = 0.00034149726, Final residual = 2.8905471e-06, No Iterations 2
smoothSolver:  Solving for k, Initial residual = 0.00093515915, Final residual = 9.2782848e-06, No Iterations 2
bounding k, min: 9.1915231e-17 max: 0.44983647 average: 0.060451627
ExecutionTime = 892.54457 s  ClockTime = 893 s

Time = 589s

smoothSolver:  Solving for Ux, Initial residual = 0.00042369606, Final residual = 5.6224555e-06, No Iterations 3
smoothSolver:  Solving for Uy, Initial residual = 0.004069895, Final residual = 5.0682675e-05, No Iterations 3
smoothSolver:  Solving for Uz, Initial residual = 0.0042666954, Final residual = 0.00021306249, No Iterations 2
GAMG:  Solving for p, Initial residual = 0.007317659, Final residual = 4.2164434e-05, No Iterations 3
GAMG:  Solving for p, Initial residual = 0.00012125079, Final residual = 8.0062593e-07, No Iterations 4
time step continuity errors : sum local = 9.20748e-06, global = 1.8015868e-06, cumulative = -0.002359135
smoothSolver:  Solving for omega, Initial residual = 0.00034386573, Final residual = 2.9469379e-06, No Iterations 2
smoothSolver:  Solving for k, Initial residual = 0.00093575517, Final residual = 9.3270243e-06, No Iterations 2
bounding k, min: 9.2123023e-17 max: 0.44965608 average: 0.060452768
ExecutionTime = 894.09779 s  ClockTime = 895 s

Time = 590s

smoothSolver:  Solving for Ux, Initial residual = 0.00042284233, Final residual = 5.6097445e-06, No Iterations 3
smoothSolver:  Solving for Uy, Initial residual = 0.0040752486, Final residual = 5.0791052e-05, No Iterations 3
smoothSolver:  Solving for Uz, Initial residual = 0.004258897, Final residual = 0.00021272197, No Iterations 2
GAMG:  Solving for p, Initial residual = 0.0073085497, Final residual = 4.3129554e-05, No Iterations 3
GAMG:  Solving for p, Initial residual = 0.00012248177, Final residual = 8.6458848e-07, No Iterations 4
time step continuity errors : sum local = 9.9531891e-06, global = 1.8436241e-06, cumulative = -0.0023572914
smoothSolver:  Solving for omega, Initial residual = 0.00034056865, Final residual = 2.9088534e-06, No Iterations 2
smoothSolver:  Solving for k, Initial residual = 0.00093269107, Final residual = 9.2906179e-06, No Iterations 2
bounding k, min: 9.2626169e-17 max: 0.44946309 average: 0.060454544
ExecutionTime = 895.43917 s  ClockTime = 896 s

Time = 591s

smoothSolver:  Solving for Ux, Initial residual = 0.00042256667, Final residual = 5.5993324e-06, No Iterations 3
smoothSolver:  Solving for Uy, Initial residual = 0.0040720774, Final residual = 5.0719486e-05, No Iterations 3
smoothSolver:  Solving for Uz, Initial residual = 0.0042581083, Final residual = 0.00021258092, No Iterations 2
GAMG:  Solving for p, Initial residual = 0.0073267655, Final residual = 4.412896e-05, No Iterations 3
GAMG:  Solving for p, Initial residual = 0.0001229972, Final residual = 9.318408e-07, No Iterations 4
time step continuity errors : sum local = 1.0736456e-05, global = 1.941628e-06, cumulative = -0.0023553498
smoothSolver:  Solving for omega, Initial residual = 0.00034120195, Final residual = 2.8655221e-06, No Iterations 2
smoothSolver:  Solving for k, Initial residual = 0.00093265997, Final residual = 9.3490013e-06, No Iterations 2
bounding k, min: 9.2159577e-17 max: 0.44924277 average: 0.060456697
ExecutionTime = 896.70587 s  ClockTime = 897 s

Time = 592s

smoothSolver:  Solving for Ux, Initial residual = 0.00042230308, Final residual = 5.5909438e-06, No Iterations 3
smoothSolver:  Solving for Uy, Initial residual = 0.0040702264, Final residual = 5.0611846e-05, No Iterations 3
smoothSolver:  Solving for Uz, Initial residual = 0.0042578495, Final residual = 0.00021226672, No Iterations 2
GAMG:  Solving for p, Initial residual = 0.0073604113, Final residual = 4.4917713e-05, No Iterations 3
GAMG:  Solving for p, Initial residual = 0.00012259063, Final residual = 9.8393579e-07, No Iterations 4
time step continuity errors : sum local = 1.1349439e-05, global = 2.0480676e-06, cumulative = -0.0023533017
smoothSolver:  Solving for omega, Initial residual = 0.00033849285, Final residual = 2.8945359e-06, No Iterations 2
smoothSolver:  Solving for k, Initial residual = 0.00093037389, Final residual = 9.3130535e-06, No Iterations 2
bounding k, min: 9.1952419e-17 max: 0.44900744 average: 0.060459171
ExecutionTime = 898.0718 s  ClockTime = 899 s

Time = 593s

smoothSolver:  Solving for Ux, Initial residual = 0.00042242846, Final residual = 5.5837837e-06, No Iterations 3
smoothSolver:  Solving for Uy, Initial residual = 0.0040633863, Final residual = 5.0466961e-05, No Iterations 3
smoothSolver:  Solving for Uz, Initial residual = 0.0042596616, Final residual = 0.00021189064, No Iterations 2
GAMG:  Solving for p, Initial residual = 0.0074097849, Final residual = 4.5491141e-05, No Iterations 3
GAMG:  Solving for p, Initial residual = 0.00012209386, Final residual = 1.0458894e-06, No Iterations 4
time step continuity errors : sum local = 1.2075672e-05, global = 2.175573e-06, cumulative = -0.0023511262
smoothSolver:  Solving for omega, Initial residual = 0.00034360411, Final residual = 2.9234831e-06, No Iterations 2
smoothSolver:  Solving for k, Initial residual = 0.0009251575, Final residual = 9.2730978e-06, No Iterations 2
bounding k, min: 9.2443957e-17 max: 0.44874987 average: 0.060462056
ExecutionTime = 899.30203 s  ClockTime = 900 s

Time = 594s

smoothSolver:  Solving for Ux, Initial residual = 0.00042249348, Final residual = 5.5770851e-06, No Iterations 3
smoothSolver:  Solving for Uy, Initial residual = 0.0040545816, Final residual = 5.0255729e-05, No Iterations 3
smoothSolver:  Solving for Uz, Initial residual = 0.0042563059, Final residual = 0.00021127638, No Iterations 2
GAMG:  Solving for p, Initial residual = 0.0074262981, Final residual = 4.5600516e-05, No Iterations 3
GAMG:  Solving for p, Initial residual = 0.00012178793, Final residual = 1.1298926e-06, No Iterations 4
time step continuity errors : sum local = 1.3059457e-05, global = 2.3331823e-06, cumulative = -0.002348793
smoothSolver:  Solving for omega, Initial residual = 0.00034131219, Final residual = 2.9138532e-06, No Iterations 2
smoothSolver:  Solving for k, Initial residual = 0.00092539736, Final residual = 9.2791937e-06, No Iterations 2
bounding k, min: 9.4122871e-17 max: 0.44849017 average: 0.060464297
ExecutionTime = 900.49239 s  ClockTime = 901 s

Time = 595s

smoothSolver:  Solving for Ux, Initial residual = 0.00042240751, Final residual = 5.5665308e-06, No Iterations 3
smoothSolver:  Solving for Uy, Initial residual = 0.0040504164, Final residual = 0.00020245233, No Iterations 2
smoothSolver:  Solving for Uz, Initial residual = 0.0042509684, Final residual = 0.0002104672, No Iterations 2
GAMG:  Solving for p, Initial residual = 0.0074215154, Final residual = 4.4549055e-05, No Iterations 3
GAMG:  Solving for p, Initial residual = 0.0001203592, Final residual = 1.1738907e-06, No Iterations 4
time step continuity errors : sum local = 1.3578794e-05, global = 2.395376e-06, cumulative = -0.0023463976
smoothSolver:  Solving for omega, Initial residual = 0.0003424471, Final residual = 2.8587905e-06, No Iterations 2
smoothSolver:  Solving for k, Initial residual = 0.00092555892, Final residual = 9.2983326e-06, No Iterations 2
bounding k, min: 9.5018328e-17 max: 0.44821393 average: 0.060466951
ExecutionTime = 901.71616 s  ClockTime = 902 s

Time = 596s

smoothSolver:  Solving for Ux, Initial residual = 0.00042190869, Final residual = 5.5503009e-06, No Iterations 3
smoothSolver:  Solving for Uy, Initial residual = 0.0040790128, Final residual = 0.000203738, No Iterations 2
smoothSolver:  Solving for Uz, Initial residual = 0.0042363727, Final residual = 0.00020928782, No Iterations 2
GAMG:  Solving for p, Initial residual = 0.0074121899, Final residual = 4.3841181e-05, No Iterations 3
GAMG:  Solving for p, Initial residual = 0.0001192655, Final residual = 1.1925701e-06, No Iterations 4
time step continuity errors : sum local = 1.3804806e-05, global = 2.4432218e-06, cumulative = -0.0023439544
smoothSolver:  Solving for omega, Initial residual = 0.00033929746, Final residual = 2.8512127e-06, No Iterations 2
smoothSolver:  Solving for k, Initial residual = 0.00092205376, Final residual = 9.2345981e-06, No Iterations 2
bounding k, min: 9.5853164e-17 max: 0.4479406 average: 0.06046984
ExecutionTime = 902.93598 s  ClockTime = 903 s

Time = 597s

smoothSolver:  Solving for Ux, Initial residual = 0.00042153188, Final residual = 5.5378618e-06, No Iterations 3
smoothSolver:  Solving for Uy, Initial residual = 0.004083653, Final residual = 0.00020350859, No Iterations 2
smoothSolver:  Solving for Uz, Initial residual = 0.0042255271, Final residual = 0.00020858689, No Iterations 2
GAMG:  Solving for p, Initial residual = 0.0074246941, Final residual = 4.2695499e-05, No Iterations 3
GAMG:  Solving for p, Initial residual = 0.0001170138, Final residual = 6.7490561e-07, No Iterations 5
time step continuity errors : sum local = 7.8143859e-06, global = -1.3006613e-06, cumulative = -0.002345255
smoothSolver:  Solving for omega, Initial residual = 0.0003441604, Final residual = 2.9121716e-06, No Iterations 2
smoothSolver:  Solving for k, Initial residual = 0.00091863029, Final residual = 9.248614e-06, No Iterations 2
bounding k, min: 1.0026805e-16 max: 0.44766144 average: 0.060472288
ExecutionTime = 904.29675 s  ClockTime = 905 s

Time = 598s

smoothSolver:  Solving for Ux, Initial residual = 0.00042114774, Final residual = 5.525967e-06, No Iterations 3
smoothSolver:  Solving for Uy, Initial residual = 0.0040851962, Final residual = 0.00020313296, No Iterations 2
smoothSolver:  Solving for Uz, Initial residual = 0.0042163117, Final residual = 0.00020798778, No Iterations 2
GAMG:  Solving for p, Initial residual = 0.0074462564, Final residual = 4.1638323e-05, No Iterations 3
GAMG:  Solving for p, Initial residual = 0.00011416299, Final residual = 6.6442565e-07, No Iterations 5
time step continuity errors : sum local = 7.6938105e-06, global = -1.2740336e-06, cumulative = -0.0023465291
smoothSolver:  Solving for omega, Initial residual = 0.00034142295, Final residual = 2.9628673e-06, No Iterations 2
smoothSolver:  Solving for k, Initial residual = 0.0009175338, Final residual = 9.1786846e-06, No Iterations 2
bounding k, min: 1.0971787e-16 max: 0.44739712 average: 0.060474039
ExecutionTime = 906.01712 s  ClockTime = 906 s

Time = 599s

smoothSolver:  Solving for Ux, Initial residual = 0.0004208695, Final residual = 5.5144718e-06, No Iterations 3
smoothSolver:  Solving for Uy, Initial residual = 0.0040818362, Final residual = 0.00020244302, No Iterations 2
smoothSolver:  Solving for Uz, Initial residual = 0.0042108261, Final residual = 0.00020770605, No Iterations 2
GAMG:  Solving for p, Initial residual = 0.0074767827, Final residual = 4.0837678e-05, No Iterations 3
GAMG:  Solving for p, Initial residual = 0.00011094899, Final residual = 1.0744618e-06, No Iterations 4
time step continuity errors : sum local = 1.2438246e-05, global = 2.1362659e-06, cumulative = -0.0023443928
smoothSolver:  Solving for omega, Initial residual = 0.00034400633, Final residual = 2.9387841e-06, No Iterations 2
smoothSolver:  Solving for k, Initial residual = 0.00091324241, Final residual = 9.1699731e-06, No Iterations 2
bounding k, min: 1.1190724e-16 max: 0.44713667 average: 0.060476371
ExecutionTime = 907.65441 s  ClockTime = 908 s

Time = 600s

smoothSolver:  Solving for Ux, Initial residual = 0.00042047449, Final residual = 5.505692e-06, No Iterations 3
smoothSolver:  Solving for Uy, Initial residual = 0.0040721641, Final residual = 0.00020159926, No Iterations 2
smoothSolver:  Solving for Uz, Initial residual = 0.0041999188, Final residual = 0.00020728695, No Iterations 2
GAMG:  Solving for p, Initial residual = 0.0074979478, Final residual = 4.126659e-05, No Iterations 3
GAMG:  Solving for p, Initial residual = 0.00010948019, Final residual = 1.0290449e-06, No Iterations 4
time step continuity errors : sum local = 1.1907619e-05, global = 1.9740249e-06, cumulative = -0.0023424188
smoothSolver:  Solving for omega, Initial residual = 0.00034111332, Final residual = 2.8645742e-06, No Iterations 2
smoothSolver:  Solving for k, Initial residual = 0.00091124418, Final residual = 9.1325858e-06, No Iterations 2
bounding k, min: 1.2341267e-16 max: 0.44689643 average: 0.060478179
ExecutionTime = 909.46945 s  ClockTime = 910 s

Time = 601s

smoothSolver:  Solving for Ux, Initial residual = 0.00041999275, Final residual = 5.5017551e-06, No Iterations 3
smoothSolver:  Solving for Uy, Initial residual = 0.0040550908, Final residual = 0.00020058489, No Iterations 2
smoothSolver:  Solving for Uz, Initial residual = 0.0041906928, Final residual = 0.00020692058, No Iterations 2
GAMG:  Solving for p, Initial residual = 0.0075050444, Final residual = 4.2288703e-05, No Iterations 3
GAMG:  Solving for p, Initial residual = 0.00010925218, Final residual = 1.0208623e-06, No Iterations 4
time step continuity errors : sum local = 1.1806758e-05, global = 2.0275178e-06, cumulative = -0.0023403913
smoothSolver:  Solving for omega, Initial residual = 0.00034229794, Final residual = 2.8746175e-06, No Iterations 2
smoothSolver:  Solving for k, Initial residual = 0.00090776121, Final residual = 9.1362663e-06, No Iterations 2
bounding k, min: 1.3422308e-16 max: 0.44666666 average: 0.060479924
ExecutionTime = 911.55981 s  ClockTime = 912 s

Time = 602s

smoothSolver:  Solving for Ux, Initial residual = 0.00041939316, Final residual = 5.4997688e-06, No Iterations 3
smoothSolver:  Solving for Uy, Initial residual = 0.0040373236, Final residual = 0.0001996774, No Iterations 2
smoothSolver:  Solving for Uz, Initial residual = 0.0041775372, Final residual = 0.00020646968, No Iterations 2
GAMG:  Solving for p, Initial residual = 0.0074811388, Final residual = 4.3790099e-05, No Iterations 3
GAMG:  Solving for p, Initial residual = 0.00011070042, Final residual = 9.6558682e-07, No Iterations 4
time step continuity errors : sum local = 1.116262e-05, global = 1.8068344e-06, cumulative = -0.0023385844
smoothSolver:  Solving for omega, Initial residual = 0.0003399766, Final residual = 2.9232902e-06, No Iterations 2
smoothSolver:  Solving for k, Initial residual = 0.0009077773, Final residual = 9.1296364e-06, No Iterations 2
bounding k, min: 1.3798116e-16 max: 0.44646146 average: 0.060480775
ExecutionTime = 913.51271 s  ClockTime = 914 s

Time = 603s

smoothSolver:  Solving for Ux, Initial residual = 0.00041860276, Final residual = 5.4972529e-06, No Iterations 3
smoothSolver:  Solving for Uy, Initial residual = 0.0040203128, Final residual = 0.00019899533, No Iterations 2
smoothSolver:  Solving for Uz, Initial residual = 0.0041621401, Final residual = 0.00020598177, No Iterations 2
GAMG:  Solving for p, Initial residual = 0.0074449178, Final residual = 4.5181265e-05, No Iterations 3
GAMG:  Solving for p, Initial residual = 0.00011324105, Final residual = 9.1383133e-07, No Iterations 4
time step continuity errors : sum local = 1.0559561e-05, global = 1.7141714e-06, cumulative = -0.0023368703
smoothSolver:  Solving for omega, Initial residual = 0.00034197465, Final residual = 2.8574827e-06, No Iterations 2
smoothSolver:  Solving for k, Initial residual = 0.00090305941, Final residual = 9.0928828e-06, No Iterations 2
bounding k, min: 1.4550109e-16 max: 0.44626291 average: 0.060482418
ExecutionTime = 915.18813 s  ClockTime = 916 s

Time = 604s

smoothSolver:  Solving for Ux, Initial residual = 0.0004177088, Final residual = 5.4914731e-06, No Iterations 3
smoothSolver:  Solving for Uy, Initial residual = 0.0040016667, Final residual = 0.00019830869, No Iterations 2
smoothSolver:  Solving for Uz, Initial residual = 0.0041445433, Final residual = 0.00020549997, No Iterations 2
GAMG:  Solving for p, Initial residual = 0.0074043805, Final residual = 4.644358e-05, No Iterations 3
GAMG:  Solving for p, Initial residual = 0.00011651996, Final residual = 9.3598568e-07, No Iterations 4
time step continuity errors : sum local = 1.0813016e-05, global = 1.7190735e-06, cumulative = -0.0023351512
smoothSolver:  Solving for omega, Initial residual = 0.00033876521, Final residual = 2.8747312e-06, No Iterations 2
smoothSolver:  Solving for k, Initial residual = 0.0008997451, Final residual = 9.0596048e-06, No Iterations 2
bounding k, min: 1.5957678e-16 max: 0.44608086 average: 0.06048389
ExecutionTime = 916.63431 s  ClockTime = 917 s

Time = 605s

smoothSolver:  Solving for Ux, Initial residual = 0.00041667937, Final residual = 5.4840286e-06, No Iterations 3
smoothSolver:  Solving for Uy, Initial residual = 0.0039875717, Final residual = 0.00019781264, No Iterations 2
smoothSolver:  Solving for Uz, Initial residual = 0.0041269203, Final residual = 0.00020505667, No Iterations 2
GAMG:  Solving for p, Initial residual = 0.0073519256, Final residual = 4.7229832e-05, No Iterations 3
GAMG:  Solving for p, Initial residual = 0.0001189385, Final residual = 9.8970645e-07, No Iterations 4
time step continuity errors : sum local = 1.1433365e-05, global = 1.8912776e-06, cumulative = -0.0023332599
smoothSolver:  Solving for omega, Initial residual = 0.00034338602, Final residual = 2.9257529e-06, No Iterations 2
smoothSolver:  Solving for k, Initial residual = 0.00089914534, Final residual = 9.1287536e-06, No Iterations 2
bounding k, min: 1.8445925e-16 max: 0.44589913 average: 0.06048539
ExecutionTime = 918.1002 s  ClockTime = 919 s

Time = 606s

smoothSolver:  Solving for Ux, Initial residual = 0.00041563965, Final residual = 5.4736801e-06, No Iterations 3
smoothSolver:  Solving for Uy, Initial residual = 0.0039762627, Final residual = 0.00019751667, No Iterations 2
smoothSolver:  Solving for Uz, Initial residual = 0.0041145631, Final residual = 0.00020486996, No Iterations 2
GAMG:  Solving for p, Initial residual = 0.0073072624, Final residual = 4.7644377e-05, No Iterations 3
GAMG:  Solving for p, Initial residual = 0.0001208437, Final residual = 1.0433873e-06, No Iterations 4
time step continuity errors : sum local = 1.2058417e-05, global = 1.9796803e-06, cumulative = -0.0023312802
smoothSolver:  Solving for omega, Initial residual = 0.00034053944, Final residual = 2.9218339e-06, No Iterations 2
smoothSolver:  Solving for k, Initial residual = 0.00089866728, Final residual = 9.0853901e-06, No Iterations 2
ExecutionTime = 919.47947 s  ClockTime = 920 s

Time = 607s

smoothSolver:  Solving for Ux, Initial residual = 0.00041458055, Final residual = 5.4652807e-06, No Iterations 3
smoothSolver:  Solving for Uy, Initial residual = 0.0039649195, Final residual = 0.00019705552, No Iterations 2
smoothSolver:  Solving for Uz, Initial residual = 0.0041056323, Final residual = 0.00020497894, No Iterations 2
GAMG:  Solving for p, Initial residual = 0.007259721, Final residual = 4.7794421e-05, No Iterations 3
GAMG:  Solving for p, Initial residual = 0.00012243688, Final residual = 1.0524663e-06, No Iterations 4
time step continuity errors : sum local = 1.21728e-05, global = 2.1753053e-06, cumulative = -0.0023291049
smoothSolver:  Solving for omega, Initial residual = 0.00034175173, Final residual = 2.8822758e-06, No Iterations 2
smoothSolver:  Solving for k, Initial residual = 0.00089306918, Final residual = 9.0211282e-06, No Iterations 2
ExecutionTime = 920.70885 s  ClockTime = 921 s

Time = 608s

smoothSolver:  Solving for Ux, Initial residual = 0.0004135766, Final residual = 5.4573002e-06, No Iterations 3
smoothSolver:  Solving for Uy, Initial residual = 0.0039552091, Final residual = 0.00019664978, No Iterations 2
smoothSolver:  Solving for Uz, Initial residual = 0.0040949739, Final residual = 5.0602127e-05, No Iterations 3
GAMG:  Solving for p, Initial residual = 0.0072521551, Final residual = 4.8360053e-05, No Iterations 3
GAMG:  Solving for p, Initial residual = 0.00012428697, Final residual = 1.1827068e-06, No Iterations 4
time step continuity errors : sum local = 1.3695227e-05, global = 2.5073554e-06, cumulative = -0.0023265976
smoothSolver:  Solving for omega, Initial residual = 0.00033885261, Final residual = 2.8436018e-06, No Iterations 2
smoothSolver:  Solving for k, Initial residual = 0.00089199773, Final residual = 9.0442795e-06, No Iterations 2
ExecutionTime = 921.93122 s  ClockTime = 922 s

Time = 609s

smoothSolver:  Solving for Ux, Initial residual = 0.00041324921, Final residual = 5.461042e-06, No Iterations 3
smoothSolver:  Solving for Uy, Initial residual = 0.0039464545, Final residual = 0.00019626914, No Iterations 2
smoothSolver:  Solving for Uz, Initial residual = 0.0040551069, Final residual = 5.0219924e-05, No Iterations 3
GAMG:  Solving for p, Initial residual = 0.0072349495, Final residual = 4.8144528e-05, No Iterations 3
GAMG:  Solving for p, Initial residual = 0.00012399033, Final residual = 1.08184e-06, No Iterations 4
time step continuity errors : sum local = 1.2544245e-05, global = 2.4302462e-06, cumulative = -0.0023241673
smoothSolver:  Solving for omega, Initial residual = 0.0003424912, Final residual = 2.8537861e-06, No Iterations 2
smoothSolver:  Solving for k, Initial residual = 0.00088906576, Final residual = 9.0179062e-06, No Iterations 2
ExecutionTime = 923.22572 s  ClockTime = 924 s

Time = 610s

smoothSolver:  Solving for Ux, Initial residual = 0.00041259709, Final residual = 5.4633513e-06, No Iterations 3
smoothSolver:  Solving for Uy, Initial residual = 0.0039315607, Final residual = 0.00019558489, No Iterations 2
smoothSolver:  Solving for Uz, Initial residual = 0.0040372957, Final residual = 5.0151487e-05, No Iterations 3
GAMG:  Solving for p, Initial residual = 0.0072300491, Final residual = 4.8269375e-05, No Iterations 3
GAMG:  Solving for p, Initial residual = 0.00012329528, Final residual = 1.0595475e-06, No Iterations 4
time step continuity errors : sum local = 1.2304184e-05, global = 2.5031102e-06, cumulative = -0.0023216642
smoothSolver:  Solving for omega, Initial residual = 0.0003392974, Final residual = 2.9525468e-06, No Iterations 2
smoothSolver:  Solving for k, Initial residual = 0.00088781385, Final residual = 9.0119429e-06, No Iterations 2
ExecutionTime = 924.47619 s  ClockTime = 925 s

Time = 611s

smoothSolver:  Solving for Ux, Initial residual = 0.00041214702, Final residual = 5.4679956e-06, No Iterations 3
smoothSolver:  Solving for Uy, Initial residual = 0.0039188578, Final residual = 0.00019467634, No Iterations 2
smoothSolver:  Solving for Uz, Initial residual = 0.0040228451, Final residual = 5.0143286e-05, No Iterations 3
GAMG:  Solving for p, Initial residual = 0.0072282729, Final residual = 4.791149e-05, No Iterations 3
GAMG:  Solving for p, Initial residual = 0.00012219068, Final residual = 1.0130341e-06, No Iterations 4
time step continuity errors : sum local = 1.1782858e-05, global = 2.4265412e-06, cumulative = -0.0023192377
smoothSolver:  Solving for omega, Initial residual = 0.00034297709, Final residual = 2.8803437e-06, No Iterations 2
smoothSolver:  Solving for k, Initial residual = 0.00088323575, Final residual = 8.9696842e-06, No Iterations 2
ExecutionTime = 925.95995 s  ClockTime = 926 s

Time = 612s

smoothSolver:  Solving for Ux, Initial residual = 0.0004116459, Final residual = 5.475604e-06, No Iterations 3
smoothSolver:  Solving for Uy, Initial residual = 0.0038999352, Final residual = 0.00019351633, No Iterations 2
smoothSolver:  Solving for Uz, Initial residual = 0.004005535, Final residual = 5.0037865e-05, No Iterations 3
GAMG:  Solving for p, Initial residual = 0.0072130932, Final residual = 4.7083548e-05, No Iterations 3
GAMG:  Solving for p, Initial residual = 0.00012134909, Final residual = 1.0024037e-06, No Iterations 4
time step continuity errors : sum local = 1.1675321e-05, global = 2.4718288e-06, cumulative = -0.0023167658
smoothSolver:  Solving for omega, Initial residual = 0.00033889682, Final residual = 2.8515861e-06, No Iterations 2
smoothSolver:  Solving for k, Initial residual = 0.00088167902, Final residual = 8.9424274e-06, No Iterations 2
ExecutionTime = 927.7706 s  ClockTime = 928 s

Time = 613s

smoothSolver:  Solving for Ux, Initial residual = 0.00041143206, Final residual = 5.4833746e-06, No Iterations 3
smoothSolver:  Solving for Uy, Initial residual = 0.0038814371, Final residual = 0.00019255318, No Iterations 2
smoothSolver:  Solving for Uz, Initial residual = 0.0039866865, Final residual = 4.9927201e-05, No Iterations 3
GAMG:  Solving for p, Initial residual = 0.0071965999, Final residual = 4.5852787e-05, No Iterations 3
GAMG:  Solving for p, Initial residual = 0.00012003716, Final residual = 9.661318e-07, No Iterations 4
time step continuity errors : sum local = 1.1266214e-05, global = 2.3325071e-06, cumulative = -0.0023144333
smoothSolver:  Solving for omega, Initial residual = 0.00034080329, Final residual = 2.8669069e-06, No Iterations 2
smoothSolver:  Solving for k, Initial residual = 0.0008781589, Final residual = 8.9160618e-06, No Iterations 2
ExecutionTime = 929.68477 s  ClockTime = 930 s

Time = 614s

smoothSolver:  Solving for Ux, Initial residual = 0.00041131117, Final residual = 5.493652e-06, No Iterations 3
smoothSolver:  Solving for Uy, Initial residual = 0.0038683592, Final residual = 0.00019178788, No Iterations 2
smoothSolver:  Solving for Uz, Initial residual = 0.0039664035, Final residual = 4.9785008e-05, No Iterations 3
GAMG:  Solving for p, Initial residual = 0.0071786876, Final residual = 4.4518699e-05, No Iterations 3
GAMG:  Solving for p, Initial residual = 0.00011863598, Final residual = 9.5989514e-07, No Iterations 4
time step continuity errors : sum local = 1.120246e-05, global = 2.2258264e-06, cumulative = -0.0023122075
smoothSolver:  Solving for omega, Initial residual = 0.00033844943, Final residual = 2.9051592e-06, No Iterations 2
smoothSolver:  Solving for k, Initial residual = 0.00087833941, Final residual = 8.9489346e-06, No Iterations 2
ExecutionTime = 931.35937 s  ClockTime = 932 s

Time = 615s

smoothSolver:  Solving for Ux, Initial residual = 0.00041153157, Final residual = 5.503818e-06, No Iterations 3
smoothSolver:  Solving for Uy, Initial residual = 0.0038627963, Final residual = 0.00019147774, No Iterations 2
smoothSolver:  Solving for Uz, Initial residual = 0.0039481995, Final residual = 4.9715026e-05, No Iterations 3
GAMG:  Solving for p, Initial residual = 0.007165457, Final residual = 4.3056203e-05, No Iterations 3
GAMG:  Solving for p, Initial residual = 0.0001165602, Final residual = 9.5167307e-07, No Iterations 4
time step continuity errors : sum local = 1.1112893e-05, global = 2.0909973e-06, cumulative = -0.0023101165
smoothSolver:  Solving for omega, Initial residual = 0.00034108565, Final residual = 2.8383333e-06, No Iterations 2
smoothSolver:  Solving for k, Initial residual = 0.00087352081, Final residual = 8.8817677e-06, No Iterations 2
ExecutionTime = 932.91958 s  ClockTime = 933 s

Time = 616s

smoothSolver:  Solving for Ux, Initial residual = 0.00041186395, Final residual = 5.5173414e-06, No Iterations 3
smoothSolver:  Solving for Uy, Initial residual = 0.0038635241, Final residual = 0.00019158582, No Iterations 2
smoothSolver:  Solving for Uz, Initial residual = 0.0039323055, Final residual = 4.9645146e-05, No Iterations 3
GAMG:  Solving for p, Initial residual = 0.0071772124, Final residual = 4.1948692e-05, No Iterations 3
GAMG:  Solving for p, Initial residual = 0.00011467144, Final residual = 9.5941717e-07, No Iterations 4
time step continuity errors : sum local = 1.1205239e-05, global = 1.9964298e-06, cumulative = -0.0023081201
smoothSolver:  Solving for omega, Initial residual = 0.00033737485, Final residual = 2.8477926e-06, No Iterations 2
smoothSolver:  Solving for k, Initial residual = 0.00087030668, Final residual = 8.8491673e-06, No Iterations 2
ExecutionTime = 934.74227 s  ClockTime = 935 s

Time = 617s

smoothSolver:  Solving for Ux, Initial residual = 0.00041249272, Final residual = 5.533274e-06, No Iterations 3
smoothSolver:  Solving for Uy, Initial residual = 0.0038662834, Final residual = 0.00019192223, No Iterations 2
smoothSolver:  Solving for Uz, Initial residual = 0.0039199565, Final residual = 4.9600075e-05, No Iterations 3
GAMG:  Solving for p, Initial residual = 0.0071981973, Final residual = 4.1125429e-05, No Iterations 3
GAMG:  Solving for p, Initial residual = 0.00011231969, Final residual = 9.4074977e-07, No Iterations 4
time step continuity errors : sum local = 1.0986154e-05, global = 1.77187e-06, cumulative = -0.0023063482
smoothSolver:  Solving for omega, Initial residual = 0.00034208773, Final residual = 2.8603561e-06, No Iterations 2
smoothSolver:  Solving for k, Initial residual = 0.00086693705, Final residual = 8.839276e-06, No Iterations 2
ExecutionTime = 936.42043 s  ClockTime = 937 s

Time = 618s

smoothSolver:  Solving for Ux, Initial residual = 0.00041331795, Final residual = 5.5536793e-06, No Iterations 3
smoothSolver:  Solving for Uy, Initial residual = 0.0038753446, Final residual = 0.00019241034, No Iterations 2
smoothSolver:  Solving for Uz, Initial residual = 0.0039110143, Final residual = 4.9598704e-05, No Iterations 3
GAMG:  Solving for p, Initial residual = 0.0072298451, Final residual = 4.0984868e-05, No Iterations 3
GAMG:  Solving for p, Initial residual = 0.00011071215, Final residual = 9.2058966e-07, No Iterations 4
time step continuity errors : sum local = 1.0746966e-05, global = 1.6697578e-06, cumulative = -0.0023046784
smoothSolver:  Solving for omega, Initial residual = 0.00033966582, Final residual = 2.9202548e-06, No Iterations 2
smoothSolver:  Solving for k, Initial residual = 0.0008663241, Final residual = 8.8136723e-06, No Iterations 2
ExecutionTime = 937.93341 s  ClockTime = 938 s

Time = 619s

smoothSolver:  Solving for Ux, Initial residual = 0.00041419299, Final residual = 5.5756645e-06, No Iterations 3
smoothSolver:  Solving for Uy, Initial residual = 0.0038804269, Final residual = 0.00019279944, No Iterations 2
smoothSolver:  Solving for Uz, Initial residual = 0.0038999515, Final residual = 4.9606422e-05, No Iterations 3
GAMG:  Solving for p, Initial residual = 0.0072650534, Final residual = 4.1619755e-05, No Iterations 3
GAMG:  Solving for p, Initial residual = 0.00010947889, Final residual = 9.0237655e-07, No Iterations 4
time step continuity errors : sum local = 1.0528788e-05, global = 1.6607635e-06, cumulative = -0.0023030177
smoothSolver:  Solving for omega, Initial residual = 0.00034104097, Final residual = 2.8615485e-06, No Iterations 2
smoothSolver:  Solving for k, Initial residual = 0.00086361867, Final residual = 8.7878212e-06, No Iterations 2
ExecutionTime = 939.20746 s  ClockTime = 940 s

Time = 620s

smoothSolver:  Solving for Ux, Initial residual = 0.00041530091, Final residual = 5.6026519e-06, No Iterations 3
smoothSolver:  Solving for Uy, Initial residual = 0.0038820687, Final residual = 0.00019313754, No Iterations 2
smoothSolver:  Solving for Uz, Initial residual = 0.0038928613, Final residual = 4.9608861e-05, No Iterations 3
GAMG:  Solving for p, Initial residual = 0.0072973694, Final residual = 4.3181454e-05, No Iterations 3
GAMG:  Solving for p, Initial residual = 0.00010982894, Final residual = 8.2242976e-07, No Iterations 4
time step continuity errors : sum local = 9.5905109e-06, global = 1.2797424e-06, cumulative = -0.0023017379
smoothSolver:  Solving for omega, Initial residual = 0.00033700666, Final residual = 2.8214217e-06, No Iterations 2
smoothSolver:  Solving for k, Initial residual = 0.00086217547, Final residual = 8.7705202e-06, No Iterations 2
ExecutionTime = 940.47243 s  ClockTime = 941 s

Time = 621s

smoothSolver:  Solving for Ux, Initial residual = 0.00041641254, Final residual = 5.6329694e-06, No Iterations 3
smoothSolver:  Solving for Uy, Initial residual = 0.0038850347, Final residual = 0.00019332443, No Iterations 2
smoothSolver:  Solving for Uz, Initial residual = 0.003890913, Final residual = 4.96744e-05, No Iterations 3
GAMG:  Solving for p, Initial residual = 0.0073074881, Final residual = 4.480157e-05, No Iterations 3
GAMG:  Solving for p, Initial residual = 0.00011080783, Final residual = 7.9707952e-07, No Iterations 4
time step continuity errors : sum local = 9.2906002e-06, global = 1.1317234e-06, cumulative = -0.0023006062
smoothSolver:  Solving for omega, Initial residual = 0.00034055767, Final residual = 2.8289778e-06, No Iterations 2
smoothSolver:  Solving for k, Initial residual = 0.00086139355, Final residual = 8.8013739e-06, No Iterations 2
ExecutionTime = 941.78055 s  ClockTime = 942 s

Time = 622s

smoothSolver:  Solving for Ux, Initial residual = 0.00041761536, Final residual = 5.6673836e-06, No Iterations 3
smoothSolver:  Solving for Uy, Initial residual = 0.0038888898, Final residual = 0.00019359787, No Iterations 2
smoothSolver:  Solving for Uz, Initial residual = 0.0038906151, Final residual = 4.9743333e-05, No Iterations 3
GAMG:  Solving for p, Initial residual = 0.0073316505, Final residual = 4.5712552e-05, No Iterations 3
GAMG:  Solving for p, Initial residual = 0.00011292103, Final residual = 8.2718849e-07, No Iterations 4
time step continuity errors : sum local = 9.6365798e-06, global = 1.2839286e-06, cumulative = -0.0022993223
smoothSolver:  Solving for omega, Initial residual = 0.0003378506, Final residual = 2.9074497e-06, No Iterations 2
smoothSolver:  Solving for k, Initial residual = 0.00086133327, Final residual = 8.7758311e-06, No Iterations 2
ExecutionTime = 942.98051 s  ClockTime = 943 s

Time = 623s

smoothSolver:  Solving for Ux, Initial residual = 0.00041881132, Final residual = 5.7032921e-06, No Iterations 3
smoothSolver:  Solving for Uy, Initial residual = 0.0038901546, Final residual = 0.00019349748, No Iterations 2
smoothSolver:  Solving for Uz, Initial residual = 0.0038929031, Final residual = 4.9825063e-05, No Iterations 3
GAMG:  Solving for p, Initial residual = 0.0073395295, Final residual = 4.5657452e-05, No Iterations 3
GAMG:  Solving for p, Initial residual = 0.00011432565, Final residual = 7.8495598e-07, No Iterations 4
time step continuity errors : sum local = 9.1420176e-06, global = 1.106663e-06, cumulative = -0.0022982156
smoothSolver:  Solving for omega, Initial residual = 0.00034033087, Final residual = 2.8340379e-06, No Iterations 2
smoothSolver:  Solving for k, Initial residual = 0.00086047099, Final residual = 8.787657e-06, No Iterations 2
ExecutionTime = 944.26427 s  ClockTime = 945 s

Time = 624s

smoothSolver:  Solving for Ux, Initial residual = 0.00041995221, Final residual = 5.7339043e-06, No Iterations 3
smoothSolver:  Solving for Uy, Initial residual = 0.0038897123, Final residual = 0.0001934306, No Iterations 2
smoothSolver:  Solving for Uz, Initial residual = 0.0038941989, Final residual = 4.9821087e-05, No Iterations 3
GAMG:  Solving for p, Initial residual = 0.0073396287, Final residual = 4.4946365e-05, No Iterations 3
GAMG:  Solving for p, Initial residual = 0.00011545595, Final residual = 7.4914254e-07, No Iterations 4
time step continuity errors : sum local = 8.7257815e-06, global = 1.0778264e-06, cumulative = -0.0022971378
smoothSolver:  Solving for omega, Initial residual = 0.00033597186, Final residual = 2.8229106e-06, No Iterations 2
smoothSolver:  Solving for k, Initial residual = 0.00086013801, Final residual = 8.7480483e-06, No Iterations 2
ExecutionTime = 945.97513 s  ClockTime = 946 s

Time = 625s

smoothSolver:  Solving for Ux, Initial residual = 0.00042084788, Final residual = 5.7573751e-06, No Iterations 3
smoothSolver:  Solving for Uy, Initial residual = 0.0038898937, Final residual = 0.0001933897, No Iterations 2
smoothSolver:  Solving for Uz, Initial residual = 0.0038900856, Final residual = 4.9775583e-05, No Iterations 3
GAMG:  Solving for p, Initial residual = 0.007341476, Final residual = 4.4214766e-05, No Iterations 3
GAMG:  Solving for p, Initial residual = 0.00011554193, Final residual = 6.9165637e-07, No Iterations 4
time step continuity errors : sum local = 8.0611935e-06, global = 1.0195473e-06, cumulative = -0.0022961183
smoothSolver:  Solving for omega, Initial residual = 0.00034008445, Final residual = 2.8218965e-06, No Iterations 2
smoothSolver:  Solving for k, Initial residual = 0.00085846218, Final residual = 8.7816336e-06, No Iterations 2
ExecutionTime = 947.78237 s  ClockTime = 948 s

Time = 626s

smoothSolver:  Solving for Ux, Initial residual = 0.00042172621, Final residual = 5.7723704e-06, No Iterations 3
smoothSolver:  Solving for Uy, Initial residual = 0.0038863776, Final residual = 0.00019346769, No Iterations 2
smoothSolver:  Solving for Uz, Initial residual = 0.0038842452, Final residual = 4.9664203e-05, No Iterations 3
GAMG:  Solving for p, Initial residual = 0.0073410887, Final residual = 4.3472361e-05, No Iterations 3
GAMG:  Solving for p, Initial residual = 0.00011546744, Final residual = 6.1623888e-07, No Iterations 4
time step continuity errors : sum local = 7.190091e-06, global = 8.0806588e-07, cumulative = -0.0022953102
smoothSolver:  Solving for omega, Initial residual = 0.00033816019, Final residual = 2.8687573e-06, No Iterations 2
smoothSolver:  Solving for k, Initial residual = 0.00086055866, Final residual = 8.7758739e-06, No Iterations 2
ExecutionTime = 949.3807 s  ClockTime = 950 s

Time = 627s

smoothSolver:  Solving for Ux, Initial residual = 0.00042244641, Final residual = 5.7787266e-06, No Iterations 3
smoothSolver:  Solving for Uy, Initial residual = 0.0038824472, Final residual = 0.0001935324, No Iterations 2
smoothSolver:  Solving for Uz, Initial residual = 0.0038740239, Final residual = 4.942954e-05, No Iterations 3
GAMG:  Solving for p, Initial residual = 0.0073425673, Final residual = 4.2810303e-05, No Iterations 3
GAMG:  Solving for p, Initial residual = 0.00011441147, Final residual = 5.5082884e-07, No Iterations 4
time step continuity errors : sum local = 6.4358226e-06, global = 7.1956793e-07, cumulative = -0.0022945906
smoothSolver:  Solving for omega, Initial residual = 0.00033946099, Final residual = 2.8179232e-06, No Iterations 2
smoothSolver:  Solving for k, Initial residual = 0.00085800566, Final residual = 8.772187e-06, No Iterations 2
ExecutionTime = 950.90355 s  ClockTime = 951 s

Time = 628s

smoothSolver:  Solving for Ux, Initial residual = 0.00042280306, Final residual = 5.7792949e-06, No Iterations 3
smoothSolver:  Solving for Uy, Initial residual = 0.0038775063, Final residual = 0.00019364831, No Iterations 2
smoothSolver:  Solving for Uz, Initial residual = 0.0038610936, Final residual = 4.9189813e-05, No Iterations 3
GAMG:  Solving for p, Initial residual = 0.007311431, Final residual = 4.2005472e-05, No Iterations 3
GAMG:  Solving for p, Initial residual = 0.00011331146, Final residual = 5.0931717e-07, No Iterations 4
time step continuity errors : sum local = 5.9600896e-06, global = 5.7666825e-07, cumulative = -0.0022940139
smoothSolver:  Solving for omega, Initial residual = 0.00033552533, Final residual = 2.8272593e-06, No Iterations 2
smoothSolver:  Solving for k, Initial residual = 0.00086113951, Final residual = 8.7796339e-06, No Iterations 2
ExecutionTime = 952.40668 s  ClockTime = 953 s

Time = 629s

smoothSolver:  Solving for Ux, Initial residual = 0.00042296404, Final residual = 5.7772138e-06, No Iterations 3
smoothSolver:  Solving for Uy, Initial residual = 0.003872995, Final residual = 4.8139209e-05, No Iterations 3
smoothSolver:  Solving for Uz, Initial residual = 0.0038441477, Final residual = 4.8930536e-05, No Iterations 3
GAMG:  Solving for p, Initial residual = 0.0073315175, Final residual = 4.1737282e-05, No Iterations 3
GAMG:  Solving for p, Initial residual = 0.00011274145, Final residual = 5.0803824e-07, No Iterations 4
time step continuity errors : sum local = 5.9551221e-06, global = 7.7633921e-09, cumulative = -0.0022940062
smoothSolver:  Solving for omega, Initial residual = 0.00034111537, Final residual = 2.8674383e-06, No Iterations 2
smoothSolver:  Solving for k, Initial residual = 0.00085877538, Final residual = 8.7828501e-06, No Iterations 2
ExecutionTime = 953.97076 s  ClockTime = 954 s

Time = 630s

smoothSolver:  Solving for Ux, Initial residual = 0.00042325369, Final residual = 5.7828513e-06, No Iterations 3
smoothSolver:  Solving for Uy, Initial residual = 0.0038367987, Final residual = 4.7726401e-05, No Iterations 3
smoothSolver:  Solving for Uz, Initial residual = 0.0038282681, Final residual = 4.8779487e-05, No Iterations 3
GAMG:  Solving for p, Initial residual = 0.0073322451, Final residual = 4.1605907e-05, No Iterations 3
GAMG:  Solving for p, Initial residual = 0.00011240388, Final residual = 5.4691856e-07, No Iterations 4
time step continuity errors : sum local = 6.4204642e-06, global = -3.9911317e-07, cumulative = -0.0022944053
smoothSolver:  Solving for omega, Initial residual = 0.00033813725, Final residual = 2.8864336e-06, No Iterations 2
smoothSolver:  Solving for k, Initial residual = 0.00085940266, Final residual = 8.7645785e-06, No Iterations 2
ExecutionTime = 955.61395 s  ClockTime = 956 s

Time = 631s

smoothSolver:  Solving for Ux, Initial residual = 0.00042326321, Final residual = 5.7829976e-06, No Iterations 3
smoothSolver:  Solving for Uy, Initial residual = 0.0038177237, Final residual = 4.7611381e-05, No Iterations 3
smoothSolver:  Solving for Uz, Initial residual = 0.0038109926, Final residual = 4.8626884e-05, No Iterations 3
GAMG:  Solving for p, Initial residual = 0.0073542827, Final residual = 4.1493093e-05, No Iterations 3
GAMG:  Solving for p, Initial residual = 0.00011192059, Final residual = 6.30547e-07, No Iterations 4
time step continuity errors : sum local = 7.4131479e-06, global = -7.056853e-07, cumulative = -0.002295111
smoothSolver:  Solving for omega, Initial residual = 0.00033822724, Final residual = 2.8190925e-06, No Iterations 2
smoothSolver:  Solving for k, Initial residual = 0.00085602192, Final residual = 8.7316008e-06, No Iterations 2
ExecutionTime = 956.92099 s  ClockTime = 957 s

Time = 632s

smoothSolver:  Solving for Ux, Initial residual = 0.00042290791, Final residual = 5.7846843e-06, No Iterations 3
smoothSolver:  Solving for Uy, Initial residual = 0.0038040172, Final residual = 4.7554125e-05, No Iterations 3
smoothSolver:  Solving for Uz, Initial residual = 0.0037961143, Final residual = 4.8509162e-05, No Iterations 3
GAMG:  Solving for p, Initial residual = 0.007387388, Final residual = 4.1210787e-05, No Iterations 3
GAMG:  Solving for p, Initial residual = 0.00011194039, Final residual = 7.3018239e-07, No Iterations 4
time step continuity errors : sum local = 8.5950605e-06, global = -8.8727631e-07, cumulative = -0.0022959983
smoothSolver:  Solving for omega, Initial residual = 0.0003353245, Final residual = 2.8093749e-06, No Iterations 2
smoothSolver:  Solving for k, Initial residual = 0.00085414398, Final residual = 8.6973105e-06, No Iterations 2
ExecutionTime = 958.50358 s  ClockTime = 959 s

Time = 633s

smoothSolver:  Solving for Ux, Initial residual = 0.00042278098, Final residual = 5.7863068e-06, No Iterations 3
smoothSolver:  Solving for Uy, Initial residual = 0.0037944052, Final residual = 4.7532532e-05, No Iterations 3
smoothSolver:  Solving for Uz, Initial residual = 0.0037852052, Final residual = 4.8387083e-05, No Iterations 3
GAMG:  Solving for p, Initial residual = 0.007412848, Final residual = 4.0610617e-05, No Iterations 3
GAMG:  Solving for p, Initial residual = 0.0001118635, Final residual = 7.8805485e-07, No Iterations 4
time step continuity errors : sum local = 9.2864239e-06, global = -9.6875031e-07, cumulative = -0.002296967
smoothSolver:  Solving for omega, Initial residual = 0.00034088466, Final residual = 2.8719456e-06, No Iterations 2
smoothSolver:  Solving for k, Initial residual = 0.00085392033, Final residual = 8.7396804e-06, No Iterations 2
ExecutionTime = 960.10656 s  ClockTime = 961 s

Time = 634s

smoothSolver:  Solving for Ux, Initial residual = 0.00042262333, Final residual = 5.7891524e-06, No Iterations 3
smoothSolver:  Solving for Uy, Initial residual = 0.0037911579, Final residual = 4.7515407e-05, No Iterations 3
smoothSolver:  Solving for Uz, Initial residual = 0.0037798772, Final residual = 4.8294115e-05, No Iterations 3
GAMG:  Solving for p, Initial residual = 0.0074211208, Final residual = 4.0200705e-05, No Iterations 3
GAMG:  Solving for p, Initial residual = 0.00011231066, Final residual = 8.2402028e-07, No Iterations 4
time step continuity errors : sum local = 9.7179232e-06, global = -1.0600644e-06, cumulative = -0.0022980271
smoothSolver:  Solving for omega, Initial residual = 0.0003376802, Final residual = 2.8893303e-06, No Iterations 2
smoothSolver:  Solving for k, Initial residual = 0.00085409383, Final residual = 8.6856083e-06, No Iterations 2
ExecutionTime = 961.47668 s  ClockTime = 962 s

Time = 635s

smoothSolver:  Solving for Ux, Initial residual = 0.00042221002, Final residual = 5.7906622e-06, No Iterations 3
smoothSolver:  Solving for Uy, Initial residual = 0.0037882424, Final residual = 4.7495243e-05, No Iterations 3
smoothSolver:  Solving for Uz, Initial residual = 0.0037778071, Final residual = 4.8220576e-05, No Iterations 3
GAMG:  Solving for p, Initial residual = 0.0074109176, Final residual = 3.9891231e-05, No Iterations 3
GAMG:  Solving for p, Initial residual = 0.00011275253, Final residual = 8.8020729e-07, No Iterations 4
time step continuity errors : sum local = 1.0385519e-05, global = -1.2160368e-06, cumulative = -0.0022992431
smoothSolver:  Solving for omega, Initial residual = 0.00033867988, Final residual = 2.8079016e-06, No Iterations 2
smoothSolver:  Solving for k, Initial residual = 0.00085010984, Final residual = 8.6538635e-06, No Iterations 2
ExecutionTime = 962.82131 s  ClockTime = 963 s

Time = 636s

smoothSolver:  Solving for Ux, Initial residual = 0.00042171092, Final residual = 5.7914323e-06, No Iterations 3
smoothSolver:  Solving for Uy, Initial residual = 0.0037878407, Final residual = 4.7521998e-05, No Iterations 3
smoothSolver:  Solving for Uz, Initial residual = 0.0037747985, Final residual = 4.8142627e-05, No Iterations 3
GAMG:  Solving for p, Initial residual = 0.0073722287, Final residual = 4.0089371e-05, No Iterations 3
GAMG:  Solving for p, Initial residual = 0.00011425563, Final residual = 8.8766302e-07, No Iterations 4
time step continuity errors : sum local = 1.0473544e-05, global = -1.1117825e-06, cumulative = -0.0023003549
smoothSolver:  Solving for omega, Initial residual = 0.00033624538, Final residual = 2.8073842e-06, No Iterations 2
smoothSolver:  Solving for k, Initial residual = 0.00084750823, Final residual = 8.6052858e-06, No Iterations 2
ExecutionTime = 964.40505 s  ClockTime = 965 s

Time = 637s

smoothSolver:  Solving for Ux, Initial residual = 0.00042078194, Final residual = 5.7882743e-06, No Iterations 3
smoothSolver:  Solving for Uy, Initial residual = 0.0037911717, Final residual = 4.7589901e-05, No Iterations 3
smoothSolver:  Solving for Uz, Initial residual = 0.0037703776, Final residual = 4.8048325e-05, No Iterations 3
GAMG:  Solving for p, Initial residual = 0.0073361458, Final residual = 4.052163e-05, No Iterations 3
GAMG:  Solving for p, Initial residual = 0.0001153544, Final residual = 8.795653e-07, No Iterations 4
time step continuity errors : sum local = 1.0376702e-05, global = -9.1935276e-07, cumulative = -0.0023012742
smoothSolver:  Solving for omega, Initial residual = 0.00034063718, Final residual = 2.8727239e-06, No Iterations 2
smoothSolver:  Solving for k, Initial residual = 0.0008440993, Final residual = 8.5940676e-06, No Iterations 2
ExecutionTime = 965.88554 s  ClockTime = 966 s

Time = 638s

smoothSolver:  Solving for Ux, Initial residual = 0.00041946311, Final residual = 5.7800372e-06, No Iterations 3
smoothSolver:  Solving for Uy, Initial residual = 0.0037966308, Final residual = 4.7710336e-05, No Iterations 3
smoothSolver:  Solving for Uz, Initial residual = 0.0037661122, Final residual = 4.7954992e-05, No Iterations 3
GAMG:  Solving for p, Initial residual = 0.0072987391, Final residual = 4.1373687e-05, No Iterations 3
GAMG:  Solving for p, Initial residual = 0.0001168009, Final residual = 8.3485442e-07, No Iterations 4
time step continuity errors : sum local = 9.8446221e-06, global = -6.6534737e-07, cumulative = -0.0023019396
smoothSolver:  Solving for omega, Initial residual = 0.00033724964, Final residual = 2.8859682e-06, No Iterations 2
smoothSolver:  Solving for k, Initial residual = 0.00084381797, Final residual = 8.5805871e-06, No Iterations 2
ExecutionTime = 967.46142 s  ClockTime = 968 s

Time = 639s

smoothSolver:  Solving for Ux, Initial residual = 0.00041798863, Final residual = 5.7676327e-06, No Iterations 3
smoothSolver:  Solving for Uy, Initial residual = 0.0038005418, Final residual = 4.7803002e-05, No Iterations 3
smoothSolver:  Solving for Uz, Initial residual = 0.0037650447, Final residual = 4.7953926e-05, No Iterations 3
GAMG:  Solving for p, Initial residual = 0.0072600206, Final residual = 4.2617725e-05, No Iterations 3
GAMG:  Solving for p, Initial residual = 0.00011785165, Final residual = 7.8674004e-07, No Iterations 4
time step continuity errors : sum local = 9.2717005e-06, global = -8.4839676e-08, cumulative = -0.0023020244
smoothSolver:  Solving for omega, Initial residual = 0.0003382529, Final residual = 2.7833264e-06, No Iterations 2
smoothSolver:  Solving for k, Initial residual = 0.0008420269, Final residual = 8.5757934e-06, No Iterations 2
ExecutionTime = 968.84912 s  ClockTime = 969 s

Time = 640s

smoothSolver:  Solving for Ux, Initial residual = 0.00041633541, Final residual = 5.7513589e-06, No Iterations 3
smoothSolver:  Solving for Uy, Initial residual = 0.0038038532, Final residual = 4.7904042e-05, No Iterations 3
smoothSolver:  Solving for Uz, Initial residual = 0.0037678797, Final residual = 4.8045485e-05, No Iterations 3
GAMG:  Solving for p, Initial residual = 0.0072146564, Final residual = 4.4153427e-05, No Iterations 3
GAMG:  Solving for p, Initial residual = 0.00011887751, Final residual = 7.3685165e-07, No Iterations 4
time step continuity errors : sum local = 8.6799666e-06, global = 9.0704065e-07, cumulative = -0.0023011174
smoothSolver:  Solving for omega, Initial residual = 0.00033482352, Final residual = 2.8117601e-06, No Iterations 2
smoothSolver:  Solving for k, Initial residual = 0.0008398226, Final residual = 8.5017227e-06, No Iterations 2
ExecutionTime = 970.10381 s  ClockTime = 971 s

Time = 641s

smoothSolver:  Solving for Ux, Initial residual = 0.00041439016, Final residual = 5.7340829e-06, No Iterations 3
smoothSolver:  Solving for Uy, Initial residual = 0.0038010704, Final residual = 4.7979963e-05, No Iterations 3
smoothSolver:  Solving for Uz, Initial residual = 0.0037669694, Final residual = 4.8146867e-05, No Iterations 3
GAMG:  Solving for p, Initial residual = 0.007182624, Final residual = 4.5613985e-05, No Iterations 3
GAMG:  Solving for p, Initial residual = 0.00011967771, Final residual = 7.2516661e-07, No Iterations 4
time step continuity errors : sum local = 8.5375314e-06, global = 7.6813777e-07, cumulative = -0.0023003493
smoothSolver:  Solving for omega, Initial residual = 0.00033985902, Final residual = 2.852596e-06, No Iterations 2
smoothSolver:  Solving for k, Initial residual = 0.00083474557, Final residual = 8.5081919e-06, No Iterations 2
ExecutionTime = 971.325 s  ClockTime = 972 s

Time = 642s

smoothSolver:  Solving for Ux, Initial residual = 0.00041266166, Final residual = 5.7133114e-06, No Iterations 3
smoothSolver:  Solving for Uy, Initial residual = 0.0037989985, Final residual = 4.8034665e-05, No Iterations 3
smoothSolver:  Solving for Uz, Initial residual = 0.0037733957, Final residual = 4.8318592e-05, No Iterations 3
GAMG:  Solving for p, Initial residual = 0.0071396351, Final residual = 4.6380357e-05, No Iterations 3
GAMG:  Solving for p, Initial residual = 0.00012064597, Final residual = 7.0473074e-07, No Iterations 4
time step continuity errors : sum local = 8.2922464e-06, global = 2.72422e-07, cumulative = -0.0023000768
smoothSolver:  Solving for omega, Initial residual = 0.00033620525, Final residual = 2.8358941e-06, No Iterations 2
smoothSolver:  Solving for k, Initial residual = 0.0008332075, Final residual = 8.4369313e-06, No Iterations 2
ExecutionTime = 972.61854 s  ClockTime = 973 s

Time = 643s

smoothSolver:  Solving for Ux, Initial residual = 0.00041115196, Final residual = 5.6903908e-06, No Iterations 3
smoothSolver:  Solving for Uy, Initial residual = 0.0037934098, Final residual = 4.8025047e-05, No Iterations 3
smoothSolver:  Solving for Uz, Initial residual = 0.0037872045, Final residual = 4.8505786e-05, No Iterations 3
GAMG:  Solving for p, Initial residual = 0.0071457855, Final residual = 4.5930665e-05, No Iterations 3
GAMG:  Solving for p, Initial residual = 0.00012089631, Final residual = 7.3680311e-07, No Iterations 4
time step continuity errors : sum local = 8.6670163e-06, global = -3.6869288e-07, cumulative = -0.0023004455
smoothSolver:  Solving for omega, Initial residual = 0.00033591181, Final residual = 2.8175766e-06, No Iterations 2
smoothSolver:  Solving for k, Initial residual = 0.00082853681, Final residual = 8.4211073e-06, No Iterations 2
ExecutionTime = 974.27324 s  ClockTime = 975 s

Time = 644s

smoothSolver:  Solving for Ux, Initial residual = 0.00040953836, Final residual = 5.6634895e-06, No Iterations 3
smoothSolver:  Solving for Uy, Initial residual = 0.0037872502, Final residual = 4.7945109e-05, No Iterations 3
smoothSolver:  Solving for Uz, Initial residual = 0.0037979866, Final residual = 4.8581746e-05, No Iterations 3
GAMG:  Solving for p, Initial residual = 0.0071739937, Final residual = 4.4478741e-05, No Iterations 3
GAMG:  Solving for p, Initial residual = 0.0001199506, Final residual = 7.5253361e-07, No Iterations 4
time step continuity errors : sum local = 8.8496531e-06, global = -7.3715671e-07, cumulative = -0.0023011827
smoothSolver:  Solving for omega, Initial residual = 0.00033389522, Final residual = 2.7907653e-06, No Iterations 2
smoothSolver:  Solving for k, Initial residual = 0.00082647524, Final residual = 8.3760727e-06, No Iterations 2
ExecutionTime = 976.20251 s  ClockTime = 977 s

Time = 645s

smoothSolver:  Solving for Ux, Initial residual = 0.00040817952, Final residual = 5.6341122e-06, No Iterations 3
smoothSolver:  Solving for Uy, Initial residual = 0.0037802275, Final residual = 4.7867687e-05, No Iterations 3
smoothSolver:  Solving for Uz, Initial residual = 0.0038043351, Final residual = 4.8539306e-05, No Iterations 3
GAMG:  Solving for p, Initial residual = 0.0072212621, Final residual = 4.3086038e-05, No Iterations 3
GAMG:  Solving for p, Initial residual = 0.00011864664, Final residual = 7.7448788e-07, No Iterations 4
time step continuity errors : sum local = 9.1091692e-06, global = -8.4512398e-07, cumulative = -0.0023020278
smoothSolver:  Solving for omega, Initial residual = 0.00033921044, Final residual = 2.8389971e-06, No Iterations 2
smoothSolver:  Solving for k, Initial residual = 0.00082319967, Final residual = 8.3585085e-06, No Iterations 2
ExecutionTime = 977.78413 s  ClockTime = 978 s

Time = 646s

smoothSolver:  Solving for Ux, Initial residual = 0.00040653802, Final residual = 5.6004667e-06, No Iterations 3
smoothSolver:  Solving for Uy, Initial residual = 0.0037751747, Final residual = 4.778169e-05, No Iterations 3
smoothSolver:  Solving for Uz, Initial residual = 0.0038074468, Final residual = 4.8406169e-05, No Iterations 3
GAMG:  Solving for p, Initial residual = 0.0072517441, Final residual = 4.1911714e-05, No Iterations 3
GAMG:  Solving for p, Initial residual = 0.00011752708, Final residual = 7.925179e-07, No Iterations 4
time step continuity errors : sum local = 9.3265798e-06, global = -9.4463217e-07, cumulative = -0.0023029724
smoothSolver:  Solving for omega, Initial residual = 0.00033734071, Final residual = 2.9004043e-06, No Iterations 2
smoothSolver:  Solving for k, Initial residual = 0.00082387032, Final residual = 8.3530268e-06, No Iterations 2
ExecutionTime = 979.54739 s  ClockTime = 980 s

Time = 647s

smoothSolver:  Solving for Ux, Initial residual = 0.00040502092, Final residual = 5.5651273e-06, No Iterations 3
smoothSolver:  Solving for Uy, Initial residual = 0.0037727072, Final residual = 4.7638695e-05, No Iterations 3
smoothSolver:  Solving for Uz, Initial residual = 0.003803157, Final residual = 4.821438e-05, No Iterations 3
GAMG:  Solving for p, Initial residual = 0.0072765701, Final residual = 4.1131252e-05, No Iterations 3
GAMG:  Solving for p, Initial residual = 0.00011684477, Final residual = 8.1636364e-07, No Iterations 4
time step continuity errors : sum local = 9.616153e-06, global = -1.0249109e-06, cumulative = -0.0023039974
smoothSolver:  Solving for omega, Initial residual = 0.0003392468, Final residual = 2.8488805e-06, No Iterations 2
smoothSolver:  Solving for k, Initial residual = 0.0008207495, Final residual = 8.3281493e-06, No Iterations 2
ExecutionTime = 981.38372 s  ClockTime = 982 s

Time = 648s

smoothSolver:  Solving for Ux, Initial residual = 0.00040315499, Final residual = 5.5279326e-06, No Iterations 3
smoothSolver:  Solving for Uy, Initial residual = 0.0037647935, Final residual = 4.7482985e-05, No Iterations 3
smoothSolver:  Solving for Uz, Initial residual = 0.0037912336, Final residual = 4.8013549e-05, No Iterations 3
GAMG:  Solving for p, Initial residual = 0.0072775263, Final residual = 4.1181148e-05, No Iterations 3
GAMG:  Solving for p, Initial residual = 0.00011654069, Final residual = 8.3979574e-07, No Iterations 4
time step continuity errors : sum local = 9.90309e-06, global = -9.3199531e-07, cumulative = -0.0023049293
smoothSolver:  Solving for omega, Initial residual = 0.00033474325, Final residual = 2.7573389e-06, No Iterations 2
smoothSolver:  Solving for k, Initial residual = 0.00081887795, Final residual = 8.2485599e-06, No Iterations 2
ExecutionTime = 983.28517 s  ClockTime = 984 s

Time = 649s

smoothSolver:  Solving for Ux, Initial residual = 0.00040128619, Final residual = 5.4922457e-06, No Iterations 3
smoothSolver:  Solving for Uy, Initial residual = 0.0037570004, Final residual = 4.7330989e-05, No Iterations 3
smoothSolver:  Solving for Uz, Initial residual = 0.0037784116, Final residual = 4.7890167e-05, No Iterations 3
GAMG:  Solving for p, Initial residual = 0.0072551467, Final residual = 4.1482748e-05, No Iterations 3
GAMG:  Solving for p, Initial residual = 0.00011661026, Final residual = 8.6558379e-07, No Iterations 4
time step continuity errors : sum local = 1.0220634e-05, global = -9.6426885e-07, cumulative = -0.0023058936
smoothSolver:  Solving for omega, Initial residual = 0.00033659468, Final residual = 2.8253771e-06, No Iterations 2
smoothSolver:  Solving for k, Initial residual = 0.00081449243, Final residual = 8.217484e-06, No Iterations 2
ExecutionTime = 984.50399 s  ClockTime = 985 s

Time = 650s

smoothSolver:  Solving for Ux, Initial residual = 0.00039911806, Final residual = 5.4544827e-06, No Iterations 3
smoothSolver:  Solving for Uy, Initial residual = 0.0037469733, Final residual = 4.7221039e-05, No Iterations 3
smoothSolver:  Solving for Uz, Initial residual = 0.0037685443, Final residual = 4.7857355e-05, No Iterations 3
GAMG:  Solving for p, Initial residual = 0.0072145914, Final residual = 4.2329473e-05, No Iterations 3
GAMG:  Solving for p, Initial residual = 0.00011661444, Final residual = 8.6964873e-07, No Iterations 4
time step continuity errors : sum local = 1.0281755e-05, global = -8.7342714e-07, cumulative = -0.002306767
smoothSolver:  Solving for omega, Initial residual = 0.00033486083, Final residual = 2.847069e-06, No Iterations 2
smoothSolver:  Solving for k, Initial residual = 0.00081156098, Final residual = 8.1527728e-06, No Iterations 2
ExecutionTime = 985.75219 s  ClockTime = 986 s

Time = 651s

smoothSolver:  Solving for Ux, Initial residual = 0.00039728855, Final residual = 5.4173622e-06, No Iterations 3
smoothSolver:  Solving for Uy, Initial residual = 0.0037357515, Final residual = 4.7124809e-05, No Iterations 3
smoothSolver:  Solving for Uz, Initial residual = 0.0037646904, Final residual = 4.7947723e-05, No Iterations 3
GAMG:  Solving for p, Initial residual = 0.0072070571, Final residual = 4.3045045e-05, No Iterations 3
GAMG:  Solving for p, Initial residual = 0.00011639238, Final residual = 8.7473969e-07, No Iterations 4
time step continuity errors : sum local = 1.0354552e-05, global = -7.3789309e-07, cumulative = -0.0023075049
smoothSolver:  Solving for omega, Initial residual = 0.00033673977, Final residual = 2.7744197e-06, No Iterations 2
smoothSolver:  Solving for k, Initial residual = 0.00080708126, Final residual = 8.1061342e-06, No Iterations 2
ExecutionTime = 987.07781 s  ClockTime = 988 s

Time = 652s

smoothSolver:  Solving for Ux, Initial residual = 0.000395483, Final residual = 5.3800543e-06, No Iterations 3
smoothSolver:  Solving for Uy, Initial residual = 0.003726375, Final residual = 4.7038518e-05, No Iterations 3
smoothSolver:  Solving for Uz, Initial residual = 0.0037687773, Final residual = 4.8074094e-05, No Iterations 3
GAMG:  Solving for p, Initial residual = 0.0072297424, Final residual = 4.3803445e-05, No Iterations 3
GAMG:  Solving for p, Initial residual = 0.00011551268, Final residual = 8.9251042e-07, No Iterations 4
time step continuity errors : sum local = 1.0576896e-05, global = -5.4919536e-07, cumulative = -0.0023080541
smoothSolver:  Solving for omega, Initial residual = 0.00033414294, Final residual = 2.8176764e-06, No Iterations 2
smoothSolver:  Solving for k, Initial residual = 0.00080442876, Final residual = 8.0366164e-06, No Iterations 2
ExecutionTime = 988.50079 s  ClockTime = 989 s

Time = 653s

smoothSolver:  Solving for Ux, Initial residual = 0.00039359775, Final residual = 5.3444014e-06, No Iterations 3
smoothSolver:  Solving for Uy, Initial residual = 0.003716654, Final residual = 4.6909185e-05, No Iterations 3
smoothSolver:  Solving for Uz, Initial residual = 0.0037815454, Final residual = 4.821564e-05, No Iterations 3
GAMG:  Solving for p, Initial residual = 0.0072919373, Final residual = 4.4041582e-05, No Iterations 3
GAMG:  Solving for p, Initial residual = 0.00011462558, Final residual = 8.9177779e-07, No Iterations 4
time step continuity errors : sum local = 1.0576606e-05, global = -4.4210086e-07, cumulative = -0.0023084962
smoothSolver:  Solving for omega, Initial residual = 0.00033830698, Final residual = 2.8591901e-06, No Iterations 2
smoothSolver:  Solving for k, Initial residual = 0.00079910529, Final residual = 8.0064186e-06, No Iterations 2
ExecutionTime = 989.82038 s  ClockTime = 990 s

Time = 654s

smoothSolver:  Solving for Ux, Initial residual = 0.00039212549, Final residual = 5.3095596e-06, No Iterations 3
smoothSolver:  Solving for Uy, Initial residual = 0.0037113186, Final residual = 4.678194e-05, No Iterations 3
smoothSolver:  Solving for Uz, Initial residual = 0.0037912845, Final residual = 4.8245359e-05, No Iterations 3
GAMG:  Solving for p, Initial residual = 0.0073618873, Final residual = 4.4410448e-05, No Iterations 3
GAMG:  Solving for p, Initial residual = 0.00011455335, Final residual = 8.9255827e-07, No Iterations 4
time step continuity errors : sum local = 1.0592139e-05, global = -3.0696766e-07, cumulative = -0.0023088032
smoothSolver:  Solving for omega, Initial residual = 0.00033612377, Final residual = 2.8331241e-06, No Iterations 2
smoothSolver:  Solving for k, Initial residual = 0.00079853979, Final residual = 7.981896e-06, No Iterations 2
ExecutionTime = 991.19443 s  ClockTime = 992 s

Time = 655s

smoothSolver:  Solving for Ux, Initial residual = 0.00039070585, Final residual = 5.2786642e-06, No Iterations 3
smoothSolver:  Solving for Uy, Initial residual = 0.0037114326, Final residual = 4.6621859e-05, No Iterations 3
smoothSolver:  Solving for Uz, Initial residual = 0.0038042497, Final residual = 4.8274296e-05, No Iterations 3
GAMG:  Solving for p, Initial residual = 0.0074301771, Final residual = 4.4517981e-05, No Iterations 3
GAMG:  Solving for p, Initial residual = 0.0001159471, Final residual = 8.6270184e-07, No Iterations 4
time step continuity errors : sum local = 1.024338e-05, global = -1.6713192e-07, cumulative = -0.0023089703
smoothSolver:  Solving for omega, Initial residual = 0.00033625219, Final residual = 2.7690295e-06, No Iterations 2
smoothSolver:  Solving for k, Initial residual = 0.00079420449, Final residual = 7.9286587e-06, No Iterations 2
ExecutionTime = 992.49227 s  ClockTime = 993 s

Time = 656s

smoothSolver:  Solving for Ux, Initial residual = 0.00038953186, Final residual = 5.249561e-06, No Iterations 3
smoothSolver:  Solving for Uy, Initial residual = 0.0037151592, Final residual = 4.6503387e-05, No Iterations 3
smoothSolver:  Solving for Uz, Initial residual = 0.0038075248, Final residual = 4.8179294e-05, No Iterations 3
GAMG:  Solving for p, Initial residual = 0.0074756456, Final residual = 4.496145e-05, No Iterations 3
GAMG:  Solving for p, Initial residual = 0.00011830105, Final residual = 8.0394007e-07, No Iterations 4
time step continuity errors : sum local = 9.5486391e-06, global = -7.978833e-08, cumulative = -0.0023090501
smoothSolver:  Solving for omega, Initial residual = 0.00033307992, Final residual = 2.7395618e-06, No Iterations 2
smoothSolver:  Solving for k, Initial residual = 0.00079169263, Final residual = 7.8589247e-06, No Iterations 2
ExecutionTime = 993.84675 s  ClockTime = 994 s

Time = 657s

smoothSolver:  Solving for Ux, Initial residual = 0.00038842877, Final residual = 5.2229158e-06, No Iterations 3
smoothSolver:  Solving for Uy, Initial residual = 0.0037219026, Final residual = 4.6399413e-05, No Iterations 3
smoothSolver:  Solving for Uz, Initial residual = 0.0038096629, Final residual = 4.8140003e-05, No Iterations 3
GAMG:  Solving for p, Initial residual = 0.0075111686, Final residual = 4.5222177e-05, No Iterations 3
GAMG:  Solving for p, Initial residual = 0.00012044452, Final residual = 7.5741628e-07, No Iterations 4
time step continuity errors : sum local = 8.9967917e-06, global = -3.0148778e-08, cumulative = -0.0023090803
smoothSolver:  Solving for omega, Initial residual = 0.00033722766, Final residual = 2.781433e-06, No Iterations 2
smoothSolver:  Solving for k, Initial residual = 0.00078874003, Final residual = 7.8551877e-06, No Iterations 2
ExecutionTime = 995.17196 s  ClockTime = 996 s

Time = 658s

smoothSolver:  Solving for Ux, Initial residual = 0.00038725052, Final residual = 5.1975107e-06, No Iterations 3
smoothSolver:  Solving for Uy, Initial residual = 0.0037332193, Final residual = 0.00018653958, No Iterations 2
smoothSolver:  Solving for Uz, Initial residual = 0.0038138479, Final residual = 4.8226193e-05, No Iterations 3
GAMG:  Solving for p, Initial residual = 0.0075320908, Final residual = 4.5598307e-05, No Iterations 3
GAMG:  Solving for p, Initial residual = 0.00012212017, Final residual = 7.3940673e-07, No Iterations 4
time step continuity errors : sum local = 8.7827988e-06, global = -1.0607903e-08, cumulative = -0.0023090909
smoothSolver:  Solving for omega, Initial residual = 0.00033640048, Final residual = 2.9068014e-06, No Iterations 2
smoothSolver:  Solving for k, Initial residual = 0.00078737262, Final residual = 7.7759676e-06, No Iterations 2
ExecutionTime = 996.57562 s  ClockTime = 997 s

Time = 659s

smoothSolver:  Solving for Ux, Initial residual = 0.00038556847, Final residual = 5.1668592e-06, No Iterations 3
smoothSolver:  Solving for Uy, Initial residual = 0.00376394, Final residual = 0.00018819426, No Iterations 2
smoothSolver:  Solving for Uz, Initial residual = 0.0038139481, Final residual = 4.8330129e-05, No Iterations 3
GAMG:  Solving for p, Initial residual = 0.0075677371, Final residual = 4.6483177e-05, No Iterations 3
GAMG:  Solving for p, Initial residual = 0.00012324336, Final residual = 7.1014888e-07, No Iterations 4
time step continuity errors : sum local = 8.434223e-06, global = 4.5740671e-08, cumulative = -0.0023090451
smoothSolver:  Solving for omega, Initial residual = 0.00034006957, Final residual = 2.8134929e-06, No Iterations 2
smoothSolver:  Solving for k, Initial residual = 0.00078277186, Final residual = 7.767368e-06, No Iterations 2
ExecutionTime = 998.44293 s  ClockTime = 999 s

Time = 660s

smoothSolver:  Solving for Ux, Initial residual = 0.00038423428, Final residual = 5.1393244e-06, No Iterations 3
smoothSolver:  Solving for Uy, Initial residual = 0.0037722612, Final residual = 4.6916067e-05, No Iterations 3
smoothSolver:  Solving for Uz, Initial residual = 0.0038229678, Final residual = 4.8635755e-05, No Iterations 3
GAMG:  Solving for p, Initial residual = 0.0076256719, Final residual = 4.7734465e-05, No Iterations 3
GAMG:  Solving for p, Initial residual = 0.00012450535, Final residual = 6.5868947e-07, No Iterations 4
time step continuity errors : sum local = 7.8215801e-06, global = 2.2908202e-08, cumulative = -0.0023090222
smoothSolver:  Solving for omega, Initial residual = 0.00033484803, Final residual = 2.7882635e-06, No Iterations 2
smoothSolver:  Solving for k, Initial residual = 0.00078368262, Final residual = 7.7219283e-06, No Iterations 2
ExecutionTime = 1000.5151 s  ClockTime = 1001 s

Time = 661s

smoothSolver:  Solving for Ux, Initial residual = 0.00038309557, Final residual = 5.1194976e-06, No Iterations 3
smoothSolver:  Solving for Uy, Initial residual = 0.0037453792, Final residual = 4.6595999e-05, No Iterations 3
smoothSolver:  Solving for Uz, Initial residual = 0.0038417048, Final residual = 4.9045511e-05, No Iterations 3
GAMG:  Solving for p, Initial residual = 0.0076568186, Final residual = 4.8681125e-05, No Iterations 3
GAMG:  Solving for p, Initial residual = 0.00012456997, Final residual = 6.6364628e-07, No Iterations 4
time step continuity errors : sum local = 7.8790334e-06, global = -3.4322737e-07, cumulative = -0.0023093655
smoothSolver:  Solving for omega, Initial residual = 0.00033624916, Final residual = 2.8123893e-06, No Iterations 2
smoothSolver:  Solving for k, Initial residual = 0.00077897159, Final residual = 7.6917447e-06, No Iterations 2
ExecutionTime = 1002.2765 s  ClockTime = 1003 s

Time = 662s

smoothSolver:  Solving for Ux, Initial residual = 0.00038161528, Final residual = 5.0975153e-06, No Iterations 3
smoothSolver:  Solving for Uy, Initial residual = 0.003734531, Final residual = 4.650143e-05, No Iterations 3
smoothSolver:  Solving for Uz, Initial residual = 0.0038620661, Final residual = 4.9446994e-05, No Iterations 3
GAMG:  Solving for p, Initial residual = 0.0076625401, Final residual = 4.8718129e-05, No Iterations 3
GAMG:  Solving for p, Initial residual = 0.00012390129, Final residual = 6.589861e-07, No Iterations 4
time step continuity errors : sum local = 7.8224474e-06, global = -4.9570477e-07, cumulative = -0.0023098612
smoothSolver:  Solving for omega, Initial residual = 0.00033450927, Final residual = 2.8529511e-06, No Iterations 2
smoothSolver:  Solving for k, Initial residual = 0.00077629665, Final residual = 7.6676115e-06, No Iterations 2
ExecutionTime = 1004.0501 s  ClockTime = 1005 s

Time = 663s

smoothSolver:  Solving for Ux, Initial residual = 0.00038031686, Final residual = 5.0766419e-06, No Iterations 3
smoothSolver:  Solving for Uy, Initial residual = 0.0037222433, Final residual = 4.6496529e-05, No Iterations 3
smoothSolver:  Solving for Uz, Initial residual = 0.0038765607, Final residual = 4.9599821e-05, No Iterations 3
GAMG:  Solving for p, Initial residual = 0.0076596301, Final residual = 4.8526423e-05, No Iterations 3
GAMG:  Solving for p, Initial residual = 0.00012327545, Final residual = 7.0496565e-07, No Iterations 4
time step continuity errors : sum local = 8.3680358e-06, global = -2.9689087e-07, cumulative = -0.002310158
smoothSolver:  Solving for omega, Initial residual = 0.00033694505, Final residual = 2.7738997e-06, No Iterations 2
smoothSolver:  Solving for k, Initial residual = 0.00077609139, Final residual = 7.675346e-06, No Iterations 2
ExecutionTime = 1005.7688 s  ClockTime = 1006 s

Time = 664s

smoothSolver:  Solving for Ux, Initial residual = 0.00037931471, Final residual = 5.0579882e-06, No Iterations 3
smoothSolver:  Solving for Uy, Initial residual = 0.0037159175, Final residual = 4.6512123e-05, No Iterations 3
smoothSolver:  Solving for Uz, Initial residual = 0.00389031, Final residual = 4.9660029e-05, No Iterations 3
GAMG:  Solving for p, Initial residual = 0.0076615276, Final residual = 4.7798733e-05, No Iterations 3
GAMG:  Solving for p, Initial residual = 0.00012285208, Final residual = 8.0992659e-07, No Iterations 4
time step continuity errors : sum local = 9.6141371e-06, global = -3.0841735e-07, cumulative = -0.0023104665
smoothSolver:  Solving for omega, Initial residual = 0.0003341101, Final residual = 2.7909765e-06, No Iterations 2
smoothSolver:  Solving for k, Initial residual = 0.00077279507, Final residual = 7.5898053e-06, No Iterations 2
ExecutionTime = 1007.3721 s  ClockTime = 1008 s

Time = 665s

smoothSolver:  Solving for Ux, Initial residual = 0.00037853249, Final residual = 5.0403298e-06, No Iterations 3
smoothSolver:  Solving for Uy, Initial residual = 0.0037170043, Final residual = 4.6485507e-05, No Iterations 3
smoothSolver:  Solving for Uz, Initial residual = 0.0038961501, Final residual = 4.9563307e-05, No Iterations 3
GAMG:  Solving for p, Initial residual = 0.0076475965, Final residual = 4.7151672e-05, No Iterations 3
GAMG:  Solving for p, Initial residual = 0.00012293004, Final residual = 9.1201783e-07, No Iterations 4
time step continuity errors : sum local = 1.0826823e-05, global = -7.0831439e-07, cumulative = -0.0023111748
smoothSolver:  Solving for omega, Initial residual = 0.00033834547, Final residual = 2.8220129e-06, No Iterations 2
smoothSolver:  Solving for k, Initial residual = 0.00076789005, Final residual = 7.6530678e-06, No Iterations 2
ExecutionTime = 1009.1135 s  ClockTime = 1010 s

Time = 666s

smoothSolver:  Solving for Ux, Initial residual = 0.00037775278, Final residual = 5.021657e-06, No Iterations 3
smoothSolver:  Solving for Uy, Initial residual = 0.0037204023, Final residual = 4.6416885e-05, No Iterations 3
smoothSolver:  Solving for Uz, Initial residual = 0.0038999683, Final residual = 4.9448664e-05, No Iterations 3
GAMG:  Solving for p, Initial residual = 0.0076195372, Final residual = 4.6443267e-05, No Iterations 3
GAMG:  Solving for p, Initial residual = 0.00012341705, Final residual = 1.0463113e-06, No Iterations 4
time step continuity errors : sum local = 1.2420246e-05, global = -1.0900071e-06, cumulative = -0.0023122648
smoothSolver:  Solving for omega, Initial residual = 0.00033421314, Final residual = 2.8594486e-06, No Iterations 2
smoothSolver:  Solving for k, Initial residual = 0.00076562919, Final residual = 7.5605363e-06, No Iterations 2
ExecutionTime = 1010.6419 s  ClockTime = 1011 s

Time = 667s

smoothSolver:  Solving for Ux, Initial residual = 0.00037688343, Final residual = 4.9993037e-06, No Iterations 3
smoothSolver:  Solving for Uy, Initial residual = 0.0037194816, Final residual = 4.6283229e-05, No Iterations 3
smoothSolver:  Solving for Uz, Initial residual = 0.0038996343, Final residual = 4.9344234e-05, No Iterations 3
GAMG:  Solving for p, Initial residual = 0.0075869481, Final residual = 4.6210711e-05, No Iterations 3
GAMG:  Solving for p, Initial residual = 0.00012434474, Final residual = 1.1175615e-06, No Iterations 4
time step continuity errors : sum local = 1.3267339e-05, global = -1.3073843e-06, cumulative = -0.0023135722
smoothSolver:  Solving for omega, Initial residual = 0.00033435861, Final residual = 2.7701795e-06, No Iterations 2
smoothSolver:  Solving for k, Initial residual = 0.00076191261, Final residual = 7.5832394e-06, No Iterations 2
ExecutionTime = 1011.903 s  ClockTime = 1012 s

Time = 668s

smoothSolver:  Solving for Ux, Initial residual = 0.00037603918, Final residual = 4.9750751e-06, No Iterations 3
smoothSolver:  Solving for Uy, Initial residual = 0.0037225421, Final residual = 4.6193581e-05, No Iterations 3
smoothSolver:  Solving for Uz, Initial residual = 0.0038980274, Final residual = 4.9411975e-05, No Iterations 3
GAMG:  Solving for p, Initial residual = 0.0075507873, Final residual = 4.5412366e-05, No Iterations 3
GAMG:  Solving for p, Initial residual = 0.00012419932, Final residual = 1.2093784e-06, No Iterations 4
time step continuity errors : sum local = 1.4358975e-05, global = -1.2296766e-06, cumulative = -0.0023148018
smoothSolver:  Solving for omega, Initial residual = 0.00033205158, Final residual = 2.7789933e-06, No Iterations 2
smoothSolver:  Solving for k, Initial residual = 0.00076305479, Final residual = 7.5569312e-06, No Iterations 2
ExecutionTime = 1013.2335 s  ClockTime = 1014 s

Time = 669s

smoothSolver:  Solving for Ux, Initial residual = 0.000374863, Final residual = 4.9478541e-06, No Iterations 3
smoothSolver:  Solving for Uy, Initial residual = 0.0037266613, Final residual = 0.00018617304, No Iterations 2
smoothSolver:  Solving for Uz, Initial residual = 0.003901732, Final residual = 4.9623729e-05, No Iterations 3
GAMG:  Solving for p, Initial residual = 0.0075071305, Final residual = 4.4681255e-05, No Iterations 3
GAMG:  Solving for p, Initial residual = 0.00012284206, Final residual = 7.0226495e-07, No Iterations 5
time step continuity errors : sum local = 8.3399492e-06, global = 9.7203227e-07, cumulative = -0.0023138298
smoothSolver:  Solving for omega, Initial residual = 0.00033674914, Final residual = 2.796176e-06, No Iterations 2
smoothSolver:  Solving for k, Initial residual = 0.00076286062, Final residual = 7.5761962e-06, No Iterations 2
ExecutionTime = 1014.9656 s  ClockTime = 1015 s

Time = 670s

smoothSolver:  Solving for Ux, Initial residual = 0.00037315448, Final residual = 4.9148913e-06, No Iterations 3
smoothSolver:  Solving for Uy, Initial residual = 0.0037537238, Final residual = 0.00018742316, No Iterations 2
smoothSolver:  Solving for Uz, Initial residual = 0.0039056783, Final residual = 4.9875642e-05, No Iterations 3
GAMG:  Solving for p, Initial residual = 0.0074700784, Final residual = 4.3782348e-05, No Iterations 3
GAMG:  Solving for p, Initial residual = 0.00012121479, Final residual = 7.0728091e-07, No Iterations 5
time step continuity errors : sum local = 8.4001063e-06, global = 9.5056136e-07, cumulative = -0.0023128793
smoothSolver:  Solving for omega, Initial residual = 0.00033472515, Final residual = 2.8699886e-06, No Iterations 2
smoothSolver:  Solving for k, Initial residual = 0.00075855135, Final residual = 7.4724056e-06, No Iterations 2
ExecutionTime = 1016.8903 s  ClockTime = 1017 s

Time = 671s

smoothSolver:  Solving for Ux, Initial residual = 0.00037166523, Final residual = 4.8885526e-06, No Iterations 3
smoothSolver:  Solving for Uy, Initial residual = 0.0037567429, Final residual = 0.00018746068, No Iterations 2
smoothSolver:  Solving for Uz, Initial residual = 0.0039092391, Final residual = 5.0115143e-05, No Iterations 3
GAMG:  Solving for p, Initial residual = 0.0074496053, Final residual = 4.306247e-05, No Iterations 3
GAMG:  Solving for p, Initial residual = 0.00011935884, Final residual = 6.9717435e-07, No Iterations 5
time step continuity errors : sum local = 8.281076e-06, global = 9.9212257e-07, cumulative = -0.0023118871
smoothSolver:  Solving for omega, Initial residual = 0.00033766226, Final residual = 2.8270867e-06, No Iterations 2
smoothSolver:  Solving for k, Initial residual = 0.0007560193, Final residual = 7.4885552e-06, No Iterations 2
ExecutionTime = 1018.4462 s  ClockTime = 1019 s

Time = 672s

smoothSolver:  Solving for Ux, Initial residual = 0.00037050759, Final residual = 4.8692111e-06, No Iterations 3
smoothSolver:  Solving for Uy, Initial residual = 0.0037582043, Final residual = 0.0001872551, No Iterations 2
smoothSolver:  Solving for Uz, Initial residual = 0.0039177003, Final residual = 5.0301715e-05, No Iterations 3
GAMG:  Solving for p, Initial residual = 0.0074358254, Final residual = 4.2610387e-05, No Iterations 3
GAMG:  Solving for p, Initial residual = 0.00011753753, Final residual = 6.8161954e-07, No Iterations 5
time step continuity errors : sum local = 8.0965313e-06, global = 9.3759169e-07, cumulative = -0.0023109495
smoothSolver:  Solving for omega, Initial residual = 0.00033348734, Final residual = 2.8020775e-06, No Iterations 2
smoothSolver:  Solving for k, Initial residual = 0.00075248506, Final residual = 7.3950389e-06, No Iterations 2
ExecutionTime = 1019.7019 s  ClockTime = 1020 s

Time = 673s

smoothSolver:  Solving for Ux, Initial residual = 0.00036950893, Final residual = 4.8578089e-06, No Iterations 3
smoothSolver:  Solving for Uy, Initial residual = 0.0037546687, Final residual = 0.00018695958, No Iterations 2
smoothSolver:  Solving for Uz, Initial residual = 0.0039227999, Final residual = 5.0359684e-05, No Iterations 3
GAMG:  Solving for p, Initial residual = 0.0074121721, Final residual = 4.230582e-05, No Iterations 3
GAMG:  Solving for p, Initial residual = 0.00011619141, Final residual = 6.568986e-07, No Iterations 5
time step continuity errors : sum local = 7.8033191e-06, global = 6.824307e-07, cumulative = -0.0023102671
smoothSolver:  Solving for omega, Initial residual = 0.00033398267, Final residual = 2.7871588e-06, No Iterations 2
smoothSolver:  Solving for k, Initial residual = 0.00074811924, Final residual = 7.3784489e-06, No Iterations 2
ExecutionTime = 1020.9443 s  ClockTime = 1021 s

Time = 674s

smoothSolver:  Solving for Ux, Initial residual = 0.00036898552, Final residual = 4.8560156e-06, No Iterations 3
smoothSolver:  Solving for Uy, Initial residual = 0.0037559542, Final residual = 0.00018662045, No Iterations 2
smoothSolver:  Solving for Uz, Initial residual = 0.003927902, Final residual = 5.0356027e-05, No Iterations 3
GAMG:  Solving for p, Initial residual = 0.0073838695, Final residual = 4.2440075e-05, No Iterations 3
GAMG:  Solving for p, Initial residual = 0.00011617469, Final residual = 6.6715897e-07, No Iterations 5
time step continuity errors : sum local = 7.924835e-06, global = 4.6047227e-07, cumulative = -0.0023098066
smoothSolver:  Solving for omega, Initial residual = 0.0003316537, Final residual = 2.8281704e-06, No Iterations 2
smoothSolver:  Solving for k, Initial residual = 0.00074530485, Final residual = 7.349766e-06, No Iterations 2
ExecutionTime = 1022.1813 s  ClockTime = 1023 s

Time = 675s

smoothSolver:  Solving for Ux, Initial residual = 0.00036869128, Final residual = 4.8597096e-06, No Iterations 3
smoothSolver:  Solving for Uy, Initial residual = 0.0037561355, Final residual = 0.00018632755, No Iterations 2
smoothSolver:  Solving for Uz, Initial residual = 0.0039287159, Final residual = 5.0278087e-05, No Iterations 3
GAMG:  Solving for p, Initial residual = 0.0073508507, Final residual = 4.2583915e-05, No Iterations 3
GAMG:  Solving for p, Initial residual = 0.00011705988, Final residual = 6.4630402e-07, No Iterations 5
time step continuity errors : sum local = 7.6764893e-06, global = 3.4457889e-07, cumulative = -0.0023094621
smoothSolver:  Solving for omega, Initial residual = 0.00033418583, Final residual = 2.7659075e-06, No Iterations 2
smoothSolver:  Solving for k, Initial residual = 0.00074257015, Final residual = 7.3321244e-06, No Iterations 2
ExecutionTime = 1023.6392 s  ClockTime = 1024 s

Time = 676s

smoothSolver:  Solving for Ux, Initial residual = 0.00036866813, Final residual = 4.8634511e-06, No Iterations 3
smoothSolver:  Solving for Uy, Initial residual = 0.0037601038, Final residual = 0.00018586229, No Iterations 2
smoothSolver:  Solving for Uz, Initial residual = 0.0039308556, Final residual = 5.0149645e-05, No Iterations 3
GAMG:  Solving for p, Initial residual = 0.0073326363, Final residual = 4.2595245e-05, No Iterations 3
GAMG:  Solving for p, Initial residual = 0.00011834572, Final residual = 6.4004766e-07, No Iterations 5
time step continuity errors : sum local = 7.6015655e-06, global = 1.5144223e-08, cumulative = -0.0023094469
smoothSolver:  Solving for omega, Initial residual = 0.00033184378, Final residual = 2.7845366e-06, No Iterations 2
smoothSolver:  Solving for k, Initial residual = 0.00074089683, Final residual = 7.2938735e-06, No Iterations 2
ExecutionTime = 1025.1256 s  ClockTime = 1026 s

Time = 677s

smoothSolver:  Solving for Ux, Initial residual = 0.00036869233, Final residual = 4.8664842e-06, No Iterations 3
smoothSolver:  Solving for Uy, Initial residual = 0.0037644982, Final residual = 0.00018551576, No Iterations 2
smoothSolver:  Solving for Uz, Initial residual = 0.0039326816, Final residual = 5.0010683e-05, No Iterations 3
GAMG:  Solving for p, Initial residual = 0.0073134463, Final residual = 4.2388211e-05, No Iterations 3
GAMG:  Solving for p, Initial residual = 0.00011958933, Final residual = 6.2507636e-07, No Iterations 5
time step continuity errors : sum local = 7.4239378e-06, global = -3.6850382e-08, cumulative = -0.0023094838
smoothSolver:  Solving for omega, Initial residual = 0.00033758433, Final residual = 2.8588252e-06, No Iterations 2
smoothSolver:  Solving for k, Initial residual = 0.00073826973, Final residual = 7.2902852e-06, No Iterations 2
ExecutionTime = 1026.642 s  ClockTime = 1027 s

Time = 678s

smoothSolver:  Solving for Ux, Initial residual = 0.00036849673, Final residual = 4.8644558e-06, No Iterations 3
smoothSolver:  Solving for Uy, Initial residual = 0.0037675766, Final residual = 0.00018496126, No Iterations 2
smoothSolver:  Solving for Uz, Initial residual = 0.0039373475, Final residual = 4.9935116e-05, No Iterations 3
GAMG:  Solving for p, Initial residual = 0.0072866732, Final residual = 4.2398731e-05, No Iterations 3
GAMG:  Solving for p, Initial residual = 0.00012107185, Final residual = 6.4993564e-07, No Iterations 5
time step continuity errors : sum local = 7.7188096e-06, global = -1.2974931e-07, cumulative = -0.0023096135
smoothSolver:  Solving for omega, Initial residual = 0.00033546453, Final residual = 2.8752235e-06, No Iterations 2
smoothSolver:  Solving for k, Initial residual = 0.00073727622, Final residual = 7.2394102e-06, No Iterations 2
ExecutionTime = 1028.0147 s  ClockTime = 1029 s

Time = 679s

smoothSolver:  Solving for Ux, Initial residual = 0.00036843854, Final residual = 4.8546746e-06, No Iterations 3
smoothSolver:  Solving for Uy, Initial residual = 0.0037649462, Final residual = 0.00018458108, No Iterations 2
smoothSolver:  Solving for Uz, Initial residual = 0.0039461435, Final residual = 4.9915592e-05, No Iterations 3
GAMG:  Solving for p, Initial residual = 0.0072554919, Final residual = 4.2942462e-05, No Iterations 3
GAMG:  Solving for p, Initial residual = 0.00012269084, Final residual = 6.7905174e-07, No Iterations 5
time step continuity errors : sum local = 8.0648993e-06, global = -1.5028058e-07, cumulative = -0.0023097638
smoothSolver:  Solving for omega, Initial residual = 0.00033367707, Final residual = 2.7474244e-06, No Iterations 2
smoothSolver:  Solving for k, Initial residual = 0.00073543303, Final residual = 7.2353524e-06, No Iterations 2
ExecutionTime = 1029.3689 s  ClockTime = 1030 s

Time = 680s

smoothSolver:  Solving for Ux, Initial residual = 0.000367942, Final residual = 4.8383052e-06, No Iterations 3
smoothSolver:  Solving for Uy, Initial residual = 0.0037604327, Final residual = 0.00018408902, No Iterations 2
smoothSolver:  Solving for Uz, Initial residual = 0.0039601556, Final residual = 5.0016736e-05, No Iterations 3
GAMG:  Solving for p, Initial residual = 0.0072186187, Final residual = 4.3694595e-05, No Iterations 3
GAMG:  Solving for p, Initial residual = 0.00012358261, Final residual = 7.0417968e-07, No Iterations 5
time step continuity errors : sum local = 8.3635706e-06, global = -9.4864271e-08, cumulative = -0.0023098587
smoothSolver:  Solving for omega, Initial residual = 0.0003296927, Final residual = 2.7457374e-06, No Iterations 2
smoothSolver:  Solving for k, Initial residual = 0.00073480307, Final residual = 7.211168e-06, No Iterations 2
ExecutionTime = 1030.6386 s  ClockTime = 1031 s

Time = 681s

smoothSolver:  Solving for Ux, Initial residual = 0.00036745727, Final residual = 4.8173386e-06, No Iterations 3
smoothSolver:  Solving for Uy, Initial residual = 0.0037502317, Final residual = 0.00018359286, No Iterations 2
smoothSolver:  Solving for Uz, Initial residual = 0.003968893, Final residual = 5.0015156e-05, No Iterations 3
GAMG:  Solving for p, Initial residual = 0.0072001904, Final residual = 4.4359901e-05, No Iterations 3
GAMG:  Solving for p, Initial residual = 0.00012398143, Final residual = 7.0209999e-07, No Iterations 5
time step continuity errors : sum local = 8.3380413e-06, global = -1.3697007e-07, cumulative = -0.0023099956
smoothSolver:  Solving for omega, Initial residual = 0.00033455591, Final residual = 2.7928022e-06, No Iterations 2
smoothSolver:  Solving for k, Initial residual = 0.00073519111, Final residual = 7.2420355e-06, No Iterations 2
ExecutionTime = 1031.8585 s  ClockTime = 1032 s

Time = 682s

smoothSolver:  Solving for Ux, Initial residual = 0.00036678418, Final residual = 4.7955635e-06, No Iterations 3
smoothSolver:  Solving for Uy, Initial residual = 0.003742309, Final residual = 0.00018314862, No Iterations 2
smoothSolver:  Solving for Uz, Initial residual = 0.0039826194, Final residual = 5.0063609e-05, No Iterations 3
GAMG:  Solving for p, Initial residual = 0.0071850378, Final residual = 4.4620074e-05, No Iterations 3
GAMG:  Solving for p, Initial residual = 0.0001230732, Final residual = 6.9939157e-07, No Iterations 5
time step continuity errors : sum local = 8.3037844e-06, global = 5.3138676e-08, cumulative = -0.0023099425
smoothSolver:  Solving for omega, Initial residual = 0.00033208032, Final residual = 2.8603187e-06, No Iterations 2
smoothSolver:  Solving for k, Initial residual = 0.00073547723, Final residual = 7.2271801e-06, No Iterations 2
ExecutionTime = 1033.0538 s  ClockTime = 1034 s

Time = 683s

smoothSolver:  Solving for Ux, Initial residual = 0.00036609445, Final residual = 4.77708e-06, No Iterations 3
smoothSolver:  Solving for Uy, Initial residual = 0.0037320232, Final residual = 0.0001825522, No Iterations 2
smoothSolver:  Solving for Uz, Initial residual = 0.0039936231, Final residual = 5.0009636e-05, No Iterations 3
GAMG:  Solving for p, Initial residual = 0.007164732, Final residual = 4.4575706e-05, No Iterations 3
GAMG:  Solving for p, Initial residual = 0.00012135808, Final residual = 6.9838578e-07, No Iterations 5
time step continuity errors : sum local = 8.2900125e-06, global = -6.9624757e-08, cumulative = -0.0023100121
smoothSolver:  Solving for omega, Initial residual = 0.00033556234, Final residual = 2.8266349e-06, No Iterations 2
smoothSolver:  Solving for k, Initial residual = 0.00073150846, Final residual = 7.2069347e-06, No Iterations 2
ExecutionTime = 1034.4464 s  ClockTime = 1035 s

Time = 684s

smoothSolver:  Solving for Ux, Initial residual = 0.00036561226, Final residual = 4.7637004e-06, No Iterations 3
smoothSolver:  Solving for Uy, Initial residual = 0.0037203289, Final residual = 0.00018186176, No Iterations 2
smoothSolver:  Solving for Uz, Initial residual = 0.0040010231, Final residual = 4.9916741e-05, No Iterations 3
GAMG:  Solving for p, Initial residual = 0.0071653887, Final residual = 4.4243981e-05, No Iterations 3
GAMG:  Solving for p, Initial residual = 0.00011910873, Final residual = 6.9043292e-07, No Iterations 5
time step continuity errors : sum local = 8.1911027e-06, global = -6.9274918e-08, cumulative = -0.0023100814
smoothSolver:  Solving for omega, Initial residual = 0.00033246141, Final residual = 2.7797798e-06, No Iterations 2
smoothSolver:  Solving for k, Initial residual = 0.00072986307, Final residual = 7.1631174e-06, No Iterations 2
ExecutionTime = 1035.7192 s  ClockTime = 1036 s

Time = 685s

smoothSolver:  Solving for Ux, Initial residual = 0.00036487943, Final residual = 4.7498145e-06, No Iterations 3
smoothSolver:  Solving for Uy, Initial residual = 0.0037096772, Final residual = 0.00018115172, No Iterations 2
smoothSolver:  Solving for Uz, Initial residual = 0.004001922, Final residual = 4.9680747e-05, No Iterations 3
GAMG:  Solving for p, Initial residual = 0.0071616183, Final residual = 4.3911618e-05, No Iterations 3
GAMG:  Solving for p, Initial residual = 0.00011713288, Final residual = 6.7365687e-07, No Iterations 5
time step continuity errors : sum local = 7.9884137e-06, global = -8.6058859e-08, cumulative = -0.0023101675
smoothSolver:  Solving for omega, Initial residual = 0.00033309604, Final residual = 2.7906084e-06, No Iterations 2
smoothSolver:  Solving for k, Initial residual = 0.00072866263, Final residual = 7.1743953e-06, No Iterations 2
ExecutionTime = 1037.1101 s  ClockTime = 1038 s

Time = 686s

smoothSolver:  Solving for Ux, Initial residual = 0.00036410335, Final residual = 4.7306915e-06, No Iterations 3
smoothSolver:  Solving for Uy, Initial residual = 0.0037025337, Final residual = 0.00018050156, No Iterations 2
smoothSolver:  Solving for Uz, Initial residual = 0.0040011881, Final residual = 4.9458707e-05, No Iterations 3
GAMG:  Solving for p, Initial residual = 0.0071402923, Final residual = 4.3611761e-05, No Iterations 3
GAMG:  Solving for p, Initial residual = 0.00011615442, Final residual = 6.5498441e-07, No Iterations 5
time step continuity errors : sum local = 7.7634262e-06, global = -1.3077963e-07, cumulative = -0.0023102982
smoothSolver:  Solving for omega, Initial residual = 0.00033146103, Final residual = 2.8280142e-06, No Iterations 2
smoothSolver:  Solving for k, Initial residual = 0.00072953598, Final residual = 7.1627305e-06, No Iterations 2
ExecutionTime = 1039.1036 s  ClockTime = 1040 s

Time = 687s

smoothSolver:  Solving for Ux, Initial residual = 0.00036272115, Final residual = 4.7023684e-06, No Iterations 3
smoothSolver:  Solving for Uy, Initial residual = 0.0037021344, Final residual = 0.00018005301, No Iterations 2
smoothSolver:  Solving for Uz, Initial residual = 0.0039984721, Final residual = 0.00019982235, No Iterations 2
GAMG:  Solving for p, Initial residual = 0.0070927741, Final residual = 4.3029794e-05, No Iterations 3
GAMG:  Solving for p, Initial residual = 0.00011622332, Final residual = 5.9139251e-07, No Iterations 5
time step continuity errors : sum local = 7.007845e-06, global = 1.1516857e-07, cumulative = -0.0023101831
smoothSolver:  Solving for omega, Initial residual = 0.0003347334, Final residual = 2.7539965e-06, No Iterations 2
smoothSolver:  Solving for k, Initial residual = 0.00072898404, Final residual = 7.185198e-06, No Iterations 2
ExecutionTime = 1041.016 s  ClockTime = 1042 s

Time = 688s

smoothSolver:  Solving for Ux, Initial residual = 0.00036059385, Final residual = 4.6569275e-06, No Iterations 3
smoothSolver:  Solving for Uy, Initial residual = 0.0036970351, Final residual = 0.00017959328, No Iterations 2
smoothSolver:  Solving for Uz, Initial residual = 0.0040198267, Final residual = 0.00020070971, No Iterations 2
GAMG:  Solving for p, Initial residual = 0.007052729, Final residual = 4.3246383e-05, No Iterations 3
GAMG:  Solving for p, Initial residual = 0.00011756592, Final residual = 5.893965e-07, No Iterations 5
time step continuity errors : sum local = 6.9835373e-06, global = 2.2357464e-07, cumulative = -0.0023099595
smoothSolver:  Solving for omega, Initial residual = 0.00033166326, Final residual = 2.7779813e-06, No Iterations 2
smoothSolver:  Solving for k, Initial residual = 0.00072941803, Final residual = 7.1440758e-06, No Iterations 2
ExecutionTime = 1042.7737 s  ClockTime = 1043 s

Time = 689s

smoothSolver:  Solving for Ux, Initial residual = 0.00035834359, Final residual = 4.6134768e-06, No Iterations 3
smoothSolver:  Solving for Uy, Initial residual = 0.0036955925, Final residual = 0.00017955057, No Iterations 2
smoothSolver:  Solving for Uz, Initial residual = 0.0040145346, Final residual = 0.00020031764, No Iterations 2
GAMG:  Solving for p, Initial residual = 0.0070101021, Final residual = 4.2990707e-05, No Iterations 3
GAMG:  Solving for p, Initial residual = 0.00011808855, Final residual = 5.6642268e-07, No Iterations 5
time step continuity errors : sum local = 6.7131572e-06, global = 1.9370695e-07, cumulative = -0.0023097658
smoothSolver:  Solving for omega, Initial residual = 0.00033640184, Final residual = 2.8105176e-06, No Iterations 2
smoothSolver:  Solving for k, Initial residual = 0.00072867246, Final residual = 7.1748938e-06, No Iterations 2
ExecutionTime = 1044.1724 s  ClockTime = 1045 s

Time = 690s

smoothSolver:  Solving for Ux, Initial residual = 0.00035625182, Final residual = 4.5652542e-06, No Iterations 3
smoothSolver:  Solving for Uy, Initial residual = 0.0036957843, Final residual = 0.0001796635, No Iterations 2
smoothSolver:  Solving for Uz, Initial residual = 0.0040091753, Final residual = 0.00020003056, No Iterations 2
GAMG:  Solving for p, Initial residual = 0.00697897, Final residual = 4.240026e-05, No Iterations 3
GAMG:  Solving for p, Initial residual = 0.00011731814, Final residual = 5.4757353e-07, No Iterations 5
time step continuity errors : sum local = 6.4915724e-06, global = 1.9130059e-07, cumulative = -0.0023095745
smoothSolver:  Solving for omega, Initial residual = 0.00033439406, Final residual = 2.8131769e-06, No Iterations 2
smoothSolver:  Solving for k, Initial residual = 0.00073162014, Final residual = 7.1718786e-06, No Iterations 2
ExecutionTime = 1045.5197 s  ClockTime = 1046 s

Time = 691s

smoothSolver:  Solving for Ux, Initial residual = 0.00035408968, Final residual = 4.5180355e-06, No Iterations 3
smoothSolver:  Solving for Uy, Initial residual = 0.00370052, Final residual = 0.00018008169, No Iterations 2
smoothSolver:  Solving for Uz, Initial residual = 0.0040042075, Final residual = 0.00019977027, No Iterations 2
GAMG:  Solving for p, Initial residual = 0.0069638275, Final residual = 4.1333071e-05, No Iterations 3
GAMG:  Solving for p, Initial residual = 0.0001152183, Final residual = 1.1363804e-06, No Iterations 4
time step continuity errors : sum local = 1.3475992e-05, global = 5.4351704e-07, cumulative = -0.002309031
smoothSolver:  Solving for omega, Initial residual = 0.00033421453, Final residual = 2.7844824e-06, No Iterations 2
smoothSolver:  Solving for k, Initial residual = 0.00073350704, Final residual = 7.2096951e-06, No Iterations 2
ExecutionTime = 1046.7977 s  ClockTime = 1047 s

Time = 692s

smoothSolver:  Solving for Ux, Initial residual = 0.00035205176, Final residual = 4.471839e-06, No Iterations 3
smoothSolver:  Solving for Uy, Initial residual = 0.0037072551, Final residual = 0.00018028317, No Iterations 2
smoothSolver:  Solving for Uz, Initial residual = 0.0040001478, Final residual = 0.00019962959, No Iterations 2
GAMG:  Solving for p, Initial residual = 0.0069610058, Final residual = 4.0110813e-05, No Iterations 3
GAMG:  Solving for p, Initial residual = 0.00011237001, Final residual = 1.1140968e-06, No Iterations 4
time step continuity errors : sum local = 1.3214261e-05, global = 7.0016718e-07, cumulative = -0.0023083308
smoothSolver:  Solving for omega, Initial residual = 0.00033104237, Final residual = 2.7614678e-06, No Iterations 2
smoothSolver:  Solving for k, Initial residual = 0.00073488699, Final residual = 7.1832698e-06, No Iterations 2
ExecutionTime = 1048.1224 s  ClockTime = 1049 s

Time = 693s

smoothSolver:  Solving for Ux, Initial residual = 0.00035053746, Final residual = 4.4334028e-06, No Iterations 3
smoothSolver:  Solving for Uy, Initial residual = 0.0037103339, Final residual = 0.00018009498, No Iterations 2
smoothSolver:  Solving for Uz, Initial residual = 0.0040000706, Final residual = 0.00019941667, No Iterations 2
GAMG:  Solving for p, Initial residual = 0.006965537, Final residual = 3.9191195e-05, No Iterations 3
GAMG:  Solving for p, Initial residual = 0.00010965228, Final residual = 1.0539973e-06, No Iterations 4
time step continuity errors : sum local = 1.2505873e-05, global = 7.9418548e-07, cumulative = -0.0023075366
smoothSolver:  Solving for omega, Initial residual = 0.00033520161, Final residual = 2.7961492e-06, No Iterations 2
smoothSolver:  Solving for k, Initial residual = 0.00073254697, Final residual = 7.1387103e-06, No Iterations 2
ExecutionTime = 1050.0027 s  ClockTime = 1051 s

Time = 694s

smoothSolver:  Solving for Ux, Initial residual = 0.0003491822, Final residual = 4.3981074e-06, No Iterations 3
smoothSolver:  Solving for Uy, Initial residual = 0.0037080633, Final residual = 0.00017950324, No Iterations 2
smoothSolver:  Solving for Uz, Initial residual = 0.0039998942, Final residual = 0.00019892046, No Iterations 2
GAMG:  Solving for p, Initial residual = 0.0069836666, Final residual = 3.8858902e-05, No Iterations 3
GAMG:  Solving for p, Initial residual = 0.00010802622, Final residual = 1.0385395e-06, No Iterations 4
time step continuity errors : sum local = 1.232638e-05, global = 8.0217503e-07, cumulative = -0.0023067344
smoothSolver:  Solving for omega, Initial residual = 0.00033266045, Final residual = 2.8481276e-06, No Iterations 2
smoothSolver:  Solving for k, Initial residual = 0.00073197445, Final residual = 7.1135292e-06, No Iterations 2
ExecutionTime = 1051.8049 s  ClockTime = 1052 s

Time = 695s

smoothSolver:  Solving for Ux, Initial residual = 0.00034813512, Final residual = 4.3707849e-06, No Iterations 3
smoothSolver:  Solving for Uy, Initial residual = 0.0036991879, Final residual = 0.00017853823, No Iterations 2
smoothSolver:  Solving for Uz, Initial residual = 0.0039985752, Final residual = 0.00019814854, No Iterations 2
GAMG:  Solving for p, Initial residual = 0.0070097154, Final residual = 3.911769e-05, No Iterations 3
GAMG:  Solving for p, Initial residual = 0.00010856501, Final residual = 9.9087003e-07, No Iterations 4
time step continuity errors : sum local = 1.1767802e-05, global = 8.530791e-07, cumulative = -0.0023058814
smoothSolver:  Solving for omega, Initial residual = 0.00033633213, Final residual = 2.8005376e-06, No Iterations 2
smoothSolver:  Solving for k, Initial residual = 0.00073000638, Final residual = 7.149835e-06, No Iterations 2
ExecutionTime = 1053.3278 s  ClockTime = 1054 s

Time = 696s

smoothSolver:  Solving for Ux, Initial residual = 0.00034689103, Final residual = 4.3434682e-06, No Iterations 3
smoothSolver:  Solving for Uy, Initial residual = 0.0036858364, Final residual = 0.00017723327, No Iterations 2
smoothSolver:  Solving for Uz, Initial residual = 0.0039941148, Final residual = 0.0001974009, No Iterations 2
GAMG:  Solving for p, Initial residual = 0.0070241489, Final residual = 3.9970315e-05, No Iterations 3
GAMG:  Solving for p, Initial residual = 0.00011069535, Final residual = 9.7575277e-07, No Iterations 4
time step continuity errors : sum local = 1.1593351e-05, global = 7.3046993e-07, cumulative = -0.0023051509
smoothSolver:  Solving for omega, Initial residual = 0.00033272471, Final residual = 2.7561389e-06, No Iterations 2
smoothSolver:  Solving for k, Initial residual = 0.00073057642, Final residual = 7.0895633e-06, No Iterations 2
ExecutionTime = 1054.8608 s  ClockTime = 1055 s

Time = 697s

smoothSolver:  Solving for Ux, Initial residual = 0.00034577411, Final residual = 4.3171365e-06, No Iterations 3
smoothSolver:  Solving for Uy, Initial residual = 0.0036677114, Final residual = 0.00017611463, No Iterations 2
smoothSolver:  Solving for Uz, Initial residual = 0.0039902353, Final residual = 0.00019666576, No Iterations 2
GAMG:  Solving for p, Initial residual = 0.0070394843, Final residual = 4.0739137e-05, No Iterations 3
GAMG:  Solving for p, Initial residual = 0.00011352076, Final residual = 9.3432015e-07, No Iterations 4
time step continuity errors : sum local = 1.1108641e-05, global = 6.5161078e-07, cumulative = -0.0023044993
smoothSolver:  Solving for omega, Initial residual = 0.00033403051, Final residual = 2.7907876e-06, No Iterations 2
smoothSolver:  Solving for k, Initial residual = 0.0007277056, Final residual = 7.0753492e-06, No Iterations 2
ExecutionTime = 1056.1758 s  ClockTime = 1057 s

Time = 698s

smoothSolver:  Solving for Ux, Initial residual = 0.00034417968, Final residual = 4.2842219e-06, No Iterations 3
smoothSolver:  Solving for Uy, Initial residual = 0.0036488983, Final residual = 0.00017499786, No Iterations 2
smoothSolver:  Solving for Uz, Initial residual = 0.003980047, Final residual = 0.00019583356, No Iterations 2
GAMG:  Solving for p, Initial residual = 0.0070791086, Final residual = 4.1220704e-05, No Iterations 3
GAMG:  Solving for p, Initial residual = 0.00011561486, Final residual = 8.8823268e-07, No Iterations 4
time step continuity errors : sum local = 1.0566533e-05, global = 5.6310548e-07, cumulative = -0.0023039362
smoothSolver:  Solving for omega, Initial residual = 0.0003333465, Final residual = 2.8249727e-06, No Iterations 2
smoothSolver:  Solving for k, Initial residual = 0.00072733784, Final residual = 7.0566269e-06, No Iterations 2
ExecutionTime = 1057.4893 s  ClockTime = 1058 s

Time = 699s

smoothSolver:  Solving for Ux, Initial residual = 0.00034255351, Final residual = 4.247162e-06, No Iterations 3
smoothSolver:  Solving for Uy, Initial residual = 0.003628865, Final residual = 0.00017422735, No Iterations 2
smoothSolver:  Solving for Uz, Initial residual = 0.0039654001, Final residual = 0.00019474279, No Iterations 2
GAMG:  Solving for p, Initial residual = 0.0071267837, Final residual = 4.1222937e-05, No Iterations 3
GAMG:  Solving for p, Initial residual = 0.00011678803, Final residual = 8.4245541e-07, No Iterations 4
time step continuity errors : sum local = 1.0028839e-05, global = 5.4308808e-07, cumulative = -0.0023033931
smoothSolver:  Solving for omega, Initial residual = 0.00033607686, Final residual = 2.7526731e-06, No Iterations 2
smoothSolver:  Solving for k, Initial residual = 0.000724944, Final residual = 7.0232093e-06, No Iterations 2
ExecutionTime = 1058.8047 s  ClockTime = 1059 s

Time = 700s

smoothSolver:  Solving for Ux, Initial residual = 0.00034065625, Final residual = 4.2065416e-06, No Iterations 3
smoothSolver:  Solving for Uy, Initial residual = 0.003611625, Final residual = 0.00017360706, No Iterations 2
smoothSolver:  Solving for Uz, Initial residual = 0.0039434555, Final residual = 0.00019357382, No Iterations 2
GAMG:  Solving for p, Initial residual = 0.0071573049, Final residual = 4.0987335e-05, No Iterations 3
GAMG:  Solving for p, Initial residual = 0.0001162246, Final residual = 7.9115336e-07, No Iterations 4
time step continuity errors : sum local = 9.4219373e-06, global = 4.6310439e-07, cumulative = -0.00230293
smoothSolver:  Solving for omega, Initial residual = 0.00033170797, Final residual = 2.7932871e-06, No Iterations 2
smoothSolver:  Solving for k, Initial residual = 0.00072358623, Final residual = 6.9627733e-06, No Iterations 2
ExecutionTime = 1060.3314 s  ClockTime = 1061 s

Time = 701s

smoothSolver:  Solving for Ux, Initial residual = 0.00033869301, Final residual = 4.1685183e-06, No Iterations 3
smoothSolver:  Solving for Uy, Initial residual = 0.0035944725, Final residual = 0.00017311917, No Iterations 2
smoothSolver:  Solving for Uz, Initial residual = 0.0039215743, Final residual = 0.00019233064, No Iterations 2
GAMG:  Solving for p, Initial residual = 0.0071565165, Final residual = 4.0722724e-05, No Iterations 3
GAMG:  Solving for p, Initial residual = 0.00011454958, Final residual = 7.5994617e-07, No Iterations 4
time step continuity errors : sum local = 9.0536488e-06, global = 5.6577712e-07, cumulative = -0.0023023642
smoothSolver:  Solving for omega, Initial residual = 0.00033579728, Final residual = 2.8337524e-06, No Iterations 2
smoothSolver:  Solving for k, Initial residual = 0.0007193258, Final residual = 6.9603391e-06, No Iterations 2
ExecutionTime = 1061.7076 s  ClockTime = 1062 s

Time = 702s

smoothSolver:  Solving for Ux, Initial residual = 0.00033711379, Final residual = 4.1358371e-06, No Iterations 3
smoothSolver:  Solving for Uy, Initial residual = 0.0035753966, Final residual = 0.00017223123, No Iterations 2
smoothSolver:  Solving for Uz, Initial residual = 0.0039038902, Final residual = 0.00019113093, No Iterations 2
GAMG:  Solving for p, Initial residual = 0.0071450335, Final residual = 4.0546952e-05, No Iterations 3
GAMG:  Solving for p, Initial residual = 0.0001118139, Final residual = 7.2171936e-07, No Iterations 4
time step continuity errors : sum local = 8.598875e-06, global = 4.8908358e-07, cumulative = -0.0023018751
smoothSolver:  Solving for omega, Initial residual = 0.0003337045, Final residual = 2.803303e-06, No Iterations 2
smoothSolver:  Solving for k, Initial residual = 0.00071749868, Final residual = 6.9036262e-06, No Iterations 2
ExecutionTime = 1063.0302 s  ClockTime = 1064 s

Time = 703s

smoothSolver:  Solving for Ux, Initial residual = 0.00033572334, Final residual = 4.112266e-06, No Iterations 3
smoothSolver:  Solving for Uy, Initial residual = 0.0035539232, Final residual = 0.00017110028, No Iterations 2
smoothSolver:  Solving for Uz, Initial residual = 0.0038877952, Final residual = 0.00018968924, No Iterations 2
GAMG:  Solving for p, Initial residual = 0.0071385352, Final residual = 4.0569362e-05, No Iterations 3
GAMG:  Solving for p, Initial residual = 0.00010971843, Final residual = 7.6316417e-07, No Iterations 4
time step continuity errors : sum local = 9.0934404e-06, global = 3.0800425e-07, cumulative = -0.0023015671
smoothSolver:  Solving for omega, Initial residual = 0.00033407182, Final residual = 2.7631327e-06, No Iterations 2
smoothSolver:  Solving for k, Initial residual = 0.00071396067, Final residual = 6.8804032e-06, No Iterations 2
ExecutionTime = 1064.3783 s  ClockTime = 1065 s

Time = 704s

smoothSolver:  Solving for Ux, Initial residual = 0.00033481805, Final residual = 1.6734361e-05, No Iterations 2
smoothSolver:  Solving for Uy, Initial residual = 0.0035359885, Final residual = 0.0001697651, No Iterations 2
smoothSolver:  Solving for Uz, Initial residual = 0.0038710319, Final residual = 0.00018828537, No Iterations 2
GAMG:  Solving for p, Initial residual = 0.0071021428, Final residual = 4.0719748e-05, No Iterations 3
GAMG:  Solving for p, Initial residual = 0.00010709498, Final residual = 7.2921815e-07, No Iterations 4
time step continuity errors : sum local = 8.6874766e-06, global = 1.290741e-07, cumulative = -0.002301438
smoothSolver:  Solving for omega, Initial residual = 0.00033121863, Final residual = 2.7764432e-06, No Iterations 2
smoothSolver:  Solving for k, Initial residual = 0.00071175607, Final residual = 6.8442752e-06, No Iterations 2
ExecutionTime = 1065.7644 s  ClockTime = 1066 s

Time = 705s

smoothSolver:  Solving for Ux, Initial residual = 0.0003352224, Final residual = 4.1060129e-06, No Iterations 3
smoothSolver:  Solving for Uy, Initial residual = 0.0035044945, Final residual = 0.00016767076, No Iterations 2
smoothSolver:  Solving for Uz, Initial residual = 0.0038369287, Final residual = 0.00018581007, No Iterations 2
GAMG:  Solving for p, Initial residual = 0.0072125812, Final residual = 4.1311472e-05, No Iterations 3
GAMG:  Solving for p, Initial residual = 0.00010851649, Final residual = 7.957909e-07, No Iterations 4
time step continuity errors : sum local = 9.4800285e-06, global = 8.3478942e-08, cumulative = -0.0023013546
smoothSolver:  Solving for omega, Initial residual = 0.00033522524, Final residual = 2.7999644e-06, No Iterations 2
smoothSolver:  Solving for k, Initial residual = 0.00071055502, Final residual = 6.8410894e-06, No Iterations 2
ExecutionTime = 1067.4205 s  ClockTime = 1068 s

Time = 706s

smoothSolver:  Solving for Ux, Initial residual = 0.00033378489, Final residual = 1.6673442e-05, No Iterations 2
smoothSolver:  Solving for Uy, Initial residual = 0.0035055515, Final residual = 0.00016714891, No Iterations 2
smoothSolver:  Solving for Uz, Initial residual = 0.0038290116, Final residual = 0.0001848986, No Iterations 2
GAMG:  Solving for p, Initial residual = 0.0071769656, Final residual = 4.2057146e-05, No Iterations 3
GAMG:  Solving for p, Initial residual = 0.00010839455, Final residual = 7.9156822e-07, No Iterations 4
time step continuity errors : sum local = 9.4288887e-06, global = 1.9783118e-07, cumulative = -0.0023011567
smoothSolver:  Solving for omega, Initial residual = 0.00033283643, Final residual = 2.8230486e-06, No Iterations 2
smoothSolver:  Solving for k, Initial residual = 0.00071033883, Final residual = 6.8016063e-06, No Iterations 2
ExecutionTime = 1068.8359 s  ClockTime = 1069 s

Time = 707s

smoothSolver:  Solving for Ux, Initial residual = 0.00033388834, Final residual = 4.0899229e-06, No Iterations 3
smoothSolver:  Solving for Uy, Initial residual = 0.0034892124, Final residual = 0.00016596566, No Iterations 2
smoothSolver:  Solving for Uz, Initial residual = 0.00379137, Final residual = 0.00018253384, No Iterations 2
GAMG:  Solving for p, Initial residual = 0.0072842024, Final residual = 4.2873375e-05, No Iterations 3
GAMG:  Solving for p, Initial residual = 0.00011147043, Final residual = 8.5242904e-07, No Iterations 4
time step continuity errors : sum local = 1.015727e-05, global = 1.316722e-07, cumulative = -0.0023010251
smoothSolver:  Solving for omega, Initial residual = 0.00033664965, Final residual = 2.8356428e-06, No Iterations 2
smoothSolver:  Solving for k, Initial residual = 0.00070853719, Final residual = 6.7951002e-06, No Iterations 2
ExecutionTime = 1070.4365 s  ClockTime = 1071 s

Time = 708s

smoothSolver:  Solving for Ux, Initial residual = 0.00033238026, Final residual = 1.6584988e-05, No Iterations 2
smoothSolver:  Solving for Uy, Initial residual = 0.0035032148, Final residual = 0.00016649863, No Iterations 2
smoothSolver:  Solving for Uz, Initial residual = 0.0037769761, Final residual = 0.00018173908, No Iterations 2
GAMG:  Solving for p, Initial residual = 0.0072026837, Final residual = 4.3266166e-05, No Iterations 3
GAMG:  Solving for p, Initial residual = 0.00011195222, Final residual = 8.9021948e-07, No Iterations 4
time step continuity errors : sum local = 1.0610202e-05, global = 1.1235488e-07, cumulative = -0.0023009127
smoothSolver:  Solving for omega, Initial residual = 0.00033295963, Final residual = 2.7602449e-06, No Iterations 2
smoothSolver:  Solving for k, Initial residual = 0.00070818242, Final residual = 6.7350945e-06, No Iterations 2
ExecutionTime = 1071.9087 s  ClockTime = 1072 s

Time = 709s

smoothSolver:  Solving for Ux, Initial residual = 0.00033209308, Final residual = 1.6591823e-05, No Iterations 2
smoothSolver:  Solving for Uy, Initial residual = 0.0034940743, Final residual = 0.0001662402, No Iterations 2
smoothSolver:  Solving for Uz, Initial residual = 0.0037344014, Final residual = 0.00017963832, No Iterations 2
GAMG:  Solving for p, Initial residual = 0.007181215, Final residual = 4.3387364e-05, No Iterations 3
GAMG:  Solving for p, Initial residual = 0.0001127259, Final residual = 9.1739253e-07, No Iterations 4
time step continuity errors : sum local = 1.0940327e-05, global = 4.1047227e-08, cumulative = -0.0023008717
smoothSolver:  Solving for omega, Initial residual = 0.00033245634, Final residual = 2.7690439e-06, No Iterations 2
smoothSolver:  Solving for k, Initial residual = 0.00070533849, Final residual = 6.7128706e-06, No Iterations 2
ExecutionTime = 1073.4924 s  ClockTime = 1074 s

Time = 710s

smoothSolver:  Solving for Ux, Initial residual = 0.00033176137, Final residual = 1.6553934e-05, No Iterations 2
smoothSolver:  Solving for Uy, Initial residual = 0.0034935833, Final residual = 0.00016646296, No Iterations 2
smoothSolver:  Solving for Uz, Initial residual = 0.0037026288, Final residual = 0.00017830947, No Iterations 2
GAMG:  Solving for p, Initial residual = 0.0071415648, Final residual = 4.3261382e-05, No Iterations 3
GAMG:  Solving for p, Initial residual = 0.00011239902, Final residual = 9.3107325e-07, No Iterations 4
time step continuity errors : sum local = 1.1107582e-05, global = 2.2906183e-07, cumulative = -0.0023006426
smoothSolver:  Solving for omega, Initial residual = 0.0003310626, Final residual = 2.7976073e-06, No Iterations 2
smoothSolver:  Solving for k, Initial residual = 0.00070527087, Final residual = 6.6830498e-06, No Iterations 2
ExecutionTime = 1075.0384 s  ClockTime = 1076 s

Time = 711s

smoothSolver:  Solving for Ux, Initial residual = 0.00033153793, Final residual = 1.6517824e-05, No Iterations 2
smoothSolver:  Solving for Uy, Initial residual = 0.0034915311, Final residual = 0.00016654133, No Iterations 2
smoothSolver:  Solving for Uz, Initial residual = 0.0036792983, Final residual = 0.00017725776, No Iterations 2
GAMG:  Solving for p, Initial residual = 0.0071246196, Final residual = 4.29447e-05, No Iterations 3
GAMG:  Solving for p, Initial residual = 0.0001107744, Final residual = 9.562609e-07, No Iterations 4
time step continuity errors : sum local = 1.1413691e-05, global = 2.478483e-07, cumulative = -0.0023003947
smoothSolver:  Solving for omega, Initial residual = 0.00033438875, Final residual = 2.7922506e-06, No Iterations 2
smoothSolver:  Solving for k, Initial residual = 0.00070438853, Final residual = 6.6721575e-06, No Iterations 2
ExecutionTime = 1076.5778 s  ClockTime = 1077 s

Time = 712s

smoothSolver:  Solving for Ux, Initial residual = 0.00033118677, Final residual = 1.6491328e-05, No Iterations 2
smoothSolver:  Solving for Uy, Initial residual = 0.00348635, Final residual = 0.00016617124, No Iterations 2
smoothSolver:  Solving for Uz, Initial residual = 0.0036614071, Final residual = 0.00017628646, No Iterations 2
GAMG:  Solving for p, Initial residual = 0.0071399675, Final residual = 4.2717715e-05, No Iterations 3
GAMG:  Solving for p, Initial residual = 0.00010847601, Final residual = 9.4284483e-07, No Iterations 4
time step continuity errors : sum local = 1.1256093e-05, global = 3.6493469e-07, cumulative = -0.0023000298
smoothSolver:  Solving for omega, Initial residual = 0.00033168983, Final residual = 2.7940787e-06, No Iterations 2
smoothSolver:  Solving for k, Initial residual = 0.00070467552, Final residual = 6.6273186e-06, No Iterations 2
ExecutionTime = 1077.8453 s  ClockTime = 1078 s

Time = 713s

smoothSolver:  Solving for Ux, Initial residual = 0.0003310728, Final residual = 1.6487554e-05, No Iterations 2
smoothSolver:  Solving for Uy, Initial residual = 0.0034745622, Final residual = 0.00016549888, No Iterations 2
smoothSolver:  Solving for Uz, Initial residual = 0.0036455743, Final residual = 0.00017523159, No Iterations 2
GAMG:  Solving for p, Initial residual = 0.0071488518, Final residual = 4.2613601e-05, No Iterations 3
GAMG:  Solving for p, Initial residual = 0.00010604515, Final residual = 9.443938e-07, No Iterations 4
time step continuity errors : sum local = 1.1279049e-05, global = 4.4192395e-07, cumulative = -0.0022995879
smoothSolver:  Solving for omega, Initial residual = 0.00033649762, Final residual = 2.8491065e-06, No Iterations 2
smoothSolver:  Solving for k, Initial residual = 0.00070335778, Final residual = 6.6521853e-06, No Iterations 2
ExecutionTime = 1079.0227 s  ClockTime = 1080 s

Time = 714s

smoothSolver:  Solving for Ux, Initial residual = 0.0003309193, Final residual = 1.6503064e-05, No Iterations 2
smoothSolver:  Solving for Uy, Initial residual = 0.0034598651, Final residual = 0.00016455118, No Iterations 2
smoothSolver:  Solving for Uz, Initial residual = 0.0036291055, Final residual = 0.00017419616, No Iterations 2
GAMG:  Solving for p, Initial residual = 0.0071544953, Final residual = 4.2647858e-05, No Iterations 3
GAMG:  Solving for p, Initial residual = 0.00010458739, Final residual = 9.348297e-07, No Iterations 4
time step continuity errors : sum local = 1.1167323e-05, global = 3.8939105e-07, cumulative = -0.0022991985
smoothSolver:  Solving for omega, Initial residual = 0.00033408957, Final residual = 2.8022273e-06, No Iterations 2
smoothSolver:  Solving for k, Initial residual = 0.00070366395, Final residual = 6.58292e-06, No Iterations 2
ExecutionTime = 1080.2198 s  ClockTime = 1081 s

Time = 715s

smoothSolver:  Solving for Ux, Initial residual = 0.000330835, Final residual = 1.6531404e-05, No Iterations 2
smoothSolver:  Solving for Uy, Initial residual = 0.0034426927, Final residual = 0.00016351594, No Iterations 2
smoothSolver:  Solving for Uz, Initial residual = 0.0036165395, Final residual = 0.0001731995, No Iterations 2
GAMG:  Solving for p, Initial residual = 0.0071295357, Final residual = 4.2601939e-05, No Iterations 3
GAMG:  Solving for p, Initial residual = 0.0001048697, Final residual = 9.4727382e-07, No Iterations 4
time step continuity errors : sum local = 1.1320768e-05, global = 3.8033933e-07, cumulative = -0.0022988182
smoothSolver:  Solving for omega, Initial residual = 0.0003318294, Final residual = 2.7344709e-06, No Iterations 2
smoothSolver:  Solving for k, Initial residual = 0.00070204391, Final residual = 6.5744963e-06, No Iterations 2
ExecutionTime = 1081.512 s  ClockTime = 1082 s

Time = 716s

smoothSolver:  Solving for Ux, Initial residual = 0.00033054059, Final residual = 4.0623337e-06, No Iterations 3
smoothSolver:  Solving for Uy, Initial residual = 0.0034297316, Final residual = 0.00016254692, No Iterations 2
smoothSolver:  Solving for Uz, Initial residual = 0.0036023445, Final residual = 0.00017238505, No Iterations 2
GAMG:  Solving for p, Initial residual = 0.0071401025, Final residual = 4.3277006e-05, No Iterations 3
GAMG:  Solving for p, Initial residual = 0.00010884131, Final residual = 9.8953361e-07, No Iterations 4
time step continuity errors : sum local = 1.1830563e-05, global = 4.7747637e-07, cumulative = -0.0022983407
smoothSolver:  Solving for omega, Initial residual = 0.00033010851, Final residual = 2.7566208e-06, No Iterations 2
smoothSolver:  Solving for k, Initial residual = 0.00070393304, Final residual = 6.5718668e-06, No Iterations 2
ExecutionTime = 1082.7855 s  ClockTime = 1083 s

Time = 717s

smoothSolver:  Solving for Ux, Initial residual = 0.00032883831, Final residual = 4.0422799e-06, No Iterations 3
smoothSolver:  Solving for Uy, Initial residual = 0.0034312114, Final residual = 0.00016265142, No Iterations 2
smoothSolver:  Solving for Uz, Initial residual = 0.0036070959, Final residual = 0.00017272853, No Iterations 2
GAMG:  Solving for p, Initial residual = 0.0070483709, Final residual = 4.2640617e-05, No Iterations 3
GAMG:  Solving for p, Initial residual = 0.00011167044, Final residual = 1.0237475e-06, No Iterations 4
time step continuity errors : sum local = 1.2246501e-05, global = 4.8909744e-07, cumulative = -0.0022978516
smoothSolver:  Solving for omega, Initial residual = 0.00033490969, Final residual = 2.817611e-06, No Iterations 2
smoothSolver:  Solving for k, Initial residual = 0.00070253038, Final residual = 6.4841738e-06, No Iterations 2
ExecutionTime = 1084.2455 s  ClockTime = 1085 s

Time = 718s

smoothSolver:  Solving for Ux, Initial residual = 0.00032712319, Final residual = 4.0280178e-06, No Iterations 3
smoothSolver:  Solving for Uy, Initial residual = 0.0034227366, Final residual = 0.00016235566, No Iterations 2
smoothSolver:  Solving for Uz, Initial residual = 0.0035936612, Final residual = 0.00017244684, No Iterations 2
GAMG:  Solving for p, Initial residual = 0.0069650312, Final residual = 4.2258924e-05, No Iterations 3
GAMG:  Solving for p, Initial residual = 0.00011444329, Final residual = 1.0200741e-06, No Iterations 4
time step continuity errors : sum local = 1.220792e-05, global = 4.9176845e-07, cumulative = -0.0022973598
smoothSolver:  Solving for omega, Initial residual = 0.00033275561, Final residual = 2.8241677e-06, No Iterations 2
smoothSolver:  Solving for k, Initial residual = 0.00070219506, Final residual = 6.4492835e-06, No Iterations 2
ExecutionTime = 1085.8952 s  ClockTime = 1086 s

Time = 719s

smoothSolver:  Solving for Ux, Initial residual = 0.00032572494, Final residual = 4.0111605e-06, No Iterations 3
smoothSolver:  Solving for Uy, Initial residual = 0.0034125625, Final residual = 0.00016226519, No Iterations 2
smoothSolver:  Solving for Uz, Initial residual = 0.0035775872, Final residual = 0.00017229989, No Iterations 2
GAMG:  Solving for p, Initial residual = 0.006889382, Final residual = 4.1804837e-05, No Iterations 3
GAMG:  Solving for p, Initial residual = 0.00011653426, Final residual = 9.9944566e-07, No Iterations 4
time step continuity errors : sum local = 1.1967329e-05, global = 1.9411071e-07, cumulative = -0.0022971657
smoothSolver:  Solving for omega, Initial residual = 0.00033609581, Final residual = 2.8159525e-06, No Iterations 2
smoothSolver:  Solving for k, Initial residual = 0.00069880257, Final residual = 6.3870818e-06, No Iterations 2
ExecutionTime = 1087.5087 s  ClockTime = 1088 s

Time = 720s

smoothSolver:  Solving for Ux, Initial residual = 0.0003245154, Final residual = 3.9952522e-06, No Iterations 3
smoothSolver:  Solving for Uy, Initial residual = 0.0034038902, Final residual = 0.00016215684, No Iterations 2
smoothSolver:  Solving for Uz, Initial residual = 0.0035651925, Final residual = 0.00017213703, No Iterations 2
GAMG:  Solving for p, Initial residual = 0.006825416, Final residual = 4.1004847e-05, No Iterations 3
GAMG:  Solving for p, Initial residual = 0.0001168882, Final residual = 9.5636177e-07, No Iterations 4
time step continuity errors : sum local = 1.1453814e-05, global = 4.3037357e-08, cumulative = -0.0022971227
smoothSolver:  Solving for omega, Initial residual = 0.00033141408, Final residual = 2.7476247e-06, No Iterations 2
smoothSolver:  Solving for k, Initial residual = 0.00069659674, Final residual = 6.3165227e-06, No Iterations 2
ExecutionTime = 1089.1105 s  ClockTime = 1090 s

Time = 721s

smoothSolver:  Solving for Ux, Initial residual = 0.00032336497, Final residual = 3.9811218e-06, No Iterations 3
smoothSolver:  Solving for Uy, Initial residual = 0.0033931336, Final residual = 0.00016195538, No Iterations 2
smoothSolver:  Solving for Uz, Initial residual = 0.0035563347, Final residual = 0.00017206007, No Iterations 2
GAMG:  Solving for p, Initial residual = 0.006794778, Final residual = 4.026819e-05, No Iterations 3
GAMG:  Solving for p, Initial residual = 0.000116083, Final residual = 9.1855554e-07, No Iterations 4
time step continuity errors : sum local = 1.1003141e-05, global = -1.3590576e-07, cumulative = -0.0022972586
smoothSolver:  Solving for omega, Initial residual = 0.00033259585, Final residual = 2.7574873e-06, No Iterations 2
smoothSolver:  Solving for k, Initial residual = 0.00069222903, Final residual = 6.2570951e-06, No Iterations 2
ExecutionTime = 1090.4227 s  ClockTime = 1091 s

Time = 722s

smoothSolver:  Solving for Ux, Initial residual = 0.00032264796, Final residual = 3.9721772e-06, No Iterations 3
smoothSolver:  Solving for Uy, Initial residual = 0.0033826449, Final residual = 0.00016144973, No Iterations 2
smoothSolver:  Solving for Uz, Initial residual = 0.0035510719, Final residual = 0.00017173297, No Iterations 2
GAMG:  Solving for p, Initial residual = 0.006773077, Final residual = 3.9790223e-05, No Iterations 3
GAMG:  Solving for p, Initial residual = 0.00011443333, Final residual = 8.7693668e-07, No Iterations 4
time step continuity errors : sum local = 1.050345e-05, global = -1.2748724e-07, cumulative = -0.0022973861
smoothSolver:  Solving for omega, Initial residual = 0.00033102366, Final residual = 2.7993263e-06, No Iterations 2
smoothSolver:  Solving for k, Initial residual = 0.00068930753, Final residual = 6.2173431e-06, No Iterations 2
ExecutionTime = 1091.9301 s  ClockTime = 1092 s

Time = 723s

smoothSolver:  Solving for Ux, Initial residual = 0.00032200596, Final residual = 3.9661439e-06, No Iterations 3
smoothSolver:  Solving for Uy, Initial residual = 0.0033714906, Final residual = 0.0001605755, No Iterations 2
smoothSolver:  Solving for Uz, Initial residual = 0.0035487067, Final residual = 0.00017118063, No Iterations 2
GAMG:  Solving for p, Initial residual = 0.0067615561, Final residual = 3.9854951e-05, No Iterations 3
GAMG:  Solving for p, Initial residual = 0.00011288613, Final residual = 8.5600621e-07, No Iterations 4
time step continuity errors : sum local = 1.0252768e-05, global = -3.5252419e-07, cumulative = -0.0022977386
smoothSolver:  Solving for omega, Initial residual = 0.00033355217, Final residual = 2.7545813e-06, No Iterations 2
smoothSolver:  Solving for k, Initial residual = 0.00068574169, Final residual = 6.1676106e-06, No Iterations 2
ExecutionTime = 1093.3813 s  ClockTime = 1094 s

Time = 724s

smoothSolver:  Solving for Ux, Initial residual = 0.0003217034, Final residual = 3.9638336e-06, No Iterations 3
smoothSolver:  Solving for Uy, Initial residual = 0.003361938, Final residual = 0.00015947657, No Iterations 2
smoothSolver:  Solving for Uz, Initial residual = 0.0035445345, Final residual = 0.0001703896, No Iterations 2
GAMG:  Solving for p, Initial residual = 0.0067696907, Final residual = 4.0253368e-05, No Iterations 3
GAMG:  Solving for p, Initial residual = 0.00011252473, Final residual = 8.4255423e-07, No Iterations 4
time step continuity errors : sum local = 1.0087248e-05, global = -3.7507761e-07, cumulative = -0.0022981137
smoothSolver:  Solving for omega, Initial residual = 0.00032893269, Final residual = 2.7399298e-06, No Iterations 2
smoothSolver:  Solving for k, Initial residual = 0.00068415159, Final residual = 6.1181309e-06, No Iterations 2
ExecutionTime = 1094.6906 s  ClockTime = 1095 s

Time = 725s

smoothSolver:  Solving for Ux, Initial residual = 0.00032126727, Final residual = 3.9599404e-06, No Iterations 3
smoothSolver:  Solving for Uy, Initial residual = 0.003353592, Final residual = 0.00015822543, No Iterations 2
smoothSolver:  Solving for Uz, Initial residual = 0.003541117, Final residual = 0.00016953604, No Iterations 2
GAMG:  Solving for p, Initial residual = 0.0068049591, Final residual = 4.0956391e-05, No Iterations 3
GAMG:  Solving for p, Initial residual = 0.00011338625, Final residual = 8.6975048e-07, No Iterations 4
time step continuity errors : sum local = 1.0409844e-05, global = -3.9928235e-07, cumulative = -0.0022985129
smoothSolver:  Solving for omega, Initial residual = 0.00033458905, Final residual = 2.7736647e-06, No Iterations 2
smoothSolver:  Solving for k, Initial residual = 0.00068075563, Final residual = 6.0735186e-06, No Iterations 2
ExecutionTime = 1095.967 s  ClockTime = 1096 s

Time = 726s

smoothSolver:  Solving for Ux, Initial residual = 0.00032088561, Final residual = 3.954871e-06, No Iterations 3
smoothSolver:  Solving for Uy, Initial residual = 0.0033464649, Final residual = 0.00015730603, No Iterations 2
smoothSolver:  Solving for Uz, Initial residual = 0.0035364727, Final residual = 0.00016862474, No Iterations 2
GAMG:  Solving for p, Initial residual = 0.0068640145, Final residual = 4.1768487e-05, No Iterations 3
GAMG:  Solving for p, Initial residual = 0.00011490075, Final residual = 9.1809567e-07, No Iterations 4
time step continuity errors : sum local = 1.0980937e-05, global = -4.9115987e-07, cumulative = -0.0022990041
smoothSolver:  Solving for omega, Initial residual = 0.00033336968, Final residual = 2.8311806e-06, No Iterations 2
smoothSolver:  Solving for k, Initial residual = 0.00067900874, Final residual = 6.0030798e-06, No Iterations 2
ExecutionTime = 1097.2497 s  ClockTime = 1098 s

Time = 727s

smoothSolver:  Solving for Ux, Initial residual = 0.00032019169, Final residual = 3.9461476e-06, No Iterations 3
smoothSolver:  Solving for Uy, Initial residual = 0.0033397423, Final residual = 0.00015653341, No Iterations 2
smoothSolver:  Solving for Uz, Initial residual = 0.0035273282, Final residual = 0.0001680056, No Iterations 2
GAMG:  Solving for p, Initial residual = 0.0068975279, Final residual = 4.2366761e-05, No Iterations 3
GAMG:  Solving for p, Initial residual = 0.00011575268, Final residual = 9.8015901e-07, No Iterations 4
time step continuity errors : sum local = 1.1717682e-05, global = -6.682905e-07, cumulative = -0.0022996724
smoothSolver:  Solving for omega, Initial residual = 0.00033331463, Final residual = 2.7726442e-06, No Iterations 2
smoothSolver:  Solving for k, Initial residual = 0.00068003252, Final residual = 6.0475956e-06, No Iterations 2
ExecutionTime = 1098.5715 s  ClockTime = 1099 s

Time = 728s

smoothSolver:  Solving for Ux, Initial residual = 0.00031978007, Final residual = 3.9350771e-06, No Iterations 3
smoothSolver:  Solving for Uy, Initial residual = 0.0033365532, Final residual = 0.00015600383, No Iterations 2
smoothSolver:  Solving for Uz, Initial residual = 0.0035176363, Final residual = 0.0001674692, No Iterations 2
GAMG:  Solving for p, Initial residual = 0.0069326319, Final residual = 4.289542e-05, No Iterations 3
GAMG:  Solving for p, Initial residual = 0.00011569246, Final residual = 1.0131769e-06, No Iterations 4
time step continuity errors : sum local = 1.2105049e-05, global = -8.7046737e-07, cumulative = -0.0023005429
smoothSolver:  Solving for omega, Initial residual = 0.00032907473, Final residual = 2.7372099e-06, No Iterations 2
smoothSolver:  Solving for k, Initial residual = 0.00067724182, Final residual = 5.9227157e-06, No Iterations 2
ExecutionTime = 1099.8853 s  ClockTime = 1100 s

Time = 729s

smoothSolver:  Solving for Ux, Initial residual = 0.00031940778, Final residual = 3.9219912e-06, No Iterations 3
smoothSolver:  Solving for Uy, Initial residual = 0.0033271648, Final residual = 0.00015509705, No Iterations 2
smoothSolver:  Solving for Uz, Initial residual = 0.0035057594, Final residual = 0.00016682518, No Iterations 2
GAMG:  Solving for p, Initial residual = 0.006972066, Final residual = 4.3370157e-05, No Iterations 3
GAMG:  Solving for p, Initial residual = 0.00011447736, Final residual = 1.0296079e-06, No Iterations 4
time step continuity errors : sum local = 1.2296568e-05, global = -7.9407439e-07, cumulative = -0.0023013369
smoothSolver:  Solving for omega, Initial residual = 0.00033363074, Final residual = 2.7916125e-06, No Iterations 2
smoothSolver:  Solving for k, Initial residual = 0.00067518961, Final residual = 5.9538215e-06, No Iterations 2
ExecutionTime = 1101.2674 s  ClockTime = 1102 s

Time = 730s

smoothSolver:  Solving for Ux, Initial residual = 0.00031908892, Final residual = 3.9100895e-06, No Iterations 3
smoothSolver:  Solving for Uy, Initial residual = 0.0033171265, Final residual = 0.0001543459, No Iterations 2
smoothSolver:  Solving for Uz, Initial residual = 0.0034938722, Final residual = 0.00016622043, No Iterations 2
GAMG:  Solving for p, Initial residual = 0.0070141738, Final residual = 4.3526282e-05, No Iterations 3
GAMG:  Solving for p, Initial residual = 0.00011259818, Final residual = 1.0199258e-06, No Iterations 4
time step continuity errors : sum local = 1.2176378e-05, global = -8.1730361e-07, cumulative = -0.0023021542
smoothSolver:  Solving for omega, Initial residual = 0.00033225272, Final residual = 2.8512088e-06, No Iterations 2
smoothSolver:  Solving for k, Initial residual = 0.00067331028, Final residual = 5.8144045e-06, No Iterations 2
ExecutionTime = 1102.8608 s  ClockTime = 1103 s

Time = 731s

smoothSolver:  Solving for Ux, Initial residual = 0.00031897824, Final residual = 3.8988642e-06, No Iterations 3
smoothSolver:  Solving for Uy, Initial residual = 0.0033003525, Final residual = 0.00015311678, No Iterations 2
smoothSolver:  Solving for Uz, Initial residual = 0.0034839449, Final residual = 0.00016556675, No Iterations 2
GAMG:  Solving for p, Initial residual = 0.0070496255, Final residual = 4.3697123e-05, No Iterations 3
GAMG:  Solving for p, Initial residual = 0.00011009643, Final residual = 9.9602756e-07, No Iterations 4
time step continuity errors : sum local = 1.1889664e-05, global = -7.0046715e-07, cumulative = -0.0023028547
smoothSolver:  Solving for omega, Initial residual = 0.00033511585, Final residual = 2.7763282e-06, No Iterations 2
smoothSolver:  Solving for k, Initial residual = 0.00066783818, Final residual = 5.8073334e-06, No Iterations 2
ExecutionTime = 1104.4837 s  ClockTime = 1105 s

Time = 732s

smoothSolver:  Solving for Ux, Initial residual = 0.00031897636, Final residual = 1.593308e-05, No Iterations 2
smoothSolver:  Solving for Uy, Initial residual = 0.003281233, Final residual = 0.0001516725, No Iterations 2
smoothSolver:  Solving for Uz, Initial residual = 0.0034739533, Final residual = 0.00016477518, No Iterations 2
GAMG:  Solving for p, Initial residual = 0.0070452937, Final residual = 4.344185e-05, No Iterations 3
GAMG:  Solving for p, Initial residual = 0.00010664759, Final residual = 9.733027e-07, No Iterations 4
time step continuity errors : sum local = 1.161901e-05, global = -5.1610121e-07, cumulative = -0.0023033708
smoothSolver:  Solving for omega, Initial residual = 0.0003311457, Final residual = 2.7569512e-06, No Iterations 2
smoothSolver:  Solving for k, Initial residual = 0.00066620564, Final residual = 5.7590262e-06, No Iterations 2
ExecutionTime = 1106.0661 s  ClockTime = 1107 s

Time = 733s

smoothSolver:  Solving for Ux, Initial residual = 0.00032034389, Final residual = 1.6004698e-05, No Iterations 2
smoothSolver:  Solving for Uy, Initial residual = 0.0032458561, Final residual = 0.00014941786, No Iterations 2
smoothSolver:  Solving for Uz, Initial residual = 0.0034500306, Final residual = 0.00016318129, No Iterations 2
GAMG:  Solving for p, Initial residual = 0.0071016305, Final residual = 4.3925374e-05, No Iterations 3
GAMG:  Solving for p, Initial residual = 0.00010592316, Final residual = 9.3678588e-07, No Iterations 4
time step continuity errors : sum local = 1.118903e-05, global = -4.9956316e-07, cumulative = -0.0023038704
smoothSolver:  Solving for omega, Initial residual = 0.00033272912, Final residual = 2.7881526e-06, No Iterations 2
smoothSolver:  Solving for k, Initial residual = 0.00066469882, Final residual = 5.7400193e-06, No Iterations 2
ExecutionTime = 1107.5218 s  ClockTime = 1108 s

Time = 734s

smoothSolver:  Solving for Ux, Initial residual = 0.00032133125, Final residual = 1.605514e-05, No Iterations 2
smoothSolver:  Solving for Uy, Initial residual = 0.0032200891, Final residual = 0.00014768117, No Iterations 2
smoothSolver:  Solving for Uz, Initial residual = 0.0034403563, Final residual = 0.00016211225, No Iterations 2
GAMG:  Solving for p, Initial residual = 0.0071222835, Final residual = 4.4594638e-05, No Iterations 3
GAMG:  Solving for p, Initial residual = 0.00010590142, Final residual = 9.328148e-07, No Iterations 4
time step continuity errors : sum local = 1.1145962e-05, global = -3.3345103e-07, cumulative = -0.0023042038
smoothSolver:  Solving for omega, Initial residual = 0.00033164453, Final residual = 2.8334986e-06, No Iterations 2
smoothSolver:  Solving for k, Initial residual = 0.00066397428, Final residual = 5.6840322e-06, No Iterations 2
ExecutionTime = 1108.9698 s  ClockTime = 1109 s

Time = 735s

smoothSolver:  Solving for Ux, Initial residual = 0.00032235566, Final residual = 1.6104609e-05, No Iterations 2
smoothSolver:  Solving for Uy, Initial residual = 0.0032015816, Final residual = 0.00014639236, No Iterations 2
smoothSolver:  Solving for Uz, Initial residual = 0.0034350034, Final residual = 0.00016119249, No Iterations 2
GAMG:  Solving for p, Initial residual = 0.0071225918, Final residual = 4.5545353e-05, No Iterations 3
GAMG:  Solving for p, Initial residual = 0.00010647048, Final residual = 9.1499478e-07, No Iterations 4
time step continuity errors : sum local = 1.0941022e-05, global = -3.8322992e-07, cumulative = -0.002304587
smoothSolver:  Solving for omega, Initial residual = 0.00033395914, Final residual = 2.7355916e-06, No Iterations 2
smoothSolver:  Solving for k, Initial residual = 0.0006627147, Final residual = 5.6814362e-06, No Iterations 2
ExecutionTime = 1110.3613 s  ClockTime = 1111 s

Time = 736s

smoothSolver:  Solving for Ux, Initial residual = 0.00032327782, Final residual = 3.9612499e-06, No Iterations 3
smoothSolver:  Solving for Uy, Initial residual = 0.003191942, Final residual = 0.00014559579, No Iterations 2
smoothSolver:  Solving for Uz, Initial residual = 0.0034280832, Final residual = 0.00016035333, No Iterations 2
GAMG:  Solving for p, Initial residual = 0.0071523273, Final residual = 4.7302269e-05, No Iterations 3
GAMG:  Solving for p, Initial residual = 0.00010975414, Final residual = 9.5196791e-07, No Iterations 4
time step continuity errors : sum local = 1.1389597e-05, global = -3.1441884e-07, cumulative = -0.0023049015
smoothSolver:  Solving for omega, Initial residual = 0.00032969724, Final residual = 2.7598516e-06, No Iterations 2
smoothSolver:  Solving for k, Initial residual = 0.00066261196, Final residual = 5.6124073e-06, No Iterations 2
ExecutionTime = 1111.6485 s  ClockTime = 1112 s

Time = 737s

smoothSolver:  Solving for Ux, Initial residual = 0.00032291448, Final residual = 1.6141631e-05, No Iterations 2
smoothSolver:  Solving for Uy, Initial residual = 0.003200768, Final residual = 0.000146038, No Iterations 2
smoothSolver:  Solving for Uz, Initial residual = 0.003438103, Final residual = 0.00016052517, No Iterations 2
GAMG:  Solving for p, Initial residual = 0.0070542353, Final residual = 4.7176859e-05, No Iterations 3
GAMG:  Solving for p, Initial residual = 0.00010874773, Final residual = 9.6702513e-07, No Iterations 4
time step continuity errors : sum local = 1.1577132e-05, global = -1.1747722e-07, cumulative = -0.0023050189
smoothSolver:  Solving for omega, Initial residual = 0.0003353284, Final residual = 2.830342e-06, No Iterations 2
smoothSolver:  Solving for k, Initial residual = 0.00066048855, Final residual = 5.5952117e-06, No Iterations 2
ExecutionTime = 1113.0025 s  ClockTime = 1114 s

Time = 738s

smoothSolver:  Solving for Ux, Initial residual = 0.00032410946, Final residual = 3.9868879e-06, No Iterations 3
smoothSolver:  Solving for Uy, Initial residual = 0.003193783, Final residual = 0.00014596478, No Iterations 2
smoothSolver:  Solving for Uz, Initial residual = 0.0034131759, Final residual = 0.00015908264, No Iterations 2
GAMG:  Solving for p, Initial residual = 0.0071102052, Final residual = 4.8132589e-05, No Iterations 3
GAMG:  Solving for p, Initial residual = 0.00011207065, Final residual = 9.7433275e-07, No Iterations 4
time step continuity errors : sum local = 1.1669762e-05, global = -2.2869375e-07, cumulative = -0.0023052476
smoothSolver:  Solving for omega, Initial residual = 0.00033348943, Final residual = 2.8230715e-06, No Iterations 2
smoothSolver:  Solving for k, Initial residual = 0.00066099218, Final residual = 5.5289606e-06, No Iterations 2
ExecutionTime = 1114.2664 s  ClockTime = 1115 s

Time = 739s

smoothSolver:  Solving for Ux, Initial residual = 0.00032378502, Final residual = 3.9837921e-06, No Iterations 3
smoothSolver:  Solving for Uy, Initial residual = 0.0032144159, Final residual = 0.00014739199, No Iterations 2
smoothSolver:  Solving for Uz, Initial residual = 0.0034177844, Final residual = 0.00015929771, No Iterations 2
GAMG:  Solving for p, Initial residual = 0.0070986272, Final residual = 4.7753934e-05, No Iterations 3
GAMG:  Solving for p, Initial residual = 0.00011207685, Final residual = 9.6530374e-07, No Iterations 4
time step continuity errors : sum local = 1.1566146e-05, global = -2.405939e-07, cumulative = -0.0023054882
smoothSolver:  Solving for omega, Initial residual = 0.00033297066, Final residual = 2.7553547e-06, No Iterations 2
smoothSolver:  Solving for k, Initial residual = 0.00065985476, Final residual = 5.5234188e-06, No Iterations 2
ExecutionTime = 1115.4713 s  ClockTime = 1116 s

Time = 740s

smoothSolver:  Solving for Ux, Initial residual = 0.00032375878, Final residual = 3.995086e-06, No Iterations 3
smoothSolver:  Solving for Uy, Initial residual = 0.0032278736, Final residual = 0.00014847037, No Iterations 2
smoothSolver:  Solving for Uz, Initial residual = 0.0034103117, Final residual = 0.00015882296, No Iterations 2
GAMG:  Solving for p, Initial residual = 0.0071106051, Final residual = 4.7786163e-05, No Iterations 3
GAMG:  Solving for p, Initial residual = 0.00011304255, Final residual = 9.7508801e-07, No Iterations 4
time step continuity errors : sum local = 1.1681468e-05, global = -3.6960048e-07, cumulative = -0.0023058578
smoothSolver:  Solving for omega, Initial residual = 0.00032987537, Final residual = 2.7401873e-06, No Iterations 2
smoothSolver:  Solving for k, Initial residual = 0.00065851021, Final residual = 5.4770844e-06, No Iterations 2
ExecutionTime = 1116.6483 s  ClockTime = 1117 s

Time = 741s

smoothSolver:  Solving for Ux, Initial residual = 0.00032414784, Final residual = 4.0055919e-06, No Iterations 3
smoothSolver:  Solving for Uy, Initial residual = 0.0032344009, Final residual = 0.00014916846, No Iterations 2
smoothSolver:  Solving for Uz, Initial residual = 0.003404719, Final residual = 0.00015847673, No Iterations 2
GAMG:  Solving for p, Initial residual = 0.0071260098, Final residual = 4.8007896e-05, No Iterations 3
GAMG:  Solving for p, Initial residual = 0.00011426138, Final residual = 1.0025023e-06, No Iterations 4
time step continuity errors : sum local = 1.2009232e-05, global = -5.1677176e-07, cumulative = -0.0023063746
smoothSolver:  Solving for omega, Initial residual = 0.00033515611, Final residual = 2.7925293e-06, No Iterations 2
smoothSolver:  Solving for k, Initial residual = 0.00065617537, Final residual = 5.4733324e-06, No Iterations 2
ExecutionTime = 1117.8461 s  ClockTime = 1118 s

Time = 742s

smoothSolver:  Solving for Ux, Initial residual = 0.00032479728, Final residual = 4.0210498e-06, No Iterations 3
smoothSolver:  Solving for Uy, Initial residual = 0.0032357448, Final residual = 0.00014946084, No Iterations 2
smoothSolver:  Solving for Uz, Initial residual = 0.0034020069, Final residual = 0.00015846549, No Iterations 2
GAMG:  Solving for p, Initial residual = 0.0071550561, Final residual = 4.8517844e-05, No Iterations 3
GAMG:  Solving for p, Initial residual = 0.00011684488, Final residual = 1.0710555e-06, No Iterations 4
time step continuity errors : sum local = 1.2823695e-05, global = -5.7101258e-07, cumulative = -0.0023069456
smoothSolver:  Solving for omega, Initial residual = 0.00033318878, Final residual = 2.8742987e-06, No Iterations 2
smoothSolver:  Solving for k, Initial residual = 0.00065600706, Final residual = 5.4314275e-06, No Iterations 2
ExecutionTime = 1119.1805 s  ClockTime = 1120 s

Time = 743s

smoothSolver:  Solving for Ux, Initial residual = 0.00032553843, Final residual = 4.0330205e-06, No Iterations 3
smoothSolver:  Solving for Uy, Initial residual = 0.0032344, Final residual = 0.00014954803, No Iterations 2
smoothSolver:  Solving for Uz, Initial residual = 0.0034056737, Final residual = 0.00015884414, No Iterations 2
GAMG:  Solving for p, Initial residual = 0.007163376, Final residual = 4.8689602e-05, No Iterations 3
GAMG:  Solving for p, Initial residual = 0.00011912281, Final residual = 1.1397522e-06, No Iterations 4
time step continuity errors : sum local = 1.3640234e-05, global = -5.1024062e-07, cumulative = -0.0023074559
smoothSolver:  Solving for omega, Initial residual = 0.00033603021, Final residual = 2.777266e-06, No Iterations 2
smoothSolver:  Solving for k, Initial residual = 0.00065342662, Final residual = 5.4151918e-06, No Iterations 2
ExecutionTime = 1120.8476 s  ClockTime = 1121 s

Time = 744s

smoothSolver:  Solving for Ux, Initial residual = 0.00032630069, Final residual = 4.0456359e-06, No Iterations 3
smoothSolver:  Solving for Uy, Initial residual = 0.0032298148, Final residual = 0.00014923001, No Iterations 2
smoothSolver:  Solving for Uz, Initial residual = 0.0034123081, Final residual = 0.00015947749, No Iterations 2
GAMG:  Solving for p, Initial residual = 0.0071796414, Final residual = 4.8471368e-05, No Iterations 3
GAMG:  Solving for p, Initial residual = 0.00012124847, Final residual = 1.1933917e-06, No Iterations 4
time step continuity errors : sum local = 1.4271475e-05, global = -4.6029165e-07, cumulative = -0.0023079161
smoothSolver:  Solving for omega, Initial residual = 0.00033056558, Final residual = 2.7449359e-06, No Iterations 2
smoothSolver:  Solving for k, Initial residual = 0.00065299095, Final residual = 5.4108849e-06, No Iterations 2
ExecutionTime = 1122.468 s  ClockTime = 1123 s

Time = 745s

smoothSolver:  Solving for Ux, Initial residual = 0.0003271853, Final residual = 4.0522772e-06, No Iterations 3
smoothSolver:  Solving for Uy, Initial residual = 0.0032246823, Final residual = 0.00014893573, No Iterations 2
smoothSolver:  Solving for Uz, Initial residual = 0.0034261941, Final residual = 0.00016063816, No Iterations 2
GAMG:  Solving for p, Initial residual = 0.0072082913, Final residual = 4.8310921e-05, No Iterations 3
GAMG:  Solving for p, Initial residual = 0.00012253668, Final residual = 1.1916527e-06, No Iterations 4
time step continuity errors : sum local = 1.4243034e-05, global = -3.1519074e-07, cumulative = -0.0023082313
smoothSolver:  Solving for omega, Initial residual = 0.00033281249, Final residual = 2.7781026e-06, No Iterations 2
smoothSolver:  Solving for k, Initial residual = 0.00065039853, Final residual = 5.4100182e-06, No Iterations 2
ExecutionTime = 1124.0001 s  ClockTime = 1125 s

Time = 746s

smoothSolver:  Solving for Ux, Initial residual = 0.00032778766, Final residual = 4.060526e-06, No Iterations 3
smoothSolver:  Solving for Uy, Initial residual = 0.0032204978, Final residual = 0.00014866295, No Iterations 2
smoothSolver:  Solving for Uz, Initial residual = 0.0034459552, Final residual = 0.00016213395, No Iterations 2
GAMG:  Solving for p, Initial residual = 0.0072293061, Final residual = 4.7945986e-05, No Iterations 3
GAMG:  Solving for p, Initial residual = 0.00012270144, Final residual = 1.1789572e-06, No Iterations 4
time step continuity errors : sum local = 1.4080273e-05, global = -2.3242876e-07, cumulative = -0.0023084638
smoothSolver:  Solving for omega, Initial residual = 0.00033279847, Final residual = 2.8195854e-06, No Iterations 2
smoothSolver:  Solving for k, Initial residual = 0.00064850452, Final residual = 5.3280309e-06, No Iterations 2
ExecutionTime = 1125.4687 s  ClockTime = 1126 s

Time = 747s

smoothSolver:  Solving for Ux, Initial residual = 0.000328537, Final residual = 4.0640613e-06, No Iterations 3
smoothSolver:  Solving for Uy, Initial residual = 0.0032186279, Final residual = 0.00014900565, No Iterations 2
smoothSolver:  Solving for Uz, Initial residual = 0.0034676024, Final residual = 0.00016357416, No Iterations 2
GAMG:  Solving for p, Initial residual = 0.007236233, Final residual = 4.719651e-05, No Iterations 3
GAMG:  Solving for p, Initial residual = 0.00012154166, Final residual = 1.1221364e-06, No Iterations 4
time step continuity errors : sum local = 1.3395897e-05, global = -1.3113945e-07, cumulative = -0.0023085949
smoothSolver:  Solving for omega, Initial residual = 0.00033415724, Final residual = 2.7675037e-06, No Iterations 2
smoothSolver:  Solving for k, Initial residual = 0.00064666655, Final residual = 5.3328602e-06, No Iterations 2
ExecutionTime = 1126.7181 s  ClockTime = 1127 s

Time = 748s

smoothSolver:  Solving for Ux, Initial residual = 0.00032956638, Final residual = 4.0679221e-06, No Iterations 3
smoothSolver:  Solving for Uy, Initial residual = 0.0032230369, Final residual = 0.00014965462, No Iterations 2
smoothSolver:  Solving for Uz, Initial residual = 0.0034858853, Final residual = 0.00016476705, No Iterations 2
GAMG:  Solving for p, Initial residual = 0.0072248166, Final residual = 4.6197892e-05, No Iterations 3
GAMG:  Solving for p, Initial residual = 0.00011957642, Final residual = 1.0979513e-06, No Iterations 4
time step continuity errors : sum local = 1.3100681e-05, global = -7.1943784e-08, cumulative = -0.0023086669
smoothSolver:  Solving for omega, Initial residual = 0.00033000034, Final residual = 2.7508216e-06, No Iterations 2
smoothSolver:  Solving for k, Initial residual = 0.00064537495, Final residual = 5.2917796e-06, No Iterations 2
ExecutionTime = 1128.0843 s  ClockTime = 1129 s

Time = 749s

smoothSolver:  Solving for Ux, Initial residual = 0.00033044437, Final residual = 4.0717823e-06, No Iterations 3
smoothSolver:  Solving for Uy, Initial residual = 0.0032318186, Final residual = 0.00015035675, No Iterations 2
smoothSolver:  Solving for Uz, Initial residual = 0.0035012867, Final residual = 0.00016556276, No Iterations 2
GAMG:  Solving for p, Initial residual = 0.0072090503, Final residual = 4.513441e-05, No Iterations 3
GAMG:  Solving for p, Initial residual = 0.00011688162, Final residual = 1.0529252e-06, No Iterations 4
time step continuity errors : sum local = 1.2561008e-05, global = -9.2033824e-08, cumulative = -0.0023087589
smoothSolver:  Solving for omega, Initial residual = 0.0003359555, Final residual = 2.8384359e-06, No Iterations 2
smoothSolver:  Solving for k, Initial residual = 0.00064568176, Final residual = 5.3545172e-06, No Iterations 2
ExecutionTime = 1129.5262 s  ClockTime = 1130 s

Time = 750s

smoothSolver:  Solving for Ux, Initial residual = 0.00033159706, Final residual = 4.0776562e-06, No Iterations 3
smoothSolver:  Solving for Uy, Initial residual = 0.0032427039, Final residual = 0.00015109402, No Iterations 2
smoothSolver:  Solving for Uz, Initial residual = 0.0035134394, Final residual = 0.00016616669, No Iterations 2
GAMG:  Solving for p, Initial residual = 0.0072080376, Final residual = 4.428931e-05, No Iterations 3
GAMG:  Solving for p, Initial residual = 0.00011443655, Final residual = 1.0886084e-06, No Iterations 4
time step continuity errors : sum local = 1.2984281e-05, global = -2.0890122e-07, cumulative = -0.0023089678
smoothSolver:  Solving for omega, Initial residual = 0.00033434515, Final residual = 2.8354971e-06, No Iterations 2
smoothSolver:  Solving for k, Initial residual = 0.00064857837, Final residual = 5.3382882e-06, No Iterations 2
ExecutionTime = 1131.1728 s  ClockTime = 1132 s

Time = 751s

smoothSolver:  Solving for Ux, Initial residual = 0.000332779, Final residual = 4.0870379e-06, No Iterations 3
smoothSolver:  Solving for Uy, Initial residual = 0.0032561142, Final residual = 0.00015160342, No Iterations 2
smoothSolver:  Solving for Uz, Initial residual = 0.0035265074, Final residual = 0.00016653985, No Iterations 2
GAMG:  Solving for p, Initial residual = 0.0072303417, Final residual = 4.412107e-05, No Iterations 3
GAMG:  Solving for p, Initial residual = 0.00011357687, Final residual = 1.0978345e-06, No Iterations 4
time step continuity errors : sum local = 1.3098799e-05, global = -1.5197322e-07, cumulative = -0.0023091198
smoothSolver:  Solving for omega, Initial residual = 0.000332821, Final residual = 2.745799e-06, No Iterations 2
smoothSolver:  Solving for k, Initial residual = 0.00064687882, Final residual = 5.3317136e-06, No Iterations 2
ExecutionTime = 1132.7635 s  ClockTime = 1133 s

Time = 752s

smoothSolver:  Solving for Ux, Initial residual = 0.00033422168, Final residual = 4.1040933e-06, No Iterations 3
smoothSolver:  Solving for Uy, Initial residual = 0.0032649205, Final residual = 0.00015185974, No Iterations 2
smoothSolver:  Solving for Uz, Initial residual = 0.0035366489, Final residual = 0.00016656183, No Iterations 2
GAMG:  Solving for p, Initial residual = 0.0072788744, Final residual = 4.4676623e-05, No Iterations 3
GAMG:  Solving for p, Initial residual = 0.00011401069, Final residual = 1.1124122e-06, No Iterations 4
time step continuity errors : sum local = 1.3274026e-05, global = 5.8154804e-09, cumulative = -0.0023091139
smoothSolver:  Solving for omega, Initial residual = 0.00032883923, Final residual = 2.7531665e-06, No Iterations 2
smoothSolver:  Solving for k, Initial residual = 0.00064767512, Final residual = 5.346702e-06, No Iterations 2
ExecutionTime = 1134.3582 s  ClockTime = 1135 s

Time = 753s

smoothSolver:  Solving for Ux, Initial residual = 0.00033551435, Final residual = 4.1222039e-06, No Iterations 3
smoothSolver:  Solving for Uy, Initial residual = 0.0032678976, Final residual = 0.00015210887, No Iterations 2
smoothSolver:  Solving for Uz, Initial residual = 0.0035463095, Final residual = 0.00016667225, No Iterations 2
GAMG:  Solving for p, Initial residual = 0.0073295039, Final residual = 4.5555924e-05, No Iterations 3
GAMG:  Solving for p, Initial residual = 0.00011526289, Final residual = 1.1158066e-06, No Iterations 4
time step continuity errors : sum local = 1.3323461e-05, global = 3.4604658e-07, cumulative = -0.0023087679
smoothSolver:  Solving for omega, Initial residual = 0.00033472511, Final residual = 2.7721913e-06, No Iterations 2
smoothSolver:  Solving for k, Initial residual = 0.00064824187, Final residual = 5.3833325e-06, No Iterations 2
ExecutionTime = 1135.8811 s  ClockTime = 1136 s

Time = 754s

smoothSolver:  Solving for Ux, Initial residual = 0.00033700829, Final residual = 4.1449857e-06, No Iterations 3
smoothSolver:  Solving for Uy, Initial residual = 0.0032721021, Final residual = 0.00015231902, No Iterations 2
smoothSolver:  Solving for Uz, Initial residual = 0.0035567998, Final residual = 0.00016679103, No Iterations 2
GAMG:  Solving for p, Initial residual = 0.0073658272, Final residual = 4.6490592e-05, No Iterations 3
GAMG:  Solving for p, Initial residual = 0.00011653732, Final residual = 1.1349572e-06, No Iterations 4
time step continuity errors : sum local = 1.3560733e-05, global = 5.0728791e-07, cumulative = -0.0023082606
smoothSolver:  Solving for omega, Initial residual = 0.0003339658, Final residual = 2.880695e-06, No Iterations 2
smoothSolver:  Solving for k, Initial residual = 0.00065019354, Final residual = 5.3609118e-06, No Iterations 2
ExecutionTime = 1137.4187 s  ClockTime = 1138 s

Time = 755s

smoothSolver:  Solving for Ux, Initial residual = 0.00033848221, Final residual = 4.1621129e-06, No Iterations 3
smoothSolver:  Solving for Uy, Initial residual = 0.0032803131, Final residual = 0.00015296742, No Iterations 2
smoothSolver:  Solving for Uz, Initial residual = 0.0035630777, Final residual = 0.00016690364, No Iterations 2
GAMG:  Solving for p, Initial residual = 0.0073989951, Final residual = 4.7244665e-05, No Iterations 3
GAMG:  Solving for p, Initial residual = 0.00011788703, Final residual = 1.1537824e-06, No Iterations 4
time step continuity errors : sum local = 1.3798997e-05, global = 7.0711744e-07, cumulative = -0.0023075535
smoothSolver:  Solving for omega, Initial residual = 0.00033678326, Final residual = 2.7995246e-06, No Iterations 2
smoothSolver:  Solving for k, Initial residual = 0.00065125272, Final residual = 5.4232118e-06, No Iterations 2
ExecutionTime = 1138.9876 s  ClockTime = 1140 s

Time = 756s

smoothSolver:  Solving for Ux, Initial residual = 0.00033978833, Final residual = 4.1803999e-06, No Iterations 3
smoothSolver:  Solving for Uy, Initial residual = 0.0032907562, Final residual = 0.00015389476, No Iterations 2
smoothSolver:  Solving for Uz, Initial residual = 0.0035676317, Final residual = 0.00016724146, No Iterations 2
GAMG:  Solving for p, Initial residual = 0.0074095565, Final residual = 4.7870348e-05, No Iterations 3
GAMG:  Solving for p, Initial residual = 0.0001190398, Final residual = 5.8431722e-07, No Iterations 5
time step continuity errors : sum local = 6.9937725e-06, global = -4.5387043e-07, cumulative = -0.0023080074
smoothSolver:  Solving for omega, Initial residual = 0.00033163683, Final residual = 2.744596e-06, No Iterations 2
smoothSolver:  Solving for k, Initial residual = 0.00065284435, Final residual = 5.3858926e-06, No Iterations 2
ExecutionTime = 1140.6114 s  ClockTime = 1141 s

Time = 757s

smoothSolver:  Solving for Ux, Initial residual = 0.00034123413, Final residual = 4.1978217e-06, No Iterations 3
smoothSolver:  Solving for Uy, Initial residual = 0.0033080959, Final residual = 0.00015528722, No Iterations 2
smoothSolver:  Solving for Uz, Initial residual = 0.0035728029, Final residual = 0.00016752735, No Iterations 2
GAMG:  Solving for p, Initial residual = 0.0073933478, Final residual = 4.7909507e-05, No Iterations 3
GAMG:  Solving for p, Initial residual = 0.00011954913, Final residual = 5.9005616e-07, No Iterations 5
time step continuity errors : sum local = 7.0689652e-06, global = -4.2824438e-07, cumulative = -0.0023084356
smoothSolver:  Solving for omega, Initial residual = 0.0003344458, Final residual = 2.8392013e-06, No Iterations 2
smoothSolver:  Solving for k, Initial residual = 0.00065337438, Final residual = 5.4238099e-06, No Iterations 2
ExecutionTime = 1142.1778 s  ClockTime = 1143 s

Time = 758s

smoothSolver:  Solving for Ux, Initial residual = 0.00034261018, Final residual = 4.2198157e-06, No Iterations 3
smoothSolver:  Solving for Uy, Initial residual = 0.0033294762, Final residual = 0.00015693095, No Iterations 2
smoothSolver:  Solving for Uz, Initial residual = 0.0035826109, Final residual = 0.00016808476, No Iterations 2
GAMG:  Solving for p, Initial residual = 0.0073884928, Final residual = 4.7946518e-05, No Iterations 3
GAMG:  Solving for p, Initial residual = 0.00011996638, Final residual = 5.8617113e-07, No Iterations 5
time step continuity errors : sum local = 7.0244918e-06, global = -1.8394686e-07, cumulative = -0.0023086196
smoothSolver:  Solving for omega, Initial residual = 0.0003332753, Final residual = 2.78498e-06, No Iterations 2
smoothSolver:  Solving for k, Initial residual = 0.00065513669, Final residual = 5.3955715e-06, No Iterations 2
ExecutionTime = 1143.9485 s  ClockTime = 1144 s

Time = 759s

smoothSolver:  Solving for Ux, Initial residual = 0.00034361423, Final residual = 4.2423177e-06, No Iterations 3
smoothSolver:  Solving for Uy, Initial residual = 0.0033564641, Final residual = 0.00015875154, No Iterations 2
smoothSolver:  Solving for Uz, Initial residual = 0.0035905482, Final residual = 0.00016843852, No Iterations 2
GAMG:  Solving for p, Initial residual = 0.0074091852, Final residual = 4.8058464e-05, No Iterations 3
GAMG:  Solving for p, Initial residual = 0.00011995359, Final residual = 5.8818719e-07, No Iterations 5
time step continuity errors : sum local = 7.0515481e-06, global = -4.5232969e-08, cumulative = -0.0023086648
smoothSolver:  Solving for omega, Initial residual = 0.0003345366, Final residual = 2.7175187e-06, No Iterations 2
smoothSolver:  Solving for k, Initial residual = 0.00065540508, Final residual = 5.4103382e-06, No Iterations 2
ExecutionTime = 1145.5039 s  ClockTime = 1146 s

Time = 760s

smoothSolver:  Solving for Ux, Initial residual = 0.00034490835, Final residual = 4.2675114e-06, No Iterations 3
smoothSolver:  Solving for Uy, Initial residual = 0.0033844546, Final residual = 0.00016039413, No Iterations 2
smoothSolver:  Solving for Uz, Initial residual = 0.0035977021, Final residual = 0.0001687888, No Iterations 2
GAMG:  Solving for p, Initial residual = 0.0074697106, Final residual = 4.8657658e-05, No Iterations 3
GAMG:  Solving for p, Initial residual = 0.00012041665, Final residual = 6.0347295e-07, No Iterations 5
time step continuity errors : sum local = 7.2332937e-06, global = 3.7586235e-08, cumulative = -0.0023086272
smoothSolver:  Solving for omega, Initial residual = 0.00033142931, Final residual = 2.7642288e-06, No Iterations 2
smoothSolver:  Solving for k, Initial residual = 0.00065671654, Final residual = 5.3994284e-06, No Iterations 2
ExecutionTime = 1147.1599 s  ClockTime = 1148 s

Time = 761s

smoothSolver:  Solving for Ux, Initial residual = 0.00034595797, Final residual = 4.2875345e-06, No Iterations 3
smoothSolver:  Solving for Uy, Initial residual = 0.0034097324, Final residual = 0.00016178897, No Iterations 2
smoothSolver:  Solving for Uz, Initial residual = 0.0036004776, Final residual = 0.00016908838, No Iterations 2
GAMG:  Solving for p, Initial residual = 0.0075625973, Final residual = 4.9679595e-05, No Iterations 3
GAMG:  Solving for p, Initial residual = 0.00012150062, Final residual = 6.2615399e-07, No Iterations 5
time step continuity errors : sum local = 7.5028062e-06, global = 1.4058862e-07, cumulative = -0.0023084866
smoothSolver:  Solving for omega, Initial residual = 0.00033740831, Final residual = 2.8066551e-06, No Iterations 2
smoothSolver:  Solving for k, Initial residual = 0.00065653294, Final residual = 5.422155e-06, No Iterations 2
ExecutionTime = 1148.7504 s  ClockTime = 1149 s

Time = 762s

smoothSolver:  Solving for Ux, Initial residual = 0.0003469585, Final residual = 4.3060026e-06, No Iterations 3
smoothSolver:  Solving for Uy, Initial residual = 0.0034317614, Final residual = 0.00016276338, No Iterations 2
smoothSolver:  Solving for Uz, Initial residual = 0.0036019086, Final residual = 0.00016937544, No Iterations 2
GAMG:  Solving for p, Initial residual = 0.0076583634, Final residual = 5.0790365e-05, No Iterations 3
GAMG:  Solving for p, Initial residual = 0.00012429147, Final residual = 6.6235087e-07, No Iterations 5
time step continuity errors : sum local = 7.9318554e-06, global = 1.9883294e-07, cumulative = -0.0023082878
smoothSolver:  Solving for omega, Initial residual = 0.00033598017, Final residual = 2.8394258e-06, No Iterations 2
smoothSolver:  Solving for k, Initial residual = 0.00065840878, Final residual = 5.4089006e-06, No Iterations 2
ExecutionTime = 1150.3945 s  ClockTime = 1151 s

Time = 763s

smoothSolver:  Solving for Ux, Initial residual = 0.00034773869, Final residual = 4.3202259e-06, No Iterations 3
smoothSolver:  Solving for Uy, Initial residual = 0.003453972, Final residual = 0.00016350128, No Iterations 2
smoothSolver:  Solving for Uz, Initial residual = 0.0036067561, Final residual = 0.00016961089, No Iterations 2
GAMG:  Solving for p, Initial residual = 0.007742688, Final residual = 5.1672307e-05, No Iterations 3
GAMG:  Solving for p, Initial residual = 0.00012771559, Final residual = 6.9521297e-07, No Iterations 5
time step continuity errors : sum local = 8.3213685e-06, global = 2.8257244e-07, cumulative = -0.0023080052
smoothSolver:  Solving for omega, Initial residual = 0.00033380248, Final residual = 2.755514e-06, No Iterations 2
smoothSolver:  Solving for k, Initial residual = 0.00065932159, Final residual = 5.4433252e-06, No Iterations 2
ExecutionTime = 1151.907 s  ClockTime = 1152 s

Time = 764s

smoothSolver:  Solving for Ux, Initial residual = 0.00034843084, Final residual = 4.3298401e-06, No Iterations 3
smoothSolver:  Solving for Uy, Initial residual = 0.003474255, Final residual = 0.00016407099, No Iterations 2
smoothSolver:  Solving for Uz, Initial residual = 0.0036178176, Final residual = 0.00016999833, No Iterations 2
GAMG:  Solving for p, Initial residual = 0.0078098016, Final residual = 5.1781181e-05, No Iterations 3
GAMG:  Solving for p, Initial residual = 0.0001317292, Final residual = 7.2834954e-07, No Iterations 5
time step continuity errors : sum local = 8.7113758e-06, global = 2.9646721e-07, cumulative = -0.0023077087
smoothSolver:  Solving for omega, Initial residual = 0.00032914256, Final residual = 2.7455244e-06, No Iterations 2
smoothSolver:  Solving for k, Initial residual = 0.00066059117, Final residual = 5.428174e-06, No Iterations 2
ExecutionTime = 1153.2562 s  ClockTime = 1154 s

Time = 765s

smoothSolver:  Solving for Ux, Initial residual = 0.00034917944, Final residual = 4.3350275e-06, No Iterations 3
smoothSolver:  Solving for Uy, Initial residual = 0.0034972495, Final residual = 0.00016473181, No Iterations 2
smoothSolver:  Solving for Uz, Initial residual = 0.0036304522, Final residual = 0.00017043192, No Iterations 2
GAMG:  Solving for p, Initial residual = 0.0078955283, Final residual = 5.137135e-05, No Iterations 3
GAMG:  Solving for p, Initial residual = 0.0001348595, Final residual = 7.2715021e-07, No Iterations 5
time step continuity errors : sum local = 8.6921386e-06, global = 3.2442747e-07, cumulative = -0.0023073843
smoothSolver:  Solving for omega, Initial residual = 0.00033539816, Final residual = 2.7319967e-06, No Iterations 2
smoothSolver:  Solving for k, Initial residual = 0.0006628218, Final residual = 5.4664759e-06, No Iterations 2
ExecutionTime = 1154.6099 s  ClockTime = 1155 s

Time = 766s

smoothSolver:  Solving for Ux, Initial residual = 0.00034967214, Final residual = 4.3337864e-06, No Iterations 3
smoothSolver:  Solving for Uy, Initial residual = 0.0035202656, Final residual = 0.00016536635, No Iterations 2
smoothSolver:  Solving for Uz, Initial residual = 0.0036454801, Final residual = 0.00017090509, No Iterations 2
GAMG:  Solving for p, Initial residual = 0.0079533956, Final residual = 5.0653292e-05, No Iterations 3
GAMG:  Solving for p, Initial residual = 0.00013721741, Final residual = 7.190153e-07, No Iterations 5
time step continuity errors : sum local = 8.5886029e-06, global = 5.1584801e-07, cumulative = -0.0023068685
smoothSolver:  Solving for omega, Initial residual = 0.00033428308, Final residual = 2.8286403e-06, No Iterations 2
smoothSolver:  Solving for k, Initial residual = 0.00066484266, Final residual = 5.4493417e-06, No Iterations 2
ExecutionTime = 1156.1828 s  ClockTime = 1157 s

Time = 767s

smoothSolver:  Solving for Ux, Initial residual = 0.00035025133, Final residual = 4.3278879e-06, No Iterations 3
smoothSolver:  Solving for Uy, Initial residual = 0.0035430227, Final residual = 0.00016605952, No Iterations 2
smoothSolver:  Solving for Uz, Initial residual = 0.0036566255, Final residual = 0.00017126945, No Iterations 2
GAMG:  Solving for p, Initial residual = 0.0079906788, Final residual = 4.9463997e-05, No Iterations 3
GAMG:  Solving for p, Initial residual = 0.00013873844, Final residual = 6.8391605e-07, No Iterations 5
time step continuity errors : sum local = 8.16659e-06, global = 6.4326886e-07, cumulative = -0.0023062252
smoothSolver:  Solving for omega, Initial residual = 0.00033771884, Final residual = 2.8206806e-06, No Iterations 2
smoothSolver:  Solving for k, Initial residual = 0.00066498861, Final residual = 5.4916449e-06, No Iterations 2
ExecutionTime = 1157.7651 s  ClockTime = 1158 s

Time = 768s

smoothSolver:  Solving for Ux, Initial residual = 0.00035049361, Final residual = 4.3146687e-06, No Iterations 3
smoothSolver:  Solving for Uy, Initial residual = 0.00356277, Final residual = 0.00016667253, No Iterations 2
smoothSolver:  Solving for Uz, Initial residual = 0.0036656982, Final residual = 0.00017181959, No Iterations 2
GAMG:  Solving for p, Initial residual = 0.0080369541, Final residual = 4.7859171e-05, No Iterations 3
GAMG:  Solving for p, Initial residual = 0.00013914955, Final residual = 1.3766114e-06, No Iterations 4
time step continuity errors : sum local = 1.6434149e-05, global = 8.6265175e-08, cumulative = -0.0023061389
smoothSolver:  Solving for omega, Initial residual = 0.0003336979, Final residual = 2.7922989e-06, No Iterations 2
smoothSolver:  Solving for k, Initial residual = 0.0006673935, Final residual = 5.4824199e-06, No Iterations 2
ExecutionTime = 1159.2428 s  ClockTime = 1160 s

Time = 769s

smoothSolver:  Solving for Ux, Initial residual = 0.0003506047, Final residual = 4.3001416e-06, No Iterations 3
smoothSolver:  Solving for Uy, Initial residual = 0.0035782743, Final residual = 0.0001671906, No Iterations 2
smoothSolver:  Solving for Uz, Initial residual = 0.0036763546, Final residual = 0.00017265331, No Iterations 2
GAMG:  Solving for p, Initial residual = 0.0080813018, Final residual = 4.6149725e-05, No Iterations 3
GAMG:  Solving for p, Initial residual = 0.00013912621, Final residual = 1.3711992e-06, No Iterations 4
time step continuity errors : sum local = 1.6372641e-05, global = -6.371902e-08, cumulative = -0.0023062027
smoothSolver:  Solving for omega, Initial residual = 0.00033470036, Final residual = 2.7802074e-06, No Iterations 2
smoothSolver:  Solving for k, Initial residual = 0.00066843761, Final residual = 5.529676e-06, No Iterations 2
ExecutionTime = 1160.5568 s  ClockTime = 1161 s

Time = 770s

smoothSolver:  Solving for Ux, Initial residual = 0.00035046898, Final residual = 4.2831821e-06, No Iterations 3
smoothSolver:  Solving for Uy, Initial residual = 0.0035875306, Final residual = 0.00016748744, No Iterations 2
smoothSolver:  Solving for Uz, Initial residual = 0.0036882747, Final residual = 0.00017330539, No Iterations 2
GAMG:  Solving for p, Initial residual = 0.0081215268, Final residual = 4.5300119e-05, No Iterations 3
GAMG:  Solving for p, Initial residual = 0.00013900728, Final residual = 1.268045e-06, No Iterations 4
time step continuity errors : sum local = 1.5142891e-05, global = -1.1039712e-08, cumulative = -0.0023062137
smoothSolver:  Solving for omega, Initial residual = 0.00033403625, Final residual = 2.8307805e-06, No Iterations 2
smoothSolver:  Solving for k, Initial residual = 0.00067081803, Final residual = 5.5167702e-06, No Iterations 2
ExecutionTime = 1161.8286 s  ClockTime = 1162 s

Time = 771s

smoothSolver:  Solving for Ux, Initial residual = 0.0003503989, Final residual = 1.7495721e-05, No Iterations 2
smoothSolver:  Solving for Uy, Initial residual = 0.0035921558, Final residual = 0.00016757449, No Iterations 2
smoothSolver:  Solving for Uz, Initial residual = 0.0036976166, Final residual = 0.00017391173, No Iterations 2
GAMG:  Solving for p, Initial residual = 0.0080924857, Final residual = 4.4630218e-05, No Iterations 3
GAMG:  Solving for p, Initial residual = 0.00013659254, Final residual = 1.1224065e-06, No Iterations 4
time step continuity errors : sum local = 1.3413017e-05, global = 2.3068982e-07, cumulative = -0.002305983
smoothSolver:  Solving for omega, Initial residual = 0.00033736989, Final residual = 2.7598917e-06, No Iterations 2
smoothSolver:  Solving for k, Initial residual = 0.00067010127, Final residual = 5.5389629e-06, No Iterations 2
ExecutionTime = 1163.1075 s  ClockTime = 1164 s

Time = 772s

smoothSolver:  Solving for Ux, Initial residual = 0.00035195774, Final residual = 1.7548887e-05, No Iterations 2
smoothSolver:  Solving for Uy, Initial residual = 0.0035815741, Final residual = 0.00016678854, No Iterations 2
smoothSolver:  Solving for Uz, Initial residual = 0.0036935496, Final residual = 0.00017356332, No Iterations 2
GAMG:  Solving for p, Initial residual = 0.0081445868, Final residual = 4.5340033e-05, No Iterations 3
GAMG:  Solving for p, Initial residual = 0.00013756977, Final residual = 1.1012688e-06, No Iterations 4
time step continuity errors : sum local = 1.3170578e-05, global = 3.0304739e-07, cumulative = -0.00230568
smoothSolver:  Solving for omega, Initial residual = 0.0003322308, Final residual = 2.7451916e-06, No Iterations 2
smoothSolver:  Solving for k, Initial residual = 0.00067172818, Final residual = 5.5295952e-06, No Iterations 2
ExecutionTime = 1164.2904 s  ClockTime = 1165 s

Time = 773s

smoothSolver:  Solving for Ux, Initial residual = 0.00035315734, Final residual = 1.7576432e-05, No Iterations 2
smoothSolver:  Solving for Uy, Initial residual = 0.0035874193, Final residual = 0.00016679717, No Iterations 2
smoothSolver:  Solving for Uz, Initial residual = 0.003705925, Final residual = 0.00017403139, No Iterations 2
GAMG:  Solving for p, Initial residual = 0.0081866416, Final residual = 4.601923e-05, No Iterations 3
GAMG:  Solving for p, Initial residual = 0.0001374754, Final residual = 1.0018459e-06, No Iterations 4
time step continuity errors : sum local = 1.1994171e-05, global = 2.6350949e-07, cumulative = -0.0023054164
smoothSolver:  Solving for omega, Initial residual = 0.00033718607, Final residual = 2.8293928e-06, No Iterations 2
smoothSolver:  Solving for k, Initial residual = 0.00067106195, Final residual = 5.5794293e-06, No Iterations 2
ExecutionTime = 1165.4694 s  ClockTime = 1166 s

Time = 774s

smoothSolver:  Solving for Ux, Initial residual = 0.0003540245, Final residual = 1.7610294e-05, No Iterations 2
smoothSolver:  Solving for Uy, Initial residual = 0.0036019865, Final residual = 0.00016720385, No Iterations 2
smoothSolver:  Solving for Uz, Initial residual = 0.0037219015, Final residual = 0.00017467402, No Iterations 2
GAMG:  Solving for p, Initial residual = 0.0082315214, Final residual = 4.6668459e-05, No Iterations 3
GAMG:  Solving for p, Initial residual = 0.00013644487, Final residual = 9.2078279e-07, No Iterations 4
time step continuity errors : sum local = 1.1034911e-05, global = 3.0198014e-07, cumulative = -0.0023051145
smoothSolver:  Solving for omega, Initial residual = 0.00033457268, Final residual = 2.8420425e-06, No Iterations 2
smoothSolver:  Solving for k, Initial residual = 0.00067504546, Final residual = 5.5706506e-06, No Iterations 2
ExecutionTime = 1166.658 s  ClockTime = 1167 s

Time = 775s

smoothSolver:  Solving for Ux, Initial residual = 0.00035501612, Final residual = 1.7655416e-05, No Iterations 2
smoothSolver:  Solving for Uy, Initial residual = 0.0036187064, Final residual = 0.0001677254, No Iterations 2
smoothSolver:  Solving for Uz, Initial residual = 0.0037338741, Final residual = 0.00017514987, No Iterations 2
GAMG:  Solving for p, Initial residual = 0.0082436483, Final residual = 4.7436302e-05, No Iterations 3
GAMG:  Solving for p, Initial residual = 0.0001360213, Final residual = 8.8993607e-07, No Iterations 4
time step continuity errors : sum local = 1.0679671e-05, global = 2.378998e-07, cumulative = -0.0023048766
smoothSolver:  Solving for omega, Initial residual = 0.00033401078, Final residual = 2.7378087e-06, No Iterations 2
smoothSolver:  Solving for k, Initial residual = 0.00067562003, Final residual = 5.6391155e-06, No Iterations 2
ExecutionTime = 1168.0608 s  ClockTime = 1169 s

Time = 776s

smoothSolver:  Solving for Ux, Initial residual = 0.00035608301, Final residual = 1.7722431e-05, No Iterations 2
smoothSolver:  Solving for Uy, Initial residual = 0.003635563, Final residual = 0.000168412, No Iterations 2
smoothSolver:  Solving for Uz, Initial residual = 0.0037445866, Final residual = 0.00017570469, No Iterations 2
GAMG:  Solving for p, Initial residual = 0.008271292, Final residual = 4.7955839e-05, No Iterations 3
GAMG:  Solving for p, Initial residual = 0.00013621132, Final residual = 9.1935374e-07, No Iterations 4
time step continuity errors : sum local = 1.1044466e-05, global = 1.5277507e-07, cumulative = -0.0023047238
smoothSolver:  Solving for omega, Initial residual = 0.00033099356, Final residual = 2.7237021e-06, No Iterations 2
smoothSolver:  Solving for k, Initial residual = 0.00067893658, Final residual = 5.6378069e-06, No Iterations 2
ExecutionTime = 1169.4951 s  ClockTime = 1170 s

Time = 777s

smoothSolver:  Solving for Ux, Initial residual = 0.00035694908, Final residual = 1.7794571e-05, No Iterations 2
smoothSolver:  Solving for Uy, Initial residual = 0.0036511684, Final residual = 0.00016916695, No Iterations 2
smoothSolver:  Solving for Uz, Initial residual = 0.0037553122, Final residual = 0.00017640688, No Iterations 2
GAMG:  Solving for p, Initial residual = 0.0083138225, Final residual = 4.7939102e-05, No Iterations 3
GAMG:  Solving for p, Initial residual = 0.00013614981, Final residual = 8.9818299e-07, No Iterations 4
time step continuity errors : sum local = 1.080278e-05, global = -1.3029786e-07, cumulative = -0.0023048541
smoothSolver:  Solving for omega, Initial residual = 0.00033592642, Final residual = 2.7385949e-06, No Iterations 2
smoothSolver:  Solving for k, Initial residual = 0.00068024585, Final residual = 5.6965622e-06, No Iterations 2
ExecutionTime = 1170.9943 s  ClockTime = 1172 s

Time = 778s

smoothSolver:  Solving for Ux, Initial residual = 0.00035810982, Final residual = 1.7875332e-05, No Iterations 2
smoothSolver:  Solving for Uy, Initial residual = 0.0036626506, Final residual = 0.00016989974, No Iterations 2
smoothSolver:  Solving for Uz, Initial residual = 0.003769567, Final residual = 0.00017746695, No Iterations 2
GAMG:  Solving for p, Initial residual = 0.0083502833, Final residual = 4.7886422e-05, No Iterations 3
GAMG:  Solving for p, Initial residual = 0.00013637391, Final residual = 8.9520145e-07, No Iterations 4
time step continuity errors : sum local = 1.0776247e-05, global = -2.4033952e-07, cumulative = -0.0023050944
smoothSolver:  Solving for omega, Initial residual = 0.00033406808, Final residual = 2.80988e-06, No Iterations 2
smoothSolver:  Solving for k, Initial residual = 0.00068278589, Final residual = 5.6679341e-06, No Iterations 2
ExecutionTime = 1172.2846 s  ClockTime = 1173 s

Time = 779s

smoothSolver:  Solving for Ux, Initial residual = 0.00035914494, Final residual = 1.7938649e-05, No Iterations 2
smoothSolver:  Solving for Uy, Initial residual = 0.003669834, Final residual = 0.00017041792, No Iterations 2
smoothSolver:  Solving for Uz, Initial residual = 0.0037884701, Final residual = 0.00017876593, No Iterations 2
GAMG:  Solving for p, Initial residual = 0.0083895564, Final residual = 4.7934901e-05, No Iterations 3
GAMG:  Solving for p, Initial residual = 0.00013623761, Final residual = 8.5449176e-07, No Iterations 4
time step continuity errors : sum local = 1.0294257e-05, global = -3.8784461e-07, cumulative = -0.0023054823
smoothSolver:  Solving for omega, Initial residual = 0.00033947742, Final residual = 2.8438695e-06, No Iterations 2
smoothSolver:  Solving for k, Initial residual = 0.00068321546, Final residual = 5.727177e-06, No Iterations 2
ExecutionTime = 1173.5687 s  ClockTime = 1174 s

Time = 780s

smoothSolver:  Solving for Ux, Initial residual = 0.00036026653, Final residual = 1.7993364e-05, No Iterations 2
smoothSolver:  Solving for Uy, Initial residual = 0.0036717421, Final residual = 0.00017066687, No Iterations 2
smoothSolver:  Solving for Uz, Initial residual = 0.0038097411, Final residual = 0.00018019335, No Iterations 2
GAMG:  Solving for p, Initial residual = 0.0084118944, Final residual = 4.7740165e-05, No Iterations 3
GAMG:  Solving for p, Initial residual = 0.00013649998, Final residual = 7.8867221e-07, No Iterations 4
time step continuity errors : sum local = 9.5053813e-06, global = -4.6469394e-07, cumulative = -0.002305947
smoothSolver:  Solving for omega, Initial residual = 0.00033558499, Final residual = 2.7829744e-06, No Iterations 2
smoothSolver:  Solving for k, Initial residual = 0.00068659588, Final residual = 5.7433756e-06, No Iterations 2
ExecutionTime = 1174.8665 s  ClockTime = 1175 s

Time = 781s

smoothSolver:  Solving for Ux, Initial residual = 0.00036121759, Final residual = 1.8026854e-05, No Iterations 2
smoothSolver:  Solving for Uy, Initial residual = 0.0036665041, Final residual = 0.00017056314, No Iterations 2
smoothSolver:  Solving for Uz, Initial residual = 0.0038345559, Final residual = 0.00018178818, No Iterations 2
GAMG:  Solving for p, Initial residual = 0.0084089492, Final residual = 4.7563605e-05, No Iterations 3
GAMG:  Solving for p, Initial residual = 0.00013617761, Final residual = 7.8820249e-07, No Iterations 4
time step continuity errors : sum local = 9.5032946e-06, global = -5.302742e-07, cumulative = -0.0023064772
smoothSolver:  Solving for omega, Initial residual = 0.00033538969, Final residual = 2.7804513e-06, No Iterations 2
smoothSolver:  Solving for k, Initial residual = 0.00068642898, Final residual = 5.7614056e-06, No Iterations 2
ExecutionTime = 1176.0208 s  ClockTime = 1177 s

Time = 782s

smoothSolver:  Solving for Ux, Initial residual = 0.00036226568, Final residual = 1.8055368e-05, No Iterations 2
smoothSolver:  Solving for Uy, Initial residual = 0.0036585724, Final residual = 0.000170181, No Iterations 2
smoothSolver:  Solving for Uz, Initial residual = 0.0038620737, Final residual = 0.00018343956, No Iterations 2
GAMG:  Solving for p, Initial residual = 0.0083832235, Final residual = 4.7558639e-05, No Iterations 3
GAMG:  Solving for p, Initial residual = 0.00013608177, Final residual = 8.798911e-07, No Iterations 4
time step continuity errors : sum local = 1.0607093e-05, global = -4.7711081e-07, cumulative = -0.0023069543
smoothSolver:  Solving for omega, Initial residual = 0.00033331358, Final residual = 2.7881736e-06, No Iterations 2
smoothSolver:  Solving for k, Initial residual = 0.00068777154, Final residual = 5.7813001e-06, No Iterations 2
ExecutionTime = 1177.2388 s  ClockTime = 1178 s

Time = 783s

smoothSolver:  Solving for Ux, Initial residual = 0.00036306482, Final residual = 1.8080894e-05, No Iterations 2
smoothSolver:  Solving for Uy, Initial residual = 0.0036531045, Final residual = 0.00016987443, No Iterations 2
smoothSolver:  Solving for Uz, Initial residual = 0.0038906975, Final residual = 0.00018475969, No Iterations 2
GAMG:  Solving for p, Initial residual = 0.0083597505, Final residual = 4.7405327e-05, No Iterations 3
GAMG:  Solving for p, Initial residual = 0.00013644813, Final residual = 1.0047325e-06, No Iterations 4
time step continuity errors : sum local = 1.2112259e-05, global = -4.169314e-07, cumulative = -0.0023073713
smoothSolver:  Solving for omega, Initial residual = 0.00033674445, Final residual = 2.7517725e-06, No Iterations 2
smoothSolver:  Solving for k, Initial residual = 0.00068933219, Final residual = 5.8004874e-06, No Iterations 2
ExecutionTime = 1178.386 s  ClockTime = 1179 s

Time = 784s

smoothSolver:  Solving for Ux, Initial residual = 0.00036380288, Final residual = 1.8115369e-05, No Iterations 2
smoothSolver:  Solving for Uy, Initial residual = 0.0036520653, Final residual = 0.00016962158, No Iterations 2
smoothSolver:  Solving for Uz, Initial residual = 0.0039197138, Final residual = 0.00018569826, No Iterations 2
GAMG:  Solving for p, Initial residual = 0.0083405578, Final residual = 4.7245595e-05, No Iterations 3
GAMG:  Solving for p, Initial residual = 0.00013729105, Final residual = 1.047535e-06, No Iterations 4
time step continuity errors : sum local = 1.2624819e-05, global = -5.9381146e-08, cumulative = -0.0023074307
smoothSolver:  Solving for omega, Initial residual = 0.00033353452, Final residual = 2.7893806e-06, No Iterations 2
smoothSolver:  Solving for k, Initial residual = 0.00069051993, Final residual = 5.8387642e-06, No Iterations 2
ExecutionTime = 1179.5885 s  ClockTime = 1180 s

Time = 785s

smoothSolver:  Solving for Ux, Initial residual = 0.00036454899, Final residual = 1.8161713e-05, No Iterations 2
smoothSolver:  Solving for Uy, Initial residual = 0.0036573238, Final residual = 0.0001695574, No Iterations 2
smoothSolver:  Solving for Uz, Initial residual = 0.0039434022, Final residual = 0.00018626409, No Iterations 2
GAMG:  Solving for p, Initial residual = 0.0083066728, Final residual = 4.6872245e-05, No Iterations 3
GAMG:  Solving for p, Initial residual = 0.00013733663, Final residual = 1.0655256e-06, No Iterations 4
time step continuity errors : sum local = 1.2840181e-05, global = 1.9476574e-07, cumulative = -0.0023072359
smoothSolver:  Solving for omega, Initial residual = 0.00033786777, Final residual = 2.8327603e-06, No Iterations 2
smoothSolver:  Solving for k, Initial residual = 0.00069115627, Final residual = 5.8531481e-06, No Iterations 2
ExecutionTime = 1180.7665 s  ClockTime = 1181 s

Time = 786s

smoothSolver:  Solving for Ux, Initial residual = 0.00036503784, Final residual = 1.8202776e-05, No Iterations 2
smoothSolver:  Solving for Uy, Initial residual = 0.0036696791, Final residual = 0.00016979637, No Iterations 2
smoothSolver:  Solving for Uz, Initial residual = 0.0039589778, Final residual = 0.00018669719, No Iterations 2
GAMG:  Solving for p, Initial residual = 0.0082568523, Final residual = 4.6824734e-05, No Iterations 3
GAMG:  Solving for p, Initial residual = 0.0001371711, Final residual = 9.8010153e-07, No Iterations 4
time step continuity errors : sum local = 1.1808039e-05, global = 4.2065966e-07, cumulative = -0.0023068152
smoothSolver:  Solving for omega, Initial residual = 0.00033526452, Final residual = 2.8110326e-06, No Iterations 2
smoothSolver:  Solving for k, Initial residual = 0.0006927862, Final residual = 5.8565921e-06, No Iterations 2
ExecutionTime = 1181.9138 s  ClockTime = 1182 s

Time = 787s

smoothSolver:  Solving for Ux, Initial residual = 0.00036552752, Final residual = 1.8244276e-05, No Iterations 2
smoothSolver:  Solving for Uy, Initial residual = 0.0036852651, Final residual = 0.00017044883, No Iterations 2
smoothSolver:  Solving for Uz, Initial residual = 0.0039780648, Final residual = 0.00018699767, No Iterations 2
GAMG:  Solving for p, Initial residual = 0.0082050512, Final residual = 4.7185732e-05, No Iterations 3
GAMG:  Solving for p, Initial residual = 0.00013749483, Final residual = 9.3159702e-07, No Iterations 4
time step continuity errors : sum local = 1.1224478e-05, global = 3.5010924e-07, cumulative = -0.0023064651
smoothSolver:  Solving for omega, Initial residual = 0.00033505401, Final residual = 2.7522173e-06, No Iterations 2
smoothSolver:  Solving for k, Initial residual = 0.00069296486, Final residual = 5.8743829e-06, No Iterations 2
ExecutionTime = 1183.2685 s  ClockTime = 1184 s

Time = 788s

smoothSolver:  Solving for Ux, Initial residual = 0.00036564061, Final residual = 1.8264042e-05, No Iterations 2
smoothSolver:  Solving for Uy, Initial residual = 0.0037080771, Final residual = 0.00017136535, No Iterations 2
smoothSolver:  Solving for Uz, Initial residual = 0.0039937329, Final residual = 0.00018751721, No Iterations 2
GAMG:  Solving for p, Initial residual = 0.0081780649, Final residual = 4.7784874e-05, No Iterations 3
GAMG:  Solving for p, Initial residual = 0.00013890597, Final residual = 9.05363e-07, No Iterations 4
time step continuity errors : sum local = 1.0906311e-05, global = 3.108152e-07, cumulative = -0.0023061543
smoothSolver:  Solving for omega, Initial residual = 0.0003312439, Final residual = 2.6889751e-06, No Iterations 2
smoothSolver:  Solving for k, Initial residual = 0.00069368985, Final residual = 5.9104545e-06, No Iterations 2
ExecutionTime = 1184.4681 s  ClockTime = 1185 s

Time = 789s

smoothSolver:  Solving for Ux, Initial residual = 0.0003657209, Final residual = 1.8275769e-05, No Iterations 2
smoothSolver:  Solving for Uy, Initial residual = 0.0037343047, Final residual = 0.00017265146, No Iterations 2
smoothSolver:  Solving for Uz, Initial residual = 0.0040076955, Final residual = 0.00018839703, No Iterations 2
GAMG:  Solving for p, Initial residual = 0.0081568524, Final residual = 4.858117e-05, No Iterations 3
GAMG:  Solving for p, Initial residual = 0.00014135724, Final residual = 9.3676847e-07, No Iterations 4
time step continuity errors : sum local = 1.1284462e-05, global = 3.6724043e-07, cumulative = -0.0023057871
smoothSolver:  Solving for omega, Initial residual = 0.00033546547, Final residual = 2.7903968e-06, No Iterations 2
smoothSolver:  Solving for k, Initial residual = 0.00069647644, Final residual = 5.9484922e-06, No Iterations 2
ExecutionTime = 1185.6512 s  ClockTime = 1186 s

Time = 790s

smoothSolver:  Solving for Ux, Initial residual = 0.00036562664, Final residual = 1.8244324e-05, No Iterations 2
smoothSolver:  Solving for Uy, Initial residual = 0.0037648348, Final residual = 0.00017426329, No Iterations 2
smoothSolver:  Solving for Uz, Initial residual = 0.0040274847, Final residual = 0.00018965035, No Iterations 2
GAMG:  Solving for p, Initial residual = 0.0081539513, Final residual = 4.9160139e-05, No Iterations 3
GAMG:  Solving for p, Initial residual = 0.00014313096, Final residual = 9.7710314e-07, No Iterations 4
time step continuity errors : sum local = 1.1769495e-05, global = 3.5270356e-07, cumulative = -0.0023054344
smoothSolver:  Solving for omega, Initial residual = 0.00033456026, Final residual = 2.8169698e-06, No Iterations 2
smoothSolver:  Solving for k, Initial residual = 0.00069678328, Final residual = 5.949011e-06, No Iterations 2
ExecutionTime = 1186.8324 s  ClockTime = 1187 s

Time = 791s

smoothSolver:  Solving for Ux, Initial residual = 0.00036546209, Final residual = 1.8206655e-05, No Iterations 2
smoothSolver:  Solving for Uy, Initial residual = 0.003796391, Final residual = 0.00017595498, No Iterations 2
smoothSolver:  Solving for Uz, Initial residual = 0.0040493714, Final residual = 0.00019084726, No Iterations 2
GAMG:  Solving for p, Initial residual = 0.0081708991, Final residual = 4.9367163e-05, No Iterations 3
GAMG:  Solving for p, Initial residual = 0.00014380415, Final residual = 1.0392658e-06, No Iterations 4
time step continuity errors : sum local = 1.2519601e-05, global = 4.3228906e-07, cumulative = -0.0023050021
smoothSolver:  Solving for omega, Initial residual = 0.0003364835, Final residual = 2.7856761e-06, No Iterations 2
smoothSolver:  Solving for k, Initial residual = 0.00069587997, Final residual = 6.0178423e-06, No Iterations 2
ExecutionTime = 1188.0189 s  ClockTime = 1189 s

Time = 792s

smoothSolver:  Solving for Ux, Initial residual = 0.00036564467, Final residual = 1.8158544e-05, No Iterations 2
smoothSolver:  Solving for Uy, Initial residual = 0.0038271232, Final residual = 0.00017762763, No Iterations 2
smoothSolver:  Solving for Uz, Initial residual = 0.0040769937, Final residual = 0.00019218519, No Iterations 2
GAMG:  Solving for p, Initial residual = 0.0082002893, Final residual = 4.9240596e-05, No Iterations 3
GAMG:  Solving for p, Initial residual = 0.00014210964, Final residual = 1.0906266e-06, No Iterations 4
time step continuity errors : sum local = 1.3140495e-05, global = 3.9304184e-07, cumulative = -0.002304609
smoothSolver:  Solving for omega, Initial residual = 0.00033263413, Final residual = 2.7399734e-06, No Iterations 2
smoothSolver:  Solving for k, Initial residual = 0.00069696811, Final residual = 5.9846616e-06, No Iterations 2
ExecutionTime = 1189.2172 s  ClockTime = 1190 s

Time = 793s

smoothSolver:  Solving for Ux, Initial residual = 0.00036602496, Final residual = 1.813303e-05, No Iterations 2
smoothSolver:  Solving for Uy, Initial residual = 0.0038561636, Final residual = 0.00017884185, No Iterations 2
smoothSolver:  Solving for Uz, Initial residual = 0.0041040234, Final residual = 0.00019330343, No Iterations 2
GAMG:  Solving for p, Initial residual = 0.0082295844, Final residual = 4.8685247e-05, No Iterations 3
GAMG:  Solving for p, Initial residual = 0.00013916268, Final residual = 1.1085329e-06, No Iterations 4
time step continuity errors : sum local = 1.3362717e-05, global = 4.8651687e-08, cumulative = -0.0023045604
smoothSolver:  Solving for omega, Initial residual = 0.00033440762, Final residual = 2.7850662e-06, No Iterations 2
smoothSolver:  Solving for k, Initial residual = 0.00069824144, Final residual = 6.072273e-06, No Iterations 2
ExecutionTime = 1190.4791 s  ClockTime = 1191 s

Time = 794s

smoothSolver:  Solving for Ux, Initial residual = 0.00036663537, Final residual = 1.812777e-05, No Iterations 2
smoothSolver:  Solving for Uy, Initial residual = 0.0038836174, Final residual = 0.00017985627, No Iterations 2
smoothSolver:  Solving for Uz, Initial residual = 0.0041352694, Final residual = 0.00019416664, No Iterations 2
GAMG:  Solving for p, Initial residual = 0.0082583919, Final residual = 4.8016854e-05, No Iterations 3
GAMG:  Solving for p, Initial residual = 0.00013506806, Final residual = 1.0938572e-06, No Iterations 4
time step continuity errors : sum local = 1.3191537e-05, global = -3.1559502e-07, cumulative = -0.002304876
smoothSolver:  Solving for omega, Initial residual = 0.00033371652, Final residual = 2.8163286e-06, No Iterations 2
smoothSolver:  Solving for k, Initial residual = 0.00069911729, Final residual = 6.0591627e-06, No Iterations 2
ExecutionTime = 1191.7151 s  ClockTime = 1192 s

Time = 795s

smoothSolver:  Solving for Ux, Initial residual = 0.00036708699, Final residual = 1.8127696e-05, No Iterations 2
smoothSolver:  Solving for Uy, Initial residual = 0.0039036661, Final residual = 0.00018047275, No Iterations 2
smoothSolver:  Solving for Uz, Initial residual = 0.0041660739, Final residual = 0.00019503137, No Iterations 2
GAMG:  Solving for p, Initial residual = 0.0082864355, Final residual = 4.757528e-05, No Iterations 3
GAMG:  Solving for p, Initial residual = 0.0001319979, Final residual = 1.0486319e-06, No Iterations 4
time step continuity errors : sum local = 1.2655848e-05, global = -3.9896971e-07, cumulative = -0.0023052749
smoothSolver:  Solving for omega, Initial residual = 0.00033682541, Final residual = 2.761865e-06, No Iterations 2
smoothSolver:  Solving for k, Initial residual = 0.00070071277, Final residual = 6.1193076e-06, No Iterations 2
ExecutionTime = 1193.0091 s  ClockTime = 1194 s

Time = 796s

smoothSolver:  Solving for Ux, Initial residual = 0.00036755047, Final residual = 1.8148775e-05, No Iterations 2
smoothSolver:  Solving for Uy, Initial residual = 0.003918321, Final residual = 0.00018111221, No Iterations 2
smoothSolver:  Solving for Uz, Initial residual = 0.0041934072, Final residual = 0.00019576315, No Iterations 2
GAMG:  Solving for p, Initial residual = 0.008294864, Final residual = 4.7501924e-05, No Iterations 3
GAMG:  Solving for p, Initial residual = 0.00013016406, Final residual = 1.0134343e-06, No Iterations 4
time step continuity errors : sum local = 1.2239905e-05, global = -5.4232995e-07, cumulative = -0.0023058173
smoothSolver:  Solving for omega, Initial residual = 0.00033228586, Final residual = 2.7461003e-06, No Iterations 2
smoothSolver:  Solving for k, Initial residual = 0.00070252228, Final residual = 6.1022973e-06, No Iterations 2
ExecutionTime = 1194.2835 s  ClockTime = 1195 s

Time = 797s

smoothSolver:  Solving for Ux, Initial residual = 0.00036764291, Final residual = 1.8169408e-05, No Iterations 2
smoothSolver:  Solving for Uy, Initial residual = 0.0039302284, Final residual = 0.00018188293, No Iterations 2
smoothSolver:  Solving for Uz, Initial residual = 0.0042196775, Final residual = 0.00019687256, No Iterations 2
GAMG:  Solving for p, Initial residual = 0.0082900682, Final residual = 4.7502374e-05, No Iterations 3
GAMG:  Solving for p, Initial residual = 0.00012951578, Final residual = 9.9704999e-07, No Iterations 4
time step continuity errors : sum local = 1.2053456e-05, global = -8.3879629e-07, cumulative = -0.0023066561
smoothSolver:  Solving for omega, Initial residual = 0.00033773527, Final residual = 2.8180732e-06, No Iterations 2
smoothSolver:  Solving for k, Initial residual = 0.00070087881, Final residual = 6.1542444e-06, No Iterations 2
ExecutionTime = 1195.507 s  ClockTime = 1196 s

Time = 798s

smoothSolver:  Solving for Ux, Initial residual = 0.0003672285, Final residual = 1.8188114e-05, No Iterations 2
smoothSolver:  Solving for Uy, Initial residual = 0.0039432526, Final residual = 0.00018317587, No Iterations 2
smoothSolver:  Solving for Uz, Initial residual = 0.004243981, Final residual = 0.00019836122, No Iterations 2
GAMG:  Solving for p, Initial residual = 0.0082789687, Final residual = 4.7263333e-05, No Iterations 3
GAMG:  Solving for p, Initial residual = 0.00012897148, Final residual = 9.8365372e-07, No Iterations 4
time step continuity errors : sum local = 1.1901705e-05, global = -8.266873e-07, cumulative = -0.0023074828
smoothSolver:  Solving for omega, Initial residual = 0.00033705135, Final residual = 2.8448835e-06, No Iterations 2
smoothSolver:  Solving for k, Initial residual = 0.00070273674, Final residual = 6.1330968e-06, No Iterations 2
ExecutionTime = 1196.716 s  ClockTime = 1197 s

Time = 799s

smoothSolver:  Solving for Ux, Initial residual = 0.00036666638, Final residual = 1.8184836e-05, No Iterations 2
smoothSolver:  Solving for Uy, Initial residual = 0.0039566648, Final residual = 0.00018470947, No Iterations 2
smoothSolver:  Solving for Uz, Initial residual = 0.0042668514, Final residual = 0.00020043304, No Iterations 2
GAMG:  Solving for p, Initial residual = 0.0082638121, Final residual = 4.6529104e-05, No Iterations 3
GAMG:  Solving for p, Initial residual = 0.00012899404, Final residual = 1.0018067e-06, No Iterations 4
time step continuity errors : sum local = 1.2131836e-05, global = -8.3161402e-07, cumulative = -0.0023083144
smoothSolver:  Solving for omega, Initial residual = 0.00033784211, Final residual = 2.819301e-06, No Iterations 2
smoothSolver:  Solving for k, Initial residual = 0.00070001479, Final residual = 6.1565244e-06, No Iterations 2
ExecutionTime = 1197.9182 s  ClockTime = 1198 s

Time = 800s

smoothSolver:  Solving for Ux, Initial residual = 0.00036557005, Final residual = 1.8156957e-05, No Iterations 2
smoothSolver:  Solving for Uy, Initial residual = 0.0039712906, Final residual = 0.00018655301, No Iterations 2
smoothSolver:  Solving for Uz, Initial residual = 0.004289439, Final residual = 0.0002027813, No Iterations 2
GAMG:  Solving for p, Initial residual = 0.0082679154, Final residual = 4.5708055e-05, No Iterations 3
GAMG:  Solving for p, Initial residual = 0.00012979401, Final residual = 1.016199e-06, No Iterations 4
time step continuity errors : sum local = 1.2310501e-05, global = -4.6058993e-07, cumulative = -0.002308775
smoothSolver:  Solving for omega, Initial residual = 0.00033516511, Final residual = 2.7602904e-06, No Iterations 2
smoothSolver:  Solving for k, Initial residual = 0.00069908838, Final residual = 6.1168855e-06, No Iterations 2
ExecutionTime = 1199.1621 s  ClockTime = 1200 s

End
