/*---------------------------------------------------------------------------*\
  =========                 |
  \\      /  F ield         | OpenFOAM: The Open Source CFD Toolbox
   \\    /   O peration     | Website:  https://openfoam.org
    \\  /    A nd           | Version:  13
     \\/     M anipulation  |
\*---------------------------------------------------------------------------*/
Build  : 13-18870c24d21c
Exec   : foamRun -solver incompressibleFluid
Date   : Aug 08 2026
Time   : 22:11:49
Host   : "<compute-host>"
PID    : 342
I/O    : uncollated
Case   : <run-root>/design_C_balanced_revision
nProcs : 1
sigFpe : Enabling floating point exception trapping (FOAM_SIGFPE).
fileModificationChecking : Monitoring run-time modified files using timeStampMaster (fileModificationSkew 10)
allowSystemOperations : Allowing user-supplied system call operations

// * * * * * * * * * * * * * * * * * * * * * * * * * * * * * * * * * * * * * //
Create time

Create mesh for time = 0

Selecting solver incompressibleFluid
Selecting viscosity model constant
Selecting turbulence model type RAS
    Selecting RAS turbulence model kOmegaSST
No MRF models present

Selecting patchDistMethod meshWave

SIMPLE: Convergence criteria found
        p: tolerance 0.0001
        U: tolerance 1e-05
        k: tolerance 1e-05
        omega: tolerance 1e-05


SIMPLE: Operating solver in steady-state mode with 1 outer corrector
SIMPLE: Operating solver in SIMPLE mode



Starting time loop

Time = 1s

smoothSolver:  Solving for Ux, Initial residual = 1, Final residual = 0.025153101, No Iterations 2
smoothSolver:  Solving for Uy, Initial residual = 1, Final residual = 0.03622165, No Iterations 3
smoothSolver:  Solving for Uz, Initial residual = 1, Final residual = 0.036011266, No Iterations 3
GAMG:  Solving for p, Initial residual = 1, Final residual = 0.004559769, No Iterations 7
GAMG:  Solving for p, Initial residual = 0.048074939, Final residual = 0.000251365, No Iterations 3
time step continuity errors : sum local = 0.0063366655, global = 0.00071763144, cumulative = 0.00071763144
smoothSolver:  Solving for omega, Initial residual = 0.017632092, Final residual = 7.687742e-05, No Iterations 2
smoothSolver:  Solving for k, Initial residual = 1, Final residual = 0.011710436, No Iterations 2
ExecutionTime = 3.021071 s  ClockTime = 3 s

Time = 2s

smoothSolver:  Solving for Ux, Initial residual = 0.25885409, Final residual = 0.0046429659, No Iterations 3
smoothSolver:  Solving for Uy, Initial residual = 0.33833157, Final residual = 0.0061953684, No Iterations 3
smoothSolver:  Solving for Uz, Initial residual = 0.34054722, Final residual = 0.0062097653, No Iterations 3
GAMG:  Solving for p, Initial residual = 0.14882906, Final residual = 0.0012065711, No Iterations 6
GAMG:  Solving for p, Initial residual = 0.068991317, Final residual = 0.00049293312, No Iterations 3
time step continuity errors : sum local = 0.0091731866, global = -0.0010517883, cumulative = -0.00033415689
smoothSolver:  Solving for omega, Initial residual = 0.0061030495, Final residual = 3.5752924e-05, No Iterations 2
smoothSolver:  Solving for k, Initial residual = 0.18518466, Final residual = 0.0015960061, No Iterations 2
ExecutionTime = 4.307926 s  ClockTime = 5 s

Time = 3s

smoothSolver:  Solving for Ux, Initial residual = 0.063928249, Final residual = 0.0011075211, No Iterations 3
smoothSolver:  Solving for Uy, Initial residual = 0.16635123, Final residual = 0.007759285, No Iterations 2
smoothSolver:  Solving for Uz, Initial residual = 0.16846395, Final residual = 0.0078013763, No Iterations 2
GAMG:  Solving for p, Initial residual = 0.17610143, Final residual = 0.0012095061, No Iterations 4
GAMG:  Solving for p, Initial residual = 0.023822948, Final residual = 0.0001830072, No Iterations 3
time step continuity errors : sum local = 0.0026159548, global = -0.00026925681, cumulative = -0.0006034137
smoothSolver:  Solving for omega, Initial residual = 0.0053148787, Final residual = 3.4623996e-05, No Iterations 2
smoothSolver:  Solving for k, Initial residual = 0.18129665, Final residual = 0.0016789207, No Iterations 2
ExecutionTime = 5.479034 s  ClockTime = 6 s

Time = 4s

smoothSolver:  Solving for Ux, Initial residual = 0.041530308, Final residual = 0.00059377478, No Iterations 3
smoothSolver:  Solving for Uy, Initial residual = 0.13244625, Final residual = 0.0020451594, No Iterations 3
smoothSolver:  Solving for Uz, Initial residual = 0.13458275, Final residual = 0.0020576281, No Iterations 3
GAMG:  Solving for p, Initial residual = 0.13695547, Final residual = 0.00071551649, No Iterations 4
GAMG:  Solving for p, Initial residual = 0.015247264, Final residual = 0.00012097553, No Iterations 3
time step continuity errors : sum local = 0.0013853447, global = -1.4588766e-05, cumulative = -0.00061800247
smoothSolver:  Solving for omega, Initial residual = 0.0046277522, Final residual = 3.3177677e-05, No Iterations 2
smoothSolver:  Solving for k, Initial residual = 0.15054893, Final residual = 0.0013850967, No Iterations 2
ExecutionTime = 6.813274 s  ClockTime = 7 s

Time = 5s

smoothSolver:  Solving for Ux, Initial residual = 0.036761112, Final residual = 0.00050634708, No Iterations 3
smoothSolver:  Solving for Uy, Initial residual = 0.11677833, Final residual = 0.0018957077, No Iterations 3
smoothSolver:  Solving for Uz, Initial residual = 0.11840656, Final residual = 0.0019059871, No Iterations 3
GAMG:  Solving for p, Initial residual = 0.10666711, Final residual = 0.0005532259, No Iterations 4
GAMG:  Solving for p, Initial residual = 0.010133161, Final residual = 6.4540369e-05, No Iterations 3
time step continuity errors : sum local = 0.00072794647, global = 0.00018156471, cumulative = -0.00043643776
smoothSolver:  Solving for omega, Initial residual = 0.0041496268, Final residual = 2.8063948e-05, No Iterations 2
smoothSolver:  Solving for k, Initial residual = 0.12415087, Final residual = 0.0010912531, No Iterations 2
ExecutionTime = 7.981215 s  ClockTime = 8 s

Time = 6s

smoothSolver:  Solving for Ux, Initial residual = 0.034264359, Final residual = 0.00045083511, No Iterations 3
smoothSolver:  Solving for Uy, Initial residual = 0.10430128, Final residual = 0.001691229, No Iterations 3
smoothSolver:  Solving for Uz, Initial residual = 0.10540662, Final residual = 0.0017004755, No Iterations 3
GAMG:  Solving for p, Initial residual = 0.094171411, Final residual = 0.00043518225, No Iterations 4
GAMG:  Solving for p, Initial residual = 0.0079168474, Final residual = 4.865118e-05, No Iterations 3
time step continuity errors : sum local = 0.00056352503, global = 0.00017339473, cumulative = -0.00026304302
smoothSolver:  Solving for omega, Initial residual = 0.0038276067, Final residual = 2.5662087e-05, No Iterations 2
smoothSolver:  Solving for k, Initial residual = 0.10410706, Final residual = 0.00090907653, No Iterations 2
ExecutionTime = 9.20211 s  ClockTime = 10 s

Time = 7s

smoothSolver:  Solving for Ux, Initial residual = 0.032371194, Final residual = 0.0015771783, No Iterations 2
smoothSolver:  Solving for Uy, Initial residual = 0.096783798, Final residual = 0.0014788925, No Iterations 3
smoothSolver:  Solving for Uz, Initial residual = 0.097354132, Final residual = 0.0014870675, No Iterations 3
GAMG:  Solving for p, Initial residual = 0.09769851, Final residual = 0.00035738331, No Iterations 4
GAMG:  Solving for p, Initial residual = 0.0068229337, Final residual = 4.2601918e-05, No Iterations 3
time step continuity errors : sum local = 0.00052178275, global = 0.00013372782, cumulative = -0.0001293152
smoothSolver:  Solving for omega, Initial residual = 0.0035892643, Final residual = 2.4887596e-05, No Iterations 2
smoothSolver:  Solving for k, Initial residual = 0.089696349, Final residual = 0.00075318953, No Iterations 2
ExecutionTime = 10.626813 s  ClockTime = 11 s

Time = 8s

smoothSolver:  Solving for Ux, Initial residual = 0.030848196, Final residual = 0.0014510477, No Iterations 2
smoothSolver:  Solving for Uy, Initial residual = 0.090688515, Final residual = 0.0013076309, No Iterations 3
smoothSolver:  Solving for Uz, Initial residual = 0.090936047, Final residual = 0.0013130031, No Iterations 3
GAMG:  Solving for p, Initial residual = 0.097623263, Final residual = 0.00033393655, No Iterations 4
GAMG:  Solving for p, Initial residual = 0.0059597843, Final residual = 3.5333425e-05, No Iterations 3
time step continuity errors : sum local = 0.00045348023, global = -5.8547351e-06, cumulative = -0.00013516994
smoothSolver:  Solving for omega, Initial residual = 0.0034097356, Final residual = 2.4608157e-05, No Iterations 2
smoothSolver:  Solving for k, Initial residual = 0.079725545, Final residual = 0.00062779144, No Iterations 2
ExecutionTime = 11.889326 s  ClockTime = 12 s

Time = 9s

smoothSolver:  Solving for Ux, Initial residual = 0.029702874, Final residual = 0.0013411786, No Iterations 2
smoothSolver:  Solving for Uy, Initial residual = 0.086078081, Final residual = 0.0011688902, No Iterations 3
smoothSolver:  Solving for Uz, Initial residual = 0.086331785, Final residual = 0.0011754791, No Iterations 3
GAMG:  Solving for p, Initial residual = 0.090198554, Final residual = 0.00028404182, No Iterations 4
GAMG:  Solving for p, Initial residual = 0.0048151802, Final residual = 3.5163952e-05, No Iterations 3
time step continuity errors : sum local = 0.00046974984, global = -6.4684473e-05, cumulative = -0.00019985441
smoothSolver:  Solving for omega, Initial residual = 0.0032208293, Final residual = 2.3091834e-05, No Iterations 2
smoothSolver:  Solving for k, Initial residual = 0.072542782, Final residual = 0.00054564113, No Iterations 2
ExecutionTime = 13.156357 s  ClockTime = 14 s

Time = 10s

smoothSolver:  Solving for Ux, Initial residual = 0.028959791, Final residual = 0.0012532618, No Iterations 2
smoothSolver:  Solving for Uy, Initial residual = 0.082490627, Final residual = 0.0010529432, No Iterations 3
smoothSolver:  Solving for Uz, Initial residual = 0.082497704, Final residual = 0.0010576281, No Iterations 3
GAMG:  Solving for p, Initial residual = 0.082429725, Final residual = 0.00075267738, No Iterations 3
GAMG:  Solving for p, Initial residual = 0.0044057463, Final residual = 4.0167913e-05, No Iterations 3
time step continuity errors : sum local = 0.00054991637, global = 0.00016351711, cumulative = -3.6337307e-05
smoothSolver:  Solving for omega, Initial residual = 0.0030154528, Final residual = 2.133974e-05, No Iterations 2
smoothSolver:  Solving for k, Initial residual = 0.067347638, Final residual = 0.00047352328, No Iterations 2
ExecutionTime = 14.567605 s  ClockTime = 15 s

Time = 11s

smoothSolver:  Solving for Ux, Initial residual = 0.028114202, Final residual = 0.0011737418, No Iterations 2
smoothSolver:  Solving for Uy, Initial residual = 0.07888922, Final residual = 0.0038258869, No Iterations 2
smoothSolver:  Solving for Uz, Initial residual = 0.078742171, Final residual = 0.0038248321, No Iterations 2
GAMG:  Solving for p, Initial residual = 0.075983221, Final residual = 0.00061801735, No Iterations 3
GAMG:  Solving for p, Initial residual = 0.0036350178, Final residual = 3.0882039e-05, No Iterations 3
time step continuity errors : sum local = 0.00044722647, global = 0.00010508442, cumulative = 6.874711e-05
smoothSolver:  Solving for omega, Initial residual = 0.0028049033, Final residual = 1.9196485e-05, No Iterations 2
smoothSolver:  Solving for k, Initial residual = 0.063086733, Final residual = 0.00041937014, No Iterations 2
ExecutionTime = 16.142735 s  ClockTime = 17 s

Time = 12s

smoothSolver:  Solving for Ux, Initial residual = 0.027098871, Final residual = 0.0011062488, No Iterations 2
smoothSolver:  Solving for Uy, Initial residual = 0.076459954, Final residual = 0.0036084234, No Iterations 2
smoothSolver:  Solving for Uz, Initial residual = 0.076137235, Final residual = 0.0036022837, No Iterations 2
GAMG:  Solving for p, Initial residual = 0.069174972, Final residual = 0.00054263216, No Iterations 3
GAMG:  Solving for p, Initial residual = 0.0030131296, Final residual = 2.4655823e-05, No Iterations 3
time step continuity errors : sum local = 0.00037354848, global = 8.4168947e-05, cumulative = 0.00015291606
smoothSolver:  Solving for omega, Initial residual = 0.0026058553, Final residual = 1.7229036e-05, No Iterations 2
smoothSolver:  Solving for k, Initial residual = 0.059231828, Final residual = 0.00036825494, No Iterations 2
ExecutionTime = 17.983787 s  ClockTime = 18 s

Time = 13s

smoothSolver:  Solving for Ux, Initial residual = 0.026085028, Final residual = 0.0010594888, No Iterations 2
smoothSolver:  Solving for Uy, Initial residual = 0.07366847, Final residual = 0.0033967953, No Iterations 2
smoothSolver:  Solving for Uz, Initial residual = 0.073319549, Final residual = 0.003383858, No Iterations 2
GAMG:  Solving for p, Initial residual = 0.063586224, Final residual = 0.00049543823, No Iterations 3
GAMG:  Solving for p, Initial residual = 0.002495606, Final residual = 1.9985681e-05, No Iterations 3
time step continuity errors : sum local = 0.00031560549, global = 6.5490727e-05, cumulative = 0.00021840678
smoothSolver:  Solving for omega, Initial residual = 0.0024427698, Final residual = 1.6000863e-05, No Iterations 2
smoothSolver:  Solving for k, Initial residual = 0.055882617, Final residual = 0.00033459174, No Iterations 2
ExecutionTime = 19.562505 s  ClockTime = 20 s

Time = 14s

smoothSolver:  Solving for Ux, Initial residual = 0.025122667, Final residual = 0.0010198754, No Iterations 2
smoothSolver:  Solving for Uy, Initial residual = 0.071061835, Final residual = 0.003225611, No Iterations 2
smoothSolver:  Solving for Uz, Initial residual = 0.070658941, Final residual = 0.0032074799, No Iterations 2
GAMG:  Solving for p, Initial residual = 0.058638777, Final residual = 0.00046628848, No Iterations 3
GAMG:  Solving for p, Initial residual = 0.0021235821, Final residual = 1.6125164e-05, No Iterations 3
time step continuity errors : sum local = 0.00026456925, global = 4.0658899e-05, cumulative = 0.00025906568
smoothSolver:  Solving for omega, Initial residual = 0.0022995097, Final residual = 1.4758323e-05, No Iterations 2
smoothSolver:  Solving for k, Initial residual = 0.052874645, Final residual = 0.00030684007, No Iterations 2
ExecutionTime = 20.89634 s  ClockTime = 21 s

Time = 15s

smoothSolver:  Solving for Ux, Initial residual = 0.024146011, Final residual = 0.00097944312, No Iterations 2
smoothSolver:  Solving for Uy, Initial residual = 0.068539881, Final residual = 0.0030921057, No Iterations 2
smoothSolver:  Solving for Uz, Initial residual = 0.06814266, Final residual = 0.0030704208, No Iterations 2
GAMG:  Solving for p, Initial residual = 0.054064708, Final residual = 0.00044029954, No Iterations 3
GAMG:  Solving for p, Initial residual = 0.001885944, Final residual = 1.6176369e-05, No Iterations 3
time step continuity errors : sum local = 0.00027475566, global = 2.1801644e-05, cumulative = 0.00028086733
smoothSolver:  Solving for omega, Initial residual = 0.0021786495, Final residual = 1.3755277e-05, No Iterations 2
smoothSolver:  Solving for k, Initial residual = 0.050065547, Final residual = 0.00028076083, No Iterations 2
ExecutionTime = 22.392631 s  ClockTime = 23 s

Time = 16s

smoothSolver:  Solving for Ux, Initial residual = 0.023125207, Final residual = 0.00093774415, No Iterations 2
smoothSolver:  Solving for Uy, Initial residual = 0.066178555, Final residual = 0.0029860433, No Iterations 2
smoothSolver:  Solving for Uz, Initial residual = 0.06578591, Final residual = 0.0029603872, No Iterations 2
GAMG:  Solving for p, Initial residual = 0.050255533, Final residual = 0.00041492967, No Iterations 3
GAMG:  Solving for p, Initial residual = 0.0017031851, Final residual = 1.5643463e-05, No Iterations 3
time step continuity errors : sum local = 0.00027394154, global = 1.9148975e-05, cumulative = 0.0003000163
smoothSolver:  Solving for omega, Initial residual = 0.002056076, Final residual = 1.2819465e-05, No Iterations 2
smoothSolver:  Solving for k, Initial residual = 0.047636685, Final residual = 0.00025597538, No Iterations 2
ExecutionTime = 23.994729 s  ClockTime = 24 s

Time = 17s

smoothSolver:  Solving for Ux, Initial residual = 0.022143209, Final residual = 0.00089698184, No Iterations 2
smoothSolver:  Solving for Uy, Initial residual = 0.064023894, Final residual = 0.0028949254, No Iterations 2
smoothSolver:  Solving for Uz, Initial residual = 0.063607038, Final residual = 0.0028621671, No Iterations 2
GAMG:  Solving for p, Initial residual = 0.047330588, Final residual = 0.00038814272, No Iterations 3
GAMG:  Solving for p, Initial residual = 0.0015051806, Final residual = 1.4233412e-05, No Iterations 3
time step continuity errors : sum local = 0.00025614806, global = 1.7262279e-05, cumulative = 0.00031727858
smoothSolver:  Solving for omega, Initial residual = 0.0019501551, Final residual = 1.1957142e-05, No Iterations 2
smoothSolver:  Solving for k, Initial residual = 0.045573128, Final residual = 0.0002368248, No Iterations 2
ExecutionTime = 25.396315 s  ClockTime = 26 s

Time = 18s

smoothSolver:  Solving for Ux, Initial residual = 0.021209879, Final residual = 0.00085983606, No Iterations 2
smoothSolver:  Solving for Uy, Initial residual = 0.062076207, Final residual = 0.0028079233, No Iterations 2
smoothSolver:  Solving for Uz, Initial residual = 0.061622181, Final residual = 0.0027688311, No Iterations 2
GAMG:  Solving for p, Initial residual = 0.044831222, Final residual = 0.00036522606, No Iterations 3
GAMG:  Solving for p, Initial residual = 0.0012918786, Final residual = 5.5835994e-06, No Iterations 4
time step continuity errors : sum local = 0.0001030299, global = 9.8117868e-06, cumulative = 0.00032709037
smoothSolver:  Solving for omega, Initial residual = 0.0018616546, Final residual = 1.1471467e-05, No Iterations 2
smoothSolver:  Solving for k, Initial residual = 0.043842724, Final residual = 0.00022006257, No Iterations 2
ExecutionTime = 26.730478 s  ClockTime = 27 s

Time = 19s

smoothSolver:  Solving for Ux, Initial residual = 0.020361422, Final residual = 0.00082748576, No Iterations 2
smoothSolver:  Solving for Uy, Initial residual = 0.060165548, Final residual = 0.0027223622, No Iterations 2
smoothSolver:  Solving for Uz, Initial residual = 0.059747899, Final residual = 0.0026778899, No Iterations 2
GAMG:  Solving for p, Initial residual = 0.0423677, Final residual = 0.00034628878, No Iterations 3
GAMG:  Solving for p, Initial residual = 0.0011440286, Final residual = 5.1013557e-06, No Iterations 4
time step continuity errors : sum local = 9.637893e-05, global = 5.2866435e-06, cumulative = 0.00033237701
smoothSolver:  Solving for omega, Initial residual = 0.0017849515, Final residual = 1.088032e-05, No Iterations 2
smoothSolver:  Solving for k, Initial residual = 0.042300966, Final residual = 0.00020664137, No Iterations 2
ExecutionTime = 27.930599 s  ClockTime = 28 s

Time = 20s

smoothSolver:  Solving for Ux, Initial residual = 0.019627572, Final residual = 0.00079986223, No Iterations 2
smoothSolver:  Solving for Uy, Initial residual = 0.058178578, Final residual = 0.0026389346, No Iterations 2
smoothSolver:  Solving for Uz, Initial residual = 0.057780236, Final residual = 0.0025903797, No Iterations 2
GAMG:  Solving for p, Initial residual = 0.040060636, Final residual = 0.00033083635, No Iterations 3
GAMG:  Solving for p, Initial residual = 0.0010566895, Final residual = 4.9082822e-06, No Iterations 4
time step continuity errors : sum local = 9.4869572e-05, global = 3.6448425e-06, cumulative = 0.00033602186
smoothSolver:  Solving for omega, Initial residual = 0.0017086029, Final residual = 1.0431243e-05, No Iterations 2
smoothSolver:  Solving for k, Initial residual = 0.040873451, Final residual = 0.00019225107, No Iterations 2
ExecutionTime = 29.438213 s  ClockTime = 30 s

Time = 21s

smoothSolver:  Solving for Ux, Initial residual = 0.018982255, Final residual = 0.00077682619, No Iterations 2
smoothSolver:  Solving for Uy, Initial residual = 0.05621833, Final residual = 0.0025577828, No Iterations 2
smoothSolver:  Solving for Uz, Initial residual = 0.055827426, Final residual = 0.0025062158, No Iterations 2
GAMG:  Solving for p, Initial residual = 0.038110283, Final residual = 0.00031839058, No Iterations 3
GAMG:  Solving for p, Initial residual = 0.00098361066, Final residual = 4.7231976e-06, No Iterations 4
time step continuity errors : sum local = 9.3363615e-05, global = 2.0913318e-06, cumulative = 0.00033811319
smoothSolver:  Solving for omega, Initial residual = 0.0016388161, Final residual = 9.9351809e-06, No Iterations 2
smoothSolver:  Solving for k, Initial residual = 0.039581945, Final residual = 0.00017976301, No Iterations 2
ExecutionTime = 31.249446 s  ClockTime = 32 s

Time = 22s

smoothSolver:  Solving for Ux, Initial residual = 0.018394876, Final residual = 0.00075656719, No Iterations 2
smoothSolver:  Solving for Uy, Initial residual = 0.0543461, Final residual = 0.0024788464, No Iterations 2
smoothSolver:  Solving for Uz, Initial residual = 0.053996009, Final residual = 0.0024251131, No Iterations 2
GAMG:  Solving for p, Initial residual = 0.036298756, Final residual = 0.00030766068, No Iterations 3
GAMG:  Solving for p, Initial residual = 0.00090480516, Final residual = 4.7207234e-06, No Iterations 4
time step continuity errors : sum local = 9.5378712e-05, global = 1.1052656e-06, cumulative = 0.00033921845
smoothSolver:  Solving for omega, Initial residual = 0.0015751907, Final residual = 9.5689194e-06, No Iterations 2
smoothSolver:  Solving for k, Initial residual = 0.038315278, Final residual = 0.00016864257, No Iterations 2
ExecutionTime = 32.841442 s  ClockTime = 33 s

Time = 23s

smoothSolver:  Solving for Ux, Initial residual = 0.017847353, Final residual = 0.00073775238, No Iterations 2
smoothSolver:  Solving for Uy, Initial residual = 0.052601751, Final residual = 0.0024024818, No Iterations 2
smoothSolver:  Solving for Uz, Initial residual = 0.052266361, Final residual = 0.0023474659, No Iterations 2
GAMG:  Solving for p, Initial residual = 0.034584065, Final residual = 0.00029882632, No Iterations 3
GAMG:  Solving for p, Initial residual = 0.00082562051, Final residual = 4.911939e-06, No Iterations 4
time step continuity errors : sum local = 0.00010136254, global = 2.6132605e-06, cumulative = 0.00034183171
smoothSolver:  Solving for omega, Initial residual = 0.0015220993, Final residual = 9.0287901e-06, No Iterations 2
smoothSolver:  Solving for k, Initial residual = 0.037264256, Final residual = 0.00016027235, No Iterations 2
ExecutionTime = 34.418919 s  ClockTime = 35 s

Time = 24s

smoothSolver:  Solving for Ux, Initial residual = 0.017344797, Final residual = 0.00072052916, No Iterations 2
smoothSolver:  Solving for Uy, Initial residual = 0.050966888, Final residual = 0.0023303391, No Iterations 2
smoothSolver:  Solving for Uz, Initial residual = 0.050633593, Final residual = 0.0022735693, No Iterations 2
GAMG:  Solving for p, Initial residual = 0.033007431, Final residual = 0.00029134642, No Iterations 3
GAMG:  Solving for p, Initial residual = 0.00077841387, Final residual = 5.1238359e-06, No Iterations 4
time step continuity errors : sum local = 0.00010787676, global = 7.8684017e-06, cumulative = 0.00034970011
smoothSolver:  Solving for omega, Initial residual = 0.0014710427, Final residual = 8.7458746e-06, No Iterations 2
smoothSolver:  Solving for k, Initial residual = 0.0363024, Final residual = 0.00015362286, No Iterations 2
ExecutionTime = 35.914943 s  ClockTime = 36 s

Time = 25s

smoothSolver:  Solving for Ux, Initial residual = 0.01689173, Final residual = 0.00070472032, No Iterations 2
smoothSolver:  Solving for Uy, Initial residual = 0.049441617, Final residual = 0.0022630266, No Iterations 2
smoothSolver:  Solving for Uz, Initial residual = 0.049075187, Final residual = 0.0022043856, No Iterations 2
GAMG:  Solving for p, Initial residual = 0.031669279, Final residual = 0.0002841296, No Iterations 3
GAMG:  Solving for p, Initial residual = 0.00074269849, Final residual = 5.4193069e-06, No Iterations 4
time step continuity errors : sum local = 0.00011630115, global = 1.6839375e-05, cumulative = 0.00036653949
smoothSolver:  Solving for omega, Initial residual = 0.0014345013, Final residual = 8.4071893e-06, No Iterations 2
smoothSolver:  Solving for k, Initial residual = 0.035376024, Final residual = 0.00014696726, No Iterations 2
ExecutionTime = 37.286653 s  ClockTime = 38 s

Time = 26s

smoothSolver:  Solving for Ux, Initial residual = 0.016481778, Final residual = 0.00069007751, No Iterations 2
smoothSolver:  Solving for Uy, Initial residual = 0.04804678, Final residual = 0.0022014726, No Iterations 2
smoothSolver:  Solving for Uz, Initial residual = 0.047637674, Final residual = 0.0021414386, No Iterations 2
GAMG:  Solving for p, Initial residual = 0.030319397, Final residual = 0.00027665423, No Iterations 3
GAMG:  Solving for p, Initial residual = 0.00069501472, Final residual = 5.8247375e-06, No Iterations 4
time step continuity errors : sum local = 0.00012734498, global = 3.1252458e-05, cumulative = 0.00039779195
smoothSolver:  Solving for omega, Initial residual = 0.0013908766, Final residual = 8.1459984e-06, No Iterations 2
smoothSolver:  Solving for k, Initial residual = 0.034597948, Final residual = 0.00014158762, No Iterations 2
ExecutionTime = 38.579636 s  ClockTime = 39 s

Time = 27s

smoothSolver:  Solving for Ux, Initial residual = 0.016098741, Final residual = 0.00067647724, No Iterations 2
smoothSolver:  Solving for Uy, Initial residual = 0.046795147, Final residual = 0.0021450029, No Iterations 2
smoothSolver:  Solving for Uz, Initial residual = 0.046371738, Final residual = 0.0020851567, No Iterations 2
GAMG:  Solving for p, Initial residual = 0.02902855, Final residual = 0.00026787425, No Iterations 3
GAMG:  Solving for p, Initial residual = 0.00063561202, Final residual = 5.7148091e-06, No Iterations 4
time step continuity errors : sum local = 0.00012727517, global = 4.2918652e-05, cumulative = 0.0004407106
smoothSolver:  Solving for omega, Initial residual = 0.0013607159, Final residual = 7.8357612e-06, No Iterations 2
smoothSolver:  Solving for k, Initial residual = 0.033862598, Final residual = 0.00013753295, No Iterations 2
ExecutionTime = 39.835978 s  ClockTime = 40 s

Time = 28s

smoothSolver:  Solving for Ux, Initial residual = 0.015738441, Final residual = 0.00066366584, No Iterations 2
smoothSolver:  Solving for Uy, Initial residual = 0.045685494, Final residual = 0.0020933742, No Iterations 2
smoothSolver:  Solving for Uz, Initial residual = 0.045253016, Final residual = 0.0020351442, No Iterations 2
GAMG:  Solving for p, Initial residual = 0.027712697, Final residual = 0.00025800914, No Iterations 3
GAMG:  Solving for p, Initial residual = 0.00058825507, Final residual = 5.2186672e-06, No Iterations 4
time step continuity errors : sum local = 0.00011839758, global = 3.9340919e-05, cumulative = 0.00048005152
smoothSolver:  Solving for omega, Initial residual = 0.0013306026, Final residual = 7.683011e-06, No Iterations 2
smoothSolver:  Solving for k, Initial residual = 0.033253455, Final residual = 0.00013309101, No Iterations 2
ExecutionTime = 41.058668 s  ClockTime = 42 s

Time = 29s

smoothSolver:  Solving for Ux, Initial residual = 0.015398012, Final residual = 0.00065149705, No Iterations 2
smoothSolver:  Solving for Uy, Initial residual = 0.044673202, Final residual = 0.0020462579, No Iterations 2
smoothSolver:  Solving for Uz, Initial residual = 0.044283977, Final residual = 0.0019906161, No Iterations 2
GAMG:  Solving for p, Initial residual = 0.026590216, Final residual = 0.00024722234, No Iterations 3
GAMG:  Solving for p, Initial residual = 0.00055114747, Final residual = 4.8002365e-06, No Iterations 4
time step continuity errors : sum local = 0.00011094091, global = 3.2709735e-05, cumulative = 0.00051276125
smoothSolver:  Solving for omega, Initial residual = 0.0013026268, Final residual = 7.3402835e-06, No Iterations 2
smoothSolver:  Solving for k, Initial residual = 0.032725617, Final residual = 0.00012947771, No Iterations 2
ExecutionTime = 42.259508 s  ClockTime = 43 s

Time = 30s

smoothSolver:  Solving for Ux, Initial residual = 0.015075927, Final residual = 0.00063991697, No Iterations 2
smoothSolver:  Solving for Uy, Initial residual = 0.043760487, Final residual = 0.0020028123, No Iterations 2
smoothSolver:  Solving for Uz, Initial residual = 0.043450774, Final residual = 0.0019510194, No Iterations 2
GAMG:  Solving for p, Initial residual = 0.025552596, Final residual = 0.00023672501, No Iterations 3
GAMG:  Solving for p, Initial residual = 0.00051962683, Final residual = 4.3667024e-06, No Iterations 4
time step continuity errors : sum local = 0.00010282565, global = 2.7876301e-05, cumulative = 0.00054063755
smoothSolver:  Solving for omega, Initial residual = 0.00127787, Final residual = 7.1995868e-06, No Iterations 2
smoothSolver:  Solving for k, Initial residual = 0.032278005, Final residual = 0.00012637124, No Iterations 2
ExecutionTime = 43.789578 s  ClockTime = 44 s

Time = 31s

smoothSolver:  Solving for Ux, Initial residual = 0.014767321, Final residual = 0.00062866012, No Iterations 2
smoothSolver:  Solving for Uy, Initial residual = 0.042935214, Final residual = 0.001962556, No Iterations 2
smoothSolver:  Solving for Uz, Initial residual = 0.042744631, Final residual = 0.0019153979, No Iterations 2
GAMG:  Solving for p, Initial residual = 0.024690591, Final residual = 0.00022578157, No Iterations 3
GAMG:  Solving for p, Initial residual = 0.00048348375, Final residual = 3.8763293e-06, No Iterations 4
time step continuity errors : sum local = 9.2995436e-05, global = 2.2690914e-05, cumulative = 0.00056332847
smoothSolver:  Solving for omega, Initial residual = 0.0012620604, Final residual = 7.0254277e-06, No Iterations 2
smoothSolver:  Solving for k, Initial residual = 0.031906945, Final residual = 0.00012359005, No Iterations 2
ExecutionTime = 45.188891 s  ClockTime = 46 s

Time = 32s

smoothSolver:  Solving for Ux, Initial residual = 0.014471173, Final residual = 0.00061776061, No Iterations 2
smoothSolver:  Solving for Uy, Initial residual = 0.042197964, Final residual = 0.0019249341, No Iterations 2
smoothSolver:  Solving for Uz, Initial residual = 0.042127607, Final residual = 0.0018832067, No Iterations 2
GAMG:  Solving for p, Initial residual = 0.023873182, Final residual = 0.00021425487, No Iterations 3
GAMG:  Solving for p, Initial residual = 0.00045320713, Final residual = 3.284495e-06, No Iterations 4
time step continuity errors : sum local = 8.0267626e-05, global = 1.9038193e-05, cumulative = 0.00058236666
smoothSolver:  Solving for omega, Initial residual = 0.0012443128, Final residual = 7.0070399e-06, No Iterations 2
smoothSolver:  Solving for k, Initial residual = 0.03159097, Final residual = 0.00012117625, No Iterations 2
ExecutionTime = 46.347835 s  ClockTime = 47 s

Time = 33s

smoothSolver:  Solving for Ux, Initial residual = 0.014186582, Final residual = 0.00060722772, No Iterations 2
smoothSolver:  Solving for Uy, Initial residual = 0.041541163, Final residual = 0.0018896759, No Iterations 2
smoothSolver:  Solving for Uz, Initial residual = 0.041584388, Final residual = 0.0018542896, No Iterations 2
GAMG:  Solving for p, Initial residual = 0.023163304, Final residual = 0.0002035153, No Iterations 3
GAMG:  Solving for p, Initial residual = 0.0004266331, Final residual = 2.7199166e-06, No Iterations 4
time step continuity errors : sum local = 6.7682055e-05, global = 1.2919501e-05, cumulative = 0.00059528616
smoothSolver:  Solving for omega, Initial residual = 0.00123364, Final residual = 6.8153773e-06, No Iterations 2
smoothSolver:  Solving for k, Initial residual = 0.031330894, Final residual = 0.0001192458, No Iterations 2
ExecutionTime = 47.558162 s  ClockTime = 48 s

Time = 34s

smoothSolver:  Solving for Ux, Initial residual = 0.013914481, Final residual = 0.00059702084, No Iterations 2
smoothSolver:  Solving for Uy, Initial residual = 0.040951955, Final residual = 0.001857427, No Iterations 2
smoothSolver:  Solving for Uz, Initial residual = 0.041081007, Final residual = 0.0018277632, No Iterations 2
GAMG:  Solving for p, Initial residual = 0.022432253, Final residual = 0.00019411921, No Iterations 3
GAMG:  Solving for p, Initial residual = 0.00040411344, Final residual = 3.1607844e-06, No Iterations 4
time step continuity errors : sum local = 8.008043e-05, global = -5.0372623e-06, cumulative = 0.0005902489
smoothSolver:  Solving for omega, Initial residual = 0.0012223873, Final residual = 6.7573344e-06, No Iterations 2
smoothSolver:  Solving for k, Initial residual = 0.03113965, Final residual = 0.00011758304, No Iterations 2
ExecutionTime = 48.811066 s  ClockTime = 49 s

Time = 35s

smoothSolver:  Solving for Ux, Initial residual = 0.013656887, Final residual = 0.00058720907, No Iterations 2
smoothSolver:  Solving for Uy, Initial residual = 0.040410171, Final residual = 0.0018273691, No Iterations 2
smoothSolver:  Solving for Uz, Initial residual = 0.040615346, Final residual = 0.0018037356, No Iterations 2
GAMG:  Solving for p, Initial residual = 0.021743395, Final residual = 0.00018630163, No Iterations 3
GAMG:  Solving for p, Initial residual = 0.00038158737, Final residual = 3.5239796e-06, No Iterations 4
time step continuity errors : sum local = 9.0870737e-05, global = -2.5458717e-05, cumulative = 0.00056479018
smoothSolver:  Solving for omega, Initial residual = 0.0012183161, Final residual = 6.6168418e-06, No Iterations 2
smoothSolver:  Solving for k, Initial residual = 0.030975063, Final residual = 0.00011639108, No Iterations 2
ExecutionTime = 50.198134 s  ClockTime = 51 s

Time = 36s

smoothSolver:  Solving for Ux, Initial residual = 0.013411611, Final residual = 0.00057785052, No Iterations 2
smoothSolver:  Solving for Uy, Initial residual = 0.039925347, Final residual = 0.0018002298, No Iterations 2
smoothSolver:  Solving for Uz, Initial residual = 0.040178871, Final residual = 0.0017813478, No Iterations 2
GAMG:  Solving for p, Initial residual = 0.021127704, Final residual = 0.0001801611, No Iterations 3
GAMG:  Solving for p, Initial residual = 0.00036308105, Final residual = 3.3987003e-06, No Iterations 4
time step continuity errors : sum local = 8.9173568e-05, global = -3.7764081e-05, cumulative = 0.0005270261
smoothSolver:  Solving for omega, Initial residual = 0.0012134195, Final residual = 6.6225895e-06, No Iterations 2
smoothSolver:  Solving for k, Initial residual = 0.030868348, Final residual = 0.00011560374, No Iterations 2
ExecutionTime = 52.136564 s  ClockTime = 53 s

Time = 37s

smoothSolver:  Solving for Ux, Initial residual = 0.013176346, Final residual = 0.00056886402, No Iterations 2
smoothSolver:  Solving for Uy, Initial residual = 0.039489679, Final residual = 0.0017756523, No Iterations 2
smoothSolver:  Solving for Uz, Initial residual = 0.039788351, Final residual = 0.0017606958, No Iterations 2
GAMG:  Solving for p, Initial residual = 0.020557158, Final residual = 0.00017619184, No Iterations 3
GAMG:  Solving for p, Initial residual = 0.00034742956, Final residual = 3.214823e-06, No Iterations 4
time step continuity errors : sum local = 8.5803837e-05, global = -4.2373714e-05, cumulative = 0.00048465239
smoothSolver:  Solving for omega, Initial residual = 0.0012083042, Final residual = 6.4662728e-06, No Iterations 2
smoothSolver:  Solving for k, Initial residual = 0.030786854, Final residual = 0.0001146286, No Iterations 2
ExecutionTime = 53.946146 s  ClockTime = 54 s

Time = 38s

smoothSolver:  Solving for Ux, Initial residual = 0.012949714, Final residual = 0.00056025848, No Iterations 2
smoothSolver:  Solving for Uy, Initial residual = 0.039107346, Final residual = 0.0017537982, No Iterations 2
smoothSolver:  Solving for Uz, Initial residual = 0.039400712, Final residual = 0.0017413168, No Iterations 2
GAMG:  Solving for p, Initial residual = 0.020100839, Final residual = 0.00017346038, No Iterations 3
GAMG:  Solving for p, Initial residual = 0.00033369617, Final residual = 3.1587673e-06, No Iterations 4
time step continuity errors : sum local = 8.5736751e-05, global = -4.4963774e-05, cumulative = 0.00043968862
smoothSolver:  Solving for omega, Initial residual = 0.0012027765, Final residual = 6.4522039e-06, No Iterations 2
smoothSolver:  Solving for k, Initial residual = 0.03076667, Final residual = 0.00011436543, No Iterations 2
ExecutionTime = 55.760487 s  ClockTime = 56 s

Time = 39s

smoothSolver:  Solving for Ux, Initial residual = 0.012731511, Final residual = 0.00055204453, No Iterations 2
smoothSolver:  Solving for Uy, Initial residual = 0.038778429, Final residual = 0.0017345026, No Iterations 2
smoothSolver:  Solving for Uz, Initial residual = 0.039038689, Final residual = 0.0017232571, No Iterations 2
GAMG:  Solving for p, Initial residual = 0.019688147, Final residual = 0.00017160169, No Iterations 3
GAMG:  Solving for p, Initial residual = 0.00032009811, Final residual = 3.1939686e-06, No Iterations 4
time step continuity errors : sum local = 8.8144304e-05, global = -4.6990926e-05, cumulative = 0.00039269769
smoothSolver:  Solving for omega, Initial residual = 0.0012046552, Final residual = 6.389821e-06, No Iterations 2
smoothSolver:  Solving for k, Initial residual = 0.030780018, Final residual = 0.00011440754, No Iterations 2
ExecutionTime = 57.196627 s  ClockTime = 58 s

Time = 40s

smoothSolver:  Solving for Ux, Initial residual = 0.012521242, Final residual = 0.00054411786, No Iterations 2
smoothSolver:  Solving for Uy, Initial residual = 0.038482078, Final residual = 0.0017174802, No Iterations 2
smoothSolver:  Solving for Uz, Initial residual = 0.038674083, Final residual = 0.001706581, No Iterations 2
GAMG:  Solving for p, Initial residual = 0.019321481, Final residual = 0.0001700473, No Iterations 3
GAMG:  Solving for p, Initial residual = 0.00030969104, Final residual = 1.2527355e-06, No Iterations 5
time step continuity errors : sum local = 3.5146155e-05, global = 8.6610243e-06, cumulative = 0.00040135871
smoothSolver:  Solving for omega, Initial residual = 0.0012018306, Final residual = 6.4265967e-06, No Iterations 2
smoothSolver:  Solving for k, Initial residual = 0.03083969, Final residual = 0.00011432101, No Iterations 2
ExecutionTime = 58.485383 s  ClockTime = 59 s

Time = 41s

smoothSolver:  Solving for Ux, Initial residual = 0.012318167, Final residual = 0.00053658874, No Iterations 2
smoothSolver:  Solving for Uy, Initial residual = 0.038226272, Final residual = 0.0017027789, No Iterations 2
smoothSolver:  Solving for Uz, Initial residual = 0.038313108, Final residual = 0.0016908663, No Iterations 2
GAMG:  Solving for p, Initial residual = 0.019045921, Final residual = 0.00016840841, No Iterations 3
GAMG:  Solving for p, Initial residual = 0.00030110161, Final residual = 1.2612895e-06, No Iterations 5
time step continuity errors : sum local = 3.5968477e-05, global = 8.3355814e-06, cumulative = 0.00040969429
smoothSolver:  Solving for omega, Initial residual = 0.0012015666, Final residual = 6.2900829e-06, No Iterations 2
smoothSolver:  Solving for k, Initial residual = 0.030886119, Final residual = 0.00011463542, No Iterations 2
ExecutionTime = 59.905192 s  ClockTime = 60 s

Time = 42s

smoothSolver:  Solving for Ux, Initial residual = 0.012125353, Final residual = 0.00052948326, No Iterations 2
smoothSolver:  Solving for Uy, Initial residual = 0.037998549, Final residual = 0.0016905838, No Iterations 2
smoothSolver:  Solving for Uz, Initial residual = 0.037951044, Final residual = 0.0016763464, No Iterations 2
GAMG:  Solving for p, Initial residual = 0.018789032, Final residual = 0.00016634438, No Iterations 3
GAMG:  Solving for p, Initial residual = 0.00029468601, Final residual = 1.2196144e-06, No Iterations 5
time step continuity errors : sum local = 3.5344805e-05, global = 7.7105464e-06, cumulative = 0.00041740484
smoothSolver:  Solving for omega, Initial residual = 0.0011989982, Final residual = 6.3267959e-06, No Iterations 2
smoothSolver:  Solving for k, Initial residual = 0.030985419, Final residual = 0.00011515771, No Iterations 2
ExecutionTime = 61.361468 s  ClockTime = 62 s

Time = 43s

smoothSolver:  Solving for Ux, Initial residual = 0.011941026, Final residual = 0.00052280158, No Iterations 2
smoothSolver:  Solving for Uy, Initial residual = 0.037805761, Final residual = 0.0016806052, No Iterations 2
smoothSolver:  Solving for Uz, Initial residual = 0.037594345, Final residual = 0.0016629815, No Iterations 2
GAMG:  Solving for p, Initial residual = 0.018600284, Final residual = 0.0001636207, No Iterations 3
GAMG:  Solving for p, Initial residual = 0.00028719595, Final residual = 1.1459791e-06, No Iterations 5
time step continuity errors : sum local = 3.3747393e-05, global = 6.7975306e-06, cumulative = 0.00042420237
smoothSolver:  Solving for omega, Initial residual = 0.0012013687, Final residual = 6.235165e-06, No Iterations 2
smoothSolver:  Solving for k, Initial residual = 0.031055558, Final residual = 0.00011591075, No Iterations 2
ExecutionTime = 62.595327 s  ClockTime = 63 s

Time = 44s

smoothSolver:  Solving for Ux, Initial residual = 0.011765486, Final residual = 0.00051652819, No Iterations 2
smoothSolver:  Solving for Uy, Initial residual = 0.037637922, Final residual = 0.0016724763, No Iterations 2
smoothSolver:  Solving for Uz, Initial residual = 0.037233322, Final residual = 0.0016502609, No Iterations 2
GAMG:  Solving for p, Initial residual = 0.018413864, Final residual = 0.00016120701, No Iterations 3
GAMG:  Solving for p, Initial residual = 0.0002806828, Final residual = 1.0810674e-06, No Iterations 5
time step continuity errors : sum local = 3.2348487e-05, global = 6.0983237e-06, cumulative = 0.0004303007
smoothSolver:  Solving for omega, Initial residual = 0.0011986493, Final residual = 6.2667568e-06, No Iterations 2
smoothSolver:  Solving for k, Initial residual = 0.031138022, Final residual = 0.00011643175, No Iterations 2
ExecutionTime = 63.929128 s  ClockTime = 64 s

Time = 45s

smoothSolver:  Solving for Ux, Initial residual = 0.011596816, Final residual = 0.00051072202, No Iterations 2
smoothSolver:  Solving for Uy, Initial residual = 0.037499902, Final residual = 0.0016664436, No Iterations 2
smoothSolver:  Solving for Uz, Initial residual = 0.036894064, Final residual = 0.0016381904, No Iterations 2
GAMG:  Solving for p, Initial residual = 0.018234601, Final residual = 0.00015833014, No Iterations 3
GAMG:  Solving for p, Initial residual = 0.00027440988, Final residual = 2.7375898e-06, No Iterations 4
time step continuity errors : sum local = 8.3215007e-05, global = -4.0226299e-05, cumulative = 0.0003900744
smoothSolver:  Solving for omega, Initial residual = 0.0012005557, Final residual = 6.1956296e-06, No Iterations 2
smoothSolver:  Solving for k, Initial residual = 0.031248952, Final residual = 0.00011777805, No Iterations 2
ExecutionTime = 65.725367 s  ClockTime = 66 s

Time = 46s

smoothSolver:  Solving for Ux, Initial residual = 0.011433724, Final residual = 0.00050527388, No Iterations 2
smoothSolver:  Solving for Uy, Initial residual = 0.037377678, Final residual = 0.0016619903, No Iterations 2
smoothSolver:  Solving for Uz, Initial residual = 0.036542939, Final residual = 0.0016273609, No Iterations 2
GAMG:  Solving for p, Initial residual = 0.018102985, Final residual = 0.00015543212, No Iterations 3
GAMG:  Solving for p, Initial residual = 0.00026888731, Final residual = 2.6050872e-06, No Iterations 4
time step continuity errors : sum local = 8.0432604e-05, global = -3.8057712e-05, cumulative = 0.00035201668
smoothSolver:  Solving for omega, Initial residual = 0.0011988017, Final residual = 6.2433511e-06, No Iterations 2
smoothSolver:  Solving for k, Initial residual = 0.031314476, Final residual = 0.00011851807, No Iterations 2
ExecutionTime = 67.469202 s  ClockTime = 68 s

Time = 47s

smoothSolver:  Solving for Ux, Initial residual = 0.011278129, Final residual = 0.00050016262, No Iterations 2
smoothSolver:  Solving for Uy, Initial residual = 0.037251152, Final residual = 0.0016589885, No Iterations 2
smoothSolver:  Solving for Uz, Initial residual = 0.036200503, Final residual = 0.0016168454, No Iterations 2
GAMG:  Solving for p, Initial residual = 0.01793449, Final residual = 0.00015179553, No Iterations 3
GAMG:  Solving for p, Initial residual = 0.0002621292, Final residual = 2.4937929e-06, No Iterations 4
time step continuity errors : sum local = 7.818889e-05, global = -3.7091007e-05, cumulative = 0.00031492568
smoothSolver:  Solving for omega, Initial residual = 0.0012017907, Final residual = 6.1582821e-06, No Iterations 2
smoothSolver:  Solving for k, Initial residual = 0.031385728, Final residual = 0.00012000029, No Iterations 2
ExecutionTime = 68.97774 s  ClockTime = 69 s

Time = 48s

smoothSolver:  Solving for Ux, Initial residual = 0.01112722, Final residual = 0.00049546137, No Iterations 2
smoothSolver:  Solving for Uy, Initial residual = 0.037128999, Final residual = 0.0016565653, No Iterations 2
smoothSolver:  Solving for Uz, Initial residual = 0.035836737, Final residual = 0.0016058408, No Iterations 2
GAMG:  Solving for p, Initial residual = 0.017822179, Final residual = 0.00014716095, No Iterations 3
GAMG:  Solving for p, Initial residual = 0.0002543655, Final residual = 2.3906027e-06, No Iterations 4
time step continuity errors : sum local = 7.6091995e-05, global = -3.6455873e-05, cumulative = 0.00027846981
smoothSolver:  Solving for omega, Initial residual = 0.0012008154, Final residual = 6.2175599e-06, No Iterations 2
smoothSolver:  Solving for k, Initial residual = 0.031440779, Final residual = 0.00012091046, No Iterations 2
ExecutionTime = 70.160198 s  ClockTime = 71 s

Time = 49s

smoothSolver:  Solving for Ux, Initial residual = 0.010982853, Final residual = 0.00049103579, No Iterations 2
smoothSolver:  Solving for Uy, Initial residual = 0.036975945, Final residual = 0.0016540482, No Iterations 2
smoothSolver:  Solving for Uz, Initial residual = 0.035461302, Final residual = 0.0015948315, No Iterations 2
GAMG:  Solving for p, Initial residual = 0.017686151, Final residual = 0.00014115002, No Iterations 3
GAMG:  Solving for p, Initial residual = 0.00024597572, Final residual = 2.2798662e-06, No Iterations 4
time step continuity errors : sum local = 7.3643083e-05, global = -3.6206681e-05, cumulative = 0.00024226312
smoothSolver:  Solving for omega, Initial residual = 0.0012003684, Final residual = 6.1726756e-06, No Iterations 2
smoothSolver:  Solving for k, Initial residual = 0.031490757, Final residual = 0.00012228735, No Iterations 2
ExecutionTime = 71.335541 s  ClockTime = 72 s

Time = 50s

smoothSolver:  Solving for Ux, Initial residual = 0.010844863, Final residual = 0.00048691169, No Iterations 2
smoothSolver:  Solving for Uy, Initial residual = 0.036801782, Final residual = 0.0016511185, No Iterations 2
smoothSolver:  Solving for Uz, Initial residual = 0.035065641, Final residual = 0.0015832302, No Iterations 2
GAMG:  Solving for p, Initial residual = 0.017589042, Final residual = 0.00013491849, No Iterations 3
GAMG:  Solving for p, Initial residual = 0.00023785152, Final residual = 2.1805271e-06, No Iterations 4
time step continuity errors : sum local = 7.1453398e-05, global = -3.5742591e-05, cumulative = 0.00020652053
smoothSolver:  Solving for omega, Initial residual = 0.0011961493, Final residual = 6.1444158e-06, No Iterations 2
smoothSolver:  Solving for k, Initial residual = 0.031493779, Final residual = 0.00012353768, No Iterations 2
ExecutionTime = 72.635233 s  ClockTime = 73 s

Time = 51s

smoothSolver:  Solving for Ux, Initial residual = 0.010710632, Final residual = 0.00048298278, No Iterations 2
smoothSolver:  Solving for Uy, Initial residual = 0.036584539, Final residual = 0.0016466158, No Iterations 2
smoothSolver:  Solving for Uz, Initial residual = 0.034644871, Final residual = 0.001570442, No Iterations 2
GAMG:  Solving for p, Initial residual = 0.017511281, Final residual = 0.00012991301, No Iterations 3
GAMG:  Solving for p, Initial residual = 0.00023223948, Final residual = 2.0839279e-06, No Iterations 4
time step continuity errors : sum local = 6.9248235e-05, global = -3.4529706e-05, cumulative = 0.00017199083
smoothSolver:  Solving for omega, Initial residual = 0.0011993076, Final residual = 6.0618202e-06, No Iterations 2
smoothSolver:  Solving for k, Initial residual = 0.031478277, Final residual = 0.00012470082, No Iterations 2
ExecutionTime = 73.905879 s  ClockTime = 74 s

Time = 52s

smoothSolver:  Solving for Ux, Initial residual = 0.01058065, Final residual = 0.00047928246, No Iterations 2
smoothSolver:  Solving for Uy, Initial residual = 0.036330212, Final residual = 0.0016410762, No Iterations 2
smoothSolver:  Solving for Uz, Initial residual = 0.034201315, Final residual = 0.001556759, No Iterations 2
GAMG:  Solving for p, Initial residual = 0.017437588, Final residual = 0.00012525286, No Iterations 3
GAMG:  Solving for p, Initial residual = 0.00022575059, Final residual = 2.0096156e-06, No Iterations 4
time step continuity errors : sum local = 6.7699557e-05, global = -3.3472036e-05, cumulative = 0.00013851879
smoothSolver:  Solving for omega, Initial residual = 0.0011978053, Final residual = 6.1186234e-06, No Iterations 2
smoothSolver:  Solving for k, Initial residual = 0.031432812, Final residual = 0.00012574422, No Iterations 2
ExecutionTime = 75.288754 s  ClockTime = 76 s

Time = 53s

smoothSolver:  Solving for Ux, Initial residual = 0.010455938, Final residual = 0.00047579555, No Iterations 2
smoothSolver:  Solving for Uy, Initial residual = 0.036020997, Final residual = 0.0016334199, No Iterations 2
smoothSolver:  Solving for Uz, Initial residual = 0.033724314, Final residual = 0.0015413967, No Iterations 2
GAMG:  Solving for p, Initial residual = 0.017358636, Final residual = 0.00012061473, No Iterations 3
GAMG:  Solving for p, Initial residual = 0.00021997699, Final residual = 1.9350388e-06, No Iterations 4
time step continuity errors : sum local = 6.6062163e-05, global = -3.2443545e-05, cumulative = 0.00010607525
smoothSolver:  Solving for omega, Initial residual = 0.0011967251, Final residual = 6.0579207e-06, No Iterations 2
smoothSolver:  Solving for k, Initial residual = 0.031347849, Final residual = 0.0001274, No Iterations 2
ExecutionTime = 76.678706 s  ClockTime = 77 s

Time = 54s

smoothSolver:  Solving for Ux, Initial residual = 0.010335327, Final residual = 0.00047265291, No Iterations 2
smoothSolver:  Solving for Uy, Initial residual = 0.035673741, Final residual = 0.0016240343, No Iterations 2
smoothSolver:  Solving for Uz, Initial residual = 0.033221281, Final residual = 0.0015247243, No Iterations 2
GAMG:  Solving for p, Initial residual = 0.017293618, Final residual = 0.00011577801, No Iterations 3
GAMG:  Solving for p, Initial residual = 0.00021199644, Final residual = 1.8387034e-06, No Iterations 4
time step continuity errors : sum local = 6.3601646e-05, global = -3.1491348e-05, cumulative = 7.4583899e-05
smoothSolver:  Solving for omega, Initial residual = 0.001193053, Final residual = 6.0296059e-06, No Iterations 2
smoothSolver:  Solving for k, Initial residual = 0.031262535, Final residual = 0.00012791215, No Iterations 2
ExecutionTime = 77.96706 s  ClockTime = 78 s

Time = 55s

smoothSolver:  Solving for Ux, Initial residual = 0.010219419, Final residual = 0.00046971951, No Iterations 2
smoothSolver:  Solving for Uy, Initial residual = 0.035263227, Final residual = 0.0016125402, No Iterations 2
smoothSolver:  Solving for Uz, Initial residual = 0.032689646, Final residual = 0.0015065768, No Iterations 2
GAMG:  Solving for p, Initial residual = 0.017189859, Final residual = 0.00011110368, No Iterations 3
GAMG:  Solving for p, Initial residual = 0.0002039813, Final residual = 1.7002355e-06, No Iterations 4
time step continuity errors : sum local = 5.9560351e-05, global = -2.9058311e-05, cumulative = 4.5525588e-05
smoothSolver:  Solving for omega, Initial residual = 0.0011954088, Final residual = 6.0410494e-06, No Iterations 2
smoothSolver:  Solving for k, Initial residual = 0.031159598, Final residual = 0.000129265, No Iterations 2
ExecutionTime = 79.243714 s  ClockTime = 80 s

Time = 56s

smoothSolver:  Solving for Ux, Initial residual = 0.010109733, Final residual = 0.00046723129, No Iterations 2
smoothSolver:  Solving for Uy, Initial residual = 0.034826452, Final residual = 0.0015993682, No Iterations 2
smoothSolver:  Solving for Uz, Initial residual = 0.032144184, Final residual = 0.0014872336, No Iterations 2
GAMG:  Solving for p, Initial residual = 0.017092733, Final residual = 0.0001056492, No Iterations 3
GAMG:  Solving for p, Initial residual = 0.00019384388, Final residual = 1.5203288e-06, No Iterations 4
time step continuity errors : sum local = 5.3913936e-05, global = -2.5827152e-05, cumulative = 1.9698436e-05
smoothSolver:  Solving for omega, Initial residual = 0.0011939647, Final residual = 6.0838069e-06, No Iterations 2
smoothSolver:  Solving for k, Initial residual = 0.031012739, Final residual = 0.00013022816, No Iterations 2
ExecutionTime = 80.522698 s  ClockTime = 81 s

Time = 57s

smoothSolver:  Solving for Ux, Initial residual = 0.010004973, Final residual = 0.00046503678, No Iterations 2
smoothSolver:  Solving for Uy, Initial residual = 0.034341833, Final residual = 0.0015844662, No Iterations 2
smoothSolver:  Solving for Uz, Initial residual = 0.031567598, Final residual = 0.0014662715, No Iterations 2
GAMG:  Solving for p, Initial residual = 0.016986454, Final residual = 0.0001003046, No Iterations 3
GAMG:  Solving for p, Initial residual = 0.00018433929, Final residual = 1.3088181e-06, No Iterations 4
time step continuity errors : sum local = 4.6955616e-05, global = -2.0671077e-05, cumulative = -9.7264161e-07
smoothSolver:  Solving for omega, Initial residual = 0.0011936106, Final residual = 6.0000547e-06, No Iterations 2
smoothSolver:  Solving for k, Initial residual = 0.030873144, Final residual = 0.00013121179, No Iterations 2
ExecutionTime = 81.827633 s  ClockTime = 82 s

Time = 58s

smoothSolver:  Solving for Ux, Initial residual = 0.0099069023, Final residual = 0.00046327811, No Iterations 2
smoothSolver:  Solving for Uy, Initial residual = 0.033830958, Final residual = 0.0015686144, No Iterations 2
smoothSolver:  Solving for Uz, Initial residual = 0.030982666, Final residual = 0.0014441928, No Iterations 2
GAMG:  Solving for p, Initial residual = 0.016928471, Final residual = 9.5414866e-05, No Iterations 3
GAMG:  Solving for p, Initial residual = 0.00017480045, Final residual = 1.1400529e-06, No Iterations 4
time step continuity errors : sum local = 4.1358901e-05, global = -1.2839285e-05, cumulative = -1.3811926e-05
smoothSolver:  Solving for omega, Initial residual = 0.0011904884, Final residual = 6.0179176e-06, No Iterations 2
smoothSolver:  Solving for k, Initial residual = 0.030720896, Final residual = 0.00013244724, No Iterations 2
ExecutionTime = 83.11032 s  ClockTime = 84 s

Time = 59s

smoothSolver:  Solving for Ux, Initial residual = 0.0098160341, Final residual = 0.00046185421, No Iterations 2
smoothSolver:  Solving for Uy, Initial residual = 0.033291114, Final residual = 0.0015512194, No Iterations 2
smoothSolver:  Solving for Uz, Initial residual = 0.030372233, Final residual = 0.0014207305, No Iterations 2
GAMG:  Solving for p, Initial residual = 0.01685001, Final residual = 9.1339567e-05, No Iterations 3
GAMG:  Solving for p, Initial residual = 0.00016679495, Final residual = 1.0635464e-06, No Iterations 4
time step continuity errors : sum local = 3.8993068e-05, global = 1.174842e-05, cumulative = -2.0635064e-06
smoothSolver:  Solving for omega, Initial residual = 0.001194103, Final residual = 6.0687332e-06, No Iterations 2
smoothSolver:  Solving for k, Initial residual = 0.030541182, Final residual = 0.0001338038, No Iterations 2
ExecutionTime = 84.486987 s  ClockTime = 85 s

Time = 60s

smoothSolver:  Solving for Ux, Initial residual = 0.009732296, Final residual = 0.00046078396, No Iterations 2
smoothSolver:  Solving for Uy, Initial residual = 0.032728322, Final residual = 0.0015333235, No Iterations 2
smoothSolver:  Solving for Uz, Initial residual = 0.029747297, Final residual = 0.0013962812, No Iterations 2
GAMG:  Solving for p, Initial residual = 0.016824287, Final residual = 8.7970974e-05, No Iterations 3
GAMG:  Solving for p, Initial residual = 0.00015866312, Final residual = 9.2500818e-07, No Iterations 4
time step continuity errors : sum local = 3.4254861e-05, global = 2.1894451e-05, cumulative = 1.9830944e-05
smoothSolver:  Solving for omega, Initial residual = 0.0011926143, Final residual = 6.0365671e-06, No Iterations 2
smoothSolver:  Solving for k, Initial residual = 0.030363816, Final residual = 0.00013371618, No Iterations 2
ExecutionTime = 86.13312 s  ClockTime = 87 s

Time = 61s

smoothSolver:  Solving for Ux, Initial residual = 0.0096597532, Final residual = 0.00046013537, No Iterations 2
smoothSolver:  Solving for Uy, Initial residual = 0.032147841, Final residual = 0.0015140598, No Iterations 2
smoothSolver:  Solving for Uz, Initial residual = 0.029127142, Final residual = 0.0013712711, No Iterations 2
GAMG:  Solving for p, Initial residual = 0.016782289, Final residual = 8.5207819e-05, No Iterations 3
GAMG:  Solving for p, Initial residual = 0.00015181887, Final residual = 9.0361696e-07, No Iterations 4
time step continuity errors : sum local = 3.3776326e-05, global = 2.2762642e-05, cumulative = 4.2593587e-05
smoothSolver:  Solving for omega, Initial residual = 0.0011910228, Final residual = 6.0439288e-06, No Iterations 2
smoothSolver:  Solving for k, Initial residual = 0.030194215, Final residual = 0.00013629499, No Iterations 2
ExecutionTime = 87.678692 s  ClockTime = 88 s

Time = 62s

smoothSolver:  Solving for Ux, Initial residual = 0.0095950819, Final residual = 0.00045985866, No Iterations 2
smoothSolver:  Solving for Uy, Initial residual = 0.031557946, Final residual = 0.0014944456, No Iterations 2
smoothSolver:  Solving for Uz, Initial residual = 0.028482014, Final residual = 0.0013455316, No Iterations 2
GAMG:  Solving for p, Initial residual = 0.01676738, Final residual = 8.3359601e-05, No Iterations 3
GAMG:  Solving for p, Initial residual = 0.00014723302, Final residual = 9.7057088e-07, No Iterations 4
time step continuity errors : sum local = 3.6584197e-05, global = 2.4535197e-05, cumulative = 6.7128783e-05
smoothSolver:  Solving for omega, Initial residual = 0.0011871501, Final residual = 6.0157911e-06, No Iterations 2
smoothSolver:  Solving for k, Initial residual = 0.029980456, Final residual = 0.00013710837, No Iterations 2
ExecutionTime = 89.364253 s  ClockTime = 90 s

Time = 63s

smoothSolver:  Solving for Ux, Initial residual = 0.0095417325, Final residual = 0.00045997291, No Iterations 2
smoothSolver:  Solving for Uy, Initial residual = 0.030958498, Final residual = 0.0014740191, No Iterations 2
smoothSolver:  Solving for Uz, Initial residual = 0.027860549, Final residual = 0.0013199202, No Iterations 2
GAMG:  Solving for p, Initial residual = 0.016807853, Final residual = 8.2188937e-05, No Iterations 3
GAMG:  Solving for p, Initial residual = 0.00014466076, Final residual = 9.3964848e-07, No Iterations 4
time step continuity errors : sum local = 3.568266e-05, global = 2.495029e-05, cumulative = 9.2079073e-05
smoothSolver:  Solving for omega, Initial residual = 0.0011910846, Final residual = 6.0431163e-06, No Iterations 2
smoothSolver:  Solving for k, Initial residual = 0.029813725, Final residual = 0.00013713705, No Iterations 2
ExecutionTime = 91.299525 s  ClockTime = 92 s

Time = 64s

smoothSolver:  Solving for Ux, Initial residual = 0.0094997882, Final residual = 0.00046055402, No Iterations 2
smoothSolver:  Solving for Uy, Initial residual = 0.030356491, Final residual = 0.0014534035, No Iterations 2
smoothSolver:  Solving for Uz, Initial residual = 0.027233661, Final residual = 0.0012943522, No Iterations 2
GAMG:  Solving for p, Initial residual = 0.016794613, Final residual = 8.2087986e-05, No Iterations 3
GAMG:  Solving for p, Initial residual = 0.00014327087, Final residual = 8.8532973e-07, No Iterations 4
time step continuity errors : sum local = 3.3845587e-05, global = 2.4171661e-05, cumulative = 0.00011625073
smoothSolver:  Solving for omega, Initial residual = 0.0011905162, Final residual = 6.0935779e-06, No Iterations 2
smoothSolver:  Solving for k, Initial residual = 0.029592796, Final residual = 0.00013911272, No Iterations 2
ExecutionTime = 93.060082 s  ClockTime = 94 s

Time = 65s

smoothSolver:  Solving for Ux, Initial residual = 0.0094681076, Final residual = 0.00046153461, No Iterations 2
smoothSolver:  Solving for Uy, Initial residual = 0.02976203, Final residual = 0.0014327447, No Iterations 2
smoothSolver:  Solving for Uz, Initial residual = 0.026633398, Final residual = 0.0012691708, No Iterations 2
GAMG:  Solving for p, Initial residual = 0.016825636, Final residual = 8.3159812e-05, No Iterations 3
GAMG:  Solving for p, Initial residual = 0.00014287882, Final residual = 8.3745805e-07, No Iterations 4
time step continuity errors : sum local = 3.2204531e-05, global = 2.1850921e-05, cumulative = 0.00013810166
smoothSolver:  Solving for omega, Initial residual = 0.0011896112, Final residual = 6.0211781e-06, No Iterations 2
smoothSolver:  Solving for k, Initial residual = 0.02940115, Final residual = 0.00013938504, No Iterations 2
ExecutionTime = 94.592954 s  ClockTime = 95 s

Time = 66s

smoothSolver:  Solving for Ux, Initial residual = 0.0094504046, Final residual = 0.00046304802, No Iterations 2
smoothSolver:  Solving for Uy, Initial residual = 0.029184695, Final residual = 0.0014125459, No Iterations 2
smoothSolver:  Solving for Uz, Initial residual = 0.026058478, Final residual = 0.0012450123, No Iterations 2
GAMG:  Solving for p, Initial residual = 0.016788854, Final residual = 8.5407396e-05, No Iterations 3
GAMG:  Solving for p, Initial residual = 0.00014373435, Final residual = 9.0214527e-07, No Iterations 4
time step continuity errors : sum local = 3.4863549e-05, global = 1.5415296e-05, cumulative = 0.00015351695
smoothSolver:  Solving for omega, Initial residual = 0.0011906327, Final residual = 6.0380857e-06, No Iterations 2
smoothSolver:  Solving for k, Initial residual = 0.029190086, Final residual = 0.00013975934, No Iterations 2
ExecutionTime = 96.010795 s  ClockTime = 96 s

Time = 67s

smoothSolver:  Solving for Ux, Initial residual = 0.0094441862, Final residual = 0.00046512455, No Iterations 2
smoothSolver:  Solving for Uy, Initial residual = 0.028628497, Final residual = 0.0013927516, No Iterations 2
smoothSolver:  Solving for Uz, Initial residual = 0.02552576, Final residual = 0.00122204, No Iterations 2
GAMG:  Solving for p, Initial residual = 0.016771299, Final residual = 8.8694212e-05, No Iterations 3
GAMG:  Solving for p, Initial residual = 0.00014587933, Final residual = 8.2821123e-07, No Iterations 4
time step continuity errors : sum local = 3.214753e-05, global = 1.3037938e-05, cumulative = 0.00016655489
smoothSolver:  Solving for omega, Initial residual = 0.0011945501, Final residual = 6.0351298e-06, No Iterations 2
smoothSolver:  Solving for k, Initial residual = 0.02899016, Final residual = 0.00014079566, No Iterations 2
ExecutionTime = 97.338717 s  ClockTime = 98 s

Time = 68s

smoothSolver:  Solving for Ux, Initial residual = 0.0094559621, Final residual = 0.00046773287, No Iterations 2
smoothSolver:  Solving for Uy, Initial residual = 0.02810905, Final residual = 0.0013739775, No Iterations 2
smoothSolver:  Solving for Uz, Initial residual = 0.025019388, Final residual = 0.001200361, No Iterations 2
GAMG:  Solving for p, Initial residual = 0.016744653, Final residual = 9.2500991e-05, No Iterations 3
GAMG:  Solving for p, Initial residual = 0.00014906946, Final residual = 8.8970918e-07, No Iterations 4
time step continuity errors : sum local = 3.4669783e-05, global = 1.3126182e-05, cumulative = 0.00017968107
smoothSolver:  Solving for omega, Initial residual = 0.0011971323, Final residual = 6.1216479e-06, No Iterations 2
smoothSolver:  Solving for k, Initial residual = 0.028829455, Final residual = 0.0001410765, No Iterations 2
ExecutionTime = 98.5779 s  ClockTime = 99 s

Time = 69s

smoothSolver:  Solving for Ux, Initial residual = 0.0094796244, Final residual = 0.00047082665, No Iterations 2
smoothSolver:  Solving for Uy, Initial residual = 0.027626388, Final residual = 0.0013560883, No Iterations 2
smoothSolver:  Solving for Uz, Initial residual = 0.024557308, Final residual = 0.0011803482, No Iterations 2
GAMG:  Solving for p, Initial residual = 0.016740312, Final residual = 9.6455337e-05, No Iterations 3
GAMG:  Solving for p, Initial residual = 0.00015318156, Final residual = 6.8923743e-07, No Iterations 4
time step continuity errors : sum local = 2.6945529e-05, global = 4.0990931e-06, cumulative = 0.00018378016
smoothSolver:  Solving for omega, Initial residual = 0.0012019551, Final residual = 6.1308507e-06, No Iterations 2
smoothSolver:  Solving for k, Initial residual = 0.028638735, Final residual = 0.00014210922, No Iterations 2
ExecutionTime = 100.31281 s  ClockTime = 101 s

Time = 70s

smoothSolver:  Solving for Ux, Initial residual = 0.0095168564, Final residual = 0.00047433895, No Iterations 2
smoothSolver:  Solving for Uy, Initial residual = 0.027187801, Final residual = 0.0013397435, No Iterations 2
smoothSolver:  Solving for Uz, Initial residual = 0.024143762, Final residual = 0.0011625749, No Iterations 2
GAMG:  Solving for p, Initial residual = 0.016757037, Final residual = 0.00010003161, No Iterations 3
GAMG:  Solving for p, Initial residual = 0.00015720649, Final residual = 9.4951725e-07, No Iterations 4
time step continuity errors : sum local = 3.7227799e-05, global = 1.2816163e-05, cumulative = 0.00019659633
smoothSolver:  Solving for omega, Initial residual = 0.0012035175, Final residual = 6.1474913e-06, No Iterations 2
smoothSolver:  Solving for k, Initial residual = 0.028491472, Final residual = 0.00014293428, No Iterations 2
ExecutionTime = 102.16188 s  ClockTime = 103 s

Time = 71s

smoothSolver:  Solving for Ux, Initial residual = 0.0095671148, Final residual = 0.00047816077, No Iterations 2
smoothSolver:  Solving for Uy, Initial residual = 0.026782444, Final residual = 0.0013242544, No Iterations 2
smoothSolver:  Solving for Uz, Initial residual = 0.023764898, Final residual = 0.0011465731, No Iterations 2
GAMG:  Solving for p, Initial residual = 0.016809325, Final residual = 0.00010301962, No Iterations 3
GAMG:  Solving for p, Initial residual = 0.00016136104, Final residual = 1.2076017e-06, No Iterations 4
time step continuity errors : sum local = 4.74364e-05, global = 1.8304301e-05, cumulative = 0.00021490063
smoothSolver:  Solving for omega, Initial residual = 0.0012099847, Final residual = 6.1362689e-06, No Iterations 2
smoothSolver:  Solving for k, Initial residual = 0.028337947, Final residual = 0.00014349288, No Iterations 2
ExecutionTime = 103.71211 s  ClockTime = 104 s

Time = 72s

smoothSolver:  Solving for Ux, Initial residual = 0.0096262895, Final residual = 0.00011652119, No Iterations 3
smoothSolver:  Solving for Uy, Initial residual = 0.026420101, Final residual = 0.0013107771, No Iterations 2
smoothSolver:  Solving for Uz, Initial residual = 0.023422771, Final residual = 0.0011327713, No Iterations 2
GAMG:  Solving for p, Initial residual = 0.017075607, Final residual = 0.00010922208, No Iterations 3
GAMG:  Solving for p, Initial residual = 0.00017011694, Final residual = 1.4531704e-06, No Iterations 4
time step continuity errors : sum local = 5.711512e-05, global = 2.4341119e-05, cumulative = 0.00023924175
smoothSolver:  Solving for omega, Initial residual = 0.0012153433, Final residual = 6.2141475e-06, No Iterations 2
smoothSolver:  Solving for k, Initial residual = 0.028188006, Final residual = 0.00014452468, No Iterations 2
ExecutionTime = 105.30103 s  ClockTime = 106 s

Time = 73s

smoothSolver:  Solving for Ux, Initial residual = 0.0096372882, Final residual = 0.00011667843, No Iterations 3
smoothSolver:  Solving for Uy, Initial residual = 0.026283508, Final residual = 0.0013094942, No Iterations 2
smoothSolver:  Solving for Uz, Initial residual = 0.023296406, Final residual = 0.0011311655, No Iterations 2
GAMG:  Solving for p, Initial residual = 0.017003497, Final residual = 0.00010824304, No Iterations 3
GAMG:  Solving for p, Initial residual = 0.00017090964, Final residual = 1.6385297e-06, No Iterations 4
time step continuity errors : sum local = 6.4411327e-05, global = 2.6442208e-05, cumulative = 0.00026568395
smoothSolver:  Solving for omega, Initial residual = 0.0012230637, Final residual = 6.2409942e-06, No Iterations 2
smoothSolver:  Solving for k, Initial residual = 0.02806216, Final residual = 0.00014541063, No Iterations 2
ExecutionTime = 106.63614 s  ClockTime = 107 s

Time = 74s

smoothSolver:  Solving for Ux, Initial residual = 0.0097002341, Final residual = 0.00011767235, No Iterations 3
smoothSolver:  Solving for Uy, Initial residual = 0.026037624, Final residual = 0.0013010615, No Iterations 2
smoothSolver:  Solving for Uz, Initial residual = 0.02305667, Final residual = 0.0011229135, No Iterations 2
GAMG:  Solving for p, Initial residual = 0.01705288, Final residual = 0.00010833378, No Iterations 3
GAMG:  Solving for p, Initial residual = 0.00017344386, Final residual = 7.4322343e-07, No Iterations 5
time step continuity errors : sum local = 2.9202438e-05, global = -5.4257216e-06, cumulative = 0.00026025823
smoothSolver:  Solving for omega, Initial residual = 0.0012285144, Final residual = 6.2817487e-06, No Iterations 2
smoothSolver:  Solving for k, Initial residual = 0.027961633, Final residual = 0.00014623139, No Iterations 2
ExecutionTime = 108.05702 s  ClockTime = 109 s

Time = 75s

smoothSolver:  Solving for Ux, Initial residual = 0.009773748, Final residual = 0.00011876481, No Iterations 3
smoothSolver:  Solving for Uy, Initial residual = 0.025801883, Final residual = 0.00031098408, No Iterations 3
smoothSolver:  Solving for Uz, Initial residual = 0.022840935, Final residual = 0.0011158793, No Iterations 2
GAMG:  Solving for p, Initial residual = 0.017214145, Final residual = 0.00010983926, No Iterations 3
GAMG:  Solving for p, Initial residual = 0.00017852918, Final residual = 8.9203975e-07, No Iterations 5
time step continuity errors : sum local = 3.4961441e-05, global = -6.0811013e-06, cumulative = 0.00025417713
smoothSolver:  Solving for omega, Initial residual = 0.0012392879, Final residual = 6.2388961e-06, No Iterations 2
smoothSolver:  Solving for k, Initial residual = 0.027862865, Final residual = 0.00014760267, No Iterations 2
ExecutionTime = 109.83764 s  ClockTime = 110 s

Time = 76s

smoothSolver:  Solving for Ux, Initial residual = 0.0098729264, Final residual = 0.00012022103, No Iterations 3
smoothSolver:  Solving for Uy, Initial residual = 0.025410876, Final residual = 0.00030666548, No Iterations 3
smoothSolver:  Solving for Uz, Initial residual = 0.02267598, Final residual = 0.0011110935, No Iterations 2
GAMG:  Solving for p, Initial residual = 0.017368266, Final residual = 0.00010898431, No Iterations 3
GAMG:  Solving for p, Initial residual = 0.00018107937, Final residual = 8.1103333e-07, No Iterations 5
time step continuity errors : sum local = 3.1682158e-05, global = -5.8910276e-06, cumulative = 0.0002482861
smoothSolver:  Solving for omega, Initial residual = 0.0012462311, Final residual = 6.3285158e-06, No Iterations 2
smoothSolver:  Solving for k, Initial residual = 0.027746204, Final residual = 0.0001492367, No Iterations 2
ExecutionTime = 111.46275 s  ClockTime = 112 s

Time = 77s

smoothSolver:  Solving for Ux, Initial residual = 0.0099449185, Final residual = 0.00012126781, No Iterations 3
smoothSolver:  Solving for Uy, Initial residual = 0.025217392, Final residual = 0.00030498569, No Iterations 3
smoothSolver:  Solving for Uz, Initial residual = 0.022533902, Final residual = 0.0011082471, No Iterations 2
GAMG:  Solving for p, Initial residual = 0.017521384, Final residual = 0.00010892605, No Iterations 3
GAMG:  Solving for p, Initial residual = 0.00018481003, Final residual = 7.6937818e-07, No Iterations 5
time step continuity errors : sum local = 2.9914941e-05, global = -5.9562883e-06, cumulative = 0.00024232982
smoothSolver:  Solving for omega, Initial residual = 0.0012544598, Final residual = 6.3284766e-06, No Iterations 2
smoothSolver:  Solving for k, Initial residual = 0.027672518, Final residual = 0.00015078183, No Iterations 2
ExecutionTime = 112.959 s  ClockTime = 113 s

Time = 78s

smoothSolver:  Solving for Ux, Initial residual = 0.01000796, Final residual = 0.00012223572, No Iterations 3
smoothSolver:  Solving for Uy, Initial residual = 0.025071703, Final residual = 0.00030396525, No Iterations 3
smoothSolver:  Solving for Uz, Initial residual = 0.022426738, Final residual = 0.0011067906, No Iterations 2
GAMG:  Solving for p, Initial residual = 0.017654678, Final residual = 0.0001084556, No Iterations 3
GAMG:  Solving for p, Initial residual = 0.0001882932, Final residual = 1.6404029e-06, No Iterations 4
time step continuity errors : sum local = 6.3586339e-05, global = 3.0109219e-05, cumulative = 0.00027243903
smoothSolver:  Solving for omega, Initial residual = 0.001261972, Final residual = 6.3804826e-06, No Iterations 2
smoothSolver:  Solving for k, Initial residual = 0.027574478, Final residual = 0.00015258347, No Iterations 2
ExecutionTime = 114.20207 s  ClockTime = 115 s

Time = 79s

smoothSolver:  Solving for Ux, Initial residual = 0.010062332, Final residual = 0.00012313515, No Iterations 3
smoothSolver:  Solving for Uy, Initial residual = 0.024969389, Final residual = 0.00030327107, No Iterations 3
smoothSolver:  Solving for Uz, Initial residual = 0.02232984, Final residual = 0.0011065427, No Iterations 2
GAMG:  Solving for p, Initial residual = 0.017779759, Final residual = 0.00010775821, No Iterations 3
GAMG:  Solving for p, Initial residual = 0.00019200482, Final residual = 1.4022982e-06, No Iterations 4
time step continuity errors : sum local = 5.4166975e-05, global = 2.3763083e-05, cumulative = 0.00029620212
smoothSolver:  Solving for omega, Initial residual = 0.0012706505, Final residual = 6.3890803e-06, No Iterations 2
smoothSolver:  Solving for k, Initial residual = 0.027508329, Final residual = 0.00015481843, No Iterations 2
ExecutionTime = 115.69363 s  ClockTime = 116 s

Time = 80s

smoothSolver:  Solving for Ux, Initial residual = 0.010111292, Final residual = 0.00012398737, No Iterations 3
smoothSolver:  Solving for Uy, Initial residual = 0.024898483, Final residual = 0.00030286913, No Iterations 3
smoothSolver:  Solving for Uz, Initial residual = 0.022255634, Final residual = 0.001107125, No Iterations 2
GAMG:  Solving for p, Initial residual = 0.017954149, Final residual = 0.0001067491, No Iterations 3
GAMG:  Solving for p, Initial residual = 0.00019602358, Final residual = 1.1054011e-06, No Iterations 4
time step continuity errors : sum local = 4.247477e-05, global = 1.4744503e-05, cumulative = 0.00031094662
smoothSolver:  Solving for omega, Initial residual = 0.0012767624, Final residual = 6.4343041e-06, No Iterations 2
smoothSolver:  Solving for k, Initial residual = 0.027426739, Final residual = 0.00015675602, No Iterations 2
ExecutionTime = 117.35655 s  ClockTime = 118 s

Time = 81s

smoothSolver:  Solving for Ux, Initial residual = 0.010155122, Final residual = 0.00012478927, No Iterations 3
smoothSolver:  Solving for Uy, Initial residual = 0.024845554, Final residual = 0.00030272728, No Iterations 3
smoothSolver:  Solving for Uz, Initial residual = 0.02217869, Final residual = 0.001108358, No Iterations 2
GAMG:  Solving for p, Initial residual = 0.018286894, Final residual = 0.00010680171, No Iterations 3
GAMG:  Solving for p, Initial residual = 0.00020176339, Final residual = 1.9723982e-06, No Iterations 3
time step continuity errors : sum local = 7.481311e-05, global = -3.8968631e-06, cumulative = 0.00030704976
smoothSolver:  Solving for omega, Initial residual = 0.0012845059, Final residual = 6.4773366e-06, No Iterations 2
smoothSolver:  Solving for k, Initial residual = 0.027369526, Final residual = 0.00015935253, No Iterations 2
ExecutionTime = 118.85542 s  ClockTime = 119 s

Time = 82s

smoothSolver:  Solving for Ux, Initial residual = 0.010189745, Final residual = 0.00012557222, No Iterations 3
smoothSolver:  Solving for Uy, Initial residual = 0.024811571, Final residual = 0.00030283907, No Iterations 3
smoothSolver:  Solving for Uz, Initial residual = 0.02212122, Final residual = 0.0002689025, No Iterations 3
GAMG:  Solving for p, Initial residual = 0.018554175, Final residual = 0.00010553679, No Iterations 3
GAMG:  Solving for p, Initial residual = 0.0002057272, Final residual = 1.3545106e-06, No Iterations 4
time step continuity errors : sum local = 5.1126922e-05, global = -2.7649511e-05, cumulative = 0.00027940025
smoothSolver:  Solving for omega, Initial residual = 0.0012881175, Final residual = 6.5134454e-06, No Iterations 2
smoothSolver:  Solving for k, Initial residual = 0.027316182, Final residual = 0.00016223056, No Iterations 2
ExecutionTime = 120.40425 s  ClockTime = 121 s

Time = 83s

smoothSolver:  Solving for Ux, Initial residual = 0.010250814, Final residual = 0.00012678251, No Iterations 3
smoothSolver:  Solving for Uy, Initial residual = 0.024782366, Final residual = 0.00030308588, No Iterations 3
smoothSolver:  Solving for Uz, Initial residual = 0.021910725, Final residual = 0.00026764856, No Iterations 3
GAMG:  Solving for p, Initial residual = 0.018812609, Final residual = 0.00010706544, No Iterations 3
GAMG:  Solving for p, Initial residual = 0.00021225546, Final residual = 1.5733763e-06, No Iterations 4
time step continuity errors : sum local = 5.9141983e-05, global = -3.3407203e-05, cumulative = 0.00024599304
smoothSolver:  Solving for omega, Initial residual = 0.0012941517, Final residual = 6.5035486e-06, No Iterations 2
smoothSolver:  Solving for k, Initial residual = 0.027278646, Final residual = 0.00016568138, No Iterations 2
ExecutionTime = 121.66618 s  ClockTime = 122 s

Time = 84s

smoothSolver:  Solving for Ux, Initial residual = 0.010285997, Final residual = 0.00012761411, No Iterations 3
smoothSolver:  Solving for Uy, Initial residual = 0.024758918, Final residual = 0.00030370645, No Iterations 3
smoothSolver:  Solving for Uz, Initial residual = 0.021849746, Final residual = 0.00026889097, No Iterations 3
GAMG:  Solving for p, Initial residual = 0.01908225, Final residual = 0.00010888808, No Iterations 3
GAMG:  Solving for p, Initial residual = 0.00022001493, Final residual = 2.007005e-06, No Iterations 4
time step continuity errors : sum local = 7.4851412e-05, global = -3.8324914e-05, cumulative = 0.00020766813
smoothSolver:  Solving for omega, Initial residual = 0.0012959052, Final residual = 6.5911658e-06, No Iterations 2
smoothSolver:  Solving for k, Initial residual = 0.027216445, Final residual = 0.00016923424, No Iterations 2
ExecutionTime = 122.82258 s  ClockTime = 123 s

Time = 85s

smoothSolver:  Solving for Ux, Initial residual = 0.010317682, Final residual = 0.00012843623, No Iterations 3
smoothSolver:  Solving for Uy, Initial residual = 0.024722276, Final residual = 0.00030451483, No Iterations 3
smoothSolver:  Solving for Uz, Initial residual = 0.021843173, Final residual = 0.00027061912, No Iterations 3
GAMG:  Solving for p, Initial residual = 0.019389353, Final residual = 0.00011156882, No Iterations 3
GAMG:  Solving for p, Initial residual = 0.0002289949, Final residual = 1.6529424e-06, No Iterations 5
time step continuity errors : sum local = 6.103255e-05, global = 3.2203468e-05, cumulative = 0.0002398716
smoothSolver:  Solving for omega, Initial residual = 0.0012974252, Final residual = 6.5783792e-06, No Iterations 2
smoothSolver:  Solving for k, Initial residual = 0.027178777, Final residual = 0.00017325124, No Iterations 2
ExecutionTime = 124.19508 s  ClockTime = 125 s

Time = 86s

smoothSolver:  Solving for Ux, Initial residual = 0.01034996, Final residual = 0.00012932134, No Iterations 3
smoothSolver:  Solving for Uy, Initial residual = 0.024678736, Final residual = 0.00030552309, No Iterations 3
smoothSolver:  Solving for Uz, Initial residual = 0.021879257, Final residual = 0.0002726155, No Iterations 3
GAMG:  Solving for p, Initial residual = 0.019779127, Final residual = 0.00011555534, No Iterations 3
GAMG:  Solving for p, Initial residual = 0.00024055538, Final residual = 1.7858296e-06, No Iterations 5
time step continuity errors : sum local = 6.4961021e-05, global = 3.4743723e-05, cumulative = 0.00027461532
smoothSolver:  Solving for omega, Initial residual = 0.0012965175, Final residual = 6.6132086e-06, No Iterations 2
smoothSolver:  Solving for k, Initial residual = 0.027127382, Final residual = 0.00017718585, No Iterations 2
ExecutionTime = 125.88954 s  ClockTime = 126 s

Time = 87s

smoothSolver:  Solving for Ux, Initial residual = 0.010386046, Final residual = 0.00013025241, No Iterations 3
smoothSolver:  Solving for Uy, Initial residual = 0.024627285, Final residual = 0.00030639935, No Iterations 3
smoothSolver:  Solving for Uz, Initial residual = 0.021948923, Final residual = 0.00027481978, No Iterations 3
GAMG:  Solving for p, Initial residual = 0.020192657, Final residual = 0.00011851718, No Iterations 3
GAMG:  Solving for p, Initial residual = 0.00025087675, Final residual = 1.7760412e-06, No Iterations 5
time step continuity errors : sum local = 6.3755992e-05, global = 3.3041109e-05, cumulative = 0.00030765643
smoothSolver:  Solving for omega, Initial residual = 0.0012991257, Final residual = 6.6471953e-06, No Iterations 2
smoothSolver:  Solving for k, Initial residual = 0.027092812, Final residual = 0.00018139215, No Iterations 2
ExecutionTime = 127.22086 s  ClockTime = 128 s

Time = 88s

smoothSolver:  Solving for Ux, Initial residual = 0.010426633, Final residual = 0.00013121965, No Iterations 3
smoothSolver:  Solving for Uy, Initial residual = 0.02456704, Final residual = 0.00030683901, No Iterations 3
smoothSolver:  Solving for Uz, Initial residual = 0.022029504, Final residual = 0.00027715678, No Iterations 3
GAMG:  Solving for p, Initial residual = 0.020593764, Final residual = 0.00012204865, No Iterations 3
GAMG:  Solving for p, Initial residual = 0.00026245785, Final residual = 2.2190806e-06, No Iterations 4
time step continuity errors : sum local = 7.8651883e-05, global = -3.5681312e-05, cumulative = 0.00027197512
smoothSolver:  Solving for omega, Initial residual = 0.0012980541, Final residual = 6.7473318e-06, No Iterations 2
smoothSolver:  Solving for k, Initial residual = 0.027039338, Final residual = 0.00018623052, No Iterations 2
ExecutionTime = 128.4183 s  ClockTime = 129 s

Time = 89s

smoothSolver:  Solving for Ux, Initial residual = 0.010474098, Final residual = 0.0001322527, No Iterations 3
smoothSolver:  Solving for Uy, Initial residual = 0.024495875, Final residual = 0.00030683019, No Iterations 3
smoothSolver:  Solving for Uz, Initial residual = 0.022123218, Final residual = 0.00027954406, No Iterations 3
GAMG:  Solving for p, Initial residual = 0.020945051, Final residual = 0.00012535421, No Iterations 3
GAMG:  Solving for p, Initial residual = 0.00027286813, Final residual = 1.7515208e-06, No Iterations 4
time step continuity errors : sum local = 6.1325959e-05, global = -2.4380654e-05, cumulative = 0.00024759446
smoothSolver:  Solving for omega, Initial residual = 0.0012965991, Final residual = 6.7327382e-06, No Iterations 2
smoothSolver:  Solving for k, Initial residual = 0.026983602, Final residual = 0.00019052152, No Iterations 2
ExecutionTime = 129.60624 s  ClockTime = 130 s

Time = 90s

smoothSolver:  Solving for Ux, Initial residual = 0.01052657, Final residual = 0.0001333475, No Iterations 3
smoothSolver:  Solving for Uy, Initial residual = 0.024415606, Final residual = 0.00030635055, No Iterations 3
smoothSolver:  Solving for Uz, Initial residual = 0.022223534, Final residual = 0.00028188239, No Iterations 3
GAMG:  Solving for p, Initial residual = 0.021325838, Final residual = 0.000128476, No Iterations 3
GAMG:  Solving for p, Initial residual = 0.00028409589, Final residual = 1.7061565e-06, No Iterations 4
time step continuity errors : sum local = 5.9038649e-05, global = -2.8537028e-06, cumulative = 0.00024474076
smoothSolver:  Solving for omega, Initial residual = 0.0012946005, Final residual = 6.7883982e-06, No Iterations 2
smoothSolver:  Solving for k, Initial residual = 0.026923894, Final residual = 0.00019579203, No Iterations 2
ExecutionTime = 130.97432 s  ClockTime = 131 s

Time = 91s

smoothSolver:  Solving for Ux, Initial residual = 0.010579484, Final residual = 0.0001345102, No Iterations 3
smoothSolver:  Solving for Uy, Initial residual = 0.024298522, Final residual = 0.00030522076, No Iterations 3
smoothSolver:  Solving for Uz, Initial residual = 0.02231885, Final residual = 0.00028404803, No Iterations 3
GAMG:  Solving for p, Initial residual = 0.021684932, Final residual = 0.00013060276, No Iterations 3
GAMG:  Solving for p, Initial residual = 0.00029327788, Final residual = 1.759307e-06, No Iterations 4
time step continuity errors : sum local = 6.0261217e-05, global = 2.3974451e-06, cumulative = 0.00024713821
smoothSolver:  Solving for omega, Initial residual = 0.0012955038, Final residual = 6.8158587e-06, No Iterations 2
smoothSolver:  Solving for k, Initial residual = 0.026838721, Final residual = 0.00020030251, No Iterations 2
ExecutionTime = 132.39028 s  ClockTime = 133 s

Time = 92s

smoothSolver:  Solving for Ux, Initial residual = 0.010630556, Final residual = 0.00013574587, No Iterations 3
smoothSolver:  Solving for Uy, Initial residual = 0.024153901, Final residual = 0.00030357037, No Iterations 3
smoothSolver:  Solving for Uz, Initial residual = 0.022401955, Final residual = 0.00028598949, No Iterations 3
GAMG:  Solving for p, Initial residual = 0.022085408, Final residual = 0.00013252817, No Iterations 3
GAMG:  Solving for p, Initial residual = 0.00030360447, Final residual = 2.0128462e-06, No Iterations 4
time step continuity errors : sum local = 6.824253e-05, global = -2.5816338e-05, cumulative = 0.00022132187
smoothSolver:  Solving for omega, Initial residual = 0.0012938935, Final residual = 6.8508069e-06, No Iterations 2
smoothSolver:  Solving for k, Initial residual = 0.026747695, Final residual = 0.00020522965, No Iterations 2
ExecutionTime = 133.65827 s  ClockTime = 134 s

Time = 93s

smoothSolver:  Solving for Ux, Initial residual = 0.010678318, Final residual = 0.00013704924, No Iterations 3
smoothSolver:  Solving for Uy, Initial residual = 0.023984492, Final residual = 0.0003015532, No Iterations 3
smoothSolver:  Solving for Uz, Initial residual = 0.02248384, Final residual = 0.000287861, No Iterations 3
GAMG:  Solving for p, Initial residual = 0.022487383, Final residual = 0.00013498625, No Iterations 3
GAMG:  Solving for p, Initial residual = 0.00031561605, Final residual = 2.5076756e-06, No Iterations 4
time step continuity errors : sum local = 8.4190117e-05, global = -3.3092753e-05, cumulative = 0.00018822911
smoothSolver:  Solving for omega, Initial residual = 0.0012926837, Final residual = 6.8642305e-06, No Iterations 2
smoothSolver:  Solving for k, Initial residual = 0.026632992, Final residual = 0.00021020728, No Iterations 2
ExecutionTime = 135.20744 s  ClockTime = 136 s

Time = 94s

smoothSolver:  Solving for Ux, Initial residual = 0.010721728, Final residual = 0.00013841358, No Iterations 3
smoothSolver:  Solving for Uy, Initial residual = 0.02377488, Final residual = 0.00029925327, No Iterations 3
smoothSolver:  Solving for Uz, Initial residual = 0.022561503, Final residual = 0.00028959461, No Iterations 3
GAMG:  Solving for p, Initial residual = 0.022888488, Final residual = 0.00013856283, No Iterations 3
GAMG:  Solving for p, Initial residual = 0.00033005063, Final residual = 2.8528347e-06, No Iterations 4
time step continuity errors : sum local = 9.4876556e-05, global = -3.8722222e-05, cumulative = 0.00014950689
smoothSolver:  Solving for omega, Initial residual = 0.0012889626, Final residual = 6.8590594e-06, No Iterations 2
smoothSolver:  Solving for k, Initial residual = 0.026482136, Final residual = 0.00021446107, No Iterations 2
ExecutionTime = 136.79245 s  ClockTime = 137 s

Time = 95s

smoothSolver:  Solving for Ux, Initial residual = 0.010758045, Final residual = 0.00013979746, No Iterations 3
smoothSolver:  Solving for Uy, Initial residual = 0.023542774, Final residual = 0.00029682984, No Iterations 3
smoothSolver:  Solving for Uz, Initial residual = 0.022624332, Final residual = 0.00029117237, No Iterations 3
GAMG:  Solving for p, Initial residual = 0.023327217, Final residual = 0.00014266699, No Iterations 3
GAMG:  Solving for p, Initial residual = 0.00034374819, Final residual = 2.7446828e-06, No Iterations 4
time step continuity errors : sum local = 9.0518733e-05, global = -3.5601332e-05, cumulative = 0.00011390556
smoothSolver:  Solving for omega, Initial residual = 0.0012883782, Final residual = 6.9025033e-06, No Iterations 2
smoothSolver:  Solving for k, Initial residual = 0.026322421, Final residual = 0.00021924704, No Iterations 2
ExecutionTime = 138.50588 s  ClockTime = 139 s

Time = 96s

smoothSolver:  Solving for Ux, Initial residual = 0.010786503, Final residual = 0.00014119978, No Iterations 3
smoothSolver:  Solving for Uy, Initial residual = 0.023317747, Final residual = 0.00029457005, No Iterations 3
smoothSolver:  Solving for Uz, Initial residual = 0.022655144, Final residual = 0.00029251232, No Iterations 3
GAMG:  Solving for p, Initial residual = 0.023756781, Final residual = 0.00014649868, No Iterations 3
GAMG:  Solving for p, Initial residual = 0.00035663518, Final residual = 2.3331874e-06, No Iterations 4
time step continuity errors : sum local = 7.6324336e-05, global = -2.40357e-05, cumulative = 8.9869861e-05
smoothSolver:  Solving for omega, Initial residual = 0.0012894974, Final residual = 7.0330504e-06, No Iterations 2
smoothSolver:  Solving for k, Initial residual = 0.026106122, Final residual = 0.00022301852, No Iterations 2
ExecutionTime = 140.23815 s  ClockTime = 141 s

Time = 97s

smoothSolver:  Solving for Ux, Initial residual = 0.010808181, Final residual = 0.00014258657, No Iterations 3
smoothSolver:  Solving for Uy, Initial residual = 0.023110746, Final residual = 0.00029280217, No Iterations 3
smoothSolver:  Solving for Uz, Initial residual = 0.022672461, Final residual = 0.00029362586, No Iterations 3
GAMG:  Solving for p, Initial residual = 0.024150154, Final residual = 0.00014965046, No Iterations 3
GAMG:  Solving for p, Initial residual = 0.0003672997, Final residual = 2.8283992e-06, No Iterations 4
time step continuity errors : sum local = 9.1736813e-05, global = 2.4728727e-05, cumulative = 0.00011459859
smoothSolver:  Solving for omega, Initial residual = 0.0012899867, Final residual = 7.0195326e-06, No Iterations 2
smoothSolver:  Solving for k, Initial residual = 0.025877146, Final residual = 0.00022662434, No Iterations 2
ExecutionTime = 142.0679 s  ClockTime = 143 s

Time = 98s

smoothSolver:  Solving for Ux, Initial residual = 0.010823912, Final residual = 0.00014393202, No Iterations 3
smoothSolver:  Solving for Uy, Initial residual = 0.022920161, Final residual = 0.0002914552, No Iterations 3
smoothSolver:  Solving for Uz, Initial residual = 0.022665919, Final residual = 0.00029463866, No Iterations 3
GAMG:  Solving for p, Initial residual = 0.02445141, Final residual = 0.00015322216, No Iterations 3
GAMG:  Solving for p, Initial residual = 0.00037799111, Final residual = 3.5019624e-06, No Iterations 4
time step continuity errors : sum local = 0.00011290805, global = 3.7343379e-05, cumulative = 0.00015194197
smoothSolver:  Solving for omega, Initial residual = 0.0012868256, Final residual = 7.0722578e-06, No Iterations 2
smoothSolver:  Solving for k, Initial residual = 0.025609027, Final residual = 0.00022938202, No Iterations 2
ExecutionTime = 143.47439 s  ClockTime = 144 s

Time = 99s

smoothSolver:  Solving for Ux, Initial residual = 0.010833727, Final residual = 0.00014518793, No Iterations 3
smoothSolver:  Solving for Uy, Initial residual = 0.022763601, Final residual = 0.000290615, No Iterations 3
smoothSolver:  Solving for Uz, Initial residual = 0.022641763, Final residual = 0.00029552346, No Iterations 3
GAMG:  Solving for p, Initial residual = 0.024815071, Final residual = 0.00015692084, No Iterations 3
GAMG:  Solving for p, Initial residual = 0.00039058206, Final residual = 3.7780744e-06, No Iterations 4
time step continuity errors : sum local = 0.00012092605, global = 4.108533e-05, cumulative = 0.0001930273
smoothSolver:  Solving for omega, Initial residual = 0.0012883434, Final residual = 7.1328456e-06, No Iterations 2
smoothSolver:  Solving for k, Initial residual = 0.025313115, Final residual = 0.00023135111, No Iterations 2
ExecutionTime = 144.74333 s  ClockTime = 145 s

Time = 100s

smoothSolver:  Solving for Ux, Initial residual = 0.010842043, Final residual = 0.00014637442, No Iterations 3
smoothSolver:  Solving for Uy, Initial residual = 0.022658351, Final residual = 0.00029039221, No Iterations 3
smoothSolver:  Solving for Uz, Initial residual = 0.022608917, Final residual = 0.00029634889, No Iterations 3
GAMG:  Solving for p, Initial residual = 0.025155284, Final residual = 0.0001611165, No Iterations 3
GAMG:  Solving for p, Initial residual = 0.00040253298, Final residual = 3.9901998e-06, No Iterations 4
time step continuity errors : sum local = 0.00012704343, global = 4.4628502e-05, cumulative = 0.0002376558
smoothSolver:  Solving for omega, Initial residual = 0.0012885572, Final residual = 7.2110198e-06, No Iterations 2
smoothSolver:  Solving for k, Initial residual = 0.024987957, Final residual = 0.00023258696, No Iterations 2
ExecutionTime = 146.11402 s  ClockTime = 147 s

Time = 101s

smoothSolver:  Solving for Ux, Initial residual = 0.010844791, Final residual = 0.00014746952, No Iterations 3
smoothSolver:  Solving for Uy, Initial residual = 0.022575883, Final residual = 0.00029058956, No Iterations 3
smoothSolver:  Solving for Uz, Initial residual = 0.022590658, Final residual = 0.00029722039, No Iterations 3
GAMG:  Solving for p, Initial residual = 0.025506748, Final residual = 0.00016542915, No Iterations 3
GAMG:  Solving for p, Initial residual = 0.0004152463, Final residual = 4.0924191e-06, No Iterations 4
time step continuity errors : sum local = 0.00012974498, global = 4.5873459e-05, cumulative = 0.00028352926
smoothSolver:  Solving for omega, Initial residual = 0.001286913, Final residual = 7.216203e-06, No Iterations 2
smoothSolver:  Solving for k, Initial residual = 0.024666729, Final residual = 0.00023354269, No Iterations 2
ExecutionTime = 147.64919 s  ClockTime = 148 s

Time = 102s

smoothSolver:  Solving for Ux, Initial residual = 0.010838251, Final residual = 0.00014846691, No Iterations 3
smoothSolver:  Solving for Uy, Initial residual = 0.022527671, Final residual = 0.00029127018, No Iterations 3
smoothSolver:  Solving for Uz, Initial residual = 0.022572518, Final residual = 0.00029805762, No Iterations 3
GAMG:  Solving for p, Initial residual = 0.025836943, Final residual = 0.00016817558, No Iterations 3
GAMG:  Solving for p, Initial residual = 0.00042669938, Final residual = 4.1011396e-06, No Iterations 4
time step continuity errors : sum local = 0.00012965374, global = 4.6987639e-05, cumulative = 0.0003305169
smoothSolver:  Solving for omega, Initial residual = 0.0012857375, Final residual = 7.2529259e-06, No Iterations 2
smoothSolver:  Solving for k, Initial residual = 0.024330887, Final residual = 0.00023352231, No Iterations 2
ExecutionTime = 148.99618 s  ClockTime = 149 s

Time = 103s

smoothSolver:  Solving for Ux, Initial residual = 0.010828706, Final residual = 0.00014933297, No Iterations 3
smoothSolver:  Solving for Uy, Initial residual = 0.022527072, Final residual = 0.0002925268, No Iterations 3
smoothSolver:  Solving for Uz, Initial residual = 0.02257525, Final residual = 0.00029874995, No Iterations 3
GAMG:  Solving for p, Initial residual = 0.026172044, Final residual = 0.00016995525, No Iterations 3
GAMG:  Solving for p, Initial residual = 0.00043767413, Final residual = 3.9419633e-06, No Iterations 4
time step continuity errors : sum local = 0.00012433336, global = 4.3449306e-05, cumulative = 0.0003739662
smoothSolver:  Solving for omega, Initial residual = 0.001284356, Final residual = 7.2320308e-06, No Iterations 2
smoothSolver:  Solving for k, Initial residual = 0.023997361, Final residual = 0.00023353082, No Iterations 2
ExecutionTime = 150.30869 s  ClockTime = 151 s

Time = 104s

smoothSolver:  Solving for Ux, Initial residual = 0.010814683, Final residual = 0.00015001562, No Iterations 3
smoothSolver:  Solving for Uy, Initial residual = 0.022556965, Final residual = 0.00029421415, No Iterations 3
smoothSolver:  Solving for Uz, Initial residual = 0.022594138, Final residual = 0.00029942506, No Iterations 3
GAMG:  Solving for p, Initial residual = 0.026536849, Final residual = 0.00017188463, No Iterations 3
GAMG:  Solving for p, Initial residual = 0.00045051057, Final residual = 3.4598003e-06, No Iterations 4
time step continuity errors : sum local = 0.00010883073, global = 3.0417758e-05, cumulative = 0.00040438396
smoothSolver:  Solving for omega, Initial residual = 0.0012827954, Final residual = 7.284783e-06, No Iterations 2
smoothSolver:  Solving for k, Initial residual = 0.023684654, Final residual = 0.00023319765, No Iterations 2
ExecutionTime = 151.59949 s  ClockTime = 152 s

Time = 105s

smoothSolver:  Solving for Ux, Initial residual = 0.01079222, Final residual = 0.00015053743, No Iterations 3
smoothSolver:  Solving for Uy, Initial residual = 0.022612158, Final residual = 0.00029642724, No Iterations 3
smoothSolver:  Solving for Uz, Initial residual = 0.022642561, Final residual = 0.00030013033, No Iterations 3
GAMG:  Solving for p, Initial residual = 0.026759221, Final residual = 0.00017471835, No Iterations 3
GAMG:  Solving for p, Initial residual = 0.00046325091, Final residual = 2.8490114e-06, No Iterations 4
time step continuity errors : sum local = 8.9593513e-05, global = 1.2155514e-05, cumulative = 0.00041653948
smoothSolver:  Solving for omega, Initial residual = 0.0012801719, Final residual = 7.2569392e-06, No Iterations 2
smoothSolver:  Solving for k, Initial residual = 0.023384806, Final residual = 0.00023312745, No Iterations 2
ExecutionTime = 152.90601 s  ClockTime = 153 s

Time = 106s

smoothSolver:  Solving for Ux, Initial residual = 0.010763151, Final residual = 0.00015085935, No Iterations 3
smoothSolver:  Solving for Uy, Initial residual = 0.022699374, Final residual = 0.00029905244, No Iterations 3
smoothSolver:  Solving for Uz, Initial residual = 0.022699897, Final residual = 0.00030076377, No Iterations 3
GAMG:  Solving for p, Initial residual = 0.026865815, Final residual = 0.00017769536, No Iterations 3
GAMG:  Solving for p, Initial residual = 0.00047590246, Final residual = 2.5759847e-06, No Iterations 4
time step continuity errors : sum local = 8.1143364e-05, global = -1.1745292e-05, cumulative = 0.00040479418
smoothSolver:  Solving for omega, Initial residual = 0.0012771546, Final residual = 7.2520319e-06, No Iterations 2
smoothSolver:  Solving for k, Initial residual = 0.02311068, Final residual = 0.0002330554, No Iterations 2
ExecutionTime = 154.33756 s  ClockTime = 155 s

Time = 107s

smoothSolver:  Solving for Ux, Initial residual = 0.010726697, Final residual = 0.00015097153, No Iterations 3
smoothSolver:  Solving for Uy, Initial residual = 0.022806875, Final residual = 0.00030182215, No Iterations 3
smoothSolver:  Solving for Uz, Initial residual = 0.022779266, Final residual = 0.00030148206, No Iterations 3
GAMG:  Solving for p, Initial residual = 0.026912466, Final residual = 0.00018144946, No Iterations 3
GAMG:  Solving for p, Initial residual = 0.00048710616, Final residual = 3.1555944e-06, No Iterations 4
time step continuity errors : sum local = 9.9504103e-05, global = -2.0917508e-05, cumulative = 0.00038387668
smoothSolver:  Solving for omega, Initial residual = 0.0012755442, Final residual = 7.3030954e-06, No Iterations 2
smoothSolver:  Solving for k, Initial residual = 0.022865234, Final residual = 0.00023312513, No Iterations 2
ExecutionTime = 156.08277 s  ClockTime = 157 s

Time = 108s

smoothSolver:  Solving for Ux, Initial residual = 0.01067998, Final residual = 0.00015085715, No Iterations 3
smoothSolver:  Solving for Uy, Initial residual = 0.022925369, Final residual = 0.00030492307, No Iterations 3
smoothSolver:  Solving for Uz, Initial residual = 0.022878842, Final residual = 0.00030247598, No Iterations 3
GAMG:  Solving for p, Initial residual = 0.026940281, Final residual = 0.00018471926, No Iterations 3
GAMG:  Solving for p, Initial residual = 0.0004987845, Final residual = 3.6533989e-06, No Iterations 4
time step continuity errors : sum local = 0.00011537736, global = -2.5660902e-05, cumulative = 0.00035821577
smoothSolver:  Solving for omega, Initial residual = 0.0012710941, Final residual = 7.3637286e-06, No Iterations 2
smoothSolver:  Solving for k, Initial residual = 0.02264838, Final residual = 0.00023348333, No Iterations 2
ExecutionTime = 157.84984 s  ClockTime = 158 s

Time = 109s

smoothSolver:  Solving for Ux, Initial residual = 0.010627663, Final residual = 0.00015052731, No Iterations 3
smoothSolver:  Solving for Uy, Initial residual = 0.023048445, Final residual = 0.00030826143, No Iterations 3
smoothSolver:  Solving for Uz, Initial residual = 0.02298329, Final residual = 0.0003037893, No Iterations 3
GAMG:  Solving for p, Initial residual = 0.026964578, Final residual = 0.00018715994, No Iterations 3
GAMG:  Solving for p, Initial residual = 0.00050844509, Final residual = 3.9267309e-06, No Iterations 4
time step continuity errors : sum local = 0.00012396027, global = -2.7567394e-05, cumulative = 0.00033064838
smoothSolver:  Solving for omega, Initial residual = 0.0012644304, Final residual = 7.2826146e-06, No Iterations 2
smoothSolver:  Solving for k, Initial residual = 0.022440201, Final residual = 0.0002335711, No Iterations 2
ExecutionTime = 159.89424 s  ClockTime = 160 s

Time = 110s

smoothSolver:  Solving for Ux, Initial residual = 0.010570409, Final residual = 0.00015000621, No Iterations 3
smoothSolver:  Solving for Uy, Initial residual = 0.023171369, Final residual = 0.00031152194, No Iterations 3
smoothSolver:  Solving for Uz, Initial residual = 0.023089502, Final residual = 0.00030567307, No Iterations 3
GAMG:  Solving for p, Initial residual = 0.027045818, Final residual = 0.00018848428, No Iterations 3
GAMG:  Solving for p, Initial residual = 0.00051351344, Final residual = 4.102711e-06, No Iterations 4
time step continuity errors : sum local = 0.00012900942, global = -2.8503843e-05, cumulative = 0.00030214454
smoothSolver:  Solving for omega, Initial residual = 0.0012576036, Final residual = 7.2912299e-06, No Iterations 2
smoothSolver:  Solving for k, Initial residual = 0.022262671, Final residual = 0.00023392912, No Iterations 2
ExecutionTime = 161.80173 s  ClockTime = 162 s

Time = 111s

smoothSolver:  Solving for Ux, Initial residual = 0.01051047, Final residual = 0.00014941263, No Iterations 3
smoothSolver:  Solving for Uy, Initial residual = 0.02330401, Final residual = 0.00031473474, No Iterations 3
smoothSolver:  Solving for Uz, Initial residual = 0.023192904, Final residual = 0.0003080577, No Iterations 3
GAMG:  Solving for p, Initial residual = 0.027040564, Final residual = 0.00018625625, No Iterations 3
GAMG:  Solving for p, Initial residual = 0.00051265698, Final residual = 4.154925e-06, No Iterations 4
time step continuity errors : sum local = 0.00013033555, global = -2.8085658e-05, cumulative = 0.00027405888
smoothSolver:  Solving for omega, Initial residual = 0.0012499272, Final residual = 7.266168e-06, No Iterations 2
smoothSolver:  Solving for k, Initial residual = 0.02211065, Final residual = 0.00023398893, No Iterations 2
ExecutionTime = 163.14283 s  ClockTime = 164 s

Time = 112s

smoothSolver:  Solving for Ux, Initial residual = 0.010447372, Final residual = 0.00014873004, No Iterations 3
smoothSolver:  Solving for Uy, Initial residual = 0.023431626, Final residual = 0.00031769254, No Iterations 3
smoothSolver:  Solving for Uz, Initial residual = 0.023298488, Final residual = 0.00031082391, No Iterations 3
GAMG:  Solving for p, Initial residual = 0.026973559, Final residual = 0.00018015631, No Iterations 3
GAMG:  Solving for p, Initial residual = 0.00050432771, Final residual = 4.1511073e-06, No Iterations 4
time step continuity errors : sum local = 0.00013002632, global = -2.8307203e-05, cumulative = 0.00024575168
smoothSolver:  Solving for omega, Initial residual = 0.0012429282, Final residual = 7.3269281e-06, No Iterations 2
smoothSolver:  Solving for k, Initial residual = 0.021968643, Final residual = 0.00023418267, No Iterations 2
ExecutionTime = 164.40639 s  ClockTime = 165 s

Time = 113s

smoothSolver:  Solving for Ux, Initial residual = 0.010389614, Final residual = 0.00014804332, No Iterations 3
smoothSolver:  Solving for Uy, Initial residual = 0.023551522, Final residual = 0.00032052547, No Iterations 3
smoothSolver:  Solving for Uz, Initial residual = 0.023405771, Final residual = 0.00031388528, No Iterations 3
GAMG:  Solving for p, Initial residual = 0.026854424, Final residual = 0.00017172557, No Iterations 3
GAMG:  Solving for p, Initial residual = 0.00049018483, Final residual = 4.0787797e-06, No Iterations 4
time step continuity errors : sum local = 0.00012762129, global = -2.9103689e-05, cumulative = 0.00021664799
smoothSolver:  Solving for omega, Initial residual = 0.0012337321, Final residual = 7.2505849e-06, No Iterations 2
smoothSolver:  Solving for k, Initial residual = 0.021841333, Final residual = 0.00023386151, No Iterations 2
ExecutionTime = 165.76432 s  ClockTime = 166 s

Time = 114s

smoothSolver:  Solving for Ux, Initial residual = 0.010338094, Final residual = 0.00014731924, No Iterations 3
smoothSolver:  Solving for Uy, Initial residual = 0.023675111, Final residual = 0.00032318282, No Iterations 3
smoothSolver:  Solving for Uz, Initial residual = 0.023524092, Final residual = 0.00031700435, No Iterations 3
GAMG:  Solving for p, Initial residual = 0.0267294, Final residual = 0.00016273705, No Iterations 3
GAMG:  Solving for p, Initial residual = 0.0004730667, Final residual = 4.0004135e-06, No Iterations 4
time step continuity errors : sum local = 0.00012498782, global = -3.0467241e-05, cumulative = 0.00018618075
smoothSolver:  Solving for omega, Initial residual = 0.0012286598, Final residual = 7.2817249e-06, No Iterations 2
smoothSolver:  Solving for k, Initial residual = 0.021749686, Final residual = 0.00023363171, No Iterations 2
ExecutionTime = 166.99764 s  ClockTime = 167 s

Time = 115s

smoothSolver:  Solving for Ux, Initial residual = 0.010296096, Final residual = 0.00014655278, No Iterations 3
smoothSolver:  Solving for Uy, Initial residual = 0.023796527, Final residual = 0.00032594769, No Iterations 3
smoothSolver:  Solving for Uz, Initial residual = 0.02363261, Final residual = 0.00032007439, No Iterations 3
GAMG:  Solving for p, Initial residual = 0.02663688, Final residual = 0.00015520727, No Iterations 3
GAMG:  Solving for p, Initial residual = 0.00045975744, Final residual = 3.9259961e-06, No Iterations 4
time step continuity errors : sum local = 0.0001223357, global = -3.1837634e-05, cumulative = 0.00015434311
smoothSolver:  Solving for omega, Initial residual = 0.0012267869, Final residual = 7.2409177e-06, No Iterations 2
smoothSolver:  Solving for k, Initial residual = 0.021686254, Final residual = 0.00023329111, No Iterations 2
ExecutionTime = 168.19074 s  ClockTime = 169 s

Time = 116s

smoothSolver:  Solving for Ux, Initial residual = 0.010263307, Final residual = 0.00014575485, No Iterations 3
smoothSolver:  Solving for Uy, Initial residual = 0.023927731, Final residual = 0.00032920625, No Iterations 3
smoothSolver:  Solving for Uz, Initial residual = 0.023735084, Final residual = 0.00032289826, No Iterations 3
GAMG:  Solving for p, Initial residual = 0.02664756, Final residual = 0.00015056448, No Iterations 3
GAMG:  Solving for p, Initial residual = 0.00045359427, Final residual = 3.8662125e-06, No Iterations 4
time step continuity errors : sum local = 0.00011988494, global = -3.1801851e-05, cumulative = 0.00012254126
smoothSolver:  Solving for omega, Initial residual = 0.0012217226, Final residual = 7.2805035e-06, No Iterations 2
smoothSolver:  Solving for k, Initial residual = 0.021627506, Final residual = 0.00023281022, No Iterations 2
ExecutionTime = 169.62865 s  ClockTime = 170 s

Time = 117s

smoothSolver:  Solving for Ux, Initial residual = 0.010232477, Final residual = 0.0001449388, No Iterations 3
smoothSolver:  Solving for Uy, Initial residual = 0.02408568, Final residual = 0.00033279563, No Iterations 3
smoothSolver:  Solving for Uz, Initial residual = 0.023829458, Final residual = 0.00032537591, No Iterations 3
GAMG:  Solving for p, Initial residual = 0.026719777, Final residual = 0.0001481902, No Iterations 3
GAMG:  Solving for p, Initial residual = 0.00045006972, Final residual = 3.807691e-06, No Iterations 4
time step continuity errors : sum local = 0.00011722601, global = -3.0829047e-05, cumulative = 9.1712214e-05
smoothSolver:  Solving for omega, Initial residual = 0.0012206377, Final residual = 7.2416523e-06, No Iterations 2
smoothSolver:  Solving for k, Initial residual = 0.021609705, Final residual = 0.00023233039, No Iterations 2
ExecutionTime = 171.57238 s  ClockTime = 172 s

Time = 118s

smoothSolver:  Solving for Ux, Initial residual = 0.010203377, Final residual = 0.00014410545, No Iterations 3
smoothSolver:  Solving for Uy, Initial residual = 0.024268404, Final residual = 0.00033695713, No Iterations 3
smoothSolver:  Solving for Uz, Initial residual = 0.023920926, Final residual = 0.00032738204, No Iterations 3
GAMG:  Solving for p, Initial residual = 0.026803165, Final residual = 0.00014733646, No Iterations 3
GAMG:  Solving for p, Initial residual = 0.00044675259, Final residual = 3.7613087e-06, No Iterations 4
time step continuity errors : sum local = 0.00011470667, global = -2.9600243e-05, cumulative = 6.2111971e-05
smoothSolver:  Solving for omega, Initial residual = 0.0012174698, Final residual = 7.3009093e-06, No Iterations 2
smoothSolver:  Solving for k, Initial residual = 0.021581957, Final residual = 0.00023179691, No Iterations 2
ExecutionTime = 173.39738 s  ClockTime = 174 s

Time = 119s

smoothSolver:  Solving for Ux, Initial residual = 0.010171368, Final residual = 0.00014323296, No Iterations 3
smoothSolver:  Solving for Uy, Initial residual = 0.024489468, Final residual = 0.00034174668, No Iterations 3
smoothSolver:  Solving for Uz, Initial residual = 0.024003313, Final residual = 0.00032893523, No Iterations 3
GAMG:  Solving for p, Initial residual = 0.026912814, Final residual = 0.00014730653, No Iterations 3
GAMG:  Solving for p, Initial residual = 0.00044609639, Final residual = 3.6320832e-06, No Iterations 4
time step continuity errors : sum local = 0.00010951726, global = -2.7507401e-05, cumulative = 3.4604571e-05
smoothSolver:  Solving for omega, Initial residual = 0.0012172741, Final residual = 7.3306221e-06, No Iterations 2
smoothSolver:  Solving for k, Initial residual = 0.021573718, Final residual = 0.00023130461, No Iterations 2
ExecutionTime = 174.9478 s  ClockTime = 175 s

Time = 120s

smoothSolver:  Solving for Ux, Initial residual = 0.010132417, Final residual = 0.00014236832, No Iterations 3
smoothSolver:  Solving for Uy, Initial residual = 0.024722868, Final residual = 0.00034704676, No Iterations 3
smoothSolver:  Solving for Uz, Initial residual = 0.024085932, Final residual = 0.00033035106, No Iterations 3
GAMG:  Solving for p, Initial residual = 0.027043248, Final residual = 0.0001471678, No Iterations 3
GAMG:  Solving for p, Initial residual = 0.0004453637, Final residual = 3.4273037e-06, No Iterations 4
time step continuity errors : sum local = 0.00010206129, global = -2.4768148e-05, cumulative = 9.8364224e-06
smoothSolver:  Solving for omega, Initial residual = 0.0012137876, Final residual = 7.4265175e-06, No Iterations 2
smoothSolver:  Solving for k, Initial residual = 0.021551355, Final residual = 0.00023074579, No Iterations 2
ExecutionTime = 176.37129 s  ClockTime = 177 s

Time = 121s

smoothSolver:  Solving for Ux, Initial residual = 0.010085851, Final residual = 0.00014147429, No Iterations 3
smoothSolver:  Solving for Uy, Initial residual = 0.024969704, Final residual = 0.000352696, No Iterations 3
smoothSolver:  Solving for Uz, Initial residual = 0.024178282, Final residual = 0.00033197858, No Iterations 3
GAMG:  Solving for p, Initial residual = 0.027092667, Final residual = 0.00014700556, No Iterations 3
GAMG:  Solving for p, Initial residual = 0.00044383233, Final residual = 3.2237798e-06, No Iterations 4
time step continuity errors : sum local = 9.4740459e-05, global = -2.2644791e-05, cumulative = -1.2808369e-05
smoothSolver:  Solving for omega, Initial residual = 0.0012083315, Final residual = 7.3575581e-06, No Iterations 2
smoothSolver:  Solving for k, Initial residual = 0.021525242, Final residual = 0.000229983, No Iterations 2
ExecutionTime = 177.7375 s  ClockTime = 178 s

Time = 122s

smoothSolver:  Solving for Ux, Initial residual = 0.010031756, Final residual = 0.00014056275, No Iterations 3
smoothSolver:  Solving for Uy, Initial residual = 0.025226026, Final residual = 0.00035833886, No Iterations 3
smoothSolver:  Solving for Uz, Initial residual = 0.024293484, Final residual = 0.00033424634, No Iterations 3
GAMG:  Solving for p, Initial residual = 0.027104481, Final residual = 0.00014723838, No Iterations 3
GAMG:  Solving for p, Initial residual = 0.00044149744, Final residual = 3.0168437e-06, No Iterations 4
time step continuity errors : sum local = 8.744205e-05, global = -2.1058115e-05, cumulative = -3.3866483e-05
smoothSolver:  Solving for omega, Initial residual = 0.0012011823, Final residual = 7.4410062e-06, No Iterations 2
smoothSolver:  Solving for k, Initial residual = 0.02150333, Final residual = 0.00022951647, No Iterations 2
ExecutionTime = 179.09151 s  ClockTime = 180 s

Time = 123s

smoothSolver:  Solving for Ux, Initial residual = 0.0099704452, Final residual = 0.00013966343, No Iterations 3
smoothSolver:  Solving for Uy, Initial residual = 0.025474379, Final residual = 0.00036397147, No Iterations 3
smoothSolver:  Solving for Uz, Initial residual = 0.024441133, Final residual = 0.00033703675, No Iterations 3
GAMG:  Solving for p, Initial residual = 0.027063711, Final residual = 0.00014751242, No Iterations 3
GAMG:  Solving for p, Initial residual = 0.00043789378, Final residual = 2.8426048e-06, No Iterations 4
time step continuity errors : sum local = 8.1249376e-05, global = -2.0597891e-05, cumulative = -5.4464375e-05
smoothSolver:  Solving for omega, Initial residual = 0.0011966324, Final residual = 7.4197476e-06, No Iterations 2
smoothSolver:  Solving for k, Initial residual = 0.021457817, Final residual = 0.00022855733, No Iterations 2
ExecutionTime = 180.55952 s  ClockTime = 181 s

Time = 124s

smoothSolver:  Solving for Ux, Initial residual = 0.009904196, Final residual = 0.0001388373, No Iterations 3
smoothSolver:  Solving for Uy, Initial residual = 0.025725097, Final residual = 0.00036934391, No Iterations 3
smoothSolver:  Solving for Uz, Initial residual = 0.024625852, Final residual = 0.00034065575, No Iterations 3
GAMG:  Solving for p, Initial residual = 0.026958356, Final residual = 0.00014692611, No Iterations 3
GAMG:  Solving for p, Initial residual = 0.000432557, Final residual = 2.7855147e-06, No Iterations 4
time step continuity errors : sum local = 7.8530476e-05, global = -2.1809748e-05, cumulative = -7.6274123e-05
smoothSolver:  Solving for omega, Initial residual = 0.0011907868, Final residual = 7.523637e-06, No Iterations 2
smoothSolver:  Solving for k, Initial residual = 0.021422733, Final residual = 0.00022814011, No Iterations 2
ExecutionTime = 182.39519 s  ClockTime = 183 s

Time = 125s

smoothSolver:  Solving for Ux, Initial residual = 0.009838305, Final residual = 0.00013810981, No Iterations 3
smoothSolver:  Solving for Uy, Initial residual = 0.025972905, Final residual = 0.00037440766, No Iterations 3
smoothSolver:  Solving for Uz, Initial residual = 0.024842107, Final residual = 0.00034508778, No Iterations 3
GAMG:  Solving for p, Initial residual = 0.026834283, Final residual = 0.00014548828, No Iterations 3
GAMG:  Solving for p, Initial residual = 0.00042715125, Final residual = 2.9111396e-06, No Iterations 4
time step continuity errors : sum local = 8.0982782e-05, global = -2.3587968e-05, cumulative = -9.9862091e-05
smoothSolver:  Solving for omega, Initial residual = 0.001183976, Final residual = 7.5241445e-06, No Iterations 2
smoothSolver:  Solving for k, Initial residual = 0.021372251, Final residual = 0.00022751098, No Iterations 2
ExecutionTime = 184.43775 s  ClockTime = 185 s

Time = 126s

smoothSolver:  Solving for Ux, Initial residual = 0.0097755882, Final residual = 0.00013750086, No Iterations 3
smoothSolver:  Solving for Uy, Initial residual = 0.026214513, Final residual = 0.00037916275, No Iterations 3
smoothSolver:  Solving for Uz, Initial residual = 0.025099333, Final residual = 0.00035026073, No Iterations 3
GAMG:  Solving for p, Initial residual = 0.026682517, Final residual = 0.00014378616, No Iterations 3
GAMG:  Solving for p, Initial residual = 0.00042341007, Final residual = 3.0346633e-06, No Iterations 4
time step continuity errors : sum local = 8.3319055e-05, global = -2.4790373e-05, cumulative = -0.00012465246
smoothSolver:  Solving for omega, Initial residual = 0.0011789546, Final residual = 7.5605688e-06, No Iterations 2
smoothSolver:  Solving for k, Initial residual = 0.0213084, Final residual = 0.00022690128, No Iterations 2
ExecutionTime = 186.05047 s  ClockTime = 187 s

Time = 127s

smoothSolver:  Solving for Ux, Initial residual = 0.0097208921, Final residual = 0.00013697736, No Iterations 3
smoothSolver:  Solving for Uy, Initial residual = 0.026458562, Final residual = 0.00038356973, No Iterations 3
smoothSolver:  Solving for Uz, Initial residual = 0.025365603, Final residual = 0.00035570738, No Iterations 3
GAMG:  Solving for p, Initial residual = 0.026491221, Final residual = 0.00014251673, No Iterations 3
GAMG:  Solving for p, Initial residual = 0.00042322151, Final residual = 3.1387507e-06, No Iterations 4
time step continuity errors : sum local = 8.5075574e-05, global = -2.4877423e-05, cumulative = -0.00014952989
smoothSolver:  Solving for omega, Initial residual = 0.0011786617, Final residual = 7.5994995e-06, No Iterations 2
smoothSolver:  Solving for k, Initial residual = 0.021246341, Final residual = 0.00022622258, No Iterations 2
ExecutionTime = 187.61012 s  ClockTime = 188 s

Time = 128s

smoothSolver:  Solving for Ux, Initial residual = 0.0096735513, Final residual = 0.00013650416, No Iterations 3
smoothSolver:  Solving for Uy, Initial residual = 0.026712842, Final residual = 0.00038790689, No Iterations 3
smoothSolver:  Solving for Uz, Initial residual = 0.025677239, Final residual = 0.00036166963, No Iterations 3
GAMG:  Solving for p, Initial residual = 0.026379346, Final residual = 0.00014232217, No Iterations 3
GAMG:  Solving for p, Initial residual = 0.00042654646, Final residual = 3.1184153e-06, No Iterations 4
time step continuity errors : sum local = 8.3449826e-05, global = -2.3483451e-05, cumulative = -0.00017301334
smoothSolver:  Solving for omega, Initial residual = 0.0011756757, Final residual = 7.6333499e-06, No Iterations 2
smoothSolver:  Solving for k, Initial residual = 0.021164218, Final residual = 0.00022569043, No Iterations 2
ExecutionTime = 188.99469 s  ClockTime = 189 s

Time = 129s

smoothSolver:  Solving for Ux, Initial residual = 0.009637503, Final residual = 0.00013606717, No Iterations 3
smoothSolver:  Solving for Uy, Initial residual = 0.026982087, Final residual = 0.00039212165, No Iterations 3
smoothSolver:  Solving for Uz, Initial residual = 0.025999004, Final residual = 0.00036773003, No Iterations 3
GAMG:  Solving for p, Initial residual = 0.026410553, Final residual = 0.00014368914, No Iterations 3
GAMG:  Solving for p, Initial residual = 0.00043338148, Final residual = 2.9562636e-06, No Iterations 4
time step continuity errors : sum local = 7.8098715e-05, global = -2.2228684e-05, cumulative = -0.00019524202
smoothSolver:  Solving for omega, Initial residual = 0.0011733179, Final residual = 7.6605409e-06, No Iterations 2
smoothSolver:  Solving for k, Initial residual = 0.021104749, Final residual = 0.00022516973, No Iterations 2
ExecutionTime = 190.52427 s  ClockTime = 191 s

Time = 130s

smoothSolver:  Solving for Ux, Initial residual = 0.0096070331, Final residual = 0.00013561501, No Iterations 3
smoothSolver:  Solving for Uy, Initial residual = 0.027237742, Final residual = 0.00039646182, No Iterations 3
smoothSolver:  Solving for Uz, Initial residual = 0.026350225, Final residual = 0.00037385129, No Iterations 3
GAMG:  Solving for p, Initial residual = 0.026553267, Final residual = 0.00014600191, No Iterations 3
GAMG:  Solving for p, Initial residual = 0.00044354672, Final residual = 2.7082671e-06, No Iterations 4
time step continuity errors : sum local = 7.0627145e-05, global = -1.982063e-05, cumulative = -0.00021506265
smoothSolver:  Solving for omega, Initial residual = 0.001169699, Final residual = 7.7580776e-06, No Iterations 2
smoothSolver:  Solving for k, Initial residual = 0.021033995, Final residual = 0.00022461125, No Iterations 2
ExecutionTime = 191.94873 s  ClockTime = 192 s

Time = 131s

smoothSolver:  Solving for Ux, Initial residual = 0.009577847, Final residual = 0.00013516759, No Iterations 3
smoothSolver:  Solving for Uy, Initial residual = 0.027488378, Final residual = 0.00040076327, No Iterations 3
smoothSolver:  Solving for Uz, Initial residual = 0.026706851, Final residual = 0.00037991785, No Iterations 3
GAMG:  Solving for p, Initial residual = 0.026661182, Final residual = 0.00014828326, No Iterations 3
GAMG:  Solving for p, Initial residual = 0.00045486223, Final residual = 2.5141728e-06, No Iterations 4
time step continuity errors : sum local = 6.4727919e-05, global = -1.9395637e-05, cumulative = -0.00023445829
smoothSolver:  Solving for omega, Initial residual = 0.0011693528, Final residual = 7.7406603e-06, No Iterations 2
smoothSolver:  Solving for k, Initial residual = 0.020975491, Final residual = 0.00022430057, No Iterations 2
ExecutionTime = 193.34934 s  ClockTime = 194 s

Time = 132s

smoothSolver:  Solving for Ux, Initial residual = 0.0095484048, Final residual = 0.00013473217, No Iterations 3
smoothSolver:  Solving for Uy, Initial residual = 0.027729866, Final residual = 0.00040526484, No Iterations 3
smoothSolver:  Solving for Uz, Initial residual = 0.027073528, Final residual = 0.00038615212, No Iterations 3
GAMG:  Solving for p, Initial residual = 0.026770896, Final residual = 0.00015014825, No Iterations 3
GAMG:  Solving for p, Initial residual = 0.00046468849, Final residual = 2.4600148e-06, No Iterations 4
time step continuity errors : sum local = 6.2510992e-05, global = -1.8688291e-05, cumulative = -0.00025314658
smoothSolver:  Solving for omega, Initial residual = 0.0011678626, Final residual = 7.8393351e-06, No Iterations 2
smoothSolver:  Solving for k, Initial residual = 0.020913994, Final residual = 0.00022368978, No Iterations 2
ExecutionTime = 194.86493 s  ClockTime = 195 s

Time = 133s

smoothSolver:  Solving for Ux, Initial residual = 0.0095170084, Final residual = 0.00013427195, No Iterations 3
smoothSolver:  Solving for Uy, Initial residual = 0.027961459, Final residual = 0.00041003054, No Iterations 3
smoothSolver:  Solving for Uz, Initial residual = 0.027439957, Final residual = 0.00039254804, No Iterations 3
GAMG:  Solving for p, Initial residual = 0.026890004, Final residual = 0.00015121153, No Iterations 3
GAMG:  Solving for p, Initial residual = 0.00047395016, Final residual = 2.5295861e-06, No Iterations 4
time step continuity errors : sum local = 6.3436614e-05, global = -1.8776474e-05, cumulative = -0.00027192305
smoothSolver:  Solving for omega, Initial residual = 0.0011655109, Final residual = 7.7454419e-06, No Iterations 2
smoothSolver:  Solving for k, Initial residual = 0.020853196, Final residual = 0.00022273338, No Iterations 2
ExecutionTime = 196.18991 s  ClockTime = 197 s

Time = 134s

smoothSolver:  Solving for Ux, Initial residual = 0.0094819441, Final residual = 0.00013375967, No Iterations 3
smoothSolver:  Solving for Uy, Initial residual = 0.028201956, Final residual = 0.00041540179, No Iterations 3
smoothSolver:  Solving for Uz, Initial residual = 0.0278115, Final residual = 0.00039909769, No Iterations 3
GAMG:  Solving for p, Initial residual = 0.026968945, Final residual = 0.00015141469, No Iterations 3
GAMG:  Solving for p, Initial residual = 0.00048222422, Final residual = 2.660375e-06, No Iterations 4
time step continuity errors : sum local = 6.5826852e-05, global = -1.8647513e-05, cumulative = -0.00029057057
smoothSolver:  Solving for omega, Initial residual = 0.0011629493, Final residual = 7.8363258e-06, No Iterations 2
smoothSolver:  Solving for k, Initial residual = 0.020791669, Final residual = 0.00022143543, No Iterations 2
ExecutionTime = 197.47335 s  ClockTime = 198 s

Time = 135s

smoothSolver:  Solving for Ux, Initial residual = 0.0094410297, Final residual = 0.00013317255, No Iterations 3
smoothSolver:  Solving for Uy, Initial residual = 0.028486433, Final residual = 0.00042134782, No Iterations 3
smoothSolver:  Solving for Uz, Initial residual = 0.028197781, Final residual = 0.00040581564, No Iterations 3
GAMG:  Solving for p, Initial residual = 0.027095207, Final residual = 0.00015133234, No Iterations 3
GAMG:  Solving for p, Initial residual = 0.00048687674, Final residual = 2.8339305e-06, No Iterations 4
time step continuity errors : sum local = 6.9158197e-05, global = -1.8760705e-05, cumulative = -0.00030933127
smoothSolver:  Solving for omega, Initial residual = 0.001161529, Final residual = 7.8215769e-06, No Iterations 2
smoothSolver:  Solving for k, Initial residual = 0.02071771, Final residual = 0.00021973804, No Iterations 2
ExecutionTime = 198.93173 s  ClockTime = 199 s

Time = 136s

smoothSolver:  Solving for Ux, Initial residual = 0.0093943628, Final residual = 0.00013246724, No Iterations 3
smoothSolver:  Solving for Uy, Initial residual = 0.028813125, Final residual = 0.00042789523, No Iterations 3
smoothSolver:  Solving for Uz, Initial residual = 0.028602978, Final residual = 0.00041265066, No Iterations 3
GAMG:  Solving for p, Initial residual = 0.027295843, Final residual = 0.00015074772, No Iterations 3
GAMG:  Solving for p, Initial residual = 0.00049532845, Final residual = 2.8605902e-06, No Iterations 4
time step continuity errors : sum local = 6.8808836e-05, global = -1.7883727e-05, cumulative = -0.000327215
smoothSolver:  Solving for omega, Initial residual = 0.0011542966, Final residual = 7.8430401e-06, No Iterations 2
smoothSolver:  Solving for k, Initial residual = 0.020639446, Final residual = 0.00021788698, No Iterations 2
ExecutionTime = 200.46917 s  ClockTime = 201 s

Time = 137s

smoothSolver:  Solving for Ux, Initial residual = 0.0093422633, Final residual = 0.00013161175, No Iterations 3
smoothSolver:  Solving for Uy, Initial residual = 0.029181968, Final residual = 0.00043480232, No Iterations 3
smoothSolver:  Solving for Uz, Initial residual = 0.029032706, Final residual = 0.00041950659, No Iterations 3
GAMG:  Solving for p, Initial residual = 0.02748601, Final residual = 0.00015061817, No Iterations 3
GAMG:  Solving for p, Initial residual = 0.00050637721, Final residual = 2.673192e-06, No Iterations 4
time step continuity errors : sum local = 6.3361391e-05, global = -1.5465172e-05, cumulative = -0.00034268017
smoothSolver:  Solving for omega, Initial residual = 0.001148222, Final residual = 7.8168198e-06, No Iterations 2
smoothSolver:  Solving for k, Initial residual = 0.020537833, Final residual = 0.00021550917, No Iterations 2
ExecutionTime = 202.0909 s  ClockTime = 203 s

Time = 138s

smoothSolver:  Solving for Ux, Initial residual = 0.0092869055, Final residual = 0.00013058464, No Iterations 3
smoothSolver:  Solving for Uy, Initial residual = 0.029581843, Final residual = 0.00044164173, No Iterations 3
smoothSolver:  Solving for Uz, Initial residual = 0.029460045, Final residual = 0.00042600333, No Iterations 3
GAMG:  Solving for p, Initial residual = 0.027650395, Final residual = 0.00015122689, No Iterations 3
GAMG:  Solving for p, Initial residual = 0.00052553353, Final residual = 2.3032738e-06, No Iterations 4
time step continuity errors : sum local = 5.3789996e-05, global = -1.1369092e-05, cumulative = -0.00035404926
smoothSolver:  Solving for omega, Initial residual = 0.0011430597, Final residual = 7.8343509e-06, No Iterations 2
smoothSolver:  Solving for k, Initial residual = 0.020428012, Final residual = 0.00021269533, No Iterations 2
ExecutionTime = 203.69429 s  ClockTime = 204 s

Time = 139s

smoothSolver:  Solving for Ux, Initial residual = 0.009229655, Final residual = 0.00012939875, No Iterations 3
smoothSolver:  Solving for Uy, Initial residual = 0.030000392, Final residual = 0.00044824193, No Iterations 3
smoothSolver:  Solving for Uz, Initial residual = 0.029886798, Final residual = 0.00043196641, No Iterations 3
GAMG:  Solving for p, Initial residual = 0.02776076, Final residual = 0.00015237594, No Iterations 3
GAMG:  Solving for p, Initial residual = 0.00054285875, Final residual = 1.8776922e-06, No Iterations 4
time step continuity errors : sum local = 4.3188466e-05, global = -5.1748372e-06, cumulative = -0.0003592241
smoothSolver:  Solving for omega, Initial residual = 0.0011408471, Final residual = 7.8071038e-06, No Iterations 2
smoothSolver:  Solving for k, Initial residual = 0.020307848, Final residual = 0.00020968985, No Iterations 2
ExecutionTime = 205.42687 s  ClockTime = 206 s

Time = 140s

smoothSolver:  Solving for Ux, Initial residual = 0.0091696345, Final residual = 0.00012804598, No Iterations 3
smoothSolver:  Solving for Uy, Initial residual = 0.030418534, Final residual = 0.00045413672, No Iterations 3
smoothSolver:  Solving for Uz, Initial residual = 0.030282244, Final residual = 0.00043695684, No Iterations 3
GAMG:  Solving for p, Initial residual = 0.027908764, Final residual = 0.00015283263, No Iterations 3
GAMG:  Solving for p, Initial residual = 0.00056157589, Final residual = 5.4955774e-06, No Iterations 3
time step continuity errors : sum local = 0.00012448451, global = -1.1617607e-05, cumulative = -0.00037084171
smoothSolver:  Solving for omega, Initial residual = 0.0011396134, Final residual = 7.8772007e-06, No Iterations 2
smoothSolver:  Solving for k, Initial residual = 0.020182185, Final residual = 0.00020609936, No Iterations 2
ExecutionTime = 207.37347 s  ClockTime = 208 s

Time = 141s

smoothSolver:  Solving for Ux, Initial residual = 0.0091076945, Final residual = 0.00012654988, No Iterations 3
smoothSolver:  Solving for Uy, Initial residual = 0.030847686, Final residual = 0.00045945519, No Iterations 3
smoothSolver:  Solving for Uz, Initial residual = 0.030650708, Final residual = 0.0004410912, No Iterations 3
GAMG:  Solving for p, Initial residual = 0.028058749, Final residual = 0.00015176077, No Iterations 3
GAMG:  Solving for p, Initial residual = 0.00057022937, Final residual = 2.724147e-06, No Iterations 4
time step continuity errors : sum local = 6.0769048e-05, global = 1.0225061e-05, cumulative = -0.00036061664
smoothSolver:  Solving for omega, Initial residual = 0.0011391767, Final residual = 7.8081978e-06, No Iterations 2
smoothSolver:  Solving for k, Initial residual = 0.020035474, Final residual = 0.00020283522, No Iterations 2
ExecutionTime = 209.15887 s  ClockTime = 210 s

Time = 142s

smoothSolver:  Solving for Ux, Initial residual = 0.0090402636, Final residual = 0.0001249458, No Iterations 3
smoothSolver:  Solving for Uy, Initial residual = 0.031259131, Final residual = 0.00046396214, No Iterations 3
smoothSolver:  Solving for Uz, Initial residual = 0.030986003, Final residual = 0.00044419136, No Iterations 3
GAMG:  Solving for p, Initial residual = 0.028236524, Final residual = 0.00014805358, No Iterations 3
GAMG:  Solving for p, Initial residual = 0.00056942114, Final residual = 3.4492507e-06, No Iterations 4
time step continuity errors : sum local = 7.5781183e-05, global = 1.7068872e-05, cumulative = -0.00034354777
smoothSolver:  Solving for omega, Initial residual = 0.0011390392, Final residual = 7.783277e-06, No Iterations 2
smoothSolver:  Solving for k, Initial residual = 0.019873156, Final residual = 0.00019859824, No Iterations 2
ExecutionTime = 210.66714 s  ClockTime = 211 s

Time = 143s

smoothSolver:  Solving for Ux, Initial residual = 0.0089654124, Final residual = 0.00012322421, No Iterations 3
smoothSolver:  Solving for Uy, Initial residual = 0.031639624, Final residual = 0.00046790597, No Iterations 3
smoothSolver:  Solving for Uz, Initial residual = 0.031296328, Final residual = 0.00044670378, No Iterations 3
GAMG:  Solving for p, Initial residual = 0.028359236, Final residual = 0.00014323664, No Iterations 3
GAMG:  Solving for p, Initial residual = 0.00056211992, Final residual = 3.9577555e-06, No Iterations 4
time step continuity errors : sum local = 8.565609e-05, global = 2.0657054e-05, cumulative = -0.00032289072
smoothSolver:  Solving for omega, Initial residual = 0.0011404536, Final residual = 7.7408589e-06, No Iterations 2
smoothSolver:  Solving for k, Initial residual = 0.019685697, Final residual = 0.00019432928, No Iterations 2
ExecutionTime = 212.15633 s  ClockTime = 213 s

Time = 144s

smoothSolver:  Solving for Ux, Initial residual = 0.0088829543, Final residual = 0.00012139896, No Iterations 3
smoothSolver:  Solving for Uy, Initial residual = 0.031977359, Final residual = 0.00047087633, No Iterations 3
smoothSolver:  Solving for Uz, Initial residual = 0.031573945, Final residual = 0.00044853582, No Iterations 3
GAMG:  Solving for p, Initial residual = 0.028383494, Final residual = 0.00014071964, No Iterations 3
GAMG:  Solving for p, Initial residual = 0.00055352609, Final residual = 4.2089641e-06, No Iterations 4
time step continuity errors : sum local = 8.971571e-05, global = 2.1482377e-05, cumulative = -0.00030140834
smoothSolver:  Solving for omega, Initial residual = 0.0011381297, Final residual = 7.7532887e-06, No Iterations 2
smoothSolver:  Solving for k, Initial residual = 0.01949804, Final residual = 0.00018944535, No Iterations 2
ExecutionTime = 213.49651 s  ClockTime = 214 s

Time = 145s

smoothSolver:  Solving for Ux, Initial residual = 0.0087924042, Final residual = 0.00011947253, No Iterations 3
smoothSolver:  Solving for Uy, Initial residual = 0.032265858, Final residual = 0.00047318061, No Iterations 3
smoothSolver:  Solving for Uz, Initial residual = 0.03183114, Final residual = 0.00045025755, No Iterations 3
GAMG:  Solving for p, Initial residual = 0.028392423, Final residual = 0.00014238029, No Iterations 3
GAMG:  Solving for p, Initial residual = 0.00055234152, Final residual = 4.3591816e-06, No Iterations 4
time step continuity errors : sum local = 9.1521586e-05, global = 2.2053767e-05, cumulative = -0.00027935458
smoothSolver:  Solving for omega, Initial residual = 0.0011372566, Final residual = 7.7357409e-06, No Iterations 2
smoothSolver:  Solving for k, Initial residual = 0.019262106, Final residual = 0.0001842719, No Iterations 2
ExecutionTime = 214.8342 s  ClockTime = 215 s

Time = 146s

smoothSolver:  Solving for Ux, Initial residual = 0.0086946999, Final residual = 0.00011745244, No Iterations 3
smoothSolver:  Solving for Uy, Initial residual = 0.032521205, Final residual = 0.00047456877, No Iterations 3
smoothSolver:  Solving for Uz, Initial residual = 0.032062199, Final residual = 0.00045186261, No Iterations 3
GAMG:  Solving for p, Initial residual = 0.028397559, Final residual = 0.00014682378, No Iterations 3
GAMG:  Solving for p, Initial residual = 0.0005552661, Final residual = 4.288166e-06, No Iterations 4
time step continuity errors : sum local = 8.8651369e-05, global = 2.2145117e-05, cumulative = -0.00025720946
smoothSolver:  Solving for omega, Initial residual = 0.0011327278, Final residual = 7.735028e-06, No Iterations 2
smoothSolver:  Solving for k, Initial residual = 0.019000041, Final residual = 0.00017860747, No Iterations 2
ExecutionTime = 216.11204 s  ClockTime = 217 s

Time = 147s

smoothSolver:  Solving for Ux, Initial residual = 0.0085871937, Final residual = 0.00011534159, No Iterations 3
smoothSolver:  Solving for Uy, Initial residual = 0.032747738, Final residual = 0.00047556318, No Iterations 3
smoothSolver:  Solving for Uz, Initial residual = 0.032276565, Final residual = 0.00045350201, No Iterations 3
GAMG:  Solving for p, Initial residual = 0.028453308, Final residual = 0.00015183359, No Iterations 3
GAMG:  Solving for p, Initial residual = 0.00055654495, Final residual = 3.8928724e-06, No Iterations 4
time step continuity errors : sum local = 7.9227212e-05, global = 2.0034689e-05, cumulative = -0.00023717477
smoothSolver:  Solving for omega, Initial residual = 0.0011275387, Final residual = 7.6786171e-06, No Iterations 2
smoothSolver:  Solving for k, Initial residual = 0.018717082, Final residual = 0.00017282222, No Iterations 2
ExecutionTime = 217.39008 s  ClockTime = 218 s

Time = 148s

smoothSolver:  Solving for Ux, Initial residual = 0.0084734103, Final residual = 0.00011313184, No Iterations 3
smoothSolver:  Solving for Uy, Initial residual = 0.032954297, Final residual = 0.00047608066, No Iterations 3
smoothSolver:  Solving for Uz, Initial residual = 0.032474179, Final residual = 0.00045478218, No Iterations 3
GAMG:  Solving for p, Initial residual = 0.028533812, Final residual = 0.00015780477, No Iterations 3
GAMG:  Solving for p, Initial residual = 0.00055585185, Final residual = 3.3215008e-06, No Iterations 4
time step continuity errors : sum local = 6.650187e-05, global = 1.555909e-05, cumulative = -0.00022161568
smoothSolver:  Solving for omega, Initial residual = 0.0011158174, Final residual = 7.5835425e-06, No Iterations 2
smoothSolver:  Solving for k, Initial residual = 0.018400917, Final residual = 0.00016681861, No Iterations 2
ExecutionTime = 218.68333 s  ClockTime = 219 s

Time = 149s

smoothSolver:  Solving for Ux, Initial residual = 0.0083516732, Final residual = 0.000110811, No Iterations 3
smoothSolver:  Solving for Uy, Initial residual = 0.033149079, Final residual = 0.00047632012, No Iterations 3
smoothSolver:  Solving for Uz, Initial residual = 0.032651438, Final residual = 0.00045548942, No Iterations 3
GAMG:  Solving for p, Initial residual = 0.028600415, Final residual = 0.00016428541, No Iterations 3
GAMG:  Solving for p, Initial residual = 0.00055907767, Final residual = 2.9426917e-06, No Iterations 4
time step continuity errors : sum local = 5.7864094e-05, global = 1.2419172e-05, cumulative = -0.00020919651
smoothSolver:  Solving for omega, Initial residual = 0.0011043302, Final residual = 7.4509432e-06, No Iterations 2
smoothSolver:  Solving for k, Initial residual = 0.018081242, Final residual = 0.00016081905, No Iterations 2
ExecutionTime = 220.25392 s  ClockTime = 221 s

Time = 150s

smoothSolver:  Solving for Ux, Initial residual = 0.0082238532, Final residual = 0.0001083929, No Iterations 3
smoothSolver:  Solving for Uy, Initial residual = 0.03334677, Final residual = 0.00047639601, No Iterations 3
smoothSolver:  Solving for Uz, Initial residual = 0.03279969, Final residual = 0.00045563679, No Iterations 3
GAMG:  Solving for p, Initial residual = 0.028668318, Final residual = 0.00017113639, No Iterations 3
GAMG:  Solving for p, Initial residual = 0.00056215342, Final residual = 2.9959926e-06, No Iterations 4
time step continuity errors : sum local = 5.7866995e-05, global = 1.2414342e-05, cumulative = -0.00019678217
smoothSolver:  Solving for omega, Initial residual = 0.0010902013, Final residual = 7.4092368e-06, No Iterations 2
smoothSolver:  Solving for k, Initial residual = 0.017724975, Final residual = 0.00015502949, No Iterations 2
ExecutionTime = 221.61182 s  ClockTime = 222 s

Time = 151s

smoothSolver:  Solving for Ux, Initial residual = 0.0080917837, Final residual = 0.00010587402, No Iterations 3
smoothSolver:  Solving for Uy, Initial residual = 0.033553754, Final residual = 0.00047665441, No Iterations 3
smoothSolver:  Solving for Uz, Initial residual = 0.032933311, Final residual = 0.00045521581, No Iterations 3
GAMG:  Solving for p, Initial residual = 0.028790268, Final residual = 0.00017702881, No Iterations 3
GAMG:  Solving for p, Initial residual = 0.00056694699, Final residual = 3.3734146e-06, No Iterations 4
time step continuity errors : sum local = 6.385142e-05, global = 1.4591928e-05, cumulative = -0.00018219024
smoothSolver:  Solving for omega, Initial residual = 0.001080488, Final residual = 7.343675e-06, No Iterations 2
smoothSolver:  Solving for k, Initial residual = 0.017365561, Final residual = 0.0001495202, No Iterations 2
ExecutionTime = 222.95499 s  ClockTime = 223 s

Time = 152s

smoothSolver:  Solving for Ux, Initial residual = 0.0079549485, Final residual = 0.00010326092, No Iterations 3
smoothSolver:  Solving for Uy, Initial residual = 0.033741527, Final residual = 0.00047761835, No Iterations 3
smoothSolver:  Solving for Uz, Initial residual = 0.033052119, Final residual = 0.00045455163, No Iterations 3
GAMG:  Solving for p, Initial residual = 0.028899633, Final residual = 0.00018330193, No Iterations 3
GAMG:  Solving for p, Initial residual = 0.00057508214, Final residual = 3.8296566e-06, No Iterations 4
time step continuity errors : sum local = 7.0876779e-05, global = 1.6674858e-05, cumulative = -0.00016551538
smoothSolver:  Solving for omega, Initial residual = 0.0010633639, Final residual = 7.2518305e-06, No Iterations 2
smoothSolver:  Solving for k, Initial residual = 0.01700323, Final residual = 0.00014435369, No Iterations 2
ExecutionTime = 224.91416 s  ClockTime = 225 s

Time = 153s

smoothSolver:  Solving for Ux, Initial residual = 0.0078108559, Final residual = 0.00010056596, No Iterations 3
smoothSolver:  Solving for Uy, Initial residual = 0.033934418, Final residual = 0.00047884932, No Iterations 3
smoothSolver:  Solving for Uz, Initial residual = 0.033153862, Final residual = 0.00045315611, No Iterations 3
GAMG:  Solving for p, Initial residual = 0.028886945, Final residual = 0.00018881703, No Iterations 3
GAMG:  Solving for p, Initial residual = 0.00058337449, Final residual = 4.1389759e-06, No Iterations 4
time step continuity errors : sum local = 7.4973829e-05, global = 1.8018159e-05, cumulative = -0.00014749722
smoothSolver:  Solving for omega, Initial residual = 0.0010491117, Final residual = 7.1708287e-06, No Iterations 2
smoothSolver:  Solving for k, Initial residual = 0.016637737, Final residual = 0.00013947948, No Iterations 2
ExecutionTime = 226.8966 s  ClockTime = 227 s

Time = 154s

smoothSolver:  Solving for Ux, Initial residual = 0.0076584595, Final residual = 9.7778157e-05, No Iterations 3
smoothSolver:  Solving for Uy, Initial residual = 0.034119006, Final residual = 0.00048078967, No Iterations 3
smoothSolver:  Solving for Uz, Initial residual = 0.033219706, Final residual = 0.00045194291, No Iterations 3
GAMG:  Solving for p, Initial residual = 0.028837701, Final residual = 0.00019391627, No Iterations 3
GAMG:  Solving for p, Initial residual = 0.0005922345, Final residual = 4.3587344e-06, No Iterations 4
time step continuity errors : sum local = 7.7263724e-05, global = 1.8658006e-05, cumulative = -0.00012883922
smoothSolver:  Solving for omega, Initial residual = 0.0010322019, Final residual = 7.0885992e-06, No Iterations 2
smoothSolver:  Solving for k, Initial residual = 0.016271877, Final residual = 0.00013473872, No Iterations 2
ExecutionTime = 228.50203 s  ClockTime = 229 s

Time = 155s

smoothSolver:  Solving for Ux, Initial residual = 0.0074950534, Final residual = 9.4886449e-05, No Iterations 3
smoothSolver:  Solving for Uy, Initial residual = 0.034294586, Final residual = 0.00048331174, No Iterations 3
smoothSolver:  Solving for Uz, Initial residual = 0.033280252, Final residual = 0.000450897, No Iterations 3
GAMG:  Solving for p, Initial residual = 0.028831015, Final residual = 0.00019710682, No Iterations 3
GAMG:  Solving for p, Initial residual = 0.0005957036, Final residual = 4.5478056e-06, No Iterations 4
time step continuity errors : sum local = 7.8741226e-05, global = 1.8716861e-05, cumulative = -0.00011012235
smoothSolver:  Solving for omega, Initial residual = 0.0010193656, Final residual = 7.0117336e-06, No Iterations 2
smoothSolver:  Solving for k, Initial residual = 0.015911613, Final residual = 0.00013066605, No Iterations 2
ExecutionTime = 230.39124 s  ClockTime = 231 s

Time = 156s

smoothSolver:  Solving for Ux, Initial residual = 0.0073202442, Final residual = 9.1908368e-05, No Iterations 3
smoothSolver:  Solving for Uy, Initial residual = 0.034465781, Final residual = 0.00048695887, No Iterations 3
smoothSolver:  Solving for Uz, Initial residual = 0.033317893, Final residual = 0.00045047687, No Iterations 3
GAMG:  Solving for p, Initial residual = 0.028873711, Final residual = 0.00019527698, No Iterations 3
GAMG:  Solving for p, Initial residual = 0.0005923556, Final residual = 4.542297e-06, No Iterations 4
time step continuity errors : sum local = 7.6766018e-05, global = 1.762575e-05, cumulative = -9.2496605e-05
smoothSolver:  Solving for omega, Initial residual = 0.0010006742, Final residual = 6.9049003e-06, No Iterations 2
smoothSolver:  Solving for k, Initial residual = 0.015585421, Final residual = 0.00012636459, No Iterations 2
ExecutionTime = 232.17483 s  ClockTime = 233 s

Time = 157s

smoothSolver:  Solving for Ux, Initial residual = 0.0071355739, Final residual = 8.8871375e-05, No Iterations 3
smoothSolver:  Solving for Uy, Initial residual = 0.034641349, Final residual = 0.00049232446, No Iterations 3
smoothSolver:  Solving for Uz, Initial residual = 0.033355675, Final residual = 0.00045096825, No Iterations 3
GAMG:  Solving for p, Initial residual = 0.028984217, Final residual = 0.00018922589, No Iterations 3
GAMG:  Solving for p, Initial residual = 0.00058866432, Final residual = 4.258895e-06, No Iterations 4
time step continuity errors : sum local = 7.0063587e-05, global = 1.5076728e-05, cumulative = -7.7419876e-05
smoothSolver:  Solving for omega, Initial residual = 0.00098327687, Final residual = 6.7969448e-06, No Iterations 2
smoothSolver:  Solving for k, Initial residual = 0.015275454, Final residual = 0.00012353628, No Iterations 2
ExecutionTime = 233.63885 s  ClockTime = 234 s

Time = 158s

smoothSolver:  Solving for Ux, Initial residual = 0.0069414107, Final residual = 8.5814876e-05, No Iterations 3
smoothSolver:  Solving for Uy, Initial residual = 0.034819815, Final residual = 0.00049788485, No Iterations 3
smoothSolver:  Solving for Uz, Initial residual = 0.033376533, Final residual = 0.00045269871, No Iterations 3
GAMG:  Solving for p, Initial residual = 0.029116612, Final residual = 0.00018125179, No Iterations 3
GAMG:  Solving for p, Initial residual = 0.00058601186, Final residual = 3.7598231e-06, No Iterations 4
time step continuity errors : sum local = 6.0265241e-05, global = 1.147924e-05, cumulative = -6.5940636e-05
smoothSolver:  Solving for omega, Initial residual = 0.0009659346, Final residual = 6.7658205e-06, No Iterations 2
smoothSolver:  Solving for k, Initial residual = 0.015006009, Final residual = 0.00012104159, No Iterations 2
ExecutionTime = 235.15767 s  ClockTime = 236 s

Time = 159s

smoothSolver:  Solving for Ux, Initial residual = 0.0067405175, Final residual = 8.2778118e-05, No Iterations 3
smoothSolver:  Solving for Uy, Initial residual = 0.034985815, Final residual = 0.00050233875, No Iterations 3
smoothSolver:  Solving for Uz, Initial residual = 0.033421109, Final residual = 0.00045607275, No Iterations 3
GAMG:  Solving for p, Initial residual = 0.029246363, Final residual = 0.00017715287, No Iterations 3
GAMG:  Solving for p, Initial residual = 0.00059196639, Final residual = 3.2305317e-06, No Iterations 4
time step continuity errors : sum local = 5.0457734e-05, global = 8.0336265e-06, cumulative = -5.790701e-05
smoothSolver:  Solving for omega, Initial residual = 0.0009533229, Final residual = 6.6820331e-06, No Iterations 2
smoothSolver:  Solving for k, Initial residual = 0.01479285, Final residual = 0.00011902448, No Iterations 2
ExecutionTime = 236.60481 s  ClockTime = 237 s

Time = 160s

smoothSolver:  Solving for Ux, Initial residual = 0.0065341562, Final residual = 7.9777846e-05, No Iterations 3
smoothSolver:  Solving for Uy, Initial residual = 0.035162746, Final residual = 0.00050494095, No Iterations 3
smoothSolver:  Solving for Uz, Initial residual = 0.03346384, Final residual = 0.00045977602, No Iterations 3
GAMG:  Solving for p, Initial residual = 0.029275747, Final residual = 0.00018744143, No Iterations 3
GAMG:  Solving for p, Initial residual = 0.00061073015, Final residual = 3.76835e-06, No Iterations 4
time step continuity errors : sum local = 5.7401937e-05, global = -1.6449073e-05, cumulative = -7.4356083e-05
smoothSolver:  Solving for omega, Initial residual = 0.00093637056, Final residual = 6.6540922e-06, No Iterations 2
smoothSolver:  Solving for k, Initial residual = 0.014582446, Final residual = 0.00011652054, No Iterations 2
ExecutionTime = 238.14018 s  ClockTime = 239 s

Time = 161s

smoothSolver:  Solving for Ux, Initial residual = 0.0063240324, Final residual = 7.6847656e-05, No Iterations 3
smoothSolver:  Solving for Uy, Initial residual = 0.035310037, Final residual = 0.00050475281, No Iterations 3
smoothSolver:  Solving for Uz, Initial residual = 0.033540234, Final residual = 0.00046304078, No Iterations 3
GAMG:  Solving for p, Initial residual = 0.029493535, Final residual = 0.00020960103, No Iterations 3
GAMG:  Solving for p, Initial residual = 0.00064402251, Final residual = 3.2016854e-06, No Iterations 5
time step continuity errors : sum local = 4.7366718e-05, global = 1.4339847e-05, cumulative = -6.0016235e-05
smoothSolver:  Solving for omega, Initial residual = 0.00092318747, Final residual = 6.5282548e-06, No Iterations 2
smoothSolver:  Solving for k, Initial residual = 0.014395004, Final residual = 0.0001144741, No Iterations 2
ExecutionTime = 240.01578 s  ClockTime = 241 s

Time = 162s

smoothSolver:  Solving for Ux, Initial residual = 0.0061105439, Final residual = 7.4038671e-05, No Iterations 3
smoothSolver:  Solving for Uy, Initial residual = 0.035390196, Final residual = 0.00050104715, No Iterations 3
smoothSolver:  Solving for Uz, Initial residual = 0.033619352, Final residual = 0.00046454427, No Iterations 3
GAMG:  Solving for p, Initial residual = 0.029526061, Final residual = 0.00021984514, No Iterations 3
GAMG:  Solving for p, Initial residual = 0.00066099892, Final residual = 3.124114e-06, No Iterations 5
time step continuity errors : sum local = 4.5134134e-05, global = 1.0606086e-05, cumulative = -4.941015e-05
smoothSolver:  Solving for omega, Initial residual = 0.00090790105, Final residual = 6.4320873e-06, No Iterations 2
smoothSolver:  Solving for k, Initial residual = 0.014206222, Final residual = 0.00011196523, No Iterations 2
ExecutionTime = 241.88101 s  ClockTime = 242 s

Time = 163s

smoothSolver:  Solving for Ux, Initial residual = 0.0058980411, Final residual = 7.1395264e-05, No Iterations 3
smoothSolver:  Solving for Uy, Initial residual = 0.035365848, Final residual = 0.00049425296, No Iterations 3
smoothSolver:  Solving for Uz, Initial residual = 0.033690833, Final residual = 0.00046357307, No Iterations 3
GAMG:  Solving for p, Initial residual = 0.029519612, Final residual = 0.00022182496, No Iterations 3
GAMG:  Solving for p, Initial residual = 0.00066806363, Final residual = 3.0340499e-06, No Iterations 5
time step continuity errors : sum local = 4.2757603e-05, global = 8.2751776e-06, cumulative = -4.1134972e-05
smoothSolver:  Solving for omega, Initial residual = 0.00089643757, Final residual = 6.3540275e-06, No Iterations 2
smoothSolver:  Solving for k, Initial residual = 0.013986197, Final residual = 0.00011018228, No Iterations 2
ExecutionTime = 243.35672 s  ClockTime = 244 s

Time = 164s

smoothSolver:  Solving for Ux, Initial residual = 0.0056919531, Final residual = 0.00028441953, No Iterations 2
smoothSolver:  Solving for Uy, Initial residual = 0.035181307, Final residual = 0.0004846019, No Iterations 3
smoothSolver:  Solving for Uz, Initial residual = 0.033714839, Final residual = 0.00045997231, No Iterations 3
GAMG:  Solving for p, Initial residual = 0.029268282, Final residual = 0.00022453622, No Iterations 3
GAMG:  Solving for p, Initial residual = 0.00066936035, Final residual = 3.0775255e-06, No Iterations 5
time step continuity errors : sum local = 4.2286408e-05, global = 7.9439681e-06, cumulative = -3.3191004e-05
smoothSolver:  Solving for omega, Initial residual = 0.00088217559, Final residual = 6.3476484e-06, No Iterations 2
smoothSolver:  Solving for k, Initial residual = 0.013704008, Final residual = 0.00010790576, No Iterations 2
ExecutionTime = 244.62099 s  ClockTime = 245 s

Time = 165s

smoothSolver:  Solving for Ux, Initial residual = 0.0055306502, Final residual = 6.7286899e-05, No Iterations 3
smoothSolver:  Solving for Uy, Initial residual = 0.034621475, Final residual = 0.00046966754, No Iterations 3
smoothSolver:  Solving for Uz, Initial residual = 0.033507439, Final residual = 0.00045136917, No Iterations 3
GAMG:  Solving for p, Initial residual = 0.029635601, Final residual = 0.00025230053, No Iterations 3
GAMG:  Solving for p, Initial residual = 0.00070794971, Final residual = 3.083303e-06, No Iterations 5
time step continuity errors : sum local = 4.111648e-05, global = 7.1918882e-06, cumulative = -2.5999116e-05
smoothSolver:  Solving for omega, Initial residual = 0.0008704497, Final residual = 6.1683533e-06, No Iterations 2
smoothSolver:  Solving for k, Initial residual = 0.013398443, Final residual = 0.00010593752, No Iterations 2
ExecutionTime = 246.55855 s  ClockTime = 247 s

Time = 166s

smoothSolver:  Solving for Ux, Initial residual = 0.005323846, Final residual = 6.4969215e-05, No Iterations 3
smoothSolver:  Solving for Uy, Initial residual = 0.034196224, Final residual = 0.00045796601, No Iterations 3
smoothSolver:  Solving for Uz, Initial residual = 0.033465534, Final residual = 0.00044494689, No Iterations 3
GAMG:  Solving for p, Initial residual = 0.029399609, Final residual = 0.00025299561, No Iterations 3
GAMG:  Solving for p, Initial residual = 0.00071282868, Final residual = 3.1733043e-06, No Iterations 5
time step continuity errors : sum local = 4.1304141e-05, global = 7.8874883e-06, cumulative = -1.8111627e-05
smoothSolver:  Solving for omega, Initial residual = 0.00085354545, Final residual = 6.1392132e-06, No Iterations 2
smoothSolver:  Solving for k, Initial residual = 0.013063334, Final residual = 0.0001042007, No Iterations 2
ExecutionTime = 248.11098 s  ClockTime = 249 s

Time = 167s

smoothSolver:  Solving for Ux, Initial residual = 0.0051493716, Final residual = 6.3187002e-05, No Iterations 3
smoothSolver:  Solving for Uy, Initial residual = 0.033476177, Final residual = 0.00044419048, No Iterations 3
smoothSolver:  Solving for Uz, Initial residual = 0.033152194, Final residual = 0.00043488934, No Iterations 3
GAMG:  Solving for p, Initial residual = 0.029125498, Final residual = 0.00025189452, No Iterations 3
GAMG:  Solving for p, Initial residual = 0.00071486501, Final residual = 3.2556304e-06, No Iterations 5
time step continuity errors : sum local = 4.1463725e-05, global = 8.5056143e-06, cumulative = -9.6060131e-06
smoothSolver:  Solving for omega, Initial residual = 0.00084268899, Final residual = 6.0150883e-06, No Iterations 2
smoothSolver:  Solving for k, Initial residual = 0.012623569, Final residual = 0.00010124438, No Iterations 2
ExecutionTime = 249.56866 s  ClockTime = 250 s

Time = 168s

smoothSolver:  Solving for Ux, Initial residual = 0.0049960039, Final residual = 6.1673673e-05, No Iterations 3
smoothSolver:  Solving for Uy, Initial residual = 0.032597564, Final residual = 0.00043090553, No Iterations 3
smoothSolver:  Solving for Uz, Initial residual = 0.032651619, Final residual = 0.00042361661, No Iterations 3
GAMG:  Solving for p, Initial residual = 0.028927481, Final residual = 0.00024450194, No Iterations 3
GAMG:  Solving for p, Initial residual = 0.00070742481, Final residual = 3.3710851e-06, No Iterations 5
time step continuity errors : sum local = 4.2038557e-05, global = 9.4046289e-06, cumulative = -2.0138423e-07
smoothSolver:  Solving for omega, Initial residual = 0.00082891859, Final residual = 6.0213945e-06, No Iterations 2
smoothSolver:  Solving for k, Initial residual = 0.012189478, Final residual = 9.9596703e-05, No Iterations 2
ExecutionTime = 251.00012 s  ClockTime = 252 s

Time = 169s

smoothSolver:  Solving for Ux, Initial residual = 0.0048592872, Final residual = 6.0394258e-05, No Iterations 3
smoothSolver:  Solving for Uy, Initial residual = 0.031657859, Final residual = 0.00041918919, No Iterations 3
smoothSolver:  Solving for Uz, Initial residual = 0.031986373, Final residual = 0.00041185417, No Iterations 3
GAMG:  Solving for p, Initial residual = 0.028520918, Final residual = 0.00022981554, No Iterations 3
GAMG:  Solving for p, Initial residual = 0.00068623066, Final residual = 3.5154867e-06, No Iterations 5
time step continuity errors : sum local = 4.3189587e-05, global = 1.0300052e-05, cumulative = 1.0098668e-05
smoothSolver:  Solving for omega, Initial residual = 0.00081898857, Final residual = 5.9077998e-06, No Iterations 2
smoothSolver:  Solving for k, Initial residual = 0.011783824, Final residual = 9.8133595e-05, No Iterations 2
ExecutionTime = 252.32207 s  ClockTime = 253 s

Time = 170s

smoothSolver:  Solving for Ux, Initial residual = 0.0047378608, Final residual = 5.9329693e-05, No Iterations 3
smoothSolver:  Solving for Uy, Initial residual = 0.030712308, Final residual = 0.00040943874, No Iterations 3
smoothSolver:  Solving for Uz, Initial residual = 0.031195614, Final residual = 0.00040031191, No Iterations 3
GAMG:  Solving for p, Initial residual = 0.027984891, Final residual = 0.00021133718, No Iterations 3
GAMG:  Solving for p, Initial residual = 0.00065728622, Final residual = 3.7417097e-06, No Iterations 5
time step continuity errors : sum local = 4.5436018e-05, global = 1.1289581e-05, cumulative = 2.1388249e-05
smoothSolver:  Solving for omega, Initial residual = 0.00080846756, Final residual = 5.9559342e-06, No Iterations 2
smoothSolver:  Solving for k, Initial residual = 0.011374243, Final residual = 9.6692341e-05, No Iterations 2
ExecutionTime = 253.66689 s  ClockTime = 254 s

Time = 171s

smoothSolver:  Solving for Ux, Initial residual = 0.0046315077, Final residual = 5.8475138e-05, No Iterations 3
smoothSolver:  Solving for Uy, Initial residual = 0.029825583, Final residual = 0.00040185749, No Iterations 3
smoothSolver:  Solving for Uz, Initial residual = 0.03033124, Final residual = 0.000389441, No Iterations 3
GAMG:  Solving for p, Initial residual = 0.027394543, Final residual = 0.00019277899, No Iterations 3
GAMG:  Solving for p, Initial residual = 0.00062705222, Final residual = 4.0730185e-06, No Iterations 5
time step continuity errors : sum local = 4.903821e-05, global = 1.2376178e-05, cumulative = 3.3764427e-05
smoothSolver:  Solving for omega, Initial residual = 0.00080111694, Final residual = 5.8564888e-06, No Iterations 2
smoothSolver:  Solving for k, Initial residual = 0.010984037, Final residual = 9.5078157e-05, No Iterations 2
ExecutionTime = 254.98051 s  ClockTime = 256 s

Time = 172s

smoothSolver:  Solving for Ux, Initial residual = 0.0045366159, Final residual = 5.7810015e-05, No Iterations 3
smoothSolver:  Solving for Uy, Initial residual = 0.029052888, Final residual = 0.00039602145, No Iterations 3
smoothSolver:  Solving for Uz, Initial residual = 0.029446399, Final residual = 0.00037959927, No Iterations 3
GAMG:  Solving for p, Initial residual = 0.026738967, Final residual = 0.00017635974, No Iterations 3
GAMG:  Solving for p, Initial residual = 0.00060010684, Final residual = 4.3445397e-06, No Iterations 5
time step continuity errors : sum local = 5.199804e-05, global = 1.3006104e-05, cumulative = 4.6770531e-05
smoothSolver:  Solving for omega, Initial residual = 0.00079010485, Final residual = 5.8486216e-06, No Iterations 2
smoothSolver:  Solving for k, Initial residual = 0.010616228, Final residual = 9.3644832e-05, No Iterations 2
ExecutionTime = 256.38908 s  ClockTime = 257 s

Time = 173s

smoothSolver:  Solving for Ux, Initial residual = 0.004451371, Final residual = 5.7276208e-05, No Iterations 3
smoothSolver:  Solving for Uy, Initial residual = 0.02839851, Final residual = 0.00039146479, No Iterations 3
smoothSolver:  Solving for Uz, Initial residual = 0.028584957, Final residual = 0.00037066547, No Iterations 3
GAMG:  Solving for p, Initial residual = 0.026086514, Final residual = 0.00016248687, No Iterations 3
GAMG:  Solving for p, Initial residual = 0.00057596146, Final residual = 3.6931726e-06, No Iterations 5
time step continuity errors : sum local = 4.4010974e-05, global = 8.6958854e-06, cumulative = 5.5466417e-05
smoothSolver:  Solving for omega, Initial residual = 0.00078182114, Final residual = 5.8151446e-06, No Iterations 2
smoothSolver:  Solving for k, Initial residual = 0.010305544, Final residual = 9.2490939e-05, No Iterations 2
ExecutionTime = 257.73636 s  ClockTime = 258 s

Time = 174s

smoothSolver:  Solving for Ux, Initial residual = 0.0043721864, Final residual = 5.6829571e-05, No Iterations 3
smoothSolver:  Solving for Uy, Initial residual = 0.027863995, Final residual = 0.00038758388, No Iterations 3
smoothSolver:  Solving for Uz, Initial residual = 0.027775542, Final residual = 0.00036244008, No Iterations 3
GAMG:  Solving for p, Initial residual = 0.025409389, Final residual = 0.00015105535, No Iterations 3
GAMG:  Solving for p, Initial residual = 0.00055422766, Final residual = 4.2307794e-06, No Iterations 4
time step continuity errors : sum local = 5.0284816e-05, global = -6.8939388e-06, cumulative = 4.8572478e-05
smoothSolver:  Solving for omega, Initial residual = 0.00077275479, Final residual = 5.8546286e-06, No Iterations 2
smoothSolver:  Solving for k, Initial residual = 0.010013714, Final residual = 9.1152784e-05, No Iterations 2
ExecutionTime = 259.02806 s  ClockTime = 260 s

Time = 175s

smoothSolver:  Solving for Ux, Initial residual = 0.0042976245, Final residual = 5.6412713e-05, No Iterations 3
smoothSolver:  Solving for Uy, Initial residual = 0.02741742, Final residual = 0.000383998, No Iterations 3
smoothSolver:  Solving for Uz, Initial residual = 0.027034392, Final residual = 0.00035505255, No Iterations 3
GAMG:  Solving for p, Initial residual = 0.024859213, Final residual = 0.00014168635, No Iterations 3
GAMG:  Solving for p, Initial residual = 0.00053532123, Final residual = 5.2654941e-06, No Iterations 4
time step continuity errors : sum local = 6.2416707e-05, global = -1.2071813e-05, cumulative = 3.6500665e-05
smoothSolver:  Solving for omega, Initial residual = 0.00076547073, Final residual = 5.745626e-06, No Iterations 2
smoothSolver:  Solving for k, Initial residual = 0.0097672547, Final residual = 8.9874873e-05, No Iterations 2
ExecutionTime = 260.33184 s  ClockTime = 261 s

Time = 176s

smoothSolver:  Solving for Ux, Initial residual = 0.0042260144, Final residual = 5.5965891e-05, No Iterations 3
smoothSolver:  Solving for Uy, Initial residual = 0.027021249, Final residual = 0.00038048555, No Iterations 3
smoothSolver:  Solving for Uz, Initial residual = 0.026359918, Final residual = 0.00034823105, No Iterations 3
GAMG:  Solving for p, Initial residual = 0.02445783, Final residual = 0.00013497208, No Iterations 3
GAMG:  Solving for p, Initial residual = 0.00052164182, Final residual = 4.9670682e-06, No Iterations 4
time step continuity errors : sum local = 5.864976e-05, global = -1.1571148e-05, cumulative = 2.4929517e-05
smoothSolver:  Solving for omega, Initial residual = 0.00075605818, Final residual = 5.7553309e-06, No Iterations 2
smoothSolver:  Solving for k, Initial residual = 0.0095405004, Final residual = 8.8571547e-05, No Iterations 2
ExecutionTime = 261.62006 s  ClockTime = 262 s

Time = 177s

smoothSolver:  Solving for Ux, Initial residual = 0.0041550435, Final residual = 5.5484077e-05, No Iterations 3
smoothSolver:  Solving for Uy, Initial residual = 0.026664448, Final residual = 0.00037709578, No Iterations 3
smoothSolver:  Solving for Uz, Initial residual = 0.025743709, Final residual = 0.00034199084, No Iterations 3
GAMG:  Solving for p, Initial residual = 0.02393845, Final residual = 0.00012848005, No Iterations 3
GAMG:  Solving for p, Initial residual = 0.00050680125, Final residual = 3.5965389e-06, No Iterations 4
time step continuity errors : sum local = 4.2502274e-05, global = 1.0185828e-05, cumulative = 3.5115345e-05
smoothSolver:  Solving for omega, Initial residual = 0.00074812225, Final residual = 5.6699894e-06, No Iterations 2
smoothSolver:  Solving for k, Initial residual = 0.0093447413, Final residual = 8.7407262e-05, No Iterations 2
bounding k, min: 1.9537541e-16 max: 0.55126129 average: 0.067946605
ExecutionTime = 262.98467 s  ClockTime = 264 s

Time = 178s

smoothSolver:  Solving for Ux, Initial residual = 0.0040851953, Final residual = 5.4974894e-05, No Iterations 3
smoothSolver:  Solving for Uy, Initial residual = 0.026318124, Final residual = 0.00037351483, No Iterations 3
smoothSolver:  Solving for Uz, Initial residual = 0.025183911, Final residual = 0.00033633249, No Iterations 3
GAMG:  Solving for p, Initial residual = 0.023394396, Final residual = 0.00012357743, No Iterations 3
GAMG:  Solving for p, Initial residual = 0.00049293881, Final residual = 2.7825818e-06, No Iterations 5
time step continuity errors : sum local = 3.2943873e-05, global = -9.3552901e-06, cumulative = 2.5760055e-05
smoothSolver:  Solving for omega, Initial residual = 0.00073845602, Final residual = 5.6843237e-06, No Iterations 2
smoothSolver:  Solving for k, Initial residual = 0.0091531743, Final residual = 8.6244108e-05, No Iterations 2
bounding k, min: 1.5003319e-16 max: 0.55106008 average: 0.067827981
ExecutionTime = 264.29062 s  ClockTime = 265 s

Time = 179s

smoothSolver:  Solving for Ux, Initial residual = 0.004014383, Final residual = 5.444277e-05, No Iterations 3
smoothSolver:  Solving for Uy, Initial residual = 0.025972864, Final residual = 0.00036983725, No Iterations 3
smoothSolver:  Solving for Uz, Initial residual = 0.024665316, Final residual = 0.00033114053, No Iterations 3
GAMG:  Solving for p, Initial residual = 0.022813779, Final residual = 0.00011905331, No Iterations 3
GAMG:  Solving for p, Initial residual = 0.00047828124, Final residual = 2.7838939e-06, No Iterations 5
time step continuity errors : sum local = 3.3041332e-05, global = -9.2726529e-06, cumulative = 1.6487402e-05
smoothSolver:  Solving for omega, Initial residual = 0.00073276003, Final residual = 5.5934626e-06, No Iterations 2
smoothSolver:  Solving for k, Initial residual = 0.0089716071, Final residual = 8.5082673e-05, No Iterations 2
bounding k, min: 1.3344801e-16 max: 0.54936537 average: 0.067714514
ExecutionTime = 265.56065 s  ClockTime = 266 s

Time = 180s

smoothSolver:  Solving for Ux, Initial residual = 0.0039436608, Final residual = 5.3884764e-05, No Iterations 3
smoothSolver:  Solving for Uy, Initial residual = 0.025626496, Final residual = 0.0003661693, No Iterations 3
smoothSolver:  Solving for Uz, Initial residual = 0.024176658, Final residual = 0.00032615994, No Iterations 3
GAMG:  Solving for p, Initial residual = 0.022194083, Final residual = 0.00011609192, No Iterations 3
GAMG:  Solving for p, Initial residual = 0.0004643067, Final residual = 2.733405e-06, No Iterations 5
time step continuity errors : sum local = 3.2534864e-05, global = -9.2419384e-06, cumulative = 7.2454639e-06
smoothSolver:  Solving for omega, Initial residual = 0.00072489228, Final residual = 5.6746564e-06, No Iterations 2
smoothSolver:  Solving for k, Initial residual = 0.0088053901, Final residual = 8.4210246e-05, No Iterations 2
bounding k, min: 1.2161613e-16 max: 0.54388284 average: 0.067604866
ExecutionTime = 266.77711 s  ClockTime = 267 s

Time = 181s

smoothSolver:  Solving for Ux, Initial residual = 0.0038731606, Final residual = 5.3293489e-05, No Iterations 3
smoothSolver:  Solving for Uy, Initial residual = 0.025282895, Final residual = 0.00036257199, No Iterations 3
smoothSolver:  Solving for Uz, Initial residual = 0.023716047, Final residual = 0.00032141425, No Iterations 3
GAMG:  Solving for p, Initial residual = 0.021565747, Final residual = 0.00011375892, No Iterations 3
GAMG:  Solving for p, Initial residual = 0.00045038737, Final residual = 2.6742418e-06, No Iterations 5
time step continuity errors : sum local = 3.1925409e-05, global = -9.2234674e-06, cumulative = -1.9780035e-06
smoothSolver:  Solving for omega, Initial residual = 0.00071739435, Final residual = 5.631676e-06, No Iterations 2
smoothSolver:  Solving for k, Initial residual = 0.0086463552, Final residual = 8.3341921e-05, No Iterations 2
bounding k, min: 1.1330208e-16 max: 0.53518867 average: 0.067499172
ExecutionTime = 268.03215 s  ClockTime = 269 s

Time = 182s

smoothSolver:  Solving for Ux, Initial residual = 0.003803323, Final residual = 5.2666421e-05, No Iterations 3
smoothSolver:  Solving for Uy, Initial residual = 0.024933121, Final residual = 0.00035890822, No Iterations 3
smoothSolver:  Solving for Uz, Initial residual = 0.023269439, Final residual = 0.00031679209, No Iterations 3
GAMG:  Solving for p, Initial residual = 0.020946688, Final residual = 0.00011113198, No Iterations 3
GAMG:  Solving for p, Initial residual = 0.00043879566, Final residual = 2.6227185e-06, No Iterations 5
time step continuity errors : sum local = 3.1401351e-05, global = -9.3961204e-06, cumulative = -1.1374124e-05
smoothSolver:  Solving for omega, Initial residual = 0.00070710019, Final residual = 5.6180129e-06, No Iterations 2
smoothSolver:  Solving for k, Initial residual = 0.0084866028, Final residual = 8.2434113e-05, No Iterations 2
bounding k, min: 1.0737189e-16 max: 0.52471049 average: 0.067396482
ExecutionTime = 269.26513 s  ClockTime = 270 s

Time = 183s

smoothSolver:  Solving for Ux, Initial residual = 0.0037349431, Final residual = 5.201247e-05, No Iterations 3
smoothSolver:  Solving for Uy, Initial residual = 0.024589462, Final residual = 0.00035540887, No Iterations 3
smoothSolver:  Solving for Uz, Initial residual = 0.022847072, Final residual = 0.00031256327, No Iterations 3
GAMG:  Solving for p, Initial residual = 0.020379159, Final residual = 0.00010819244, No Iterations 3
GAMG:  Solving for p, Initial residual = 0.00042957571, Final residual = 2.574889e-06, No Iterations 5
time step continuity errors : sum local = 3.0902903e-05, global = -9.5274105e-06, cumulative = -2.0901534e-05
smoothSolver:  Solving for omega, Initial residual = 0.0007013596, Final residual = 5.5296197e-06, No Iterations 2
smoothSolver:  Solving for k, Initial residual = 0.0083406674, Final residual = 8.1654574e-05, No Iterations 2
bounding k, min: 1.0377493e-16 max: 0.5128165 average: 0.067297651
ExecutionTime = 270.70013 s  ClockTime = 271 s

Time = 184s

smoothSolver:  Solving for Ux, Initial residual = 0.0036674443, Final residual = 5.1336881e-05, No Iterations 3
smoothSolver:  Solving for Uy, Initial residual = 0.02424163, Final residual = 0.00035187726, No Iterations 3
smoothSolver:  Solving for Uz, Initial residual = 0.022451959, Final residual = 0.0003086146, No Iterations 3
GAMG:  Solving for p, Initial residual = 0.019838219, Final residual = 0.00010572613, No Iterations 3
GAMG:  Solving for p, Initial residual = 0.00042226131, Final residual = 2.5354382e-06, No Iterations 5
time step continuity errors : sum local = 3.0497843e-05, global = -9.7099402e-06, cumulative = -3.0611475e-05
smoothSolver:  Solving for omega, Initial residual = 0.00069514812, Final residual = 5.5681117e-06, No Iterations 2
smoothSolver:  Solving for k, Initial residual = 0.0081893194, Final residual = 8.0872803e-05, No Iterations 2
bounding k, min: 1.0018808e-16 max: 0.50022294 average: 0.067201725
ExecutionTime = 272.35482 s  ClockTime = 273 s

Time = 185s

smoothSolver:  Solving for Ux, Initial residual = 0.0036005659, Final residual = 5.0642104e-05, No Iterations 3
smoothSolver:  Solving for Uy, Initial residual = 0.023893243, Final residual = 0.00034827012, No Iterations 3
smoothSolver:  Solving for Uz, Initial residual = 0.022078926, Final residual = 0.00030502736, No Iterations 3
GAMG:  Solving for p, Initial residual = 0.019286099, Final residual = 0.00010349437, No Iterations 3
GAMG:  Solving for p, Initial residual = 0.00041491029, Final residual = 2.5050885e-06, No Iterations 5
time step continuity errors : sum local = 3.0191958e-05, global = -9.6346925e-06, cumulative = -4.0246167e-05
smoothSolver:  Solving for omega, Initial residual = 0.00068952866, Final residual = 5.5381677e-06, No Iterations 2
smoothSolver:  Solving for k, Initial residual = 0.0080490478, Final residual = 8.02426e-05, No Iterations 2
bounding k, min: 9.8058271e-17 max: 0.48873457 average: 0.067109227
ExecutionTime = 274.2609 s  ClockTime = 275 s

Time = 186s

smoothSolver:  Solving for Ux, Initial residual = 0.0035343919, Final residual = 4.9935225e-05, No Iterations 3
smoothSolver:  Solving for Uy, Initial residual = 0.023549758, Final residual = 0.00034471545, No Iterations 3
smoothSolver:  Solving for Uz, Initial residual = 0.021718888, Final residual = 0.00030158492, No Iterations 3
GAMG:  Solving for p, Initial residual = 0.018771182, Final residual = 0.00010137265, No Iterations 3
GAMG:  Solving for p, Initial residual = 0.000407951, Final residual = 2.4859164e-06, No Iterations 5
time step continuity errors : sum local = 3.001434e-05, global = -9.4473117e-06, cumulative = -4.9693479e-05
smoothSolver:  Solving for omega, Initial residual = 0.00068368611, Final residual = 5.6180397e-06, No Iterations 2
smoothSolver:  Solving for k, Initial residual = 0.0079173398, Final residual = 7.9710033e-05, No Iterations 2
bounding k, min: 9.801925e-17 max: 0.47741004 average: 0.067019245
ExecutionTime = 276.10962 s  ClockTime = 277 s

Time = 187s

smoothSolver:  Solving for Ux, Initial residual = 0.0034691649, Final residual = 4.9219019e-05, No Iterations 3
smoothSolver:  Solving for Uy, Initial residual = 0.023219989, Final residual = 0.00034136568, No Iterations 3
smoothSolver:  Solving for Uz, Initial residual = 0.021382542, Final residual = 0.00029836526, No Iterations 3
GAMG:  Solving for p, Initial residual = 0.018257309, Final residual = 9.9818673e-05, No Iterations 3
GAMG:  Solving for p, Initial residual = 0.00040021838, Final residual = 2.4752906e-06, No Iterations 5
time step continuity errors : sum local = 2.9934348e-05, global = -9.2306188e-06, cumulative = -5.8924097e-05
smoothSolver:  Solving for omega, Initial residual = 0.00067945348, Final residual = 5.5275557e-06, No Iterations 2
smoothSolver:  Solving for k, Initial residual = 0.0077914298, Final residual = 7.9074378e-05, No Iterations 2
bounding k, min: 9.6875971e-17 max: 0.46728357 average: 0.066932465
ExecutionTime = 278.03224 s  ClockTime = 279 s

Time = 188s

smoothSolver:  Solving for Ux, Initial residual = 0.0034047517, Final residual = 4.8503257e-05, No Iterations 3
smoothSolver:  Solving for Uy, Initial residual = 0.022880738, Final residual = 0.0003376885, No Iterations 3
smoothSolver:  Solving for Uz, Initial residual = 0.021053829, Final residual = 0.00029534007, No Iterations 3
GAMG:  Solving for p, Initial residual = 0.01777007, Final residual = 9.8313721e-05, No Iterations 3
GAMG:  Solving for p, Initial residual = 0.00039357223, Final residual = 2.4110078e-06, No Iterations 5
time step continuity errors : sum local = 2.9202325e-05, global = -8.8531728e-06, cumulative = -6.777727e-05
smoothSolver:  Solving for omega, Initial residual = 0.00067430438, Final residual = 5.5588912e-06, No Iterations 2
smoothSolver:  Solving for k, Initial residual = 0.0076716859, Final residual = 7.8573168e-05, No Iterations 2
bounding k, min: 1.0043514e-16 max: 0.46219568 average: 0.066847872
ExecutionTime = 279.84116 s  ClockTime = 280 s

Time = 189s

smoothSolver:  Solving for Ux, Initial residual = 0.0033417394, Final residual = 4.7791006e-05, No Iterations 3
smoothSolver:  Solving for Uy, Initial residual = 0.022552382, Final residual = 0.00033400267, No Iterations 3
smoothSolver:  Solving for Uz, Initial residual = 0.020742862, Final residual = 0.0002924471, No Iterations 3
GAMG:  Solving for p, Initial residual = 0.017316409, Final residual = 9.6797129e-05, No Iterations 3
GAMG:  Solving for p, Initial residual = 0.0003868386, Final residual = 3.78009e-06, No Iterations 4
time step continuity errors : sum local = 4.5850799e-05, global = 1.3030909e-05, cumulative = -5.4746361e-05
smoothSolver:  Solving for omega, Initial residual = 0.00067038807, Final residual = 5.4773206e-06, No Iterations 2
smoothSolver:  Solving for k, Initial residual = 0.0075592285, Final residual = 7.8063275e-05, No Iterations 2
bounding k, min: 1.0969103e-16 max: 0.45980694 average: 0.066766562
ExecutionTime = 281.3534 s  ClockTime = 282 s

Time = 190s

smoothSolver:  Solving for Ux, Initial residual = 0.0032800178, Final residual = 4.7089806e-05, No Iterations 3
smoothSolver:  Solving for Uy, Initial residual = 0.022232744, Final residual = 0.00033020554, No Iterations 3
smoothSolver:  Solving for Uz, Initial residual = 0.020440438, Final residual = 0.00028966139, No Iterations 3
GAMG:  Solving for p, Initial residual = 0.016893202, Final residual = 9.5831118e-05, No Iterations 3
GAMG:  Solving for p, Initial residual = 0.00038154437, Final residual = 3.281737e-06, No Iterations 4
time step continuity errors : sum local = 3.9861969e-05, global = 1.1407202e-05, cumulative = -4.3339159e-05
smoothSolver:  Solving for omega, Initial residual = 0.00066341709, Final residual = 5.5025716e-06, No Iterations 2
smoothSolver:  Solving for k, Initial residual = 0.0074563781, Final residual = 7.7544032e-05, No Iterations 2
bounding k, min: 1.2340126e-16 max: 0.45868713 average: 0.066687748
ExecutionTime = 282.85322 s  ClockTime = 283 s

Time = 191s

smoothSolver:  Solving for Ux, Initial residual = 0.0032202753, Final residual = 4.6408404e-05, No Iterations 3
smoothSolver:  Solving for Uy, Initial residual = 0.021930541, Final residual = 0.00032645975, No Iterations 3
smoothSolver:  Solving for Uz, Initial residual = 0.020151501, Final residual = 0.00028701931, No Iterations 3
GAMG:  Solving for p, Initial residual = 0.01652089, Final residual = 9.4530356e-05, No Iterations 3
GAMG:  Solving for p, Initial residual = 0.00037527657, Final residual = 3.0594896e-06, No Iterations 4
time step continuity errors : sum local = 3.7206264e-05, global = 1.0602899e-05, cumulative = -3.273626e-05
smoothSolver:  Solving for omega, Initial residual = 0.00065894804, Final residual = 5.4490443e-06, No Iterations 2
smoothSolver:  Solving for k, Initial residual = 0.0073569293, Final residual = 7.710113e-05, No Iterations 2
bounding k, min: 1.3947676e-16 max: 0.45856796 average: 0.066612422
ExecutionTime = 284.34402 s  ClockTime = 285 s

Time = 192s

smoothSolver:  Solving for Ux, Initial residual = 0.0031625822, Final residual = 4.575016e-05, No Iterations 3
smoothSolver:  Solving for Uy, Initial residual = 0.021641842, Final residual = 0.00032273845, No Iterations 3
smoothSolver:  Solving for Uz, Initial residual = 0.019872286, Final residual = 0.00028444477, No Iterations 3
GAMG:  Solving for p, Initial residual = 0.016175668, Final residual = 9.3882706e-05, No Iterations 3
GAMG:  Solving for p, Initial residual = 0.00036884031, Final residual = 2.6155512e-06, No Iterations 4
time step continuity errors : sum local = 3.1840146e-05, global = 8.7255596e-06, cumulative = -2.40107e-05
smoothSolver:  Solving for omega, Initial residual = 0.00065286062, Final residual = 5.4168735e-06, No Iterations 2
smoothSolver:  Solving for k, Initial residual = 0.0072666985, Final residual = 7.6618978e-05, No Iterations 2
bounding k, min: 2.0796458e-16 max: 0.45923864 average: 0.066539333
ExecutionTime = 285.69813 s  ClockTime = 286 s

Time = 193s

smoothSolver:  Solving for Ux, Initial residual = 0.0031080911, Final residual = 4.5119117e-05, No Iterations 3
smoothSolver:  Solving for Uy, Initial residual = 0.021372222, Final residual = 0.00031918022, No Iterations 3
smoothSolver:  Solving for Uz, Initial residual = 0.019604757, Final residual = 0.00028201541, No Iterations 3
GAMG:  Solving for p, Initial residual = 0.015824827, Final residual = 9.3232426e-05, No Iterations 3
GAMG:  Solving for p, Initial residual = 0.00036136225, Final residual = 2.2421584e-06, No Iterations 4
time step continuity errors : sum local = 2.7320034e-05, global = 7.2110484e-06, cumulative = -1.6799652e-05
smoothSolver:  Solving for omega, Initial residual = 0.00064643888, Final residual = 5.3610941e-06, No Iterations 2
smoothSolver:  Solving for k, Initial residual = 0.0071744076, Final residual = 7.608361e-05, No Iterations 2
ExecutionTime = 287.15627 s  ClockTime = 288 s

Time = 194s

smoothSolver:  Solving for Ux, Initial residual = 0.0030562372, Final residual = 4.4512336e-05, No Iterations 3
smoothSolver:  Solving for Uy, Initial residual = 0.021116074, Final residual = 0.00031575817, No Iterations 3
smoothSolver:  Solving for Uz, Initial residual = 0.019350427, Final residual = 0.00027966425, No Iterations 3
GAMG:  Solving for p, Initial residual = 0.015483616, Final residual = 9.2152554e-05, No Iterations 3
GAMG:  Solving for p, Initial residual = 0.0003541492, Final residual = 1.8678321e-06, No Iterations 4
time step continuity errors : sum local = 2.2776103e-05, global = 5.7014584e-06, cumulative = -1.1098194e-05
smoothSolver:  Solving for omega, Initial residual = 0.0006423288, Final residual = 5.3898071e-06, No Iterations 2
smoothSolver:  Solving for k, Initial residual = 0.0070886191, Final residual = 7.5579939e-05, No Iterations 2
ExecutionTime = 288.57999 s  ClockTime = 289 s

Time = 195s

smoothSolver:  Solving for Ux, Initial residual = 0.003007364, Final residual = 4.3927664e-05, No Iterations 3
smoothSolver:  Solving for Uy, Initial residual = 0.020880117, Final residual = 0.00031257757, No Iterations 3
smoothSolver:  Solving for Uz, Initial residual = 0.01911279, Final residual = 0.00027750885, No Iterations 3
GAMG:  Solving for p, Initial residual = 0.01516152, Final residual = 9.0639463e-05, No Iterations 3
GAMG:  Solving for p, Initial residual = 0.00034746345, Final residual = 1.5698011e-06, No Iterations 4
time step continuity errors : sum local = 1.9155231e-05, global = 4.713052e-06, cumulative = -6.3851417e-06
smoothSolver:  Solving for omega, Initial residual = 0.00063973698, Final residual = 5.3033545e-06, No Iterations 2
smoothSolver:  Solving for k, Initial residual = 0.0070015466, Final residual = 7.5017349e-05, No Iterations 2
ExecutionTime = 290.22494 s  ClockTime = 291 s

Time = 196s

smoothSolver:  Solving for Ux, Initial residual = 0.0029612347, Final residual = 4.3364234e-05, No Iterations 3
smoothSolver:  Solving for Uy, Initial residual = 0.02065799, Final residual = 0.00030958984, No Iterations 3
smoothSolver:  Solving for Uz, Initial residual = 0.018895135, Final residual = 0.00027560022, No Iterations 3
GAMG:  Solving for p, Initial residual = 0.014866863, Final residual = 8.9010578e-05, No Iterations 3
GAMG:  Solving for p, Initial residual = 0.00034150695, Final residual = 3.3005196e-06, No Iterations 3
time step continuity errors : sum local = 4.0294294e-05, global = -2.1021192e-06, cumulative = -8.4872609e-06
smoothSolver:  Solving for omega, Initial residual = 0.00063236088, Final residual = 5.2958651e-06, No Iterations 2
smoothSolver:  Solving for k, Initial residual = 0.0069205287, Final residual = 7.4541636e-05, No Iterations 2
ExecutionTime = 291.62236 s  ClockTime = 292 s

Time = 197s

smoothSolver:  Solving for Ux, Initial residual = 0.0029181883, Final residual = 4.2829624e-05, No Iterations 3
smoothSolver:  Solving for Uy, Initial residual = 0.02044568, Final residual = 0.00030669467, No Iterations 3
smoothSolver:  Solving for Uz, Initial residual = 0.018700816, Final residual = 0.00027388795, No Iterations 3
GAMG:  Solving for p, Initial residual = 0.014612546, Final residual = 8.7433065e-05, No Iterations 3
GAMG:  Solving for p, Initial residual = 0.00033687262, Final residual = 3.0625455e-06, No Iterations 3
time step continuity errors : sum local = 3.740899e-05, global = 6.1450503e-07, cumulative = -7.8727559e-06
smoothSolver:  Solving for omega, Initial residual = 0.0006260062, Final residual = 5.2239331e-06, No Iterations 2
smoothSolver:  Solving for k, Initial residual = 0.0068430173, Final residual = 7.4022505e-05, No Iterations 2
ExecutionTime = 293.1479 s  ClockTime = 294 s

Time = 198s

smoothSolver:  Solving for Ux, Initial residual = 0.0028782304, Final residual = 4.2319359e-05, No Iterations 3
smoothSolver:  Solving for Uy, Initial residual = 0.020248734, Final residual = 0.00030398358, No Iterations 3
smoothSolver:  Solving for Uz, Initial residual = 0.018533934, Final residual = 0.00027231942, No Iterations 3
GAMG:  Solving for p, Initial residual = 0.014409803, Final residual = 8.5873822e-05, No Iterations 3
GAMG:  Solving for p, Initial residual = 0.0003336247, Final residual = 3.0802533e-06, No Iterations 3
time step continuity errors : sum local = 3.7646881e-05, global = 3.8466981e-06, cumulative = -4.0260578e-06
smoothSolver:  Solving for omega, Initial residual = 0.00062190072, Final residual = 5.2291005e-06, No Iterations 2
smoothSolver:  Solving for k, Initial residual = 0.0067673219, Final residual = 7.3472837e-05, No Iterations 2
ExecutionTime = 294.75733 s  ClockTime = 295 s

Time = 199s

smoothSolver:  Solving for Ux, Initial residual = 0.0028410494, Final residual = 4.1832872e-05, No Iterations 3
smoothSolver:  Solving for Uy, Initial residual = 0.020054884, Final residual = 0.00030134975, No Iterations 3
smoothSolver:  Solving for Uz, Initial residual = 0.018394389, Final residual = 0.0002709024, No Iterations 3
GAMG:  Solving for p, Initial residual = 0.014240569, Final residual = 8.4624693e-05, No Iterations 3
GAMG:  Solving for p, Initial residual = 0.00033117531, Final residual = 3.2544836e-06, No Iterations 3
time step continuity errors : sum local = 3.9809438e-05, global = 5.3368854e-06, cumulative = 1.3108276e-06
smoothSolver:  Solving for omega, Initial residual = 0.00061823334, Final residual = 5.1502609e-06, No Iterations 2
smoothSolver:  Solving for k, Initial residual = 0.0066943737, Final residual = 7.2963578e-05, No Iterations 2
ExecutionTime = 296.57845 s  ClockTime = 297 s

Time = 200s

smoothSolver:  Solving for Ux, Initial residual = 0.0028064613, Final residual = 4.1367133e-05, No Iterations 3
smoothSolver:  Solving for Uy, Initial residual = 0.019870013, Final residual = 0.00029876884, No Iterations 3
smoothSolver:  Solving for Uz, Initial residual = 0.018276342, Final residual = 0.00026962785, No Iterations 3
GAMG:  Solving for p, Initial residual = 0.014090829, Final residual = 8.3696989e-05, No Iterations 3
GAMG:  Solving for p, Initial residual = 0.0003296902, Final residual = 1.4887148e-06, No Iterations 4
time step continuity errors : sum local = 1.8227784e-05, global = -3.5768594e-06, cumulative = -2.2660318e-06
smoothSolver:  Solving for omega, Initial residual = 0.00061390708, Final residual = 5.1848353e-06, No Iterations 2
smoothSolver:  Solving for k, Initial residual = 0.0066223803, Final residual = 7.2417109e-05, No Iterations 2
ExecutionTime = 298.25328 s  ClockTime = 299 s

Time = 201s

smoothSolver:  Solving for Ux, Initial residual = 0.002773954, Final residual = 4.091696e-05, No Iterations 3
smoothSolver:  Solving for Uy, Initial residual = 0.019683462, Final residual = 0.00029614039, No Iterations 3
smoothSolver:  Solving for Uz, Initial residual = 0.018179346, Final residual = 0.0002684576, No Iterations 3
GAMG:  Solving for p, Initial residual = 0.013957867, Final residual = 8.2611284e-05, No Iterations 3
GAMG:  Solving for p, Initial residual = 0.0003273896, Final residual = 1.5189537e-06, No Iterations 4
time step continuity errors : sum local = 1.8617715e-05, global = -3.7384551e-06, cumulative = -6.004487e-06
smoothSolver:  Solving for omega, Initial residual = 0.00060990207, Final residual = 5.1174631e-06, No Iterations 2
smoothSolver:  Solving for k, Initial residual = 0.0065553333, Final residual = 7.1936152e-05, No Iterations 2
ExecutionTime = 300.3456 s  ClockTime = 301 s

Time = 202s

smoothSolver:  Solving for Ux, Initial residual = 0.0027437587, Final residual = 4.0481973e-05, No Iterations 3
smoothSolver:  Solving for Uy, Initial residual = 0.019492034, Final residual = 0.00029335528, No Iterations 3
smoothSolver:  Solving for Uz, Initial residual = 0.018095199, Final residual = 0.00026729148, No Iterations 3
GAMG:  Solving for p, Initial residual = 0.0138393, Final residual = 8.231148e-05, No Iterations 3
GAMG:  Solving for p, Initial residual = 0.00032634727, Final residual = 1.6489575e-06, No Iterations 4
time step continuity errors : sum local = 2.0236378e-05, global = -4.2458905e-06, cumulative = -1.0250377e-05
smoothSolver:  Solving for omega, Initial residual = 0.00060516723, Final residual = 5.1002474e-06, No Iterations 2
smoothSolver:  Solving for k, Initial residual = 0.0064920122, Final residual = 7.1448598e-05, No Iterations 2
ExecutionTime = 302.1168 s  ClockTime = 303 s

Time = 203s

smoothSolver:  Solving for Ux, Initial residual = 0.0027154623, Final residual = 4.0051701e-05, No Iterations 3
smoothSolver:  Solving for Uy, Initial residual = 0.019300197, Final residual = 0.00029054533, No Iterations 3
smoothSolver:  Solving for Uz, Initial residual = 0.018028895, Final residual = 0.00026625611, No Iterations 3
GAMG:  Solving for p, Initial residual = 0.013749645, Final residual = 8.1956879e-05, No Iterations 3
GAMG:  Solving for p, Initial residual = 0.00032471444, Final residual = 1.7709517e-06, No Iterations 4
time step continuity errors : sum local = 2.176677e-05, global = -4.6317773e-06, cumulative = -1.4882155e-05
smoothSolver:  Solving for omega, Initial residual = 0.00060112478, Final residual = 4.9829863e-06, No Iterations 2
smoothSolver:  Solving for k, Initial residual = 0.0064274989, Final residual = 7.0895878e-05, No Iterations 2
ExecutionTime = 303.56274 s  ClockTime = 304 s

Time = 204s

smoothSolver:  Solving for Ux, Initial residual = 0.00268917, Final residual = 3.9634372e-05, No Iterations 3
smoothSolver:  Solving for Uy, Initial residual = 0.019105335, Final residual = 0.00028766425, No Iterations 3
smoothSolver:  Solving for Uz, Initial residual = 0.017966229, Final residual = 0.00026524936, No Iterations 3
GAMG:  Solving for p, Initial residual = 0.013682059, Final residual = 8.2077347e-05, No Iterations 3
GAMG:  Solving for p, Initial residual = 0.00032365198, Final residual = 1.8780426e-06, No Iterations 4
time step continuity errors : sum local = 2.3118266e-05, global = -4.9847301e-06, cumulative = -1.9866885e-05
smoothSolver:  Solving for omega, Initial residual = 0.00059755947, Final residual = 5.0648287e-06, No Iterations 2
smoothSolver:  Solving for k, Initial residual = 0.006364882, Final residual = 7.0460364e-05, No Iterations 2
ExecutionTime = 304.95685 s  ClockTime = 306 s

Time = 205s

smoothSolver:  Solving for Ux, Initial residual = 0.0026644875, Final residual = 3.9224476e-05, No Iterations 3
smoothSolver:  Solving for Uy, Initial residual = 0.018902704, Final residual = 0.00028467645, No Iterations 3
smoothSolver:  Solving for Uz, Initial residual = 0.017910857, Final residual = 0.00026418437, No Iterations 3
GAMG:  Solving for p, Initial residual = 0.013624375, Final residual = 8.2167074e-05, No Iterations 3
GAMG:  Solving for p, Initial residual = 0.00032175864, Final residual = 1.9943175e-06, No Iterations 4
time step continuity errors : sum local = 2.4583557e-05, global = -5.3517808e-06, cumulative = -2.5218666e-05
smoothSolver:  Solving for omega, Initial residual = 0.00059488148, Final residual = 5.0456454e-06, No Iterations 2
smoothSolver:  Solving for k, Initial residual = 0.0063087518, Final residual = 7.0074711e-05, No Iterations 2
ExecutionTime = 306.23283 s  ClockTime = 307 s

Time = 206s

smoothSolver:  Solving for Ux, Initial residual = 0.0026415274, Final residual = 3.8824964e-05, No Iterations 3
smoothSolver:  Solving for Uy, Initial residual = 0.018705429, Final residual = 0.00028174606, No Iterations 3
smoothSolver:  Solving for Uz, Initial residual = 0.017858624, Final residual = 0.00026306378, No Iterations 3
GAMG:  Solving for p, Initial residual = 0.013604931, Final residual = 8.2004167e-05, No Iterations 3
GAMG:  Solving for p, Initial residual = 0.00032058576, Final residual = 2.0042163e-06, No Iterations 4
time step continuity errors : sum local = 2.4740169e-05, global = -5.3796176e-06, cumulative = -3.0598283e-05
smoothSolver:  Solving for omega, Initial residual = 0.00059236453, Final residual = 5.0010054e-06, No Iterations 2
smoothSolver:  Solving for k, Initial residual = 0.0062533438, Final residual = 6.9648107e-05, No Iterations 2
ExecutionTime = 307.58482 s  ClockTime = 308 s

Time = 207s

smoothSolver:  Solving for Ux, Initial residual = 0.0026194162, Final residual = 3.8435356e-05, No Iterations 3
smoothSolver:  Solving for Uy, Initial residual = 0.018502573, Final residual = 0.00027873222, No Iterations 3
smoothSolver:  Solving for Uz, Initial residual = 0.017805779, Final residual = 0.00026194584, No Iterations 3
GAMG:  Solving for p, Initial residual = 0.013560451, Final residual = 8.1254597e-05, No Iterations 3
GAMG:  Solving for p, Initial residual = 0.00031694993, Final residual = 1.9825848e-06, No Iterations 4
time step continuity errors : sum local = 2.4505243e-05, global = -5.331904e-06, cumulative = -3.5930187e-05
smoothSolver:  Solving for omega, Initial residual = 0.00058905351, Final residual = 4.9765037e-06, No Iterations 2
smoothSolver:  Solving for k, Initial residual = 0.0061928273, Final residual = 6.916913e-05, No Iterations 2
ExecutionTime = 309.417 s  ClockTime = 310 s

Time = 208s

smoothSolver:  Solving for Ux, Initial residual = 0.0025988536, Final residual = 3.8060205e-05, No Iterations 3
smoothSolver:  Solving for Uy, Initial residual = 0.018307197, Final residual = 0.00027580959, No Iterations 3
smoothSolver:  Solving for Uz, Initial residual = 0.017748128, Final residual = 0.0002609517, No Iterations 3
GAMG:  Solving for p, Initial residual = 0.013499775, Final residual = 8.0631039e-05, No Iterations 3
GAMG:  Solving for p, Initial residual = 0.00031297294, Final residual = 1.9299096e-06, No Iterations 4
time step continuity errors : sum local = 2.3884942e-05, global = -5.1440391e-06, cumulative = -4.1074226e-05
smoothSolver:  Solving for omega, Initial residual = 0.00058400078, Final residual = 4.9420957e-06, No Iterations 2
smoothSolver:  Solving for k, Initial residual = 0.006136246, Final residual = 6.8768056e-05, No Iterations 2
ExecutionTime = 310.96038 s  ClockTime = 312 s

Time = 209s

smoothSolver:  Solving for Ux, Initial residual = 0.0025791865, Final residual = 3.7700448e-05, No Iterations 3
smoothSolver:  Solving for Uy, Initial residual = 0.018115086, Final residual = 0.00027293383, No Iterations 3
smoothSolver:  Solving for Uz, Initial residual = 0.01769355, Final residual = 0.00026005673, No Iterations 3
GAMG:  Solving for p, Initial residual = 0.013415611, Final residual = 7.9822452e-05, No Iterations 3
GAMG:  Solving for p, Initial residual = 0.00030625431, Final residual = 1.8652086e-06, No Iterations 4
time step continuity errors : sum local = 2.3116026e-05, global = -4.8945729e-06, cumulative = -4.5968799e-05
smoothSolver:  Solving for omega, Initial residual = 0.00057963975, Final residual = 4.894498e-06, No Iterations 2
smoothSolver:  Solving for k, Initial residual = 0.0060870472, Final residual = 6.8370671e-05, No Iterations 2
ExecutionTime = 312.80166 s  ClockTime = 313 s

Time = 210s

smoothSolver:  Solving for Ux, Initial residual = 0.002560597, Final residual = 3.7359248e-05, No Iterations 3
smoothSolver:  Solving for Uy, Initial residual = 0.017924714, Final residual = 0.00027007763, No Iterations 3
smoothSolver:  Solving for Uz, Initial residual = 0.017636116, Final residual = 0.00025910687, No Iterations 3
GAMG:  Solving for p, Initial residual = 0.013334256, Final residual = 7.9156345e-05, No Iterations 3
GAMG:  Solving for p, Initial residual = 0.00030111699, Final residual = 1.840843e-06, No Iterations 4
time step continuity errors : sum local = 2.2850915e-05, global = -4.7756735e-06, cumulative = -5.0744473e-05
smoothSolver:  Solving for omega, Initial residual = 0.0005794405, Final residual = 4.9698786e-06, No Iterations 2
smoothSolver:  Solving for k, Initial residual = 0.0060348781, Final residual = 6.7954595e-05, No Iterations 2
ExecutionTime = 314.35338 s  ClockTime = 315 s

Time = 211s

smoothSolver:  Solving for Ux, Initial residual = 0.0025427263, Final residual = 3.7030663e-05, No Iterations 3
smoothSolver:  Solving for Uy, Initial residual = 0.017737824, Final residual = 0.00026729955, No Iterations 3
smoothSolver:  Solving for Uz, Initial residual = 0.017582304, Final residual = 0.00025828713, No Iterations 3
GAMG:  Solving for p, Initial residual = 0.013234735, Final residual = 7.8320824e-05, No Iterations 3
GAMG:  Solving for p, Initial residual = 0.00029592444, Final residual = 1.8350606e-06, No Iterations 4
time step continuity errors : sum local = 2.2810443e-05, global = -4.6704942e-06, cumulative = -5.5414967e-05
smoothSolver:  Solving for omega, Initial residual = 0.00057811173, Final residual = 4.9090283e-06, No Iterations 2
smoothSolver:  Solving for k, Initial residual = 0.0059849596, Final residual = 6.7562905e-05, No Iterations 2
ExecutionTime = 316.21581 s  ClockTime = 317 s

Time = 212s

smoothSolver:  Solving for Ux, Initial residual = 0.0025256103, Final residual = 3.6719755e-05, No Iterations 3
smoothSolver:  Solving for Uy, Initial residual = 0.017558816, Final residual = 0.00026454917, No Iterations 3
smoothSolver:  Solving for Uz, Initial residual = 0.017525517, Final residual = 0.00025746321, No Iterations 3
GAMG:  Solving for p, Initial residual = 0.0131571, Final residual = 7.7803918e-05, No Iterations 3
GAMG:  Solving for p, Initial residual = 0.00029311516, Final residual = 1.8880817e-06, No Iterations 4
time step continuity errors : sum local = 2.3499428e-05, global = -4.7966861e-06, cumulative = -6.0211653e-05
smoothSolver:  Solving for omega, Initial residual = 0.00057482228, Final residual = 4.9048488e-06, No Iterations 2
smoothSolver:  Solving for k, Initial residual = 0.0059317068, Final residual = 6.7080209e-05, No Iterations 2
ExecutionTime = 317.62954 s  ClockTime = 318 s

Time = 213s

smoothSolver:  Solving for Ux, Initial residual = 0.002509255, Final residual = 3.6426843e-05, No Iterations 3
smoothSolver:  Solving for Uy, Initial residual = 0.0173688, Final residual = 0.00026180952, No Iterations 3
smoothSolver:  Solving for Uz, Initial residual = 0.017469284, Final residual = 0.00025675386, No Iterations 3
GAMG:  Solving for p, Initial residual = 0.013040341, Final residual = 7.7199084e-05, No Iterations 3
GAMG:  Solving for p, Initial residual = 0.00028960687, Final residual = 1.9756455e-06, No Iterations 4
time step continuity errors : sum local = 2.4628015e-05, global = -5.1105126e-06, cumulative = -6.5322166e-05
smoothSolver:  Solving for omega, Initial residual = 0.00057300444, Final residual = 4.8789445e-06, No Iterations 2
smoothSolver:  Solving for k, Initial residual = 0.0058827732, Final residual = 6.6712697e-05, No Iterations 2
ExecutionTime = 319.02356 s  ClockTime = 320 s

Time = 214s

smoothSolver:  Solving for Ux, Initial residual = 0.0024935524, Final residual = 3.6153307e-05, No Iterations 3
smoothSolver:  Solving for Uy, Initial residual = 0.017185824, Final residual = 0.00025906976, No Iterations 3
smoothSolver:  Solving for Uz, Initial residual = 0.017412749, Final residual = 0.00025600846, No Iterations 3
GAMG:  Solving for p, Initial residual = 0.012932036, Final residual = 7.7082591e-05, No Iterations 3
GAMG:  Solving for p, Initial residual = 0.00028902593, Final residual = 2.0663928e-06, No Iterations 4
time step continuity errors : sum local = 2.5795361e-05, global = -5.3279923e-06, cumulative = -7.0650158e-05
smoothSolver:  Solving for omega, Initial residual = 0.00056910792, Final residual = 4.8600989e-06, No Iterations 2
smoothSolver:  Solving for k, Initial residual = 0.0058323443, Final residual = 6.6243972e-05, No Iterations 2
ExecutionTime = 320.33723 s  ClockTime = 321 s

Time = 215s

smoothSolver:  Solving for Ux, Initial residual = 0.0024788848, Final residual = 3.5898369e-05, No Iterations 3
smoothSolver:  Solving for Uy, Initial residual = 0.017007001, Final residual = 0.00025640055, No Iterations 3
smoothSolver:  Solving for Uz, Initial residual = 0.017358372, Final residual = 0.0002553285, No Iterations 3
GAMG:  Solving for p, Initial residual = 0.012830225, Final residual = 7.7150258e-05, No Iterations 3
GAMG:  Solving for p, Initial residual = 0.00028852971, Final residual = 2.188021e-06, No Iterations 4
time step continuity errors : sum local = 2.7345978e-05, global = -5.6584392e-06, cumulative = -7.6308597e-05
smoothSolver:  Solving for omega, Initial residual = 0.0005667654, Final residual = 4.8237443e-06, No Iterations 2
smoothSolver:  Solving for k, Initial residual = 0.0057854442, Final residual = 6.5842031e-05, No Iterations 2
ExecutionTime = 321.53506 s  ClockTime = 322 s

Time = 216s

smoothSolver:  Solving for Ux, Initial residual = 0.0024649942, Final residual = 3.5661456e-05, No Iterations 3
smoothSolver:  Solving for Uy, Initial residual = 0.016835196, Final residual = 0.00025369652, No Iterations 3
smoothSolver:  Solving for Uz, Initial residual = 0.017303443, Final residual = 0.0002546423, No Iterations 3
GAMG:  Solving for p, Initial residual = 0.012742112, Final residual = 7.7794968e-05, No Iterations 3
GAMG:  Solving for p, Initial residual = 0.00028962468, Final residual = 2.259544e-06, No Iterations 4
time step continuity errors : sum local = 2.830271e-05, global = -5.6721763e-06, cumulative = -8.1980773e-05
smoothSolver:  Solving for omega, Initial residual = 0.00056570149, Final residual = 4.8408546e-06, No Iterations 2
smoothSolver:  Solving for k, Initial residual = 0.0057320452, Final residual = 6.5321466e-05, No Iterations 2
ExecutionTime = 322.70638 s  ClockTime = 323 s

Time = 217s

smoothSolver:  Solving for Ux, Initial residual = 0.002451646, Final residual = 3.5440358e-05, No Iterations 3
smoothSolver:  Solving for Uy, Initial residual = 0.016662831, Final residual = 0.00025107215, No Iterations 3
smoothSolver:  Solving for Uz, Initial residual = 0.017251603, Final residual = 0.00025402918, No Iterations 3
GAMG:  Solving for p, Initial residual = 0.012662302, Final residual = 7.8273808e-05, No Iterations 3
GAMG:  Solving for p, Initial residual = 0.00029059596, Final residual = 2.2976364e-06, No Iterations 4
time step continuity errors : sum local = 2.8878032e-05, global = -5.6192584e-06, cumulative = -8.7600032e-05
smoothSolver:  Solving for omega, Initial residual = 0.00056183167, Final residual = 4.8136619e-06, No Iterations 2
smoothSolver:  Solving for k, Initial residual = 0.0056814886, Final residual = 6.4867325e-05, No Iterations 2
ExecutionTime = 324.01912 s  ClockTime = 325 s

Time = 218s

smoothSolver:  Solving for Ux, Initial residual = 0.0024390785, Final residual = 3.523486e-05, No Iterations 3
smoothSolver:  Solving for Uy, Initial residual = 0.016493861, Final residual = 0.00024850028, No Iterations 3
smoothSolver:  Solving for Uz, Initial residual = 0.017204992, Final residual = 0.00025343531, No Iterations 3
GAMG:  Solving for p, Initial residual = 0.012529477, Final residual = 7.8378571e-05, No Iterations 3
GAMG:  Solving for p, Initial residual = 0.00029137331, Final residual = 2.2775921e-06, No Iterations 4
time step continuity errors : sum local = 2.8841503e-05, global = -5.3112139e-06, cumulative = -9.2911246e-05
smoothSolver:  Solving for omega, Initial residual = 0.00056078017, Final residual = 4.7895906e-06, No Iterations 2
smoothSolver:  Solving for k, Initial residual = 0.0056286099, Final residual = 6.4356989e-05, No Iterations 2
ExecutionTime = 325.31084 s  ClockTime = 326 s

Time = 219s

smoothSolver:  Solving for Ux, Initial residual = 0.002427417, Final residual = 3.5042778e-05, No Iterations 3
smoothSolver:  Solving for Uy, Initial residual = 0.016335588, Final residual = 0.00024608146, No Iterations 3
smoothSolver:  Solving for Uz, Initial residual = 0.017165086, Final residual = 0.00025286976, No Iterations 3
GAMG:  Solving for p, Initial residual = 0.012479095, Final residual = 7.8744888e-05, No Iterations 3
GAMG:  Solving for p, Initial residual = 0.00029232825, Final residual = 2.3318346e-06, No Iterations 4
time step continuity errors : sum local = 2.96374e-05, global = -5.239984e-06, cumulative = -9.815123e-05
smoothSolver:  Solving for omega, Initial residual = 0.00055987141, Final residual = 4.7247608e-06, No Iterations 2
smoothSolver:  Solving for k, Initial residual = 0.0055786138, Final residual = 6.3846727e-05, No Iterations 2
ExecutionTime = 326.5932 s  ClockTime = 327 s

Time = 220s

smoothSolver:  Solving for Ux, Initial residual = 0.0024163503, Final residual = 3.4861535e-05, No Iterations 3
smoothSolver:  Solving for Uy, Initial residual = 0.016183046, Final residual = 0.00024373149, No Iterations 3
smoothSolver:  Solving for Uz, Initial residual = 0.017128765, Final residual = 0.0002522897, No Iterations 3
GAMG:  Solving for p, Initial residual = 0.012490055, Final residual = 7.9116719e-05, No Iterations 3
GAMG:  Solving for p, Initial residual = 0.0002935042, Final residual = 2.3740661e-06, No Iterations 4
time step continuity errors : sum local = 3.0258851e-05, global = -4.8823898e-06, cumulative = -0.00010303362
smoothSolver:  Solving for omega, Initial residual = 0.00055788293, Final residual = 4.7971233e-06, No Iterations 2
smoothSolver:  Solving for k, Initial residual = 0.0055281472, Final residual = 6.3360064e-05, No Iterations 2
ExecutionTime = 327.86457 s  ClockTime = 328 s

Time = 221s

smoothSolver:  Solving for Ux, Initial residual = 0.0024057563, Final residual = 3.4691176e-05, No Iterations 3
smoothSolver:  Solving for Uy, Initial residual = 0.016037861, Final residual = 0.00024147347, No Iterations 3
smoothSolver:  Solving for Uz, Initial residual = 0.017098738, Final residual = 0.00025173019, No Iterations 3
GAMG:  Solving for p, Initial residual = 0.012526648, Final residual = 7.9842225e-05, No Iterations 3
GAMG:  Solving for p, Initial residual = 0.00029433068, Final residual = 2.385206e-06, No Iterations 4
time step continuity errors : sum local = 3.0407357e-05, global = -4.4025611e-06, cumulative = -0.00010743618
smoothSolver:  Solving for omega, Initial residual = 0.00055598802, Final residual = 4.7516686e-06, No Iterations 2
smoothSolver:  Solving for k, Initial residual = 0.0054763463, Final residual = 6.2796202e-05, No Iterations 2
ExecutionTime = 329.37045 s  ClockTime = 330 s

Time = 222s

smoothSolver:  Solving for Ux, Initial residual = 0.0023955249, Final residual = 3.4535826e-05, No Iterations 3
smoothSolver:  Solving for Uy, Initial residual = 0.015898034, Final residual = 0.00023936203, No Iterations 3
smoothSolver:  Solving for Uz, Initial residual = 0.017066463, Final residual = 0.00025114083, No Iterations 3
GAMG:  Solving for p, Initial residual = 0.012530398, Final residual = 8.0158201e-05, No Iterations 3
GAMG:  Solving for p, Initial residual = 0.00029432509, Final residual = 2.34334e-06, No Iterations 4
time step continuity errors : sum local = 2.9947245e-05, global = -3.8666966e-06, cumulative = -0.00011130288
smoothSolver:  Solving for omega, Initial residual = 0.00055444176, Final residual = 4.7930989e-06, No Iterations 2
smoothSolver:  Solving for k, Initial residual = 0.0054294758, Final residual = 6.2325227e-05, No Iterations 2
ExecutionTime = 330.79081 s  ClockTime = 331 s

Time = 223s

smoothSolver:  Solving for Ux, Initial residual = 0.0023857481, Final residual = 3.4387601e-05, No Iterations 3
smoothSolver:  Solving for Uy, Initial residual = 0.015766736, Final residual = 0.00023742971, No Iterations 3
smoothSolver:  Solving for Uz, Initial residual = 0.017041295, Final residual = 0.00025059057, No Iterations 3
GAMG:  Solving for p, Initial residual = 0.012582141, Final residual = 8.0810572e-05, No Iterations 3
GAMG:  Solving for p, Initial residual = 0.00029627032, Final residual = 2.3065182e-06, No Iterations 4
time step continuity errors : sum local = 2.9467779e-05, global = -3.6217429e-06, cumulative = -0.00011492462
smoothSolver:  Solving for omega, Initial residual = 0.00055281107, Final residual = 4.6496302e-06, No Iterations 2
smoothSolver:  Solving for k, Initial residual = 0.0053784789, Final residual = 6.177235e-05, No Iterations 2
ExecutionTime = 332.1956 s  ClockTime = 333 s

Time = 224s

smoothSolver:  Solving for Ux, Initial residual = 0.0023768606, Final residual = 3.425275e-05, No Iterations 3
smoothSolver:  Solving for Uy, Initial residual = 0.01564491, Final residual = 0.00023557494, No Iterations 3
smoothSolver:  Solving for Uz, Initial residual = 0.017012088, Final residual = 0.00025000956, No Iterations 3
GAMG:  Solving for p, Initial residual = 0.012620566, Final residual = 8.1498854e-05, No Iterations 3
GAMG:  Solving for p, Initial residual = 0.00029557622, Final residual = 2.2092615e-06, No Iterations 4
time step continuity errors : sum local = 2.8252427e-05, global = -3.3922564e-06, cumulative = -0.00011831688
smoothSolver:  Solving for omega, Initial residual = 0.00054969057, Final residual = 4.703631e-06, No Iterations 2
smoothSolver:  Solving for k, Initial residual = 0.0053265544, Final residual = 6.1220796e-05, No Iterations 2
ExecutionTime = 333.67447 s  ClockTime = 334 s

Time = 225s

smoothSolver:  Solving for Ux, Initial residual = 0.0023685668, Final residual = 3.4123022e-05, No Iterations 3
smoothSolver:  Solving for Uy, Initial residual = 0.015534607, Final residual = 0.00023388277, No Iterations 3
smoothSolver:  Solving for Uz, Initial residual = 0.016982731, Final residual = 0.00024943872, No Iterations 3
GAMG:  Solving for p, Initial residual = 0.012632092, Final residual = 8.2551141e-05, No Iterations 3
GAMG:  Solving for p, Initial residual = 0.00029488596, Final residual = 2.1330356e-06, No Iterations 4
time step continuity errors : sum local = 2.7328737e-05, global = -3.6961133e-06, cumulative = -0.00012201299
smoothSolver:  Solving for omega, Initial residual = 0.00054949572, Final residual = 4.657559e-06, No Iterations 2
smoothSolver:  Solving for k, Initial residual = 0.0052743478, Final residual = 6.0630829e-05, No Iterations 2
ExecutionTime = 335.14097 s  ClockTime = 336 s

Time = 226s

smoothSolver:  Solving for Ux, Initial residual = 0.0023607498, Final residual = 3.4000404e-05, No Iterations 3
smoothSolver:  Solving for Uy, Initial residual = 0.015434753, Final residual = 0.00023227467, No Iterations 3
smoothSolver:  Solving for Uz, Initial residual = 0.016952279, Final residual = 0.00024882108, No Iterations 3
GAMG:  Solving for p, Initial residual = 0.012663081, Final residual = 8.3716766e-05, No Iterations 3
GAMG:  Solving for p, Initial residual = 0.0002952892, Final residual = 2.0591841e-06, No Iterations 4
time step continuity errors : sum local = 2.6368125e-05, global = -4.6179388e-06, cumulative = -0.00012663093
smoothSolver:  Solving for omega, Initial residual = 0.00054829144, Final residual = 4.693149e-06, No Iterations 2
smoothSolver:  Solving for k, Initial residual = 0.0052275729, Final residual = 6.0097456e-05, No Iterations 2
ExecutionTime = 336.60977 s  ClockTime = 337 s

Time = 227s

smoothSolver:  Solving for Ux, Initial residual = 0.0023533131, Final residual = 3.3876649e-05, No Iterations 3
smoothSolver:  Solving for Uy, Initial residual = 0.015343651, Final residual = 0.00023080754, No Iterations 3
smoothSolver:  Solving for Uz, Initial residual = 0.016920842, Final residual = 0.00024811873, No Iterations 3
GAMG:  Solving for p, Initial residual = 0.012652324, Final residual = 8.3766243e-05, No Iterations 3
GAMG:  Solving for p, Initial residual = 0.00029502393, Final residual = 1.9664285e-06, No Iterations 4
time step continuity errors : sum local = 2.5201231e-05, global = -5.769619e-06, cumulative = -0.00013240055
smoothSolver:  Solving for omega, Initial residual = 0.00054838106, Final residual = 4.6001273e-06, No Iterations 2
smoothSolver:  Solving for k, Initial residual = 0.0051830873, Final residual = 5.9578455e-05, No Iterations 2
ExecutionTime = 338.31609 s  ClockTime = 339 s

Time = 228s

smoothSolver:  Solving for Ux, Initial residual = 0.0023460465, Final residual = 3.3749053e-05, No Iterations 3
smoothSolver:  Solving for Uy, Initial residual = 0.015263477, Final residual = 0.00022941919, No Iterations 3
smoothSolver:  Solving for Uz, Initial residual = 0.016883029, Final residual = 0.00024726991, No Iterations 3
GAMG:  Solving for p, Initial residual = 0.012644643, Final residual = 8.3907457e-05, No Iterations 3
GAMG:  Solving for p, Initial residual = 0.00029524503, Final residual = 1.9637834e-06, No Iterations 4
time step continuity errors : sum local = 2.5153988e-05, global = -6.6725912e-06, cumulative = -0.00013907314
smoothSolver:  Solving for omega, Initial residual = 0.00054767876, Final residual = 4.6378308e-06, No Iterations 2
smoothSolver:  Solving for k, Initial residual = 0.0051390902, Final residual = 5.9053218e-05, No Iterations 2
ExecutionTime = 339.90526 s  ClockTime = 340 s

Time = 229s

smoothSolver:  Solving for Ux, Initial residual = 0.002339236, Final residual = 3.3615e-05, No Iterations 3
smoothSolver:  Solving for Uy, Initial residual = 0.015189925, Final residual = 0.0002282258, No Iterations 3
smoothSolver:  Solving for Uz, Initial residual = 0.016838834, Final residual = 0.00024628512, No Iterations 3
GAMG:  Solving for p, Initial residual = 0.012555558, Final residual = 8.4372272e-05, No Iterations 3
GAMG:  Solving for p, Initial residual = 0.00029525052, Final residual = 1.9831103e-06, No Iterations 4
time step continuity errors : sum local = 2.5383163e-05, global = -6.9794607e-06, cumulative = -0.0001460526
smoothSolver:  Solving for omega, Initial residual = 0.00054859104, Final residual = 4.6093418e-06, No Iterations 2
smoothSolver:  Solving for k, Initial residual = 0.0050953266, Final residual = 5.8576646e-05, No Iterations 2
ExecutionTime = 341.4764 s  ClockTime = 342 s

Time = 230s

smoothSolver:  Solving for Ux, Initial residual = 0.0023325158, Final residual = 3.3476097e-05, No Iterations 3
smoothSolver:  Solving for Uy, Initial residual = 0.015130423, Final residual = 0.00022714548, No Iterations 3
smoothSolver:  Solving for Uz, Initial residual = 0.016790776, Final residual = 0.00024517712, No Iterations 3
GAMG:  Solving for p, Initial residual = 0.012526316, Final residual = 8.5036353e-05, No Iterations 3
GAMG:  Solving for p, Initial residual = 0.00029515226, Final residual = 2.0834114e-06, No Iterations 4
time step continuity errors : sum local = 2.6672351e-05, global = -6.4653387e-06, cumulative = -0.00015251794
smoothSolver:  Solving for omega, Initial residual = 0.00054760962, Final residual = 4.6307177e-06, No Iterations 2
smoothSolver:  Solving for k, Initial residual = 0.0050555372, Final residual = 5.8006206e-05, No Iterations 2
ExecutionTime = 343.15273 s  ClockTime = 344 s

Time = 231s

smoothSolver:  Solving for Ux, Initial residual = 0.0023257476, Final residual = 3.332602e-05, No Iterations 3
smoothSolver:  Solving for Uy, Initial residual = 0.015075017, Final residual = 0.00022618603, No Iterations 3
smoothSolver:  Solving for Uz, Initial residual = 0.016735202, Final residual = 0.00024387226, No Iterations 3
GAMG:  Solving for p, Initial residual = 0.012517, Final residual = 8.6029262e-05, No Iterations 3
GAMG:  Solving for p, Initial residual = 0.00029547935, Final residual = 2.1697871e-06, No Iterations 4
time step continuity errors : sum local = 2.7742999e-05, global = -5.9027495e-06, cumulative = -0.00015842069
smoothSolver:  Solving for omega, Initial residual = 0.00054644076, Final residual = 4.5594302e-06, No Iterations 2
smoothSolver:  Solving for k, Initial residual = 0.0050173265, Final residual = 5.7553816e-05, No Iterations 2
ExecutionTime = 344.59553 s  ClockTime = 345 s

Time = 232s

smoothSolver:  Solving for Ux, Initial residual = 0.0023191091, Final residual = 3.3172511e-05, No Iterations 3
smoothSolver:  Solving for Uy, Initial residual = 0.015034578, Final residual = 0.00022536518, No Iterations 3
smoothSolver:  Solving for Uz, Initial residual = 0.016671904, Final residual = 0.0002424213, No Iterations 3
GAMG:  Solving for p, Initial residual = 0.012551768, Final residual = 8.6624322e-05, No Iterations 3
GAMG:  Solving for p, Initial residual = 0.00029584783, Final residual = 2.1942157e-06, No Iterations 4
time step continuity errors : sum local = 2.8001354e-05, global = -5.6392763e-06, cumulative = -0.00016405996
smoothSolver:  Solving for omega, Initial residual = 0.00054528891, Final residual = 4.6289142e-06, No Iterations 2
smoothSolver:  Solving for k, Initial residual = 0.0049770276, Final residual = 5.7015111e-05, No Iterations 2
ExecutionTime = 345.99547 s  ClockTime = 347 s

Time = 233s

smoothSolver:  Solving for Ux, Initial residual = 0.0023124406, Final residual = 3.3012972e-05, No Iterations 3
smoothSolver:  Solving for Uy, Initial residual = 0.015001703, Final residual = 0.00022463303, No Iterations 3
smoothSolver:  Solving for Uz, Initial residual = 0.016598925, Final residual = 0.00024080299, No Iterations 3
GAMG:  Solving for p, Initial residual = 0.012594825, Final residual = 8.7580909e-05, No Iterations 3
GAMG:  Solving for p, Initial residual = 0.00029611277, Final residual = 2.0625623e-06, No Iterations 4
time step continuity errors : sum local = 2.6300555e-05, global = -5.3580205e-06, cumulative = -0.00016941798
smoothSolver:  Solving for omega, Initial residual = 0.00054518111, Final residual = 4.5767669e-06, No Iterations 2
smoothSolver:  Solving for k, Initial residual = 0.0049433917, Final residual = 5.6624865e-05, No Iterations 2
ExecutionTime = 347.7846 s  ClockTime = 348 s

Time = 234s

smoothSolver:  Solving for Ux, Initial residual = 0.0023051777, Final residual = 3.2850299e-05, No Iterations 3
smoothSolver:  Solving for Uy, Initial residual = 0.014980068, Final residual = 0.00022400574, No Iterations 3
smoothSolver:  Solving for Uz, Initial residual = 0.01652017, Final residual = 0.00023894915, No Iterations 3
GAMG:  Solving for p, Initial residual = 0.012682587, Final residual = 8.888304e-05, No Iterations 3
GAMG:  Solving for p, Initial residual = 0.00029719573, Final residual = 1.787005e-06, No Iterations 4
time step continuity errors : sum local = 2.2748468e-05, global = -4.6249858e-06, cumulative = -0.00017404297
smoothSolver:  Solving for omega, Initial residual = 0.00054496547, Final residual = 4.5761477e-06, No Iterations 2
smoothSolver:  Solving for k, Initial residual = 0.0049117218, Final residual = 5.6157375e-05, No Iterations 2
ExecutionTime = 349.46274 s  ClockTime = 350 s

Time = 235s

smoothSolver:  Solving for Ux, Initial residual = 0.0022975338, Final residual = 3.2687286e-05, No Iterations 3
smoothSolver:  Solving for Uy, Initial residual = 0.014968372, Final residual = 0.000223511, No Iterations 3
smoothSolver:  Solving for Uz, Initial residual = 0.01643266, Final residual = 0.00023702211, No Iterations 3
GAMG:  Solving for p, Initial residual = 0.01277745, Final residual = 9.0425025e-05, No Iterations 3
GAMG:  Solving for p, Initial residual = 0.00029972256, Final residual = 1.5528665e-06, No Iterations 4
time step continuity errors : sum local = 1.9731245e-05, global = -3.1001933e-06, cumulative = -0.00017714316
smoothSolver:  Solving for omega, Initial residual = 0.00054604647, Final residual = 4.5077555e-06, No Iterations 2
smoothSolver:  Solving for k, Initial residual = 0.0048809086, Final residual = 5.5676278e-05, No Iterations 2
ExecutionTime = 351.42917 s  ClockTime = 352 s

Time = 236s

smoothSolver:  Solving for Ux, Initial residual = 0.0022902173, Final residual = 3.2524256e-05, No Iterations 3
smoothSolver:  Solving for Uy, Initial residual = 0.014966325, Final residual = 0.00022320071, No Iterations 3
smoothSolver:  Solving for Uz, Initial residual = 0.016335033, Final residual = 0.0002350399, No Iterations 3
GAMG:  Solving for p, Initial residual = 0.012873816, Final residual = 9.1596449e-05, No Iterations 3
GAMG:  Solving for p, Initial residual = 0.00029992861, Final residual = 1.646423e-06, No Iterations 4
time step continuity errors : sum local = 2.0879603e-05, global = -3.6496762e-06, cumulative = -0.00018079284
smoothSolver:  Solving for omega, Initial residual = 0.00054449165, Final residual = 4.5606514e-06, No Iterations 2
smoothSolver:  Solving for k, Initial residual = 0.0048566864, Final residual = 5.5316361e-05, No Iterations 2
ExecutionTime = 352.87113 s  ClockTime = 353 s

Time = 237s

smoothSolver:  Solving for Ux, Initial residual = 0.0022827498, Final residual = 3.2362885e-05, No Iterations 3
smoothSolver:  Solving for Uy, Initial residual = 0.014979124, Final residual = 0.0002230863, No Iterations 3
smoothSolver:  Solving for Uz, Initial residual = 0.016232798, Final residual = 0.00023304717, No Iterations 3
GAMG:  Solving for p, Initial residual = 0.012948212, Final residual = 9.2355206e-05, No Iterations 3
GAMG:  Solving for p, Initial residual = 0.00030055888, Final residual = 2.023166e-06, No Iterations 4
time step continuity errors : sum local = 2.5611623e-05, global = -5.3906456e-06, cumulative = -0.00018618349
smoothSolver:  Solving for omega, Initial residual = 0.00054484604, Final residual = 4.5008156e-06, No Iterations 2
smoothSolver:  Solving for k, Initial residual = 0.0048362455, Final residual = 5.4982649e-05, No Iterations 2
ExecutionTime = 354.27714 s  ClockTime = 355 s

Time = 238s

smoothSolver:  Solving for Ux, Initial residual = 0.0022752299, Final residual = 3.2209015e-05, No Iterations 3
smoothSolver:  Solving for Uy, Initial residual = 0.014997139, Final residual = 0.00022305373, No Iterations 3
smoothSolver:  Solving for Uz, Initial residual = 0.016128935, Final residual = 0.00023101578, No Iterations 3
GAMG:  Solving for p, Initial residual = 0.013032175, Final residual = 9.2771315e-05, No Iterations 3
GAMG:  Solving for p, Initial residual = 0.00030057605, Final residual = 2.4173306e-06, No Iterations 4
time step continuity errors : sum local = 3.0574154e-05, global = -6.5137984e-06, cumulative = -0.00019269728
smoothSolver:  Solving for omega, Initial residual = 0.00054439199, Final residual = 4.5873236e-06, No Iterations 2
smoothSolver:  Solving for k, Initial residual = 0.0048113204, Final residual = 5.4530965e-05, No Iterations 2
ExecutionTime = 355.9017 s  ClockTime = 356 s

Time = 239s

smoothSolver:  Solving for Ux, Initial residual = 0.002267756, Final residual = 3.2056403e-05, No Iterations 3
smoothSolver:  Solving for Uy, Initial residual = 0.015016707, Final residual = 0.00022304, No Iterations 3
smoothSolver:  Solving for Uz, Initial residual = 0.016015547, Final residual = 0.00022892433, No Iterations 3
GAMG:  Solving for p, Initial residual = 0.013137404, Final residual = 9.3004971e-05, No Iterations 3
GAMG:  Solving for p, Initial residual = 0.00030131508, Final residual = 2.6757417e-06, No Iterations 4
time step continuity errors : sum local = 3.3734221e-05, global = -7.6726709e-06, cumulative = -0.00020036995
smoothSolver:  Solving for omega, Initial residual = 0.00054608363, Final residual = 4.5150161e-06, No Iterations 2
smoothSolver:  Solving for k, Initial residual = 0.004791227, Final residual = 5.4163045e-05, No Iterations 2
ExecutionTime = 357.51714 s  ClockTime = 358 s

Time = 240s

smoothSolver:  Solving for Ux, Initial residual = 0.0022604916, Final residual = 3.191248e-05, No Iterations 3
smoothSolver:  Solving for Uy, Initial residual = 0.015039111, Final residual = 0.0002230683, No Iterations 3
smoothSolver:  Solving for Uz, Initial residual = 0.015901321, Final residual = 0.00022679102, No Iterations 3
GAMG:  Solving for p, Initial residual = 0.013181564, Final residual = 9.3519626e-05, No Iterations 3
GAMG:  Solving for p, Initial residual = 0.00030378586, Final residual = 2.877871e-06, No Iterations 4
time step continuity errors : sum local = 3.6236394e-05, global = -8.6108705e-06, cumulative = -0.00020898083
smoothSolver:  Solving for omega, Initial residual = 0.00054568744, Final residual = 4.5625364e-06, No Iterations 2
smoothSolver:  Solving for k, Initial residual = 0.0047690162, Final residual = 5.3771311e-05, No Iterations 2
ExecutionTime = 359.23145 s  ClockTime = 360 s

Time = 241s

smoothSolver:  Solving for Ux, Initial residual = 0.0022530967, Final residual = 3.1771793e-05, No Iterations 3
smoothSolver:  Solving for Uy, Initial residual = 0.015055057, Final residual = 0.00022308682, No Iterations 3
smoothSolver:  Solving for Uz, Initial residual = 0.015776926, Final residual = 0.00022462822, No Iterations 3
GAMG:  Solving for p, Initial residual = 0.013221244, Final residual = 9.3534177e-05, No Iterations 3
GAMG:  Solving for p, Initial residual = 0.00030489105, Final residual = 2.9587128e-06, No Iterations 4
time step continuity errors : sum local = 3.7202166e-05, global = -9.0561348e-06, cumulative = -0.00021803696
smoothSolver:  Solving for omega, Initial residual = 0.00054731417, Final residual = 4.5561142e-06, No Iterations 2
smoothSolver:  Solving for k, Initial residual = 0.0047533296, Final residual = 5.336911e-05, No Iterations 2
ExecutionTime = 360.86096 s  ClockTime = 361 s

Time = 242s

smoothSolver:  Solving for Ux, Initial residual = 0.0022457926, Final residual = 3.164502e-05, No Iterations 3
smoothSolver:  Solving for Uy, Initial residual = 0.015073953, Final residual = 0.00022313722, No Iterations 3
smoothSolver:  Solving for Uz, Initial residual = 0.015652301, Final residual = 0.00022252838, No Iterations 3
GAMG:  Solving for p, Initial residual = 0.013296771, Final residual = 9.3773804e-05, No Iterations 3
GAMG:  Solving for p, Initial residual = 0.00030676969, Final residual = 2.9799795e-06, No Iterations 4
time step continuity errors : sum local = 3.7351556e-05, global = -8.9870883e-06, cumulative = -0.00022702405
smoothSolver:  Solving for omega, Initial residual = 0.00054367865, Final residual = 4.5203165e-06, No Iterations 2
smoothSolver:  Solving for k, Initial residual = 0.0047306574, Final residual = 5.2984864e-05, No Iterations 2
bounding k, min: 2.0471987e-16 max: 0.36659289 average: 0.06498342
ExecutionTime = 362.6207 s  ClockTime = 363 s

Time = 243s

smoothSolver:  Solving for Ux, Initial residual = 0.0022382295, Final residual = 3.1524705e-05, No Iterations 3
smoothSolver:  Solving for Uy, Initial residual = 0.015083302, Final residual = 0.0002231267, No Iterations 3
smoothSolver:  Solving for Uz, Initial residual = 0.015524501, Final residual = 0.0002204114, No Iterations 3
GAMG:  Solving for p, Initial residual = 0.013308453, Final residual = 9.3439991e-05, No Iterations 3
GAMG:  Solving for p, Initial residual = 0.00030734489, Final residual = 2.9326428e-06, No Iterations 4
time step continuity errors : sum local = 3.6700027e-05, global = -8.6942913e-06, cumulative = -0.00023571834
smoothSolver:  Solving for omega, Initial residual = 0.00054526524, Final residual = 4.4908207e-06, No Iterations 2
smoothSolver:  Solving for k, Initial residual = 0.0047119601, Final residual = 5.2632736e-05, No Iterations 2
bounding k, min: 1.7566843e-16 max: 0.36542893 average: 0.064967533
ExecutionTime = 364.57903 s  ClockTime = 365 s

Time = 244s

smoothSolver:  Solving for Ux, Initial residual = 0.0022307976, Final residual = 3.1414522e-05, No Iterations 3
smoothSolver:  Solving for Uy, Initial residual = 0.015090057, Final residual = 0.00022306773, No Iterations 3
smoothSolver:  Solving for Uz, Initial residual = 0.015388629, Final residual = 0.00021831094, No Iterations 3
GAMG:  Solving for p, Initial residual = 0.013358104, Final residual = 9.3660476e-05, No Iterations 3
GAMG:  Solving for p, Initial residual = 0.00031123016, Final residual = 2.8664343e-06, No Iterations 4
time step continuity errors : sum local = 3.5764093e-05, global = -8.5927395e-06, cumulative = -0.00024431108
smoothSolver:  Solving for omega, Initial residual = 0.00054540595, Final residual = 4.5747469e-06, No Iterations 2
smoothSolver:  Solving for k, Initial residual = 0.0046913915, Final residual = 5.22146e-05, No Iterations 2
bounding k, min: 1.6604674e-16 max: 0.36416069 average: 0.064950668
ExecutionTime = 366.5679 s  ClockTime = 367 s

Time = 245s

smoothSolver:  Solving for Ux, Initial residual = 0.0022233727, Final residual = 3.1309358e-05, No Iterations 3
smoothSolver:  Solving for Uy, Initial residual = 0.015086812, Final residual = 0.00022293215, No Iterations 3
smoothSolver:  Solving for Uz, Initial residual = 0.015247544, Final residual = 0.00021626446, No Iterations 3
GAMG:  Solving for p, Initial residual = 0.013386021, Final residual = 9.398322e-05, No Iterations 3
GAMG:  Solving for p, Initial residual = 0.00031582308, Final residual = 2.8512121e-06, No Iterations 4
time step continuity errors : sum local = 3.5509428e-05, global = -8.6712287e-06, cumulative = -0.00025298231
smoothSolver:  Solving for omega, Initial residual = 0.00054276989, Final residual = 4.4879823e-06, No Iterations 2
smoothSolver:  Solving for k, Initial residual = 0.0046718631, Final residual = 5.1816338e-05, No Iterations 2
bounding k, min: 1.6008774e-16 max: 0.36300123 average: 0.064933007
ExecutionTime = 368.38561 s  ClockTime = 369 s

Time = 246s

smoothSolver:  Solving for Ux, Initial residual = 0.0022158494, Final residual = 3.1212293e-05, No Iterations 3
smoothSolver:  Solving for Uy, Initial residual = 0.015072949, Final residual = 0.00022272095, No Iterations 3
smoothSolver:  Solving for Uz, Initial residual = 0.015103013, Final residual = 0.00021421786, No Iterations 3
GAMG:  Solving for p, Initial residual = 0.0134507, Final residual = 9.4149442e-05, No Iterations 3
GAMG:  Solving for p, Initial residual = 0.00032030798, Final residual = 2.7628635e-06, No Iterations 4
time step continuity errors : sum local = 3.4306494e-05, global = -8.6685214e-06, cumulative = -0.00026165083
smoothSolver:  Solving for omega, Initial residual = 0.0005404133, Final residual = 4.5212973e-06, No Iterations 2
smoothSolver:  Solving for k, Initial residual = 0.0046509215, Final residual = 5.1389066e-05, No Iterations 2
bounding k, min: 1.5681119e-16 max: 0.36164794 average: 0.064914189
ExecutionTime = 370.11106 s  ClockTime = 371 s

Time = 247s

smoothSolver:  Solving for Ux, Initial residual = 0.0022079417, Final residual = 3.1119279e-05, No Iterations 3
smoothSolver:  Solving for Uy, Initial residual = 0.015050506, Final residual = 0.00022242444, No Iterations 3
smoothSolver:  Solving for Uz, Initial residual = 0.014957966, Final residual = 0.00021222888, No Iterations 3
GAMG:  Solving for p, Initial residual = 0.013454749, Final residual = 9.4327343e-05, No Iterations 3
GAMG:  Solving for p, Initial residual = 0.00032195945, Final residual = 2.7315087e-06, No Iterations 4
time step continuity errors : sum local = 3.3839652e-05, global = -8.5523561e-06, cumulative = -0.00027020319
smoothSolver:  Solving for omega, Initial residual = 0.0005415721, Final residual = 4.4664712e-06, No Iterations 2
smoothSolver:  Solving for k, Initial residual = 0.0046253417, Final residual = 5.0934151e-05, No Iterations 2
bounding k, min: 1.5580691e-16 max: 0.36033871 average: 0.064894913
ExecutionTime = 371.6804 s  ClockTime = 372 s

Time = 248s

smoothSolver:  Solving for Ux, Initial residual = 0.0021994483, Final residual = 3.1032748e-05, No Iterations 3
smoothSolver:  Solving for Uy, Initial residual = 0.015014215, Final residual = 0.00022198476, No Iterations 3
smoothSolver:  Solving for Uz, Initial residual = 0.01480279, Final residual = 0.00021028317, No Iterations 3
GAMG:  Solving for p, Initial residual = 0.013413254, Final residual = 9.4449431e-05, No Iterations 3
GAMG:  Solving for p, Initial residual = 0.00032342728, Final residual = 2.6836607e-06, No Iterations 4
time step continuity errors : sum local = 3.3194623e-05, global = -8.2562811e-06, cumulative = -0.00027845947
smoothSolver:  Solving for omega, Initial residual = 0.00054023324, Final residual = 4.513853e-06, No Iterations 2
smoothSolver:  Solving for k, Initial residual = 0.0046018294, Final residual = 5.0539607e-05, No Iterations 2
bounding k, min: 1.560045e-16 max: 0.35900587 average: 0.064874317
ExecutionTime = 372.95918 s  ClockTime = 374 s

Time = 249s

smoothSolver:  Solving for Ux, Initial residual = 0.0021901354, Final residual = 3.0944169e-05, No Iterations 3
smoothSolver:  Solving for Uy, Initial residual = 0.014969796, Final residual = 0.0002214468, No Iterations 3
smoothSolver:  Solving for Uz, Initial residual = 0.01465001, Final residual = 0.00020836605, No Iterations 3
GAMG:  Solving for p, Initial residual = 0.013359051, Final residual = 9.4268381e-05, No Iterations 3
GAMG:  Solving for p, Initial residual = 0.00032539108, Final residual = 2.6614424e-06, No Iterations 4
time step continuity errors : sum local = 3.2835611e-05, global = -7.8403892e-06, cumulative = -0.00028629986
smoothSolver:  Solving for omega, Initial residual = 0.00053953524, Final residual = 4.4992135e-06, No Iterations 2
smoothSolver:  Solving for k, Initial residual = 0.0045802732, Final residual = 5.015717e-05, No Iterations 2
bounding k, min: 1.5713816e-16 max: 0.35749216 average: 0.064852765
ExecutionTime = 374.23023 s  ClockTime = 375 s

Time = 250s

smoothSolver:  Solving for Ux, Initial residual = 0.002180617, Final residual = 3.0855119e-05, No Iterations 3
smoothSolver:  Solving for Uy, Initial residual = 0.014917867, Final residual = 0.00022082916, No Iterations 3
smoothSolver:  Solving for Uz, Initial residual = 0.014498483, Final residual = 0.0002065003, No Iterations 3
GAMG:  Solving for p, Initial residual = 0.013282604, Final residual = 9.4438887e-05, No Iterations 3
GAMG:  Solving for p, Initial residual = 0.00032745734, Final residual = 2.5601792e-06, No Iterations 4
time step continuity errors : sum local = 3.1527082e-05, global = -7.1374948e-06, cumulative = -0.00029343735
smoothSolver:  Solving for omega, Initial residual = 0.00053515622, Final residual = 4.4506291e-06, No Iterations 2
smoothSolver:  Solving for k, Initial residual = 0.004558845, Final residual = 4.9759246e-05, No Iterations 2
bounding k, min: 1.5908163e-16 max: 0.35612938 average: 0.06483001
ExecutionTime = 375.77394 s  ClockTime = 376 s

Time = 251s

smoothSolver:  Solving for Ux, Initial residual = 0.0021704344, Final residual = 3.0761879e-05, No Iterations 3
smoothSolver:  Solving for Uy, Initial residual = 0.014848682, Final residual = 0.00022015965, No Iterations 3
smoothSolver:  Solving for Uz, Initial residual = 0.014348803, Final residual = 0.00020470617, No Iterations 3
GAMG:  Solving for p, Initial residual = 0.013205519, Final residual = 9.4029686e-05, No Iterations 3
GAMG:  Solving for p, Initial residual = 0.00032603155, Final residual = 2.42139e-06, No Iterations 4
time step continuity errors : sum local = 2.9767165e-05, global = -6.3621567e-06, cumulative = -0.00029979951
smoothSolver:  Solving for omega, Initial residual = 0.00053460565, Final residual = 4.4109343e-06, No Iterations 2
smoothSolver:  Solving for k, Initial residual = 0.0045414064, Final residual = 4.9432076e-05, No Iterations 2
bounding k, min: 1.6163716e-16 max: 0.35463445 average: 0.064806711
ExecutionTime = 377.42458 s  ClockTime = 378 s

Time = 252s

smoothSolver:  Solving for Ux, Initial residual = 0.0021593518, Final residual = 3.0661976e-05, No Iterations 3
smoothSolver:  Solving for Uy, Initial residual = 0.014774444, Final residual = 0.00021951988, No Iterations 3
smoothSolver:  Solving for Uz, Initial residual = 0.014207449, Final residual = 0.00020298713, No Iterations 3
GAMG:  Solving for p, Initial residual = 0.013125138, Final residual = 9.2966894e-05, No Iterations 3
GAMG:  Solving for p, Initial residual = 0.00032271807, Final residual = 2.1554712e-06, No Iterations 4
time step continuity errors : sum local = 2.6447437e-05, global = -5.5522802e-06, cumulative = -0.00030535179
smoothSolver:  Solving for omega, Initial residual = 0.00053598516, Final residual = 4.531907e-06, No Iterations 2
smoothSolver:  Solving for k, Initial residual = 0.004523268, Final residual = 4.9080105e-05, No Iterations 2
bounding k, min: 1.6464812e-16 max: 0.35310481 average: 0.064782684
ExecutionTime = 379.17511 s  ClockTime = 380 s

Time = 253s

smoothSolver:  Solving for Ux, Initial residual = 0.0021476368, Final residual = 3.0553109e-05, No Iterations 3
smoothSolver:  Solving for Uy, Initial residual = 0.014696298, Final residual = 0.00021883687, No Iterations 3
smoothSolver:  Solving for Uz, Initial residual = 0.014074823, Final residual = 0.00020132572, No Iterations 3
GAMG:  Solving for p, Initial residual = 0.012971734, Final residual = 9.1530214e-05, No Iterations 3
GAMG:  Solving for p, Initial residual = 0.00031819362, Final residual = 1.8756259e-06, No Iterations 4
time step continuity errors : sum local = 2.2978788e-05, global = -5.0047513e-06, cumulative = -0.00031035654
smoothSolver:  Solving for omega, Initial residual = 0.00053295658, Final residual = 4.4297919e-06, No Iterations 2
smoothSolver:  Solving for k, Initial residual = 0.0045082727, Final residual = 4.877003e-05, No Iterations 2
bounding k, min: 1.6806799e-16 max: 0.35349184 average: 0.064757795
ExecutionTime = 380.85108 s  ClockTime = 381 s

Time = 254s

smoothSolver:  Solving for Ux, Initial residual = 0.002135627, Final residual = 3.0433034e-05, No Iterations 3
smoothSolver:  Solving for Uy, Initial residual = 0.014616668, Final residual = 0.00021804688, No Iterations 3
smoothSolver:  Solving for Uz, Initial residual = 0.013954861, Final residual = 0.00019980755, No Iterations 3
GAMG:  Solving for p, Initial residual = 0.012851734, Final residual = 9.0453267e-05, No Iterations 3
GAMG:  Solving for p, Initial residual = 0.00031476338, Final residual = 1.5323783e-06, No Iterations 4
time step continuity errors : sum local = 1.8750875e-05, global = -3.1083276e-06, cumulative = -0.00031346487
smoothSolver:  Solving for omega, Initial residual = 0.00052773093, Final residual = 4.4087105e-06, No Iterations 2
smoothSolver:  Solving for k, Initial residual = 0.0044888325, Final residual = 4.8434557e-05, No Iterations 2
bounding k, min: 1.5117617e-16 max: 0.35442685 average: 0.064732533
ExecutionTime = 382.22754 s  ClockTime = 383 s

Time = 255s

smoothSolver:  Solving for Ux, Initial residual = 0.0021232175, Final residual = 3.0299311e-05, No Iterations 3
smoothSolver:  Solving for Uy, Initial residual = 0.014531609, Final residual = 0.00021727512, No Iterations 3
smoothSolver:  Solving for Uz, Initial residual = 0.01384153, Final residual = 0.00019826755, No Iterations 3
GAMG:  Solving for p, Initial residual = 0.012731961, Final residual = 9.011482e-05, No Iterations 3
GAMG:  Solving for p, Initial residual = 0.00031303904, Final residual = 1.5282427e-06, No Iterations 4
time step continuity errors : sum local = 1.8674053e-05, global = 3.3088501e-07, cumulative = -0.00031313398
smoothSolver:  Solving for omega, Initial residual = 0.00052805417, Final residual = 4.3865096e-06, No Iterations 2
smoothSolver:  Solving for k, Initial residual = 0.0044751603, Final residual = 4.814207e-05, No Iterations 2
bounding k, min: 1.7173632e-16 max: 0.35540686 average: 0.064707069
ExecutionTime = 383.98016 s  ClockTime = 385 s

Time = 256s

smoothSolver:  Solving for Ux, Initial residual = 0.0021102767, Final residual = 3.01533e-05, No Iterations 3
smoothSolver:  Solving for Uy, Initial residual = 0.014446383, Final residual = 0.0002163598, No Iterations 3
smoothSolver:  Solving for Uz, Initial residual = 0.013742708, Final residual = 0.00019690713, No Iterations 3
GAMG:  Solving for p, Initial residual = 0.012598252, Final residual = 8.9982585e-05, No Iterations 3
GAMG:  Solving for p, Initial residual = 0.00031045842, Final residual = 1.6990248e-06, No Iterations 4
time step continuity errors : sum local = 2.0734352e-05, global = 2.4606336e-06, cumulative = -0.00031067335
smoothSolver:  Solving for omega, Initial residual = 0.00052449729, Final residual = 4.3911013e-06, No Iterations 2
smoothSolver:  Solving for k, Initial residual = 0.0044608324, Final residual = 4.7801776e-05, No Iterations 2
bounding k, min: 1.5194622e-16 max: 0.35623765 average: 0.064681233
ExecutionTime = 385.99939 s  ClockTime = 387 s

Time = 257s

smoothSolver:  Solving for Ux, Initial residual = 0.0020968686, Final residual = 2.9999847e-05, No Iterations 3
smoothSolver:  Solving for Uy, Initial residual = 0.014358815, Final residual = 0.00021549363, No Iterations 3
smoothSolver:  Solving for Uz, Initial residual = 0.013649999, Final residual = 0.00019559746, No Iterations 3
GAMG:  Solving for p, Initial residual = 0.012458327, Final residual = 8.9506894e-05, No Iterations 3
GAMG:  Solving for p, Initial residual = 0.00030911033, Final residual = 1.8720105e-06, No Iterations 4
time step continuity errors : sum local = 2.2812799e-05, global = 3.6278098e-06, cumulative = -0.00030704554
smoothSolver:  Solving for omega, Initial residual = 0.00052129058, Final residual = 4.3234026e-06, No Iterations 2
smoothSolver:  Solving for k, Initial residual = 0.0044480358, Final residual = 4.7606242e-05, No Iterations 2
bounding k, min: 1.5304575e-16 max: 0.35688681 average: 0.064654714
ExecutionTime = 387.47767 s  ClockTime = 388 s

Time = 258s

smoothSolver:  Solving for Ux, Initial residual = 0.0020827148, Final residual = 2.9838903e-05, No Iterations 3
smoothSolver:  Solving for Uy, Initial residual = 0.014274854, Final residual = 0.00021452329, No Iterations 3
smoothSolver:  Solving for Uz, Initial residual = 0.013563014, Final residual = 0.00019442678, No Iterations 3
GAMG:  Solving for p, Initial residual = 0.012318656, Final residual = 8.8259557e-05, No Iterations 3
GAMG:  Solving for p, Initial residual = 0.00030691373, Final residual = 2.0296895e-06, No Iterations 4
time step continuity errors : sum local = 2.4703746e-05, global = 4.6131628e-06, cumulative = -0.00030243238
smoothSolver:  Solving for omega, Initial residual = 0.00051937575, Final residual = 4.349807e-06, No Iterations 2
smoothSolver:  Solving for k, Initial residual = 0.0044314332, Final residual = 4.7191625e-05, No Iterations 2
bounding k, min: 1.6192442e-16 max: 0.35750182 average: 0.064627999
ExecutionTime = 388.7653 s  ClockTime = 389 s

Time = 259s

smoothSolver:  Solving for Ux, Initial residual = 0.002068413, Final residual = 2.9676231e-05, No Iterations 3
smoothSolver:  Solving for Uy, Initial residual = 0.014189243, Final residual = 0.00021357649, No Iterations 3
smoothSolver:  Solving for Uz, Initial residual = 0.013478932, Final residual = 0.00019331228, No Iterations 3
GAMG:  Solving for p, Initial residual = 0.012224089, Final residual = 8.6818988e-05, No Iterations 3
GAMG:  Solving for p, Initial residual = 0.00030368223, Final residual = 2.051637e-06, No Iterations 4
time step continuity errors : sum local = 2.4934988e-05, global = 4.8949919e-06, cumulative = -0.00029753738
smoothSolver:  Solving for omega, Initial residual = 0.00051905139, Final residual = 4.2719727e-06, No Iterations 2
smoothSolver:  Solving for k, Initial residual = 0.0044163547, Final residual = 4.698361e-05, No Iterations 2
bounding k, min: 1.5679903e-16 max: 0.35796618 average: 0.064601273
ExecutionTime = 389.97852 s  ClockTime = 391 s

Time = 260s

smoothSolver:  Solving for Ux, Initial residual = 0.0020538332, Final residual = 2.951247e-05, No Iterations 3
smoothSolver:  Solving for Uy, Initial residual = 0.014111861, Final residual = 0.00021269172, No Iterations 3
smoothSolver:  Solving for Uz, Initial residual = 0.013401474, Final residual = 0.00019224889, No Iterations 3
GAMG:  Solving for p, Initial residual = 0.012139488, Final residual = 8.5889995e-05, No Iterations 3
GAMG:  Solving for p, Initial residual = 0.00030005152, Final residual = 2.0420975e-06, No Iterations 4
time step continuity errors : sum local = 2.4780741e-05, global = 4.9270024e-06, cumulative = -0.00029261038
smoothSolver:  Solving for omega, Initial residual = 0.00051773051, Final residual = 4.3361409e-06, No Iterations 2
smoothSolver:  Solving for k, Initial residual = 0.0044052482, Final residual = 4.6716147e-05, No Iterations 2
bounding k, min: 1.5101642e-16 max: 0.35887042 average: 0.064573996
ExecutionTime = 391.31058 s  ClockTime = 392 s

Time = 261s

smoothSolver:  Solving for Ux, Initial residual = 0.0020392102, Final residual = 2.9347042e-05, No Iterations 3
smoothSolver:  Solving for Uy, Initial residual = 0.014037508, Final residual = 0.00021185818, No Iterations 3
smoothSolver:  Solving for Uz, Initial residual = 0.01332421, Final residual = 0.00019122742, No Iterations 3
GAMG:  Solving for p, Initial residual = 0.012048589, Final residual = 8.5080365e-05, No Iterations 3
GAMG:  Solving for p, Initial residual = 0.00029429229, Final residual = 1.9833093e-06, No Iterations 4
time step continuity errors : sum local = 2.4018948e-05, global = 4.706854e-06, cumulative = -0.00028790353
smoothSolver:  Solving for omega, Initial residual = 0.00051672069, Final residual = 4.2747092e-06, No Iterations 2
smoothSolver:  Solving for k, Initial residual = 0.0043883814, Final residual = 4.6392295e-05, No Iterations 2
bounding k, min: 1.4518876e-16 max: 0.35989502 average: 0.064547139
ExecutionTime = 392.85324 s  ClockTime = 393 s

Time = 262s

smoothSolver:  Solving for Ux, Initial residual = 0.0020244914, Final residual = 2.917918e-05, No Iterations 3
smoothSolver:  Solving for Uy, Initial residual = 0.013966824, Final residual = 0.00021105375, No Iterations 3
smoothSolver:  Solving for Uz, Initial residual = 0.01324982, Final residual = 0.00019026481, No Iterations 3
GAMG:  Solving for p, Initial residual = 0.0119817, Final residual = 8.4862083e-05, No Iterations 3
GAMG:  Solving for p, Initial residual = 0.00029019572, Final residual = 1.9756409e-06, No Iterations 4
time step continuity errors : sum local = 2.3881811e-05, global = 4.6144661e-06, cumulative = -0.00028328906
smoothSolver:  Solving for omega, Initial residual = 0.00051151492, Final residual = 4.2953725e-06, No Iterations 2
smoothSolver:  Solving for k, Initial residual = 0.0043713385, Final residual = 4.6139727e-05, No Iterations 2
bounding k, min: 1.3964627e-16 max: 0.36069565 average: 0.064520088
ExecutionTime = 394.16971 s  ClockTime = 395 s

Time = 263s

smoothSolver:  Solving for Ux, Initial residual = 0.0020098199, Final residual = 2.9012779e-05, No Iterations 3
smoothSolver:  Solving for Uy, Initial residual = 0.013899119, Final residual = 0.00021022678, No Iterations 3
smoothSolver:  Solving for Uz, Initial residual = 0.013174976, Final residual = 0.00018929129, No Iterations 3
GAMG:  Solving for p, Initial residual = 0.011931844, Final residual = 8.4756896e-05, No Iterations 3
GAMG:  Solving for p, Initial residual = 0.00028752922, Final residual = 1.9587084e-06, No Iterations 4
time step continuity errors : sum local = 2.3632989e-05, global = 4.5027997e-06, cumulative = -0.00027878626
smoothSolver:  Solving for omega, Initial residual = 0.00050915517, Final residual = 4.1860967e-06, No Iterations 2
smoothSolver:  Solving for k, Initial residual = 0.0043560658, Final residual = 4.5844655e-05, No Iterations 2
bounding k, min: 1.3477586e-16 max: 0.36139327 average: 0.064493293
ExecutionTime = 395.57826 s  ClockTime = 396 s

Time = 264s

smoothSolver:  Solving for Ux, Initial residual = 0.001995067, Final residual = 2.884514e-05, No Iterations 3
smoothSolver:  Solving for Uy, Initial residual = 0.013834953, Final residual = 0.00020941945, No Iterations 3
smoothSolver:  Solving for Uz, Initial residual = 0.013101729, Final residual = 0.00018834238, No Iterations 3
GAMG:  Solving for p, Initial residual = 0.011910227, Final residual = 8.55449e-05, No Iterations 3
GAMG:  Solving for p, Initial residual = 0.00028759293, Final residual = 1.9524549e-06, No Iterations 4
time step continuity errors : sum local = 2.3505123e-05, global = 4.3868201e-06, cumulative = -0.00027439944
smoothSolver:  Solving for omega, Initial residual = 0.00050822387, Final residual = 4.318813e-06, No Iterations 2
smoothSolver:  Solving for k, Initial residual = 0.0043469197, Final residual = 4.5672638e-05, No Iterations 2
bounding k, min: 1.3070668e-16 max: 0.36194033 average: 0.064466038
ExecutionTime = 397.26029 s  ClockTime = 398 s

Time = 265s

smoothSolver:  Solving for Ux, Initial residual = 0.0019801419, Final residual = 2.8678491e-05, No Iterations 3
smoothSolver:  Solving for Uy, Initial residual = 0.013775719, Final residual = 0.0002085476, No Iterations 3
smoothSolver:  Solving for Uz, Initial residual = 0.013034255, Final residual = 0.00018744851, No Iterations 3
GAMG:  Solving for p, Initial residual = 0.011882998, Final residual = 8.5714969e-05, No Iterations 3
GAMG:  Solving for p, Initial residual = 0.00028642769, Final residual = 1.9509722e-06, No Iterations 4
time step continuity errors : sum local = 2.3445942e-05, global = 4.2136136e-06, cumulative = -0.00027018583
smoothSolver:  Solving for omega, Initial residual = 0.00050809322, Final residual = 4.2666719e-06, No Iterations 2
smoothSolver:  Solving for k, Initial residual = 0.0043342012, Final residual = 4.5379536e-05, No Iterations 2
bounding k, min: 1.2798903e-16 max: 0.36222519 average: 0.064439438
ExecutionTime = 398.85983 s  ClockTime = 399 s

Time = 266s

smoothSolver:  Solving for Ux, Initial residual = 0.0019655539, Final residual = 2.8511772e-05, No Iterations 3
smoothSolver:  Solving for Uy, Initial residual = 0.013713253, Final residual = 0.00020779908, No Iterations 3
smoothSolver:  Solving for Uz, Initial residual = 0.012962631, Final residual = 0.00018655221, No Iterations 3
GAMG:  Solving for p, Initial residual = 0.011823087, Final residual = 8.5394451e-05, No Iterations 3
GAMG:  Solving for p, Initial residual = 0.00028590693, Final residual = 1.9916495e-06, No Iterations 4
time step continuity errors : sum local = 2.3889025e-05, global = 4.1188889e-06, cumulative = -0.00026606694
smoothSolver:  Solving for omega, Initial residual = 0.0005029095, Final residual = 4.2163033e-06, No Iterations 2
smoothSolver:  Solving for k, Initial residual = 0.0043205393, Final residual = 4.5129513e-05, No Iterations 2
bounding k, min: 1.2694612e-16 max: 0.36244526 average: 0.064412736
ExecutionTime = 400.27541 s  ClockTime = 401 s

Time = 267s

smoothSolver:  Solving for Ux, Initial residual = 0.0019512578, Final residual = 2.8348633e-05, No Iterations 3
smoothSolver:  Solving for Uy, Initial residual = 0.013656244, Final residual = 0.00020708969, No Iterations 3
smoothSolver:  Solving for Uz, Initial residual = 0.012891315, Final residual = 0.00018565313, No Iterations 3
GAMG:  Solving for p, Initial residual = 0.011771069, Final residual = 8.5497054e-05, No Iterations 3
GAMG:  Solving for p, Initial residual = 0.0002841213, Final residual = 2.0440825e-06, No Iterations 4
time step continuity errors : sum local = 2.4463873e-05, global = 4.0323157e-06, cumulative = -0.00026203462
smoothSolver:  Solving for omega, Initial residual = 0.00050306957, Final residual = 4.1718487e-06, No Iterations 2
smoothSolver:  Solving for k, Initial residual = 0.0043022026, Final residual = 4.4848595e-05, No Iterations 2
bounding k, min: 1.2792248e-16 max: 0.36247262 average: 0.064387028
ExecutionTime = 401.82142 s  ClockTime = 402 s

Time = 268s

smoothSolver:  Solving for Ux, Initial residual = 0.0019368196, Final residual = 2.8187216e-05, No Iterations 3
smoothSolver:  Solving for Uy, Initial residual = 0.013598062, Final residual = 0.00020652148, No Iterations 3
smoothSolver:  Solving for Uz, Initial residual = 0.012821568, Final residual = 0.00018471214, No Iterations 3
GAMG:  Solving for p, Initial residual = 0.011732127, Final residual = 8.5647122e-05, No Iterations 3
GAMG:  Solving for p, Initial residual = 0.00028307988, Final residual = 2.0681683e-06, No Iterations 4
time step continuity errors : sum local = 2.4690822e-05, global = 3.6809072e-06, cumulative = -0.00025835372
smoothSolver:  Solving for omega, Initial residual = 0.00050093426, Final residual = 4.2581675e-06, No Iterations 2
smoothSolver:  Solving for k, Initial residual = 0.0042838315, Final residual = 4.462297e-05, No Iterations 2
bounding k, min: 1.1999103e-16 max: 0.36227337 average: 0.064361364
ExecutionTime = 403.17814 s  ClockTime = 404 s

Time = 269s

smoothSolver:  Solving for Ux, Initial residual = 0.0019226604, Final residual = 2.8031226e-05, No Iterations 3
smoothSolver:  Solving for Uy, Initial residual = 0.013544433, Final residual = 0.00020608065, No Iterations 3
smoothSolver:  Solving for Uz, Initial residual = 0.012754642, Final residual = 0.00018376397, No Iterations 3
GAMG:  Solving for p, Initial residual = 0.011618454, Final residual = 8.5957784e-05, No Iterations 3
GAMG:  Solving for p, Initial residual = 0.00028111916, Final residual = 2.0692523e-06, No Iterations 4
time step continuity errors : sum local = 2.4647674e-05, global = 3.1144422e-06, cumulative = -0.00025523927
smoothSolver:  Solving for omega, Initial residual = 0.00049999392, Final residual = 4.2010187e-06, No Iterations 2
smoothSolver:  Solving for k, Initial residual = 0.0042790227, Final residual = 4.4557879e-05, No Iterations 2
bounding k, min: 1.1276177e-16 max: 0.36205173 average: 0.0643351
ExecutionTime = 404.6719 s  ClockTime = 405 s

Time = 270s

smoothSolver:  Solving for Ux, Initial residual = 0.0019087295, Final residual = 2.7878951e-05, No Iterations 3
smoothSolver:  Solving for Uy, Initial residual = 0.013503594, Final residual = 0.00020573773, No Iterations 3
smoothSolver:  Solving for Uz, Initial residual = 0.012689571, Final residual = 0.00018284866, No Iterations 3
GAMG:  Solving for p, Initial residual = 0.011500941, Final residual = 8.6041047e-05, No Iterations 3
GAMG:  Solving for p, Initial residual = 0.00027981196, Final residual = 1.9914695e-06, No Iterations 4
time step continuity errors : sum local = 2.3699336e-05, global = 2.0447713e-06, cumulative = -0.0002531945
smoothSolver:  Solving for omega, Initial residual = 0.00049872012, Final residual = 4.235654e-06, No Iterations 2
smoothSolver:  Solving for k, Initial residual = 0.0042605732, Final residual = 4.4231801e-05, No Iterations 2
bounding k, min: 1.0930212e-16 max: 0.36158576 average: 0.064309356
ExecutionTime = 406.02723 s  ClockTime = 407 s

Time = 271s

smoothSolver:  Solving for Ux, Initial residual = 0.0018950613, Final residual = 2.7736116e-05, No Iterations 3
smoothSolver:  Solving for Uy, Initial residual = 0.013460849, Final residual = 0.00020554788, No Iterations 3
smoothSolver:  Solving for Uz, Initial residual = 0.012621041, Final residual = 0.00018201349, No Iterations 3
GAMG:  Solving for p, Initial residual = 0.011409803, Final residual = 8.6095664e-05, No Iterations 3
GAMG:  Solving for p, Initial residual = 0.00028013728, Final residual = 1.9914617e-06, No Iterations 4
time step continuity errors : sum local = 2.3639794e-05, global = 1.0402054e-06, cumulative = -0.0002521543
smoothSolver:  Solving for omega, Initial residual = 0.00049640204, Final residual = 4.1331218e-06, No Iterations 2
smoothSolver:  Solving for k, Initial residual = 0.0042368758, Final residual = 4.3951595e-05, No Iterations 2
bounding k, min: 1.055048e-16 max: 0.36102819 average: 0.064284595
ExecutionTime = 407.55452 s  ClockTime = 408 s

Time = 272s

smoothSolver:  Solving for Ux, Initial residual = 0.0018815884, Final residual = 2.7596672e-05, No Iterations 3
smoothSolver:  Solving for Uy, Initial residual = 0.013432104, Final residual = 0.00020557889, No Iterations 3
smoothSolver:  Solving for Uz, Initial residual = 0.012554337, Final residual = 0.00018116925, No Iterations 3
GAMG:  Solving for p, Initial residual = 0.011307697, Final residual = 8.5049073e-05, No Iterations 3
GAMG:  Solving for p, Initial residual = 0.00028155956, Final residual = 1.9926374e-06, No Iterations 4
time step continuity errors : sum local = 2.3597113e-05, global = 1.8352958e-07, cumulative = -0.00025197077
smoothSolver:  Solving for omega, Initial residual = 0.00049365221, Final residual = 4.2519882e-06, No Iterations 2
smoothSolver:  Solving for k, Initial residual = 0.004218973, Final residual = 4.3804379e-05, No Iterations 2
bounding k, min: 1.0344653e-16 max: 0.3603515 average: 0.06425941
ExecutionTime = 409.02825 s  ClockTime = 410 s

Time = 273s

smoothSolver:  Solving for Ux, Initial residual = 0.001868595, Final residual = 2.7462028e-05, No Iterations 3
smoothSolver:  Solving for Uy, Initial residual = 0.013411912, Final residual = 0.00020563717, No Iterations 3
smoothSolver:  Solving for Uz, Initial residual = 0.012491444, Final residual = 0.00018046558, No Iterations 3
GAMG:  Solving for p, Initial residual = 0.011220204, Final residual = 8.2878541e-05, No Iterations 3
GAMG:  Solving for p, Initial residual = 0.0002793568, Final residual = 1.9667277e-06, No Iterations 4
time step continuity errors : sum local = 2.3251118e-05, global = -6.4026227e-08, cumulative = -0.00025203479
smoothSolver:  Solving for omega, Initial residual = 0.00049440495, Final residual = 4.1892817e-06, No Iterations 2
smoothSolver:  Solving for k, Initial residual = 0.0041971846, Final residual = 4.3541836e-05, No Iterations 2
bounding k, min: 1.0295326e-16 max: 0.35947568 average: 0.064235604
ExecutionTime = 410.28774 s  ClockTime = 411 s

Time = 274s

smoothSolver:  Solving for Ux, Initial residual = 0.0018561538, Final residual = 2.7329944e-05, No Iterations 3
smoothSolver:  Solving for Uy, Initial residual = 0.013400522, Final residual = 0.00020583721, No Iterations 3
smoothSolver:  Solving for Uz, Initial residual = 0.012430215, Final residual = 0.00017972763, No Iterations 3
GAMG:  Solving for p, Initial residual = 0.011141741, Final residual = 8.1389766e-05, No Iterations 3
GAMG:  Solving for p, Initial residual = 0.00027957269, Final residual = 1.9599988e-06, No Iterations 4
time step continuity errors : sum local = 2.3122464e-05, global = -2.9006959e-07, cumulative = -0.00025232486
smoothSolver:  Solving for omega, Initial residual = 0.00048997536, Final residual = 4.1674098e-06, No Iterations 2
smoothSolver:  Solving for k, Initial residual = 0.0041777813, Final residual = 4.333229e-05, No Iterations 2
bounding k, min: 1.0012675e-16 max: 0.35874164 average: 0.064211454
ExecutionTime = 411.57234 s  ClockTime = 412 s

Time = 275s

smoothSolver:  Solving for Ux, Initial residual = 0.0018448652, Final residual = 2.7202607e-05, No Iterations 3
smoothSolver:  Solving for Uy, Initial residual = 0.013390808, Final residual = 0.00020596133, No Iterations 3
smoothSolver:  Solving for Uz, Initial residual = 0.012373612, Final residual = 0.00017920178, No Iterations 3
GAMG:  Solving for p, Initial residual = 0.011045564, Final residual = 8.0724412e-05, No Iterations 3
GAMG:  Solving for p, Initial residual = 0.00028048574, Final residual = 1.9830149e-06, No Iterations 4
time step continuity errors : sum local = 2.335739e-05, global = -3.1442754e-07, cumulative = -0.00025263929
smoothSolver:  Solving for omega, Initial residual = 0.00048848169, Final residual = 4.1242888e-06, No Iterations 2
smoothSolver:  Solving for k, Initial residual = 0.0041529605, Final residual = 4.3125881e-05, No Iterations 2
bounding k, min: 9.6739108e-17 max: 0.35802349 average: 0.064188233
ExecutionTime = 412.92321 s  ClockTime = 413 s

Time = 276s

smoothSolver:  Solving for Ux, Initial residual = 0.0018342453, Final residual = 2.7073161e-05, No Iterations 3
smoothSolver:  Solving for Uy, Initial residual = 0.013385753, Final residual = 0.00020613512, No Iterations 3
smoothSolver:  Solving for Uz, Initial residual = 0.012324374, Final residual = 0.00017878633, No Iterations 3
GAMG:  Solving for p, Initial residual = 0.01096355, Final residual = 7.8789215e-05, No Iterations 3
GAMG:  Solving for p, Initial residual = 0.00028030239, Final residual = 1.9036619e-06, No Iterations 4
time step continuity errors : sum local = 2.235598e-05, global = -2.7948657e-07, cumulative = -0.00025291878
smoothSolver:  Solving for omega, Initial residual = 0.00048909548, Final residual = 4.2300546e-06, No Iterations 2
smoothSolver:  Solving for k, Initial residual = 0.0041331256, Final residual = 4.2960954e-05, No Iterations 2
bounding k, min: 9.4675022e-17 max: 0.35710955 average: 0.064164076
ExecutionTime = 414.31923 s  ClockTime = 415 s

Time = 277s

smoothSolver:  Solving for Ux, Initial residual = 0.0018245476, Final residual = 2.6942186e-05, No Iterations 3
smoothSolver:  Solving for Uy, Initial residual = 0.013383133, Final residual = 0.0002061596, No Iterations 3
smoothSolver:  Solving for Uz, Initial residual = 0.012278601, Final residual = 0.00017842126, No Iterations 3
GAMG:  Solving for p, Initial residual = 0.010890087, Final residual = 7.6590191e-05, No Iterations 3
GAMG:  Solving for p, Initial residual = 0.00027756854, Final residual = 1.7743515e-06, No Iterations 4
time step continuity errors : sum local = 2.0804984e-05, global = -2.1507599e-07, cumulative = -0.00025313385
smoothSolver:  Solving for omega, Initial residual = 0.00048823551, Final residual = 4.163655e-06, No Iterations 2
smoothSolver:  Solving for k, Initial residual = 0.0041160714, Final residual = 4.2764536e-05, No Iterations 2
bounding k, min: 9.3733625e-17 max: 0.35618281 average: 0.064140749
ExecutionTime = 415.71479 s  ClockTime = 416 s

Time = 278s

smoothSolver:  Solving for Ux, Initial residual = 0.0018153701, Final residual = 2.681037e-05, No Iterations 3
smoothSolver:  Solving for Uy, Initial residual = 0.01338325, Final residual = 0.00020609863, No Iterations 3
smoothSolver:  Solving for Uz, Initial residual = 0.012236352, Final residual = 0.00017800923, No Iterations 3
GAMG:  Solving for p, Initial residual = 0.010842471, Final residual = 7.4044294e-05, No Iterations 3
GAMG:  Solving for p, Initial residual = 0.0002725609, Final residual = 1.6343939e-06, No Iterations 4
time step continuity errors : sum local = 1.9100246e-05, global = -2.4128718e-07, cumulative = -0.00025337514
smoothSolver:  Solving for omega, Initial residual = 0.00048506457, Final residual = 4.1745554e-06, No Iterations 2
smoothSolver:  Solving for k, Initial residual = 0.0040966606, Final residual = 4.2633173e-05, No Iterations 2
bounding k, min: 9.350331e-17 max: 0.35519074 average: 0.064116944
ExecutionTime = 417.18614 s  ClockTime = 418 s

Time = 279s

smoothSolver:  Solving for Ux, Initial residual = 0.0018068685, Final residual = 2.668202e-05, No Iterations 3
smoothSolver:  Solving for Uy, Initial residual = 0.013378237, Final residual = 0.00020588473, No Iterations 3
smoothSolver:  Solving for Uz, Initial residual = 0.012194501, Final residual = 0.0001776918, No Iterations 3
GAMG:  Solving for p, Initial residual = 0.010791493, Final residual = 7.2152221e-05, No Iterations 3
GAMG:  Solving for p, Initial residual = 0.00026661339, Final residual = 1.4937563e-06, No Iterations 4
time step continuity errors : sum local = 1.7430993e-05, global = -2.0836498e-07, cumulative = -0.0002535835
smoothSolver:  Solving for omega, Initial residual = 0.00048632186, Final residual = 4.1154451e-06, No Iterations 2
smoothSolver:  Solving for k, Initial residual = 0.004073737, Final residual = 4.2428668e-05, No Iterations 2
bounding k, min: 9.2669325e-17 max: 0.35408185 average: 0.064093237
ExecutionTime = 418.96678 s  ClockTime = 420 s

Time = 280s

smoothSolver:  Solving for Ux, Initial residual = 0.0017984765, Final residual = 2.6555957e-05, No Iterations 3
smoothSolver:  Solving for Uy, Initial residual = 0.013369119, Final residual = 0.00020569436, No Iterations 3
smoothSolver:  Solving for Uz, Initial residual = 0.012146462, Final residual = 0.00017725229, No Iterations 3
GAMG:  Solving for p, Initial residual = 0.010735813, Final residual = 6.9887854e-05, No Iterations 3
GAMG:  Solving for p, Initial residual = 0.00025813444, Final residual = 1.4027002e-06, No Iterations 4
time step continuity errors : sum local = 1.6340363e-05, global = -1.886533e-07, cumulative = -0.00025377216
smoothSolver:  Solving for omega, Initial residual = 0.00048440002, Final residual = 4.1814518e-06, No Iterations 2
smoothSolver:  Solving for k, Initial residual = 0.0040534058, Final residual = 4.2247025e-05, No Iterations 2
bounding k, min: 9.167664e-17 max: 0.35298175 average: 0.064069124
ExecutionTime = 420.91461 s  ClockTime = 421 s

Time = 281s

smoothSolver:  Solving for Ux, Initial residual = 0.0017903613, Final residual = 2.6429673e-05, No Iterations 3
smoothSolver:  Solving for Uy, Initial residual = 0.013358632, Final residual = 0.00020541519, No Iterations 3
smoothSolver:  Solving for Uz, Initial residual = 0.012092545, Final residual = 0.00017671459, No Iterations 3
GAMG:  Solving for p, Initial residual = 0.010717206, Final residual = 6.8960501e-05, No Iterations 3
GAMG:  Solving for p, Initial residual = 0.00025277247, Final residual = 1.3682316e-06, No Iterations 4
time step continuity errors : sum local = 1.591439e-05, global = -2.5939103e-07, cumulative = -0.00025403155
smoothSolver:  Solving for omega, Initial residual = 0.00048245182, Final residual = 4.1088998e-06, No Iterations 2
smoothSolver:  Solving for k, Initial residual = 0.0040310142, Final residual = 4.2054707e-05, No Iterations 2
bounding k, min: 9.1365613e-17 max: 0.35184992 average: 0.064045482
ExecutionTime = 422.50912 s  ClockTime = 423 s

Time = 282s

smoothSolver:  Solving for Ux, Initial residual = 0.001782105, Final residual = 2.6300666e-05, No Iterations 3
smoothSolver:  Solving for Uy, Initial residual = 0.013347709, Final residual = 0.00020524327, No Iterations 3
smoothSolver:  Solving for Uz, Initial residual = 0.012038215, Final residual = 0.00017615031, No Iterations 3
GAMG:  Solving for p, Initial residual = 0.010678528, Final residual = 6.8107075e-05, No Iterations 3
GAMG:  Solving for p, Initial residual = 0.00024953915, Final residual = 1.3070209e-06, No Iterations 4
time step continuity errors : sum local = 1.5175027e-05, global = -4.201497e-07, cumulative = -0.0002544517
smoothSolver:  Solving for omega, Initial residual = 0.00048154645, Final residual = 4.1920756e-06, No Iterations 2
smoothSolver:  Solving for k, Initial residual = 0.0040114392, Final residual = 4.1897766e-05, No Iterations 2
bounding k, min: 9.1321397e-17 max: 0.35066458 average: 0.064020809
ExecutionTime = 424.12944 s  ClockTime = 425 s

Time = 283s

smoothSolver:  Solving for Ux, Initial residual = 0.0017737002, Final residual = 2.617056e-05, No Iterations 3
smoothSolver:  Solving for Uy, Initial residual = 0.013337004, Final residual = 0.00020504535, No Iterations 3
smoothSolver:  Solving for Uz, Initial residual = 0.011980721, Final residual = 0.00017555742, No Iterations 3
GAMG:  Solving for p, Initial residual = 0.010610465, Final residual = 6.7365246e-05, No Iterations 3
GAMG:  Solving for p, Initial residual = 0.00024697502, Final residual = 1.2220774e-06, No Iterations 4
time step continuity errors : sum local = 1.4163055e-05, global = -8.3426312e-07, cumulative = -0.00025528596
smoothSolver:  Solving for omega, Initial residual = 0.00048230352, Final residual = 4.1204906e-06, No Iterations 2
smoothSolver:  Solving for k, Initial residual = 0.003995998, Final residual = 4.1770579e-05, No Iterations 2
bounding k, min: 9.1229404e-17 max: 0.34945239 average: 0.063996424
ExecutionTime = 425.54274 s  ClockTime = 426 s

Time = 284s

smoothSolver:  Solving for Ux, Initial residual = 0.0017649007, Final residual = 2.6036363e-05, No Iterations 3
smoothSolver:  Solving for Uy, Initial residual = 0.01332564, Final residual = 0.00020483446, No Iterations 3
smoothSolver:  Solving for Uz, Initial residual = 0.011920609, Final residual = 0.00017499179, No Iterations 3
GAMG:  Solving for p, Initial residual = 0.010527117, Final residual = 6.5737985e-05, No Iterations 3
GAMG:  Solving for p, Initial residual = 0.00024387535, Final residual = 1.1534005e-06, No Iterations 4
time step continuity errors : sum local = 1.3340408e-05, global = -1.1170843e-06, cumulative = -0.00025640305
smoothSolver:  Solving for omega, Initial residual = 0.00048059848, Final residual = 4.1616887e-06, No Iterations 2
smoothSolver:  Solving for k, Initial residual = 0.0039772254, Final residual = 4.1558822e-05, No Iterations 2
bounding k, min: 9.1418373e-17 max: 0.350362 average: 0.063971499
ExecutionTime = 427.07478 s  ClockTime = 428 s

Time = 285s

smoothSolver:  Solving for Ux, Initial residual = 0.0017559721, Final residual = 2.5900087e-05, No Iterations 3
smoothSolver:  Solving for Uy, Initial residual = 0.013313363, Final residual = 0.0002046376, No Iterations 3
smoothSolver:  Solving for Uz, Initial residual = 0.011863547, Final residual = 0.00017447437, No Iterations 3
GAMG:  Solving for p, Initial residual = 0.010475826, Final residual = 6.4749955e-05, No Iterations 3
GAMG:  Solving for p, Initial residual = 0.00024045084, Final residual = 1.1188294e-06, No Iterations 4
time step continuity errors : sum local = 1.2915096e-05, global = -1.0605322e-06, cumulative = -0.00025746358
smoothSolver:  Solving for omega, Initial residual = 0.0004802541, Final residual = 4.1199521e-06, No Iterations 2
smoothSolver:  Solving for k, Initial residual = 0.003964824, Final residual = 4.1510198e-05, No Iterations 2
bounding k, min: 9.1404887e-17 max: 0.35139031 average: 0.063945777
ExecutionTime = 428.32608 s  ClockTime = 429 s

Time = 286s

smoothSolver:  Solving for Ux, Initial residual = 0.0017464431, Final residual = 2.5763248e-05, No Iterations 3
smoothSolver:  Solving for Uy, Initial residual = 0.013302286, Final residual = 0.00020434541, No Iterations 3
smoothSolver:  Solving for Uz, Initial residual = 0.011816083, Final residual = 0.000174024, No Iterations 3
GAMG:  Solving for p, Initial residual = 0.010423046, Final residual = 6.372258e-05, No Iterations 3
GAMG:  Solving for p, Initial residual = 0.00023454524, Final residual = 1.0463415e-06, No Iterations 4
time step continuity errors : sum local = 1.2054627e-05, global = -1.0807977e-06, cumulative = -0.00025854438
smoothSolver:  Solving for omega, Initial residual = 0.00047753228, Final residual = 4.1381276e-06, No Iterations 2
smoothSolver:  Solving for k, Initial residual = 0.0039431699, Final residual = 4.1272701e-05, No Iterations 2
bounding k, min: 9.1245832e-17 max: 0.35249616 average: 0.063920885
ExecutionTime = 429.75008 s  ClockTime = 430 s

Time = 287s

smoothSolver:  Solving for Ux, Initial residual = 0.0017368829, Final residual = 2.5626415e-05, No Iterations 3
smoothSolver:  Solving for Uy, Initial residual = 0.013286161, Final residual = 0.000204076, No Iterations 3
smoothSolver:  Solving for Uz, Initial residual = 0.011763643, Final residual = 0.00017356637, No Iterations 3
GAMG:  Solving for p, Initial residual = 0.010388576, Final residual = 6.3131503e-05, No Iterations 3
GAMG:  Solving for p, Initial residual = 0.00022965364, Final residual = 1.013988e-06, No Iterations 4
time step continuity errors : sum local = 1.1655414e-05, global = -1.3337478e-06, cumulative = -0.00025987812
smoothSolver:  Solving for omega, Initial residual = 0.00047721495, Final residual = 4.07403e-06, No Iterations 2
smoothSolver:  Solving for k, Initial residual = 0.0039256513, Final residual = 4.1162872e-05, No Iterations 2
bounding k, min: 9.1454985e-17 max: 0.35349344 average: 0.063895651
ExecutionTime = 431.03375 s  ClockTime = 432 s

Time = 288s

smoothSolver:  Solving for Ux, Initial residual = 0.0017265129, Final residual = 2.5483884e-05, No Iterations 3
smoothSolver:  Solving for Uy, Initial residual = 0.013272301, Final residual = 0.00020375837, No Iterations 3
smoothSolver:  Solving for Uz, Initial residual = 0.0117167, Final residual = 0.00017323303, No Iterations 3
GAMG:  Solving for p, Initial residual = 0.010321197, Final residual = 6.2484713e-05, No Iterations 3
GAMG:  Solving for p, Initial residual = 0.00022639238, Final residual = 9.8770308e-07, No Iterations 4
time step continuity errors : sum local = 1.1328022e-05, global = -1.5435417e-06, cumulative = -0.00026142167
smoothSolver:  Solving for omega, Initial residual = 0.00047622125, Final residual = 4.1954534e-06, No Iterations 2
smoothSolver:  Solving for k, Initial residual = 0.0039069754, Final residual = 4.097759e-05, No Iterations 2
bounding k, min: 9.1479464e-17 max: 0.35454451 average: 0.063869905
ExecutionTime = 432.40945 s  ClockTime = 433 s

Time = 289s

smoothSolver:  Solving for Ux, Initial residual = 0.0017158888, Final residual = 2.5341386e-05, No Iterations 3
smoothSolver:  Solving for Uy, Initial residual = 0.013258059, Final residual = 0.00020344856, No Iterations 3
smoothSolver:  Solving for Uz, Initial residual = 0.011662269, Final residual = 0.00017285678, No Iterations 3
GAMG:  Solving for p, Initial residual = 0.010251761, Final residual = 6.234649e-05, No Iterations 3
GAMG:  Solving for p, Initial residual = 0.00022566884, Final residual = 1.0297789e-06, No Iterations 4
time step continuity errors : sum local = 1.1785175e-05, global = -1.931301e-06, cumulative = -0.00026335297
smoothSolver:  Solving for omega, Initial residual = 0.00047374116, Final residual = 4.1014387e-06, No Iterations 2
smoothSolver:  Solving for k, Initial residual = 0.0038866622, Final residual = 4.0815528e-05, No Iterations 2
bounding k, min: 9.1588891e-17 max: 0.35552228 average: 0.063844915
ExecutionTime = 434.25774 s  ClockTime = 435 s

Time = 290s

smoothSolver:  Solving for Ux, Initial residual = 0.0017048597, Final residual = 2.5197466e-05, No Iterations 3
smoothSolver:  Solving for Uy, Initial residual = 0.013243564, Final residual = 0.00020307911, No Iterations 3
smoothSolver:  Solving for Uz, Initial residual = 0.011612314, Final residual = 0.00017251601, No Iterations 3
GAMG:  Solving for p, Initial residual = 0.010176351, Final residual = 6.1912337e-05, No Iterations 3
GAMG:  Solving for p, Initial residual = 0.00022447647, Final residual = 1.0780465e-06, No Iterations 4
time step continuity errors : sum local = 1.2308197e-05, global = -2.4262918e-06, cumulative = -0.00026577926
smoothSolver:  Solving for omega, Initial residual = 0.00047236458, Final residual = 4.1095536e-06, No Iterations 2
smoothSolver:  Solving for k, Initial residual = 0.0038648666, Final residual = 4.0573214e-05, No Iterations 2
bounding k, min: 9.145726e-17 max: 0.35639121 average: 0.063819653
ExecutionTime = 436.21168 s  ClockTime = 437 s

Time = 291s

smoothSolver:  Solving for Ux, Initial residual = 0.0016940368, Final residual = 2.5055826e-05, No Iterations 3
smoothSolver:  Solving for Uy, Initial residual = 0.013224174, Final residual = 0.00020273066, No Iterations 3
smoothSolver:  Solving for Uz, Initial residual = 0.011556263, Final residual = 0.00017209006, No Iterations 3
GAMG:  Solving for p, Initial residual = 0.010118457, Final residual = 6.1722295e-05, No Iterations 3
GAMG:  Solving for p, Initial residual = 0.00022300944, Final residual = 1.1711662e-06, No Iterations 4
time step continuity errors : sum local = 1.3340948e-05, global = -2.3789165e-06, cumulative = -0.00026815818
smoothSolver:  Solving for omega, Initial residual = 0.00047538482, Final residual = 4.0994958e-06, No Iterations 2
smoothSolver:  Solving for k, Initial residual = 0.0038448581, Final residual = 4.0411142e-05, No Iterations 2
bounding k, min: 9.1461114e-17 max: 0.35731621 average: 0.063793998
ExecutionTime = 438.07558 s  ClockTime = 439 s

Time = 292s

smoothSolver:  Solving for Ux, Initial residual = 0.0016832206, Final residual = 2.4915895e-05, No Iterations 3
smoothSolver:  Solving for Uy, Initial residual = 0.013203548, Final residual = 0.00020239954, No Iterations 3
smoothSolver:  Solving for Uz, Initial residual = 0.011498414, Final residual = 0.00017166751, No Iterations 3
GAMG:  Solving for p, Initial residual = 0.010048167, Final residual = 6.2294795e-05, No Iterations 3
GAMG:  Solving for p, Initial residual = 0.00021975717, Final residual = 1.1605991e-06, No Iterations 4
time step continuity errors : sum local = 1.3188282e-05, global = -2.3859009e-06, cumulative = -0.00027054408
smoothSolver:  Solving for omega, Initial residual = 0.00047219526, Final residual = 4.1461403e-06, No Iterations 2
smoothSolver:  Solving for k, Initial residual = 0.0038222485, Final residual = 4.0183054e-05, No Iterations 2
bounding k, min: 9.1738998e-17 max: 0.35805864 average: 0.063768341
ExecutionTime = 439.66714 s  ClockTime = 440 s

Time = 293s

smoothSolver:  Solving for Ux, Initial residual = 0.001672525, Final residual = 2.4775525e-05, No Iterations 3
smoothSolver:  Solving for Uy, Initial residual = 0.013182284, Final residual = 0.00020202501, No Iterations 3
smoothSolver:  Solving for Uz, Initial residual = 0.011443505, Final residual = 0.00017126448, No Iterations 3
GAMG:  Solving for p, Initial residual = 0.0099702441, Final residual = 6.2366395e-05, No Iterations 3
GAMG:  Solving for p, Initial residual = 0.0002173288, Final residual = 1.2334822e-06, No Iterations 4
time step continuity errors : sum local = 1.3988359e-05, global = -2.3322659e-06, cumulative = -0.00027287634
smoothSolver:  Solving for omega, Initial residual = 0.00046813243, Final residual = 4.0399347e-06, No Iterations 2
smoothSolver:  Solving for k, Initial residual = 0.0038007114, Final residual = 4.0018576e-05, No Iterations 2
bounding k, min: 9.2605988e-17 max: 0.35885785 average: 0.063743102
ExecutionTime = 441.40358 s  ClockTime = 442 s

Time = 294s

smoothSolver:  Solving for Ux, Initial residual = 0.0016617672, Final residual = 2.4633716e-05, No Iterations 3
smoothSolver:  Solving for Uy, Initial residual = 0.013157604, Final residual = 0.00020159729, No Iterations 3
smoothSolver:  Solving for Uz, Initial residual = 0.01139043, Final residual = 0.00017089898, No Iterations 3
GAMG:  Solving for p, Initial residual = 0.0098711504, Final residual = 6.224682e-05, No Iterations 3
GAMG:  Solving for p, Initial residual = 0.00021369778, Final residual = 1.2161699e-06, No Iterations 4
time step continuity errors : sum local = 1.3766896e-05, global = -2.3906885e-06, cumulative = -0.00027526703
smoothSolver:  Solving for omega, Initial residual = 0.00046711126, Final residual = 4.1046952e-06, No Iterations 2
smoothSolver:  Solving for k, Initial residual = 0.0037801666, Final residual = 3.9801942e-05, No Iterations 2
bounding k, min: 9.3775494e-17 max: 0.36013698 average: 0.063717278
ExecutionTime = 443.2617 s  ClockTime = 444 s

Time = 295s

smoothSolver:  Solving for Ux, Initial residual = 0.0016515985, Final residual = 2.4491213e-05, No Iterations 3
smoothSolver:  Solving for Uy, Initial residual = 0.013129202, Final residual = 0.00020115332, No Iterations 3
smoothSolver:  Solving for Uz, Initial residual = 0.011336328, Final residual = 0.00017048345, No Iterations 3
GAMG:  Solving for p, Initial residual = 0.009824451, Final residual = 6.2060426e-05, No Iterations 3
GAMG:  Solving for p, Initial residual = 0.00021128891, Final residual = 1.2597529e-06, No Iterations 4
time step continuity errors : sum local = 1.4233488e-05, global = -2.4314578e-06, cumulative = -0.00027769849
smoothSolver:  Solving for omega, Initial residual = 0.0004680568, Final residual = 4.0505271e-06, No Iterations 2
smoothSolver:  Solving for k, Initial residual = 0.003760045, Final residual = 3.9615776e-05, No Iterations 2
bounding k, min: 9.3997046e-17 max: 0.36136054 average: 0.063691895
ExecutionTime = 445.0145 s  ClockTime = 446 s

Time = 296s

smoothSolver:  Solving for Ux, Initial residual = 0.0016412643, Final residual = 2.4348358e-05, No Iterations 3
smoothSolver:  Solving for Uy, Initial residual = 0.013101145, Final residual = 0.00020073985, No Iterations 3
smoothSolver:  Solving for Uz, Initial residual = 0.011286695, Final residual = 0.00017015998, No Iterations 3
GAMG:  Solving for p, Initial residual = 0.0097694358, Final residual = 6.1925412e-05, No Iterations 3
GAMG:  Solving for p, Initial residual = 0.00020895323, Final residual = 1.2701321e-06, No Iterations 4
time step continuity errors : sum local = 1.4325448e-05, global = -2.5817417e-06, cumulative = -0.00028028023
smoothSolver:  Solving for omega, Initial residual = 0.00046558872, Final residual = 4.0858153e-06, No Iterations 2
smoothSolver:  Solving for k, Initial residual = 0.0037404929, Final residual = 3.9410701e-05, No Iterations 2
bounding k, min: 9.5183577e-17 max: 0.36238487 average: 0.063666567
ExecutionTime = 446.54751 s  ClockTime = 447 s

Time = 297s

smoothSolver:  Solving for Ux, Initial residual = 0.0016309082, Final residual = 2.4204188e-05, No Iterations 3
smoothSolver:  Solving for Uy, Initial residual = 0.013073526, Final residual = 0.00020029475, No Iterations 3
smoothSolver:  Solving for Uz, Initial residual = 0.011237795, Final residual = 0.00016983161, No Iterations 3
GAMG:  Solving for p, Initial residual = 0.0097097014, Final residual = 6.1563596e-05, No Iterations 3
GAMG:  Solving for p, Initial residual = 0.0002078187, Final residual = 1.341875e-06, No Iterations 4
time step continuity errors : sum local = 1.5108641e-05, global = -2.8296632e-06, cumulative = -0.00028310989
smoothSolver:  Solving for omega, Initial residual = 0.00046598776, Final residual = 4.0380217e-06, No Iterations 2
smoothSolver:  Solving for k, Initial residual = 0.0037217334, Final residual = 3.9202974e-05, No Iterations 2
bounding k, min: 9.7890319e-17 max: 0.36339129 average: 0.063641487
ExecutionTime = 448.00708 s  ClockTime = 449 s

Time = 298s

smoothSolver:  Solving for Ux, Initial residual = 0.0016202824, Final residual = 2.4059562e-05, No Iterations 3
smoothSolver:  Solving for Uy, Initial residual = 0.013050895, Final residual = 0.00019987202, No Iterations 3
smoothSolver:  Solving for Uz, Initial residual = 0.011192886, Final residual = 0.0001695215, No Iterations 3
GAMG:  Solving for p, Initial residual = 0.0096387562, Final residual = 6.075686e-05, No Iterations 3
GAMG:  Solving for p, Initial residual = 0.00020588207, Final residual = 1.3768362e-06, No Iterations 4
time step continuity errors : sum local = 1.5471777e-05, global = -2.97808e-06, cumulative = -0.00028608797
smoothSolver:  Solving for omega, Initial residual = 0.00046427563, Final residual = 4.0519684e-06, No Iterations 2
smoothSolver:  Solving for k, Initial residual = 0.0037057116, Final residual = 3.9032907e-05, No Iterations 2
bounding k, min: 1.0327777e-16 max: 0.36414842 average: 0.063616394
ExecutionTime = 449.45531 s  ClockTime = 450 s

Time = 299s

smoothSolver:  Solving for Ux, Initial residual = 0.0016094078, Final residual = 2.3915204e-05, No Iterations 3
smoothSolver:  Solving for Uy, Initial residual = 0.013026003, Final residual = 0.00019936215, No Iterations 3
smoothSolver:  Solving for Uz, Initial residual = 0.011145107, Final residual = 0.00016920585, No Iterations 3
GAMG:  Solving for p, Initial residual = 0.0095741798, Final residual = 6.0624064e-05, No Iterations 3
GAMG:  Solving for p, Initial residual = 0.00020563976, Final residual = 1.5129107e-06, No Iterations 4
time step continuity errors : sum local = 1.6972929e-05, global = -2.9946808e-06, cumulative = -0.00028908265
smoothSolver:  Solving for omega, Initial residual = 0.0004631837, Final residual = 4.0332123e-06, No Iterations 2
smoothSolver:  Solving for k, Initial residual = 0.0036895499, Final residual = 3.8852496e-05, No Iterations 2
bounding k, min: 1.113665e-16 max: 0.3649428 average: 0.063591533
ExecutionTime = 450.8172 s  ClockTime = 451 s

Time = 300s

smoothSolver:  Solving for Ux, Initial residual = 0.0015981878, Final residual = 2.3766515e-05, No Iterations 3
smoothSolver:  Solving for Uy, Initial residual = 0.013008266, Final residual = 0.00019885583, No Iterations 3
smoothSolver:  Solving for Uz, Initial residual = 0.01110046, Final residual = 0.00016887089, No Iterations 3
GAMG:  Solving for p, Initial residual = 0.0095396847, Final residual = 6.1351147e-05, No Iterations 3
GAMG:  Solving for p, Initial residual = 0.00020632014, Final residual = 1.6711468e-06, No Iterations 4
time step continuity errors : sum local = 1.8710508e-05, global = -2.1369394e-06, cumulative = -0.00029121959
smoothSolver:  Solving for omega, Initial residual = 0.00046143891, Final residual = 4.1039706e-06, No Iterations 2
smoothSolver:  Solving for k, Initial residual = 0.0036714586, Final residual = 3.8603062e-05, No Iterations 2
bounding k, min: 1.1173593e-16 max: 0.36550176 average: 0.063566319
ExecutionTime = 452.31253 s  ClockTime = 453 s

Time = 301s

smoothSolver:  Solving for Ux, Initial residual = 0.0015868836, Final residual = 2.3613739e-05, No Iterations 3
smoothSolver:  Solving for Uy, Initial residual = 0.012985845, Final residual = 0.00019830154, No Iterations 3
smoothSolver:  Solving for Uz, Initial residual = 0.011052745, Final residual = 0.00016849333, No Iterations 3
GAMG:  Solving for p, Initial residual = 0.0094685113, Final residual = 6.2202923e-05, No Iterations 3
GAMG:  Solving for p, Initial residual = 0.00020767101, Final residual = 1.8492894e-06, No Iterations 4
time step continuity errors : sum local = 2.0669633e-05, global = -2.0184434e-06, cumulative = -0.00029323804
smoothSolver:  Solving for omega, Initial residual = 0.00045846489, Final residual = 4.0163046e-06, No Iterations 2
smoothSolver:  Solving for k, Initial residual = 0.0036547163, Final residual = 3.8454758e-05, No Iterations 2
bounding k, min: 1.1582235e-16 max: 0.36603011 average: 0.063541743
ExecutionTime = 454.01295 s  ClockTime = 455 s

Time = 302s

smoothSolver:  Solving for Ux, Initial residual = 0.0015753872, Final residual = 2.345466e-05, No Iterations 3
smoothSolver:  Solving for Uy, Initial residual = 0.012973673, Final residual = 0.00019776131, No Iterations 3
smoothSolver:  Solving for Uz, Initial residual = 0.011009556, Final residual = 0.00016814398, No Iterations 3
GAMG:  Solving for p, Initial residual = 0.0093758146, Final residual = 6.2644025e-05, No Iterations 3
GAMG:  Solving for p, Initial residual = 0.00020784237, Final residual = 1.9564362e-06, No Iterations 4
time step continuity errors : sum local = 2.1838006e-05, global = -1.9387358e-06, cumulative = -0.00029517677
smoothSolver:  Solving for omega, Initial residual = 0.00045646859, Final residual = 4.0364188e-06, No Iterations 2
smoothSolver:  Solving for k, Initial residual = 0.003637938, Final residual = 3.8193595e-05, No Iterations 2
bounding k, min: 1.2093876e-16 max: 0.36641219 average: 0.063516818
ExecutionTime = 455.68987 s  ClockTime = 456 s

Time = 303s

smoothSolver:  Solving for Ux, Initial residual = 0.0015639006, Final residual = 2.3289348e-05, No Iterations 3
smoothSolver:  Solving for Uy, Initial residual = 0.012957983, Final residual = 0.00019724889, No Iterations 3
smoothSolver:  Solving for Uz, Initial residual = 0.010963939, Final residual = 0.00016768893, No Iterations 3
GAMG:  Solving for p, Initial residual = 0.0093003451, Final residual = 6.2906773e-05, No Iterations 3
GAMG:  Solving for p, Initial residual = 0.00020830936, Final residual = 2.0260353e-06, No Iterations 4
time step continuity errors : sum local = 2.258171e-05, global = -1.9725964e-06, cumulative = -0.00029714937
smoothSolver:  Solving for omega, Initial residual = 0.00046061126, Final residual = 4.0358217e-06, No Iterations 2
smoothSolver:  Solving for k, Initial residual = 0.0036195159, Final residual = 3.797955e-05, No Iterations 2
bounding k, min: 1.2552636e-16 max: 0.36673955 average: 0.063491692
ExecutionTime = 457.29769 s  ClockTime = 458 s

Time = 304s

smoothSolver:  Solving for Ux, Initial residual = 0.0015526842, Final residual = 2.3118179e-05, No Iterations 3
smoothSolver:  Solving for Uy, Initial residual = 0.012949158, Final residual = 0.00019679929, No Iterations 3
smoothSolver:  Solving for Uz, Initial residual = 0.010919416, Final residual = 0.00016717395, No Iterations 3
GAMG:  Solving for p, Initial residual = 0.0092169584, Final residual = 6.3303638e-05, No Iterations 3
GAMG:  Solving for p, Initial residual = 0.00020765413, Final residual = 1.9938654e-06, No Iterations 4
time step continuity errors : sum local = 2.2190913e-05, global = -1.9041369e-06, cumulative = -0.00029905351
smoothSolver:  Solving for omega, Initial residual = 0.00045753527, Final residual = 4.0050409e-06, No Iterations 2
smoothSolver:  Solving for k, Initial residual = 0.0036035045, Final residual = 3.7743207e-05, No Iterations 2
bounding k, min: 1.3024288e-16 max: 0.36693932 average: 0.063466602
ExecutionTime = 458.58873 s  ClockTime = 459 s

Time = 305s

smoothSolver:  Solving for Ux, Initial residual = 0.0015414989, Final residual = 2.2940904e-05, No Iterations 3
smoothSolver:  Solving for Uy, Initial residual = 0.012939023, Final residual = 0.00019645202, No Iterations 3
smoothSolver:  Solving for Uz, Initial residual = 0.010873818, Final residual = 0.00016653904, No Iterations 3
GAMG:  Solving for p, Initial residual = 0.0091469637, Final residual = 6.3949971e-05, No Iterations 3
GAMG:  Solving for p, Initial residual = 0.00020753406, Final residual = 1.9497358e-06, No Iterations 4
time step continuity errors : sum local = 2.1669958e-05, global = -1.8397271e-06, cumulative = -0.00030089323
smoothSolver:  Solving for omega, Initial residual = 0.00045415606, Final residual = 3.9324829e-06, No Iterations 2
smoothSolver:  Solving for k, Initial residual = 0.0035849966, Final residual = 3.7474341e-05, No Iterations 2
bounding k, min: 1.3447339e-16 max: 0.36711968 average: 0.063441986
ExecutionTime = 459.86716 s  ClockTime = 460 s

Time = 306s

smoothSolver:  Solving for Ux, Initial residual = 0.0015302717, Final residual = 2.2756727e-05, No Iterations 3
smoothSolver:  Solving for Uy, Initial residual = 0.01292851, Final residual = 0.0001960869, No Iterations 3
smoothSolver:  Solving for Uz, Initial residual = 0.010830053, Final residual = 0.00016592897, No Iterations 3
GAMG:  Solving for p, Initial residual = 0.0090825128, Final residual = 6.4768271e-05, No Iterations 3
GAMG:  Solving for p, Initial residual = 0.00020679669, Final residual = 1.828579e-06, No Iterations 4
time step continuity errors : sum local = 2.0294561e-05, global = -1.8100893e-06, cumulative = -0.00030270332
smoothSolver:  Solving for omega, Initial residual = 0.00045325269, Final residual = 4.0320267e-06, No Iterations 2
smoothSolver:  Solving for k, Initial residual = 0.0035678939, Final residual = 3.719121e-05, No Iterations 2
bounding k, min: 1.3765719e-16 max: 0.36721484 average: 0.063416623
ExecutionTime = 461.18235 s  ClockTime = 462 s

Time = 307s

smoothSolver:  Solving for Ux, Initial residual = 0.0015188605, Final residual = 2.2565634e-05, No Iterations 3
smoothSolver:  Solving for Uy, Initial residual = 0.012912191, Final residual = 0.00019567944, No Iterations 3
smoothSolver:  Solving for Uz, Initial residual = 0.010785421, Final residual = 0.00016529265, No Iterations 3
GAMG:  Solving for p, Initial residual = 0.0090327935, Final residual = 6.6407376e-05, No Iterations 3
GAMG:  Solving for p, Initial residual = 0.00020702582, Final residual = 1.7179472e-06, No Iterations 4
time step continuity errors : sum local = 1.9041146e-05, global = -1.8942425e-06, cumulative = -0.00030459756
smoothSolver:  Solving for omega, Initial residual = 0.00045424995, Final residual = 3.9550545e-06, No Iterations 2
smoothSolver:  Solving for k, Initial residual = 0.0035508155, Final residual = 3.6982549e-05, No Iterations 2
bounding k, min: 1.3949095e-16 max: 0.36718175 average: 0.06339149
ExecutionTime = 462.54679 s  ClockTime = 463 s

Time = 308s

smoothSolver:  Solving for Ux, Initial residual = 0.0015075405, Final residual = 2.237148e-05, No Iterations 3
smoothSolver:  Solving for Uy, Initial residual = 0.012891123, Final residual = 0.00019520871, No Iterations 3
smoothSolver:  Solving for Uz, Initial residual = 0.010748417, Final residual = 0.00016474375, No Iterations 3
GAMG:  Solving for p, Initial residual = 0.0090267524, Final residual = 6.8667866e-05, No Iterations 3
GAMG:  Solving for p, Initial residual = 0.0002080478, Final residual = 1.6571116e-06, No Iterations 4
time step continuity errors : sum local = 1.8344294e-05, global = -2.0780207e-06, cumulative = -0.00030667559
smoothSolver:  Solving for omega, Initial residual = 0.00045394254, Final residual = 4.0199774e-06, No Iterations 2
smoothSolver:  Solving for k, Initial residual = 0.0035363239, Final residual = 3.6733005e-05, No Iterations 2
bounding k, min: 1.3979482e-16 max: 0.36719115 average: 0.063366047
ExecutionTime = 463.86925 s  ClockTime = 464 s

Time = 309s

smoothSolver:  Solving for Ux, Initial residual = 0.0014962275, Final residual = 2.2170946e-05, No Iterations 3
smoothSolver:  Solving for Uy, Initial residual = 0.01286409, Final residual = 0.00019467077, No Iterations 3
smoothSolver:  Solving for Uz, Initial residual = 0.010714401, Final residual = 0.00016423399, No Iterations 3
GAMG:  Solving for p, Initial residual = 0.0090342283, Final residual = 7.1221674e-05, No Iterations 3
GAMG:  Solving for p, Initial residual = 0.00021052038, Final residual = 1.6508112e-06, No Iterations 4
time step continuity errors : sum local = 1.8248425e-05, global = -2.5799224e-06, cumulative = -0.00030925551
smoothSolver:  Solving for omega, Initial residual = 0.00045421946, Final residual = 3.9788582e-06, No Iterations 2
smoothSolver:  Solving for k, Initial residual = 0.0035236694, Final residual = 3.654015e-05, No Iterations 2
bounding k, min: 1.388467e-16 max: 0.36712478 average: 0.06333974
ExecutionTime = 465.11932 s  ClockTime = 466 s

Time = 310s

smoothSolver:  Solving for Ux, Initial residual = 0.0014846424, Final residual = 2.1964574e-05, No Iterations 3
smoothSolver:  Solving for Uy, Initial residual = 0.012835016, Final residual = 0.00019397447, No Iterations 3
smoothSolver:  Solving for Uz, Initial residual = 0.010692821, Final residual = 0.00016388806, No Iterations 3
GAMG:  Solving for p, Initial residual = 0.0090667722, Final residual = 7.3488066e-05, No Iterations 3
GAMG:  Solving for p, Initial residual = 0.00021241247, Final residual = 1.6597921e-06, No Iterations 4
time step continuity errors : sum local = 1.8326614e-05, global = -3.0923731e-06, cumulative = -0.00031234788
smoothSolver:  Solving for omega, Initial residual = 0.00045206147, Final residual = 3.9754952e-06, No Iterations 2
smoothSolver:  Solving for k, Initial residual = 0.0035129511, Final residual = 3.633993e-05, No Iterations 2
bounding k, min: 1.3708616e-16 max: 0.37068619 average: 0.063312958
ExecutionTime = 466.3255 s  ClockTime = 467 s

Time = 311s

smoothSolver:  Solving for Ux, Initial residual = 0.0014727438, Final residual = 2.1753112e-05, No Iterations 3
smoothSolver:  Solving for Uy, Initial residual = 0.012794249, Final residual = 0.00019306734, No Iterations 3
smoothSolver:  Solving for Uz, Initial residual = 0.010672961, Final residual = 0.00016360282, No Iterations 3
GAMG:  Solving for p, Initial residual = 0.0090806291, Final residual = 7.5618238e-05, No Iterations 3
GAMG:  Solving for p, Initial residual = 0.00021442232, Final residual = 1.667609e-06, No Iterations 4
time step continuity errors : sum local = 1.8391065e-05, global = -3.3982842e-06, cumulative = -0.00031574617
smoothSolver:  Solving for omega, Initial residual = 0.00045178323, Final residual = 3.9058401e-06, No Iterations 2
smoothSolver:  Solving for k, Initial residual = 0.0034987027, Final residual = 3.6122348e-05, No Iterations 2
bounding k, min: 1.3514294e-16 max: 0.37574782 average: 0.063286127
ExecutionTime = 467.59913 s  ClockTime = 468 s

Time = 312s

smoothSolver:  Solving for Ux, Initial residual = 0.0014604648, Final residual = 2.1536054e-05, No Iterations 3
smoothSolver:  Solving for Uy, Initial residual = 0.012743392, Final residual = 0.0001920245, No Iterations 3
smoothSolver:  Solving for Uz, Initial residual = 0.010660201, Final residual = 0.00016339097, No Iterations 3
GAMG:  Solving for p, Initial residual = 0.0090799347, Final residual = 7.7108415e-05, No Iterations 3
GAMG:  Solving for p, Initial residual = 0.00021607111, Final residual = 1.6451122e-06, No Iterations 4
time step continuity errors : sum local = 1.8120484e-05, global = -3.3775243e-06, cumulative = -0.00031912369
smoothSolver:  Solving for omega, Initial residual = 0.0004518735, Final residual = 4.0205705e-06, No Iterations 2
smoothSolver:  Solving for k, Initial residual = 0.0034822447, Final residual = 3.5828606e-05, No Iterations 2
bounding k, min: 1.3353657e-16 max: 0.38079028 average: 0.063258641
ExecutionTime = 468.97558 s  ClockTime = 470 s

Time = 313s

smoothSolver:  Solving for Ux, Initial residual = 0.0014480461, Final residual = 2.1312893e-05, No Iterations 3
smoothSolver:  Solving for Uy, Initial residual = 0.012678955, Final residual = 0.00019083383, No Iterations 3
smoothSolver:  Solving for Uz, Initial residual = 0.010653956, Final residual = 0.00016318012, No Iterations 3
GAMG:  Solving for p, Initial residual = 0.0091322366, Final residual = 7.7845999e-05, No Iterations 3
GAMG:  Solving for p, Initial residual = 0.00021668101, Final residual = 1.6865847e-06, No Iterations 4
time step continuity errors : sum local = 1.8553105e-05, global = -3.3738562e-06, cumulative = -0.00032249755
smoothSolver:  Solving for omega, Initial residual = 0.00044895879, Final residual = 3.9154723e-06, No Iterations 2
smoothSolver:  Solving for k, Initial residual = 0.0034647787, Final residual = 3.5593024e-05, No Iterations 2
bounding k, min: 1.3283285e-16 max: 0.38580766 average: 0.063230635
ExecutionTime = 470.24528 s  ClockTime = 471 s

Time = 314s

smoothSolver:  Solving for Ux, Initial residual = 0.0014355499, Final residual = 2.1088053e-05, No Iterations 3
smoothSolver:  Solving for Uy, Initial residual = 0.012604537, Final residual = 0.00018944682, No Iterations 3
smoothSolver:  Solving for Uz, Initial residual = 0.010649595, Final residual = 0.00016304826, No Iterations 3
GAMG:  Solving for p, Initial residual = 0.0091610048, Final residual = 7.7984826e-05, No Iterations 3
GAMG:  Solving for p, Initial residual = 0.00021700706, Final residual = 1.6560441e-06, No Iterations 4
time step continuity errors : sum local = 1.8194628e-05, global = -3.3054286e-06, cumulative = -0.00032580297
smoothSolver:  Solving for omega, Initial residual = 0.00044688443, Final residual = 3.902214e-06, No Iterations 2
smoothSolver:  Solving for k, Initial residual = 0.0034492561, Final residual = 3.5391792e-05, No Iterations 2
bounding k, min: 1.246486e-16 max: 0.39092961 average: 0.063201935
ExecutionTime = 471.50138 s  ClockTime = 472 s

Time = 315s

smoothSolver:  Solving for Ux, Initial residual = 0.0014230297, Final residual = 2.0859072e-05, No Iterations 3
smoothSolver:  Solving for Uy, Initial residual = 0.012520947, Final residual = 0.0001878796, No Iterations 3
smoothSolver:  Solving for Uz, Initial residual = 0.010651178, Final residual = 0.00016288484, No Iterations 3
GAMG:  Solving for p, Initial residual = 0.0091969096, Final residual = 7.8187525e-05, No Iterations 3
GAMG:  Solving for p, Initial residual = 0.00021814127, Final residual = 1.6377667e-06, No Iterations 4
time step continuity errors : sum local = 1.7969532e-05, global = -3.2031675e-06, cumulative = -0.00032900614
smoothSolver:  Solving for omega, Initial residual = 0.00044921185, Final residual = 3.880802e-06, No Iterations 2
smoothSolver:  Solving for k, Initial residual = 0.0034353682, Final residual = 3.5224983e-05, No Iterations 2
bounding k, min: 1.1547741e-16 max: 0.3958893 average: 0.063172857
ExecutionTime = 472.87553 s  ClockTime = 473 s

Time = 316s

smoothSolver:  Solving for Ux, Initial residual = 0.0014103845, Final residual = 2.0628593e-05, No Iterations 3
smoothSolver:  Solving for Uy, Initial residual = 0.012422117, Final residual = 0.00018606538, No Iterations 3
smoothSolver:  Solving for Uz, Initial residual = 0.010652266, Final residual = 0.00016277854, No Iterations 3
GAMG:  Solving for p, Initial residual = 0.0092450373, Final residual = 7.7782078e-05, No Iterations 3
GAMG:  Solving for p, Initial residual = 0.00021865474, Final residual = 1.6035856e-06, No Iterations 4
time step continuity errors : sum local = 1.7570942e-05, global = -3.1349486e-06, cumulative = -0.00033214109
smoothSolver:  Solving for omega, Initial residual = 0.00044816134, Final residual = 3.8865311e-06, No Iterations 2
smoothSolver:  Solving for k, Initial residual = 0.0034173084, Final residual = 3.4990595e-05, No Iterations 2
bounding k, min: 1.1131757e-16 max: 0.40050064 average: 0.063143543
ExecutionTime = 474.27336 s  ClockTime = 475 s

Time = 317s

smoothSolver:  Solving for Ux, Initial residual = 0.0013977247, Final residual = 2.0397351e-05, No Iterations 3
smoothSolver:  Solving for Uy, Initial residual = 0.012307955, Final residual = 0.00018412742, No Iterations 3
smoothSolver:  Solving for Uz, Initial residual = 0.010648991, Final residual = 0.00016254177, No Iterations 3
GAMG:  Solving for p, Initial residual = 0.0092278995, Final residual = 7.7218494e-05, No Iterations 3
GAMG:  Solving for p, Initial residual = 0.00021912501, Final residual = 1.5342046e-06, No Iterations 4
time step continuity errors : sum local = 1.6785176e-05, global = -2.8668085e-06, cumulative = -0.0003350079
smoothSolver:  Solving for omega, Initial residual = 0.00044570115, Final residual = 3.8256136e-06, No Iterations 2
smoothSolver:  Solving for k, Initial residual = 0.0033980746, Final residual = 3.4715552e-05, No Iterations 2
bounding k, min: 1.1620327e-16 max: 0.40487789 average: 0.063114125
ExecutionTime = 475.5346 s  ClockTime = 476 s

Time = 318s

smoothSolver:  Solving for Ux, Initial residual = 0.0013852308, Final residual = 2.0167276e-05, No Iterations 3
smoothSolver:  Solving for Uy, Initial residual = 0.012184611, Final residual = 0.00018206454, No Iterations 3
smoothSolver:  Solving for Uz, Initial residual = 0.010643049, Final residual = 0.00016221662, No Iterations 3
GAMG:  Solving for p, Initial residual = 0.0092071097, Final residual = 7.6011332e-05, No Iterations 3
GAMG:  Solving for p, Initial residual = 0.00021873312, Final residual = 1.4495624e-06, No Iterations 4
time step continuity errors : sum local = 1.583586e-05, global = -2.3979194e-06, cumulative = -0.00033740582
smoothSolver:  Solving for omega, Initial residual = 0.00044718593, Final residual = 3.9229411e-06, No Iterations 2
smoothSolver:  Solving for k, Initial residual = 0.0033832606, Final residual = 3.4584258e-05, No Iterations 2
bounding k, min: 1.1804207e-16 max: 0.40913146 average: 0.063083979
ExecutionTime = 476.79787 s  ClockTime = 477 s

Time = 319s

smoothSolver:  Solving for Ux, Initial residual = 0.0013729162, Final residual = 1.9940998e-05, No Iterations 3
smoothSolver:  Solving for Uy, Initial residual = 0.012053487, Final residual = 0.0001798503, No Iterations 3
smoothSolver:  Solving for Uz, Initial residual = 0.010637274, Final residual = 0.0001617398, No Iterations 3
GAMG:  Solving for p, Initial residual = 0.0091726192, Final residual = 7.5153031e-05, No Iterations 3
GAMG:  Solving for p, Initial residual = 0.0002181312, Final residual = 1.319776e-06, No Iterations 4
time step continuity errors : sum local = 1.4396691e-05, global = -1.4358589e-06, cumulative = -0.00033884168
smoothSolver:  Solving for omega, Initial residual = 0.00044697164, Final residual = 3.8541568e-06, No Iterations 2
smoothSolver:  Solving for k, Initial residual = 0.0033693044, Final residual = 3.4444808e-05, No Iterations 2
bounding k, min: 1.1667582e-16 max: 0.41336556 average: 0.06305347
ExecutionTime = 478.2477 s  ClockTime = 479 s

Time = 320s

smoothSolver:  Solving for Ux, Initial residual = 0.0013607925, Final residual = 1.9716396e-05, No Iterations 3
smoothSolver:  Solving for Uy, Initial residual = 0.011917758, Final residual = 0.00017759399, No Iterations 3
smoothSolver:  Solving for Uz, Initial residual = 0.010626738, Final residual = 0.00016120741, No Iterations 3
GAMG:  Solving for p, Initial residual = 0.0091192058, Final residual = 7.402345e-05, No Iterations 3
GAMG:  Solving for p, Initial residual = 0.00021740733, Final residual = 1.2768248e-06, No Iterations 4
time step continuity errors : sum local = 1.3910674e-05, global = -1.9687612e-07, cumulative = -0.00033903855
smoothSolver:  Solving for omega, Initial residual = 0.00044569519, Final residual = 3.9018383e-06, No Iterations 2
smoothSolver:  Solving for k, Initial residual = 0.003348428, Final residual = 3.4168725e-05, No Iterations 2
bounding k, min: 1.3181167e-16 max: 0.41738134 average: 0.06302306
ExecutionTime = 479.70092 s  ClockTime = 480 s

Time = 321s

smoothSolver:  Solving for Ux, Initial residual = 0.0013486252, Final residual = 1.9494521e-05, No Iterations 3
smoothSolver:  Solving for Uy, Initial residual = 0.011771907, Final residual = 0.00017531524, No Iterations 3
smoothSolver:  Solving for Uz, Initial residual = 0.010608007, Final residual = 0.00016048913, No Iterations 3
GAMG:  Solving for p, Initial residual = 0.0090694281, Final residual = 7.3487476e-05, No Iterations 3
GAMG:  Solving for p, Initial residual = 0.00021639844, Final residual = 1.3185631e-06, No Iterations 4
time step continuity errors : sum local = 1.433849e-05, global = 4.7345243e-07, cumulative = -0.0003385651
smoothSolver:  Solving for omega, Initial residual = 0.00044671779, Final residual = 3.8623201e-06, No Iterations 2
smoothSolver:  Solving for k, Initial residual = 0.0033294343, Final residual = 3.4012511e-05, No Iterations 2
bounding k, min: 1.2657835e-16 max: 0.42145152 average: 0.06299243
ExecutionTime = 481.11866 s  ClockTime = 482 s

Time = 322s

smoothSolver:  Solving for Ux, Initial residual = 0.0013366442, Final residual = 1.9278754e-05, No Iterations 3
smoothSolver:  Solving for Uy, Initial residual = 0.011627011, Final residual = 0.00017301145, No Iterations 3
smoothSolver:  Solving for Uz, Initial residual = 0.010582495, Final residual = 0.00015978578, No Iterations 3
GAMG:  Solving for p, Initial residual = 0.0089900071, Final residual = 7.1713223e-05, No Iterations 3
GAMG:  Solving for p, Initial residual = 0.0002147043, Final residual = 1.3299762e-06, No Iterations 4
time step continuity errors : sum local = 1.4437868e-05, global = 1.0527637e-06, cumulative = -0.00033751234
smoothSolver:  Solving for omega, Initial residual = 0.000444546, Final residual = 3.8178045e-06, No Iterations 2
smoothSolver:  Solving for k, Initial residual = 0.003307558, Final residual = 3.3793134e-05, No Iterations 2
bounding k, min: 1.425415e-16 max: 0.42683282 average: 0.062961344
ExecutionTime = 482.64181 s  ClockTime = 483 s

Time = 323s

smoothSolver:  Solving for Ux, Initial residual = 0.0013249625, Final residual = 1.906843e-05, No Iterations 3
smoothSolver:  Solving for Uy, Initial residual = 0.01148494, Final residual = 0.00017072342, No Iterations 3
smoothSolver:  Solving for Uz, Initial residual = 0.010551928, Final residual = 0.00015896227, No Iterations 3
GAMG:  Solving for p, Initial residual = 0.0089057009, Final residual = 7.0194644e-05, No Iterations 3
GAMG:  Solving for p, Initial residual = 0.00021374691, Final residual = 1.3050837e-06, No Iterations 4
time step continuity errors : sum local = 1.4142086e-05, global = 9.6953606e-07, cumulative = -0.0003365428
smoothSolver:  Solving for omega, Initial residual = 0.00044308498, Final residual = 3.8074253e-06, No Iterations 2
smoothSolver:  Solving for k, Initial residual = 0.0032883388, Final residual = 3.3655682e-05, No Iterations 2
bounding k, min: 1.3725618e-16 max: 0.4356971 average: 0.062930414
ExecutionTime = 483.97728 s  ClockTime = 485 s

Time = 324s

smoothSolver:  Solving for Ux, Initial residual = 0.0013132994, Final residual = 1.8867421e-05, No Iterations 3
smoothSolver:  Solving for Uy, Initial residual = 0.011342837, Final residual = 0.00016843495, No Iterations 3
smoothSolver:  Solving for Uz, Initial residual = 0.010519619, Final residual = 0.00015817614, No Iterations 3
GAMG:  Solving for p, Initial residual = 0.0088335753, Final residual = 6.8346824e-05, No Iterations 3
GAMG:  Solving for p, Initial residual = 0.000212912, Final residual = 1.2665452e-06, No Iterations 4
time step continuity errors : sum local = 1.3699493e-05, global = 6.1942561e-07, cumulative = -0.00033592338
smoothSolver:  Solving for omega, Initial residual = 0.00044318287, Final residual = 3.8965411e-06, No Iterations 2
smoothSolver:  Solving for k, Initial residual = 0.0032692138, Final residual = 3.3487221e-05, No Iterations 2
bounding k, min: 1.382562e-16 max: 0.44446879 average: 0.062898925
ExecutionTime = 485.38307 s  ClockTime = 486 s

Time = 325s

smoothSolver:  Solving for Ux, Initial residual = 0.0013020499, Final residual = 1.867487e-05, No Iterations 3
smoothSolver:  Solving for Uy, Initial residual = 0.011199984, Final residual = 0.0001661663, No Iterations 3
smoothSolver:  Solving for Uz, Initial residual = 0.010483424, Final residual = 0.00015731041, No Iterations 3
GAMG:  Solving for p, Initial residual = 0.0087524418, Final residual = 6.7073233e-05, No Iterations 3
GAMG:  Solving for p, Initial residual = 0.00021176673, Final residual = 1.2124187e-06, No Iterations 4
time step continuity errors : sum local = 1.3087276e-05, global = -2.0373497e-08, cumulative = -0.00033594375
smoothSolver:  Solving for omega, Initial residual = 0.00044233447, Final residual = 3.8233912e-06, No Iterations 2
smoothSolver:  Solving for k, Initial residual = 0.0032467876, Final residual = 3.3293952e-05, No Iterations 2
bounding k, min: 1.2801506e-16 max: 0.45260467 average: 0.062867458
ExecutionTime = 486.76967 s  ClockTime = 487 s

Time = 326s

smoothSolver:  Solving for Ux, Initial residual = 0.0012913107, Final residual = 1.8493522e-05, No Iterations 3
smoothSolver:  Solving for Uy, Initial residual = 0.011062582, Final residual = 0.00016402729, No Iterations 3
smoothSolver:  Solving for Uz, Initial residual = 0.010444222, Final residual = 0.00015642677, No Iterations 3
GAMG:  Solving for p, Initial residual = 0.0086767474, Final residual = 6.5910748e-05, No Iterations 3
GAMG:  Solving for p, Initial residual = 0.00021086017, Final residual = 1.1960171e-06, No Iterations 4
time step continuity errors : sum local = 1.2883685e-05, global = -1.0310715e-06, cumulative = -0.00033697482
smoothSolver:  Solving for omega, Initial residual = 0.00044278447, Final residual = 3.8406149e-06, No Iterations 2
smoothSolver:  Solving for k, Initial residual = 0.0032297856, Final residual = 3.3178877e-05, No Iterations 2
bounding k, min: 1.1715164e-16 max: 0.45949856 average: 0.062835473
ExecutionTime = 488.34529 s  ClockTime = 489 s

Time = 327s

smoothSolver:  Solving for Ux, Initial residual = 0.0012811198, Final residual = 1.8323002e-05, No Iterations 3
smoothSolver:  Solving for Uy, Initial residual = 0.01092964, Final residual = 0.00016190668, No Iterations 3
smoothSolver:  Solving for Uz, Initial residual = 0.01040301, Final residual = 0.00015553543, No Iterations 3
GAMG:  Solving for p, Initial residual = 0.008607903, Final residual = 6.5043549e-05, No Iterations 3
GAMG:  Solving for p, Initial residual = 0.00021001194, Final residual = 1.2088208e-06, No Iterations 4
time step continuity errors : sum local = 1.2992819e-05, global = -1.2090497e-06, cumulative = -0.00033818387
smoothSolver:  Solving for omega, Initial residual = 0.00044653068, Final residual = 3.8268813e-06, No Iterations 2
smoothSolver:  Solving for k, Initial residual = 0.0032024881, Final residual = 3.2898154e-05, No Iterations 2
bounding k, min: 1.1273495e-16 max: 0.4648902 average: 0.062803975
ExecutionTime = 489.89974 s  ClockTime = 491 s

Time = 328s

smoothSolver:  Solving for Ux, Initial residual = 0.0012715027, Final residual = 1.8166697e-05, No Iterations 3
smoothSolver:  Solving for Uy, Initial residual = 0.010804946, Final residual = 0.0001598893, No Iterations 3
smoothSolver:  Solving for Uz, Initial residual = 0.010354517, Final residual = 0.00015453938, No Iterations 3
GAMG:  Solving for p, Initial residual = 0.0085591402, Final residual = 6.402653e-05, No Iterations 3
GAMG:  Solving for p, Initial residual = 0.00020950382, Final residual = 1.2579109e-06, No Iterations 4
time step continuity errors : sum local = 1.3489032e-05, global = -1.683936e-06, cumulative = -0.00033986781
smoothSolver:  Solving for omega, Initial residual = 0.00044306577, Final residual = 3.8531076e-06, No Iterations 2
smoothSolver:  Solving for k, Initial residual = 0.0031758389, Final residual = 3.269572e-05, No Iterations 2
bounding k, min: 1.1309223e-16 max: 0.46940753 average: 0.062772139
ExecutionTime = 491.81162 s  ClockTime = 492 s

Time = 329s

smoothSolver:  Solving for Ux, Initial residual = 0.0012627129, Final residual = 1.8022717e-05, No Iterations 3
smoothSolver:  Solving for Uy, Initial residual = 0.010680829, Final residual = 0.00015790712, No Iterations 3
smoothSolver:  Solving for Uz, Initial residual = 0.010298298, Final residual = 0.00015353051, No Iterations 3
GAMG:  Solving for p, Initial residual = 0.0085220842, Final residual = 6.3461771e-05, No Iterations 3
GAMG:  Solving for p, Initial residual = 0.00021039142, Final residual = 1.2634972e-06, No Iterations 4
time step continuity errors : sum local = 1.3516168e-05, global = -7.5748156e-07, cumulative = -0.00034062529
smoothSolver:  Solving for omega, Initial residual = 0.0004418737, Final residual = 3.8320186e-06, No Iterations 2
smoothSolver:  Solving for k, Initial residual = 0.0031504773, Final residual = 3.253089e-05, No Iterations 2
bounding k, min: 1.0630064e-16 max: 0.47350336 average: 0.06274046
ExecutionTime = 493.24763 s  ClockTime = 494 s

Time = 330s

smoothSolver:  Solving for Ux, Initial residual = 0.0012545476, Final residual = 1.7886558e-05, No Iterations 3
smoothSolver:  Solving for Uy, Initial residual = 0.010564591, Final residual = 0.00015603848, No Iterations 3
smoothSolver:  Solving for Uz, Initial residual = 0.010238506, Final residual = 0.0001525376, No Iterations 3
GAMG:  Solving for p, Initial residual = 0.0084942208, Final residual = 6.2283658e-05, No Iterations 3
GAMG:  Solving for p, Initial residual = 0.00020988537, Final residual = 1.3041478e-06, No Iterations 4
time step continuity errors : sum local = 1.3917615e-05, global = -4.2505775e-07, cumulative = -0.00034105035
smoothSolver:  Solving for omega, Initial residual = 0.00044212816, Final residual = 3.8505378e-06, No Iterations 2
smoothSolver:  Solving for k, Initial residual = 0.0031227803, Final residual = 3.2321483e-05, No Iterations 2
bounding k, min: 1.0200326e-16 max: 0.47734829 average: 0.062708419
ExecutionTime = 494.55012 s  ClockTime = 495 s

Time = 331s

smoothSolver:  Solving for Ux, Initial residual = 0.0012469858, Final residual = 1.7756858e-05, No Iterations 3
smoothSolver:  Solving for Uy, Initial residual = 0.010448495, Final residual = 0.00015419967, No Iterations 3
smoothSolver:  Solving for Uz, Initial residual = 0.010171637, Final residual = 0.00015146183, No Iterations 3
GAMG:  Solving for p, Initial residual = 0.0084630671, Final residual = 6.0972037e-05, No Iterations 3
GAMG:  Solving for p, Initial residual = 0.00020813261, Final residual = 1.4166106e-06, No Iterations 4
time step continuity errors : sum local = 1.5081816e-05, global = 1.0183606e-06, cumulative = -0.00034003198
smoothSolver:  Solving for omega, Initial residual = 0.00044149595, Final residual = 3.786339e-06, No Iterations 2
smoothSolver:  Solving for k, Initial residual = 0.0030984016, Final residual = 3.2165615e-05, No Iterations 2
bounding k, min: 9.8672238e-17 max: 0.48098304 average: 0.062676461
ExecutionTime = 495.83405 s  ClockTime = 496 s

Time = 332s

smoothSolver:  Solving for Ux, Initial residual = 0.0012397534, Final residual = 1.7632071e-05, No Iterations 3
smoothSolver:  Solving for Uy, Initial residual = 0.010341934, Final residual = 0.00015245127, No Iterations 3
smoothSolver:  Solving for Uz, Initial residual = 0.010105441, Final residual = 0.00015042208, No Iterations 3
GAMG:  Solving for p, Initial residual = 0.0084142108, Final residual = 5.9485961e-05, No Iterations 3
GAMG:  Solving for p, Initial residual = 0.00020643703, Final residual = 1.5123645e-06, No Iterations 4
time step continuity errors : sum local = 1.6068678e-05, global = 1.7919428e-06, cumulative = -0.00033824004
smoothSolver:  Solving for omega, Initial residual = 0.00044036521, Final residual = 3.8581204e-06, No Iterations 2
smoothSolver:  Solving for k, Initial residual = 0.0030744197, Final residual = 3.1971387e-05, No Iterations 2
bounding k, min: 9.6831888e-17 max: 0.484363 average: 0.062644345
ExecutionTime = 497.22299 s  ClockTime = 498 s

Time = 333s

smoothSolver:  Solving for Ux, Initial residual = 0.0012328555, Final residual = 1.7511932e-05, No Iterations 3
smoothSolver:  Solving for Uy, Initial residual = 0.010235451, Final residual = 0.00015072427, No Iterations 3
smoothSolver:  Solving for Uz, Initial residual = 0.010029965, Final residual = 0.00014922146, No Iterations 3
GAMG:  Solving for p, Initial residual = 0.008363271, Final residual = 5.8109853e-05, No Iterations 3
GAMG:  Solving for p, Initial residual = 0.0002048027, Final residual = 1.6343546e-06, No Iterations 4
time step continuity errors : sum local = 1.7330901e-05, global = 2.6035547e-06, cumulative = -0.00033563649
smoothSolver:  Solving for omega, Initial residual = 0.00044148347, Final residual = 3.8249639e-06, No Iterations 2
smoothSolver:  Solving for k, Initial residual = 0.0030549638, Final residual = 3.1942251e-05, No Iterations 2
bounding k, min: 9.5651345e-17 max: 0.48751099 average: 0.062612031
ExecutionTime = 498.50182 s  ClockTime = 499 s

Time = 334s

smoothSolver:  Solving for Ux, Initial residual = 0.0012260291, Final residual = 1.7397867e-05, No Iterations 3
smoothSolver:  Solving for Uy, Initial residual = 0.010135874, Final residual = 0.00014909428, No Iterations 3
smoothSolver:  Solving for Uz, Initial residual = 0.009951464, Final residual = 0.00014807115, No Iterations 3
GAMG:  Solving for p, Initial residual = 0.0082936179, Final residual = 5.7032939e-05, No Iterations 3
GAMG:  Solving for p, Initial residual = 0.00020313801, Final residual = 1.6741678e-06, No Iterations 4
time step continuity errors : sum local = 1.7722783e-05, global = 2.900977e-06, cumulative = -0.00033273551
smoothSolver:  Solving for omega, Initial residual = 0.00043958008, Final residual = 3.8301446e-06, No Iterations 2
smoothSolver:  Solving for k, Initial residual = 0.003029834, Final residual = 3.1687043e-05, No Iterations 2
bounding k, min: 9.3434962e-17 max: 0.49046649 average: 0.062579593
ExecutionTime = 499.90193 s  ClockTime = 501 s

Time = 335s

smoothSolver:  Solving for Ux, Initial residual = 0.0012193611, Final residual = 1.7289095e-05, No Iterations 3
smoothSolver:  Solving for Uy, Initial residual = 0.010033558, Final residual = 0.00014744801, No Iterations 3
smoothSolver:  Solving for Uz, Initial residual = 0.0098659157, Final residual = 0.00014685671, No Iterations 3
GAMG:  Solving for p, Initial residual = 0.0082169415, Final residual = 5.6413039e-05, No Iterations 3
GAMG:  Solving for p, Initial residual = 0.00020202137, Final residual = 1.7254016e-06, No Iterations 4
time step continuity errors : sum local = 1.8235546e-05, global = 3.2394956e-06, cumulative = -0.00032949601
smoothSolver:  Solving for omega, Initial residual = 0.00043950894, Final residual = 3.7705709e-06, No Iterations 2
smoothSolver:  Solving for k, Initial residual = 0.0030024678, Final residual = 3.1539696e-05, No Iterations 2
bounding k, min: 9.2066001e-17 max: 0.49317194 average: 0.062547736
ExecutionTime = 501.23417 s  ClockTime = 502 s

Time = 336s

smoothSolver:  Solving for Ux, Initial residual = 0.0012124983, Final residual = 1.7183196e-05, No Iterations 3
smoothSolver:  Solving for Uy, Initial residual = 0.0099397588, Final residual = 0.00014593431, No Iterations 3
smoothSolver:  Solving for Uz, Initial residual = 0.0097800899, Final residual = 0.00014557792, No Iterations 3
GAMG:  Solving for p, Initial residual = 0.0081281937, Final residual = 5.6219559e-05, No Iterations 3
GAMG:  Solving for p, Initial residual = 0.00020097991, Final residual = 1.7146648e-06, No Iterations 4
time step continuity errors : sum local = 1.8095234e-05, global = 3.3118821e-06, cumulative = -0.00032618413
smoothSolver:  Solving for omega, Initial residual = 0.00043669175, Final residual = 3.8627346e-06, No Iterations 2
smoothSolver:  Solving for k, Initial residual = 0.0029807706, Final residual = 3.144322e-05, No Iterations 2
bounding k, min: 9.1336493e-17 max: 0.49566931 average: 0.062515341
ExecutionTime = 502.49741 s  ClockTime = 503 s

Time = 337s

smoothSolver:  Solving for Ux, Initial residual = 0.0012055522, Final residual = 1.7080105e-05, No Iterations 3
smoothSolver:  Solving for Uy, Initial residual = 0.0098448564, Final residual = 0.00014441159, No Iterations 3
smoothSolver:  Solving for Uz, Initial residual = 0.0096975938, Final residual = 0.00014427134, No Iterations 3
GAMG:  Solving for p, Initial residual = 0.0080324623, Final residual = 5.6056909e-05, No Iterations 3
GAMG:  Solving for p, Initial residual = 0.00019984232, Final residual = 1.7284462e-06, No Iterations 4
time step continuity errors : sum local = 1.8215549e-05, global = 3.436085e-06, cumulative = -0.00032274805
smoothSolver:  Solving for omega, Initial residual = 0.00043508833, Final residual = 3.803298e-06, No Iterations 2
smoothSolver:  Solving for k, Initial residual = 0.0029597094, Final residual = 3.1327114e-05, No Iterations 2
bounding k, min: 9.1178794e-17 max: 0.49797107 average: 0.062483188
ExecutionTime = 504.24798 s  ClockTime = 505 s

Time = 338s

smoothSolver:  Solving for Ux, Initial residual = 0.0011986032, Final residual = 1.697682e-05, No Iterations 3
smoothSolver:  Solving for Uy, Initial residual = 0.0097518823, Final residual = 0.00014289366, No Iterations 3
smoothSolver:  Solving for Uz, Initial residual = 0.0096199135, Final residual = 0.00014310018, No Iterations 3
GAMG:  Solving for p, Initial residual = 0.0079698326, Final residual = 5.5998727e-05, No Iterations 3
GAMG:  Solving for p, Initial residual = 0.00019851608, Final residual = 1.6866183e-06, No Iterations 4
time step continuity errors : sum local = 1.7754144e-05, global = 3.3731631e-06, cumulative = -0.00031937488
smoothSolver:  Solving for omega, Initial residual = 0.00043565074, Final residual = 3.8475948e-06, No Iterations 2
smoothSolver:  Solving for k, Initial residual = 0.0029325937, Final residual = 3.1084127e-05, No Iterations 2
bounding k, min: 9.1609897e-17 max: 0.50235951 average: 0.062451143
ExecutionTime = 505.90993 s  ClockTime = 507 s

Time = 339s

smoothSolver:  Solving for Ux, Initial residual = 0.001191688, Final residual = 1.6875047e-05, No Iterations 3
smoothSolver:  Solving for Uy, Initial residual = 0.0096571529, Final residual = 0.00014133526, No Iterations 3
smoothSolver:  Solving for Uz, Initial residual = 0.0095380627, Final residual = 0.00014177927, No Iterations 3
GAMG:  Solving for p, Initial residual = 0.0079118941, Final residual = 5.6525034e-05, No Iterations 3
GAMG:  Solving for p, Initial residual = 0.00019709541, Final residual = 1.6677457e-06, No Iterations 4
time step continuity errors : sum local = 1.7534739e-05, global = 3.3258196e-06, cumulative = -0.00031604907
smoothSolver:  Solving for omega, Initial residual = 0.00043783968, Final residual = 3.782762e-06, No Iterations 2
smoothSolver:  Solving for k, Initial residual = 0.0029025147, Final residual = 3.0822602e-05, No Iterations 2
bounding k, min: 9.1536132e-17 max: 0.50635726 average: 0.062420104
ExecutionTime = 507.86505 s  ClockTime = 508 s

Time = 340s

smoothSolver:  Solving for Ux, Initial residual = 0.0011848502, Final residual = 1.677322e-05, No Iterations 3
smoothSolver:  Solving for Uy, Initial residual = 0.0095632096, Final residual = 0.00013976475, No Iterations 3
smoothSolver:  Solving for Uz, Initial residual = 0.009454386, Final residual = 0.00014043266, No Iterations 3
GAMG:  Solving for p, Initial residual = 0.0078460086, Final residual = 5.7397182e-05, No Iterations 3
GAMG:  Solving for p, Initial residual = 0.00019514434, Final residual = 1.60354e-06, No Iterations 4
time step continuity errors : sum local = 1.6842218e-05, global = 3.112461e-06, cumulative = -0.0003129366
smoothSolver:  Solving for omega, Initial residual = 0.0004329877, Final residual = 3.783152e-06, No Iterations 2
smoothSolver:  Solving for k, Initial residual = 0.0028783052, Final residual = 3.0693822e-05, No Iterations 2
bounding k, min: 9.1391406e-17 max: 0.50992927 average: 0.062388727
ExecutionTime = 509.97236 s  ClockTime = 511 s

Time = 341s

smoothSolver:  Solving for Ux, Initial residual = 0.0011779238, Final residual = 1.6668552e-05, No Iterations 3
smoothSolver:  Solving for Uy, Initial residual = 0.0094708495, Final residual = 0.00013818243, No Iterations 3
smoothSolver:  Solving for Uz, Initial residual = 0.00937735, Final residual = 0.00013912536, No Iterations 3
GAMG:  Solving for p, Initial residual = 0.0077651156, Final residual = 5.80146e-05, No Iterations 3
GAMG:  Solving for p, Initial residual = 0.00019331799, Final residual = 1.5502429e-06, No Iterations 4
time step continuity errors : sum local = 1.6266757e-05, global = 2.8329923e-06, cumulative = -0.00031010361
smoothSolver:  Solving for omega, Initial residual = 0.00043204012, Final residual = 3.7481464e-06, No Iterations 2
smoothSolver:  Solving for k, Initial residual = 0.002856615, Final residual = 3.0533443e-05, No Iterations 2
bounding k, min: 9.1337909e-17 max: 0.51299566 average: 0.062357878
ExecutionTime = 511.86104 s  ClockTime = 512 s

Time = 342s

smoothSolver:  Solving for Ux, Initial residual = 0.0011707426, Final residual = 1.6562147e-05, No Iterations 3
smoothSolver:  Solving for Uy, Initial residual = 0.0093803062, Final residual = 0.00013665685, No Iterations 3
smoothSolver:  Solving for Uz, Initial residual = 0.0093034976, Final residual = 0.00013782627, No Iterations 3
GAMG:  Solving for p, Initial residual = 0.0076728233, Final residual = 5.8592656e-05, No Iterations 3
GAMG:  Solving for p, Initial residual = 0.00019123901, Final residual = 1.4740047e-06, No Iterations 4
time step continuity errors : sum local = 1.545265e-05, global = 2.4008964e-06, cumulative = -0.00030770272
smoothSolver:  Solving for omega, Initial residual = 0.0004308587, Final residual = 3.8057181e-06, No Iterations 2
smoothSolver:  Solving for k, Initial residual = 0.0028370298, Final residual = 3.044188e-05, No Iterations 2
bounding k, min: 9.1567255e-17 max: 0.51551822 average: 0.062326368
ExecutionTime = 513.5821 s  ClockTime = 514 s

Time = 343s

smoothSolver:  Solving for Ux, Initial residual = 0.0011633766, Final residual = 1.6451049e-05, No Iterations 3
smoothSolver:  Solving for Uy, Initial residual = 0.0092905748, Final residual = 0.00013519439, No Iterations 3
smoothSolver:  Solving for Uz, Initial residual = 0.0092316565, Final residual = 0.00013645488, No Iterations 3
GAMG:  Solving for p, Initial residual = 0.0075912969, Final residual = 5.9181717e-05, No Iterations 3
GAMG:  Solving for p, Initial residual = 0.00018945221, Final residual = 1.4493414e-06, No Iterations 4
time step continuity errors : sum local = 1.518211e-05, global = 1.880346e-06, cumulative = -0.00030582237
smoothSolver:  Solving for omega, Initial residual = 0.00043074923, Final residual = 3.7368988e-06, No Iterations 2
smoothSolver:  Solving for k, Initial residual = 0.0028118385, Final residual = 3.0144088e-05, No Iterations 2
bounding k, min: 9.2682492e-17 max: 0.51751894 average: 0.062296094
ExecutionTime = 515.26432 s  ClockTime = 516 s

Time = 344s

smoothSolver:  Solving for Ux, Initial residual = 0.0011558237, Final residual = 1.6335553e-05, No Iterations 3
smoothSolver:  Solving for Uy, Initial residual = 0.009202239, Final residual = 0.00013372202, No Iterations 3
smoothSolver:  Solving for Uz, Initial residual = 0.0091618659, Final residual = 0.0001352359, No Iterations 3
GAMG:  Solving for p, Initial residual = 0.0075273002, Final residual = 5.9297622e-05, No Iterations 3
GAMG:  Solving for p, Initial residual = 0.00018673177, Final residual = 1.3787502e-06, No Iterations 4
time step continuity errors : sum local = 1.443214e-05, global = 1.1235635e-06, cumulative = -0.00030469881
smoothSolver:  Solving for omega, Initial residual = 0.00042842426, Final residual = 3.7823925e-06, No Iterations 2
smoothSolver:  Solving for k, Initial residual = 0.0027868815, Final residual = 2.9931485e-05, No Iterations 2
bounding k, min: 9.4263145e-17 max: 0.51901251 average: 0.062265485
ExecutionTime = 516.77139 s  ClockTime = 517 s

Time = 345s

smoothSolver:  Solving for Ux, Initial residual = 0.0011481374, Final residual = 1.6215603e-05, No Iterations 3
smoothSolver:  Solving for Uy, Initial residual = 0.0091083918, Final residual = 0.00013227379, No Iterations 3
smoothSolver:  Solving for Uz, Initial residual = 0.0090860338, Final residual = 0.00013395361, No Iterations 3
GAMG:  Solving for p, Initial residual = 0.0074459924, Final residual = 5.8464125e-05, No Iterations 3
GAMG:  Solving for p, Initial residual = 0.00018369853, Final residual = 1.3637197e-06, No Iterations 4
time step continuity errors : sum local = 1.4265053e-05, global = 6.618795e-07, cumulative = -0.00030403693
smoothSolver:  Solving for omega, Initial residual = 0.0004290816, Final residual = 3.7560058e-06, No Iterations 2
smoothSolver:  Solving for k, Initial residual = 0.0027689983, Final residual = 2.9822265e-05, No Iterations 2
bounding k, min: 9.6137762e-17 max: 0.51999669 average: 0.062235404
ExecutionTime = 518.16656 s  ClockTime = 519 s

Time = 346s

smoothSolver:  Solving for Ux, Initial residual = 0.0011403756, Final residual = 1.6091021e-05, No Iterations 3
smoothSolver:  Solving for Uy, Initial residual = 0.0090193474, Final residual = 0.00013089072, No Iterations 3
smoothSolver:  Solving for Uz, Initial residual = 0.0090154202, Final residual = 0.00013272475, No Iterations 3
GAMG:  Solving for p, Initial residual = 0.0073560346, Final residual = 5.6804601e-05, No Iterations 3
GAMG:  Solving for p, Initial residual = 0.00018046033, Final residual = 1.3229073e-06, No Iterations 4
time step continuity errors : sum local = 1.3832127e-05, global = 2.0331972e-07, cumulative = -0.00030383361
smoothSolver:  Solving for omega, Initial residual = 0.00042572248, Final residual = 3.7296344e-06, No Iterations 2
smoothSolver:  Solving for k, Initial residual = 0.0027504747, Final residual = 2.9616245e-05, No Iterations 2
bounding k, min: 1.0458474e-16 max: 0.52051867 average: 0.062205025
ExecutionTime = 519.55346 s  ClockTime = 520 s

Time = 347s

smoothSolver:  Solving for Ux, Initial residual = 0.0011323445, Final residual = 1.5960143e-05, No Iterations 3
smoothSolver:  Solving for Uy, Initial residual = 0.0089306347, Final residual = 0.00012955623, No Iterations 3
smoothSolver:  Solving for Uz, Initial residual = 0.0089429793, Final residual = 0.00013145272, No Iterations 3
GAMG:  Solving for p, Initial residual = 0.0072648701, Final residual = 5.4817202e-05, No Iterations 3
GAMG:  Solving for p, Initial residual = 0.00017732815, Final residual = 1.3436421e-06, No Iterations 4
time step continuity errors : sum local = 1.4042668e-05, global = 1.1564363e-07, cumulative = -0.00030371796
smoothSolver:  Solving for omega, Initial residual = 0.00042633478, Final residual = 3.6818668e-06, No Iterations 2
smoothSolver:  Solving for k, Initial residual = 0.002732348, Final residual = 2.9410792e-05, No Iterations 2
bounding k, min: 1.1620739e-16 max: 0.52057379 average: 0.062175437
ExecutionTime = 520.90506 s  ClockTime = 522 s

Time = 348s

smoothSolver:  Solving for Ux, Initial residual = 0.0011240109, Final residual = 1.5826204e-05, No Iterations 3
smoothSolver:  Solving for Uy, Initial residual = 0.0088431461, Final residual = 0.0001282438, No Iterations 3
smoothSolver:  Solving for Uz, Initial residual = 0.0088694627, Final residual = 0.00013020189, No Iterations 3
GAMG:  Solving for p, Initial residual = 0.007170411, Final residual = 5.3040081e-05, No Iterations 3
GAMG:  Solving for p, Initial residual = 0.00017470455, Final residual = 1.3232111e-06, No Iterations 4
time step continuity errors : sum local = 1.382334e-05, global = 3.7417037e-08, cumulative = -0.00030368055
smoothSolver:  Solving for omega, Initial residual = 0.00042529786, Final residual = 3.7900587e-06, No Iterations 2
smoothSolver:  Solving for k, Initial residual = 0.0027175838, Final residual = 2.9271028e-05, No Iterations 2
bounding k, min: 1.2947449e-16 max: 0.52019129 average: 0.062145215
ExecutionTime = 522.40567 s  ClockTime = 523 s

Time = 349s

smoothSolver:  Solving for Ux, Initial residual = 0.0011154973, Final residual = 1.5686198e-05, No Iterations 3
smoothSolver:  Solving for Uy, Initial residual = 0.0087561965, Final residual = 0.00012694899, No Iterations 3
smoothSolver:  Solving for Uz, Initial residual = 0.0087995439, Final residual = 0.00012902007, No Iterations 3
GAMG:  Solving for p, Initial residual = 0.0070854145, Final residual = 5.1666428e-05, No Iterations 3
GAMG:  Solving for p, Initial residual = 0.000173047, Final residual = 1.3396422e-06, No Iterations 4
time step continuity errors : sum local = 1.399009e-05, global = 1.7253099e-07, cumulative = -0.00030350802
smoothSolver:  Solving for omega, Initial residual = 0.00042514103, Final residual = 3.7452129e-06, No Iterations 2
smoothSolver:  Solving for k, Initial residual = 0.0026991194, Final residual = 2.9023465e-05, No Iterations 2
bounding k, min: 1.8380421e-16 max: 0.51937386 average: 0.062115875
ExecutionTime = 524.23736 s  ClockTime = 525 s

Time = 350s

smoothSolver:  Solving for Ux, Initial residual = 0.0011067141, Final residual = 1.5543642e-05, No Iterations 3
smoothSolver:  Solving for Uy, Initial residual = 0.0086729796, Final residual = 0.00012568282, No Iterations 3
smoothSolver:  Solving for Uz, Initial residual = 0.008730346, Final residual = 0.00012787998, No Iterations 3
GAMG:  Solving for p, Initial residual = 0.0070071548, Final residual = 5.0395906e-05, No Iterations 3
GAMG:  Solving for p, Initial residual = 0.00017173786, Final residual = 1.3198379e-06, No Iterations 4
time step continuity errors : sum local = 1.377903e-05, global = 3.9510903e-07, cumulative = -0.00030311291
smoothSolver:  Solving for omega, Initial residual = 0.00042154507, Final residual = 3.74262e-06, No Iterations 2
smoothSolver:  Solving for k, Initial residual = 0.0026822692, Final residual = 2.8812776e-05, No Iterations 2
ExecutionTime = 526.1807 s  ClockTime = 527 s

Time = 351s

smoothSolver:  Solving for Ux, Initial residual = 0.0010978402, Final residual = 1.539876e-05, No Iterations 3
smoothSolver:  Solving for Uy, Initial residual = 0.0085909259, Final residual = 0.00012442693, No Iterations 3
smoothSolver:  Solving for Uz, Initial residual = 0.0086620706, Final residual = 0.00012675372, No Iterations 3
GAMG:  Solving for p, Initial residual = 0.0069454467, Final residual = 4.9328226e-05, No Iterations 3
GAMG:  Solving for p, Initial residual = 0.00017008362, Final residual = 1.2918162e-06, No Iterations 4
time step continuity errors : sum local = 1.3486016e-05, global = 6.0898692e-07, cumulative = -0.00030250392
smoothSolver:  Solving for omega, Initial residual = 0.00042250708, Final residual = 3.6857125e-06, No Iterations 2
smoothSolver:  Solving for k, Initial residual = 0.0026697322, Final residual = 2.8682586e-05, No Iterations 2
ExecutionTime = 527.71399 s  ClockTime = 528 s

Time = 352s

smoothSolver:  Solving for Ux, Initial residual = 0.0010887329, Final residual = 1.5253696e-05, No Iterations 3
smoothSolver:  Solving for Uy, Initial residual = 0.0085116864, Final residual = 0.00012319707, No Iterations 3
smoothSolver:  Solving for Uz, Initial residual = 0.0086007443, Final residual = 0.00012573017, No Iterations 3
GAMG:  Solving for p, Initial residual = 0.0069028503, Final residual = 4.8165952e-05, No Iterations 3
GAMG:  Solving for p, Initial residual = 0.00016825702, Final residual = 1.2405638e-06, No Iterations 4
time step continuity errors : sum local = 1.2949518e-05, global = 8.3232232e-07, cumulative = -0.0003016716
smoothSolver:  Solving for omega, Initial residual = 0.00042133549, Final residual = 3.7377201e-06, No Iterations 2
smoothSolver:  Solving for k, Initial residual = 0.0026584061, Final residual = 2.8522037e-05, No Iterations 2
ExecutionTime = 529.04401 s  ClockTime = 530 s

Time = 353s

smoothSolver:  Solving for Ux, Initial residual = 0.0010796296, Final residual = 1.5108946e-05, No Iterations 3
smoothSolver:  Solving for Uy, Initial residual = 0.0084305932, Final residual = 0.00012199526, No Iterations 3
smoothSolver:  Solving for Uz, Initial residual = 0.0085407492, Final residual = 0.00012469598, No Iterations 3
GAMG:  Solving for p, Initial residual = 0.0068591751, Final residual = 4.7085202e-05, No Iterations 3
GAMG:  Solving for p, Initial residual = 0.00016595524, Final residual = 1.1663409e-06, No Iterations 4
time step continuity errors : sum local = 1.2174249e-05, global = 9.3006087e-07, cumulative = -0.00030074154
smoothSolver:  Solving for omega, Initial residual = 0.00042200173, Final residual = 3.660884e-06, No Iterations 2
smoothSolver:  Solving for k, Initial residual = 0.0026394715, Final residual = 2.8195775e-05, No Iterations 2
ExecutionTime = 530.31014 s  ClockTime = 531 s

Time = 354s

smoothSolver:  Solving for Ux, Initial residual = 0.0010702524, Final residual = 1.4967617e-05, No Iterations 3
smoothSolver:  Solving for Uy, Initial residual = 0.0083507733, Final residual = 0.00012076328, No Iterations 3
smoothSolver:  Solving for Uz, Initial residual = 0.00847531, Final residual = 0.0001236493, No Iterations 3
GAMG:  Solving for p, Initial residual = 0.0067924216, Final residual = 4.5830589e-05, No Iterations 3
GAMG:  Solving for p, Initial residual = 0.00016399779, Final residual = 1.1033982e-06, No Iterations 4
time step continuity errors : sum local = 1.1512998e-05, global = 9.2223562e-07, cumulative = -0.0002998193
smoothSolver:  Solving for omega, Initial residual = 0.0004198286, Final residual = 3.6988544e-06, No Iterations 2
smoothSolver:  Solving for k, Initial residual = 0.0026209784, Final residual = 2.7998337e-05, No Iterations 2
ExecutionTime = 531.51508 s  ClockTime = 532 s

Time = 355s

smoothSolver:  Solving for Ux, Initial residual = 0.0010609008, Final residual = 1.4827855e-05, No Iterations 3
smoothSolver:  Solving for Uy, Initial residual = 0.0082700166, Final residual = 0.00011954991, No Iterations 3
smoothSolver:  Solving for Uz, Initial residual = 0.0084122483, Final residual = 0.00012261554, No Iterations 3
GAMG:  Solving for p, Initial residual = 0.0067313061, Final residual = 4.4864257e-05, No Iterations 3
GAMG:  Solving for p, Initial residual = 0.00016231572, Final residual = 1.0075788e-06, No Iterations 4
time step continuity errors : sum local = 1.0511119e-05, global = 8.059306e-07, cumulative = -0.00029901337
smoothSolver:  Solving for omega, Initial residual = 0.00041789606, Final residual = 3.6070891e-06, No Iterations 2
smoothSolver:  Solving for k, Initial residual = 0.0026103761, Final residual = 2.7871815e-05, No Iterations 2
ExecutionTime = 532.77606 s  ClockTime = 533 s

Time = 356s

smoothSolver:  Solving for Ux, Initial residual = 0.0010516972, Final residual = 1.4690491e-05, No Iterations 3
smoothSolver:  Solving for Uy, Initial residual = 0.008193807, Final residual = 0.00011835109, No Iterations 3
smoothSolver:  Solving for Uz, Initial residual = 0.0083557373, Final residual = 0.00012163659, No Iterations 3
GAMG:  Solving for p, Initial residual = 0.0066839748, Final residual = 4.3618809e-05, No Iterations 3
GAMG:  Solving for p, Initial residual = 0.000160848, Final residual = 9.2705421e-07, No Iterations 4
time step continuity errors : sum local = 9.6701296e-06, global = 6.3340981e-07, cumulative = -0.00029837996
smoothSolver:  Solving for omega, Initial residual = 0.0004164686, Final residual = 3.7329951e-06, No Iterations 2
smoothSolver:  Solving for k, Initial residual = 0.002592616, Final residual = 2.7601818e-05, No Iterations 2
ExecutionTime = 534.03956 s  ClockTime = 535 s

Time = 357s

smoothSolver:  Solving for Ux, Initial residual = 0.001042822, Final residual = 1.4556871e-05, No Iterations 3
smoothSolver:  Solving for Uy, Initial residual = 0.0081172743, Final residual = 0.00011714902, No Iterations 3
smoothSolver:  Solving for Uz, Initial residual = 0.0082915055, Final residual = 0.00012062453, No Iterations 3
GAMG:  Solving for p, Initial residual = 0.0066357972, Final residual = 4.2650583e-05, No Iterations 3
GAMG:  Solving for p, Initial residual = 0.00015926268, Final residual = 8.6153322e-07, No Iterations 4
time step continuity errors : sum local = 8.9862352e-06, global = 6.1729269e-07, cumulative = -0.00029776267
smoothSolver:  Solving for omega, Initial residual = 0.00041790462, Final residual = 3.6354086e-06, No Iterations 2
smoothSolver:  Solving for k, Initial residual = 0.0025785219, Final residual = 2.7440573e-05, No Iterations 2
ExecutionTime = 535.35536 s  ClockTime = 536 s

Time = 358s

smoothSolver:  Solving for Ux, Initial residual = 0.0010337033, Final residual = 1.442723e-05, No Iterations 3
smoothSolver:  Solving for Uy, Initial residual = 0.0080428898, Final residual = 0.0001159752, No Iterations 3
smoothSolver:  Solving for Uz, Initial residual = 0.0082279929, Final residual = 0.00011962539, No Iterations 3
GAMG:  Solving for p, Initial residual = 0.0065706592, Final residual = 4.170996e-05, No Iterations 3
GAMG:  Solving for p, Initial residual = 0.00015769368, Final residual = 7.8519038e-07, No Iterations 4
time step continuity errors : sum local = 8.1909589e-06, global = 6.4809031e-07, cumulative = -0.00029711458
smoothSolver:  Solving for omega, Initial residual = 0.00041494753, Final residual = 3.6480577e-06, No Iterations 2
smoothSolver:  Solving for k, Initial residual = 0.0025615515, Final residual = 2.7218873e-05, No Iterations 2
ExecutionTime = 536.65488 s  ClockTime = 537 s

Time = 359s

smoothSolver:  Solving for Ux, Initial residual = 0.0010247172, Final residual = 1.4301304e-05, No Iterations 3
smoothSolver:  Solving for Uy, Initial residual = 0.0079666632, Final residual = 0.00011486078, No Iterations 3
smoothSolver:  Solving for Uz, Initial residual = 0.0081609773, Final residual = 0.00011860822, No Iterations 3
GAMG:  Solving for p, Initial residual = 0.0065243852, Final residual = 4.103408e-05, No Iterations 3
GAMG:  Solving for p, Initial residual = 0.0001560019, Final residual = 7.6078035e-07, No Iterations 4
time step continuity errors : sum local = 7.9355147e-06, global = 7.1217137e-07, cumulative = -0.00029640241
smoothSolver:  Solving for omega, Initial residual = 0.0004154597, Final residual = 3.5630249e-06, No Iterations 2
smoothSolver:  Solving for k, Initial residual = 0.0025508082, Final residual = 2.7099915e-05, No Iterations 2
ExecutionTime = 537.99219 s  ClockTime = 539 s

Time = 360s

smoothSolver:  Solving for Ux, Initial residual = 0.0010156991, Final residual = 1.4178893e-05, No Iterations 3
smoothSolver:  Solving for Uy, Initial residual = 0.007893591, Final residual = 0.00011374971, No Iterations 3
smoothSolver:  Solving for Uz, Initial residual = 0.0080979409, Final residual = 0.00011765598, No Iterations 3
GAMG:  Solving for p, Initial residual = 0.0064847684, Final residual = 4.0297617e-05, No Iterations 3
GAMG:  Solving for p, Initial residual = 0.00015430022, Final residual = 7.866299e-07, No Iterations 4
time step continuity errors : sum local = 8.2053807e-06, global = 6.9839095e-07, cumulative = -0.00029570401
smoothSolver:  Solving for omega, Initial residual = 0.00041362011, Final residual = 3.6721113e-06, No Iterations 2
smoothSolver:  Solving for k, Initial residual = 0.0025352126, Final residual = 2.6882915e-05, No Iterations 2
ExecutionTime = 539.30271 s  ClockTime = 540 s

Time = 361s

smoothSolver:  Solving for Ux, Initial residual = 0.0010067853, Final residual = 1.4061742e-05, No Iterations 3
smoothSolver:  Solving for Uy, Initial residual = 0.0078184105, Final residual = 0.00011268216, No Iterations 3
smoothSolver:  Solving for Uz, Initial residual = 0.0080284775, Final residual = 0.00011666178, No Iterations 3
GAMG:  Solving for p, Initial residual = 0.0064395896, Final residual = 3.9917362e-05, No Iterations 3
GAMG:  Solving for p, Initial residual = 0.00015281804, Final residual = 8.3449602e-07, No Iterations 4
time step continuity errors : sum local = 8.7049888e-06, global = 1.359412e-06, cumulative = -0.0002943446
smoothSolver:  Solving for omega, Initial residual = 0.00041453684, Final residual = 3.6527098e-06, No Iterations 2
smoothSolver:  Solving for k, Initial residual = 0.002518307, Final residual = 2.6675144e-05, No Iterations 2
ExecutionTime = 540.64202 s  ClockTime = 541 s

Time = 362s

smoothSolver:  Solving for Ux, Initial residual = 0.00099774891, Final residual = 1.394683e-05, No Iterations 3
smoothSolver:  Solving for Uy, Initial residual = 0.007749019, Final residual = 0.00011168177, No Iterations 3
smoothSolver:  Solving for Uz, Initial residual = 0.0079648661, Final residual = 0.00011575205, No Iterations 3
GAMG:  Solving for p, Initial residual = 0.0063853985, Final residual = 3.9615363e-05, No Iterations 3
GAMG:  Solving for p, Initial residual = 0.00015201641, Final residual = 9.0733507e-07, No Iterations 4
time step continuity errors : sum local = 9.4654802e-06, global = 1.7135682e-06, cumulative = -0.00029263103
smoothSolver:  Solving for omega, Initial residual = 0.00041277701, Final residual = 3.6519191e-06, No Iterations 2
smoothSolver:  Solving for k, Initial residual = 0.0025028697, Final residual = 2.6553318e-05, No Iterations 2
ExecutionTime = 541.9337 s  ClockTime = 543 s

Time = 363s

smoothSolver:  Solving for Ux, Initial residual = 0.00098892427, Final residual = 1.3835091e-05, No Iterations 3
smoothSolver:  Solving for Uy, Initial residual = 0.0076820836, Final residual = 0.00011075569, No Iterations 3
smoothSolver:  Solving for Uz, Initial residual = 0.0079070252, Final residual = 0.00011489279, No Iterations 3
GAMG:  Solving for p, Initial residual = 0.0063633649, Final residual = 3.9749411e-05, No Iterations 3
GAMG:  Solving for p, Initial residual = 0.00015219691, Final residual = 9.5273095e-07, No Iterations 4
time step continuity errors : sum local = 9.9396736e-06, global = 1.8142502e-06, cumulative = -0.00029081678
smoothSolver:  Solving for omega, Initial residual = 0.00041299358, Final residual = 3.5660807e-06, No Iterations 2
smoothSolver:  Solving for k, Initial residual = 0.0024900147, Final residual = 2.6396019e-05, No Iterations 2
ExecutionTime = 543.27164 s  ClockTime = 544 s

Time = 364s

smoothSolver:  Solving for Ux, Initial residual = 0.00098015711, Final residual = 1.3727096e-05, No Iterations 3
smoothSolver:  Solving for Uy, Initial residual = 0.0076165931, Final residual = 0.00010986038, No Iterations 3
smoothSolver:  Solving for Uz, Initial residual = 0.0078514182, Final residual = 0.00011407191, No Iterations 3
GAMG:  Solving for p, Initial residual = 0.0063571353, Final residual = 3.9876748e-05, No Iterations 3
GAMG:  Solving for p, Initial residual = 0.00015312684, Final residual = 1.0238657e-06, No Iterations 4
time step continuity errors : sum local = 1.0683511e-05, global = 2.0002066e-06, cumulative = -0.00028881658
smoothSolver:  Solving for omega, Initial residual = 0.00041079797, Final residual = 3.6732822e-06, No Iterations 2
smoothSolver:  Solving for k, Initial residual = 0.0024709314, Final residual = 2.6190268e-05, No Iterations 2
ExecutionTime = 544.50657 s  ClockTime = 545 s

Time = 365s

smoothSolver:  Solving for Ux, Initial residual = 0.00097185268, Final residual = 1.3622218e-05, No Iterations 3
smoothSolver:  Solving for Uy, Initial residual = 0.0075550582, Final residual = 0.00010900338, No Iterations 3
smoothSolver:  Solving for Uz, Initial residual = 0.0077948611, Final residual = 0.00011320545, No Iterations 3
GAMG:  Solving for p, Initial residual = 0.0063716539, Final residual = 4.0278899e-05, No Iterations 3
GAMG:  Solving for p, Initial residual = 0.00015485213, Final residual = 1.0555952e-06, No Iterations 4
time step continuity errors : sum local = 1.1015973e-05, global = 2.0427338e-06, cumulative = -0.00028677384
smoothSolver:  Solving for omega, Initial residual = 0.00041054513, Final residual = 3.5629389e-06, No Iterations 2
smoothSolver:  Solving for k, Initial residual = 0.0024532206, Final residual = 2.5994017e-05, No Iterations 2
ExecutionTime = 545.67204 s  ClockTime = 546 s

Time = 366s

smoothSolver:  Solving for Ux, Initial residual = 0.00096340765, Final residual = 1.3520481e-05, No Iterations 3
smoothSolver:  Solving for Uy, Initial residual = 0.0075031188, Final residual = 0.0001082469, No Iterations 3
smoothSolver:  Solving for Uz, Initial residual = 0.0077435539, Final residual = 0.00011238674, No Iterations 3
GAMG:  Solving for p, Initial residual = 0.0064140676, Final residual = 4.0586076e-05, No Iterations 3
GAMG:  Solving for p, Initial residual = 0.00015714999, Final residual = 1.0807488e-06, No Iterations 4
time step continuity errors : sum local = 1.1282502e-05, global = 2.0598765e-06, cumulative = -0.00028471397
smoothSolver:  Solving for omega, Initial residual = 0.00040979189, Final residual = 3.6211317e-06, No Iterations 2
smoothSolver:  Solving for k, Initial residual = 0.0024349072, Final residual = 2.5846449e-05, No Iterations 2
ExecutionTime = 546.90886 s  ClockTime = 548 s

Time = 367s

smoothSolver:  Solving for Ux, Initial residual = 0.00095532186, Final residual = 1.342084e-05, No Iterations 3
smoothSolver:  Solving for Uy, Initial residual = 0.0074573891, Final residual = 0.00010754443, No Iterations 3
smoothSolver:  Solving for Uz, Initial residual = 0.007697353, Final residual = 0.00011161255, No Iterations 3
GAMG:  Solving for p, Initial residual = 0.0064811946, Final residual = 4.1257663e-05, No Iterations 3
GAMG:  Solving for p, Initial residual = 0.00016024827, Final residual = 1.0827773e-06, No Iterations 4
time step continuity errors : sum local = 1.1306998e-05, global = 2.0544058e-06, cumulative = -0.00028265956
smoothSolver:  Solving for omega, Initial residual = 0.00041059367, Final residual = 3.5465282e-06, No Iterations 2
smoothSolver:  Solving for k, Initial residual = 0.0024178271, Final residual = 2.5678562e-05, No Iterations 2
ExecutionTime = 548.07513 s  ClockTime = 549 s

Time = 368s

smoothSolver:  Solving for Ux, Initial residual = 0.00094729059, Final residual = 1.3326098e-05, No Iterations 3
smoothSolver:  Solving for Uy, Initial residual = 0.0074169288, Final residual = 0.00010696728, No Iterations 3
smoothSolver:  Solving for Uz, Initial residual = 0.0076565708, Final residual = 0.00011092278, No Iterations 3
GAMG:  Solving for p, Initial residual = 0.0065629052, Final residual = 4.2050413e-05, No Iterations 3
GAMG:  Solving for p, Initial residual = 0.00016356377, Final residual = 1.0671882e-06, No Iterations 4
time step continuity errors : sum local = 1.1149881e-05, global = 1.9060214e-06, cumulative = -0.00028075354
smoothSolver:  Solving for omega, Initial residual = 0.00040845982, Final residual = 3.6015654e-06, No Iterations 2
smoothSolver:  Solving for k, Initial residual = 0.0024020441, Final residual = 2.5553995e-05, No Iterations 2
ExecutionTime = 549.35201 s  ClockTime = 550 s

Time = 369s

smoothSolver:  Solving for Ux, Initial residual = 0.00093969497, Final residual = 1.3232825e-05, No Iterations 3
smoothSolver:  Solving for Uy, Initial residual = 0.0073815251, Final residual = 0.00010645355, No Iterations 3
smoothSolver:  Solving for Uz, Initial residual = 0.00761991, Final residual = 0.00011024382, No Iterations 3
GAMG:  Solving for p, Initial residual = 0.0066587366, Final residual = 4.2999946e-05, No Iterations 3
GAMG:  Solving for p, Initial residual = 0.00016707659, Final residual = 1.0494106e-06, No Iterations 4
time step continuity errors : sum local = 1.0969179e-05, global = 1.8631558e-06, cumulative = -0.00027889038
smoothSolver:  Solving for omega, Initial residual = 0.00040893604, Final residual = 3.5540332e-06, No Iterations 2
smoothSolver:  Solving for k, Initial residual = 0.0023863586, Final residual = 2.539877e-05, No Iterations 2
ExecutionTime = 550.61094 s  ClockTime = 551 s

Time = 370s

smoothSolver:  Solving for Ux, Initial residual = 0.00093215801, Final residual = 1.3145767e-05, No Iterations 3
smoothSolver:  Solving for Uy, Initial residual = 0.0073520436, Final residual = 0.00010597433, No Iterations 3
smoothSolver:  Solving for Uz, Initial residual = 0.0075912742, Final residual = 0.000109735, No Iterations 3
GAMG:  Solving for p, Initial residual = 0.0067642523, Final residual = 4.3766263e-05, No Iterations 3
GAMG:  Solving for p, Initial residual = 0.00016973118, Final residual = 1.0075821e-06, No Iterations 4
time step continuity errors : sum local = 1.0538017e-05, global = 1.7723375e-06, cumulative = -0.00027711805
smoothSolver:  Solving for omega, Initial residual = 0.00040704415, Final residual = 3.5518412e-06, No Iterations 2
smoothSolver:  Solving for k, Initial residual = 0.0023668799, Final residual = 2.5235806e-05, No Iterations 2
ExecutionTime = 551.91536 s  ClockTime = 553 s

Time = 371s

smoothSolver:  Solving for Ux, Initial residual = 0.00092512105, Final residual = 1.3062253e-05, No Iterations 3
smoothSolver:  Solving for Uy, Initial residual = 0.0073241954, Final residual = 0.0001055238, No Iterations 3
smoothSolver:  Solving for Uz, Initial residual = 0.007566158, Final residual = 0.00010925699, No Iterations 3
GAMG:  Solving for p, Initial residual = 0.0068697684, Final residual = 4.4483158e-05, No Iterations 3
GAMG:  Solving for p, Initial residual = 0.00017197454, Final residual = 9.6424996e-07, No Iterations 4
time step continuity errors : sum local = 1.0092066e-05, global = 1.6215931e-06, cumulative = -0.00027549645
smoothSolver:  Solving for omega, Initial residual = 0.00040776952, Final residual = 3.5063705e-06, No Iterations 2
smoothSolver:  Solving for k, Initial residual = 0.0023525448, Final residual = 2.5126389e-05, No Iterations 2
ExecutionTime = 553.19953 s  ClockTime = 554 s

Time = 372s

smoothSolver:  Solving for Ux, Initial residual = 0.00091822608, Final residual = 1.2984278e-05, No Iterations 3
smoothSolver:  Solving for Uy, Initial residual = 0.0073037677, Final residual = 0.0001051411, No Iterations 3
smoothSolver:  Solving for Uz, Initial residual = 0.0075419966, Final residual = 0.00010878578, No Iterations 3
GAMG:  Solving for p, Initial residual = 0.0069713631, Final residual = 4.5320642e-05, No Iterations 3
GAMG:  Solving for p, Initial residual = 0.00017370102, Final residual = 9.2358537e-07, No Iterations 4
time step continuity errors : sum local = 9.6745452e-06, global = 1.5171923e-06, cumulative = -0.00027397926
smoothSolver:  Solving for omega, Initial residual = 0.00040675998, Final residual = 3.5876904e-06, No Iterations 2
smoothSolver:  Solving for k, Initial residual = 0.0023337243, Final residual = 2.4940434e-05, No Iterations 2
ExecutionTime = 554.49939 s  ClockTime = 555 s

Time = 373s

smoothSolver:  Solving for Ux, Initial residual = 0.00091188709, Final residual = 1.2911962e-05, No Iterations 3
smoothSolver:  Solving for Uy, Initial residual = 0.0072807658, Final residual = 0.00010478496, No Iterations 3
smoothSolver:  Solving for Uz, Initial residual = 0.0075175334, Final residual = 0.00010839993, No Iterations 3
GAMG:  Solving for p, Initial residual = 0.0070806049, Final residual = 4.6072519e-05, No Iterations 3
GAMG:  Solving for p, Initial residual = 0.00017578433, Final residual = 8.9224768e-07, No Iterations 4
time step continuity errors : sum local = 9.3539272e-06, global = 1.3282735e-06, cumulative = -0.00027265099
smoothSolver:  Solving for omega, Initial residual = 0.00040502502, Final residual = 3.5380755e-06, No Iterations 2
smoothSolver:  Solving for k, Initial residual = 0.0023192133, Final residual = 2.4830671e-05, No Iterations 2
ExecutionTime = 555.78505 s  ClockTime = 556 s

Time = 374s

smoothSolver:  Solving for Ux, Initial residual = 0.0009057738, Final residual = 1.284712e-05, No Iterations 3
smoothSolver:  Solving for Uy, Initial residual = 0.0072653805, Final residual = 0.00010453173, No Iterations 3
smoothSolver:  Solving for Uz, Initial residual = 0.0075008785, Final residual = 0.0001081174, No Iterations 3
GAMG:  Solving for p, Initial residual = 0.007184528, Final residual = 4.685681e-05, No Iterations 3
GAMG:  Solving for p, Initial residual = 0.00017786443, Final residual = 8.682246e-07, No Iterations 4
time step continuity errors : sum local = 9.111756e-06, global = 1.1215813e-06, cumulative = -0.00027152941
smoothSolver:  Solving for omega, Initial residual = 0.00040272023, Final residual = 3.5077118e-06, No Iterations 2
smoothSolver:  Solving for k, Initial residual = 0.0023010982, Final residual = 2.4652906e-05, No Iterations 2
ExecutionTime = 557.24898 s  ClockTime = 558 s

Time = 375s

smoothSolver:  Solving for Ux, Initial residual = 0.00090021562, Final residual = 1.2789381e-05, No Iterations 3
smoothSolver:  Solving for Uy, Initial residual = 0.0072492012, Final residual = 0.00010426862, No Iterations 3
smoothSolver:  Solving for Uz, Initial residual = 0.007482988, Final residual = 0.0001078714, No Iterations 3
GAMG:  Solving for p, Initial residual = 0.0072838207, Final residual = 4.7845511e-05, No Iterations 3
GAMG:  Solving for p, Initial residual = 0.00018069374, Final residual = 8.709823e-07, No Iterations 4
time step continuity errors : sum local = 9.1498315e-06, global = 1.0116709e-06, cumulative = -0.00027051774
smoothSolver:  Solving for omega, Initial residual = 0.0004045366, Final residual = 3.5029513e-06, No Iterations 2
smoothSolver:  Solving for k, Initial residual = 0.002290434, Final residual = 2.4605134e-05, No Iterations 2
ExecutionTime = 559.27935 s  ClockTime = 560 s

Time = 376s

smoothSolver:  Solving for Ux, Initial residual = 0.00089526753, Final residual = 1.2742352e-05, No Iterations 3
smoothSolver:  Solving for Uy, Initial residual = 0.0072416587, Final residual = 0.00010411578, No Iterations 3
smoothSolver:  Solving for Uz, Initial residual = 0.0074767553, Final residual = 0.00010778788, No Iterations 3
GAMG:  Solving for p, Initial residual = 0.0073798146, Final residual = 4.8820986e-05, No Iterations 3
GAMG:  Solving for p, Initial residual = 0.00018304724, Final residual = 8.394003e-07, No Iterations 4
time step continuity errors : sum local = 8.8268088e-06, global = 6.4713823e-07, cumulative = -0.0002698706
smoothSolver:  Solving for omega, Initial residual = 0.00040295594, Final residual = 3.522481e-06, No Iterations 2
smoothSolver:  Solving for k, Initial residual = 0.0022728802, Final residual = 2.441884e-05, No Iterations 2
ExecutionTime = 560.91084 s  ClockTime = 562 s

Time = 377s

smoothSolver:  Solving for Ux, Initial residual = 0.00089100096, Final residual = 1.2703766e-05, No Iterations 3
smoothSolver:  Solving for Uy, Initial residual = 0.0072325089, Final residual = 0.00010396641, No Iterations 3
smoothSolver:  Solving for Uz, Initial residual = 0.0074696868, Final residual = 0.00010772038, No Iterations 3
GAMG:  Solving for p, Initial residual = 0.0074716776, Final residual = 5.0168729e-05, No Iterations 3
GAMG:  Solving for p, Initial residual = 0.00018567241, Final residual = 8.6959215e-07, No Iterations 4
time step continuity errors : sum local = 9.1531875e-06, global = 6.6436217e-07, cumulative = -0.00026920624
smoothSolver:  Solving for omega, Initial residual = 0.00040189556, Final residual = 3.4898636e-06, No Iterations 2
smoothSolver:  Solving for k, Initial residual = 0.0022551967, Final residual = 2.4210564e-05, No Iterations 2
ExecutionTime = 562.41188 s  ClockTime = 563 s

Time = 378s

smoothSolver:  Solving for Ux, Initial residual = 0.00088736635, Final residual = 1.267578e-05, No Iterations 3
smoothSolver:  Solving for Uy, Initial residual = 0.0072253008, Final residual = 0.00010387846, No Iterations 3
smoothSolver:  Solving for Uz, Initial residual = 0.0074676027, Final residual = 0.00010771454, No Iterations 3
GAMG:  Solving for p, Initial residual = 0.007538076, Final residual = 5.1311708e-05, No Iterations 3
GAMG:  Solving for p, Initial residual = 0.0001870663, Final residual = 8.9705671e-07, No Iterations 4
time step continuity errors : sum local = 9.451299e-06, global = 1.9345432e-07, cumulative = -0.00026901278
smoothSolver:  Solving for omega, Initial residual = 0.0004014388, Final residual = 3.5474605e-06, No Iterations 2
smoothSolver:  Solving for k, Initial residual = 0.0022402489, Final residual = 2.4116522e-05, No Iterations 2
ExecutionTime = 563.81451 s  ClockTime = 564 s

Time = 379s

smoothSolver:  Solving for Ux, Initial residual = 0.00088428911, Final residual = 1.2653623e-05, No Iterations 3
smoothSolver:  Solving for Uy, Initial residual = 0.0072238625, Final residual = 0.00010388582, No Iterations 3
smoothSolver:  Solving for Uz, Initial residual = 0.0074716444, Final residual = 0.00010779401, No Iterations 3
GAMG:  Solving for p, Initial residual = 0.0076014559, Final residual = 5.2896389e-05, No Iterations 3
GAMG:  Solving for p, Initial residual = 0.00018913021, Final residual = 9.5530575e-07, No Iterations 4
time step continuity errors : sum local = 1.0075613e-05, global = -4.0579612e-08, cumulative = -0.00026905336
smoothSolver:  Solving for omega, Initial residual = 0.00040152385, Final residual = 3.4839797e-06, No Iterations 2
smoothSolver:  Solving for k, Initial residual = 0.0022238695, Final residual = 2.3931546e-05, No Iterations 2
ExecutionTime = 565.11029 s  ClockTime = 566 s

Time = 380s

smoothSolver:  Solving for Ux, Initial residual = 0.00088172428, Final residual = 1.263982e-05, No Iterations 3
smoothSolver:  Solving for Uy, Initial residual = 0.0072246279, Final residual = 0.00010395258, No Iterations 3
smoothSolver:  Solving for Uz, Initial residual = 0.0074787437, Final residual = 0.00010789759, No Iterations 3
GAMG:  Solving for p, Initial residual = 0.0076713105, Final residual = 5.3939067e-05, No Iterations 3
GAMG:  Solving for p, Initial residual = 0.00019104955, Final residual = 1.0300751e-06, No Iterations 4
time step continuity errors : sum local = 1.0873248e-05, global = -5.9958509e-07, cumulative = -0.00026965295
smoothSolver:  Solving for omega, Initial residual = 0.00039880899, Final residual = 3.5233021e-06, No Iterations 2
smoothSolver:  Solving for k, Initial residual = 0.0022080199, Final residual = 2.3798567e-05, No Iterations 2
ExecutionTime = 566.39065 s  ClockTime = 567 s

Time = 381s

smoothSolver:  Solving for Ux, Initial residual = 0.00087940742, Final residual = 1.262914e-05, No Iterations 3
smoothSolver:  Solving for Uy, Initial residual = 0.007226954, Final residual = 0.00010402665, No Iterations 3
smoothSolver:  Solving for Uz, Initial residual = 0.0074909698, Final residual = 0.00010803718, No Iterations 3
GAMG:  Solving for p, Initial residual = 0.0077246742, Final residual = 5.4911604e-05, No Iterations 3
GAMG:  Solving for p, Initial residual = 0.00019307952, Final residual = 1.1017832e-06, No Iterations 4
time step continuity errors : sum local = 1.1640591e-05, global = -9.4397673e-07, cumulative = -0.00027059692
smoothSolver:  Solving for omega, Initial residual = 0.00039930269, Final residual = 3.4774305e-06, No Iterations 2
smoothSolver:  Solving for k, Initial residual = 0.0021925503, Final residual = 2.3626419e-05, No Iterations 2
ExecutionTime = 567.76768 s  ClockTime = 568 s

Time = 382s

smoothSolver:  Solving for Ux, Initial residual = 0.00087759071, Final residual = 1.2622306e-05, No Iterations 3
smoothSolver:  Solving for Uy, Initial residual = 0.0072339152, Final residual = 0.00010419843, No Iterations 3
smoothSolver:  Solving for Uz, Initial residual = 0.0075056457, Final residual = 0.00010822655, No Iterations 3
GAMG:  Solving for p, Initial residual = 0.0077665158, Final residual = 5.5533319e-05, No Iterations 3
GAMG:  Solving for p, Initial residual = 0.00019519617, Final residual = 1.1712138e-06, No Iterations 4
time step continuity errors : sum local = 1.2384354e-05, global = -1.2093881e-06, cumulative = -0.00027180631
smoothSolver:  Solving for omega, Initial residual = 0.00039849411, Final residual = 3.4976653e-06, No Iterations 2
smoothSolver:  Solving for k, Initial residual = 0.0021799093, Final residual = 2.3529391e-05, No Iterations 2
ExecutionTime = 569.03783 s  ClockTime = 570 s

Time = 383s

smoothSolver:  Solving for Ux, Initial residual = 0.00087587905, Final residual = 1.2615826e-05, No Iterations 3
smoothSolver:  Solving for Uy, Initial residual = 0.0072436327, Final residual = 0.00010435023, No Iterations 3
smoothSolver:  Solving for Uz, Initial residual = 0.0075210237, Final residual = 0.00010842583, No Iterations 3
GAMG:  Solving for p, Initial residual = 0.0077899545, Final residual = 5.5851279e-05, No Iterations 3
GAMG:  Solving for p, Initial residual = 0.00019679654, Final residual = 1.2328135e-06, No Iterations 4
time step continuity errors : sum local = 1.3046936e-05, global = -1.4953556e-06, cumulative = -0.00027330167
smoothSolver:  Solving for omega, Initial residual = 0.00039912972, Final residual = 3.4585146e-06, No Iterations 2
smoothSolver:  Solving for k, Initial residual = 0.0021680628, Final residual = 2.3406461e-05, No Iterations 2
ExecutionTime = 570.32409 s  ClockTime = 571 s

Time = 384s

smoothSolver:  Solving for Ux, Initial residual = 0.0008746762, Final residual = 1.2610224e-05, No Iterations 3
smoothSolver:  Solving for Uy, Initial residual = 0.007259433, Final residual = 0.00010457213, No Iterations 3
smoothSolver:  Solving for Uz, Initial residual = 0.0075377581, Final residual = 0.00010875034, No Iterations 3
GAMG:  Solving for p, Initial residual = 0.0078090787, Final residual = 5.587916e-05, No Iterations 3
GAMG:  Solving for p, Initial residual = 0.00019768202, Final residual = 1.1904145e-06, No Iterations 4
time step continuity errors : sum local = 1.2612975e-05, global = -1.2945235e-06, cumulative = -0.00027459619
smoothSolver:  Solving for omega, Initial residual = 0.00039636191, Final residual = 3.5162686e-06, No Iterations 2
smoothSolver:  Solving for k, Initial residual = 0.0021503073, Final residual = 2.3206323e-05, No Iterations 2
ExecutionTime = 571.58686 s  ClockTime = 572 s

Time = 385s

smoothSolver:  Solving for Ux, Initial residual = 0.00087329681, Final residual = 1.2602899e-05, No Iterations 3
smoothSolver:  Solving for Uy, Initial residual = 0.0072738669, Final residual = 0.00010486272, No Iterations 3
smoothSolver:  Solving for Uz, Initial residual = 0.0075537142, Final residual = 0.00010904764, No Iterations 3
GAMG:  Solving for p, Initial residual = 0.0077953779, Final residual = 5.6077632e-05, No Iterations 3
GAMG:  Solving for p, Initial residual = 0.00019794434, Final residual = 1.1154567e-06, No Iterations 4
time step continuity errors : sum local = 1.1829173e-05, global = -9.3729192e-07, cumulative = -0.00027553348
smoothSolver:  Solving for omega, Initial residual = 0.00039531278, Final residual = 3.4507345e-06, No Iterations 2
smoothSolver:  Solving for k, Initial residual = 0.0021366777, Final residual = 2.3069344e-05, No Iterations 2
ExecutionTime = 573.00904 s  ClockTime = 574 s

Time = 386s

smoothSolver:  Solving for Ux, Initial residual = 0.00087228046, Final residual = 1.2594058e-05, No Iterations 3
smoothSolver:  Solving for Uy, Initial residual = 0.0072946199, Final residual = 0.00010519893, No Iterations 3
smoothSolver:  Solving for Uz, Initial residual = 0.007572601, Final residual = 0.00010937297, No Iterations 3
GAMG:  Solving for p, Initial residual = 0.0078032622, Final residual = 5.6933888e-05, No Iterations 3
GAMG:  Solving for p, Initial residual = 0.00019830637, Final residual = 1.0509923e-06, No Iterations 4
time step continuity errors : sum local = 1.115692e-05, global = -5.2163462e-07, cumulative = -0.00027605512
smoothSolver:  Solving for omega, Initial residual = 0.00039365239, Final residual = 3.4440267e-06, No Iterations 2
smoothSolver:  Solving for k, Initial residual = 0.0021268082, Final residual = 2.299816e-05, No Iterations 2
bounding k, min: 2.1948807e-16 max: 0.4140848 average: 0.061043137
ExecutionTime = 574.4459 s  ClockTime = 575 s

Time = 387s

smoothSolver:  Solving for Ux, Initial residual = 0.00087095386, Final residual = 1.2582058e-05, No Iterations 3
smoothSolver:  Solving for Uy, Initial residual = 0.0073139217, Final residual = 0.00010551753, No Iterations 3
smoothSolver:  Solving for Uz, Initial residual = 0.0075969287, Final residual = 0.00010973333, No Iterations 3
GAMG:  Solving for p, Initial residual = 0.0078402642, Final residual = 5.8160798e-05, No Iterations 3
GAMG:  Solving for p, Initial residual = 0.00019965491, Final residual = 1.0184181e-06, No Iterations 4
time step continuity errors : sum local = 1.0822994e-05, global = -1.6418756e-07, cumulative = -0.0002762193
smoothSolver:  Solving for omega, Initial residual = 0.00039666079, Final residual = 3.4444913e-06, No Iterations 2
smoothSolver:  Solving for k, Initial residual = 0.0021097235, Final residual = 2.27201e-05, No Iterations 2
bounding k, min: 1.8737721e-16 max: 0.41217794 average: 0.061020053
ExecutionTime = 576.19049 s  ClockTime = 577 s

Time = 388s

smoothSolver:  Solving for Ux, Initial residual = 0.0008699631, Final residual = 1.2568202e-05, No Iterations 3
smoothSolver:  Solving for Uy, Initial residual = 0.0073379521, Final residual = 0.00010587745, No Iterations 3
smoothSolver:  Solving for Uz, Initial residual = 0.0076195368, Final residual = 0.00011013179, No Iterations 3
GAMG:  Solving for p, Initial residual = 0.0078717197, Final residual = 5.7667673e-05, No Iterations 3
GAMG:  Solving for p, Initial residual = 0.00019907752, Final residual = 9.3398078e-07, No Iterations 4
time step continuity errors : sum local = 9.9344223e-06, global = 5.9473755e-08, cumulative = -0.00027615983
smoothSolver:  Solving for omega, Initial residual = 0.00039418659, Final residual = 3.4603983e-06, No Iterations 2
smoothSolver:  Solving for k, Initial residual = 0.0020941592, Final residual = 2.2573566e-05, No Iterations 2
bounding k, min: 1.7643032e-16 max: 0.41034599 average: 0.060996623
ExecutionTime = 577.96877 s  ClockTime = 579 s

Time = 389s

smoothSolver:  Solving for Ux, Initial residual = 0.00086870467, Final residual = 1.2550999e-05, No Iterations 3
smoothSolver:  Solving for Uy, Initial residual = 0.0073641892, Final residual = 0.00010625887, No Iterations 3
smoothSolver:  Solving for Uz, Initial residual = 0.0076408525, Final residual = 0.0001104706, No Iterations 3
GAMG:  Solving for p, Initial residual = 0.0078948981, Final residual = 5.6296499e-05, No Iterations 3
GAMG:  Solving for p, Initial residual = 0.00019827391, Final residual = 8.8605913e-07, No Iterations 4
time step continuity errors : sum local = 9.4343857e-06, global = -7.3049876e-08, cumulative = -0.00027623288
smoothSolver:  Solving for omega, Initial residual = 0.00039253157, Final residual = 3.3814822e-06, No Iterations 2
smoothSolver:  Solving for k, Initial residual = 0.0020789124, Final residual = 2.2408334e-05, No Iterations 2
bounding k, min: 1.6881913e-16 max: 0.40859278 average: 0.060973984
ExecutionTime = 579.66127 s  ClockTime = 580 s

Time = 390s

smoothSolver:  Solving for Ux, Initial residual = 0.00086762856, Final residual = 1.2529676e-05, No Iterations 3
smoothSolver:  Solving for Uy, Initial residual = 0.0073894666, Final residual = 0.00010666198, No Iterations 3
smoothSolver:  Solving for Uz, Initial residual = 0.0076608809, Final residual = 0.0001108593, No Iterations 3
GAMG:  Solving for p, Initial residual = 0.0079536559, Final residual = 5.5295768e-05, No Iterations 3
GAMG:  Solving for p, Initial residual = 0.00019786542, Final residual = 8.6520289e-07, No Iterations 4
time step continuity errors : sum local = 9.2207871e-06, global = -2.370037e-07, cumulative = -0.00027646988
smoothSolver:  Solving for omega, Initial residual = 0.00039145046, Final residual = 3.4385022e-06, No Iterations 2
smoothSolver:  Solving for k, Initial residual = 0.0020642823, Final residual = 2.2250479e-05, No Iterations 2
bounding k, min: 1.6421682e-16 max: 0.40689862 average: 0.060951838
ExecutionTime = 581.52955 s  ClockTime = 582 s

Time = 391s

smoothSolver:  Solving for Ux, Initial residual = 0.00086650402, Final residual = 1.2504732e-05, No Iterations 3
smoothSolver:  Solving for Uy, Initial residual = 0.0074145261, Final residual = 0.00010708473, No Iterations 3
smoothSolver:  Solving for Uz, Initial residual = 0.0076775801, Final residual = 0.0001111827, No Iterations 3
GAMG:  Solving for p, Initial residual = 0.0080307145, Final residual = 5.4768237e-05, No Iterations 3
GAMG:  Solving for p, Initial residual = 0.00019774106, Final residual = 8.9300602e-07, No Iterations 4
time step continuity errors : sum local = 9.5279639e-06, global = -3.9862802e-07, cumulative = -0.00027686851
smoothSolver:  Solving for omega, Initial residual = 0.00039287742, Final residual = 3.3653686e-06, No Iterations 2
smoothSolver:  Solving for k, Initial residual = 0.002050655, Final residual = 2.2083176e-05, No Iterations 2
bounding k, min: 1.6259439e-16 max: 0.40523379 average: 0.060930443
ExecutionTime = 583.31721 s  ClockTime = 584 s

Time = 392s

smoothSolver:  Solving for Ux, Initial residual = 0.00086543455, Final residual = 1.2474988e-05, No Iterations 3
smoothSolver:  Solving for Uy, Initial residual = 0.0074454574, Final residual = 0.00010753599, No Iterations 3
smoothSolver:  Solving for Uz, Initial residual = 0.0076966702, Final residual = 0.00011154388, No Iterations 3
GAMG:  Solving for p, Initial residual = 0.0080980843, Final residual = 5.4892033e-05, No Iterations 3
GAMG:  Solving for p, Initial residual = 0.00019746446, Final residual = 9.2322103e-07, No Iterations 4
time step continuity errors : sum local = 9.8606853e-06, global = -4.0078637e-07, cumulative = -0.0002772693
smoothSolver:  Solving for omega, Initial residual = 0.00039130043, Final residual = 3.4011399e-06, No Iterations 2
smoothSolver:  Solving for k, Initial residual = 0.0020373828, Final residual = 2.1960426e-05, No Iterations 2
bounding k, min: 1.5894601e-16 max: 0.40358887 average: 0.0609093
ExecutionTime = 584.90632 s  ClockTime = 586 s

Time = 393s

smoothSolver:  Solving for Ux, Initial residual = 0.00086411628, Final residual = 1.2442415e-05, No Iterations 3
smoothSolver:  Solving for Uy, Initial residual = 0.0074765677, Final residual = 0.0001079834, No Iterations 3
smoothSolver:  Solving for Uz, Initial residual = 0.0077130304, Final residual = 0.00011181397, No Iterations 3
GAMG:  Solving for p, Initial residual = 0.0081544007, Final residual = 5.5564579e-05, No Iterations 3
GAMG:  Solving for p, Initial residual = 0.00019875726, Final residual = 9.8056904e-07, No Iterations 4
time step continuity errors : sum local = 1.0483384e-05, global = -2.7844045e-07, cumulative = -0.00027754774
smoothSolver:  Solving for omega, Initial residual = 0.00039228963, Final residual = 3.3869666e-06, No Iterations 2
smoothSolver:  Solving for k, Initial residual = 0.0020271917, Final residual = 2.1812466e-05, No Iterations 2
bounding k, min: 1.4529882e-16 max: 0.40195375 average: 0.060888727
ExecutionTime = 586.37074 s  ClockTime = 587 s

Time = 394s

smoothSolver:  Solving for Ux, Initial residual = 0.00086280482, Final residual = 1.2404202e-05, No Iterations 3
smoothSolver:  Solving for Uy, Initial residual = 0.0075120702, Final residual = 0.00010854432, No Iterations 3
smoothSolver:  Solving for Uz, Initial residual = 0.0077271987, Final residual = 0.0001120018, No Iterations 3
GAMG:  Solving for p, Initial residual = 0.0082156339, Final residual = 5.5736766e-05, No Iterations 3
GAMG:  Solving for p, Initial residual = 0.00019906551, Final residual = 1.0337112e-06, No Iterations 4
time step continuity errors : sum local = 1.10633e-05, global = 4.5309479e-08, cumulative = -0.00027750243
smoothSolver:  Solving for omega, Initial residual = 0.00039045369, Final residual = 3.3611713e-06, No Iterations 2
smoothSolver:  Solving for k, Initial residual = 0.0020152688, Final residual = 2.1666255e-05, No Iterations 2
bounding k, min: 1.3466967e-16 max: 0.40034517 average: 0.06086845
ExecutionTime = 588.06091 s  ClockTime = 589 s

Time = 395s

smoothSolver:  Solving for Ux, Initial residual = 0.00086117215, Final residual = 1.2362953e-05, No Iterations 3
smoothSolver:  Solving for Uy, Initial residual = 0.0075490415, Final residual = 0.00010908748, No Iterations 3
smoothSolver:  Solving for Uz, Initial residual = 0.0077347458, Final residual = 0.00011205555, No Iterations 3
GAMG:  Solving for p, Initial residual = 0.0082805825, Final residual = 5.5685522e-05, No Iterations 3
GAMG:  Solving for p, Initial residual = 0.00019937321, Final residual = 1.0997849e-06, No Iterations 4
time step continuity errors : sum local = 1.1785198e-05, global = -2.5759135e-07, cumulative = -0.00027776002
smoothSolver:  Solving for omega, Initial residual = 0.00038963266, Final residual = 3.3085783e-06, No Iterations 2
smoothSolver:  Solving for k, Initial residual = 0.0020090595, Final residual = 2.1616978e-05, No Iterations 2
bounding k, min: 1.2636203e-16 max: 0.39876032 average: 0.060848798
ExecutionTime = 589.47124 s  ClockTime = 590 s

Time = 396s

smoothSolver:  Solving for Ux, Initial residual = 0.0008595875, Final residual = 1.2316362e-05, No Iterations 3
smoothSolver:  Solving for Uy, Initial residual = 0.0075923244, Final residual = 0.0001095998, No Iterations 3
smoothSolver:  Solving for Uz, Initial residual = 0.007747066, Final residual = 0.00011206473, No Iterations 3
GAMG:  Solving for p, Initial residual = 0.0083635472, Final residual = 5.6072877e-05, No Iterations 3
GAMG:  Solving for p, Initial residual = 0.0002000747, Final residual = 1.1674066e-06, No Iterations 4
time step continuity errors : sum local = 1.2524489e-05, global = -8.1005718e-07, cumulative = -0.00027857008
smoothSolver:  Solving for omega, Initial residual = 0.0003876401, Final residual = 3.4201353e-06, No Iterations 2
smoothSolver:  Solving for k, Initial residual = 0.0019978932, Final residual = 2.1418091e-05, No Iterations 2
bounding k, min: 1.2011859e-16 max: 0.39720078 average: 0.060829514
ExecutionTime = 590.85029 s  ClockTime = 591 s

Time = 397s

smoothSolver:  Solving for Ux, Initial residual = 0.00085787068, Final residual = 1.2266085e-05, No Iterations 3
smoothSolver:  Solving for Uy, Initial residual = 0.0076350046, Final residual = 0.00011013887, No Iterations 3
smoothSolver:  Solving for Uz, Initial residual = 0.0077510266, Final residual = 0.00011203745, No Iterations 3
GAMG:  Solving for p, Initial residual = 0.0084460784, Final residual = 5.6991864e-05, No Iterations 3
GAMG:  Solving for p, Initial residual = 0.00020122144, Final residual = 1.1494389e-06, No Iterations 4
time step continuity errors : sum local = 1.2376952e-05, global = -8.3426913e-07, cumulative = -0.00027940435
smoothSolver:  Solving for omega, Initial residual = 0.00038909224, Final residual = 3.3602793e-06, No Iterations 2
smoothSolver:  Solving for k, Initial residual = 0.0019902343, Final residual = 2.1315997e-05, No Iterations 2
bounding k, min: 1.1542304e-16 max: 0.39565954 average: 0.060810716
ExecutionTime = 592.54143 s  ClockTime = 593 s

Time = 398s

smoothSolver:  Solving for Ux, Initial residual = 0.00085598518, Final residual = 1.2208494e-05, No Iterations 3
smoothSolver:  Solving for Uy, Initial residual = 0.0076783821, Final residual = 0.00011065835, No Iterations 3
smoothSolver:  Solving for Uz, Initial residual = 0.0077603784, Final residual = 0.00011205032, No Iterations 3
GAMG:  Solving for p, Initial residual = 0.0085526115, Final residual = 5.8649218e-05, No Iterations 3
GAMG:  Solving for p, Initial residual = 0.00020281133, Final residual = 1.1818078e-06, No Iterations 4
time step continuity errors : sum local = 1.2753703e-05, global = -7.4601982e-07, cumulative = -0.00028015037
smoothSolver:  Solving for omega, Initial residual = 0.00038760704, Final residual = 3.365815e-06, No Iterations 2
smoothSolver:  Solving for k, Initial residual = 0.0019783545, Final residual = 2.1114327e-05, No Iterations 2
bounding k, min: 1.1193693e-16 max: 0.39412441 average: 0.060792286
ExecutionTime = 594.33626 s  ClockTime = 595 s

Time = 399s

smoothSolver:  Solving for Ux, Initial residual = 0.00085362585, Final residual = 1.2142614e-05, No Iterations 3
smoothSolver:  Solving for Uy, Initial residual = 0.007720697, Final residual = 0.00011121159, No Iterations 3
smoothSolver:  Solving for Uz, Initial residual = 0.0077603892, Final residual = 0.00011202952, No Iterations 3
GAMG:  Solving for p, Initial residual = 0.0086399956, Final residual = 6.0479167e-05, No Iterations 3
GAMG:  Solving for p, Initial residual = 0.00020605685, Final residual = 1.2365216e-06, No Iterations 4
time step continuity errors : sum local = 1.33698e-05, global = -9.8140372e-07, cumulative = -0.00028113177
smoothSolver:  Solving for omega, Initial residual = 0.00039053698, Final residual = 3.3721447e-06, No Iterations 2
smoothSolver:  Solving for k, Initial residual = 0.0019687973, Final residual = 2.0976958e-05, No Iterations 2
bounding k, min: 1.1114703e-16 max: 0.39259689 average: 0.060774819
ExecutionTime = 595.8673 s  ClockTime = 596 s

Time = 400s

smoothSolver:  Solving for Ux, Initial residual = 0.00085121395, Final residual = 1.2069151e-05, No Iterations 3
smoothSolver:  Solving for Uy, Initial residual = 0.0077603992, Final residual = 0.00011169336, No Iterations 3
smoothSolver:  Solving for Uz, Initial residual = 0.0077659097, Final residual = 0.00011208679, No Iterations 3
GAMG:  Solving for p, Initial residual = 0.0087094653, Final residual = 6.2300291e-05, No Iterations 3
GAMG:  Solving for p, Initial residual = 0.00020944374, Final residual = 1.3180457e-06, No Iterations 4
time step continuity errors : sum local = 1.4276649e-05, global = -2.1719124e-06, cumulative = -0.00028330368
smoothSolver:  Solving for omega, Initial residual = 0.00038840262, Final residual = 3.4208013e-06, No Iterations 2
smoothSolver:  Solving for k, Initial residual = 0.0019575853, Final residual = 2.0833464e-05, No Iterations 2
bounding k, min: 1.0926578e-16 max: 0.39108961 average: 0.060757425
ExecutionTime = 597.36839 s  ClockTime = 598 s

Time = 401s

smoothSolver:  Solving for Ux, Initial residual = 0.00084814496, Final residual = 1.1986832e-05, No Iterations 3
smoothSolver:  Solving for Uy, Initial residual = 0.0077991047, Final residual = 0.00011213394, No Iterations 3
smoothSolver:  Solving for Uz, Initial residual = 0.0077689139, Final residual = 0.00011208354, No Iterations 3
GAMG:  Solving for p, Initial residual = 0.0088068207, Final residual = 6.4040381e-05, No Iterations 3
GAMG:  Solving for p, Initial residual = 0.00021353841, Final residual = 1.4034302e-06, No Iterations 4
time step continuity errors : sum local = 1.520749e-05, global = -2.9387628e-06, cumulative = -0.00028624245
smoothSolver:  Solving for omega, Initial residual = 0.00038887786, Final residual = 3.3336664e-06, No Iterations 2
smoothSolver:  Solving for k, Initial residual = 0.0019483777, Final residual = 2.0674538e-05, No Iterations 2
bounding k, min: 1.0819616e-16 max: 0.38960276 average: 0.060740806
ExecutionTime = 598.65053 s  ClockTime = 599 s

Time = 402s

smoothSolver:  Solving for Ux, Initial residual = 0.00084489911, Final residual = 1.189527e-05, No Iterations 3
smoothSolver:  Solving for Uy, Initial residual = 0.0078363379, Final residual = 0.00011247515, No Iterations 3
smoothSolver:  Solving for Uz, Initial residual = 0.0077754613, Final residual = 0.00011210051, No Iterations 3
GAMG:  Solving for p, Initial residual = 0.0089421734, Final residual = 6.5530277e-05, No Iterations 3
GAMG:  Solving for p, Initial residual = 0.00021664081, Final residual = 1.4781233e-06, No Iterations 4
time step continuity errors : sum local = 1.6020491e-05, global = -2.8832811e-06, cumulative = -0.00028912573
smoothSolver:  Solving for omega, Initial residual = 0.0003889291, Final residual = 3.377961e-06, No Iterations 2
smoothSolver:  Solving for k, Initial residual = 0.0019384245, Final residual = 2.051672e-05, No Iterations 2
bounding k, min: 1.078309e-16 max: 0.38813917 average: 0.060724438
ExecutionTime = 600.03457 s  ClockTime = 601 s

Time = 403s

smoothSolver:  Solving for Ux, Initial residual = 0.00084113397, Final residual = 1.179532e-05, No Iterations 3
smoothSolver:  Solving for Uy, Initial residual = 0.0078669607, Final residual = 0.00011267906, No Iterations 3
smoothSolver:  Solving for Uz, Initial residual = 0.0077799922, Final residual = 0.00011211708, No Iterations 3
GAMG:  Solving for p, Initial residual = 0.0090559728, Final residual = 6.6369876e-05, No Iterations 3
GAMG:  Solving for p, Initial residual = 0.00022057966, Final residual = 1.4568483e-06, No Iterations 4
time step continuity errors : sum local = 1.5792236e-05, global = -2.5320673e-06, cumulative = -0.00029165779
smoothSolver:  Solving for omega, Initial residual = 0.00039207639, Final residual = 3.3533852e-06, No Iterations 2
smoothSolver:  Solving for k, Initial residual = 0.0019322049, Final residual = 2.0416068e-05, No Iterations 2
bounding k, min: 1.0456288e-16 max: 0.38669552 average: 0.060708514
ExecutionTime = 601.37723 s  ClockTime = 602 s

Time = 404s

smoothSolver:  Solving for Ux, Initial residual = 0.00083708764, Final residual = 1.1686339e-05, No Iterations 3
smoothSolver:  Solving for Uy, Initial residual = 0.0078945137, Final residual = 0.00011277303, No Iterations 3
smoothSolver:  Solving for Uz, Initial residual = 0.007791783, Final residual = 0.00011218575, No Iterations 3
GAMG:  Solving for p, Initial residual = 0.0091532234, Final residual = 6.6766162e-05, No Iterations 3
GAMG:  Solving for p, Initial residual = 0.00022430432, Final residual = 1.4142784e-06, No Iterations 4
time step continuity errors : sum local = 1.532984e-05, global = -2.1948387e-06, cumulative = -0.00029385263
smoothSolver:  Solving for omega, Initial residual = 0.0003900803, Final residual = 3.4164039e-06, No Iterations 2
smoothSolver:  Solving for k, Initial residual = 0.0019251893, Final residual = 2.031208e-05, No Iterations 2
bounding k, min: 1.0208996e-16 max: 0.38527867 average: 0.060693028
ExecutionTime = 602.92575 s  ClockTime = 604 s

Time = 405s

smoothSolver:  Solving for Ux, Initial residual = 0.00083249811, Final residual = 1.1569457e-05, No Iterations 3
smoothSolver:  Solving for Uy, Initial residual = 0.0079135104, Final residual = 0.00011267751, No Iterations 3
smoothSolver:  Solving for Uz, Initial residual = 0.0077981211, Final residual = 0.00011212653, No Iterations 3
GAMG:  Solving for p, Initial residual = 0.0092522212, Final residual = 6.6027541e-05, No Iterations 3
GAMG:  Solving for p, Initial residual = 0.00022647413, Final residual = 1.3697538e-06, No Iterations 4
time step continuity errors : sum local = 1.4878937e-05, global = -1.9783404e-06, cumulative = -0.00029583097
smoothSolver:  Solving for omega, Initial residual = 0.00039077947, Final residual = 3.3620937e-06, No Iterations 2
smoothSolver:  Solving for k, Initial residual = 0.0019200793, Final residual = 2.0237535e-05, No Iterations 2
bounding k, min: 1.0024288e-16 max: 0.38388328 average: 0.060678044
ExecutionTime = 604.36823 s  ClockTime = 605 s

Time = 406s

smoothSolver:  Solving for Ux, Initial residual = 0.00082751622, Final residual = 1.144603e-05, No Iterations 3
smoothSolver:  Solving for Uy, Initial residual = 0.0079199926, Final residual = 0.00011241413, No Iterations 3
smoothSolver:  Solving for Uz, Initial residual = 0.007803723, Final residual = 0.00011208561, No Iterations 3
GAMG:  Solving for p, Initial residual = 0.0093410903, Final residual = 6.4786865e-05, No Iterations 3
GAMG:  Solving for p, Initial residual = 0.00022743426, Final residual = 1.3223323e-06, No Iterations 4
time step continuity errors : sum local = 1.4344944e-05, global = -1.7767949e-06, cumulative = -0.00029760777
smoothSolver:  Solving for omega, Initial residual = 0.00038940994, Final residual = 3.3534254e-06, No Iterations 2
smoothSolver:  Solving for k, Initial residual = 0.001910126, Final residual = 2.0070197e-05, No Iterations 2
bounding k, min: 9.8867906e-17 max: 0.38251782 average: 0.060663689
ExecutionTime = 605.84728 s  ClockTime = 606 s

Time = 407s

smoothSolver:  Solving for Ux, Initial residual = 0.0008220099, Final residual = 1.1316463e-05, No Iterations 3
smoothSolver:  Solving for Uy, Initial residual = 0.0079128913, Final residual = 0.00011198022, No Iterations 3
smoothSolver:  Solving for Uz, Initial residual = 0.007802714, Final residual = 0.00011200284, No Iterations 3
GAMG:  Solving for p, Initial residual = 0.0094148117, Final residual = 6.2789381e-05, No Iterations 3
GAMG:  Solving for p, Initial residual = 0.00022796416, Final residual = 1.2349492e-06, No Iterations 4
time step continuity errors : sum local = 1.3394429e-05, global = -1.2006021e-06, cumulative = -0.00029880837
smoothSolver:  Solving for omega, Initial residual = 0.00039024317, Final residual = 3.3094459e-06, No Iterations 2
smoothSolver:  Solving for k, Initial residual = 0.0019038772, Final residual = 2.0039495e-05, No Iterations 2
bounding k, min: 9.7863021e-17 max: 0.38118049 average: 0.060649903
ExecutionTime = 607.18383 s  ClockTime = 608 s

Time = 408s

smoothSolver:  Solving for Ux, Initial residual = 0.0008162929, Final residual = 1.1183919e-05, No Iterations 3
smoothSolver:  Solving for Uy, Initial residual = 0.0078954026, Final residual = 0.00011140008, No Iterations 3
smoothSolver:  Solving for Uz, Initial residual = 0.0078010008, Final residual = 0.00011188481, No Iterations 3
GAMG:  Solving for p, Initial residual = 0.0094571117, Final residual = 6.1430356e-05, No Iterations 3
GAMG:  Solving for p, Initial residual = 0.00022846441, Final residual = 1.1942626e-06, No Iterations 4
time step continuity errors : sum local = 1.2952556e-05, global = -5.0391688e-07, cumulative = -0.00029931229
smoothSolver:  Solving for omega, Initial residual = 0.00038929994, Final residual = 3.4361838e-06, No Iterations 2
smoothSolver:  Solving for k, Initial residual = 0.0018971151, Final residual = 1.9924486e-05, No Iterations 2
bounding k, min: 9.7215614e-17 max: 0.37989063 average: 0.060636513
ExecutionTime = 608.49525 s  ClockTime = 609 s

Time = 409s

smoothSolver:  Solving for Ux, Initial residual = 0.00081013336, Final residual = 1.1051649e-05, No Iterations 3
smoothSolver:  Solving for Uy, Initial residual = 0.0078645732, Final residual = 0.00011064927, No Iterations 3
smoothSolver:  Solving for Uz, Initial residual = 0.0077892691, Final residual = 0.0001117326, No Iterations 3
GAMG:  Solving for p, Initial residual = 0.0094841677, Final residual = 6.0606656e-05, No Iterations 3
GAMG:  Solving for p, Initial residual = 0.00022905327, Final residual = 1.2948801e-06, No Iterations 4
time step continuity errors : sum local = 1.4041107e-05, global = 8.7147934e-07, cumulative = -0.00029844081
smoothSolver:  Solving for omega, Initial residual = 0.00039091558, Final residual = 3.3445722e-06, No Iterations 2
smoothSolver:  Solving for k, Initial residual = 0.0018891628, Final residual = 1.9820192e-05, No Iterations 2
bounding k, min: 9.6744215e-17 max: 0.37853752 average: 0.060624093
ExecutionTime = 609.75873 s  ClockTime = 610 s

Time = 410s

smoothSolver:  Solving for Ux, Initial residual = 0.00080376242, Final residual = 1.092306e-05, No Iterations 3
smoothSolver:  Solving for Uy, Initial residual = 0.0078223454, Final residual = 0.00010984349, No Iterations 3
smoothSolver:  Solving for Uz, Initial residual = 0.0077709444, Final residual = 0.00011156662, No Iterations 3
GAMG:  Solving for p, Initial residual = 0.0094976153, Final residual = 6.0377705e-05, No Iterations 3
GAMG:  Solving for p, Initial residual = 0.00022859404, Final residual = 1.3463039e-06, No Iterations 4
time step continuity errors : sum local = 1.4597735e-05, global = 1.3125664e-06, cumulative = -0.00029712824
smoothSolver:  Solving for omega, Initial residual = 0.00038936733, Final residual = 3.3636845e-06, No Iterations 2
smoothSolver:  Solving for k, Initial residual = 0.0018802621, Final residual = 1.9720071e-05, No Iterations 2
bounding k, min: 9.6509624e-17 max: 0.37712697 average: 0.060612007
ExecutionTime = 610.93461 s  ClockTime = 612 s

Time = 411s

smoothSolver:  Solving for Ux, Initial residual = 0.00079731936, Final residual = 1.0802183e-05, No Iterations 3
smoothSolver:  Solving for Uy, Initial residual = 0.0077702469, Final residual = 0.00010899994, No Iterations 3
smoothSolver:  Solving for Uz, Initial residual = 0.0077457303, Final residual = 0.00011139842, No Iterations 3
GAMG:  Solving for p, Initial residual = 0.0094951113, Final residual = 6.1230969e-05, No Iterations 3
GAMG:  Solving for p, Initial residual = 0.00022963648, Final residual = 1.4164427e-06, No Iterations 4
time step continuity errors : sum local = 1.5359056e-05, global = 1.8410745e-06, cumulative = -0.00029528717
smoothSolver:  Solving for omega, Initial residual = 0.00039258174, Final residual = 3.3858118e-06, No Iterations 2
smoothSolver:  Solving for k, Initial residual = 0.0018742603, Final residual = 1.9685958e-05, No Iterations 2
bounding k, min: 9.6514296e-17 max: 0.37569615 average: 0.060600534
ExecutionTime = 612.18454 s  ClockTime = 613 s

Time = 412s

smoothSolver:  Solving for Ux, Initial residual = 0.0007909739, Final residual = 1.0687876e-05, No Iterations 3
smoothSolver:  Solving for Uy, Initial residual = 0.00771607, Final residual = 0.00010814001, No Iterations 3
smoothSolver:  Solving for Uz, Initial residual = 0.0077196615, Final residual = 0.00011124517, No Iterations 3
GAMG:  Solving for p, Initial residual = 0.0094877794, Final residual = 6.2662229e-05, No Iterations 3
GAMG:  Solving for p, Initial residual = 0.00023106106, Final residual = 1.4462959e-06, No Iterations 4
time step continuity errors : sum local = 1.566861e-05, global = 1.844466e-06, cumulative = -0.0002934427
smoothSolver:  Solving for omega, Initial residual = 0.00039129552, Final residual = 3.4075174e-06, No Iterations 2
smoothSolver:  Solving for k, Initial residual = 0.0018682167, Final residual = 1.9612296e-05, No Iterations 2
bounding k, min: 9.6776249e-17 max: 0.37427797 average: 0.06058916
ExecutionTime = 613.3669 s  ClockTime = 614 s

Time = 413s

smoothSolver:  Solving for Ux, Initial residual = 0.00078484224, Final residual = 1.0580647e-05, No Iterations 3
smoothSolver:  Solving for Uy, Initial residual = 0.007655629, Final residual = 0.0001073117, No Iterations 3
smoothSolver:  Solving for Uz, Initial residual = 0.0076888245, Final residual = 0.00011105147, No Iterations 3
GAMG:  Solving for p, Initial residual = 0.0094800872, Final residual = 6.3906696e-05, No Iterations 3
GAMG:  Solving for p, Initial residual = 0.00023245081, Final residual = 1.4897723e-06, No Iterations 4
time step continuity errors : sum local = 1.6172757e-05, global = 2.0163687e-06, cumulative = -0.00029142633
smoothSolver:  Solving for omega, Initial residual = 0.00039172919, Final residual = 3.3483902e-06, No Iterations 2
smoothSolver:  Solving for k, Initial residual = 0.0018606993, Final residual = 1.9506994e-05, No Iterations 2
bounding k, min: 9.7347261e-17 max: 0.37288168 average: 0.060578591
ExecutionTime = 614.61687 s  ClockTime = 615 s

Time = 414s

smoothSolver:  Solving for Ux, Initial residual = 0.0007788948, Final residual = 1.0480962e-05, No Iterations 3
smoothSolver:  Solving for Uy, Initial residual = 0.0075960249, Final residual = 0.00010651336, No Iterations 3
smoothSolver:  Solving for Uz, Initial residual = 0.0076532171, Final residual = 0.00011072567, No Iterations 3
GAMG:  Solving for p, Initial residual = 0.0094771483, Final residual = 6.5208e-05, No Iterations 3
GAMG:  Solving for p, Initial residual = 0.00023360333, Final residual = 1.5158443e-06, No Iterations 4
time step continuity errors : sum local = 1.6422247e-05, global = 1.8629798e-06, cumulative = -0.00028956335
smoothSolver:  Solving for omega, Initial residual = 0.00039070796, Final residual = 3.3973795e-06, No Iterations 2
smoothSolver:  Solving for k, Initial residual = 0.001854361, Final residual = 1.9444651e-05, No Iterations 2
bounding k, min: 9.8289178e-17 max: 0.37152622 average: 0.060568128
ExecutionTime = 615.91319 s  ClockTime = 617 s

Time = 415s

smoothSolver:  Solving for Ux, Initial residual = 0.00077324393, Final residual = 1.038738e-05, No Iterations 3
smoothSolver:  Solving for Uy, Initial residual = 0.0075369249, Final residual = 0.00010574152, No Iterations 3
smoothSolver:  Solving for Uz, Initial residual = 0.0076222264, Final residual = 0.0001104057, No Iterations 3
GAMG:  Solving for p, Initial residual = 0.0094241087, Final residual = 6.5533032e-05, No Iterations 3
GAMG:  Solving for p, Initial residual = 0.00023190138, Final residual = 1.4923238e-06, No Iterations 4
time step continuity errors : sum local = 1.6163526e-05, global = 1.7895781e-06, cumulative = -0.00028777377
smoothSolver:  Solving for omega, Initial residual = 0.00039145135, Final residual = 3.3236483e-06, No Iterations 2
smoothSolver:  Solving for k, Initial residual = 0.0018435827, Final residual = 1.9314038e-05, No Iterations 2
bounding k, min: 9.7534632e-17 max: 0.370211 average: 0.060558572
ExecutionTime = 617.2948 s  ClockTime = 618 s

Time = 416s

smoothSolver:  Solving for Ux, Initial residual = 0.0007676483, Final residual = 1.0297321e-05, No Iterations 3
smoothSolver:  Solving for Uy, Initial residual = 0.0074800172, Final residual = 0.00010505941, No Iterations 3
smoothSolver:  Solving for Uz, Initial residual = 0.0075825641, Final residual = 0.00010990811, No Iterations 3
GAMG:  Solving for p, Initial residual = 0.0093732542, Final residual = 6.5932684e-05, No Iterations 3
GAMG:  Solving for p, Initial residual = 0.00023021976, Final residual = 1.4850705e-06, No Iterations 4
time step continuity errors : sum local = 1.6079346e-05, global = 1.6376004e-06, cumulative = -0.00028613617
smoothSolver:  Solving for omega, Initial residual = 0.00038988638, Final residual = 3.4029335e-06, No Iterations 2
smoothSolver:  Solving for k, Initial residual = 0.001838221, Final residual = 1.930859e-05, No Iterations 2
bounding k, min: 9.633675e-17 max: 0.36894652 average: 0.060548715
ExecutionTime = 618.59318 s  ClockTime = 619 s

Time = 417s

smoothSolver:  Solving for Ux, Initial residual = 0.00076254715, Final residual = 1.021169e-05, No Iterations 3
smoothSolver:  Solving for Uy, Initial residual = 0.0074270952, Final residual = 0.00010444031, No Iterations 3
smoothSolver:  Solving for Uz, Initial residual = 0.0075439112, Final residual = 0.00010932284, No Iterations 3
GAMG:  Solving for p, Initial residual = 0.0093387228, Final residual = 6.5841292e-05, No Iterations 3
GAMG:  Solving for p, Initial residual = 0.00022807593, Final residual = 1.4287077e-06, No Iterations 4
time step continuity errors : sum local = 1.5450371e-05, global = 1.3841132e-06, cumulative = -0.00028475206
smoothSolver:  Solving for omega, Initial residual = 0.00039352416, Final residual = 3.4067294e-06, No Iterations 2
smoothSolver:  Solving for k, Initial residual = 0.0018294517, Final residual = 1.9185616e-05, No Iterations 2
bounding k, min: 9.5357084e-17 max: 0.36772339 average: 0.060539733
ExecutionTime = 619.80882 s  ClockTime = 620 s

Time = 418s

smoothSolver:  Solving for Ux, Initial residual = 0.00075777104, Final residual = 1.0132397e-05, No Iterations 3
smoothSolver:  Solving for Uy, Initial residual = 0.0073803784, Final residual = 0.00010386606, No Iterations 3
smoothSolver:  Solving for Uz, Initial residual = 0.0074977771, Final residual = 0.0001086402, No Iterations 3
GAMG:  Solving for p, Initial residual = 0.0092674719, Final residual = 6.5764807e-05, No Iterations 3
GAMG:  Solving for p, Initial residual = 0.00022664873, Final residual = 1.4302243e-06, No Iterations 4
time step continuity errors : sum local = 1.54711e-05, global = 1.4261267e-06, cumulative = -0.00028332593
smoothSolver:  Solving for omega, Initial residual = 0.0003909154, Final residual = 3.3417518e-06, No Iterations 2
smoothSolver:  Solving for k, Initial residual = 0.0018221701, Final residual = 1.9135908e-05, No Iterations 2
bounding k, min: 9.4645405e-17 max: 0.36655188 average: 0.060530595
ExecutionTime = 621.31965 s  ClockTime = 622 s

Time = 419s

smoothSolver:  Solving for Ux, Initial residual = 0.00075354161, Final residual = 1.0057708e-05, No Iterations 3
smoothSolver:  Solving for Uy, Initial residual = 0.0073407316, Final residual = 0.00010334719, No Iterations 3
smoothSolver:  Solving for Uz, Initial residual = 0.0074546996, Final residual = 0.00010789836, No Iterations 3
GAMG:  Solving for p, Initial residual = 0.0092093138, Final residual = 6.6042017e-05, No Iterations 3
GAMG:  Solving for p, Initial residual = 0.0002255133, Final residual = 1.4161377e-06, No Iterations 4
time step continuity errors : sum local = 1.5280358e-05, global = 1.2636202e-06, cumulative = -0.00028206231
smoothSolver:  Solving for omega, Initial residual = 0.0003909086, Final residual = 3.3033353e-06, No Iterations 2
smoothSolver:  Solving for k, Initial residual = 0.0018168388, Final residual = 1.9092776e-05, No Iterations 2
bounding k, min: 9.4205305e-17 max: 0.36542479 average: 0.060522119
ExecutionTime = 622.88548 s  ClockTime = 624 s

Time = 420s

smoothSolver:  Solving for Ux, Initial residual = 0.00074967829, Final residual = 9.9907751e-06, No Iterations 3
smoothSolver:  Solving for Uy, Initial residual = 0.0073067952, Final residual = 0.00010287303, No Iterations 3
smoothSolver:  Solving for Uz, Initial residual = 0.0074078379, Final residual = 0.00010715317, No Iterations 3
GAMG:  Solving for p, Initial residual = 0.009187931, Final residual = 6.6430504e-05, No Iterations 3
GAMG:  Solving for p, Initial residual = 0.00022589334, Final residual = 1.445213e-06, No Iterations 4
time step continuity errors : sum local = 1.5582771e-05, global = 1.276407e-06, cumulative = -0.00028078591
smoothSolver:  Solving for omega, Initial residual = 0.00039212998, Final residual = 3.4665077e-06, No Iterations 2
smoothSolver:  Solving for k, Initial residual = 0.0018107332, Final residual = 1.9039764e-05, No Iterations 2
bounding k, min: 9.2837621e-17 max: 0.36435028 average: 0.060513384
ExecutionTime = 624.26267 s  ClockTime = 625 s

Time = 421s

smoothSolver:  Solving for Ux, Initial residual = 0.00074651884, Final residual = 9.92918e-06, No Iterations 3
smoothSolver:  Solving for Uy, Initial residual = 0.0072815758, Final residual = 0.00010244279, No Iterations 3
smoothSolver:  Solving for Uz, Initial residual = 0.0073621029, Final residual = 0.00010637162, No Iterations 3
GAMG:  Solving for p, Initial residual = 0.0092142469, Final residual = 6.7638023e-05, No Iterations 3
GAMG:  Solving for p, Initial residual = 0.00022643759, Final residual = 1.4383428e-06, No Iterations 4
time step continuity errors : sum local = 1.5471007e-05, global = 1.1906901e-06, cumulative = -0.00027959522
smoothSolver:  Solving for omega, Initial residual = 0.00039343, Final residual = 3.4004397e-06, No Iterations 2
smoothSolver:  Solving for k, Initial residual = 0.0018093046, Final residual = 1.9059275e-05, No Iterations 2
bounding k, min: 9.1547653e-17 max: 0.36331728 average: 0.060504933
ExecutionTime = 625.76593 s  ClockTime = 626 s

Time = 422s

smoothSolver:  Solving for Ux, Initial residual = 0.00074383918, Final residual = 9.8741108e-06, No Iterations 3
smoothSolver:  Solving for Uy, Initial residual = 0.007267587, Final residual = 0.00010206581, No Iterations 3
smoothSolver:  Solving for Uz, Initial residual = 0.0073252521, Final residual = 0.00010561154, No Iterations 3
GAMG:  Solving for p, Initial residual = 0.0091941508, Final residual = 6.952839e-05, No Iterations 3
GAMG:  Solving for p, Initial residual = 0.0002269597, Final residual = 1.4603232e-06, No Iterations 4
time step continuity errors : sum local = 1.5684115e-05, global = 9.6400497e-07, cumulative = -0.00027863121
smoothSolver:  Solving for omega, Initial residual = 0.00038995812, Final residual = 3.3659695e-06, No Iterations 2
smoothSolver:  Solving for k, Initial residual = 0.0018040414, Final residual = 1.8980229e-05, No Iterations 2
bounding k, min: 9.1371269e-17 max: 0.36232965 average: 0.060496488
ExecutionTime = 627.57055 s  ClockTime = 628 s

Time = 423s

smoothSolver:  Solving for Ux, Initial residual = 0.0007416101, Final residual = 9.8259052e-06, No Iterations 3
smoothSolver:  Solving for Uy, Initial residual = 0.0072549047, Final residual = 0.0001016571, No Iterations 3
smoothSolver:  Solving for Uz, Initial residual = 0.0072905839, Final residual = 0.00010484082, No Iterations 3
GAMG:  Solving for p, Initial residual = 0.0091740413, Final residual = 7.0596012e-05, No Iterations 3
GAMG:  Solving for p, Initial residual = 0.00022479136, Final residual = 1.4685075e-06, No Iterations 4
time step continuity errors : sum local = 1.5783016e-05, global = 8.9829761e-07, cumulative = -0.00027773291
smoothSolver:  Solving for omega, Initial residual = 0.00039301924, Final residual = 3.3989859e-06, No Iterations 2
smoothSolver:  Solving for k, Initial residual = 0.0017995853, Final residual = 1.8954791e-05, No Iterations 2
bounding k, min: 9.1620195e-17 max: 0.3613724 average: 0.060488532
ExecutionTime = 629.36485 s  ClockTime = 630 s

Time = 424s

smoothSolver:  Solving for Ux, Initial residual = 0.0007398587, Final residual = 9.7855937e-06, No Iterations 3
smoothSolver:  Solving for Uy, Initial residual = 0.0072515474, Final residual = 0.00010126309, No Iterations 3
smoothSolver:  Solving for Uz, Initial residual = 0.0072569211, Final residual = 0.0001040714, No Iterations 3
GAMG:  Solving for p, Initial residual = 0.0091826266, Final residual = 7.1970098e-05, No Iterations 3
GAMG:  Solving for p, Initial residual = 0.00022396971, Final residual = 1.510107e-06, No Iterations 4
time step continuity errors : sum local = 1.6203628e-05, global = 6.9151513e-07, cumulative = -0.0002770414
smoothSolver:  Solving for omega, Initial residual = 0.00039298691, Final residual = 3.4138132e-06, No Iterations 2
smoothSolver:  Solving for k, Initial residual = 0.0017938398, Final residual = 1.8944205e-05, No Iterations 2
bounding k, min: 9.1300111e-17 max: 0.36044535 average: 0.060480659
ExecutionTime = 630.87961 s  ClockTime = 632 s

Time = 425s

smoothSolver:  Solving for Ux, Initial residual = 0.00073858973, Final residual = 9.7505826e-06, No Iterations 3
smoothSolver:  Solving for Uy, Initial residual = 0.0072478557, Final residual = 0.00010084606, No Iterations 3
smoothSolver:  Solving for Uz, Initial residual = 0.007223629, Final residual = 0.00010327927, No Iterations 3
GAMG:  Solving for p, Initial residual = 0.0091599604, Final residual = 7.2854209e-05, No Iterations 3
GAMG:  Solving for p, Initial residual = 0.00022236298, Final residual = 1.4986452e-06, No Iterations 4
time step continuity errors : sum local = 1.6071166e-05, global = 4.8093148e-07, cumulative = -0.00027656047
smoothSolver:  Solving for omega, Initial residual = 0.00039332613, Final residual = 3.3490089e-06, No Iterations 2
smoothSolver:  Solving for k, Initial residual = 0.0017917197, Final residual = 1.8920618e-05, No Iterations 2
bounding k, min: 9.1298732e-17 max: 0.35953828 average: 0.060473387
ExecutionTime = 632.15936 s  ClockTime = 633 s

Time = 426s

smoothSolver:  Solving for Ux, Initial residual = 0.00073776562, Final residual = 9.7232017e-06, No Iterations 3
smoothSolver:  Solving for Uy, Initial residual = 0.0072499604, Final residual = 0.00010045553, No Iterations 3
smoothSolver:  Solving for Uz, Initial residual = 0.0071926232, Final residual = 0.00010247792, No Iterations 3
GAMG:  Solving for p, Initial residual = 0.0091653068, Final residual = 7.4469212e-05, No Iterations 3
GAMG:  Solving for p, Initial residual = 0.00022187562, Final residual = 1.5312084e-06, No Iterations 4
time step continuity errors : sum local = 1.6410555e-05, global = -1.522199e-09, cumulative = -0.00027656199
smoothSolver:  Solving for omega, Initial residual = 0.00039374774, Final residual = 3.4128402e-06, No Iterations 2
smoothSolver:  Solving for k, Initial residual = 0.0017866099, Final residual = 1.8892406e-05, No Iterations 2
bounding k, min: 9.1320934e-17 max: 0.35865693 average: 0.060466152
ExecutionTime = 633.50616 s  ClockTime = 634 s

Time = 427s

smoothSolver:  Solving for Ux, Initial residual = 0.00073721547, Final residual = 9.7025655e-06, No Iterations 3
smoothSolver:  Solving for Uy, Initial residual = 0.0072530905, Final residual = 0.00010005811, No Iterations 3
smoothSolver:  Solving for Uz, Initial residual = 0.0071605972, Final residual = 0.00010160947, No Iterations 3
GAMG:  Solving for p, Initial residual = 0.0091474115, Final residual = 7.6000778e-05, No Iterations 3
GAMG:  Solving for p, Initial residual = 0.00022054739, Final residual = 1.5200842e-06, No Iterations 4
time step continuity errors : sum local = 1.6282567e-05, global = -1.0996339e-07, cumulative = -0.00027667195
smoothSolver:  Solving for omega, Initial residual = 0.00039440346, Final residual = 3.3662176e-06, No Iterations 2
smoothSolver:  Solving for k, Initial residual = 0.0017820019, Final residual = 1.888002e-05, No Iterations 2
bounding k, min: 9.1166573e-17 max: 0.35778668 average: 0.060459455
ExecutionTime = 634.82209 s  ClockTime = 635 s

Time = 428s

smoothSolver:  Solving for Ux, Initial residual = 0.00073720463, Final residual = 9.6890743e-06, No Iterations 3
smoothSolver:  Solving for Uy, Initial residual = 0.0072581843, Final residual = 9.967467e-05, No Iterations 3
smoothSolver:  Solving for Uz, Initial residual = 0.0071267587, Final residual = 0.0001007053, No Iterations 3
GAMG:  Solving for p, Initial residual = 0.0091393767, Final residual = 7.8467808e-05, No Iterations 3
GAMG:  Solving for p, Initial residual = 0.00022065783, Final residual = 1.5390138e-06, No Iterations 4
time step continuity errors : sum local = 1.6474951e-05, global = -2.6005198e-07, cumulative = -0.000276932
smoothSolver:  Solving for omega, Initial residual = 0.00039376743, Final residual = 3.4584339e-06, No Iterations 2
smoothSolver:  Solving for k, Initial residual = 0.0017797233, Final residual = 1.8858813e-05, No Iterations 2
bounding k, min: 9.1109219e-17 max: 0.3569304 average: 0.060452622
ExecutionTime = 636.10534 s  ClockTime = 637 s

Time = 429s

smoothSolver:  Solving for Ux, Initial residual = 0.00073766838, Final residual = 9.6791374e-06, No Iterations 3
smoothSolver:  Solving for Uy, Initial residual = 0.007262086, Final residual = 9.9298544e-05, No Iterations 3
smoothSolver:  Solving for Uz, Initial residual = 0.0070914003, Final residual = 9.9819919e-05, No Iterations 3
GAMG:  Solving for p, Initial residual = 0.0091122476, Final residual = 8.0170517e-05, No Iterations 3
GAMG:  Solving for p, Initial residual = 0.00021929494, Final residual = 1.5263378e-06, No Iterations 4
time step continuity errors : sum local = 1.6327293e-05, global = -4.0438481e-07, cumulative = -0.00027733639
smoothSolver:  Solving for omega, Initial residual = 0.00039727811, Final residual = 3.4158065e-06, No Iterations 2
smoothSolver:  Solving for k, Initial residual = 0.0017779416, Final residual = 1.8880421e-05, No Iterations 2
bounding k, min: 9.1132029e-17 max: 0.35607073 average: 0.060446526
ExecutionTime = 637.40041 s  ClockTime = 638 s

Time = 430s

smoothSolver:  Solving for Ux, Initial residual = 0.00073858522, Final residual = 9.675221e-06, No Iterations 3
smoothSolver:  Solving for Uy, Initial residual = 0.0072697297, Final residual = 9.8935018e-05, No Iterations 3
smoothSolver:  Solving for Uz, Initial residual = 0.0070535352, Final residual = 9.8921833e-05, No Iterations 3
GAMG:  Solving for p, Initial residual = 0.0090951978, Final residual = 8.1359074e-05, No Iterations 3
GAMG:  Solving for p, Initial residual = 0.00021863394, Final residual = 1.536131e-06, No Iterations 4
time step continuity errors : sum local = 1.6421125e-05, global = -5.5484019e-07, cumulative = -0.00027789123
smoothSolver:  Solving for omega, Initial residual = 0.00039418646, Final residual = 3.3712782e-06, No Iterations 2
smoothSolver:  Solving for k, Initial residual = 0.0017789288, Final residual = 1.8885899e-05, No Iterations 2
bounding k, min: 9.1220203e-17 max: 0.3552092 average: 0.06044012
ExecutionTime = 638.60064 s  ClockTime = 639 s

Time = 431s

smoothSolver:  Solving for Ux, Initial residual = 0.00073985491, Final residual = 9.6751337e-06, No Iterations 3
smoothSolver:  Solving for Uy, Initial residual = 0.0072761552, Final residual = 9.8612655e-05, No Iterations 3
smoothSolver:  Solving for Uz, Initial residual = 0.0070166357, Final residual = 9.8086325e-05, No Iterations 3
GAMG:  Solving for p, Initial residual = 0.0090423981, Final residual = 8.1742442e-05, No Iterations 3
GAMG:  Solving for p, Initial residual = 0.00021646213, Final residual = 1.5083795e-06, No Iterations 4
time step continuity errors : sum local = 1.6113834e-05, global = -6.7217568e-07, cumulative = -0.00027856341
smoothSolver:  Solving for omega, Initial residual = 0.00039302598, Final residual = 3.315256e-06, No Iterations 2
smoothSolver:  Solving for k, Initial residual = 0.0017793471, Final residual = 1.8919252e-05, No Iterations 2
bounding k, min: 9.1396023e-17 max: 0.35433611 average: 0.060434286
ExecutionTime = 639.94331 s  ClockTime = 641 s

Time = 432s

smoothSolver:  Solving for Ux, Initial residual = 0.0007412179, Final residual = 9.6813536e-06, No Iterations 3
smoothSolver:  Solving for Uy, Initial residual = 0.0072844072, Final residual = 9.8378041e-05, No Iterations 3
smoothSolver:  Solving for Uz, Initial residual = 0.0069795452, Final residual = 9.7244253e-05, No Iterations 3
GAMG:  Solving for p, Initial residual = 0.0090260048, Final residual = 8.2166361e-05, No Iterations 3
GAMG:  Solving for p, Initial residual = 0.00021518684, Final residual = 1.5078262e-06, No Iterations 4
time step continuity errors : sum local = 1.6097919e-05, global = -9.8891179e-07, cumulative = -0.00027955232
smoothSolver:  Solving for omega, Initial residual = 0.00039344216, Final residual = 3.4249195e-06, No Iterations 2
smoothSolver:  Solving for k, Initial residual = 0.0017784321, Final residual = 1.8903852e-05, No Iterations 2
bounding k, min: 9.1361138e-17 max: 0.35346279 average: 0.060428032
ExecutionTime = 641.44781 s  ClockTime = 642 s

Time = 433s

smoothSolver:  Solving for Ux, Initial residual = 0.00074266598, Final residual = 9.689204e-06, No Iterations 3
smoothSolver:  Solving for Uy, Initial residual = 0.0072885184, Final residual = 9.8112914e-05, No Iterations 3
smoothSolver:  Solving for Uz, Initial residual = 0.0069448608, Final residual = 9.6521891e-05, No Iterations 3
GAMG:  Solving for p, Initial residual = 0.0090120918, Final residual = 8.1534674e-05, No Iterations 3
GAMG:  Solving for p, Initial residual = 0.00021221066, Final residual = 1.4958926e-06, No Iterations 4
time step continuity errors : sum local = 1.5960762e-05, global = -1.0589536e-06, cumulative = -0.00028061127
smoothSolver:  Solving for omega, Initial residual = 0.00039570367, Final residual = 3.4214348e-06, No Iterations 2
smoothSolver:  Solving for k, Initial residual = 0.0017809961, Final residual = 1.8961208e-05, No Iterations 2
bounding k, min: 9.1373618e-17 max: 0.35319729 average: 0.060422238
ExecutionTime = 643.15419 s  ClockTime = 644 s

Time = 434s

smoothSolver:  Solving for Ux, Initial residual = 0.00074424686, Final residual = 9.702333e-06, No Iterations 3
smoothSolver:  Solving for Uy, Initial residual = 0.0072964036, Final residual = 9.794843e-05, No Iterations 3
smoothSolver:  Solving for Uz, Initial residual = 0.0069149164, Final residual = 9.5841698e-05, No Iterations 3
GAMG:  Solving for p, Initial residual = 0.0090150217, Final residual = 8.088149e-05, No Iterations 3
GAMG:  Solving for p, Initial residual = 0.00021015502, Final residual = 1.5288956e-06, No Iterations 4
time step continuity errors : sum local = 1.6303314e-05, global = -1.2891367e-06, cumulative = -0.00028190041
smoothSolver:  Solving for omega, Initial residual = 0.00039517897, Final residual = 3.4548365e-06, No Iterations 2
smoothSolver:  Solving for k, Initial residual = 0.0017810919, Final residual = 1.8963063e-05, No Iterations 2
bounding k, min: 9.1375747e-17 max: 0.35300444 average: 0.060416504
ExecutionTime = 645.1317 s  ClockTime = 646 s

Time = 435s

smoothSolver:  Solving for Ux, Initial residual = 0.00074584285, Final residual = 9.7175318e-06, No Iterations 3
smoothSolver:  Solving for Uy, Initial residual = 0.0073036738, Final residual = 9.7769727e-05, No Iterations 3
smoothSolver:  Solving for Uz, Initial residual = 0.0068856101, Final residual = 9.5268166e-05, No Iterations 3
GAMG:  Solving for p, Initial residual = 0.0089917964, Final residual = 7.9733499e-05, No Iterations 3
GAMG:  Solving for p, Initial residual = 0.00020806104, Final residual = 1.6000969e-06, No Iterations 4
time step continuity errors : sum local = 1.7051776e-05, global = -1.4040499e-06, cumulative = -0.00028330446
smoothSolver:  Solving for omega, Initial residual = 0.00039654564, Final residual = 3.3666635e-06, No Iterations 2
smoothSolver:  Solving for k, Initial residual = 0.0017798364, Final residual = 1.892928e-05, No Iterations 2
bounding k, min: 9.1428004e-17 max: 0.35279618 average: 0.060411271
ExecutionTime = 646.95643 s  ClockTime = 648 s

Time = 436s

smoothSolver:  Solving for Ux, Initial residual = 0.00074765938, Final residual = 9.741067e-06, No Iterations 3
smoothSolver:  Solving for Uy, Initial residual = 0.0073104307, Final residual = 9.7639505e-05, No Iterations 3
smoothSolver:  Solving for Uz, Initial residual = 0.006856808, Final residual = 9.4761934e-05, No Iterations 3
GAMG:  Solving for p, Initial residual = 0.0089590756, Final residual = 7.9340562e-05, No Iterations 3
GAMG:  Solving for p, Initial residual = 0.00020682257, Final residual = 1.6876337e-06, No Iterations 4
time step continuity errors : sum local = 1.7972503e-05, global = -1.4728e-06, cumulative = -0.00028477726
smoothSolver:  Solving for omega, Initial residual = 0.00039398919, Final residual = 3.4103351e-06, No Iterations 2
smoothSolver:  Solving for k, Initial residual = 0.0017830864, Final residual = 1.9023752e-05, No Iterations 2
bounding k, min: 9.1552777e-17 max: 0.35257709 average: 0.060405545
ExecutionTime = 648.90923 s  ClockTime = 650 s

Time = 437s

smoothSolver:  Solving for Ux, Initial residual = 0.00074942896, Final residual = 9.765259e-06, No Iterations 3
smoothSolver:  Solving for Uy, Initial residual = 0.0073216834, Final residual = 9.7543948e-05, No Iterations 3
smoothSolver:  Solving for Uz, Initial residual = 0.0068339023, Final residual = 9.4407527e-05, No Iterations 3
GAMG:  Solving for p, Initial residual = 0.0089130312, Final residual = 7.9295157e-05, No Iterations 3
GAMG:  Solving for p, Initial residual = 0.00020591973, Final residual = 1.8446297e-06, No Iterations 4
time step continuity errors : sum local = 1.9632431e-05, global = -1.5403477e-06, cumulative = -0.00028631761
smoothSolver:  Solving for omega, Initial residual = 0.00039629361, Final residual = 3.4339489e-06, No Iterations 2
smoothSolver:  Solving for k, Initial residual = 0.0017847204, Final residual = 1.8967246e-05, No Iterations 2
bounding k, min: 9.1944462e-17 max: 0.35234788 average: 0.060400253
ExecutionTime = 650.63495 s  ClockTime = 651 s

Time = 438s

smoothSolver:  Solving for Ux, Initial residual = 0.00075147893, Final residual = 9.7969933e-06, No Iterations 3
smoothSolver:  Solving for Uy, Initial residual = 0.0073311201, Final residual = 9.7475189e-05, No Iterations 3
smoothSolver:  Solving for Uz, Initial residual = 0.0068131871, Final residual = 9.4132623e-05, No Iterations 3
GAMG:  Solving for p, Initial residual = 0.0088778215, Final residual = 8.0297405e-05, No Iterations 3
GAMG:  Solving for p, Initial residual = 0.0002072804, Final residual = 1.9021931e-06, No Iterations 4
time step continuity errors : sum local = 2.0232129e-05, global = -1.6065456e-06, cumulative = -0.00028792415
smoothSolver:  Solving for omega, Initial residual = 0.00039643643, Final residual = 3.436869e-06, No Iterations 2
smoothSolver:  Solving for k, Initial residual = 0.0017847555, Final residual = 1.8985286e-05, No Iterations 2
bounding k, min: 9.2833137e-17 max: 0.35211767 average: 0.060394938
ExecutionTime = 652.30744 s  ClockTime = 653 s

Time = 439s

smoothSolver:  Solving for Ux, Initial residual = 0.0007531464, Final residual = 9.830655e-06, No Iterations 3
smoothSolver:  Solving for Uy, Initial residual = 0.0073405611, Final residual = 9.7461761e-05, No Iterations 3
smoothSolver:  Solving for Uz, Initial residual = 0.0067970358, Final residual = 9.3965508e-05, No Iterations 3
GAMG:  Solving for p, Initial residual = 0.0088526144, Final residual = 8.1938782e-05, No Iterations 3
GAMG:  Solving for p, Initial residual = 0.00020890291, Final residual = 2.0243769e-06, No Iterations 4
time step continuity errors : sum local = 2.1517466e-05, global = -1.6292649e-06, cumulative = -0.00028955342
smoothSolver:  Solving for omega, Initial residual = 0.00039467891, Final residual = 3.3349555e-06, No Iterations 2
smoothSolver:  Solving for k, Initial residual = 0.0017863384, Final residual = 1.8976413e-05, No Iterations 2
bounding k, min: 9.511416e-17 max: 0.35186356 average: 0.060390073
ExecutionTime = 653.95767 s  ClockTime = 655 s

Time = 440s

smoothSolver:  Solving for Ux, Initial residual = 0.00075515647, Final residual = 9.8735793e-06, No Iterations 3
smoothSolver:  Solving for Uy, Initial residual = 0.0073478095, Final residual = 9.7487148e-05, No Iterations 3
smoothSolver:  Solving for Uz, Initial residual = 0.0067856335, Final residual = 9.3888147e-05, No Iterations 3
GAMG:  Solving for p, Initial residual = 0.0088472357, Final residual = 8.4068511e-05, No Iterations 3
GAMG:  Solving for p, Initial residual = 0.0002094993, Final residual = 2.0724455e-06, No Iterations 4
time step continuity errors : sum local = 2.2013377e-05, global = -1.615962e-06, cumulative = -0.00029116938
smoothSolver:  Solving for omega, Initial residual = 0.00039430412, Final residual = 3.4362597e-06, No Iterations 2
smoothSolver:  Solving for k, Initial residual = 0.0017876776, Final residual = 1.8983969e-05, No Iterations 2
bounding k, min: 9.5734001e-17 max: 0.35159663 average: 0.060385054
ExecutionTime = 655.44028 s  ClockTime = 656 s

Time = 441s

smoothSolver:  Solving for Ux, Initial residual = 0.00075714127, Final residual = 9.9215464e-06, No Iterations 3
smoothSolver:  Solving for Uy, Initial residual = 0.0073537558, Final residual = 9.7609719e-05, No Iterations 3
smoothSolver:  Solving for Uz, Initial residual = 0.0067773165, Final residual = 9.3920795e-05, No Iterations 3
GAMG:  Solving for p, Initial residual = 0.0088227099, Final residual = 8.6088504e-05, No Iterations 3
GAMG:  Solving for p, Initial residual = 0.00020995202, Final residual = 9.3916247e-07, No Iterations 5
time step continuity errors : sum local = 9.9688185e-06, global = 2.498628e-07, cumulative = -0.00029091951
smoothSolver:  Solving for omega, Initial residual = 0.00039704362, Final residual = 3.4137519e-06, No Iterations 2
smoothSolver:  Solving for k, Initial residual = 0.0017901022, Final residual = 1.8986874e-05, No Iterations 2
bounding k, min: 9.8229197e-17 max: 0.35131193 average: 0.060380608
ExecutionTime = 657.12516 s  ClockTime = 658 s

Time = 442s

smoothSolver:  Solving for Ux, Initial residual = 0.00075949188, Final residual = 9.980494e-06, No Iterations 3
smoothSolver:  Solving for Uy, Initial residual = 0.0073606965, Final residual = 9.7847692e-05, No Iterations 3
smoothSolver:  Solving for Uz, Initial residual = 0.0067759815, Final residual = 9.4048389e-05, No Iterations 3
GAMG:  Solving for p, Initial residual = 0.0088317753, Final residual = 3.1132759e-05, No Iterations 4
GAMG:  Solving for p, Initial residual = 0.00016370769, Final residual = 1.1869676e-06, No Iterations 4
time step continuity errors : sum local = 1.2590085e-05, global = -9.2806183e-07, cumulative = -0.00029184758
smoothSolver:  Solving for omega, Initial residual = 0.00039707826, Final residual = 3.428592e-06, No Iterations 2
smoothSolver:  Solving for k, Initial residual = 0.0017929543, Final residual = 1.8996416e-05, No Iterations 2
bounding k, min: 1.0526758e-16 max: 0.35102932 average: 0.060375706
ExecutionTime = 658.39917 s  ClockTime = 659 s

Time = 443s

smoothSolver:  Solving for Ux, Initial residual = 0.00076198848, Final residual = 1.0049728e-05, No Iterations 3
smoothSolver:  Solving for Uy, Initial residual = 0.0073651521, Final residual = 9.8188834e-05, No Iterations 3
smoothSolver:  Solving for Uz, Initial residual = 0.0067774176, Final residual = 9.4256287e-05, No Iterations 3
GAMG:  Solving for p, Initial residual = 0.0088493988, Final residual = 3.1797078e-05, No Iterations 4
GAMG:  Solving for p, Initial residual = 0.00016384059, Final residual = 1.2057459e-06, No Iterations 4
time step continuity errors : sum local = 1.2778067e-05, global = -8.8163334e-07, cumulative = -0.00029272921
smoothSolver:  Solving for omega, Initial residual = 0.00039667448, Final residual = 3.3619674e-06, No Iterations 2
smoothSolver:  Solving for k, Initial residual = 0.0017946583, Final residual = 1.9003211e-05, No Iterations 2
bounding k, min: 1.2652919e-16 max: 0.35072745 average: 0.060371597
ExecutionTime = 659.61333 s  ClockTime = 660 s

Time = 444s

smoothSolver:  Solving for Ux, Initial residual = 0.00076493858, Final residual = 1.0131509e-05, No Iterations 3
smoothSolver:  Solving for Uy, Initial residual = 0.0073742285, Final residual = 9.8613783e-05, No Iterations 3
smoothSolver:  Solving for Uz, Initial residual = 0.0067838322, Final residual = 9.4522153e-05, No Iterations 3
GAMG:  Solving for p, Initial residual = 0.008867113, Final residual = 3.2088002e-05, No Iterations 4
GAMG:  Solving for p, Initial residual = 0.00016521657, Final residual = 1.1385088e-06, No Iterations 4
time step continuity errors : sum local = 1.2054823e-05, global = -8.3164574e-07, cumulative = -0.00029356086
smoothSolver:  Solving for omega, Initial residual = 0.00039711523, Final residual = 3.4786086e-06, No Iterations 2
smoothSolver:  Solving for k, Initial residual = 0.001798553, Final residual = 1.9018122e-05, No Iterations 2
bounding k, min: 1.3543747e-16 max: 0.3504222 average: 0.060367304
ExecutionTime = 661.50893 s  ClockTime = 662 s

Time = 445s

smoothSolver:  Solving for Ux, Initial residual = 0.00076845725, Final residual = 1.022273e-05, No Iterations 3
smoothSolver:  Solving for Uy, Initial residual = 0.007387079, Final residual = 9.9192463e-05, No Iterations 3
smoothSolver:  Solving for Uz, Initial residual = 0.0067901359, Final residual = 9.4772301e-05, No Iterations 3
GAMG:  Solving for p, Initial residual = 0.0088827906, Final residual = 3.2172542e-05, No Iterations 4
GAMG:  Solving for p, Initial residual = 0.00016699656, Final residual = 1.1354545e-06, No Iterations 4
time step continuity errors : sum local = 1.2011903e-05, global = -7.5601223e-07, cumulative = -0.00029431687
smoothSolver:  Solving for omega, Initial residual = 0.00039779554, Final residual = 3.4168046e-06, No Iterations 2
smoothSolver:  Solving for k, Initial residual = 0.0018005283, Final residual = 1.9013269e-05, No Iterations 2
bounding k, min: 1.6741946e-16 max: 0.35008823 average: 0.060363751
ExecutionTime = 663.20596 s  ClockTime = 664 s

Time = 446s

smoothSolver:  Solving for Ux, Initial residual = 0.00077267244, Final residual = 1.0321722e-05, No Iterations 3
smoothSolver:  Solving for Uy, Initial residual = 0.0074045804, Final residual = 9.9781216e-05, No Iterations 3
smoothSolver:  Solving for Uz, Initial residual = 0.0067932768, Final residual = 9.4989462e-05, No Iterations 3
GAMG:  Solving for p, Initial residual = 0.0089464977, Final residual = 3.1937457e-05, No Iterations 4
GAMG:  Solving for p, Initial residual = 0.00016830507, Final residual = 1.0710444e-06, No Iterations 4
time step continuity errors : sum local = 1.1320083e-05, global = -6.7276317e-07, cumulative = -0.00029498963
smoothSolver:  Solving for omega, Initial residual = 0.00039724852, Final residual = 3.4576077e-06, No Iterations 2
smoothSolver:  Solving for k, Initial residual = 0.0018035993, Final residual = 1.9047795e-05, No Iterations 2
ExecutionTime = 664.97205 s  ClockTime = 666 s

Time = 447s

smoothSolver:  Solving for Ux, Initial residual = 0.00077747503, Final residual = 1.0429018e-05, No Iterations 3
smoothSolver:  Solving for Uy, Initial residual = 0.0074293247, Final residual = 0.00010042868, No Iterations 3
smoothSolver:  Solving for Uz, Initial residual = 0.0067941295, Final residual = 9.5169316e-05, No Iterations 3
GAMG:  Solving for p, Initial residual = 0.0090032748, Final residual = 3.1317473e-05, No Iterations 4
GAMG:  Solving for p, Initial residual = 0.00016881129, Final residual = 1.0372568e-06, No Iterations 4
time step continuity errors : sum local = 1.0952167e-05, global = -5.3382418e-07, cumulative = -0.00029552346
smoothSolver:  Solving for omega, Initial residual = 0.00039986428, Final residual = 3.414006e-06, No Iterations 2
smoothSolver:  Solving for k, Initial residual = 0.0018063077, Final residual = 1.9062833e-05, No Iterations 2
ExecutionTime = 666.2372 s  ClockTime = 667 s

Time = 448s

smoothSolver:  Solving for Ux, Initial residual = 0.00078314928, Final residual = 1.0542496e-05, No Iterations 3
smoothSolver:  Solving for Uy, Initial residual = 0.0074618873, Final residual = 0.0001011177, No Iterations 3
smoothSolver:  Solving for Uz, Initial residual = 0.0067946358, Final residual = 9.5288396e-05, No Iterations 3
GAMG:  Solving for p, Initial residual = 0.0090922154, Final residual = 3.0474688e-05, No Iterations 4
GAMG:  Solving for p, Initial residual = 0.000170129, Final residual = 9.5715415e-07, No Iterations 4
time step continuity errors : sum local = 1.0095542e-05, global = -4.1773717e-07, cumulative = -0.00029594119
smoothSolver:  Solving for omega, Initial residual = 0.00039889691, Final residual = 3.4157605e-06, No Iterations 2
smoothSolver:  Solving for k, Initial residual = 0.00180962, Final residual = 1.9116309e-05, No Iterations 2
ExecutionTime = 667.59532 s  ClockTime = 668 s

Time = 449s

smoothSolver:  Solving for Ux, Initial residual = 0.00078937918, Final residual = 1.0660178e-05, No Iterations 3
smoothSolver:  Solving for Uy, Initial residual = 0.0074968142, Final residual = 0.00010188432, No Iterations 3
smoothSolver:  Solving for Uz, Initial residual = 0.006796319, Final residual = 9.5329099e-05, No Iterations 3
GAMG:  Solving for p, Initial residual = 0.0091802233, Final residual = 9.0492384e-05, No Iterations 3
GAMG:  Solving for p, Initial residual = 0.00022148787, Final residual = 1.6327282e-06, No Iterations 4
time step continuity errors : sum local = 1.7199503e-05, global = -9.4299896e-07, cumulative = -0.00029688419
smoothSolver:  Solving for omega, Initial residual = 0.00039880168, Final residual = 3.4082799e-06, No Iterations 2
smoothSolver:  Solving for k, Initial residual = 0.0018151832, Final residual = 1.9157298e-05, No Iterations 2
ExecutionTime = 668.95204 s  ClockTime = 670 s

Time = 450s

smoothSolver:  Solving for Ux, Initial residual = 0.00079606043, Final residual = 1.0780556e-05, No Iterations 3
smoothSolver:  Solving for Uy, Initial residual = 0.0075391619, Final residual = 0.00010265752, No Iterations 3
smoothSolver:  Solving for Uz, Initial residual = 0.0067988432, Final residual = 9.5332793e-05, No Iterations 3
GAMG:  Solving for p, Initial residual = 0.009261962, Final residual = 8.919021e-05, No Iterations 3
GAMG:  Solving for p, Initial residual = 0.00022420084, Final residual = 1.5680703e-06, No Iterations 4
time step continuity errors : sum local = 1.6496275e-05, global = -7.96203e-07, cumulative = -0.00029768039
smoothSolver:  Solving for omega, Initial residual = 0.00039987692, Final residual = 3.4700644e-06, No Iterations 2
smoothSolver:  Solving for k, Initial residual = 0.0018186838, Final residual = 1.9198205e-05, No Iterations 2
ExecutionTime = 670.41349 s  ClockTime = 671 s

Time = 451s

smoothSolver:  Solving for Ux, Initial residual = 0.00080272576, Final residual = 1.090382e-05, No Iterations 3
smoothSolver:  Solving for Uy, Initial residual = 0.0075874863, Final residual = 0.00010345631, No Iterations 3
smoothSolver:  Solving for Uz, Initial residual = 0.0067992287, Final residual = 9.5285779e-05, No Iterations 3
GAMG:  Solving for p, Initial residual = 0.0093359528, Final residual = 8.8122005e-05, No Iterations 3
GAMG:  Solving for p, Initial residual = 0.00022577834, Final residual = 1.5570339e-06, No Iterations 4
time step continuity errors : sum local = 1.6355728e-05, global = -6.8443564e-07, cumulative = -0.00029836483
smoothSolver:  Solving for omega, Initial residual = 0.00040094983, Final residual = 3.4449772e-06, No Iterations 2
smoothSolver:  Solving for k, Initial residual = 0.0018220499, Final residual = 1.9230128e-05, No Iterations 2
ExecutionTime = 671.70957 s  ClockTime = 672 s

Time = 452s

smoothSolver:  Solving for Ux, Initial residual = 0.00080957044, Final residual = 1.1027019e-05, No Iterations 3
smoothSolver:  Solving for Uy, Initial residual = 0.0076361961, Final residual = 0.00010418689, No Iterations 3
smoothSolver:  Solving for Uz, Initial residual = 0.0067978414, Final residual = 9.5199494e-05, No Iterations 3
GAMG:  Solving for p, Initial residual = 0.0093719018, Final residual = 8.7821941e-05, No Iterations 3
GAMG:  Solving for p, Initial residual = 0.00022776954, Final residual = 1.6663528e-06, No Iterations 4
time step continuity errors : sum local = 1.7477428e-05, global = -6.4709997e-07, cumulative = -0.00029901193
smoothSolver:  Solving for omega, Initial residual = 0.00040088345, Final residual = 3.4795284e-06, No Iterations 2
smoothSolver:  Solving for k, Initial residual = 0.0018264772, Final residual = 1.9314159e-05, No Iterations 2
ExecutionTime = 673.07002 s  ClockTime = 674 s

Time = 453s

smoothSolver:  Solving for Ux, Initial residual = 0.00081625238, Final residual = 1.1152292e-05, No Iterations 3
smoothSolver:  Solving for Uy, Initial residual = 0.007682768, Final residual = 0.00010493288, No Iterations 3
smoothSolver:  Solving for Uz, Initial residual = 0.0067972006, Final residual = 9.5104718e-05, No Iterations 3
GAMG:  Solving for p, Initial residual = 0.0093844265, Final residual = 8.8796946e-05, No Iterations 3
GAMG:  Solving for p, Initial residual = 0.00022950882, Final residual = 1.7546982e-06, No Iterations 4
time step continuity errors : sum local = 1.8375816e-05, global = -5.875746e-07, cumulative = -0.0002995995
smoothSolver:  Solving for omega, Initial residual = 0.00040406637, Final residual = 3.4516895e-06, No Iterations 2
smoothSolver:  Solving for k, Initial residual = 0.0018336868, Final residual = 1.9401064e-05, No Iterations 2
ExecutionTime = 674.46852 s  ClockTime = 675 s

Time = 454s

smoothSolver:  Solving for Ux, Initial residual = 0.000823067, Final residual = 1.1279137e-05, No Iterations 3
smoothSolver:  Solving for Uy, Initial residual = 0.0077285923, Final residual = 0.00010555196, No Iterations 3
smoothSolver:  Solving for Uz, Initial residual = 0.0067952289, Final residual = 9.5048646e-05, No Iterations 3
GAMG:  Solving for p, Initial residual = 0.0094040107, Final residual = 8.8038158e-05, No Iterations 3
GAMG:  Solving for p, Initial residual = 0.00022981825, Final residual = 1.9294849e-06, No Iterations 4
time step continuity errors : sum local = 2.0176015e-05, global = -4.9627935e-07, cumulative = -0.00030009578
smoothSolver:  Solving for omega, Initial residual = 0.0004030028, Final residual = 3.4296022e-06, No Iterations 2
smoothSolver:  Solving for k, Initial residual = 0.0018381836, Final residual = 1.9469057e-05, No Iterations 2
ExecutionTime = 676.21041 s  ClockTime = 677 s

Time = 455s

smoothSolver:  Solving for Ux, Initial residual = 0.00082975853, Final residual = 1.1408104e-05, No Iterations 3
smoothSolver:  Solving for Uy, Initial residual = 0.0077641699, Final residual = 0.00010615118, No Iterations 3
smoothSolver:  Solving for Uz, Initial residual = 0.0067901962, Final residual = 9.4953219e-05, No Iterations 3
GAMG:  Solving for p, Initial residual = 0.0093937804, Final residual = 8.6799427e-05, No Iterations 3
GAMG:  Solving for p, Initial residual = 0.00023037586, Final residual = 1.9961438e-06, No Iterations 4
time step continuity errors : sum local = 2.0844585e-05, global = -3.5545164e-07, cumulative = -0.00030045124
smoothSolver:  Solving for omega, Initial residual = 0.00040387168, Final residual = 3.4171246e-06, No Iterations 2
smoothSolver:  Solving for k, Initial residual = 0.001843957, Final residual = 1.9589119e-05, No Iterations 2
ExecutionTime = 677.77556 s  ClockTime = 678 s

Time = 456s

smoothSolver:  Solving for Ux, Initial residual = 0.00083674819, Final residual = 1.1539649e-05, No Iterations 3
smoothSolver:  Solving for Uy, Initial residual = 0.0078024488, Final residual = 0.00010669218, No Iterations 3
smoothSolver:  Solving for Uz, Initial residual = 0.0067875233, Final residual = 9.4821621e-05, No Iterations 3
GAMG:  Solving for p, Initial residual = 0.0093817509, Final residual = 8.5916966e-05, No Iterations 3
GAMG:  Solving for p, Initial residual = 0.00023144378, Final residual = 2.1245442e-06, No Iterations 4
time step continuity errors : sum local = 2.2158848e-05, global = -2.2352439e-07, cumulative = -0.00030067476
smoothSolver:  Solving for omega, Initial residual = 0.00040440461, Final residual = 3.5205554e-06, No Iterations 2
smoothSolver:  Solving for k, Initial residual = 0.0018492886, Final residual = 1.9654072e-05, No Iterations 2
ExecutionTime = 679.09974 s  ClockTime = 680 s

Time = 457s

smoothSolver:  Solving for Ux, Initial residual = 0.00084379508, Final residual = 1.1676941e-05, No Iterations 3
smoothSolver:  Solving for Uy, Initial residual = 0.0078304984, Final residual = 0.00010701171, No Iterations 3
smoothSolver:  Solving for Uz, Initial residual = 0.0067832317, Final residual = 9.4757573e-05, No Iterations 3
GAMG:  Solving for p, Initial residual = 0.0093837995, Final residual = 8.5999447e-05, No Iterations 3
GAMG:  Solving for p, Initial residual = 0.00023336562, Final residual = 2.1401513e-06, No Iterations 4
time step continuity errors : sum local = 2.2300692e-05, global = -3.6580268e-08, cumulative = -0.00030071134
smoothSolver:  Solving for omega, Initial residual = 0.00040560858, Final residual = 3.4584733e-06, No Iterations 2
smoothSolver:  Solving for k, Initial residual = 0.001857435, Final residual = 1.9809851e-05, No Iterations 2
ExecutionTime = 680.45453 s  ClockTime = 681 s

Time = 458s

smoothSolver:  Solving for Ux, Initial residual = 0.00085129151, Final residual = 1.182091e-05, No Iterations 3
smoothSolver:  Solving for Uy, Initial residual = 0.0078563514, Final residual = 0.00010722794, No Iterations 3
smoothSolver:  Solving for Uz, Initial residual = 0.0067775767, Final residual = 9.4696595e-05, No Iterations 3
GAMG:  Solving for p, Initial residual = 0.0093518907, Final residual = 8.3720998e-05, No Iterations 3
GAMG:  Solving for p, Initial residual = 0.00023318004, Final residual = 2.2024383e-06, No Iterations 4
time step continuity errors : sum local = 2.2926536e-05, global = 2.0315751e-07, cumulative = -0.00030050818
smoothSolver:  Solving for omega, Initial residual = 0.00040525757, Final residual = 3.5197091e-06, No Iterations 2
smoothSolver:  Solving for k, Initial residual = 0.0018653874, Final residual = 1.9929393e-05, No Iterations 2
ExecutionTime = 681.88363 s  ClockTime = 683 s

Time = 459s

smoothSolver:  Solving for Ux, Initial residual = 0.00085910234, Final residual = 1.1972947e-05, No Iterations 3
smoothSolver:  Solving for Uy, Initial residual = 0.0078754686, Final residual = 0.00010734286, No Iterations 3
smoothSolver:  Solving for Uz, Initial residual = 0.006769838, Final residual = 9.4622614e-05, No Iterations 3
GAMG:  Solving for p, Initial residual = 0.0093178537, Final residual = 8.2319845e-05, No Iterations 3
GAMG:  Solving for p, Initial residual = 0.00023483571, Final residual = 2.2161074e-06, No Iterations 4
time step continuity errors : sum local = 2.305087e-05, global = 3.7163775e-07, cumulative = -0.00030013654
smoothSolver:  Solving for omega, Initial residual = 0.00040821376, Final residual = 3.4877688e-06, No Iterations 2
smoothSolver:  Solving for k, Initial residual = 0.0018758498, Final residual = 2.0095343e-05, No Iterations 2
ExecutionTime = 683.18848 s  ClockTime = 684 s

Time = 460s

smoothSolver:  Solving for Ux, Initial residual = 0.00086742379, Final residual = 1.2129246e-05, No Iterations 3
smoothSolver:  Solving for Uy, Initial residual = 0.0078905169, Final residual = 0.00010741638, No Iterations 3
smoothSolver:  Solving for Uz, Initial residual = 0.0067625291, Final residual = 9.4533769e-05, No Iterations 3
GAMG:  Solving for p, Initial residual = 0.009265344, Final residual = 8.0160993e-05, No Iterations 3
GAMG:  Solving for p, Initial residual = 0.00023370438, Final residual = 2.258594e-06, No Iterations 4
time step continuity errors : sum local = 2.3478317e-05, global = 4.178657e-07, cumulative = -0.00029971868
smoothSolver:  Solving for omega, Initial residual = 0.00040673623, Final residual = 3.5073063e-06, No Iterations 2
smoothSolver:  Solving for k, Initial residual = 0.0018785629, Final residual = 2.0122578e-05, No Iterations 2
ExecutionTime = 684.48418 s  ClockTime = 685 s

Time = 461s

smoothSolver:  Solving for Ux, Initial residual = 0.00087600452, Final residual = 1.2290184e-05, No Iterations 3
smoothSolver:  Solving for Uy, Initial residual = 0.0079008023, Final residual = 0.00010735504, No Iterations 3
smoothSolver:  Solving for Uz, Initial residual = 0.0067544719, Final residual = 9.4440912e-05, No Iterations 3
GAMG:  Solving for p, Initial residual = 0.0091898307, Final residual = 7.8995623e-05, No Iterations 3
GAMG:  Solving for p, Initial residual = 0.00023396723, Final residual = 2.2464846e-06, No Iterations 4
time step continuity errors : sum local = 2.3339792e-05, global = 2.1835308e-07, cumulative = -0.00029950033
smoothSolver:  Solving for omega, Initial residual = 0.0004079332, Final residual = 3.4550235e-06, No Iterations 2
smoothSolver:  Solving for k, Initial residual = 0.0018871552, Final residual = 2.0317236e-05, No Iterations 2
ExecutionTime = 686.18654 s  ClockTime = 687 s

Time = 462s

smoothSolver:  Solving for Ux, Initial residual = 0.00088499947, Final residual = 1.2450259e-05, No Iterations 3
smoothSolver:  Solving for Uy, Initial residual = 0.0079116788, Final residual = 0.00010737234, No Iterations 3
smoothSolver:  Solving for Uz, Initial residual = 0.0067494951, Final residual = 9.4298893e-05, No Iterations 3
GAMG:  Solving for p, Initial residual = 0.0091500537, Final residual = 7.7661823e-05, No Iterations 3
GAMG:  Solving for p, Initial residual = 0.00023465473, Final residual = 2.2995078e-06, No Iterations 4
time step continuity errors : sum local = 2.3880029e-05, global = 9.5158597e-08, cumulative = -0.00029940517
smoothSolver:  Solving for omega, Initial residual = 0.00040889628, Final residual = 3.5163623e-06, No Iterations 2
smoothSolver:  Solving for k, Initial residual = 0.0018974902, Final residual = 2.0443427e-05, No Iterations 2
ExecutionTime = 687.56699 s  ClockTime = 688 s

Time = 463s

smoothSolver:  Solving for Ux, Initial residual = 0.00089394143, Final residual = 1.2609182e-05, No Iterations 3
smoothSolver:  Solving for Uy, Initial residual = 0.0079222589, Final residual = 0.00010735357, No Iterations 3
smoothSolver:  Solving for Uz, Initial residual = 0.0067456173, Final residual = 9.415655e-05, No Iterations 3
GAMG:  Solving for p, Initial residual = 0.0091142416, Final residual = 7.6969964e-05, No Iterations 3
GAMG:  Solving for p, Initial residual = 0.00023694549, Final residual = 2.3009209e-06, No Iterations 4
time step continuity errors : sum local = 2.3887605e-05, global = -5.6808135e-08, cumulative = -0.00029946198
smoothSolver:  Solving for omega, Initial residual = 0.00040924137, Final residual = 3.4674354e-06, No Iterations 2
smoothSolver:  Solving for k, Initial residual = 0.0019052096, Final residual = 2.0537433e-05, No Iterations 2
ExecutionTime = 688.85644 s  ClockTime = 689 s

Time = 464s

smoothSolver:  Solving for Ux, Initial residual = 0.0009029019, Final residual = 1.2764455e-05, No Iterations 3
smoothSolver:  Solving for Uy, Initial residual = 0.0079293178, Final residual = 0.00010729932, No Iterations 3
smoothSolver:  Solving for Uz, Initial residual = 0.0067428916, Final residual = 9.4035221e-05, No Iterations 3
GAMG:  Solving for p, Initial residual = 0.0091168734, Final residual = 7.6467127e-05, No Iterations 3
GAMG:  Solving for p, Initial residual = 0.00023825782, Final residual = 2.3409632e-06, No Iterations 4
time step continuity errors : sum local = 2.4293706e-05, global = -1.494327e-07, cumulative = -0.00029961141
smoothSolver:  Solving for omega, Initial residual = 0.00040757058, Final residual = 3.5520481e-06, No Iterations 2
smoothSolver:  Solving for k, Initial residual = 0.0019126068, Final residual = 2.0693923e-05, No Iterations 2
ExecutionTime = 690.03315 s  ClockTime = 691 s

Time = 465s

smoothSolver:  Solving for Ux, Initial residual = 0.00091160996, Final residual = 1.2916529e-05, No Iterations 3
smoothSolver:  Solving for Uy, Initial residual = 0.0079375692, Final residual = 0.00010719489, No Iterations 3
smoothSolver:  Solving for Uz, Initial residual = 0.0067485835, Final residual = 9.3930222e-05, No Iterations 3
GAMG:  Solving for p, Initial residual = 0.0091565476, Final residual = 7.7312361e-05, No Iterations 3
GAMG:  Solving for p, Initial residual = 0.00024000845, Final residual = 2.3012761e-06, No Iterations 4
time step continuity errors : sum local = 2.3875108e-05, global = -4.9484093e-07, cumulative = -0.00030010625
smoothSolver:  Solving for omega, Initial residual = 0.0004099707, Final residual = 3.5142387e-06, No Iterations 2
smoothSolver:  Solving for k, Initial residual = 0.0019233776, Final residual = 2.0842201e-05, No Iterations 2
ExecutionTime = 691.22247 s  ClockTime = 692 s

Time = 466s

smoothSolver:  Solving for Ux, Initial residual = 0.0009201374, Final residual = 1.3060738e-05, No Iterations 3
smoothSolver:  Solving for Uy, Initial residual = 0.0079501495, Final residual = 0.00010710954, No Iterations 3
smoothSolver:  Solving for Uz, Initial residual = 0.0067613258, Final residual = 9.3854475e-05, No Iterations 3
GAMG:  Solving for p, Initial residual = 0.0092173062, Final residual = 7.901732e-05, No Iterations 3
GAMG:  Solving for p, Initial residual = 0.00024265409, Final residual = 2.2421057e-06, No Iterations 4
time step continuity errors : sum local = 2.3254468e-05, global = -6.414124e-07, cumulative = -0.00030074766
smoothSolver:  Solving for omega, Initial residual = 0.00040880186, Final residual = 3.493837e-06, No Iterations 2
smoothSolver:  Solving for k, Initial residual = 0.0019336803, Final residual = 2.0979756e-05, No Iterations 2
ExecutionTime = 692.41973 s  ClockTime = 693 s

Time = 467s

smoothSolver:  Solving for Ux, Initial residual = 0.00092833008, Final residual = 1.3199357e-05, No Iterations 3
smoothSolver:  Solving for Uy, Initial residual = 0.0079559331, Final residual = 0.00010690344, No Iterations 3
smoothSolver:  Solving for Uz, Initial residual = 0.0067747655, Final residual = 9.3795849e-05, No Iterations 3
GAMG:  Solving for p, Initial residual = 0.0092689051, Final residual = 8.20374e-05, No Iterations 3
GAMG:  Solving for p, Initial residual = 0.00024617368, Final residual = 2.1155626e-06, No Iterations 4
time step continuity errors : sum local = 2.1943355e-05, global = -8.6952477e-07, cumulative = -0.00030161719
smoothSolver:  Solving for omega, Initial residual = 0.00040963156, Final residual = 3.4725199e-06, No Iterations 2
smoothSolver:  Solving for k, Initial residual = 0.0019445635, Final residual = 2.1142842e-05, No Iterations 2
ExecutionTime = 693.60298 s  ClockTime = 694 s

Time = 468s

smoothSolver:  Solving for Ux, Initial residual = 0.00093652804, Final residual = 1.3329825e-05, No Iterations 3
smoothSolver:  Solving for Uy, Initial residual = 0.0079669677, Final residual = 0.0001068057, No Iterations 3
smoothSolver:  Solving for Uz, Initial residual = 0.0067943997, Final residual = 9.3750912e-05, No Iterations 3
GAMG:  Solving for p, Initial residual = 0.0093005918, Final residual = 8.379876e-05, No Iterations 3
GAMG:  Solving for p, Initial residual = 0.00024792297, Final residual = 2.0299438e-06, No Iterations 4
time step continuity errors : sum local = 2.1055177e-05, global = -7.9445985e-07, cumulative = -0.00030241165
smoothSolver:  Solving for omega, Initial residual = 0.00041008378, Final residual = 3.5866423e-06, No Iterations 2
smoothSolver:  Solving for k, Initial residual = 0.0019619784, Final residual = 2.1388923e-05, No Iterations 2
ExecutionTime = 694.96757 s  ClockTime = 696 s

Time = 469s

smoothSolver:  Solving for Ux, Initial residual = 0.00094444521, Final residual = 1.3456742e-05, No Iterations 3
smoothSolver:  Solving for Uy, Initial residual = 0.0079787208, Final residual = 0.00010671606, No Iterations 3
smoothSolver:  Solving for Uz, Initial residual = 0.0068266932, Final residual = 9.369114e-05, No Iterations 3
GAMG:  Solving for p, Initial residual = 0.0093284605, Final residual = 8.4942625e-05, No Iterations 3
GAMG:  Solving for p, Initial residual = 0.00024880005, Final residual = 1.8271454e-06, No Iterations 4
time step continuity errors : sum local = 1.8957738e-05, global = -6.3583214e-07, cumulative = -0.00030304748
smoothSolver:  Solving for omega, Initial residual = 0.00040998213, Final residual = 3.5172915e-06, No Iterations 2
smoothSolver:  Solving for k, Initial residual = 0.0019731775, Final residual = 2.1448969e-05, No Iterations 2
ExecutionTime = 696.97307 s  ClockTime = 698 s

Time = 470s

smoothSolver:  Solving for Ux, Initial residual = 0.00095208426, Final residual = 1.357857e-05, No Iterations 3
smoothSolver:  Solving for Uy, Initial residual = 0.0079912804, Final residual = 0.00010668834, No Iterations 3
smoothSolver:  Solving for Uz, Initial residual = 0.0068560261, Final residual = 9.3620554e-05, No Iterations 3
GAMG:  Solving for p, Initial residual = 0.0093179246, Final residual = 8.4578659e-05, No Iterations 3
GAMG:  Solving for p, Initial residual = 0.00024679812, Final residual = 1.7010955e-06, No Iterations 4
time step continuity errors : sum local = 1.7652195e-05, global = -5.1890347e-07, cumulative = -0.00030356638
smoothSolver:  Solving for omega, Initial residual = 0.00041067314, Final residual = 3.6125734e-06, No Iterations 2
smoothSolver:  Solving for k, Initial residual = 0.0019876076, Final residual = 2.167562e-05, No Iterations 2
ExecutionTime = 698.85299 s  ClockTime = 699 s

Time = 471s

smoothSolver:  Solving for Ux, Initial residual = 0.00095945123, Final residual = 1.3697161e-05, No Iterations 3
smoothSolver:  Solving for Uy, Initial residual = 0.0080072332, Final residual = 0.00010681731, No Iterations 3
smoothSolver:  Solving for Uz, Initial residual = 0.0068900685, Final residual = 9.351718e-05, No Iterations 3
GAMG:  Solving for p, Initial residual = 0.0093024695, Final residual = 8.4301017e-05, No Iterations 3
GAMG:  Solving for p, Initial residual = 0.00024468484, Final residual = 1.5254795e-06, No Iterations 4
time step continuity errors : sum local = 1.5833154e-05, global = -4.4196047e-07, cumulative = -0.00030400834
smoothSolver:  Solving for omega, Initial residual = 0.00041253878, Final residual = 3.5281179e-06, No Iterations 2
smoothSolver:  Solving for k, Initial residual = 0.0020002251, Final residual = 2.1770077e-05, No Iterations 2
ExecutionTime = 700.13551 s  ClockTime = 701 s

Time = 472s

smoothSolver:  Solving for Ux, Initial residual = 0.00096641286, Final residual = 1.381217e-05, No Iterations 3
smoothSolver:  Solving for Uy, Initial residual = 0.0080303979, Final residual = 0.00010708822, No Iterations 3
smoothSolver:  Solving for Uz, Initial residual = 0.0069180157, Final residual = 9.3479571e-05, No Iterations 3
GAMG:  Solving for p, Initial residual = 0.009261429, Final residual = 8.3647875e-05, No Iterations 3
GAMG:  Solving for p, Initial residual = 0.00024102366, Final residual = 1.3795079e-06, No Iterations 4
time step continuity errors : sum local = 1.4320692e-05, global = -2.6516655e-07, cumulative = -0.00030427351
smoothSolver:  Solving for omega, Initial residual = 0.00041022866, Final residual = 3.5196633e-06, No Iterations 2
smoothSolver:  Solving for k, Initial residual = 0.0020127793, Final residual = 2.192473e-05, No Iterations 2
ExecutionTime = 701.68479 s  ClockTime = 702 s

Time = 473s

smoothSolver:  Solving for Ux, Initial residual = 0.00097316443, Final residual = 1.3924932e-05, No Iterations 3
smoothSolver:  Solving for Uy, Initial residual = 0.0080597072, Final residual = 0.00010746387, No Iterations 3
smoothSolver:  Solving for Uz, Initial residual = 0.0069463747, Final residual = 9.3407787e-05, No Iterations 3
GAMG:  Solving for p, Initial residual = 0.0092241615, Final residual = 8.2536175e-05, No Iterations 3
GAMG:  Solving for p, Initial residual = 0.00023808019, Final residual = 1.2688835e-06, No Iterations 4
time step continuity errors : sum local = 1.3174389e-05, global = -1.7413662e-07, cumulative = -0.00030444765
smoothSolver:  Solving for omega, Initial residual = 0.0004127548, Final residual = 3.5340838e-06, No Iterations 2
smoothSolver:  Solving for k, Initial residual = 0.0020270402, Final residual = 2.204999e-05, No Iterations 2
ExecutionTime = 703.00992 s  ClockTime = 704 s

Time = 474s

smoothSolver:  Solving for Ux, Initial residual = 0.0009796267, Final residual = 1.4033372e-05, No Iterations 3
smoothSolver:  Solving for Uy, Initial residual = 0.008101335, Final residual = 0.00010801987, No Iterations 3
smoothSolver:  Solving for Uz, Initial residual = 0.006971985, Final residual = 9.3357637e-05, No Iterations 3
GAMG:  Solving for p, Initial residual = 0.0091695585, Final residual = 8.0504645e-05, No Iterations 3
GAMG:  Solving for p, Initial residual = 0.00023250794, Final residual = 1.1517489e-06, No Iterations 4
time step continuity errors : sum local = 1.1957817e-05, global = -1.4918669e-07, cumulative = -0.00030459683
smoothSolver:  Solving for omega, Initial residual = 0.00041236337, Final residual = 3.6235944e-06, No Iterations 2
smoothSolver:  Solving for k, Initial residual = 0.0020396852, Final residual = 2.2194423e-05, No Iterations 2
ExecutionTime = 704.30986 s  ClockTime = 705 s

Time = 475s

smoothSolver:  Solving for Ux, Initial residual = 0.00098574881, Final residual = 1.4139883e-05, No Iterations 3
smoothSolver:  Solving for Uy, Initial residual = 0.0081463708, Final residual = 0.00010862491, No Iterations 3
smoothSolver:  Solving for Uz, Initial residual = 0.0069928858, Final residual = 9.3263669e-05, No Iterations 3
GAMG:  Solving for p, Initial residual = 0.0091284761, Final residual = 7.8656364e-05, No Iterations 3
GAMG:  Solving for p, Initial residual = 0.0002289411, Final residual = 1.0664248e-06, No Iterations 4
time step continuity errors : sum local = 1.107315e-05, global = -2.5373317e-07, cumulative = -0.00030485057
smoothSolver:  Solving for omega, Initial residual = 0.00041151819, Final residual = 3.5131706e-06, No Iterations 2
smoothSolver:  Solving for k, Initial residual = 0.0020545565, Final residual = 2.2317259e-05, No Iterations 2
ExecutionTime = 705.78023 s  ClockTime = 706 s

Time = 476s

smoothSolver:  Solving for Ux, Initial residual = 0.00099151081, Final residual = 1.4240525e-05, No Iterations 3
smoothSolver:  Solving for Uy, Initial residual = 0.0081970267, Final residual = 0.00010934652, No Iterations 3
smoothSolver:  Solving for Uz, Initial residual = 0.007011796, Final residual = 9.3232931e-05, No Iterations 3
GAMG:  Solving for p, Initial residual = 0.0090942592, Final residual = 7.6236384e-05, No Iterations 3
GAMG:  Solving for p, Initial residual = 0.0002238568, Final residual = 9.3832248e-07, No Iterations 4
time step continuity errors : sum local = 9.7410915e-06, global = -5.4219014e-07, cumulative = -0.00030539276
smoothSolver:  Solving for omega, Initial residual = 0.00041046506, Final residual = 3.6079701e-06, No Iterations 2
smoothSolver:  Solving for k, Initial residual = 0.0020664922, Final residual = 2.242453e-05, No Iterations 2
bounding k, min: 1.6516322e-16 max: 0.34360384 average: 0.060208012
ExecutionTime = 707.13642 s  ClockTime = 708 s

Time = 477s

smoothSolver:  Solving for Ux, Initial residual = 0.00099704288, Final residual = 1.43373e-05, No Iterations 3
smoothSolver:  Solving for Uy, Initial residual = 0.0082527617, Final residual = 0.00011013328, No Iterations 3
smoothSolver:  Solving for Uz, Initial residual = 0.0070242561, Final residual = 9.3126529e-05, No Iterations 3
GAMG:  Solving for p, Initial residual = 0.0090649689, Final residual = 7.3697015e-05, No Iterations 3
GAMG:  Solving for p, Initial residual = 0.0002184699, Final residual = 9.2297485e-07, No Iterations 4
time step continuity errors : sum local = 9.5796528e-06, global = -5.8524157e-07, cumulative = -0.000305978
smoothSolver:  Solving for omega, Initial residual = 0.0004144475, Final residual = 3.6102888e-06, No Iterations 2
smoothSolver:  Solving for k, Initial residual = 0.0020798265, Final residual = 2.2537386e-05, No Iterations 2
bounding k, min: 1.3039043e-16 max: 0.34367258 average: 0.060200919
ExecutionTime = 708.96161 s  ClockTime = 710 s

Time = 478s

smoothSolver:  Solving for Ux, Initial residual = 0.0010021575, Final residual = 1.4427886e-05, No Iterations 3
smoothSolver:  Solving for Uy, Initial residual = 0.0083118786, Final residual = 0.0001109659, No Iterations 3
smoothSolver:  Solving for Uz, Initial residual = 0.0070387812, Final residual = 9.3170213e-05, No Iterations 3
GAMG:  Solving for p, Initial residual = 0.0090088383, Final residual = 7.0245586e-05, No Iterations 3
GAMG:  Solving for p, Initial residual = 0.00021053066, Final residual = 8.2419628e-07, No Iterations 4
time step continuity errors : sum local = 8.5517714e-06, global = -5.8151573e-07, cumulative = -0.00030655951
smoothSolver:  Solving for omega, Initial residual = 0.00041320485, Final residual = 3.5749713e-06, No Iterations 2
smoothSolver:  Solving for k, Initial residual = 0.0020936859, Final residual = 2.2671706e-05, No Iterations 2
bounding k, min: 1.224084e-16 max: 0.34376336 average: 0.060193449
ExecutionTime = 710.5233 s  ClockTime = 711 s

Time = 479s

smoothSolver:  Solving for Ux, Initial residual = 0.0010067438, Final residual = 1.4514515e-05, No Iterations 3
smoothSolver:  Solving for Uy, Initial residual = 0.0083694925, Final residual = 0.00011183446, No Iterations 3
smoothSolver:  Solving for Uz, Initial residual = 0.0070528383, Final residual = 9.321889e-05, No Iterations 3
GAMG:  Solving for p, Initial residual = 0.0089601004, Final residual = 6.7399425e-05, No Iterations 3
GAMG:  Solving for p, Initial residual = 0.00020373625, Final residual = 8.0726356e-07, No Iterations 4
time step continuity errors : sum local = 8.3736483e-06, global = -6.1302579e-07, cumulative = -0.00030717254
smoothSolver:  Solving for omega, Initial residual = 0.00041218513, Final residual = 3.5371247e-06, No Iterations 2
smoothSolver:  Solving for k, Initial residual = 0.0021052167, Final residual = 2.2763236e-05, No Iterations 2
bounding k, min: 1.1016584e-16 max: 0.34385772 average: 0.060186027
ExecutionTime = 712.30197 s  ClockTime = 713 s

Time = 480s

smoothSolver:  Solving for Ux, Initial residual = 0.0010108529, Final residual = 1.4594328e-05, No Iterations 3
smoothSolver:  Solving for Uy, Initial residual = 0.0084331009, Final residual = 0.00011282031, No Iterations 3
smoothSolver:  Solving for Uz, Initial residual = 0.0070693496, Final residual = 9.3384289e-05, No Iterations 3
GAMG:  Solving for p, Initial residual = 0.0088820809, Final residual = 6.4524043e-05, No Iterations 3
GAMG:  Solving for p, Initial residual = 0.00019673651, Final residual = 7.4257193e-07, No Iterations 4
time step continuity errors : sum local = 7.6988766e-06, global = -5.4182231e-07, cumulative = -0.00030771436
smoothSolver:  Solving for omega, Initial residual = 0.00041210219, Final residual = 3.6354154e-06, No Iterations 2
smoothSolver:  Solving for k, Initial residual = 0.0021197323, Final residual = 2.2888036e-05, No Iterations 2
bounding k, min: 1.0318839e-16 max: 0.34398782 average: 0.06017787
ExecutionTime = 714.19367 s  ClockTime = 715 s

Time = 481s

smoothSolver:  Solving for Ux, Initial residual = 0.0010143275, Final residual = 1.466737e-05, No Iterations 3
smoothSolver:  Solving for Uy, Initial residual = 0.0084904539, Final residual = 0.0001137601, No Iterations 3
smoothSolver:  Solving for Uz, Initial residual = 0.0070836189, Final residual = 9.3595953e-05, No Iterations 3
GAMG:  Solving for p, Initial residual = 0.0087883444, Final residual = 6.2440319e-05, No Iterations 3
GAMG:  Solving for p, Initial residual = 0.00019156972, Final residual = 7.6426761e-07, No Iterations 4
time step continuity errors : sum local = 7.9206944e-06, global = -5.0882869e-07, cumulative = -0.00030822319
smoothSolver:  Solving for omega, Initial residual = 0.00041265246, Final residual = 3.5793065e-06, No Iterations 2
smoothSolver:  Solving for k, Initial residual = 0.0021301803, Final residual = 2.2954374e-05, No Iterations 2
bounding k, min: 9.7722432e-17 max: 0.34412989 average: 0.06017015
ExecutionTime = 715.87163 s  ClockTime = 717 s

Time = 482s

smoothSolver:  Solving for Ux, Initial residual = 0.001017107, Final residual = 1.473048e-05, No Iterations 3
smoothSolver:  Solving for Uy, Initial residual = 0.0085497252, Final residual = 0.00011479582, No Iterations 3
smoothSolver:  Solving for Uz, Initial residual = 0.0071006274, Final residual = 9.3931713e-05, No Iterations 3
GAMG:  Solving for p, Initial residual = 0.008687139, Final residual = 6.0787432e-05, No Iterations 3
GAMG:  Solving for p, Initial residual = 0.00018675278, Final residual = 7.0793241e-07, No Iterations 4
time step continuity errors : sum local = 7.3337354e-06, global = -5.5069992e-07, cumulative = -0.00030877389
smoothSolver:  Solving for omega, Initial residual = 0.00041165525, Final residual = 3.6607968e-06, No Iterations 2
smoothSolver:  Solving for k, Initial residual = 0.0021423272, Final residual = 2.3052676e-05, No Iterations 2
bounding k, min: 9.4500453e-17 max: 0.34429422 average: 0.060162
ExecutionTime = 717.39463 s  ClockTime = 718 s

Time = 483s

smoothSolver:  Solving for Ux, Initial residual = 0.0010189372, Final residual = 1.478319e-05, No Iterations 3
smoothSolver:  Solving for Uy, Initial residual = 0.0086067189, Final residual = 0.00011585242, No Iterations 3
smoothSolver:  Solving for Uz, Initial residual = 0.0071213718, Final residual = 9.4294125e-05, No Iterations 3
GAMG:  Solving for p, Initial residual = 0.0086082928, Final residual = 5.9949371e-05, No Iterations 3
GAMG:  Solving for p, Initial residual = 0.00018432989, Final residual = 7.4352529e-07, No Iterations 4
time step continuity errors : sum local = 7.6998688e-06, global = -5.1338307e-07, cumulative = -0.00030928727
smoothSolver:  Solving for omega, Initial residual = 0.00041197615, Final residual = 3.5984165e-06, No Iterations 2
smoothSolver:  Solving for k, Initial residual = 0.0021547748, Final residual = 2.3141053e-05, No Iterations 2
bounding k, min: 9.284714e-17 max: 0.34445528 average: 0.060153199
ExecutionTime = 719.26836 s  ClockTime = 720 s

Time = 484s

smoothSolver:  Solving for Ux, Initial residual = 0.0010201477, Final residual = 1.4825238e-05, No Iterations 3
smoothSolver:  Solving for Uy, Initial residual = 0.0086653115, Final residual = 0.00011696187, No Iterations 3
smoothSolver:  Solving for Uz, Initial residual = 0.0071477313, Final residual = 9.4751219e-05, No Iterations 3
GAMG:  Solving for p, Initial residual = 0.0085381266, Final residual = 5.9337163e-05, No Iterations 3
GAMG:  Solving for p, Initial residual = 0.00018081113, Final residual = 7.0195372e-07, No Iterations 4
time step continuity errors : sum local = 7.2662076e-06, global = -4.8637008e-07, cumulative = -0.00030977364
smoothSolver:  Solving for omega, Initial residual = 0.00040908435, Final residual = 3.5871934e-06, No Iterations 2
smoothSolver:  Solving for k, Initial residual = 0.0021666332, Final residual = 2.3195106e-05, No Iterations 2
bounding k, min: 9.2233894e-17 max: 0.34464676 average: 0.060144229
ExecutionTime = 721.20176 s  ClockTime = 722 s

Time = 485s

smoothSolver:  Solving for Ux, Initial residual = 0.0010205258, Final residual = 1.4858475e-05, No Iterations 3
smoothSolver:  Solving for Uy, Initial residual = 0.008715012, Final residual = 0.0001179667, No Iterations 3
smoothSolver:  Solving for Uz, Initial residual = 0.0071718319, Final residual = 9.5168408e-05, No Iterations 3
GAMG:  Solving for p, Initial residual = 0.0084910785, Final residual = 5.9223166e-05, No Iterations 3
GAMG:  Solving for p, Initial residual = 0.00017808919, Final residual = 7.7187704e-07, No Iterations 4
time step continuity errors : sum local = 7.9872971e-06, global = 2.305755e-08, cumulative = -0.00030975059
smoothSolver:  Solving for omega, Initial residual = 0.0004102001, Final residual = 3.5836064e-06, No Iterations 2
smoothSolver:  Solving for k, Initial residual = 0.0021789942, Final residual = 2.3240581e-05, No Iterations 2
bounding k, min: 9.2898521e-17 max: 0.34484306 average: 0.060135348
ExecutionTime = 723.05552 s  ClockTime = 724 s

Time = 486s

smoothSolver:  Solving for Ux, Initial residual = 0.0010200736, Final residual = 1.4880303e-05, No Iterations 3
smoothSolver:  Solving for Uy, Initial residual = 0.008762398, Final residual = 0.00011894512, No Iterations 3
smoothSolver:  Solving for Uz, Initial residual = 0.0072002769, Final residual = 9.5685622e-05, No Iterations 3
GAMG:  Solving for p, Initial residual = 0.0084489594, Final residual = 5.8596792e-05, No Iterations 3
GAMG:  Solving for p, Initial residual = 0.00017415945, Final residual = 7.6169465e-07, No Iterations 4
time step continuity errors : sum local = 7.8797428e-06, global = 7.3403049e-08, cumulative = -0.00030967718
smoothSolver:  Solving for omega, Initial residual = 0.0004095126, Final residual = 3.6500843e-06, No Iterations 2
smoothSolver:  Solving for k, Initial residual = 0.0021916982, Final residual = 2.3330102e-05, No Iterations 2
bounding k, min: 9.3274336e-17 max: 0.34505809 average: 0.060125601
ExecutionTime = 724.72426 s  ClockTime = 725 s

Time = 487s

smoothSolver:  Solving for Ux, Initial residual = 0.0010187824, Final residual = 1.4893459e-05, No Iterations 3
smoothSolver:  Solving for Uy, Initial residual = 0.0088010382, Final residual = 0.00011984543, No Iterations 3
smoothSolver:  Solving for Uz, Initial residual = 0.0072280034, Final residual = 9.6223647e-05, No Iterations 3
GAMG:  Solving for p, Initial residual = 0.0084107839, Final residual = 5.7056505e-05, No Iterations 3
GAMG:  Solving for p, Initial residual = 0.00016988904, Final residual = 8.3197283e-07, No Iterations 4
time step continuity errors : sum local = 8.6066681e-06, global = -9.0882831e-08, cumulative = -0.00030976806
smoothSolver:  Solving for omega, Initial residual = 0.00040716825, Final residual = 3.5233785e-06, No Iterations 2
smoothSolver:  Solving for k, Initial residual = 0.0022011469, Final residual = 2.332795e-05, No Iterations 2
bounding k, min: 9.4113781e-17 max: 0.34526718 average: 0.06011626
ExecutionTime = 726.37486 s  ClockTime = 727 s

Time = 488s

smoothSolver:  Solving for Ux, Initial residual = 0.0010170499, Final residual = 1.4896599e-05, No Iterations 3
smoothSolver:  Solving for Uy, Initial residual = 0.0088313282, Final residual = 0.00012069344, No Iterations 3
smoothSolver:  Solving for Uz, Initial residual = 0.0072515472, Final residual = 9.678098e-05, No Iterations 3
GAMG:  Solving for p, Initial residual = 0.0083492433, Final residual = 5.5156909e-05, No Iterations 3
GAMG:  Solving for p, Initial residual = 0.00016423108, Final residual = 8.1011041e-07, No Iterations 4
time step continuity errors : sum local = 8.3823166e-06, global = -6.5407732e-08, cumulative = -0.00030983347
smoothSolver:  Solving for omega, Initial residual = 0.0004060377, Final residual = 3.628301e-06, No Iterations 2
smoothSolver:  Solving for k, Initial residual = 0.0022074096, Final residual = 2.3338213e-05, No Iterations 2
bounding k, min: 9.838185e-17 max: 0.345508 average: 0.06010693
ExecutionTime = 728.10206 s  ClockTime = 729 s

Time = 489s

smoothSolver:  Solving for Ux, Initial residual = 0.0010146154, Final residual = 1.4891534e-05, No Iterations 3
smoothSolver:  Solving for Uy, Initial residual = 0.0088538837, Final residual = 0.00012142599, No Iterations 3
smoothSolver:  Solving for Uz, Initial residual = 0.0072702153, Final residual = 9.7333868e-05, No Iterations 3
GAMG:  Solving for p, Initial residual = 0.0082936608, Final residual = 5.3386669e-05, No Iterations 3
GAMG:  Solving for p, Initial residual = 0.00015988007, Final residual = 8.1356702e-07, No Iterations 4
time step continuity errors : sum local = 8.42009e-06, global = 5.2692813e-07, cumulative = -0.00030930654
smoothSolver:  Solving for omega, Initial residual = 0.00040764488, Final residual = 3.6076729e-06, No Iterations 2
smoothSolver:  Solving for k, Initial residual = 0.0022168581, Final residual = 2.3372115e-05, No Iterations 2
bounding k, min: 1.0029298e-16 max: 0.34575811 average: 0.06009756
ExecutionTime = 729.84561 s  ClockTime = 730 s

Time = 490s

smoothSolver:  Solving for Ux, Initial residual = 0.0010117506, Final residual = 1.4878149e-05, No Iterations 3
smoothSolver:  Solving for Uy, Initial residual = 0.0088780802, Final residual = 0.00012216028, No Iterations 3
smoothSolver:  Solving for Uz, Initial residual = 0.0072910998, Final residual = 9.7956417e-05, No Iterations 3
GAMG:  Solving for p, Initial residual = 0.0082073001, Final residual = 5.1708938e-05, No Iterations 3
GAMG:  Solving for p, Initial residual = 0.00015426792, Final residual = 7.2049579e-07, No Iterations 4
time step continuity errors : sum local = 7.4612439e-06, global = 5.7474563e-07, cumulative = -0.0003087318
smoothSolver:  Solving for omega, Initial residual = 0.00040525902, Final residual = 3.568418e-06, No Iterations 2
smoothSolver:  Solving for k, Initial residual = 0.0022246867, Final residual = 2.3410713e-05, No Iterations 2
bounding k, min: 1.0359432e-16 max: 0.34603696 average: 0.060088192
ExecutionTime = 731.5469 s  ClockTime = 732 s

Time = 491s

smoothSolver:  Solving for Ux, Initial residual = 0.0010083928, Final residual = 1.4858195e-05, No Iterations 3
smoothSolver:  Solving for Uy, Initial residual = 0.0088900838, Final residual = 0.00012280635, No Iterations 3
smoothSolver:  Solving for Uz, Initial residual = 0.0073018256, Final residual = 9.8425537e-05, No Iterations 3
GAMG:  Solving for p, Initial residual = 0.0081482533, Final residual = 5.0193243e-05, No Iterations 3
GAMG:  Solving for p, Initial residual = 0.00014986812, Final residual = 7.0923438e-07, No Iterations 4
time step continuity errors : sum local = 7.3478121e-06, global = 6.4764305e-07, cumulative = -0.00030808416
smoothSolver:  Solving for omega, Initial residual = 0.00040425328, Final residual = 3.5110018e-06, No Iterations 2
smoothSolver:  Solving for k, Initial residual = 0.0022290546, Final residual = 2.3340707e-05, No Iterations 2
bounding k, min: 1.1340388e-16 max: 0.34632067 average: 0.060079412
ExecutionTime = 733.09231 s  ClockTime = 734 s

Time = 492s

smoothSolver:  Solving for Ux, Initial residual = 0.0010044513, Final residual = 1.4829545e-05, No Iterations 3
smoothSolver:  Solving for Uy, Initial residual = 0.0089070517, Final residual = 0.00012350918, No Iterations 3
smoothSolver:  Solving for Uz, Initial residual = 0.0073079838, Final residual = 9.8878881e-05, No Iterations 3
GAMG:  Solving for p, Initial residual = 0.0080772501, Final residual = 4.8747645e-05, No Iterations 3
GAMG:  Solving for p, Initial residual = 0.00014460867, Final residual = 7.1825058e-07, No Iterations 4
time step continuity errors : sum local = 7.4438291e-06, global = 1.3495542e-06, cumulative = -0.0003067346
smoothSolver:  Solving for omega, Initial residual = 0.00040346601, Final residual = 3.6326977e-06, No Iterations 2
smoothSolver:  Solving for k, Initial residual = 0.0022424231, Final residual = 2.3505259e-05, No Iterations 2
bounding k, min: 1.2411253e-16 max: 0.34665089 average: 0.060069245
ExecutionTime = 734.90953 s  ClockTime = 736 s

Time = 493s

smoothSolver:  Solving for Ux, Initial residual = 0.0010000774, Final residual = 1.4794146e-05, No Iterations 3
smoothSolver:  Solving for Uy, Initial residual = 0.0089196694, Final residual = 0.00012416116, No Iterations 3
smoothSolver:  Solving for Uz, Initial residual = 0.0073078783, Final residual = 9.9239904e-05, No Iterations 3
GAMG:  Solving for p, Initial residual = 0.0079794768, Final residual = 4.7004598e-05, No Iterations 3
GAMG:  Solving for p, Initial residual = 0.00014041908, Final residual = 7.4710889e-07, No Iterations 4
time step continuity errors : sum local = 7.7470923e-06, global = 1.5133394e-06, cumulative = -0.00030522126
smoothSolver:  Solving for omega, Initial residual = 0.00040297979, Final residual = 3.5193736e-06, No Iterations 2
smoothSolver:  Solving for k, Initial residual = 0.0022493568, Final residual = 2.3436657e-05, No Iterations 2
bounding k, min: 1.262778e-16 max: 0.34700586 average: 0.060060117
ExecutionTime = 736.7023 s  ClockTime = 737 s

Time = 494s

smoothSolver:  Solving for Ux, Initial residual = 0.00099544104, Final residual = 1.4749424e-05, No Iterations 3
smoothSolver:  Solving for Uy, Initial residual = 0.0089360303, Final residual = 0.00012492698, No Iterations 3
smoothSolver:  Solving for Uz, Initial residual = 0.0073009794, Final residual = 9.9548704e-05, No Iterations 3
GAMG:  Solving for p, Initial residual = 0.007866934, Final residual = 4.5406063e-05, No Iterations 3
GAMG:  Solving for p, Initial residual = 0.00013539047, Final residual = 7.3934328e-07, No Iterations 4
time step continuity errors : sum local = 7.6699087e-06, global = 1.4534715e-06, cumulative = -0.00030376779
smoothSolver:  Solving for omega, Initial residual = 0.00040011769, Final residual = 3.5815873e-06, No Iterations 2
smoothSolver:  Solving for k, Initial residual = 0.0022528673, Final residual = 2.3413205e-05, No Iterations 2
bounding k, min: 1.3322104e-16 max: 0.34740821 average: 0.060050963
ExecutionTime = 738.3992 s  ClockTime = 739 s

Time = 495s

smoothSolver:  Solving for Ux, Initial residual = 0.00099045695, Final residual = 1.4697236e-05, No Iterations 3
smoothSolver:  Solving for Uy, Initial residual = 0.0089467347, Final residual = 0.00012562714, No Iterations 3
smoothSolver:  Solving for Uz, Initial residual = 0.0072833249, Final residual = 9.9794934e-05, No Iterations 3
GAMG:  Solving for p, Initial residual = 0.0077395485, Final residual = 4.3800789e-05, No Iterations 3
GAMG:  Solving for p, Initial residual = 0.00013162876, Final residual = 7.2494584e-07, No Iterations 4
time step continuity errors : sum local = 7.52305e-06, global = 1.3064148e-06, cumulative = -0.00030246138
smoothSolver:  Solving for omega, Initial residual = 0.00040026804, Final residual = 3.5326347e-06, No Iterations 2
smoothSolver:  Solving for k, Initial residual = 0.0022569508, Final residual = 2.3380761e-05, No Iterations 2
bounding k, min: 1.4600753e-16 max: 0.34782867 average: 0.06004202
ExecutionTime = 740.08713 s  ClockTime = 741 s

Time = 496s

smoothSolver:  Solving for Ux, Initial residual = 0.0009853746, Final residual = 1.4634862e-05, No Iterations 3
smoothSolver:  Solving for Uy, Initial residual = 0.0089589716, Final residual = 0.0001263831, No Iterations 3
smoothSolver:  Solving for Uz, Initial residual = 0.0072689189, Final residual = 0.00010018468, No Iterations 3
GAMG:  Solving for p, Initial residual = 0.0076161396, Final residual = 4.2253292e-05, No Iterations 3
GAMG:  Solving for p, Initial residual = 0.0001274239, Final residual = 6.8465393e-07, No Iterations 4
time step continuity errors : sum local = 7.1079905e-06, global = 1.2601629e-06, cumulative = -0.00030120121
smoothSolver:  Solving for omega, Initial residual = 0.00039870399, Final residual = 3.5651679e-06, No Iterations 2
smoothSolver:  Solving for k, Initial residual = 0.0022560973, Final residual = 2.3321041e-05, No Iterations 2
bounding k, min: 1.6435538e-16 max: 0.3483074 average: 0.060033199
ExecutionTime = 741.4805 s  ClockTime = 742 s

Time = 497s

smoothSolver:  Solving for Ux, Initial residual = 0.0009800448, Final residual = 1.4564202e-05, No Iterations 3
smoothSolver:  Solving for Uy, Initial residual = 0.0089688504, Final residual = 0.00012707852, No Iterations 3
smoothSolver:  Solving for Uz, Initial residual = 0.0072473922, Final residual = 0.00010045342, No Iterations 3
GAMG:  Solving for p, Initial residual = 0.0075120689, Final residual = 4.0854264e-05, No Iterations 3
GAMG:  Solving for p, Initial residual = 0.00012437928, Final residual = 6.6014388e-07, No Iterations 4
time step continuity errors : sum local = 6.8548537e-06, global = 1.2046729e-06, cumulative = -0.00029999654
smoothSolver:  Solving for omega, Initial residual = 0.0003988875, Final residual = 3.5148954e-06, No Iterations 2
smoothSolver:  Solving for k, Initial residual = 0.0022571322, Final residual = 2.3288693e-05, No Iterations 2
bounding k, min: 1.5103393e-16 max: 0.34882012 average: 0.060024706
ExecutionTime = 742.8788 s  ClockTime = 744 s

Time = 498s

smoothSolver:  Solving for Ux, Initial residual = 0.00097442297, Final residual = 1.4484156e-05, No Iterations 3
smoothSolver:  Solving for Uy, Initial residual = 0.0089826622, Final residual = 0.00012776917, No Iterations 3
smoothSolver:  Solving for Uz, Initial residual = 0.0072259175, Final residual = 0.00010072154, No Iterations 3
GAMG:  Solving for p, Initial residual = 0.0074226929, Final residual = 3.9584726e-05, No Iterations 3
GAMG:  Solving for p, Initial residual = 0.00012094534, Final residual = 5.8559639e-07, No Iterations 4
time step continuity errors : sum local = 6.0823385e-06, global = 1.0284313e-06, cumulative = -0.00029896811
smoothSolver:  Solving for omega, Initial residual = 0.00039667033, Final residual = 3.5444079e-06, No Iterations 2
smoothSolver:  Solving for k, Initial residual = 0.0022574095, Final residual = 2.3271367e-05, No Iterations 2
bounding k, min: 1.416028e-16 max: 0.34954498 average: 0.060015974
ExecutionTime = 744.22478 s  ClockTime = 745 s

Time = 499s

smoothSolver:  Solving for Ux, Initial residual = 0.00096832548, Final residual = 1.4397343e-05, No Iterations 3
smoothSolver:  Solving for Uy, Initial residual = 0.0089936963, Final residual = 0.00012832469, No Iterations 3
smoothSolver:  Solving for Uz, Initial residual = 0.0072032098, Final residual = 0.00010096085, No Iterations 3
GAMG:  Solving for p, Initial residual = 0.0073433334, Final residual = 3.8587559e-05, No Iterations 3
GAMG:  Solving for p, Initial residual = 0.00011862369, Final residual = 5.6128888e-07, No Iterations 4
time step continuity errors : sum local = 5.8310375e-06, global = 9.6984324e-07, cumulative = -0.00029799827
smoothSolver:  Solving for omega, Initial residual = 0.00039497623, Final residual = 3.4849034e-06, No Iterations 2
smoothSolver:  Solving for k, Initial residual = 0.0022581151, Final residual = 2.3233469e-05, No Iterations 2
bounding k, min: 1.355901e-16 max: 0.35052862 average: 0.060007669
ExecutionTime = 745.56499 s  ClockTime = 746 s

Time = 500s

smoothSolver:  Solving for Ux, Initial residual = 0.00096210554, Final residual = 1.4302236e-05, No Iterations 3
smoothSolver:  Solving for Uy, Initial residual = 0.0090007311, Final residual = 0.00012880018, No Iterations 3
smoothSolver:  Solving for Uz, Initial residual = 0.0071839436, Final residual = 0.00010122253, No Iterations 3
GAMG:  Solving for p, Initial residual = 0.0072612047, Final residual = 3.7607847e-05, No Iterations 3
GAMG:  Solving for p, Initial residual = 0.00011558702, Final residual = 5.5810935e-07, No Iterations 4
time step continuity errors : sum local = 5.7985552e-06, global = 1.0165698e-06, cumulative = -0.0002969817
smoothSolver:  Solving for omega, Initial residual = 0.0003937583, Final residual = 3.5675401e-06, No Iterations 2
smoothSolver:  Solving for k, Initial residual = 0.0022601658, Final residual = 2.3240949e-05, No Iterations 2
bounding k, min: 1.3246001e-16 max: 0.35155242 average: 0.059999405
ExecutionTime = 746.97126 s  ClockTime = 748 s

Time = 501s

smoothSolver:  Solving for Ux, Initial residual = 0.00095545874, Final residual = 1.4200489e-05, No Iterations 3
smoothSolver:  Solving for Uy, Initial residual = 0.009004209, Final residual = 0.00012917645, No Iterations 3
smoothSolver:  Solving for Uz, Initial residual = 0.0071664594, Final residual = 0.00010145855, No Iterations 3
GAMG:  Solving for p, Initial residual = 0.0071756972, Final residual = 3.7061992e-05, No Iterations 3
GAMG:  Solving for p, Initial residual = 0.00011382313, Final residual = 5.2444288e-07, No Iterations 4
time step continuity errors : sum local = 5.4488717e-06, global = 9.0154566e-07, cumulative = -0.00029608015
smoothSolver:  Solving for omega, Initial residual = 0.00039474999, Final residual = 3.4905555e-06, No Iterations 2
smoothSolver:  Solving for k, Initial residual = 0.0022583849, Final residual = 2.311914e-05, No Iterations 2
bounding k, min: 1.317203e-16 max: 0.35261056 average: 0.059991142
ExecutionTime = 748.43998 s  ClockTime = 749 s

Time = 502s

smoothSolver:  Solving for Ux, Initial residual = 0.00094855748, Final residual = 1.4091613e-05, No Iterations 3
smoothSolver:  Solving for Uy, Initial residual = 0.0090008601, Final residual = 0.00012948334, No Iterations 3
smoothSolver:  Solving for Uz, Initial residual = 0.0071491324, Final residual = 0.00010173131, No Iterations 3
GAMG:  Solving for p, Initial residual = 0.0071017799, Final residual = 3.6301496e-05, No Iterations 3
GAMG:  Solving for p, Initial residual = 0.00011141301, Final residual = 5.2971066e-07, No Iterations 4
time step continuity errors : sum local = 5.50277e-06, global = 9.6950516e-07, cumulative = -0.00029511064
smoothSolver:  Solving for omega, Initial residual = 0.00039134073, Final residual = 3.5002906e-06, No Iterations 2
smoothSolver:  Solving for k, Initial residual = 0.0022567073, Final residual = 2.3087532e-05, No Iterations 2
bounding k, min: 1.2375042e-16 max: 0.35370701 average: 0.05998344
ExecutionTime = 749.79621 s  ClockTime = 750 s

Time = 503s

smoothSolver:  Solving for Ux, Initial residual = 0.00094129302, Final residual = 1.3974959e-05, No Iterations 3
smoothSolver:  Solving for Uy, Initial residual = 0.0089931783, Final residual = 0.00012965696, No Iterations 3
smoothSolver:  Solving for Uz, Initial residual = 0.0071365656, Final residual = 0.00010203262, No Iterations 3
GAMG:  Solving for p, Initial residual = 0.0070312344, Final residual = 3.5846603e-05, No Iterations 3
GAMG:  Solving for p, Initial residual = 0.00011053943, Final residual = 5.2163125e-07, No Iterations 4
time step continuity errors : sum local = 5.4183915e-06, global = 9.5138735e-07, cumulative = -0.00029415926
smoothSolver:  Solving for omega, Initial residual = 0.00039105555, Final residual = 3.4589834e-06, No Iterations 2
smoothSolver:  Solving for k, Initial residual = 0.0022527107, Final residual = 2.3015274e-05, No Iterations 2
bounding k, min: 1.1263976e-16 max: 0.35483169 average: 0.059976323
ExecutionTime = 751.033 s  ClockTime = 752 s

Time = 504s

smoothSolver:  Solving for Ux, Initial residual = 0.00093396629, Final residual = 1.3850087e-05, No Iterations 3
smoothSolver:  Solving for Uy, Initial residual = 0.0089832203, Final residual = 0.00012981985, No Iterations 3
smoothSolver:  Solving for Uz, Initial residual = 0.0071281632, Final residual = 0.00010233535, No Iterations 3
GAMG:  Solving for p, Initial residual = 0.0069725211, Final residual = 3.5144139e-05, No Iterations 3
GAMG:  Solving for p, Initial residual = 0.00010913296, Final residual = 5.2409193e-07, No Iterations 4
time step continuity errors : sum local = 5.442373e-06, global = 9.7486407e-07, cumulative = -0.00029318439
smoothSolver:  Solving for omega, Initial residual = 0.00039076648, Final residual = 3.5681769e-06, No Iterations 2
smoothSolver:  Solving for k, Initial residual = 0.0022489275, Final residual = 2.2925556e-05, No Iterations 2
bounding k, min: 1.0540828e-16 max: 0.3559894 average: 0.059968884
ExecutionTime = 752.28075 s  ClockTime = 753 s

Time = 505s

smoothSolver:  Solving for Ux, Initial residual = 0.00092634373, Final residual = 1.372007e-05, No Iterations 3
smoothSolver:  Solving for Uy, Initial residual = 0.0089672537, Final residual = 0.00012983275, No Iterations 3
smoothSolver:  Solving for Uz, Initial residual = 0.0071207245, Final residual = 0.0001026594, No Iterations 3
GAMG:  Solving for p, Initial residual = 0.006899866, Final residual = 3.4890775e-05, No Iterations 3
GAMG:  Solving for p, Initial residual = 0.00010886964, Final residual = 4.9934855e-07, No Iterations 4
time step continuity errors : sum local = 5.1848752e-06, global = 8.7438675e-07, cumulative = -0.00029231001
smoothSolver:  Solving for omega, Initial residual = 0.00038936981, Final residual = 3.4611854e-06, No Iterations 2
smoothSolver:  Solving for k, Initial residual = 0.0022469368, Final residual = 2.2903973e-05, No Iterations 2
bounding k, min: 1.0032781e-16 max: 0.35717499 average: 0.059962189
ExecutionTime = 753.55208 s  ClockTime = 754 s

Time = 506s

smoothSolver:  Solving for Ux, Initial residual = 0.00091857689, Final residual = 1.3583628e-05, No Iterations 3
smoothSolver:  Solving for Uy, Initial residual = 0.0089516764, Final residual = 0.00012982733, No Iterations 3
smoothSolver:  Solving for Uz, Initial residual = 0.0071195026, Final residual = 0.00010302245, No Iterations 3
GAMG:  Solving for p, Initial residual = 0.0068426162, Final residual = 3.4442106e-05, No Iterations 3
GAMG:  Solving for p, Initial residual = 0.00010815645, Final residual = 5.108901e-07, No Iterations 4
time step continuity errors : sum local = 5.3036641e-06, global = 8.81496e-07, cumulative = -0.00029142851
smoothSolver:  Solving for omega, Initial residual = 0.00038767318, Final residual = 3.5149571e-06, No Iterations 2
smoothSolver:  Solving for k, Initial residual = 0.0022435885, Final residual = 2.2833225e-05, No Iterations 2
bounding k, min: 9.8138214e-17 max: 0.35840045 average: 0.059955469
ExecutionTime = 754.90163 s  ClockTime = 756 s

Time = 507s

smoothSolver:  Solving for Ux, Initial residual = 0.00091053115, Final residual = 1.3443967e-05, No Iterations 3
smoothSolver:  Solving for Uy, Initial residual = 0.0089290924, Final residual = 0.00012968361, No Iterations 3
smoothSolver:  Solving for Uz, Initial residual = 0.0071219388, Final residual = 0.00010337415, No Iterations 3
GAMG:  Solving for p, Initial residual = 0.0068116568, Final residual = 3.4453311e-05, No Iterations 3
GAMG:  Solving for p, Initial residual = 0.00010852255, Final residual = 5.2728017e-07, No Iterations 4
time step continuity errors : sum local = 5.4745118e-06, global = 9.9305742e-07, cumulative = -0.00029043545
smoothSolver:  Solving for omega, Initial residual = 0.00038891263, Final residual = 3.4660682e-06, No Iterations 2
smoothSolver:  Solving for k, Initial residual = 0.0022382408, Final residual = 2.2718322e-05, No Iterations 2
bounding k, min: 9.6573113e-17 max: 0.35965816 average: 0.059949495
ExecutionTime = 756.35134 s  ClockTime = 757 s

Time = 508s

smoothSolver:  Solving for Ux, Initial residual = 0.00090243333, Final residual = 1.330029e-05, No Iterations 3
smoothSolver:  Solving for Uy, Initial residual = 0.0089033455, Final residual = 0.00012953448, No Iterations 3
smoothSolver:  Solving for Uz, Initial residual = 0.0071243355, Final residual = 0.00010370684, No Iterations 3
GAMG:  Solving for p, Initial residual = 0.0067827032, Final residual = 3.4288612e-05, No Iterations 3
GAMG:  Solving for p, Initial residual = 0.00010833198, Final residual = 5.1210021e-07, No Iterations 4
time step continuity errors : sum local = 5.3174707e-06, global = 8.2656453e-07, cumulative = -0.00028960889
smoothSolver:  Solving for omega, Initial residual = 0.00038839064, Final residual = 3.5009874e-06, No Iterations 2
smoothSolver:  Solving for k, Initial residual = 0.002232902, Final residual = 2.2647808e-05, No Iterations 2
bounding k, min: 9.3761307e-17 max: 0.36095497 average: 0.059943347
ExecutionTime = 757.64186 s  ClockTime = 758 s

Time = 509s

smoothSolver:  Solving for Ux, Initial residual = 0.00089388597, Final residual = 1.3154392e-05, No Iterations 3
smoothSolver:  Solving for Uy, Initial residual = 0.0088693669, Final residual = 0.00012920532, No Iterations 3
smoothSolver:  Solving for Uz, Initial residual = 0.0071269617, Final residual = 0.00010397101, No Iterations 3
GAMG:  Solving for p, Initial residual = 0.0067614662, Final residual = 3.4392364e-05, No Iterations 3
GAMG:  Solving for p, Initial residual = 0.00010878736, Final residual = 5.4667622e-07, No Iterations 4
time step continuity errors : sum local = 5.6778236e-06, global = 1.0319593e-06, cumulative = -0.00028857693
smoothSolver:  Solving for omega, Initial residual = 0.00038712307, Final residual = 3.4404895e-06, No Iterations 2
smoothSolver:  Solving for k, Initial residual = 0.002229989, Final residual = 2.2612637e-05, No Iterations 2
bounding k, min: 9.2610203e-17 max: 0.36227288 average: 0.05993776
ExecutionTime = 759.02628 s  ClockTime = 760 s

Time = 510s

smoothSolver:  Solving for Ux, Initial residual = 0.00088549974, Final residual = 1.3003631e-05, No Iterations 3
smoothSolver:  Solving for Uy, Initial residual = 0.0088364986, Final residual = 0.00012881744, No Iterations 3
smoothSolver:  Solving for Uz, Initial residual = 0.0071275253, Final residual = 0.00010420759, No Iterations 3
GAMG:  Solving for p, Initial residual = 0.0067679577, Final residual = 3.4493142e-05, No Iterations 3
GAMG:  Solving for p, Initial residual = 0.00010906481, Final residual = 5.3473781e-07, No Iterations 4
time step continuity errors : sum local = 5.5562076e-06, global = 9.0945944e-07, cumulative = -0.00028766747
smoothSolver:  Solving for omega, Initial residual = 0.00038395352, Final residual = 3.4847822e-06, No Iterations 2
smoothSolver:  Solving for k, Initial residual = 0.0022209504, Final residual = 2.244046e-05, No Iterations 2
bounding k, min: 9.2076832e-17 max: 0.36361915 average: 0.059932086
ExecutionTime = 760.29226 s  ClockTime = 761 s

Time = 511s

smoothSolver:  Solving for Ux, Initial residual = 0.00087696113, Final residual = 1.2851508e-05, No Iterations 3
smoothSolver:  Solving for Uy, Initial residual = 0.0087893496, Final residual = 0.00012828888, No Iterations 3
smoothSolver:  Solving for Uz, Initial residual = 0.0071237229, Final residual = 0.0001043524, No Iterations 3
GAMG:  Solving for p, Initial residual = 0.0067740347, Final residual = 3.4801209e-05, No Iterations 3
GAMG:  Solving for p, Initial residual = 0.00011056742, Final residual = 5.2244337e-07, No Iterations 4
time step continuity errors : sum local = 5.4317784e-06, global = 8.9933331e-07, cumulative = -0.00028676814
smoothSolver:  Solving for omega, Initial residual = 0.00038361449, Final residual = 3.3931738e-06, No Iterations 2
smoothSolver:  Solving for k, Initial residual = 0.0022126335, Final residual = 2.2331572e-05, No Iterations 2
bounding k, min: 9.1975349e-17 max: 0.36498573 average: 0.059926916
ExecutionTime = 761.50922 s  ClockTime = 762 s

Time = 512s

smoothSolver:  Solving for Ux, Initial residual = 0.00086840985, Final residual = 1.2695851e-05, No Iterations 3
smoothSolver:  Solving for Uy, Initial residual = 0.0087401102, Final residual = 0.00012772675, No Iterations 3
smoothSolver:  Solving for Uz, Initial residual = 0.0071109948, Final residual = 0.00010440351, No Iterations 3
GAMG:  Solving for p, Initial residual = 0.00678902, Final residual = 3.5063043e-05, No Iterations 3
GAMG:  Solving for p, Initial residual = 0.00011223324, Final residual = 5.0612585e-07, No Iterations 4
time step continuity errors : sum local = 5.2644026e-06, global = 7.9025113e-07, cumulative = -0.00028597789
smoothSolver:  Solving for omega, Initial residual = 0.00038254284, Final residual = 3.4656224e-06, No Iterations 2
smoothSolver:  Solving for k, Initial residual = 0.0022060184, Final residual = 2.2300141e-05, No Iterations 2
bounding k, min: 9.2066987e-17 max: 0.36638943 average: 0.059921509
ExecutionTime = 762.69034 s  ClockTime = 763 s

Time = 513s

smoothSolver:  Solving for Ux, Initial residual = 0.0008597592, Final residual = 1.2539568e-05, No Iterations 3
smoothSolver:  Solving for Uy, Initial residual = 0.0086851722, Final residual = 0.00012706526, No Iterations 3
smoothSolver:  Solving for Uz, Initial residual = 0.0070959349, Final residual = 0.00010433612, No Iterations 3
GAMG:  Solving for p, Initial residual = 0.0067975153, Final residual = 3.5438927e-05, No Iterations 3
GAMG:  Solving for p, Initial residual = 0.00011458075, Final residual = 4.7754824e-07, No Iterations 4
time step continuity errors : sum local = 4.9709506e-06, global = 7.7904337e-07, cumulative = -0.00028519884
smoothSolver:  Solving for omega, Initial residual = 0.00038425798, Final residual = 3.4720319e-06, No Iterations 2
smoothSolver:  Solving for k, Initial residual = 0.0021952869, Final residual = 2.2109251e-05, No Iterations 2
bounding k, min: 9.1643225e-17 max: 0.36781875 average: 0.059916724
ExecutionTime = 764.02383 s  ClockTime = 765 s

Time = 514s

smoothSolver:  Solving for Ux, Initial residual = 0.00085105782, Final residual = 1.2380259e-05, No Iterations 3
smoothSolver:  Solving for Uy, Initial residual = 0.008624637, Final residual = 0.00012632371, No Iterations 3
smoothSolver:  Solving for Uz, Initial residual = 0.0070758295, Final residual = 0.00010424845, No Iterations 3
GAMG:  Solving for p, Initial residual = 0.0067916951, Final residual = 3.5707221e-05, No Iterations 3
GAMG:  Solving for p, Initial residual = 0.00011643235, Final residual = 4.7280264e-07, No Iterations 4
time step continuity errors : sum local = 4.9257524e-06, global = 7.3182524e-07, cumulative = -0.00028446702
smoothSolver:  Solving for omega, Initial residual = 0.00038200725, Final residual = 3.4148323e-06, No Iterations 2
smoothSolver:  Solving for k, Initial residual = 0.0021811722, Final residual = 2.1950896e-05, No Iterations 2
bounding k, min: 9.1490678e-17 max: 0.36927294 average: 0.059911765
ExecutionTime = 765.84231 s  ClockTime = 766 s

Time = 515s

smoothSolver:  Solving for Ux, Initial residual = 0.0008421882, Final residual = 1.2221427e-05, No Iterations 3
smoothSolver:  Solving for Uy, Initial residual = 0.0085586015, Final residual = 0.00012555728, No Iterations 3
smoothSolver:  Solving for Uz, Initial residual = 0.007049511, Final residual = 0.00010407949, No Iterations 3
GAMG:  Solving for p, Initial residual = 0.0067912193, Final residual = 3.6087399e-05, No Iterations 3
GAMG:  Solving for p, Initial residual = 0.00011906046, Final residual = 4.6687008e-07, No Iterations 4
time step continuity errors : sum local = 4.8676314e-06, global = 8.0008473e-07, cumulative = -0.00028366693
smoothSolver:  Solving for omega, Initial residual = 0.00038066943, Final residual = 3.358119e-06, No Iterations 2
smoothSolver:  Solving for k, Initial residual = 0.0021674783, Final residual = 2.1802466e-05, No Iterations 2
bounding k, min: 9.1389105e-17 max: 0.37073453 average: 0.059907514
ExecutionTime = 767.46828 s  ClockTime = 768 s

Time = 516s

smoothSolver:  Solving for Ux, Initial residual = 0.00083360873, Final residual = 1.2059195e-05, No Iterations 3
smoothSolver:  Solving for Uy, Initial residual = 0.0084949448, Final residual = 0.00012482602, No Iterations 3
smoothSolver:  Solving for Uz, Initial residual = 0.007024097, Final residual = 0.00010388719, No Iterations 3
GAMG:  Solving for p, Initial residual = 0.0068204642, Final residual = 3.6409379e-05, No Iterations 3
GAMG:  Solving for p, Initial residual = 0.00012117647, Final residual = 4.8256098e-07, No Iterations 4
time step continuity errors : sum local = 5.0358172e-06, global = 8.6032457e-07, cumulative = -0.00028280661
smoothSolver:  Solving for omega, Initial residual = 0.0003813885, Final residual = 3.4924624e-06, No Iterations 2
smoothSolver:  Solving for k, Initial residual = 0.0021531243, Final residual = 2.1659467e-05, No Iterations 2
bounding k, min: 9.1318199e-17 max: 0.37220524 average: 0.059902702
ExecutionTime = 769.31655 s  ClockTime = 770 s

Time = 517s

smoothSolver:  Solving for Ux, Initial residual = 0.00082489108, Final residual = 1.1898856e-05, No Iterations 3
smoothSolver:  Solving for Uy, Initial residual = 0.0084272656, Final residual = 0.0001240332, No Iterations 3
smoothSolver:  Solving for Uz, Initial residual = 0.0069904151, Final residual = 0.0001035818, No Iterations 3
GAMG:  Solving for p, Initial residual = 0.0068763801, Final residual = 3.6994339e-05, No Iterations 3
GAMG:  Solving for p, Initial residual = 0.00012332099, Final residual = 5.0252652e-07, No Iterations 4
time step continuity errors : sum local = 5.2499195e-06, global = 9.0623591e-07, cumulative = -0.00028190037
smoothSolver:  Solving for omega, Initial residual = 0.00038156264, Final residual = 3.4167522e-06, No Iterations 2
smoothSolver:  Solving for k, Initial residual = 0.0021445649, Final residual = 2.1608144e-05, No Iterations 2
bounding k, min: 9.1266483e-17 max: 0.37367084 average: 0.059897922
ExecutionTime = 770.53111 s  ClockTime = 771 s

Time = 518s

smoothSolver:  Solving for Ux, Initial residual = 0.0008162966, Final residual = 1.1736408e-05, No Iterations 3
smoothSolver:  Solving for Uy, Initial residual = 0.0083626185, Final residual = 0.00012327644, No Iterations 3
smoothSolver:  Solving for Uz, Initial residual = 0.0069587349, Final residual = 0.00010324691, No Iterations 3
GAMG:  Solving for p, Initial residual = 0.0069648911, Final residual = 3.7625057e-05, No Iterations 3
GAMG:  Solving for p, Initial residual = 0.00012475946, Final residual = 5.4813506e-07, No Iterations 4
time step continuity errors : sum local = 5.7324269e-06, global = 1.0226332e-06, cumulative = -0.00028087774
smoothSolver:  Solving for omega, Initial residual = 0.00037905781, Final residual = 3.405316e-06, No Iterations 2
smoothSolver:  Solving for k, Initial residual = 0.0021269298, Final residual = 2.1338108e-05, No Iterations 2
bounding k, min: 9.1563716e-17 max: 0.37513625 average: 0.059893058
ExecutionTime = 771.76346 s  ClockTime = 772 s

Time = 519s

smoothSolver:  Solving for Ux, Initial residual = 0.00080782184, Final residual = 1.1577348e-05, No Iterations 3
smoothSolver:  Solving for Uy, Initial residual = 0.0082943054, Final residual = 0.00012245093, No Iterations 3
smoothSolver:  Solving for Uz, Initial residual = 0.0069225094, Final residual = 0.00010289844, No Iterations 3
GAMG:  Solving for p, Initial residual = 0.007063516, Final residual = 3.8374975e-05, No Iterations 3
GAMG:  Solving for p, Initial residual = 0.00012600983, Final residual = 5.8901644e-07, No Iterations 4
time step continuity errors : sum local = 6.1670284e-06, global = 1.1176106e-06, cumulative = -0.00027976013
smoothSolver:  Solving for omega, Initial residual = 0.00037993973, Final residual = 3.3637415e-06, No Iterations 2
smoothSolver:  Solving for k, Initial residual = 0.0021085087, Final residual = 2.1182543e-05, No Iterations 2
bounding k, min: 9.1710945e-17 max: 0.37658837 average: 0.059888592
ExecutionTime = 772.97048 s  ClockTime = 774 s

Time = 520s

smoothSolver:  Solving for Ux, Initial residual = 0.00079971404, Final residual = 1.1419113e-05, No Iterations 3
smoothSolver:  Solving for Uy, Initial residual = 0.0082296395, Final residual = 0.00012172232, No Iterations 3
smoothSolver:  Solving for Uz, Initial residual = 0.0068845752, Final residual = 0.0001025087, No Iterations 3
GAMG:  Solving for p, Initial residual = 0.0071677121, Final residual = 3.8897921e-05, No Iterations 3
GAMG:  Solving for p, Initial residual = 0.00012670277, Final residual = 6.6155439e-07, No Iterations 4
time step continuity errors : sum local = 6.9341341e-06, global = 1.3179542e-06, cumulative = -0.00027844217
smoothSolver:  Solving for omega, Initial residual = 0.00037891784, Final residual = 3.4057149e-06, No Iterations 2
smoothSolver:  Solving for k, Initial residual = 0.0020915223, Final residual = 2.1026622e-05, No Iterations 2
bounding k, min: 9.1614022e-17 max: 0.37803695 average: 0.059883751
ExecutionTime = 774.53041 s  ClockTime = 775 s

Time = 521s

smoothSolver:  Solving for Ux, Initial residual = 0.0007916067, Final residual = 1.1268471e-05, No Iterations 3
smoothSolver:  Solving for Uy, Initial residual = 0.0081643843, Final residual = 0.00012105035, No Iterations 3
smoothSolver:  Solving for Uz, Initial residual = 0.0068433091, Final residual = 0.00010207381, No Iterations 3
GAMG:  Solving for p, Initial residual = 0.0072441421, Final residual = 3.9292393e-05, No Iterations 3
GAMG:  Solving for p, Initial residual = 0.00012819903, Final residual = 7.0572151e-07, No Iterations 4
time step continuity errors : sum local = 7.4048463e-06, global = 1.4226427e-06, cumulative = -0.00027701953
smoothSolver:  Solving for omega, Initial residual = 0.00037816291, Final residual = 3.3397316e-06, No Iterations 2
smoothSolver:  Solving for k, Initial residual = 0.0020822646, Final residual = 2.1017067e-05, No Iterations 2
bounding k, min: 9.1515095e-17 max: 0.37944953 average: 0.059878996
ExecutionTime = 776.16047 s  ClockTime = 777 s

Time = 522s

smoothSolver:  Solving for Ux, Initial residual = 0.00078385155, Final residual = 1.1122242e-05, No Iterations 3
smoothSolver:  Solving for Uy, Initial residual = 0.0081119703, Final residual = 0.00012047283, No Iterations 3
smoothSolver:  Solving for Uz, Initial residual = 0.0068046795, Final residual = 0.00010163943, No Iterations 3
GAMG:  Solving for p, Initial residual = 0.0073345804, Final residual = 3.9352288e-05, No Iterations 3
GAMG:  Solving for p, Initial residual = 0.00012896401, Final residual = 8.1743456e-07, No Iterations 4
time step continuity errors : sum local = 8.5849405e-06, global = 1.7641842e-06, cumulative = -0.00027525535
smoothSolver:  Solving for omega, Initial residual = 0.00037723467, Final residual = 3.3868946e-06, No Iterations 2
smoothSolver:  Solving for k, Initial residual = 0.0020689528, Final residual = 2.0816998e-05, No Iterations 2
bounding k, min: 9.1413873e-17 max: 0.38083938 average: 0.059873777
ExecutionTime = 777.79964 s  ClockTime = 778 s

Time = 523s

smoothSolver:  Solving for Ux, Initial residual = 0.00077644166, Final residual = 1.0986444e-05, No Iterations 3
smoothSolver:  Solving for Uy, Initial residual = 0.0080610114, Final residual = 0.00011996424, No Iterations 3
smoothSolver:  Solving for Uz, Initial residual = 0.0067662421, Final residual = 0.00010119222, No Iterations 3
GAMG:  Solving for p, Initial residual = 0.0074301412, Final residual = 3.9457386e-05, No Iterations 3
GAMG:  Solving for p, Initial residual = 0.00012975701, Final residual = 8.8607708e-07, No Iterations 4
time step continuity errors : sum local = 9.3157374e-06, global = 1.9764914e-06, cumulative = -0.00027327886
smoothSolver:  Solving for omega, Initial residual = 0.00037747414, Final residual = 3.3023922e-06, No Iterations 2
smoothSolver:  Solving for k, Initial residual = 0.0020483263, Final residual = 2.0589186e-05, No Iterations 2
bounding k, min: 9.1314957e-17 max: 0.38219245 average: 0.059869274
ExecutionTime = 779.19086 s  ClockTime = 780 s

Time = 524s

smoothSolver:  Solving for Ux, Initial residual = 0.00076936234, Final residual = 1.0858877e-05, No Iterations 3
smoothSolver:  Solving for Uy, Initial residual = 0.008014005, Final residual = 0.00011963032, No Iterations 3
smoothSolver:  Solving for Uz, Initial residual = 0.0067215275, Final residual = 0.00010062883, No Iterations 3
GAMG:  Solving for p, Initial residual = 0.0075339264, Final residual = 3.9415635e-05, No Iterations 3
GAMG:  Solving for p, Initial residual = 0.00012967765, Final residual = 9.646492e-07, No Iterations 4
time step continuity errors : sum local = 1.0149001e-05, global = 2.2141656e-06, cumulative = -0.00027106469
smoothSolver:  Solving for omega, Initial residual = 0.00037677806, Final residual = 3.4039875e-06, No Iterations 2
smoothSolver:  Solving for k, Initial residual = 0.0020288005, Final residual = 2.0417952e-05, No Iterations 2
bounding k, min: 9.1223384e-17 max: 0.38338901 average: 0.059864226
ExecutionTime = 780.58626 s  ClockTime = 781 s

Time = 525s

smoothSolver:  Solving for Ux, Initial residual = 0.00076274072, Final residual = 1.0742225e-05, No Iterations 3
smoothSolver:  Solving for Uy, Initial residual = 0.0079726371, Final residual = 0.00011934517, No Iterations 3
smoothSolver:  Solving for Uz, Initial residual = 0.0066774204, Final residual = 0.0001000552, No Iterations 3
GAMG:  Solving for p, Initial residual = 0.0076047358, Final residual = 3.9461727e-05, No Iterations 3
GAMG:  Solving for p, Initial residual = 0.00012977286, Final residual = 1.0111276e-06, No Iterations 4
time step continuity errors : sum local = 1.0645433e-05, global = 2.3203087e-06, cumulative = -0.00026874438
smoothSolver:  Solving for omega, Initial residual = 0.00037975024, Final residual = 3.3998672e-06, No Iterations 2
smoothSolver:  Solving for k, Initial residual = 0.0020137672, Final residual = 2.032483e-05, No Iterations 2
bounding k, min: 9.1156524e-17 max: 0.38447037 average: 0.059859427
ExecutionTime = 782.26736 s  ClockTime = 783 s

Time = 526s

smoothSolver:  Solving for Ux, Initial residual = 0.00075644689, Final residual = 1.0634426e-05, No Iterations 3
smoothSolver:  Solving for Uy, Initial residual = 0.0079395694, Final residual = 0.00011908115, No Iterations 3
smoothSolver:  Solving for Uz, Initial residual = 0.0066355689, Final residual = 9.9436441e-05, No Iterations 3
GAMG:  Solving for p, Initial residual = 0.0076724259, Final residual = 3.9157186e-05, No Iterations 3
GAMG:  Solving for p, Initial residual = 0.00012907005, Final residual = 1.0848654e-06, No Iterations 4
time step continuity errors : sum local = 1.1428787e-05, global = 2.5933905e-06, cumulative = -0.00026615099
smoothSolver:  Solving for omega, Initial residual = 0.00037809188, Final residual = 3.3640629e-06, No Iterations 2
smoothSolver:  Solving for k, Initial residual = 0.0019983536, Final residual = 2.0166491e-05, No Iterations 2
bounding k, min: 9.1122992e-17 max: 0.38548911 average: 0.059854294
ExecutionTime = 783.75725 s  ClockTime = 784 s

Time = 527s

smoothSolver:  Solving for Ux, Initial residual = 0.00075042302, Final residual = 1.0539833e-05, No Iterations 3
smoothSolver:  Solving for Uy, Initial residual = 0.0079061349, Final residual = 0.000118778, No Iterations 3
smoothSolver:  Solving for Uz, Initial residual = 0.0065882189, Final residual = 9.8808587e-05, No Iterations 3
GAMG:  Solving for p, Initial residual = 0.0077348108, Final residual = 3.9192819e-05, No Iterations 3
GAMG:  Solving for p, Initial residual = 0.00012923092, Final residual = 1.1053096e-06, No Iterations 4
time step continuity errors : sum local = 1.1650217e-05, global = 2.5621869e-06, cumulative = -0.0002635888
smoothSolver:  Solving for omega, Initial residual = 0.00037688599, Final residual = 3.277137e-06, No Iterations 2
smoothSolver:  Solving for k, Initial residual = 0.0019802248, Final residual = 1.9987645e-05, No Iterations 2
bounding k, min: 9.1135259e-17 max: 0.38646726 average: 0.059849559
ExecutionTime = 785.25701 s  ClockTime = 786 s

Time = 528s

smoothSolver:  Solving for Ux, Initial residual = 0.00074471375, Final residual = 1.0454947e-05, No Iterations 3
smoothSolver:  Solving for Uy, Initial residual = 0.0078710529, Final residual = 0.00011850493, No Iterations 3
smoothSolver:  Solving for Uz, Initial residual = 0.0065364641, Final residual = 9.8085861e-05, No Iterations 3
GAMG:  Solving for p, Initial residual = 0.0077688519, Final residual = 3.9026797e-05, No Iterations 3
GAMG:  Solving for p, Initial residual = 0.00012895041, Final residual = 1.1121489e-06, No Iterations 4
time step continuity errors : sum local = 1.1725848e-05, global = 2.5359003e-06, cumulative = -0.0002610529
smoothSolver:  Solving for omega, Initial residual = 0.00037776948, Final residual = 3.3979227e-06, No Iterations 2
smoothSolver:  Solving for k, Initial residual = 0.0019631005, Final residual = 1.9870998e-05, No Iterations 2
bounding k, min: 9.1199815e-17 max: 0.38742578 average: 0.059844408
ExecutionTime = 786.55302 s  ClockTime = 787 s

Time = 529s

smoothSolver:  Solving for Ux, Initial residual = 0.00073907081, Final residual = 1.038083e-05, No Iterations 3
smoothSolver:  Solving for Uy, Initial residual = 0.0078353056, Final residual = 0.00011819384, No Iterations 3
smoothSolver:  Solving for Uz, Initial residual = 0.0064855386, Final residual = 9.7378091e-05, No Iterations 3
GAMG:  Solving for p, Initial residual = 0.0077733069, Final residual = 3.8847092e-05, No Iterations 3
GAMG:  Solving for p, Initial residual = 0.00012904557, Final residual = 1.0948697e-06, No Iterations 4
time step continuity errors : sum local = 1.154648e-05, global = 2.4445642e-06, cumulative = -0.00025860834
smoothSolver:  Solving for omega, Initial residual = 0.00037817237, Final residual = 3.3235441e-06, No Iterations 2
smoothSolver:  Solving for k, Initial residual = 0.0019478805, Final residual = 1.9714271e-05, No Iterations 2
bounding k, min: 9.138316e-17 max: 0.38836629 average: 0.059839581
ExecutionTime = 788.23806 s  ClockTime = 789 s

Time = 530s

smoothSolver:  Solving for Ux, Initial residual = 0.00073383704, Final residual = 1.0312293e-05, No Iterations 3
smoothSolver:  Solving for Uy, Initial residual = 0.0078040562, Final residual = 0.00011787146, No Iterations 3
smoothSolver:  Solving for Uz, Initial residual = 0.0064350865, Final residual = 9.6673097e-05, No Iterations 3
GAMG:  Solving for p, Initial residual = 0.0077564348, Final residual = 3.8606246e-05, No Iterations 3
GAMG:  Solving for p, Initial residual = 0.0001282841, Final residual = 1.030693e-06, No Iterations 4
time step continuity errors : sum local = 1.0871664e-05, global = 2.2162635e-06, cumulative = -0.00025639208
smoothSolver:  Solving for omega, Initial residual = 0.00037666037, Final residual = 3.3669497e-06, No Iterations 2
smoothSolver:  Solving for k, Initial residual = 0.0019313082, Final residual = 1.95833e-05, No Iterations 2
bounding k, min: 9.139167e-17 max: 0.38928515 average: 0.059834222
ExecutionTime = 790.2273 s  ClockTime = 791 s

Time = 531s

smoothSolver:  Solving for Ux, Initial residual = 0.00072861936, Final residual = 1.0249991e-05, No Iterations 3
smoothSolver:  Solving for Uy, Initial residual = 0.0077676857, Final residual = 0.00011752313, No Iterations 3
smoothSolver:  Solving for Uz, Initial residual = 0.0063850893, Final residual = 9.5993704e-05, No Iterations 3
GAMG:  Solving for p, Initial residual = 0.0077500352, Final residual = 3.8351253e-05, No Iterations 3
GAMG:  Solving for p, Initial residual = 0.00012833569, Final residual = 9.0647716e-07, No Iterations 4
time step continuity errors : sum local = 9.5638535e-06, global = 1.7877012e-06, cumulative = -0.00025460437
smoothSolver:  Solving for omega, Initial residual = 0.000378761, Final residual = 3.300238e-06, No Iterations 2
smoothSolver:  Solving for k, Initial residual = 0.0019148937, Final residual = 1.9452663e-05, No Iterations 2
bounding k, min: 9.1370336e-17 max: 0.39015979 average: 0.059829356
ExecutionTime = 792.04521 s  ClockTime = 793 s

Time = 532s

smoothSolver:  Solving for Ux, Initial residual = 0.00072380053, Final residual = 1.0192327e-05, No Iterations 3
smoothSolver:  Solving for Uy, Initial residual = 0.0077377661, Final residual = 0.00011717313, No Iterations 3
smoothSolver:  Solving for Uz, Initial residual = 0.0063377635, Final residual = 9.5315946e-05, No Iterations 3
GAMG:  Solving for p, Initial residual = 0.0077519055, Final residual = 3.8105488e-05, No Iterations 3
GAMG:  Solving for p, Initial residual = 0.00012798231, Final residual = 7.7517923e-07, No Iterations 4
time step continuity errors : sum local = 8.1812981e-06, global = 1.4477297e-06, cumulative = -0.00025315664
smoothSolver:  Solving for omega, Initial residual = 0.00037808393, Final residual = 3.3041898e-06, No Iterations 2
smoothSolver:  Solving for k, Initial residual = 0.0018975527, Final residual = 1.9303337e-05, No Iterations 2
bounding k, min: 9.1511189e-17 max: 0.39100241 average: 0.05982404
ExecutionTime = 793.6783 s  ClockTime = 794 s

Time = 533s

smoothSolver:  Solving for Ux, Initial residual = 0.00071912242, Final residual = 1.01391e-05, No Iterations 3
smoothSolver:  Solving for Uy, Initial residual = 0.0077044177, Final residual = 0.00011677221, No Iterations 3
smoothSolver:  Solving for Uz, Initial residual = 0.0062959604, Final residual = 9.4689063e-05, No Iterations 3
GAMG:  Solving for p, Initial residual = 0.00773996, Final residual = 3.7938461e-05, No Iterations 3
GAMG:  Solving for p, Initial residual = 0.00012874106, Final residual = 6.2050901e-07, No Iterations 4
time step continuity errors : sum local = 6.5518271e-06, global = 1.0827858e-06, cumulative = -0.00025207386
smoothSolver:  Solving for omega, Initial residual = 0.00037607886, Final residual = 3.3162232e-06, No Iterations 2
smoothSolver:  Solving for k, Initial residual = 0.0018822745, Final residual = 1.9189807e-05, No Iterations 2
bounding k, min: 9.2027358e-17 max: 0.39180972 average: 0.059819135
ExecutionTime = 795.64074 s  ClockTime = 796 s

Time = 534s

smoothSolver:  Solving for Ux, Initial residual = 0.00071501065, Final residual = 1.009175e-05, No Iterations 3
smoothSolver:  Solving for Uy, Initial residual = 0.007672806, Final residual = 0.00011635345, No Iterations 3
smoothSolver:  Solving for Uz, Initial residual = 0.0062572574, Final residual = 9.407032e-05, No Iterations 3
GAMG:  Solving for p, Initial residual = 0.0077202245, Final residual = 3.8121235e-05, No Iterations 3
GAMG:  Solving for p, Initial residual = 0.00012995763, Final residual = 1.2711375e-06, No Iterations 3
time step continuity errors : sum local = 1.3429833e-05, global = 4.5002072e-07, cumulative = -0.00025162384
smoothSolver:  Solving for omega, Initial residual = 0.00037632455, Final residual = 3.3635336e-06, No Iterations 2
smoothSolver:  Solving for k, Initial residual = 0.0018662691, Final residual = 1.9053668e-05, No Iterations 2
bounding k, min: 9.2099404e-17 max: 0.39258898 average: 0.05981419
ExecutionTime = 797.28807 s  ClockTime = 798 s

Time = 535s

smoothSolver:  Solving for Ux, Initial residual = 0.00071123273, Final residual = 1.00489e-05, No Iterations 3
smoothSolver:  Solving for Uy, Initial residual = 0.0076431898, Final residual = 0.00011588009, No Iterations 3
smoothSolver:  Solving for Uz, Initial residual = 0.0062239764, Final residual = 9.3514468e-05, No Iterations 3
GAMG:  Solving for p, Initial residual = 0.0076812087, Final residual = 3.8229058e-05, No Iterations 3
GAMG:  Solving for p, Initial residual = 0.00013219258, Final residual = 1.2651406e-06, No Iterations 3
time step continuity errors : sum local = 1.3375184e-05, global = 1.3844227e-06, cumulative = -0.00025023942
smoothSolver:  Solving for omega, Initial residual = 0.00037519253, Final residual = 3.279448e-06, No Iterations 2
smoothSolver:  Solving for k, Initial residual = 0.0018519602, Final residual = 1.8929186e-05, No Iterations 2
bounding k, min: 9.2335373e-17 max: 0.39333262 average: 0.059809772
ExecutionTime = 798.61212 s  ClockTime = 799 s

Time = 536s

smoothSolver:  Solving for Ux, Initial residual = 0.00070789125, Final residual = 1.0013294e-05, No Iterations 3
smoothSolver:  Solving for Uy, Initial residual = 0.0076188037, Final residual = 0.00011539336, No Iterations 3
smoothSolver:  Solving for Uz, Initial residual = 0.0061989362, Final residual = 9.3037523e-05, No Iterations 3
GAMG:  Solving for p, Initial residual = 0.007647269, Final residual = 3.8616162e-05, No Iterations 3
GAMG:  Solving for p, Initial residual = 0.00013432156, Final residual = 1.3096027e-06, No Iterations 3
time step continuity errors : sum local = 1.3855455e-05, global = 2.2441876e-06, cumulative = -0.00024799523
smoothSolver:  Solving for omega, Initial residual = 0.00037355443, Final residual = 3.3417761e-06, No Iterations 2
smoothSolver:  Solving for k, Initial residual = 0.0018355716, Final residual = 1.8794475e-05, No Iterations 2
bounding k, min: 9.3807461e-17 max: 0.39404626 average: 0.059805204
ExecutionTime = 800.34042 s  ClockTime = 801 s

Time = 537s

smoothSolver:  Solving for Ux, Initial residual = 0.00070499262, Final residual = 9.9811897e-06, No Iterations 3
smoothSolver:  Solving for Uy, Initial residual = 0.0075915768, Final residual = 0.00011488864, No Iterations 3
smoothSolver:  Solving for Uz, Initial residual = 0.0061757427, Final residual = 9.2609384e-05, No Iterations 3
GAMG:  Solving for p, Initial residual = 0.0076387248, Final residual = 3.899189e-05, No Iterations 3
GAMG:  Solving for p, Initial residual = 0.00013704559, Final residual = 6.0430096e-07, No Iterations 4
time step continuity errors : sum local = 6.3985027e-06, global = -1.0282925e-06, cumulative = -0.00024902352
smoothSolver:  Solving for omega, Initial residual = 0.00037604381, Final residual = 3.3222137e-06, No Iterations 2
smoothSolver:  Solving for k, Initial residual = 0.0018215191, Final residual = 1.869037e-05, No Iterations 2
bounding k, min: 1.0042486e-16 max: 0.39472185 average: 0.059801519
ExecutionTime = 802.14338 s  ClockTime = 803 s

Time = 538s

smoothSolver:  Solving for Ux, Initial residual = 0.00070265632, Final residual = 9.9538244e-06, No Iterations 3
smoothSolver:  Solving for Uy, Initial residual = 0.0075667071, Final residual = 0.00011432395, No Iterations 3
smoothSolver:  Solving for Uz, Initial residual = 0.0061602796, Final residual = 9.2223721e-05, No Iterations 3
GAMG:  Solving for p, Initial residual = 0.0076709544, Final residual = 3.9654985e-05, No Iterations 3
GAMG:  Solving for p, Initial residual = 0.00013976675, Final residual = 6.5641349e-07, No Iterations 4
time step continuity errors : sum local = 6.9556142e-06, global = -1.1812289e-06, cumulative = -0.00025020475
smoothSolver:  Solving for omega, Initial residual = 0.00037459486, Final residual = 3.2960728e-06, No Iterations 2
smoothSolver:  Solving for k, Initial residual = 0.0018082903, Final residual = 1.8595277e-05, No Iterations 2
bounding k, min: 1.0759636e-16 max: 0.39536346 average: 0.059797416
ExecutionTime = 803.9242 s  ClockTime = 805 s

Time = 539s

smoothSolver:  Solving for Ux, Initial residual = 0.00070086393, Final residual = 9.927626e-06, No Iterations 3
smoothSolver:  Solving for Uy, Initial residual = 0.007543713, Final residual = 0.00011377637, No Iterations 3
smoothSolver:  Solving for Uz, Initial residual = 0.0061505384, Final residual = 9.1897316e-05, No Iterations 3
GAMG:  Solving for p, Initial residual = 0.0077204577, Final residual = 4.0225701e-05, No Iterations 3
GAMG:  Solving for p, Initial residual = 0.00014256694, Final residual = 7.4258019e-07, No Iterations 4
time step continuity errors : sum local = 7.8754358e-06, global = -1.3617994e-06, cumulative = -0.00025156655
smoothSolver:  Solving for omega, Initial residual = 0.00037249625, Final residual = 3.2200741e-06, No Iterations 2
smoothSolver:  Solving for k, Initial residual = 0.0017956116, Final residual = 1.8480771e-05, No Iterations 2
bounding k, min: 1.2675509e-16 max: 0.39596253 average: 0.059793982
ExecutionTime = 805.23051 s  ClockTime = 806 s

Time = 540s

smoothSolver:  Solving for Ux, Initial residual = 0.00069959631, Final residual = 9.906102e-06, No Iterations 3
smoothSolver:  Solving for Uy, Initial residual = 0.0075204069, Final residual = 0.00011319738, No Iterations 3
smoothSolver:  Solving for Uz, Initial residual = 0.0061427522, Final residual = 9.1603181e-05, No Iterations 3
GAMG:  Solving for p, Initial residual = 0.0077628494, Final residual = 4.0868236e-05, No Iterations 3
GAMG:  Solving for p, Initial residual = 0.00014486671, Final residual = 8.0377832e-07, No Iterations 4
time step continuity errors : sum local = 8.5300094e-06, global = -1.4919825e-06, cumulative = -0.00025305853
smoothSolver:  Solving for omega, Initial residual = 0.00037398561, Final residual = 3.3113042e-06, No Iterations 2
smoothSolver:  Solving for k, Initial residual = 0.0017830745, Final residual = 1.8376625e-05, No Iterations 2
bounding k, min: 1.2542964e-16 max: 0.39652461 average: 0.059790452
ExecutionTime = 806.40007 s  ClockTime = 807 s

Time = 541s

smoothSolver:  Solving for Ux, Initial residual = 0.00069858643, Final residual = 9.8860306e-06, No Iterations 3
smoothSolver:  Solving for Uy, Initial residual = 0.0074924309, Final residual = 0.00011253362, No Iterations 3
smoothSolver:  Solving for Uz, Initial residual = 0.0061375466, Final residual = 9.1360771e-05, No Iterations 3
GAMG:  Solving for p, Initial residual = 0.0078125667, Final residual = 4.1341066e-05, No Iterations 3
GAMG:  Solving for p, Initial residual = 0.00014697869, Final residual = 8.7586463e-07, No Iterations 4
time step continuity errors : sum local = 9.3003144e-06, global = -1.5905434e-06, cumulative = -0.00025464907
smoothSolver:  Solving for omega, Initial residual = 0.00037529624, Final residual = 3.2714732e-06, No Iterations 2
smoothSolver:  Solving for k, Initial residual = 0.0017715937, Final residual = 1.8280899e-05, No Iterations 2
bounding k, min: 1.2422799e-16 max: 0.39704265 average: 0.059787363
ExecutionTime = 807.75448 s  ClockTime = 808 s

Time = 542s

smoothSolver:  Solving for Ux, Initial residual = 0.00069800286, Final residual = 9.8683998e-06, No Iterations 3
smoothSolver:  Solving for Uy, Initial residual = 0.007467818, Final residual = 0.00011189756, No Iterations 3
smoothSolver:  Solving for Uz, Initial residual = 0.0061379811, Final residual = 9.1138633e-05, No Iterations 3
GAMG:  Solving for p, Initial residual = 0.0078970858, Final residual = 4.2152724e-05, No Iterations 3
GAMG:  Solving for p, Initial residual = 0.00014813649, Final residual = 9.1397124e-07, No Iterations 4
time step continuity errors : sum local = 9.70878e-06, global = -1.6337826e-06, cumulative = -0.00025628286
smoothSolver:  Solving for omega, Initial residual = 0.0003734861, Final residual = 3.292422e-06, No Iterations 2
smoothSolver:  Solving for k, Initial residual = 0.0017601023, Final residual = 1.817158e-05, No Iterations 2
bounding k, min: 1.2321619e-16 max: 0.3975212 average: 0.059783819
ExecutionTime = 809.12581 s  ClockTime = 810 s

Time = 543s

smoothSolver:  Solving for Ux, Initial residual = 0.00069768402, Final residual = 9.8513631e-06, No Iterations 3
smoothSolver:  Solving for Uy, Initial residual = 0.0074389081, Final residual = 0.00011115854, No Iterations 3
smoothSolver:  Solving for Uz, Initial residual = 0.0061445585, Final residual = 9.0939797e-05, No Iterations 3
GAMG:  Solving for p, Initial residual = 0.008008245, Final residual = 4.2955458e-05, No Iterations 3
GAMG:  Solving for p, Initial residual = 0.00014887317, Final residual = 9.562494e-07, No Iterations 4
time step continuity errors : sum local = 1.0160782e-05, global = -1.6163651e-06, cumulative = -0.00025789922
smoothSolver:  Solving for omega, Initial residual = 0.00037626037, Final residual = 3.2860105e-06, No Iterations 2
smoothSolver:  Solving for k, Initial residual = 0.0017524038, Final residual = 1.8127912e-05, No Iterations 2
bounding k, min: 1.2246917e-16 max: 0.39795043 average: 0.059780627
ExecutionTime = 810.37038 s  ClockTime = 811 s

Time = 544s

smoothSolver:  Solving for Ux, Initial residual = 0.00069741822, Final residual = 9.8339092e-06, No Iterations 3
smoothSolver:  Solving for Uy, Initial residual = 0.0074116239, Final residual = 0.00011041128, No Iterations 3
smoothSolver:  Solving for Uz, Initial residual = 0.0061576223, Final residual = 9.0762351e-05, No Iterations 3
GAMG:  Solving for p, Initial residual = 0.0081263929, Final residual = 4.3731435e-05, No Iterations 3
GAMG:  Solving for p, Initial residual = 0.00014865095, Final residual = 9.6535858e-07, No Iterations 4
time step continuity errors : sum local = 1.0259026e-05, global = -1.6562144e-06, cumulative = -0.00025955544
smoothSolver:  Solving for omega, Initial residual = 0.00037533927, Final residual = 3.2603704e-06, No Iterations 2
smoothSolver:  Solving for k, Initial residual = 0.0017415366, Final residual = 1.8019665e-05, No Iterations 2
bounding k, min: 1.2206024e-16 max: 0.39833698 average: 0.059776928
ExecutionTime = 811.6065 s  ClockTime = 812 s

Time = 545s

smoothSolver:  Solving for Ux, Initial residual = 0.00069717942, Final residual = 9.8184793e-06, No Iterations 3
smoothSolver:  Solving for Uy, Initial residual = 0.0073741794, Final residual = 0.00010953445, No Iterations 3
smoothSolver:  Solving for Uz, Initial residual = 0.0061732067, Final residual = 9.0600591e-05, No Iterations 3
GAMG:  Solving for p, Initial residual = 0.0082108398, Final residual = 4.4292185e-05, No Iterations 3
GAMG:  Solving for p, Initial residual = 0.00014835706, Final residual = 9.7276036e-07, No Iterations 4
time step continuity errors : sum local = 1.0338344e-05, global = -1.5379538e-06, cumulative = -0.00026109339
smoothSolver:  Solving for omega, Initial residual = 0.00037391484, Final residual = 3.2076466e-06, No Iterations 2
smoothSolver:  Solving for k, Initial residual = 0.0017335566, Final residual = 1.7981527e-05, No Iterations 2
bounding k, min: 1.2140467e-16 max: 0.39867834 average: 0.059773222
ExecutionTime = 812.92891 s  ClockTime = 814 s

Time = 546s

smoothSolver:  Solving for Ux, Initial residual = 0.00069690122, Final residual = 9.8022784e-06, No Iterations 3
smoothSolver:  Solving for Uy, Initial residual = 0.0073372599, Final residual = 0.00010868077, No Iterations 3
smoothSolver:  Solving for Uz, Initial residual = 0.0061921456, Final residual = 9.043334e-05, No Iterations 3
GAMG:  Solving for p, Initial residual = 0.0082667839, Final residual = 4.494498e-05, No Iterations 3
GAMG:  Solving for p, Initial residual = 0.00014814218, Final residual = 9.4047166e-07, No Iterations 4
time step continuity errors : sum local = 9.9957368e-06, global = -1.3063246e-06, cumulative = -0.00026239972
smoothSolver:  Solving for omega, Initial residual = 0.00037424522, Final residual = 3.3068985e-06, No Iterations 2
smoothSolver:  Solving for k, Initial residual = 0.001723257, Final residual = 1.7887055e-05, No Iterations 2
bounding k, min: 1.1614942e-16 max: 0.39897804 average: 0.059769071
ExecutionTime = 814.20178 s  ClockTime = 815 s

Time = 547s

smoothSolver:  Solving for Ux, Initial residual = 0.00069650174, Final residual = 9.7873761e-06, No Iterations 3
smoothSolver:  Solving for Uy, Initial residual = 0.0072928688, Final residual = 0.00010773133, No Iterations 3
smoothSolver:  Solving for Uz, Initial residual = 0.00620636, Final residual = 9.0216708e-05, No Iterations 3
GAMG:  Solving for p, Initial residual = 0.0083226888, Final residual = 4.5148742e-05, No Iterations 3
GAMG:  Solving for p, Initial residual = 0.0001481581, Final residual = 9.2917629e-07, No Iterations 4
time step continuity errors : sum local = 9.8758878e-06, global = -1.1554709e-06, cumulative = -0.00026355519
smoothSolver:  Solving for omega, Initial residual = 0.00037632776, Final residual = 3.2148982e-06, No Iterations 2
smoothSolver:  Solving for k, Initial residual = 0.0017130512, Final residual = 1.7826967e-05, No Iterations 2
bounding k, min: 1.1174449e-16 max: 0.39922944 average: 0.059764805
ExecutionTime = 815.54723 s  ClockTime = 816 s

Time = 548s

smoothSolver:  Solving for Ux, Initial residual = 0.00069621839, Final residual = 9.7718922e-06, No Iterations 3
smoothSolver:  Solving for Uy, Initial residual = 0.0072445332, Final residual = 0.00010675183, No Iterations 3
smoothSolver:  Solving for Uz, Initial residual = 0.0062218885, Final residual = 9.0037148e-05, No Iterations 3
GAMG:  Solving for p, Initial residual = 0.0083591884, Final residual = 4.5626276e-05, No Iterations 3
GAMG:  Solving for p, Initial residual = 0.00014850423, Final residual = 8.8851026e-07, No Iterations 4
time step continuity errors : sum local = 9.4441032e-06, global = -1.1750893e-06, cumulative = -0.00026473028
smoothSolver:  Solving for omega, Initial residual = 0.00037725947, Final residual = 3.3217149e-06, No Iterations 2
smoothSolver:  Solving for k, Initial residual = 0.0017068372, Final residual = 1.7809527e-05, No Iterations 2
bounding k, min: 1.0963014e-16 max: 0.39943738 average: 0.059759436
ExecutionTime = 816.87239 s  ClockTime = 818 s

Time = 549s

smoothSolver:  Solving for Ux, Initial residual = 0.00069571689, Final residual = 9.7562131e-06, No Iterations 3
smoothSolver:  Solving for Uy, Initial residual = 0.0071899783, Final residual = 0.00010572491, No Iterations 3
smoothSolver:  Solving for Uz, Initial residual = 0.0062367942, Final residual = 8.9918616e-05, No Iterations 3
GAMG:  Solving for p, Initial residual = 0.008374747, Final residual = 4.5870804e-05, No Iterations 3
GAMG:  Solving for p, Initial residual = 0.00014952225, Final residual = 8.6954381e-07, No Iterations 4
time step continuity errors : sum local = 9.2439076e-06, global = -1.5481193e-06, cumulative = -0.00026627839
smoothSolver:  Solving for omega, Initial residual = 0.00037801017, Final residual = 3.2805538e-06, No Iterations 2
smoothSolver:  Solving for k, Initial residual = 0.0017001677, Final residual = 1.7743226e-05, No Iterations 2
bounding k, min: 1.0622049e-16 max: 0.399598 average: 0.059754061
ExecutionTime = 818.19224 s  ClockTime = 819 s

Time = 550s

smoothSolver:  Solving for Ux, Initial residual = 0.00069511135, Final residual = 9.7410494e-06, No Iterations 3
smoothSolver:  Solving for Uy, Initial residual = 0.0071371919, Final residual = 0.0001047935, No Iterations 3
smoothSolver:  Solving for Uz, Initial residual = 0.0062536023, Final residual = 8.9834688e-05, No Iterations 3
GAMG:  Solving for p, Initial residual = 0.0083881695, Final residual = 4.6533861e-05, No Iterations 3
GAMG:  Solving for p, Initial residual = 0.00015065574, Final residual = 8.3928887e-07, No Iterations 4
time step continuity errors : sum local = 8.9236686e-06, global = -1.2555011e-06, cumulative = -0.0002675339
smoothSolver:  Solving for omega, Initial residual = 0.00037385801, Final residual = 3.2276162e-06, No Iterations 2
smoothSolver:  Solving for k, Initial residual = 0.0016969638, Final residual = 1.7749418e-05, No Iterations 2
bounding k, min: 1.0349675e-16 max: 0.39971818 average: 0.059747549
ExecutionTime = 819.75462 s  ClockTime = 820 s

Time = 551s

smoothSolver:  Solving for Ux, Initial residual = 0.0006942253, Final residual = 9.7289169e-06, No Iterations 3
smoothSolver:  Solving for Uy, Initial residual = 0.0070792158, Final residual = 0.00010379546, No Iterations 3
smoothSolver:  Solving for Uz, Initial residual = 0.0062656203, Final residual = 8.9668059e-05, No Iterations 3
GAMG:  Solving for p, Initial residual = 0.0084095688, Final residual = 4.699955e-05, No Iterations 3
GAMG:  Solving for p, Initial residual = 0.00015243602, Final residual = 8.8174041e-07, No Iterations 4
time step continuity errors : sum local = 9.3772461e-06, global = -1.6906775e-06, cumulative = -0.00026922457
smoothSolver:  Solving for omega, Initial residual = 0.00037423052, Final residual = 3.1967458e-06, No Iterations 2
smoothSolver:  Solving for k, Initial residual = 0.0016909875, Final residual = 1.7683685e-05, No Iterations 2
bounding k, min: 1.0136321e-16 max: 0.39979198 average: 0.059741046
ExecutionTime = 821.12146 s  ClockTime = 822 s

Time = 552s

smoothSolver:  Solving for Ux, Initial residual = 0.00069328282, Final residual = 9.7179399e-06, No Iterations 3
smoothSolver:  Solving for Uy, Initial residual = 0.0070217181, Final residual = 0.00010287431, No Iterations 3
smoothSolver:  Solving for Uz, Initial residual = 0.0062759938, Final residual = 8.9595104e-05, No Iterations 3
GAMG:  Solving for p, Initial residual = 0.0083919963, Final residual = 4.8045352e-05, No Iterations 3
GAMG:  Solving for p, Initial residual = 0.00015582787, Final residual = 1.0144373e-06, No Iterations 4
time step continuity errors : sum local = 1.0791305e-05, global = -1.9095078e-06, cumulative = -0.00027113408
smoothSolver:  Solving for omega, Initial residual = 0.00037768206, Final residual = 3.3096631e-06, No Iterations 2
smoothSolver:  Solving for k, Initial residual = 0.0016861342, Final residual = 1.7663967e-05, No Iterations 2
bounding k, min: 9.975157e-17 max: 0.39982434 average: 0.059733678
ExecutionTime = 822.4808 s  ClockTime = 823 s

Time = 553s

smoothSolver:  Solving for Ux, Initial residual = 0.00069197128, Final residual = 9.7095237e-06, No Iterations 3
smoothSolver:  Solving for Uy, Initial residual = 0.0069648228, Final residual = 0.00010199915, No Iterations 3
smoothSolver:  Solving for Uz, Initial residual = 0.006283765, Final residual = 8.9392769e-05, No Iterations 3
GAMG:  Solving for p, Initial residual = 0.0083461611, Final residual = 4.8907421e-05, No Iterations 3
GAMG:  Solving for p, Initial residual = 0.00015983776, Final residual = 1.093822e-06, No Iterations 4
time step continuity errors : sum local = 1.1636783e-05, global = -1.8762108e-06, cumulative = -0.00027301029
smoothSolver:  Solving for omega, Initial residual = 0.0003762752, Final residual = 3.2141946e-06, No Iterations 2
smoothSolver:  Solving for k, Initial residual = 0.0016809349, Final residual = 1.7632806e-05, No Iterations 2
bounding k, min: 9.8630114e-17 max: 0.39981083 average: 0.059726493
ExecutionTime = 823.67305 s  ClockTime = 824 s

Time = 554s

smoothSolver:  Solving for Ux, Initial residual = 0.00069076946, Final residual = 9.6987277e-06, No Iterations 3
smoothSolver:  Solving for Uy, Initial residual = 0.0069093295, Final residual = 0.0001010874, No Iterations 3
smoothSolver:  Solving for Uz, Initial residual = 0.0062879694, Final residual = 8.9330637e-05, No Iterations 3
GAMG:  Solving for p, Initial residual = 0.0082815933, Final residual = 5.0180965e-05, No Iterations 3
GAMG:  Solving for p, Initial residual = 0.00016460796, Final residual = 1.1631562e-06, No Iterations 4
time step continuity errors : sum local = 1.2374924e-05, global = -1.7783299e-06, cumulative = -0.00027478862
smoothSolver:  Solving for omega, Initial residual = 0.00037512071, Final residual = 3.2862555e-06, No Iterations 2
smoothSolver:  Solving for k, Initial residual = 0.0016752854, Final residual = 1.7606421e-05, No Iterations 2
bounding k, min: 9.7861712e-17 max: 0.39975774 average: 0.05971865
ExecutionTime = 824.89503 s  ClockTime = 826 s

Time = 555s

smoothSolver:  Solving for Ux, Initial residual = 0.00068932915, Final residual = 9.6852251e-06, No Iterations 3
smoothSolver:  Solving for Uy, Initial residual = 0.006853001, Final residual = 0.00010026635, No Iterations 3
smoothSolver:  Solving for Uz, Initial residual = 0.0062943236, Final residual = 8.914038e-05, No Iterations 3
GAMG:  Solving for p, Initial residual = 0.0082355588, Final residual = 5.1406545e-05, No Iterations 3
GAMG:  Solving for p, Initial residual = 0.00016934862, Final residual = 1.2003496e-06, No Iterations 4
time step continuity errors : sum local = 1.2769613e-05, global = -1.8676879e-06, cumulative = -0.00027665631
smoothSolver:  Solving for omega, Initial residual = 0.00037879946, Final residual = 3.2527991e-06, No Iterations 2
smoothSolver:  Solving for k, Initial residual = 0.0016717717, Final residual = 1.7593729e-05, No Iterations 2
bounding k, min: 9.7400694e-17 max: 0.39966008 average: 0.059711332
ExecutionTime = 826.19312 s  ClockTime = 827 s

Time = 556s

smoothSolver:  Solving for Ux, Initial residual = 0.00068789724, Final residual = 9.6666588e-06, No Iterations 3
smoothSolver:  Solving for Uy, Initial residual = 0.006801722, Final residual = 9.9472825e-05, No Iterations 3
smoothSolver:  Solving for Uz, Initial residual = 0.0063011235, Final residual = 8.9038664e-05, No Iterations 3
GAMG:  Solving for p, Initial residual = 0.0082033213, Final residual = 5.2469772e-05, No Iterations 3
GAMG:  Solving for p, Initial residual = 0.00017369836, Final residual = 1.2081105e-06, No Iterations 4
time step continuity errors : sum local = 1.2852507e-05, global = -1.8486352e-06, cumulative = -0.00027850494
smoothSolver:  Solving for omega, Initial residual = 0.00037835206, Final residual = 3.2946781e-06, No Iterations 2
smoothSolver:  Solving for k, Initial residual = 0.0016689476, Final residual = 1.7632356e-05, No Iterations 2
bounding k, min: 9.7178784e-17 max: 0.39952035 average: 0.059703169
ExecutionTime = 827.48402 s  ClockTime = 828 s

Time = 557s

smoothSolver:  Solving for Ux, Initial residual = 0.00068613376, Final residual = 9.6434105e-06, No Iterations 3
smoothSolver:  Solving for Uy, Initial residual = 0.0067505719, Final residual = 9.8584631e-05, No Iterations 3
smoothSolver:  Solving for Uz, Initial residual = 0.006309932, Final residual = 8.9027406e-05, No Iterations 3
GAMG:  Solving for p, Initial residual = 0.0081810136, Final residual = 5.3084526e-05, No Iterations 3
GAMG:  Solving for p, Initial residual = 0.00017741349, Final residual = 1.2171359e-06, No Iterations 4
time step continuity errors : sum local = 1.2947844e-05, global = -1.8063579e-06, cumulative = -0.0002803113
smoothSolver:  Solving for omega, Initial residual = 0.000378126, Final residual = 3.2556599e-06, No Iterations 2
smoothSolver:  Solving for k, Initial residual = 0.0016634259, Final residual = 1.7565516e-05, No Iterations 2
bounding k, min: 9.6235015e-17 max: 0.39933101 average: 0.059695592
ExecutionTime = 828.71915 s  ClockTime = 829 s

Time = 558s

smoothSolver:  Solving for Ux, Initial residual = 0.00068438236, Final residual = 9.6120106e-06, No Iterations 3
smoothSolver:  Solving for Uy, Initial residual = 0.006702068, Final residual = 9.7683847e-05, No Iterations 3
smoothSolver:  Solving for Uz, Initial residual = 0.0063186597, Final residual = 8.8959271e-05, No Iterations 3
GAMG:  Solving for p, Initial residual = 0.0081777265, Final residual = 5.334995e-05, No Iterations 3
GAMG:  Solving for p, Initial residual = 0.0001809119, Final residual = 1.2021552e-06, No Iterations 4
time step continuity errors : sum local = 1.2788699e-05, global = -1.7018403e-06, cumulative = -0.00028201314
smoothSolver:  Solving for omega, Initial residual = 0.00037669004, Final residual = 3.2649976e-06, No Iterations 2
smoothSolver:  Solving for k, Initial residual = 0.0016593914, Final residual = 1.7597065e-05, No Iterations 2
bounding k, min: 9.4779334e-17 max: 0.3990975 average: 0.059687631
ExecutionTime = 829.93807 s  ClockTime = 831 s

Time = 559s

smoothSolver:  Solving for Ux, Initial residual = 0.00068228874, Final residual = 9.5752585e-06, No Iterations 3
smoothSolver:  Solving for Uy, Initial residual = 0.0066583367, Final residual = 9.6756357e-05, No Iterations 3
smoothSolver:  Solving for Uz, Initial residual = 0.0063291226, Final residual = 8.897374e-05, No Iterations 3
GAMG:  Solving for p, Initial residual = 0.0081811873, Final residual = 5.3196811e-05, No Iterations 3
GAMG:  Solving for p, Initial residual = 0.00018330662, Final residual = 1.2068789e-06, No Iterations 4
time step continuity errors : sum local = 1.2839321e-05, global = -1.7399854e-06, cumulative = -0.00028375313
smoothSolver:  Solving for omega, Initial residual = 0.00037749598, Final residual = 3.2164839e-06, No Iterations 2
smoothSolver:  Solving for k, Initial residual = 0.0016563893, Final residual = 1.7563875e-05, No Iterations 2
bounding k, min: 9.3840686e-17 max: 0.39881391 average: 0.05968008
ExecutionTime = 831.22464 s  ClockTime = 832 s

Time = 560s

smoothSolver:  Solving for Ux, Initial residual = 0.00068027756, Final residual = 9.5316255e-06, No Iterations 3
smoothSolver:  Solving for Uy, Initial residual = 0.0066168043, Final residual = 9.5820018e-05, No Iterations 3
smoothSolver:  Solving for Uz, Initial residual = 0.0063383399, Final residual = 8.896422e-05, No Iterations 3
GAMG:  Solving for p, Initial residual = 0.0081990719, Final residual = 5.2857183e-05, No Iterations 3
GAMG:  Solving for p, Initial residual = 0.00018462116, Final residual = 1.157779e-06, No Iterations 4
time step continuity errors : sum local = 1.2318659e-05, global = -1.5762195e-06, cumulative = -0.00028532935
smoothSolver:  Solving for omega, Initial residual = 0.00037856984, Final residual = 3.318157e-06, No Iterations 2
smoothSolver:  Solving for k, Initial residual = 0.0016543315, Final residual = 1.7584798e-05, No Iterations 2
bounding k, min: 9.3196382e-17 max: 0.39848404 average: 0.05967181
ExecutionTime = 832.41104 s  ClockTime = 833 s

Time = 561s

smoothSolver:  Solving for Ux, Initial residual = 0.00067787369, Final residual = 9.4837218e-06, No Iterations 3
smoothSolver:  Solving for Uy, Initial residual = 0.0065756716, Final residual = 9.4859928e-05, No Iterations 3
smoothSolver:  Solving for Uz, Initial residual = 0.006345894, Final residual = 8.8887175e-05, No Iterations 3
GAMG:  Solving for p, Initial residual = 0.0082106835, Final residual = 5.2287844e-05, No Iterations 3
GAMG:  Solving for p, Initial residual = 0.00018462959, Final residual = 1.118043e-06, No Iterations 4
time step continuity errors : sum local = 1.1897362e-05, global = -1.4844428e-06, cumulative = -0.00028681379
smoothSolver:  Solving for omega, Initial residual = 0.00037951547, Final residual = 3.2948459e-06, No Iterations 2
smoothSolver:  Solving for k, Initial residual = 0.0016536531, Final residual = 1.7608318e-05, No Iterations 2
bounding k, min: 9.2722097e-17 max: 0.39810005 average: 0.059663986
ExecutionTime = 833.82173 s  ClockTime = 834 s

Time = 562s

smoothSolver:  Solving for Ux, Initial residual = 0.00067526368, Final residual = 9.4291626e-06, No Iterations 3
smoothSolver:  Solving for Uy, Initial residual = 0.00653784, Final residual = 9.3988856e-05, No Iterations 3
smoothSolver:  Solving for Uz, Initial residual = 0.0063556442, Final residual = 8.8849728e-05, No Iterations 3
GAMG:  Solving for p, Initial residual = 0.0082151293, Final residual = 5.1699912e-05, No Iterations 3
GAMG:  Solving for p, Initial residual = 0.00018394961, Final residual = 1.0995359e-06, No Iterations 4
time step continuity errors : sum local = 1.1702349e-05, global = -1.4932799e-06, cumulative = -0.00028830707
smoothSolver:  Solving for omega, Initial residual = 0.00037510389, Final residual = 3.2694512e-06, No Iterations 2
smoothSolver:  Solving for k, Initial residual = 0.0016572095, Final residual = 1.7686936e-05, No Iterations 2
bounding k, min: 9.2377584e-17 max: 0.39766928 average: 0.059655393
ExecutionTime = 835.59556 s  ClockTime = 836 s

Time = 563s

smoothSolver:  Solving for Ux, Initial residual = 0.00067231838, Final residual = 9.374784e-06, No Iterations 3
smoothSolver:  Solving for Uy, Initial residual = 0.0065012022, Final residual = 9.3128756e-05, No Iterations 3
smoothSolver:  Solving for Uz, Initial residual = 0.0063640514, Final residual = 8.86293e-05, No Iterations 3
GAMG:  Solving for p, Initial residual = 0.0082271071, Final residual = 5.1253405e-05, No Iterations 3
GAMG:  Solving for p, Initial residual = 0.00018275633, Final residual = 1.0448349e-06, No Iterations 4
time step continuity errors : sum local = 1.1123626e-05, global = -1.3663585e-06, cumulative = -0.00028967343
smoothSolver:  Solving for omega, Initial residual = 0.00037556919, Final residual = 3.1989061e-06, No Iterations 2
smoothSolver:  Solving for k, Initial residual = 0.0016567498, Final residual = 1.7660221e-05, No Iterations 2
bounding k, min: 9.2132509e-17 max: 0.39719108 average: 0.059646979
ExecutionTime = 837.16692 s  ClockTime = 838 s

Time = 564s

smoothSolver:  Solving for Ux, Initial residual = 0.00066928328, Final residual = 9.3172686e-06, No Iterations 3
smoothSolver:  Solving for Uy, Initial residual = 0.006468677, Final residual = 9.2368227e-05, No Iterations 3
smoothSolver:  Solving for Uz, Initial residual = 0.0063660101, Final residual = 8.8453352e-05, No Iterations 3
GAMG:  Solving for p, Initial residual = 0.0082299327, Final residual = 5.0526455e-05, No Iterations 3
GAMG:  Solving for p, Initial residual = 0.00018082151, Final residual = 9.6082338e-07, No Iterations 4
time step continuity errors : sum local = 1.0233692e-05, global = -1.1859792e-06, cumulative = -0.00029085941
smoothSolver:  Solving for omega, Initial residual = 0.00037805289, Final residual = 3.3608976e-06, No Iterations 2
smoothSolver:  Solving for k, Initial residual = 0.0016542559, Final residual = 1.7648968e-05, No Iterations 2
bounding k, min: 9.2002528e-17 max: 0.39667372 average: 0.059638374
ExecutionTime = 838.82145 s  ClockTime = 839 s

Time = 565s

smoothSolver:  Solving for Ux, Initial residual = 0.00066590655, Final residual = 9.261398e-06, No Iterations 3
smoothSolver:  Solving for Uy, Initial residual = 0.0064329959, Final residual = 9.1641668e-05, No Iterations 3
smoothSolver:  Solving for Uz, Initial residual = 0.0063660233, Final residual = 8.8179055e-05, No Iterations 3
GAMG:  Solving for p, Initial residual = 0.0082256879, Final residual = 5.0104794e-05, No Iterations 3
GAMG:  Solving for p, Initial residual = 0.00017954854, Final residual = 9.5490677e-07, No Iterations 4
time step continuity errors : sum local = 1.0172771e-05, global = -1.2266762e-06, cumulative = -0.00029208608
smoothSolver:  Solving for omega, Initial residual = 0.00037899259, Final residual = 3.2926885e-06, No Iterations 2
smoothSolver:  Solving for k, Initial residual = 0.0016582563, Final residual = 1.7746932e-05, No Iterations 2
bounding k, min: 9.1967951e-17 max: 0.39611679 average: 0.059629404
ExecutionTime = 840.26366 s  ClockTime = 841 s

Time = 566s

smoothSolver:  Solving for Ux, Initial residual = 0.00066241952, Final residual = 9.2039003e-06, No Iterations 3
smoothSolver:  Solving for Uy, Initial residual = 0.0064022205, Final residual = 9.1056224e-05, No Iterations 3
smoothSolver:  Solving for Uz, Initial residual = 0.0063700552, Final residual = 8.7946119e-05, No Iterations 3
GAMG:  Solving for p, Initial residual = 0.0082101287, Final residual = 4.9395454e-05, No Iterations 3
GAMG:  Solving for p, Initial residual = 0.00017811524, Final residual = 8.8696533e-07, No Iterations 4
time step continuity errors : sum local = 9.4536925e-06, global = -1.0767058e-06, cumulative = -0.00029316279
smoothSolver:  Solving for omega, Initial residual = 0.00037577946, Final residual = 3.306226e-06, No Iterations 2
smoothSolver:  Solving for k, Initial residual = 0.0016556025, Final residual = 1.7657969e-05, No Iterations 2
bounding k, min: 9.1964656e-17 max: 0.39552852 average: 0.059620073
ExecutionTime = 842.16192 s  ClockTime = 843 s

Time = 567s

smoothSolver:  Solving for Ux, Initial residual = 0.00065862234, Final residual = 9.1523962e-06, No Iterations 3
smoothSolver:  Solving for Uy, Initial residual = 0.006370145, Final residual = 9.0536874e-05, No Iterations 3
smoothSolver:  Solving for Uz, Initial residual = 0.0063632499, Final residual = 8.7622962e-05, No Iterations 3
GAMG:  Solving for p, Initial residual = 0.0081729606, Final residual = 4.8580783e-05, No Iterations 3
GAMG:  Solving for p, Initial residual = 0.00017743308, Final residual = 8.4843879e-07, No Iterations 4
time step continuity errors : sum local = 9.0471352e-06, global = -9.8204423e-07, cumulative = -0.00029414483
smoothSolver:  Solving for omega, Initial residual = 0.00037812063, Final residual = 3.28829e-06, No Iterations 2
smoothSolver:  Solving for k, Initial residual = 0.0016557233, Final residual = 1.7718008e-05, No Iterations 2
bounding k, min: 9.1994261e-17 max: 0.39490486 average: 0.059610824
ExecutionTime = 843.73962 s  ClockTime = 844 s

Time = 568s

smoothSolver:  Solving for Ux, Initial residual = 0.00065465573, Final residual = 9.1010218e-06, No Iterations 3
smoothSolver:  Solving for Uy, Initial residual = 0.0063481688, Final residual = 9.0134201e-05, No Iterations 3
smoothSolver:  Solving for Uz, Initial residual = 0.0063612446, Final residual = 8.7338322e-05, No Iterations 3
GAMG:  Solving for p, Initial residual = 0.0081488031, Final residual = 4.8172927e-05, No Iterations 3
GAMG:  Solving for p, Initial residual = 0.00017666679, Final residual = 8.4373409e-07, No Iterations 4
time step continuity errors : sum local = 8.9995413e-06, global = -9.9075963e-07, cumulative = -0.00029513559
smoothSolver:  Solving for omega, Initial residual = 0.00037712627, Final residual = 3.2962909e-06, No Iterations 2
smoothSolver:  Solving for k, Initial residual = 0.0016510477, Final residual = 1.7636778e-05, No Iterations 2
bounding k, min: 9.1987791e-17 max: 0.39424112 average: 0.059601078
ExecutionTime = 845.2761 s  ClockTime = 846 s

Time = 569s

smoothSolver:  Solving for Ux, Initial residual = 0.00065059889, Final residual = 9.0545506e-06, No Iterations 3
smoothSolver:  Solving for Uy, Initial residual = 0.0063271589, Final residual = 8.9762431e-05, No Iterations 3
smoothSolver:  Solving for Uz, Initial residual = 0.0063499093, Final residual = 8.696652e-05, No Iterations 3
GAMG:  Solving for p, Initial residual = 0.0081041013, Final residual = 4.8020229e-05, No Iterations 3
GAMG:  Solving for p, Initial residual = 0.00017677019, Final residual = 8.2910371e-07, No Iterations 4
time step continuity errors : sum local = 8.8443393e-06, global = -9.1206591e-07, cumulative = -0.00029604766
smoothSolver:  Solving for omega, Initial residual = 0.00037501304, Final residual = 3.2147573e-06, No Iterations 2
smoothSolver:  Solving for k, Initial residual = 0.0016486707, Final residual = 1.762377e-05, No Iterations 2
bounding k, min: 9.2118536e-17 max: 0.39353713 average: 0.05959156
ExecutionTime = 846.63403 s  ClockTime = 847 s

Time = 570s

smoothSolver:  Solving for Ux, Initial residual = 0.00064658908, Final residual = 9.0067736e-06, No Iterations 3
smoothSolver:  Solving for Uy, Initial residual = 0.0063132215, Final residual = 8.9461612e-05, No Iterations 3
smoothSolver:  Solving for Uz, Initial residual = 0.006338685, Final residual = 8.6629e-05, No Iterations 3
GAMG:  Solving for p, Initial residual = 0.0080777105, Final residual = 4.7795062e-05, No Iterations 3
GAMG:  Solving for p, Initial residual = 0.00017618562, Final residual = 8.0806212e-07, No Iterations 4
time step continuity errors : sum local = 8.6190166e-06, global = -8.4888531e-07, cumulative = -0.00029689655
smoothSolver:  Solving for omega, Initial residual = 0.00037442945, Final residual = 3.2801603e-06, No Iterations 2
smoothSolver:  Solving for k, Initial residual = 0.0016443307, Final residual = 1.759147e-05, No Iterations 2
bounding k, min: 9.2374099e-17 max: 0.39277797 average: 0.059581508
ExecutionTime = 847.87413 s  ClockTime = 849 s

Time = 571s

smoothSolver:  Solving for Ux, Initial residual = 0.00064254323, Final residual = 8.961391e-06, No Iterations 3
smoothSolver:  Solving for Uy, Initial residual = 0.0062970938, Final residual = 8.9163916e-05, No Iterations 3
smoothSolver:  Solving for Uz, Initial residual = 0.0063234277, Final residual = 8.6320187e-05, No Iterations 3
GAMG:  Solving for p, Initial residual = 0.0080673489, Final residual = 4.7849198e-05, No Iterations 3
GAMG:  Solving for p, Initial residual = 0.0001766497, Final residual = 7.9949194e-07, No Iterations 4
time step continuity errors : sum local = 8.5264077e-06, global = -7.2899154e-07, cumulative = -0.00029762554
smoothSolver:  Solving for omega, Initial residual = 0.00037445233, Final residual = 3.1984555e-06, No Iterations 2
smoothSolver:  Solving for k, Initial residual = 0.0016447287, Final residual = 1.763741e-05, No Iterations 2
bounding k, min: 9.2417394e-17 max: 0.3919659 average: 0.05957148
ExecutionTime = 849.09963 s  ClockTime = 850 s

Time = 572s

smoothSolver:  Solving for Ux, Initial residual = 0.00063852066, Final residual = 8.9128011e-06, No Iterations 3
smoothSolver:  Solving for Uy, Initial residual = 0.0062881621, Final residual = 8.8947254e-05, No Iterations 3
smoothSolver:  Solving for Uz, Initial residual = 0.0063115511, Final residual = 8.5989959e-05, No Iterations 3
GAMG:  Solving for p, Initial residual = 0.0080647358, Final residual = 4.7800044e-05, No Iterations 3
GAMG:  Solving for p, Initial residual = 0.00017673638, Final residual = 8.0432614e-07, No Iterations 4
time step continuity errors : sum local = 8.5745062e-06, global = -7.109612e-07, cumulative = -0.0002983365
smoothSolver:  Solving for omega, Initial residual = 0.00037398838, Final residual = 3.3132808e-06, No Iterations 2
smoothSolver:  Solving for k, Initial residual = 0.0016401626, Final residual = 1.7559895e-05, No Iterations 2
bounding k, min: 9.1871171e-17 max: 0.39111498 average: 0.05956102
ExecutionTime = 850.30002 s  ClockTime = 851 s

Time = 573s

smoothSolver:  Solving for Ux, Initial residual = 0.00063470121, Final residual = 8.8676312e-06, No Iterations 3
smoothSolver:  Solving for Uy, Initial residual = 0.0062760725, Final residual = 8.8711376e-05, No Iterations 3
smoothSolver:  Solving for Uz, Initial residual = 0.0062913139, Final residual = 8.5697025e-05, No Iterations 3
GAMG:  Solving for p, Initial residual = 0.0080673669, Final residual = 4.797084e-05, No Iterations 3
GAMG:  Solving for p, Initial residual = 0.00017665172, Final residual = 8.1557363e-07, No Iterations 4
time step continuity errors : sum local = 8.6907191e-06, global = -3.304628e-07, cumulative = -0.00029866696
smoothSolver:  Solving for omega, Initial residual = 0.00037774802, Final residual = 3.3002822e-06, No Iterations 2
smoothSolver:  Solving for k, Initial residual = 0.001635001, Final residual = 1.7516119e-05, No Iterations 2
bounding k, min: 9.1779751e-17 max: 0.39022134 average: 0.059550944
ExecutionTime = 851.67155 s  ClockTime = 852 s

Time = 574s

smoothSolver:  Solving for Ux, Initial residual = 0.00063109505, Final residual = 8.8189411e-06, No Iterations 3
smoothSolver:  Solving for Uy, Initial residual = 0.0062699428, Final residual = 8.8589108e-05, No Iterations 3
smoothSolver:  Solving for Uz, Initial residual = 0.0062759938, Final residual = 8.5437875e-05, No Iterations 3
GAMG:  Solving for p, Initial residual = 0.0080815908, Final residual = 4.7950407e-05, No Iterations 3
GAMG:  Solving for p, Initial residual = 0.00017503472, Final residual = 8.2333474e-07, No Iterations 4
time step continuity errors : sum local = 8.7679439e-06, global = -2.2529532e-07, cumulative = -0.00029889226
smoothSolver:  Solving for omega, Initial residual = 0.00037309445, Final residual = 3.270814e-06, No Iterations 2
smoothSolver:  Solving for k, Initial residual = 0.0016260377, Final residual = 1.7422496e-05, No Iterations 2
bounding k, min: 9.1911073e-17 max: 0.38929706 average: 0.059540457
ExecutionTime = 852.88366 s  ClockTime = 854 s

Time = 575s

smoothSolver:  Solving for Ux, Initial residual = 0.00062743986, Final residual = 8.7742416e-06, No Iterations 3
smoothSolver:  Solving for Uy, Initial residual = 0.006265399, Final residual = 8.8440688e-05, No Iterations 3
smoothSolver:  Solving for Uz, Initial residual = 0.0062540649, Final residual = 8.5193053e-05, No Iterations 3
GAMG:  Solving for p, Initial residual = 0.0081129677, Final residual = 4.8032919e-05, No Iterations 3
GAMG:  Solving for p, Initial residual = 0.00017329401, Final residual = 8.71878e-07, No Iterations 4
time step continuity errors : sum local = 9.2777503e-06, global = 1.2253457e-07, cumulative = -0.00029876972
smoothSolver:  Solving for omega, Initial residual = 0.00037249774, Final residual = 3.2173779e-06, No Iterations 2
smoothSolver:  Solving for k, Initial residual = 0.0016200323, Final residual = 1.7369975e-05, No Iterations 2
bounding k, min: 9.2236666e-17 max: 0.38834619 average: 0.059530438
ExecutionTime = 854.08983 s  ClockTime = 855 s

Time = 576s

smoothSolver:  Solving for Ux, Initial residual = 0.0006239596, Final residual = 8.727087e-06, No Iterations 3
smoothSolver:  Solving for Uy, Initial residual = 0.0062676737, Final residual = 8.8429454e-05, No Iterations 3
smoothSolver:  Solving for Uz, Initial residual = 0.0062356425, Final residual = 8.4912778e-05, No Iterations 3
GAMG:  Solving for p, Initial residual = 0.00813993, Final residual = 4.782201e-05, No Iterations 3
GAMG:  Solving for p, Initial residual = 0.00016985261, Final residual = 9.0218602e-07, No Iterations 4
time step continuity errors : sum local = 9.5951889e-06, global = 4.4935429e-07, cumulative = -0.00029832037
smoothSolver:  Solving for omega, Initial residual = 0.00037208547, Final residual = 3.271204e-06, No Iterations 2
smoothSolver:  Solving for k, Initial residual = 0.0016101317, Final residual = 1.7278879e-05, No Iterations 2
bounding k, min: 9.2933558e-17 max: 0.38737708 average: 0.059520068
ExecutionTime = 855.26492 s  ClockTime = 856 s

Time = 577s

smoothSolver:  Solving for Ux, Initial residual = 0.00062053508, Final residual = 8.68459e-06, No Iterations 3
smoothSolver:  Solving for Uy, Initial residual = 0.0062682329, Final residual = 8.8434165e-05, No Iterations 3
smoothSolver:  Solving for Uz, Initial residual = 0.0062115825, Final residual = 8.4634475e-05, No Iterations 3
GAMG:  Solving for p, Initial residual = 0.008171709, Final residual = 4.7848836e-05, No Iterations 3
GAMG:  Solving for p, Initial residual = 0.00016747364, Final residual = 9.7446104e-07, No Iterations 4
time step continuity errors : sum local = 1.0361911e-05, global = 9.0895676e-07, cumulative = -0.00029741141
smoothSolver:  Solving for omega, Initial residual = 0.0003720257, Final residual = 3.2071891e-06, No Iterations 2
smoothSolver:  Solving for k, Initial residual = 0.001604911, Final residual = 1.7195676e-05, No Iterations 2
bounding k, min: 9.339399e-17 max: 0.38638941 average: 0.059510011
ExecutionTime = 856.49745 s  ClockTime = 857 s

Time = 578s

smoothSolver:  Solving for Ux, Initial residual = 0.0006172041, Final residual = 8.6397694e-06, No Iterations 3
smoothSolver:  Solving for Uy, Initial residual = 0.0062768092, Final residual = 8.8557348e-05, No Iterations 3
smoothSolver:  Solving for Uz, Initial residual = 0.006188658, Final residual = 8.4317901e-05, No Iterations 3
GAMG:  Solving for p, Initial residual = 0.0081979675, Final residual = 4.7882409e-05, No Iterations 3
GAMG:  Solving for p, Initial residual = 0.0001656713, Final residual = 1.0048524e-06, No Iterations 4
time step continuity errors : sum local = 1.0683675e-05, global = 1.2359944e-06, cumulative = -0.00029617542
smoothSolver:  Solving for omega, Initial residual = 0.00036924036, Final residual = 3.2629691e-06, No Iterations 2
smoothSolver:  Solving for k, Initial residual = 0.0015957824, Final residual = 1.7138177e-05, No Iterations 2
bounding k, min: 9.3208196e-17 max: 0.38539147 average: 0.059499527
ExecutionTime = 858.17554 s  ClockTime = 859 s

Time = 579s

smoothSolver:  Solving for Ux, Initial residual = 0.0006138337, Final residual = 8.5993006e-06, No Iterations 3
smoothSolver:  Solving for Uy, Initial residual = 0.0062794643, Final residual = 8.8668639e-05, No Iterations 3
smoothSolver:  Solving for Uz, Initial residual = 0.0061600477, Final residual = 8.3983254e-05, No Iterations 3
GAMG:  Solving for p, Initial residual = 0.0082189442, Final residual = 4.8320884e-05, No Iterations 3
GAMG:  Solving for p, Initial residual = 0.00016561523, Final residual = 1.0640022e-06, No Iterations 4
time step continuity errors : sum local = 1.1311632e-05, global = 1.4765827e-06, cumulative = -0.00029469883
smoothSolver:  Solving for omega, Initial residual = 0.00037107358, Final residual = 3.2340108e-06, No Iterations 2
smoothSolver:  Solving for k, Initial residual = 0.0015875096, Final residual = 1.7058098e-05, No Iterations 2
bounding k, min: 9.3455127e-17 max: 0.38438262 average: 0.059489701
ExecutionTime = 859.72716 s  ClockTime = 860 s

Time = 580s

smoothSolver:  Solving for Ux, Initial residual = 0.00061077918, Final residual = 8.5581599e-06, No Iterations 3
smoothSolver:  Solving for Uy, Initial residual = 0.0062826698, Final residual = 8.8814526e-05, No Iterations 3
smoothSolver:  Solving for Uz, Initial residual = 0.0061290357, Final residual = 8.3634884e-05, No Iterations 3
GAMG:  Solving for p, Initial residual = 0.0082311086, Final residual = 4.8251799e-05, No Iterations 3
GAMG:  Solving for p, Initial residual = 0.00016489767, Final residual = 1.0607473e-06, No Iterations 4
time step continuity errors : sum local = 1.1278242e-05, global = 1.6850438e-06, cumulative = -0.00029301379
smoothSolver:  Solving for omega, Initial residual = 0.00036933177, Final residual = 3.3055954e-06, No Iterations 2
smoothSolver:  Solving for k, Initial residual = 0.0015795357, Final residual = 1.6982129e-05, No Iterations 2
bounding k, min: 9.4292382e-17 max: 0.3833714 average: 0.059479207
ExecutionTime = 861.28728 s  ClockTime = 862 s

Time = 581s

smoothSolver:  Solving for Ux, Initial residual = 0.00060805443, Final residual = 8.5238322e-06, No Iterations 3
smoothSolver:  Solving for Uy, Initial residual = 0.0062798885, Final residual = 8.8944848e-05, No Iterations 3
smoothSolver:  Solving for Uz, Initial residual = 0.0060953506, Final residual = 8.3216075e-05, No Iterations 3
GAMG:  Solving for p, Initial residual = 0.0081991471, Final residual = 4.8427235e-05, No Iterations 3
GAMG:  Solving for p, Initial residual = 0.000165112, Final residual = 1.0836405e-06, No Iterations 4
time step continuity errors : sum local = 1.1524599e-05, global = 1.7605677e-06, cumulative = -0.00029125322
smoothSolver:  Solving for omega, Initial residual = 0.0003683245, Final residual = 3.1825476e-06, No Iterations 2
smoothSolver:  Solving for k, Initial residual = 0.0015728269, Final residual = 1.6906895e-05, No Iterations 2
bounding k, min: 9.5954628e-17 max: 0.38235738 average: 0.0594692
ExecutionTime = 863.09849 s  ClockTime = 864 s

Time = 582s

smoothSolver:  Solving for Ux, Initial residual = 0.00060568358, Final residual = 8.4898141e-06, No Iterations 3
smoothSolver:  Solving for Uy, Initial residual = 0.006277447, Final residual = 8.9036996e-05, No Iterations 3
smoothSolver:  Solving for Uz, Initial residual = 0.0060621421, Final residual = 8.2767792e-05, No Iterations 3
GAMG:  Solving for p, Initial residual = 0.0081294788, Final residual = 4.8693348e-05, No Iterations 3
GAMG:  Solving for p, Initial residual = 0.00016451661, Final residual = 1.0967984e-06, No Iterations 4
time step continuity errors : sum local = 1.1667575e-05, global = 1.821453e-06, cumulative = -0.00028943177
smoothSolver:  Solving for omega, Initial residual = 0.00036693627, Final residual = 3.2311388e-06, No Iterations 2
smoothSolver:  Solving for k, Initial residual = 0.0015629392, Final residual = 1.6821214e-05, No Iterations 2
bounding k, min: 9.898244e-17 max: 0.38134982 average: 0.05945888
ExecutionTime = 864.72014 s  ClockTime = 865 s

Time = 583s

smoothSolver:  Solving for Ux, Initial residual = 0.00060349203, Final residual = 8.4644556e-06, No Iterations 3
smoothSolver:  Solving for Uy, Initial residual = 0.00626551, Final residual = 8.9017505e-05, No Iterations 3
smoothSolver:  Solving for Uz, Initial residual = 0.0060235131, Final residual = 8.228433e-05, No Iterations 3
GAMG:  Solving for p, Initial residual = 0.0080680683, Final residual = 4.9200325e-05, No Iterations 3
GAMG:  Solving for p, Initial residual = 0.00016487376, Final residual = 1.128232e-06, No Iterations 4
time step continuity errors : sum local = 1.200621e-05, global = 1.7005686e-06, cumulative = -0.0002877312
smoothSolver:  Solving for omega, Initial residual = 0.00036751483, Final residual = 3.1717219e-06, No Iterations 2
smoothSolver:  Solving for k, Initial residual = 0.0015554171, Final residual = 1.6745353e-05, No Iterations 2
bounding k, min: 1.0099666e-16 max: 0.38034423 average: 0.059448787
ExecutionTime = 866.44709 s  ClockTime = 867 s

Time = 584s

smoothSolver:  Solving for Ux, Initial residual = 0.00060163663, Final residual = 8.4396368e-06, No Iterations 3
smoothSolver:  Solving for Uy, Initial residual = 0.0062505041, Final residual = 8.8969185e-05, No Iterations 3
smoothSolver:  Solving for Uz, Initial residual = 0.0059838828, Final residual = 8.1781215e-05, No Iterations 3
GAMG:  Solving for p, Initial residual = 0.0079814951, Final residual = 4.9260107e-05, No Iterations 3
GAMG:  Solving for p, Initial residual = 0.00016428168, Final residual = 1.1292524e-06, No Iterations 4
time step continuity errors : sum local = 1.2018907e-05, global = 1.6795203e-06, cumulative = -0.00028605168
smoothSolver:  Solving for omega, Initial residual = 0.00036842057, Final residual = 3.2864205e-06, No Iterations 2
smoothSolver:  Solving for k, Initial residual = 0.0015474276, Final residual = 1.6664953e-05, No Iterations 2
bounding k, min: 1.0103986e-16 max: 0.3793143 average: 0.059438323
ExecutionTime = 867.82334 s  ClockTime = 868 s

Time = 585s

smoothSolver:  Solving for Ux, Initial residual = 0.0005999033, Final residual = 8.4196746e-06, No Iterations 3
smoothSolver:  Solving for Uy, Initial residual = 0.0062335519, Final residual = 8.8882449e-05, No Iterations 3
smoothSolver:  Solving for Uz, Initial residual = 0.0059438702, Final residual = 8.1261318e-05, No Iterations 3
GAMG:  Solving for p, Initial residual = 0.0078884875, Final residual = 4.9106066e-05, No Iterations 3
GAMG:  Solving for p, Initial residual = 0.00016440713, Final residual = 1.1505702e-06, No Iterations 4
time step continuity errors : sum local = 1.2247077e-05, global = 1.5032614e-06, cumulative = -0.00028454842
smoothSolver:  Solving for omega, Initial residual = 0.00036938091, Final residual = 3.2325204e-06, No Iterations 2
smoothSolver:  Solving for k, Initial residual = 0.0015409058, Final residual = 1.6565726e-05, No Iterations 2
bounding k, min: 1.0203331e-16 max: 0.37819244 average: 0.059428108
ExecutionTime = 869.13667 s  ClockTime = 870 s

Time = 586s

smoothSolver:  Solving for Ux, Initial residual = 0.00059831238, Final residual = 8.3980843e-06, No Iterations 3
smoothSolver:  Solving for Uy, Initial residual = 0.0062166169, Final residual = 8.880459e-05, No Iterations 3
smoothSolver:  Solving for Uz, Initial residual = 0.0059057134, Final residual = 8.0777339e-05, No Iterations 3
GAMG:  Solving for p, Initial residual = 0.0077800769, Final residual = 4.8122329e-05, No Iterations 3
GAMG:  Solving for p, Initial residual = 0.00016282798, Final residual = 1.1398411e-06, No Iterations 4
time step continuity errors : sum local = 1.2130662e-05, global = 1.4409679e-06, cumulative = -0.00028310745
smoothSolver:  Solving for omega, Initial residual = 0.00036509396, Final residual = 3.1990794e-06, No Iterations 2
smoothSolver:  Solving for k, Initial residual = 0.0015292138, Final residual = 1.6466694e-05, No Iterations 2
bounding k, min: 1.0415615e-16 max: 0.37701724 average: 0.059417546
ExecutionTime = 870.4046 s  ClockTime = 871 s

Time = 587s

smoothSolver:  Solving for Ux, Initial residual = 0.00059678294, Final residual = 8.3802803e-06, No Iterations 3
smoothSolver:  Solving for Uy, Initial residual = 0.0061980091, Final residual = 8.8671803e-05, No Iterations 3
smoothSolver:  Solving for Uz, Initial residual = 0.0058673974, Final residual = 8.0309179e-05, No Iterations 3
GAMG:  Solving for p, Initial residual = 0.0076613987, Final residual = 4.6993027e-05, No Iterations 3
GAMG:  Solving for p, Initial residual = 0.00016128648, Final residual = 1.1112833e-06, No Iterations 4
time step continuity errors : sum local = 1.1824194e-05, global = 1.3264799e-06, cumulative = -0.00028178097
smoothSolver:  Solving for omega, Initial residual = 0.00036563662, Final residual = 3.146032e-06, No Iterations 2
smoothSolver:  Solving for k, Initial residual = 0.0015220829, Final residual = 1.6417516e-05, No Iterations 2
bounding k, min: 1.0722626e-16 max: 0.37579941 average: 0.059407297
ExecutionTime = 871.85455 s  ClockTime = 873 s

Time = 588s

smoothSolver:  Solving for Ux, Initial residual = 0.00059543117, Final residual = 8.3612805e-06, No Iterations 3
smoothSolver:  Solving for Uy, Initial residual = 0.0061805431, Final residual = 8.8611919e-05, No Iterations 3
smoothSolver:  Solving for Uz, Initial residual = 0.0058362209, Final residual = 7.9852354e-05, No Iterations 3
GAMG:  Solving for p, Initial residual = 0.0075571993, Final residual = 4.5463839e-05, No Iterations 3
GAMG:  Solving for p, Initial residual = 0.00015839597, Final residual = 1.0780096e-06, No Iterations 4
time step continuity errors : sum local = 1.1467037e-05, global = 1.3454965e-06, cumulative = -0.00028043547
smoothSolver:  Solving for omega, Initial residual = 0.00036811022, Final residual = 3.2756614e-06, No Iterations 2
smoothSolver:  Solving for k, Initial residual = 0.0015140543, Final residual = 1.6312753e-05, No Iterations 2
bounding k, min: 1.1114924e-16 max: 0.37455773 average: 0.05939661
ExecutionTime = 873.57229 s  ClockTime = 874 s

Time = 589s

smoothSolver:  Solving for Ux, Initial residual = 0.00059431967, Final residual = 8.3490926e-06, No Iterations 3
smoothSolver:  Solving for Uy, Initial residual = 0.0061649164, Final residual = 8.8573848e-05, No Iterations 3
smoothSolver:  Solving for Uz, Initial residual = 0.0058027879, Final residual = 7.9484687e-05, No Iterations 3
GAMG:  Solving for p, Initial residual = 0.0075041974, Final residual = 4.4074765e-05, No Iterations 3
GAMG:  Solving for p, Initial residual = 0.00015624097, Final residual = 1.0651798e-06, No Iterations 4
time step continuity errors : sum local = 1.1325145e-05, global = 1.5068374e-06, cumulative = -0.00027892864
smoothSolver:  Solving for omega, Initial residual = 0.00036813577, Final residual = 3.1836724e-06, No Iterations 2
smoothSolver:  Solving for k, Initial residual = 0.0015023305, Final residual = 1.614869e-05, No Iterations 2
bounding k, min: 1.156659e-16 max: 0.37329283 average: 0.05938646
ExecutionTime = 875.36511 s  ClockTime = 876 s

Time = 590s

smoothSolver:  Solving for Ux, Initial residual = 0.00059346549, Final residual = 8.3375308e-06, No Iterations 3
smoothSolver:  Solving for Uy, Initial residual = 0.006149085, Final residual = 8.8467863e-05, No Iterations 3
smoothSolver:  Solving for Uz, Initial residual = 0.0057710064, Final residual = 7.9122692e-05, No Iterations 3
GAMG:  Solving for p, Initial residual = 0.0074522258, Final residual = 4.2531408e-05, No Iterations 3
GAMG:  Solving for p, Initial residual = 0.00015319514, Final residual = 1.0768465e-06, No Iterations 4
time step continuity errors : sum local = 1.144645e-05, global = 1.7208801e-06, cumulative = -0.00027720776
smoothSolver:  Solving for omega, Initial residual = 0.00036440838, Final residual = 3.2284868e-06, No Iterations 2
smoothSolver:  Solving for k, Initial residual = 0.0014887897, Final residual = 1.6059909e-05, No Iterations 2
bounding k, min: 1.1863017e-16 max: 0.37201672 average: 0.059376124
ExecutionTime = 877.0012 s  ClockTime = 878 s

Time = 591s

smoothSolver:  Solving for Ux, Initial residual = 0.00059268498, Final residual = 8.3300839e-06, No Iterations 3
smoothSolver:  Solving for Uy, Initial residual = 0.0061354631, Final residual = 8.8481922e-05, No Iterations 3
smoothSolver:  Solving for Uz, Initial residual = 0.0057455386, Final residual = 7.8821068e-05, No Iterations 3
GAMG:  Solving for p, Initial residual = 0.0074222069, Final residual = 4.1385009e-05, No Iterations 3
GAMG:  Solving for p, Initial residual = 0.00015114355, Final residual = 1.0713776e-06, No Iterations 4
time step continuity errors : sum local = 1.1385672e-05, global = 1.7334605e-06, cumulative = -0.0002754743
smoothSolver:  Solving for omega, Initial residual = 0.00036715651, Final residual = 3.2240999e-06, No Iterations 2
smoothSolver:  Solving for k, Initial residual = 0.0014785841, Final residual = 1.5950982e-05, No Iterations 2
bounding k, min: 1.2315647e-16 max: 0.37072427 average: 0.059366195
ExecutionTime = 878.38873 s  ClockTime = 879 s

Time = 592s

smoothSolver:  Solving for Ux, Initial residual = 0.00059238442, Final residual = 8.3243444e-06, No Iterations 3
smoothSolver:  Solving for Uy, Initial residual = 0.0061271716, Final residual = 8.8473502e-05, No Iterations 3
smoothSolver:  Solving for Uz, Initial residual = 0.0057282043, Final residual = 7.8581101e-05, No Iterations 3
GAMG:  Solving for p, Initial residual = 0.0073788332, Final residual = 4.0468811e-05, No Iterations 3
GAMG:  Solving for p, Initial residual = 0.00014859136, Final residual = 1.0684773e-06, No Iterations 4
time step continuity errors : sum local = 1.1354391e-05, global = 1.7741834e-06, cumulative = -0.00027370011
smoothSolver:  Solving for omega, Initial residual = 0.00036590042, Final residual = 3.2648799e-06, No Iterations 2
smoothSolver:  Solving for k, Initial residual = 0.0014655932, Final residual = 1.5834451e-05, No Iterations 2
bounding k, min: 1.2619121e-16 max: 0.36942279 average: 0.059356171
ExecutionTime = 879.65821 s  ClockTime = 880 s

Time = 593s

smoothSolver:  Solving for Ux, Initial residual = 0.00059226672, Final residual = 8.3237638e-06, No Iterations 3
smoothSolver:  Solving for Uy, Initial residual = 0.0061232383, Final residual = 8.8487013e-05, No Iterations 3
smoothSolver:  Solving for Uz, Initial residual = 0.0057156839, Final residual = 7.8403767e-05, No Iterations 3
GAMG:  Solving for p, Initial residual = 0.0073359277, Final residual = 4.0021606e-05, No Iterations 3
GAMG:  Solving for p, Initial residual = 0.00014719523, Final residual = 1.0318839e-06, No Iterations 4
time step continuity errors : sum local = 1.0965319e-05, global = 1.6634456e-06, cumulative = -0.00027203667
smoothSolver:  Solving for omega, Initial residual = 0.0003647417, Final residual = 3.1511481e-06, No Iterations 2
smoothSolver:  Solving for k, Initial residual = 0.0014536206, Final residual = 1.5725894e-05, No Iterations 2
bounding k, min: 1.2603002e-16 max: 0.36810345 average: 0.059346617
ExecutionTime = 880.93002 s  ClockTime = 882 s

Time = 594s

smoothSolver:  Solving for Ux, Initial residual = 0.00059258689, Final residual = 8.3246816e-06, No Iterations 3
smoothSolver:  Solving for Uy, Initial residual = 0.0061218127, Final residual = 8.8496987e-05, No Iterations 3
smoothSolver:  Solving for Uz, Initial residual = 0.0057117724, Final residual = 7.8338358e-05, No Iterations 3
GAMG:  Solving for p, Initial residual = 0.0072933405, Final residual = 3.9572118e-05, No Iterations 3
GAMG:  Solving for p, Initial residual = 0.00014483619, Final residual = 1.0955558e-06, No Iterations 4
time step continuity errors : sum local = 1.1641975e-05, global = 1.7335954e-06, cumulative = -0.00027030307
smoothSolver:  Solving for omega, Initial residual = 0.00036289395, Final residual = 3.2167851e-06, No Iterations 2
smoothSolver:  Solving for k, Initial residual = 0.0014426552, Final residual = 1.5610977e-05, No Iterations 2
bounding k, min: 1.2610683e-16 max: 0.36677376 average: 0.059336737
ExecutionTime = 882.354 s  ClockTime = 883 s

Time = 595s

smoothSolver:  Solving for Ux, Initial residual = 0.00059320839, Final residual = 8.3283503e-06, No Iterations 3
smoothSolver:  Solving for Uy, Initial residual = 0.0061215221, Final residual = 8.8500347e-05, No Iterations 3
smoothSolver:  Solving for Uz, Initial residual = 0.0057110688, Final residual = 7.8326245e-05, No Iterations 3
GAMG:  Solving for p, Initial residual = 0.0072615489, Final residual = 4.0139544e-05, No Iterations 3
GAMG:  Solving for p, Initial residual = 0.00014283298, Final residual = 1.1512002e-06, No Iterations 4
time step continuity errors : sum local = 1.2233263e-05, global = 1.6977951e-06, cumulative = -0.00026860528
smoothSolver:  Solving for omega, Initial residual = 0.0003647126, Final residual = 3.1800002e-06, No Iterations 2
smoothSolver:  Solving for k, Initial residual = 0.0014351297, Final residual = 1.5488348e-05, No Iterations 2
bounding k, min: 1.2635972e-16 max: 0.36542724 average: 0.059327178
ExecutionTime = 883.6563 s  ClockTime = 884 s

Time = 596s

smoothSolver:  Solving for Ux, Initial residual = 0.00059411439, Final residual = 8.3334547e-06, No Iterations 3
smoothSolver:  Solving for Uy, Initial residual = 0.0061215797, Final residual = 8.8479743e-05, No Iterations 3
smoothSolver:  Solving for Uz, Initial residual = 0.0057220352, Final residual = 7.8368219e-05, No Iterations 3
GAMG:  Solving for p, Initial residual = 0.0072347523, Final residual = 4.0800571e-05, No Iterations 3
GAMG:  Solving for p, Initial residual = 0.0001407959, Final residual = 1.2010306e-06, No Iterations 4
time step continuity errors : sum local = 1.2760093e-05, global = 1.5187391e-06, cumulative = -0.00026708654
smoothSolver:  Solving for omega, Initial residual = 0.00036532, Final residual = 3.2618319e-06, No Iterations 2
smoothSolver:  Solving for k, Initial residual = 0.0014284249, Final residual = 1.540688e-05, No Iterations 2
bounding k, min: 1.2671791e-16 max: 0.36407237 average: 0.059317037
ExecutionTime = 884.93026 s  ClockTime = 886 s

Time = 597s

smoothSolver:  Solving for Ux, Initial residual = 0.00059517284, Final residual = 8.3397335e-06, No Iterations 3
smoothSolver:  Solving for Uy, Initial residual = 0.0061223562, Final residual = 8.8478862e-05, No Iterations 3
smoothSolver:  Solving for Uz, Initial residual = 0.0057412264, Final residual = 7.8523229e-05, No Iterations 3
GAMG:  Solving for p, Initial residual = 0.0072170776, Final residual = 4.1498471e-05, No Iterations 3
GAMG:  Solving for p, Initial residual = 0.00013951361, Final residual = 1.2357047e-06, No Iterations 4
time step continuity errors : sum local = 1.3124313e-05, global = 1.4021529e-06, cumulative = -0.00026568438
smoothSolver:  Solving for omega, Initial residual = 0.0003678347, Final residual = 3.2159967e-06, No Iterations 2
smoothSolver:  Solving for k, Initial residual = 0.0014189827, Final residual = 1.5314208e-05, No Iterations 2
bounding k, min: 1.271475e-16 max: 0.3628809 average: 0.0593074
ExecutionTime = 886.18552 s  ClockTime = 887 s

Time = 598s

smoothSolver:  Solving for Ux, Initial residual = 0.00059618193, Final residual = 8.3472889e-06, No Iterations 3
smoothSolver:  Solving for Uy, Initial residual = 0.0061192313, Final residual = 8.8401694e-05, No Iterations 3
smoothSolver:  Solving for Uz, Initial residual = 0.0057638021, Final residual = 7.8695475e-05, No Iterations 3
GAMG:  Solving for p, Initial residual = 0.0072124389, Final residual = 4.2145162e-05, No Iterations 3
GAMG:  Solving for p, Initial residual = 0.00013877225, Final residual = 1.2317549e-06, No Iterations 4
time step continuity errors : sum local = 1.307663e-05, global = 1.440944e-06, cumulative = -0.00026424344
smoothSolver:  Solving for omega, Initial residual = 0.00036297169, Final residual = 3.24332e-06, No Iterations 2
smoothSolver:  Solving for k, Initial residual = 0.0014114257, Final residual = 1.5177114e-05, No Iterations 2
bounding k, min: 1.276379e-16 max: 0.362188 average: 0.059297042
ExecutionTime = 887.45542 s  ClockTime = 888 s

Time = 599s

smoothSolver:  Solving for Ux, Initial residual = 0.00059704946, Final residual = 8.3532292e-06, No Iterations 3
smoothSolver:  Solving for Uy, Initial residual = 0.0061106448, Final residual = 8.829727e-05, No Iterations 3
smoothSolver:  Solving for Uz, Initial residual = 0.0057899662, Final residual = 7.8933981e-05, No Iterations 3
GAMG:  Solving for p, Initial residual = 0.0072082274, Final residual = 4.2800974e-05, No Iterations 3
GAMG:  Solving for p, Initial residual = 0.00013858892, Final residual = 1.1237996e-06, No Iterations 4
time step continuity errors : sum local = 1.1921329e-05, global = 1.235852e-06, cumulative = -0.00026300759
smoothSolver:  Solving for omega, Initial residual = 0.00036399029, Final residual = 3.1789939e-06, No Iterations 2
smoothSolver:  Solving for k, Initial residual = 0.001404809, Final residual = 1.5132574e-05, No Iterations 2
bounding k, min: 1.2817652e-16 max: 0.36151099 average: 0.059287159
ExecutionTime = 888.75967 s  ClockTime = 889 s

Time = 600s

smoothSolver:  Solving for Ux, Initial residual = 0.00059777428, Final residual = 8.3576916e-06, No Iterations 3
smoothSolver:  Solving for Uy, Initial residual = 0.0060974181, Final residual = 8.811061e-05, No Iterations 3
smoothSolver:  Solving for Uz, Initial residual = 0.0058229216, Final residual = 7.9215034e-05, No Iterations 3
GAMG:  Solving for p, Initial residual = 0.0071965297, Final residual = 4.2816209e-05, No Iterations 3
GAMG:  Solving for p, Initial residual = 0.00013839138, Final residual = 1.0012937e-06, No Iterations 4
time step continuity errors : sum local = 1.0612977e-05, global = 1.0715181e-06, cumulative = -0.00026193607
smoothSolver:  Solving for omega, Initial residual = 0.00036461436, Final residual = 3.2746208e-06, No Iterations 2
smoothSolver:  Solving for k, Initial residual = 0.0013976827, Final residual = 1.5010383e-05, No Iterations 2
bounding k, min: 1.2875807e-16 max: 0.36086239 average: 0.059276634
ExecutionTime = 890.1317 s  ClockTime = 891 s

Time = 601s

smoothSolver:  Solving for Ux, Initial residual = 0.0005982272, Final residual = 8.3603403e-06, No Iterations 3
smoothSolver:  Solving for Uy, Initial residual = 0.0060816436, Final residual = 8.7859702e-05, No Iterations 3
smoothSolver:  Solving for Uz, Initial residual = 0.0058557391, Final residual = 7.9527692e-05, No Iterations 3
GAMG:  Solving for p, Initial residual = 0.0071839546, Final residual = 4.2406299e-05, No Iterations 3
GAMG:  Solving for p, Initial residual = 0.00013862233, Final residual = 8.87771e-07, No Iterations 4
time step continuity errors : sum local = 9.4021384e-06, global = 8.5637496e-07, cumulative = -0.0002610797
smoothSolver:  Solving for omega, Initial residual = 0.00036379148, Final residual = 3.1660402e-06, No Iterations 2
smoothSolver:  Solving for k, Initial residual = 0.0013895863, Final residual = 1.4869824e-05, No Iterations 2
bounding k, min: 1.2938497e-16 max: 0.36024288 average: 0.059266499
ExecutionTime = 891.4165 s  ClockTime = 892 s

Time = 602s

smoothSolver:  Solving for Ux, Initial residual = 0.00059874856, Final residual = 8.3617372e-06, No Iterations 3
smoothSolver:  Solving for Uy, Initial residual = 0.0060621254, Final residual = 8.749783e-05, No Iterations 3
smoothSolver:  Solving for Uz, Initial residual = 0.0058922596, Final residual = 8.0003488e-05, No Iterations 3
GAMG:  Solving for p, Initial residual = 0.0071705295, Final residual = 4.1802366e-05, No Iterations 3
GAMG:  Solving for p, Initial residual = 0.00013889282, Final residual = 8.1522089e-07, No Iterations 4
time step continuity errors : sum local = 8.6262149e-06, global = 7.0030122e-07, cumulative = -0.00026037939
smoothSolver:  Solving for omega, Initial residual = 0.00036047691, Final residual = 3.1766764e-06, No Iterations 2
smoothSolver:  Solving for k, Initial residual = 0.0013819434, Final residual = 1.4764888e-05, No Iterations 2
bounding k, min: 1.3006917e-16 max: 0.35964569 average: 0.059255562
ExecutionTime = 892.79762 s  ClockTime = 893 s

Time = 603s

smoothSolver:  Solving for Ux, Initial residual = 0.00059891903, Final residual = 8.3624635e-06, No Iterations 3
smoothSolver:  Solving for Uy, Initial residual = 0.0060390436, Final residual = 8.7087313e-05, No Iterations 3
smoothSolver:  Solving for Uz, Initial residual = 0.0059307451, Final residual = 8.0492408e-05, No Iterations 3
GAMG:  Solving for p, Initial residual = 0.0071510172, Final residual = 4.1143734e-05, No Iterations 3
GAMG:  Solving for p, Initial residual = 0.00013957672, Final residual = 7.7184648e-07, No Iterations 4
time step continuity errors : sum local = 8.1597811e-06, global = 6.0377847e-07, cumulative = -0.00025977562
smoothSolver:  Solving for omega, Initial residual = 0.00036485193, Final residual = 3.218276e-06, No Iterations 2
smoothSolver:  Solving for k, Initial residual = 0.0013746092, Final residual = 1.4647269e-05, No Iterations 2
bounding k, min: 1.281164e-16 max: 0.35907184 average: 0.059245024
ExecutionTime = 894.25555 s  ClockTime = 895 s

Time = 604s

smoothSolver:  Solving for Ux, Initial residual = 0.00059925459, Final residual = 8.3652517e-06, No Iterations 3
smoothSolver:  Solving for Uy, Initial residual = 0.0060122047, Final residual = 8.6653778e-05, No Iterations 3
smoothSolver:  Solving for Uz, Initial residual = 0.0059699462, Final residual = 8.1023103e-05, No Iterations 3
GAMG:  Solving for p, Initial residual = 0.0071307435, Final residual = 4.0977597e-05, No Iterations 3
GAMG:  Solving for p, Initial residual = 0.00013997213, Final residual = 7.9247816e-07, No Iterations 4
time step continuity errors : sum local = 8.3712955e-06, global = 5.1194108e-07, cumulative = -0.00025926367
smoothSolver:  Solving for omega, Initial residual = 0.00036415285, Final residual = 3.2205477e-06, No Iterations 2
smoothSolver:  Solving for k, Initial residual = 0.0013697712, Final residual = 1.4608929e-05, No Iterations 2
bounding k, min: 1.2541203e-16 max: 0.35852752 average: 0.059233767
ExecutionTime = 895.66266 s  ClockTime = 896 s

Time = 605s

smoothSolver:  Solving for Ux, Initial residual = 0.00059937265, Final residual = 8.3716721e-06, No Iterations 3
smoothSolver:  Solving for Uy, Initial residual = 0.0059835336, Final residual = 8.6210903e-05, No Iterations 3
smoothSolver:  Solving for Uz, Initial residual = 0.006012652, Final residual = 8.1608964e-05, No Iterations 3
GAMG:  Solving for p, Initial residual = 0.0070956696, Final residual = 4.0939655e-05, No Iterations 3
GAMG:  Solving for p, Initial residual = 0.00013996386, Final residual = 7.8423252e-07, No Iterations 4
time step continuity errors : sum local = 8.2767309e-06, global = 5.1019468e-07, cumulative = -0.00025875348
smoothSolver:  Solving for omega, Initial residual = 0.00036292048, Final residual = 3.127514e-06, No Iterations 2
smoothSolver:  Solving for k, Initial residual = 0.0013633503, Final residual = 1.4485578e-05, No Iterations 2
bounding k, min: 1.2240235e-16 max: 0.35800695 average: 0.059222778
ExecutionTime = 896.93332 s  ClockTime = 898 s

Time = 606s

smoothSolver:  Solving for Ux, Initial residual = 0.00059968039, Final residual = 8.3812415e-06, No Iterations 3
smoothSolver:  Solving for Uy, Initial residual = 0.0059527212, Final residual = 8.573579e-05, No Iterations 3
smoothSolver:  Solving for Uz, Initial residual = 0.00605234, Final residual = 8.219157e-05, No Iterations 3
GAMG:  Solving for p, Initial residual = 0.0070715702, Final residual = 4.1506576e-05, No Iterations 3
GAMG:  Solving for p, Initial residual = 0.00013962143, Final residual = 8.2698132e-07, No Iterations 4
time step continuity errors : sum local = 8.720796e-06, global = 4.030848e-07, cumulative = -0.0002583504
smoothSolver:  Solving for omega, Initial residual = 0.00036227787, Final residual = 3.2343217e-06, No Iterations 2
smoothSolver:  Solving for k, Initial residual = 0.0013583069, Final residual = 1.4388278e-05, No Iterations 2
bounding k, min: 1.1912502e-16 max: 0.35750022 average: 0.059211053
ExecutionTime = 898.34052 s  ClockTime = 899 s

Time = 607s

smoothSolver:  Solving for Ux, Initial residual = 0.00059981548, Final residual = 8.3939938e-06, No Iterations 3
smoothSolver:  Solving for Uy, Initial residual = 0.0059235861, Final residual = 8.5350515e-05, No Iterations 3
smoothSolver:  Solving for Uz, Initial residual = 0.0060905766, Final residual = 8.2746579e-05, No Iterations 3
GAMG:  Solving for p, Initial residual = 0.0070358031, Final residual = 4.1844635e-05, No Iterations 3
GAMG:  Solving for p, Initial residual = 0.00013901619, Final residual = 8.2254216e-07, No Iterations 4
time step continuity errors : sum local = 8.6678843e-06, global = 3.6710379e-07, cumulative = -0.00025798329
smoothSolver:  Solving for omega, Initial residual = 0.00036321256, Final residual = 3.1746338e-06, No Iterations 2
smoothSolver:  Solving for k, Initial residual = 0.0013499589, Final residual = 1.4262526e-05, No Iterations 2
bounding k, min: 1.1580202e-16 max: 0.35699697 average: 0.059199955
ExecutionTime = 899.62406 s  ClockTime = 900 s

Time = 608s

smoothSolver:  Solving for Ux, Initial residual = 0.00060027787, Final residual = 8.4074099e-06, No Iterations 3
smoothSolver:  Solving for Uy, Initial residual = 0.0058933524, Final residual = 8.5031237e-05, No Iterations 3
smoothSolver:  Solving for Uz, Initial residual = 0.0061283986, Final residual = 8.3215556e-05, No Iterations 3
GAMG:  Solving for p, Initial residual = 0.0069970699, Final residual = 4.231482e-05, No Iterations 3
GAMG:  Solving for p, Initial residual = 0.00013838075, Final residual = 8.5743452e-07, No Iterations 4
time step continuity errors : sum local = 9.0301443e-06, global = 2.9937613e-07, cumulative = -0.00025768392
smoothSolver:  Solving for omega, Initial residual = 0.00036184647, Final residual = 3.2324474e-06, No Iterations 2
smoothSolver:  Solving for k, Initial residual = 0.0013433422, Final residual = 1.4179972e-05, No Iterations 2
bounding k, min: 1.1248599e-16 max: 0.35650207 average: 0.059188511
ExecutionTime = 901.0306 s  ClockTime = 902 s

Time = 609s

smoothSolver:  Solving for Ux, Initial residual = 0.0006005293, Final residual = 8.4220351e-06, No Iterations 3
smoothSolver:  Solving for Uy, Initial residual = 0.0058663677, Final residual = 8.4736279e-05, No Iterations 3
smoothSolver:  Solving for Uz, Initial residual = 0.006160138, Final residual = 8.3727839e-05, No Iterations 3
GAMG:  Solving for p, Initial residual = 0.0069661523, Final residual = 4.2435502e-05, No Iterations 3
GAMG:  Solving for p, Initial residual = 0.0001376454, Final residual = 8.4079189e-07, No Iterations 4
time step continuity errors : sum local = 8.8490564e-06, global = 2.2976274e-07, cumulative = -0.00025745415
smoothSolver:  Solving for omega, Initial residual = 0.00036416681, Final residual = 3.2403394e-06, No Iterations 2
smoothSolver:  Solving for k, Initial residual = 0.001336269, Final residual = 1.4056428e-05, No Iterations 2
bounding k, min: 1.1101162e-16 max: 0.35601192 average: 0.059177585
ExecutionTime = 902.55554 s  ClockTime = 903 s

Time = 610s

smoothSolver:  Solving for Ux, Initial residual = 0.00060098294, Final residual = 8.4349383e-06, No Iterations 3
smoothSolver:  Solving for Uy, Initial residual = 0.0058433809, Final residual = 8.4588552e-05, No Iterations 3
smoothSolver:  Solving for Uz, Initial residual = 0.0061901552, Final residual = 8.4138651e-05, No Iterations 3
GAMG:  Solving for p, Initial residual = 0.0069203348, Final residual = 4.2734376e-05, No Iterations 3
GAMG:  Solving for p, Initial residual = 0.00013685432, Final residual = 8.5085259e-07, No Iterations 4
time step continuity errors : sum local = 8.952425e-06, global = 1.0350881e-07, cumulative = -0.00025735064
smoothSolver:  Solving for omega, Initial residual = 0.00036178881, Final residual = 3.2395493e-06, No Iterations 2
smoothSolver:  Solving for k, Initial residual = 0.0013329953, Final residual = 1.4002652e-05, No Iterations 2
bounding k, min: 1.0794531e-16 max: 0.35552264 average: 0.059165893
ExecutionTime = 904.036 s  ClockTime = 905 s

Time = 611s

smoothSolver:  Solving for Ux, Initial residual = 0.00060110871, Final residual = 8.4476934e-06, No Iterations 3
smoothSolver:  Solving for Uy, Initial residual = 0.0058273893, Final residual = 8.4528126e-05, No Iterations 3
smoothSolver:  Solving for Uz, Initial residual = 0.0062143572, Final residual = 8.4519362e-05, No Iterations 3
GAMG:  Solving for p, Initial residual = 0.0068619867, Final residual = 4.2702901e-05, No Iterations 3
GAMG:  Solving for p, Initial residual = 0.00013610076, Final residual = 8.5043478e-07, No Iterations 4
time step continuity errors : sum local = 8.9435571e-06, global = 6.948727e-08, cumulative = -0.00025728116
smoothSolver:  Solving for omega, Initial residual = 0.00036248802, Final residual = 3.1361383e-06, No Iterations 2
smoothSolver:  Solving for k, Initial residual = 0.0013272908, Final residual = 1.3895036e-05, No Iterations 2
bounding k, min: 1.0549972e-16 max: 0.35503577 average: 0.059155094
ExecutionTime = 905.47811 s  ClockTime = 906 s

Time = 612s

smoothSolver:  Solving for Ux, Initial residual = 0.00060136153, Final residual = 8.4581085e-06, No Iterations 3
smoothSolver:  Solving for Uy, Initial residual = 0.0058165706, Final residual = 8.4623511e-05, No Iterations 3
smoothSolver:  Solving for Uz, Initial residual = 0.0062333494, Final residual = 8.4852482e-05, No Iterations 3
GAMG:  Solving for p, Initial residual = 0.0067924849, Final residual = 4.2668233e-05, No Iterations 3
GAMG:  Solving for p, Initial residual = 0.00013503971, Final residual = 8.5810908e-07, No Iterations 4
time step continuity errors : sum local = 9.0207972e-06, global = 1.9717331e-07, cumulative = -0.00025708398
smoothSolver:  Solving for omega, Initial residual = 0.00036349447, Final residual = 3.3106762e-06, No Iterations 2
smoothSolver:  Solving for k, Initial residual = 0.0013191795, Final residual = 1.3788672e-05, No Iterations 2
bounding k, min: 1.0382667e-16 max: 0.35456584 average: 0.059144198
ExecutionTime = 907.10283 s  ClockTime = 908 s

Time = 613s

smoothSolver:  Solving for Ux, Initial residual = 0.00060141247, Final residual = 8.4689898e-06, No Iterations 3
smoothSolver:  Solving for Uy, Initial residual = 0.0058063343, Final residual = 8.4749667e-05, No Iterations 3
smoothSolver:  Solving for Uz, Initial residual = 0.0062447561, Final residual = 8.5177307e-05, No Iterations 3
GAMG:  Solving for p, Initial residual = 0.0067215021, Final residual = 4.2391087e-05, No Iterations 3
GAMG:  Solving for p, Initial residual = 0.00013408354, Final residual = 8.2275374e-07, No Iterations 4
time step continuity errors : sum local = 8.6457715e-06, global = 5.8318124e-07, cumulative = -0.0002565008
smoothSolver:  Solving for omega, Initial residual = 0.00036303551, Final residual = 3.1898456e-06, No Iterations 2
smoothSolver:  Solving for k, Initial residual = 0.0013165924, Final residual = 1.3754199e-05, No Iterations 2
bounding k, min: 1.0305589e-16 max: 0.35411376 average: 0.059133479
ExecutionTime = 908.91712 s  ClockTime = 910 s

Time = 614s

smoothSolver:  Solving for Ux, Initial residual = 0.00060155154, Final residual = 8.4773836e-06, No Iterations 3
smoothSolver:  Solving for Uy, Initial residual = 0.0058042, Final residual = 8.5001461e-05, No Iterations 3
smoothSolver:  Solving for Uz, Initial residual = 0.0062599241, Final residual = 8.5433297e-05, No Iterations 3
GAMG:  Solving for p, Initial residual = 0.0066607413, Final residual = 4.2089889e-05, No Iterations 3
GAMG:  Solving for p, Initial residual = 0.00013319516, Final residual = 7.7380104e-07, No Iterations 4
time step continuity errors : sum local = 8.1292932e-06, global = 7.2005572e-07, cumulative = -0.00025578075
smoothSolver:  Solving for omega, Initial residual = 0.00035892237, Final residual = 3.2011087e-06, No Iterations 2
smoothSolver:  Solving for k, Initial residual = 0.0013129267, Final residual = 1.3687101e-05, No Iterations 2
bounding k, min: 1.0336431e-16 max: 0.35367787 average: 0.059122648
ExecutionTime = 910.7336 s  ClockTime = 911 s

Time = 615s

smoothSolver:  Solving for Ux, Initial residual = 0.00060157331, Final residual = 8.4865408e-06, No Iterations 3
smoothSolver:  Solving for Uy, Initial residual = 0.0058070089, Final residual = 8.5310153e-05, No Iterations 3
smoothSolver:  Solving for Uz, Initial residual = 0.0062679374, Final residual = 8.5740753e-05, No Iterations 3
GAMG:  Solving for p, Initial residual = 0.0065950653, Final residual = 4.1594992e-05, No Iterations 3
GAMG:  Solving for p, Initial residual = 0.00013254362, Final residual = 7.4688298e-07, No Iterations 4
time step continuity errors : sum local = 7.841749e-06, global = 6.2603649e-07, cumulative = -0.00025515471
smoothSolver:  Solving for omega, Initial residual = 0.00036087413, Final residual = 3.2049846e-06, No Iterations 2
smoothSolver:  Solving for k, Initial residual = 0.0013061032, Final residual = 1.357175e-05, No Iterations 2
bounding k, min: 1.0049828e-16 max: 0.35325919 average: 0.059112273
ExecutionTime = 912.73022 s  ClockTime = 913 s

Time = 616s

smoothSolver:  Solving for Ux, Initial residual = 0.00060147976, Final residual = 8.4935865e-06, No Iterations 3
smoothSolver:  Solving for Uy, Initial residual = 0.0058091887, Final residual = 8.563065e-05, No Iterations 3
smoothSolver:  Solving for Uz, Initial residual = 0.0062721116, Final residual = 8.5985264e-05, No Iterations 3
GAMG:  Solving for p, Initial residual = 0.0065229723, Final residual = 4.1156696e-05, No Iterations 3
GAMG:  Solving for p, Initial residual = 0.00013155704, Final residual = 7.2251851e-07, No Iterations 4
time step continuity errors : sum local = 7.5831743e-06, global = 3.2861857e-07, cumulative = -0.00025482609
smoothSolver:  Solving for omega, Initial residual = 0.00035993267, Final residual = 3.2377692e-06, No Iterations 2
smoothSolver:  Solving for k, Initial residual = 0.0013013255, Final residual = 1.3493868e-05, No Iterations 2
bounding k, min: 9.7437854e-17 max: 0.35287001 average: 0.059101826
ExecutionTime = 914.56281 s  ClockTime = 915 s

Time = 617s

smoothSolver:  Solving for Ux, Initial residual = 0.0006013987, Final residual = 8.5012498e-06, No Iterations 3
smoothSolver:  Solving for Uy, Initial residual = 0.0058165969, Final residual = 8.600814e-05, No Iterations 3
smoothSolver:  Solving for Uz, Initial residual = 0.0062788451, Final residual = 8.6318428e-05, No Iterations 3
GAMG:  Solving for p, Initial residual = 0.0064512256, Final residual = 4.068119e-05, No Iterations 3
GAMG:  Solving for p, Initial residual = 0.00013116061, Final residual = 7.3864769e-07, No Iterations 4
time step continuity errors : sum local = 7.7481339e-06, global = 3.5513973e-07, cumulative = -0.00025447095
smoothSolver:  Solving for omega, Initial residual = 0.00035975968, Final residual = 3.1330021e-06, No Iterations 2
smoothSolver:  Solving for k, Initial residual = 0.0012957889, Final residual = 1.3416641e-05, No Iterations 2
bounding k, min: 9.6319832e-17 max: 0.35250765 average: 0.059091609
ExecutionTime = 916.00241 s  ClockTime = 917 s

Time = 618s

smoothSolver:  Solving for Ux, Initial residual = 0.00060119474, Final residual = 8.5049989e-06, No Iterations 3
smoothSolver:  Solving for Uy, Initial residual = 0.0058226951, Final residual = 8.6361347e-05, No Iterations 3
smoothSolver:  Solving for Uz, Initial residual = 0.0062852031, Final residual = 8.6612861e-05, No Iterations 3
GAMG:  Solving for p, Initial residual = 0.0063811197, Final residual = 4.0199347e-05, No Iterations 3
GAMG:  Solving for p, Initial residual = 0.00013028784, Final residual = 6.6370626e-07, No Iterations 4
time step continuity errors : sum local = 6.9581675e-06, global = 3.4439497e-07, cumulative = -0.00025412656
smoothSolver:  Solving for omega, Initial residual = 0.00035966667, Final residual = 3.2365363e-06, No Iterations 2
smoothSolver:  Solving for k, Initial residual = 0.0012925418, Final residual = 1.3370923e-05, No Iterations 2
bounding k, min: 9.8011581e-17 max: 0.35216464 average: 0.059081025
ExecutionTime = 917.44228 s  ClockTime = 918 s

Time = 619s

smoothSolver:  Solving for Ux, Initial residual = 0.00060095053, Final residual = 8.5086814e-06, No Iterations 3
smoothSolver:  Solving for Uy, Initial residual = 0.0058305975, Final residual = 8.6810564e-05, No Iterations 3
smoothSolver:  Solving for Uz, Initial residual = 0.0062946673, Final residual = 8.6963929e-05, No Iterations 3
GAMG:  Solving for p, Initial residual = 0.006315764, Final residual = 3.9881851e-05, No Iterations 3
GAMG:  Solving for p, Initial residual = 0.00012996969, Final residual = 6.765268e-07, No Iterations 4
time step continuity errors : sum local = 7.0886782e-06, global = 7.4938364e-07, cumulative = -0.00025337717
smoothSolver:  Solving for omega, Initial residual = 0.00035951216, Final residual = 3.1440003e-06, No Iterations 2
smoothSolver:  Solving for k, Initial residual = 0.0012879844, Final residual = 1.3286574e-05, No Iterations 2
bounding k, min: 9.797403e-17 max: 0.35184006 average: 0.059070998
ExecutionTime = 918.86154 s  ClockTime = 920 s

Time = 620s

smoothSolver:  Solving for Ux, Initial residual = 0.00060061332, Final residual = 8.5087489e-06, No Iterations 3
smoothSolver:  Solving for Uy, Initial residual = 0.00583775, Final residual = 8.7203771e-05, No Iterations 3
smoothSolver:  Solving for Uz, Initial residual = 0.0063057577, Final residual = 8.7318544e-05, No Iterations 3
GAMG:  Solving for p, Initial residual = 0.0062513035, Final residual = 3.9750026e-05, No Iterations 3
GAMG:  Solving for p, Initial residual = 0.00012863585, Final residual = 6.3899117e-07, No Iterations 4
time step continuity errors : sum local = 6.6914875e-06, global = 5.4961388e-07, cumulative = -0.00025282756
smoothSolver:  Solving for omega, Initial residual = 0.000358063, Final residual = 3.2472586e-06, No Iterations 2
smoothSolver:  Solving for k, Initial residual = 0.0012842937, Final residual = 1.3254771e-05, No Iterations 2
bounding k, min: 9.738338e-17 max: 0.35154333 average: 0.059060852
ExecutionTime = 920.11959 s  ClockTime = 921 s

Time = 621s

smoothSolver:  Solving for Ux, Initial residual = 0.00060021717, Final residual = 8.5090235e-06, No Iterations 3
smoothSolver:  Solving for Uy, Initial residual = 0.0058469294, Final residual = 8.7553184e-05, No Iterations 3
smoothSolver:  Solving for Uz, Initial residual = 0.0063215418, Final residual = 8.7812079e-05, No Iterations 3
GAMG:  Solving for p, Initial residual = 0.0061998467, Final residual = 3.9713043e-05, No Iterations 3
GAMG:  Solving for p, Initial residual = 0.00012838545, Final residual = 6.8297652e-07, No Iterations 4
time step continuity errors : sum local = 7.1465399e-06, global = 1.2116473e-06, cumulative = -0.00025161591
smoothSolver:  Solving for omega, Initial residual = 0.00035932565, Final residual = 3.1839546e-06, No Iterations 2
smoothSolver:  Solving for k, Initial residual = 0.0012813393, Final residual = 1.3181023e-05, No Iterations 2
bounding k, min: 1.0113231e-16 max: 0.35127153 average: 0.059050884
ExecutionTime = 921.38942 s  ClockTime = 922 s

Time = 622s

smoothSolver:  Solving for Ux, Initial residual = 0.00059973622, Final residual = 8.5063688e-06, No Iterations 3
smoothSolver:  Solving for Uy, Initial residual = 0.005856836, Final residual = 8.7949457e-05, No Iterations 3
smoothSolver:  Solving for Uz, Initial residual = 0.0063371949, Final residual = 8.8200807e-05, No Iterations 3
GAMG:  Solving for p, Initial residual = 0.006134756, Final residual = 3.9611321e-05, No Iterations 3
GAMG:  Solving for p, Initial residual = 0.00012762145, Final residual = 6.6695767e-07, No Iterations 4
time step continuity errors : sum local = 6.974592e-06, global = 1.3784259e-06, cumulative = -0.00025023749
smoothSolver:  Solving for omega, Initial residual = 0.00035562665, Final residual = 3.1796131e-06, No Iterations 2
smoothSolver:  Solving for k, Initial residual = 0.0012774697, Final residual = 1.3116893e-05, No Iterations 2
bounding k, min: 1.019604e-16 max: 0.35102546 average: 0.059040481
ExecutionTime = 922.79983 s  ClockTime = 923 s

Time = 623s

smoothSolver:  Solving for Ux, Initial residual = 0.00059928273, Final residual = 8.5054431e-06, No Iterations 3
smoothSolver:  Solving for Uy, Initial residual = 0.0058671694, Final residual = 8.8256766e-05, No Iterations 3
smoothSolver:  Solving for Uz, Initial residual = 0.0063472306, Final residual = 8.8700065e-05, No Iterations 3
GAMG:  Solving for p, Initial residual = 0.0060861066, Final residual = 3.9639325e-05, No Iterations 3
GAMG:  Solving for p, Initial residual = 0.00012819678, Final residual = 6.8769779e-07, No Iterations 4
time step continuity errors : sum local = 7.185856e-06, global = 1.2681189e-06, cumulative = -0.00024896937
smoothSolver:  Solving for omega, Initial residual = 0.00035619213, Final residual = 3.1302274e-06, No Iterations 2
smoothSolver:  Solving for k, Initial residual = 0.0012741844, Final residual = 1.3030165e-05, No Iterations 2
bounding k, min: 1.0284464e-16 max: 0.35079162 average: 0.059030476
ExecutionTime = 923.99852 s  ClockTime = 925 s

Time = 624s

smoothSolver:  Solving for Ux, Initial residual = 0.00059868476, Final residual = 8.5008702e-06, No Iterations 3
smoothSolver:  Solving for Uy, Initial residual = 0.0058801423, Final residual = 8.8568345e-05, No Iterations 3
smoothSolver:  Solving for Uz, Initial residual = 0.0063604681, Final residual = 8.9194919e-05, No Iterations 3
GAMG:  Solving for p, Initial residual = 0.006051977, Final residual = 3.9673842e-05, No Iterations 3
GAMG:  Solving for p, Initial residual = 0.0001279238, Final residual = 6.6746086e-07, No Iterations 4
time step continuity errors : sum local = 6.970057e-06, global = 9.8910356e-07, cumulative = -0.00024798026
smoothSolver:  Solving for omega, Initial residual = 0.00035793131, Final residual = 3.275822e-06, No Iterations 2
smoothSolver:  Solving for k, Initial residual = 0.00126956, Final residual = 1.2961411e-05, No Iterations 2
bounding k, min: 1.1011038e-16 max: 0.35057429 average: 0.059020229
ExecutionTime = 925.18812 s  ClockTime = 926 s

Time = 625s

smoothSolver:  Solving for Ux, Initial residual = 0.00059822444, Final residual = 8.4972274e-06, No Iterations 3
smoothSolver:  Solving for Uy, Initial residual = 0.0058915667, Final residual = 8.8823858e-05, No Iterations 3
smoothSolver:  Solving for Uz, Initial residual = 0.0063744918, Final residual = 8.967876e-05, No Iterations 3
GAMG:  Solving for p, Initial residual = 0.0060328157, Final residual = 3.9827541e-05, No Iterations 3
GAMG:  Solving for p, Initial residual = 0.00012912606, Final residual = 6.9432721e-07, No Iterations 4
time step continuity errors : sum local = 7.2447277e-06, global = 1.1241943e-06, cumulative = -0.00024685607
smoothSolver:  Solving for omega, Initial residual = 0.00035924096, Final residual = 3.1439949e-06, No Iterations 2
smoothSolver:  Solving for k, Initial residual = 0.001267136, Final residual = 1.2893067e-05, No Iterations 2
bounding k, min: 1.1501409e-16 max: 0.35037985 average: 0.059010226
ExecutionTime = 926.56486 s  ClockTime = 927 s

Time = 626s

smoothSolver:  Solving for Ux, Initial residual = 0.00059779841, Final residual = 8.4896725e-06, No Iterations 3
smoothSolver:  Solving for Uy, Initial residual = 0.0059064214, Final residual = 8.90425e-05, No Iterations 3
smoothSolver:  Solving for Uz, Initial residual = 0.006393797, Final residual = 9.0241665e-05, No Iterations 3
GAMG:  Solving for p, Initial residual = 0.0060107883, Final residual = 3.9984821e-05, No Iterations 3
GAMG:  Solving for p, Initial residual = 0.0001291015, Final residual = 6.6989904e-07, No Iterations 4
time step continuity errors : sum local = 6.9856657e-06, global = 6.0519885e-07, cumulative = -0.00024625087
smoothSolver:  Solving for omega, Initial residual = 0.00035712312, Final residual = 3.1883059e-06, No Iterations 2
smoothSolver:  Solving for k, Initial residual = 0.0012656042, Final residual = 1.2862687e-05, No Iterations 2
bounding k, min: 1.1630447e-16 max: 0.35021332 average: 0.058999623
ExecutionTime = 928.51776 s  ClockTime = 929 s

Time = 627s

smoothSolver:  Solving for Ux, Initial residual = 0.00059746524, Final residual = 8.4833991e-06, No Iterations 3
smoothSolver:  Solving for Uy, Initial residual = 0.0059153646, Final residual = 8.9227848e-05, No Iterations 3
smoothSolver:  Solving for Uz, Initial residual = 0.0064092577, Final residual = 9.071207e-05, No Iterations 3
GAMG:  Solving for p, Initial residual = 0.0060049926, Final residual = 4.0236871e-05, No Iterations 3
GAMG:  Solving for p, Initial residual = 0.0001300673, Final residual = 6.9315382e-07, No Iterations 4
time step continuity errors : sum local = 7.2234485e-06, global = 3.8591187e-07, cumulative = -0.00024586496
smoothSolver:  Solving for omega, Initial residual = 0.00035961912, Final residual = 3.1783245e-06, No Iterations 2
smoothSolver:  Solving for k, Initial residual = 0.0012635885, Final residual = 1.2793254e-05, No Iterations 2
bounding k, min: 1.1658357e-16 max: 0.35006136 average: 0.058989361
ExecutionTime = 930.23785 s  ClockTime = 931 s

Time = 628s

smoothSolver:  Solving for Ux, Initial residual = 0.00059692494, Final residual = 8.4739903e-06, No Iterations 3
smoothSolver:  Solving for Uy, Initial residual = 0.005924153, Final residual = 8.9410122e-05, No Iterations 3
smoothSolver:  Solving for Uz, Initial residual = 0.0064251008, Final residual = 9.11615e-05, No Iterations 3
GAMG:  Solving for p, Initial residual = 0.0060045559, Final residual = 4.042028e-05, No Iterations 3
GAMG:  Solving for p, Initial residual = 0.00012987648, Final residual = 6.9581251e-07, No Iterations 4
time step continuity errors : sum local = 7.2481605e-06, global = 2.2579705e-07, cumulative = -0.00024563916
smoothSolver:  Solving for omega, Initial residual = 0.00035881775, Final residual = 3.2203137e-06, No Iterations 2
smoothSolver:  Solving for k, Initial residual = 0.0012638833, Final residual = 1.2767464e-05, No Iterations 2
bounding k, min: 1.1465978e-16 max: 0.34993335 average: 0.058978494
ExecutionTime = 932.0292 s  ClockTime = 933 s

Time = 629s

smoothSolver:  Solving for Ux, Initial residual = 0.00059651034, Final residual = 8.465539e-06, No Iterations 3
smoothSolver:  Solving for Uy, Initial residual = 0.0059350192, Final residual = 8.9599037e-05, No Iterations 3
smoothSolver:  Solving for Uz, Initial residual = 0.006437103, Final residual = 9.1494656e-05, No Iterations 3
GAMG:  Solving for p, Initial residual = 0.0060333385, Final residual = 4.0498366e-05, No Iterations 3
GAMG:  Solving for p, Initial residual = 0.00013076801, Final residual = 7.0611173e-07, No Iterations 4
time step continuity errors : sum local = 7.3511709e-06, global = 2.1986433e-07, cumulative = -0.0002454193
smoothSolver:  Solving for omega, Initial residual = 0.00035775628, Final residual = 3.1325053e-06, No Iterations 2
smoothSolver:  Solving for k, Initial residual = 0.001261755, Final residual = 1.2716498e-05, No Iterations 2
bounding k, min: 1.1291115e-16 max: 0.34983324 average: 0.058967951
ExecutionTime = 933.66489 s  ClockTime = 934 s

Time = 630s

smoothSolver:  Solving for Ux, Initial residual = 0.00059583487, Final residual = 8.454193e-06, No Iterations 3
smoothSolver:  Solving for Uy, Initial residual = 0.0059415328, Final residual = 8.9667248e-05, No Iterations 3
smoothSolver:  Solving for Uz, Initial residual = 0.0064476947, Final residual = 9.1792245e-05, No Iterations 3
GAMG:  Solving for p, Initial residual = 0.0060391241, Final residual = 4.0588584e-05, No Iterations 3
GAMG:  Solving for p, Initial residual = 0.00013104729, Final residual = 7.5066058e-07, No Iterations 4
time step continuity errors : sum local = 7.8125874e-06, global = 9.2000238e-08, cumulative = -0.0002453273
smoothSolver:  Solving for omega, Initial residual = 0.00035649428, Final residual = 3.1855389e-06, No Iterations 2
smoothSolver:  Solving for k, Initial residual = 0.0012629289, Final residual = 1.2725624e-05, No Iterations 2
bounding k, min: 1.1248768e-16 max: 0.34976674 average: 0.058956645
ExecutionTime = 935.55746 s  ClockTime = 936 s

Time = 631s

smoothSolver:  Solving for Ux, Initial residual = 0.0005951883, Final residual = 8.4433117e-06, No Iterations 3
smoothSolver:  Solving for Uy, Initial residual = 0.0059491099, Final residual = 8.9827548e-05, No Iterations 3
smoothSolver:  Solving for Uz, Initial residual = 0.006455227, Final residual = 9.2040074e-05, No Iterations 3
GAMG:  Solving for p, Initial residual = 0.006023015, Final residual = 4.0535464e-05, No Iterations 3
GAMG:  Solving for p, Initial residual = 0.00013230493, Final residual = 7.6812726e-07, No Iterations 4
time step continuity errors : sum local = 7.9934268e-06, global = 7.4241299e-08, cumulative = -0.00024525306
smoothSolver:  Solving for omega, Initial residual = 0.00035637012, Final residual = 3.1065811e-06, No Iterations 2
smoothSolver:  Solving for k, Initial residual = 0.0012624335, Final residual = 1.2681228e-05, No Iterations 2
bounding k, min: 1.0891858e-16 max: 0.34972127 average: 0.058945847
ExecutionTime = 937.1926 s  ClockTime = 938 s

Time = 632s

smoothSolver:  Solving for Ux, Initial residual = 0.00059433449, Final residual = 8.4295823e-06, No Iterations 3
smoothSolver:  Solving for Uy, Initial residual = 0.0059522023, Final residual = 8.9919769e-05, No Iterations 3
smoothSolver:  Solving for Uz, Initial residual = 0.006456191, Final residual = 9.2242172e-05, No Iterations 3
GAMG:  Solving for p, Initial residual = 0.0060123376, Final residual = 4.097512e-05, No Iterations 3
GAMG:  Solving for p, Initial residual = 0.00013342195, Final residual = 7.7693264e-07, No Iterations 4
time step continuity errors : sum local = 8.084228e-06, global = 1.1811456e-07, cumulative = -0.00024513494
smoothSolver:  Solving for omega, Initial residual = 0.00035507565, Final residual = 3.2136539e-06, No Iterations 2
smoothSolver:  Solving for k, Initial residual = 0.0012606378, Final residual = 1.266762e-05, No Iterations 2
bounding k, min: 1.0645451e-16 max: 0.34969411 average: 0.058934482
ExecutionTime = 938.53265 s  ClockTime = 939 s

Time = 633s

smoothSolver:  Solving for Ux, Initial residual = 0.00059343712, Final residual = 8.4167371e-06, No Iterations 3
smoothSolver:  Solving for Uy, Initial residual = 0.005954109, Final residual = 8.999231e-05, No Iterations 3
smoothSolver:  Solving for Uz, Initial residual = 0.0064561355, Final residual = 9.2384529e-05, No Iterations 3
GAMG:  Solving for p, Initial residual = 0.0060364944, Final residual = 4.1139705e-05, No Iterations 3
GAMG:  Solving for p, Initial residual = 0.00013501631, Final residual = 8.0644449e-07, No Iterations 4
time step continuity errors : sum local = 8.3900598e-06, global = 4.7748676e-08, cumulative = -0.00024508719
smoothSolver:  Solving for omega, Initial residual = 0.00035749441, Final residual = 3.1421138e-06, No Iterations 2
smoothSolver:  Solving for k, Initial residual = 0.0012625854, Final residual = 1.2706138e-05, No Iterations 2
bounding k, min: 1.0267778e-16 max: 0.34967603 average: 0.058923387
ExecutionTime = 939.90063 s  ClockTime = 941 s

Time = 634s

smoothSolver:  Solving for Ux, Initial residual = 0.00059227215, Final residual = 8.4001844e-06, No Iterations 3
smoothSolver:  Solving for Uy, Initial residual = 0.0059586015, Final residual = 9.0076136e-05, No Iterations 3
smoothSolver:  Solving for Uz, Initial residual = 0.0064614379, Final residual = 9.2650245e-05, No Iterations 3
GAMG:  Solving for p, Initial residual = 0.006060058, Final residual = 4.1357864e-05, No Iterations 3
GAMG:  Solving for p, Initial residual = 0.00013547275, Final residual = 8.0692406e-07, No Iterations 4
time step continuity errors : sum local = 8.3954206e-06, global = 1.6942437e-08, cumulative = -0.00024507025
smoothSolver:  Solving for omega, Initial residual = 0.00035589853, Final residual = 3.1676796e-06, No Iterations 2
smoothSolver:  Solving for k, Initial residual = 0.0012611305, Final residual = 1.2662485e-05, No Iterations 2
bounding k, min: 9.9557103e-17 max: 0.34967536 average: 0.058912033
ExecutionTime = 941.24252 s  ClockTime = 942 s

Time = 635s

smoothSolver:  Solving for Ux, Initial residual = 0.00059102884, Final residual = 8.3840973e-06, No Iterations 3
smoothSolver:  Solving for Uy, Initial residual = 0.0059556247, Final residual = 9.0096592e-05, No Iterations 3
smoothSolver:  Solving for Uz, Initial residual = 0.006454617, Final residual = 9.2750721e-05, No Iterations 3
GAMG:  Solving for p, Initial residual = 0.0060715437, Final residual = 4.0925519e-05, No Iterations 3
GAMG:  Solving for p, Initial residual = 0.00013577282, Final residual = 8.4874365e-07, No Iterations 4
time step continuity errors : sum local = 8.8312043e-06, global = -5.8632248e-08, cumulative = -0.00024512888
smoothSolver:  Solving for omega, Initial residual = 0.00035700631, Final residual = 3.1096327e-06, No Iterations 2
smoothSolver:  Solving for k, Initial residual = 0.0012616682, Final residual = 1.2681486e-05, No Iterations 2
bounding k, min: 9.7078886e-17 max: 0.34969953 average: 0.058900858
ExecutionTime = 942.5518 s  ClockTime = 943 s

Time = 636s

smoothSolver:  Solving for Ux, Initial residual = 0.00058949905, Final residual = 8.3650592e-06, No Iterations 3
smoothSolver:  Solving for Uy, Initial residual = 0.0059519924, Final residual = 9.0109751e-05, No Iterations 3
smoothSolver:  Solving for Uz, Initial residual = 0.0064454448, Final residual = 9.2826907e-05, No Iterations 3
GAMG:  Solving for p, Initial residual = 0.0060743759, Final residual = 4.0826121e-05, No Iterations 3
GAMG:  Solving for p, Initial residual = 0.00013568515, Final residual = 8.4304076e-07, No Iterations 4
time step continuity errors : sum local = 8.7718415e-06, global = -1.5370936e-07, cumulative = -0.00024528259
smoothSolver:  Solving for omega, Initial residual = 0.00035761969, Final residual = 3.2524479e-06, No Iterations 2
smoothSolver:  Solving for k, Initial residual = 0.0012603952, Final residual = 1.2653605e-05, No Iterations 2
bounding k, min: 9.5217407e-17 max: 0.34995037 average: 0.058889389
ExecutionTime = 943.86077 s  ClockTime = 945 s

Time = 637s

smoothSolver:  Solving for Ux, Initial residual = 0.00058799933, Final residual = 8.3473617e-06, No Iterations 3
smoothSolver:  Solving for Uy, Initial residual = 0.005941393, Final residual = 9.0044643e-05, No Iterations 3
smoothSolver:  Solving for Uz, Initial residual = 0.0064322951, Final residual = 9.2830345e-05, No Iterations 3
GAMG:  Solving for p, Initial residual = 0.0060608512, Final residual = 4.0336192e-05, No Iterations 3
GAMG:  Solving for p, Initial residual = 0.0001354178, Final residual = 8.6116553e-07, No Iterations 4
time step continuity errors : sum local = 8.9603017e-06, global = -1.5238035e-07, cumulative = -0.00024543497
smoothSolver:  Solving for omega, Initial residual = 0.00035755846, Final residual = 3.165619e-06, No Iterations 2
smoothSolver:  Solving for k, Initial residual = 0.0012593823, Final residual = 1.2666927e-05, No Iterations 2
bounding k, min: 9.4065498e-17 max: 0.35032187 average: 0.058878312
ExecutionTime = 945.54933 s  ClockTime = 946 s

Time = 638s

smoothSolver:  Solving for Ux, Initial residual = 0.00058626432, Final residual = 8.3280175e-06, No Iterations 3
smoothSolver:  Solving for Uy, Initial residual = 0.0059319564, Final residual = 8.9989206e-05, No Iterations 3
smoothSolver:  Solving for Uz, Initial residual = 0.006418941, Final residual = 9.2877298e-05, No Iterations 3
GAMG:  Solving for p, Initial residual = 0.0060592428, Final residual = 4.0414053e-05, No Iterations 3
GAMG:  Solving for p, Initial residual = 0.00013520219, Final residual = 8.5882128e-07, No Iterations 4
time step continuity errors : sum local = 8.9365044e-06, global = -2.5343741e-07, cumulative = -0.00024568841
smoothSolver:  Solving for omega, Initial residual = 0.00035476607, Final residual = 3.1724532e-06, No Iterations 2
smoothSolver:  Solving for k, Initial residual = 0.0012622037, Final residual = 1.2723755e-05, No Iterations 2
bounding k, min: 9.3551597e-17 max: 0.35073179 average: 0.058866679
ExecutionTime = 947.34093 s  ClockTime = 948 s

Time = 639s

smoothSolver:  Solving for Ux, Initial residual = 0.00058464677, Final residual = 8.3093651e-06, No Iterations 3
smoothSolver:  Solving for Uy, Initial residual = 0.005919652, Final residual = 8.9916254e-05, No Iterations 3
smoothSolver:  Solving for Uz, Initial residual = 0.0064031759, Final residual = 9.2829164e-05, No Iterations 3
GAMG:  Solving for p, Initial residual = 0.0060731395, Final residual = 4.0430938e-05, No Iterations 3
GAMG:  Solving for p, Initial residual = 0.00013513297, Final residual = 8.7429419e-07, No Iterations 4
time step continuity errors : sum local = 9.0972501e-06, global = -2.0960545e-07, cumulative = -0.00024589801
smoothSolver:  Solving for omega, Initial residual = 0.00035659714, Final residual = 3.1454478e-06, No Iterations 2
smoothSolver:  Solving for k, Initial residual = 0.0012639272, Final residual = 1.2729225e-05, No Iterations 2
bounding k, min: 9.3277985e-17 max: 0.35116194 average: 0.058855701
ExecutionTime = 949.09372 s  ClockTime = 950 s

Time = 640s

smoothSolver:  Solving for Ux, Initial residual = 0.00058297825, Final residual = 8.2920531e-06, No Iterations 3
smoothSolver:  Solving for Uy, Initial residual = 0.0059068892, Final residual = 8.9847838e-05, No Iterations 3
smoothSolver:  Solving for Uz, Initial residual = 0.0063885782, Final residual = 9.2764066e-05, No Iterations 3
GAMG:  Solving for p, Initial residual = 0.0060706568, Final residual = 4.046615e-05, No Iterations 3
GAMG:  Solving for p, Initial residual = 0.00013465987, Final residual = 8.7900976e-07, No Iterations 4
time step continuity errors : sum local = 9.1454665e-06, global = -1.9421161e-07, cumulative = -0.00024609223
smoothSolver:  Solving for omega, Initial residual = 0.00035446476, Final residual = 3.2150813e-06, No Iterations 2
smoothSolver:  Solving for k, Initial residual = 0.0012634616, Final residual = 1.2739221e-05, No Iterations 2
bounding k, min: 9.2112168e-17 max: 0.35162251 average: 0.058844431
ExecutionTime = 950.62623 s  ClockTime = 951 s

Time = 641s

smoothSolver:  Solving for Ux, Initial residual = 0.00058136343, Final residual = 8.2761706e-06, No Iterations 3
smoothSolver:  Solving for Uy, Initial residual = 0.0058897699, Final residual = 8.9721851e-05, No Iterations 3
smoothSolver:  Solving for Uz, Initial residual = 0.0063632018, Final residual = 9.2569812e-05, No Iterations 3
GAMG:  Solving for p, Initial residual = 0.006058711, Final residual = 3.9790364e-05, No Iterations 3
GAMG:  Solving for p, Initial residual = 0.00013368831, Final residual = 8.731882e-07, No Iterations 4
time step continuity errors : sum local = 9.0840151e-06, global = -2.2857545e-07, cumulative = -0.0002463208
smoothSolver:  Solving for omega, Initial residual = 0.0003539028, Final residual = 3.1231198e-06, No Iterations 2
smoothSolver:  Solving for k, Initial residual = 0.0012631817, Final residual = 1.274205e-05, No Iterations 2
bounding k, min: 9.1503233e-17 max: 0.35210396 average: 0.058833655
ExecutionTime = 952.0407 s  ClockTime = 953 s

Time = 642s

smoothSolver:  Solving for Ux, Initial residual = 0.00057965066, Final residual = 8.2633063e-06, No Iterations 3
smoothSolver:  Solving for Uy, Initial residual = 0.0058728043, Final residual = 8.964254e-05, No Iterations 3
smoothSolver:  Solving for Uz, Initial residual = 0.0063347785, Final residual = 9.231184e-05, No Iterations 3
GAMG:  Solving for p, Initial residual = 0.0060422925, Final residual = 3.9303198e-05, No Iterations 3
GAMG:  Solving for p, Initial residual = 0.0001325747, Final residual = 8.6569484e-07, No Iterations 4
time step continuity errors : sum local = 9.0042031e-06, global = -3.3491572e-07, cumulative = -0.00024665572
smoothSolver:  Solving for omega, Initial residual = 0.00035200603, Final residual = 3.1600853e-06, No Iterations 2
smoothSolver:  Solving for k, Initial residual = 0.0012640664, Final residual = 1.2780245e-05, No Iterations 2
bounding k, min: 9.1498025e-17 max: 0.35261397 average: 0.058822609
ExecutionTime = 953.49023 s  ClockTime = 954 s

Time = 643s

smoothSolver:  Solving for Ux, Initial residual = 0.00057808871, Final residual = 8.2517576e-06, No Iterations 3
smoothSolver:  Solving for Uy, Initial residual = 0.0058573868, Final residual = 8.9558796e-05, No Iterations 3
smoothSolver:  Solving for Uz, Initial residual = 0.0063049587, Final residual = 9.2026727e-05, No Iterations 3
GAMG:  Solving for p, Initial residual = 0.0060194318, Final residual = 3.894349e-05, No Iterations 3
GAMG:  Solving for p, Initial residual = 0.00013226045, Final residual = 8.6201251e-07, No Iterations 4
time step continuity errors : sum local = 8.9646336e-06, global = -1.2565079e-07, cumulative = -0.00024678137
smoothSolver:  Solving for omega, Initial residual = 0.00035280436, Final residual = 3.092551e-06, No Iterations 2
smoothSolver:  Solving for k, Initial residual = 0.0012660749, Final residual = 1.2813223e-05, No Iterations 2
bounding k, min: 9.1285233e-17 max: 0.35314033 average: 0.058812072
ExecutionTime = 955.00022 s  ClockTime = 956 s

Time = 644s

smoothSolver:  Solving for Ux, Initial residual = 0.00057647829, Final residual = 8.2430049e-06, No Iterations 3
smoothSolver:  Solving for Uy, Initial residual = 0.0058437832, Final residual = 8.956819e-05, No Iterations 3
smoothSolver:  Solving for Uz, Initial residual = 0.0062715585, Final residual = 9.1654329e-05, No Iterations 3
GAMG:  Solving for p, Initial residual = 0.00598854, Final residual = 3.8962997e-05, No Iterations 3
GAMG:  Solving for p, Initial residual = 0.00013182864, Final residual = 8.6195674e-07, No Iterations 4
time step continuity errors : sum local = 8.9633212e-06, global = -1.1837146e-07, cumulative = -0.00024689974
smoothSolver:  Solving for omega, Initial residual = 0.00035286308, Final residual = 3.1884754e-06, No Iterations 2
smoothSolver:  Solving for k, Initial residual = 0.0012664516, Final residual = 1.2825025e-05, No Iterations 2
bounding k, min: 9.1100647e-17 max: 0.35369724 average: 0.058801194
ExecutionTime = 956.31957 s  ClockTime = 957 s

Time = 645s

smoothSolver:  Solving for Ux, Initial residual = 0.00057499429, Final residual = 8.2341222e-06, No Iterations 3
smoothSolver:  Solving for Uy, Initial residual = 0.0058303778, Final residual = 8.9534169e-05, No Iterations 3
smoothSolver:  Solving for Uz, Initial residual = 0.0062361447, Final residual = 9.1250893e-05, No Iterations 3
GAMG:  Solving for p, Initial residual = 0.005958575, Final residual = 3.9078922e-05, No Iterations 3
GAMG:  Solving for p, Initial residual = 0.00013133068, Final residual = 8.6055944e-07, No Iterations 4
time step continuity errors : sum local = 8.9486239e-06, global = -1.814132e-07, cumulative = -0.00024708115
smoothSolver:  Solving for omega, Initial residual = 0.00035574449, Final residual = 3.1581658e-06, No Iterations 2
smoothSolver:  Solving for k, Initial residual = 0.0012689426, Final residual = 1.2861229e-05, No Iterations 2
bounding k, min: 9.144605e-17 max: 0.35426501 average: 0.058790697
ExecutionTime = 957.89647 s  ClockTime = 959 s

Time = 646s

smoothSolver:  Solving for Ux, Initial residual = 0.00057350753, Final residual = 8.227265e-06, No Iterations 3
smoothSolver:  Solving for Uy, Initial residual = 0.0058213645, Final residual = 8.9496063e-05, No Iterations 3
smoothSolver:  Solving for Uz, Initial residual = 0.0062063368, Final residual = 9.0923982e-05, No Iterations 3
GAMG:  Solving for p, Initial residual = 0.0059259743, Final residual = 3.9648471e-05, No Iterations 3
GAMG:  Solving for p, Initial residual = 0.00013102678, Final residual = 8.6930479e-07, No Iterations 4
time step continuity errors : sum local = 9.0392801e-06, global = -1.7161877e-07, cumulative = -0.00024725277
smoothSolver:  Solving for omega, Initial residual = 0.00035379929, Final residual = 3.154024e-06, No Iterations 2
smoothSolver:  Solving for k, Initial residual = 0.0012675608, Final residual = 1.2834898e-05, No Iterations 2
bounding k, min: 9.1082127e-17 max: 0.3548605 average: 0.058780073
ExecutionTime = 959.54281 s  ClockTime = 960 s

Time = 647s

smoothSolver:  Solving for Ux, Initial residual = 0.00057223704, Final residual = 8.2224878e-06, No Iterations 3
smoothSolver:  Solving for Uy, Initial residual = 0.0058055268, Final residual = 8.9439516e-05, No Iterations 3
smoothSolver:  Solving for Uz, Initial residual = 0.0061671668, Final residual = 9.0456628e-05, No Iterations 3
GAMG:  Solving for p, Initial residual = 0.0058894404, Final residual = 4.0122622e-05, No Iterations 3
GAMG:  Solving for p, Initial residual = 0.00013089867, Final residual = 8.8141994e-07, No Iterations 4
time step continuity errors : sum local = 9.1659331e-06, global = -2.9559464e-07, cumulative = -0.00024754837
smoothSolver:  Solving for omega, Initial residual = 0.00035346777, Final residual = 3.1099902e-06, No Iterations 2
smoothSolver:  Solving for k, Initial residual = 0.001266046, Final residual = 1.2855074e-05, No Iterations 2
bounding k, min: 9.1344693e-17 max: 0.35547412 average: 0.058770105
ExecutionTime = 961.05979 s  ClockTime = 962 s

Time = 648s

smoothSolver:  Solving for Ux, Initial residual = 0.00057098183, Final residual = 8.2194925e-06, No Iterations 3
smoothSolver:  Solving for Uy, Initial residual = 0.0057930309, Final residual = 8.9375952e-05, No Iterations 3
smoothSolver:  Solving for Uz, Initial residual = 0.0061309974, Final residual = 8.9979766e-05, No Iterations 3
GAMG:  Solving for p, Initial residual = 0.0058254942, Final residual = 4.0553075e-05, No Iterations 3
GAMG:  Solving for p, Initial residual = 0.00013074996, Final residual = 8.8233417e-07, No Iterations 4
time step continuity errors : sum local = 9.17503e-06, global = -4.2472506e-07, cumulative = -0.00024797309
smoothSolver:  Solving for omega, Initial residual = 0.00035309773, Final residual = 3.2220691e-06, No Iterations 2
smoothSolver:  Solving for k, Initial residual = 0.0012657475, Final residual = 1.2874136e-05, No Iterations 2
bounding k, min: 9.1082902e-17 max: 0.35610842 average: 0.058759914
ExecutionTime = 962.29446 s  ClockTime = 963 s

Time = 649s

smoothSolver:  Solving for Ux, Initial residual = 0.00056997066, Final residual = 8.2176612e-06, No Iterations 3
smoothSolver:  Solving for Uy, Initial residual = 0.0057796209, Final residual = 8.9232075e-05, No Iterations 3
smoothSolver:  Solving for Uz, Initial residual = 0.0060980696, Final residual = 8.9544307e-05, No Iterations 3
GAMG:  Solving for p, Initial residual = 0.005779942, Final residual = 4.1026463e-05, No Iterations 3
GAMG:  Solving for p, Initial residual = 0.00013073042, Final residual = 9.0179028e-07, No Iterations 4
time step continuity errors : sum local = 9.3783366e-06, global = -5.3392922e-07, cumulative = -0.00024850702
smoothSolver:  Solving for omega, Initial residual = 0.00035351403, Final residual = 3.1029358e-06, No Iterations 2
smoothSolver:  Solving for k, Initial residual = 0.0012650772, Final residual = 1.2891764e-05, No Iterations 2
bounding k, min: 9.0950622e-17 max: 0.35675724 average: 0.058750241
ExecutionTime = 963.88517 s  ClockTime = 965 s

Time = 650s

smoothSolver:  Solving for Ux, Initial residual = 0.00056902373, Final residual = 8.2176922e-06, No Iterations 3
smoothSolver:  Solving for Uy, Initial residual = 0.0057644569, Final residual = 8.9077546e-05, No Iterations 3
smoothSolver:  Solving for Uz, Initial residual = 0.0060679454, Final residual = 8.9073798e-05, No Iterations 3
GAMG:  Solving for p, Initial residual = 0.0057450534, Final residual = 4.135495e-05, No Iterations 3
GAMG:  Solving for p, Initial residual = 0.00013029532, Final residual = 8.9746716e-07, No Iterations 4
time step continuity errors : sum local = 9.3349786e-06, global = -5.4312705e-07, cumulative = -0.00024905015
smoothSolver:  Solving for omega, Initial residual = 0.00035181348, Final residual = 3.1509372e-06, No Iterations 2
smoothSolver:  Solving for k, Initial residual = 0.0012658075, Final residual = 1.2892791e-05, No Iterations 2
bounding k, min: 9.0884741e-17 max: 0.35743629 average: 0.058740357
ExecutionTime = 965.18523 s  ClockTime = 966 s

Time = 651s

smoothSolver:  Solving for Ux, Initial residual = 0.00056832032, Final residual = 8.2180815e-06, No Iterations 3
smoothSolver:  Solving for Uy, Initial residual = 0.0057442795, Final residual = 8.8819286e-05, No Iterations 3
smoothSolver:  Solving for Uz, Initial residual = 0.0060439314, Final residual = 8.8681389e-05, No Iterations 3
GAMG:  Solving for p, Initial residual = 0.0057159288, Final residual = 4.1564548e-05, No Iterations 3
GAMG:  Solving for p, Initial residual = 0.00013032651, Final residual = 9.0952489e-07, No Iterations 4
time step continuity errors : sum local = 9.4626783e-06, global = -5.839807e-07, cumulative = -0.00024963413
smoothSolver:  Solving for omega, Initial residual = 0.00035328682, Final residual = 3.0968821e-06, No Iterations 2
smoothSolver:  Solving for k, Initial residual = 0.0012621978, Final residual = 1.285727e-05, No Iterations 2
bounding k, min: 9.0859404e-17 max: 0.35812314 average: 0.058731167
ExecutionTime = 966.4634 s  ClockTime = 967 s

Time = 652s

smoothSolver:  Solving for Ux, Initial residual = 0.0005675669, Final residual = 8.218083e-06, No Iterations 3
smoothSolver:  Solving for Uy, Initial residual = 0.0057232638, Final residual = 8.8556606e-05, No Iterations 3
smoothSolver:  Solving for Uz, Initial residual = 0.0060230024, Final residual = 8.820883e-05, No Iterations 3
GAMG:  Solving for p, Initial residual = 0.0056935186, Final residual = 4.1655512e-05, No Iterations 3
GAMG:  Solving for p, Initial residual = 0.00012962336, Final residual = 8.7301016e-07, No Iterations 4
time step continuity errors : sum local = 9.0846755e-06, global = -5.9754568e-07, cumulative = -0.00025023167
smoothSolver:  Solving for omega, Initial residual = 0.00035076664, Final residual = 3.1761819e-06, No Iterations 2
smoothSolver:  Solving for k, Initial residual = 0.0012653235, Final residual = 1.2953627e-05, No Iterations 2
bounding k, min: 9.0861153e-17 max: 0.35883955 average: 0.058721388
ExecutionTime = 967.74959 s  ClockTime = 968 s

Time = 653s

smoothSolver:  Solving for Ux, Initial residual = 0.0005667615, Final residual = 8.2144226e-06, No Iterations 3
smoothSolver:  Solving for Uy, Initial residual = 0.0056984938, Final residual = 8.81356e-05, No Iterations 3
smoothSolver:  Solving for Uz, Initial residual = 0.0060061923, Final residual = 8.7850431e-05, No Iterations 3
GAMG:  Solving for p, Initial residual = 0.0056837192, Final residual = 4.1668024e-05, No Iterations 3
GAMG:  Solving for p, Initial residual = 0.00012912086, Final residual = 8.6331324e-07, No Iterations 4
time step continuity errors : sum local = 8.9875325e-06, global = -6.0032248e-07, cumulative = -0.000250832
smoothSolver:  Solving for omega, Initial residual = 0.00035153245, Final residual = 3.1570882e-06, No Iterations 2
smoothSolver:  Solving for k, Initial residual = 0.0012617923, Final residual = 1.2880529e-05, No Iterations 2
bounding k, min: 9.0882689e-17 max: 0.35956602 average: 0.058712769
ExecutionTime = 969.11072 s  ClockTime = 970 s

Time = 654s

smoothSolver:  Solving for Ux, Initial residual = 0.00056585343, Final residual = 8.2095539e-06, No Iterations 3
smoothSolver:  Solving for Uy, Initial residual = 0.0056662763, Final residual = 8.7731196e-05, No Iterations 3
smoothSolver:  Solving for Uz, Initial residual = 0.0059868931, Final residual = 8.7404681e-05, No Iterations 3
GAMG:  Solving for p, Initial residual = 0.0056581264, Final residual = 4.1506068e-05, No Iterations 3
GAMG:  Solving for p, Initial residual = 0.00012760087, Final residual = 8.0178455e-07, No Iterations 4
time step continuity errors : sum local = 8.3487095e-06, global = -5.919782e-07, cumulative = -0.00025142397
smoothSolver:  Solving for omega, Initial residual = 0.00035089512, Final residual = 3.178878e-06, No Iterations 2
smoothSolver:  Solving for k, Initial residual = 0.0012603949, Final residual = 1.2898198e-05, No Iterations 2
bounding k, min: 9.0926825e-17 max: 0.36030547 average: 0.058703453
ExecutionTime = 970.56172 s  ClockTime = 971 s

Time = 655s

smoothSolver:  Solving for Ux, Initial residual = 0.00056493202, Final residual = 8.2008382e-06, No Iterations 3
smoothSolver:  Solving for Uy, Initial residual = 0.005630872, Final residual = 8.7225492e-05, No Iterations 3
smoothSolver:  Solving for Uz, Initial residual = 0.0059717149, Final residual = 8.702959e-05, No Iterations 3
GAMG:  Solving for p, Initial residual = 0.0056298093, Final residual = 4.1160157e-05, No Iterations 3
GAMG:  Solving for p, Initial residual = 0.00012671062, Final residual = 7.6850786e-07, No Iterations 4
time step continuity errors : sum local = 8.005958e-06, global = -5.705479e-07, cumulative = -0.00025199452
smoothSolver:  Solving for omega, Initial residual = 0.00035073099, Final residual = 3.1055417e-06, No Iterations 2
smoothSolver:  Solving for k, Initial residual = 0.0012573444, Final residual = 1.2868901e-05, No Iterations 2
bounding k, min: 9.100958e-17 max: 0.36105224 average: 0.058694968
ExecutionTime = 971.84772 s  ClockTime = 973 s

Time = 656s

smoothSolver:  Solving for Ux, Initial residual = 0.0005638161, Final residual = 8.1902303e-06, No Iterations 3
smoothSolver:  Solving for Uy, Initial residual = 0.0055947006, Final residual = 8.6712561e-05, No Iterations 3
smoothSolver:  Solving for Uz, Initial residual = 0.0059568545, Final residual = 8.6635067e-05, No Iterations 3
GAMG:  Solving for p, Initial residual = 0.0055967686, Final residual = 4.0362117e-05, No Iterations 3
GAMG:  Solving for p, Initial residual = 0.00012514757, Final residual = 7.1106597e-07, No Iterations 4
time step continuity errors : sum local = 7.4108174e-06, global = -6.1203906e-07, cumulative = -0.00025260656
smoothSolver:  Solving for omega, Initial residual = 0.00035015338, Final residual = 3.1960593e-06, No Iterations 2
smoothSolver:  Solving for k, Initial residual = 0.0012564518, Final residual = 1.2877478e-05, No Iterations 2
bounding k, min: 9.1166247e-17 max: 0.36197383 average: 0.058686283
ExecutionTime = 973.33384 s  ClockTime = 974 s

Time = 657s

smoothSolver:  Solving for Ux, Initial residual = 0.00056248088, Final residual = 8.1754675e-06, No Iterations 3
smoothSolver:  Solving for Uy, Initial residual = 0.0055553573, Final residual = 8.6093231e-05, No Iterations 3
smoothSolver:  Solving for Uz, Initial residual = 0.0059423089, Final residual = 8.6318409e-05, No Iterations 3
GAMG:  Solving for p, Initial residual = 0.0055599968, Final residual = 3.9363842e-05, No Iterations 3
GAMG:  Solving for p, Initial residual = 0.00012366123, Final residual = 6.7635629e-07, No Iterations 4
time step continuity errors : sum local = 7.05305e-06, global = -6.3604905e-07, cumulative = -0.00025324261
smoothSolver:  Solving for omega, Initial residual = 0.00035135798, Final residual = 3.1778692e-06, No Iterations 2
smoothSolver:  Solving for k, Initial residual = 0.001255716, Final residual = 1.2870863e-05, No Iterations 2
bounding k, min: 9.1509295e-17 max: 0.36302154 average: 0.058678057
ExecutionTime = 975.29271 s  ClockTime = 976 s

Time = 658s

smoothSolver:  Solving for Ux, Initial residual = 0.00056090546, Final residual = 8.1588503e-06, No Iterations 3
smoothSolver:  Solving for Uy, Initial residual = 0.005513298, Final residual = 8.5457285e-05, No Iterations 3
smoothSolver:  Solving for Uz, Initial residual = 0.0059291804, Final residual = 8.6000005e-05, No Iterations 3
GAMG:  Solving for p, Initial residual = 0.0055206024, Final residual = 3.8201375e-05, No Iterations 3
GAMG:  Solving for p, Initial residual = 0.00012123412, Final residual = 6.3750808e-07, No Iterations 4
time step continuity errors : sum local = 6.6506218e-06, global = -7.4915034e-07, cumulative = -0.00025399176
smoothSolver:  Solving for omega, Initial residual = 0.00034979238, Final residual = 3.1712035e-06, No Iterations 2
smoothSolver:  Solving for k, Initial residual = 0.0012534902, Final residual = 1.2842269e-05, No Iterations 2
bounding k, min: 9.1749745e-17 max: 0.3640974 average: 0.058669649
ExecutionTime = 976.94571 s  ClockTime = 978 s

Time = 659s

smoothSolver:  Solving for Ux, Initial residual = 0.00055907354, Final residual = 8.1384035e-06, No Iterations 3
smoothSolver:  Solving for Uy, Initial residual = 0.0054626727, Final residual = 8.4779546e-05, No Iterations 3
smoothSolver:  Solving for Uz, Initial residual = 0.0059102234, Final residual = 8.5658326e-05, No Iterations 3
GAMG:  Solving for p, Initial residual = 0.0054791098, Final residual = 3.7193769e-05, No Iterations 3
GAMG:  Solving for p, Initial residual = 0.00011934738, Final residual = 6.1969257e-07, No Iterations 4
time step continuity errors : sum local = 6.4681302e-06, global = -9.12965e-07, cumulative = -0.00025490473
smoothSolver:  Solving for omega, Initial residual = 0.00035021045, Final residual = 3.102685e-06, No Iterations 2
smoothSolver:  Solving for k, Initial residual = 0.0012503342, Final residual = 1.2825022e-05, No Iterations 2
bounding k, min: 9.1793848e-17 max: 0.36518776 average: 0.058662014
ExecutionTime = 978.22276 s  ClockTime = 979 s

Time = 660s

smoothSolver:  Solving for Ux, Initial residual = 0.00055701809, Final residual = 8.1153236e-06, No Iterations 3
smoothSolver:  Solving for Uy, Initial residual = 0.005413809, Final residual = 8.4077842e-05, No Iterations 3
smoothSolver:  Solving for Uz, Initial residual = 0.0058913058, Final residual = 8.529796e-05, No Iterations 3
GAMG:  Solving for p, Initial residual = 0.0054446792, Final residual = 3.6246741e-05, No Iterations 3
GAMG:  Solving for p, Initial residual = 0.00011765157, Final residual = 6.0959424e-07, No Iterations 4
time step continuity errors : sum local = 6.3646041e-06, global = -1.0758926e-06, cumulative = -0.00025598062
smoothSolver:  Solving for omega, Initial residual = 0.00034813391, Final residual = 3.1477387e-06, No Iterations 2
smoothSolver:  Solving for k, Initial residual = 0.0012509322, Final residual = 1.2853837e-05, No Iterations 2
bounding k, min: 9.1957442e-17 max: 0.36630216 average: 0.058653888
ExecutionTime = 979.87345 s  ClockTime = 981 s

Time = 661s

smoothSolver:  Solving for Ux, Initial residual = 0.00055462922, Final residual = 8.0879202e-06, No Iterations 3
smoothSolver:  Solving for Uy, Initial residual = 0.0053639666, Final residual = 8.3336136e-05, No Iterations 3
smoothSolver:  Solving for Uz, Initial residual = 0.0058703004, Final residual = 8.4986572e-05, No Iterations 3
GAMG:  Solving for p, Initial residual = 0.0054087755, Final residual = 3.5655083e-05, No Iterations 3
GAMG:  Solving for p, Initial residual = 0.00011710236, Final residual = 6.0059417e-07, No Iterations 4
time step continuity errors : sum local = 6.2731093e-06, global = -1.1217061e-06, cumulative = -0.00025710232
smoothSolver:  Solving for omega, Initial residual = 0.0003485914, Final residual = 3.1265046e-06, No Iterations 2
smoothSolver:  Solving for k, Initial residual = 0.0012494458, Final residual = 1.2817804e-05, No Iterations 2
bounding k, min: 9.2346234e-17 max: 0.36742638 average: 0.058646293
ExecutionTime = 981.80881 s  ClockTime = 983 s

Time = 662s

smoothSolver:  Solving for Ux, Initial residual = 0.0005521112, Final residual = 8.0575979e-06, No Iterations 3
smoothSolver:  Solving for Uy, Initial residual = 0.0053160205, Final residual = 8.2607911e-05, No Iterations 3
smoothSolver:  Solving for Uz, Initial residual = 0.0058434965, Final residual = 8.4564152e-05, No Iterations 3
GAMG:  Solving for p, Initial residual = 0.0053772279, Final residual = 3.5098647e-05, No Iterations 3
GAMG:  Solving for p, Initial residual = 0.00011648791, Final residual = 6.074487e-07, No Iterations 4
time step continuity errors : sum local = 6.3467363e-06, global = -1.5007777e-06, cumulative = -0.0002586031
smoothSolver:  Solving for omega, Initial residual = 0.00034811417, Final residual = 3.1285533e-06, No Iterations 2
smoothSolver:  Solving for k, Initial residual = 0.0012458344, Final residual = 1.2785239e-05, No Iterations 2
bounding k, min: 9.3253589e-17 max: 0.36857427 average: 0.0586386
ExecutionTime = 983.46293 s  ClockTime = 984 s

Time = 663s

smoothSolver:  Solving for Ux, Initial residual = 0.00054915548, Final residual = 8.0228047e-06, No Iterations 3
smoothSolver:  Solving for Uy, Initial residual = 0.0052636145, Final residual = 8.1874566e-05, No Iterations 3
smoothSolver:  Solving for Uz, Initial residual = 0.0058124369, Final residual = 8.4148015e-05, No Iterations 3
GAMG:  Solving for p, Initial residual = 0.0053417184, Final residual = 3.4802383e-05, No Iterations 3
GAMG:  Solving for p, Initial residual = 0.00011707566, Final residual = 6.0097084e-07, No Iterations 4
time step continuity errors : sum local = 6.2808847e-06, global = -1.555088e-06, cumulative = -0.00026015819
smoothSolver:  Solving for omega, Initial residual = 0.00035049482, Final residual = 3.1248881e-06, No Iterations 2
smoothSolver:  Solving for k, Initial residual = 0.0012446867, Final residual = 1.2779887e-05, No Iterations 2
bounding k, min: 9.5160009e-17 max: 0.36972821 average: 0.058631209
ExecutionTime = 984.69782 s  ClockTime = 985 s

Time = 664s

smoothSolver:  Solving for Ux, Initial residual = 0.00054610909, Final residual = 7.9829329e-06, No Iterations 3
smoothSolver:  Solving for Uy, Initial residual = 0.0052186491, Final residual = 8.1178888e-05, No Iterations 3
smoothSolver:  Solving for Uz, Initial residual = 0.0057811713, Final residual = 8.3601678e-05, No Iterations 3
GAMG:  Solving for p, Initial residual = 0.0053149074, Final residual = 3.4494822e-05, No Iterations 3
GAMG:  Solving for p, Initial residual = 0.00011721267, Final residual = 6.0386312e-07, No Iterations 4
time step continuity errors : sum local = 6.3123716e-06, global = -1.6686316e-06, cumulative = -0.00026182682
smoothSolver:  Solving for omega, Initial residual = 0.00034925913, Final residual = 3.1880367e-06, No Iterations 2
smoothSolver:  Solving for k, Initial residual = 0.0012420447, Final residual = 1.2757149e-05, No Iterations 2
bounding k, min: 9.8524841e-17 max: 0.37090208 average: 0.058623486
ExecutionTime = 985.91914 s  ClockTime = 987 s

Time = 665s

smoothSolver:  Solving for Ux, Initial residual = 0.00054270582, Final residual = 7.9378372e-06, No Iterations 3
smoothSolver:  Solving for Uy, Initial residual = 0.0051708786, Final residual = 8.0465077e-05, No Iterations 3
smoothSolver:  Solving for Uz, Initial residual = 0.0057419364, Final residual = 8.3060794e-05, No Iterations 3
GAMG:  Solving for p, Initial residual = 0.0052993543, Final residual = 3.4388163e-05, No Iterations 3
GAMG:  Solving for p, Initial residual = 0.00011839815, Final residual = 5.9985464e-07, No Iterations 4
time step continuity errors : sum local = 6.2720457e-06, global = -1.6924564e-06, cumulative = -0.00026351928
smoothSolver:  Solving for omega, Initial residual = 0.00034995862, Final residual = 3.1391857e-06, No Iterations 2
smoothSolver:  Solving for k, Initial residual = 0.0012389356, Final residual = 1.2738313e-05, No Iterations 2
bounding k, min: 9.8665274e-17 max: 0.37208321 average: 0.058616538
ExecutionTime = 987.28146 s  ClockTime = 988 s

Time = 666s

smoothSolver:  Solving for Ux, Initial residual = 0.00053921289, Final residual = 7.8865407e-06, No Iterations 3
smoothSolver:  Solving for Uy, Initial residual = 0.0051291541, Final residual = 7.9797963e-05, No Iterations 3
smoothSolver:  Solving for Uz, Initial residual = 0.005698762, Final residual = 8.2391539e-05, No Iterations 3
GAMG:  Solving for p, Initial residual = 0.0052957764, Final residual = 3.4032182e-05, No Iterations 3
GAMG:  Solving for p, Initial residual = 0.00011867111, Final residual = 6.1882764e-07, No Iterations 4
time step continuity errors : sum local = 6.4711123e-06, global = -1.4841192e-06, cumulative = -0.0002650034
smoothSolver:  Solving for omega, Initial residual = 0.00034782462, Final residual = 3.1162487e-06, No Iterations 2
smoothSolver:  Solving for k, Initial residual = 0.0012391648, Final residual = 1.2759939e-05, No Iterations 2
bounding k, min: 9.9999404e-17 max: 0.37328912 average: 0.058609024
ExecutionTime = 988.5136 s  ClockTime = 989 s

Time = 667s

smoothSolver:  Solving for Ux, Initial residual = 0.00053518419, Final residual = 7.8285308e-06, No Iterations 3
smoothSolver:  Solving for Uy, Initial residual = 0.0050872622, Final residual = 7.9138482e-05, No Iterations 3
smoothSolver:  Solving for Uz, Initial residual = 0.0056518331, Final residual = 8.1699122e-05, No Iterations 3
GAMG:  Solving for p, Initial residual = 0.0053003228, Final residual = 3.3773006e-05, No Iterations 3
GAMG:  Solving for p, Initial residual = 0.00012018103, Final residual = 6.066526e-07, No Iterations 4
time step continuity errors : sum local = 6.3445059e-06, global = -1.5951475e-06, cumulative = -0.00026659854
smoothSolver:  Solving for omega, Initial residual = 0.00034834891, Final residual = 3.0963783e-06, No Iterations 2
smoothSolver:  Solving for k, Initial residual = 0.0012347585, Final residual = 1.2694838e-05, No Iterations 2
bounding k, min: 1.0308347e-16 max: 0.37449948 average: 0.058602164
ExecutionTime = 989.69856 s  ClockTime = 990 s

Time = 668s

smoothSolver:  Solving for Ux, Initial residual = 0.00053110593, Final residual = 7.7649619e-06, No Iterations 3
smoothSolver:  Solving for Uy, Initial residual = 0.0050491161, Final residual = 7.8534522e-05, No Iterations 3
smoothSolver:  Solving for Uz, Initial residual = 0.0055970949, Final residual = 8.0861469e-05, No Iterations 3
GAMG:  Solving for p, Initial residual = 0.0053003472, Final residual = 3.3347635e-05, No Iterations 3
GAMG:  Solving for p, Initial residual = 0.00012043864, Final residual = 6.3869546e-07, No Iterations 4
time step continuity errors : sum local = 6.6793615e-06, global = -1.2772841e-06, cumulative = -0.00026787583
smoothSolver:  Solving for omega, Initial residual = 0.00034774509, Final residual = 3.1604644e-06, No Iterations 2
smoothSolver:  Solving for k, Initial residual = 0.0012315304, Final residual = 1.2655092e-05, No Iterations 2
bounding k, min: 1.0816084e-16 max: 0.3757256 average: 0.058594591
ExecutionTime = 990.90021 s  ClockTime = 992 s

Time = 669s

smoothSolver:  Solving for Ux, Initial residual = 0.00052637693, Final residual = 7.6954305e-06, No Iterations 3
smoothSolver:  Solving for Uy, Initial residual = 0.0050117638, Final residual = 7.795347e-05, No Iterations 3
smoothSolver:  Solving for Uz, Initial residual = 0.005541702, Final residual = 8.0012931e-05, No Iterations 3
GAMG:  Solving for p, Initial residual = 0.0053023144, Final residual = 3.3049383e-05, No Iterations 3
GAMG:  Solving for p, Initial residual = 0.0001219216, Final residual = 6.316482e-07, No Iterations 4
time step continuity errors : sum local = 6.6052342e-06, global = -1.3071285e-06, cumulative = -0.00026918296
smoothSolver:  Solving for omega, Initial residual = 0.00035034754, Final residual = 3.1760495e-06, No Iterations 2
smoothSolver:  Solving for k, Initial residual = 0.0012278109, Final residual = 1.2617637e-05, No Iterations 2
bounding k, min: 1.1588114e-16 max: 0.3769442 average: 0.058587681
ExecutionTime = 992.09756 s  ClockTime = 993 s

Time = 670s

smoothSolver:  Solving for Ux, Initial residual = 0.00052169992, Final residual = 7.6216331e-06, No Iterations 3
smoothSolver:  Solving for Uy, Initial residual = 0.0049785709, Final residual = 7.7378441e-05, No Iterations 3
smoothSolver:  Solving for Uz, Initial residual = 0.0054841635, Final residual = 7.9092177e-05, No Iterations 3
GAMG:  Solving for p, Initial residual = 0.0053016563, Final residual = 3.2852764e-05, No Iterations 3
GAMG:  Solving for p, Initial residual = 0.00012211455, Final residual = 6.5553829e-07, No Iterations 4
time step continuity errors : sum local = 6.8540777e-06, global = -1.1692834e-06, cumulative = -0.00027035224
smoothSolver:  Solving for omega, Initial residual = 0.00034878137, Final residual = 3.1699076e-06, No Iterations 2
smoothSolver:  Solving for k, Initial residual = 0.0012282341, Final residual = 1.2658017e-05, No Iterations 2
bounding k, min: 1.1557544e-16 max: 0.37816812 average: 0.058580107
ExecutionTime = 993.3656 s  ClockTime = 994 s

Time = 671s

smoothSolver:  Solving for Ux, Initial residual = 0.00051652126, Final residual = 7.54315e-06, No Iterations 3
smoothSolver:  Solving for Uy, Initial residual = 0.0049449082, Final residual = 7.6764274e-05, No Iterations 3
smoothSolver:  Solving for Uz, Initial residual = 0.0054245159, Final residual = 7.811939e-05, No Iterations 3
GAMG:  Solving for p, Initial residual = 0.0053182723, Final residual = 3.2715833e-05, No Iterations 3
GAMG:  Solving for p, Initial residual = 0.00012328402, Final residual = 6.5879769e-07, No Iterations 4
time step continuity errors : sum local = 6.8877466e-06, global = -1.0777286e-06, cumulative = -0.00027142997
smoothSolver:  Solving for omega, Initial residual = 0.00034876251, Final residual = 3.1454962e-06, No Iterations 2
smoothSolver:  Solving for k, Initial residual = 0.001226698, Final residual = 1.2623725e-05, No Iterations 2
bounding k, min: 1.1546173e-16 max: 0.37938106 average: 0.058572537
ExecutionTime = 994.5966 s  ClockTime = 995 s

Time = 672s

smoothSolver:  Solving for Ux, Initial residual = 0.00051160807, Final residual = 7.4622025e-06, No Iterations 3
smoothSolver:  Solving for Uy, Initial residual = 0.0049127107, Final residual = 7.6180441e-05, No Iterations 3
smoothSolver:  Solving for Uz, Initial residual = 0.0053592501, Final residual = 7.7107125e-05, No Iterations 3
GAMG:  Solving for p, Initial residual = 0.0053298045, Final residual = 3.2530514e-05, No Iterations 3
GAMG:  Solving for p, Initial residual = 0.00012328575, Final residual = 6.7493631e-07, No Iterations 4
time step continuity errors : sum local = 7.054941e-06, global = -1.044303e-06, cumulative = -0.00027247427
smoothSolver:  Solving for omega, Initial residual = 0.0003472163, Final residual = 3.1470962e-06, No Iterations 2
smoothSolver:  Solving for k, Initial residual = 0.0012223098, Final residual = 1.2531679e-05, No Iterations 2
bounding k, min: 1.1795723e-16 max: 0.38058704 average: 0.058564839
ExecutionTime = 995.8926 s  ClockTime = 997 s

Time = 673s

smoothSolver:  Solving for Ux, Initial residual = 0.00050627647, Final residual = 7.3798436e-06, No Iterations 3
smoothSolver:  Solving for Uy, Initial residual = 0.0048765571, Final residual = 7.560449e-05, No Iterations 3
smoothSolver:  Solving for Uz, Initial residual = 0.0052887551, Final residual = 7.6046339e-05, No Iterations 3
GAMG:  Solving for p, Initial residual = 0.0053451511, Final residual = 3.2539021e-05, No Iterations 3
GAMG:  Solving for p, Initial residual = 0.00012457998, Final residual = 6.8236253e-07, No Iterations 4
time step continuity errors : sum local = 7.1311167e-06, global = -9.9426254e-07, cumulative = -0.00027346854
smoothSolver:  Solving for omega, Initial residual = 0.00034624475, Final residual = 3.0973117e-06, No Iterations 2
smoothSolver:  Solving for k, Initial residual = 0.0012171182, Final residual = 1.2458424e-05, No Iterations 2
bounding k, min: 1.2251554e-16 max: 0.38177271 average: 0.058557494
ExecutionTime = 997.62473 s  ClockTime = 998 s

Time = 674s

smoothSolver:  Solving for Ux, Initial residual = 0.00050109297, Final residual = 7.2953955e-06, No Iterations 3
smoothSolver:  Solving for Uy, Initial residual = 0.0048455258, Final residual = 7.5144902e-05, No Iterations 3
smoothSolver:  Solving for Uz, Initial residual = 0.0052162137, Final residual = 7.4825829e-05, No Iterations 3
GAMG:  Solving for p, Initial residual = 0.0053599687, Final residual = 3.2501114e-05, No Iterations 3
GAMG:  Solving for p, Initial residual = 0.00012468328, Final residual = 6.8032351e-07, No Iterations 4
time step continuity errors : sum local = 7.1082137e-06, global = -8.82144e-07, cumulative = -0.00027435068
smoothSolver:  Solving for omega, Initial residual = 0.00034578835, Final residual = 3.1263642e-06, No Iterations 2
smoothSolver:  Solving for k, Initial residual = 0.0012094352, Final residual = 1.2370326e-05, No Iterations 2
bounding k, min: 1.2932346e-16 max: 0.38295168 average: 0.05854993
ExecutionTime = 999.69481 s  ClockTime = 1000 s

Time = 675s

smoothSolver:  Solving for Ux, Initial residual = 0.00049549828, Final residual = 7.2084098e-06, No Iterations 3
smoothSolver:  Solving for Uy, Initial residual = 0.0048103279, Final residual = 7.4670531e-05, No Iterations 3
smoothSolver:  Solving for Uz, Initial residual = 0.0051320618, Final residual = 7.3595678e-05, No Iterations 3
GAMG:  Solving for p, Initial residual = 0.0053715318, Final residual = 3.2617494e-05, No Iterations 3
GAMG:  Solving for p, Initial residual = 0.00012540533, Final residual = 7.0685104e-07, No Iterations 4
time step continuity errors : sum local = 7.382288e-06, global = -9.5470121e-07, cumulative = -0.00027530538
smoothSolver:  Solving for omega, Initial residual = 0.00034807852, Final residual = 3.1182576e-06, No Iterations 2
smoothSolver:  Solving for k, Initial residual = 0.0012040354, Final residual = 1.2318573e-05, No Iterations 2
bounding k, min: 1.3806816e-16 max: 0.3841126 average: 0.05854239
ExecutionTime = 1001.6139 s  ClockTime = 1002 s

Time = 676s

smoothSolver:  Solving for Ux, Initial residual = 0.00049022316, Final residual = 7.1206617e-06, No Iterations 3
smoothSolver:  Solving for Uy, Initial residual = 0.0047804837, Final residual = 7.4193092e-05, No Iterations 3
smoothSolver:  Solving for Uz, Initial residual = 0.0050492836, Final residual = 7.2360207e-05, No Iterations 3
GAMG:  Solving for p, Initial residual = 0.0053704508, Final residual = 3.2427914e-05, No Iterations 3
GAMG:  Solving for p, Initial residual = 0.00012428587, Final residual = 6.7632769e-07, No Iterations 4
time step continuity errors : sum local = 7.0614269e-06, global = -8.1343892e-07, cumulative = -0.00027611882
smoothSolver:  Solving for omega, Initial residual = 0.00034760436, Final residual = 3.1801098e-06, No Iterations 2
smoothSolver:  Solving for k, Initial residual = 0.0011986941, Final residual = 1.2246597e-05, No Iterations 2
bounding k, min: 1.3726863e-16 max: 0.38527143 average: 0.058534159
ExecutionTime = 1003.2178 s  ClockTime = 1004 s

Time = 677s

smoothSolver:  Solving for Ux, Initial residual = 0.00048447008, Final residual = 7.0296765e-06, No Iterations 3
smoothSolver:  Solving for Uy, Initial residual = 0.0047519351, Final residual = 7.3724108e-05, No Iterations 3
smoothSolver:  Solving for Uz, Initial residual = 0.0049627318, Final residual = 7.1082984e-05, No Iterations 3
GAMG:  Solving for p, Initial residual = 0.005369511, Final residual = 3.2511179e-05, No Iterations 3
GAMG:  Solving for p, Initial residual = 0.00012441623, Final residual = 6.5741497e-07, No Iterations 4
time step continuity errors : sum local = 6.8621958e-06, global = -7.5758097e-07, cumulative = -0.0002768764
smoothSolver:  Solving for omega, Initial residual = 0.0003481196, Final residual = 3.1653592e-06, No Iterations 2
smoothSolver:  Solving for k, Initial residual = 0.0011924647, Final residual = 1.215517e-05, No Iterations 2
bounding k, min: 1.3506315e-16 max: 0.38641535 average: 0.058526538
ExecutionTime = 1005.1133 s  ClockTime = 1006 s

Time = 678s

smoothSolver:  Solving for Ux, Initial residual = 0.00047901922, Final residual = 6.9386021e-06, No Iterations 3
smoothSolver:  Solving for Uy, Initial residual = 0.0047262232, Final residual = 7.3316027e-05, No Iterations 3
smoothSolver:  Solving for Uz, Initial residual = 0.0048734834, Final residual = 6.9791154e-05, No Iterations 3
GAMG:  Solving for p, Initial residual = 0.0053577579, Final residual = 3.2459555e-05, No Iterations 3
GAMG:  Solving for p, Initial residual = 0.00012328832, Final residual = 6.4604032e-07, No Iterations 4
time step continuity errors : sum local = 6.741044e-06, global = -7.2604462e-07, cumulative = -0.00027760244
smoothSolver:  Solving for omega, Initial residual = 0.00034689875, Final residual = 3.1281786e-06, No Iterations 2
smoothSolver:  Solving for k, Initial residual = 0.0011855752, Final residual = 1.2058342e-05, No Iterations 2
bounding k, min: 1.3606322e-16 max: 0.38756288 average: 0.05851863
ExecutionTime = 1006.8307 s  ClockTime = 1008 s

Time = 679s

smoothSolver:  Solving for Ux, Initial residual = 0.00047321444, Final residual = 6.8462432e-06, No Iterations 3
smoothSolver:  Solving for Uy, Initial residual = 0.0046997445, Final residual = 7.2922227e-05, No Iterations 3
smoothSolver:  Solving for Uz, Initial residual = 0.0047833204, Final residual = 6.8527932e-05, No Iterations 3
GAMG:  Solving for p, Initial residual = 0.0053299075, Final residual = 3.2559923e-05, No Iterations 3
GAMG:  Solving for p, Initial residual = 0.0001235058, Final residual = 6.1988847e-07, No Iterations 4
time step continuity errors : sum local = 6.4654166e-06, global = -6.554526e-07, cumulative = -0.0002782579
smoothSolver:  Solving for omega, Initial residual = 0.0003456952, Final residual = 3.0981392e-06, No Iterations 2
smoothSolver:  Solving for k, Initial residual = 0.0011806203, Final residual = 1.2002907e-05, No Iterations 2
bounding k, min: 1.3966991e-16 max: 0.38869108 average: 0.058510556
ExecutionTime = 1008.509 s  ClockTime = 1009 s

Time = 680s

smoothSolver:  Solving for Ux, Initial residual = 0.00046769985, Final residual = 6.7557638e-06, No Iterations 3
smoothSolver:  Solving for Uy, Initial residual = 0.0046744127, Final residual = 7.2490507e-05, No Iterations 3
smoothSolver:  Solving for Uz, Initial residual = 0.0046968098, Final residual = 6.7301873e-05, No Iterations 3
GAMG:  Solving for p, Initial residual = 0.0053020257, Final residual = 3.2307793e-05, No Iterations 3
GAMG:  Solving for p, Initial residual = 0.000121815, Final residual = 5.4610811e-07, No Iterations 4
time step continuity errors : sum local = 5.6937664e-06, global = -4.1577803e-07, cumulative = -0.00027867368
smoothSolver:  Solving for omega, Initial residual = 0.00034377833, Final residual = 3.1094745e-06, No Iterations 2
smoothSolver:  Solving for k, Initial residual = 0.001171996, Final residual = 1.1886727e-05, No Iterations 2
bounding k, min: 1.4543378e-16 max: 0.3898151 average: 0.05850231
ExecutionTime = 1010.1885 s  ClockTime = 1011 s

Time = 681s

smoothSolver:  Solving for Ux, Initial residual = 0.00046192486, Final residual = 6.6657104e-06, No Iterations 3
smoothSolver:  Solving for Uy, Initial residual = 0.0046473911, Final residual = 7.2104476e-05, No Iterations 3
smoothSolver:  Solving for Uz, Initial residual = 0.0046071476, Final residual = 6.6092191e-05, No Iterations 3
GAMG:  Solving for p, Initial residual = 0.0052693534, Final residual = 3.2392784e-05, No Iterations 3
GAMG:  Solving for p, Initial residual = 0.00012141474, Final residual = 5.8697309e-07, No Iterations 4
time step continuity errors : sum local = 6.1163465e-06, global = -5.8350099e-07, cumulative = -0.00027925718
smoothSolver:  Solving for omega, Initial residual = 0.00034520808, Final residual = 3.0838739e-06, No Iterations 2
smoothSolver:  Solving for k, Initial residual = 0.0011660347, Final residual = 1.1816674e-05, No Iterations 2
bounding k, min: 1.5329444e-16 max: 0.39091941 average: 0.058494515
ExecutionTime = 1011.4981 s  ClockTime = 1012 s

Time = 682s

smoothSolver:  Solving for Ux, Initial residual = 0.00045656339, Final residual = 6.580148e-06, No Iterations 3
smoothSolver:  Solving for Uy, Initial residual = 0.0046224968, Final residual = 7.1732544e-05, No Iterations 3
smoothSolver:  Solving for Uz, Initial residual = 0.0045250824, Final residual = 6.4877777e-05, No Iterations 3
GAMG:  Solving for p, Initial residual = 0.0052266055, Final residual = 3.2019411e-05, No Iterations 3
GAMG:  Solving for p, Initial residual = 0.00011938386, Final residual = 5.4523288e-07, No Iterations 4
time step continuity errors : sum local = 5.6790107e-06, global = -6.8871457e-08, cumulative = -0.00027932605
smoothSolver:  Solving for omega, Initial residual = 0.00034479636, Final residual = 3.1403837e-06, No Iterations 2
smoothSolver:  Solving for k, Initial residual = 0.0011584399, Final residual = 1.1718069e-05, No Iterations 2
bounding k, min: 1.6367674e-16 max: 0.39202075 average: 0.058486083
ExecutionTime = 1012.8917 s  ClockTime = 1014 s

Time = 683s

smoothSolver:  Solving for Ux, Initial residual = 0.00045089721, Final residual = 6.4956536e-06, No Iterations 3
smoothSolver:  Solving for Uy, Initial residual = 0.0045986736, Final residual = 7.1404658e-05, No Iterations 3
smoothSolver:  Solving for Uz, Initial residual = 0.0044382028, Final residual = 6.3807177e-05, No Iterations 3
GAMG:  Solving for p, Initial residual = 0.0051754287, Final residual = 3.2038323e-05, No Iterations 3
GAMG:  Solving for p, Initial residual = 0.00011898506, Final residual = 5.6288154e-07, No Iterations 4
time step continuity errors : sum local = 5.8599269e-06, global = 1.8273292e-08, cumulative = -0.00027930777
smoothSolver:  Solving for omega, Initial residual = 0.00034505167, Final residual = 3.0915245e-06, No Iterations 2
smoothSolver:  Solving for k, Initial residual = 0.0011524304, Final residual = 1.1638643e-05, No Iterations 2
bounding k, min: 1.7691189e-16 max: 0.39310151 average: 0.058477898
ExecutionTime = 1014.6283 s  ClockTime = 1015 s

Time = 684s

smoothSolver:  Solving for Ux, Initial residual = 0.00044572661, Final residual = 6.4152847e-06, No Iterations 3
smoothSolver:  Solving for Uy, Initial residual = 0.0045764709, Final residual = 7.1073687e-05, No Iterations 3
smoothSolver:  Solving for Uz, Initial residual = 0.0043583617, Final residual = 6.2733157e-05, No Iterations 3
GAMG:  Solving for p, Initial residual = 0.0051186789, Final residual = 3.1649933e-05, No Iterations 3
GAMG:  Solving for p, Initial residual = 0.00011720223, Final residual = 5.8378619e-07, No Iterations 4
time step continuity errors : sum local = 6.0748587e-06, global = 2.6347872e-07, cumulative = -0.0002790443
smoothSolver:  Solving for omega, Initial residual = 0.00034339477, Final residual = 3.1005618e-06, No Iterations 2
smoothSolver:  Solving for k, Initial residual = 0.0011441277, Final residual = 1.1536338e-05, No Iterations 2
bounding k, min: 1.8049463e-16 max: 0.39417447 average: 0.05846941
ExecutionTime = 1016.4958 s  ClockTime = 1017 s

Time = 685s

smoothSolver:  Solving for Ux, Initial residual = 0.00044039641, Final residual = 6.3365613e-06, No Iterations 3
smoothSolver:  Solving for Uy, Initial residual = 0.0045532219, Final residual = 7.0774673e-05, No Iterations 3
smoothSolver:  Solving for Uz, Initial residual = 0.0042802051, Final residual = 6.1771266e-05, No Iterations 3
GAMG:  Solving for p, Initial residual = 0.0050789843, Final residual = 3.1646909e-05, No Iterations 3
GAMG:  Solving for p, Initial residual = 0.00011705379, Final residual = 6.3452321e-07, No Iterations 4
time step continuity errors : sum local = 6.5994369e-06, global = 4.6769711e-07, cumulative = -0.0002785766
smoothSolver:  Solving for omega, Initial residual = 0.00034374079, Final residual = 3.0783176e-06, No Iterations 2
smoothSolver:  Solving for k, Initial residual = 0.0011357428, Final residual = 1.1414071e-05, No Iterations 2
bounding k, min: 1.8088247e-16 max: 0.39522147 average: 0.058461372
ExecutionTime = 1018.1647 s  ClockTime = 1019 s

Time = 686s

smoothSolver:  Solving for Ux, Initial residual = 0.00043552458, Final residual = 6.2626213e-06, No Iterations 3
smoothSolver:  Solving for Uy, Initial residual = 0.0045299585, Final residual = 7.0460893e-05, No Iterations 3
smoothSolver:  Solving for Uz, Initial residual = 0.0042079098, Final residual = 6.0863032e-05, No Iterations 3
GAMG:  Solving for p, Initial residual = 0.0050371764, Final residual = 3.1193845e-05, No Iterations 3
GAMG:  Solving for p, Initial residual = 0.00011569844, Final residual = 6.5816536e-07, No Iterations 4
time step continuity errors : sum local = 6.8419193e-06, global = 6.4804662e-07, cumulative = -0.00027792855
smoothSolver:  Solving for omega, Initial residual = 0.00034149958, Final residual = 3.031284e-06, No Iterations 2
smoothSolver:  Solving for k, Initial residual = 0.0011255122, Final residual = 1.1311844e-05, No Iterations 2
bounding k, min: 1.8127395e-16 max: 0.39625565 average: 0.058453094
ExecutionTime = 1019.5025 s  ClockTime = 1020 s

Time = 687s

smoothSolver:  Solving for Ux, Initial residual = 0.00043058778, Final residual = 6.1910668e-06, No Iterations 3
smoothSolver:  Solving for Uy, Initial residual = 0.0045062532, Final residual = 7.0138099e-05, No Iterations 3
smoothSolver:  Solving for Uz, Initial residual = 0.004137574, Final residual = 6.0020622e-05, No Iterations 3
GAMG:  Solving for p, Initial residual = 0.0049939635, Final residual = 3.1044711e-05, No Iterations 3
GAMG:  Solving for p, Initial residual = 0.00011533692, Final residual = 7.0729745e-07, No Iterations 4
time step continuity errors : sum local = 7.3494809e-06, global = 7.8747645e-07, cumulative = -0.00027714108
smoothSolver:  Solving for omega, Initial residual = 0.00034199043, Final residual = 3.0437733e-06, No Iterations 2
smoothSolver:  Solving for k, Initial residual = 0.0011176449, Final residual = 1.1218613e-05, No Iterations 2
bounding k, min: 1.8168224e-16 max: 0.39726177 average: 0.058445274
ExecutionTime = 1020.956 s  ClockTime = 1022 s

Time = 688s

smoothSolver:  Solving for Ux, Initial residual = 0.00042618809, Final residual = 6.1239473e-06, No Iterations 3
smoothSolver:  Solving for Uy, Initial residual = 0.0044841751, Final residual = 6.9811408e-05, No Iterations 3
smoothSolver:  Solving for Uz, Initial residual = 0.0040737937, Final residual = 5.9208333e-05, No Iterations 3
GAMG:  Solving for p, Initial residual = 0.0049473095, Final residual = 3.0377711e-05, No Iterations 3
GAMG:  Solving for p, Initial residual = 0.00011350496, Final residual = 7.0222504e-07, No Iterations 4
time step continuity errors : sum local = 7.2938971e-06, global = 8.6794134e-07, cumulative = -0.00027627313
smoothSolver:  Solving for omega, Initial residual = 0.00034308759, Final residual = 3.1588293e-06, No Iterations 2
smoothSolver:  Solving for k, Initial residual = 0.0011086454, Final residual = 1.1127761e-05, No Iterations 2
bounding k, min: 1.8214246e-16 max: 0.39825488 average: 0.058437144
ExecutionTime = 1022.3751 s  ClockTime = 1023 s

Time = 689s

smoothSolver:  Solving for Ux, Initial residual = 0.00042173618, Final residual = 6.0605212e-06, No Iterations 3
smoothSolver:  Solving for Uy, Initial residual = 0.004459366, Final residual = 6.9466386e-05, No Iterations 3
smoothSolver:  Solving for Uz, Initial residual = 0.0040110802, Final residual = 5.8452618e-05, No Iterations 3
GAMG:  Solving for p, Initial residual = 0.004895106, Final residual = 3.0383389e-05, No Iterations 3
GAMG:  Solving for p, Initial residual = 0.00011323779, Final residual = 7.3213695e-07, No Iterations 4
time step continuity errors : sum local = 7.6012787e-06, global = 9.3261409e-07, cumulative = -0.00027534052
smoothSolver:  Solving for omega, Initial residual = 0.00034297978, Final residual = 3.0809188e-06, No Iterations 2
smoothSolver:  Solving for k, Initial residual = 0.0011051479, Final residual = 1.1128863e-05, No Iterations 2
bounding k, min: 1.8270945e-16 max: 0.39922084 average: 0.058428902
ExecutionTime = 1023.9681 s  ClockTime = 1025 s

Time = 690s

smoothSolver:  Solving for Ux, Initial residual = 0.00041779003, Final residual = 6.0025129e-06, No Iterations 3
smoothSolver:  Solving for Uy, Initial residual = 0.0044356047, Final residual = 6.9087769e-05, No Iterations 3
smoothSolver:  Solving for Uz, Initial residual = 0.0039565613, Final residual = 5.7793847e-05, No Iterations 3
GAMG:  Solving for p, Initial residual = 0.0048376919, Final residual = 2.9856257e-05, No Iterations 3
GAMG:  Solving for p, Initial residual = 0.00011154589, Final residual = 7.1056645e-07, No Iterations 4
time step continuity errors : sum local = 7.3754334e-06, global = 8.9922007e-07, cumulative = -0.0002744413
smoothSolver:  Solving for omega, Initial residual = 0.00034068978, Final residual = 3.0438538e-06, No Iterations 2
smoothSolver:  Solving for k, Initial residual = 0.001096887, Final residual = 1.0990331e-05, No Iterations 2
bounding k, min: 1.8349309e-16 max: 0.40017768 average: 0.058420541
ExecutionTime = 1025.1637 s  ClockTime = 1026 s

Time = 691s

smoothSolver:  Solving for Ux, Initial residual = 0.0004138619, Final residual = 5.9502101e-06, No Iterations 3
smoothSolver:  Solving for Uy, Initial residual = 0.0044073042, Final residual = 6.8713077e-05, No Iterations 3
smoothSolver:  Solving for Uz, Initial residual = 0.0039025722, Final residual = 5.7176046e-05, No Iterations 3
GAMG:  Solving for p, Initial residual = 0.0047775902, Final residual = 2.9800139e-05, No Iterations 3
GAMG:  Solving for p, Initial residual = 0.00011131033, Final residual = 7.3026247e-07, No Iterations 4
time step continuity errors : sum local = 7.5773253e-06, global = 9.3106292e-07, cumulative = -0.00027351024
smoothSolver:  Solving for omega, Initial residual = 0.00034127222, Final residual = 3.0481013e-06, No Iterations 2
smoothSolver:  Solving for k, Initial residual = 0.0010873722, Final residual = 1.0898559e-05, No Iterations 2
bounding k, min: 1.8449817e-16 max: 0.40110392 average: 0.058413091
ExecutionTime = 1026.5963 s  ClockTime = 1027 s

Time = 692s

smoothSolver:  Solving for Ux, Initial residual = 0.00041056755, Final residual = 5.9050036e-06, No Iterations 3
smoothSolver:  Solving for Uy, Initial residual = 0.0043788338, Final residual = 6.8306543e-05, No Iterations 3
smoothSolver:  Solving for Uz, Initial residual = 0.0038572779, Final residual = 5.6621271e-05, No Iterations 3
GAMG:  Solving for p, Initial residual = 0.0047153083, Final residual = 2.9165386e-05, No Iterations 3
GAMG:  Solving for p, Initial residual = 0.00010926789, Final residual = 7.1827972e-07, No Iterations 4
time step continuity errors : sum local = 7.4501282e-06, global = 9.3918061e-07, cumulative = -0.00027257106
smoothSolver:  Solving for omega, Initial residual = 0.00034081233, Final residual = 3.0757727e-06, No Iterations 2
smoothSolver:  Solving for k, Initial residual = 0.001080574, Final residual = 1.0885735e-05, No Iterations 2
bounding k, min: 1.8576292e-16 max: 0.4020125 average: 0.058405033
ExecutionTime = 1027.8809 s  ClockTime = 1029 s

Time = 693s

smoothSolver:  Solving for Ux, Initial residual = 0.00040742186, Final residual = 5.8649193e-06, No Iterations 3
smoothSolver:  Solving for Uy, Initial residual = 0.0043518117, Final residual = 6.7899718e-05, No Iterations 3
smoothSolver:  Solving for Uz, Initial residual = 0.003819439, Final residual = 5.6131046e-05, No Iterations 3
GAMG:  Solving for p, Initial residual = 0.004661643, Final residual = 2.8908864e-05, No Iterations 3
GAMG:  Solving for p, Initial residual = 0.00010847894, Final residual = 7.1838809e-07, No Iterations 4
time step continuity errors : sum local = 7.4484409e-06, global = 9.310499e-07, cumulative = -0.00027164001
smoothSolver:  Solving for omega, Initial residual = 0.00034213159, Final residual = 3.0451075e-06, No Iterations 2
smoothSolver:  Solving for k, Initial residual = 0.0010764394, Final residual = 1.0799941e-05, No Iterations 2
bounding k, min: 1.8749471e-16 max: 0.40287957 average: 0.058397257
ExecutionTime = 1029.1599 s  ClockTime = 1030 s

Time = 694s

smoothSolver:  Solving for Ux, Initial residual = 0.00040499457, Final residual = 5.8324002e-06, No Iterations 3
smoothSolver:  Solving for Uy, Initial residual = 0.0043285048, Final residual = 6.7488783e-05, No Iterations 3
smoothSolver:  Solving for Uz, Initial residual = 0.0037874698, Final residual = 5.5718019e-05, No Iterations 3
GAMG:  Solving for p, Initial residual = 0.0046131126, Final residual = 2.8234197e-05, No Iterations 3
GAMG:  Solving for p, Initial residual = 0.00010638578, Final residual = 6.996172e-07, No Iterations 4
time step continuity errors : sum local = 7.2507191e-06, global = 8.9714663e-07, cumulative = -0.00027074286
smoothSolver:  Solving for omega, Initial residual = 0.00034099406, Final residual = 3.0862297e-06, No Iterations 2
smoothSolver:  Solving for k, Initial residual = 0.0010657308, Final residual = 1.0703854e-05, No Iterations 2
bounding k, min: 1.8991593e-16 max: 0.40371863 average: 0.058389354
ExecutionTime = 1030.4007 s  ClockTime = 1031 s

Time = 695s

smoothSolver:  Solving for Ux, Initial residual = 0.00040269173, Final residual = 5.8067501e-06, No Iterations 3
smoothSolver:  Solving for Uy, Initial residual = 0.0043007657, Final residual = 6.7002359e-05, No Iterations 3
smoothSolver:  Solving for Uz, Initial residual = 0.0037592848, Final residual = 5.5362396e-05, No Iterations 3
GAMG:  Solving for p, Initial residual = 0.0045645594, Final residual = 2.7704918e-05, No Iterations 3
GAMG:  Solving for p, Initial residual = 0.00010513473, Final residual = 6.9792424e-07, No Iterations 4
time step continuity errors : sum local = 7.2304987e-06, global = 9.5956109e-07, cumulative = -0.0002697833
smoothSolver:  Solving for omega, Initial residual = 0.00034074428, Final residual = 3.052472e-06, No Iterations 2
smoothSolver:  Solving for k, Initial residual = 0.0010600328, Final residual = 1.0679621e-05, No Iterations 2
bounding k, min: 1.9310234e-16 max: 0.404513 average: 0.058381676
ExecutionTime = 1031.572 s  ClockTime = 1032 s

Time = 696s

smoothSolver:  Solving for Ux, Initial residual = 0.00040106432, Final residual = 5.787525e-06, No Iterations 3
smoothSolver:  Solving for Uy, Initial residual = 0.0042791316, Final residual = 6.6512241e-05, No Iterations 3
smoothSolver:  Solving for Uz, Initial residual = 0.0037399432, Final residual = 5.5076751e-05, No Iterations 3
GAMG:  Solving for p, Initial residual = 0.0045333348, Final residual = 2.7013718e-05, No Iterations 3
GAMG:  Solving for p, Initial residual = 0.00010313947, Final residual = 6.7581715e-07, No Iterations 4
time step continuity errors : sum local = 6.9985886e-06, global = 8.9033274e-07, cumulative = -0.00026889297
smoothSolver:  Solving for omega, Initial residual = 0.00033951157, Final residual = 3.0848745e-06, No Iterations 2
smoothSolver:  Solving for k, Initial residual = 0.0010533069, Final residual = 1.0633747e-05, No Iterations 2
bounding k, min: 1.915142e-16 max: 0.4052887 average: 0.058373705
ExecutionTime = 1032.7557 s  ClockTime = 1033 s

Time = 697s

smoothSolver:  Solving for Ux, Initial residual = 0.00039956098, Final residual = 5.7737004e-06, No Iterations 3
smoothSolver:  Solving for Uy, Initial residual = 0.0042567744, Final residual = 6.6039344e-05, No Iterations 3
smoothSolver:  Solving for Uz, Initial residual = 0.0037206831, Final residual = 5.4801475e-05, No Iterations 3
GAMG:  Solving for p, Initial residual = 0.0045104548, Final residual = 2.6413526e-05, No Iterations 3
GAMG:  Solving for p, Initial residual = 0.00010188056, Final residual = 6.5963669e-07, No Iterations 4
time step continuity errors : sum local = 6.8290086e-06, global = 9.0094475e-07, cumulative = -0.00026799202
smoothSolver:  Solving for omega, Initial residual = 0.00033903361, Final residual = 3.027527e-06, No Iterations 2
smoothSolver:  Solving for k, Initial residual = 0.0010452194, Final residual = 1.0568969e-05, No Iterations 2
bounding k, min: 1.8582668e-16 max: 0.40601431 average: 0.058366294
ExecutionTime = 1033.9974 s  ClockTime = 1035 s

Time = 698s

smoothSolver:  Solving for Ux, Initial residual = 0.00039853164, Final residual = 5.7660781e-06, No Iterations 3
smoothSolver:  Solving for Uy, Initial residual = 0.0042376337, Final residual = 6.5592825e-05, No Iterations 3
smoothSolver:  Solving for Uz, Initial residual = 0.003708682, Final residual = 5.4534327e-05, No Iterations 3
GAMG:  Solving for p, Initial residual = 0.0044939289, Final residual = 2.5759944e-05, No Iterations 3
GAMG:  Solving for p, Initial residual = 9.9902533e-05, Final residual = 6.4841682e-07, No Iterations 4
time step continuity errors : sum local = 6.7103349e-06, global = 9.0156396e-07, cumulative = -0.00026709046
smoothSolver:  Solving for omega, Initial residual = 0.00033686386, Final residual = 3.0058328e-06, No Iterations 2
smoothSolver:  Solving for k, Initial residual = 0.0010392863, Final residual = 1.0564777e-05, No Iterations 2
bounding k, min: 1.8046524e-16 max: 0.40671177 average: 0.058358403
ExecutionTime = 1035.205 s  ClockTime = 1036 s

Time = 699s

smoothSolver:  Solving for Ux, Initial residual = 0.00039752218, Final residual = 5.7622646e-06, No Iterations 3
smoothSolver:  Solving for Uy, Initial residual = 0.0042171936, Final residual = 6.5090073e-05, No Iterations 3
smoothSolver:  Solving for Uz, Initial residual = 0.0036919052, Final residual = 5.4317532e-05, No Iterations 3
GAMG:  Solving for p, Initial residual = 0.0044737043, Final residual = 2.5238218e-05, No Iterations 3
GAMG:  Solving for p, Initial residual = 9.8942714e-05, Final residual = 6.1833754e-07, No Iterations 4
time step continuity errors : sum local = 6.3979672e-06, global = 8.6425557e-07, cumulative = -0.0002662262
smoothSolver:  Solving for omega, Initial residual = 0.00033954465, Final residual = 3.0033892e-06, No Iterations 2
smoothSolver:  Solving for k, Initial residual = 0.0010327082, Final residual = 1.0494297e-05, No Iterations 2
bounding k, min: 1.7538692e-16 max: 0.40735992 average: 0.058350961
ExecutionTime = 1036.5349 s  ClockTime = 1037 s

Time = 700s

smoothSolver:  Solving for Ux, Initial residual = 0.00039696598, Final residual = 5.7638906e-06, No Iterations 3
smoothSolver:  Solving for Uy, Initial residual = 0.0041983277, Final residual = 6.4686125e-05, No Iterations 3
smoothSolver:  Solving for Uz, Initial residual = 0.003679871, Final residual = 5.4076572e-05, No Iterations 3
GAMG:  Solving for p, Initial residual = 0.0044544134, Final residual = 2.4581917e-05, No Iterations 3
GAMG:  Solving for p, Initial residual = 9.7397595e-05, Final residual = 6.038761e-07, No Iterations 4
time step continuity errors : sum local = 6.24648e-06, global = 8.3431188e-07, cumulative = -0.00026539189
smoothSolver:  Solving for omega, Initial residual = 0.00033976589, Final residual = 3.1092749e-06, No Iterations 2
smoothSolver:  Solving for k, Initial residual = 0.0010285786, Final residual = 1.0479895e-05, No Iterations 2
bounding k, min: 1.7049446e-16 max: 0.40798033 average: 0.058342492
ExecutionTime = 1038.5202 s  ClockTime = 1039 s

Time = 701s

smoothSolver:  Solving for Ux, Initial residual = 0.00039643712, Final residual = 5.7673375e-06, No Iterations 3
smoothSolver:  Solving for Uy, Initial residual = 0.0041839988, Final residual = 6.4293227e-05, No Iterations 3
smoothSolver:  Solving for Uz, Initial residual = 0.0036684461, Final residual = 5.385694e-05, No Iterations 3
GAMG:  Solving for p, Initial residual = 0.0044314815, Final residual = 2.4216537e-05, No Iterations 3
GAMG:  Solving for p, Initial residual = 9.6843028e-05, Final residual = 6.0042164e-07, No Iterations 4
time step continuity errors : sum local = 6.2106128e-06, global = 8.8214181e-07, cumulative = -0.00026450975
smoothSolver:  Solving for omega, Initial residual = 0.00033779265, Final residual = 3.0057912e-06, No Iterations 2
smoothSolver:  Solving for k, Initial residual = 0.0010242698, Final residual = 1.0452706e-05, No Iterations 2
bounding k, min: 1.6614252e-16 max: 0.40855239 average: 0.058334776
ExecutionTime = 1040.2275 s  ClockTime = 1041 s

Time = 702s

smoothSolver:  Solving for Ux, Initial residual = 0.00039615697, Final residual = 5.7753943e-06, No Iterations 3
smoothSolver:  Solving for Uy, Initial residual = 0.0041697606, Final residual = 6.3959705e-05, No Iterations 3
smoothSolver:  Solving for Uz, Initial residual = 0.0036578719, Final residual = 5.3611087e-05, No Iterations 3
GAMG:  Solving for p, Initial residual = 0.0044160952, Final residual = 2.3956539e-05, No Iterations 3
GAMG:  Solving for p, Initial residual = 9.5824544e-05, Final residual = 6.0002111e-07, No Iterations 4
time step continuity errors : sum local = 6.205206e-06, global = 8.5101968e-07, cumulative = -0.00026365873
smoothSolver:  Solving for omega, Initial residual = 0.00033567867, Final residual = 3.0141617e-06, No Iterations 2
smoothSolver:  Solving for k, Initial residual = 0.0010172687, Final residual = 1.0393631e-05, No Iterations 2
bounding k, min: 1.621619e-16 max: 0.40910513 average: 0.058326687
ExecutionTime = 1041.9884 s  ClockTime = 1043 s

Time = 703s

smoothSolver:  Solving for Ux, Initial residual = 0.00039588829, Final residual = 5.7843746e-06, No Iterations 3
smoothSolver:  Solving for Uy, Initial residual = 0.0041544084, Final residual = 6.3614236e-05, No Iterations 3
smoothSolver:  Solving for Uz, Initial residual = 0.003644423, Final residual = 5.3417816e-05, No Iterations 3
GAMG:  Solving for p, Initial residual = 0.0043967879, Final residual = 2.3903301e-05, No Iterations 3
GAMG:  Solving for p, Initial residual = 9.5229832e-05, Final residual = 6.0822508e-07, No Iterations 4
time step continuity errors : sum local = 6.2894152e-06, global = 8.6995451e-07, cumulative = -0.00026278877
smoothSolver:  Solving for omega, Initial residual = 0.00033731009, Final residual = 3.0151015e-06, No Iterations 2
smoothSolver:  Solving for k, Initial residual = 0.0010138052, Final residual = 1.0399276e-05, No Iterations 2
bounding k, min: 1.5859468e-16 max: 0.40960959 average: 0.058318559
ExecutionTime = 1043.4483 s  ClockTime = 1044 s

Time = 704s

smoothSolver:  Solving for Ux, Initial residual = 0.00039575584, Final residual = 5.7965885e-06, No Iterations 3
smoothSolver:  Solving for Uy, Initial residual = 0.0041431309, Final residual = 6.3322471e-05, No Iterations 3
smoothSolver:  Solving for Uz, Initial residual = 0.0036315522, Final residual = 5.318999e-05, No Iterations 3
GAMG:  Solving for p, Initial residual = 0.0043843498, Final residual = 2.4015503e-05, No Iterations 3
GAMG:  Solving for p, Initial residual = 9.458337e-05, Final residual = 6.1718898e-07, No Iterations 4
time step continuity errors : sum local = 6.3819483e-06, global = 7.9090258e-07, cumulative = -0.00026199787
smoothSolver:  Solving for omega, Initial residual = 0.00033740624, Final residual = 3.0571941e-06, No Iterations 2
smoothSolver:  Solving for k, Initial residual = 0.0010082799, Final residual = 1.0347405e-05, No Iterations 2
bounding k, min: 1.5543287e-16 max: 0.41008921 average: 0.058310124
ExecutionTime = 1044.716 s  ClockTime = 1045 s

Time = 705s

smoothSolver:  Solving for Ux, Initial residual = 0.00039566335, Final residual = 5.8081159e-06, No Iterations 3
smoothSolver:  Solving for Uy, Initial residual = 0.0041276226, Final residual = 6.2998115e-05, No Iterations 3
smoothSolver:  Solving for Uz, Initial residual = 0.0036175829, Final residual = 5.2961449e-05, No Iterations 3
GAMG:  Solving for p, Initial residual = 0.0043699783, Final residual = 2.4186034e-05, No Iterations 3
GAMG:  Solving for p, Initial residual = 9.4187708e-05, Final residual = 6.2275734e-07, No Iterations 4
time step continuity errors : sum local = 6.4390307e-06, global = 6.6257039e-07, cumulative = -0.0002613353
smoothSolver:  Solving for omega, Initial residual = 0.00034019571, Final residual = 3.0494482e-06, No Iterations 2
smoothSolver:  Solving for k, Initial residual = 0.0010029971, Final residual = 1.0332424e-05, No Iterations 2
bounding k, min: 1.5268242e-16 max: 0.41051976 average: 0.05830222
ExecutionTime = 1045.9047 s  ClockTime = 1047 s

Time = 706s

smoothSolver:  Solving for Ux, Initial residual = 0.00039565262, Final residual = 5.8215386e-06, No Iterations 3
smoothSolver:  Solving for Uy, Initial residual = 0.0041122257, Final residual = 6.2672005e-05, No Iterations 3
smoothSolver:  Solving for Uz, Initial residual = 0.0036042302, Final residual = 5.2739323e-05, No Iterations 3
GAMG:  Solving for p, Initial residual = 0.004349526, Final residual = 2.4490971e-05, No Iterations 3
GAMG:  Solving for p, Initial residual = 9.4105271e-05, Final residual = 6.3535289e-07, No Iterations 4
time step continuity errors : sum local = 6.5687311e-06, global = 5.2666599e-07, cumulative = -0.00026080864
smoothSolver:  Solving for omega, Initial residual = 0.00033808619, Final residual = 3.0693023e-06, No Iterations 2
smoothSolver:  Solving for k, Initial residual = 0.0010013853, Final residual = 1.0349739e-05, No Iterations 2
bounding k, min: 1.5035618e-16 max: 0.41092517 average: 0.058293388
ExecutionTime = 1047.085 s  ClockTime = 1048 s

Time = 707s

smoothSolver:  Solving for Ux, Initial residual = 0.00039567719, Final residual = 5.8315229e-06, No Iterations 3
smoothSolver:  Solving for Uy, Initial residual = 0.0040988597, Final residual = 6.2393584e-05, No Iterations 3
smoothSolver:  Solving for Uz, Initial residual = 0.0035920684, Final residual = 5.254077e-05, No Iterations 3
GAMG:  Solving for p, Initial residual = 0.0043331198, Final residual = 2.4692151e-05, No Iterations 3
GAMG:  Solving for p, Initial residual = 9.4101366e-05, Final residual = 6.4300974e-07, No Iterations 4
time step continuity errors : sum local = 6.647914e-06, global = 4.6677553e-07, cumulative = -0.00026034186
smoothSolver:  Solving for omega, Initial residual = 0.00033632209, Final residual = 2.9808891e-06, No Iterations 2
smoothSolver:  Solving for k, Initial residual = 0.00099722363, Final residual = 1.0299126e-05, No Iterations 2
bounding k, min: 1.4846507e-16 max: 0.4112801 average: 0.058284867
ExecutionTime = 1048.631 s  ClockTime = 1049 s

Time = 708s

smoothSolver:  Solving for Ux, Initial residual = 0.00039564146, Final residual = 5.8415794e-06, No Iterations 3
smoothSolver:  Solving for Uy, Initial residual = 0.0040854959, Final residual = 6.2078211e-05, No Iterations 3
smoothSolver:  Solving for Uz, Initial residual = 0.0035793355, Final residual = 5.2308093e-05, No Iterations 3
GAMG:  Solving for p, Initial residual = 0.0043238856, Final residual = 2.4976754e-05, No Iterations 3
GAMG:  Solving for p, Initial residual = 9.4470415e-05, Final residual = 6.6510945e-07, No Iterations 4
time step continuity errors : sum local = 6.8753302e-06, global = 3.9671166e-07, cumulative = -0.00025994515
smoothSolver:  Solving for omega, Initial residual = 0.00033540674, Final residual = 3.0411524e-06, No Iterations 2
smoothSolver:  Solving for k, Initial residual = 0.0010000203, Final residual = 1.0377718e-05, No Iterations 2
bounding k, min: 1.4693256e-16 max: 0.41160984 average: 0.058275592
ExecutionTime = 1050.4505 s  ClockTime = 1051 s

Time = 709s

smoothSolver:  Solving for Ux, Initial residual = 0.00039560523, Final residual = 5.8465754e-06, No Iterations 3
smoothSolver:  Solving for Uy, Initial residual = 0.0040771836, Final residual = 6.1806949e-05, No Iterations 3
smoothSolver:  Solving for Uz, Initial residual = 0.0035702306, Final residual = 5.2080611e-05, No Iterations 3
GAMG:  Solving for p, Initial residual = 0.0043290143, Final residual = 2.510106e-05, No Iterations 3
GAMG:  Solving for p, Initial residual = 9.4133947e-05, Final residual = 6.7691847e-07, No Iterations 4
time step continuity errors : sum local = 6.9966641e-06, global = 4.9843465e-07, cumulative = -0.00025944671
smoothSolver:  Solving for omega, Initial residual = 0.00033717047, Final residual = 3.0162934e-06, No Iterations 2
smoothSolver:  Solving for k, Initial residual = 0.00099405795, Final residual = 1.0288833e-05, No Iterations 2
bounding k, min: 1.4596982e-16 max: 0.41188846 average: 0.058267066
ExecutionTime = 1052.0276 s  ClockTime = 1053 s

Time = 710s

smoothSolver:  Solving for Ux, Initial residual = 0.00039538226, Final residual = 5.8516522e-06, No Iterations 3
smoothSolver:  Solving for Uy, Initial residual = 0.004063573, Final residual = 6.1486065e-05, No Iterations 3
smoothSolver:  Solving for Uz, Initial residual = 0.0035574598, Final residual = 5.182698e-05, No Iterations 3
GAMG:  Solving for p, Initial residual = 0.004316047, Final residual = 2.5270961e-05, No Iterations 3
GAMG:  Solving for p, Initial residual = 9.400343e-05, Final residual = 6.9376494e-07, No Iterations 4
time step continuity errors : sum local = 7.1688674e-06, global = 5.894651e-07, cumulative = -0.00025885725
smoothSolver:  Solving for omega, Initial residual = 0.00033385262, Final residual = 2.9679473e-06, No Iterations 2
smoothSolver:  Solving for k, Initial residual = 0.00098893586, Final residual = 1.025837e-05, No Iterations 2
bounding k, min: 1.4544815e-16 max: 0.41214393 average: 0.058257797
ExecutionTime = 1053.4781 s  ClockTime = 1054 s

Time = 711s

smoothSolver:  Solving for Ux, Initial residual = 0.00039513248, Final residual = 5.8505787e-06, No Iterations 3
smoothSolver:  Solving for Uy, Initial residual = 0.0040519808, Final residual = 6.1196538e-05, No Iterations 3
smoothSolver:  Solving for Uz, Initial residual = 0.0035448082, Final residual = 5.1555822e-05, No Iterations 3
GAMG:  Solving for p, Initial residual = 0.0043022763, Final residual = 2.5262578e-05, No Iterations 3
GAMG:  Solving for p, Initial residual = 9.3526464e-05, Final residual = 6.8608653e-07, No Iterations 4
time step continuity errors : sum local = 7.0879854e-06, global = 7.6077202e-07, cumulative = -0.00025809648
smoothSolver:  Solving for omega, Initial residual = 0.0003349574, Final residual = 2.9977778e-06, No Iterations 2
smoothSolver:  Solving for k, Initial residual = 0.00098488728, Final residual = 1.0236265e-05, No Iterations 2
bounding k, min: 1.4535344e-16 max: 0.41235969 average: 0.058248866
ExecutionTime = 1054.663 s  ClockTime = 1055 s

Time = 712s

smoothSolver:  Solving for Ux, Initial residual = 0.00039468379, Final residual = 5.8488221e-06, No Iterations 3
smoothSolver:  Solving for Uy, Initial residual = 0.0040407951, Final residual = 6.0884949e-05, No Iterations 3
smoothSolver:  Solving for Uz, Initial residual = 0.003534087, Final residual = 5.1292195e-05, No Iterations 3
GAMG:  Solving for p, Initial residual = 0.0042896726, Final residual = 2.5414154e-05, No Iterations 3
GAMG:  Solving for p, Initial residual = 9.3881681e-05, Final residual = 6.8196202e-07, No Iterations 4
time step continuity errors : sum local = 7.0427527e-06, global = 8.6435737e-07, cumulative = -0.00025723212
smoothSolver:  Solving for omega, Initial residual = 0.00033418202, Final residual = 3.053057e-06, No Iterations 2
smoothSolver:  Solving for k, Initial residual = 0.00098310205, Final residual = 1.0230886e-05, No Iterations 2
bounding k, min: 1.4566366e-16 max: 0.41255739 average: 0.058239326
ExecutionTime = 1055.8986 s  ClockTime = 1057 s

Time = 713s

smoothSolver:  Solving for Ux, Initial residual = 0.00039426098, Final residual = 5.8414647e-06, No Iterations 3
smoothSolver:  Solving for Uy, Initial residual = 0.00403092, Final residual = 6.0602672e-05, No Iterations 3
smoothSolver:  Solving for Uz, Initial residual = 0.0035223983, Final residual = 5.1017694e-05, No Iterations 3
GAMG:  Solving for p, Initial residual = 0.0042794327, Final residual = 2.5195328e-05, No Iterations 3
GAMG:  Solving for p, Initial residual = 9.3656098e-05, Final residual = 6.7192776e-07, No Iterations 4
time step continuity errors : sum local = 6.9360311e-06, global = 8.3425759e-07, cumulative = -0.00025639786
smoothSolver:  Solving for omega, Initial residual = 0.00033318001, Final residual = 2.95137e-06, No Iterations 2
smoothSolver:  Solving for k, Initial residual = 0.00098051798, Final residual = 1.0223934e-05, No Iterations 2
bounding k, min: 1.464593e-16 max: 0.4127109 average: 0.058230178
ExecutionTime = 1057.1924 s  ClockTime = 1058 s

Time = 714s

smoothSolver:  Solving for Ux, Initial residual = 0.00039363333, Final residual = 5.8337799e-06, No Iterations 3
smoothSolver:  Solving for Uy, Initial residual = 0.0040226715, Final residual = 6.0301138e-05, No Iterations 3
smoothSolver:  Solving for Uz, Initial residual = 0.0035119201, Final residual = 5.0752909e-05, No Iterations 3
GAMG:  Solving for p, Initial residual = 0.0042643252, Final residual = 2.5187651e-05, No Iterations 3
GAMG:  Solving for p, Initial residual = 9.4122418e-05, Final residual = 6.6873197e-07, No Iterations 4
time step continuity errors : sum local = 6.8992928e-06, global = 7.8904018e-07, cumulative = -0.00025560882
smoothSolver:  Solving for omega, Initial residual = 0.00033343685, Final residual = 3.0084894e-06, No Iterations 2
smoothSolver:  Solving for k, Initial residual = 0.00097869781, Final residual = 1.0208041e-05, No Iterations 2
bounding k, min: 1.4764987e-16 max: 0.41284611 average: 0.05822041
ExecutionTime = 1058.4631 s  ClockTime = 1059 s

Time = 715s

smoothSolver:  Solving for Ux, Initial residual = 0.00039294606, Final residual = 5.8211542e-06, No Iterations 3
smoothSolver:  Solving for Uy, Initial residual = 0.0040146021, Final residual = 6.0038544e-05, No Iterations 3
smoothSolver:  Solving for Uz, Initial residual = 0.003499696, Final residual = 5.0471329e-05, No Iterations 3
GAMG:  Solving for p, Initial residual = 0.0042458917, Final residual = 2.4994007e-05, No Iterations 3
GAMG:  Solving for p, Initial residual = 9.3385157e-05, Final residual = 6.30472e-07, No Iterations 4
time step continuity errors : sum local = 6.5007194e-06, global = 8.3195728e-07, cumulative = -0.00025477686
smoothSolver:  Solving for omega, Initial residual = 0.00033505343, Final residual = 3.0040642e-06, No Iterations 2
smoothSolver:  Solving for k, Initial residual = 0.00097643118, Final residual = 1.0208604e-05, No Iterations 2
bounding k, min: 1.491345e-16 max: 0.41294555 average: 0.058210948
ExecutionTime = 1059.9322 s  ClockTime = 1061 s

Time = 716s

smoothSolver:  Solving for Ux, Initial residual = 0.00039204711, Final residual = 5.8094317e-06, No Iterations 3
smoothSolver:  Solving for Uy, Initial residual = 0.0040084902, Final residual = 5.9813652e-05, No Iterations 3
smoothSolver:  Solving for Uz, Initial residual = 0.0034879678, Final residual = 5.0179708e-05, No Iterations 3
GAMG:  Solving for p, Initial residual = 0.0042183553, Final residual = 2.5028075e-05, No Iterations 3
GAMG:  Solving for p, Initial residual = 9.3157489e-05, Final residual = 6.5857357e-07, No Iterations 4
time step continuity errors : sum local = 6.7870375e-06, global = 6.5809319e-07, cumulative = -0.00025411877
smoothSolver:  Solving for omega, Initial residual = 0.00033437309, Final residual = 3.0393582e-06, No Iterations 2
smoothSolver:  Solving for k, Initial residual = 0.00097588213, Final residual = 1.0200333e-05, No Iterations 2
bounding k, min: 1.5083472e-16 max: 0.41302808 average: 0.058201097
ExecutionTime = 1061.3101 s  ClockTime = 1062 s

Time = 717s

smoothSolver:  Solving for Ux, Initial residual = 0.00039113814, Final residual = 5.7941839e-06, No Iterations 3
smoothSolver:  Solving for Uy, Initial residual = 0.0040009667, Final residual = 5.9590405e-05, No Iterations 3
smoothSolver:  Solving for Uz, Initial residual = 0.0034724108, Final residual = 4.9883794e-05, No Iterations 3
GAMG:  Solving for p, Initial residual = 0.0041834262, Final residual = 2.4871047e-05, No Iterations 3
GAMG:  Solving for p, Initial residual = 9.2254961e-05, Final residual = 6.2451771e-07, No Iterations 4
time step continuity errors : sum local = 6.4319861e-06, global = 6.7105517e-07, cumulative = -0.00025344772
smoothSolver:  Solving for omega, Initial residual = 0.00033446765, Final residual = 2.963525e-06, No Iterations 2
smoothSolver:  Solving for k, Initial residual = 0.00097364828, Final residual = 1.0170523e-05, No Iterations 2
bounding k, min: 1.5268754e-16 max: 0.41306912 average: 0.058191807
ExecutionTime = 1062.6653 s  ClockTime = 1063 s

Time = 718s

smoothSolver:  Solving for Ux, Initial residual = 0.00039005672, Final residual = 5.781416e-06, No Iterations 3
smoothSolver:  Solving for Uy, Initial residual = 0.0039930417, Final residual = 5.9368506e-05, No Iterations 3
smoothSolver:  Solving for Uz, Initial residual = 0.0034576089, Final residual = 4.9595796e-05, No Iterations 3
GAMG:  Solving for p, Initial residual = 0.0041355879, Final residual = 2.4988875e-05, No Iterations 3
GAMG:  Solving for p, Initial residual = 9.2084744e-05, Final residual = 6.2415943e-07, No Iterations 4
time step continuity errors : sum local = 6.4244138e-06, global = 5.7988662e-07, cumulative = -0.00025286783
smoothSolver:  Solving for omega, Initial residual = 0.00033131262, Final residual = 3.0210865e-06, No Iterations 2
smoothSolver:  Solving for k, Initial residual = 0.00097244519, Final residual = 1.0161254e-05, No Iterations 2
bounding k, min: 1.4990644e-16 max: 0.41309931 average: 0.058181836
ExecutionTime = 1063.9125 s  ClockTime = 1065 s

Time = 719s

smoothSolver:  Solving for Ux, Initial residual = 0.00038896529, Final residual = 5.7665035e-06, No Iterations 3
smoothSolver:  Solving for Uy, Initial residual = 0.0039859098, Final residual = 5.9214223e-05, No Iterations 3
smoothSolver:  Solving for Uz, Initial residual = 0.0034400849, Final residual = 4.929223e-05, No Iterations 3
GAMG:  Solving for p, Initial residual = 0.0040823178, Final residual = 2.5065461e-05, No Iterations 3
GAMG:  Solving for p, Initial residual = 9.1454727e-05, Final residual = 6.3708476e-07, No Iterations 4
time step continuity errors : sum local = 6.5544846e-06, global = 5.5764504e-07, cumulative = -0.00025231018
smoothSolver:  Solving for omega, Initial residual = 0.00033235858, Final residual = 2.9796989e-06, No Iterations 2
smoothSolver:  Solving for k, Initial residual = 0.0009750929, Final residual = 1.0231151e-05, No Iterations 2
bounding k, min: 1.4708773e-16 max: 0.41308847 average: 0.058171913
ExecutionTime = 1065.2214 s  ClockTime = 1066 s

Time = 720s

smoothSolver:  Solving for Ux, Initial residual = 0.00038770221, Final residual = 5.7541409e-06, No Iterations 3
smoothSolver:  Solving for Uy, Initial residual = 0.0039817798, Final residual = 5.9061882e-05, No Iterations 3
smoothSolver:  Solving for Uz, Initial residual = 0.0034284341, Final residual = 4.9015355e-05, No Iterations 3
GAMG:  Solving for p, Initial residual = 0.0040266178, Final residual = 2.5551311e-05, No Iterations 3
GAMG:  Solving for p, Initial residual = 9.2111228e-05, Final residual = 6.5088135e-07, No Iterations 4
time step continuity errors : sum local = 6.6934172e-06, global = 5.1709429e-07, cumulative = -0.00025179309
smoothSolver:  Solving for omega, Initial residual = 0.00033263357, Final residual = 3.0363841e-06, No Iterations 2
smoothSolver:  Solving for k, Initial residual = 0.00097429301, Final residual = 1.0158132e-05, No Iterations 2
bounding k, min: 1.4457669e-16 max: 0.41305699 average: 0.058162094
ExecutionTime = 1066.8496 s  ClockTime = 1068 s

Time = 721s

smoothSolver:  Solving for Ux, Initial residual = 0.00038642901, Final residual = 5.7388379e-06, No Iterations 3
smoothSolver:  Solving for Uy, Initial residual = 0.0039778719, Final residual = 5.9003684e-05, No Iterations 3
smoothSolver:  Solving for Uz, Initial residual = 0.0034100148, Final residual = 4.8709991e-05, No Iterations 3
GAMG:  Solving for p, Initial residual = 0.0039694631, Final residual = 2.5904348e-05, No Iterations 3
GAMG:  Solving for p, Initial residual = 9.2082615e-05, Final residual = 6.5015849e-07, No Iterations 4
time step continuity errors : sum local = 6.6835789e-06, global = 3.8962373e-07, cumulative = -0.00025140347
smoothSolver:  Solving for omega, Initial residual = 0.00033344793, Final residual = 2.9728226e-06, No Iterations 2
smoothSolver:  Solving for k, Initial residual = 0.00097339453, Final residual = 1.0175379e-05, No Iterations 2
bounding k, min: 1.4226767e-16 max: 0.41298722 average: 0.058152581
ExecutionTime = 1068.2955 s  ClockTime = 1069 s

Time = 722s

smoothSolver:  Solving for Ux, Initial residual = 0.00038505924, Final residual = 5.7253108e-06, No Iterations 3
smoothSolver:  Solving for Uy, Initial residual = 0.003974556, Final residual = 5.8907467e-05, No Iterations 3
smoothSolver:  Solving for Uz, Initial residual = 0.0033974148, Final residual = 4.8486783e-05, No Iterations 3
GAMG:  Solving for p, Initial residual = 0.0039118503, Final residual = 2.6200892e-05, No Iterations 3
GAMG:  Solving for p, Initial residual = 9.2830277e-05, Final residual = 7.1937192e-07, No Iterations 4
time step continuity errors : sum local = 7.3928373e-06, global = 5.1827362e-07, cumulative = -0.00025088519
smoothSolver:  Solving for omega, Initial residual = 0.00033225781, Final residual = 2.9843029e-06, No Iterations 2
smoothSolver:  Solving for k, Initial residual = 0.00097209008, Final residual = 1.0135944e-05, No Iterations 2
bounding k, min: 1.40104e-16 max: 0.41289963 average: 0.05814289
ExecutionTime = 1069.7195 s  ClockTime = 1070 s

Time = 723s

smoothSolver:  Solving for Ux, Initial residual = 0.00038371841, Final residual = 5.7085335e-06, No Iterations 3
smoothSolver:  Solving for Uy, Initial residual = 0.0039783822, Final residual = 5.8919719e-05, No Iterations 3
smoothSolver:  Solving for Uz, Initial residual = 0.0033834302, Final residual = 4.8217219e-05, No Iterations 3
GAMG:  Solving for p, Initial residual = 0.0038637169, Final residual = 2.623273e-05, No Iterations 3
GAMG:  Solving for p, Initial residual = 9.2730666e-05, Final residual = 6.71771e-07, No Iterations 4
time step continuity errors : sum local = 6.9020127e-06, global = 1.8850929e-07, cumulative = -0.00025069668
smoothSolver:  Solving for omega, Initial residual = 0.00033344673, Final residual = 2.9849748e-06, No Iterations 2
smoothSolver:  Solving for k, Initial residual = 0.00096961435, Final residual = 1.010181e-05, No Iterations 2
bounding k, min: 1.3804376e-16 max: 0.41277782 average: 0.058133626
ExecutionTime = 1071.241 s  ClockTime = 1072 s

Time = 724s

smoothSolver:  Solving for Ux, Initial residual = 0.00038233521, Final residual = 5.6921738e-06, No Iterations 3
smoothSolver:  Solving for Uy, Initial residual = 0.0039823873, Final residual = 5.8892551e-05, No Iterations 3
smoothSolver:  Solving for Uz, Initial residual = 0.0033731309, Final residual = 4.7998848e-05, No Iterations 3
GAMG:  Solving for p, Initial residual = 0.0038375133, Final residual = 2.6354644e-05, No Iterations 3
GAMG:  Solving for p, Initial residual = 9.3665416e-05, Final residual = 7.0669018e-07, No Iterations 4
time step continuity errors : sum local = 7.2598936e-06, global = 4.5364664e-07, cumulative = -0.00025024304
smoothSolver:  Solving for omega, Initial residual = 0.00033266995, Final residual = 3.0511664e-06, No Iterations 2
smoothSolver:  Solving for k, Initial residual = 0.000971611, Final residual = 1.0125852e-05, No Iterations 2
bounding k, min: 1.3609687e-16 max: 0.41264652 average: 0.058123907
ExecutionTime = 1072.8516 s  ClockTime = 1074 s

Time = 725s

smoothSolver:  Solving for Ux, Initial residual = 0.00038102475, Final residual = 5.6727797e-06, No Iterations 3
smoothSolver:  Solving for Uy, Initial residual = 0.0039920777, Final residual = 5.8903403e-05, No Iterations 3
smoothSolver:  Solving for Uz, Initial residual = 0.0033695846, Final residual = 4.7877371e-05, No Iterations 3
GAMG:  Solving for p, Initial residual = 0.0038523949, Final residual = 2.6298408e-05, No Iterations 3
GAMG:  Solving for p, Initial residual = 9.3852785e-05, Final residual = 6.8406428e-07, No Iterations 4
time step continuity errors : sum local = 7.0273229e-06, global = 2.793895e-07, cumulative = -0.00024996365
smoothSolver:  Solving for omega, Initial residual = 0.00033219344, Final residual = 2.9510055e-06, No Iterations 2
smoothSolver:  Solving for k, Initial residual = 0.00097323923, Final residual = 1.012687e-05, No Iterations 2
bounding k, min: 1.3423826e-16 max: 0.41248033 average: 0.058114682
ExecutionTime = 1074.4836 s  ClockTime = 1075 s

Time = 726s

smoothSolver:  Solving for Ux, Initial residual = 0.00037961587, Final residual = 5.6526871e-06, No Iterations 3
smoothSolver:  Solving for Uy, Initial residual = 0.004002616, Final residual = 5.886285e-05, No Iterations 3
smoothSolver:  Solving for Uz, Initial residual = 0.0033662185, Final residual = 4.7653115e-05, No Iterations 3
GAMG:  Solving for p, Initial residual = 0.003892927, Final residual = 2.6456153e-05, No Iterations 3
GAMG:  Solving for p, Initial residual = 9.5231256e-05, Final residual = 6.5687185e-07, No Iterations 4
time step continuity errors : sum local = 6.7482534e-06, global = 2.4356519e-07, cumulative = -0.00024972008
smoothSolver:  Solving for omega, Initial residual = 0.00033134695, Final residual = 3.0119321e-06, No Iterations 2
smoothSolver:  Solving for k, Initial residual = 0.00097195949, Final residual = 1.0090242e-05, No Iterations 2
bounding k, min: 1.3234372e-16 max: 0.41229912 average: 0.058105441
ExecutionTime = 1076.0079 s  ClockTime = 1077 s

Time = 727s

smoothSolver:  Solving for Ux, Initial residual = 0.00037826266, Final residual = 5.6278217e-06, No Iterations 3
smoothSolver:  Solving for Uy, Initial residual = 0.0040138138, Final residual = 5.8906824e-05, No Iterations 3
smoothSolver:  Solving for Uz, Initial residual = 0.0033641788, Final residual = 4.7565926e-05, No Iterations 3
GAMG:  Solving for p, Initial residual = 0.0039483243, Final residual = 2.6455899e-05, No Iterations 3
GAMG:  Solving for p, Initial residual = 9.5685081e-05, Final residual = 6.5986489e-07, No Iterations 4
time step continuity errors : sum local = 6.7795202e-06, global = 2.8820537e-07, cumulative = -0.00024943188
smoothSolver:  Solving for omega, Initial residual = 0.00033260061, Final residual = 2.982918e-06, No Iterations 2
smoothSolver:  Solving for k, Initial residual = 0.00096737151, Final residual = 1.0012076e-05, No Iterations 2
bounding k, min: 1.3058881e-16 max: 0.41209176 average: 0.058096722
ExecutionTime = 1077.3712 s  ClockTime = 1078 s

Time = 728s

smoothSolver:  Solving for Ux, Initial residual = 0.0003768006, Final residual = 5.602855e-06, No Iterations 3
smoothSolver:  Solving for Uy, Initial residual = 0.0040238525, Final residual = 5.8893804e-05, No Iterations 3
smoothSolver:  Solving for Uz, Initial residual = 0.0033658784, Final residual = 4.7401248e-05, No Iterations 3
GAMG:  Solving for p, Initial residual = 0.0040038279, Final residual = 2.6721084e-05, No Iterations 3
GAMG:  Solving for p, Initial residual = 9.6917985e-05, Final residual = 6.5340996e-07, No Iterations 4
time step continuity errors : sum local = 6.7137721e-06, global = 3.3429407e-07, cumulative = -0.00024909758
smoothSolver:  Solving for omega, Initial residual = 0.00033141908, Final residual = 3.0027216e-06, No Iterations 2
smoothSolver:  Solving for k, Initial residual = 0.00097026085, Final residual = 1.0088179e-05, No Iterations 2
bounding k, min: 1.2885378e-16 max: 0.41188125 average: 0.058087417
ExecutionTime = 1078.6653 s  ClockTime = 1079 s

Time = 729s

smoothSolver:  Solving for Ux, Initial residual = 0.00037538599, Final residual = 5.5720489e-06, No Iterations 3
smoothSolver:  Solving for Uy, Initial residual = 0.0040361888, Final residual = 5.8892098e-05, No Iterations 3
smoothSolver:  Solving for Uz, Initial residual = 0.0033714999, Final residual = 4.7432697e-05, No Iterations 3
GAMG:  Solving for p, Initial residual = 0.004070996, Final residual = 2.7109324e-05, No Iterations 3
GAMG:  Solving for p, Initial residual = 9.7178701e-05, Final residual = 6.0602433e-07, No Iterations 4
time step continuity errors : sum local = 6.2286761e-06, global = 6.3187098e-07, cumulative = -0.00024846571
smoothSolver:  Solving for omega, Initial residual = 0.00033279571, Final residual = 2.9586285e-06, No Iterations 2
smoothSolver:  Solving for k, Initial residual = 0.00096944661, Final residual = 1.0009311e-05, No Iterations 2
bounding k, min: 1.2713735e-16 max: 0.41163568 average: 0.058078874
ExecutionTime = 1079.9512 s  ClockTime = 1081 s

Time = 730s

smoothSolver:  Solving for Ux, Initial residual = 0.00037388605, Final residual = 5.5407218e-06, No Iterations 3
smoothSolver:  Solving for Uy, Initial residual = 0.0040432445, Final residual = 5.8720725e-05, No Iterations 3
smoothSolver:  Solving for Uz, Initial residual = 0.0033753105, Final residual = 4.7385486e-05, No Iterations 3
GAMG:  Solving for p, Initial residual = 0.0041343172, Final residual = 2.7676208e-05, No Iterations 3
GAMG:  Solving for p, Initial residual = 9.7906866e-05, Final residual = 6.2599464e-07, No Iterations 4
time step continuity errors : sum local = 6.4352472e-06, global = 3.7849909e-07, cumulative = -0.00024808721
smoothSolver:  Solving for omega, Initial residual = 0.00033035551, Final residual = 2.9696238e-06, No Iterations 2
smoothSolver:  Solving for k, Initial residual = 0.00096460028, Final residual = 9.936705e-06, No Iterations 2
bounding k, min: 1.2544277e-16 max: 0.41136234 average: 0.058070306
ExecutionTime = 1081.2139 s  ClockTime = 1082 s

Time = 731s

smoothSolver:  Solving for Ux, Initial residual = 0.00037226622, Final residual = 5.5049196e-06, No Iterations 3
smoothSolver:  Solving for Uy, Initial residual = 0.0040433774, Final residual = 5.8566698e-05, No Iterations 3
smoothSolver:  Solving for Uz, Initial residual = 0.0033777828, Final residual = 4.7337732e-05, No Iterations 3
GAMG:  Solving for p, Initial residual = 0.0041870582, Final residual = 2.7979918e-05, No Iterations 3
GAMG:  Solving for p, Initial residual = 9.746098e-05, Final residual = 5.9845137e-07, No Iterations 4
time step continuity errors : sum local = 6.15346e-06, global = 6.0773951e-07, cumulative = -0.00024747947
smoothSolver:  Solving for omega, Initial residual = 0.00033251445, Final residual = 2.9602914e-06, No Iterations 2
smoothSolver:  Solving for k, Initial residual = 0.00096023026, Final residual = 9.8933327e-06, No Iterations 2
bounding k, min: 1.2377656e-16 max: 0.41105302 average: 0.0580622
ExecutionTime = 1082.4092 s  ClockTime = 1083 s

Time = 732s

smoothSolver:  Solving for Ux, Initial residual = 0.00037054056, Final residual = 5.467576e-06, No Iterations 3
smoothSolver:  Solving for Uy, Initial residual = 0.0040406905, Final residual = 5.8348233e-05, No Iterations 3
smoothSolver:  Solving for Uz, Initial residual = 0.003381744, Final residual = 4.7280358e-05, No Iterations 3
GAMG:  Solving for p, Initial residual = 0.0042276079, Final residual = 2.8465058e-05, No Iterations 3
GAMG:  Solving for p, Initial residual = 9.7802495e-05, Final residual = 6.0042669e-07, No Iterations 4
time step continuity errors : sum local = 6.175585e-06, global = 7.12461e-07, cumulative = -0.00024676701
smoothSolver:  Solving for omega, Initial residual = 0.00033306671, Final residual = 3.0057505e-06, No Iterations 2
smoothSolver:  Solving for k, Initial residual = 0.00095770635, Final residual = 9.8441343e-06, No Iterations 2
bounding k, min: 1.2214836e-16 max: 0.41073026 average: 0.058053769
ExecutionTime = 1083.7314 s  ClockTime = 1084 s

Time = 733s

smoothSolver:  Solving for Ux, Initial residual = 0.00036874155, Final residual = 5.4254845e-06, No Iterations 3
smoothSolver:  Solving for Uy, Initial residual = 0.0040331855, Final residual = 5.8092358e-05, No Iterations 3
smoothSolver:  Solving for Uz, Initial residual = 0.0033860945, Final residual = 4.7256742e-05, No Iterations 3
GAMG:  Solving for p, Initial residual = 0.0042536828, Final residual = 2.8805806e-05, No Iterations 3
GAMG:  Solving for p, Initial residual = 9.759791e-05, Final residual = 6.0515387e-07, No Iterations 4
time step continuity errors : sum local = 6.2271264e-06, global = 8.460637e-07, cumulative = -0.00024592095
smoothSolver:  Solving for omega, Initial residual = 0.00033201925, Final residual = 2.9366698e-06, No Iterations 2
smoothSolver:  Solving for k, Initial residual = 0.00095853228, Final residual = 9.868409e-06, No Iterations 2
bounding k, min: 1.205682e-16 max: 0.41037774 average: 0.058045488
ExecutionTime = 1085.4682 s  ClockTime = 1086 s

Time = 734s

smoothSolver:  Solving for Ux, Initial residual = 0.00036681086, Final residual = 5.3829119e-06, No Iterations 3
smoothSolver:  Solving for Uy, Initial residual = 0.0040208654, Final residual = 5.7767226e-05, No Iterations 3
smoothSolver:  Solving for Uz, Initial residual = 0.0033946964, Final residual = 4.7298714e-05, No Iterations 3
GAMG:  Solving for p, Initial residual = 0.0042741277, Final residual = 2.9435986e-05, No Iterations 3
GAMG:  Solving for p, Initial residual = 9.8312493e-05, Final residual = 6.1634094e-07, No Iterations 4
time step continuity errors : sum local = 6.3454081e-06, global = 7.053948e-07, cumulative = -0.00024521555
smoothSolver:  Solving for omega, Initial residual = 0.00032965499, Final residual = 2.9419071e-06, No Iterations 2
smoothSolver:  Solving for k, Initial residual = 0.00095373236, Final residual = 9.7695327e-06, No Iterations 2
bounding k, min: 1.1904714e-16 max: 0.41000781 average: 0.058037383
ExecutionTime = 1086.9673 s  ClockTime = 1088 s

Time = 735s

smoothSolver:  Solving for Ux, Initial residual = 0.00036479803, Final residual = 5.3376583e-06, No Iterations 3
smoothSolver:  Solving for Uy, Initial residual = 0.0040063097, Final residual = 5.7431601e-05, No Iterations 3
smoothSolver:  Solving for Uz, Initial residual = 0.0033975031, Final residual = 4.7286274e-05, No Iterations 3
GAMG:  Solving for p, Initial residual = 0.0042923058, Final residual = 2.9990215e-05, No Iterations 3
GAMG:  Solving for p, Initial residual = 9.8703347e-05, Final residual = 6.3430609e-07, No Iterations 4
time step continuity errors : sum local = 6.5333412e-06, global = 9.3541172e-07, cumulative = -0.00024428014
smoothSolver:  Solving for omega, Initial residual = 0.00033210901, Final residual = 2.9585537e-06, No Iterations 2
smoothSolver:  Solving for k, Initial residual = 0.00094948467, Final residual = 9.7323645e-06, No Iterations 2
bounding k, min: 1.175946e-16 max: 0.40960196 average: 0.058029481
ExecutionTime = 1088.6247 s  ClockTime = 1089 s

Time = 736s

smoothSolver:  Solving for Ux, Initial residual = 0.00036274631, Final residual = 5.2920293e-06, No Iterations 3
smoothSolver:  Solving for Uy, Initial residual = 0.0039881322, Final residual = 5.7017629e-05, No Iterations 3
smoothSolver:  Solving for Uz, Initial residual = 0.0033990167, Final residual = 4.7256586e-05, No Iterations 3
GAMG:  Solving for p, Initial residual = 0.0043118651, Final residual = 3.0937789e-05, No Iterations 3
GAMG:  Solving for p, Initial residual = 9.9628372e-05, Final residual = 6.5118252e-07, No Iterations 4
time step continuity errors : sum local = 6.7114344e-06, global = 5.4364691e-07, cumulative = -0.00024373649
smoothSolver:  Solving for omega, Initial residual = 0.00033110632, Final residual = 3.0281066e-06, No Iterations 2
smoothSolver:  Solving for k, Initial residual = 0.00094753524, Final residual = 9.6913053e-06, No Iterations 2
bounding k, min: 1.1621959e-16 max: 0.40918122 average: 0.058021154
ExecutionTime = 1090.0586 s  ClockTime = 1091 s

Time = 737s

smoothSolver:  Solving for Ux, Initial residual = 0.00036058266, Final residual = 5.2443751e-06, No Iterations 3
smoothSolver:  Solving for Uy, Initial residual = 0.0039654018, Final residual = 5.6614436e-05, No Iterations 3
smoothSolver:  Solving for Uz, Initial residual = 0.0034010999, Final residual = 4.7254784e-05, No Iterations 3
GAMG:  Solving for p, Initial residual = 0.0043181466, Final residual = 3.171525e-05, No Iterations 3
GAMG:  Solving for p, Initial residual = 0.00010014924, Final residual = 6.6719775e-07, No Iterations 4
time step continuity errors : sum local = 6.8804594e-06, global = 8.1887219e-07, cumulative = -0.00024291762
smoothSolver:  Solving for omega, Initial residual = 0.00033075225, Final residual = 2.9113167e-06, No Iterations 2
smoothSolver:  Solving for k, Initial residual = 0.00094589726, Final residual = 9.7066061e-06, No Iterations 2
bounding k, min: 1.1492898e-16 max: 0.40873863 average: 0.058013248
ExecutionTime = 1091.5197 s  ClockTime = 1092 s

Time = 738s

smoothSolver:  Solving for Ux, Initial residual = 0.00035842049, Final residual = 5.1973092e-06, No Iterations 3
smoothSolver:  Solving for Uy, Initial residual = 0.003940754, Final residual = 5.6131665e-05, No Iterations 3
smoothSolver:  Solving for Uz, Initial residual = 0.0034031658, Final residual = 4.7185754e-05, No Iterations 3
GAMG:  Solving for p, Initial residual = 0.0043196956, Final residual = 3.253079e-05, No Iterations 3
GAMG:  Solving for p, Initial residual = 0.00010072379, Final residual = 6.8757574e-07, No Iterations 4
time step continuity errors : sum local = 7.0936399e-06, global = 6.008665e-07, cumulative = -0.00024231676
smoothSolver:  Solving for omega, Initial residual = 0.00033059168, Final residual = 2.9511671e-06, No Iterations 2
smoothSolver:  Solving for k, Initial residual = 0.00094275692, Final residual = 9.6421354e-06, No Iterations 2
bounding k, min: 1.1372827e-16 max: 0.4082863 average: 0.058005282
ExecutionTime = 1092.9221 s  ClockTime = 1094 s

Time = 739s

smoothSolver:  Solving for Ux, Initial residual = 0.00035620989, Final residual = 5.1500314e-06, No Iterations 3
smoothSolver:  Solving for Uy, Initial residual = 0.0039194795, Final residual = 5.5696372e-05, No Iterations 3
smoothSolver:  Solving for Uz, Initial residual = 0.0034046752, Final residual = 4.7177874e-05, No Iterations 3
GAMG:  Solving for p, Initial residual = 0.0043138681, Final residual = 3.2953693e-05, No Iterations 3
GAMG:  Solving for p, Initial residual = 0.00010056166, Final residual = 6.9830837e-07, No Iterations 4
time step continuity errors : sum local = 7.2083432e-06, global = 5.6804049e-07, cumulative = -0.00024174872
smoothSolver:  Solving for omega, Initial residual = 0.00033239039, Final residual = 2.9226956e-06, No Iterations 2
smoothSolver:  Solving for k, Initial residual = 0.00093866165, Final residual = 9.6008697e-06, No Iterations 2
bounding k, min: 1.1262036e-16 max: 0.40781222 average: 0.057997414
ExecutionTime = 1094.2292 s  ClockTime = 1095 s

Time = 740s

smoothSolver:  Solving for Ux, Initial residual = 0.00035416343, Final residual = 5.1039609e-06, No Iterations 3
smoothSolver:  Solving for Uy, Initial residual = 0.0038912564, Final residual = 5.5209106e-05, No Iterations 3
smoothSolver:  Solving for Uz, Initial residual = 0.0034011598, Final residual = 4.7138199e-05, No Iterations 3
GAMG:  Solving for p, Initial residual = 0.0043176402, Final residual = 3.3247538e-05, No Iterations 3
GAMG:  Solving for p, Initial residual = 0.0001002193, Final residual = 7.1108618e-07, No Iterations 4
time step continuity errors : sum local = 7.3432291e-06, global = 5.5426877e-07, cumulative = -0.00024119445
smoothSolver:  Solving for omega, Initial residual = 0.00033177989, Final residual = 3.0243855e-06, No Iterations 2
smoothSolver:  Solving for k, Initial residual = 0.00093550756, Final residual = 9.563825e-06, No Iterations 2
bounding k, min: 1.1178948e-16 max: 0.40732952 average: 0.057989659
ExecutionTime = 1095.5172 s  ClockTime = 1096 s

Time = 741s

smoothSolver:  Solving for Ux, Initial residual = 0.00035206002, Final residual = 5.0588427e-06, No Iterations 3
smoothSolver:  Solving for Uy, Initial residual = 0.0038631096, Final residual = 5.4736607e-05, No Iterations 3
smoothSolver:  Solving for Uz, Initial residual = 0.0034000687, Final residual = 4.7153661e-05, No Iterations 3
GAMG:  Solving for p, Initial residual = 0.0043228379, Final residual = 3.3276882e-05, No Iterations 3
GAMG:  Solving for p, Initial residual = 9.9655052e-05, Final residual = 7.1870698e-07, No Iterations 4
time step continuity errors : sum local = 7.4234715e-06, global = 5.1320899e-07, cumulative = -0.00024068124
smoothSolver:  Solving for omega, Initial residual = 0.00033260749, Final residual = 2.9264791e-06, No Iterations 2
smoothSolver:  Solving for k, Initial residual = 0.00093160968, Final residual = 9.5228879e-06, No Iterations 2
bounding k, min: 1.1224248e-16 max: 0.40682194 average: 0.057982294
ExecutionTime = 1096.7095 s  ClockTime = 1097 s

Time = 742s

smoothSolver:  Solving for Ux, Initial residual = 0.00035016826, Final residual = 5.0143956e-06, No Iterations 3
smoothSolver:  Solving for Uy, Initial residual = 0.0038404432, Final residual = 5.4335749e-05, No Iterations 3
smoothSolver:  Solving for Uz, Initial residual = 0.0034005495, Final residual = 4.7120095e-05, No Iterations 3
GAMG:  Solving for p, Initial residual = 0.0043404753, Final residual = 3.3275547e-05, No Iterations 3
GAMG:  Solving for p, Initial residual = 9.8965847e-05, Final residual = 7.3477428e-07, No Iterations 4
time step continuity errors : sum local = 7.5925784e-06, global = 5.1831262e-07, cumulative = -0.00024016292
smoothSolver:  Solving for omega, Initial residual = 0.00033006413, Final residual = 2.9450024e-06, No Iterations 2
smoothSolver:  Solving for k, Initial residual = 0.00093031106, Final residual = 9.5292456e-06, No Iterations 2
bounding k, min: 1.1132035e-16 max: 0.40630728 average: 0.057974614
ExecutionTime = 1098.0588 s  ClockTime = 1099 s

Time = 743s

smoothSolver:  Solving for Ux, Initial residual = 0.00034827151, Final residual = 4.9714009e-06, No Iterations 3
smoothSolver:  Solving for Uy, Initial residual = 0.0038188471, Final residual = 5.3885251e-05, No Iterations 3
smoothSolver:  Solving for Uz, Initial residual = 0.0034032551, Final residual = 4.7168185e-05, No Iterations 3
GAMG:  Solving for p, Initial residual = 0.0043549297, Final residual = 3.2976977e-05, No Iterations 3
GAMG:  Solving for p, Initial residual = 9.8133132e-05, Final residual = 7.2392172e-07, No Iterations 4
time step continuity errors : sum local = 7.4816838e-06, global = 5.1256074e-07, cumulative = -0.00023965036
smoothSolver:  Solving for omega, Initial residual = 0.00033090228, Final residual = 2.9255938e-06, No Iterations 2
smoothSolver:  Solving for k, Initial residual = 0.00092536385, Final residual = 9.4516747e-06, No Iterations 2
bounding k, min: 1.1050409e-16 max: 0.40577011 average: 0.057967387
ExecutionTime = 1099.4151 s  ClockTime = 1100 s

Time = 744s

smoothSolver:  Solving for Ux, Initial residual = 0.00034646151, Final residual = 4.9285893e-06, No Iterations 3
smoothSolver:  Solving for Uy, Initial residual = 0.0037940318, Final residual = 5.3428336e-05, No Iterations 3
smoothSolver:  Solving for Uz, Initial residual = 0.0034025298, Final residual = 4.7150565e-05, No Iterations 3
GAMG:  Solving for p, Initial residual = 0.0043794972, Final residual = 3.2594018e-05, No Iterations 3
GAMG:  Solving for p, Initial residual = 9.7274348e-05, Final residual = 7.263506e-07, No Iterations 4
time step continuity errors : sum local = 7.5073558e-06, global = 5.4281466e-07, cumulative = -0.00023910755
smoothSolver:  Solving for omega, Initial residual = 0.00033203228, Final residual = 3.0183106e-06, No Iterations 2
smoothSolver:  Solving for k, Initial residual = 0.00092175701, Final residual = 9.4024981e-06, No Iterations 2
bounding k, min: 1.0978326e-16 max: 0.40522851 average: 0.057959975
ExecutionTime = 1100.8186 s  ClockTime = 1102 s

Time = 745s

smoothSolver:  Solving for Ux, Initial residual = 0.00034468434, Final residual = 4.8866264e-06, No Iterations 3
smoothSolver:  Solving for Uy, Initial residual = 0.0037753062, Final residual = 5.3037375e-05, No Iterations 3
smoothSolver:  Solving for Uz, Initial residual = 0.0034013137, Final residual = 4.7131719e-05, No Iterations 3
GAMG:  Solving for p, Initial residual = 0.0044142357, Final residual = 3.2151365e-05, No Iterations 3
GAMG:  Solving for p, Initial residual = 9.6376286e-05, Final residual = 7.3841155e-07, No Iterations 4
time step continuity errors : sum local = 7.6336819e-06, global = 4.9418542e-07, cumulative = -0.00023861336
smoothSolver:  Solving for omega, Initial residual = 0.00033229552, Final residual = 2.9469435e-06, No Iterations 2
smoothSolver:  Solving for k, Initial residual = 0.00091716296, Final residual = 9.3658327e-06, No Iterations 2
bounding k, min: 1.0915057e-16 max: 0.40466259 average: 0.057953234
ExecutionTime = 1102.4359 s  ClockTime = 1103 s

Time = 746s

smoothSolver:  Solving for Ux, Initial residual = 0.0003430293, Final residual = 4.8444547e-06, No Iterations 3
smoothSolver:  Solving for Uy, Initial residual = 0.0037595019, Final residual = 5.2730112e-05, No Iterations 3
smoothSolver:  Solving for Uz, Initial residual = 0.0033993153, Final residual = 4.7081803e-05, No Iterations 3
GAMG:  Solving for p, Initial residual = 0.0044623141, Final residual = 3.182279e-05, No Iterations 3
GAMG:  Solving for p, Initial residual = 9.5834276e-05, Final residual = 7.5031189e-07, No Iterations 4
time step continuity errors : sum local = 7.7577429e-06, global = 4.638309e-07, cumulative = -0.00023814953
smoothSolver:  Solving for omega, Initial residual = 0.00033018376, Final residual = 2.9473659e-06, No Iterations 2
smoothSolver:  Solving for k, Initial residual = 0.00091359537, Final residual = 9.3307442e-06, No Iterations 2
bounding k, min: 1.0860124e-16 max: 0.40408164 average: 0.057946512
ExecutionTime = 1104.0534 s  ClockTime = 1105 s

Time = 747s

smoothSolver:  Solving for Ux, Initial residual = 0.00034122989, Final residual = 4.802122e-06, No Iterations 3
smoothSolver:  Solving for Uy, Initial residual = 0.0037494145, Final residual = 5.248142e-05, No Iterations 3
smoothSolver:  Solving for Uz, Initial residual = 0.003395333, Final residual = 4.7020824e-05, No Iterations 3
GAMG:  Solving for p, Initial residual = 0.0045058492, Final residual = 3.1539911e-05, No Iterations 3
GAMG:  Solving for p, Initial residual = 9.5067623e-05, Final residual = 7.5786086e-07, No Iterations 4
time step continuity errors : sum local = 7.8372006e-06, global = 3.9952217e-07, cumulative = -0.00023775001
smoothSolver:  Solving for omega, Initial residual = 0.0003324856, Final residual = 2.9363372e-06, No Iterations 2
smoothSolver:  Solving for k, Initial residual = 0.0009099591, Final residual = 9.2713502e-06, No Iterations 2
bounding k, min: 1.0812981e-16 max: 0.40347309 average: 0.057939965
ExecutionTime = 1105.7835 s  ClockTime = 1107 s

Time = 748s

smoothSolver:  Solving for Ux, Initial residual = 0.00033958719, Final residual = 4.7600838e-06, No Iterations 3
smoothSolver:  Solving for Uy, Initial residual = 0.0037398921, Final residual = 5.2304711e-05, No Iterations 3
smoothSolver:  Solving for Uz, Initial residual = 0.0033883848, Final residual = 4.6943759e-05, No Iterations 3
GAMG:  Solving for p, Initial residual = 0.0045385285, Final residual = 3.1556963e-05, No Iterations 3
GAMG:  Solving for p, Initial residual = 9.467161e-05, Final residual = 7.7072674e-07, No Iterations 4
time step continuity errors : sum local = 7.9724142e-06, global = 3.0820092e-07, cumulative = -0.00023744181
smoothSolver:  Solving for omega, Initial residual = 0.00033302299, Final residual = 3.0096172e-06, No Iterations 2
smoothSolver:  Solving for k, Initial residual = 0.00090881667, Final residual = 9.2644615e-06, No Iterations 2
bounding k, min: 1.077419e-16 max: 0.40284832 average: 0.057933359
ExecutionTime = 1107.2498 s  ClockTime = 1108 s

Time = 749s

smoothSolver:  Solving for Ux, Initial residual = 0.00033785116, Final residual = 4.7175516e-06, No Iterations 3
smoothSolver:  Solving for Uy, Initial residual = 0.0037329813, Final residual = 5.2179579e-05, No Iterations 3
smoothSolver:  Solving for Uz, Initial residual = 0.0033802902, Final residual = 4.6818889e-05, No Iterations 3
GAMG:  Solving for p, Initial residual = 0.0045679053, Final residual = 3.1735226e-05, No Iterations 3
GAMG:  Solving for p, Initial residual = 9.4187484e-05, Final residual = 7.9320593e-07, No Iterations 4
time step continuity errors : sum local = 8.2090362e-06, global = 1.3573541e-07, cumulative = -0.00023730607
smoothSolver:  Solving for omega, Initial residual = 0.00033206809, Final residual = 2.9335571e-06, No Iterations 2
smoothSolver:  Solving for k, Initial residual = 0.00090697148, Final residual = 9.2443516e-06, No Iterations 2
bounding k, min: 1.0743405e-16 max: 0.40219829 average: 0.057927786
ExecutionTime = 1108.7037 s  ClockTime = 1109 s

Time = 750s

smoothSolver:  Solving for Ux, Initial residual = 0.00033608711, Final residual = 4.6763408e-06, No Iterations 3
smoothSolver:  Solving for Uy, Initial residual = 0.0037268819, Final residual = 5.2076346e-05, No Iterations 3
smoothSolver:  Solving for Uz, Initial residual = 0.0033700433, Final residual = 4.667363e-05, No Iterations 3
GAMG:  Solving for p, Initial residual = 0.0045882319, Final residual = 3.196945e-05, No Iterations 3
GAMG:  Solving for p, Initial residual = 9.4167742e-05, Final residual = 8.1134867e-07, No Iterations 4
time step continuity errors : sum local = 8.4005258e-06, global = 1.8940763e-07, cumulative = -0.00023711667
smoothSolver:  Solving for omega, Initial residual = 0.00033137868, Final residual = 2.9811583e-06, No Iterations 2
smoothSolver:  Solving for k, Initial residual = 0.00090280286, Final residual = 9.1718154e-06, No Iterations 2
bounding k, min: 1.071959e-16 max: 0.40153907 average: 0.057922308
ExecutionTime = 1110.1838 s  ClockTime = 1111 s

Time = 751s

smoothSolver:  Solving for Ux, Initial residual = 0.00033420053, Final residual = 4.6356094e-06, No Iterations 3
smoothSolver:  Solving for Uy, Initial residual = 0.0037175205, Final residual = 5.1966143e-05, No Iterations 3
smoothSolver:  Solving for Uz, Initial residual = 0.0033541075, Final residual = 4.6536982e-05, No Iterations 3
GAMG:  Solving for p, Initial residual = 0.0045874336, Final residual = 3.2325984e-05, No Iterations 3
GAMG:  Solving for p, Initial residual = 9.4173475e-05, Final residual = 8.5731077e-07, No Iterations 4
time step continuity errors : sum local = 8.8824541e-06, global = 1.3286045e-08, cumulative = -0.00023710338
smoothSolver:  Solving for omega, Initial residual = 0.00033235443, Final residual = 2.9107462e-06, No Iterations 2
smoothSolver:  Solving for k, Initial residual = 0.0008983874, Final residual = 9.1305779e-06, No Iterations 2
bounding k, min: 1.0702037e-16 max: 0.40085555 average: 0.057917321
ExecutionTime = 1111.4189 s  ClockTime = 1112 s

Time = 752s

smoothSolver:  Solving for Ux, Initial residual = 0.00033242691, Final residual = 4.5959237e-06, No Iterations 3
smoothSolver:  Solving for Uy, Initial residual = 0.0037132936, Final residual = 5.1982429e-05, No Iterations 3
smoothSolver:  Solving for Uz, Initial residual = 0.0033394068, Final residual = 4.6408393e-05, No Iterations 3
GAMG:  Solving for p, Initial residual = 0.0045862607, Final residual = 3.2533764e-05, No Iterations 3
GAMG:  Solving for p, Initial residual = 9.4504265e-05, Final residual = 8.8868606e-07, No Iterations 4
time step continuity errors : sum local = 9.21394e-06, global = 1.3338339e-07, cumulative = -0.00023697
smoothSolver:  Solving for omega, Initial residual = 0.00033167665, Final residual = 2.9599102e-06, No Iterations 2
smoothSolver:  Solving for k, Initial residual = 0.00089514619, Final residual = 9.0953002e-06, No Iterations 2
bounding k, min: 1.069031e-16 max: 0.40016012 average: 0.057912573
ExecutionTime = 1112.8144 s  ClockTime = 1114 s

Time = 753s

smoothSolver:  Solving for Ux, Initial residual = 0.00033049059, Final residual = 4.5565057e-06, No Iterations 3
smoothSolver:  Solving for Uy, Initial residual = 0.0037078652, Final residual = 5.1977825e-05, No Iterations 3
smoothSolver:  Solving for Uz, Initial residual = 0.0033234556, Final residual = 4.6262463e-05, No Iterations 3
GAMG:  Solving for p, Initial residual = 0.0045798166, Final residual = 3.2468715e-05, No Iterations 3
GAMG:  Solving for p, Initial residual = 9.4675723e-05, Final residual = 9.380359e-07, No Iterations 4
time step continuity errors : sum local = 9.7327734e-06, global = 1.6656112e-07, cumulative = -0.00023680344
smoothSolver:  Solving for omega, Initial residual = 0.00033285179, Final residual = 2.917851e-06, No Iterations 2
smoothSolver:  Solving for k, Initial residual = 0.00089368419, Final residual = 9.0834019e-06, No Iterations 2
bounding k, min: 1.0684049e-16 max: 0.39944464 average: 0.057908539
ExecutionTime = 1114.1894 s  ClockTime = 1115 s

Time = 754s

smoothSolver:  Solving for Ux, Initial residual = 0.00032872804, Final residual = 4.5180706e-06, No Iterations 3
smoothSolver:  Solving for Uy, Initial residual = 0.0037062583, Final residual = 5.2055761e-05, No Iterations 3
smoothSolver:  Solving for Uz, Initial residual = 0.0033116439, Final residual = 4.6136797e-05, No Iterations 3
GAMG:  Solving for p, Initial residual = 0.0045809291, Final residual = 3.1984426e-05, No Iterations 3
GAMG:  Solving for p, Initial residual = 9.4785515e-05, Final residual = 4.4265979e-07, No Iterations 5
time step continuity errors : sum local = 4.5958107e-06, global = -1.0518695e-07, cumulative = -0.00023690862
smoothSolver:  Solving for omega, Initial residual = 0.00033122073, Final residual = 2.9533703e-06, No Iterations 2
smoothSolver:  Solving for k, Initial residual = 0.00088962138, Final residual = 9.0208602e-06, No Iterations 2
bounding k, min: 1.0682918e-16 max: 0.39871803 average: 0.057904917
ExecutionTime = 1115.4934 s  ClockTime = 1116 s

Time = 755s

smoothSolver:  Solving for Ux, Initial residual = 0.00032690206, Final residual = 4.4798941e-06, No Iterations 3
smoothSolver:  Solving for Uy, Initial residual = 0.0037092881, Final residual = 5.2145294e-05, No Iterations 3
smoothSolver:  Solving for Uz, Initial residual = 0.0032974939, Final residual = 4.5964049e-05, No Iterations 3
GAMG:  Solving for p, Initial residual = 0.0045951893, Final residual = 3.1160807e-05, No Iterations 3
GAMG:  Solving for p, Initial residual = 9.4553474e-05, Final residual = 9.3679378e-07, No Iterations 4
time step continuity errors : sum local = 9.7332869e-06, global = 2.9249508e-07, cumulative = -0.00023661613
smoothSolver:  Solving for omega, Initial residual = 0.00033275551, Final residual = 2.9153886e-06, No Iterations 2
smoothSolver:  Solving for k, Initial residual = 0.00088896637, Final residual = 9.0347445e-06, No Iterations 2
bounding k, min: 1.0686567e-16 max: 0.39797309 average: 0.057901426
ExecutionTime = 1116.7539 s  ClockTime = 1117 s

Time = 756s

smoothSolver:  Solving for Ux, Initial residual = 0.00032518576, Final residual = 4.4434973e-06, No Iterations 3
smoothSolver:  Solving for Uy, Initial residual = 0.0037152405, Final residual = 5.2219992e-05, No Iterations 3
smoothSolver:  Solving for Uz, Initial residual = 0.0032855499, Final residual = 4.578201e-05, No Iterations 3
GAMG:  Solving for p, Initial residual = 0.0046204041, Final residual = 3.0111201e-05, No Iterations 3
GAMG:  Solving for p, Initial residual = 9.4358967e-05, Final residual = 4.5900736e-07, No Iterations 5
time step continuity errors : sum local = 4.7712639e-06, global = -1.3442787e-07, cumulative = -0.00023675056
smoothSolver:  Solving for omega, Initial residual = 0.00033401517, Final residual = 2.9654369e-06, No Iterations 2
smoothSolver:  Solving for k, Initial residual = 0.00088534248, Final residual = 8.9550328e-06, No Iterations 2
bounding k, min: 1.0694605e-16 max: 0.39722697 average: 0.057898483
ExecutionTime = 1118.0336 s  ClockTime = 1119 s

Time = 757s

smoothSolver:  Solving for Ux, Initial residual = 0.00032349473, Final residual = 4.4070076e-06, No Iterations 3
smoothSolver:  Solving for Uy, Initial residual = 0.003722663, Final residual = 5.2315121e-05, No Iterations 3
smoothSolver:  Solving for Uz, Initial residual = 0.0032732554, Final residual = 4.5639617e-05, No Iterations 3
GAMG:  Solving for p, Initial residual = 0.0046508595, Final residual = 2.9013722e-05, No Iterations 3
GAMG:  Solving for p, Initial residual = 9.3701169e-05, Final residual = 9.1563831e-07, No Iterations 4
time step continuity errors : sum local = 9.5230997e-06, global = 3.4079884e-07, cumulative = -0.00023640976
smoothSolver:  Solving for omega, Initial residual = 0.00033399729, Final residual = 2.9296411e-06, No Iterations 2
smoothSolver:  Solving for k, Initial residual = 0.00088088283, Final residual = 8.9107054e-06, No Iterations 2
bounding k, min: 1.0706983e-16 max: 0.3964725 average: 0.057896385
ExecutionTime = 1119.2572 s  ClockTime = 1120 s

Time = 758s

smoothSolver:  Solving for Ux, Initial residual = 0.00032192852, Final residual = 4.3734507e-06, No Iterations 3
smoothSolver:  Solving for Uy, Initial residual = 0.0037291202, Final residual = 5.2448343e-05, No Iterations 3
smoothSolver:  Solving for Uz, Initial residual = 0.003262712, Final residual = 4.5480311e-05, No Iterations 3
GAMG:  Solving for p, Initial residual = 0.0046970552, Final residual = 2.8047393e-05, No Iterations 3
GAMG:  Solving for p, Initial residual = 9.3510105e-05, Final residual = 9.2242118e-07, No Iterations 4
time step continuity errors : sum local = 9.5969886e-06, global = 4.0737633e-07, cumulative = -0.00023600238
smoothSolver:  Solving for omega, Initial residual = 0.00033157833, Final residual = 2.9177463e-06, No Iterations 2
smoothSolver:  Solving for k, Initial residual = 0.00087687788, Final residual = 8.8891663e-06, No Iterations 2
bounding k, min: 1.0734649e-16 max: 0.39572379 average: 0.057894361
ExecutionTime = 1120.9918 s  ClockTime = 1122 s

Time = 759s

smoothSolver:  Solving for Ux, Initial residual = 0.00032040712, Final residual = 4.3415008e-06, No Iterations 3
smoothSolver:  Solving for Uy, Initial residual = 0.0037410025, Final residual = 5.2612596e-05, No Iterations 3
smoothSolver:  Solving for Uz, Initial residual = 0.003253165, Final residual = 4.5355252e-05, No Iterations 3
GAMG:  Solving for p, Initial residual = 0.0047372551, Final residual = 2.7434075e-05, No Iterations 3
GAMG:  Solving for p, Initial residual = 9.3080205e-05, Final residual = 8.8841449e-07, No Iterations 4
time step continuity errors : sum local = 9.2465052e-06, global = 2.9917943e-07, cumulative = -0.0002357032
smoothSolver:  Solving for omega, Initial residual = 0.00033297532, Final residual = 2.9079175e-06, No Iterations 2
smoothSolver:  Solving for k, Initial residual = 0.00087544286, Final residual = 8.8939884e-06, No Iterations 2
bounding k, min: 1.0753821e-16 max: 0.39497171 average: 0.057892549
ExecutionTime = 1122.4455 s  ClockTime = 1123 s

Time = 760s

smoothSolver:  Solving for Ux, Initial residual = 0.00031911167, Final residual = 4.3140169e-06, No Iterations 3
smoothSolver:  Solving for Uy, Initial residual = 0.0037545458, Final residual = 5.2785432e-05, No Iterations 3
smoothSolver:  Solving for Uz, Initial residual = 0.0032433805, Final residual = 4.5205116e-05, No Iterations 3
GAMG:  Solving for p, Initial residual = 0.004779502, Final residual = 2.7114177e-05, No Iterations 3
GAMG:  Solving for p, Initial residual = 9.3227325e-05, Final residual = 8.6155496e-07, No Iterations 4
time step continuity errors : sum local = 8.9692795e-06, global = 1.9604005e-07, cumulative = -0.00023550716
smoothSolver:  Solving for omega, Initial residual = 0.00033259056, Final residual = 2.9631176e-06, No Iterations 2
smoothSolver:  Solving for k, Initial residual = 0.00087398782, Final residual = 8.8811178e-06, No Iterations 2
bounding k, min: 1.0775445e-16 max: 0.39422868 average: 0.057890887
ExecutionTime = 1124.0804 s  ClockTime = 1125 s

Time = 761s

smoothSolver:  Solving for Ux, Initial residual = 0.00031793817, Final residual = 4.2890497e-06, No Iterations 3
smoothSolver:  Solving for Uy, Initial residual = 0.0037679862, Final residual = 5.2978608e-05, No Iterations 3
smoothSolver:  Solving for Uz, Initial residual = 0.0032340362, Final residual = 4.5102286e-05, No Iterations 3
GAMG:  Solving for p, Initial residual = 0.0048112087, Final residual = 2.715866e-05, No Iterations 3
GAMG:  Solving for p, Initial residual = 9.3073759e-05, Final residual = 8.3978966e-07, No Iterations 4
time step continuity errors : sum local = 8.7452948e-06, global = -2.9046924e-08, cumulative = -0.00023553621
smoothSolver:  Solving for omega, Initial residual = 0.00033272942, Final residual = 2.9380715e-06, No Iterations 2
smoothSolver:  Solving for k, Initial residual = 0.00087203595, Final residual = 8.9064861e-06, No Iterations 2
bounding k, min: 1.0799093e-16 max: 0.39349009 average: 0.057889684
ExecutionTime = 1125.4264 s  ClockTime = 1126 s

Time = 762s

smoothSolver:  Solving for Ux, Initial residual = 0.00031691122, Final residual = 4.2672872e-06, No Iterations 3
smoothSolver:  Solving for Uy, Initial residual = 0.0037815939, Final residual = 5.3131999e-05, No Iterations 3
smoothSolver:  Solving for Uz, Initial residual = 0.0032239405, Final residual = 4.4921339e-05, No Iterations 3
GAMG:  Solving for p, Initial residual = 0.0048501363, Final residual = 2.7585695e-05, No Iterations 3
GAMG:  Solving for p, Initial residual = 9.3687282e-05, Final residual = 8.0847885e-07, No Iterations 4
time step continuity errors : sum local = 8.4200232e-06, global = 1.2534231e-08, cumulative = -0.00023552367
smoothSolver:  Solving for omega, Initial residual = 0.0003336734, Final residual = 3.0093729e-06, No Iterations 2
smoothSolver:  Solving for k, Initial residual = 0.00086721026, Final residual = 8.7972845e-06, No Iterations 2
bounding k, min: 1.0824276e-16 max: 0.39276392 average: 0.057888376
ExecutionTime = 1126.7188 s  ClockTime = 1127 s

Time = 763s

smoothSolver:  Solving for Ux, Initial residual = 0.00031620235, Final residual = 4.2504097e-06, No Iterations 3
smoothSolver:  Solving for Uy, Initial residual = 0.0037903478, Final residual = 5.3297278e-05, No Iterations 3
smoothSolver:  Solving for Uz, Initial residual = 0.0032119416, Final residual = 4.476523e-05, No Iterations 3
GAMG:  Solving for p, Initial residual = 0.0048719869, Final residual = 2.8194796e-05, No Iterations 3
GAMG:  Solving for p, Initial residual = 9.4020613e-05, Final residual = 7.9271441e-07, No Iterations 4
time step continuity errors : sum local = 8.2561024e-06, global = -2.4315952e-07, cumulative = -0.00023576683
smoothSolver:  Solving for omega, Initial residual = 0.00033406502, Final residual = 2.9243853e-06, No Iterations 2
smoothSolver:  Solving for k, Initial residual = 0.00086121004, Final residual = 8.7632228e-06, No Iterations 2
bounding k, min: 1.0850564e-16 max: 0.39204995 average: 0.057887634
ExecutionTime = 1127.9817 s  ClockTime = 1129 s

Time = 764s

smoothSolver:  Solving for Ux, Initial residual = 0.00031569942, Final residual = 4.2359223e-06, No Iterations 3
smoothSolver:  Solving for Uy, Initial residual = 0.0038017328, Final residual = 5.345465e-05, No Iterations 3
smoothSolver:  Solving for Uz, Initial residual = 0.0032032502, Final residual = 4.4603772e-05, No Iterations 3
GAMG:  Solving for p, Initial residual = 0.0048973445, Final residual = 2.8781829e-05, No Iterations 3
GAMG:  Solving for p, Initial residual = 9.4847565e-05, Final residual = 7.7300425e-07, No Iterations 4
time step continuity errors : sum local = 8.0500333e-06, global = -3.0114038e-07, cumulative = -0.00023606797
smoothSolver:  Solving for omega, Initial residual = 0.00033371909, Final residual = 2.9774002e-06, No Iterations 2
smoothSolver:  Solving for k, Initial residual = 0.00085996698, Final residual = 8.7863287e-06, No Iterations 2
bounding k, min: 1.0877659e-16 max: 0.39135664 average: 0.057886687
ExecutionTime = 1129.3759 s  ClockTime = 1130 s

Time = 765s

smoothSolver:  Solving for Ux, Initial residual = 0.00031542332, Final residual = 4.2261328e-06, No Iterations 3
smoothSolver:  Solving for Uy, Initial residual = 0.0038168092, Final residual = 5.3672867e-05, No Iterations 3
smoothSolver:  Solving for Uz, Initial residual = 0.0032011155, Final residual = 4.4486011e-05, No Iterations 3
GAMG:  Solving for p, Initial residual = 0.0049330416, Final residual = 2.9206872e-05, No Iterations 3
GAMG:  Solving for p, Initial residual = 9.486755e-05, Final residual = 7.7633543e-07, No Iterations 4
time step continuity errors : sum local = 8.0838682e-06, global = -4.5395103e-07, cumulative = -0.00023652193
smoothSolver:  Solving for omega, Initial residual = 0.00033558905, Final residual = 2.97767e-06, No Iterations 2
smoothSolver:  Solving for k, Initial residual = 0.00085556285, Final residual = 8.718915e-06, No Iterations 2
bounding k, min: 1.0905434e-16 max: 0.39067557 average: 0.057886039
ExecutionTime = 1130.9385 s  ClockTime = 1132 s

Time = 766s

smoothSolver:  Solving for Ux, Initial residual = 0.00031528108, Final residual = 4.2186458e-06, No Iterations 3
smoothSolver:  Solving for Uy, Initial residual = 0.0038269128, Final residual = 5.3862341e-05, No Iterations 3
smoothSolver:  Solving for Uz, Initial residual = 0.00319376, Final residual = 4.4359054e-05, No Iterations 3
GAMG:  Solving for p, Initial residual = 0.0049793561, Final residual = 2.9343404e-05, No Iterations 3
GAMG:  Solving for p, Initial residual = 9.4931005e-05, Final residual = 7.6619743e-07, No Iterations 4
time step continuity errors : sum local = 7.9766865e-06, global = -4.5057805e-07, cumulative = -0.0002369725
smoothSolver:  Solving for omega, Initial residual = 0.00033316502, Final residual = 2.9900812e-06, No Iterations 2
smoothSolver:  Solving for k, Initial residual = 0.00085451334, Final residual = 8.7877178e-06, No Iterations 2
bounding k, min: 1.0928898e-16 max: 0.3900167 average: 0.057885441
ExecutionTime = 1132.4921 s  ClockTime = 1133 s

Time = 767s

smoothSolver:  Solving for Ux, Initial residual = 0.00031523771, Final residual = 4.2154372e-06, No Iterations 3
smoothSolver:  Solving for Uy, Initial residual = 0.0038395073, Final residual = 5.414611e-05, No Iterations 3
smoothSolver:  Solving for Uz, Initial residual = 0.0031940594, Final residual = 4.4287012e-05, No Iterations 3
GAMG:  Solving for p, Initial residual = 0.0050317699, Final residual = 2.9149016e-05, No Iterations 3
GAMG:  Solving for p, Initial residual = 9.4149785e-05, Final residual = 7.8203838e-07, No Iterations 4
time step continuity errors : sum local = 8.1392393e-06, global = -6.640765e-07, cumulative = -0.00023763658
smoothSolver:  Solving for omega, Initial residual = 0.000333275, Final residual = 2.903518e-06, No Iterations 2
smoothSolver:  Solving for k, Initial residual = 0.00085487411, Final residual = 8.7747772e-06, No Iterations 2
bounding k, min: 1.0958276e-16 max: 0.38937044 average: 0.057884915
ExecutionTime = 1134.0455 s  ClockTime = 1135 s

Time = 768s

smoothSolver:  Solving for Ux, Initial residual = 0.00031531429, Final residual = 4.2133439e-06, No Iterations 3
smoothSolver:  Solving for Uy, Initial residual = 0.003846003, Final residual = 5.4310593e-05, No Iterations 3
smoothSolver:  Solving for Uz, Initial residual = 0.0031957142, Final residual = 4.4242687e-05, No Iterations 3
GAMG:  Solving for p, Initial residual = 0.0050901468, Final residual = 2.8772848e-05, No Iterations 3
GAMG:  Solving for p, Initial residual = 9.350536e-05, Final residual = 7.7099143e-07, No Iterations 4
time step continuity errors : sum local = 8.0234979e-06, global = -5.5641247e-07, cumulative = -0.00023819299
smoothSolver:  Solving for omega, Initial residual = 0.00033521937, Final residual = 3.0089666e-06, No Iterations 2
smoothSolver:  Solving for k, Initial residual = 0.00085135579, Final residual = 8.7404247e-06, No Iterations 2
bounding k, min: 1.0989791e-16 max: 0.38874741 average: 0.057884321
ExecutionTime = 1135.5141 s  ClockTime = 1136 s

Time = 769s

smoothSolver:  Solving for Ux, Initial residual = 0.00031548918, Final residual = 4.2160997e-06, No Iterations 3
smoothSolver:  Solving for Uy, Initial residual = 0.0038511517, Final residual = 5.4445973e-05, No Iterations 3
smoothSolver:  Solving for Uz, Initial residual = 0.0031964732, Final residual = 4.4215941e-05, No Iterations 3
GAMG:  Solving for p, Initial residual = 0.0051387822, Final residual = 2.8120123e-05, No Iterations 3
GAMG:  Solving for p, Initial residual = 9.2214675e-05, Final residual = 7.7373186e-07, No Iterations 4
time step continuity errors : sum local = 8.0503119e-06, global = -6.8820488e-07, cumulative = -0.0002388812
smoothSolver:  Solving for omega, Initial residual = 0.00033351756, Final residual = 2.926418e-06, No Iterations 2
smoothSolver:  Solving for k, Initial residual = 0.00084474158, Final residual = 8.6546033e-06, No Iterations 2
bounding k, min: 1.1024719e-16 max: 0.38813992 average: 0.057884385
ExecutionTime = 1137.0507 s  ClockTime = 1138 s

Time = 770s

smoothSolver:  Solving for Ux, Initial residual = 0.00031564912, Final residual = 4.2177682e-06, No Iterations 3
smoothSolver:  Solving for Uy, Initial residual = 0.0038531167, Final residual = 5.4493918e-05, No Iterations 3
smoothSolver:  Solving for Uz, Initial residual = 0.0031938528, Final residual = 4.417038e-05, No Iterations 3
GAMG:  Solving for p, Initial residual = 0.0051719739, Final residual = 2.7611715e-05, No Iterations 3
GAMG:  Solving for p, Initial residual = 9.1422636e-05, Final residual = 7.3924339e-07, No Iterations 4
time step continuity errors : sum local = 7.6918807e-06, global = -6.1315175e-07, cumulative = -0.00023949435
smoothSolver:  Solving for omega, Initial residual = 0.0003314948, Final residual = 2.9118703e-06, No Iterations 2
smoothSolver:  Solving for k, Initial residual = 0.00083961176, Final residual = 8.6485645e-06, No Iterations 2
bounding k, min: 1.1064949e-16 max: 0.3875601 average: 0.057884337
ExecutionTime = 1138.6723 s  ClockTime = 1139 s

Time = 771s

smoothSolver:  Solving for Ux, Initial residual = 0.00031566765, Final residual = 4.2217547e-06, No Iterations 3
smoothSolver:  Solving for Uy, Initial residual = 0.0038506893, Final residual = 5.4543635e-05, No Iterations 3
smoothSolver:  Solving for Uz, Initial residual = 0.0031894731, Final residual = 4.4109571e-05, No Iterations 3
GAMG:  Solving for p, Initial residual = 0.0051712412, Final residual = 2.7225014e-05, No Iterations 3
GAMG:  Solving for p, Initial residual = 9.0542788e-05, Final residual = 7.6718329e-07, No Iterations 4
time step continuity errors : sum local = 7.9822948e-06, global = -5.643091e-07, cumulative = -0.00024005866
smoothSolver:  Solving for omega, Initial residual = 0.00033424838, Final residual = 2.9188776e-06, No Iterations 2
smoothSolver:  Solving for k, Initial residual = 0.00083598047, Final residual = 8.6074764e-06, No Iterations 2
bounding k, min: 1.1112943e-16 max: 0.3869962 average: 0.057884693
ExecutionTime = 1140.1958 s  ClockTime = 1141 s

Time = 772s

smoothSolver:  Solving for Ux, Initial residual = 0.0003158075, Final residual = 4.2248648e-06, No Iterations 3
smoothSolver:  Solving for Uy, Initial residual = 0.0038415828, Final residual = 5.4476601e-05, No Iterations 3
smoothSolver:  Solving for Uz, Initial residual = 0.0031854598, Final residual = 4.4065095e-05, No Iterations 3
GAMG:  Solving for p, Initial residual = 0.0051638271, Final residual = 2.7179375e-05, No Iterations 3
GAMG:  Solving for p, Initial residual = 9.0454885e-05, Final residual = 7.4778558e-07, No Iterations 4
time step continuity errors : sum local = 7.781687e-06, global = -5.2350203e-07, cumulative = -0.00024058216
smoothSolver:  Solving for omega, Initial residual = 0.00033313868, Final residual = 2.9703449e-06, No Iterations 2
smoothSolver:  Solving for k, Initial residual = 0.00083464707, Final residual = 8.645998e-06, No Iterations 2
bounding k, min: 1.1171629e-16 max: 0.38645485 average: 0.05788491
ExecutionTime = 1141.7839 s  ClockTime = 1143 s

Time = 773s

smoothSolver:  Solving for Ux, Initial residual = 0.00031579726, Final residual = 4.2283486e-06, No Iterations 3
smoothSolver:  Solving for Uy, Initial residual = 0.0038319536, Final residual = 5.4397306e-05, No Iterations 3
smoothSolver:  Solving for Uz, Initial residual = 0.0031811137, Final residual = 4.4037984e-05, No Iterations 3
GAMG:  Solving for p, Initial residual = 0.0051366353, Final residual = 2.7439389e-05, No Iterations 3
GAMG:  Solving for p, Initial residual = 9.0197422e-05, Final residual = 7.4888927e-07, No Iterations 4
time step continuity errors : sum local = 7.7943953e-06, global = -5.8977304e-07, cumulative = -0.00024117193
smoothSolver:  Solving for omega, Initial residual = 0.0003329648, Final residual = 2.8980903e-06, No Iterations 2
smoothSolver:  Solving for k, Initial residual = 0.00083121376, Final residual = 8.5764965e-06, No Iterations 2
bounding k, min: 1.1246187e-16 max: 0.3859296 average: 0.057885349
ExecutionTime = 1143.5076 s  ClockTime = 1144 s

Time = 774s

smoothSolver:  Solving for Ux, Initial residual = 0.00031579527, Final residual = 4.2310772e-06, No Iterations 3
smoothSolver:  Solving for Uy, Initial residual = 0.0038158473, Final residual = 5.4231204e-05, No Iterations 3
smoothSolver:  Solving for Uz, Initial residual = 0.0031728426, Final residual = 4.3974287e-05, No Iterations 3
GAMG:  Solving for p, Initial residual = 0.0051129312, Final residual = 2.7884772e-05, No Iterations 3
GAMG:  Solving for p, Initial residual = 9.0685322e-05, Final residual = 7.0487684e-07, No Iterations 4
time step continuity errors : sum local = 7.3380906e-06, global = -5.3445385e-07, cumulative = -0.00024170639
smoothSolver:  Solving for omega, Initial residual = 0.0003331248, Final residual = 2.9657505e-06, No Iterations 2
smoothSolver:  Solving for k, Initial residual = 0.00082666303, Final residual = 8.5610218e-06, No Iterations 2
bounding k, min: 1.1334618e-16 max: 0.38542473 average: 0.057885841
ExecutionTime = 1145.1123 s  ClockTime = 1146 s

Time = 775s

smoothSolver:  Solving for Ux, Initial residual = 0.00031578153, Final residual = 4.2335964e-06, No Iterations 3
smoothSolver:  Solving for Uy, Initial residual = 0.0037997422, Final residual = 5.404872e-05, No Iterations 3
smoothSolver:  Solving for Uz, Initial residual = 0.0031659161, Final residual = 4.3918404e-05, No Iterations 3
GAMG:  Solving for p, Initial residual = 0.0050970663, Final residual = 2.8502486e-05, No Iterations 3
GAMG:  Solving for p, Initial residual = 9.0815695e-05, Final residual = 6.9590546e-07, No Iterations 4
time step continuity errors : sum local = 7.2447902e-06, global = -6.4780996e-07, cumulative = -0.0002423542
smoothSolver:  Solving for omega, Initial residual = 0.0003336803, Final residual = 2.9159653e-06, No Iterations 2
smoothSolver:  Solving for k, Initial residual = 0.00082423797, Final residual = 8.5409796e-06, No Iterations 2
bounding k, min: 1.1457255e-16 max: 0.38493139 average: 0.057886124
ExecutionTime = 1146.6684 s  ClockTime = 1147 s

Time = 776s

smoothSolver:  Solving for Ux, Initial residual = 0.00031598831, Final residual = 4.2348574e-06, No Iterations 3
smoothSolver:  Solving for Uy, Initial residual = 0.0037826137, Final residual = 5.3776814e-05, No Iterations 3
smoothSolver:  Solving for Uz, Initial residual = 0.003160422, Final residual = 4.3884623e-05, No Iterations 3
GAMG:  Solving for p, Initial residual = 0.0050706098, Final residual = 2.8985623e-05, No Iterations 3
GAMG:  Solving for p, Initial residual = 9.0986187e-05, Final residual = 6.3733289e-07, No Iterations 4
time step continuity errors : sum local = 6.636357e-06, global = -5.8614122e-07, cumulative = -0.00024294034
smoothSolver:  Solving for omega, Initial residual = 0.00033319097, Final residual = 2.9788972e-06, No Iterations 2
smoothSolver:  Solving for k, Initial residual = 0.00082146393, Final residual = 8.5364467e-06, No Iterations 2
bounding k, min: 1.1436585e-16 max: 0.38445388 average: 0.057886514
ExecutionTime = 1148.2678 s  ClockTime = 1149 s

Time = 777s

smoothSolver:  Solving for Ux, Initial residual = 0.00031605552, Final residual = 4.2355468e-06, No Iterations 3
smoothSolver:  Solving for Uy, Initial residual = 0.0037629624, Final residual = 5.351378e-05, No Iterations 3
smoothSolver:  Solving for Uz, Initial residual = 0.0031543347, Final residual = 4.3818713e-05, No Iterations 3
GAMG:  Solving for p, Initial residual = 0.0050419468, Final residual = 2.9467264e-05, No Iterations 3
GAMG:  Solving for p, Initial residual = 9.0808491e-05, Final residual = 6.3532554e-07, No Iterations 4
time step continuity errors : sum local = 6.6149845e-06, global = -7.0577176e-07, cumulative = -0.00024364611
smoothSolver:  Solving for omega, Initial residual = 0.00033348154, Final residual = 2.9367877e-06, No Iterations 2
smoothSolver:  Solving for k, Initial residual = 0.00082167968, Final residual = 8.5277921e-06, No Iterations 2
bounding k, min: 1.1609167e-16 max: 0.38398354 average: 0.057886667
ExecutionTime = 1149.8305 s  ClockTime = 1151 s

Time = 778s

smoothSolver:  Solving for Ux, Initial residual = 0.00031632164, Final residual = 4.237053e-06, No Iterations 3
smoothSolver:  Solving for Uy, Initial residual = 0.0037402405, Final residual = 5.318047e-05, No Iterations 3
smoothSolver:  Solving for Uz, Initial residual = 0.003145881, Final residual = 4.3763458e-05, No Iterations 3
GAMG:  Solving for p, Initial residual = 0.0050176286, Final residual = 2.9751427e-05, No Iterations 3
GAMG:  Solving for p, Initial residual = 9.0745702e-05, Final residual = 5.7774746e-07, No Iterations 4
time step continuity errors : sum local = 6.0158218e-06, global = -7.2106233e-07, cumulative = -0.00024436717
smoothSolver:  Solving for omega, Initial residual = 0.00033149278, Final residual = 2.9579391e-06, No Iterations 2
smoothSolver:  Solving for k, Initial residual = 0.00081907448, Final residual = 8.5186047e-06, No Iterations 2
bounding k, min: 1.1809104e-16 max: 0.38353387 average: 0.057886817
ExecutionTime = 1151.2813 s  ClockTime = 1152 s

Time = 779s

smoothSolver:  Solving for Ux, Initial residual = 0.00031648611, Final residual = 4.2394372e-06, No Iterations 3
smoothSolver:  Solving for Uy, Initial residual = 0.0037157188, Final residual = 5.2866592e-05, No Iterations 3
smoothSolver:  Solving for Uz, Initial residual = 0.0031365049, Final residual = 4.3672432e-05, No Iterations 3
GAMG:  Solving for p, Initial residual = 0.0049991597, Final residual = 2.9901544e-05, No Iterations 3
GAMG:  Solving for p, Initial residual = 9.0539169e-05, Final residual = 5.7067168e-07, No Iterations 4
time step continuity errors : sum local = 5.9406535e-06, global = -7.5199401e-07, cumulative = -0.00024511917
smoothSolver:  Solving for omega, Initial residual = 0.00033191597, Final residual = 2.9037626e-06, No Iterations 2
smoothSolver:  Solving for k, Initial residual = 0.00081643879, Final residual = 8.5107528e-06, No Iterations 2
bounding k, min: 1.2038457e-16 max: 0.38310048 average: 0.057886694
ExecutionTime = 1152.5758 s  ClockTime = 1153 s

Time = 780s

smoothSolver:  Solving for Ux, Initial residual = 0.0003168645, Final residual = 4.2438086e-06, No Iterations 3
smoothSolver:  Solving for Uy, Initial residual = 0.0036887171, Final residual = 5.2507241e-05, No Iterations 3
smoothSolver:  Solving for Uz, Initial residual = 0.0031244625, Final residual = 4.3564375e-05, No Iterations 3
GAMG:  Solving for p, Initial residual = 0.0049625723, Final residual = 2.9796699e-05, No Iterations 3
GAMG:  Solving for p, Initial residual = 9.0933413e-05, Final residual = 5.4319125e-07, No Iterations 4
time step continuity errors : sum local = 5.6534685e-06, global = -7.6843243e-07, cumulative = -0.0002458876
smoothSolver:  Solving for omega, Initial residual = 0.00033198511, Final residual = 2.9572723e-06, No Iterations 2
smoothSolver:  Solving for k, Initial residual = 0.00081488691, Final residual = 8.5030404e-06, No Iterations 2
bounding k, min: 1.2297627e-16 max: 0.38269252 average: 0.057886356
ExecutionTime = 1153.8857 s  ClockTime = 1155 s

Time = 781s

smoothSolver:  Solving for Ux, Initial residual = 0.00031705549, Final residual = 4.2492016e-06, No Iterations 3
smoothSolver:  Solving for Uy, Initial residual = 0.0036623739, Final residual = 5.2142955e-05, No Iterations 3
smoothSolver:  Solving for Uz, Initial residual = 0.003114909, Final residual = 4.3469534e-05, No Iterations 3
GAMG:  Solving for p, Initial residual = 0.0049181731, Final residual = 2.980062e-05, No Iterations 3
GAMG:  Solving for p, Initial residual = 9.1296741e-05, Final residual = 5.8892515e-07, No Iterations 4
time step continuity errors : sum local = 6.1256731e-06, global = -1.1346099e-06, cumulative = -0.00024702221
smoothSolver:  Solving for omega, Initial residual = 0.00033286905, Final residual = 2.9058432e-06, No Iterations 2
smoothSolver:  Solving for k, Initial residual = 0.0008150391, Final residual = 8.5002384e-06, No Iterations 2
bounding k, min: 1.2585676e-16 max: 0.38229754 average: 0.057885533
ExecutionTime = 1155.4668 s  ClockTime = 1156 s

Time = 782s

smoothSolver:  Solving for Ux, Initial residual = 0.00031744078, Final residual = 4.255847e-06, No Iterations 3
smoothSolver:  Solving for Uy, Initial residual = 0.0036379352, Final residual = 5.1756855e-05, No Iterations 3
smoothSolver:  Solving for Uz, Initial residual = 0.0031054862, Final residual = 4.3368356e-05, No Iterations 3
GAMG:  Solving for p, Initial residual = 0.0048735456, Final residual = 2.9609065e-05, No Iterations 3
GAMG:  Solving for p, Initial residual = 9.1423937e-05, Final residual = 5.9255084e-07, No Iterations 4
time step continuity errors : sum local = 6.1605571e-06, global = -1.4693318e-06, cumulative = -0.00024849154
smoothSolver:  Solving for omega, Initial residual = 0.00033177938, Final residual = 2.9328152e-06, No Iterations 2
smoothSolver:  Solving for k, Initial residual = 0.00081512494, Final residual = 8.5325612e-06, No Iterations 2
bounding k, min: 1.2900791e-16 max: 0.38192134 average: 0.057884719
ExecutionTime = 1157.0076 s  ClockTime = 1158 s

Time = 783s

smoothSolver:  Solving for Ux, Initial residual = 0.00031769323, Final residual = 4.2633827e-06, No Iterations 3
smoothSolver:  Solving for Uy, Initial residual = 0.0036107848, Final residual = 5.1361736e-05, No Iterations 3
smoothSolver:  Solving for Uz, Initial residual = 0.0030971266, Final residual = 4.3263878e-05, No Iterations 3
GAMG:  Solving for p, Initial residual = 0.0048148447, Final residual = 2.951302e-05, No Iterations 3
GAMG:  Solving for p, Initial residual = 9.1092814e-05, Final residual = 6.2867223e-07, No Iterations 4
time step continuity errors : sum local = 6.530578e-06, global = -1.4946359e-06, cumulative = -0.00024998618
smoothSolver:  Solving for omega, Initial residual = 0.00033287244, Final residual = 2.9378349e-06, No Iterations 2
smoothSolver:  Solving for k, Initial residual = 0.00081514911, Final residual = 8.5148779e-06, No Iterations 2
bounding k, min: 1.3240375e-16 max: 0.38155255 average: 0.057883862
ExecutionTime = 1158.5093 s  ClockTime = 1159 s

Time = 784s

smoothSolver:  Solving for Ux, Initial residual = 0.00031798795, Final residual = 4.2708261e-06, No Iterations 3
smoothSolver:  Solving for Uy, Initial residual = 0.0035842823, Final residual = 5.0906095e-05, No Iterations 3
smoothSolver:  Solving for Uz, Initial residual = 0.0030872319, Final residual = 4.3147225e-05, No Iterations 3
GAMG:  Solving for p, Initial residual = 0.0047580076, Final residual = 2.9144516e-05, No Iterations 3
GAMG:  Solving for p, Initial residual = 9.0551682e-05, Final residual = 6.2805375e-07, No Iterations 4
time step continuity errors : sum local = 6.5194381e-06, global = -1.3210825e-06, cumulative = -0.00025130726
smoothSolver:  Solving for omega, Initial residual = 0.00033155629, Final residual = 2.9499706e-06, No Iterations 2
smoothSolver:  Solving for k, Initial residual = 0.00081516546, Final residual = 8.5154351e-06, No Iterations 2
bounding k, min: 1.2688753e-16 max: 0.3811992 average: 0.057882608
ExecutionTime = 1159.8269 s  ClockTime = 1161 s

Time = 785s

smoothSolver:  Solving for Ux, Initial residual = 0.0003180207, Final residual = 4.2772899e-06, No Iterations 3
smoothSolver:  Solving for Uy, Initial residual = 0.0035601263, Final residual = 5.0485931e-05, No Iterations 3
smoothSolver:  Solving for Uz, Initial residual = 0.003077292, Final residual = 4.3040617e-05, No Iterations 3
GAMG:  Solving for p, Initial residual = 0.0046897295, Final residual = 2.8736628e-05, No Iterations 3
GAMG:  Solving for p, Initial residual = 8.9469122e-05, Final residual = 6.6740437e-07, No Iterations 4
time step continuity errors : sum local = 6.9205962e-06, global = -1.2991137e-06, cumulative = -0.00025260637
smoothSolver:  Solving for omega, Initial residual = 0.00033044281, Final residual = 2.8877447e-06, No Iterations 2
smoothSolver:  Solving for k, Initial residual = 0.00081535048, Final residual = 8.5094941e-06, No Iterations 2
bounding k, min: 1.1708855e-16 max: 0.38085741 average: 0.057881656
ExecutionTime = 1161.1829 s  ClockTime = 1162 s

Time = 786s

smoothSolver:  Solving for Ux, Initial residual = 0.00031809301, Final residual = 4.2821719e-06, No Iterations 3
smoothSolver:  Solving for Uy, Initial residual = 0.0035380417, Final residual = 5.0074189e-05, No Iterations 3
smoothSolver:  Solving for Uz, Initial residual = 0.0030681762, Final residual = 4.2928417e-05, No Iterations 3
GAMG:  Solving for p, Initial residual = 0.0046260642, Final residual = 2.8021411e-05, No Iterations 3
GAMG:  Solving for p, Initial residual = 8.8053041e-05, Final residual = 6.411274e-07, No Iterations 4
time step continuity errors : sum local = 6.6417742e-06, global = -1.1544546e-06, cumulative = -0.00025376083
smoothSolver:  Solving for omega, Initial residual = 0.00033136748, Final residual = 2.9456739e-06, No Iterations 2
smoothSolver:  Solving for k, Initial residual = 0.0008162097, Final residual = 8.5298338e-06, No Iterations 2
bounding k, min: 1.1139335e-16 max: 0.38053281 average: 0.057880569
ExecutionTime = 1162.5008 s  ClockTime = 1163 s

Time = 787s

smoothSolver:  Solving for Ux, Initial residual = 0.00031795872, Final residual = 4.2852437e-06, No Iterations 3
smoothSolver:  Solving for Uy, Initial residual = 0.0035153713, Final residual = 4.9672717e-05, No Iterations 3
smoothSolver:  Solving for Uz, Initial residual = 0.0030553146, Final residual = 4.2800637e-05, No Iterations 3
GAMG:  Solving for p, Initial residual = 0.0045677934, Final residual = 2.7176456e-05, No Iterations 3
GAMG:  Solving for p, Initial residual = 8.6356793e-05, Final residual = 6.5694789e-07, No Iterations 4
time step continuity errors : sum local = 6.7971162e-06, global = -1.1106559e-06, cumulative = -0.00025487148
smoothSolver:  Solving for omega, Initial residual = 0.00033272088, Final residual = 2.939015e-06, No Iterations 2
smoothSolver:  Solving for k, Initial residual = 0.00081687967, Final residual = 8.5150604e-06, No Iterations 2
bounding k, min: 1.1069753e-16 max: 0.38022156 average: 0.05787934
ExecutionTime = 1163.82 s  ClockTime = 1165 s

Time = 788s

smoothSolver:  Solving for Ux, Initial residual = 0.00031779033, Final residual = 4.284333e-06, No Iterations 3
smoothSolver:  Solving for Uy, Initial residual = 0.0034940535, Final residual = 4.9280057e-05, No Iterations 3
smoothSolver:  Solving for Uz, Initial residual = 0.0030421348, Final residual = 4.2668139e-05, No Iterations 3
GAMG:  Solving for p, Initial residual = 0.0045157112, Final residual = 2.6135061e-05, No Iterations 3
GAMG:  Solving for p, Initial residual = 8.4612452e-05, Final residual = 6.2493955e-07, No Iterations 4
time step continuity errors : sum local = 6.459608e-06, global = -1.0459348e-06, cumulative = -0.00025591742
smoothSolver:  Solving for omega, Initial residual = 0.00033279501, Final residual = 2.9919873e-06, No Iterations 2
smoothSolver:  Solving for k, Initial residual = 0.00081938631, Final residual = 8.5597074e-06, No Iterations 2
bounding k, min: 1.0600447e-16 max: 0.37993291 average: 0.057878302
ExecutionTime = 1165.0211 s  ClockTime = 1166 s

Time = 789s

smoothSolver:  Solving for Ux, Initial residual = 0.00031739818, Final residual = 4.2809252e-06, No Iterations 3
smoothSolver:  Solving for Uy, Initial residual = 0.0034769176, Final residual = 4.8940048e-05, No Iterations 3
smoothSolver:  Solving for Uz, Initial residual = 0.0030306076, Final residual = 4.2513821e-05, No Iterations 3
GAMG:  Solving for p, Initial residual = 0.0044566241, Final residual = 2.5317762e-05, No Iterations 3
GAMG:  Solving for p, Initial residual = 8.3227745e-05, Final residual = 6.2061823e-07, No Iterations 4
time step continuity errors : sum local = 6.4087454e-06, global = -9.5357689e-07, cumulative = -0.00025687099
smoothSolver:  Solving for omega, Initial residual = 0.00033305918, Final residual = 2.9446474e-06, No Iterations 2
smoothSolver:  Solving for k, Initial residual = 0.00081965626, Final residual = 8.5165348e-06, No Iterations 2
bounding k, min: 1.0042947e-16 max: 0.37965721 average: 0.057877676
ExecutionTime = 1166.1985 s  ClockTime = 1167 s

Time = 790s

smoothSolver:  Solving for Ux, Initial residual = 0.00031685353, Final residual = 4.2720893e-06, No Iterations 3
smoothSolver:  Solving for Uy, Initial residual = 0.0034587014, Final residual = 4.8566474e-05, No Iterations 3
smoothSolver:  Solving for Uz, Initial residual = 0.0030167875, Final residual = 4.2393079e-05, No Iterations 3
GAMG:  Solving for p, Initial residual = 0.0044022721, Final residual = 2.4550786e-05, No Iterations 3
GAMG:  Solving for p, Initial residual = 8.194627e-05, Final residual = 5.6593232e-07, No Iterations 4
time step continuity errors : sum local = 5.8400034e-06, global = -7.7012551e-07, cumulative = -0.00025764112
smoothSolver:  Solving for omega, Initial residual = 0.00032955238, Final residual = 2.9194259e-06, No Iterations 2
smoothSolver:  Solving for k, Initial residual = 0.00082288133, Final residual = 8.5881129e-06, No Iterations 2
bounding k, min: 9.72393e-17 max: 0.3794008 average: 0.057876935
ExecutionTime = 1167.5845 s  ClockTime = 1168 s

Time = 791s

smoothSolver:  Solving for Ux, Initial residual = 0.00031601192, Final residual = 4.2615028e-06, No Iterations 3
smoothSolver:  Solving for Uy, Initial residual = 0.0034447639, Final residual = 4.8275111e-05, No Iterations 3
smoothSolver:  Solving for Uz, Initial residual = 0.0030052564, Final residual = 4.2255331e-05, No Iterations 3
GAMG:  Solving for p, Initial residual = 0.0043580916, Final residual = 2.4201755e-05, No Iterations 3
GAMG:  Solving for p, Initial residual = 8.1179475e-05, Final residual = 5.8841072e-07, No Iterations 4
time step continuity errors : sum local = 6.0681224e-06, global = -7.6566721e-07, cumulative = -0.00025840679
smoothSolver:  Solving for omega, Initial residual = 0.00033050232, Final residual = 2.8906773e-06, No Iterations 2
smoothSolver:  Solving for k, Initial residual = 0.00082282865, Final residual = 8.5140109e-06, No Iterations 2
bounding k, min: 9.579208e-17 max: 0.37916188 average: 0.057876563
ExecutionTime = 1168.9948 s  ClockTime = 1170 s

Time = 792s

smoothSolver:  Solving for Ux, Initial residual = 0.00031511254, Final residual = 4.2472031e-06, No Iterations 3
smoothSolver:  Solving for Uy, Initial residual = 0.0034276753, Final residual = 4.7936713e-05, No Iterations 3
smoothSolver:  Solving for Uz, Initial residual = 0.0029900636, Final residual = 4.2060083e-05, No Iterations 3
GAMG:  Solving for p, Initial residual = 0.0043123429, Final residual = 2.3782164e-05, No Iterations 3
GAMG:  Solving for p, Initial residual = 8.0430271e-05, Final residual = 5.473977e-07, No Iterations 4
time step continuity errors : sum local = 5.6430187e-06, global = -5.496607e-07, cumulative = -0.00025895645
smoothSolver:  Solving for omega, Initial residual = 0.00033210209, Final residual = 2.9931777e-06, No Iterations 2
smoothSolver:  Solving for k, Initial residual = 0.00082211549, Final residual = 8.4974604e-06, No Iterations 2
bounding k, min: 9.4699198e-17 max: 0.3789443 average: 0.057876349
ExecutionTime = 1170.5949 s  ClockTime = 1171 s

Time = 793s

smoothSolver:  Solving for Ux, Initial residual = 0.00031395262, Final residual = 4.2315785e-06, No Iterations 3
smoothSolver:  Solving for Uy, Initial residual = 0.0034121954, Final residual = 4.760582e-05, No Iterations 3
smoothSolver:  Solving for Uz, Initial residual = 0.0029750103, Final residual = 4.1859186e-05, No Iterations 3
GAMG:  Solving for p, Initial residual = 0.0042604175, Final residual = 2.3516817e-05, No Iterations 3
GAMG:  Solving for p, Initial residual = 7.9877184e-05, Final residual = 5.5939115e-07, No Iterations 4
time step continuity errors : sum local = 5.7643684e-06, global = -2.2922726e-09, cumulative = -0.00025895874
smoothSolver:  Solving for omega, Initial residual = 0.00033127517, Final residual = 2.9179171e-06, No Iterations 2
smoothSolver:  Solving for k, Initial residual = 0.00082214625, Final residual = 8.4828069e-06, No Iterations 2
bounding k, min: 9.2755884e-17 max: 0.37874405 average: 0.057876676
ExecutionTime = 1171.9216 s  ClockTime = 1173 s

Time = 794s

smoothSolver:  Solving for Ux, Initial residual = 0.0003127256, Final residual = 4.2122125e-06, No Iterations 3
smoothSolver:  Solving for Uy, Initial residual = 0.0033949429, Final residual = 4.7254972e-05, No Iterations 3
smoothSolver:  Solving for Uz, Initial residual = 0.0029603471, Final residual = 4.1629794e-05, No Iterations 3
GAMG:  Solving for p, Initial residual = 0.004210648, Final residual = 2.3252118e-05, No Iterations 3
GAMG:  Solving for p, Initial residual = 7.9166481e-05, Final residual = 5.5422388e-07, No Iterations 4
time step continuity errors : sum local = 5.7100818e-06, global = 1.1889083e-07, cumulative = -0.00025883985
smoothSolver:  Solving for omega, Initial residual = 0.0003290592, Final residual = 2.9175954e-06, No Iterations 2
smoothSolver:  Solving for k, Initial residual = 0.00082266278, Final residual = 8.4671372e-06, No Iterations 2
bounding k, min: 9.2241714e-17 max: 0.37857395 average: 0.057877286
ExecutionTime = 1173.2271 s  ClockTime = 1174 s

Time = 795s

smoothSolver:  Solving for Ux, Initial residual = 0.00031124221, Final residual = 4.1919936e-06, No Iterations 3
smoothSolver:  Solving for Uy, Initial residual = 0.0033770377, Final residual = 4.6903312e-05, No Iterations 3
smoothSolver:  Solving for Uz, Initial residual = 0.0029467704, Final residual = 4.1401278e-05, No Iterations 3
GAMG:  Solving for p, Initial residual = 0.0041555092, Final residual = 2.2915669e-05, No Iterations 3
GAMG:  Solving for p, Initial residual = 7.8435769e-05, Final residual = 6.027135e-07, No Iterations 4
time step continuity errors : sum local = 6.2084741e-06, global = 4.8760779e-07, cumulative = -0.00025835224
smoothSolver:  Solving for omega, Initial residual = 0.00033167701, Final residual = 2.945131e-06, No Iterations 2
smoothSolver:  Solving for k, Initial residual = 0.00082559229, Final residual = 8.4978898e-06, No Iterations 2
bounding k, min: 9.2267375e-17 max: 0.37842556 average: 0.057877878
ExecutionTime = 1174.5302 s  ClockTime = 1175 s

Time = 796s

smoothSolver:  Solving for Ux, Initial residual = 0.00030975776, Final residual = 4.168309e-06, No Iterations 3
smoothSolver:  Solving for Uy, Initial residual = 0.0033574627, Final residual = 4.6544752e-05, No Iterations 3
smoothSolver:  Solving for Uz, Initial residual = 0.002935512, Final residual = 4.1144938e-05, No Iterations 3
GAMG:  Solving for p, Initial residual = 0.0041063182, Final residual = 2.2439322e-05, No Iterations 3
GAMG:  Solving for p, Initial residual = 7.7236716e-05, Final residual = 5.9971173e-07, No Iterations 4
time step continuity errors : sum local = 6.1776443e-06, global = 6.964597e-07, cumulative = -0.00025765578
smoothSolver:  Solving for omega, Initial residual = 0.00033061013, Final residual = 2.9542023e-06, No Iterations 2
smoothSolver:  Solving for k, Initial residual = 0.00082619639, Final residual = 8.4524405e-06, No Iterations 2
bounding k, min: 9.1653627e-17 max: 0.37830701 average: 0.057878851
ExecutionTime = 1175.7525 s  ClockTime = 1177 s

Time = 797s

smoothSolver:  Solving for Ux, Initial residual = 0.00030798906, Final residual = 4.1438409e-06, No Iterations 3
smoothSolver:  Solving for Uy, Initial residual = 0.0033385033, Final residual = 4.6186484e-05, No Iterations 3
smoothSolver:  Solving for Uz, Initial residual = 0.0029227349, Final residual = 4.087235e-05, No Iterations 3
GAMG:  Solving for p, Initial residual = 0.0040517744, Final residual = 2.2075165e-05, No Iterations 3
GAMG:  Solving for p, Initial residual = 7.5980538e-05, Final residual = 6.3208086e-07, No Iterations 4
time step continuity errors : sum local = 6.509853e-06, global = 7.8176799e-07, cumulative = -0.00025687401
smoothSolver:  Solving for omega, Initial residual = 0.00032891522, Final residual = 2.8808827e-06, No Iterations 2
smoothSolver:  Solving for k, Initial residual = 0.00082704409, Final residual = 8.4677017e-06, No Iterations 2
bounding k, min: 9.2342717e-17 max: 0.37821092 average: 0.057879633
ExecutionTime = 1176.9838 s  ClockTime = 1178 s

Time = 798s

smoothSolver:  Solving for Ux, Initial residual = 0.00030624471, Final residual = 4.1175094e-06, No Iterations 3
smoothSolver:  Solving for Uy, Initial residual = 0.003316323, Final residual = 4.5829171e-05, No Iterations 3
smoothSolver:  Solving for Uz, Initial residual = 0.0029103451, Final residual = 4.0591161e-05, No Iterations 3
GAMG:  Solving for p, Initial residual = 0.0040038433, Final residual = 2.1611154e-05, No Iterations 3
GAMG:  Solving for p, Initial residual = 7.4365353e-05, Final residual = 6.0481166e-07, No Iterations 4
time step continuity errors : sum local = 6.2290363e-06, global = 8.5836418e-07, cumulative = -0.00025601565
smoothSolver:  Solving for omega, Initial residual = 0.00033060033, Final residual = 2.9827992e-06, No Iterations 2
smoothSolver:  Solving for k, Initial residual = 0.00082765441, Final residual = 8.4304867e-06, No Iterations 2
bounding k, min: 9.1682517e-17 max: 0.3781418 average: 0.057880575
ExecutionTime = 1178.1548 s  ClockTime = 1179 s

Time = 799s

smoothSolver:  Solving for Ux, Initial residual = 0.00030436346, Final residual = 4.08957e-06, No Iterations 3
smoothSolver:  Solving for Uy, Initial residual = 0.0032963574, Final residual = 4.5499979e-05, No Iterations 3
smoothSolver:  Solving for Uz, Initial residual = 0.0028981367, Final residual = 4.0344393e-05, No Iterations 3
GAMG:  Solving for p, Initial residual = 0.0039470208, Final residual = 2.1109457e-05, No Iterations 3
GAMG:  Solving for p, Initial residual = 7.2804096e-05, Final residual = 6.1985482e-07, No Iterations 4
time step continuity errors : sum local = 6.3827946e-06, global = 9.7271734e-07, cumulative = -0.00025504293
smoothSolver:  Solving for omega, Initial residual = 0.0003313524, Final residual = 2.9076179e-06, No Iterations 2
smoothSolver:  Solving for k, Initial residual = 0.00082814885, Final residual = 8.4243447e-06, No Iterations 2
bounding k, min: 9.2266605e-17 max: 0.37809635 average: 0.05788168
ExecutionTime = 1179.3707 s  ClockTime = 1180 s

Time = 800s

smoothSolver:  Solving for Ux, Initial residual = 0.0003026183, Final residual = 4.061992e-06, No Iterations 3
smoothSolver:  Solving for Uy, Initial residual = 0.0032766289, Final residual = 4.5184192e-05, No Iterations 3
smoothSolver:  Solving for Uz, Initial residual = 0.0028865056, Final residual = 4.0099039e-05, No Iterations 3
GAMG:  Solving for p, Initial residual = 0.003901717, Final residual = 2.0741492e-05, No Iterations 3
GAMG:  Solving for p, Initial residual = 7.137326e-05, Final residual = 5.5027386e-07, No Iterations 4
time step continuity errors : sum local = 5.6655216e-06, global = 8.0290415e-07, cumulative = -0.00025424003
smoothSolver:  Solving for omega, Initial residual = 0.00033008003, Final residual = 2.917279e-06, No Iterations 2
smoothSolver:  Solving for k, Initial residual = 0.00082862773, Final residual = 8.4082344e-06, No Iterations 2
bounding k, min: 9.2305836e-17 max: 0.37807956 average: 0.057882562
ExecutionTime = 1180.5711 s  ClockTime = 1181 s

End
