#       point_x         point_y         point_z             U_x             U_y             U_z               p
           0.35          -0.096          -0.096      0.20793634     -0.18561029     -0.20960001               0
           0.35            -0.1          -0.096      0.13125941    -0.080665484      -0.1016846     0.036030613
           0.35            -0.1            -0.1      0.10378808    -0.049830266    -0.056503368      0.05318845
           0.35          -0.096            -0.1      0.13348227    -0.088654151     -0.08994606     0.036757451
           0.35          -0.092          -0.096       0.1283867     -0.23623516     -0.22167952               0
           0.35          -0.092            -0.1      0.10033211     -0.11671971     -0.09874538     0.032696769
           0.35          -0.088          -0.096     0.084995196     -0.27800764     -0.23250505               0
           0.35          -0.088            -0.1     0.080873961     -0.13890337     -0.10531772     0.031123162
           0.35          -0.084          -0.096     0.053973652     -0.30413298     -0.24205738               0
           0.35          -0.084            -0.1     0.065943519     -0.15205874     -0.11039391     0.030224138
           0.35           -0.08          -0.096     0.033389282     -0.32130781     -0.25042549               0
           0.35           -0.08            -0.1     0.055605909     -0.16020307     -0.11428997     0.029894135
           0.35          -0.076          -0.096     0.022448733     -0.33170619     -0.25863536               0
           0.35          -0.076            -0.1     0.050063453     -0.16475913     -0.11788375     0.029910907
           0.35          -0.072          -0.096     0.019223328     -0.33650573     -0.26695185               0
           0.35          -0.072            -0.1     0.048338512     -0.16650281     -0.12142274     0.030142084
           0.35          -0.068          -0.096     0.022241577     -0.33646494     -0.27531674               0
           0.35          -0.068            -0.1     0.049621474     -0.16590494     -0.12494706     0.030510109
           0.35          -0.064          -0.096     0.030345795     -0.33214867     -0.28356133               0
           0.35          -0.064            -0.1     0.053275783     -0.16328513     -0.12841444     0.030981312
           0.35           -0.06          -0.096     0.042657744     -0.32401774     -0.29153631               0
           0.35           -0.06            -0.1     0.058768732      -0.1588713     -0.13176704      0.03153941
           0.35          -0.056          -0.096     0.058120239      -0.3124428     -0.29913005               0
           0.35          -0.056            -0.1     0.065551957     -0.15283436     -0.13496387      0.03216409
           0.35          -0.052          -0.096     0.075398722     -0.29768829     -0.30621914               0
           0.35          -0.052            -0.1     0.073019504     -0.14530024     -0.13795104     0.032835022
           0.35          -0.048          -0.096     0.093260328     -0.27994604     -0.31270036               0
           0.35          -0.048            -0.1     0.080614218     -0.13635698     -0.14068885        0.033533
           0.35          -0.044          -0.096      0.11068341     -0.25939434     -0.31857079               0
           0.35          -0.044            -0.1     0.087932145     -0.12609564     -0.14317674     0.034216579
           0.35           -0.04          -0.096      0.12647356      -0.2362033     -0.32371271               0
           0.35           -0.04            -0.1     0.094255651     -0.11460135     -0.14529321     0.034845223
           0.35          -0.036          -0.096      0.14026098     -0.21052042     -0.32827134               0
           0.35          -0.036            -0.1     0.099421075     -0.10192872     -0.14712819     0.035372196
           0.35          -0.032          -0.096       0.1523603     -0.18256491     -0.33258204               0
           0.35          -0.032            -0.1      0.10385221    -0.088178246     -0.14893768     0.035739845
           0.35          -0.028          -0.096      0.16247305     -0.15261676     -0.33667247               0
           0.35          -0.028            -0.1       0.1074767    -0.073497417      -0.1507743      0.03590935
           0.35          -0.024          -0.096      0.17026109     -0.12096349     -0.34054068               0
           0.35          -0.024            -0.1      0.11013441    -0.058032242       -0.152646     0.035852483
           0.35           -0.02          -0.096      0.17553062    -0.087937953     -0.34417558               0
           0.35           -0.02            -0.1      0.11173064      -0.0419553     -0.15454154     0.035549792
           0.35          -0.016          -0.096      0.17831743    -0.054002342     -0.34743886               0
           0.35          -0.016            -0.1      0.11229291    -0.025554022     -0.15637723     0.035009985
           0.35          -0.012          -0.096      0.17923448    -0.019529347     -0.34986148               0
           0.35          -0.012            -0.1      0.11216286   -0.0091086631     -0.15781639      0.03437491
           0.35          -0.008          -0.096      0.17969333     0.015223072     -0.35060714               0
           0.35          -0.008            -0.1      0.11216361     0.007285109     -0.15818926     0.034111894
           0.35          -0.004          -0.096      0.18009897      0.04965306     -0.34960686               0
           0.35          -0.004            -0.1      0.11256914     0.023546637     -0.15740264     0.034452011
           0.35               0          -0.096       0.1790401     0.083780149     -0.34776975               0
           0.35               0            -0.1      0.11255905     0.039872325     -0.15615158     0.034936563
           0.35           0.004          -0.096      0.17563801      0.11752079     -0.34572483               0
           0.35           0.004            -0.1       0.1115854     0.056166017     -0.15490149     0.035227364
           0.35           0.008          -0.096      0.17002723      0.15022345     -0.34363907               0
           0.35           0.008            -0.1      0.10970158     0.071994122     -0.15375009     0.035341838
           0.35           0.012          -0.096      0.16239207      0.18168242     -0.34155966               0
           0.35           0.012            -0.1      0.10699953     0.087247385     -0.15271938     0.035293537
           0.35           0.016          -0.096      0.15294379      0.21169605     -0.33947151               0
           0.35           0.016            -0.1      0.10358689      0.10182577     -0.15179738     0.035100397
           0.35            0.02          -0.096      0.14164299      0.24009136     -0.33721493               0
           0.35            0.02            -0.1     0.099313002      0.11564062     -0.15082927     0.034794367
           0.35           0.024          -0.096      0.12825868      0.26679293     -0.33458141               0
           0.35           0.024            -0.1     0.093833195      0.12866827     -0.14961798     0.034412823
           0.35           0.028          -0.096      0.11298106      0.29175182     -0.33150018               0
           0.35           0.028            -0.1     0.087328324      0.14089683     -0.14818619     0.033977893
           0.35           0.032          -0.096     0.096202435      0.31487502     -0.32789619               0
           0.35           0.032            -0.1       0.0801484      0.15227327     -0.14656437      0.03351314
           0.35           0.036          -0.096     0.078224965      0.33609069     -0.32363825               0
           0.35           0.036            -0.1     0.072390116      0.16276278     -0.14468447     0.033046959
           0.35            0.04          -0.096     0.059599703      0.35534036     -0.31870988               0
           0.35            0.04            -0.1     0.064309041      0.17234075     -0.14254874     0.032589401
           0.35           0.044          -0.096     0.041061253      0.37254712     -0.31308766               0
           0.35           0.044            -0.1     0.056220666      0.18096686     -0.14014945     0.032155516
           0.35           0.048          -0.096     0.023537623      0.38762914     -0.30674286               0
           0.35           0.048            -0.1     0.048439332       0.1886046      -0.1374551     0.031748505
           0.35           0.052          -0.096    0.0076785353      0.40043287     -0.29972609               0
           0.35           0.052            -0.1     0.041283099      0.19519548     -0.13448586      0.03136025
           0.35           0.056          -0.096    -0.006096275      0.41073647     -0.29209356               0
           0.35           0.056            -0.1     0.035031391      0.20064731     -0.13127371     0.030992724
           0.35            0.06          -0.096    -0.017164763      0.41827464     -0.28394053               0
           0.35            0.06            -0.1     0.029981108      0.20484079     -0.12785602     0.030640604
           0.35           0.064          -0.096    -0.024888058      0.42271746     -0.27538979               0
           0.35           0.064            -0.1     0.026443769      0.20762156     -0.12428929     0.030305054
           0.35           0.068          -0.096    -0.028474824      0.42365323      -0.2665731               0
           0.35           0.068            -0.1      0.02480095      0.20878929     -0.12062722     0.030002173
           0.35           0.072          -0.096    -0.026943475      0.42055694     -0.25761679               0
           0.35           0.072            -0.1     0.025543527      0.20808069     -0.11691533     0.029760687
           0.35           0.076          -0.096    -0.019012419      0.41275611     -0.24864738               0
           0.35           0.076            -0.1     0.029345104       0.2051367     -0.11318727     0.029627846
           0.35            0.08          -0.096   -0.0028500915      0.39934166     -0.23978654               0
           0.35            0.08            -0.1     0.037240488       0.1994156     -0.10944912     0.029691558
           0.35           0.084          -0.096     0.024605186       0.3787612     -0.23080518               0
           0.35           0.084            -0.1     0.050875644      0.18991854     -0.10550387     0.030151656
           0.35           0.088          -0.096     0.067184403       0.3476395     -0.22048086               0
           0.35           0.088            -0.1     0.071794754      0.17456996     -0.10044416     0.031424793
           0.35           0.092          -0.096      0.12705221      0.29616125     -0.20741493               0
           0.35           0.092            -0.1     0.099256246      0.14748835    -0.093137997     0.033953805
           0.35           0.096          -0.096      0.22443324      0.22959505     -0.19035254               0
           0.35           0.096            -0.1      0.14047112      0.11107421    -0.082418259     0.040149818
           0.35             0.1            -0.1      0.11114604     0.061530983     -0.05070223     0.059662402
           0.35             0.1          -0.096      0.14394807     0.098002134    -0.090441661     0.041461723
           0.35          -0.096          -0.092       0.1188634     -0.20071578     -0.26969128               0
           0.35            -0.1          -0.092        0.093368    -0.090515354     -0.13488999     0.030960244
           0.35          -0.092          -0.092     0.024164701     -0.24396082     -0.27306555               0
           0.35          -0.088          -0.092    -0.020316281     -0.28196736     -0.28025801               0
           0.35          -0.084          -0.092    -0.049210116      -0.3072666     -0.28894839               0
           0.35           -0.08          -0.092    -0.067307207     -0.32528424     -0.29859845               0
           0.35          -0.076          -0.092     -0.07635196     -0.33730464     -0.30909037               0
           0.35          -0.072          -0.092    -0.077685975     -0.34388059     -0.32006334               0
           0.35          -0.068          -0.092     -0.07236581     -0.34545338     -0.33115397               0
           0.35          -0.064          -0.092    -0.061389362     -0.34245767     -0.34207947               0
           0.35           -0.06          -0.092    -0.045598657     -0.33532063     -0.35265186               0
           0.35          -0.056          -0.092    -0.026036294     -0.32442538     -0.36272695               0
           0.35          -0.052          -0.092   -0.0039309293     -0.31007411     -0.37217275               0
           0.35          -0.048          -0.092     0.019298714     -0.29247988     -0.38086517               0
           0.35          -0.044          -0.092     0.042236332     -0.27179833     -0.38879276               0
           0.35           -0.04          -0.092     0.063981232     -0.24819984     -0.39601191               0
           0.35          -0.036          -0.092     0.083985928     -0.22187973     -0.40259059               0
           0.35          -0.032          -0.092      0.10181129     -0.19307656     -0.40857723               0
           0.35          -0.028          -0.092      0.11696683     -0.16204336     -0.41390658               0
           0.35          -0.024          -0.092      0.12908875     -0.12904878     -0.41851681               0
           0.35           -0.02          -0.092      0.13797657    -0.094415461     -0.42236861               0
           0.35          -0.016          -0.092      0.14364162    -0.058498738     -0.42537855               0
           0.35          -0.012          -0.092      0.14660525    -0.021494267      -0.4273901               0
           0.35          -0.008          -0.092      0.14797043     0.016249437     -0.42826728               0
           0.35          -0.004          -0.092      0.14795885      0.05364294     -0.42811793               0
           0.35               0          -0.092      0.14546549     0.090258906      -0.4271978               0
           0.35           0.004          -0.092      0.13990817      0.12608806     -0.42569083               0
           0.35           0.008          -0.092      0.13147164      0.16069421     -0.42370254               0
           0.35           0.012          -0.092      0.12034414      0.19387229        -0.42128               0
           0.35           0.016          -0.092      0.10673292      0.22541445     -0.41843917               0
           0.35            0.02          -0.092     0.090869633      0.25515822     -0.41520574               0
           0.35           0.024          -0.092     0.073009779      0.28299538     -0.41158282               0
           0.35           0.028          -0.092     0.053326851      0.30883975     -0.40746404               0
           0.35           0.032          -0.092     0.032051016      0.33260435     -0.40271887               0
           0.35           0.036          -0.092    0.0095071515      0.35421762     -0.39715725               0
           0.35            0.04          -0.092      -0.0137706      0.37362252     -0.39068145               0
           0.35           0.044          -0.092    -0.036731028      0.39075296     -0.38329175               0
           0.35           0.048          -0.092    -0.058310501       0.4054938     -0.37498336               0
           0.35           0.052          -0.092     -0.07795887      0.41764707     -0.36580277               0
           0.35           0.056          -0.092    -0.095171733      0.42696407     -0.35580636               0
           0.35            0.06          -0.092     -0.10925765       0.4331466     -0.34509684               0
           0.35           0.064          -0.092      -0.1194962       0.4358431     -0.33379462               0
           0.35           0.068          -0.092     -0.12502587       0.4346345       -0.322046               0
           0.35           0.072          -0.092     -0.12482589      0.42901749     -0.31000406               0
           0.35           0.076          -0.092     -0.11769629      0.41841315     -0.29786073               0
           0.35            0.08          -0.092     -0.10225428      0.40222545     -0.28593436               0
           0.35           0.084          -0.092    -0.076313271      0.37971979     -0.27459869               0
           0.35           0.088          -0.092     -0.03602525      0.34874808     -0.26370916               0
           0.35           0.092          -0.092     0.025448438      0.30145779     -0.25297293               0
           0.35           0.096          -0.092      0.14074584      0.24358559     -0.24303707               0
           0.35             0.1          -0.092      0.10960739      0.10764254     -0.11938391     0.037239341
           0.35          -0.096          -0.088     0.065144075     -0.21251886     -0.31771709               0
           0.35            -0.1          -0.088     0.068271111    -0.097109886     -0.16009705     0.029044296
           0.35          -0.092          -0.088    -0.029704623      -0.2535434     -0.31733447               0
           0.35          -0.088          -0.088    -0.067201357     -0.29005275     -0.32246127               0
           0.35          -0.084          -0.088    -0.089800663     -0.31458535     -0.33089828               0
           0.35           -0.08          -0.088     -0.10300544     -0.33266785     -0.34184728               0
           0.35          -0.076          -0.088     -0.10781977     -0.34517832     -0.35438824               0
           0.35          -0.072          -0.088     -0.10478403     -0.35237908     -0.36763939               0
           0.35          -0.068          -0.088    -0.094670826     -0.35456462     -0.38104582               0
           0.35          -0.064          -0.088    -0.078455658     -0.35209539     -0.39427467               0
           0.35           -0.06          -0.088    -0.057205192     -0.34534995     -0.40710711               0
           0.35          -0.056          -0.088    -0.031992613     -0.33469522     -0.41939053               0
           0.35          -0.052          -0.088   -0.0039783903     -0.32044253     -0.43100238               0
           0.35          -0.048          -0.088     0.025256467     -0.30279225     -0.44186882               0
           0.35          -0.044          -0.088     0.054211533     -0.28188042     -0.45201445               0
           0.35           -0.04          -0.088     0.081959228     -0.25786562     -0.46148519               0
           0.35          -0.036          -0.088      0.10769765     -0.23094169     -0.47022864               0
           0.35          -0.032          -0.088      0.13069905     -0.20134393     -0.47813623               0
           0.35          -0.028          -0.088      0.15040004     -0.16932224     -0.48509075               0
           0.35          -0.024          -0.088      0.16642079     -0.13514141      -0.4909622               0
           0.35           -0.02          -0.088      0.17856333    -0.099114203     -0.49565867               0
           0.35          -0.016          -0.088      0.18682993    -0.061586243     -0.49913168               0
           0.35          -0.012          -0.088      0.19167371    -0.022767578     -0.50136053               0
           0.35          -0.008          -0.088      0.19402015     0.016951491     -0.50245808               0
           0.35          -0.004          -0.088      0.19401843     0.056362179     -0.50261752               0
           0.35               0          -0.088      0.19074618     0.094894451     -0.50188764               0
           0.35           0.004          -0.088      0.18380716      0.13249021     -0.50027624               0
           0.35           0.008          -0.088      0.17344756      0.16870564      -0.4978471               0
           0.35           0.012          -0.088      0.15986011      0.20332269     -0.49464236               0
           0.35           0.016          -0.088      0.14324457      0.23612606     -0.49070685               0
           0.35            0.02          -0.088      0.12384303      0.26695155     -0.48610569               0
           0.35           0.024          -0.088      0.10195339      0.29567887     -0.48088745               0
           0.35           0.028          -0.088     0.077926572      0.32220874     -0.47505921               0
           0.35           0.032          -0.088     0.052172129       0.3464489     -0.46859879               0
           0.35           0.036          -0.088     0.025049608      0.36833112      -0.4613636               0
           0.35            0.04          -0.088   -0.0029423256      0.38781316     -0.45324142               0
           0.35           0.044          -0.088    -0.030803983      0.40484564     -0.44416691               0
           0.35           0.048          -0.088    -0.057497189      0.41931791     -0.43409447               0
           0.35           0.052          -0.088    -0.082320104      0.43103739      -0.4230567               0
           0.35           0.056          -0.088     -0.10459741      0.43975173     -0.41109287               0
           0.35            0.06          -0.088     -0.12356866      0.44514943     -0.39827569               0
           0.35           0.064          -0.088     -0.13841501      0.44686985     -0.38470258               0
           0.35           0.068          -0.088     -0.14821812      0.44449723     -0.37050874               0
           0.35           0.072          -0.088     -0.15187296      0.43756842     -0.35587212               0
           0.35           0.076          -0.088     -0.14816519      0.42558709     -0.34102358               0
           0.35            0.08          -0.088     -0.13589649      0.40810305     -0.32637352               0
           0.35           0.084          -0.088     -0.11387857      0.38484091     -0.31283878               0
           0.35           0.088          -0.088    -0.079667863      0.35452569     -0.30124808               0
           0.35           0.092          -0.088     -0.02540341      0.30946469     -0.29184023               0
           0.35           0.096          -0.088     0.092732474      0.25542794     -0.28570921               0
           0.35             0.1          -0.088     0.088738147      0.11478121     -0.14206645     0.035625242
           0.35          -0.096          -0.084     0.025694225     -0.22197226     -0.34769806               0
           0.35            -0.1          -0.084     0.048599712     -0.10169396     -0.17477568     0.028081763
           0.35          -0.092          -0.084    -0.066338554     -0.26360086     -0.34743927               0
           0.35          -0.088          -0.084    -0.098058493     -0.30057449     -0.35192811               0
           0.35          -0.084          -0.084     -0.11532554     -0.32548415     -0.36069716               0
           0.35           -0.08          -0.084     -0.12324847      -0.3439206     -0.37267478               0
           0.35          -0.076          -0.084     -0.12221937      -0.3566631     -0.38652812               0
           0.35          -0.072          -0.084     -0.11278406      -0.3640183     -0.40123293               0
           0.35          -0.068          -0.084     -0.09587229     -0.36627808      -0.4161252               0
           0.35          -0.064          -0.084    -0.072478773     -0.36381026     -0.43083147               0
           0.35           -0.06          -0.084    -0.043707059     -0.35701084     -0.44512415               0
           0.35          -0.056          -0.084      -0.0107246     -0.34625657     -0.45886334               0
           0.35          -0.052          -0.084     0.024880183      -0.3318261     -0.47200029               0
           0.35          -0.048          -0.084     0.061344063     -0.31388819     -0.48457224               0
           0.35          -0.044          -0.084     0.097297221     -0.29257528     -0.49659841               0
           0.35           -0.04          -0.084      0.13164253     -0.26802681      -0.5079964               0
           0.35          -0.036          -0.084      0.16340735     -0.24041198     -0.51859037               0
           0.35          -0.032          -0.084      0.19177745     -0.20994335     -0.52817815               0
           0.35          -0.028          -0.084      0.21614678     -0.17686936     -0.53656382               0
           0.35          -0.024          -0.084       0.2361447     -0.14146326     -0.54358896               0
           0.35           -0.02          -0.084      0.25160703     -0.10402261     -0.54914209               0
           0.35          -0.016          -0.084      0.26254354    -0.064873929      -0.5531561               0
           0.35          -0.012          -0.084      0.26933374    -0.024242148     -0.55565626               0
           0.35          -0.008          -0.084      0.27273391     0.017456671     -0.55686164               0
           0.35          -0.004          -0.084      0.27285251     0.058861166     -0.55701913               0
           0.35               0          -0.084      0.26895859     0.099274634      -0.5561086               0
           0.35           0.004          -0.084      0.26085429      0.13862998     -0.55407558               0
           0.35           0.008          -0.084      0.24885052      0.17645325      -0.5509995               0
           0.35           0.012          -0.084      0.23312159      0.21251483     -0.54693912               0
           0.35           0.016          -0.084      0.21383781      0.24658219      -0.5419304               0
           0.35            0.02          -0.084      0.19122222      0.27847742     -0.53603899               0
           0.35           0.024          -0.084      0.16557492      0.30807193     -0.52934412               0
           0.35           0.028          -0.084      0.13726971      0.33526756     -0.52190168               0
           0.35           0.032          -0.084      0.10675388      0.35998794     -0.51374536               0
           0.35           0.036          -0.084     0.074528148      0.38217876     -0.50487864               0
           0.35            0.04          -0.084     0.041150621      0.40180576     -0.49527509               0
           0.35           0.044          -0.084    0.0073275796      0.41883287     -0.48484705               0
           0.35           0.048          -0.084    -0.025957547        0.433193     -0.47350532               0
           0.35           0.052          -0.084    -0.057468277      0.44474942     -0.46120258               0
           0.35           0.056          -0.084    -0.086273354      0.45324895     -0.44792603               0
           0.35            0.06          -0.084     -0.11166647       0.4583487     -0.43371052               0
           0.35           0.064          -0.084      -0.1327497      0.45966045     -0.41862737               0
           0.35           0.068          -0.084     -0.14856709      0.45674757     -0.40280089               0
           0.35           0.072          -0.084     -0.15803697      0.44914814     -0.38643306               0
           0.35           0.076          -0.084     -0.15997588       0.4363959     -0.36980963               0
           0.35            0.08          -0.084     -0.15297677      0.41807617     -0.35344093               0
           0.35           0.084          -0.084     -0.13593243      0.39391511     -0.33833682               0
           0.35           0.088          -0.084     -0.10741863       0.3630701     -0.32590822               0
           0.35           0.092          -0.084    -0.060127524      0.31819288     -0.31693625               0
           0.35           0.096          -0.084     0.056172471      0.26510728     -0.31162431               0
           0.35             0.1          -0.084      0.07139645        0.119981     -0.15518623     0.034675828
           0.35          -0.096           -0.08  -0.00099341125     -0.23013335     -0.36801535               0
           0.35            -0.1           -0.08     0.035290222     -0.10521824      -0.1841197     0.027726744
           0.35          -0.092           -0.08    -0.091463466      -0.2740466     -0.36968965               0
           0.35          -0.088           -0.08     -0.11942119     -0.31287676     -0.37474119               0
           0.35          -0.084           -0.08     -0.13184468      -0.3388549      -0.3841129               0
           0.35           -0.08           -0.08     -0.13358537     -0.35781244     -0.39678731               0
           0.35          -0.076           -0.08     -0.12539143     -0.37070833     -0.41143941               0
           0.35          -0.072           -0.08     -0.10823833     -0.37797245      -0.4269743               0
           0.35          -0.068           -0.08    -0.083135876     -0.37997054     -0.44265641               0
           0.35          -0.064           -0.08    -0.051074978     -0.37715252     -0.45810668               0
           0.35           -0.06           -0.08    -0.013173366     -0.36998816      -0.4731445               0
           0.35          -0.056           -0.08     0.028892219      -0.3588644      -0.4877427               0
           0.35          -0.052           -0.08     0.073029321     -0.34402244     -0.50197507               0
           0.35          -0.048           -0.08      0.11748272     -0.32560836     -0.51587629               0
           0.35          -0.044           -0.08      0.16085296      -0.3037447     -0.52935826               0
           0.35           -0.04           -0.08      0.20191004     -0.27855815     -0.54223575               0
           0.35          -0.036           -0.08      0.23960721     -0.25019638     -0.55426242               0
           0.35          -0.032           -0.08      0.27310917     -0.21884711     -0.56517605               0
           0.35          -0.028           -0.08      0.30181704     -0.18472959     -0.57470355               0
           0.35          -0.024           -0.08      0.32541563     -0.14809799     -0.58263692               0
           0.35           -0.02           -0.08      0.34381437     -0.10925611     -0.58885091               0
           0.35          -0.016           -0.08      0.35707332    -0.068525531     -0.59325846               0
           0.35          -0.012           -0.08      0.36554698    -0.026137293     -0.59590572               0
           0.35          -0.008           -0.08      0.36988674     0.017499547     -0.59709741               0
           0.35          -0.004           -0.08      0.37021473     0.060852696     -0.59714005               0
           0.35               0           -0.08      0.36598352      0.10310359     -0.59596742               0
           0.35           0.004           -0.08      0.35715523      0.14421851     -0.59348186               0
           0.35           0.008           -0.08      0.34405155      0.18367017     -0.58977185               0
           0.35           0.012           -0.08      0.32678274      0.22120234      -0.5849275               0
           0.35           0.016           -0.08       0.3054625       0.2565579     -0.57900284               0
           0.35            0.02           -0.08      0.28026296      0.28954366     -0.57206027               0
           0.35           0.024           -0.08      0.25144347      0.32002678     -0.56418781               0
           0.35           0.028           -0.08      0.21935799      0.34791562     -0.55546297               0
           0.35           0.032           -0.08      0.18444682      0.37315614     -0.54595351               0
           0.35           0.036           -0.08      0.14722777      0.39571655     -0.53570557               0
           0.35            0.04           -0.08      0.10830226      0.41557746     -0.52474744               0
           0.35           0.044           -0.08     0.068358481      0.43271733     -0.51308873               0
           0.35           0.048           -0.08     0.028194842      0.44709635     -0.50068787               0
           0.35           0.052           -0.08    -0.010952497      0.45863776     -0.48748515               0
           0.35           0.056           -0.08     -0.04770084       0.4671429     -0.47340298               0
           0.35            0.06           -0.08    -0.080928736       0.4722721     -0.45839173               0
           0.35           0.064           -0.08     -0.10964009      0.47359584     -0.44248389               0
           0.35           0.068           -0.08     -0.13286827      0.47061801     -0.42576439               0
           0.35           0.072           -0.08      -0.1495751      0.46281902     -0.40841028               0
           0.35           0.076           -0.08     -0.15865831      0.44968723     -0.39073322               0
           0.35            0.08           -0.08      -0.1586642      0.43077843     -0.37334344               0
           0.35           0.084           -0.08     -0.14794107      0.40567392     -0.35725587               0
           0.35           0.088           -0.08     -0.12508766      0.37349284     -0.34394425               0
           0.35           0.092           -0.08    -0.083557553      0.32721353      -0.3344755               0
           0.35           0.096           -0.08     0.029240592      0.27280061     -0.32811667               0
           0.35             0.1           -0.08     0.057644832      0.12349879     -0.16297536     0.034284332
           0.35          -0.096          -0.076    -0.017960544     -0.23809477     -0.38150328               0
           0.35            -0.1          -0.076     0.026978503     -0.10851053       -0.189899     0.027672376
           0.35          -0.092          -0.076     -0.10776158     -0.28488994     -0.38579458               0
           0.35          -0.088          -0.076     -0.13266432     -0.32606182     -0.39188768               0
           0.35          -0.084          -0.076     -0.13992644     -0.35337155     -0.40187144               0
           0.35           -0.08          -0.076     -0.13483868     -0.37301927     -0.41500386               0
           0.35          -0.076          -0.076     -0.11896411     -0.38609176     -0.43001316               0
           0.35          -0.072          -0.076    -0.093421497     -0.39315616      -0.4457896               0
           0.35          -0.068          -0.076    -0.059177874     -0.39473958     -0.46165645               0
           0.35          -0.064          -0.076    -0.017206897     -0.39143756     -0.47730784               0
           0.35           -0.06          -0.076     0.030801185     -0.38380398     -0.49269833               0
           0.35          -0.056          -0.076     0.082339786     -0.37220705     -0.50793358               0
           0.35          -0.052          -0.076      0.13522567     -0.35685007     -0.52307979               0
           0.35          -0.048          -0.076      0.18774144      -0.3378636     -0.53806171               0
           0.35          -0.044          -0.076      0.23837332     -0.31535869     -0.55270539               0
           0.35           -0.04          -0.076      0.28581434     -0.28945318      -0.5667683               0
           0.35          -0.036          -0.076      0.32897795     -0.26028084     -0.57995224               0
           0.35          -0.032          -0.076      0.36704212     -0.22800722     -0.59192448               0
           0.35          -0.028          -0.076      0.39947135     -0.19282553     -0.60235649               0
           0.35          -0.024          -0.076       0.4260247     -0.15497421     -0.61101139               0
           0.35           -0.02          -0.076      0.44669633     -0.11476719     -0.61773556               0
           0.35          -0.016          -0.076      0.46166511    -0.072524271     -0.62243365               0
           0.35          -0.012          -0.076      0.47133601    -0.028485813     -0.62515167               0
           0.35          -0.008          -0.076      0.47632862     0.016998292     -0.62623472               0
           0.35          -0.004          -0.076      0.47684495     0.062250656     -0.62604886               0
           0.35               0          -0.076      0.47253999      0.10631756     -0.62453564               0
           0.35           0.004          -0.076      0.46348576       0.1491995     -0.62159123               0
           0.35           0.008          -0.076       0.4499372      0.19029958     -0.61728969               0
           0.35           0.012          -0.076      0.43187717      0.22934002     -0.61172597               0
           0.35           0.016          -0.076      0.40931632      0.26603966     -0.60499822               0
           0.35            0.02          -0.076      0.38234672      0.30017875     -0.59718672               0
           0.35           0.024          -0.076      0.35115688      0.33160946     -0.58836625               0
           0.35           0.028          -0.076      0.31605243      0.36024673     -0.57861592               0
           0.35           0.032          -0.076      0.27744551      0.38605123     -0.56801591               0
           0.35           0.036          -0.076      0.23584138      0.40900925     -0.55662538               0
           0.35            0.04          -0.076      0.19184475      0.42912577     -0.54449822               0
           0.35           0.044          -0.076      0.14615513      0.44640473     -0.53168026               0
           0.35           0.048          -0.076     0.099579515      0.46083379      -0.5182092               0
           0.35           0.052          -0.076     0.053069566      0.47236573     -0.50411568               0
           0.35           0.056          -0.076    0.0079478371      0.48087305      -0.4893632               0
           0.35            0.06          -0.076    -0.034219593      0.48609511     -0.47388255               0
           0.35           0.064          -0.076     -0.07184809       0.4876036     -0.45762602               0
           0.35           0.068          -0.076     -0.10367931       0.4848269     -0.44059138               0
           0.35           0.072          -0.076     -0.12871515      0.47714301     -0.42290207               0
           0.35           0.076          -0.076     -0.14582802      0.46392873     -0.40485047               0
           0.35            0.08          -0.076     -0.15371939      0.44459377     -0.38702475               0
           0.35           0.084          -0.076     -0.15043508      0.41854003     -0.37041734               0
           0.35           0.088          -0.076     -0.13388367      0.38478765     -0.35640641               0
           0.35           0.092          -0.076    -0.097561327      0.33646224     -0.34604116               0
           0.35           0.096          -0.076     0.011805392      0.27986276     -0.33778961               0
           0.35             0.1          -0.076      0.04839934      0.12649296      -0.1671105     0.034161731
           0.35          -0.096          -0.072    -0.027498636     -0.24615825     -0.38949636               0
           0.35            -0.1          -0.072      0.02237356     -0.11186852     -0.19298813     0.027780463
           0.35          -0.092          -0.072     -0.11662994     -0.29581465     -0.39637647               0
           0.35          -0.088          -0.072     -0.13834293     -0.33941824     -0.40363685               0
           0.35          -0.084          -0.072     -0.14019632     -0.36822725     -0.41423502               0
           0.35           -0.08          -0.072     -0.12815087      -0.3886632     -0.42763554               0
           0.35          -0.076          -0.072     -0.10427041     -0.40190253     -0.44264595               0
           0.35          -0.072          -0.072    -0.069661302     -0.40871501     -0.45826379               0
           0.35          -0.068          -0.072    -0.025310159     -0.40985202     -0.47393887               0
           0.35          -0.064          -0.072     0.027230222      -0.4060795      -0.4895344               0
           0.35           -0.06          -0.072     0.085247191     -0.39798991     -0.50516119               0
           0.35          -0.056          -0.072      0.14597346     -0.38591144      -0.5209251               0
           0.35          -0.052          -0.072      0.20733169     -0.37002277      -0.5368031               0
           0.35          -0.048          -0.072      0.26749724     -0.35044232     -0.55265752               0
           0.35          -0.044          -0.072      0.32486297     -0.32727403     -0.56827631               0
           0.35           -0.04          -0.072      0.37806785     -0.30061892     -0.58334589               0
           0.35          -0.036          -0.072      0.42601045     -0.27058243     -0.59747962               0
           0.35          -0.032          -0.072      0.46789423     -0.23732082     -0.61030994               0
           0.35          -0.028          -0.072      0.50324155      -0.2010452     -0.62149476               0
           0.35          -0.024          -0.072      0.53186304     -0.16200272     -0.63075664               0
           0.35           -0.02          -0.072      0.55387166     -0.12049071     -0.63788662               0
           0.35          -0.016          -0.072      0.56966289    -0.076806021      -0.6427699               0
           0.35          -0.012          -0.072      0.57980434    -0.031217855     -0.64545764               0
           0.35          -0.008          -0.072      0.58500604     0.016021065     -0.64632601               0
           0.35          -0.004          -0.072      0.58562541     0.063127689     -0.64580314               0
           0.35               0          -0.072        0.581511      0.10900456     -0.64386522               0
           0.35           0.004          -0.072      0.57277728      0.15367965     -0.64042385               0
           0.35           0.008          -0.072      0.55954096       0.1964746     -0.63556425               0
           0.35           0.012          -0.072      0.54158391      0.23708293      -0.6293689               0
           0.35           0.016          -0.072      0.51873366      0.27518772     -0.62194341               0
           0.35            0.02          -0.072      0.49094914      0.31053876     -0.61338779               0
           0.35           0.024          -0.072      0.45833307       0.3429707      -0.6037809               0
           0.35           0.028          -0.072      0.42113348      0.37239309     -0.59319713               0
           0.35           0.032          -0.072      0.37972164      0.39877018     -0.58170423               0
           0.35           0.036          -0.072      0.33458326      0.42210994     -0.56936892               0
           0.35            0.04          -0.072      0.28631334      0.44244723     -0.55626925               0
           0.35           0.044          -0.072       0.2356049      0.45981707     -0.54247712               0
           0.35           0.048          -0.072      0.18325816      0.47424057     -0.52806305               0
           0.35           0.052          -0.072      0.13020003       0.4857012     -0.51309487               0
           0.35           0.056          -0.072     0.077525558       0.4941197     -0.49763267               0
           0.35            0.06          -0.072     0.026631275      0.49931418     -0.48169683               0
           0.35           0.064          -0.072    -0.020631249      0.50094045     -0.46525417               0
           0.35           0.068          -0.072    -0.062206399      0.49841692      -0.4482326               0
           0.35           0.072          -0.072    -0.096586368      0.49099851     -0.43064449               0
           0.35           0.076          -0.072     -0.12265655      0.47789673     -0.41270649               0
           0.35            0.08          -0.072     -0.13909389      0.45832324     -0.39492155               0
           0.35           0.084          -0.072      -0.1439437      0.43144031     -0.37817841               0
           0.35           0.088          -0.072     -0.13444055      0.39616664     -0.36370354               0
           0.35           0.092          -0.072     -0.10361165      0.34558047      -0.3523883               0
           0.35           0.096          -0.072    0.0019443085      0.28651238     -0.34206224               0
           0.35             0.1          -0.072      0.04275737      0.12925497     -0.16851755     0.034124252
           0.35          -0.096          -0.068    -0.030900463     -0.25435738     -0.39285402               0
           0.35            -0.1          -0.068      0.02075605     -0.11533988     -0.19389325     0.027985405
           0.35          -0.092          -0.068     -0.11904343     -0.30671003     -0.40201535               0
           0.35          -0.088          -0.068     -0.13729007     -0.35271187     -0.41040413               0
           0.35          -0.084          -0.068     -0.13364727     -0.38305079     -0.42153269               0
           0.35           -0.08          -0.068     -0.11453238      -0.4042512     -0.43501114               0
           0.35          -0.076          -0.068    -0.082244445     -0.41763309     -0.44979787               0
           0.35          -0.072          -0.068    -0.037927116     -0.42419909     -0.46504991               0
           0.35          -0.068          -0.068     0.017008622     -0.42496174     -0.48041158               0
           0.35          -0.064          -0.068     0.079794433     -0.42081511     -0.49592507               0
           0.35           -0.06          -0.068      0.14716391     -0.41232888     -0.51173844               0
           0.35          -0.056          -0.068      0.21654504     -0.39980209     -0.52790217               0
           0.35          -0.052          -0.068      0.28576933     -0.38340923     -0.54435958               0
           0.35          -0.048          -0.068      0.35291669     -0.36325568     -0.56093745               0
           0.35          -0.044          -0.068      0.41632558     -0.33940421     -0.57735004               0
           0.35           -0.04          -0.068      0.47460929     -0.31193688     -0.59323627               0
           0.35          -0.036          -0.068      0.52662331     -0.28098604     -0.60818466               0
           0.35          -0.032          -0.068      0.57149879     -0.24672166     -0.62178771               0
           0.35          -0.028          -0.068      0.60874409     -0.20935625     -0.63364103               0
           0.35          -0.024          -0.068      0.63827778     -0.16914192     -0.64339806               0
           0.35           -0.02          -0.068      0.66043634     -0.12635755     -0.65080626               0
           0.35          -0.016          -0.068      0.67592468    -0.081267295     -0.65573204               0
           0.35          -0.012          -0.068      0.68559407    -0.034180081     -0.65823802               0
           0.35          -0.008          -0.068      0.69039084     0.014759122     -0.65871992               0
           0.35          -0.004          -0.068      0.69094572     0.063678208      -0.6576819               0
           0.35               0          -0.068      0.68729388      0.11134652     -0.65519329               0
           0.35           0.004          -0.068      0.67948632       0.1578355     -0.65120298               0
           0.35           0.008          -0.068      0.66740291      0.20237896     -0.64580215               0
           0.35           0.012          -0.068       0.6505454      0.24462273     -0.63906152               0
           0.35           0.016          -0.068      0.62848568       0.2841973     -0.63106949               0
           0.35            0.02          -0.068      0.60098487      0.32081595     -0.62191208               0
           0.35           0.024          -0.068       0.5680189      0.35429078     -0.61167064               0
           0.35           0.028          -0.068      0.52976216      0.38451977     -0.60041909               0
           0.35           0.032          -0.068      0.48655526      0.41147195      -0.5882222               0
           0.35           0.036          -0.068      0.43886747      0.43517143     -0.57514453               0
           0.35            0.04          -0.068      0.38727401       0.4556776     -0.56126664               0
           0.35           0.044          -0.068      0.33245391      0.47306402     -0.54668663               0
           0.35           0.048          -0.068       0.2751914      0.48739208     -0.53150636               0
           0.35           0.052          -0.068      0.21639194      0.49868391     -0.51582311               0
           0.35           0.056          -0.068      0.15710952      0.50689884     -0.49973103               0
           0.35            0.06          -0.068     0.098598263      0.51190201     -0.48331317               0
           0.35           0.064          -0.068     0.042394725       0.5134273     -0.46662668               0
           0.35           0.068          -0.068    -0.009285917      0.51098697     -0.44965931               0
           0.35           0.072          -0.068     -0.05401034      0.50379892     -0.43236467               0
           0.35           0.076          -0.068    -0.089966495      0.49088383     -0.41482866               0
           0.35            0.08          -0.068      -0.1156992      0.47120488     -0.39741688               0
           0.35           0.084          -0.068     -0.12930715      0.44366544     -0.38086317               0
           0.35           0.088          -0.068     -0.12750187      0.40704393     -0.36618061               0
           0.35           0.092          -0.068     -0.10275364      0.35424254      -0.3540338               0
           0.35           0.096          -0.068   -0.0017104768      0.29276141     -0.34182294               0
           0.35             0.1          -0.068     0.039990068      0.13185856     -0.16775164     0.034080519
           0.35          -0.096          -0.064    -0.029143489     -0.26269248     -0.39223761               0
           0.35            -0.1          -0.064     0.021626274     -0.11891302     -0.19295762     0.028261343
           0.35          -0.092          -0.064     -0.11594369     -0.31758049     -0.40328504               0
           0.35          -0.088          -0.064     -0.13047569     -0.36586397     -0.41264642               0
           0.35          -0.084          -0.064     -0.12121041     -0.39767285     -0.42417148               0
           0.35           -0.08          -0.064    -0.094843624     -0.41957968      -0.4375819               0
           0.35          -0.076          -0.064    -0.053814039     -0.43309722     -0.45202918               0
           0.35          -0.072          -0.064   0.00053458932     -0.43949177     -0.46687123               0
           0.35          -0.068          -0.064     0.065659785     -0.44001572      -0.4819527               0
           0.35          -0.064          -0.064      0.13781622      -0.4356095     -0.49739542               0
           0.35           -0.06          -0.064      0.21383298     -0.42679354      -0.5133224               0
           0.35          -0.056          -0.064      0.29114055     -0.41387561     -0.52977983               0
           0.35          -0.052          -0.064      0.36747422     -0.39701255      -0.5466856               0
           0.35          -0.048          -0.064      0.44086924     -0.37625681     -0.56381273               0
           0.35          -0.044          -0.064      0.50965306     -0.35167152     -0.58085557               0
           0.35           -0.04          -0.064      0.57231721     -0.32337468     -0.59745646               0
           0.35          -0.036          -0.064      0.62753855     -0.29151763     -0.61316061               0
           0.35          -0.032          -0.064      0.67434589     -0.25626366     -0.62746421               0
           0.35          -0.028          -0.064      0.71226859     -0.21779571     -0.63985567               0
           0.35          -0.024          -0.064      0.74140129     -0.17635777     -0.64990515               0
           0.35           -0.02          -0.064      0.76237126     -0.13223993     -0.65733192               0
           0.35          -0.016          -0.064      0.77625994    -0.085705791     -0.66201822               0
           0.35          -0.012          -0.064      0.78431636    -0.037125127     -0.66406299               0
           0.35          -0.008          -0.064      0.78789163     0.013469183     -0.66387208               0
           0.35          -0.004          -0.064      0.78807639     0.064143244     -0.66205967               0
           0.35               0          -0.064      0.78511054      0.11354703     -0.65886983               0
           0.35           0.004          -0.064      0.77885388      0.16181505     -0.65429779               0
           0.35           0.008          -0.064      0.76883723      0.20811359     -0.64841976               0
           0.35           0.012          -0.064      0.75418598      0.25203933     -0.64127991               0
           0.35           0.016          -0.064      0.73414363      0.29315518     -0.63292511               0
           0.35            0.02          -0.064      0.70820842       0.3311172     -0.62339947               0
           0.35           0.024          -0.064      0.67616865      0.36569507     -0.61275234               0
           0.35           0.028          -0.064      0.63808515      0.39676879     -0.60104349               0
           0.35           0.032          -0.064      0.59424626        0.424313     -0.58834545               0
           0.35           0.036          -0.064      0.54510492      0.44836699     -0.57473126               0
           0.35            0.04          -0.064      0.49123001      0.46901087      -0.5602816               0
           0.35           0.044          -0.064      0.43328755       0.4863523      -0.5451086               0
           0.35           0.048          -0.064       0.3720446        0.500497     -0.52934351               0
           0.35           0.052          -0.064      0.30838433      0.51150797     -0.51311075               0
           0.35           0.056          -0.064      0.24332836      0.51939127      -0.4965439               0
           0.35            0.06          -0.064      0.17808347      0.52405629     -0.47976324               0
           0.35           0.064          -0.064      0.11411666      0.52526856     -0.46285158               0
           0.35           0.068          -0.064     0.053274717      0.52262199     -0.44587727               0
           0.35           0.072          -0.064   -0.0018985969       0.5154264     -0.42885956               0
           0.35           0.076          -0.064    -0.048550217      0.50261588     -0.41182165               0
           0.35            0.08          -0.064    -0.084395087      0.48288253      -0.3949728               0
           0.35           0.084          -0.064     -0.10733811      0.45484299      -0.3788482               0
           0.35           0.088          -0.064     -0.11381404      0.41703903     -0.36418564               0
           0.35           0.092          -0.064    -0.095851354      0.36221043     -0.35142054               0
           0.35           0.096          -0.064  -0.00013976275      0.29858632     -0.33770372               0
           0.35             0.1          -0.064     0.039601982       0.1343223      -0.1651773     0.033991135
           0.35          -0.096           -0.06    -0.022999662     -0.27113224     -0.38812781               0
           0.35            -0.1           -0.06     0.024619114     -0.12254098     -0.19041393     0.028596707
           0.35          -0.092           -0.06     -0.10816937      -0.3284535      -0.4006583               0
           0.35          -0.088           -0.06     -0.11878934     -0.37885468     -0.41079161               0
           0.35          -0.084           -0.06     -0.10377112     -0.41202811     -0.42257675               0
           0.35           -0.08           -0.06    -0.069999574     -0.43459493     -0.43583094               0
           0.35          -0.076           -0.06    -0.019972342     -0.44828467     -0.44991814               0
           0.35          -0.072           -0.06     0.044080267     -0.45465993     -0.46440953               0
           0.35          -0.068           -0.06      0.11838044     -0.45511508     -0.47926418               0
           0.35          -0.064           -0.06      0.19898481     -0.45054736     -0.49461164               0
           0.35           -0.06           -0.06      0.28282881     -0.44146957      -0.5105833               0
           0.35          -0.056           -0.06      0.36725848     -0.42819866     -0.52722734               0
           0.35          -0.052           -0.06      0.44994322     -0.41084421     -0.54442488               0
           0.35          -0.048           -0.06      0.52889369      -0.3894546      -0.5619581               0
           0.35          -0.044           -0.06      0.60230363     -0.36415213     -0.57956022               0
           0.35           -0.04           -0.06      0.66842253     -0.33506544     -0.59682803               0
           0.35          -0.036           -0.06      0.72576332     -0.30230068       -0.613183               0
           0.35          -0.032           -0.06      0.77331074     -0.26597654     -0.62798897               0
           0.35          -0.028           -0.06      0.81064678      -0.2262688     -0.64064823               0
           0.35          -0.024           -0.06      0.83801278     -0.18345033     -0.65065669               0
           0.35           -0.02           -0.06      0.85633177     -0.13786562     -0.65770539               0
           0.35          -0.016           -0.06      0.86712895    -0.089822256     -0.66172236               0
           0.35          -0.012           -0.06      0.87218626    -0.039758824     -0.66288042               0
           0.35          -0.008           -0.06      0.87349044     0.012399599     -0.66162889               0
           0.35          -0.004           -0.06       0.8728265     0.064682548     -0.65875105               0
           0.35               0           -0.06      0.87066952      0.11566834     -0.65471738               0
           0.35           0.004           -0.06      0.86657217      0.16559482     -0.64956034               0
           0.35           0.008           -0.06      0.85960964      0.21359275      -0.6433196               0
           0.35           0.012           -0.06       0.8484195      0.25921124     -0.63598543               0
           0.35           0.016           -0.06      0.83180938      0.30193526     -0.62753545               0
           0.35            0.02           -0.06      0.80892686      0.34134215     -0.61794785               0
           0.35           0.024           -0.06      0.77930954      0.37713667     -0.60721872               0
           0.35           0.028           -0.06      0.74285598      0.40915786     -0.59536971               0
           0.35           0.032           -0.06      0.69975477      0.43736538     -0.58245067               0
           0.35           0.036           -0.06      0.65041537      0.46181096     -0.56854176               0
           0.35            0.04           -0.06      0.59540215      0.48259982     -0.55374396               0
           0.35           0.044           -0.06      0.53538432      0.49986693     -0.53818162               0
           0.35           0.048           -0.06      0.47112907      0.51376197     -0.52201732               0
           0.35           0.052           -0.06      0.40350997      0.52440599     -0.50542619               0
           0.35           0.056           -0.06      0.33352203      0.53184939     -0.48857245               0
           0.35            0.06           -0.06      0.26233374      0.53603613     -0.47159326               0
           0.35           0.064           -0.06      0.19137435       0.5367687     -0.45459594               0
           0.35           0.068           -0.06       0.1224451      0.53366876     -0.43766926               0
           0.35           0.072           -0.06     0.057841923      0.52612631     -0.42089059               0
           0.35           0.076           -0.06   0.00056410337      0.51315842     -0.40432771               0
           0.35            0.08           -0.06    -0.046049719      0.49330356     -0.38810248               0
           0.35           0.084           -0.06    -0.078946689      0.46485753     -0.37255022               0
           0.35           0.088           -0.06    -0.094226513      0.42601208     -0.35810533               0
           0.35           0.092           -0.06    -0.083655854      0.36936456     -0.34498201               0
           0.35           0.096           -0.06    0.0059612902      0.30391578     -0.33020609               0
           0.35             0.1           -0.06     0.041254467      0.13662312     -0.16105907     0.033852675
           0.35          -0.096          -0.056    -0.013094329     -0.27961376     -0.38087535               0
           0.35            -0.1          -0.056     0.029441055     -0.12617372     -0.18643089     0.028990582
           0.35          -0.092          -0.056    -0.096424417     -0.33931183     -0.39450413               0
           0.35          -0.088          -0.056     -0.10299698     -0.39167326     -0.40521874               0
           0.35          -0.084          -0.056      -0.0821675     -0.42611396     -0.41715481               0
           0.35           -0.08          -0.056       -0.040879     -0.44933256     -0.43022679               0
           0.35          -0.076          -0.056     0.017962409     -0.46330773     -0.44400561               0
           0.35          -0.072          -0.056     0.090785377     -0.46985642     -0.45821032               0
           0.35          -0.068          -0.056      0.17313429     -0.47039084     -0.47284269               0
           0.35          -0.064          -0.056      0.26126666     -0.46575652     -0.48805585               0
           0.35           -0.06          -0.056      0.35205096     -0.45647168     -0.50400418               0
           0.35          -0.056          -0.056      0.44278879     -0.44282763     -0.52070869               0
           0.35          -0.052          -0.056       0.5310766     -0.42497949     -0.53807611               0
           0.35          -0.048          -0.056      0.61476013     -0.40303681     -0.55596252               0
           0.35          -0.044          -0.056      0.69181206     -0.37708224     -0.57405186               0
           0.35           -0.04          -0.056      0.76032802     -0.34716222     -0.59181654               0
           0.35          -0.036          -0.056      0.81871717     -0.31334016      -0.6085797               0
           0.35          -0.032          -0.056      0.86586167     -0.27573189     -0.62357601               0
           0.35          -0.028          -0.056      0.90129832     -0.23455321     -0.63610599               0
           0.35          -0.024          -0.056      0.92537149     -0.19014722     -0.64562351               0
           0.35           -0.02          -0.056      0.93933685     -0.14294468     -0.65180944               0
           0.35          -0.016          -0.056      0.94526774     -0.09333975      -0.6546388               0
           0.35          -0.012          -0.056      0.94565431    -0.041848363      -0.6543897               0
           0.35          -0.008          -0.056       0.9433794     0.011686229     -0.65160455               0
           0.35          -0.004          -0.056      0.94119944     0.065300021     -0.64731766               0
           0.35               0          -0.056      0.93987699      0.11759824     -0.64227667               0
           0.35           0.004          -0.056      0.93853312      0.16896409     -0.63653404               0
           0.35           0.008          -0.056      0.93568318      0.21852816      -0.6300644               0
           0.35           0.012          -0.056       0.9293637      0.26580189     -0.62277329               0
           0.35           0.016          -0.056      0.91781824      0.31018803     -0.61453977               0
           0.35            0.02          -0.056      0.89972585      0.35116397     -0.60525121               0
           0.35           0.024          -0.056      0.87427522      0.38833916     -0.59482755               0
           0.35           0.028          -0.056      0.84113332      0.42148104      -0.5832316               0
           0.35           0.032          -0.056      0.80035185      0.45050964     -0.57047249               0
           0.35           0.036          -0.056       0.7522643      0.47546718     -0.55660945               0
           0.35            0.04          -0.056      0.69740534      0.49647553     -0.54175191               0
           0.35           0.044          -0.056       0.6364547      0.51370095     -0.52605251               0
           0.35           0.048          -0.056      0.57020233      0.52733278     -0.50971118               0
           0.35           0.052          -0.056      0.49953492      0.53754884     -0.49296075               0
           0.35           0.056          -0.056      0.42544468      0.54448175     -0.47604395               0
           0.35            0.06          -0.056      0.34908504      0.54811147     -0.45910221               0
           0.35           0.064          -0.056      0.27186379      0.54822265     -0.44219457               0
           0.35           0.068          -0.056      0.19556233      0.54447193     -0.42544556               0
           0.35           0.072          -0.056      0.12247285      0.53630356     -0.40898494               0
           0.35           0.076          -0.056     0.055490783      0.52281854     -0.39290496               0
           0.35            0.08          -0.056    -0.001753792      0.50261733     -0.37731381               0
           0.35           0.084          -0.056    -0.045098108      0.47374993     -0.36240321               0
           0.35           0.088          -0.056    -0.069703592      0.43395072     -0.34833107               0
           0.35           0.092          -0.056    -0.066997908      0.37568572     -0.33512027               0
           0.35           0.096          -0.056     0.015905403      0.30872732     -0.31973358               0
           0.35             0.1          -0.056     0.044644175      0.13875346     -0.15559244     0.033685039
           0.35          -0.096          -0.052    1.455925e-05      -0.2880449     -0.37075075               0
           0.35            -0.1          -0.052     0.035800633     -0.12977867      -0.1811354     0.029455327
           0.35          -0.092          -0.052    -0.081302393     -0.35006521     -0.38512544               0
           0.35          -0.088          -0.052    -0.083799028      -0.4042854      -0.3962603               0
           0.35          -0.084          -0.052    -0.057225703     -0.43994486     -0.40826892               0
           0.35           -0.08          -0.052     -0.00850554     -0.46386001     -0.42117465               0
           0.35          -0.076          -0.052     0.058416571     -0.47830568     -0.43470627               0
           0.35          -0.072          -0.052      0.13881091     -0.48522441      -0.4486384               0
           0.35          -0.068          -0.052      0.22821538     -0.48595345     -0.46301364               0
           0.35          -0.064          -0.052      0.32288161     -0.48134329     -0.47803811               0
           0.35           -0.06          -0.052      0.41966355       -0.471878     -0.49386412               0
           0.35          -0.056          -0.052      0.51584488     -0.45787441     -0.51053094               0
           0.35          -0.052          -0.052      0.60884491     -0.43964448     -0.52803324               0
           0.35          -0.048          -0.052      0.69625006     -0.41723055      -0.5461777               0
           0.35          -0.044          -0.052       0.7759212     -0.39056149     -0.56454695               0
           0.35           -0.04          -0.052      0.84586161     -0.35964936     -0.58253286               0
           0.35          -0.036          -0.052      0.90425328     -0.32453886     -0.59935233               0
           0.35          -0.032          -0.052      0.94975233     -0.28538224      -0.6141501               0
           0.35          -0.028          -0.052      0.98177442      -0.2424749     -0.62611416               0
           0.35          -0.024          -0.052       1.0007677     -0.19626249     -0.63462069               0
           0.35           -0.02          -0.052         1.00839       -0.147299     -0.63935825               0
           0.35          -0.016          -0.052       1.0073992    -0.096110611     -0.64038503               0
           0.35          -0.012          -0.052       1.0011899    -0.043311814     -0.63812451               0
           0.35          -0.008          -0.052      0.99381376     0.011303284     -0.63326751               0
           0.35          -0.004          -0.052      0.98929065     0.065850607     -0.62719817               0
           0.35               0          -0.052      0.98871404       0.1190745     -0.62097537               0
           0.35           0.004          -0.052      0.99064682      0.17154536      -0.6146286               0
           0.35           0.008          -0.052      0.99297626      0.22245079     -0.60804282               0
           0.35           0.012          -0.052       0.9930551      0.27128793     -0.60102213               0
           0.35           0.016          -0.052      0.98843359      0.31737606      -0.5933292               0
           0.35            0.02          -0.052      0.97716642       0.3600666     -0.58473715               0
           0.35           0.024          -0.052       0.9579487      0.39883576     -0.57506299               0
           0.35           0.028          -0.052      0.93010456       0.4333416     -0.56418398               0
           0.35           0.032          -0.052      0.89347877      0.46343294     -0.55204397               0
           0.35           0.036          -0.052      0.84829743      0.48911841     -0.53866154               0
           0.35            0.04          -0.052      0.79505385      0.51051835     -0.52413631               0
           0.35           0.044          -0.052      0.73443472      0.52782349     -0.50864474               0
           0.35           0.048          -0.052      0.66726751      0.54125837      -0.4924266               0
           0.35           0.052          -0.052      0.59448488      0.55104295     -0.47576466               0
           0.35           0.056          -0.052      0.51710599      0.55740578     -0.45900365               0
           0.35            0.06          -0.052      0.43630136      0.56040331     -0.44233245               0
           0.35           0.064          -0.052      0.35351584      0.55981869     -0.42575896               0
           0.35           0.068          -0.052      0.27053267      0.55529301     -0.40938764               0
           0.35           0.072          -0.052      0.18963332      0.54630333      -0.3933938               0
           0.35           0.076          -0.052      0.11378797      0.53200795     -0.37790357               0
           0.35            0.08          -0.052     0.046721932      0.51110598     -0.36300454               0
           0.35           0.084          -0.052     -0.00689729      0.48165507     -0.34879409               0
           0.35           0.088          -0.052    -0.041166846      0.44094694     -0.33521752               0
           0.35           0.092          -0.052    -0.046638448      0.38123248     -0.32217407               0
           0.35           0.096          -0.052     0.029095716      0.31305973     -0.30659726               0
           0.35             0.1          -0.052     0.049484589       0.1407262     -0.14891759     0.033510795
           0.35          -0.096          -0.048     0.015760448     -0.29632051     -0.35796768               0
           0.35            -0.1          -0.048     0.043403122     -0.13332145     -0.17461836      0.03000178
           0.35          -0.092          -0.048    -0.063394939     -0.36060018     -0.37277955               0
           0.35          -0.088          -0.048    -0.061864912     -0.41663323     -0.38419995               0
           0.35          -0.084          -0.048    -0.029571084     -0.45352006     -0.39624226               0
           0.35           -0.08          -0.048     0.026048291     -0.47825947      -0.4089969               0
           0.35          -0.076          -0.048     0.099901886      -0.4933833     -0.42228085               0
           0.35          -0.072          -0.048       0.1867503     -0.50083977     -0.43591371               0
           0.35          -0.068          -0.048      0.28215263     -0.50189584     -0.44999174               0
           0.35          -0.064          -0.048      0.38230572     -0.49737389     -0.46473822               0
           0.35           -0.06          -0.048      0.48410285     -0.48777492     -0.48032794               0
           0.35          -0.056          -0.048      0.58469983     -0.47354871     -0.49688165               0
           0.35          -0.052          -0.048       0.6812887     -0.45501689      -0.5144021               0
           0.35          -0.048          -0.048      0.77136155     -0.43207868     -0.53258893               0
           0.35          -0.044          -0.048       0.8526653     -0.40455507     -0.55094389               0
           0.35           -0.04          -0.048      0.92296847     -0.37244837     -0.56880647               0
           0.35          -0.036          -0.048      0.98013385     -0.33582022     -0.58529741               0
           0.35          -0.032          -0.048       1.0225027     -0.29485678     -0.59944141               0
           0.35          -0.028          -0.048       1.0493354     -0.24994884     -0.61031312               0
           0.35          -0.024          -0.048       1.0612131     -0.20170433     -0.61722196               0
           0.35           -0.02          -0.048       1.0602829     -0.15086672     -0.61988135               0
           0.35          -0.016          -0.048       1.0501419    -0.098144634     -0.61847108               0
           0.35          -0.012          -0.048       1.0352865    -0.044264377     -0.61359638               0
           0.35          -0.008          -0.048       1.0211979     0.011027814     -0.60614881               0
           0.35          -0.004          -0.048       1.0134066     0.066015972     -0.59795288               0
           0.35               0          -0.048       1.0133508      0.11968416     -0.59038854               0
           0.35           0.004          -0.048       1.0189503      0.17283422     -0.58340824               0
           0.35           0.008          -0.048       1.0274551      0.22477316     -0.57678937               0
           0.35           0.012          -0.048       1.0354898      0.27501771      -0.5702319               0
           0.35           0.016          -0.048       1.0397967      0.32281397     -0.56337948               0
           0.35            0.02          -0.048       1.0376378      0.36736881     -0.55587668               0
           0.35           0.024          -0.048        1.027037       0.4079873     -0.54741352               0
           0.35           0.028          -0.048       1.0068222      0.44417263     -0.53775276               0
           0.35           0.032          -0.048      0.97651654      0.47565928     -0.52674464               0
           0.35           0.036          -0.048      0.93616858      0.50238711     -0.51434214               0
           0.35            0.04          -0.048      0.88620325      0.52445049     -0.50061387               0
           0.35           0.044          -0.048      0.82731542       0.5420477     -0.48574357               0
           0.35           0.048          -0.048      0.76039499      0.55543209     -0.47001304               0
           0.35           0.052          -0.048       0.6864701      0.56486778     -0.45376789               0
           0.35           0.056          -0.048      0.60663151       0.5706358     -0.43739839               0
           0.35            0.06          -0.048      0.52208763      0.57290637     -0.42118415               0
           0.35           0.064          -0.048      0.43438016      0.57157512     -0.40520779               0
           0.35           0.068          -0.048       0.3453858      0.56625594     -0.38951173               0
           0.35           0.072          -0.048      0.25737114      0.55635024     -0.37421486               0
           0.35           0.076          -0.048      0.17333928      0.54105872     -0.35948218               0
           0.35            0.08          -0.048     0.097223427      0.51915689     -0.34540767               0
           0.35           0.084          -0.048      0.03403814      0.48882828     -0.33200743               0
           0.35           0.088          -0.048   -0.0096204125      0.44714633     -0.31907452               0
           0.35           0.092          -0.048    -0.023260574      0.38612998     -0.30645232               0
           0.35           0.096          -0.048     0.044937396      0.31696946     -0.29105398               0
           0.35             0.1          -0.048     0.055466476      0.14254363     -0.14114068     0.033345709
           0.35          -0.096          -0.044     0.033649758     -0.30432647     -0.34269904               0
           0.35            -0.1          -0.044     0.051942642     -0.13674926     -0.16694757     0.030626445
           0.35          -0.092          -0.044    -0.043201322     -0.37080706     -0.35767636               0
           0.35          -0.088          -0.044    -0.037825025     -0.42864809     -0.36925946               0
           0.35          -0.084          -0.044    -5.42402e-05     -0.46681894     -0.38130892               0
           0.35           -0.08          -0.044     0.061592981     -0.49256645     -0.39389523               0
           0.35          -0.076          -0.044      0.14118289     -0.50857847     -0.40688477               0
           0.35          -0.072          -0.044      0.23341657     -0.51670662     -0.42016913               0
           0.35          -0.068          -0.044      0.33370704     -0.51821124     -0.43389393               0
           0.35          -0.064          -0.044       0.4382651     -0.51387337     -0.44827067               0
           0.35           -0.06          -0.044      0.54396321     -0.50427503     -0.46352233               0
           0.35          -0.056          -0.044      0.64774106     -0.48997722     -0.47984109               0
           0.35          -0.052          -0.044      0.74668126     -0.47114813     -0.49714019               0
           0.35          -0.048          -0.044      0.83826393     -0.44757055     -0.51505707               0
           0.35          -0.044          -0.044      0.92003492     -0.41904901     -0.53306551               0
           0.35           -0.04          -0.044      0.98941499     -0.38555647     -0.55041896               0
           0.35          -0.036          -0.044       1.0438677     -0.34716388     -0.56613309               0
           0.35          -0.032          -0.044       1.0813755      -0.3041207       -0.579109               0
           0.35          -0.028          -0.044       1.1010194     -0.25695774     -0.58831545               0
           0.35          -0.024          -0.044       1.1035531     -0.20650759     -0.59301577               0
           0.35           -0.02          -0.044       1.0917497     -0.15377103      -0.5929807               0
           0.35          -0.016          -0.044       1.0702359    -0.099683117     -0.58855905               0
           0.35          -0.012          -0.044       1.0447994    -0.045083923     -0.58057355               0
           0.35          -0.008          -0.044       1.0225044     0.010382526     -0.57014475               0
           0.35          -0.004          -0.044       1.0105184     0.065263487     -0.55958712               0
           0.35               0          -0.044       1.0106177      0.11883641     -0.55058524               0
           0.35           0.004          -0.044       1.0200403      0.17217583     -0.54295495               0
           0.35           0.008          -0.044       1.0354605      0.22476658     -0.53635173               0
           0.35           0.012          -0.044       1.0528047      0.27618561     -0.53037648               0
           0.35           0.016          -0.044       1.0679583      0.32563756     -0.52456722               0
           0.35            0.02          -0.044       1.0772601      0.37218656     -0.51844996               0
           0.35           0.024          -0.044       1.0778754      0.41493715     -0.51158508               0
           0.35           0.028          -0.044       1.0679377       0.4531867     -0.50360337               0
           0.35           0.032          -0.044       1.0464752      0.48649865     -0.49423312               0
           0.35           0.036          -0.044       1.0132321      0.51469518     -0.48332823               0
           0.35            0.04          -0.044      0.96849138      0.53780776       -0.470895               0
           0.35           0.044          -0.044      0.91293837       0.5560163     -0.45710385               0
           0.35           0.048          -0.044      0.84755905      0.56958957     -0.44227089               0
           0.35           0.052          -0.044      0.77353277      0.57883081     -0.42679946               0
           0.35           0.056          -0.044      0.69210355      0.58406049     -0.41110259               0
           0.35            0.06          -0.044      0.60458702      0.58558766     -0.39558133               0
           0.35           0.064          -0.044       0.5126153      0.58345925     -0.38045168               0
           0.35           0.068          -0.044      0.41823284      0.57732852     -0.36573274               0
           0.35           0.072          -0.044      0.32380833      0.56652922     -0.35145146               0
           0.35           0.076          -0.044       0.2323395      0.55016624     -0.33770957               0
           0.35            0.08          -0.044      0.14788358      0.52709035     -0.32463153               0
           0.35           0.084          -0.044     0.075829156      0.49559441     -0.31219954               0
           0.35           0.088          -0.044     0.023404234      0.45272716      -0.3000979               0
           0.35           0.092          -0.044    0.0018649103      0.39047367     -0.28815328               0
           0.35           0.096          -0.044     0.062400126      0.32046988      -0.2732535               0
           0.35             0.1          -0.044     0.062194199      0.14418933      -0.1323233     0.033215292
           0.35          -0.096           -0.04     0.053084289     -0.31191837     -0.32506636               0
           0.35            -0.1           -0.04     0.061049552     -0.13999292     -0.15815967     0.031335229
           0.35          -0.092           -0.04    -0.021203524     -0.38055163     -0.33998961               0
           0.35          -0.088           -0.04    -0.012270232     -0.44022435     -0.35161525               0
           0.35          -0.084           -0.04     0.030302592     -0.47980608      -0.3636064               0
           0.35           -0.08           -0.04     0.096992193     -0.50676188     -0.37596536               0
           0.35          -0.076           -0.04      0.18134708     -0.52382503     -0.38860894               0
           0.35          -0.072           -0.04      0.27786316     -0.53275308     -0.40148968               0
           0.35          -0.068           -0.04      0.38188288      -0.5347982     -0.41478001               0
           0.35          -0.064           -0.04      0.48966823     -0.53079321     -0.42871189               0
           0.35           -0.06           -0.04      0.59795083     -0.52140685     -0.44353789               0
           0.35          -0.056           -0.04       0.7035097     -0.50712579     -0.45943273               0
           0.35          -0.052           -0.04       0.8034641      -0.4879775     -0.47624035               0
           0.35          -0.048           -0.04      0.89518711     -0.46367895     -0.49355894               0
           0.35          -0.044           -0.04      0.97596346     -0.43401398     -0.51083592               0
           0.35           -0.04           -0.04       1.0428356      -0.3989421     -0.52725044               0
           0.35          -0.036           -0.04       1.0927944     -0.35854777     -0.54170247               0
           0.35          -0.032           -0.04       1.1234374     -0.31317925     -0.55297287               0
           0.35          -0.028           -0.04        1.133696     -0.26357033     -0.55993925               0
           0.35          -0.024           -0.04       1.1246069     -0.21084872      -0.5618565               0
           0.35           -0.02           -0.04       1.0997554     -0.15633192     -0.55860776               0
           0.35          -0.016           -0.04       1.0649915     -0.10120004     -0.55076581               0
           0.35          -0.012           -0.04       1.0275226    -0.046386522     -0.53940341               0
           0.35          -0.008           -0.04      0.99592658    0.0086705597     -0.52584714               0
           0.35          -0.004           -0.04      0.97894278     0.062875643     -0.51287134               0
           0.35               0           -0.04      0.97870623      0.11579569     -0.50243284               0
           0.35           0.004           -0.04      0.99178596      0.16880417     -0.49415905               0
           0.35           0.008           -0.04        1.014396      0.22161552     -0.48756201               0
           0.35           0.012           -0.04       1.0419034      0.27391002     -0.48215456               0
           0.35           0.016           -0.04       1.0694124      0.32489815     -0.47740474               0
           0.35            0.02           -0.04       1.0922982        0.373526     -0.47276211               0
           0.35           0.024           -0.04       1.1067099      0.41868615     -0.46768826               0
           0.35           0.028           -0.04       1.1098606      0.45942569     -0.46169049               0
           0.35           0.032           -0.04       1.1000494      0.49507563     -0.45435867               0
           0.35           0.036           -0.04       1.0765151      0.52527868     -0.44541229               0
           0.35            0.04           -0.04       1.0392605      0.54994919     -0.43475568               0
           0.35           0.044           -0.04      0.98890408      0.56920892     -0.42251404               0
           0.35           0.048           -0.04      0.92654565      0.58332114     -0.40901692               0
           0.35           0.052           -0.04      0.85357597      0.59262306     -0.39471113               0
           0.35           0.056           -0.04      0.77149526      0.59748446     -0.38004546               0
           0.35            0.06           -0.04      0.68184683      0.59834293     -0.36552122               0
           0.35           0.064           -0.04      0.58637578      0.59541005     -0.35149059               0
           0.35           0.068           -0.04      0.48727005       0.5884275     -0.33800873               0
           0.35           0.072           -0.04      0.38712625      0.57675453     -0.32504713               0
           0.35           0.076           -0.04      0.28903356      0.55938304     -0.31260259               0
           0.35            0.08           -0.04      0.19707874      0.53507882     -0.30074248               0
           0.35           0.084           -0.04      0.11687227      0.50220795     -0.28944386               0
           0.35           0.088           -0.04      0.05619108      0.45787554     -0.27836961               0
           0.35           0.092           -0.04      0.02710243      0.39432034     -0.26734458               0
           0.35           0.096           -0.04      0.08036343      0.32355863     -0.25324532               0
           0.35             0.1           -0.04     0.069293445      0.14563123     -0.12248768     0.033143411
           0.35          -0.096          -0.036     0.073097506     -0.31899939     -0.30512484               0
           0.35            -0.1          -0.036     0.070290871     -0.14302242     -0.14826602     0.032111154
           0.35          -0.092          -0.036    0.0017312321     -0.38970148      -0.3198296               0
           0.35          -0.088          -0.036     0.013984324     -0.45124454     -0.33138345               0
           0.35          -0.084          -0.036     0.060664832      -0.4924105     -0.34321999               0
           0.35           -0.08          -0.036      0.13155756     -0.52076054     -0.35527914               0
           0.35          -0.076          -0.036      0.21972524      -0.5389797     -0.36752658               0
           0.35          -0.072          -0.036      0.31942678     -0.54882141     -0.37995468               0
           0.35          -0.068          -0.036      0.42598536     -0.55152352     -0.39273654               0
           0.35          -0.064          -0.036      0.53567666     -0.54800513     -0.40614399               0
           0.35           -0.06          -0.036      0.64507728     -0.53899059     -0.42044044               0
           0.35          -0.056          -0.036      0.75090961     -0.52477896     -0.43570148               0
           0.35          -0.052          -0.036      0.85034187      -0.5052732     -0.45173728               0
           0.35          -0.048          -0.036      0.94058099     -0.48018503     -0.46814275               0
           0.35          -0.044          -0.036       1.0185971       -0.449264     -0.48430758               0
           0.35           -0.04          -0.036       1.0810209     -0.41244513     -0.49933449               0
           0.35          -0.036          -0.036       1.1243961     -0.36985629     -0.51202539               0
           0.35          -0.032          -0.036       1.1459765     -0.32199678     -0.52106553               0
           0.35          -0.028          -0.036        1.144651     -0.26987851     -0.52527921               0
           0.35          -0.024          -0.036       1.1219221     -0.21499244     -0.52397026               0
           0.35           -0.02          -0.036       1.0823896       -0.159003     -0.51719988               0
           0.35          -0.016          -0.036       1.0332527     -0.10330655      -0.5058099               0
           0.35          -0.012          -0.036      0.98312399    -0.048870053     -0.49113904               0
           0.35          -0.008          -0.036      0.94175959    0.0051645182     -0.47464357               0
           0.35          -0.004          -0.036      0.91922042     0.058146526     -0.45942337               0
           0.35               0          -0.036      0.91808936      0.10989806     -0.44766572               0
           0.35           0.004          -0.036      0.93434731      0.16207013     -0.43879876               0
           0.35           0.008          -0.036      0.96386554       0.2146564     -0.43215736               0
           0.35           0.012          -0.036       1.0016527      0.26747482     -0.42716766               0
           0.35           0.016          -0.036       1.0422395      0.31979483     -0.42326784               0
           0.35            0.02          -0.036       1.0801514      0.37049371     -0.41989852               0
           0.35           0.024          -0.036       1.1104807      0.41827196     -0.41649435               0
           0.35           0.028          -0.036       1.1293356      0.46190543     -0.41249125               0
           0.35           0.032          -0.036       1.1340159      0.50043885     -0.40735716               0
           0.35           0.036          -0.036       1.1229738      0.53326424     -0.40065802               0
           0.35            0.04          -0.036       1.0957073       0.5601065     -0.39215592               0
           0.35           0.044          -0.036       1.0526439      0.58097198     -0.38188669               0
           0.35           0.048          -0.036      0.99497552      0.59608479     -0.37015765               0
           0.35           0.052          -0.036      0.92437089      0.60580956      -0.3574408               0
           0.35           0.056          -0.036      0.84268161        0.610585     -0.34423689               0
           0.35            0.06          -0.036      0.75180151       0.6109429     -0.33107434               0
           0.35           0.064          -0.036      0.65369574      0.60726157     -0.31840907               0
           0.35           0.068          -0.036      0.55068921      0.59943603     -0.30640618               0
           0.35           0.072          -0.036      0.44560556      0.58688406     -0.29501552               0
           0.35           0.076          -0.036      0.34174618      0.56858555     -0.28415678               0
           0.35            0.08          -0.036      0.24324731      0.54313744       -0.273779               0
           0.35           0.084          -0.036      0.15580299      0.50881612     -0.26380708               0
           0.35           0.088          -0.036     0.087526739      0.46282693     -0.25396014               0
           0.35           0.092          -0.036      0.05136416      0.39787462     -0.24408612               0
           0.35           0.096          -0.036     0.098017186      0.32633807     -0.23108619               0
           0.35             0.1          -0.036     0.076449135       0.1469003     -0.11166671      0.03313048
           0.35          -0.096          -0.032     0.092610083     -0.32544151      -0.2829114               0
           0.35            -0.1          -0.032      0.07916905     -0.14579381     -0.13728293     0.032919418
           0.35          -0.092          -0.032     0.024478871     -0.39806981     -0.29724992               0
           0.35          -0.088          -0.032     0.039981644     -0.46157735     -0.30861853               0
           0.35          -0.084          -0.032     0.090359121     -0.50451927     -0.32020464               0
           0.35           -0.08          -0.032      0.16480271     -0.53436987     -0.33190712               0
           0.35          -0.076          -0.032      0.25588843     -0.55380757     -0.34371306               0
           0.35          -0.072          -0.032      0.35772909     -0.56463223     -0.35564103               0
           0.35          -0.068          -0.032      0.46565718     -0.56811976     -0.36786737               0
           0.35          -0.064          -0.032      0.57588818     -0.56524879      -0.3806818               0
           0.35           -0.06          -0.032      0.68490043     -0.55666627     -0.39431806               0
           0.35          -0.056          -0.032      0.78946093     -0.54252341     -0.40875863               0
           0.35          -0.052          -0.032      0.88669492     -0.52264423     -0.42378831               0
           0.35          -0.048          -0.032      0.97360362     -0.49670592     -0.43899446               0
           0.35          -0.044          -0.032       1.0468506      -0.4644317     -0.45370341               0
           0.35           -0.04          -0.032       1.1026701      -0.4257436     -0.46693821               0
           0.35          -0.036          -0.032       1.1372458     -0.38085547     -0.47742679               0
           0.35          -0.032          -0.032       1.1476206     -0.33047898      -0.4838013               0
           0.35          -0.028          -0.032       1.1328371     -0.27597065     -0.48489513               0
           0.35          -0.024          -0.032       1.0950932     -0.21922545     -0.48013587               0
           0.35           -0.02          -0.032        1.040171     -0.16223645     -0.46982738               0
           0.35          -0.016          -0.032      0.97659872     -0.10653763     -0.45510015               0
           0.35          -0.012          -0.032      0.91414392    -0.053025492     -0.43753391               0
           0.35          -0.008          -0.032      0.86325074    -0.000590307     -0.41863385               0
           0.35          -0.004          -0.032      0.83489668     0.050666219      -0.4015835               0
           0.35               0          -0.032      0.83225299      0.10082625     -0.38872408               0
           0.35           0.004          -0.032      0.85094056      0.15168985     -0.37936449               0
           0.35           0.008          -0.032      0.88654122      0.20360396     -0.37262251               0
           0.35           0.012          -0.032      0.93388948      0.25654782      -0.3678201               0
           0.35           0.016          -0.032      0.98721814      0.30989576     -0.36438384               0
           0.35            0.02          -0.032       1.0404742      0.36251815     -0.36180698               0
           0.35           0.024          -0.032       1.0878402      0.41297659     -0.35959162               0
           0.35           0.028          -0.032       1.1242754      0.45979338     -0.35720097               0
           0.35           0.032          -0.032       1.1458595      0.50169873     -0.35405218               0
           0.35           0.036          -0.032       1.1499351      0.53776726     -0.34958255               0
           0.35            0.04          -0.032       1.1351799      0.56744911     -0.34339284               0
           0.35           0.044          -0.032       1.1016137      0.59055666     -0.33538462               0
           0.35           0.048          -0.032       1.0504382      0.60722292     -0.32579263               0
           0.35           0.052          -0.032      0.98364075      0.61782287     -0.31507606               0
           0.35           0.056          -0.032      0.90350443      0.62287308     -0.30375736               0
           0.35            0.06          -0.032      0.81237953      0.62298778     -0.29234999               0
           0.35           0.064          -0.032      0.71259581      0.61871556     -0.28137204               0
           0.35           0.068          -0.032      0.60666131       0.6101331     -0.27109884               0
           0.35           0.072          -0.032       0.4975855      0.59674291     -0.26150032               0
           0.35           0.076          -0.032      0.38891884      0.57757534     -0.25245423               0
           0.35            0.08          -0.032      0.28491737      0.55112569     -0.24380479               0
           0.35           0.084          -0.032      0.19131159       0.5154242     -0.23538138               0
           0.35           0.088          -0.032      0.11640782      0.46773444     -0.22697534               0
           0.35           0.092          -0.032     0.073774466      0.40123579     -0.21847995               0
           0.35           0.096          -0.032      0.11445781      0.32885019     -0.20687061               0
           0.35             0.1          -0.032     0.083233609      0.14806547    -0.099908229     0.033172537
           0.35          -0.096          -0.028      0.11092219     -0.33118921     -0.25846219               0
           0.35            -0.1          -0.028     0.087364957      -0.1482955     -0.12522314     0.033720245
           0.35          -0.092          -0.028      0.04627748     -0.40557982     -0.27229769               0
           0.35          -0.088          -0.028     0.065134843     -0.47113463     -0.28337294               0
           0.35          -0.084          -0.028      0.11900382     -0.51596296      -0.2946314               0
           0.35           -0.08          -0.028      0.19643538     -0.54733656     -0.30593888               0
           0.35          -0.076          -0.028      0.28967038     -0.56801159     -0.31726885               0
           0.35          -0.072          -0.028      0.39272921      -0.5798621     -0.32866045               0
           0.35          -0.068          -0.028      0.50095781     -0.58423139      -0.3403045               0
           0.35          -0.064          -0.028       0.6104792     -0.58209807     -0.35247961               0
           0.35           -0.06          -0.028      0.71773189     -0.57395047      -0.3653464               0
           0.35          -0.056          -0.028      0.81954923     -0.55985243     -0.37883478               0
           0.35          -0.052          -0.028      0.91292787     -0.53957424     -0.39270442               0
           0.35          -0.048          -0.028      0.99465173     -0.51273078     -0.40650256               0
           0.35          -0.044          -0.028        1.061116     -0.47903137      -0.4194971               0
           0.35           -0.04          -0.028       1.1082303     -0.43841805     -0.43063954               0
           0.35          -0.036          -0.028        1.131962     -0.39124011     -0.43861249               0
           0.35          -0.032          -0.028       1.1293639     -0.33848158     -0.44204808               0
           0.35          -0.028          -0.028       1.0999033     -0.28188524     -0.43986744               0
           0.35          -0.024          -0.028       1.0467097     -0.22374011      -0.4317047               0
           0.35           -0.02          -0.028      0.97680594     -0.16628981     -0.41815417               0
           0.35          -0.016          -0.028      0.89982791     -0.11109861     -0.40061797               0
           0.35          -0.012          -0.028      0.82623449    -0.058900341     -0.38084792               0
           0.35          -0.008          -0.028       0.7666577   -0.0084977362     -0.36034191               0
           0.35          -0.004          -0.028      0.73247955     0.040633141     -0.34206627               0
           0.35               0          -0.028      0.72763033     0.088867336     -0.32839282               0
           0.35           0.004          -0.028      0.74779057      0.13798181     -0.31867064               0
           0.35           0.008          -0.028      0.78823761      0.18876455     -0.31178292               0
           0.35           0.012          -0.028      0.84373873      0.24138008     -0.30692342               0
           0.35           0.016          -0.028      0.90846025      0.29534257      -0.3034964               0
           0.35            0.02          -0.028      0.97609565      0.34957234     -0.30107155               0
           0.35           0.024          -0.028       1.0402283      0.40256243     -0.29929156               0
           0.35           0.028          -0.028       1.0948338      0.45263806     -0.29776089               0
           0.35           0.032          -0.028       1.1347155      0.49822871     -0.29596768               0
           0.35           0.036          -0.028       1.1558482      0.53805069     -0.29331051               0
           0.35            0.04          -0.028       1.1557394      0.57119716     -0.28926185               0
           0.35           0.044          -0.028       1.1337032      0.59719469     -0.28356735               0
           0.35           0.048          -0.028       1.0907913      0.61601481     -0.27633359               0
           0.35           0.052          -0.028       1.0292835      0.62800826     -0.26794331               0
           0.35           0.056          -0.028      0.95194928      0.63376376     -0.25887969               0
           0.35            0.06          -0.028      0.86167268      0.63399798       -0.249625               0
           0.35           0.064          -0.028      0.76126164       0.6293996     -0.24068303               0
           0.35           0.068          -0.028      0.65348456      0.62021959     -0.23238176               0
           0.35           0.072          -0.028      0.54152535      0.60610088     -0.22476259               0
           0.35           0.076          -0.028      0.42914739      0.58614809     -0.21770423               0
           0.35            0.08          -0.028      0.32076137      0.55882476     -0.21096922               0
           0.35           0.084          -0.028      0.22217348      0.52192234     -0.20430778               0
           0.35           0.088          -0.028      0.14180972       0.4726309     -0.19756696               0
           0.35           0.092          -0.028     0.093635371      0.40451024     -0.19065283               0
           0.35           0.096          -0.028      0.12912318      0.33127062     -0.18067942               0
           0.35             0.1          -0.028     0.089335446      0.14922506    -0.087235093     0.033256859
           0.35          -0.096          -0.024      0.12747324     -0.33623191      -0.2318639               0
           0.35            -0.1          -0.024     0.094619603     -0.15054493     -0.11213587     0.034452561
           0.35          -0.092          -0.024     0.066673189     -0.41222394     -0.24505523               0
           0.35          -0.088          -0.024     0.089123234     -0.47984733     -0.25574519               0
           0.35          -0.084          -0.024      0.14631752     -0.52650919     -0.26660793               0
           0.35           -0.08          -0.024       0.2263204     -0.55935231      -0.2774869               0
           0.35          -0.076          -0.024      0.32113287     -0.58123942     -0.28831929               0
           0.35          -0.072          -0.024      0.42470984     -0.59413823     -0.29916211               0
           0.35          -0.068          -0.024      0.53238573     -0.59943051     -0.31021308               0
           0.35          -0.064          -0.024      0.64021159     -0.59801985      -0.3217202               0
           0.35           -0.06          -0.024      0.74464217      -0.5902818     -0.33377016               0
           0.35          -0.056          -0.024      0.84250725     -0.57621504     -0.34625511               0
           0.35          -0.052          -0.024      0.93063607     -0.55550286     -0.35890026               0
           0.35          -0.048          -0.024       1.0056213     -0.52771408     -0.37119519               0
           0.35          -0.044          -0.024        1.063621     -0.49256234     -0.38234585               0
           0.35           -0.04          -0.024         1.10033     -0.45005117     -0.39124387               0
           0.35          -0.036          -0.024       1.1116854     -0.40071493     -0.39655865               0
           0.35          -0.032          -0.024       1.0950166     -0.34585273     -0.39698256               0
           0.35          -0.028          -0.024       1.0505111     -0.28759517     -0.39160981               0
           0.35          -0.024          -0.024      0.98241549     -0.22855712     -0.38035672               0
           0.35           -0.02          -0.024      0.89890652     -0.17111285     -0.36412639               0
           0.35          -0.016          -0.024       0.8103379     -0.11676201      -0.3445401               0
           0.35          -0.012          -0.024      0.72733885     -0.06605619     -0.32342963               0
           0.35          -0.008          -0.024      0.66032515    -0.017881826     -0.30224381               0
           0.35          -0.004          -0.024      0.62051326     0.028899123       -0.283455               0
           0.35               0          -0.024      0.61274166     0.074953712     -0.26931168               0
           0.35           0.004          -0.024      0.63329814      0.12192646     -0.25936456               0
           0.35           0.008          -0.024      0.67713099      0.17110773     -0.25229281               0
           0.35           0.012          -0.024      0.73898418      0.22288178     -0.24715343               0
           0.35           0.016          -0.024      0.81308787      0.27693614     -0.24330891               0
           0.35            0.02          -0.024      0.89312777      0.33228841      -0.2403928               0
           0.35           0.024          -0.024      0.97241985      0.38743042     -0.23821047               0
           0.35           0.028          -0.024       1.0442689      0.44056575      -0.2365855               0
           0.35           0.032          -0.024        1.102363      0.48987696     -0.23520538               0
           0.35           0.036          -0.024       1.1412386      0.53372461     -0.23356968               0
           0.35            0.04          -0.024       1.1569782      0.57079144     -0.23112266               0
           0.35           0.044          -0.024       1.1478926      0.60023362     -0.22748439               0
           0.35           0.048          -0.024       1.1146668      0.62178093     -0.22259799               0
           0.35           0.052          -0.024         1.05977      0.63570539     -0.21669918               0
           0.35           0.056          -0.024      0.98645328      0.64264559     -0.21015839               0
           0.35            0.06          -0.024      0.89815731      0.64343284      -0.2033841               0
           0.35           0.064          -0.024      0.79821121      0.63885183     -0.19678308               0
           0.35           0.068          -0.024      0.68974406      0.62933093      -0.1906787               0
           0.35           0.072          -0.024      0.57612796      0.61468549     -0.18519345               0
           0.35           0.076          -0.024      0.46125436      0.59408016     -0.18022552               0
           0.35            0.08          -0.024      0.34968492      0.56599886     -0.17551685               0
           0.35           0.084          -0.024      0.24737213      0.52813362     -0.17079265               0
           0.35           0.088          -0.024      0.16286139      0.47749689     -0.16591308               0
           0.35           0.092          -0.024      0.11045938      0.40789846     -0.16075082               0
           0.35           0.096          -0.024      0.14183024      0.33393315     -0.15260903               0
           0.35             0.1          -0.024     0.094670263       0.1505385     -0.07367754     0.033339141
           0.35          -0.096           -0.02      0.14149301     -0.34043687     -0.20320467               0
           0.35            -0.1           -0.02      0.10028139     -0.15241404    -0.098066136      0.03506832
           0.35          -0.092           -0.02     0.085376049     -0.41793993     -0.21561726               0
           0.35          -0.088           -0.02      0.11162706     -0.48755436     -0.22585922               0
           0.35          -0.084           -0.02      0.17208026      -0.5358999     -0.23627165               0
           0.35           -0.08           -0.02       0.2544256     -0.57008676     -0.24668155               0
           0.35          -0.076           -0.02      0.35048531     -0.59311671     -0.25699715               0
           0.35          -0.072           -0.02      0.45416347     -0.60704022     -0.26728946               0
           0.35          -0.068           -0.02      0.56076815     -0.61324179     -0.27775234               0
           0.35          -0.064           -0.02      0.66631453      -0.6125223     -0.28858742               0
           0.35           -0.06           -0.02      0.76728217     -0.60517568     -0.29982952               0
           0.35          -0.056           -0.02      0.86042814     -0.59112711     -0.31133103               0
           0.35          -0.052           -0.02      0.94241214     -0.56997157      -0.3227633               0
           0.35          -0.048           -0.02       1.0096536     -0.54124424     -0.33355821               0
           0.35          -0.044           -0.02        1.058111     -0.50468322     -0.34285749               0
           0.35           -0.04           -0.02       1.0833768     -0.46039407     -0.34950588               0
           0.35          -0.036           -0.02       1.0815445     -0.40913564     -0.35219395               0
           0.35          -0.032           -0.02       1.0504847     -0.35253745     -0.34973924               0
           0.35          -0.028           -0.02      0.99137017     -0.29307604     -0.34148923               0
           0.35          -0.024           -0.02      0.90966532      -0.2335829     -0.32769342               0
           0.35           -0.02           -0.02      0.81448913     -0.17644115     -0.30954321               0
           0.35          -0.016           -0.02      0.71647459     -0.12303742     -0.28879729               0
           0.35          -0.012           -0.02      0.62599815    -0.073789141     -0.26727114               0
           0.35          -0.008           -0.02      0.55301431    -0.027789542     -0.24632949               0
           0.35          -0.004           -0.02      0.50801716     0.016620801     -0.22776834               0
           0.35               0           -0.02      0.49678026      0.06036507     -0.21354751               0
           0.35           0.004           -0.02      0.51673371      0.10491592     -0.20351378               0
           0.35           0.008           -0.02      0.56252021      0.15207265     -0.19622245               0
           0.35           0.012           -0.02      0.62887952      0.20247972     -0.19060916               0
           0.35           0.016           -0.02      0.71015788      0.25603341     -0.18598693               0
           0.35            0.02           -0.02      0.80015656      0.31189299      -0.1820312               0
           0.35           0.024           -0.02      0.89214751      0.36860915     -0.17869408               0
           0.35           0.028           -0.02      0.97906398      0.42433916     -0.17603903               0
           0.35           0.032           -0.02       1.0537609      0.47709297     -0.17403512               0
           0.35           0.036           -0.02        1.109484      0.52491907     -0.17241995               0
           0.35            0.04           -0.02       1.1408549      0.56608152     -0.17075325               0
           0.35           0.044           -0.02       1.1450215      0.59931374     -0.16861977               0
           0.35           0.048           -0.02         1.12212       0.6240334     -0.16580905               0
           0.35           0.052           -0.02        1.074665      0.64037012     -0.16235558               0
           0.35           0.056           -0.02       1.0063115      0.64897215     -0.15844023               0
           0.35            0.06           -0.02      0.92100495      0.65075823     -0.15431979               0
           0.35           0.064           -0.02      0.82256394      0.64659218     -0.15026214               0
           0.35           0.068           -0.02      0.71452576       0.6370737     -0.14653405               0
           0.35           0.072           -0.02      0.60047189      0.62218797     -0.14328739               0
           0.35           0.076           -0.02      0.48436758      0.60114771     -0.14045208               0
           0.35            0.08           -0.02       0.3708877      0.57247655     -0.13781625               0
           0.35           0.084           -0.02      0.26616733      0.53388287     -0.13512567               0
           0.35           0.088           -0.02      0.17889042      0.48221955      -0.1322272               0
           0.35           0.092           -0.02      0.12367329      0.41142375     -0.12895404               0
           0.35           0.096           -0.02      0.15215633       0.3369651       -0.122823               0
           0.35             0.1           -0.02     0.099071548      0.15209501    -0.059312479     0.033371878
           0.35          -0.096          -0.016       0.1530969      -0.3440126     -0.17256542               0
           0.35            -0.1          -0.016      0.10448797     -0.15403798    -0.083024038     0.035502494
           0.35          -0.092          -0.016      0.10220235     -0.42271667     -0.18411743               0
           0.35          -0.088          -0.016       0.1323498     -0.49404193     -0.19385348               0
           0.35          -0.084          -0.016      0.19610647      -0.5438626     -0.20377293               0
           0.35           -0.08          -0.016      0.28076641     -0.57923885     -0.21366827               0
           0.35          -0.076          -0.016      0.37800414     -0.60332389      -0.2234407               0
           0.35          -0.072          -0.016      0.48167263     -0.61822163     -0.23317345               0
           0.35          -0.068          -0.016      0.58706617     -0.62529577     -0.24305054               0
           0.35          -0.064          -0.016      0.69018814     -0.62525244     -0.25322055               0
           0.35           -0.06          -0.016      0.78750467     -0.61830495     -0.26367863               0
           0.35          -0.056          -0.016      0.87567821      -0.6042953     -0.27423739               0
           0.35          -0.052          -0.016      0.95120809     -0.58274941     -0.28450365               0
           0.35          -0.048          -0.016       1.0103297     -0.55317475     -0.29385253               0
           0.35          -0.044          -0.016       1.0488416     -0.51534564     -0.30137085               0
           0.35           -0.04          -0.016       1.0623325     -0.46949726     -0.30587991               0
           0.35          -0.036          -0.016       1.0472199     -0.41663231      -0.3061346               0
           0.35          -0.032          -0.016       1.0021513     -0.35869664     -0.30114159               0
           0.35          -0.028          -0.016      0.92949075     -0.29843939     -0.29055902               0
           0.35          -0.024          -0.016      0.83591889     -0.23879021     -0.27497489               0
           0.35           -0.02          -0.016      0.73121239     -0.18205301      -0.2558028               0
           0.35          -0.016          -0.016      0.62590457     -0.12950604     -0.23483888               0
           0.35          -0.012          -0.016      0.52986306      -0.0815121     -0.21379429               0
           0.35          -0.008          -0.016      0.45244733    -0.037406278     -0.19390439               0
           0.35          -0.004          -0.016      0.40306366    0.0047954358     -0.17625814               0
           0.35               0          -0.016       0.3882705      0.04624951     -0.16237351               0
           0.35           0.004          -0.016      0.40695108     0.088304579     -0.15237041               0
           0.35           0.008          -0.016      0.45359482      0.13316046      -0.1448101               0
           0.35           0.012          -0.016      0.52294021      0.18176673     -0.13854068               0
           0.35           0.016          -0.016      0.60944338      0.23425587     -0.13283524               0
           0.35            0.02          -0.016      0.70704178      0.28996865     -0.12740023               0
           0.35           0.024          -0.016      0.80904668      0.34756952     -0.12231334               0
           0.35           0.028          -0.016      0.90818802      0.40524002     -0.11786374               0
           0.35           0.032          -0.016      0.99673011      0.46089544     -0.11432536               0
           0.35           0.036          -0.016        1.066891      0.51233696     -0.11175922               0
           0.35            0.04          -0.016       1.1120401      0.55744276     -0.10997011               0
           0.35           0.044          -0.016       1.1282613      0.59451884     -0.10862319               0
           0.35           0.048          -0.016       1.1151215      0.62263568     -0.10740662               0
           0.35           0.052          -0.016       1.0750749      0.64172874     -0.10613702               0
           0.35           0.056          -0.016        1.012048      0.65240333     -0.10475035               0
           0.35            0.06          -0.016      0.93037398      0.65562073     -0.10328183               0
           0.35           0.064          -0.016      0.83426406      0.65230747      -0.1018314               0
           0.35           0.068          -0.016      0.72760742      0.64317569     -0.10055634               0
           0.35           0.072          -0.016       0.6141836      0.62836275    -0.099575672               0
           0.35           0.076          -0.016       0.4980267       0.6071677    -0.098860768               0
           0.35            0.08          -0.016      0.38389845      0.57815018    -0.098279328               0
           0.35           0.084          -0.016       0.2781027      0.53906892    -0.097634315               0
           0.35           0.088          -0.016      0.18946689      0.48669474    -0.096759436               0
           0.35           0.092          -0.016      0.13286974      0.41506289    -0.095456897               0
           0.35           0.096          -0.016      0.15964664      0.34038843    -0.091495861               0
           0.35             0.1          -0.016      0.10228766      0.15389981    -0.044227424     0.033321465
           0.35          -0.096          -0.012      0.16259808     -0.34719986     -0.14017792               0
           0.35            -0.1          -0.012      0.10772007     -0.15564997    -0.067114121     0.035678631
           0.35          -0.092          -0.012      0.11681662      -0.4264718     -0.15079061               0
           0.35          -0.088          -0.012      0.15098249     -0.49908553     -0.15991991               0
           0.35          -0.084          -0.012      0.21819124     -0.55013164     -0.16927319               0
           0.35           -0.08          -0.012      0.30531705     -0.58654167     -0.17859105               0
           0.35          -0.076          -0.012      0.40389718     -0.61159729     -0.18777616               0
           0.35          -0.072          -0.012      0.50772879     -0.62742274     -0.19691623               0
           0.35          -0.068          -0.012      0.61210678      -0.6353462     -0.20617694               0
           0.35          -0.064          -0.012      0.71303411     -0.63599896     -0.21566568               0
           0.35           -0.06          -0.012      0.80693117     -0.62951234     -0.22534003               0
           0.35          -0.056          -0.012      0.89034971     -0.61564408     -0.23496987               0
           0.35          -0.052          -0.012      0.95962345     -0.59386053     -0.24410585               0
           0.35          -0.048          -0.012       1.0107956     -0.56364389     -0.25207503               0
           0.35          -0.044          -0.012       1.0395403     -0.52480608     -0.25793292               0
           0.35           -0.04          -0.012       1.0415386     -0.47772165     -0.26051632               0
           0.35          -0.036          -0.012       1.0136904     -0.42363244     -0.25869606               0
           0.35          -0.032          -0.012      0.95562175     -0.36475904     -0.25171819               0
           0.35          -0.028          -0.012      0.87100425      -0.3040332       -0.239565               0
           0.35          -0.024          -0.012      0.76761372     -0.24438176     -0.22310888               0
           0.35           -0.02          -0.012      0.65556456     -0.18799198     -0.20388083               0
           0.35          -0.016          -0.012      0.54501985     -0.13607618     -0.18361339               0
           0.35          -0.012          -0.012      0.44522628    -0.089015764     -0.16384012               0
           0.35          -0.008          -0.012      0.36485776    -0.046330677     -0.14559973               0
           0.35          -0.004          -0.012      0.31228364   -0.0060586528     -0.12942486               0
           0.35               0          -0.012      0.29447198     0.033266645     -0.11625915               0
           0.35           0.004          -0.012      0.31166904     0.073029761     -0.10633178               0
           0.35           0.008          -0.012      0.35861367      0.11553353    -0.098394037               0
           0.35           0.012          -0.012      0.43001974      0.16209536     -0.09125267               0
           0.35           0.016          -0.012      0.52038497       0.2130942    -0.084168389               0
           0.35            0.02          -0.012      0.62371657      0.26807945    -0.076894265               0
           0.35           0.024          -0.012      0.73333348      0.32587856     -0.06963413               0
           0.35           0.028          -0.012      0.84177053      0.38476269    -0.062881095               0
           0.35           0.032          -0.012      0.94078852        0.442626    -0.057190438               0
           0.35           0.036          -0.012       1.0218068      0.49709417    -0.052959133               0
           0.35            0.04          -0.012       1.0773273      0.54572247    -0.050313009               0
           0.35           0.044          -0.012       1.1027771      0.58642996    -0.049106039               0
           0.35           0.048          -0.012       1.0973898      0.61793847    -0.048991827               0
           0.35           0.052          -0.012       1.0635637      0.63994894    -0.049570664               0
           0.35           0.056          -0.012        1.005362      0.65296834    -0.050497966               0
           0.35            0.06          -0.012      0.92733939      0.65795407    -0.051531193               0
           0.35           0.064          -0.012      0.83394871       0.6558805    -0.052567638               0
           0.35           0.068          -0.012       0.7293039       0.6475082    -0.053638715               0
           0.35           0.072          -0.012      0.61732725       0.6330886     -0.05481055               0
           0.35           0.076          -0.012      0.50212736       0.6120431    -0.056098806               0
           0.35            0.08          -0.012      0.38853717      0.58297044    -0.057459822               0
           0.35           0.084          -0.012      0.28297331      0.54367207    -0.058776392               0
           0.35           0.088          -0.012      0.19436869      0.49088271     -0.05988541               0
           0.35           0.092          -0.012      0.13778146       0.4187721     -0.06056031               0
           0.35           0.096          -0.012      0.16383009      0.34412772    -0.058945628               0
           0.35             0.1          -0.012      0.10399993      0.15589053    -0.028609784     0.033138312
           0.35          -0.096          -0.008      0.16965595     -0.34988846     -0.10637352               0
           0.35            -0.1          -0.008      0.10982397     -0.15718151    -0.050518951     0.035541365
           0.35          -0.092          -0.008      0.12885042     -0.42909566     -0.11591736               0
           0.35          -0.088          -0.008      0.16719072     -0.50251573     -0.12428814               0
           0.35          -0.084          -0.008      0.23807746     -0.55449991     -0.13294841               0
           0.35           -0.08          -0.008      0.32794048     -0.59179141     -0.14158973               0
           0.35          -0.076          -0.008      0.42819139     -0.61773336     -0.15010794               0
           0.35          -0.072          -0.008      0.53257642     -0.63444818     -0.15857973               0
           0.35          -0.068          -0.008      0.63639416     -0.64323873     -0.16714561               0
           0.35          -0.064          -0.008      0.73564173     -0.64466597     -0.17588247               0
           0.35           -0.06          -0.008      0.82667567     -0.63878077     -0.18471805               0
           0.35          -0.056          -0.008      0.90592008     -0.62525869     -0.19338695               0
           0.35          -0.052          -0.008      0.96953411     -0.60350885     -0.20140189               0
           0.35          -0.048          -0.008       1.0133734     -0.57298452     -0.20806537               0
           0.35          -0.044          -0.008       1.0330347     -0.53352685     -0.21243947               0
           0.35           -0.04          -0.008       1.0243977     -0.48564098     -0.21342558               0
           0.35          -0.036          -0.008       0.9849998     -0.43077952     -0.21005619               0
           0.35          -0.032          -0.008      0.91558745     -0.37137246     -0.20183477               0
           0.35          -0.028          -0.008      0.82112634     -0.31044035      -0.1890259               0
           0.35          -0.024          -0.008      0.71024136     -0.25083893     -0.17268166               0
           0.35           -0.02          -0.008      0.59307141     -0.19464857     -0.15433251               0
           0.35          -0.016          -0.008       0.4792632     -0.14307421     -0.13556387               0
           0.35          -0.012          -0.008      0.37744484    -0.096566965     -0.11768117               0
           0.35          -0.008          -0.008      0.29560887    -0.054770612     -0.10147365               0
           0.35          -0.004          -0.008      0.24133797    -0.015999308    -0.087104221               0
           0.35               0          -0.008      0.22153482     0.021572263    -0.074888822               0
           0.35           0.004          -0.008      0.23753947     0.059452229    -0.064978205               0
           0.35           0.008          -0.008      0.28482935     0.099784276    -0.056442817               0
           0.35           0.012          -0.008      0.35807352      0.14427671    -0.048103928               0
           0.35           0.016          -0.008      0.45165815      0.19352404    -0.039196531               0
           0.35            0.02          -0.008      0.55950028      0.24729508    -0.029525054               0
           0.35           0.024          -0.008      0.67484801      0.30466197    -0.019503404               0
           0.35           0.028          -0.008      0.78995745      0.36407974   -0.0099163113               0
           0.35           0.032          -0.008      0.89600878      0.42348948   -0.0016507315               0
           0.35           0.036          -0.008      0.98372411      0.48038074    0.0045478002               0
           0.35            0.04          -0.008       1.0451303      0.53201217    0.0082852302               0
           0.35           0.044          -0.008       1.0755585      0.57595357     0.009612752               0
           0.35           0.048          -0.008        1.074389      0.61062611    0.0089557605               0
           0.35           0.052          -0.008       1.0441958      0.63551876     0.006915443               0
           0.35           0.056          -0.008      0.98917418      0.65101965    0.0040634917               0
           0.35            0.06          -0.008        0.913975      0.65803635   0.00084000225               0
           0.35           0.064          -0.008      0.82311691      0.65754179   -0.0024680173               0
           0.35           0.068          -0.008      0.72074663      0.65028595     -0.00573769               0
           0.35           0.072          -0.008      0.61080249      0.63658866   -0.0089664058               0
           0.35           0.076          -0.008      0.49741208      0.61598678    -0.012198165               0
           0.35            0.08          -0.008      0.38543012      0.58712835    -0.015464482               0
           0.35           0.084          -0.008      0.28130775      0.54785813    -0.018718234               0
           0.35           0.088          -0.008      0.19401788      0.49490312    -0.021808264               0
           0.35           0.092          -0.008      0.13871042      0.42257084    -0.024487954               0
           0.35           0.096          -0.008      0.16515517      0.34812509    -0.025645914               0
           0.35             0.1          -0.008      0.10453691      0.15803349     -0.01281999     0.032890507
           0.35          -0.096          -0.004      0.17405573     -0.35186049    -0.071531923               0
           0.35            -0.1          -0.004      0.11072057     -0.15848824    -0.033473617     0.035059866
           0.35          -0.092          -0.004      0.13801315     -0.43044657     -0.07977767               0
           0.35          -0.088          -0.004      0.18064759     -0.50419919    -0.087202064               0
           0.35          -0.084          -0.004      0.25542935     -0.55685136    -0.094992134               0
           0.35           -0.08          -0.004      0.34833873     -0.59487657      -0.1028082               0
           0.35          -0.076          -0.004      0.45066895     -0.62159758     -0.11052778               0
           0.35          -0.072          -0.004      0.55612794     -0.63915684     -0.11819527               0
           0.35          -0.068          -0.004      0.66001622     -0.64886399     -0.12592223               0
           0.35          -0.064          -0.004      0.75830799     -0.65120596     -0.13377202               0
           0.35           -0.06          -0.004       0.8472816     -0.64614564     -0.14165399               0
           0.35          -0.056          -0.004      0.92322492      -0.6332785     -0.14928436               0
           0.35          -0.052          -0.004      0.98212744     -0.61195471     -0.15616734               0
           0.35          -0.048          -0.004        1.019683     -0.58159025     -0.16161625               0
           0.35          -0.044          -0.004       1.0314766     -0.54203894     -0.16474521               0
           0.35           -0.04          -0.004       1.0137008     -0.49390967     -0.16456797               0
           0.35          -0.036          -0.004      0.96465364     -0.43881489     -0.16030258               0
           0.35          -0.032          -0.004      0.88624276     -0.37931228     -0.15168443               0
           0.35          -0.028          -0.004      0.78456525     -0.31842497     -0.13916988               0
           0.35          -0.024          -0.004      0.66876625     -0.25890431     -0.12386345               0
           0.35           -0.02          -0.004      0.54875943     -0.20276067       -0.107192               0
           0.35          -0.016          -0.004      0.43364767     -0.15124294    -0.090536915               0
           0.35          -0.012          -0.004      0.33152344     -0.10490055    -0.074946613               0
           0.35          -0.008          -0.004       0.2498051    -0.063488912    -0.060947781               0
           0.35          -0.004          -0.004      0.19544045    -0.025631091     -0.04842769               0
           0.35               0          -0.004      0.17492546     0.010779845    -0.037090427               0
           0.35           0.004          -0.004      0.19052449     0.047303388    -0.026871929               0
           0.35           0.008          -0.004      0.23876636     0.085861609    -0.017195836               0
           0.35           0.012          -0.004      0.31429295      0.12855957   -0.0070437099               0
           0.35           0.016          -0.004      0.41127789      0.17626669    0.0041730072               0
           0.35            0.02          -0.004      0.52328174      0.22898426     0.016444879               0
           0.35           0.024          -0.004        0.643115      0.28595852     0.029185698               0
           0.35           0.028          -0.004       0.7625119      0.34576251     0.041384196               0
           0.35           0.032          -0.004      0.87202965      0.40634255     0.051872125               0
           0.35           0.036          -0.004      0.96193019      0.46503802     0.059642955               0
           0.35            0.04          -0.004       1.0242735      0.51886676     0.064156415               0
           0.35           0.044          -0.004       1.0548776      0.56518139     0.065475418               0
           0.35           0.048          -0.004       1.0537211      0.60226004     0.064142675               0
           0.35           0.052          -0.004       1.0238026      0.62949473      0.06093046               0
           0.35           0.056          -0.004      0.96948956      0.64718649     0.056568041               0
           0.35            0.06          -0.004      0.89543185      0.65616445     0.051618356               0
           0.35           0.064          -0.004      0.80607918      0.65734439     0.046496575               0
           0.35           0.068          -0.004      0.70548244      0.65139773     0.041448483               0
           0.35           0.072          -0.004      0.59751047      0.63865951     0.036534854               0
           0.35           0.076          -0.004      0.48624949       0.6187466     0.031688393               0
           0.35            0.08          -0.004      0.37651292      0.59033249     0.026808138               0
           0.35           0.084          -0.004      0.27471736      0.55129497      0.02189258               0
           0.35           0.088          -0.004      0.18982518      0.49838022     0.017089758               0
           0.35           0.092          -0.004      0.13695468      0.42589804     0.012676999               0
           0.35           0.096          -0.004      0.16531143      0.35128537    0.0087448819               0
           0.35             0.1          -0.004       0.1049622      0.15959372    0.0034438191      0.03301621
           0.35          -0.096               0      0.17579619     -0.35264703    -0.036472286               0
           0.35            -0.1               0      0.11044813     -0.15930223    -0.016541244     0.034268371
           0.35          -0.092               0      0.14415763       -0.430208    -0.042864306               0
           0.35          -0.088               0      0.19105113     -0.50396188     -0.04910042               0
           0.35          -0.084   2.3129646e-18      0.26980043     -0.55706003    -0.055771437               0
           0.35           -0.08   2.3129646e-18      0.36597476     -0.59564983    -0.062537544               0
           0.35          -0.076               0      0.47077448     -0.62304589    -0.069242837               0
           0.35          -0.072               0      0.57788971     -0.64142477    -0.075879256               0
           0.35          -0.068               0      0.68259105      -0.6521223    -0.082530754               0
           0.35          -0.064               0      0.78080252     -0.65556695    -0.089264113               0
           0.35           -0.06               0      0.86872992      -0.6516212    -0.095991461               0
           0.35          -0.056               0      0.94253273     -0.63980797     -0.10243736               0
           0.35          -0.052               0      0.99804793     -0.61941442     -0.10813892               0
           0.35          -0.048  -2.3129646e-18       1.0308566     -0.58980878     -0.11246641               0
           0.35          -0.044  -2.3129646e-18        1.036611     -0.55083553     -0.11463229               0
           0.35           -0.04               0       1.0119128     -0.50316401     -0.11379472               0
           0.35          -0.036               0      0.95587915     -0.44849658     -0.10934771               0
           0.35          -0.032               0      0.87149512     -0.38942842     -0.10118898               0
           0.35          -0.028               0      0.76571026      -0.3289125    -0.089843392               0
           0.35          -0.024               0      0.64785587     -0.26958395    -0.076341009               0
           0.35           -0.02               0      0.52746399     -0.21341736    -0.061921912               0
           0.35          -0.016               0      0.41313306     -0.16173194    -0.047708039               0
           0.35          -0.012               0      0.31252168     -0.11518266    -0.034446511               0
           0.35          -0.008               0      0.23257023    -0.073622136     -0.02243408               0
           0.35          -0.004               0       0.1796589    -0.035935738    -0.011390702               0
           0.35               0               0      0.15976688     0.000110129  -0.00061155775               0
           0.35           0.004               0      0.17599864     0.036147289     0.010153527               0
           0.35           0.008               0      0.22592884      0.07387763     0.021216902               0
           0.35           0.012               0      0.30400661      0.11562743       0.0333802               0
           0.35           0.016               0      0.40402673      0.16255199     0.046979657               0
           0.35            0.02               0      0.51905926      0.21481592     0.061726857               0
           0.35           0.024               0      0.64132626      0.27173821     0.076839973               0
           0.35           0.028               0      0.76195524      0.33192579     0.091120518               0
           0.35           0.032               0       0.8709827      0.39328075      0.10320696               0
           0.35           0.036               0      0.95856744      0.45300447      0.11195373               0
           0.35            0.04               0       1.0173087       0.5079849      0.11677589               0
           0.35           0.044               0       1.0439325      0.55553266      0.11778656               0
           0.35           0.048               0       1.0392187      0.59394311      0.11565323               0
           0.35           0.052               0       1.0066332      0.62261652      0.11130578               0
           0.35           0.056               0      0.95066992      0.64181115      0.10561384               0
           0.35            0.06               0      0.87589807      0.65228634      0.09926065               0
           0.35           0.064               0      0.78662807      0.65488623     0.092743804               0
           0.35           0.068               0      0.68678599      0.65019239     0.086352218               0
           0.35           0.072               0      0.58016759      0.63848761     0.080169653               0
           0.35           0.076               0      0.47081902      0.61939697      0.07410324               0
           0.35            0.08               0      0.36348625      0.59159411     0.067995041               0
           0.35           0.084               0      0.26451213        0.552964     0.061804324               0
           0.35           0.088               0      0.18282317      0.50029091     0.055660229               0
           0.35           0.092               0      0.13332962      0.42764962     0.049863719               0
           0.35           0.096               0      0.16497868      0.35208939     0.043601635               0
           0.35             0.1               0      0.10560106      0.15964398     0.020078275     0.033705106
           0.35          -0.096           0.004      0.17616274     -0.35108643  -0.00097538625               0
           0.35            -0.1           0.004      0.10977555     -0.15879782   0.00038706011     0.033624581
           0.35          -0.092           0.004       0.1481353     -0.42791314   -0.0050057475               0
           0.35          -0.088           0.004      0.19883999     -0.50157938   -0.0099016519               0
           0.35          -0.084           0.004      0.28118808     -0.55492733     -0.01526917               0
           0.35           -0.08           0.004      0.38047844     -0.59391131     -0.02080385               0
           0.35          -0.076           0.004      0.48787994     -0.62189207     -0.02631921               0
           0.35          -0.072           0.004      0.59706028     -0.64106818     -0.03175903               0
           0.35          -0.068           0.004      0.70322808     -0.65282076    -0.037179261               0
           0.35          -0.064           0.004      0.80224895      -0.6575639    -0.042629516               0
           0.35           -0.06           0.004      0.89027058     -0.65507016    -0.048039212               0
           0.35          -0.056           0.004      0.96335085     -0.64480042    -0.053173683               0
           0.35          -0.052           0.004       1.0172086     -0.62597443    -0.057638999               0
           0.35          -0.048           0.004       1.0473676     -0.59789569    -0.060909669               0
           0.35          -0.044           0.004        1.049616      -0.5603663    -0.062343696               0
           0.35           -0.04           0.004       1.0210227     -0.51405766    -0.061258372               0
           0.35          -0.036           0.004       0.9614984     -0.46067833    -0.057167862               0
           0.35          -0.032           0.004        0.874919     -0.40276443    -0.050026711               0
           0.35          -0.028           0.004       0.7687582     -0.34312462    -0.040312983               0
           0.35          -0.024           0.004      0.65224052     -0.28425085    -0.028901066               0
           0.35           -0.02           0.004      0.53438968     -0.22807199    -0.016830007               0
           0.35          -0.016           0.004      0.42322508     -0.17594256    -0.005029588               0
           0.35          -0.012           0.004      0.32582489     -0.12858253    0.0059320796               0
           0.35          -0.008           0.004        0.248631    -0.085994905     0.016011112               0
           0.35          -0.004           0.004       0.1976295    -0.047364654      0.02573661               0
           0.35               0           0.004      0.17851575    -0.010654946     0.036064966               0
           0.35           0.004           0.004      0.19533659     0.025935753     0.047488206               0
           0.35           0.008           0.004      0.24658886     0.063977842     0.060096586               0
           0.35           0.012           0.004       0.3263249      0.10568902     0.074302952               0
           0.35           0.016           0.004      0.42778066      0.15247223     0.090271735               0
           0.35            0.02           0.004      0.54353491      0.20458833      0.10748356               0
           0.35           0.024           0.004       0.6653528      0.26146286      0.12485084               0
           0.35           0.028           0.004      0.78383571      0.32177629      0.14090195               0
           0.35           0.032           0.004      0.88862361      0.38339928      0.15408777               0
           0.35           0.036           0.004      0.97006336      0.44342703      0.16319754               0
           0.35            0.04           0.004       1.0216257      0.49869393      0.16772913               0
           0.35           0.044           0.004       1.0411407      0.54656655      0.16797176               0
           0.35           0.048           0.004        1.030229      0.58544425      0.16477838               0
           0.35           0.052           0.004      0.99277191      0.61479495      0.15922503               0
           0.35           0.056           0.004      0.93332533      0.63486725      0.15228072               0
           0.35            0.06           0.004      0.85632924      0.64636715      0.14468519               0
           0.35           0.064           0.004      0.76591823      0.65007047      0.13696466               0
           0.35           0.068           0.004      0.66587063      0.64647989      0.12942085               0
           0.35           0.072           0.004      0.55990332       0.6357837      0.12214638               0
           0.35           0.076           0.004      0.45202785      0.61755836      0.11502694               0
           0.35            0.08           0.004      0.34692682      0.59046934      0.10787562               0
           0.35           0.084           0.004      0.25088275      0.55240998      0.10061461               0
           0.35           0.088           0.004       0.1727591      0.50020609     0.093337601               0
           0.35           0.092           0.004      0.12712236      0.42758881     0.086345789               0
           0.35           0.096           0.004      0.16290802      0.35099298     0.078272941               0
           0.35             0.1           0.004      0.10566956      0.15867137      0.03683936     0.034447025
           0.35          -0.096           0.008      0.17629942     -0.34720035     0.034042887               0
           0.35            -0.1           0.008       0.1094418     -0.15681353     0.016977641     0.033585209
           0.35          -0.092           0.008       0.1505107     -0.42402492     0.032754536               0
           0.35          -0.088           0.008      0.20406672     -0.49758667     0.029567649               0
           0.35          -0.084           0.008      0.28915699     -0.55096726     0.025881398               0
           0.35           -0.08           0.008       0.3910163     -0.59015953       0.0219837               0
           0.35          -0.076           0.008      0.50083104     -0.61856403     0.018077889               0
           0.35          -0.072           0.008      0.61225013      -0.6384205     0.014257125               0
           0.35          -0.068           0.008      0.72043678     -0.65116315     0.010510764               0
           0.35          -0.064           0.008      0.82121835     -0.65726287    0.0068150968               0
           0.35           -0.06           0.008      0.91068721     -0.65647885    0.0031922825               0
           0.35          -0.056           0.008      0.98482219     -0.64822201    -0.000235682               0
           0.35          -0.052           0.008       1.0392781     -0.63165537   -0.0032174015               0
           0.35          -0.048           0.008       1.0695987     -0.60600346     -0.00536499               0
           0.35          -0.044           0.008       1.0717727     -0.57097888   -0.0061825157               0
           0.35           -0.04           0.008        1.043314     -0.52715235   -0.0051500315               0
           0.35          -0.036           0.008       0.9847379     -0.47608193   -0.0018957845               0
           0.35          -0.032           0.008      0.90041477     -0.42008387    0.0036344018               0
           0.35          -0.028           0.008      0.79784735     -0.36172284     0.011121963               0
           0.35          -0.024           0.008      0.68578421     -0.30333238     0.019946774               0
           0.35           -0.02           0.008      0.57262239     -0.24683785     0.029346053               0
           0.35          -0.016           0.008      0.46586415     -0.19370282     0.038617745               0
           0.35          -0.012           0.008      0.37215225     -0.14480929     0.047351887               0
           0.35          -0.008           0.008       0.2975631     -0.10038232     0.055687805               0
           0.35          -0.004           0.008      0.24784066    -0.059885398     0.064326855               0
           0.35               0           0.008      0.22859499    -0.021679644     0.074394142               0
           0.35           0.004           0.008       0.2448233     0.016240207     0.086751242               0
           0.35           0.008           0.008       0.2959719     0.055355563      0.10126407               0
           0.35           0.012           0.008      0.37579329      0.09757691      0.11772267               0
           0.35           0.016           0.008      0.47691186      0.14460059      0.13601545               0
           0.35            0.02           0.008      0.59133193      0.19679749      0.15534795               0
           0.35           0.024           0.008      0.71026155      0.25369696      0.17436332               0
           0.35           0.028           0.008      0.82372949      0.31402684      0.19137738               0
           0.35           0.032           0.008      0.92112955      0.37559153      0.20474085               0
           0.35           0.036           0.008      0.99333261      0.43539096      0.21331105               0
           0.35            0.04           0.008       1.0349703       0.4902797      0.21679877               0
           0.35           0.044           0.008        1.045073      0.53777276      0.21574297               0
           0.35           0.048           0.008        1.026052      0.57644553      0.21119099               0
           0.35           0.052           0.008      0.98210922      0.60587775      0.20433092               0
           0.35           0.056           0.008      0.91778964      0.62633518      0.19618285               0
           0.35            0.06           0.008      0.83735912      0.63848038      0.18749457               0
           0.35           0.064           0.008      0.74475386       0.6430209      0.17877776               0
           0.35           0.068           0.008      0.64359733       0.6403782      0.17031128               0
           0.35           0.072           0.008      0.53753616      0.63064517      0.16217474               0
           0.35           0.076           0.008      0.43055114      0.61332295      0.15423458               0
           0.35            0.08           0.008      0.32728179      0.58705587      0.14627156               0
           0.35           0.084           0.008      0.23397556      0.54977188      0.13817162               0
           0.35           0.088           0.008       0.1594058      0.49831343      0.13000921               0
           0.35           0.092           0.008      0.11773737      0.42611356      0.12206855               0
           0.35           0.096           0.008      0.15809133      0.34907032      0.11270726               0
           0.35             0.1           0.008      0.10454064       0.1574563      0.05368449     0.034862106
           0.35          -0.096           0.012      0.17488049     -0.34277383     0.067886632               0
           0.35            -0.1           0.012      0.10877499     -0.15446999     0.033094141     0.033799888
           0.35          -0.092           0.012      0.14986787     -0.41975303     0.069266969               0
           0.35          -0.088           0.012      0.20511269     -0.49305853     0.068089752               0
           0.35          -0.084           0.012      0.29185973     -0.54623916     0.066381484               0
           0.35           -0.08           0.012      0.39540901     -0.58543491     0.064434849               0
           0.35          -0.076           0.012      0.50699341     -0.61404346     0.062467593               0
           0.35          -0.072           0.012      0.62030003      -0.6343512      0.06062235               0
           0.35          -0.068           0.012      0.73051203      -0.6478415     0.058959539               0
           0.35          -0.064           0.012      0.83348174     -0.65508837     0.057478113               0
           0.35           -0.06           0.012      0.92532954     -0.65591645     0.056131715               0
           0.35          -0.056           0.012       1.0020705     -0.64972957     0.054894945               0
           0.35          -0.052           0.012        1.059434     -0.63568322     0.053825796               0
           0.35          -0.048           0.012       1.0930983      -0.6129536     0.053105996               0
           0.35          -0.044           0.012       1.0992406     -0.58114204     0.053023325               0
           0.35           -0.04           0.012       1.0756034     -0.54061542     0.053908829               0
           0.35          -0.036           0.012       1.0228835     -0.49263399     0.056056602               0
           0.35          -0.032           0.012      0.94536346     -0.43916517     0.059628979               0
           0.35          -0.028           0.012      0.85005192     -0.38247166     0.064578677               0
           0.35          -0.024           0.012      0.74496958     -0.32473785      0.07061814               0
           0.35           -0.02           0.012      0.63790421      -0.2679204     0.077305046               0
           0.35          -0.016           0.012      0.53605163     -0.21364894     0.084218028               0
           0.35          -0.012           0.012      0.44598366     -0.16304369     0.091162568               0
           0.35          -0.008           0.012      0.37369688     -0.11654958     0.098340225               0
           0.35          -0.004           0.012      0.32479839    -0.073838472      0.10642234               0
           0.35               0           0.012       0.3047956    -0.033665965      0.11655172               0
           0.35           0.004           0.012      0.31931735    0.0061339328      0.12991339               0
           0.35           0.008           0.012       0.3688696     0.046892526      0.14627211               0
           0.35           0.012           0.012      0.44723041     0.090118554      0.16478309               0
           0.35           0.016           0.012      0.54630948      0.13776747      0.18497002               0
           0.35            0.02           0.012      0.65744024      0.19032749      0.20577416               0
           0.35           0.024           0.012      0.77118795      0.24740347      0.22559807               0
           0.35           0.028           0.012      0.87703013      0.30771756      0.24260456               0
           0.35           0.032           0.012      0.96436275      0.36896932      0.25515173               0
           0.35           0.036           0.012       1.0249167      0.42809683      0.26229831               0
           0.35            0.04           0.012       1.0546577      0.48206311      0.26406313               0
           0.35           0.044           0.012       1.0537836      0.52861607      0.26126087               0
           0.35           0.048           0.012       1.0253756      0.56655993      0.25510741               0
           0.35           0.052           0.012      0.97384274      0.59561362      0.24685425               0
           0.35           0.056           0.012      0.90365532      0.61607705      0.23752181               0
           0.35            0.06           0.012      0.81888191      0.62857741      0.22782768               0
           0.35           0.064           0.012      0.72326126      0.63375554      0.21823977               0
           0.35           0.068           0.012      0.62026495      0.63194617      0.20899529               0
           0.35           0.072           0.012       0.5134697      0.62314945      0.20014629               0
           0.35           0.076           0.012      0.40684982      0.60678377      0.19153813               0
           0.35            0.08           0.012      0.30503313      0.58147912      0.18291668               0
           0.35           0.084           0.012      0.21421623      0.54519342      0.17413967               0
           0.35           0.088           0.012      0.14306233      0.49478682      0.16527194               0
           0.35           0.092           0.012      0.10533645      0.42347757      0.15654386               0
           0.35           0.096           0.012      0.15058081      0.34657847      0.14606603               0
           0.35             0.1           0.012      0.10221736       0.1561063     0.070042462     0.034944881
           0.35          -0.096           0.016      0.17054608     -0.33880436      0.10107284               0
           0.35            -0.1           0.016      0.10703644     -0.15245948     0.049064963     0.033856245
           0.35          -0.092           0.016      0.14491191     -0.41556784      0.10473136               0
           0.35          -0.088           0.016      0.20056677      -0.4883094      0.10553387               0
           0.35          -0.084           0.016      0.28769163     -0.54103055      0.10581243               0
           0.35           -0.08           0.016      0.39172744     -0.57999461      0.10584857               0
           0.35          -0.076           0.016      0.50399111     -0.60854859      0.10585895               0
           0.35          -0.072           0.016      0.61827511      -0.6290138      0.10604864               0
           0.35          -0.068           0.016      0.72984867     -0.64292378      0.10656268               0
           0.35          -0.064           0.016      0.83465333     -0.65097401      0.10743318               0
           0.35           -0.06           0.016      0.92895496     -0.65308568      0.10855266               0
           0.35          -0.056           0.016       1.0089898     -0.64869979      0.10976598               0
           0.35          -0.052           0.016        1.070754     -0.63701867      0.11095196               0
           0.35          -0.048           0.016       1.1101978     -0.61721833      0.11204239               0
           0.35          -0.044           0.016       1.1236955     -0.58881203      0.11305363               0
           0.35           -0.04           0.016       1.1090104      -0.5519456      0.11410858               0
           0.35          -0.036           0.016       1.0665758     -0.50754207      0.11546694               0
           0.35          -0.032           0.016       1.0000338     -0.45718172      0.11745524               0
           0.35          -0.028           0.016       0.9154989     -0.40279771      0.12032335               0
           0.35          -0.024           0.016      0.82015038     -0.34639104      0.12411495               0
           0.35           -0.02           0.016      0.72122143      -0.2898849      0.12866903               0
           0.35          -0.016           0.016      0.62567027      -0.2349863      0.13377202               0
           0.35          -0.012           0.016      0.54005188     -0.18296972      0.13936169               0
           0.35          -0.008           0.016      0.47042606     -0.13448194      0.14569248               0
           0.35          -0.004           0.016      0.42243083    -0.089430061      0.15342467               0
           0.35               0           0.016      0.40150826    -0.046945729      0.16365678               0
           0.35           0.004           0.016      0.41346481    -0.004934357      0.17777313               0
           0.35           0.008           0.016      0.46004318     0.037867443      0.19562146               0
           0.35           0.012           0.016      0.53547836     0.082600932      0.21576818               0
           0.35           0.016           0.016      0.63079444      0.13124145      0.23719422               0
           0.35            0.02           0.016      0.73665101      0.18444324      0.25862745               0
           0.35           0.024           0.016      0.84296664      0.24183421      0.27828103               0
           0.35           0.028           0.016      0.93881336      0.30206933      0.29425233               0
           0.35           0.032           0.016       1.0139086      0.36273289       0.3050305               0
           0.35           0.036           0.016       1.0610993      0.42077213      0.30998512               0
           0.35            0.04           0.016       1.0777061      0.47335592       0.3094863               0
           0.35           0.044           0.016       1.0649538       0.5185323      0.30460416               0
           0.35           0.048           0.016       1.0264365      0.55536408      0.29667401               0
           0.35           0.052           0.016        0.966668      0.58371913      0.28696118               0
           0.35           0.056           0.016        0.889993       0.6039334      0.27644509               0
           0.35            0.06           0.016      0.80027921      0.61660209      0.26578792               0
           0.35           0.064           0.016       0.7010809       0.6222998      0.25539529               0
           0.35           0.068           0.016      0.59572713      0.62127446      0.24546109               0
           0.35           0.072           0.016      0.48774342      0.61343035       0.2360016               0
           0.35           0.076           0.016      0.38111555      0.59808507      0.22681449               0
           0.35            0.08           0.016      0.28046786      0.57387754       0.2176277               0
           0.35           0.084           0.016      0.19193196      0.53878996      0.20829188               0
           0.35           0.088           0.016      0.12404566      0.48974183      0.19885119               0
           0.35           0.092           0.016     0.090182329      0.41980694      0.18947604               0
           0.35           0.096           0.016      0.14020895      0.34347554      0.17797853               0
           0.35             0.1           0.016      0.09841765      0.15452062     0.085688481     0.034739238
           0.35          -0.096            0.02      0.16334264     -0.33536738      0.13287524               0
           0.35            -0.1            0.02      0.10427127     -0.15083227     0.064368303     0.033767368
           0.35          -0.092            0.02      0.13555838     -0.41145958      0.13876152               0
           0.35          -0.088            0.02      0.19017381     -0.48323914      0.14155878               0
           0.35          -0.084            0.02      0.27624416      -0.5351959      0.14387876               0
           0.35           -0.08            0.02      0.37942535     -0.57366173      0.14598926               0
           0.35          -0.076            0.02      0.49114111     -0.60187405      0.14809034               0
           0.35          -0.072            0.02      0.60533615     -0.62218989      0.15044202               0
           0.35          -0.068            0.02      0.71738799     -0.63618666      0.15325885               0
           0.35          -0.064            0.02      0.82334346     -0.64467997      0.15660578               0
           0.35           -0.06            0.02      0.91967443     -0.64771666       0.1603339               0
           0.35          -0.056            0.02       1.0029547     -0.64480756      0.16417711               0
           0.35          -0.052            0.02       1.0695881     -0.63523365      0.16785797               0
           0.35          -0.048            0.02       1.1159404     -0.61820951      0.17109766               0
           0.35          -0.044            0.02       1.1387062     -0.59320543      0.17368437               0
           0.35           -0.04            0.02       1.1356635      -0.5601808      0.17554014               0
           0.35          -0.036            0.02       1.1067639     -0.51972439       0.1768315               0
           0.35          -0.032            0.02       1.0546526     -0.47300326      0.17795679               0
           0.35          -0.028            0.02      0.98420834     -0.42157306      0.17938789               0
           0.35          -0.024            0.02      0.90154558     -0.36718511      0.18146792               0
           0.35           -0.02            0.02      0.81323734     -0.31165781      0.18432873               0
           0.35          -0.016            0.02       0.7259684     -0.25671116      0.18798429               0
           0.35          -0.012            0.02       0.6462841     -0.20372409       0.1925077               0
           0.35          -0.008            0.02      0.58035651     -0.15351644      0.19819525               0
           0.35          -0.004            0.02      0.53392091     -0.10621926      0.20567253               0
           0.35               0            0.02      0.51239043    -0.061272825      0.21594371               0
           0.35           0.004            0.02      0.52137174     -0.01694851      0.23040457               0
           0.35           0.008            0.02       0.5638857     0.028123095      0.24915641               0
           0.35           0.012            0.02      0.63495733      0.07480378        0.270308               0
           0.35           0.016            0.02      0.72470099      0.12473335      0.29214426               0
           0.35            0.02            0.02      0.82320242      0.17878177      0.31325053               0
           0.35           0.024            0.02      0.91985437      0.23652306      0.33172598               0
           0.35           0.028            0.02       1.0036039      0.29650102      0.34570884               0
           0.35           0.032            0.02       1.0648235      0.35622474      0.35392948               0
           0.35           0.036            0.02       1.0976066      0.41275725      0.35612468               0
           0.35            0.04            0.02       1.1005139      0.46356707      0.35299995               0
           0.35           0.044            0.02       1.0755911      0.50704475      0.34582665               0
           0.35           0.048            0.02       1.0267806      0.54251549      0.33600494               0
           0.35           0.052            0.02      0.95860818      0.56998664      0.32477441               0
           0.35           0.056            0.02      0.87525223      0.58981879      0.31305083               0
           0.35            0.06            0.02      0.78038807      0.60257272      0.30142944               0
           0.35           0.064            0.02      0.67738632       0.6087489      0.29025115               0
           0.35           0.068            0.02      0.56944965      0.60852668      0.27967045               0
           0.35           0.072            0.02      0.46010219      0.60169739      0.26965363               0
           0.35           0.076            0.02      0.35332876      0.58744455      0.25993579               0
           0.35            0.08            0.02      0.25372951      0.56443863      0.25024003               0
           0.35           0.084            0.02      0.16738062      0.53071855       0.2404247               0
           0.35           0.088            0.02      0.10268068      0.48329363      0.23049633               0
           0.35           0.092            0.02     0.072607008      0.41512055      0.22059009               0
           0.35           0.096            0.02       0.1268959      0.33968734      0.20821079               0
           0.35             0.1            0.02     0.092900507      0.15264236       0.1005238     0.034306919
           0.35          -0.096           0.024      0.15296672     -0.33223355      0.16306344               0
           0.35            -0.1           0.024      0.10004526     -0.14936191     0.078891193     0.033601426
           0.35          -0.092           0.024      0.12205311     -0.40745669      0.17107744               0
           0.35          -0.088           0.024      0.17415279     -0.47789941      0.17580478               0
           0.35          -0.084           0.024      0.25770674     -0.52877493      0.18013269               0
           0.35           -0.08           0.024      0.35865775     -0.56649907      0.18430079               0
           0.35          -0.076           0.024      0.46853573      -0.5941407      0.18851069               0
           0.35          -0.072           0.024      0.58143749      -0.6140494      0.19304727               0
           0.35          -0.068           0.024       0.6928656     -0.62782984      0.19814335               0
           0.35          -0.064           0.024      0.79899052     -0.63638755      0.20389487               0
           0.35           -0.06           0.024      0.89651729     -0.63992117      0.21016368               0
           0.35          -0.056           0.024      0.98241422     -0.63807067      0.21662671               0
           0.35          -0.052           0.024       1.0535703     -0.63020533      0.22288696               0
           0.35          -0.048           0.024       1.1068676     -0.61561707      0.22851961               0
           0.35          -0.044           0.024       1.1394319     -0.59378074      0.23314191               0
           0.35           -0.04           0.024       1.1491405     -0.56451627      0.23649563               0
           0.35          -0.036           0.024       1.1354809     -0.52811349      0.23860997               0
           0.35          -0.032           0.024       1.1000304     -0.48533746      0.23984744               0
           0.35          -0.028           0.024       1.0462746     -0.43734363        0.240774               0
           0.35          -0.024           0.024      0.97904273     -0.38557756      0.24193933               0
           0.35           -0.02           0.024      0.90401566     -0.33167987      0.24373281               0
           0.35          -0.016           0.024      0.82741865     -0.27731558      0.24640132               0
           0.35          -0.012           0.024      0.75567741     -0.22391473      0.25017203               0
           0.35          -0.008           0.024       0.6950342     -0.17243098      0.25539539               0
           0.35          -0.004           0.024       0.6513178      -0.1231928      0.26265617               0
           0.35               0           0.024      0.62991557     -0.07589347      0.27283421               0
           0.35           0.004           0.024       0.6360811    -0.029300686      0.28719923               0
           0.35           0.008           0.024      0.67381861     0.018134814      0.30613425               0
           0.35           0.012           0.024      0.73905473     0.067005456      0.32744906               0
           0.35           0.016           0.024      0.82131549      0.11839247      0.34875877               0
           0.35            0.02           0.024      0.91027669      0.17334321      0.36855694               0
           0.35           0.024           0.024      0.99508114       0.2312951      0.38492055               0
           0.35           0.028           0.024       1.0649496      0.29067857      0.39613485               0
           0.35           0.032           0.024       1.1112112        0.349022      0.40124114               0
           0.35           0.036           0.024       1.1292128      0.40362923       0.4003367               0
           0.35            0.04           0.024       1.1185433      0.45234402      0.39440027               0
           0.35           0.044           0.024       1.0818224      0.49391158      0.38483606               0
           0.35           0.048           0.024       1.0231631      0.52789622      0.37306407               0
           0.35           0.052           0.024      0.94699907      0.55441313      0.36027383               0
           0.35           0.056           0.024      0.85730843      0.57383169      0.34731229               0
           0.35            0.06           0.024      0.75757113      0.58666831      0.33470352               0
           0.35           0.064           0.024      0.65096889      0.59335372        0.322741               0
           0.35           0.068           0.024      0.54062356      0.59399218      0.31153796               0
           0.35           0.072           0.024      0.43008597      0.58822565      0.30097992               0
           0.35           0.076           0.024      0.32331055      0.57512771      0.29075657               0
           0.35            0.08           0.024      0.22486829      0.55341886      0.28059605               0
           0.35           0.084           0.024      0.14078864      0.52121996      0.27036286               0
           0.35           0.088           0.024     0.079287873      0.47562512      0.26001486               0
           0.35           0.092           0.024      0.05286223      0.40941645      0.24966508               0
           0.35           0.096           0.024      0.11105791      0.33521066      0.23655405               0
           0.35             0.1           0.024      0.08600131      0.15053469      0.11445984     0.033701113
           0.35          -0.096           0.028      0.13956567     -0.32927118      0.19154721               0
           0.35            -0.1           0.028     0.094313264     -0.14794324     0.092630539     0.033400208
           0.35          -0.092           0.028      0.10479362     -0.40358654      0.20146669               0
           0.35          -0.088           0.028      0.15293942     -0.47242992      0.20799029               0
           0.35          -0.084           0.028      0.23254054     -0.52190225      0.21421225               0
           0.35           -0.08           0.028      0.32989899     -0.55863375       0.2203386               0
           0.35          -0.076           0.028      0.43665924     -0.58554446      0.22660955               0
           0.35          -0.072           0.028      0.54701169     -0.60485383      0.23328166               0
           0.35          -0.068           0.028      0.65660067      -0.6181575      0.24054573               0
           0.35          -0.064           0.028      0.76177818     -0.62643853      0.24851589               0
           0.35           -0.06           0.028      0.85947617     -0.63006666      0.25711668               0
           0.35          -0.056           0.028      0.94703523     -0.62884306      0.26602149               0
           0.35          -0.052           0.028       1.0218424     -0.62222318       0.2747489               0
           0.35          -0.048           0.028       1.0813226     -0.60959923      0.28280479               0
           0.35          -0.044           0.028       1.1230887     -0.59048659       0.2897109               0
           0.35           -0.04           0.028       1.1452271     -0.56462212      0.29508224               0
           0.35          -0.036           0.028       1.1469174     -0.53206326      0.29880635               0
           0.35          -0.032           0.028       1.1288302     -0.49322766      0.30113054               0
           0.35          -0.028           0.028       1.0931333     -0.44888683      0.30258185               0
           0.35          -0.024           0.028       1.0432836     -0.40014708      0.30378224               0
           0.35           -0.02           0.028       0.9838341     -0.34840489       0.3052879               0
           0.35          -0.016           0.028      0.92026196     -0.29519816      0.30754457               0
           0.35          -0.012           0.028      0.85863108     -0.24194911      0.31094004               0
           0.35          -0.008           0.028      0.80510453     -0.18970323      0.31589773               0
           0.35          -0.004           0.028      0.76553534     -0.13895453      0.32297048               0
           0.35               0           0.028      0.74526334    -0.089605717      0.33290317               0
           0.35           0.004           0.028      0.74916969    -0.040917708      0.34676098               0
           0.35           0.008           0.028       0.7817446     0.008804693      0.36511234               0
           0.35           0.012           0.028      0.83974102     0.059863859      0.38563166               0
           0.35           0.016           0.028      0.91259547      0.11269151       0.4054523               0
           0.35            0.02           0.028      0.98985567      0.16838698      0.42301912               0
           0.35           0.024           0.028       1.0608575      0.22620288      0.43648747               0
           0.35           0.028           0.028       1.1155541      0.28451078      0.44437684               0
           0.35           0.032           0.028       1.1464567       0.3409871      0.44606101               0
           0.35           0.036           0.028       1.1500649      0.39329009      0.44194212               0
           0.35            0.04           0.028       1.1267176      0.43967899      0.43318537               0
           0.35           0.044           0.028       1.0793276      0.47923321       0.4212584               0
           0.35           0.048           0.028         1.01198       0.5117103      0.40756574               0
           0.35           0.052           0.028      0.92889551      0.53728619      0.39323379               0
           0.35           0.056           0.028      0.83381969      0.55632166      0.37904287               0
           0.35            0.06           0.028       0.7300154      0.56927289      0.36545136               0
           0.35           0.064           0.028      0.62048413       0.5765292      0.35272408               0
           0.35           0.068           0.028      0.50834579       0.5780776      0.34092696               0
           0.35           0.072           0.028      0.39716545      0.57336463      0.32983902               0
           0.35           0.076           0.028      0.29083426      0.56144714      0.31912806               0
           0.35            0.08           0.028      0.19391388      0.54110996      0.30854046               0
           0.35           0.084           0.028      0.11238167      0.51054632       0.2979437               0
           0.35           0.088           0.028     0.054200283         0.46691      0.28725067               0
           0.35           0.092           0.028     0.031193197      0.40268423      0.27654898               0
           0.35           0.096           0.028     0.092999253      0.32992954      0.26283466               0
           0.35             0.1           0.028     0.077959569      0.14815476      0.12740231     0.032989241
           0.35          -0.096           0.032      0.12413222      -0.3266126      0.21815827               0
           0.35            -0.1           0.032     0.087776229     -0.14671393      0.10550663     0.033190648
           0.35          -0.092           0.032      0.08439635     -0.39987652      0.22974192               0
           0.35          -0.088           0.032      0.12723047     -0.46696504      0.23788396               0
           0.35          -0.084           0.032      0.20153163     -0.51477892      0.24580876               0
           0.35           -0.08           0.032      0.29400027     -0.55027642      0.25372914               0
           0.35          -0.076           0.032      0.39642018     -0.57632221      0.26193667               0
           0.35          -0.072           0.032      0.50302496      -0.5948925      0.27061139               0
           0.35          -0.068           0.032      0.60958958     -0.60752515      0.27987334               0
           0.35          -0.064           0.032      0.71271136     -0.61527174      0.28981729               0
           0.35           -0.06           0.032      0.80954435     -0.61866704      0.30044754               0
           0.35          -0.056           0.032      0.89771779     -0.61766751      0.31147885               0
           0.35          -0.052           0.032      0.97506559     -0.61182704      0.32239788               0
           0.35          -0.048           0.032       1.0395206     -0.60064193       0.3327012               0
           0.35          -0.044           0.032       1.0891656     -0.58368843      0.34188447               0
           0.35           -0.04           0.032       1.1223661     -0.56066843      0.34950121               0
           0.35          -0.036           0.032       1.1381748     -0.53148122       0.3553316               0
           0.35          -0.032           0.032       1.1366285     -0.49627885       0.3594834               0
           0.35          -0.028           0.032       1.1188388     -0.45550533      0.36235819               0
           0.35          -0.024           0.032       1.0870057     -0.40993386      0.36452291               0
           0.35           -0.02           0.032       1.0444568     -0.36067289       0.3665753               0
           0.35          -0.016           0.032      0.99565618     -0.30906314      0.36907444               0
           0.35          -0.012           0.032      0.94598476     -0.25645258      0.37253399               0
           0.35          -0.008           0.032      0.90126288     -0.20393224      0.37745384               0
           0.35          -0.004           0.032      0.86721458     -0.15213216       0.3843714               0
           0.35               0           0.032      0.84907738     -0.10113152      0.39390766               0
           0.35           0.004           0.032      0.85138817    -0.050627749      0.40689492               0
           0.35           0.008           0.032      0.87862973    0.0011169533      0.42393367               0
           0.35           0.012           0.032      0.92819669     0.054111439      0.44271047               0
           0.35           0.016           0.032      0.98994468      0.10813474       0.4601528               0
           0.35            0.02           0.032       1.0537231      0.16418567       0.4747137               0
           0.35           0.024           0.032       1.1095883      0.22135131      0.48472252               0
           0.35           0.028           0.032       1.1486261      0.27804574      0.48898862               0
           0.35           0.032           0.032       1.1646249      0.33221674      0.48719813               0
           0.35           0.036           0.032       1.1550472      0.38194393      0.47997605               0
           0.35            0.04           0.032       1.1206732      0.42589491      0.46858149               0
           0.35           0.044           0.032       1.0644267      0.46343393       0.4544805               0
           0.35           0.048           0.032      0.99016881      0.49445548      0.43902937               0
           0.35           0.052           0.032      0.90179652      0.51914938      0.42328088               0
           0.35           0.056           0.032      0.80278644      0.53785135      0.40794814               0
           0.35            0.06           0.032      0.69616902      0.55097602      0.39345788               0
           0.35           0.064           0.032      0.58479471      0.55883026      0.38003642               0
           0.35           0.068           0.032      0.47186043       0.5612579      0.36768374               0
           0.35           0.072           0.032      0.36091838      0.55754333      0.35609331               0
           0.35           0.076           0.032      0.25575612      0.54678625      0.34492293               0
           0.35            0.08           0.032      0.16095553       0.5278506      0.33394773               0
           0.35           0.084           0.032     0.082425312      0.49895327      0.32303464               0
           0.35           0.088           0.032      0.02772867         0.45723      0.31208219               0
           0.35           0.092           0.032    0.0079836582      0.39491118      0.30114317               0
           0.35           0.096           0.032     0.073119361      0.32378356      0.28696371               0
           0.35             0.1           0.032     0.068933711      0.14543809      0.13930907     0.032235353
           0.35          -0.096           0.036      0.10711628     -0.32405816      0.24272665               0
           0.35            -0.1           0.036     0.080650312     -0.14556976      0.11743151     0.033020411
           0.35          -0.092           0.036     0.061506452     -0.39621464      0.25573229               0
           0.35          -0.088           0.036     0.097938453     -0.46153041      0.26528594               0
           0.35          -0.084           0.036      0.16574628     -0.50759411      0.27469842               0
           0.35           -0.08           0.036      0.25212085     -0.54169023      0.28420209               0
           0.35          -0.076           0.036      0.34905462     -0.56671212      0.29414271               0
           0.35          -0.072           0.036      0.45084362     -0.58444602      0.30462763               0
           0.35          -0.068           0.036       0.5533459     -0.59631006      0.31568962               0
           0.35          -0.064           0.036        0.653394     -0.60337113      0.32736066               0
           0.35           -0.06           0.036      0.74838246     -0.60627328      0.33967357               0
           0.35          -0.056           0.036      0.83616619     -0.60514292      0.35243121               0
           0.35          -0.052           0.036      0.91491775     -0.59965929      0.36516519               0
           0.35          -0.048           0.036      0.98298987     -0.58940417      0.37738796               0
           0.35          -0.044           0.036       1.0388667     -0.57402053       0.3886205               0
           0.35           -0.04           0.036       1.0811974     -0.55320584      0.39841135               0
           0.35          -0.036           0.036       1.1090373     -0.52676652      0.40648324               0
           0.35          -0.032           0.036       1.1220528     -0.49467495      0.41282508               0
           0.35          -0.028           0.036       1.1206267     -0.45712718       0.4176878               0
           0.35          -0.024           0.036       1.1059675     -0.41460811      0.42150768               0
           0.35           -0.02           0.036       1.0802775     -0.36793241       0.4248151               0
           0.35          -0.016           0.036       1.0469029     -0.31819502      0.42817265               0
           0.35          -0.012           0.036       1.0102764       -0.266603      0.43214062               0
           0.35          -0.008           0.036      0.97556219     -0.21423627      0.43726109               0
           0.35          -0.004           0.036      0.94811057     -0.16182746      0.44405945               0
           0.35               0           0.036      0.93293462     -0.10961117      0.45305562               0
           0.35           0.004           0.036      0.93424044    -0.057646718      0.46486545               0
           0.35           0.008           0.036      0.95613971   -0.0042985985      0.47998139               0
           0.35           0.012           0.036      0.99648459     0.050155366      0.49621953               0
           0.35           0.016           0.036       1.0460098       0.1049164      0.51059073               0
           0.35            0.02           0.036       1.0953654      0.16077059       0.5216286               0
           0.35           0.024           0.036       1.1357768      0.21672286      0.52790693               0
           0.35           0.028           0.036       1.1596869      0.27133995       0.5285419               0
           0.35           0.032           0.036       1.1621051      0.32291776      0.52348033               0
           0.35           0.036           0.036        1.141218       0.3699614        0.513481               0
           0.35            0.04           0.036       1.0979688      0.41149701       0.4998127               0
           0.35           0.044           0.036       1.0350616      0.44710751      0.48388323               0
           0.35           0.048           0.036      0.95598507      0.47676926      0.46697118               0
           0.35           0.052           0.036      0.86424616      0.50064929      0.45004722               0
           0.35           0.056           0.036       0.7630056      0.51905218      0.43375275               0
           0.35            0.06           0.036      0.65506683      0.53238846      0.41851868               0
           0.35           0.064           0.036      0.54322486      0.54081502      0.40452475               0
           0.35           0.068           0.036      0.43076466      0.54400255      0.39167044               0
           0.35           0.072           0.036      0.32115946      0.54118122      0.37961728               0
           0.35           0.076           0.036      0.21809495      0.53153139      0.36803775               0
           0.35            0.08           0.036      0.12619572      0.51397216      0.35672338               0
           0.35           0.084           0.036     0.051258299      0.48668804       0.3455478               0
           0.35           0.088           0.036   0.00032843562      0.44670004      0.33443954               0
           0.35           0.092           0.036     -0.01612951      0.38618861      0.32339147               0
           0.35           0.096           0.036     0.052165374      0.31688312       0.3088909               0
           0.35             0.1           0.036     0.059294781      0.14242347      0.15015832     0.031484195
           0.35          -0.096            0.04     0.088813402     -0.32125849      0.26515739               0
           0.35            -0.1            0.04      0.07307781     -0.14433412      0.12837659      0.03292214
           0.35          -0.092            0.04     0.036735464      -0.3923851       0.2792944               0
           0.35          -0.088            0.04     0.066111502     -0.45608559      0.29002969               0
           0.35          -0.084            0.04      0.12643468     -0.50044315      0.30071816               0
           0.35           -0.08            0.04       0.2056349     -0.53308842      0.31158908               0
           0.35          -0.076            0.04      0.29603122     -0.55694462      0.32301844               0
           0.35          -0.072            0.04      0.39206147     -0.57375475      0.33506976               0
           0.35          -0.068            0.04      0.48963797     -0.58480863      0.34769028               0
           0.35          -0.064            0.04      0.58574663     -0.59111966      0.36084002               0
           0.35           -0.06            0.04      0.67801015     -0.59336455      0.37450413               0
           0.35          -0.056            0.04      0.76448167     -0.59183074      0.38858294               0
           0.35          -0.052            0.04      0.84356972     -0.58635107      0.40272033               0
           0.35          -0.048            0.04      0.91392925     -0.57657908      0.41645961               0
           0.35          -0.044            0.04      0.97435074       -0.562222      0.42937458               0
           0.35           -0.04            0.04       1.0237194     -0.54298868      0.44104442               0
           0.35          -0.036            0.04       1.0611575     -0.51864203      0.45117827               0
           0.35          -0.032            0.04       1.0861507     -0.48904757      0.45968639               0
           0.35          -0.028            0.04       1.0986354     -0.45423305      0.46668845               0
           0.35          -0.024            0.04       1.0991305     -0.41446018      0.47247342               0
           0.35           -0.02            0.04       1.0889437     -0.37028186      0.47744651               0
           0.35          -0.016            0.04       1.0703869     -0.32253659      0.48208648               0
           0.35          -0.012            0.04       1.0468504     -0.27224355      0.48690993               0
           0.35          -0.008            0.04       1.0226092     -0.22041174      0.49243587               0
           0.35          -0.004            0.04       1.0023761      -0.1678299        0.499153               0
           0.35               0            0.04      0.99074908     -0.11486578      0.50749455               0
           0.35           0.004            0.04      0.99154983    -0.061871728      0.51789762               0
           0.35           0.008            0.04       1.0083149    -0.007437537      0.53067761               0
           0.35           0.012            0.04       1.0392417     0.047866951      0.54386621               0
           0.35           0.016            0.04       1.0763136      0.10278216      0.55478591               0
           0.35            0.02            0.04       1.1114145      0.15786447      0.56212721               0
           0.35           0.024            0.04       1.1371771      0.21213552      0.56473833               0
           0.35           0.028            0.04       1.1474217      0.26439211      0.56202092               0
           0.35           0.032            0.04       1.1382135      0.31329228      0.55411358               0
           0.35           0.036            0.04       1.1082339      0.35771915      0.54182824               0
           0.35            0.04            0.04       1.0583905      0.39698373      0.52637763               0
           0.35           0.044            0.04      0.99103264       0.4308208      0.50906743               0
           0.35           0.048            0.04      0.90919871      0.45924497      0.49107701               0
           0.35           0.052            0.04      0.81598912      0.48238253      0.47329168               0
           0.35           0.056            0.04      0.71422369      0.50053012      0.45630561               0
           0.35            0.06            0.04      0.60651017      0.51405358      0.44052874               0
           0.35           0.064            0.04      0.49570552       0.5229415      0.42608819               0
           0.35           0.068            0.04      0.38509724      0.52671709      0.41279998               0
           0.35           0.072            0.04      0.27799847      0.52465171      0.40033403               0
           0.35           0.076            0.04      0.17807827      0.51603101      0.38840776               0
           0.35            0.08            0.04     0.089991702       0.4997578      0.37680702               0
           0.35           0.084            0.04     0.019340559      0.47391891      0.36543967               0
           0.35           0.088            0.04    -0.027154887      0.43547681      0.35429233               0
           0.35           0.092            0.04    -0.039953008      0.37671574      0.34326651               0
           0.35           0.096            0.04     0.031192266      0.30934545      0.32858778               0
           0.35             0.1            0.04     0.049498159      0.13914284      0.15993327     0.030775372
           0.35          -0.096           0.044     0.070003489     -0.31810541      0.28536271               0
           0.35            -0.1           0.044     0.065471404     -0.14292189      0.13830428     0.032894278
           0.35          -0.092           0.044     0.010888067     -0.38827854      0.30032211               0
           0.35          -0.088           0.044     0.032809635     -0.45052618      0.31200346               0
           0.35          -0.084           0.044     0.084945642     -0.49331747      0.32375791               0
           0.35           -0.08           0.044       0.1560653     -0.52458276      0.33580666               0
           0.35          -0.076           0.044      0.23898696     -0.54722572      0.34848058               0
           0.35          -0.072           0.044      0.32839833     -0.56302426      0.36181328               0
           0.35          -0.068           0.044      0.42030714     -0.57323706      0.37571407               0
           0.35          -0.064           0.044      0.51176332     -0.57877675      0.39006761               0
           0.35           -0.06           0.044       0.6005436     -0.58030165      0.40479293               0
           0.35          -0.056           0.044       0.6848676     -0.57819436      0.41983972               0
           0.35          -0.052           0.044      0.76331468     -0.57244386      0.43498164               0
           0.35          -0.048           0.044      0.83473814     -0.56279908      0.44982739               0
           0.35          -0.044           0.044      0.89812393     -0.54901358      0.46399863               0
           0.35           -0.04           0.044      0.95253109     -0.53081915      0.47712643               0
           0.35          -0.036           0.044      0.99716264     -0.50796812      0.48893641               0
           0.35          -0.032           0.044       1.0314303     -0.48027267      0.49929897               0
           0.35          -0.028           0.044       1.0550214     -0.44765916      0.50823961               0
           0.35          -0.024           0.044       1.0680192     -0.41023292      0.51592073               0
           0.35           -0.02           0.044       1.0710921     -0.36833826      0.52261355               0
           0.35          -0.016           0.044       1.0657145     -0.32258203       0.5286715               0
           0.35          -0.012           0.044       1.0543097     -0.27378141      0.53450462               0
           0.35          -0.008           0.044       1.0401916     -0.22282879      0.54054555               0
           0.35          -0.004           0.044        1.027257     -0.17051557      0.54720543               0
           0.35               0           0.044       1.0194972     -0.11730813      0.55482769               0
           0.35           0.004           0.044       1.0202394    -0.063794427      0.56370406               0
           0.35           0.008           0.044       1.0323587    -0.008837956      0.57398175               0
           0.35           0.012           0.044       1.0543605     0.046684328      0.58396916               0
           0.35           0.016           0.044       1.0797017      0.10116943      0.59142445               0
           0.35            0.02           0.044       1.1017467      0.15501596      0.59524903               0
           0.35           0.024           0.044       1.1145535      0.20732742      0.59455786               0
           0.35           0.028           0.044       1.1131957       0.2571556      0.58899066               0
           0.35           0.032           0.044        1.094593      0.30348516      0.57880835               0
           0.35           0.036           0.044       1.0577441      0.34550353      0.56481355               0
           0.35            0.04           0.044       1.0034179      0.38272813      0.54812137               0
           0.35           0.044           0.044      0.93356969      0.41498907      0.52991068               0
           0.35           0.048           0.044      0.85078308      0.44230983      0.51125049               0
           0.35           0.052           0.044      0.75775726      0.46478399       0.4929388               0
           0.35           0.056           0.044      0.65699778      0.48271609      0.47555391               0
           0.35            0.06           0.044      0.55101349      0.49636164      0.45945145               0
           0.35           0.064           0.044       0.4427253      0.50552423       0.4446749               0
           0.35           0.068           0.044      0.33528778      0.50967893      0.43102068               0
           0.35           0.072           0.044      0.23186448      0.50823779      0.41820927               0
           0.35           0.076           0.044      0.13618787      0.50054511      0.40599701               0
           0.35            0.08           0.044     0.052900015      0.48542141      0.39416524               0
           0.35           0.084           0.044    -0.012448678      0.46079731      0.38269207               0
           0.35           0.088           0.044    -0.053710998      0.42370312      0.37159313               0
           0.35           0.092           0.044    -0.062488713      0.36666379      0.36069732               0
           0.35           0.096           0.044     0.011231912      0.30130367       0.3460172               0
           0.35             0.1           0.044     0.040008113      0.13564288      0.16862374     0.030131499
           0.35          -0.096           0.048      0.05164205     -0.31456872      0.30325392               0
           0.35            -0.1           0.048     0.058234342     -0.14130327      0.14716251     0.032943105
           0.35          -0.092           0.048    -0.015002838     -0.38375875      0.31873137               0
           0.35          -0.088           0.048  -0.00084603857     -0.44464851      0.33112477               0
           0.35          -0.084           0.048     0.042679546     -0.48612415      0.34375077               0
           0.35           -0.08           0.048      0.10500511     -0.51616343      0.35680291               0
           0.35          -0.076           0.048      0.17965032     -0.53766229      0.37051254               0
           0.35          -0.072           0.048      0.26166067     -0.55242203       0.3848469               0
           0.35          -0.068           0.048      0.34720823     -0.56175359      0.39972454               0
           0.35          -0.064           0.048      0.43338129     -0.56652203      0.41499737               0
           0.35           -0.06           0.048      0.51801456     -0.56732061      0.43052041               0
           0.35          -0.056           0.048      0.59944298     -0.56456119      0.44624229               0
           0.35          -0.052           0.048      0.67636533     -0.55836391      0.46203652               0
           0.35          -0.048           0.048      0.74774585     -0.54859017      0.47759976               0
           0.35          -0.044           0.048      0.81267688     -0.53502777      0.49259655               0
           0.35           -0.04           0.048       0.8703323     -0.51744159      0.50671902               0
           0.35          -0.036           0.048      0.91997792     -0.49559434      0.51972557               0
           0.35          -0.032           0.048      0.96100122     -0.46928201      0.53147434               0
           0.35          -0.028           0.048      0.99296147     -0.43837924      0.54193274               0
           0.35          -0.024           0.048       1.0156833     -0.40289181      0.55117057               0
           0.35           -0.02           0.048       1.0294097     -0.36301386       0.5593439               0
           0.35          -0.016           0.048       1.0349967     -0.31916564      0.56667845               0
           0.35          -0.012           0.048       1.0340715     -0.27197701      0.57345493               0
           0.35          -0.008           0.048       1.0290564     -0.22220237      0.57998442               0
           0.35          -0.004           0.048        1.022986     -0.17058887      0.58656906               0
           0.35               0           0.048       1.0191248      -0.1176588      0.59345266               0
           0.35           0.004           0.048       1.0202013    -0.064176669      0.60080451               0
           0.35           0.008           0.048       1.0284154   -0.0092682665      0.60865359               0
           0.35           0.012           0.048       1.0425861     0.045895249      0.61562519               0
           0.35           0.016           0.048       1.0576858     0.099475503      0.61993569               0
           0.35            0.02           0.048       1.0685747      0.15179861      0.62070463               0
           0.35           0.024           0.048       1.0706118      0.20207492      0.61728373               0
           0.35           0.028           0.048       1.0599374      0.24958943      0.60949476               0
           0.35           0.032           0.048       1.0341438      0.29358955      0.59766488               0
           0.35           0.036           0.048      0.99243408       0.3334889      0.58254495               0
           0.35            0.04           0.048      0.93540898      0.36894445       0.5651317               0
           0.35           0.044           0.048      0.86466788      0.39984396      0.54647384               0
           0.35           0.048           0.048      0.78239852      0.42620827      0.52753443               0
           0.35           0.052           0.048       0.6909135      0.44812125      0.50904615               0
           0.35           0.056           0.048      0.59247985      0.46583851      0.49153068               0
           0.35            0.06           0.048      0.48960147      0.47946543      0.47526646               0
           0.35           0.064           0.048       0.3851533      0.48869499        0.460245               0
           0.35           0.068           0.048      0.28207665      0.49305398      0.44629324               0
           0.35           0.072           0.048       0.1834744      0.49211876      0.43321168               0
           0.35           0.076           0.048     0.093155108      0.48522689      0.42077032               0
           0.35            0.08           0.048     0.015794139       0.4710491      0.40876326               0
           0.35           0.084           0.048     -0.04315393      0.44741819      0.39723491               0
           0.35           0.088           0.048    -0.078684064      0.41153807      0.38621684               0
           0.35           0.092           0.048    -0.083281615      0.35619355      0.37554298               0
           0.35           0.096           0.048    -0.007067895      0.29290888      0.36108692               0
           0.35             0.1           0.048     0.031223394      0.13198997      0.17620644     0.029565482
           0.35          -0.096           0.052      0.03473596     -0.31058704      0.31877024               0
           0.35            -0.1           0.052     0.051717534     -0.13949326      0.15492391     0.033060121
           0.35          -0.092           0.052     -0.03934817     -0.37867056      0.33445756               0
           0.35          -0.088           0.052    -0.033182428     -0.43819429      0.34731747               0
           0.35          -0.084           0.052    0.0011593959     -0.47860327      0.36062316               0
           0.35           -0.08           0.052     0.054093341     -0.50769485      0.37452245               0
           0.35          -0.076           0.052       0.1197886     -0.52820602      0.38909399               0
           0.35          -0.072           0.052      0.19369956     -0.54201827      0.40421368               0
           0.35          -0.068           0.052      0.27221144     -0.55046729      0.41978103               0
           0.35          -0.064           0.052      0.35248016     -0.55445647      0.43567977               0
           0.35           -0.06           0.052       0.4323474     -0.55455073      0.45175031               0
           0.35          -0.056           0.052      0.51019255     -0.55114145      0.46790388               0
           0.35          -0.052           0.052      0.58477522     -0.54442395      0.48405459               0
           0.35          -0.048           0.052      0.65510266     -0.53435458      0.49997936               0
           0.35          -0.044           0.052      0.72032107     -0.52077197      0.51540156               0
           0.35           -0.04           0.052      0.77966458     -0.50347991      0.53007187               0
           0.35          -0.036           0.052      0.83243573     -0.48226518      0.54378622               0
           0.35          -0.032           0.052      0.87801606     -0.45693149      0.55640765               0
           0.35          -0.028           0.052      0.91589974     -0.42733482      0.56787457               0
           0.35          -0.024           0.052      0.94576185     -0.39342582      0.57819597               0
           0.35           -0.02           0.052      0.96757468     -0.35530125       0.5874404               0
           0.35          -0.016           0.052      0.98176181     -0.31324409      0.59572565               0
           0.35          -0.012           0.052       0.9893412     -0.26772734      0.60321054               0
           0.35          -0.008           0.052      0.99198539     -0.21936699      0.61008012               0
           0.35          -0.004           0.052      0.99193633     -0.16883478      0.61651977               0
           0.35               0           0.052      0.99172099     -0.11666902      0.62267203               0
           0.35           0.004           0.052      0.99341958    -0.063747435      0.62860193               0
           0.35           0.008           0.052      0.99859818   -0.0094226607      0.63427673               0
           0.35           0.012           0.052       1.0064024     0.044904544       0.6386533               0
           0.35           0.016           0.052       1.0131815     0.097257711      0.64035614               0
           0.35            0.02           0.052       1.0151194      0.14792975      0.63868713               0
           0.35           0.024           0.052       1.0086929      0.19623866      0.63319591               0
           0.35           0.028           0.052      0.99091923      0.24165553      0.62383395               0
           0.35           0.032           0.052      0.95992304      0.28362151      0.61095704               0
           0.35           0.036           0.052      0.91507004      0.32171118      0.59524724               0
           0.35            0.04           0.052      0.85682301      0.35567167      0.57758296               0
           0.35           0.044           0.052      0.78647319      0.38541786      0.55888823               0
           0.35           0.048           0.052      0.70586453      0.41099644      0.54003372               0
           0.35           0.052           0.052       0.6170361      0.43246316      0.52168436               0
           0.35           0.056           0.052      0.52212328       0.4499184      0.50425236               0
           0.35            0.06           0.052      0.42358045       0.4633529      0.48794285               0
           0.35           0.064           0.052      0.32410835      0.47247154      0.47275248               0
           0.35           0.068           0.052       0.2264665      0.47694011      0.45858775               0
           0.35           0.072           0.052      0.13379316      0.47641377      0.44530864               0
           0.35           0.076           0.052     0.049935751      0.47015365      0.43267736               0
           0.35            0.08           0.052    -0.020217595       0.4566677      0.42052363               0
           0.35           0.084           0.052    -0.071946596       0.4338133      0.40892172               0
           0.35           0.088           0.052     -0.10156287      0.39908737      0.39798723               0
           0.35           0.092           0.052     -0.10182998      0.34544961      0.38763605               0
           0.35           0.096           0.052    -0.023211856      0.28429679      0.37366736               0
           0.35             0.1           0.052     0.023449728      0.12824474      0.18263921     0.029074927
           0.35          -0.096           0.056     0.020507428     -0.30617706       0.3318022               0
           0.35            -0.1           0.056     0.046359917      -0.1375142      0.16154152     0.033211994
           0.35          -0.092           0.056     -0.06061109     -0.37296952      0.34734268               0
           0.35          -0.088           0.056    -0.062496884     -0.43100144       0.3604186               0
           0.35          -0.084           0.056    -0.037739623     -0.47044874      0.37425055               0
           0.35           -0.08           0.056    0.0051406892     -0.49890287      0.38887654               0
           0.35          -0.076           0.056      0.06120947     -0.51868719       0.4041646               0
           0.35          -0.072           0.056       0.1263913     -0.53172211      0.41990363               0
           0.35          -0.068           0.056      0.19722663     -0.53940001      0.43595917               0
           0.35          -0.064           0.056      0.27095322     -0.54264974      0.45222841               0
           0.35           -0.06           0.056       0.3454201     -0.54207416      0.46859465               0
           0.35          -0.056           0.056      0.41899916     -0.53805673      0.48495248               0
           0.35          -0.052           0.056      0.49044931     -0.53080974      0.50120591               0
           0.35          -0.048           0.056      0.55877917     -0.52035743      0.51718674               0
           0.35          -0.044           0.056      0.62314821     -0.50660453      0.53268674               0
           0.35           -0.04           0.056      0.68280952     -0.48939846      0.54750918               0
           0.35          -0.036           0.056      0.73708177     -0.46855823      0.56148473               0
           0.35          -0.032           0.056      0.78534264      -0.4439074       0.5744905               0
           0.35          -0.028           0.056      0.82704851     -0.41530559      0.58645839               0
           0.35          -0.024           0.056      0.86178593     -0.38268212      0.59736352               0
           0.35           -0.02           0.056      0.88935651     -0.34607647       0.6072137               0
           0.35          -0.016           0.056      0.90989181     -0.30567679      0.61604709               0
           0.35          -0.012           0.056      0.92397003     -0.26183506      0.62392643               0
           0.35          -0.008           0.056      0.93268374     -0.21504745       0.6309296               0
           0.35          -0.004           0.056       0.9376071     -0.16590144        0.637132               0
           0.35               0           0.056      0.94058724     -0.11491766      0.64257961               0
           0.35           0.004           0.056      0.94307619    -0.063021719      0.64725582               0
           0.35           0.008           0.056      0.94609217   -0.0097530967      0.65111613               0
           0.35           0.012           0.056      0.94908873     0.043365112      0.65343229               0
           0.35           0.016           0.056      0.94954715     0.094304732       0.6531523               0
           0.35            0.02           0.056      0.94472143      0.14331214      0.64970755               0
           0.35           0.024           0.056      0.93201018      0.18980098      0.64280354               0
           0.35           0.028           0.056      0.90915024       0.2333764      0.63247893               0
           0.35           0.032           0.056      0.87470181      0.27360732      0.61909653               0
           0.35           0.036           0.056       0.8281629      0.31016972      0.60326231               0
           0.35            0.04           0.056      0.76990055      0.34290083      0.58576476               0
           0.35           0.044           0.056      0.70097298      0.37173043      0.56741413               0
           0.35           0.048           0.056       0.6229752      0.39666829      0.54894453               0
           0.35           0.052           0.056      0.53780556      0.41770417      0.53091744               0
           0.35           0.056           0.056      0.44750958      0.43479776      0.51366908               0
           0.35            0.06           0.056      0.35437221       0.4478999      0.49738766               0
           0.35           0.064           0.056      0.26086136      0.45681988       0.4821151               0
           0.35           0.068           0.056      0.16967719      0.46135486      0.46783579               0
           0.35           0.072           0.056     0.084024036      0.46112883      0.45441064               0
           0.35           0.076           0.056    0.0079102744      0.45527837      0.44159905               0
           0.35            0.08           0.056    -0.053915624      0.44223905       0.4292637               0
           0.35           0.084           0.056     -0.09802624      0.42001964      0.41753059               0
           0.35           0.088           0.056     -0.12167135      0.38644209      0.40669527               0
           0.35           0.092           0.056     -0.11757452       0.3345915      0.39678249               0
           0.35           0.096           0.056    -0.036636075      0.27558648      0.38359327               0
           0.35             0.1           0.056     0.017001071      0.12443147      0.18784912     0.028653569
           0.35          -0.096            0.06    0.0097416242     -0.30134127      0.34210185               0
           0.35            -0.1            0.06     0.042533045     -0.13538436      0.16691146     0.033380385
           0.35          -0.092            0.06    -0.078015947     -0.36658628      0.35708188               0
           0.35          -0.088            0.06    -0.087699834     -0.42297224      0.37013095               0
           0.35          -0.084            0.06    -0.072221352     -0.46144086      0.38438056               0
           0.35           -0.08            0.06    -0.039695225     -0.48943299      0.39966561               0
           0.35          -0.076            0.06    0.0059674956     -0.50882141      0.41559283               0
           0.35          -0.072            0.06     0.061667714     -0.52133104      0.43182553               0
           0.35          -0.068            0.06      0.12419412     -0.52841432       0.4482194               0
           0.35          -0.064            0.06      0.19073119     -0.53105723       0.4646844               0
           0.35           -0.06            0.06      0.25912388     -0.52989069      0.48113077               0
           0.35          -0.056            0.06      0.32771719     -0.52532094      0.49747089               0
           0.35          -0.052            0.06      0.39523363     -0.51757256      0.51360232               0
           0.35          -0.048            0.06      0.46065115      -0.5067185      0.52939083               0
           0.35          -0.044            0.06      0.52310979     -0.49272376      0.54468495               0
           0.35           -0.04            0.06      0.58185269     -0.47548374      0.55933334               0
           0.35          -0.036            0.06      0.63619491     -0.45485322      0.57319577               0
           0.35          -0.032            0.06      0.68551289     -0.43068208       0.5861684               0
           0.35          -0.028            0.06      0.72924756     -0.40285014      0.59819358               0
           0.35          -0.024            0.06      0.76692984     -0.37128829      0.60923258               0
           0.35           -0.02            0.06      0.79824907     -0.33600732      0.61925557               0
           0.35          -0.016            0.06      0.82314346     -0.29713477      0.62824725               0
           0.35          -0.012            0.06      0.84188654     -0.25493633      0.63620147               0
           0.35          -0.008            0.06      0.85514422     -0.20981374      0.64311448               0
           0.35          -0.004            0.06      0.86395557     -0.16227324      0.64897146               0
           0.35               0            0.06      0.86957857      -0.1127935      0.65373984               0
           0.35           0.004            0.06      0.87291115     -0.06228956      0.65734883               0
           0.35           0.008            0.06      0.87454502    -0.010449073      0.65977998               0
           0.35           0.012            0.06      0.87419031     0.041196678      0.66057964               0
           0.35           0.016            0.06      0.87018397     0.090638229      0.65893004               0
           0.35            0.02            0.06      0.86059478      0.13803592      0.65433969               0
           0.35           0.024            0.06       0.8435469      0.18287754       0.6466243               0
           0.35           0.028            0.06      0.81735691      0.22485504      0.63587152               0
           0.35           0.032            0.06      0.78095043      0.26363894       0.6224535               0
           0.35           0.036            0.06      0.73394571      0.29897067       0.6069206               0
           0.35            0.04            0.06      0.67667064      0.33071436      0.58993909               0
           0.35           0.044            0.06      0.61009174      0.35878776      0.57219544               0
           0.35           0.048            0.06      0.53566282      0.38311872      0.55428186               0
           0.35           0.052            0.06       0.4551302      0.40363904       0.5366621               0
           0.35           0.056            0.06      0.37038944      0.42027241      0.51964713               0
           0.35            0.06            0.06      0.28352298      0.43297819      0.50345116               0
           0.35           0.064            0.06       0.1968777      0.44169816      0.48820206               0
           0.35           0.068            0.06      0.11316927      0.44624858      0.47388766               0
           0.35           0.072            0.06     0.035611554      0.44616341      0.46032469               0
           0.35           0.076            0.06    -0.031440996      0.44047925      0.44728473               0
           0.35            0.08            0.06      -0.0841878      0.42766949      0.43466962               0
           0.35           0.084            0.06     -0.12066569      0.40602457      0.42275375               0
           0.35           0.088            0.06     -0.13831251       0.3736496       0.4120708               0
           0.35           0.092            0.06     -0.12991712      0.32371198      0.40274818               0
           0.35           0.096            0.06    -0.046782951       0.2668718      0.39066707               0
           0.35             0.1            0.06     0.012161583      0.12058841      0.19174536     0.028297437
           0.35          -0.096           0.064    0.0029531067     -0.29605209      0.34934208               0
           0.35            -0.1           0.064     0.040533813     -0.13310958      0.17088964     0.033550309
           0.35          -0.092           0.064    -0.090865112     -0.35946168      0.36332669               0
           0.35          -0.088           0.064     -0.10787948      -0.4140231      0.37609523               0
           0.35          -0.084           0.064     -0.10113755     -0.45143547      0.39062383               0
           0.35           -0.08           0.064    -0.078514529      -0.4790011      0.40651346               0
           0.35          -0.076           0.064    -0.043499234     -0.49823346      0.42306673               0
           0.35          -0.072           0.064    0.0018207322     -0.51055094      0.43976536               0
           0.35          -0.068           0.064     0.055164154     -0.51727982      0.45639822               0
           0.35          -0.064           0.064      0.11382561     -0.51948161      0.47291671               0
           0.35           -0.06           0.064      0.17543559      -0.5178536      0.48927983               0
           0.35          -0.056           0.064       0.2382868     -0.51282229      0.50541403               0
           0.35          -0.052           0.064      0.30104964     -0.50464001      0.52123233               0
           0.35          -0.048           0.064      0.36265108     -0.49342196      0.53663095               0
           0.35          -0.044           0.064      0.42219129     -0.47918116      0.55149774               0
           0.35           -0.04           0.064      0.47888608     -0.46186034      0.56572033               0
           0.35          -0.036           0.064      0.53203222     -0.44135708       0.5791906               0
           0.35          -0.032           0.064       0.5809971     -0.41755373      0.59182005               0
           0.35          -0.028           0.064      0.62521615     -0.39035204      0.60355417               0
           0.35          -0.024           0.064      0.66420092     -0.35969665      0.61435709               0
           0.35           -0.02           0.064       0.6975732      -0.3255928      0.62418791               0
           0.35          -0.016           0.064      0.72513578     -0.28813518      0.63299776               0
           0.35          -0.012           0.064      0.74694771     -0.24753249      0.64073419               0
           0.35          -0.008           0.064      0.76336134     -0.20411284       0.6473366               0
           0.35          -0.004           0.064        0.775008     -0.15830566       0.6527296               0
           0.35               0           0.064      0.78266957     -0.11053518      0.65683098               0
           0.35           0.004           0.064       0.7867931    -0.061669443      0.65954437               0
           0.35           0.008           0.064      0.78766515    -0.011503875      0.66089489               0
           0.35           0.012           0.064      0.78519908     0.038515686      0.66065099               0
           0.35           0.016           0.064      0.77832864     0.086435619      0.65815423               0
           0.35            0.02           0.064      0.76569641      0.13230311      0.65294655               0
           0.35           0.024           0.064        0.745981      0.17567729      0.64493616               0
           0.35           0.028           0.064      0.71795799      0.21629187      0.63423638               0
           0.35           0.032           0.064      0.68086536      0.25387428      0.62117545               0
           0.35           0.036           0.064      0.63449449      0.28820006      0.60624868               0
           0.35            0.04           0.064      0.57922645      0.31909596      0.59000425               0
           0.35           0.044           0.064      0.51598523      0.34643047      0.57299179               0
           0.35           0.048           0.064       0.4460646      0.37009735      0.55570203               0
           0.35           0.052           0.064      0.37101514      0.39002178      0.53854831               0
           0.35           0.056           0.064      0.29258506      0.40616052       0.5218587               0
           0.35            0.06           0.064       0.2127725      0.41851497      0.50589045               0
           0.35           0.064           0.064      0.13390478      0.42704124      0.49077716               0
           0.35           0.068           0.064     0.058666809      0.43150434      0.47645729               0
           0.35           0.072           0.064   -0.0094851424      0.43136255      0.46271317               0
           0.35           0.076           0.064    -0.066545616      0.42560898      0.44932543               0
           0.35            0.08           0.064     -0.11012892      0.41288662      0.43632565               0
           0.35           0.084           0.064     -0.13904548      0.39180654      0.42422143               0
           0.35           0.088           0.064     -0.15075641      0.36071432       0.4137776               0
           0.35           0.092           0.064     -0.13820589      0.31282747      0.40522665               0
           0.35           0.096           0.064    -0.053116135      0.25824854      0.39463227               0
           0.35             0.1           0.064    0.0091662445      0.11679903      0.19421628     0.027997101
           0.35          -0.096           0.068    0.0008707035     -0.29034305      0.35313791               0
           0.35            -0.1           0.068     0.040688645     -0.13069652      0.17328769     0.033703506
           0.35          -0.092           0.068    -0.098310426     -0.35163681      0.36568721               0
           0.35          -0.088           0.068     -0.12207859     -0.40418327      0.37791923               0
           0.35          -0.084           0.068     -0.12356342     -0.44041307      0.39254118               0
           0.35           -0.08           0.068     -0.11019454     -0.46747137      0.40891099               0
           0.35          -0.076           0.068    -0.085210762     -0.48662859      0.42604791               0
           0.35          -0.072           0.068    -0.050433596     -0.49901402      0.44323857               0
           0.35          -0.068           0.068   -0.0072746037     -0.50570143       0.4601332               0
           0.35          -0.064           0.068     0.042489779     -0.50768205      0.47663757               0
           0.35           -0.06           0.068     0.096561206     -0.50573563      0.49277551               0
           0.35          -0.056           0.068      0.15288777     -0.50036321      0.50854782               0
           0.35          -0.052           0.068      0.21006129     -0.49184774      0.52389348               0
           0.35          -0.048           0.068      0.26694719     -0.48034281      0.53873792               0
           0.35          -0.044           0.068      0.32259842      -0.4659035      0.55300085               0
           0.35           -0.04           0.068       0.3761973     -0.44851571      0.56660285               0
           0.35          -0.036           0.068      0.42701813     -0.42812188      0.57946915               0
           0.35          -0.032           0.068      0.47440961     -0.40464317      0.59153008               0
           0.35          -0.028           0.068      0.51779413     -0.37800827       0.6027303               0
           0.35          -0.024           0.068      0.55667075     -0.34817303      0.61302132               0
           0.35           -0.02           0.068      0.59063343     -0.31514459      0.62236344               0
           0.35          -0.016           0.068       0.6194116     -0.27900912      0.63070995               0
           0.35          -0.012           0.068      0.64291121     -0.23994113      0.63798524               0
           0.35          -0.008           0.068      0.66125072     -0.19821482      0.64409436               0
           0.35          -0.004           0.068      0.67475513     -0.15418973      0.64892459               0
           0.35               0           0.068      0.68383897     -0.10823084      0.65237205               0
           0.35           0.004           0.068      0.68860612    -0.061130615      0.65434439               0
           0.35           0.008           0.068      0.68915411    -0.012754399      0.65492686               0
           0.35           0.012           0.068      0.68556433     0.035579346       0.6540392               0
           0.35           0.016           0.068      0.67714478      0.08199338       0.6511199               0
           0.35            0.02           0.068      0.66290204      0.12641874      0.64572896               0
           0.35           0.024           0.068      0.64193158      0.16847671       0.6378144               0
           0.35           0.028           0.068       0.6133976      0.20790371      0.62749884               0
           0.35           0.032           0.068      0.57683199      0.24442638      0.61505344               0
           0.35           0.036           0.068      0.53222469      0.27781796      0.60089895               0
           0.35            0.04           0.068      0.48000693       0.3078742      0.58548648               0
           0.35           0.044           0.068      0.42100109      0.33443459      0.56925645               0
           0.35           0.048           0.068      0.35634822      0.35739751      0.55264301               0
           0.35           0.052           0.068       0.2874802      0.37672859       0.5360733               0
           0.35           0.056           0.068      0.21609647      0.39242158      0.51989282               0
           0.35            0.06           0.068      0.14417303      0.40445328       0.5043147               0
           0.35           0.064           0.068     0.073980738      0.41272138      0.48940425               0
           0.35           0.068           0.068    0.0083154849      0.41694992       0.4750526               0
           0.35           0.072           0.068    -0.049299961      0.41653851      0.46102221               0
           0.35           0.076           0.068    -0.096114451      0.41052833      0.44717411               0
           0.35            0.08           0.068     -0.13084461      0.39783464      0.43376153               0
           0.35           0.084           0.068     -0.15235333      0.37735646       0.4215239               0
           0.35           0.088           0.068     -0.15825233      0.34764195      0.41143355               0
           0.35           0.092           0.068     -0.14174315      0.30195913      0.40384182               0
           0.35           0.096           0.068    -0.055024467      0.24979072      0.39514222               0
           0.35             0.1           0.068     0.008295373      0.11312032      0.19510291     0.027752647
           0.35          -0.096           0.072    0.0042761485     -0.28429437      0.35299635               0
           0.35            -0.1           0.072     0.043375009     -0.12816866      0.17384684     0.033839747
           0.35          -0.092           0.072    -0.099532178     -0.34324538      0.36373269               0
           0.35          -0.088           0.072     -0.12941189     -0.39360438      0.37521376               0
           0.35          -0.084           0.072     -0.13857504     -0.42849862      0.38970792               0
           0.35           -0.08           0.072     -0.13389715     -0.45490346      0.40633326               0
           0.35          -0.076           0.072     -0.11810413     -0.47394082       0.4238848               0
           0.35          -0.072           0.072     -0.09308603      -0.4864837      0.44149363               0
           0.35          -0.068           0.072    -0.060081687     -0.49336161      0.45867278               0
           0.35          -0.064           0.072    -0.020172982     -0.49538779      0.47521406               0
           0.35           -0.06           0.072     0.025199353     -0.49331468      0.49110237               0
           0.35          -0.056           0.072     0.074123362     -0.48773038      0.50639836               0
           0.35          -0.052           0.072      0.12486896     -0.47899012      0.52112535               0
           0.35          -0.048           0.072      0.17615352     -0.46729194      0.53526476               0
           0.35          -0.044           0.072      0.22697563      -0.4527289        0.548767               0
           0.35           -0.04           0.072       0.2764858     -0.43532611       0.5615814               0
           0.35          -0.036           0.072      0.32393804     -0.41506529      0.57366058               0
           0.35          -0.032           0.072      0.36866751     -0.39190666      0.58495973               0
           0.35          -0.028           0.072      0.41008355     -0.36581185      0.59543555               0
           0.35          -0.024           0.072      0.44766469     -0.33675347      0.60503123               0
           0.35           -0.02           0.072       0.4809876     -0.30474627       0.6137015               0
           0.35          -0.016           0.072      0.50973952      -0.2698687       0.6213966               0
           0.35          -0.012           0.072      0.53372758      -0.2322705      0.62804665               0
           0.35          -0.008           0.072      0.55290186     -0.19219033      0.63355159               0
           0.35          -0.004           0.072      0.56734622     -0.14992888      0.63777498               0
           0.35               0           0.072      0.57721478     -0.10579482       0.6406177               0
           0.35           0.004           0.072      0.58238022    -0.060491829      0.64201098               0
           0.35           0.008           0.072      0.58286286    -0.013936555      0.64207821               0
           0.35           0.012           0.072      0.57889995     0.032693499      0.64082505               0
           0.35           0.016           0.072      0.57000384     0.077620463      0.63776482               0
           0.35            0.02           0.072      0.55537973      0.12066214      0.63247403               0
           0.35           0.024           0.072      0.53442329      0.16147528      0.62489217               0
           0.35           0.028           0.072      0.50662939      0.19977504      0.61513586               0
           0.35           0.032           0.072      0.47176885      0.23526507      0.60343615               0
           0.35           0.036           0.072      0.42995537      0.26770609      0.59012519               0
           0.35            0.04           0.072      0.38163468      0.29689467       0.5755795               0
           0.35           0.044           0.072       0.3275731       0.3226798      0.56020935               0
           0.35           0.048           0.072      0.26886521      0.34498685      0.54444598               0
           0.35           0.052           0.072       0.2069099      0.36378806       0.5286813               0
           0.35           0.056           0.072      0.14336578       0.3790483      0.51318672               0
           0.35            0.06           0.072      0.08013721      0.39069688       0.4980933               0
           0.35           0.064           0.072      0.01949978      0.39859913      0.48340108               0
           0.35           0.068           0.072    -0.035569564       0.4024317      0.46894684               0
           0.35           0.072           0.072    -0.082338091       0.4015707       0.4545404               0
           0.35           0.076           0.072     -0.11929068      0.39521035      0.44023426               0
           0.35            0.08           0.072      -0.1454566      0.38254621       0.4264947               0
           0.35           0.084           0.072     -0.15974945      0.36272346       0.4142433               0
           0.35           0.088           0.072     -0.15996405      0.33445698      0.40462614               0
           0.35           0.092           0.072     -0.13973652      0.29111202      0.39814365               0
           0.35           0.096           0.072    -0.051768347      0.24153964      0.39173907               0
           0.35             0.1           0.072    0.0099052456      0.10958832       0.1941833     0.027572499
           0.35          -0.096           0.076     0.014219093     -0.27792022      0.34828164               0
           0.35            -0.1           0.076     0.049124487       -0.125506      0.17220028     0.033998113
           0.35          -0.092           0.076    -0.093614117     -0.33451203       0.3570213               0
           0.35          -0.088           0.076     -0.12909352     -0.38265515       0.3676321               0
           0.35          -0.084           0.076     -0.14532494     -0.41604938      0.38173843               0
           0.35           -0.08           0.076     -0.14874126     -0.44163567      0.39829696               0
           0.35          -0.076           0.076     -0.14139683     -0.46043066      0.41594184               0
           0.35          -0.072           0.076     -0.12519218     -0.47306675      0.43369816               0
           0.35          -0.068           0.076     -0.10137315     -0.48017442      0.45099231               0
           0.35          -0.064           0.076    -0.071016216     -0.48240969      0.46754518               0
           0.35           -0.06           0.076    -0.035053527     -0.48041324      0.48324312               0
           0.35          -0.056           0.076    0.0053357193     -0.47476414      0.49808971               0
           0.35          -0.052           0.076      0.04868411     -0.46589843      0.51212724               0
           0.35          -0.048           0.076       0.0935444     -0.45408993      0.52541951               0
           0.35          -0.044           0.076      0.13866882      -0.4394791      0.53800667               0
           0.35           -0.04           0.076      0.18317293     -0.42212226      0.54987228               0
           0.35          -0.036           0.076      0.22629904     -0.40203574      0.56099872               0
           0.35          -0.032           0.076      0.26737685     -0.37921394      0.57136401               0
           0.35          -0.028           0.076      0.30581044     -0.35364632       0.5809412               0
           0.35          -0.024           0.076      0.34107193     -0.32533131      0.58969116               0
           0.35           -0.02           0.076      0.37271639     -0.29429776      0.59756709               0
           0.35          -0.016           0.076      0.40038185     -0.26061669      0.60450531               0
           0.35          -0.012           0.076       0.4238065     -0.22441873      0.61044814               0
           0.35          -0.008           0.076      0.44282727     -0.18590629      0.61529866               0
           0.35          -0.004           0.076      0.45735769     -0.14534134      0.61891908               0
           0.35               0           0.076      0.46737385     -0.10299941      0.62122692               0
           0.35           0.004           0.076      0.47261858    -0.059493135      0.62217458               0
           0.35           0.008           0.076      0.47313762    -0.014778273      0.62188652               0
           0.35           0.012           0.076      0.46933718     0.030111176      0.62041923               0
           0.35           0.016           0.076      0.46083435      0.07352093      0.61736583               0
           0.35            0.02           0.076      0.44689974      0.11516669      0.61232015               0
           0.35           0.024           0.076      0.42710641      0.15471781       0.6052132               0
           0.35           0.028           0.076      0.40116841      0.19187015      0.59612438               0
           0.35           0.032           0.076      0.36900536      0.22631669      0.58523067               0
           0.35           0.036           0.076      0.33081084      0.25780416      0.57281356               0
           0.35            0.04           0.076      0.28709564      0.28615616      0.55926373               0
           0.35           0.044           0.076      0.23866763      0.31123592      0.54497812               0
           0.35           0.048           0.076      0.18661776      0.33294681      0.53030445               0
           0.35           0.052           0.076      0.13229604      0.35122628      0.51553321               0
           0.35           0.056           0.076     0.077275027      0.36600552      0.50084392               0
           0.35            0.06           0.076     0.023393178      0.37720046      0.48629703               0
           0.35           0.064           0.076    -0.026882898      0.38464216      0.47180726               0
           0.35           0.068           0.076    -0.071025016      0.38794885      0.45722617               0
           0.35           0.072           0.076     -0.10745795      0.38654334      0.44252262               0
           0.35           0.076           0.076     -0.13514756      0.37982018      0.42793148               0
           0.35            0.08           0.076     -0.15313549      0.36721205      0.41406561               0
           0.35           0.084           0.076     -0.16031494      0.34807834       0.4019797               0
           0.35           0.088           0.076     -0.15491966      0.32124768      0.39291933               0
           0.35           0.092           0.076     -0.13125735      0.28029699      0.38758576               0
           0.35           0.096           0.076    -0.042380371      0.23351959      0.38379778               0
           0.35             0.1           0.076     0.014496168      0.10622844      0.19113505      0.02747867
           0.35          -0.096            0.08     0.032176203     -0.27117016      0.33808302               0
           0.35            -0.1            0.08     0.058705286     -0.12261914      0.16777856      0.03426955
           0.35          -0.092            0.08    -0.079400979     -0.32572591      0.34502865               0
           0.35          -0.088            0.08     -0.12031484     -0.37189686      0.35482856               0
           0.35          -0.084            0.08      -0.1429118      -0.4037466      0.36829275               0
           0.35           -0.08            0.08     -0.15374922     -0.42839376       0.3843818               0
           0.35          -0.076            0.08     -0.15422805      -0.4467653      0.40164234               0
           0.35          -0.072            0.08     -0.14594222     -0.45930819      0.41906931               0
           0.35          -0.068            0.08     -0.13030252     -0.46650482      0.43606241               0
           0.35          -0.064            0.08     -0.10837471     -0.46890212      0.45232364               0
           0.35           -0.06            0.08    -0.081146664     -0.46704419      0.46768861               0
           0.35          -0.056            0.08    -0.049526521     -0.46144012      0.48208115               0
           0.35          -0.052            0.08    -0.014419782     -0.45252962      0.49547413               0
           0.35          -0.048            0.08     0.023150462     -0.44066372      0.50792085               0
           0.35          -0.044            0.08     0.061893518     -0.42605107      0.51949396               0
           0.35           -0.04            0.08      0.10064279     -0.40877761      0.53025468               0
           0.35          -0.036            0.08       0.1386287     -0.38889024      0.54026264               0
           0.35          -0.032            0.08      0.17519078     -0.36641157      0.54952826               0
           0.35          -0.028            0.08      0.20974189     -0.34135647       0.5580472               0
           0.35          -0.024            0.08      0.24175654     -0.31374495      0.56579521               0
           0.35           -0.02            0.08      0.27077516     -0.28361832      0.57273186               0
           0.35          -0.016            0.08      0.29640118     -0.25105363       0.5788013               0
           0.35          -0.012            0.08      0.31831507     -0.21617218      0.58394017               0
           0.35          -0.008            0.08      0.33627865      -0.1791467      0.58806868               0
           0.35          -0.004            0.08       0.3501186     -0.14021262      0.59108837               0
           0.35               0            0.08      0.35969627      -0.0996191      0.59292128               0
           0.35           0.004            0.08      0.36469739    -0.057903017      0.59352399               0
           0.35           0.008            0.08      0.36527366    -0.015062499      0.59300451               0
           0.35           0.012            0.08       0.3620023     0.028001326       0.5914319               0
           0.35           0.016            0.08      0.35454218     0.069794288      0.58847533               0
           0.35            0.02            0.08      0.34213474      0.10997388      0.58376952               0
           0.35           0.024            0.08       0.3244122      0.14821087      0.57723479               0
           0.35           0.028            0.08      0.30120188      0.18418391      0.56890355               0
           0.35           0.032            0.08       0.2725346       0.2175992      0.55895199               0
           0.35           0.036            0.08      0.23870621      0.24820117      0.54766318               0
           0.35            0.04            0.08      0.20030614      0.27579011      0.53537187               0
           0.35           0.044            0.08      0.15817614      0.30021495      0.52240495               0
           0.35           0.048            0.08       0.1133781      0.32134708      0.50900994               0
           0.35           0.052            0.08     0.067181204      0.33909775      0.49538963               0
           0.35           0.056            0.08     0.021053542      0.35338494       0.4816196               0
           0.35            0.06            0.08    -0.023014287      0.36410972      0.46766184               0
           0.35           0.064            0.08    -0.062782742      0.37104907      0.45344217               0
           0.35           0.068            0.08    -0.096709092      0.37379423      0.43894072               0
           0.35           0.072            0.08     -0.12372812      0.37187186      0.42427713               0
           0.35           0.076            0.08      -0.1427991      0.36484002       0.4097751               0
           0.35            0.08            0.08       -0.152907      0.35230891        0.396123               0
           0.35           0.084            0.08     -0.15304227      0.33379527      0.38439644               0
           0.35           0.088            0.08     -0.14222152      0.30825348      0.37589146               0
           0.35           0.092            0.08      -0.1153063      0.26962825      0.37158815               0
           0.35           0.096            0.08    -0.025594691      0.22574794      0.37050342               0
           0.35             0.1            0.08      0.02277137      0.10303766      0.18548917     0.027529338
           0.35          -0.096           0.084     0.060077794     -0.26375197      0.32090633               0
           0.35            -0.1           0.084     0.073008593     -0.11918625      0.15961091     0.034841815
           0.35          -0.092           0.084    -0.055330322     -0.31716086      0.32695306               0
           0.35          -0.088           0.084     -0.10231405      -0.3620576      0.33637741               0
           0.35          -0.084           0.084     -0.13071405     -0.39262778      0.34901261               0
           0.35           -0.08           0.084      -0.1478686     -0.41632324      0.36412303               0
           0.35          -0.076           0.084     -0.15529022     -0.43409359      0.38038132               0
           0.35          -0.072           0.084     -0.15408553      -0.4462509       0.3968005               0
           0.35          -0.068           0.084     -0.14559418     -0.45323065      0.41285155               0
           0.35          -0.064           0.084     -0.13095325     -0.45553398      0.42826263               0
           0.35           -0.06           0.084     -0.11120959     -0.45364914      0.44284381               0
           0.35          -0.056           0.084    -0.087276834     -0.44802876      0.45647895               0
           0.35          -0.052           0.084    -0.059995944     -0.43907505      0.46910716               0
           0.35          -0.048           0.084    -0.030007321     -0.42714443      0.48070761               0
           0.35          -0.044           0.084    0.0018236264     -0.41249632      0.49129496               0
           0.35           -0.04           0.084      0.03437558     -0.39527589       0.5009228               0
           0.35          -0.036           0.084     0.066721339     -0.37556166      0.50967895               0
           0.35          -0.032           0.084     0.098138622     -0.35339295      0.51765334               0
           0.35          -0.028           0.084      0.12808834     -0.32880091      0.52489851               0
           0.35          -0.024           0.084      0.15607384     -0.30182763      0.53142813               0
           0.35           -0.02           0.084      0.18163899     -0.27253473      0.53723087               0
           0.35          -0.016           0.084      0.20437985     -0.24100742      0.54227179               0
           0.35          -0.012           0.084      0.22394973     -0.20736347      0.54649137               0
           0.35          -0.008           0.084      0.24006986     -0.17176371      0.54982631               0
           0.35          -0.004           0.084      0.25252506     -0.13442117       0.5522212               0
           0.35               0           0.084      0.26112507    -0.095553413      0.55362139               0
           0.35           0.004           0.084      0.26557006    -0.055643167      0.55398028               0
           0.35           0.008           0.084      0.26616373     -0.01472072      0.55335334               0
           0.35           0.012           0.084       0.2636402     0.026432986      0.55177212               0
           0.35           0.016           0.084      0.25764422     0.066495772      0.54897917               0
           0.35            0.02           0.084       0.2473179      0.10512113      0.54468458               0
           0.35           0.024           0.084      0.23228592      0.14199262      0.53883604               0
           0.35           0.028           0.084      0.21244559      0.17678514      0.53148279               0
           0.35           0.032           0.084       0.1879167      0.20920085      0.52278361               0
           0.35           0.036           0.084      0.15906891      0.23897606      0.51296581               0
           0.35            0.04           0.084      0.12651999      0.26587136      0.50224622               0
           0.35           0.044           0.084     0.091095289      0.28969809      0.49085645               0
           0.35           0.048           0.084     0.053781587      0.31031212      0.47897513               0
           0.35           0.052           0.084     0.015714108      0.32760507      0.46666655               0
           0.35           0.056           0.084    -0.021540207      0.34149084      0.45391573               0
           0.35            0.06           0.084    -0.056046383      0.35183201      0.44072213               0
           0.35           0.064           0.084    -0.086330454      0.35834498      0.42711859               0
           0.35           0.068           0.084     -0.11130995      0.36065306      0.41319519               0
           0.35           0.072           0.084      -0.1298372      0.35837384      0.39915049               0
           0.35           0.076           0.084     -0.14089997      0.35115383      0.38531726               0
           0.35            0.08           0.084     -0.14355525      0.33869679      0.37231686               0
           0.35           0.084           0.084     -0.13719164      0.32065259       0.3611874               0
           0.35           0.088           0.084     -0.12128035      0.29615951      0.35324943               0
           0.35           0.092           0.084    -0.090681765      0.25947987      0.34960053               0
           0.35           0.096           0.084   0.00065766275      0.21809555      0.35068874               0
           0.35             0.1           0.084     0.035974009     0.099828737      0.17646844     0.027847615
           0.35          -0.096           0.088     0.097849015     -0.25418924      0.29396336               0
           0.35            -0.1           0.088     0.090902039     -0.11397817      0.14591016     0.036011677
           0.35          -0.092           0.088     -0.01935917     -0.30877156      0.30107504               0
           0.35          -0.088           0.088    -0.073586734     -0.35401437      0.31111908               0
           0.35          -0.084           0.088     -0.10798331     -0.38416175      0.32302713               0
           0.35           -0.08           0.088     -0.13022726     -0.40697278      0.33659148               0
           0.35          -0.076           0.088     -0.14290012     -0.42387671      0.35112714               0
           0.35          -0.072           0.088     -0.14728399     -0.43524739      0.36581109               0
           0.35          -0.068           0.088      -0.1445452     -0.44154477      0.38018689               0
           0.35          -0.064           0.088      -0.1358375     -0.44328891      0.39402048               0
           0.35           -0.06           0.088     -0.12223853     -0.44096769      0.40714282               0
           0.35          -0.056           0.088     -0.10463759     -0.43501247      0.41943166               0
           0.35          -0.052           0.088     -0.08381131     -0.42580057       0.4308047               0
           0.35          -0.048           0.088    -0.060472273     -0.41365939      0.44120331               0
           0.35          -0.044           0.088    -0.035261047     -0.39884992      0.45060306               0
           0.35           -0.04           0.088   -0.0088077677     -0.38157102      0.45899337               0
           0.35          -0.036           0.088     0.017976854     -0.36194305      0.46641032               0
           0.35          -0.032           0.088     0.044130728     -0.34002007      0.47291149               0
           0.35          -0.028           0.088     0.069109322     -0.31584312      0.47860242               0
           0.35          -0.024           0.088     0.092544914     -0.28946917      0.48362074               0
           0.35           -0.02           0.088      0.11403811     -0.26097524      0.48802053               0
           0.35          -0.016           0.088      0.13322236     -0.23045359      0.49181515               0
           0.35          -0.012           0.088      0.14976572      -0.1980163      0.49498769               0
           0.35          -0.008           0.088      0.16338699     -0.16380944      0.49748141               0
           0.35          -0.004           0.088      0.17385905     -0.12803261       0.4992473               0
           0.35               0           0.088      0.18098564    -0.090889848      0.50025591               0
           0.35           0.004           0.088      0.18452956    -0.052828258      0.50045451               0
           0.35           0.008           0.088      0.18498617     -0.01386237      0.49983105               0
           0.35           0.012           0.088      0.18326599     0.025341737      0.49835921               0
           0.35           0.016           0.088      0.17894821     0.063615845      0.49585444               0
           0.35            0.02           0.088       0.1710126       0.1006489      0.49213299               0
           0.35           0.024           0.088      0.15904112      0.13612994      0.48719695               0
           0.35           0.028           0.088      0.14296855      0.16972937      0.48112321               0
           0.35           0.032           0.088       0.1229618      0.20113512      0.47401264               0
           0.35           0.036           0.088     0.099401293       0.2300775      0.46600204               0
           0.35            0.04           0.088     0.072864046       0.2563114      0.45722279               0
           0.35           0.044           0.088     0.044090764      0.27962188      0.44780512               0
           0.35           0.048           0.088     0.013870794      0.29984067      0.43774615               0
           0.35           0.052           0.088    -0.016688019      0.31685165      0.42700492               0
           0.35           0.056           0.088    -0.045870859       0.3305591      0.41564733               0
           0.35            0.06           0.088    -0.072170516      0.34076376      0.40375838               0
           0.35           0.064           0.088    -0.094566507      0.34715349      0.39143758               0
           0.35           0.068           0.088     -0.11199219      0.34938801      0.37881762               0
           0.35           0.072           0.088     -0.12333187      0.34710569      0.36609654               0
           0.35           0.076           0.088     -0.12760816      0.33996255      0.35356746               0
           0.35            0.08           0.088      -0.1240563      0.32768296      0.34175357               0
           0.35           0.084           0.088     -0.11212187      0.31000064      0.33160944               0
           0.35           0.088           0.088    -0.090831314      0.28603474      0.32414925               0
           0.35           0.092           0.088    -0.054611479      0.25018135      0.32019821               0
           0.35           0.096           0.088     0.040467247      0.20990478      0.32182862               0
           0.35             0.1           0.088     0.056331386     0.096010273       0.1624596     0.028729419
           0.35          -0.096           0.092      0.14699801      -0.2423044      0.24961317               0
           0.35            -0.1           0.092      0.11225471     -0.10678746      0.12232374     0.037878887
           0.35          -0.092           0.092     0.033062042     -0.30088405      0.26080603               0
           0.35          -0.088           0.092    -0.028168711     -0.34850899      0.27243614               0
           0.35          -0.084           0.092    -0.068887962     -0.37941616      0.28381603               0
           0.35           -0.08           0.092    -0.095362244     -0.40154048      0.29532115               0
           0.35          -0.076           0.092     -0.11133292      -0.4171566      0.30722317               0
           0.35          -0.072           0.092     -0.11912299     -0.42713033      0.31923593               0
           0.35          -0.068           0.092     -0.12018702     -0.43209542      0.33105903               0
           0.35          -0.064           0.092     -0.11569684     -0.43265293      0.34249083               0
           0.35           -0.06           0.092     -0.10666422     -0.42932914      0.35338659               0
           0.35          -0.056           0.092    -0.093919232     -0.42255689      0.36361886               0
           0.35          -0.052           0.092     -0.07814372     -0.41270663      0.37308753               0
           0.35          -0.048           0.092    -0.060004646     -0.40009334      0.38170881               0
           0.35          -0.044           0.092    -0.039975541      -0.3849757      0.38944434               0
           0.35           -0.04           0.092    -0.018563707     -0.36755729      0.39627189               0
           0.35          -0.036           0.092    0.0033114463     -0.34795895      0.40219648               0
           0.35          -0.032           0.092     0.024694212     -0.32624954      0.40721524               0
           0.35          -0.028           0.092     0.045041594     -0.30248514      0.41141498               0
           0.35          -0.024           0.092     0.063936695     -0.27673036       0.4149182               0
           0.35           -0.02           0.092     0.081096743     -0.24906123      0.41786373               0
           0.35          -0.016           0.092     0.096402272     -0.21957309      0.42041649               0
           0.35          -0.012           0.092      0.10956605      -0.1883683      0.42260468               0
           0.35          -0.008           0.092      0.12033391     -0.15556777      0.42441321               0
           0.35          -0.004           0.092      0.12850472     -0.12136185      0.42581628               0
           0.35               0           0.092      0.13389727    -0.085950757      0.42677758               0
           0.35           0.004           0.092      0.13633353    -0.049776201      0.42720273               0
           0.35           0.008           0.092      0.13649664    -0.012788432      0.42688623               0
           0.35           0.012           0.092      0.13547263     0.024464221      0.42560851               0
           0.35           0.016           0.092      0.13274674     0.060936403      0.42333061               0
           0.35            0.02           0.092       0.1271343     0.096387722      0.42014623               0
           0.35           0.024           0.092      0.11818621      0.13050333       0.4161687               0
           0.35           0.028           0.092      0.10585526      0.16294124       0.4114732               0
           0.35           0.032           0.092     0.090324384      0.19337517      0.40609913               0
           0.35           0.036           0.092     0.071926973       0.2215294      0.40008863               0
           0.35            0.04           0.092     0.051062819      0.24716359      0.39345045               0
           0.35           0.044           0.092     0.028221716      0.27005775      0.38617256               0
           0.35           0.048           0.092     0.004062375      0.29003498      0.37814755               0
           0.35           0.052           0.092    -0.020268872      0.30697216      0.36937651               0
           0.35           0.056           0.092     -0.04319992      0.32074875      0.35999287               0
           0.35            0.06           0.092     -0.06330552      0.33116186      0.35009335               0
           0.35           0.064           0.092    -0.079636595      0.33790011      0.33981238               0
           0.35           0.068           0.092    -0.091330229      0.34060418      0.32930102               0
           0.35           0.072           0.092    -0.097373751      0.33888005      0.31873367               0
           0.35           0.076           0.092     -0.09682324      0.33231362      0.30835303               0
           0.35            0.08           0.092    -0.088729085      0.32052959      0.29856014               0
           0.35           0.084           0.092    -0.071842277       0.3030614      0.28985332               0
           0.35           0.088           0.092    -0.044110002      0.27869548      0.28251562               0
           0.35           0.092           0.092   -8.548205e-05      0.24185791      0.27691815               0
           0.35           0.096           0.092     0.097526443      0.19999709      0.27517143               0
           0.35             0.1           0.092     0.084127326     0.090548001      0.13805001     0.030624647
           0.35          -0.096           0.096      0.23145053      -0.2284398      0.19474708               0
           0.35            -0.1           0.096      0.14701429    -0.097283803     0.092296124     0.042408538
           0.35          -0.092           0.096      0.13578796     -0.29550077      0.21305608               0
           0.35          -0.088           0.096     0.077304077     -0.34731456       0.2271635               0
           0.35          -0.084           0.096     0.035043325     -0.37847068      0.23814045               0
           0.35           -0.08           0.096    0.0070735782     -0.39874129      0.24736013               0
           0.35          -0.076           0.096   -0.0096592127     -0.41163485      0.25625579               0
           0.35          -0.072           0.096    -0.018286843     -0.41881797      0.26511187               0
           0.35          -0.068           0.096    -0.020713649     -0.42126649      0.27387804               0
           0.35          -0.064           0.096    -0.018217935     -0.41968565      0.28243236               0
           0.35           -0.06           0.096    -0.011776101     -0.41462011      0.29065678               0
           0.35          -0.056           0.096   -0.0021442965     -0.40649275      0.29843353               0
           0.35          -0.052           0.096     0.010075823     -0.39564872       0.3056591               0
           0.35          -0.048           0.096     0.024279348     -0.38236766      0.31226184               0
           0.35          -0.044           0.096     0.040071909     -0.36688161      0.31820519               0
           0.35           -0.04           0.096     0.056892181     -0.34935432      0.32345565               0
           0.35          -0.036           0.096     0.073919965     -0.32987504      0.32804086               0
           0.35          -0.032           0.096     0.090517678     -0.30852774      0.33199939               0
           0.35          -0.028           0.096      0.10615168     -0.28537349      0.33533311               0
           0.35          -0.024           0.096      0.12040593     -0.26045373      0.33808912               0
           0.35           -0.02           0.096        0.133172     -0.23384716      0.34046911               0
           0.35          -0.016           0.096      0.14428751     -0.20566834      0.34261075               0
           0.35          -0.012           0.096      0.15328218     -0.17599358      0.34442805               0
           0.35          -0.008           0.096         0.16019     -0.14489768      0.34606198               0
           0.35          -0.004           0.096      0.16517283     -0.11256301      0.34770911               0
           0.35               0           0.096      0.16807058    -0.079213143       0.3493374               0
           0.35           0.004           0.096      0.16875916    -0.045536831      0.35078678               0
           0.35           0.008           0.096      0.16823488    -0.011515904      0.35132065               0
           0.35           0.012           0.096      0.16789153      0.02275458      0.35006621               0
           0.35           0.016           0.096      0.16698985     0.056738093      0.34733344               0
           0.35            0.02           0.096      0.16405246     0.090283897      0.34396109               0
           0.35           0.024           0.096      0.15859735      0.12283842      0.34030622               0
           0.35           0.028           0.096      0.15059079      0.15397065      0.33647235               0
           0.35           0.032           0.096      0.14021877      0.18330698      0.33246163               0
           0.35           0.036           0.096      0.12717679       0.2105649      0.32804073               0
           0.35            0.04           0.096      0.11153709      0.23556266      0.32307546               0
           0.35           0.044           0.096     0.094094307      0.25808918      0.31759923               0
           0.35           0.048           0.096     0.075423702      0.27794684      0.31148036               0
           0.35           0.052           0.096     0.056445349      0.29500793      0.30473961               0
           0.35           0.056           0.096     0.038450873      0.30914354      0.29749366               0
           0.35            0.06           0.096     0.022759118      0.32019061      0.28983203               0
           0.35           0.064           0.096     0.010351101      0.32788667      0.28189906               0
           0.35           0.068           0.096    0.0020701215      0.33187551      0.27383651               0
           0.35           0.072           0.096    -0.001077582      0.33172781      0.26578365               0
           0.35           0.076           0.096    0.0019561975      0.32692105      0.25790155               0
           0.35            0.08           0.096     0.012503061      0.31681963      0.25034926               0
           0.35           0.084           0.096     0.032526074      0.30041998      0.24305769               0
           0.35           0.088           0.096     0.064470389      0.27571263      0.23537871               0
           0.35           0.092           0.096      0.11015881      0.23554332       0.2265564               0
           0.35           0.096           0.096      0.19421416      0.18650013      0.21594415               0
           0.35             0.1           0.096      0.12610412     0.081544851      0.10519622     0.035909061
           0.35          -0.096             0.1      0.14411373     -0.11057995     0.084049672     0.041275687
           0.35            -0.1             0.1      0.11330113    -0.061150726     0.051577518     0.061159127
           0.35          -0.092             0.1      0.10381415     -0.14711842     0.095327474      0.03511015
           0.35          -0.088             0.1     0.077457489     -0.17433271      0.10315458     0.032605817
           0.35          -0.084             0.1     0.057095637      -0.1897288      0.10857527     0.031336148
           0.35           -0.08             0.1     0.043309258     -0.19908427      0.11262236     0.030894219
           0.35          -0.076             0.1     0.035157991     -0.20455732      0.11636339      0.03086095
           0.35          -0.072             0.1      0.03100049     -0.20720189      0.12003556     0.031024635
           0.35          -0.068             0.1      0.02978737     -0.20759595      0.12366178     0.031286488
           0.35          -0.064             0.1     0.030848601     -0.20611573      0.12721271     0.031596787
           0.35           -0.06             0.1     0.033702085     -0.20303296      0.13064656     0.031925702
           0.35          -0.056             0.1     0.037985253     -0.19855277      0.13391398     0.032257158
           0.35          -0.052             0.1     0.043402805     -0.19283476       0.1369666     0.032589297
           0.35          -0.048             0.1     0.049669422     -0.18600385      0.13977956     0.032922343
           0.35          -0.044             0.1     0.056529969     -0.17815876      0.14233115     0.033250881
           0.35           -0.04             0.1      0.06370702     -0.16936493      0.14460525      0.03358101
           0.35          -0.036             0.1     0.070926691     -0.15966348      0.14663283     0.033912424
           0.35          -0.032             0.1     0.077941701     -0.14910174      0.14843837     0.034232687
           0.35          -0.028             0.1     0.084466483     -0.13770793      0.14999444     0.034543084
           0.35          -0.024             0.1     0.090369613     -0.12548882      0.15134141     0.034828074
           0.35           -0.02             0.1     0.095650174     -0.11248654       0.1525892     0.035053652
           0.35          -0.016             0.1      0.10009793    -0.098767878      0.15373305     0.035200303
           0.35          -0.012             0.1      0.10337244    -0.084360438      0.15466645     0.035254325
           0.35          -0.008             0.1      0.10562645    -0.069286342      0.15552319      0.03518613
           0.35          -0.004             0.1      0.10711215    -0.053635264      0.15649863     0.034964655
           0.35               0             0.1      0.10775519    -0.037532019      0.15758122     0.034579648
           0.35           0.004             0.1      0.10750882    -0.021443456      0.15867599     0.034009469
           0.35           0.008             0.1      0.10698743    -0.005398458      0.15922933      0.03363218
           0.35           0.012             0.1      0.10700466     0.010753828      0.15856005     0.033920773
           0.35           0.016             0.1      0.10710294     0.026974857      0.15694412     0.034546787
           0.35            0.02             0.1      0.10643078     0.043212085      0.15506599     0.035030494
           0.35           0.024             0.1      0.10473151     0.059068587      0.15318367     0.035279117
           0.35           0.028             0.1      0.10199057      0.07428346      0.15136253     0.035285062
           0.35           0.032             0.1     0.098300064     0.088650055      0.14960384     0.035074903
           0.35           0.036             0.1     0.093206093      0.10202983       0.1476816     0.034703024
           0.35            0.04             0.1     0.086649117      0.11436206      0.14549591     0.034215677
           0.35           0.044             0.1     0.079272293      0.12554517      0.14313271     0.033643463
           0.35           0.048             0.1     0.071316327        0.135468      0.14050181      0.03304021
           0.35           0.052             0.1     0.063140029      0.14406851      0.13759661     0.032445782
           0.35           0.056             0.1     0.055316095      0.15128211      0.13447988     0.031887569
           0.35            0.06             0.1     0.048393957      0.15703541      0.13118976     0.031387561
           0.35           0.064             0.1     0.042886293      0.16122014       0.1277947     0.030947138
           0.35           0.068             0.1     0.039279501      0.16367037      0.12435754     0.030575741
           0.35           0.072             0.1     0.038092527      0.16416634      0.12092823     0.030290406
           0.35           0.076             0.1     0.039899919      0.16241772      0.11755776     0.030117954
           0.35            0.08             0.1     0.045459962       0.1580268      0.11425982     0.030120224
           0.35           0.084             0.1      0.05586057      0.15032565      0.11090479     0.030406312
           0.35           0.088             0.1     0.072200857      0.13801687      0.10691498     0.031199068
           0.35           0.092             0.1     0.093780159      0.11673213      0.10146106     0.032690948
           0.35           0.096             0.1      0.12909506     0.089403329     0.093248836     0.036777188
           0.35             0.1             0.1      0.10178191     0.050582645     0.058843171     0.053270689
