#       point_x         point_y         point_z             U_x             U_y             U_z               p
           0.13          -0.096          -0.096     -0.94834359     0.014367334    -0.010896602      -0.8040004
           0.13            -0.1          -0.096               0               0               0     -0.80421229
           0.13            -0.1            -0.1               0               0               0     -0.80382992
           0.13          -0.096            -0.1               0               0               0     -0.80366869
           0.13          -0.092          -0.096       -1.015839     0.025703336   -0.0093661587     -0.80401957
           0.13          -0.092            -0.1               0               0               0     -0.80374086
           0.13          -0.088          -0.096      -1.0131389     0.033600472   -0.0059929545     -0.80445354
           0.13          -0.088            -0.1               0               0               0     -0.80419801
           0.13          -0.084          -0.096     -0.98265032     0.037581838   -0.0026157141     -0.80498806
           0.13          -0.084            -0.1               0               0               0     -0.80478034
           0.13           -0.08          -0.096     -0.93690738       0.0388647   0.00010130725      -0.8056808
           0.13           -0.08            -0.1               0               0               0     -0.80551554
           0.13          -0.076          -0.096     -0.88009562      0.03798094    0.0019520794     -0.80643094
           0.13          -0.076            -0.1               0               0               0     -0.80627983
           0.13          -0.072          -0.096     -0.81466493      0.03579022    0.0029012191     -0.80719011
           0.13          -0.072            -0.1               0               0               0     -0.80701397
           0.13          -0.068          -0.096     -0.74426847     0.033085784    0.0030204296     -0.80785379
           0.13          -0.068            -0.1               0               0               0     -0.80761776
           0.13          -0.064          -0.096     -0.67347857     0.030545831    0.0022730783     -0.80832312
           0.13          -0.064            -0.1               0               0               0     -0.80799088
           0.13           -0.06          -0.096     -0.60653158     0.028628276    0.0005395706     -0.80850639
           0.13           -0.06            -0.1               0               0               0     -0.80803494
           0.13          -0.056          -0.096     -0.54596484     0.027518708   -0.0013361328     -0.80834569
           0.13          -0.056            -0.1               0               0               0     -0.80771799
           0.13          -0.052          -0.096     -0.49288566     0.027129183   -0.0026826205     -0.80787466
           0.13          -0.052            -0.1               0               0               0     -0.80712857
           0.13          -0.048          -0.096     -0.44691916     0.026948368   -0.0030019726     -0.80721481
           0.13          -0.048            -0.1               0               0               0     -0.80644645
           0.13          -0.044          -0.096     -0.40725579     0.026285943   -0.0017497183     -0.80653817
           0.13          -0.044            -0.1               0               0               0      -0.8058635
           0.13           -0.04          -0.096     -0.37304671     0.024607364    0.0017933951     -0.80602918
           0.13           -0.04            -0.1               0               0               0     -0.80557463
           0.13          -0.036          -0.096     -0.34267678     0.021870259    0.0061346073      -0.8058937
           0.13          -0.036            -0.1               0               0               0     -0.80573744
           0.13          -0.032          -0.096     -0.31290441     0.018728328    0.0091618291     -0.80637494
           0.13          -0.032            -0.1               0               0               0     -0.80644174
           0.13          -0.028          -0.096     -0.27855444     0.016531511     0.010455409     -0.80765755
           0.13          -0.028            -0.1               0               0               0     -0.80781572
           0.13          -0.024          -0.096     -0.23314867     0.017145803     0.010169697      -0.8097014
           0.13          -0.024            -0.1               0               0               0     -0.80986215
           0.13           -0.02          -0.096     -0.17038718     0.022617162     0.009955196     -0.81219185
           0.13           -0.02            -0.1               0               0               0     -0.81229958
           0.13          -0.016          -0.096      -0.0757495      0.03737963     0.012397648     -0.81472262
           0.13          -0.016            -0.1               0               0               0     -0.81478287
           0.13          -0.012          -0.096     0.051938969     0.064693447     0.015809818     -0.81658874
           0.13          -0.012            -0.1               0               0               0     -0.81667125
           0.13          -0.008          -0.096      0.17658195     0.092748784     0.016382243      -0.8165723
           0.13          -0.008            -0.1               0               0               0     -0.81658741
           0.13          -0.004          -0.096      0.27046998       0.1101048     0.015461196      -0.8132775
           0.13          -0.004            -0.1               0               0               0     -0.81301118
           0.13               0          -0.096      0.33199504      0.11884463     0.014998799     -0.80629968
           0.13               0            -0.1               0               0               0      -0.8058508
           0.13           0.004          -0.096       0.3626359      0.12217602     0.014660753     -0.79680717
           0.13           0.004            -0.1               0               0               0     -0.79644789
           0.13           0.008          -0.096      0.36488142      0.12212802      0.01408691     -0.78640132
           0.13           0.008            -0.1               0               0               0     -0.78620048
           0.13           0.012          -0.096      0.34236797      0.11997432     0.012880453     -0.77637425
           0.13           0.012            -0.1               0               0               0     -0.77623134
           0.13           0.016          -0.096      0.29998658      0.11687897     0.011104261     -0.76765709
           0.13           0.016            -0.1               0               0               0     -0.76740569
           0.13            0.02          -0.096      0.24291271       0.1136762    0.0096537632     -0.76073302
           0.13            0.02            -0.1               0               0               0     -0.76026223
           0.13           0.024          -0.096      0.17568298      0.11093812    0.0092276868      -0.7557275
           0.13           0.024            -0.1               0               0               0     -0.75510171
           0.13           0.028          -0.096      0.10168084      0.10932738    0.0099757201     -0.75262182
           0.13           0.028            -0.1               0               0               0     -0.75200423
           0.13           0.032          -0.096     0.023651074       0.1092261     0.010555029      -0.7514684
           0.13           0.032            -0.1               0               0               0     -0.75104496
           0.13           0.036          -0.096    -0.054147264       0.1120866    0.0082975443     -0.75226994
           0.13           0.036            -0.1               0               0               0     -0.75224326
           0.13            0.04          -0.096     -0.12906842      0.11779325    0.0036212098     -0.75463953
           0.13            0.04            -0.1               0               0               0      -0.7550785
           0.13           0.044          -0.096     -0.20169081      0.12337999   0.00017141342      -0.7578353
           0.13           0.044            -0.1               0               0               0     -0.75853799
           0.13           0.048          -0.096     -0.27213774      0.12726806  -0.00050775211     -0.76125203
           0.13           0.048            -0.1               0               0               0     -0.76194448
           0.13           0.052          -0.096     -0.34029294      0.12927044   0.00056960392     -0.76466109
           0.13           0.052            -0.1               0               0               0     -0.76522425
           0.13           0.056          -0.096     -0.40710747      0.12942911    0.0026043582     -0.76792083
           0.13           0.056            -0.1               0               0               0     -0.76836301
           0.13            0.06          -0.096       -0.474333      0.12773185    0.0051058952     -0.77088659
           0.13            0.06            -0.1               0               0               0     -0.77124612
           0.13           0.064          -0.096     -0.54349221      0.12410403    0.0078886939     -0.77349593
           0.13           0.064            -0.1               0               0               0     -0.77382247
           0.13           0.068          -0.096     -0.61488629      0.11827902     0.010879872      -0.7757478
           0.13           0.068            -0.1               0               0               0     -0.77608147
           0.13           0.072          -0.096     -0.68741464       0.1099532     0.013786553      -0.7776581
           0.13           0.072            -0.1               0               0               0     -0.77800652
           0.13           0.076          -0.096      -0.7592794     0.099015735     0.016542812     -0.77925264
           0.13           0.076            -0.1               0               0               0     -0.77960932
           0.13            0.08          -0.096     -0.82826815      0.08555532     0.019113123      -0.7805587
           0.13            0.08            -0.1               0               0               0     -0.78090306
           0.13           0.084          -0.096     -0.89196241     0.069843785     0.021151689     -0.78161187
           0.13           0.084            -0.1               0               0               0     -0.78191752
           0.13           0.088          -0.096     -0.94723585     0.052497787      0.02240547     -0.78238932
           0.13           0.088            -0.1               0               0               0     -0.78262481
           0.13           0.092          -0.096     -0.98195552     0.033953516     0.022623609     -0.78292732
           0.13           0.092            -0.1               0               0               0     -0.78308685
           0.13           0.096          -0.096     -0.93269791     0.016151822     0.019496302      -0.7830208
           0.13           0.096            -0.1               0               0               0     -0.78314219
           0.13             0.1            -0.1               0               0               0     -0.78300123
           0.13             0.1          -0.096               0               0               0     -0.78288451
           0.13          -0.096          -0.092      -1.0042095     0.019191176    -0.025599774     -0.80457726
           0.13            -0.1          -0.092               0               0               0     -0.80490503
           0.13          -0.092          -0.092      -1.0553298     0.032771781    -0.021355818     -0.80452213
           0.13          -0.088          -0.092      -1.0493032     0.042787191    -0.015354693     -0.80500502
           0.13          -0.084          -0.092      -1.0193785     0.049245274   -0.0097543636      -0.8055542
           0.13           -0.08          -0.092     -0.97479697     0.053418959   -0.0051595874     -0.80626938
           0.13          -0.076          -0.092     -0.91916553     0.055780534   -0.0019716449     -0.80706394
           0.13          -0.072          -0.092     -0.85503328     0.056999739  -0.00042504726     -0.80790256
           0.13          -0.068          -0.092      -0.7854552     0.057636615  -0.00055890011     -0.80868926
           0.13          -0.064          -0.092     -0.71433561     0.058077859   -0.0021744509     -0.80933233
           0.13           -0.06          -0.092      -0.6454839     0.058267008   -0.0046842318     -0.80973677
           0.13          -0.056          -0.092     -0.58152565     0.057873617   -0.0070465539      -0.8098084
           0.13          -0.052          -0.092     -0.52382618      0.05667512   -0.0081610722     -0.80951723
           0.13          -0.048          -0.092     -0.47275732     0.054571636   -0.0072603181     -0.80892126
           0.13          -0.044          -0.092     -0.42807406     0.051538461    -0.004096402     -0.80816855
           0.13           -0.04          -0.092     -0.38904127     0.047745407    0.0010008994     -0.80744617
           0.13          -0.036          -0.092     -0.35425016     0.043747765    0.0070853515      -0.8070036
           0.13          -0.032          -0.092     -0.32113945      0.04007384     0.012914038     -0.80717341
           0.13          -0.028          -0.092     -0.28564188     0.037061214     0.017343599      -0.8081798
           0.13          -0.024          -0.092       -0.242157     0.035290991     0.019911587     -0.81000894
           0.13           -0.02          -0.092     -0.18408901     0.036076096      0.02163911     -0.81238231
           0.13          -0.016          -0.092     -0.10260499     0.042400382     0.024762539     -0.81483128
           0.13          -0.012          -0.092     0.011033683     0.060015486     0.029604905     -0.81648194
           0.13          -0.008          -0.092       0.1402072     0.085087394     0.032756423     -0.81637519
           0.13          -0.004          -0.092      0.25375423      0.10634143     0.032865569     -0.81349947
           0.13   3.6346636e-19          -0.092      0.33642167      0.11978619     0.031389046     -0.80701815
           0.13           0.004          -0.092      0.38375706      0.12663193     0.028860102     -0.79763473
           0.13           0.008          -0.092      0.39703227      0.12934305     0.025626276     -0.78711267
           0.13           0.012          -0.092      0.38082236      0.12971445     0.022036903     -0.77700361
           0.13           0.016          -0.092      0.34163316      0.12913923     0.018453304     -0.76834528
           0.13            0.02          -0.092      0.28642812      0.12859746     0.015367103     -0.76158211
           0.13           0.024          -0.092      0.22128075      0.12867127     0.013453583     -0.75670948
           0.13           0.028          -0.092      0.15055357      0.12965529      0.01330257     -0.75359906
           0.13           0.032          -0.092     0.076788936      0.13143862     0.014500624     -0.75216047
           0.13           0.036          -0.092   0.00022720962      0.13306662      0.01524212     -0.75229297
           0.13            0.04          -0.092    -0.080654025      0.13409996     0.014327122     -0.75385577
           0.13           0.044          -0.092     -0.16543213       0.1346057     0.012814076     -0.75658923
           0.13           0.048          -0.092     -0.25085631      0.13403543     0.012094673      -0.7600122
           0.13           0.052          -0.092      -0.3344425      0.13202454     0.012428044     -0.76362879
           0.13           0.056          -0.092     -0.41623486      0.12857292     0.013892482      -0.7670924
           0.13            0.06          -0.092     -0.49751125      0.12371829     0.016660566     -0.77021584
           0.13           0.064          -0.092     -0.57926872      0.11726721     0.020567916     -0.77294053
           0.13           0.068          -0.092     -0.66129766      0.10889264     0.025064148     -0.77528878
           0.13           0.072          -0.092     -0.74208071     0.098440379     0.029485179     -0.77730966
           0.13           0.076          -0.092     -0.81944883     0.086091695     0.033288718      -0.7790481
           0.13            0.08          -0.092     -0.89115704     0.072359026     0.036124102      -0.7805415
           0.13           0.084          -0.092     -0.95518537     0.057893941     0.037848411     -0.78180985
           0.13           0.088          -0.092      -1.0087484     0.043363289     0.038565283     -0.78281515
           0.13           0.092          -0.092      -1.0421342     0.029045063     0.038165062     -0.78352644
           0.13           0.096          -0.092      -1.0065026     0.015393811     0.035712245     -0.78367605
           0.13             0.1          -0.092               0               0               0     -0.78353856
           0.13          -0.096          -0.088     -0.96918046      0.02299377     -0.04440635     -0.80524074
           0.13            -0.1          -0.088               0               0               0     -0.80572222
           0.13          -0.092          -0.088      -1.0228736     0.039912438    -0.036563808     -0.80503998
           0.13          -0.088          -0.088      -1.0224763     0.053066285    -0.027748955     -0.80556772
           0.13          -0.084          -0.088     -0.99826995     0.062357066    -0.020103236     -0.80624536
           0.13           -0.08          -0.088     -0.95924194     0.069340133    -0.014086347     -0.80715569
           0.13          -0.076          -0.088     -0.90910034     0.074572512    -0.010018586     -0.80815725
           0.13          -0.072          -0.088      -0.8503218     0.078593012   -0.0080858069     -0.80920068
           0.13          -0.068          -0.088     -0.78563297     0.081672686   -0.0081945968     -0.81019314
           0.13          -0.064          -0.088     -0.71827724     0.083827615    -0.009855122     -0.81103322
           0.13           -0.06          -0.088     -0.65149642     0.084815691    -0.012153588     -0.81160883
           0.13          -0.056          -0.088     -0.58786594     0.084342413    -0.013896021     -0.81182221
           0.13          -0.052          -0.088     -0.52902669     0.082262912     -0.01395134      -0.8116431
           0.13          -0.048          -0.088     -0.47578577      0.07864333    -0.011572915     -0.81112934
           0.13          -0.044          -0.088      -0.4282893     0.073741741   -0.0065905949     -0.81042154
           0.13           -0.04          -0.088     -0.38604976      0.06800116   0.00057242177     -0.80971162
           0.13          -0.036          -0.088     -0.34782674     0.062016532    0.0089637986      -0.8092285
           0.13          -0.032          -0.088     -0.31146177     0.056343961      0.01732323     -0.80922009
           0.13          -0.028          -0.088     -0.27367572     0.051429614     0.024465158     -0.80988882
           0.13          -0.024          -0.088     -0.22994528      0.04774256     0.029783163     -0.81130976
           0.13           -0.02          -0.088      -0.1746665     0.046069002     0.033817051      -0.8133233
           0.13          -0.016          -0.088     -0.10072684     0.048285431     0.038048376     -0.81546473
           0.13          -0.012          -0.088   0.00057641631      0.05886357     0.043406063     -0.81665526
           0.13          -0.008          -0.088      0.12275001     0.078016483     0.047688284     -0.81606627
           0.13          -0.004          -0.088      0.24034566     0.098423894     0.048523913     -0.81319447
           0.13   3.6346636e-19          -0.088      0.33182843      0.11355851     0.046259402     -0.80712928
           0.13           0.004          -0.088      0.38779561      0.12216318     0.041748813     -0.79808651
           0.13           0.008          -0.088      0.40728592      0.12626986     0.035762369     -0.78769675
           0.13           0.012          -0.088       0.3947642      0.12795987     0.029024051     -0.77764148
           0.13           0.016          -0.088      0.35762658       0.1288252     0.022209593     -0.76903338
           0.13            0.02          -0.088      0.30370686      0.12995341     0.016157182      -0.7623214
           0.13           0.024          -0.088      0.23957265      0.13179521     0.012147742     -0.75753334
           0.13           0.028          -0.088      0.17009551      0.13417025      0.01144378     -0.75450705
           0.13           0.032          -0.088     0.097791025      0.13648251     0.014232298     -0.75298187
           0.13           0.036          -0.088     0.022398525       0.1379148     0.019169622     -0.75273881
           0.13            0.04          -0.088    -0.057807237      0.13809282     0.023942302     -0.75377894
           0.13           0.044          -0.088      -0.1430081      0.13696431     0.026895295     -0.75612022
           0.13           0.048          -0.088     -0.23094015      0.13419258     0.027989029     -0.75939987
           0.13           0.052          -0.088       -0.319407      0.12966012     0.028266495     -0.76304599
           0.13           0.056          -0.088     -0.40783941      0.12365181     0.029138291     -0.76662505
           0.13            0.06          -0.088     -0.49639534      0.11644107     0.031637707     -0.76989901
           0.13           0.064          -0.088     -0.58488605      0.10794902     0.035897524     -0.77278867
           0.13           0.068          -0.088     -0.67229664     0.097812516     0.041078567     -0.77532535
           0.13           0.072          -0.088     -0.75661024      0.08595263     0.045909885     -0.77757581
           0.13           0.076          -0.088     -0.83531365     0.072828494     0.049447932     -0.77959835
           0.13            0.08          -0.088     -0.90624902     0.059207183     0.051305634     -0.78141401
           0.13           0.084          -0.088      -0.9679175     0.045891056     0.051558715     -0.78299369
           0.13           0.088          -0.088      -1.0183063     0.033507507     0.050754885     -0.78425809
           0.13           0.092          -0.088      -1.0496806     0.022141684     0.049526573     -0.78512653
           0.13           0.096          -0.088      -1.0181943     0.011616471     0.048208476     -0.78537288
           0.13             0.1          -0.088               0               0               0     -0.78528991
           0.13          -0.096          -0.084     -0.90482102     0.024264243    -0.064863783     -0.80630721
           0.13            -0.1          -0.084               0               0               0     -0.80692241
           0.13          -0.092          -0.084     -0.96405193     0.044467736    -0.054356609     -0.80585733
           0.13          -0.088          -0.084     -0.97236078     0.061385447    -0.043031553     -0.80624468
           0.13          -0.084          -0.084     -0.95636742     0.074263607    -0.033412853     -0.80698401
           0.13           -0.08          -0.084     -0.92458919     0.084461166    -0.026075178      -0.8081289
           0.13          -0.076          -0.084     -0.88102902     0.092573937    -0.021195919     -0.80944941
           0.13          -0.072          -0.084     -0.82835208     0.099107788      -0.0187556     -0.81083352
           0.13          -0.068          -0.084     -0.76914258      0.10418062    -0.018411208     -0.81214754
           0.13          -0.064          -0.084     -0.70621874      0.10763172    -0.019414372     -0.81325787
           0.13           -0.06          -0.084     -0.64240806      0.10912759     -0.02067375     -0.81403869
           0.13          -0.056          -0.084     -0.58016527       0.1083682    -0.020973836     -0.81440381
           0.13          -0.052          -0.084     -0.52132366      0.10526171     -0.01927202     -0.81434358
           0.13          -0.048          -0.084     -0.46702657     0.099988029     -0.01494559      -0.8139318
           0.13          -0.044          -0.084     -0.41772537     0.092981469   -0.0079335276     -0.81330642
           0.13           -0.04          -0.084     -0.37313905     0.084880629    0.0012706415     -0.81264158
           0.13          -0.036          -0.084     -0.33223246     0.076414471      0.01172915     -0.81213469
           0.13          -0.032          -0.084      -0.2931794     0.068269574     0.022256472     -0.81199298
           0.13          -0.028          -0.084       -0.253201     0.061044415     0.031723189     -0.81239471
           0.13          -0.024          -0.084     -0.20844826     0.055274632     0.039477073      -0.8134309
           0.13           -0.02          -0.084     -0.15403003     0.051549728     0.045762481     -0.81502084
           0.13          -0.016          -0.084    -0.083670456     0.051185454     0.051584377     -0.81668535
           0.13          -0.012          -0.084     0.010687077      0.05756312     0.057813004     -0.81721065
           0.13          -0.008          -0.084      0.12631154     0.072178328      0.06269465     -0.81589076
           0.13          -0.004          -0.084      0.24172242     0.090351874     0.063501743     -0.81262378
           0.13   3.6346636e-19          -0.084      0.33415547      0.10540926     0.059872186     -0.80661072
           0.13           0.004          -0.084      0.39178584      0.11469744      0.05282563     -0.79780258
           0.13           0.008          -0.084      0.41222139      0.11959401     0.043632039     -0.78764785
           0.13           0.012          -0.084      0.40003078      0.12217702     0.033491977     -0.77783851
           0.13           0.016          -0.084      0.36324762      0.12412419     0.023530137     -0.76949934
           0.13            0.02          -0.084       0.3099043      0.12644069     0.014984916     -0.76305386
           0.13           0.024          -0.084      0.24676555      0.12938615     0.009567338      -0.7585257
           0.13           0.028          -0.084      0.17901087      0.13269209    0.0089499772     -0.75571339
           0.13           0.032          -0.084      0.10900798      0.13577751     0.013607737     -0.75428493
           0.13           0.036          -0.084     0.036370252      0.13804232     0.022234412     -0.75398838
           0.13            0.04          -0.084    -0.040545535      0.13891248     0.031846555     -0.75484402
           0.13           0.044          -0.084     -0.12262166      0.13787095     0.039306733     -0.75693297
           0.13           0.048          -0.084     -0.20914945      0.13443506     0.043362382     -0.75998602
           0.13           0.052          -0.084     -0.29890347      0.12852457     0.044916396     -0.76350066
           0.13           0.056          -0.084     -0.39091424      0.12069887     0.045937694     -0.76705933
           0.13            0.06          -0.084     -0.48412767       0.1115798     0.048224939     -0.77041939
           0.13           0.064          -0.084       -0.576883      0.10134659     0.052457336     -0.77349342
           0.13           0.068          -0.084     -0.66696143     0.089813768     0.057752958     -0.77625634
           0.13           0.072          -0.084     -0.75206297     0.076909599     0.062297052     -0.77871753
           0.13           0.076          -0.084     -0.83004443      0.06307756     0.064711091     -0.78095461
           0.13            0.08          -0.084     -0.89908445      0.04919922      0.06465821      -0.7830018
           0.13           0.084          -0.084     -0.95805387     0.036191382     0.062580694     -0.78478164
           0.13           0.088          -0.084      -1.0055568      0.02475495     0.059540928     -0.78618316
           0.13           0.092          -0.084      -1.0349507      0.01507957     0.056863901     -0.78714659
           0.13           0.096          -0.084      -1.0048172    0.0070345539     0.055636663     -0.78758334
           0.13             0.1          -0.084               0               0               0     -0.78764955
           0.13          -0.096           -0.08      -0.8239291     0.023124426    -0.084728212     -0.80777686
           0.13            -0.1           -0.08               0               0               0     -0.80843528
           0.13          -0.092           -0.08     -0.88619066     0.045396405    -0.073477372     -0.80712113
           0.13          -0.088           -0.08     -0.90286568     0.065821593    -0.060525354     -0.80726928
           0.13          -0.084           -0.08     -0.89622142     0.082662344    -0.049226854     -0.80796574
           0.13           -0.08           -0.08     -0.87310174     0.096561481    -0.040592243     -0.80927518
           0.13          -0.076           -0.08     -0.83718859      0.10791326    -0.034792671      -0.8109133
           0.13          -0.072           -0.08     -0.79121737      0.11713845    -0.031602504     -0.81268771
           0.13          -0.068           -0.08     -0.73777806      0.12427034    -0.030398071     -0.81439919
           0.13          -0.064           -0.08     -0.67954331      0.12904351    -0.030184304     -0.81586771
           0.13           -0.06           -0.08     -0.61917768      0.13103964    -0.029752874     -0.81694117
           0.13          -0.056           -0.08      -0.5590967      0.12992982     -0.02793996     -0.81753099
           0.13          -0.052           -0.08     -0.50124249      0.12566869    -0.023864821     -0.81764356
           0.13          -0.048           -0.08     -0.44694563      0.11855479    -0.017089617     -0.81737167
           0.13          -0.044           -0.08     -0.39682921      0.10919859    -0.007698536     -0.81685627
           0.13           -0.04           -0.08     -0.35074961     0.098432207    0.0037410191     -0.81625963
           0.13          -0.036           -0.08     -0.30787137     0.087156728     0.016282808     -0.81575675
           0.13          -0.032           -0.08     -0.26664438     0.076232542      0.02878245     -0.81551659
           0.13          -0.028           -0.08      -0.2246246      0.06643286     0.040186616     -0.81567263
           0.13          -0.024           -0.08     -0.17839391     0.058408993     0.049888816     -0.81630316
           0.13           -0.02           -0.08     -0.12351963     0.052701939     0.058019583     -0.81736759
           0.13          -0.016           -0.08     -0.05418939     0.050416797     0.065362879     -0.81831611
           0.13          -0.012           -0.08     0.036702174     0.054241406     0.072468858     -0.81793019
           0.13          -0.008           -0.08      0.14695163     0.065936936     0.077472919     -0.81575448
           0.13          -0.004           -0.08      0.25725781     0.082137981     0.077548059      -0.8119134
           0.13   3.6346636e-19           -0.08      0.34574001     0.096569402     0.072076598     -0.80571374
           0.13           0.004           -0.08      0.40013121      0.10607894     0.062258435     -0.79705631
           0.13           0.008           -0.08      0.41768629      0.11146778     0.049817021     -0.78722979
           0.13           0.012           -0.08      0.40347531       0.1146378      0.03638867     -0.77781321
           0.13           0.016           -0.08      0.36597659      0.11722734     0.023442509      -0.7698783
           0.13            0.02           -0.08      0.31333642      0.12022837     0.012507192     -0.76382978
           0.13           0.024           -0.08      0.25280855      0.12399199    0.0057048209     -0.75966783
           0.13           0.028           -0.08      0.18920496      0.12842643    0.0050129022     -0.75715572
           0.13           0.032           -0.08       0.1235489      0.13306739     0.010981392     -0.75597014
           0.13           0.036           -0.08      0.05490444      0.13722492     0.022301266     -0.75588937
           0.13            0.04           -0.08    -0.018066901      0.13988706     0.035850258     -0.75689439
           0.13           0.044           -0.08     -0.09636346      0.14002518     0.047876832     -0.75900468
           0.13           0.048           -0.08     -0.18025526      0.13696102     0.056128046     -0.76196908
           0.13           0.052           -0.08     -0.26952913      0.13061446     0.060697811     -0.76534699
           0.13           0.056           -0.08     -0.36342888      0.12167021     0.063282837      -0.7687837
           0.13            0.06           -0.08     -0.46013295      0.11103502     0.065973852     -0.77211069
           0.13           0.064           -0.08     -0.55645183     0.099218745     0.069979503     -0.77531131
           0.13           0.068           -0.08     -0.64847133     0.086349105     0.074811969     -0.77832795
           0.13           0.072           -0.08       -0.733259     0.072488487     0.078622698     -0.78102119
           0.13           0.076           -0.08     -0.80946902        0.057905     0.079654919     -0.78339407
           0.13            0.08           -0.08     -0.87615918     0.043334475     0.077441222     -0.78552408
           0.13           0.084           -0.08     -0.93251738     0.029785558      0.07269938     -0.78734145
           0.13           0.088           -0.08     -0.97738262     0.018166179     0.066907465     -0.78874402
           0.13           0.092           -0.08      -1.0044049    0.0090314131     0.061879996     -0.78975872
           0.13           0.096           -0.08     -0.97444339    0.0027715504     0.059105813     -0.79039828
           0.13             0.1           -0.08               0               0               0     -0.79061543
           0.13          -0.096          -0.076      -0.7321986     0.020272109     -0.10208253     -0.80947888
           0.13            -0.1          -0.076               0               0               0     -0.81010304
           0.13          -0.092          -0.076     -0.79215478     0.043081734    -0.092313588      -0.8087256
           0.13          -0.088          -0.076       -0.814366     0.065986216    -0.079080336     -0.80868368
           0.13          -0.084          -0.076     -0.81656699     0.086429509    -0.066775622     -0.80933636
           0.13           -0.08          -0.076     -0.80272135      0.10416283    -0.057052726     -0.81076308
           0.13          -0.076          -0.076     -0.77524286      0.11911892    -0.050277845     -0.81267608
           0.13          -0.072          -0.076     -0.73656448      0.13142832    -0.046095652     -0.81483811
           0.13          -0.068          -0.076     -0.68929767      0.14093381    -0.043621426     -0.81699624
           0.13          -0.064          -0.076     -0.63616339      0.14721331     -0.04164416     -0.81891577
           0.13           -0.06          -0.076      -0.5798761      0.14973172    -0.038894732     -0.82039806
           0.13          -0.056          -0.076     -0.52289942      0.14813562    -0.034329258     -0.82132191
           0.13          -0.052          -0.076      -0.4671995      0.14247641    -0.027298071     -0.82168525
           0.13          -0.048          -0.076     -0.41413124      0.13323563    -0.017600438     -0.82158895
           0.13          -0.044          -0.076     -0.36432256      0.12124998   -0.0054996833      -0.8211776
           0.13           -0.04          -0.076     -0.31768791      0.10757106    0.0083358622     -0.82061712
           0.13          -0.036          -0.076     -0.27357425       0.0933001     0.022920087     -0.82007489
           0.13          -0.032          -0.076     -0.23064669     0.079492171     0.037142147     -0.81968027
           0.13          -0.028          -0.076     -0.18669573     0.067092281     0.050057838     -0.81951706
           0.13          -0.024          -0.076      -0.1386055     0.056865994     0.061173532     -0.81965026
           0.13           -0.02          -0.076    -0.082269801     0.049386344     0.070636271     -0.82003786
           0.13          -0.016          -0.076    -0.012259577     0.045748459      0.07915876     -0.82003998
           0.13          -0.012          -0.076     0.077130609     0.048281879     0.086817054     -0.81857041
           0.13          -0.008          -0.076       0.1822939     0.058557928     0.091289261     -0.81549673
           0.13          -0.004          -0.076       0.2851688     0.073617786      0.08984079     -0.81102581
           0.13               0          -0.076      0.36609003     0.087628194     0.082042751     -0.80454086
           0.13           0.004          -0.076       0.4138128     0.097395784     0.069357757     -0.79602383
           0.13           0.008          -0.076       0.4261985      0.10329072      0.05387098     -0.78662257
           0.13           0.012          -0.076      0.40894807      0.10699119     0.037471456      -0.7777145
           0.13           0.016          -0.076      0.37122534      0.10998084     0.021800365     -0.77027729
           0.13            0.02          -0.076      0.32188329      0.11330054    0.0086250053      -0.7646744
           0.13           0.024          -0.076      0.26760313      0.11766112   0.00029005917     -0.76087439
           0.13           0.028          -0.076      0.21098976      0.12332261   -0.0010749473      -0.7586931
           0.13           0.032          -0.076      0.15106147       0.1299667    0.0052747114     -0.75789024
           0.13           0.036          -0.076     0.086347443      0.13659835     0.018270809      -0.7582802
           0.13            0.04          -0.076     0.016247995      0.14168826     0.034973685     -0.75976903
           0.13           0.044          -0.076    -0.059577484      0.14368832     0.051427523     -0.76222455
           0.13           0.048          -0.076     -0.14155269      0.14168756     0.064624699     -0.76533424
           0.13           0.052          -0.076     -0.23002685      0.13566158      0.07368058     -0.76868699
           0.13           0.056          -0.076     -0.32472356       0.1263338     0.079488511      -0.7719949
           0.13            0.06          -0.076     -0.42368738      0.11479541     0.083784975     -0.77518677
           0.13           0.064          -0.076     -0.52279298      0.10186186     0.087959499     -0.77834849
           0.13           0.068          -0.076     -0.61670474     0.087865834      0.09207909     -0.78149525
           0.13           0.072          -0.076      -0.7013182     0.073068219     0.094799677     -0.78439448
           0.13           0.076          -0.076      -0.7755252     0.057695244     0.094387585     -0.78685869
           0.13            0.08          -0.076     -0.83949032      0.04218985     0.090149236     -0.78894261
           0.13           0.084          -0.076     -0.89283405     0.027527037     0.082756211     -0.79064402
           0.13           0.088          -0.076     -0.93428814     0.014833447     0.073787329     -0.79193335
           0.13           0.092          -0.076     -0.95719775    0.0051893793     0.065300001     -0.79294513
           0.13           0.096          -0.076     -0.92510375  -0.00030778461     0.059134524     -0.79370525
           0.13             0.1          -0.076               0               0               0     -0.79400451
           0.13          -0.096          -0.072     -0.63509982     0.016667789      -0.1159056     -0.81116749
           0.13            -0.1          -0.072               0               0               0     -0.81171311
           0.13          -0.092          -0.072     -0.68614969     0.038612716     -0.10930864     -0.81042485
           0.13          -0.088          -0.072      -0.7094622     0.062618204    -0.097176985      -0.8102912
           0.13          -0.084          -0.072     -0.71816514     0.085776168    -0.084850673     -0.81094215
           0.13           -0.08          -0.072     -0.71267458      0.10713852    -0.074576121     -0.81248803
           0.13          -0.076          -0.072     -0.69350466      0.12587989     -0.06696374     -0.81467385
           0.13          -0.072          -0.072       -0.662287      0.14152615    -0.061657515     -0.81725249
           0.13          -0.068          -0.072     -0.62143499      0.15356614    -0.057585199     -0.81992721
           0.13          -0.064          -0.072      -0.5738122      0.16134723    -0.053338364     -0.82240931
           0.13           -0.06          -0.072     -0.52241609       0.1641659    -0.047644482     -0.82443677
           0.13          -0.056          -0.072     -0.46975372      0.16168633    -0.039690919     -0.82581393
           0.13          -0.052          -0.072     -0.41760384      0.15417117     -0.02916261     -0.82650522
           0.13          -0.048          -0.072     -0.36713631      0.14239081    -0.016137976      -0.8266126
           0.13          -0.044          -0.072     -0.31880759      0.12746894   -0.0010771696     -0.82628678
           0.13           -0.04          -0.072     -0.27255096      0.11070976     0.015216494     -0.82571371
           0.13          -0.036          -0.072     -0.22786277     0.093437362     0.031692222     -0.82505585
           0.13          -0.032          -0.072     -0.18353158     0.076893055     0.047294552     -0.82439629
           0.13          -0.028          -0.072     -0.13753152     0.062158198     0.061231543     -0.82378049
           0.13          -0.024          -0.072    -0.086988194     0.050082048     0.073163747     -0.82326592
           0.13           -0.02          -0.072    -0.028106737     0.041348379     0.083341632     -0.82276065
           0.13          -0.016          -0.072     0.043943461     0.037188503     0.092384226     -0.82158483
           0.13          -0.012          -0.072      0.13267823     0.039816115     0.099819625     -0.81896402
           0.13          -0.008          -0.072      0.23184126     0.050274558      0.10289752     -0.81505116
           0.13          -0.004          -0.072      0.32477951     0.065340699     0.099165661     -0.80996978
           0.13               0          -0.072      0.39530173     0.079599876     0.088703863     -0.80321307
           0.13           0.004          -0.072      0.43422082     0.090033613     0.073301627     -0.79491294
           0.13           0.008          -0.072      0.44082416     0.096671194     0.055229406     -0.78604965
           0.13           0.012          -0.072      0.42159902      0.10091653     0.036385712     -0.77773924
           0.13           0.016          -0.072      0.38642691      0.10411916     0.018370547     -0.77079106
           0.13            0.02          -0.072      0.34450866      0.10738751    0.0030577654     -0.76552419
           0.13           0.024          -0.072      0.30044712      0.11185241   -0.0071324899     -0.76196507
           0.13           0.028          -0.072      0.25330443      0.11832445   -0.0098830488     -0.76007512
           0.13           0.032          -0.072      0.19976468      0.12672778   -0.0040035472     -0.75974261
           0.13           0.036          -0.072      0.13775154      0.13579541    0.0098599041     -0.76082739
           0.13            0.04          -0.072     0.067869043       0.1434278     0.029073982     -0.76315534
           0.13           0.044          -0.072   -0.0085092867      0.14757677     0.049665775      -0.7663803
           0.13           0.048          -0.072    -0.091013047      0.14708526     0.068044364     -0.77000855
           0.13           0.052          -0.072     -0.17992224      0.14194557     0.082400945     -0.77357669
           0.13           0.056          -0.072     -0.27530162      0.13296227     0.092684581     -0.77683645
           0.13            0.06          -0.072     -0.37557255      0.12130015     0.099894689     -0.77982622
           0.13           0.064          -0.072     -0.47649883       0.1079617      0.10518152     -0.78276824
           0.13           0.068          -0.072     -0.57198623     0.093443981      0.10896675     -0.78581251
           0.13           0.072          -0.072     -0.65677743     0.078086196      0.11059308     -0.78876048
           0.13           0.076          -0.072     -0.72927062     0.062141301      0.10880579     -0.79125807
           0.13            0.08          -0.072     -0.79019078     0.045857397      0.10285959     -0.79322808
           0.13           0.084          -0.072     -0.83950702     0.030009464     0.093119584     -0.79472025
           0.13           0.088          -0.072     -0.87565738     0.015774336     0.080817629     -0.79580986
           0.13           0.092          -0.072     -0.89160761    0.0046410812     0.067895706     -0.79671229
           0.13           0.096          -0.072     -0.85386583   -0.0014289769      0.05666206      -0.7974225
           0.13             0.1          -0.072               0               0               0      -0.7976971
           0.13          -0.096          -0.068     -0.53741205     0.013117463     -0.12574108     -0.81259586
           0.13            -0.1          -0.068               0               0               0     -0.81308747
           0.13          -0.092          -0.068     -0.57309305     0.033344646     -0.12320305     -0.81188562
           0.13          -0.088          -0.068     -0.59219743     0.057315324      -0.1133879     -0.81169471
           0.13          -0.084          -0.068     -0.60306732     0.082281493      -0.1023036     -0.81233206
           0.13           -0.08          -0.068      -0.6030628      0.10680827    -0.092356755     -0.81401038
           0.13          -0.076          -0.068     -0.59080963      0.12912519    -0.084229685     -0.81652389
           0.13          -0.072          -0.068     -0.56666492      0.14796343     -0.07764104     -0.81962163
           0.13          -0.068          -0.068     -0.53244987      0.16219244    -0.071533386     -0.82295884
           0.13          -0.064          -0.068     -0.49108077       0.1708264    -0.064458868     -0.82619496
           0.13           -0.06          -0.068     -0.44578183      0.17312473    -0.055235965      -0.8289857
           0.13          -0.056          -0.068     -0.39890041      0.16892831     -0.04337873     -0.83098638
           0.13          -0.052          -0.068     -0.35178919      0.15883975    -0.028965355     -0.83208375
           0.13          -0.048          -0.068     -0.30521162      0.14401469    -0.012383738      -0.8324054
           0.13          -0.044          -0.068     -0.25935377      0.12589202    0.0056890377     -0.83213446
           0.13           -0.04          -0.068     -0.21415621      0.10604462     0.024281007     -0.83148706
           0.13          -0.036          -0.068     -0.16916313     0.086011269     0.042287121     -0.83060419
           0.13          -0.032          -0.068     -0.12316469     0.067173849     0.058754339     -0.82952479
           0.13          -0.028          -0.068    -0.074284326     0.050689831     0.073075528     -0.82828617
           0.13          -0.024          -0.068    -0.019889755     0.037474681     0.085118084     -0.82689531
           0.13           -0.02          -0.068     0.043433089     0.028477844     0.095306945     -0.82518266
           0.13          -0.016          -0.068      0.11929427     0.025254922      0.10389699     -0.82263024
           0.13          -0.012          -0.068      0.20747324     0.029840639      0.10976128     -0.81893151
           0.13          -0.008          -0.068      0.29874004     0.042241033      0.11028323     -0.81430799
           0.13          -0.004          -0.068      0.37919729     0.058640999      0.10366955     -0.80867076
           0.13   3.6346636e-19          -0.068      0.43725619      0.07407797     0.090551599     -0.80172326
           0.13           0.004          -0.068      0.46668433     0.085726823      0.07293757     -0.79373609
           0.13           0.008          -0.068      0.46873099      0.09333172     0.052984929     -0.78548247
           0.13           0.012          -0.068      0.45073831     0.097962221     0.032416389     -0.77780772
           0.13           0.016          -0.068      0.42277086      0.10082176     0.012711977     -0.77132645
           0.13            0.02          -0.068      0.39260045      0.10311862   -0.0043716878     -0.76636123
           0.13           0.024          -0.068      0.36132825      0.10651813    -0.016570615     -0.76305566
           0.13           0.028          -0.068      0.32456277      0.11269882    -0.021342679     -0.76149876
           0.13           0.032          -0.068      0.27686624      0.12197463    -0.016734049     -0.76173528
           0.13           0.036          -0.068      0.21536613       0.1328483   -0.0027051305     -0.76362315
           0.13            0.04          -0.068      0.14173779      0.14273119     0.018444387     -0.76693739
           0.13           0.044          -0.068     0.060100125      0.14907727     0.042711391      -0.7712281
           0.13           0.048          -0.068    -0.027009023      0.15041784     0.066017644     -0.77574612
           0.13           0.052          -0.068     -0.11920245       0.1466574     0.085786804     -0.77985318
           0.13           0.056          -0.068     -0.21655049      0.13868119      0.10112165     -0.78325449
           0.13            0.06          -0.068     -0.31798067      0.12773091       0.1122227     -0.78605844
           0.13           0.064          -0.068     -0.41985783      0.11488823      0.11970893     -0.78863413
           0.13           0.068          -0.068     -0.51620583      0.10074036      0.12401986      -0.7913084
           0.13           0.072          -0.068     -0.60121333     0.085598042      0.12503173     -0.79403752
           0.13           0.076          -0.068     -0.67243612     0.069717366      0.12215723     -0.79641633
           0.13            0.08          -0.068     -0.73027416     0.053261038      0.11488731     -0.79819511
           0.13           0.084          -0.068      -0.7746628     0.036738208       0.1032958      -0.7994177
           0.13           0.088          -0.068     -0.80365877     0.021132783     0.087995273     -0.80021526
           0.13           0.092          -0.068     -0.81023066     0.007810115      0.07031537     -0.80084958
           0.13           0.096          -0.068      -0.7642959    -0.000572621     0.052741201     -0.80129993
           0.13             0.1          -0.068               0               0               0     -0.80143154
           0.13          -0.096          -0.064     -0.44116766     0.010875926     -0.13152553     -0.81357286
           0.13            -0.1          -0.064               0               0               0     -0.81404171
           0.13          -0.092          -0.064     -0.45651598     0.029514907     -0.13316983     -0.81287665
           0.13          -0.088          -0.064     -0.46633622     0.053039507     -0.12649963     -0.81266224
           0.13          -0.084          -0.064     -0.47407967     0.078987518     -0.11776599     -0.81334226
           0.13           -0.08          -0.064     -0.47531595      0.10558847     -0.10903991     -0.81523325
           0.13          -0.076          -0.064     -0.46726511      0.13032474     -0.10089184     -0.81817645
           0.13          -0.072          -0.064     -0.44918151      0.15117874    -0.093000541     -0.82192616
           0.13          -0.068          -0.064     -0.42216757       0.1662762    -0.084411627     -0.82609794
           0.13          -0.064          -0.064     -0.38861047      0.17427089    -0.073944601     -0.83028905
           0.13           -0.06          -0.064     -0.35111428      0.17463304    -0.060739246     -0.83403547
           0.13          -0.056          -0.064     -0.31146886      0.16760398    -0.044706374     -0.83678825
           0.13          -0.052          -0.064     -0.27054833      0.15417504    -0.026309877     -0.83832947
           0.13          -0.048          -0.064     -0.22860037      0.13588964   -0.0062234761     -0.83883677
           0.13          -0.044          -0.064     -0.18560431       0.1144966     0.014611773     -0.83856035
           0.13           -0.04          -0.064      -0.1414308     0.091818807     0.035026906      -0.8377341
           0.13          -0.036          -0.064    -0.095434139     0.069528935     0.053911167     -0.83645271
           0.13          -0.032          -0.064    -0.046179491      0.04908309     0.070522954     -0.83467801
           0.13          -0.028          -0.064    0.0083186243     0.031743092     0.084602485     -0.83241541
           0.13          -0.024          -0.064     0.070484458      0.01855563     0.096090731     -0.82972281
           0.13           -0.02          -0.064      0.14276718      0.01092332      0.10515888     -0.82658634
           0.13          -0.016          -0.064      0.22546533     0.011001551      0.11147008     -0.82277682
           0.13          -0.012          -0.064      0.31273284     0.020183437      0.11376071     -0.81822087
           0.13          -0.008          -0.064      0.39405447     0.036673325      0.11043753     -0.81296566
           0.13          -0.004          -0.064      0.46038154     0.056014867      0.10067571     -0.80687804
           0.13  -3.6346636e-19          -0.064      0.50542289     0.073705051     0.085461694     -0.79994486
           0.13           0.004          -0.064      0.52676077     0.087043788     0.066658616     -0.79241946
           0.13           0.008          -0.064      0.52764333     0.095577172     0.046004347     -0.78483463
           0.13           0.012          -0.064      0.51524529     0.099990113     0.025059737     -0.77780583
           0.13           0.016          -0.064      0.49766194      0.10114808    0.0052031804     -0.77183072
           0.13            0.02          -0.064      0.47925571      0.10040911    -0.012542412      -0.7672818
           0.13           0.024          -0.064        0.458486      0.10052954    -0.026747272     -0.76438925
           0.13           0.028          -0.064       0.4295654      0.10470516    -0.034536592       -0.763327
           0.13           0.032          -0.064      0.38520855      0.11371172    -0.032460911     -0.76437736
           0.13           0.036          -0.064      0.32144046      0.12542209    -0.019287122     -0.76733672
           0.13            0.04          -0.064      0.24015641      0.13684361    0.0030707284      -0.7716473
           0.13           0.044          -0.064      0.14799643      0.14517194     0.030488598      -0.7768927
           0.13           0.048          -0.064     0.051129001      0.14853842     0.058284389     -0.78234685
           0.13           0.052          -0.064    -0.048371722      0.14661208     0.083167375     -0.78716374
           0.13           0.056          -0.064     -0.15028021      0.14024512      0.10353255     -0.79089798
           0.13            0.06          -0.064      -0.2538792      0.13077599       0.1189222     -0.79361716
           0.13           0.064          -0.064     -0.35644347       0.1193379      0.12941972     -0.79577891
           0.13           0.068          -0.064     -0.45289243      0.10653834      0.13524296     -0.79788858
           0.13           0.072          -0.064      -0.5377586     0.092605621      0.13650124     -0.80008919
           0.13           0.076          -0.064     -0.60800325     0.077731704      0.13313044     -0.80205692
           0.13            0.08          -0.064     -0.66315245     0.062031485      0.12501511      -0.8034809
           0.13           0.084          -0.064     -0.70274644     0.045767178      0.11218516      -0.8043604
           0.13           0.088          -0.064     -0.72461537     0.029593456     0.094755561     -0.80477869
           0.13           0.092          -0.064     -0.72224797     0.014246009     0.073121587     -0.80498943
           0.13           0.096          -0.064     -0.66943623    0.0025594671     0.048713656     -0.80495898
           0.13             0.1          -0.064               0               0               0     -0.80481805
           0.13          -0.096           -0.06     -0.34544937       0.0112311      -0.1338654     -0.81406049
           0.13            -0.1           -0.06               0               0               0      -0.8144901
           0.13          -0.092           -0.06     -0.33862629     0.029408657     -0.13933084      -0.8134238
           0.13          -0.088           -0.06     -0.33677225     0.052448005     -0.13601541     -0.81333161
           0.13          -0.084           -0.06     -0.33803258     0.078268549     -0.13000988     -0.81427491
           0.13           -0.08           -0.06      -0.3370304      0.10498424     -0.12295841     -0.81657987
           0.13          -0.076           -0.06     -0.33031176      0.12975891     -0.11517523     -0.82013051
           0.13          -0.072           -0.06      -0.3166871      0.15007301     -0.10615253     -0.82469138
           0.13          -0.068           -0.06      -0.2966987      0.16363482    -0.094990322     -0.82983854
           0.13          -0.064           -0.06      -0.2716995      0.16899412    -0.080922779     -0.83506665
           0.13           -0.06           -0.06     -0.24283568      0.16592905    -0.063613452     -0.83971527
           0.13          -0.056           -0.06     -0.21081928      0.15512018    -0.043436371     -0.84310358
           0.13          -0.052           -0.06     -0.17600575       0.1378861    -0.021231519     -0.84499403
           0.13          -0.048           -0.06     -0.13824103      0.11605987    0.0020125564     -0.84557994
           0.13          -0.044           -0.06    -0.097329156     0.091653887     0.025033427     -0.84516359
           0.13           -0.04           -0.06    -0.052675559     0.066684543     0.046580203      -0.8438765
           0.13          -0.036           -0.06   -0.0028389415     0.042840689     0.065759578     -0.84167057
           0.13          -0.032           -0.06     0.054505837     0.021550528      0.08202755     -0.83854829
           0.13          -0.028           -0.06      0.12179997    0.0044257309     0.095112099      -0.8347675
           0.13          -0.024           -0.06      0.20040925   -0.0068594416       0.1046029      -0.8306923
           0.13           -0.02           -0.06      0.28927855     -0.01033868      0.11004777     -0.82645663
           0.13          -0.016           -0.06      0.38288494   -0.0035952233      0.11099239      -0.8216981
           0.13          -0.012           -0.06      0.47046278     0.013529264      0.10753787     -0.81628532
           0.13          -0.008           -0.06      0.54271824     0.036917932     0.099633355     -0.81042045
           0.13          -0.004           -0.06      0.59640876     0.061174665     0.087274813     -0.80416234
           0.13               0           -0.06      0.63092001      0.08209264     0.071626172     -0.79755847
           0.13           0.004           -0.06       0.6479598      0.09721754     0.053853896     -0.79065705
           0.13           0.008           -0.06      0.65146595      0.10608115     0.035030652     -0.78375845
           0.13           0.012           -0.06      0.64509114      0.10895868     0.016471544     -0.77736163
           0.13           0.016           -0.06       0.6316618      0.10619707   -0.0010675395     -0.77201837
           0.13            0.02           -0.06       0.6142551     0.099569634    -0.018338268     -0.76812125
           0.13           0.024           -0.06      0.59456668     0.093689142    -0.035186247     -0.76585515
           0.13           0.028           -0.06      0.56786829     0.093904945    -0.047829457     -0.76539815
           0.13           0.032           -0.06      0.52314755      0.10153032    -0.050236073     -0.76735712
           0.13           0.036           -0.06       0.4534855      0.11314665    -0.039358237     -0.77171369
           0.13            0.04           -0.06      0.36120877      0.12493866    -0.016965084      -0.7773981
           0.13           0.044           -0.06      0.25438781      0.13434868     0.012734891     -0.78360403
           0.13           0.048           -0.06      0.14261166      0.13943661     0.044522364     -0.78975375
           0.13           0.052           -0.06     0.031363984      0.13948987     0.074156743     -0.79513025
           0.13           0.056           -0.06    -0.078367752      0.13515023       0.0993024     -0.79918534
           0.13            0.06           -0.06     -0.18608245      0.12772684      0.11896927     -0.80188252
           0.13           0.064           -0.06     -0.28991797      0.11840318      0.13286499     -0.80365696
           0.13           0.068           -0.06     -0.38616829      0.10778877       0.1409563     -0.80511475
           0.13           0.072           -0.06     -0.47047374      0.09604925      0.14333972     -0.80654495
           0.13           0.076           -0.06      -0.5398074     0.083213775      0.14023784     -0.80778096
           0.13            0.08           -0.06        -0.59294     0.069282076      0.13192201     -0.80862586
           0.13           0.084           -0.06     -0.62903231     0.054329777      0.11857599     -0.80906302
           0.13           0.088           -0.06     -0.64616125     0.038679581      0.10014665     -0.80904926
           0.13           0.092           -0.06     -0.63904067     0.022404903     0.076227333     -0.80873265
           0.13           0.096           -0.06     -0.58588786    0.0079955225     0.046022353     -0.80796919
           0.13             0.1           -0.06               0               0               0     -0.80738429
           0.13          -0.096          -0.056     -0.24916578     0.014245741     -0.13401734     -0.81416547
           0.13            -0.1          -0.056               0               0               0     -0.81449118
           0.13          -0.092          -0.056     -0.22335561     0.032919511      -0.1427354     -0.81373651
           0.13          -0.088          -0.056     -0.21168077     0.054869888     -0.14263589     -0.81398536
           0.13          -0.084          -0.056     -0.20663782     0.078858162     -0.13930666     -0.81544598
           0.13           -0.08          -0.056     -0.20235435      0.10312317     -0.13397729     -0.81838872
           0.13          -0.076          -0.056     -0.19523817      0.12495499     -0.12662497      -0.8227307
           0.13          -0.072          -0.056     -0.18403281      0.14176376      -0.1165341     -0.82822625
           0.13          -0.068          -0.056      -0.1688737      0.15132071     -0.10289671     -0.83437604
           0.13          -0.064          -0.056     -0.15013336      0.15237891      -0.0853349     -0.84049083
           0.13           -0.06          -0.056     -0.12767623       0.1449259    -0.064083961     -0.84572818
           0.13          -0.056          -0.056     -0.10119114       0.1298721    -0.040006931     -0.84946251
           0.13          -0.052          -0.056    -0.070340533      0.10878363    -0.014328418     -0.85150359
           0.13          -0.048          -0.056    -0.034523926     0.083735785     0.011581626     -0.85192814
           0.13          -0.044          -0.056    0.0070545401      0.05686703     0.036253313     -0.85092904
           0.13           -0.04          -0.056     0.056362722     0.030166889     0.058508734     -0.84848855
           0.13          -0.036          -0.056      0.11643361     0.005524474     0.077596754      -0.8446968
           0.13          -0.032          -0.056      0.19050157     -0.01525755     0.092813373     -0.83999206
           0.13          -0.028          -0.056      0.28068524    -0.030110327       0.1033066     -0.83491556
           0.13          -0.024          -0.056      0.38615775    -0.036680311      0.10815766     -0.82980274
           0.13           -0.02          -0.056      0.50146344    -0.032462394      0.10692308     -0.82450179
           0.13          -0.016          -0.056      0.61583662    -0.015102661     0.099598504     -0.81843634
           0.13          -0.012          -0.056      0.71326866     0.013694091     0.088483838     -0.81197493
           0.13          -0.008          -0.056      0.78367854     0.046665407     0.076097723     -0.80584904
           0.13          -0.004          -0.056      0.82964622     0.077029322     0.063102188      -0.8000009
           0.13               0          -0.056      0.85725376      0.10109403     0.049957202     -0.79419212
           0.13           0.004          -0.056      0.87171924       0.1170979     0.036565958     -0.78817952
           0.13           0.008          -0.056      0.87532352      0.12488476     0.023111908     -0.78209065
           0.13           0.012          -0.056      0.86496526      0.12451164     0.010307378     -0.77644193
           0.13           0.016          -0.056      0.83744236      0.11581731   -0.0025308641     -0.77196406
           0.13            0.02          -0.056       0.8008784      0.10111335    -0.018619124     -0.76892678
           0.13           0.024          -0.056      0.76820249      0.08715216    -0.039206782     -0.76736852
           0.13           0.028          -0.056      0.73730952     0.081846251    -0.059052751     -0.76743053
           0.13           0.032          -0.056      0.68894535     0.087220967    -0.068261601     -0.77007612
           0.13           0.036          -0.056      0.60894846     0.098022716    -0.061320372     -0.77572375
           0.13            0.04          -0.056      0.50090259      0.10894679    -0.040256534      -0.7830798
           0.13           0.044          -0.056      0.37578292      0.11781496    -0.009675308     -0.79068853
           0.13           0.048          -0.056      0.24524937      0.12339404     0.025029652     -0.79761942
           0.13           0.052          -0.056      0.11806589      0.12489169     0.058832777     -0.80335383
           0.13           0.056          -0.056   -0.0027583579      0.12256787     0.088398296     -0.80750833
           0.13            0.06          -0.056     -0.11681427       0.1174791      0.11216099     -0.81009386
           0.13           0.064          -0.056     -0.22312023      0.11071413      0.12951193     -0.81147676
           0.13           0.068          -0.056     -0.31952573      0.10287455      0.14022841     -0.81223287
           0.13           0.072          -0.056     -0.40314644     0.094038994      0.14437424     -0.81275418
           0.13           0.076          -0.056     -0.47155769     0.084034256      0.14233637     -0.81309634
           0.13            0.08          -0.056     -0.52336959     0.072699562      0.13462647     -0.81323041
           0.13           0.084          -0.056     -0.55771541     0.059940692      0.12161582     -0.81315027
           0.13           0.088          -0.056     -0.57335081     0.045803151      0.10334955      -0.8126867
           0.13           0.092          -0.056     -0.56675257     0.029905808     0.079051316     -0.81180747
           0.13           0.096          -0.056     -0.52109055     0.014132481     0.046096389     -0.81016629
           0.13             0.1          -0.056               0               0               0     -0.80903616
           0.13          -0.096          -0.052     -0.15355798     0.017936667     -0.13323192     -0.81397254
           0.13            -0.1          -0.052               0               0               0     -0.81410075
           0.13          -0.092          -0.052     -0.11657519     0.036784894     -0.14473765     -0.81393326
           0.13          -0.088          -0.052    -0.099962086     0.056395663     -0.14756042     -0.81471104
           0.13          -0.084          -0.052    -0.091283374     0.076617993     -0.14669261     -0.81686833
           0.13           -0.08          -0.052    -0.084297384     0.096088423     -0.14291488     -0.82057325
           0.13          -0.076          -0.052    -0.075533369      0.11262947     -0.13587709     -0.82574291
           0.13          -0.072          -0.052    -0.063767069      0.12394851     -0.12467698     -0.83207767
           0.13          -0.068          -0.052     -0.04897739      0.12813208     -0.10867326     -0.83897673
           0.13          -0.064          -0.052    -0.031224661      0.12410487      -0.0878837     -0.84561429
           0.13           -0.06          -0.052    -0.010075512      0.11188261    -0.062977818     -0.85113977
           0.13          -0.056          -0.052     0.015267374     0.092508427     -0.03527572     -0.85500623
           0.13          -0.052          -0.052     0.046103484     0.067794166    -0.006459491     -0.85693342
           0.13          -0.048          -0.052     0.084053468     0.040071494      0.02174421     -0.85678255
           0.13          -0.044          -0.052      0.13122691     0.011631831     0.047689654     -0.85465448
           0.13           -0.04          -0.052      0.19093178    -0.015411474      0.07008955      -0.8507487
           0.13          -0.036          -0.052      0.26740297    -0.038901867     0.088088556      -0.8455146
           0.13          -0.032          -0.052      0.36470194     -0.05667629      0.10088091     -0.83963362
           0.13          -0.028          -0.052      0.48539248    -0.066461949      0.10735388     -0.83351393
           0.13          -0.024          -0.052      0.62934166    -0.065763514       0.1059625     -0.82716913
           0.13           -0.02          -0.052      0.79035437    -0.051419069     0.095896091     -0.82021167
           0.13          -0.016          -0.052      0.95115055    -0.020234833     0.078527305     -0.81212395
           0.13          -0.012          -0.052        1.079008     0.022724159     0.059922385     -0.80452665
           0.13          -0.008          -0.052       1.1575592     0.065431202     0.045571207     -0.79861963
           0.13          -0.004          -0.052        1.200141      0.10077416     0.035684345     -0.79365315
           0.13               0          -0.052       1.2214141      0.12651759     0.028872166     -0.78906606
           0.13           0.004          -0.052       1.2293394      0.14210511      0.02348432     -0.78429288
           0.13           0.008          -0.052       1.2224268      0.14798099     0.018430072     -0.77938408
           0.13           0.012          -0.052        1.188922      0.14407652     0.013153599      -0.7749509
           0.13           0.016          -0.052       1.1223003      0.12961361    0.0052592099     -0.77175544
           0.13            0.02          -0.052       1.0409823      0.10675019    -0.010560049     -0.76987207
           0.13           0.024          -0.052      0.97722982     0.083797275    -0.036592379     -0.76907751
           0.13           0.028          -0.052      0.93613419      0.07193537    -0.065998283     -0.76934093
           0.13           0.032          -0.052      0.88250581     0.074417683    -0.084131822     -0.77235144
           0.13           0.036          -0.052      0.78784982     0.083555632    -0.082565364     -0.77902045
           0.13            0.04          -0.052      0.65743671     0.092283247    -0.064146978      -0.7877819
           0.13           0.044          -0.052       0.5085706     0.098771703    -0.034287478     -0.79693478
           0.13           0.048          -0.052      0.35570449       0.1028574    0.0015915041     -0.80499646
           0.13           0.052          -0.052      0.20919646      0.10444508     0.038230765     -0.81120739
           0.13           0.056          -0.052     0.074370335      0.10352283     0.071416558      -0.8153521
           0.13            0.06          -0.052    -0.048082288      0.10062063     0.098841891     -0.81766398
           0.13           0.064          -0.052     -0.15823297     0.096514643      0.11945123     -0.81856824
           0.13           0.068          -0.052     -0.25547073     0.091675136      0.13288611     -0.81857654
           0.13           0.072          -0.052     -0.33856493     0.086035683      0.13925268     -0.81817578
           0.13           0.076          -0.052     -0.40613422      0.07925936      0.13899567     -0.81764128
           0.13            0.08          -0.052     -0.45721266     0.071019511      0.13270954     -0.81706611
           0.13           0.084          -0.052        -0.49129     0.061026196      0.12094298     -0.81644845
           0.13           0.088          -0.052      -0.5079414     0.049099492      0.10397321     -0.81553934
           0.13           0.092          -0.052     -0.50532785     0.034577908     0.081086625      -0.8141274
           0.13           0.096          -0.052     -0.47114841     0.018880521     0.049244873     -0.81169458
           0.13             0.1          -0.052               0               0               0      -0.8100906
           0.13          -0.096          -0.048    -0.062046135     0.019584863     -0.13208052     -0.81355888
           0.13            -0.1          -0.048               0               0               0     -0.81345946
           0.13          -0.092          -0.048    -0.022089555     0.036980484     -0.14603424     -0.81398015
           0.13          -0.088          -0.048    -0.005322949     0.052963286     -0.15125391     -0.81533477
           0.13          -0.084          -0.048     0.004268557     0.068193664     -0.15231894     -0.81817168
           0.13           -0.08          -0.048     0.013681416     0.081735703      -0.1497771     -0.82252609
           0.13          -0.076          -0.048     0.026159434     0.092089227     -0.14296741     -0.82826697
           0.13          -0.072          -0.048     0.042631561     0.097320593     -0.13085311      -0.8350452
           0.13          -0.068          -0.048     0.062589041      0.09572399     -0.11281413      -0.8422657
           0.13          -0.064          -0.048      0.08525916     0.086326727    -0.089103321     -0.84915942
           0.13           -0.06          -0.048      0.11062348     0.069266543    -0.060824792     -0.85491631
           0.13          -0.056          -0.048      0.13984565     0.045866221    -0.029847181     -0.85883626
           0.13          -0.052          -0.048      0.17533328     0.018336218    0.0015713103     -0.86040646
           0.13          -0.048          -0.048      0.21976425    -0.010530414     0.031209324     -0.85946284
           0.13          -0.044          -0.048      0.27621471    -0.038239836     0.057330643     -0.85617118
           0.13           -0.04          -0.048      0.34882647    -0.062761537     0.078853502     -0.85095572
           0.13          -0.036          -0.048      0.44281442    -0.082202193     0.095084953     -0.84439472
           0.13          -0.032          -0.048      0.56439996    -0.094693604      0.10541227     -0.83695706
           0.13          -0.028          -0.048      0.72058472     -0.09803607       0.1089043      -0.8288261
           0.13          -0.024          -0.048      0.91806678    -0.089502311      0.10382574      -0.8200609
           0.13           -0.02          -0.048        1.156323    -0.064614476     0.088294649     -0.81019453
           0.13          -0.016          -0.048       1.4037427    -0.018636114      0.06405131     -0.79908013
           0.13          -0.012          -0.048       1.5823399     0.037544344     0.041243393     -0.79043795
           0.13          -0.008          -0.048       1.6664064     0.086833229     0.027934398     -0.78580541
           0.13          -0.004          -0.048       1.6977851       0.1245425     0.023123254     -0.78292458
           0.13               0          -0.048       1.7025022      0.15047937     0.023907245     -0.78066327
           0.13           0.004          -0.048       1.6910537      0.16533837     0.027370686     -0.77813494
           0.13           0.008          -0.048       1.6585603      0.17007153      0.03092475     -0.77532518
           0.13           0.012          -0.048       1.5847998      0.16455481     0.031925942     -0.77293705
           0.13           0.016          -0.048       1.4620759       0.1472858     0.026325279     -0.77161175
           0.13            0.02          -0.048       1.3219417      0.11907372    0.0080324212     -0.77112669
           0.13           0.024          -0.048       1.2160916     0.087827652    -0.025429561     -0.77105899
           0.13           0.028          -0.048        1.161778     0.068557385    -0.066236758     -0.77108459
           0.13           0.032          -0.048       1.1040697     0.067366396      -0.0949671     -0.77405717
           0.13           0.036          -0.048      0.99090356     0.073681505    -0.099899217     -0.78160715
           0.13            0.04          -0.048      0.83115267     0.078539206    -0.085408085     -0.79148499
           0.13           0.044          -0.048       0.6514792     0.080810998    -0.057958243     -0.80188864
           0.13           0.048          -0.048      0.47144504     0.081242287     -0.02304239     -0.81108446
           0.13           0.052          -0.048      0.30239762      0.08093391     0.014360876     -0.81794385
           0.13           0.056          -0.048      0.15075358     0.080102262     0.049763771     -0.82216316
           0.13            0.06          -0.048     0.018059753     0.078656191     0.080014226     -0.82420433
           0.13           0.064          -0.048    -0.097085059     0.076864394      0.10346368     -0.82458548
           0.13           0.068          -0.048     -0.19578916     0.074853532      0.11956837     -0.82384711
           0.13           0.072          -0.048     -0.27859958     0.072376963      0.12842864     -0.82261835
           0.13           0.076          -0.048     -0.34547127     0.068910485      0.13046043     -0.82130293
           0.13            0.08          -0.048     -0.39622965     0.063936735      0.12628251     -0.82007083
           0.13           0.084          -0.048     -0.43095552     0.056981969       0.1165914     -0.81893166
           0.13           0.088          -0.048     -0.44996392     0.047687931      0.10193156     -0.81760155
           0.13           0.092          -0.048     -0.45265262     0.035258885     0.081922924     -0.81574958
           0.13           0.096          -0.048     -0.42991033     0.020865567     0.054072528     -0.81279515
           0.13             0.1          -0.048               0               0               0     -0.81091687
           0.13          -0.096          -0.044     0.021303922     0.017857762     -0.13068946     -0.81306467
           0.13            -0.1          -0.044               0               0               0     -0.81278335
           0.13          -0.092          -0.044      0.05948864     0.031994305     -0.14636877      -0.8138581
           0.13          -0.088          -0.044     0.074618044     0.043439995     -0.15327103     -0.81561242
           0.13          -0.084          -0.044     0.084595033     0.053392544      -0.1556785     -0.81881331
           0.13           -0.08          -0.044     0.097419856     0.061035742     -0.15408861     -0.82339292
           0.13          -0.076          -0.044      0.11637903     0.065257108     -0.14754363     -0.82920425
           0.13          -0.072          -0.044      0.14170677     0.064388828     -0.13474122     -0.83597993
           0.13          -0.068          -0.044       0.1716183     0.056919219     -0.11498736     -0.84326247
           0.13          -0.064          -0.044      0.20415395     0.042198053    -0.088784968      -0.8503315
           0.13           -0.06          -0.044      0.23878494     0.020828241    -0.057815997     -0.85626406
           0.13          -0.056          -0.044      0.27669754   -0.0052316657     -0.02471292     -0.86017523
           0.13          -0.052          -0.044      0.32065194    -0.033214353    0.0076592338     -0.86140904
           0.13          -0.048          -0.044      0.37402317    -0.060210692     0.036943853     -0.85977227
           0.13          -0.044          -0.044       0.4404737    -0.083906577       0.0617434     -0.85547048
           0.13           -0.04          -0.044      0.52472712     -0.10265673     0.081503368     -0.84898878
           0.13          -0.036          -0.044      0.63276954      -0.1149704     0.095909305     -0.84096841
           0.13          -0.032          -0.044      0.77227549     -0.11923563      0.10470403     -0.83185339
           0.13          -0.028          -0.044       0.9531284     -0.11334376      0.10742669     -0.82192269
           0.13          -0.024          -0.044       1.1863804    -0.094441695      0.10284507     -0.81160383
           0.13           -0.02          -0.044        1.477041     -0.05753656     0.088241109     -0.80036021
           0.13          -0.016          -0.044       1.7903134   -0.0024807593     0.061319883     -0.78906336
           0.13          -0.012          -0.044       2.0201695     0.055710385     0.033699097     -0.78122006
           0.13          -0.008          -0.044       2.1227942      0.10433406     0.019663497     -0.77748407
           0.13          -0.004          -0.044        2.149501      0.14190376     0.018891484     -0.77598327
           0.13               0          -0.044       2.1369449      0.16791496     0.026489052     -0.77530767
           0.13           0.004          -0.044       2.1027986      0.18304017     0.038060155     -0.77446146
           0.13           0.008          -0.044       2.0454069      0.18828535     0.049726013     -0.77327146
           0.13           0.012          -0.044        1.943415      0.18393834     0.056926245     -0.77233481
           0.13           0.016          -0.044        1.785382      0.16822947     0.053974424      -0.7722991
           0.13            0.02          -0.044       1.6067824      0.14021411     0.034612465     -0.77263632
           0.13           0.024          -0.044        1.469329        0.103871   -0.0048447542     -0.77318253
           0.13           0.028          -0.044       1.4083344     0.076354438     -0.05707581      -0.7728233
           0.13           0.032          -0.044       1.3518799     0.069631693    -0.097275917     -0.77519737
           0.13           0.036          -0.044       1.2170437     0.071365894     -0.10980069     -0.78334658
           0.13            0.04          -0.044       1.0211145     0.070464971     -0.10060548     -0.79414964
           0.13           0.044          -0.044       0.8037559     0.066722336    -0.077393327     -0.80555201
           0.13           0.048          -0.044      0.59096367     0.061579895     -0.04569708     -0.81565141
           0.13           0.052          -0.044      0.39574972     0.057169582   -0.0099752283     -0.82310408
           0.13           0.056          -0.044      0.22470077     0.054580617     0.025613622     -0.82747451
           0.13            0.06          -0.044     0.080051346     0.053507907     0.057388001     -0.82934793
           0.13           0.064          -0.044    -0.040919257     0.053357504     0.082971474     -0.82929202
           0.13           0.068          -0.044     -0.14158201     0.053714451      0.10146875     -0.82793109
           0.13           0.072          -0.044     -0.22430977     0.054099034      0.11284875     -0.82602745
           0.13           0.076          -0.044     -0.29060726     0.053738492      0.11744962     -0.82406288
           0.13            0.08          -0.044     -0.34129117     0.051922539      0.11586377     -0.82225765
           0.13           0.084          -0.044     -0.37710999     0.048026973       0.1088825       -0.820641
           0.13           0.088          -0.044     -0.39896142     0.041576507     0.097280801     -0.81893854
           0.13           0.092          -0.044     -0.40703574     0.031772109     0.081089562     -0.81679198
           0.13           0.096          -0.044     -0.39426621       0.0196617     0.058694944     -0.81369736
           0.13             0.1          -0.044               0               0               0      -0.8118152
           0.13          -0.096           -0.04     0.094682476     0.013679055      -0.1286271     -0.81248737
           0.13            -0.1           -0.04               0               0               0     -0.81208051
           0.13          -0.092           -0.04      0.13069588       0.0235573     -0.14494224     -0.81349633
           0.13          -0.088           -0.04      0.14464901     0.030004495     -0.15272497     -0.81535427
           0.13          -0.084           -0.04      0.15594624     0.034663172     -0.15596589     -0.81847766
           0.13           -0.08           -0.04      0.17365048     0.036638733     -0.15500909     -0.82277843
           0.13          -0.076           -0.04      0.20153149     0.034883588     -0.14862018     -0.82820562
           0.13          -0.072           -0.04       0.2391137     0.027989665     -0.13521495     -0.83465562
           0.13          -0.068           -0.04      0.28317489     0.014909821     -0.11426867     -0.84176672
           0.13          -0.064           -0.04      0.33035984     -0.00427565    -0.086892838     -0.84879387
           0.13           -0.06           -0.04      0.37929247     -0.02815171    -0.055389171     -0.85469466
           0.13          -0.056           -0.04      0.43071691    -0.054166878    -0.022729196     -0.85850839
           0.13          -0.052           -0.04      0.48693722    -0.079344903    0.0081681881     -0.85953503
           0.13          -0.048           -0.04      0.55157085     -0.10112723     0.035235387     -0.85743186
           0.13          -0.044           -0.04      0.62871382      -0.1175542     0.057364098      -0.8523818
           0.13           -0.04           -0.04      0.72277348      -0.1270769      0.07413132     -0.84502648
           0.13          -0.036           -0.04      0.83888685     -0.12830839     0.085375844     -0.83614255
           0.13          -0.032           -0.04      0.98302233     -0.11966984     0.091027467     -0.82639073
           0.13          -0.028           -0.04       1.1618461    -0.099151652     0.090640217     -0.81646278
           0.13          -0.024           -0.04       1.3820492    -0.063699853       0.0829009     -0.80709085
           0.13           -0.02           -0.04       1.6372975    -0.011030319     0.065480373     -0.79827829
           0.13          -0.016           -0.04        1.893683     0.048016277     0.037971841     -0.79073573
           0.13          -0.012           -0.04         2.10336     0.097674248     0.012532409     -0.78443683
           0.13          -0.008           -0.04       2.2495963      0.13716262    0.0018846886     -0.77952765
           0.13          -0.004           -0.04       2.3335405      0.16887006    0.0058754255     -0.77692778
           0.13               0           -0.04       2.3555589      0.19111215     0.020196596      -0.7757734
           0.13           0.004           -0.04       2.3323612      0.20387138     0.039724105     -0.77500117
           0.13           0.008           -0.04       2.2766953      0.20795488     0.059631394     -0.77412019
           0.13           0.012           -0.04       2.1804191      0.20431991     0.074543801     -0.77341531
           0.13           0.016           -0.04       2.0310566      0.19167231     0.077729732     -0.77356074
           0.13            0.02           -0.04       1.8535625      0.16795794     0.062993816      -0.7739916
           0.13           0.024           -0.04        1.712443      0.13197828     0.024697153      -0.7746288
           0.13           0.028           -0.04       1.6641773     0.098056148    -0.034199364     -0.77367935
           0.13           0.032           -0.04       1.6183279     0.083306467    -0.085856927      -0.7753542
           0.13           0.036           -0.04       1.4610298     0.077718793     -0.10808655     -0.78383463
           0.13            0.04           -0.04       1.2235782     0.069165778     -0.10625998     -0.79541673
           0.13           0.044           -0.04      0.96296886     0.057952094    -0.089433602     -0.80772254
           0.13           0.048           -0.04      0.71236319     0.045781904      -0.0631976     -0.81859999
           0.13           0.052           -0.04      0.48738382     0.035447163    -0.031690443      -0.8265353
           0.13           0.056           -0.04      0.29481698     0.029232104    0.0016104278     -0.83100271
           0.13            0.06           -0.04      0.13699715     0.027229516     0.033140352     -0.83272675
           0.13           0.064           -0.04     0.009761064     0.027892895     0.059821675     -0.83241416
           0.13           0.068           -0.04    -0.093037622     0.029998968     0.080168443     -0.83068189
           0.13           0.072           -0.04     -0.17581215     0.032716087     0.093849671     -0.82832914
           0.13           0.076           -0.04     -0.24166415     0.035022897      0.10105767     -0.82590739
           0.13            0.08           -0.04     -0.29244864     0.036029432      0.10229503     -0.82365961
           0.13           0.084           -0.04     -0.32955839     0.035013753     0.098373207     -0.82164471
           0.13           0.088           -0.04     -0.35432616     0.031458033      0.09021257     -0.81964867
           0.13           0.092           -0.04     -0.36742534     0.024685611     0.078191204     -0.81738553
           0.13           0.096           -0.04     -0.36308681     0.015675676      0.06147971     -0.81452945
           0.13             0.1           -0.04               0               0               0     -0.81289312
           0.13          -0.096          -0.036      0.16076792    0.0089668621     -0.12487284     -0.81173026
           0.13            -0.1          -0.036               0               0               0     -0.81125466
           0.13          -0.092          -0.036      0.19554108     0.014415277     -0.14091365     -0.81280536
           0.13          -0.088          -0.036      0.20870621     0.015884278     -0.14878568     -0.81451177
           0.13          -0.084          -0.036      0.22179534     0.015318755     -0.15222169     -0.81720915
           0.13           -0.08          -0.036      0.24528064     0.011762784     -0.15138665     -0.82086432
           0.13          -0.076          -0.036      0.28383546    0.0042217572     -0.14494817     -0.82556765
           0.13          -0.072          -0.036       0.3364269   -0.0082496299      -0.1314569     -0.83136411
           0.13          -0.068          -0.036      0.39849315    -0.025937027     -0.11087457     -0.83792119
           0.13          -0.064          -0.036      0.46550159    -0.047853301    -0.084827466     -0.84448996
           0.13           -0.06          -0.036      0.53500615    -0.071793117    -0.055887585     -0.85005287
           0.13          -0.056          -0.036      0.60675544    -0.094934207     -0.02678983     -0.85366484
           0.13          -0.052          -0.036      0.68178705     -0.11444228   5.2614651e-05     -0.85460922
           0.13          -0.048          -0.036      0.76265399      -0.1280272     0.022923932     -0.85247053
           0.13          -0.044          -0.036      0.85315224     -0.13398546     0.040698467     -0.84732533
           0.13           -0.04          -0.036      0.95714071     -0.13088627     0.052692648     -0.83987074
           0.13          -0.036          -0.036       1.0783741     -0.11743091     0.058479401     -0.83110454
           0.13          -0.032          -0.036       1.2205069    -0.092278998     0.057569327     -0.82202223
           0.13          -0.028          -0.036        1.387772    -0.053561178     0.048913934     -0.81329202
           0.13          -0.024          -0.036       1.5768563  -0.00024787709     0.032260884     -0.80532861
           0.13           -0.02          -0.036       1.7624724     0.062718068    0.0098118527      -0.7986082
           0.13          -0.016          -0.036       1.9137581      0.12014277    -0.011250936     -0.79318873
           0.13          -0.012          -0.036       2.0425503      0.16141238     -0.02087573     -0.78781558
           0.13          -0.008          -0.036       2.1799278      0.19108146    -0.017310486     -0.78271259
           0.13          -0.004          -0.036       2.3091841      0.21365804   -0.0046851009      -0.7794017
           0.13  -3.6346636e-19          -0.036       2.3889257      0.22829703     0.015031413     -0.77772279
           0.13           0.004          -0.036       2.4070499      0.23459156     0.039560196      -0.7767912
           0.13           0.008          -0.036       2.3764842      0.23356317     0.064928853     -0.77596731
           0.13           0.012          -0.036       2.3044317      0.22692415     0.085795975     -0.77521199
           0.13           0.016          -0.036       2.1861779      0.21451314     0.095272675      -0.7750442
           0.13            0.02          -0.036       2.0349515      0.19423935     0.087539552     -0.77514315
           0.13           0.024          -0.036       1.9112981      0.16265776     0.056216011     -0.77522876
           0.13           0.028          -0.036       1.8947275      0.12850405  -2.7507361e-05     -0.77377373
           0.13           0.032          -0.036       1.8785541      0.10610462    -0.057809972     -0.77485394
           0.13           0.036          -0.036       1.7094841     0.090513314    -0.091066936     -0.78298218
           0.13            0.04          -0.036        1.430694     0.073246162    -0.099375025      -0.7951432
           0.13           0.044          -0.036       1.1242476      0.05408736    -0.091495718     -0.80829144
           0.13           0.048          -0.036      0.83273355     0.034310862    -0.073078373     -0.81993754
           0.13           0.052          -0.036      0.57530397     0.017104772    -0.048168068     -0.82819001
           0.13           0.056          -0.036      0.35991032    0.0059624746    -0.019585269       -0.832549
           0.13            0.06          -0.036       0.1888015    0.0017550161    0.0096846412     -0.83416596
           0.13           0.064          -0.036     0.055556862     0.002355769     0.036137588     -0.83382511
           0.13           0.068          -0.036    -0.049201419    0.0055096175     0.057536171     -0.83200919
           0.13           0.072          -0.036     -0.13215559     0.009886362     0.073074659     -0.82948072
           0.13           0.076          -0.036     -0.19778201     0.014278145      0.08267434     -0.82683184
           0.13            0.08          -0.036     -0.24889978     0.017637801     0.086668528     -0.82431382
           0.13           0.084          -0.036     -0.28747699     0.019200692     0.085811027     -0.82202162
           0.13           0.088          -0.036     -0.31517603     0.018479745     0.081058709     -0.81984406
           0.13           0.092          -0.036     -0.33298246     0.015003083     0.072975433     -0.81764309
           0.13           0.096          -0.036     -0.33586267    0.0097277317     0.061245044     -0.81528093
           0.13             0.1          -0.036               0               0               0     -0.81402909
           0.13          -0.096          -0.032      0.22334085    0.0052205111     -0.11905922      -0.8107967
           0.13            -0.1          -0.032               0               0               0      -0.8103625
           0.13          -0.092          -0.032      0.25689195    0.0067259414     -0.13398677     -0.81177486
           0.13          -0.088          -0.032       0.2690442    0.0037996785     -0.14120183      -0.8131707
           0.13          -0.084          -0.032      0.28344319   -0.0015295809      -0.1441031      -0.8152346
           0.13           -0.08          -0.032      0.31229202    -0.010106681     -0.14286283     -0.81803157
           0.13          -0.076          -0.032      0.36164476    -0.022769057     -0.13642561     -0.82173767
           0.13          -0.072          -0.032      0.43069599    -0.039801924     -0.12383042     -0.82650277
           0.13          -0.068          -0.032      0.51423878    -0.060659425     -0.10559286     -0.83205619
           0.13          -0.064          -0.032      0.60702325    -0.083597664    -0.083547789     -0.83772021
           0.13           -0.06          -0.032      0.70557361     -0.10584494    -0.060135437     -0.84259872
           0.13          -0.056          -0.032       0.8079704     -0.12428032    -0.037690655     -0.84583065
           0.13          -0.052          -0.032       0.9129363     -0.13606288     -0.01796291     -0.84668868
           0.13          -0.048          -0.032       1.0200055     -0.13918728     -0.00195536     -0.84481081
           0.13          -0.044          -0.032       1.1308698     -0.13250356    0.0093954167     -0.84023212
           0.13           -0.04          -0.032       1.2494099     -0.11502991      0.01495928     -0.83351335
           0.13          -0.036          -0.032       1.3800067    -0.085781756     0.013699779     -0.82563668
           0.13          -0.032          -0.032       1.5259065    -0.043672219    0.0048973473     -0.81740714
           0.13          -0.028          -0.032       1.6836021     0.010597206    -0.010953153     -0.80952016
           0.13          -0.024          -0.032       1.8373837      0.07226804    -0.030602768     -0.80274901
           0.13           -0.02          -0.032       1.9637163      0.13251163    -0.048366903     -0.79733428
           0.13          -0.016          -0.032       2.0492417      0.18198828    -0.057173605      -0.7929848
           0.13          -0.012          -0.032       2.1077202      0.21792184    -0.051488262     -0.78915252
           0.13          -0.008          -0.032       2.1721037      0.24349735    -0.032938547     -0.78573571
           0.13          -0.004          -0.032       2.2600568      0.26119247   -0.0081480524     -0.78319547
           0.13               0          -0.032        2.348616       0.2707344     0.018695535     -0.78152163
           0.13           0.004          -0.032       2.4006387      0.27121206      0.04669757     -0.78027515
           0.13           0.008          -0.032       2.4019862      0.26367554     0.074303495     -0.77912703
           0.13           0.012          -0.032        2.356991      0.25090563     0.097596915     -0.77797094
           0.13           0.016          -0.032       2.2691715      0.23460235      0.11055414     -0.77701199
           0.13            0.02          -0.032       2.1479088      0.21360303      0.10784202     -0.77617924
           0.13           0.024          -0.032       2.0487299      0.18502259     0.083097179     -0.77531714
           0.13           0.028          -0.032       2.0691016      0.15512962     0.036470156     -0.77349332
           0.13           0.032          -0.032       2.0995016      0.12959064    -0.016920184     -0.77413156
           0.13           0.036          -0.032       1.9411515      0.10453632    -0.058073068     -0.78140623
           0.13            0.04          -0.032       1.6304397     0.078981357     -0.07876197     -0.79359401
           0.13           0.044          -0.032       1.2801951     0.052864324    -0.082267742     -0.80738233
           0.13           0.048          -0.032      0.94736336     0.026129396    -0.073822042     -0.81976484
           0.13           0.052          -0.032      0.65705608    0.0022067424    -0.057497364     -0.82810464
           0.13           0.056          -0.032      0.41962512    -0.014150143    -0.035612288     -0.83209832
           0.13            0.06          -0.032      0.23658952    -0.021369919    -0.010579529     -0.83374285
           0.13           0.064          -0.032     0.098299774    -0.021722995     0.014049142     -0.83364351
           0.13           0.068          -0.032    -0.008123122    -0.018247633     0.035476937     -0.83203489
           0.13           0.072          -0.032    -0.091368881    -0.012893803     0.052217235     -0.82962441
           0.13           0.076          -0.032     -0.15707361   -0.0070441046     0.063753602     -0.82695495
           0.13            0.08          -0.032      -0.2088755   -0.0018318628     0.070164126     -0.82431288
           0.13           0.084          -0.032     -0.24920877    0.0019759033     0.072054589     -0.82185956
           0.13           0.088          -0.032     -0.28001007    0.0039555611     0.070300699      -0.8196153
           0.13           0.092          -0.032      -0.3025126    0.0038956435     0.065449805     -0.81759619
           0.13           0.096          -0.032     -0.31200175    0.0026414403     0.057400746     -0.81584122
           0.13             0.1          -0.032               0               0               0     -0.81502757
           0.13          -0.096          -0.028      0.28458985     0.003657534     -0.11194135     -0.80974487
           0.13            -0.1          -0.028               0               0               0     -0.80949826
           0.13          -0.092          -0.028      0.31680133    0.0022139206     -0.12451467     -0.81046947
           0.13          -0.088          -0.028      0.32700949    -0.003982401     -0.13029968     -0.81150932
           0.13          -0.084          -0.028      0.34090921    -0.013048076     -0.13197518     -0.81288167
           0.13           -0.08          -0.028      0.37256919     -0.02546541     -0.12988449     -0.81475119
           0.13          -0.076          -0.028      0.43017609    -0.041927859     -0.12352771     -0.81730936
           0.13          -0.072          -0.028      0.51476284    -0.062142674     -0.11257973     -0.82076706
           0.13          -0.068          -0.028      0.62188423    -0.084942022    -0.098037038     -0.82494843
           0.13          -0.064          -0.028      0.74608696     -0.10801627     -0.08191924     -0.82933855
           0.13           -0.06          -0.028      0.88296548     -0.12807662    -0.066501785     -0.83318476
           0.13          -0.056          -0.028       1.0287219     -0.14154688    -0.053469921      -0.8356893
           0.13          -0.052          -0.028       1.1786288     -0.14525518    -0.043536198     -0.83610473
           0.13          -0.048          -0.028       1.3262514     -0.13746101    -0.036526189     -0.83423814
           0.13          -0.044          -0.028       1.4674504      -0.1181142    -0.032858117     -0.83020338
           0.13           -0.04          -0.028        1.604925    -0.087127614    -0.034103035      -0.8243761
           0.13          -0.036          -0.028       1.7444655    -0.043855308     -0.04165646     -0.81730486
           0.13          -0.032          -0.028       1.8846571     0.010508024    -0.055145484     -0.80965723
           0.13          -0.028          -0.028        2.012664     0.070630193    -0.071666421     -0.80264915
           0.13          -0.024          -0.028       2.1140431      0.12970812    -0.086756669      -0.7974385
           0.13           -0.02          -0.028        2.180556      0.18261652    -0.096045902     -0.79412458
           0.13          -0.016          -0.028       2.2113699       0.2268248    -0.095563782     -0.79209613
           0.13          -0.012          -0.028        2.215639      0.26234265    -0.081633405     -0.79087316
           0.13          -0.008          -0.028       2.2156528        0.289346    -0.053413182     -0.79007671
           0.13          -0.004          -0.028       2.2404192      0.30691031    -0.015529879     -0.78936379
           0.13               0          -0.028       2.2969518      0.31422775     0.024201275     -0.78829272
           0.13           0.004          -0.028       2.3565096      0.31060224     0.060562301     -0.78659288
           0.13           0.008          -0.028       2.3840019      0.29662768     0.091627958     -0.78444656
           0.13           0.012          -0.028       2.3652041      0.27579376      0.11555788     -0.78214882
           0.13           0.016          -0.028       2.3020081      0.25204311      0.12899055     -0.77975725
           0.13            0.02          -0.028       2.2058638      0.22571359      0.12806293     -0.77733619
           0.13           0.024          -0.028       2.1364109      0.19577517      0.10738415     -0.77494811
           0.13           0.028          -0.028       2.1865975       0.1685935     0.070517264     -0.77248097
           0.13           0.032          -0.028        2.255186      0.14315718      0.02832265     -0.77325996
           0.13           0.036          -0.028       2.1285532       0.1129474    -0.013472576     -0.77992122
           0.13            0.04          -0.028       1.8082554     0.081730965    -0.045884595     -0.79146943
           0.13           0.044          -0.028       1.4219715     0.051061587    -0.062191312     -0.80541375
           0.13           0.048          -0.028       1.0504102       0.0192315    -0.065114565     -0.81822873
           0.13           0.052          -0.028      0.73000171    -0.010125848    -0.058656467     -0.82647227
           0.13           0.056          -0.028      0.47446725    -0.031046362    -0.044751783     -0.83004599
           0.13            0.06          -0.028      0.28244505    -0.041490189    -0.025607064     -0.83182031
           0.13           0.064          -0.028      0.14079831    -0.043496438   -0.0044990534     -0.83214172
           0.13           0.068          -0.028     0.033280585    -0.040336373     0.015676764     -0.83096633
           0.13           0.072          -0.028     -0.05047776    -0.034495279       0.0327674     -0.82891723
           0.13           0.076          -0.028     -0.11673336    -0.027678481     0.045596163     -0.82642579
           0.13            0.08          -0.028     -0.16967261    -0.021022395     0.053879751     -0.82379093
           0.13           0.084          -0.028     -0.21211433     -0.01526657     0.057972071     -0.82127427
           0.13           0.088          -0.028     -0.24628535    -0.010755404     0.058553423     -0.81905281
           0.13           0.092          -0.028     -0.27370978   -0.0073966235     0.056005047     -0.81726841
           0.13           0.096          -0.028     -0.28970259   -0.0045495268     0.050005199     -0.81610777
           0.13             0.1          -0.028               0               0               0     -0.81570928
           0.13          -0.096          -0.024      0.34605091    0.0049002495     -0.10479031     -0.80864254
           0.13            -0.1          -0.024               0               0               0     -0.80864325
           0.13          -0.092          -0.024      0.37692593    0.0020440019     -0.11346953     -0.80905369
           0.13          -0.088          -0.024      0.38367055   -0.0057870017     -0.11699086     -0.80977729
           0.13          -0.084          -0.024      0.39398473    -0.016956905     -0.11685707     -0.81055319
           0.13           -0.08          -0.024      0.42358742    -0.031342334     -0.11345119     -0.81159073
           0.13          -0.076          -0.024      0.48342508    -0.049652845     -0.10687646     -0.81305215
           0.13          -0.072          -0.024      0.57812039    -0.071327949    -0.097508074     -0.81519179
           0.13          -0.068          -0.024      0.70582476    -0.094917427    -0.086863436     -0.81790423
           0.13          -0.064          -0.024      0.86228617     -0.11786106    -0.077265607     -0.82079551
           0.13           -0.06          -0.024       1.0433578     -0.13644539     -0.07091761     -0.82320743
           0.13          -0.056          -0.024       1.2442105     -0.14643076    -0.068716696     -0.82445821
           0.13          -0.052          -0.024        1.455684     -0.14375913    -0.069848382     -0.82388938
           0.13          -0.048          -0.024       1.6590239     -0.12664921    -0.072218151     -0.82160812
           0.13          -0.044          -0.024       1.8348908    -0.097001319    -0.075651659     -0.81785623
           0.13           -0.04          -0.024       1.9819539    -0.055779088    -0.082726942      -0.8125696
           0.13          -0.036          -0.024       2.1072046   -0.0039454578      -0.0947095     -0.80614292
           0.13          -0.032          -0.024       2.2073517     0.053063013     -0.10935751     -0.79971548
           0.13          -0.028          -0.024       2.2781077      0.10948168     -0.12355951     -0.79462646
           0.13          -0.024          -0.024       2.3199655      0.16246364     -0.13459804     -0.79164346
           0.13           -0.02          -0.024       2.3328892      0.21112531     -0.13960022     -0.79079392
           0.13          -0.016          -0.024       2.3184904      0.25594942      -0.1351933     -0.79179899
           0.13          -0.012          -0.024       2.2842121       0.2966813     -0.11663902     -0.79438661
           0.13          -0.008          -0.024       2.2471084      0.33010533    -0.080434773     -0.79758172
           0.13          -0.004          -0.024       2.2309888      0.35113224    -0.029169237     -0.79991901
           0.13               0          -0.024       2.2495352      0.35734555     0.027186205     -0.80007838
           0.13           0.004          -0.024       2.2924468      0.34933516     0.077947555     -0.79772309
           0.13           0.008          -0.024       2.3298985      0.32855937      0.11708092     -0.79364755
           0.13           0.012          -0.024       2.3335405       0.2987733       0.1426234     -0.78891263
           0.13           0.016          -0.024       2.2934624      0.26547559      0.15465463     -0.78396603
           0.13            0.02          -0.024       2.2228838      0.23068732      0.15254321     -0.77920806
           0.13           0.024          -0.024       2.1910984      0.19644546      0.13411112     -0.77485103
           0.13           0.028          -0.024       2.2645995      0.16852239      0.10465359     -0.77172959
           0.13           0.032          -0.024        2.343525      0.14205762     0.072116314     -0.77276678
           0.13           0.036          -0.024       2.2498253      0.11020245     0.034419183     -0.77883985
           0.13            0.04          -0.024       1.9485042       0.0775748   -0.0047490528     -0.78942455
           0.13           0.044          -0.024       1.5413109     0.045815472    -0.033138959     -0.80302463
           0.13           0.048          -0.024       1.1362848     0.011667204    -0.047798527     -0.81576923
           0.13           0.052          -0.024      0.79166318    -0.021126625    -0.051615336     -0.82369044
           0.13           0.056          -0.024      0.52511139    -0.045487067    -0.046254111     -0.82704059
           0.13            0.06          -0.024      0.32923622    -0.058919324    -0.034117251     -0.82890103
           0.13           0.064          -0.024      0.18712335    -0.062838861    -0.018001623     -0.82959171
           0.13           0.068          -0.024     0.079671775    -0.060399182  -0.00052064301     -0.82896205
           0.13           0.072          -0.024   -0.0048772425    -0.054304837     0.015819438     -0.82745489
           0.13           0.076          -0.024    -0.072447482     -0.04663245     0.029146167     -0.82535405
           0.13            0.08          -0.024     -0.12712671    -0.038653461     0.038662568     -0.82289363
           0.13           0.084          -0.024     -0.17204291    -0.031084661     0.044346112     -0.82042261
           0.13           0.088          -0.024     -0.20974017    -0.024171877     0.046508724     -0.81829491
           0.13           0.092          -0.024     -0.24213641     -0.01751791     0.045241272     -0.81677883
           0.13           0.096          -0.024     -0.26438862    -0.010652481     0.039669982     -0.81612582
           0.13             0.1          -0.024               0               0               0     -0.81604963
           0.13          -0.096           -0.02      0.40780642    0.0082579686    -0.098882796     -0.80753524
           0.13            -0.1           -0.02               0               0               0     -0.80771665
           0.13          -0.092           -0.02      0.43813217    0.0062874283     -0.10233381     -0.80770018
           0.13          -0.088           -0.02      0.44039137   -0.0011166246     -0.10274814     -0.80819859
           0.13          -0.084           -0.02      0.44394714    -0.012328983     -0.10043117     -0.80859086
           0.13           -0.08           -0.02      0.46529442    -0.026259807    -0.095334024     -0.80906929
           0.13          -0.076           -0.02      0.51736129    -0.043687283    -0.087961156     -0.80973956
           0.13          -0.072           -0.02      0.60935532    -0.064226898    -0.079325394     -0.81088002
           0.13          -0.068           -0.02      0.74414971    -0.086596683     -0.07141814      -0.8124241
           0.13          -0.064           -0.02      0.92072156     -0.10848334    -0.066982505     -0.81399163
           0.13           -0.06           -0.02       1.1375781     -0.12616636    -0.068539535     -0.81489658
           0.13          -0.056           -0.02       1.3926256     -0.13504887    -0.076671954     -0.81459723
           0.13          -0.052           -0.02       1.6767293     -0.12983938    -0.089086028     -0.81269992
           0.13          -0.048           -0.02       1.9494233     -0.10757509     -0.10081312     -0.80986837
           0.13          -0.044           -0.02       2.1505481    -0.072904644     -0.11109007      -0.8066859
           0.13           -0.04           -0.02       2.2728774    -0.028615914     -0.12397493         -0.8023
           0.13          -0.036           -0.02       2.3468942     0.022086506     -0.13961587      -0.7969432
           0.13          -0.032           -0.02       2.3877624     0.073102137     -0.15488352     -0.79217846
           0.13          -0.028           -0.02       2.4051646      0.12276494      -0.1682904     -0.78910991
           0.13          -0.024           -0.02       2.4039294      0.17106935     -0.17852592     -0.78842117
           0.13           -0.02           -0.02       2.3802617      0.21940061     -0.18340079     -0.79027218
           0.13          -0.016           -0.02       2.3303638        0.269345     -0.17894565     -0.79484039
           0.13          -0.012           -0.02       2.2629214      0.31958138     -0.15759324     -0.80222463
           0.13          -0.008           -0.02       2.2004793      0.36363832     -0.11245416     -0.81089765
           0.13          -0.004           -0.02       2.1671447      0.39237553     -0.04566387     -0.81771685
           0.13  -1.4148722e-46           -0.02       2.1677912      0.39964956     0.029386043     -0.81954599
           0.13           0.004           -0.02       2.1945217      0.38632743      0.09758036      -0.8158287
           0.13           0.008           -0.02       2.2323623      0.35682849      0.14873204     -0.80838832
           0.13           0.012           -0.02       2.2542958      0.31647642      0.17854919     -0.79943288
           0.13           0.016           -0.02       2.2409256      0.27186138      0.18917574      -0.7903865
           0.13            0.02           -0.02       2.2076063      0.22697509      0.18441418     -0.78230255
           0.13           0.024           -0.02       2.2257581      0.18763361      0.16723553     -0.77564313
           0.13           0.028           -0.02       2.3199984        0.157549      0.14269061     -0.77190915
           0.13           0.032           -0.02       2.3853947      0.12863856      0.11420786     -0.77304645
           0.13           0.036           -0.02        2.306855     0.096250499     0.079555141     -0.77841218
           0.13            0.04           -0.02        2.038328      0.06517295      0.03897665     -0.78768484
           0.13           0.044           -0.02       1.6295675     0.035687194    0.0023145365     -0.80051597
           0.13           0.048           -0.02       1.2005979    0.0024348167    -0.023124709     -0.81276994
           0.13           0.052           -0.02       0.8405135    -0.031680656    -0.036920112     -0.82017888
           0.13           0.056           -0.02      0.57207882     -0.05835728    -0.040135687     -0.82356786
           0.13            0.06           -0.02      0.38033205    -0.074271828    -0.035438895     -0.82539318
           0.13           0.064           -0.02       0.2429594    -0.080121771    -0.025186551     -0.82615109
           0.13           0.068           -0.02      0.13803184      -0.0785844    -0.011668501     -0.82594149
           0.13           0.072           -0.02     0.052978283    -0.072191072    0.0025736437     -0.82500944
           0.13           0.076           -0.02    -0.016816799    -0.063216339     0.015325125     -0.82348995
           0.13            0.08           -0.02    -0.074132967    -0.053428536     0.025273021     -0.82152706
           0.13           0.084           -0.02     -0.12190652    -0.043789469     0.031895089     -0.81942534
           0.13           0.088           -0.02     -0.16279715    -0.034501355     0.034925797     -0.81757845
           0.13           0.092           -0.02     -0.19919023     -0.02485782     0.033919165     -0.81638309
           0.13           0.096           -0.02     -0.22607998    -0.014386351     0.027316037     -0.81614825
           0.13             0.1           -0.02               0               0               0     -0.81629957
           0.13          -0.096          -0.016      0.46610569     0.011879364    -0.094777609     -0.80649691
           0.13            -0.1          -0.016               0               0               0     -0.80676464
           0.13          -0.092          -0.016      0.49864862     0.013262857    -0.092548161     -0.80651768
           0.13          -0.088          -0.016      0.49780862    0.0085630921    -0.089262916      -0.8068965
           0.13          -0.084          -0.016      0.49356176  -0.00047571336    -0.084774682     -0.80715571
           0.13           -0.08          -0.016      0.50221256    -0.011540834    -0.078181105     -0.80744681
           0.13          -0.076          -0.016      0.53615663     -0.02501918    -0.069872894     -0.80780269
           0.13          -0.072          -0.016      0.60718979     -0.04086927    -0.061238033     -0.80850478
           0.13          -0.068          -0.016      0.72342919     -0.05839551     -0.05458655      -0.8095676
           0.13          -0.064          -0.016      0.88860226    -0.076193158    -0.052999831     -0.81064694
           0.13           -0.06          -0.016       1.1059276     -0.09156821     -0.05949214     -0.81092399
           0.13          -0.056          -0.016       1.3810883     -0.10109611    -0.074863393     -0.80980229
           0.13          -0.052          -0.016       1.7176886    -0.099050793    -0.096132792     -0.80696472
           0.13          -0.048          -0.016       2.0564881    -0.079273674     -0.11649216     -0.80359502
           0.13          -0.044          -0.016       2.2710962    -0.047394998     -0.13497165     -0.80093645
           0.13           -0.04          -0.016       2.3507704   -0.0085278766     -0.15517408     -0.79760955
           0.13          -0.036          -0.016       2.3782876     0.033683344     -0.17449012     -0.79320302
           0.13          -0.032          -0.016         2.38643     0.075466946     -0.19093935     -0.78969297
           0.13          -0.028          -0.016       2.3839115      0.11811327     -0.20573692     -0.78820902
           0.13          -0.024          -0.016       2.3690551      0.16206927     -0.21845045      -0.7894211
           0.13           -0.02          -0.016       2.3266586      0.21039371     -0.22773596     -0.79403208
           0.13          -0.016          -0.016       2.2451109      0.26533247     -0.22796042     -0.80300042
           0.13          -0.012          -0.016       2.1404251      0.32429081     -0.20694174     -0.81689538
           0.13          -0.008          -0.016       2.0475348      0.37858586     -0.15290507     -0.83340138
           0.13          -0.004          -0.016       1.9986436      0.41737478    -0.066790302     -0.84679887
           0.13  -2.1908653e-45          -0.016       1.9988596      0.42976873     0.032144378      -0.8508288
           0.13           0.004          -0.016       2.0321807      0.41338083      0.12143521     -0.84436656
           0.13           0.008          -0.016       2.0822962      0.37515836      0.18723011     -0.83103106
           0.13           0.012          -0.016       2.1270355      0.32339155      0.22345722     -0.81507594
           0.13           0.016          -0.016       2.1481564      0.26636527      0.23341879      -0.7997463
           0.13            0.02          -0.016       2.1697234      0.21142745      0.22572543     -0.78701018
           0.13           0.024          -0.016       2.2479287      0.16817977       0.2081166      -0.7777039
           0.13           0.028          -0.016       2.3552884      0.13656512      0.18393385     -0.77341987
           0.13           0.032          -0.016       2.3958092      0.10608197       0.1543059     -0.77458737
           0.13           0.036          -0.016       2.3160685     0.074385097      0.11995518     -0.77923307
           0.13            0.04          -0.016       2.0739301     0.046083749     0.080347838     -0.78695904
           0.13           0.044          -0.016       1.6757719     0.020979806     0.040147938     -0.79853674
           0.13           0.048          -0.016       1.2387988   -0.0084026347    0.0069967267     -0.80984436
           0.13           0.052          -0.016      0.87674196    -0.041523294    -0.015343941     -0.81658214
           0.13           0.056          -0.016      0.61653426    -0.069444919    -0.026723317      -0.8199604
           0.13            0.06          -0.016      0.43899036    -0.087273264    -0.028930275     -0.82156201
           0.13           0.064          -0.016      0.31529963    -0.094889945    -0.024356842     -0.82201042
           0.13           0.068          -0.016      0.21930419    -0.094278638    -0.015573104     -0.82179293
           0.13           0.072          -0.016        0.137323    -0.087439019   -0.0048729988     -0.82114475
           0.13           0.076          -0.016     0.065858539    -0.076601656    0.0060146456     -0.82017543
           0.13            0.08          -0.016    0.0045139335    -0.064106627     0.015557266     -0.81902218
           0.13           0.084          -0.016    -0.047291969    -0.051542908     0.022483317     -0.81783277
           0.13           0.088          -0.016    -0.090763301     -0.03944407     0.025579563     -0.81680004
           0.13           0.092          -0.016     -0.12796532     -0.02723451     0.023401124     -0.81622958
           0.13           0.096          -0.016     -0.15555747    -0.014597267     0.013339937     -0.81641939
           0.13             0.1          -0.016               0               0               0     -0.81673185
           0.13          -0.096          -0.012      0.51216343     0.014130406    -0.091441719     -0.80566875
           0.13            -0.1          -0.012               0               0               0     -0.80597182
           0.13          -0.092          -0.012      0.55175028     0.019745571    -0.084614221     -0.80558638
           0.13          -0.088          -0.012      0.55254752     0.019565023    -0.077744871     -0.80587959
           0.13          -0.084          -0.012      0.54371129     0.014624923    -0.071393904     -0.80614264
           0.13           -0.08          -0.012      0.54096625    0.0079828097     -0.06413623     -0.80651674
           0.13          -0.076          -0.012      0.55427861   0.00019989866    -0.055782576     -0.80696214
           0.13          -0.072          -0.012       0.5934904   -0.0086200519    -0.047612607     -0.80767876
           0.13          -0.068          -0.012      0.66859769    -0.018317456    -0.041932755     -0.80874062
           0.13          -0.064          -0.012      0.78813341    -0.028792604    -0.041776333     -0.80995515
           0.13           -0.06          -0.012      0.96187918    -0.039346383    -0.050028605     -0.81051427
           0.13          -0.056          -0.012       1.2050753    -0.049157164    -0.067178293     -0.80970146
           0.13          -0.052          -0.012       1.5383522    -0.052692003    -0.090224307     -0.80696682
           0.13          -0.048          -0.012       1.9028475    -0.039372276     -0.11490242     -0.80325094
           0.13          -0.044          -0.012       2.1331361    -0.014075708     -0.14236137      -0.8004871
           0.13           -0.04          -0.012       2.2135905     0.014299651     -0.17143873     -0.79761687
           0.13          -0.036          -0.012       2.2509615     0.043815561      -0.1957401     -0.79378136
           0.13          -0.032          -0.012       2.2738754     0.073766972     -0.21587118     -0.79109209
           0.13          -0.028          -0.012       2.2855876      0.10575926     -0.23516464      -0.7908805
           0.13          -0.024          -0.012       2.2808848      0.14144044      -0.2545816      -0.7940757
           0.13           -0.02          -0.012       2.2316649      0.18576547     -0.27361305     -0.80198512
           0.13          -0.016          -0.012       2.1198096      0.24065649     -0.28341036     -0.81662326
           0.13          -0.012          -0.012       1.9763911      0.30092256      -0.2661836     -0.83905259
           0.13          -0.008          -0.012       1.8483081       0.3574729     -0.20552331     -0.86606287
           0.13          -0.004          -0.012        1.770905      0.40149546    -0.099137095     -0.88884867
           0.13   3.6346636e-19          -0.012       1.7641265       0.4197118     0.029557817     -0.89650988
           0.13           0.004          -0.012       1.8147531      0.40419592      0.14678448     -0.88602047
           0.13           0.008          -0.012       1.8924171      0.36169999      0.23154521     -0.86360202
           0.13           0.012          -0.012       1.9701118      0.30307568      0.27661333     -0.83717411
           0.13           0.016          -0.012       2.0354799      0.23784968      0.28700294     -0.81291308
           0.13            0.02          -0.012       2.1268286      0.17793144      0.27625482     -0.79402698
           0.13           0.024          -0.012       2.2646106      0.13562618      0.25483893     -0.78169026
           0.13           0.028          -0.012       2.3707356      0.10559931      0.22520634      -0.7767732
           0.13           0.032          -0.012       2.3809275     0.076316191      0.19044109     -0.77757925
           0.13           0.036          -0.012       2.2901114     0.047351401      0.15451196     -0.78143704
           0.13            0.04          -0.012       2.0590211     0.022735156      0.11611643     -0.78797454
           0.13           0.044          -0.012       1.6745827    0.0030444769     0.075471092     -0.79796843
           0.13           0.048          -0.012       1.2480811    -0.020292667     0.038772128     -0.80776162
           0.13           0.052          -0.012      0.90006967    -0.049969481     0.011059384      -0.8136302
           0.13           0.056          -0.012      0.65976885    -0.077435811   -0.0063830081     -0.81657232
           0.13            0.06          -0.012      0.50703767    -0.095908885    -0.013722819      -0.8177165
           0.13           0.064          -0.012      0.40821014     -0.10430114    -0.013163042     -0.81764034
           0.13           0.068          -0.012      0.33366314     -0.10407464   -0.0079117767     -0.81698619
           0.13           0.072          -0.012      0.26645423     -0.09682637  -0.00038643913     -0.81623257
           0.13           0.076          -0.012       0.2008563    -0.084502141    0.0080832749     -0.81559131
           0.13            0.08          -0.012        0.138134    -0.069431459     0.016186824     -0.81517045
           0.13           0.084          -0.012     0.081938757    -0.053593517     0.022501721     -0.81499586
           0.13           0.088          -0.012     0.035572819    -0.038252969     0.025519286     -0.81509263
           0.13           0.092          -0.012    0.0015293605    -0.023988873     0.023350988     -0.81546615
           0.13           0.096          -0.012      -0.0168663    -0.011304895     0.013753964     -0.81606866
           0.13             0.1          -0.012               0               0               0      -0.8164185
           0.13          -0.096          -0.008      0.53539252      0.01391098    -0.086558601     -0.80517738
           0.13            -0.1          -0.008               0               0               0     -0.80549862
           0.13          -0.092          -0.008      0.58609517     0.022645173    -0.077598589     -0.80497563
           0.13          -0.088          -0.008      0.59459987      0.02753973    -0.068300355     -0.80512651
           0.13          -0.084          -0.008       0.5879512      0.02798099    -0.060529306      -0.8053556
           0.13           -0.08          -0.008      0.58064179     0.026433354    -0.053224914     -0.80582977
           0.13          -0.076          -0.008      0.58099436     0.024125626    -0.045746739     -0.80647633
           0.13          -0.072          -0.008      0.59543179     0.021662066    -0.038967818     -0.80735528
           0.13          -0.068          -0.008      0.63127618     0.019160907    -0.034833227     -0.80848701
           0.13          -0.064          -0.008      0.69763512     0.015926687    -0.035827171     -0.80979617
           0.13           -0.06          -0.008      0.80872199     0.011091407     -0.04387971     -0.81068468
           0.13          -0.056          -0.008      0.98749659    0.0031967999    -0.058777871     -0.81056206
           0.13          -0.052          -0.008        1.263636   -0.0026868535    -0.077744888     -0.80867027
           0.13          -0.048          -0.008       1.5919974    0.0059442884     -0.10169672     -0.80526737
           0.13          -0.044          -0.008       1.8443812     0.024116666     -0.13523263     -0.80207377
           0.13           -0.04          -0.008       1.9968744     0.040416735     -0.17285468     -0.79882915
           0.13          -0.036          -0.008       2.1021429     0.054907561     -0.20511188     -0.79521859
           0.13          -0.032          -0.008       2.1725267     0.069595782     -0.23250058     -0.79320959
           0.13          -0.028          -0.008       2.2165277     0.086951864     -0.25961192     -0.79425149
           0.13          -0.024          -0.008       2.2313905      0.11064335     -0.28978649     -0.79959035
           0.13           -0.02          -0.008       2.1736756      0.14688068     -0.32166732     -0.81124554
           0.13          -0.016          -0.008        2.024563      0.19439464     -0.34153531     -0.83239474
           0.13          -0.012          -0.008       1.8432693      0.24415209     -0.32798461     -0.86450129
           0.13          -0.008          -0.008       1.6838392      0.28990774     -0.26302134     -0.90360515
           0.13          -0.004          -0.008       1.5719993      0.32792394      -0.1401491     -0.93801184
           0.13   3.6346636e-19          -0.008       1.5436035      0.34681601     0.018103488     -0.95131068
           0.13           0.004          -0.008       1.6019769       0.3332751      0.16687995     -0.93662107
           0.13           0.008          -0.008        1.707212      0.29168755      0.27398297     -0.90296881
           0.13           0.012          -0.008       1.8208166      0.23521867      0.33011603     -0.86380238
           0.13           0.016          -0.008       1.9374857      0.17288138      0.34250159     -0.82909144
           0.13            0.02          -0.008       2.1042978      0.12051447      0.32874175     -0.80337146
           0.13           0.024          -0.008       2.2833454     0.088802217      0.29966728     -0.78790204
           0.13           0.028          -0.008       2.3664369     0.065772865      0.26041071     -0.78201601
           0.13           0.032          -0.008       2.3438687     0.041354808      0.21973217     -0.78188408
           0.13           0.036          -0.008       2.2352385     0.017049091      0.18184847     -0.78493022
           0.13            0.04          -0.008       2.0020376   -0.0027717529      0.14402612     -0.79061292
           0.13           0.044          -0.008       1.6336086    -0.016453166      0.10439086     -0.79895767
           0.13           0.048          -0.008       1.2315947    -0.032832279     0.067155145     -0.80700875
           0.13           0.052          -0.008      0.90953201    -0.056868043     0.037506201     -0.81182482
           0.13           0.056          -0.008      0.69861344    -0.080967755     0.017508693     -0.81404807
           0.13            0.06          -0.008      0.57685123    -0.097426283    0.0076036076     -0.81470013
           0.13           0.064          -0.008      0.50722434     -0.10461837    0.0061799708     -0.81427846
           0.13           0.068          -0.008      0.45985254     -0.10375183    0.0099998273     -0.81337089
           0.13           0.072          -0.008      0.41653037    -0.096482151     0.016409329     -0.81257436
           0.13           0.076          -0.008       0.3686444     -0.08437737     0.023914677      -0.8121266
           0.13            0.08          -0.008      0.31600942    -0.068934705     0.031348283     -0.81206861
           0.13           0.084          -0.008      0.26304549    -0.051727997     0.037496419     -0.81241606
           0.13           0.088          -0.008      0.21584209    -0.034449314     0.041201323     -0.81318423
           0.13           0.092          -0.008      0.18088753    -0.019019446     0.041009449     -0.81423233
           0.13           0.096          -0.008      0.15997365   -0.0069729349     0.035777427     -0.81510278
           0.13             0.1          -0.008               0               0               0     -0.81541559
           0.13          -0.096          -0.004       0.5283002     0.011206766    -0.077774664     -0.80506211
           0.13            -0.1          -0.004               0               0               0     -0.80538715
           0.13          -0.092          -0.004      0.58973922     0.021224034    -0.069505966     -0.80471011
           0.13          -0.088          -0.004      0.60955407     0.030329859    -0.059753807     -0.80462092
           0.13          -0.084          -0.004      0.61186617      0.03643238     -0.05130686      -0.8047052
           0.13           -0.08          -0.004      0.60824461      0.04034481    -0.044026142     -0.80516425
           0.13          -0.076          -0.004      0.60589351     0.042957777    -0.037414013     -0.80593568
           0.13          -0.072          -0.004       0.6097309     0.045111412    -0.032028937     -0.80697889
           0.13          -0.068          -0.004      0.62436029     0.047068545    -0.029298222      -0.8082202
           0.13          -0.064          -0.004      0.65626354     0.048045543    -0.031080137     -0.80956553
           0.13           -0.06          -0.004      0.71878865     0.046741773    -0.038635977     -0.81060064
           0.13          -0.056          -0.004      0.83752495     0.041098671    -0.051919556     -0.81092701
           0.13          -0.052          -0.004       1.0447267     0.034524683    -0.068916661     -0.80981738
           0.13          -0.048          -0.004       1.3228478     0.036985616    -0.092731143     -0.80705767
           0.13          -0.044          -0.004       1.6089894     0.045999625     -0.12830787       -0.803302
           0.13           -0.04          -0.004       1.8584286     0.052354123     -0.17003439     -0.79899179
           0.13          -0.036          -0.004       2.0434782     0.054557074     -0.20864502     -0.79508501
           0.13          -0.032          -0.004       2.1602893     0.055223394     -0.24300009     -0.79344711
           0.13          -0.028          -0.004       2.2291573     0.058847332     -0.27841676     -0.79549735
           0.13          -0.024          -0.004       2.2508801     0.070398493     -0.31969167     -0.80262847
           0.13           -0.02          -0.004       2.1635828     0.095444158     -0.36171808      -0.8178102
           0.13          -0.016          -0.004       1.9647727      0.12642574     -0.38673825     -0.84508397
           0.13          -0.012          -0.004       1.7541343      0.15219159     -0.37480249     -0.88605288
           0.13          -0.008          -0.004       1.5761138      0.17360056      -0.3086355     -0.93613065
           0.13          -0.004          -0.004       1.4335466      0.19213724     -0.17692364     -0.98138351
           0.13  -8.6415756e-45          -0.004       1.3779271      0.20352653    0.0041729633      -1.0003963
           0.13           0.004          -0.004       1.4406347      0.19263598      0.18169339     -0.98186819
           0.13           0.008          -0.004       1.5732798      0.15943421      0.30868194     -0.93759865
           0.13           0.012          -0.004       1.7206264      0.11767395      0.37353282     -0.88711183
           0.13           0.016          -0.004        1.891761     0.074164799      0.38723141     -0.84370739
           0.13            0.02          -0.004       2.1197617     0.045349127      0.36904137     -0.81297067
           0.13           0.024          -0.004       2.2998642     0.033214504      0.33038826     -0.79538143
           0.13           0.028          -0.004       2.3390574     0.020926897      0.28302396     -0.78824569
           0.13           0.032          -0.004       2.2861264    0.0039596488      0.23980381     -0.78682556
           0.13           0.036          -0.004       2.1585512    -0.014178789      0.20150597     -0.78906284
           0.13            0.04          -0.004        1.919798    -0.028075611      0.16383547     -0.79405051
           0.13           0.044          -0.004       1.5707403     -0.03563402       0.1248689     -0.80093453
           0.13           0.048          -0.004       1.2016113    -0.044846398     0.088217615     -0.80730018
           0.13           0.052          -0.004      0.91084297    -0.061392833     0.058973567     -0.81099533
           0.13           0.056          -0.004      0.72876366    -0.079426977      0.03892302     -0.81250058
           0.13            0.06          -0.004      0.63273213    -0.091551372     0.028024261     -0.81270492
           0.13           0.064          -0.004      0.58437212    -0.096163474     0.025306226     -0.81213345
           0.13           0.068          -0.004       0.5556255     -0.09443181      0.02817751     -0.81124012
           0.13           0.072          -0.004      0.53122317    -0.087870466      0.03436829     -0.81050583
           0.13           0.076          -0.004      0.50316053    -0.077621921     0.042288447     -0.81011193
           0.13            0.08          -0.004      0.46873581    -0.064284701     0.050597912     -0.81013262
           0.13           0.084          -0.004      0.42910336    -0.048639379     0.058000725     -0.81062636
           0.13           0.088          -0.004      0.38774374    -0.032155622     0.063366743      -0.8115679
           0.13           0.092          -0.004      0.34869047    -0.016969691     0.065252494     -0.81274963
           0.13           0.096          -0.004      0.30657136    -0.005534251       0.0619778     -0.81365208
           0.13             0.1          -0.004               0               0               0     -0.81395015
           0.13          -0.096               0      0.48708684    0.0078009465    -0.063882713     -0.80533898
           0.13            -0.1               0               0               0               0     -0.80566141
           0.13          -0.092   3.6346636e-19      0.55352128     0.017562325    -0.058329161     -0.80481157
           0.13          -0.088   3.6346636e-19      0.58420224     0.029376968    -0.050199063     -0.80442469
           0.13          -0.084   3.6346636e-19      0.59899075     0.040276441    -0.042213762     -0.80430711
           0.13           -0.08   1.9494982e-18      0.60501403     0.049474385    -0.035068098     -0.80467657
           0.13          -0.076               0      0.60723938     0.056827147    -0.028810464     -0.80548515
           0.13          -0.072               0      0.60975535     0.062713586    -0.023959746     -0.80662189
           0.13          -0.068   3.6346636e-19      0.61691083     0.067157309     -0.02157178     -0.80796478
           0.13          -0.064  -3.6346636e-19      0.63505857     0.069204203    -0.023187329     -0.80934371
           0.13           -0.06               0      0.67712315     0.067433005     -0.03025487     -0.81036889
           0.13          -0.056               0      0.76953567     0.060248739    -0.043740938     -0.81069575
           0.13          -0.052               0      0.94712914     0.049670754    -0.062988586     -0.80973266
           0.13          -0.048  -2.3129646e-18       1.2195478     0.043461435    -0.089899195     -0.80688863
           0.13          -0.044  -2.3129646e-18       1.5502911     0.043795545     -0.12633613     -0.80215745
           0.13           -0.04               0       1.8625311     0.043494818     -0.16733211     -0.79679306
           0.13          -0.036  -3.6346636e-19       2.0868832     0.037364474     -0.20666228     -0.79259218
           0.13          -0.032               0       2.2182396     0.028080017     -0.24436268     -0.79110838
           0.13          -0.028               0       2.2879198     0.021238911     -0.28571805     -0.79347913
           0.13          -0.024               0       2.2912123      0.02164881     -0.33413069      -0.8013294
           0.13           -0.02   1.7371588e-47       2.1546069     0.031357407     -0.37912828     -0.81872637
           0.13          -0.016     4.02204e-46       1.9173672     0.035849323     -0.40328987     -0.84972169
           0.13          -0.012   3.6346636e-19        1.707194     0.027270832     -0.39155992     -0.89535129
           0.13          -0.008   3.6346636e-19       1.5324923      0.01583042     -0.32591936     -0.95029713
           0.13          -0.004   1.0702999e-44       1.3780764    0.0058319459     -0.19231349      -1.0000042
           0.13    1.500766e-45   1.4260331e-45        1.307494    0.0040129849   -0.0019650529       -1.021451
           0.13           0.004   4.4218979e-45       1.3738703    0.0017705943      0.18939327      -1.0010264
           0.13           0.008   2.4059293e-44       1.5252378   -0.0094131343      0.32519867     -0.95170882
           0.13           0.012   2.3531861e-45        1.697791    -0.022540569      0.39302594     -0.89653804
           0.13           0.016  -3.6837004e-46       1.9082008     -0.03303575      0.40644117     -0.85043076
           0.13            0.02  -3.4511612e-47       2.1491304    -0.030238959      0.38343224      -0.8189767
           0.13           0.024               0       2.2894511    -0.021947588       0.3390837     -0.80133645
           0.13           0.028               0       2.2867071    -0.022969821      0.29103293     -0.79344761
           0.13           0.032               0       2.2144323    -0.031230506      0.25013493     -0.79118219
           0.13           0.036               0       2.0766786    -0.041773947      0.21319332     -0.79289592
           0.13            0.04               0       1.8429085    -0.048874745      0.17502386     -0.79739012
           0.13           0.044               0        1.523713    -0.050411636      0.13526888     -0.80305356
           0.13           0.048               0       1.1937124    -0.052024561     0.099363094      -0.8078759
           0.13           0.052               0      0.92845673    -0.059919032     0.072394603     -0.81061797
           0.13           0.056               0      0.75850892    -0.071343548     0.053914183     -0.81154067
           0.13            0.06               0      0.66998036    -0.079153846     0.042734343     -0.81128976
           0.13           0.064               0      0.62757159    -0.081500445     0.039013845     -0.81047239
           0.13           0.068               0       0.6053598    -0.079667219     0.041073538     -0.80944148
           0.13           0.072               0      0.59029055    -0.074723237     0.047102835     -0.80858447
           0.13           0.076               0      0.57569538    -0.067331613     0.055421486      -0.8080729
           0.13            0.08               0      0.55765296    -0.057503115     0.064618949     -0.80803971
           0.13           0.084   3.6346636e-19      0.53411447    -0.045308553     0.073497736     -0.80852285
           0.13           0.088               0      0.50428369    -0.031623565     0.081023959     -0.80942671
           0.13           0.092               0      0.46709984     -0.01789586     0.085565725     -0.81042429
           0.13           0.096               0      0.40999761   -0.0071321436     0.084161846     -0.81121178
           0.13             0.1               0               0               0               0     -0.81154365
           0.13          -0.096           0.004      0.40915144    0.0051920963    -0.045671872     -0.80602254
           0.13            -0.1           0.004               0               0               0     -0.80630254
           0.13          -0.092           0.004       0.4699422     0.014270616    -0.043227255     -0.80534414
           0.13          -0.088           0.004      0.50723598     0.027659041    -0.037873941     -0.80466127
           0.13          -0.084           0.004       0.5339976     0.042228587    -0.031311265     -0.80436047
           0.13           -0.08           0.004      0.55203674     0.055980432    -0.024636637     -0.80462187
           0.13          -0.076           0.004      0.56302501      0.06767731    -0.018341167     -0.80540913
           0.13          -0.072           0.004      0.56975355     0.076787663    -0.013098132     -0.80656544
           0.13          -0.068           0.004      0.57743874     0.082716946   -0.0097986968     -0.80797904
           0.13          -0.064           0.004      0.59554495     0.084065175    -0.010032138     -0.80940982
           0.13           -0.06           0.004      0.64009774     0.079129195    -0.015926224     -0.81037209
           0.13          -0.056           0.004      0.73976135     0.066795968    -0.029401752     -0.81044528
           0.13          -0.052           0.004      0.93148735     0.049224381    -0.050889947     -0.80909115
           0.13          -0.048           0.004       1.2324719     0.034507556    -0.080812107     -0.80544642
           0.13          -0.044           0.004       1.6043359     0.027723005     -0.11822322     -0.79933203
           0.13           -0.04           0.004       1.9448533     0.021847068     -0.15811773     -0.79303226
           0.13          -0.036           0.004       2.1709252    0.0092140334     -0.19657507     -0.78863473
           0.13          -0.032           0.004       2.2903886   -0.0074309221     -0.23543438      -0.7868438
           0.13          -0.028           0.004        2.340484    -0.022789245     -0.27912655     -0.78856725
           0.13          -0.024           0.004       2.3023135    -0.033446558     -0.32708204     -0.79584723
           0.13           -0.02           0.004       2.1258288    -0.043849976     -0.36660315     -0.81335828
           0.13          -0.016           0.004       1.9000382    -0.070693199     -0.38588868     -0.84380553
           0.13          -0.012           0.004       1.7276698     -0.11229103     -0.37363973     -0.88692273
           0.13          -0.008           0.004       1.5770563     -0.15266476     -0.31059016     -0.93739026
           0.13          -0.004           0.004       1.4398786     -0.18524109     -0.18506905     -0.98215321
           0.13  -1.9112884e-47           0.004         1.37239     -0.19639184     -0.00750918      -1.0015905
           0.13           0.004           0.004       1.4250805     -0.18579431      0.17537135     -0.98338424
           0.13           0.008           0.004       1.5663343     -0.16843714       0.3095296      -0.9383147
           0.13           0.012           0.004       1.7437935     -0.14856194      0.37794502     -0.88786869
           0.13           0.016           0.004       1.9564217     -0.12432746      0.39160703     -0.84633561
           0.13            0.02           0.004       2.1596146    -0.094592537      0.36765724     -0.81852177
           0.13           0.024           0.004        2.249883    -0.070706843      0.32609966     -0.80297025
           0.13           0.028           0.004       2.2280857    -0.060502926      0.28512003     -0.79562549
           0.13           0.032           0.004       2.1566965    -0.058297954      0.25019732     -0.79348043
           0.13           0.036           0.004       2.0341148     -0.05893723      0.21668331     -0.79513226
           0.13            0.04           0.004       1.8398331    -0.057659917      0.17939407     -0.79911783
           0.13           0.044           0.004       1.5811201    -0.052162763      0.13916491      -0.8035774
           0.13           0.048           0.004       1.2933962    -0.044413504      0.10399141     -0.80728502
           0.13           0.052           0.004       1.0221715     -0.04306457     0.079535209     -0.80972899
           0.13           0.056           0.004      0.82237205    -0.050473675     0.062810849     -0.81055905
           0.13            0.06           0.004      0.70849905    -0.057270526     0.051634876     -0.81007363
           0.13           0.064           0.004      0.64962881    -0.059771502     0.047452641     -0.80904348
           0.13           0.068           0.004      0.62002402    -0.059461726     0.049396453     -0.80783287
           0.13           0.072           0.004      0.60503099    -0.057234363     0.055773804     -0.80682986
           0.13           0.076           0.004      0.59701923     -0.05359264     0.064731408     -0.80617909
           0.13            0.08           0.004      0.59079899     -0.04825732     0.074732997     -0.80600421
           0.13           0.084           0.004      0.58182739    -0.040741401     0.084692167     -0.80630549
           0.13           0.088           0.004      0.56545143    -0.031101263      0.09392943     -0.80699965
           0.13           0.092           0.004      0.53549543    -0.019722341      0.10107729     -0.80770795
           0.13           0.096           0.004       0.4742153   -0.0094212388      0.10213209     -0.80837614
           0.13             0.1           0.004               0               0               0     -0.80877016
           0.13          -0.096           0.008      0.29023709    0.0038143037    -0.024815489     -0.80690071
           0.13            -0.1           0.008               0               0               0     -0.80714931
           0.13          -0.092           0.008      0.33006663     0.013662373    -0.024483057     -0.80611188
           0.13          -0.088           0.008      0.36358159      0.02815917    -0.021246738     -0.80519507
           0.13          -0.084           0.008      0.39645073     0.045231139    -0.015902479     -0.80470871
           0.13           -0.08           0.008       0.4253489     0.062322519   -0.0096025959     -0.80484765
           0.13          -0.076           0.008      0.44851967      0.07739522   -0.0030737108     -0.80567272
           0.13          -0.072           0.008      0.46779754     0.088732687    0.0028342891     -0.80702305
           0.13          -0.068           0.008      0.48836345     0.094898406    0.0072674331     -0.80867625
           0.13          -0.064           0.008      0.52122134     0.094445492    0.0086376912     -0.81025121
           0.13           -0.06           0.008      0.58542869     0.085819514    0.0043741077     -0.81114549
           0.13          -0.056           0.008      0.71117802     0.068187059   -0.0082096656     -0.81086588
           0.13          -0.052           0.008      0.93295401     0.043986502    -0.030226781     -0.80895538
           0.13          -0.048           0.008       1.2667317     0.021452688    -0.061327741     -0.80437786
           0.13          -0.044           0.008       1.6719108    0.0074078016    -0.099777241     -0.79672419
           0.13           -0.04           0.008       2.0292002    -0.004377603     -0.14022729     -0.78926076
           0.13          -0.036           0.008        2.247159    -0.022630855     -0.17852409     -0.78452222
           0.13          -0.032           0.008       2.3473758    -0.045242959     -0.21682678     -0.78210944
           0.13          -0.028           0.008       2.3673343    -0.067884713     -0.25806917     -0.78269831
           0.13          -0.024           0.008       2.2854375    -0.089086324     -0.29815414     -0.78886831
           0.13           -0.02           0.008       2.1094961     -0.11892611     -0.32815773      -0.8043757
           0.13          -0.016           0.008       1.9439595     -0.16940119     -0.34275113     -0.82993443
           0.13          -0.012           0.008        1.825606     -0.23014966     -0.33131929      -0.8644738
           0.13          -0.008           0.008       1.7084612     -0.28566782      -0.2762411     -0.90367633
           0.13          -0.004           0.008       1.5987908     -0.32708769     -0.16971902     -0.93770738
           0.13  -1.7609627e-44           0.008       1.5362947     -0.34119101    -0.020424984     -0.95301681
           0.13           0.004           0.008       1.5620759     -0.32306232      0.13967721     -0.94023719
           0.13           0.008           0.008       1.6729541     -0.28592498      0.26512652     -0.90588043
           0.13           0.012           0.008       1.8329171     -0.24128404      0.33247973     -0.86641928
           0.13           0.016           0.008       2.0169676     -0.19255352      0.34778083     -0.83379545
           0.13            0.02           0.008       2.1698203     -0.14590318      0.32890107     -0.81212204
           0.13           0.024           0.008       2.2291414     -0.11068638      0.29748308     -0.80004371
           0.13           0.028           0.008       2.2131713     -0.08838447      0.26774043     -0.79436936
           0.13           0.032           0.008       2.1658836    -0.072655867      0.24125406     -0.79305443
           0.13           0.036           0.008        2.088933    -0.059648704      0.21470017     -0.79486202
           0.13            0.04           0.008        1.972521    -0.046507022      0.18353503     -0.79832546
           0.13           0.044           0.008       1.8085539    -0.031245274      0.14717692     -0.80155428
           0.13           0.048           0.008       1.5560853    -0.013512548      0.11381159     -0.80456783
           0.13           0.052           0.008       1.2366377   -0.0048750323     0.089212232     -0.80747876
           0.13           0.056           0.008      0.96666826    -0.011425192     0.070714244     -0.80888414
           0.13            0.06           0.008      0.79116853    -0.020855738      0.05781525     -0.80864892
           0.13           0.064           0.008      0.68492418    -0.027337619     0.052787423      -0.8076125
           0.13           0.068           0.008      0.62568161    -0.031551931     0.055061775     -0.80627508
           0.13           0.072           0.008      0.59593377     -0.03394814     0.062366552     -0.80517865
           0.13           0.076           0.008      0.58428167    -0.035095277     0.072357739     -0.80446174
           0.13            0.08           0.008      0.58256874    -0.034954058     0.083162585     -0.80415442
           0.13           0.084           0.008      0.58378685    -0.032986049     0.093675712     -0.80421371
           0.13           0.088           0.008       0.5799415    -0.028568014      0.10361832     -0.80463131
           0.13           0.092           0.008      0.56004086    -0.020718338      0.11219283     -0.80505497
           0.13           0.096           0.008      0.50267034    -0.011517867      0.11514895      -0.8055931
           0.13             0.1           0.008               0               0               0     -0.80600981
           0.13          -0.096           0.012      0.11277107    0.0080057377  -0.00099081514     -0.80779917
           0.13            -0.1           0.012               0               0               0     -0.80808949
           0.13          -0.092           0.012      0.13553284     0.019994607   -0.0047365334     -0.80713626
           0.13          -0.088           0.012      0.16081712     0.034805661   -0.0037898487     -0.80660047
           0.13          -0.084           0.012      0.19457003     0.051588488   0.00054855442     -0.80651812
           0.13           -0.08           0.012      0.23341158     0.068510279    0.0066997181     -0.80696828
           0.13          -0.076           0.012      0.27412711      0.08367476     0.013530922     -0.80798147
           0.13          -0.072           0.012      0.31663973     0.094886269     0.020055462     -0.80943011
           0.13          -0.068           0.012      0.36400353      0.10009254     0.025403462     -0.81105163
           0.13          -0.064           0.012      0.42472942     0.097873095     0.028246741     -0.81245343
           0.13           -0.06           0.012      0.51800837     0.086918714     0.026119431     -0.81305473
           0.13          -0.056           0.012       0.6743598     0.066254269     0.015997839     -0.81234944
           0.13          -0.052           0.012      0.92468161     0.037818589   -0.0039945478     -0.80990909
           0.13          -0.048           0.012       1.2841754     0.008826099     -0.03409796      -0.8044096
           0.13          -0.044           0.012       1.7120449     -0.01265366    -0.072565171     -0.79524512
           0.13           -0.04           0.012       2.0830295     -0.03048419     -0.11395335     -0.78650259
           0.13          -0.036           0.012       2.2994856    -0.053447614     -0.15271499     -0.78114196
           0.13          -0.032           0.012       2.3829541    -0.080654082     -0.18903521     -0.77807095
           0.13          -0.028           0.012       2.3703892     -0.10803254      -0.2244965     -0.77784417
           0.13          -0.024           0.012       2.2655042     -0.13611868     -0.25510325     -0.78311091
           0.13           -0.02           0.012       2.1307365     -0.17661124     -0.27732782     -0.79550149
           0.13          -0.016           0.012       2.0406556     -0.23487014     -0.28852297     -0.81424447
           0.13          -0.012           0.012       1.9738487     -0.29881416     -0.27854189     -0.83832645
           0.13          -0.008           0.012       1.8927797     -0.35673183     -0.23388797     -0.86469145
           0.13          -0.004           0.012        1.810794     -0.39911717     -0.14911621     -0.88724788
           0.13   5.6172095e-45           0.012       1.7561806     -0.41505717    -0.031008681     -0.89806265
           0.13           0.004           0.012       1.7602216     -0.39745531     0.099613023     -0.89070961
           0.13           0.008           0.012        1.836556     -0.35406412      0.20856636     -0.86793316
           0.13           0.012           0.012       1.9653813     -0.29817774      0.27160242     -0.84065287
           0.13           0.016           0.012       2.1111877     -0.23847649      0.29050631     -0.81780845
           0.13            0.02           0.012       2.2254476     -0.18416901      0.28170179     -0.80271104
           0.13           0.024           0.012       2.2749338      -0.1407694      0.26335607     -0.79436313
           0.13           0.028           0.012       2.2776907     -0.10647174      0.24471262     -0.79073498
           0.13           0.032           0.012       2.2623394    -0.076179845      0.22636012     -0.79049923
           0.13           0.036           0.012       2.2334718    -0.048092127      0.20730293      -0.7927433
           0.13            0.04           0.012        2.187169    -0.020316371      0.18416847     -0.79615453
           0.13           0.044           0.012       2.1002241    0.0067896798       0.1559206     -0.79870283
           0.13           0.048           0.012       1.8740514     0.032066343      0.12837451     -0.80110456
           0.13           0.052           0.012       1.5163093     0.045719804      0.10355362     -0.80431759
           0.13           0.056           0.012       1.1840995     0.041295168     0.081357976     -0.80656204
           0.13            0.06           0.012      0.94020168     0.029742946     0.065867471     -0.80696874
           0.13           0.064           0.012      0.76857733     0.017447391      0.05968873     -0.80615047
           0.13           0.068           0.012      0.65600139    0.0059089765     0.062051041     -0.80476501
           0.13           0.072           0.012      0.58994164   -0.0037791556     0.070057603      -0.8036026
           0.13           0.076           0.012      0.55867483    -0.011480296     0.080857977     -0.80289679
           0.13            0.08           0.012      0.55029634    -0.017246753     0.092187378     -0.80257457
           0.13           0.084           0.012      0.55382084     -0.02103167      0.10268713     -0.80247467
           0.13           0.088           0.012      0.55814768    -0.022378251      0.11214614     -0.80264059
           0.13           0.092           0.012      0.54820557    -0.019201236       0.1203599     -0.80279918
           0.13           0.096           0.012      0.49894435    -0.012383749      0.12354681     -0.80319054
           0.13             0.1           0.012               0               0               0     -0.80359531
           0.13          -0.096           0.016     -0.07036908     0.015496835     0.010742814     -0.80854576
           0.13            -0.1           0.016               0               0               0     -0.80883879
           0.13          -0.092           0.016    -0.049116295     0.028808172    0.0031558356     -0.80828306
           0.13          -0.088           0.016    -0.022284708     0.042215665    0.0015814102     -0.80868864
           0.13          -0.084           0.016     0.013947172      0.05591783     0.004634621     -0.80964953
           0.13           -0.08           0.016     0.059554683     0.069544185     0.010828157     -0.81092436
           0.13          -0.076           0.016      0.11329062     0.081952563     0.018873764     -0.81234798
           0.13          -0.072           0.016      0.17460443     0.091326661     0.027604647     -0.81379447
           0.13          -0.068           0.016      0.24529834     0.095591205     0.035807598     -0.81511332
           0.13          -0.064           0.016      0.33188931     0.093027944     0.041841165     -0.81605272
           0.13           -0.06           0.016      0.45165088     0.081968493     0.043348444     -0.81617461
           0.13          -0.056           0.016      0.63243157     0.061003931     0.037792904     -0.81506112
           0.13          -0.052           0.016      0.90140399     0.030997381     0.022963288     -0.81229636
           0.13          -0.048           0.016       1.2728503   -0.0024640657   -0.0027665631     -0.80600397
           0.13          -0.044           0.016       1.7081115    -0.030582206     -0.03832897     -0.79560801
           0.13           -0.04           0.016       2.0929179    -0.054156771    -0.079608541     -0.78558311
           0.13          -0.036           0.016       2.3228886    -0.080948509     -0.11968492     -0.77911449
           0.13          -0.032           0.016       2.3959585     -0.11081097     -0.15442488     -0.77539291
           0.13          -0.028           0.016       2.3530482     -0.13922678     -0.18488175     -0.77488982
           0.13          -0.024           0.016       2.2473224      -0.1688262     -0.21010183     -0.77949641
           0.13           -0.02           0.016       2.1723695     -0.21031965     -0.22826237     -0.78879229
           0.13          -0.016           0.016       2.1523331     -0.26378642     -0.23592813     -0.80133686
           0.13          -0.012           0.016       2.1305613      -0.3197703     -0.22582525       -0.816414
           0.13          -0.008           0.016       2.0832402     -0.37096633     -0.18945574     -0.83215619
           0.13          -0.004           0.016       2.0290878     -0.40901911     -0.12319667     -0.84539413
           0.13   2.1272521e-45           0.016       1.9915922     -0.42557956    -0.032793255     -0.85191278
           0.13           0.004           0.016       1.9882255     -0.41354003     0.068037689     -0.84798803
           0.13           0.008           0.016       2.0356736      -0.3751105      0.15657232     -0.83455588
           0.13           0.012           0.016       2.1290654     -0.32110603      0.21287844     -0.81784876
           0.13           0.016           0.016       2.2356101     -0.26238797      0.23558525     -0.80362224
           0.13            0.02           0.016       2.3188257     -0.20785773      0.23658814     -0.79423582
           0.13           0.024           0.016       2.3613283     -0.16033724      0.22841908     -0.78914265
           0.13           0.028           0.016       2.3749282     -0.11760232      0.21693253     -0.78736843
           0.13           0.032           0.016       2.3755724    -0.076438819      0.20348397     -0.78819715
           0.13           0.036           0.016       2.3652476    -0.036339352      0.18849286     -0.79100618
           0.13            0.04           0.016        2.335891    0.0042626238      0.17057225     -0.79469346
           0.13           0.044           0.016       2.2581076     0.041912808      0.15103445     -0.79735383
           0.13           0.048           0.016       2.0492606     0.073202549        0.132685     -0.79942378
           0.13           0.052           0.016       1.7117235     0.092471733      0.11267935     -0.80230289
           0.13           0.056           0.016       1.3707243     0.093341417     0.092100086     -0.80478255
           0.13            0.06           0.016       1.0910592     0.082350279     0.077660388     -0.80560473
           0.13           0.064           0.016      0.87153192     0.065706938     0.072123953     -0.80508158
           0.13           0.068           0.016      0.70841095     0.047118035     0.074726162     -0.80380485
           0.13           0.072           0.016      0.59854891     0.029537988      0.08268845     -0.80261547
           0.13           0.076           0.016      0.53624219     0.014492631     0.093186629     -0.80187452
           0.13            0.08           0.016      0.51049765    0.0025521528      0.10398935     -0.80154128
           0.13           0.084           0.016      0.50746732   -0.0064999535      0.11363416     -0.80134907
           0.13           0.088           0.016      0.51319083     -0.01302828      0.12155532     -0.80130927
           0.13           0.092           0.016      0.50979053    -0.014798018      0.12764977     -0.80121603
           0.13           0.096           0.016      0.46877938    -0.011395441      0.12888778     -0.80142797
           0.13             0.1           0.016               0               0               0     -0.80178489
           0.13          -0.096            0.02     -0.18934785     0.017841097   0.00079277689     -0.80928839
           0.13            -0.1            0.02               0               0               0     -0.80948171
           0.13          -0.092            0.02     -0.16488138     0.029976357   -0.0057832966     -0.80943762
           0.13          -0.088            0.02     -0.13218397      0.04076471   -0.0076397239     -0.81059764
           0.13          -0.084            0.02    -0.093757195     0.051101724   -0.0050788658      -0.8124557
           0.13           -0.08            0.02    -0.047441263     0.061504586    0.0014258843     -0.81454366
           0.13          -0.076            0.02    0.0084603582      0.07143708     0.011177608     -0.81653951
           0.13          -0.072            0.02     0.075315772     0.079443595     0.023063074     -0.81826998
           0.13          -0.068            0.02      0.15574888     0.083594822     0.035502333     -0.81960789
           0.13          -0.064            0.02      0.25641419     0.081915103     0.046361815     -0.82032524
           0.13           -0.06            0.02      0.39260359     0.072238665      0.05323183     -0.82004234
           0.13          -0.056            0.02      0.58787907     0.052597676     0.053872281     -0.81866169
           0.13          -0.052            0.02      0.86450533     0.022960231     0.046040775     -0.81581939
           0.13          -0.048            0.02       1.2315378    -0.012384993     0.027772171     -0.80892108
           0.13          -0.044            0.02       1.6575472    -0.045070339   -0.0010722722     -0.79771275
           0.13           -0.04            0.02       2.0551635    -0.073523051    -0.039637367     -0.78646687
           0.13          -0.036            0.02       2.3124229     -0.10320213    -0.080853515     -0.77854018
           0.13          -0.032            0.02       2.3833202     -0.13357811     -0.11590006     -0.77423108
           0.13          -0.028            0.02       2.3152455     -0.16020757     -0.14535836     -0.77378361
           0.13          -0.024            0.02       2.2233329     -0.18815733      -0.1709166     -0.77775825
           0.13           -0.02            0.02       2.2086532     -0.22571109     -0.18826347     -0.78431111
           0.13          -0.016            0.02        2.243747     -0.26920518      -0.1924992     -0.79213061
           0.13          -0.012            0.02       2.2576731     -0.31291608     -0.18122635     -0.80083017
           0.13          -0.008            0.02       2.2348928      -0.3527767     -0.15078941      -0.8094177
           0.13          -0.004            0.02       2.1943173     -0.38205337    -0.098827042      -0.8165419
           0.13   1.4252906e-46            0.02       2.1637604     -0.39533264    -0.029340337     -0.82007427
           0.13           0.004            0.02       2.1597704     -0.38815273     0.047607638     -0.81816288
           0.13           0.008            0.02       2.1914996     -0.35955275      0.11669913     -0.81123861
           0.13           0.012            0.02       2.2544274     -0.31559655      0.16404852     -0.80236967
           0.13           0.016            0.02       2.3237495     -0.26550238      0.18722334     -0.79466328
           0.13            0.02            0.02       2.3757247     -0.21598065      0.19324831     -0.78963991
           0.13           0.024            0.02       2.4010021     -0.16851013      0.18992333     -0.78718377
           0.13           0.028            0.02       2.4038195     -0.12148464      0.18128589     -0.78708541
           0.13           0.032            0.02       2.3887082    -0.073361729       0.1695064     -0.78919034
           0.13           0.036            0.02       2.3512692    -0.024113439      0.15581885     -0.79292291
           0.13            0.04            0.02        2.281706     0.025089357      0.14147316     -0.79722766
           0.13           0.044            0.02       2.1648071     0.068239818       0.1293824     -0.80065731
           0.13           0.048            0.02        1.967302      0.10198128      0.11974823     -0.80308774
           0.13           0.052            0.02       1.6918043      0.12357121      0.10864356     -0.80542661
           0.13           0.056            0.02       1.4003088      0.12803064     0.096631855     -0.80709883
           0.13            0.06            0.02       1.1376415        0.118434     0.088766597     -0.80729462
           0.13           0.064            0.02      0.91467241      0.10022388     0.087361806     -0.80634629
           0.13           0.068            0.02      0.73504839     0.078032141     0.091937308     -0.80475976
           0.13           0.072            0.02      0.60142532     0.055686547      0.10022799     -0.80321938
           0.13           0.076            0.02      0.51471405     0.035641567       0.1098693      -0.8021122
           0.13            0.08            0.02      0.47004752     0.019193116      0.11915469      -0.8014855
           0.13           0.084            0.02       0.4558019    0.0064675367      0.12702789     -0.80105685
           0.13           0.088            0.02      0.45727032   -0.0034536341      0.13270643     -0.80076264
           0.13           0.092            0.02      0.45551894   -0.0090374493      0.13564596     -0.80039868
           0.13           0.096            0.02      0.42011044   -0.0090828786      0.13312889     -0.80039046
           0.13             0.1            0.02               0               0               0     -0.80066233
           0.13          -0.096           0.024     -0.25050216     0.013937215    -0.016520377     -0.81048682
           0.13            -0.1           0.024               0               0               0     -0.81046846
           0.13          -0.092           0.024     -0.22657707     0.022706293    -0.020924692     -0.81105445
           0.13          -0.088           0.024     -0.19443585     0.030493321    -0.022178011     -0.81262953
           0.13          -0.084           0.024     -0.15758063     0.038210158    -0.019788564     -0.81492652
           0.13           -0.08           0.024     -0.11327119     0.046366951    -0.013462009     -0.81748961
           0.13          -0.076           0.024    -0.058787747     0.054718351    -0.003104082      -0.8199551
           0.13          -0.072           0.024    0.0084153031     0.062160327     0.010708805     -0.82210103
           0.13          -0.068           0.024     0.091821298     0.066854473      0.02652782     -0.82376011
           0.13          -0.064           0.024      0.19824771      0.06661182     0.042184114       -0.824614
           0.13           -0.06           0.024      0.34126129     0.059065848     0.055193439     -0.82420337
           0.13          -0.056           0.024      0.54103874      0.04174435      0.06296619     -0.82271734
           0.13          -0.052           0.024        0.815114     0.013930572     0.062922257     -0.81976432
           0.13          -0.048           0.024       1.1656802    -0.020784008     0.053621508     -0.81232016
           0.13          -0.044           0.024       1.5689209    -0.055129886     0.034369379     -0.80063677
           0.13           -0.04           0.024       1.9678689    -0.086415369    0.0029001427     -0.78853501
           0.13          -0.036           0.024       2.2570685      -0.1176962    -0.037425577     -0.77933467
           0.13          -0.032           0.024       2.3393915     -0.14714713    -0.075613063      -0.7744167
           0.13          -0.028           0.024       2.2565128     -0.17098143     -0.10924383     -0.77407382
           0.13          -0.024           0.024       2.1860717     -0.19662699     -0.13951818     -0.77731657
           0.13           -0.02           0.024       2.2216158     -0.22899078     -0.15764672     -0.78146349
           0.13          -0.016           0.024       2.2942566     -0.26235587     -0.15879524     -0.78589313
           0.13          -0.012           0.024       2.3359582     -0.29473432     -0.14569554      -0.7904231
           0.13          -0.008           0.024       2.3335077     -0.32398621     -0.11909229     -0.79466894
           0.13          -0.004           0.024       2.2956144     -0.34446993    -0.078795834     -0.79824531
           0.13               0           0.024        2.250181     -0.35229195    -0.026569881     -0.80019694
           0.13           0.004           0.024       2.2286081     -0.34598405     0.031706916     -0.79976756
           0.13           0.008           0.024       2.2434083     -0.32500311      0.08523202     -0.79722059
           0.13           0.012           0.024       2.2816247     -0.29177071      0.12366861      -0.7937713
           0.13           0.016           0.024        2.318752     -0.25147098      0.14423931     -0.79078559
           0.13            0.02           0.024       2.3369577     -0.20754908      0.15058329     -0.78919485
           0.13           0.024           0.024       2.3285961     -0.16038085      0.14752197      -0.7892506
           0.13           0.028           0.024       2.2922242     -0.10935933      0.13833263     -0.79119191
           0.13           0.032           0.024       2.2276576    -0.055091062       0.1258734     -0.79505749
           0.13           0.036           0.024        2.133369  -5.6004237e-05        0.112762     -0.80023642
           0.13            0.04           0.024       2.0126578     0.050428489      0.10199693     -0.80544229
           0.13           0.044           0.024       1.8684133     0.090841367     0.095871749     -0.80964664
           0.13           0.048           0.024       1.6924422      0.12007668     0.093295086     -0.81257385
           0.13           0.052           0.024        1.484596      0.13722286     0.091592247     -0.81435471
           0.13           0.056           0.024       1.2653467      0.14010754      0.09070487     -0.81474591
           0.13            0.06           0.024       1.0558716      0.13038604     0.092784986     -0.81350157
           0.13           0.064           0.024      0.86688587      0.11211625     0.098750916     -0.81119661
           0.13           0.068           0.024      0.70453309     0.089520965      0.10787408     -0.80845828
           0.13           0.072           0.024      0.57421305     0.066323538       0.1182401     -0.80591469
           0.13           0.076           0.024      0.48091072     0.045118138      0.12795436     -0.80394612
           0.13            0.08           0.024      0.42578351     0.027384846      0.13589027      -0.8026237
           0.13           0.084           0.024         0.40234     0.013577149      0.14171683     -0.80167518
           0.13           0.088           0.024       0.3978612    0.0027397788      0.14497697     -0.80096998
           0.13           0.092           0.024      0.39422622   -0.0044714828      0.14469377     -0.80028371
           0.13           0.096           0.024      0.36135772   -0.0065366125      0.13761915     -0.79999472
           0.13             0.1           0.024               0               0               0     -0.80011659
           0.13          -0.096           0.028     -0.28060917    0.0065880348    -0.031972157     -0.81181563
           0.13            -0.1           0.028               0               0               0     -0.81145014
           0.13          -0.092           0.028     -0.26327199     0.010979657    -0.036052819     -0.81291852
           0.13          -0.088           0.028     -0.23585374     0.015369127     -0.03787949     -0.81475692
           0.13          -0.084           0.028     -0.20209624     0.020687539    -0.036560601     -0.81716164
           0.13           -0.08           0.028      -0.1600115     0.027082254    -0.031329493     -0.81985248
           0.13          -0.076           0.028     -0.10711574     0.034248428    -0.021533006     -0.82258645
           0.13          -0.072           0.028    -0.040498363     0.041281703   -0.0071623295     -0.82512491
           0.13          -0.068           0.028     0.043832026     0.046567776     0.010818658     -0.82721607
           0.13          -0.064           0.028      0.15220805     0.047890467     0.030445849     -0.82843459
           0.13           -0.06           0.028       0.2959019     0.042814009     0.049188731     -0.82821394
           0.13          -0.056           0.028      0.49203514     0.028642972     0.064122883      -0.8267125
           0.13          -0.052           0.028      0.75428658    0.0040815062     0.072320395     -0.82335313
           0.13          -0.048           0.028        1.080393    -0.027724577      0.07264311     -0.81545453
           0.13          -0.044           0.028       1.4522584    -0.060533902     0.064134716     -0.80365088
           0.13           -0.04           0.028        1.833434    -0.091372559      0.04344575     -0.79108706
           0.13          -0.036           0.028       2.1417438     -0.12159385    0.0085054361     -0.78093488
           0.13          -0.032           0.028       2.2511663     -0.14900326    -0.034223301     -0.77547375
           0.13          -0.028           0.028       2.1741623     -0.17104251     -0.07718534     -0.77531595
           0.13          -0.024           0.028       2.1273747     -0.19562127     -0.11443449     -0.77777934
           0.13           -0.02           0.028       2.2012508     -0.22358481     -0.13430723     -0.77987502
           0.13          -0.016           0.028       2.3000447     -0.24841108     -0.13393102     -0.78193723
           0.13          -0.012           0.028       2.3654976     -0.27115823     -0.11916943     -0.78388291
           0.13          -0.008           0.028       2.3870292      -0.2913193    -0.093882485     -0.78561708
           0.13          -0.004           0.028       2.3618516     -0.30485419    -0.061284301     -0.78712037
           0.13               0           0.028       2.3024105     -0.30817178    -0.023186867     -0.78822138
           0.13           0.004           0.028        2.244006     -0.30066216     0.018535734     -0.78882727
           0.13           0.008           0.028       2.2182872     -0.28320295      0.05871048     -0.78918492
           0.13           0.012           0.028       2.2203727     -0.25678143     0.089353977     -0.78963291
           0.13           0.016           0.028       2.2208209      -0.2224414      0.10566666     -0.79037811
           0.13            0.02           0.028       2.1963897     -0.18021694      0.10855567       -0.791759
           0.13           0.024           0.028       2.1373006     -0.13005435      0.10176633     -0.79419163
           0.13           0.028           0.028       2.0438431    -0.074016979     0.089075471     -0.79816669
           0.13           0.032           0.028        1.922779    -0.016472655     0.074575333     -0.80371284
           0.13           0.036           0.028       1.7863135     0.036321656      0.06252689     -0.81000122
           0.13            0.04           0.028       1.6472675     0.078882761     0.055932948     -0.81589261
           0.13           0.044           0.028       1.5082046      0.10971039     0.055373488     -0.82069985
           0.13           0.048           0.028       1.3634474      0.12940411     0.059520344     -0.82395893
           0.13           0.052           0.028        1.210178      0.13801257     0.066773035     -0.82534633
           0.13           0.056           0.028       1.0530476       0.1353752     0.076604961     -0.82472854
           0.13            0.06           0.028      0.89951124      0.12305647     0.089183371     -0.82219353
           0.13           0.064           0.028      0.75522106       0.1041519      0.10387418     -0.81843745
           0.13           0.068           0.028      0.62485101     0.082172354      0.11916758     -0.81421615
           0.13           0.072           0.028      0.51379313     0.060336303      0.13308576     -0.81025637
           0.13           0.076           0.028      0.42839216     0.040865615      0.14402331     -0.80705243
           0.13            0.08           0.028      0.37317991     0.024879797      0.15138362     -0.80471818
           0.13           0.084           0.028      0.34607164     0.012652631      0.15560112     -0.80300363
           0.13           0.088           0.028      0.33739418    0.0033243125       0.1567956     -0.80172797
           0.13           0.092           0.028      0.33097413   -0.0031447202      0.15387525     -0.80069627
           0.13           0.096           0.028      0.29861653   -0.0049171792      0.14256203     -0.80005981
           0.13             0.1           0.028               0               0               0     -0.79992925
           0.13          -0.096           0.032     -0.30381205   -0.0017866968    -0.043506051     -0.81270033
           0.13            -0.1           0.032               0               0               0     -0.81187364
           0.13          -0.092           0.032     -0.29312414   -0.0021317481    -0.049339593      -0.8144805
           0.13          -0.088           0.032     -0.27053627   -0.0014694528    -0.053054554     -0.81659432
           0.13          -0.084           0.032     -0.23987191    0.0012030721    -0.053775708     -0.81903441
           0.13           -0.08           0.032     -0.19952611     0.005666346    -0.050491424     -0.82170671
           0.13          -0.076           0.032     -0.14736088     0.011485634    -0.042215571     -0.82453223
           0.13          -0.072           0.032    -0.080837367     0.017773215    -0.028544988      -0.8273166
           0.13          -0.068           0.032    0.0038900109     0.023143484   -0.0099033111     -0.82976654
           0.13          -0.064           0.032      0.11253009     0.025722877     0.012314997     -0.83135859
           0.13           -0.06           0.032      0.25371734     0.023101804       0.0356779     -0.83144915
           0.13          -0.056           0.032       0.4407487     0.012531732     0.057037152      -0.8299237
           0.13          -0.052           0.032       0.6838657   -0.0073788627     0.073391916     -0.82598886
           0.13          -0.048           0.032      0.97961847    -0.034103163     0.083397813     -0.81787142
           0.13          -0.044           0.032       1.3144145    -0.062521181     0.085604371      -0.8063732
           0.13           -0.04           0.032       1.6617884    -0.089444684     0.076639962     -0.79381043
           0.13          -0.036           0.032       1.9620693     -0.11460523      0.05164525     -0.78296837
           0.13          -0.032           0.032       2.0998332     -0.13717722     0.007865831     -0.77695674
           0.13          -0.028           0.032       2.0542888     -0.15869153    -0.046215772     -0.77691598
           0.13          -0.024           0.032       2.0344728     -0.18518646      -0.0920387     -0.77861211
           0.13           -0.02           0.032       2.1385792     -0.21145825      -0.1151815     -0.77911035
           0.13          -0.016           0.032       2.2630103      -0.2306747     -0.11619436     -0.77957631
           0.13          -0.012           0.032       2.3531763     -0.24577076     -0.10173843     -0.78008201
           0.13          -0.008           0.032       2.4016455     -0.25767203    -0.077045044     -0.78064417
           0.13          -0.004           0.032       2.4051708     -0.26455916    -0.047723795     -0.78107242
           0.13               0           0.032       2.3575777     -0.26367079    -0.017611392     -0.78157608
           0.13           0.004           0.032       2.2707794     -0.25397375     0.011522753     -0.78259727
           0.13           0.008           0.032       2.1828404     -0.23661832     0.038780013     -0.78464345
           0.13           0.012           0.032       2.1204852     -0.21234986     0.060191765     -0.78768209
           0.13           0.016           0.032       2.0678941     -0.17891561     0.069159943     -0.79100135
           0.13            0.02           0.032       1.9918522     -0.13319479     0.063951314     -0.79450602
           0.13           0.024           0.032       1.8753461    -0.076940399     0.049391376     -0.79900121
           0.13           0.028           0.032       1.7275224    -0.018246437     0.031979737     -0.80480061
           0.13           0.032           0.032       1.5713934     0.034271839     0.017498402     -0.81148824
           0.13           0.036           0.032       1.4240337     0.075658809    0.0093380392     -0.81849325
           0.13            0.04           0.032       1.2904488      0.10480468     0.008378346     -0.82520788
           0.13           0.044           0.032       1.1681872      0.12266376     0.014127465     -0.83081958
           0.13           0.048           0.032       1.0526917      0.13023833     0.025500259      -0.8344482
           0.13           0.052           0.032      0.93980616      0.12845211     0.041292205     -0.83569049
           0.13           0.056           0.032      0.82840173      0.11829241     0.060561202     -0.83450666
           0.13            0.06           0.032      0.71964258       0.1016145     0.082329987     -0.83111917
           0.13           0.064           0.032      0.61512062     0.081145324      0.10489476     -0.82620555
           0.13           0.068           0.032      0.51719557     0.059904413      0.12606745     -0.82060895
           0.13           0.072           0.032      0.43000009     0.040524694      0.14366944     -0.81522904
           0.13           0.076           0.032      0.35953696     0.024564454      0.15622079     -0.81071515
           0.13            0.08           0.032      0.31136174     0.012445725      0.16356388     -0.80725564
           0.13           0.084           0.032      0.28579723    0.0038846431      0.16677199     -0.80465142
           0.13           0.088           0.032      0.27571866   -0.0020062975      0.16650829      -0.8027124
           0.13           0.092           0.032      0.26717889   -0.0057582685      0.16174218     -0.80133119
           0.13           0.096           0.032       0.2342713   -0.0052354383      0.14728351     -0.80037066
           0.13             0.1           0.032               0               0               0     -0.79998349
           0.13          -0.096           0.036     -0.32782135   -0.0096610784    -0.050106058     -0.81307017
           0.13            -0.1           0.036               0               0               0     -0.81173489
           0.13          -0.092           0.036     -0.32336867    -0.014939751    -0.059704138     -0.81558438
           0.13          -0.088           0.036     -0.30521815    -0.018092986    -0.066636371     -0.81795661
           0.13          -0.084           0.036     -0.27731453     -0.01833031    -0.070328889     -0.82036455
           0.13           -0.08           0.036     -0.23823895     -0.01618167    -0.069753209     -0.82291825
           0.13          -0.076           0.036     -0.18614144    -0.012179813    -0.063776963     -0.82568913
           0.13          -0.072           0.036     -0.11899539   -0.0072023231    -0.051754047     -0.82853477
           0.13          -0.068           0.036    -0.033821351   -0.0025081914     -0.03375742     -0.83117103
           0.13          -0.064           0.036     0.074074732   0.00042720774    -0.010582807     -0.83297895
           0.13           -0.06           0.036      0.21116728  -0.00026727156     0.015866461     -0.83323433
           0.13          -0.056           0.036      0.38622971   -0.0071313568     0.042442275     -0.83152715
           0.13          -0.052           0.036      0.60606183     -0.02153651     0.066059831     -0.82709884
           0.13          -0.048           0.036      0.86826145    -0.041664311      0.08483935     -0.81904093
           0.13          -0.044           0.036       1.1623407    -0.063609277     0.096709315     -0.80811773
           0.13           -0.04           0.036       1.4667422    -0.084068538     0.098343083     -0.79601836
           0.13          -0.036           0.036       1.7358273     -0.10137531      0.08434155     -0.78505963
           0.13          -0.032           0.036       1.8838734     -0.11536852     0.046096609     -0.77829991
           0.13          -0.028           0.036       1.8806609     -0.13447236    -0.013551098      -0.7778665
           0.13          -0.024           0.036        1.892961     -0.16472911    -0.067833379     -0.77907169
           0.13           -0.02           0.036       2.0198223      -0.1930776    -0.096251089     -0.77860997
           0.13          -0.016           0.036       2.1731443     -0.21083771     -0.10157328      -0.7781265
           0.13          -0.012           0.036       2.2924055      -0.2214538     -0.09030239     -0.77784094
           0.13          -0.008           0.036       2.3675951     -0.22686183    -0.068083563     -0.77798725
           0.13          -0.004           0.036       2.4046021     -0.22701751    -0.041054678     -0.77807324
           0.13               0           0.036       2.3951671      -0.2202984    -0.014073721     -0.77819937
           0.13           0.004           0.036       2.3232637      -0.2057931    0.0087830689      -0.7790543
           0.13           0.008           0.036       2.1975277     -0.18410579       0.0250268     -0.78163806
           0.13           0.012           0.036       2.0604797     -0.15691959     0.032729267     -0.78627118
           0.13           0.016           0.036       1.9367178     -0.11969936     0.027514654     -0.79125446
           0.13            0.02           0.036       1.7972162    -0.066615602    0.0099734722     -0.79583273
           0.13           0.024           0.036       1.6211526     -0.00699801    -0.010411177     -0.80142138
           0.13           0.028           0.036       1.4339948     0.044491787    -0.026075678     -0.80838939
           0.13           0.032           0.036       1.2631371     0.082407162     -0.03457984     -0.81622653
           0.13           0.036           0.036       1.1155674      0.10730811    -0.035808282     -0.82439493
           0.13            0.04           0.036      0.98906138      0.12094568    -0.030411431      -0.8321638
           0.13           0.044           0.036      0.88040153      0.12465482    -0.018687507     -0.83858353
           0.13           0.048           0.036      0.78556801      0.11973624   -0.0010840184     -0.84270302
           0.13           0.052           0.036      0.69995639      0.10757919     0.021525606     -0.84401544
           0.13           0.056           0.036      0.61983894     0.089812593     0.047889238     -0.84254445
           0.13            0.06           0.036      0.54324599     0.068633226       0.0763351     -0.83860455
           0.13           0.064           0.036       0.4693134     0.046724836      0.10454233     -0.83284707
           0.13           0.068           0.036      0.39854896     0.026782335      0.12990884     -0.82621227
           0.13           0.072           0.036      0.33378372     0.010815696      0.15009038     -0.81973388
           0.13           0.076           0.036      0.28006762  -0.00042571009      0.16374806     -0.81412273
           0.13            0.08           0.036      0.24236243   -0.0073628501      0.17118873     -0.80963138
           0.13           0.084           0.036      0.22152075    -0.010943053       0.1739335     -0.80615997
           0.13           0.088           0.036      0.21210829    -0.012152681      0.17293097     -0.80357923
           0.13           0.092           0.036      0.20223343    -0.011782605      0.16712744     -0.80187646
           0.13           0.096           0.036       0.1683226   -0.0076846264      0.15077966     -0.80073665
           0.13             0.1           0.036               0               0               0     -0.80022924
           0.13          -0.096            0.04     -0.35455718    -0.016523007    -0.051762859     -0.81311099
           0.13            -0.1            0.04               0               0               0     -0.81128728
           0.13          -0.092            0.04     -0.35699057    -0.026156358    -0.066774376       -0.816275
           0.13          -0.088            0.04     -0.34335069    -0.032997839    -0.077920253     -0.81878501
           0.13          -0.084            0.04       -0.318094    -0.036305246    -0.085199513     -0.82105134
           0.13           -0.08            0.04     -0.28002487    -0.036860799    -0.087815436     -0.82336885
           0.13          -0.076            0.04     -0.22761143    -0.035240812    -0.084655966     -0.82592708
           0.13          -0.072            0.04      -0.1594351    -0.032268506    -0.074955112     -0.82861735
           0.13          -0.068            0.04    -0.073622788    -0.029018975    -0.058536878     -0.83114867
           0.13          -0.064            0.04      0.03296626    -0.026746151    -0.035838916     -0.83290678
           0.13           -0.06            0.04      0.16473495     -0.02659028   -0.0081146494     -0.83308675
           0.13          -0.056            0.04      0.32683353    -0.030258397     0.021998096     -0.83112905
           0.13          -0.052            0.04      0.52296302    -0.039145957     0.051258846     -0.82647104
           0.13          -0.048            0.04      0.75152649    -0.052278605     0.077050145     -0.81865376
           0.13          -0.044            0.04       1.0041327    -0.066781297     0.096704544     -0.80833909
           0.13           -0.04            0.04       1.2622571    -0.079572624      0.10678927     -0.79691417
           0.13          -0.036            0.04       1.4896909    -0.088492051      0.10199911     -0.78639609
           0.13          -0.032            0.04       1.6265031     -0.09327407     0.073270322      -0.7792378
           0.13          -0.028            0.04       1.6530813       -0.106481     0.017937026     -0.77824636
           0.13          -0.024            0.04       1.6934158     -0.13741498    -0.039436896     -0.77901759
           0.13           -0.02            0.04       1.8324588     -0.16931408    -0.073717674     -0.77806268
           0.13          -0.016            0.04        2.007424     -0.18919957    -0.084920462     -0.77724573
           0.13          -0.012            0.04       2.1531153     -0.19879725    -0.079307029     -0.77667737
           0.13          -0.008            0.04        2.249971     -0.20033828    -0.062853062     -0.77680436
           0.13          -0.004            0.04       2.3121962     -0.19490174    -0.041300357     -0.77700392
           0.13               0            0.04        2.346298     -0.18154853    -0.019086401      -0.7770636
           0.13           0.004            0.04         2.33777     -0.15962484  -0.00066972165     -0.77745257
           0.13           0.008            0.04       2.2665894     -0.12929227     0.008753125     -0.77933376
           0.13           0.012            0.04       2.1300841    -0.092330789    0.0036839915     -0.78354022
           0.13           0.016            0.04       1.9288925    -0.046633803    -0.017876976     -0.78896137
           0.13            0.02            0.04        1.682326    0.0082724518     -0.04358094     -0.79530023
           0.13           0.024            0.04       1.4323318     0.058300335     -0.06000443     -0.80277049
           0.13           0.028            0.04       1.2093579     0.092285784    -0.067229187     -0.81099439
           0.13           0.032            0.04       1.0241602      0.11200695    -0.067993923     -0.82002451
           0.13           0.036            0.04      0.87231246         0.12044    -0.063316267     -0.82901018
           0.13            0.04            0.04      0.74858187      0.11949927    -0.053236341     -0.83714359
           0.13           0.044            0.04      0.64777731       0.1106407     -0.03746887     -0.84376851
           0.13           0.048            0.04      0.56518986     0.095141577    -0.015966788      -0.8480652
           0.13           0.052            0.04      0.49610487     0.074517032      0.01073625     -0.84942288
           0.13           0.056            0.04      0.43585535     0.050787132     0.041229746     -0.84777496
           0.13            0.06            0.04      0.38076482     0.026507116      0.07336696     -0.84350242
           0.13           0.064            0.04      0.32865765    0.0044851274      0.10435815      -0.8372864
           0.13           0.068            0.04      0.27896608    -0.012889381      0.13136123     -0.83008754
           0.13           0.072            0.04      0.23327979    -0.024386364       0.1522389       -0.822949
           0.13           0.076            0.04      0.19527709    -0.030126694       0.1660855     -0.81658111
           0.13            0.08            0.04      0.16852522    -0.031274921       0.1736159     -0.81128898
           0.13           0.084            0.04      0.15340404    -0.029281922       0.1764421     -0.80711554
           0.13           0.088            0.04      0.14553539    -0.025207206      0.17545088     -0.80405392
           0.13           0.092            0.04      0.13471794    -0.019912245      0.16942014     -0.80215427
           0.13           0.096            0.04     0.099650799     -0.01151619       0.1522299     -0.80101771
           0.13             0.1            0.04               0               0               0     -0.80053214
           0.13          -0.096           0.044     -0.38461157    -0.021651088    -0.049322554      -0.8130114
           0.13            -0.1           0.044               0               0               0      -0.8108379
           0.13          -0.092           0.044     -0.39537584    -0.034595611    -0.070734838     -0.81656402
           0.13          -0.088           0.044     -0.38681552    -0.044783778    -0.086470052     -0.81902399
           0.13          -0.084           0.044     -0.36443115    -0.051207364    -0.097480814     -0.82102916
           0.13           -0.08           0.044     -0.32738162    -0.054789615     -0.10337975     -0.82297737
           0.13          -0.076           0.044     -0.27453476    -0.056060162     -0.10320813     -0.82513117
           0.13          -0.072           0.044     -0.20516554    -0.055728561    -0.096186656     -0.82741154
           0.13          -0.068           0.044     -0.11859678    -0.054654372    -0.081979354     -0.82953938
           0.13          -0.064           0.044    -0.013464898    -0.053847429    -0.060794383     -0.83098508
           0.13           -0.06           0.044      0.11236161    -0.054000316    -0.033478505     -0.83094718
           0.13          -0.056           0.044      0.26166314    -0.055784677   -0.0019412056     -0.82878573
           0.13          -0.052           0.044       0.4360598    -0.060171137      0.03077271     -0.82408354
           0.13          -0.048           0.044      0.63350282    -0.066974834     0.061384236     -0.81658102
           0.13          -0.044           0.044      0.84687749    -0.074279463     0.086656699     -0.80686824
           0.13           -0.04           0.044       1.0605313    -0.079612495      0.10289458     -0.79619535
           0.13          -0.036           0.044       1.2456393    -0.081117795      0.10497046     -0.78635707
           0.13          -0.032           0.044       1.3609387    -0.079183908     0.085362694     -0.77940352
           0.13          -0.028           0.044       1.3983493    -0.085786946     0.040342487     -0.77783755
           0.13          -0.024           0.044       1.4492561     -0.11201557    -0.011732032     -0.77811974
           0.13           -0.02           0.044       1.5795798     -0.14437298    -0.047384417     -0.77724192
           0.13          -0.016           0.044        1.747825     -0.16711874    -0.062530942     -0.77664649
           0.13          -0.012           0.044       1.8946889      -0.1780327    -0.062391218     -0.77637935
           0.13          -0.008           0.044       1.9928405     -0.17876866    -0.053210951     -0.77688701
           0.13          -0.004           0.044       2.0566489     -0.17115537    -0.039720907     -0.77754181
           0.13               0           0.044       2.1039485     -0.15486549    -0.025400136     -0.77786636
           0.13           0.004           0.044       2.1343686     -0.12897614    -0.013601443     -0.77797079
           0.13           0.008           0.044       2.1292605    -0.092971346   -0.0087758819      -0.7788467
           0.13           0.012           0.044       2.0502586    -0.046605113    -0.017132615     -0.78151162
           0.13           0.016           0.044       1.8408913    0.0078103677    -0.040570136     -0.78748583
           0.13            0.02           0.044       1.5395395     0.058294875    -0.064814633     -0.79682653
           0.13           0.024           0.044       1.2492426     0.092402915    -0.077827797     -0.80674772
           0.13           0.028           0.044        1.007646      0.10983056    -0.082201918     -0.81617465
           0.13           0.032           0.044      0.81587966      0.11500404    -0.080635495     -0.82536205
           0.13           0.036           0.044      0.66531146      0.11066158     -0.07375608     -0.83379156
           0.13            0.04           0.044      0.54714738      0.09869257    -0.061421404     -0.84111898
           0.13           0.044           0.044      0.45428551     0.080518951    -0.043426775     -0.84695872
           0.13           0.048           0.044      0.38102184      0.05746965    -0.019838272     -0.85066185
           0.13           0.052           0.044      0.32264473     0.031198063     0.008731459     -0.85168207
           0.13           0.056           0.044      0.27498003    0.0041447121     0.040589469     -0.84983482
           0.13            0.06           0.044      0.23408696    -0.020767561     0.073251426     -0.84540888
           0.13           0.064           0.044      0.19713247    -0.040888165       0.1039205     -0.83908698
           0.13           0.068           0.044      0.16303754    -0.054376587      0.13003101     -0.83175511
           0.13           0.072           0.044      0.13248935    -0.060732237      0.14998133     -0.82432896
           0.13           0.076           0.044      0.10766088    -0.060721811      0.16341287     -0.81750723
           0.13            0.08           0.044     0.090518599    -0.055965038      0.17116384     -0.81171465
           0.13           0.084           0.044     0.080681705    -0.048225982       0.1745166      -0.8071655
           0.13           0.088           0.044     0.074326368    -0.038700858      0.17410872     -0.80394722
           0.13           0.092           0.044     0.062565078    -0.028271719      0.16859338     -0.80210183
           0.13           0.096           0.044       0.0260578    -0.015547781      0.15144252     -0.80116516
           0.13             0.1           0.044               0               0               0     -0.80080335
           0.13          -0.096           0.048     -0.41839964    -0.023773635    -0.044092439     -0.81285323
           0.13            -0.1           0.048               0               0               0     -0.81061323
           0.13          -0.092           0.048     -0.43928461    -0.039195462    -0.071974483     -0.81637251
           0.13          -0.088           0.048     -0.43659951     -0.05221573    -0.092041092     -0.81858844
           0.13          -0.084           0.048     -0.41743949    -0.061664782     -0.10643757     -0.82024075
           0.13           -0.08           0.048     -0.38157781    -0.068448965     -0.11529591      -0.8217248
           0.13          -0.076           0.048     -0.32841864    -0.072962067     -0.11792424     -0.82332356
           0.13          -0.072           0.048     -0.25793809     -0.07573813     -0.11362291     -0.82498046
           0.13          -0.068           0.048      -0.1705823    -0.077414729     -0.10196782      -0.8264738
           0.13          -0.064           0.048    -0.066767785    -0.078728142    -0.083018443     -0.82736098
           0.13           -0.06           0.048     0.053547217    -0.080126069    -0.057413686     -0.82696803
           0.13          -0.056           0.048      0.19103833    -0.081628899    -0.026564569      -0.8246684
           0.13          -0.052           0.048      0.34620865    -0.083332738     0.007093365     -0.82005622
           0.13          -0.048           0.048      0.51653099     -0.08529552     0.040203124     -0.81294975
           0.13          -0.044           0.048      0.69526027    -0.086609565     0.068987138     -0.80389521
           0.13           -0.04           0.048      0.86966373    -0.085652481     0.089429441     -0.79407676
           0.13          -0.036           0.048       1.0176868    -0.081392912     0.096605443     -0.78508942
           0.13          -0.032           0.048       1.1117997    -0.075153245     0.084540917     -0.77864955
           0.13          -0.028           0.048       1.1493591    -0.076597143     0.050747139     -0.77655326
           0.13          -0.024           0.048       1.1913478    -0.095367828    0.0090823705     -0.77662654
           0.13           -0.02           0.048       1.2869971     -0.12313079    -0.021921419     -0.77645929
           0.13          -0.016           0.048       1.4120175     -0.14530497    -0.037000246     -0.77678875
           0.13          -0.012           0.048       1.5206847     -0.15638625    -0.040073095      -0.7778939
           0.13          -0.008           0.048       1.5904288     -0.15703477     -0.03718595     -0.77988927
           0.13          -0.004           0.048       1.6315102     -0.14914945    -0.031545805     -0.78216239
           0.13               0           0.048       1.6593898     -0.13288654    -0.025009035     -0.78417067
           0.13           0.004           0.048       1.6753349     -0.10730502     -0.01980792     -0.78587812
           0.13           0.008           0.048       1.6673046    -0.071757053    -0.019109588     -0.78805787
           0.13           0.012           0.048       1.6079119     -0.02584191    -0.026310931     -0.79150611
           0.13           0.016           0.048       1.4539951     0.025558485    -0.042782719     -0.79814511
           0.13            0.02           0.048       1.2216581     0.067111836    -0.062296321     -0.80728117
           0.13           0.024           0.048      0.98284878     0.089915872     -0.07612782     -0.81588816
           0.13           0.028           0.048      0.77605975     0.097562122    -0.081938992     -0.82370394
           0.13           0.032           0.048      0.60752003     0.094075809    -0.080624697     -0.83097751
           0.13           0.036           0.048      0.47327782      0.08193476    -0.073044185     -0.83758525
           0.13            0.04           0.048      0.36771999     0.062957225    -0.059554658     -0.84337575
           0.13           0.044           0.048      0.28547857     0.038845255    -0.040304999     -0.84795994
           0.13           0.048           0.048       0.2216094     0.011373531    -0.015802727     -0.85072079
           0.13           0.052           0.048      0.17203015    -0.017314527     0.012790796     -0.85112141
           0.13           0.056           0.048      0.13307481    -0.044595751     0.043533048     -0.84895612
           0.13            0.06           0.048      0.10126177    -0.067692795     0.074110957     -0.84448451
           0.13           0.064           0.048     0.074083863    -0.084391893       0.1022244     -0.83826699
           0.13           0.068           0.048     0.050525267    -0.093404118      0.12598539      -0.8310103
           0.13           0.072           0.048     0.030790829    -0.094605229      0.14430968     -0.82351493
           0.13           0.076           0.048     0.015770643    -0.088997668        0.157045     -0.81654026
           0.13            0.08           0.048    0.0060181527     -0.07836633      0.16492603      -0.8106647
           0.13           0.084           0.048   0.00043684313    -0.064739558      0.16896249     -0.80620621
           0.13           0.088           0.048   -0.0047423926    -0.049738648      0.16950796     -0.80326336
           0.13           0.092           0.048    -0.017364924    -0.034436193      0.16515221     -0.80179743
           0.13           0.096           0.048     -0.05468183    -0.018071577      0.14913134     -0.80128195
           0.13             0.1           0.048               0               0               0      -0.8011425
           0.13          -0.096           0.052     -0.45619289    -0.022465817    -0.037984137     -0.81256501
           0.13            -0.1           0.052               0               0               0      -0.8105644
           0.13          -0.092           0.052     -0.48938133    -0.039231931     -0.07105912     -0.81560617
           0.13          -0.088           0.052      -0.4932667    -0.054490199    -0.094573636     -0.81739558
           0.13          -0.084           0.052     -0.47744896    -0.066712516     -0.11158437      -0.8186291
           0.13           -0.08           0.052     -0.44282532    -0.076656486     -0.12272983     -0.81958659
           0.13          -0.076           0.052     -0.38953804    -0.084518217     -0.12765568     -0.82051936
           0.13          -0.072           0.052     -0.31816576    -0.090623074     -0.12581267     -0.82138881
           0.13          -0.068           0.052     -0.23003031     -0.09539332     -0.11674621     -0.82207147
           0.13          -0.064           0.052     -0.12713393    -0.099338144     -0.10043282     -0.82227036
           0.13           -0.06           0.052    -0.011398277     -0.10272452    -0.077456718     -0.82145897
           0.13          -0.056           0.052      0.11589972     -0.10522023    -0.048978709     -0.81904448
           0.13          -0.052           0.052      0.25424552     -0.10621344    -0.016764841     -0.81459373
           0.13          -0.048           0.052      0.40161533     -0.10536731     0.016414531     -0.80803748
           0.13          -0.044           0.052       0.5516449     -0.10242661     0.046676418     -0.79983175
           0.13           -0.04           0.052      0.69359079    -0.096808571     0.069686462     -0.79099366
           0.13          -0.036           0.052      0.81157364    -0.088346194      0.08078418     -0.78302101
           0.13          -0.032           0.052      0.88776704    -0.079076682     0.075325727     -0.77738156
           0.13          -0.028           0.052      0.92102822    -0.076372321     0.052021606      -0.7752355
           0.13          -0.024           0.052      0.94660008    -0.087229711     0.020908684     -0.77533844
           0.13           -0.02           0.052      0.99911505     -0.10674118   -0.0042435592      -0.7760137
           0.13          -0.016           0.052       1.0687709     -0.12362158    -0.018745237     -0.77760959
           0.13          -0.012           0.052       1.1272322     -0.13175332    -0.025612115      -0.7804269
           0.13          -0.008           0.052       1.1629161     -0.13084478    -0.029442277     -0.78422189
           0.13          -0.004           0.052       1.1817822     -0.12211027    -0.031794211     -0.78839889
           0.13               0           0.052       1.1908922     -0.10567331    -0.033007397     -0.79253332
           0.13           0.004           0.052       1.1886384    -0.081064205    -0.034238595     -0.79656497
           0.13           0.008           0.052       1.1656432    -0.048651258     -0.03754761     -0.80090898
           0.13           0.012           0.052       1.1057756    -0.010106937    -0.044773041     -0.80586539
           0.13           0.016           0.052      0.99539447     0.028009097    -0.056385088     -0.81196785
           0.13            0.02           0.052      0.84609701     0.055513004    -0.068993748     -0.81854141
           0.13           0.024           0.052      0.68601235     0.068522572    -0.077655813     -0.82432511
           0.13           0.028           0.052      0.53501642     0.069133293    -0.080259557     -0.82954783
           0.13           0.032           0.052      0.40289994     0.059850025    -0.076500813     -0.83455217
           0.13           0.036           0.052      0.29294829     0.042756756    -0.066840835     -0.83939936
           0.13            0.04           0.052      0.20482939     0.019709408    -0.051803368     -0.84381335
           0.13           0.044           0.052      0.13579609   -0.0072181722    -0.031836017      -0.8471234
           0.13           0.048           0.052     0.081874217    -0.035849372   -0.0077160265     -0.84874155
           0.13           0.052           0.052     0.039423966    -0.063947213     0.019241585     -0.84831872
           0.13           0.056           0.052    0.0055814362    -0.089140495     0.047295547     -0.84574476
           0.13            0.06           0.052    -0.021987472     -0.10908569     0.074597418     -0.84126438
           0.13           0.064           0.052    -0.044551588     -0.12189318     0.099368917     -0.83520713
           0.13           0.068           0.052    -0.062632143     -0.12651374      0.12022847     -0.82810452
           0.13           0.072           0.052    -0.076458191     -0.12287467      0.13645035      -0.8207826
           0.13           0.076           0.052    -0.085923663     -0.11195936      0.14808016      -0.8140808
           0.13            0.08           0.052    -0.091077437    -0.095651188      0.15587297     -0.80859947
           0.13           0.084           0.052    -0.093342859    -0.076244193      0.16073801     -0.80463777
           0.13           0.088           0.052    -0.096751106    -0.055971553      0.16274603     -0.80229238
           0.13           0.092           0.052     -0.10855577    -0.036352268      0.16029945      -0.8014283
           0.13           0.096           0.052     -0.14299619    -0.017623687      0.14669727     -0.80149555
           0.13             0.1           0.052               0               0               0      -0.8016641
           0.13          -0.096           0.056     -0.49948928     -0.01766847    -0.033217722     -0.81193295
           0.13            -0.1           0.056               0               0               0     -0.81042307
           0.13          -0.092           0.056      -0.5469799    -0.034691844    -0.068721119     -0.81414525
           0.13          -0.088           0.056      -0.5572787    -0.051480943    -0.094183947     -0.81537903
           0.13          -0.084           0.056      -0.5441531    -0.066015686     -0.11271517      -0.8161536
           0.13           -0.08           0.056     -0.51036962    -0.078808372     -0.12522212     -0.81654644
           0.13          -0.076           0.056     -0.45703665    -0.089822648     -0.13166824     -0.81671597
           0.13          -0.072           0.056     -0.38508605    -0.099181916     -0.13170816     -0.81664602
           0.13          -0.068           0.056     -0.29626599      -0.1071243     -0.12495692     -0.81640691
           0.13          -0.064           0.056     -0.19378675     -0.11394396     -0.11142456      -0.8159245
           0.13           -0.06           0.056    -0.081497817     -0.11972673    -0.091683916     -0.81474445
           0.13          -0.056           0.056     0.037544937     -0.12399818    -0.066672807     -0.81222633
           0.13          -0.052           0.056      0.16170174     -0.12581923    -0.037676787     -0.80796521
           0.13          -0.048           0.056      0.28969362     -0.12427649   -0.0067081153     -0.80202709
           0.13          -0.044           0.056      0.41675154     -0.11909314     0.022893881     -0.79486925
           0.13           -0.04           0.056      0.53359085     -0.11055923     0.046817482     -0.78725284
           0.13          -0.036           0.056      0.62871353    -0.099376093     0.060638152      -0.7803927
           0.13          -0.032           0.056      0.69112053    -0.087820791      0.06061445      -0.7756166
           0.13          -0.028           0.056      0.71999114    -0.081353113       0.0460033     -0.77378098
           0.13          -0.024           0.056      0.73438315    -0.084655613     0.023461007     -0.77412265
           0.13           -0.02           0.056      0.75693386     -0.09482018    0.0024104212     -0.77557831
           0.13          -0.016           0.056      0.78903834     -0.10422499    -0.013473898     -0.77816953
           0.13          -0.012           0.056      0.81828845     -0.10777614    -0.025749225     -0.78195393
           0.13          -0.008           0.056      0.83782049      -0.1045145    -0.036603682     -0.78667397
           0.13          -0.004           0.056      0.84764364    -0.094860275    -0.046246234     -0.79184519
           0.13               0           0.056      0.84731453     -0.07870529    -0.054301405     -0.79713718
           0.13           0.004           0.056      0.83335408    -0.056131236    -0.061032269     -0.80242095
           0.13           0.008           0.056      0.80028169     -0.02858774    -0.067072693     -0.80777543
           0.13           0.012           0.056      0.74162165   0.00055074504    -0.072579843     -0.81326088
           0.13           0.016           0.056      0.65558974     0.025171464    -0.077471608     -0.81880211
           0.13            0.02           0.056      0.54933583     0.039667592    -0.080885664      -0.8238289
           0.13           0.024           0.056        0.434301      0.04303368    -0.081295934     -0.82803213
           0.13           0.028           0.056      0.32183776     0.036735028    -0.077799206     -0.83193083
           0.13           0.032           0.056      0.22045936     0.022469753    -0.069933989     -0.83584243
           0.13           0.036           0.056      0.13456202    0.0021425419    -0.057726854     -0.83958926
           0.13            0.04           0.056     0.064411593    -0.022355412    -0.041466275     -0.84267283
           0.13           0.044           0.056    0.0075586053     -0.04923844    -0.021590036     -0.84452104
           0.13           0.048           0.056    -0.039149144    -0.076613234    0.0011976087     -0.84492336
           0.13           0.052           0.056    -0.078294251      -0.1024688     0.025799096     -0.84380422
           0.13           0.056           0.056     -0.11138507     -0.12463929      0.05071949     -0.84102642
           0.13            0.06           0.056     -0.13944138     -0.14098821     0.074404114     -0.83661993
           0.13           0.064           0.056      -0.1626703     -0.14987945     0.095540761     -0.83077975
           0.13           0.068           0.056     -0.18108418     -0.15039214       0.1131498     -0.82407354
           0.13           0.072           0.056     -0.19471172     -0.14239239      0.12686645     -0.81733918
           0.13           0.076           0.056     -0.20320486     -0.12686349      0.13714977     -0.81131284
           0.13            0.08           0.056     -0.20647556     -0.10583189      0.14491757     -0.80650149
           0.13           0.084           0.056     -0.20597777    -0.081739784      0.15092327     -0.80317789
           0.13           0.088           0.056     -0.20583865    -0.057251235      0.15498598     -0.80148032
           0.13           0.092           0.056     -0.21297504    -0.034310915      0.15524117     -0.80120352
           0.13           0.096           0.056     -0.23713984    -0.014627221      0.14500787     -0.80181276
           0.13             0.1           0.056               0               0               0     -0.80227255
           0.13          -0.096            0.06     -0.55392348    -0.010752218    -0.031785391     -0.81070875
           0.13            -0.1            0.06               0               0               0     -0.80981385
           0.13          -0.092            0.06     -0.61465178    -0.026626491    -0.065630528     -0.81192743
           0.13          -0.088            0.06     -0.62900887    -0.043965641    -0.091120102     -0.81254217
           0.13          -0.084            0.06     -0.61653979    -0.060064906     -0.10994144     -0.81284115
           0.13           -0.08            0.06     -0.58246469    -0.075060608     -0.12279202     -0.81268143
           0.13          -0.076            0.06     -0.52894394    -0.088654834     -0.12981542     -0.81209007
           0.13          -0.072            0.06     -0.45689184     -0.10081764     -0.13091025     -0.81106012
           0.13          -0.068            0.06     -0.36774036     -0.11159842     -0.12596819     -0.80989367
           0.13          -0.064            0.06     -0.26534679      -0.1210684     -0.11513296      -0.8087445
           0.13           -0.06            0.06     -0.15530592     -0.12923736    -0.098892142     -0.80722487
           0.13          -0.056            0.06    -0.042449853     -0.13563547    -0.077961877     -0.80470927
           0.13          -0.052            0.06     0.070550237     -0.13917787    -0.053272369     -0.80075184
           0.13          -0.048            0.06      0.18251578     -0.13860742    -0.026237937     -0.79537323
           0.13          -0.044            0.06      0.29107788     -0.13322972   0.00070759466     -0.78915884
           0.13           -0.04            0.06       0.3895314     -0.12350919     0.023850654     -0.78287573
           0.13          -0.036            0.06      0.46886899      -0.1108889     0.038988624     -0.77731787
           0.13          -0.032            0.06      0.52236675    -0.097751146     0.042875957     -0.77348218
           0.13          -0.028            0.06      0.55004154    -0.088078274     0.034813074     -0.77212994
           0.13          -0.024            0.06      0.56284816    -0.085015287     0.018771881     -0.77286439
           0.13           -0.02            0.06      0.57583575    -0.087029489    0.0006766829     -0.77498734
           0.13          -0.016            0.06      0.59598391    -0.089497744     -0.01644541     -0.77827335
           0.13          -0.012            0.06      0.61943233    -0.088779597    -0.032472621     -0.78261822
           0.13          -0.008            0.06      0.63853095     -0.08359442    -0.047745237     -0.78789703
           0.13          -0.004            0.06      0.64707049    -0.073668279    -0.061769905     -0.79376221
           0.13               0            0.06      0.63985603    -0.058618369    -0.073844173     -0.79987536
           0.13           0.004            0.06      0.61331705    -0.038809475    -0.083327915     -0.80597947
           0.13           0.008            0.06      0.56636818     -0.01648742    -0.089443308     -0.81194349
           0.13           0.012            0.06      0.50062146    0.0039398206    -0.091436111     -0.81761825
           0.13           0.016            0.06      0.42032675     0.017562785    -0.089834639     -0.82260712
           0.13            0.02            0.06      0.33120758     0.021938368    -0.085948477     -0.82657351
           0.13           0.024            0.06      0.23970065     0.017622724    -0.080099486     -0.82980118
           0.13           0.028            0.06      0.15269442    0.0062100369    -0.071907505     -0.83281794
           0.13           0.032            0.06     0.074965942    -0.010819862    -0.061060992     -0.83566963
           0.13           0.036            0.06    0.0080191683    -0.032068528    -0.047431492     -0.83802525
           0.13            0.04            0.06    -0.049272218    -0.056062188    -0.030905862     -0.83955497
           0.13           0.044            0.06    -0.099205072    -0.081426861    -0.011668923     -0.84013853
           0.13           0.048            0.06     -0.14351254     -0.10657087    0.0095292012     -0.83980011
           0.13           0.052            0.06     -0.18328249     -0.12952136     0.031552734     -0.83839955
           0.13           0.056            0.06     -0.21926349     -0.14826055     0.053103706     -0.83571229
           0.13            0.06            0.06     -0.25175704     -0.16088869     0.072967733     -0.83161339
           0.13           0.064            0.06     -0.28040539     -0.16601641     0.090218555     -0.82627683
           0.13           0.068            0.06     -0.30441948     -0.16292998      0.10431787     -0.82031704
           0.13           0.072            0.06     -0.32267902     -0.15161921       0.1154366     -0.81445585
           0.13           0.076            0.06     -0.33393571     -0.13314442      0.12444099     -0.80925118
           0.13            0.08            0.06     -0.33762218     -0.10949483      0.13234626     -0.80512821
           0.13           0.084            0.06     -0.33497643    -0.082953721      0.13973134     -0.80236574
           0.13           0.088            0.06     -0.32977553    -0.056256465       0.1461685     -0.80115828
           0.13           0.092            0.06      -0.3281214    -0.031527492      0.14961275     -0.80125691
           0.13           0.096            0.06     -0.33395169    -0.011639916      0.14334686     -0.80215262
           0.13             0.1            0.06               0               0               0     -0.80276191
           0.13          -0.096           0.064     -0.62910588   -0.0040626782    -0.034151236     -0.80866094
           0.13            -0.1           0.064               0               0               0      -0.8083083
           0.13          -0.092           0.064     -0.69497013    -0.017249671    -0.062398581     -0.80899748
           0.13          -0.088           0.064     -0.70779991    -0.033762486     -0.08586093     -0.80901571
           0.13          -0.084           0.064     -0.69245652    -0.050378573     -0.10376629     -0.80885215
           0.13           -0.08           0.064     -0.65625732     -0.06661227     -0.11605447     -0.80822852
           0.13          -0.076           0.064     -0.60205075    -0.081876515     -0.12276685     -0.80706611
           0.13          -0.072           0.064     -0.53041002    -0.095964419     -0.12399563     -0.80532816
           0.13          -0.068           0.064     -0.44176462     -0.10878147      -0.1200553     -0.80338285
           0.13          -0.064           0.064     -0.33975956     -0.12027064      -0.1113865      -0.8015728
           0.13           -0.06           0.064     -0.23112043      -0.1304246    -0.098496698     -0.79969052
           0.13          -0.056           0.064     -0.12228188     -0.13881546    -0.081901842      -0.7972224
           0.13          -0.052           0.064    -0.017133956     -0.14436626    -0.062166012     -0.79368998
           0.13          -0.048           0.064     0.082847871     -0.14565665    -0.040148296     -0.78896807
           0.13          -0.044           0.064      0.17687841     -0.14162912    -0.017424255     -0.78352531
           0.13           -0.04           0.064      0.26188559       -0.132383    0.0032700783     -0.77825572
           0.13          -0.036           0.064       0.3318009     -0.11949177     0.018250775     -0.77393589
           0.13          -0.032           0.064      0.38194867     -0.10556888      0.02440816     -0.77114356
           0.13          -0.028           0.064      0.41330741    -0.093766267     0.020817414     -0.77038011
           0.13          -0.024           0.064      0.43361541    -0.086360608    0.0095574675     -0.77152247
           0.13           -0.02           0.064      0.45396904    -0.082850122    -0.005805528     -0.77409081
           0.13          -0.016           0.064      0.48111729     -0.08065478    -0.022592935     -0.77779564
           0.13          -0.012           0.064       0.5119836    -0.077290948    -0.039562806     -0.78256392
           0.13          -0.008           0.064      0.53688192    -0.071405298    -0.056167249     -0.78834594
           0.13          -0.004           0.064      0.54571984    -0.062175064    -0.071723873     -0.79481519
           0.13               0           0.064      0.53099365    -0.048848195    -0.085234007     -0.80151711
           0.13           0.004           0.064      0.48997866    -0.031728189    -0.095222215     -0.80802331
           0.13           0.008           0.064      0.42594905    -0.013481158    -0.099908288     -0.81408232
           0.13           0.012           0.064      0.34714206   0.00094188849    -0.098348988     -0.81950899
           0.13           0.016           0.064      0.26255534    0.0073768296    -0.092016761     -0.82396554
           0.13            0.02           0.064      0.17893195    0.0052359162     -0.08345231      -0.8272924
           0.13           0.024           0.064      0.10063383    -0.003743392    -0.073955428      -0.8297752
           0.13           0.028           0.064     0.029846813     -0.01775665     -0.06347731     -0.83177362
           0.13           0.032           0.064    -0.033165758    -0.035574565    -0.051385473     -0.83336069
           0.13           0.036           0.064    -0.089471387    -0.056331584    -0.037222835     -0.83442915
           0.13            0.04           0.064     -0.14069008    -0.079017878    -0.020840115     -0.83495418
           0.13           0.044           0.064     -0.18832825     -0.10233533   -0.0025804782      -0.8349706
           0.13           0.048           0.064     -0.23322976     -0.12471722     0.016635691     -0.83438513
           0.13           0.052           0.064     -0.27595349     -0.14439139     0.035713827     -0.83298768
           0.13           0.056           0.064     -0.31690367     -0.15959462     0.053626114     -0.83060159
           0.13            0.06           0.064     -0.35588526     -0.16873202     0.069494582     -0.82708789
           0.13           0.064           0.064     -0.39217539     -0.17070583     0.082740796     -0.82257164
           0.13           0.068           0.064     -0.42422151     -0.16516364     0.093243159     -0.81755721
           0.13           0.072           0.064     -0.44967441     -0.15240246      0.10169542      -0.8126113
           0.13           0.076           0.064      -0.4662109     -0.13343008      0.10937474     -0.80816772
           0.13            0.08           0.064       -0.472549      -0.1098476      0.11737628      -0.8046035
           0.13           0.084           0.064     -0.46931351    -0.083435598      0.12612201     -0.80221388
           0.13           0.088           0.064      -0.4593087    -0.056625081      0.13500127     -0.80124158
           0.13           0.092           0.064     -0.44718072    -0.031432395      0.14179321     -0.80143653
           0.13           0.096           0.064     -0.43096451    -0.011079208      0.13992109     -0.80234903
           0.13             0.1           0.064               0               0               0     -0.80297052
           0.13          -0.096           0.068     -0.72494364    0.0001807534    -0.038818746     -0.80581788
           0.13            -0.1           0.068               0               0               0     -0.80581448
           0.13          -0.092           0.068      -0.7850817   -0.0092577304    -0.059697356     -0.80556303
           0.13          -0.088           0.068     -0.78984861    -0.023555212    -0.079269489     -0.80510031
           0.13          -0.084           0.068      -0.7679819    -0.039532012    -0.095118691     -0.80453258
           0.13           -0.08           0.068     -0.72774765    -0.055928839     -0.10615652     -0.80357497
           0.13          -0.076           0.068     -0.67200098    -0.071815224     -0.11193832     -0.80211062
           0.13          -0.072           0.068      -0.6009343    -0.086744548     -0.11247629     -0.80005396
           0.13          -0.068           0.068     -0.51388271     -0.10057006     -0.10846481     -0.79763449
           0.13          -0.064           0.068     -0.41344158     -0.11316739     -0.10093775     -0.79528387
           0.13           -0.06           0.068     -0.30633322     -0.12449923    -0.090757361      -0.7930304
           0.13          -0.056           0.068     -0.19992529     -0.13426291    -0.078350388     -0.79052868
           0.13          -0.052           0.068    -0.099317991     -0.14148768    -0.063845668     -0.78738804
           0.13          -0.048           0.068   -0.0066134942     -0.14474841    -0.047477431     -0.78340717
           0.13          -0.044           0.068     0.077902678     -0.14275756    -0.030026651     -0.77881753
           0.13           -0.04           0.068      0.15389043     -0.13518913    -0.013212187       -0.774363
           0.13          -0.036           0.068      0.21910635     -0.12327865   0.00016559498     -0.77092105
           0.13          -0.032           0.068      0.27100439     -0.10960247    0.0071785127     -0.76899332
           0.13          -0.028           0.068      0.31094339    -0.097086875    0.0064842354     -0.76877463
           0.13          -0.024           0.068       0.3452316    -0.087695725     -0.00110896      -0.7701941
           0.13           -0.02           0.068      0.38169313     -0.08152615    -0.013533586     -0.77294755
           0.13          -0.016           0.068      0.42316996    -0.077132637     -0.02854687     -0.77686626
           0.13          -0.012           0.068      0.46410743     -0.07274726    -0.044482915     -0.78201672
           0.13          -0.008           0.068      0.49378835       -0.067102    -0.060374825     -0.78834636
           0.13          -0.004           0.068      0.50100532    -0.059092385    -0.075440137     -0.79542882
           0.13               0           0.068      0.47760626    -0.047605136    -0.088447494     -0.80261844
           0.13           0.004           0.068      0.42185816    -0.032602677    -0.097415544     -0.80928005
           0.13           0.008           0.068      0.34051177    -0.016841296     -0.10008832     -0.81512207
           0.13           0.012           0.068       0.2471889   -0.0058137106    -0.095622589     -0.82014416
           0.13           0.016           0.068      0.15582376   -0.0033862771    -0.086289938     -0.82407074
           0.13            0.02           0.068     0.074069976   -0.0088771417    -0.075524484     -0.82661096
           0.13           0.024           0.068    0.0030370079    -0.019740475    -0.064793475     -0.82810329
           0.13           0.028           0.068     -0.05911893    -0.034273209    -0.053685912      -0.8290792
           0.13           0.032           0.068     -0.11479836    -0.051645747    -0.041316132     -0.82973718
           0.13           0.036           0.068     -0.16612799    -0.071157137    -0.027209693     -0.83009976
           0.13            0.04           0.068       -0.214838    -0.091892949    -0.011494126     -0.83018932
           0.13           0.044           0.068     -0.26215441     -0.11266133    0.0052015408     -0.82997981
           0.13           0.048           0.068     -0.30878442     -0.13202882     0.021938579     -0.82933511
           0.13           0.052           0.068     -0.35519656     -0.14844581     0.037770923     -0.82808547
           0.13           0.056           0.068     -0.40145076      -0.1604377     0.051885915      -0.8260995
           0.13            0.06           0.068     -0.44692395      -0.1667898     0.063720219     -0.82326666
           0.13           0.064           0.068     -0.49043459     -0.16676242     0.073062037     -0.81964336
           0.13           0.068           0.068     -0.53005275     -0.16033316     0.080169602     -0.81556424
           0.13           0.072           0.068     -0.56294142     -0.14807113      0.08606648     -0.81144342
           0.13           0.076           0.068     -0.58615025     -0.13081087     0.092265714     -0.80763019
           0.13            0.08           0.068     -0.59766496     -0.10950867     0.099977056     -0.80447383
           0.13           0.084           0.068     -0.59691481    -0.085251174      0.10963236     -0.80227215
           0.13           0.088           0.068     -0.58505011    -0.059770612      0.12060399     -0.80130243
           0.13           0.092           0.068     -0.56458399    -0.034667706      0.13049065     -0.80139871
           0.13           0.096           0.068     -0.52804354    -0.013142317      0.13314376     -0.80221202
           0.13             0.1           0.068               0               0               0     -0.80279311
           0.13          -0.096           0.072     -0.82464981    0.0019809998    -0.043882682     -0.80257374
           0.13            -0.1           0.072               0               0               0     -0.80277645
           0.13          -0.092           0.072     -0.87391089   -0.0044570997    -0.057743488     -0.80198375
           0.13          -0.088           0.072     -0.86752776    -0.016100085    -0.072343966     -0.80122623
           0.13          -0.084           0.072      -0.8376485    -0.030573964    -0.085211324     -0.80036287
           0.13           -0.08           0.072     -0.79244826     -0.04622898    -0.094480839      -0.7991712
           0.13          -0.076           0.072     -0.73428603     -0.06185377    -0.098998517     -0.79758984
           0.13          -0.072           0.072     -0.66332357    -0.076690966    -0.098382616     -0.79552876
           0.13          -0.068           0.072     -0.57846961    -0.090497766     -0.09346412      -0.7930001
           0.13          -0.064           0.072     -0.48105347     -0.10313469    -0.085941569     -0.79037066
           0.13           -0.06           0.072     -0.37669734     -0.11458716    -0.077334313     -0.78784602
           0.13          -0.056           0.072     -0.27258562     -0.12477288    -0.068324247     -0.78524461
           0.13          -0.052           0.072     -0.17441796     -0.13292871    -0.058772682     -0.78229852
           0.13          -0.048           0.072    -0.084942184      -0.1377385    -0.048256195     -0.77885488
           0.13          -0.044           0.072    -0.004432152     -0.13783778    -0.036667004     -0.77504093
           0.13           -0.04           0.072     0.067918983     -0.13254944    -0.024674328     -0.77136431
           0.13          -0.036           0.072       0.1326427     -0.12264999     -0.01404367     -0.76856682
           0.13          -0.032           0.072      0.18974266     -0.11040454   -0.0072322519     -0.76717576
           0.13          -0.028           0.072        0.240806    -0.098588315    -0.006014625     -0.76730655
           0.13          -0.024           0.072      0.29041694    -0.089078008    -0.010615387     -0.76886011
           0.13           -0.02           0.072      0.34300671    -0.082206529    -0.020026782     -0.77169156
           0.13          -0.016           0.072      0.39743737        -0.07716    -0.032567508     -0.77579656
           0.13          -0.012           0.072      0.44586832    -0.072775115    -0.046510632     -0.78133252
           0.13          -0.008           0.072      0.47751436    -0.067917962    -0.060648912     -0.78822962
           0.13          -0.004           0.072      0.48146808    -0.061309324    -0.074081268     -0.79592036
           0.13               0           0.072      0.44952253    -0.051518113    -0.085464631     -0.80352588
           0.13           0.004           0.072      0.38070218    -0.038012409    -0.092691318     -0.81020048
           0.13           0.008           0.072      0.28385848    -0.023501764    -0.093495482     -0.81573671
           0.13           0.012           0.072      0.17712542    -0.014040552    -0.087142291     -0.82037773
           0.13           0.016           0.072       0.0794911    -0.013358064    -0.076375928     -0.82367688
           0.13            0.02           0.072   -0.0014987979    -0.019876462    -0.065070441     -0.82524999
           0.13           0.024           0.072    -0.068601128     -0.03071056    -0.054359343     -0.82577449
           0.13           0.028           0.072     -0.12630306     -0.04439549    -0.043408795     -0.82597055
           0.13           0.032           0.072     -0.17812879    -0.060328232    -0.031371544     -0.82603114
           0.13           0.036           0.072     -0.22675295    -0.077872006     -0.01797567     -0.82598208
           0.13            0.04           0.072     -0.27415911    -0.096163926    -0.003552262     -0.82583847
           0.13           0.044           0.072     -0.32163457     -0.11412537     0.011129663     -0.82553341
           0.13           0.048           0.072     -0.37000238     -0.13050091     0.025149993     -0.82492603
           0.13           0.052           0.072     -0.41969063     -0.14398108     0.037671712     -0.82387885
           0.13           0.056           0.072     -0.47046194     -0.15339913     0.048070468     -0.82227388
           0.13            0.06           0.072     -0.52136941     -0.15790431     0.056085786     -0.82001708
           0.13           0.064           0.072     -0.57084784     -0.15709241     0.061885108     -0.81712539
           0.13           0.068           0.072      -0.6167519     -0.15112143     0.066095274     -0.81380264
           0.13           0.072           0.072     -0.65634501     -0.14059267     0.069869965       -0.810335
           0.13           0.076           0.072     -0.68677121     -0.12613172     0.074652138     -0.80701744
           0.13            0.08           0.072     -0.70553635     -0.10819076     0.081649751     -0.80416869
           0.13           0.084           0.072     -0.71078513     -0.08717451     0.091398607     -0.80207032
           0.13           0.088           0.072     -0.70169756    -0.063885815      0.10341595     -0.80102521
           0.13           0.092           0.072     -0.67760739    -0.039326345      0.11553085     -0.80096842
           0.13           0.096           0.072     -0.62573575    -0.016525331      0.12239123      -0.8016973
           0.13             0.1           0.072               0               0               0     -0.80226891
           0.13          -0.096           0.076      -0.9094687    0.0018492683    -0.047903809     -0.79934824
           0.13            -0.1           0.076               0               0               0     -0.79963233
           0.13          -0.092           0.076     -0.94918745   -0.0034384162    -0.055898909     -0.79865435
           0.13          -0.088           0.076     -0.93296756    -0.013120133    -0.065657917     -0.79779531
           0.13          -0.084           0.076     -0.89628732     -0.02584901    -0.075147802     -0.79675672
           0.13           -0.08           0.076     -0.84662803    -0.040239888    -0.082242479     -0.79539635
           0.13          -0.076           0.076     -0.78567196    -0.055057945    -0.085296183     -0.79375569
           0.13          -0.072           0.076     -0.71388213    -0.069252329    -0.083501307     -0.79183145
           0.13          -0.068           0.076     -0.63087176    -0.082315206    -0.077466066     -0.78950129
           0.13          -0.064           0.076     -0.53732192    -0.094109144    -0.069226332     -0.78691538
           0.13           -0.06           0.076     -0.43725463     -0.10470192    -0.061005871     -0.78431101
           0.13          -0.056           0.076     -0.33665861     -0.11426671    -0.054054831     -0.78164015
           0.13          -0.052           0.076     -0.24079032     -0.12242471    -0.048361308     -0.77872906
           0.13          -0.048           0.076     -0.15255684     -0.12808813    -0.043094441     -0.77549731
           0.13          -0.044           0.076    -0.072381641     -0.12993077    -0.037342294      -0.7720689
           0.13           -0.04           0.076   0.00092758276     -0.12702843    -0.030654582     -0.76885155
           0.13          -0.036           0.076     0.069033648     -0.11961801    -0.023550202     -0.76645104
           0.13          -0.032           0.076      0.13335595     -0.10952588    -0.017778861     -0.76534589
           0.13          -0.028           0.076      0.19565497    -0.099294986    -0.015467449     -0.76565416
           0.13          -0.024           0.076      0.25872616    -0.090703259    -0.017819039     -0.76730415
           0.13           -0.02           0.076      0.32418097    -0.084242477    -0.024670787     -0.77028335
           0.13          -0.016           0.076      0.38804741    -0.079478481    -0.034725499     -0.77469687
           0.13          -0.012           0.076      0.44097337    -0.075649996    -0.046269112     -0.78068801
           0.13          -0.008           0.076      0.47255366    -0.071775126    -0.058031027     -0.78815115
           0.13          -0.004           0.076      0.47254871    -0.066476253    -0.069093665     -0.79642376
           0.13               0           0.076      0.43296409    -0.058039408    -0.078209454     -0.80441452
           0.13           0.004           0.076      0.35330773    -0.045449914    -0.083478967     -0.81109687
           0.13           0.008           0.076       0.2433478    -0.031209037    -0.082866606     -0.81635016
           0.13           0.012           0.076      0.12509777    -0.021891099    -0.075686646     -0.82054822
           0.13           0.016           0.076     0.022301494     -0.02132375    -0.064739178     -0.82311301
           0.13            0.02           0.076    -0.058390626    -0.027397877    -0.053871138     -0.82375155
           0.13           0.024           0.076     -0.12321962    -0.037110621    -0.043859184      -0.8234539
           0.13           0.028           0.076     -0.17820036    -0.049134008    -0.033668881     -0.82302309
           0.13           0.032           0.076     -0.22745711    -0.062971774    -0.022525201      -0.8226434
           0.13           0.036           0.076     -0.27406802    -0.078055589    -0.010311069     -0.82233676
           0.13            0.04           0.076     -0.32027035    -0.093618673    0.0024737236     -0.82207319
           0.13           0.044           0.076     -0.36758851     -0.10871939     0.014978144      -0.8217493
           0.13           0.048           0.076     -0.41702325     -0.12228245     0.026301068     -0.82122945
           0.13           0.052           0.076     -0.46896071     -0.13323733     0.035692023     -0.82038639
           0.13           0.056           0.076     -0.52302298     -0.14070141     0.042713139     -0.81910017
           0.13            0.06           0.076     -0.57811366     -0.14410589     0.047375209     -0.81727986
           0.13           0.064           0.076     -0.63250773     -0.14327237     0.050160563     -0.81492097
           0.13           0.068           0.076     -0.68397345     -0.13842919     0.051969407      -0.8121492
           0.13           0.072           0.076     -0.72994237     -0.13005417     0.054013991     -0.80917494
           0.13           0.076           0.076     -0.76774821     -0.11857302     0.057559314     -0.80624724
           0.13            0.08           0.076     -0.79474145     -0.10417274     0.063617697      -0.8036437
           0.13           0.084           0.076      -0.8083385    -0.086755958      0.07270248     -0.80162834
           0.13           0.088           0.076     -0.80590739    -0.066381312     0.084574356     -0.80052104
           0.13           0.092           0.076      -0.7832192     -0.04331617     0.097701983     -0.80029244
           0.13           0.096           0.076     -0.72247723    -0.020073292      0.10779272     -0.80093784
           0.13             0.1           0.076               0               0               0     -0.80153467
           0.13          -0.096            0.08     -0.97083696  -0.00037813062     -0.04966816     -0.79645638
           0.13            -0.1            0.08               0               0               0     -0.79669207
           0.13          -0.092            0.08      -1.0051412   -0.0060337005     -0.05335872      -0.7958588
           0.13          -0.088            0.08      -0.9822983    -0.014801201    -0.059242372     -0.79502315
           0.13          -0.084            0.08     -0.94100623    -0.026168336    -0.065514909     -0.79390784
           0.13           -0.08            0.08     -0.88801911    -0.039293573    -0.070170178     -0.79246692
           0.13          -0.076            0.08      -0.8245365    -0.053129448    -0.071545584     -0.79080441
           0.13          -0.072            0.08     -0.75124799    -0.066545644     -0.06871573     -0.78901652
           0.13          -0.068            0.08     -0.66902564    -0.078659445    -0.061947401     -0.78701233
           0.13          -0.064            0.08     -0.57908688    -0.089168439    -0.053073788     -0.78472627
           0.13           -0.06            0.08     -0.48423473    -0.098279079    -0.044625331     -0.78225166
           0.13          -0.056            0.08     -0.38874536     -0.10638506    -0.038444598     -0.77960308
           0.13          -0.052            0.08     -0.29654895      -0.1135595    -0.034979438     -0.77668443
           0.13          -0.048            0.08     -0.20988757     -0.11915251    -0.033448259     -0.77346861
           0.13          -0.044            0.08     -0.12902255     -0.12199952    -0.032515168     -0.77009141
           0.13           -0.04            0.08     -0.05268158     -0.12101189    -0.030878133     -0.76693432
           0.13          -0.036            0.08     0.021061985     -0.11593625    -0.027764813     -0.76458904
           0.13          -0.032            0.08     0.093795495     -0.10800304    -0.023871777     -0.76354597
           0.13          -0.028            0.08      0.16677349    -0.099511132    -0.021398378     -0.76392984
           0.13          -0.024            0.08      0.24121609     -0.09225952    -0.022366136     -0.76568962
           0.13           -0.02            0.08      0.31632796    -0.086827884    -0.027286929     -0.76889207
           0.13          -0.016            0.08      0.38615571    -0.082936446    -0.035094558      -0.7736859
           0.13          -0.012            0.08      0.44123331    -0.079983085    -0.044121619     -0.78016257
           0.13          -0.008            0.08      0.47192834    -0.077124135    -0.053166296     -0.78816274
           0.13          -0.004            0.08      0.46827942    -0.072947287    -0.061454539     -0.79696381
           0.13               0            0.08      0.42262026    -0.065521158    -0.068064392     -0.80532533
           0.13           0.004            0.08      0.33467772    -0.053423401    -0.071544784     -0.81206189
           0.13           0.008            0.08      0.21438379    -0.038680237    -0.070116312     -0.81699808
           0.13           0.012            0.08     0.086637945    -0.028280856    -0.063014666     -0.82057215
           0.13           0.016            0.08    -0.020845703    -0.026604112    -0.052803374     -0.82233416
           0.13            0.02            0.08      -0.1019741    -0.031395621    -0.043018198      -0.8221801
           0.13           0.024            0.08     -0.16554682    -0.039471222    -0.034186504     -0.82124757
           0.13           0.028            0.08     -0.21854523    -0.049435358    -0.025211563      -0.8203516
           0.13           0.032            0.08     -0.26557327    -0.060857539    -0.015365475     -0.81966985
           0.13           0.036            0.08     -0.31009994    -0.073263558   -0.0046331281     -0.81921307
           0.13            0.04            0.08     -0.35468212     -0.08602058    0.0063711866     -0.81890774
           0.13           0.044            0.08     -0.40114287     -0.09833025     0.016735843     -0.81862219
           0.13           0.048            0.08     -0.45065306     -0.10929165     0.025560075     -0.81821443
           0.13           0.052            0.08     -0.50362629     -0.11805514     0.032168079     -0.81755024
           0.13           0.056            0.08     -0.55970905     -0.12396317     0.036294703     -0.81650986
           0.13            0.06            0.08     -0.61783306     -0.12663625     0.038180024      -0.8150114
           0.13           0.064            0.08     -0.67628762     -0.12601536     0.038538904      -0.8130475
           0.13           0.068            0.08     -0.73284288      -0.1223384     0.038431006     -0.81070857
           0.13           0.072            0.08     -0.78494218     -0.11599241     0.039060895     -0.80815677
           0.13           0.076            0.08     -0.82993389     -0.10727581      0.04151535     -0.80559111
           0.13            0.08            0.08     -0.86517774    -0.096225791     0.046553253     -0.80323645
           0.13           0.084            0.08     -0.88784403    -0.082499026     0.054532378     -0.80131224
           0.13           0.088            0.08     -0.89412729    -0.065731275     0.065380587     -0.80012663
           0.13           0.092            0.08     -0.87698607    -0.045323987     0.078196319     -0.79965895
           0.13           0.096            0.08     -0.81393302     -0.02295459     0.089784033     -0.80014017
           0.13             0.1            0.08               0               0               0     -0.80073257
           0.13          -0.096           0.084      -1.0092326   -0.0044181585    -0.048062043     -0.79402324
           0.13            -0.1           0.084               0               0               0      -0.7941256
           0.13          -0.092           0.084      -1.0420408    -0.011356608     -0.04939627     -0.79362569
           0.13          -0.088           0.084      -1.0154524    -0.020235022    -0.052593844     -0.79286957
           0.13          -0.084           0.084     -0.97100405     -0.03105909    -0.056106863     -0.79177927
           0.13           -0.08           0.084     -0.91538913    -0.043416338    -0.058304055     -0.79039669
           0.13          -0.076           0.084     -0.84984207    -0.056473169    -0.057860378     -0.78883326
           0.13          -0.072           0.084     -0.77521496    -0.069169448    -0.054105013     -0.78718914
           0.13          -0.068           0.084     -0.69319111    -0.080440148    -0.047194723     -0.78544575
           0.13          -0.064           0.084     -0.60604478     -0.08971182    -0.038450342     -0.78350872
           0.13           -0.06           0.084     -0.51640981    -0.097132745    -0.030098938      -0.7813195
           0.13          -0.056           0.084     -0.42707645     -0.10329722    -0.024156226     -0.77881015
           0.13          -0.052           0.084     -0.34021929     -0.10871303    -0.021487664     -0.77591319
           0.13          -0.048           0.084     -0.25677981     -0.11324174    -0.021732127     -0.77265238
           0.13          -0.044           0.084     -0.17628453     -0.11607189    -0.023721138     -0.76917618
           0.13           -0.04           0.084    -0.097081485     -0.11606619    -0.025902178     -0.76584662
           0.13          -0.036           0.084    -0.017148511     -0.11261057    -0.026650219     -0.76329804
           0.13          -0.032           0.084     0.064404816     -0.10632386    -0.025377301     -0.76211565
           0.13          -0.028           0.084      0.14719692    -0.099232295    -0.023739317     -0.76246306
           0.13          -0.024           0.084      0.23058412    -0.093307234    -0.024212521     -0.76429031
           0.13           -0.02           0.084      0.31213694    -0.089118605    -0.027802843     -0.76767266
           0.13          -0.016           0.084      0.38543007    -0.086353171    -0.033650508     -0.77276227
           0.13          -0.012           0.084      0.44176142    -0.084469708    -0.040181786      -0.7796427
           0.13          -0.008           0.084      0.47182687    -0.082648529    -0.046380768     -0.78811518
           0.13          -0.004           0.084      0.46577562    -0.079430033    -0.051803438     -0.79738882
           0.13   3.6346636e-19           0.084       0.4164833     -0.07280811     -0.05599743     -0.80612688
           0.13           0.004           0.084      0.32357203     -0.06101255    -0.058051269     -0.81297261
           0.13           0.008           0.084      0.19625018    -0.045354929    -0.056467296     -0.81757184
           0.13           0.012           0.084     0.060444367    -0.032811826    -0.050153912     -0.82044934
           0.13           0.016           0.084    -0.052483093    -0.028999598    -0.041204596     -0.82144065
           0.13            0.02           0.084     -0.13530027    -0.032113162      -0.0328837     -0.82066156
           0.13           0.024           0.084     -0.19848216    -0.038390211    -0.025614652     -0.81927376
           0.13           0.028           0.084     -0.24986166    -0.046219706    -0.018280901     -0.81803094
           0.13           0.032           0.084     -0.29460357    -0.055180222    -0.010089654     -0.81712925
           0.13           0.036           0.084     -0.33665375    -0.064910749   -0.0010522096     -0.81658245
           0.13            0.04           0.084     -0.37898871    -0.074929848    0.0081338794     -0.81628378
           0.13           0.044           0.084      -0.4237478     -0.08457588     0.016487784     -0.81607134
           0.13           0.048           0.084     -0.47227055    -0.093110909     0.023094528     -0.81578148
           0.13           0.052           0.084      -0.5250971    -0.099882379     0.027343669     -0.81526204
           0.13           0.056           0.084     -0.58204232     -0.10441316      0.02911273      -0.8143946
           0.13            0.06           0.084     -0.64221865     -0.10645544     0.028821039     -0.81311467
           0.13           0.064           0.084     -0.70402557      -0.1060146     0.027351948     -0.81143081
           0.13           0.068           0.084     -0.76519673     -0.10332079     0.025858016     -0.80943142
           0.13           0.072           0.084     -0.82300689     -0.09869962     0.025486548     -0.80725657
           0.13           0.076           0.084     -0.87462764    -0.092373265     0.027118458       -0.805063
           0.13            0.08           0.084     -0.91738034    -0.084317828     0.031239229     -0.80300991
           0.13           0.084           0.084     -0.94849084    -0.074121956     0.037979168     -0.80123665
           0.13           0.088           0.084     -0.96387087    -0.061238614     0.047222611     -0.79999121
           0.13           0.092           0.084      -0.9549134    -0.044349486      0.05844906      -0.7992528
           0.13           0.096           0.084     -0.89490944    -0.024119125     0.069311222      -0.7994905
           0.13             0.1           0.084               0               0               0     -0.80002279
           0.13          -0.096           0.088      -1.0270879   -0.0091939813     -0.04263645     -0.79213654
           0.13            -0.1           0.088               0               0               0     -0.79208592
           0.13          -0.092           0.088       -1.061032    -0.018136839    -0.043439379     -0.79194915
           0.13          -0.088           0.088      -1.0322311    -0.028260235    -0.044944171     -0.79130778
           0.13          -0.084           0.088     -0.98491815    -0.039653142    -0.046221127     -0.79035767
           0.13           -0.08           0.088     -0.92673375    -0.052079562    -0.046244798     -0.78917628
           0.13          -0.076           0.088      -0.8594911    -0.064803118    -0.044182737      -0.7878514
           0.13          -0.072           0.088     -0.78444586     -0.07685365    -0.039740217     -0.78642313
           0.13          -0.068           0.088     -0.70361737     -0.08724377    -0.033180166     -0.78487287
           0.13          -0.064           0.088     -0.61969244    -0.095321709    -0.025429341      -0.7831475
           0.13           -0.06           0.088     -0.53534746     -0.10109392    -0.018045582     -0.78116907
           0.13          -0.056           0.088     -0.45251941     -0.10521998    -0.012621638     -0.77881584
           0.13          -0.052           0.088      -0.3719985     -0.10847492    -0.010111112     -0.77600345
           0.13          -0.048           0.088     -0.29339495     -0.11116386    -0.010597844     -0.77276001
           0.13          -0.044           0.088     -0.21517943     -0.11293728    -0.013426589     -0.76920966
           0.13           -0.04           0.088     -0.13491267     -0.11280626    -0.017470724     -0.76565534
           0.13          -0.036           0.088    -0.050180719     -0.10988888    -0.021182304     -0.76275395
           0.13          -0.032           0.088     0.039120924     -0.10440858    -0.022968032     -0.76122516
           0.13          -0.028           0.088      0.13002862    -0.098096425    -0.023104933     -0.76137162
           0.13          -0.024           0.088      0.21962597    -0.093124969    -0.023777338     -0.76317541
           0.13           -0.02           0.088      0.30502321    -0.090217325    -0.026388501     -0.76665317
           0.13          -0.016           0.088        0.380572    -0.088797238    -0.030423779     -0.77193429
           0.13          -0.012           0.088      0.43817812     -0.08814397    -0.034532513      -0.7791068
           0.13          -0.008           0.088      0.46844949    -0.087339179    -0.037975762     -0.78793278
           0.13          -0.004           0.088      0.46221826    -0.084928494    -0.040734909     -0.79757764
           0.13               0           0.088      0.41311075    -0.079033806    -0.042821692     -0.80669098
           0.13           0.004           0.088      0.31992952    -0.067707524    -0.043828662     -0.81376255
           0.13           0.008           0.088      0.18975926    -0.051130541    -0.042661239     -0.81812187
           0.13           0.012           0.088     0.046759047    -0.035516671    -0.037732232     -0.82033541
           0.13           0.016           0.088    -0.073795341    -0.028588359    -0.030250405      -0.8206617
           0.13            0.02           0.088     -0.16030218    -0.029827089    -0.023498878     -0.81944356
           0.13           0.024           0.088     -0.22406344    -0.034385999    -0.018143776     -0.81773271
           0.13           0.028           0.088     -0.27407693    -0.040224103    -0.012872875     -0.81618625
           0.13           0.032           0.088     -0.31627793     -0.04686766   -0.0066689646     -0.81505899
           0.13           0.036           0.088     -0.35527672    -0.054071963    0.0005197177      -0.8144016
           0.13            0.04           0.088     -0.39460736    -0.061513673    0.0079067895     -0.81408541
           0.13           0.044           0.088     -0.43676104     -0.06864234     0.014412828     -0.81391665
           0.13           0.048           0.088     -0.48325717    -0.074855356      0.01911118      -0.8137133
           0.13           0.052           0.088      -0.5348211    -0.079694787     0.021455341     -0.81330219
           0.13           0.056           0.088     -0.59155573    -0.082871683       0.0214434     -0.81256075
           0.13            0.06           0.088     -0.65290571    -0.084271787     0.019623132     -0.81143704
           0.13           0.064           0.088     -0.71748026    -0.083965809     0.016979936      -0.8099556
           0.13           0.068           0.088     -0.78292692    -0.082190347     0.014683249     -0.80821668
           0.13           0.072           0.088     -0.84612901    -0.079208505     0.013759315     -0.80635503
           0.13           0.076           0.088      -0.9038009     -0.07510716     0.014867495     -0.80449765
           0.13            0.08           0.088      -0.9530477    -0.069724667     0.018243947     -0.80275844
           0.13           0.084           0.088     -0.99123881    -0.062605485     0.023784793     -0.80121488
           0.13           0.088           0.088      -1.0145936    -0.053232081     0.031183159     -0.80002466
           0.13           0.092           0.088      -1.0141145    -0.040040038     0.039973273     -0.79912545
           0.13           0.096           0.088     -0.95962781    -0.022991908     0.048157287     -0.79910067
           0.13             0.1           0.088               0               0               0     -0.79950173
           0.13          -0.096           0.092      -1.0181144    -0.013022024    -0.032250887     -0.79067941
           0.13            -0.1           0.092               0               0               0     -0.79055149
           0.13          -0.092           0.092      -1.0566339    -0.025085919    -0.033865297     -0.79061861
           0.13          -0.088           0.092      -1.0261698    -0.037778874    -0.034403946     -0.79013587
           0.13          -0.084           0.092     -0.97588432    -0.050977829    -0.034120863     -0.78943477
           0.13           -0.08           0.092     -0.91535135    -0.064373652    -0.032733043     -0.78855307
           0.13          -0.076           0.092     -0.84725409    -0.077202584    -0.029904959     -0.78754202
           0.13          -0.072           0.092     -0.77346351    -0.088617602    -0.025627736     -0.78638621
           0.13          -0.068           0.092     -0.69630138    -0.097858304    -0.020208547     -0.78503507
           0.13          -0.064           0.092     -0.61819056     -0.10449532    -0.014238068     -0.78342637
           0.13           -0.06           0.092     -0.54117194     -0.10858174    -0.008570873     -0.78150081
           0.13          -0.056           0.092      -0.4664307     -0.11068322   -0.0041670288     -0.77919283
           0.13          -0.052           0.092     -0.39387311     -0.11157796   -0.0017768123      -0.7764441
           0.13          -0.048           0.092     -0.32213239     -0.11186082   -0.0016944402     -0.77328853
           0.13          -0.044           0.092     -0.24875899     -0.11165881    -0.003804459     -0.76983121
           0.13           -0.04           0.092     -0.17050914     -0.11029351   -0.0078757089      -0.7662546
           0.13          -0.036           0.092    -0.084413707      -0.1067009    -0.013379694     -0.76306127
           0.13          -0.032           0.092    0.0094903826     -0.10098535    -0.018283386     -0.76101536
           0.13          -0.028           0.092      0.10622625     -0.09477661    -0.020561356     -0.76072512
           0.13          -0.024           0.092      0.20033315     -0.09053507    -0.021228018       -0.762357
           0.13           -0.02           0.092      0.28809285    -0.089062435    -0.022306243     -0.76580411
           0.13          -0.016           0.092      0.36457624    -0.089053567     -0.02409254     -0.77109727
           0.13          -0.012           0.092      0.42285185    -0.089499132    -0.025839857      -0.7783717
           0.13          -0.008           0.092      0.45434585    -0.089532753    -0.027021819      -0.7873855
           0.13          -0.004           0.092      0.45117309    -0.087791098    -0.027800648     -0.79725537
           0.13               0           0.092        0.407989    -0.082702166    -0.028501746     -0.80670757
           0.13           0.004           0.092      0.32221225    -0.072598212    -0.029077257     -0.81421724
           0.13           0.008           0.092       0.1963774    -0.056151215     -0.02893927     -0.81865513
           0.13           0.012           0.092     0.047433003    -0.036984339    -0.026047846      -0.8203978
           0.13           0.016           0.092    -0.084713462    -0.025685904    -0.019973763     -0.82020047
           0.13            0.02           0.092     -0.17782077     -0.02466912    -0.014462481     -0.81866272
           0.13           0.024           0.092     -0.24317375    -0.027510984    -0.011198094     -0.81666291
           0.13           0.028           0.092      -0.2920333    -0.031496052   -0.0083170113     -0.81478376
           0.13           0.032           0.092     -0.33122557     -0.03602774   -0.0044533309     -0.81336701
           0.13           0.036           0.092     -0.36629698    -0.040928619   0.00055763426     -0.81256674
           0.13            0.04           0.092     -0.40160064    -0.046021887    0.0059331855     -0.81221103
           0.13           0.044           0.092     -0.44006547    -0.050779827     0.010589225     -0.81203562
           0.13           0.048           0.092     -0.48334724    -0.054678866     0.013595717      -0.8118749
           0.13           0.052           0.092     -0.53233981    -0.057519098     0.014483506     -0.81155259
           0.13           0.056           0.092     -0.58754445     -0.05929548     0.013350972     -0.81093953
           0.13            0.06           0.092     -0.64889905    -0.060108573     0.010813142     -0.80998176
           0.13           0.064           0.092     -0.71532448    -0.060144229    0.0078436047       -0.808704
           0.13           0.068           0.092     -0.78436072    -0.059652663    0.0055019056     -0.80719187
           0.13           0.072           0.092     -0.85232282    -0.058747618    0.0045728122     -0.80555306
           0.13           0.076           0.092     -0.91528602    -0.057203824    0.0054251946     -0.80390998
           0.13            0.08           0.092     -0.96991631    -0.054533593    0.0081087941     -0.80238158
           0.13           0.084           0.092      -1.0134475    -0.050115862     0.012414272     -0.80103612
           0.13           0.088           0.092      -1.0422718    -0.043505122     0.017908685     -0.79997735
           0.13           0.092           0.092      -1.0472365    -0.033349137     0.023947768     -0.79910823
           0.13           0.096           0.092      -0.9954387    -0.019599485     0.028453418     -0.79893142
           0.13             0.1           0.092               0               0               0     -0.79918723
           0.13          -0.096           0.096     -0.94515377     -0.01424639    -0.017943455     -0.79012362
           0.13            -0.1           0.096               0               0               0     -0.78997171
           0.13          -0.092           0.096     -0.99775209    -0.030366275    -0.020172795     -0.79014337
           0.13          -0.088           0.096     -0.96639903     -0.04696806    -0.020227914     -0.78982632
           0.13          -0.084           0.096     -0.91455208    -0.062781984    -0.019276251      -0.7893369
           0.13           -0.08           0.096       -0.854128     -0.07737148    -0.017565237     -0.78865501
           0.13          -0.076           0.096     -0.78832895    -0.090016339    -0.015204629     -0.78781129
           0.13          -0.072           0.096     -0.71945124     -0.10020981     -0.01225658      -0.7867638
           0.13          -0.068           0.096     -0.65001745     -0.10766857   -0.0089502302     -0.78545535
           0.13          -0.064           0.096     -0.58208774     -0.11237982   -0.0055110735     -0.78383722
           0.13           -0.06           0.096     -0.51697122     -0.11453267   -0.0021760123     -0.78187489
           0.13          -0.056           0.096     -0.45515749     -0.11459496   0.00063322701     -0.77953425
           0.13          -0.052           0.096     -0.39569809     -0.11317561    0.0023028254     -0.77681636
           0.13          -0.048           0.096     -0.33657761     -0.11082319    0.0028658033     -0.77378922
           0.13          -0.044           0.096      -0.2753643     -0.10785371    0.0024633819     -0.77054243
           0.13           -0.04           0.096     -0.20895429     -0.10392939   0.00048792092     -0.76713989
           0.13          -0.036           0.096     -0.13308493    -0.097738348   -0.0039484698     -0.76376046
           0.13          -0.032           0.096    -0.043958437    -0.089186972   -0.0096322948     -0.76109991
           0.13          -0.028           0.096     0.056493274    -0.081931739    -0.012877251     -0.76019387
           0.13          -0.024           0.096       0.1565145    -0.078699089    -0.013171617     -0.76156334
           0.13           -0.02           0.096      0.24615134    -0.078784896    -0.013345399     -0.76507917
           0.13          -0.016           0.096      0.32189752    -0.080559791    -0.014547057     -0.77057626
           0.13          -0.012           0.096      0.37918575    -0.082605209    -0.015481762     -0.77800919
           0.13          -0.008           0.096      0.41202818     -0.08391674    -0.015237649     -0.78707358
           0.13          -0.004           0.096      0.41463649     -0.08327407    -0.014714578     -0.79694168
           0.13               0           0.096      0.38351447    -0.079704034    -0.014233426     -0.80643649
           0.13           0.004           0.096      0.31620516    -0.072298443    -0.013862684     -0.81423791
           0.13           0.008           0.096      0.20986408    -0.059084828    -0.014498419     -0.81901921
           0.13           0.012           0.096     0.065397555    -0.038264655    -0.014473169     -0.82063743
           0.13           0.016           0.096    -0.078506292    -0.021401714     -0.01050227     -0.82009748
           0.13            0.02           0.096     -0.18003755    -0.016523379   -0.0063037724     -0.81837367
           0.13           0.024           0.096     -0.24681524    -0.016670665   -0.0053544655     -0.81623359
           0.13           0.028           0.096     -0.29527217    -0.018775702    -0.005176706     -0.81416706
           0.13           0.032           0.096     -0.33157971    -0.022262753   -0.0039156564      -0.8124948
           0.13           0.036           0.096     -0.36183831    -0.025956365  -0.00092258757     -0.81137372
           0.13            0.04           0.096     -0.39160353    -0.028939708    0.0028131156     -0.81070728
           0.13           0.044           0.096     -0.42441211    -0.030814355    0.0059395571     -0.81031666
           0.13           0.048           0.096     -0.46196657    -0.031631298    0.0075876675      -0.8100703
           0.13           0.052           0.096     -0.50525672    -0.031797867    0.0073848872     -0.80983369
           0.13           0.056           0.096     -0.55526364    -0.031932436    0.0056356157     -0.80945161
           0.13            0.06           0.096     -0.61258433    -0.032606254    0.0032412728     -0.80879583
           0.13           0.064           0.096     -0.67656089    -0.034058888    0.0010680476     -0.80781211
           0.13           0.068           0.096     -0.74500129    -0.036136275  -0.00037004296     -0.80653631
           0.13           0.072           0.096     -0.81366612    -0.038419004  -0.00085417407     -0.80506699
           0.13           0.076           0.096     -0.87788717    -0.040251917  -0.00029655782     -0.80353563
           0.13            0.08           0.096     -0.93392584    -0.040839201    0.0013695121     -0.80207488
           0.13           0.084           0.096     -0.97856712    -0.039278072    0.0040974377     -0.80076342
           0.13           0.088           0.096       -1.007574    -0.035009133    0.0075488384     -0.79971964
           0.13           0.092           0.096      -1.0091186    -0.026714046     0.011046919     -0.79888764
           0.13           0.096           0.096     -0.94145431    -0.015001389     0.012621039     -0.79865399
           0.13             0.1           0.096               0               0               0     -0.79882193
           0.13          -0.096             0.1               0               0               0     -0.79024462
           0.13            -0.1             0.1               0               0               0     -0.79007989
           0.13          -0.092             0.1               0               0               0     -0.79031162
           0.13          -0.088             0.1               0               0               0     -0.79007048
           0.13          -0.084             0.1               0               0               0     -0.78964257
           0.13           -0.08             0.1               0               0               0     -0.78899123
           0.13          -0.076             0.1               0               0               0     -0.78814717
           0.13          -0.072             0.1               0               0               0     -0.78706598
           0.13          -0.068             0.1               0               0               0     -0.78569765
           0.13          -0.064             0.1               0               0               0     -0.78401271
           0.13           -0.06             0.1               0               0               0     -0.78200087
           0.13          -0.056             0.1               0               0               0     -0.77963499
           0.13          -0.052             0.1               0               0               0     -0.77694637
           0.13          -0.048             0.1               0               0               0     -0.77400404
           0.13          -0.044             0.1               0               0               0     -0.77086878
           0.13           -0.04             0.1               0               0               0     -0.76755991
           0.13          -0.036             0.1               0               0               0     -0.76408349
           0.13          -0.032             0.1               0               0               0     -0.76109546
           0.13          -0.028             0.1               0               0               0     -0.75986004
           0.13          -0.024             0.1               0               0               0     -0.76110445
           0.13           -0.02             0.1               0               0               0     -0.76475336
           0.13          -0.016             0.1               0               0               0     -0.77051749
           0.13          -0.012             0.1               0               0               0     -0.77812239
           0.13          -0.008             0.1               0               0               0     -0.78718815
           0.13          -0.004             0.1               0               0               0     -0.79698063
           0.13               0             0.1               0               0               0     -0.80636174
           0.13           0.004             0.1               0               0               0     -0.81416758
           0.13           0.008             0.1               0               0               0     -0.81913311
           0.13           0.012             0.1               0               0               0     -0.82078303
           0.13           0.016             0.1               0               0               0     -0.82012897
           0.13            0.02             0.1               0               0               0     -0.81837011
           0.13           0.024             0.1               0               0               0     -0.81624275
           0.13           0.028             0.1               0               0               0      -0.8141704
           0.13           0.032             0.1               0               0               0     -0.81240503
           0.13           0.036             0.1               0               0               0     -0.81103242
           0.13            0.04             0.1               0               0               0     -0.81006665
           0.13           0.044             0.1               0               0               0     -0.80946953
           0.13           0.048             0.1               0               0               0     -0.80912277
           0.13           0.052             0.1               0               0               0      -0.8089271
           0.13           0.056             0.1               0               0               0     -0.80870366
           0.13            0.06             0.1               0               0               0     -0.80825473
           0.13           0.064             0.1               0               0               0     -0.80745204
           0.13           0.068             0.1               0               0               0     -0.80630312
           0.13           0.072             0.1               0               0               0     -0.80492287
           0.13           0.076             0.1               0               0               0     -0.80344151
           0.13            0.08             0.1               0               0               0      -0.8019871
           0.13           0.084             0.1               0               0               0     -0.80064231
           0.13           0.088             0.1               0               0               0     -0.79954807
           0.13           0.092             0.1               0               0               0     -0.79868967
           0.13           0.096             0.1               0               0               0     -0.79842428
           0.13             0.1             0.1               0               0               0      -0.7985643
